condsFile,Video,Photo,Name,Row,blocks.thisRepN,blocks.thisTrialN,blocks.thisN,blocks.thisIndex,presentations.thisRepN,presentations.thisTrialN,presentations.thisN,presentations.thisIndex,testing.thisRepN,testing.thisTrialN,testing.thisN,testing.thisIndex,advance_1.keys,advance_1.rt,currentCond,judgementResp.keys,judgementResp.rt,advance_2.keys,advance_2.rt,inputText,Accuracy,key_resp_3.keys,key_resp_3.rt,trim1,key_resp3_fin,rating_resp.keys,rating_resp.rt,end_key.keys,end_key.rt,participant,session,date,expName,psychopyVersion,frameRate,ACCURACY
FacesBlock2.xlsx,Aaron.mp4,Aaron.JPG,Aaron,18,0,1,1,1,0,11,11,3,,,,,,,0,2,1.502635693,,,,,,,0,0,,,,,11,1,2019_Mar_01_1401,FaceNameBlocked,3.0.0,60.09502669,
FacesBlock2.xlsx,Aaron.mp4,Aaron.JPG,Aaron,18,0,1,1,1,,,,,0,14,14,3,,,,,,,,david,0,"['d', 'a', 'v', 'i', 'd']","[7.1500510619953275, 7.733434447989566, 8.483435058995383, 8.68333340898971, 8.882746433984721]",[7.1500,7.15,2,1.218890611,,,11,1,2019_Mar_01_1401,FaceNameBlocked,3.0.0,60.09502669,0
FacesBlock1.xlsx,Adam.mp4,Adam.JPG,Adam,5,0,0,0,0,0,3,3,5,,,,,,,0,1,1.199856087,,,,,,,0,0,,,,,11,1,2019_Mar_01_1401,FaceNameBlocked,3.0.0,60.09502669,
FacesBlock1.xlsx,Adam.mp4,Adam.JPG,Adam,5,0,0,0,0,,,,,0,10,10,5,,,,,,,,joseph,0,"['j', 'o', 's', 'e', 'p', 'h']","[3.751321415998973, 4.134417110006325, 4.401319146010792, 4.734154986013891, 4.984423401998356, 5.350746829004493]",[3.7513,3.7513,1,0.319092256,,,11,1,2019_Mar_01_1401,FaceNameBlocked,3.0.0,60.09502669,0
FacesBlock4.xlsx,Alyssa.mp4,Alyssa.JPG,Alyssa,55,0,3,3,3,0,8,8,10,,,,,,,0,2,1.835635899,,,,,,,0,0,,,,,11,1,2019_Mar_01_1401,FaceNameBlocked,3.0.0,60.09502669,
FacesBlock4.xlsx,Alyssa.mp4,Alyssa.JPG,Alyssa,55,0,3,3,3,,,,,0,4,4,10,,,,,,,,,0,None,,0,0,1,0.552682119,,,11,1,2019_Mar_01_1401,FaceNameBlocked,3.0.0,60.09502669,
FacesBlock1.xlsx,Amanda.mp4,Amanda.JPG,Amanda,2,0,0,0,0,0,9,9,2,,,,,,,1,2,0.385832375,,,,,,,0,0,,,,,11,1,2019_Mar_01_1401,FaceNameBlocked,3.0.0,60.09502669,
FacesBlock1.xlsx,Amanda.mp4,Amanda.JPG,Amanda,2,0,0,0,0,,,,,0,14,14,2,,,,,,,,nicole,0,"['n', 'i', 'c', 'o', 'l', 'e', '1', 'backspace']","[2.7174792169826105, 2.8845523569907527, 3.1012045450042933, 3.2178030849900097, 3.584354803984752, 3.7001471779949497, 8.099551521998364, 9.181891988991993]",[2.7174,2.7174,1,0.568865035,,,11,1,2019_Mar_01_1401,FaceNameBlocked,3.0.0,60.09502669,0
FacesBlock4.xlsx,Andrew.mp4,Andrew.JPG,Andrew,51,0,3,3,3,0,13,13,6,,,,,,,0,1,1.003012534,,,,,,,0,0,,,,,11,1,2019_Mar_01_1401,FaceNameBlocked,3.0.0,60.09502669,
FacesBlock4.xlsx,Andrew.mp4,Andrew.JPG,Andrew,51,0,3,3,3,,,,,0,7,7,6,,,,,,,,andrew,1,"['a', 'n', 'd', 'r', 'e', 'w']","[4.317857638990972, 4.717926045996137, 4.85138050999376, 5.117826886998955, 5.284539676998975, 5.515742133982712]",[4.3178,4.3178,3,1.234470598,,,11,1,2019_Mar_01_1401,FaceNameBlocked,3.0.0,60.09502669,1
FacesBlock4.xlsx,Anna.mp4,Anna.JPG,Anna,47,0,3,3,3,0,12,12,2,,,,,,,1,2,1.019044904,,,,,,,0,0,,,,,11,1,2019_Mar_01_1401,FaceNameBlocked,3.0.0,60.09502669,
FacesBlock4.xlsx,Anna.mp4,Anna.JPG,Anna,47,0,3,3,3,,,,,0,8,8,2,,,,,,,,anna,1,"['a', 'n', 'n', 'a']","[1.4851932600140572, 1.7190269790007733, 1.8665994170005433, 1.9349965260189492]",[1.4851,1.4851,4,0.236008136,,,11,1,2019_Mar_01_1401,FaceNameBlocked,3.0.0,60.09502669,1
FacesBlock2.xlsx,Ashley.mp4,Ashley.JPG,Ashley,24,0,1,1,1,0,10,10,9,,,,,,,1,1,1.03561405,,,,,,,0,0,,,,,11,1,2019_Mar_01_1401,FaceNameBlocked,3.0.0,60.09502669,
FacesBlock2.xlsx,Ashley.mp4,Ashley.JPG,Ashley,24,0,1,1,1,,,,,0,12,12,9,,,,,,,,ashley,1,"['a', 'h', 'l', 'e', 'y', 'backspace', 'backspace', 'backspace', 'backspace', 's', 'h', 'l', 'e', 'y']","[1.56821328701335, 1.9005406000069343, 2.417881205008598, 2.5508425979933236, 2.767974264017539, 3.7661555180093274, 3.9162558810203336, 4.0827203759981785, 4.316754781000782, 4.967279475997202, 5.216859056992689, 5.766855218011187, 5.90001403199858, 6.199999606993515]",[1.5682,1.5682,3,0.335846133,,,11,1,2019_Mar_01_1401,FaceNameBlocked,3.0.0,60.09502669,1
FacesBlock1.xlsx,Bradley.mp4,Bradley.JPG,Bradley,14,0,0,0,0,0,12,12,14,,,,,,,1,1,0.486439406,,,,,,,0,0,,,,,11,1,2019_Mar_01_1401,FaceNameBlocked,3.0.0,60.09502669,
FacesBlock1.xlsx,Bradley.mp4,Bradley.JPG,Bradley,14,0,0,0,0,,,,,0,8,8,14,,,,,,,,bradley,1,"['b', 'r', 'a', 'd', 'l', 'e', 'y']","[1.5357519620156381, 1.78501872101333, 2.201875803992152, 2.5685335120069794, 3.417892607016256, 3.6349629889882635, 4.0679374120081775]",[1.5357,1.5357,4,0.485482178,,,11,1,2019_Mar_01_1401,FaceNameBlocked,3.0.0,60.09502669,1
FacesBlock4.xlsx,Brandon.mp4,Brandon.JPG,Brandon,56,0,3,3,3,0,5,5,11,,,,,,,1,1,1.535331251,,,,,,,0,0,,,,,11,1,2019_Mar_01_1401,FaceNameBlocked,3.0.0,60.09502669,
FacesBlock4.xlsx,Brandon.mp4,Brandon.JPG,Brandon,56,0,3,3,3,,,,,0,12,12,11,,,,,,,,andrew,0,"['a', 'n', 'd', 'r', 'e', 'w']","[3.6013953399960883, 3.8174990840198006, 4.0346047850034665, 4.30096602300182, 4.517393179005012, 4.734047934005503]",[3.6013,3.6013,3,0.385600287,,,11,1,2019_Mar_01_1401,FaceNameBlocked,3.0.0,60.09502669,0
FacesBlock4.xlsx,Brian.mp4,Brian.JPG,Brian,53,0,3,3,3,0,9,9,8,,,,,,,1,1,1.171131936,,,,,,,0,0,,,,,11,1,2019_Mar_01_1401,FaceNameBlocked,3.0.0,60.09502669,
FacesBlock4.xlsx,Brian.mp4,Brian.JPG,Brian,53,0,3,3,3,,,,,0,14,14,8,,,,,,,,brian,1,"['b', 'r', 'i', 'a', 'n']","[1.2344359539856669, 1.452015577990096, 1.768353847990511, 1.9352378039911855, 2.1181808410037775]",[1.2344,1.2344,4,1.135710319,,,11,1,2019_Mar_01_1401,FaceNameBlocked,3.0.0,60.09502669,1
FacesBlock4.xlsx,Brianna.mp4,Brianna.JPG,Brianna,48,0,3,3,3,0,0,0,3,,,,,,,1,2,1.519174059,,,,,,,0,0,,,,,11,1,2019_Mar_01_1401,FaceNameBlocked,3.0.0,60.09502669,
FacesBlock4.xlsx,Brianna.mp4,Brianna.JPG,Brianna,48,0,3,3,3,,,,,0,1,1,3,,,,,,,,michelle,0,"['m', 'i', 'c', 'h', 'e', 'l', 'l', 'e']","[2.3852549550065305, 2.5850572290073615, 2.851551980013028, 2.9848489710129797, 3.200820625992492, 3.5017804310191423, 3.6507381160045043, 3.8671232199994847]",[2.3852,2.3852,2,0.484950938,,,11,1,2019_Mar_01_1401,FaceNameBlocked,3.0.0,60.09502669,0
FacesBlock2.xlsx,Brittany.mp4,Brittany.JPG,Brittany,28,0,1,1,1,0,0,0,13,,,,,,,1,2,1.953125176,,,,,,,0,0,,,,,11,1,2019_Mar_01_1401,FaceNameBlocked,3.0.0,60.09502669,
FacesBlock2.xlsx,Brittany.mp4,Brittany.JPG,Brittany,28,0,1,1,1,,,,,0,3,3,13,,,,,,,,brittney,1,"['b', 'i', 'backspace', 'r', 'i', 't', 't', 'n', 'e', 'y']","[1.6349709980131593, 1.9018398750049528, 3.5673356500046793, 3.8681575559894554, 4.151330942986533, 4.384426206001081, 4.616966400004458, 4.834102377004456, 4.984303789009573, 5.183516254997812]",[1.6349,1.6349,4,0.502056104,,,11,1,2019_Mar_01_1401,FaceNameBlocked,3.0.0,60.09502669,1
FacesBlock4.xlsx,Caleb.mp4,Caleb.JPG,Caleb,59,0,3,3,3,0,11,11,14,,,,,,,0,1,1.035553436,,,,,,,0,0,,,,,11,1,2019_Mar_01_1401,FaceNameBlocked,3.0.0,60.09502669,
FacesBlock4.xlsx,Caleb.mp4,Caleb.JPG,Caleb,59,0,3,3,3,,,,,0,2,2,14,,,,,,,,caleb,1,"['c', 'a', 'l', 'e', 'b']","[3.3517608719994314, 3.7012577319983393, 3.9346413250023033, 4.251323566015344, 4.417377325997222]",[3.3517,3.3517,2,0.451636373,,,11,1,2019_Mar_01_1401,FaceNameBlocked,3.0.0,60.09502669,1
FacesBlock2.xlsx,Cody.mp4,Cody.JPG,Cody,23,0,1,1,1,0,8,8,8,,,,,,,0,1,1.919041043,,,,,,,0,0,,,,,11,1,2019_Mar_01_1401,FaceNameBlocked,3.0.0,60.09502669,
FacesBlock2.xlsx,Cody.mp4,Cody.JPG,Cody,23,0,1,1,1,,,,,0,10,10,8,,,,,,,,cody,1,"['c', 'o', 'd', 'y']","[4.584885151009075, 4.8182222039904445, 4.951324205991114, 5.217882392986212]",[4.5848,4.5848,4,0.902000192,,,11,1,2019_Mar_01_1401,FaceNameBlocked,3.0.0,60.09502669,1
FacesBlock3.xlsx,Courtney.mp4,Courtney.JPG,Courtney,42,0,2,2,2,0,6,6,12,,,,,,,1,2,1.419076222,,,,,,,0,0,,,,,11,1,2019_Mar_01_1401,FaceNameBlocked,3.0.0,60.09502669,
FacesBlock3.xlsx,Courtney.mp4,Courtney.JPG,Courtney,42,0,2,2,2,,,,,0,14,14,12,,,,,,,,courtney,1,"['c', 'o', 'u', 'r', 't', 'n', 'e', 'y']","[1.4351556950132363, 1.6682893070101272, 1.9346741790068336, 2.151271535025444, 2.684163707017433, 2.966908128000796, 3.083559557009721, 3.2510289390047546]",[1.4351,1.4351,4,0.316970154,,,11,1,2019_Mar_01_1401,FaceNameBlocked,3.0.0,60.09502669,1
FacesBlock3.xlsx,Daniel.mp4,Daniel.JPG,Daniel,30,0,2,2,2,0,2,2,0,,,,,,,1,1,1.003357986,,,,,,,0,0,,,,,11,1,2019_Mar_01_1401,FaceNameBlocked,3.0.0,60.09502669,
FacesBlock3.xlsx,Daniel.mp4,Daniel.JPG,Daniel,30,0,2,2,2,,,,,0,9,9,0,,,,,,,,tyle,0,"['t', 'y', 'l', 'e']","[9.116304641996976, 9.416429912991589, 9.716783143987413, 9.849500498996349]",[9.1163,9.1163,1,1.667561243,,,11,1,2019_Mar_01_1401,FaceNameBlocked,3.0.0,60.09502669,0
FacesBlock1.xlsx,Danielle.mp4,Danielle.JPG,Danielle,3,0,0,0,0,0,4,4,3,,,,,,,0,2,0.453625413,,,,,,,0,0,,,,,11,1,2019_Mar_01_1401,FaceNameBlocked,3.0.0,60.09502669,
FacesBlock1.xlsx,Danielle.mp4,Danielle.JPG,Danielle,3,0,0,0,0,,,,,0,5,5,3,,,,,,,,mary,0,"['m', 'a', 'r', 'y']","[3.617603393009631, 3.6510040330176707, 4.517600362014491, 4.633720926009119]",[3.6176,3.6176,1,2.168481799,,,11,1,2019_Mar_01_1401,FaceNameBlocked,3.0.0,60.09502669,0
FacesBlock2.xlsx,David.mp4,David.JPG,David,16,0,1,1,1,0,2,2,1,,,,,,,0,1,0.753552086,,,,,,,0,0,,,,,11,1,2019_Mar_01_1401,FaceNameBlocked,3.0.0,60.09502669,
FacesBlock2.xlsx,David.mp4,David.JPG,David,16,0,1,1,1,,,,,0,11,11,1,,,,,,,,david,1,"['d', 'a', 'v', 'i', 'i', 'd', 'backspace', 'backspace', 'd']","[6.982509084016783, 7.132910775020719, 7.483133211004315, 7.682931813003961, 7.7156802430108655, 7.949504714022623, 8.732106890005525, 8.948597320006229, 9.280493146012304]",[6.9825,6.9825,1,1.635210697,,,11,1,2019_Mar_01_1401,FaceNameBlocked,3.0.0,60.09502669,1
FacesBlock4.xlsx,Dylan.mp4,Dylan.JPG,Dylan,50,0,3,3,3,0,7,7,5,,,,,,,1,1,1.903096645,,,,,,,0,0,,,,,11,1,2019_Mar_01_1401,FaceNameBlocked,3.0.0,60.09502669,
FacesBlock4.xlsx,Dylan.mp4,Dylan.JPG,Dylan,50,0,3,3,3,,,,,0,0,0,5,,,,,,space,5.75210489,,0,None,,0,0,1,0.852205559,,,11,1,2019_Mar_01_1401,FaceNameBlocked,3.0.0,60.09502669,
FacesBlock4.xlsx,Emily.mp4,Emily.JPG,Emily,57,0,3,3,3,0,2,2,12,,,,,,,0,2,1.286024087,,,,,,,0,0,,,,,11,1,2019_Mar_01_1401,FaceNameBlocked,3.0.0,60.09502669,
FacesBlock4.xlsx,Emily.mp4,Emily.JPG,Emily,57,0,3,3,3,,,,,0,13,13,12,,,,,,,,,0,None,,0,0,1,0.983195893,,,11,1,2019_Mar_01_1401,FaceNameBlocked,3.0.0,60.09502669,
FacesBlock1.xlsx,Eric.mp4,Eric.JPG,Eric,0,0,0,0,0,0,5,5,0,,,,,,,1,1,0.719305891,,,,,,,0,0,,,,,11,1,2019_Mar_01_1401,FaceNameBlocked,3.0.0,60.09502669,
FacesBlock1.xlsx,Eric.mp4,Eric.JPG,Eric,0,0,0,0,0,,,,,0,0,0,0,,,,,,space,19.59460854,adam,0,"['a', 'd', 'a', 'm']","[6.517246797011467, 6.783663322014036, 6.900403805018868, 7.433420100016519]",[6.5172,6.5172,1,1.635361395,,,11,1,2019_Mar_01_1401,FaceNameBlocked,3.0.0,60.09502669,0
FacesBlock1.xlsx,Ethan.mp4,Ethan.JPG,Ethan,11,0,0,0,0,0,8,8,11,,,,,,,1,1,0.569456873,,,,,,,0,0,,,,,11,1,2019_Mar_01_1401,FaceNameBlocked,3.0.0,60.09502669,
FacesBlock1.xlsx,Ethan.mp4,Ethan.JPG,Ethan,11,0,0,0,0,,,,,0,1,1,11,,,,,,,,,0,None,,0,0,1,2.484200769,,,11,1,2019_Mar_01_1401,FaceNameBlocked,3.0.0,60.09502669,
FacesBlock4.xlsx,Grace.mp4,Grace.JPG,Grace,58,0,3,3,3,0,14,14,13,,,,,,,0,2,1.96861977,,,,,,,0,0,,,,,11,1,2019_Mar_01_1401,FaceNameBlocked,3.0.0,60.09502669,
FacesBlock4.xlsx,Grace.mp4,Grace.JPG,Grace,58,0,3,3,3,,,,,0,11,11,13,,,,,,,,,0,None,,0,0,1,1.084540922,,,11,1,2019_Mar_01_1401,FaceNameBlocked,3.0.0,60.09502669,
FacesBlock2.xlsx,Haley.mp4,Haley.JPG,Haley,20,0,1,1,1,0,1,1,5,,,,,,,1,2,1.119254113,,,,,,,0,0,,,,,11,1,2019_Mar_01_1401,FaceNameBlocked,3.0.0,60.09502669,
FacesBlock2.xlsx,Haley.mp4,Haley.JPG,Haley,20,0,1,1,1,,,,,0,4,4,5,,,,,,,,haley,1,"['h', 'a', 'l', 'e', 'y']","[1.185184247995494, 1.4162512029870413, 1.6018070389982313, 1.8179681269975845, 1.9349636810075026]",[1.1851,1.1851,4,0.452428257,,,11,1,2019_Mar_01_1401,FaceNameBlocked,3.0.0,60.09502669,1
FacesBlock1.xlsx,Hannah.mp4,Hannah.JPG,Hannah,1,0,0,0,0,0,6,6,1,,,,,,,0,2,0.336068494,,,,,,,0,0,,,,,11,1,2019_Mar_01_1401,FaceNameBlocked,3.0.0,60.09502669,
FacesBlock1.xlsx,Hannah.mp4,Hannah.JPG,Hannah,1,0,0,0,0,,,,,0,13,13,1,,,,,,,,susan,0,"['s', 'u', 's', 'a', 'n']","[8.383535544999177, 8.56683022598736, 8.749851745989872, 9.316141908988357, 9.533326862991089]",[8.3835,8.3835,1,1.335036636,,,11,1,2019_Mar_01_1401,FaceNameBlocked,3.0.0,60.09502669,0
FacesBlock2.xlsx,Heather.mp4,Heather.JPG,Heather,26,0,1,1,1,0,9,9,11,,,,,,,0,2,1.319441523,,,,,,,0,0,,,,,11,1,2019_Mar_01_1401,FaceNameBlocked,3.0.0,60.09502669,
FacesBlock2.xlsx,Heather.mp4,Heather.JPG,Heather,26,0,1,1,1,,,,,0,5,5,11,,,,,,,,heather,1,"['h', 'e', 'a', 't', 'h', 'e', 'r']","[1.9518509499903303, 2.1998182259849273, 2.5680367540044244, 3.050976479978999, 3.2180602779844776, 3.484615188004682, 3.684526614990318]",[1.9518,1.9518,4,0.502442679,,,11,1,2019_Mar_01_1401,FaceNameBlocked,3.0.0,60.09502669,1
FacesBlock3.xlsx,Jacob.mp4,Jacob.JPG,Jacob,39,0,2,2,2,0,4,4,9,,,,,,,1,1,0.602681377,,,,,,,0,0,,,,,11,1,2019_Mar_01_1401,FaceNameBlocked,3.0.0,60.09502669,
FacesBlock3.xlsx,Jacob.mp4,Jacob.JPG,Jacob,39,0,2,2,2,,,,,0,6,6,9,,,,,,,,noah,0,"['n', 'o', 'a', 'h']","[2.085029787995154, 2.3349092709831893, 2.5011537070095073, 3.3844650230021216]",[2.0850,2.085,3,1.668699335,,,11,1,2019_Mar_01_1401,FaceNameBlocked,3.0.0,60.09502669,0
FacesBlock4.xlsx,Jason.mp4,Jason.JPG,Jason,49,0,3,3,3,0,3,3,4,,,,,,,1,1,1.369491979,,,,,,,0,0,,,,,11,1,2019_Mar_01_1401,FaceNameBlocked,3.0.0,60.09502669,
FacesBlock4.xlsx,Jason.mp4,Jason.JPG,Jason,49,0,3,3,3,,,,,0,3,3,4,,,,,,,,andrew,0,"['a', 'n', 'd', 'r', 'e', 'w']","[4.401186899020104, 4.633536211011233, 4.866593084007036, 5.183500065992121, 5.383159804012394, 5.717278088006424]",[4.4011,4.4011,1,0.435461461,,,11,1,2019_Mar_01_1401,FaceNameBlocked,3.0.0,60.09502669,0
FacesBlock1.xlsx,Jenna.mp4,Jenna.JPG,Jenna,6,0,0,0,0,0,2,2,6,,,,,,,1,2,0.653108854,,,,,,,0,0,,,,,11,1,2019_Mar_01_1401,FaceNameBlocked,3.0.0,60.09502669,
FacesBlock1.xlsx,Jenna.mp4,Jenna.JPG,Jenna,6,0,0,0,0,,,,,0,11,11,6,,,,,,,,,0,None,,0,0,1,1.218895922,,,11,1,2019_Mar_01_1401,FaceNameBlocked,3.0.0,60.09502669,
FacesBlock2.xlsx,Jeremy.mp4,Jeremy.JPG,Jeremy,15,0,1,1,1,0,6,6,0,,,,,,,0,1,0.886742614,,,,,,,0,0,,,,,11,1,2019_Mar_01_1401,FaceNameBlocked,3.0.0,60.09502669,
FacesBlock2.xlsx,Jeremy.mp4,Jeremy.JPG,Jeremy,15,0,1,1,1,,,,,0,1,1,0,,,,,,,,trevor,0,"['t', 'r', 'e', 'v', 'o', 'r']","[5.66707445398788, 5.817565225006547, 6.017580532992724, 6.383682965999469, 7.014517295989208, 7.149758021987509]",[5.6670,5.667,1,0.551648071,,,11,1,2019_Mar_01_1401,FaceNameBlocked,3.0.0,60.09502669,0
FacesBlock1.xlsx,Jessica.mp4,Jessica.JPG,Jessica,8,0,0,0,0,0,11,11,8,,,,,,,1,2,0.33573691,,,,,,,0,0,,,,,11,1,2019_Mar_01_1401,FaceNameBlocked,3.0.0,60.09502669,
FacesBlock1.xlsx,Jessica.mp4,Jessica.JPG,Jessica,8,0,0,0,0,,,,,0,4,4,8,,,,,,,,hannah,0,"['h', 'a', 'n', 'n', 'a', 'h']","[5.916488665010547, 6.132773333985824, 6.449887930008117, 6.666304513986688, 6.799925169994822, 6.933032962988364]",[5.9164,5.9164,1,0.418777271,,,11,1,2019_Mar_01_1401,FaceNameBlocked,3.0.0,60.09502669,0
FacesBlock2.xlsx,Josh.mp4,Josh.JPG,Josh,19,0,1,1,1,0,14,14,4,,,,,,,1,1,1.818979349,,,,,,,0,0,,,,,11,1,2019_Mar_01_1401,FaceNameBlocked,3.0.0,60.09502669,
FacesBlock2.xlsx,Josh.mp4,Josh.JPG,Josh,19,0,1,1,1,,,,,0,2,2,4,,,,,,,,josh,1,"['j', 'o', 's', 'h']","[1.7019663390237838, 2.0517233360151295, 2.5680976470175665, 2.784700726013398]",[1.7019,1.7019,4,0.568882959,,,11,1,2019_Mar_01_1401,FaceNameBlocked,3.0.0,60.09502669,1
FacesBlock1.xlsx,Julia.mp4,Julia.JPG,Julia,13,0,0,0,0,0,0,0,13,,,,,,,0,2,1.769368124,,,,,,,0,0,,,,,11,1,2019_Mar_01_1401,FaceNameBlocked,3.0.0,60.09502669,
FacesBlock1.xlsx,Julia.mp4,Julia.JPG,Julia,13,0,0,0,0,,,,,0,3,3,13,,,,,,,,,0,None,,0,0,1,2.200823709,,,11,1,2019_Mar_01_1401,FaceNameBlocked,3.0.0,60.09502669,
FacesBlock2.xlsx,Justin.mp4,Justin.JPG,Justin,27,0,1,1,1,0,12,12,12,,,,,,,0,2,1.287096072,,,,,,,0,0,,,,,11,1,2019_Mar_01_1401,FaceNameBlocked,3.0.0,60.09502669,
FacesBlock2.xlsx,Justin.mp4,Justin.JPG,Justin,27,0,1,1,1,,,,,0,6,6,12,,,,,,,,justin,1,"['j', 'u', 's', 't', 'i', 'n']","[6.983136302005732, 7.216617578000296, 7.3830029490054585, 7.799718520982424, 7.932773737993557, 8.148812024999643]",[6.9831,6.9831,1,1.735178781,,,11,1,2019_Mar_01_1401,FaceNameBlocked,3.0.0,60.09502669,1
FacesBlock4.xlsx,Katie.mp4,Katie.JPG,Katie,54,0,3,3,3,0,10,10,9,,,,,,,0,2,2.402198431,,,,,,,0,0,,,,,11,1,2019_Mar_01_1401,FaceNameBlocked,3.0.0,60.09502669,
FacesBlock4.xlsx,Katie.mp4,Katie.JPG,Katie,54,0,3,3,3,,,,,0,6,6,9,,,,,,,,anna,0,"['a', 'n', 'n', 'a']","[2.835073457012186, 3.001774052012479, 3.1190074309997726, 3.235154115012847]",[2.8350,2.835,1,1.368299077,,,11,1,2019_Mar_01_1401,FaceNameBlocked,3.0.0,60.09502669,0
FacesBlock3.xlsx,Kayla.mp4,Kayla.JPG,Kayla,34,0,2,2,2,0,10,10,4,,,,,,,1,2,0.885857086,,,,,,,0,0,,,,,11,1,2019_Mar_01_1401,FaceNameBlocked,3.0.0,60.09502669,
FacesBlock3.xlsx,Kayla.mp4,Kayla.JPG,Kayla,34,0,2,2,2,,,,,0,2,2,4,,,,,,,,rebecca,0,"['r', 'e', 'b', 'e', 'c', 'c', 'a']","[4.751045740005793, 4.9173104370129295, 5.1674347080115695, 5.3178919659985695, 5.634262773004593, 5.88440485301544, 6.117791787022725]",[4.7510,4.751,1,1.102733188,,,11,1,2019_Mar_01_1401,FaceNameBlocked,3.0.0,60.09502669,0
FacesBlock1.xlsx,Kelsey.mp4,Kelsey.JPG,Kelsey,12,0,0,0,0,0,7,7,12,,,,,,,0,2,0.403281095,,,,,,,0,0,,,,,11,1,2019_Mar_01_1401,FaceNameBlocked,3.0.0,60.09502669,
FacesBlock1.xlsx,Kelsey.mp4,Kelsey.JPG,Kelsey,12,0,0,0,0,,,,,0,2,2,12,,,,,,,,megan,0,"['m', 'e', 'g', 'a', 'n']","[3.6851805380138103, 3.967952585022431, 4.435257906006882, 4.651138339017052, 4.818121912016068]",[3.6851,3.6851,1,0.668837692,,,11,1,2019_Mar_01_1401,FaceNameBlocked,3.0.0,60.09502669,0
FacesBlock3.xlsx,Kevin.mp4,Kevin.JPG,Kevin,41,0,2,2,2,0,5,5,11,,,,,,,0,1,2.034988324,,,,,,,0,0,,,,,11,1,2019_Mar_01_1401,FaceNameBlocked,3.0.0,60.09502669,
FacesBlock3.xlsx,Kevin.mp4,Kevin.JPG,Kevin,41,0,2,2,2,,,,,0,4,4,11,,,,,,,,noah,0,"['n', 'o', 'a', 'h']","[4.81795406198944, 5.201020602980861, 5.500221316993702, 5.733801309979754]",[4.8179,4.8179,2,0.402381401,,,11,1,2019_Mar_01_1401,FaceNameBlocked,3.0.0,60.09502669,0
FacesBlock1.xlsx,Kyle.mp4,Kyle.JPG,Kyle,4,0,0,0,0,0,1,1,4,,,,,,,1,1,1.168958855,,,,,,,0,0,,,,,11,1,2019_Mar_01_1401,FaceNameBlocked,3.0.0,60.09502669,
FacesBlock1.xlsx,Kyle.mp4,Kyle.JPG,Kyle,4,0,0,0,0,,,,,0,12,12,4,,,,,,,,,0,None,,0,0,1,1.452114574,,,11,1,2019_Mar_01_1401,FaceNameBlocked,3.0.0,60.09502669,
FacesBlock3.xlsx,Lauren.mp4,Lauren.JPG,Lauren,38,0,2,2,2,0,0,0,8,,,,,,,0,2,1.83619608,,,,,,,0,0,,,,,11,1,2019_Mar_01_1401,FaceNameBlocked,3.0.0,60.09502669,
FacesBlock3.xlsx,Lauren.mp4,Lauren.JPG,Lauren,38,0,2,2,2,,,,,0,12,12,8,,,,,,,,lauren,1,"['l', 'a', 'u', 'r', 'e', 'n']","[2.4021808010002133, 2.668338910007151, 3.1350276620069053, 3.351516229013214, 3.6008255050110165, 3.768169629998738]",[2.4021,2.4021,4,0.419204878,,,11,1,2019_Mar_01_1401,FaceNameBlocked,3.0.0,60.09502669,1
FacesBlock3.xlsx,Mark.mp4,Mark.JPG,Mark,40,0,2,2,2,0,3,3,10,,,,,,,0,1,0.936203805,,,,,,,0,0,,,,,11,1,2019_Mar_01_1401,FaceNameBlocked,3.0.0,60.09502669,
FacesBlock3.xlsx,Mark.mp4,Mark.JPG,Mark,40,0,2,2,2,,,,,0,8,8,10,,,,,,,,noah,0,"['n', 'o', 'a', 'h']","[6.433985920011764, 6.700441848021001, 6.867021532001672, 7.049536895006895]",[6.4339,6.4339,1,1.185464931,,,11,1,2019_Mar_01_1401,FaceNameBlocked,3.0.0,60.09502669,0
FacesBlock1.xlsx,Matthew.mp4,Matthew.JPG,Matthew,9,0,0,0,0,0,14,14,9,,,,,,,1,1,0.484021403,,,,,,,0,0,,,,,11,1,2019_Mar_01_1401,FaceNameBlocked,3.0.0,60.09502669,
FacesBlock1.xlsx,Matthew.mp4,Matthew.JPG,Matthew,9,0,0,0,0,,,,,0,9,9,9,,,,,,,,matthew,1,"['m', 'a', 't', 't', 'h', 'e', 'w']","[1.2847781929885969, 1.884911577013554, 2.7013922639889643, 3.7322022989974357, 3.93406059400877, 4.133201120013837, 4.900690579001093]",[1.2847,1.2847,4,0.485580059,,,11,1,2019_Mar_01_1401,FaceNameBlocked,3.0.0,60.09502669,1
FacesBlock2.xlsx,Megan.mp4,Megan.JPG,Megan,25,0,1,1,1,0,7,7,10,,,,,,,1,2,1.56961699,,,,,,,0,0,,,,,11,1,2019_Mar_01_1401,FaceNameBlocked,3.0.0,60.09502669,
FacesBlock2.xlsx,Megan.mp4,Megan.JPG,Megan,25,0,1,1,1,,,,,0,9,9,10,,,,,,,,megan,1,"['m', 'e', 'g', 'a', 'n']","[1.3347390060080215, 1.5344474790035747, 1.835237083985703, 1.951527281984454, 2.1014407530019525]",[1.3347,1.3347,4,0.435776129,,,11,1,2019_Mar_01_1401,FaceNameBlocked,3.0.0,60.09502669,1
FacesBlock4.xlsx,Michael.mp4,Michael.JPG,Michael,46,0,3,3,3,0,6,6,1,,,,,,,0,1,1.486057603,,,,,,,0,0,,,,,11,1,2019_Mar_01_1401,FaceNameBlocked,3.0.0,60.09502669,
FacesBlock4.xlsx,Michael.mp4,Michael.JPG,Michael,46,0,3,3,3,,,,,0,9,9,1,,,,,,,,andrew,0,"['a', 'n', 'd', 'r', 'e', 'w']","[6.517510524980025, 6.6658216349896975, 6.900575345993275, 7.21738480500062, 7.350768668984529, 7.567286450997926]",[6.5175,6.5175,2,0.402684377,,,11,1,2019_Mar_01_1401,FaceNameBlocked,3.0.0,60.09502669,0
FacesBlock4.xlsx,Michelle.mp4,Michelle.JPG,Michelle,52,0,3,3,3,0,4,4,7,,,,,,,0,2,2.319236264,,,,,,,0,0,,,,,11,1,2019_Mar_01_1401,FaceNameBlocked,3.0.0,60.09502669,
FacesBlock4.xlsx,Michelle.mp4,Michelle.JPG,Michelle,52,0,3,3,3,,,,,0,10,10,7,,,,,,,,michelle,1,"['m', 'i', 'c', 'h', 'e', 'l', 'l', 'e']","[1.4683662769966759, 1.8018026750069112, 2.018123766989447, 2.4175324389943853, 2.8006501559866592, 3.465960979985539, 3.6821941229864024, 3.80049091798719]",[1.4683,1.4683,4,0.336136473,,,11,1,2019_Mar_01_1401,FaceNameBlocked,3.0.0,60.09502669,1
FacesBlock1.xlsx,Natalie.mp4,Natalie.JPG,Natalie,7,0,0,0,0,0,13,13,7,,,,,,,0,2,0.43631557,,,,,,,0,0,,,,,11,1,2019_Mar_01_1401,FaceNameBlocked,3.0.0,60.09502669,
FacesBlock1.xlsx,Natalie.mp4,Natalie.JPG,Natalie,7,0,0,0,0,,,,,0,6,6,7,,,,,,,,,0,None,,0,0,1,1.184611658,,,11,1,2019_Mar_01_1401,FaceNameBlocked,3.0.0,60.09502669,
FacesBlock3.xlsx,Nathan.mp4,Nathan.JPG,Nathan,37,0,2,2,2,0,11,11,7,,,,,,,1,1,1.319684092,,,,,,,0,0,,,,,11,1,2019_Mar_01_1401,FaceNameBlocked,3.0.0,60.09502669,
FacesBlock3.xlsx,Nathan.mp4,Nathan.JPG,Nathan,37,0,2,2,2,,,,,0,11,11,7,,,,,,,,nathan,1,"['n', 'a', 't', 'h', 'n', 'backspace', 'a', 'n']","[1.1516673759906553, 1.31826436999836, 1.6996728839876596, 1.8515616469958331, 2.2017297300044447, 2.9671494319918565, 3.4679035950102843, 3.567613168997923]",[1.1516,1.1516,4,0.819413627,,,11,1,2019_Mar_01_1401,FaceNameBlocked,3.0.0,60.09502669,1
FacesBlock3.xlsx,Nicole.mp4,Nicole.JPG,Nicole,43,0,2,2,2,0,13,13,13,,,,,,,0,2,1.0023711,,,,,,,0,0,,,,,11,1,2019_Mar_01_1401,FaceNameBlocked,3.0.0,60.09502669,
FacesBlock3.xlsx,Nicole.mp4,Nicole.JPG,Nicole,43,0,2,2,2,,,,,0,7,7,13,,,,,,,,rebe,0,"['r', 'e', 'b', 'e']","[8.99954416899709, 9.199432388006244, 9.566075222013751, 9.780691816995386]",[8.9995,8.9995,1,1.685109965,,,11,1,2019_Mar_01_1401,FaceNameBlocked,3.0.0,60.09502669,0
FacesBlock3.xlsx,Noah.mp4,Noah.JPG,Noah,31,0,2,2,2,0,14,14,1,,,,,,,0,1,0.635670674,,,,,,,0,0,,,,,11,1,2019_Mar_01_1401,FaceNameBlocked,3.0.0,60.09502669,
FacesBlock3.xlsx,Noah.mp4,Noah.JPG,Noah,31,0,2,2,2,,,,,0,5,5,1,,,,,,,,noah,1,"['n', 'o', 'a', 'h']","[2.86865026599844, 3.068930487992475, 3.1186613670142833, 3.3184353050019126]",[2.8686,2.8686,1,0.583422876,,,11,1,2019_Mar_01_1401,FaceNameBlocked,3.0.0,60.09502669,1
FacesBlock3.xlsx,Olivia.mp4,Olivia.JPG,Olivia,35,0,2,2,2,0,1,1,5,,,,,,,1,2,0.502562384,,,,,,,0,0,,,,,11,1,2019_Mar_01_1401,FaceNameBlocked,3.0.0,60.09502669,
FacesBlock3.xlsx,Olivia.mp4,Olivia.JPG,Olivia,35,0,2,2,2,,,,,0,0,0,5,,,,,,space,3.051569679,erica,0,"['e', 'r', 'i', 'c', 'a']","[2.3680599450017326, 2.7015398780058604, 2.918096178007545, 3.1521200999850407, 3.4155410550010856]",[2.3680,2.368,2,0.402351272,,,11,1,2019_Mar_01_1401,FaceNameBlocked,3.0.0,60.09502669,0
FacesBlock2.xlsx,Rachel.mp4,Rachel.JPG,Rachel,29,0,1,1,1,0,13,13,14,,,,,,,0,2,3.735793996,,,,,,,0,0,,,,,11,1,2019_Mar_01_1401,FaceNameBlocked,3.0.0,60.09502669,
FacesBlock2.xlsx,Rachel.mp4,Rachel.JPG,Rachel,29,0,1,1,1,,,,,0,13,13,14,,,,,,,,,0,['loption'],[6.7481933789968025],[6.7481,6.7481,1,1.068160679,,,11,1,2019_Mar_01_1401,FaceNameBlocked,3.0.0,60.09502669,
FacesBlock3.xlsx,Rebecca.mp4,Rebecca.JPG,Rebecca,32,0,2,2,2,0,9,9,2,,,,,,,1,2,0.80312824,,,,,,,0,0,,,,,11,1,2019_Mar_01_1401,FaceNameBlocked,3.0.0,60.09502669,
FacesBlock3.xlsx,Rebecca.mp4,Rebecca.JPG,Rebecca,32,0,2,2,2,,,,,0,13,13,2,,,,,,,,rebe,1,"['r', 'e', 'b', 'e', 'c']","[9.098676780995447, 9.282448926998768, 9.54723169200588, 9.69855843798723, 9.999218393990304]",[9.0986,9.0986,1,1.65094496,,,11,1,2019_Mar_01_1401,FaceNameBlocked,3.0.0,60.09502669,1
FacesBlock3.xlsx,Sarah.mp4,Sarah.JPG,Sarah,33,0,2,2,2,0,7,7,3,,,,,,,1,2,0.436190596,,,,,,,0,0,,,,,11,1,2019_Mar_01_1401,FaceNameBlocked,3.0.0,60.09502669,
FacesBlock3.xlsx,Sarah.mp4,Sarah.JPG,Sarah,33,0,2,2,2,,,,,0,1,1,3,,,,,,,,rebecca,0,"['r', 'e', 'b', 'e', 'c', 'c', 'a']","[2.7679752609983552, 2.917746877996251, 3.300979797000764, 3.6154743699880783, 3.934124408988282, 4.200680470006773, 4.467202010011533]",[2.7679,2.7679,2,1.535348337,,,11,1,2019_Mar_01_1401,FaceNameBlocked,3.0.0,60.09502669,0
FacesBlock3.xlsx,Shelby.mp4,Shelby.JPG,Shelby,36,0,2,2,2,0,12,12,6,,,,,,,0,2,1.119355334,,,,,,,0,0,,,,,11,1,2019_Mar_01_1401,FaceNameBlocked,3.0.0,60.09502669,
FacesBlock3.xlsx,Shelby.mp4,Shelby.JPG,Shelby,36,0,2,2,2,,,,,0,3,3,6,,,,,,,,mary,0,"['m', 'a', 'r', 'y']","[5.034338308003498, 5.251171115000034, 5.6342237450007815, 6.900906705006491]",[5.0343,5.0343,1,0.76896707,,,11,1,2019_Mar_01_1401,FaceNameBlocked,3.0.0,60.09502669,0
FacesBlock2.xlsx,Steven.mp4,Steven.JPG,Steven,17,0,1,1,1,0,5,5,2,,,,,,,0,1,1.135447796,,,,,,,0,0,,,,,11,1,2019_Mar_01_1401,FaceNameBlocked,3.0.0,60.09502669,
FacesBlock2.xlsx,Steven.mp4,Steven.JPG,Steven,17,0,1,1,1,,,,,0,7,7,2,,,,,,,,david,0,"['d', 'a', 'v', 'i', 'd']","[1.618324445997132, 1.7849004300078377, 2.0183264760125894, 2.334784917999059, 2.7508705380023457]",[1.6183,1.6183,3,0.385030067,,,11,1,2019_Mar_01_1401,FaceNameBlocked,3.0.0,60.09502669,0
FacesBlock4.xlsx,Taylor.mp4,Taylor.JPG,Taylor,45,0,3,3,3,0,1,1,0,,,,,,,1,2,0.936371872,,,,,,,0,0,,,,,11,1,2019_Mar_01_1401,FaceNameBlocked,3.0.0,60.09502669,
FacesBlock4.xlsx,Taylor.mp4,Taylor.JPG,Taylor,45,0,3,3,3,,,,,0,5,5,0,,,,,,,,michelle,0,"['m', 'i', 'c', 'h', 'e', 'l', 'l', 'e']","[4.383496388007188, 4.583489320008084, 4.884278407000238, 5.067335546016693, 5.216648069006624, 5.483094205002999, 5.649984078016132, 5.75032580801053]",[4.3834,4.3834,1,0.902219239,,,11,1,2019_Mar_01_1401,FaceNameBlocked,3.0.0,60.09502669,0
FacesBlock3.xlsx,Thomas.mp4,Thomas.JPG,Thomas,44,0,2,2,2,0,8,8,14,,,,,,,0,1,0.719770609,,,,,,,0,0,,,,,11,1,2019_Mar_01_1401,FaceNameBlocked,3.0.0,60.09502669,
FacesBlock3.xlsx,Thomas.mp4,Thomas.JPG,Thomas,44,0,2,2,2,,,,,0,10,10,14,,,,,,,,,0,None,,0,0,1,1.402110921,,,11,1,2019_Mar_01_1401,FaceNameBlocked,3.0.0,60.09502669,
FacesBlock1.xlsx,Timothy.mp4,Timothy.JPG,Timothy,10,0,0,0,0,0,10,10,10,,,,,,,0,1,0.367017667,,,,,,,0,0,,,,,11,1,2019_Mar_01_1401,FaceNameBlocked,3.0.0,60.09502669,
FacesBlock1.xlsx,Timothy.mp4,Timothy.JPG,Timothy,10,0,0,0,0,,,,,0,7,7,10,,,,,,,,tyler,0,"['t', 'y', 'l', 'e', 'r']","[1.9688156109768897, 2.2519423889752943, 2.4518422149994876, 2.7178142399934586, 4.200856664974708]",[1.9688,1.9688,2,1.319395598,,,11,1,2019_Mar_01_1401,FaceNameBlocked,3.0.0,60.09502669,0
FacesBlock2.xlsx,Trevor.mp4,Trevor.JPG,Trevor,21,0,1,1,1,0,3,3,6,,,,,,,1,1,0.603115631,,,,,,,0,0,,,,,11,1,2019_Mar_01_1401,FaceNameBlocked,3.0.0,60.09502669,
FacesBlock2.xlsx,Trevor.mp4,Trevor.JPG,Trevor,21,0,1,1,1,,,,,0,8,8,6,,,,,,,,,0,None,,0,0,1,1.385103485,,,11,1,2019_Mar_01_1401,FaceNameBlocked,3.0.0,60.09502669,
FacesBlock2.xlsx,Tyler.mp4,Tyler.JPG,Tyler,22,0,1,1,1,0,4,4,7,,,,,,,1,1,0.719503585,,,,,,,0,0,,,,,11,1,2019_Mar_01_1401,FaceNameBlocked,3.0.0,60.09502669,
FacesBlock2.xlsx,Tyler.mp4,Tyler.JPG,Tyler,22,0,1,1,1,,,,,0,0,0,7,,,,,,space,6.232764567,tyler,1,"['t', 'y', 'l', 'e', 'r']","[1.1852816049940884, 1.3350068849977106, 1.8656654189981055, 2.0347762370074634, 2.2011069419968408]",[1.1852,1.1852,4,0.500068781,,,11,1,2019_Mar_01_1401,FaceNameBlocked,3.0.0,60.09502669,1
,,,,,,,,,,,,,,,,,space,28.56081239,,,,,,,,,,,,,,,,11,1,2019_Mar_01_1401,FaceNameBlocked,3.0.0,60.09502669,
,,,,,,,,,,,,,,,,,,,,,,,,,,,,,,,,space,136.2407415,11,1,2019_Mar_01_1401,FaceNameBlocked,3.0.0,60.09502669,