condsFile,Video,Photo,Name,Row,blocks.thisRepN,blocks.thisTrialN,blocks.thisN,blocks.thisIndex,presentations.thisRepN,presentations.thisTrialN,presentations.thisN,presentations.thisIndex,testing.thisRepN,testing.thisTrialN,testing.thisN,testing.thisIndex,advance_1.keys,advance_1.rt,currentCond,judgementResp.keys,judgementResp.rt,advance_2.keys,advance_2.rt,inputText,Accuracy,key_resp_3.keys,key_resp_3.rt,trim1,key_resp3_fin,rating_resp.keys,rating_resp.rt,end_key.keys,end_key.rt,participant,session,date,expName,psychopyVersion,frameRate,ACCURACY
FacesBlock2.xlsx,Aaron.mp4,Aaron.JPG,Aaron,18,0,1,1,1,0,9,9,3,,,,,,,0,1,0.826382189,,,,,,,0,0,,,,,20,1,2019_Mar_08_1455,FaceNameBlocked,3.0.0,85.01644282,
FacesBlock2.xlsx,Aaron.mp4,Aaron.JPG,Aaron,18,0,1,1,1,,,,,0,4,4,3,,,,,,,,,0,None,,0,0,1,0.414472241,,,20,1,2019_Mar_08_1455,FaceNameBlocked,3.0.0,85.01644282,
FacesBlock1.xlsx,Adam.mp4,Adam.JPG,Adam,5,0,0,0,0,0,9,9,5,,,,,,,1,1,1.202387521,,,,,,,0,0,,,,,20,1,2019_Mar_08_1455,FaceNameBlocked,3.0.0,85.01644282,
FacesBlock1.xlsx,Adam.mp4,Adam.JPG,Adam,5,0,0,0,0,,,,,0,0,0,5,,,,,,space,22.27847244,,0,None,,0,0,1,2.472290709,,,20,1,2019_Mar_08_1455,FaceNameBlocked,3.0.0,85.01644282,
FacesBlock4.xlsx,Alyssa.mp4,Alyssa.JPG,Alyssa,55,0,3,3,3,0,10,10,10,,,,,,,1,2,1.708673727,,,,,,,0,0,,,,,20,1,2019_Mar_08_1455,FaceNameBlocked,3.0.0,85.01644282,
FacesBlock4.xlsx,Alyssa.mp4,Alyssa.JPG,Alyssa,55,0,3,3,3,,,,,0,14,14,10,,,,,,,,,0,None,,0,0,1,0.86101285,,,20,1,2019_Mar_08_1455,FaceNameBlocked,3.0.0,85.01644282,
FacesBlock1.xlsx,Amanda.mp4,Amanda.JPG,Amanda,2,0,0,0,0,0,12,12,2,,,,,,,0,2,1.037215018,,,,,,,0,0,,,,,20,1,2019_Mar_08_1455,FaceNameBlocked,3.0.0,85.01644282,
FacesBlock1.xlsx,Amanda.mp4,Amanda.JPG,Amanda,2,0,0,0,0,,,,,0,14,14,2,,,,,,,,,0,None,,0,0,1,1.119891079,,,20,1,2019_Mar_08_1455,FaceNameBlocked,3.0.0,85.01644282,
FacesBlock4.xlsx,Andrew.mp4,Andrew.JPG,Andrew,51,0,3,3,3,0,9,9,6,,,,,,,0,1,1.637517931,,,,,,,0,0,,,,,20,1,2019_Mar_08_1455,FaceNameBlocked,3.0.0,85.01644282,
FacesBlock4.xlsx,Andrew.mp4,Andrew.JPG,Andrew,51,0,3,3,3,,,,,0,0,0,6,,,,,,space,6.141628438,Michael,0,"['lshift', 'm', 'i', 'c', 'h', 'a', 'e', 'l']","[5.517349233999994, 5.578325624999707, 5.74254322699926, 5.85834381299901, 5.930620973998884, 6.024862698999641, 6.071336547998726, 6.130932077998295]",[5.5173,5.5173,2,2.530523305,,,20,1,2019_Mar_08_1455,FaceNameBlocked,3.0.0,85.01644282,0
FacesBlock4.xlsx,Anna.mp4,Anna.JPG,Anna,47,0,3,3,3,0,7,7,2,,,,,,,0,2,1.331557479,,,,,,,0,0,,,,,20,1,2019_Mar_08_1455,FaceNameBlocked,3.0.0,85.01644282,
FacesBlock4.xlsx,Anna.mp4,Anna.JPG,Anna,47,0,3,3,3,,,,,0,9,9,2,,,,,,,,,0,None,,0,0,1,1.143175948,,,20,1,2019_Mar_08_1455,FaceNameBlocked,3.0.0,85.01644282,
FacesBlock2.xlsx,Ashley.mp4,Ashley.JPG,Ashley,24,0,1,1,1,0,2,2,9,,,,,,,1,2,1.096996451,,,,,,,0,0,,,,,20,1,2019_Mar_08_1455,FaceNameBlocked,3.0.0,85.01644282,
FacesBlock2.xlsx,Ashley.mp4,Ashley.JPG,Ashley,24,0,1,1,1,,,,,0,11,11,9,,,,,,,,,0,None,,0,0,1,1.613686369,,,20,1,2019_Mar_08_1455,FaceNameBlocked,3.0.0,85.01644282,
FacesBlock1.xlsx,Bradley.mp4,Bradley.JPG,Bradley,14,0,0,0,0,0,14,14,14,,,,,,,1,1,1.143118794,,,,,,,0,0,,,,,20,1,2019_Mar_08_1455,FaceNameBlocked,3.0.0,85.01644282,
FacesBlock1.xlsx,Bradley.mp4,Bradley.JPG,Bradley,14,0,0,0,0,,,,,0,7,7,14,,,,,,,,Bradley,1,"['lshift', 'b', 'r', 'a', 'd', 'l', 'e', 'y']","[6.257808313999703, 6.37642169100036, 7.01213969499986, 7.164961996000784, 7.315321242000209, 7.459173086999726, 7.941201235000335, 8.317400470999928]",[6.2578,6.2578,2,2.519299255,,,20,1,2019_Mar_08_1455,FaceNameBlocked,3.0.0,85.01644282,1
FacesBlock4.xlsx,Brandon.mp4,Brandon.JPG,Brandon,56,0,3,3,3,0,4,4,11,,,,,,,1,1,1.661454058,,,,,,,0,0,,,,,20,1,2019_Mar_08_1455,FaceNameBlocked,3.0.0,85.01644282,
FacesBlock4.xlsx,Brandon.mp4,Brandon.JPG,Brandon,56,0,3,3,3,,,,,0,10,10,11,,,,,,,,Brandon,1,"['lshift', 'b', 'r', 'a', 'n', 'd', 'o', 'n']","[1.6591698600004747, 1.7305969080007344, 2.0013004899992666, 2.51907994999965, 2.7426077330001135, 2.9071108660009486, 3.2366880860008678, 3.5185586719999264]",[1.6591,1.6591,4,3.647893854,,,20,1,2019_Mar_08_1455,FaceNameBlocked,3.0.0,85.01644282,1
FacesBlock4.xlsx,Brian.mp4,Brian.JPG,Brian,53,0,3,3,3,0,13,13,8,,,,,,,0,1,1.049883721,,,,,,,0,0,,,,,20,1,2019_Mar_08_1455,FaceNameBlocked,3.0.0,85.01644282,
FacesBlock4.xlsx,Brian.mp4,Brian.JPG,Brian,53,0,3,3,3,,,,,0,6,6,8,,,,,,,,Jason,0,"['lshift', 'j', 'a', 's', 'o', 'n']","[4.6450836379990506, 4.681702887999563, 4.916567775999283, 5.022380496999176, 5.092438994999611, 5.175589743999808]",[4.6450,4.645,3,1.402072786,,,20,1,2019_Mar_08_1455,FaceNameBlocked,3.0.0,85.01644282,0
FacesBlock4.xlsx,Brianna.mp4,Brianna.JPG,Brianna,48,0,3,3,3,0,11,11,3,,,,,,,1,2,1.435466941,,,,,,,0,0,,,,,20,1,2019_Mar_08_1455,FaceNameBlocked,3.0.0,85.01644282,
FacesBlock4.xlsx,Brianna.mp4,Brianna.JPG,Brianna,48,0,3,3,3,,,,,0,7,7,3,,,,,,,,Emily,0,"['lshift', 'e', 'm', 'i', 'l', 'y']","[6.516662408001139, 6.624715844000093, 6.965701859000546, 7.295077513999786, 7.471339068000816, 7.575382197999716]",[6.5166,6.5166,2,1.33120102,,,20,1,2019_Mar_08_1455,FaceNameBlocked,3.0.0,85.01644282,0
FacesBlock2.xlsx,Brittany.mp4,Brittany.JPG,Brittany,28,0,1,1,1,0,12,12,13,,,,,,,0,2,0.979263318,,,,,,,0,0,,,,,20,1,2019_Mar_08_1455,FaceNameBlocked,3.0.0,85.01644282,
FacesBlock2.xlsx,Brittany.mp4,Brittany.JPG,Brittany,28,0,1,1,1,,,,,0,13,13,13,,,,,,,,Brittney,1,"['lshift', 'b', 'r', 'i', 't', 't', 'n', 'e', 'y']","[1.5306056450008327, 1.6851058390002436, 1.9439765389997774, 2.085106739001276, 2.2373191690003296, 2.355064391000269, 2.5548256439997203, 2.6609471070005384, 2.8611809459998767]",[1.5306,1.5306,4,1.331427711,,,20,1,2019_Mar_08_1455,FaceNameBlocked,3.0.0,85.01644282,1
FacesBlock4.xlsx,Caleb.mp4,Caleb.JPG,Caleb,59,0,3,3,3,0,14,14,14,,,,,,,0,1,1.049662591,,,,,,,0,0,,,,,20,1,2019_Mar_08_1455,FaceNameBlocked,3.0.0,85.01644282,
FacesBlock4.xlsx,Caleb.mp4,Caleb.JPG,Caleb,59,0,3,3,3,,,,,0,2,2,14,,,,,,,,,0,None,,0,0,1,0.625746765,,,20,1,2019_Mar_08_1455,FaceNameBlocked,3.0.0,85.01644282,
FacesBlock2.xlsx,Cody.mp4,Cody.JPG,Cody,23,0,1,1,1,0,13,13,8,,,,,,,0,1,0.858514056,,,,,,,0,0,,,,,20,1,2019_Mar_08_1455,FaceNameBlocked,3.0.0,85.01644282,
FacesBlock2.xlsx,Cody.mp4,Cody.JPG,Cody,23,0,1,1,1,,,,,0,6,6,8,,,,,,,,,0,None,,0,0,1,1.472497994,,,20,1,2019_Mar_08_1455,FaceNameBlocked,3.0.0,85.01644282,
FacesBlock3.xlsx,Courtney.mp4,Courtney.JPG,Courtney,42,0,2,2,2,0,1,1,12,,,,,,,1,2,1.308484343,,,,,,,0,0,,,,,20,1,2019_Mar_08_1455,FaceNameBlocked,3.0.0,85.01644282,
FacesBlock3.xlsx,Courtney.mp4,Courtney.JPG,Courtney,42,0,2,2,2,,,,,0,14,14,12,,,,,,,,Courtney,1,"['lshift', 'c', 'o', 'u', 'r', 't', 'n', 'e', 'y']","[1.7185700879999786, 1.837630359999821, 2.1198206760000176, 2.1665598489998956, 2.2844793040003424, 2.3197971699992195, 2.4486685979991307, 2.5783872430001793, 2.7195483979994606]",[1.7185,1.7185,4,0.801837392,,,20,1,2019_Mar_08_1455,FaceNameBlocked,3.0.0,85.01644282,1
FacesBlock3.xlsx,Daniel.mp4,Daniel.JPG,Daniel,30,0,2,2,2,0,7,7,0,,,,,,,0,1,0.931717967,,,,,,,0,0,,,,,20,1,2019_Mar_08_1455,FaceNameBlocked,3.0.0,85.01644282,
FacesBlock3.xlsx,Daniel.mp4,Daniel.JPG,Daniel,30,0,2,2,2,,,,,0,12,12,0,,,,,,,,,0,None,,0,0,1,1.566328038,,,20,1,2019_Mar_08_1455,FaceNameBlocked,3.0.0,85.01644282,
FacesBlock1.xlsx,Danielle.mp4,Danielle.JPG,Danielle,3,0,0,0,0,0,1,1,3,,,,,,,0,2,1.708025163,,,,,,,0,0,,,,,20,1,2019_Mar_08_1455,FaceNameBlocked,3.0.0,85.01644282,
FacesBlock1.xlsx,Danielle.mp4,Danielle.JPG,Danielle,3,0,0,0,0,,,,,0,3,3,3,,,,,,,,,0,None,,0,0,1,2.058266996,,,20,1,2019_Mar_08_1455,FaceNameBlocked,3.0.0,85.01644282,
FacesBlock2.xlsx,David.mp4,David.JPG,David,16,0,1,1,1,0,1,1,1,,,,,,,0,1,1.296944257,,,,,,,0,0,,,,,20,1,2019_Mar_08_1455,FaceNameBlocked,3.0.0,85.01644282,
FacesBlock2.xlsx,David.mp4,David.JPG,David,16,0,1,1,1,,,,,0,7,7,1,,,,,,,,,0,None,,0,0,1,1.364664873,,,20,1,2019_Mar_08_1455,FaceNameBlocked,3.0.0,85.01644282,
FacesBlock4.xlsx,Dylan.mp4,Dylan.JPG,Dylan,50,0,3,3,3,0,5,5,5,,,,,,,1,1,1.567447097,,,,,,,0,0,,,,,20,1,2019_Mar_08_1455,FaceNameBlocked,3.0.0,85.01644282,
FacesBlock4.xlsx,Dylan.mp4,Dylan.JPG,Dylan,50,0,3,3,3,,,,,0,4,4,5,,,,,,,,Dylan,1,"['lshift', 'd', 'y', 'l', 'a', 'n']","[2.0594072099993355, 2.378886495998813, 2.6847216709993518, 2.8255555799987633, 3.00166211099895, 3.143733524999334]",[2.0594,2.0594,3,2.354673649,,,20,1,2019_Mar_08_1455,FaceNameBlocked,3.0.0,85.01644282,1
FacesBlock4.xlsx,Emily.mp4,Emily.JPG,Emily,57,0,3,3,3,0,0,0,12,,,,,,,0,2,2.237292718,,,,,,,0,0,,,,,20,1,2019_Mar_08_1455,FaceNameBlocked,3.0.0,85.01644282,
FacesBlock4.xlsx,Emily.mp4,Emily.JPG,Emily,57,0,3,3,3,,,,,0,13,13,12,,,,,,,,,0,"['lshift', 'b', 'r', 'i', 'a', 'n', 'n', 'a', 'backspace', 'backspace', 'backspace', 'backspace', 'backspace', 'backspace', 'backspace']","[3.5177865759997076, 3.6250727249989723, 4.24852570299845, 4.518976970999574, 4.929932017999818, 5.307163257999491, 5.599109855998904, 5.918120863998411, 7.176204465999035, 8.574677546999737, 8.776363928998762, 8.94072051799958, 9.093735672999173, 9.246529209998698, 9.375697969999237]",[3.5177,3.5177,1,1.105237003,,,20,1,2019_Mar_08_1455,FaceNameBlocked,3.0.0,85.01644282,
FacesBlock1.xlsx,Eric.mp4,Eric.JPG,Eric,0,0,0,0,0,0,7,7,0,,,,,,,1,1,1.226492817,,,,,,,0,0,,,,,20,1,2019_Mar_08_1455,FaceNameBlocked,3.0.0,85.01644282,
FacesBlock1.xlsx,Eric.mp4,Eric.JPG,Eric,0,0,0,0,0,,,,,0,10,10,0,,,,,,,,,0,None,,0,0,1,2.848143495,,,20,1,2019_Mar_08_1455,FaceNameBlocked,3.0.0,85.01644282,
FacesBlock1.xlsx,Ethan.mp4,Ethan.JPG,Ethan,11,0,0,0,0,0,6,6,11,,,,,,,0,1,0.967583225,,,,,,,0,0,,,,,20,1,2019_Mar_08_1455,FaceNameBlocked,3.0.0,85.01644282,
FacesBlock1.xlsx,Ethan.mp4,Ethan.JPG,Ethan,11,0,0,0,0,,,,,0,6,6,11,,,,,,,,,0,None,,0,0,1,1.824772253,,,20,1,2019_Mar_08_1455,FaceNameBlocked,3.0.0,85.01644282,
FacesBlock4.xlsx,Grace.mp4,Grace.JPG,Grace,58,0,3,3,3,0,1,1,13,,,,,,,1,2,1.414124895,,,,,,,0,0,,,,,20,1,2019_Mar_08_1455,FaceNameBlocked,3.0.0,85.01644282,
FacesBlock4.xlsx,Grace.mp4,Grace.JPG,Grace,58,0,3,3,3,,,,,0,3,3,13,,,,,,,,Grace,1,"['lshift', 'g', 'r', 'a', 'c', 'e']","[3.8350396850000834, 4.001693187001365, 4.212193041001228, 4.3535871940002835, 4.636454799001513, 4.693394084000829]",[3.8350,3.835,2,1.88438038,,,20,1,2019_Mar_08_1455,FaceNameBlocked,3.0.0,85.01644282,1
FacesBlock2.xlsx,Haley.mp4,Haley.JPG,Haley,20,0,1,1,1,0,11,11,5,,,,,,,1,2,0.638176395,,,,,,,0,0,,,,,20,1,2019_Mar_08_1455,FaceNameBlocked,3.0.0,85.01644282,
FacesBlock2.xlsx,Haley.mp4,Haley.JPG,Haley,20,0,1,1,1,,,,,0,10,10,5,,,,,,,,,0,None,,0,0,1,1.202184796,,,20,1,2019_Mar_08_1455,FaceNameBlocked,3.0.0,85.01644282,
FacesBlock1.xlsx,Hannah.mp4,Hannah.JPG,Hannah,1,0,0,0,0,0,2,2,1,,,,,,,1,2,1.272894037,,,,,,,0,0,,,,,20,1,2019_Mar_08_1455,FaceNameBlocked,3.0.0,85.01644282,
FacesBlock1.xlsx,Hannah.mp4,Hannah.JPG,Hannah,1,0,0,0,0,,,,,0,4,4,1,,,,,,,,,0,None,,0,0,1,1.718866596,,,20,1,2019_Mar_08_1455,FaceNameBlocked,3.0.0,85.01644282,
FacesBlock2.xlsx,Heather.mp4,Heather.JPG,Heather,26,0,1,1,1,0,10,10,11,,,,,,,1,2,0.811193889,,,,,,,0,0,,,,,20,1,2019_Mar_08_1455,FaceNameBlocked,3.0.0,85.01644282,
FacesBlock2.xlsx,Heather.mp4,Heather.JPG,Heather,26,0,1,1,1,,,,,0,0,0,11,,,,,,space,6.659431736,Heather,1,"['lshift', 'h', 's', 'backspace', 'a', 'l', 'e', 'y', 'backspace', 'backspace', 'backspace', 'backspace', 'e', 'a', 't', 'h', 'e', 'r']","[3.0709052640013397, 3.153943880000952, 3.836734102000264, 4.858955599000183, 5.248494180001217, 5.38937900900055, 5.541701992000526, 5.671237270000347, 8.3527684590008, 8.646072120000099, 8.870210649, 9.223161623000124, 9.529074943000523, 9.656481889000133, 9.729296134000833, 9.81128445700051, 9.90578735300005, 9.964436968000882]",[3.0709,3.0709,3,3.472039679,,,20,1,2019_Mar_08_1455,FaceNameBlocked,3.0.0,85.01644282,1
FacesBlock3.xlsx,Jacob.mp4,Jacob.JPG,Jacob,39,0,2,2,2,0,10,10,9,,,,,,,1,1,1.450437191,,,,,,,0,0,,,,,20,1,2019_Mar_08_1455,FaceNameBlocked,3.0.0,85.01644282,
FacesBlock3.xlsx,Jacob.mp4,Jacob.JPG,Jacob,39,0,2,2,2,,,,,0,10,10,9,,,,,,,,,0,None,,0,0,1,1.413550497,,,20,1,2019_Mar_08_1455,FaceNameBlocked,3.0.0,85.01644282,
FacesBlock4.xlsx,Jason.mp4,Jason.JPG,Jason,49,0,3,3,3,0,3,3,4,,,,,,,0,1,3.201784828,,,,,,,0,0,,,,,20,1,2019_Mar_08_1455,FaceNameBlocked,3.0.0,85.01644282,
FacesBlock4.xlsx,Jason.mp4,Jason.JPG,Jason,49,0,3,3,3,,,,,0,8,8,4,,,,,,,,,0,None,,0,0,1,1.954712394,,,20,1,2019_Mar_08_1455,FaceNameBlocked,3.0.0,85.01644282,
FacesBlock1.xlsx,Jenna.mp4,Jenna.JPG,Jenna,6,0,0,0,0,0,11,11,6,,,,,,,1,2,1.08515027,,,,,,,0,0,,,,,20,1,2019_Mar_08_1455,FaceNameBlocked,3.0.0,85.01644282,
FacesBlock1.xlsx,Jenna.mp4,Jenna.JPG,Jenna,6,0,0,0,0,,,,,0,9,9,6,,,,,,,,Jenna,1,"['lshift', 'j', 'e', 'n', 'n', 'a']","[9.151214523000817, 9.212207671000215, 9.421625312001197, 9.599422343000697, 9.764268054999775, 9.893785606000165]",[9.1512,9.1512,2,1.684047771,,,20,1,2019_Mar_08_1455,FaceNameBlocked,3.0.0,85.01644282,1
FacesBlock2.xlsx,Jeremy.mp4,Jeremy.JPG,Jeremy,15,0,1,1,1,0,4,4,0,,,,,,,1,1,1.073729649,,,,,,,0,0,,,,,20,1,2019_Mar_08_1455,FaceNameBlocked,3.0.0,85.01644282,
FacesBlock2.xlsx,Jeremy.mp4,Jeremy.JPG,Jeremy,15,0,1,1,1,,,,,0,1,1,0,,,,,,,,,0,None,,0,0,1,0.543297375,,,20,1,2019_Mar_08_1455,FaceNameBlocked,3.0.0,85.01644282,
FacesBlock1.xlsx,Jessica.mp4,Jessica.JPG,Jessica,8,0,0,0,0,0,8,8,8,,,,,,,0,2,0.896871411,,,,,,,0,0,,,,,20,1,2019_Mar_08_1455,FaceNameBlocked,3.0.0,85.01644282,
FacesBlock1.xlsx,Jessica.mp4,Jessica.JPG,Jessica,8,0,0,0,0,,,,,0,13,13,8,,,,,,,,,0,None,,0,0,1,1.108144302,,,20,1,2019_Mar_08_1455,FaceNameBlocked,3.0.0,85.01644282,
FacesBlock2.xlsx,Josh.mp4,Josh.JPG,Josh,19,0,1,1,1,0,6,6,4,,,,,,,1,1,0.956055735,,,,,,,0,0,,,,,20,1,2019_Mar_08_1455,FaceNameBlocked,3.0.0,85.01644282,
FacesBlock2.xlsx,Josh.mp4,Josh.JPG,Josh,19,0,1,1,1,,,,,0,12,12,4,,,,,,,,,0,None,,0,0,1,0.943261421,,,20,1,2019_Mar_08_1455,FaceNameBlocked,3.0.0,85.01644282,
FacesBlock1.xlsx,Julia.mp4,Julia.JPG,Julia,13,0,0,0,0,0,5,5,13,,,,,,,0,2,1.250093967,,,,,,,0,0,,,,,20,1,2019_Mar_08_1455,FaceNameBlocked,3.0.0,85.01644282,
FacesBlock1.xlsx,Julia.mp4,Julia.JPG,Julia,13,0,0,0,0,,,,,0,5,5,13,,,,,,,,,0,None,,0,0,1,1.235459771,,,20,1,2019_Mar_08_1455,FaceNameBlocked,3.0.0,85.01644282,
FacesBlock2.xlsx,Justin.mp4,Justin.JPG,Justin,27,0,1,1,1,0,8,8,12,,,,,,,1,1,0.790927002,,,,,,,0,0,,,,,20,1,2019_Mar_08_1455,FaceNameBlocked,3.0.0,85.01644282,
FacesBlock2.xlsx,Justin.mp4,Justin.JPG,Justin,27,0,1,1,1,,,,,0,2,2,12,,,,,,,,,0,None,,0,0,1,1.261218125,,,20,1,2019_Mar_08_1455,FaceNameBlocked,3.0.0,85.01644282,
FacesBlock4.xlsx,Katie.mp4,Katie.JPG,Katie,54,0,3,3,3,0,6,6,9,,,,,,,1,2,1.154995627,,,,,,,0,0,,,,,20,1,2019_Mar_08_1455,FaceNameBlocked,3.0.0,85.01644282,
FacesBlock4.xlsx,Katie.mp4,Katie.JPG,Katie,54,0,3,3,3,,,,,0,5,5,9,,,,,,,,Katie,1,"['lshift', 'k', 'a', 't', 'i', 'e']","[1.6231483169995045, 1.7195241270001134, 2.0232006669994007, 2.143251502999192, 2.260135402000742, 2.4133874170001945]",[1.6231,1.6231,4,1.319952342,,,20,1,2019_Mar_08_1455,FaceNameBlocked,3.0.0,85.01644282,1
FacesBlock3.xlsx,Kayla.mp4,Kayla.JPG,Kayla,34,0,2,2,2,0,6,6,4,,,,,,,0,2,1.414231511,,,,,,,0,0,,,,,20,1,2019_Mar_08_1455,FaceNameBlocked,3.0.0,85.01644282,
FacesBlock3.xlsx,Kayla.mp4,Kayla.JPG,Kayla,34,0,2,2,2,,,,,0,8,8,4,,,,,,,,,0,['lshift'],[6.5165958589986985],[6.5165,6.5165,1,0.789716768,,,20,1,2019_Mar_08_1455,FaceNameBlocked,3.0.0,85.01644282,
FacesBlock1.xlsx,Kelsey.mp4,Kelsey.JPG,Kelsey,12,0,0,0,0,0,13,13,12,,,,,,,1,2,1.049307065,,,,,,,0,0,,,,,20,1,2019_Mar_08_1455,FaceNameBlocked,3.0.0,85.01644282,
FacesBlock1.xlsx,Kelsey.mp4,Kelsey.JPG,Kelsey,12,0,0,0,0,,,,,0,2,2,12,,,,,,,,Kelsey,1,"['lshift', 'k', 'l', 'backspace', 'e', 'l', 's', 'e', 'y']","[3.9159199059995444, 3.964494156998626, 4.458923824999147, 4.811441744999684, 5.035236860998339, 5.235381606998999, 5.388139261998731, 5.470476793998387, 5.6349756569998135]",[3.9159,3.9159,4,1.895602542,,,20,1,2019_Mar_08_1455,FaceNameBlocked,3.0.0,85.01644282,1
FacesBlock3.xlsx,Kevin.mp4,Kevin.JPG,Kevin,41,0,2,2,2,0,3,3,11,,,,,,,1,1,0.849676896,,,,,,,0,0,,,,,20,1,2019_Mar_08_1455,FaceNameBlocked,3.0.0,85.01644282,
FacesBlock3.xlsx,Kevin.mp4,Kevin.JPG,Kevin,41,0,2,2,2,,,,,0,3,3,11,,,,,,,,Noah,0,"['lshift', 'n', 'o', 'a', 'h']","[2.9416108440000244, 3.025087029000133, 3.283640784000454, 3.4367240379997384, 3.565224355999817]",[2.9416,2.9416,3,1.260548314,,,20,1,2019_Mar_08_1455,FaceNameBlocked,3.0.0,85.01644282,0
FacesBlock1.xlsx,Kyle.mp4,Kyle.JPG,Kyle,4,0,0,0,0,0,3,3,4,,,,,,,0,1,1.097064236,,,,,,,0,0,,,,,20,1,2019_Mar_08_1455,FaceNameBlocked,3.0.0,85.01644282,
FacesBlock1.xlsx,Kyle.mp4,Kyle.JPG,Kyle,4,0,0,0,0,,,,,0,8,8,4,,,,,,,,,0,None,,0,0,1,1.247145584,,,20,1,2019_Mar_08_1455,FaceNameBlocked,3.0.0,85.01644282,
FacesBlock3.xlsx,Lauren.mp4,Lauren.JPG,Lauren,38,0,2,2,2,0,12,12,8,,,,,,,0,2,1.226419673,,,,,,,0,0,,,,,20,1,2019_Mar_08_1455,FaceNameBlocked,3.0.0,85.01644282,
FacesBlock3.xlsx,Lauren.mp4,Lauren.JPG,Lauren,38,0,2,2,2,,,,,0,1,1,8,,,,,,,,Shelb,0,"['lshift', 's', 'h', 'e', 'l', 'b']","[6.892626184999244, 7.141382095998779, 9.140394725998704, 9.516235658000369, 9.669388057000106, 9.916956379998737]",[6.8926,6.8926,2,8.141140959,,,20,1,2019_Mar_08_1455,FaceNameBlocked,3.0.0,85.01644282,0
FacesBlock3.xlsx,Mark.mp4,Mark.JPG,Mark,40,0,2,2,2,0,13,13,10,,,,,,,0,1,1.214741168,,,,,,,0,0,,,,,20,1,2019_Mar_08_1455,FaceNameBlocked,3.0.0,85.01644282,
FacesBlock3.xlsx,Mark.mp4,Mark.JPG,Mark,40,0,2,2,2,,,,,0,9,9,10,,,,,,,,Mark,1,"['lshift', 'm', 'a', 'r', 'k']","[1.7417760830012412, 1.8140717270016467, 2.1430417880001187, 2.189897710000878, 2.377895304000049]",[1.7417,1.7417,4,1.365871582,,,20,1,2019_Mar_08_1455,FaceNameBlocked,3.0.0,85.01644282,1
FacesBlock1.xlsx,Matthew.mp4,Matthew.JPG,Matthew,9,0,0,0,0,0,4,4,9,,,,,,,1,1,1.117361861,,,,,,,0,0,,,,,20,1,2019_Mar_08_1455,FaceNameBlocked,3.0.0,85.01644282,
FacesBlock1.xlsx,Matthew.mp4,Matthew.JPG,Matthew,9,0,0,0,0,,,,,0,1,1,9,,,,,,,,,0,None,,0,0,1,1.825277204,,,20,1,2019_Mar_08_1455,FaceNameBlocked,3.0.0,85.01644282,
FacesBlock2.xlsx,Megan.mp4,Megan.JPG,Megan,25,0,1,1,1,0,7,7,10,,,,,,,0,2,0.953277919,,,,,,,0,0,,,,,20,1,2019_Mar_08_1455,FaceNameBlocked,3.0.0,85.01644282,
FacesBlock2.xlsx,Megan.mp4,Megan.JPG,Megan,25,0,1,1,1,,,,,0,9,9,10,,,,,,,,Megan,1,"['lshift', 'm', 'e', 'g', 'n', 'backspace', 'a', 'n']","[4.86957276800058, 4.930062143001123, 5.129736374001368, 5.353683532001014, 5.54167084600158, 5.91743080300148, 6.094570971001303, 6.223253703001319]",[4.8695,4.8695,3,1.567283567,,,20,1,2019_Mar_08_1455,FaceNameBlocked,3.0.0,85.01644282,1
FacesBlock4.xlsx,Michael.mp4,Michael.JPG,Michael,46,0,3,3,3,0,2,2,1,,,,,,,1,1,1.155304565,,,,,,,0,0,,,,,20,1,2019_Mar_08_1455,FaceNameBlocked,3.0.0,85.01644282,
FacesBlock4.xlsx,Michael.mp4,Michael.JPG,Michael,46,0,3,3,3,,,,,0,1,1,1,,,,,,,,,0,None,,0,0,1,0.648656157,,,20,1,2019_Mar_08_1455,FaceNameBlocked,3.0.0,85.01644282,
FacesBlock4.xlsx,Michelle.mp4,Michelle.JPG,Michelle,52,0,3,3,3,0,12,12,7,,,,,,,0,2,0.752926875,,,,,,,0,0,,,,,20,1,2019_Mar_08_1455,FaceNameBlocked,3.0.0,85.01644282,
FacesBlock4.xlsx,Michelle.mp4,Michelle.JPG,Michelle,52,0,3,3,3,,,,,0,12,12,7,,,,,,,,,0,None,,0,0,1,0.508328836,,,20,1,2019_Mar_08_1455,FaceNameBlocked,3.0.0,85.01644282,
FacesBlock1.xlsx,Natalie.mp4,Natalie.JPG,Natalie,7,0,0,0,0,0,10,10,7,,,,,,,0,2,1.108626928,,,,,,,0,0,,,,,20,1,2019_Mar_08_1455,FaceNameBlocked,3.0.0,85.01644282,
FacesBlock1.xlsx,Natalie.mp4,Natalie.JPG,Natalie,7,0,0,0,0,,,,,0,12,12,7,,,,,,,,Amanda,0,"['lshift', 'a', 'm', 'a', 'n', 'd', 'a']","[2.646675193000192, 2.7877037380003458, 3.14280821399916, 3.2839946530002635, 3.412305505000404, 3.5188118549995124, 4.283348736000335]",[2.6466,2.6466,2,1.131157851,,,20,1,2019_Mar_08_1455,FaceNameBlocked,3.0.0,85.01644282,0
FacesBlock3.xlsx,Nathan.mp4,Nathan.JPG,Nathan,37,0,2,2,2,0,8,8,7,,,,,,,0,1,1.509300068,,,,,,,0,0,,,,,20,1,2019_Mar_08_1455,FaceNameBlocked,3.0.0,85.01644282,
FacesBlock3.xlsx,Nathan.mp4,Nathan.JPG,Nathan,37,0,2,2,2,,,,,0,2,2,7,,,,,,,,,0,None,,0,0,1,1.154892454,,,20,1,2019_Mar_08_1455,FaceNameBlocked,3.0.0,85.01644282,
FacesBlock3.xlsx,Nicole.mp4,Nicole.JPG,Nicole,43,0,2,2,2,0,4,4,13,,,,,,,0,2,1.481902161,,,,,,,0,0,,,,,20,1,2019_Mar_08_1455,FaceNameBlocked,3.0.0,85.01644282,
FacesBlock3.xlsx,Nicole.mp4,Nicole.JPG,Nicole,43,0,2,2,2,,,,,0,11,11,13,,,,,,,,,0,None,,0,0,1,1.543078732,,,20,1,2019_Mar_08_1455,FaceNameBlocked,3.0.0,85.01644282,
FacesBlock3.xlsx,Noah.mp4,Noah.JPG,Noah,31,0,2,2,2,0,5,5,1,,,,,,,1,1,1.261246582,,,,,,,0,0,,,,,20,1,2019_Mar_08_1455,FaceNameBlocked,3.0.0,85.01644282,
FacesBlock3.xlsx,Noah.mp4,Noah.JPG,Noah,31,0,2,2,2,,,,,0,6,6,1,,,,,,,,,0,None,,0,0,1,1.895602271,,,20,1,2019_Mar_08_1455,FaceNameBlocked,3.0.0,85.01644282,
FacesBlock3.xlsx,Olivia.mp4,Olivia.JPG,Olivia,35,0,2,2,2,0,11,11,5,,,,,,,1,2,1.42589481,,,,,,,0,0,,,,,20,1,2019_Mar_08_1455,FaceNameBlocked,3.0.0,85.01644282,
FacesBlock3.xlsx,Olivia.mp4,Olivia.JPG,Olivia,35,0,2,2,2,,,,,0,0,0,5,,,,,,space,10.39930377,Sarah,0,"['lshift', 's', 'a', 'r', 'a', 'h']","[2.4952849289984442, 2.6259391119983775, 2.884158214999843, 3.002269021999382, 3.1294584939987544, 3.2725448309993226]",[2.4952,2.4952,3,1.248378835,,,20,1,2019_Mar_08_1455,FaceNameBlocked,3.0.0,85.01644282,0
FacesBlock2.xlsx,Rachel.mp4,Rachel.JPG,Rachel,29,0,1,1,1,0,3,3,14,,,,,,,0,2,1.131754327,,,,,,,0,0,,,,,20,1,2019_Mar_08_1455,FaceNameBlocked,3.0.0,85.01644282,
FacesBlock2.xlsx,Rachel.mp4,Rachel.JPG,Rachel,29,0,1,1,1,,,,,0,8,8,14,,,,,,,,Haley,0,"['lshift', 'h', 'a', 'l', 'e', 'y']","[4.775924403000317, 4.848241951000091, 5.353815312999359, 5.530294244999823, 5.8807750919986574, 6.2809606270002405]",[4.7759,4.7759,2,2.778143285,,,20,1,2019_Mar_08_1455,FaceNameBlocked,3.0.0,85.01644282,0
FacesBlock3.xlsx,Rebecca.mp4,Rebecca.JPG,Rebecca,32,0,2,2,2,0,9,9,2,,,,,,,1,2,1.344245071,,,,,,,0,0,,,,,20,1,2019_Mar_08_1455,FaceNameBlocked,3.0.0,85.01644282,
FacesBlock3.xlsx,Rebecca.mp4,Rebecca.JPG,Rebecca,32,0,2,2,2,,,,,0,13,13,2,,,,,,,,,0,None,,0,0,1,1.155100639,,,20,1,2019_Mar_08_1455,FaceNameBlocked,3.0.0,85.01644282,
FacesBlock3.xlsx,Sarah.mp4,Sarah.JPG,Sarah,33,0,2,2,2,0,14,14,3,,,,,,,1,2,1.259001582,,,,,,,0,0,,,,,20,1,2019_Mar_08_1455,FaceNameBlocked,3.0.0,85.01644282,
FacesBlock3.xlsx,Sarah.mp4,Sarah.JPG,Sarah,33,0,2,2,2,,,,,0,7,7,3,,,,,,,,,0,None,,0,0,1,0.378990082,,,20,1,2019_Mar_08_1455,FaceNameBlocked,3.0.0,85.01644282,
FacesBlock3.xlsx,Shelby.mp4,Shelby.JPG,Shelby,36,0,2,2,2,0,2,2,6,,,,,,,0,2,1.355041459,,,,,,,0,0,,,,,20,1,2019_Mar_08_1455,FaceNameBlocked,3.0.0,85.01644282,
FacesBlock3.xlsx,Shelby.mp4,Shelby.JPG,Shelby,36,0,2,2,2,,,,,0,5,5,6,,,,,,,,,0,None,,0,0,1,1.554597839,,,20,1,2019_Mar_08_1455,FaceNameBlocked,3.0.0,85.01644282,
FacesBlock2.xlsx,Steven.mp4,Steven.JPG,Steven,17,0,1,1,1,0,5,5,2,,,,,,,0,1,1.014682238,,,,,,,0,0,,,,,20,1,2019_Mar_08_1455,FaceNameBlocked,3.0.0,85.01644282,
FacesBlock2.xlsx,Steven.mp4,Steven.JPG,Steven,17,0,1,1,1,,,,,0,14,14,2,,,,,,,,,0,None,,0,0,1,1.249029172,,,20,1,2019_Mar_08_1455,FaceNameBlocked,3.0.0,85.01644282,
FacesBlock4.xlsx,Taylor.mp4,Taylor.JPG,Taylor,45,0,3,3,3,0,8,8,0,,,,,,,0,2,1.178505296,,,,,,,0,0,,,,,20,1,2019_Mar_08_1455,FaceNameBlocked,3.0.0,85.01644282,
FacesBlock4.xlsx,Taylor.mp4,Taylor.JPG,Taylor,45,0,3,3,3,,,,,0,11,11,0,,,,,,,,,0,None,,0,0,1,1.33072227,,,20,1,2019_Mar_08_1455,FaceNameBlocked,3.0.0,85.01644282,
FacesBlock3.xlsx,Thomas.mp4,Thomas.JPG,Thomas,44,0,2,2,2,0,0,0,14,,,,,,,1,1,1.306254752,,,,,,,0,0,,,,,20,1,2019_Mar_08_1455,FaceNameBlocked,3.0.0,85.01644282,
FacesBlock3.xlsx,Thomas.mp4,Thomas.JPG,Thomas,44,0,2,2,2,,,,,0,4,4,14,,,,,,,,,0,None,,0,0,1,0.378590336,,,20,1,2019_Mar_08_1455,FaceNameBlocked,3.0.0,85.01644282,
FacesBlock1.xlsx,Timothy.mp4,Timothy.JPG,Timothy,10,0,0,0,0,0,0,0,10,,,,,,,1,1,1.74340126,,,,,,,0,0,,,,,20,1,2019_Mar_08_1455,FaceNameBlocked,3.0.0,85.01644282,
FacesBlock1.xlsx,Timothy.mp4,Timothy.JPG,Timothy,10,0,0,0,0,,,,,0,11,11,10,,,,,,,,,0,None,,0,0,1,1.061260802,,,20,1,2019_Mar_08_1455,FaceNameBlocked,3.0.0,85.01644282,
FacesBlock2.xlsx,Trevor.mp4,Trevor.JPG,Trevor,21,0,1,1,1,0,14,14,6,,,,,,,0,1,0.591024504,,,,,,,0,0,,,,,20,1,2019_Mar_08_1455,FaceNameBlocked,3.0.0,85.01644282,
FacesBlock2.xlsx,Trevor.mp4,Trevor.JPG,Trevor,21,0,1,1,1,,,,,0,5,5,6,,,,,,,,Trevor,1,"['lshift', 't', 'r', 'e', 'v', 'o', 'r']","[1.8353748049994465, 1.9785064139996393, 2.248516349000056, 2.307677924000018, 2.5658942669997487, 2.684248657998978, 2.812911339000493]",[1.8353,1.8353,4,1.470546619,,,20,1,2019_Mar_08_1455,FaceNameBlocked,3.0.0,85.01644282,1
FacesBlock2.xlsx,Tyler.mp4,Tyler.JPG,Tyler,22,0,1,1,1,0,0,0,7,,,,,,,1,1,1.684951393,,,,,,,0,0,,,,,20,1,2019_Mar_08_1455,FaceNameBlocked,3.0.0,85.01644282,
FacesBlock2.xlsx,Tyler.mp4,Tyler.JPG,Tyler,22,0,1,1,1,,,,,0,3,3,7,,,,,,,,,0,None,,0,0,1,1.49594452,,,20,1,2019_Mar_08_1455,FaceNameBlocked,3.0.0,85.01644282,
,,,,,,,,,,,,,,,,,space,22.25632694,,,,,,,,,,,,,,,,20,1,2019_Mar_08_1455,FaceNameBlocked,3.0.0,85.01644282,
,,,,,,,,,,,,,,,,,,,,,,,,,,,,,,,,space,292.3669884,20,1,2019_Mar_08_1455,FaceNameBlocked,3.0.0,85.01644282,