condsFile,Video,Photo,Name,Row,blocks.thisRepN,blocks.thisTrialN,blocks.thisN,blocks.thisIndex,presentations.thisRepN,presentations.thisTrialN,presentations.thisN,presentations.thisIndex,testing.thisRepN,testing.thisTrialN,testing.thisN,testing.thisIndex,advance_1.keys,advance_1.rt,currentCond,judgementResp.keys,judgementResp.rt,advance_2.keys,advance_2.rt,inputText,Accuracy,key_resp_3.keys,key_resp_3.rt,trim1,key_resp3_fin,rating_resp.keys,rating_resp.rt,end_key.keys,end_key.rt,participant,session,date,expName,psychopyVersion,frameRate,ACCURACY
FacesBlock2.xlsx,Aaron.mp4,Aaron.JPG,Aaron,18,0,1,1,1,0,1,1,3,,,,,,,1,1,1.317858386,,,,,,,0,0,,,,,24,1,2019_Mar_13_1200,FaceNameBlocked,3.0.0,85.03654084,
FacesBlock2.xlsx,Aaron.mp4,Aaron.JPG,Aaron,18,0,1,1,1,,,,,0,7,7,3,,,,,,,,,0,None,,0,0,1,0.390495842,,,24,1,2019_Mar_13_1200,FaceNameBlocked,3.0.0,85.03654084,
FacesBlock1.xlsx,Adam.mp4,Adam.JPG,Adam,5,0,0,0,0,0,0,0,5,,,,,,,0,1,0.40292058,,,,,,,0,0,,,,,24,1,2019_Mar_13_1200,FaceNameBlocked,3.0.0,85.03654084,
FacesBlock1.xlsx,Adam.mp4,Adam.JPG,Adam,5,0,0,0,0,,,,,0,0,0,5,,,,,,space,14.281102,,0,['return'],[6.552638037000179],[6.5526,6.5526,1,1.472757944,,,24,1,2019_Mar_13_1200,FaceNameBlocked,3.0.0,85.03654084,
FacesBlock4.xlsx,Alyssa.mp4,Alyssa.JPG,Alyssa,55,0,3,3,3,0,6,6,10,,,,,,,1,2,0.508381483,,,,,,,0,0,,,,,24,1,2019_Mar_13_1200,FaceNameBlocked,3.0.0,85.03654084,
FacesBlock4.xlsx,Alyssa.mp4,Alyssa.JPG,Alyssa,55,0,3,3,3,,,,,0,7,7,10,,,,,,,,,0,None,,0,0,1,0.25869146,,,24,1,2019_Mar_13_1200,FaceNameBlocked,3.0.0,85.03654084,
FacesBlock1.xlsx,Amanda.mp4,Amanda.JPG,Amanda,2,0,0,0,0,0,1,1,2,,,,,,,0,2,1.165054711,,,,,,,0,0,,,,,24,1,2019_Mar_13_1200,FaceNameBlocked,3.0.0,85.03654084,
FacesBlock1.xlsx,Amanda.mp4,Amanda.JPG,Amanda,2,0,0,0,0,,,,,0,9,9,2,,,,,,,,,0,None,,0,0,1,0.625567918,,,24,1,2019_Mar_13_1200,FaceNameBlocked,3.0.0,85.03654084,
FacesBlock4.xlsx,Andrew.mp4,Andrew.JPG,Andrew,51,0,3,3,3,0,1,1,6,,,,,,,1,1,0.379289974,,,,,,,0,0,,,,,24,1,2019_Mar_13_1200,FaceNameBlocked,3.0.0,85.03654084,
FacesBlock4.xlsx,Andrew.mp4,Andrew.JPG,Andrew,51,0,3,3,3,,,,,0,5,5,6,,,,,,,,,0,None,,0,0,1,0.319098179,,,24,1,2019_Mar_13_1200,FaceNameBlocked,3.0.0,85.03654084,
FacesBlock4.xlsx,Anna.mp4,Anna.JPG,Anna,47,0,3,3,3,0,13,13,2,,,,,,,1,2,0.297467248,,,,,,,0,0,,,,,24,1,2019_Mar_13_1200,FaceNameBlocked,3.0.0,85.03654084,
FacesBlock4.xlsx,Anna.mp4,Anna.JPG,Anna,47,0,3,3,3,,,,,0,2,2,2,,,,,,,,Anna,1,"['lshift', 'a', 'n', 'n', 'a']","[1.694078499999705, 1.9664172230000077, 2.237065636999887, 2.4132192009997198, 2.6253999499999736]",[1.6940,1.694,3,0.355345731,,,24,1,2019_Mar_13_1200,FaceNameBlocked,3.0.0,85.03654084,1
FacesBlock2.xlsx,Ashley.mp4,Ashley.JPG,Ashley,24,0,1,1,1,0,9,9,9,,,,,,,0,1,0.555876442,,,,,,,0,0,,,,,24,1,2019_Mar_13_1200,FaceNameBlocked,3.0.0,85.03654084,
FacesBlock2.xlsx,Ashley.mp4,Ashley.JPG,Ashley,24,0,1,1,1,,,,,0,2,2,9,,,,,,,,,0,None,,0,0,1,0.402266356,,,24,1,2019_Mar_13_1200,FaceNameBlocked,3.0.0,85.03654084,
FacesBlock1.xlsx,Bradley.mp4,Bradley.JPG,Bradley,14,0,0,0,0,0,12,12,14,,,,,,,1,1,0.626023279,,,,,,,0,0,,,,,24,1,2019_Mar_13_1200,FaceNameBlocked,3.0.0,85.03654084,
FacesBlock1.xlsx,Bradley.mp4,Bradley.JPG,Bradley,14,0,0,0,0,,,,,0,10,10,14,,,,,,,,,0,None,,0,0,1,0.249396997,,,24,1,2019_Mar_13_1200,FaceNameBlocked,3.0.0,85.03654084,
FacesBlock4.xlsx,Brandon.mp4,Brandon.JPG,Brandon,56,0,3,3,3,0,4,4,11,,,,,,,0,1,2.367546296,,,,,,,0,0,,,,,24,1,2019_Mar_13_1200,FaceNameBlocked,3.0.0,85.03654084,
FacesBlock4.xlsx,Brandon.mp4,Brandon.JPG,Brandon,56,0,3,3,3,,,,,0,0,0,11,,,,,,space,19.52620529,Andrew,0,"['lshift', 'a', 'n', 'd', 'r', 'e', 'w']","[4.435097306999978, 4.669593474000067, 4.9188328049999654, 5.0945899700000155, 5.400381191000179, 5.4710839809999925, 5.589304491999883]",[4.4350,4.435,3,0.365030405,,,24,1,2019_Mar_13_1200,FaceNameBlocked,3.0.0,85.03654084,0
FacesBlock4.xlsx,Brian.mp4,Brian.JPG,Brian,53,0,3,3,3,0,3,3,8,,,,,,,0,1,0.578304763,,,,,,,0,0,,,,,24,1,2019_Mar_13_1200,FaceNameBlocked,3.0.0,85.03654084,
FacesBlock4.xlsx,Brian.mp4,Brian.JPG,Brian,53,0,3,3,3,,,,,0,4,4,8,,,,,,,,Brian,1,"['lshift', 'b', 'r', 'i', 'a', 'n']","[0.6242556839997633, 0.7663934679999329, 1.154904919999808, 1.425276305999887, 1.8016365479998058, 1.9892291189999014]",[0.6242,0.6242,4,0.307493849,,,24,1,2019_Mar_13_1200,FaceNameBlocked,3.0.0,85.03654084,1
FacesBlock4.xlsx,Brianna.mp4,Brianna.JPG,Brianna,48,0,3,3,3,0,12,12,3,,,,,,,0,2,0.744109925,,,,,,,0,0,,,,,24,1,2019_Mar_13_1200,FaceNameBlocked,3.0.0,85.03654084,
FacesBlock4.xlsx,Brianna.mp4,Brianna.JPG,Brianna,48,0,3,3,3,,,,,0,10,10,3,,,,,,,,,0,None,,0,0,1,0.366364271,,,24,1,2019_Mar_13_1200,FaceNameBlocked,3.0.0,85.03654084,
FacesBlock2.xlsx,Brittany.mp4,Brittany.JPG,Brittany,28,0,1,1,1,0,12,12,13,,,,,,,0,2,0.297165109,,,,,,,0,0,,,,,24,1,2019_Mar_13_1200,FaceNameBlocked,3.0.0,85.03654084,
FacesBlock2.xlsx,Brittany.mp4,Brittany.JPG,Brittany,28,0,1,1,1,,,,,0,14,14,13,,,,,,,,,0,None,,0,0,1,0.401686824,,,24,1,2019_Mar_13_1200,FaceNameBlocked,3.0.0,85.03654084,
FacesBlock4.xlsx,Caleb.mp4,Caleb.JPG,Caleb,59,0,3,3,3,0,7,7,14,,,,,,,0,1,1.355670612,,,,,,,0,0,,,,,24,1,2019_Mar_13_1200,FaceNameBlocked,3.0.0,85.03654084,
FacesBlock4.xlsx,Caleb.mp4,Caleb.JPG,Caleb,59,0,3,3,3,,,,,0,6,6,14,,,,,,,,,0,None,,0,0,1,0.378742693,,,24,1,2019_Mar_13_1200,FaceNameBlocked,3.0.0,85.03654084,
FacesBlock2.xlsx,Cody.mp4,Cody.JPG,Cody,23,0,1,1,1,0,4,4,8,,,,,,,1,1,0.908461924,,,,,,,0,0,,,,,24,1,2019_Mar_13_1200,FaceNameBlocked,3.0.0,85.03654084,
FacesBlock2.xlsx,Cody.mp4,Cody.JPG,Cody,23,0,1,1,1,,,,,0,13,13,8,,,,,,,,,0,None,,0,0,1,0.37913097,,,24,1,2019_Mar_13_1200,FaceNameBlocked,3.0.0,85.03654084,
FacesBlock3.xlsx,Courtney.mp4,Courtney.JPG,Courtney,42,0,2,2,2,0,13,13,12,,,,,,,0,2,0.40227987,,,,,,,0,0,,,,,24,1,2019_Mar_13_1200,FaceNameBlocked,3.0.0,85.03654084,
FacesBlock3.xlsx,Courtney.mp4,Courtney.JPG,Courtney,42,0,2,2,2,,,,,0,1,1,12,,,,,,,,Courtney,1,"['lshift', 'c', 'o', 'u', 'r', 't', 'n', 'e', 'y']","[5.211444658999881, 5.553798839000137, 5.835961733000204, 6.047568729999966, 6.164656291000028, 6.306136588999834, 6.765116209000098, 6.9411333719999675, 7.082837419000043]",[5.2114,5.2114,2,0.2842784,,,24,1,2019_Mar_13_1200,FaceNameBlocked,3.0.0,85.03654084,1
FacesBlock3.xlsx,Daniel.mp4,Daniel.JPG,Daniel,30,0,2,2,2,0,12,12,0,,,,,,,0,1,1.097178659,,,,,,,0,0,,,,,24,1,2019_Mar_13_1200,FaceNameBlocked,3.0.0,85.03654084,
FacesBlock3.xlsx,Daniel.mp4,Daniel.JPG,Daniel,30,0,2,2,2,,,,,0,14,14,0,,,,,,,,,0,None,,0,0,1,0.378274665,,,24,1,2019_Mar_13_1200,FaceNameBlocked,3.0.0,85.03654084,
FacesBlock1.xlsx,Danielle.mp4,Danielle.JPG,Danielle,3,0,0,0,0,0,3,3,3,,,,,,,0,2,0.638097839,,,,,,,0,0,,,,,24,1,2019_Mar_13_1200,FaceNameBlocked,3.0.0,85.03654084,
FacesBlock1.xlsx,Danielle.mp4,Danielle.JPG,Danielle,3,0,0,0,0,,,,,0,7,7,3,,,,,,,,,0,None,,0,0,1,0.31973077,,,24,1,2019_Mar_13_1200,FaceNameBlocked,3.0.0,85.03654084,
FacesBlock2.xlsx,David.mp4,David.JPG,David,16,0,1,1,1,0,6,6,1,,,,,,,0,1,0.520492504,,,,,,,0,0,,,,,24,1,2019_Mar_13_1200,FaceNameBlocked,3.0.0,85.03654084,
FacesBlock2.xlsx,David.mp4,David.JPG,David,16,0,1,1,1,,,,,0,9,9,1,,,,,,,,,0,None,,0,0,1,0.248800576,,,24,1,2019_Mar_13_1200,FaceNameBlocked,3.0.0,85.03654084,
FacesBlock4.xlsx,Dylan.mp4,Dylan.JPG,Dylan,50,0,3,3,3,0,9,9,5,,,,,,,0,1,0.543921053,,,,,,,0,0,,,,,24,1,2019_Mar_13_1200,FaceNameBlocked,3.0.0,85.03654084,
FacesBlock4.xlsx,Dylan.mp4,Dylan.JPG,Dylan,50,0,3,3,3,,,,,0,3,3,5,,,,,,,,,0,None,,0,0,1,1.072874043,,,24,1,2019_Mar_13_1200,FaceNameBlocked,3.0.0,85.03654084,
FacesBlock4.xlsx,Emily.mp4,Emily.JPG,Emily,57,0,3,3,3,0,8,8,12,,,,,,,0,2,0.414919871,,,,,,,0,0,,,,,24,1,2019_Mar_13_1200,FaceNameBlocked,3.0.0,85.03654084,
FacesBlock4.xlsx,Emily.mp4,Emily.JPG,Emily,57,0,3,3,3,,,,,0,13,13,12,,,,,,,,,0,None,,0,0,1,0.694218627,,,24,1,2019_Mar_13_1200,FaceNameBlocked,3.0.0,85.03654084,
FacesBlock1.xlsx,Eric.mp4,Eric.JPG,Eric,0,0,0,0,0,0,13,13,0,,,,,,,1,1,0.415042156,,,,,,,0,0,,,,,24,1,2019_Mar_13_1200,FaceNameBlocked,3.0.0,85.03654084,
FacesBlock1.xlsx,Eric.mp4,Eric.JPG,Eric,0,0,0,0,0,,,,,0,6,6,0,,,,,,,,,0,None,,0,0,1,0.778772604,,,24,1,2019_Mar_13_1200,FaceNameBlocked,3.0.0,85.03654084,
FacesBlock1.xlsx,Ethan.mp4,Ethan.JPG,Ethan,11,0,0,0,0,0,11,11,11,,,,,,,0,1,1.402413104,,,,,,,0,0,,,,,24,1,2019_Mar_13_1200,FaceNameBlocked,3.0.0,85.03654084,
FacesBlock1.xlsx,Ethan.mp4,Ethan.JPG,Ethan,11,0,0,0,0,,,,,0,8,8,11,,,,,,,,,0,None,,0,0,1,0.543373281,,,24,1,2019_Mar_13_1200,FaceNameBlocked,3.0.0,85.03654084,
FacesBlock4.xlsx,Grace.mp4,Grace.JPG,Grace,58,0,3,3,3,0,2,2,13,,,,,,,1,2,0.917269705,,,,,,,0,0,,,,,24,1,2019_Mar_13_1200,FaceNameBlocked,3.0.0,85.03654084,
FacesBlock4.xlsx,Grace.mp4,Grace.JPG,Grace,58,0,3,3,3,,,,,0,11,11,13,,,,,,,,Grace,1,"['lshift', 'g', 'r', 'a', 'c', 'e']","[1.7764683370000967, 1.9781566930000736, 2.2015652039999623, 2.411373469999944, 2.636962105999828, 2.88362214100016]",[1.7764,1.7764,3,0.355628153,,,24,1,2019_Mar_13_1200,FaceNameBlocked,3.0.0,85.03654084,1
FacesBlock2.xlsx,Haley.mp4,Haley.JPG,Haley,20,0,1,1,1,0,3,3,5,,,,,,,1,2,0.920789202,,,,,,,0,0,,,,,24,1,2019_Mar_13_1200,FaceNameBlocked,3.0.0,85.03654084,
FacesBlock2.xlsx,Haley.mp4,Haley.JPG,Haley,20,0,1,1,1,,,,,0,10,10,5,,,,,,,,,0,None,,0,0,1,0.331817473,,,24,1,2019_Mar_13_1200,FaceNameBlocked,3.0.0,85.03654084,
FacesBlock1.xlsx,Hannah.mp4,Hannah.JPG,Hannah,1,0,0,0,0,0,6,6,1,,,,,,,0,2,0.823327929,,,,,,,0,0,,,,,24,1,2019_Mar_13_1200,FaceNameBlocked,3.0.0,85.03654084,
FacesBlock1.xlsx,Hannah.mp4,Hannah.JPG,Hannah,1,0,0,0,0,,,,,0,11,11,1,,,,,,,,,0,None,,0,0,1,0.390340968,,,24,1,2019_Mar_13_1200,FaceNameBlocked,3.0.0,85.03654084,
FacesBlock2.xlsx,Heather.mp4,Heather.JPG,Heather,26,0,1,1,1,0,8,8,11,,,,,,,1,2,0.52931504,,,,,,,0,0,,,,,24,1,2019_Mar_13_1200,FaceNameBlocked,3.0.0,85.03654084,
FacesBlock2.xlsx,Heather.mp4,Heather.JPG,Heather,26,0,1,1,1,,,,,0,8,8,11,,,,,,,,Heather,1,"['lshift', 'h', 'lshift', 'e', 'r', 'backspace', 'backspace', 'e', 'a', 't', 'h', 'e', 'r']","[5.552621853000119, 5.907208623000088, 5.975386157999992, 6.318604189000098, 6.601450890000024, 6.977035687000125, 7.10637171999997, 7.3519662890000745, 7.551960976000146, 7.918489819000115, 8.059038021000106, 8.153813141, 8.271369206000145]",[5.5526,5.5526,2,1.342387974,,,24,1,2019_Mar_13_1200,FaceNameBlocked,3.0.0,85.03654084,1
FacesBlock3.xlsx,Jacob.mp4,Jacob.JPG,Jacob,39,0,2,2,2,0,6,6,9,,,,,,,0,1,1.085190303,,,,,,,0,0,,,,,24,1,2019_Mar_13_1200,FaceNameBlocked,3.0.0,85.03654084,
FacesBlock3.xlsx,Jacob.mp4,Jacob.JPG,Jacob,39,0,2,2,2,,,,,0,12,12,9,,,,,,,,,0,None,,0,0,1,0.437361905,,,24,1,2019_Mar_13_1200,FaceNameBlocked,3.0.0,85.03654084,
FacesBlock4.xlsx,Jason.mp4,Jason.JPG,Jason,49,0,3,3,3,0,14,14,4,,,,,,,1,1,1.003327886,,,,,,,0,0,,,,,24,1,2019_Mar_13_1200,FaceNameBlocked,3.0.0,85.03654084,
FacesBlock4.xlsx,Jason.mp4,Jason.JPG,Jason,49,0,3,3,3,,,,,0,12,12,4,,,,,,,,Jason,1,"['lshift', 'j', 'a', 's', 'o', 'n']","[3.5289031369998156, 4.036498246000065, 4.340331034999963, 4.541795130000082, 4.694709342999886, 4.859272535999935]",[3.5289,3.5289,3,0.296370468,,,24,1,2019_Mar_13_1200,FaceNameBlocked,3.0.0,85.03654084,1
FacesBlock1.xlsx,Jenna.mp4,Jenna.JPG,Jenna,6,0,0,0,0,0,5,5,6,,,,,,,0,2,1.355666411,,,,,,,0,0,,,,,24,1,2019_Mar_13_1200,FaceNameBlocked,3.0.0,85.03654084,
FacesBlock1.xlsx,Jenna.mp4,Jenna.JPG,Jenna,6,0,0,0,0,,,,,0,5,5,6,,,,,,,,,0,None,,0,0,1,1.413511152,,,24,1,2019_Mar_13_1200,FaceNameBlocked,3.0.0,85.03654084,
FacesBlock2.xlsx,Jeremy.mp4,Jeremy.JPG,Jeremy,15,0,1,1,1,0,10,10,0,,,,,,,1,1,0.68535258,,,,,,,0,0,,,,,24,1,2019_Mar_13_1200,FaceNameBlocked,3.0.0,85.03654084,
FacesBlock2.xlsx,Jeremy.mp4,Jeremy.JPG,Jeremy,15,0,1,1,1,,,,,0,0,0,0,,,,,,space,15.75076998,,0,None,,0,0,1,0.625525224,,,24,1,2019_Mar_13_1200,FaceNameBlocked,3.0.0,85.03654084,
FacesBlock1.xlsx,Jessica.mp4,Jessica.JPG,Jessica,8,0,0,0,0,0,9,9,8,,,,,,,0,2,0.402469416,,,,,,,0,0,,,,,24,1,2019_Mar_13_1200,FaceNameBlocked,3.0.0,85.03654084,
FacesBlock1.xlsx,Jessica.mp4,Jessica.JPG,Jessica,8,0,0,0,0,,,,,0,13,13,8,,,,,,,,,0,"['1', 'backspace']","[7.551886103000015, 8.727141827000196]",[7.5518,7.5518,1,0.461196921,,,24,1,2019_Mar_13_1200,FaceNameBlocked,3.0.0,85.03654084,
FacesBlock2.xlsx,Josh.mp4,Josh.JPG,Josh,19,0,1,1,1,0,0,0,4,,,,,,,0,1,1.250201094,,,,,,,0,0,,,,,24,1,2019_Mar_13_1200,FaceNameBlocked,3.0.0,85.03654084,
FacesBlock2.xlsx,Josh.mp4,Josh.JPG,Josh,19,0,1,1,1,,,,,0,3,3,4,,,,,,,,Josh,1,"['lshift', 'lshift', 'j', 'o', 's', 'h']","[3.9765733750000436, 4.457972548000043, 4.672086373999946, 5.01266727899997, 5.18898282300006, 5.377102925999907]",[3.9765,3.9765,4,1.943614537,,,24,1,2019_Mar_13_1200,FaceNameBlocked,3.0.0,85.03654084,1
FacesBlock1.xlsx,Julia.mp4,Julia.JPG,Julia,13,0,0,0,0,0,2,2,13,,,,,,,1,2,1.226506183,,,,,,,0,0,,,,,24,1,2019_Mar_13_1200,FaceNameBlocked,3.0.0,85.03654084,
FacesBlock1.xlsx,Julia.mp4,Julia.JPG,Julia,13,0,0,0,0,,,,,0,2,2,13,,,,,,,,,0,None,,0,0,1,0.743153449,,,24,1,2019_Mar_13_1200,FaceNameBlocked,3.0.0,85.03654084,
FacesBlock2.xlsx,Justin.mp4,Justin.JPG,Justin,27,0,1,1,1,0,11,11,12,,,,,,,0,1,0.626421578,,,,,,,0,0,,,,,24,1,2019_Mar_13_1200,FaceNameBlocked,3.0.0,85.03654084,
FacesBlock2.xlsx,Justin.mp4,Justin.JPG,Justin,27,0,1,1,1,,,,,0,4,4,12,,,,,,,,,0,None,,0,0,1,1.460822646,,,24,1,2019_Mar_13_1200,FaceNameBlocked,3.0.0,85.03654084,
FacesBlock4.xlsx,Katie.mp4,Katie.JPG,Katie,54,0,3,3,3,0,10,10,9,,,,,,,0,2,1.214650401,,,,,,,0,0,,,,,24,1,2019_Mar_13_1200,FaceNameBlocked,3.0.0,85.03654084,
FacesBlock4.xlsx,Katie.mp4,Katie.JPG,Katie,54,0,3,3,3,,,,,0,1,1,9,,,,,,,,Katie,1,"['lshift', 'k', 'a', 't', 'i', 'e']","[3.447768358999838, 3.705879802999789, 4.213813162999941, 4.57808064899973, 5.119124950999776, 5.272043528999802]",[3.4477,3.4477,3,0.331344364,,,24,1,2019_Mar_13_1200,FaceNameBlocked,3.0.0,85.03654084,1
FacesBlock3.xlsx,Kayla.mp4,Kayla.JPG,Kayla,34,0,2,2,2,0,3,3,4,,,,,,,1,2,0.497390195,,,,,,,0,0,,,,,24,1,2019_Mar_13_1200,FaceNameBlocked,3.0.0,85.03654084,
FacesBlock3.xlsx,Kayla.mp4,Kayla.JPG,Kayla,34,0,2,2,2,,,,,0,5,5,4,,,,,,,,,0,None,,0,0,1,0.284867558,,,24,1,2019_Mar_13_1200,FaceNameBlocked,3.0.0,85.03654084,
FacesBlock1.xlsx,Kelsey.mp4,Kelsey.JPG,Kelsey,12,0,0,0,0,0,8,8,12,,,,,,,1,2,0.849451408,,,,,,,0,0,,,,,24,1,2019_Mar_13_1200,FaceNameBlocked,3.0.0,85.03654084,
FacesBlock1.xlsx,Kelsey.mp4,Kelsey.JPG,Kelsey,12,0,0,0,0,,,,,0,3,3,12,,,,,,,,,0,None,,0,0,1,1.307919837,,,24,1,2019_Mar_13_1200,FaceNameBlocked,3.0.0,85.03654084,
FacesBlock3.xlsx,Kevin.mp4,Kevin.JPG,Kevin,41,0,2,2,2,0,7,7,11,,,,,,,0,1,0.673471371,,,,,,,0,0,,,,,24,1,2019_Mar_13_1200,FaceNameBlocked,3.0.0,85.03654084,
FacesBlock3.xlsx,Kevin.mp4,Kevin.JPG,Kevin,41,0,2,2,2,,,,,0,9,9,11,,,,,,,,,0,None,,0,0,1,0.531515076,,,24,1,2019_Mar_13_1200,FaceNameBlocked,3.0.0,85.03654084,
FacesBlock1.xlsx,Kyle.mp4,Kyle.JPG,Kyle,4,0,0,0,0,0,4,4,4,,,,,,,1,1,0.768142903,,,,,,,0,0,,,,,24,1,2019_Mar_13_1200,FaceNameBlocked,3.0.0,85.03654084,
FacesBlock1.xlsx,Kyle.mp4,Kyle.JPG,Kyle,4,0,0,0,0,,,,,0,4,4,4,,,,,,,,Bradley,0,"['lshift', 'lshift', 'b', 'r', 'a', 'd', 'l', 'e', 'y']","[4.776790061999918, 5.234480014999917, 5.330665275999991, 5.5659460599999875, 5.659656997999946, 5.859909032999894, 6.012686462999909, 6.153482180000083, 6.283300213000075]",[4.7767,4.7767,2,0.50759658,,,24,1,2019_Mar_13_1200,FaceNameBlocked,3.0.0,85.03654084,0
FacesBlock3.xlsx,Lauren.mp4,Lauren.JPG,Lauren,38,0,2,2,2,0,1,1,8,,,,,,,1,2,1.309493556,,,,,,,0,0,,,,,24,1,2019_Mar_13_1200,FaceNameBlocked,3.0.0,85.03654084,
FacesBlock3.xlsx,Lauren.mp4,Lauren.JPG,Lauren,38,0,2,2,2,,,,,0,0,0,8,,,,,,space,11.56389429,,0,None,,0,0,1,1.096249757,,,24,1,2019_Mar_13_1200,FaceNameBlocked,3.0.0,85.03654084,
FacesBlock3.xlsx,Mark.mp4,Mark.JPG,Mark,40,0,2,2,2,0,5,5,10,,,,,,,0,1,1.050242952,,,,,,,0,0,,,,,24,1,2019_Mar_13_1200,FaceNameBlocked,3.0.0,85.03654084,
FacesBlock3.xlsx,Mark.mp4,Mark.JPG,Mark,40,0,2,2,2,,,,,0,6,6,10,,,,,,,,,0,None,,0,0,1,0.202793468,,,24,1,2019_Mar_13_1200,FaceNameBlocked,3.0.0,85.03654084,
FacesBlock1.xlsx,Matthew.mp4,Matthew.JPG,Matthew,9,0,0,0,0,0,14,14,9,,,,,,,1,1,0.376360441,,,,,,,0,0,,,,,24,1,2019_Mar_13_1200,FaceNameBlocked,3.0.0,85.03654084,
FacesBlock1.xlsx,Matthew.mp4,Matthew.JPG,Matthew,9,0,0,0,0,,,,,0,1,1,9,,,,,,,,Adam,0,"['lshift', 'a', 'd', 'a', 'm']","[3.1048975419998897, 3.3540798449998874, 3.624275891000025, 3.742468302999896, 3.8811010209999495]",[3.1048,3.1048,1,1.166713966,,,24,1,2019_Mar_13_1200,FaceNameBlocked,3.0.0,85.03654084,0
FacesBlock2.xlsx,Megan.mp4,Megan.JPG,Megan,25,0,1,1,1,0,2,2,10,,,,,,,0,2,0.767416389,,,,,,,0,0,,,,,24,1,2019_Mar_13_1200,FaceNameBlocked,3.0.0,85.03654084,
FacesBlock2.xlsx,Megan.mp4,Megan.JPG,Megan,25,0,1,1,1,,,,,0,12,12,10,,,,,,,,,0,None,,0,0,1,0.484859154,,,24,1,2019_Mar_13_1200,FaceNameBlocked,3.0.0,85.03654084,
FacesBlock4.xlsx,Michael.mp4,Michael.JPG,Michael,46,0,3,3,3,0,11,11,1,,,,,,,1,1,0.588690002,,,,,,,0,0,,,,,24,1,2019_Mar_13_1200,FaceNameBlocked,3.0.0,85.03654084,
FacesBlock4.xlsx,Michael.mp4,Michael.JPG,Michael,46,0,3,3,3,,,,,0,14,14,1,,,,,,,,,0,None,,0,0,1,0.341029323,,,24,1,2019_Mar_13_1200,FaceNameBlocked,3.0.0,85.03654084,
FacesBlock4.xlsx,Michelle.mp4,Michelle.JPG,Michelle,52,0,3,3,3,0,0,0,7,,,,,,,0,2,1.225658163,,,,,,,0,0,,,,,24,1,2019_Mar_13_1200,FaceNameBlocked,3.0.0,85.03654084,
FacesBlock4.xlsx,Michelle.mp4,Michelle.JPG,Michelle,52,0,3,3,3,,,,,0,8,8,7,,,,,,,,,0,None,,0,0,1,1.166534115,,,24,1,2019_Mar_13_1200,FaceNameBlocked,3.0.0,85.03654084,
FacesBlock1.xlsx,Natalie.mp4,Natalie.JPG,Natalie,7,0,0,0,0,0,10,10,7,,,,,,,1,2,0.285390598,,,,,,,0,0,,,,,24,1,2019_Mar_13_1200,FaceNameBlocked,3.0.0,85.03654084,
FacesBlock1.xlsx,Natalie.mp4,Natalie.JPG,Natalie,7,0,0,0,0,,,,,0,14,14,7,,,,,,,,,0,None,,0,0,1,0.496123742,,,24,1,2019_Mar_13_1200,FaceNameBlocked,3.0.0,85.03654084,
FacesBlock3.xlsx,Nathan.mp4,Nathan.JPG,Nathan,37,0,2,2,2,0,4,4,7,,,,,,,1,1,0.367892823,,,,,,,0,0,,,,,24,1,2019_Mar_13_1200,FaceNameBlocked,3.0.0,85.03654084,
FacesBlock3.xlsx,Nathan.mp4,Nathan.JPG,Nathan,37,0,2,2,2,,,,,0,3,3,7,,,,,,,,Tyler,0,"['lshift', 't', 'y', 'l', 'e', 'r']","[3.423771083000247, 3.7517210640003213, 4.166137340000205, 4.4716734510002425, 4.706998298000144, 4.765215634000015]",[3.4237,3.4237,1,0.319772319,,,24,1,2019_Mar_13_1200,FaceNameBlocked,3.0.0,85.03654084,0
FacesBlock3.xlsx,Nicole.mp4,Nicole.JPG,Nicole,43,0,2,2,2,0,8,8,13,,,,,,,1,2,0.273901912,,,,,,,0,0,,,,,24,1,2019_Mar_13_1200,FaceNameBlocked,3.0.0,85.03654084,
FacesBlock3.xlsx,Nicole.mp4,Nicole.JPG,Nicole,43,0,2,2,2,,,,,0,13,13,13,,,,,,,,,1,None,,0,0,1,0.307985397,,,24,1,2019_Mar_13_1200,FaceNameBlocked,3.0.0,85.03654084,
FacesBlock3.xlsx,Noah.mp4,Noah.JPG,Noah,31,0,2,2,2,0,11,11,1,,,,,,,1,1,0.520498182,,,,,,,0,0,,,,,24,1,2019_Mar_13_1200,FaceNameBlocked,3.0.0,85.03654084,
FacesBlock3.xlsx,Noah.mp4,Noah.JPG,Noah,31,0,2,2,2,,,,,0,10,10,1,,,,,,,,Noah,1,"['lshift', 'n', 'o', 'a', 'h']","[2.4708916029999273, 2.6488337219998357, 2.9069208969999636, 3.0954713460000676, 3.3299406559999625]",[2.4708,2.4708,4,0.259384145,,,24,1,2019_Mar_13_1200,FaceNameBlocked,3.0.0,85.03654084,1
FacesBlock3.xlsx,Olivia.mp4,Olivia.JPG,Olivia,35,0,2,2,2,0,2,2,5,,,,,,,1,2,0.626637133,,,,,,,0,0,,,,,24,1,2019_Mar_13_1200,FaceNameBlocked,3.0.0,85.03654084,
FacesBlock3.xlsx,Olivia.mp4,Olivia.JPG,Olivia,35,0,2,2,2,,,,,0,8,8,5,,,,,,,,Olivia,1,"['lshift', 'o', 'l', 'i', 'v', 'i', 'a']","[6.103985499999908, 6.3996162419998655, 6.622584892999839, 7.139798214999701, 7.293171830999654, 7.456046151999999, 7.5754334989997005]",[6.1039,6.1039,1,0.296408122,,,24,1,2019_Mar_13_1200,FaceNameBlocked,3.0.0,85.03654084,1
FacesBlock2.xlsx,Rachel.mp4,Rachel.JPG,Rachel,29,0,1,1,1,0,14,14,14,,,,,,,0,2,0.203191788,,,,,,,0,0,,,,,24,1,2019_Mar_13_1200,FaceNameBlocked,3.0.0,85.03654084,
FacesBlock2.xlsx,Rachel.mp4,Rachel.JPG,Rachel,29,0,1,1,1,,,,,0,5,5,14,,,,,,,,,0,None,,0,0,1,0.33162157,,,24,1,2019_Mar_13_1200,FaceNameBlocked,3.0.0,85.03654084,
FacesBlock3.xlsx,Rebecca.mp4,Rebecca.JPG,Rebecca,32,0,2,2,2,0,9,9,2,,,,,,,1,2,0.473526599,,,,,,,0,0,,,,,24,1,2019_Mar_13_1200,FaceNameBlocked,3.0.0,85.03654084,
FacesBlock3.xlsx,Rebecca.mp4,Rebecca.JPG,Rebecca,32,0,2,2,2,,,,,0,7,7,2,,,,,,,,Rebecca,1,"['lshift', 'l', 'i', 'backspace', 'backspace', 'lshift', 'r', 'e', 'b', 'e', 'c', 'c', 'a']","[1.6238596910002343, 1.9309614730000249, 2.295630550000169, 2.682848806000038, 2.8480847490000087, 3.1058246060001693, 3.23662393099994, 3.6245270859999437, 3.9067906590003076, 4.118918441000005, 4.3540047169999525, 4.541757900999983, 4.657748511000136]",[1.6238,1.6238,1,0.284978246,,,24,1,2019_Mar_13_1200,FaceNameBlocked,3.0.0,85.03654084,1
FacesBlock3.xlsx,Sarah.mp4,Sarah.JPG,Sarah,33,0,2,2,2,0,10,10,3,,,,,,,0,2,0.590977889,,,,,,,0,0,,,,,24,1,2019_Mar_13_1200,FaceNameBlocked,3.0.0,85.03654084,
FacesBlock3.xlsx,Sarah.mp4,Sarah.JPG,Sarah,33,0,2,2,2,,,,,0,11,11,3,,,,,,,,,0,None,,0,0,1,0.320462787,,,24,1,2019_Mar_13_1200,FaceNameBlocked,3.0.0,85.03654084,
FacesBlock3.xlsx,Shelby.mp4,Shelby.JPG,Shelby,36,0,2,2,2,0,0,0,6,,,,,,,0,2,1.626397641,,,,,,,0,0,,,,,24,1,2019_Mar_13_1200,FaceNameBlocked,3.0.0,85.03654084,
FacesBlock3.xlsx,Shelby.mp4,Shelby.JPG,Shelby,36,0,2,2,2,,,,,0,4,4,6,,,,,,,,Olivia,0,"['lshift', 'o', 'l', 'i', 'v', 'i', 'a']","[5.951838381000016, 6.258957487999851, 6.482084618000044, 6.894079522000084, 7.315603522999936, 7.447147506999954, 7.787961517999975]",[5.9518,5.9518,1,0.261028458,,,24,1,2019_Mar_13_1200,FaceNameBlocked,3.0.0,85.03654084,0
FacesBlock2.xlsx,Steven.mp4,Steven.JPG,Steven,17,0,1,1,1,0,7,7,2,,,,,,,0,1,0.438355027,,,,,,,0,0,,,,,24,1,2019_Mar_13_1200,FaceNameBlocked,3.0.0,85.03654084,
FacesBlock2.xlsx,Steven.mp4,Steven.JPG,Steven,17,0,1,1,1,,,,,0,1,1,2,,,,,,,,,0,None,,0,0,1,0.614043701,,,24,1,2019_Mar_13_1200,FaceNameBlocked,3.0.0,85.03654084,
FacesBlock4.xlsx,Taylor.mp4,Taylor.JPG,Taylor,45,0,3,3,3,0,5,5,0,,,,,,,1,2,0.367652674,,,,,,,0,0,,,,,24,1,2019_Mar_13_1200,FaceNameBlocked,3.0.0,85.03654084,
FacesBlock4.xlsx,Taylor.mp4,Taylor.JPG,Taylor,45,0,3,3,3,,,,,0,9,9,0,,,,,,,,Taylor,1,"['lshift', 't', 'a', 'y', 'l', 'o', 'r']","[4.199372172999574, 4.989058849999765, 5.259334899999885, 5.612569766999968, 5.882884661999924, 6.106498004999594, 6.235531669000011]",[4.1993,4.1993,2,0.33160188,,,24,1,2019_Mar_13_1200,FaceNameBlocked,3.0.0,85.03654084,1
FacesBlock3.xlsx,Thomas.mp4,Thomas.JPG,Thomas,44,0,2,2,2,0,14,14,14,,,,,,,1,1,0.367960707,,,,,,,0,0,,,,,24,1,2019_Mar_13_1200,FaceNameBlocked,3.0.0,85.03654084,
FacesBlock3.xlsx,Thomas.mp4,Thomas.JPG,Thomas,44,0,2,2,2,,,,,0,2,2,14,,,,,,,,Mark,0,"['lshift', 'm', 'a', 'r', 'k']","[3.858189926999785, 4.165346610000142, 4.683329896000032, 4.930189302000144, 5.106614198999978]",[3.8581,3.8581,2,0.237478606,,,24,1,2019_Mar_13_1200,FaceNameBlocked,3.0.0,85.03654084,0
FacesBlock1.xlsx,Timothy.mp4,Timothy.JPG,Timothy,10,0,0,0,0,0,7,7,10,,,,,,,1,1,0.768057423,,,,,,,0,0,,,,,24,1,2019_Mar_13_1200,FaceNameBlocked,3.0.0,85.03654084,
FacesBlock1.xlsx,Timothy.mp4,Timothy.JPG,Timothy,10,0,0,0,0,,,,,0,12,12,10,,,,,,,,,0,None,,0,0,1,0.178838843,,,24,1,2019_Mar_13_1200,FaceNameBlocked,3.0.0,85.03654084,
FacesBlock2.xlsx,Trevor.mp4,Trevor.JPG,Trevor,21,0,1,1,1,0,5,5,6,,,,,,,1,1,0.941352291,,,,,,,0,0,,,,,24,1,2019_Mar_13_1200,FaceNameBlocked,3.0.0,85.03654084,
FacesBlock2.xlsx,Trevor.mp4,Trevor.JPG,Trevor,21,0,1,1,1,,,,,0,6,6,6,,,,,,,,,0,None,,0,0,1,0.273740755,,,24,1,2019_Mar_13_1200,FaceNameBlocked,3.0.0,85.03654084,
FacesBlock2.xlsx,Tyler.mp4,Tyler.JPG,Tyler,22,0,1,1,1,0,13,13,7,,,,,,,1,1,1.46094433,,,,,,,0,0,,,,,24,1,2019_Mar_13_1200,FaceNameBlocked,3.0.0,85.03654084,
FacesBlock2.xlsx,Tyler.mp4,Tyler.JPG,Tyler,22,0,1,1,1,,,,,0,11,11,7,,,,,,,,,0,None,,0,0,1,0.814704786,,,24,1,2019_Mar_13_1200,FaceNameBlocked,3.0.0,85.03654084,
,,,,,,,,,,,,,,,,,space,67.18524798,,,,,,,,,,,,,,,,24,1,2019_Mar_13_1200,FaceNameBlocked,3.0.0,85.03654084,
,,,,,,,,,,,,,,,,,,,,,,,,,,,,,,,,space,42.02590541,24,1,2019_Mar_13_1200,FaceNameBlocked,3.0.0,85.03654084,