condsFile,Video,Photo,Name,Row,blocks.thisRepN,blocks.thisTrialN,blocks.thisN,blocks.thisIndex,presentations.thisRepN,presentations.thisTrialN,presentations.thisN,presentations.thisIndex,testing.thisRepN,testing.thisTrialN,testing.thisN,testing.thisIndex,advance_1.keys,advance_1.rt,currentCond,judgementResp.keys,judgementResp.rt,advance_2.keys,advance_2.rt,inputText,Accuracy,key_resp_3.keys,key_resp_3.rt,trim1,key_resp3_fin,rating_resp.keys,rating_resp.rt,end_key.keys,end_key.rt,participant,session,date,expName,psychopyVersion,frameRate,ACCURACY
FacesBlock2.xlsx,Aaron.mp4,Aaron.JPG,Aaron,18,0,1,1,1,0,5,5,3,,,,,,,0,1,0.745571247,,,,,,,0,0,,,,,31,1,2019_Apr_05_1004,FaceNameBlocked,3.0.0,84.72912708,
FacesBlock2.xlsx,Aaron.mp4,Aaron.JPG,Aaron,18,0,1,1,1,,,,,0,8,8,3,,,,,,,,aaron,1,"['a', 'a', 'r', 'o', 'n']","[2.436606695000137, 2.6486460190001253, 3.0932592990000103, 3.6245560710001428, 3.7067001230000187]",[2.4366,2.4366,3,0.342660873,,,31,1,2019_Apr_05_1004,FaceNameBlocked,3.0.0,84.72912708,1
FacesBlock1.xlsx,Adam.mp4,Adam.JPG,Adam,5,0,0,0,0,0,12,12,5,,,,,,,1,1,0.273557923,,,,,,,0,0,,,,,31,1,2019_Apr_05_1004,FaceNameBlocked,3.0.0,84.72912708,
FacesBlock1.xlsx,Adam.mp4,Adam.JPG,Adam,5,0,0,0,0,,,,,0,2,2,5,,,,,,,,,0,None,,0,0,1,0.365325461,,,31,1,2019_Apr_05_1004,FaceNameBlocked,3.0.0,84.72912708,
FacesBlock4.xlsx,Alyssa.mp4,Alyssa.JPG,Alyssa,55,0,3,3,3,0,1,1,10,,,,,,,0,2,0.884710199,,,,,,,0,0,,,,,31,1,2019_Apr_05_1004,FaceNameBlocked,3.0.0,84.72912708,
FacesBlock4.xlsx,Alyssa.mp4,Alyssa.JPG,Alyssa,55,0,3,3,3,,,,,0,7,7,10,,,,,,,,,0,None,,0,0,1,0.505972731,,,31,1,2019_Apr_05_1004,FaceNameBlocked,3.0.0,84.72912708,
FacesBlock1.xlsx,Amanda.mp4,Amanda.JPG,Amanda,2,0,0,0,0,0,0,0,2,,,,,,,0,2,1.68545035,,,,,,,0,0,,,,,31,1,2019_Apr_05_1004,FaceNameBlocked,3.0.0,84.72912708,
FacesBlock1.xlsx,Amanda.mp4,Amanda.JPG,Amanda,2,0,0,0,0,,,,,0,9,9,2,,,,,,,,,0,None,,0,0,1,0.286272036,,,31,1,2019_Apr_05_1004,FaceNameBlocked,3.0.0,84.72912708,
FacesBlock4.xlsx,Andrew.mp4,Andrew.JPG,Andrew,51,0,3,3,3,0,7,7,6,,,,,,,1,1,0.496583455,,,,,,,0,0,,,,,31,1,2019_Apr_05_1004,FaceNameBlocked,3.0.0,84.72912708,
FacesBlock4.xlsx,Andrew.mp4,Andrew.JPG,Andrew,51,0,3,3,3,,,,,0,4,4,6,,,,,,,,,0,None,,0,0,1,0.331407901,,,31,1,2019_Apr_05_1004,FaceNameBlocked,3.0.0,84.72912708,
FacesBlock4.xlsx,Anna.mp4,Anna.JPG,Anna,47,0,3,3,3,0,3,3,2,,,,,,,0,2,0.837910376,,,,,,,0,0,,,,,31,1,2019_Apr_05_1004,FaceNameBlocked,3.0.0,84.72912708,
FacesBlock4.xlsx,Anna.mp4,Anna.JPG,Anna,47,0,3,3,3,,,,,0,3,3,2,,,,,,,,,0,None,,0,0,1,0.284675643,,,31,1,2019_Apr_05_1004,FaceNameBlocked,3.0.0,84.72912708,
FacesBlock2.xlsx,Ashley.mp4,Ashley.JPG,Ashley,24,0,1,1,1,0,14,14,9,,,,,,,0,2,0.933421638,,,,,,,0,0,,,,,31,1,2019_Apr_05_1004,FaceNameBlocked,3.0.0,84.72912708,
FacesBlock2.xlsx,Ashley.mp4,Ashley.JPG,Ashley,24,0,1,1,1,,,,,0,6,6,9,,,,,,,,ashle,1,"['a', 's', 'h', 'l', 'e']","[6.95318495499987, 7.094493610999962, 7.494262255999956, 9.093832827999904, 9.293595825000011]",[6.9531,6.9531,1,1.59051618,,,31,1,2019_Apr_05_1004,FaceNameBlocked,3.0.0,84.72912708,1
FacesBlock1.xlsx,Bradley.mp4,Bradley.JPG,Bradley,14,0,0,0,0,0,10,10,14,,,,,,,0,1,0.379982436,,,,,,,0,0,,,,,31,1,2019_Apr_05_1004,FaceNameBlocked,3.0.0,84.72912708,
FacesBlock1.xlsx,Bradley.mp4,Bradley.JPG,Bradley,14,0,0,0,0,,,,,0,7,7,14,,,,,,,,bradley,1,"['b', 'r', 'a', 'd', 'l', 'e', 'y']","[1.340454124999951, 1.6142875519999507, 2.6132046440000067, 2.860469387999956, 3.5407913120000103, 3.858698947999983, 4.002089865000016]",[1.3404,1.3404,3,0.343363324,,,31,1,2019_Apr_05_1004,FaceNameBlocked,3.0.0,84.72912708,1
FacesBlock4.xlsx,Brandon.mp4,Brandon.JPG,Brandon,56,0,3,3,3,0,14,14,11,,,,,,,1,1,0.814713074,,,,,,,0,0,,,,,31,1,2019_Apr_05_1004,FaceNameBlocked,3.0.0,84.72912708,
FacesBlock4.xlsx,Brandon.mp4,Brandon.JPG,Brandon,56,0,3,3,3,,,,,0,10,10,11,,,,,,,,,0,None,,0,0,1,0.51979739,,,31,1,2019_Apr_05_1004,FaceNameBlocked,3.0.0,84.72912708,
FacesBlock4.xlsx,Brian.mp4,Brian.JPG,Brian,53,0,3,3,3,0,5,5,8,,,,,,,1,1,1.543473598,,,,,,,0,0,,,,,31,1,2019_Apr_05_1004,FaceNameBlocked,3.0.0,84.72912708,
FacesBlock4.xlsx,Brian.mp4,Brian.JPG,Brian,53,0,3,3,3,,,,,0,1,1,8,,,,,,,,bryan,1,"['b', 'r', 'y', 'a', 'n']","[2.883468235999999, 3.636210093000045, 3.7648644470000363, 3.906602344000021, 4.106173635999994]",[2.8834,2.8834,1,0.213840186,,,31,1,2019_Apr_05_1004,FaceNameBlocked,3.0.0,84.72912708,1
FacesBlock4.xlsx,Brianna.mp4,Brianna.JPG,Brianna,48,0,3,3,3,0,0,0,3,,,,,,,1,2,1.226388316,,,,,,,0,0,,,,,31,1,2019_Apr_05_1004,FaceNameBlocked,3.0.0,84.72912708,
FacesBlock4.xlsx,Brianna.mp4,Brianna.JPG,Brianna,48,0,3,3,3,,,,,0,5,5,3,,,,,,,,,0,None,,0,0,1,0.282708168,,,31,1,2019_Apr_05_1004,FaceNameBlocked,3.0.0,84.72912708,
FacesBlock2.xlsx,Brittany.mp4,Brittany.JPG,Brittany,28,0,1,1,1,0,9,9,13,,,,,,,0,1,0.874629438,,,,,,,0,0,,,,,31,1,2019_Apr_05_1004,FaceNameBlocked,3.0.0,84.72912708,
FacesBlock2.xlsx,Brittany.mp4,Brittany.JPG,Brittany,28,0,1,1,1,,,,,0,1,1,13,,,,,,,,britney,1,"['b', 'r', 'i', 't', 'n', 'e', 'y']","[2.6008393380000143, 3.0126035890000367, 3.212575945000026, 3.3776632110000264, 3.5780209039999136, 3.695053268000038, 3.977740615999892]",[2.6008,2.6008,3,0.403604543,,,31,1,2019_Apr_05_1004,FaceNameBlocked,3.0.0,84.72912708,1
FacesBlock4.xlsx,Caleb.mp4,Caleb.JPG,Caleb,59,0,3,3,3,0,10,10,14,,,,,,,0,1,0.661476615,,,,,,,0,0,,,,,31,1,2019_Apr_05_1004,FaceNameBlocked,3.0.0,84.72912708,
FacesBlock4.xlsx,Caleb.mp4,Caleb.JPG,Caleb,59,0,3,3,3,,,,,0,14,14,14,,,,,,,,,0,None,,0,0,1,0.425827159,,,31,1,2019_Apr_05_1004,FaceNameBlocked,3.0.0,84.72912708,
FacesBlock2.xlsx,Cody.mp4,Cody.JPG,Cody,23,0,1,1,1,0,7,7,8,,,,,,,0,1,0.824376094,,,,,,,0,0,,,,,31,1,2019_Apr_05_1004,FaceNameBlocked,3.0.0,84.72912708,
FacesBlock2.xlsx,Cody.mp4,Cody.JPG,Cody,23,0,1,1,1,,,,,0,10,10,8,,,,,,,,,0,None,,0,0,1,0.249503007,,,31,1,2019_Apr_05_1004,FaceNameBlocked,3.0.0,84.72912708,
FacesBlock3.xlsx,Courtney.mp4,Courtney.JPG,Courtney,42,0,2,2,2,0,11,11,12,,,,,,,1,2,0.673802774,,,,,,,0,0,,,,,31,1,2019_Apr_05_1004,FaceNameBlocked,3.0.0,84.72912708,
FacesBlock3.xlsx,Courtney.mp4,Courtney.JPG,Courtney,42,0,2,2,2,,,,,0,12,12,12,,,,,,,,,0,None,,0,0,1,0.296451396,,,31,1,2019_Apr_05_1004,FaceNameBlocked,3.0.0,84.72912708,
FacesBlock3.xlsx,Daniel.mp4,Daniel.JPG,Daniel,30,0,2,2,2,0,8,8,0,,,,,,,1,1,0.661940293,,,,,,,0,0,,,,,31,1,2019_Apr_05_1004,FaceNameBlocked,3.0.0,84.72912708,
FacesBlock3.xlsx,Daniel.mp4,Daniel.JPG,Daniel,30,0,2,2,2,,,,,0,6,6,0,,,,,,,,,0,None,,0,0,1,0.248945748,,,31,1,2019_Apr_05_1004,FaceNameBlocked,3.0.0,84.72912708,
FacesBlock1.xlsx,Danielle.mp4,Danielle.JPG,Danielle,3,0,0,0,0,0,13,13,3,,,,,,,0,2,0.438367246,,,,,,,0,0,,,,,31,1,2019_Apr_05_1004,FaceNameBlocked,3.0.0,84.72912708,
FacesBlock1.xlsx,Danielle.mp4,Danielle.JPG,Danielle,3,0,0,0,0,,,,,0,12,12,3,,,,,,,,,0,None,,0,0,1,0.34412577,,,31,1,2019_Apr_05_1004,FaceNameBlocked,3.0.0,84.72912708,
FacesBlock2.xlsx,David.mp4,David.JPG,David,16,0,1,1,1,0,12,12,1,,,,,,,0,1,0.816776284,,,,,,,0,0,,,,,31,1,2019_Apr_05_1004,FaceNameBlocked,3.0.0,84.72912708,
FacesBlock2.xlsx,David.mp4,David.JPG,David,16,0,1,1,1,,,,,0,9,9,1,,,,,,,,,0,None,,0,0,1,0.308583807,,,31,1,2019_Apr_05_1004,FaceNameBlocked,3.0.0,84.72912708,
FacesBlock4.xlsx,Dylan.mp4,Dylan.JPG,Dylan,50,0,3,3,3,0,13,13,5,,,,,,,0,1,0.720819164,,,,,,,0,0,,,,,31,1,2019_Apr_05_1004,FaceNameBlocked,3.0.0,84.72912708,
FacesBlock4.xlsx,Dylan.mp4,Dylan.JPG,Dylan,50,0,3,3,3,,,,,0,9,9,5,,,,,,,,dylan,1,"['d', 'y', 'l', 's', 'n', 'backspace', 'backspace', 'backspace', 'a', 'n', 'backspace', 'backspace', 'l', 'a', 'n']","[2.624969222000118, 2.742800352000131, 3.5539818550000746, 3.7523785690000295, 3.9190995090000342, 4.506844322000006, 4.623874968000109, 4.882800215000088, 5.1655476150001505, 5.328311321000001, 5.776461994000101, 5.929349808000097, 6.577009969000073, 6.705976757000144, 6.847117360000084]",[2.6249,2.6249,1,0.260565172,,,31,1,2019_Apr_05_1004,FaceNameBlocked,3.0.0,84.72912708,1
FacesBlock4.xlsx,Emily.mp4,Emily.JPG,Emily,57,0,3,3,3,0,12,12,12,,,,,,,1,2,0.685352579,,,,,,,0,0,,,,,31,1,2019_Apr_05_1004,FaceNameBlocked,3.0.0,84.72912708,
FacesBlock4.xlsx,Emily.mp4,Emily.JPG,Emily,57,0,3,3,3,,,,,0,2,2,12,,,,,,,,emily,1,"['e', 'm', 'i', 'l', 'y']","[4.600511743000197, 4.777278183000135, 4.871324049000123, 4.977300529000104, 5.377302844000042]",[4.6005,4.6005,1,0.200124789,,,31,1,2019_Apr_05_1004,FaceNameBlocked,3.0.0,84.72912708,1
FacesBlock1.xlsx,Eric.mp4,Eric.JPG,Eric,0,0,0,0,0,0,5,5,0,,,,,,,1,1,0.355894296,,,,,,,0,0,,,,,31,1,2019_Apr_05_1004,FaceNameBlocked,3.0.0,84.72912708,
FacesBlock1.xlsx,Eric.mp4,Eric.JPG,Eric,0,0,0,0,0,,,,,0,0,0,0,,,,,,space,13.74007175,,0,None,,0,0,1,3.012389851,,,31,1,2019_Apr_05_1004,FaceNameBlocked,3.0.0,84.72912708,
FacesBlock1.xlsx,Ethan.mp4,Ethan.JPG,Ethan,11,0,0,0,0,0,14,14,11,,,,,,,1,1,0.603419592,,,,,,,0,0,,,,,31,1,2019_Apr_05_1004,FaceNameBlocked,3.0.0,84.72912708,
FacesBlock1.xlsx,Ethan.mp4,Ethan.JPG,Ethan,11,0,0,0,0,,,,,0,6,6,11,,,,,,,,ethan,1,"['e', 't', 'h', 'a', 'n']","[2.0978471859999672, 2.332830725000008, 2.4381274620000113, 2.6853751410000086, 3.188139615999944]",[2.0978,2.0978,3,0.462210765,,,31,1,2019_Apr_05_1004,FaceNameBlocked,3.0.0,84.72912708,1
FacesBlock4.xlsx,Grace.mp4,Grace.JPG,Grace,58,0,3,3,3,0,8,8,13,,,,,,,1,2,0.270788562,,,,,,,0,0,,,,,31,1,2019_Apr_05_1004,FaceNameBlocked,3.0.0,84.72912708,
FacesBlock4.xlsx,Grace.mp4,Grace.JPG,Grace,58,0,3,3,3,,,,,0,0,0,13,,,,,,space,1.77804783,annie,0,"['a', 'n', 'n', 'i', 'e']","[4.530589957999837, 4.977465782999843, 5.117843950999941, 5.280825678999918, 5.365593288999889]",[4.5305,4.5305,1,0.225751446,,,31,1,2019_Apr_05_1004,FaceNameBlocked,3.0.0,84.72912708,0
FacesBlock2.xlsx,Haley.mp4,Haley.JPG,Haley,20,0,1,1,1,0,13,13,5,,,,,,,1,2,0.675079506,,,,,,,0,0,,,,,31,1,2019_Apr_05_1004,FaceNameBlocked,3.0.0,84.72912708,
FacesBlock2.xlsx,Haley.mp4,Haley.JPG,Haley,20,0,1,1,1,,,,,0,12,12,5,,,,,,,,,0,"['1', 'backspace']","[8.105289115000005, 9.398196210999913]",[8.1052,8.1052,1,0.261634849,,,31,1,2019_Apr_05_1004,FaceNameBlocked,3.0.0,84.72912708,
FacesBlock1.xlsx,Hannah.mp4,Hannah.JPG,Hannah,1,0,0,0,0,0,3,3,1,,,,,,,1,2,0.179762732,,,,,,,0,0,,,,,31,1,2019_Apr_05_1004,FaceNameBlocked,3.0.0,84.72912708,
FacesBlock1.xlsx,Hannah.mp4,Hannah.JPG,Hannah,1,0,0,0,0,,,,,0,1,1,1,,,,,,,,,0,None,,0,0,1,0.757025834,,,31,1,2019_Apr_05_1004,FaceNameBlocked,3.0.0,84.72912708,
FacesBlock2.xlsx,Heather.mp4,Heather.JPG,Heather,26,0,1,1,1,0,1,1,11,,,,,,,0,2,1.052096576,,,,,,,0,0,,,,,31,1,2019_Apr_05_1004,FaceNameBlocked,3.0.0,84.72912708,
FacesBlock2.xlsx,Heather.mp4,Heather.JPG,Heather,26,0,1,1,1,,,,,0,2,2,11,,,,,,,,heather,1,"['h', 'e', 'a', 't', 'h', 'e', 'r']","[4.566390283999908, 4.822402722999868, 4.942150511999898, 5.165893985999901, 5.25988079900003, 5.3765878219999195, 5.494891560000042]",[4.5663,4.5663,2,0.321483242,,,31,1,2019_Apr_05_1004,FaceNameBlocked,3.0.0,84.72912708,1
FacesBlock3.xlsx,Jacob.mp4,Jacob.JPG,Jacob,39,0,2,2,2,0,9,9,9,,,,,,,1,1,0.603124079,,,,,,,0,0,,,,,31,1,2019_Apr_05_1004,FaceNameBlocked,3.0.0,84.72912708,
FacesBlock3.xlsx,Jacob.mp4,Jacob.JPG,Jacob,39,0,2,2,2,,,,,0,4,4,9,,,,,,,,,0,None,,0,0,1,0.261020749,,,31,1,2019_Apr_05_1004,FaceNameBlocked,3.0.0,84.72912708,
FacesBlock4.xlsx,Jason.mp4,Jason.JPG,Jason,49,0,3,3,3,0,9,9,4,,,,,,,0,1,1.038388315,,,,,,,0,0,,,,,31,1,2019_Apr_05_1004,FaceNameBlocked,3.0.0,84.72912708,
FacesBlock4.xlsx,Jason.mp4,Jason.JPG,Jason,49,0,3,3,3,,,,,0,13,13,4,,,,,,,,,0,None,,0,0,1,0.329273386,,,31,1,2019_Apr_05_1004,FaceNameBlocked,3.0.0,84.72912708,
FacesBlock1.xlsx,Jenna.mp4,Jenna.JPG,Jenna,6,0,0,0,0,0,6,6,6,,,,,,,0,2,0.427607783,,,,,,,0,0,,,,,31,1,2019_Apr_05_1004,FaceNameBlocked,3.0.0,84.72912708,
FacesBlock1.xlsx,Jenna.mp4,Jenna.JPG,Jenna,6,0,0,0,0,,,,,0,13,13,6,,,,,,,,,0,None,,0,0,1,0.803210968,,,31,1,2019_Apr_05_1004,FaceNameBlocked,3.0.0,84.72912708,
FacesBlock2.xlsx,Jeremy.mp4,Jeremy.JPG,Jeremy,15,0,1,1,1,0,4,4,0,,,,,,,1,1,1.00509096,,,,,,,0,0,,,,,31,1,2019_Apr_05_1004,FaceNameBlocked,3.0.0,84.72912708,
FacesBlock2.xlsx,Jeremy.mp4,Jeremy.JPG,Jeremy,15,0,1,1,1,,,,,0,0,0,0,,,,,,space,7.001690792,,0,None,,0,0,1,0.966537047,,,31,1,2019_Apr_05_1004,FaceNameBlocked,3.0.0,84.72912708,
FacesBlock1.xlsx,Jessica.mp4,Jessica.JPG,Jessica,8,0,0,0,0,0,11,11,8,,,,,,,1,2,0.391184511,,,,,,,0,0,,,,,31,1,2019_Apr_05_1004,FaceNameBlocked,3.0.0,84.72912708,
FacesBlock1.xlsx,Jessica.mp4,Jessica.JPG,Jessica,8,0,0,0,0,,,,,0,11,11,8,,,,,,,,,0,None,,0,0,1,0.639131576,,,31,1,2019_Apr_05_1004,FaceNameBlocked,3.0.0,84.72912708,
FacesBlock2.xlsx,Josh.mp4,Josh.JPG,Josh,19,0,1,1,1,0,6,6,4,,,,,,,1,1,0.910881157,,,,,,,0,0,,,,,31,1,2019_Apr_05_1004,FaceNameBlocked,3.0.0,84.72912708,
FacesBlock2.xlsx,Josh.mp4,Josh.JPG,Josh,19,0,1,1,1,,,,,0,14,14,4,,,,,,,,josh,1,"['j', 'o', 's', 'h']","[4.189641857999959, 4.34162428500008, 4.518962565000038, 4.671441748999996]",[4.1896,4.1896,3,0.307701112,,,31,1,2019_Apr_05_1004,FaceNameBlocked,3.0.0,84.72912708,1
FacesBlock1.xlsx,Julia.mp4,Julia.JPG,Julia,13,0,0,0,0,0,1,1,13,,,,,,,0,2,0.368087981,,,,,,,0,0,,,,,31,1,2019_Apr_05_1004,FaceNameBlocked,3.0.0,84.72912708,
FacesBlock1.xlsx,Julia.mp4,Julia.JPG,Julia,13,0,0,0,0,,,,,0,5,5,13,,,,,,,,,0,None,,0,0,1,0.282194202,,,31,1,2019_Apr_05_1004,FaceNameBlocked,3.0.0,84.72912708,
FacesBlock2.xlsx,Justin.mp4,Justin.JPG,Justin,27,0,1,1,1,0,3,3,12,,,,,,,1,1,0.908734111,,,,,,,0,0,,,,,31,1,2019_Apr_05_1004,FaceNameBlocked,3.0.0,84.72912708,
FacesBlock2.xlsx,Justin.mp4,Justin.JPG,Justin,27,0,1,1,1,,,,,0,5,5,12,,,,,,,,,0,None,,0,0,1,0.834854553,,,31,1,2019_Apr_05_1004,FaceNameBlocked,3.0.0,84.72912708,
FacesBlock4.xlsx,Katie.mp4,Katie.JPG,Katie,54,0,3,3,3,0,4,4,9,,,,,,,0,2,0.7556077,,,,,,,0,0,,,,,31,1,2019_Apr_05_1004,FaceNameBlocked,3.0.0,84.72912708,
FacesBlock4.xlsx,Katie.mp4,Katie.JPG,Katie,54,0,3,3,3,,,,,0,11,11,9,,,,,,,,katie,1,"['k', 'a', 't', 'i', 'e']","[2.0370902399999977, 2.236645304999911, 2.493407325999897, 2.69331335999982, 2.80058737499985]",[2.0370,2.037,1,0.319895773,,,31,1,2019_Apr_05_1004,FaceNameBlocked,3.0.0,84.72912708,1
FacesBlock3.xlsx,Kayla.mp4,Kayla.JPG,Kayla,34,0,2,2,2,0,5,5,4,,,,,,,0,2,0.650715635,,,,,,,0,0,,,,,31,1,2019_Apr_05_1004,FaceNameBlocked,3.0.0,84.72912708,
FacesBlock3.xlsx,Kayla.mp4,Kayla.JPG,Kayla,34,0,2,2,2,,,,,0,7,7,4,,,,,,,,,0,None,,0,0,1,0.296398427,,,31,1,2019_Apr_05_1004,FaceNameBlocked,3.0.0,84.72912708,
FacesBlock1.xlsx,Kelsey.mp4,Kelsey.JPG,Kelsey,12,0,0,0,0,0,7,7,12,,,,,,,0,2,0.509310133,,,,,,,0,0,,,,,31,1,2019_Apr_05_1004,FaceNameBlocked,3.0.0,84.72912708,
FacesBlock1.xlsx,Kelsey.mp4,Kelsey.JPG,Kelsey,12,0,0,0,0,,,,,0,3,3,12,,,,,,,,jenna,0,"['j', 'e', 'n', 'n', 'a']","[2.485928790999992, 3.2002460280000378, 3.4746619850000116, 3.6383209429999397, 4.485535701000003]",[2.4859,2.4859,1,0.415044115,,,31,1,2019_Apr_05_1004,FaceNameBlocked,3.0.0,84.72912708,0
FacesBlock3.xlsx,Kevin.mp4,Kevin.JPG,Kevin,41,0,2,2,2,0,4,4,11,,,,,,,0,1,0.661963322,,,,,,,0,0,,,,,31,1,2019_Apr_05_1004,FaceNameBlocked,3.0.0,84.72912708,
FacesBlock3.xlsx,Kevin.mp4,Kevin.JPG,Kevin,41,0,2,2,2,,,,,0,13,13,11,,,,,,,,,0,None,,0,0,1,0.355375016,,,31,1,2019_Apr_05_1004,FaceNameBlocked,3.0.0,84.72912708,
FacesBlock1.xlsx,Kyle.mp4,Kyle.JPG,Kyle,4,0,0,0,0,0,8,8,4,,,,,,,1,1,0.352930098,,,,,,,0,0,,,,,31,1,2019_Apr_05_1004,FaceNameBlocked,3.0.0,84.72912708,
FacesBlock1.xlsx,Kyle.mp4,Kyle.JPG,Kyle,4,0,0,0,0,,,,,0,14,14,4,,,,,,,,kyle,1,"['k', 'y', 'l', 'e']","[5.977427470999942, 6.070864519999986, 6.376902689999952, 6.599852049999981]",[5.9774,5.9774,1,0.355290561,,,31,1,2019_Apr_05_1004,FaceNameBlocked,3.0.0,84.72912708,1
FacesBlock3.xlsx,Lauren.mp4,Lauren.JPG,Lauren,38,0,2,2,2,0,13,13,8,,,,,,,0,2,0.461243679,,,,,,,0,0,,,,,31,1,2019_Apr_05_1004,FaceNameBlocked,3.0.0,84.72912708,
FacesBlock3.xlsx,Lauren.mp4,Lauren.JPG,Lauren,38,0,2,2,2,,,,,0,8,8,8,,,,,,,,,0,None,,0,0,1,0.261045671,,,31,1,2019_Apr_05_1004,FaceNameBlocked,3.0.0,84.72912708,
FacesBlock3.xlsx,Mark.mp4,Mark.JPG,Mark,40,0,2,2,2,0,1,1,10,,,,,,,1,1,0.765336271,,,,,,,0,0,,,,,31,1,2019_Apr_05_1004,FaceNameBlocked,3.0.0,84.72912708,
FacesBlock3.xlsx,Mark.mp4,Mark.JPG,Mark,40,0,2,2,2,,,,,0,10,10,10,,,,,,,,,0,None,,0,0,1,0.542753625,,,31,1,2019_Apr_05_1004,FaceNameBlocked,3.0.0,84.72912708,
FacesBlock1.xlsx,Matthew.mp4,Matthew.JPG,Matthew,9,0,0,0,0,0,4,4,9,,,,,,,1,1,0.308720378,,,,,,,0,0,,,,,31,1,2019_Apr_05_1004,FaceNameBlocked,3.0.0,84.72912708,
FacesBlock1.xlsx,Matthew.mp4,Matthew.JPG,Matthew,9,0,0,0,0,,,,,0,10,10,9,,,,,,,,,0,None,,0,0,1,0.450469183,,,31,1,2019_Apr_05_1004,FaceNameBlocked,3.0.0,84.72912708,
FacesBlock2.xlsx,Megan.mp4,Megan.JPG,Megan,25,0,1,1,1,0,11,11,10,,,,,,,0,1,0.545868186,,,,,,,0,0,,,,,31,1,2019_Apr_05_1004,FaceNameBlocked,3.0.0,84.72912708,
FacesBlock2.xlsx,Megan.mp4,Megan.JPG,Megan,25,0,1,1,1,,,,,0,4,4,10,,,,,,,,,0,"['a', 's', 'backspace', 'backspace']","[7.341039965000164, 7.470413842000198, 8.963528795000002, 9.116365150000092]",[7.3410,7.341,1,0.590606181,,,31,1,2019_Apr_05_1004,FaceNameBlocked,3.0.0,84.72912708,
FacesBlock4.xlsx,Michael.mp4,Michael.JPG,Michael,46,0,3,3,3,0,2,2,1,,,,,,,0,1,0.508850856,,,,,,,0,0,,,,,31,1,2019_Apr_05_1004,FaceNameBlocked,3.0.0,84.72912708,
FacesBlock4.xlsx,Michael.mp4,Michael.JPG,Michael,46,0,3,3,3,,,,,0,8,8,1,,,,,,,,,0,None,,0,0,1,0.237690987,,,31,1,2019_Apr_05_1004,FaceNameBlocked,3.0.0,84.72912708,
FacesBlock4.xlsx,Michelle.mp4,Michelle.JPG,Michelle,52,0,3,3,3,0,6,6,7,,,,,,,0,2,0.791620079,,,,,,,0,0,,,,,31,1,2019_Apr_05_1004,FaceNameBlocked,3.0.0,84.72912708,
FacesBlock4.xlsx,Michelle.mp4,Michelle.JPG,Michelle,52,0,3,3,3,,,,,0,12,12,7,,,,,,,,brianna,0,"['b', 'r', 'i', 'a', 'n', 'n', 'a']","[2.2491067179998936, 2.4129504400000314, 2.9195521500000723, 3.131394402000069, 3.3312075189999177, 3.4834060309999586, 3.6488313019999623]",[2.2491,2.2491,1,0.261293406,,,31,1,2019_Apr_05_1004,FaceNameBlocked,3.0.0,84.72912708,0
FacesBlock1.xlsx,Natalie.mp4,Natalie.JPG,Natalie,7,0,0,0,0,0,2,2,7,,,,,,,1,2,0.120821748,,,,,,,0,0,,,,,31,1,2019_Apr_05_1004,FaceNameBlocked,3.0.0,84.72912708,
FacesBlock1.xlsx,Natalie.mp4,Natalie.JPG,Natalie,7,0,0,0,0,,,,,0,8,8,7,,,,,,,,gabrielle,0,"['g', 'r', 'backspace', 'a', 'b', 'r', 'i', 'e', 'l', 'l', 'e']","[2.321282271999962, 2.9331724249999525, 3.9913963129999956, 4.319580567000003, 5.0144969609999634, 5.320520592999969, 5.517512954999916, 5.638294199999905, 5.8147492690000036, 5.967317667999964, 6.119667119999917]",[2.3212,2.3212,1,1.199796108,,,31,1,2019_Apr_05_1004,FaceNameBlocked,3.0.0,84.72912708,0
FacesBlock3.xlsx,Nathan.mp4,Nathan.JPG,Nathan,37,0,2,2,2,0,7,7,7,,,,,,,1,1,1.814587228,,,,,,,0,0,,,,,31,1,2019_Apr_05_1004,FaceNameBlocked,3.0.0,84.72912708,
FacesBlock3.xlsx,Nathan.mp4,Nathan.JPG,Nathan,37,0,2,2,2,,,,,0,2,2,7,,,,,,,,,0,None,,0,0,1,0.296494317,,,31,1,2019_Apr_05_1004,FaceNameBlocked,3.0.0,84.72912708,
FacesBlock3.xlsx,Nicole.mp4,Nicole.JPG,Nicole,43,0,2,2,2,0,3,3,13,,,,,,,0,2,0.88543524,,,,,,,0,0,,,,,31,1,2019_Apr_05_1004,FaceNameBlocked,3.0.0,84.72912708,
FacesBlock3.xlsx,Nicole.mp4,Nicole.JPG,Nicole,43,0,2,2,2,,,,,0,5,5,13,,,,,,,,,0,None,,0,0,1,0.435258933,,,31,1,2019_Apr_05_1004,FaceNameBlocked,3.0.0,84.72912708,
FacesBlock3.xlsx,Noah.mp4,Noah.JPG,Noah,31,0,2,2,2,0,0,0,1,,,,,,,1,1,2.237397921,,,,,,,0,0,,,,,31,1,2019_Apr_05_1004,FaceNameBlocked,3.0.0,84.72912708,
FacesBlock3.xlsx,Noah.mp4,Noah.JPG,Noah,31,0,2,2,2,,,,,0,14,14,1,,,,,,,,n,0,['n'],[9.893895736000104],[9.8938,9.8938,1,1.001165338,,,31,1,2019_Apr_05_1004,FaceNameBlocked,3.0.0,84.72912708,
FacesBlock3.xlsx,Olivia.mp4,Olivia.JPG,Olivia,35,0,2,2,2,0,14,14,5,,,,,,,1,2,0.356404663,,,,,,,0,0,,,,,31,1,2019_Apr_05_1004,FaceNameBlocked,3.0.0,84.72912708,
FacesBlock3.xlsx,Olivia.mp4,Olivia.JPG,Olivia,35,0,2,2,2,,,,,0,0,0,5,,,,,,space,3.472021493,,0,None,,0,0,1,0.237416782,,,31,1,2019_Apr_05_1004,FaceNameBlocked,3.0.0,84.72912708,
FacesBlock2.xlsx,Rachel.mp4,Rachel.JPG,Rachel,29,0,1,1,1,0,0,0,14,,,,,,,0,2,2.039509428,,,,,,,0,0,,,,,31,1,2019_Apr_05_1004,FaceNameBlocked,3.0.0,84.72912708,
FacesBlock2.xlsx,Rachel.mp4,Rachel.JPG,Rachel,29,0,1,1,1,,,,,0,3,3,14,,,,,,,,hannah,0,"['h', 'a', 'n', 'n', 'a', 'h']","[6.964908556999944, 7.247041110000055, 7.5060652049999135, 7.670669525999983, 7.917402308999954, 8.093872712999882]",[6.9649,6.9649,1,0.249249029,,,31,1,2019_Apr_05_1004,FaceNameBlocked,3.0.0,84.72912708,0
FacesBlock3.xlsx,Rebecca.mp4,Rebecca.JPG,Rebecca,32,0,2,2,2,0,6,6,2,,,,,,,0,2,0.74126885,,,,,,,0,0,,,,,31,1,2019_Apr_05_1004,FaceNameBlocked,3.0.0,84.72912708,
FacesBlock3.xlsx,Rebecca.mp4,Rebecca.JPG,Rebecca,32,0,2,2,2,,,,,0,11,11,2,,,,,,,,,0,None,,0,0,1,0.343731023,,,31,1,2019_Apr_05_1004,FaceNameBlocked,3.0.0,84.72912708,
FacesBlock3.xlsx,Sarah.mp4,Sarah.JPG,Sarah,33,0,2,2,2,0,10,10,3,,,,,,,1,2,0.227019241,,,,,,,0,0,,,,,31,1,2019_Apr_05_1004,FaceNameBlocked,3.0.0,84.72912708,
FacesBlock3.xlsx,Sarah.mp4,Sarah.JPG,Sarah,33,0,2,2,2,,,,,0,9,9,3,,,,,,,,megan,0,"['m', 'e', 'g', 'a', 'n']","[3.7891333530001248, 3.930649714000083, 4.166239514000154, 4.318355123000174, 4.495444740000039]",[3.7891,3.7891,1,0.366541819,,,31,1,2019_Apr_05_1004,FaceNameBlocked,3.0.0,84.72912708,0
FacesBlock3.xlsx,Shelby.mp4,Shelby.JPG,Shelby,36,0,2,2,2,0,12,12,6,,,,,,,0,2,0.76748669,,,,,,,0,0,,,,,31,1,2019_Apr_05_1004,FaceNameBlocked,3.0.0,84.72912708,
FacesBlock3.xlsx,Shelby.mp4,Shelby.JPG,Shelby,36,0,2,2,2,,,,,0,1,1,6,,,,,,,,shelby,1,"['s', 'h', 'e', 'l', 'b', 'y']","[2.306172537000066, 2.590024088000064, 2.790029577000041, 3.331426900999986, 3.6610369470001842, 3.825307708000082]",[2.3061,2.3061,3,0.331927981,,,31,1,2019_Apr_05_1004,FaceNameBlocked,3.0.0,84.72912708,1
FacesBlock2.xlsx,Steven.mp4,Steven.JPG,Steven,17,0,1,1,1,0,2,2,2,,,,,,,1,1,0.756116571,,,,,,,0,0,,,,,31,1,2019_Apr_05_1004,FaceNameBlocked,3.0.0,84.72912708,
FacesBlock2.xlsx,Steven.mp4,Steven.JPG,Steven,17,0,1,1,1,,,,,0,13,13,2,,,,,,,,,0,None,,0,0,1,0.284518248,,,31,1,2019_Apr_05_1004,FaceNameBlocked,3.0.0,84.72912708,
FacesBlock4.xlsx,Taylor.mp4,Taylor.JPG,Taylor,45,0,3,3,3,0,11,11,0,,,,,,,1,2,1.261806465,,,,,,,0,0,,,,,31,1,2019_Apr_05_1004,FaceNameBlocked,3.0.0,84.72912708,
FacesBlock4.xlsx,Taylor.mp4,Taylor.JPG,Taylor,45,0,3,3,3,,,,,0,6,6,0,,,,,,,,taylor,1,"['t', 'a', 'y', 'l', 'o', 'r']","[1.6604056379999292, 1.83695944100009, 2.4841331190000346, 3.107490597999913, 3.2366965190001338, 3.4244188110001232]",[1.6604,1.6604,3,0.307652873,,,31,1,2019_Apr_05_1004,FaceNameBlocked,3.0.0,84.72912708,1
FacesBlock3.xlsx,Thomas.mp4,Thomas.JPG,Thomas,44,0,2,2,2,0,2,2,14,,,,,,,0,1,1.108999703,,,,,,,0,0,,,,,31,1,2019_Apr_05_1004,FaceNameBlocked,3.0.0,84.72912708,
FacesBlock3.xlsx,Thomas.mp4,Thomas.JPG,Thomas,44,0,2,2,2,,,,,0,3,3,14,,,,,,,,,0,None,,0,0,1,0.2704862,,,31,1,2019_Apr_05_1004,FaceNameBlocked,3.0.0,84.72912708,
FacesBlock1.xlsx,Timothy.mp4,Timothy.JPG,Timothy,10,0,0,0,0,0,9,9,10,,,,,,,0,1,0.332667768,,,,,,,0,0,,,,,31,1,2019_Apr_05_1004,FaceNameBlocked,3.0.0,84.72912708,
FacesBlock1.xlsx,Timothy.mp4,Timothy.JPG,Timothy,10,0,0,0,0,,,,,0,4,4,10,,,,,,,,kyle,0,"['k', 'y', 'l', 'e']","[7.767746260000081, 7.967341715000089, 8.179523313000004, 8.895941611000012]",[7.7677,7.7677,1,0.39132587,,,31,1,2019_Apr_05_1004,FaceNameBlocked,3.0.0,84.72912708,0
FacesBlock2.xlsx,Trevor.mp4,Trevor.JPG,Trevor,21,0,1,1,1,0,10,10,6,,,,,,,1,1,0.604548366,,,,,,,0,0,,,,,31,1,2019_Apr_05_1004,FaceNameBlocked,3.0.0,84.72912708,
FacesBlock2.xlsx,Trevor.mp4,Trevor.JPG,Trevor,21,0,1,1,1,,,,,0,7,7,6,,,,,,,,trevor,1,"['t', 'r', 'e', 'v', 'o', 'r']","[3.977843602000121, 4.094872325000097, 4.659808397000006, 4.930616023000084, 5.482607961999975, 5.776698741000018]",[3.9778,3.9778,1,0.660529564,,,31,1,2019_Apr_05_1004,FaceNameBlocked,3.0.0,84.72912708,1
FacesBlock2.xlsx,Tyler.mp4,Tyler.JPG,Tyler,22,0,1,1,1,0,8,8,7,,,,,,,1,1,0.722320527,,,,,,,0,0,,,,,31,1,2019_Apr_05_1004,FaceNameBlocked,3.0.0,84.72912708,
FacesBlock2.xlsx,Tyler.mp4,Tyler.JPG,Tyler,22,0,1,1,1,,,,,0,11,11,7,,,,,,,,,0,None,,0,0,1,0.237120576,,,31,1,2019_Apr_05_1004,FaceNameBlocked,3.0.0,84.72912708,
,,,,,,,,,,,,,,,,,space,19.82732181,,,,,,,,,,,,,,,,31,1,2019_Apr_05_1004,FaceNameBlocked,3.0.0,84.72912708,
,,,,,,,,,,,,,,,,,,,,,,,,,,,,,,,,space,4.129943071,31,1,2019_Apr_05_1004,FaceNameBlocked,3.0.0,84.72912708,