condsFile,Video,Photo,Name,Row,blocks.thisRepN,blocks.thisTrialN,blocks.thisN,blocks.thisIndex,presentations.thisRepN,presentations.thisTrialN,presentations.thisN,presentations.thisIndex,testing.thisRepN,testing.thisTrialN,testing.thisN,testing.thisIndex,advance_1.keys,advance_1.rt,currentCond,judgementResp.keys,judgementResp.rt,advance_2.keys,advance_2.rt,inputText,Accuracy,key_resp_3.keys,key_resp_3.rt,trim1,key_resp3_fin,rating_resp.keys,rating_resp.rt,end_key.keys,end_key.rt,participant,session,date,expName,psychopyVersion,frameRate,ACCURACY
FacesBlock2.xlsx,Aaron.mp4,Aaron.JPG,Aaron,18,0,1,1,1,0,13,13,3,,,,,,,1,1,0.869385213,,,,,,,0,0,,,,,33,1,2019_Apr_05_1358,FaceNameBlocked,3.0.0,59.93954486,
FacesBlock2.xlsx,Aaron.mp4,Aaron.JPG,Aaron,18,0,1,1,1,,,,,0,1,1,3,,,,,,,,aaron,1,"['j', 'o', 's', 'h', 'backspace', 'backspace', 'backspace', 'backspace', 'a', 'a', 'r', 'o', 'n', 'return']","[3.8182275889994344, 4.018009093999353, 4.384893890999592, 4.534602886000357, 4.967229432999375, 5.066724661999615, 5.250435297999502, 5.4004852950001805, 5.799065879000409, 5.9670095940000465, 6.015548901999864, 7.067227810999611, 7.150831467999524, 8.766386412999054]",[3.8182,3.8182,4,0.602184527,,,33,1,2019_Apr_05_1358,FaceNameBlocked,3.0.0,59.93954486,1
FacesBlock1.xlsx,Adam.mp4,Adam.JPG,Adam,5,0,0,0,0,0,12,12,5,,,,,,,0,1,0.120248731,,,,,,,0,0,,,,,33,1,2019_Apr_05_1358,FaceNameBlocked,3.0.0,59.93954486,
FacesBlock1.xlsx,Adam.mp4,Adam.JPG,Adam,5,0,0,0,0,,,,,0,14,14,5,,,,,,,,,0,None,,0,0,1,0.351673442,,,33,1,2019_Apr_05_1358,FaceNameBlocked,3.0.0,59.93954486,
FacesBlock4.xlsx,Alyssa.mp4,Alyssa.JPG,Alyssa,55,0,3,3,3,0,8,8,10,,,,,,,1,2,0.469580606,,,,,,,0,0,,,,,33,1,2019_Apr_05_1358,FaceNameBlocked,3.0.0,59.93954486,
FacesBlock4.xlsx,Alyssa.mp4,Alyssa.JPG,Alyssa,55,0,3,3,3,,,,,0,11,11,10,,,,,,,,,0,None,,0,0,1,0.366889966,,,33,1,2019_Apr_05_1358,FaceNameBlocked,3.0.0,59.93954486,
FacesBlock1.xlsx,Amanda.mp4,Amanda.JPG,Amanda,2,0,0,0,0,0,8,8,2,,,,,,,0,2,0.719631239,,,,,,,0,0,,,,,33,1,2019_Apr_05_1358,FaceNameBlocked,3.0.0,59.93954486,
FacesBlock1.xlsx,Amanda.mp4,Amanda.JPG,Amanda,2,0,0,0,0,,,,,0,8,8,2,,,,,,,,stephanie,0,"['s', 't', 'e', 'p', 'h', 'a', 'n', 'i', 'e']","[2.018650656000318, 2.1183730520006065, 2.1855737900004897, 2.5188684849999845, 3.2017156220008474, 3.301025493999987, 3.4512962060016434, 3.5517749870014086, 3.783080486000472]",[2.0186,2.0186,1,0.2853251,,,33,1,2019_Apr_05_1358,FaceNameBlocked,3.0.0,59.93954486,0
FacesBlock4.xlsx,Andrew.mp4,Andrew.JPG,Andrew,51,0,3,3,3,0,3,3,6,,,,,,,0,1,2.468684862,,,,,,,0,0,,,,,33,1,2019_Apr_05_1358,FaceNameBlocked,3.0.0,59.93954486,
FacesBlock4.xlsx,Andrew.mp4,Andrew.JPG,Andrew,51,0,3,3,3,,,,,0,12,12,6,,,,,,,,,0,"['m', 'r', 'backspace', 'backspace', 'backspace']","[7.533599037000386, 7.733127626001078, 8.233043842999905, 8.36610616300095, 8.532919925999522]",[7.5335,7.5335,1,0.302423628,,,33,1,2019_Apr_05_1358,FaceNameBlocked,3.0.0,59.93954486,
FacesBlock4.xlsx,Anna.mp4,Anna.JPG,Anna,47,0,3,3,3,0,4,4,2,,,,,,,1,2,0.469602224,,,,,,,0,0,,,,,33,1,2019_Apr_05_1358,FaceNameBlocked,3.0.0,59.93954486,
FacesBlock4.xlsx,Anna.mp4,Anna.JPG,Anna,47,0,3,3,3,,,,,0,1,1,2,,,,,,,,anna,1,"['a', 'n', 'n', 'a']","[5.050714506998702, 5.767100971999753, 5.950532271999691, 6.050445793000108]",[5.0507,5.0507,2,0.235118851,,,33,1,2019_Apr_05_1358,FaceNameBlocked,3.0.0,59.93954486,1
FacesBlock2.xlsx,Ashley.mp4,Ashley.JPG,Ashley,24,0,1,1,1,0,7,7,9,,,,,,,1,2,0.536703721,,,,,,,0,0,,,,,33,1,2019_Apr_05_1358,FaceNameBlocked,3.0.0,59.93954486,
FacesBlock2.xlsx,Ashley.mp4,Ashley.JPG,Ashley,24,0,1,1,1,,,,,0,6,6,9,,,,,,,,heather,0,"['h', 'a', 'y', 'backspace', 'backspace', 'e', 't', 'backspace', 'a', 't', 'h', 'e', 'r']","[3.8342569680007728, 3.9675783260008757, 4.5505277890006255, 5.93291977500121, 6.083093103001374, 6.200065915001687, 6.4499360760000854, 6.865830946000642, 6.999659787001292, 7.066156675000457, 7.882050630001686, 7.9993355229999, 8.032705438999983]",[3.8342,3.8342,2,1.051755655,,,33,1,2019_Apr_05_1358,FaceNameBlocked,3.0.0,59.93954486,0
FacesBlock1.xlsx,Bradley.mp4,Bradley.JPG,Bradley,14,0,0,0,0,0,9,9,14,,,,,,,0,1,0.469218234,,,,,,,0,0,,,,,33,1,2019_Apr_05_1358,FaceNameBlocked,3.0.0,59.93954486,
FacesBlock1.xlsx,Bradley.mp4,Bradley.JPG,Bradley,14,0,0,0,0,,,,,0,1,1,14,,,,,,,,,0,None,,0,0,1,1.48524161,,,33,1,2019_Apr_05_1358,FaceNameBlocked,3.0.0,59.93954486,
FacesBlock4.xlsx,Brandon.mp4,Brandon.JPG,Brandon,56,0,3,3,3,0,5,5,11,,,,,,,1,1,1.035947116,,,,,,,0,0,,,,,33,1,2019_Apr_05_1358,FaceNameBlocked,3.0.0,59.93954486,
FacesBlock4.xlsx,Brandon.mp4,Brandon.JPG,Brandon,56,0,3,3,3,,,,,0,2,2,11,,,,,,,,,0,None,,0,0,1,0.634873517,,,33,1,2019_Apr_05_1358,FaceNameBlocked,3.0.0,59.93954486,
FacesBlock4.xlsx,Brian.mp4,Brian.JPG,Brian,53,0,3,3,3,0,10,10,8,,,,,,,1,1,0.352800508,,,,,,,0,0,,,,,33,1,2019_Apr_05_1358,FaceNameBlocked,3.0.0,59.93954486,
FacesBlock4.xlsx,Brian.mp4,Brian.JPG,Brian,53,0,3,3,3,,,,,0,4,4,8,,,,,,,,jason,0,"['j', 'a', 's', 'o', 'n']","[6.400390560000233, 6.500755740000386, 6.53382260699982, 6.683003946000099, 6.749799700999574]",[6.4003,6.4003,1,0.268095624,,,33,1,2019_Apr_05_1358,FaceNameBlocked,3.0.0,59.93954486,0
FacesBlock4.xlsx,Brianna.mp4,Brianna.JPG,Brianna,48,0,3,3,3,0,1,1,3,,,,,,,0,2,0.652742133,,,,,,,0,0,,,,,33,1,2019_Apr_05_1358,FaceNameBlocked,3.0.0,59.93954486,
FacesBlock4.xlsx,Brianna.mp4,Brianna.JPG,Brianna,48,0,3,3,3,,,,,0,14,14,3,,,,,,,,breonna,1,"['b', 'r', 'e', 'o', 'n', 'n', 'a']","[2.617856512999424, 2.751266489000045, 2.7849509779989603, 3.234314879999147, 3.682199631999538, 3.8008126089989673, 3.900895352999214]",[2.6178,2.6178,3,1.133402483,,,33,1,2019_Apr_05_1358,FaceNameBlocked,3.0.0,59.93954486,1
FacesBlock2.xlsx,Brittany.mp4,Brittany.JPG,Brittany,28,0,1,1,1,0,8,8,13,,,,,,,1,2,0.552952624,,,,,,,0,0,,,,,33,1,2019_Apr_05_1358,FaceNameBlocked,3.0.0,59.93954486,
FacesBlock2.xlsx,Brittany.mp4,Brittany.JPG,Brittany,28,0,1,1,1,,,,,0,2,2,13,,,,,,,,britney,1,"['b', 'r', 'i', 't', 'n', 'e', 't', 'backspace', 'z', 'backspace', 'y']","[1.5183077229994524, 1.618174753000858, 1.7016797239994048, 1.8683932780004398, 1.968115425999713, 2.1014604560004955, 2.1841868979990977, 2.534074392999173, 2.6326602150002145, 3.233945763999145, 3.401324026999646]",[1.5183,1.5183,2,0.735300536,,,33,1,2019_Apr_05_1358,FaceNameBlocked,3.0.0,59.93954486,1
FacesBlock4.xlsx,Caleb.mp4,Caleb.JPG,Caleb,59,0,3,3,3,0,0,0,14,,,,,,,1,1,2.318951743,,,,,,,0,0,,,,,33,1,2019_Apr_05_1358,FaceNameBlocked,3.0.0,59.93954486,
FacesBlock4.xlsx,Caleb.mp4,Caleb.JPG,Caleb,59,0,3,3,3,,,,,0,9,9,14,,,,,,,,adam,0,"['a', 'd', 'a', 'm']","[3.517192466999404, 3.817656838999028, 3.950241870999889, 4.0332934349989955]",[3.5171,3.5171,1,0.319179152,,,33,1,2019_Apr_05_1358,FaceNameBlocked,3.0.0,59.93954486,0
FacesBlock2.xlsx,Cody.mp4,Cody.JPG,Cody,23,0,1,1,1,0,4,4,8,,,,,,,0,1,0.553708412,,,,,,,0,0,,,,,33,1,2019_Apr_05_1358,FaceNameBlocked,3.0.0,59.93954486,
FacesBlock2.xlsx,Cody.mp4,Cody.JPG,Cody,23,0,1,1,1,,,,,0,5,5,8,,,,,,,,david,0,"['d', 'a', 'v', 'i', 'd']","[1.7518927279998024, 1.8349062319994118, 2.0842537909993553, 2.2016351860002032, 2.3350376640009927]",[1.7518,1.7518,1,0.685540118,,,33,1,2019_Apr_05_1358,FaceNameBlocked,3.0.0,59.93954486,0
FacesBlock3.xlsx,Courtney.mp4,Courtney.JPG,Courtney,42,0,2,2,2,0,14,14,12,,,,,,,1,2,1.269460158,,,,,,,0,0,,,,,33,1,2019_Apr_05_1358,FaceNameBlocked,3.0.0,59.93954486,
FacesBlock3.xlsx,Courtney.mp4,Courtney.JPG,Courtney,42,0,2,2,2,,,,,0,11,11,12,,,,,,,,courtney,1,"['c', 'o', 'u', 't', 'n', 'backspace', 'backspace', 'r', 't', 'n', 'e', 'y']","[1.3356688040003064, 1.5016555860001972, 1.7686497190006776, 1.8687819660008245, 2.018122616000255, 2.467540564999581, 2.584380906999286, 2.7014661510002043, 3.216128399999434, 3.3173459709996678, 3.5182365979999304, 4.1175168240006315]",[1.3356,1.3356,3,0.335412624,,,33,1,2019_Apr_05_1358,FaceNameBlocked,3.0.0,59.93954486,1
FacesBlock3.xlsx,Daniel.mp4,Daniel.JPG,Daniel,30,0,2,2,2,0,1,1,0,,,,,,,0,1,1.019497058,,,,,,,0,0,,,,,33,1,2019_Apr_05_1358,FaceNameBlocked,3.0.0,59.93954486,
FacesBlock3.xlsx,Daniel.mp4,Daniel.JPG,Daniel,30,0,2,2,2,,,,,0,3,3,0,,,,,,,,daniel ,1,"['d', 'a', 'n', 'i', 'e', 'l', 'space', 'rshift', 'parenleft', 'rshift', 'question']","[4.5510686060006265, 4.767346972001178, 4.917505711000558, 4.938127626001005, 5.017811978001191, 5.833517819000917, 5.983427998000479, 6.166014057000211, 6.267177128000185, 8.931046016999971, 9.099476809000407]",[4.5510,4.551,1,0.852045303,,,33,1,2019_Apr_05_1358,FaceNameBlocked,3.0.0,59.93954486,1
FacesBlock1.xlsx,Danielle.mp4,Danielle.JPG,Danielle,3,0,0,0,0,0,7,7,3,,,,,,,0,2,0.969611658,,,,,,,0,0,,,,,33,1,2019_Apr_05_1358,FaceNameBlocked,3.0.0,59.93954486,
FacesBlock1.xlsx,Danielle.mp4,Danielle.JPG,Danielle,3,0,0,0,0,,,,,0,3,3,3,,,,,,,,danielle,1,"['d', 'i', 'a', 'n', 'e', 'backspace', 'backspace', 'backspace', 'backspace', 'a', 'n', 'i', 'e', 'e', 'l', 'backspace', 'backspace', 'l', 'l', 'e', 'return']","[2.352182664000793, 2.501636357001189, 2.6517147360009403, 2.7353167890014447, 2.882949501999974, 3.167537927000012, 3.2997658100011904, 3.384700809001515, 3.483841436000148, 4.118138076000832, 4.282647945999997, 4.351254515000619, 4.451177724000445, 4.617039345001103, 4.767373373000737, 5.083067932000631, 5.199520440000924, 5.417135579000387, 5.567480552001143, 5.650243629001125, 9.182638919000965]",[2.3521,2.3521,2,0.468434938,,,33,1,2019_Apr_05_1358,FaceNameBlocked,3.0.0,59.93954486,1
FacesBlock2.xlsx,David.mp4,David.JPG,David,16,0,1,1,1,0,0,0,1,,,,,,,0,1,1.269517731,,,,,,,0,0,,,,,33,1,2019_Apr_05_1358,FaceNameBlocked,3.0.0,59.93954486,
FacesBlock2.xlsx,David.mp4,David.JPG,David,16,0,1,1,1,,,,,0,12,12,1,,,,,,,,,0,None,,0,0,1,0.302547574,,,33,1,2019_Apr_05_1358,FaceNameBlocked,3.0.0,59.93954486,
FacesBlock4.xlsx,Dylan.mp4,Dylan.JPG,Dylan,50,0,3,3,3,0,2,2,5,,,,,,,1,1,0.319709488,,,,,,,0,0,,,,,33,1,2019_Apr_05_1358,FaceNameBlocked,3.0.0,59.93954486,
FacesBlock4.xlsx,Dylan.mp4,Dylan.JPG,Dylan,50,0,3,3,3,,,,,0,6,6,5,,,,,,,,,0,None,,0,0,1,1.085782341,,,33,1,2019_Apr_05_1358,FaceNameBlocked,3.0.0,59.93954486,
FacesBlock4.xlsx,Emily.mp4,Emily.JPG,Emily,57,0,3,3,3,0,14,14,12,,,,,,,0,2,0.27007178,,,,,,,0,0,,,,,33,1,2019_Apr_05_1358,FaceNameBlocked,3.0.0,59.93954486,
FacesBlock4.xlsx,Emily.mp4,Emily.JPG,Emily,57,0,3,3,3,,,,,0,3,3,12,,,,,,,,emily,1,"['b', 'r', 'o', 'e', 'backspace', 'backspace', 'e', 'backspace', 'backspace', 'backspace', 'backspace', 'e', 'm', 'i', 'l', 'z', 'backspace', 'y']","[1.1361215409997385, 1.219293590000234, 1.3505066520010587, 1.4854975640009798, 1.8352133210009924, 1.951730046001103, 2.2351295740008936, 2.950100702000782, 3.0681494130003557, 3.201296409000861, 3.3346786530000827, 3.5018973389996972, 3.8015124129997275, 4.018345427000895, 4.184957989000395, 4.366136351000023, 4.866731678001088, 5.018083779001245]",[1.1361,1.1361,2,0.885225892,,,33,1,2019_Apr_05_1358,FaceNameBlocked,3.0.0,59.93954486,1
FacesBlock1.xlsx,Eric.mp4,Eric.JPG,Eric,0,0,0,0,0,0,3,3,0,,,,,,,1,1,0.635964283,,,,,,,0,0,,,,,33,1,2019_Apr_05_1358,FaceNameBlocked,3.0.0,59.93954486,
FacesBlock1.xlsx,Eric.mp4,Eric.JPG,Eric,0,0,0,0,0,,,,,0,9,9,0,,,,,,,,,0,None,,0,0,1,0.868014747,,,33,1,2019_Apr_05_1358,FaceNameBlocked,3.0.0,59.93954486,
FacesBlock1.xlsx,Ethan.mp4,Ethan.JPG,Ethan,11,0,0,0,0,0,4,4,11,,,,,,,0,1,0.585530166,,,,,,,0,0,,,,,33,1,2019_Apr_05_1358,FaceNameBlocked,3.0.0,59.93954486,
FacesBlock1.xlsx,Ethan.mp4,Ethan.JPG,Ethan,11,0,0,0,0,,,,,0,7,7,11,,,,,,,,,0,None,,0,0,1,0.885482732,,,33,1,2019_Apr_05_1358,FaceNameBlocked,3.0.0,59.93954486,
FacesBlock4.xlsx,Grace.mp4,Grace.JPG,Grace,58,0,3,3,3,0,12,12,13,,,,,,,0,2,0.752715175,,,,,,,0,0,,,,,33,1,2019_Apr_05_1358,FaceNameBlocked,3.0.0,59.93954486,
FacesBlock4.xlsx,Grace.mp4,Grace.JPG,Grace,58,0,3,3,3,,,,,0,13,13,13,,,,,,,,grace,1,"['g', 'r', 'a', 'c', 'e', 'lshift', 'g', 'backspace']","[1.635158634999243, 1.7195404350004537, 1.768163791999541, 1.8528032489994075, 1.9515729479990114, 3.7666869280001265, 3.8519927699999243, 4.15105281400065]",[1.6351,1.6351,4,0.401652243,,,33,1,2019_Apr_05_1358,FaceNameBlocked,3.0.0,59.93954486,1
FacesBlock2.xlsx,Haley.mp4,Haley.JPG,Haley,20,0,1,1,1,0,1,1,5,,,,,,,0,2,0.736908686,,,,,,,0,0,,,,,33,1,2019_Apr_05_1358,FaceNameBlocked,3.0.0,59.93954486,
FacesBlock2.xlsx,Haley.mp4,Haley.JPG,Haley,20,0,1,1,1,,,,,0,3,3,5,,,,,,,,,0,None,,0,0,1,0.868586604,,,33,1,2019_Apr_05_1358,FaceNameBlocked,3.0.0,59.93954486,
FacesBlock1.xlsx,Hannah.mp4,Hannah.JPG,Hannah,1,0,0,0,0,0,6,6,1,,,,,,,1,2,0.502587896,,,,,,,0,0,,,,,33,1,2019_Apr_05_1358,FaceNameBlocked,3.0.0,59.93954486,
FacesBlock1.xlsx,Hannah.mp4,Hannah.JPG,Hannah,1,0,0,0,0,,,,,0,10,10,1,,,,,,,,,0,None,,0,0,1,0.501630321,,,33,1,2019_Apr_05_1358,FaceNameBlocked,3.0.0,59.93954486,
FacesBlock2.xlsx,Heather.mp4,Heather.JPG,Heather,26,0,1,1,1,0,2,2,11,,,,,,,0,2,0.869322336,,,,,,,0,0,,,,,33,1,2019_Apr_05_1358,FaceNameBlocked,3.0.0,59.93954486,
FacesBlock2.xlsx,Heather.mp4,Heather.JPG,Heather,26,0,1,1,1,,,,,0,13,13,11,,,,,,,,amanda,0,"['a', 'm', 'a', 'n', 'd', 'a']","[5.616808493999997, 5.750608674999967, 5.850476121000611, 5.933886568000162, 6.016445761000796, 6.100177362000977]",[5.6168,5.6168,1,0.81895099,,,33,1,2019_Apr_05_1358,FaceNameBlocked,3.0.0,59.93954486,0
FacesBlock3.xlsx,Jacob.mp4,Jacob.JPG,Jacob,39,0,2,2,2,0,12,12,9,,,,,,,0,1,0.487173781,,,,,,,0,0,,,,,33,1,2019_Apr_05_1358,FaceNameBlocked,3.0.0,59.93954486,
FacesBlock3.xlsx,Jacob.mp4,Jacob.JPG,Jacob,39,0,2,2,2,,,,,0,10,10,9,,,,,,,,thomas,0,"['h', 'backspace', 't', 'h', 'o', 'm', 'a', 's']","[3.4509861290007393, 3.8509156700001768, 4.367889106000803, 4.484485865999886, 4.617669185001432, 4.751357906001431, 4.867384711000341, 5.25056653700085]",[3.4509,3.4509,1,0.768295765,,,33,1,2019_Apr_05_1358,FaceNameBlocked,3.0.0,59.93954486,0
FacesBlock4.xlsx,Jason.mp4,Jason.JPG,Jason,49,0,3,3,3,0,6,6,4,,,,,,,0,1,0.935961953,,,,,,,0,0,,,,,33,1,2019_Apr_05_1358,FaceNameBlocked,3.0.0,59.93954486,
FacesBlock4.xlsx,Jason.mp4,Jason.JPG,Jason,49,0,3,3,3,,,,,0,8,8,4,,,,,,,,andrew,0,"['a', 'n', 'd', 'r', 'e', 'w']","[2.968620600999202, 3.1180963440001506, 3.251774468999429, 3.451526868999281, 3.535115381000651, 3.999662778000129]",[2.9686,2.9686,2,0.283835829,,,33,1,2019_Apr_05_1358,FaceNameBlocked,3.0.0,59.93954486,0
FacesBlock1.xlsx,Jenna.mp4,Jenna.JPG,Jenna,6,0,0,0,0,0,2,2,6,,,,,,,1,2,0.618757322,,,,,,,0,0,,,,,33,1,2019_Apr_05_1358,FaceNameBlocked,3.0.0,59.93954486,
FacesBlock1.xlsx,Jenna.mp4,Jenna.JPG,Jenna,6,0,0,0,0,,,,,0,0,0,6,,,,,,space,8.849455993,jenna ,1,"['j', 'e', 'n', 'n', 'a', 'return', 'space']","[1.9682652810006402, 2.084674253999765, 2.2014083490012126, 2.333906195999589, 2.734526526000991, 7.4162100070007, 8.899352956999792]",[1.9682,1.9682,2,1.867783954,,,33,1,2019_Apr_05_1358,FaceNameBlocked,3.0.0,59.93954486,1
FacesBlock2.xlsx,Jeremy.mp4,Jeremy.JPG,Jeremy,15,0,1,1,1,0,3,3,0,,,,,,,0,1,0.719317426,,,,,,,0,0,,,,,33,1,2019_Apr_05_1358,FaceNameBlocked,3.0.0,59.93954486,
FacesBlock2.xlsx,Jeremy.mp4,Jeremy.JPG,Jeremy,15,0,1,1,1,,,,,0,7,7,0,,,,,,,,tyler,0,"['t', 'y', 'l', 'e', 'r']","[9.266215928000747, 9.449575874999937, 9.632327274999625, 9.733030334000432, 9.815731254000639]",[9.2662,9.2662,1,1.650975942,,,33,1,2019_Apr_05_1358,FaceNameBlocked,3.0.0,59.93954486,0
FacesBlock1.xlsx,Jessica.mp4,Jessica.JPG,Jessica,8,0,0,0,0,0,1,1,8,,,,,,,0,2,1.185689234,,,,,,,0,0,,,,,33,1,2019_Apr_05_1358,FaceNameBlocked,3.0.0,59.93954486,
FacesBlock1.xlsx,Jessica.mp4,Jessica.JPG,Jessica,8,0,0,0,0,,,,,0,13,13,8,,,,,,,,,0,None,,0,0,1,0.818993848,,,33,1,2019_Apr_05_1358,FaceNameBlocked,3.0.0,59.93954486,
FacesBlock2.xlsx,Josh.mp4,Josh.JPG,Josh,19,0,1,1,1,0,11,11,4,,,,,,,0,1,0.470387717,,,,,,,0,0,,,,,33,1,2019_Apr_05_1358,FaceNameBlocked,3.0.0,59.93954486,
FacesBlock2.xlsx,Josh.mp4,Josh.JPG,Josh,19,0,1,1,1,,,,,0,11,11,4,,,,,,,,josh,1,"['j', 'o', 's', 'h', 'return']","[1.5506613229990762, 1.702425741999832, 1.885996814000464, 1.9687909789990954, 2.5018405959999654]",[1.5506,1.5506,4,0.602058662,,,33,1,2019_Apr_05_1358,FaceNameBlocked,3.0.0,59.93954486,1
FacesBlock1.xlsx,Julia.mp4,Julia.JPG,Julia,13,0,0,0,0,0,0,0,13,,,,,,,1,2,1.301950805,,,,,,,0,0,,,,,33,1,2019_Apr_05_1358,FaceNameBlocked,3.0.0,59.93954486,
FacesBlock1.xlsx,Julia.mp4,Julia.JPG,Julia,13,0,0,0,0,,,,,0,4,4,13,,,,,,,,,0,None,,0,0,1,0.385239315,,,33,1,2019_Apr_05_1358,FaceNameBlocked,3.0.0,59.93954486,
FacesBlock2.xlsx,Justin.mp4,Justin.JPG,Justin,27,0,1,1,1,0,6,6,12,,,,,,,1,1,0.536222928,,,,,,,0,0,,,,,33,1,2019_Apr_05_1358,FaceNameBlocked,3.0.0,59.93954486,
FacesBlock2.xlsx,Justin.mp4,Justin.JPG,Justin,27,0,1,1,1,,,,,0,8,8,12,,,,,,,,,0,None,,0,0,1,0.98585839,,,33,1,2019_Apr_05_1358,FaceNameBlocked,3.0.0,59.93954486,
FacesBlock4.xlsx,Katie.mp4,Katie.JPG,Katie,54,0,3,3,3,0,11,11,9,,,,,,,0,2,0.987442457,,,,,,,0,0,,,,,33,1,2019_Apr_05_1358,FaceNameBlocked,3.0.0,59.93954486,
FacesBlock4.xlsx,Katie.mp4,Katie.JPG,Katie,54,0,3,3,3,,,,,0,5,5,9,,,,,,,,kirthi,0,"['k', 'i', 'r', 't', 'h', 'i']","[1.318293795999125, 1.5011680529987643, 1.7343946040000446, 2.1180037799986167, 2.317843857999833, 2.3387360939996142]",[1.3182,1.3182,2,0.335380633,,,33,1,2019_Apr_05_1358,FaceNameBlocked,3.0.0,59.93954486,0
FacesBlock3.xlsx,Kayla.mp4,Kayla.JPG,Kayla,34,0,2,2,2,0,10,10,4,,,,,,,0,2,0.585456302,,,,,,,0,0,,,,,33,1,2019_Apr_05_1358,FaceNameBlocked,3.0.0,59.93954486,
FacesBlock3.xlsx,Kayla.mp4,Kayla.JPG,Kayla,34,0,2,2,2,,,,,0,7,7,4,,,,,,,,kayla,1,"['k', 'a', 'y', 'l', 'a']","[0.9857172230003926, 1.068053510000027, 1.3185451299996203, 1.6854433200005587, 1.8185276300009718]",[0.9857,0.9857,4,0.552287876,,,33,1,2019_Apr_05_1358,FaceNameBlocked,3.0.0,59.93954486,1
FacesBlock1.xlsx,Kelsey.mp4,Kelsey.JPG,Kelsey,12,0,0,0,0,0,5,5,12,,,,,,,1,2,1.386373498,,,,,,,0,0,,,,,33,1,2019_Apr_05_1358,FaceNameBlocked,3.0.0,59.93954486,
FacesBlock1.xlsx,Kelsey.mp4,Kelsey.JPG,Kelsey,12,0,0,0,0,,,,,0,5,5,12,,,,,,,,,0,None,,0,0,1,0.352655712,,,33,1,2019_Apr_05_1358,FaceNameBlocked,3.0.0,59.93954486,
FacesBlock3.xlsx,Kevin.mp4,Kevin.JPG,Kevin,41,0,2,2,2,0,5,5,11,,,,,,,1,1,3.2528084,,,,,,,0,0,,,,,33,1,2019_Apr_05_1358,FaceNameBlocked,3.0.0,59.93954486,
FacesBlock3.xlsx,Kevin.mp4,Kevin.JPG,Kevin,41,0,2,2,2,,,,,0,2,2,11,,,,,,,,kevin,1,"['k', 'e', 'v', 'i', 'n']","[3.301250746999358, 3.4182051209991187, 3.5494866970002477, 3.650993510000262, 3.6841547149997496]",[3.3012,3.3012,2,0.402242866,,,33,1,2019_Apr_05_1358,FaceNameBlocked,3.0.0,59.93954486,1
FacesBlock1.xlsx,Kyle.mp4,Kyle.JPG,Kyle,4,0,0,0,0,0,14,14,4,,,,,,,0,1,0.368919141,,,,,,,0,0,,,,,33,1,2019_Apr_05_1358,FaceNameBlocked,3.0.0,59.93954486,
FacesBlock1.xlsx,Kyle.mp4,Kyle.JPG,Kyle,4,0,0,0,0,,,,,0,6,6,4,,,,,,,,,0,None,,0,0,1,0.285164569,,,33,1,2019_Apr_05_1358,FaceNameBlocked,3.0.0,59.93954486,
FacesBlock3.xlsx,Lauren.mp4,Lauren.JPG,Lauren,38,0,2,2,2,0,3,3,8,,,,,,,0,2,1.466171755,,,,,,,0,0,,,,,33,1,2019_Apr_05_1358,FaceNameBlocked,3.0.0,59.93954486,
FacesBlock3.xlsx,Lauren.mp4,Lauren.JPG,Lauren,38,0,2,2,2,,,,,0,12,12,8,,,,,,,,sarah,0,"['s', 'a', 'r', 'a', 'h']","[4.084656479999467, 4.251173246999315, 4.734791126998971, 4.755173936999199, 5.21698513299998]",[4.0846,4.0846,2,0.268566047,,,33,1,2019_Apr_05_1358,FaceNameBlocked,3.0.0,59.93954486,0
FacesBlock3.xlsx,Mark.mp4,Mark.JPG,Mark,40,0,2,2,2,0,4,4,10,,,,,,,1,1,0.869212328,,,,,,,0,0,,,,,33,1,2019_Apr_05_1358,FaceNameBlocked,3.0.0,59.93954486,
FacesBlock3.xlsx,Mark.mp4,Mark.JPG,Mark,40,0,2,2,2,,,,,0,1,1,10,,,,,,,,jac,0,"['m', 'a', 'r', 'backspace', 'backspace', 'backspace', 'j', 'a', 'c']","[6.1509964510005375, 6.317444391001118, 6.3839650560003065, 7.132251745000758, 7.250226197000302, 7.399758258001384, 9.66655197, 9.783000635999997, 9.899711949999983]",[6.1509,6.1509,1,0.985364387,,,33,1,2019_Apr_05_1358,FaceNameBlocked,3.0.0,59.93954486,0
FacesBlock1.xlsx,Matthew.mp4,Matthew.JPG,Matthew,9,0,0,0,0,0,13,13,9,,,,,,,1,1,0.486264185,,,,,,,0,0,,,,,33,1,2019_Apr_05_1358,FaceNameBlocked,3.0.0,59.93954486,
FacesBlock1.xlsx,Matthew.mp4,Matthew.JPG,Matthew,9,0,0,0,0,,,,,0,2,2,9,,,,,,,,,0,"['r', 'backspace', '1', 'backspace']","[1.9164564589991642, 2.417814463000468, 5.10079067299921, 5.832286958000623]",[1.9164,1.9164,1,1.068507549,,,33,1,2019_Apr_05_1358,FaceNameBlocked,3.0.0,59.93954486,
FacesBlock2.xlsx,Megan.mp4,Megan.JPG,Megan,25,0,1,1,1,0,10,10,10,,,,,,,0,2,0.337084396,,,,,,,0,0,,,,,33,1,2019_Apr_05_1358,FaceNameBlocked,3.0.0,59.93954486,
FacesBlock2.xlsx,Megan.mp4,Megan.JPG,Megan,25,0,1,1,1,,,,,0,10,10,10,,,,,,,,hayley,0,"['h', 'a', 'y', 'l', 'e', 'r', 'backspace', 'y', 'return']","[7.300614500998563, 7.450509521999265, 7.566347219999443, 7.766167417999895, 7.850117287000103, 7.933735696999065, 8.632550201999038, 9.049510356999235, 9.381766132999473]",[7.3006,7.3006,2,1.102002172,,,33,1,2019_Apr_05_1358,FaceNameBlocked,3.0.0,59.93954486,0
FacesBlock4.xlsx,Michael.mp4,Michael.JPG,Michael,46,0,3,3,3,0,7,7,1,,,,,,,1,1,0.71971297,,,,,,,0,0,,,,,33,1,2019_Apr_05_1358,FaceNameBlocked,3.0.0,59.93954486,
FacesBlock4.xlsx,Michael.mp4,Michael.JPG,Michael,46,0,3,3,3,,,,,0,0,0,1,,,,,,space,4.067287112,michael,1,"['m', 'i', 'c', 'h', 'e', 'a', 'backspace', 'backspace', 'e', 'l', 'backspace', 'backspace', 'a', 'e', 'l']","[1.6684830350004631, 1.8522041360010917, 2.1184995620005793, 2.3516989020008623, 2.817587319001177, 2.9515782039998157, 3.1838567859995237, 3.3008368410010007, 3.4842567420000705, 3.601237779001167, 3.999996321001163, 4.117376726000657, 4.167941325000356, 4.250524152001162, 4.351069237000047]",[1.6684,1.6684,4,0.735366156,,,33,1,2019_Apr_05_1358,FaceNameBlocked,3.0.0,59.93954486,1
FacesBlock4.xlsx,Michelle.mp4,Michelle.JPG,Michelle,52,0,3,3,3,0,9,9,7,,,,,,,0,2,0.251105685,,,,,,,0,0,,,,,33,1,2019_Apr_05_1358,FaceNameBlocked,3.0.0,59.93954486,
FacesBlock4.xlsx,Michelle.mp4,Michelle.JPG,Michelle,52,0,3,3,3,,,,,0,10,10,7,,,,,,,,anna,0,"['a', 'n', 'n', 'a']","[3.249633053999787, 3.417726379000669, 3.584818761999486, 3.8173614799998177]",[3.2496,3.2496,1,0.752388198,,,33,1,2019_Apr_05_1358,FaceNameBlocked,3.0.0,59.93954486,0
FacesBlock1.xlsx,Natalie.mp4,Natalie.JPG,Natalie,7,0,0,0,0,0,10,10,7,,,,,,,1,2,0.786313317,,,,,,,0,0,,,,,33,1,2019_Apr_05_1358,FaceNameBlocked,3.0.0,59.93954486,
FacesBlock1.xlsx,Natalie.mp4,Natalie.JPG,Natalie,7,0,0,0,0,,,,,0,12,12,7,,,,,,,,amanda,0,"['a', 'm', 'a', 'n', 'd', 'a', '1', 'backspace']","[3.468191685999045, 3.6348623630001384, 3.701526858998477, 3.835070402999918, 3.950731969998742, 4.801439762999507, 5.233720762998928, 5.916905879999831]",[3.4681,3.4681,1,0.468526301,,,33,1,2019_Apr_05_1358,FaceNameBlocked,3.0.0,59.93954486,0
FacesBlock3.xlsx,Nathan.mp4,Nathan.JPG,Nathan,37,0,2,2,2,0,0,0,7,,,,,,,1,1,1.119456809,,,,,,,0,0,,,,,33,1,2019_Apr_05_1358,FaceNameBlocked,3.0.0,59.93954486,
FacesBlock3.xlsx,Nathan.mp4,Nathan.JPG,Nathan,37,0,2,2,2,,,,,0,6,6,7,,,,,,,,,0,"['n', 't', 'backspace', 'backspace']","[7.850364808999075, 8.081442536000395, 8.365959425000256, 8.516057161999925]",[7.8503,7.8503,1,1.083277338,,,33,1,2019_Apr_05_1358,FaceNameBlocked,3.0.0,59.93954486,
FacesBlock3.xlsx,Nicole.mp4,Nicole.JPG,Nicole,43,0,2,2,2,0,11,11,13,,,,,,,1,2,1.369082102,,,,,,,0,0,,,,,33,1,2019_Apr_05_1358,FaceNameBlocked,3.0.0,59.93954486,
FacesBlock3.xlsx,Nicole.mp4,Nicole.JPG,Nicole,43,0,2,2,2,,,,,0,8,8,13,,,,,,,,shelby,0,"['s', 'h', 'e', 'l', 'b', 'y']","[3.2686184310005046, 3.451731078999728, 3.6013423999993392, 3.7851572959989426, 3.8663002849989425, 4.151528591999522]",[3.2686,3.2686,2,0.818921556,,,33,1,2019_Apr_05_1358,FaceNameBlocked,3.0.0,59.93954486,0
FacesBlock3.xlsx,Noah.mp4,Noah.JPG,Noah,31,0,2,2,2,0,9,9,1,,,,,,,1,1,0.653200528,,,,,,,0,0,,,,,33,1,2019_Apr_05_1358,FaceNameBlocked,3.0.0,59.93954486,
FacesBlock3.xlsx,Noah.mp4,Noah.JPG,Noah,31,0,2,2,2,,,,,0,13,13,1,,,,,,,,nathan,0,"['n', 'a', 't', 'h', 'a', 'n']","[8.549424556998929, 8.915459023999574, 9.282187581999096, 9.432095869999102, 9.532076292000056, 9.732425534999493]",[8.5494,8.5494,1,0.866586272,,,33,1,2019_Apr_05_1358,FaceNameBlocked,3.0.0,59.93954486,0
FacesBlock3.xlsx,Olivia.mp4,Olivia.JPG,Olivia,35,0,2,2,2,0,8,8,5,,,,,,,1,2,0.219797602,,,,,,,0,0,,,,,33,1,2019_Apr_05_1358,FaceNameBlocked,3.0.0,59.93954486,
FacesBlock3.xlsx,Olivia.mp4,Olivia.JPG,Olivia,35,0,2,2,2,,,,,0,9,9,5,,,,,,,,lauren,0,"['l', 'a', 'u', 'r', 'e', 'n']","[4.083995875000255, 4.199689798000691, 4.366372180000326, 4.516813668000395, 4.55025714400108, 4.634242869000445]",[4.0839,4.0839,1,0.33306688,,,33,1,2019_Apr_05_1358,FaceNameBlocked,3.0.0,59.93954486,0
FacesBlock2.xlsx,Rachel.mp4,Rachel.JPG,Rachel,29,0,1,1,1,0,9,9,14,,,,,,,0,2,0.668927492,,,,,,,0,0,,,,,33,1,2019_Apr_05_1358,FaceNameBlocked,3.0.0,59.93954486,
FacesBlock2.xlsx,Rachel.mp4,Rachel.JPG,Rachel,29,0,1,1,1,,,,,0,4,4,14,,,,,,,,megan,0,"['n', 'e', 'g', 'h', 'backspace', 'backspace', 'backspace', 'backspace', 'm', 'e', 'g', 'h', 'a', 'n', 'backspace', 'backspace', 'backspace', 'n', 'backspace', 'a', 'n']","[4.568492944999889, 4.68466614099998, 4.967727171000661, 5.051425928999379, 5.400705550000566, 5.533857301999888, 5.649834481999278, 5.783689267000227, 6.28457717099991, 6.4174802050001745, 6.634428721999939, 6.717636160999973, 6.817307741999684, 6.917513391999819, 7.899545461999878, 8.183183758999803, 8.33298754200041, 8.58379382000021, 8.949193079999532, 9.066817484999774, 9.18289229400034]",[4.5684,4.5684,2,0.719149496,,,33,1,2019_Apr_05_1358,FaceNameBlocked,3.0.0,59.93954486,0
FacesBlock3.xlsx,Rebecca.mp4,Rebecca.JPG,Rebecca,32,0,2,2,2,0,2,2,2,,,,,,,0,2,2.984171249,,,,,,,0,0,,,,,33,1,2019_Apr_05_1358,FaceNameBlocked,3.0.0,59.93954486,
FacesBlock3.xlsx,Rebecca.mp4,Rebecca.JPG,Rebecca,32,0,2,2,2,,,,,0,14,14,2,,,,,,,,shelby,0,"['s', 'h', 'e', 'l', 'z', 'backspace', 'b', 'y']","[7.98411446099999, 8.46701822200157, 8.566973591001442, 8.700502579000386, 8.950396639000246, 9.332698877000439, 9.583626547000677, 9.750127970000904]",[7.9841,7.9841,1,0.817902246,,,33,1,2019_Apr_05_1358,FaceNameBlocked,3.0.0,59.93954486,0
FacesBlock3.xlsx,Sarah.mp4,Sarah.JPG,Sarah,33,0,2,2,2,0,6,6,3,,,,,,,0,2,1.868331912,,,,,,,0,0,,,,,33,1,2019_Apr_05_1358,FaceNameBlocked,3.0.0,59.93954486,
FacesBlock3.xlsx,Sarah.mp4,Sarah.JPG,Sarah,33,0,2,2,2,,,,,0,5,5,3,,,,,,,,rebecca,0,"['r', 'e', 'b', 'e', 'c', 'c', 'a']","[2.98511177599903, 3.005812920999233, 3.1517317889993137, 3.2849645449987293, 3.5182826290001685, 3.6681781639999826, 3.784950266999658]",[2.9851,2.9851,1,0.818544339,,,33,1,2019_Apr_05_1358,FaceNameBlocked,3.0.0,59.93954486,0
FacesBlock3.xlsx,Shelby.mp4,Shelby.JPG,Shelby,36,0,2,2,2,0,13,13,6,,,,,,,1,2,0.786058955,,,,,,,0,0,,,,,33,1,2019_Apr_05_1358,FaceNameBlocked,3.0.0,59.93954486,
FacesBlock3.xlsx,Shelby.mp4,Shelby.JPG,Shelby,36,0,2,2,2,,,,,0,4,4,6,,,,,,,,olivia,0,"['o', 'l', 'i', 'v', 'i', 'a']","[3.6674264619996393, 3.8672704519995023, 3.9842556139992666, 4.117458230000921, 4.184118593999301, 4.367497502000333]",[3.6674,3.6674,2,0.334752521,,,33,1,2019_Apr_05_1358,FaceNameBlocked,3.0.0,59.93954486,0
FacesBlock2.xlsx,Steven.mp4,Steven.JPG,Steven,17,0,1,1,1,0,5,5,2,,,,,,,1,1,0.470303959,,,,,,,0,0,,,,,33,1,2019_Apr_05_1358,FaceNameBlocked,3.0.0,59.93954486,
FacesBlock2.xlsx,Steven.mp4,Steven.JPG,Steven,17,0,1,1,1,,,,,0,9,9,2,,,,,,,,,0,None,,0,0,1,0.718809198,,,33,1,2019_Apr_05_1358,FaceNameBlocked,3.0.0,59.93954486,
FacesBlock4.xlsx,Taylor.mp4,Taylor.JPG,Taylor,45,0,3,3,3,0,13,13,0,,,,,,,0,2,0.869437563,,,,,,,0,0,,,,,33,1,2019_Apr_05_1358,FaceNameBlocked,3.0.0,59.93954486,
FacesBlock4.xlsx,Taylor.mp4,Taylor.JPG,Taylor,45,0,3,3,3,,,,,0,7,7,0,,,,,,,,,0,None,,0,0,1,0.502094225,,,33,1,2019_Apr_05_1358,FaceNameBlocked,3.0.0,59.93954486,
FacesBlock3.xlsx,Thomas.mp4,Thomas.JPG,Thomas,44,0,2,2,2,0,7,7,14,,,,,,,0,1,1.75155161,,,,,,,0,0,,,,,33,1,2019_Apr_05_1358,FaceNameBlocked,3.0.0,59.93954486,
FacesBlock3.xlsx,Thomas.mp4,Thomas.JPG,Thomas,44,0,2,2,2,,,,,0,0,0,14,,,,,,space,4.751120166,,0,"['j', 'a', 'c', 'o', 'b', 'backspace', 'backspace', 'backspace', 'backspace', 'backspace']","[4.91726527299943, 5.031972728000255, 5.16751561700039, 5.250375473999156, 5.300426691999746, 9.181171972999437, 9.381210251000084, 9.532004946999223, 9.665356887999224, 9.798354024000218]",[4.9172,4.9172,1,1.151926648,,,33,1,2019_Apr_05_1358,FaceNameBlocked,3.0.0,59.93954486,
FacesBlock1.xlsx,Timothy.mp4,Timothy.JPG,Timothy,10,0,0,0,0,0,11,11,10,,,,,,,1,1,0.486307027,,,,,,,0,0,,,,,33,1,2019_Apr_05_1358,FaceNameBlocked,3.0.0,59.93954486,
FacesBlock1.xlsx,Timothy.mp4,Timothy.JPG,Timothy,10,0,0,0,0,,,,,0,11,11,10,,,,,,,,,0,None,,0,0,1,0.368935896,,,33,1,2019_Apr_05_1358,FaceNameBlocked,3.0.0,59.93954486,
FacesBlock2.xlsx,Trevor.mp4,Trevor.JPG,Trevor,21,0,1,1,1,0,12,12,6,,,,,,,1,1,0.436264975,,,,,,,0,0,,,,,33,1,2019_Apr_05_1358,FaceNameBlocked,3.0.0,59.93954486,
FacesBlock2.xlsx,Trevor.mp4,Trevor.JPG,Trevor,21,0,1,1,1,,,,,0,14,14,6,,,,,,,,,0,None,,0,0,1,0.968758614,,,33,1,2019_Apr_05_1358,FaceNameBlocked,3.0.0,59.93954486,
FacesBlock2.xlsx,Tyler.mp4,Tyler.JPG,Tyler,22,0,1,1,1,0,14,14,7,,,,,,,1,1,0.569820615,,,,,,,0,0,,,,,33,1,2019_Apr_05_1358,FaceNameBlocked,3.0.0,59.93954486,
FacesBlock2.xlsx,Tyler.mp4,Tyler.JPG,Tyler,22,0,1,1,1,,,,,0,0,0,7,,,,,,space,14.96369251,aaron,0,"['a', 'a', 'r', 'o', 'm', 'backspace', 'm', 'backspace', 'n']","[2.8342564340000536, 3.0346044060006534, 3.11837710600048, 3.616869478000808, 3.701012286999685, 4.449665202000688, 4.717547411999476, 5.033669620001092, 5.36751428900061]",[2.8342,2.8342,2,1.351349076,,,33,1,2019_Apr_05_1358,FaceNameBlocked,3.0.0,59.93954486,0
,,,,,,,,,,,,,,,,,space,35.92514993,,,,,,,,,,,,,,,,33,1,2019_Apr_05_1358,FaceNameBlocked,3.0.0,59.93954486,
,,,,,,,,,,,,,,,,,,,,,,,,,,,,,,,,space,10.09904495,33,1,2019_Apr_05_1358,FaceNameBlocked,3.0.0,59.93954486,