,Video,Name,recallRating_GR,inputText,key_resp3_fin
53,Aaron.mp4,Aaron,0.0,josh,6.3004
44,Aaron.mp4,Aaron,,,
22,Adam.mp4,Adam,0.0,adam,1.9192
2,Adam.mp4,Adam,,,
116,Alyssa.mp4,Alyssa,0.0,alyssa,1.1357
91,Alyssa.mp4,Alyssa,,,
23,Amanda.mp4,Amanda,0.0,melissa,2.2853
13,Amanda.mp4,Amanda,,,
109,Andrew.mp4,Andrew,0.0,andrew,7.25
100,Andrew.mp4,Andrew,,,
110,Anna.mp4,Anna,0.0,anna,1.6856
93,Anna.mp4,Anna,,,
58,Ashley.mp4,Ashley,0.0,ashley,3.1682
45,Ashley.mp4,Ashley,,,
19,Bradley.mp4,Bradley,0.0,jason,3.3675
4,Bradley.mp4,Bradley,,,
112,Brandon.mp4,Brandon,0.0,,0.0
99,Brandon.mp4,Brandon,,,
114,Brian.mp4,Brian,0.0,bryce,6.2168
92,Brian.mp4,Brian,,,
117,Brianna.mp4,Brianna,0.0,,0.0
102,Brianna.mp4,Brianna,,,
47,Brittany.mp4,Brittany,0.0,britney,2.1023
34,Brittany.mp4,Brittany,,,
111,Caleb.mp4,Caleb,0.0,,0.0
97,Caleb.mp4,Caleb,,,
60,Cody.mp4,Cody,0.0,cody,1.1353
39,Cody.mp4,Cody,,,
77,Courtney.mp4,Courtney,0.0,corthey,6.6167
64,Courtney.mp4,Courtney,,,
85,Daniel.mp4,Daniel,0.0,,0.0
61,Daniel.mp4,Daniel,,,
25,Danielle.mp4,Danielle,0.0,,0.0
6,Danielle.mp4,Danielle,,,
46,David.mp4,David,0.0,,0.0
33,David.mp4,David,,,
120,Dylan.mp4,Dylan,0.0,,0.0
105,Dylan.mp4,Dylan,,,
118,Emily.mp4,Emily,0.0,,0.0
104,Emily.mp4,Emily,,,
27,Eric.mp4,Eric,0.0,,0.0
3,Eric.mp4,Eric,,,
17,Ethan.mp4,Ethan,0.0,,0.0
1,Ethan.mp4,Ethan,,,
115,Grace.mp4,Grace,0.0,grace,3.7509
95,Grace.mp4,Grace,,,
51,Haley.mp4,Haley,0.0,haley,5.3837
37,Haley.mp4,Haley,,,
21,Hannah.mp4,Hannah,0.0,,0.0
15,Hannah.mp4,Hannah,,,
56,Heather.mp4,Heather,0.0,heather,2.3013
43,Heather.mp4,Heather,,,
86,Jacob.mp4,Jacob,0.0,jacob,2.6186
67,Jacob.mp4,Jacob,,,
108,Jason.mp4,Jason,0.0,,0.0
103,Jason.mp4,Jason,,,
20,Jenna.mp4,Jenna,0.0,,0.0
5,Jenna.mp4,Jenna,,,
50,Jeremy.mp4,Jeremy,0.0,,0.0
38,Jeremy.mp4,Jeremy,,,
16,Jessica.mp4,Jessica,0.0,natalie,4.5156
14,Jessica.mp4,Jessica,,,
57,Josh.mp4,Josh,0.0,,0.0
36,Josh.mp4,Josh,,,
28,Julia.mp4,Julia,0.0,,0.0
10,Julia.mp4,Julia,,,
49,Justin.mp4,Justin,0.0,,0.0
35,Justin.mp4,Justin,,,
107,Katie.mp4,Katie,0.0,kathy,3.0683
94,Katie.mp4,Katie,,,
79,Kayla.mp4,Kayla,0.0,kyla,5.4008
63,Kayla.mp4,Kayla,,,
18,Kelsey.mp4,Kelsey,0.0,jessica,5.0004
8,Kelsey.mp4,Kelsey,,,
87,Kevin.mp4,Kevin,0.0,kevin,2.4187
72,Kevin.mp4,Kevin,,,
29,Kyle.mp4,Kyle,0.0,,0.0
7,Kyle.mp4,Kyle,,,
84,Lauren.mp4,Lauren,0.0,lauren,4.1676
75,Lauren.mp4,Lauren,,,
76,Mark.mp4,Mark,0.0,,0.0
73,Mark.mp4,Mark,,,
30,Matthew.mp4,Matthew,0.0,peter,1.8189
12,Matthew.mp4,Matthew,,,
59,Megan.mp4,Megan,0.0,rachel,3.1013
32,Megan.mp4,Megan,,,
119,Michael.mp4,Michael,0.0,jason,5.2009
101,Michael.mp4,Michael,,,
113,Michelle.mp4,Michelle,0.0,,0.0
96,Michelle.mp4,Michelle,,,
26,Natalie.mp4,Natalie,0.0,amanda,4.1512
9,Natalie.mp4,Natalie,,,
89,Nathan.mp4,Nathan,0.0,nathan,1.2686
70,Nathan.mp4,Nathan,,,
83,Nicole.mp4,Nicole,0.0,olivia,2.7338
71,Nicole.mp4,Nicole,,,
90,Noah.mp4,Noah,0.0,noah,3.2012
68,Noah.mp4,Noah,,,
88,Olivia.mp4,Olivia,0.0,shelbey,6.2839
69,Olivia.mp4,Olivia,,,
48,Rachel.mp4,Rachel,0.0,rachel,4.7327
31,Rachel.mp4,Rachel,,,
81,Rebecca.mp4,Rebecca,0.0,,0.0
62,Rebecca.mp4,Rebecca,,,
82,Sarah.mp4,Sarah,0.0,,0.0
66,Sarah.mp4,Sarah,,,
78,Shelby.mp4,Shelby,0.0,,0.0
74,Shelby.mp4,Shelby,,,
54,Steven.mp4,Steven,0.0,josh,4.1508
40,Steven.mp4,Steven,,,
106,Taylor.mp4,Taylor,0.0,,0.0
98,Taylor.mp4,Taylor,,,
80,Thomas.mp4,Thomas,0.0,,0.0
65,Thomas.mp4,Thomas,,,
24,Timothy.mp4,Timothy,0.0,,0.0
11,Timothy.mp4,Timothy,,,
52,Trevor.mp4,Trevor,0.0,trever,3.0013
41,Trevor.mp4,Trevor,,,
55,Tyler.mp4,Tyler,0.0,,0.0
42,Tyler.mp4,Tyler,,,
0,,,,,
121,,,,,
