,Video,Name,recallRating_GR,inputText,key_resp3_fin
52,Aaron.mp4,Aaron,0.0,,0.0
42,Aaron.mp4,Aaron,,,
20,Adam.mp4,Adam,0.0,,0.0
9,Adam.mp4,Adam,,,
111,Alyssa.mp4,Alyssa,0.0,alyessa,2.0683
103,Alyssa.mp4,Alyssa,,,
18,Amanda.mp4,Amanda,0.0,,0.0
13,Amanda.mp4,Amanda,,,
112,Andrew.mp4,Andrew,0.0, ,9.8826
92,Andrew.mp4,Andrew,,,
108,Anna.mp4,Anna,0.0,,0.0
104,Anna.mp4,Anna,,,
51,Ashley.mp4,Ashley,0.0,ashley,2.1176
39,Ashley.mp4,Ashley,,,
25,Bradley.mp4,Bradley,0.0,,0.0
11,Bradley.mp4,Bradley,,,
109,Brandon.mp4,Brandon,0.0,  ,7.9997
101,Brandon.mp4,Brandon,,,
110,Brian.mp4,Brian,0.0,bryan,2.1355
99,Brian.mp4,Brian,,,
117,Brianna.mp4,Brianna,0.0,,0.0
100,Brianna.mp4,Brianna,,,
57,Brittany.mp4,Brittany,0.0,brittney,3.6018
36,Brittany.mp4,Brittany,,,
107,Caleb.mp4,Caleb,0.0,caleb,1.585
98,Caleb.mp4,Caleb,,,
50,Cody.mp4,Cody,0.0,aaron,4.5667
41,Cody.mp4,Cody,,,
87,Courtney.mp4,Courtney,0.0,,0.0
61,Courtney.mp4,Courtney,,,
77,Daniel.mp4,Daniel,0.0,jacob,6.817
74,Daniel.mp4,Daniel,,,
28,Danielle.mp4,Danielle,0.0,,0.0
7,Danielle.mp4,Danielle,,,
56,David.mp4,David,0.0,michael,4.2677
32,David.mp4,David,,,
115,Dylan.mp4,Dylan,0.0,  dylan,3.068
93,Dylan.mp4,Dylan,,,
113,Emily.mp4,Emily,0.0,emily ,1.6521
95,Emily.mp4,Emily,,,
24,Eric.mp4,Eric,0.0,,0.0
5,Eric.mp4,Eric,,,
26,Ethan.mp4,Ethan,0.0,,8.2004
6,Ethan.mp4,Ethan,,,
106,Grace.mp4,Grace,0.0, ,5.5335
102,Grace.mp4,Grace,,,
47,Haley.mp4,Haley,0.0,rachel,7.6163
37,Haley.mp4,Haley,,,
30,Hannah.mp4,Hannah,0.0,,0.0
4,Hannah.mp4,Hannah,,,
53,Heather.mp4,Heather,0.0,,0.0
44,Heather.mp4,Heather,,,
85,Jacob.mp4,Jacob,0.0,jacob,5.3846
71,Jacob.mp4,Jacob,,,
114,Jason.mp4,Jason,0.0,jason ,2.5688
105,Jason.mp4,Jason,,,
29,Jenna.mp4,Jenna,0.0,sarah,3.0679
12,Jenna.mp4,Jenna,,,
54,Jeremy.mp4,Jeremy,0.0,jeremy,2.3844
43,Jeremy.mp4,Jeremy,,,
23,Jessica.mp4,Jessica,0.0, ,8.0168
2,Jessica.mp4,Jessica,,,
55,Josh.mp4,Josh,0.0,josh,6.367000000000001
40,Josh.mp4,Josh,,,
22,Julia.mp4,Julia,0.0,,0.0
8,Julia.mp4,Julia,,,
49,Justin.mp4,Justin,0.0,,0.0
34,Justin.mp4,Justin,,,
119,Katie.mp4,Katie,0.0,catty,3.5677
96,Katie.mp4,Katie,,,
84,Kayla.mp4,Kayla,0.0,kayla,2.7017
72,Kayla.mp4,Kayla,,,
27,Kelsey.mp4,Kelsey,0.0,,0.0
1,Kelsey.mp4,Kelsey,,,
76,Kevin.mp4,Kevin,0.0,kevin,3.5187
73,Kevin.mp4,Kevin,,,
21,Kyle.mp4,Kyle,0.0,,0.0
3,Kyle.mp4,Kyle,,,
81,Lauren.mp4,Lauren,0.0,,0.0
67,Lauren.mp4,Lauren,,,
88,Mark.mp4,Mark,0.0,,0.0
62,Mark.mp4,Mark,,,
17,Matthew.mp4,Matthew,0.0,,0.0
14,Matthew.mp4,Matthew,,,
48,Megan.mp4,Megan,0.0,ashley,5.5332
35,Megan.mp4,Megan,,,
116,Michael.mp4,Michael,0.0,michael,4.3175
94,Michael.mp4,Michael,,,
118,Michelle.mp4,Michelle,0.0,,0.0
91,Michelle.mp4,Michelle,,,
19,Natalie.mp4,Natalie,0.0,,5.8169
10,Natalie.mp4,Natalie,,,
80,Nathan.mp4,Nathan,0.0,nathan,1.3188
70,Nathan.mp4,Nathan,,,
82,Nicole.mp4,Nicole,0.0,nicola,1.8678
69,Nicole.mp4,Nicole,,,
79,Noah.mp4,Noah,0.0,,0.0
68,Noah.mp4,Noah,,,
78,Olivia.mp4,Olivia,0.0,shelby,6.2666
65,Olivia.mp4,Olivia,,,
58,Rachel.mp4,Rachel,0.0,,0.0
33,Rachel.mp4,Rachel,,,
89,Rebecca.mp4,Rebecca,0.0,rebbecca,2.2013
64,Rebecca.mp4,Rebecca,,,
86,Sarah.mp4,Sarah,0.0,sarah,1.9847
63,Sarah.mp4,Sarah,,,
83,Shelby.mp4,Shelby,0.0,,0.0
75,Shelby.mp4,Shelby,,,
60,Steven.mp4,Steven,0.0, ,9.7828
38,Steven.mp4,Steven,,,
120,Taylor.mp4,Taylor,0.0,,0.0
97,Taylor.mp4,Taylor,,,
90,Thomas.mp4,Thomas,0.0,jason,7.6839
66,Thomas.mp4,Thomas,,,
16,Timothy.mp4,Timothy,0.0,timothe,2.7521
15,Timothy.mp4,Timothy,,,
59,Trevor.mp4,Trevor,0.0,trevor,2.1514
45,Trevor.mp4,Trevor,,,
46,Tyler.mp4,Tyler,0.0,david,3.8512
31,Tyler.mp4,Tyler,,,
0,,,,,
121,,,,,
