,Video,Name,recallRating_GR,inputText,key_resp3_fin
60,Aaron.mp4,Aaron,0.0,,0.0
36,Aaron.mp4,Aaron,,,
26,Adam.mp4,Adam,0.0,,0.0
5,Adam.mp4,Adam,,,
107,Alyssa.mp4,Alyssa,0.0,,0.0
104,Alyssa.mp4,Alyssa,,,
23,Amanda.mp4,Amanda,0.0,,0.0
3,Amanda.mp4,Amanda,,,
119,Andrew.mp4,Andrew,0.0,,0.0
99,Andrew.mp4,Andrew,,,
116,Anna.mp4,Anna,0.0,,0.0
100,Anna.mp4,Anna,,,
52,Ashley.mp4,Ashley,0.0,,0.0
34,Ashley.mp4,Ashley,,,
22,Bradley.mp4,Bradley,0.0,,0.0
6,Bradley.mp4,Bradley,,,
110,Brandon.mp4,Brandon,0.0,,0.0
96,Brandon.mp4,Brandon,,,
115,Brian.mp4,Brian,0.0,,0.0
95,Brian.mp4,Brian,,,
114,Brianna.mp4,Brianna,0.0,,0.0
97,Brianna.mp4,Brianna,,,
50,Brittany.mp4,Brittany,0.0,,0.0
33,Brittany.mp4,Brittany,,,
109,Caleb.mp4,Caleb,0.0,Caleb,1.0331
103,Caleb.mp4,Caleb,,,
48,Cody.mp4,Cody,0.0,Justin,2.4334
37,Cody.mp4,Cody,,,
87,Courtney.mp4,Courtney,0.0,,0.0
73,Courtney.mp4,Courtney,,,
86,Daniel.mp4,Daniel,0.0,,0.0
74,Daniel.mp4,Daniel,,,
27,Danielle.mp4,Danielle,0.0,,0.0
8,Danielle.mp4,Danielle,,,
55,David.mp4,David,0.0,,0.0
39,David.mp4,David,,,
108,Dylan.mp4,Dylan,0.0,,0.0
92,Dylan.mp4,Dylan,,,
118,Emily.mp4,Emily,0.0,Emily,2.0336
93,Emily.mp4,Emily,,,
24,Eric.mp4,Eric,0.0,Eric,1.1342
12,Eric.mp4,Eric,,,
18,Ethan.mp4,Ethan,0.0,,0.0
2,Ethan.mp4,Ethan,,,
111,Grace.mp4,Grace,0.0,,0.0
98,Grace.mp4,Grace,,,
49,Haley.mp4,Haley,0.0,Ashley,6.7488
43,Haley.mp4,Haley,,,
20,Hannah.mp4,Hannah,0.0,Hannah,3.9834
7,Hannah.mp4,Hannah,,,
51,Heather.mp4,Heather,0.0,,0.0
42,Heather.mp4,Heather,,,
79,Jacob.mp4,Jacob,0.0,,0.0
65,Jacob.mp4,Jacob,,,
106,Jason.mp4,Jason,0.0,,7.0646
101,Jason.mp4,Jason,,,
19,Jenna.mp4,Jenna,0.0,,0.0
13,Jenna.mp4,Jenna,,,
46,Jeremy.mp4,Jeremy,0.0,,0.0
38,Jeremy.mp4,Jeremy,,,
28,Jessica.mp4,Jessica,0.0,,0.0
11,Jessica.mp4,Jessica,,,
53,Josh.mp4,Josh,0.0,,0.0
40,Josh.mp4,Josh,,,
29,Julia.mp4,Julia,0.0,Julia,1.567
9,Julia.mp4,Julia,,,
54,Justin.mp4,Justin,0.0,,0.0
32,Justin.mp4,Justin,,,
112,Katie.mp4,Katie,0.0,,0.0
105,Katie.mp4,Katie,,,
85,Kayla.mp4,Kayla,0.0,,0.0
67,Kayla.mp4,Kayla,,,
21,Kelsey.mp4,Kelsey,0.0,,0.0
4,Kelsey.mp4,Kelsey,,,
76,Kevin.mp4,Kevin,0.0,Noah,3.2661
72,Kevin.mp4,Kevin,,,
16,Kyle.mp4,Kyle,0.0,,0.0
14,Kyle.mp4,Kyle,,,
80,Lauren.mp4,Lauren,0.0,,0.0
64,Lauren.mp4,Lauren,,,
88,Mark.mp4,Mark,0.0,,0.0
63,Mark.mp4,Mark,,,
25,Matthew.mp4,Matthew,0.0,,0.0
15,Matthew.mp4,Matthew,,,
59,Megan.mp4,Megan,0.0,,0.0
35,Megan.mp4,Megan,,,
117,Michael.mp4,Michael,0.0,,0.0
102,Michael.mp4,Michael,,,
120,Michelle.mp4,Michelle,0.0,Michelle,2.3004
91,Michelle.mp4,Michelle,,,
17,Natalie.mp4,Natalie,0.0,,0.0
1,Natalie.mp4,Natalie,,,
78,Nathan.mp4,Nathan,0.0,Mark,0.9506
62,Nathan.mp4,Nathan,,,
83,Nicole.mp4,Nicole,0.0,Olivia,1.4344
69,Nicole.mp4,Nicole,,,
77,Noah.mp4,Noah,0.0,,0.0
61,Noah.mp4,Noah,,,
89,Olivia.mp4,Olivia,0.0,Shelby,1.6007
68,Olivia.mp4,Olivia,,,
47,Rachel.mp4,Rachel,0.0,Rac,8.9145
31,Rachel.mp4,Rachel,,,
84,Rebecca.mp4,Rebecca,0.0,Olivia,5.6157
75,Rebecca.mp4,Rebecca,,,
82,Sarah.mp4,Sarah,0.0,,0.0
66,Sarah.mp4,Sarah,,,
90,Shelby.mp4,Shelby,0.0,,1.5834
71,Shelby.mp4,Shelby,,,
57,Steven.mp4,Steven,0.0,,0.0
41,Steven.mp4,Steven,,,
113,Taylor.mp4,Taylor,0.0,,0.0
94,Taylor.mp4,Taylor,,,
81,Thomas.mp4,Thomas,0.0,Tomas,4.3658
70,Thomas.mp4,Thomas,,,
30,Timothy.mp4,Timothy,0.0,,0.0
10,Timothy.mp4,Timothy,,,
56,Trevor.mp4,Trevor,0.0,Travor,1.1512
44,Trevor.mp4,Trevor,,,
58,Tyler.mp4,Tyler,0.0,Josh,3.5492
45,Tyler.mp4,Tyler,,,
0,,,,,
121,,,,,
