﻿Video,Name,inputText,key_resp_3.keys,recallRating_GR
Aaron.mp4,Aaron,,,
Aaron.mp4,Aaron,aron,"['a', 'r', 'o', 'n']",1
Adam.mp4,Adam,,,
Adam.mp4,Adam,,"['k', 'j', 'backspace', 'backspace', 'j', 'a', 'backspace', 'backspace']",0
Alyssa.mp4,Alyssa,,,
Alyssa.mp4,Alyssa,,None,0
Amanda.mp4,Amanda,,,
Amanda.mp4,Amanda,1,['1'],0
Andrew.mp4,Andrew,,,
Andrew.mp4,Andrew,,None,0
Anna.mp4,Anna,,,
Anna.mp4,Anna,,None,0
Ashley.mp4,Ashley,,,
Ashley.mp4,Ashley,ashley,"['a', 's', 'h', 'l', 'e', 'y']",1
Bradley.mp4,Bradley,,,
Bradley.mp4,Bradley,,None,0
Brandon.mp4,Brandon,,,
Brandon.mp4,Brandon,jason,"['j', 'a', 's', 'o', 'n']",0
Brian.mp4,Brian,,,
Brian.mp4,Brian,,['b'],0
Brianna.mp4,Brianna,,,
Brianna.mp4,Brianna,,None,0
Brittany.mp4,Brittany,,,
Brittany.mp4,Brittany,,None,0
Caleb.mp4,Caleb,,,
Caleb.mp4,Caleb,dylan,"['d', 'y', 'l', 'a', 'n']",0
Cody.mp4,Cody,,,
Cody.mp4,Cody,cody,"['c', 'o', 'd', 'y']",1
Courtney.mp4,Courtney,,,
Courtney.mp4,Courtney,,None,0
Daniel.mp4,Daniel,,,
Daniel.mp4,Daniel,,None,0
Danielle.mp4,Danielle,,,
Danielle.mp4,Danielle,,None,0
David.mp4,David,,,
David.mp4,David,,None,0
Dylan.mp4,Dylan,,,
Dylan.mp4,Dylan,,None,0
Emily.mp4,Emily,,,
Emily.mp4,Emily,,None,0
Eric.mp4,Eric,,,
Eric.mp4,Eric,julian,"['j', 'u', 'l', 'i', 'a', 'n']",0
Ethan.mp4,Ethan,,,
Ethan.mp4,Ethan,jason,"['j', 'a', 's', 'o', 'n']",0
Grace.mp4,Grace,,,
Grace.mp4,Grace,grace,"['g', 'r', 'a', 'c', 'e']",1
Haley.mp4,Haley,,,
Haley.mp4,Haley,,None,0
Hannah.mp4,Hannah,,,
Hannah.mp4,Hannah,hannah,"['h', 'a', 'n', 'n', 'a', 'h']",1
Heather.mp4,Heather,,,
Heather.mp4,Heather,,None,0
Jacob.mp4,Jacob,,,
Jacob.mp4,Jacob,jacob,"['j', 'a', 'c', 'o', 'b']",1
Jason.mp4,Jason,,,
Jason.mp4,Jason,brandon,"['b', 'r', 'a', 'n', 's', 'o', 'n', 'backspace', 'backspace', 'backspace', 'd', 'o', 'n']",0
Jenna.mp4,Jenna,,,
Jenna.mp4,Jenna,,None,0
Jeremy.mp4,Jeremy,,,
Jeremy.mp4,Jeremy,jeremy,"['j', 'e', 'r', 'e', 'm', 'y']",1
Jessica.mp4,Jessica,,,
Jessica.mp4,Jessica,,None,0
Josh.mp4,Josh,,,
Josh.mp4,Josh,josh,"['j', 'o', 's', 'h']",1
Julia.mp4,Julia,,,
Julia.mp4,Julia,,None,0
Justin.mp4,Justin,,,
Justin.mp4,Justin,,None,0
Katie.mp4,Katie,,,
Katie.mp4,Katie,,None,0
Kayla.mp4,Kayla,,,
Kayla.mp4,Kayla,kyla,"['k', 'y', 'l', 'a']",1
Kelsey.mp4,Kelsey,,,
Kelsey.mp4,Kelsey,alisha,"['a', 'l', 'i', 's', 'h', 'a']",0
Kevin.mp4,Kevin,,,
Kevin.mp4,Kevin,,None,0
Kyle.mp4,Kyle,,,
Kyle.mp4,Kyle,alex,"['a', 'l', 'e', 'x']",0
Lauren.mp4,Lauren,,,
Lauren.mp4,Lauren,,None,0
Mark.mp4,Mark,,,
Mark.mp4,Mark,,None,0
Matthew.mp4,Matthew,,,
Matthew.mp4,Matthew,,None,0
Megan.mp4,Megan,,,
Megan.mp4,Megan,britney,"['b', 'r', 'i', 't', 'm', 'e', 'y', 'backspace', 'backspace', 'backspace', 'n', 'e', 'y']",0
Michael.mp4,Michael,,,
Michael.mp4,Michael,michael,"['m', 'i', 'c', 'h', 'a', 'e', 'l']",1
Michelle.mp4,Michelle,,,
Michelle.mp4,Michelle,,None,0
Natalie.mp4,Natalie,,,
Natalie.mp4,Natalie,,None,0
Nathan.mp4,Nathan,,,
Nathan.mp4,Nathan,nathan,"['n', 'a', 't', 'h', 'a', 'n']",1
Nicole.mp4,Nicole,,,
Nicole.mp4,Nicole,,None,0
Noah.mp4,Noah,,,
Noah.mp4,Noah,,None,0
Olivia.mp4,Olivia,,,
Olivia.mp4,Olivia,olivia,"['o', 'l', 'i', 'v', 'i', 'a', '2', 'backspace']",1
Rachel.mp4,Rachel,,,
Rachel.mp4,Rachel,rachel,"['r', 'a', 'c', 'h', 'e', 'l']",1
Rebecca.mp4,Rebecca,,,
Rebecca.mp4,Rebecca,,None,0
Sarah.mp4,Sarah,,,
Sarah.mp4,Sarah,sarah,"['s', 'a', 'r', 'a', 'h']",1
Shelby.mp4,Shelby,,,
Shelby.mp4,Shelby,shellby,"['s', 'h', 'e', 'l', 'l', 'b', 'y']",1
Steven.mp4,Steven,,,
Steven.mp4,Steven,steven,"['s', 't', 'e', 'v', 'e', 'n']",1
Taylor.mp4,Taylor,,,
Taylor.mp4,Taylor,,None,0
Thomas.mp4,Thomas,,,
Thomas.mp4,Thomas,thomas,"['t', 'h', 'o', 'm', 'a', 's']",1
Timothy.mp4,Timothy,,,
Timothy.mp4,Timothy,,None,0
Trevor.mp4,Trevor,,,
Trevor.mp4,Trevor,,None,0
Tyler.mp4,Tyler,,,
Tyler.mp4,Tyler,tyler,"['t', 'y', 'l', 'e', 'r']",1