,Video,Name,recallRating_GR,inputText,key_resp3_fin
60,Aaron.mp4,Aaron,0.0,,0.0
40,Aaron.mp4,Aaron,,,
28,Adam.mp4,Adam,0.0,,7.5334
1,Adam.mp4,Adam,,,
114,Alyssa.mp4,Alyssa,0.0,Courtney,3.9336
102,Alyssa.mp4,Alyssa,,,
19,Amanda.mp4,Amanda,0.0,Amanda,2.5169
14,Amanda.mp4,Amanda,,,
108,Andrew.mp4,Andrew,0.0,,7.0982
101,Andrew.mp4,Andrew,,,
112,Anna.mp4,Anna,0.0,Kacey1,4.1336
103,Anna.mp4,Anna,,,
47,Ashley.mp4,Ashley,0.0,Ashley,1.7836
32,Ashley.mp4,Ashley,,,
29,Bradley.mp4,Bradley,0.0,Daniel,3.8163
9,Bradley.mp4,Bradley,,,
113,Brandon.mp4,Brandon,0.0,B,9.4311
93,Brandon.mp4,Brandon,,,
117,Brian.mp4,Brian,0.0,Bryan,0.7999
94,Brian.mp4,Brian,,,
115,Brianna.mp4,Brianna,0.0,Brianna,3.8495
92,Brianna.mp4,Brianna,,,
48,Brittany.mp4,Brittany,0.0,Megan2,0.9843
45,Brittany.mp4,Brittany,,,
110,Caleb.mp4,Caleb,0.0,Ryan,7.7819
96,Caleb.mp4,Caleb,,,
54,Cody.mp4,Cody,0.0,Cody,1.4841
34,Cody.mp4,Cody,,,
80,Courtney.mp4,Courtney,0.0,Nicole,5.9492
69,Courtney.mp4,Courtney,,,
86,Daniel.mp4,Daniel,0.0,Daniel,0.9832
74,Daniel.mp4,Daniel,,,
25,Danielle.mp4,Danielle,0.0,Kelsey,2.3498
7,Danielle.mp4,Danielle,,,
58,David.mp4,David,0.0,Gorge,7.931
39,David.mp4,David,,,
111,Dylan.mp4,Dylan,0.0,,0.0
97,Dylan.mp4,Dylan,,,
116,Emily.mp4,Emily,0.0,Emily,4.6335
95,Emily.mp4,Emily,,,
17,Eric.mp4,Eric,0.0,Ethan ,1.7337
10,Eric.mp4,Eric,,,
20,Ethan.mp4,Ethan,0.0,Ethan,3.0664
11,Ethan.mp4,Ethan,,,
118,Grace.mp4,Grace,0.0,Grace,1.8331
100,Grace.mp4,Grace,,,
50,Haley.mp4,Haley,0.0,Haley,2.6499
41,Haley.mp4,Haley,,,
22,Hannah.mp4,Hannah,0.0,,8.9816
6,Hannah.mp4,Hannah,,,
51,Heather.mp4,Heather,0.0,Ashley,2.4838
36,Heather.mp4,Heather,,,
87,Jacob.mp4,Jacob,0.0,Wil,4.2827
63,Jacob.mp4,Jacob,,,
119,Jason.mp4,Jason,0.0,Eric,5.149
105,Jason.mp4,Jason,,,
21,Jenna.mp4,Jenna,0.0,Julia,3.0495
3,Jenna.mp4,Jenna,,,
52,Jeremy.mp4,Jeremy,0.0,,4.8991
38,Jeremy.mp4,Jeremy,,,
18,Jessica.mp4,Jessica,0.0,Amanda,4.1825
4,Jessica.mp4,Jessica,,,
56,Josh.mp4,Josh,0.0,Josh,1.1174
42,Josh.mp4,Josh,,,
23,Julia.mp4,Julia,0.0,Lisa,4.317
13,Julia.mp4,Julia,,,
46,Justin.mp4,Justin,0.0,Justin,2.1172
44,Justin.mp4,Justin,,,
106,Katie.mp4,Katie,0.0,Katie,1.6837
99,Katie.mp4,Katie,,,
84,Kayla.mp4,Kayla,0.0,Kayla,1.3013
73,Kayla.mp4,Kayla,,,
27,Kelsey.mp4,Kelsey,0.0,Li,7.5982
12,Kelsey.mp4,Kelsey,,,
85,Kevin.mp4,Kevin,0.0,,0.0
65,Kevin.mp4,Kevin,,,
30,Kyle.mp4,Kyle,0.0,Patrick,5.4481
8,Kyle.mp4,Kyle,,,
79,Lauren.mp4,Lauren,0.0,Rebecca,3.2167
64,Lauren.mp4,Lauren,,,
76,Mark.mp4,Mark,0.0,,5.9159
68,Mark.mp4,Mark,,,
24,Matthew.mp4,Matthew,0.0,Matthew,2.9332
15,Matthew.mp4,Matthew,,,
59,Megan.mp4,Megan,0.0,Rachel,4.4331
35,Megan.mp4,Megan,,,
109,Michael.mp4,Michael,0.0,Tyler,4.9167
104,Michael.mp4,Michael,,,
120,Michelle.mp4,Michelle,0.0,Je,6.4485
98,Michelle.mp4,Michelle,,,
16,Natalie.mp4,Natalie,0.0,Emma ,4.6333
5,Natalie.mp4,Natalie,,,
81,Nathan.mp4,Nathan,0.0,Thomas,2.9325
70,Nathan.mp4,Nathan,,,
89,Nicole.mp4,Nicole,0.0,Haley,5.7489
61,Nicole.mp4,Nicole,,,
88,Noah.mp4,Noah,0.0,,5.0988
62,Noah.mp4,Noah,,,
83,Olivia.mp4,Olivia,0.0,O,6.2162
67,Olivia.mp4,Olivia,,,
55,Rachel.mp4,Rachel,0.0,Brittany,6.0486
33,Rachel.mp4,Rachel,,,
82,Rebecca.mp4,Rebecca,0.0,Kayla,2.4508
71,Rebecca.mp4,Rebecca,,,
77,Sarah.mp4,Sarah,0.0,Sarah,1.8832
72,Sarah.mp4,Sarah,,,
90,Shelby.mp4,Shelby,0.0,Shelby,0.9511
75,Shelby.mp4,Shelby,,,
53,Steven.mp4,Steven,0.0,Steven,1.5175
37,Steven.mp4,Steven,,,
107,Taylor.mp4,Taylor,0.0,,4.515
91,Taylor.mp4,Taylor,,,
78,Thomas.mp4,Thomas,0.0,Noah,2.3503
66,Thomas.mp4,Thomas,,,
26,Timothy.mp4,Timothy,0.0,J,5.0656
2,Timothy.mp4,Timothy,,,
49,Trevor.mp4,Trevor,0.0,Roger,7.6149
31,Trevor.mp4,Trevor,,,
57,Tyler.mp4,Tyler,0.0,Tyler,5.1825
43,Tyler.mp4,Tyler,,,
0,,,,,
121,,,,,
