,Video,Name,recallRating_GR,inputText,key_resp3_fin
46,Aaron.mp4,Aaron,0.0,steven ,3.0357
32,Aaron.mp4,Aaron,,,
21,Adam.mp4,Adam,0.0,joe,1.3349
13,Adam.mp4,Adam,,,
106,Alyssa.mp4,Alyssa,0.0,lauren,2.4349
102,Alyssa.mp4,Alyssa,,,
23,Amanda.mp4,Amanda,0.0,joanna,6.2816
3,Amanda.mp4,Amanda,,,
116,Andrew.mp4,Andrew,0.0,matt,2.2682
91,Andrew.mp4,Andrew,,,
110,Anna.mp4,Anna,0.0,anna,2.7687
94,Anna.mp4,Anna,,,
47,Ashley.mp4,Ashley,0.0,ashley,1.5019
35,Ashley.mp4,Ashley,,,
30,Bradley.mp4,Bradley,0.0,matt,6.8833
9,Bradley.mp4,Bradley,,,
112,Brandon.mp4,Brandon,0.0,adam,7.7831
95,Brandon.mp4,Brandon,,,
117,Brian.mp4,Brian,0.0,john,4.0512
98,Brian.mp4,Brian,,,
114,Brianna.mp4,Brianna,0.0,trisha,4.5504
96,Brianna.mp4,Brianna,,,
54,Brittany.mp4,Brittany,0.0,isabel,6.3008
40,Brittany.mp4,Brittany,,,
111,Caleb.mp4,Caleb,0.0,joe,2.1518
93,Caleb.mp4,Caleb,,,
57,Cody.mp4,Cody,0.0,kurt,5.2829999999999995
41,Cody.mp4,Cody,,,
87,Courtney.mp4,Courtney,0.0,courtney ,1.8834
64,Courtney.mp4,Courtney,,,
86,Daniel.mp4,Daniel,0.0,,0.0
68,Daniel.mp4,Daniel,,,
25,Danielle.mp4,Danielle,0.0,,0.0
8,Danielle.mp4,Danielle,,,
56,David.mp4,David,0.0,chrs,3.4518
42,David.mp4,David,,,
108,Dylan.mp4,Dylan,0.0,steven ,1.5187
105,Dylan.mp4,Dylan,,,
115,Emily.mp4,Emily,0.0,maddie,2.4351
97,Emily.mp4,Emily,,,
28,Eric.mp4,Eric,0.0,john,3.6179
10,Eric.mp4,Eric,,,
27,Ethan.mp4,Ethan,0.0,matt,1.5688
4,Ethan.mp4,Ethan,,,
109,Grace.mp4,Grace,0.0,michelle,4.0005
100,Grace.mp4,Grace,,,
60,Haley.mp4,Haley,0.0,megan,2.7184
43,Haley.mp4,Haley,,,
19,Hannah.mp4,Hannah,0.0,elizabeth,1.768
2,Hannah.mp4,Hannah,,,
55,Heather.mp4,Heather,0.0,anna,3.0016
37,Heather.mp4,Heather,,,
79,Jacob.mp4,Jacob,0.0,mark,4.5682
62,Jacob.mp4,Jacob,,,
107,Jason.mp4,Jason,0.0,jacob,2.0855
92,Jason.mp4,Jason,,,
20,Jenna.mp4,Jenna,0.0,,6.3839999999999995
7,Jenna.mp4,Jenna,,,
58,Jeremy.mp4,Jeremy,0.0,joe,2.4183
34,Jeremy.mp4,Jeremy,,,
16,Jessica.mp4,Jessica,0.0,hannah  2 ,2.2692
11,Jessica.mp4,Jessica,,,
53,Josh.mp4,Josh,0.0,jo,7.4332
39,Josh.mp4,Josh,,,
24,Julia.mp4,Julia,0.0,madison,4.234
14,Julia.mp4,Julia,,,
51,Justin.mp4,Justin,0.0,matt,5.9669
45,Justin.mp4,Justin,,,
113,Katie.mp4,Katie,0.0,olivia,6.6003
104,Katie.mp4,Katie,,,
89,Kayla.mp4,Kayla,0.0,olivia,3.8181
65,Kayla.mp4,Kayla,,,
18,Kelsey.mp4,Kelsey,0.0,anna 11,1.6518
15,Kelsey.mp4,Kelsey,,,
88,Kevin.mp4,Kevin,0.0,patrick,3.7181
73,Kevin.mp4,Kevin,,,
26,Kyle.mp4,Kyle,0.0,justin ,2.5347
12,Kyle.mp4,Kyle,,,
77,Lauren.mp4,Lauren,0.0,courtney,3.8686
61,Lauren.mp4,Lauren,,,
84,Mark.mp4,Mark,0.0,josh ,1.6178
67,Mark.mp4,Mark,,,
17,Matthew.mp4,Matthew,0.0,nathan    2 ,1.452
6,Matthew.mp4,Matthew,,,
50,Megan.mp4,Megan,0.0,ashley,3.0682
31,Megan.mp4,Megan,,,
119,Michael.mp4,Michael,0.0,david,2.0516
101,Michael.mp4,Michael,,,
118,Michelle.mp4,Michelle,0.0,megan,1.7683
99,Michelle.mp4,Michelle,,,
22,Natalie.mp4,Natalie,0.0,,0.0
1,Natalie.mp4,Natalie,,,
83,Nathan.mp4,Nathan,0.0,mark,4.8337
75,Nathan.mp4,Nathan,,,
82,Nicole.mp4,Nicole,0.0,,6.7997
63,Nicole.mp4,Nicole,,,
81,Noah.mp4,Noah,0.0,justin,1.5682
71,Noah.mp4,Noah,,,
90,Olivia.mp4,Olivia,0.0,ashley,2.1165
66,Olivia.mp4,Olivia,,,
59,Rachel.mp4,Rachel,0.0,lana,5.4182
36,Rachel.mp4,Rachel,,,
76,Rebecca.mp4,Rebecca,0.0,megan1,3.1672
70,Rebecca.mp4,Rebecca,,,
78,Sarah.mp4,Sarah,0.0,olivia ,4.3838
72,Sarah.mp4,Sarah,,,
80,Shelby.mp4,Shelby,0.0,ashley ,2.0515
69,Shelby.mp4,Shelby,,,
49,Steven.mp4,Steven,0.0,justin ,1.9854
33,Steven.mp4,Steven,,,
120,Taylor.mp4,Taylor,0.0,alyssa,1.9348
103,Taylor.mp4,Taylor,,,
85,Thomas.mp4,Thomas,0.0,dan,2.8183
74,Thomas.mp4,Thomas,,,
29,Timothy.mp4,Timothy,0.0,,2.7351
5,Timothy.mp4,Timothy,,,
48,Trevor.mp4,Trevor,0.0,trevor ,1.3836
44,Trevor.mp4,Trevor,,,
52,Tyler.mp4,Tyler,0.0,josh ,3.4349
38,Tyler.mp4,Tyler,,,
0,,,,,
121,,,,,
