,Video,Name,recallRating_GR,inputText,key_resp3_fin
57,Aaron.mp4,Aaron,0.0,,0.0
43,Aaron.mp4,Aaron,,,
27,Adam.mp4,Adam,0.0,,0.0
7,Adam.mp4,Adam,,,
115,Alyssa.mp4,Alyssa,0.0,,0.0
95,Alyssa.mp4,Alyssa,,,
19,Amanda.mp4,Amanda,0.0,,0.0
6,Amanda.mp4,Amanda,,,
109,Andrew.mp4,Andrew,0.0,,0.0
97,Andrew.mp4,Andrew,,,
114,Anna.mp4,Anna,0.0,anna,2.8686
102,Anna.mp4,Anna,,,
56,Ashley.mp4,Ashley,0.0,,0.0
42,Ashley.mp4,Ashley,,,
23,Bradley.mp4,Bradley,0.0,,0.0
2,Bradley.mp4,Bradley,,,
118,Brandon.mp4,Brandon,0.0,jack,7.7655
100,Brandon.mp4,Brandon,,,
112,Brian.mp4,Brian,0.0,dra,5.7509
99,Brian.mp4,Brian,,,
117,Brianna.mp4,Brianna,0.0,,0.0
94,Brianna.mp4,Brianna,,,
59,Brittany.mp4,Brittany,0.0,,0.0
40,Brittany.mp4,Brittany,,,
110,Caleb.mp4,Caleb,0.0,,0.0
93,Caleb.mp4,Caleb,,,
53,Cody.mp4,Cody,0.0,,0.0
36,Cody.mp4,Cody,,,
82,Courtney.mp4,Courtney,0.0,,0.0
70,Courtney.mp4,Courtney,,,
77,Daniel.mp4,Daniel,0.0,,0.0
68,Daniel.mp4,Daniel,,,
25,Danielle.mp4,Danielle,0.0,Dannel,4.0493
14,Danielle.mp4,Danielle,,,
55,David.mp4,David,0.0,david,2.6515
38,David.mp4,David,,,
120,Dylan.mp4,Dylan,0.0,,0.0
101,Dylan.mp4,Dylan,,,
113,Emily.mp4,Emily,0.0,,0.0
98,Emily.mp4,Emily,,,
16,Eric.mp4,Eric,0.0,,0.0
8,Eric.mp4,Eric,,,
26,Ethan.mp4,Ethan,0.0,,0.0
5,Ethan.mp4,Ethan,,,
111,Grace.mp4,Grace,0.0,,0.0
104,Grace.mp4,Grace,,,
46,Haley.mp4,Haley,0.0,,0.0
45,Haley.mp4,Haley,,,
20,Hannah.mp4,Hannah,0.0,,0.0
15,Hannah.mp4,Hannah,,,
52,Heather.mp4,Heather,0.0,ashley,6.7004
34,Heather.mp4,Heather,,,
81,Jacob.mp4,Jacob,0.0,jacob,4.8174
63,Jacob.mp4,Jacob,,,
108,Jason.mp4,Jason,0.0,jason,3.0678
96,Jason.mp4,Jason,,,
29,Jenna.mp4,Jenna,0.0,,0.0
4,Jenna.mp4,Jenna,,,
49,Jeremy.mp4,Jeremy,0.0,j,4.4998
39,Jeremy.mp4,Jeremy,,,
21,Jessica.mp4,Jessica,0.0,monica,5.3839999999999995
11,Jessica.mp4,Jessica,,,
51,Josh.mp4,Josh,0.0,josh,1.8516
35,Josh.mp4,Josh,,,
18,Julia.mp4,Julia,0.0,,0.0
3,Julia.mp4,Julia,,,
50,Justin.mp4,Justin,0.0,jerrmy,6.2996
41,Justin.mp4,Justin,,,
116,Katie.mp4,Katie,0.0,,0.0
105,Katie.mp4,Katie,,,
79,Kayla.mp4,Kayla,0.0,dannel,6.0346
62,Kayla.mp4,Kayla,,,
22,Kelsey.mp4,Kelsey,0.0,annie,3.2674
12,Kelsey.mp4,Kelsey,,,
85,Kevin.mp4,Kevin,0.0,,0.0
71,Kevin.mp4,Kevin,,,
24,Kyle.mp4,Kyle,0.0,,0.0
10,Kyle.mp4,Kyle,,,
87,Lauren.mp4,Lauren,0.0,nicle,3.3007
67,Lauren.mp4,Lauren,,,
84,Mark.mp4,Mark,0.0,ba,9.1327
69,Mark.mp4,Mark,,,
28,Matthew.mp4,Matthew,0.0,,0.0
13,Matthew.mp4,Matthew,,,
54,Megan.mp4,Megan,0.0,mogan,3.0180000000000002
44,Megan.mp4,Megan,,,
106,Michael.mp4,Michael,0.0,macell,7.9161
91,Michael.mp4,Michael,,,
119,Michelle.mp4,Michelle,0.0,,0.0
103,Michelle.mp4,Michelle,,,
30,Natalie.mp4,Natalie,0.0,jessy,4.4179
1,Natalie.mp4,Natalie,,,
86,Nathan.mp4,Nathan,0.0,nathen,2.0344
74,Nathan.mp4,Nathan,,,
76,Nicole.mp4,Nicole,0.0,robica ,4.8342
66,Nicole.mp4,Nicole,,,
78,Noah.mp4,Noah,0.0,,0.0
65,Noah.mp4,Noah,,,
80,Olivia.mp4,Olivia,0.0,,0.0
64,Olivia.mp4,Olivia,,,
47,Rachel.mp4,Rachel,0.0,,0.0
32,Rachel.mp4,Rachel,,,
90,Rebecca.mp4,Rebecca,0.0,,0.0
61,Rebecca.mp4,Rebecca,,,
89,Sarah.mp4,Sarah,0.0,,0.0
75,Sarah.mp4,Sarah,,,
83,Shelby.mp4,Shelby,0.0,,0.0
73,Shelby.mp4,Shelby,,,
60,Steven.mp4,Steven,0.0,,0.0
33,Steven.mp4,Steven,,,
107,Taylor.mp4,Taylor,0.0,taylor,2.2845
92,Taylor.mp4,Taylor,,,
88,Thomas.mp4,Thomas,0.0,,0.0
72,Thomas.mp4,Thomas,,,
17,Timothy.mp4,Timothy,0.0,,0.0
9,Timothy.mp4,Timothy,,,
48,Trevor.mp4,Trevor,0.0,eric,5.7837
37,Trevor.mp4,Trevor,,,
58,Tyler.mp4,Tyler,0.0,justin,7.683
31,Tyler.mp4,Tyler,,,
0,,,,,
121,,,,,
