,Video,Name,recallRating_GR,inputText,key_resp3_fin
48,Aaron.mp4,Aaron,0.0,steven,4.3838
39,Aaron.mp4,Aaron,,,
28,Adam.mp4,Adam,0.0,,0.0
15,Adam.mp4,Adam,,,
108,Alyssa.mp4,Alyssa,0.0,emmaly,2.3019
100,Alyssa.mp4,Alyssa,,,
25,Amanda.mp4,Amanda,0.0,,0.0
2,Amanda.mp4,Amanda,,,
112,Andrew.mp4,Andrew,0.0,andrew,2.5009
101,Andrew.mp4,Andrew,,,
113,Anna.mp4,Anna,0.0,t,9.4994
104,Anna.mp4,Anna,,,
57,Ashley.mp4,Ashley,0.0,,0.0
33,Ashley.mp4,Ashley,,,
19,Bradley.mp4,Bradley,0.0,eric,4.0669
14,Bradley.mp4,Bradley,,,
107,Brandon.mp4,Brandon,0.0,micheal,4.1345
94,Brandon.mp4,Brandon,,,
116,Brian.mp4,Brian,0.0,brain,1.5019
99,Brian.mp4,Brian,,,
117,Brianna.mp4,Brianna,0.0,brari,5.484
98,Brianna.mp4,Brianna,,,
59,Brittany.mp4,Brittany,0.0,,0.0
43,Brittany.mp4,Brittany,,,
115,Caleb.mp4,Caleb,0.0,,0.0
103,Caleb.mp4,Caleb,,,
53,Cody.mp4,Cody,0.0,cody,1.4845
37,Cody.mp4,Cody,,,
82,Courtney.mp4,Courtney,0.0,lora,4.0509
69,Courtney.mp4,Courtney,,,
89,Daniel.mp4,Daniel,0.0,noah,3.3659
65,Daniel.mp4,Daniel,,,
21,Danielle.mp4,Danielle,0.0,,0.0
13,Danielle.mp4,Danielle,,,
47,David.mp4,David,0.0,travor,3.2341
31,David.mp4,David,,,
120,Dylan.mp4,Dylan,0.0,m,9.883
91,Dylan.mp4,Dylan,,,
111,Emily.mp4,Emily,0.0,anna,4.7179
95,Emily.mp4,Emily,,,
29,Eric.mp4,Eric,0.0,,0.0
6,Eric.mp4,Eric,,,
26,Ethan.mp4,Ethan,0.0,,0.0
1,Ethan.mp4,Ethan,,,
109,Grace.mp4,Grace,0.0,grace,3.0013
105,Grace.mp4,Grace,,,
51,Haley.mp4,Haley,0.0,megan,1.6332
41,Haley.mp4,Haley,,,
16,Hannah.mp4,Hannah,0.0,,0.0
11,Hannah.mp4,Hannah,,,
60,Heather.mp4,Heather,0.0,hali,4.0332
45,Heather.mp4,Heather,,,
86,Jacob.mp4,Jacob,0.0,mathen,5.6669
63,Jacob.mp4,Jacob,,,
106,Jason.mp4,Jason,0.0,d,5.8663
93,Jason.mp4,Jason,,,
18,Jenna.mp4,Jenna,0.0,,0.0
3,Jenna.mp4,Jenna,,,
49,Jeremy.mp4,Jeremy,0.0,justin,3.5329
34,Jeremy.mp4,Jeremy,,,
20,Jessica.mp4,Jessica,0.0,jassica,2.818
10,Jessica.mp4,Jessica,,,
50,Josh.mp4,Josh,0.0,,0.0
36,Josh.mp4,Josh,,,
23,Julia.mp4,Julia,0.0,,0.0
5,Julia.mp4,Julia,,,
46,Justin.mp4,Justin,0.0,damon,2.1345
38,Justin.mp4,Justin,,,
119,Katie.mp4,Katie,0.0,kaley,1.2691
96,Katie.mp4,Katie,,,
83,Kayla.mp4,Kayla,0.0,lora,3.1007
72,Kayla.mp4,Kayla,,,
17,Kelsey.mp4,Kelsey,0.0,,0.0
8,Kelsey.mp4,Kelsey,,,
76,Kevin.mp4,Kevin,0.0,kevin,2.5684
70,Kevin.mp4,Kevin,,,
27,Kyle.mp4,Kyle,0.0,,0.0
7,Kyle.mp4,Kyle,,,
88,Lauren.mp4,Lauren,0.0,lora,2.269
66,Lauren.mp4,Lauren,,,
79,Mark.mp4,Mark,0.0,mark,1.9687
74,Mark.mp4,Mark,,,
24,Matthew.mp4,Matthew,0.0,eric,2.7854
9,Matthew.mp4,Matthew,,,
55,Megan.mp4,Megan,0.0,megan,3.1352
40,Megan.mp4,Megan,,,
110,Michael.mp4,Michael,0.0,b,8.6993
92,Michael.mp4,Michael,,,
118,Michelle.mp4,Michelle,0.0,,7.7333
102,Michelle.mp4,Michelle,,,
22,Natalie.mp4,Natalie,0.0,,0.0
12,Natalie.mp4,Natalie,,,
90,Nathan.mp4,Nathan,0.0,tomason,5.1514
62,Nathan.mp4,Nathan,,,
84,Nicole.mp4,Nicole,0.0,,0.0
71,Nicole.mp4,Nicole,,,
77,Noah.mp4,Noah,0.0,jacob,4.1342
61,Noah.mp4,Noah,,,
78,Olivia.mp4,Olivia,0.0,luvia,2.0686
73,Olivia.mp4,Olivia,,,
58,Rachel.mp4,Rachel,0.0,,0.0
42,Rachel.mp4,Rachel,,,
85,Rebecca.mp4,Rebecca,0.0,rebacca,1.4026
68,Rebecca.mp4,Rebecca,,,
80,Sarah.mp4,Sarah,0.0,korney,6.8336
75,Sarah.mp4,Sarah,,,
81,Shelby.mp4,Shelby,0.0,loa,5.0181
67,Shelby.mp4,Shelby,,,
56,Steven.mp4,Steven,0.0,,0.0
35,Steven.mp4,Steven,,,
114,Taylor.mp4,Taylor,0.0,kaletalo,4.1329
97,Taylor.mp4,Taylor,,,
87,Thomas.mp4,Thomas,0.0,jacob,3.8847
64,Thomas.mp4,Thomas,,,
30,Timothy.mp4,Timothy,0.0,,0.0
4,Timothy.mp4,Timothy,,,
54,Trevor.mp4,Trevor,0.0,justin,2.8192
32,Trevor.mp4,Trevor,,,
52,Tyler.mp4,Tyler,0.0,talor,2.9856
44,Tyler.mp4,Tyler,,,
0,,,,,
121,,,,,
