﻿Video,Name,inputText,key_resp_3.keys,recallRating_GR
Aaron.mp4,Aaron,,,
Aaron.mp4,Aaron,,None,0
Adam.mp4,Adam,,,
Adam.mp4,Adam,Blake,"['lshift', 'b', 'l', 'a', 'k', 'e']",0
Alyssa.mp4,Alyssa,,,
Alyssa.mp4,Alyssa,,None,0
Amanda.mp4,Amanda,,,
Amanda.mp4,Amanda,Kelsey,"['lshift', 'k', 'e', 'l', 's', 'e', 'y']",0
Andrew.mp4,Andrew,,,
Andrew.mp4,Andrew,andrew,"['a', 'n', 'd', 'r', 'e', 'w']",1
Anna.mp4,Anna,,,
Anna.mp4,Anna,anna,"['a', 'n', 'n', 'a']",1
Ashley.mp4,Ashley,,,
Ashley.mp4,Ashley,michel,"['m', 'i', 'c', 'h', 'e', 'l']",0
Bradley.mp4,Bradley,,,
Bradley.mp4,Bradley,Michael,"['lshift', 'm', 'i', 'c', 'h', 'a', 'e', 'l']",0
Brandon.mp4,Brandon,,,
Brandon.mp4,Brandon,Brandon,"['lshift', 'b', 'r', 'a', 'n', 'd', 'o', 'n']",1
Brian.mp4,Brian,,,
Brian.mp4,Brian,Kyle,"['lshift', 'k', 'y', 'l', 'e', 'backspace', 'e']",0
Brianna.mp4,Brianna,,,
Brianna.mp4,Brianna,,None,0
Brittany.mp4,Brittany,,,
Brittany.mp4,Brittany,Brittney,"['lshift', 'b', 'r', 'i', 't', 't', 'n', 'e', 'y']",1
Caleb.mp4,Caleb,,,
Caleb.mp4,Caleb,caleb,"['c', 'a', 'l', 'e', 'b']",1
Cody.mp4,Cody,,,
Cody.mp4,Cody,cody,"['c', 'o', 'd', 'y', 'backspace', 'backspace', 'backspace', 'backspace', 'c', 'o', 'd', 'y']",1
Courtney.mp4,Courtney,,,
Courtney.mp4,Courtney,courtney,"['c', 'o', 'u', 'r', 't', 'n', 'e', 'y']",1
Daniel.mp4,Daniel,,,
Daniel.mp4,Daniel,,None,0
Danielle.mp4,Danielle,,,
Danielle.mp4,Danielle,,None,0
David.mp4,David,,,
David.mp4,David,Blake,"['lshift', 'b', 'l', 'a', 'k', 'e']",0
Dylan.mp4,Dylan,,,
Dylan.mp4,Dylan,,None,0
Emily.mp4,Emily,,,
Emily.mp4,Emily,,None,0
Eric.mp4,Eric,,,
Eric.mp4,Eric,eric,"['e', 'r', 'i', 'c']",1
Ethan.mp4,Ethan,,,
Ethan.mp4,Ethan,ethan,"['e', 't', 'h', 'a', 'n', 'backspace', 'backspace', 'backspace', 'backspace', 'backspace', 'e', 't', 'h', 'a', 'n']",1
Grace.mp4,Grace,,,
Grace.mp4,Grace,grace,"['g', 'r', 'a', 'c', 'e']",1
Haley.mp4,Haley,,,
Haley.mp4,Haley,,None,0
Hannah.mp4,Hannah,,,
Hannah.mp4,Hannah,Hannah,"['lshift', 'h', 'a', 'n', 'n', 'a', 'h']",1
Heather.mp4,Heather,,,
Heather.mp4,Heather,Heather,"['lshift', 'h', 'e', 'a', 't', 'h', 'e', 'r']",1
Jacob.mp4,Jacob,,,
Jacob.mp4,Jacob,Jacob,"['lshift', 'j', 'a', 'c', 'o', 'b']",1
Jason.mp4,Jason,,,
Jason.mp4,Jason,Jason,"['lshift', 'j', 'a', 's', 'o', 'n']",1
Jenna.mp4,Jenna,,,
Jenna.mp4,Jenna,,None,0
Jeremy.mp4,Jeremy,,,
Jeremy.mp4,Jeremy,Jeremy,"['lshift', 'j', 'e', 'r', 'e', 'm', 'y']",1
Jessica.mp4,Jessica,,,
Jessica.mp4,Jessica,,None,0
Josh.mp4,Josh,,,
Josh.mp4,Josh,Josh,"['j', 'o', 's', 'backspace', 'backspace', 'backspace', 'lshift', 'j', 'o', 's', 'h']",1
Julia.mp4,Julia,,,
Julia.mp4,Julia,anna,"['a', 'backspace', 'a', 'n', 'n', 'a']",0
Justin.mp4,Justin,,,
Justin.mp4,Justin,Ja,"['lshift', 'j', 'a', 'c']",0
Katie.mp4,Katie,,,
Katie.mp4,Katie,Katie,"['lshift', 'k', 'a', 't', 'i', 'e']",1
Kayla.mp4,Kayla,,,
Kayla.mp4,Kayla,Kayla,"['lshift', 'k', 'a', 'y', 'l', 'a']",1
Kelsey.mp4,Kelsey,,,
Kelsey.mp4,Kelsey,Kelsey,"['lshift', 'k', 'e', 'l', 's', 'e', 'y']",1
Kevin.mp4,Kevin,,,
Kevin.mp4,Kevin,kevin,"['k', 'e', 'v', 'i', 'n']",1
Kyle.mp4,Kyle,,,
Kyle.mp4,Kyle,,None,0
Lauren.mp4,Lauren,,,
Lauren.mp4,Lauren,Lauren,"['lshift', 'l', 'a', 'u', 'r', 'e', 'n']",1
Mark.mp4,Mark,,,
Mark.mp4,Mark,Mark,"['m', 'a', 'r', 'a', 'k', 'backspace', 'equal', 'backspace', 'backspace', 'backspace', 'backspace', 'lshift', 'm', 'a', 'r', 'k']",1
Matthew.mp4,Matthew,,,
Matthew.mp4,Matthew,eric,"['e', 'backspace', 'e', 'r', 'backspace', 'backspace', 'e', 'r', 'i', 'c']",0
Megan.mp4,Megan,,,
Megan.mp4,Megan,rachel,"['r', 'a', 'c', 'h', 'e', 'l']",0
Michael.mp4,Michael,,,
Michael.mp4,Michael,Michael,"['lshift', 'm', 'i', 'c', 'h', 'a', 'e', 'l']",1
Michelle.mp4,Michelle,,,
Michelle.mp4,Michelle,Nicole,"['lshift', 'n', 'i', 'c', 'o', 'l', 'e']",0
Natalie.mp4,Natalie,,,
Natalie.mp4,Natalie,a,['a'],0
Nathan.mp4,Nathan,,,
Nathan.mp4,Nathan,na,"['a', 'a', 'r', 'o', 'n', 'backspace', 'backspace', 'backspace', 'backspace', 'backspace', 'backspace', 'n', 'a']",1
Nicole.mp4,Nicole,,,
Nicole.mp4,Nicole,Nicole,"['lshift', 'n', 'i', 'c', 'o', 'l', 'e']",1
Noah.mp4,Noah,,,
Noah.mp4,Noah,Noah,"['lshift', 'lshift', 'n', 'o', 'a', 'h']",1
Olivia.mp4,Olivia,,,
Olivia.mp4,Olivia,Olivia,"['lshift', 'o', 'l', 'i', 'v', 'i', 'a']",1
Rachel.mp4,Rachel,,,
Rachel.mp4,Rachel,,None,0
Rebecca.mp4,Rebecca,,,
Rebecca.mp4,Rebecca,rachel,"['r', 'a', 'c', 'h', 'e', 'l']",0
Sarah.mp4,Sarah,,,
Sarah.mp4,Sarah,sarah,"['s', 'a', 'r', 'a', 'h']",1
Shelby.mp4,Shelby,,,
Shelby.mp4,Shelby,shelby,"['s', 'h', 'e', 'l', 'b', 'y']",1
Steven.mp4,Steven,,,
Steven.mp4,Steven,justin,"['j', 'u', 's', 'i', 't', 'backspace', 'backspace', 'backspace', 's', 't', 'i', 'n']",0
Taylor.mp4,Taylor,,,
Taylor.mp4,Taylor,taylor,"['t', 'a', 'y', 'l', 'o', 'r']",1
Thomas.mp4,Thomas,,,
Thomas.mp4,Thomas,thomas,"['t', 'h', 'o', 'm', 'a', 's']",1
Timothy.mp4,Timothy,,,
Timothy.mp4,Timothy,ethan,"['e', 'backspace', 'e', 't', 'h', 'a', 'n']",0
Trevor.mp4,Trevor,,,
Trevor.mp4,Trevor,aaron,"['a', 'a', 'r', 'o', 'n']",0
Tyler.mp4,Tyler,,,
Tyler.mp4,Tyler,,None,0