,Video,Name,recallRating_GR,inputText,key_resp3_fin
54,Aaron.mp4,Aaron,0.0,kodcod,5.3172
34,Aaron.mp4,Aaron,,,
23,Adam.mp4,Adam,0.0,,0.0
5,Adam.mp4,Adam,,,
120,Alyssa.mp4,Alyssa,0.0,lisa,2.6179
93,Alyssa.mp4,Alyssa,,,
26,Amanda.mp4,Amanda,0.0,amanda,5.2337
15,Amanda.mp4,Amanda,,,
115,Andrew.mp4,Andrew,0.0,bryan,4.2008
97,Andrew.mp4,Andrew,,,
113,Anna.mp4,Anna,0.0,,0.0
105,Anna.mp4,Anna,,,
60,Ashley.mp4,Ashley,0.0,natalie,5.0175
35,Ashley.mp4,Ashley,,,
20,Bradley.mp4,Bradley,0.0,,0.0
9,Bradley.mp4,Bradley,,,
112,Brandon.mp4,Brandon,0.0,,0.0
94,Brandon.mp4,Brandon,,,
109,Brian.mp4,Brian,0.0,,0.0
96,Brian.mp4,Brian,,,
117,Brianna.mp4,Brianna,0.0,,0.0
98,Brianna.mp4,Brianna,,,
48,Brittany.mp4,Brittany,0.0,britney,1.8353
36,Brittany.mp4,Brittany,,,
110,Caleb.mp4,Caleb,0.0,,0.0
91,Caleb.mp4,Caleb,,,
50,Cody.mp4,Cody,0.0,justin,8.766
38,Cody.mp4,Cody,,,
88,Courtney.mp4,Courtney,0.0,courtney,2.1846
63,Courtney.mp4,Courtney,,,
87,Daniel.mp4,Daniel,0.0,daniel,3.9175
72,Daniel.mp4,Daniel,,,
19,Danielle.mp4,Danielle,0.0,natalie,4.3854
14,Danielle.mp4,Danielle,,,
52,David.mp4,David,0.0,aaron,4.4009
44,David.mp4,David,,,
108,Dylan.mp4,Dylan,0.0,,0.0
100,Dylan.mp4,Dylan,,,
118,Emily.mp4,Emily,0.0,lisa,6.5996
104,Emily.mp4,Emily,,,
17,Eric.mp4,Eric,0.0,jason,2.7351
6,Eric.mp4,Eric,,,
24,Ethan.mp4,Ethan,0.0,,0.0
8,Ethan.mp4,Ethan,,,
107,Grace.mp4,Grace,0.0,,0.0
103,Grace.mp4,Grace,,,
51,Haley.mp4,Haley,0.0,haley,1.2358
31,Haley.mp4,Haley,,,
21,Hannah.mp4,Hannah,0.0,jessica,7.0498
4,Hannah.mp4,Hannah,,,
59,Heather.mp4,Heather,0.0,danielle,6.5812
42,Heather.mp4,Heather,,,
82,Jacob.mp4,Jacob,0.0,jacob,1.8356
62,Jacob.mp4,Jacob,,,
106,Jason.mp4,Jason,0.0,,0.0
99,Jason.mp4,Jason,,,
29,Jenna.mp4,Jenna,0.0,amanda,6.3664
1,Jenna.mp4,Jenna,,,
53,Jeremy.mp4,Jeremy,0.0,,5.4841
41,Jeremy.mp4,Jeremy,,,
27,Jessica.mp4,Jessica,0.0,,0.0
11,Jessica.mp4,Jessica,,,
47,Josh.mp4,Josh,0.0,josh,2.4678
43,Josh.mp4,Josh,,,
25,Julia.mp4,Julia,0.0,,0.0
3,Julia.mp4,Julia,,,
58,Justin.mp4,Justin,0.0,steven,4.4011
39,Justin.mp4,Justin,,,
114,Katie.mp4,Katie,0.0,,0.0
102,Katie.mp4,Katie,,,
89,Kayla.mp4,Kayla,0.0,,0.0
75,Kayla.mp4,Kayla,,,
18,Kelsey.mp4,Kelsey,0.0,jessica,5.8669
10,Kelsey.mp4,Kelsey,,,
80,Kevin.mp4,Kevin,0.0,,0.0
61,Kevin.mp4,Kevin,,,
22,Kyle.mp4,Kyle,0.0,,0.0
13,Kyle.mp4,Kyle,,,
85,Lauren.mp4,Lauren,0.0,courtney,5.6834
66,Lauren.mp4,Lauren,,,
90,Mark.mp4,Mark,0.0,,0.0
71,Mark.mp4,Mark,,,
30,Matthew.mp4,Matthew,0.0,,0.0
12,Matthew.mp4,Matthew,,,
57,Megan.mp4,Megan,0.0,,0.0
32,Megan.mp4,Megan,,,
116,Michael.mp4,Michael,0.0,,0.0
101,Michael.mp4,Michael,,,
111,Michelle.mp4,Michelle,0.0,michelle,2.3681
95,Michelle.mp4,Michelle,,,
16,Natalie.mp4,Natalie,0.0,,0.0
7,Natalie.mp4,Natalie,,,
77,Nathan.mp4,Nathan,0.0,nathan,6.5174
64,Nathan.mp4,Nathan,,,
78,Nicole.mp4,Nicole,0.0,kara,4.8348
74,Nicole.mp4,Nicole,,,
79,Noah.mp4,Noah,0.0,,0.0
65,Noah.mp4,Noah,,,
81,Olivia.mp4,Olivia,0.0,,0.0
69,Olivia.mp4,Olivia,,,
46,Rachel.mp4,Rachel,0.0,,0.0
33,Rachel.mp4,Rachel,,,
84,Rebecca.mp4,Rebecca,0.0,rebecca,2.318
73,Rebecca.mp4,Rebecca,,,
76,Sarah.mp4,Sarah,0.0,,0.0
70,Sarah.mp4,Sarah,,,
83,Shelby.mp4,Shelby,0.0,,0.0
68,Shelby.mp4,Shelby,,,
56,Steven.mp4,Steven,0.0,,0.0
45,Steven.mp4,Steven,,,
119,Taylor.mp4,Taylor,0.0,,0.0
92,Taylor.mp4,Taylor,,,
86,Thomas.mp4,Thomas,0.0,,0.0
67,Thomas.mp4,Thomas,,,
28,Timothy.mp4,Timothy,0.0,,0.0
2,Timothy.mp4,Timothy,,,
55,Trevor.mp4,Trevor,0.0,justin,4.1179
37,Trevor.mp4,Trevor,,,
49,Tyler.mp4,Tyler,0.0,kody,2.8179
40,Tyler.mp4,Tyler,,,
0,,,,,
121,,,,,
