,Video,Name,recallRating_GR,inputText,key_resp3_fin
48,Aaron.mp4,Aaron,0.0,Aaron ,1.9004
39,Aaron.mp4,Aaron,,,
29,Adam.mp4,Adam,0.0,,0.0
11,Adam.mp4,Adam,,,
106,Alyssa.mp4,Alyssa,0.0,Alisa,4.3164
104,Alyssa.mp4,Alyssa,,,
25,Amanda.mp4,Amanda,0.0,,9.9146
1,Amanda.mp4,Amanda,,,
117,Andrew.mp4,Andrew,0.0,Aric ,3.0993
101,Andrew.mp4,Andrew,,,
113,Anna.mp4,Anna,0.0,Anna ,1.2004
99,Anna.mp4,Anna,,,
56,Ashley.mp4,Ashley,0.0,Rachel ,3.2159
33,Ashley.mp4,Ashley,,,
16,Bradley.mp4,Bradley,0.0,4,6.5678
12,Bradley.mp4,Bradley,,,
108,Brandon.mp4,Brandon,0.0,Jason ,4.0827
93,Brandon.mp4,Brandon,,,
111,Brian.mp4,Brian,0.0,Brand ,2.7652
105,Brian.mp4,Brian,,,
115,Brianna.mp4,Brianna,0.0,Misky  ,4.4833
97,Brianna.mp4,Brianna,,,
51,Brittany.mp4,Brittany,0.0,Allensh,4.7159
40,Brittany.mp4,Brittany,,,
109,Caleb.mp4,Caleb,0.0,Jason ,2.2502
92,Caleb.mp4,Caleb,,,
47,Cody.mp4,Cody,0.0,Justin ,2.9328
35,Cody.mp4,Cody,,,
86,Courtney.mp4,Courtney,0.0,Vincy ,6.0651
66,Courtney.mp4,Courtney,,,
89,Daniel.mp4,Daniel,0.0,Tommars ,2.333
67,Daniel.mp4,Daniel,,,
24,Danielle.mp4,Danielle,0.0,Royv,7.8321
7,Danielle.mp4,Danielle,,,
60,David.mp4,David,0.0,Kevin ,5.7989
42,David.mp4,David,,,
120,Dylan.mp4,Dylan,0.0,Eric ,2.4669
91,Dylan.mp4,Dylan,,,
118,Emily.mp4,Emily,0.0,Mency,4.832
98,Emily.mp4,Emily,,,
23,Eric.mp4,Eric,0.0,Eric,1.2670000000000001
13,Eric.mp4,Eric,,,
17,Ethan.mp4,Ethan,0.0,,0.0
8,Ethan.mp4,Ethan,,,
112,Grace.mp4,Grace,0.0,Emily,1.8334
100,Grace.mp4,Grace,,,
57,Haley.mp4,Haley,0.0,Nancy  ,2.4498
43,Haley.mp4,Haley,,,
19,Hannah.mp4,Hannah,0.0, ,8.5661
3,Hannah.mp4,Hannah,,,
46,Heather.mp4,Heather,0.0,Anty ,3.5652
34,Heather.mp4,Heather,,,
81,Jacob.mp4,Jacob,0.0,Mark ,2.3829
75,Jacob.mp4,Jacob,,,
110,Jason.mp4,Jason,0.0,Tommy ,1.7176
94,Jason.mp4,Jason,,,
18,Jenna.mp4,Jenna,0.0,julia ,1.6189
15,Jenna.mp4,Jenna,,,
58,Jeremy.mp4,Jeremy,0.0,Frank ,2.0340000000000003
32,Jeremy.mp4,Jeremy,,,
28,Jessica.mp4,Jessica,0.0,Juliar  ,3.9334
6,Jessica.mp4,Jessica,,,
49,Josh.mp4,Josh,0.0,Raush ,2.5663
41,Josh.mp4,Josh,,,
22,Julia.mp4,Julia,0.0,Julia,4.5827
4,Julia.mp4,Julia,,,
53,Justin.mp4,Justin,0.0,Justin ,6.1497
36,Justin.mp4,Justin,,,
107,Katie.mp4,Katie,0.0,Emily  ,2.4004
96,Katie.mp4,Katie,,,
77,Kayla.mp4,Kayla,0.0,Rebeccar ,2.6666
70,Kayla.mp4,Kayla,,,
26,Kelsey.mp4,Kelsey,0.0,Amada ,3.3995
5,Kelsey.mp4,Kelsey,,,
82,Kevin.mp4,Kevin,0.0,Kevin ,1.9503
62,Kevin.mp4,Kevin,,,
27,Kyle.mp4,Kyle,0.0,Antony ,5.6491
10,Kyle.mp4,Kyle,,,
83,Lauren.mp4,Lauren,0.0, ,8.8807
72,Lauren.mp4,Lauren,,,
88,Mark.mp4,Mark,0.0,Mark  ,2.6836
65,Mark.mp4,Mark,,,
21,Matthew.mp4,Matthew,0.0,Antony,6.082000000000001
9,Matthew.mp4,Matthew,,,
54,Megan.mp4,Megan,0.0,Alishe  ,3.9821
31,Megan.mp4,Megan,,,
114,Michael.mp4,Michael,0.0,Thomas,3.1162
95,Michael.mp4,Michael,,,
116,Michelle.mp4,Michelle,0.0,Mechich,1.9167
103,Michelle.mp4,Michelle,,,
30,Natalie.mp4,Natalie,0.0,Alice ,4.3825
2,Natalie.mp4,Natalie,,,
85,Nathan.mp4,Nathan,0.0,Tony ,4.7482
74,Nathan.mp4,Nathan,,,
76,Nicole.mp4,Nicole,0.0,Nicole,2.9001
69,Nicole.mp4,Nicole,,,
87,Noah.mp4,Noah,0.0,Tommy ,4.3169
63,Noah.mp4,Noah,,,
78,Olivia.mp4,Olivia,0.0,Nancy ,2.699
61,Olivia.mp4,Olivia,,,
59,Rachel.mp4,Rachel,0.0,Rechal ,1.1342
45,Rachel.mp4,Rachel,,,
80,Rebecca.mp4,Rebecca,0.0,Rebeccar,2.8338
64,Rebecca.mp4,Rebecca,,,
84,Sarah.mp4,Sarah,0.0,Sarah ,1.1171
71,Sarah.mp4,Sarah,,,
79,Shelby.mp4,Shelby,0.0,Shallwe,3.4523
73,Shelby.mp4,Shelby,,,
50,Steven.mp4,Steven,0.0,Steven ,1.3829
38,Steven.mp4,Steven,,,
119,Taylor.mp4,Taylor,0.0,Nancy ,7.2654
102,Taylor.mp4,Taylor,,,
90,Thomas.mp4,Thomas,0.0, ,7.2833
68,Thomas.mp4,Thomas,,,
20,Timothy.mp4,Timothy,0.0,T,5.617000000000001
14,Timothy.mp4,Timothy,,,
55,Trevor.mp4,Trevor,0.0,Justin,5.3822
37,Trevor.mp4,Trevor,,,
52,Tyler.mp4,Tyler,0.0,Talor ,3.0172
44,Tyler.mp4,Tyler,,,
0,,,,,
121,,,,,
