,Video,Name,recallRating_GR,inputText,key_resp3_fin
59,Aaron.mp4,Aaron,0.0,,0.0
35,Aaron.mp4,Aaron,,,
26,Adam.mp4,Adam,0.0,Edwin,4.8823
9,Adam.mp4,Adam,,,
107,Alyssa.mp4,Alyssa,0.0,,0.0
94,Alyssa.mp4,Alyssa,,,
17,Amanda.mp4,Amanda,0.0,Sarah,3.3493
14,Amanda.mp4,Amanda,,,
118,Andrew.mp4,Andrew,0.0,Michael,3.1334
105,Andrew.mp4,Andrew,,,
114,Anna.mp4,Anna,0.0,Jennifer,5.2327
93,Anna.mp4,Anna,,,
54,Ashley.mp4,Ashley,0.0,Ashley,0.7507
36,Ashley.mp4,Ashley,,,
19,Bradley.mp4,Bradley,0.0,John,4.4495
4,Bradley.mp4,Bradley,,,
111,Brandon.mp4,Brandon,0.0,,2.6172
103,Brandon.mp4,Brandon,,,
116,Brian.mp4,Brian,0.0,,0.0
104,Brian.mp4,Brian,,,
117,Brianna.mp4,Brianna,0.0,Emily,1.7669
97,Brianna.mp4,Brianna,,,
50,Brittany.mp4,Brittany,0.0,Bri,4.9161
41,Brittany.mp4,Brittany,,,
112,Caleb.mp4,Caleb,0.0,Dylan,1.3003
100,Caleb.mp4,Caleb,,,
46,Cody.mp4,Cody,0.0,Cody,3.1339
40,Cody.mp4,Cody,,,
83,Courtney.mp4,Courtney,0.0,Laurn,2.0503
70,Courtney.mp4,Courtney,,,
77,Daniel.mp4,Daniel,0.0,Kevin,1.3327
64,Daniel.mp4,Daniel,,,
28,Danielle.mp4,Danielle,0.0,Ashley,2.5841
6,Danielle.mp4,Danielle,,,
52,David.mp4,David,0.0,Cody,1.1514
38,David.mp4,David,,,
120,Dylan.mp4,Dylan,0.0,,0.0
96,Dylan.mp4,Dylan,,,
119,Emily.mp4,Emily,0.0,Emily,7.7314
95,Emily.mp4,Emily,,,
23,Eric.mp4,Eric,0.0,Brian,1.7838
8,Eric.mp4,Eric,,,
18,Ethan.mp4,Ethan,0.0,David,3.9995
5,Ethan.mp4,Ethan,,,
106,Grace.mp4,Grace,0.0,Grace,1.3999
91,Grace.mp4,Grace,,,
48,Haley.mp4,Haley,0.0,,1.3836
39,Haley.mp4,Haley,,,
22,Hannah.mp4,Hannah,0.0,Jessica,1.7671
11,Hannah.mp4,Hannah,,,
58,Heather.mp4,Heather,0.0,Heather,1.4335
45,Heather.mp4,Heather,,,
84,Jacob.mp4,Jacob,0.0,Mark,4.0996
73,Jacob.mp4,Jacob,,,
109,Jason.mp4,Jason,0.0,Brian,4.0161
101,Jason.mp4,Jason,,,
27,Jenna.mp4,Jenna,0.0,Leslie,2.4331
10,Jenna.mp4,Jenna,,,
55,Jeremy.mp4,Jeremy,0.0,Trever,4.2324
44,Jeremy.mp4,Jeremy,,,
25,Jessica.mp4,Jessica,0.0,Jessica,1.9003
15,Jessica.mp4,Jessica,,,
57,Josh.mp4,Josh,0.0,,0.0
32,Josh.mp4,Josh,,,
30,Julia.mp4,Julia,0.0,,0.0
1,Julia.mp4,Julia,,,
56,Justin.mp4,Justin,0.0,Michael,2.6505
43,Justin.mp4,Justin,,,
108,Katie.mp4,Katie,0.0,Briana,5.0479
92,Katie.mp4,Katie,,,
80,Kayla.mp4,Kayla,0.0,,0.0
69,Kayla.mp4,Kayla,,,
29,Kelsey.mp4,Kelsey,0.0,,0.0
2,Kelsey.mp4,Kelsey,,,
78,Kevin.mp4,Kevin,0.0,Jacob,1.7337
61,Kevin.mp4,Kevin,,,
21,Kyle.mp4,Kyle,0.0,,0.0
13,Kyle.mp4,Kyle,,,
82,Lauren.mp4,Lauren,0.0,Coutrney,2.1005
66,Lauren.mp4,Lauren,,,
85,Mark.mp4,Mark,0.0,Mark,0.7677
63,Mark.mp4,Mark,,,
16,Matthew.mp4,Matthew,0.0,Mark,2.5994
3,Matthew.mp4,Matthew,,,
47,Megan.mp4,Megan,0.0,,0.8845
33,Megan.mp4,Megan,,,
115,Michael.mp4,Michael,0.0,Tr,8.8145
98,Michael.mp4,Michael,,,
113,Michelle.mp4,Michelle,0.0,Kimberly,2.4994
102,Michelle.mp4,Michelle,,,
24,Natalie.mp4,Natalie,0.0,,0.0
12,Natalie.mp4,Natalie,,,
88,Nathan.mp4,Nathan,0.0,Nathan,1.6673
72,Nathan.mp4,Nathan,,,
87,Nicole.mp4,Nicole,0.0,Tonia,1.9508
68,Nicole.mp4,Nicole,,,
86,Noah.mp4,Noah,0.0,Noah,2.1831
75,Noah.mp4,Noah,,,
90,Olivia.mp4,Olivia,0.0,,0.0
67,Olivia.mp4,Olivia,,,
51,Rachel.mp4,Rachel,0.0,Amanda,4.2832
37,Rachel.mp4,Rachel,,,
76,Rebecca.mp4,Rebecca,0.0,Sar,8.2468
65,Rebecca.mp4,Rebecca,,,
79,Sarah.mp4,Sarah,0.0,Sarah,1.3174
74,Sarah.mp4,Sarah,,,
81,Shelby.mp4,Shelby,0.0,Shelby,0.7835
71,Shelby.mp4,Shelby,,,
60,Steven.mp4,Steven,0.0,,0.0
34,Steven.mp4,Steven,,,
110,Taylor.mp4,Taylor,0.0,Taylor,4.0497
99,Taylor.mp4,Taylor,,,
89,Thomas.mp4,Thomas,0.0,Steven,5.7826
62,Thomas.mp4,Thomas,,,
20,Timothy.mp4,Timothy,0.0,Kyle,2.0002
7,Timothy.mp4,Timothy,,,
53,Trevor.mp4,Trevor,0.0,Justin,3.1658
42,Trevor.mp4,Trevor,,,
49,Tyler.mp4,Tyler,0.0,Tyler,0.8675
31,Tyler.mp4,Tyler,,,
0,,,,,
121,,,,,
