,Video,Name,recallRating_GR,inputText,key_resp3_fin
57,Aaron.mp4,Aaron,0.0,erick,3.1676
37,Aaron.mp4,Aaron,,,
23,Adam.mp4,Adam,0.0,david,2.8514
14,Adam.mp4,Adam,,,
111,Alyssa.mp4,Alyssa,0.0,alyssa,4.7669999999999995
103,Alyssa.mp4,Alyssa,,,
18,Amanda.mp4,Amanda,0.0,maddie,3.4845
9,Amanda.mp4,Amanda,,,
120,Andrew.mp4,Andrew,0.0,daniel,4.3178
98,Andrew.mp4,Andrew,,,
117,Anna.mp4,Anna,0.0,ema,2.5180000000000002
92,Anna.mp4,Anna,,,
46,Ashley.mp4,Ashley,0.0,ashel,7.3479
34,Ashley.mp4,Ashley,,,
20,Bradley.mp4,Bradley,0.0, ,6.084
4,Bradley.mp4,Bradley,,,
107,Brandon.mp4,Brandon,0.0,kevin,3.9687
96,Brandon.mp4,Brandon,,,
109,Brian.mp4,Brian,0.0,cody,3.4162
100,Brian.mp4,Brian,,,
113,Brianna.mp4,Brianna,0.0,heathe,6.2005
91,Brianna.mp4,Brianna,,,
54,Brittany.mp4,Brittany,0.0,britney,3.1514
39,Brittany.mp4,Brittany,,,
108,Caleb.mp4,Caleb,0.0,jason,4.3676
94,Caleb.mp4,Caleb,,,
58,Cody.mp4,Cody,0.0,aaron,3.3176
31,Cody.mp4,Cody,,,
76,Courtney.mp4,Courtney,0.0,courtney,1.4837
66,Courtney.mp4,Courtney,,,
88,Daniel.mp4,Daniel,0.0,erick,5.0181
69,Daniel.mp4,Daniel,,,
29,Danielle.mp4,Danielle,0.0,,0.0
3,Danielle.mp4,Danielle,,,
53,David.mp4,David,0.0,josh,5.0659
35,David.mp4,David,,,
115,Dylan.mp4,Dylan,0.0,jake,3.5347
95,Dylan.mp4,Dylan,,,
114,Emily.mp4,Emily,0.0,emily,4.8003
102,Emily.mp4,Emily,,,
30,Eric.mp4,Eric,0.0,jake,2.4346
5,Eric.mp4,Eric,,,
24,Ethan.mp4,Ethan,0.0,aron,2.1851
1,Ethan.mp4,Ethan,,,
118,Grace.mp4,Grace,0.0,grace,1.9349
93,Grace.mp4,Grace,,,
49,Haley.mp4,Haley,0.0,hailey,7.7335
38,Haley.mp4,Haley,,,
16,Hannah.mp4,Hannah,0.0,hana ,3.1182
15,Hannah.mp4,Hannah,,,
47,Heather.mp4,Heather,0.0,juli,7.5173
45,Heather.mp4,Heather,,,
78,Jacob.mp4,Jacob,0.0,kevin,4.1185
62,Jacob.mp4,Jacob,,,
110,Jason.mp4,Jason,0.0,jake,2.5514
104,Jason.mp4,Jason,,,
22,Jenna.mp4,Jenna,0.0,jessica,3.8175
8,Jenna.mp4,Jenna,,,
48,Jeremy.mp4,Jeremy,0.0,tyler,5.6659
44,Jeremy.mp4,Jeremy,,,
19,Jessica.mp4,Jessica,0.0,,0.0
7,Jessica.mp4,Jessica,,,
59,Josh.mp4,Josh,0.0,cody,3.8513
40,Josh.mp4,Josh,,,
27,Julia.mp4,Julia,0.0,julia,1.3695
12,Julia.mp4,Julia,,,
60,Justin.mp4,Justin,0.0,tyler,2.7839
32,Justin.mp4,Justin,,,
106,Katie.mp4,Katie,0.0,,0.0
105,Katie.mp4,Katie,,,
89,Kayla.mp4,Kayla,0.0,,0.0
71,Kayla.mp4,Kayla,,,
26,Kelsey.mp4,Kelsey,0.0,chelsea,4.1185
10,Kelsey.mp4,Kelsey,,,
87,Kevin.mp4,Kevin,0.0,kevin,7.4163
61,Kevin.mp4,Kevin,,,
28,Kyle.mp4,Kyle,0.0,tom,3.8184
2,Kyle.mp4,Kyle,,,
82,Lauren.mp4,Lauren,0.0,lauren,4.0184
63,Lauren.mp4,Lauren,,,
90,Mark.mp4,Mark,0.0,cody,2.1681
65,Mark.mp4,Mark,,,
17,Matthew.mp4,Matthew,0.0,timothy,3.0177
11,Matthew.mp4,Matthew,,,
51,Megan.mp4,Megan,0.0,meagen,2.1173
42,Megan.mp4,Megan,,,
119,Michael.mp4,Michael,0.0,jacob,3.8681
97,Michael.mp4,Michael,,,
112,Michelle.mp4,Michelle,0.0,meagan,5.8843
99,Michelle.mp4,Michelle,,,
21,Natalie.mp4,Natalie,0.0,,0.0
13,Natalie.mp4,Natalie,,,
86,Nathan.mp4,Nathan,0.0,nathan,1.6018
72,Nathan.mp4,Nathan,,,
81,Nicole.mp4,Nicole,0.0,ashley,1.0017
64,Nicole.mp4,Nicole,,,
83,Noah.mp4,Noah,0.0,tyler,4.6842
67,Noah.mp4,Noah,,,
77,Olivia.mp4,Olivia,0.0,jessica,8.4158
75,Olivia.mp4,Olivia,,,
50,Rachel.mp4,Rachel,0.0,,0.0
33,Rachel.mp4,Rachel,,,
85,Rebecca.mp4,Rebecca,0.0,ei,9.1161
68,Rebecca.mp4,Rebecca,,,
80,Sarah.mp4,Sarah,0.0,olivia,3.7512
70,Sarah.mp4,Sarah,,,
84,Shelby.mp4,Shelby,0.0,shelby,2.385
73,Shelby.mp4,Shelby,,,
55,Steven.mp4,Steven,0.0,stevan,3.3345
41,Steven.mp4,Steven,,,
116,Taylor.mp4,Taylor,0.0,taylor,5.834
101,Taylor.mp4,Taylor,,,
79,Thomas.mp4,Thomas,0.0,josh,3.0514
74,Thomas.mp4,Thomas,,,
25,Timothy.mp4,Timothy,0.0,timothy,3.5176
6,Timothy.mp4,Timothy,,,
52,Trevor.mp4,Trevor,0.0,trevor,2.0849
36,Trevor.mp4,Trevor,,,
56,Tyler.mp4,Tyler,0.0,josh,3.5841
43,Tyler.mp4,Tyler,,,
0,,,,,
121,,,,,
