,Video,Name,recallRating_GR,inputText,key_resp3_fin
51,Aaron.mp4,Aaron,0.0,steven,3.5847
42,Aaron.mp4,Aaron,,,
28,Adam.mp4,Adam,0.0,martin,4.9999
7,Adam.mp4,Adam,,,
114,Alyssa.mp4,Alyssa,0.0,brittney,4.1008
92,Alyssa.mp4,Alyssa,,,
24,Amanda.mp4,Amanda,0.0,nicole,3.1165
10,Amanda.mp4,Amanda,,,
120,Andrew.mp4,Andrew,0.0,,0.0
100,Andrew.mp4,Andrew,,,
116,Anna.mp4,Anna,0.0,natalie,3.5854
95,Anna.mp4,Anna,,,
47,Ashley.mp4,Ashley,0.0,,0.0
34,Ashley.mp4,Ashley,,,
29,Bradley.mp4,Bradley,0.0,brandon,1.4374
13,Bradley.mp4,Bradley,,,
111,Brandon.mp4,Brandon,0.0,brian,3.7185
99,Brandon.mp4,Brandon,,,
115,Brian.mp4,Brian,0.0,,0.0
93,Brian.mp4,Brian,,,
110,Brianna.mp4,Brianna,0.0,alyssa,6.5673
94,Brianna.mp4,Brianna,,,
52,Brittany.mp4,Brittany,0.0,brittney,3.0014
35,Brittany.mp4,Brittany,,,
109,Caleb.mp4,Caleb,0.0,calvin,5.7675
96,Caleb.mp4,Caleb,,,
53,Cody.mp4,Cody,0.0,justin,3.1516
41,Cody.mp4,Cody,,,
85,Courtney.mp4,Courtney,0.0,,0.0
75,Courtney.mp4,Courtney,,,
83,Daniel.mp4,Daniel,0.0,,0.0
64,Daniel.mp4,Daniel,,,
26,Danielle.mp4,Danielle,0.0,alice,4.0171
4,Danielle.mp4,Danielle,,,
57,David.mp4,David,0.0,david,1.5521
33,David.mp4,David,,,
108,Dylan.mp4,Dylan,0.0,michael,2.3186
103,Dylan.mp4,Dylan,,,
106,Emily.mp4,Emily,0.0,brianna,5.7166
102,Emily.mp4,Emily,,,
19,Eric.mp4,Eric,0.0,,0.0
14,Eric.mp4,Eric,,,
16,Ethan.mp4,Ethan,0.0,,0.0
1,Ethan.mp4,Ethan,,,
112,Grace.mp4,Grace,0.0,grace,1.3359999999999999
101,Grace.mp4,Grace,,,
46,Haley.mp4,Haley,0.0,ashley,6.4
31,Haley.mp4,Haley,,,
21,Hannah.mp4,Hannah,0.0,,0.0
8,Hannah.mp4,Hannah,,,
48,Heather.mp4,Heather,0.0,heather,1.6191
44,Heather.mp4,Heather,,,
77,Jacob.mp4,Jacob,0.0,david,4.8341
67,Jacob.mp4,Jacob,,,
119,Jason.mp4,Jason,0.0,,0.0
98,Jason.mp4,Jason,,,
30,Jenna.mp4,Jenna,0.0,,0.0
6,Jenna.mp4,Jenna,,,
54,Jeremy.mp4,Jeremy,0.0,david,1.7677
37,Jeremy.mp4,Jeremy,,,
27,Jessica.mp4,Jessica,0.0,,0.0
3,Jessica.mp4,Jessica,,,
58,Josh.mp4,Josh,0.0,josh,2.2354
36,Josh.mp4,Josh,,,
20,Julia.mp4,Julia,0.0,jenn,2.5349
15,Julia.mp4,Julia,,,
49,Justin.mp4,Justin,0.0,cody,3.4673
43,Justin.mp4,Justin,,,
107,Katie.mp4,Katie,0.0,katie,1.4852
105,Katie.mp4,Katie,,,
88,Kayla.mp4,Kayla,0.0,jackie,7.8832
69,Kayla.mp4,Kayla,,,
18,Kelsey.mp4,Kelsey,0.0,,0.0
11,Kelsey.mp4,Kelsey,,,
80,Kevin.mp4,Kevin,0.0,nathan 1,3.7344
70,Kevin.mp4,Kevin,,,
17,Kyle.mp4,Kyle,0.0,mathew,7.2666
2,Kyle.mp4,Kyle,,,
84,Lauren.mp4,Lauren,0.0,,0.0
61,Lauren.mp4,Lauren,,,
79,Mark.mp4,Mark,0.0,jacob,1.935
65,Mark.mp4,Mark,,,
23,Matthew.mp4,Matthew,0.0,,0.0
5,Matthew.mp4,Matthew,,,
59,Megan.mp4,Megan,0.0,,0.0
39,Megan.mp4,Megan,,,
118,Michael.mp4,Michael,0.0,brian,2.5509
91,Michael.mp4,Michael,,,
117,Michelle.mp4,Michelle,0.0,cindy,5.9996
97,Michelle.mp4,Michelle,,,
22,Natalie.mp4,Natalie,0.0,mackenzie,2.5514
12,Natalie.mp4,Natalie,,,
86,Nathan.mp4,Nathan,0.0,,0.0
72,Nathan.mp4,Nathan,,,
89,Nicole.mp4,Nicole,0.0,,0.0
68,Nicole.mp4,Nicole,,,
87,Noah.mp4,Noah,0.0,jonsthan,5.001
63,Noah.mp4,Noah,,,
76,Olivia.mp4,Olivia,0.0,olivia,3.3685
73,Olivia.mp4,Olivia,,,
56,Rachel.mp4,Rachel,0.0,hasley,2.0354
38,Rachel.mp4,Rachel,,,
78,Rebecca.mp4,Rebecca,0.0,casey,2.1515
62,Rebecca.mp4,Rebecca,,,
82,Sarah.mp4,Sarah,0.0,,0.0
71,Sarah.mp4,Sarah,,,
81,Shelby.mp4,Shelby,0.0,cid,7.8507
66,Shelby.mp4,Shelby,,,
55,Steven.mp4,Steven,0.0,te,2.1849
45,Steven.mp4,Steven,,,
113,Taylor.mp4,Taylor,0.0,brianna,1.8688
104,Taylor.mp4,Taylor,,,
90,Thomas.mp4,Thomas,0.0,jacob,3.0512
74,Thomas.mp4,Thomas,,,
25,Timothy.mp4,Timothy,0.0,james,4.1344
9,Timothy.mp4,Timothy,,,
50,Trevor.mp4,Trevor,0.0,trevor,1.6165
32,Trevor.mp4,Trevor,,,
60,Tyler.mp4,Tyler,0.0,cody,6.8833
40,Tyler.mp4,Tyler,,,
0,,,,,
121,,,,,
