,Video,Name,recallRating_GR,inputText,key_resp3_fin
46,Aaron.mp4,Aaron,0.0,,0.0
37,Aaron.mp4,Aaron,,,
20,Adam.mp4,Adam,0.0,,0.0
3,Adam.mp4,Adam,,,
116,Alyssa.mp4,Alyssa,0.0,,0.0
102,Alyssa.mp4,Alyssa,,,
24,Amanda.mp4,Amanda,0.0,Hannah,4.8666
1,Amanda.mp4,Amanda,,,
119,Andrew.mp4,Andrew,0.0,,0.0
99,Andrew.mp4,Andrew,,,
106,Anna.mp4,Anna,0.0,Anna,2.1666
95,Anna.mp4,Anna,,,
50,Ashley.mp4,Ashley,0.0,Ashley,4.5495
44,Ashley.mp4,Ashley,,,
29,Bradley.mp4,Bradley,0.0,Bradley,1.7002
4,Bradley.mp4,Bradley,,,
109,Brandon.mp4,Brandon,0.0,Brandon,4.6992
92,Brandon.mp4,Brandon,,,
113,Brian.mp4,Brian,0.0,,0.0
103,Brian.mp4,Brian,,,
111,Brianna.mp4,Brianna,0.0,Katie,2.8168
100,Brianna.mp4,Brianna,,,
47,Brittany.mp4,Brittany,0.0,Brittany,3.4666
40,Brittany.mp4,Brittany,,,
110,Caleb.mp4,Caleb,0.0,Caleb,2.833
97,Caleb.mp4,Caleb,,,
60,Cody.mp4,Cody,0.0,Cody,2.6332
35,Cody.mp4,Cody,,,
81,Courtney.mp4,Courtney,0.0,,0.0
61,Courtney.mp4,Courtney,,,
82,Daniel.mp4,Daniel,0.0,,0.0
66,Daniel.mp4,Daniel,,,
28,Danielle.mp4,Danielle,0.0,,0.0
5,Danielle.mp4,Danielle,,,
54,David.mp4,David,0.0,,0.0
34,David.mp4,David,,,
120,Dylan.mp4,Dylan,0.0,,0.0
104,Dylan.mp4,Dylan,,,
112,Emily.mp4,Emily,0.0,,0.0
93,Emily.mp4,Emily,,,
18,Eric.mp4,Eric,0.0,,0.0
6,Eric.mp4,Eric,,,
19,Ethan.mp4,Ethan,0.0,,0.0
14,Ethan.mp4,Ethan,,,
118,Grace.mp4,Grace,0.0,Gina,5.7827
91,Grace.mp4,Grace,,,
57,Haley.mp4,Haley,0.0,Megan,5.8997
41,Haley.mp4,Haley,,,
22,Hannah.mp4,Hannah,0.0,,0.0
12,Hannah.mp4,Hannah,,,
59,Heather.mp4,Heather,0.0,,0.0
32,Heather.mp4,Heather,,,
84,Jacob.mp4,Jacob,0.0,,0.0
63,Jacob.mp4,Jacob,,,
115,Jason.mp4,Jason,0.0,,0.0
94,Jason.mp4,Jason,,,
17,Jenna.mp4,Jenna,0.0,,0.0
10,Jenna.mp4,Jenna,,,
55,Jeremy.mp4,Jeremy,0.0,,0.0
42,Jeremy.mp4,Jeremy,,,
23,Jessica.mp4,Jessica,0.0,,0.0
11,Jessica.mp4,Jessica,,,
56,Josh.mp4,Josh,0.0,Josh,1.4662
39,Josh.mp4,Josh,,,
21,Julia.mp4,Julia,0.0,Erica,2.4171
9,Julia.mp4,Julia,,,
58,Justin.mp4,Justin,0.0,,0.0
45,Justin.mp4,Justin,,,
117,Katie.mp4,Katie,0.0,,0.0
105,Katie.mp4,Katie,,,
83,Kayla.mp4,Kayla,0.0,Rachel,2.4837
64,Kayla.mp4,Kayla,,,
25,Kelsey.mp4,Kelsey,0.0,Hannah,6.3155
8,Kelsey.mp4,Kelsey,,,
76,Kevin.mp4,Kevin,0.0,Kevin,1.9166
75,Kevin.mp4,Kevin,,,
16,Kyle.mp4,Kyle,0.0,Kyle,6.8317
2,Kyle.mp4,Kyle,,,
80,Lauren.mp4,Lauren,0.0,Olivia,5.7662
62,Lauren.mp4,Lauren,,,
87,Mark.mp4,Mark,0.0,,0.0
71,Mark.mp4,Mark,,,
27,Matthew.mp4,Matthew,0.0,Eric,4.9664
7,Matthew.mp4,Matthew,,,
52,Megan.mp4,Megan,0.0,Sarah,6.5323
33,Megan.mp4,Megan,,,
114,Michael.mp4,Michael,0.0,,0.0
98,Michael.mp4,Michael,,,
107,Michelle.mp4,Michelle,0.0,Michelle,2.2166
101,Michelle.mp4,Michelle,,,
30,Natalie.mp4,Natalie,0.0,,0.0
13,Natalie.mp4,Natalie,,,
89,Nathan.mp4,Nathan,0.0,Tyler,5.3987
73,Nathan.mp4,Nathan,,,
90,Nicole.mp4,Nicole,0.0,Nicole,4.5167
68,Nicole.mp4,Nicole,,,
77,Noah.mp4,Noah,0.0,Toby,4.0487
65,Noah.mp4,Noah,,,
88,Olivia.mp4,Olivia,0.0,,0.0
74,Olivia.mp4,Olivia,,,
53,Rachel.mp4,Rachel,0.0,,0.0
43,Rachel.mp4,Rachel,,,
86,Rebecca.mp4,Rebecca,0.0,,0.0
72,Rebecca.mp4,Rebecca,,,
78,Sarah.mp4,Sarah,0.0,Kelsey,7.0485
69,Sarah.mp4,Sarah,,,
79,Shelby.mp4,Shelby,0.0,,0.0
70,Shelby.mp4,Shelby,,,
49,Steven.mp4,Steven,0.0,,0.0
31,Steven.mp4,Steven,,,
108,Taylor.mp4,Taylor,0.0,,0.0
96,Taylor.mp4,Taylor,,,
85,Thomas.mp4,Thomas,0.0,,0.0
67,Thomas.mp4,Thomas,,,
26,Timothy.mp4,Timothy,0.0,Timothy,1.7174
15,Timothy.mp4,Timothy,,,
48,Trevor.mp4,Trevor,0.0,,0.0
38,Trevor.mp4,Trevor,,,
51,Tyler.mp4,Tyler,0.0,,0.0
36,Tyler.mp4,Tyler,,,
0,,,,,
121,,,,,
