﻿Video,Name,inputText,key_resp_3.keys,recallRating_GR
Aaron.mp4,Aaron,,,0
Aaron.mp4,Aaron,tyler,"['t', 'y', 'l', 'e', 'r']",0
Adam.mp4,Adam,,,0
Adam.mp4,Adam,,None,0
Alyssa.mp4,Alyssa,,,0
Alyssa.mp4,Alyssa,eml,"['e', 'i', 'm', 'i', 'backspace', 'backspace', 'backspace', 'comma', 'i', 'l', 'y', 'backspace', 'backspace', 'backspace', 'm', 'l']",0
Amanda.mp4,Amanda,,,0
Amanda.mp4,Amanda,,None,0
Andrew.mp4,Andrew,,,0
Andrew.mp4,Andrew,,None,0
Anna.mp4,Anna,,,0
Anna.mp4,Anna,emily,"['e', 'm', 'i', 'l', 'y']",0
Ashley.mp4,Ashley,,,0
Ashley.mp4,Ashley,richal,"['r', 'i', 'c', 'h', 'e', 'a', 'l', 'backspace', 'backspace', 'backspace', 'a', 'l']",0
Bradley.mp4,Bradley,,,0
Bradley.mp4,Bradley,,None,0
Brandon.mp4,Brandon,,,0
Brandon.mp4,Brandon,,None,0
Brian.mp4,Brian,,,0
Brian.mp4,Brian,brain,"['b', 'r', 'a', 'i', 'n']",1
Brianna.mp4,Brianna,,,0
Brianna.mp4,Brianna,,None,0
Brittany.mp4,Brittany,,,0
Brittany.mp4,Brittany,,None,0
Caleb.mp4,Caleb,,,0
Caleb.mp4,Caleb,jason,"['j', 'a', 's', 'o', 'n']",0
Cody.mp4,Cody,,,0
Cody.mp4,Cody,david,"['d', 'a', 'v', 'i', 'd']",0
Courtney.mp4,Courtney,,,0
Courtney.mp4,Courtney,jessicia,"['j', 'e', 's', 's', 'i', 'c', 'i', 'a']",0
Daniel.mp4,Daniel,,,0
Daniel.mp4,Daniel,daniel,"['d', 'a', 'n', 'i', 'e', 'l']",1
Danielle.mp4,Danielle,,,0
Danielle.mp4,Danielle,,None,0
David.mp4,David,,,0
David.mp4,David,,None,0
Dylan.mp4,Dylan,,,0
Dylan.mp4,Dylan,,None,0
Emily.mp4,Emily,,,0
Emily.mp4,Emily,,None,0
Eric.mp4,Eric,,,0
Eric.mp4,Eric,,None,0
Ethan.mp4,Ethan,,,0
Ethan.mp4,Ethan,,None,0
Grace.mp4,Grace,,,0
Grace.mp4,Grace,emily,"['e', 'm', 'i', 'l', 'y']",0
Haley.mp4,Haley,,,0
Haley.mp4,Haley,hethy,"['h', 'e', 't', 'h', 'y']",1
Hannah.mp4,Hannah,,,0
Hannah.mp4,Hannah,,None,0
Heather.mp4,Heather,,,0
Heather.mp4,Heather,,None,0
Jacob.mp4,Jacob,,,0
Jacob.mp4,Jacob,,None,0
Jason.mp4,Jason,,,0
Jason.mp4,Jason,,None,0
Jenna.mp4,Jenna,,,0
Jenna.mp4,Jenna,,None,0
Jeremy.mp4,Jeremy,,,0
Jeremy.mp4,Jeremy,jeremmy ,"['j', 'e', 'r', 'e', 'm', 'm', 'y', 'space']",1
Jessica.mp4,Jessica,,,0
Jessica.mp4,Jessica,,None,0
Josh.mp4,Josh,,,0
Josh.mp4,Josh,,None,0
Julia.mp4,Julia,,,0
Julia.mp4,Julia,,None,0
Justin.mp4,Justin,,,0
Justin.mp4,Justin,,None,0
Katie.mp4,Katie,,,0
Katie.mp4,Katie,,None,0
Kayla.mp4,Kayla,,,0
Kayla.mp4,Kayla,,None,0
Kelsey.mp4,Kelsey,,,0
Kelsey.mp4,Kelsey,,None,0
Kevin.mp4,Kevin,,,0
Kevin.mp4,Kevin,,None,0
Kyle.mp4,Kyle,,,0
Kyle.mp4,Kyle,,None,0
Lauren.mp4,Lauren,,,0
Lauren.mp4,Lauren,,None,0
Mark.mp4,Mark,,,0
Mark.mp4,Mark,,None,0
Matthew.mp4,Matthew,,,0
Matthew.mp4,Matthew,,None,0
Megan.mp4,Megan,,,0
Megan.mp4,Megan,heley,"['h', 'e', 'l', 'e', 'y']",0
Michael.mp4,Michael,,,0
Michael.mp4,Michael,,None,0
Michelle.mp4,Michelle,,,0
Michelle.mp4,Michelle,braina,"['b', 'r', 'a', 'i', 'n', 'a']",0
Natalie.mp4,Natalie,,,0
Natalie.mp4,Natalie,,None,0
Nathan.mp4,Nathan,,,0
Nathan.mp4,Nathan,noah,"['n', 'o', 'a', 'h']",0
Nicole.mp4,Nicole,,,0
Nicole.mp4,Nicole,nichol,"['n', 'i', 'c', 'o', 'backspace', 'j', 'o', 'backspace', 'backspace', 'h', 'o', 'l']",1
Noah.mp4,Noah,,,0
Noah.mp4,Noah,,None,0
Olivia.mp4,Olivia,,,0
Olivia.mp4,Olivia,,None,0
Rachel.mp4,Rachel,,,0
Rachel.mp4,Rachel,morga,"['m', 'o', 'r', 'g', 'a', 'left']",0
Rebecca.mp4,Rebecca,,,0
Rebecca.mp4,Rebecca,,None,0
Sarah.mp4,Sarah,,,0
Sarah.mp4,Sarah,,None,0
Shelby.mp4,Shelby,,,0
Shelby.mp4,Shelby,,None,0
Steven.mp4,Steven,,,0
Steven.mp4,Steven,david ,"['d', 'a', 'v', 'i', 'd', 'space']",0
Taylor.mp4,Taylor,,,0
Taylor.mp4,Taylor,,None,0
Thomas.mp4,Thomas,,,0
Thomas.mp4,Thomas,,None,0
Timothy.mp4,Timothy,,,0
Timothy.mp4,Timothy,,None,0
Trevor.mp4,Trevor,,,0
Trevor.mp4,Trevor,,None,0
Tyler.mp4,Tyler,,,0
Tyler.mp4,Tyler,kyler,"['k', 'y', 'l', 'e', 'r']",0
,,,,0