﻿Video,Name,inputText,key_resp_3.keys,recallRating_GR
Aaron.mp4,Aaron,,,0
Aaron.mp4,Aaron,Steven,"['rshift', 's', 't', 'e', 'v', 'e', 'n']",0
Adam.mp4,Adam,,,0
Adam.mp4,Adam,,None,0
Alyssa.mp4,Alyssa,,,0
Alyssa.mp4,Alyssa,Alyssa,"['rshift', 'a', 'l', 'y', 's', 's', 'a']",1
Amanda.mp4,Amanda,,,0
Amanda.mp4,Amanda,Amanda,"['rshift', 'a', 'm', 'a', 'n', 'd', 'a']",1
Andrew.mp4,Andrew,,,0
Andrew.mp4,Andrew,,None,0
Anna.mp4,Anna,,,0
Anna.mp4,Anna,Anna,"['rshift', 'a', 'n', 'n', 'a']",1
Ashley.mp4,Ashley,,,0
Ashley.mp4,Ashley,Ashley,"['rshift', 'a', 's', 'h', 'e', 'l', 'e', 'backspace', 'backspace', 'backspace', 'l', 'e', 'y']",1
Bradley.mp4,Bradley,,,0
Bradley.mp4,Bradley,Bradley,"['rshift', 'b', 'r', 'a', 'd', 'l', 'e', 'y', 'return']",1
Brandon.mp4,Brandon,,,0
Brandon.mp4,Brandon,,None,0
Brian.mp4,Brian,,,0
Brian.mp4,Brian,Brian,"['rshift', 'b', 'r', 'i', 'a', 'n']",1
Brianna.mp4,Brianna,,,0
Brianna.mp4,Brianna,Brianna,"['rshift', 'b', 'r', 'i', 'a', 'n', 'n', 'a', 'backspace', 'a']",1
Brittany.mp4,Brittany,,,0
Brittany.mp4,Brittany,Britney,"['rshift', 'b', 'r', 'i', 't', 'n', 'e', 'y']",1
Caleb.mp4,Caleb,,,0
Caleb.mp4,Caleb,C,"['rshift', 'c', 'backspace', 'rshift', 'c']",0
Cody.mp4,Cody,,,0
Cody.mp4,Cody,Cody,"['rshift', 'c', 'o', 'd', 'y']",1
Courtney.mp4,Courtney,,,0
Courtney.mp4,Courtney,,None,0
Daniel.mp4,Daniel,,,0
Daniel.mp4,Daniel,,None,0
Danielle.mp4,Danielle,,,0
Danielle.mp4,Danielle,Danielle  ,"['rshift', 'd', 'a', 'n', 'i', 'e', 'l', 'l', 'e', 'return', 'space', 'space']",1
David.mp4,David,,,0
David.mp4,David,Steven,"['rshift', 's', 't', 'e', 'v', 'e', 'n']",0
Dylan.mp4,Dylan,,,0
Dylan.mp4,Dylan,Br,"['rshift', 'b', 'r', 'a', 'm', 'd', 'p', 'm', 'backspace', 'backspace', 'backspace', 'backspace', 'backspace', 'n', 'd', 'o', 'n', 'backspace', 'backspace', 'backspace', 'backspace', 'a']",0
Emily.mp4,Emily,,,0
Emily.mp4,Emily,,None,0
Eric.mp4,Eric,,,0
Eric.mp4,Eric,Eric ,"['rshift', 'e', 'r', 'i', 'c', 'return', 'space']",1
Ethan.mp4,Ethan,,,0
Ethan.mp4,Ethan,,None,0
Grace.mp4,Grace,,,0
Grace.mp4,Grace,Grace,"['rshift', 'g', 'r', 'a', 'c', 'e']",1
Haley.mp4,Haley,,,0
Haley.mp4,Haley,,None,0
Hannah.mp4,Hannah,,,0
Hannah.mp4,Hannah,A,"['rshift', 'a']",0
Heather.mp4,Heather,,,0
Heather.mp4,Heather,Heather,"['rshift', 'rshift', 'h', 'e', 'a', 't', 'h', 'e', 'r']",1
Jacob.mp4,Jacob,,,0
Jacob.mp4,Jacob,,None,0
Jason.mp4,Jason,,,0
Jason.mp4,Jason,Jason,"['rshift', 'j', 's', 'backspace', 'a', 's', 'o', 'n', 'return']",1
Jenna.mp4,Jenna,,,0
Jenna.mp4,Jenna,,None,0
Jeremy.mp4,Jeremy,,,0
Jeremy.mp4,Jeremy,,None,0
Jessica.mp4,Jessica,,,0
Jessica.mp4,Jessica,,"['space', 'backspace']",0
Josh.mp4,Josh,,,0
Josh.mp4,Josh,Josh,"['rshift', 'j', 'o', 's', 'h']",1
Julia.mp4,Julia,,,0
Julia.mp4,Julia,Jenny,"['rshift', 'j', 'e', 'n', 'n', 'y']",0
Justin.mp4,Justin,,,0
Justin.mp4,Justin,,None,0
Katie.mp4,Katie,,,0
Katie.mp4,Katie,,None,0
Kayla.mp4,Kayla,,,0
Kayla.mp4,Kayla,,None,0
Kelsey.mp4,Kelsey,,,0
Kelsey.mp4,Kelsey,Amanda,"['rshift', 'a', 'm', 'a', 'n', 'd', 'a']",0
Kevin.mp4,Kevin,,,0
Kevin.mp4,Kevin,,None,0
Kyle.mp4,Kyle,,,0
Kyle.mp4,Kyle,,None,0
Lauren.mp4,Lauren,,,0
Lauren.mp4,Lauren,Lauren,"['rshift', 'l', 'a', 'u', 'r', 'e', 'n']",1
Mark.mp4,Mark,,,0
Mark.mp4,Mark,Brad,"['rshift', 'b', 'r', 'a', 'd']",0
Matthew.mp4,Matthew,,,0
Matthew.mp4,Matthew,,"['1', 'backspace']",0
Megan.mp4,Megan,,,0
Megan.mp4,Megan,,None,0
Michael.mp4,Michael,,,0
Michael.mp4,Michael,Michael,"['rshift', 'm', 'i', 'c', 'a', 'backspace', 'h', 'a', 'e', 'l']",1
Michelle.mp4,Michelle,,,0
Michelle.mp4,Michelle,,None,0
Natalie.mp4,Natalie,,,0
Natalie.mp4,Natalie,,None,0
Nathan.mp4,Nathan,,,0
Nathan.mp4,Nathan,Nathan,"['rshift', 'n', 'a', 't', 'h', 'a', 'n']",1
Nicole.mp4,Nicole,,,0
Nicole.mp4,Nicole,Nicole,"['rshift', 'n', 'i', 'v', 'o', 'l', 'backspace', 'backspace', 'backspace', 'c', 'o', 'l', 'e']",1
Noah.mp4,Noah,,,0
Noah.mp4,Noah,,None,0
Olivia.mp4,Olivia,,,0
Olivia.mp4,Olivia,Olivia,"['rshift', 'o', 'l', 'i', 'v', 'i', 'a']",1
Rachel.mp4,Rachel,,,0
Rachel.mp4,Rachel,Rachel,"['rshift', 'r', 'a', 'c', 'h', 'e', 'l']",1
Rebecca.mp4,Rebecca,,,0
Rebecca.mp4,Rebecca,Rebecca,"['rshift', 'r', 'e', 'b', 'e', 'c', 'c', 'a']",1
Sarah.mp4,Sarah,,,0
Sarah.mp4,Sarah,Courtney,"['rshift', 'c', 'o', 'u', 'r', 't', 'n', 'e', 'y']",0
Shelby.mp4,Shelby,,,0
Shelby.mp4,Shelby,Shelby,"['rshift', 's', 'h', 'e', 'l', 'b', 'y']",1
Steven.mp4,Steven,,,0
Steven.mp4,Steven,,None,0
Taylor.mp4,Taylor,,,0
Taylor.mp4,Taylor,Taylor,"['rshift', 'a', 'backspace', 'rshift', 't', 'a', 'y', 'l', 'o', 'r']",1
Thomas.mp4,Thomas,,,0
Thomas.mp4,Thomas,Brad,"['rshift', 'b', 'r', 'a', 'd', 'rshift', 'question']",0
Timothy.mp4,Timothy,,,0
Timothy.mp4,Timothy,,None,0
Trevor.mp4,Trevor,,,0
Trevor.mp4,Trevor,,None,0
Tyler.mp4,Tyler,,,0
Tyler.mp4,Tyler,Tyler ,"['rshift', 't', 'y', 'l', 'e', 'r', 'return', 'space']",1
,,,,0