﻿Video,Name,inputText,key_resp_3.keys,recallRating_GR
Aaron.mp4,Aaron,,,0
Aaron.mp4,Aaron,,None,0
Adam.mp4,Adam,,,0
Adam.mp4,Adam,,None,0
Alyssa.mp4,Alyssa,,,0
Alyssa.mp4,Alyssa,taylor,"['t', 'a', 'y', 'l', 'o', 'r']",0
Amanda.mp4,Amanda,,,0
Amanda.mp4,Amanda,mali,"['m', 'a', 'l', 'i', 'c', 'a', 'backspace', 'backspace']",0
Andrew.mp4,Andrew,,,0
Andrew.mp4,Andrew,andrew,"['a', 'n', 'd', 'r', 'e', 'w']",1
Anna.mp4,Anna,,,0
Anna.mp4,Anna,anna,"['a', 'n', 'n', 'a']",1
Ashley.mp4,Ashley,,,0
Ashley.mp4,Ashley,li,"['l', 'i']",0
Bradley.mp4,Bradley,,,0
Bradley.mp4,Bradley,adam ,"['a', 'd', 'a', 'm', '1', 'backspace', 'space']",0
Brandon.mp4,Brandon,,,0
Brandon.mp4,Brandon,brandon,"['b', 'r', 'n', 'backspace', 'a', 'n', 'd', 'o', 'n']",1
Brian.mp4,Brian,,,0
Brian.mp4,Brian,brain,"['b', 'r', 'a', 'i', 'n']",1
Brianna.mp4,Brianna,,,0
Brianna.mp4,Brianna,florance,"['f', 'l', 'o', 'r', 'a', 'n', 'c', 'e']",0
Brittany.mp4,Brittany,,,0
Brittany.mp4,Brittany,as,"['a', 's']",0
Caleb.mp4,Caleb,,,0
Caleb.mp4,Caleb,n,['n'],0
Cody.mp4,Cody,,,0
Cody.mp4,Cody,wi,"['w', 'i']",0
Courtney.mp4,Courtney,,,0
Courtney.mp4,Courtney,courtney,"['c', 'o', 'u', 'r', 't', 'n', 'e', 'y']",1
Daniel.mp4,Daniel,,,0
Daniel.mp4,Daniel,,None,0
Danielle.mp4,Danielle,,,0
Danielle.mp4,Danielle,jessie,"['j', 'e', 's', 's', 'i', 'e']",0
David.mp4,David,,,0
David.mp4,David,aiv,"['a', 'i', 'v', 'd', 'backspace']",0
Dylan.mp4,Dylan,,,0
Dylan.mp4,Dylan,,None,0
Emily.mp4,Emily,,,0
Emily.mp4,Emily,amiley,"['a', 'm', 'i', 'l', 'y', 'backspace', 'e', 'y']",1
Eric.mp4,Eric,,,0
Eric.mp4,Eric,david,"['d', 'a', 'v', 'i', 'd']",0
Ethan.mp4,Ethan,,,0
Ethan.mp4,Ethan,adam,"['a', 'd', 'a', 'm']",0
Grace.mp4,Grace,,,0
Grace.mp4,Grace,grace,"['a', 'm', 'i', 'backspace', 'backspace', 'backspace', 'g', 'r', 'a', 'c', 'e', 'return']",1
Haley.mp4,Haley,,,0
Haley.mp4,Haley,luck,"['l', 'u', 'v', 'backspace', 'c', 'k']",0
Hannah.mp4,Hannah,,,0
Hannah.mp4,Hannah,jucy,"['j', 'u', 'c', 'y']",0
Heather.mp4,Heather,,,0
Heather.mp4,Heather,Feather,"['lshift', 'f', 'a', 'backspace', 'e', 'a', 't', 'h', 'e', 'r']",1
Jacob.mp4,Jacob,,,0
Jacob.mp4,Jacob,,None,0
Jason.mp4,Jason,,,0
Jason.mp4,Jason,jason,"['j', 'a', 's', 'o', 'n']",1
Jenna.mp4,Jenna,,,0
Jenna.mp4,Jenna,,None,0
Jeremy.mp4,Jeremy,,,0
Jeremy.mp4,Jeremy,jemery,"['j', 'e', 'm', 'e', 'r', 'y']",1
Jessica.mp4,Jessica,,,0
Jessica.mp4,Jessica,alice,"['a', 'l', 'i', 'c', 'e']",0
Josh.mp4,Josh,,,0
Josh.mp4,Josh,josh,"['j', '0', 's', 'h', 'backspace', 'backspace', 'backspace', 'o', 's', 'h']",1
Julia.mp4,Julia,,,0
Julia.mp4,Julia,liy,"['l', 'i', 'y']",0
Justin.mp4,Justin,,,0
Justin.mp4,Justin,josh,"['j', 'o', 's', 'h']",0
Katie.mp4,Katie,,,0
Katie.mp4,Katie,katey,"['k', 'a', 'y', 'e', 't', 'backspace', 'y', 'backspace', 'backspace', 'backspace', 't', 'e', 'y']",1
Kayla.mp4,Kayla,,,0
Kayla.mp4,Kayla,kay,"['k', 'a', 'y']",1
Kelsey.mp4,Kelsey,,,0
Kelsey.mp4,Kelsey,julia ,"['j', 'u', 'l', 'i', 'a', 'space']",0
Kevin.mp4,Kevin,,,0
Kevin.mp4,Kevin,kelvin,"['k', 'e', 'l', 'v', 'i', 'n']",1
Kyle.mp4,Kyle,,,0
Kyle.mp4,Kyle,,None,0
Lauren.mp4,Lauren,,,0
Lauren.mp4,Lauren,angle,"['a', 'n', 'g', 'l', 'e']",0
Mark.mp4,Mark,,,0
Mark.mp4,Mark,nova,"['n', 'o', 'v', 'a']",0
Matthew.mp4,Matthew,,,0
Matthew.mp4,Matthew,,None,0
Megan.mp4,Megan,,,0
Megan.mp4,Megan,ashely,"['a', 's', 'h', 'e', 'l', 'y']",0
Michael.mp4,Michael,,,0
Michael.mp4,Michael,machel,"['m', 'a', 'c', 'h', 'e', 'l']",1
Michelle.mp4,Michelle,,,0
Michelle.mp4,Michelle,machel,"['m', 'a', 'c', 'h', 'e', 'l']",1
Natalie.mp4,Natalie,,,0
Natalie.mp4,Natalie,anna,"['a', 'n', 'n', 'a']",0
Nathan.mp4,Nathan,,,0
Nathan.mp4,Nathan,kayley,"['k', 'a', 'y', 'l', 'e', 'y']",0
Nicole.mp4,Nicole,,,0
Nicole.mp4,Nicole,nic,"['k', 'i', 'n', 'backspace', 'backspace', 'backspace', 'n', 'i', 'c']",1
Noah.mp4,Noah,,,0
Noah.mp4,Noah,jaycob,"['j', 'a', 'y', 'c', 'o', 'b']",0
Olivia.mp4,Olivia,,,0
Olivia.mp4,Olivia,rebecca,"['r', 'e', 'b', 'e', 'c', 'c', 'a']",0
Rachel.mp4,Rachel,,,0
Rachel.mp4,Rachel,rachel,"['r', 'e', 'backspace', 'a', 'c', 'h', 'e', 'l']",1
Rebecca.mp4,Rebecca,,,0
Rebecca.mp4,Rebecca,rebecca,"['r', 'e', 'b', 'e', 'c', 'c', 'a']",1
Sarah.mp4,Sarah,,,0
Sarah.mp4,Sarah,courtney,"['c', 'o', 'u', 'r', 't', 'n', 'e', 'y']",0
Shelby.mp4,Shelby,,,0
Shelby.mp4,Shelby,shallby,"['s', 'h', 'a', 'l', 'l', 'b', 'y']",1
Steven.mp4,Steven,,,0
Steven.mp4,Steven,steven,"['s', 't', 'e', 'v', 'e', 'n', 'return']",1
Taylor.mp4,Taylor,,,0
Taylor.mp4,Taylor,taylor,"['t', 'a', 'y', 'l', 'o', 'r']",1
Thomas.mp4,Thomas,,,0
Thomas.mp4,Thomas,tomas ,"['t', 'o', 'm', 'a', 's', 'space']",1
Timothy.mp4,Timothy,,,0
Timothy.mp4,Timothy,,None,0
Trevor.mp4,Trevor,,,0
Trevor.mp4,Trevor,,"['g', 'backspace']",0
Tyler.mp4,Tyler,,,0
Tyler.mp4,Tyler,,None,0
,,,,0