﻿Video,Name,inputText,key_resp_3.keys,recallRating_GR
Aaron.mp4,Aaron,,,0
Aaron.mp4,Aaron,,None,0
Adam.mp4,Adam,,,0
Adam.mp4,Adam,,None,0
Alyssa.mp4,Alyssa,,,0
Alyssa.mp4,Alyssa,ash,"['a', 's', 'h']",0
Amanda.mp4,Amanda,,,0
Amanda.mp4,Amanda,jessica,"['j', 'e', 's', 's', 'i', 'c', 'a']",0
Andrew.mp4,Andrew,,,0
Andrew.mp4,Andrew,,"['d', 'backspace']",0
Anna.mp4,Anna,,,0
Anna.mp4,Anna,,None,0
Ashley.mp4,Ashley,,,0
Ashley.mp4,Ashley,,None,0
Bradley.mp4,Bradley,,,0
Bradley.mp4,Bradley,,"['1', 'backspace']",0
Brandon.mp4,Brandon,,,0
Brandon.mp4,Brandon,dylan,"['d', 'y', 'l', 'a', 'n']",0
Brian.mp4,Brian,,,0
Brian.mp4,Brian,brian,"['b', 'r', 'i', 'a', 'n']",1
Brianna.mp4,Brianna,,,0
Brianna.mp4,Brianna,,None,0
Brittany.mp4,Brittany,,,0
Brittany.mp4,Brittany,racheal,"['r', 'a', 'c', 'h', 'e', 'a', 'l']",0
Caleb.mp4,Caleb,,,0
Caleb.mp4,Caleb,caleb,"['c', 'a', 'l', 'e', 'b']",1
Cody.mp4,Cody,,,0
Cody.mp4,Cody,aaro,"['a', 'a', 'r', 'o']",0
Courtney.mp4,Courtney,,,0
Courtney.mp4,Courtney,,None,0
Daniel.mp4,Daniel,,,0
Daniel.mp4,Daniel,daniel,"['d', 'a', 'n', 'i', 'e', 'l']",1
Danielle.mp4,Danielle,,,0
Danielle.mp4,Danielle,,None,0
David.mp4,David,,,0
David.mp4,David,aaron,"['a', 'a', 'r', 'o', 'n']",0
Dylan.mp4,Dylan,,,0
Dylan.mp4,Dylan,,"['1', 'backspace']",0
Emily.mp4,Emily,,,0
Emily.mp4,Emily,,None,0
Eric.mp4,Eric,,,0
Eric.mp4,Eric,,None,0
Ethan.mp4,Ethan,,,0
Ethan.mp4,Ethan,,None,0
Grace.mp4,Grace,,,0
Grace.mp4,Grace,emily,"['m', 'i', 'backspace', 'backspace', 'e', 'comma', 'i', 'backspace', 'm', 'i', 'l', 'y']",0
Haley.mp4,Haley,,,0
Haley.mp4,Haley,hailey,"['h', 'a', 'i', 'l', 'e', 'z', 'backspace', 'y']",1
Hannah.mp4,Hannah,,,0
Hannah.mp4,Hannah,hannah,"['h', 'a', 'n', 'n', 'a', 'h']",1
Heather.mp4,Heather,,,0
Heather.mp4,Heather,ashley,"['a', 's', 'h', 'l', 'e', 'z', 'backspace', 'y']",0
Jacob.mp4,Jacob,,,0
Jacob.mp4,Jacob,thomathan,"['t', 'h', 'o', 'm', 'a', 't', 'h', 'a', 'n']",0
Jason.mp4,Jason,,,0
Jason.mp4,Jason,,None,0
Jenna.mp4,Jenna,,,0
Jenna.mp4,Jenna,jessica,"['j', 'e', 's', 's', 'i', 'c', 'a']",0
Jeremy.mp4,Jeremy,,,0
Jeremy.mp4,Jeremy,,None,0
Jessica.mp4,Jessica,,,0
Jessica.mp4,Jessica,jessica,"['j', 'e', 's', 's', 'i', 'c', 'a']",1
Josh.mp4,Josh,,,0
Josh.mp4,Josh,,None,0
Julia.mp4,Julia,,,0
Julia.mp4,Julia,,None,0
Justin.mp4,Justin,,,0
Justin.mp4,Justin,justin,"['j', 'u', 's', 't', 'i', 'n']",1
Katie.mp4,Katie,,,0
Katie.mp4,Katie,katie,"['k', 'a', 't', 'i', 'e']",1
Kayla.mp4,Kayla,,,0
Kayla.mp4,Kayla,nicole,"['n', 'i', 'c', 'o', 'l', 'e']",0
Kelsey.mp4,Kelsey,,,0
Kelsey.mp4,Kelsey,,None,0
Kevin.mp4,Kevin,,,0
Kevin.mp4,Kevin,kevin,"['k', 'e', 'v', 'i', 'n']",1
Kyle.mp4,Kyle,,,0
Kyle.mp4,Kyle,,None,0
Lauren.mp4,Lauren,,,0
Lauren.mp4,Lauren,,None,0
Mark.mp4,Mark,,,0
Mark.mp4,Mark,,None,0
Matthew.mp4,Matthew,,,0
Matthew.mp4,Matthew,,None,0
Megan.mp4,Megan,,,0
Megan.mp4,Megan,britt,"['b', 'r', 'i', 't', 't', 'n', 'a', 'z', 'backspace', 'u', 'backspace', 'u', 'backspace', 'y', 'backspace', 'backspace', 'backspace']",0
Michael.mp4,Michael,,,0
Michael.mp4,Michael,,None,0
Michelle.mp4,Michelle,,,0
Michelle.mp4,Michelle,brianna,"['b', 'r', 'i', 'a', 'n', 'n', 'a']",0
Natalie.mp4,Natalie,,,0
Natalie.mp4,Natalie,,None,0
Nathan.mp4,Nathan,,,0
Nathan.mp4,Nathan,,None,0
Nicole.mp4,Nicole,,,0
Nicole.mp4,Nicole,,None,0
Noah.mp4,Noah,,,0
Noah.mp4,Noah,kevin,"['k', 'e', 'v', 'i', 'n']",0
Olivia.mp4,Olivia,,,0
Olivia.mp4,Olivia,olivia,"['o', 'l', 'i', 'v', 'i', 'a']",1
Rachel.mp4,Rachel,,,0
Rachel.mp4,Rachel,hather,"['h', 'a', 't', 'h', 'e', 'r']",0
Rebecca.mp4,Rebecca,,,0
Rebecca.mp4,Rebecca,,"['b', 'i', 'c', 'o', 'l', 'backspace', 'backspace', 'backspace', 'backspace', 'backspace', 'backspace']",0
Sarah.mp4,Sarah,,,0
Sarah.mp4,Sarah,,None,0
Shelby.mp4,Shelby,,,0
Shelby.mp4,Shelby,chia bo,"['c', 'h', 'i', 'b', 'o', 'backspace', 'backspace', 'a', 'space', 'b', 'o']",0
Steven.mp4,Steven,,,0
Steven.mp4,Steven,trevor,"['t', 'r', 'e', 'backspace', 'e', 'v', 'o', 'r']",0
Taylor.mp4,Taylor,,,0
Taylor.mp4,Taylor,,None,0
Thomas.mp4,Thomas,,,0
Thomas.mp4,Thomas,mark,"['m', 'a', 'r', 'k']",0
Timothy.mp4,Timothy,,,0
Timothy.mp4,Timothy,eric,"['e', 'r', 'i', 'c']",0
Trevor.mp4,Trevor,,,0
Trevor.mp4,Trevor,,None,0
Tyler.mp4,Tyler,,,0
Tyler.mp4,Tyler,,None,0
,,,,0