﻿Video,Name,inputText,key_resp_3.keys,recallRating_GR
Aaron.mp4,Aaron,,,
Aaron.mp4,Aaron,,None,0
Adam.mp4,Adam,,,
Adam.mp4,Adam,,None,0
Alyssa.mp4,Alyssa,,,
Alyssa.mp4,Alyssa,,None,0
Amanda.mp4,Amanda,,,
Amanda.mp4,Amanda,,None,0
Andrew.mp4,Andrew,,,
Andrew.mp4,Andrew,,None,0
Anna.mp4,Anna,,,
Anna.mp4,Anna,,None,0
Ashley.mp4,Ashley,,,
Ashley.mp4,Ashley,,None,0
Bradley.mp4,Bradley,,,
Bradley.mp4,Bradley,,None,0
Brandon.mp4,Brandon,,,
Brandon.mp4,Brandon,,None,0
Brian.mp4,Brian,,,
Brian.mp4,Brian,Brian,"['lshift', 'b', 'r', 'i', 'a', 'n']",1
Brianna.mp4,Brianna,,,
Brianna.mp4,Brianna,Brianna,"['lshift', 'b', 'r', 'i', 'a', 'n', 'n', 'a']",1
Brittany.mp4,Brittany,,,
Brittany.mp4,Brittany,,None,0
Caleb.mp4,Caleb,,,
Caleb.mp4,Caleb,,None,0
Cody.mp4,Cody,,,
Cody.mp4,Cody,,None,0
Courtney.mp4,Courtney,,,
Courtney.mp4,Courtney,,None,0
Daniel.mp4,Daniel,,,
Daniel.mp4,Daniel,,None,0
Danielle.mp4,Danielle,,,
Danielle.mp4,Danielle,,None,0
David.mp4,David,,,
David.mp4,David,,None,0
Dylan.mp4,Dylan,,,
Dylan.mp4,Dylan,,None,0
Emily.mp4,Emily,,,
Emily.mp4,Emily,,None,0
Eric.mp4,Eric,,,
Eric.mp4,Eric,,None,0
Ethan.mp4,Ethan,,,
Ethan.mp4,Ethan,,None,0
Grace.mp4,Grace,,,
Grace.mp4,Grace,Grace,"['lshift', 'g', 'r', 'a', 'c', 'e']",1
Haley.mp4,Haley,,,
Haley.mp4,Haley,,None,0
Hannah.mp4,Hannah,,,
Hannah.mp4,Hannah,,None,0
Heather.mp4,Heather,,,
Heather.mp4,Heather,,None,0
Jacob.mp4,Jacob,,,
Jacob.mp4,Jacob,Jacob,"['lshift', 'j', 'a', 'c', 'o', 'b']",1
Jason.mp4,Jason,,,
Jason.mp4,Jason,,None,0
Jenna.mp4,Jenna,,,
Jenna.mp4,Jenna,,None,0
Jeremy.mp4,Jeremy,,,
Jeremy.mp4,Jeremy,Tyler,"['lshift', 't', 'y', 'l', 'e', 'r']",0
Jessica.mp4,Jessica,,,
Jessica.mp4,Jessica,,None,0
Josh.mp4,Josh,,,
Josh.mp4,Josh,Josh,"['lshift', 'j', 'o', 's', 'h']",0
Julia.mp4,Julia,,,
Julia.mp4,Julia,,None,0
Justin.mp4,Justin,,,
Justin.mp4,Justin,,None,0
Katie.mp4,Katie,,,
Katie.mp4,Katie,,None,0
Kayla.mp4,Kayla,,,
Kayla.mp4,Kayla,,None,0
Kelsey.mp4,Kelsey,,,
Kelsey.mp4,Kelsey,,None,0
Kevin.mp4,Kevin,,,
Kevin.mp4,Kevin,,None,0
Kyle.mp4,Kyle,,,
Kyle.mp4,Kyle,,None,0
Lauren.mp4,Lauren,,,
Lauren.mp4,Lauren,,None,0
Mark.mp4,Mark,,,
Mark.mp4,Mark,Mark,"['lshift', 'm', 'a', 'r', 'k']",1
Matthew.mp4,Matthew,,,
Matthew.mp4,Matthew,,None,0
Megan.mp4,Megan,,,
Megan.mp4,Megan,,None,0
Michael.mp4,Michael,,,
Michael.mp4,Michael,Dylan,"['lshift', 'd', 'y', 'l', 'n', 'backspace', 'a', 'n']",0
Michelle.mp4,Michelle,,,
Michelle.mp4,Michelle,,None,0
Natalie.mp4,Natalie,,,
Natalie.mp4,Natalie,,None,0
Nathan.mp4,Nathan,,,
Nathan.mp4,Nathan,Matthew,"['lshift', 'm', 'a', 't', 't', 'h', 'e', 'w']",0
Nicole.mp4,Nicole,,,
Nicole.mp4,Nicole,,None,0
Noah.mp4,Noah,,,
Noah.mp4,Noah,,None,0
Olivia.mp4,Olivia,,,
Olivia.mp4,Olivia,Olivia,"['lshift', 'o', 'l', 'i', 'v', 'i', 'a']",1
Rachel.mp4,Rachel,,,
Rachel.mp4,Rachel,,None,0
Rebecca.mp4,Rebecca,,,
Rebecca.mp4,Rebecca,,None,0
Sarah.mp4,Sarah,,,
Sarah.mp4,Sarah,,None,0
Shelby.mp4,Shelby,,,
Shelby.mp4,Shelby,Shelby,"['lshift', 's', 'h', 'e', 'l', 'b', 'y']",1
Steven.mp4,Steven,,,
Steven.mp4,Steven,,None,0
Taylor.mp4,Taylor,,,
Taylor.mp4,Taylor,Amanda,"['lshift', 'a', 'm', 'a', 'n', 'd', 'a']",0
Thomas.mp4,Thomas,,,
Thomas.mp4,Thomas,,None,0
Timothy.mp4,Timothy,,,
Timothy.mp4,Timothy,,None,0
Trevor.mp4,Trevor,,,
Trevor.mp4,Trevor,,None,0
Tyler.mp4,Tyler,,,
Tyler.mp4,Tyler,,None,0