,Video,Name,recallRating_GR,inputText,key_resp3_fin
55,Aaron.mp4,Aaron,0.0,,0.0
35,Aaron.mp4,Aaron,,,
22,Adam.mp4,Adam,0.0,michelle,2.8184
5,Adam.mp4,Adam,,,
112,Alyssa.mp4,Alyssa,0.0,,0.0
100,Alyssa.mp4,Alyssa,,,
17,Amanda.mp4,Amanda,0.0,,0.0
4,Amanda.mp4,Amanda,,,
107,Andrew.mp4,Andrew,0.0,ryan,2.7354
96,Andrew.mp4,Andrew,,,
113,Anna.mp4,Anna,0.0,michelle,4.4682
97,Anna.mp4,Anna,,,
59,Ashley.mp4,Ashley,0.0,ashley,1.0683
43,Ashley.mp4,Ashley,,,
20,Bradley.mp4,Bradley,0.0,athen,6.5168
11,Bradley.mp4,Bradley,,,
111,Brandon.mp4,Brandon,0.0,caleb,3.4012
101,Brandon.mp4,Brandon,,,
108,Brian.mp4,Brian,0.0,caleb,5.9339
104,Brian.mp4,Brian,,,
109,Brianna.mp4,Brianna,0.0,bella,2.5178
99,Brianna.mp4,Brianna,,,
54,Brittany.mp4,Brittany,0.0,meghan,6.1659
42,Brittany.mp4,Brittany,,,
120,Caleb.mp4,Caleb,0.0,caleb,1.3351
102,Caleb.mp4,Caleb,,,
53,Cody.mp4,Cody,0.0,john,4.2656
40,Cody.mp4,Cody,,,
77,Courtney.mp4,Courtney,0.0,courtney,4.2179
68,Courtney.mp4,Courtney,,,
84,Daniel.mp4,Daniel,0.0,daniel,2.5016
61,Daniel.mp4,Daniel,,,
25,Danielle.mp4,Danielle,0.0,lisa,3.9513
8,Danielle.mp4,Danielle,,,
50,David.mp4,David,0.0,david,2.4851
32,David.mp4,David,,,
118,Dylan.mp4,Dylan,0.0,ryan,4.8991
92,Dylan.mp4,Dylan,,,
110,Emily.mp4,Emily,0.0,natalie,2.1023
93,Emily.mp4,Emily,,,
18,Eric.mp4,Eric,0.0,athen,4.4511
12,Eric.mp4,Eric,,,
26,Ethan.mp4,Ethan,0.0,,0.0
9,Ethan.mp4,Ethan,,,
106,Grace.mp4,Grace,0.0,,5.4172
98,Grace.mp4,Grace,,,
60,Haley.mp4,Haley,0.0,,0.0
31,Haley.mp4,Haley,,,
16,Hannah.mp4,Hannah,0.0,,7.2169
3,Hannah.mp4,Hannah,,,
49,Heather.mp4,Heather,0.0,megan,2.5842
34,Heather.mp4,Heather,,,
79,Jacob.mp4,Jacob,0.0,jacob,1.9357
67,Jacob.mp4,Jacob,,,
119,Jason.mp4,Jason,0.0,,0.0
103,Jason.mp4,Jason,,,
29,Jenna.mp4,Jenna,0.0,michelle,4.1515
14,Jenna.mp4,Jenna,,,
48,Jeremy.mp4,Jeremy,0.0,justin,3.4187
38,Jeremy.mp4,Jeremy,,,
21,Jessica.mp4,Jessica,0.0,,0.0
10,Jessica.mp4,Jessica,,,
47,Josh.mp4,Josh,0.0,ryan,4.4678
36,Josh.mp4,Josh,,,
30,Julia.mp4,Julia,0.0,,0.0
15,Julia.mp4,Julia,,,
52,Justin.mp4,Justin,0.0,justin,2.5853
41,Justin.mp4,Justin,,,
117,Katie.mp4,Katie,0.0,michelle,2.8346
95,Katie.mp4,Katie,,,
82,Kayla.mp4,Kayla,0.0,olivia,3.384
64,Kayla.mp4,Kayla,,,
27,Kelsey.mp4,Kelsey,0.0,,0.0
7,Kelsey.mp4,Kelsey,,,
83,Kevin.mp4,Kevin,0.0,daniel,3.7502
74,Kevin.mp4,Kevin,,,
24,Kyle.mp4,Kyle,0.0,,0.0
6,Kyle.mp4,Kyle,,,
81,Lauren.mp4,Lauren,0.0,,0.0
73,Lauren.mp4,Lauren,,,
87,Mark.mp4,Mark,0.0,,0.0
75,Mark.mp4,Mark,,,
28,Matthew.mp4,Matthew,0.0,ethan,7.1332
2,Matthew.mp4,Matthew,,,
58,Megan.mp4,Megan,0.0,ashley,8.3662
44,Megan.mp4,Megan,,,
114,Michael.mp4,Michael,0.0,,0.0
105,Michael.mp4,Michael,,,
116,Michelle.mp4,Michelle,0.0,michelle,1.8191
94,Michelle.mp4,Michelle,,,
19,Natalie.mp4,Natalie,0.0,julia,4.1678
1,Natalie.mp4,Natalie,,,
86,Nathan.mp4,Nathan,0.0,,0.0
69,Nathan.mp4,Nathan,,,
78,Nicole.mp4,Nicole,0.0,,0.0
63,Nicole.mp4,Nicole,,,
80,Noah.mp4,Noah,0.0,mathew,5.6168
66,Noah.mp4,Noah,,,
76,Olivia.mp4,Olivia,0.0,olivia,5.3342
71,Olivia.mp4,Olivia,,,
56,Rachel.mp4,Rachel,0.0,,0.0
37,Rachel.mp4,Rachel,,,
85,Rebecca.mp4,Rebecca,0.0,courtney,8.3325
62,Rebecca.mp4,Rebecca,,,
90,Sarah.mp4,Sarah,0.0,,0.0
70,Sarah.mp4,Sarah,,,
89,Shelby.mp4,Shelby,0.0,,0.0
65,Shelby.mp4,Shelby,,,
51,Steven.mp4,Steven,0.0,justin,2.5515
45,Steven.mp4,Steven,,,
115,Taylor.mp4,Taylor,0.0,michelle,3.6185
91,Taylor.mp4,Taylor,,,
88,Thomas.mp4,Thomas,0.0,,0.0
72,Thomas.mp4,Thomas,,,
23,Timothy.mp4,Timothy,0.0,,0.0
13,Timothy.mp4,Timothy,,,
57,Trevor.mp4,Trevor,0.0,,0.0
33,Trevor.mp4,Trevor,,,
46,Tyler.mp4,Tyler,0.0,,0.0
39,Tyler.mp4,Tyler,,,
0,,,,,
121,,,,,
