﻿Video,Name,inputText,key_resp_3.keys,recallRating_GR
Aaron.mp4,Aaron,,,
Aaron.mp4,Aaron,tyler,"['t', 'y', 'l', 'e', 'r']",0
Adam.mp4,Adam,,,
Adam.mp4,Adam,joseph1,"['j', 'o', 's', 'e', 'p', 'h', 'return', '1']",0
Alyssa.mp4,Alyssa,,,
Alyssa.mp4,Alyssa,1,['1'],0
Amanda.mp4,Amanda,,,
Amanda.mp4,Amanda,maya ,"['m', 'a', 'y', 'a', 'return', 'space']",0
Andrew.mp4,Andrew,,,
Andrew.mp4,Andrew,joseph,"['j', 'l', 'backspace', 'o', 's', 'e', 'p', 'h']",0
Anna.mp4,Anna,,,
Anna.mp4,Anna,,"['1', 'backspace']",0
Ashley.mp4,Ashley,,,
Ashley.mp4,Ashley,,None,0
Bradley.mp4,Bradley,,,
Bradley.mp4,Bradley,,None,0
Brandon.mp4,Brandon,,,
Brandon.mp4,Brandon,,"['1', 'backspace']",0
Brian.mp4,Brian,,,
Brian.mp4,Brian, matheww,"['space', 'm', 'a', 't', 'h', 'e', 'w', 'w']",0
Brianna.mp4,Brianna,,,
Brianna.mp4,Brianna,,None,0
Brittany.mp4,Brittany,,,
Brittany.mp4,Brittany,britney,"['b', 'r', 'i', 't', 'n', 'e', 'y']",1
Caleb.mp4,Caleb,,,
Caleb.mp4,Caleb,,None,0
Cody.mp4,Cody,,,
Cody.mp4,Cody,,None,0
Courtney.mp4,Courtney,,,
Courtney.mp4,Courtney,,None,0
Daniel.mp4,Daniel,,,
Daniel.mp4,Daniel,,None,0
Danielle.mp4,Danielle,,,
Danielle.mp4,Danielle,naomi,"['n', 'a', 'o', 'm', 'i', 'return']",0
David.mp4,David,,,
David.mp4,David,tyler,"['t', 'y', 'l', 'e', 'r']",0
Dylan.mp4,Dylan,,,
Dylan.mp4,Dylan,tyler,"['t', 'y', 'l', 'e', 'r', 'return', 'return']",0
Emily.mp4,Emily,,,
Emily.mp4,Emily,,None,0
Eric.mp4,Eric,,,
Eric.mp4,Eric,brad,"['b', 'r', 'a', 'd', 'left']",0
Ethan.mp4,Ethan,,,
Ethan.mp4,Ethan,frankk,"['f', 'r', 'a', 'n', 'k', 'k']",0
Grace.mp4,Grace,,,
Grace.mp4,Grace,,None,0
Haley.mp4,Haley,,,
Haley.mp4,Haley,ve,"['v', 'e', 'r', 'e', 'n', 'a', 'backspace', 'backspace', 'backspace', 'backspace']",0
Hannah.mp4,Hannah,,,
Hannah.mp4,Hannah,abigal,"['a', 'b', 'i', 'g', 'a', 'l', 'return', 'lcommand']",0
Heather.mp4,Heather,,,
Heather.mp4,Heather,abigal,"['a', 'b', 'i', 'g', 'a', 'l']",0
Jacob.mp4,Jacob,,,
Jacob.mp4,Jacob,,None,0
Jason.mp4,Jason,,,
Jason.mp4,Jason,,"['bracketright', 'bracketright', 'bracketright', 'bracketleft', 'period', 'period']",0
Jenna.mp4,Jenna,,,
Jenna.mp4,Jenna,jenna,"['j', 'e', 'n', 'n', 'a', 'return']",1
Jeremy.mp4,Jeremy,,,
Jeremy.mp4,Jeremy,,None,0
Jessica.mp4,Jessica,,,
Jessica.mp4,Jessica,skylar,"['s', 'k', 'y', 'l', 'a', 'r']",0
Josh.mp4,Josh,,,
Josh.mp4,Josh,,None,0
Julia.mp4,Julia,,,
Julia.mp4,Julia,,None,0
Justin.mp4,Justin,,,
Justin.mp4,Justin,aaron ,"['a', 'a', 'roption', 'r', 'o', 'n', 'return', 'return', 'space', 'm', 'backspace']",0
Katie.mp4,Katie,,,
Katie.mp4,Katie,taylor,"['t', 'a', 'y', 'l', 'o', 'r']",0
Kayla.mp4,Kayla,,,
Kayla.mp4,Kayla,ma,"['m', 'a']",0
Kelsey.mp4,Kelsey,,,
Kelsey.mp4,Kelsey,,None,0
Kevin.mp4,Kevin,,,
Kevin.mp4,Kevin,noah,"['n', 'o', 'a', 'h']",0
Kyle.mp4,Kyle,,,
Kyle.mp4,Kyle,jonathon,"['j', 'o', 'n', 'a', 't', 'h', 'o', 'n']",0
Lauren.mp4,Lauren,,,
Lauren.mp4,Lauren,cortney,"['c', 'o', 'r', 't', 'n', 'e', 'e', 'backspace', 'y']",0
Mark.mp4,Mark,,,
Mark.mp4,Mark,mark,"['m', 'a', 'r', 'k']",1
Matthew.mp4,Matthew,,,
Matthew.mp4,Matthew,max,"['m', 'a', 'x', '2', 'backspace']",0
Megan.mp4,Megan,,,
Megan.mp4,Megan,abigal2,"['a', 'b', 'i', 'g', 'a', 'l', '2']",0
Michael.mp4,Michael,,,
Michael.mp4,Michael,mathew,"['m', 'a', 't', 'h', 'e', 'w']",0
Michelle.mp4,Michelle,,,
Michelle.mp4,Michelle,,None,0
Natalie.mp4,Natalie,,,
Natalie.mp4,Natalie,natalie,"['n', 'a', 't', 'a', 'l', 'i', 'w', 'backspace', 'e']",1
Nathan.mp4,Nathan,,,
Nathan.mp4,Nathan,and,"['a', 'n', 'd']",0
Nicole.mp4,Nicole,,,
Nicole.mp4,Nicole,,"['2', '1', '1', 'backspace', '2', 'backspace', 'backspace', 'backspace', 'backspace']",0
Noah.mp4,Noah,,,
Noah.mp4,Noah,noah,"['n', 'o', 'a', 'h']",1
Olivia.mp4,Olivia,,,
Olivia.mp4,Olivia,stephanie,"['s', 't', 'e', 'p', 'h', 'a', 'n', 'i', 'e']",0
Rachel.mp4,Rachel,,,
Rachel.mp4,Rachel,,None,0
Rebecca.mp4,Rebecca,,,
Rebecca.mp4,Rebecca,abigal,"['a', 'b', 'i', 'g', 'a', 'l']",0
Sarah.mp4,Sarah,,,
Sarah.mp4,Sarah,courtney,"['c', 'o', 'u', 'r', 't', 'n', 'e', 'y', '3', 'backspace']",0
Shelby.mp4,Shelby,,,
Shelby.mp4,Shelby,,None,0
Steven.mp4,Steven,,,
Steven.mp4,Steven,matt,"['m', 'a', 't', 't']",0
Taylor.mp4,Taylor,,,
Taylor.mp4,Taylor,,None,0
Thomas.mp4,Thomas,,,
Thomas.mp4,Thomas,,"['c', 'backspace']",0
Timothy.mp4,Timothy,,,
Timothy.mp4,Timothy,geogr,"['g', 'e', 'o', 'g', 'r']",0
Trevor.mp4,Trevor,,,
Trevor.mp4,Trevor,aaron,"['a', 'a', 'r', 'o', 'n']",0
Tyler.mp4,Tyler,,,
Tyler.mp4,Tyler,,None,0