﻿Video,Name,inputText,key_resp_3.keys,recallRating_GR
Aaron.mp4,Aaron,,,
Aaron.mp4,Aaron,josh,"['j', 'o', 's', 'h']",0
Adam.mp4,Adam,,,
Adam.mp4,Adam,ma,"['m', 'a']",0
Alyssa.mp4,Alyssa,,,
Alyssa.mp4,Alyssa,britn,"['b', 'r', 'i', 't', 'n']",0
Amanda.mp4,Amanda,,,
Amanda.mp4,Amanda,jordan,"['j', 'o', 'r', 'd', 'a', 'n']",0
Andrew.mp4,Andrew,,,
Andrew.mp4,Andrew,michael,"['m', 'i', 'c', 'h', 'a', 'e', 'l']",0
Anna.mp4,Anna,,,
Anna.mp4,Anna,anna,"['a', 'n', 'n', 'a']",1
Ashley.mp4,Ashley,,,
Ashley.mp4,Ashley,ashley,"['a', 's', 'h', 'l', 'e', 'y']",1
Bradley.mp4,Bradley,,,
Bradley.mp4,Bradley,matthew,"['m', 'a', 't', 't', 'h', 'e', 'w']",0
Brandon.mp4,Brandon,,,
Brandon.mp4,Brandon,,None,0
Brian.mp4,Brian,,,
Brian.mp4,Brian,michael,"['m', 'i', 'c', 'h', 'a', 'e', 'l']",0
Brianna.mp4,Brianna,,,
Brianna.mp4,Brianna,,None,0
Brittany.mp4,Brittany,,,
Brittany.mp4,Brittany,britney,"['b', 'r', 'i', 't', 'n', 'e', 'y']",1
Caleb.mp4,Caleb,,,
Caleb.mp4,Caleb,zach,"['z', 'a', 'c', 'h']",0
Cody.mp4,Cody,,,
Cody.mp4,Cody,ma,"['m', 'a', 't', 't', 'backspace', 'backspace']",0
Courtney.mp4,Courtney,,,
Courtney.mp4,Courtney,jackie,"['j', 'a', 'c', 'k', 'u', 'i', 'backspace', 'backspace', 'i', 'e']",0
Daniel.mp4,Daniel,,,
Daniel.mp4,Daniel,matthew,"['m', 'backspace', 'm', 'a', 't', 't', 'h', 'e', 'w']",1
Danielle.mp4,Danielle,,,
Danielle.mp4,Danielle,jessica,"['j', 'e', 's', 's', 'i', 'c', 'a']",0
David.mp4,David,,,
David.mp4,David,brett,"['b', 'r', 'e', 't', 't']",0
Dylan.mp4,Dylan,,,
Dylan.mp4,Dylan,mike,"['m', 'i', 'k', 'e']",0
Emily.mp4,Emily,,,
Emily.mp4,Emily,a,['a'],0
Eric.mp4,Eric,,,
Eric.mp4,Eric,kyle,"['m', 'a', 't', 't', 'backspace', 'backspace', 'backspace', 'backspace', 'k', 'y', 'l', 'e']",0
Ethan.mp4,Ethan,,,
Ethan.mp4,Ethan,anthony,"['a', 'n', 't', 'h', 'o', 'n', 'y']",0
Grace.mp4,Grace,,,
Grace.mp4,Grace,,None,0
Haley.mp4,Haley,,,
Haley.mp4,Haley,heather,"['h', 'e', 'a', 't', 'h', 'e', 'r']",0
Hannah.mp4,Hannah,,,
Hannah.mp4,Hannah,jessica,"['j', 'e', 's', 's', 'i', 'c', 'a']",0
Heather.mp4,Heather,,,
Heather.mp4,Heather,heather,"['h', 'e', 'a', 't', 'h', 'e', 'r']",1
Jacob.mp4,Jacob,,,
Jacob.mp4,Jacob,jacob,"['j', 'a', 'c', 'o', 'b']",1
Jason.mp4,Jason,,,
Jason.mp4,Jason,zach,"['z', 'a', 'c', 'h']",0
Jenna.mp4,Jenna,,,
Jenna.mp4,Jenna,jessica,"['j', 'e', 's', 's', 'i', 'c', 'a']",0
Jeremy.mp4,Jeremy,,,
Jeremy.mp4,Jeremy,,None,0
Jessica.mp4,Jessica,,,
Jessica.mp4,Jessica,jessica,"['j', 'e', 's', 's', 'i', 'c', 'a', 'f4']",1
Josh.mp4,Josh,,,
Josh.mp4,Josh,josh,"['j', 'o', 's', 'h']",1
Julia.mp4,Julia,,,
Julia.mp4,Julia,,None,0
Justin.mp4,Justin,,,
Justin.mp4,Justin,joshua,"['j', 'o', 'u', 'backspace', 's', 'h', 'u', 'a']",0
Katie.mp4,Katie,,,
Katie.mp4,Katie,jess,"['j', 'e', 's', 's']",0
Kayla.mp4,Kayla,,,
Kayla.mp4,Kayla,,"['j', 'e', 's', 's', 'backspace', 'backspace', 'backspace', 'backspace']",0
Kelsey.mp4,Kelsey,,,
Kelsey.mp4,Kelsey,astrid,"['a', 's', 't', 'r', 'i', 'd', '1', 'backspace']",0
Kevin.mp4,Kevin,,,
Kevin.mp4,Kevin,gab,"['g', 'a', 'b', 'e', 'backspace']",0
Kyle.mp4,Kyle,,,
Kyle.mp4,Kyle,kyle,"['k', 'y', 'l', 'e']",1
Lauren.mp4,Lauren,,,
Lauren.mp4,Lauren,jac,"['j', 'a', 'c']",0
Mark.mp4,Mark,,,
Mark.mp4,Mark,max,"['m', 'a', 'x']",0
Matthew.mp4,Matthew,,,
Matthew.mp4,Matthew,matthew,"['m', 'a', 't', 't', 'e', 'backspace', 'h', 'e', 'w']",1
Megan.mp4,Megan,,,
Megan.mp4,Megan,heather,"['b', 'r', 'i', 't', 'n', 'backspace', 'backspace', 'backspace', 'backspace', 'backspace', 'h', 'e', 'a', 't', 'h', 'e', 'r']",0
Michael.mp4,Michael,,,
Michael.mp4,Michael,michael,"['m', 'i', 'c', 'h', 'a', 'e', 'l']",1
Michelle.mp4,Michelle,,,
Michelle.mp4,Michelle,michelle,"['m', 'i', 'c', 'h', 'e', 'l', 'l', 'w', 'backspace', 'e']",1
Natalie.mp4,Natalie,,,
Natalie.mp4,Natalie,,None,0
Nathan.mp4,Nathan,,,
Nathan.mp4,Nathan,scott,"['s', 'c', 'o', 't', 't', '6', 'backspace']",0
Nicole.mp4,Nicole,,,
Nicole.mp4,Nicole,a,['a'],0
Noah.mp4,Noah,,,
Noah.mp4,Noah,scott,"['c', 'backspace', 's', 'c', 'o', 't', 't']",0
Olivia.mp4,Olivia,,,
Olivia.mp4,Olivia,ashley,"['a', 's', 'h', 'l', 'e', 'y']",0
Rachel.mp4,Rachel,,,
Rachel.mp4,Rachel,britney,"['b', 'r', 'i', 't', 'n', 'e', 'y']",0
Rebecca.mp4,Rebecca,,,
Rebecca.mp4,Rebecca,sara,"['s', 'a', 'r', 'a']",0
Sarah.mp4,Sarah,,,
Sarah.mp4,Sarah,,None,0
Shelby.mp4,Shelby,,,
Shelby.mp4,Shelby,ashley,"['a', 's', 'h', 'l', 'e', 'y']",0
Steven.mp4,Steven,,,
Steven.mp4,Steven,brett,"['b', 'r', 'a', 'backspace', 'e', 't', 't']",0
Taylor.mp4,Taylor,,,
Taylor.mp4,Taylor,michelle,"['m', 'i', 'c', 'h', 'e', 'l', 'l', 'e']",0
Thomas.mp4,Thomas,,,
Thomas.mp4,Thomas,josh,"['m', 'backspace', 'j', 'o', 's', 'h']",0
Timothy.mp4,Timothy,,,
Timothy.mp4,Timothy,morgan,"['m', 'o', 'r', 'g', 'a', 'n']",0
Trevor.mp4,Trevor,,,
Trevor.mp4,Trevor,cody,"['c', 'o', 'd', 'y']",0
Tyler.mp4,Tyler,,,
Tyler.mp4,Tyler,brendan,"['b', 'e', 'n', 'd', 'backspace', 'backspace', 'backspace', 'r', 'e', 'n', 'd', 'a', 'n']",0