﻿Video,Name,inputText,key_resp_3.keys,recallRating_GR
Aaron.mp4,Aaron,,,
Aaron.mp4,Aaron,,None,0
Adam.mp4,Adam,,,
Adam.mp4,Adam,max,"['m', 'a', 'x', 'return']",0
Alyssa.mp4,Alyssa,,,
Alyssa.mp4,Alyssa,alyssa,"['a', 'l', 'y', 's', 's', 'a']",1
Amanda.mp4,Amanda,,,
Amanda.mp4,Amanda,,None,0
Andrew.mp4,Andrew,,,
Andrew.mp4,Andrew,,None,0
Anna.mp4,Anna,,,
Anna.mp4,Anna,anna,"['a', 'n', 'n', 'a']",1
Ashley.mp4,Ashley,,,
Ashley.mp4,Ashley,ashley,"['a', 's', 'h', 'l', 'e', 'y']",1
Bradley.mp4,Bradley,,,
Bradley.mp4,Bradley,bradley,"['b', 'r', 'a', 'd', 'l', 'e', 'y']",1
Brandon.mp4,Brandon,,,
Brandon.mp4,Brandon,caleb,"['c', 'a', 'l', 'e', 'b']",0
Brian.mp4,Brian,,,
Brian.mp4,Brian,,None,0
Brianna.mp4,Brianna,,,
Brianna.mp4,Brianna,brianna,"['b', 'r', 'i', 'a', 'n', 'n', 'a', 'j', 'backspace']",1
Brittany.mp4,Brittany,,,
Brittany.mp4,Brittany,brittany,"['b', 'r', 'i', 't', 't', 'a', 'n', 'y']",1
Caleb.mp4,Caleb,,,
Caleb.mp4,Caleb,caleb,"['c', 'a', 'l', 'e', 'b']",1
Cody.mp4,Cody,,,
Cody.mp4,Cody,josh,"['j', 'o', 's', 'h']",0
Courtney.mp4,Courtney,,,
Courtney.mp4,Courtney,,"['a', 'c', 'backspace', 'backspace']",0
Daniel.mp4,Daniel,,,
Daniel.mp4,Daniel,,None,0
Danielle.mp4,Danielle,,,
Danielle.mp4,Danielle,sarah,"['s', 'a', 'r', 'a', 'h', 'return']",0
David.mp4,David,,,
David.mp4,David,brandon,"['b', 'r', 'a', 'n', 'd', 'o', 'n']",0
Dylan.mp4,Dylan,,,
Dylan.mp4,Dylan,,None,0
Emily.mp4,Emily,,,
Emily.mp4,Emily,brianna,"['b', 'r', 'i', 'a', 'n', 'n', 'a']",0
Eric.mp4,Eric,,,
Eric.mp4,Eric,,None,0
Ethan.mp4,Ethan,,,
Ethan.mp4,Ethan,max,"['m', 'a', 'x']",0
Grace.mp4,Grace,,,
Grace.mp4,Grace,michell,"['m', 'i', 'c', 'h', 'e', 'l', 'l', 'e', 'backspace']",0
Haley.mp4,Haley,,,
Haley.mp4,Haley,,None,0
Hannah.mp4,Hannah,,,
Hannah.mp4,Hannah,,None,0
Heather.mp4,Heather,,,
Heather.mp4,Heather,,None,0
Jacob.mp4,Jacob,,,
Jacob.mp4,Jacob,josh,"['j', 'backspace', 'd', 'a', 'n', 'i', 'e', 'l', 'backspace', 'backspace', 'backspace', 'backspace', 'backspace', 'backspace', 'j', 'o', 'h', 'backspace', 's', 'h']",0
Jason.mp4,Jason,,,
Jason.mp4,Jason,,None,0
Jenna.mp4,Jenna,,,
Jenna.mp4,Jenna,katie,"['k', 'a', 't', 'i', 'e']",0
Jeremy.mp4,Jeremy,,,
Jeremy.mp4,Jeremy,,None,0
Jessica.mp4,Jessica,,,
Jessica.mp4,Jessica,,None,0
Josh.mp4,Josh,,,
Josh.mp4,Josh,josh,"['j', 'o', 's', 'h']",1
Julia.mp4,Julia,,,
Julia.mp4,Julia,,None,0
Justin.mp4,Justin,,,
Justin.mp4,Justin,,None,0
Katie.mp4,Katie,,,
Katie.mp4,Katie,kayleigh,"['k', 'a', 'y', 'l', 'e', 'i', 'g', 'h']",1
Kayla.mp4,Kayla,,,
Kayla.mp4,Kayla,hannah,"['h', 'a', 'n', 'n', 'a', 'h']",0
Kelsey.mp4,Kelsey,,,
Kelsey.mp4,Kelsey,,None,0
Kevin.mp4,Kevin,,,
Kevin.mp4,Kevin,daniel,"['j', 'o', 's', 'h', 'backspace', 'backspace', 'backspace', 'backspace', 'd', 'a', 'n', 'i', 'e', 'l']",0
Kyle.mp4,Kyle,,,
Kyle.mp4,Kyle,bradley,"['b', 'r', 'a', 'd', 'l', 'e', 'y']",0
Lauren.mp4,Lauren,,,
Lauren.mp4,Lauren,rebecca,"['r', 'e', 'b', 'e', 'c', 'c', 'a']",0
Mark.mp4,Mark,,,
Mark.mp4,Mark,,None,0
Matthew.mp4,Matthew,,,
Matthew.mp4,Matthew,,None,0
Megan.mp4,Megan,,,
Megan.mp4,Megan,brittany,"['b', 'r', 'i', 't', 't', 'a', 'n', 'y']",0
Michael.mp4,Michael,,,
Michael.mp4,Michael,,None,0
Michelle.mp4,Michelle,,,
Michelle.mp4,Michelle,,None,0
Natalie.mp4,Natalie,,,
Natalie.mp4,Natalie,,None,0
Nathan.mp4,Nathan,,,
Nathan.mp4,Nathan,nathan,"['n', 'a', 'h', 'a', 'n', 'backspace', 'backspace', 'backspace', 't', 'h', 'a', 'n']",1
Nicole.mp4,Nicole,,,
Nicole.mp4,Nicole,sarah,"['s', 'a', 'r', 'a', 'h']",0
Noah.mp4,Noah,,,
Noah.mp4,Noah,noah,"['n', 'o', 'a', 'h']",1
Olivia.mp4,Olivia,,,
Olivia.mp4,Olivia,,None,0
Rachel.mp4,Rachel,,,
Rachel.mp4,Rachel,hannah,"['h', 'a', 'n', 'n', 'a', 'h']",0
Rebecca.mp4,Rebecca,,,
Rebecca.mp4,Rebecca,rebecca,"['r', 'e', 'b', 'e', 'c', 'c', 'a']",1
Sarah.mp4,Sarah,,,
Sarah.mp4,Sarah,,None,0
Shelby.mp4,Shelby,,,
Shelby.mp4,Shelby,sarah,"['s', 'a', 'r', 'a', 'h']",0
Steven.mp4,Steven,,,
Steven.mp4,Steven,steven,"['s', 't', 'e', 'v', 'e', 'n']",1
Taylor.mp4,Taylor,,,
Taylor.mp4,Taylor,,None,0
Thomas.mp4,Thomas,,,
Thomas.mp4,Thomas,,None,0
Timothy.mp4,Timothy,,,
Timothy.mp4,Timothy,,None,0
Trevor.mp4,Trevor,,,
Trevor.mp4,Trevor,tyler,"['t', 'y', 'l', 'e', 'r']",0
Tyler.mp4,Tyler,,,
Tyler.mp4,Tyler,tyler,"['t', 'y', 'p', 'backspace', 'l', 'e', 'r']",1