﻿Video,Name,inputText,key_resp_3.keys,recallRating_GR
Aaron.mp4,Aaron,,,
Aaron.mp4,Aaron,erin,"['e', 'r', 'i', 'n']",1
Adam.mp4,Adam,,,
Adam.mp4,Adam,,None,0
Alyssa.mp4,Alyssa,,,
Alyssa.mp4,Alyssa,emily,"['e', 'm', 'i', 'l', 'y']",0
Amanda.mp4,Amanda,,,
Amanda.mp4,Amanda,natalie,"['n', 'a', 't', 'a', 'l', 'i', 'e']",0
Andrew.mp4,Andrew,,,
Andrew.mp4,Andrew,micheal,"['m', 'i', 'c', 'h', 'r', 'backspace', 'e', 'a', 'l']",0
Anna.mp4,Anna,,,
Anna.mp4,Anna,anna,"['a', 'n', 'n', 'a']",1
Ashley.mp4,Ashley,,,
Ashley.mp4,Ashley,ashley,"['a', 's', 'h', 'l', 'e', 'y']",1
Bradley.mp4,Bradley,,,
Bradley.mp4,Bradley,n,"['e', 'r', 'i', 'n', 'backspace', 'backspace', 'backspace', 'backspace', 'backspace', 'n']",0
Brandon.mp4,Brandon,,,
Brandon.mp4,Brandon,jason,"['j', 'a', 's', 'o', 'n']",0
Brian.mp4,Brian,,,
Brian.mp4,Brian,mark,"['m', 'a', 'r', 'k']",0
Brianna.mp4,Brianna,,,
Brianna.mp4,Brianna,emily,"['e', 'm', 'i', 'l', 'y']",0
Brittany.mp4,Brittany,,,
Brittany.mp4,Brittany,brittany,"['b', 'r', 'i', 't', 't', 'a', 'n', 'y']",1
Caleb.mp4,Caleb,,,
Caleb.mp4,Caleb,caleb,"['c', 'a', 'l', 'e', 'b']",1
Cody.mp4,Cody,,,
Cody.mp4,Cody,erin,"['e', 'r', 'i', 'n']",0
Courtney.mp4,Courtney,,,
Courtney.mp4,Courtney,courtney,"['c', 'o', 'u', 'r', 't', 'n', 'e', 'y']",1
Daniel.mp4,Daniel,,,
Daniel.mp4,Daniel,jacob,"['j', 'a', 'c', 'o', 'b']",0
Danielle.mp4,Danielle,,,
Danielle.mp4,Danielle,ericka,"['e', 'r', 'i', 'c', 'k', 'a']",0
David.mp4,David,,,
David.mp4,David,mike,"['m', 'i', 'k', 'e']",0
Dylan.mp4,Dylan,,,
Dylan.mp4,Dylan,,None,0
Emily.mp4,Emily,,,
Emily.mp4,Emily,hannah,"['h', 'a', 'n', 'n', 'a', 'h']",0
Eric.mp4,Eric,,,
Eric.mp4,Eric,micheal,"['m', 'i', 'c', 'h', 'e', 'a', 'l']",0
Ethan.mp4,Ethan,,,
Ethan.mp4,Ethan,erin,"['e', 'r', 'i', 'c', 'backspace', 'n']",0
Grace.mp4,Grace,,,
Grace.mp4,Grace,grace,"['g', 'r', 'a', 'c', 'e']",1
Haley.mp4,Haley,,,
Haley.mp4,Haley,joj,"['j', 'o', 'e', 'l', 'backspace', 'backspace', 'e', 'backspace', 'j']",0
Hannah.mp4,Hannah,,,
Hannah.mp4,Hannah,,None,0
Heather.mp4,Heather,,,
Heather.mp4,Heather,heather,"['h', 'e', 'a', 't', 'h', 'e', 'r']",1
Jacob.mp4,Jacob,,,
Jacob.mp4,Jacob,,None,0
Jason.mp4,Jason,,,
Jason.mp4,Jason,jason,"['c', 'backspace', 'j', 'a', 's', 'o', 'n']",1
Jenna.mp4,Jenna,,,
Jenna.mp4,Jenna,janelle,"['j', 'a', 'n', 'e', 'l', 'l', 'e']",1
Jeremy.mp4,Jeremy,,,
Jeremy.mp4,Jeremy,rick,"['r', 'i', 'c', 'k']",0
Jessica.mp4,Jessica,,,
Jessica.mp4,Jessica,natalie,"['n', 'a', 't', 'a', 'l', 'i', 'e']",0
Josh.mp4,Josh,,,
Josh.mp4,Josh,josh,"['j', 'o', 's', 'h']",1
Julia.mp4,Julia,,,
Julia.mp4,Julia,,None,0
Justin.mp4,Justin,,,
Justin.mp4,Justin,paul,"['p', 'a', 'u', 'l']",0
Katie.mp4,Katie,,,
Katie.mp4,Katie,nicole,"['n', 'i', 'c', 'o', 'l', 'e']",0
Kayla.mp4,Kayla,,,
Kayla.mp4,Kayla,,None,0
Kelsey.mp4,Kelsey,,,
Kelsey.mp4,Kelsey,sara,"['s', 'a', 'r', 'a']",0
Kevin.mp4,Kevin,,,
Kevin.mp4,Kevin,erin,"['e', 'r', 'i', 'n']",0
Kyle.mp4,Kyle,,,
Kyle.mp4,Kyle,roger,"['r', 'o', 'g', 'e', 'r']",0
Lauren.mp4,Lauren,,,
Lauren.mp4,Lauren,emily,"['e', 'm', 'i', 'l', 'y']",0
Mark.mp4,Mark,,,
Mark.mp4,Mark,mark,"['m', 'a', 'r', 'k']",1
Matthew.mp4,Matthew,,,
Matthew.mp4,Matthew,micheal,"['m', 'i', 'c', 'h', 'e', 'a', 'l']",0
Megan.mp4,Megan,,,
Megan.mp4,Megan,julia,"['j', 'u', 'l', 'i', 'a']",0
Michael.mp4,Michael,,,
Michael.mp4,Michael,,None,0
Michelle.mp4,Michelle,,,
Michelle.mp4,Michelle,michelle,"['m', 'i', 'c', 'h', 'e', 'l', 'l', 'e']",1
Natalie.mp4,Natalie,,,
Natalie.mp4,Natalie,,None,0
Nathan.mp4,Nathan,,,
Nathan.mp4,Nathan,nathan,"['t', 'h', 'o', 'm', 'a', 's', 'backspace', 'backspace', 'backspace', 'backspace', 'backspace', 'backspace', 'n', 'a', 't', 'h', 'a', 'n']",1
Nicole.mp4,Nicole,,,
Nicole.mp4,Nicole,,None,0
Noah.mp4,Noah,,,
Noah.mp4,Noah,,"['t', 'h', 'o', 'm', 'a', 's', 'backspace', 'backspace', 'backspace', 'backspace', 'backspace', 'backspace']",0
Olivia.mp4,Olivia,,,
Olivia.mp4,Olivia,olivia,"['o', 'l', 'i', 'v', 'i', 'a']",1
Rachel.mp4,Rachel,,,
Rachel.mp4,Rachel,sopho,"['s', 'o', 'p', 'h', 'backspace', 'backspace', 'p', 'h', 'o', 'i', 'a', 'backspace', 'backspace']",0
Rebecca.mp4,Rebecca,,,
Rebecca.mp4,Rebecca,em,"['e', 'm', 'i', 'backspace', 'm', 'a', 'backspace', 'i', 'backspace', 'backspace']",0
Sarah.mp4,Sarah,,,
Sarah.mp4,Sarah,anna,"['a', 'n', 'n', 'a']",0
Shelby.mp4,Shelby,,,
Shelby.mp4,Shelby,shelby,"['s', 'h', 'e', 'l', 'b', 'y']",1
Steven.mp4,Steven,,,
Steven.mp4,Steven,erin,"['e', 'r', 'i', 'n']",0
Taylor.mp4,Taylor,,,
Taylor.mp4,Taylor,taylor,"['t', 'a', 'y', 'l', 'o', 'r']",1
Thomas.mp4,Thomas,,,
Thomas.mp4,Thomas,thomas,"['t', 'h', 'o', 'm', 'a', 's']",1
Timothy.mp4,Timothy,,,
Timothy.mp4,Timothy,erik,"['e', 'r', 'i', 'c', 'k', 'backspace', 'backspace', 'k']",0
Trevor.mp4,Trevor,,,
Trevor.mp4,Trevor,simon,"['s', 'i', 'm', 'o', 'n']",0
Tyler.mp4,Tyler,,,
Tyler.mp4,Tyler,paul,"['p', 'a', 'u', 'l']",0