﻿Video,Name,inputText,key_resp_3.keys,recallRating_GR
Aaron.mp4,Aaron,,,
Aaron.mp4,Aaron,,None,0
Adam.mp4,Adam,,,
Adam.mp4,Adam,eric,"['e', 'r', 'i', 'c']",0
Alyssa.mp4,Alyssa,,,
Alyssa.mp4,Alyssa,,None,0
Amanda.mp4,Amanda,,,
Amanda.mp4,Amanda,,None,0
Andrew.mp4,Andrew,,,
Andrew.mp4,Andrew,,None,0
Anna.mp4,Anna,,,
Anna.mp4,Anna,ana,"['a', 'n', 'a']",1
Ashley.mp4,Ashley,,,
Ashley.mp4,Ashley,hailey,"['h', 'a', 'i', 'l', 'e', 'y']",0
Bradley.mp4,Bradley,,,
Bradley.mp4,Bradley,bradley,"['b', 'r', 'a', 'd', 'l', 'e', 'y']",1
Brandon.mp4,Brandon,,,
Brandon.mp4,Brandon,,None,0
Brian.mp4,Brian,,,
Brian.mp4,Brian,brian,"['b', 'r', 'i', 'a', 'n']",1
Brianna.mp4,Brianna,,,
Brianna.mp4,Brianna,,None,0
Brittany.mp4,Brittany,,,
Brittany.mp4,Brittany,,None,0
Caleb.mp4,Caleb,,,
Caleb.mp4,Caleb,andrew,"['a', 'n', 'd', 'r', 'e', 'w']",0
Cody.mp4,Cody,,,
Cody.mp4,Cody,trevor,"['t', 'r', 'e', 'v', 'o', 'r']",0
Courtney.mp4,Courtney,,,
Courtney.mp4,Courtney,courtney,"['c', 'o', 'u', 'r', 't', 'n', 'e', 'y']",1
Daniel.mp4,Daniel,,,
Daniel.mp4,Daniel,,None,0
Danielle.mp4,Danielle,,,
Danielle.mp4,Danielle,sarah,"['s', 'a', 'r', 'a', 'h']",0
David.mp4,David,,,
David.mp4,David,david,"['d', 'a', 'v', 'i', 'd']",1
Dylan.mp4,Dylan,,,
Dylan.mp4,Dylan,andrew,"['a', 'n', 'd', 'r', 'e', 'w']",0
Emily.mp4,Emily,,,
Emily.mp4,Emily,michelle,"['m', 'i', 'c', 'h', 'e', 'l', 'l', 'e']",0
Eric.mp4,Eric,,,
Eric.mp4,Eric,tom,"['t', 'o', 'm']",0
Ethan.mp4,Ethan,,,
Ethan.mp4,Ethan,lucas,"['l', 'u', 'c', 'a', 's']",0
Grace.mp4,Grace,,,
Grace.mp4,Grace,grace,"['g', 'r', 'a', 'c', 'e']",1
Haley.mp4,Haley,,,
Haley.mp4,Haley,jessica,"['j', 'e', 's', 's', 'i', 'c', 'a']",0
Hannah.mp4,Hannah,,,
Hannah.mp4,Hannah,sarah,"['s', 'a', 'r', 'a', 'h']",0
Heather.mp4,Heather,,,
Heather.mp4,Heather,heather,"['h', 'e', 'a', 't', 'h', 'e', 'r']",1
Jacob.mp4,Jacob,,,
Jacob.mp4,Jacob,jacob,"['j', 'a', 'c', 'o', 'b']",1
Jason.mp4,Jason,,,
Jason.mp4,Jason,,None,0
Jenna.mp4,Jenna,,,
Jenna.mp4,Jenna,sarah,"['s', 'a', 'r', 'a', 'h']",0
Jeremy.mp4,Jeremy,,,
Jeremy.mp4,Jeremy,tre,"['d', 'a', 'v', 'backspace', 'backspace', 'backspace', 't', 'r', 'e']",0
Jessica.mp4,Jessica,,,
Jessica.mp4,Jessica,,None,0
Josh.mp4,Josh,,,
Josh.mp4,Josh,,None,0
Julia.mp4,Julia,,,
Julia.mp4,Julia,sarah ,"['s', 'a', 'r', 'a', 'h', 'space']",0
Justin.mp4,Justin,,,
Justin.mp4,Justin,,None,0
Katie.mp4,Katie,,,
Katie.mp4,Katie,katie,"['k', 'a', 't', 'i', 'e']",1
Kayla.mp4,Kayla,,,
Kayla.mp4,Kayla,rebecca,"['r', 'e', 'b', 'e', 'c', 'c', 'a']",0
Kelsey.mp4,Kelsey,,,
Kelsey.mp4,Kelsey,jessica,"['j', 'e', 's', 's', 'i', 'c', 'a', 'return']",0
Kevin.mp4,Kevin,,,
Kevin.mp4,Kevin,nathan,"['n', 'a', 't', 'h', 'a', 'n']",0
Kyle.mp4,Kyle,,,
Kyle.mp4,Kyle,james,"['j', 'a', 'm', 'e', 's']",0
Lauren.mp4,Lauren,,,
Lauren.mp4,Lauren,lauren,"['l', 'a', 'u', 'r', 'e', 'n']",1
Mark.mp4,Mark,,,
Mark.mp4,Mark,,None,0
Matthew.mp4,Matthew,,,
Matthew.mp4,Matthew,,None,0
Megan.mp4,Megan,,,
Megan.mp4,Megan,,None,0
Michael.mp4,Michael,,,
Michael.mp4,Michael,,None,0
Michelle.mp4,Michelle,,,
Michelle.mp4,Michelle,,None,0
Natalie.mp4,Natalie,,,
Natalie.mp4,Natalie,amy ,"['a', 'm', 'y', 'return', 'space']",0
Nathan.mp4,Nathan,,,
Nathan.mp4,Nathan,jason,"['j', 'a', 's', 'o', 'n']",0
Nicole.mp4,Nicole,,,
Nicole.mp4,Nicole,,None,0
Noah.mp4,Noah,,,
Noah.mp4,Noah,noah,"['n', 'o', 'a', 'h']",1
Olivia.mp4,Olivia,,,
Olivia.mp4,Olivia,,None,0
Rachel.mp4,Rachel,,,
Rachel.mp4,Rachel,,None,0
Rebecca.mp4,Rebecca,,,
Rebecca.mp4,Rebecca,jessica,"['e', 'backspace', 'j', 'e', 's', 's', 'i', 'c', 'a']",0
Sarah.mp4,Sarah,,,
Sarah.mp4,Sarah,taylor,"['t', 'a', 'y', 'l', 'o', 'r']",0
Shelby.mp4,Shelby,,,
Shelby.mp4,Shelby,,None,0
Steven.mp4,Steven,,,
Steven.mp4,Steven,,None,0
Taylor.mp4,Taylor,,,
Taylor.mp4,Taylor,,None,0
Thomas.mp4,Thomas,,,
Thomas.mp4,Thomas,thomas,"['t', 'h', 'o', 'm', 'a', 's']",1
Timothy.mp4,Timothy,,,
Timothy.mp4,Timothy,luke,"['l', 'u', 'k', 'e']",0
Trevor.mp4,Trevor,,,
Trevor.mp4,Trevor,noah,"['n', 'o', 'a', 'h']",0
Tyler.mp4,Tyler,,,
Tyler.mp4,Tyler,,None,0