﻿Video,Name,inputText,key_resp_3.keys,recallRating_GR
Aaron.mp4,Aaron,,,
Aaron.mp4,Aaron,dustin,"['d', 'u', 's', 't', 'i', 'm', 'backspace', 'n']",0
Adam.mp4,Adam,,,
Adam.mp4,Adam,jim,"['j', 'i', 'm']",0
Alyssa.mp4,Alyssa,,,
Alyssa.mp4,Alyssa,grace,"['g', 'r', 'a', 'e', 'backspace', 'c', 'e']",0
Amanda.mp4,Amanda,,,
Amanda.mp4,Amanda,fatima,"['f', 'a', 't', 'i', 'm', 'a']",0
Andrew.mp4,Andrew,,,
Andrew.mp4,Andrew,pete,"['m', 'i', 'backspace', 'backspace', 'p', 'e', 't', 'e']",0
Anna.mp4,Anna,,,
Anna.mp4,Anna,jenny,"['j', 'e', 'n', 'n', 'y']",0
Ashley.mp4,Ashley,,,
Ashley.mp4,Ashley,heather,"['h', 'e', 'a', 't', 'h', 'e', 'r']",0
Bradley.mp4,Bradley,,,
Bradley.mp4,Bradley,,None,0
Brandon.mp4,Brandon,,,
Brandon.mp4,Brandon,aj,"['a', 'backspace', 'a', 'j']",0
Brian.mp4,Brian,,,
Brian.mp4,Brian,andrew,"['a', 'n', 'd', 'r', 'e', 'w']",0
Brianna.mp4,Brianna,,,
Brianna.mp4,Brianna,angela,"['a', 'n', 'g', 'e', 'l', 'a']",0
Brittany.mp4,Brittany,,,
Brittany.mp4,Brittany,brittany,"['b', 'r', 'i', 't', 't', 'a', 'n', 'y']",1
Caleb.mp4,Caleb,,,
Caleb.mp4,Caleb,dylan,"['d', 'l', 'a', 'n', 'backspace', 'backspace', 'backspace', 'y', 'l', 'a', 'n']",0
Cody.mp4,Cody,,,
Cody.mp4,Cody,trent,"['t', 'r', 'e', 'n', 't']",0
Courtney.mp4,Courtney,,,
Courtney.mp4,Courtney,jenn,"['j', 'e', 'n', 'n']",0
Daniel.mp4,Daniel,,,
Daniel.mp4,Daniel,richard,"['r', 'i', 'c', 'h', 'a', 'r', 'd']",0
Danielle.mp4,Danielle,,,
Danielle.mp4,Danielle,cynthia,"['c', 'y', 'n', 't', 'h', 'i', 'a']",0
David.mp4,David,,,
David.mp4,David,david,"['d', 'a', 'v', 'i', 'd']",1
Dylan.mp4,Dylan,,,
Dylan.mp4,Dylan,andy,"['a', 'n', 'd', 'y']",0
Emily.mp4,Emily,,,
Emily.mp4,Emily,emily,"['e', 'm', 'i', 'l', 'y']",1
Eric.mp4,Eric,,,
Eric.mp4,Eric,peter,"['p', 'e', 't', 'e', 'r']",0
Ethan.mp4,Ethan,,,
Ethan.mp4,Ethan,bob,"['b', 'o', 'b']",0
Grace.mp4,Grace,,,
Grace.mp4,Grace,grace,"['g', 'r', 'a', 'c', 'e']",1
Haley.mp4,Haley,,,
Haley.mp4,Haley,hayley,"['h', 'a', 'l', 'e', 'y', 'backspace', 'backspace', 'backspace', 'y', 'l', 'e', 'y']",1
Hannah.mp4,Hannah,,,
Hannah.mp4,Hannah,olivia,"['o', 'l', 'i', 'v', 'i', 'a']",0
Heather.mp4,Heather,,,
Heather.mp4,Heather,leah,"['l', 'e', 'a', 'h']",0
Jacob.mp4,Jacob,,,
Jacob.mp4,Jacob,david,"['d', 'a', 'v', 'i', 'd']",0
Jason.mp4,Jason,,,
Jason.mp4,Jason,bryan,"['b', 'r', 'y', 'a', 'n']",0
Jenna.mp4,Jenna,,,
Jenna.mp4,Jenna,anne,"['a', 'n', 'n', 'e']",0
Jeremy.mp4,Jeremy,,,
Jeremy.mp4,Jeremy,matt,"['m', 'a', 't', 't', 'h', 'e', 'backspace', 'backspace']",0
Jessica.mp4,Jessica,,,
Jessica.mp4,Jessica,amanda,"['a', 'm', 'a', 'n', 'd', 'a', 'return']",0
Josh.mp4,Josh,,,
Josh.mp4,Josh,david,"['d', 'a', 'v', 'i', 'd']",0
Julia.mp4,Julia,,,
Julia.mp4,Julia,dana,"['d', 'a', 'n', 'a']",0
Justin.mp4,Justin,,,
Justin.mp4,Justin,trevor,"['t', 'r', 'e', 'v', 'o', 'r']",0
Katie.mp4,Katie,,,
Katie.mp4,Katie,anna,"['a', 'n', 'n', 'a']",0
Kayla.mp4,Kayla,,,
Kayla.mp4,Kayla,se,"['s', 'e']",0
Kelsey.mp4,Kelsey,,,
Kelsey.mp4,Kelsey,alyssa,"['a', 'l', 'y', 's', 's', 'a']",0
Kevin.mp4,Kevin,,,
Kevin.mp4,Kevin,tom,"['t', 'o', 'm']",0
Kyle.mp4,Kyle,,,
Kyle.mp4,Kyle,andrew,"['a', 'n', 'd', 'r', 'e', 'w']",0
Lauren.mp4,Lauren,,,
Lauren.mp4,Lauren,danica,"['d', 'a', 'n', 'i', 'c', 'a']",0
Mark.mp4,Mark,,,
Mark.mp4,Mark,patrick,"['p', 'a', 't', 'r', 'i', 'c', 'k']",0
Matthew.mp4,Matthew,,,
Matthew.mp4,Matthew,ethan,"['e', 't', 'h', 'a', 'n', 'return', 'space', '1', 'backspace', 'backspace']",0
Megan.mp4,Megan,,,
Megan.mp4,Megan,jean,"['j', 'e', 'a', 'n']",0
Michael.mp4,Michael,,,
Michael.mp4,Michael,michael,"['m', 'i', 'c', 'h', 'a', 'e', 'l']",1
Michelle.mp4,Michelle,,,
Michelle.mp4,Michelle,kailey,"['k', 'a', 'i', 'l', 'e', 'y']",0
Natalie.mp4,Natalie,,,
Natalie.mp4,Natalie,sam,"['s', 'a', 'm']",0
Nathan.mp4,Nathan,,,
Nathan.mp4,Nathan,thomas,"['t', 'h', 'o', 'm', 'a', 's']",0
Nicole.mp4,Nicole,,,
Nicole.mp4,Nicole,,None,0
Noah.mp4,Noah,,,
Noah.mp4,Noah,brett,"['b', 'r', 'e', 't', 't']",0
Olivia.mp4,Olivia,,,
Olivia.mp4,Olivia,kayla,"['k', 'a', 'y', 'l', 'a']",0
Rachel.mp4,Rachel,,,
Rachel.mp4,Rachel,jennifer,"['j', 'e', 'n', 'n', 'i', 'f', 'e', 'r']",0
Rebecca.mp4,Rebecca,,,
Rebecca.mp4,Rebecca,samanatha,"['s', 'a', 'm', 'a', 'n', 'a', 't', 'h', 'a']",0
Sarah.mp4,Sarah,,,
Sarah.mp4,Sarah,jan,"['j', 'a', 'n']",0
Shelby.mp4,Shelby,,,
Shelby.mp4,Shelby,shelby,"['s', 'h', 'e', 'l', 'b', 'y']",1
Steven.mp4,Steven,,,
Steven.mp4,Steven,austin,"['a', 'u', 's', 't', 'i', 'n']",0
Taylor.mp4,Taylor,,,
Taylor.mp4,Taylor,taylor,"['t', 'a', 'y', 'l', 'o', 'r']",1
Thomas.mp4,Thomas,,,
Thomas.mp4,Thomas,justin,"['j', 'u', 's', 't', 'i', 'n']",0
Timothy.mp4,Timothy,,,
Timothy.mp4,Timothy,ethan,"['e', 't', 'h', 'a', 'n']",0
Trevor.mp4,Trevor,,,
Trevor.mp4,Trevor,patrick,"['p', 'a', 't', 'r', 'i', 'c', 'k']",0
Tyler.mp4,Tyler,,,
Tyler.mp4,Tyler,pete,"['p', 'e', 't', 'e']",0