﻿Video,Name,inputText,key_resp_3.keys,recallRating_GR
Aaron.mp4,Aaron,,,
Aaron.mp4,Aaron,,None,0
Adam.mp4,Adam,,,
Adam.mp4,Adam,,None,0
Alyssa.mp4,Alyssa,,,
Alyssa.mp4,Alyssa,,None,0
Amanda.mp4,Amanda,,,
Amanda.mp4,Amanda,,None,0
Andrew.mp4,Andrew,,,
Andrew.mp4,Andrew,Dylan,"['lshift', 'd', 'backspace', 'lshift', 'd', 'y', 'l', 'a', 'n']",0
Anna.mp4,Anna,,,
Anna.mp4,Anna,,None,0
Ashley.mp4,Ashley,,,
Ashley.mp4,Ashley,Heather,"['lshift', 'h', 'e', 'a', 't', 'h', 'e', 'r']",0
Bradley.mp4,Bradley,,,
Bradley.mp4,Bradley,,None,0
Brandon.mp4,Brandon,,,
Brandon.mp4,Brandon,,None,0
Brian.mp4,Brian,,,
Brian.mp4,Brian,Brian,"['lshift', 'b', 'r', 'i', 'a', 'n', 'return']",1
Brianna.mp4,Brianna,,,
Brianna.mp4,Brianna,,None,0
Brittany.mp4,Brittany,,,
Brittany.mp4,Brittany,Hailey,"['lshift', 'h', 'i', 'backspace', 'a', 'i', 'l', 'e', 'y']",0
Caleb.mp4,Caleb,,,
Caleb.mp4,Caleb,,None,0
Cody.mp4,Cody,,,
Cody.mp4,Cody,Cody,"['lshift', 'c', 'd', 'backspace', 'o', 'd', 'y']",1
Courtney.mp4,Courtney,,,
Courtney.mp4,Courtney,,None,0
Daniel.mp4,Daniel,,,
Daniel.mp4,Daniel,,None,0
Danielle.mp4,Danielle,,,
Danielle.mp4,Danielle,,None,0
David.mp4,David,,,
David.mp4,David,,None,0
Dylan.mp4,Dylan,,,
Dylan.mp4,Dylan,Dylan,"['lshift', 'd', 'y', 'l', 'a', 'n']",1
Emily.mp4,Emily,,,
Emily.mp4,Emily,,None,0
Eric.mp4,Eric,,,
Eric.mp4,Eric,,None,0
Ethan.mp4,Ethan,,,
Ethan.mp4,Ethan,Matth,"['m', 'a', 't', 't', 'e', 'w', 'backspace', 'backspace', 'backspace', 'backspace', 'backspace', 'backspace', 'lshift', 'm', 'a', 't', 't', 'h']",0
Grace.mp4,Grace,,,
Grace.mp4,Grace,Grace,"['lshift', 'g', 'r', 'a', 'c', 'e']",1
Haley.mp4,Haley,,,
Haley.mp4,Haley,,None,0
Hannah.mp4,Hannah,,,
Hannah.mp4,Hannah,Julia,"['lshift', 'j', 'u', 'l', 'i', 'a']",0
Heather.mp4,Heather,,,
Heather.mp4,Heather,Heather,"['lshift', 'h', 'e', 'a', 't', 'h', 'e', 'r']",1
Jacob.mp4,Jacob,,,
Jacob.mp4,Jacob,,None,0
Jason.mp4,Jason,,,
Jason.mp4,Jason,Jason,"['lshift', 'j', 'a', 's', 'o', 'n']",1
Jenna.mp4,Jenna,,,
Jenna.mp4,Jenna,,None,0
Jeremy.mp4,Jeremy,,,
Jeremy.mp4,Jeremy,,None,0
Jessica.mp4,Jessica,,,
Jessica.mp4,Jessica,,None,0
Josh.mp4,Josh,,,
Josh.mp4,Josh,,None,0
Julia.mp4,Julia,,,
Julia.mp4,Julia,,None,0
Justin.mp4,Justin,,,
Justin.mp4,Justin,Steven,"['lshift', 's', 't', 'e', 'e', 'backspace', 'v', 'e', 'n', '1', 'backspace']",0
Katie.mp4,Katie,,,
Katie.mp4,Katie,Katie,"['lshift', 'k', 'a', 't', 'i', 'e']",1
Kayla.mp4,Kayla,,,
Kayla.mp4,Kayla,,None,0
Kelsey.mp4,Kelsey,,,
Kelsey.mp4,Kelsey,,None,0
Kevin.mp4,Kevin,,,
Kevin.mp4,Kevin,Kevin,"['lshift', 'k', 'e', 'b', 'i', 'backspace', 'backspace', 'v', 'i', 'n']",1
Kyle.mp4,Kyle,,,
Kyle.mp4,Kyle,,None,0
Lauren.mp4,Lauren,,,
Lauren.mp4,Lauren,Lauren,"['lshift', 'l', 'u', 'a', 'backspace', 'backspace', 'a', 'u', 'r', 'e', 'n']",1
Mark.mp4,Mark,,,
Mark.mp4,Mark,,None,0
Matthew.mp4,Matthew,,,
Matthew.mp4,Matthew,,None,0
Megan.mp4,Megan,,,
Megan.mp4,Megan,,"['lshift', 'h', 'e', 'a', 'backspace', 'backspace', 'backspace']",0
Michael.mp4,Michael,,,
Michael.mp4,Michael,,None,0
Michelle.mp4,Michelle,,,
Michelle.mp4,Michelle,,"['lshift', 'n', 'a', 't', 'a', 's', 'a', 'backspace', 'h', 'a', 'backspace', 'backspace', 'backspace', 'backspace', 'backspace', 'backspace', 'backspace']",0
Natalie.mp4,Natalie,,,
Natalie.mp4,Natalie,,None,0
Nathan.mp4,Nathan,,,
Nathan.mp4,Nathan,,None,0
Nicole.mp4,Nicole,,,
Nicole.mp4,Nicole,Bethany,"['lshift', 'b', 'e', 't', 'h', 'a', 'n', 'y']",0
Noah.mp4,Noah,,,
Noah.mp4,Noah,,None,0
Olivia.mp4,Olivia,,,
Olivia.mp4,Olivia,,None,0
Rachel.mp4,Rachel,,,
Rachel.mp4,Rachel,Hailey,"['lshift', 'j', 'backspace', 'lshift', 'h', 'i', 'l', 'backspace', 'backspace', 'a', 'i', 'l', 'e', 'e', 'backspace', 'y']",0
Rebecca.mp4,Rebecca,,,
Rebecca.mp4,Rebecca,Kayla,"['lshift', 'k', 'a', 'y', 'l', 'a']",0
Sarah.mp4,Sarah,,,
Sarah.mp4,Sarah,,None,0
Shelby.mp4,Shelby,,,
Shelby.mp4,Shelby,,None,0
Steven.mp4,Steven,,,
Steven.mp4,Steven,,None,0
Taylor.mp4,Taylor,,,
Taylor.mp4,Taylor,Taylor,"['lshift', 't', 'a', 'l', 'backspace', 'y', 'l', 'o', 'r']",1
Thomas.mp4,Thomas,,,
Thomas.mp4,Thomas,,None,0
Timothy.mp4,Timothy,,,
Timothy.mp4,Timothy,,None,0
Trevor.mp4,Trevor,,,
Trevor.mp4,Trevor,,None,0
Tyler.mp4,Tyler,,,
Tyler.mp4,Tyler,,None,0