﻿Video,Name,inputText,key_resp_3.keys,recallRating_GR
Aaron.mp4,Aaron,,,
Aaron.mp4,Aaron,,None,0
Adam.mp4,Adam,,,
Adam.mp4,Adam,,None,0
Alyssa.mp4,Alyssa,,,
Alyssa.mp4,Alyssa,,None,0
Amanda.mp4,Amanda,,,
Amanda.mp4,Amanda,,None,0
Andrew.mp4,Andrew,,,
Andrew.mp4,Andrew,eason,"['e', 'a', 's', 'o', 'n']",0
Anna.mp4,Anna,,,
Anna.mp4,Anna,anna,"['a', 'n', 'n', 'a']",1
Ashley.mp4,Ashley,,,
Ashley.mp4,Ashley,,None,0
Bradley.mp4,Bradley,,,
Bradley.mp4,Bradley,,None,0
Brandon.mp4,Brandon,,,
Brandon.mp4,Brandon,,None,0
Brian.mp4,Brian,,,
Brian.mp4,Brian,jason,"['j', 'a', 's', 'o', 'n']",0
Brianna.mp4,Brianna,,,
Brianna.mp4,Brianna,,None,0
Brittany.mp4,Brittany,,,
Brittany.mp4,Brittany,,None,0
Caleb.mp4,Caleb,,,
Caleb.mp4,Caleb,,None,0
Cody.mp4,Cody,,,
Cody.mp4,Cody,,None,0
Courtney.mp4,Courtney,,,
Courtney.mp4,Courtney,,None,0
Daniel.mp4,Daniel,,,
Daniel.mp4,Daniel,,None,0
Danielle.mp4,Danielle,,,
Danielle.mp4,Danielle,sarah,"['s', 'a', 'r', 'a', 'h']",0
David.mp4,David,,,
David.mp4,David,,None,0
Dylan.mp4,Dylan,,,
Dylan.mp4,Dylan,dylan,"['d', 'y', 'l', 'a', 'n']",1
Emily.mp4,Emily,,,
Emily.mp4,Emily,emily,"['e', 'm', 'i', 'l', 'y']",1
Eric.mp4,Eric,,,
Eric.mp4,Eric,ei,"['capslock', 'e', 'i', 'r', 'c', 'backspace', 'backspace', 'backspace']",1
Ethan.mp4,Ethan,,,
Ethan.mp4,Ethan,tom,"['t', 'o', 'm']",0
Grace.mp4,Grace,,,
Grace.mp4,Grace,grace ,"['g', 'r', 'a', 'c', 'e', 'space']",1
Haley.mp4,Haley,,,
Haley.mp4,Haley,haley,"['h', 'a', 'l', 'e', 'y']",1
Hannah.mp4,Hannah,,,
Hannah.mp4,Hannah,,None,0
Heather.mp4,Heather,,,
Heather.mp4,Heather,,None,0
Jacob.mp4,Jacob,,,
Jacob.mp4,Jacob,jacob,"['j', 'a', 'c', 'o', 'b']",1
Jason.mp4,Jason,,,
Jason.mp4,Jason,,None,0
Jenna.mp4,Jenna,,,
Jenna.mp4,Jenna,,None,0
Jeremy.mp4,Jeremy,,,
Jeremy.mp4,Jeremy,jeremy,"['j', 'e', 'r', 'm', 'e', 'backspace', 'y', 'backspace', 'backspace', 'backspace', 'r', 'e', 'r', 'backspace', 'm', 'y']",1
Jessica.mp4,Jessica,,,
Jessica.mp4,Jessica,,None,0
Josh.mp4,Josh,,,
Josh.mp4,Josh,,None,0
Julia.mp4,Julia,,,
Julia.mp4,Julia,,None,0
Justin.mp4,Justin,,,
Justin.mp4,Justin,frank,"['f', 'r', 'a', 'n', 'k']",0
Katie.mp4,Katie,,,
Katie.mp4,Katie,katie,"['k', 'a', 'i', 'e', 'backspace', 'backspace', 't', 'i', 'e']",1
Kayla.mp4,Kayla,,,
Kayla.mp4,Kayla,cortne,"['c', 'o', 'r', 't', 'n', 'e']",0
Kelsey.mp4,Kelsey,,,
Kelsey.mp4,Kelsey,danielle,"['d', 'a', 'n', 'i', 'e', 'e', 'l', 'e', 'backspace', 'backspace', 'backspace', 'l', 'l', 'e']",0
Kevin.mp4,Kevin,,,
Kevin.mp4,Kevin,,None,0
Kyle.mp4,Kyle,,,
Kyle.mp4,Kyle,,None,0
Lauren.mp4,Lauren,,,
Lauren.mp4,Lauren,lauren,"['l', 'a', 'u', 'r', 'n', 'backspace', 'e', 'n']",1
Mark.mp4,Mark,,,
Mark.mp4,Mark,mark,"['a', 'r', 'backspace', 'backspace', 'm', 'a', 'r', 'k']",1
Matthew.mp4,Matthew,,,
Matthew.mp4,Matthew,,None,0
Megan.mp4,Megan,,,
Megan.mp4,Megan,,None,0
Michael.mp4,Michael,,,
Michael.mp4,Michael,jason,"['j', 'a', 's', 'o', 'n']",0
Michelle.mp4,Michelle,,,
Michelle.mp4,Michelle,michelle,"['comma', 'i', 'backspace', 'm', 'i', 'c', 'h', 'e', 'e', 'backspace', 'l', 'l', 'e']",1
Natalie.mp4,Natalie,,,
Natalie.mp4,Natalie,,None,0
Nathan.mp4,Nathan,,,
Nathan.mp4,Nathan,,None,0
Nicole.mp4,Nicole,,,
Nicole.mp4,Nicole,,None,0
Noah.mp4,Noah,,,
Noah.mp4,Noah,thomas,"['t', 'h', 'o', 'm', 'a', 's']",0
Olivia.mp4,Olivia,,,
Olivia.mp4,Olivia,olivia,"['o', 'l', 'i', 'v', 'i', 'a']",1
Rachel.mp4,Rachel,,,
Rachel.mp4,Rachel,,None,0
Rebecca.mp4,Rebecca,,,
Rebecca.mp4,Rebecca,,None,0
Sarah.mp4,Sarah,,,
Sarah.mp4,Sarah,,None,0
Shelby.mp4,Shelby,,,
Shelby.mp4,Shelby,nicol,"['n', 'i', 'c', 'o', 'l']",0
Steven.mp4,Steven,,,
Steven.mp4,Steven,heather,"['h', 'e', 'a', 't', 'h', 'e', 'r']",0
Taylor.mp4,Taylor,,,
Taylor.mp4,Taylor,,None,0
Thomas.mp4,Thomas,,,
Thomas.mp4,Thomas,mark,"['m', 'r', 'k', 'backspace', 'backspace', 'a', 'r', 'k']",0
Timothy.mp4,Timothy,,,
Timothy.mp4,Timothy,,None,0
Trevor.mp4,Trevor,,,
Trevor.mp4,Trevor,,None,0
Tyler.mp4,Tyler,,,
Tyler.mp4,Tyler,heather,"['h', 'e', 'a', 't', 'h', 'e', 'r']",0