,Video,Name,recallRating_GR,inputText,key_resp3_fin
55,Aaron.mp4,Aaron,0.0,aaron,1.7687
37,Aaron.mp4,Aaron,,,
28,Adam.mp4,Adam,0.0,,0.0
2,Adam.mp4,Adam,,,
115,Alyssa.mp4,Alyssa,0.0,,0.0
95,Alyssa.mp4,Alyssa,,,
26,Amanda.mp4,Amanda,0.0,,0.0
8,Amanda.mp4,Amanda,,,
114,Andrew.mp4,Andrew,0.0,,0.0
104,Andrew.mp4,Andrew,,,
117,Anna.mp4,Anna,0.0,,0.0
94,Anna.mp4,Anna,,,
50,Ashley.mp4,Ashley,0.0,,0.0
35,Ashley.mp4,Ashley,,,
20,Bradley.mp4,Bradley,0.0,joey,3.5153
6,Bradley.mp4,Bradley,,,
108,Brandon.mp4,Brandon,0.0,,0.0
101,Brandon.mp4,Brandon,,,
107,Brian.mp4,Brian,0.0,,0.0
96,Brian.mp4,Brian,,,
118,Brianna.mp4,Brianna,0.0,,0.0
99,Brianna.mp4,Brianna,,,
47,Brittany.mp4,Brittany,0.0,rachel,6.3338
33,Brittany.mp4,Brittany,,,
113,Caleb.mp4,Caleb,0.0,,0.0
105,Caleb.mp4,Caleb,,,
54,Cody.mp4,Cody,0.0,,0.0
36,Cody.mp4,Cody,,,
78,Courtney.mp4,Courtney,0.0,,0.0
75,Courtney.mp4,Courtney,,,
81,Daniel.mp4,Daniel,0.0,david,6.1837
65,Daniel.mp4,Daniel,,,
23,Danielle.mp4,Danielle,0.0,laura,5.0011
7,Danielle.mp4,Danielle,,,
56,David.mp4,David,0.0,,0.0
42,David.mp4,David,,,
120,Dylan.mp4,Dylan,0.0,,0.0
97,Dylan.mp4,Dylan,,,
112,Emily.mp4,Emily,0.0,,0.0
92,Emily.mp4,Emily,,,
16,Eric.mp4,Eric,0.0,ethan ,6.8671
11,Eric.mp4,Eric,,,
19,Ethan.mp4,Ethan,0.0,ethan,5.8344
14,Ethan.mp4,Ethan,,,
106,Grace.mp4,Grace,0.0,,0.0
93,Grace.mp4,Grace,,,
52,Haley.mp4,Haley,0.0,,0.0
31,Haley.mp4,Haley,,,
27,Hannah.mp4,Hannah,0.0,,0.0
12,Hannah.mp4,Hannah,,,
51,Heather.mp4,Heather,0.0,,0.0
43,Heather.mp4,Heather,,,
90,Jacob.mp4,Jacob,0.0,,0.7022
62,Jacob.mp4,Jacob,,,
116,Jason.mp4,Jason,0.0,,0.0
98,Jason.mp4,Jason,,,
24,Jenna.mp4,Jenna,0.0,,0.0
1,Jenna.mp4,Jenna,,,
60,Jeremy.mp4,Jeremy,0.0,,0.0
44,Jeremy.mp4,Jeremy,,,
21,Jessica.mp4,Jessica,0.0,taylor,2.5022
5,Jessica.mp4,Jessica,,,
46,Josh.mp4,Josh,0.0,josh,3.4351
41,Josh.mp4,Josh,,,
22,Julia.mp4,Julia,0.0,,0.0
9,Julia.mp4,Julia,,,
48,Justin.mp4,Justin,0.0,aaron,5.0837
45,Justin.mp4,Justin,,,
110,Katie.mp4,Katie,0.0,,0.0
100,Katie.mp4,Katie,,,
80,Kayla.mp4,Kayla,0.0,,0.0
73,Kayla.mp4,Kayla,,,
29,Kelsey.mp4,Kelsey,0.0,,0.0
3,Kelsey.mp4,Kelsey,,,
76,Kevin.mp4,Kevin,0.0,,0.0
72,Kevin.mp4,Kevin,,,
25,Kyle.mp4,Kyle,0.0,,0.0
15,Kyle.mp4,Kyle,,,
79,Lauren.mp4,Lauren,0.0,,0.0
74,Lauren.mp4,Lauren,,,
88,Mark.mp4,Mark,0.0,mark,5.1671
71,Mark.mp4,Mark,,,
30,Matthew.mp4,Matthew,0.0,ethan,2.9357
13,Matthew.mp4,Matthew,,,
49,Megan.mp4,Megan,0.0,megan,5.7174
39,Megan.mp4,Megan,,,
111,Michael.mp4,Michael,0.0,,0.0
91,Michael.mp4,Michael,,,
119,Michelle.mp4,Michelle,0.0,,0.0
103,Michelle.mp4,Michelle,,,
17,Natalie.mp4,Natalie,0.0,,0.0
10,Natalie.mp4,Natalie,,,
85,Nathan.mp4,Nathan,0.0,jake,4.9851
61,Nathan.mp4,Nathan,,,
84,Nicole.mp4,Nicole,0.0,,0.0
66,Nicole.mp4,Nicole,,,
87,Noah.mp4,Noah,0.0,,0.0
68,Noah.mp4,Noah,,,
83,Olivia.mp4,Olivia,0.0,sarah,3.0018
67,Olivia.mp4,Olivia,,,
59,Rachel.mp4,Rachel,0.0,,7.9151
34,Rachel.mp4,Rachel,,,
77,Rebecca.mp4,Rebecca,0.0,court,2.602
64,Rebecca.mp4,Rebecca,,,
82,Sarah.mp4,Sarah,0.0,,0.0
63,Sarah.mp4,Sarah,,,
89,Shelby.mp4,Shelby,0.0,,0.0
69,Shelby.mp4,Shelby,,,
57,Steven.mp4,Steven,0.0,,2.9513
38,Steven.mp4,Steven,,,
109,Taylor.mp4,Taylor,0.0,,0.0
102,Taylor.mp4,Taylor,,,
86,Thomas.mp4,Thomas,0.0,jake,3.5846
70,Thomas.mp4,Thomas,,,
18,Timothy.mp4,Timothy,0.0,timothy,2.1185
4,Timothy.mp4,Timothy,,,
53,Trevor.mp4,Trevor,0.0,,5.8983
40,Trevor.mp4,Trevor,,,
58,Tyler.mp4,Tyler,0.0,,0.0
32,Tyler.mp4,Tyler,,,
0,,,,,
121,,,,,
