,Video,Name,recallRating_GR,inputText,key_resp3_fin
1,Aaron.mp4,Aaron,0.0,,0.0
0,Aaron.mp4,Aaron,,,
3,Adam.mp4,Adam,0.0,,0.0
2,Adam.mp4,Adam,,,
5,Alyssa.mp4,Alyssa,0.0,,0.0
4,Alyssa.mp4,Alyssa,,,
7,Amanda.mp4,Amanda,0.0,,0.0
6,Amanda.mp4,Amanda,,,
9,Andrew.mp4,Andrew,0.0,andrew,1.7169999999999999
8,Andrew.mp4,Andrew,,,
11,Anna.mp4,Anna,0.0,anna,0.9853
10,Anna.mp4,Anna,,,
13,Ashley.mp4,Ashley,0.0,,0.0
12,Ashley.mp4,Ashley,,,
15,Bradley.mp4,Bradley,0.0,,0.0
14,Bradley.mp4,Bradley,,,
17,Brandon.mp4,Brandon,0.0,,0.0
16,Brandon.mp4,Brandon,,,
19,Brian.mp4,Brian,0.0,brai,3.3685
18,Brian.mp4,Brian,,,
21,Brianna.mp4,Brianna,0.0,,0.0
20,Brianna.mp4,Brianna,,,
23,Brittany.mp4,Brittany,0.0,jessie,7.5
22,Brittany.mp4,Brittany,,,
25,Caleb.mp4,Caleb,0.0,,0.0
24,Caleb.mp4,Caleb,,,
27,Cody.mp4,Cody,0.0,,0.0
26,Cody.mp4,Cody,,,
29,Courtney.mp4,Courtney,0.0,,0.0
28,Courtney.mp4,Courtney,,,
31,Daniel.mp4,Daniel,0.0,daneil,2.4847
30,Daniel.mp4,Daniel,,,
33,Danielle.mp4,Danielle,0.0,,0.0
32,Danielle.mp4,Danielle,,,
35,David.mp4,David,0.0,,0.0
34,David.mp4,David,,,
37,Dylan.mp4,Dylan,0.0,,0.0
36,Dylan.mp4,Dylan,,,
39,Emily.mp4,Emily,0.0,,0.0
38,Emily.mp4,Emily,,,
41,Eric.mp4,Eric,0.0,,0.0
40,Eric.mp4,Eric,,,
43,Ethan.mp4,Ethan,0.0,,0.0
42,Ethan.mp4,Ethan,,,
45,Grace.mp4,Grace,0.0,,0.0
44,Grace.mp4,Grace,,,
47,Haley.mp4,Haley,0.0,,0.0
46,Haley.mp4,Haley,,,
49,Hannah.mp4,Hannah,0.0,,0.0
48,Hannah.mp4,Hannah,,,
51,Heather.mp4,Heather,0.0,,0.0
50,Heather.mp4,Heather,,,
53,Jacob.mp4,Jacob,0.0,,0.0
52,Jacob.mp4,Jacob,,,
55,Jason.mp4,Jason,0.0,,0.0
54,Jason.mp4,Jason,,,
57,Jenna.mp4,Jenna,0.0,,0.0
56,Jenna.mp4,Jenna,,,
59,Jeremy.mp4,Jeremy,0.0,,0.0
58,Jeremy.mp4,Jeremy,,,
61,Jessica.mp4,Jessica,0.0,,0.0
60,Jessica.mp4,Jessica,,,
63,Josh.mp4,Josh,0.0,,0.0
62,Josh.mp4,Josh,,,
65,Julia.mp4,Julia,0.0,,0.0
64,Julia.mp4,Julia,,,
67,Justin.mp4,Justin,0.0,,0.0
66,Justin.mp4,Justin,,,
69,Katie.mp4,Katie,0.0,,0.0
68,Katie.mp4,Katie,,,
71,Kayla.mp4,Kayla,0.0,,0.0
70,Kayla.mp4,Kayla,,,
73,Kelsey.mp4,Kelsey,0.0,,0.0
72,Kelsey.mp4,Kelsey,,,
75,Kevin.mp4,Kevin,0.0,jacob,4.551
74,Kevin.mp4,Kevin,,,
77,Kyle.mp4,Kyle,0.0,,0.0
76,Kyle.mp4,Kyle,,,
79,Lauren.mp4,Lauren,0.0,,0.0
78,Lauren.mp4,Lauren,,,
81,Mark.mp4,Mark,0.0,mark,0.9848
80,Mark.mp4,Mark,,,
83,Matthew.mp4,Matthew,0.0,,0.0
82,Matthew.mp4,Matthew,,,
85,Megan.mp4,Megan,0.0,,0.0
84,Megan.mp4,Megan,,,
87,Michael.mp4,Michael,0.0,,0.0
86,Michael.mp4,Michael,,,
89,Michelle.mp4,Michelle,0.0,,0.0
88,Michelle.mp4,Michelle,,,
91,Natalie.mp4,Natalie,0.0,,0.0
90,Natalie.mp4,Natalie,,,
93,Nathan.mp4,Nathan,0.0,,0.0
92,Nathan.mp4,Nathan,,,
95,Nicole.mp4,Nicole,0.0,,0.0
94,Nicole.mp4,Nicole,,,
97,Noah.mp4,Noah,0.0,,0.0
96,Noah.mp4,Noah,,,
99,Olivia.mp4,Olivia,0.0,,0.0
98,Olivia.mp4,Olivia,,,
101,Rachel.mp4,Rachel,0.0,,0.0
100,Rachel.mp4,Rachel,,,
103,Rebecca.mp4,Rebecca,0.0,,0.0
102,Rebecca.mp4,Rebecca,,,
105,Sarah.mp4,Sarah,0.0,,0.0
104,Sarah.mp4,Sarah,,,
107,Shelby.mp4,Shelby,0.0,,0.0
106,Shelby.mp4,Shelby,,,
109,Steven.mp4,Steven,0.0,,0.0
108,Steven.mp4,Steven,,,
111,Taylor.mp4,Taylor,0.0,,0.0
110,Taylor.mp4,Taylor,,,
113,Thomas.mp4,Thomas,0.0,,0.0
112,Thomas.mp4,Thomas,,,
115,Timothy.mp4,Timothy,0.0,,0.0
114,Timothy.mp4,Timothy,,,
117,Trevor.mp4,Trevor,0.0,,0.0
116,Trevor.mp4,Trevor,,,
119,Tyler.mp4,Tyler,0.0,,0.0
118,Tyler.mp4,Tyler,,,
120,,,,,
121,,,,,
