,Video,Name,recallRating_GR,inputText,key_resp3_fin
1,Aaron.mp4,Aaron,0.0,,0.0
0,Aaron.mp4,Aaron,,,
3,Adam.mp4,Adam,0.0,,0.0
2,Adam.mp4,Adam,,,
5,Alyssa.mp4,Alyssa,0.0,Lisa,5.7154
4,Alyssa.mp4,Alyssa,,,
7,Amanda.mp4,Amanda,0.0,,0.0
6,Amanda.mp4,Amanda,,,
9,Andrew.mp4,Andrew,0.0,Brian,7.7493
8,Andrew.mp4,Andrew,,,
11,Anna.mp4,Anna,0.0,Anna,1.1340000000000001
10,Anna.mp4,Anna,,,
13,Ashley.mp4,Ashley,0.0,Ashley,4.7151
12,Ashley.mp4,Ashley,,,
15,Bradley.mp4,Bradley,0.0,,0.0
14,Bradley.mp4,Bradley,,,
17,Brandon.mp4,Brandon,0.0,Br,2.0828
16,Brandon.mp4,Brandon,,,
19,Brian.mp4,Brian,0.0,,0.0
18,Brian.mp4,Brian,,,
21,Brianna.mp4,Brianna,0.0,Lisa,2.4169
20,Brianna.mp4,Brianna,,,
23,Brittany.mp4,Brittany,0.0,Betty,1.5673
22,Brittany.mp4,Brittany,,,
25,Caleb.mp4,Caleb,0.0,Brian ,4.7831
24,Caleb.mp4,Caleb,,,
27,Cody.mp4,Cody,0.0,David,3.3834
26,Cody.mp4,Cody,,,
29,Courtney.mp4,Courtney,0.0,Nicole,3.5003
28,Courtney.mp4,Courtney,,,
31,Daniel.mp4,Daniel,0.0,N,7.9318
30,Daniel.mp4,Daniel,,,
33,Danielle.mp4,Danielle,0.0,,0.0
32,Danielle.mp4,Danielle,,,
35,David.mp4,David,0.0,David,1.4831
34,David.mp4,David,,,
37,Dylan.mp4,Dylan,0.0,,0.0
36,Dylan.mp4,Dylan,,,
39,Emily.mp4,Emily,0.0,Grace,2.1505
38,Emily.mp4,Emily,,,
41,Eric.mp4,Eric,0.0,,0.0
40,Eric.mp4,Eric,,,
43,Ethan.mp4,Ethan,0.0,,0.0
42,Ethan.mp4,Ethan,,,
45,Grace.mp4,Grace,0.0,Lisa,5.349
44,Grace.mp4,Grace,,,
47,Haley.mp4,Haley,0.0,S,3.9496
46,Haley.mp4,Haley,,,
49,Hannah.mp4,Hannah,0.0,Jessica,5.6322
48,Hannah.mp4,Hannah,,,
51,Heather.mp4,Heather,0.0,Ashley,4.2329
50,Heather.mp4,Heather,,,
53,Jacob.mp4,Jacob,0.0,Jacob,2.4832
52,Jacob.mp4,Jacob,,,
55,Jason.mp4,Jason,0.0,,0.0
54,Jason.mp4,Jason,,,
57,Jenna.mp4,Jenna,0.0,,0.0
56,Jenna.mp4,Jenna,,,
59,Jeremy.mp4,Jeremy,0.0,K,5.0156
58,Jeremy.mp4,Jeremy,,,
61,Jessica.mp4,Jessica,0.0,Jessica,3.7496
60,Jessica.mp4,Jessica,,,
63,Josh.mp4,Josh,0.0,Jeremy,1.734
62,Josh.mp4,Josh,,,
65,Julia.mp4,Julia,0.0,,0.0
64,Julia.mp4,Julia,,,
67,Justin.mp4,Justin,0.0,,0.0
66,Justin.mp4,Justin,,,
69,Katie.mp4,Katie,0.0,Sar,3.9496
68,Katie.mp4,Katie,,,
71,Kayla.mp4,Kayla,0.0,,0.0
70,Kayla.mp4,Kayla,,,
73,Kelsey.mp4,Kelsey,0.0,Jessica,1.984
72,Kelsey.mp4,Kelsey,,,
75,Kevin.mp4,Kevin,0.0,Kevin,1.3678
74,Kevin.mp4,Kevin,,,
77,Kyle.mp4,Kyle,0.0,,0.0
76,Kyle.mp4,Kyle,,,
79,Lauren.mp4,Lauren,0.0,Sa,2.4167
78,Lauren.mp4,Lauren,,,
81,Mark.mp4,Mark,0.0,Nathan,2.3991
80,Mark.mp4,Mark,,,
83,Matthew.mp4,Matthew,0.0,J,7.2821
82,Matthew.mp4,Matthew,,,
85,Megan.mp4,Megan,0.0,B,7.7483
84,Megan.mp4,Megan,,,
87,Michael.mp4,Michael,0.0,,0.0
86,Michael.mp4,Michael,,,
89,Michelle.mp4,Michelle,0.0,Michelle,2.5166
88,Michelle.mp4,Michelle,,,
91,Natalie.mp4,Natalie,0.0,Jessica,7.148
90,Natalie.mp4,Natalie,,,
93,Nathan.mp4,Nathan,0.0,,4.8325
92,Nathan.mp4,Nathan,,,
95,Nicole.mp4,Nicole,0.0,,0.0
94,Nicole.mp4,Nicole,,,
97,Noah.mp4,Noah,0.0,,0.0
96,Noah.mp4,Noah,,,
99,Olivia.mp4,Olivia,0.0,Nicole,4.9154
98,Olivia.mp4,Olivia,,,
101,Rachel.mp4,Rachel,0.0,Betty,3.1996
100,Rachel.mp4,Rachel,,,
103,Rebecca.mp4,Rebecca,0.0,Reb,2.7154
102,Rebecca.mp4,Rebecca,,,
105,Sarah.mp4,Sarah,0.0,Tin,1.8831
104,Sarah.mp4,Sarah,,,
107,Shelby.mp4,Shelby,0.0,Sarah,2.9505
106,Shelby.mp4,Shelby,,,
109,Steven.mp4,Steven,0.0,Tylan,5.733
108,Steven.mp4,Steven,,,
111,Taylor.mp4,Taylor,0.0,,0.0
110,Taylor.mp4,Taylor,,,
113,Thomas.mp4,Thomas,0.0,Jacob,4.5822
112,Thomas.mp4,Thomas,,,
115,Timothy.mp4,Timothy,0.0,Alex,4.7997
114,Timothy.mp4,Timothy,,,
117,Trevor.mp4,Trevor,0.0,T,5.3159
116,Trevor.mp4,Trevor,,,
119,Tyler.mp4,Tyler,0.0,,0.0
118,Tyler.mp4,Tyler,,,
120,,,,,
121,,,,,
