,Video,Name,recallRating_GR,inputText,key_resp3_fin
1,Aaron.mp4,Aaron,0.0,mathew,1.7014
0,Aaron.mp4,Aaron,,,
3,Adam.mp4,Adam,0.0,kyle,3.7841
2,Adam.mp4,Adam,,,
5,Alyssa.mp4,Alyssa,0.0,stephanie,5.2153
4,Alyssa.mp4,Alyssa,,,
7,Amanda.mp4,Amanda,0.0,,0.0
6,Amanda.mp4,Amanda,,,
9,Andrew.mp4,Andrew,0.0,cody,3.6661
8,Andrew.mp4,Andrew,,,
11,Anna.mp4,Anna,0.0,ann,8.1829
10,Anna.mp4,Anna,,,
13,Ashley.mp4,Ashley,0.0,amanda,6.0148
12,Ashley.mp4,Ashley,,,
15,Bradley.mp4,Bradley,0.0,bradley,1.3352
14,Bradley.mp4,Bradley,,,
17,Brandon.mp4,Brandon,0.0,brandon,8.1171
16,Brandon.mp4,Brandon,,,
19,Brian.mp4,Brian,0.0,timothy,5.7163
18,Brian.mp4,Brian,,,
21,Brianna.mp4,Brianna,0.0,anna,4.4007
20,Brianna.mp4,Brianna,,,
23,Brittany.mp4,Brittany,0.0,brittany,2.7516
22,Brittany.mp4,Brittany,,,
25,Caleb.mp4,Caleb,0.0,,0.0
24,Caleb.mp4,Caleb,,,
27,Cody.mp4,Cody,0.0,,0.0
26,Cody.mp4,Cody,,,
29,Courtney.mp4,Courtney,0.0,courtney,2.1852
28,Courtney.mp4,Courtney,,,
31,Daniel.mp4,Daniel,0.0,trevor,6.9172
30,Daniel.mp4,Daniel,,,
33,Danielle.mp4,Danielle,0.0,sara,8.1842
32,Danielle.mp4,Danielle,,,
35,David.mp4,David,0.0,justin,1.9851
34,David.mp4,David,,,
37,Dylan.mp4,Dylan,0.0,cayle,4.8186
36,Dylan.mp4,Dylan,,,
39,Emily.mp4,Emily,0.0,emily,5.2844
38,Emily.mp4,Emily,,,
41,Eric.mp4,Eric,0.0,nathan,1.785
40,Eric.mp4,Eric,,,
43,Ethan.mp4,Ethan,0.0,tyler,1.7685
42,Ethan.mp4,Ethan,,,
45,Grace.mp4,Grace,0.0,tiffany,6.9171
44,Grace.mp4,Grace,,,
47,Haley.mp4,Haley,0.0,ashley,2.3178
46,Haley.mp4,Haley,,,
49,Hannah.mp4,Hannah,0.0,jessica,4.3177
48,Hannah.mp4,Hannah,,,
51,Heather.mp4,Heather,0.0,amy,4.918
50,Heather.mp4,Heather,,,
53,Jacob.mp4,Jacob,0.0,jacob,1.3346
52,Jacob.mp4,Jacob,,,
55,Jason.mp4,Jason,0.0,michael,2.3674
54,Jason.mp4,Jason,,,
57,Jenna.mp4,Jenna,0.0,jenna,3.1517
56,Jenna.mp4,Jenna,,,
59,Jeremy.mp4,Jeremy,0.0,james,4.5146
58,Jeremy.mp4,Jeremy,,,
61,Jessica.mp4,Jessica,0.0,natalie,2.1351
60,Jessica.mp4,Jessica,,,
63,Josh.mp4,Josh,0.0,josh,1.4013
62,Josh.mp4,Josh,,,
65,Julia.mp4,Julia,0.0,emma,2.6847
64,Julia.mp4,Julia,,,
67,Justin.mp4,Justin,0.0,jeremy,3.9847
66,Justin.mp4,Justin,,,
69,Katie.mp4,Katie,0.0,katie,1.8522
68,Katie.mp4,Katie,,,
71,Kayla.mp4,Kayla,0.0,k,6.8988
70,Kayla.mp4,Kayla,,,
73,Kelsey.mp4,Kelsey,0.0,lily,7.8138
72,Kelsey.mp4,Kelsey,,,
75,Kevin.mp4,Kevin,0.0,,0.0
74,Kevin.mp4,Kevin,,,
77,Kyle.mp4,Kyle,0.0,,0.0
76,Kyle.mp4,Kyle,,,
79,Lauren.mp4,Lauren,0.0,laura,2.2345
78,Lauren.mp4,Lauren,,,
81,Mark.mp4,Mark,0.0,justin,4.6681
80,Mark.mp4,Mark,,,
83,Matthew.mp4,Matthew,0.0,,0.0
82,Matthew.mp4,Matthew,,,
85,Megan.mp4,Megan,0.0,madeleine,2.6509
84,Megan.mp4,Megan,,,
87,Michael.mp4,Michael,0.0,justin,5.0836
86,Michael.mp4,Michael,,,
89,Michelle.mp4,Michelle,0.0,michelle,2.6015
88,Michelle.mp4,Michelle,,,
91,Natalie.mp4,Natalie,0.0,natasha,3.3342
90,Natalie.mp4,Natalie,,,
93,Nathan.mp4,Nathan,0.0,tr,3.9177
92,Nathan.mp4,Nathan,,,
95,Nicole.mp4,Nicole,0.0,shelby,7.867000000000001
94,Nicole.mp4,Nicole,,,
97,Noah.mp4,Noah,0.0,noah,8.5992
96,Noah.mp4,Noah,,,
99,Olivia.mp4,Olivia,0.0,,0.0
98,Olivia.mp4,Olivia,,,
101,Rachel.mp4,Rachel,0.0,megan,2.7344
100,Rachel.mp4,Rachel,,,
103,Rebecca.mp4,Rebecca,0.0,rebecca,1.535
102,Rebecca.mp4,Rebecca,,,
105,Sarah.mp4,Sarah,0.0,ashley,2.2677
104,Sarah.mp4,Sarah,,,
107,Shelby.mp4,Shelby,0.0,melissa,6.9164
106,Shelby.mp4,Shelby,,,
109,Steven.mp4,Steven,0.0,steven,1.0019
108,Steven.mp4,Steven,,,
111,Taylor.mp4,Taylor,0.0,taylor,3.8015
110,Taylor.mp4,Taylor,,,
113,Thomas.mp4,Thomas,0.0,,0.0
112,Thomas.mp4,Thomas,,,
115,Timothy.mp4,Timothy,0.0,,0.0
114,Timothy.mp4,Timothy,,,
117,Trevor.mp4,Trevor,0.0,,5.0333
116,Trevor.mp4,Trevor,,,
119,Tyler.mp4,Tyler,0.0,fred,2.3685
118,Tyler.mp4,Tyler,,,
120,,,,,
121,,,,,
