,Video,Name,inputText,key_resp_3.keys,recallRating_F
0,Aaron2.mp4,Aaron,mike,"['m', 'i', 'k', 'e']",0.0
1,Aaron2.mp4,Aaron,,,
2,Adam4.mp4,Adam,st,"['s', 't']",0.0
3,Adam4.mp4,Adam,,,
4,Alyssa3.mp4,Alyssa,alyssa,"['a', 'l', 'y', 's', 's', 'a', 'return', 'return']",1.0
5,Alyssa3.mp4,Alyssa,,,
6,Amanda3.mp4,Amanda,danielle,"['d', 'a', 'n', 'i', 'e', 'l', 'l', 'e', 'return']",0.0
7,Amanda3.mp4,Amanda,,,
8,Andrew2.mp4,Andrew,andrea,"['a', 'n', 'd', 'r', 'e', 'a', 'return']",0.0
9,Andrew2.mp4,Andrew,,,
10,Anna3.mp4,Anna,anna,"['a', 'n', 'n', 'a', 'return', 'return']",1.0
11,Anna3.mp4,Anna,,,
12,Ashley3.mp4,Ashley,nicole,"['n', 'i', 'c', 'k', 'backspace', 'o', 'l', 'e']",0.0
13,Ashley3.mp4,Ashley,,,
14,Bradley3.mp4,Bradley,bradley,"['b', 'r', 'a', 'd', 'l', 'e', 'y', 'return', 'return']",1.0
15,Bradley3.mp4,Bradley,,,
16,Brandon2.mp4,Brandon,brandon,"['b', 'r', 'a', 'n', 'd', 'o', 'n', 'return']",1.0
17,Brandon2.mp4,Brandon,,,
18,Brian2.mp4,Brian,kyle,"['k', 'y', 'l', 'e', 'return']",0.0
19,Brian2.mp4,Brian,,,
20,Brianna2.mp4,Brianna,lauren,"['l', 'a', 'u', 'r', 'e', 'n', 'return', 'return']",0.0
21,Brianna2.mp4,Brianna,,,
22,Brittany2.mp4,Brittany,brittney,"['b', 'r', 'i', 't', 't', 'n', 'e', 'y', 'return']",1.0
23,Brittany2.mp4,Brittany,,,
24,Caleb5.mp4,Caleb,caleb,"['c', 'a', 'l', 'e', 'b', 'return']",1.0
25,Caleb5.mp4,Caleb,,,
26,Cody2.mp4,Cody,cole,"['c', 'o', 'l', 'e', 'return', 'return', 'return', 'return']",0.0
27,Cody2.mp4,Cody,,,
28,Courtney2.mp4,Courtney,oliv,"['o', 'l', 'i', 'v', 'i', 'a', 'return', 'backspace', 'backspace']",0.0
29,Courtney2.mp4,Courtney,,,
30,Daniel3.mp4,Daniel,tom,"['t', 'o', 'm', 'return']",0.0
31,Daniel3.mp4,Daniel,,,
32,Danielle2.mp4,Danielle,kayla,"['k', 'a', 'y', 'semicolon', 'l', 'a']",0.0
33,Danielle2.mp4,Danielle,,,
34,David2.mp4,David,david,"['d', 'a', 'b', 'backspace', 'v', 'i', 'd']",1.0
35,David2.mp4,David,,,
36,Dylan3.mp4,Dylan,justin,"['j', 'u', 's', 't', 'i', 'n', 'return']",0.0
37,Dylan3.mp4,Dylan,,,
38,Emily5.mp4,Emily,katie,"['k', 'a', 't', 'i', 'e', 'return']",0.0
39,Emily5.mp4,Emily,,,
40,Eric2.mp4,Eric,thomas,"['t', 'h', 'o', 'm', 'a', 's', 'return', 'return']",0.0
41,Eric2.mp4,Eric,,,
42,Ethan2.mp4,Ethan,kyle,"['k', 'y', 'l', 'e', 'backspace', 'backspace', 'backspace', 'y', 'l', 'e']",0.0
43,Ethan2.mp4,Ethan,,,
44,Grace3.mp4,Grace,grace,"['g', 'r', 'a', 'c', 'e', 'return']",1.0
45,Grace3.mp4,Grace,,,
46,Haley2.mp4,Haley,haley,"['h', 'a', 'l', 'e', 'y', 'return']",1.0
47,Haley2.mp4,Haley,,,
48,Hannah2.mp4,Hannah,na,"['n', 'backspace', 'n', 'a']",0.0
49,Hannah2.mp4,Hannah,,,
50,Heather3.mp4,Heather,heather,"['h', 'e', 'a', 't', 'h', 'e', 'r', 'return', 'return']",1.0
51,Heather3.mp4,Heather,,,
52,Jacob3.mp4,Jacob,jacob,"['j', 'a', 'c', 'o', 'b', 'return']",1.0
53,Jacob3.mp4,Jacob,,,
54,Jason4.mp4,Jason,jason,"['j', 'a', 's', 'o', 'n', 'return', 'return', 'return']",1.0
55,Jason4.mp4,Jason,,,
56,Jenna4.mp4,Jenna,jenna,"['j', 'e', 'n', 'n', 'a', 'return', 'return']",1.0
57,Jenna4.mp4,Jenna,,,
58,Jeremy2.mp4,Jeremy,jeremy,"['j', 'e', 'r', 'e', 'm', 'y']",1.0
59,Jeremy2.mp4,Jeremy,,,
60,Jessica2.mp4,Jessica,hannah,"['h', 'a', 'n', 'n', 'a', 'h']",0.0
61,Jessica2.mp4,Jessica,,,
62,Josh3.mp4,Josh,josh,"['j', 'o', 's', 'h', 'return']",1.0
63,Josh3.mp4,Josh,,,
64,Julia2.mp4,Julia,shel,"['t', 'backspace', 's', 'h', 'e', 'l']",0.0
65,Julia2.mp4,Julia,,,
66,Justin2.mp4,Justin,,None,0.0
67,Justin2.mp4,Justin,,,
68,Katie2.mp4,Katie,kati,"['k', 'a', 't', 'i']",1.0
69,Katie2.mp4,Katie,,,
70,Kayla3.mp4,Kayla,kay,"['k', 'a', 'y', 'semicolon', 'a', 'backspace']",1.0
71,Kayla3.mp4,Kayla,,,
72,Kelsey2.mp4,Kelsey,kelsey,"['k', 'e', 'e', 'l', 'backspace', 'backspace', 'l', 's', 'e', 'y', 'return', 'return', 'return', 'return', 'return']",1.0
73,Kelsey2.mp4,Kelsey,,,
74,Kevin2.mp4,Kevin,kevin,"['k', 'e', 'v', 'i', 'n', 'return', 'return', 'return']",1.0
75,Kevin2.mp4,Kevin,,,
76,Kyle3.mp4,Kyle,kyle,"['k', 'y', 'l', 'e']",1.0
77,Kyle3.mp4,Kyle,,,
78,Lauren4.mp4,Lauren,rebecca,"['r', 'e', 'b', 'e', 'c', 'c', 'a', 'return']",0.0
79,Lauren4.mp4,Lauren,,,
80,Mark3.mp4,Mark,thom,"['m', 'i', 'k', 'backspace', 'backspace', 'backspace', 't', 'h', 'o', 'm']",0.0
81,Mark3.mp4,Mark,,,
82,Matthew2.mp4,Matthew,mathew,"['m', 'a', 't', 'h', 'e', 'w']",1.0
83,Matthew2.mp4,Matthew,,,
84,Megan2.mp4,Megan,megan,"['m', 'e', 'g', 'a', 'n', 'return']",1.0
85,Megan2.mp4,Megan,,,
86,Michael2.mp4,Michael,,None,0.0
87,Michael2.mp4,Michael,,,
88,Michelle2.mp4,Michelle,michelle,"['m', 'i', 'c', 'h', 'e', 'l', 'l', 'e', 'return', 'return']",1.0
89,Michelle2.mp4,Michelle,,,
90,Natalie3.mp4,Natalie,jessica,"['j', 'e', 's', 's', 'i', 'c', 'a', 'return']",0.0
91,Natalie3.mp4,Natalie,,,
92,Nathan3.mp4,Nathan,nathan,"['n', 'a', 'backspace', 'backspace', 'capslock', 'n', 'capslock', 'backspace', 'n', 'a', 't', 'h', 'a', 'n', 'return']",1.0
93,Nathan3.mp4,Nathan,,,
94,Nicole2.mp4,Nicole,nicole,"['n', 'i', 'c', 'o', 'l', 'e', 'return', 'return', 'return']",1.0
95,Nicole2.mp4,Nicole,,,
96,Noah2.mp4,Noah,noah,"['n', 'o', 'a', 'h', 'return']",1.0
97,Noah2.mp4,Noah,,,
98,Olivia3.mp4,Olivia,olivia,"['p', 'backspace', 'o', 'l', 'i', 'v', 'i', 'a', 'return']",1.0
99,Olivia3.mp4,Olivia,,,
100,Rachel3.mp4,Rachel,rachel,"['r', 'a', 'c', 'v', 'h', 'backspace', 'backspace', 'h', 'e', 'semicolon', 'l', 'return']",1.0
101,Rachel3.mp4,Rachel,,,
102,Rebecca3.mp4,Rebecca,st,"['s', 't', 'w', 'backspace']",0.0
103,Rebecca3.mp4,Rebecca,,,
104,Sarah2.mp4,Sarah,sara,"['a', 'backspace', 's', 'capslock', 'r', 'backspace', 'a', 'r', 'a', 'return']",1.0
105,Sarah2.mp4,Sarah,,,
106,Shelby2.mp4,Shelby,shelby,"['s', 'h', 'e', 'l', 'b', 'y', 'return']",1.0
107,Shelby2.mp4,Shelby,,,
108,Steven2.mp4,Steven,dylan,"['d', 'y', 'l', 'a', 'n', 'return', 'return']",0.0
109,Steven2.mp4,Steven,,,
110,Taylor4.mp4,Taylor,taylor,"['t', 'lshift', 'y', 'backspace', 'a', 'y', 'l', 'o', 'r', 'return', 'return']",1.0
111,Taylor4.mp4,Taylor,,,
112,Thomas2.mp4,Thomas,cody,"['c', 'o', 'd', 'y', 'return', 'return']",0.0
113,Thomas2.mp4,Thomas,,,
114,Timothy3.mp4,Timothy,timo,"['t', 'backspace', 't', 'i', 'm', 'o']",1.0
115,Timothy3.mp4,Timothy,,,
116,Trevor2.mp4,Trevor,trevor,"['t', 'r', 'e', 'b', 'backspace', 'o', 'backspace', 'v', 'o', 'r', 'return', 'return', 'return']",1.0
117,Trevor2.mp4,Trevor,,,
118,Tyler3.mp4,Tyler,tyler,"['t', 'y', 'l', 'e', 'r', 'return', 'return']",1.0
119,Tyler3.mp4,Tyler,,,
