,Video,Name,inputText,key_resp_3.keys,recallRating_F
0,Aaron2.mp4,Aaron,matthew,"['m', 'a', 't', 'h', 'backspace', 'h', 'backspace', 't', 'h', 'e', 'w']",0.0
1,Aaron2.mp4,Aaron,,,
2,Adam4.mp4,Adam,adam,"['a', 'd', 'a', 'm']",1.0
3,Adam4.mp4,Adam,,,
4,Alyssa3.mp4,Alyssa,melissa,"['m', 'e', 'l', 'i', 's', 's', 'a']",0.0
5,Alyssa3.mp4,Alyssa,,,
6,Amanda3.mp4,Amanda,emily,"['e', 'm', 'i', 'l', 'y']",0.0
7,Amanda3.mp4,Amanda,,,
8,Andrew2.mp4,Andrew,mark,"['m', 'a', 'r', 'k']",0.0
9,Andrew2.mp4,Andrew,,,
10,Anna3.mp4,Anna,anna,"['a', 'n', 'n', 'a']",1.0
11,Anna3.mp4,Anna,,,
12,Ashley3.mp4,Ashley,brianna,"['b', 'r', 'i', 'a', 'n', 'n', 'a']",0.0
13,Ashley3.mp4,Ashley,,,
14,Bradley3.mp4,Bradley,justin,"['j', 'u', 's', 't', 'i', 'n']",0.0
15,Bradley3.mp4,Bradley,,,
16,Brandon2.mp4,Brandon,tyler,"['t', 'y', 'l', 'e', 'r']",0.0
17,Brandon2.mp4,Brandon,,,
18,Brian2.mp4,Brian,josh,"['j', 'o', 's', 'h']",0.0
19,Brian2.mp4,Brian,,,
20,Brianna2.mp4,Brianna,lauren,"['b', 'r', 'i', 'a', 'n', 'a', 'backspace', 'n', 'a', 'backspace', 'backspace', 'backspace', 'backspace', 'backspace', 'backspace', 'backspace', 'l', 'a', 'u', 'r', 'e', 'n']",0.0
21,Brianna2.mp4,Brianna,,,
22,Brittany2.mp4,Brittany,brittany,"['b', 'r', 'i', 't', 't', 'a', 'n', 'y']",1.0
23,Brittany2.mp4,Brittany,,,
24,Caleb5.mp4,Caleb,ethan,"['e', 't', 'h', 'a', 'n']",0.0
25,Caleb5.mp4,Caleb,,,
26,Cody2.mp4,Cody,joa,"['j', 'o', 'lcommand', 'a']",0.0
27,Cody2.mp4,Cody,,,
28,Courtney2.mp4,Courtney,courtney,"['c', 'o', 'u', 'r', 't', 'n', 'e', 'y']",1.0
29,Courtney2.mp4,Courtney,,,
30,Daniel3.mp4,Daniel,daniel,"['d', 'a', 'n', 'i', 'e', 'l']",1.0
31,Daniel3.mp4,Daniel,,,
32,Danielle2.mp4,Danielle,danielle,"['d', 'a', 'n', 'i', 'e', 'l', 'l', 'e']",1.0
33,Danielle2.mp4,Danielle,,,
34,David2.mp4,David,cody,"['b', 'r', 'a', 'd', 'l', 'backspace', 'backspace', 'backspace', 'backspace', 'backspace', 'c', 'o', 'd', 'y']",0.0
35,David2.mp4,David,,,
36,Dylan3.mp4,Dylan,brian,"['b', 'r', 'i', 'a', 'n']",0.0
37,Dylan3.mp4,Dylan,,,
38,Emily5.mp4,Emily,jenna,"['e', 'm', 'i', 'l', 'backspace', 'backspace', 'backspace', 'backspace', 'backspace', 'j', 'e', 'n', 'a', 'backspace', 'n', 'a']",0.0
39,Emily5.mp4,Emily,,,
40,Eric2.mp4,Eric,eric,"['e', 'r', 'i', 'c']",1.0
41,Eric2.mp4,Eric,,,
42,Ethan2.mp4,Ethan,kyle,"['k', 'y', 'l', 'e']",0.0
43,Ethan2.mp4,Ethan,,,
44,Grace3.mp4,Grace,katie,"['k', 'a', 'i', 'backspace', 't', 'i', 'e']",0.0
45,Grace3.mp4,Grace,,,
46,Haley2.mp4,Haley,morgan,"['m', 'o', 'r', 'g', 'a', 'n']",0.0
47,Haley2.mp4,Haley,,,
48,Hannah2.mp4,Hannah,ashley,"['a', 's', 'h', 'l', 'e', 'y']",0.0
49,Hannah2.mp4,Hannah,,,
50,Heather3.mp4,Heather,heather,"['h', 'e', 'a', 't', 'h', 'e', 'r']",1.0
51,Heather3.mp4,Heather,,,
52,Jacob3.mp4,Jacob,aaron,"['b', 'r', 'a', 'n', 'd', 'o', 'n', 'backspace', 'backspace', 'backspace', 'backspace', 'backspace', 'backspace', 'backspace', 'a', 'a', 'r', 'o', 'n']",0.0
53,Jacob3.mp4,Jacob,,,
54,Jason4.mp4,Jason,jacob,"['j', 'a', 'c', 'o', 'b']",0.0
55,Jason4.mp4,Jason,,,
56,Jenna4.mp4,Jenna,courtney,"['h', 'backspace', 'j', 'e', 's', 's', 'i', 'c', 'a', 'backspace', 'backspace', 'backspace', 'backspace', 'backspace', 'backspace', 'backspace', 'c', 'o', 'u', 'r', 't', 'n', 'e', 'y']",0.0
57,Jenna4.mp4,Jenna,,,
58,Jeremy2.mp4,Jeremy,kyle,"['k', 'y', 'l', 'e']",0.0
59,Jeremy2.mp4,Jeremy,,,
60,Jessica2.mp4,Jessica,anna,"['a', 'n', 'n', 'backspace', 'backspace', 'backspace', 'j', 'e', 's', 'backspace', 'backspace', 'backspace', 'a', 'n', 'n', 'a']",0.0
61,Jessica2.mp4,Jessica,,,
62,Josh3.mp4,Josh,justinnnnn,"['j', 'u', 's', 't', 'i', 'n']",0.0
63,Josh3.mp4,Josh,,,
64,Julia2.mp4,Julia,natalie,"['n', 'a', 't', 'a', 'l', 'i', 'e']",0.0
65,Julia2.mp4,Julia,,,
66,Justin2.mp4,Justin,bradley,"['b', 'r', 'a', 'd', 'l', 'e', 'y']",0.0
67,Justin2.mp4,Justin,,,
68,Katie2.mp4,Katie,katie,"['k', 'a', 't', 'i', 'e']",1.0
69,Katie2.mp4,Katie,,,
70,Kayla3.mp4,Kayla,kayla,"['k', 'a', 'y', 'l', 'a']",1.0
71,Kayla3.mp4,Kayla,,,
72,Kelsey2.mp4,Kelsey,kelsey,"['k', 'e', 'l', 's', 'e', 'y']",1.0
73,Kelsey2.mp4,Kelsey,,,
74,Kevin2.mp4,Kevin,timothy,"['t', 'i', 'm', 'o', 't', 'h', 'y']",0.0
75,Kevin2.mp4,Kevin,,,
76,Kyle3.mp4,Kyle,ethan,"['e', 't', 'h', 'a', 'n']",0.0
77,Kyle3.mp4,Kyle,,,
78,Lauren4.mp4,Lauren,jessica,"['j', 'e', 's', 's', 'i', 'c', 'a']",0.0
79,Lauren4.mp4,Lauren,,,
80,Mark3.mp4,Mark,nathan,"['n', 'a', 't', 'h', 'a', 'n']",0.0
81,Mark3.mp4,Mark,,,
82,Matthew2.mp4,Matthew,nathan,"['a', 'a', 'r', 'o', 'n', 'backspace', 'backspace', 'backspace', 'backspace', 'backspace', 'n', 'a', 't', 'h', 'a', 'n']",0.0
83,Matthew2.mp4,Matthew,,,
84,Megan2.mp4,Megan,julia,"['j', 'u', 'l', 'i', 'a']",0.0
85,Megan2.mp4,Megan,,,
86,Michael2.mp4,Michael,caleb,"['c', 'a', 'l', 'e', 'b']",0.0
87,Michael2.mp4,Michael,,,
88,Michelle2.mp4,Michelle,kelsey,"['k', 'e', 'l', 's', 'e', 'y']",0.0
89,Michelle2.mp4,Michelle,,,
90,Natalie3.mp4,Natalie,anna,"['a', 'n', 'n', 'a']",0.0
91,Natalie3.mp4,Natalie,,,
92,Nathan3.mp4,Nathan,matthew,"['m', 'a', 't', 't', 'h', 'e', 'w']",0.0
93,Nathan3.mp4,Nathan,,,
94,Nicole2.mp4,Nicole,nicole,"['n', 'i', 'c', 'o', 'l', 'e']",1.0
95,Nicole2.mp4,Nicole,,,
96,Noah2.mp4,Noah,bradley,"['b', 'r', 'a', 'd', 'l', 'e', 'y']",0.0
97,Noah2.mp4,Noah,,,
98,Olivia3.mp4,Olivia,lauren,"['l', 'a', 'u', 'r', 'e', 'n']",0.0
99,Olivia3.mp4,Olivia,,,
100,Rachel3.mp4,Rachel,hannah,"['h', 'a', 'n', 'n', 'a', 'h']",0.0
101,Rachel3.mp4,Rachel,,,
102,Rebecca3.mp4,Rebecca,rebecca,"['r', 'e', 'b', 'e', 'c', 'c', 'a']",1.0
103,Rebecca3.mp4,Rebecca,,,
104,Sarah2.mp4,Sarah,sarah,"['s', 'a', 'r', 'a', 'h']",1.0
105,Sarah2.mp4,Sarah,,,
106,Shelby2.mp4,Shelby,megan,"['m', 'e', 'g', 'a', 'n']",0.0
107,Shelby2.mp4,Shelby,,,
108,Steven2.mp4,Steven,kyle,"['k', 'y', 'l', 'e']",0.0
109,Steven2.mp4,Steven,,,
110,Taylor4.mp4,Taylor,taylor,"['t', 'a', 'y', 'l', 'o', 'r']",1.0
111,Taylor4.mp4,Taylor,,,
112,Thomas2.mp4,Thomas,thomas,"['h', 'backspace', 't', 'h', 'o', 'm', 'a', 's']",1.0
113,Thomas2.mp4,Thomas,,,
114,Timothy3.mp4,Timothy,steven,"['s', 't', 'e', 'v', 'e', 'n']",0.0
115,Timothy3.mp4,Timothy,,,
116,Trevor2.mp4,Trevor,trevor,"['t', 'r', 'e', 'v', 'o', 'r']",1.0
117,Trevor2.mp4,Trevor,,,
118,Tyler3.mp4,Tyler,andrew,"['a', 'n', 'd', 'r', 'e', 'w']",0.0
119,Tyler3.mp4,Tyler,,,
