,Video,Name,inputText,key_resp_3.keys,recallRating_F
0,Aaron2.mp4,Aaron,Cody,"['lshift', 'c', 'o', 'd', 'y', 'return']",0.0
1,Aaron2.mp4,Aaron,,,
2,Adam4.mp4,Adam,Noah,"['lshift', 'n', 'o', 'a', 'h', 'return']",0.0
3,Adam4.mp4,Adam,,,
4,Alyssa3.mp4,Alyssa,Lauren,"['lshift', 'l', 'a', 'u', 'r', 'a', 'backspace', 'backspace', 'r', 'e', 'n', 'return']",0.0
5,Alyssa3.mp4,Alyssa,,,
6,Amanda3.mp4,Amanda,Olivia,"['lshift', 'o', 'l', 'i', 'v', 'i', 'a']",0.0
7,Amanda3.mp4,Amanda,,,
8,Andrew2.mp4,Andrew,,"['lshift', 'c', 'o', 'd', 'backspace', 'backspace', 'backspace', 'lshift', 'a', 'backspace', 'lshift']",0.0
9,Andrew2.mp4,Andrew,,,
10,Anna3.mp4,Anna,Shelby,"['lshift', 's', 'h', 'e', 'l', 'b', 'y']",0.0
11,Anna3.mp4,Anna,,,
12,Ashley3.mp4,Ashley,Elizabeth,"['lshift', 'e', 'l', 'i', 'z', 'a', 'b', 'backspace', 'backspace', 'backspace', 'backspace', 'backspace', 'l', 'i', 'z', 'a', 't', 'h', 'backspace', 'backspace', 'backspace', 'a', 'b', 'e', 't', 'h']",0.0
13,Ashley3.mp4,Ashley,,,
14,Bradley3.mp4,Bradley,David,"['lshift', 'd', 'a', 'v', 'i', 'd', 'space']",0.0
15,Bradley3.mp4,Bradley,,,
16,Brandon2.mp4,Brandon,Nathan,"['lshift', 'a', 'n', 'backspace', 'backspace', 'lshift', 'n', 'a', 't', 'a', 'backspace', 'h', 'a', 'n']",0.0
17,Brandon2.mp4,Brandon,,,
18,Brian2.mp4,Brian,Brian,"['lshift', 'b', 'r', 'i', 'a', 'n', 'return', 'return']",1.0
19,Brian2.mp4,Brian,,,
20,Brianna2.mp4,Brianna,Brianna,"['lshift', 'b', 'r', 'i', 'a', 'n', 'n', 'a']",1.0
21,Brianna2.mp4,Brianna,,,
22,Brittany2.mp4,Brittany,,"['lshift', 'lshift', 't', 'i', 'f', 'f', 'a', 'backspace', 'backspace', 'backspace', 'backspace', 'backspace', 'backspace', 'lshift']",0.0
23,Brittany2.mp4,Brittany,,,
24,Caleb5.mp4,Caleb,Ethan,"['lshift', 'e', 't', 'h', 'a', 'n', 'return']",0.0
25,Caleb5.mp4,Caleb,,,
26,Cody2.mp4,Cody,Ethan,"['lshift', 'lshift', 'lshift', 'e', 'backspace', 'lshift', 'e', 't', 'h', 'a', 'n', 'return']",0.0
27,Cody2.mp4,Cody,,,
28,Courtney2.mp4,Courtney,Sarah,"['lshift', 's', 'a', 'r', 'a', 'h']",0.0
29,Courtney2.mp4,Courtney,,,
30,Daniel3.mp4,Daniel,Andrew,"['lshift', 'lshift', 'a', 'n', 'd', 'e', 'backspace', 'r', 'e', 'q', 'space', 'backspace', 'w', 'backspace', 'backspace', 'w', 'return']",0.0
31,Daniel3.mp4,Daniel,,,
32,Danielle2.mp4,Danielle,Brianna,"['lshift', 'b', 'r', 'i', 'a', 'n', 'n', 'a', 'return']",0.0
33,Danielle2.mp4,Danielle,,,
34,David2.mp4,David,Andrew,"['lshift', 'a', 'n', 'd', 'r', 'e', 'w']",0.0
35,David2.mp4,David,,,
36,Dylan3.mp4,Dylan,,"['lshift', 't', 'o', 'm', 'backspace', 'backspace', 'i', 'm', 'o', 't', 'h', 'y', 'backspace', 'backspace', 'backspace', 'backspace', 'backspace', 'backspace', 'backspace', 'lshift']",0.0
37,Dylan3.mp4,Dylan,,,
38,Emily5.mp4,Emily,Kayla,"['lshift', 'k', 'a', 'y', 'l', 'a', 'return']",0.0
39,Emily5.mp4,Emily,,,
40,Eric2.mp4,Eric,,"['lshift', 'a', 'r', 'o', 'n', 'backspace', 'backspace', 'backspace', 'a', 'r', 'o', 'n', 'return', 'backspace', 'backspace', 'backspace', 'backspace', 'backspace', 'backspace', 'lshift']",0.0
41,Eric2.mp4,Eric,,,
42,Ethan2.mp4,Ethan,Matthew,"['lshift', 'm', 'a', 't', 't', 'h', 'e', 'w']",0.0
43,Ethan2.mp4,Ethan,,,
44,Grace3.mp4,Grace,Grace,"['lshift', 'o', 'l', 'i', 'backspace', 'backspace', 'backspace', 'lshift', 'e', 'backspace', 'backspace', 'lshift', 'g', 'r', 'a', 'c', 'e', 'return']",1.0
45,Grace3.mp4,Grace,,,
46,Haley2.mp4,Haley,K,"['lshift', 'o', 'backspace', 'lshift', 's', 'a', 'r', 'backspace', 'backspace', 'backspace', 'lshift', 'k']",0.0
47,Haley2.mp4,Haley,,,
48,Hannah2.mp4,Hannah,Meghan,"['lshift', 'm', 'e', 'g', 'h', 'a', 'n', 'return']",0.0
49,Hannah2.mp4,Hannah,,,
50,Heather3.mp4,Heather,Elizabeth,"['lshift', 'e', 'l', 'i', 'z', 'a', 'b', 'e', 't', 'h']",0.0
51,Heather3.mp4,Heather,,,
52,Jacob3.mp4,Jacob,Jason,"['lshift', 'j', 'a', 'c', 'backspace', 's', 'o', 'n']",0.0
53,Jacob3.mp4,Jacob,,,
54,Jason4.mp4,Jason,Mark,"['lshift', 'm', 'a', 'r', 'k']",0.0
55,Jason4.mp4,Jason,,,
56,Jenna4.mp4,Jenna,Hannah,"['lshift', 'h', 'a', 'n', 'n', 'a', 'h']",0.0
57,Jenna4.mp4,Jenna,,,
58,Jeremy2.mp4,Jeremy,Timothy,"['lshift', 't', 'i', 'm', 'o', 'n', 'backspace', 't', 'h', 'y']",0.0
59,Jeremy2.mp4,Jeremy,,,
60,Jessica2.mp4,Jessica,Rach,"['lshift', 'r', 'e', 'b', 'e', 'backspace', 'backspace', 'a', 'backspace', 'backspace', 'a', 'c', 'h', 'e', 'a', 'l', 'backspace', 'backspace', 'a', 'e', 'backspace', 'backspace', 'backspace', 'a', 'e', 'l', 'return', 'backspace', 'backspace', 'backspace']",0.0
61,Jessica2.mp4,Jessica,,,
62,Josh3.mp4,Josh,Jacob,"['lshift', 'j', 'a', 'c', 'o', 'b', 'return']",0.0
63,Josh3.mp4,Josh,,,
64,Julia2.mp4,Julia,H,"['lshift', 'h']",0.0
65,Julia2.mp4,Julia,,,
66,Justin2.mp4,Justin,Thomas,"['lshift', 't', 'h', 'o', 'm', 'a', 's', 'return']",0.0
67,Justin2.mp4,Justin,,,
68,Katie2.mp4,Katie,Taylor,"['lshift', 't', 'a', 'y', 'l', 'o', 'r', 'return']",0.0
69,Katie2.mp4,Katie,,,
70,Kayla3.mp4,Kayla,Courtney,"['lshift', 'c', 'o', 'u', 'r', 't', 'n', 'e', 'y']",0.0
71,Kayla3.mp4,Kayla,,,
72,Kelsey2.mp4,Kelsey,Nicole,"['lshift', 'n', 'i', 'c', 'o', 'l', 'e']",0.0
73,Kelsey2.mp4,Kelsey,,,
74,Kevin2.mp4,Kevin,Cody,"['lshift', 'c', 'o', 'd', 'u', 'backspace', 'y', 'return']",0.0
75,Kevin2.mp4,Kevin,,,
76,Kyle3.mp4,Kyle,Ke,"['lshift', 't', 'h', 'backspace', 'backspace', 'backspace', 'lshift', 't', 'h', 'o', 'backspace', 'backspace', 'backspace', 'backspace', 'lshift', 'k', 'e']",0.0
77,Kyle3.mp4,Kyle,,,
78,Lauren4.mp4,Lauren,Sarah,"['lshift', 's', 'a', 'r', 'a', 'h']",0.0
79,Lauren4.mp4,Lauren,,,
80,Mark3.mp4,Mark,Brandon,"['lshift', 'b', 'r', 'a', 'n', 'd', 'o', 'n']",0.0
81,Mark3.mp4,Mark,,,
82,Matthew2.mp4,Matthew,Aaron,"['lshift', 'a', 'a', 'r', 'o', 'n', 'return']",0.0
83,Matthew2.mp4,Matthew,,,
84,Megan2.mp4,Megan,Olivia,"['lshift', 'o', 'l', 'i', 'v', 'i', 'a', 'return']",0.0
85,Megan2.mp4,Megan,,,
86,Michael2.mp4,Michael,Josh,"['lshift', 'j', 'o', 's', 'h']",0.0
87,Michael2.mp4,Michael,,,
88,Michelle2.mp4,Michelle,Jessica,"['lshift', 'j', 'e', 's', 's', 'i', 'c', 'a', 'space']",0.0
89,Michelle2.mp4,Michelle,,,
90,Natalie3.mp4,Natalie,Natalie,"['lshift', 'n', 'a', 't', 'a', 'l', 'i', 'e', 'return']",1.0
91,Natalie3.mp4,Natalie,,,
92,Nathan3.mp4,Nathan,Brandon,"['lshift', 'b', 'a', 'backspace', 'r', 'a', 'n', 'd', 'o', 'n']",0.0
93,Nathan3.mp4,Nathan,,,
94,Nicole2.mp4,Nicole,Courtney,"['c', 'lshift', 'p', 'i', 'backspace', 'backspace', 'backspace', 'lshift', 'c', 'p', 'u', 'r', 'backspace', 'backspace', 'backspace', 'o', 'u', 'r', 'n', 'backspace', 't', 'n', 'e', 'y', 'return']",0.0
95,Nicole2.mp4,Nicole,,,
96,Noah2.mp4,Noah,Stephen,"['lshift', 's', 't', 'e', 'p', 'h', 'e', 'n', 'space', 'return', 'return']",0.0
97,Noah2.mp4,Noah,,,
98,Olivia3.mp4,Olivia,Ashley,"['a', 's', 'equal', 'backspace', 'backspace', 'lshift', 'a', 's', 'h', 'e', 'l', 'y', 'backspace', 'backspace', 'backspace', 'l', 'e', 'y', 'return']",0.0
99,Olivia3.mp4,Olivia,,,
100,Rachel3.mp4,Rachel,Michelle,"['lshift', 'm', 'i', 'c', 'h', 'e', 'l', 'l', 'e']",0.0
101,Rachel3.mp4,Rachel,,,
102,Rebecca3.mp4,Rebecca,Anna,"['lshift', 'a', 'n', 'n', 'a']",0.0
103,Rebecca3.mp4,Rebecca,,,
104,Sarah2.mp4,Sarah,Rachael,"['lshift', 'lshift', 'r', 'a', 'c', 'h', 'e', 'l', 'backspace', 'backspace', 'a', 'backspace', 'e', 'a', 'l', 'backspace', 'backspace', 'backspace', 'e', 'a', 'backspace', 'backspace', 'a', 'e', 'l']",0.0
105,Sarah2.mp4,Sarah,,,
106,Shelby2.mp4,Shelby,Shelby,"['lshift', 'a', 'backspace', 'lshift', 's', 'h', 'e', 'l', 'b', 'y']",1.0
107,Shelby2.mp4,Shelby,,,
108,Steven2.mp4,Steven,Bradl,"['lshift', 'd', 'a', 'v', 'i', 'd', 'backspace', 'backspace', 'backspace', 'backspace', 'backspace', 'backspace', 'lshift', 'd', 'f', 'backspace', 'backspace', 'lshift', 'b', 'r', 'a', 'd', 'e', 'l', 'backspace', 'backspace', 'l']",0.0
109,Steven2.mp4,Steven,,,
110,Taylor4.mp4,Taylor,Elizabeth,"['lshift', 'e', 'l', 'i', 'z', 'a', 'b', 'e', 't', 'h', 'lcommand']",0.0
111,Taylor4.mp4,Taylor,,,
112,Thomas2.mp4,Thomas,Dylan,"['lshift', 'd', 'y', 'l', 'a', 'n']",0.0
113,Thomas2.mp4,Thomas,,,
114,Timothy3.mp4,Timothy,Justin,"['lshift', 'j', 'u', 's', 't', 'i', 'n', 'return', 'space']",0.0
115,Timothy3.mp4,Timothy,,,
116,Trevor2.mp4,Trevor,Trevor,"['lshift', 't', 'r', 'e', 'v', 'o', 'r']",1.0
117,Trevor2.mp4,Trevor,,,
118,Tyler3.mp4,Tyler,Trevor,"['lshift', 't', 'r', 'e', 'v', 'v', 'backspace', 'o', 'r']",0.0
119,Tyler3.mp4,Tyler,,,
