,Video,Name,inputText,key_resp_3.keys,recallRating_F
0,Aaron2.mp4,Aaron,caleb,"['c', 'a', 'l', 'e', 'b']",0.0
1,Aaron2.mp4,Aaron,,,
2,Adam4.mp4,Adam,adam,"['a', 'd', 'a', 'm']",1.0
3,Adam4.mp4,Adam,,,
4,Alyssa3.mp4,Alyssa,alyssa,"['a', 'l', 'y', 's', 's', 'a']",1.0
5,Alyssa3.mp4,Alyssa,,,
6,Amanda3.mp4,Amanda,amanda,"['a', 'm', 'a', 'n', 'd', 'a']",1.0
7,Amanda3.mp4,Amanda,,,
8,Andrew2.mp4,Andrew,andrew,"['a', 'n', 'd', 'r', 'e', 'w']",1.0
9,Andrew2.mp4,Andrew,,,
10,Anna3.mp4,Anna,ana,"['a', 'n', 'a']",1.0
11,Anna3.mp4,Anna,,,
12,Ashley3.mp4,Ashley,hether,"['h', 'e', 't', 'h', 'e', 'r']",0.0
13,Ashley3.mp4,Ashley,,,
14,Bradley3.mp4,Bradley,jeremy,"['j', 'e', 'r', 'e', 'm', 'y']",0.0
15,Bradley3.mp4,Bradley,,,
16,Brandon2.mp4,Brandon,david,"['d', 'a', 'v', 'i', 'd']",0.0
17,Brandon2.mp4,Brandon,,,
18,Brian2.mp4,Brian,brian,"['b', 'r', 'i', 'a', 'n']",1.0
19,Brian2.mp4,Brian,,,
20,Brianna2.mp4,Brianna,kayla,"['k', 'a', 'y', 'l', 'a']",0.0
21,Brianna2.mp4,Brianna,,,
22,Brittany2.mp4,Brittany,britney,"['b', 'r', 'i', 't', 'n', 'e', 'y']",1.0
23,Brittany2.mp4,Brittany,,,
24,Caleb5.mp4,Caleb,caleb,"['c', 'a', 'l', 'a', 'b', 'backspace', 'backspace', 'e', 'b']",1.0
25,Caleb5.mp4,Caleb,,,
26,Cody2.mp4,Cody,matthew,"['m', 'a', 't', 't', 'h', 'e', 'w']",0.0
27,Cody2.mp4,Cody,,,
28,Courtney2.mp4,Courtney,grace,"['g', 'r', 'a', 'c', 'e']",0.0
29,Courtney2.mp4,Courtney,,,
30,Daniel3.mp4,Daniel,kevin,"['k', 'e', 'v', 'i', 'n']",0.0
31,Daniel3.mp4,Daniel,,,
32,Danielle2.mp4,Danielle,courtney,"['c', 'o', 'u', 'r', 't', 'n', 'e', 'y']",0.0
33,Danielle2.mp4,Danielle,,,
34,David2.mp4,David,mark,"['m', 'a', 'r', 'k']",0.0
35,David2.mp4,David,,,
36,Dylan3.mp4,Dylan,aaron,"['a', 'a', 'r', 'o', 'n']",0.0
37,Dylan3.mp4,Dylan,,,
38,Emily5.mp4,Emily,emily,"['e', 'm', 'i', 'l', 'y']",1.0
39,Emily5.mp4,Emily,,,
40,Eric2.mp4,Eric,david,"['d', 'a', 'v', 'i', 'd']",0.0
41,Eric2.mp4,Eric,,,
42,Ethan2.mp4,Ethan,michael,"['m', 'i', 'c', 'h', 'a', 'e', 'l']",0.0
43,Ethan2.mp4,Ethan,,,
44,Grace3.mp4,Grace,natalie,"['n', 'a', 't', 'a', 'l', 'i', 'e']",0.0
45,Grace3.mp4,Grace,,,
46,Haley2.mp4,Haley,jenna,"['j', 'e', 'n', 'n', 'a']",0.0
47,Haley2.mp4,Haley,,,
48,Hannah2.mp4,Hannah,hannah,"['h', 'a', 'n', 'n', 'a', 'h']",1.0
49,Hannah2.mp4,Hannah,,,
50,Heather3.mp4,Heather,anna,"['a', 'n', 'n', 'a']",0.0
51,Heather3.mp4,Heather,,,
52,Jacob3.mp4,Jacob,jacob,"['j', 'a', 'c', 'o', 'b']",1.0
53,Jacob3.mp4,Jacob,,,
54,Jason4.mp4,Jason,jason,"['j', 'a', 'o', 'backspace', 's', 'o', 'n']",1.0
55,Jason4.mp4,Jason,,,
56,Jenna4.mp4,Jenna,hayley,"['h', 'a', 'y', 'l', 'e', 'y']",0.0
57,Jenna4.mp4,Jenna,,,
58,Jeremy2.mp4,Jeremy,jeremy,"['j', 'e', 'r', 'e', 'm', 'y']",1.0
59,Jeremy2.mp4,Jeremy,,,
60,Jessica2.mp4,Jessica,katie,"['k', 'a', 't', 'i', 'e']",0.0
61,Jessica2.mp4,Jessica,,,
62,Josh3.mp4,Josh,jason,"['j', 'a', 's', 'o', 'n']",0.0
63,Josh3.mp4,Josh,,,
64,Julia2.mp4,Julia,taylor,"['t', 'a', 'y', 'l', 'o', 'r']",0.0
65,Julia2.mp4,Julia,,,
66,Justin2.mp4,Justin,thomas,"['t', 'h', 'o', 'm', 'a', 's']",0.0
67,Justin2.mp4,Justin,,,
68,Katie2.mp4,Katie,,None,0.0
69,Katie2.mp4,Katie,,,
70,Kayla3.mp4,Kayla,jenna,"['j', 'e', 'n', 'n', 'a']",0.0
71,Kayla3.mp4,Kayla,,,
72,Kelsey2.mp4,Kelsey,ashleey,"['a', 's', 'h', 'l', 'e', 'e', 'y']",0.0
73,Kelsey2.mp4,Kelsey,,,
74,Kevin2.mp4,Kevin,kevin,"['k', 'e', 'v', 'i', 'n']",1.0
75,Kevin2.mp4,Kevin,,,
76,Kyle3.mp4,Kyle,dylan,"['d', 'y', 'l', 'a', 'n']",0.0
77,Kyle3.mp4,Kyle,,,
78,Lauren4.mp4,Lauren,megan,"['m', 'e', 'g', 'a', 'n']",0.0
79,Lauren4.mp4,Lauren,,,
80,Mark3.mp4,Mark,cody,"['c', 'o', 'd', 'y']",0.0
81,Mark3.mp4,Mark,,,
82,Matthew2.mp4,Matthew,matthew,"['m', 'a', 't', 't', 'h', 'e', 'w']",1.0
83,Matthew2.mp4,Matthew,,,
84,Megan2.mp4,Megan,grace,"['g', 'r', 'a', 'c', 'e']",0.0
85,Megan2.mp4,Megan,,,
86,Michael2.mp4,Michael,eric,"['e', 'r', 'i', 'c']",0.0
87,Michael2.mp4,Michael,,,
88,Michelle2.mp4,Michelle,olivia,"['o', 'l', 'i', 'v', 'i', 'a']",0.0
89,Michelle2.mp4,Michelle,,,
90,Natalie3.mp4,Natalie,kelsy,"['k', 'e', 'l', 's', 'y']",0.0
91,Natalie3.mp4,Natalie,,,
92,Nathan3.mp4,Nathan,nathan,"['n', 'a', 't', 'h', 'a', 'n']",1.0
93,Nathan3.mp4,Nathan,,,
94,Nicole2.mp4,Nicole,nicole,"['n', 'i', 'c', 'o', 'l', 'e']",1.0
95,Nicole2.mp4,Nicole,,,
96,Noah2.mp4,Noah,noah,"['n', 'o', 'a', 'h']",1.0
97,Noah2.mp4,Noah,,,
98,Olivia3.mp4,Olivia,taylor,"['t', 'a', 'y', 'l', 'o', 'r']",0.0
99,Olivia3.mp4,Olivia,,,
100,Rachel3.mp4,Rachel,rebecca,"['r', 'e', 'b', 'e', 'c', 'c', 'a']",0.0
101,Rachel3.mp4,Rachel,,,
102,Rebecca3.mp4,Rebecca,rebecca,"['r', 'e', 'b', 'e', 'c', 'c', 'a']",1.0
103,Rebecca3.mp4,Rebecca,,,
104,Sarah2.mp4,Sarah,katie,"['k', 'a', 't', 'i', 'e']",0.0
105,Sarah2.mp4,Sarah,,,
106,Shelby2.mp4,Shelby,olivia,"['o', 'l', 'i', 'v', 'i', 'a']",0.0
107,Shelby2.mp4,Shelby,,,
108,Steven2.mp4,Steven,jeremy,"['j', 'e', 'r', 'e', 'm', 'y']",0.0
109,Steven2.mp4,Steven,,,
110,Taylor4.mp4,Taylor,julia,"['j', 'u', 'l', 'i', 'a']",0.0
111,Taylor4.mp4,Taylor,,,
112,Thomas2.mp4,Thomas,eric,"['e', 'r', 'i', 'c']",0.0
113,Thomas2.mp4,Thomas,,,
114,Timothy3.mp4,Timothy,dylan,"['d', 'y', 'l', 'a', 'n']",0.0
115,Timothy3.mp4,Timothy,,,
116,Trevor2.mp4,Trevor,trevor,"['t', 'r', 'e', 'v', 'o', 'r']",1.0
117,Trevor2.mp4,Trevor,,,
118,Tyler3.mp4,Tyler,david,"['d', 'a', 'v', 'i', 'd']",0.0
119,Tyler3.mp4,Tyler,,,
