,Video,Name,inputText,key_resp_3.keys,recallRating_F
0,Aaron2.mp4,Aaron,aaron,"['a', 'a', 'o', 'r', 'backspace', 'backspace', 'r', 'o', 'n']",1.0
1,Aaron2.mp4,Aaron,,,
2,Adam4.mp4,Adam,noah,"['m', 'o', 's', 'h', 'backspace', 'backspace', 'equal', 'equal', 'backspace', 'backspace', 'n', 'o', 'a', 'h']",0.0
3,Adam4.mp4,Adam,,,
4,Alyssa3.mp4,Alyssa,nicole,"['n', 'i', 'c', 'i', 'backslash', 'backspace', 'o', 'l', 'e']",0.0
5,Alyssa3.mp4,Alyssa,,,
6,Amanda3.mp4,Amanda,amanda,"['a', 'm', 'a', 'n', 'd', 'a']",1.0
7,Amanda3.mp4,Amanda,,,
8,Andrew2.mp4,Andrew,johnny,"['j', 'o', 'h', 'n', 'n', 'y']",0.0
9,Andrew2.mp4,Andrew,,,
10,Anna3.mp4,Anna,katie,"['k', 'a', 't', 'i', 'e']",0.0
11,Anna3.mp4,Anna,,,
12,Ashley3.mp4,Ashley,nicole,"['space', 'n', 'c', 'i', 'u', 'backspace', 'backspace', 'backspace', 'i', 'c', 'o', 'l', 'e']",0.0
13,Ashley3.mp4,Ashley,,,
14,Bradley3.mp4,Bradley,micheal,"['m', 'i', 'c', 'c', 'h', 'backspace', 'backspace', 'h', 'e', 'a', 'l']",0.0
15,Bradley3.mp4,Bradley,,,
16,Brandon2.mp4,Brandon,jacob,"['k', 'a', 'c', 'backspace', 'backspace', 'backspace', 'j', 'a', 'c', 'o', 'b']",0.0
17,Brandon2.mp4,Brandon,,,
18,Brian2.mp4,Brian,brian,"['a', 'a', 'backspace', 'backspace', 'b', 'r', 'backspace', 't', 'backspace', 'r', 'a', 'i', 'n', 'backspace', 'backspace', 'backspace', 'i', 'a', 'n']",1.0
19,Brian2.mp4,Brian,,,
20,Brianna2.mp4,Brianna,nocolce,"['n', 'o', 'c', 'o', 'semicolon', 'e', 'backspace', 'l', 'e', 'l', 'backspace', 'backspace', 'c', 'e']",0.0
21,Brianna2.mp4,Brianna,,,
22,Brittany2.mp4,Brittany,racheal,"['lcommand', 'r', 'a', 'c', 'h', 'e', 'a', 'l']",0.0
23,Brittany2.mp4,Brittany,,,
24,Caleb5.mp4,Caleb,ethan,"['e', 'h', 't', 'n', 'backspace', 'backspace', 'backspace', 't', 'h', 'a', 'n']",0.0
25,Caleb5.mp4,Caleb,,,
26,Cody2.mp4,Cody,noah,"['n', 'o', 'a', 'h', 'space']",0.0
27,Cody2.mp4,Cody,,,
28,Courtney2.mp4,Courtney,emily,"['e', 'm', 'i', 'l', 'y']",0.0
29,Courtney2.mp4,Courtney,,,
30,Daniel3.mp4,Daniel,tim,"['t', 'i', 'm']",0.0
31,Daniel3.mp4,Daniel,,,
32,Danielle2.mp4,Danielle,debbie,"['d', 'e', 'b', 'b', 'e', 'backspace', 'i', 'e']",0.0
33,Danielle2.mp4,Danielle,,,
34,David2.mp4,David,adam,"['a', 'd', 'a', 'm']",0.0
35,David2.mp4,David,,,
36,Dylan3.mp4,Dylan,timothy,"['t', 'i', 'm', 'o', 't', 'h', 'y']",0.0
37,Dylan3.mp4,Dylan,,,
38,Emily5.mp4,Emily,emily,"['e', 'm', 'i', 'l', 'y']",1.0
39,Emily5.mp4,Emily,,,
40,Eric2.mp4,Eric,tim,"['t', 'i', 'm']",0.0
41,Eric2.mp4,Eric,,,
42,Ethan2.mp4,Ethan,kevin,"['k', 'e', 'v', 'i', 'n']",0.0
43,Ethan2.mp4,Ethan,,,
44,Grace3.mp4,Grace,grace,"['g', 'r', 'a', 'c', 'e']",1.0
45,Grace3.mp4,Grace,,,
46,Haley2.mp4,Haley,emily,"['e', 'm', 'i', 'l', 't', 'backspace', 'y']",0.0
47,Haley2.mp4,Haley,,,
48,Hannah2.mp4,Hannah,emily,"['e', 'm', 'i', 'y', 'backspace', 'l', 'y']",0.0
49,Hannah2.mp4,Hannah,,,
50,Heather3.mp4,Heather,nicole,"['n', 'i', 'v', 'backspace', 'c', 'o', 'l', 'e']",0.0
51,Heather3.mp4,Heather,,,
52,Jacob3.mp4,Jacob,noah,"['o', 'j', 'backspace', 'backspace', 'n', 'o', 'a', 'h']",0.0
53,Jacob3.mp4,Jacob,,,
54,Jason4.mp4,Jason,brian,"['b', 'r', 'i', 'a', 'm', 'backspace', 'n']",0.0
55,Jason4.mp4,Jason,,,
56,Jenna4.mp4,Jenna,beck,"['b', 'e', 'space', 'c', 'j', 'backspace', 'backspace', 'backspace', 'c', 'k']",0.0
57,Jenna4.mp4,Jenna,,,
58,Jeremy2.mp4,Jeremy,keven,"['k', 'e', 'v', 'e', 'n']",0.0
59,Jeremy2.mp4,Jeremy,,,
60,Jessica2.mp4,Jessica,megan,"['m', 'e', 'g', 'a', 'n', 'space']",0.0
61,Jessica2.mp4,Jessica,,,
62,Josh3.mp4,Josh,chad,"['c', 'h', 'a', 'd', 'return']",0.0
63,Josh3.mp4,Josh,,,
64,Julia2.mp4,Julia,nicole,"['n', 'i', 'c', 'o', 'l', 'e']",0.0
65,Julia2.mp4,Julia,,,
66,Justin2.mp4,Justin,keven,"['k', 'e', 'v', 'e', 'backspace', 'i', 'n', 'backspace', 'backspace', 'e', 'b', 'backspace', 'n']",0.0
67,Justin2.mp4,Justin,,,
68,Katie2.mp4,Katie,nicole,"['n', 'i', 'c', 'o', 'l', 'e']",0.0
69,Katie2.mp4,Katie,,,
70,Kayla3.mp4,Kayla,jessica,"['j', 'e', 'e', 'backspace', 's', 's', 'i', 'c', 'a']",0.0
71,Kayla3.mp4,Kayla,,,
72,Kelsey2.mp4,Kelsey,emily,"['e', 'm', 'i', 'l', 'y', 'return']",0.0
73,Kelsey2.mp4,Kelsey,,,
74,Kevin2.mp4,Kevin,micheal,"['m', 'i', 'c', 'h', 'e', 'a', 'l']",0.0
75,Kevin2.mp4,Kevin,,,
76,Kyle3.mp4,Kyle,kyle,"['a', 'backspace', 'k', 'y', 'l', 'e']",1.0
77,Kyle3.mp4,Kyle,,,
78,Lauren4.mp4,Lauren,katie,"['k', 'a', 't', 'i', 'e']",0.0
79,Lauren4.mp4,Lauren,,,
80,Mark3.mp4,Mark,noah,"['n', 'o', 'a', 'h']",0.0
81,Mark3.mp4,Mark,,,
82,Matthew2.mp4,Matthew,noah,"['n', 'o', 'a', 'h']",0.0
83,Matthew2.mp4,Matthew,,,
84,Megan2.mp4,Megan,megan,"['m', 'e', 'a', 'backspace', 'g', 'a', 'n', 'return']",1.0
85,Megan2.mp4,Megan,,,
86,Michael2.mp4,Michael,mike,"['m', 'i', 'k', 'e', 'return']",1.0
87,Michael2.mp4,Michael,,,
88,Michelle2.mp4,Michelle,katie,"['k', 'a', 't', 'i', 'e']",0.0
89,Michelle2.mp4,Michelle,,,
90,Natalie3.mp4,Natalie,emily,"['e', 'i', 'lctrl', 'backspace', 'm', 'i', 'l', 'y']",0.0
91,Natalie3.mp4,Natalie,,,
92,Nathan3.mp4,Nathan,brian,"['k', 'y', 'l', 'e', 'backspace', 'backspace', 'backspace', 'backspace', 'b', 'r', 'a', 'i', 'n', 'backspace', 'backspace', 'backspace', 'i', 'a', 'n']",0.0
93,Nathan3.mp4,Nathan,,,
94,Nicole2.mp4,Nicole,nicole,"['n', 'u', 'backspace', 'i', 'c', 'o', 'l', 'e']",1.0
95,Nicole2.mp4,Nicole,,,
96,Noah2.mp4,Noah,bradley,"['b', 'r', 'a', 'd', 'l', 'e', 'y']",0.0
97,Noah2.mp4,Noah,,,
98,Olivia3.mp4,Olivia,eglgnor,"['e', 'g', 'l', 'g', 'n', 'o', 't', 'backspace', 'r']",0.0
99,Olivia3.mp4,Olivia,,,
100,Rachel3.mp4,Rachel,,None,0.0
101,Rachel3.mp4,Rachel,,,
102,Rebecca3.mp4,Rebecca,emlil,"['r', 'm', 'i', 'l', 'y', 'u', 'backspace', 'backspace', 'backspace', 'backspace', 'backspace', 'backspace', 'e', 'm', 'l', 'y', 'backspace', 'o', 'backspace', 'i', 'l', 'y', 'backspace']",0.0
103,Rebecca3.mp4,Rebecca,,,
104,Sarah2.mp4,Sarah,ashley,"['a', 's', 'h', 'l', 'e', 'y']",0.0
105,Sarah2.mp4,Sarah,,,
106,Shelby2.mp4,Shelby,shelby,"['s', 'h', 'e', 'd', 'backspace', 'l', 'b', 'y']",1.0
107,Shelby2.mp4,Shelby,,,
108,Steven2.mp4,Steven,jacob,"['j', 'a', 'c', 'o', 'b']",0.0
109,Steven2.mp4,Steven,,,
110,Taylor4.mp4,Taylor,rachel,"['r', 'a', 'c', 'h', 'e', 'l']",0.0
111,Taylor4.mp4,Taylor,,,
112,Thomas2.mp4,Thomas,jason,"['n', 'j', 'backspace', 'backspace', 'j', 'a', 's', 'o', 'n']",0.0
113,Thomas2.mp4,Thomas,,,
114,Timothy3.mp4,Timothy,david,"['d', 'a', 'v', 'i', 'd']",0.0
115,Timothy3.mp4,Timothy,,,
116,Trevor2.mp4,Trevor,dylan,"['d', 'y', 'l', 'a', 'n', 'return']",0.0
117,Trevor2.mp4,Trevor,,,
118,Tyler3.mp4,Tyler,keven,"['j', 'backspace', 'k', 'e', 'v', 'e', 'n']",0.0
119,Tyler3.mp4,Tyler,,,
