,Video,Name,inputText,key_resp_3.keys,recallRating_F
0,Aaron2.mp4,Aaron,noah,"['n', 'o', 'a', 'h']",0.0
1,Aaron2.mp4,Aaron,,,
2,Adam4.mp4,Adam,adam,"['a', 'd', 'a', 'm', 'backslash']",1.0
3,Adam4.mp4,Adam,,,
4,Alyssa3.mp4,Alyssa,melissa,"['m', 'e', 'l', 'i', 's', 's', 'a']",0.0
5,Alyssa3.mp4,Alyssa,,,
6,Amanda3.mp4,Amanda,emily,"['e', 'm', 'i', 'l', 'y']",0.0
7,Amanda3.mp4,Amanda,,,
8,Andrew2.mp4,Andrew,kevin,"['k', 'e', 'v', 'i', 'n']",0.0
9,Andrew2.mp4,Andrew,,,
10,Anna3.mp4,Anna,alysa,"['a', 'l', 'y', 's', 'a']",0.0
11,Anna3.mp4,Anna,,,
12,Ashley3.mp4,Ashley,kelsey,"['k', 'e', 'l', 's', 'e', 'y']",0.0
13,Ashley3.mp4,Ashley,,,
14,Bradley3.mp4,Bradley,ty,"['t', 'l', 'backspace', 'y', 'semicolon']",0.0
15,Bradley3.mp4,Bradley,,,
16,Brandon2.mp4,Brandon,brandon,"['b', 'r', 'a', 'n', 'd', 'o', 'n']",1.0
17,Brandon2.mp4,Brandon,,,
18,Brian2.mp4,Brian,timothy,"['t', 'i', 'comma', 'comma', 'm', 'o', 't', 'h', 'y']",0.0
19,Brian2.mp4,Brian,,,
20,Brianna2.mp4,Brianna,brianna,"['b', 'r', 'i', 'a', 'm', 'm', 'a', 'backspace', 'backspace', 'backspace', 'n', 'n', 'a']",1.0
21,Brianna2.mp4,Brianna,,,
22,Brittany2.mp4,Brittany,britney,"['b', 'r', 'i', 't', 'n', 'e', 'y']",1.0
23,Brittany2.mp4,Brittany,,,
24,Caleb5.mp4,Caleb,kevin,"['k', 'e', 'v', 'i', 'n']",0.0
25,Caleb5.mp4,Caleb,,,
26,Cody2.mp4,Cody,cody,"['c', 'o', 'd', 'y']",1.0
27,Cody2.mp4,Cody,,,
28,Courtney2.mp4,Courtney,court,"['c', 'o', 'u', 'r', 't', 'backspace', 'n', 'e', 'y', 'backspace', 'backspace', 'backspace', 't']",1.0
29,Courtney2.mp4,Courtney,,,
30,Daniel3.mp4,Daniel,ethan,"['t', 'h', 'a', 'n', 'backspace', 'backspace', 'backspace', 'backspace', 'e', 't', 'h', 'a', 'n']",0.0
31,Daniel3.mp4,Daniel,,,
32,Danielle2.mp4,Danielle,julie,"['j', 'u', 'l', 'i', 'e']",0.0
33,Danielle2.mp4,Danielle,,,
34,David2.mp4,David,anthony,"['a', 'n', 't', 'h', 'o', 'n', 'y']",0.0
35,David2.mp4,David,,,
36,Dylan3.mp4,Dylan,nathan,"['n', 'a', 't', 'h', 'a', 'n']",0.0
37,Dylan3.mp4,Dylan,,,
38,Emily5.mp4,Emily,e,['e'],0.0
39,Emily5.mp4,Emily,,,
40,Eric2.mp4,Eric,kyle,"['k', 'y', 'l', 'r', 'backspace', 'e', 'return']",0.0
41,Eric2.mp4,Eric,,,
42,Ethan2.mp4,Ethan,kyle,"['k', 'y', 'l', 'r', 'backspace', 'e', 'space']",0.0
43,Ethan2.mp4,Ethan,,,
44,Grace3.mp4,Grace,taylor,"['t', 'a', 'y', 'l', 'o', 'r']",0.0
45,Grace3.mp4,Grace,,,
46,Haley2.mp4,Haley,halsey,"['h', 'a', 'l', 's', 'r', 'backspace', 'e', 'u', 'backspace', 'y']",0.0
47,Haley2.mp4,Haley,,,
48,Hannah2.mp4,Hannah,olivia,"['o', 'l', 'i', 'v', 'i', 'a']",0.0
49,Hannah2.mp4,Hannah,,,
50,Heather3.mp4,Heather,heather,"['h', 'e', 'a', 't', 'h', 'r', 't', 'backspace', 'backspace', 'e', 'r']",1.0
51,Heather3.mp4,Heather,,,
52,Jacob3.mp4,Jacob,bradley,"['b', 'r', 'a', 'd', 'l', 'e', 'y', 'return']",0.0
53,Jacob3.mp4,Jacob,,,
54,Jason4.mp4,Jason,,None,0.0
55,Jason4.mp4,Jason,,,
56,Jenna4.mp4,Jenna,rachel,"['r', 'a', 'c', 'h', 'e', 'l', 'return']",0.0
57,Jenna4.mp4,Jenna,,,
58,Jeremy2.mp4,Jeremy,bradley,"['c', 'o', 'backspace', 'backspace', 'b', 'r', 'a', 'd', 'e', 'backspace', 'l', 'e', 'y']",0.0
59,Jeremy2.mp4,Jeremy,,,
60,Jessica2.mp4,Jessica,julia,"['l', 'u', 'backspace', 'backspace', 'j', 'u', 'l', 'i', 'a']",0.0
61,Jessica2.mp4,Jessica,,,
62,Josh3.mp4,Josh,josh,"['j', 'o', 's', 'b', 'backspace', 'h']",1.0
63,Josh3.mp4,Josh,,,
64,Julia2.mp4,Julia,,None,0.0
65,Julia2.mp4,Julia,,,
66,Justin2.mp4,Justin,mathew,"['m', 'a', 't', 'h', 'e', 'w']",0.0
67,Justin2.mp4,Justin,,,
68,Katie2.mp4,Katie,kate,"['k', 'a', 't', 'e']",1.0
69,Katie2.mp4,Katie,,,
70,Kayla3.mp4,Kayla,hannah,"['h', 'a', 'n', 'n', 'a', 'g', 'backspace', 'h']",0.0
71,Kayla3.mp4,Kayla,,,
72,Kelsey2.mp4,Kelsey,kayla,"['k', 'a', 'y', 'l', 'a']",0.0
73,Kelsey2.mp4,Kelsey,,,
74,Kevin2.mp4,Kevin,kyle,"['n', 'backspace', 'k', 'y', 'l', 'e', 'return', 'space']",0.0
75,Kevin2.mp4,Kevin,,,
76,Kyle3.mp4,Kyle,cody,"['c', 'o', 'd', 'y']",0.0
77,Kyle3.mp4,Kyle,,,
78,Lauren4.mp4,Lauren,grace,"['g', 'r', 'a', 'c', 'e']",0.0
79,Lauren4.mp4,Lauren,,,
80,Mark3.mp4,Mark,kenny,"['k', 'e', 'n', 'n', 'y', 'return', 'space']",0.0
81,Mark3.mp4,Mark,,,
82,Matthew2.mp4,Matthew,matthew,"['m', 'a', 't', 't', 'h', 'e', 'w']",1.0
83,Matthew2.mp4,Matthew,,,
84,Megan2.mp4,Megan,nicole,"['n', 'i', 'c', 'o', 'l', 'e']",0.0
85,Megan2.mp4,Megan,,,
86,Michael2.mp4,Michael,kevin,"['k', 'e', 'i', 'v', 'n', 'backspace', 'backspace', 'backspace', 'v', 'i', 'n']",0.0
87,Michael2.mp4,Michael,,,
88,Michelle2.mp4,Michelle,melissa,"['m', 'e', 'l', 'i', 's', 's', 'a']",0.0
89,Michelle2.mp4,Michelle,,,
90,Natalie3.mp4,Natalie,natali,"['n', 'a', 't', 'a', 'l', 'i']",1.0
91,Natalie3.mp4,Natalie,,,
92,Nathan3.mp4,Nathan,caleb,"['c', 'a', 'l', 'e', 'b']",0.0
93,Nathan3.mp4,Nathan,,,
94,Nicole2.mp4,Nicole,nicole,"['n', 'i', 'c', 'o', 'l', 'e', 'space']",1.0
95,Nicole2.mp4,Nicole,,,
96,Noah2.mp4,Noah,josh,"['j', 'o', 's', 'h', 'space']",0.0
97,Noah2.mp4,Noah,,,
98,Olivia3.mp4,Olivia,hannah,"['h', 'a', 'n', 'n', 'a', 'h']",0.0
99,Olivia3.mp4,Olivia,,,
100,Rachel3.mp4,Rachel,taylo,"['t', 'a', 'y', 'l', 'o']",0.0
101,Rachel3.mp4,Rachel,,,
102,Rebecca3.mp4,Rebecca,kayla,"['k', 'a', 'y', 'l', 'a']",0.0
103,Rebecca3.mp4,Rebecca,,,
104,Sarah2.mp4,Sarah,samman,"['t', 'a', 'y', 'backspace', 'f11', 'backspace', 'backspace', 's', 'a', 'm', 'm', 'a', 'n']",0.0
105,Sarah2.mp4,Sarah,,,
106,Shelby2.mp4,Shelby,shelby,"['s', 'h', 'e', 'l', 'b', 'y', 'space']",1.0
107,Shelby2.mp4,Shelby,,,
108,Steven2.mp4,Steven,stevek,"['s', 't', 'e', 'v', 'e', 'slash', 'slash', 'k', 'r', 'b', 'backspace', 'backspace', 'r', 'backspace']",1.0
109,Steven2.mp4,Steven,,,
110,Taylor4.mp4,Taylor,taylor,"['t', 'a', 'y', 'l', 'o', 'r']",1.0
111,Taylor4.mp4,Taylor,,,
112,Thomas2.mp4,Thomas,kevin,"['k', 'e', 'i', 'backspace', 'v', 'i', 'n', 'backslash', 'return']",0.0
113,Thomas2.mp4,Thomas,,,
114,Timothy3.mp4,Timothy,david,"['d', 'a', 'v', 'i', 'd']",0.0
115,Timothy3.mp4,Timothy,,,
116,Trevor2.mp4,Trevor,kevi,"['k', 'e', 'v', 'i']",0.0
117,Trevor2.mp4,Trevor,,,
118,Tyler3.mp4,Tyler,eric,"['e', 'r', 'i', 'c', 'return', 'space']",0.0
119,Tyler3.mp4,Tyler,,,
