,Video,Name,inputText,key_resp_3.keys,recallRating_F
0,Aaron2.mp4,Aaron,Greg,"['lshift', 'g', 'r', 'e', 'g']",0.0
1,Aaron2.mp4,Aaron,,,
2,Adam4.mp4,Adam,Adam,"['lshift', 'a', 'd', 'a', 'm']",1.0
3,Adam4.mp4,Adam,,,
4,Alyssa3.mp4,Alyssa,Megan,"['lshift', 'm', 'e', 'g', 'a', 'n']",0.0
5,Alyssa3.mp4,Alyssa,,,
6,Amanda3.mp4,Amanda,Lauren,"['lshift', 'colon', 'a', 'backspace', 'lshift', 'l', 'a', 'u', 'r', 'e', 'n']",0.0
7,Amanda3.mp4,Amanda,,,
8,Andrew2.mp4,Andrew,Jeremy,"['lshift', 'j', 'e', 'r', 'e', 'm', 'y']",0.0
9,Andrew2.mp4,Andrew,,,
10,Anna3.mp4,Anna,Hale,"['lshift', 'lshift', 'h', 'a', 'l', 'e']",0.0
11,Anna3.mp4,Anna,,,
12,Ashley3.mp4,Ashley,Olivia,"['lshift', 'o', 'l', 'i', 'v', 'i', 'a', 'return']",0.0
13,Ashley3.mp4,Ashley,,,
14,Bradley3.mp4,Bradley,Greg,"['lshift', 'g', 'r', 'e', 'g']",0.0
15,Bradley3.mp4,Bradley,,,
16,Brandon2.mp4,Brandon,Trevor,"['lshift', 't', 'r', 'e', 'v', 'p', 'backspace', 'p', 'r', 'backspace', 'backspace', 'o', 'r']",0.0
17,Brandon2.mp4,Brandon,,,
18,Brian2.mp4,Brian,Brian,"['lshift', 'n', 't', 'o', 'backspace', 'backspace', 'backspace', 'lshift', 'b', 'r', 'i', 'a', 'n']",1.0
19,Brian2.mp4,Brian,,,
20,Brianna2.mp4,Brianna,Brianna,"['lshift', 'b', 'r', 'i', 'a', 'n', 'n', 'a']",1.0
21,Brianna2.mp4,Brianna,,,
22,Brittany2.mp4,Brittany,Lauren,"['lshift', 'l', 'a', 'u', 'r', 'e', 'n']",0.0
23,Brittany2.mp4,Brittany,,,
24,Caleb5.mp4,Caleb,Kyle,"['lshift', 'k', 'y', 'l', 'e']",0.0
25,Caleb5.mp4,Caleb,,,
26,Cody2.mp4,Cody,David,"['lshift', 'd', 'a', 'v', 'o', 'd', 'backspace', 'backspace', 'i', 'd']",0.0
27,Cody2.mp4,Cody,,,
28,Courtney2.mp4,Courtney,Courtney,"['lshift', 'c', 'o', 'u', 'r', 't', 'n', 'e', 'y']",1.0
29,Courtney2.mp4,Courtney,,,
30,Daniel3.mp4,Daniel,David,"['lshift', 'd', 'a', 'v', 'i', 'd']",0.0
31,Daniel3.mp4,Daniel,,,
32,Danielle2.mp4,Danielle,Danielle,"['lshift', 'd', 'a', 'n', 'i', 'e', 'l', 'l', 'e']",1.0
33,Danielle2.mp4,Danielle,,,
34,David2.mp4,David,Cody,"['lshift', 't', 'backspace', 'lshift', 'c', 'o', 'd', 'y']",0.0
35,David2.mp4,David,,,
36,Dylan3.mp4,Dylan,Dylan,"['lshift', 'd', 'y', 'l', 'a', 'n']",1.0
37,Dylan3.mp4,Dylan,,,
38,Emily5.mp4,Emily,Michelle,"['lshift', 'm', 'i', 'c', 'h', 'e', 'l', 'l', 'e', 'space']",0.0
39,Emily5.mp4,Emily,,,
40,Eric2.mp4,Eric,Daniel,"['lshift', 'd', 'a', 'n', 'i', 'e', 'l']",0.0
41,Eric2.mp4,Eric,,,
42,Ethan2.mp4,Ethan,Ethan,"['lshift', 'e', 't', 'h', 'a', 'n']",1.0
43,Ethan2.mp4,Ethan,,,
44,Grace3.mp4,Grace,Chloe,"['lshift', 'c', 'h', 'l', 'o', 'e', 'return']",0.0
45,Grace3.mp4,Grace,,,
46,Haley2.mp4,Haley,Hannah,"['lshift', 'h', 'a', 'n', 'n', 'a', 'h']",0.0
47,Haley2.mp4,Haley,,,
48,Hannah2.mp4,Hannah,Hannah,"['lshift', 'h', 'a', 'n', 'n', 'a', 'h', 'return']",1.0
49,Hannah2.mp4,Hannah,,,
50,Heather3.mp4,Heather,Heather,"['lshift', 'h', 'e', 'a', 't', 'h', 'e', 'r']",1.0
51,Heather3.mp4,Heather,,,
52,Jacob3.mp4,Jacob,Jacob,"['lshift', 'j', 'a', 'c', 'o', 'b']",1.0
53,Jacob3.mp4,Jacob,,,
54,Jason4.mp4,Jason,David,"['lshift', 'd', 'a', 'v', 'i', 'd']",0.0
55,Jason4.mp4,Jason,,,
56,Jenna4.mp4,Jenna,Kelsey,"['lshift', 'k', 'e', 'l', 's', 'e', 'y']",0.0
57,Jenna4.mp4,Jenna,,,
58,Jeremy2.mp4,Jeremy,Trevor,"['lshift', 't', 'r', 'e', 'v', 'o', 'r']",0.0
59,Jeremy2.mp4,Jeremy,,,
60,Jessica2.mp4,Jessica,Heather,"['lshift', 'n', 'backspace', 'lshift', 'h', 'e', 'a', 't', 'h', 'e', 'r', 'return']",0.0
61,Jessica2.mp4,Jessica,,,
62,Josh3.mp4,Josh,Josh,"['lshift', 'j', 'o', 's', 'h', 'return']",1.0
63,Josh3.mp4,Josh,,,
64,Julia2.mp4,Julia,Julia,"['lshift', 'j', 'u', 'l', 'i', 'a']",1.0
65,Julia2.mp4,Julia,,,
66,Justin2.mp4,Justin,Dylan,"['lshift', 'd', 'l', 'y', 'a', 'n', 'backspace', 'backspace', 'backspace', 'backspace', 'y', 'l', 'a', 'n']",0.0
67,Justin2.mp4,Justin,,,
68,Katie2.mp4,Katie,Katie,"['lshift', 'k', 'a', 't', 'i', 'e']",1.0
69,Katie2.mp4,Katie,,,
70,Kayla3.mp4,Kayla,Julia,"['lshift', 'j', 'u', 'l', 'i', 'a']",0.0
71,Kayla3.mp4,Kayla,,,
72,Kelsey2.mp4,Kelsey,Jenna,"['lshift', 'h', 'a', 'n', 'n', 'backspace', 'backspace', 'backspace', 'backspace', 'lshift', 'j', 'e', 'n', 'n', 'a']",0.0
73,Kelsey2.mp4,Kelsey,,,
74,Kevin2.mp4,Kevin,Kevin,"['lshift', 'k', 'e', 'v', 'i', 'n']",1.0
75,Kevin2.mp4,Kevin,,,
76,Kyle3.mp4,Kyle,Tyler,"['lshift', 't', 'y', 'semicolon', 'e', 'r', 'backspace', 'backspace', 'l', 'e', 'r', 'space', 'return', 'space']",0.0
77,Kyle3.mp4,Kyle,,,
78,Lauren4.mp4,Lauren,Jenna,"['lshift', 'j', 'e', 'n', 'n', 'a']",0.0
79,Lauren4.mp4,Lauren,,,
80,Mark3.mp4,Mark,Brian,"['lshift', 'b', 'r', 'i', 'a', 'n']",0.0
81,Mark3.mp4,Mark,,,
82,Matthew2.mp4,Matthew,Aaron,"['lshift', 'a', 'a', 'r', 'p', 'm', 'backspace', 'backspace', 'o', 'm', 'backspace', 'n']",0.0
83,Matthew2.mp4,Matthew,,,
84,Megan2.mp4,Megan,Katie,"['lshift', 'k', 'a', 't', 'i', 'e']",0.0
85,Megan2.mp4,Megan,,,
86,Michael2.mp4,Michael,Jonathan,"['lshift', 'j', 'o', 'n', 'a', 't', 'h', 'a', 'n']",0.0
87,Michael2.mp4,Michael,,,
88,Michelle2.mp4,Michelle,Chloe,"['lshift', 'c', 'h', 'l', 'o', 'e']",0.0
89,Michelle2.mp4,Michelle,,,
90,Natalie3.mp4,Natalie,Natalie,"['lshift', 'n', 'a', 't', 'a', 'l', 'i', 'e']",1.0
91,Natalie3.mp4,Natalie,,,
92,Nathan3.mp4,Nathan,Nathan,"['lshift', 'n', 'a', 't', 'h', 'a', 'n']",1.0
93,Nathan3.mp4,Nathan,,,
94,Nicole2.mp4,Nicole,Katie,"['lshift', 'lshift', 'k', 'a', 't', 'i', 'e']",0.0
95,Nicole2.mp4,Nicole,,,
96,Noah2.mp4,Noah,Mark,"['lshift', 'm', 'a', 'r', 'k']",0.0
97,Noah2.mp4,Noah,,,
98,Olivia3.mp4,Olivia,Ashley,"['lshift', 'a', 's', 'h', 'l', 'e', 'y', 'return']",0.0
99,Olivia3.mp4,Olivia,,,
100,Rachel3.mp4,Rachel,Grace,"['lshift', 'g', 'r', 'a', 'c', 'e']",0.0
101,Rachel3.mp4,Rachel,,,
102,Rebecca3.mp4,Rebecca,Julia,"['lshift', 'c', 'backspace', 'backspace', 'lshift', 'j', 'u', 'l', 'i', 'a']",0.0
103,Rebecca3.mp4,Rebecca,,,
104,Sarah2.mp4,Sarah,Sarah,"['lshift', 's', 'a', 'r', 'a', 'h']",1.0
105,Sarah2.mp4,Sarah,,,
106,Shelby2.mp4,Shelby,Shelby,"['lshift', 'h', 'backspace', 'lshift', 's', 'h', 'e', 'l', 'b', 'y']",1.0
107,Shelby2.mp4,Shelby,,,
108,Steven2.mp4,Steven,Dylan,"['lshift', 'd', 'y', 'l', 'a', 'n']",0.0
109,Steven2.mp4,Steven,,,
110,Taylor4.mp4,Taylor,Rebecca,"['lshift', 'r', 'e', 'b', 'e', 'c', 'c', 'a']",0.0
111,Taylor4.mp4,Taylor,,,
112,Thomas2.mp4,Thomas,Bradley,"['lshift', 'b', 'r', 'a', 'd', 'l', 'e', 'y']",0.0
113,Thomas2.mp4,Thomas,,,
114,Timothy3.mp4,Timothy,Matthew,"['lshift', 'm', 'a', 't', 't', 'h', 'e', 'w']",0.0
115,Timothy3.mp4,Timothy,,,
116,Trevor2.mp4,Trevor,Jack,"['lshift', 'n', 'backspace', 'backspace', 'lshift', 'lshift', 'j', 'a', 'c', 'k']",0.0
117,Trevor2.mp4,Trevor,,,
118,Tyler3.mp4,Tyler,Thomas,"['lshift', 't', 'h', 'o', 'm', 'a', 's']",0.0
119,Tyler3.mp4,Tyler,,,
