,Video,Name,inputText,key_resp_3.keys,recallRating_F
0,Aaron2.mp4,Aaron,j,"['capslock', 'j']",0.0
1,Aaron2.mp4,Aaron,,,
2,Adam4.mp4,Adam,adam,"['a', 'd', 'a', 'm']",1.0
3,Adam4.mp4,Adam,,,
4,Alyssa3.mp4,Alyssa,rachel,"['r', 'a', 'c', 'h', 'e', 'a', 'l', 'backspace', 'backspace', 'l']",0.0
5,Alyssa3.mp4,Alyssa,,,
6,Amanda3.mp4,Amanda,brittany,"['b', 'r', 'i', 't', 't', 'a', 'n', 'y']",0.0
7,Amanda3.mp4,Amanda,,,
8,Andrew2.mp4,Andrew,timothy,"['t', 'i', 'm', 'o', 't', 'h', 'y']",0.0
9,Andrew2.mp4,Andrew,,,
10,Anna3.mp4,Anna,anna,"['a', 'n', 'n', 'a']",1.0
11,Anna3.mp4,Anna,,,
12,Ashley3.mp4,Ashley,ashley,"['a', 's', 'h', 'l', 'e', 'y']",1.0
13,Ashley3.mp4,Ashley,,,
14,Bradley3.mp4,Bradley,timothy,"['t', 'i', 'm', 'o', 't', 'h', 'y']",0.0
15,Bradley3.mp4,Bradley,,,
16,Brandon2.mp4,Brandon,ethan,"['e', 't', 'h', 'a', 'n']",0.0
17,Brandon2.mp4,Brandon,,,
18,Brian2.mp4,Brian,trevor,"['t', 'r', 'e', 'v', 'o', 'r']",0.0
19,Brian2.mp4,Brian,,,
20,Brianna2.mp4,Brianna,briana,"['b', 'r', 'i', 'a', 'n', 'a']",1.0
21,Brianna2.mp4,Brianna,,,
22,Brittany2.mp4,Brittany,nately,"['n', 'a', 't', 'e', 'l', 'y']",0.0
23,Brittany2.mp4,Brittany,,,
24,Caleb5.mp4,Caleb,dylan,"['d', 'y', 'l', 'a', 'n']",0.0
25,Caleb5.mp4,Caleb,,,
26,Cody2.mp4,Cody,adam,"['a', 'd', 'a', 'm']",0.0
27,Cody2.mp4,Cody,,,
28,Courtney2.mp4,Courtney,jessica,"['j', 'e', 's', 's', 'i', 'c', 'a']",0.0
29,Courtney2.mp4,Courtney,,,
30,Daniel3.mp4,Daniel,michael,"['m', 'i', 'c', 'h', 'a', 'e', 'l']",0.0
31,Daniel3.mp4,Daniel,,,
32,Danielle2.mp4,Danielle,daniel,"['d', 'a', 'n', 'i', 'e', 'l']",0.0
33,Danielle2.mp4,Danielle,,,
34,David2.mp4,David,david,"['d', 'a', 'v', 'i', 'd']",1.0
35,David2.mp4,David,,,
36,Dylan3.mp4,Dylan,matthew,"['m', 'a', 't', 't', 'h', 'e', 'w']",0.0
37,Dylan3.mp4,Dylan,,,
38,Emily5.mp4,Emily,emily,"['e', 'm', 'i', 'l', 'y']",1.0
39,Emily5.mp4,Emily,,,
40,Eric2.mp4,Eric,justin,"['j', 'u', 's', 't', 'i', 'n']",0.0
41,Eric2.mp4,Eric,,,
42,Ethan2.mp4,Ethan,aaron,"['a', 'a', 'r', 'o', 'n']",0.0
43,Ethan2.mp4,Ethan,,,
44,Grace3.mp4,Grace,briana,"['b', 'r', 'i', 'a', 'n', 'a']",0.0
45,Grace3.mp4,Grace,,,
46,Haley2.mp4,Haley,haley,"['h', 'a', 'l', 'e', 'y']",1.0
47,Haley2.mp4,Haley,,,
48,Hannah2.mp4,Hannah,hannah,"['h', 'a', 'n', 'n', 'a', 'h']",1.0
49,Hannah2.mp4,Hannah,,,
50,Heather3.mp4,Heather,heather,"['h', 'e', 'a', 't', 'h', 'e', 'r']",1.0
51,Heather3.mp4,Heather,,,
52,Jacob3.mp4,Jacob,her,"['e', 't', 'h', 'a', 'n', 'backspace', 'backspace', 'backspace', 'backspace', 'backspace', 'backspace', 'h', 'e', 'r']",0.0
53,Jacob3.mp4,Jacob,,,
54,Jason4.mp4,Jason,john,"['j', 'o', 'h', 'n']",0.0
55,Jason4.mp4,Jason,,,
56,Jenna4.mp4,Jenna,brittney,"['b', 'r', 'i', 't', 't', 'n', 'y', 'backspace', 'e', 'y']",0.0
57,Jenna4.mp4,Jenna,,,
58,Jeremy2.mp4,Jeremy,tyler,"['t', 'capslock', 'y', 'l', 'e', 'r', 'return']",0.0
59,Jeremy2.mp4,Jeremy,,,
60,Jessica2.mp4,Jessica,julia,"['j', 'u', 'l', 'i', 'a']",0.0
61,Jessica2.mp4,Jessica,,,
62,Josh3.mp4,Josh,josh,"['j', 'o', 's', 'h']",1.0
63,Josh3.mp4,Josh,,,
64,Julia2.mp4,Julia,,None,0.0
65,Julia2.mp4,Julia,,,
66,Justin2.mp4,Justin,justin,"['j', 'u', 's', 't', 'i', 'n']",1.0
67,Justin2.mp4,Justin,,,
68,Katie2.mp4,Katie,katie,"['k', 'a', 't', 'i', 'e', 'space', 'space']",1.0
69,Katie2.mp4,Katie,,,
70,Kayla3.mp4,Kayla,kayla,"['k', 'e', 'semicolon', 'backspace', 'a', 'y', 'l', 'a']",1.0
71,Kayla3.mp4,Kayla,,,
72,Kelsey2.mp4,Kelsey,grace,"['g', 'r', 'a', 'c', 'e']",0.0
73,Kelsey2.mp4,Kelsey,,,
74,Kevin2.mp4,Kevin,jacob,"['capslock', 'j', 'a', 'c', 'o', 'n', 'backspace', 'b']",0.0
75,Kevin2.mp4,Kevin,,,
76,Kyle3.mp4,Kyle,kyle,"['k', 'y', 'l', 'e']",1.0
77,Kyle3.mp4,Kyle,,,
78,Lauren4.mp4,Lauren,ashley,"['a', 's', 'h', 'l', 'e', 'y']",0.0
79,Lauren4.mp4,Lauren,,,
80,Mark3.mp4,Mark,mark,"['m', 'a', 'r', 'k']",1.0
81,Mark3.mp4,Mark,,,
82,Matthew2.mp4,Matthew,matthew,"['m', 'a', 't', 't', 'h', 'e', 'w']",1.0
83,Matthew2.mp4,Matthew,,,
84,Megan2.mp4,Megan,lauran,"['l', 'a', 'u', 'r', 'a', 'n', 'backspace', 'backspace', 'backspace', 'r', 'a', 'n']",0.0
85,Megan2.mp4,Megan,,,
86,Michael2.mp4,Michael,eric,"['e', 'r', 'i', 'c']",0.0
87,Michael2.mp4,Michael,,,
88,Michelle2.mp4,Michelle,olivia,"['o', 'l', 'i', 'v', 'i', 'a']",0.0
89,Michelle2.mp4,Michelle,,,
90,Natalie3.mp4,Natalie,natalie,"['m', 'backspace', 'n', 'a', 't', 'a', 'l', 'i', 'e']",1.0
91,Natalie3.mp4,Natalie,,,
92,Nathan3.mp4,Nathan,ethan,"['e', 't', 'h', 'a', 'n', 'space', 'backspace']",0.0
93,Nathan3.mp4,Nathan,,,
94,Nicole2.mp4,Nicole,nicole,"['n', 'i', 'c', 'l', 'backspace', 'o', 'l', 'e']",1.0
95,Nicole2.mp4,Nicole,,,
96,Noah2.mp4,Noah,john,"['j', 'o', 'h', 'n']",0.0
97,Noah2.mp4,Noah,,,
98,Olivia3.mp4,Olivia,janie,"['j', 'a', 'n', 'i', 'e']",0.0
99,Olivia3.mp4,Olivia,,,
100,Rachel3.mp4,Rachel,lauryn,"['l', 'a', 'u', 'y', 'backspace', 'r', 'y', 'n']",0.0
101,Rachel3.mp4,Rachel,,,
102,Rebecca3.mp4,Rebecca,re,"['j', 'u', 'l', 'i', 'a', 'backspace', 'backspace', 'backspace', 'backspace', 'backspace', 'backspace', 'r', 'e']",0.0
103,Rebecca3.mp4,Rebecca,,,
104,Sarah2.mp4,Sarah,megan,"['m', 'e', 'g', 'a', 'n']",0.0
105,Sarah2.mp4,Sarah,,,
106,Shelby2.mp4,Shelby,shelby,"['s', 'h', 'e', 'l', 'b', 'y']",1.0
107,Shelby2.mp4,Shelby,,,
108,Steven2.mp4,Steven,steven,"['s', 't', 'e', 'e', 'backspace', 'v', 'e', 'n']",1.0
109,Steven2.mp4,Steven,,,
110,Taylor4.mp4,Taylor,courtney,"['c', 'o', 'u', 'r', 't', 'n', 'e', 'y']",0.0
111,Taylor4.mp4,Taylor,,,
112,Thomas2.mp4,Thomas,brady,"['b', 'r', 'a', 'd', 'y']",0.0
113,Thomas2.mp4,Thomas,,,
114,Timothy3.mp4,Timothy,tyler,"['t', 'y', 'l', 'e', 'r']",0.0
115,Timothy3.mp4,Timothy,,,
116,Trevor2.mp4,Trevor,ethan,"['capslock', 'e', 'r', 'equal', 'backspace', 't', 'h', 'a', 'n']",0.0
117,Trevor2.mp4,Trevor,,,
118,Tyler3.mp4,Tyler,tyler,"['t', 'y', 'l', 'e', 'r']",1.0
119,Tyler3.mp4,Tyler,,,
