,Video,Name,inputText,key_resp_3.keys,recallRating_F
0,Aaron2.mp4,Aaron,aaron,"['a', 'a', 'e', 'backspace', 'r', 'o', 'n']",1.0
1,Aaron2.mp4,Aaron,,,
2,Adam4.mp4,Adam,,None,0.0
3,Adam4.mp4,Adam,,,
4,Alyssa3.mp4,Alyssa,,None,0.0
5,Alyssa3.mp4,Alyssa,,,
6,Amanda3.mp4,Amanda,,None,0.0
7,Amanda3.mp4,Amanda,,,
8,Andrew2.mp4,Andrew,eric,"['e', 'r', 'i', 'c']",0.0
9,Andrew2.mp4,Andrew,,,
10,Anna3.mp4,Anna,anna,"['a', 'n', 'n', 'a']",1.0
11,Anna3.mp4,Anna,,,
12,Ashley3.mp4,Ashley,,['f8'],0.0
13,Ashley3.mp4,Ashley,,,
14,Bradley3.mp4,Bradley,bradley,"['b', 'r', 'a', 'd', 'l', 'e', 'y', 't', 'backspace']",1.0
15,Bradley3.mp4,Bradley,,,
16,Brandon2.mp4,Brandon,,None,0.0
17,Brandon2.mp4,Brandon,,,
18,Brian2.mp4,Brian,caleb,"['c', 'a', 'l', 'e', 'b']",0.0
19,Brian2.mp4,Brian,,,
20,Brianna2.mp4,Brianna,,None,0.0
21,Brianna2.mp4,Brianna,,,
22,Brittany2.mp4,Brittany,brittany,"['b', 'r', 'i', 't', 't', 'a', 'n', 'y']",1.0
23,Brittany2.mp4,Brittany,,,
24,Caleb5.mp4,Caleb,,None,0.0
25,Caleb5.mp4,Caleb,,,
26,Cody2.mp4,Cody,,None,0.0
27,Cody2.mp4,Cody,,,
28,Courtney2.mp4,Courtney,courtney,"['c', 'o', 'u', 'r', 't', 'm', 'e', 'y', 'backspace', 'backspace', 'backspace', 'n', 'e', 'y']",1.0
29,Courtney2.mp4,Courtney,,,
30,Daniel3.mp4,Daniel,ethan,"['e', 't', 'h', 'a', 'n']",0.0
31,Daniel3.mp4,Daniel,,,
32,Danielle2.mp4,Danielle,,"['j', 'backspace']",0.0
33,Danielle2.mp4,Danielle,,,
34,David2.mp4,David,mich,"['m', 'i', 'c', 'h']",0.0
35,David2.mp4,David,,,
36,Dylan3.mp4,Dylan,bry,"['b', 'r', 'u', 'backspace', 'y']",0.0
37,Dylan3.mp4,Dylan,,,
38,Emily5.mp4,Emily,hannah,"['h', 'a', 'n', 'n', 'a', 'h']",0.0
39,Emily5.mp4,Emily,,,
40,Eric2.mp4,Eric,,None,0.0
41,Eric2.mp4,Eric,,,
42,Ethan2.mp4,Ethan,ethan,"['e', 't', 'h', 'a', 'n', 'space']",1.0
43,Ethan2.mp4,Ethan,,,
44,Grace3.mp4,Grace,grace,"['g', 'r', 'a', 'c', 'x', 'backspace', 'e']",1.0
45,Grace3.mp4,Grace,,,
46,Haley2.mp4,Haley,hailey,"['h', 'a', 'i', 'l', 'e', 'y']",1.0
47,Haley2.mp4,Haley,,,
48,Hannah2.mp4,Hannah,brittany,"['b', 'r', 'i', 't', 't', 'a', 'n', 'y', 'return']",0.0
49,Hannah2.mp4,Hannah,,,
50,Heather3.mp4,Heather,heather,"['h', 'e', 'a', 't', 'h', 'e', 'r']",1.0
51,Heather3.mp4,Heather,,,
52,Jacob3.mp4,Jacob,,None,0.0
53,Jacob3.mp4,Jacob,,,
54,Jason4.mp4,Jason,thomas,"['t', 'h', 'o', 'm', 'a', 's']",0.0
55,Jason4.mp4,Jason,,,
56,Jenna4.mp4,Jenna,,None,0.0
57,Jenna4.mp4,Jenna,,,
58,Jeremy2.mp4,Jeremy,,None,0.0
59,Jeremy2.mp4,Jeremy,,,
60,Jessica2.mp4,Jessica,jenna,"['j', 'e', 'n', 'n', 'a']",0.0
61,Jessica2.mp4,Jessica,,,
62,Josh3.mp4,Josh,josh,"['j', 'o', 's', 'h']",1.0
63,Josh3.mp4,Josh,,,
64,Julia2.mp4,Julia,olivia,"['o', 'l', 'i', 'i', 'backspace', 'i', 'a', 'backspace', 'backspace', 'v', 'i', 'a']",0.0
65,Julia2.mp4,Julia,,,
66,Justin2.mp4,Justin,justin,"['j', 'u', 's', 't', 'i', 'n']",1.0
67,Justin2.mp4,Justin,,,
68,Katie2.mp4,Katie,katie,"['k', 'a', 't', 'i', 'e']",1.0
69,Katie2.mp4,Katie,,,
70,Kayla3.mp4,Kayla,,None,0.0
71,Kayla3.mp4,Kayla,,,
72,Kelsey2.mp4,Kelsey,,None,0.0
73,Kelsey2.mp4,Kelsey,,,
74,Kevin2.mp4,Kevin,,None,0.0
75,Kevin2.mp4,Kevin,,,
76,Kyle3.mp4,Kyle,kyle,"['k', 'y', 'semicolon', 'e', 'backspace', 'l', 'e']",1.0
77,Kyle3.mp4,Kyle,,,
78,Lauren4.mp4,Lauren,megan,"['m', 'e', 'g', 'a', 'n']",0.0
79,Lauren4.mp4,Lauren,,,
80,Mark3.mp4,Mark,tyler,"['t', 'y', 'l', 'e', 'r']",0.0
81,Mark3.mp4,Mark,,,
82,Matthew2.mp4,Matthew,matthew,"['m', 'a', 't', 't', 'h', 'e', 'w']",1.0
83,Matthew2.mp4,Matthew,,,
84,Megan2.mp4,Megan,,None,0.0
85,Megan2.mp4,Megan,,,
86,Michael2.mp4,Michael,,None,0.0
87,Michael2.mp4,Michael,,,
88,Michelle2.mp4,Michelle,julia,"['j', 'u', 'l', 'i', 'a', 'return', 'space']",0.0
89,Michelle2.mp4,Michelle,,,
90,Natalie3.mp4,Natalie,,None,0.0
91,Natalie3.mp4,Natalie,,,
92,Nathan3.mp4,Nathan,nathan,"['n', 'a', 't', 'h', 'a', 'n']",1.0
93,Nathan3.mp4,Nathan,,,
94,Nicole2.mp4,Nicole,,None,0.0
95,Nicole2.mp4,Nicole,,,
96,Noah2.mp4,Noah,trvo,"['t', 'r', 'v', 'o', 'r', 'backspace']",0.0
97,Noah2.mp4,Noah,,,
98,Olivia3.mp4,Olivia,,None,0.0
99,Olivia3.mp4,Olivia,,,
100,Rachel3.mp4,Rachel,,None,0.0
101,Rachel3.mp4,Rachel,,,
102,Rebecca3.mp4,Rebecca,,None,0.0
103,Rebecca3.mp4,Rebecca,,,
104,Sarah2.mp4,Sarah,,None,0.0
105,Sarah2.mp4,Sarah,,,
106,Shelby2.mp4,Shelby,shelby,"['s', 'h', 'e', 'l', 'b', 'y']",1.0
107,Shelby2.mp4,Shelby,,,
108,Steven2.mp4,Steven,,None,0.0
109,Steven2.mp4,Steven,,,
110,Taylor4.mp4,Taylor,,"['space', 'f', 'backspace']",0.0
111,Taylor4.mp4,Taylor,,,
112,Thomas2.mp4,Thomas,,"['c', 'backspace']",0.0
113,Thomas2.mp4,Thomas,,,
114,Timothy3.mp4,Timothy,,None,0.0
115,Timothy3.mp4,Timothy,,,
116,Trevor2.mp4,Trevor,trevor,"['t', 'r', 'v', 'o', 'r', 'backspace', 'backspace', 'backspace', 'e', 'v', 'o', 'r']",1.0
117,Trevor2.mp4,Trevor,,,
118,Tyler3.mp4,Tyler,,None,0.0
119,Tyler3.mp4,Tyler,,,
