Video,Photo,inputText,key_resp_3.keys,recallRating_F
Aaron2.mp4,Aaron.JPG,,"['m', 'a', 'backspace', 'backspace']",0
Aaron2.mp4,Aaron.JPG,,,
Adam4.mp4,Adam.JPG,kyle,"['k', 'y', 'l', 'e']",0
Adam4.mp4,Adam.JPG,,,
Alyssa3.mp4,Alyssa.JPG,Alyssa,"['lshift', 'a', 'l', 'y', 's', 's', 'a', 'return']",1
Alyssa3.mp4,Alyssa.JPG,,,
Amanda3.mp4,Amanda.JPG,Britanny,"['lshift', 'b', 'r', 'i', 't', 'a', 'n', 'n', 'y', 'return', 'space', 'space', 'return']",0
Amanda3.mp4,Amanda.JPG,,,
Andrew2.mp4,Andrew.JPG,,None,0
Andrew2.mp4,Andrew.JPG,,,
Anna3.mp4,Anna.JPG,Danielle,"['lshift', 'd', 'a', 'n', 'i', 'e', 'l', 'l', 'e']",0
Anna3.mp4,Anna.JPG,,,
Ashley3.mp4,Ashley.JPG,jenna,"['j', 'e', 'n', 'n', 'a']",0
Ashley3.mp4,Ashley.JPG,,,
Bradley3.mp4,Bradley.JPG,Jacob,"['lshift', 'j', 'a', 'c', 'o', 'b']",0
Bradley3.mp4,Bradley.JPG,,,
Brandon2.mp4,Brandon.JPG,,None,0
Brandon2.mp4,Brandon.JPG,,,
Brian2.mp4,Brian.JPG,jacbo,"['a', 'j', 'backspace', 'backspace', 'j', 'a', 'c', 'b', 'o']",0
Brian2.mp4,Brian.JPG,,,
Brianna2.mp4,Brianna.JPG,,None,0
Brianna2.mp4,Brianna.JPG,,,
Brittany2.mp4,Brittany.JPG,sarah,"['lshift', 'a', 'l', 'y', 's', 'backspace', 'backspace', 'backspace', 'backspace', 's', 'a', 'r', 'a', 'h', 'return']",0
Brittany2.mp4,Brittany.JPG,,,
Caleb5.mp4,Caleb.JPG,Andrew,"['lshift', 'a', 'n', 'd', 'r', 'e', 'w', 'return']",0
Caleb5.mp4,Caleb.JPG,,,
Cody2.mp4,Cody.JPG,,None,0
Cody2.mp4,Cody.JPG,,,
Courtney2.mp4,Courtney.JPG,,"['lshift', 'k', 'backspace']",0
Courtney2.mp4,Courtney.JPG,,,
Daniel3.mp4,Daniel.JPG,adam,"['a', 'd', 'a', 'm']",0
Daniel3.mp4,Daniel.JPG,,,
Danielle2.mp4,Danielle.JPG,Anna,"['lshift', 'a', 'n', 'n', 'a']",0
Danielle2.mp4,Danielle.JPG,,,
David2.mp4,David.JPG,aaron,"['a', 'a', 'r', 'o', 'n']",0
David2.mp4,David.JPG,,,
Dylan3.mp4,Dylan.JPG,m,"['m', 'a', 'r', 'backspace', 'backspace']",0
Dylan3.mp4,Dylan.JPG,,,
Emily5.mp4,Emily.JPG,Erica,"['lshift', 'e', 'r', 'i', 'c', 'a', 'return']",0
Emily5.mp4,Emily.JPG,,,
Eric2.mp4,Eric.JPG,David,"['lshift', 'd', 'a', 'v', 'i', 'd']",0
Eric2.mp4,Eric.JPG,,,
Ethan2.mp4,Ethan.JPG,Evan,"['lshift', 'e', 'v', 'n', 'a', 'backspace', 'backspace', 'a', 'n']",0
Ethan2.mp4,Ethan.JPG,,,
Grace3.mp4,Grace.JPG,kelsey,"['k', 'e', 'l', 's', 'e', 'y', 'backspace', 'y']",0
Grace3.mp4,Grace.JPG,,,
Haley2.mp4,Haley.JPG,Alys,"['lshift', 'a', 'l', 'y', 's']",0
Haley2.mp4,Haley.JPG,,,
Hannah2.mp4,Hannah.JPG,Lauren,"['lshift', 'j', 'backspace', 'lshift', 'l', 'a', 'u', 'r', 'e', 'n', 'space']",0
Hannah2.mp4,Hannah.JPG,,,
Heather3.mp4,Heather.JPG,Rach,"['lshift', 'r', 'a', 'c', 'h', 'e', 'l', 'backspace', 'backspace']",0
Heather3.mp4,Heather.JPG,,,
Jacob3.mp4,Jacob.JPG,jason,"['j', 'a', 'backspace', 'backspace', 'j', 'a', 's', 'o', 'n', 'space', 'return']",0
Jacob3.mp4,Jacob.JPG,,,
Jason4.mp4,Jason.JPG,,None,0
Jason4.mp4,Jason.JPG,,,
Jenna4.mp4,Jenna.JPG,britanny,"['b', 'r', 'i', 't', 'a', 'n', 'n', 'y']",0
Jenna4.mp4,Jenna.JPG,,,
Jeremy2.mp4,Jeremy.JPG,noah,"['n', 'o', 'a', 'h', 'space']",0
Jeremy2.mp4,Jeremy.JPG,,,
Jessica2.mp4,Jessica.JPG,,None,0
Jessica2.mp4,Jessica.JPG,,,
Josh3.mp4,Josh.JPG,,None,0
Josh3.mp4,Josh.JPG,,,
Julia2.mp4,Julia.JPG,Anna,"['lshift', 'a', 'n', 'n', 'a']",0
Julia2.mp4,Julia.JPG,,,
Justin2.mp4,Justin.JPG,brian,"['b', 'r', 'i', 'a', 'n', 'space']",0
Justin2.mp4,Justin.JPG,,,
Katie2.mp4,Katie.JPG,,None,0
Katie2.mp4,Katie.JPG,,,
Kayla3.mp4,Kayla.JPG,,None,0
Kayla3.mp4,Kayla.JPG,,,
Kelsey2.mp4,Kelsey.JPG,Grace,"['lshift', 'g', 'r', 'a', 'c', 'e']",0
Kelsey2.mp4,Kelsey.JPG,,,
Kevin2.mp4,Kevin.JPG,kevin,"['z', 'backspace', 'k', 'e', 'v', 'i', 'n', 'space', 'space', 'space', 'space', 'space', 'space', 'return', 'return', 'return', 'space', 'space', 'space', 'space', 'space', 'space', 'space', 'space', 'space', 'space', 'space', 'space', 'space', 'space', 'space', 'space']",1
Kevin2.mp4,Kevin.JPG,,,
Kyle3.mp4,Kyle.JPG,kyle,"['k', 'y', 'l', 'e', 'w', 'backspace']",1
Kyle3.mp4,Kyle.JPG,,,
Lauren4.mp4,Lauren.JPG,Heather,"['lshift', 'lshift', 'h', 'e', 'a', 't', 'h', 'e', 'r', 'space']",0
Lauren4.mp4,Lauren.JPG,,,
Mark3.mp4,Mark.JPG,Mark,"['lshift', 'm', 'a', 'r', 'k', 'return']",1
Mark3.mp4,Mark.JPG,,,
Matthew2.mp4,Matthew.JPG,Matthew,"['lshift', 'm', 'a', 't', 't', 'h', 'e', 'w', 'space', 'return', 'space', 'return', 'space', 'return', 'space', 'return', 'space', 'return', 'return', 'space', 'space']",1
Matthew2.mp4,Matthew.JPG,,,
Megan2.mp4,Megan.JPG,amanda,"['a', 'm', 'a', 'n', 'd', 'a', 'return', 'space', 'space', 'return']",0
Megan2.mp4,Megan.JPG,,,
Michael2.mp4,Michael.JPG,,None,0
Michael2.mp4,Michael.JPG,,,
Michelle2.mp4,Michelle.JPG,emily,"['lshift', 'b', 'r', 'i', 't', 'a', 'n', 'backspace', 'backspace', 'backspace', 't', 'backspace', 'backspace', 'backspace', 'backspace', 'e', 'm', 'i', 'l', 'y']",0
Michelle2.mp4,Michelle.JPG,,,
Natalie3.mp4,Natalie.JPG,,None,0
Natalie3.mp4,Natalie.JPG,,,
Nathan3.mp4,Nathan.JPG,,None,0
Nathan3.mp4,Nathan.JPG,,,
Nicole2.mp4,Nicole.JPG,Anna,"['lshift', 'a', 'n', 'n', 'a', 'space']",0
Nicole2.mp4,Nicole.JPG,,,
Noah2.mp4,Noah.JPG,cody,"['c', 'o', 'd', 'y', 'space', 'left']",0
Noah2.mp4,Noah.JPG,,,
Olivia3.mp4,Olivia.JPG,Anna,"['lshift', 'a', 'n', 'n', 'a']",0
Olivia3.mp4,Olivia.JPG,,,
Rachel3.mp4,Rachel.JPG,Ashley,"['lshift', 'a', 's', 'h', 'l', 'e', 'y']",0
Rachel3.mp4,Rachel.JPG,,,
Rebecca3.mp4,Rebecca.JPG,Olivia,"['lshift', 'o', 'l', 'i', 'v', 'i', 'a']",0
Rebecca3.mp4,Rebecca.JPG,,,
Sarah2.mp4,Sarah.JPG,Stacy,"['lshift', 's', 't', 'a', 'c', 'y', 'space']",0
Sarah2.mp4,Sarah.JPG,,,
Shelby2.mp4,Shelby.JPG,Shelby,"['lshift', 's', 'h', 'e', 'l', 'b', 'y', 'space', 'return']",1
Shelby2.mp4,Shelby.JPG,,,
Steven2.mp4,Steven.JPG,Trevor,"['lshift', 't', 'r', 'e', 'v', 'o', 'r']",0
Steven2.mp4,Steven.JPG,,,
Taylor4.mp4,Taylor.JPG,Amanda,"['lshift', 'a', 'm', 'a', 'n', 'd', 'a', 'space', 'return']",0
Taylor4.mp4,Taylor.JPG,,,
Thomas2.mp4,Thomas.JPG,,None,0
Thomas2.mp4,Thomas.JPG,,,
Timothy3.mp4,Timothy.JPG,Andrew,"['lshift', 'a', 'n', 'd', 'r', 'e', 'w', 'space']",0
Timothy3.mp4,Timothy.JPG,,,
Trevor2.mp4,Trevor.JPG,,"['m', 'a', 'r', 'k', 'backspace', 'backspace', 'backspace', 'backspace', 'backspace']",0
Trevor2.mp4,Trevor.JPG,,,
Tyler3.mp4,Tyler.JPG,,None,0
Tyler3.mp4,Tyler.JPG,,,