,Video,Name,recallRating_AA,inputText,key_resp_3.keys
0,Aaron.mp4,Aaron,,,
1,Aaron.mp4,Aaron,0,justin,"['j', 'u', 's', 't', 'i', 'n']"
2,Adam.mp4,Adam,,,
3,Adam.mp4,Adam,0,kyle,"['k', 'y', 'l', 'e']"
4,Alyssa.mp4,Alyssa,,,
5,Alyssa.mp4,Alyssa,0,,None
6,Amanda.mp4,Amanda,,,
7,Amanda.mp4,Amanda,0,hannah,"['h', 'a', 'n', 'n', 'a', 'h']"
8,Andrew.mp4,Andrew,,,
9,Andrew.mp4,Andrew,0,dylan,"['k', 'backspace', 'd', 'y', 'u', 'backspace', 'a', 'l', 'backspace', 'backspace', 'l', 'a', 'n']"
10,Anna.mp4,Anna,,,
11,Anna.mp4,Anna,0,emily,"['e', 'm', 'i', 'l', 'y']"
12,Ashley.mp4,Ashley,,,
13,Ashley.mp4,Ashley,1,ashley,"['a', 's', 'h', 'e', 'l', 'y', 'backspace', 'backspace', 'backspace', 'l', 'e', 'y']"
14,Bradley.mp4,Bradley,,,
15,Bradley.mp4,Bradley,0,,None
16,Brandon.mp4,Brandon,,,
17,Brandon.mp4,Brandon,0,,None
18,Brian.mp4,Brian,,,
19,Brian.mp4,Brian,0,dylan,"['d', 'y', 'l', 'a', 'n']"
20,Brianna.mp4,Brianna,,,
21,Brianna.mp4,Brianna,0,,None
22,Brittany.mp4,Brittany,,,
23,Brittany.mp4,Brittany,1,brittany,"['b', 'r', 'i', 't', 't', 'a', 'n', 'y']"
24,Caleb.mp4,Caleb,,,
25,Caleb.mp4,Caleb,0,kyle,"['k', 'y', 'l', 'e']"
26,Cody.mp4,Cody,,,
27,Cody.mp4,Cody,0,jason,"['j', 'a', 's', 'o', 'n']"
28,Courtney.mp4,Courtney,,,
29,Courtney.mp4,Courtney,1,courtney,"['c', 'o', 'u', 'r', 't', 'n', 'e', 'y']"
30,Daniel.mp4,Daniel,,,
31,Daniel.mp4,Daniel,0,,None
32,Danielle.mp4,Danielle,,,
33,Danielle.mp4,Danielle,0,,None
34,David.mp4,David,,,
35,David.mp4,David,0,,None
36,Dylan.mp4,Dylan,,,
37,Dylan.mp4,Dylan,0,chris,"['c', 'h', 'r', 'i', 's']"
38,Emily.mp4,Emily,,,
39,Emily.mp4,Emily,0,,None
40,Eric.mp4,Eric,,,
41,Eric.mp4,Eric,0,nathan,"['n', 'a', 'h', 'backspace', 't', 'h', 'a', 'n']"
42,Ethan.mp4,Ethan,,,
43,Ethan.mp4,Ethan,0,kyle,"['k', 'y', 'l', 'e', 'space']"
44,Grace.mp4,Grace,,,
45,Grace.mp4,Grace,0,emily,"['e', 'm', 'i', 'l', 'y']"
46,Haley.mp4,Haley,,,
47,Haley.mp4,Haley,0,,None
48,Hannah.mp4,Hannah,,,
49,Hannah.mp4,Hannah,0,,None
50,Heather.mp4,Heather,,,
51,Heather.mp4,Heather,0,,None
52,Jacob.mp4,Jacob,,,
53,Jacob.mp4,Jacob,0,jason,"['j', 'a', 's', 'o', 'n']"
54,Jason.mp4,Jason,,,
55,Jason.mp4,Jason,0,andrew,"['a', 'n', 'd', 'r', 'e', 'w']"
56,Jenna.mp4,Jenna,,,
57,Jenna.mp4,Jenna,0,hannah,"['h', 'a', 'n', 'n', 'a', 'h']"
58,Jeremy.mp4,Jeremy,,,
59,Jeremy.mp4,Jeremy,0,dylan,"['d', 'y', 'l', 'a', 'n']"
60,Jessica.mp4,Jessica,,,
61,Jessica.mp4,Jessica,1,jessica,"['j', 'e', 's', 's', 'i', 'c', 'a']"
62,Josh.mp4,Josh,,,
63,Josh.mp4,Josh,0,,None
64,Julia.mp4,Julia,,,
65,Julia.mp4,Julia,0,sara,"['s', 'a', 'r', 'a']"
66,Justin.mp4,Justin,,,
67,Justin.mp4,Justin,0,ryan,"['r', 'y', 'a', 'n']"
68,Katie.mp4,Katie,,,
69,Katie.mp4,Katie,1,katie,"['k', 'a', 'i', 'backspace', 't', 'i', 'e']"
70,Kayla.mp4,Kayla,,,
71,Kayla.mp4,Kayla,1,kayla,"['k', 'a', 'y', 'l', 'a']"
72,Kelsey.mp4,Kelsey,,,
73,Kelsey.mp4,Kelsey,0,,None
74,Kevin.mp4,Kevin,,,
75,Kevin.mp4,Kevin,1,kevin,"['k', 'e', 'v', 'i', 'n']"
76,Kyle.mp4,Kyle,,,
77,Kyle.mp4,Kyle,0,,None
78,Lauren.mp4,Lauren,,,
79,Lauren.mp4,Lauren,0,olivia,"['h', 'a', 'n', 'n', 'a', 'backspace', 'backspace', 'backspace', 'backspace', 'backspace', 'o', 'l', 'i', 'v', 'i', 'a']"
80,Mark.mp4,Mark,,,
81,Mark.mp4,Mark,1,mark,"['m', 'a', 'r', 'k']"
82,Matthew.mp4,Matthew,,,
83,Matthew.mp4,Matthew,0,,None
84,Megan.mp4,Megan,,,
85,Megan.mp4,Megan,0,emily,"['e', 'm', 'i', 'l', 'y']"
86,Michael.mp4,Michael,,,
87,Michael.mp4,Michael,1,michael,"['m', 'i', 'c', 'h', 'a', 'e', 'l']"
88,Michelle.mp4,Michelle,,,
89,Michelle.mp4,Michelle,0,alyssa,"['a', 'l', 'y', 's', 's', 'a']"
90,Natalie.mp4,Natalie,,,
91,Natalie.mp4,Natalie,0,,None
92,Nathan.mp4,Nathan,,,
93,Nathan.mp4,Nathan,0,kevin,"['k', 'e', 'v', 'i', 'n']"
94,Nicole.mp4,Nicole,,,
95,Nicole.mp4,Nicole,0,,None
96,Noah.mp4,Noah,,,
97,Noah.mp4,Noah,0,jason,"['j', 'a', 's', 'o', 'n']"
98,Olivia.mp4,Olivia,,,
99,Olivia.mp4,Olivia,0,,None
100,Rachel.mp4,Rachel,,,
101,Rachel.mp4,Rachel,1,rachel,"['r', 'a', 'c', 'h', 'e', 'l']"
102,Rebecca.mp4,Rebecca,,,
103,Rebecca.mp4,Rebecca,0,sarah,"['s', 'a', 'r', 'a', 'h']"
104,Sarah.mp4,Sarah,,,
105,Sarah.mp4,Sarah,0,,"['b', 'backspace']"
106,Shelby.mp4,Shelby,,,
107,Shelby.mp4,Shelby,0,,None
108,Steven.mp4,Steven,,,
109,Steven.mp4,Steven,0,,None
110,Taylor.mp4,Taylor,,,
111,Taylor.mp4,Taylor,1,taylor,"['t', 'a', 'y', 'l', 'r', 'o', 'backspace', 'backspace', 'o', 'r']"
112,Thomas.mp4,Thomas,,,
113,Thomas.mp4,Thomas,0,kevin,"['k', 'e', 'v', 'i', 'n']"
114,Timothy.mp4,Timothy,,,
115,Timothy.mp4,Timothy,0,adam,"['a', 'd', 'a', 'm']"
116,Trevor.mp4,Trevor,,,
117,Trevor.mp4,Trevor,1,trevor,"['t', 'r', 'e', 'v', 'o', 'r']"
118,Tyler.mp4,Tyler,,,
119,Tyler.mp4,Tyler,0,,None