,Video,Name,recallRating_AA,inputText,key_resp_3.keys
0,Aaron.mp4,Aaron,,,
1,Aaron.mp4,Aaron,0,chris,"['c', 'h', 'i', 'r', 'backspace', 'backspace', 'r', 'i', 's']"
2,Adam.mp4,Adam,,,
3,Adam.mp4,Adam,0,,None
4,Alyssa.mp4,Alyssa,,,
5,Alyssa.mp4,Alyssa,0,,None
6,Amanda.mp4,Amanda,,,
7,Amanda.mp4,Amanda,0,,None
8,Andrew.mp4,Andrew,,,
9,Andrew.mp4,Andrew,0,,None
10,Anna.mp4,Anna,,,
11,Anna.mp4,Anna,0,,None
12,Ashley.mp4,Ashley,,,
13,Ashley.mp4,Ashley,0,hannah,"['h', 'a', 'n', 'n', 'a', 'h']"
14,Bradley.mp4,Bradley,,,
15,Bradley.mp4,Bradley,1,bradly,"['b', 'r', 'a', 'd', 'l', 'y', 'equal', 'e', 'y', 'y', 'backspace', 'backspace', 'backspace']"
16,Brandon.mp4,Brandon,,,
17,Brandon.mp4,Brandon,0,,None
18,Brian.mp4,Brian,,,
19,Brian.mp4,Brian,0,brandon,"['b', 'r', 'a', 'n', 'd', 'o', 'n']"
20,Brianna.mp4,Brianna,,,
21,Brianna.mp4,Brianna,0,,None
22,Brittany.mp4,Brittany,,,
23,Brittany.mp4,Brittany,1,brittney,"['b', 'e', 'backspace', 'r', 'i', 't', 't', 'n', 'e', 'y']"
24,Caleb.mp4,Caleb,,,
25,Caleb.mp4,Caleb,0,,None
26,Cody.mp4,Cody,,,
27,Cody.mp4,Cody,0,trevor,"['t', 'r', 'e', 'v', 'o', 'r']"
28,Courtney.mp4,Courtney,,,
29,Courtney.mp4,Courtney,0,lauren,"['l', 'a', 'u', 'r', 'e', 'n']"
30,Daniel.mp4,Daniel,,,
31,Daniel.mp4,Daniel,o,,None
32,Danielle.mp4,Danielle,,,
33,Danielle.mp4,Danielle,1,danielle,"['d', 'a', 'n', 'i', 'e', 'l', 'l', 'e']"
34,David.mp4,David,,,
35,David.mp4,David,0,,None
36,Dylan.mp4,Dylan,,,
37,Dylan.mp4,Dylan,1,dylan,"['d', 'y', 'l', 'a', 'n', 'return', 'return']"
38,Emily.mp4,Emily,,,
39,Emily.mp4,Emily,1,emily,"['e', 'm', 'i', 'l', 'y', '4', 'backspace']"
40,Eric.mp4,Eric,,,
41,Eric.mp4,Eric,0,ethan,"['e', 't', 'h', 'n', 'a', 'q', 'backspace', 'backspace', 'backspace', 'a', 'n']"
42,Ethan.mp4,Ethan,,,
43,Ethan.mp4,Ethan,0,,None
44,Grace.mp4,Grace,,,
45,Grace.mp4,Grace,0,,None
46,Haley.mp4,Haley,,,
47,Haley.mp4,Haley,0,,None
48,Hannah.mp4,Hannah,,,
49,Hannah.mp4,Hannah,1,hannah,"['h', 'a', 'n', 'n', 'a', 'h']"
50,Heather.mp4,Heather,,,
51,Heather.mp4,Heather,0,maddie,"['m', 'a', 'd', 'd', 'i', 'e']"
52,Jacob.mp4,Jacob,,,
53,Jacob.mp4,Jacob,1,jacob,"['h', 'backspace', 'backspace', 'j', 'a', 'c', 'o', 'b']"
54,Jason.mp4,Jason,,,
55,Jason.mp4,Jason,0,,None
56,Jenna.mp4,Jenna,,,
57,Jenna.mp4,Jenna,1,jenna,"['j', 'e', 'n', 'n', 'a']"
58,Jeremy.mp4,Jeremy,,,
59,Jeremy.mp4,Jeremy,0,mathew,"['m', 'a', 't', 'h', 'e', 'w']"
60,Jessica.mp4,Jessica,,,
61,Jessica.mp4,Jessica,1,jessica,"['j', 'e', 's', 's', 'i', 'c', 'a']"
62,Josh.mp4,Josh,,,
63,Josh.mp4,Josh,0,,None
64,Julia.mp4,Julia,,,
65,Julia.mp4,Julia,1,julia,"['j', 'u', 'l', 'i', 'a']"
66,Justin.mp4,Justin,,,
67,Justin.mp4,Justin,1,justin,"['j', 'u', 's', 't', 'i', 'n', 'space']"
68,Katie.mp4,Katie,,,
69,Katie.mp4,Katie,1,katie,"['k', 'a', 't', 'i', 'e']"
70,Kayla.mp4,Kayla,,,
71,Kayla.mp4,Kayla,0,,None
72,Kelsey.mp4,Kelsey,,,
73,Kelsey.mp4,Kelsey,0,,None
74,Kevin.mp4,Kevin,,,
75,Kevin.mp4,Kevin,0,,None
76,Kyle.mp4,Kyle,,,
77,Kyle.mp4,Kyle,1,kyle,"['k', 'y', 'l', 'e']"
78,Lauren.mp4,Lauren,,,
79,Lauren.mp4,Lauren,0,,None
80,Mark.mp4,Mark,,,
81,Mark.mp4,Mark,0,,None
82,Matthew.mp4,Matthew,,,
83,Matthew.mp4,Matthew,1,mathew,"['m', 'a', 't', 'h', 'e', 'w']"
84,Megan.mp4,Megan,,,
85,Megan.mp4,Megan,0,kimber,"['k', 'i', 'm', 'b', 'e', 'r']"
86,Michael.mp4,Michael,,,
87,Michael.mp4,Michael,0,caleb,"['c', 'a', 'l', 'e', 'b']"
88,Michelle.mp4,Michelle,,,
89,Michelle.mp4,Michelle,1,michelle,"['m', 'i', 'c', 'h', 'e', 'l', 'l', 'e']"
90,Natalie.mp4,Natalie,,,
91,Natalie.mp4,Natalie,1,natalie,"['n', 'a', 't', 'a', 'l', 'y', 'backspace', 'i', 'e']"
92,Nathan.mp4,Nathan,,,
93,Nathan.mp4,Nathan,1,nathan,"['n', 'a', 't', 'h', 'a', 'n']"
94,Nicole.mp4,Nicole,,,
95,Nicole.mp4,Nicole,1,nicole,"['n', 'i', 'c', 'l', 'backspace', 'o', 'l', 'e']"
96,Noah.mp4,Noah,,,
97,Noah.mp4,Noah,0,n,"['b', 'i', 'a', 'h', 'backspace', 'backspace', 'backspace', 'backspace', 'backspace', 'b', 'i', 'a', 'h', 'backspace', 'backspace', 'backspace', 'backspace', 'backspace', 'backspace', 'n']"
98,Olivia.mp4,Olivia,,,
99,Olivia.mp4,Olivia,0,,None
100,Rachel.mp4,Rachel,,,
101,Rachel.mp4,Rachel,0,ally,"['a', 'l', 'l', 'y']"
102,Rebecca.mp4,Rebecca,,,
103,Rebecca.mp4,Rebecca,1,rebecca,"['r', 'e', 'b', 'e', 'c', 'c', 'a']"
104,Sarah.mp4,Sarah,,,
105,Sarah.mp4,Sarah,1,sarah,"['s', 'a', 'r', 'a', 'h']"
106,Shelby.mp4,Shelby,,,
107,Shelby.mp4,Shelby,1,shelby,"['s', 'h', 'e', 'l', 'b', 'y']"
108,Steven.mp4,Steven,,,
109,Steven.mp4,Steven,0,tom,"['t', 'o', 'm', 'space']"
110,Taylor.mp4,Taylor,,,
111,Taylor.mp4,Taylor,1,taylor,"['t', 'a', 'l', 'backspace', 'y', 'l', 'o', 'r']"
112,Thomas.mp4,Thomas,,,
113,Thomas.mp4,Thomas,1,thomas,"['t', 'h', 'o', 'm', 'a', 's']"
114,Timothy.mp4,Timothy,,,
115,Timothy.mp4,Timothy,1,timothy,"['t', 'i', 'm', 'o', 't', 'h', 'y']"
116,Trevor.mp4,Trevor,,,
117,Trevor.mp4,Trevor,1,trevor,"['t', 'r', 'e', 'v', 'o', 'r']"
118,Tyler.mp4,Tyler,,,
119,Tyler.mp4,Tyler,0,tom,"['t', 'o', 'm']"
