,Video,Name,recallRating_AA,inputText,key_resp_3.keys
0,Aaron.mp4,Aaron,,,
1,Aaron.mp4,Aaron,0.0,Shawn,"['lshift', 's', 'd', 'h', 'backspace', 'backspace', 'h', 'a', 'w', 'n']"
2,Adam.mp4,Adam,,,
3,Adam.mp4,Adam,0.0,Ben,"['lshift', 'b', 'e', 'n']"
4,Alyssa.mp4,Alyssa,,,
5,Alyssa.mp4,Alyssa,0.0,Charlott,"['lshift', 'c', 'h', 'a', 'r', 'l', 'o', 't', 't', 'e', 'backspace', 'equal']"
6,Amanda.mp4,Amanda,,,
7,Amanda.mp4,Amanda,0.0,,None
8,Andrew.mp4,Andrew,,,
9,Andrew.mp4,Andrew,0.0,Caleb,"['lshift', 'c', 'a', 'l', 'e', 'b']"
10,Anna.mp4,Anna,,,
11,Anna.mp4,Anna,0.0,Ada,"['lshift', 'a', 'd', 'a']"
12,Ashley.mp4,Ashley,,,
13,Ashley.mp4,Ashley,0.0,Brittany,"['lshift', 'b', 'r', 'i', 't', 't', 'a', 'n', 'y']"
14,Bradley.mp4,Bradley,,,
15,Bradley.mp4,Bradley,0.0,Tim,"['lshift', 't', 'i', 'm']"
16,Brandon.mp4,Brandon,,,
17,Brandon.mp4,Brandon,1.0,Brandon,"['lshift', 'b', 'r', 'a', 'n', 'd', 'o', 'n']"
18,Brian.mp4,Brian,,,
19,Brian.mp4,Brian,0.0,Caleb,"['lshift', 'c', 'a', 'l', 'e', 'b']"
20,Brianna.mp4,Brianna,,,
21,Brianna.mp4,Brianna,0.0,Katherine,"['lshift', 'lshift', 'k', 'a', 't', 'h', 'e', 'r', 'i', 'n', 'e']"
22,Brittany.mp4,Brittany,,,
23,Brittany.mp4,Brittany,0.0,,None
24,Caleb.mp4,Caleb,,,
25,Caleb.mp4,Caleb,0.0,Taylor,"['lshift', 't', 'a', 'y', 'l', 'o', 'r']"
26,Cody.mp4,Cody,,,
27,Cody.mp4,Cody,0.0,Josh,"['lshift', 'j', 's', 'backspace', 'o', 's', 'h']"
28,Courtney.mp4,Courtney,,,
29,Courtney.mp4,Courtney,0.0,Caroline,"['lshift', 'c', 'a', 'r', 'o', 'l', 'i', 'n', 'e']"
30,Daniel.mp4,Daniel,,,
31,Daniel.mp4,Daniel,0.0,Jason,"['lshift', 'j', 'a', 's', 'o', 'n']"
32,Danielle.mp4,Danielle,,,
33,Danielle.mp4,Danielle,0.0,,None
34,David.mp4,David,,,
35,David.mp4,David,0.0,Justin,"['lshift', 'j', 'u', 's', 't', 'i', 'n']"
36,Dylan.mp4,Dylan,,,
37,Dylan.mp4,Dylan,0.0,Caleb,"['lshift', 'c', 'a', 'l', 'e', 'b']"
38,Emily.mp4,Emily,,,
39,Emily.mp4,Emily,0.0,Sarah,"['lshift', 's', 'a', 'r', 'a', 'h']"
40,Eric.mp4,Eric,,,
41,Eric.mp4,Eric,0.0,Josh,"['lshift', 'j', 'o', 's', 'h']"
42,Ethan.mp4,Ethan,,,
43,Ethan.mp4,Ethan,0.0,Henry,"['lshift', 'h', 'e', 'n', 'r', 'y']"
44,Grace.mp4,Grace,,,
45,Grace.mp4,Grace,1.0,Grace,"['lshift', 'g', 'r', 'a', 'c', 'e']"
46,Haley.mp4,Haley,,,
47,Haley.mp4,Haley,0.0,Tiffany,"['lshift', 't', 'i', 'f', 'f', 'a', 'n', 'y']"
48,Hannah.mp4,Hannah,,,
49,Hannah.mp4,Hannah,0.0,Christine,"['lshift', 'c', 'lshift', 'c', 'h', 'backspace', 'backspace', 'h', 'r', 'i', 's', 't', 'i', 'n', 'e']"
50,Heather.mp4,Heather,,,
51,Heather.mp4,Heather,0.0,Ashley,"['lshift', 'a', 's', 'h', 'l', 'e', 'y']"
52,Jacob.mp4,Jacob,,,
53,Jacob.mp4,Jacob,0.0,Mathias,"['lshift', 'm', 'a', 't', 'h', 'i', '9', 'a', 's', 'backspace', 'backspace', 'backspace', 'a', 's']"
54,Jason.mp4,Jason,,,
55,Jason.mp4,Jason,0.0,Josh,"['lshift', 'j', 'o', 's', 'h']"
56,Jenna.mp4,Jenna,,,
57,Jenna.mp4,Jenna,0.0,Amanda,"['lshift', 'a', 'm', 'a', 'n', 'd', 'a']"
58,Jeremy.mp4,Jeremy,,,
59,Jeremy.mp4,Jeremy,0.0,Tyler,"['lshift', 't', 'y', 'l', 'e', 'r']"
60,Jessica.mp4,Jessica,,,
61,Jessica.mp4,Jessica,1.0,Jes,"['lshift', 'a', 'l', 'i', 's', 'a', 'backspace', 'backspace', 'backspace', 'backspace', 'backspace', 'lshift', 'j', 'e', 's']"
62,Josh.mp4,Josh,,,
63,Josh.mp4,Josh,0.0,,None
64,Julia.mp4,Julia,,,
65,Julia.mp4,Julia,0.0,Sarah,"['lshift', 's', 'a', 'r', 'a', 'h']"
66,Justin.mp4,Justin,,,
67,Justin.mp4,Justin,0.0,Henry,"['lshift', 'h', 'e', 'n', 'r', 'y']"
68,Katie.mp4,Katie,,,
69,Katie.mp4,Katie,0.0,,None
70,Kayla.mp4,Kayla,,,
71,Kayla.mp4,Kayla,0.0,Nicole,"['lshift', 'n', 'i', 'c', 'o', 'l', 'e']"
72,Kelsey.mp4,Kelsey,,,
73,Kelsey.mp4,Kelsey,0.0,,None
74,Kevin.mp4,Kevin,,,
75,Kevin.mp4,Kevin,0.0,Noah,"['lshift', 'n', 'o', 'a', 'h']"
76,Kyle.mp4,Kyle,,,
77,Kyle.mp4,Kyle,0.0,,None
78,Lauren.mp4,Lauren,,,
79,Lauren.mp4,Lauren,0.0,Alice,"['lshift', 'a', 'semicolon', 'i', 'c', 'e', 'backspace', 'backspace', 'backspace', 'l', 'i', 'c', 'e']"
80,Mark.mp4,Mark,,,
81,Mark.mp4,Mark,0.0,Gabriel,"['lshift', 'g', 'a', 'b', 'r', 'i', 'e', 'l']"
82,Matthew.mp4,Matthew,,,
83,Matthew.mp4,Matthew,0.0,,None
84,Megan.mp4,Megan,,,
85,Megan.mp4,Megan,0.0,Tiffany,"['lshift', 't', 'i', 'f', 'f', 'a', 'n', 'y', 'return']"
86,Michael.mp4,Michael,,,
87,Michael.mp4,Michael,1.0,Michael,"['lshift', 'm', 'i', 'c', 'h', 'a', 'e', 'l']"
88,Michelle.mp4,Michelle,,,
89,Michelle.mp4,Michelle,0.0,Sarah,"['lshift', 's', 'a', 'r', 'a', 'h']"
90,Natalie.mp4,Natalie,,,
91,Natalie.mp4,Natalie,0.0,Christine,"['lshift', 'c', 'h', 'r', 'i', 's', 't', 'i', 'n', 'e']"
92,Nathan.mp4,Nathan,,,
93,Nathan.mp4,Nathan,0.0,Pierre,"['lshift', 'p', 'i', 'e', 'r', 'r', 'e']"
94,Nicole.mp4,Nicole,,,
95,Nicole.mp4,Nicole,0.0,Sarah,"['lshift', 's', 'a', 'r', 'a', 'h']"
96,Noah.mp4,Noah,,,
97,Noah.mp4,Noah,1.0,Noah,"['lshift', 'n', 'o', 'a', 'h']"
98,Olivia.mp4,Olivia,,,
99,Olivia.mp4,Olivia,0.0,Sarah,"['lshift', 's', 'a', 'r', 'a', 'h']"
100,Rachel.mp4,Rachel,,,
101,Rachel.mp4,Rachel,0.0,Tiffany,"['lshift', 't', 'i', 'f', 'f', 'a', 'n', 'y']"
102,Rebecca.mp4,Rebecca,,,
103,Rebecca.mp4,Rebecca,0.0,Nicole,"['lshift', 'n', 'i', 'o', 'backspace', 'c', 'o', 'l', 'e']"
104,Sarah.mp4,Sarah,,,
105,Sarah.mp4,Sarah,0.0,Caroline,"['lshift', 'c', 'a', 'r', 'o', 'l', 'i', 'n', 'e']"
106,Shelby.mp4,Shelby,,,
107,Shelby.mp4,Shelby,0.0,Xiowi,"['lshift', 'x', 'i', 'o', 'w', 'y', 'backspace', 'i']"
108,Steven.mp4,Steven,,,
109,Steven.mp4,Steven,0.0,Tyler,"['lshift', 't', 'y', 'semicolon', 'l', 'e', 'r']"
110,Taylor.mp4,Taylor,,,
111,Taylor.mp4,Taylor,0.0,Michelle,"['lshift', 'm', 'i', 'c', 'h', 'e', 'l', 'l', 'e']"
112,Thomas.mp4,Thomas,,,
113,Thomas.mp4,Thomas,0.0,Michael,"['lshift', 'm', 'i', 'c', 'h', 'a', 'e', 'l']"
114,Timothy.mp4,Timothy,,,
115,Timothy.mp4,Timothy,0.0,He,"['lshift', 'h', 'e', 'n', 'r', 'y', 'backspace', 'backspace', 'backspace']"
116,Trevor.mp4,Trevor,,,
117,Trevor.mp4,Trevor,0.0,Ben,"['lshift', 'b', 'e', 'n']"
118,Tyler.mp4,Tyler,,,
119,Tyler.mp4,Tyler,0.0,Thomas,"['lshift', 't', 'h', 'o', 'm', 'a', 's']"
