,Video,Name,recallRating_AA,inputText,key_resp_3.keys
0,Aaron.mp4,Aaron,,,
1,Aaron.mp4,Aaron,0.0,josh,"['j', 'o', 's', 'h']"
2,Adam.mp4,Adam,,,
3,Adam.mp4,Adam,1.0,adam,"['a', 'd', 'a', 'm']"
4,Alyssa.mp4,Alyssa,,,
5,Alyssa.mp4,Alyssa,1.0,alyssa,"['a', 'l', 'y', 's', 's', 'a']"
6,Amanda.mp4,Amanda,,,
7,Amanda.mp4,Amanda,1.0,amanda,"['a', 'm', 'a', 'n', 'd', 'a']"
8,Andrew.mp4,Andrew,,,
9,Andrew.mp4,Andrew,0.0,,None
10,Anna.mp4,Anna,,,
11,Anna.mp4,Anna,0.0,emil,"['e', 'm', 'i', 'l']"
12,Ashley.mp4,Ashley,,,
13,Ashley.mp4,Ashley,0.0,brittany,"['b', 'r', 'i', 't', 't', 'a', 'n', 'y']"
14,Bradley.mp4,Bradley,,,
15,Bradley.mp4,Bradley,1.0,bradley,"['b', 'r', 'a', 'd', 'l', 'e', 'y']"
16,Brandon.mp4,Brandon,,,
17,Brandon.mp4,Brandon,0.0,caleb,"['c', 'a', 'l', 'e', 'b']"
18,Brian.mp4,Brian,,,
19,Brian.mp4,Brian,1.0,bryan,"['b', 'r', 'y', 'a', 'n']"
20,Brianna.mp4,Brianna,,,
21,Brianna.mp4,Brianna,0.0,,None
22,Brittany.mp4,Brittany,,,
23,Brittany.mp4,Brittany,0.0,emily,"['e', 'i', 'm', 'backspace', 'backspace', 'm', 'i', 'l', 'y']"
24,Caleb.mp4,Caleb,,,
25,Caleb.mp4,Caleb,0.0,br,"['b', 'r']"
26,Cody.mp4,Cody,,,
27,Cody.mp4,Cody,1.0,cody,"['c', 'o', 'd', 'y']"
28,Courtney.mp4,Courtney,,,
29,Courtney.mp4,Courtney,0.0,olivia,"['o', 'l', 'i', 'v', 'i', 'a']"
30,Daniel.mp4,Daniel,,,
31,Daniel.mp4,Daniel,1.0,daniel,"['d', 'a', 'n', 'i', 'e', 'l', 'l', 'backspace']"
32,Danielle.mp4,Danielle,,,
33,Danielle.mp4,Danielle,1.0,danielle,"['d', 'a', 'n', 'i', 'e', 'l', 'l', 'e']"
34,David.mp4,David,,,
35,David.mp4,David,0.0,,None
36,Dylan.mp4,Dylan,,,
37,Dylan.mp4,Dylan,1.0,dylan,"['d', 'y', 'l', 'a', 'n']"
38,Emily.mp4,Emily,,,
39,Emily.mp4,Emily,1.0,emily,"['e', 'i', 'm', 'backspace', 'backspace', 'space', 'm', 'backspace', 'backspace', 'm', 'i', 'l', 'y']"
40,Eric.mp4,Eric,,,
41,Eric.mp4,Eric,1.0,eric,"['e', 'r', 'i', 'c']"
42,Ethan.mp4,Ethan,,,
43,Ethan.mp4,Ethan,1.0,ethan,"['e', 't', 'h', 'a', 'n']"
44,Grace.mp4,Grace,,,
45,Grace.mp4,Grace,1.0,grace,"['g', 'r', 'a', 'c', 'e']"
46,Haley.mp4,Haley,,,
47,Haley.mp4,Haley,0.0,,None
48,Hannah.mp4,Hannah,,,
49,Hannah.mp4,Hannah,0.0,,None
50,Heather.mp4,Heather,,,
51,Heather.mp4,Heather,0.0,brittany,"['n', 'backspace', 'backspace', 'b', 't', 'backspace', 'r', 'i', 't', 't', 'a', 'n', 'y']"
52,Jacob.mp4,Jacob,,,
53,Jacob.mp4,Jacob,1.0,jacob,"['j', 'a', 'c', 'o', 'b']"
54,Jason.mp4,Jason,,,
55,Jason.mp4,Jason,1.0,jason,"['j', 'a', 'o', 'backspace', 's', 'o', 'n']"
56,Jenna.mp4,Jenna,,,
57,Jenna.mp4,Jenna,1.0,jenna,"['j', 'e', 'n', 'n', 'a']"
58,Jeremy.mp4,Jeremy,,,
59,Jeremy.mp4,Jeremy,0.0,,None
60,Jessica.mp4,Jessica,,,
61,Jessica.mp4,Jessica,1.0,jessica,"['j', 'e', 's', 's', 'i', 'c', 'a']"
62,Josh.mp4,Josh,,,
63,Josh.mp4,Josh,1.0,josh,"['j', 'o', 's', 'h']"
64,Julia.mp4,Julia,,,
65,Julia.mp4,Julia,0.0,,None
66,Justin.mp4,Justin,,,
67,Justin.mp4,Justin,0.0,,None
68,Katie.mp4,Katie,,,
69,Katie.mp4,Katie,0.0,hannah,"['h', 'a', 'n', 'n', 'a', 'h']"
70,Kayla.mp4,Kayla,,,
71,Kayla.mp4,Kayla,1.0,kayla,"['k', 'a', 'y', 'l', 'a']"
72,Kelsey.mp4,Kelsey,,,
73,Kelsey.mp4,Kelsey,0.0,jes,"['j', 'e', 's']"
74,Kevin.mp4,Kevin,,,
75,Kevin.mp4,Kevin,0.0,,None
76,Kyle.mp4,Kyle,,,
77,Kyle.mp4,Kyle,1.0,kyle,"['k', 'y', 'l', 'e']"
78,Lauren.mp4,Lauren,,,
79,Lauren.mp4,Lauren,0.0,nicole,"['n', 'i', 'c', 'o', 'l', 'e']"
80,Mark.mp4,Mark,,,
81,Mark.mp4,Mark,0.0,thomas,"['t', 'h', 'o', 'm', 'a', 's']"
82,Matthew.mp4,Matthew,,,
83,Matthew.mp4,Matthew,1.0,matthew,"['a', 'm', 'backspace', 'backspace', 'a', 'backspace', 'm', 'a', 't', 't', 'h', 'e', 'w']"
84,Megan.mp4,Megan,,,
85,Megan.mp4,Megan,1.0,megan,"['m', 'e', 'g', 'a', 'n']"
86,Michael.mp4,Michael,,,
87,Michael.mp4,Michael,0.0,,None
88,Michelle.mp4,Michelle,,,
89,Michelle.mp4,Michelle,1.0,michelle,"['m', 'i', 'c', 'h', 'e', 'l', 'l', 'e']"
90,Natalie.mp4,Natalie,,,
91,Natalie.mp4,Natalie,0.0,emily,"['e', 'm', 'i', 'l', 'y']"
92,Nathan.mp4,Nathan,,,
93,Nathan.mp4,Nathan,0.0,noah,"['n', 'o', 'a', 'h']"
94,Nicole.mp4,Nicole,,,
95,Nicole.mp4,Nicole,0.0,,None
96,Noah.mp4,Noah,,,
97,Noah.mp4,Noah,0.0,daniel,"['d', 'a', 'n', 'i', 'e', 'l']"
98,Olivia.mp4,Olivia,,,
99,Olivia.mp4,Olivia,1.0,olivia,"['o', 'i', 'v', 'backspace', 'backspace', 'l', 'i', 'v', 'i', 'a']"
100,Rachel.mp4,Rachel,,,
101,Rachel.mp4,Rachel,1.0,rachel,"['r', 'a', 'c', 'h', 'e', 'l', 'return']"
102,Rebecca.mp4,Rebecca,,,
103,Rebecca.mp4,Rebecca,0.0,,None
104,Sarah.mp4,Sarah,,,
105,Sarah.mp4,Sarah,1.0,sarah,"['s', 'a', 'r', 'a', 'h']"
106,Shelby.mp4,Shelby,,,
107,Shelby.mp4,Shelby,1.0,shelby,"['s', 'h', 'e', 'l', 'b', 'y']"
108,Steven.mp4,Steven,,,
109,Steven.mp4,Steven,0.0,,None
110,Taylor.mp4,Taylor,,,
111,Taylor.mp4,Taylor,0.0,,None
112,Thomas.mp4,Thomas,,,
113,Thomas.mp4,Thomas,1.0,thomas,"['t', 'h', 'o', 'm', 'a', 's']"
114,Timothy.mp4,Timothy,,,
115,Timothy.mp4,Timothy,0.0,kyle,"['k', 'y', 'l', 'e']"
116,Trevor.mp4,Trevor,,,
117,Trevor.mp4,Trevor,0.0,,None
118,Tyler.mp4,Tyler,,,
119,Tyler.mp4,Tyler,0.0,,None
