,Video,Name,recallRating_AA,inputText,key_resp_3.keys
0,Aaron.mp4,Aaron,,,
1,Aaron.mp4,Aaron,0.0,jake,"['j', 'a', 'k', 'e']"
2,Adam.mp4,Adam,,,
3,Adam.mp4,Adam,0.0,,None
4,Alyssa.mp4,Alyssa,,,
5,Alyssa.mp4,Alyssa,0.0,amanda,"['a', 'm', 'a', 'n', 'd', 'a', 'return']"
6,Amanda.mp4,Amanda,,,
7,Amanda.mp4,Amanda,0.0,,None
8,Andrew.mp4,Andrew,,,
9,Andrew.mp4,Andrew,0.0,john,"['j', 'o', 'h', 'n', 'return']"
10,Anna.mp4,Anna,,,
11,Anna.mp4,Anna,0.0,amanda,"['a', 'm', 'y', 'backspace', 'backspace', 'm', 'a', 'n', 'd', 'a']"
12,Ashley.mp4,Ashley,,,
13,Ashley.mp4,Ashley,0.0,,None
14,Bradley.mp4,Bradley,,,
15,Bradley.mp4,Bradley,0.0,,None
16,Brandon.mp4,Brandon,,,
17,Brandon.mp4,Brandon,0.0,caleb,"['d', 'y', 'l', 'a', 'n', 'backspace', 'backspace', 'backspace', 'backspace', 'backspace', 'backspace', 'c', 'a', 'l', 'e', 'b']"
18,Brian.mp4,Brian,,,
19,Brian.mp4,Brian,0.0,tony,"['t', 'o', 'n', 'y', 'return']"
20,Brianna.mp4,Brianna,,,
21,Brianna.mp4,Brianna,0.0,,"['k', 'a', 't', 'i', 'e', 'space', 'backspace', 'backspace', 'backspace', 'backspace', 'backspace', 'backspace', 'backspace']"
22,Brittany.mp4,Brittany,,,
23,Brittany.mp4,Brittany,0.0,amanda,"['a', 'm', 'a', 'n', 'd', 'a', 'return']"
24,Caleb.mp4,Caleb,,,
25,Caleb.mp4,Caleb,0.0,john,"['j', 'o', 'h', 'n', 'return']"
26,Cody.mp4,Cody,,,
27,Cody.mp4,Cody,0.0,,None
28,Courtney.mp4,Courtney,,,
29,Courtney.mp4,Courtney,0.0,stephanie,"['s', 't', 'e', 'backspace', 'backspace', 'backspace', 'backspace', 's', 't', 'e', 'p', 'h', 'n', 'a', 'backspace', 'backspace', 'a', 'n', 'i', 'e']"
30,Daniel.mp4,Daniel,,,
31,Daniel.mp4,Daniel,0.0,,None
32,Danielle.mp4,Danielle,,,
33,Danielle.mp4,Danielle,0.0,,None
34,David.mp4,David,,,
35,David.mp4,David,0.0,,None
36,Dylan.mp4,Dylan,,,
37,Dylan.mp4,Dylan,0.0,jake,"['j', 'a', 'k', 'e', 'space', 'return']"
38,Emily.mp4,Emily,,,
39,Emily.mp4,Emily,0.0,,"['2', 'backspace']"
40,Eric.mp4,Eric,,,
41,Eric.mp4,Eric,0.0,,None
42,Ethan.mp4,Ethan,,,
43,Ethan.mp4,Ethan,0.0,tony,"['t', 'o', 'n', 'y']"
44,Grace.mp4,Grace,,,
45,Grace.mp4,Grace,0.0,da,"['d', 'a', 'n', 'i', 'l', 'e', 'backspace', 'backspace', 'e', 'l', 'l', 'e', 'space', 'backspace', 'backspace', 'backspace', 'backspace', 'backspace', 'backspace', 'backspace']"
46,Haley.mp4,Haley,,,
47,Haley.mp4,Haley,0.0,,None
48,Hannah.mp4,Hannah,,,
49,Hannah.mp4,Hannah,0.0,,None
50,Heather.mp4,Heather,,,
51,Heather.mp4,Heather,0.0,,None
52,Jacob.mp4,Jacob,,,
53,Jacob.mp4,Jacob,0.0,jake,"['j', 'a', 'k', 'e']"
54,Jason.mp4,Jason,,,
55,Jason.mp4,Jason,0.0,,"['d', 'y', 'l', 'a', 'n', 'backspace', 'backspace', 'backspace', 'backspace', 'backspace', 'backspace']"
56,Jenna.mp4,Jenna,,,
57,Jenna.mp4,Jenna,0.0,,"['1', 'backspace']"
58,Jeremy.mp4,Jeremy,,,
59,Jeremy.mp4,Jeremy,0.0,,None
60,Jessica.mp4,Jessica,,,
61,Jessica.mp4,Jessica,0.0,alyssa,"['a', 'l', 'y', 's', 's', 'a', 'return']"
62,Josh.mp4,Josh,,,
63,Josh.mp4,Josh,0.0,raj,"['r', 'a', 'j']"
64,Julia.mp4,Julia,,,
65,Julia.mp4,Julia,0.0,,None
66,Justin.mp4,Justin,,,
67,Justin.mp4,Justin,0.0,,"['1', 'backspace']"
68,Katie.mp4,Katie,,,
69,Katie.mp4,Katie,1.0,katie,"['k', 'a', 'i', 'backspace', 't', 'e', 'space', 'backspace', 'backspace', 'i', 'e', 'space', 'return']"
70,Kayla.mp4,Kayla,,,
71,Kayla.mp4,Kayla,0.0,zahra,"['z', 'a', 'h', 'r', 'a']"
72,Kelsey.mp4,Kelsey,,,
73,Kelsey.mp4,Kelsey,0.0,amanda,"['a', 'm', 'a', 'n', 'd', 'a']"
74,Kevin.mp4,Kevin,,,
75,Kevin.mp4,Kevin,0.0,dylan,"['d', 'y', 'l', 'a', 'n']"
76,Kyle.mp4,Kyle,,,
77,Kyle.mp4,Kyle,0.0,brandon,"['t', 'o', 'n', 'y', 'backspace', 'backspace', 'backspace', 'backspace', 'b', 'r', 'a', 'd', 'backspace', 'n', 'd', 'o', 'n']"
78,Lauren.mp4,Lauren,,,
79,Lauren.mp4,Lauren,0.0,,None
80,Mark.mp4,Mark,,,
81,Mark.mp4,Mark,0.0,,None
82,Matthew.mp4,Matthew,,,
83,Matthew.mp4,Matthew,0.0,,None
84,Megan.mp4,Megan,,,
85,Megan.mp4,Megan,0.0,,None
86,Michael.mp4,Michael,,,
87,Michael.mp4,Michael,0.0,bryan,"['b', 'r', 'y', 'a', 'n']"
88,Michelle.mp4,Michelle,,,
89,Michelle.mp4,Michelle,0.0,alyssa,"['a', 'l', 'y', 's', 's', 'a', 'return']"
90,Natalie.mp4,Natalie,,,
91,Natalie.mp4,Natalie,0.0,,None
92,Nathan.mp4,Nathan,,,
93,Nathan.mp4,Nathan,0.0,zach,"['z', 'a', 'c', 'k', 'space', 'backspace', 'backspace', 'backspace', 'h', 'backspace', 'c', 'h']"
94,Nicole.mp4,Nicole,,,
95,Nicole.mp4,Nicole,0.0,kaya,"['k', 'a', 'y', 'a']"
96,Noah.mp4,Noah,,,
97,Noah.mp4,Noah,0.0,jake,"['j', 'a', 'k', 'e', 'return']"
98,Olivia.mp4,Olivia,,,
99,Olivia.mp4,Olivia,0.0,amanda,"['a', 'm', 'a', 'n', 'd', 'a', 'return']"
100,Rachel.mp4,Rachel,,,
101,Rachel.mp4,Rachel,0.0,daisy,"['d', 'a', 'i', 's', 'y']"
102,Rebecca.mp4,Rebecca,,,
103,Rebecca.mp4,Rebecca,0.0,jacky,"['j', 'a', 'c', 'k', 'y']"
104,Sarah.mp4,Sarah,,,
105,Sarah.mp4,Sarah,0.0,,"['space', 'return', 'space']"
106,Shelby.mp4,Shelby,,,
107,Shelby.mp4,Shelby,0.0,amy,"['a', 'm', 'y', 'return']"
108,Steven.mp4,Steven,,,
109,Steven.mp4,Steven,0.0,,None
110,Taylor.mp4,Taylor,,,
111,Taylor.mp4,Taylor,0.0,,None
112,Thomas.mp4,Thomas,,,
113,Thomas.mp4,Thomas,1.0,thomas,"['capslock', 'j', 'backspace', 'capslock', 't', 'h', 'o', 'm', 'a', 's', 'return', 'space']"
114,Timothy.mp4,Timothy,,,
115,Timothy.mp4,Timothy,0.0,,"['1', 'backspace']"
116,Trevor.mp4,Trevor,,,
117,Trevor.mp4,Trevor,0.0,,None
118,Tyler.mp4,Tyler,,,
119,Tyler.mp4,Tyler,0.0,caleb,"['c', 'a', 'l', 'e', 'b']"
