,Video,Name,recallRating_AA,inputText,key_resp_3.keys
0,Aaron.mp4,Aaron,,,
1,Aaron.mp4,Aaron,0,,['lshift']
2,Adam.mp4,Adam,,,
3,Adam.mp4,Adam,1,Adam,"['lshift', 'a', 'd', 'a', 'm']"
4,Alyssa.mp4,Alyssa,,,
5,Alyssa.mp4,Alyssa,0,,None
6,Amanda.mp4,Amanda,,,
7,Amanda.mp4,Amanda,0,Michelle,"['lshift', 'm', 'i', 'c', 'h', 'e', 'l', 'l', 'e']"
8,Andrew.mp4,Andrew,,,
9,Andrew.mp4,Andrew,0,Michael,"['lshift', 'm', 'i', 'c', 'h', 'a', 'e', 'l']"
10,Anna.mp4,Anna,,,
11,Anna.mp4,Anna,1,Anna,"['lshift', 'a', 'n', 'n', 'a']"
12,Ashley.mp4,Ashley,,,
13,Ashley.mp4,Ashley,0,Holly,"['lshift', 'h', 'o', 'l', 'l', 'y']"
14,Bradley.mp4,Bradley,,,
15,Bradley.mp4,Bradley,0,Eric,"['lshift', 'e', 'r', 'i', 'c']"
16,Brandon.mp4,Brandon,,,
17,Brandon.mp4,Brandon,0,,None
18,Brian.mp4,Brian,,,
19,Brian.mp4,Brian,0,,['lshift']
20,Brianna.mp4,Brianna,,,
21,Brianna.mp4,Brianna,0,Mandy,"['lshift', 'm', 'a', 'n', 'd', 'y']"
22,Brittany.mp4,Brittany,,,
23,Brittany.mp4,Brittany,0,Megan,"['lshift', 'm', 'e', 'g', 'a', 'n']"
24,Caleb.mp4,Caleb,,,
25,Caleb.mp4,Caleb,1,Caleb,"['lshift', 'c', 'a', 'l', 'e', 'b']"
26,Cody.mp4,Cody,,,
27,Cody.mp4,Cody,0,Josh,"['lshift', 'j', 'o', 's', 'h']"
28,Courtney.mp4,Courtney,,,
29,Courtney.mp4,Courtney,0,,['lshift']
30,Daniel.mp4,Daniel,,,
31,Daniel.mp4,Daniel,0,Steven,"['lshift', 'lshift', 's', 't', 'e', 'v', 'e', 'n', 'space']"
32,Danielle.mp4,Danielle,,,
33,Danielle.mp4,Danielle,0,Julie,"['lshift', 'j', 'u', 'l', 'i', 'e']"
34,David.mp4,David,,,
35,David.mp4,David,0,Eric,"['lshift', 'lshift', 'e', 'r', 'o', 'c', 'backspace', 'backspace', 'c', 'backspace', 'i', 'c']"
36,Dylan.mp4,Dylan,,,
37,Dylan.mp4,Dylan,0,Robert,"['lshift', 'r', 'o', 'b', 'e', 'r', 't']"
38,Emily.mp4,Emily,,,
39,Emily.mp4,Emily,0,Brianna,"['lshift', 'b', 'r', 'i', 'a', 'n', 'n', 'a']"
40,Eric.mp4,Eric,,,
41,Eric.mp4,Eric,0,Timothy,"['lshift', 't', 'i', 'm', 'o', 't', 'h', 'y']"
42,Ethan.mp4,Ethan,,,
43,Ethan.mp4,Ethan,0,,None
44,Grace.mp4,Grace,,,
45,Grace.mp4,Grace,0,An,"['lshift', 'a', 'n']"
46,Haley.mp4,Haley,,,
47,Haley.mp4,Haley,0,Julie,"['lshift', 'j', 'u', 'l', 'i', 'e']"
48,Hannah.mp4,Hannah,,,
49,Hannah.mp4,Hannah,1,Hannah,"['lshift', 'h', 'a', 'n', 'n', 'a', 'h']"
50,Heather.mp4,Heather,,,
51,Heather.mp4,Heather,1,Heather,"['lshift', 'h', 'e', 'a', 't', 'h', 'e', 'r']"
52,Jacob.mp4,Jacob,,,
53,Jacob.mp4,Jacob,1,Jacob,"['lshift', 'j', 'a', 'c', 'o', 'b', 'return', 'return', 'return', 'return', 'return', 'space']"
54,Jason.mp4,Jason,,,
55,Jason.mp4,Jason,0,,None
56,Jenna.mp4,Jenna,,,
57,Jenna.mp4,Jenna,0,,None
58,Jeremy.mp4,Jeremy,,,
59,Jeremy.mp4,Jeremy,0,Trevor,"['lshift', 't', 'r', 'e', 'v', 'o', 'r']"
60,Jessica.mp4,Jessica,,,
61,Jessica.mp4,Jessica,1,Jessica,"['lshift', 'j', 'e', 's', 's', 'i', 'c', 'a']"
62,Josh.mp4,Josh,,,
63,Josh.mp4,Josh,1,Josh,"['lshift', 'j', 'o', 's', 'h']"
64,Julia.mp4,Julia,,,
65,Julia.mp4,Julia,1,Julie,"['lshift', 'j', 'u', 'l', 'i', 'e']"
66,Justin.mp4,Justin,,,
67,Justin.mp4,Justin,0,Todd,"['lshift', 't', 'o', 'd', 'd']"
68,Katie.mp4,Katie,,,
69,Katie.mp4,Katie,0,Brianna,"['lshift', 'b', 'r', 'i', 'a', 'n', 'n', 'a']"
70,Kayla.mp4,Kayla,,,
71,Kayla.mp4,Kayla,0,Nicole,"['lshift', 'n', 'i', 'c', 'o', 'l', 'e']"
72,Kelsey.mp4,Kelsey,,,
73,Kelsey.mp4,Kelsey,0,,None
74,Kevin.mp4,Kevin,,,
75,Kevin.mp4,Kevin,0,Peter,"['lshift', 'p', 'e', 't', 'e', 'r']"
76,Kyle.mp4,Kyle,,,
77,Kyle.mp4,Kyle,0,,None
78,Lauren.mp4,Lauren,,,
79,Lauren.mp4,Lauren,0,Christy,"['lshift', 'c', 'h', 'r', 'i', 's', 't', 'y']"
80,Mark.mp4,Mark,,,
81,Mark.mp4,Mark,1,Mark2,"['lshift', 'm', 'r', 'a', 'backspace', 'backspace', 'a', 'r', 'k', '2']"
82,Matthew.mp4,Matthew,,,
83,Matthew.mp4,Matthew,0,Timothy,"['lshift', 't', 'i', 'm', 'o', 't', 'h', 'y']"
84,Megan.mp4,Megan,,,
85,Megan.mp4,Megan,1,Megan,"['lshift', 'm', 'e', 'g', 'a', 'n']"
86,Michael.mp4,Michael,,,
87,Michael.mp4,Michael,0,Todd,"['lshift', 't', 'o', 'd', 'd']"
88,Michelle.mp4,Michelle,,,
89,Michelle.mp4,Michelle,1,Michelle,"['lshift', 'c', 'backspace', 'lshift', 'm', 'i', 'c', 'h', 'e', 'l', 'l', 'e']"
90,Natalie.mp4,Natalie,,,
91,Natalie.mp4,Natalie,0,Amanda,"['lshift', 'a', 'm', 'a', 'n', 'd', 'a']"
92,Nathan.mp4,Nathan,,,
93,Nathan.mp4,Nathan,0,Daniel,"['lshift', 'd', 'a', 'm', 'backspace', 'n', 'i', 'e', 'l', 'space']"
94,Nicole.mp4,Nicole,,,
95,Nicole.mp4,Nicole,0,Britney,"['z', 'backspace', 'lshift', 'b', 'r', 'i', 't', 'n', 'e', 'y']"
96,Noah.mp4,Noah,,,
97,Noah.mp4,Noah,0,Andy,"['lshift', 'a', 'n', 'd', 't', 'backspace', 'y']"
98,Olivia.mp4,Olivia,,,
99,Olivia.mp4,Olivia,0,Mandy,"['lshift', 'm', 'a', 'n', 'd', 'y']"
100,Rachel.mp4,Rachel,,,
101,Rachel.mp4,Rachel,0,,None
102,Rebecca.mp4,Rebecca,,,
103,Rebecca.mp4,Rebecca,0,,None
104,Sarah.mp4,Sarah,,,
105,Sarah.mp4,Sarah,0,Emily,"['lshift', 'e', 'm', 'i', 'l', 'y', 'return', 'space']"
106,Shelby.mp4,Shelby,,,
107,Shelby.mp4,Shelby,0,Tasha,"['lshift', 't', 'a', 'h', 'backspace', 's', 'h', 'a']"
108,Steven.mp4,Steven,,,
109,Steven.mp4,Steven,0,,None
110,Taylor.mp4,Taylor,,,
111,Taylor.mp4,Taylor,1,Taylor,"['lshift', 't', 'a', 'y', 'l', 'o', 'r']"
112,Thomas.mp4,Thomas,,,
113,Thomas.mp4,Thomas,0,Eric,"['lshift', 'e', 'r', 'o', 'c', 'backspace', 'backspace', 'i', 'c', 'space', 'space', 'return']"
114,Timothy.mp4,Timothy,,,
115,Timothy.mp4,Timothy,0,,['lshift']
116,Trevor.mp4,Trevor,,,
117,Trevor.mp4,Trevor,1,Trevor,"['lshift', 't', 'r', 'e', 'v', 'o', 'r']"
118,Tyler.mp4,Tyler,,,
119,Tyler.mp4,Tyler,0,Andy,"['lshift', 'a', 'n', 'd', 'y']"