,Video,Name,recallRating_AA,inputText,key_resp_3.keys
0,Aaron.mp4,Aaron,,,
1,Aaron.mp4,Aaron,0.0,,None
2,Adam.mp4,Adam,,,
3,Adam.mp4,Adam,0.0,,None
4,Alyssa.mp4,Alyssa,,,
5,Alyssa.mp4,Alyssa,0.0,,None
6,Amanda.mp4,Amanda,,,
7,Amanda.mp4,Amanda,0.0,Jessica,"['lshift', 'lshift', 'lshift', 'j', 'e', 's', 's', 'i', 'n', 'a', 'backspace', 'backspace', 'c', 'a']"
8,Andrew.mp4,Andrew,,,
9,Andrew.mp4,Andrew,0.0,Tyler,"['lshift', 'lshift', 't', 'y', 'l', 'e', 'r']"
10,Anna.mp4,Anna,,,
11,Anna.mp4,Anna,0.0,,None
12,Ashley.mp4,Ashley,,,
13,Ashley.mp4,Ashley,1.0,Ashley,"['lshift', 'a', 's', 'h', 'l', 'e', 'y']"
14,Bradley.mp4,Bradley,,,
15,Bradley.mp4,Bradley,0.0,,None
16,Brandon.mp4,Brandon,,,
17,Brandon.mp4,Brandon,0.0,B,"['lshift', 'b']"
18,Brian.mp4,Brian,,,
19,Brian.mp4,Brian,0.0,,None
20,Brianna.mp4,Brianna,,,
21,Brianna.mp4,Brianna,0.0,,None
22,Brittany.mp4,Brittany,,,
23,Brittany.mp4,Brittany,1.0,Brittany,"['lshift', 'b', 'r', 'i', 't', 't', 'i', 'n', 'y', 'backspace', 'backspace', 'backspace', 'a', 'n', 'y']"
24,Caleb.mp4,Caleb,,,
25,Caleb.mp4,Caleb,0.0,,None
26,Cody.mp4,Cody,,,
27,Cody.mp4,Cody,1.0,Cody,"['lshift', 'c', 'o', 'd', 'y']"
28,Courtney.mp4,Courtney,,,
29,Courtney.mp4,Courtney,1.0,Courtney,"['lshift', 'c', 'h', 'o', 'backspace', 'backspace', 'o', 'u', 'r', 't', 'n', 'e', 'y']"
30,Daniel.mp4,Daniel,,,
31,Daniel.mp4,Daniel,0.0,Mike,"['lshift', 'm', 'i', 'c', 'backspace', 'k', 'e']"
32,Danielle.mp4,Danielle,,,
33,Danielle.mp4,Danielle,0.0,,None
34,David.mp4,David,,,
35,David.mp4,David,0.0,,None
36,Dylan.mp4,Dylan,,,
37,Dylan.mp4,Dylan,0.0,Trev,"['lshift', 'r', 'backspace', 'lshift', 't', 'r', 'e', 'v', 'p', 'r', 'backspace', 'backspace', 'r', 'backspace']"
38,Emily.mp4,Emily,,,
39,Emily.mp4,Emily,0.0,,None
40,Eric.mp4,Eric,,,
41,Eric.mp4,Eric,1.0,Eric,"['lshift', 'e', 'r', 'i', 'c']"
42,Ethan.mp4,Ethan,,,
43,Ethan.mp4,Ethan,1.0,Ethan,"['lshift', 'e', 't', 'h', 'a', 'n']"
44,Grace.mp4,Grace,,,
45,Grace.mp4,Grace,1.0,Grace,"['lshift', 'g', 'r', 'a', 'c', 'e']"
46,Haley.mp4,Haley,,,
47,Haley.mp4,Haley,0.0,,None
48,Hannah.mp4,Hannah,,,
49,Hannah.mp4,Hannah,1.0,Hanna,"['lshift', 'h', 'a', 'n', 'n', 'a']"
50,Heather.mp4,Heather,,,
51,Heather.mp4,Heather,1.0,Heather,"['lshift', 'h', 'e', 'a', 't', 'h', 'e', 'r']"
52,Jacob.mp4,Jacob,,,
53,Jacob.mp4,Jacob,0.0,Thmo,"['lshift', 't', 'h', 'm', 'o']"
54,Jason.mp4,Jason,,,
55,Jason.mp4,Jason,1.0,Jason,"['lshift', 'j', 'a', 's', 'o', 'n']"
56,Jenna.mp4,Jenna,,,
57,Jenna.mp4,Jenna,1.0,Jenna,"['lshift', 'j', 'e', 'n', 'n', 'a']"
58,Jeremy.mp4,Jeremy,,,
59,Jeremy.mp4,Jeremy,0.0,Trevor,"['lshift', 't', 'r', 'e', 'v', 'o', 'r']"
60,Jessica.mp4,Jessica,,,
61,Jessica.mp4,Jessica,1.0,Jessica,"['lshift', 'j', 'e', 's', 's', 'i', 'c', 'a']"
62,Josh.mp4,Josh,,,
63,Josh.mp4,Josh,1.0,Josh,"['lshift', 'j', 'o', 's', 'h']"
64,Julia.mp4,Julia,,,
65,Julia.mp4,Julia,0.0,Nateley,"['lshift', 'n', 'a', 't', 'e', 'l', 'e', 'y']"
66,Justin.mp4,Justin,,,
67,Justin.mp4,Justin,0.0,,None
68,Katie.mp4,Katie,,,
69,Katie.mp4,Katie,0.0,,None
70,Kayla.mp4,Kayla,,,
71,Kayla.mp4,Kayla,0.0,,None
72,Kelsey.mp4,Kelsey,,,
73,Kelsey.mp4,Kelsey,0.0,,None
74,Kevin.mp4,Kevin,,,
75,Kevin.mp4,Kevin,0.0,,None
76,Kyle.mp4,Kyle,,,
77,Kyle.mp4,Kyle,0.0,Matthew,"['lshift', 'm', 'a', 't', 'h', 'backspace', 't', 'h', 'e', 'w']"
78,Lauren.mp4,Lauren,,,
79,Lauren.mp4,Lauren,1.0,Lauren,"['lshift', 'l', 'a', 'r', 'backspace', 'u', 'r', 'e', 'n']"
80,Mark.mp4,Mark,,,
81,Mark.mp4,Mark,0.0,Thomas,"['lshift', 't', 'h', 'o', 'm', 'a', 's']"
82,Matthew.mp4,Matthew,,,
83,Matthew.mp4,Matthew,0.0,,None
84,Megan.mp4,Megan,,,
85,Megan.mp4,Megan,0.0,,None
86,Michael.mp4,Michael,,,
87,Michael.mp4,Michael,1.0,Michael,"['lshift', 'm', 'i', 'c', 'h', 'a', 'e', 'l']"
88,Michelle.mp4,Michelle,,,
89,Michelle.mp4,Michelle,1.0,Michelle,"['lshift', 'm', 'i', 'c', 'h', 'e', 'l', 'l', 'e']"
90,Natalie.mp4,Natalie,,,
91,Natalie.mp4,Natalie,0.0,Jessica,"['lshift', 'j', 'e', 's', 's', 'i', 'c', 'a']"
92,Nathan.mp4,Nathan,,,
93,Nathan.mp4,Nathan,0.0,David,"['lshift', 'd', 'a', 'v', 'i', 'd']"
94,Nicole.mp4,Nicole,,,
95,Nicole.mp4,Nicole,0.0,Shelby,"['lshift', 's', 'h', 'e', 'b', 'y', 'backspace', 'backspace', 'l', 'b', 'y']"
96,Noah.mp4,Noah,,,
97,Noah.mp4,Noah,1.0,Noah,"['lshift', 'n', 'o', 'a', 'h']"
98,Olivia.mp4,Olivia,,,
99,Olivia.mp4,Olivia,0.0,Shelby,"['lshift', 's', 'h', 'e', 'l', 'b', 'y']"
100,Rachel.mp4,Rachel,,,
101,Rachel.mp4,Rachel,0.0,J,"['lshift', 'j']"
102,Rebecca.mp4,Rebecca,,,
103,Rebecca.mp4,Rebecca,0.0,Sarah,"['lshift', 's', 'a', 'r', 'a', 'h', 'space']"
104,Sarah.mp4,Sarah,,,
105,Sarah.mp4,Sarah,1.0,Sarah,"['lshift', 's', 'lshift', 'a', 'r', 'a', 'h', 'backspace', 'backspace', 'backspace', 'backspace', 'a', 'r', 'a', 'h']"
106,Shelby.mp4,Shelby,,,
107,Shelby.mp4,Shelby,0.0,Sarah,"['lshift', 's', 'a', 'r', 'a', 'h']"
108,Steven.mp4,Steven,,,
109,Steven.mp4,Steven,0.0,Matt,"['lshift', 'm', 'a', 't', 't']"
110,Taylor.mp4,Taylor,,,
111,Taylor.mp4,Taylor,1.0,Taylor,"['lshift', 't', 'a', 'y', 'l', 'o', 'r']"
112,Thomas.mp4,Thomas,,,
113,Thomas.mp4,Thomas,0.0,,None
114,Timothy.mp4,Timothy,,,
115,Timothy.mp4,Timothy,0.0,,None
116,Trevor.mp4,Trevor,,,
117,Trevor.mp4,Trevor,1.0,Trevor,"['lshift', 't', 'r', 'e', 'v', 'o', 'r']"
118,Tyler.mp4,Tyler,,,
119,Tyler.mp4,Tyler,1.0,Tyler,"['lshift', 'lshift', 't', 'y', 'l', 'e', 'r']"
