,Video,Name,recallRating_AA,inputText,key_resp_3.keys
0,Aaron.mp4,Aaron,,,
1,Aaron.mp4,Aaron,0.0,Cole,"['lshift', 'c', 'o', 'l', 'e']"
2,Adam.mp4,Adam,,,
3,Adam.mp4,Adam,0.0,,None
4,Alyssa.mp4,Alyssa,,,
5,Alyssa.mp4,Alyssa,0.0,Jessica,"['lshift', 'j', 'e', 's', 's', 'i', 'c', 'a']"
6,Amanda.mp4,Amanda,,,
7,Amanda.mp4,Amanda,0.0,,None
8,Andrew.mp4,Andrew,,,
9,Andrew.mp4,Andrew,0.0,Mark,"['lshift', 'm', 'a', 'r', 'k']"
10,Anna.mp4,Anna,,,
11,Anna.mp4,Anna,0.0,,None
12,Ashley.mp4,Ashley,,,
13,Ashley.mp4,Ashley,0.0,,None
14,Bradley.mp4,Bradley,,,
15,Bradley.mp4,Bradley,1.0,Bradley,"['lshift', 'b', 'r', 'a', 'd', 'l', 'e', 'y']"
16,Brandon.mp4,Brandon,,,
17,Brandon.mp4,Brandon,0.0,Brian,"['lshift', 'b', 'r', 'i', 'a', 'n']"
18,Brian.mp4,Brian,,,
19,Brian.mp4,Brian,1.0,Brian,"['lshift', 'b', 'r', 'i', 'a', 'n']"
20,Brianna.mp4,Brianna,,,
21,Brianna.mp4,Brianna,0.0,Da,"['lshift', 'd', 'a', 'm', 'i', 'backspace', 'backspace']"
22,Brittany.mp4,Brittany,,,
23,Brittany.mp4,Brittany,1.0,Brittany,"['lshift', 'b', 'r', 'i', 't', 't', 's', 'n', 'backspace', 'backspace', 'a', 'n', 'y']"
24,Caleb.mp4,Caleb,,,
25,Caleb.mp4,Caleb,0.0,,None
26,Cody.mp4,Cody,,,
27,Cody.mp4,Cody,0.0,Stev,"['lshift', 's', 't', 'e', 'v']"
28,Courtney.mp4,Courtney,,,
29,Courtney.mp4,Courtney,0.0,,None
30,Daniel.mp4,Daniel,,,
31,Daniel.mp4,Daniel,0.0,Brian,"['lshift', 'b', 'r', 'i', 'a', 'n']"
32,Danielle.mp4,Danielle,,,
33,Danielle.mp4,Danielle,0.0,,None
34,David.mp4,David,,,
35,David.mp4,David,0.0,Et,"['lshift', 'e', 't']"
36,Dylan.mp4,Dylan,,,
37,Dylan.mp4,Dylan,1.0,Dylan,"['lshift', 'd', 'y', 'l', 'a', 'n']"
38,Emily.mp4,Emily,,,
39,Emily.mp4,Emily,0.0,Briana,"['lshift', 'b', 'r', 'i', 'a', 'n', 'a']"
40,Eric.mp4,Eric,,,
41,Eric.mp4,Eric,0.0,Timothy,"['lshift', 't', 'i', 'm', 'o', 't', 'h', 'y']"
42,Ethan.mp4,Ethan,,,
43,Ethan.mp4,Ethan,0.0,,None
44,Grace.mp4,Grace,,,
45,Grace.mp4,Grace,0.0,,None
46,Haley.mp4,Haley,,,
47,Haley.mp4,Haley,0.0,,None
48,Hannah.mp4,Hannah,,,
49,Hannah.mp4,Hannah,1.0,Hannah,"['lshift', 'h', 'a', 'n', 'n', 'a', 'h']"
50,Heather.mp4,Heather,,,
51,Heather.mp4,Heather,0.0,,['lshift']
52,Jacob.mp4,Jacob,,,
53,Jacob.mp4,Jacob,0.0,Noah,"['lshift', 'n', 'o', 'a', 'h']"
54,Jason.mp4,Jason,,,
55,Jason.mp4,Jason,0.0,Daniel,"['lshift', 'd', 'a', 'n', 'i', 'e', 'l']"
56,Jenna.mp4,Jenna,,,
57,Jenna.mp4,Jenna,0.0,Tiffany,"['lshift', 't', 'i', 'f', 'f', 'a', 'n', 'y', 'u', 'backspace']"
58,Jeremy.mp4,Jeremy,,,
59,Jeremy.mp4,Jeremy,1.0,Jeremy,"['lshift', 'j', 'e', 'r', 'e', 'm', 'y']"
60,Jessica.mp4,Jessica,,,
61,Jessica.mp4,Jessica,0.0,,None
62,Josh.mp4,Josh,,,
63,Josh.mp4,Josh,0.0,Aaron,"['lshift', 'a', 'a', 'r', 'o', 'n']"
64,Julia.mp4,Julia,,,
65,Julia.mp4,Julia,0.0,Jessica,"['lshift', 'j', 's', 'backspace', 'e', 's', 's', 'i', 'c', 'a']"
66,Justin.mp4,Justin,,,
67,Justin.mp4,Justin,0.0,Tyler,"['lshift', 't', 'y', 'l', 'r', 't', 'backspace', 'backspace', 'r', 't', 'backspace', 'backspace', 'e', 'r']"
68,Katie.mp4,Katie,,,
69,Katie.mp4,Katie,0.0,,None
70,Kayla.mp4,Kayla,,,
71,Kayla.mp4,Kayla,1.0,Kayla,"['lshift', 'k', 'a', 'y', 'l', 'a']"
72,Kelsey.mp4,Kelsey,,,
73,Kelsey.mp4,Kelsey,0.0,Taylor,"['lshift', 't', 'a', 'y', 'l', 'o', 'r']"
74,Kevin.mp4,Kevin,,,
75,Kevin.mp4,Kevin,0.0,Noah,"['lshift', 'n', 'o', 'a', 'h']"
76,Kyle.mp4,Kyle,,,
77,Kyle.mp4,Kyle,1.0,Kyle,"['lshift', 'k', 'y', 'l', 'e']"
78,Lauren.mp4,Lauren,,,
79,Lauren.mp4,Lauren,0.0,Jessica,"['lshift', 'j', 'e', 's', 's', 'i', 'c', 'a']"
80,Mark.mp4,Mark,,,
81,Mark.mp4,Mark,1.0,Mark,"['lshift', 'm', 'a', 'r', 'k']"
82,Matthew.mp4,Matthew,,,
83,Matthew.mp4,Matthew,0.0,Timothy,"['lshift', 't', 'i', 'm', 'o', 't', 'h', 'y']"
84,Megan.mp4,Megan,,,
85,Megan.mp4,Megan,0.0,Taylor,"['lshift', 't', 'a', 'y', 'l', 'o', 'r']"
86,Michael.mp4,Michael,,,
87,Michael.mp4,Michael,0.0,Matthew,"['lshift', 'm', 'a', 't', 't', 'h', 'e', 'w']"
88,Michelle.mp4,Michelle,,,
89,Michelle.mp4,Michelle,0.0,Tiffany,"['lshift', 't', 'i', 'f', 'f', 'a', 'n', 'y']"
90,Natalie.mp4,Natalie,,,
91,Natalie.mp4,Natalie,1.0,Natalie,"['lshift', 'n', 'a', 't', 'a', 'l', 'i', 'e']"
92,Nathan.mp4,Nathan,,,
93,Nathan.mp4,Nathan,1.0,Nathan,"['lshift', 'n', 'a', 't', 'h', 'a', 'n']"
94,Nicole.mp4,Nicole,,,
95,Nicole.mp4,Nicole,1.0,Nicole,"['lshift', 'n', 'i', 'c', 'o', 'l', 'e']"
96,Noah.mp4,Noah,,,
97,Noah.mp4,Noah,0.0,Daniel,"['d', 'a', 'backspace', 'backspace', 'backspace', 'lshift', 'd', 'a', 'n', 'i', 'e', 'l']"
98,Olivia.mp4,Olivia,,,
99,Olivia.mp4,Olivia,1.0,Olivia,"['lshift', 'o', 'l', 'i', 'v', 'i', 'a']"
100,Rachel.mp4,Rachel,,,
101,Rachel.mp4,Rachel,0.0,,None
102,Rebecca.mp4,Rebecca,,,
103,Rebecca.mp4,Rebecca,0.0,,None
104,Sarah.mp4,Sarah,,,
105,Sarah.mp4,Sarah,0.0,,None
106,Shelby.mp4,Shelby,,,
107,Shelby.mp4,Shelby,1.0,Shelby,"['lshift', 's', 'h', 'e', 'l', 'b', 'y']"
108,Steven.mp4,Steven,,,
109,Steven.mp4,Steven,0.0,Josh,"['lshift', 'j', 'o', 's', 'h']"
110,Taylor.mp4,Taylor,,,
111,Taylor.mp4,Taylor,1.0,Taylor,"['lshift', 't', 'a', 'y', 'l', 'o', 'r']"
112,Thomas.mp4,Thomas,,,
113,Thomas.mp4,Thomas,0.0,Mark,"['lshift', 'm', 'a', 'r', 'k']"
114,Timothy.mp4,Timothy,,,
115,Timothy.mp4,Timothy,0.0,,None
116,Trevor.mp4,Trevor,,,
117,Trevor.mp4,Trevor,1.0,Trevor,"['lshift', 't', 'r', 'e', 'v', 'o', 'r']"
118,Tyler.mp4,Tyler,,,
119,Tyler.mp4,Tyler,0.0,Daniel,"['lshift', 'd', 'a', 'n', 'i', 'e', 'l']"
