,Video,Name,recallRating_AA,inputText,key_resp_3.keys
0,Aaron.mp4,Aaron,,,
1,Aaron.mp4,Aaron,0.0,tyler,"['t', 'y', 'l', 'e', 'r']"
2,Adam.mp4,Adam,,,
3,Adam.mp4,Adam,0.0,bradely,"['b', 'r', 'a', 'd', 'e', 'l', 'y']"
4,Alyssa.mp4,Alyssa,,,
5,Alyssa.mp4,Alyssa,0.0,yinuo,"['y', 'i', 'n', 'u', 'o']"
6,Amanda.mp4,Amanda,,,
7,Amanda.mp4,Amanda,0.0,jud,"['j', 'u', 'l', 'i', 'a', 'equal', 'backspace', 'backspace', 'backspace', 'd', 'u', 'backspace']"
8,Andrew.mp4,Andrew,,,
9,Andrew.mp4,Andrew,0.0,sullivan,"['s', 'u', 'l', 'l', 'i', 'v', 'a', 'n']"
10,Anna.mp4,Anna,,,
11,Anna.mp4,Anna,1.0,anna,"['a', 'n', 'n', 'a']"
12,Ashley.mp4,Ashley,,,
13,Ashley.mp4,Ashley,0.0,hayley,"['h', 'a', 'y', 'l', 'e', 'y']"
14,Bradley.mp4,Bradley,,,
15,Bradley.mp4,Bradley,0.0,,None
16,Brandon.mp4,Brandon,,,
17,Brandon.mp4,Brandon,1.0,bandon,"['b', 'a', 'n', 'd', 'o', 'n']"
18,Brian.mp4,Brian,,,
19,Brian.mp4,Brian,0.0,jason,"['j', 'a', 's', 'o', 'n']"
20,Brianna.mp4,Brianna,,,
21,Brianna.mp4,Brianna,0.0,he,"['h', 'e']"
22,Brittany.mp4,Brittany,,,
23,Brittany.mp4,Brittany,0.0,,"['n', 'o', 'n', 'e', 'backspace', 'backspace', 'backspace', 'backspace']"
24,Caleb.mp4,Caleb,,,
25,Caleb.mp4,Caleb,0.0,andy,"['a', 'n', 'd', 'y']"
26,Cody.mp4,Cody,,,
27,Cody.mp4,Cody,0.0,,None
28,Courtney.mp4,Courtney,,,
29,Courtney.mp4,Courtney,0.0,,None
30,Daniel.mp4,Daniel,,,
31,Daniel.mp4,Daniel,0.0,jacob,"['comma', 'a', 'backspace', 'j', 'a', 'c', 'o', 'b']"
32,Danielle.mp4,Danielle,,,
33,Danielle.mp4,Danielle,0.0,,None
34,David.mp4,David,,,
35,David.mp4,David,0.0,,None
36,Dylan.mp4,Dylan,,,
37,Dylan.mp4,Dylan,1.0,dylan,"['d', 'y', 'l', 'a', 'n']"
38,Emily.mp4,Emily,,,
39,Emily.mp4,Emily,0.0,ke,"['k', 'e']"
40,Eric.mp4,Eric,,,
41,Eric.mp4,Eric,0.0,math,"['m', 'a', 't', 'h']"
42,Ethan.mp4,Ethan,,,
43,Ethan.mp4,Ethan,0.0,timothy,"['t', 'i', 'm', 'o', 't', 'h', 'y']"
44,Grace.mp4,Grace,,,
45,Grace.mp4,Grace,1.0,grace,"['g', 'r', 'a', 'c', 'e']"
46,Haley.mp4,Haley,,,
47,Haley.mp4,Haley,1.0,hayley,"['h', 'y', 'backspace', 'a', 'y', 'l', 'e', 'y']"
48,Hannah.mp4,Hannah,,,
49,Hannah.mp4,Hannah,0.0,dani,"['d', 'a', 'n', 'i']"
50,Heather.mp4,Heather,,,
51,Heather.mp4,Heather,0.0,tracy,"['t', 'r', 'a', 'c', 'y', 'backspace', 'y']"
52,Jacob.mp4,Jacob,,,
53,Jacob.mp4,Jacob,0.0,mike,"['m', 'i', 'k', 'e']"
54,Jason.mp4,Jason,,,
55,Jason.mp4,Jason,1.0,jason,"['j', 'a', 's', 'o', 'n']"
56,Jenna.mp4,Jenna,,,
57,Jenna.mp4,Jenna,0.0,,None
58,Jeremy.mp4,Jeremy,,,
59,Jeremy.mp4,Jeremy,0.0,travor,"['t', 'r', 'a', 'v', 'e', 'l', 'backspace', 'backspace', 'o', 'r']"
60,Jessica.mp4,Jessica,,,
61,Jessica.mp4,Jessica,0.0,jenna,"['j', 'u', 'l', 'i', 'a', 'backspace', 'backspace', 'backspace', 'backspace', 'e', 'backspace', 'e', 'n', 'n', 'a']"
62,Josh.mp4,Josh,,,
63,Josh.mp4,Josh,0.0,david,"['d', 'a', 'v', 'i', 'd']"
64,Julia.mp4,Julia,,,
65,Julia.mp4,Julia,1.0,julia,"['j', 'u', 'l', 'i', 'a']"
66,Justin.mp4,Justin,,,
67,Justin.mp4,Justin,0.0,nickson,"['n', 'i', 'c', 'k', 's', 'o', 'n']"
68,Katie.mp4,Katie,,,
69,Katie.mp4,Katie,0.0,,None
70,Kayla.mp4,Kayla,,,
71,Kayla.mp4,Kayla,0.0,,"['j', 'u', 'l', 'i', 'a', 'backspace', 'backspace', 'backspace', 'backspace', 'backspace']"
72,Kelsey.mp4,Kelsey,,,
73,Kelsey.mp4,Kelsey,0.0,natalie,"['n', 'a', 't', 'a', 'l', 'i', 'e', 'return']"
74,Kevin.mp4,Kevin,,,
75,Kevin.mp4,Kevin,0.0,jacob,"['j', 'a', 'c', 'o', 'b']"
76,Kyle.mp4,Kyle,,,
77,Kyle.mp4,Kyle,0.0,mathew,"['m', 'a', 't', 'h', 'e', 'w']"
78,Lauren.mp4,Lauren,,,
79,Lauren.mp4,Lauren,1.0,lauren,"['l', 'a', 'u', 'r', 'e', 'n']"
80,Mark.mp4,Mark,,,
81,Mark.mp4,Mark,0.0,,None
82,Matthew.mp4,Matthew,,,
83,Matthew.mp4,Matthew,0.0,,None
84,Megan.mp4,Megan,,,
85,Megan.mp4,Megan,0.0,,None
86,Michael.mp4,Michael,,,
87,Michael.mp4,Michael,0.0,,None
88,Michelle.mp4,Michelle,,,
89,Michelle.mp4,Michelle,0.0,,None
90,Natalie.mp4,Natalie,,,
91,Natalie.mp4,Natalie,0.0,,None
92,Nathan.mp4,Nathan,,,
93,Nathan.mp4,Nathan,0.0,ma,"['m', 'a', 'r', 'k', 'backspace', 'backspace', 'backspace', 'backspace', 'm', 'a']"
94,Nicole.mp4,Nicole,,,
95,Nicole.mp4,Nicole,1.0,nicole,"['n', 'i', 'c', 'o', 'l', 'e']"
96,Noah.mp4,Noah,,,
97,Noah.mp4,Noah,0.0,daniel,"['d', 'a', 'n', 'i', 'a', 'l', 'backspace', 'backspace', 'e', 'l']"
98,Olivia.mp4,Olivia,,,
99,Olivia.mp4,Olivia,1.0,olivia,"['o', 'l', 'i', 'v', 'i', 'a']"
100,Rachel.mp4,Rachel,,,
101,Rachel.mp4,Rachel,0.0,anna,"['a', 'n', 'n', 'a']"
102,Rebecca.mp4,Rebecca,,,
103,Rebecca.mp4,Rebecca,0.0,,None
104,Sarah.mp4,Sarah,,,
105,Sarah.mp4,Sarah,0.0,,None
106,Shelby.mp4,Shelby,,,
107,Shelby.mp4,Shelby,0.0,,['space']
108,Steven.mp4,Steven,,,
109,Steven.mp4,Steven,1.0,steven,"['s', 't', 'e', 'v', 'e', 'n']"
110,Taylor.mp4,Taylor,,,
111,Taylor.mp4,Taylor,0.0,,None
112,Thomas.mp4,Thomas,,,
113,Thomas.mp4,Thomas,0.0,mark,"['m', 'a', 'r', 'k', 'return']"
114,Timothy.mp4,Timothy,,,
115,Timothy.mp4,Timothy,0.0,mathew,"['m', 'a', 't', 'h', 'e', 'w']"
116,Trevor.mp4,Trevor,,,
117,Trevor.mp4,Trevor,0.0,,None
118,Tyler.mp4,Tyler,,,
119,Tyler.mp4,Tyler,0.0,,None
