,Video,Name,recallRating_AA,inputText,key_resp_3.keys
0,Aaron.mp4,Aaron,,,
1,Aaron.mp4,Aaron,0.0,Paul,"['lshift', 'p', 'a', 'u', 'l']"
2,Adam.mp4,Adam,,,
3,Adam.mp4,Adam,0.0,,None
4,Alyssa.mp4,Alyssa,,,
5,Alyssa.mp4,Alyssa,1.0,Alyssa,"['lshift', 'a', 'l', 'y', 's', 's', 'a']"
6,Amanda.mp4,Amanda,,,
7,Amanda.mp4,Amanda,0.0,,None
8,Andrew.mp4,Andrew,,,
9,Andrew.mp4,Andrew,0.0,,"['lshift', 'j', 'a', 'backspace', 'backspace']"
10,Anna.mp4,Anna,,,
11,Anna.mp4,Anna,0.0,Michelle,"['lshift', 'm', 'i', 'c', 'h', 'e', 'l', 'l', 'e']"
12,Ashley.mp4,Ashley,,,
13,Ashley.mp4,Ashley,0.0,Olivia,"['lshift', 'o', 'l', 'i', 'v', 'i', 'a']"
14,Bradley.mp4,Bradley,,,
15,Bradley.mp4,Bradley,1.0,Bradley,"['lshift', 'b', 'r', 'a', 'd', 'l', 'e', 'y']"
16,Brandon.mp4,Brandon,,,
17,Brandon.mp4,Brandon,0.0,Jason,"['lshift', 'j', 'a', 's', 'o', 'n']"
18,Brian.mp4,Brian,,,
19,Brian.mp4,Brian,0.0,Cale,"['lshift', 'c', 'a', 'l', 'e', 'b', 'backspace']"
20,Brianna.mp4,Brianna,,,
21,Brianna.mp4,Brianna,0.0,,None
22,Brittany.mp4,Brittany,,,
23,Brittany.mp4,Brittany,1.0,Brittany,"['lshift', 'b', 'r', 'i', 't', 't', 'a', 'm', 'y', 'backspace', 'backspace', 'n', 'y']"
24,Caleb.mp4,Caleb,,,
25,Caleb.mp4,Caleb,0.0,,None
26,Cody.mp4,Cody,,,
27,Cody.mp4,Cody,0.0,Aaron,"['lshift', 'a', 'a', 'r', 'o', 'n']"
28,Courtney.mp4,Courtney,,,
29,Courtney.mp4,Courtney,1.0,Courtney,"['lshift', 'c', 'o', 'u', 'r', 't', 'n', 'e', 'y']"
30,Daniel.mp4,Daniel,,,
31,Daniel.mp4,Daniel,0.0,Kevin,"['lshift', 'k', 'e', 'v', 'i', 'n']"
32,Danielle.mp4,Danielle,,,
33,Danielle.mp4,Danielle,0.0,,"['lshift', 'l', 'backspace']"
34,David.mp4,David,,,
35,David.mp4,David,0.0,,None
36,Dylan.mp4,Dylan,,,
37,Dylan.mp4,Dylan,1.0,Dillan,"['lshift', 'd', 'i', 'l', 'l', 'o', 'm', 'backspace', 'n', 'backspace', 'backspace', 'a', 'n']"
38,Emily.mp4,Emily,,,
39,Emily.mp4,Emily,0.0,,None
40,Eric.mp4,Eric,,,
41,Eric.mp4,Eric,0.0,Matthew,"['lshift', 'm', 'a', 't', 'h', 'h', 'backspace', 'backspace', 't', 'h', 'e', 'w']"
42,Ethan.mp4,Ethan,,,
43,Ethan.mp4,Ethan,0.0,,None
44,Grace.mp4,Grace,,,
45,Grace.mp4,Grace,1.0,Grace,"['lshift', 'g', 'a', 'backspace', 'r', 'a', 'c', 'e']"
46,Haley.mp4,Haley,,,
47,Haley.mp4,Haley,0.0,Jenn,"['lshift', 'j', 'e', 'n', 'n']"
48,Hannah.mp4,Hannah,,,
49,Hannah.mp4,Hannah,0.0,Jessica,"['lshift', 'j', 'e', 's', 's', 'i', 'c', 'a']"
50,Heather.mp4,Heather,,,
51,Heather.mp4,Heather,0.0,,None
52,Jacob.mp4,Jacob,,,
53,Jacob.mp4,Jacob,0.0,Noah,"['lshift', 'n', 'a', 'backspace', 'o', 'a', 'h']"
54,Jason.mp4,Jason,,,
55,Jason.mp4,Jason,0.0,Caleb,"['lshift', 'c', 'a', 'l', 'e', 'b']"
56,Jenna.mp4,Jenna,,,
57,Jenna.mp4,Jenna,0.0,Amanda,"['lshift', 'a', 'm', 'a', 'n', 'd', 'a']"
58,Jeremy.mp4,Jeremy,,,
59,Jeremy.mp4,Jeremy,0.0,Jack,"['lshift', 'j', 'a', 'c', 'k']"
60,Jessica.mp4,Jessica,,,
61,Jessica.mp4,Jessica,0.0,Lucy,"['lshift', 'l', 'u', 'c', 'y']"
62,Josh.mp4,Josh,,,
63,Josh.mp4,Josh,0.0,,None
64,Julia.mp4,Julia,,,
65,Julia.mp4,Julia,0.0,,None
66,Justin.mp4,Justin,,,
67,Justin.mp4,Justin,0.0,Ben,"['lshift', 'b', 'e', 'n']"
68,Katie.mp4,Katie,,,
69,Katie.mp4,Katie,0.0,K,"['lshift', 'k']"
70,Kayla.mp4,Kayla,,,
71,Kayla.mp4,Kayla,1.0,Kala,"['lshift', 'k', 'a', 'l', 'a']"
72,Kelsey.mp4,Kelsey,,,
73,Kelsey.mp4,Kelsey,1.0,Kelsey,"['lshift', 'k', 'e', 'l', 's', 'e', 'y']"
74,Kevin.mp4,Kevin,,,
75,Kevin.mp4,Kevin,1.0,Kevin,"['lshift', 'k', 'e', 'v', 'i', 'n']"
76,Kyle.mp4,Kyle,,,
77,Kyle.mp4,Kyle,0.0,,None
78,Lauren.mp4,Lauren,,,
79,Lauren.mp4,Lauren,0.0,,None
80,Mark.mp4,Mark,,,
81,Mark.mp4,Mark,0.0,Thomas,"['lshift', 't', 'o', 'h', 'backspace', 'backspace', 'h', 'o', 'm', 'a', 's']"
82,Matthew.mp4,Matthew,,,
83,Matthew.mp4,Matthew,1.0,Matthew,"['lshift', 'm', 'a', 't', 't', 'h', 'e', 'w']"
84,Megan.mp4,Megan,,,
85,Megan.mp4,Megan,0.0,Britta,"['lshift', 'b', 'r', 'i', 't', 't', 'a', 'm', 'y', 'backspace', 'backspace', 'm', 'y', 'backspace', 'backspace']"
86,Michael.mp4,Michael,,,
87,Michael.mp4,Michael,0.0,,None
88,Michelle.mp4,Michelle,,,
89,Michelle.mp4,Michelle,1.0,Michelle,"['lshift', 'm', 'i', 'c', 'h', 'e', 'l', 'l', 'e']"
90,Natalie.mp4,Natalie,,,
91,Natalie.mp4,Natalie,0.0,Amanda,"['lshift', 'a', 'lshift', 'm', 'a', 'n', 'backspace', 'backspace', 'backspace', 'a', 'm', 'backspace', 'backspace', 'm', 'a', 'n', 'd', 'a']"
92,Nathan.mp4,Nathan,,,
93,Nathan.mp4,Nathan,1.0,Nathan,"['lshift', 'n', 'a', 't', 'h', 'a', 'n', 'slash', 'n', 'a', 't', 'e', 'backspace', 'backspace', 'backspace', 'backspace']"
94,Nicole.mp4,Nicole,,,
95,Nicole.mp4,Nicole,0.0,Kala,"['lshift', 'k', 'a', 'l', 'a']"
96,Noah.mp4,Noah,,,
97,Noah.mp4,Noah,0.0,,None
98,Olivia.mp4,Olivia,,,
99,Olivia.mp4,Olivia,1.0,Olivia,"['lshift', 'o', 'l', 'i', 'v', 'i', 'a']"
100,Rachel.mp4,Rachel,,,
101,Rachel.mp4,Rachel,0.0,Lucy,"['lshift', 'l', 'u', 'c', 'y']"
102,Rebecca.mp4,Rebecca,,,
103,Rebecca.mp4,Rebecca,0.0,,None
104,Sarah.mp4,Sarah,,,
105,Sarah.mp4,Sarah,0.0,Jenna,"['lshift', 'j', 'e', 'n', 'n', 'a']"
106,Shelby.mp4,Shelby,,,
107,Shelby.mp4,Shelby,0.0,,None
108,Steven.mp4,Steven,,,
109,Steven.mp4,Steven,0.0,Aaron,"['lshift', 'a', 'a', 'o', 'n', 'backspace', 'backspace', 'r', 'o', 'n']"
110,Taylor.mp4,Taylor,,,
111,Taylor.mp4,Taylor,1.0,Taylor,"['lshift', 't', 'a', 'y', 'l', 'o', 'r']"
112,Thomas.mp4,Thomas,,,
113,Thomas.mp4,Thomas,1.0,Thomas,"['lshift', 't', 'h', 'o', 'm', 'a', 's']"
114,Timothy.mp4,Timothy,,,
115,Timothy.mp4,Timothy,1.0,Timothy,"['lshift', 't', 'i', 'm', 'o', 't', 'h', 'y']"
116,Trevor.mp4,Trevor,,,
117,Trevor.mp4,Trevor,0.0,,None
118,Tyler.mp4,Tyler,,,
119,Tyler.mp4,Tyler,0.0,Aaron,"['lshift', 'a', 'a', 'r', 'o', 'n']"
