,Video,Name,recallRating_AA,inputText,key_resp_3.keys
0,Aaron.mp4,Aaron,,,
1,Aaron.mp4,Aaron,0.0,brody,"['b', 'r', 'o', 'd', 'y']"
2,Adam.mp4,Adam,,,
3,Adam.mp4,Adam,0.0,bradle,"['b', 'r', 'a', 'd', 'l', 'e']"
4,Alyssa.mp4,Alyssa,,,
5,Alyssa.mp4,Alyssa,0.0,jessica,"['j', 'e', 's', 's', 'i', 'c', 'a']"
6,Amanda.mp4,Amanda,,,
7,Amanda.mp4,Amanda,0.0,anna,"['a', 'n', 'n', 'a']"
8,Andrew.mp4,Andrew,,,
9,Andrew.mp4,Andrew,0.0,michael,"['m', 'i', 'c', 'h', 'a', 'l', 'backspace', 'e', 'l']"
10,Anna.mp4,Anna,,,
11,Anna.mp4,Anna,1.0,anna,"['a', 'n', 'n', 'a']"
12,Ashley.mp4,Ashley,,,
13,Ashley.mp4,Ashley,0.0,jessica,"['j', 'e', 's', 's', 'i', 'c', 'a']"
14,Bradley.mp4,Bradley,,,
15,Bradley.mp4,Bradley,1.0,bradley,"['b', 'r', 'a', 'd', 'l', 'e', 'y']"
16,Brandon.mp4,Brandon,,,
17,Brandon.mp4,Brandon,1.0,brandon,"['b', 'r', 'a', 'n', 'd', 'o', 'n']"
18,Brian.mp4,Brian,,,
19,Brian.mp4,Brian,0.0,,None
20,Brianna.mp4,Brianna,,,
21,Brianna.mp4,Brianna,0.0,,None
22,Brittany.mp4,Brittany,,,
23,Brittany.mp4,Brittany,0.0,kiana,"['k', 'i', 'a', 'n', 'a']"
24,Caleb.mp4,Caleb,,,
25,Caleb.mp4,Caleb,0.0,,None
26,Cody.mp4,Cody,,,
27,Cody.mp4,Cody,0.0,william,"['w', 'i', 'l', 'l', 'i', 'a', 'm']"
28,Courtney.mp4,Courtney,,,
29,Courtney.mp4,Courtney,1.0,courtney,"['c', 'o', 'u', 'r', 't', 'n', 'e', 'y']"
30,Daniel.mp4,Daniel,,,
31,Daniel.mp4,Daniel,0.0,brandon,"['n', 'r', 'a', 'm', 'd', 'backspace', 'backspace', 'backspace', 'backspace', 'backspace', 'b', 'r', 'a', 'n', 'd', 'o', 'n']"
32,Danielle.mp4,Danielle,,,
33,Danielle.mp4,Danielle,0.0,,None
34,David.mp4,David,,,
35,David.mp4,David,0.0,alex,"['a', 'l', 'e', 'x']"
36,Dylan.mp4,Dylan,,,
37,Dylan.mp4,Dylan,0.0,sam,"['s', 'a', 'm']"
38,Emily.mp4,Emily,,,
39,Emily.mp4,Emily,,,None
40,Eric.mp4,Eric,,,
41,Eric.mp4,Eric,0.0,timothy,"['t', 'i', 'm', 'o', 't', 'h', 'y']"
42,Ethan.mp4,Ethan,,,
43,Ethan.mp4,Ethan,0.0,,None
44,Grace.mp4,Grace,,,
45,Grace.mp4,Grace,1.0,grace,"['g', 'r', 'a', 'c', 'e']"
46,Haley.mp4,Haley,,,
47,Haley.mp4,Haley,0.0,hannah,"['h', 'a', 'n', 'n', 'a', 'h']"
48,Hannah.mp4,Hannah,,,
49,Hannah.mp4,Hannah,1.0,hannah,"['h', 'a', 'n', 'n', 'a', 'h']"
50,Heather.mp4,Heather,,,
51,Heather.mp4,Heather,0.0,ashley,"['a', 's', 'h', 'l', 'e', 'y']"
52,Jacob.mp4,Jacob,,,
53,Jacob.mp4,Jacob,0.0,mark,"['m', 'a', 'r', 'k']"
54,Jason.mp4,Jason,,,
55,Jason.mp4,Jason,0.0,brandon,"['b', 'r', 'a', 'n', 'd', 'e', 'n', 'backspace', 'backspace', 'o', 'n']"
56,Jenna.mp4,Jenna,,,
57,Jenna.mp4,Jenna,0.0,hann,"['h', 'a', 'n', 'n']"
58,Jeremy.mp4,Jeremy,,,
59,Jeremy.mp4,Jeremy,0.0,keith,"['k', 'e', 'i', 't', 'h']"
60,Jessica.mp4,Jessica,,,
61,Jessica.mp4,Jessica,0.0,kayla,"['k', 'a', 'y', 'l', 'a']"
62,Josh.mp4,Josh,,,
63,Josh.mp4,Josh,0.0,dustin,"['d', 'u', 's', 't', 'i', 'n', 'return']"
64,Julia.mp4,Julia,,,
65,Julia.mp4,Julia,0.0,jessica a,"['j', 'e', 's', 's', 'i', 'c', 'a', 'space', 'a']"
66,Justin.mp4,Justin,,,
67,Justin.mp4,Justin,0.0,josh,"['j', 'o', 's', 'h']"
68,Katie.mp4,Katie,,,
69,Katie.mp4,Katie,0.0,briana,"['b', 'r', 'i', 'a', 'n', 'a']"
70,Kayla.mp4,Kayla,,,
71,Kayla.mp4,Kayla,0.0,,None
72,Kelsey.mp4,Kelsey,,,
73,Kelsey.mp4,Kelsey,0.0,jenna,"['j', 'e', 'n', 'n', 'a']"
74,Kevin.mp4,Kevin,,,
75,Kevin.mp4,Kevin,0.0,,None
76,Kyle.mp4,Kyle,,,
77,Kyle.mp4,Kyle,1.0,kyle,"['k', 'y', 'l', 'e']"
78,Lauren.mp4,Lauren,,,
79,Lauren.mp4,Lauren,0.0,jessica,"['j', 'e', 's', 's', 'i', 'c', 'a']"
80,Mark.mp4,Mark,,,
81,Mark.mp4,Mark,0.0,caleb,"['c', 'a', 'l', 'e', 'b']"
82,Matthew.mp4,Matthew,,,
83,Matthew.mp4,Matthew,1.0,matthew,"['comma', 'comma', 'a', 'backspace', 'm', 'a', 't', 't', 'h', 'e', 'w']"
84,Megan.mp4,Megan,,,
85,Megan.mp4,Megan,0.0,ellie,"['e', 'l', 'l', 'i', 'e']"
86,Michael.mp4,Michael,,,
87,Michael.mp4,Michael,0.0,trevor,"['t', 'backspace', 't', 'r', 'e', 'v', 'o', 'r']"
88,Michelle.mp4,Michelle,,,
89,Michelle.mp4,Michelle,0.0,emily,"['e', 'm', 'i', 'l', 'y']"
90,Natalie.mp4,Natalie,,,
91,Natalie.mp4,Natalie,0.0,,None
92,Nathan.mp4,Nathan,,,
93,Nathan.mp4,Nathan,0.0,trevor,"['t', 'r', 'e', 'v', 'o', 'r']"
94,Nicole.mp4,Nicole,,,
95,Nicole.mp4,Nicole,1.0,nicole,"['n', 'i', 'c', 'o', 'l', 'e']"
96,Noah.mp4,Noah,,,
97,Noah.mp4,Noah,1.0,noah,"['n', 'o', 'a', 'h']"
98,Olivia.mp4,Olivia,,,
99,Olivia.mp4,Olivia,0.0,,None
100,Rachel.mp4,Rachel,,,
101,Rachel.mp4,Rachel,0.0,jessica,"['j', 'e', 's', 's', 'i', 'c', 'a']"
102,Rebecca.mp4,Rebecca,,,
103,Rebecca.mp4,Rebecca,1.0,rebe,"['r', 'e', 'b', 'e']"
104,Sarah.mp4,Sarah,,,
105,Sarah.mp4,Sarah,0.0,olivia,"['o', 'l', 'i', 'v', 'i', 'a']"
106,Shelby.mp4,Shelby,,,
107,Shelby.mp4,Shelby,0.0,emily,"['e', 'm', 'i', 'l', 'y']"
108,Steven.mp4,Steven,,,
109,Steven.mp4,Steven,0.0,josh,"['j', 'o', 's', 'h', 'return']"
110,Taylor.mp4,Taylor,,,
111,Taylor.mp4,Taylor,0.0,bianca,"['b', 'i', 'a', 'n', 'c', 'a']"
112,Thomas.mp4,Thomas,,,
113,Thomas.mp4,Thomas,0.0,,None
114,Timothy.mp4,Timothy,,,
115,Timothy.mp4,Timothy,0.0,jason,"['j', 'a', 's', 'o', 'n']"
116,Trevor.mp4,Trevor,,,
117,Trevor.mp4,Trevor,0.0,kevin,"['k', 'e', 'v', 'i', 'n']"
118,Tyler.mp4,Tyler,,,
119,Tyler.mp4,Tyler,0.0,,['space']
