,Video,Name,recallRating_AA,inputText,key_resp_3.keys
0,Aaron.mp4,Aaron,,,
1,Aaron.mp4,Aaron,0.0,kevin,"['k', 'e', 'v', 'i', 'n']"
2,Adam.mp4,Adam,,,
3,Adam.mp4,Adam,1.0,adam,"['a', 'd', 'a', 'm']"
4,Alyssa.mp4,Alyssa,,,
5,Alyssa.mp4,Alyssa,0.0,katie,"['k', 'a', 't', 'i', 'e']"
6,Amanda.mp4,Amanda,,,
7,Amanda.mp4,Amanda,0.0,natalie,"['n', 'a', 't', 'a', 'l', 'i', 'e']"
8,Andrew.mp4,Andrew,,,
9,Andrew.mp4,Andrew,0.0,nathan,"['n', 'a', 't', 'h', 'a', 'n']"
10,Anna.mp4,Anna,,,
11,Anna.mp4,Anna,,,None
12,Ashley.mp4,Ashley,,,
13,Ashley.mp4,Ashley,1.0,ashley,"['s', 'backspace', 'a', 's', 'h', 'l', 'e', 'y']"
14,Bradley.mp4,Bradley,,,
15,Bradley.mp4,Bradley,1.0,bradley,"['b', 'r', 'a', 'd', 'l', 'e', 'y']"
16,Brandon.mp4,Brandon,,,
17,Brandon.mp4,Brandon,1.0,brandon,"['b', 'r', 'a', 'n', 'd', 'o', 'n']"
18,Brian.mp4,Brian,,,
19,Brian.mp4,Brian,0.0,kevin,"['k', 'e', 'v', 'i', 'n']"
20,Brianna.mp4,Brianna,,,
21,Brianna.mp4,Brianna,0.0,amber,"['a', 'm', 'b', 'e', 'r']"
22,Brittany.mp4,Brittany,,,
23,Brittany.mp4,Brittany,0.0,heather,"['h', 'e', 'a', 't', 'h', 'e', 'r']"
24,Caleb.mp4,Caleb,,,
25,Caleb.mp4,Caleb,0.0,brandon,"['b', 'r', 'a', 'n', 'd', 'o', 'n']"
26,Cody.mp4,Cody,,,
27,Cody.mp4,Cody,0.0,zackery,"['z', 'a', 'c', 'k', 'e', 'r', 'y']"
28,Courtney.mp4,Courtney,,,
29,Courtney.mp4,Courtney,1.0,courtney,"['c', 'o', 'u', 'r', 't', 'n', 'e', 't', 'y', 'backspace', 'backspace', 'y']"
30,Daniel.mp4,Daniel,,,
31,Daniel.mp4,Daniel,0.0,,None
32,Danielle.mp4,Danielle,,,
33,Danielle.mp4,Danielle,0.0,,None
34,David.mp4,David,,,
35,David.mp4,David,0.0,jeremy,"['j', 'e', 'r', 'e', 'm', 'y']"
36,Dylan.mp4,Dylan,,,
37,Dylan.mp4,Dylan,1.0,dylan,"['d', 'y', 'l', 'a', 'n']"
38,Emily.mp4,Emily,,,
39,Emily.mp4,Emily,0.0,julie,"['j', 'l', 'backspace', 'u', 'l', 'i', 'e']"
40,Eric.mp4,Eric,,,
41,Eric.mp4,Eric,0.0,timoth,"['t', 'i', 'm', 'o', 't', 'h', 'y', 'backspace']"
42,Ethan.mp4,Ethan,,,
43,Ethan.mp4,Ethan,0.0,timothy,"['t', 'i', 'm', 'o', 't', 'h', 'y']"
44,Grace.mp4,Grace,,,
45,Grace.mp4,Grace,1.0,grace,"['g', 'r', 'a', 'x', 'e', 'backspace', 'backspace', 'c', 'e']"
46,Haley.mp4,Haley,,,
47,Haley.mp4,Haley,0.0,ashley,"['a', 's', 'h', 'l', 'e', 'y', 'return', 'space']"
48,Hannah.mp4,Hannah,,,
49,Hannah.mp4,Hannah,0.0,amanda,"['a', 'm', 'a', 'n', 'd', 'a']"
50,Heather.mp4,Heather,,,
51,Heather.mp4,Heather,0.0,,None
52,Jacob.mp4,Jacob,,,
53,Jacob.mp4,Jacob,0.0,josh,"['j', 'o', 's', 'h']"
54,Jason.mp4,Jason,,,
55,Jason.mp4,Jason,0.0,,None
56,Jenna.mp4,Jenna,,,
57,Jenna.mp4,Jenna,0.0,natalie,"['n', 'a', 't', 'a', 'l', 'i', 'e']"
58,Jeremy.mp4,Jeremy,,,
59,Jeremy.mp4,Jeremy,1.0,jeremy,"['j', 'e', 'r', 'e', 'm', 'y']"
60,Jessica.mp4,Jessica,,,
61,Jessica.mp4,Jessica,1.0,jessica,"['j', 'e', 's', 's', 'i', 'c', 'a']"
62,Josh.mp4,Josh,,,
63,Josh.mp4,Josh,0.0,justin,"['j', 'u', 's', 't', 'i', 'n']"
64,Julia.mp4,Julia,,,
65,Julia.mp4,Julia,1.0,julia,"['j', 'u', 'l', 'i', 'a']"
66,Justin.mp4,Justin,,,
67,Justin.mp4,Justin,0.0,josh,"['j', 'o', 's', 'h']"
68,Katie.mp4,Katie,,,
69,Katie.mp4,Katie,,,None
70,Kayla.mp4,Kayla,,,
71,Kayla.mp4,Kayla,1.0,kayla,"['k', 'a', 'y', 'l', 'a', 'return']"
72,Kelsey.mp4,Kelsey,,,
73,Kelsey.mp4,Kelsey,0.0,,None
74,Kevin.mp4,Kevin,,,
75,Kevin.mp4,Kevin,0.0,daniel,"['d', 'a', 'n', 'i', 'e', 'l']"
76,Kyle.mp4,Kyle,,,
77,Kyle.mp4,Kyle,0.0,jacob,"['j', 'a', 'c', 'o', 'b']"
78,Lauren.mp4,Lauren,,,
79,Lauren.mp4,Lauren,1.0,lauren,"['l', 'a', 'u', 'r', 'e', 'n']"
80,Mark.mp4,Mark,,,
81,Mark.mp4,Mark,1.0,mark,"['m', 'space', 'a', 'r', 'k', 'backspace', 'backspace', 'backspace', 'backspace', 'a', 'r', 'k']"
82,Matthew.mp4,Matthew,,,
83,Matthew.mp4,Matthew,1.0,matthew,"['m', 'a', 't', 't', 'h', 'e', 'w']"
84,Megan.mp4,Megan,,,
85,Megan.mp4,Megan,1.0,megan,"['m', 'e', 'g', 'a', 'n', 'return']"
86,Michael.mp4,Michael,,,
87,Michael.mp4,Michael,0.0,,None
88,Michelle.mp4,Michelle,,,
89,Michelle.mp4,Michelle,0.0,,None
90,Natalie.mp4,Natalie,,,
91,Natalie.mp4,Natalie,1.0,natalie,"['n', 'a', 't', 'a', 'l', 'i', 'e']"
92,Nathan.mp4,Nathan,,,
93,Nathan.mp4,Nathan,1.0,nathan,"['n', 'a', 't', 'h', 'a', 'n']"
94,Nicole.mp4,Nicole,,,
95,Nicole.mp4,Nicole,0.0,kayla,"['k', 'a', 'y', 'l', 'a']"
96,Noah.mp4,Noah,,,
97,Noah.mp4,Noah,0.0,kevin,"['k', 'e', 'v', 'i', 'n']"
98,Olivia.mp4,Olivia,,,
99,Olivia.mp4,Olivia,0.0,ashle,"['a', 's', 'h', 'l', 'e', 'y', 'backspace']"
100,Rachel.mp4,Rachel,,,
101,Rachel.mp4,Rachel,,,None
102,Rebecca.mp4,Rebecca,,,
103,Rebecca.mp4,Rebecca,1.0,rebecca,"['r', 'e', 'b', 'e', 'c', 'c', 'a']"
104,Sarah.mp4,Sarah,,,
105,Sarah.mp4,Sarah,1.0,sarah,"['s', 'a', 'r', 'a', 'h']"
106,Shelby.mp4,Shelby,,,
107,Shelby.mp4,Shelby,0.0,lauren,"['l', 'a', 'u', 'r', 'e', 'n']"
108,Steven.mp4,Steven,,,
109,Steven.mp4,Steven,0.0,kevi,"['k', 'e', 'v', 'i']"
110,Taylor.mp4,Taylor,,,
111,Taylor.mp4,Taylor,0.0,am,"['a', 'm', 'e', 'b', 'backspace', 'backspace']"
112,Thomas.mp4,Thomas,,,
113,Thomas.mp4,Thomas,0.0,daniel,"['d', 'a', 'n', 'i', 'e', 'l']"
114,Timothy.mp4,Timothy,,,
115,Timothy.mp4,Timothy,0.0,josh,"['j', 'o', 's', 'h']"
116,Trevor.mp4,Trevor,,,
117,Trevor.mp4,Trevor,0.0,josh,"['j', 'o', 's', 'h']"
118,Tyler.mp4,Tyler,,,
119,Tyler.mp4,Tyler,0.0,kevin,"['k', 'e', 'v', 'i', 'n']"
