,Video,Name,recallRating_AA,inputText,key_resp_3.keys
0,Aaron.mp4,Aaron,,,
1,Aaron.mp4,Aaron,0.0,Greg,"['rshift', 'g', 'r', 'e', 'g']"
2,Adam.mp4,Adam,,,
3,Adam.mp4,Adam,0.0,Kevin,"['rshift', 'k', 'e', 'v', 'i', 'n']"
4,Alyssa.mp4,Alyssa,,,
5,Alyssa.mp4,Alyssa,1.0,Alyssa,"['rshift', 'a', 'l', 'y', 's', 's', 'a']"
6,Amanda.mp4,Amanda,,,
7,Amanda.mp4,Amanda,1.0,Amanda,"['rshift', 'rshift', 'a', 'm', 'a', 'n', 'd', 'a']"
8,Andrew.mp4,Andrew,,,
9,Andrew.mp4,Andrew,0.0,,None
10,Anna.mp4,Anna,,,
11,Anna.mp4,Anna,1.0,Anna,"['rshift', 'a', 'n', 'a', 'backspace', 'n', 'a']"
12,Ashley.mp4,Ashley,,,
13,Ashley.mp4,Ashley,0.0,,None
14,Bradley.mp4,Bradley,,,
15,Bradley.mp4,Bradley,1.0,Bradley,"['rshift', 'b', 'r', 'a', 'd', 'l', 'e', 'y']"
16,Brandon.mp4,Brandon,,,
17,Brandon.mp4,Brandon,1.0,Brandon,"['rshift', 'b', 'r', 'a', 'n', 'd', 'o', 'n']"
18,Brian.mp4,Brian,,,
19,Brian.mp4,Brian,1.0,Brian,"['rshift', 'b', 'r', 'i', 'a', 'n']"
20,Brianna.mp4,Brianna,,,
21,Brianna.mp4,Brianna,1.0,Brianna,"['rshift', 'rshift', 'b', 'r', 'i', 'a', 'n', 'n', 'a']"
22,Brittany.mp4,Brittany,,,
23,Brittany.mp4,Brittany,0.0,Brooke,"['rshift', 'b', 'r', 'o', 'o', 'k', 'e']"
24,Caleb.mp4,Caleb,,,
25,Caleb.mp4,Caleb,1.0,Caleb,"['rshift', 'c', 'a', 'l', 'e', 'b']"
26,Cody.mp4,Cody,,,
27,Cody.mp4,Cody,0.0,Connor,"['rshift', 'c', 'o', 'n', 'n', 'o', 'r']"
28,Courtney.mp4,Courtney,,,
29,Courtney.mp4,Courtney,0.0,Georgia,"['rshift', 'g', 'e', 'o', 'r', 'g', 'i', 'a']"
30,Daniel.mp4,Daniel,,,
31,Daniel.mp4,Daniel,0.0,Chris,"['rshift', 'c', 'r', 'h', 's', 'backspace', 'backspace', 'backspace', 'h', 'r', 'i', 's']"
32,Danielle.mp4,Danielle,,,
33,Danielle.mp4,Danielle,1.0,Danielle,"['rshift', 'd', 'a', 'n', 'i', 'l', 'e', 'e', 'backspace', 'backspace', 'backspace', 'e', 'l', 'l', 'e']"
34,David.mp4,David,,,
35,David.mp4,David,0.0,,None
36,Dylan.mp4,Dylan,,,
37,Dylan.mp4,Dylan,1.0,Dylan,"['rshift', 'rshift', 'd', 'y', 'l', 'a', 'n']"
38,Emily.mp4,Emily,,,
39,Emily.mp4,Emily,0.0,Elizabeth,"['rshift', 'e', 'l', 'i', 'z', 'a', 'b', 'e', 't', 'h']"
40,Eric.mp4,Eric,,,
41,Eric.mp4,Eric,0.0,Clay,"['rshift', 'c', 'l', 'a', 'y']"
42,Ethan.mp4,Ethan,,,
43,Ethan.mp4,Ethan,1.0,Ethan,"['rshift', 'e', 't', 'h', 'a', 'n']"
44,Grace.mp4,Grace,,,
45,Grace.mp4,Grace,1.0,Grace,"['rshift', 'g', 'r', 'a', 'c', 'e']"
46,Haley.mp4,Haley,,,
47,Haley.mp4,Haley,0.0,Michelle,"['rshift', 'm', 'i', 'c', 'h', 'e', 'l', 'l', 'e']"
48,Hannah.mp4,Hannah,,,
49,Hannah.mp4,Hannah,1.0,Hannah,"['rshift', 'h', 'a', 'n', 'n', 'a', 'h']"
50,Heather.mp4,Heather,,,
51,Heather.mp4,Heather,0.0,,None
52,Jacob.mp4,Jacob,,,
53,Jacob.mp4,Jacob,1.0,Jacob,"['rshift', 'j', 'a', 'c', 'o', 'b']"
54,Jason.mp4,Jason,,,
55,Jason.mp4,Jason,1.0,Jason,"['rshift', 'j', 'a', 's', 'n', 'backspace', 'o', 'n']"
56,Jenna.mp4,Jenna,,,
57,Jenna.mp4,Jenna,0.0,,None
58,Jeremy.mp4,Jeremy,,,
59,Jeremy.mp4,Jeremy,0.0,,None
60,Jessica.mp4,Jessica,,,
61,Jessica.mp4,Jessica,1.0,Jessica,"['rshift', 'j', 'e', 's', 's', 'i', 'v', 'backspace', 'c', 'a', 'return']"
62,Josh.mp4,Josh,,,
63,Josh.mp4,Josh,1.0,Josh,"['rshift', 'j', 'o', 's', 'h', 'return']"
64,Julia.mp4,Julia,,,
65,Julia.mp4,Julia,1.0,Julia,"['rshift', 'j', 'u', 'l', 'i', 'a']"
66,Justin.mp4,Justin,,,
67,Justin.mp4,Justin,0.0,Sam,"['rshift', 's', 'a', 'm']"
68,Katie.mp4,Katie,,,
69,Katie.mp4,Katie,1.0,Katie,"['rshift', 'k', 'a', 't', 'i', 'e']"
70,Kayla.mp4,Kayla,,,
71,Kayla.mp4,Kayla,1.0,Kayla,"['rshift', 'k', 'y', 'l', 'a', 'backspace', 'backspace', 'backspace', 'a', 'y', 'l', 'a']"
72,Kelsey.mp4,Kelsey,,,
73,Kelsey.mp4,Kelsey,0.0,,None
74,Kevin.mp4,Kevin,,,
75,Kevin.mp4,Kevin,1.0,kevin,"['k', 'e', 'v', 'i', 'n']"
76,Kyle.mp4,Kyle,,,
77,Kyle.mp4,Kyle,1.0,Kyle,"['rshift', 'k', 'y', 'l', 'e']"
78,Lauren.mp4,Lauren,,,
79,Lauren.mp4,Lauren,0.0,,None
80,Mark.mp4,Mark,,,
81,Mark.mp4,Mark,0.0,Matt,"['rshift', 'm', 'a', 't', 't']"
82,Matthew.mp4,Matthew,,,
83,Matthew.mp4,Matthew,0.0,,None
84,Megan.mp4,Megan,,,
85,Megan.mp4,Megan,1.0,Megan,"['rshift', 'm', 'e', 'g', 'a', 'n']"
86,Michael.mp4,Michael,,,
87,Michael.mp4,Michael,0.0,,None
88,Michelle.mp4,Michelle,,,
89,Michelle.mp4,Michelle,1.0,Michelle,"['rshift', 'm', 'i', 'c', 'h', 'e', 'l', 'l', 'e']"
90,Natalie.mp4,Natalie,,,
91,Natalie.mp4,Natalie,0.0,,None
92,Nathan.mp4,Nathan,,,
93,Nathan.mp4,Nathan,1.0,Nathan,"['rshift', 'n', 'a', 't', 'h', 'a', 'n']"
94,Nicole.mp4,Nicole,,,
95,Nicole.mp4,Nicole,1.0,Nicole,"['rshift', 'n', 'i', 'c', 'o', 'l', 'e']"
96,Noah.mp4,Noah,,,
97,Noah.mp4,Noah,0.0,,None
98,Olivia.mp4,Olivia,,,
99,Olivia.mp4,Olivia,1.0,Olivia,"['rshift', 'o', 'l', 'i', 'v', 'i', 'a']"
100,Rachel.mp4,Rachel,,,
101,Rachel.mp4,Rachel,0.0,Ashley,"['rshift', 'a', 's', 'h', 'l', 'e', 'y']"
102,Rebecca.mp4,Rebecca,,,
103,Rebecca.mp4,Rebecca,0.0,,None
104,Sarah.mp4,Sarah,,,
105,Sarah.mp4,Sarah,1.0,Sarah,"['rshift', 's', 'a', 'r', 'a', 'h']"
106,Shelby.mp4,Shelby,,,
107,Shelby.mp4,Shelby,1.0,Shelby,"['rshift', 'rshift', 's', 'd', 'backspace', 'backspace', 'rshift', 's', 'h', 'e', 'l', 'b', 'y']"
108,Steven.mp4,Steven,,,
109,Steven.mp4,Steven,0.0,,None
110,Taylor.mp4,Taylor,,,
111,Taylor.mp4,Taylor,1.0,Taylor,"['rshift', 't', 'a', 'y', 'l', 'o', 'r']"
112,Thomas.mp4,Thomas,,,
113,Thomas.mp4,Thomas,1.0,Thomas,"['rshift', 't', 'h', 'o', 'm', 'a', 's']"
114,Timothy.mp4,Timothy,,,
115,Timothy.mp4,Timothy,1.0,Timothy,"['rshift', 't', 'i', 'm', 'o', 't', 'h', 'y']"
116,Trevor.mp4,Trevor,,,
117,Trevor.mp4,Trevor,0.0,,None
118,Tyler.mp4,Tyler,,,
119,Tyler.mp4,Tyler,0.0,,None
