,Video,Name,recallRating_AA,inputText,key_resp_3.keys
0,Aaron.mp4,Aaron,,,
1,Aaron.mp4,Aaron,0.0,Daniel,"['lshift', 'd', 'a', 'n', 'i', 'e', 'l']"
2,Adam.mp4,Adam,,,
3,Adam.mp4,Adam,1.0,Adam,"['lshift', 'a', 'd', 'm', 'backspace', 'a', 'm']"
4,Alyssa.mp4,Alyssa,,,
5,Alyssa.mp4,Alyssa,1.0,Alyssa,"['lshift', 'a', 'l', 'y', 'y', 'backspace', 's', 's', 'a']"
6,Amanda.mp4,Amanda,,,
7,Amanda.mp4,Amanda,0.0,Nat,"['lshift', 'n', 'a', 't']"
8,Andrew.mp4,Andrew,,,
9,Andrew.mp4,Andrew,0.0,Dani,"['lshift', 'lshift', 'd', 'a', 'n', 'e', 'backspace', 'i', 'e', 'l', 'backspace', 'backspace']"
10,Anna.mp4,Anna,,,
11,Anna.mp4,Anna,0.0,Grace,"['lshift', 'g', 'r', 'a', 'c', 'e']"
12,Ashley.mp4,Ashley,,,
13,Ashley.mp4,Ashley,1.0,Ashley,"['lshift', 'a', 's', 'h', 'e', 'backspace', 'l', 'e', 'y']"
14,Bradley.mp4,Bradley,,,
15,Bradley.mp4,Bradley,0.0,Brian,"['lshift', 'b', 'r', 'y', 'backspace', 'i', 'a', 'n', 'return']"
16,Brandon.mp4,Brandon,,,
17,Brandon.mp4,Brandon,0.0,Caleb,"['lshift', 'c', 'a', 'l', 'e', 'b']"
18,Brian.mp4,Brian,,,
19,Brian.mp4,Brian,1.0,Brian,"['lshift', 'b', 'r', 'i', 'a', 'n', '4', 'backspace']"
20,Brianna.mp4,Brianna,,,
21,Brianna.mp4,Brianna,1.0,Brianna,"['lshift', 'b', 'r', 'i', 'a', 'n', 'n', 'a']"
22,Brittany.mp4,Brittany,,,
23,Brittany.mp4,Brittany,1.0,Britney,"['lshift', 'b', 'i', 'backspace', 'r', 'i', 't', 'n', 'e', 'y']"
24,Caleb.mp4,Caleb,,,
25,Caleb.mp4,Caleb,1.0,Caleb,"['lshift', 'c', 'a', 'l', 'e', 'b']"
26,Cody.mp4,Cody,,,
27,Cody.mp4,Cody,0.0,,None
28,Courtney.mp4,Courtney,,,
29,Courtney.mp4,Courtney,0.0,Hailey,"['lshift', 'h', 'a', 'l', 'backspace', 'i', 'l', 'e', 'y']"
30,Daniel.mp4,Daniel,,,
31,Daniel.mp4,Daniel,0.0,Noah,"['lshift', 'n', 'o', 'a', 'f', 'backspace', 'h']"
32,Danielle.mp4,Danielle,,,
33,Danielle.mp4,Danielle,1.0,Danielle,"['lshift', 'd', 'a', 'n', 'i', 'e', 'l', 'l', 'e']"
34,David.mp4,David,,,
35,David.mp4,David,0.0,,None
36,Dylan.mp4,Dylan,,,
37,Dylan.mp4,Dylan,0.0,,None
38,Emily.mp4,Emily,,,
39,Emily.mp4,Emily,1.0,Emily,"['lshift', 'e', 'm', 'i', 'l', 'y']"
40,Eric.mp4,Eric,,,
41,Eric.mp4,Eric,1.0,Eric,"['lshift', 'e', 'r', 'i', 'c']"
42,Ethan.mp4,Ethan,,,
43,Ethan.mp4,Ethan,0.0,,['lshift']
44,Grace.mp4,Grace,,,
45,Grace.mp4,Grace,0.0,Ana,"['lshift', 'a', 'n', 'a']"
46,Haley.mp4,Haley,,,
47,Haley.mp4,Haley,1.0,Haley,"['lshift', 'h', 'a', 'l', 'e', 'y']"
48,Hannah.mp4,Hannah,,,
49,Hannah.mp4,Hannah,1.0,Hannah,"['lshift', 'h', 'a', 'n', 'n', 'a', 'h']"
50,Heather.mp4,Heather,,,
51,Heather.mp4,Heather,0.0,Julie,"['lshift', 'j', 'u', 'l', 'i', 'e']"
52,Jacob.mp4,Jacob,,,
53,Jacob.mp4,Jacob,0.0,Jake,"['lshift', 'j', 'a', 'k', 'e', 'return', '1', 'backspace', 'return']"
54,Jason.mp4,Jason,,,
55,Jason.mp4,Jason,1.0,Jason,"['lshift', 'j', 'a', 's', 'o', 'n', 'return']"
56,Jenna.mp4,Jenna,,,
57,Jenna.mp4,Jenna,0.0,,"['lshift', 'lshift', 'r', 'a', 'c', 'h', 'e', 'l', 'backspace', 'backspace', 'backspace', 'backspace', 'backspace', 'backspace', 'backspace', 'backspace']"
58,Jeremy.mp4,Jeremy,,,
59,Jeremy.mp4,Jeremy,0.0,,None
60,Jessica.mp4,Jessica,,,
61,Jessica.mp4,Jessica,1.0,Jessica,"['lshift', 'j', 'e', 's', 's', 'i', 'c', 'c', 'backspace', 'a']"
62,Josh.mp4,Josh,,,
63,Josh.mp4,Josh,1.0,Josh,"['lshift', 'j', 'o', 's', 'h', 'return']"
64,Julia.mp4,Julia,,,
65,Julia.mp4,Julia,0.0,,['lshift']
66,Justin.mp4,Justin,,,
67,Justin.mp4,Justin,0.0,Trevor,"['lshift', 't', 'r', 'e', 'v', 'o', 'r']"
68,Katie.mp4,Katie,,,
69,Katie.mp4,Katie,0.0,,"['lshift', 'd', 'backspace', 'lshift']"
70,Kayla.mp4,Kayla,,,
71,Kayla.mp4,Kayla,0.0,Reb,"['lshift', 'r', 'e', 'b']"
72,Kelsey.mp4,Kelsey,,,
73,Kelsey.mp4,Kelsey,1.0,Kelsey,"['lshift', 'k', 'e', 'l', 's', 'e', 'y']"
74,Kevin.mp4,Kevin,,,
75,Kevin.mp4,Kevin,0.0,,"['lshift', 'm', 'i', 'backspace', 'backspace', 'backspace']"
76,Kyle.mp4,Kyle,,,
77,Kyle.mp4,Kyle,0.0,,None
78,Lauren.mp4,Lauren,,,
79,Lauren.mp4,Lauren,0.0,,"['lshift', 'return', 'lshift']"
80,Mark.mp4,Mark,,,
81,Mark.mp4,Mark,0.0,,None
82,Matthew.mp4,Matthew,,,
83,Matthew.mp4,Matthew,1.0,Matthew,"['lshift', 'm', 'a', 't', 't', 'h', 'e', 'w']"
84,Megan.mp4,Megan,,,
85,Megan.mp4,Megan,1.0,Megan,"['lshift', 'm', 'e', 'g', 'a', 'n']"
86,Michael.mp4,Michael,,,
87,Michael.mp4,Michael,0.0,,['lshift']
88,Michelle.mp4,Michelle,,,
89,Michelle.mp4,Michelle,1.0,Michelle,"['lshift', 'm', 'i', 'c', 'h', 'e', 'l', 'l', 'e', 'backspace', 'backspace', 'e', 'backspace', 'l', 'e']"
90,Natalie.mp4,Natalie,,,
91,Natalie.mp4,Natalie,1.0,Natalie,"['lshift', 'n', 'a', 't', 'a', 'l', 'i', 'e', '3', 'backspace']"
92,Nathan.mp4,Nathan,,,
93,Nathan.mp4,Nathan,0.0,Mike,"['lshift', 'm', 'i', 'k', 'e']"
94,Nicole.mp4,Nicole,,,
95,Nicole.mp4,Nicole,0.0,Sara,"['lshift', 's', 'a', 'r', 'a']"
96,Noah.mp4,Noah,,,
97,Noah.mp4,Noah,1.0,Noah,"['lshift', 'n', 'o', 'a', 'h']"
98,Olivia.mp4,Olivia,,,
99,Olivia.mp4,Olivia,0.0,,None
100,Rachel.mp4,Rachel,,,
101,Rachel.mp4,Rachel,1.0,Rachel,"['lshift', 'r', 'a', 'c', 'h', 'e', 'l', 'return']"
102,Rebecca.mp4,Rebecca,,,
103,Rebecca.mp4,Rebecca,0.0,Sara,"['lshift', 's', 'a', 'r', 'a']"
104,Sarah.mp4,Sarah,,,
105,Sarah.mp4,Sarah,0.0,Rebecca,"['lshift', 'r', 'e', 'b', 'e', 'c', 'c', 'a', 'return']"
106,Shelby.mp4,Shelby,,,
107,Shelby.mp4,Shelby,0.0,,['lshift']
108,Steven.mp4,Steven,,,
109,Steven.mp4,Steven,0.0,,None
110,Taylor.mp4,Taylor,,,
111,Taylor.mp4,Taylor,0.0,,"['lshift', 'lshift']"
112,Thomas.mp4,Thomas,,,
113,Thomas.mp4,Thomas,1.0,Thomas,"['lshift', 't', 'h', 'a', 'backspace', 'o', 'm', 'a', 's', 'return', 'return']"
114,Timothy.mp4,Timothy,,,
115,Timothy.mp4,Timothy,1.0,Timothy,"['lshift', 't', 'i', 'm', 'o', 't', 'h', 'y', 'return']"
116,Trevor.mp4,Trevor,,,
117,Trevor.mp4,Trevor,1.0,Trevor,"['lshift', 't', 'r', 'e', 'v', 'o', 'r']"
118,Tyler.mp4,Tyler,,,
119,Tyler.mp4,Tyler,0.0,Nick,"['lshift', 'n', 'c', 'backspace', 'i', 'c', 'k']"
