,Video,Name,recallRating_AA,inputText,key_resp_3.keys
0,Aaron.mp4,Aaron,,,
1,Aaron.mp4,Aaron,1.0,Aron,"['lshift', 'a', 'r', 'o', 'n']"
2,Adam.mp4,Adam,,,
3,Adam.mp4,Adam,1.0,Adam,"['lshift', 'a', 'd', 'a', 'm']"
4,Alyssa.mp4,Alyssa,,,
5,Alyssa.mp4,Alyssa,0.0,Lindsey,"['lshift', 'l', 'i', 'n', 'd', 's', 'e', 'y']"
6,Amanda.mp4,Amanda,,,
7,Amanda.mp4,Amanda,0.0,Jessica,"['lshift', 'j', 'e', 's', 's', 'i', 'c', 'a']"
8,Andrew.mp4,Andrew,,,
9,Andrew.mp4,Andrew,0.0,Matt,"['lshift', 'm', 'a', 't', 't']"
10,Anna.mp4,Anna,,,
11,Anna.mp4,Anna,0.0,,None
12,Ashley.mp4,Ashley,,,
13,Ashley.mp4,Ashley,1.0,Ashley,"['lshift', 'a', 's', 'h', 'l', 'e', 'y']"
14,Bradley.mp4,Bradley,,,
15,Bradley.mp4,Bradley,0.0,,None
16,Brandon.mp4,Brandon,,,
17,Brandon.mp4,Brandon,0.0,Daniel,"['lshift', 'd', 'a', 'n', 'i', 'e', 'l']"
18,Brian.mp4,Brian,,,
19,Brian.mp4,Brian,0.0,Michael,"['lshift', 'm', 'i', 'c', 'h', 'a', 'l', 'backspace', 'e', 'l']"
20,Brianna.mp4,Brianna,,,
21,Brianna.mp4,Brianna,0.0,Lauren,"['lshift', 'l', 'a', 'u', 'r', 'e', 'n']"
22,Brittany.mp4,Brittany,,,
23,Brittany.mp4,Brittany,0.0,,None
24,Caleb.mp4,Caleb,,,
25,Caleb.mp4,Caleb,0.0,Matthew,"['lshift', 'm', 'a', 't', 't', 'h', 'e', 'w', 'return']"
26,Cody.mp4,Cody,,,
27,Cody.mp4,Cody,1.0,Cody,"['lshift', 'c', 'o', 'd', 'y']"
28,Courtney.mp4,Courtney,,,
29,Courtney.mp4,Courtney,0.0,,None
30,Daniel.mp4,Daniel,,,
31,Daniel.mp4,Daniel,1.0,Daniel,"['lshift', 'd', 'a', 'n', 'i', 'e', 'l']"
32,Danielle.mp4,Danielle,,,
33,Danielle.mp4,Danielle,1.0,Danielle,"['lshift', 'd', 'a', 'n', 'i', 'e', 'l', 'l', 'e']"
34,David.mp4,David,,,
35,David.mp4,David,0.0,,None
36,Dylan.mp4,Dylan,,,
37,Dylan.mp4,Dylan,1.0,Dylan,"['lshift', 'd', 'y', 'l', 'n', 'backspace', 'a', 'n', 'space', 'return']"
38,Emily.mp4,Emily,,,
39,Emily.mp4,Emily,0.0,Evelyn,"['lshift', 'e', 'v', 'e', 'l', 'n', 'backspace', 'y', 'n']"
40,Eric.mp4,Eric,,,
41,Eric.mp4,Eric,0.0,Ethan,"['lshift', 'e', 't', 'h', 'a', 'n']"
42,Ethan.mp4,Ethan,,,
43,Ethan.mp4,Ethan,0.0,,None
44,Grace.mp4,Grace,,,
45,Grace.mp4,Grace,0.0,Julia,"['lshift', 'j', 'u', 'l', 'i', 'a']"
46,Haley.mp4,Haley,,,
47,Haley.mp4,Haley,1.0,Haley,"['lshift', 'h', 'a', 'l', 'e', 'y']"
48,Hannah.mp4,Hannah,,,
49,Hannah.mp4,Hannah,0.0,Jessica,"['lshift', 'j', 'e', 's', 's', 'i', 'c', 'a']"
50,Heather.mp4,Heather,,,
51,Heather.mp4,Heather,1.0,Heather,"['lshift', 'h', 'e', 'a', 't', 'h', 'e', 'r']"
52,Jacob.mp4,Jacob,,,
53,Jacob.mp4,Jacob,0.0,Josh,"['lshift', 'j', 'o', 's', 'h']"
54,Jason.mp4,Jason,,,
55,Jason.mp4,Jason,0.0,Josh,"['lshift', 'j', 'o', 's', 'h']"
56,Jenna.mp4,Jenna,,,
57,Jenna.mp4,Jenna,0.0,,None
58,Jeremy.mp4,Jeremy,,,
59,Jeremy.mp4,Jeremy,0.0,,None
60,Jessica.mp4,Jessica,,,
61,Jessica.mp4,Jessica,0.0,,None
62,Josh.mp4,Josh,,,
63,Josh.mp4,Josh,1.0,Josh,"['lshift', 'j', 'o', 's', 'h']"
64,Julia.mp4,Julia,,,
65,Julia.mp4,Julia,1.0,Julia,"['lshift', 'j', 'u', 'l', 'i', 'a']"
66,Justin.mp4,Justin,,,
67,Justin.mp4,Justin,0.0,,None
68,Katie.mp4,Katie,,,
69,Katie.mp4,Katie,0.0,Grace,"['lshift', 'g', 'r', 'a', 'c', 'v', 'e', 'backspace', 'backspace', 'e']"
70,Kayla.mp4,Kayla,,,
71,Kayla.mp4,Kayla,0.0,Lauren,"['lshift', 'l', 'a', 'r', 'e', 'n', 'backspace', 'backspace', 'backspace', 'backspace', 'a', 'u', 'r', 'e', 'n']"
72,Kelsey.mp4,Kelsey,,,
73,Kelsey.mp4,Kelsey,0.0,Natalie,"['lshift', 'n', 'a', 't', 'a', 'l', 'i', 'e']"
74,Kevin.mp4,Kevin,,,
75,Kevin.mp4,Kevin,0.0,,None
76,Kyle.mp4,Kyle,,,
77,Kyle.mp4,Kyle,0.0,No,"['lshift', 'n', 'o']"
78,Lauren.mp4,Lauren,,,
79,Lauren.mp4,Lauren,0.0,Rebecca,"['lshift', 'r', 'e', 'b', 'e', 'c', 'c', 'a']"
80,Mark.mp4,Mark,,,
81,Mark.mp4,Mark,1.0,Mark,"['lshift', 'm', 'a', 'r', 'k']"
82,Matthew.mp4,Matthew,,,
83,Matthew.mp4,Matthew,0.0,Thomas,"['lshift', 't', 'h', 'o', 'm', 'a', 's']"
84,Megan.mp4,Megan,,,
85,Megan.mp4,Megan,1.0,Megan,"['lshift', 'm', 'e', 'g', 'a', 'n']"
86,Michael.mp4,Michael,,,
87,Michael.mp4,Michael,0.0,Shawn,"['lshift', 's', 'h', 'a', 'w', 'n']"
88,Michelle.mp4,Michelle,,,
89,Michelle.mp4,Michelle,1.0,Michelle,"['lshift', 'm', 'i', 'c', 'h', 'e', 'l', 'l', 'e', 'space']"
90,Natalie.mp4,Natalie,,,
91,Natalie.mp4,Natalie,0.0,,None
92,Nathan.mp4,Nathan,,,
93,Nathan.mp4,Nathan,1.0,Nathan,"['lshift', 'n', 'a', 't', 'h', 'a', 'n']"
94,Nicole.mp4,Nicole,,,
95,Nicole.mp4,Nicole,1.0,Nicole,"['z', 'n', 'backspace', 'backspace', 'lshift', 'n', 'i', 'c', 'o', 'l', 'e']"
96,Noah.mp4,Noah,,,
97,Noah.mp4,Noah,0.0,,None
98,Olivia.mp4,Olivia,,,
99,Olivia.mp4,Olivia,1.0,Olivia,"['lshift', 'o', 'l', 'i', 'v', 'i', 'a']"
100,Rachel.mp4,Rachel,,,
101,Rachel.mp4,Rachel,0.0,,None
102,Rebecca.mp4,Rebecca,,,
103,Rebecca.mp4,Rebecca,0.0,Lauren,"['lshift', 'l', 'backspace', 'lshift', 'l', 'a', 'u', 'r', 'e', 'n']"
104,Sarah.mp4,Sarah,,,
105,Sarah.mp4,Sarah,1.0,Sarah,"['lshift', 's', 'a', 'r', 'a', 'h']"
106,Shelby.mp4,Shelby,,,
107,Shelby.mp4,Shelby,1.0,Sha,"['lshift', 's', 'h', 'a']"
108,Steven.mp4,Steven,,,
109,Steven.mp4,Steven,1.0,Steven,"['lshift', 's', 't', 'e', 'v', 'e', 'n']"
110,Taylor.mp4,Taylor,,,
111,Taylor.mp4,Taylor,0.0,,None
112,Thomas.mp4,Thomas,,,
113,Thomas.mp4,Thomas,1.0,Thomas,"['lshift', 't', 'h', 'o', 'm', 'a', 's']"
114,Timothy.mp4,Timothy,,,
115,Timothy.mp4,Timothy,1.0,Timothy,"['lshift', 't', 'i', 'm', 'o', 't', 'h', 'y']"
116,Trevor.mp4,Trevor,,,
117,Trevor.mp4,Trevor,0.0,,None
118,Tyler.mp4,Tyler,,,
119,Tyler.mp4,Tyler,0.0,Justin,"['lshift', 'j', 'u', 's', 't', 'i', 'n']"
