,Video,Name,recallRating_AA,inputText,key_resp_3.keys
0,Aaron.mp4,Aaron,,,
1,Aaron.mp4,Aaron,0.0,,None
2,Adam.mp4,Adam,,,
3,Adam.mp4,Adam,1.0,adam,"['a', 'd', 'a', 'm']"
4,Alyssa.mp4,Alyssa,,,
5,Alyssa.mp4,Alyssa,0.0,,None
6,Amanda.mp4,Amanda,,,
7,Amanda.mp4,Amanda,0.0,,None
8,Andrew.mp4,Andrew,,,
9,Andrew.mp4,Andrew,0.0,Brandon,"['lshift', 'b', 'r', 'a', 'n', 'd', 'n', 'backspace', 'o', 'n', 'return']"
10,Anna.mp4,Anna,,,
11,Anna.mp4,Anna,0.0,,None
12,Ashley.mp4,Ashley,,,
13,Ashley.mp4,Ashley,0.0,rachel,"['r', 'a', 'c', 'h', 'e', 'l']"
14,Bradley.mp4,Bradley,,,
15,Bradley.mp4,Bradley,1.0,bradley,"['b', 'r', 'a', 'd', 'l', 'e', 'y']"
16,Brandon.mp4,Brandon,,,
17,Brandon.mp4,Brandon,0.0,Michael,"['lshift', 'm', 'i', 'c', 'h', 'a', 'e', 'l', 'return']"
18,Brian.mp4,Brian,,,
19,Brian.mp4,Brian,0.0,,None
20,Brianna.mp4,Brianna,,,
21,Brianna.mp4,Brianna,0.0,Grace,"['lshift', 'g', 'r', 'a', 'd', 'backspace', 'c', 'e']"
22,Brittany.mp4,Brittany,,,
23,Brittany.mp4,Brittany,0.0,,None
24,Caleb.mp4,Caleb,,,
25,Caleb.mp4,Caleb,0.0,Tyler,"['lshift', 't', 'y', 'l', 'e', 'r']"
26,Cody.mp4,Cody,,,
27,Cody.mp4,Cody,1.0,cody,"['c', 'o', 'd', 'y']"
28,Courtney.mp4,Courtney,,,
29,Courtney.mp4,Courtney,0.0,,None
30,Daniel.mp4,Daniel,,,
31,Daniel.mp4,Daniel,1.0,daniel,"['d', 'a', 'n', 'i', 'e', 'l']"
32,Danielle.mp4,Danielle,,,
33,Danielle.mp4,Danielle,0.0,,None
34,David.mp4,David,,,
35,David.mp4,David,0.0,aaron,"['a', 'a', 'r', 'o', 'n']"
36,Dylan.mp4,Dylan,,,
37,Dylan.mp4,Dylan,0.0,Brandon,"['lshift', 'b', 'r', 'a', 'n', 'd', 'o', 'n', 'return']"
38,Emily.mp4,Emily,,,
39,Emily.mp4,Emily,0.0,Alyssa,"['lshift', 'a', 'l', 'y', 's', 's', 'a', 'return']"
40,Eric.mp4,Eric,,,
41,Eric.mp4,Eric,0.0,aaron,"['a', 'a', 'r', 'o', 'n']"
42,Ethan.mp4,Ethan,,,
43,Ethan.mp4,Ethan,0.0,eric,"['e', 'r', 'i', 'c']"
44,Grace.mp4,Grace,,,
45,Grace.mp4,Grace,1.0,Grace,"['lshift', 'g', 'r', 'a', 'c', 'e']"
46,Haley.mp4,Haley,,,
47,Haley.mp4,Haley,0.0,britney,"['b', 'r', 'i', 't', 'n', 'e', 'y']"
48,Hannah.mp4,Hannah,,,
49,Hannah.mp4,Hannah,0.0,amanda,"['j', 'e', 'n', 'n', 'a', 'backspace', 'backspace', 'backspace', 'backspace', 'backspace', 'a', 'm', 'a', 'n', 'd', 'a']"
50,Heather.mp4,Heather,,,
51,Heather.mp4,Heather,0.0,hanna,"['h', 'a', 'n', 'a', 'backspace', 'n', 'a']"
52,Jacob.mp4,Jacob,,,
53,Jacob.mp4,Jacob,0.0,thomas,"['t', 'h', 'o', 'm', 'a', 's']"
54,Jason.mp4,Jason,,,
55,Jason.mp4,Jason,0.0,Brandon,"['lshift', 'm', 'i', 'c', 'backspace', 'backspace', 'backspace', 'lshift', 'b', 'r', 'a', 'n', 'd', 'o', 'n']"
56,Jenna.mp4,Jenna,,,
57,Jenna.mp4,Jenna,1.0,jenna,"['j', 'e', 'n', 'n', 'a']"
58,Jeremy.mp4,Jeremy,,,
59,Jeremy.mp4,Jeremy,1.0,jeremy,"['j', 'e', 'r', 'e', 'm', 'y']"
60,Jessica.mp4,Jessica,,,
61,Jessica.mp4,Jessica,0.0,jenna,"['j', 'e', 'n', 'n', 'a']"
62,Josh.mp4,Josh,,,
63,Josh.mp4,Josh,1.0,josh,"['j', 'o', 's', 'h']"
64,Julia.mp4,Julia,,,
65,Julia.mp4,Julia,0.0,,None
66,Justin.mp4,Justin,,,
67,Justin.mp4,Justin,0.0,tyler,"['t', 'y', 'l', 'e', 'r']"
68,Katie.mp4,Katie,,,
69,Katie.mp4,Katie,0.0,Alyssa,"['lshift', 'a', 'l', 'y', 's', 's', 'a']"
70,Kayla.mp4,Kayla,,,
71,Kayla.mp4,Kayla,1.0,kayla,"['k', 'a', 'y', 'a', 'backspace', 'l', 'a']"
72,Kelsey.mp4,Kelsey,,,
73,Kelsey.mp4,Kelsey,1.0,kelsey,"['k', 'e', 'l', 's', 'e', 'y']"
74,Kevin.mp4,Kevin,,,
75,Kevin.mp4,Kevin,1.0,kevin,"['k', 'e', 'v', 'i', 'n']"
76,Kyle.mp4,Kyle,,,
77,Kyle.mp4,Kyle,1.0,kyle,"['k', 'y', 'l', 'e']"
78,Lauren.mp4,Lauren,,,
79,Lauren.mp4,Lauren,1.0,lauren,"['l', 'a', 'u', 'r', 'e', 'n']"
80,Mark.mp4,Mark,,,
81,Mark.mp4,Mark,0.0,mat,"['m', 'a', 't']"
82,Matthew.mp4,Matthew,,,
83,Matthew.mp4,Matthew,0.0,kyle,"['k', 'y', 'l', 'e']"
84,Megan.mp4,Megan,,,
85,Megan.mp4,Megan,1.0,megan,"['m', 'e', 'g', 'a', 'n']"
86,Michael.mp4,Michael,,,
87,Michael.mp4,Michael,0.0,Brandon,"['lshift', 'b', 'r', 'a', 'n', 'd', 'o', 'n', 'return']"
88,Michelle.mp4,Michelle,,,
89,Michelle.mp4,Michelle,0.0,Grace,"['lshift', 'g', 'r', 'a', 'c', 'e']"
90,Natalie.mp4,Natalie,,,
91,Natalie.mp4,Natalie,0.0,jenna,"['j', 'e', 'n', 'n', 'a', 'return']"
92,Nathan.mp4,Nathan,,,
93,Nathan.mp4,Nathan,1.0,nathan,"['n', 'a', 't', 'h', 'a', 'n']"
94,Nicole.mp4,Nicole,,,
95,Nicole.mp4,Nicole,1.0,nicole,"['n', 'i', 'c', 'o', 'l', 'e']"
96,Noah.mp4,Noah,,,
97,Noah.mp4,Noah,0.0,,None
98,Olivia.mp4,Olivia,,,
99,Olivia.mp4,Olivia,1.0,olivia,"['o', 'l', 'i', 'v', 'i', 'a']"
100,Rachel.mp4,Rachel,,,
101,Rachel.mp4,Rachel,1.0,rachel,"['r', 'a', 'c', 'h', 'e', 'l']"
102,Rebecca.mp4,Rebecca,,,
103,Rebecca.mp4,Rebecca,0.0,,None
104,Sarah.mp4,Sarah,,,
105,Sarah.mp4,Sarah,0.0,,None
106,Shelby.mp4,Shelby,,,
107,Shelby.mp4,Shelby,1.0,shelby,"['s', 'h', 'e', 'l', 'b', 'y']"
108,Steven.mp4,Steven,,,
109,Steven.mp4,Steven,1.0,steven,"['s', 't', 'e', 'v', 'e', 'n']"
110,Taylor.mp4,Taylor,,,
111,Taylor.mp4,Taylor,0.0,,None
112,Thomas.mp4,Thomas,,,
113,Thomas.mp4,Thomas,0.0,,None
114,Timothy.mp4,Timothy,,,
115,Timothy.mp4,Timothy,1.0,timothy,"['k', 'y', 'l', 'e', 'backspace', 'backspace', 'backspace', 'backspace', 'backspace', 't', 'i', 'm', 'o', 't', 'h', 'y']"
116,Trevor.mp4,Trevor,,,
117,Trevor.mp4,Trevor,0.0,aaron,"['a', 'a', 'o', 'backspace', 'r', 'o', 'n']"
118,Tyler.mp4,Tyler,,,
119,Tyler.mp4,Tyler,1.0,tyler,"['a', 'd', 'backspace', 'backspace', 't', 'y', 'l', 'e', 'r']"
