,Video,Name,recallRating_AA,inputText,key_resp_3.keys
0,Aaron.mp4,Aaron,,,
1,Aaron.mp4,Aaron,0,,None
2,Adam.mp4,Adam,,,
3,Adam.mp4,Adam,0,brian,"['b', 'r', 'i', 'a', 'n']"
4,Alyssa.mp4,Alyssa,,,
5,Alyssa.mp4,Alyssa,0,hannah,"['h', 'a', 'n', 'n', 'a', 'h']"
6,Amanda.mp4,Amanda,,,
7,Amanda.mp4,Amanda,0,sophia,"['s', 'o', 'p', 'h', 'i', 'a']"
8,Andrew.mp4,Andrew,,,
9,Andrew.mp4,Andrew,0,brandon,"['b', 'r', 'a', 'n', 'd', 'o', 'n', 'space']"
10,Anna.mp4,Anna,,,
11,Anna.mp4,Anna,0,amanda,"['a', 'm', 'a', 'n', 'd', 'a']"
12,Ashley.mp4,Ashley,,,
13,Ashley.mp4,Ashley,0,,None
14,Bradley.mp4,Bradley,,,
15,Bradley.mp4,Bradley,0,,None
16,Brandon.mp4,Brandon,,,
17,Brandon.mp4,Brandon,0,adam,"['a', 'd', 'a', 'm']"
18,Brian.mp4,Brian,,,
19,Brian.mp4,Brian,0,isaac,"['i', 's', 's', 'backspace', 'a', 'a', 'c']"
20,Brianna.mp4,Brianna,,,
21,Brianna.mp4,Brianna,0,gabrielle,"['g', 'a', 'b', 'i', 'r', 'e', 'l', 'l', 'e', 'backspace', 'backspace', 'backspace', 'backspace', 'backspace', 'backspace', 'r', 'i', 'e', 'l', 'l', 'e', 'return', 'space']"
22,Brittany.mp4,Brittany,,,
23,Brittany.mp4,Brittany,1,brittany,"['b', 'r', 'i', 't', 't', 'a', 'n', 'y']"
24,Caleb.mp4,Caleb,,,
25,Caleb.mp4,Caleb,0,brian,"['b', 'r', 'i', 'a', 'n', 'space']"
26,Cody.mp4,Cody,,,
27,Cody.mp4,Cody,1,cody,"['c', 'o', 'd', 'y']"
28,Courtney.mp4,Courtney,,,
29,Courtney.mp4,Courtney,0,hannah,"['h', 'a', 'n', 'n', 'a', 'h']"
30,Daniel.mp4,Daniel,,,
31,Daniel.mp4,Daniel,0,mark,"['m', 'a', 'r', 'k']"
32,Danielle.mp4,Danielle,,,
33,Danielle.mp4,Danielle,,,None
34,David.mp4,David,,,
35,David.mp4,David,0,,"['1', 'backspace']"
36,Dylan.mp4,Dylan,,,
37,Dylan.mp4,Dylan,0,daniel,"['d', 'a', 'n', 'i', 'e', 'l']"
38,Emily.mp4,Emily,,,
39,Emily.mp4,Emily,0,ana,"['a', 'n', 'a']"
40,Eric.mp4,Eric,,,
41,Eric.mp4,Eric,0,,None
42,Ethan.mp4,Ethan,,,
43,Ethan.mp4,Ethan,0,adam,"['a', 'd', 'a', 'm']"
44,Grace.mp4,Grace,,,
45,Grace.mp4,Grace,0,emily,"['e', 'm', 'i', 'l', 'y']"
46,Haley.mp4,Haley,,,
47,Haley.mp4,Haley,1,haley,"['h', 'a', 'l', 'e', 'y', 'y', 'backspace']"
48,Hannah.mp4,Hannah,,,
49,Hannah.mp4,Hannah,0,emily,"['e', 'm', 'i', 'l', 'y']"
50,Heather.mp4,Heather,,,
51,Heather.mp4,Heather,1,heather,"['h', 'e', 'a', 't', 'h', 'e', 'r']"
52,Jacob.mp4,Jacob,,,
53,Jacob.mp4,Jacob,0,marc,"['m', 'a', 'r', 'c']"
54,Jason.mp4,Jason,,,
55,Jason.mp4,Jason,0,mike,"['m', 'i', 'k', 'e']"
56,Jenna.mp4,Jenna,,,
57,Jenna.mp4,Jenna,0,sara,"['s', 'a', 'r', 'a']"
58,Jeremy.mp4,Jeremy,,,
59,Jeremy.mp4,Jeremy,1,jeremy,"['j', 'e', 'r', 'e', 'm', 'y']"
60,Jessica.mp4,Jessica,,,
61,Jessica.mp4,Jessica,0,,None
62,Josh.mp4,Josh,,,
63,Josh.mp4,Josh,1,josh,"['j', 'o', 's', 'h']"
64,Julia.mp4,Julia,,,
65,Julia.mp4,Julia,0,emily,"['e', 'm', 'i', 'l', 'y']"
66,Justin.mp4,Justin,,,
67,Justin.mp4,Justin,0,david,"['d', 'a', 'v', 'i', 'd']"
68,Katie.mp4,Katie,,,
69,Katie.mp4,Katie,0,sara,"['s', 'a', 'r', 'a']"
70,Kayla.mp4,Kayla,,,
71,Kayla.mp4,Kayla,0,samantha,"['s', 'a', 'm', 'a', 'n', 't', 'h', 'a']"
72,Kelsey.mp4,Kelsey,,,
73,Kelsey.mp4,Kelsey,0,,None
74,Kevin.mp4,Kevin,,,
75,Kevin.mp4,Kevin,0,toby,"['t', 'o', 'b', 'y']"
76,Kyle.mp4,Kyle,,,
77,Kyle.mp4,Kyle,1,kyle,"['k', 'y', 'l', 'e']"
78,Lauren.mp4,Lauren,,,
79,Lauren.mp4,Lauren,1,lauren,"['l', 'a', 'u', 'r', 'e', 'n']"
80,Mark.mp4,Mark,,,
81,Mark.mp4,Mark,1,mark,"['m', 'a', 'r', 'k']"
82,Matthew.mp4,Matthew,,,
83,Matthew.mp4,Matthew,0,greg,"['g', 'r', 'e', 'g']"
84,Megan.mp4,Megan,,,
85,Megan.mp4,Megan,0,bethany,"['b', 'e', 't', 'h', 'e', 'n', 'y', 'backspace', 'backspace', 'backspace', 'a', 'n', 'y']"
86,Michael.mp4,Michael,,,
87,Michael.mp4,Michael,0,dylan,"['d', 'y', 'l', 'a', 'n']"
88,Michelle.mp4,Michelle,,,
89,Michelle.mp4,Michelle,0,,None
90,Natalie.mp4,Natalie,,,
91,Natalie.mp4,Natalie,0,jessica,"['j', 'e', 's', 's', 'i', 'c', 'a']"
92,Nathan.mp4,Nathan,,,
93,Nathan.mp4,Nathan,0,mark,"['m', 's', 'backspace', 'r', 'backspace', 'a', 'r', 'k']"
94,Nicole.mp4,Nicole,,,
95,Nicole.mp4,Nicole,1,nicole,"['n', 'i', 'c', 'o', 'l', 'e']"
96,Noah.mp4,Noah,,,
97,Noah.mp4,Noah,0,trevor,"['t', 'r', 'e', 'v', 'o', 'r']"
98,Olivia.mp4,Olivia,,,
99,Olivia.mp4,Olivia,1,olivia,"['o', 'l', 'i', 'v', 'i', 'a']"
100,Rachel.mp4,Rachel,,,
101,Rachel.mp4,Rachel,0,brittany,"['b', 'r', 'i', 't', 't', 'a', 'n', 'y']"
102,Rebecca.mp4,Rebecca,,,
103,Rebecca.mp4,Rebecca,0,emma,"['e', 'm', 'm', 'a']"
104,Sarah.mp4,Sarah,,,
105,Sarah.mp4,Sarah,0,,None
106,Shelby.mp4,Shelby,,,
107,Shelby.mp4,Shelby,1,shelby,"['s', 'h', 'e', 'l', 'b', 'y']"
108,Steven.mp4,Steven,,,
109,Steven.mp4,Steven,0,brandon,"['b', 'r', 'a', 'n', 'd', 'o', 'n']"
110,Taylor.mp4,Taylor,,,
111,Taylor.mp4,Taylor,0,maria,"['m', 'a', 'r', 'i', 'e', 'backspace', 'a']"
112,Thomas.mp4,Thomas,,,
113,Thomas.mp4,Thomas,0,sam,"['d', 'a', 'backspace', 'backspace', 's', 'a', 'm']"
114,Timothy.mp4,Timothy,,,
115,Timothy.mp4,Timothy,0,,None
116,Trevor.mp4,Trevor,,,
117,Trevor.mp4,Trevor,1,trevor,"['t', 'r', 'e', 'v', 'o', 'r']"
118,Tyler.mp4,Tyler,,,
119,Tyler.mp4,Tyler,0,,None