,Video,Name,recallRating_AA,inputText,key_resp_3.keys
0,Aaron.mp4,Aaron,,,
1,Aaron.mp4,Aaron,0.0,,None
2,Adam.mp4,Adam,,,
3,Adam.mp4,Adam,1.0,Adam,"['lshift', 'a', 'd', 'a', 'm']"
4,Alyssa.mp4,Alyssa,,,
5,Alyssa.mp4,Alyssa,0.0,Michelle,"['lshift', 'm', 'i', 'h', 'backspace', 'c', 'e', 'backspace', 'h', 'e', 'l', 'l', 'l', 'e', 'backspace', 'backspace', 'e']"
6,Amanda.mp4,Amanda,,,
7,Amanda.mp4,Amanda,1.0,Amanda,"['lshift', 'a', 'm', 'a', 'n', 'd', 'a']"
8,Andrew.mp4,Andrew,,,
9,Andrew.mp4,Andrew,0.0,Caleb,"['lshift', 'c', 'a', 'l', 'e', 'b']"
10,Anna.mp4,Anna,,,
11,Anna.mp4,Anna,0.0,,['space']
12,Ashley.mp4,Ashley,,,
13,Ashley.mp4,Ashley,0.0,,None
14,Bradley.mp4,Bradley,,,
15,Bradley.mp4,Bradley,1.0,Bradley,"['lshift', 'b', 'r', 'd', 'backspace', 'a', 'd', 'l', 'e', 'y']"
16,Brandon.mp4,Brandon,,,
17,Brandon.mp4,Brandon,0.0,Tom,"['lshift', 't', 'o', 'm']"
18,Brian.mp4,Brian,,,
19,Brian.mp4,Brian,0.0,Michael,"['lshift', 'm', 'i', 'c', 'h', 'a', 'e', 'l']"
20,Brianna.mp4,Brianna,,,
21,Brianna.mp4,Brianna,1.0,Breonna,"['b', 'capslock', 'backspace', 'lshift', 'b', 'e', 'w', 'backspace', 'backspace', 'r', 'e', 'o', 'n', 'n', 'a']"
22,Brittany.mp4,Brittany,,,
23,Brittany.mp4,Brittany,1.0,Britney,"['lshift', 'b', 'i', 'r', 'backspace', 'backspace', 'r', 'i', 't', 'n', 'e', 'y']"
24,Caleb.mp4,Caleb,,,
25,Caleb.mp4,Caleb,0.0,Daniel,"['lshift', 'd', 'a', 'n', 'i', 'e', 'l']"
26,Cody.mp4,Cody,,,
27,Cody.mp4,Cody,0.0,,None
28,Courtney.mp4,Courtney,,,
29,Courtney.mp4,Courtney,1.0,Courtney,"['lshift', 'c', 'o', 'u', 't', 'n', 'e', 'y', 'backspace', 'backspace', 'backspace', 'backspace', 'r', 't', 'n', 'e', 'y']"
30,Daniel.mp4,Daniel,,,
31,Daniel.mp4,Daniel,0.0,Nathan,"['lshift', 'n', 'a', 't', 'h', 'a', 'n']"
32,Danielle.mp4,Danielle,,,
33,Danielle.mp4,Danielle,1.0,Danielle,"['lshift', 'd', 'a', 'n', 'i', 'e', 'l', 'l', 'e']"
34,David.mp4,David,,,
35,David.mp4,David,1.0,David,"['lshift', 'd', 'a', 'v', 'd', 'backspace', 'i', 'd']"
36,Dylan.mp4,Dylan,,,
37,Dylan.mp4,Dylan,0.0,,"['lshift', 'c', 'a', 'l', 'e', 'b', 'backspace', 'backspace', 'backspace', 'backspace', 'backspace']"
38,Emily.mp4,Emily,,,
39,Emily.mp4,Emily,0.0,,None
40,Eric.mp4,Eric,,,
41,Eric.mp4,Eric,0.0,Mathew,"['lshift', 'm', 'a', 't', 'h', 'e', 'w']"
42,Ethan.mp4,Ethan,,,
43,Ethan.mp4,Ethan,0.0,,None
44,Grace.mp4,Grace,,,
45,Grace.mp4,Grace,0.0,An,"['lshift', 'a', 'n', 'n', 'a', 'return', 'backspace', 'backspace']"
46,Haley.mp4,Haley,,,
47,Haley.mp4,Haley,1.0,Hailey,"['lshift', 'h', 'a', 'i', 'l', 'e', 'y']"
48,Hannah.mp4,Hannah,,,
49,Hannah.mp4,Hannah,0.0,,None
50,Heather.mp4,Heather,,,
51,Heather.mp4,Heather,0.0,,None
52,Jacob.mp4,Jacob,,,
53,Jacob.mp4,Jacob,0.0,,None
54,Jason.mp4,Jason,,,
55,Jason.mp4,Jason,0.0,Brandon,"['lshift', 'c', 'backspace', 'lshift', 'lshift', 'b', 'r', 'a', 'n', 'd', 'o', 'n']"
56,Jenna.mp4,Jenna,,,
57,Jenna.mp4,Jenna,0.0,,['lshift']
58,Jeremy.mp4,Jeremy,,,
59,Jeremy.mp4,Jeremy,0.0,,None
60,Jessica.mp4,Jessica,,,
61,Jessica.mp4,Jessica,0.0,Natalie,"['lshift', 'n', 'a', 't', 'a', 'l', 'i', 'e']"
62,Josh.mp4,Josh,,,
63,Josh.mp4,Josh,0.0,,None
64,Julia.mp4,Julia,,,
65,Julia.mp4,Julia,0.0,,None
66,Justin.mp4,Justin,,,
67,Justin.mp4,Justin,0.0,,None
68,Katie.mp4,Katie,,,
69,Katie.mp4,Katie,0.0,,None
70,Kayla.mp4,Kayla,,,
71,Kayla.mp4,Kayla,0.0,,None
72,Kelsey.mp4,Kelsey,,,
73,Kelsey.mp4,Kelsey,1.0,Kelsey,"['lshift', 'k', 'e', 'l', 's', 'e', 'y']"
74,Kevin.mp4,Kevin,,,
75,Kevin.mp4,Kevin,0.0,Nathan,"['lshift', 'n', 'a', 'h', 'backspace', 't', 'h', 'n', 'backspace', 'a', 'n', '1', 'backspace']"
76,Kyle.mp4,Kyle,,,
77,Kyle.mp4,Kyle,0.0,,None
78,Lauren.mp4,Lauren,,,
79,Lauren.mp4,Lauren,0.0,,None
80,Mark.mp4,Mark,,,
81,Mark.mp4,Mark,0.0,Nathan,"['lshift', 'n', 'a', 't', 'h', 'a', 'n']"
82,Matthew.mp4,Matthew,,,
83,Matthew.mp4,Matthew,1.0,Mathew,"['lshift', 'm', 'a', 't', 'h', 'e', 'w']"
84,Megan.mp4,Megan,,,
85,Megan.mp4,Megan,1.0,Meagan,"['lshift', 'm', 'e', 'a', 'g', 'n', 'a', 'backspace', 'backspace', 'a', 'n']"
86,Michael.mp4,Michael,,,
87,Michael.mp4,Michael,0.0,,None
88,Michelle.mp4,Michelle,,,
89,Michelle.mp4,Michelle,0.0,,None
90,Natalie.mp4,Natalie,,,
91,Natalie.mp4,Natalie,1.0,Natalie,"['lshift', 'n', 'a', 't', 'a', 'l', 'i', 'e']"
92,Nathan.mp4,Nathan,,,
93,Nathan.mp4,Nathan,0.0,,None
94,Nicole.mp4,Nicole,,,
95,Nicole.mp4,Nicole,0.0,,"['space', 'space', 'space']"
96,Noah.mp4,Noah,,,
97,Noah.mp4,Noah,0.0,,None
98,Olivia.mp4,Olivia,,,
99,Olivia.mp4,Olivia,0.0,Kay,"['lshift', 'k', 'a', 'y']"
100,Rachel.mp4,Rachel,,,
101,Rachel.mp4,Rachel,0.0,,None
102,Rebecca.mp4,Rebecca,,,
103,Rebecca.mp4,Rebecca,0.0,,"['space', '1', 'backspace']"
104,Sarah.mp4,Sarah,,,
105,Sarah.mp4,Sarah,0.0,,None
106,Shelby.mp4,Shelby,,,
107,Shelby.mp4,Shelby,0.0,,None
108,Steven.mp4,Steven,,,
109,Steven.mp4,Steven,0.0,,None
110,Taylor.mp4,Taylor,,,
111,Taylor.mp4,Taylor,0.0,Ka,"['lshift', 'k', 'a']"
112,Thomas.mp4,Thomas,,,
113,Thomas.mp4,Thomas,0.0,Nathan,"['lshift', 'n', 'a', 't', 'h', 'a', 'n']"
114,Timothy.mp4,Timothy,,,
115,Timothy.mp4,Timothy,0.0,Ethan,"['lshift', 'e', 't', 'h', 'a', 'n']"
116,Trevor.mp4,Trevor,,,
117,Trevor.mp4,Trevor,0.0,,None
118,Tyler.mp4,Tyler,,,
119,Tyler.mp4,Tyler,1.0,Tylor,"['lshift', 't', 'y', 'l', 'o', 'r']"
