,Video,Name,recallRating_AA,inputText,key_resp_3.keys
0,Aaron.mp4,Aaron,,,
1,Aaron.mp4,Aaron,0.0,steven,"['s', 't', 'e', 'v', 'e', 'n']"
2,Adam.mp4,Adam,,,
3,Adam.mp4,Adam,,,None
4,Alyssa.mp4,Alyssa,,,
5,Alyssa.mp4,Alyssa,0.0,,None
6,Amanda.mp4,Amanda,,,
7,Amanda.mp4,Amanda,,,None
8,Andrew.mp4,Andrew,,,
9,Andrew.mp4,Andrew,1.0,andrew,"['a', 'n', 'd', 'r', 'e', 'w']"
10,Anna.mp4,Anna,,,
11,Anna.mp4,Anna,0.0,,None
12,Ashley.mp4,Ashley,,,
13,Ashley.mp4,Ashley,0.0,,None
14,Bradley.mp4,Bradley,,,
15,Bradley.mp4,Bradley,,,None
16,Brandon.mp4,Brandon,,,
17,Brandon.mp4,Brandon,0.0,,"['d', 'y', 'l', 'n', 'backspace', 'backspace', 'backspace', 'backspace', 'backspace', 'backspace']"
18,Brian.mp4,Brian,,,
19,Brian.mp4,Brian,0.0,josh,"['j', 'o', 's', 'h']"
20,Brianna.mp4,Brianna,,,
21,Brianna.mp4,Brianna,0.0,,None
22,Brittany.mp4,Brittany,,,
23,Brittany.mp4,Brittany,1.0,britney,"['b', 'r', 'i', 't', 'n', 'e', 'y']"
24,Caleb.mp4,Caleb,,,
25,Caleb.mp4,Caleb,1.0,caleb,"['c', 'a', 'l', 'e', 'b']"
26,Cody.mp4,Cody,,,
27,Cody.mp4,Cody,0.0,,None
28,Courtney.mp4,Courtney,,,
29,Courtney.mp4,Courtney,0.0,,None
30,Daniel.mp4,Daniel,,,
31,Daniel.mp4,Daniel,0.0,kevn,"['k', 'e', 'v', 'n']"
32,Danielle.mp4,Danielle,,,
33,Danielle.mp4,Danielle,0.0,jessica,"['j', 'e', 's', 's', 'i', 'c', 'a']"
34,David.mp4,David,,,
35,David.mp4,David,0.0,,None
36,Dylan.mp4,Dylan,,,
37,Dylan.mp4,Dylan,1.0,dylan,"['d', 'y', 'l', 'a', 'n']"
38,Emily.mp4,Emily,,,
39,Emily.mp4,Emily,0.0,grace,"['g', 'r', 'a', 'c', 'e']"
40,Eric.mp4,Eric,,,
41,Eric.mp4,Eric,0.0,jeremy,"['j', 'e', 'r', 'e', 'm', 'y']"
42,Ethan.mp4,Ethan,,,
43,Ethan.mp4,Ethan,0.0,james,"['j', 'a', 'm', 'e', 's']"
44,Grace.mp4,Grace,,,
45,Grace.mp4,Grace,0.0,grace,"['g', 'r', 'a', 'c', 'e']"
46,Haley.mp4,Haley,,,
47,Haley.mp4,Haley,1.0,haley,"['h', 'a', 'l', 'e', 'y']"
48,Hannah.mp4,Hannah,,,
49,Hannah.mp4,Hannah,,,None
50,Heather.mp4,Heather,,,
51,Heather.mp4,Heather,0.0,megan,"['m', 'e', 'g', 'a', 'n']"
52,Jacob.mp4,Jacob,,,
53,Jacob.mp4,Jacob,0.0,,['space']
54,Jason.mp4,Jason,,,
55,Jason.mp4,Jason,0.0,,None
56,Jenna.mp4,Jenna,,,
57,Jenna.mp4,Jenna,0.0,natalie,"['n', 'a', 't', 'a', 'l', 'i', 'e', 'space']"
58,Jeremy.mp4,Jeremy,,,
59,Jeremy.mp4,Jeremy,1.0,jeremy,"['j', 'e', 'r', 'e', 'm', 'y']"
60,Jessica.mp4,Jessica,,,
61,Jessica.mp4,Jessica,0.0,,None
62,Josh.mp4,Josh,,,
63,Josh.mp4,Josh,1.0,josh,"['j', 'o', 's', 'h']"
64,Julia.mp4,Julia,,,
65,Julia.mp4,Julia,,,None
66,Justin.mp4,Justin,,,
67,Justin.mp4,Justin,0.0,,None
68,Katie.mp4,Katie,,,
69,Katie.mp4,Katie,1.0,katy,"['k', 'a', 't', 'y']"
70,Kayla.mp4,Kayla,,,
71,Kayla.mp4,Kayla,0.0,,None
72,Kelsey.mp4,Kelsey,,,
73,Kelsey.mp4,Kelsey,0.0,,None
74,Kevin.mp4,Kevin,,,
75,Kevin.mp4,Kevin,0.0,,None
76,Kyle.mp4,Kyle,,,
77,Kyle.mp4,Kyle,0.0,james,"['j', 'a', 'e', 'backspace', 'm', 'e', 's', '1', 'backspace', 'space']"
78,Lauren.mp4,Lauren,,,
79,Lauren.mp4,Lauren,0.0,emma,"['e', 'm', 'm', 'a']"
80,Mark.mp4,Mark,,,
81,Mark.mp4,Mark,0.0,nick,"['n', 'i', 'c', 'k']"
82,Matthew.mp4,Matthew,,,
83,Matthew.mp4,Matthew,,,None
84,Megan.mp4,Megan,,,
85,Megan.mp4,Megan,1.0,megan,"['m', 'e', 'g', 'a', 'n']"
86,Michael.mp4,Michael,,,
87,Michael.mp4,Michael,0.0,,None
88,Michelle.mp4,Michelle,,,
89,Michelle.mp4,Michelle,1.0,michelle,"['m', 'i', 'c', 'h', 'e', 'l', 'l', 'e']"
90,Natalie.mp4,Natalie,,,
91,Natalie.mp4,Natalie,0.0,,['space']
92,Nathan.mp4,Nathan,,,
93,Nathan.mp4,Nathan,0.0,,None
94,Nicole.mp4,Nicole,,,
95,Nicole.mp4,Nicole,1.0,nicole,"['n', 'i', 'c', 'l', 'backspace', 'o', 'l', 'e']"
96,Noah.mp4,Noah,,,
97,Noah.mp4,Noah,0.0,,"['1', 'backspace']"
98,Olivia.mp4,Olivia,,,
99,Olivia.mp4,Olivia,1.0,olivia,"['o', 'l', 'i', 'v', 'i', 'a']"
100,Rachel.mp4,Rachel,,,
101,Rachel.mp4,Rachel,0.0,,None
102,Rebecca.mp4,Rebecca,,,
103,Rebecca.mp4,Rebecca,0.0,emma,"['e', 'm', 'm', 'a']"
104,Sarah.mp4,Sarah,,,
105,Sarah.mp4,Sarah,0.0,,None
106,Shelby.mp4,Shelby,,,
107,Shelby.mp4,Shelby,0.0,,None
108,Steven.mp4,Steven,,,
109,Steven.mp4,Steven,1.0,steven,"['s', 't', 'e', 'v', 'e', 'n']"
110,Taylor.mp4,Taylor,,,
111,Taylor.mp4,Taylor,0.0,,None
112,Thomas.mp4,Thomas,,,
113,Thomas.mp4,Thomas,0.0,,None
114,Timothy.mp4,Timothy,,,
115,Timothy.mp4,Timothy,0.0,adam,"['a', 'd', 'a', 'm']"
116,Trevor.mp4,Trevor,,,
117,Trevor.mp4,Trevor,0.0,,None
118,Tyler.mp4,Tyler,,,
119,Tyler.mp4,Tyler,0.0,,None
