,Video,Name,recallRating_AA,inputText,key_resp_3.keys
0,Aaron.mp4,Aaron,,,
1,Aaron.mp4,Aaron,1.0,aaro,"['a', 'a', 'r', 'o']"
2,Adam.mp4,Adam,,,
3,Adam.mp4,Adam,0.0,ti,"['t', 'i']"
4,Alyssa.mp4,Alyssa,,,
5,Alyssa.mp4,Alyssa,0.0,,None
6,Amanda.mp4,Amanda,,,
7,Amanda.mp4,Amanda,,,None
8,Andrew.mp4,Andrew,,,
9,Andrew.mp4,Andrew,0.0,david,"['d', 'a', 'v', 'i', 'd']"
10,Anna.mp4,Anna,,,
11,Anna.mp4,Anna,0.0,am,"['a', 'm', 'a']"
12,Ashley.mp4,Ashley,,,
13,Ashley.mp4,Ashley,1.0,ashley,"['a', 's', 'h', 'l', 'e', 'y']"
14,Bradley.mp4,Bradley,,,
15,Bradley.mp4,Bradley,1.0,bradle,"['b', 'r', 'a', 'd', 'l', 'e']"
16,Brandon.mp4,Brandon,,,
17,Brandon.mp4,Brandon,0.0,anthony,"['a', 'n', 't', 'h', 'o', 'n', 'y']"
18,Brian.mp4,Brian,,,
19,Brian.mp4,Brian,0.0,scott,"['s', 'c', 'o', 't', 't']"
20,Brianna.mp4,Brianna,,,
21,Brianna.mp4,Brianna,0.0,,None
22,Brittany.mp4,Brittany,,,
23,Brittany.mp4,Brittany,1.0,brittn,"['b', 'r', 't', 'backspace', 't', 'backspace', 'i', 't', 't', 'n']"
24,Caleb.mp4,Caleb,,,
25,Caleb.mp4,Caleb,1.0,caleb,"['c', 'a', 'l', 'e', 'b']"
26,Cody.mp4,Cody,,,
27,Cody.mp4,Cody,0.0,k,"['k', 'o', 'd', 'y', 'backspace', 'backspace', 'backspace', 'backspace', 'v', 'backspace', 'k']"
28,Courtney.mp4,Courtney,,,
29,Courtney.mp4,Courtney,0.0,,None
30,Daniel.mp4,Daniel,,,
31,Daniel.mp4,Daniel,0.0,,"['m', 'backspace']"
32,Danielle.mp4,Danielle,,,
33,Danielle.mp4,Danielle,1.0,da,"['n', 'backspace', 'd', 'a']"
34,David.mp4,David,,,
35,David.mp4,David,1.0,david,"['d', 'a', 'v', 'd', 'backspace', 'i', 'd']"
36,Dylan.mp4,Dylan,,,
37,Dylan.mp4,Dylan,0.0,,None
38,Emily.mp4,Emily,,,
39,Emily.mp4,Emily,0.0,,None
40,Eric.mp4,Eric,,,
41,Eric.mp4,Eric,0.0,,None
42,Ethan.mp4,Ethan,,,
43,Ethan.mp4,Ethan,0.0,,None
44,Grace.mp4,Grace,,,
45,Grace.mp4,Grace,0.0,caty,"['e', 'm', 'i', 'l', 'y', 'backspace', 'backspace', 'backspace', 'backspace', 'backspace', 'c', 'a', 't', 'y']"
46,Haley.mp4,Haley,,,
47,Haley.mp4,Haley,1.0,haley,"['h', 'a', 'l', 'e', 'y']"
48,Hannah.mp4,Hannah,,,
49,Hannah.mp4,Hannah,1.0,hannah,"['h', 'a', 'n', 'n', 'backspace', 'n', 'a', 'h']"
50,Heather.mp4,Heather,,,
51,Heather.mp4,Heather,1.0,heather,"['h', 'e', 'a', 't', 'h', 'e', 'r']"
52,Jacob.mp4,Jacob,,,
53,Jacob.mp4,Jacob,0.0,,None
54,Jason.mp4,Jason,,,
55,Jason.mp4,Jason,0.0,jonathan,"['j', 'o', 'n', 'a', 't', 'h', 'a', 'n']"
56,Jenna.mp4,Jenna,,,
57,Jenna.mp4,Jenna,1.0,jenny,"['j', 'e', 'n', 'n', 'y']"
58,Jeremy.mp4,Jeremy,,,
59,Jeremy.mp4,Jeremy,0.0,,None
60,Jessica.mp4,Jessica,,,
61,Jessica.mp4,Jessica,0.0,ama,"['a', 'm', 'a']"
62,Josh.mp4,Josh,,,
63,Josh.mp4,Josh,1.0,josh,"['j', 'o', 's', 'h', 'u', 'backspace']"
64,Julia.mp4,Julia,,,
65,Julia.mp4,Julia,0.0,,None
66,Justin.mp4,Justin,,,
67,Justin.mp4,Justin,0.0,,None
68,Katie.mp4,Katie,,,
69,Katie.mp4,Katie,0.0,,None
70,Kayla.mp4,Kayla,,,
71,Kayla.mp4,Kayla,0.0,shelby,"['s', 'h', 'e', 'l', 'b', 'y']"
72,Kelsey.mp4,Kelsey,,,
73,Kelsey.mp4,Kelsey,0.0,,None
74,Kevin.mp4,Kevin,,,
75,Kevin.mp4,Kevin,0.0,,None
76,Kyle.mp4,Kyle,,,
77,Kyle.mp4,Kyle,1.0,kyle,"['k', 't', 'backspace', 'y', 'l', 'e']"
78,Lauren.mp4,Lauren,,,
79,Lauren.mp4,Lauren,0.0,jennifer,"['j', 'e', 'n', 'n', 'i', 'f', 'e', 'f', 'backspace', 'r']"
80,Mark.mp4,Mark,,,
81,Mark.mp4,Mark,0.0,noah,"['n', 'o', 'a', 'h']"
82,Matthew.mp4,Matthew,,,
83,Matthew.mp4,Matthew,1.0,math,"['m', 'a', 't', 't', 'backspace', 'g', 'backspace', 'h']"
84,Megan.mp4,Megan,,,
85,Megan.mp4,Megan,1.0,megan,"['m', 'e', 'g', 'a', 'n']"
86,Michael.mp4,Michael,,,
87,Michael.mp4,Michael,0.0,,None
88,Michelle.mp4,Michelle,,,
89,Michelle.mp4,Michelle,0.0,,None
90,Natalie.mp4,Natalie,,,
91,Natalie.mp4,Natalie,1.0,natalie,"['n', 'a', 't', 'a', 'l', 'e', 'backspace', 'i', 'e']"
92,Nathan.mp4,Nathan,,,
93,Nathan.mp4,Nathan,0.0,,None
94,Nicole.mp4,Nicole,,,
95,Nicole.mp4,Nicole,0.0,shelby,"['s', 'h', 'e', 'l', 'b', 'y']"
96,Noah.mp4,Noah,,,
97,Noah.mp4,Noah,0.0,anthony,"['a', 't', 'backspace', 'n', 't', 'h', 'o', 'n', 'y']"
98,Olivia.mp4,Olivia,,,
99,Olivia.mp4,Olivia,0.0,,None
100,Rachel.mp4,Rachel,,,
101,Rachel.mp4,Rachel,1.0,rachel,"['r', 'a', 'c', 'h', 'e', 'l']"
102,Rebecca.mp4,Rebecca,,,
103,Rebecca.mp4,Rebecca,0.0,,None
104,Sarah.mp4,Sarah,,,
105,Sarah.mp4,Sarah,0.0,,None
106,Shelby.mp4,Shelby,,,
107,Shelby.mp4,Shelby,0.0,caitlyn,"['c', 'a', 'i', 't', 'l', 'y', 'n']"
108,Steven.mp4,Steven,,,
109,Steven.mp4,Steven,0.0,,None
110,Taylor.mp4,Taylor,,,
111,Taylor.mp4,Taylor,0.0,,None
112,Thomas.mp4,Thomas,,,
113,Thomas.mp4,Thomas,0.0,,None
114,Timothy.mp4,Timothy,,,
115,Timothy.mp4,Timothy,0.0,,None
116,Trevor.mp4,Trevor,,,
117,Trevor.mp4,Trevor,0.0,,None
118,Tyler.mp4,Tyler,,,
119,Tyler.mp4,Tyler,1.0,tyler,"['t', 'y', 'l', 'e', 'r']"
