condsFile,Video,Photo,Name,Row,blocks.thisRepN,blocks.thisTrialN,blocks.thisN,blocks.thisIndex,presentations.thisRepN,presentations.thisTrialN,presentations.thisN,presentations.thisIndex,testing.thisRepN,testing.thisTrialN,testing.thisN,testing.thisIndex,advance_1.keys,advance_1.rt,currentCond,judgementResp.keys,judgementResp.rt,advance_2.keys,advance_2.rt,inputText,Accuracy,key_resp_3.keys,key_resp_3.rt,trim1,key_resp3_fin,rating_resp.keys,rating_resp.rt,end_key.keys,end_key.rt,participant,session,date,expName,psychopyVersion,frameRate,Correct/Incorrect Response 
FacesBlock2.xlsx,Aaron.mp4,Aaron.JPG,Aaron,18,0,1,1,1,0,0,0,3,,,,,,,0,1,3.902200637,,,,,,,0,0,,,,,12,1,2019_Mar_01_1507,FaceNameBlocked,3.0.0,60.03153265,0
FacesBlock2.xlsx,Aaron.mp4,Aaron.JPG,Aaron,18,0,1,1,1,,,,,0,6,6,3,,,,,,,,,0,None,,0,0,1,0.90215254,,,12,1,2019_Mar_01_1507,FaceNameBlocked,3.0.0,60.03153265,0
FacesBlock1.xlsx,Adam.mp4,Adam.JPG,Adam,5,0,0,0,0,0,6,6,5,,,,,,,1,1,0.502774837,,,,,,,0,0,,,,,12,1,2019_Mar_01_1507,FaceNameBlocked,3.0.0,60.03153265,0
FacesBlock1.xlsx,Adam.mp4,Adam.JPG,Adam,5,0,0,0,0,,,,,0,4,4,5,,,,,,,,,0,None,,0,0,1,2.251819393,,,12,1,2019_Mar_01_1507,FaceNameBlocked,3.0.0,60.03153265,0
FacesBlock4.xlsx,Alyssa.mp4,Alyssa.JPG,Alyssa,55,0,3,3,3,0,9,9,10,,,,,,,0,2,2.936027987,,,,,,,0,0,,,,,12,1,2019_Mar_01_1507,FaceNameBlocked,3.0.0,60.03153265,0
FacesBlock4.xlsx,Alyssa.mp4,Alyssa.JPG,Alyssa,55,0,3,3,3,,,,,0,9,9,10,,,,,,,,,0,None,,0,0,2,0.202207462,,,12,1,2019_Mar_01_1507,FaceNameBlocked,3.0.0,60.03153265,0
FacesBlock1.xlsx,Amanda.mp4,Amanda.JPG,Amanda,2,0,0,0,0,0,0,0,2,,,,,,,1,2,1.702596545,,,,,,,0,0,,,,,12,1,2019_Mar_01_1507,FaceNameBlocked,3.0.0,60.03153265,0
FacesBlock1.xlsx,Amanda.mp4,Amanda.JPG,Amanda,2,0,0,0,0,,,,,0,13,13,2,,,,,,,,,0,None,,0,0,1,0.35219029,,,12,1,2019_Mar_01_1507,FaceNameBlocked,3.0.0,60.03153265,0
FacesBlock4.xlsx,Andrew.mp4,Andrew.JPG,Andrew,51,0,3,3,3,0,2,2,6,,,,,,,1,1,1.003278215,,,,,,,0,0,,,,,12,1,2019_Mar_01_1507,FaceNameBlocked,3.0.0,60.03153265,0
FacesBlock4.xlsx,Andrew.mp4,Andrew.JPG,Andrew,51,0,3,3,3,,,,,0,1,1,6,,,,,,,,,0,None,,0,0,1,0.301279091,,,12,1,2019_Mar_01_1507,FaceNameBlocked,3.0.0,60.03153265,0
FacesBlock4.xlsx,Anna.mp4,Anna.JPG,Anna,47,0,3,3,3,0,4,4,2,,,,,,,1,2,3.068003258,,,,,,,0,0,,,,,12,1,2019_Mar_01_1507,FaceNameBlocked,3.0.0,60.03153265,0
FacesBlock4.xlsx,Anna.mp4,Anna.JPG,Anna,47,0,3,3,3,,,,,0,2,2,2,,,,,,,,,0,None,,0,0,1,0.468998184,,,12,1,2019_Mar_01_1507,FaceNameBlocked,3.0.0,60.03153265,0
FacesBlock2.xlsx,Ashley.mp4,Ashley.JPG,Ashley,24,0,1,1,1,0,6,6,9,,,,,,,0,2,0.935879514,,,,,,,0,0,,,,,12,1,2019_Mar_01_1507,FaceNameBlocked,3.0.0,60.03153265,0
FacesBlock2.xlsx,Ashley.mp4,Ashley.JPG,Ashley,24,0,1,1,1,,,,,0,0,0,9,,,,,,space,40.92208466,Ashley,1,"['lshift', 'a', 's', 'h', 'l', 'e', 'y']","[8.448826889973134, 8.56660506897606, 8.800329888996202, 8.98313108299044, 9.582837373978691, 9.7643071069906, 9.9496992569766]",[8.4488,8.4488,2,3.000932198,,,12,1,2019_Mar_01_1507,FaceNameBlocked,3.0.0,60.03153265,1
FacesBlock1.xlsx,Bradley.mp4,Bradley.JPG,Bradley,14,0,0,0,0,0,10,10,14,,,,,,,1,1,0.402450831,,,,,,,0,0,,,,,12,1,2019_Mar_01_1507,FaceNameBlocked,3.0.0,60.03153265,0
FacesBlock1.xlsx,Bradley.mp4,Bradley.JPG,Bradley,14,0,0,0,0,,,,,0,14,14,14,,,,,,,,Gary,0,"['lshift', 'g', 'a', 'r', 'y']","[7.665721112978645, 7.850793291989248, 8.017079522978747, 8.200123532995349, 8.300386670976877]",[7.6657,7.6657,1,1.185063486,,,12,1,2019_Mar_01_1507,FaceNameBlocked,3.0.0,60.03153265,0
FacesBlock4.xlsx,Brandon.mp4,Brandon.JPG,Brandon,56,0,3,3,3,0,3,3,11,,,,,,,1,1,0.835615286,,,,,,,0,0,,,,,12,1,2019_Mar_01_1507,FaceNameBlocked,3.0.0,60.03153265,0
FacesBlock4.xlsx,Brandon.mp4,Brandon.JPG,Brandon,56,0,3,3,3,,,,,0,4,4,11,,,,,,,,Andrew,0,"['lshift', 'a', 'n', 'd', 'r', 'e', 'w']","[6.499315947003197, 6.617642174998764, 6.76747394198901, 6.950548997003352, 7.133639275998576, 7.283627960976446, 7.400707594992127]",[6.4993,6.4993,2,0.318782347,,,12,1,2019_Mar_01_1507,FaceNameBlocked,3.0.0,60.03153265,0
FacesBlock4.xlsx,Brian.mp4,Brian.JPG,Brian,53,0,3,3,3,0,13,13,8,,,,,,,0,1,2.302514887,,,,,,,0,0,,,,,12,1,2019_Mar_01_1507,FaceNameBlocked,3.0.0,60.03153265,0
FacesBlock4.xlsx,Brian.mp4,Brian.JPG,Brian,53,0,3,3,3,,,,,0,6,6,8,,,,,,,,Brian,1,"['lshift', 'b', 'r', 'i', 'a', 'n']","[4.9666236320044845, 5.168282790022204, 5.351345126022352, 5.468024165020324, 5.617730167025002, 5.717153447010787]",[4.9666,4.9666,4,0.501590834,,,12,1,2019_Mar_01_1507,FaceNameBlocked,3.0.0,60.03153265,1
FacesBlock4.xlsx,Brianna.mp4,Brianna.JPG,Brianna,48,0,3,3,3,0,12,12,3,,,,,,,1,2,3.616441939,,,,,,,0,0,,,,,12,1,2019_Mar_01_1507,FaceNameBlocked,3.0.0,60.03153265,0
FacesBlock4.xlsx,Brianna.mp4,Brianna.JPG,Brianna,48,0,3,3,3,,,,,0,11,11,3,,,,,,,,,0,None,,0,0,2,0.268343657,,,12,1,2019_Mar_01_1507,FaceNameBlocked,3.0.0,60.03153265,0
FacesBlock2.xlsx,Brittany.mp4,Brittany.JPG,Brittany,28,0,1,1,1,0,2,2,13,,,,,,,0,2,1.319609746,,,,,,,0,0,,,,,12,1,2019_Mar_01_1507,FaceNameBlocked,3.0.0,60.03153265,0
FacesBlock2.xlsx,Brittany.mp4,Brittany.JPG,Brittany,28,0,1,1,1,,,,,0,5,5,13,,,,,,,,,0,None,,0,0,1,1.617888384,,,12,1,2019_Mar_01_1507,FaceNameBlocked,3.0.0,60.03153265,0
FacesBlock4.xlsx,Caleb.mp4,Caleb.JPG,Caleb,59,0,3,3,3,0,10,10,14,,,,,,,1,1,1.000282601,,,,,,,0,0,,,,,12,1,2019_Mar_01_1507,FaceNameBlocked,3.0.0,60.03153265,0
FacesBlock4.xlsx,Caleb.mp4,Caleb.JPG,Caleb,59,0,3,3,3,,,,,0,8,8,14,,,,,,,,,0,None,,0,0,1,1.401862309,,,12,1,2019_Mar_01_1507,FaceNameBlocked,3.0.0,60.03153265,0
FacesBlock2.xlsx,Cody.mp4,Cody.JPG,Cody,23,0,1,1,1,0,4,4,8,,,,,,,0,1,0.952427184,,,,,,,0,0,,,,,12,1,2019_Mar_01_1507,FaceNameBlocked,3.0.0,60.03153265,0
FacesBlock2.xlsx,Cody.mp4,Cody.JPG,Cody,23,0,1,1,1,,,,,0,1,1,8,,,,,,,,Tyler,0,"['lshift', 't', 'y', 'l', 'e', 'r']","[4.299892880022526, 4.434121516009327, 4.6847056960104965, 4.934279847017024, 5.017544939008076, 5.150463048019446]",[4.2998,4.2998,1,1.068534684,,,12,1,2019_Mar_01_1507,FaceNameBlocked,3.0.0,60.03153265,0
FacesBlock3.xlsx,Courtney.mp4,Courtney.JPG,Courtney,42,0,2,2,2,0,11,11,12,,,,,,,0,2,2.586219595,,,,,,,0,0,,,,,12,1,2019_Mar_01_1507,FaceNameBlocked,3.0.0,60.03153265,0
FacesBlock3.xlsx,Courtney.mp4,Courtney.JPG,Courtney,42,0,2,2,2,,,,,0,14,14,12,,,,,,,,,0,None,,0,0,1,0.252420888,,,12,1,2019_Mar_01_1507,FaceNameBlocked,3.0.0,60.03153265,0
FacesBlock3.xlsx,Daniel.mp4,Daniel.JPG,Daniel,30,0,2,2,2,0,3,3,0,,,,,,,1,1,1.953254876,,,,,,,0,0,,,,,12,1,2019_Mar_01_1507,FaceNameBlocked,3.0.0,60.03153265,0
FacesBlock3.xlsx,Daniel.mp4,Daniel.JPG,Daniel,30,0,2,2,2,,,,,0,9,9,0,,,,,,,,,0,None,,0,0,1,0.433882372,,,12,1,2019_Mar_01_1507,FaceNameBlocked,3.0.0,60.03153265,0
FacesBlock1.xlsx,Danielle.mp4,Danielle.JPG,Danielle,3,0,0,0,0,0,5,5,3,,,,,,,1,2,1.085944251,,,,,,,0,0,,,,,12,1,2019_Mar_01_1507,FaceNameBlocked,3.0.0,60.03153265,0
FacesBlock1.xlsx,Danielle.mp4,Danielle.JPG,Danielle,3,0,0,0,0,,,,,0,9,9,3,,,,,,,,Erica,0,"['lshift', 'e', 'r', 'i', 'c', 'a']","[3.0666337120055687, 3.3678987640014384, 3.5679830700100865, 3.7346257580211386, 3.7850206270231865, 3.967534779018024]",[3.0666,3.0666,1,0.384780492,,,12,1,2019_Mar_01_1507,FaceNameBlocked,3.0.0,60.03153265,0
FacesBlock2.xlsx,David.mp4,David.JPG,David,16,0,1,1,1,0,5,5,1,,,,,,,1,1,0.819788814,,,,,,,0,0,,,,,12,1,2019_Mar_01_1507,FaceNameBlocked,3.0.0,60.03153265,0
FacesBlock2.xlsx,David.mp4,David.JPG,David,16,0,1,1,1,,,,,0,2,2,1,,,,,,,,David,1,"['lshift', 'd', 'a', 'v', 'i', 'd']","[1.7168428449949715, 1.868579595000483, 2.0016724189918023, 2.235419293981977, 2.651199330983218, 2.784600410988787]",[1.7168,1.7168,3,1.349183367,,,12,1,2019_Mar_01_1507,FaceNameBlocked,3.0.0,60.03153265,1
FacesBlock4.xlsx,Dylan.mp4,Dylan.JPG,Dylan,50,0,3,3,3,0,0,0,5,,,,,,,1,1,6.767770765,,,,,,,0,0,,,,,12,1,2019_Mar_01_1507,FaceNameBlocked,3.0.0,60.03153265,0
FacesBlock4.xlsx,Dylan.mp4,Dylan.JPG,Dylan,50,0,3,3,3,,,,,0,7,7,5,,,,,,,,,0,None,,0,0,1,0.88548251,,,12,1,2019_Mar_01_1507,FaceNameBlocked,3.0.0,60.03153265,0
FacesBlock4.xlsx,Emily.mp4,Emily.JPG,Emily,57,0,3,3,3,0,1,1,12,,,,,,,1,2,1.63607325,,,,,,,0,0,,,,,12,1,2019_Mar_01_1507,FaceNameBlocked,3.0.0,60.03153265,0
FacesBlock4.xlsx,Emily.mp4,Emily.JPG,Emily,57,0,3,3,3,,,,,0,3,3,12,,,,,,,,Katelyn,0,"['lshift', 'k', 'a', 't', 'e', 'l', 'y', 'n']","[2.8164102750015445, 3.0517076840042137, 3.2517083259881474, 3.5160485369851813, 3.6679901969910134, 4.000651287991786, 4.315912969992496, 4.450953214982292]",[2.8164,2.8164,2,0.3028657,,,12,1,2019_Mar_01_1507,FaceNameBlocked,3.0.0,60.03153265,0
FacesBlock1.xlsx,Eric.mp4,Eric.JPG,Eric,0,0,0,0,0,0,8,8,0,,,,,,,1,1,0.602304771,,,,,,,0,0,,,,,12,1,2019_Mar_01_1507,FaceNameBlocked,3.0.0,60.03153265,0
FacesBlock1.xlsx,Eric.mp4,Eric.JPG,Eric,0,0,0,0,0,,,,,0,0,0,0,,,,,,space,49.85212362,Dylan,0,"['lshift', 'd', 'y', 'l', 'a', 'n']","[3.966008937015431, 4.1338128430070356, 4.899712022015592, 5.3006321510183625, 5.450178889994277, 5.649438807013212]",[3.9660,3.966,2,2.068525649,,,12,1,2019_Mar_01_1507,FaceNameBlocked,3.0.0,60.03153265,0
FacesBlock1.xlsx,Ethan.mp4,Ethan.JPG,Ethan,11,0,0,0,0,0,4,4,11,,,,,,,0,1,0.885473682,,,,,,,0,0,,,,,12,1,2019_Mar_01_1507,FaceNameBlocked,3.0.0,60.03153265,0
FacesBlock1.xlsx,Ethan.mp4,Ethan.JPG,Ethan,11,0,0,0,0,,,,,0,8,8,11,,,,,,,,Justin,0,"['lshift', 'j', 'u', 's', 't', 'i', 'n']","[3.3501598560251296, 3.7185229860187974, 4.101584409014322, 4.234049225022318, 4.4515394030022435, 4.518361846014159, 4.667900023021502]",[3.3501,3.3501,2,0.485371149,,,12,1,2019_Mar_01_1507,FaceNameBlocked,3.0.0,60.03153265,0
FacesBlock4.xlsx,Grace.mp4,Grace.JPG,Grace,58,0,3,3,3,0,14,14,13,,,,,,,0,2,0.786244275,,,,,,,0,0,,,,,12,1,2019_Mar_01_1507,FaceNameBlocked,3.0.0,60.03153265,0
FacesBlock4.xlsx,Grace.mp4,Grace.JPG,Grace,58,0,3,3,3,,,,,0,0,0,13,,,,,,space,3.450995492,Grace,1,"['lshift', 'g', 'r', 'a', 'c', 'e']","[1.7170226119924337, 2.051961407007184, 2.268202942010248, 2.751158166996902, 3.01816621600301, 3.318082092999248]",[1.7170,1.717,4,0.468963353,,,12,1,2019_Mar_01_1507,FaceNameBlocked,3.0.0,60.03153265,1
FacesBlock2.xlsx,Haley.mp4,Haley.JPG,Haley,20,0,1,1,1,0,12,12,5,,,,,,,1,2,1.233588543,,,,,,,0,0,,,,,12,1,2019_Mar_01_1507,FaceNameBlocked,3.0.0,60.03153265,0
FacesBlock2.xlsx,Haley.mp4,Haley.JPG,Haley,20,0,1,1,1,,,,,0,10,10,5,,,,,,,,,0,None,,0,0,1,1.95188847,,,12,1,2019_Mar_01_1507,FaceNameBlocked,3.0.0,60.03153265,0
FacesBlock1.xlsx,Hannah.mp4,Hannah.JPG,Hannah,1,0,0,0,0,0,1,1,1,,,,,,,0,2,1.202173918,,,,,,,0,0,,,,,12,1,2019_Mar_01_1507,FaceNameBlocked,3.0.0,60.03153265,0
FacesBlock1.xlsx,Hannah.mp4,Hannah.JPG,Hannah,1,0,0,0,0,,,,,0,10,10,1,,,,,,,,Jesicca,0,"['lshift', 'j', 'e', 's', 'i', 'c', 'c', 'a']","[3.3669648729846813, 3.6685058859875426, 3.9347077639831696, 4.25156414398225, 4.418341522978153, 4.534700112999417, 4.701518246991327, 4.8511312259943224]",[3.3669,3.3669,2,0.669159516,,,12,1,2019_Mar_01_1507,FaceNameBlocked,3.0.0,60.03153265,0
FacesBlock2.xlsx,Heather.mp4,Heather.JPG,Heather,26,0,1,1,1,0,9,9,11,,,,,,,1,2,0.949731486,,,,,,,0,0,,,,,12,1,2019_Mar_01_1507,FaceNameBlocked,3.0.0,60.03153265,0
FacesBlock2.xlsx,Heather.mp4,Heather.JPG,Heather,26,0,1,1,1,,,,,0,7,7,11,,,,,,,,Haley,0,"['lshift', 'h', 'a', 'l', 'e', 'y']","[2.1671882070077118, 2.3854146850062534, 2.584883213014109, 2.8011766159906983, 2.93441812301171, 3.0846904139907565]",[2.1671,2.1671,3,1.466623435,,,12,1,2019_Mar_01_1507,FaceNameBlocked,3.0.0,60.03153265,0
FacesBlock3.xlsx,Jacob.mp4,Jacob.JPG,Jacob,39,0,2,2,2,0,4,4,9,,,,,,,1,1,1.886346495,,,,,,,0,0,,,,,12,1,2019_Mar_01_1507,FaceNameBlocked,3.0.0,60.03153265,0
FacesBlock3.xlsx,Jacob.mp4,Jacob.JPG,Jacob,39,0,2,2,2,,,,,0,10,10,9,,,,,,,,Josh,0,"['lshift', 'j', 'o', 's', 'h']","[3.2666010620014276, 3.4357019670133013, 3.5521550539997406, 3.7826256030239165, 3.968108352011768]",[3.2666,3.2666,2,0.352260661,,,12,1,2019_Mar_01_1507,FaceNameBlocked,3.0.0,60.03153265,0
FacesBlock4.xlsx,Jason.mp4,Jason.JPG,Jason,49,0,3,3,3,0,7,7,4,,,,,,,0,1,1.469122409,,,,,,,0,0,,,,,12,1,2019_Mar_01_1507,FaceNameBlocked,3.0.0,60.03153265,0
FacesBlock4.xlsx,Jason.mp4,Jason.JPG,Jason,49,0,3,3,3,,,,,0,10,10,4,,,,,,,,,0,None,,0,0,1,3.834050468,,,12,1,2019_Mar_01_1507,FaceNameBlocked,3.0.0,60.03153265,0
FacesBlock1.xlsx,Jenna.mp4,Jenna.JPG,Jenna,6,0,0,0,0,0,9,9,6,,,,,,,0,2,0.686336573,,,,,,,0,0,,,,,12,1,2019_Mar_01_1507,FaceNameBlocked,3.0.0,60.03153265,0
FacesBlock1.xlsx,Jenna.mp4,Jenna.JPG,Jenna,6,0,0,0,0,,,,,0,7,7,6,,,,,,,,Amanda,0,"['lshift', 'a', 'm', 'a', 'n', 'd', 'a']","[2.3665259899862576, 2.568064922001213, 3.001674444996752, 3.134708720986964, 3.317981248983415, 3.4512998049904127, 3.60097608200158]",[2.3665,2.3665,2,0.785681104,,,12,1,2019_Mar_01_1507,FaceNameBlocked,3.0.0,60.03153265,0
FacesBlock2.xlsx,Jeremy.mp4,Jeremy.JPG,Jeremy,15,0,1,1,1,0,8,8,0,,,,,,,1,1,0.970026346,,,,,,,0,0,,,,,12,1,2019_Mar_01_1507,FaceNameBlocked,3.0.0,60.03153265,0
FacesBlock2.xlsx,Jeremy.mp4,Jeremy.JPG,Jeremy,15,0,1,1,1,,,,,0,4,4,0,,,,,,,,Jeremy,1,"['lshift', 'j', 'e', 'r', 'e', 'm', 'y']","[2.217446344991913, 2.5190187270054594, 2.718398483004421, 2.8185243350162636, 2.9682918369944673, 3.149735115992371, 3.284708026010776]",[2.2174,2.2174,3,0.501923566,,,12,1,2019_Mar_01_1507,FaceNameBlocked,3.0.0,60.03153265,1
FacesBlock1.xlsx,Jessica.mp4,Jessica.JPG,Jessica,8,0,0,0,0,0,3,3,8,,,,,,,1,2,1.019468632,,,,,,,0,0,,,,,12,1,2019_Mar_01_1507,FaceNameBlocked,3.0.0,60.03153265,0
FacesBlock1.xlsx,Jessica.mp4,Jessica.JPG,Jessica,8,0,0,0,0,,,,,0,12,12,8,,,,,,,,,0,None,,0,0,1,0.952078003,,,12,1,2019_Mar_01_1507,FaceNameBlocked,3.0.0,60.03153265,0
FacesBlock2.xlsx,Josh.mp4,Josh.JPG,Josh,19,0,1,1,1,0,10,10,4,,,,,,,0,1,0.952708177,,,,,,,0,0,,,,,12,1,2019_Mar_01_1507,FaceNameBlocked,3.0.0,60.03153265,0
FacesBlock2.xlsx,Josh.mp4,Josh.JPG,Josh,19,0,1,1,1,,,,,0,9,9,4,,,,,,,,Josh,1,"['lshift', 'j', 's', 'backspace', 'o', 's', 'h']","[7.5811908889736515, 7.71647101797862, 7.965590113977669, 8.898799393995432, 9.465954183979193, 9.549329767993186, 9.69836707599461]",[7.5811,7.5811,2,1.46839402,,,12,1,2019_Mar_01_1507,FaceNameBlocked,3.0.0,60.03153265,1
FacesBlock1.xlsx,Julia.mp4,Julia.JPG,Julia,13,0,0,0,0,0,14,14,13,,,,,,,1,2,0.370588535,,,,,,,0,0,,,,,12,1,2019_Mar_01_1507,FaceNameBlocked,3.0.0,60.03153265,0
FacesBlock1.xlsx,Julia.mp4,Julia.JPG,Julia,13,0,0,0,0,,,,,0,6,6,13,,,,,,,,,0,None,,0,0,1,1.285216043,,,12,1,2019_Mar_01_1507,FaceNameBlocked,3.0.0,60.03153265,0
FacesBlock2.xlsx,Justin.mp4,Justin.JPG,Justin,27,0,1,1,1,0,11,11,12,,,,,,,0,1,0.819135838,,,,,,,0,0,,,,,12,1,2019_Mar_01_1507,FaceNameBlocked,3.0.0,60.03153265,0
FacesBlock2.xlsx,Justin.mp4,Justin.JPG,Justin,27,0,1,1,1,,,,,0,8,8,12,,,,,,,,,0,None,,0,0,1,0.88544597,,,12,1,2019_Mar_01_1507,FaceNameBlocked,3.0.0,60.03153265,0
FacesBlock4.xlsx,Katie.mp4,Katie.JPG,Katie,54,0,3,3,3,0,6,6,9,,,,,,,0,2,1.902550479,,,,,,,0,0,,,,,12,1,2019_Mar_01_1507,FaceNameBlocked,3.0.0,60.03153265,0
FacesBlock4.xlsx,Katie.mp4,Katie.JPG,Katie,54,0,3,3,3,,,,,0,13,13,9,,,,,,,,,0,None,,0,0,2,0.236507513,,,12,1,2019_Mar_01_1507,FaceNameBlocked,3.0.0,60.03153265,0
FacesBlock3.xlsx,Kayla.mp4,Kayla.JPG,Kayla,34,0,2,2,2,0,2,2,4,,,,,,,0,2,1.649611184,,,,,,,0,0,,,,,12,1,2019_Mar_01_1507,FaceNameBlocked,3.0.0,60.03153265,0
FacesBlock3.xlsx,Kayla.mp4,Kayla.JPG,Kayla,34,0,2,2,2,,,,,0,8,8,4,,,,,,,,,0,None,,0,0,1,0.401705808,,,12,1,2019_Mar_01_1507,FaceNameBlocked,3.0.0,60.03153265,0
FacesBlock1.xlsx,Kelsey.mp4,Kelsey.JPG,Kelsey,12,0,0,0,0,0,2,2,12,,,,,,,1,2,1.502951819,,,,,,,0,0,,,,,12,1,2019_Mar_01_1507,FaceNameBlocked,3.0.0,60.03153265,0
FacesBlock1.xlsx,Kelsey.mp4,Kelsey.JPG,Kelsey,12,0,0,0,0,,,,,0,1,1,12,,,,,,,,,0,None,,0,0,1,19.52961451,,,12,1,2019_Mar_01_1507,FaceNameBlocked,3.0.0,60.03153265,0
FacesBlock3.xlsx,Kevin.mp4,Kevin.JPG,Kevin,41,0,2,2,2,0,10,10,11,,,,,,,1,1,1.769148,,,,,,,0,0,,,,,12,1,2019_Mar_01_1507,FaceNameBlocked,3.0.0,60.03153265,0
FacesBlock3.xlsx,Kevin.mp4,Kevin.JPG,Kevin,41,0,2,2,2,,,,,0,4,4,11,,,,,,,,,0,None,,0,0,1,1.768744091,,,12,1,2019_Mar_01_1507,FaceNameBlocked,3.0.0,60.03153265,0
FacesBlock1.xlsx,Kyle.mp4,Kyle.JPG,Kyle,4,0,0,0,0,0,11,11,4,,,,,,,0,1,0.419677055,,,,,,,0,0,,,,,12,1,2019_Mar_01_1507,FaceNameBlocked,3.0.0,60.03153265,0
FacesBlock1.xlsx,Kyle.mp4,Kyle.JPG,Kyle,4,0,0,0,0,,,,,0,2,2,4,,,,,,,,Eric,0,"['lshift', 'e', 'r', 'i', 'c']","[3.7829077529895585, 4.051472613005899, 4.701643147011055, 5.567602983996039, 6.56711955400533]",[3.7829,3.7829,1,0.419169901,,,12,1,2019_Mar_01_1507,FaceNameBlocked,3.0.0,60.03153265,0
FacesBlock3.xlsx,Lauren.mp4,Lauren.JPG,Lauren,38,0,2,2,2,0,9,9,8,,,,,,,0,2,1.919120851,,,,,,,0,0,,,,,12,1,2019_Mar_01_1507,FaceNameBlocked,3.0.0,60.03153265,0
FacesBlock3.xlsx,Lauren.mp4,Lauren.JPG,Lauren,38,0,2,2,2,,,,,0,0,0,8,,,,,,space,31.5422527,Nicole,0,"['lshift', 'n', 'i', 'c', 'o', 'l', 'e']","[3.450081698014401, 3.5851654470025096, 3.7349596060230397, 3.9015223320166115, 4.00151873001596, 4.167895247024717, 4.251506782020442]",[3.4500,3.45,4,0.318382782,,,12,1,2019_Mar_01_1507,FaceNameBlocked,3.0.0,60.03153265,0
FacesBlock3.xlsx,Mark.mp4,Mark.JPG,Mark,40,0,2,2,2,0,1,1,10,,,,,,,1,1,2.15234286,,,,,,,0,0,,,,,12,1,2019_Mar_01_1507,FaceNameBlocked,3.0.0,60.03153265,0
FacesBlock3.xlsx,Mark.mp4,Mark.JPG,Mark,40,0,2,2,2,,,,,0,5,5,10,,,,,,,,,0,None,,0,0,1,0.366595929,,,12,1,2019_Mar_01_1507,FaceNameBlocked,3.0.0,60.03153265,0
FacesBlock1.xlsx,Matthew.mp4,Matthew.JPG,Matthew,9,0,0,0,0,0,13,13,9,,,,,,,0,1,0.519742928,,,,,,,0,0,,,,,12,1,2019_Mar_01_1507,FaceNameBlocked,3.0.0,60.03153265,0
FacesBlock1.xlsx,Matthew.mp4,Matthew.JPG,Matthew,9,0,0,0,0,,,,,0,5,5,9,,,,,,,,Daniel,0,"['lshift', 'd', 'a', 'n', 'i', 'e', 'l']","[4.082484913000371, 4.250928485009354, 4.817021502996795, 5.3495911579811946, 5.6312381209863815, 5.78362988398294, 5.916833238006802]",[4.0824,4.0824,3,0.518914794,,,12,1,2019_Mar_01_1507,FaceNameBlocked,3.0.0,60.03153265,0
FacesBlock2.xlsx,Megan.mp4,Megan.JPG,Megan,25,0,1,1,1,0,14,14,10,,,,,,,1,2,1.502817558,,,,,,,0,0,,,,,12,1,2019_Mar_01_1507,FaceNameBlocked,3.0.0,60.03153265,0
FacesBlock2.xlsx,Megan.mp4,Megan.JPG,Megan,25,0,1,1,1,,,,,0,12,12,10,,,,,,,,Megan,1,"['lshift', 'm', 'e', 'g', 'a', 'n']","[4.932338387006894, 5.1170059829892125, 5.4332915119885, 5.633564435993321, 5.7500240489898715, 5.90030874099466]",[4.9323,4.9323,3,0.468777689,,,12,1,2019_Mar_01_1507,FaceNameBlocked,3.0.0,60.03153265,1
FacesBlock4.xlsx,Michael.mp4,Michael.JPG,Michael,46,0,3,3,3,0,8,8,1,,,,,,,0,1,2.117209251,,,,,,,0,0,,,,,12,1,2019_Mar_01_1507,FaceNameBlocked,3.0.0,60.03153265,0
FacesBlock4.xlsx,Michael.mp4,Michael.JPG,Michael,46,0,3,3,3,,,,,0,12,12,1,,,,,,,,Michael,1,"['lshift', 'm', 'c', 'h', 'a', 'backspace', 'backspace', 'backspace', 'i', 'c', 'h', 'a', 'e', 'l']","[1.4336302950105164, 1.651736301020719, 1.9350450019992422, 2.1179155080171768, 2.2848962060234044, 2.5837846750218887, 2.7666323160228785, 2.933989826007746, 3.401131921011256, 3.534161715011578, 4.050185669009807, 4.201011003024178, 4.4837819340173155, 4.6002680440142285]",[1.4336,1.4336,4,1.201605197,,,12,1,2019_Mar_01_1507,FaceNameBlocked,3.0.0,60.03153265,1
FacesBlock4.xlsx,Michelle.mp4,Michelle.JPG,Michelle,52,0,3,3,3,0,11,11,7,,,,,,,0,2,1.552672844,,,,,,,0,0,,,,,12,1,2019_Mar_01_1507,FaceNameBlocked,3.0.0,60.03153265,0
FacesBlock4.xlsx,Michelle.mp4,Michelle.JPG,Michelle,52,0,3,3,3,,,,,0,14,14,7,,,,,,,,,0,None,,0,0,1,0.901762332,,,12,1,2019_Mar_01_1507,FaceNameBlocked,3.0.0,60.03153265,0
FacesBlock1.xlsx,Natalie.mp4,Natalie.JPG,Natalie,7,0,0,0,0,0,7,7,7,,,,,,,0,2,0.803088505,,,,,,,0,0,,,,,12,1,2019_Mar_01_1507,FaceNameBlocked,3.0.0,60.03153265,0
FacesBlock1.xlsx,Natalie.mp4,Natalie.JPG,Natalie,7,0,0,0,0,,,,,0,11,11,7,,,,,,,,,0,None,,0,0,1,3.501486209,,,12,1,2019_Mar_01_1507,FaceNameBlocked,3.0.0,60.03153265,0
FacesBlock3.xlsx,Nathan.mp4,Nathan.JPG,Nathan,37,0,2,2,2,0,13,13,7,,,,,,,0,1,1.819892141,,,,,,,0,0,,,,,12,1,2019_Mar_01_1507,FaceNameBlocked,3.0.0,60.03153265,0
FacesBlock3.xlsx,Nathan.mp4,Nathan.JPG,Nathan,37,0,2,2,2,,,,,0,11,11,7,,,,,,,,Nathan,1,"['lshift', 'n', 'a', 't', 'h', 'n', 'backspace', 'n', 'backspace', 'a', 'n']","[1.98385963900364, 2.1518942340044305, 2.3518261289864313, 2.5679224799969234, 2.7015485419833567, 2.934354605997214, 4.200606875005178, 4.600416865985608, 5.1500873919867445, 5.684079102997202, 5.799820782995084]",[1.9838,1.9838,4,0.668935391,,,12,1,2019_Mar_01_1507,FaceNameBlocked,3.0.0,60.03153265,1
FacesBlock3.xlsx,Nicole.mp4,Nicole.JPG,Nicole,43,0,2,2,2,0,14,14,13,,,,,,,0,2,1.119582319,,,,,,,0,0,,,,,12,1,2019_Mar_01_1507,FaceNameBlocked,3.0.0,60.03153265,0
FacesBlock3.xlsx,Nicole.mp4,Nicole.JPG,Nicole,43,0,2,2,2,,,,,0,2,2,13,,,,,,,,,0,None,,0,0,1,0.734823991,,,12,1,2019_Mar_01_1507,FaceNameBlocked,3.0.0,60.03153265,0
FacesBlock3.xlsx,Noah.mp4,Noah.JPG,Noah,31,0,2,2,2,0,12,12,1,,,,,,,1,1,1.80192127,,,,,,,0,0,,,,,12,1,2019_Mar_01_1507,FaceNameBlocked,3.0.0,60.03153265,0
FacesBlock3.xlsx,Noah.mp4,Noah.JPG,Noah,31,0,2,2,2,,,,,0,12,12,1,,,,,,,,Noah,1,"['lshift', 'n', 'o', 'a', 'h']","[2.0009530870011076, 2.219019064999884, 2.6189357610128354, 2.869039197015809, 3.0854244439979084]",[2.0009,2.0009,4,1.185354015,,,12,1,2019_Mar_01_1507,FaceNameBlocked,3.0.0,60.03153265,1
FacesBlock3.xlsx,Olivia.mp4,Olivia.JPG,Olivia,35,0,2,2,2,0,8,8,5,,,,,,,1,2,2.419307292,,,,,,,0,0,,,,,12,1,2019_Mar_01_1507,FaceNameBlocked,3.0.0,60.03153265,0
FacesBlock3.xlsx,Olivia.mp4,Olivia.JPG,Olivia,35,0,2,2,2,,,,,0,3,3,5,,,,,,,,Olivia,1,"['lshift', 'o', 'l', 'i', 'v', 'i', 'a']","[2.033751761977328, 2.1687510379997548, 2.3351664719812106, 2.535459254984744, 2.6351757289958186, 2.76844999397872, 2.8852805429778527]",[2.0337,2.0337,4,0.585470981,,,12,1,2019_Mar_01_1507,FaceNameBlocked,3.0.0,60.03153265,1
FacesBlock2.xlsx,Rachel.mp4,Rachel.JPG,Rachel,29,0,1,1,1,0,3,3,14,,,,,,,1,2,1.352712633,,,,,,,0,0,,,,,12,1,2019_Mar_01_1507,FaceNameBlocked,3.0.0,60.03153265,0
FacesBlock2.xlsx,Rachel.mp4,Rachel.JPG,Rachel,29,0,1,1,1,,,,,0,13,13,14,,,,,,,,,0,None,,0,0,1,0.551616874,,,12,1,2019_Mar_01_1507,FaceNameBlocked,3.0.0,60.03153265,0
FacesBlock3.xlsx,Rebecca.mp4,Rebecca.JPG,Rebecca,32,0,2,2,2,0,5,5,2,,,,,,,1,2,0.636227043,,,,,,,0,0,,,,,12,1,2019_Mar_01_1507,FaceNameBlocked,3.0.0,60.03153265,0
FacesBlock3.xlsx,Rebecca.mp4,Rebecca.JPG,Rebecca,32,0,2,2,2,,,,,0,1,1,2,,,,,,,,,0,None,,0,0,1,1.334892775,,,12,1,2019_Mar_01_1507,FaceNameBlocked,3.0.0,60.03153265,0
FacesBlock3.xlsx,Sarah.mp4,Sarah.JPG,Sarah,33,0,2,2,2,0,7,7,3,,,,,,,1,2,3.452527004,,,,,,,0,0,,,,,12,1,2019_Mar_01_1507,FaceNameBlocked,3.0.0,60.03153265,0
FacesBlock3.xlsx,Sarah.mp4,Sarah.JPG,Sarah,33,0,2,2,2,,,,,0,7,7,3,,,,,,,,Sarah,1,"['lshift', 'lshift', 's', 'a', 'r', 'a', 'h']","[1.0174268179980572, 1.4170767239993438, 1.868501260993071, 2.1013909350149333, 2.2679719919979107, 2.4350079520081636, 2.5998112210072577]",[1.0174,1.0174,4,0.633642333,,,12,1,2019_Mar_01_1507,FaceNameBlocked,3.0.0,60.03153265,1
FacesBlock3.xlsx,Shelby.mp4,Shelby.JPG,Shelby,36,0,2,2,2,0,6,6,6,,,,,,,0,2,1.650195756,,,,,,,0,0,,,,,12,1,2019_Mar_01_1507,FaceNameBlocked,3.0.0,60.03153265,0
FacesBlock3.xlsx,Shelby.mp4,Shelby.JPG,Shelby,36,0,2,2,2,,,,,0,6,6,6,,,,,,,,Shelby,1,"['lshift', 's', 'h', 'e', 'l', 'b', 'y']","[2.600210974982474, 2.7515559799794573, 3.001598592993105, 3.1182334139884915, 3.6845101509825327, 3.9844725229777396, 4.167782301985426]",[2.6002,2.6002,4,0.402438868,,,12,1,2019_Mar_01_1507,FaceNameBlocked,3.0.0,60.03153265,1
FacesBlock2.xlsx,Steven.mp4,Steven.JPG,Steven,17,0,1,1,1,0,13,13,2,,,,,,,1,1,0.436409476,,,,,,,0,0,,,,,12,1,2019_Mar_01_1507,FaceNameBlocked,3.0.0,60.03153265,0
FacesBlock2.xlsx,Steven.mp4,Steven.JPG,Steven,17,0,1,1,1,,,,,0,14,14,2,,,,,,,,Derek,0,"['lshift', 'd', 'e', 'r', 'e', 'k']","[2.8835108500206843, 3.034218510001665, 3.2179517500044312, 3.382676764013013, 3.5679920660040807, 3.7511996480170637]",[2.8835,2.8835,1,0.268583528,,,12,1,2019_Mar_01_1507,FaceNameBlocked,3.0.0,60.03153265,0
FacesBlock4.xlsx,Taylor.mp4,Taylor.JPG,Taylor,45,0,3,3,3,0,5,5,0,,,,,,,0,2,1.119562951,,,,,,,0,0,,,,,12,1,2019_Mar_01_1507,FaceNameBlocked,3.0.0,60.03153265,0
FacesBlock4.xlsx,Taylor.mp4,Taylor.JPG,Taylor,45,0,3,3,3,,,,,0,5,5,0,,,,,,,,,0,None,,0,0,1,0.435726524,,,12,1,2019_Mar_01_1507,FaceNameBlocked,3.0.0,60.03153265,0
FacesBlock3.xlsx,Thomas.mp4,Thomas.JPG,Thomas,44,0,2,2,2,0,0,0,14,,,,,,,0,1,2.119561034,,,,,,,0,0,,,,,12,1,2019_Mar_01_1507,FaceNameBlocked,3.0.0,60.03153265,0
FacesBlock3.xlsx,Thomas.mp4,Thomas.JPG,Thomas,44,0,2,2,2,,,,,0,13,13,14,,,,,,,,,0,None,,0,0,1,0.468431957,,,12,1,2019_Mar_01_1507,FaceNameBlocked,3.0.0,60.03153265,0
FacesBlock1.xlsx,Timothy.mp4,Timothy.JPG,Timothy,10,0,0,0,0,0,12,12,10,,,,,,,0,1,0.469772684,,,,,,,0,0,,,,,12,1,2019_Mar_01_1507,FaceNameBlocked,3.0.0,60.03153265,0
FacesBlock1.xlsx,Timothy.mp4,Timothy.JPG,Timothy,10,0,0,0,0,,,,,0,3,3,10,,,,,,,,,0,None,,0,0,1,1.468198708,,,12,1,2019_Mar_01_1507,FaceNameBlocked,3.0.0,60.03153265,0
FacesBlock2.xlsx,Trevor.mp4,Trevor.JPG,Trevor,21,0,1,1,1,0,1,1,6,,,,,,,0,1,1.785616551,,,,,,,0,0,,,,,12,1,2019_Mar_01_1507,FaceNameBlocked,3.0.0,60.03153265,0
FacesBlock2.xlsx,Trevor.mp4,Trevor.JPG,Trevor,21,0,1,1,1,,,,,0,3,3,6,,,,,,,,,0,None,,0,0,1,1.435265099,,,12,1,2019_Mar_01_1507,FaceNameBlocked,3.0.0,60.03153265,0
FacesBlock2.xlsx,Tyler.mp4,Tyler.JPG,Tyler,22,0,1,1,1,0,7,7,7,,,,,,,0,1,0.986669764,,,,,,,0,0,,,,,12,1,2019_Mar_01_1507,FaceNameBlocked,3.0.0,60.03153265,0
FacesBlock2.xlsx,Tyler.mp4,Tyler.JPG,Tyler,22,0,1,1,1,,,,,0,11,11,7,,,,,,,,,0,None,,0,0,1,1.016904675,,,12,1,2019_Mar_01_1507,FaceNameBlocked,3.0.0,60.03153265,0
,,,,,,,,,,,,,,,,,space,52.35255019,,,,,,,,,,,,,,,,12,1,2019_Mar_01_1507,FaceNameBlocked,3.0.0,60.03153265,
,,,,,,,,,,,,,,,,,,,,,,,,,,,,,,,,space,7.45010626,12,1,2019_Mar_01_1507,FaceNameBlocked,3.0.0,60.03153265,