condsFile,Video,Photo,Name,Row,blocks.thisRepN,blocks.thisTrialN,blocks.thisN,blocks.thisIndex,presentations.thisRepN,presentations.thisTrialN,presentations.thisN,presentations.thisIndex,testing.thisRepN,testing.thisTrialN,testing.thisN,testing.thisIndex,advance_1.keys,advance_1.rt,currentCond,judgementResp.keys,judgementResp.rt,advance_2.keys,advance_2.rt,inputText,Accuracy,key_resp_3.keys,key_resp_3.rt,trim1,key_resp3_fin,rating_resp.keys,rating_resp.rt,end_key.keys,end_key.rt,participant,session,date,expName,psychopyVersion,frameRate,Correcy/Incorrect Response 
FacesBlock2.xlsx,Aaron.mp4,Aaron.JPG,Aaron,18,0,1,1,1,0,12,12,3,,,,,,,1,1,1.052564486,,,,,,,0,0,,,,,13,1,2019_Mar_06_1300,FaceNameBlocked,3.0.0,60.02241032,0
FacesBlock2.xlsx,Aaron.mp4,Aaron.JPG,Aaron,18,0,1,1,1,,,,,0,12,12,3,,,,,,,,Aaron,1,"['lshift', 'a', 'a', 'r', 'o', 'n']","[1.0836551169632003, 1.21879281103611, 1.5020197399426252, 1.7686535340035334, 1.9847991289570928, 2.118050843011588]",[1.0836,1.0836,4,2.301596281,,,13,1,2019_Mar_06_1300,FaceNameBlocked,3.0.0,60.02241032,1
FacesBlock1.xlsx,Adam.mp4,Adam.JPG,Adam,5,0,0,0,0,0,5,5,5,,,,,,,1,1,0.970017782,,,,,,,0,0,,,,,13,1,2019_Mar_06_1300,FaceNameBlocked,3.0.0,60.02241032,0
FacesBlock1.xlsx,Adam.mp4,Adam.JPG,Adam,5,0,0,0,0,,,,,0,4,4,5,,,,,,,,Eric,0,"['lshift', 'e', 'r', 'i', 'c']","[1.8329268019879237, 2.0348894000053406, 2.4846597630530596, 2.701288570999168, 2.9678706619888544]",[1.8329,1.8329,1,0.65210282,,,13,1,2019_Mar_06_1300,FaceNameBlocked,3.0.0,60.02241032,0
FacesBlock4.xlsx,Alyssa.mp4,Alyssa.JPG,Alyssa,55,0,3,3,3,0,10,10,10,,,,,,,1,2,3.10151034,,,,,,,0,0,,,,,13,1,2019_Mar_06_1300,FaceNameBlocked,3.0.0,60.02241032,0
FacesBlock4.xlsx,Alyssa.mp4,Alyssa.JPG,Alyssa,55,0,3,3,3,,,,,0,6,6,10,,,,,,,,,0,None,,0,0,1,1.018030763,,,13,1,2019_Mar_06_1300,FaceNameBlocked,3.0.0,60.02241032,0
FacesBlock1.xlsx,Amanda.mp4,Amanda.JPG,Amanda,2,0,0,0,0,0,2,2,2,,,,,,,1,2,1.268987212,,,,,,,0,0,,,,,13,1,2019_Mar_06_1300,FaceNameBlocked,3.0.0,60.02241032,0
FacesBlock1.xlsx,Amanda.mp4,Amanda.JPG,Amanda,2,0,0,0,0,,,,,0,5,5,2,,,,,,,,Amanda,1,"['lshift', 'a', 'm', 'a', 'n', 'd', 'a']","[3.1828734698938206, 3.301449819933623, 3.5178135839523748, 3.6183274099603295, 4.717593410983682, 4.8989681008970365, 5.000838869949803]",[3.1828,3.1828,1,0.884966771,,,13,1,2019_Mar_06_1300,FaceNameBlocked,3.0.0,60.02241032,1
FacesBlock4.xlsx,Andrew.mp4,Andrew.JPG,Andrew,51,0,3,3,3,0,3,3,6,,,,,,,0,1,2.501502567,,,,,,,0,0,,,,,13,1,2019_Mar_06_1300,FaceNameBlocked,3.0.0,60.02241032,0
FacesBlock4.xlsx,Andrew.mp4,Andrew.JPG,Andrew,51,0,3,3,3,,,,,0,0,0,6,,,,,,space,4.767414145,,0,None,,0,0,1,0.401960788,,,13,1,2019_Mar_06_1300,FaceNameBlocked,3.0.0,60.02241032,0
FacesBlock4.xlsx,Anna.mp4,Anna.JPG,Anna,47,0,3,3,3,0,5,5,2,,,,,,,1,2,2.168589068,,,,,,,0,0,,,,,13,1,2019_Mar_06_1300,FaceNameBlocked,3.0.0,60.02241032,0
FacesBlock4.xlsx,Anna.mp4,Anna.JPG,Anna,47,0,3,3,3,,,,,0,12,12,2,,,,,,,,Anna,1,"['lshift', 'a', 'n', 'n', 'a']","[1.2678802319569513, 1.4020711550256237, 1.6022641910240054, 1.7523346840171143, 1.8356481969822198]",[1.2678,1.2678,3,0.768022611,,,13,1,2019_Mar_06_1300,FaceNameBlocked,3.0.0,60.02241032,1
FacesBlock2.xlsx,Ashley.mp4,Ashley.JPG,Ashley,24,0,1,1,1,0,11,11,9,,,,,,,1,2,2.302277056,,,,,,,0,0,,,,,13,1,2019_Mar_06_1300,FaceNameBlocked,3.0.0,60.02241032,0
FacesBlock2.xlsx,Ashley.mp4,Ashley.JPG,Ashley,24,0,1,1,1,,,,,0,5,5,9,,,,,,,,Ashley,1,"['lshift', 'a', 's', 'h', 'l', 'e', 'y']","[1.9996036499505863, 2.1676929449895397, 3.1677548649022356, 3.3324194359593093, 3.650928114890121, 3.8841457628877833, 4.083625090890564]",[1.9996,1.9996,2,0.782982139,,,13,1,2019_Mar_06_1300,FaceNameBlocked,3.0.0,60.02241032,1
FacesBlock1.xlsx,Bradley.mp4,Bradley.JPG,Bradley,14,0,0,0,0,0,13,13,14,,,,,,,1,1,0.38625338,,,,,,,0,0,,,,,13,1,2019_Mar_06_1300,FaceNameBlocked,3.0.0,60.02241032,0
FacesBlock1.xlsx,Bradley.mp4,Bradley.JPG,Bradley,14,0,0,0,0,,,,,0,1,1,14,,,,,,,,Bradley,1,"['lshift', 'b', 'r', 'a', 'd', 'l', 'e', 'y']","[1.4998379129683599, 1.668306507053785, 1.9013874010415748, 2.4679429839598015, 2.6345579440239817, 3.9340107099851593, 4.084057703032158, 4.383660861058161]",[1.4998,1.4998,2,5.884037838,,,13,1,2019_Mar_06_1300,FaceNameBlocked,3.0.0,60.02241032,1
FacesBlock4.xlsx,Brandon.mp4,Brandon.JPG,Brandon,56,0,3,3,3,0,14,14,11,,,,,,,0,1,2.652790457,,,,,,,0,0,,,,,13,1,2019_Mar_06_1300,FaceNameBlocked,3.0.0,60.02241032,0
FacesBlock4.xlsx,Brandon.mp4,Brandon.JPG,Brandon,56,0,3,3,3,,,,,0,4,4,11,,,,,,,,,0,None,,0,0,1,0.302356014,,,13,1,2019_Mar_06_1300,FaceNameBlocked,3.0.0,60.02241032,0
FacesBlock4.xlsx,Brian.mp4,Brian.JPG,Brian,53,0,3,3,3,0,11,11,8,,,,,,,0,1,2.319264455,,,,,,,0,0,,,,,13,1,2019_Mar_06_1300,FaceNameBlocked,3.0.0,60.02241032,0
FacesBlock4.xlsx,Brian.mp4,Brian.JPG,Brian,53,0,3,3,3,,,,,0,13,13,8,,,,,,,,Brian,1,"['lshift', 'b', 'r', 'i', 'a', 'n']","[2.733877047896385, 2.8693078469950706, 3.067951248958707, 3.1678214399144053, 3.367975006927736, 3.501045102952048]",[2.7338,2.7338,4,0.568194352,,,13,1,2019_Mar_06_1300,FaceNameBlocked,3.0.0,60.02241032,1
FacesBlock4.xlsx,Brianna.mp4,Brianna.JPG,Brianna,48,0,3,3,3,0,4,4,3,,,,,,,1,2,1.885818398,,,,,,,0,0,,,,,13,1,2019_Mar_06_1300,FaceNameBlocked,3.0.0,60.02241032,0
FacesBlock4.xlsx,Brianna.mp4,Brianna.JPG,Brianna,48,0,3,3,3,,,,,0,3,3,3,,,,,,,,,0,None,,0,0,1,1.318398365,,,13,1,2019_Mar_06_1300,FaceNameBlocked,3.0.0,60.02241032,0
FacesBlock2.xlsx,Brittany.mp4,Brittany.JPG,Brittany,28,0,1,1,1,0,5,5,13,,,,,,,1,2,1.102766574,,,,,,,0,0,,,,,13,1,2019_Mar_06_1300,FaceNameBlocked,3.0.0,60.02241032,0
FacesBlock2.xlsx,Brittany.mp4,Brittany.JPG,Brittany,28,0,1,1,1,,,,,0,0,0,13,,,,,,space,31.74154288,Brittany,1,"['lshift', 'b', 'r', 'i', 't', 't', 'a', 'n', 'y']","[2.6660239358898252, 2.8179172199452296, 3.1675290239509195, 4.3003563969396055, 4.633938637911342, 5.150486355996691, 5.916316565941088, 6.016297762980685, 6.233485977980308]",[2.6660,2.666,3,1.768132735,,,13,1,2019_Mar_06_1300,FaceNameBlocked,3.0.0,60.02241032,1
FacesBlock4.xlsx,Caleb.mp4,Caleb.JPG,Caleb,59,0,3,3,3,0,7,7,14,,,,,,,1,1,4.951015592,,,,,,,0,0,,,,,13,1,2019_Mar_06_1300,FaceNameBlocked,3.0.0,60.02241032,0
FacesBlock4.xlsx,Caleb.mp4,Caleb.JPG,Caleb,59,0,3,3,3,,,,,0,7,7,14,,,,,,,,,0,None,,0,0,1,0.40156816,,,13,1,2019_Mar_06_1300,FaceNameBlocked,3.0.0,60.02241032,0
FacesBlock2.xlsx,Cody.mp4,Cody.JPG,Cody,23,0,1,1,1,0,13,13,8,,,,,,,1,1,0.803434526,,,,,,,0,0,,,,,13,1,2019_Mar_06_1300,FaceNameBlocked,3.0.0,60.02241032,0
FacesBlock2.xlsx,Cody.mp4,Cody.JPG,Cody,23,0,1,1,1,,,,,0,14,14,8,,,,,,,,Cody,1,"['lshift', 'c', 'o', 'd', 'y']","[1.1171047009993345, 1.3521665929583833, 1.9014385950285941, 2.1180203330004588, 2.267839911975898]",[1.1171,1.1171,4,1.001921801,,,13,1,2019_Mar_06_1300,FaceNameBlocked,3.0.0,60.02241032,1
FacesBlock3.xlsx,Courtney.mp4,Courtney.JPG,Courtney,42,0,2,2,2,0,10,10,12,,,,,,,1,2,1.268682747,,,,,,,0,0,,,,,13,1,2019_Mar_06_1300,FaceNameBlocked,3.0.0,60.02241032,0
FacesBlock3.xlsx,Courtney.mp4,Courtney.JPG,Courtney,42,0,2,2,2,,,,,0,11,11,12,,,,,,,,,0,None,,0,0,1,0.784744218,,,13,1,2019_Mar_06_1300,FaceNameBlocked,3.0.0,60.02241032,0
FacesBlock3.xlsx,Daniel.mp4,Daniel.JPG,Daniel,30,0,2,2,2,0,14,14,0,,,,,,,1,1,2.802267105,,,,,,,0,0,,,,,13,1,2019_Mar_06_1300,FaceNameBlocked,3.0.0,60.02241032,0
FacesBlock3.xlsx,Daniel.mp4,Daniel.JPG,Daniel,30,0,2,2,2,,,,,0,12,12,0,,,,,,,,,0,None,,0,0,1,0.902312842,,,13,1,2019_Mar_06_1300,FaceNameBlocked,3.0.0,60.02241032,0
FacesBlock1.xlsx,Danielle.mp4,Danielle.JPG,Danielle,3,0,0,0,0,0,1,1,3,,,,,,,0,2,2.585758765,,,,,,,0,0,,,,,13,1,2019_Mar_06_1300,FaceNameBlocked,3.0.0,60.02241032,0
FacesBlock1.xlsx,Danielle.mp4,Danielle.JPG,Danielle,3,0,0,0,0,,,,,0,11,11,3,,,,,,,,,0,None,,0,0,1,0.835324828,,,13,1,2019_Mar_06_1300,FaceNameBlocked,3.0.0,60.02241032,0
FacesBlock2.xlsx,David.mp4,David.JPG,David,16,0,1,1,1,0,3,3,1,,,,,,,1,1,4.365624901,,,,,,,0,0,,,,,13,1,2019_Mar_06_1300,FaceNameBlocked,3.0.0,60.02241032,0
FacesBlock2.xlsx,David.mp4,David.JPG,David,16,0,1,1,1,,,,,0,13,13,1,,,,,,,,,0,None,,0,0,1,1.051890365,,,13,1,2019_Mar_06_1300,FaceNameBlocked,3.0.0,60.02241032,0
FacesBlock4.xlsx,Dylan.mp4,Dylan.JPG,Dylan,50,0,3,3,3,0,1,1,5,,,,,,,0,1,1.286817045,,,,,,,0,0,,,,,13,1,2019_Mar_06_1300,FaceNameBlocked,3.0.0,60.02241032,0
FacesBlock4.xlsx,Dylan.mp4,Dylan.JPG,Dylan,50,0,3,3,3,,,,,0,9,9,5,,,,,,,,Michael,0,"['lshift', 'm', 'i', 'c', 'h', 'a', 'e', 'l']","[3.716291344957426, 4.167523727985099, 4.5166452509583905, 4.684008467011154, 4.933915825909935, 5.1336431299569085, 5.500050777918659, 6.833196196006611]",[3.7162,3.7162,2,1.051311299,,,13,1,2019_Mar_06_1300,FaceNameBlocked,3.0.0,60.02241032,0
FacesBlock4.xlsx,Emily.mp4,Emily.JPG,Emily,57,0,3,3,3,0,8,8,12,,,,,,,1,2,2.568863209,,,,,,,0,0,,,,,13,1,2019_Mar_06_1300,FaceNameBlocked,3.0.0,60.02241032,0
FacesBlock4.xlsx,Emily.mp4,Emily.JPG,Emily,57,0,3,3,3,,,,,0,8,8,12,,,,,,,,,0,None,,0,0,1,0.50158003,,,13,1,2019_Mar_06_1300,FaceNameBlocked,3.0.0,60.02241032,0
FacesBlock1.xlsx,Eric.mp4,Eric.JPG,Eric,0,0,0,0,0,0,9,9,0,,,,,,,1,1,0.569133291,,,,,,,0,0,,,,,13,1,2019_Mar_06_1300,FaceNameBlocked,3.0.0,60.02241032,0
FacesBlock1.xlsx,Eric.mp4,Eric.JPG,Eric,0,0,0,0,0,,,,,0,9,9,0,,,,,,,,,0,None,,0,0,1,1.085591972,,,13,1,2019_Mar_06_1300,FaceNameBlocked,3.0.0,60.02241032,0
FacesBlock1.xlsx,Ethan.mp4,Ethan.JPG,Ethan,11,0,0,0,0,0,12,12,11,,,,,,,1,1,0.420063524,,,,,,,0,0,,,,,13,1,2019_Mar_06_1300,FaceNameBlocked,3.0.0,60.02241032,0
FacesBlock1.xlsx,Ethan.mp4,Ethan.JPG,Ethan,11,0,0,0,0,,,,,0,8,8,11,,,,,,,,,0,None,,0,0,1,1.1518678,,,13,1,2019_Mar_06_1300,FaceNameBlocked,3.0.0,60.02241032,0
FacesBlock4.xlsx,Grace.mp4,Grace.JPG,Grace,58,0,3,3,3,0,9,9,13,,,,,,,0,2,0.936218249,,,,,,,0,0,,,,,13,1,2019_Mar_06_1300,FaceNameBlocked,3.0.0,60.02241032,0
FacesBlock4.xlsx,Grace.mp4,Grace.JPG,Grace,58,0,3,3,3,,,,,0,1,1,13,,,,,,,,Emily,0,"['lshift', 'e', 'm', 'i', 'l', 'y']","[2.3163881599903107, 2.4844238909427077, 2.6509068720042706, 2.717619552044198, 2.8673533049877733, 3.0179684939794242]",[2.3163,2.3163,1,0.484596755,,,13,1,2019_Mar_06_1300,FaceNameBlocked,3.0.0,60.02241032,0
FacesBlock2.xlsx,Haley.mp4,Haley.JPG,Haley,20,0,1,1,1,0,6,6,5,,,,,,,0,2,1.952899526,,,,,,,0,0,,,,,13,1,2019_Mar_06_1300,FaceNameBlocked,3.0.0,60.02241032,0
FacesBlock2.xlsx,Haley.mp4,Haley.JPG,Haley,20,0,1,1,1,,,,,0,1,1,5,,,,,,,,Ashley,0,"['lshift', 'a', 's', 'h', 'l', 'e', 'y', '1', 'backspace']","[3.616583759896457, 3.734408628894016, 4.000498136971146, 4.317511714994907, 5.450689757941291, 5.533935586921871, 5.883993108989671, 7.849907774943858, 8.665832987986505]",[3.6165,3.6165,2,1.885157431,,,13,1,2019_Mar_06_1300,FaceNameBlocked,3.0.0,60.02241032,0
FacesBlock1.xlsx,Hannah.mp4,Hannah.JPG,Hannah,1,0,0,0,0,0,3,3,1,,,,,,,0,2,1.385343579,,,,,,,0,0,,,,,13,1,2019_Mar_06_1300,FaceNameBlocked,3.0.0,60.02241032,0
FacesBlock1.xlsx,Hannah.mp4,Hannah.JPG,Hannah,1,0,0,0,0,,,,,0,10,10,1,,,,,,,,,0,None,,0,0,1,1.167886734,,,13,1,2019_Mar_06_1300,FaceNameBlocked,3.0.0,60.02241032,0
FacesBlock2.xlsx,Heather.mp4,Heather.JPG,Heather,26,0,1,1,1,0,10,10,11,,,,,,,0,2,2.086123832,,,,,,,0,0,,,,,13,1,2019_Mar_06_1300,FaceNameBlocked,3.0.0,60.02241032,0
FacesBlock2.xlsx,Heather.mp4,Heather.JPG,Heather,26,0,1,1,1,,,,,0,7,7,11,,,,,,,,Heather,1,"['lshift', 'h', 'e', 't', 'backspace', 'a', 'h', 't', 'e', 'r', 'backspace', 'backspace', 'backspace', 'backspace', 't', 'h', 'e', 'r']","[1.8832156240241602, 2.0184455149574205, 2.168025146005675, 2.6515301070176065, 3.2668139670277014, 3.6338267700048164, 3.8009165240218863, 3.8672768209362403, 4.117603451013565, 4.217125421972014, 4.583263315958902, 4.733311671996489, 4.866815629997291, 5.000116689945571, 5.400533264037222, 5.4503336739726365, 5.565248343977146, 5.650231551029719]",[1.8832,1.8832,3,1.418893512,,,13,1,2019_Mar_06_1300,FaceNameBlocked,3.0.0,60.02241032,1
FacesBlock3.xlsx,Jacob.mp4,Jacob.JPG,Jacob,39,0,2,2,2,0,7,7,9,,,,,,,0,1,1.669192582,,,,,,,0,0,,,,,13,1,2019_Mar_06_1300,FaceNameBlocked,3.0.0,60.02241032,0
FacesBlock3.xlsx,Jacob.mp4,Jacob.JPG,Jacob,39,0,2,2,2,,,,,0,4,4,9,,,,,,,,Jacob,1,"['lshift', 'j', 'a', 'c', 'o', 'b']","[2.9663102879421785, 3.067359620006755, 3.933613793924451, 4.317332806997001, 5.28331664390862, 5.533460125909187]",[2.9663,2.9663,2,0.416866483,,,13,1,2019_Mar_06_1300,FaceNameBlocked,3.0.0,60.02241032,1
FacesBlock4.xlsx,Jason.mp4,Jason.JPG,Jason,49,0,3,3,3,0,6,6,4,,,,,,,0,1,2.452327048,,,,,,,0,0,,,,,13,1,2019_Mar_06_1300,FaceNameBlocked,3.0.0,60.02241032,0
FacesBlock4.xlsx,Jason.mp4,Jason.JPG,Jason,49,0,3,3,3,,,,,0,5,5,4,,,,,,,,,0,None,,0,0,1,0.552272892,,,13,1,2019_Mar_06_1300,FaceNameBlocked,3.0.0,60.02241032,0
FacesBlock1.xlsx,Jenna.mp4,Jenna.JPG,Jenna,6,0,0,0,0,0,4,4,6,,,,,,,0,2,2.451847565,,,,,,,0,0,,,,,13,1,2019_Mar_06_1300,FaceNameBlocked,3.0.0,60.02241032,0
FacesBlock1.xlsx,Jenna.mp4,Jenna.JPG,Jenna,6,0,0,0,0,,,,,0,7,7,6,,,,,,,,,0,None,,0,0,1,2.435084898,,,13,1,2019_Mar_06_1300,FaceNameBlocked,3.0.0,60.02241032,0
FacesBlock2.xlsx,Jeremy.mp4,Jeremy.JPG,Jeremy,15,0,1,1,1,0,7,7,0,,,,,,,0,1,1.652550838,,,,,,,0,0,,,,,13,1,2019_Mar_06_1300,FaceNameBlocked,3.0.0,60.02241032,0
FacesBlock2.xlsx,Jeremy.mp4,Jeremy.JPG,Jeremy,15,0,1,1,1,,,,,0,8,8,0,,,,,,,,Jeremy,1,"['lshift', 'j', 'e', 'r', 'e', 'm', 'y']","[1.7842002150136977, 1.969299125019461, 2.2523021220695227, 2.4692947160219774, 2.6022405080730096, 2.9835637100040913, 3.15155913005583]",[1.7842,1.7842,4,0.485684238,,,13,1,2019_Mar_06_1300,FaceNameBlocked,3.0.0,60.02241032,1
FacesBlock1.xlsx,Jessica.mp4,Jessica.JPG,Jessica,8,0,0,0,0,0,14,14,8,,,,,,,0,2,0.553125588,,,,,,,0,0,,,,,13,1,2019_Mar_06_1300,FaceNameBlocked,3.0.0,60.02241032,0
FacesBlock1.xlsx,Jessica.mp4,Jessica.JPG,Jessica,8,0,0,0,0,,,,,0,12,12,8,,,,,,,,,0,None,,0,0,1,1.551762922,,,13,1,2019_Mar_06_1300,FaceNameBlocked,3.0.0,60.02241032,0
FacesBlock2.xlsx,Josh.mp4,Josh.JPG,Josh,19,0,1,1,1,0,14,14,4,,,,,,,0,1,1.236115394,,,,,,,0,0,,,,,13,1,2019_Mar_06_1300,FaceNameBlocked,3.0.0,60.02241032,0
FacesBlock2.xlsx,Josh.mp4,Josh.JPG,Josh,19,0,1,1,1,,,,,0,6,6,4,,,,,,,,Josh,1,"['lshift', 'j', 'o', 's', 'h']","[1.0835772970458493, 1.2518028439953923, 2.5681784100597724, 2.8016117740189657, 3.334137322031893]",[1.0835,1.0835,4,2.451542521,,,13,1,2019_Mar_06_1300,FaceNameBlocked,3.0.0,60.02241032,1
FacesBlock1.xlsx,Julia.mp4,Julia.JPG,Julia,13,0,0,0,0,0,6,6,13,,,,,,,0,2,1.01928654,,,,,,,0,0,,,,,13,1,2019_Mar_06_1300,FaceNameBlocked,3.0.0,60.02241032,0
FacesBlock1.xlsx,Julia.mp4,Julia.JPG,Julia,13,0,0,0,0,,,,,0,2,2,13,,,,,,,,Jessica,0,"['lshift', 'j', 'e', 's', 's', 'i', 'c', 'a']","[2.9672186790267006, 3.134805830079131, 3.633138729026541, 4.101259600021876, 4.584702752996236, 5.032693839049898, 5.2349589091027156, 5.384102170006372]",[2.9672,2.9672,1,1.801766934,,,13,1,2019_Mar_06_1300,FaceNameBlocked,3.0.0,60.02241032,0
FacesBlock2.xlsx,Justin.mp4,Justin.JPG,Justin,27,0,1,1,1,0,2,2,12,,,,,,,1,1,1.569329129,,,,,,,0,0,,,,,13,1,2019_Mar_06_1300,FaceNameBlocked,3.0.0,60.02241032,0
FacesBlock2.xlsx,Justin.mp4,Justin.JPG,Justin,27,0,1,1,1,,,,,0,4,4,12,,,,,,,,Justin,1,"['lshift', 'j', 'u', 's', 't', 'i', 'n']","[2.9660819250857458, 3.068057619035244, 3.2677977790590376, 3.501300683012232, 3.6842737870756537, 3.851536498987116, 3.9844134270679206]",[2.9660,2.966,2,0.752176889,,,13,1,2019_Mar_06_1300,FaceNameBlocked,3.0.0,60.02241032,1
FacesBlock4.xlsx,Katie.mp4,Katie.JPG,Katie,54,0,3,3,3,0,2,2,9,,,,,,,1,2,2.30271649,,,,,,,0,0,,,,,13,1,2019_Mar_06_1300,FaceNameBlocked,3.0.0,60.02241032,0
FacesBlock4.xlsx,Katie.mp4,Katie.JPG,Katie,54,0,3,3,3,,,,,0,11,11,9,,,,,,,,Katie,1,"['lshift', 'k', 'a', 't', 'i', 'e']","[1.5507913100300357, 1.7029043609509245, 1.8835179510060698, 2.201418307959102, 2.302241276949644, 2.7186127200257033]",[1.5507,1.5507,3,0.61897758,,,13,1,2019_Mar_06_1300,FaceNameBlocked,3.0.0,60.02241032,1
FacesBlock3.xlsx,Kayla.mp4,Kayla.JPG,Kayla,34,0,2,2,2,0,2,2,4,,,,,,,0,2,2.002627654,,,,,,,0,0,,,,,13,1,2019_Mar_06_1300,FaceNameBlocked,3.0.0,60.02241032,0
FacesBlock3.xlsx,Kayla.mp4,Kayla.JPG,Kayla,34,0,2,2,2,,,,,0,1,1,4,,,,,,,,Kayla,1,"['lshift', 'k', 'a', 'y', 'k', 'backspace', 'l', 'a']","[1.1668138760142028, 1.3186747919535264, 1.4678644549567252, 1.6994607800152153, 1.8350664640311152, 2.634672390995547, 3.051309220958501, 3.1678297199541703]",[1.1668,1.1668,4,0.668619939,,,13,1,2019_Mar_06_1300,FaceNameBlocked,3.0.0,60.02241032,1
FacesBlock1.xlsx,Kelsey.mp4,Kelsey.JPG,Kelsey,12,0,0,0,0,0,7,7,12,,,,,,,1,2,0.852504328,,,,,,,0,0,,,,,13,1,2019_Mar_06_1300,FaceNameBlocked,3.0.0,60.02241032,0
FacesBlock1.xlsx,Kelsey.mp4,Kelsey.JPG,Kelsey,12,0,0,0,0,,,,,0,13,13,12,,,,,,,,,0,None,,0,0,1,0.834707934,,,13,1,2019_Mar_06_1300,FaceNameBlocked,3.0.0,60.02241032,0
FacesBlock3.xlsx,Kevin.mp4,Kevin.JPG,Kevin,41,0,2,2,2,0,3,3,11,,,,,,,1,1,2.25341585,,,,,,,0,0,,,,,13,1,2019_Mar_06_1300,FaceNameBlocked,3.0.0,60.02241032,0
FacesBlock3.xlsx,Kevin.mp4,Kevin.JPG,Kevin,41,0,2,2,2,,,,,0,0,0,11,,,,,,space,3.567624709,Kevin,1,"['lshift', 'k', 'e', 'v', 'i', 'n']","[1.466948576970026, 1.583681946969591, 1.7351290519582108, 1.9848538739606738, 2.268694787984714, 2.2910701349610463]",[1.4669,1.4669,4,0.918631038,,,13,1,2019_Mar_06_1300,FaceNameBlocked,3.0.0,60.02241032,1
FacesBlock1.xlsx,Kyle.mp4,Kyle.JPG,Kyle,4,0,0,0,0,0,10,10,4,,,,,,,1,1,0.8858573,,,,,,,0,0,,,,,13,1,2019_Mar_06_1300,FaceNameBlocked,3.0.0,60.02241032,0
FacesBlock1.xlsx,Kyle.mp4,Kyle.JPG,Kyle,4,0,0,0,0,,,,,0,6,6,4,,,,,,,,Kyle,1,"['lshift', 'k', 'y', 'l', 'e']","[3.80005413107574, 4.167825077078305, 4.651001021033153, 4.900478144991212, 5.068599926074967]",[3.8000,3.8,2,0.851545667,,,13,1,2019_Mar_06_1300,FaceNameBlocked,3.0.0,60.02241032,1
FacesBlock3.xlsx,Lauren.mp4,Lauren.JPG,Lauren,38,0,2,2,2,0,12,12,8,,,,,,,0,2,1.819030043,,,,,,,0,0,,,,,13,1,2019_Mar_06_1300,FaceNameBlocked,3.0.0,60.02241032,0
FacesBlock3.xlsx,Lauren.mp4,Lauren.JPG,Lauren,38,0,2,2,2,,,,,0,9,9,8,,,,,,,,Lauren,1,"['lshift', 'l', 'a', 'u', 'r', 'e', 'n']","[1.3667863619048148, 1.518964474904351, 1.684731676010415, 2.068445440963842, 2.3346268989844248, 2.418805865920149, 2.5849730200134218]",[1.3667,1.3667,4,0.668888372,,,13,1,2019_Mar_06_1300,FaceNameBlocked,3.0.0,60.02241032,1
FacesBlock3.xlsx,Mark.mp4,Mark.JPG,Mark,40,0,2,2,2,0,9,9,10,,,,,,,1,1,1.002507989,,,,,,,0,0,,,,,13,1,2019_Mar_06_1300,FaceNameBlocked,3.0.0,60.02241032,0
FacesBlock3.xlsx,Mark.mp4,Mark.JPG,Mark,40,0,2,2,2,,,,,0,2,2,10,,,,,,,,Mark,1,"['lshift', 'm', 'a', 'r', 'k']","[0.8674181670648977, 1.0332996380748227, 1.1345510060200468, 1.585173127008602, 1.71819049899932]",[0.8674,0.8674,4,0.835281503,,,13,1,2019_Mar_06_1300,FaceNameBlocked,3.0.0,60.02241032,1
FacesBlock1.xlsx,Matthew.mp4,Matthew.JPG,Matthew,9,0,0,0,0,0,11,11,9,,,,,,,1,1,1.402838168,,,,,,,0,0,,,,,13,1,2019_Mar_06_1300,FaceNameBlocked,3.0.0,60.02241032,0
FacesBlock1.xlsx,Matthew.mp4,Matthew.JPG,Matthew,9,0,0,0,0,,,,,0,3,3,9,,,,,,,,Timothy,0,"['lshift', 't', 'i', 'm', 'o', 't', 'h', 'y']","[3.766694025020115, 4.082781729055569, 4.551097075105645, 4.76692152605392, 4.967341747018509, 5.383985952008516, 5.534155053086579, 5.7004160090582445]",[3.7666,3.7666,1,1.352033063,,,13,1,2019_Mar_06_1300,FaceNameBlocked,3.0.0,60.02241032,0
FacesBlock2.xlsx,Megan.mp4,Megan.JPG,Megan,25,0,1,1,1,0,4,4,10,,,,,,,0,2,1.086454628,,,,,,,0,0,,,,,13,1,2019_Mar_06_1300,FaceNameBlocked,3.0.0,60.02241032,0
FacesBlock2.xlsx,Megan.mp4,Megan.JPG,Megan,25,0,1,1,1,,,,,0,11,11,10,,,,,,,,Megan,1,"['lshift', 'm', 'e', 'g', 'a', 'n']","[3.8998671440640464, 4.034319209982641, 5.3322452190332115, 6.45017089904286, 6.583940344047733, 6.783749585039914]",[3.8998,3.8998,2,1.884428247,,,13,1,2019_Mar_06_1300,FaceNameBlocked,3.0.0,60.02241032,1
FacesBlock4.xlsx,Michael.mp4,Michael.JPG,Michael,46,0,3,3,3,0,0,0,1,,,,,,,0,1,4.834236426,,,,,,,0,0,,,,,13,1,2019_Mar_06_1300,FaceNameBlocked,3.0.0,60.02241032,0
FacesBlock4.xlsx,Michael.mp4,Michael.JPG,Michael,46,0,3,3,3,,,,,0,14,14,1,,,,,,,,,0,None,,0,0,1,0.40239471,,,13,1,2019_Mar_06_1300,FaceNameBlocked,3.0.0,60.02241032,0
FacesBlock4.xlsx,Michelle.mp4,Michelle.JPG,Michelle,52,0,3,3,3,0,12,12,7,,,,,,,1,2,2.502163711,,,,,,,0,0,,,,,13,1,2019_Mar_06_1300,FaceNameBlocked,3.0.0,60.02241032,0
FacesBlock4.xlsx,Michelle.mp4,Michelle.JPG,Michelle,52,0,3,3,3,,,,,0,2,2,7,,,,,,,,Michelle,1,"['lshift', 'm', 'i', 'c', 'h', 'e', 'l', 'l', 'e']","[2.949634187039919, 3.1175869359867647, 3.2012432139599696, 3.5666673079831526, 3.7174911580514163, 3.850707020959817, 3.999886538949795, 4.167067865026183, 4.28312742896378]",[2.9496,2.9496,3,0.335582216,,,13,1,2019_Mar_06_1300,FaceNameBlocked,3.0.0,60.02241032,1
FacesBlock1.xlsx,Natalie.mp4,Natalie.JPG,Natalie,7,0,0,0,0,0,0,0,7,,,,,,,0,2,2.602037354,,,,,,,0,0,,,,,13,1,2019_Mar_06_1300,FaceNameBlocked,3.0.0,60.02241032,0
FacesBlock1.xlsx,Natalie.mp4,Natalie.JPG,Natalie,7,0,0,0,0,,,,,0,0,0,7,,,,,,space,26.34405845,,0,None,,0,0,4,20.0291673,,,13,1,2019_Mar_06_1300,FaceNameBlocked,3.0.0,60.02241032,0
FacesBlock3.xlsx,Nathan.mp4,Nathan.JPG,Nathan,37,0,2,2,2,0,8,8,7,,,,,,,0,1,1.100277604,,,,,,,0,0,,,,,13,1,2019_Mar_06_1300,FaceNameBlocked,3.0.0,60.02241032,0
FacesBlock3.xlsx,Nathan.mp4,Nathan.JPG,Nathan,37,0,2,2,2,,,,,0,5,5,7,,,,,,,,Nathan,1,"['lshift', 'n', 'a', 't', 'h', 'a', 'n']","[1.9493975429795682, 2.084109624964185, 2.5838070129975677, 3.0006246040575206, 3.13364397699479, 3.683299073949456, 3.7672873080009595]",[1.9493,1.9493,4,0.818714959,,,13,1,2019_Mar_06_1300,FaceNameBlocked,3.0.0,60.02241032,1
FacesBlock3.xlsx,Nicole.mp4,Nicole.JPG,Nicole,43,0,2,2,2,0,6,6,13,,,,,,,1,2,1.836138783,,,,,,,0,0,,,,,13,1,2019_Mar_06_1300,FaceNameBlocked,3.0.0,60.02241032,0
FacesBlock3.xlsx,Nicole.mp4,Nicole.JPG,Nicole,43,0,2,2,2,,,,,0,14,14,13,,,,,,,,Nicole,1,"['lshift', 'n', 'i', 'c', 'o', 'l', 'e']","[1.1670095809968188, 1.3021879659499973, 1.3851156360469759, 1.58523512003012, 2.65190099098254, 2.851748798042536, 3.052175543969497]",[1.1670,1.167,4,1.018784512,,,13,1,2019_Mar_06_1300,FaceNameBlocked,3.0.0,60.02241032,1
FacesBlock3.xlsx,Noah.mp4,Noah.JPG,Noah,31,0,2,2,2,0,5,5,1,,,,,,,0,1,3.535479339,,,,,,,0,0,,,,,13,1,2019_Mar_06_1300,FaceNameBlocked,3.0.0,60.02241032,0
FacesBlock3.xlsx,Noah.mp4,Noah.JPG,Noah,31,0,2,2,2,,,,,0,3,3,1,,,,,,,,Noah,1,"['lshift', 'n', 'o', 'a', 'h']","[1.0996084570651874, 1.234777739038691, 1.4509847810259089, 1.650874963030219, 1.850761936046183]",[1.0996,1.0996,4,0.71868054,,,13,1,2019_Mar_06_1300,FaceNameBlocked,3.0.0,60.02241032,1
FacesBlock3.xlsx,Olivia.mp4,Olivia.JPG,Olivia,35,0,2,2,2,0,4,4,5,,,,,,,1,2,1.769502858,,,,,,,0,0,,,,,13,1,2019_Mar_06_1300,FaceNameBlocked,3.0.0,60.02241032,0
FacesBlock3.xlsx,Olivia.mp4,Olivia.JPG,Olivia,35,0,2,2,2,,,,,0,10,10,5,,,,,,,,,0,None,,0,0,1,1.801823742,,,13,1,2019_Mar_06_1300,FaceNameBlocked,3.0.0,60.02241032,0
FacesBlock2.xlsx,Rachel.mp4,Rachel.JPG,Rachel,29,0,1,1,1,0,0,0,14,,,,,,,0,2,6.684233579,,,,,,,0,0,,,,,13,1,2019_Mar_06_1300,FaceNameBlocked,3.0.0,60.02241032,0
FacesBlock2.xlsx,Rachel.mp4,Rachel.JPG,Rachel,29,0,1,1,1,,,,,0,10,10,14,,,,,,,,Rachel,1,"['lshift', 'r', 'a', 'c', 'h', 'e', 'l']","[1.76808838697616, 2.002505271928385, 2.2858590399846435, 2.5519973509944975, 3.433345587924123, 3.968355416902341, 4.084476174903102]",[1.7680,1.768,4,1.135247137,,,13,1,2019_Mar_06_1300,FaceNameBlocked,3.0.0,60.02241032,1
FacesBlock3.xlsx,Rebecca.mp4,Rebecca.JPG,Rebecca,32,0,2,2,2,0,11,11,2,,,,,,,1,2,2.086173502,,,,,,,0,0,,,,,13,1,2019_Mar_06_1300,FaceNameBlocked,3.0.0,60.02241032,0
FacesBlock3.xlsx,Rebecca.mp4,Rebecca.JPG,Rebecca,32,0,2,2,2,,,,,0,8,8,2,,,,,,,,Rebecc,1,"['lshift', 'r', 'a', 'c', 'backspace', 'backspace', 'e', 'b', 'e', 'c', 'c']","[6.449241549009457, 6.617771963938139, 6.8005619389005005, 7.03323175793048, 7.833122965996154, 7.982731961994432, 8.633445451967418, 8.999678685911931, 9.132972494000569, 9.766058127977885, 9.949717439943925]",[6.4492,6.4492,1,3.034628861,,,13,1,2019_Mar_06_1300,FaceNameBlocked,3.0.0,60.02241032,1
FacesBlock3.xlsx,Sarah.mp4,Sarah.JPG,Sarah,33,0,2,2,2,0,13,13,3,,,,,,,0,2,1.902546964,,,,,,,0,0,,,,,13,1,2019_Mar_06_1300,FaceNameBlocked,3.0.0,60.02241032,0
FacesBlock3.xlsx,Sarah.mp4,Sarah.JPG,Sarah,33,0,2,2,2,,,,,0,7,7,3,,,,,,,,Courtney,0,"['lshift', 'lshift', 'c', 'o', 'u', 'r', 't', 'n', 'e', 'y']","[6.399439565953799, 7.215480726910755, 7.400563889998011, 7.699914246913977, 7.7838319999864325, 7.9332601089263335, 8.382858168915845, 8.715979976928793, 8.800044183968566, 9.016552798915654]",[6.3994,6.3994,1,1.585518074,,,13,1,2019_Mar_06_1300,FaceNameBlocked,3.0.0,60.02241032,0
FacesBlock3.xlsx,Shelby.mp4,Shelby.JPG,Shelby,36,0,2,2,2,0,1,1,6,,,,,,,0,2,3.751732256,,,,,,,0,0,,,,,13,1,2019_Mar_06_1300,FaceNameBlocked,3.0.0,60.02241032,0
FacesBlock3.xlsx,Shelby.mp4,Shelby.JPG,Shelby,36,0,2,2,2,,,,,0,13,13,6,,,,,,,,Shelby,1,"['lshift', 's', 'h', 'e', 'l', 'b', 'y']","[1.4664694389794022, 2.018374323961325, 2.567970104981214, 2.7342128349700943, 3.25139524100814, 3.401028238935396, 3.6346089789876714]",[1.4664,1.4664,4,0.633440592,,,13,1,2019_Mar_06_1300,FaceNameBlocked,3.0.0,60.02241032,1
FacesBlock2.xlsx,Steven.mp4,Steven.JPG,Steven,17,0,1,1,1,0,9,9,2,,,,,,,0,1,1.669281647,,,,,,,0,0,,,,,13,1,2019_Mar_06_1300,FaceNameBlocked,3.0.0,60.02241032,0
FacesBlock2.xlsx,Steven.mp4,Steven.JPG,Steven,17,0,1,1,1,,,,,0,3,3,2,,,,,,,,Justin,0,"['lshift', 'j', 'u', 's', 't', 'i', 'n']","[3.999331161030568, 4.101057523977943, 4.318357181968167, 4.834406515001319, 5.150959218037315, 5.251230766996741, 5.383557658991776]",[3.9993,3.9993,2,1.169049076,,,13,1,2019_Mar_06_1300,FaceNameBlocked,3.0.0,60.02241032,0
FacesBlock4.xlsx,Taylor.mp4,Taylor.JPG,Taylor,45,0,3,3,3,0,13,13,0,,,,,,,0,2,1.469302088,,,,,,,0,0,,,,,13,1,2019_Mar_06_1300,FaceNameBlocked,3.0.0,60.02241032,0
FacesBlock4.xlsx,Taylor.mp4,Taylor.JPG,Taylor,45,0,3,3,3,,,,,0,10,10,0,,,,,,,,Taylor,1,"['lshift', 't', 'a', 'y', 'l', 'o', 'r']","[1.0003726129652932, 1.1516594450222328, 1.3683672540355474, 1.5683439809363335, 1.9349528700113297, 2.2678192269522697, 2.399364936980419]",[1.0003,1.0003,3,0.318429481,,,13,1,2019_Mar_06_1300,FaceNameBlocked,3.0.0,60.02241032,1
FacesBlock3.xlsx,Thomas.mp4,Thomas.JPG,Thomas,44,0,2,2,2,0,0,0,14,,,,,,,1,1,2.65278628,,,,,,,0,0,,,,,13,1,2019_Mar_06_1300,FaceNameBlocked,3.0.0,60.02241032,0
FacesBlock3.xlsx,Thomas.mp4,Thomas.JPG,Thomas,44,0,2,2,2,,,,,0,6,6,14,,,,,,,,Thomas,1,"['lshift', 't', 'h', 'a', 'o', 'm', 'backspace', 'backspace', 'backspace', 'o', 'm', 'a', 's']","[1.2665599640458822, 1.3849063450470567, 1.6347829130245373, 2.1846823210362345, 2.3178687850013375, 2.401423951028846, 2.8670777530642226, 3.050504701095633, 3.183758269995451, 3.784365617088042, 3.9177681220462546, 4.116707164095715, 4.349925799062476]",[1.2665,1.2665,4,1.199984363,,,13,1,2019_Mar_06_1300,FaceNameBlocked,3.0.0,60.02241032,1
FacesBlock1.xlsx,Timothy.mp4,Timothy.JPG,Timothy,10,0,0,0,0,0,8,8,10,,,,,,,0,1,1.102477394,,,,,,,0,0,,,,,13,1,2019_Mar_06_1300,FaceNameBlocked,3.0.0,60.02241032,0
FacesBlock1.xlsx,Timothy.mp4,Timothy.JPG,Timothy,10,0,0,0,0,,,,,0,14,14,10,,,,,,,,,0,None,,0,0,1,0.933614958,,,13,1,2019_Mar_06_1300,FaceNameBlocked,3.0.0,60.02241032,0
FacesBlock2.xlsx,Trevor.mp4,Trevor.JPG,Trevor,21,0,1,1,1,0,1,1,6,,,,,,,1,1,1.602593064,,,,,,,0,0,,,,,13,1,2019_Mar_06_1300,FaceNameBlocked,3.0.0,60.02241032,0
FacesBlock2.xlsx,Trevor.mp4,Trevor.JPG,Trevor,21,0,1,1,1,,,,,0,2,2,6,,,,,,,,Trevor,1,"['lshift', 't', 'r', 'v', 'backspace', 'e', 'v', 'o', 'r']","[1.9322574499528855, 2.016738347010687, 2.216322490014136, 2.4998858419712633, 3.4816630070563406, 5.230390626005828, 5.482304316014051, 5.6468417410505936, 5.781929719028994]",[1.9322,1.9322,2,0.4335749,,,13,1,2019_Mar_06_1300,FaceNameBlocked,3.0.0,60.02241032,1
FacesBlock2.xlsx,Tyler.mp4,Tyler.JPG,Tyler,22,0,1,1,1,0,8,8,7,,,,,,,0,1,2.352432778,,,,,,,0,0,,,,,13,1,2019_Mar_06_1300,FaceNameBlocked,3.0.0,60.02241032,0
FacesBlock2.xlsx,Tyler.mp4,Tyler.JPG,Tyler,22,0,1,1,1,,,,,0,9,9,7,,,,,,,,,0,None,,0,0,1,0.501621085,,,13,1,2019_Mar_06_1300,FaceNameBlocked,3.0.0,60.02241032,0
,,,,,,,,,,,,,,,,,space,33.57553969,,,,,,,,,,,,,,,,13,1,2019_Mar_06_1300,FaceNameBlocked,3.0.0,60.02241032,
,,,,,,,,,,,,,,,,,,,,,,,,,,,,,,,,space,1392.228794,13,1,2019_Mar_06_1300,FaceNameBlocked,3.0.0,60.02241032,