condsFile,Video,Photo,Name,Row,blocks.thisRepN,blocks.thisTrialN,blocks.thisN,blocks.thisIndex,presentations.thisRepN,presentations.thisTrialN,presentations.thisN,presentations.thisIndex,testing.thisRepN,testing.thisTrialN,testing.thisN,testing.thisIndex,advance_1.keys,advance_1.rt,currentCond,judgementResp.keys,judgementResp.rt,advance_2.keys,advance_2.rt,inputText,Accuracy,key_resp_3.keys,key_resp_3.rt,trim1,key_resp3_fin,rating_resp.keys,rating_resp.rt,end_key.keys,end_key.rt,participant,session,date,expName,psychopyVersion,frameRate,Correct/Incorrect Responses
FacesBlock2.xlsx,Aaron.mp4,Aaron.JPG,Aaron,18,0,1,1,1,0,7,7,3,,,,,,,0,2,0.569856819,,,,,,,0,0,,,,,16,1,2019_Mar_07_1241,FaceNameBlocked,3.0.0,60.01603247,0
FacesBlock2.xlsx,Aaron.mp4,Aaron.JPG,Aaron,18,0,1,1,1,,,,,0,7,7,3,,,,,,,,,0,None,,0,0,2,1.502874221,,,16,1,2019_Mar_07_1241,FaceNameBlocked,3.0.0,60.01603247,0
FacesBlock1.xlsx,Adam.mp4,Adam.JPG,Adam,5,0,0,0,0,0,8,8,5,,,,,,,1,1,0.319755966,,,,,,,0,0,,,,,16,1,2019_Mar_07_1241,FaceNameBlocked,3.0.0,60.01603247,0
FacesBlock1.xlsx,Adam.mp4,Adam.JPG,Adam,5,0,0,0,0,,,,,0,3,3,5,,,,,,,,adam ,1,"['a', 'd', 'a', 'm', 'space', 'return']","[1.5028099810006097, 1.852634050999768, 2.133583210990764, 2.285654744016938, 4.149697105982341, 4.6671575820073485]",[1.5028,1.5028,4,1.435688408,,,16,1,2019_Mar_07_1241,FaceNameBlocked,3.0.0,60.01603247,1
FacesBlock4.xlsx,Alyssa.mp4,Alyssa.JPG,Alyssa,55,0,3,3,3,0,5,5,10,,,,,,,0,2,2.08591615,,,,,,,0,0,,,,,16,1,2019_Mar_07_1241,FaceNameBlocked,3.0.0,60.01603247,0
FacesBlock4.xlsx,Alyssa.mp4,Alyssa.JPG,Alyssa,55,0,3,3,3,,,,,0,1,1,10,,,,,,,,meghan,0,"['m', 'e', 'g', 'h', 'z', 'backspace', 'a', 'n']","[2.767396554001607, 3.151227848022245, 3.467859677039087, 3.667862063040957, 4.250348872039467, 5.54988147795666, 7.050190616049804, 7.366740235942416]",[2.7673,2.7673,1,0.352147437,,,16,1,2019_Mar_07_1241,FaceNameBlocked,3.0.0,60.01603247,0
FacesBlock1.xlsx,Amanda.mp4,Amanda.JPG,Amanda,2,0,0,0,0,0,0,0,2,,,,,,,0,2,1.751853039,,,,,,,0,0,,,,,16,1,2019_Mar_07_1241,FaceNameBlocked,3.0.0,60.01603247,0
FacesBlock1.xlsx,Amanda.mp4,Amanda.JPG,Amanda,2,0,0,0,0,,,,,0,0,0,2,,,,,,space,24.67779943,,0,None,,0,0,1,3.267759863,,,16,1,2019_Mar_07_1241,FaceNameBlocked,3.0.0,60.01603247,0
FacesBlock4.xlsx,Andrew.mp4,Andrew.JPG,Andrew,51,0,3,3,3,0,1,1,6,,,,,,,0,1,0.452535962,,,,,,,0,0,,,,,16,1,2019_Mar_07_1241,FaceNameBlocked,3.0.0,60.01603247,0
FacesBlock4.xlsx,Andrew.mp4,Andrew.JPG,Andrew,51,0,3,3,3,,,,,0,4,4,6,,,,,,,,,0,None,,0,0,1,13.89791292,,,16,1,2019_Mar_07_1241,FaceNameBlocked,3.0.0,60.01603247,0
FacesBlock4.xlsx,Anna.mp4,Anna.JPG,Anna,47,0,3,3,3,0,11,11,2,,,,,,,0,2,0.235624516,,,,,,,0,0,,,,,16,1,2019_Mar_07_1241,FaceNameBlocked,3.0.0,60.01603247,0
FacesBlock4.xlsx,Anna.mp4,Anna.JPG,Anna,47,0,3,3,3,,,,,0,2,2,2,,,,,,,,anna,1,"['a', 'n', 'n', 'a']","[1.6852021790109575, 2.10111260402482, 2.2851919670356438, 2.8851423400919884]",[1.6852,1.6852,1,0.852018334,,,16,1,2019_Mar_07_1241,FaceNameBlocked,3.0.0,60.01603247,1
FacesBlock2.xlsx,Ashley.mp4,Ashley.JPG,Ashley,24,0,1,1,1,0,12,12,9,,,,,,,0,2,0.752576774,,,,,,,0,0,,,,,16,1,2019_Mar_07_1241,FaceNameBlocked,3.0.0,60.01603247,0
FacesBlock2.xlsx,Ashley.mp4,Ashley.JPG,Ashley,24,0,1,1,1,,,,,0,3,3,9,,,,,,,,elizabe,0,"['a', 'l', 'e', 'x', 'i', 's', 'backspace', 'backspace', 'backspace', 'backspace', 'backspace', 'backspace', 'e', 'l', 'i', 'z', 'a', 'b', 'e', 'h', 'backspace']","[2.384886701940559, 2.8007260079029948, 3.2181727729039267, 3.534679095959291, 3.751192628988065, 4.0177886879537255, 6.449819675995968, 6.665908202994615, 6.848262159968726, 7.032780806999654, 7.1987038949737325, 7.416159070911817, 7.882914243964478, 8.03286291891709, 8.265934273018502, 8.366677894955501, 8.699657805962488, 8.96601096400991, 9.182298933970742, 9.515846974914894, 9.898499844945036]",[2.3848,2.3848,2,1.834954488,,,16,1,2019_Mar_07_1241,FaceNameBlocked,3.0.0,60.01603247,0
FacesBlock1.xlsx,Bradley.mp4,Bradley.JPG,Bradley,14,0,0,0,0,0,2,2,14,,,,,,,1,1,0.353093703,,,,,,,0,0,,,,,16,1,2019_Mar_07_1241,FaceNameBlocked,3.0.0,60.01603247,0
FacesBlock1.xlsx,Bradley.mp4,Bradley.JPG,Bradley,14,0,0,0,0,,,,,0,7,7,14,,,,,,,,marc,0,"['m', 'a', 'r', 'c']","[4.851113284006715, 4.96740697696805, 5.684128362918273, 5.984417462954298]",[4.8511,4.8511,1,0.30232715,,,16,1,2019_Mar_07_1241,FaceNameBlocked,3.0.0,60.01603247,0
FacesBlock4.xlsx,Brandon.mp4,Brandon.JPG,Brandon,56,0,3,3,3,0,3,3,11,,,,,,,1,1,0.302143227,,,,,,,0,0,,,,,16,1,2019_Mar_07_1241,FaceNameBlocked,3.0.0,60.01603247,0
FacesBlock4.xlsx,Brandon.mp4,Brandon.JPG,Brandon,56,0,3,3,3,,,,,0,3,3,11,,,,,,,,caleb,0,"['c', 'a', 'l', 'e', 'b']","[3.1014067090582103, 3.534320586011745, 4.700984082068317, 5.28349673806224, 5.683568424079567]",[3.1014,3.1014,2,0.166366353,,,16,1,2019_Mar_07_1241,FaceNameBlocked,3.0.0,60.01603247,0
FacesBlock4.xlsx,Brian.mp4,Brian.JPG,Brian,53,0,3,3,3,0,0,0,8,,,,,,,1,1,2.502146185,,,,,,,0,0,,,,,16,1,2019_Mar_07_1241,FaceNameBlocked,3.0.0,60.01603247,0
FacesBlock4.xlsx,Brian.mp4,Brian.JPG,Brian,53,0,3,3,3,,,,,0,13,13,8,,,,,,,,,0,None,,0,0,1,2.951522312,,,16,1,2019_Mar_07_1241,FaceNameBlocked,3.0.0,60.01603247,0
FacesBlock4.xlsx,Brianna.mp4,Brianna.JPG,Brianna,48,0,3,3,3,0,10,10,3,,,,,,,1,2,0.136509786,,,,,,,0,0,,,,,16,1,2019_Mar_07_1241,FaceNameBlocked,3.0.0,60.01603247,0
FacesBlock4.xlsx,Brianna.mp4,Brianna.JPG,Brianna,48,0,3,3,3,,,,,0,6,6,3,,,,,,,,,0,None,,0,0,1,1.868114104,,,16,1,2019_Mar_07_1241,FaceNameBlocked,3.0.0,60.01603247,0
FacesBlock2.xlsx,Brittany.mp4,Brittany.JPG,Brittany,28,0,1,1,1,0,0,0,13,,,,,,,1,1,1.802595031,,,,,,,0,0,,,,,16,1,2019_Mar_07_1241,FaceNameBlocked,3.0.0,60.01603247,0
FacesBlock2.xlsx,Brittany.mp4,Brittany.JPG,Brittany,28,0,1,1,1,,,,,0,6,6,13,,,,,,,,brittany,1,"['b', 'r', 'i', 't', 't', 'a', 'n', 'y']","[2.55084480100777, 2.6679707269649953, 3.1514300650451332, 3.267624357016757, 3.3837449599523097, 3.748732657986693, 3.9504859859589487, 4.283636788954027]",[2.5508,2.5508,4,1.233586818,,,16,1,2019_Mar_07_1241,FaceNameBlocked,3.0.0,60.01603247,1
FacesBlock4.xlsx,Caleb.mp4,Caleb.JPG,Caleb,59,0,3,3,3,0,9,9,14,,,,,,,0,1,0.720127408,,,,,,,0,0,,,,,16,1,2019_Mar_07_1241,FaceNameBlocked,3.0.0,60.01603247,0
FacesBlock4.xlsx,Caleb.mp4,Caleb.JPG,Caleb,59,0,3,3,3,,,,,0,7,7,14,,,,,,,,caleb,1,"['c', 'a', 'l', 'e', 'b']","[1.951732213026844, 2.384945878991857, 3.101065560011193, 3.6004011280601844, 4.134398879017681]",[1.9517,1.9517,1,0.285765801,,,16,1,2019_Mar_07_1241,FaceNameBlocked,3.0.0,60.01603247,1
FacesBlock2.xlsx,Cody.mp4,Cody.JPG,Cody,23,0,1,1,1,0,9,9,8,,,,,,,1,1,0.502861873,,,,,,,0,0,,,,,16,1,2019_Mar_07_1241,FaceNameBlocked,3.0.0,60.01603247,0
FacesBlock2.xlsx,Cody.mp4,Cody.JPG,Cody,23,0,1,1,1,,,,,0,5,5,8,,,,,,,,chad,0,"['c', 'h', 'a', 'd']","[7.099742647027597, 7.866442861035466, 7.915677462005988, 8.115751357050613]",[7.0997,7.0997,2,0.868841838,,,16,1,2019_Mar_07_1241,FaceNameBlocked,3.0.0,60.01603247,0
FacesBlock3.xlsx,Courtney.mp4,Courtney.JPG,Courtney,42,0,2,2,2,0,13,13,12,,,,,,,1,2,0.386373633,,,,,,,0,0,,,,,16,1,2019_Mar_07_1241,FaceNameBlocked,3.0.0,60.01603247,0
FacesBlock3.xlsx,Courtney.mp4,Courtney.JPG,Courtney,42,0,2,2,2,,,,,0,0,0,12,,,,,,space,6.650591239,,0,None,,0,0,1,2.366222823,,,16,1,2019_Mar_07_1241,FaceNameBlocked,3.0.0,60.01603247,0
FacesBlock3.xlsx,Daniel.mp4,Daniel.JPG,Daniel,30,0,2,2,2,0,8,8,0,,,,,,,0,1,0.702044718,,,,,,,0,0,,,,,16,1,2019_Mar_07_1241,FaceNameBlocked,3.0.0,60.01603247,0
FacesBlock3.xlsx,Daniel.mp4,Daniel.JPG,Daniel,30,0,2,2,2,,,,,0,6,6,0,,,,,,,,,0,None,,0,0,1,0.935324858,,,16,1,2019_Mar_07_1241,FaceNameBlocked,3.0.0,60.01603247,0
FacesBlock1.xlsx,Danielle.mp4,Danielle.JPG,Danielle,3,0,0,0,0,0,6,6,3,,,,,,,0,2,0.25279966,,,,,,,0,0,,,,,16,1,2019_Mar_07_1241,FaceNameBlocked,3.0.0,60.01603247,0
FacesBlock1.xlsx,Danielle.mp4,Danielle.JPG,Danielle,3,0,0,0,0,,,,,0,14,14,3,,,,,,,,,0,"['t', 'backspace']","[2.518145823967643, 3.3003392489627004]",[2.5181,2.5181,1,1.768647814,,,16,1,2019_Mar_07_1241,FaceNameBlocked,3.0.0,60.01603247,0
FacesBlock2.xlsx,David.mp4,David.JPG,David,16,0,1,1,1,0,13,13,1,,,,,,,0,1,0.869183454,,,,,,,0,0,,,,,16,1,2019_Mar_07_1241,FaceNameBlocked,3.0.0,60.01603247,0
FacesBlock2.xlsx,David.mp4,David.JPG,David,16,0,1,1,1,,,,,0,11,11,1,,,,,,,,david,1,"['d', 'a', 'v', 'd', 'backspace', 'i', 'd']","[2.634942895034328, 2.9185324129648507, 3.102246345952153, 3.518435299047269, 3.95156339998357, 4.518412356032059, 4.585352496011183]",[2.6349,2.6349,4,0.318798218,,,16,1,2019_Mar_07_1241,FaceNameBlocked,3.0.0,60.01603247,1
FacesBlock4.xlsx,Dylan.mp4,Dylan.JPG,Dylan,50,0,3,3,3,0,14,14,5,,,,,,,0,1,0.569285156,,,,,,,0,0,,,,,16,1,2019_Mar_07_1241,FaceNameBlocked,3.0.0,60.01603247,0
FacesBlock4.xlsx,Dylan.mp4,Dylan.JPG,Dylan,50,0,3,3,3,,,,,0,11,11,5,,,,,,,,dillon,1,"['d', 'i', 'l', 'l', 'o', 'n']","[1.2520244540646672, 1.9516664471011609, 2.3013368590036407, 2.5181610650615767, 2.784452108084224, 3.5842649390688166]",[1.2520,1.252,4,0.518923109,,,16,1,2019_Mar_07_1241,FaceNameBlocked,3.0.0,60.01603247,1
FacesBlock4.xlsx,Emily.mp4,Emily.JPG,Emily,57,0,3,3,3,0,12,12,12,,,,,,,0,2,0.485898329,,,,,,,0,0,,,,,16,1,2019_Mar_07_1241,FaceNameBlocked,3.0.0,60.01603247,0
FacesBlock4.xlsx,Emily.mp4,Emily.JPG,Emily,57,0,3,3,3,,,,,0,12,12,12,,,,,,,,anna,0,"['a', 'n', 'n', 'a']","[2.368024802999571, 2.8846344009507447, 3.118012366932817, 3.8837177829118446]",[2.3680,2.368,2,0.885806542,,,16,1,2019_Mar_07_1241,FaceNameBlocked,3.0.0,60.01603247,0
FacesBlock1.xlsx,Eric.mp4,Eric.JPG,Eric,0,0,0,0,0,0,9,9,0,,,,,,,1,1,0.286698506,,,,,,,0,0,,,,,16,1,2019_Mar_07_1241,FaceNameBlocked,3.0.0,60.01603247,0
FacesBlock1.xlsx,Eric.mp4,Eric.JPG,Eric,0,0,0,0,0,,,,,0,5,5,0,,,,,,,,,0,None,,0,0,1,1.283366971,,,16,1,2019_Mar_07_1241,FaceNameBlocked,3.0.0,60.01603247,0
FacesBlock1.xlsx,Ethan.mp4,Ethan.JPG,Ethan,11,0,0,0,0,0,4,4,11,,,,,,,1,1,0.268975445,,,,,,,0,0,,,,,16,1,2019_Mar_07_1241,FaceNameBlocked,3.0.0,60.01603247,0
FacesBlock1.xlsx,Ethan.mp4,Ethan.JPG,Ethan,11,0,0,0,0,,,,,0,13,13,11,,,,,,,,max,0,"['k', 'e', 'v', 'i', 'n', 'backspace', 'backspace', 'backspace', 'backspace', 'backspace', 'm', 'a', 'x', 'lshift', 'question']","[4.0349491849774495, 4.117473951075226, 4.401152729056776, 4.467176889069378, 4.551089109038003, 5.033205577055924, 5.2668452160432935, 5.450300313998014, 5.650043821078725, 5.883626520051621, 7.217047387035564, 7.83308626699727, 8.233770973980427, 8.648599224048667, 8.81581671407912]",[4.0349,4.0349,1,0.816430399,,,16,1,2019_Mar_07_1241,FaceNameBlocked,3.0.0,60.01603247,0
FacesBlock4.xlsx,Grace.mp4,Grace.JPG,Grace,58,0,3,3,3,0,2,2,13,,,,,,,0,2,0.053115478,,,,,,,0,0,,,,,16,1,2019_Mar_07_1241,FaceNameBlocked,3.0.0,60.01603247,0
FacesBlock4.xlsx,Grace.mp4,Grace.JPG,Grace,58,0,3,3,3,,,,,0,9,9,13,,,,,,,,,0,"['1', 'backspace']","[0.6511132820742205, 2.1338123930618167]",[0.6511,0.6511,1,0.252267903,,,16,1,2019_Mar_07_1241,FaceNameBlocked,3.0.0,60.01603247,0
FacesBlock2.xlsx,Haley.mp4,Haley.JPG,Haley,20,0,1,1,1,0,1,1,5,,,,,,,0,1,1.769885492,,,,,,,0,0,,,,,16,1,2019_Mar_07_1241,FaceNameBlocked,3.0.0,60.01603247,0
FacesBlock2.xlsx,Haley.mp4,Haley.JPG,Haley,20,0,1,1,1,,,,,0,14,14,5,,,,,,,,jasmine,0,"['j', 'a', 's', 'm', 'i', 'n', 'e']","[6.816241540014744, 6.950562668032944, 7.150202983058989, 7.231518913991749, 7.332739204983227, 7.450129298958927, 7.483318332000636]",[6.8162,6.8162,2,1.151954607,,,16,1,2019_Mar_07_1241,FaceNameBlocked,3.0.0,60.01603247,0
FacesBlock1.xlsx,Hannah.mp4,Hannah.JPG,Hannah,1,0,0,0,0,0,11,11,1,,,,,,,1,2,0.335460707,,,,,,,0,0,,,,,16,1,2019_Mar_07_1241,FaceNameBlocked,3.0.0,60.01603247,0
FacesBlock1.xlsx,Hannah.mp4,Hannah.JPG,Hannah,1,0,0,0,0,,,,,0,4,4,1,,,,,,,,,0,None,,0,0,1,0.919374348,,,16,1,2019_Mar_07_1241,FaceNameBlocked,3.0.0,60.01603247,0
FacesBlock2.xlsx,Heather.mp4,Heather.JPG,Heather,26,0,1,1,1,0,2,2,11,,,,,,,0,2,2.185856371,,,,,,,0,0,,,,,16,1,2019_Mar_07_1241,FaceNameBlocked,3.0.0,60.01603247,0
FacesBlock2.xlsx,Heather.mp4,Heather.JPG,Heather,26,0,1,1,1,,,,,0,12,12,11,,,,,,,,,0,None,,0,0,1,4.317062842,,,16,1,2019_Mar_07_1241,FaceNameBlocked,3.0.0,60.01603247,0
FacesBlock3.xlsx,Jacob.mp4,Jacob.JPG,Jacob,39,0,2,2,2,0,10,10,9,,,,,,,1,1,0.235970484,,,,,,,0,0,,,,,16,1,2019_Mar_07_1241,FaceNameBlocked,3.0.0,60.01603247,0
FacesBlock3.xlsx,Jacob.mp4,Jacob.JPG,Jacob,39,0,2,2,2,,,,,0,4,4,9,,,,,,,,daniel,0,"['d', 'a', 'n', 'i', 'e', 'l']","[3.201743118930608, 3.5349627379328012, 4.301075510913506, 4.8678567269816995, 5.182591779972427, 5.5340632209554315]",[3.2017,3.2017,4,0.419027422,,,16,1,2019_Mar_07_1241,FaceNameBlocked,3.0.0,60.01603247,0
FacesBlock4.xlsx,Jason.mp4,Jason.JPG,Jason,49,0,3,3,3,0,6,6,4,,,,,,,1,1,0.469249872,,,,,,,0,0,,,,,16,1,2019_Mar_07_1241,FaceNameBlocked,3.0.0,60.01603247,0
FacesBlock4.xlsx,Jason.mp4,Jason.JPG,Jason,49,0,3,3,3,,,,,0,8,8,4,,,,,,,,,0,None,,0,0,1,0.833484409,,,16,1,2019_Mar_07_1241,FaceNameBlocked,3.0.0,60.01603247,0
FacesBlock1.xlsx,Jenna.mp4,Jenna.JPG,Jenna,6,0,0,0,0,0,12,12,6,,,,,,,0,2,0.05286594,,,,,,,0,0,,,,,16,1,2019_Mar_07_1241,FaceNameBlocked,3.0.0,60.01603247,0
FacesBlock1.xlsx,Jenna.mp4,Jenna.JPG,Jenna,6,0,0,0,0,,,,,0,6,6,6,,,,,,,,jasmine,0,"['j', 'a', 's', 'm', 'i', 'n', 'e']","[5.633708392968401, 5.899524917011149, 6.198324774042703, 6.48343163903337, 6.683662776951678, 6.816471074009314, 6.866554828011431]",[5.6337,5.6337,1,1.152228572,,,16,1,2019_Mar_07_1241,FaceNameBlocked,3.0.0,60.01603247,0
FacesBlock2.xlsx,Jeremy.mp4,Jeremy.JPG,Jeremy,15,0,1,1,1,0,14,14,0,,,,,,,0,1,1.018833562,,,,,,,0,0,,,,,16,1,2019_Mar_07_1241,FaceNameBlocked,3.0.0,60.01603247,0
FacesBlock2.xlsx,Jeremy.mp4,Jeremy.JPG,Jeremy,15,0,1,1,1,,,,,0,13,13,0,,,,,,,,jeremy,1,"['j', 'e', 'r', 'e', 'm', 'y']","[7.300032892031595, 7.416179580031894, 7.633017278974876, 7.816326683037914, 7.949270657962188, 8.365947752026841]",[7.3000,7.3,4,0.902300449,,,16,1,2019_Mar_07_1241,FaceNameBlocked,3.0.0,60.01603247,1
FacesBlock1.xlsx,Jessica.mp4,Jessica.JPG,Jessica,8,0,0,0,0,0,5,5,8,,,,,,,0,2,0.269916495,,,,,,,0,0,,,,,16,1,2019_Mar_07_1241,FaceNameBlocked,3.0.0,60.01603247,0
FacesBlock1.xlsx,Jessica.mp4,Jessica.JPG,Jessica,8,0,0,0,0,,,,,0,1,1,8,,,,,,,,megan ,0,"['m', 'e', 'g', 'a', 'n', 'return', 'space']","[3.1517402899917215, 4.317055173916742, 4.934011865989305, 5.466944728977978, 6.0004627369344234, 7.599322004942223, 8.632668529986404]",[3.1517,3.1517,2,0.868816627,,,16,1,2019_Mar_07_1241,FaceNameBlocked,3.0.0,60.01603247,0
FacesBlock2.xlsx,Josh.mp4,Josh.JPG,Josh,19,0,1,1,1,0,8,8,4,,,,,,,1,1,0.699840537,,,,,,,0,0,,,,,16,1,2019_Mar_07_1241,FaceNameBlocked,3.0.0,60.01603247,0
FacesBlock2.xlsx,Josh.mp4,Josh.JPG,Josh,19,0,1,1,1,,,,,0,0,0,4,,,,,,space,6.766210806,josh,1,"['j', 'o', 's', 'h', 'return']","[3.550690270960331, 3.6848316059913486, 3.9011595180490986, 4.067815711954609, 4.48314740404021]",[3.5506,3.5506,2,0.285786885,,,16,1,2019_Mar_07_1241,FaceNameBlocked,3.0.0,60.01603247,1
FacesBlock1.xlsx,Julia.mp4,Julia.JPG,Julia,13,0,0,0,0,0,14,14,13,,,,,,,1,2,0.23593217,,,,,,,0,0,,,,,16,1,2019_Mar_07_1241,FaceNameBlocked,3.0.0,60.01603247,0
FacesBlock1.xlsx,Julia.mp4,Julia.JPG,Julia,13,0,0,0,0,,,,,0,9,9,13,,,,,,,,jasmine,0,"['j', 'a', 's', 'm', 'i', 'n', 'e']","[1.7685040649957955, 2.5849941759370267, 2.8330976269207895, 2.951653601950966, 3.1683070679428056, 3.2675559089984745, 3.3344518080120906]",[1.7685,1.7685,3,0.450289967,,,16,1,2019_Mar_07_1241,FaceNameBlocked,3.0.0,60.01603247,0
FacesBlock2.xlsx,Justin.mp4,Justin.JPG,Justin,27,0,1,1,1,0,6,6,12,,,,,,,1,1,0.386380078,,,,,,,0,0,,,,,16,1,2019_Mar_07_1241,FaceNameBlocked,3.0.0,60.01603247,0
FacesBlock2.xlsx,Justin.mp4,Justin.JPG,Justin,27,0,1,1,1,,,,,0,1,1,12,,,,,,,,justin,1,"['j', 'u', 's', 't', 'i', 'n']","[1.7522535449825227, 2.0355957379797474, 2.535521022044122, 2.8852510469732806, 2.9847170630237088, 3.049563689972274]",[1.7522,1.7522,4,0.252380134,,,16,1,2019_Mar_07_1241,FaceNameBlocked,3.0.0,60.01603247,1
FacesBlock4.xlsx,Katie.mp4,Katie.JPG,Katie,54,0,3,3,3,0,8,8,9,,,,,,,1,2,0.70263651,,,,,,,0,0,,,,,16,1,2019_Mar_07_1241,FaceNameBlocked,3.0.0,60.01603247,0
FacesBlock4.xlsx,Katie.mp4,Katie.JPG,Katie,54,0,3,3,3,,,,,0,5,5,9,,,,,,,,jasmine,0,"['j', 'a', 's', 'm', 'i', 'n', 'e']","[6.36652655294165, 6.883016342995688, 7.115812462987378, 7.916044372948818, 8.165939759928733, 8.449285739916377, 8.815915133920498]",[6.3665,6.3665,1,1.185469384,,,16,1,2019_Mar_07_1241,FaceNameBlocked,3.0.0,60.01603247,0
FacesBlock3.xlsx,Kayla.mp4,Kayla.JPG,Kayla,34,0,2,2,2,0,12,12,4,,,,,,,0,2,0.019879509,,,,,,,0,0,,,,,16,1,2019_Mar_07_1241,FaceNameBlocked,3.0.0,60.01603247,0
FacesBlock3.xlsx,Kayla.mp4,Kayla.JPG,Kayla,34,0,2,2,2,,,,,0,2,2,4,,,,,,,,,0,None,,0,0,1,2.218540592,,,16,1,2019_Mar_07_1241,FaceNameBlocked,3.0.0,60.01603247,0
FacesBlock1.xlsx,Kelsey.mp4,Kelsey.JPG,Kelsey,12,0,0,0,0,0,1,1,12,,,,,,,1,2,0.786959177,,,,,,,0,0,,,,,16,1,2019_Mar_07_1241,FaceNameBlocked,3.0.0,60.01603247,0
FacesBlock1.xlsx,Kelsey.mp4,Kelsey.JPG,Kelsey,12,0,0,0,0,,,,,0,8,8,12,,,,,,,,,0,None,,0,0,1,1.368603974,,,16,1,2019_Mar_07_1241,FaceNameBlocked,3.0.0,60.01603247,0
FacesBlock3.xlsx,Kevin.mp4,Kevin.JPG,Kevin,41,0,2,2,2,0,5,5,11,,,,,,,0,1,1.086142371,,,,,,,0,0,,,,,16,1,2019_Mar_07_1241,FaceNameBlocked,3.0.0,60.01603247,0
FacesBlock3.xlsx,Kevin.mp4,Kevin.JPG,Kevin,41,0,2,2,2,,,,,0,1,1,11,,,,,,,,daniel,0,"['d', 'a', 'n', 'i', 'e', 'l']","[2.9512803240213543, 3.3174671540036798, 4.233956398093142, 4.450744346017018, 5.133931045071222, 5.449842011090368]",[2.9512,2.9512,3,0.469686244,,,16,1,2019_Mar_07_1241,FaceNameBlocked,3.0.0,60.01603247,0
FacesBlock1.xlsx,Kyle.mp4,Kyle.JPG,Kyle,4,0,0,0,0,0,7,7,4,,,,,,,1,1,0.220069608,,,,,,,0,0,,,,,16,1,2019_Mar_07_1241,FaceNameBlocked,3.0.0,60.01603247,0
FacesBlock1.xlsx,Kyle.mp4,Kyle.JPG,Kyle,4,0,0,0,0,,,,,0,12,12,4,,,,,,,,brad,0,"['b', 'r', 'a', 'd']","[3.6511740799760446, 3.7172945559723303, 4.050435204990208, 4.30002866499126]",[3.6511,3.6511,1,1.049376347,,,16,1,2019_Mar_07_1241,FaceNameBlocked,3.0.0,60.01603247,0
FacesBlock3.xlsx,Lauren.mp4,Lauren.JPG,Lauren,38,0,2,2,2,0,0,0,8,,,,,,,1,2,1.78592581,,,,,,,0,0,,,,,16,1,2019_Mar_07_1241,FaceNameBlocked,3.0.0,60.01603247,0
FacesBlock3.xlsx,Lauren.mp4,Lauren.JPG,Lauren,38,0,2,2,2,,,,,0,7,7,8,,,,,,,,,0,None,,0,0,1,0.451832186,,,16,1,2019_Mar_07_1241,FaceNameBlocked,3.0.0,60.01603247,0
FacesBlock3.xlsx,Mark.mp4,Mark.JPG,Mark,40,0,2,2,2,0,7,7,10,,,,,,,0,1,0.969121288,,,,,,,0,0,,,,,16,1,2019_Mar_07_1241,FaceNameBlocked,3.0.0,60.01603247,0
FacesBlock3.xlsx,Mark.mp4,Mark.JPG,Mark,40,0,2,2,2,,,,,0,12,12,10,,,,,,,,marc,1,"['m', 'a', 'r', 'k', 'backspace', 'c']","[2.5851521900622174, 3.7510397350415587, 4.334474024013616, 5.084150015027262, 6.249636349035427, 7.217342891031876]",[2.5851,2.5851,4,0.334798601,,,16,1,2019_Mar_07_1241,FaceNameBlocked,3.0.0,60.01603247,1
FacesBlock1.xlsx,Matthew.mp4,Matthew.JPG,Matthew,9,0,0,0,0,0,3,3,9,,,,,,,0,1,0.252042049,,,,,,,0,0,,,,,16,1,2019_Mar_07_1241,FaceNameBlocked,3.0.0,60.01603247,0
FacesBlock1.xlsx,Matthew.mp4,Matthew.JPG,Matthew,9,0,0,0,0,,,,,0,11,11,9,,,,,,,,jacob,0,"['j', 'a', 'c', 'o', 'b']","[2.517844814923592, 2.9016778758959845, 3.451664300984703, 3.501779428916052, 3.7677308549173176]",[2.5178,2.5178,1,1.251780056,,,16,1,2019_Mar_07_1241,FaceNameBlocked,3.0.0,60.01603247,0
FacesBlock2.xlsx,Megan.mp4,Megan.JPG,Megan,25,0,1,1,1,0,10,10,10,,,,,,,0,2,0.286481292,,,,,,,0,0,,,,,16,1,2019_Mar_07_1241,FaceNameBlocked,3.0.0,60.01603247,0
FacesBlock2.xlsx,Megan.mp4,Megan.JPG,Megan,25,0,1,1,1,,,,,0,10,10,10,,,,,,,,,0,None,,0,0,1,3.501371137,,,16,1,2019_Mar_07_1241,FaceNameBlocked,3.0.0,60.01603247,0
FacesBlock4.xlsx,Michael.mp4,Michael.JPG,Michael,46,0,3,3,3,0,13,13,1,,,,,,,1,1,0.103472205,,,,,,,0,0,,,,,16,1,2019_Mar_07_1241,FaceNameBlocked,3.0.0,60.01603247,0
FacesBlock4.xlsx,Michael.mp4,Michael.JPG,Michael,46,0,3,3,3,,,,,0,14,14,1,,,,,,,,,0,None,,0,0,1,1.151606385,,,16,1,2019_Mar_07_1241,FaceNameBlocked,3.0.0,60.01603247,0
FacesBlock4.xlsx,Michelle.mp4,Michelle.JPG,Michelle,52,0,3,3,3,0,7,7,7,,,,,,,1,2,0.403106557,,,,,,,0,0,,,,,16,1,2019_Mar_07_1241,FaceNameBlocked,3.0.0,60.01603247,0
FacesBlock4.xlsx,Michelle.mp4,Michelle.JPG,Michelle,52,0,3,3,3,,,,,0,0,0,7,,,,,,space,13.81424576,michelle,1,"['m', 'i', 'c', 'h', 'e', 'l', 'l', 'e', 'return']","[2.5516897519119084, 2.6828605219488963, 2.8515425209188834, 2.967665209900588, 3.8826323449611664, 4.017935360898264, 4.167791309999302, 4.2180498379748315, 4.666928691905923]",[2.5516,2.5516,1,0.218197872,,,16,1,2019_Mar_07_1241,FaceNameBlocked,3.0.0,60.01603247,1
FacesBlock1.xlsx,Natalie.mp4,Natalie.JPG,Natalie,7,0,0,0,0,0,10,10,7,,,,,,,0,2,0.236200365,,,,,,,0,0,,,,,16,1,2019_Mar_07_1241,FaceNameBlocked,3.0.0,60.01603247,0
FacesBlock1.xlsx,Natalie.mp4,Natalie.JPG,Natalie,7,0,0,0,0,,,,,0,10,10,7,,,,,,,,,0,None,,0,0,1,3.584979689,,,16,1,2019_Mar_07_1241,FaceNameBlocked,3.0.0,60.01603247,0
FacesBlock3.xlsx,Nathan.mp4,Nathan.JPG,Nathan,37,0,2,2,2,0,14,14,7,,,,,,,1,1,0.602735997,,,,,,,0,0,,,,,16,1,2019_Mar_07_1241,FaceNameBlocked,3.0.0,60.01603247,0
FacesBlock3.xlsx,Nathan.mp4,Nathan.JPG,Nathan,37,0,2,2,2,,,,,0,3,3,7,,,,,,,,max,0,"['m', 'a', 'x']","[6.900608390918933, 7.217116523999721, 7.533760314923711]",[6.9006,6.9006,2,1.585272372,,,16,1,2019_Mar_07_1241,FaceNameBlocked,3.0.0,60.01603247,0
FacesBlock3.xlsx,Nicole.mp4,Nicole.JPG,Nicole,43,0,2,2,2,0,3,3,13,,,,,,,1,2,0.285989957,,,,,,,0,0,,,,,16,1,2019_Mar_07_1241,FaceNameBlocked,3.0.0,60.01603247,0
FacesBlock3.xlsx,Nicole.mp4,Nicole.JPG,Nicole,43,0,2,2,2,,,,,0,13,13,13,,,,,,,,,0,None,,0,0,1,1.384975177,,,16,1,2019_Mar_07_1241,FaceNameBlocked,3.0.0,60.01603247,0
FacesBlock3.xlsx,Noah.mp4,Noah.JPG,Noah,31,0,2,2,2,0,2,2,1,,,,,,,0,1,0.253063804,,,,,,,0,0,,,,,16,1,2019_Mar_07_1241,FaceNameBlocked,3.0.0,60.01603247,0
FacesBlock3.xlsx,Noah.mp4,Noah.JPG,Noah,31,0,2,2,2,,,,,0,5,5,1,,,,,,,,jacob,0,"['j', 'a', 'c', 'o', 'b']","[3.7685445559909567, 4.201349621987902, 4.70162280194927, 5.30087244103197, 5.833857698948123]",[3.7685,3.7685,1,4.031974735,,,16,1,2019_Mar_07_1241,FaceNameBlocked,3.0.0,60.01603247,0
FacesBlock3.xlsx,Olivia.mp4,Olivia.JPG,Olivia,35,0,2,2,2,0,1,1,5,,,,,,,1,2,0.519398921,,,,,,,0,0,,,,,16,1,2019_Mar_07_1241,FaceNameBlocked,3.0.0,60.01603247,0
FacesBlock3.xlsx,Olivia.mp4,Olivia.JPG,Olivia,35,0,2,2,2,,,,,0,11,11,5,,,,,,,,,0,None,,0,0,1,0.834797125,,,16,1,2019_Mar_07_1241,FaceNameBlocked,3.0.0,60.01603247,0
FacesBlock2.xlsx,Rachel.mp4,Rachel.JPG,Rachel,29,0,1,1,1,0,3,3,14,,,,,,,1,2,0.26985231,,,,,,,0,0,,,,,16,1,2019_Mar_07_1241,FaceNameBlocked,3.0.0,60.01603247,0
FacesBlock2.xlsx,Rachel.mp4,Rachel.JPG,Rachel,29,0,1,1,1,,,,,0,2,2,14,,,,,,,,meghan,0,"['m', 'e', 'g', 'h', 'n', 'backspace', 'a', 'n', 'return']","[1.9842146079754457, 2.1182646539527923, 2.634369450970553, 2.8158041989663616, 3.08473248698283, 3.5171904580201954, 3.6008153540315107, 3.867491928045638, 6.615497241029516]",[1.9842,1.9842,2,0.401669706,,,16,1,2019_Mar_07_1241,FaceNameBlocked,3.0.0,60.01603247,0
FacesBlock3.xlsx,Rebecca.mp4,Rebecca.JPG,Rebecca,32,0,2,2,2,0,4,4,2,,,,,,,0,2,0.686178667,,,,,,,0,0,,,,,16,1,2019_Mar_07_1241,FaceNameBlocked,3.0.0,60.01603247,0
FacesBlock3.xlsx,Rebecca.mp4,Rebecca.JPG,Rebecca,32,0,2,2,2,,,,,0,14,14,2,,,,,,,,,0,None,,0,0,1,2.517778581,,,16,1,2019_Mar_07_1241,FaceNameBlocked,3.0.0,60.01603247,0
FacesBlock3.xlsx,Sarah.mp4,Sarah.JPG,Sarah,33,0,2,2,2,0,9,9,3,,,,,,,1,2,0.718506991,,,,,,,0,0,,,,,16,1,2019_Mar_07_1241,FaceNameBlocked,3.0.0,60.01603247,0
FacesBlock3.xlsx,Sarah.mp4,Sarah.JPG,Sarah,33,0,2,2,2,,,,,0,10,10,3,,,,,,,,shelby,0,"['s', 'h', 'e', 'l', 'b', 'y']","[3.8846620389958844, 4.767458869959228, 5.150589845958166, 5.833900260971859, 6.250564182992093, 6.616451937938109]",[3.8846,3.8846,1,0.2686548,,,16,1,2019_Mar_07_1241,FaceNameBlocked,3.0.0,60.01603247,0
FacesBlock3.xlsx,Shelby.mp4,Shelby.JPG,Shelby,36,0,2,2,2,0,6,6,6,,,,,,,1,2,0.469916724,,,,,,,0,0,,,,,16,1,2019_Mar_07_1241,FaceNameBlocked,3.0.0,60.01603247,0
FacesBlock3.xlsx,Shelby.mp4,Shelby.JPG,Shelby,36,0,2,2,2,,,,,0,8,8,6,,,,,,,,,0,None,,0,0,1,1.185359489,,,16,1,2019_Mar_07_1241,FaceNameBlocked,3.0.0,60.01603247,0
FacesBlock2.xlsx,Steven.mp4,Steven.JPG,Steven,17,0,1,1,1,0,4,4,2,,,,,,,1,1,0.452891312,,,,,,,0,0,,,,,16,1,2019_Mar_07_1241,FaceNameBlocked,3.0.0,60.01603247,0
FacesBlock2.xlsx,Steven.mp4,Steven.JPG,Steven,17,0,1,1,1,,,,,0,4,4,2,,,,,,,,steven,1,"['s', 't', 'e', 'v', 'e', 'n']","[8.483437436050735, 8.782619153964333, 9.064521008054726, 9.399699655012228, 9.465710557997227, 9.682790943072177]",[8.4834,8.4834,2,1.46773975,,,16,1,2019_Mar_07_1241,FaceNameBlocked,3.0.0,60.01603247,1
FacesBlock4.xlsx,Taylor.mp4,Taylor.JPG,Taylor,45,0,3,3,3,0,4,4,0,,,,,,,0,2,0.269303638,,,,,,,0,0,,,,,16,1,2019_Mar_07_1241,FaceNameBlocked,3.0.0,60.01603247,0
FacesBlock4.xlsx,Taylor.mp4,Taylor.JPG,Taylor,45,0,3,3,3,,,,,0,10,10,0,,,,,,,,,0,None,,0,0,1,24.2940081,,,16,1,2019_Mar_07_1241,FaceNameBlocked,3.0.0,60.01603247,0
FacesBlock3.xlsx,Thomas.mp4,Thomas.JPG,Thomas,44,0,2,2,2,0,11,11,14,,,,,,,0,1,0.700215591,,,,,,,0,0,,,,,16,1,2019_Mar_07_1241,FaceNameBlocked,3.0.0,60.01603247,0
FacesBlock3.xlsx,Thomas.mp4,Thomas.JPG,Thomas,44,0,2,2,2,,,,,0,9,9,14,,,,,,,,,0,None,,0,0,1,0.418283067,,,16,1,2019_Mar_07_1241,FaceNameBlocked,3.0.0,60.01603247,0
FacesBlock1.xlsx,Timothy.mp4,Timothy.JPG,Timothy,10,0,0,0,0,0,13,13,10,,,,,,,0,1,0.152538907,,,,,,,0,0,,,,,16,1,2019_Mar_07_1241,FaceNameBlocked,3.0.0,60.01603247,0
FacesBlock1.xlsx,Timothy.mp4,Timothy.JPG,Timothy,10,0,0,0,0,,,,,0,2,2,10,,,,,,,,timothy,1,"['t', 'i', 'm', 'p', 'backspace', 'o', 't', 'h', 'y', 'return']","[1.8837962230900303, 1.9524187250062823, 2.102403716999106, 2.3852726890472695, 3.05172723706346, 3.4022898470284417, 3.885130661074072, 4.018625045078807, 4.251599904033355, 6.515740722999908]",[1.8837,1.8837,4,1.368780534,,,16,1,2019_Mar_07_1241,FaceNameBlocked,3.0.0,60.01603247,1
FacesBlock2.xlsx,Trevor.mp4,Trevor.JPG,Trevor,21,0,1,1,1,0,5,5,6,,,,,,,1,1,0.736438238,,,,,,,0,0,,,,,16,1,2019_Mar_07_1241,FaceNameBlocked,3.0.0,60.01603247,0
FacesBlock2.xlsx,Trevor.mp4,Trevor.JPG,Trevor,21,0,1,1,1,,,,,0,9,9,6,,,,,,,,steven,0,"['s', 't', 'e', 'v', 'e', 'n']","[4.03457703103777, 4.518480831058696, 4.901428090990521, 5.567043871036731, 5.867150709033012, 6.2168007580330595]",[4.0345,4.0345,2,0.252308348,,,16,1,2019_Mar_07_1241,FaceNameBlocked,3.0.0,60.01603247,0
FacesBlock2.xlsx,Tyler.mp4,Tyler.JPG,Tyler,22,0,1,1,1,0,11,11,7,,,,,,,0,1,0.969341496,,,,,,,0,0,,,,,16,1,2019_Mar_07_1241,FaceNameBlocked,3.0.0,60.01603247,0
FacesBlock2.xlsx,Tyler.mp4,Tyler.JPG,Tyler,22,0,1,1,1,,,,,0,8,8,7,,,,,,,,,0,None,,0,0,1,0.735555196,,,16,1,2019_Mar_07_1241,FaceNameBlocked,3.0.0,60.01603247,0
,,,,,,,,,,,,,,,,,space,128.0276567,,,,,,,,,,,,,,,,16,1,2019_Mar_07_1241,FaceNameBlocked,3.0.0,60.01603247,
,,,,,,,,,,,,,,,,,,,,,,,,,,,,,,,,space,2.568082429,16,1,2019_Mar_07_1241,FaceNameBlocked,3.0.0,60.01603247,