condsFile,Video,Photo,Name,Row,blocks.thisRepN,blocks.thisTrialN,blocks.thisN,blocks.thisIndex,presentations.thisRepN,presentations.thisTrialN,presentations.thisN,presentations.thisIndex,testing.thisRepN,testing.thisTrialN,testing.thisN,testing.thisIndex,advance_1.keys,advance_1.rt,currentCond,judgementResp.keys,judgementResp.rt,advance_2.keys,advance_2.rt,inputText,Accuracy,key_resp_3.keys,key_resp_3.rt,trim1,key_resp3_fin,rating_resp.keys,rating_resp.rt,end_key.keys,end_key.rt,participant,session,date,expName,psychopyVersion,frameRate,Correct/Incorrect Responses 
FacesBlock2.xlsx,Aaron.mp4,Aaron.JPG,Aaron,18,0,1,1,1,0,12,12,3,,,,,,,1,1,0.215174205,,,,,,,0,0,,,,,17,1,2019_Mar_08_1110,FaceNameBlocked,3.0.0,85.03943993,0
FacesBlock2.xlsx,Aaron.mp4,Aaron.JPG,Aaron,18,0,1,1,1,,,,,0,3,3,3,,,,,,,,Aaron,1,"['lshift', 'a', 'a', 'r', 'o', 'n']","[2.5407467219999944, 2.8958291530000224, 3.7185242839999546, 3.7898080549999804, 4.436386875000039, 4.966121991000023]",[2.5407,2.5407,1,0.343517644,,,17,1,2019_Mar_08_1110,FaceNameBlocked,3.0.0,85.03943993,1
FacesBlock1.xlsx,Adam.mp4,Adam.JPG,Adam,5,0,0,0,0,0,14,14,5,,,,,,,1,1,0.287124099,,,,,,,0,0,,,,,17,1,2019_Mar_08_1110,FaceNameBlocked,3.0.0,85.03943993,0
FacesBlock1.xlsx,Adam.mp4,Adam.JPG,Adam,5,0,0,0,0,,,,,0,0,0,5,,,,,,space,24.66714477,Adam,1,"['lshift', 'a', 'd', 'a', 'm', 'return']","[1.941543513000056, 2.0605555980000645, 2.365809560999992, 2.5062635379999847, 3.0953337089999877, 4.317588737000051]",[1.9415,1.9415,2,3.767419003,,,17,1,2019_Mar_08_1110,FaceNameBlocked,3.0.0,85.03943993,1
FacesBlock4.xlsx,Alyssa.mp4,Alyssa.JPG,Alyssa,55,0,3,3,3,0,13,13,10,,,,,,,0,2,0.215137383,,,,,,,0,0,,,,,17,1,2019_Mar_08_1110,FaceNameBlocked,3.0.0,85.03943993,0
FacesBlock4.xlsx,Alyssa.mp4,Alyssa.JPG,Alyssa,55,0,3,3,3,,,,,0,12,12,10,,,,,,,,Alyssa,1,"['lshift', 'a', 'l', 'y', 's', 's', 'a']","[0.5781218300001001, 0.9208642300000065, 1.5549325750000662, 1.8847787610000069, 2.260864970000057, 2.3791316599999845, 2.5671460779999506]",[0.5781,0.5781,4,0.425152133,,,17,1,2019_Mar_08_1110,FaceNameBlocked,3.0.0,85.03943993,1
FacesBlock1.xlsx,Amanda.mp4,Amanda.JPG,Amanda,2,0,0,0,0,0,9,9,2,,,,,,,0,2,0.191742654,,,,,,,0,0,,,,,17,1,2019_Mar_08_1110,FaceNameBlocked,3.0.0,85.03943993,0
FacesBlock1.xlsx,Amanda.mp4,Amanda.JPG,Amanda,2,0,0,0,0,,,,,0,6,6,2,,,,,,,,Natalie,0,"['lshift', 'n', 'a', 't', 'a', 'l', 'i', 'e']","[4.376155899999958, 4.518319195999993, 4.872485472999983, 4.966546041000015, 5.612272930000017, 5.719124167000018, 5.977977237000005, 6.543050527999981]",[4.3761,4.3761,1,1.250237198,,,17,1,2019_Mar_08_1110,FaceNameBlocked,3.0.0,85.03943993,0
FacesBlock4.xlsx,Andrew.mp4,Andrew.JPG,Andrew,51,0,3,3,3,0,7,7,6,,,,,,,1,1,0.238699327,,,,,,,0,0,,,,,17,1,2019_Mar_08_1110,FaceNameBlocked,3.0.0,85.03943993,0
FacesBlock4.xlsx,Andrew.mp4,Andrew.JPG,Andrew,51,0,3,3,3,,,,,0,0,0,6,,,,,,space,1.460983956,Andrew,1,"['lshift', 'a', 'n', 'd', 'r', 'e', 'w']","[1.9654854629998226, 2.072890803999826, 2.5907753379999576, 2.86110991999999, 2.9894266439998773, 3.131608873999994, 3.3308327429999736]",[1.9654,1.9654,1,0.283880153,,,17,1,2019_Mar_08_1110,FaceNameBlocked,3.0.0,85.03943993,1
FacesBlock4.xlsx,Anna.mp4,Anna.JPG,Anna,47,0,3,3,3,0,4,4,2,,,,,,,0,2,0.237973231,,,,,,,0,0,,,,,17,1,2019_Mar_08_1110,FaceNameBlocked,3.0.0,85.03943993,0
FacesBlock4.xlsx,Anna.mp4,Anna.JPG,Anna,47,0,3,3,3,,,,,0,11,11,2,,,,,,,,,0,None,,0,0,1,1.025610523,,,17,1,2019_Mar_08_1110,FaceNameBlocked,3.0.0,85.03943993,0
FacesBlock2.xlsx,Ashley.mp4,Ashley.JPG,Ashley,24,0,1,1,1,0,9,9,9,,,,,,,1,2,0.225865304,,,,,,,0,0,,,,,17,1,2019_Mar_08_1110,FaceNameBlocked,3.0.0,85.03943993,0
FacesBlock2.xlsx,Ashley.mp4,Ashley.JPG,Ashley,24,0,1,1,1,,,,,0,12,12,9,,,,,,,,,0,['lshift'],[4.964361318999863],[4.9643,4.9643,1,1.119672544,,,17,1,2019_Mar_08_1110,FaceNameBlocked,3.0.0,85.03943993,0
FacesBlock1.xlsx,Bradley.mp4,Bradley.JPG,Bradley,14,0,0,0,0,0,13,13,14,,,,,,,0,1,0.202796049,,,,,,,0,0,,,,,17,1,2019_Mar_08_1110,FaceNameBlocked,3.0.0,85.03943993,0
FacesBlock1.xlsx,Bradley.mp4,Bradley.JPG,Bradley,14,0,0,0,0,,,,,0,1,1,14,,,,,,,,Bradley,1,"['lshift', 'b', 'r', 'a', 'd', 'l', 'e', 'y']","[1.4357041059998892, 1.638382614999955, 1.9218244759999834, 2.1173299499999985, 2.412368987999912, 2.7177461269999412, 2.918787522999992, 3.1083086329999787]",[1.4357,1.4357,4,3.025781498,,,17,1,2019_Mar_08_1110,FaceNameBlocked,3.0.0,85.03943993,1
FacesBlock4.xlsx,Brandon.mp4,Brandon.JPG,Brandon,56,0,3,3,3,0,5,5,11,,,,,,,1,1,0.249541997,,,,,,,0,0,,,,,17,1,2019_Mar_08_1110,FaceNameBlocked,3.0.0,85.03943993,0
FacesBlock4.xlsx,Brandon.mp4,Brandon.JPG,Brandon,56,0,3,3,3,,,,,0,3,3,11,,,,,,,,,0,None,,0,0,1,0.284359785,,,17,1,2019_Mar_08_1110,FaceNameBlocked,3.0.0,85.03943993,0
FacesBlock4.xlsx,Brian.mp4,Brian.JPG,Brian,53,0,3,3,3,0,6,6,8,,,,,,,0,1,0.180059001,,,,,,,0,0,,,,,17,1,2019_Mar_08_1110,FaceNameBlocked,3.0.0,85.03943993,0
FacesBlock4.xlsx,Brian.mp4,Brian.JPG,Brian,53,0,3,3,3,,,,,0,6,6,8,,,,,,,,Brandon,0,"['lshift', 'b', 'r', 'a', 'n', 'd', 'o', 'n']","[2.1890359819999503, 2.3075155019998874, 2.5903441389998534, 2.718944968999949, 2.9316203429998495, 3.119018365999864, 3.261295470999812, 3.51734241500003]",[2.1890,2.189,1,0.389656516,,,17,1,2019_Mar_08_1110,FaceNameBlocked,3.0.0,85.03943993,0
FacesBlock4.xlsx,Brianna.mp4,Brianna.JPG,Brianna,48,0,3,3,3,0,10,10,3,,,,,,,1,1,0.332519899,,,,,,,0,0,,,,,17,1,2019_Mar_08_1110,FaceNameBlocked,3.0.0,85.03943993,0
FacesBlock4.xlsx,Brianna.mp4,Brianna.JPG,Brianna,48,0,3,3,3,,,,,0,14,14,3,,,,,,,,Brianna,1,"['lshift', 'b', 'r', 'i', 'a', 'n', 'n', 'a']","[0.8713780310001766, 0.9788318040000377, 1.3531941300000199, 1.4493411840001045, 1.7295073980001234, 1.8491579590001948, 1.9664584820000073, 2.1288472120002098]",[0.8713,0.8713,4,0.155394934,,,17,1,2019_Mar_08_1110,FaceNameBlocked,3.0.0,85.03943993,1
FacesBlock2.xlsx,Brittany.mp4,Brittany.JPG,Brittany,28,0,1,1,1,0,14,14,13,,,,,,,0,2,0.461884901,,,,,,,0,0,,,,,17,1,2019_Mar_08_1110,FaceNameBlocked,3.0.0,85.03943993,0
FacesBlock2.xlsx,Brittany.mp4,Brittany.JPG,Brittany,28,0,1,1,1,,,,,0,5,5,13,,,,,,,,,0,None,,0,0,1,0.719902225,,,17,1,2019_Mar_08_1110,FaceNameBlocked,3.0.0,85.03943993,0
FacesBlock4.xlsx,Caleb.mp4,Caleb.JPG,Caleb,59,0,3,3,3,0,0,0,14,,,,,,,0,1,1.203315069,,,,,,,0,0,,,,,17,1,2019_Mar_08_1110,FaceNameBlocked,3.0.0,85.03943993,0
FacesBlock4.xlsx,Caleb.mp4,Caleb.JPG,Caleb,59,0,3,3,3,,,,,0,13,13,14,,,,,,,,Caleb,1,"['lshift', 'c', 'a', 'l', 'e', 'b']","[2.094491597999877, 2.2019880459999968, 2.6352164029999585, 2.7310711119998814, 3.3310115249998944, 3.436117089999925]",[2.0944,2.0944,4,0.249464066,,,17,1,2019_Mar_08_1110,FaceNameBlocked,3.0.0,85.03943993,1
FacesBlock2.xlsx,Cody.mp4,Cody.JPG,Cody,23,0,1,1,1,0,2,2,8,,,,,,,0,1,0.353449625,,,,,,,0,0,,,,,17,1,2019_Mar_08_1110,FaceNameBlocked,3.0.0,85.03943993,0
FacesBlock2.xlsx,Cody.mp4,Cody.JPG,Cody,23,0,1,1,1,,,,,0,7,7,8,,,,,,,,Cooper,0,"['lshift', 'c', 'o', 'o', 'p', 'e', 'r']","[6.164552782999863, 6.31877305099988, 6.765166437000062, 6.8709569149998515, 7.1892162780000035, 7.3419902220000495, 7.612731806000056]",[6.1645,6.1645,1,0.378630921,,,17,1,2019_Mar_08_1110,FaceNameBlocked,3.0.0,85.03943993,0
FacesBlock3.xlsx,Courtney.mp4,Courtney.JPG,Courtney,42,0,2,2,2,0,12,12,12,,,,,,,0,1,0.438288619,,,,,,,0,0,,,,,17,1,2019_Mar_08_1110,FaceNameBlocked,3.0.0,85.03943993,0
FacesBlock3.xlsx,Courtney.mp4,Courtney.JPG,Courtney,42,0,2,2,2,,,,,0,11,11,12,,,,,,,,Courtney,1,"['lshift', 'c', 'o', 'u', 'r', 't', 'n', 'e', 'y']","[1.0923727730000792, 1.1884534079999867, 1.7648774250001225, 2.023349466000127, 2.2941404690000127, 2.50600155799998, 2.5994372840000324, 2.8449313630001143, 2.928779625000061]",[1.0923,1.0923,2,0.413808661,,,17,1,2019_Mar_08_1110,FaceNameBlocked,3.0.0,85.03943993,1
FacesBlock3.xlsx,Daniel.mp4,Daniel.JPG,Daniel,30,0,2,2,2,0,7,7,0,,,,,,,1,1,0.543556202,,,,,,,0,0,,,,,17,1,2019_Mar_08_1110,FaceNameBlocked,3.0.0,85.03943993,0
FacesBlock3.xlsx,Daniel.mp4,Daniel.JPG,Daniel,30,0,2,2,2,,,,,0,2,2,0,,,,,,,,,0,None,,0,0,1,0.54322534,,,17,1,2019_Mar_08_1110,FaceNameBlocked,3.0.0,85.03943993,0
FacesBlock1.xlsx,Danielle.mp4,Danielle.JPG,Danielle,3,0,0,0,0,0,4,4,3,,,,,,,0,2,0.202244112,,,,,,,0,0,,,,,17,1,2019_Mar_08_1110,FaceNameBlocked,3.0.0,85.03943993,0
FacesBlock1.xlsx,Danielle.mp4,Danielle.JPG,Danielle,3,0,0,0,0,,,,,0,3,3,3,,,,,,,,,0,None,,0,0,1,2.026818001,,,17,1,2019_Mar_08_1110,FaceNameBlocked,3.0.0,85.03943993,0
FacesBlock2.xlsx,David.mp4,David.JPG,David,16,0,1,1,1,0,13,13,1,,,,,,,0,1,0.258396941,,,,,,,0,0,,,,,17,1,2019_Mar_08_1110,FaceNameBlocked,3.0.0,85.03943993,0
FacesBlock2.xlsx,David.mp4,David.JPG,David,16,0,1,1,1,,,,,0,2,2,1,,,,,,,,,0,None,,0,0,1,0.296445111,,,17,1,2019_Mar_08_1110,FaceNameBlocked,3.0.0,85.03943993,0
FacesBlock4.xlsx,Dylan.mp4,Dylan.JPG,Dylan,50,0,3,3,3,0,3,3,5,,,,,,,0,1,0.567474218,,,,,,,0,0,,,,,17,1,2019_Mar_08_1110,FaceNameBlocked,3.0.0,85.03943993,0
FacesBlock4.xlsx,Dylan.mp4,Dylan.JPG,Dylan,50,0,3,3,3,,,,,0,4,4,5,,,,,,,,Bryce,0,"['lshift', 'b', 'r', 'y', 'c', 'e']","[1.2351507789999232, 1.3072457180001038, 1.7661504410000362, 1.9778471090000949, 2.2837968930000443, 2.55369268000004]",[1.2351,1.2351,1,0.202344165,,,17,1,2019_Mar_08_1110,FaceNameBlocked,3.0.0,85.03943993,0
FacesBlock4.xlsx,Emily.mp4,Emily.JPG,Emily,57,0,3,3,3,0,12,12,12,,,,,,,0,2,0.049937511,,,,,,,0,0,,,,,17,1,2019_Mar_08_1110,FaceNameBlocked,3.0.0,85.03943993,0
FacesBlock4.xlsx,Emily.mp4,Emily.JPG,Emily,57,0,3,3,3,,,,,0,1,1,12,,,,,,,,,0,None,,0,0,1,0.202465227,,,17,1,2019_Mar_08_1110,FaceNameBlocked,3.0.0,85.03943993,0
FacesBlock1.xlsx,Eric.mp4,Eric.JPG,Eric,0,0,0,0,0,0,12,12,0,,,,,,,1,1,0.215022932,,,,,,,0,0,,,,,17,1,2019_Mar_08_1110,FaceNameBlocked,3.0.0,85.03943993,0
FacesBlock1.xlsx,Eric.mp4,Eric.JPG,Eric,0,0,0,0,0,,,,,0,7,7,0,,,,,,,,Eric,1,"['lshift', 'e', 'r', 'i', 'c']","[2.400377724000009, 2.626063717999955, 2.8502769670000134, 3.179975098, 3.7080743190000476]",[2.4003,2.4003,3,1.26212395,,,17,1,2019_Mar_08_1110,FaceNameBlocked,3.0.0,85.03943993,1
FacesBlock1.xlsx,Ethan.mp4,Ethan.JPG,Ethan,11,0,0,0,0,0,6,6,11,,,,,,,1,1,0.978830476,,,,,,,0,0,,,,,17,1,2019_Mar_08_1110,FaceNameBlocked,3.0.0,85.03943993,0
FacesBlock1.xlsx,Ethan.mp4,Ethan.JPG,Ethan,11,0,0,0,0,,,,,0,13,13,11,,,,,,,,,0,None,,0,0,1,1.296141848,,,17,1,2019_Mar_08_1110,FaceNameBlocked,3.0.0,85.03943993,0
FacesBlock4.xlsx,Grace.mp4,Grace.JPG,Grace,58,0,3,3,3,0,1,1,13,,,,,,,0,2,0.309228651,,,,,,,0,0,,,,,17,1,2019_Mar_08_1110,FaceNameBlocked,3.0.0,85.03943993,0
FacesBlock4.xlsx,Grace.mp4,Grace.JPG,Grace,58,0,3,3,3,,,,,0,8,8,13,,,,,,,,Grace,1,"['lshift', 'g', 'r', 'a', 'c', 'e']","[0.9762931769998886, 1.1076602829998592, 1.2955679739998232, 1.4136783279998326, 1.495386733000032, 1.6244134149999354]",[0.9762,0.9762,4,0.543508042,,,17,1,2019_Mar_08_1110,FaceNameBlocked,3.0.0,85.03943993,1
FacesBlock2.xlsx,Haley.mp4,Haley.JPG,Haley,20,0,1,1,1,0,4,4,5,,,,,,,1,2,0.179543904,,,,,,,0,0,,,,,17,1,2019_Mar_08_1110,FaceNameBlocked,3.0.0,85.03943993,0
FacesBlock2.xlsx,Haley.mp4,Haley.JPG,Haley,20,0,1,1,1,,,,,0,6,6,5,,,,,,,,Haley,1,"['lshift', 'h', 'a', 'l', 'e', 'y']","[1.1068824059998406, 1.39032363299998, 1.6612075139998979, 1.7432657669999116, 2.060239075000027, 2.1433372609999424]",[1.1068,1.1068,4,0.284967492,,,17,1,2019_Mar_08_1110,FaceNameBlocked,3.0.0,85.03943993,1
FacesBlock1.xlsx,Hannah.mp4,Hannah.JPG,Hannah,1,0,0,0,0,0,10,10,1,,,,,,,1,2,0.199717668,,,,,,,0,0,,,,,17,1,2019_Mar_08_1110,FaceNameBlocked,3.0.0,85.03943993,0
FacesBlock1.xlsx,Hannah.mp4,Hannah.JPG,Hannah,1,0,0,0,0,,,,,0,10,10,1,,,,,,,,Hannah,1,"['lshift', 'h', 'a', 'n', 'n', 'a', 'h']","[2.424640256000089, 2.5317769290001024, 2.8498316350001005, 3.038211267000065, 3.1437406869999904, 3.6376448060000257, 3.79112611000005]",[2.4246,2.4246,1,0.238994324,,,17,1,2019_Mar_08_1110,FaceNameBlocked,3.0.0,85.03943993,1
FacesBlock2.xlsx,Heather.mp4,Heather.JPG,Heather,26,0,1,1,1,0,11,11,11,,,,,,,1,2,0.423868871,,,,,,,0,0,,,,,17,1,2019_Mar_08_1110,FaceNameBlocked,3.0.0,85.03943993,0
FacesBlock2.xlsx,Heather.mp4,Heather.JPG,Heather,26,0,1,1,1,,,,,0,14,14,11,,,,,,,,Heather,1,"['lshift', 'h', 'e', 'a', 't', 'h', 'e', 'r']","[1.047693038000034, 1.200410803000068, 1.5075158050001392, 1.8959556160000375, 2.472244753000041, 2.6723537830000623, 2.7766890670000066, 2.9899782370000594]",[1.0476,1.0476,4,0.719236451,,,17,1,2019_Mar_08_1110,FaceNameBlocked,3.0.0,85.03943993,1
FacesBlock3.xlsx,Jacob.mp4,Jacob.JPG,Jacob,39,0,2,2,2,0,0,0,9,,,,,,,1,1,1.650439234,,,,,,,0,0,,,,,17,1,2019_Mar_08_1110,FaceNameBlocked,3.0.0,85.03943993,0
FacesBlock3.xlsx,Jacob.mp4,Jacob.JPG,Jacob,39,0,2,2,2,,,,,0,6,6,9,,,,,,,,Jacob,1,"['lshift', 'j', 'a', 'c', 'o', 'b']","[1.0360548850001123, 1.1648645249999845, 1.4373461259999658, 1.7433902650000164, 1.860600095000109, 2.1646419920000426]",[1.0360,1.036,4,0.270444447,,,17,1,2019_Mar_08_1110,FaceNameBlocked,3.0.0,85.03943993,1
FacesBlock4.xlsx,Jason.mp4,Jason.JPG,Jason,49,0,3,3,3,0,11,11,4,,,,,,,1,1,0.062120841,,,,,,,0,0,,,,,17,1,2019_Mar_08_1110,FaceNameBlocked,3.0.0,85.03943993,0
FacesBlock4.xlsx,Jason.mp4,Jason.JPG,Jason,49,0,3,3,3,,,,,0,7,7,4,,,,,,,,Mark,0,"['lshift', 'a', 'm', 'r', 'k', 'backspace', 'backspace', 'backspace', 'backspace', 'lshift', 'm', 'backspace', 'lshift', 'm', 'a', 'r', 'k']","[2.856748237000147, 3.2470130859999244, 3.3295082060001278, 3.7175797590000457, 3.8238485280000987, 4.599411828000029, 4.681478973000139, 4.881217888000037, 5.032932859000084, 5.444623838000098, 5.7522696070000165, 6.081137012999989, 6.4796800240001176, 6.610282163999955, 7.304007428999967, 7.6098671620000005, 7.70490504899999]",[2.8567,2.8567,1,0.26083559,,,17,1,2019_Mar_08_1110,FaceNameBlocked,3.0.0,85.03943993,0
FacesBlock1.xlsx,Jenna.mp4,Jenna.JPG,Jenna,6,0,0,0,0,0,7,7,6,,,,,,,0,2,0.332216293,,,,,,,0,0,,,,,17,1,2019_Mar_08_1110,FaceNameBlocked,3.0.0,85.03943993,0
FacesBlock1.xlsx,Jenna.mp4,Jenna.JPG,Jenna,6,0,0,0,0,,,,,0,5,5,6,,,,,,,,,0,None,,0,0,1,1.861584974,,,17,1,2019_Mar_08_1110,FaceNameBlocked,3.0.0,85.03943993,0
FacesBlock2.xlsx,Jeremy.mp4,Jeremy.JPG,Jeremy,15,0,1,1,1,0,8,8,0,,,,,,,1,1,0.225924834,,,,,,,0,0,,,,,17,1,2019_Mar_08_1110,FaceNameBlocked,3.0.0,85.03943993,0
FacesBlock2.xlsx,Jeremy.mp4,Jeremy.JPG,Jeremy,15,0,1,1,1,,,,,0,8,8,0,,,,,,,,Jeremy,1,"['lshift', 'j', 'e', 'r', 'e', 'm', 'y']","[1.8007124019998173, 2.284778861999939, 2.554478480999933, 2.8021804319998864, 3.0723295099999177, 3.41265195699998, 3.954755037999803]",[1.8007,1.8007,1,0.389720905,,,17,1,2019_Mar_08_1110,FaceNameBlocked,3.0.0,85.03943993,1
FacesBlock1.xlsx,Jessica.mp4,Jessica.JPG,Jessica,8,0,0,0,0,0,1,1,8,,,,,,,1,2,0.273497065,,,,,,,0,0,,,,,17,1,2019_Mar_08_1110,FaceNameBlocked,3.0.0,85.03943993,0
FacesBlock1.xlsx,Jessica.mp4,Jessica.JPG,Jessica,8,0,0,0,0,,,,,0,2,2,8,,,,,,,,Jessica,1,"['lshift', 'j', 'e', 's', 's', 'i', 'c', 'a']","[1.68329345799998, 1.8860315419999552, 2.2380958759999885, 2.461670452000021, 2.6380261259999997, 2.731941454999969, 3.015232358999924, 3.351965865000011]",[1.6832,1.6832,4,1.425809083,,,17,1,2019_Mar_08_1110,FaceNameBlocked,3.0.0,85.03943993,1
FacesBlock2.xlsx,Josh.mp4,Josh.JPG,Josh,19,0,1,1,1,0,3,3,4,,,,,,,0,1,0.203075615,,,,,,,0,0,,,,,17,1,2019_Mar_08_1110,FaceNameBlocked,3.0.0,85.03943993,0
FacesBlock2.xlsx,Josh.mp4,Josh.JPG,Josh,19,0,1,1,1,,,,,0,4,4,4,,,,,,,,David,0,"['lshift', 'd', 'a', 'v', 'i', 'd']","[5.492728578999959, 5.57742636699993, 5.835869882999987, 5.941803058999994, 6.235681870999997, 6.4231442529999185]",[5.4927,5.4927,1,0.414097648,,,17,1,2019_Mar_08_1110,FaceNameBlocked,3.0.0,85.03943993,0
FacesBlock1.xlsx,Julia.mp4,Julia.JPG,Julia,13,0,0,0,0,0,3,3,13,,,,,,,0,2,0.177278779,,,,,,,0,0,,,,,17,1,2019_Mar_08_1110,FaceNameBlocked,3.0.0,85.03943993,0
FacesBlock1.xlsx,Julia.mp4,Julia.JPG,Julia,13,0,0,0,0,,,,,0,4,4,13,,,,,,,,Julia,1,"['lshift', 'j', 'u', 'l', 'i', 'a']","[1.6481850420000228, 1.9929578190000257, 2.2245550710000543, 2.521549099000026, 2.6859615079999912, 2.7792872439999883]",[1.6481,1.6481,1,1.446342016,,,17,1,2019_Mar_08_1110,FaceNameBlocked,3.0.0,85.03943993,1
FacesBlock2.xlsx,Justin.mp4,Justin.JPG,Justin,27,0,1,1,1,0,10,10,12,,,,,,,1,1,0.17890198,,,,,,,0,0,,,,,17,1,2019_Mar_08_1110,FaceNameBlocked,3.0.0,85.03943993,0
FacesBlock2.xlsx,Justin.mp4,Justin.JPG,Justin,27,0,1,1,1,,,,,0,1,1,12,,,,,,,,,0,None,,0,0,1,0.343600264,,,17,1,2019_Mar_08_1110,FaceNameBlocked,3.0.0,85.03943993,0
FacesBlock4.xlsx,Katie.mp4,Katie.JPG,Katie,54,0,3,3,3,0,2,2,9,,,,,,,1,2,0.235724894,,,,,,,0,0,,,,,17,1,2019_Mar_08_1110,FaceNameBlocked,3.0.0,85.03943993,0
FacesBlock4.xlsx,Katie.mp4,Katie.JPG,Katie,54,0,3,3,3,,,,,0,10,10,9,,,,,,,,,0,None,,0,0,1,1.152978966,,,17,1,2019_Mar_08_1110,FaceNameBlocked,3.0.0,85.03943993,0
FacesBlock3.xlsx,Kayla.mp4,Kayla.JPG,Kayla,34,0,2,2,2,0,11,11,4,,,,,,,1,2,0.238695797,,,,,,,0,0,,,,,17,1,2019_Mar_08_1110,FaceNameBlocked,3.0.0,85.03943993,0
FacesBlock3.xlsx,Kayla.mp4,Kayla.JPG,Kayla,34,0,2,2,2,,,,,0,0,0,4,,,,,,space,1.790205498,Kayla,1,"['lshift', 'k', 'a', 'y', 'l', 'a']","[1.4125400929999614, 1.532022040999891, 1.8488526500000262, 1.9316629390000344, 2.260796199999959, 2.342235071999994]",[1.4125,1.4125,4,0.260867271,,,17,1,2019_Mar_08_1110,FaceNameBlocked,3.0.0,85.03943993,1
FacesBlock1.xlsx,Kelsey.mp4,Kelsey.JPG,Kelsey,12,0,0,0,0,0,8,8,12,,,,,,,1,2,0.473094701,,,,,,,0,0,,,,,17,1,2019_Mar_08_1110,FaceNameBlocked,3.0.0,85.03943993,0
FacesBlock1.xlsx,Kelsey.mp4,Kelsey.JPG,Kelsey,12,0,0,0,0,,,,,0,11,11,12,,,,,,,,Amanda,0,"['lshift', 'a', 'm', 'a', 'n', 'd', 'a']","[3.4358673459998954, 3.7671125989999155, 4.297941143999992, 4.508040876999985, 4.919284296000001, 5.0727640149999615, 5.5793857389999175]",[3.4358,3.4358,1,0.59127431,,,17,1,2019_Mar_08_1110,FaceNameBlocked,3.0.0,85.03943993,0
FacesBlock3.xlsx,Kevin.mp4,Kevin.JPG,Kevin,41,0,2,2,2,0,2,2,11,,,,,,,0,1,0.638446572,,,,,,,0,0,,,,,17,1,2019_Mar_08_1110,FaceNameBlocked,3.0.0,85.03943993,0
FacesBlock3.xlsx,Kevin.mp4,Kevin.JPG,Kevin,41,0,2,2,2,,,,,0,10,10,11,,,,,,,,Brian,0,"['lshift', 'b', 'r', 'i', 'a', 'n']","[2.8002125979999164, 2.966445709000027, 3.413331151999955, 3.566323926999985, 3.9546944480000548, 4.083796783000025]",[2.8002,2.8002,2,0.391215969,,,17,1,2019_Mar_08_1110,FaceNameBlocked,3.0.0,85.03943993,0
FacesBlock1.xlsx,Kyle.mp4,Kyle.JPG,Kyle,4,0,0,0,0,0,11,11,4,,,,,,,0,1,0.168044809,,,,,,,0,0,,,,,17,1,2019_Mar_08_1110,FaceNameBlocked,3.0.0,85.03943993,0
FacesBlock1.xlsx,Kyle.mp4,Kyle.JPG,Kyle,4,0,0,0,0,,,,,0,12,12,4,,,,,,,,Kyle,1,"['lshift', 'k', 'y', 'l', 'e']","[4.023433136999984, 4.130394378999995, 4.448546517000068, 4.754326004000063, 4.9428590779999695]",[4.0234,4.0234,4,0.721501571,,,17,1,2019_Mar_08_1110,FaceNameBlocked,3.0.0,85.03943993,1
FacesBlock3.xlsx,Lauren.mp4,Lauren.JPG,Lauren,38,0,2,2,2,0,6,6,8,,,,,,,0,2,0.531629733,,,,,,,0,0,,,,,17,1,2019_Mar_08_1110,FaceNameBlocked,3.0.0,85.03943993,0
FacesBlock3.xlsx,Lauren.mp4,Lauren.JPG,Lauren,38,0,2,2,2,,,,,0,8,8,8,,,,,,,,,0,None,,0,0,1,0.425755358,,,17,1,2019_Mar_08_1110,FaceNameBlocked,3.0.0,85.03943993,0
FacesBlock3.xlsx,Mark.mp4,Mark.JPG,Mark,40,0,2,2,2,0,14,14,10,,,,,,,1,1,0.262095915,,,,,,,0,0,,,,,17,1,2019_Mar_08_1110,FaceNameBlocked,3.0.0,85.03943993,0
FacesBlock3.xlsx,Mark.mp4,Mark.JPG,Mark,40,0,2,2,2,,,,,0,9,9,10,,,,,,,,,0,None,,0,0,1,1.025219366,,,17,1,2019_Mar_08_1110,FaceNameBlocked,3.0.0,85.03943993,0
FacesBlock1.xlsx,Matthew.mp4,Matthew.JPG,Matthew,9,0,0,0,0,0,2,2,9,,,,,,,1,1,0.322426687,,,,,,,0,0,,,,,17,1,2019_Mar_08_1110,FaceNameBlocked,3.0.0,85.03943993,0
FacesBlock1.xlsx,Matthew.mp4,Matthew.JPG,Matthew,9,0,0,0,0,,,,,0,8,8,9,,,,,,,,,0,None,,0,0,1,1.333262639,,,17,1,2019_Mar_08_1110,FaceNameBlocked,3.0.0,85.03943993,0
FacesBlock2.xlsx,Megan.mp4,Megan.JPG,Megan,25,0,1,1,1,0,0,0,10,,,,,,,0,2,1.48550321,,,,,,,0,0,,,,,17,1,2019_Mar_08_1110,FaceNameBlocked,3.0.0,85.03943993,0
FacesBlock2.xlsx,Megan.mp4,Megan.JPG,Megan,25,0,1,1,1,,,,,0,13,13,10,,,,,,,,,0,None,,0,0,1,0.966905569,,,17,1,2019_Mar_08_1110,FaceNameBlocked,3.0.0,85.03943993,0
FacesBlock4.xlsx,Michael.mp4,Michael.JPG,Michael,46,0,3,3,3,0,14,14,1,,,,,,,1,1,0.214145469,,,,,,,0,0,,,,,17,1,2019_Mar_08_1110,FaceNameBlocked,3.0.0,85.03943993,0
FacesBlock4.xlsx,Michael.mp4,Michael.JPG,Michael,46,0,3,3,3,,,,,0,9,9,1,,,,,,,,Brian,0,"['lshift', 'b', 'r', 'i', 'a', 'n']","[7.88137585100003, 7.952604869999959, 8.282381937000082, 8.365109949000043, 8.600250379000045, 8.70584678199998]",[7.8813,7.8813,1,0.235127958,,,17,1,2019_Mar_08_1110,FaceNameBlocked,3.0.0,85.03943993,0
FacesBlock4.xlsx,Michelle.mp4,Michelle.JPG,Michelle,52,0,3,3,3,0,9,9,7,,,,,,,0,2,0.814505119,,,,,,,0,0,,,,,17,1,2019_Mar_08_1110,FaceNameBlocked,3.0.0,85.03943993,0
FacesBlock4.xlsx,Michelle.mp4,Michelle.JPG,Michelle,52,0,3,3,3,,,,,0,5,5,7,,,,,,,,,0,None,,0,0,1,0.754552066,,,17,1,2019_Mar_08_1110,FaceNameBlocked,3.0.0,85.03943993,0
FacesBlock1.xlsx,Natalie.mp4,Natalie.JPG,Natalie,7,0,0,0,0,0,5,5,7,,,,,,,1,2,0.134188269,,,,,,,0,0,,,,,17,1,2019_Mar_08_1110,FaceNameBlocked,3.0.0,85.03943993,0
FacesBlock1.xlsx,Natalie.mp4,Natalie.JPG,Natalie,7,0,0,0,0,,,,,0,14,14,7,,,,,,,,,0,None,,0,0,1,0.272785027,,,17,1,2019_Mar_08_1110,FaceNameBlocked,3.0.0,85.03943993,0
FacesBlock3.xlsx,Nathan.mp4,Nathan.JPG,Nathan,37,0,2,2,2,0,10,10,7,,,,,,,1,1,0.215281424,,,,,,,0,0,,,,,17,1,2019_Mar_08_1110,FaceNameBlocked,3.0.0,85.03943993,0
FacesBlock3.xlsx,Nathan.mp4,Nathan.JPG,Nathan,37,0,2,2,2,,,,,0,5,5,7,,,,,,,,Nathan,1,"['lshift', 'n', 'a', 't', 'h', 'a', 'n']","[1.1185785740001393, 1.2616688560001421, 1.5535481470001287, 1.6258888360000583, 1.8497371460000522, 1.9668512980001651, 2.0498117800000273]",[1.1185,1.1185,4,1.284165906,,,17,1,2019_Mar_08_1110,FaceNameBlocked,3.0.0,85.03943993,1
FacesBlock3.xlsx,Nicole.mp4,Nicole.JPG,Nicole,43,0,2,2,2,0,13,13,13,,,,,,,1,2,0.202255795,,,,,,,0,0,,,,,17,1,2019_Mar_08_1110,FaceNameBlocked,3.0.0,85.03943993,0
FacesBlock3.xlsx,Nicole.mp4,Nicole.JPG,Nicole,43,0,2,2,2,,,,,0,7,7,13,,,,,,,,,0,None,,0,0,1,1.096999371,,,17,1,2019_Mar_08_1110,FaceNameBlocked,3.0.0,85.03943993,0
FacesBlock3.xlsx,Noah.mp4,Noah.JPG,Noah,31,0,2,2,2,0,1,1,1,,,,,,,1,1,0.249793341,,,,,,,0,0,,,,,17,1,2019_Mar_08_1110,FaceNameBlocked,3.0.0,85.03943993,0
FacesBlock3.xlsx,Noah.mp4,Noah.JPG,Noah,31,0,2,2,2,,,,,0,12,12,1,,,,,,,,Noah,1,"['lshift', 'n', 'o', 'a', 'h']","[1.0244411050000508, 1.2497606430001724, 1.5198101060000226, 1.7312344290000965, 1.8257425369999964]",[1.0244,1.0244,4,0.272965299,,,17,1,2019_Mar_08_1110,FaceNameBlocked,3.0.0,85.03943993,1
FacesBlock3.xlsx,Olivia.mp4,Olivia.JPG,Olivia,35,0,2,2,2,0,5,5,5,,,,,,,0,2,0.43566677,,,,,,,0,0,,,,,17,1,2019_Mar_08_1110,FaceNameBlocked,3.0.0,85.03943993,0
FacesBlock3.xlsx,Olivia.mp4,Olivia.JPG,Olivia,35,0,2,2,2,,,,,0,4,4,5,,,,,,,,Olivia,1,"['lshift', 'o', 'l', 'i', 'v', 'i', 'a']","[1.23536239200007, 1.3550271820001853, 1.5548677790000056, 1.7548457430000326, 1.965858955000158, 2.060977954000009, 2.4369780190002075]",[1.2353,1.2353,4,0.532105271,,,17,1,2019_Mar_08_1110,FaceNameBlocked,3.0.0,85.03943993,1
FacesBlock2.xlsx,Rachel.mp4,Rachel.JPG,Rachel,29,0,1,1,1,0,6,6,14,,,,,,,0,2,0.2501187,,,,,,,0,0,,,,,17,1,2019_Mar_08_1110,FaceNameBlocked,3.0.0,85.03943993,0
FacesBlock2.xlsx,Rachel.mp4,Rachel.JPG,Rachel,29,0,1,1,1,,,,,0,11,11,14,,,,,,,,Ne,0,"['lshift', 'lshift', 'n', 'e', 'g']","[4.493213590999858, 9.291790749000029, 9.56382384099993, 9.940125371000022, 9.999010961000067]",[4.4932,4.4932,1,1.707780322,,,17,1,2019_Mar_08_1110,FaceNameBlocked,3.0.0,85.03943993,0
FacesBlock3.xlsx,Rebecca.mp4,Rebecca.JPG,Rebecca,32,0,2,2,2,0,8,8,2,,,,,,,0,2,0.237649184,,,,,,,0,0,,,,,17,1,2019_Mar_08_1110,FaceNameBlocked,3.0.0,85.03943993,0
FacesBlock3.xlsx,Rebecca.mp4,Rebecca.JPG,Rebecca,32,0,2,2,2,,,,,0,1,1,2,,,,,,,,,0,None,,0,0,1,0.178333369,,,17,1,2019_Mar_08_1110,FaceNameBlocked,3.0.0,85.03943993,0
FacesBlock3.xlsx,Sarah.mp4,Sarah.JPG,Sarah,33,0,2,2,2,0,3,3,3,,,,,,,0,2,0.26172628,,,,,,,0,0,,,,,17,1,2019_Mar_08_1110,FaceNameBlocked,3.0.0,85.03943993,0
FacesBlock3.xlsx,Sarah.mp4,Sarah.JPG,Sarah,33,0,2,2,2,,,,,0,13,13,3,,,,,,,,,0,None,,0,0,1,1.248883749,,,17,1,2019_Mar_08_1110,FaceNameBlocked,3.0.0,85.03943993,0
FacesBlock3.xlsx,Shelby.mp4,Shelby.JPG,Shelby,36,0,2,2,2,0,4,4,6,,,,,,,0,2,0.214911507,,,,,,,0,0,,,,,17,1,2019_Mar_08_1110,FaceNameBlocked,3.0.0,85.03943993,0
FacesBlock3.xlsx,Shelby.mp4,Shelby.JPG,Shelby,36,0,2,2,2,,,,,0,3,3,6,,,,,,,,Shelby,1,"['lshift', 's', 'h', 'e', 'l', 'b', 'y']","[1.5764635980001458, 1.7315390290000323, 2.107384937000006, 2.342606382999975, 2.575630775000036, 3.0250007160000223, 3.1077855830001226]",[1.5764,1.5764,4,0.19045927,,,17,1,2019_Mar_08_1110,FaceNameBlocked,3.0.0,85.03943993,1
FacesBlock2.xlsx,Steven.mp4,Steven.JPG,Steven,17,0,1,1,1,0,1,1,2,,,,,,,0,1,0.331546679,,,,,,,0,0,,,,,17,1,2019_Mar_08_1110,FaceNameBlocked,3.0.0,85.03943993,0
FacesBlock2.xlsx,Steven.mp4,Steven.JPG,Steven,17,0,1,1,1,,,,,0,0,0,2,,,,,,space,5.483614514,,0,None,,0,0,1,1.048800868,,,17,1,2019_Mar_08_1110,FaceNameBlocked,3.0.0,85.03943993,0
FacesBlock4.xlsx,Taylor.mp4,Taylor.JPG,Taylor,45,0,3,3,3,0,8,8,0,,,,,,,1,2,0.426460633,,,,,,,0,0,,,,,17,1,2019_Mar_08_1110,FaceNameBlocked,3.0.0,85.03943993,0
FacesBlock4.xlsx,Taylor.mp4,Taylor.JPG,Taylor,45,0,3,3,3,,,,,0,2,2,0,,,,,,,,,0,None,,0,0,1,1.01361787,,,17,1,2019_Mar_08_1110,FaceNameBlocked,3.0.0,85.03943993,0
FacesBlock3.xlsx,Thomas.mp4,Thomas.JPG,Thomas,44,0,2,2,2,0,9,9,14,,,,,,,1,1,0.226376448,,,,,,,0,0,,,,,17,1,2019_Mar_08_1110,FaceNameBlocked,3.0.0,85.03943993,0
FacesBlock3.xlsx,Thomas.mp4,Thomas.JPG,Thomas,44,0,2,2,2,,,,,0,14,14,14,,,,,,,,,0,None,,0,0,1,1.260944116,,,17,1,2019_Mar_08_1110,FaceNameBlocked,3.0.0,85.03943993,0
FacesBlock1.xlsx,Timothy.mp4,Timothy.JPG,Timothy,10,0,0,0,0,0,0,0,10,,,,,,,0,1,0.85012451,,,,,,,0,0,,,,,17,1,2019_Mar_08_1110,FaceNameBlocked,3.0.0,85.03943993,0
FacesBlock1.xlsx,Timothy.mp4,Timothy.JPG,Timothy,10,0,0,0,0,,,,,0,9,9,10,,,,,,,,,0,None,,0,0,1,0.944972004,,,17,1,2019_Mar_08_1110,FaceNameBlocked,3.0.0,85.03943993,0
FacesBlock2.xlsx,Trevor.mp4,Trevor.JPG,Trevor,21,0,1,1,1,0,7,7,6,,,,,,,0,1,0.188947351,,,,,,,0,0,,,,,17,1,2019_Mar_08_1110,FaceNameBlocked,3.0.0,85.03943993,0
FacesBlock2.xlsx,Trevor.mp4,Trevor.JPG,Trevor,21,0,1,1,1,,,,,0,10,10,6,,,,,,,,Trevor,1,"['lshift', 't', 'r', 'e', 'v', 'o', 'r']","[1.4478322799998296, 1.5645775379998668, 1.8019751639999413, 1.9413915499999348, 2.0610228959999404, 2.366505856999993, 2.4841939409998304]",[1.4478,1.4478,4,0.296254508,,,17,1,2019_Mar_08_1110,FaceNameBlocked,3.0.0,85.03943993,1
FacesBlock2.xlsx,Tyler.mp4,Tyler.JPG,Tyler,22,0,1,1,1,0,5,5,7,,,,,,,1,1,0.179059633,,,,,,,0,0,,,,,17,1,2019_Mar_08_1110,FaceNameBlocked,3.0.0,85.03943993,0
FacesBlock2.xlsx,Tyler.mp4,Tyler.JPG,Tyler,22,0,1,1,1,,,,,0,9,9,7,,,,,,,,Tyler,1,"['lshift', 't', 'y', 'l', 'e', 'r']","[1.129737994999914, 1.236588860999973, 1.4490997349998906, 1.7309427119998873, 1.871987610999895, 2.1189114369999515]",[1.1297,1.1297,4,0.461280861,,,17,1,2019_Mar_08_1110,FaceNameBlocked,3.0.0,85.03943993,1
,,,,,,,,,,,,,,,,,space,19.23193327,,,,,,,,,,,,,,,,17,1,2019_Mar_08_1110,FaceNameBlocked,3.0.0,85.03943993,
,,,,,,,,,,,,,,,,,,,,,,,,,,,,,,,,space,1388.565335,17,1,2019_Mar_08_1110,FaceNameBlocked,3.0.0,85.03943993,