condsFile,Video,Photo,Name,Row,blocks.thisRepN,blocks.thisTrialN,blocks.thisN,blocks.thisIndex,presentations.thisRepN,presentations.thisTrialN,presentations.thisN,presentations.thisIndex,testing.thisRepN,testing.thisTrialN,testing.thisN,testing.thisIndex,advance_1.keys,advance_1.rt,currentCond,judgementResp.keys,judgementResp.rt,advance_2.keys,advance_2.rt,inputText,Accuracy,key_resp_3.keys,key_resp_3.rt,trim1,key_resp3_fin,rating_resp.keys,rating_resp.rt,end_key.keys,end_key.rt,participant,session,date,expName,psychopyVersion,frameRate,Correct/Incorrect Responses 
FacesBlock2.xlsx,Aaron.mp4,Aaron.JPG,Aaron,18,0,1,1,1,0,14,14,3,,,,,,,0,1,3.472239026,,,,,,,0,0,,,,,19,1,2019_Mar_08_1404,FaceNameBlocked,3.0.0,85.00967814,0
FacesBlock2.xlsx,Aaron.mp4,Aaron.JPG,Aaron,18,0,1,1,1,,,,,0,14,14,3,,,,,,,,matt,0,"['m', 'a', 't', 't']","[4.577679775000433, 4.6715938199995435, 4.871227112998895, 5.024465061998853]",[4.5776,4.5776,1,4.577276715,,,19,1,2019_Mar_08_1404,FaceNameBlocked,3.0.0,85.00967814,0
FacesBlock1.xlsx,Adam.mp4,Adam.JPG,Adam,5,0,0,0,0,0,11,11,5,,,,,,,0,1,0.331837013,,,,,,,0,0,,,,,19,1,2019_Mar_08_1404,FaceNameBlocked,3.0.0,85.00967814,0
FacesBlock1.xlsx,Adam.mp4,Adam.JPG,Adam,5,0,0,0,0,,,,,0,9,9,5,,,,,,,,,0,None,,0,0,1,1.590431106,,,19,1,2019_Mar_08_1404,FaceNameBlocked,3.0.0,85.00967814,0
FacesBlock4.xlsx,Alyssa.mp4,Alyssa.JPG,Alyssa,55,0,3,3,3,0,7,7,10,,,,,,,0,2,0.684916361,,,,,,,0,0,,,,,19,1,2019_Mar_08_1404,FaceNameBlocked,3.0.0,85.00967814,0
FacesBlock4.xlsx,Alyssa.mp4,Alyssa.JPG,Alyssa,55,0,3,3,3,,,,,0,8,8,10,,,,,,,,,0,None,,0,0,1,1.036499208,,,19,1,2019_Mar_08_1404,FaceNameBlocked,3.0.0,85.00967814,0
FacesBlock1.xlsx,Amanda.mp4,Amanda.JPG,Amanda,2,0,0,0,0,0,13,13,2,,,,,,,1,2,1.084744912,,,,,,,0,0,,,,,19,1,2019_Mar_08_1404,FaceNameBlocked,3.0.0,85.00967814,0
FacesBlock1.xlsx,Amanda.mp4,Amanda.JPG,Amanda,2,0,0,0,0,,,,,0,4,4,2,,,,,,,,,0,None,,0,0,1,3.448578577,,,19,1,2019_Mar_08_1404,FaceNameBlocked,3.0.0,85.00967814,0
FacesBlock4.xlsx,Andrew.mp4,Andrew.JPG,Andrew,51,0,3,3,3,0,10,10,6,,,,,,,0,1,0.743794138,,,,,,,0,0,,,,,19,1,2019_Mar_08_1404,FaceNameBlocked,3.0.0,85.00967814,0
FacesBlock4.xlsx,Andrew.mp4,Andrew.JPG,Andrew,51,0,3,3,3,,,,,0,9,9,6,,,,,,,,,0,None,,0,0,1,2.012656334,,,19,1,2019_Mar_08_1404,FaceNameBlocked,3.0.0,85.00967814,0
FacesBlock4.xlsx,Anna.mp4,Anna.JPG,Anna,47,0,3,3,3,0,1,1,2,,,,,,,0,2,1.391198514,,,,,,,0,0,,,,,19,1,2019_Mar_08_1404,FaceNameBlocked,3.0.0,85.00967814,0
FacesBlock4.xlsx,Anna.mp4,Anna.JPG,Anna,47,0,3,3,3,,,,,0,12,12,2,,,,,,,,,0,None,,0,0,1,1.141264101,,,19,1,2019_Mar_08_1404,FaceNameBlocked,3.0.0,85.00967814,0
FacesBlock2.xlsx,Ashley.mp4,Ashley.JPG,Ashley,24,0,1,1,1,0,11,11,9,,,,,,,0,2,0.355993446,,,,,,,0,0,,,,,19,1,2019_Mar_08_1404,FaceNameBlocked,3.0.0,85.00967814,0
FacesBlock2.xlsx,Ashley.mp4,Ashley.JPG,Ashley,24,0,1,1,1,,,,,0,1,1,9,,,,,,,,ashley,1,"['a', 's', 'h', 'l', 'e', 'y']","[3.0718090849986766, 3.5423468179997144, 3.6480744749987934, 3.998929034998582, 4.847470855998836, 4.976889720999679]",[3.0718,3.0718,2,3.636772262,,,19,1,2019_Mar_08_1404,FaceNameBlocked,3.0.0,85.00967814,1
FacesBlock1.xlsx,Bradley.mp4,Bradley.JPG,Bradley,14,0,0,0,0,0,14,14,14,,,,,,,1,1,0.826651574,,,,,,,0,0,,,,,19,1,2019_Mar_08_1404,FaceNameBlocked,3.0.0,85.00967814,0
FacesBlock1.xlsx,Bradley.mp4,Bradley.JPG,Bradley,14,0,0,0,0,,,,,0,12,12,14,,,,,,,,,0,None,,0,0,1,5.048005198,,,19,1,2019_Mar_08_1404,FaceNameBlocked,3.0.0,85.00967814,0
FacesBlock4.xlsx,Brandon.mp4,Brandon.JPG,Brandon,56,0,3,3,3,0,6,6,11,,,,,,,1,1,1.661773918,,,,,,,0,0,,,,,19,1,2019_Mar_08_1404,FaceNameBlocked,3.0.0,85.00967814,0
FacesBlock4.xlsx,Brandon.mp4,Brandon.JPG,Brandon,56,0,3,3,3,,,,,0,3,3,11,,,,,,,,david,0,"['d', 'a', 'v', 'i', 'd']","[7.011598363000303, 7.212193931000002, 7.388470134999807, 7.517793704000724, 7.599867742001152]",[7.0115,7.0115,1,0.931142367,,,19,1,2019_Mar_08_1404,FaceNameBlocked,3.0.0,85.00967814,0
FacesBlock4.xlsx,Brian.mp4,Brian.JPG,Brian,53,0,3,3,3,0,14,14,8,,,,,,,1,1,8.142135436,,,,,,,0,0,,,,,19,1,2019_Mar_08_1404,FaceNameBlocked,3.0.0,85.00967814,0
FacesBlock4.xlsx,Brian.mp4,Brian.JPG,Brian,53,0,3,3,3,,,,,0,4,4,8,,,,,,,,brian,1,"['b', 'r', 'i', 'n', 'backspace', 'a', 'n']","[2.589717736000239, 2.860107603999495, 3.1421285799988254, 3.3893384789989796, 3.8122643930000777, 4.095278609000161, 4.189214607000395]",[2.5897,2.5897,3,1.743255575,,,19,1,2019_Mar_08_1404,FaceNameBlocked,3.0.0,85.00967814,1
FacesBlock4.xlsx,Brianna.mp4,Brianna.JPG,Brianna,48,0,3,3,3,0,0,0,3,,,,,,,0,2,25.73706201,,,,,,,0,0,,,,,19,1,2019_Mar_08_1404,FaceNameBlocked,3.0.0,85.00967814,0
FacesBlock4.xlsx,Brianna.mp4,Brianna.JPG,Brianna,48,0,3,3,3,,,,,0,0,0,3,,,,,,space,30.02943514,brianna,1,"['n', 'backspace', 'b', 'r', 'i', 'a', 'n', 'n', 'a']","[5.225230635000116, 5.670452369000486, 5.9892171310002595, 6.070797985999889, 6.22416303799946, 6.669417520999559, 6.9303803099992365, 7.059418765000373, 7.30632394299937]",[5.2252,5.2252,3,2.025798582,,,19,1,2019_Mar_08_1404,FaceNameBlocked,3.0.0,85.00967814,1
FacesBlock2.xlsx,Brittany.mp4,Brittany.JPG,Brittany,28,0,1,1,1,0,0,0,13,,,,,,,1,2,6.742716586,,,,,,,0,0,,,,,19,1,2019_Mar_08_1404,FaceNameBlocked,3.0.0,85.00967814,0
FacesBlock2.xlsx,Brittany.mp4,Brittany.JPG,Brittany,28,0,1,1,1,,,,,0,11,11,13,,,,,,,,brittany,1,"['b', 'r', 'i', 't', 't', 'a', 'n', 'y']","[7.85799064999992, 7.952764845000274, 8.38695515299878, 8.951599506999628, 9.117042722000406, 9.37383100199986, 9.482016795000163, 9.682046937999985]",[7.8579,7.8579,3,1.518633571,,,19,1,2019_Mar_08_1404,FaceNameBlocked,3.0.0,85.00967814,1
FacesBlock4.xlsx,Caleb.mp4,Caleb.JPG,Caleb,59,0,3,3,3,0,3,3,14,,,,,,,0,1,0.532390913,,,,,,,0,0,,,,,19,1,2019_Mar_08_1404,FaceNameBlocked,3.0.0,85.00967814,0
FacesBlock4.xlsx,Caleb.mp4,Caleb.JPG,Caleb,59,0,3,3,3,,,,,0,11,11,14,,,,,,,,andrew,0,"['a', 'n', 'd', 'r', 'e', 'w']","[3.0955825170003664, 3.318439644001046, 3.448432786999547, 3.6249463570002263, 4.036556365001161, 4.224685405000855]",[3.0955,3.0955,1,0.743741972,,,19,1,2019_Mar_08_1404,FaceNameBlocked,3.0.0,85.00967814,0
FacesBlock2.xlsx,Cody.mp4,Cody.JPG,Cody,23,0,1,1,1,0,2,2,8,,,,,,,0,1,0.802881382,,,,,,,0,0,,,,,19,1,2019_Mar_08_1404,FaceNameBlocked,3.0.0,85.00967814,0
FacesBlock2.xlsx,Cody.mp4,Cody.JPG,Cody,23,0,1,1,1,,,,,0,9,9,8,,,,,,,,eric,0,"['e', 'r', 'i', 'c']","[3.0487225979995856, 3.2247917839995353, 3.331013435999921, 3.460174674000882]",[3.0487,3.0487,1,1.378557556,,,19,1,2019_Mar_08_1404,FaceNameBlocked,3.0.0,85.00967814,0
FacesBlock3.xlsx,Courtney.mp4,Courtney.JPG,Courtney,42,0,2,2,2,0,8,8,12,,,,,,,1,2,2.319624301,,,,,,,0,0,,,,,19,1,2019_Mar_08_1404,FaceNameBlocked,3.0.0,85.00967814,0
FacesBlock3.xlsx,Courtney.mp4,Courtney.JPG,Courtney,42,0,2,2,2,,,,,0,6,6,12,,,,,,,,courtney,1,"['c', 'o', 'u', 'r', 't', 'n', 'e', 'y']","[1.272227864999877, 1.401438810999025, 1.519451135000054, 1.6252902260002884, 1.9309522370003833, 2.1069280989995605, 2.2361824519994116, 2.613311306999094]",[1.2722,1.2722,4,0.684154185,,,19,1,2019_Mar_08_1404,FaceNameBlocked,3.0.0,85.00967814,1
FacesBlock3.xlsx,Daniel.mp4,Daniel.JPG,Daniel,30,0,2,2,2,0,6,6,0,,,,,,,0,1,0.284907522,,,,,,,0,0,,,,,19,1,2019_Mar_08_1404,FaceNameBlocked,3.0.0,85.00967814,0
FacesBlock3.xlsx,Daniel.mp4,Daniel.JPG,Daniel,30,0,2,2,2,,,,,0,1,1,0,,,,,,,,adam,0,"['a', 'd', 'a', 'm']","[6.0128402869995625, 6.212379537000743, 6.435614457999691, 6.600451313001031]",[6.0128,6.0128,1,0.860891487,,,19,1,2019_Mar_08_1404,FaceNameBlocked,3.0.0,85.00967814,0
FacesBlock1.xlsx,Danielle.mp4,Danielle.JPG,Danielle,3,0,0,0,0,0,2,2,3,,,,,,,0,2,11.70557481,,,,,,,0,0,,,,,19,1,2019_Mar_08_1404,FaceNameBlocked,3.0.0,85.00967814,0
FacesBlock1.xlsx,Danielle.mp4,Danielle.JPG,Danielle,3,0,0,0,0,,,,,0,11,11,3,,,,,,,,,0,None,,0,0,1,5.753000095,,,19,1,2019_Mar_08_1404,FaceNameBlocked,3.0.0,85.00967814,0
FacesBlock2.xlsx,David.mp4,David.JPG,David,16,0,1,1,1,0,5,5,1,,,,,,,0,1,0.755915797,,,,,,,0,0,,,,,19,1,2019_Mar_08_1404,FaceNameBlocked,3.0.0,85.00967814,0
FacesBlock2.xlsx,David.mp4,David.JPG,David,16,0,1,1,1,,,,,0,2,2,1,,,,,,,,jackson,0,"['j', 'a', 'c', 'k', 'o', 'n', 'backspace', 'backspace', 's', 'o', 'n']","[5.5894608840008, 5.694834884001466, 5.918502555001396, 6.07123144200159, 6.223774760001106, 6.34172360500088, 6.587878689000718, 6.728411010000855, 6.91818954700102, 6.964580073999969, 7.0215241400001105]",[5.5894,5.5894,2,1.272310787,,,19,1,2019_Mar_08_1404,FaceNameBlocked,3.0.0,85.00967814,0
FacesBlock4.xlsx,Dylan.mp4,Dylan.JPG,Dylan,50,0,3,3,3,0,12,12,5,,,,,,,1,1,3.767085179,,,,,,,0,0,,,,,19,1,2019_Mar_08_1404,FaceNameBlocked,3.0.0,85.00967814,0
FacesBlock4.xlsx,Dylan.mp4,Dylan.JPG,Dylan,50,0,3,3,3,,,,,0,1,1,5,,,,,,,,da,0,"['d', 's', 'backspace', 'a']","[8.797990092998589, 9.08216735699898, 9.563868864999677, 9.717518135999853]",[8.7979,8.7979,1,1.212930746,,,19,1,2019_Mar_08_1404,FaceNameBlocked,3.0.0,85.00967814,0
FacesBlock4.xlsx,Emily.mp4,Emily.JPG,Emily,57,0,3,3,3,0,8,8,12,,,,,,,0,2,1.590352071,,,,,,,0,0,,,,,19,1,2019_Mar_08_1404,FaceNameBlocked,3.0.0,85.00967814,0
FacesBlock4.xlsx,Emily.mp4,Emily.JPG,Emily,57,0,3,3,3,,,,,0,14,14,12,,,,,,,,emily,1,"['e', 'm', 'i', 'l', 'y']","[1.9438579449997633, 2.0963144109991845, 2.1906864499997027, 2.9672181749992887, 3.214146227999663]",[1.9438,1.9438,4,15.69160153,,,19,1,2019_Mar_08_1404,FaceNameBlocked,3.0.0,85.00967814,1
FacesBlock1.xlsx,Eric.mp4,Eric.JPG,Eric,0,0,0,0,0,0,10,10,0,,,,,,,1,1,0.473688498,,,,,,,0,0,,,,,19,1,2019_Mar_08_1404,FaceNameBlocked,3.0.0,85.00967814,0
FacesBlock1.xlsx,Eric.mp4,Eric.JPG,Eric,0,0,0,0,0,,,,,0,6,6,0,,,,,,,,matt,0,"['m', 'a', 't', 't', 'return']","[1.7303236160005326, 1.8950144280006498, 2.400042495000889, 2.518458182001268, 3.5411723739998706]",[1.7303,1.7303,2,1.99007917,,,19,1,2019_Mar_08_1404,FaceNameBlocked,3.0.0,85.00967814,0
FacesBlock1.xlsx,Ethan.mp4,Ethan.JPG,Ethan,11,0,0,0,0,0,4,4,11,,,,,,,1,1,0.226875601,,,,,,,0,0,,,,,19,1,2019_Mar_08_1404,FaceNameBlocked,3.0.0,85.00967814,0
FacesBlock1.xlsx,Ethan.mp4,Ethan.JPG,Ethan,11,0,0,0,0,,,,,0,10,10,11,,,,,,,,mma,0,"['e', 'backspace', 'm', 'm', 'a']","[5.5999618229998305, 7.351844933000393, 8.657895006001127, 8.72848535400044, 9.469501536999815]",[5.5999,5.5999,1,1.319666705,,,19,1,2019_Mar_08_1404,FaceNameBlocked,3.0.0,85.00967814,0
FacesBlock4.xlsx,Grace.mp4,Grace.JPG,Grace,58,0,3,3,3,0,11,11,13,,,,,,,0,2,3.166484613,,,,,,,0,0,,,,,19,1,2019_Mar_08_1404,FaceNameBlocked,3.0.0,85.00967814,0
FacesBlock4.xlsx,Grace.mp4,Grace.JPG,Grace,58,0,3,3,3,,,,,0,10,10,13,,,,,,,,grace,1,"['g', 'r', 'a', 'c', 'e']","[3.236918414999309, 3.330677451000156, 3.7077350549989205, 3.954805285000475, 4.048830972998985]",[3.2369,3.2369,3,1.378391422,,,19,1,2019_Mar_08_1404,FaceNameBlocked,3.0.0,85.00967814,1
FacesBlock2.xlsx,Haley.mp4,Haley.JPG,Haley,20,0,1,1,1,0,7,7,5,,,,,,,0,2,2.329486956,,,,,,,0,0,,,,,19,1,2019_Mar_08_1404,FaceNameBlocked,3.0.0,85.00967814,0
FacesBlock2.xlsx,Haley.mp4,Haley.JPG,Haley,20,0,1,1,1,,,,,0,10,10,5,,,,,,,,hailey,1,"['h', 'i', 'l', 'e', 'backspace', 'backspace', 'backspace', 'a', 'i', 'l', 'e', 'y']","[3.9426268260012876, 4.095488078000926, 4.260476996001671, 4.366286644000866, 4.58874992300116, 4.694891656001346, 4.80061577700144, 5.365376878000461, 5.577556013000503, 5.777459074000944, 5.87111580400051, 5.942463872001099]",[3.9426,3.9426,3,11.12668285,,,19,1,2019_Mar_08_1404,FaceNameBlocked,3.0.0,85.00967814,1
FacesBlock1.xlsx,Hannah.mp4,Hannah.JPG,Hannah,1,0,0,0,0,0,0,0,1,,,,,,,0,2,2.54345243,,,,,,,0,0,,,,,19,1,2019_Mar_08_1404,FaceNameBlocked,3.0.0,85.00967814,0
FacesBlock1.xlsx,Hannah.mp4,Hannah.JPG,Hannah,1,0,0,0,0,,,,,0,5,5,1,,,,,,,,,0,None,,0,0,1,0.919897913,,,19,1,2019_Mar_08_1404,FaceNameBlocked,3.0.0,85.00967814,0
FacesBlock2.xlsx,Heather.mp4,Heather.JPG,Heather,26,0,1,1,1,0,13,13,11,,,,,,,0,2,1.803014722,,,,,,,0,0,,,,,19,1,2019_Mar_08_1404,FaceNameBlocked,3.0.0,85.00967814,0
FacesBlock2.xlsx,Heather.mp4,Heather.JPG,Heather,26,0,1,1,1,,,,,0,5,5,11,,,,,,,,,0,None,,0,0,1,2.824966489,,,19,1,2019_Mar_08_1404,FaceNameBlocked,3.0.0,85.00967814,0
FacesBlock3.xlsx,Jacob.mp4,Jacob.JPG,Jacob,39,0,2,2,2,0,7,7,9,,,,,,,1,1,1.200211932,,,,,,,0,0,,,,,19,1,2019_Mar_08_1404,FaceNameBlocked,3.0.0,85.00967814,0
FacesBlock3.xlsx,Jacob.mp4,Jacob.JPG,Jacob,39,0,2,2,2,,,,,0,14,14,9,,,,,,,,,0,None,,0,0,1,1.295975686,,,19,1,2019_Mar_08_1404,FaceNameBlocked,3.0.0,85.00967814,0
FacesBlock4.xlsx,Jason.mp4,Jason.JPG,Jason,49,0,3,3,3,0,5,5,4,,,,,,,0,1,0.826354057,,,,,,,0,0,,,,,19,1,2019_Mar_08_1404,FaceNameBlocked,3.0.0,85.00967814,0
FacesBlock4.xlsx,Jason.mp4,Jason.JPG,Jason,49,0,3,3,3,,,,,0,13,13,4,,,,,,,,,0,None,,0,0,1,1.719181011,,,19,1,2019_Mar_08_1404,FaceNameBlocked,3.0.0,85.00967814,0
FacesBlock1.xlsx,Jenna.mp4,Jenna.JPG,Jenna,6,0,0,0,0,0,6,6,6,,,,,,,0,2,3.237280707,,,,,,,0,0,,,,,19,1,2019_Mar_08_1404,FaceNameBlocked,3.0.0,85.00967814,0
FacesBlock1.xlsx,Jenna.mp4,Jenna.JPG,Jenna,6,0,0,0,0,,,,,0,0,0,6,,,,,,space,25.11271435,jen,1,"['j', 'e', 'n']","[8.988778411001476, 9.340424768000958, 9.94075480200081]",[8.9887,8.9887,1,2.083260106,,,19,1,2019_Mar_08_1404,FaceNameBlocked,3.0.0,85.00967814,0
FacesBlock2.xlsx,Jeremy.mp4,Jeremy.JPG,Jeremy,15,0,1,1,1,0,9,9,0,,,,,,,1,1,2.084724866,,,,,,,0,0,,,,,19,1,2019_Mar_08_1404,FaceNameBlocked,3.0.0,85.00967814,0
FacesBlock2.xlsx,Jeremy.mp4,Jeremy.JPG,Jeremy,15,0,1,1,1,,,,,0,0,0,0,,,,,,space,6.236048104,cody,0,"['c', 'o', 'd', 'y', 'return']","[5.789197329000672, 5.918339656000171, 6.059594141999696, 6.175394300000335, 6.799828631999844]",[5.7891,5.7891,1,1.226368547,,,19,1,2019_Mar_08_1404,FaceNameBlocked,3.0.0,85.00967814,0
FacesBlock1.xlsx,Jessica.mp4,Jessica.JPG,Jessica,8,0,0,0,0,0,3,3,8,,,,,,,1,2,1.272882323,,,,,,,0,0,,,,,19,1,2019_Mar_08_1404,FaceNameBlocked,3.0.0,85.00967814,0
FacesBlock1.xlsx,Jessica.mp4,Jessica.JPG,Jessica,8,0,0,0,0,,,,,0,14,14,8,,,,,,,,,0,None,,0,0,1,1.377985503,,,19,1,2019_Mar_08_1404,FaceNameBlocked,3.0.0,85.00967814,0
FacesBlock2.xlsx,Josh.mp4,Josh.JPG,Josh,19,0,1,1,1,0,10,10,4,,,,,,,0,1,5.010508802,,,,,,,0,0,,,,,19,1,2019_Mar_08_1404,FaceNameBlocked,3.0.0,85.00967814,0
FacesBlock2.xlsx,Josh.mp4,Josh.JPG,Josh,19,0,1,1,1,,,,,0,6,6,4,,,,,,,,,0,None,,0,0,1,8.505784976,,,19,1,2019_Mar_08_1404,FaceNameBlocked,3.0.0,85.00967814,0
FacesBlock1.xlsx,Julia.mp4,Julia.JPG,Julia,13,0,0,0,0,0,12,12,13,,,,,,,0,2,2.661378324,,,,,,,0,0,,,,,19,1,2019_Mar_08_1404,FaceNameBlocked,3.0.0,85.00967814,0
FacesBlock1.xlsx,Julia.mp4,Julia.JPG,Julia,13,0,0,0,0,,,,,0,1,1,13,,,,,,,,erica,0,"['e', 'r', 'i', 'c', 'a']","[9.15257824499895, 9.317266915999426, 9.42250138000054, 9.517205611000463, 9.752219973999672]",[9.1525,9.1525,1,0.918899388,,,19,1,2019_Mar_08_1404,FaceNameBlocked,3.0.0,85.00967814,0
FacesBlock2.xlsx,Justin.mp4,Justin.JPG,Justin,27,0,1,1,1,0,1,1,12,,,,,,,1,1,13.55223666,,,,,,,0,0,,,,,19,1,2019_Mar_08_1404,FaceNameBlocked,3.0.0,85.00967814,0
FacesBlock2.xlsx,Justin.mp4,Justin.JPG,Justin,27,0,1,1,1,,,,,0,4,4,12,,,,,,,,,0,None,,0,0,1,1.118996022,,,19,1,2019_Mar_08_1404,FaceNameBlocked,3.0.0,85.00967814,0
FacesBlock4.xlsx,Katie.mp4,Katie.JPG,Katie,54,0,3,3,3,0,9,9,9,,,,,,,1,2,15.05711396,,,,,,,0,0,,,,,19,1,2019_Mar_08_1404,FaceNameBlocked,3.0.0,85.00967814,0
FacesBlock4.xlsx,Katie.mp4,Katie.JPG,Katie,54,0,3,3,3,,,,,0,6,6,9,,,,,,,,katie,1,"['k', 'a', 't', 'i', 'e']","[4.50684773499961, 5.01315617399996, 5.789024891999361, 5.941885337999338, 6.059738230998846]",[4.5068,4.5068,3,1.895302301,,,19,1,2019_Mar_08_1404,FaceNameBlocked,3.0.0,85.00967814,1
FacesBlock3.xlsx,Kayla.mp4,Kayla.JPG,Kayla,34,0,2,2,2,0,11,11,4,,,,,,,0,2,3.411196766,,,,,,,0,0,,,,,19,1,2019_Mar_08_1404,FaceNameBlocked,3.0.0,85.00967814,0
FacesBlock3.xlsx,Kayla.mp4,Kayla.JPG,Kayla,34,0,2,2,2,,,,,0,13,13,4,,,,,,,,,0,None,,0,0,1,2.495924039,,,19,1,2019_Mar_08_1404,FaceNameBlocked,3.0.0,85.00967814,0
FacesBlock1.xlsx,Kelsey.mp4,Kelsey.JPG,Kelsey,12,0,0,0,0,0,5,5,12,,,,,,,1,2,0.685073245,,,,,,,0,0,,,,,19,1,2019_Mar_08_1404,FaceNameBlocked,3.0.0,85.00967814,0
FacesBlock1.xlsx,Kelsey.mp4,Kelsey.JPG,Kelsey,12,0,0,0,0,,,,,0,3,3,12,,,,,,,,ana,0,"['a', 'n', 'a']","[5.211829313000635, 5.5997923810009524, 5.869044158000179]",[5.2118,5.2118,1,1.260911938,,,19,1,2019_Mar_08_1404,FaceNameBlocked,3.0.0,85.00967814,0
FacesBlock3.xlsx,Kevin.mp4,Kevin.JPG,Kevin,41,0,2,2,2,0,0,0,11,,,,,,,1,1,3.295709038,,,,,,,0,0,,,,,19,1,2019_Mar_08_1404,FaceNameBlocked,3.0.0,85.00967814,0
FacesBlock3.xlsx,Kevin.mp4,Kevin.JPG,Kevin,41,0,2,2,2,,,,,0,7,7,11,,,,,,,,,0,None,,0,0,1,1.213624627,,,19,1,2019_Mar_08_1404,FaceNameBlocked,3.0.0,85.00967814,0
FacesBlock1.xlsx,Kyle.mp4,Kyle.JPG,Kyle,4,0,0,0,0,0,7,7,4,,,,,,,0,1,0.29735945,,,,,,,0,0,,,,,19,1,2019_Mar_08_1404,FaceNameBlocked,3.0.0,85.00967814,0
FacesBlock1.xlsx,Kyle.mp4,Kyle.JPG,Kyle,4,0,0,0,0,,,,,0,8,8,4,,,,,,,,mik,0,"['m', 'i', 'k']","[8.916660820001198, 9.363537850000284, 9.622445009999865]",[8.9166,8.9166,1,0.990680282,,,19,1,2019_Mar_08_1404,FaceNameBlocked,3.0.0,85.00967814,0
FacesBlock3.xlsx,Lauren.mp4,Lauren.JPG,Lauren,38,0,2,2,2,0,4,4,8,,,,,,,0,2,1.556197614,,,,,,,0,0,,,,,19,1,2019_Mar_08_1404,FaceNameBlocked,3.0.0,85.00967814,0
FacesBlock3.xlsx,Lauren.mp4,Lauren.JPG,Lauren,38,0,2,2,2,,,,,0,8,8,8,,,,,,,,heather,0,"['h', 'e', 'a', 't', 'h', 'e', 'r']","[4.283032506999007, 4.4128314739991765, 4.907016876999478, 5.130512395000551, 5.2360716099992715, 5.3535116459988785, 5.506679190999421]",[4.2830,4.283,1,14.3863815,,,19,1,2019_Mar_08_1404,FaceNameBlocked,3.0.0,85.00967814,0
FacesBlock3.xlsx,Mark.mp4,Mark.JPG,Mark,40,0,2,2,2,0,1,1,10,,,,,,,0,1,1.519879885,,,,,,,0,0,,,,,19,1,2019_Mar_08_1404,FaceNameBlocked,3.0.0,85.00967814,0
FacesBlock3.xlsx,Mark.mp4,Mark.JPG,Mark,40,0,2,2,2,,,,,0,9,9,10,,,,,,,,,0,None,,0,0,1,1.143236649,,,19,1,2019_Mar_08_1404,FaceNameBlocked,3.0.0,85.00967814,0
FacesBlock1.xlsx,Matthew.mp4,Matthew.JPG,Matthew,9,0,0,0,0,0,9,9,9,,,,,,,1,1,1.659029948,,,,,,,0,0,,,,,19,1,2019_Mar_08_1404,FaceNameBlocked,3.0.0,85.00967814,0
FacesBlock1.xlsx,Matthew.mp4,Matthew.JPG,Matthew,9,0,0,0,0,,,,,0,7,7,9,,,,,,,,jake,0,"['j', 'a', 'k', 'e', 'return']","[5.165519166999729, 5.800431765001122, 6.353615722000541, 6.845382052000787, 7.375920563999898]",[5.1655,5.1655,2,1.272140718,,,19,1,2019_Mar_08_1404,FaceNameBlocked,3.0.0,85.00967814,0
FacesBlock2.xlsx,Megan.mp4,Megan.JPG,Megan,25,0,1,1,1,0,6,6,10,,,,,,,1,2,1.026542598,,,,,,,0,0,,,,,19,1,2019_Mar_08_1404,FaceNameBlocked,3.0.0,85.00967814,0
FacesBlock2.xlsx,Megan.mp4,Megan.JPG,Megan,25,0,1,1,1,,,,,0,12,12,10,,,,,,,,,0,None,,0,0,1,3.188105301,,,19,1,2019_Mar_08_1404,FaceNameBlocked,3.0.0,85.00967814,0
FacesBlock4.xlsx,Michael.mp4,Michael.JPG,Michael,46,0,3,3,3,0,4,4,1,,,,,,,1,1,1.120547602,,,,,,,0,0,,,,,19,1,2019_Mar_08_1404,FaceNameBlocked,3.0.0,85.00967814,0
FacesBlock4.xlsx,Michael.mp4,Michael.JPG,Michael,46,0,3,3,3,,,,,0,2,2,1,,,,,,,,michael,1,"['m', 'i', 'c', 'h', 'a', 'e', 'l']","[2.060943533999307, 2.131875253999169, 2.270888860000923, 2.390548871999272, 2.778725393000059, 3.013819843999954, 3.119954592000795]",[2.0609,2.0609,2,1.461023362,,,19,1,2019_Mar_08_1404,FaceNameBlocked,3.0.0,85.00967814,1
FacesBlock4.xlsx,Michelle.mp4,Michelle.JPG,Michelle,52,0,3,3,3,0,2,2,7,,,,,,,1,2,3.061120538,,,,,,,0,0,,,,,19,1,2019_Mar_08_1404,FaceNameBlocked,3.0.0,85.00967814,0
FacesBlock4.xlsx,Michelle.mp4,Michelle.JPG,Michelle,52,0,3,3,3,,,,,0,7,7,7,,,,,,,,lyssa,0,"['l', 'y', 's', 's', 'a']","[3.001336296001682, 3.2719423810012813, 3.352000887000031, 3.5424970890016994, 4.424326531001498]",[3.0013,3.0013,2,1.566018506,,,19,1,2019_Mar_08_1404,FaceNameBlocked,3.0.0,85.00967814,0
FacesBlock1.xlsx,Natalie.mp4,Natalie.JPG,Natalie,7,0,0,0,0,0,1,1,7,,,,,,,0,2,0.79120983,,,,,,,0,0,,,,,19,1,2019_Mar_08_1404,FaceNameBlocked,3.0.0,85.00967814,0
FacesBlock1.xlsx,Natalie.mp4,Natalie.JPG,Natalie,7,0,0,0,0,,,,,0,2,2,7,,,,,,,,,0,None,,0,0,1,0.837380143,,,19,1,2019_Mar_08_1404,FaceNameBlocked,3.0.0,85.00967814,0
FacesBlock3.xlsx,Nathan.mp4,Nathan.JPG,Nathan,37,0,2,2,2,0,5,5,7,,,,,,,0,1,0.43766873,,,,,,,0,0,,,,,19,1,2019_Mar_08_1404,FaceNameBlocked,3.0.0,85.00967814,0
FacesBlock3.xlsx,Nathan.mp4,Nathan.JPG,Nathan,37,0,2,2,2,,,,,0,3,3,7,,,,,,,,andrew,0,"['a', 'd', 'r', 'e', 'backspace', 'backspace', 'backspace', 'n', 'd', 'r', 'e', 'w']","[3.7067955390011775, 4.140075173001605, 4.353298686000926, 4.562864574001651, 5.129313313000239, 5.281839946001128, 5.670442520000506, 5.96273554200161, 6.093909543000336, 6.282329199000742, 6.458529825000369, 6.658728793001501]",[3.7067,3.7067,2,1.154470598,,,19,1,2019_Mar_08_1404,FaceNameBlocked,3.0.0,85.00967814,0
FacesBlock3.xlsx,Nicole.mp4,Nicole.JPG,Nicole,43,0,2,2,2,0,3,3,13,,,,,,,0,2,2.623474864,,,,,,,0,0,,,,,19,1,2019_Mar_08_1404,FaceNameBlocked,3.0.0,85.00967814,0
FacesBlock3.xlsx,Nicole.mp4,Nicole.JPG,Nicole,43,0,2,2,2,,,,,0,0,0,13,,,,,,space,40.80265602,rebecca,0,"['r', 'e', 'b', 'e', 'c', 'c', 'a']","[2.013356348999878, 2.202359824999803, 2.3533537490002345, 2.448877822000213, 2.6728455939992273, 2.813481019000392, 3.54245617900051]",[2.0133,2.0133,2,1.178692855,,,19,1,2019_Mar_08_1404,FaceNameBlocked,3.0.0,85.00967814,0
FacesBlock3.xlsx,Noah.mp4,Noah.JPG,Noah,31,0,2,2,2,0,2,2,1,,,,,,,0,1,1.058466015,,,,,,,0,0,,,,,19,1,2019_Mar_08_1404,FaceNameBlocked,3.0.0,85.00967814,0
FacesBlock3.xlsx,Noah.mp4,Noah.JPG,Noah,31,0,2,2,2,,,,,0,12,12,1,,,,,,,,mark,0,"['m', 'a', 'r', 'k']","[4.917502115000389, 5.270239829000275, 5.48205066599985, 5.5976547690006555]",[4.9175,4.9175,1,0.884632394,,,19,1,2019_Mar_08_1404,FaceNameBlocked,3.0.0,85.00967814,0
FacesBlock3.xlsx,Olivia.mp4,Olivia.JPG,Olivia,35,0,2,2,2,0,13,13,5,,,,,,,1,2,1.049750246,,,,,,,0,0,,,,,19,1,2019_Mar_08_1404,FaceNameBlocked,3.0.0,85.00967814,0
FacesBlock3.xlsx,Olivia.mp4,Olivia.JPG,Olivia,35,0,2,2,2,,,,,0,10,10,5,,,,,,,,,0,None,,0,0,1,1.670256025,,,19,1,2019_Mar_08_1404,FaceNameBlocked,3.0.0,85.00967814,0
FacesBlock2.xlsx,Rachel.mp4,Rachel.JPG,Rachel,29,0,1,1,1,0,3,3,14,,,,,,,1,2,2.531775454,,,,,,,0,0,,,,,19,1,2019_Mar_08_1404,FaceNameBlocked,3.0.0,85.00967814,0
FacesBlock2.xlsx,Rachel.mp4,Rachel.JPG,Rachel,29,0,1,1,1,,,,,0,13,13,14,,,,,,,,,0,None,,0,0,1,9.917010915,,,19,1,2019_Mar_08_1404,FaceNameBlocked,3.0.0,85.00967814,0
FacesBlock3.xlsx,Rebecca.mp4,Rebecca.JPG,Rebecca,32,0,2,2,2,0,9,9,2,,,,,,,1,2,3.390515762,,,,,,,0,0,,,,,19,1,2019_Mar_08_1404,FaceNameBlocked,3.0.0,85.00967814,0
FacesBlock3.xlsx,Rebecca.mp4,Rebecca.JPG,Rebecca,32,0,2,2,2,,,,,0,11,11,2,,,,,,,,,0,None,,0,0,1,1.037283182,,,19,1,2019_Mar_08_1404,FaceNameBlocked,3.0.0,85.00967814,0
FacesBlock3.xlsx,Sarah.mp4,Sarah.JPG,Sarah,33,0,2,2,2,0,10,10,3,,,,,,,1,2,6.21222949,,,,,,,0,0,,,,,19,1,2019_Mar_08_1404,FaceNameBlocked,3.0.0,85.00967814,0
FacesBlock3.xlsx,Sarah.mp4,Sarah.JPG,Sarah,33,0,2,2,2,,,,,0,2,2,3,,,,,,,,sarah,1,"['s', 'a', 'r', 'a', 'h']","[1.2136212959994737, 1.636030693000066, 1.8359596430000238, 2.2008693070001755, 2.318757672001084]",[1.2136,1.2136,2,1.390093324,,,19,1,2019_Mar_08_1404,FaceNameBlocked,3.0.0,85.00967814,1
FacesBlock3.xlsx,Shelby.mp4,Shelby.JPG,Shelby,36,0,2,2,2,0,12,12,6,,,,,,,1,2,34.1584505,,,,,,,0,0,,,,,19,1,2019_Mar_08_1404,FaceNameBlocked,3.0.0,85.00967814,0
FacesBlock3.xlsx,Shelby.mp4,Shelby.JPG,Shelby,36,0,2,2,2,,,,,0,4,4,6,,,,,,,,olivia,0,"['o', 'l', 'i', 'v', 'i', 'a']","[1.8004945109987602, 2.0253507739998895, 2.179018166998503, 2.272774799999752, 2.4139279869996244, 2.5999701429991546]",[1.8004,1.8004,3,1.402269822,,,19,1,2019_Mar_08_1404,FaceNameBlocked,3.0.0,85.00967814,0
FacesBlock2.xlsx,Steven.mp4,Steven.JPG,Steven,17,0,1,1,1,0,4,4,2,,,,,,,1,1,13.25825577,,,,,,,0,0,,,,,19,1,2019_Mar_08_1404,FaceNameBlocked,3.0.0,85.00967814,0
FacesBlock2.xlsx,Steven.mp4,Steven.JPG,Steven,17,0,1,1,1,,,,,0,3,3,2,,,,,,,,,0,None,,0,0,1,2.070369073,,,19,1,2019_Mar_08_1404,FaceNameBlocked,3.0.0,85.00967814,0
FacesBlock4.xlsx,Taylor.mp4,Taylor.JPG,Taylor,45,0,3,3,3,0,13,13,0,,,,,,,1,2,2.073480425,,,,,,,0,0,,,,,19,1,2019_Mar_08_1404,FaceNameBlocked,3.0.0,85.00967814,0
FacesBlock4.xlsx,Taylor.mp4,Taylor.JPG,Taylor,45,0,3,3,3,,,,,0,5,5,0,,,,,,,,,0,None,,0,0,1,1.401336925,,,19,1,2019_Mar_08_1404,FaceNameBlocked,3.0.0,85.00967814,0
FacesBlock3.xlsx,Thomas.mp4,Thomas.JPG,Thomas,44,0,2,2,2,0,14,14,14,,,,,,,1,1,2.061900674,,,,,,,0,0,,,,,19,1,2019_Mar_08_1404,FaceNameBlocked,3.0.0,85.00967814,0
FacesBlock3.xlsx,Thomas.mp4,Thomas.JPG,Thomas,44,0,2,2,2,,,,,0,5,5,14,,,,,,,,thomas,1,"['t', 'h', 'o', 'm', 'a', 's']","[1.6723476629995275, 1.8840616709985625, 2.0257377449997875, 2.1430055889995856, 2.237099414000113, 2.413350916998752]",[1.6723,1.6723,3,2.13125804,,,19,1,2019_Mar_08_1404,FaceNameBlocked,3.0.0,85.00967814,1
FacesBlock1.xlsx,Timothy.mp4,Timothy.JPG,Timothy,10,0,0,0,0,0,8,8,10,,,,,,,1,1,0.823467899,,,,,,,0,0,,,,,19,1,2019_Mar_08_1404,FaceNameBlocked,3.0.0,85.00967814,0
FacesBlock1.xlsx,Timothy.mp4,Timothy.JPG,Timothy,10,0,0,0,0,,,,,0,13,13,10,,,,,,,,max ,0,"['m', 'a', 'x', 'space']","[2.352668920999349, 2.4955732990001707, 2.7188513559995044, 3.6243747459993756]",[2.3526,2.3526,1,1.213518357,,,19,1,2019_Mar_08_1404,FaceNameBlocked,3.0.0,85.00967814,0
FacesBlock2.xlsx,Trevor.mp4,Trevor.JPG,Trevor,21,0,1,1,1,0,12,12,6,,,,,,,1,1,0.788887254,,,,,,,0,0,,,,,19,1,2019_Mar_08_1404,FaceNameBlocked,3.0.0,85.00967814,0
FacesBlock2.xlsx,Trevor.mp4,Trevor.JPG,Trevor,21,0,1,1,1,,,,,0,8,8,6,,,,,,,,e,0,['e'],[9.833876934000727],[9.8338,9.8338,1,1.531067859,,,19,1,2019_Mar_08_1404,FaceNameBlocked,3.0.0,85.00967814,0
FacesBlock2.xlsx,Tyler.mp4,Tyler.JPG,Tyler,22,0,1,1,1,0,8,8,7,,,,,,,0,1,2.061778385,,,,,,,0,0,,,,,19,1,2019_Mar_08_1404,FaceNameBlocked,3.0.0,85.00967814,0
FacesBlock2.xlsx,Tyler.mp4,Tyler.JPG,Tyler,22,0,1,1,1,,,,,0,7,7,7,,,,,,,,cody,0,"['c', 'o', 'd', 'y']","[2.2374907880002866, 2.4493043670008774, 2.555389966000803, 3.0843068980011594]",[2.2374,2.2374,1,1.542991177,,,19,1,2019_Mar_08_1404,FaceNameBlocked,3.0.0,85.00967814,0
,,,,,,,,,,,,,,,,,space,9.635436192,,,,,,,,,,,,,,,,19,1,2019_Mar_08_1404,FaceNameBlocked,3.0.0,85.00967814,
,,,,,,,,,,,,,,,,,,,,,,,,,,,,,,,,space,863.3947248,19,1,2019_Mar_08_1404,FaceNameBlocked,3.0.0,85.00967814,