condsFile,Video,Photo,Name,Row,blocks.thisRepN,blocks.thisTrialN,blocks.thisN,blocks.thisIndex,presentations.thisRepN,presentations.thisTrialN,presentations.thisN,presentations.thisIndex,testing.thisRepN,testing.thisTrialN,testing.thisN,testing.thisIndex,advance_1.keys,advance_1.rt,currentCond,judgementResp.keys,judgementResp.rt,advance_2.keys,advance_2.rt,inputText,Accuracy,key_resp_3.keys,key_resp_3.rt,trim1,key_resp3_fin,rating_resp.keys,rating_resp.rt,end_key.keys,end_key.rt,participant,session,date,expName,psychopyVersion,frameRate,Correct/Incorrect Responses 
FacesBlock2.xlsx,Aaron.mp4,Aaron.JPG,Aaron,18,0,1,1,1,0,13,13,3,,,,,,,1,1,0.786264615,,,,,,,0,0,,,,,22,1,2019_Mar_12_1451,FaceNameBlocked,3.0.0,60.00494885,0
FacesBlock2.xlsx,Aaron.mp4,Aaron.JPG,Aaron,18,0,1,1,1,,,,,0,5,5,3,,,,,,,,Cory,0,"['rshift', 'c', 'o', 'r', 'y']","[3.4494507529889233, 3.5325740529806353, 3.784425101999659, 3.984444725967478, 4.13427545200102]",[3.4494,3.4494,1,0.451874357,,,22,1,2019_Mar_12_1451,FaceNameBlocked,3.0.0,60.00494885,0
FacesBlock1.xlsx,Adam.mp4,Adam.JPG,Adam,5,0,0,0,0,0,11,11,5,,,,,,,0,1,1.119171238,,,,,,,0,0,,,,,22,1,2019_Mar_12_1451,FaceNameBlocked,3.0.0,60.00494885,0
FacesBlock1.xlsx,Adam.mp4,Adam.JPG,Adam,5,0,0,0,0,,,,,0,0,0,5,,,,,,space,27.51029632, ,0,['space'],[8.083155989996158],[8.0831,8.0831,1,5.350055595,,,22,1,2019_Mar_12_1451,FaceNameBlocked,3.0.0,60.00494885,0
FacesBlock4.xlsx,Alyssa.mp4,Alyssa.JPG,Alyssa,55,0,3,3,3,0,7,7,10,,,,,,,0,2,0.819421473,,,,,,,0,0,,,,,22,1,2019_Mar_12_1451,FaceNameBlocked,3.0.0,60.00494885,0
FacesBlock4.xlsx,Alyssa.mp4,Alyssa.JPG,Alyssa,55,0,3,3,3,,,,,0,4,4,10,,,,,,,,Taylor,0,"['rshift', 't', 'a', 'y', 'l', 'l', 'backspace', 'o', 'r']","[5.8663592169759795, 5.9321416990133, 6.133896259008907, 6.31688578997273, 6.766685264010448, 6.933439309010282, 7.349309740005992, 7.832742424972821, 7.966640710015781]",[5.8663,5.8663,3,0.335289844,,,22,1,2019_Mar_12_1451,FaceNameBlocked,3.0.0,60.00494885,0
FacesBlock1.xlsx,Amanda.mp4,Amanda.JPG,Amanda,2,0,0,0,0,0,10,10,2,,,,,,,1,2,0.386710866,,,,,,,0,0,,,,,22,1,2019_Mar_12_1451,FaceNameBlocked,3.0.0,60.00494885,0
FacesBlock1.xlsx,Amanda.mp4,Amanda.JPG,Amanda,2,0,0,0,0,,,,,0,6,6,2,,,,,,,,,0,None,,0,0,1,0.352208113,,,22,1,2019_Mar_12_1451,FaceNameBlocked,3.0.0,60.00494885,0
FacesBlock4.xlsx,Andrew.mp4,Andrew.JPG,Andrew,51,0,3,3,3,0,14,14,6,,,,,,,0,1,0.836068236,,,,,,,0,0,,,,,22,1,2019_Mar_12_1451,FaceNameBlocked,3.0.0,60.00494885,0
FacesBlock4.xlsx,Andrew.mp4,Andrew.JPG,Andrew,51,0,3,3,3,,,,,0,12,12,6,,,,,,,,,0,None,,0,0,1,0.368859958,,,22,1,2019_Mar_12_1451,FaceNameBlocked,3.0.0,60.00494885,0
FacesBlock4.xlsx,Anna.mp4,Anna.JPG,Anna,47,0,3,3,3,0,8,8,2,,,,,,,1,2,0.652974646,,,,,,,0,0,,,,,22,1,2019_Mar_12_1451,FaceNameBlocked,3.0.0,60.00494885,0
FacesBlock4.xlsx,Anna.mp4,Anna.JPG,Anna,47,0,3,3,3,,,,,0,2,2,2,,,,,,,,,0,None,,0,0,1,0.268803748,,,22,1,2019_Mar_12_1451,FaceNameBlocked,3.0.0,60.00494885,0
FacesBlock2.xlsx,Ashley.mp4,Ashley.JPG,Ashley,24,0,1,1,1,0,2,2,9,,,,,,,0,2,1.853199901,,,,,,,0,0,,,,,22,1,2019_Mar_12_1451,FaceNameBlocked,3.0.0,60.00494885,0
FacesBlock2.xlsx,Ashley.mp4,Ashley.JPG,Ashley,24,0,1,1,1,,,,,0,6,6,9,,,,,,,,Jenna,0,"['lshift', 'j', 'e', 'n', 'n', 'a']","[0.801222256035544, 0.9193494479986839, 1.3854126810329035, 1.6022346560494043, 1.8017822760157287, 1.9680877100327052]",[0.8012,0.8012,1,1.351908453,,,22,1,2019_Mar_12_1451,FaceNameBlocked,3.0.0,60.00494885,0
FacesBlock1.xlsx,Bradley.mp4,Bradley.JPG,Bradley,14,0,0,0,0,0,8,8,14,,,,,,,1,1,0.736658923,,,,,,,0,0,,,,,22,1,2019_Mar_12_1451,FaceNameBlocked,3.0.0,60.00494885,0
FacesBlock1.xlsx,Bradley.mp4,Bradley.JPG,Bradley,14,0,0,0,0,,,,,0,10,10,14,,,,,,,,Bradley,1,"['rshift', 'b', 'r', 'a', 'd', 'l', 'e', 'y']","[2.0001134970225394, 2.1347942529828288, 2.416072788008023, 2.7180593259981833, 2.9180155930225737, 3.634205808979459, 3.7672481780173257, 4.05014200398]",[2.0001,2.0001,4,1.151923002,,,22,1,2019_Mar_12_1451,FaceNameBlocked,3.0.0,60.00494885,1
FacesBlock4.xlsx,Brandon.mp4,Brandon.JPG,Brandon,56,0,3,3,3,0,3,3,11,,,,,,,1,1,3.751915835,,,,,,,0,0,,,,,22,1,2019_Mar_12_1451,FaceNameBlocked,3.0.0,60.00494885,0
FacesBlock4.xlsx,Brandon.mp4,Brandon.JPG,Brandon,56,0,3,3,3,,,,,0,11,11,11,,,,,,,,,0,None,,0,0,1,0.401967219,,,22,1,2019_Mar_12_1451,FaceNameBlocked,3.0.0,60.00494885,0
FacesBlock4.xlsx,Brian.mp4,Brian.JPG,Brian,53,0,3,3,3,0,10,10,8,,,,,,,1,1,0.469308621,,,,,,,0,0,,,,,22,1,2019_Mar_12_1451,FaceNameBlocked,3.0.0,60.00494885,0
FacesBlock4.xlsx,Brian.mp4,Brian.JPG,Brian,53,0,3,3,3,,,,,0,9,9,8,,,,,,,,,0,None,,0,0,1,1.018475938,,,22,1,2019_Mar_12_1451,FaceNameBlocked,3.0.0,60.00494885,0
FacesBlock4.xlsx,Brianna.mp4,Brianna.JPG,Brianna,48,0,3,3,3,0,4,4,3,,,,,,,0,2,5.23464466,,,,,,,0,0,,,,,22,1,2019_Mar_12_1451,FaceNameBlocked,3.0.0,60.00494885,0
FacesBlock4.xlsx,Brianna.mp4,Brianna.JPG,Brianna,48,0,3,3,3,,,,,0,6,6,3,,,,,,,,Lauren,0,"['lshift', 'l', 'a', 'u', 'r', 'e', 'n']","[2.883559782989323, 3.0014797269832343, 3.183043374971021, 3.418078603979666, 3.5014429269940592, 3.7515801949775778, 4.051626056956593]",[2.8835,2.8835,1,0.335713938,,,22,1,2019_Mar_12_1451,FaceNameBlocked,3.0.0,60.00494885,0
FacesBlock2.xlsx,Brittany.mp4,Brittany.JPG,Brittany,28,0,1,1,1,0,5,5,13,,,,,,,1,1,1.519461942,,,,,,,0,0,,,,,22,1,2019_Mar_12_1451,FaceNameBlocked,3.0.0,60.00494885,0
FacesBlock2.xlsx,Brittany.mp4,Brittany.JPG,Brittany,28,0,1,1,1,,,,,0,11,11,13,,,,,,,,,0,None,,0,0,1,3.101431561,,,22,1,2019_Mar_12_1451,FaceNameBlocked,3.0.0,60.00494885,0
FacesBlock4.xlsx,Caleb.mp4,Caleb.JPG,Caleb,59,0,3,3,3,0,0,0,14,,,,,,,0,1,1.251838668,,,,,,,0,0,,,,,22,1,2019_Mar_12_1451,FaceNameBlocked,3.0.0,60.00494885,0
FacesBlock4.xlsx,Caleb.mp4,Caleb.JPG,Caleb,59,0,3,3,3,,,,,0,7,7,14,,,,,,,,Cody,0,"['rshift', 'c', 'o', 'd', 'y']","[3.250349527981598, 3.2828483170014806, 3.5678697290131822, 3.7347385109751485, 3.917883365007583]",[3.2503,3.2503,1,0.434971914,,,22,1,2019_Mar_12_1451,FaceNameBlocked,3.0.0,60.00494885,0
FacesBlock2.xlsx,Cody.mp4,Cody.JPG,Cody,23,0,1,1,1,0,0,0,8,,,,,,,0,1,2.118658037,,,,,,,0,0,,,,,22,1,2019_Mar_12_1451,FaceNameBlocked,3.0.0,60.00494885,0
FacesBlock2.xlsx,Cody.mp4,Cody.JPG,Cody,23,0,1,1,1,,,,,0,8,8,8,,,,,,,,,0,None,,0,0,1,0.618828357,,,22,1,2019_Mar_12_1451,FaceNameBlocked,3.0.0,60.00494885,0
FacesBlock3.xlsx,Courtney.mp4,Courtney.JPG,Courtney,42,0,2,2,2,0,13,13,12,,,,,,,1,2,0.235633875,,,,,,,0,0,,,,,22,1,2019_Mar_12_1451,FaceNameBlocked,3.0.0,60.00494885,0
FacesBlock3.xlsx,Courtney.mp4,Courtney.JPG,Courtney,42,0,2,2,2,,,,,0,6,6,12,,,,,,,,Natasha,0,"['lshift', 'n', 'a', 't', 'a', 's', 'h', 'a']","[3.483464275021106, 3.601420335005969, 3.899663709977176, 4.299103808996733, 4.551504937000573, 4.717840767989401, 4.9513539770268835, 5.067247371014673]",[3.4834,3.4834,1,1.151909465,,,22,1,2019_Mar_12_1451,FaceNameBlocked,3.0.0,60.00494885,0
FacesBlock3.xlsx,Daniel.mp4,Daniel.JPG,Daniel,30,0,2,2,2,0,6,6,0,,,,,,,1,1,2.052420845,,,,,,,0,0,,,,,22,1,2019_Mar_12_1451,FaceNameBlocked,3.0.0,60.00494885,0
FacesBlock3.xlsx,Daniel.mp4,Daniel.JPG,Daniel,30,0,2,2,2,,,,,0,9,9,0,,,,,,,,Kevin,0,"['lshift', 'k', 'e', 'v', 'backspace', 'backspace', 'backspace', 'lshift', 'k', 'e', 'v', 'n', 'backspace', 'i', 'n']","[2.050832992012147, 2.1353463570121676, 2.2850866049993783, 2.5016510050045326, 3.8826480910065584, 4.050282740965486, 4.250767024990637, 6.98189991095569, 7.100266744964756, 7.233468023012392, 7.516930198005866, 7.833664275007322, 8.282749522011727, 9.199716028990224, 9.34939496096922]",[2.0508,2.0508,1,0.667723743,,,22,1,2019_Mar_12_1451,FaceNameBlocked,3.0.0,60.00494885,0
FacesBlock1.xlsx,Danielle.mp4,Danielle.JPG,Danielle,3,0,0,0,0,0,4,4,3,,,,,,,0,2,0.853154839,,,,,,,0,0,,,,,22,1,2019_Mar_12_1451,FaceNameBlocked,3.0.0,60.00494885,0
FacesBlock1.xlsx,Danielle.mp4,Danielle.JPG,Danielle,3,0,0,0,0,,,,,0,2,2,3,,,,,,,,Samantha,0,"['rshift', 's', 'a', 'm', 'a', 'n', 't', 'h', 'a', '2', 'backspace', 'return']","[2.76662084099371, 2.8183848690241575, 3.3670394149958156, 4.3506282130256295, 4.43448267900385, 4.966610606003087, 5.183613330009393, 5.350342634017579, 5.483410777989775, 6.0670553630334325, 6.915903714019805, 7.949137672025245]",[2.7666,2.7666,2,1.751083354,,,22,1,2019_Mar_12_1451,FaceNameBlocked,3.0.0,60.00494885,0
FacesBlock2.xlsx,David.mp4,David.JPG,David,16,0,1,1,1,0,9,9,1,,,,,,,0,1,0.885778152,,,,,,,0,0,,,,,22,1,2019_Mar_12_1451,FaceNameBlocked,3.0.0,60.00494885,0
FacesBlock2.xlsx,David.mp4,David.JPG,David,16,0,1,1,1,,,,,0,4,4,1,,,,,,,,Aaron,0,"['lshift', 'o', 'j', 'backspace', 'backspace', 'lshift', 'lshift', 'rshift', 'a', 'a', 'r', 'o', 'n']","[3.5823616519919597, 3.8175678519764915, 3.866931858006865, 4.249503155995626, 4.400255255983211, 4.5992669959669, 5.298692122974899, 7.748122990014963, 7.799787496973295, 8.282786525960546, 8.566030615998898, 8.698947696015239, 8.832518100971356]",[3.5823,3.5823,2,1.5017573,,,22,1,2019_Mar_12_1451,FaceNameBlocked,3.0.0,60.00494885,0
FacesBlock4.xlsx,Dylan.mp4,Dylan.JPG,Dylan,50,0,3,3,3,0,13,13,5,,,,,,,0,2,0.6198362,,,,,,,0,0,,,,,22,1,2019_Mar_12_1451,FaceNameBlocked,3.0.0,60.00494885,0
FacesBlock4.xlsx,Dylan.mp4,Dylan.JPG,Dylan,50,0,3,3,3,,,,,0,1,1,5,,,,,,,,,0,"['1', 'backspace']","[2.9520846889936365, 3.851194807968568]",[2.9520,2.952,1,0.352559167,,,22,1,2019_Mar_12_1451,FaceNameBlocked,3.0.0,60.00494885,0
FacesBlock4.xlsx,Emily.mp4,Emily.JPG,Emily,57,0,3,3,3,0,11,11,12,,,,,,,1,2,0.050363515,,,,,,,0,0,,,,,22,1,2019_Mar_12_1451,FaceNameBlocked,3.0.0,60.00494885,0
FacesBlock4.xlsx,Emily.mp4,Emily.JPG,Emily,57,0,3,3,3,,,,,0,14,14,12,,,,,,,,,0,None,,0,0,1,1.068613206,,,22,1,2019_Mar_12_1451,FaceNameBlocked,3.0.0,60.00494885,0
FacesBlock1.xlsx,Eric.mp4,Eric.JPG,Eric,0,0,0,0,0,0,12,12,0,,,,,,,1,1,0.752428282,,,,,,,0,0,,,,,22,1,2019_Mar_12_1451,FaceNameBlocked,3.0.0,60.00494885,0
FacesBlock1.xlsx,Eric.mp4,Eric.JPG,Eric,0,0,0,0,0,,,,,0,14,14,0,,,,,,,,,0,None,,0,0,1,1.268829374,,,22,1,2019_Mar_12_1451,FaceNameBlocked,3.0.0,60.00494885,0
FacesBlock1.xlsx,Ethan.mp4,Ethan.JPG,Ethan,11,0,0,0,0,0,7,7,11,,,,,,,0,1,0.801918282,,,,,,,0,0,,,,,22,1,2019_Mar_12_1451,FaceNameBlocked,3.0.0,60.00494885,0
FacesBlock1.xlsx,Ethan.mp4,Ethan.JPG,Ethan,11,0,0,0,0,,,,,0,13,13,11,,,,,,,,Brian,0,"['rshift', 'b', 'r', 'i', 'a', 'n']","[3.53273757599527, 3.550877428962849, 4.51732245500898, 4.617430493992288, 4.750776280998252, 4.866884079994634]",[3.5327,3.5327,1,0.436014206,,,22,1,2019_Mar_12_1451,FaceNameBlocked,3.0.0,60.00494885,0
FacesBlock4.xlsx,Grace.mp4,Grace.JPG,Grace,58,0,3,3,3,0,2,2,13,,,,,,,1,2,0.619517612,,,,,,,0,0,,,,,22,1,2019_Mar_12_1451,FaceNameBlocked,3.0.0,60.00494885,0
FacesBlock4.xlsx,Grace.mp4,Grace.JPG,Grace,58,0,3,3,3,,,,,0,0,0,13,,,,,,space,2.368097385,,0,None,,0,0,1,0.635202505,,,22,1,2019_Mar_12_1451,FaceNameBlocked,3.0.0,60.00494885,0
FacesBlock2.xlsx,Haley.mp4,Haley.JPG,Haley,20,0,1,1,1,0,1,1,5,,,,,,,1,2,1.719779912,,,,,,,0,0,,,,,22,1,2019_Mar_12_1451,FaceNameBlocked,3.0.0,60.00494885,0
FacesBlock2.xlsx,Haley.mp4,Haley.JPG,Haley,20,0,1,1,1,,,,,0,12,12,5,,,,,,,,,0,None,,0,0,1,3.284356411,,,22,1,2019_Mar_12_1451,FaceNameBlocked,3.0.0,60.00494885,0
FacesBlock1.xlsx,Hannah.mp4,Hannah.JPG,Hannah,1,0,0,0,0,0,3,3,1,,,,,,,1,2,1.036279044,,,,,,,0,0,,,,,22,1,2019_Mar_12_1451,FaceNameBlocked,3.0.0,60.00494885,0
FacesBlock1.xlsx,Hannah.mp4,Hannah.JPG,Hannah,1,0,0,0,0,,,,,0,12,12,1,,,,,,,,,0,"['rshift', 'a', 'backspace']","[3.6157945299637504, 3.717438504972961, 5.116864244977478]",[3.6157,3.6157,1,0.968610384,,,22,1,2019_Mar_12_1451,FaceNameBlocked,3.0.0,60.00494885,0
FacesBlock2.xlsx,Heather.mp4,Heather.JPG,Heather,26,0,1,1,1,0,3,3,11,,,,,,,0,2,1.717110936,,,,,,,0,0,,,,,22,1,2019_Mar_12_1451,FaceNameBlocked,3.0.0,60.00494885,0
FacesBlock2.xlsx,Heather.mp4,Heather.JPG,Heather,26,0,1,1,1,,,,,0,7,7,11,,,,,,,,Brittany,0,"['rshift', 'b', 'r', 'i', 't', 'a', 'n', 'backspace', 'backspace', 't', 'a', 'n', 'y']","[1.7669135709875263, 1.8179431370226666, 2.118207014980726, 2.4845936539932154, 2.651236689009238, 3.067750837013591, 3.3678745899815112, 3.867050699016545, 3.9997439039871097, 4.1675048260367475, 4.33404030802194, 4.433994158986025, 4.70091847400181]",[1.7669,1.7669,2,1.052176618,,,22,1,2019_Mar_12_1451,FaceNameBlocked,3.0.0,60.00494885,0
FacesBlock3.xlsx,Jacob.mp4,Jacob.JPG,Jacob,39,0,2,2,2,0,1,1,9,,,,,,,0,1,2.268992106,,,,,,,0,0,,,,,22,1,2019_Mar_12_1451,FaceNameBlocked,3.0.0,60.00494885,0
FacesBlock3.xlsx,Jacob.mp4,Jacob.JPG,Jacob,39,0,2,2,2,,,,,0,2,2,9,,,,,,,,Josh,0,"['lshift', 'j', 'o', 's', 'h']","[1.33405646198662, 1.468977760989219, 1.6686210150364786, 1.8014514950336888, 1.985440213989932]",[1.3340,1.334,2,1.051278907,,,22,1,2019_Mar_12_1451,FaceNameBlocked,3.0.0,60.00494885,0
FacesBlock4.xlsx,Jason.mp4,Jason.JPG,Jason,49,0,3,3,3,0,1,1,4,,,,,,,0,1,2.319992416,,,,,,,0,0,,,,,22,1,2019_Mar_12_1451,FaceNameBlocked,3.0.0,60.00494885,0
FacesBlock4.xlsx,Jason.mp4,Jason.JPG,Jason,49,0,3,3,3,,,,,0,8,8,4,,,,,,,,Brian,0,"['rshift', 'rshift', 'b', 'r', 'i', 'a', 'n']","[2.76608655101154, 3.3162560729542747, 3.5176554700010456, 4.133921947970521, 4.334164922009222, 4.450595117988996, 4.616794399975333]",[2.7660,2.766,1,1.868366565,,,22,1,2019_Mar_12_1451,FaceNameBlocked,3.0.0,60.00494885,0
FacesBlock1.xlsx,Jenna.mp4,Jenna.JPG,Jenna,6,0,0,0,0,0,2,2,6,,,,,,,1,2,1.252848909,,,,,,,0,0,,,,,22,1,2019_Mar_12_1451,FaceNameBlocked,3.0.0,60.00494885,0
FacesBlock1.xlsx,Jenna.mp4,Jenna.JPG,Jenna,6,0,0,0,0,,,,,0,5,5,6,,,,,,,,,0,None,,0,0,1,0.285982194,,,22,1,2019_Mar_12_1451,FaceNameBlocked,3.0.0,60.00494885,0
FacesBlock2.xlsx,Jeremy.mp4,Jeremy.JPG,Jeremy,15,0,1,1,1,0,10,10,0,,,,,,,0,1,0.469044216,,,,,,,0,0,,,,,22,1,2019_Mar_12_1451,FaceNameBlocked,3.0.0,60.00494885,0
FacesBlock2.xlsx,Jeremy.mp4,Jeremy.JPG,Jeremy,15,0,1,1,1,,,,,0,13,13,0,,,,,,,,,0,None,,0,0,1,1.085142043,,,22,1,2019_Mar_12_1451,FaceNameBlocked,3.0.0,60.00494885,0
FacesBlock1.xlsx,Jessica.mp4,Jessica.JPG,Jessica,8,0,0,0,0,0,5,5,8,,,,,,,1,2,0.652771586,,,,,,,0,0,,,,,22,1,2019_Mar_12_1451,FaceNameBlocked,3.0.0,60.00494885,0
FacesBlock1.xlsx,Jessica.mp4,Jessica.JPG,Jessica,8,0,0,0,0,,,,,0,3,3,8,,,,,,,,,0,None,,0,0,1,1.685003544,,,22,1,2019_Mar_12_1451,FaceNameBlocked,3.0.0,60.00494885,0
FacesBlock2.xlsx,Josh.mp4,Josh.JPG,Josh,19,0,1,1,1,0,7,7,4,,,,,,,0,1,1.053650785,,,,,,,0,0,,,,,22,1,2019_Mar_12_1451,FaceNameBlocked,3.0.0,60.00494885,0
FacesBlock2.xlsx,Josh.mp4,Josh.JPG,Josh,19,0,1,1,1,,,,,0,9,9,4,,,,,,,,Josh,1,"['lshift', 'j', 'o', 's', 'h']","[1.5330689760157838, 1.5688378660124727, 1.8354091560468078, 2.0183623850462027, 2.116344916052185]",[1.5330,1.533,3,3.051471872,,,22,1,2019_Mar_12_1451,FaceNameBlocked,3.0.0,60.00494885,1
FacesBlock1.xlsx,Julia.mp4,Julia.JPG,Julia,13,0,0,0,0,0,9,9,13,,,,,,,1,2,0.603266933,,,,,,,0,0,,,,,22,1,2019_Mar_12_1451,FaceNameBlocked,3.0.0,60.00494885,0
FacesBlock1.xlsx,Julia.mp4,Julia.JPG,Julia,13,0,0,0,0,,,,,0,8,8,13,,,,,,,,Jessica,0,"['lshift', 'j', 'e', 's', 's', 'i', 'c', 'a']","[4.065459936973639, 4.201317461964209, 4.400643959990703, 4.6007581209996715, 4.815000806003809, 4.950338069000281, 5.03450333798537, 5.216480935981963]",[4.0654,4.0654,2,2.10161719,,,22,1,2019_Mar_12_1451,FaceNameBlocked,3.0.0,60.00494885,0
FacesBlock2.xlsx,Justin.mp4,Justin.JPG,Justin,27,0,1,1,1,0,8,8,12,,,,,,,0,1,1.919184524,,,,,,,0,0,,,,,22,1,2019_Mar_12_1451,FaceNameBlocked,3.0.0,60.00494885,0
FacesBlock2.xlsx,Justin.mp4,Justin.JPG,Justin,27,0,1,1,1,,,,,0,10,10,12,,,,,,,,,0,None,,0,0,1,0.336127518,,,22,1,2019_Mar_12_1451,FaceNameBlocked,3.0.0,60.00494885,0
FacesBlock4.xlsx,Katie.mp4,Katie.JPG,Katie,54,0,3,3,3,0,5,5,9,,,,,,,1,2,2.35150346,,,,,,,0,0,,,,,22,1,2019_Mar_12_1451,FaceNameBlocked,3.0.0,60.00494885,0
FacesBlock4.xlsx,Katie.mp4,Katie.JPG,Katie,54,0,3,3,3,,,,,0,3,3,9,,,,,,,,,0,None,,0,0,1,2.401195725,,,22,1,2019_Mar_12_1451,FaceNameBlocked,3.0.0,60.00494885,0
FacesBlock3.xlsx,Kayla.mp4,Kayla.JPG,Kayla,34,0,2,2,2,0,8,8,4,,,,,,,0,2,0.93654421,,,,,,,0,0,,,,,22,1,2019_Mar_12_1451,FaceNameBlocked,3.0.0,60.00494885,0
FacesBlock3.xlsx,Kayla.mp4,Kayla.JPG,Kayla,34,0,2,2,2,,,,,0,11,11,4,,,,,,,,,0,None,,0,0,1,0.617877117,,,22,1,2019_Mar_12_1451,FaceNameBlocked,3.0.0,60.00494885,0
FacesBlock1.xlsx,Kelsey.mp4,Kelsey.JPG,Kelsey,12,0,0,0,0,0,13,13,12,,,,,,,0,2,0.736038464,,,,,,,0,0,,,,,22,1,2019_Mar_12_1451,FaceNameBlocked,3.0.0,60.00494885,0
FacesBlock1.xlsx,Kelsey.mp4,Kelsey.JPG,Kelsey,12,0,0,0,0,,,,,0,1,1,12,,,,,,,,Jenna,0,"['lshift', 'k', 'e', 'backspace', 'backspace', 'lshift', 'j', 'e', 'n', 'n', 'a', 'return', 'right']","[3.000080802012235, 3.1350765920360573, 3.4514706690097228, 4.150982582999859, 4.3172613980132155, 5.5489877910004, 5.617429597012233, 5.867345184029546, 6.049904596002307, 6.183997931017075, 6.434071151015814, 7.8490158269996755, 9.465755530050956]",[3.0000,3,2,4.30103497,,,22,1,2019_Mar_12_1451,FaceNameBlocked,3.0.0,60.00494885,0
FacesBlock3.xlsx,Kevin.mp4,Kevin.JPG,Kevin,41,0,2,2,2,0,14,14,11,,,,,,,1,1,1.119641957,,,,,,,0,0,,,,,22,1,2019_Mar_12_1451,FaceNameBlocked,3.0.0,60.00494885,0
FacesBlock3.xlsx,Kevin.mp4,Kevin.JPG,Kevin,41,0,2,2,2,,,,,0,12,12,11,,,,,,,,Kevin,1,"['lshift', 'lshift', 'k', 'e', 'v', 'i', 'n']","[2.9996541470172815, 3.799630572029855, 3.851253442990128, 4.434415190014988, 4.667386133980472, 4.917532323976047, 5.133802214986645]",[2.9996,2.9996,3,1.716364365,,,22,1,2019_Mar_12_1451,FaceNameBlocked,3.0.0,60.00494885,1
FacesBlock1.xlsx,Kyle.mp4,Kyle.JPG,Kyle,4,0,0,0,0,0,14,14,4,,,,,,,0,1,0.785922676,,,,,,,0,0,,,,,22,1,2019_Mar_12_1451,FaceNameBlocked,3.0.0,60.00494885,0
FacesBlock1.xlsx,Kyle.mp4,Kyle.JPG,Kyle,4,0,0,0,0,,,,,0,11,11,4,,,,,,,,Cooper,0,"['rshift', 'c', 'o', 'p', 'e', 'backspace', 'backspace', 'backspace', 'o', 'o', 'p', 'e', 'r']","[3.1669872590573505, 3.3853904690477066, 3.7181344110285863, 3.9344862810103223, 4.15175789501518, 4.5008842759998515, 4.667582181049511, 4.850433356012218, 5.334538456052542, 5.534417031041812, 6.683232551033143, 6.850101106043439, 6.983439714007545]",[3.1669,3.1669,2,1.235171014,,,22,1,2019_Mar_12_1451,FaceNameBlocked,3.0.0,60.00494885,0
FacesBlock3.xlsx,Lauren.mp4,Lauren.JPG,Lauren,38,0,2,2,2,0,5,5,8,,,,,,,1,2,1.819080074,,,,,,,0,0,,,,,22,1,2019_Mar_12_1451,FaceNameBlocked,3.0.0,60.00494885,0
FacesBlock3.xlsx,Lauren.mp4,Lauren.JPG,Lauren,38,0,2,2,2,,,,,0,0,0,8,,,,,,space,2.368178741,,0,None,,0,0,1,1.152156422,,,22,1,2019_Mar_12_1451,FaceNameBlocked,3.0.0,60.00494885,0
FacesBlock3.xlsx,Mark.mp4,Mark.JPG,Mark,40,0,2,2,2,0,7,7,10,,,,,,,0,1,0.852042945,,,,,,,0,0,,,,,22,1,2019_Mar_12_1451,FaceNameBlocked,3.0.0,60.00494885,0
FacesBlock3.xlsx,Mark.mp4,Mark.JPG,Mark,40,0,2,2,2,,,,,0,13,13,10,,,,,,,,Mark,1,"['lshift', 'm', 'a', 'r', 'c', 'backspace', 'k']","[3.1158315999782644, 3.251176494988613, 3.500844419992063, 3.600842838990502, 4.083764099981636, 5.632996217987966, 6.249421180982608]",[3.1158,3.1158,1,0.935487241,,,22,1,2019_Mar_12_1451,FaceNameBlocked,3.0.0,60.00494885,1
FacesBlock1.xlsx,Matthew.mp4,Matthew.JPG,Matthew,9,0,0,0,0,0,6,6,9,,,,,,,0,1,0.803130823,,,,,,,0,0,,,,,22,1,2019_Mar_12_1451,FaceNameBlocked,3.0.0,60.00494885,0
FacesBlock1.xlsx,Matthew.mp4,Matthew.JPG,Matthew,9,0,0,0,0,,,,,0,4,4,9,,,,,,,,Kevin,0,"['k', 'backspace', 'lshift', 'k', 'e', 'v', 'i', 'n']","[1.702279308985453, 2.3679007400060073, 2.7168138359556906, 2.8189467740012333, 3.0178725229925476, 3.2184271359583363, 3.401259378006216, 3.551363804959692]",[1.7022,1.7022,2,0.385390554,,,22,1,2019_Mar_12_1451,FaceNameBlocked,3.0.0,60.00494885,0
FacesBlock2.xlsx,Megan.mp4,Megan.JPG,Megan,25,0,1,1,1,0,12,12,10,,,,,,,1,1,0.252655268,,,,,,,0,0,,,,,22,1,2019_Mar_12_1451,FaceNameBlocked,3.0.0,60.00494885,0
FacesBlock2.xlsx,Megan.mp4,Megan.JPG,Megan,25,0,1,1,1,,,,,0,14,14,10,,,,,,,,,0,None,,0,0,1,0.918587004,,,22,1,2019_Mar_12_1451,FaceNameBlocked,3.0.0,60.00494885,0
FacesBlock4.xlsx,Michael.mp4,Michael.JPG,Michael,46,0,3,3,3,0,12,12,1,,,,,,,0,1,1.019878577,,,,,,,0,0,,,,,22,1,2019_Mar_12_1451,FaceNameBlocked,3.0.0,60.00494885,0
FacesBlock4.xlsx,Michael.mp4,Michael.JPG,Michael,46,0,3,3,3,,,,,0,10,10,1,,,,,,,,Michael,1,"['lshift', 'm', 'i', 'c', 'a', 'backspace', 'h', 'a', 'e', 'l']","[0.5670077889808454, 0.685362663003616, 0.9020045949728228, 1.6685478999861516, 1.8512163439881988, 2.567602919007186, 2.8512476829928346, 2.967398578999564, 3.1676319380057976, 3.2672775789978914]",[0.5670,0.567,1,0.93569358,,,22,1,2019_Mar_12_1451,FaceNameBlocked,3.0.0,60.00494885,1
FacesBlock4.xlsx,Michelle.mp4,Michelle.JPG,Michelle,52,0,3,3,3,0,6,6,7,,,,,,,1,2,0.386213025,,,,,,,0,0,,,,,22,1,2019_Mar_12_1451,FaceNameBlocked,3.0.0,60.00494885,0
FacesBlock4.xlsx,Michelle.mp4,Michelle.JPG,Michelle,52,0,3,3,3,,,,,0,5,5,7,,,,,,,,Michelle,1,"['lshift', 'm', 'i', 'c', 'h', 'e', 'l', 'l', 'e']","[2.5672212240169756, 2.784135658002924, 3.10198086098535, 3.2517800190253183, 3.4343054150231183, 3.6839771890081465, 4.1846321990014985, 4.384640704025514, 4.60140607599169]",[2.5672,2.5672,3,1.649416446,,,22,1,2019_Mar_12_1451,FaceNameBlocked,3.0.0,60.00494885,1
FacesBlock1.xlsx,Natalie.mp4,Natalie.JPG,Natalie,7,0,0,0,0,0,1,1,7,,,,,,,0,2,2.303178487,,,,,,,0,0,,,,,22,1,2019_Mar_12_1451,FaceNameBlocked,3.0.0,60.00494885,0
FacesBlock1.xlsx,Natalie.mp4,Natalie.JPG,Natalie,7,0,0,0,0,,,,,0,7,7,7,,,,,,,,,0,None,,0,0,1,0.352133118,,,22,1,2019_Mar_12_1451,FaceNameBlocked,3.0.0,60.00494885,0
FacesBlock3.xlsx,Nathan.mp4,Nathan.JPG,Nathan,37,0,2,2,2,0,4,4,7,,,,,,,0,1,4.084313099,,,,,,,0,0,,,,,22,1,2019_Mar_12_1451,FaceNameBlocked,3.0.0,60.00494885,0
FacesBlock3.xlsx,Nathan.mp4,Nathan.JPG,Nathan,37,0,2,2,2,,,,,0,8,8,7,,,,,,,,Nate,1,"['lshift', 'n', 'a', 'h', 'backspace', 't', 'h', 'a', 'n', 'backspace', 'backspace', 'backspace', 'e']","[3.6833285609609447, 3.8180380009580404, 4.0344832019764, 4.300947377982084, 4.73357657896122, 4.950610789004713, 5.100495608989149, 5.300646371964831, 5.399263511993922, 7.982359391986392, 8.21452453697566, 8.36576984799467, 8.782950888969935]",[3.6833,3.6833,1,0.518917532,,,22,1,2019_Mar_12_1451,FaceNameBlocked,3.0.0,60.00494885,0
FacesBlock3.xlsx,Nicole.mp4,Nicole.JPG,Nicole,43,0,2,2,2,0,9,9,13,,,,,,,1,2,0.702515134,,,,,,,0,0,,,,,22,1,2019_Mar_12_1451,FaceNameBlocked,3.0.0,60.00494885,0
FacesBlock3.xlsx,Nicole.mp4,Nicole.JPG,Nicole,43,0,2,2,2,,,,,0,10,10,13,,,,,,,,,0,None,,0,0,1,0.385737729,,,22,1,2019_Mar_12_1451,FaceNameBlocked,3.0.0,60.00494885,0
FacesBlock3.xlsx,Noah.mp4,Noah.JPG,Noah,31,0,2,2,2,0,11,11,1,,,,,,,0,2,0.886546743,,,,,,,0,0,,,,,22,1,2019_Mar_12_1451,FaceNameBlocked,3.0.0,60.00494885,0
FacesBlock3.xlsx,Noah.mp4,Noah.JPG,Noah,31,0,2,2,2,,,,,0,14,14,1,,,,,,,,,0,None,,0,0,1,0.218856298,,,22,1,2019_Mar_12_1451,FaceNameBlocked,3.0.0,60.00494885,0
FacesBlock3.xlsx,Olivia.mp4,Olivia.JPG,Olivia,35,0,2,2,2,0,3,3,5,,,,,,,0,1,2.085513082,,,,,,,0,0,,,,,22,1,2019_Mar_12_1451,FaceNameBlocked,3.0.0,60.00494885,0
FacesBlock3.xlsx,Olivia.mp4,Olivia.JPG,Olivia,35,0,2,2,2,,,,,0,5,5,5,,,,,,,,Olivia,1,"['lshift', 'o', 'l', 'v', 'backspace', 'i', 'v', 'i', 'd', 'a', 'backspace', 'backspace', 'a', '2', 'backspace']","[1.5172034630086273, 1.8349569130223244, 2.1661597280181013, 2.4507209330331534, 3.016954440041445, 3.317463484010659, 3.5010155439958908, 3.6011631690198556, 3.784207944991067, 3.90073706099065, 4.4167812340310775, 4.566599195008166, 4.75022802001331, 8.91605622699717, 9.597784610989038]",[1.5172,1.5172,2,0.301565823,,,22,1,2019_Mar_12_1451,FaceNameBlocked,3.0.0,60.00494885,1
FacesBlock2.xlsx,Rachel.mp4,Rachel.JPG,Rachel,29,0,1,1,1,0,14,14,14,,,,,,,1,1,0.48594953,,,,,,,0,0,,,,,22,1,2019_Mar_12_1451,FaceNameBlocked,3.0.0,60.00494885,0
FacesBlock2.xlsx,Rachel.mp4,Rachel.JPG,Rachel,29,0,1,1,1,,,,,0,2,2,14,,,,,,,,Ashley,0,"['rshift', 'a', 's', 'h', 'e', 'backspace', 'e', 'y', 'backspace', 'backspace', 'l', 'e', 'y']","[3.350064879981801, 3.384629109990783, 3.634465523995459, 3.9851276999688707, 4.750914460979402, 5.283889221958816, 5.684539075999055, 5.984179874998517, 6.416990024968982, 6.766178510966711, 7.067392956989352, 7.184057168953586, 7.666750740958378]",[3.3500,3.35,2,2.534579416,,,22,1,2019_Mar_12_1451,FaceNameBlocked,3.0.0,60.00494885,0
FacesBlock3.xlsx,Rebecca.mp4,Rebecca.JPG,Rebecca,32,0,2,2,2,0,0,0,2,,,,,,,1,2,1.769168807,,,,,,,0,0,,,,,22,1,2019_Mar_12_1451,FaceNameBlocked,3.0.0,60.00494885,0
FacesBlock3.xlsx,Rebecca.mp4,Rebecca.JPG,Rebecca,32,0,2,2,2,,,,,0,7,7,2,,,,,,,,,0,None,,0,0,1,0.585611158,,,22,1,2019_Mar_12_1451,FaceNameBlocked,3.0.0,60.00494885,0
FacesBlock3.xlsx,Sarah.mp4,Sarah.JPG,Sarah,33,0,2,2,2,0,12,12,3,,,,,,,1,1,0.402798506,,,,,,,0,0,,,,,22,1,2019_Mar_12_1451,FaceNameBlocked,3.0.0,60.00494885,0
FacesBlock3.xlsx,Sarah.mp4,Sarah.JPG,Sarah,33,0,2,2,2,,,,,0,1,1,3,,,,,,,,,0,"['1', 'backspace']","[2.418785765999928, 3.417333160992712]",[2.4187,2.4187,1,0.335504992,,,22,1,2019_Mar_12_1451,FaceNameBlocked,3.0.0,60.00494885,0
FacesBlock3.xlsx,Shelby.mp4,Shelby.JPG,Shelby,36,0,2,2,2,0,2,2,6,,,,,,,0,2,3.568230432,,,,,,,0,0,,,,,22,1,2019_Mar_12_1451,FaceNameBlocked,3.0.0,60.00494885,0
FacesBlock3.xlsx,Shelby.mp4,Shelby.JPG,Shelby,36,0,2,2,2,,,,,0,4,4,6,,,,,,,,Shelby,1,"['rshift', 's', 'h', 'e', 'l', 'b', 'y']","[1.1182710920111276, 1.1689045760431327, 1.3519154690438882, 1.4852605420164764, 1.7023136820062064, 1.8837780890171416, 2.118725534004625]",[1.1182,1.1182,1,0.533521534,,,22,1,2019_Mar_12_1451,FaceNameBlocked,3.0.0,60.00494885,1
FacesBlock2.xlsx,Steven.mp4,Steven.JPG,Steven,17,0,1,1,1,0,4,4,2,,,,,,,1,1,1.302039388,,,,,,,0,0,,,,,22,1,2019_Mar_12_1451,FaceNameBlocked,3.0.0,60.00494885,0
FacesBlock2.xlsx,Steven.mp4,Steven.JPG,Steven,17,0,1,1,1,,,,,0,3,3,2,,,,,,,,Steven,1,"['rshift', 's', 't', 'e', 'v', 'e', 'n']","[1.0343297449871898, 1.052273751993198, 1.386028359993361, 1.5851330130244605, 1.8518101170193404, 2.0182866120012477, 2.2684532360290177]",[1.0343,1.0343,4,1.651564901,,,22,1,2019_Mar_12_1451,FaceNameBlocked,3.0.0,60.00494885,1
FacesBlock4.xlsx,Taylor.mp4,Taylor.JPG,Taylor,45,0,3,3,3,0,9,9,0,,,,,,,0,2,0.336491495,,,,,,,0,0,,,,,22,1,2019_Mar_12_1451,FaceNameBlocked,3.0.0,60.00494885,0
FacesBlock4.xlsx,Taylor.mp4,Taylor.JPG,Taylor,45,0,3,3,3,,,,,0,13,13,0,,,,,,,,Taylor,1,"['rshift', 't', 'a', 'y', 'l', 'o', 'r']","[1.9338598260073923, 2.0851159199955873, 2.351738571014721, 2.601198560965713, 4.567988085967954, 5.233740490977652, 5.5840085439849645]",[1.9338,1.9338,3,0.368708864,,,22,1,2019_Mar_12_1451,FaceNameBlocked,3.0.0,60.00494885,1
FacesBlock3.xlsx,Thomas.mp4,Thomas.JPG,Thomas,44,0,2,2,2,0,10,10,14,,,,,,,1,1,0.619589942,,,,,,,0,0,,,,,22,1,2019_Mar_12_1451,FaceNameBlocked,3.0.0,60.00494885,0
FacesBlock3.xlsx,Thomas.mp4,Thomas.JPG,Thomas,44,0,2,2,2,,,,,0,3,3,14,,,,,,,,Nathan,0,"['lshift', 'n', 'a', 'h', 'backspace', 't', 'h', 'a', 'n']","[2.4174014090094715, 2.5849145100219175, 3.251539146003779, 3.834099792991765, 4.567097079008818, 4.801195357984398, 4.90135125303641, 5.0984646290307865, 5.184400648984592]",[2.4174,2.4174,2,0.818989073,,,22,1,2019_Mar_12_1451,FaceNameBlocked,3.0.0,60.00494885,0
FacesBlock1.xlsx,Timothy.mp4,Timothy.JPG,Timothy,10,0,0,0,0,0,0,0,10,,,,,,,1,1,2.101521734,,,,,,,0,0,,,,,22,1,2019_Mar_12_1451,FaceNameBlocked,3.0.0,60.00494885,0
FacesBlock1.xlsx,Timothy.mp4,Timothy.JPG,Timothy,10,0,0,0,0,,,,,0,9,9,10,,,,,,,,Eric,0,"['rshift', 'e', 'r', 'i', 'c']","[8.831535343022551, 8.91668905102415, 9.100062320008874, 9.249728801019955, 9.399800713988952]",[8.8315,8.8315,3,1.95090938,,,22,1,2019_Mar_12_1451,FaceNameBlocked,3.0.0,60.00494885,0
FacesBlock2.xlsx,Trevor.mp4,Trevor.JPG,Trevor,21,0,1,1,1,0,6,6,6,,,,,,,1,1,0.902863958,,,,,,,0,0,,,,,22,1,2019_Mar_12_1451,FaceNameBlocked,3.0.0,60.00494885,0
FacesBlock2.xlsx,Trevor.mp4,Trevor.JPG,Trevor,21,0,1,1,1,,,,,0,1,1,6,,,,,,,,,0,None,,0,0,1,1.018356901,,,22,1,2019_Mar_12_1451,FaceNameBlocked,3.0.0,60.00494885,0
FacesBlock2.xlsx,Tyler.mp4,Tyler.JPG,Tyler,22,0,1,1,1,0,11,11,7,,,,,,,0,1,0.619690873,,,,,,,0,0,,,,,22,1,2019_Mar_12_1451,FaceNameBlocked,3.0.0,60.00494885,0
FacesBlock2.xlsx,Tyler.mp4,Tyler.JPG,Tyler,22,0,1,1,1,,,,,0,0,0,7,,,,,,space,18.81283504,Aaron,0,"['rshift', 'a', 'a', 'r', 'o', 'n']","[3.0996341819991358, 3.2178904499742202, 4.049142303992994, 4.334617126965895, 4.55054896697402, 4.750376658979803]",[3.0996,3.0996,1,2.518298769,,,22,1,2019_Mar_12_1451,FaceNameBlocked,3.0.0,60.00494885,0
,,,,,,,,,,,,,,,,,space,41.62292618,,,,,,,,,,,,,,,,22,1,2019_Mar_12_1451,FaceNameBlocked,3.0.0,60.00494885,
,,,,,,,,,,,,,,,,,,,,,,,,,,,,,,,,space,733.3452143,22,1,2019_Mar_12_1451,FaceNameBlocked,3.0.0,60.00494885,