condsFile,Video,Photo,Name,Row,blocks.thisRepN,blocks.thisTrialN,blocks.thisN,blocks.thisIndex,presentations.thisRepN,presentations.thisTrialN,presentations.thisN,presentations.thisIndex,testing.thisRepN,testing.thisTrialN,testing.thisN,testing.thisIndex,advance_1.keys,advance_1.rt,currentCond,judgementResp.keys,judgementResp.rt,advance_2.keys,advance_2.rt,inputText,Accuracy,key_resp_3.keys,key_resp_3.rt,trim1,key_resp3_fin,rating_resp.keys,rating_resp.rt,end_key.keys,end_key.rt,participant,session,date,expName,psychopyVersion,frameRate,Correct/Incorrect Response
FacesBlock2.xlsx,Aaron.mp4,Aaron.JPG,Aaron,18,0,1,1,1,0,1,1,3,,,,,,,1,1,0.896486666,,,,,,,0,0,,,,,25,1,2019_Mar_13_1254,FaceNameBlocked,3.0.0,85.0199882,0
FacesBlock2.xlsx,Aaron.mp4,Aaron.JPG,Aaron,18,0,1,1,1,,,,,0,14,14,3,,,,,,,,,0,None,,0,0,1,1.152971794,,,25,1,2019_Mar_13_1254,FaceNameBlocked,3.0.0,85.0199882,0
FacesBlock1.xlsx,Adam.mp4,Adam.JPG,Adam,5,0,0,0,0,0,8,8,5,,,,,,,1,1,0.249638968,,,,,,,0,0,,,,,25,1,2019_Mar_13_1254,FaceNameBlocked,3.0.0,85.0199882,0
FacesBlock1.xlsx,Adam.mp4,Adam.JPG,Adam,5,0,0,0,0,,,,,0,1,1,5,,,,,,,,jake,0,"['j', 'a', 'k', 'e', 'return']","[4.424129471000015, 5.000225914999646, 5.3506317299998045, 5.517517958000099, 5.717533318999813]",[4.4241,4.4241,1,0.990722382,,,25,1,2019_Mar_13_1254,FaceNameBlocked,3.0.0,85.0199882,0
FacesBlock4.xlsx,Alyssa.mp4,Alyssa.JPG,Alyssa,55,0,3,3,3,0,8,8,10,,,,,,,0,2,0.250281963,,,,,,,0,0,,,,,25,1,2019_Mar_13_1254,FaceNameBlocked,3.0.0,85.0199882,0
FacesBlock4.xlsx,Alyssa.mp4,Alyssa.JPG,Alyssa,55,0,3,3,3,,,,,0,3,3,10,,,,,,,,,0,None,,0,0,1,0.190404266,,,25,1,2019_Mar_13_1254,FaceNameBlocked,3.0.0,85.0199882,0
FacesBlock1.xlsx,Amanda.mp4,Amanda.JPG,Amanda,2,0,0,0,0,0,9,9,2,,,,,,,0,2,0.014369765,,,,,,,0,0,,,,,25,1,2019_Mar_13_1254,FaceNameBlocked,3.0.0,85.0199882,0
FacesBlock1.xlsx,Amanda.mp4,Amanda.JPG,Amanda,2,0,0,0,0,,,,,0,12,12,2,,,,,,,,stacy,0,"['s', 't', 'a', 'c', 'y']","[3.564141829999244, 3.987352770999678, 4.071756775999347, 4.412786430999404, 4.60108751199914]",[3.5641,3.5641,1,0.366795894,,,25,1,2019_Mar_13_1254,FaceNameBlocked,3.0.0,85.0199882,0
FacesBlock4.xlsx,Andrew.mp4,Andrew.JPG,Andrew,51,0,3,3,3,0,4,4,6,,,,,,,0,1,0.238350766,,,,,,,0,0,,,,,25,1,2019_Mar_13_1254,FaceNameBlocked,3.0.0,85.0199882,0
FacesBlock4.xlsx,Andrew.mp4,Andrew.JPG,Andrew,51,0,3,3,3,,,,,0,11,11,6,,,,,,,,,0,None,,0,0,1,0.660712557,,,25,1,2019_Mar_13_1254,FaceNameBlocked,3.0.0,85.0199882,0
FacesBlock4.xlsx,Anna.mp4,Anna.JPG,Anna,47,0,3,3,3,0,3,3,2,,,,,,,1,2,0.214797133,,,,,,,0,0,,,,,25,1,2019_Mar_13_1254,FaceNameBlocked,3.0.0,85.0199882,0
FacesBlock4.xlsx,Anna.mp4,Anna.JPG,Anna,47,0,3,3,3,,,,,0,6,6,2,,,,,,,,anna,1,"['a', 'n', 'n', 'a']","[1.3891509300001417, 1.67127568000069, 1.8237288810005339, 1.9298628730002747]",[1.3891,1.3891,4,0.202596848,,,25,1,2019_Mar_13_1254,FaceNameBlocked,3.0.0,85.0199882,1
FacesBlock2.xlsx,Ashley.mp4,Ashley.JPG,Ashley,24,0,1,1,1,0,13,13,9,,,,,,,0,2,0.343529078,,,,,,,0,0,,,,,25,1,2019_Mar_13_1254,FaceNameBlocked,3.0.0,85.0199882,0
FacesBlock2.xlsx,Ashley.mp4,Ashley.JPG,Ashley,24,0,1,1,1,,,,,0,8,8,9,,,,,,,,annie,0,"['a', 'n', 'n', 'i', 'e']","[2.107836774000134, 2.5308554209996146, 2.765586401999826, 2.872084910999547, 3.083890533000158]",[2.1078,2.1078,2,0.190668173,,,25,1,2019_Mar_13_1254,FaceNameBlocked,3.0.0,85.0199882,0
FacesBlock1.xlsx,Bradley.mp4,Bradley.JPG,Bradley,14,0,0,0,0,0,14,14,14,,,,,,,0,1,0.261558138,,,,,,,0,0,,,,,25,1,2019_Mar_13_1254,FaceNameBlocked,3.0.0,85.0199882,0
FacesBlock1.xlsx,Bradley.mp4,Bradley.JPG,Bradley,14,0,0,0,0,,,,,0,11,11,14,,,,,,,,james,0,"['j', 'a', 'm', 'e', 's']","[6.506606374000512, 6.647463430999778, 6.799666869999783, 6.9061152180001955, 7.176578063000306]",[6.5066,6.5066,1,0.273110155,,,25,1,2019_Mar_13_1254,FaceNameBlocked,3.0.0,85.0199882,0
FacesBlock4.xlsx,Brandon.mp4,Brandon.JPG,Brandon,56,0,3,3,3,0,6,6,11,,,,,,,0,1,0.309039872,,,,,,,0,0,,,,,25,1,2019_Mar_13_1254,FaceNameBlocked,3.0.0,85.0199882,0
FacesBlock4.xlsx,Brandon.mp4,Brandon.JPG,Brandon,56,0,3,3,3,,,,,0,13,13,11,,,,,,,,,0,None,,0,0,1,0.378904714,,,25,1,2019_Mar_13_1254,FaceNameBlocked,3.0.0,85.0199882,0
FacesBlock4.xlsx,Brian.mp4,Brian.JPG,Brian,53,0,3,3,3,0,9,9,8,,,,,,,0,1,0.544097437,,,,,,,0,0,,,,,25,1,2019_Mar_13_1254,FaceNameBlocked,3.0.0,85.0199882,0
FacesBlock4.xlsx,Brian.mp4,Brian.JPG,Brian,53,0,3,3,3,,,,,0,8,8,8,,,,,,,,brian,1,"['b', 'r', 'i', 'a', 'n']","[1.4481657799997265, 1.647987364999608, 1.9420691750001424, 2.141846450999765, 2.2949087139995754]",[1.4481,1.4481,4,0.179122231,,,25,1,2019_Mar_13_1254,FaceNameBlocked,3.0.0,85.0199882,1
FacesBlock4.xlsx,Brianna.mp4,Brianna.JPG,Brianna,48,0,3,3,3,0,0,0,3,,,,,,,0,2,0.884510595,,,,,,,0,0,,,,,25,1,2019_Mar_13_1254,FaceNameBlocked,3.0.0,85.0199882,0
FacesBlock4.xlsx,Brianna.mp4,Brianna.JPG,Brianna,48,0,3,3,3,,,,,0,5,5,3,,,,,,,,grace,0,"['g', 'r', 'a', 'c', 'e']","[2.0721121179994952, 2.2583268159996805, 2.6123902929994074, 3.624341892999837, 3.8709483259999615]",[2.0721,2.0721,2,0.178930047,,,25,1,2019_Mar_13_1254,FaceNameBlocked,3.0.0,85.0199882,0
FacesBlock2.xlsx,Brittany.mp4,Brittany.JPG,Brittany,28,0,1,1,1,0,9,9,13,,,,,,,0,2,0.426379247,,,,,,,0,0,,,,,25,1,2019_Mar_13_1254,FaceNameBlocked,3.0.0,85.0199882,0
FacesBlock2.xlsx,Brittany.mp4,Brittany.JPG,Brittany,28,0,1,1,1,,,,,0,1,1,13,,,,,,,,megan,0,"['m', 'e', 'g', 'a', 'n']","[2.4600663609999174, 2.6128324860001158, 2.919190100999913, 3.765866732000177, 3.88269974800005]",[2.4600,2.46,2,0.354654281,,,25,1,2019_Mar_13_1254,FaceNameBlocked,3.0.0,85.0199882,0
FacesBlock4.xlsx,Caleb.mp4,Caleb.JPG,Caleb,59,0,3,3,3,0,2,2,14,,,,,,,0,1,0.590593991,,,,,,,0,0,,,,,25,1,2019_Mar_13_1254,FaceNameBlocked,3.0.0,85.0199882,0
FacesBlock4.xlsx,Caleb.mp4,Caleb.JPG,Caleb,59,0,3,3,3,,,,,0,7,7,14,,,,,,,,jason,0,"['j', 'a', 's', 'o', 'n']","[3.083922222000183, 3.2372407439997914, 3.5654023630004303, 3.6948167040000044, 3.965573258000404]",[3.0839,3.0839,2,0.225816638,,,25,1,2019_Mar_13_1254,FaceNameBlocked,3.0.0,85.0199882,0
FacesBlock2.xlsx,Cody.mp4,Cody.JPG,Cody,23,0,1,1,1,0,14,14,8,,,,,,,0,1,0.22602388,,,,,,,0,0,,,,,25,1,2019_Mar_13_1254,FaceNameBlocked,3.0.0,85.0199882,0
FacesBlock2.xlsx,Cody.mp4,Cody.JPG,Cody,23,0,1,1,1,,,,,0,12,12,8,,,,,,,,cody,1,"['c', 'o', 'd', 'y']","[1.248690606999844, 1.389811510999607, 1.5194172479996269, 1.89404447600009]",[1.2486,1.2486,4,0.308153135,,,25,1,2019_Mar_13_1254,FaceNameBlocked,3.0.0,85.0199882,1
FacesBlock3.xlsx,Courtney.mp4,Courtney.JPG,Courtney,42,0,2,2,2,0,3,3,12,,,,,,,1,2,0.168079897,,,,,,,0,0,,,,,25,1,2019_Mar_13_1254,FaceNameBlocked,3.0.0,85.0199882,0
FacesBlock3.xlsx,Courtney.mp4,Courtney.JPG,Courtney,42,0,2,2,2,,,,,0,5,5,12,,,,,,,,,0,None,,0,0,1,0.225396083,,,25,1,2019_Mar_13_1254,FaceNameBlocked,3.0.0,85.0199882,0
FacesBlock3.xlsx,Daniel.mp4,Daniel.JPG,Daniel,30,0,2,2,2,0,14,14,0,,,,,,,0,1,0.390809102,,,,,,,0,0,,,,,25,1,2019_Mar_13_1254,FaceNameBlocked,3.0.0,85.0199882,0
FacesBlock3.xlsx,Daniel.mp4,Daniel.JPG,Daniel,30,0,2,2,2,,,,,0,10,10,0,,,,,,,,,0,None,,0,0,1,0.542837987,,,25,1,2019_Mar_13_1254,FaceNameBlocked,3.0.0,85.0199882,0
FacesBlock1.xlsx,Danielle.mp4,Danielle.JPG,Danielle,3,0,0,0,0,0,12,12,3,,,,,,,1,2,0.214566653,,,,,,,0,0,,,,,25,1,2019_Mar_13_1254,FaceNameBlocked,3.0.0,85.0199882,0
FacesBlock1.xlsx,Danielle.mp4,Danielle.JPG,Danielle,3,0,0,0,0,,,,,0,14,14,3,,,,,,,,,0,None,,0,0,1,0.296376129,,,25,1,2019_Mar_13_1254,FaceNameBlocked,3.0.0,85.0199882,0
FacesBlock2.xlsx,David.mp4,David.JPG,David,16,0,1,1,1,0,8,8,1,,,,,,,0,1,0.379598034,,,,,,,0,0,,,,,25,1,2019_Mar_13_1254,FaceNameBlocked,3.0.0,85.0199882,0
FacesBlock2.xlsx,David.mp4,David.JPG,David,16,0,1,1,1,,,,,0,4,4,1,,,,,,,,drew,0,"['d', 'r', 'e', 'w']","[4.847909668000284, 5.106522351999956, 6.353110979999656, 6.611431811999864]",[4.8479,4.8479,1,1.046887232,,,25,1,2019_Mar_13_1254,FaceNameBlocked,3.0.0,85.0199882,0
FacesBlock4.xlsx,Dylan.mp4,Dylan.JPG,Dylan,50,0,3,3,3,0,1,1,5,,,,,,,1,1,0.273013922,,,,,,,0,0,,,,,25,1,2019_Mar_13_1254,FaceNameBlocked,3.0.0,85.0199882,0
FacesBlock4.xlsx,Dylan.mp4,Dylan.JPG,Dylan,50,0,3,3,3,,,,,0,0,0,5,,,,,,space,15.22131902,daniel,0,"['d', 'a', 'n', 'e', 'backspace', 'i', 'e', 'l']","[2.3298631529996783, 4.400247339000089, 4.623896842999784, 5.752755114000138, 6.234534673999406, 6.552591847000258, 6.65634598699944, 6.811185706999822]",[2.3298,2.3298,1,0.377709762,,,25,1,2019_Mar_13_1254,FaceNameBlocked,3.0.0,85.0199882,0
FacesBlock4.xlsx,Emily.mp4,Emily.JPG,Emily,57,0,3,3,3,0,7,7,12,,,,,,,1,2,0.44989034,,,,,,,0,0,,,,,25,1,2019_Mar_13_1254,FaceNameBlocked,3.0.0,85.0199882,0
FacesBlock4.xlsx,Emily.mp4,Emily.JPG,Emily,57,0,3,3,3,,,,,0,4,4,12,,,,,,,,emily,1,"['e', 'm', 'i', 'y', 'semicolon', 'backspace', 'y', 'backspace', 'l', 'y']","[1.048874760000217, 1.3528778680001778, 1.5544442119999076, 2.203820654000083, 2.6479053299999578, 3.636074029000156, 4.37632901500001, 4.777445819000604, 4.894962396000665]",[1.0488,1.0488,3,0.496409484,,,25,1,2019_Mar_13_1254,FaceNameBlocked,3.0.0,85.0199882,1
FacesBlock1.xlsx,Eric.mp4,Eric.JPG,Eric,0,0,0,0,0,0,11,11,0,,,,,,,0,1,0.225700465,,,,,,,0,0,,,,,25,1,2019_Mar_13_1254,FaceNameBlocked,3.0.0,85.0199882,0
FacesBlock1.xlsx,Eric.mp4,Eric.JPG,Eric,0,0,0,0,0,,,,,0,13,13,0,,,,,,,,mike,0,"['m', 'i', 'k', 'e']","[5.8821531809999215, 6.16436213399993, 6.5275213479999366, 6.600152807999621]",[5.8821,5.8821,1,0.237628257,,,25,1,2019_Mar_13_1254,FaceNameBlocked,3.0.0,85.0199882,0
FacesBlock1.xlsx,Ethan.mp4,Ethan.JPG,Ethan,11,0,0,0,0,0,4,4,11,,,,,,,0,1,0.262282619,,,,,,,0,0,,,,,25,1,2019_Mar_13_1254,FaceNameBlocked,3.0.0,85.0199882,0
FacesBlock1.xlsx,Ethan.mp4,Ethan.JPG,Ethan,11,0,0,0,0,,,,,0,4,4,11,,,,,,,,matthew,0,"['m', 'a', 't', 't', 'h', 'e', 'w']","[2.2826185509993593, 2.765689709000071, 3.3165322439999727, 3.483240743999886, 3.6124756489998617, 3.81252834299994, 4.0357857009994405]",[2.2826,2.2826,1,0.978923756,,,25,1,2019_Mar_13_1254,FaceNameBlocked,3.0.0,85.0199882,0
FacesBlock4.xlsx,Grace.mp4,Grace.JPG,Grace,58,0,3,3,3,0,5,5,13,,,,,,,0,2,0.190864657,,,,,,,0,0,,,,,25,1,2019_Mar_13_1254,FaceNameBlocked,3.0.0,85.0199882,0
FacesBlock4.xlsx,Grace.mp4,Grace.JPG,Grace,58,0,3,3,3,,,,,0,14,14,13,,,,,,,,,0,None,,0,0,1,0.214100864,,,25,1,2019_Mar_13_1254,FaceNameBlocked,3.0.0,85.0199882,0
FacesBlock2.xlsx,Haley.mp4,Haley.JPG,Haley,20,0,1,1,1,0,5,5,5,,,,,,,0,2,0.297200122,,,,,,,0,0,,,,,25,1,2019_Mar_13_1254,FaceNameBlocked,3.0.0,85.0199882,0
FacesBlock2.xlsx,Haley.mp4,Haley.JPG,Haley,20,0,1,1,1,,,,,0,13,13,5,,,,,,,,diane,0,"['d', 'i', 'a', 'n', 'e']","[5.718208782000147, 6.07124605899935, 6.200287798999852, 6.41217386199969, 6.623660749999544]",[5.7182,5.7182,2,0.260655819,,,25,1,2019_Mar_13_1254,FaceNameBlocked,3.0.0,85.0199882,0
FacesBlock1.xlsx,Hannah.mp4,Hannah.JPG,Hannah,1,0,0,0,0,0,13,13,1,,,,,,,1,2,0.202491186,,,,,,,0,0,,,,,25,1,2019_Mar_13_1254,FaceNameBlocked,3.0.0,85.0199882,0
FacesBlock1.xlsx,Hannah.mp4,Hannah.JPG,Hannah,1,0,0,0,0,,,,,0,7,7,1,,,,,,,,,0,None,,0,0,1,0.272238091,,,25,1,2019_Mar_13_1254,FaceNameBlocked,3.0.0,85.0199882,0
FacesBlock2.xlsx,Heather.mp4,Heather.JPG,Heather,26,0,1,1,1,0,4,4,11,,,,,,,1,2,0.12036082,,,,,,,0,0,,,,,25,1,2019_Mar_13_1254,FaceNameBlocked,3.0.0,85.0199882,0
FacesBlock2.xlsx,Heather.mp4,Heather.JPG,Heather,26,0,1,1,1,,,,,0,0,0,11,,,,,,space,6.647666197,,0,None,,0,0,1,0.261790785,,,25,1,2019_Mar_13_1254,FaceNameBlocked,3.0.0,85.0199882,0
FacesBlock3.xlsx,Jacob.mp4,Jacob.JPG,Jacob,39,0,2,2,2,0,5,5,9,,,,,,,1,1,0.600053868,,,,,,,0,0,,,,,25,1,2019_Mar_13_1254,FaceNameBlocked,3.0.0,85.0199882,0
FacesBlock3.xlsx,Jacob.mp4,Jacob.JPG,Jacob,39,0,2,2,2,,,,,0,14,14,9,,,,,,,,kevin,0,"['k', 'e', 'v', 'i', 'n', 'rshift', 'question']","[4.460883278000438, 4.507435728000019, 4.787985724000464, 5.589550261000113, 5.8369524310001, 6.635128521999832, 6.777080961000138]",[4.4608,4.4608,2,0.705555135,,,25,1,2019_Mar_13_1254,FaceNameBlocked,3.0.0,85.0199882,0
FacesBlock4.xlsx,Jason.mp4,Jason.JPG,Jason,49,0,3,3,3,0,13,13,4,,,,,,,1,1,0.212207946,,,,,,,0,0,,,,,25,1,2019_Mar_13_1254,FaceNameBlocked,3.0.0,85.0199882,0
FacesBlock4.xlsx,Jason.mp4,Jason.JPG,Jason,49,0,3,3,3,,,,,0,12,12,4,,,,,,,,jason,1,"['j', 'a', 's', 'o', 'n']","[1.7543536620005398, 1.8730925600002593, 2.0607026280003993, 2.1313156890000755, 2.3075281510000423]",[1.7543,1.7543,3,0.296374792,,,25,1,2019_Mar_13_1254,FaceNameBlocked,3.0.0,85.0199882,1
FacesBlock1.xlsx,Jenna.mp4,Jenna.JPG,Jenna,6,0,0,0,0,0,3,3,6,,,,,,,1,2,0.191318756,,,,,,,0,0,,,,,25,1,2019_Mar_13_1254,FaceNameBlocked,3.0.0,85.0199882,0
FacesBlock1.xlsx,Jenna.mp4,Jenna.JPG,Jenna,6,0,0,0,0,,,,,0,3,3,6,,,,,,,,jenna,1,"['j', 'e', 's', 's', 'i', 'c', 'a', 'backspace', 'backspace', 'backspace', 'backspace', 'backspace', 'n', 'n', 'a']","[1.6131375180002578, 1.7896924710003077, 2.765790275000654, 2.907022528000198, 3.095151973000611, 3.189470326999981, 3.530619578000369, 5.975864841000657, 6.1519554100004825, 6.317299691000699, 6.4703011040001, 6.598887862000083, 7.176813783999933, 7.317501969000659, 7.411876463000226]",[1.6131,1.6131,2,0.519646951,,,25,1,2019_Mar_13_1254,FaceNameBlocked,3.0.0,85.0199882,1
FacesBlock2.xlsx,Jeremy.mp4,Jeremy.JPG,Jeremy,15,0,1,1,1,0,11,11,0,,,,,,,1,1,0.203181585,,,,,,,0,0,,,,,25,1,2019_Mar_13_1254,FaceNameBlocked,3.0.0,85.0199882,0
FacesBlock2.xlsx,Jeremy.mp4,Jeremy.JPG,Jeremy,15,0,1,1,1,,,,,0,6,6,0,,,,,,,,,0,None,,0,0,1,0.296707763,,,25,1,2019_Mar_13_1254,FaceNameBlocked,3.0.0,85.0199882,0
FacesBlock1.xlsx,Jessica.mp4,Jessica.JPG,Jessica,8,0,0,0,0,0,7,7,8,,,,,,,1,2,0.484577468,,,,,,,0,0,,,,,25,1,2019_Mar_13_1254,FaceNameBlocked,3.0.0,85.0199882,0
FacesBlock1.xlsx,Jessica.mp4,Jessica.JPG,Jessica,8,0,0,0,0,,,,,0,10,10,8,,,,,,,,,0,None,,0,0,1,0.249089689,,,25,1,2019_Mar_13_1254,FaceNameBlocked,3.0.0,85.0199882,0
FacesBlock2.xlsx,Josh.mp4,Josh.JPG,Josh,19,0,1,1,1,0,12,12,4,,,,,,,1,1,0.144130063,,,,,,,0,0,,,,,25,1,2019_Mar_13_1254,FaceNameBlocked,3.0.0,85.0199882,0
FacesBlock2.xlsx,Josh.mp4,Josh.JPG,Josh,19,0,1,1,1,,,,,0,9,9,4,,,,,,,,josh,1,"['j', 'o', 's', 'h']","[1.3195922920003795, 1.4602262340004017, 1.6015287810005248, 1.7901381280007627]",[1.3195,1.3195,4,1.202021597,,,25,1,2019_Mar_13_1254,FaceNameBlocked,3.0.0,85.0199882,1
FacesBlock1.xlsx,Julia.mp4,Julia.JPG,Julia,13,0,0,0,0,0,2,2,13,,,,,,,0,2,0.473516797,,,,,,,0,0,,,,,25,1,2019_Mar_13_1254,FaceNameBlocked,3.0.0,85.0199882,0
FacesBlock1.xlsx,Julia.mp4,Julia.JPG,Julia,13,0,0,0,0,,,,,0,6,6,13,,,,,,,,,0,"['m', 'a', 'backspace', 'backspace']","[7.212377541999558, 7.506249076000131, 8.187688041000001, 8.423234748999676]",[7.2123,7.2123,1,1.635210979,,,25,1,2019_Mar_13_1254,FaceNameBlocked,3.0.0,85.0199882,0
FacesBlock2.xlsx,Justin.mp4,Justin.JPG,Justin,27,0,1,1,1,0,0,0,12,,,,,,,0,1,1.579565957,,,,,,,0,0,,,,,25,1,2019_Mar_13_1254,FaceNameBlocked,3.0.0,85.0199882,0
FacesBlock2.xlsx,Justin.mp4,Justin.JPG,Justin,27,0,1,1,1,,,,,0,2,2,12,,,,,,,,justin,1,"['j', 'u', 's', 't', 'i', 'n']","[2.2234348080000927, 2.4238426719994095, 2.5078122119994077, 2.895671047000178, 3.0253335419993164, 3.2956556700000874]",[2.2234,2.2234,2,0.355064233,,,25,1,2019_Mar_13_1254,FaceNameBlocked,3.0.0,85.0199882,1
FacesBlock4.xlsx,Katie.mp4,Katie.JPG,Katie,54,0,3,3,3,0,12,12,9,,,,,,,1,2,0.21415513,,,,,,,0,0,,,,,25,1,2019_Mar_13_1254,FaceNameBlocked,3.0.0,85.0199882,0
FacesBlock4.xlsx,Katie.mp4,Katie.JPG,Katie,54,0,3,3,3,,,,,0,2,2,9,,,,,,,,,0,None,,0,0,1,0.566954264,,,25,1,2019_Mar_13_1254,FaceNameBlocked,3.0.0,85.0199882,0
FacesBlock3.xlsx,Kayla.mp4,Kayla.JPG,Kayla,34,0,2,2,2,0,9,9,4,,,,,,,0,2,0.662137264,,,,,,,0,0,,,,,25,1,2019_Mar_13_1254,FaceNameBlocked,3.0.0,85.0199882,0
FacesBlock3.xlsx,Kayla.mp4,Kayla.JPG,Kayla,34,0,2,2,2,,,,,0,4,4,4,,,,,,,,,0,None,,0,0,1,0.190584279,,,25,1,2019_Mar_13_1254,FaceNameBlocked,3.0.0,85.0199882,0
FacesBlock1.xlsx,Kelsey.mp4,Kelsey.JPG,Kelsey,12,0,0,0,0,0,0,0,12,,,,,,,1,2,1.132403356,,,,,,,0,0,,,,,25,1,2019_Mar_13_1254,FaceNameBlocked,3.0.0,85.0199882,0
FacesBlock1.xlsx,Kelsey.mp4,Kelsey.JPG,Kelsey,12,0,0,0,0,,,,,0,5,5,12,,,,,,,,sydney,0,"['s', 'y', 'd', 'n', 'e', 'y']","[2.237092897000366, 2.860256584000126, 3.2933730029999424, 3.5417080039997018, 3.6126993580001, 3.86017760499999]",[2.2370,2.237,1,0.531137985,,,25,1,2019_Mar_13_1254,FaceNameBlocked,3.0.0,85.0199882,0
FacesBlock3.xlsx,Kevin.mp4,Kevin.JPG,Kevin,41,0,2,2,2,0,2,2,11,,,,,,,0,1,0.238718886,,,,,,,0,0,,,,,25,1,2019_Mar_13_1254,FaceNameBlocked,3.0.0,85.0199882,0
FacesBlock3.xlsx,Kevin.mp4,Kevin.JPG,Kevin,41,0,2,2,2,,,,,0,2,2,11,,,,,,,,daniel,0,"['d', 'a', 'n', 'i', 'e', 'l']","[6.247362861000511, 6.76519523800016, 7.071078408000176, 7.258617411000159, 7.4005383869998695, 7.576421707000009]",[6.2473,6.2473,2,0.343391653,,,25,1,2019_Mar_13_1254,FaceNameBlocked,3.0.0,85.0199882,0
FacesBlock1.xlsx,Kyle.mp4,Kyle.JPG,Kyle,4,0,0,0,0,0,5,5,4,,,,,,,0,1,0.050602226,,,,,,,0,0,,,,,25,1,2019_Mar_13_1254,FaceNameBlocked,3.0.0,85.0199882,0
FacesBlock1.xlsx,Kyle.mp4,Kyle.JPG,Kyle,4,0,0,0,0,,,,,0,2,2,4,,,,,,,,michael,0,"['m', 'i', 'c', 'h', 'a', 'e', 'l']","[1.8948883610000848, 2.2130951600001936, 2.8361581340004705, 2.9296440409998468, 3.3182357240002602, 3.64792761300032, 3.9417950500001098]",[1.8948,1.8948,1,0.447372652,,,25,1,2019_Mar_13_1254,FaceNameBlocked,3.0.0,85.0199882,0
FacesBlock3.xlsx,Lauren.mp4,Lauren.JPG,Lauren,38,0,2,2,2,0,12,12,8,,,,,,,1,2,0.179996083,,,,,,,0,0,,,,,25,1,2019_Mar_13_1254,FaceNameBlocked,3.0.0,85.0199882,0
FacesBlock3.xlsx,Lauren.mp4,Lauren.JPG,Lauren,38,0,2,2,2,,,,,0,3,3,8,,,,,,,,,0,None,,0,0,1,0.225346755,,,25,1,2019_Mar_13_1254,FaceNameBlocked,3.0.0,85.0199882,0
FacesBlock3.xlsx,Mark.mp4,Mark.JPG,Mark,40,0,2,2,2,0,11,11,10,,,,,,,0,1,0.191485776,,,,,,,0,0,,,,,25,1,2019_Mar_13_1254,FaceNameBlocked,3.0.0,85.0199882,0
FacesBlock3.xlsx,Mark.mp4,Mark.JPG,Mark,40,0,2,2,2,,,,,0,8,8,10,,,,,,,,mark,1,"['m', 'a', 'r', 'k']","[1.4375722300001144, 1.4845489270001053, 2.0371890959995653, 2.1430634339994867]",[1.4375,1.4375,4,0.2609231,,,25,1,2019_Mar_13_1254,FaceNameBlocked,3.0.0,85.0199882,1
FacesBlock1.xlsx,Matthew.mp4,Matthew.JPG,Matthew,9,0,0,0,0,0,6,6,9,,,,,,,1,1,0.120554286,,,,,,,0,0,,,,,25,1,2019_Mar_13_1254,FaceNameBlocked,3.0.0,85.0199882,0
FacesBlock1.xlsx,Matthew.mp4,Matthew.JPG,Matthew,9,0,0,0,0,,,,,0,0,0,9,,,,,,space,13.53931318,,0,None,,0,0,1,2.061027332,,,25,1,2019_Mar_13_1254,FaceNameBlocked,3.0.0,85.0199882,0
FacesBlock2.xlsx,Megan.mp4,Megan.JPG,Megan,25,0,1,1,1,0,3,3,10,,,,,,,1,2,0.156561804,,,,,,,0,0,,,,,25,1,2019_Mar_13_1254,FaceNameBlocked,3.0.0,85.0199882,0
FacesBlock2.xlsx,Megan.mp4,Megan.JPG,Megan,25,0,1,1,1,,,,,0,5,5,10,,,,,,,,,0,None,,0,0,1,0.214260941,,,25,1,2019_Mar_13_1254,FaceNameBlocked,3.0.0,85.0199882,0
FacesBlock4.xlsx,Michael.mp4,Michael.JPG,Michael,46,0,3,3,3,0,14,14,1,,,,,,,1,1,0.755809226,,,,,,,0,0,,,,,25,1,2019_Mar_13_1254,FaceNameBlocked,3.0.0,85.0199882,0
FacesBlock4.xlsx,Michael.mp4,Michael.JPG,Michael,46,0,3,3,3,,,,,0,9,9,1,,,,,,,,michael,1,"['m', 'i', 'c', 'h', 'a', 'e', 'l']","[1.0843342349999148, 1.1663282419995085, 1.4717776239995146, 1.766151001000253, 2.013254810000035, 2.2835530989996187, 2.436784321000232]",[1.0843,1.0843,4,0.178658338,,,25,1,2019_Mar_13_1254,FaceNameBlocked,3.0.0,85.0199882,1
FacesBlock4.xlsx,Michelle.mp4,Michelle.JPG,Michelle,52,0,3,3,3,0,11,11,7,,,,,,,0,2,0.885638133,,,,,,,0,0,,,,,25,1,2019_Mar_13_1254,FaceNameBlocked,3.0.0,85.0199882,0
FacesBlock4.xlsx,Michelle.mp4,Michelle.JPG,Michelle,52,0,3,3,3,,,,,0,1,1,7,,,,,,,,,0,None,,0,0,1,0.143572483,,,25,1,2019_Mar_13_1254,FaceNameBlocked,3.0.0,85.0199882,0
FacesBlock1.xlsx,Natalie.mp4,Natalie.JPG,Natalie,7,0,0,0,0,0,1,1,7,,,,,,,0,2,0.273882821,,,,,,,0,0,,,,,25,1,2019_Mar_13_1254,FaceNameBlocked,3.0.0,85.0199882,0
FacesBlock1.xlsx,Natalie.mp4,Natalie.JPG,Natalie,7,0,0,0,0,,,,,0,8,8,7,,,,,,,,michaela,0,"['m', 'i', 'c', 'h', 'a', 'e', 'l', 'a']","[3.0012628960002985, 3.2832317630000034, 3.4714367960004893, 3.647908949000339, 3.8361591359998783, 4.094992481999725, 4.2244708460002585, 4.377381938000326]",[3.0012,3.0012,1,0.379097067,,,25,1,2019_Mar_13_1254,FaceNameBlocked,3.0.0,85.0199882,0
FacesBlock3.xlsx,Nathan.mp4,Nathan.JPG,Nathan,37,0,2,2,2,0,7,7,7,,,,,,,0,1,0.391799405,,,,,,,0,0,,,,,25,1,2019_Mar_13_1254,FaceNameBlocked,3.0.0,85.0199882,0
FacesBlock3.xlsx,Nathan.mp4,Nathan.JPG,Nathan,37,0,2,2,2,,,,,0,0,0,7,,,,,,space,6.330172448,kevin,0,"['k', 'e', 'v', 'i', 'n']","[3.31852909600002, 3.459943419999945, 3.730645405999894, 3.8815150500004165, 4.024586321000243]",[3.3185,3.3185,2,0.296914221,,,25,1,2019_Mar_13_1254,FaceNameBlocked,3.0.0,85.0199882,0
FacesBlock3.xlsx,Nicole.mp4,Nicole.JPG,Nicole,43,0,2,2,2,0,10,10,13,,,,,,,1,2,0.214508818,,,,,,,0,0,,,,,25,1,2019_Mar_13_1254,FaceNameBlocked,3.0.0,85.0199882,0
FacesBlock3.xlsx,Nicole.mp4,Nicole.JPG,Nicole,43,0,2,2,2,,,,,0,12,12,13,,,,,,,,joanna,0,"['j', 'o', 'a', 'n', 'n', 'a']","[2.3548260030001984, 2.554683737000232, 2.9056317280001167, 3.1311025770000924, 3.318910103000235, 3.424610279999797]",[2.3548,2.3548,2,0.213868524,,,25,1,2019_Mar_13_1254,FaceNameBlocked,3.0.0,85.0199882,0
FacesBlock3.xlsx,Noah.mp4,Noah.JPG,Noah,31,0,2,2,2,0,0,0,1,,,,,,,1,1,1.365369015,,,,,,,0,0,,,,,25,1,2019_Mar_13_1254,FaceNameBlocked,3.0.0,85.0199882,0
FacesBlock3.xlsx,Noah.mp4,Noah.JPG,Noah,31,0,2,2,2,,,,,0,11,11,1,,,,,,,,noah,1,"['n', 'a', 'i', 'h', 'backspace', 'backspace', 'backspace', 'o', 'h', 'backspace', 'a', 'h']","[1.166030243000023, 1.3293062729999292, 1.3461940950001008, 1.554226571000072, 2.1887780629995177, 2.329533993000041, 2.447444593999535, 3.071574691999558, 3.635708134000197, 4.1999851029995625, 4.4119219229996816, 4.823807763999866]",[1.1660,1.166,4,0.366928429,,,25,1,2019_Mar_13_1254,FaceNameBlocked,3.0.0,85.0199882,1
FacesBlock3.xlsx,Olivia.mp4,Olivia.JPG,Olivia,35,0,2,2,2,0,4,4,5,,,,,,,1,2,0.331972302,,,,,,,0,0,,,,,25,1,2019_Mar_13_1254,FaceNameBlocked,3.0.0,85.0199882,0
FacesBlock3.xlsx,Olivia.mp4,Olivia.JPG,Olivia,35,0,2,2,2,,,,,0,1,1,5,,,,,,,,graciela,0,"['g', 'r', 'a', 'c', 'i', 'e', 'l', 'a']","[6.153451631999815, 6.353574318999563, 7.199987066000176, 7.72748269099975, 7.8711338269995395, 8.023440000999472, 8.222843789999388, 8.32754369399936]",[6.1534,6.1534,1,0.2468449,,,25,1,2019_Mar_13_1254,FaceNameBlocked,3.0.0,85.0199882,0
FacesBlock2.xlsx,Rachel.mp4,Rachel.JPG,Rachel,29,0,1,1,1,0,10,10,14,,,,,,,0,2,0.308632852,,,,,,,0,0,,,,,25,1,2019_Mar_13_1254,FaceNameBlocked,3.0.0,85.0199882,0
FacesBlock2.xlsx,Rachel.mp4,Rachel.JPG,Rachel,29,0,1,1,1,,,,,0,11,11,14,,,,,,,,jane,0,"['j', 'a', 'n', 'e']","[5.495520704000228, 5.600057632999778, 5.7659887579993665, 5.872243394999714]",[5.4955,5.4955,1,0.507513807,,,25,1,2019_Mar_13_1254,FaceNameBlocked,3.0.0,85.0199882,0
FacesBlock3.xlsx,Rebecca.mp4,Rebecca.JPG,Rebecca,32,0,2,2,2,0,1,1,2,,,,,,,0,2,0.897306506,,,,,,,0,0,,,,,25,1,2019_Mar_13_1254,FaceNameBlocked,3.0.0,85.0199882,0
FacesBlock3.xlsx,Rebecca.mp4,Rebecca.JPG,Rebecca,32,0,2,2,2,,,,,0,6,6,2,,,,,,,,rebecca,1,"['r', 'e', 'b', 'e', 'c', 'c', 'a']","[2.2116334339998502, 2.4489206859998376, 3.1075421490004373, 3.3544851309998194, 3.6366841970002497, 3.7541954130001614, 4.0368663330000345]",[2.2116,2.2116,4,0.249316811,,,25,1,2019_Mar_13_1254,FaceNameBlocked,3.0.0,85.0199882,1
FacesBlock3.xlsx,Sarah.mp4,Sarah.JPG,Sarah,33,0,2,2,2,0,6,6,3,,,,,,,0,2,0.191527225,,,,,,,0,0,,,,,25,1,2019_Mar_13_1254,FaceNameBlocked,3.0.0,85.0199882,0
FacesBlock3.xlsx,Sarah.mp4,Sarah.JPG,Sarah,33,0,2,2,2,,,,,0,9,9,3,,,,,,,,sarah,1,"['s', 'a', 'r', 'a', 'h']","[2.1665424979992167, 2.40120497099997, 2.5425454449996323, 2.6600814629991874, 3.177340021999953]",[2.1665,2.1665,3,0.201944947,,,25,1,2019_Mar_13_1254,FaceNameBlocked,3.0.0,85.0199882,1
FacesBlock3.xlsx,Shelby.mp4,Shelby.JPG,Shelby,36,0,2,2,2,0,8,8,6,,,,,,,1,2,0.062189704,,,,,,,0,0,,,,,25,1,2019_Mar_13_1254,FaceNameBlocked,3.0.0,85.0199882,0
FacesBlock3.xlsx,Shelby.mp4,Shelby.JPG,Shelby,36,0,2,2,2,,,,,0,13,13,6,,,,,,,,shelby,1,"['s', 'h', 'e', 'l', 'b', 'y']","[1.1904705870001635, 1.5547202630004904, 1.6725833979999152, 1.9548169280005823, 2.0841267610003342, 2.2842195510002057]",[1.1904,1.1904,4,0.224981216,,,25,1,2019_Mar_13_1254,FaceNameBlocked,3.0.0,85.0199882,1
FacesBlock2.xlsx,Steven.mp4,Steven.JPG,Steven,17,0,1,1,1,0,2,2,2,,,,,,,1,1,0.203079365,,,,,,,0,0,,,,,25,1,2019_Mar_13_1254,FaceNameBlocked,3.0.0,85.0199882,0
FacesBlock2.xlsx,Steven.mp4,Steven.JPG,Steven,17,0,1,1,1,,,,,0,7,7,2,,,,,,,,,0,None,,0,0,1,0.320005836,,,25,1,2019_Mar_13_1254,FaceNameBlocked,3.0.0,85.0199882,0
FacesBlock4.xlsx,Taylor.mp4,Taylor.JPG,Taylor,45,0,3,3,3,0,10,10,0,,,,,,,1,2,0.109197597,,,,,,,0,0,,,,,25,1,2019_Mar_13_1254,FaceNameBlocked,3.0.0,85.0199882,0
FacesBlock4.xlsx,Taylor.mp4,Taylor.JPG,Taylor,45,0,3,3,3,,,,,0,10,10,0,,,,,,,,taylor,1,"['t', 'a', 'y', 'l', 'o', 'r']","[2.5189015489995654, 2.90724937899995, 3.2604783549995773, 3.4364912619994357, 3.6709340529996553, 3.7657399859999714]",[2.5189,2.5189,3,0.190878087,,,25,1,2019_Mar_13_1254,FaceNameBlocked,3.0.0,85.0199882,1
FacesBlock3.xlsx,Thomas.mp4,Thomas.JPG,Thomas,44,0,2,2,2,0,13,13,14,,,,,,,1,1,0.262203097,,,,,,,0,0,,,,,25,1,2019_Mar_13_1254,FaceNameBlocked,3.0.0,85.0199882,0
FacesBlock3.xlsx,Thomas.mp4,Thomas.JPG,Thomas,44,0,2,2,2,,,,,0,7,7,14,,,,,,,,,0,None,,0,0,1,0.320254955,,,25,1,2019_Mar_13_1254,FaceNameBlocked,3.0.0,85.0199882,0
FacesBlock1.xlsx,Timothy.mp4,Timothy.JPG,Timothy,10,0,0,0,0,0,10,10,10,,,,,,,1,1,0.566362017,,,,,,,0,0,,,,,25,1,2019_Mar_13_1254,FaceNameBlocked,3.0.0,85.0199882,0
FacesBlock1.xlsx,Timothy.mp4,Timothy.JPG,Timothy,10,0,0,0,0,,,,,0,9,9,10,,,,,,,,chad,0,"['c', 'h', 'a', 'd']","[5.917829962999349, 6.20058964799955, 6.353608851999525, 6.623985113999879]",[5.9178,5.9178,1,0.355303384,,,25,1,2019_Mar_13_1254,FaceNameBlocked,3.0.0,85.0199882,0
FacesBlock2.xlsx,Trevor.mp4,Trevor.JPG,Trevor,21,0,1,1,1,0,7,7,6,,,,,,,0,1,0.437571423,,,,,,,0,0,,,,,25,1,2019_Mar_13_1254,FaceNameBlocked,3.0.0,85.0199882,0
FacesBlock2.xlsx,Trevor.mp4,Trevor.JPG,Trevor,21,0,1,1,1,,,,,0,10,10,6,,,,,,,,trevor,1,"['t', 'r', 'e', 'v', 'o', 'e', 'backspace', 'r']","[2.6725659789999554, 2.9293395200002124, 3.1428156410001975, 3.5288001429998985, 3.8484412249999878, 4.0251647140003115, 4.4236622409998745, 4.528937014999428]",[2.6725,2.6725,3,0.27296631,,,25,1,2019_Mar_13_1254,FaceNameBlocked,3.0.0,85.0199882,1
FacesBlock2.xlsx,Tyler.mp4,Tyler.JPG,Tyler,22,0,1,1,1,0,6,6,7,,,,,,,1,1,0.214867895,,,,,,,0,0,,,,,25,1,2019_Mar_13_1254,FaceNameBlocked,3.0.0,85.0199882,0
FacesBlock2.xlsx,Tyler.mp4,Tyler.JPG,Tyler,22,0,1,1,1,,,,,0,3,3,7,,,,,,,,aaron,0,"['a', 'a', 'r', 'o', 'n']","[2.1082205150005393, 2.3082573400006368, 2.6727701640002124, 2.8118153450004684, 3.7076373589998184]",[2.1082,2.1082,2,0.214158621,,,25,1,2019_Mar_13_1254,FaceNameBlocked,3.0.0,85.0199882,0
,,,,,,,,,,,,,,,,,space,104.2920595,,,,,,,,,,,,,,,,25,1,2019_Mar_13_1254,FaceNameBlocked,3.0.0,85.0199882,
,,,,,,,,,,,,,,,,,,,,,,,,,,,,,,,,space,1.69591358,25,1,2019_Mar_13_1254,FaceNameBlocked,3.0.0,85.0199882,