condsFile,Video,Photo,Name,Row,blocks.thisRepN,blocks.thisTrialN,blocks.thisN,blocks.thisIndex,presentations.thisRepN,presentations.thisTrialN,presentations.thisN,presentations.thisIndex,testing.thisRepN,testing.thisTrialN,testing.thisN,testing.thisIndex,advance_1.keys,advance_1.rt,currentCond,judgementResp.keys,judgementResp.rt,advance_2.keys,advance_2.rt,inputText,Accuracy,key_resp_3.keys,key_resp_3.rt,trim1,key_resp3_fin,rating_resp.keys,rating_resp.rt,end_key.keys,end_key.rt,participant,session,date,expName,psychopyVersion,frameRate,Correct//Incorrect Respnse
FacesBlock2.xlsx,Aaron.mp4,Aaron.JPG,Aaron,18,0,1,1,1,0,13,13,3,,,,,,,1,1,0.885732284,,,,,,,0,0,,,,,27,1,2019_Mar_14_1158,FaceNameBlocked,3.0.0,59.99058052,0
FacesBlock2.xlsx,Aaron.mp4,Aaron.JPG,Aaron,18,0,1,1,1,,,,,0,0,0,3,,,,,,space,6.283199839,aaron,1,"['a', 'a', 'r', 'o', 'n']","[2.3852792980032973, 3.068613702998846, 3.3843946319975657, 3.5178819360007765, 3.751057599001797]",[2.3852,2.3852,4,1.63487137,,,27,1,2019_Mar_14_1158,FaceNameBlocked,3.0.0,59.99058052,1
FacesBlock1.xlsx,Adam.mp4,Adam.JPG,Adam,5,0,0,0,0,0,8,8,5,,,,,,,1,1,0.336599037,,,,,,,0,0,,,,,27,1,2019_Mar_14_1158,FaceNameBlocked,3.0.0,59.99058052,0
FacesBlock1.xlsx,Adam.mp4,Adam.JPG,Adam,5,0,0,0,0,,,,,0,2,2,5,,,,,,,,adam,1,"['a', 'd', 'a', 'm']","[3.234481063991552, 3.4511116159992525, 3.584971663993201, 3.7178436769900145]",[3.2344,3.2344,3,1.200268396,,,27,1,2019_Mar_14_1158,FaceNameBlocked,3.0.0,59.99058052,1
FacesBlock4.xlsx,Alyssa.mp4,Alyssa.JPG,Alyssa,55,0,3,3,3,0,4,4,10,,,,,,,0,2,0.785973063,,,,,,,0,0,,,,,27,1,2019_Mar_14_1158,FaceNameBlocked,3.0.0,59.99058052,0
FacesBlock4.xlsx,Alyssa.mp4,Alyssa.JPG,Alyssa,55,0,3,3,3,,,,,0,1,1,10,,,,,,,,alyssa,1,"['a', 'l', 'l', 'backspace', 'y', 's', 's', 'a']","[2.3846305119950557, 2.5344771169911837, 2.668003727987525, 3.2175689729920123, 3.5173549199971603, 3.6008795039961115, 3.800896802000352, 3.934075932993437]",[2.3846,2.3846,4,0.435650279,,,27,1,2019_Mar_14_1158,FaceNameBlocked,3.0.0,59.99058052,1
FacesBlock1.xlsx,Amanda.mp4,Amanda.JPG,Amanda,2,0,0,0,0,0,10,10,2,,,,,,,1,2,0.269421222,,,,,,,0,0,,,,,27,1,2019_Mar_14_1158,FaceNameBlocked,3.0.0,59.99058052,0
FacesBlock1.xlsx,Amanda.mp4,Amanda.JPG,Amanda,2,0,0,0,0,,,,,0,3,3,2,,,,,,,,,0,None,,0,0,1,1.551937663,,,27,1,2019_Mar_14_1158,FaceNameBlocked,3.0.0,59.99058052,0
FacesBlock4.xlsx,Andrew.mp4,Andrew.JPG,Andrew,51,0,3,3,3,0,13,13,6,,,,,,,1,1,0.819364161,,,,,,,0,0,,,,,27,1,2019_Mar_14_1158,FaceNameBlocked,3.0.0,59.99058052,0
FacesBlock4.xlsx,Andrew.mp4,Andrew.JPG,Andrew,51,0,3,3,3,,,,,0,14,14,6,,,,,,,,caleb,0,"['c', 'a', 'l', 'e', 'b']","[3.1007358439965174, 3.3016279509902233, 3.4673690060008084, 3.600958440991235, 3.9168920469965087]",[3.1007,3.1007,2,0.601662381,,,27,1,2019_Mar_14_1158,FaceNameBlocked,3.0.0,59.99058052,0
FacesBlock4.xlsx,Anna.mp4,Anna.JPG,Anna,47,0,3,3,3,0,2,2,2,,,,,,,0,2,0.969508763,,,,,,,0,0,,,,,27,1,2019_Mar_14_1158,FaceNameBlocked,3.0.0,59.99058052,0
FacesBlock4.xlsx,Anna.mp4,Anna.JPG,Anna,47,0,3,3,3,,,,,0,9,9,2,,,,,,,,anna,1,"['a', 'n', 'n', 'a']","[1.0360970530018676, 1.1690840249939356, 1.3190562699892325, 1.4189999499940313]",[1.0360,1.036,4,0.484589847,,,27,1,2019_Mar_14_1158,FaceNameBlocked,3.0.0,59.99058052,1
FacesBlock2.xlsx,Ashley.mp4,Ashley.JPG,Ashley,24,0,1,1,1,0,0,0,9,,,,,,,0,2,1.066705188,,,,,,,0,0,,,,,27,1,2019_Mar_14_1158,FaceNameBlocked,3.0.0,59.99058052,0
FacesBlock2.xlsx,Ashley.mp4,Ashley.JPG,Ashley,24,0,1,1,1,,,,,0,14,14,9,,,,,,,,,0,None,,0,0,1,0.985608054,,,27,1,2019_Mar_14_1158,FaceNameBlocked,3.0.0,59.99058052,0
FacesBlock1.xlsx,Bradley.mp4,Bradley.JPG,Bradley,14,0,0,0,0,0,7,7,14,,,,,,,1,1,0.303211146,,,,,,,0,0,,,,,27,1,2019_Mar_14_1158,FaceNameBlocked,3.0.0,59.99058052,0
FacesBlock1.xlsx,Bradley.mp4,Bradley.JPG,Bradley,14,0,0,0,0,,,,,0,12,12,14,,,,,,,,,0,None,,0,0,1,1.751295969,,,27,1,2019_Mar_14_1158,FaceNameBlocked,3.0.0,59.99058052,0
FacesBlock4.xlsx,Brandon.mp4,Brandon.JPG,Brandon,56,0,3,3,3,0,6,6,11,,,,,,,1,1,1.335648652,,,,,,,0,0,,,,,27,1,2019_Mar_14_1158,FaceNameBlocked,3.0.0,59.99058052,0
FacesBlock4.xlsx,Brandon.mp4,Brandon.JPG,Brandon,56,0,3,3,3,,,,,0,12,12,11,,,,,,,,brandon,1,"['b', 'r', 'a', 'n', 'd', 'o', 'n', 'return']","[1.152111244999105, 1.4353230010019615, 1.5020061810064362, 1.6520510959962849, 1.7512546960060718, 1.8849025160016026, 2.10165363199485, 3.0507419159985147]",[1.1521,1.1521,4,2.568217626,,,27,1,2019_Mar_14_1158,FaceNameBlocked,3.0.0,59.99058052,1
FacesBlock4.xlsx,Brian.mp4,Brian.JPG,Brian,53,0,3,3,3,0,12,12,8,,,,,,,1,1,0.735297175,,,,,,,0,0,,,,,27,1,2019_Mar_14_1158,FaceNameBlocked,3.0.0,59.99058052,0
FacesBlock4.xlsx,Brian.mp4,Brian.JPG,Brian,53,0,3,3,3,,,,,0,10,10,8,,,,,,,,brian,1,"['b', 'i', 'backspace', 'r', 'i', 'a', 'n']","[1.085034789997735, 1.4689221769949654, 1.9174444179952843, 2.067725287997746, 2.21854701799748, 2.3679875079978956, 2.50135361100547]",[1.0850,1.085,4,0.534944262,,,27,1,2019_Mar_14_1158,FaceNameBlocked,3.0.0,59.99058052,1
FacesBlock4.xlsx,Brianna.mp4,Brianna.JPG,Brianna,48,0,3,3,3,0,7,7,3,,,,,,,0,2,0.486243629,,,,,,,0,0,,,,,27,1,2019_Mar_14_1158,FaceNameBlocked,3.0.0,59.99058052,0
FacesBlock4.xlsx,Brianna.mp4,Brianna.JPG,Brianna,48,0,3,3,3,,,,,0,4,4,3,,,,,,,,,0,None,,0,0,1,0.784697958,,,27,1,2019_Mar_14_1158,FaceNameBlocked,3.0.0,59.99058052,0
FacesBlock2.xlsx,Brittany.mp4,Brittany.JPG,Brittany,28,0,1,1,1,0,4,4,13,,,,,,,0,2,0.802505974,,,,,,,0,0,,,,,27,1,2019_Mar_14_1158,FaceNameBlocked,3.0.0,59.99058052,0
FacesBlock2.xlsx,Brittany.mp4,Brittany.JPG,Brittany,28,0,1,1,1,,,,,0,1,1,13,,,,,,,,brittney,1,"['b', 'r', 'i', 't', 't', 'n', 'e', 'y']","[1.5688929140014807, 1.8186180880002212, 1.9520907969999826, 2.2186453510075808, 2.5347708509943914, 2.734561211007531, 2.85174697599723, 3.0352930149965687]",[1.5688,1.5688,4,1.119549658,,,27,1,2019_Mar_14_1158,FaceNameBlocked,3.0.0,59.99058052,1
FacesBlock4.xlsx,Caleb.mp4,Caleb.JPG,Caleb,59,0,3,3,3,0,5,5,14,,,,,,,0,1,1.11928731,,,,,,,0,0,,,,,27,1,2019_Mar_14_1158,FaceNameBlocked,3.0.0,59.99058052,0
FacesBlock4.xlsx,Caleb.mp4,Caleb.JPG,Caleb,59,0,3,3,3,,,,,0,7,7,14,,,,,,,,andrew,0,"['a', 'n', 'd', 'r', 'e', 'w']","[5.833466512995074, 6.000071306989412, 6.083032165988698, 6.300585127988597, 6.433294581001974, 6.59841112299182]",[5.8334,5.8334,2,1.18436431,,,27,1,2019_Mar_14_1158,FaceNameBlocked,3.0.0,59.99058052,0
FacesBlock2.xlsx,Cody.mp4,Cody.JPG,Cody,23,0,1,1,1,0,2,2,8,,,,,,,0,1,0.569610724,,,,,,,0,0,,,,,27,1,2019_Mar_14_1158,FaceNameBlocked,3.0.0,59.99058052,0
FacesBlock2.xlsx,Cody.mp4,Cody.JPG,Cody,23,0,1,1,1,,,,,0,3,3,8,,,,,,,,c,0,"['c', 'p', 'd', 'y', 'backspace', 'f13', 'backspace', 'backspace', 'backspace', 'backspace', 'o', 'd', 'y', 'backspace', 'backspace', 'backspace', 'backspace', 'c']","[6.667459092990612, 6.8496248989977175, 6.983123290992808, 7.134120196002186, 7.633713908988284, 7.898911787997349, 8.04950728599215, 8.19941226899391, 8.33220763898862, 8.533249984990107, 8.614580677996855, 8.766516497998964, 9.215673853992485, 9.382373157990514, 9.514759056997718, 9.648893568999483, 9.766218095988734]",[6.6674,6.6674,3,3.950237847,,,27,1,2019_Mar_14_1158,FaceNameBlocked,3.0.0,59.99058052,0
FacesBlock3.xlsx,Courtney.mp4,Courtney.JPG,Courtney,42,0,2,2,2,0,5,5,12,,,,,,,0,2,0.98387046,,,,,,,0,0,,,,,27,1,2019_Mar_14_1158,FaceNameBlocked,3.0.0,59.99058052,0
FacesBlock3.xlsx,Courtney.mp4,Courtney.JPG,Courtney,42,0,2,2,2,,,,,0,6,6,12,,,,,,,,courtney,1,"['c', 'u', 'o', 'o', 't', 'backspace', 'backspace', 'backspace', 'backspace', 'o', 'u', 'r', 't', 'n', 'e', 'y']","[1.0520036340021761, 1.2854057700023986, 1.3186804139986634, 1.401833740004804, 1.5177253990113968, 1.9175501860008808, 2.0677583780052373, 2.217329884006176, 2.367576276010368, 2.984756126999855, 3.101394296012586, 3.4012814830057323, 3.6011257560021477, 3.7343386340071447, 3.8344563510036096, 4.0009868440101855]",[1.0520,1.052,4,1.018502509,,,27,1,2019_Mar_14_1158,FaceNameBlocked,3.0.0,59.99058052,1
FacesBlock3.xlsx,Daniel.mp4,Daniel.JPG,Daniel,30,0,2,2,2,0,0,0,0,,,,,,,1,1,0.719360277,,,,,,,0,0,,,,,27,1,2019_Mar_14_1158,FaceNameBlocked,3.0.0,59.99058052,0
FacesBlock3.xlsx,Daniel.mp4,Daniel.JPG,Daniel,30,0,2,2,2,,,,,0,5,5,0,,,,,,,,,0,None,,0,0,1,1.501273074,,,27,1,2019_Mar_14_1158,FaceNameBlocked,3.0.0,59.99058052,0
FacesBlock1.xlsx,Danielle.mp4,Danielle.JPG,Danielle,3,0,0,0,0,0,9,9,3,,,,,,,1,2,0.368675523,,,,,,,0,0,,,,,27,1,2019_Mar_14_1158,FaceNameBlocked,3.0.0,59.99058052,0
FacesBlock1.xlsx,Danielle.mp4,Danielle.JPG,Danielle,3,0,0,0,0,,,,,0,14,14,3,,,,,,,,danielle,1,"['d', 'a', 'n', 'i', 'e', 'l', 'l', 'e']","[1.1184048040013295, 1.2179384799965192, 1.316608663997613, 1.4850153689912986, 1.5847465499973623, 1.9181728300027316, 2.0514160369930323, 2.134233763994416]",[1.1184,1.1184,4,1.78505525,,,27,1,2019_Mar_14_1158,FaceNameBlocked,3.0.0,59.99058052,1
FacesBlock2.xlsx,David.mp4,David.JPG,David,16,0,1,1,1,0,1,1,1,,,,,,,1,1,0.30187817,,,,,,,0,0,,,,,27,1,2019_Mar_14_1158,FaceNameBlocked,3.0.0,59.99058052,0
FacesBlock2.xlsx,David.mp4,David.JPG,David,16,0,1,1,1,,,,,0,6,6,1,,,,,,,,,0,None,,0,0,1,0.984251421,,,27,1,2019_Mar_14_1158,FaceNameBlocked,3.0.0,59.99058052,0
FacesBlock4.xlsx,Dylan.mp4,Dylan.JPG,Dylan,50,0,3,3,3,0,11,11,5,,,,,,,0,1,0.719426539,,,,,,,0,0,,,,,27,1,2019_Mar_14_1158,FaceNameBlocked,3.0.0,59.99058052,0
FacesBlock4.xlsx,Dylan.mp4,Dylan.JPG,Dylan,50,0,3,3,3,,,,,0,8,8,5,,,,,,,,caleb,0,"['a', 'n', 'd', 'backspace', 'backspace', 'backspace', 'c', 'a', 'e', 'l', 'backspace', 'backspace', 'l', 'e', 'b']","[4.93415354800527, 5.100873716000933, 5.215453726006672, 5.866267371005961, 6.033109761003288, 6.216654976000427, 6.583061682002153, 6.983469967002748, 7.36621294800716, 7.5500766320037656, 7.7662137349980185, 7.915705801002332, 8.116399503007415, 8.183132845006185, 8.432295517995954]",[4.9341,4.9341,1,0.469020091,,,27,1,2019_Mar_14_1158,FaceNameBlocked,3.0.0,59.99058052,0
FacesBlock4.xlsx,Emily.mp4,Emily.JPG,Emily,57,0,3,3,3,0,1,1,12,,,,,,,0,2,1.083457017,,,,,,,0,0,,,,,27,1,2019_Mar_14_1158,FaceNameBlocked,3.0.0,59.99058052,0
FacesBlock4.xlsx,Emily.mp4,Emily.JPG,Emily,57,0,3,3,3,,,,,0,13,13,12,,,,,,,,emily,1,"['e', 'm', 'i', 'l', 'y']","[6.4160292180022225, 6.5330821679963265, 6.666094147003605, 6.81614168699889, 6.9825942699972074]",[6.4160,6.416,4,2.26809119,,,27,1,2019_Mar_14_1158,FaceNameBlocked,3.0.0,59.99058052,1
FacesBlock1.xlsx,Eric.mp4,Eric.JPG,Eric,0,0,0,0,0,0,2,2,0,,,,,,,0,1,0.869544092,,,,,,,0,0,,,,,27,1,2019_Mar_14_1158,FaceNameBlocked,3.0.0,59.99058052,0
FacesBlock1.xlsx,Eric.mp4,Eric.JPG,Eric,0,0,0,0,0,,,,,0,5,5,0,,,,,,,,timothy,0,"['t', 'i', 'm', 'o', 't', 'h', 'y']","[4.334449633999611, 4.418269601010252, 4.600988457008498, 4.750447028010967, 4.867087545004324, 4.9823486160021275, 5.1337590890034335]",[4.3344,4.3344,2,1.75119142,,,27,1,2019_Mar_14_1158,FaceNameBlocked,3.0.0,59.99058052,0
FacesBlock1.xlsx,Ethan.mp4,Ethan.JPG,Ethan,11,0,0,0,0,0,5,5,11,,,,,,,1,1,0.586030084,,,,,,,0,0,,,,,27,1,2019_Mar_14_1158,FaceNameBlocked,3.0.0,59.99058052,0
FacesBlock1.xlsx,Ethan.mp4,Ethan.JPG,Ethan,11,0,0,0,0,,,,,0,9,9,11,,,,,,,,,0,None,,0,0,1,3.151354187,,,27,1,2019_Mar_14_1158,FaceNameBlocked,3.0.0,59.99058052,0
FacesBlock4.xlsx,Grace.mp4,Grace.JPG,Grace,58,0,3,3,3,0,8,8,13,,,,,,,0,2,1.20306831,,,,,,,0,0,,,,,27,1,2019_Mar_14_1158,FaceNameBlocked,3.0.0,59.99058052,0
FacesBlock4.xlsx,Grace.mp4,Grace.JPG,Grace,58,0,3,3,3,,,,,0,5,5,13,,,,,,,,grace,1,"['g', 'r', 'a', 'c', 'e']","[1.43505600100616, 1.7347386940091383, 2.117977347006672, 2.350749909004662, 2.600366781000048]",[1.4350,1.435,4,0.935483832,,,27,1,2019_Mar_14_1158,FaceNameBlocked,3.0.0,59.99058052,0
FacesBlock2.xlsx,Haley.mp4,Haley.JPG,Haley,20,0,1,1,1,0,12,12,5,,,,,,,1,2,1.385028825,,,,,,,0,0,,,,,27,1,2019_Mar_14_1158,FaceNameBlocked,3.0.0,59.99058052,0
FacesBlock2.xlsx,Haley.mp4,Haley.JPG,Haley,20,0,1,1,1,,,,,0,5,5,5,,,,,,,,rache,0,"['r', 'a', 'c', 'h', 'e', 'l', 'backspace']","[5.316820830004872, 5.3828892260062275, 5.650152310001431, 5.716108645006898, 5.882872558009694, 6.000066840002546, 9.164553306007292]",[5.3168,5.3168,2,4.283435191,,,27,1,2019_Mar_14_1158,FaceNameBlocked,3.0.0,59.99058052,0
FacesBlock1.xlsx,Hannah.mp4,Hannah.JPG,Hannah,1,0,0,0,0,0,13,13,1,,,,,,,0,2,0.502154849,,,,,,,0,0,,,,,27,1,2019_Mar_14_1158,FaceNameBlocked,3.0.0,59.99058052,0
FacesBlock1.xlsx,Hannah.mp4,Hannah.JPG,Hannah,1,0,0,0,0,,,,,0,10,10,1,,,,,,,,,0,None,,0,0,1,1.119011916,,,27,1,2019_Mar_14_1158,FaceNameBlocked,3.0.0,59.99058052,0
FacesBlock2.xlsx,Heather.mp4,Heather.JPG,Heather,26,0,1,1,1,0,9,9,11,,,,,,,0,2,0.885909934,,,,,,,0,0,,,,,27,1,2019_Mar_14_1158,FaceNameBlocked,3.0.0,59.99058052,0
FacesBlock2.xlsx,Heather.mp4,Heather.JPG,Heather,26,0,1,1,1,,,,,0,10,10,11,,,,,,,,heather,1,"['h', 'e', 'a', 't', 'h', 'e', 'r']","[1.1686994440096896, 1.2851866200071527, 1.3850929730106145, 1.5013431530096568, 1.584978092010715, 1.7016633700113744, 1.752130176013452]",[1.1686,1.1686,4,1.135313339,,,27,1,2019_Mar_14_1158,FaceNameBlocked,3.0.0,59.99058052,1
FacesBlock3.xlsx,Jacob.mp4,Jacob.JPG,Jacob,39,0,2,2,2,0,4,4,9,,,,,,,1,1,0.702467087,,,,,,,0,0,,,,,27,1,2019_Mar_14_1158,FaceNameBlocked,3.0.0,59.99058052,0
FacesBlock3.xlsx,Jacob.mp4,Jacob.JPG,Jacob,39,0,2,2,2,,,,,0,10,10,9,,,,,,,,jacob,1,"['j', 'a', 'b', 'backspace', 'c', 'o', 'b']","[2.3516099600092275, 2.501662959009991, 2.7515766819997225, 3.0669882080110256, 3.184697042001062, 3.417285042000003, 3.7343830580066424]",[2.3516,2.3516,4,0.385683123,,,27,1,2019_Mar_14_1158,FaceNameBlocked,3.0.0,59.99058052,1
FacesBlock4.xlsx,Jason.mp4,Jason.JPG,Jason,49,0,3,3,3,0,3,3,4,,,,,,,1,1,0.952613084,,,,,,,0,0,,,,,27,1,2019_Mar_14_1158,FaceNameBlocked,3.0.0,59.99058052,0
FacesBlock4.xlsx,Jason.mp4,Jason.JPG,Jason,49,0,3,3,3,,,,,0,2,2,4,,,,,,,,jason,1,"['j', 'a', 's', 'o', 'n']","[2.8858973879978294, 3.1351185829989845, 3.3184958109923173, 3.4017121630022302, 3.5834651719924295]",[2.8858,2.8858,4,0.41888057,,,27,1,2019_Mar_14_1158,FaceNameBlocked,3.0.0,59.99058052,1
FacesBlock1.xlsx,Jenna.mp4,Jenna.JPG,Jenna,6,0,0,0,0,0,4,4,6,,,,,,,0,2,0.569517599,,,,,,,0,0,,,,,27,1,2019_Mar_14_1158,FaceNameBlocked,3.0.0,59.99058052,0
FacesBlock1.xlsx,Jenna.mp4,Jenna.JPG,Jenna,6,0,0,0,0,,,,,0,11,11,6,,,,,,,,,0,None,,0,0,1,1.351488303,,,27,1,2019_Mar_14_1158,FaceNameBlocked,3.0.0,59.99058052,0
FacesBlock2.xlsx,Jeremy.mp4,Jeremy.JPG,Jeremy,15,0,1,1,1,0,6,6,0,,,,,,,1,1,0.436409607,,,,,,,0,0,,,,,27,1,2019_Mar_14_1158,FaceNameBlocked,3.0.0,59.99058052,0
FacesBlock2.xlsx,Jeremy.mp4,Jeremy.JPG,Jeremy,15,0,1,1,1,,,,,0,13,13,0,,,,,,,,,0,None,,0,0,1,1.501701898,,,27,1,2019_Mar_14_1158,FaceNameBlocked,3.0.0,59.99058052,0
FacesBlock1.xlsx,Jessica.mp4,Jessica.JPG,Jessica,8,0,0,0,0,0,14,14,8,,,,,,,1,2,0.436494672,,,,,,,0,0,,,,,27,1,2019_Mar_14_1158,FaceNameBlocked,3.0.0,59.99058052,0
FacesBlock1.xlsx,Jessica.mp4,Jessica.JPG,Jessica,8,0,0,0,0,,,,,0,4,4,8,,,,,,,,jessica,1,"['j', 'e', 's', 's', 'i', 'c', 'a']","[1.402094463002868, 1.567987850998179, 1.6682687349966727, 1.8351708730042446, 1.9351308009936474, 2.101528583007166, 2.235364024003502]",[1.4020,1.402,4,1.283377708,,,27,1,2019_Mar_14_1158,FaceNameBlocked,3.0.0,59.99058052,1
FacesBlock2.xlsx,Josh.mp4,Josh.JPG,Josh,19,0,1,1,1,0,14,14,4,,,,,,,0,1,0.619432146,,,,,,,0,0,,,,,27,1,2019_Mar_14_1158,FaceNameBlocked,3.0.0,59.99058052,0
FacesBlock2.xlsx,Josh.mp4,Josh.JPG,Josh,19,0,1,1,1,,,,,0,4,4,4,,,,,,,,josh,1,"['j', 'p', 'o', 's', 'backspace', 'backspace', 'backspace', 'o', 's', 'h']","[3.2518487380002625, 3.4024825530068483, 3.5515366250037914, 3.984111092009698, 4.133957978003309, 4.28373541199835, 4.734389461998944, 4.884298137010774, 5.0510980960098095]",[3.2518,3.2518,4,0.468958265,,,27,1,2019_Mar_14_1158,FaceNameBlocked,3.0.0,59.99058052,1
FacesBlock1.xlsx,Julia.mp4,Julia.JPG,Julia,13,0,0,0,0,0,11,11,13,,,,,,,1,2,0.38636824,,,,,,,0,0,,,,,27,1,2019_Mar_14_1158,FaceNameBlocked,3.0.0,59.99058052,0
FacesBlock1.xlsx,Julia.mp4,Julia.JPG,Julia,13,0,0,0,0,,,,,0,6,6,13,,,,,,,,,0,None,,0,0,1,1.352133798,,,27,1,2019_Mar_14_1158,FaceNameBlocked,3.0.0,59.99058052,0
FacesBlock2.xlsx,Justin.mp4,Justin.JPG,Justin,27,0,1,1,1,0,10,10,12,,,,,,,0,1,1.135579807,,,,,,,0,0,,,,,27,1,2019_Mar_14_1158,FaceNameBlocked,3.0.0,59.99058052,0
FacesBlock2.xlsx,Justin.mp4,Justin.JPG,Justin,27,0,1,1,1,,,,,0,9,9,12,,,,,,,,,0,None,,0,0,1,1.283361729,,,27,1,2019_Mar_14_1158,FaceNameBlocked,3.0.0,59.99058052,0
FacesBlock4.xlsx,Katie.mp4,Katie.JPG,Katie,54,0,3,3,3,0,14,14,9,,,,,,,1,2,1.068710076,,,,,,,0,0,,,,,27,1,2019_Mar_14_1158,FaceNameBlocked,3.0.0,59.99058052,0
FacesBlock4.xlsx,Katie.mp4,Katie.JPG,Katie,54,0,3,3,3,,,,,0,11,11,9,,,,,,,,katie,1,"['k', 'a', 't', 'i', 'e']","[2.750902009996935, 2.8844793960015522, 3.0511842609994346, 3.217813611001475, 3.334362323003006]",[2.7509,2.7509,4,0.501850011,,,27,1,2019_Mar_14_1158,FaceNameBlocked,3.0.0,59.99058052,1
FacesBlock3.xlsx,Kayla.mp4,Kayla.JPG,Kayla,34,0,2,2,2,0,7,7,4,,,,,,,0,2,1.202704469,,,,,,,0,0,,,,,27,1,2019_Mar_14_1158,FaceNameBlocked,3.0.0,59.99058052,0
FacesBlock3.xlsx,Kayla.mp4,Kayla.JPG,Kayla,34,0,2,2,2,,,,,0,0,0,4,,,,,,space,14.8473268,kayla,1,"['k', 'a', 'y', 'l', 'a']","[2.634662140000728, 2.767654395007412, 2.9157135900022695, 3.131606365001062, 3.2007683100091526]",[2.6346,2.6346,4,0.468222269,,,27,1,2019_Mar_14_1158,FaceNameBlocked,3.0.0,59.99058052,1
FacesBlock1.xlsx,Kelsey.mp4,Kelsey.JPG,Kelsey,12,0,0,0,0,0,0,0,12,,,,,,,0,2,4.650801628,,,,,,,0,0,,,,,27,1,2019_Mar_14_1158,FaceNameBlocked,3.0.0,59.99058052,0
FacesBlock1.xlsx,Kelsey.mp4,Kelsey.JPG,Kelsey,12,0,0,0,0,,,,,0,13,13,12,,,,,,,,,0,None,,0,0,1,1.118506048,,,27,1,2019_Mar_14_1158,FaceNameBlocked,3.0.0,59.99058052,0
FacesBlock3.xlsx,Kevin.mp4,Kevin.JPG,Kevin,41,0,2,2,2,0,14,14,11,,,,,,,1,1,0.436308263,,,,,,,0,0,,,,,27,1,2019_Mar_14_1158,FaceNameBlocked,3.0.0,59.99058052,0
FacesBlock3.xlsx,Kevin.mp4,Kevin.JPG,Kevin,41,0,2,2,2,,,,,0,14,14,11,,,,,,,,,0,None,,0,0,1,0.802142903,,,27,1,2019_Mar_14_1158,FaceNameBlocked,3.0.0,59.99058052,0
FacesBlock1.xlsx,Kyle.mp4,Kyle.JPG,Kyle,4,0,0,0,0,0,12,12,4,,,,,,,1,1,0.252735031,,,,,,,0,0,,,,,27,1,2019_Mar_14_1158,FaceNameBlocked,3.0.0,59.99058052,0
FacesBlock1.xlsx,Kyle.mp4,Kyle.JPG,Kyle,4,0,0,0,0,,,,,0,0,0,4,,,,,,space,50.00289922,ad,0,"['a', 'd', 'a', 'm', 'backspace', 'backspace']","[2.601259132003179, 2.784826361996238, 2.9013124750053976, 3.0681003500067163, 9.665235727006802, 9.86521211299987]",[2.6012,2.6012,1,1.451579879,,,27,1,2019_Mar_14_1158,FaceNameBlocked,3.0.0,59.99058052,0
FacesBlock3.xlsx,Lauren.mp4,Lauren.JPG,Lauren,38,0,2,2,2,0,1,1,8,,,,,,,0,2,1.452591275,,,,,,,0,0,,,,,27,1,2019_Mar_14_1158,FaceNameBlocked,3.0.0,59.99058052,0
FacesBlock3.xlsx,Lauren.mp4,Lauren.JPG,Lauren,38,0,2,2,2,,,,,0,9,9,8,,,,,,,,lauren,1,"['l', 'a', 'u', 'r', 'n', 'backspace', 'e', 'n']","[1.2513781269954052, 1.3518013150023762, 1.4512670020048972, 1.5680540280009154, 1.685120280002593, 2.182860836008331, 2.3172398099995917, 2.434637055004714]",[1.2513,1.2513,4,1.067915637,,,27,1,2019_Mar_14_1158,FaceNameBlocked,3.0.0,59.99058052,1
FacesBlock3.xlsx,Mark.mp4,Mark.JPG,Mark,40,0,2,2,2,0,6,6,10,,,,,,,1,1,0.619442314,,,,,,,0,0,,,,,27,1,2019_Mar_14_1158,FaceNameBlocked,3.0.0,59.99058052,0
FacesBlock3.xlsx,Mark.mp4,Mark.JPG,Mark,40,0,2,2,2,,,,,0,3,3,10,,,,,,,,mark,1,"['m', 'a', 'r', 'k']","[1.1524783499917248, 1.301835645994288, 1.3670686400000704, 1.4191027609922457]",[1.1524,1.1524,4,0.433797944,,,27,1,2019_Mar_14_1158,FaceNameBlocked,3.0.0,59.99058052,1
FacesBlock1.xlsx,Matthew.mp4,Matthew.JPG,Matthew,9,0,0,0,0,0,3,3,9,,,,,,,0,1,0.518862945,,,,,,,0,0,,,,,27,1,2019_Mar_14_1158,FaceNameBlocked,3.0.0,59.99058052,0
FacesBlock1.xlsx,Matthew.mp4,Matthew.JPG,Matthew,9,0,0,0,0,,,,,0,1,1,9,,,,,,,,ethan,0,"['e', 't', 'h', 'a', 'n']","[2.1179325230041286, 2.349804181998479, 2.4517502060043626, 2.5682149280037265, 2.701836423992063]",[2.1179,2.1179,2,7.899631462,,,27,1,2019_Mar_14_1158,FaceNameBlocked,3.0.0,59.99058052,0
FacesBlock2.xlsx,Megan.mp4,Megan.JPG,Megan,25,0,1,1,1,0,7,7,10,,,,,,,1,2,0.352331561,,,,,,,0,0,,,,,27,1,2019_Mar_14_1158,FaceNameBlocked,3.0.0,59.99058052,0
FacesBlock2.xlsx,Megan.mp4,Megan.JPG,Megan,25,0,1,1,1,,,,,0,8,8,10,,,,,,,,rachel,0,"['r', 'a', 'c', 'h', 'e', 'l']","[4.485023643996101, 4.584832897002343, 4.80096217400569, 4.851037629996426, 5.218059670005459, 5.367310343994177]",[4.4850,4.485,2,3.051269294,,,27,1,2019_Mar_14_1158,FaceNameBlocked,3.0.0,59.99058052,0
FacesBlock4.xlsx,Michael.mp4,Michael.JPG,Michael,46,0,3,3,3,0,10,10,1,,,,,,,1,1,0.819060202,,,,,,,0,0,,,,,27,1,2019_Mar_14_1158,FaceNameBlocked,3.0.0,59.99058052,0
FacesBlock4.xlsx,Michael.mp4,Michael.JPG,Michael,46,0,3,3,3,,,,,0,3,3,1,,,,,,,,,0,None,,0,0,1,1.168662126,,,27,1,2019_Mar_14_1158,FaceNameBlocked,3.0.0,59.99058052,0
FacesBlock4.xlsx,Michelle.mp4,Michelle.JPG,Michelle,52,0,3,3,3,0,9,9,7,,,,,,,1,2,0.769501741,,,,,,,0,0,,,,,27,1,2019_Mar_14_1158,FaceNameBlocked,3.0.0,59.99058052,0
FacesBlock4.xlsx,Michelle.mp4,Michelle.JPG,Michelle,52,0,3,3,3,,,,,0,0,0,7,,,,,,space,14.74735674,michelle,1,"['m', 'i', 'c', 'h', 'e', 'l', 'l', 'e']","[4.601394655008335, 4.768125065005734, 4.851502028002869, 4.984338695998304, 5.099477091003791, 5.200688644996262, 5.3679217400058405, 5.451850169003592]",[4.6013,4.6013,4,0.918998345,,,27,1,2019_Mar_14_1158,FaceNameBlocked,3.0.0,59.99058052,1
FacesBlock1.xlsx,Natalie.mp4,Natalie.JPG,Natalie,7,0,0,0,0,0,1,1,7,,,,,,,0,2,0.686326189,,,,,,,0,0,,,,,27,1,2019_Mar_14_1158,FaceNameBlocked,3.0.0,59.99058052,0
FacesBlock1.xlsx,Natalie.mp4,Natalie.JPG,Natalie,7,0,0,0,0,,,,,0,8,8,7,,,,,,,,,0,None,,0,0,1,1.435006115,,,27,1,2019_Mar_14_1158,FaceNameBlocked,3.0.0,59.99058052,0
FacesBlock3.xlsx,Nathan.mp4,Nathan.JPG,Nathan,37,0,2,2,2,0,13,13,7,,,,,,,0,1,1.101884658,,,,,,,0,0,,,,,27,1,2019_Mar_14_1158,FaceNameBlocked,3.0.0,59.99058052,0
FacesBlock3.xlsx,Nathan.mp4,Nathan.JPG,Nathan,37,0,2,2,2,,,,,0,11,11,7,,,,,,,,nathan,1,"['n', 'a', 't', 'h', 'n', 'backspace', 'a', 'n']","[1.2526415059983265, 1.3190236200025538, 1.468932534000487, 1.5522741669992683, 1.769020820996957, 2.18451423800434, 2.352158405992668, 2.5854997300048126]",[1.2526,1.2526,4,0.385676651,,,27,1,2019_Mar_14_1158,FaceNameBlocked,3.0.0,59.99058052,1
FacesBlock3.xlsx,Nicole.mp4,Nicole.JPG,Nicole,43,0,2,2,2,0,2,2,13,,,,,,,1,2,0.41961666,,,,,,,0,0,,,,,27,1,2019_Mar_14_1158,FaceNameBlocked,3.0.0,59.99058052,0
FacesBlock3.xlsx,Nicole.mp4,Nicole.JPG,Nicole,43,0,2,2,2,,,,,0,8,8,13,,,,,,,,nicole,1,"['n', 'i', 'c', 'o', 'l', 'e']","[1.319014734996017, 1.4358584719884675, 1.5183207749942085, 1.7188178099895595, 1.9019787179859122, 1.9684072749951156]",[1.3190,1.319,4,0.43320292,,,27,1,2019_Mar_14_1158,FaceNameBlocked,3.0.0,59.99058052,1
FacesBlock3.xlsx,Noah.mp4,Noah.JPG,Noah,31,0,2,2,2,0,11,11,1,,,,,,,0,1,1.269524965,,,,,,,0,0,,,,,27,1,2019_Mar_14_1158,FaceNameBlocked,3.0.0,59.99058052,0
FacesBlock3.xlsx,Noah.mp4,Noah.JPG,Noah,31,0,2,2,2,,,,,0,2,2,1,,,,,,,,,0,None,,0,0,1,1.016811671,,,27,1,2019_Mar_14_1158,FaceNameBlocked,3.0.0,59.99058052,0
FacesBlock3.xlsx,Olivia.mp4,Olivia.JPG,Olivia,35,0,2,2,2,0,3,3,5,,,,,,,0,2,1.152289005,,,,,,,0,0,,,,,27,1,2019_Mar_14_1158,FaceNameBlocked,3.0.0,59.99058052,0
FacesBlock3.xlsx,Olivia.mp4,Olivia.JPG,Olivia,35,0,2,2,2,,,,,0,13,13,5,,,,,,,,olivia,1,"['o', 'l', 'i', 'v', 'i', 'a']","[3.7173986379930284, 3.900647004993516, 3.983344552994822, 4.183596160990419, 4.284186243996373, 4.532023580992245]",[3.7173,3.7173,4,0.785634256,,,27,1,2019_Mar_14_1158,FaceNameBlocked,3.0.0,59.99058052,1
FacesBlock2.xlsx,Rachel.mp4,Rachel.JPG,Rachel,29,0,1,1,1,0,8,8,14,,,,,,,0,2,1.001857208,,,,,,,0,0,,,,,27,1,2019_Mar_14_1158,FaceNameBlocked,3.0.0,59.99058052,0
FacesBlock2.xlsx,Rachel.mp4,Rachel.JPG,Rachel,29,0,1,1,1,,,,,0,11,11,14,,,,,,,,natalie,0,"['n', 'a', 't', 'a', 'l', 'i', 'e']","[4.317786273997626, 4.434419780998724, 4.584649543001433, 4.683998192995205, 4.784307631998672, 4.850798884988762, 4.950717756990343]",[4.3177,4.3177,2,1.285012499,,,27,1,2019_Mar_14_1158,FaceNameBlocked,3.0.0,59.99058052,0
FacesBlock3.xlsx,Rebecca.mp4,Rebecca.JPG,Rebecca,32,0,2,2,2,0,12,12,2,,,,,,,1,2,0.850879964,,,,,,,0,0,,,,,27,1,2019_Mar_14_1158,FaceNameBlocked,3.0.0,59.99058052,0
FacesBlock3.xlsx,Rebecca.mp4,Rebecca.JPG,Rebecca,32,0,2,2,2,,,,,0,1,1,2,,,,,,,,rebecca,1,"['o', 'l', 'i', 'v', 'i', 'a', 'backspace', 'backspace', 'backspace', 'backspace', 'backspace', 'backspace', 'r', 'e', 'b', 'e', 'c', 'c', 'a']","[3.9019140570017044, 4.167591841003741, 4.268456507998053, 4.418570376001298, 4.51812586800952, 4.634735765008372, 5.1336450570088346, 5.299780169996666, 5.450600078009302, 5.600740259003942, 5.783772349008359, 5.917236113004037, 6.051255053011118, 6.117423517003772, 6.317656159008038, 6.550600601010956, 6.717363009011024, 6.984017542010406, 7.134000183010357]",[3.9019,3.9019,4,0.90212067,,,27,1,2019_Mar_14_1158,FaceNameBlocked,3.0.0,59.99058052,1
FacesBlock3.xlsx,Sarah.mp4,Sarah.JPG,Sarah,33,0,2,2,2,0,9,9,3,,,,,,,1,2,0.43656514,,,,,,,0,0,,,,,27,1,2019_Mar_14_1158,FaceNameBlocked,3.0.0,59.99058052,0
FacesBlock3.xlsx,Sarah.mp4,Sarah.JPG,Sarah,33,0,2,2,2,,,,,0,12,12,3,,,,,,,,sarah,1,"['s', 'a', 'r', 'a', 'h']","[1.5187974759901408, 1.585449191989028, 1.8516025439894293, 1.9185687509889249, 2.0853944279951975]",[1.5187,1.5187,4,0.502246672,,,27,1,2019_Mar_14_1158,FaceNameBlocked,3.0.0,59.99058052,1
FacesBlock3.xlsx,Shelby.mp4,Shelby.JPG,Shelby,36,0,2,2,2,0,8,8,6,,,,,,,0,2,0.75182614,,,,,,,0,0,,,,,27,1,2019_Mar_14_1158,FaceNameBlocked,3.0.0,59.99058052,0
FacesBlock3.xlsx,Shelby.mp4,Shelby.JPG,Shelby,36,0,2,2,2,,,,,0,4,4,6,,,,,,,,shelby,1,"['s', 'h', 'e', 'l', 'b', 'y']","[2.6181147939933, 2.784928178996779, 2.917173516994808, 3.0015857120015426, 3.251017664995743, 3.567383071000222]",[2.6181,2.6181,4,0.849975262,,,27,1,2019_Mar_14_1158,FaceNameBlocked,3.0.0,59.99058052,1
FacesBlock2.xlsx,Steven.mp4,Steven.JPG,Steven,17,0,1,1,1,0,3,3,2,,,,,,,1,1,0.602251854,,,,,,,0,0,,,,,27,1,2019_Mar_14_1158,FaceNameBlocked,3.0.0,59.99058052,0
FacesBlock2.xlsx,Steven.mp4,Steven.JPG,Steven,17,0,1,1,1,,,,,0,7,7,2,,,,,,,,steven,1,"['s', 't', 'e', 'v', 'e', 'n']","[2.1850512090022676, 2.3851102410117164, 2.4682844290073263, 2.684772098000394, 2.9346788650000235, 3.0660169330076315]",[2.1850,2.185,3,0.885398272,,,27,1,2019_Mar_14_1158,FaceNameBlocked,3.0.0,59.99058052,1
FacesBlock4.xlsx,Taylor.mp4,Taylor.JPG,Taylor,45,0,3,3,3,0,0,0,0,,,,,,,0,2,0.836233415,,,,,,,0,0,,,,,27,1,2019_Mar_14_1158,FaceNameBlocked,3.0.0,59.99058052,0
FacesBlock4.xlsx,Taylor.mp4,Taylor.JPG,Taylor,45,0,3,3,3,,,,,0,6,6,0,,,,,,,,,0,None,,0,0,1,6.633476354,,,27,1,2019_Mar_14_1158,FaceNameBlocked,3.0.0,59.99058052,0
FacesBlock3.xlsx,Thomas.mp4,Thomas.JPG,Thomas,44,0,2,2,2,0,10,10,14,,,,,,,1,1,0.468972314,,,,,,,0,0,,,,,27,1,2019_Mar_14_1158,FaceNameBlocked,3.0.0,59.99058052,0
FacesBlock3.xlsx,Thomas.mp4,Thomas.JPG,Thomas,44,0,2,2,2,,,,,0,7,7,14,,,,,,,,trevor,1,"['t', 'r', 'e', 'v', 'o', 'r']","[2.2681131470017135, 2.6179749200091464, 2.6837923109997064, 3.0007351570093306, 3.3844058140093694, 3.4515128260100028]",[2.2681,2.2681,3,2.751504853,,,27,1,2019_Mar_14_1158,FaceNameBlocked,3.0.0,59.99058052,0
FacesBlock1.xlsx,Timothy.mp4,Timothy.JPG,Timothy,10,0,0,0,0,0,6,6,10,,,,,,,0,1,0.469279821,,,,,,,0,0,,,,,27,1,2019_Mar_14_1158,FaceNameBlocked,3.0.0,59.99058052,0
FacesBlock1.xlsx,Timothy.mp4,Timothy.JPG,Timothy,10,0,0,0,0,,,,,0,7,7,10,,,,,,,,kyle,0,"['k', 'y', 'l', 'e']","[4.332987777990638, 4.584596007989603, 4.884726240998134, 5.132417770990287]",[4.3329,4.3329,2,7.916426531,,,27,1,2019_Mar_14_1158,FaceNameBlocked,3.0.0,59.99058052,0
FacesBlock2.xlsx,Trevor.mp4,Trevor.JPG,Trevor,21,0,1,1,1,0,11,11,6,,,,,,,0,1,0.800505998,,,,,,,0,0,,,,,27,1,2019_Mar_14_1158,FaceNameBlocked,3.0.0,59.99058052,0
FacesBlock2.xlsx,Trevor.mp4,Trevor.JPG,Trevor,21,0,1,1,1,,,,,0,2,2,6,,,,,,,,trevor,1,"['t', 'r', 'e', 'v', 'o', 'r']","[2.9513246360002086, 3.1515154799999436, 3.218206719000591, 3.4181789989961544, 3.53494447999401, 3.6346675329987193]",[2.9513,2.9513,4,2.018503694,,,27,1,2019_Mar_14_1158,FaceNameBlocked,3.0.0,59.99058052,1
FacesBlock2.xlsx,Tyler.mp4,Tyler.JPG,Tyler,22,0,1,1,1,0,5,5,7,,,,,,,1,1,0.567011123,,,,,,,0,0,,,,,27,1,2019_Mar_14_1158,FaceNameBlocked,3.0.0,59.99058052,0
FacesBlock2.xlsx,Tyler.mp4,Tyler.JPG,Tyler,22,0,1,1,1,,,,,0,12,12,7,,,,,,,,,0,None,,0,0,1,1.184505186,,,27,1,2019_Mar_14_1158,FaceNameBlocked,3.0.0,59.99058052,0
,,,,,,,,,,,,,,,,,space,298.9885807,,,,,,,,,,,,,,,,27,1,2019_Mar_14_1158,FaceNameBlocked,3.0.0,59.99058052,
,,,,,,,,,,,,,,,,,,,,,,,,,,,,,,,,space,263.6490867,27,1,2019_Mar_14_1158,FaceNameBlocked,3.0.0,59.99058052,