condsFile,Video,Photo,Name,Row,blocks.thisRepN,blocks.thisTrialN,blocks.thisN,blocks.thisIndex,presentations.thisRepN,presentations.thisTrialN,presentations.thisN,presentations.thisIndex,testing.thisRepN,testing.thisTrialN,testing.thisN,testing.thisIndex,advance_1.keys,advance_1.rt,currentCond,judgementResp.keys,judgementResp.rt,advance_2.keys,advance_2.rt,inputText,Accuracy,key_resp_3.keys,key_resp_3.rt,trim1,key_resp3_fin,rating_resp.keys,rating_resp.rt,end_key.keys,end_key.rt,participant,session,date,expName,psychopyVersion,frameRate,Correct/Incorrect Response 
FacesBlock2.xlsx,Aaron.mp4,Aaron.JPG,Aaron,18,0,1,1,1,0,14,14,3,,,,,,,0,1,0.336260656,,,,,,,0,0,,,,,32,1,2019_Apr_05_1059,FaceNameBlocked,3.0.0,59.98563356,0
FacesBlock2.xlsx,Aaron.mp4,Aaron.JPG,Aaron,18,0,1,1,1,,,,,0,8,8,3,,,,,,,,aaron,1,"['a', 'a', 'r', 'o', 'n']","[4.568191178000234, 4.801418498000203, 5.000527375000274, 5.101181867000378, 5.1842904330005695]",[4.5681,4.5681,1,0.2520626,,,32,1,2019_Apr_05_1059,FaceNameBlocked,3.0.0,59.98563356,1
FacesBlock1.xlsx,Adam.mp4,Adam.JPG,Adam,5,0,0,0,0,0,1,1,5,,,,,,,0,1,0.369471372,,,,,,,0,0,,,,,32,1,2019_Apr_05_1059,FaceNameBlocked,3.0.0,59.98563356,0
FacesBlock1.xlsx,Adam.mp4,Adam.JPG,Adam,5,0,0,0,0,,,,,0,8,8,5,,,,,,,,,0,None,,0,0,1,0.65220827,,,32,1,2019_Apr_05_1059,FaceNameBlocked,3.0.0,59.98563356,0
FacesBlock4.xlsx,Alyssa.mp4,Alyssa.JPG,Alyssa,55,0,3,3,3,0,5,5,10,,,,,,,0,2,0.6189263,,,,,,,0,0,,,,,32,1,2019_Apr_05_1059,FaceNameBlocked,3.0.0,59.98563356,0
FacesBlock4.xlsx,Alyssa.mp4,Alyssa.JPG,Alyssa,55,0,3,3,3,,,,,0,9,9,10,,,,,,,,courtney,0,"['c', 'o', 'u', 'r', 't', 'n', 'e', 'y']","[4.26819414000056, 4.73479851600041, 4.867937431999962, 5.051275526000609, 5.283950474999983, 5.367697222000061, 5.584056790999966, 5.651124334000087]",[4.2681,4.2681,1,0.285807082,,,32,1,2019_Apr_05_1059,FaceNameBlocked,3.0.0,59.98563356,0
FacesBlock1.xlsx,Amanda.mp4,Amanda.JPG,Amanda,2,0,0,0,0,0,9,9,2,,,,,,,0,2,0.133628876,,,,,,,0,0,,,,,32,1,2019_Apr_05_1059,FaceNameBlocked,3.0.0,59.98563356,0
FacesBlock1.xlsx,Amanda.mp4,Amanda.JPG,Amanda,2,0,0,0,0,,,,,0,13,13,2,,,,,,,,,0,None,,0,0,1,0.518820048,,,32,1,2019_Apr_05_1059,FaceNameBlocked,3.0.0,59.98563356,0
FacesBlock4.xlsx,Andrew.mp4,Andrew.JPG,Andrew,51,0,3,3,3,0,1,1,6,,,,,,,0,1,0.553584157,,,,,,,0,0,,,,,32,1,2019_Apr_05_1059,FaceNameBlocked,3.0.0,59.98563356,0
FacesBlock4.xlsx,Andrew.mp4,Andrew.JPG,Andrew,51,0,3,3,3,,,,,0,4,4,6,,,,,,,,,0,None,,0,0,1,0.285123794,,,32,1,2019_Apr_05_1059,FaceNameBlocked,3.0.0,59.98563356,0
FacesBlock4.xlsx,Anna.mp4,Anna.JPG,Anna,47,0,3,3,3,0,12,12,2,,,,,,,0,2,0.600246308,,,,,,,0,0,,,,,32,1,2019_Apr_05_1059,FaceNameBlocked,3.0.0,59.98563356,0
FacesBlock4.xlsx,Anna.mp4,Anna.JPG,Anna,47,0,3,3,3,,,,,0,2,2,2,,,,,,,,alyssa,0,"['a', 'l', 'y', 's', 's', 'a']","[4.284630569000001, 4.567554931999439, 4.867504627999551, 5.283645570999397, 5.515219349999825, 5.817302626000128]",[4.2846,4.2846,1,0.251739607,,,32,1,2019_Apr_05_1059,FaceNameBlocked,3.0.0,59.98563356,0
FacesBlock2.xlsx,Ashley.mp4,Ashley.JPG,Ashley,24,0,1,1,1,0,7,7,9,,,,,,,0,2,0.386001299,,,,,,,0,0,,,,,32,1,2019_Apr_05_1059,FaceNameBlocked,3.0.0,59.98563356,0
FacesBlock2.xlsx,Ashley.mp4,Ashley.JPG,Ashley,24,0,1,1,1,,,,,0,11,11,9,,,,,,,,,0,None,,0,0,1,0.351668545,,,32,1,2019_Apr_05_1059,FaceNameBlocked,3.0.0,59.98563356,0
FacesBlock1.xlsx,Bradley.mp4,Bradley.JPG,Bradley,14,0,0,0,0,0,8,8,14,,,,,,,0,1,0.052628636,,,,,,,0,0,,,,,32,1,2019_Apr_05_1059,FaceNameBlocked,3.0.0,59.98563356,0
FacesBlock1.xlsx,Bradley.mp4,Bradley.JPG,Bradley,14,0,0,0,0,,,,,0,11,11,14,,,,,,,,,0,None,,0,0,1,0.301570645,,,32,1,2019_Apr_05_1059,FaceNameBlocked,3.0.0,59.98563356,0
FacesBlock4.xlsx,Brandon.mp4,Brandon.JPG,Brandon,56,0,3,3,3,0,3,3,11,,,,,,,0,1,0.585388534,,,,,,,0,0,,,,,32,1,2019_Apr_05_1059,FaceNameBlocked,3.0.0,59.98563356,0
FacesBlock4.xlsx,Brandon.mp4,Brandon.JPG,Brandon,56,0,3,3,3,,,,,0,7,7,11,,,,,,,,,0,None,,0,0,1,0.402065995,,,32,1,2019_Apr_05_1059,FaceNameBlocked,3.0.0,59.98563356,0
FacesBlock4.xlsx,Brian.mp4,Brian.JPG,Brian,53,0,3,3,3,0,4,4,8,,,,,,,1,1,0.369832869,,,,,,,0,0,,,,,32,1,2019_Apr_05_1059,FaceNameBlocked,3.0.0,59.98563356,0
FacesBlock4.xlsx,Brian.mp4,Brian.JPG,Brian,53,0,3,3,3,,,,,0,3,3,8,,,,,,,,,0,None,,0,0,1,0.401988187,,,32,1,2019_Apr_05_1059,FaceNameBlocked,3.0.0,59.98563356,0
FacesBlock4.xlsx,Brianna.mp4,Brianna.JPG,Brianna,48,0,3,3,3,0,13,13,3,,,,,,,0,2,0.352750733,,,,,,,0,0,,,,,32,1,2019_Apr_05_1059,FaceNameBlocked,3.0.0,59.98563356,0
FacesBlock4.xlsx,Brianna.mp4,Brianna.JPG,Brianna,48,0,3,3,3,,,,,0,13,13,3,,,,,,,,,0,None,,0,0,1,0.535636494,,,32,1,2019_Apr_05_1059,FaceNameBlocked,3.0.0,59.98563356,0
FacesBlock2.xlsx,Brittany.mp4,Brittany.JPG,Brittany,28,0,1,1,1,0,4,4,13,,,,,,,0,2,0.219438817,,,,,,,0,0,,,,,32,1,2019_Apr_05_1059,FaceNameBlocked,3.0.0,59.98563356,0
FacesBlock2.xlsx,Brittany.mp4,Brittany.JPG,Brittany,28,0,1,1,1,,,,,0,13,13,13,,,,,,,,brittney,1,"['b', 'r', 'i', 't', 't', 'n', 'e', 'y']","[1.66771348400016, 2.018473131999599, 2.2347843489997103, 2.5681732029997875, 2.7847255950000545, 2.984713899999406, 3.1182000039998456, 3.3177984719995948]",[1.6677,1.6677,1,0.319060535,,,32,1,2019_Apr_05_1059,FaceNameBlocked,3.0.0,59.98563356,1
FacesBlock4.xlsx,Caleb.mp4,Caleb.JPG,Caleb,59,0,3,3,3,0,2,2,14,,,,,,,0,1,0.386038773,,,,,,,0,0,,,,,32,1,2019_Apr_05_1059,FaceNameBlocked,3.0.0,59.98563356,0
FacesBlock4.xlsx,Caleb.mp4,Caleb.JPG,Caleb,59,0,3,3,3,,,,,0,6,6,14,,,,,,,,,0,None,,0,0,1,0.385721014,,,32,1,2019_Apr_05_1059,FaceNameBlocked,3.0.0,59.98563356,0
FacesBlock2.xlsx,Cody.mp4,Cody.JPG,Cody,23,0,1,1,1,0,6,6,8,,,,,,,0,1,0.552769354,,,,,,,0,0,,,,,32,1,2019_Apr_05_1059,FaceNameBlocked,3.0.0,59.98563356,0
FacesBlock2.xlsx,Cody.mp4,Cody.JPG,Cody,23,0,1,1,1,,,,,0,5,5,8,,,,,,,,cody,1,"['c', 'o', 'd', 'y']","[2.4189715519996753, 2.8189548729997114, 3.051372961999732, 3.2518854849995478]",[2.4189,2.4189,1,0.885234847,,,32,1,2019_Apr_05_1059,FaceNameBlocked,3.0.0,59.98563356,1
FacesBlock3.xlsx,Courtney.mp4,Courtney.JPG,Courtney,42,0,2,2,2,0,4,4,12,,,,,,,0,2,0.502735418,,,,,,,0,0,,,,,32,1,2019_Apr_05_1059,FaceNameBlocked,3.0.0,59.98563356,0
FacesBlock3.xlsx,Courtney.mp4,Courtney.JPG,Courtney,42,0,2,2,2,,,,,0,14,14,12,,,,,,,,,0,None,,0,0,1,0.25238359,,,32,1,2019_Apr_05_1059,FaceNameBlocked,3.0.0,59.98563356,0
FacesBlock3.xlsx,Daniel.mp4,Daniel.JPG,Daniel,30,0,2,2,2,0,1,1,0,,,,,,,1,1,0.335501033,,,,,,,0,0,,,,,32,1,2019_Apr_05_1059,FaceNameBlocked,3.0.0,59.98563356,0
FacesBlock3.xlsx,Daniel.mp4,Daniel.JPG,Daniel,30,0,2,2,2,,,,,0,8,8,0,,,,,,,,,0,None,,0,0,1,0.369220399,,,32,1,2019_Apr_05_1059,FaceNameBlocked,3.0.0,59.98563356,0
FacesBlock1.xlsx,Danielle.mp4,Danielle.JPG,Danielle,3,0,0,0,0,0,6,6,3,,,,,,,0,2,0.286125537,,,,,,,0,0,,,,,32,1,2019_Apr_05_1059,FaceNameBlocked,3.0.0,59.98563356,0
FacesBlock1.xlsx,Danielle.mp4,Danielle.JPG,Danielle,3,0,0,0,0,,,,,0,4,4,3,,,,,,,,,0,None,,0,0,1,0.619014392,,,32,1,2019_Apr_05_1059,FaceNameBlocked,3.0.0,59.98563356,0
FacesBlock2.xlsx,David.mp4,David.JPG,David,16,0,1,1,1,0,0,0,1,,,,,,,1,1,1.068864538,,,,,,,0,0,,,,,32,1,2019_Apr_05_1059,FaceNameBlocked,3.0.0,59.98563356,0
FacesBlock2.xlsx,David.mp4,David.JPG,David,16,0,1,1,1,,,,,0,4,4,1,,,,,,,,tyler,0,"['t', 'y', 'l', 'e', 'r']","[7.283355416999257, 7.434739272000115, 7.683078007999939, 8.250061007999648, 8.833090320999872]",[7.2833,7.2833,1,0.385088967,,,32,1,2019_Apr_05_1059,FaceNameBlocked,3.0.0,59.98563356,0
FacesBlock4.xlsx,Dylan.mp4,Dylan.JPG,Dylan,50,0,3,3,3,0,6,6,5,,,,,,,1,1,0.219039161,,,,,,,0,0,,,,,32,1,2019_Apr_05_1059,FaceNameBlocked,3.0.0,59.98563356,0
FacesBlock4.xlsx,Dylan.mp4,Dylan.JPG,Dylan,50,0,3,3,3,,,,,0,1,1,5,,,,,,,,dylan,1,"['d', 'y', 'a', 'backspace', 'l', 'a', 'n']","[6.483349375999751, 6.616927037000096, 6.982975003999854, 7.382227627999782, 8.015751443000227, 8.316222337, 8.832449430999986]",[6.4833,6.4833,1,0.351891963,,,32,1,2019_Apr_05_1059,FaceNameBlocked,3.0.0,59.98563356,1
FacesBlock4.xlsx,Emily.mp4,Emily.JPG,Emily,57,0,3,3,3,0,10,10,12,,,,,,,1,2,0.36879308,,,,,,,0,0,,,,,32,1,2019_Apr_05_1059,FaceNameBlocked,3.0.0,59.98563356,0
FacesBlock4.xlsx,Emily.mp4,Emily.JPG,Emily,57,0,3,3,3,,,,,0,5,5,12,,,,,,,,emma,0,"['e', 'm', 'm', 'a']","[6.884095592000449, 7.033887989000505, 7.183816323999963, 7.33324777100006]",[6.8840,6.884,1,0.285626235,,,32,1,2019_Apr_05_1059,FaceNameBlocked,3.0.0,59.98563356,0
FacesBlock1.xlsx,Eric.mp4,Eric.JPG,Eric,0,0,0,0,0,0,14,14,0,,,,,,,1,1,0.202445257,,,,,,,0,0,,,,,32,1,2019_Apr_05_1059,FaceNameBlocked,3.0.0,59.98563356,0
FacesBlock1.xlsx,Eric.mp4,Eric.JPG,Eric,0,0,0,0,0,,,,,0,5,5,0,,,,,,,,,0,None,,0,0,1,0.352704583,,,32,1,2019_Apr_05_1059,FaceNameBlocked,3.0.0,59.98563356,0
FacesBlock1.xlsx,Ethan.mp4,Ethan.JPG,Ethan,11,0,0,0,0,0,12,12,11,,,,,,,1,1,0.169123342,,,,,,,0,0,,,,,32,1,2019_Apr_05_1059,FaceNameBlocked,3.0.0,59.98563356,0
FacesBlock1.xlsx,Ethan.mp4,Ethan.JPG,Ethan,11,0,0,0,0,,,,,0,10,10,11,,,,,,,,,0,None,,0,0,1,1.884276005,,,32,1,2019_Apr_05_1059,FaceNameBlocked,3.0.0,59.98563356,0
FacesBlock4.xlsx,Grace.mp4,Grace.JPG,Grace,58,0,3,3,3,0,0,0,13,,,,,,,1,2,0.319952924,,,,,,,0,0,,,,,32,1,2019_Apr_05_1059,FaceNameBlocked,3.0.0,59.98563356,0
FacesBlock4.xlsx,Grace.mp4,Grace.JPG,Grace,58,0,3,3,3,,,,,0,8,8,13,,,,,,,,,0,None,,0,0,1,0.368218541,,,32,1,2019_Apr_05_1059,FaceNameBlocked,3.0.0,59.98563356,0
FacesBlock2.xlsx,Haley.mp4,Haley.JPG,Haley,20,0,1,1,1,0,2,2,5,,,,,,,1,2,0.685616226,,,,,,,0,0,,,,,32,1,2019_Apr_05_1059,FaceNameBlocked,3.0.0,59.98563356,0
FacesBlock2.xlsx,Haley.mp4,Haley.JPG,Haley,20,0,1,1,1,,,,,0,9,9,5,,,,,,,,,0,None,,0,0,1,0.618585478,,,32,1,2019_Apr_05_1059,FaceNameBlocked,3.0.0,59.98563356,0
FacesBlock1.xlsx,Hannah.mp4,Hannah.JPG,Hannah,1,0,0,0,0,0,4,4,1,,,,,,,1,2,0.452833235,,,,,,,0,0,,,,,32,1,2019_Apr_05_1059,FaceNameBlocked,3.0.0,59.98563356,0
FacesBlock1.xlsx,Hannah.mp4,Hannah.JPG,Hannah,1,0,0,0,0,,,,,0,9,9,1,,,,,,,,,0,None,,0,0,1,0.401970653,,,32,1,2019_Apr_05_1059,FaceNameBlocked,3.0.0,59.98563356,0
FacesBlock2.xlsx,Heather.mp4,Heather.JPG,Heather,26,0,1,1,1,0,8,8,11,,,,,,,1,2,0.287085652,,,,,,,0,0,,,,,32,1,2019_Apr_05_1059,FaceNameBlocked,3.0.0,59.98563356,0
FacesBlock2.xlsx,Heather.mp4,Heather.JPG,Heather,26,0,1,1,1,,,,,0,2,2,11,,,,,,,,,0,None,,0,0,1,0.385054098,,,32,1,2019_Apr_05_1059,FaceNameBlocked,3.0.0,59.98563356,0
FacesBlock3.xlsx,Jacob.mp4,Jacob.JPG,Jacob,39,0,2,2,2,0,8,8,9,,,,,,,0,1,0.535705793,,,,,,,0,0,,,,,32,1,2019_Apr_05_1059,FaceNameBlocked,3.0.0,59.98563356,0
FacesBlock3.xlsx,Jacob.mp4,Jacob.JPG,Jacob,39,0,2,2,2,,,,,0,11,11,9,,,,,,,,,0,None,,0,0,1,0.418919512,,,32,1,2019_Apr_05_1059,FaceNameBlocked,3.0.0,59.98563356,0
FacesBlock4.xlsx,Jason.mp4,Jason.JPG,Jason,49,0,3,3,3,0,14,14,4,,,,,,,1,1,0.619033329,,,,,,,0,0,,,,,32,1,2019_Apr_05_1059,FaceNameBlocked,3.0.0,59.98563356,0
FacesBlock4.xlsx,Jason.mp4,Jason.JPG,Jason,49,0,3,3,3,,,,,0,0,0,4,,,,,,space,3.917832177,tyler,0,"['t', 'y', 'l', 'e', 'r']","[4.701133091999509, 4.900868361999528, 5.151107034999768, 5.450714020000305, 5.881869746999655]",[4.7011,4.7011,1,0.269481873,,,32,1,2019_Apr_05_1059,FaceNameBlocked,3.0.0,59.98563356,0
FacesBlock1.xlsx,Jenna.mp4,Jenna.JPG,Jenna,6,0,0,0,0,0,10,10,6,,,,,,,1,2,0.319485623,,,,,,,0,0,,,,,32,1,2019_Apr_05_1059,FaceNameBlocked,3.0.0,59.98563356,0
FacesBlock1.xlsx,Jenna.mp4,Jenna.JPG,Jenna,6,0,0,0,0,,,,,0,3,3,6,,,,,,,,,0,None,,0,0,1,2.417537832,,,32,1,2019_Apr_05_1059,FaceNameBlocked,3.0.0,59.98563356,0
FacesBlock2.xlsx,Jeremy.mp4,Jeremy.JPG,Jeremy,15,0,1,1,1,0,12,12,0,,,,,,,0,1,0.269211731,,,,,,,0,0,,,,,32,1,2019_Apr_05_1059,FaceNameBlocked,3.0.0,59.98563356,0
FacesBlock2.xlsx,Jeremy.mp4,Jeremy.JPG,Jeremy,15,0,1,1,1,,,,,0,1,1,0,,,,,,,,jeremy,1,"['j', 'e', 'r', 'e', 'm', 'y']","[3.1015869040002144, 4.151403303000734, 4.800963691000106, 4.967468270000609, 5.13423695200072, 5.567492175000552]",[3.1015,3.1015,1,0.5352503,,,32,1,2019_Apr_05_1059,FaceNameBlocked,3.0.0,59.98563356,1
FacesBlock1.xlsx,Jessica.mp4,Jessica.JPG,Jessica,8,0,0,0,0,0,0,0,8,,,,,,,1,2,1.652439687,,,,,,,0,0,,,,,32,1,2019_Apr_05_1059,FaceNameBlocked,3.0.0,59.98563356,0
FacesBlock1.xlsx,Jessica.mp4,Jessica.JPG,Jessica,8,0,0,0,0,,,,,0,1,1,8,,,,,,,,julia ,0,"['j', 'u', 'l', 'i', 'a', 'return', 'space']","[4.9843590049999875, 5.268054183999993, 5.550996262999888, 5.650756073000139, 5.9842514450001545, 6.384187094000026, 8.100301235000188]",[4.9843,4.9843,1,0.752001827,,,32,1,2019_Apr_05_1059,FaceNameBlocked,3.0.0,59.98563356,0
FacesBlock2.xlsx,Josh.mp4,Josh.JPG,Josh,19,0,1,1,1,0,1,1,4,,,,,,,0,1,0.553217781,,,,,,,0,0,,,,,32,1,2019_Apr_05_1059,FaceNameBlocked,3.0.0,59.98563356,0
FacesBlock2.xlsx,Josh.mp4,Josh.JPG,Josh,19,0,1,1,1,,,,,0,12,12,4,,,,,,,,josh,1,"['j', 'o', 's', 'h']","[3.367921621000278, 4.000657463000607, 5.682984502000181, 6.43238101299994]",[3.3679,3.3679,1,0.318519458,,,32,1,2019_Apr_05_1059,FaceNameBlocked,3.0.0,59.98563356,1
FacesBlock1.xlsx,Julia.mp4,Julia.JPG,Julia,13,0,0,0,0,0,13,13,13,,,,,,,0,2,0.119367089,,,,,,,0,0,,,,,32,1,2019_Apr_05_1059,FaceNameBlocked,3.0.0,59.98563356,0
FacesBlock1.xlsx,Julia.mp4,Julia.JPG,Julia,13,0,0,0,0,,,,,0,14,14,13,,,,,,,,,0,"['1', 'backspace']","[8.53344131799986, 9.649436563000108]",[8.5334,8.5334,1,0.434914944,,,32,1,2019_Apr_05_1059,FaceNameBlocked,3.0.0,59.98563356,0
FacesBlock2.xlsx,Justin.mp4,Justin.JPG,Justin,27,0,1,1,1,0,3,3,12,,,,,,,0,1,0.569349328,,,,,,,0,0,,,,,32,1,2019_Apr_05_1059,FaceNameBlocked,3.0.0,59.98563356,0
FacesBlock2.xlsx,Justin.mp4,Justin.JPG,Justin,27,0,1,1,1,,,,,0,0,0,12,,,,,,space,6.78330034,,0,None,,0,0,1,12.64763685,,,32,1,2019_Apr_05_1059,FaceNameBlocked,3.0.0,59.98563356,0
FacesBlock4.xlsx,Katie.mp4,Katie.JPG,Katie,54,0,3,3,3,0,9,9,9,,,,,,,0,2,0.753021259,,,,,,,0,0,,,,,32,1,2019_Apr_05_1059,FaceNameBlocked,3.0.0,59.98563356,0
FacesBlock4.xlsx,Katie.mp4,Katie.JPG,Katie,54,0,3,3,3,,,,,0,10,10,9,,,,,,,,,0,"['a', 'k', 'u', 'c', 'backspace', 'backspace', 'backspace', 'backspace']","[6.634040938999533, 6.798750847999145, 6.933339687999251, 7.100112875999912, 7.449576536999302, 7.631679424999675, 7.782611818999612, 8.115704327999993]",[6.6340,6.634,1,0.435469891,,,32,1,2019_Apr_05_1059,FaceNameBlocked,3.0.0,59.98563356,0
FacesBlock3.xlsx,Kayla.mp4,Kayla.JPG,Kayla,34,0,2,2,2,0,14,14,4,,,,,,,1,2,0.252989536,,,,,,,0,0,,,,,32,1,2019_Apr_05_1059,FaceNameBlocked,3.0.0,59.98563356,0
FacesBlock3.xlsx,Kayla.mp4,Kayla.JPG,Kayla,34,0,2,2,2,,,,,0,4,4,4,,,,,,,,,0,None,,0,0,1,1.618647443,,,32,1,2019_Apr_05_1059,FaceNameBlocked,3.0.0,59.98563356,0
FacesBlock1.xlsx,Kelsey.mp4,Kelsey.JPG,Kelsey,12,0,0,0,0,0,11,11,12,,,,,,,1,2,0.419726968,,,,,,,0,0,,,,,32,1,2019_Apr_05_1059,FaceNameBlocked,3.0.0,59.98563356,0
FacesBlock1.xlsx,Kelsey.mp4,Kelsey.JPG,Kelsey,12,0,0,0,0,,,,,0,6,6,12,,,,,,,,ki,0,"['k', 'backspace', 'c', 'backspace', 'k', 'i', 'backspace', 'i']","[3.3852734329998384, 7.3166572400000405, 8.050308948999827, 8.515446682999936, 9.033280640000157, 9.249964321999869, 9.64895724500002, 9.949521391999951]",[3.3852,3.3852,1,1.35195533,,,32,1,2019_Apr_05_1059,FaceNameBlocked,3.0.0,59.98563356,0
FacesBlock3.xlsx,Kevin.mp4,Kevin.JPG,Kevin,41,0,2,2,2,0,6,6,11,,,,,,,1,1,0.519239814,,,,,,,0,0,,,,,32,1,2019_Apr_05_1059,FaceNameBlocked,3.0.0,59.98563356,0
FacesBlock3.xlsx,Kevin.mp4,Kevin.JPG,Kevin,41,0,2,2,2,,,,,0,0,0,11,,,,,,space,6.666884189,kevin,1,"['k', 'e', 'v', 'i', 'n']","[5.151426039000398, 5.467714437000723, 5.71787858100015, 5.917870434000179, 6.234306584000478]",[5.1514,5.1514,1,0.518741942,,,32,1,2019_Apr_05_1059,FaceNameBlocked,3.0.0,59.98563356,1
FacesBlock1.xlsx,Kyle.mp4,Kyle.JPG,Kyle,4,0,0,0,0,0,3,3,4,,,,,,,0,1,3.13571316,,,,,,,0,0,,,,,32,1,2019_Apr_05_1059,FaceNameBlocked,3.0.0,59.98563356,0
FacesBlock1.xlsx,Kyle.mp4,Kyle.JPG,Kyle,4,0,0,0,0,,,,,0,12,12,4,,,,,,,,,0,None,,0,0,1,0.452034642,,,32,1,2019_Apr_05_1059,FaceNameBlocked,3.0.0,59.98563356,0
FacesBlock3.xlsx,Lauren.mp4,Lauren.JPG,Lauren,38,0,2,2,2,0,0,0,8,,,,,,,0,2,1.33650039,,,,,,,0,0,,,,,32,1,2019_Apr_05_1059,FaceNameBlocked,3.0.0,59.98563356,0
FacesBlock3.xlsx,Lauren.mp4,Lauren.JPG,Lauren,38,0,2,2,2,,,,,0,12,12,8,,,,,,,,,0,None,,0,0,1,0.250646088,,,32,1,2019_Apr_05_1059,FaceNameBlocked,3.0.0,59.98563356,0
FacesBlock3.xlsx,Mark.mp4,Mark.JPG,Mark,40,0,2,2,2,0,2,2,10,,,,,,,1,1,0.319998656,,,,,,,0,0,,,,,32,1,2019_Apr_05_1059,FaceNameBlocked,3.0.0,59.98563356,0
FacesBlock3.xlsx,Mark.mp4,Mark.JPG,Mark,40,0,2,2,2,,,,,0,10,10,10,,,,,,,,,0,None,,0,0,1,0.268954776,,,32,1,2019_Apr_05_1059,FaceNameBlocked,3.0.0,59.98563356,0
FacesBlock1.xlsx,Matthew.mp4,Matthew.JPG,Matthew,9,0,0,0,0,0,5,5,9,,,,,,,1,1,0.268833196,,,,,,,0,0,,,,,32,1,2019_Apr_05_1059,FaceNameBlocked,3.0.0,59.98563356,0
FacesBlock1.xlsx,Matthew.mp4,Matthew.JPG,Matthew,9,0,0,0,0,,,,,0,0,0,9,,,,,,space,16.44657458,eric,0,"['e', 'r', 'i', 'c']","[4.750790985000094, 8.099106839999877, 8.499117053999726, 8.866061466999781]",[4.7507,4.7507,1,1.601621709,,,32,1,2019_Apr_05_1059,FaceNameBlocked,3.0.0,59.98563356,0
FacesBlock2.xlsx,Megan.mp4,Megan.JPG,Megan,25,0,1,1,1,0,5,5,10,,,,,,,1,2,0.636457375,,,,,,,0,0,,,,,32,1,2019_Apr_05_1059,FaceNameBlocked,3.0.0,59.98563356,0
FacesBlock2.xlsx,Megan.mp4,Megan.JPG,Megan,25,0,1,1,1,,,,,0,7,7,10,,,,,,,,brittney,0,"['b', 'r', 'i', 't', 't', 'n', 'e', 'y']","[1.585324471999229, 1.968604368999877, 2.0681711619999987, 2.2010486579993085, 2.35135708999951, 2.4186169849999715, 2.58444353699997, 2.7199447229995712]",[1.5853,1.5853,1,0.618888147,,,32,1,2019_Apr_05_1059,FaceNameBlocked,3.0.0,59.98563356,0
FacesBlock4.xlsx,Michael.mp4,Michael.JPG,Michael,46,0,3,3,3,0,11,11,1,,,,,,,1,1,0.252703307,,,,,,,0,0,,,,,32,1,2019_Apr_05_1059,FaceNameBlocked,3.0.0,59.98563356,0
FacesBlock4.xlsx,Michael.mp4,Michael.JPG,Michael,46,0,3,3,3,,,,,0,12,12,1,,,,,,,,,0,None,,0,0,1,0.28594129,,,32,1,2019_Apr_05_1059,FaceNameBlocked,3.0.0,59.98563356,0
FacesBlock4.xlsx,Michelle.mp4,Michelle.JPG,Michelle,52,0,3,3,3,0,8,8,7,,,,,,,0,2,0.536416811,,,,,,,0,0,,,,,32,1,2019_Apr_05_1059,FaceNameBlocked,3.0.0,59.98563356,0
FacesBlock4.xlsx,Michelle.mp4,Michelle.JPG,Michelle,52,0,3,3,3,,,,,0,14,14,7,,,,,,,,,0,None,,0,0,1,0.35243713,,,32,1,2019_Apr_05_1059,FaceNameBlocked,3.0.0,59.98563356,0
FacesBlock1.xlsx,Natalie.mp4,Natalie.JPG,Natalie,7,0,0,0,0,0,7,7,7,,,,,,,1,2,0.386426401,,,,,,,0,0,,,,,32,1,2019_Apr_05_1059,FaceNameBlocked,3.0.0,59.98563356,0
FacesBlock1.xlsx,Natalie.mp4,Natalie.JPG,Natalie,7,0,0,0,0,,,,,0,7,7,7,,,,,,,,,0,None,,0,0,1,0.416739292,,,32,1,2019_Apr_05_1059,FaceNameBlocked,3.0.0,59.98563356,0
FacesBlock3.xlsx,Nathan.mp4,Nathan.JPG,Nathan,37,0,2,2,2,0,11,11,7,,,,,,,0,1,0.850606041,,,,,,,0,0,,,,,32,1,2019_Apr_05_1059,FaceNameBlocked,3.0.0,59.98563356,0
FacesBlock3.xlsx,Nathan.mp4,Nathan.JPG,Nathan,37,0,2,2,2,,,,,0,5,5,7,,,,,,,,nathan,1,"['n', 'a', 't', 'h', 'a', 'n']","[1.6522689230005199, 3.201692593000189, 3.551612660000501, 3.7015492930004257, 4.0847752010004115, 4.517231549000826]",[1.6522,1.6522,1,0.502374615,,,32,1,2019_Apr_05_1059,FaceNameBlocked,3.0.0,59.98563356,1
FacesBlock3.xlsx,Nicole.mp4,Nicole.JPG,Nicole,43,0,2,2,2,0,9,9,13,,,,,,,0,2,0.502964518,,,,,,,0,0,,,,,32,1,2019_Apr_05_1059,FaceNameBlocked,3.0.0,59.98563356,0
FacesBlock3.xlsx,Nicole.mp4,Nicole.JPG,Nicole,43,0,2,2,2,,,,,0,1,1,13,,,,,,,,shelby,0,"['s', 'h', 'e', 'l', 'b', 'y']","[3.6516620169995804, 5.350120148000315, 6.3002236399997855, 6.617704240999956, 7.050656981999964, 7.516754567999669]",[3.6516,3.6516,1,0.318646819,,,32,1,2019_Apr_05_1059,FaceNameBlocked,3.0.0,59.98563356,0
FacesBlock3.xlsx,Noah.mp4,Noah.JPG,Noah,31,0,2,2,2,0,3,3,1,,,,,,,1,1,1.569952375,,,,,,,0,0,,,,,32,1,2019_Apr_05_1059,FaceNameBlocked,3.0.0,59.98563356,0
FacesBlock3.xlsx,Noah.mp4,Noah.JPG,Noah,31,0,2,2,2,,,,,0,9,9,1,,,,,,,,,0,None,,0,0,1,0.401754046,,,32,1,2019_Apr_05_1059,FaceNameBlocked,3.0.0,59.98563356,0
FacesBlock3.xlsx,Olivia.mp4,Olivia.JPG,Olivia,35,0,2,2,2,0,7,7,5,,,,,,,0,2,0.635582385,,,,,,,0,0,,,,,32,1,2019_Apr_05_1059,FaceNameBlocked,3.0.0,59.98563356,0
FacesBlock3.xlsx,Olivia.mp4,Olivia.JPG,Olivia,35,0,2,2,2,,,,,0,3,3,5,,,,,,,,emily,0,"['e', 'm', 'i', 'l', 'y']","[4.267995118999352, 5.10068211899943, 5.251127586999246, 5.5510138669997104, 5.917352679000032]",[4.2679,4.2679,1,0.285468319,,,32,1,2019_Apr_05_1059,FaceNameBlocked,3.0.0,59.98563356,0
FacesBlock2.xlsx,Rachel.mp4,Rachel.JPG,Rachel,29,0,1,1,1,0,11,11,14,,,,,,,0,2,0.236179412,,,,,,,0,0,,,,,32,1,2019_Apr_05_1059,FaceNameBlocked,3.0.0,59.98563356,0
FacesBlock2.xlsx,Rachel.mp4,Rachel.JPG,Rachel,29,0,1,1,1,,,,,0,10,10,14,,,,,,,,,0,None,,0,0,1,0.319150354,,,32,1,2019_Apr_05_1059,FaceNameBlocked,3.0.0,59.98563356,0
FacesBlock3.xlsx,Rebecca.mp4,Rebecca.JPG,Rebecca,32,0,2,2,2,0,10,10,2,,,,,,,0,2,1.102951984,,,,,,,0,0,,,,,32,1,2019_Apr_05_1059,FaceNameBlocked,3.0.0,59.98563356,0
FacesBlock3.xlsx,Rebecca.mp4,Rebecca.JPG,Rebecca,32,0,2,2,2,,,,,0,6,6,2,,,,,,,,emily,0,"['e', 'm', 'i', 'l', 'y']","[2.602071342999807, 2.768617489999997, 3.0685274119996393, 3.3849392429992804, 3.635505755999475]",[2.6020,2.602,1,0.668365637,,,32,1,2019_Apr_05_1059,FaceNameBlocked,3.0.0,59.98563356,0
FacesBlock3.xlsx,Sarah.mp4,Sarah.JPG,Sarah,33,0,2,2,2,0,5,5,3,,,,,,,1,2,0.585359448,,,,,,,0,0,,,,,32,1,2019_Apr_05_1059,FaceNameBlocked,3.0.0,59.98563356,0
FacesBlock3.xlsx,Sarah.mp4,Sarah.JPG,Sarah,33,0,2,2,2,,,,,0,13,13,3,,,,,,,,,0,None,,0,0,1,0.468571335,,,32,1,2019_Apr_05_1059,FaceNameBlocked,3.0.0,59.98563356,0
FacesBlock3.xlsx,Shelby.mp4,Shelby.JPG,Shelby,36,0,2,2,2,0,13,13,6,,,,,,,1,2,0.303092479,,,,,,,0,0,,,,,32,1,2019_Apr_05_1059,FaceNameBlocked,3.0.0,59.98563356,0
FacesBlock3.xlsx,Shelby.mp4,Shelby.JPG,Shelby,36,0,2,2,2,,,,,0,7,7,6,,,,,,,,,0,None,,0,0,1,0.419598905,,,32,1,2019_Apr_05_1059,FaceNameBlocked,3.0.0,59.98563356,0
FacesBlock2.xlsx,Steven.mp4,Steven.JPG,Steven,17,0,1,1,1,0,13,13,2,,,,,,,1,1,0.270264367,,,,,,,0,0,,,,,32,1,2019_Apr_05_1059,FaceNameBlocked,3.0.0,59.98563356,0
FacesBlock2.xlsx,Steven.mp4,Steven.JPG,Steven,17,0,1,1,1,,,,,0,6,6,2,,,,,,,,jeremy,0,"['j', 'e', 'r', 'e', 'm', 'y']","[4.767445491000217, 5.051137426999958, 5.683884688999569, 5.8335403219998625, 5.933704750999823, 6.250576839000132]",[4.7674,4.7674,1,0.302217131,,,32,1,2019_Apr_05_1059,FaceNameBlocked,3.0.0,59.98563356,0
FacesBlock4.xlsx,Taylor.mp4,Taylor.JPG,Taylor,45,0,3,3,3,0,7,7,0,,,,,,,1,2,0.386041275,,,,,,,0,0,,,,,32,1,2019_Apr_05_1059,FaceNameBlocked,3.0.0,59.98563356,0
FacesBlock4.xlsx,Taylor.mp4,Taylor.JPG,Taylor,45,0,3,3,3,,,,,0,11,11,0,,,,,,,,alyssa,0,"['a', 'l', 'y', 's', 's', 'a']","[5.283526262000123, 5.583333921000303, 5.817303336000805, 6.017424897000637, 6.250397747000534, 6.467214007000621]",[5.2835,5.2835,1,0.185749909,,,32,1,2019_Apr_05_1059,FaceNameBlocked,3.0.0,59.98563356,0
FacesBlock3.xlsx,Thomas.mp4,Thomas.JPG,Thomas,44,0,2,2,2,0,12,12,14,,,,,,,1,1,0.420064085,,,,,,,0,0,,,,,32,1,2019_Apr_05_1059,FaceNameBlocked,3.0.0,59.98563356,0
FacesBlock3.xlsx,Thomas.mp4,Thomas.JPG,Thomas,44,0,2,2,2,,,,,0,2,2,14,,,,,,,,,0,None,,0,0,1,0.352066987,,,32,1,2019_Apr_05_1059,FaceNameBlocked,3.0.0,59.98563356,0
FacesBlock1.xlsx,Timothy.mp4,Timothy.JPG,Timothy,10,0,0,0,0,0,2,2,10,,,,,,,0,1,0.285906384,,,,,,,0,0,,,,,32,1,2019_Apr_05_1059,FaceNameBlocked,3.0.0,59.98563356,0
FacesBlock1.xlsx,Timothy.mp4,Timothy.JPG,Timothy,10,0,0,0,0,,,,,0,2,2,10,,,,,,,,ethan,0,"['e', 't', 'h', 'a', 'n', '1', 'backspace']","[3.4011249169998337, 4.26734270399993, 4.516588544000115, 4.700531290000072, 4.8673511580000195, 5.4170244510000884, 6.049436865000189]",[3.4011,3.4011,1,0.385994055,,,32,1,2019_Apr_05_1059,FaceNameBlocked,3.0.0,59.98563356,0
FacesBlock2.xlsx,Trevor.mp4,Trevor.JPG,Trevor,21,0,1,1,1,0,9,9,6,,,,,,,1,1,0.320025762,,,,,,,0,0,,,,,32,1,2019_Apr_05_1059,FaceNameBlocked,3.0.0,59.98563356,0
FacesBlock2.xlsx,Trevor.mp4,Trevor.JPG,Trevor,21,0,1,1,1,,,,,0,14,14,6,,,,,,,,,0,None,,0,0,1,0.550121277,,,32,1,2019_Apr_05_1059,FaceNameBlocked,3.0.0,59.98563356,0
FacesBlock2.xlsx,Tyler.mp4,Tyler.JPG,Tyler,22,0,1,1,1,0,10,10,7,,,,,,,1,1,0.236348363,,,,,,,0,0,,,,,32,1,2019_Apr_05_1059,FaceNameBlocked,3.0.0,59.98563356,0
FacesBlock2.xlsx,Tyler.mp4,Tyler.JPG,Tyler,22,0,1,1,1,,,,,0,3,3,7,,,,,,,,,0,None,,0,0,1,0.41888834,,,32,1,2019_Apr_05_1059,FaceNameBlocked,3.0.0,59.98563356,0
,,,,,,,,,,,,,,,,,space,10.6498662,,,,,,,,,,,,,,,,32,1,2019_Apr_05_1059,FaceNameBlocked,3.0.0,59.98563356,
,,,,,,,,,,,,,,,,,,,,,,,,,,,,,,,,space,89.22301352,32,1,2019_Apr_05_1059,FaceNameBlocked,3.0.0,59.98563356,