condsFile,Video,Photo,Name,Row,blocks.thisRepN,blocks.thisTrialN,blocks.thisN,blocks.thisIndex,presentations.thisRepN,presentations.thisTrialN,presentations.thisN,presentations.thisIndex,testing.thisRepN,testing.thisTrialN,testing.thisN,testing.thisIndex,advance_1.keys,advance_1.rt,currentCond,judgementResp.keys,judgementResp.rt,advance_2.keys,advance_2.rt,inputText,Accuracy,key_resp_3.keys,key_resp_3.rt,trim1,key_resp3_fin,rating_resp.keys,rating_resp.rt,end_key.keys,end_key.rt,participant,session,date,expName,psychopyVersion,frameRate,Correct/Incorrect Responses
FacesBlock2.xlsx,Aaron.mp4,Aaron.JPG,Aaron,18,0,1,1,1,0,13,13,3,,,,,,,0,1,0.835983299,,,,,,,0,0,,,,,34,1,2019_Apr_08_1356,FaceNameBlocked,3.0.0,60.07910892,0
FacesBlock2.xlsx,Aaron.mp4,Aaron.JPG,Aaron,18,0,1,1,1,,,,,0,3,3,3,,,,,,,,,0,None,,0,0,1,1.484430204,,,34,1,2019_Apr_08_1356,FaceNameBlocked,3.0.0,60.07910892,0
FacesBlock1.xlsx,Adam.mp4,Adam.JPG,Adam,5,0,0,0,0,0,1,1,5,,,,,,,0,1,1.585947968,,,,,,,0,0,,,,,34,1,2019_Apr_08_1356,FaceNameBlocked,3.0.0,60.07910892,0
FacesBlock1.xlsx,Adam.mp4,Adam.JPG,Adam,5,0,0,0,0,,,,,0,12,12,5,,,,,,,,,0,None,,0,0,1,0.468441177,,,34,1,2019_Apr_08_1356,FaceNameBlocked,3.0.0,60.07910892,0
FacesBlock4.xlsx,Alyssa.mp4,Alyssa.JPG,Alyssa,55,0,3,3,3,0,14,14,10,,,,,,,0,2,0.852229698,,,,,,,0,0,,,,,34,1,2019_Apr_08_1356,FaceNameBlocked,3.0.0,60.07910892,0
FacesBlock4.xlsx,Alyssa.mp4,Alyssa.JPG,Alyssa,55,0,3,3,3,,,,,0,12,12,10,,,,,,,,,0,None,,0,0,1,0.319009105,,,34,1,2019_Apr_08_1356,FaceNameBlocked,3.0.0,60.07910892,0
FacesBlock1.xlsx,Amanda.mp4,Amanda.JPG,Amanda,2,0,0,0,0,0,9,9,2,,,,,,,1,2,0.516374871,,,,,,,0,0,,,,,34,1,2019_Apr_08_1356,FaceNameBlocked,3.0.0,60.07910892,0
FacesBlock1.xlsx,Amanda.mp4,Amanda.JPG,Amanda,2,0,0,0,0,,,,,0,7,7,2,,,,,,,,amanda,1,"['a', 'm', 'a', 'n', 'd', 'a']","[6.167544691008516, 6.3483345859567635, 6.450948364974465, 6.633433812006842, 6.733284315967467, 6.833530148956925]",[6.1675,6.1675,1,1.718248947,,,34,1,2019_Apr_08_1356,FaceNameBlocked,3.0.0,60.07910892,1
FacesBlock4.xlsx,Andrew.mp4,Andrew.JPG,Andrew,51,0,3,3,3,0,9,9,6,,,,,,,1,1,0.417162854,,,,,,,0,0,,,,,34,1,2019_Apr_08_1356,FaceNameBlocked,3.0.0,60.07910892,0
FacesBlock4.xlsx,Andrew.mp4,Andrew.JPG,Andrew,51,0,3,3,3,,,,,0,6,6,6,,,,,,,,,0,None,,0,0,1,0.235670697,,,34,1,2019_Apr_08_1356,FaceNameBlocked,3.0.0,60.07910892,0
FacesBlock4.xlsx,Anna.mp4,Anna.JPG,Anna,47,0,3,3,3,0,3,3,2,,,,,,,0,2,1.485629027,,,,,,,0,0,,,,,34,1,2019_Apr_08_1356,FaceNameBlocked,3.0.0,60.07910892,0
FacesBlock4.xlsx,Anna.mp4,Anna.JPG,Anna,47,0,3,3,3,,,,,0,2,2,2,,,,,,,,anna,1,"['a', 'b', 'b', 'a', 'backspace', 'backspace', 'backspace', 'n', 'n', 'a']","[1.9525925409980118, 2.2189750319812447, 2.352567914989777, 2.4690459910198115, 2.751492162991781, 2.950430123019032, 3.0846794469980523, 3.4520679489942268, 3.5684061059728265, 3.668457262974698]",[1.9525,1.9525,4,0.318876211,,,34,1,2019_Apr_08_1356,FaceNameBlocked,3.0.0,60.07910892,1
FacesBlock2.xlsx,Ashley.mp4,Ashley.JPG,Ashley,24,0,1,1,1,0,11,11,9,,,,,,,0,2,0.618822451,,,,,,,0,0,,,,,34,1,2019_Apr_08_1356,FaceNameBlocked,3.0.0,60.07910892,0
FacesBlock2.xlsx,Ashley.mp4,Ashley.JPG,Ashley,24,0,1,1,1,,,,,0,5,5,9,,,,,,,,ashley,1,"['a', 's', 'h', 'l', 'backspace', 'backspace', 'backspace', 'backspace', 'a', 's', 'h', 'l', 'e', 'y']","[2.3850778959458694, 2.484765035973396, 2.667996147996746, 2.76785377797205, 3.100917038973421, 3.266914030944463, 3.4506638769526035, 3.667216085945256, 4.7837480989983305, 5.083325399958994, 5.25030881294515, 5.40012702497188, 5.51724060496781, 5.7166198889608495]",[2.3850,2.385,1,2.117871539,,,34,1,2019_Apr_08_1356,FaceNameBlocked,3.0.0,60.07910892,1
FacesBlock1.xlsx,Bradley.mp4,Bradley.JPG,Bradley,14,0,0,0,0,0,6,6,14,,,,,,,1,1,0.736152108,,,,,,,0,0,,,,,34,1,2019_Apr_08_1356,FaceNameBlocked,3.0.0,60.07910892,0
FacesBlock1.xlsx,Bradley.mp4,Bradley.JPG,Bradley,14,0,0,0,0,,,,,0,4,4,14,,,,,,,,,0,None,,0,0,1,0.551823211,,,34,1,2019_Apr_08_1356,FaceNameBlocked,3.0.0,60.07910892,0
FacesBlock4.xlsx,Brandon.mp4,Brandon.JPG,Brandon,56,0,3,3,3,0,2,2,11,,,,,,,1,1,1.616243745,,,,,,,0,0,,,,,34,1,2019_Apr_08_1356,FaceNameBlocked,3.0.0,60.07910892,0
FacesBlock4.xlsx,Brandon.mp4,Brandon.JPG,Brandon,56,0,3,3,3,,,,,0,10,10,11,,,,,,,,,0,None,,0,0,1,0.300052004,,,34,1,2019_Apr_08_1356,FaceNameBlocked,3.0.0,60.07910892,0
FacesBlock4.xlsx,Brian.mp4,Brian.JPG,Brian,53,0,3,3,3,0,1,1,8,,,,,,,0,1,1.6358492,,,,,,,0,0,,,,,34,1,2019_Apr_08_1356,FaceNameBlocked,3.0.0,60.07910892,0
FacesBlock4.xlsx,Brian.mp4,Brian.JPG,Brian,53,0,3,3,3,,,,,0,11,11,8,,,,,,,,tyler,0,"['t', 'y', 'l', 'e', 'r']","[3.5173691940144636, 3.6510854880325496, 3.8351928990450688, 3.984453965036664, 4.101056289044209]",[3.5173,3.5173,1,0.335524729,,,34,1,2019_Apr_08_1356,FaceNameBlocked,3.0.0,60.07910892,0
FacesBlock4.xlsx,Brianna.mp4,Brianna.JPG,Brianna,48,0,3,3,3,0,11,11,3,,,,,,,1,2,0.285838044,,,,,,,0,0,,,,,34,1,2019_Apr_08_1356,FaceNameBlocked,3.0.0,60.07910892,0
FacesBlock4.xlsx,Brianna.mp4,Brianna.JPG,Brianna,48,0,3,3,3,,,,,0,8,8,3,,,,,,,,briana,1,"['b', 'r', 'i', 'a', 'n', 'a']","[3.3517428939812817, 3.6185467219911516, 3.7684514739667065, 3.8683802189771086, 3.984381605987437, 4.066983976983465]",[3.3517,3.3517,2,0.268852647,,,34,1,2019_Apr_08_1356,FaceNameBlocked,3.0.0,60.07910892,1
FacesBlock2.xlsx,Brittany.mp4,Brittany.JPG,Brittany,28,0,1,1,1,0,12,12,13,,,,,,,1,2,0.403871027,,,,,,,0,0,,,,,34,1,2019_Apr_08_1356,FaceNameBlocked,3.0.0,60.07910892,0
FacesBlock2.xlsx,Brittany.mp4,Brittany.JPG,Brittany,28,0,1,1,1,,,,,0,11,11,13,,,,,,,,megan,0,"['m', 'e', 'g', 'a', 'n']","[2.3516310779959895, 2.485182097007055, 2.8676089809741825, 3.000937464006711, 3.166362799005583]",[2.3516,2.3516,1,0.334706803,,,34,1,2019_Apr_08_1356,FaceNameBlocked,3.0.0,60.07910892,0
FacesBlock4.xlsx,Caleb.mp4,Caleb.JPG,Caleb,59,0,3,3,3,0,12,12,14,,,,,,,1,1,0.785988241,,,,,,,0,0,,,,,34,1,2019_Apr_08_1356,FaceNameBlocked,3.0.0,60.07910892,0
FacesBlock4.xlsx,Caleb.mp4,Caleb.JPG,Caleb,59,0,3,3,3,,,,,0,7,7,14,,,,,,,,,0,None,,0,0,1,0.302198023,,,34,1,2019_Apr_08_1356,FaceNameBlocked,3.0.0,60.07910892,0
FacesBlock2.xlsx,Cody.mp4,Cody.JPG,Cody,23,0,1,1,1,0,1,1,8,,,,,,,0,1,1.319278294,,,,,,,0,0,,,,,34,1,2019_Apr_08_1356,FaceNameBlocked,3.0.0,60.07910892,0
FacesBlock2.xlsx,Cody.mp4,Cody.JPG,Cody,23,0,1,1,1,,,,,0,12,12,8,,,,,,,,,0,None,,0,0,1,0.335882744,,,34,1,2019_Apr_08_1356,FaceNameBlocked,3.0.0,60.07910892,0
FacesBlock3.xlsx,Courtney.mp4,Courtney.JPG,Courtney,42,0,2,2,2,0,11,11,12,,,,,,,1,2,0.552589743,,,,,,,0,0,,,,,34,1,2019_Apr_08_1356,FaceNameBlocked,3.0.0,60.07910892,0
FacesBlock3.xlsx,Courtney.mp4,Courtney.JPG,Courtney,42,0,2,2,2,,,,,0,3,3,12,,,,,,,,courtney,1,"['c', 'o', 'u', 'r', 't', 'n', 'e', 'y']","[2.0007541839731857, 2.168274241965264, 2.3012481320183724, 2.4183666419703513, 2.6326598649611697, 2.8177124650101177, 2.9175012880004942, 3.1180457189911976]",[2.0007,2.0007,4,0.518954812,,,34,1,2019_Apr_08_1356,FaceNameBlocked,3.0.0,60.07910892,1
FacesBlock3.xlsx,Daniel.mp4,Daniel.JPG,Daniel,30,0,2,2,2,0,4,4,0,,,,,,,0,1,0.719585733,,,,,,,0,0,,,,,34,1,2019_Apr_08_1356,FaceNameBlocked,3.0.0,60.07910892,0
FacesBlock3.xlsx,Daniel.mp4,Daniel.JPG,Daniel,30,0,2,2,2,,,,,0,1,1,0,,,,,,,,,0,None,,0,0,1,0.402427587,,,34,1,2019_Apr_08_1356,FaceNameBlocked,3.0.0,60.07910892,0
FacesBlock1.xlsx,Danielle.mp4,Danielle.JPG,Danielle,3,0,0,0,0,0,13,13,3,,,,,,,0,2,0.536125954,,,,,,,0,0,,,,,34,1,2019_Apr_08_1356,FaceNameBlocked,3.0.0,60.07910892,0
FacesBlock1.xlsx,Danielle.mp4,Danielle.JPG,Danielle,3,0,0,0,0,,,,,0,8,8,3,,,,,,,,danielle,1,"['d', 'a', 'n', 'i', 'e', 'l', 'l', 'e']","[1.951956057047937, 2.1517576100304723, 2.2849755700444803, 2.5347960280487314, 2.6854763560113497, 3.0016308610211127, 3.134784344001673, 3.251441958011128]",[1.9519,1.9519,3,1.284720907,,,34,1,2019_Apr_08_1356,FaceNameBlocked,3.0.0,60.07910892,1
FacesBlock2.xlsx,David.mp4,David.JPG,David,16,0,1,1,1,0,0,0,1,,,,,,,1,1,4.184193837,,,,,,,0,0,,,,,34,1,2019_Apr_08_1356,FaceNameBlocked,3.0.0,60.07910892,0
FacesBlock2.xlsx,David.mp4,David.JPG,David,16,0,1,1,1,,,,,0,2,2,1,,,,,,,,cody,0,"['c', 'o', 'd', 'y']","[2.1851296899840236, 2.2855146300280467, 2.4180014280136675, 2.584947897994425]",[2.1851,2.1851,1,0.418538602,,,34,1,2019_Apr_08_1356,FaceNameBlocked,3.0.0,60.07910892,0
FacesBlock4.xlsx,Dylan.mp4,Dylan.JPG,Dylan,50,0,3,3,3,0,5,5,5,,,,,,,0,1,0.95348225,,,,,,,0,0,,,,,34,1,2019_Apr_08_1356,FaceNameBlocked,3.0.0,60.07910892,0
FacesBlock4.xlsx,Dylan.mp4,Dylan.JPG,Dylan,50,0,3,3,3,,,,,0,1,1,5,,,,,,,,,0,None,,0,0,1,0.352307389,,,34,1,2019_Apr_08_1356,FaceNameBlocked,3.0.0,60.07910892,0
FacesBlock4.xlsx,Emily.mp4,Emily.JPG,Emily,57,0,3,3,3,0,7,7,12,,,,,,,1,2,2.835294542,,,,,,,0,0,,,,,34,1,2019_Apr_08_1356,FaceNameBlocked,3.0.0,60.07910892,0
FacesBlock4.xlsx,Emily.mp4,Emily.JPG,Emily,57,0,3,3,3,,,,,0,4,4,12,,,,,,,,,0,None,,0,0,1,0.885922421,,,34,1,2019_Apr_08_1356,FaceNameBlocked,3.0.0,60.07910892,0
FacesBlock1.xlsx,Eric.mp4,Eric.JPG,Eric,0,0,0,0,0,0,14,14,0,,,,,,,1,1,0.385948871,,,,,,,0,0,,,,,34,1,2019_Apr_08_1356,FaceNameBlocked,3.0.0,60.07910892,0
FacesBlock1.xlsx,Eric.mp4,Eric.JPG,Eric,0,0,0,0,0,,,,,0,6,6,0,,,,,,,,,0,None,,0,0,1,0.635852052,,,34,1,2019_Apr_08_1356,FaceNameBlocked,3.0.0,60.07910892,0
FacesBlock1.xlsx,Ethan.mp4,Ethan.JPG,Ethan,11,0,0,0,0,0,12,12,11,,,,,,,1,1,0.336654998,,,,,,,0,0,,,,,34,1,2019_Apr_08_1356,FaceNameBlocked,3.0.0,60.07910892,0
FacesBlock1.xlsx,Ethan.mp4,Ethan.JPG,Ethan,11,0,0,0,0,,,,,0,14,14,11,,,,,,,,,0,None,,0,0,1,0.519110903,,,34,1,2019_Apr_08_1356,FaceNameBlocked,3.0.0,60.07910892,0
FacesBlock4.xlsx,Grace.mp4,Grace.JPG,Grace,58,0,3,3,3,0,4,4,13,,,,,,,0,2,2.70195206,,,,,,,0,0,,,,,34,1,2019_Apr_08_1356,FaceNameBlocked,3.0.0,60.07910892,0
FacesBlock4.xlsx,Grace.mp4,Grace.JPG,Grace,58,0,3,3,3,,,,,0,5,5,13,,,,,,,,,0,None,,0,0,1,0.285169089,,,34,1,2019_Apr_08_1356,FaceNameBlocked,3.0.0,60.07910892,0
FacesBlock2.xlsx,Haley.mp4,Haley.JPG,Haley,20,0,1,1,1,0,6,6,5,,,,,,,0,2,0.802217503,,,,,,,0,0,,,,,34,1,2019_Apr_08_1356,FaceNameBlocked,3.0.0,60.07910892,0
FacesBlock2.xlsx,Haley.mp4,Haley.JPG,Haley,20,0,1,1,1,,,,,0,8,8,5,,,,,,,,,0,None,,0,0,1,0.652302506,,,34,1,2019_Apr_08_1356,FaceNameBlocked,3.0.0,60.07910892,0
FacesBlock1.xlsx,Hannah.mp4,Hannah.JPG,Hannah,1,0,0,0,0,0,7,7,1,,,,,,,1,2,0.402254627,,,,,,,0,0,,,,,34,1,2019_Apr_08_1356,FaceNameBlocked,3.0.0,60.07910892,0
FacesBlock1.xlsx,Hannah.mp4,Hannah.JPG,Hannah,1,0,0,0,0,,,,,0,9,9,1,,,,,,,,,0,None,,0,0,1,0.385551491,,,34,1,2019_Apr_08_1356,FaceNameBlocked,3.0.0,60.07910892,0
FacesBlock2.xlsx,Heather.mp4,Heather.JPG,Heather,26,0,1,1,1,0,9,9,11,,,,,,,1,2,0.969847947,,,,,,,0,0,,,,,34,1,2019_Apr_08_1356,FaceNameBlocked,3.0.0,60.07910892,0
FacesBlock2.xlsx,Heather.mp4,Heather.JPG,Heather,26,0,1,1,1,,,,,0,4,4,11,,,,,,,,heather,1,"['h', 'e', 'a', 't', 'h', 'e', 'r']","[2.1688884300529025, 2.2521580110187642, 2.4352527070441283, 2.551731242041569, 2.634804706030991, 2.7689741200301796, 2.835190770041663]",[2.1688,2.1688,4,0.318180916,,,34,1,2019_Apr_08_1356,FaceNameBlocked,3.0.0,60.07910892,1
FacesBlock3.xlsx,Jacob.mp4,Jacob.JPG,Jacob,39,0,2,2,2,0,5,5,9,,,,,,,1,1,4.035629076,,,,,,,0,0,,,,,34,1,2019_Apr_08_1356,FaceNameBlocked,3.0.0,60.07910892,0
FacesBlock3.xlsx,Jacob.mp4,Jacob.JPG,Jacob,39,0,2,2,2,,,,,0,11,11,9,,,,,,,,jacob,1,"['j', 'a', 'c', 'o', 'b']","[2.084963944973424, 2.218453236971982, 2.4173951039556414, 2.6177390450029634, 3.1011727809673175]",[2.0849,2.0849,1,1.999709311,,,34,1,2019_Apr_08_1356,FaceNameBlocked,3.0.0,60.07910892,1
FacesBlock4.xlsx,Jason.mp4,Jason.JPG,Jason,49,0,3,3,3,0,6,6,4,,,,,,,1,1,1.486108322,,,,,,,0,0,,,,,34,1,2019_Apr_08_1356,FaceNameBlocked,3.0.0,60.07910892,0
FacesBlock4.xlsx,Jason.mp4,Jason.JPG,Jason,49,0,3,3,3,,,,,0,13,13,4,,,,,,,,jason,1,"['j', 'a', 's', 'o', 'n']","[1.9190895200008526, 2.052550956956111, 2.152395663957577, 2.3185839019715786, 2.3395469349925406]",[1.9190,1.919,2,0.252325709,,,34,1,2019_Apr_08_1356,FaceNameBlocked,3.0.0,60.07910892,1
FacesBlock1.xlsx,Jenna.mp4,Jenna.JPG,Jenna,6,0,0,0,0,0,10,10,6,,,,,,,0,2,0.719624323,,,,,,,0,0,,,,,34,1,2019_Apr_08_1356,FaceNameBlocked,3.0.0,60.07910892,0
FacesBlock1.xlsx,Jenna.mp4,Jenna.JPG,Jenna,6,0,0,0,0,,,,,0,3,3,6,,,,,,,,,0,None,,0,0,1,1.101596455,,,34,1,2019_Apr_08_1356,FaceNameBlocked,3.0.0,60.07910892,0
FacesBlock2.xlsx,Jeremy.mp4,Jeremy.JPG,Jeremy,15,0,1,1,1,0,5,5,0,,,,,,,0,1,0.569352617,,,,,,,0,0,,,,,34,1,2019_Apr_08_1356,FaceNameBlocked,3.0.0,60.07910892,0
FacesBlock2.xlsx,Jeremy.mp4,Jeremy.JPG,Jeremy,15,0,1,1,1,,,,,0,10,10,0,,,,,,,,,0,None,,0,0,1,0.899911369,,,34,1,2019_Apr_08_1356,FaceNameBlocked,3.0.0,60.07910892,0
FacesBlock1.xlsx,Jessica.mp4,Jessica.JPG,Jessica,8,0,0,0,0,0,2,2,8,,,,,,,0,2,1.219357779,,,,,,,0,0,,,,,34,1,2019_Apr_08_1356,FaceNameBlocked,3.0.0,60.07910892,0
FacesBlock1.xlsx,Jessica.mp4,Jessica.JPG,Jessica,8,0,0,0,0,,,,,0,0,0,8,,,,,,space,19.87946942,amanda ,0,"['a', 'm', 'a', 'n', 'd', 'a', 'space']","[5.38463532901369, 5.734450137009844, 6.2008799180039205, 6.400441806006711, 6.517374613031279, 6.6679111029952765, 8.333288717025425]",[5.3846,5.3846,1,3.50156044,,,34,1,2019_Apr_08_1356,FaceNameBlocked,3.0.0,60.07910892,0
FacesBlock2.xlsx,Josh.mp4,Josh.JPG,Josh,19,0,1,1,1,0,14,14,4,,,,,,,1,1,0.25037644,,,,,,,0,0,,,,,34,1,2019_Apr_08_1356,FaceNameBlocked,3.0.0,60.07910892,0
FacesBlock2.xlsx,Josh.mp4,Josh.JPG,Josh,19,0,1,1,1,,,,,0,1,1,4,,,,,,,,josh,1,"['j', 'o', 's', 'h']","[1.585271375020966, 1.801723751006648, 1.9182488860096782, 2.0678112960304134]",[1.5852,1.5852,3,0.902343806,,,34,1,2019_Apr_08_1356,FaceNameBlocked,3.0.0,60.07910892,0
FacesBlock1.xlsx,Julia.mp4,Julia.JPG,Julia,13,0,0,0,0,0,4,4,13,,,,,,,1,2,1.086729092,,,,,,,0,0,,,,,34,1,2019_Apr_08_1356,FaceNameBlocked,3.0.0,60.07910892,0
FacesBlock1.xlsx,Julia.mp4,Julia.JPG,Julia,13,0,0,0,0,,,,,0,5,5,13,,,,,,,, ,0,['space'],[2.7178196599707007],[2.7178,2.7178,1,1.101801465,,,34,1,2019_Apr_08_1356,FaceNameBlocked,3.0.0,60.07910892,0
FacesBlock2.xlsx,Justin.mp4,Justin.JPG,Justin,27,0,1,1,1,0,3,3,12,,,,,,,0,1,1.335800276,,,,,,,0,0,,,,,34,1,2019_Apr_08_1356,FaceNameBlocked,3.0.0,60.07910892,0
FacesBlock2.xlsx,Justin.mp4,Justin.JPG,Justin,27,0,1,1,1,,,,,0,0,0,12,,,,,,space,8.767013287,david,0,"['d', 'a', 'v', 'i', 'd']","[6.78361813101219, 7.416454125021119, 7.683339253999293, 7.799819423991721, 7.949971900030505]",[6.7836,6.7836,1,0.98523385,,,34,1,2019_Apr_08_1356,FaceNameBlocked,3.0.0,60.07910892,0
FacesBlock4.xlsx,Katie.mp4,Katie.JPG,Katie,54,0,3,3,3,0,8,8,9,,,,,,,1,2,0.702668574,,,,,,,0,0,,,,,34,1,2019_Apr_08_1356,FaceNameBlocked,3.0.0,60.07910892,0
FacesBlock4.xlsx,Katie.mp4,Katie.JPG,Katie,54,0,3,3,3,,,,,0,9,9,9,,,,,,,,katie,1,"['k', 'a', 'i', 't', 'backspace', 'backspace', 't', 'i', 'e']","[3.651768901036121, 3.718507710029371, 4.151297786040232, 4.2161868560360745, 4.816112201020587, 5.050424084009137, 5.234432668017689, 5.3677750110509805, 5.501407393021509]",[3.6517,3.6517,2,0.602086293,,,34,1,2019_Apr_08_1356,FaceNameBlocked,3.0.0,60.07910892,1
FacesBlock3.xlsx,Kayla.mp4,Kayla.JPG,Kayla,34,0,2,2,2,0,9,9,4,,,,,,,1,2,0.785417177,,,,,,,0,0,,,,,34,1,2019_Apr_08_1356,FaceNameBlocked,3.0.0,60.07910892,0
FacesBlock3.xlsx,Kayla.mp4,Kayla.JPG,Kayla,34,0,2,2,2,,,,,0,7,7,4,,,,,,,,,0,None,,0,0,1,0.268348531,,,34,1,2019_Apr_08_1356,FaceNameBlocked,3.0.0,60.07910892,0
FacesBlock1.xlsx,Kelsey.mp4,Kelsey.JPG,Kelsey,12,0,0,0,0,0,5,5,12,,,,,,,0,2,0.969520436,,,,,,,0,0,,,,,34,1,2019_Apr_08_1356,FaceNameBlocked,3.0.0,60.07910892,0
FacesBlock1.xlsx,Kelsey.mp4,Kelsey.JPG,Kelsey,12,0,0,0,0,,,,,0,13,13,12,,,,,,,,,0,None,,0,0,1,0.40233742,,,34,1,2019_Apr_08_1356,FaceNameBlocked,3.0.0,60.07910892,0
FacesBlock3.xlsx,Kevin.mp4,Kevin.JPG,Kevin,41,0,2,2,2,0,2,2,11,,,,,,,0,1,0.81901095,,,,,,,0,0,,,,,34,1,2019_Apr_08_1356,FaceNameBlocked,3.0.0,60.07910892,0
FacesBlock3.xlsx,Kevin.mp4,Kevin.JPG,Kevin,41,0,2,2,2,,,,,0,0,0,11,,,,,,space,23.22633141,,0,None,,0,0,1,0.501384898,,,34,1,2019_Apr_08_1356,FaceNameBlocked,3.0.0,60.07910892,0
FacesBlock1.xlsx,Kyle.mp4,Kyle.JPG,Kyle,4,0,0,0,0,0,0,0,4,,,,,,,0,1,2.002806743,,,,,,,0,0,,,,,34,1,2019_Apr_08_1356,FaceNameBlocked,3.0.0,60.07910892,0
FacesBlock1.xlsx,Kyle.mp4,Kyle.JPG,Kyle,4,0,0,0,0,,,,,0,11,11,4,,,,,,,,,0,None,,0,0,1,0.585168972,,,34,1,2019_Apr_08_1356,FaceNameBlocked,3.0.0,60.07910892,0
FacesBlock3.xlsx,Lauren.mp4,Lauren.JPG,Lauren,38,0,2,2,2,0,0,0,8,,,,,,,0,2,1.786276644,,,,,,,0,0,,,,,34,1,2019_Apr_08_1356,FaceNameBlocked,3.0.0,60.07910892,0
FacesBlock3.xlsx,Lauren.mp4,Lauren.JPG,Lauren,38,0,2,2,2,,,,,0,8,8,8,,,,,,,,,0,None,,0,0,1,0.718575467,,,34,1,2019_Apr_08_1356,FaceNameBlocked,3.0.0,60.07910892,0
FacesBlock3.xlsx,Mark.mp4,Mark.JPG,Mark,40,0,2,2,2,0,8,8,10,,,,,,,0,1,0.402901622,,,,,,,0,0,,,,,34,1,2019_Apr_08_1356,FaceNameBlocked,3.0.0,60.07910892,0
FacesBlock3.xlsx,Mark.mp4,Mark.JPG,Mark,40,0,2,2,2,,,,,0,2,2,10,,,,,,,,mark,1,"['m', 'a', 'r', 'k']","[2.2177830500295386, 2.367347160994541, 2.4347192020504735, 2.634572402050253]",[2.2177,2.2177,3,0.285388936,,,34,1,2019_Apr_08_1356,FaceNameBlocked,3.0.0,60.07910892,1
FacesBlock1.xlsx,Matthew.mp4,Matthew.JPG,Matthew,9,0,0,0,0,0,8,8,9,,,,,,,0,1,0.602794992,,,,,,,0,0,,,,,34,1,2019_Apr_08_1356,FaceNameBlocked,3.0.0,60.07910892,0
FacesBlock1.xlsx,Matthew.mp4,Matthew.JPG,Matthew,9,0,0,0,0,,,,,0,10,10,9,,,,,,,,,0,None,,0,0,1,0.41695131,,,34,1,2019_Apr_08_1356,FaceNameBlocked,3.0.0,60.07910892,0
FacesBlock2.xlsx,Megan.mp4,Megan.JPG,Megan,25,0,1,1,1,0,2,2,10,,,,,,,1,2,0.403086657,,,,,,,0,0,,,,,34,1,2019_Apr_08_1356,FaceNameBlocked,3.0.0,60.07910892,0
FacesBlock2.xlsx,Megan.mp4,Megan.JPG,Megan,25,0,1,1,1,,,,,0,13,13,10,,,,,,,,,0,None,,0,0,1,0.384923506,,,34,1,2019_Apr_08_1356,FaceNameBlocked,3.0.0,60.07910892,0
FacesBlock4.xlsx,Michael.mp4,Michael.JPG,Michael,46,0,3,3,3,0,10,10,1,,,,,,,0,1,0.818493849,,,,,,,0,0,,,,,34,1,2019_Apr_08_1356,FaceNameBlocked,3.0.0,60.07910892,0
FacesBlock4.xlsx,Michael.mp4,Michael.JPG,Michael,46,0,3,3,3,,,,,0,3,3,1,,,,,,,,,0,None,,0,0,1,0.96878175,,,34,1,2019_Apr_08_1356,FaceNameBlocked,3.0.0,60.07910892,0
FacesBlock4.xlsx,Michelle.mp4,Michelle.JPG,Michelle,52,0,3,3,3,0,13,13,7,,,,,,,0,2,0.636103963,,,,,,,0,0,,,,,34,1,2019_Apr_08_1356,FaceNameBlocked,3.0.0,60.07910892,0
FacesBlock4.xlsx,Michelle.mp4,Michelle.JPG,Michelle,52,0,3,3,3,,,,,0,14,14,7,,,,,,,,,0,None,,0,0,1,0.485220726,,,34,1,2019_Apr_08_1356,FaceNameBlocked,3.0.0,60.07910892,0
FacesBlock1.xlsx,Natalie.mp4,Natalie.JPG,Natalie,7,0,0,0,0,0,3,3,7,,,,,,,1,2,1.452363851,,,,,,,0,0,,,,,34,1,2019_Apr_08_1356,FaceNameBlocked,3.0.0,60.07910892,0
FacesBlock1.xlsx,Natalie.mp4,Natalie.JPG,Natalie,7,0,0,0,0,,,,,0,2,2,7,,,,,,,,,0,None,,0,0,1,0.668224475,,,34,1,2019_Apr_08_1356,FaceNameBlocked,3.0.0,60.07910892,0
FacesBlock3.xlsx,Nathan.mp4,Nathan.JPG,Nathan,37,0,2,2,2,0,10,10,7,,,,,,,0,1,1.402724282,,,,,,,0,0,,,,,34,1,2019_Apr_08_1356,FaceNameBlocked,3.0.0,60.07910892,0
FacesBlock3.xlsx,Nathan.mp4,Nathan.JPG,Nathan,37,0,2,2,2,,,,,0,13,13,7,,,,,,,,,0,None,,0,0,1,0.402427736,,,34,1,2019_Apr_08_1356,FaceNameBlocked,3.0.0,60.07910892,0
FacesBlock3.xlsx,Nicole.mp4,Nicole.JPG,Nicole,43,0,2,2,2,0,7,7,13,,,,,,,1,2,2.782063431,,,,,,,0,0,,,,,34,1,2019_Apr_08_1356,FaceNameBlocked,3.0.0,60.07910892,0
FacesBlock3.xlsx,Nicole.mp4,Nicole.JPG,Nicole,43,0,2,2,2,,,,,0,14,14,13,,,,,,,,nicole,1,"['n', 'i', 'c', 'o', 'l', 'e']","[2.718795102031436, 2.8688661089981906, 3.0184714029892348, 3.3021571910358034, 3.7014490219880827, 3.850953158980701]",[2.7187,2.7187,2,1.851747081,,,34,1,2019_Apr_08_1356,FaceNameBlocked,3.0.0,60.07910892,1
FacesBlock3.xlsx,Noah.mp4,Noah.JPG,Noah,31,0,2,2,2,0,1,1,1,,,,,,,1,1,0.652621653,,,,,,,0,0,,,,,34,1,2019_Apr_08_1356,FaceNameBlocked,3.0.0,60.07910892,0
FacesBlock3.xlsx,Noah.mp4,Noah.JPG,Noah,31,0,2,2,2,,,,,0,4,4,1,,,,,,,,noah,1,"['n', 'a', 'backspace', 'o', 'a', 'h']","[3.8352207529824227, 4.001652524981182, 4.500776536006015, 5.484262755024247, 5.601088356983382, 5.73435421299655]",[3.8352,3.8352,3,2.434675054,,,34,1,2019_Apr_08_1356,FaceNameBlocked,3.0.0,60.07910892,1
FacesBlock3.xlsx,Olivia.mp4,Olivia.JPG,Olivia,35,0,2,2,2,0,14,14,5,,,,,,,0,2,0.036559705,,,,,,,0,0,,,,,34,1,2019_Apr_08_1356,FaceNameBlocked,3.0.0,60.07910892,0
FacesBlock3.xlsx,Olivia.mp4,Olivia.JPG,Olivia,35,0,2,2,2,,,,,0,12,12,5,,,,,,,,,0,None,,0,0,1,2.451856569,,,34,1,2019_Apr_08_1356,FaceNameBlocked,3.0.0,60.07910892,0
FacesBlock2.xlsx,Rachel.mp4,Rachel.JPG,Rachel,29,0,1,1,1,0,10,10,14,,,,,,,1,2,0.718862951,,,,,,,0,0,,,,,34,1,2019_Apr_08_1356,FaceNameBlocked,3.0.0,60.07910892,0
FacesBlock2.xlsx,Rachel.mp4,Rachel.JPG,Rachel,29,0,1,1,1,,,,,0,7,7,14,,,,,,,,,0,None,,0,0,1,0.369010833,,,34,1,2019_Apr_08_1356,FaceNameBlocked,3.0.0,60.07910892,0
FacesBlock3.xlsx,Rebecca.mp4,Rebecca.JPG,Rebecca,32,0,2,2,2,0,13,13,2,,,,,,,1,2,0.269596917,,,,,,,0,0,,,,,34,1,2019_Apr_08_1356,FaceNameBlocked,3.0.0,60.07910892,0
FacesBlock3.xlsx,Rebecca.mp4,Rebecca.JPG,Rebecca,32,0,2,2,2,,,,,0,6,6,2,,,,,,,,,0,None,,0,0,1,1.352032222,,,34,1,2019_Apr_08_1356,FaceNameBlocked,3.0.0,60.07910892,0
FacesBlock3.xlsx,Sarah.mp4,Sarah.JPG,Sarah,33,0,2,2,2,0,3,3,3,,,,,,,0,2,1.103370905,,,,,,,0,0,,,,,34,1,2019_Apr_08_1356,FaceNameBlocked,3.0.0,60.07910892,0
FacesBlock3.xlsx,Sarah.mp4,Sarah.JPG,Sarah,33,0,2,2,2,,,,,0,5,5,3,,,,,,,,sarah,1,"['s', 'a', 'r', 'a', 'h']","[2.035001608019229, 2.267983918020036, 2.3679151190444827, 2.484297382994555, 2.6339171060244553]",[2.0350,2.035,2,0.369184445,,,34,1,2019_Apr_08_1356,FaceNameBlocked,3.0.0,60.07910892,1
FacesBlock3.xlsx,Shelby.mp4,Shelby.JPG,Shelby,36,0,2,2,2,0,12,12,6,,,,,,,1,2,0.818861477,,,,,,,0,0,,,,,34,1,2019_Apr_08_1356,FaceNameBlocked,3.0.0,60.07910892,0
FacesBlock3.xlsx,Shelby.mp4,Shelby.JPG,Shelby,36,0,2,2,2,,,,,0,9,9,6,,,,,,,,shelby,1,"['s', 'h', 'e', 'l', 'b', 'y']","[2.6844935700064525, 2.8340756840188988, 2.968105328036472, 3.0846935900044627, 3.2506750440225005, 3.3840006529935636]",[2.6844,2.6844,3,0.485573757,,,34,1,2019_Apr_08_1356,FaceNameBlocked,3.0.0,60.07910892,1
FacesBlock2.xlsx,Steven.mp4,Steven.JPG,Steven,17,0,1,1,1,0,8,8,2,,,,,,,1,1,0.816872802,,,,,,,0,0,,,,,34,1,2019_Apr_08_1356,FaceNameBlocked,3.0.0,60.07910892,0
FacesBlock2.xlsx,Steven.mp4,Steven.JPG,Steven,17,0,1,1,1,,,,,0,6,6,2,,,,,,,,,0,None,,0,0,1,1.83494331,,,34,1,2019_Apr_08_1356,FaceNameBlocked,3.0.0,60.07910892,0
FacesBlock4.xlsx,Taylor.mp4,Taylor.JPG,Taylor,45,0,3,3,3,0,0,0,0,,,,,,,0,2,1.633358057,,,,,,,0,0,,,,,34,1,2019_Apr_08_1356,FaceNameBlocked,3.0.0,60.07910892,0
FacesBlock4.xlsx,Taylor.mp4,Taylor.JPG,Taylor,45,0,3,3,3,,,,,0,0,0,0,,,,,,space,2.368107671,,0,None,,0,0,1,0.385596267,,,34,1,2019_Apr_08_1356,FaceNameBlocked,3.0.0,60.07910892,0
FacesBlock3.xlsx,Thomas.mp4,Thomas.JPG,Thomas,44,0,2,2,2,0,6,6,14,,,,,,,1,1,0.619245689,,,,,,,0,0,,,,,34,1,2019_Apr_08_1356,FaceNameBlocked,3.0.0,60.07910892,0
FacesBlock3.xlsx,Thomas.mp4,Thomas.JPG,Thomas,44,0,2,2,2,,,,,0,10,10,14,,,,,,,,,0,None,,0,0,1,0.335684662,,,34,1,2019_Apr_08_1356,FaceNameBlocked,3.0.0,60.07910892,0
FacesBlock1.xlsx,Timothy.mp4,Timothy.JPG,Timothy,10,0,0,0,0,0,11,11,10,,,,,,,1,1,0.403159697,,,,,,,0,0,,,,,34,1,2019_Apr_08_1356,FaceNameBlocked,3.0.0,60.07910892,0
FacesBlock1.xlsx,Timothy.mp4,Timothy.JPG,Timothy,10,0,0,0,0,,,,,0,1,1,10,,,,,,,, ,0,['space'],[4.333920635981485],[4.3339,4.3339,1,2.768230526,,,34,1,2019_Apr_08_1356,FaceNameBlocked,3.0.0,60.07910892,0
FacesBlock2.xlsx,Trevor.mp4,Trevor.JPG,Trevor,21,0,1,1,1,0,7,7,6,,,,,,,0,1,0.935765941,,,,,,,0,0,,,,,34,1,2019_Apr_08_1356,FaceNameBlocked,3.0.0,60.07910892,0
FacesBlock2.xlsx,Trevor.mp4,Trevor.JPG,Trevor,21,0,1,1,1,,,,,0,9,9,6,,,,,,,,,0,None,,0,0,1,3.034709569,,,34,1,2019_Apr_08_1356,FaceNameBlocked,3.0.0,60.07910892,0
FacesBlock2.xlsx,Tyler.mp4,Tyler.JPG,Tyler,22,0,1,1,1,0,4,4,7,,,,,,,0,1,0.751847038,,,,,,,0,0,,,,,34,1,2019_Apr_08_1356,FaceNameBlocked,3.0.0,60.07910892,0
FacesBlock2.xlsx,Tyler.mp4,Tyler.JPG,Tyler,22,0,1,1,1,,,,,0,14,14,7,,,,,,,,,0,None,,0,0,1,0.285032196,,,34,1,2019_Apr_08_1356,FaceNameBlocked,3.0.0,60.07910892,0
,,,,,,,,,,,,,,,,,space,268.1830452,,,,,,,,,,,,,,,,34,1,2019_Apr_08_1356,FaceNameBlocked,3.0.0,60.07910892,
,,,,,,,,,,,,,,,,,,,,,,,,,,,,,,,,space,23.17782314,34,1,2019_Apr_08_1356,FaceNameBlocked,3.0.0,60.07910892,