condsFile,Video,Photo,Name,Row,blocks.thisRepN,blocks.thisTrialN,blocks.thisN,blocks.thisIndex,presentations.thisRepN,presentations.thisTrialN,presentations.thisN,presentations.thisIndex,testing.thisRepN,testing.thisTrialN,testing.thisN,testing.thisIndex,advance_1.keys,advance_1.rt,currentCond,judgementResp.keys,judgementResp.rt,advance_2.keys,advance_2.rt,inputText,Accuracy,key_resp_3.keys,key_resp_3.rt,trim1,key_resp3_fin,rating_resp.keys,rating_resp.rt,end_key.keys,end_key.rt,participant,session,date,expName,psychopyVersion,frameRate,Correct/Incprrect Response 
FacesBlock2.xlsx,Aaron.mp4,Aaron.JPG,Aaron,18,0,1,1,1,0,10,10,3,,,,,,,0,1,1.402702672,,,,,,,0,0,,,,,35,1,2019_Apr_08_1450,FaceNameBlocked,3.0.0,60.06789631,0
FacesBlock2.xlsx,Aaron.mp4,Aaron.JPG,Aaron,18,0,1,1,1,,,,,0,4,4,3,,,,,,,,josh,0,"['j', 'o', 's', 'j', 'backspace', 'h']","[1.835038730991073, 2.351295795000624, 2.734348409983795, 3.1344825179548934, 3.833792037970852, 4.233468835998792]",[1.8350,1.835,1,0.435377049,,,35,1,2019_Apr_08_1450,FaceNameBlocked,3.0.0,60.06789631,0
FacesBlock1.xlsx,Adam.mp4,Adam.JPG,Adam,5,0,0,0,0,0,0,0,5,,,,,,,0,1,3.26832126,,,,,,,0,0,,,,,35,1,2019_Apr_08_1450,FaceNameBlocked,3.0.0,60.06789631,0
FacesBlock1.xlsx,Adam.mp4,Adam.JPG,Adam,5,0,0,0,0,,,,,0,0,0,5,,,,,,space,17.33001919,,0,None,,0,0,1,2.11848341,,,35,1,2019_Apr_08_1450,FaceNameBlocked,3.0.0,60.06789631,0
FacesBlock4.xlsx,Alyssa.mp4,Alyssa.JPG,Alyssa,55,0,3,3,3,0,7,7,10,,,,,,,0,2,1.735623581,,,,,,,0,0,,,,,35,1,2019_Apr_08_1450,FaceNameBlocked,3.0.0,60.06789631,0
FacesBlock4.xlsx,Alyssa.mp4,Alyssa.JPG,Alyssa,55,0,3,3,3,,,,,0,9,9,10,,,,,,,,taylor,0,"['t', 'a', 'y', 'l', 'o', 'r']","[3.184868954005651, 3.5182881070068106, 3.6186409359797835, 4.217811325972434, 4.501363477960695, 4.701293503982015]",[3.1848,3.1848,1,1.05111282,,,35,1,2019_Apr_08_1450,FaceNameBlocked,3.0.0,60.06789631,0
FacesBlock1.xlsx,Amanda.mp4,Amanda.JPG,Amanda,2,0,0,0,0,0,6,6,2,,,,,,,0,2,0.570385862,,,,,,,0,0,,,,,35,1,2019_Apr_08_1450,FaceNameBlocked,3.0.0,60.06789631,0
FacesBlock1.xlsx,Amanda.mp4,Amanda.JPG,Amanda,2,0,0,0,0,,,,,0,9,9,2,,,,,,,,,0,None,,0,0,1,0.884594851,,,35,1,2019_Apr_08_1450,FaceNameBlocked,3.0.0,60.06789631,0
FacesBlock4.xlsx,Andrew.mp4,Andrew.JPG,Andrew,51,0,3,3,3,0,2,2,6,,,,,,,0,1,3.618429401,,,,,,,0,0,,,,,35,1,2019_Apr_08_1450,FaceNameBlocked,3.0.0,60.06789631,0
FacesBlock4.xlsx,Andrew.mp4,Andrew.JPG,Andrew,51,0,3,3,3,,,,,0,13,13,6,,,,,,,,tyler,0,"['t', 'y', 'l', 'e', 'r']","[4.784333007992245, 4.95087851898279, 5.050672536017373, 5.216895035991911, 5.3339610699913464]",[4.7843,4.7843,1,0.418874991,,,35,1,2019_Apr_08_1450,FaceNameBlocked,3.0.0,60.06789631,0
FacesBlock4.xlsx,Anna.mp4,Anna.JPG,Anna,47,0,3,3,3,0,5,5,2,,,,,,,0,2,1.385906884,,,,,,,0,0,,,,,35,1,2019_Apr_08_1450,FaceNameBlocked,3.0.0,60.06789631,0
FacesBlock4.xlsx,Anna.mp4,Anna.JPG,Anna,47,0,3,3,3,,,,,0,12,12,2,,,,,,,,michelle,0,"['m', 'i', 'c', 'h', 'e', 'l', 'l', 'e']","[7.766337889013812, 7.866510002000723, 8.015655254013836, 8.09891843504738, 8.232790620008018, 8.316167885030154, 8.449666445027106, 8.548798269010149]",[7.7663,7.7663,1,0.384679971,,,35,1,2019_Apr_08_1450,FaceNameBlocked,3.0.0,60.06789631,0
FacesBlock2.xlsx,Ashley.mp4,Ashley.JPG,Ashley,24,0,1,1,1,0,8,8,9,,,,,,,0,2,1.403408057,,,,,,,0,0,,,,,35,1,2019_Apr_08_1450,FaceNameBlocked,3.0.0,60.06789631,0
FacesBlock2.xlsx,Ashley.mp4,Ashley.JPG,Ashley,24,0,1,1,1,,,,,0,3,3,9,,,,,,,,,0,None,,0,0,1,0.718253787,,,35,1,2019_Apr_08_1450,FaceNameBlocked,3.0.0,60.06789631,0
FacesBlock1.xlsx,Bradley.mp4,Bradley.JPG,Bradley,14,0,0,0,0,0,13,13,14,,,,,,,1,1,0.602638804,,,,,,,0,0,,,,,35,1,2019_Apr_08_1450,FaceNameBlocked,3.0.0,60.06789631,0
FacesBlock1.xlsx,Bradley.mp4,Bradley.JPG,Bradley,14,0,0,0,0,,,,,0,2,2,14,,,,,,,,,0,None,,0,0,1,1.466768205,,,35,1,2019_Apr_08_1450,FaceNameBlocked,3.0.0,60.06789631,0
FacesBlock4.xlsx,Brandon.mp4,Brandon.JPG,Brandon,56,0,3,3,3,0,10,10,11,,,,,,,1,1,0.702547136,,,,,,,0,0,,,,,35,1,2019_Apr_08_1450,FaceNameBlocked,3.0.0,60.06789631,0
FacesBlock4.xlsx,Brandon.mp4,Brandon.JPG,Brandon,56,0,3,3,3,,,,,0,2,2,11,,,,,,,,brian,0,"['b', 'r', 'u', 'a', 'backspace', 'backspace', 'o', 'backspace', 'i', 'a', 'n']","[1.3857920870068483, 1.5854641559999436, 1.8519641470047645, 2.0185260280268267, 2.3679845909937285, 2.5345644269837067, 2.9684372220071964, 3.417428777029272, 3.7013004519976676, 3.868176187039353, 3.9511923720128834]",[1.3857,1.3857,1,0.468795803,,,35,1,2019_Apr_08_1450,FaceNameBlocked,3.0.0,60.06789631,0
FacesBlock4.xlsx,Brian.mp4,Brian.JPG,Brian,53,0,3,3,3,0,0,0,8,,,,,,,1,1,4.41899947,,,,,,,0,0,,,,,35,1,2019_Apr_08_1450,FaceNameBlocked,3.0.0,60.06789631,0
FacesBlock4.xlsx,Brian.mp4,Brian.JPG,Brian,53,0,3,3,3,,,,,0,5,5,8,,,,,,,,jason,0,"['j', 'a', 's', 'o', 'n']","[4.2509110599639826, 4.384236184996553, 4.517646154970862, 4.5842654259759, 4.6507140059839]",[4.2509,4.2509,1,0.435122173,,,35,1,2019_Apr_08_1450,FaceNameBlocked,3.0.0,60.06789631,0
FacesBlock4.xlsx,Brianna.mp4,Brianna.JPG,Brianna,48,0,3,3,3,0,4,4,3,,,,,,,1,2,4.535398753,,,,,,,0,0,,,,,35,1,2019_Apr_08_1450,FaceNameBlocked,3.0.0,60.06789631,0
FacesBlock4.xlsx,Brianna.mp4,Brianna.JPG,Brianna,48,0,3,3,3,,,,,0,6,6,3,,,,,,,,michelle,0,"['m', 'i', 'c', 'h', 'e', 'l', 'l', 'e']","[5.217289521009661, 5.333880134974606, 5.60050424002111, 5.933186087000649, 6.117141131020617, 6.200086174008902, 6.36693183099851, 6.466305531968828]",[5.2172,5.2172,1,3.434465251,,,35,1,2019_Apr_08_1450,FaceNameBlocked,3.0.0,60.06789631,0
FacesBlock2.xlsx,Brittany.mp4,Brittany.JPG,Brittany,28,0,1,1,1,0,12,12,13,,,,,,,1,2,1.319666558,,,,,,,0,0,,,,,35,1,2019_Apr_08_1450,FaceNameBlocked,3.0.0,60.06789631,0
FacesBlock2.xlsx,Brittany.mp4,Brittany.JPG,Brittany,28,0,1,1,1,,,,,0,7,7,13,,,,,,,,ashley,0,"['a', 's', 'h', 'l', 'e', 'y']","[7.283326014992781, 7.449525478004944, 7.532326565997209, 7.666788841015659, 7.766709246032406, 7.899199576990213]",[7.2833,7.2833,1,0.568957205,,,35,1,2019_Apr_08_1450,FaceNameBlocked,3.0.0,60.06789631,0
FacesBlock4.xlsx,Caleb.mp4,Caleb.JPG,Caleb,59,0,3,3,3,0,3,3,14,,,,,,,0,1,1.535899627,,,,,,,0,0,,,,,35,1,2019_Apr_08_1450,FaceNameBlocked,3.0.0,60.06789631,0
FacesBlock4.xlsx,Caleb.mp4,Caleb.JPG,Caleb,59,0,3,3,3,,,,,0,7,7,14,,,,,,,,michael,0,"['m', 'i', 'h', 'backspace', 'c', 'h', 'a', 'e', 'l']","[6.817404698987957, 6.983561786997598, 7.300478468998335, 7.666549164976459, 7.867179138993379, 7.95055384398438, 8.549493827973492, 8.900174666952807, 9.099362139997538]",[6.8174,6.8174,1,0.618864832,,,35,1,2019_Apr_08_1450,FaceNameBlocked,3.0.0,60.06789631,0
FacesBlock2.xlsx,Cody.mp4,Cody.JPG,Cody,23,0,1,1,1,0,6,6,8,,,,,,,0,1,1.535671441,,,,,,,0,0,,,,,35,1,2019_Apr_08_1450,FaceNameBlocked,3.0.0,60.06789631,0
FacesBlock2.xlsx,Cody.mp4,Cody.JPG,Cody,23,0,1,1,1,,,,,0,9,9,8,,,,,,,,,0,None,,0,0,1,0.751579443,,,35,1,2019_Apr_08_1450,FaceNameBlocked,3.0.0,60.06789631,0
FacesBlock3.xlsx,Courtney.mp4,Courtney.JPG,Courtney,42,0,2,2,2,0,8,8,12,,,,,,,1,2,1.052530671,,,,,,,0,0,,,,,35,1,2019_Apr_08_1450,FaceNameBlocked,3.0.0,60.06789631,0
FacesBlock3.xlsx,Courtney.mp4,Courtney.JPG,Courtney,42,0,2,2,2,,,,,0,12,12,12,,,,,,,,jennifer,0,"['k', 'e', 'backspace', 'backspace', 'backspace', 'backspace', 'j', 'e', 'n', 'i', 'i', 'backspace', 'backspace', 'n', 'i', 'f', 'e', 'r']","[4.151389621954877, 4.450974259991199, 4.600454956002068, 4.782481116009876, 4.91698554600589, 5.050325108983088, 5.167534026957583, 5.367571908980608, 5.467251736961771, 5.650486856000498, 5.8153767209732905, 6.133422660001088, 6.282419147959445, 6.400656815967523, 6.550479736994021, 6.6333075310103595, 6.800663086993154, 7.0834099389612675]",[4.1513,4.1513,1,0.618439795,,,35,1,2019_Apr_08_1450,FaceNameBlocked,3.0.0,60.06789631,0
FacesBlock3.xlsx,Daniel.mp4,Daniel.JPG,Daniel,30,0,2,2,2,0,13,13,0,,,,,,,1,1,0.969463849,,,,,,,0,0,,,,,35,1,2019_Apr_08_1450,FaceNameBlocked,3.0.0,60.06789631,0
FacesBlock3.xlsx,Daniel.mp4,Daniel.JPG,Daniel,30,0,2,2,2,,,,,0,11,11,0,,,,,,,,,0,None,,0,0,1,0.485348604,,,35,1,2019_Apr_08_1450,FaceNameBlocked,3.0.0,60.06789631,0
FacesBlock1.xlsx,Danielle.mp4,Danielle.JPG,Danielle,3,0,0,0,0,0,9,9,3,,,,,,,1,2,0.40228601,,,,,,,0,0,,,,,35,1,2019_Apr_08_1450,FaceNameBlocked,3.0.0,60.06789631,0
FacesBlock1.xlsx,Danielle.mp4,Danielle.JPG,Danielle,3,0,0,0,0,,,,,0,8,8,3,,,,,,,,Sarah,0,"['rshift', 's', 'a', 'r', 'a', 'h']","[3.1830758650321513, 3.285310441046022, 3.567284788005054, 3.7347456180141307, 3.834671070042532, 3.984657531022094]",[3.1830,3.183,1,0.852184662,,,35,1,2019_Apr_08_1450,FaceNameBlocked,3.0.0,60.06789631,0
FacesBlock2.xlsx,David.mp4,David.JPG,David,16,0,1,1,1,0,9,9,1,,,,,,,0,1,1.685547257,,,,,,,0,0,,,,,35,1,2019_Apr_08_1450,FaceNameBlocked,3.0.0,60.06789631,0
FacesBlock2.xlsx,David.mp4,David.JPG,David,16,0,1,1,1,,,,,0,12,12,1,,,,,,,,scott,0,"['s', 'c', 'o', 't', 't']","[5.450906693004072, 5.667324344976805, 5.8166130789904855, 6.067376609018538, 6.2004463719786145]",[5.4509,5.4509,1,0.868918334,,,35,1,2019_Apr_08_1450,FaceNameBlocked,3.0.0,60.06789631,0
FacesBlock4.xlsx,Dylan.mp4,Dylan.JPG,Dylan,50,0,3,3,3,0,14,14,5,,,,,,,0,1,1.58611531,,,,,,,0,0,,,,,35,1,2019_Apr_08_1450,FaceNameBlocked,3.0.0,60.06789631,0
FacesBlock4.xlsx,Dylan.mp4,Dylan.JPG,Dylan,50,0,3,3,3,,,,,0,8,8,5,,,,,,,,,0,None,,0,0,1,0.535778806,,,35,1,2019_Apr_08_1450,FaceNameBlocked,3.0.0,60.06789631,0
FacesBlock4.xlsx,Emily.mp4,Emily.JPG,Emily,57,0,3,3,3,0,9,9,12,,,,,,,1,2,1.786025727,,,,,,,0,0,,,,,35,1,2019_Apr_08_1450,FaceNameBlocked,3.0.0,60.06789631,0
FacesBlock4.xlsx,Emily.mp4,Emily.JPG,Emily,57,0,3,3,3,,,,,0,14,14,12,,,,,,,,,0,None,,0,0,1,1.367927274,,,35,1,2019_Apr_08_1450,FaceNameBlocked,3.0.0,60.06789631,0
FacesBlock1.xlsx,Eric.mp4,Eric.JPG,Eric,0,0,0,0,0,0,7,7,0,,,,,,,1,1,0.586908332,,,,,,,0,0,,,,,35,1,2019_Apr_08_1450,FaceNameBlocked,3.0.0,60.06789631,0
FacesBlock1.xlsx,Eric.mp4,Eric.JPG,Eric,0,0,0,0,0,,,,,0,13,13,0,,,,,,,,,0,None,,0,0,1,1.135136541,,,35,1,2019_Apr_08_1450,FaceNameBlocked,3.0.0,60.06789631,0
FacesBlock1.xlsx,Ethan.mp4,Ethan.JPG,Ethan,11,0,0,0,0,0,1,1,11,,,,,,,0,1,0.883329036,,,,,,,0,0,,,,,35,1,2019_Apr_08_1450,FaceNameBlocked,3.0.0,60.06789631,0
FacesBlock1.xlsx,Ethan.mp4,Ethan.JPG,Ethan,11,0,0,0,0,,,,,0,5,5,11,,,,,,,,Randall,0,"['r', 'rshift', 'a', 'backspace', 'backspace', 'rshift', 'r', 'a', 'n', 'd', 'a', 'l', 'l', 'return']","[3.235683558974415, 3.568088906002231, 4.0004241860006005, 4.267348665976897, 4.682730538013857, 4.783619152964093, 4.967550579982344, 5.101294090971351, 5.282610078982543, 5.317536743998062, 5.6343724859762006, 5.933957527973689, 6.483314412005711]",[3.2356,3.2356,1,0.500245734,,,35,1,2019_Apr_08_1450,FaceNameBlocked,3.0.0,60.06789631,0
FacesBlock4.xlsx,Grace.mp4,Grace.JPG,Grace,58,0,3,3,3,0,11,11,13,,,,,,,1,2,1.335441113,,,,,,,0,0,,,,,35,1,2019_Apr_08_1450,FaceNameBlocked,3.0.0,60.06789631,0
FacesBlock4.xlsx,Grace.mp4,Grace.JPG,Grace,58,0,3,3,3,,,,,0,10,10,13,,,,,,,,grace,1,"['g', 'r', 'a', 'c', 'e']","[1.2018186640343629, 1.4332160250050947, 1.5019522390211932, 1.7516420650063083, 2.0011418490321375]",[1.2018,1.2018,4,0.584719718,,,35,1,2019_Apr_08_1450,FaceNameBlocked,3.0.0,60.06789631,1
FacesBlock2.xlsx,Haley.mp4,Haley.JPG,Haley,20,0,1,1,1,0,2,2,5,,,,,,,1,2,1.069151704,,,,,,,0,0,,,,,35,1,2019_Apr_08_1450,FaceNameBlocked,3.0.0,60.06789631,0
FacesBlock2.xlsx,Haley.mp4,Haley.JPG,Haley,20,0,1,1,1,,,,,0,11,11,5,,,,,,,,mary,0,"['m', 'a', 'r', 'y']","[7.466582509980071, 7.73239050997654, 7.916781470004935, 8.016582573007327]",[7.4665,7.4665,1,0.851719111,,,35,1,2019_Apr_08_1450,FaceNameBlocked,3.0.0,60.06789631,0
FacesBlock1.xlsx,Hannah.mp4,Hannah.JPG,Hannah,1,0,0,0,0,0,3,3,1,,,,,,,0,2,0.636103925,,,,,,,0,0,,,,,35,1,2019_Apr_08_1450,FaceNameBlocked,3.0.0,60.06789631,0
FacesBlock1.xlsx,Hannah.mp4,Hannah.JPG,Hannah,1,0,0,0,0,,,,,0,14,14,1,,,,,,,,,0,None,,0,0,1,1.901745815,,,35,1,2019_Apr_08_1450,FaceNameBlocked,3.0.0,60.06789631,0
FacesBlock2.xlsx,Heather.mp4,Heather.JPG,Heather,26,0,1,1,1,0,7,7,11,,,,,,,1,2,1.668674685,,,,,,,0,0,,,,,35,1,2019_Apr_08_1450,FaceNameBlocked,3.0.0,60.06789631,0
FacesBlock2.xlsx,Heather.mp4,Heather.JPG,Heather,26,0,1,1,1,,,,,0,0,0,11,,,,,,space,5.967012526,maria,0,"['m', 'a', 'r', 'i', 'a']","[5.467379642999731, 5.60004944098182, 5.767264224006794, 5.867294582014438, 6.250341526989359]",[5.4673,5.4673,1,0.868315867,,,35,1,2019_Apr_08_1450,FaceNameBlocked,3.0.0,60.06789631,0
FacesBlock3.xlsx,Jacob.mp4,Jacob.JPG,Jacob,39,0,2,2,2,0,2,2,9,,,,,,,0,1,2.35264764,,,,,,,0,0,,,,,35,1,2019_Apr_08_1450,FaceNameBlocked,3.0.0,60.06789631,0
FacesBlock3.xlsx,Jacob.mp4,Jacob.JPG,Jacob,39,0,2,2,2,,,,,0,5,5,9,,,,,,,,josh,0,"['j', 'o', 's', 'backspace', 's', 'backspace', 'backspace', 'backspace', 'n', 'i', 'c', 'k', 'backspace', 'backspace', 'backspace', 'backspace', 'j', 'o', 's', 'h']","[1.7332417500438169, 1.9525121450424194, 2.1023335810168646, 4.817068669013679, 5.334804979036562, 6.050412391021382, 6.400144678016659, 6.600027039996348, 6.967355052998755, 7.167455546034034, 7.317191155045293, 7.567222009995021, 8.416260041005444, 8.598960311035626, 8.74875329004135, 8.91560110199498, 9.333589902031235, 9.533489344001282, 9.716363946034107, 9.866397609992418]",[1.7332,1.7332,1,0.718989339,,,35,1,2019_Apr_08_1450,FaceNameBlocked,3.0.0,60.06789631,0
FacesBlock4.xlsx,Jason.mp4,Jason.JPG,Jason,49,0,3,3,3,0,1,1,4,,,,,,,1,1,2.585054673,,,,,,,0,0,,,,,35,1,2019_Apr_08_1450,FaceNameBlocked,3.0.0,60.06789631,0
FacesBlock4.xlsx,Jason.mp4,Jason.JPG,Jason,49,0,3,3,3,,,,,0,3,3,4,,,,,,,,jason,1,"['j', 'a', 's', 'o', 'n']","[2.101945226022508, 2.252033027005382, 2.418514148972463, 2.518594191002194, 2.667597989027854]",[2.1019,2.1019,1,0.501338405,,,35,1,2019_Apr_08_1450,FaceNameBlocked,3.0.0,60.06789631,1
FacesBlock1.xlsx,Jenna.mp4,Jenna.JPG,Jenna,6,0,0,0,0,0,12,12,6,,,,,,,0,2,0.718951027,,,,,,,0,0,,,,,35,1,2019_Apr_08_1450,FaceNameBlocked,3.0.0,60.06789631,0
FacesBlock1.xlsx,Jenna.mp4,Jenna.JPG,Jenna,6,0,0,0,0,,,,,0,12,12,6,,,,,,,,,0,None,,0,0,1,0.584846925,,,35,1,2019_Apr_08_1450,FaceNameBlocked,3.0.0,60.06789631,0
FacesBlock2.xlsx,Jeremy.mp4,Jeremy.JPG,Jeremy,15,0,1,1,1,0,3,3,0,,,,,,,1,1,1.701822492,,,,,,,0,0,,,,,35,1,2019_Apr_08_1450,FaceNameBlocked,3.0.0,60.06789631,0
FacesBlock2.xlsx,Jeremy.mp4,Jeremy.JPG,Jeremy,15,0,1,1,1,,,,,0,2,2,0,,,,,,,,nathan,0,"['n', 'a', 't', 'e', 'backspace', 'h', 'a', 'n']","[1.8019927919958718, 2.1853103129542433, 2.451165645965375, 2.7181909019709565, 4.217107519973069, 4.4681809389730915, 4.567867241974454, 4.767161894007586]",[1.8019,1.8019,1,0.568816009,,,35,1,2019_Apr_08_1450,FaceNameBlocked,3.0.0,60.06789631,0
FacesBlock1.xlsx,Jessica.mp4,Jessica.JPG,Jessica,8,0,0,0,0,0,11,11,8,,,,,,,1,2,0.552772695,,,,,,,0,0,,,,,35,1,2019_Apr_08_1450,FaceNameBlocked,3.0.0,60.06789631,0
FacesBlock1.xlsx,Jessica.mp4,Jessica.JPG,Jessica,8,0,0,0,0,,,,,0,1,1,8,,,,,,,,Jessica,1,"['rshift', 'j', 'e', 's', 's', 'i', 'c', 'a', 'return']","[1.9997527369996533, 2.1347052309429273, 2.4509288799599744, 2.534829310956411, 2.7013697019428946, 2.7847925479873084, 2.900585946976207, 3.001262591977138, 3.9653794699697755]",[1.9997,1.9997,2,1.799415914,,,35,1,2019_Apr_08_1450,FaceNameBlocked,3.0.0,60.06789631,1
FacesBlock2.xlsx,Josh.mp4,Josh.JPG,Josh,19,0,1,1,1,0,5,5,4,,,,,,,0,1,1.536434379,,,,,,,0,0,,,,,35,1,2019_Apr_08_1450,FaceNameBlocked,3.0.0,60.06789631,0
FacesBlock2.xlsx,Josh.mp4,Josh.JPG,Josh,19,0,1,1,1,,,,,0,5,5,4,,,,,,,,,0,None,,0,0,1,1.169282384,,,35,1,2019_Apr_08_1450,FaceNameBlocked,3.0.0,60.06789631,0
FacesBlock1.xlsx,Julia.mp4,Julia.JPG,Julia,13,0,0,0,0,0,10,10,13,,,,,,,1,2,0.686002983,,,,,,,0,0,,,,,35,1,2019_Apr_08_1450,FaceNameBlocked,3.0.0,60.06789631,0
FacesBlock1.xlsx,Julia.mp4,Julia.JPG,Julia,13,0,0,0,0,,,,,0,4,4,13,,,,,,,,,0,None,,0,0,1,0.718276676,,,35,1,2019_Apr_08_1450,FaceNameBlocked,3.0.0,60.06789631,0
FacesBlock2.xlsx,Justin.mp4,Justin.JPG,Justin,27,0,1,1,1,0,11,11,12,,,,,,,0,1,1.701671868,,,,,,,0,0,,,,,35,1,2019_Apr_08_1450,FaceNameBlocked,3.0.0,60.06789631,0
FacesBlock2.xlsx,Justin.mp4,Justin.JPG,Justin,27,0,1,1,1,,,,,0,8,8,12,,,,,,,,,0,None,,0,0,1,0.468820807,,,35,1,2019_Apr_08_1450,FaceNameBlocked,3.0.0,60.06789631,0
FacesBlock4.xlsx,Katie.mp4,Katie.JPG,Katie,54,0,3,3,3,0,13,13,9,,,,,,,1,2,1.003364095,,,,,,,0,0,,,,,35,1,2019_Apr_08_1450,FaceNameBlocked,3.0.0,60.06789631,0
FacesBlock4.xlsx,Katie.mp4,Katie.JPG,Katie,54,0,3,3,3,,,,,0,1,1,9,,,,,,,,anna,0,"['a', 'n', 'n', 'a']","[3.518435555975884, 3.718569902004674, 3.885026455973275, 4.068493398022838]",[3.5184,3.5184,1,0.385271061,,,35,1,2019_Apr_08_1450,FaceNameBlocked,3.0.0,60.06789631,0
FacesBlock3.xlsx,Kayla.mp4,Kayla.JPG,Kayla,34,0,2,2,2,0,1,1,4,,,,,,,0,2,1.769724539,,,,,,,0,0,,,,,35,1,2019_Apr_08_1450,FaceNameBlocked,3.0.0,60.06789631,0
FacesBlock3.xlsx,Kayla.mp4,Kayla.JPG,Kayla,34,0,2,2,2,,,,,0,4,4,4,,,,,,,,,0,None,,0,0,1,1.035198091,,,35,1,2019_Apr_08_1450,FaceNameBlocked,3.0.0,60.06789631,0
FacesBlock1.xlsx,Kelsey.mp4,Kelsey.JPG,Kelsey,12,0,0,0,0,0,5,5,12,,,,,,,0,2,0.969851553,,,,,,,0,0,,,,,35,1,2019_Apr_08_1450,FaceNameBlocked,3.0.0,60.06789631,0
FacesBlock1.xlsx,Kelsey.mp4,Kelsey.JPG,Kelsey,12,0,0,0,0,,,,,0,3,3,12,,,,,,,,,0,None,,0,0,1,1.635327678,,,35,1,2019_Apr_08_1450,FaceNameBlocked,3.0.0,60.06789631,0
FacesBlock3.xlsx,Kevin.mp4,Kevin.JPG,Kevin,41,0,2,2,2,0,14,14,11,,,,,,,0,1,0.803256817,,,,,,,0,0,,,,,35,1,2019_Apr_08_1450,FaceNameBlocked,3.0.0,60.06789631,0
FacesBlock3.xlsx,Kevin.mp4,Kevin.JPG,Kevin,41,0,2,2,2,,,,,0,2,2,11,,,,,,,,,0,None,,0,0,1,0.918886126,,,35,1,2019_Apr_08_1450,FaceNameBlocked,3.0.0,60.06789631,0
FacesBlock1.xlsx,Kyle.mp4,Kyle.JPG,Kyle,4,0,0,0,0,0,8,8,4,,,,,,,1,1,0.602813531,,,,,,,0,0,,,,,35,1,2019_Apr_08_1450,FaceNameBlocked,3.0.0,60.06789631,0
FacesBlock1.xlsx,Kyle.mp4,Kyle.JPG,Kyle,4,0,0,0,0,,,,,0,11,11,4,,,,,,,,Randy,0,"['rshift', 'r', 'a', 'n', 'd', 'y']","[5.565304178977385, 5.616958678991068, 5.83364852698287, 5.93342680297792, 6.100505588983651, 6.333646522951312]",[5.5653,5.5653,1,0.585430557,,,35,1,2019_Apr_08_1450,FaceNameBlocked,3.0.0,60.06789631,0
FacesBlock3.xlsx,Lauren.mp4,Lauren.JPG,Lauren,38,0,2,2,2,0,10,10,8,,,,,,,1,2,2.902991367,,,,,,,0,0,,,,,35,1,2019_Apr_08_1450,FaceNameBlocked,3.0.0,60.06789631,0
FacesBlock3.xlsx,Lauren.mp4,Lauren.JPG,Lauren,38,0,2,2,2,,,,,0,10,10,8,,,,,,,,ashley,0,"['a', 's', 'h', 'e', 'backspace', 'l', 'e', 'y']","[3.9507981859496795, 4.1666176749859005, 4.250800565991085, 4.583612869959325, 4.899733129946981, 5.1838125239592046, 5.333323771948926, 5.464995173970237]",[3.9507,3.9507,1,0.402380329,,,35,1,2019_Apr_08_1450,FaceNameBlocked,3.0.0,60.06789631,0
FacesBlock3.xlsx,Mark.mp4,Mark.JPG,Mark,40,0,2,2,2,0,5,5,10,,,,,,,0,1,1.319318166,,,,,,,0,0,,,,,35,1,2019_Apr_08_1450,FaceNameBlocked,3.0.0,60.06789631,0
FacesBlock3.xlsx,Mark.mp4,Mark.JPG,Mark,40,0,2,2,2,,,,,0,3,3,10,,,,,,,,robert,0,"['r', 'o', 'b', 'e', 'r', 't']","[4.983951436995994, 5.166909056017175, 5.317732418014202, 5.51654961600434, 5.63367815798847, 5.84960090497043]",[4.9839,4.9839,1,1.016964746,,,35,1,2019_Apr_08_1450,FaceNameBlocked,3.0.0,60.06789631,0
FacesBlock1.xlsx,Matthew.mp4,Matthew.JPG,Matthew,9,0,0,0,0,0,4,4,9,,,,,,,1,1,0.719358548,,,,,,,0,0,,,,,35,1,2019_Apr_08_1450,FaceNameBlocked,3.0.0,60.06789631,0
FacesBlock1.xlsx,Matthew.mp4,Matthew.JPG,Matthew,9,0,0,0,0,,,,,0,7,7,9,,,,,,,,Max,0,"['rshift', 'm', 'a', 'x']","[1.8668474649894051, 2.0849549249978736, 2.351298441994004, 2.6004408699809574]",[1.8668,1.8668,1,0.483527731,,,35,1,2019_Apr_08_1450,FaceNameBlocked,3.0.0,60.06789631,0
FacesBlock2.xlsx,Megan.mp4,Megan.JPG,Megan,25,0,1,1,1,0,4,4,10,,,,,,,1,2,1.352717174,,,,,,,0,0,,,,,35,1,2019_Apr_08_1450,FaceNameBlocked,3.0.0,60.06789631,0
FacesBlock2.xlsx,Megan.mp4,Megan.JPG,Megan,25,0,1,1,1,,,,,0,1,1,10,,,,,,,,chelsea,0,"['c', 'h', 'e', 'l', 's', 'e', 'a']","[1.2022519989986904, 1.5020387220429257, 1.7834636340267025, 2.0019201959948987, 2.3686936310259625, 2.584925347007811, 3.1678584690089338]",[1.2022,1.2022,2,1.05007761,,,35,1,2019_Apr_08_1450,FaceNameBlocked,3.0.0,60.06789631,0
FacesBlock4.xlsx,Michael.mp4,Michael.JPG,Michael,46,0,3,3,3,0,12,12,1,,,,,,,0,1,0.966018155,,,,,,,0,0,,,,,35,1,2019_Apr_08_1450,FaceNameBlocked,3.0.0,60.06789631,0
FacesBlock4.xlsx,Michael.mp4,Michael.JPG,Michael,46,0,3,3,3,,,,,0,4,4,1,,,,,,,,michael,1,"['m', 'i', 'c', 'h', 'a', 'e', 'l']","[3.7006257660104893, 3.851013077015523, 4.001199466991238, 4.1011410799692385, 4.201130265020765, 4.335048394976184, 4.40070422901772]",[3.7006,3.7006,1,1.333241355,,,35,1,2019_Apr_08_1450,FaceNameBlocked,3.0.0,60.06789631,1
FacesBlock4.xlsx,Michelle.mp4,Michelle.JPG,Michelle,52,0,3,3,3,0,8,8,7,,,,,,,0,2,2.669294335,,,,,,,0,0,,,,,35,1,2019_Apr_08_1450,FaceNameBlocked,3.0.0,60.06789631,0
FacesBlock4.xlsx,Michelle.mp4,Michelle.JPG,Michelle,52,0,3,3,3,,,,,0,0,0,7,,,,,,space,17.19679259,rachel,0,"['r', 'a', 'c', 'h', 'e', 'l']","[7.933574822032824, 8.100127123005223, 8.300058975000866, 8.399966804019641, 8.566325904044788, 8.616383360000327]",[7.9335,7.9335,1,2.384649135,,,35,1,2019_Apr_08_1450,FaceNameBlocked,3.0.0,60.06789631,0
FacesBlock1.xlsx,Natalie.mp4,Natalie.JPG,Natalie,7,0,0,0,0,0,2,2,7,,,,,,,0,2,0.618955141,,,,,,,0,0,,,,,35,1,2019_Apr_08_1450,FaceNameBlocked,3.0.0,60.06789631,0
FacesBlock1.xlsx,Natalie.mp4,Natalie.JPG,Natalie,7,0,0,0,0,,,,,0,10,10,7,,,,,,,,Maria,0,"['rshift', 'm', 'a', 'r', 'i', 'a']","[3.2494868130306713, 3.3847465880098753, 3.550886986020487, 3.7175052340026014, 3.8511918210424483, 3.9677627380006015]",[3.2494,3.2494,1,0.518164194,,,35,1,2019_Apr_08_1450,FaceNameBlocked,3.0.0,60.06789631,0
FacesBlock3.xlsx,Nathan.mp4,Nathan.JPG,Nathan,37,0,2,2,2,0,3,3,7,,,,,,,0,1,1.985922051,,,,,,,0,0,,,,,35,1,2019_Apr_08_1450,FaceNameBlocked,3.0.0,60.06789631,0
FacesBlock3.xlsx,Nathan.mp4,Nathan.JPG,Nathan,37,0,2,2,2,,,,,0,14,14,7,,,,,,,,nick,0,"['n', 'i', 'c', 'k']","[7.799899574019946, 7.9495902879862115, 7.98300336196553, 8.266075835970696]",[7.7998,7.7998,1,0.968739333,,,35,1,2019_Apr_08_1450,FaceNameBlocked,3.0.0,60.06789631,0
FacesBlock3.xlsx,Nicole.mp4,Nicole.JPG,Nicole,43,0,2,2,2,0,12,12,13,,,,,,,0,2,1.98582793,,,,,,,0,0,,,,,35,1,2019_Apr_08_1450,FaceNameBlocked,3.0.0,60.06789631,0
FacesBlock3.xlsx,Nicole.mp4,Nicole.JPG,Nicole,43,0,2,2,2,,,,,0,13,13,13,,,,,,,,,0,None,,0,0,1,1.401666479,,,35,1,2019_Apr_08_1450,FaceNameBlocked,3.0.0,60.06789631,0
FacesBlock3.xlsx,Noah.mp4,Noah.JPG,Noah,31,0,2,2,2,0,7,7,1,,,,,,,1,1,0.66971138,,,,,,,0,0,,,,,35,1,2019_Apr_08_1450,FaceNameBlocked,3.0.0,60.06789631,0
FacesBlock3.xlsx,Noah.mp4,Noah.JPG,Noah,31,0,2,2,2,,,,,0,1,1,1,,,,,,,,nathan,0,"['n', 'a', 't', 'h', 'a', 'n']","[2.784391392953694, 3.251285227946937, 3.801280126965139, 3.9511306189815514, 4.2502575619728304, 4.40114678198006]",[2.7843,2.7843,1,0.468807777,,,35,1,2019_Apr_08_1450,FaceNameBlocked,3.0.0,60.06789631,0
FacesBlock3.xlsx,Olivia.mp4,Olivia.JPG,Olivia,35,0,2,2,2,0,9,9,5,,,,,,,1,2,1.918712448,,,,,,,0,0,,,,,35,1,2019_Apr_08_1450,FaceNameBlocked,3.0.0,60.06789631,0
FacesBlock3.xlsx,Olivia.mp4,Olivia.JPG,Olivia,35,0,2,2,2,,,,,0,9,9,5,,,,,,,,,0,None,,0,0,1,0.668835981,,,35,1,2019_Apr_08_1450,FaceNameBlocked,3.0.0,60.06789631,0
FacesBlock2.xlsx,Rachel.mp4,Rachel.JPG,Rachel,29,0,1,1,1,0,1,1,14,,,,,,,0,2,4.332867107,,,,,,,0,0,,,,,35,1,2019_Apr_08_1450,FaceNameBlocked,3.0.0,60.06789631,0
FacesBlock2.xlsx,Rachel.mp4,Rachel.JPG,Rachel,29,0,1,1,1,,,,,0,6,6,14,,,,,,,,jessica,0,"['j', 'e', 's', 's', 'i', 'c', 'a']","[3.234175041958224, 3.434195787005592, 3.534418499970343, 3.717087361961603, 3.800548718951177, 3.934795224980917, 4.016890758997761]",[3.2341,3.2341,1,0.43565522,,,35,1,2019_Apr_08_1450,FaceNameBlocked,3.0.0,60.06789631,0
FacesBlock3.xlsx,Rebecca.mp4,Rebecca.JPG,Rebecca,32,0,2,2,2,0,11,11,2,,,,,,,1,2,1.26939504,,,,,,,0,0,,,,,35,1,2019_Apr_08_1450,FaceNameBlocked,3.0.0,60.06789631,0
FacesBlock3.xlsx,Rebecca.mp4,Rebecca.JPG,Rebecca,32,0,2,2,2,,,,,0,0,0,2,,,,,,space,12.38082316,sarah,0,"['s', 'a', 'r', 'a', 'h']","[5.384902858990245, 5.567881309019867, 5.768139169027563, 6.150957603007555, 6.600866299006157]",[5.3849,5.3849,1,1.118078692,,,35,1,2019_Apr_08_1450,FaceNameBlocked,3.0.0,60.06789631,0
FacesBlock3.xlsx,Sarah.mp4,Sarah.JPG,Sarah,33,0,2,2,2,0,0,0,3,,,,,,,1,2,2.101815782,,,,,,,0,0,,,,,35,1,2019_Apr_08_1450,FaceNameBlocked,3.0.0,60.06789631,0
FacesBlock3.xlsx,Sarah.mp4,Sarah.JPG,Sarah,33,0,2,2,2,,,,,0,6,6,3,,,,,,,,shelby,0,"['s', 'h', 'e', 'l', 'b', 'y']","[2.6512187890475616, 5.283674538019113, 5.466882648004685, 5.583599834004417, 5.799752421036828, 5.916649331047665]",[2.6512,2.6512,1,0.316949115,,,35,1,2019_Apr_08_1450,FaceNameBlocked,3.0.0,60.06789631,0
FacesBlock3.xlsx,Shelby.mp4,Shelby.JPG,Shelby,36,0,2,2,2,0,6,6,6,,,,,,,0,2,1.119127567,,,,,,,0,0,,,,,35,1,2019_Apr_08_1450,FaceNameBlocked,3.0.0,60.06789631,0
FacesBlock3.xlsx,Shelby.mp4,Shelby.JPG,Shelby,36,0,2,2,2,,,,,0,7,7,6,,,,,,,,shelby,1,"['s', 'h', 'e', 'l', 'b', 'y']","[1.2015632000402547, 1.3187469190452248, 1.4680070760077797, 1.5684828860103153, 1.9012752739945427, 2.0347933350130916]",[1.2015,1.2015,3,1.918289329,,,35,1,2019_Apr_08_1450,FaceNameBlocked,3.0.0,60.06789631,0
FacesBlock2.xlsx,Steven.mp4,Steven.JPG,Steven,17,0,1,1,1,0,13,13,2,,,,,,,0,1,1.218957009,,,,,,,0,0,,,,,35,1,2019_Apr_08_1450,FaceNameBlocked,3.0.0,60.06789631,0
FacesBlock2.xlsx,Steven.mp4,Steven.JPG,Steven,17,0,1,1,1,,,,,0,14,14,2,,,,,,,,,0,None,,0,0,1,0.718944213,,,35,1,2019_Apr_08_1450,FaceNameBlocked,3.0.0,60.06789631,0
FacesBlock4.xlsx,Taylor.mp4,Taylor.JPG,Taylor,45,0,3,3,3,0,6,6,0,,,,,,,0,2,1.769114792,,,,,,,0,0,,,,,35,1,2019_Apr_08_1450,FaceNameBlocked,3.0.0,60.06789631,0
FacesBlock4.xlsx,Taylor.mp4,Taylor.JPG,Taylor,45,0,3,3,3,,,,,0,11,11,0,,,,,,,,,0,None,,0,0,1,1.701585134,,,35,1,2019_Apr_08_1450,FaceNameBlocked,3.0.0,60.06789631,0
FacesBlock3.xlsx,Thomas.mp4,Thomas.JPG,Thomas,44,0,2,2,2,0,4,4,14,,,,,,,1,1,1.219310519,,,,,,,0,0,,,,,35,1,2019_Apr_08_1450,FaceNameBlocked,3.0.0,60.06789631,0
FacesBlock3.xlsx,Thomas.mp4,Thomas.JPG,Thomas,44,0,2,2,2,,,,,0,8,8,14,,,,,,,,thomas,1,"['t', 'h', 'o', 'a', 'backspace', 'm', 'a', 's']","[3.46779401198728, 3.717722813016735, 3.8507251410046592, 4.117783459019847, 4.6167397539829835, 4.85088123899186, 4.9842972659971565, 5.233800242014695]",[3.4677,3.4677,2,0.435179909,,,35,1,2019_Apr_08_1450,FaceNameBlocked,3.0.0,60.06789631,1
FacesBlock1.xlsx,Timothy.mp4,Timothy.JPG,Timothy,10,0,0,0,0,0,14,14,10,,,,,,,1,1,0.435864847,,,,,,,0,0,,,,,35,1,2019_Apr_08_1450,FaceNameBlocked,3.0.0,60.06789631,0
FacesBlock1.xlsx,Timothy.mp4,Timothy.JPG,Timothy,10,0,0,0,0,,,,,0,6,6,10,,,,,,,,,0,None,,0,0,1,0.552397686,,,35,1,2019_Apr_08_1450,FaceNameBlocked,3.0.0,60.06789631,0
FacesBlock2.xlsx,Trevor.mp4,Trevor.JPG,Trevor,21,0,1,1,1,0,14,14,6,,,,,,,1,1,0.985779028,,,,,,,0,0,,,,,35,1,2019_Apr_08_1450,FaceNameBlocked,3.0.0,60.06789631,0
FacesBlock2.xlsx,Trevor.mp4,Trevor.JPG,Trevor,21,0,1,1,1,,,,,0,13,13,6,,,,,,,,trevor,1,"['t', 'r', 'e', 'v', 'o', 'r']","[1.235724067024421, 1.50167785998201, 1.6690146310138516, 2.0187916239956394, 2.2184900590218604, 2.4848227219772525]",[1.2357,1.2357,4,0.651371104,,,35,1,2019_Apr_08_1450,FaceNameBlocked,3.0.0,60.06789631,1
FacesBlock2.xlsx,Tyler.mp4,Tyler.JPG,Tyler,22,0,1,1,1,0,0,0,7,,,,,,,1,1,1.616757905,,,,,,,0,0,,,,,35,1,2019_Apr_08_1450,FaceNameBlocked,3.0.0,60.06789631,0
FacesBlock2.xlsx,Tyler.mp4,Tyler.JPG,Tyler,22,0,1,1,1,,,,,0,10,10,7,,,,,,,,,0,None,,0,0,1,0.516826622,,,35,1,2019_Apr_08_1450,FaceNameBlocked,3.0.0,60.06789631,0
,,,,,,,,,,,,,,,,,space,127.9580603,,,,,,,,,,,,,,,,35,1,2019_Apr_08_1450,FaceNameBlocked,3.0.0,60.06789631,
,,,,,,,,,,,,,,,,,,,,,,,,,,,,,,,,space,1848.362958,35,1,2019_Apr_08_1450,FaceNameBlocked,3.0.0,60.06789631,