condsFile,Video,Photo,Name,Row,blocks.thisRepN,blocks.thisTrialN,blocks.thisN,blocks.thisIndex,presentations.thisRepN,presentations.thisTrialN,presentations.thisN,presentations.thisIndex,testing.thisRepN,testing.thisTrialN,testing.thisN,testing.thisIndex,advance_1.keys,advance_1.rt,currentCond,judgementResp.keys,judgementResp.rt,advance_2.keys,advance_2.rt,inputText,Accuracy,key_resp_3.keys,key_resp_3.rt,trim1,key_resp3_fin,rating_resp.keys,rating_resp.rt,end_key.keys,end_key.rt,participant,session,date,expName,psychopyVersion,frameRate,Correct/Incorrect Response
FacesBlock2.xlsx,Aaron.mp4,Aaron.JPG,Aaron,18,0,1,1,1,0,13,13,3,,,,,,,0,1,0.935532735,,,,,,,0,0,,,,,36,1,2019_Apr_08_1554,FaceNameBlocked,3.0.0,59.94100499,0
FacesBlock2.xlsx,Aaron.mp4,Aaron.JPG,Aaron,18,0,1,1,1,,,,,0,14,14,3,,,,,,,,David,0,"['lshift', 'd', 'a', 'v', 'i', 'd']","[4.465946138952859, 4.8012672499753535, 5.049193714978173, 5.150237570982426, 5.234269768989179, 5.334345308947377]",[4.4659,4.4659,1,0.568690179,,,36,1,2019_Apr_08_1554,FaceNameBlocked,3.0.0,59.94100499,0
FacesBlock1.xlsx,Adam.mp4,Adam.JPG,Adam,5,0,0,0,0,0,1,1,5,,,,,,,0,1,0.952645913,,,,,,,0,0,,,,,36,1,2019_Apr_08_1554,FaceNameBlocked,3.0.0,59.94100499,0
FacesBlock1.xlsx,Adam.mp4,Adam.JPG,Adam,5,0,0,0,0,,,,,0,2,2,5,,,,,,,,Michael,0,"['lshift', 'm', 'i', 'c', 'h', 'a', 'e', 'l']","[4.0332303529721685, 4.168528551992495, 4.384962796990294, 4.517851588956546, 4.601954293961171, 4.7016780489939265, 4.8011795229977, 4.884758620988578]",[4.0332,4.0332,1,1.135760716,,,36,1,2019_Apr_08_1554,FaceNameBlocked,3.0.0,59.94100499,0
FacesBlock4.xlsx,Alyssa.mp4,Alyssa.JPG,Alyssa,55,0,3,3,3,0,4,4,10,,,,,,,0,2,0.952767867,,,,,,,0,0,,,,,36,1,2019_Apr_08_1554,FaceNameBlocked,3.0.0,59.94100499,0
FacesBlock4.xlsx,Alyssa.mp4,Alyssa.JPG,Alyssa,55,0,3,3,3,,,,,0,6,6,10,,,,,,,,E,0,"['lshift', 'e', 'm', 'i', 'k', 'l', 'y', 'backspace', 'backspace', 'backspace', 'backspace', 'backspace']","[8.648035050020553, 8.749152952979784, 8.86626407399308, 8.997669402975589, 9.032818996987771, 9.098587860004045, 9.149285844992846, 9.482004417979624, 9.599026884010527, 9.73206523997942, 9.831320789991878, 9.96464720700169]",[8.6480,8.648,1,1.517808577,,,36,1,2019_Apr_08_1554,FaceNameBlocked,3.0.0,59.94100499,0
FacesBlock1.xlsx,Amanda.mp4,Amanda.JPG,Amanda,2,0,0,0,0,0,11,11,2,,,,,,,1,2,0.486818989,,,,,,,0,0,,,,,36,1,2019_Apr_08_1554,FaceNameBlocked,3.0.0,59.94100499,0
FacesBlock1.xlsx,Amanda.mp4,Amanda.JPG,Amanda,2,0,0,0,0,,,,,0,3,3,2,,,,,,,,,0,None,,0,0,1,0.950101039,,,36,1,2019_Apr_08_1554,FaceNameBlocked,3.0.0,59.94100499,0
FacesBlock4.xlsx,Andrew.mp4,Andrew.JPG,Andrew,51,0,3,3,3,0,3,3,6,,,,,,,1,1,1.752912223,,,,,,,0,0,,,,,36,1,2019_Apr_08_1554,FaceNameBlocked,3.0.0,59.94100499,0
FacesBlock4.xlsx,Andrew.mp4,Andrew.JPG,Andrew,51,0,3,3,3,,,,,0,11,11,6,,,,,,,,Jacob,0,"['lshift', 'j', 'a', 'c', 'o', 'b']","[1.884239687002264, 1.968741696968209, 2.1499263089499436, 2.334942389978096, 2.435160338995047, 2.5183082319563255]",[1.8842,1.8842,3,0.519005076,,,36,1,2019_Apr_08_1554,FaceNameBlocked,3.0.0,59.94100499,0
FacesBlock4.xlsx,Anna.mp4,Anna.JPG,Anna,47,0,3,3,3,0,11,11,2,,,,,,,0,2,2.768713905,,,,,,,0,0,,,,,36,1,2019_Apr_08_1554,FaceNameBlocked,3.0.0,59.94100499,0
FacesBlock4.xlsx,Anna.mp4,Anna.JPG,Anna,47,0,3,3,3,,,,,0,8,8,2,,,,,,,,,0,None,,0,0,1,1.085479264,,,36,1,2019_Apr_08_1554,FaceNameBlocked,3.0.0,59.94100499,0
FacesBlock2.xlsx,Ashley.mp4,Ashley.JPG,Ashley,24,0,1,1,1,0,4,4,9,,,,,,,1,2,1.219867891,,,,,,,0,0,,,,,36,1,2019_Apr_08_1554,FaceNameBlocked,3.0.0,59.94100499,0
FacesBlock2.xlsx,Ashley.mp4,Ashley.JPG,Ashley,24,0,1,1,1,,,,,0,3,3,9,,,,,,,,Ashley,1,"['lshift', 'a', 's', 'h', 'l', 'e', 'y']","[3.4997160980128683, 6.683418025029823, 7.050188314984553, 7.250033840013202, 7.466022699023597, 7.600082116026897, 7.747889599995688]",[3.4997,3.4997,1,0.701763692,,,36,1,2019_Apr_08_1554,FaceNameBlocked,3.0.0,59.94100499,1
FacesBlock1.xlsx,Bradley.mp4,Bradley.JPG,Bradley,14,0,0,0,0,0,5,5,14,,,,,,,0,1,0.536657089,,,,,,,0,0,,,,,36,1,2019_Apr_08_1554,FaceNameBlocked,3.0.0,59.94100499,0
FacesBlock1.xlsx,Bradley.mp4,Bradley.JPG,Bradley,14,0,0,0,0,,,,,0,12,12,14,,,,,,,,Mark,0,"['lshift', 'm', 'a', 'r', 'k']","[2.88272124202922, 3.017553392041009, 3.3001871880260296, 3.4006309150136076, 3.4843022350105457]",[2.8827,2.8827,1,0.618955131,,,36,1,2019_Apr_08_1554,FaceNameBlocked,3.0.0,59.94100499,0
FacesBlock4.xlsx,Brandon.mp4,Brandon.JPG,Brandon,56,0,3,3,3,0,7,7,11,,,,,,,1,1,1.519299045,,,,,,,0,0,,,,,36,1,2019_Apr_08_1554,FaceNameBlocked,3.0.0,59.94100499,0
FacesBlock4.xlsx,Brandon.mp4,Brandon.JPG,Brandon,56,0,3,3,3,,,,,0,14,14,11,,,,,,,,,0,None,,0,0,1,1.635546585,,,36,1,2019_Apr_08_1554,FaceNameBlocked,3.0.0,59.94100499,0
FacesBlock4.xlsx,Brian.mp4,Brian.JPG,Brian,53,0,3,3,3,0,2,2,8,,,,,,,1,1,3.76870397,,,,,,,0,0,,,,,36,1,2019_Apr_08_1554,FaceNameBlocked,3.0.0,59.94100499,0
FacesBlock4.xlsx,Brian.mp4,Brian.JPG,Brian,53,0,3,3,3,,,,,0,10,10,8,,,,,,,,Brian,1,"['lshift', 'b', 'i', 'a', 'backspace', 'backspace', 'r', 'i', 'a', 'n']","[0.8175799840246327, 0.9356738380156457, 1.2019202369847335, 1.351629352022428, 1.6514035839936696, 1.8010321960318834, 1.9185171170393005, 2.0184006440103985, 2.051752698025666, 2.134550005022902]",[0.8175,0.8175,4,0.433619609,,,36,1,2019_Apr_08_1554,FaceNameBlocked,3.0.0,59.94100499,1
FacesBlock4.xlsx,Brianna.mp4,Brianna.JPG,Brianna,48,0,3,3,3,0,0,0,3,,,,,,,0,2,5.10143106,,,,,,,0,0,,,,,36,1,2019_Apr_08_1554,FaceNameBlocked,3.0.0,59.94100499,0
FacesBlock4.xlsx,Brianna.mp4,Brianna.JPG,Brianna,48,0,3,3,3,,,,,0,5,5,3,,,,,,,,,0,None,,0,0,1,1.352302442,,,36,1,2019_Apr_08_1554,FaceNameBlocked,3.0.0,59.94100499,0
FacesBlock2.xlsx,Brittany.mp4,Brittany.JPG,Brittany,28,0,1,1,1,0,3,3,13,,,,,,,0,2,4.201911474,,,,,,,0,0,,,,,36,1,2019_Apr_08_1554,FaceNameBlocked,3.0.0,59.94100499,0
FacesBlock2.xlsx,Brittany.mp4,Brittany.JPG,Brittany,28,0,1,1,1,,,,,0,11,11,13,,,,,,,,,0,None,,0,0,1,1.16725323,,,36,1,2019_Apr_08_1554,FaceNameBlocked,3.0.0,59.94100499,0
FacesBlock4.xlsx,Caleb.mp4,Caleb.JPG,Caleb,59,0,3,3,3,0,6,6,14,,,,,,,0,1,1.203100309,,,,,,,0,0,,,,,36,1,2019_Apr_08_1554,FaceNameBlocked,3.0.0,59.94100499,0
FacesBlock4.xlsx,Caleb.mp4,Caleb.JPG,Caleb,59,0,3,3,3,,,,,0,0,0,14,,,,,,space,15.09695593,,0,None,,0,0,1,0.402013741,,,36,1,2019_Apr_08_1554,FaceNameBlocked,3.0.0,59.94100499,0
FacesBlock2.xlsx,Cody.mp4,Cody.JPG,Cody,23,0,1,1,1,0,1,1,8,,,,,,,0,1,1.735135788,,,,,,,0,0,,,,,36,1,2019_Apr_08_1554,FaceNameBlocked,3.0.0,59.94100499,0
FacesBlock2.xlsx,Cody.mp4,Cody.JPG,Cody,23,0,1,1,1,,,,,0,7,7,8,,,,,,,,,0,None,,0,0,1,1.018390735,,,36,1,2019_Apr_08_1554,FaceNameBlocked,3.0.0,59.94100499,0
FacesBlock3.xlsx,Courtney.mp4,Courtney.JPG,Courtney,42,0,2,2,2,0,2,2,12,,,,,,,1,2,3.2512744,,,,,,,0,0,,,,,36,1,2019_Apr_08_1554,FaceNameBlocked,3.0.0,59.94100499,0
FacesBlock3.xlsx,Courtney.mp4,Courtney.JPG,Courtney,42,0,2,2,2,,,,,0,8,8,12,,,,,,,,Lauren,0,"['lshift', 'l', 'a', 'u', 'r', 'e', 'n']","[3.1665457639610395, 3.267321959952824, 3.384595683950465, 3.4845915169571526, 3.5667959549464285, 3.6508572140010074, 3.7174665079801343]",[3.1665,3.1665,2,0.269064073,,,36,1,2019_Apr_08_1554,FaceNameBlocked,3.0.0,59.94100499,0
FacesBlock3.xlsx,Daniel.mp4,Daniel.JPG,Daniel,30,0,2,2,2,0,1,1,0,,,,,,,0,1,2.785970811,,,,,,,0,0,,,,,36,1,2019_Apr_08_1554,FaceNameBlocked,3.0.0,59.94100499,0
FacesBlock3.xlsx,Daniel.mp4,Daniel.JPG,Daniel,30,0,2,2,2,,,,,0,10,10,0,,,,,,,,,0,None,,0,0,1,1.33515289,,,36,1,2019_Apr_08_1554,FaceNameBlocked,3.0.0,59.94100499,0
FacesBlock1.xlsx,Danielle.mp4,Danielle.JPG,Danielle,3,0,0,0,0,0,13,13,3,,,,,,,1,2,0.43648648,,,,,,,0,0,,,,,36,1,2019_Apr_08_1554,FaceNameBlocked,3.0.0,59.94100499,0
FacesBlock1.xlsx,Danielle.mp4,Danielle.JPG,Danielle,3,0,0,0,0,,,,,0,9,9,3,,,,,,,,Amanda,0,"['lshift', 'a', 'm', 'a', 'n', 'd', 'a']","[1.000243936025072, 1.3848734250059351, 1.7514199260040186, 1.9181359570357017, 2.034625859989319, 2.13534364302177, 2.2344740540138446]",[1.0002,1.0002,3,0.752337612,,,36,1,2019_Apr_08_1554,FaceNameBlocked,3.0.0,59.94100499,0
FacesBlock2.xlsx,David.mp4,David.JPG,David,16,0,1,1,1,0,9,9,1,,,,,,,0,1,0.853034134,,,,,,,0,0,,,,,36,1,2019_Apr_08_1554,FaceNameBlocked,3.0.0,59.94100499,0
FacesBlock2.xlsx,David.mp4,David.JPG,David,16,0,1,1,1,,,,,0,5,5,1,,,,,,,,,0,None,,0,0,1,1.085316926,,,36,1,2019_Apr_08_1554,FaceNameBlocked,3.0.0,59.94100499,0
FacesBlock4.xlsx,Dylan.mp4,Dylan.JPG,Dylan,50,0,3,3,3,0,14,14,5,,,,,,,1,1,0.719726109,,,,,,,0,0,,,,,36,1,2019_Apr_08_1554,FaceNameBlocked,3.0.0,59.94100499,0
FacesBlock4.xlsx,Dylan.mp4,Dylan.JPG,Dylan,50,0,3,3,3,,,,,0,3,3,5,,,,,,,,Dylan,1,"['lshift', 'd', 'y', 'l', 'a', 'n']","[1.3672775959712453, 1.418424169998616, 1.635078003979288, 1.7347249269951135, 1.8350020200014114, 1.9020940809859894]",[1.3672,1.3672,4,2.051897241,,,36,1,2019_Apr_08_1554,FaceNameBlocked,3.0.0,59.94100499,1
FacesBlock4.xlsx,Emily.mp4,Emily.JPG,Emily,57,0,3,3,3,0,9,9,12,,,,,,,0,2,1.702341162,,,,,,,0,0,,,,,36,1,2019_Apr_08_1554,FaceNameBlocked,3.0.0,59.94100499,0
FacesBlock4.xlsx,Emily.mp4,Emily.JPG,Emily,57,0,3,3,3,,,,,0,2,2,12,,,,,,,,Brianna,0,"['lshift', 'b', 'r', 'i', 'a', 'n', 'a', 'backspace', 'n', 'a']","[1.9844318690011278, 2.08521758497227, 2.302608826023061, 2.335786862007808, 2.4356798169901595, 2.5188659990089945, 2.6187674709944986, 3.434567240998149, 3.635296867985744, 3.7347395439865068]",[1.9844,1.9844,4,1.23492997,,,36,1,2019_Apr_08_1554,FaceNameBlocked,3.0.0,59.94100499,0
FacesBlock1.xlsx,Eric.mp4,Eric.JPG,Eric,0,0,0,0,0,0,14,14,0,,,,,,,1,1,0.636138617,,,,,,,0,0,,,,,36,1,2019_Apr_08_1554,FaceNameBlocked,3.0.0,59.94100499,0
FacesBlock1.xlsx,Eric.mp4,Eric.JPG,Eric,0,0,0,0,0,,,,,0,0,0,0,,,,,,space,20.84540284,Eric ,1,"['lshift', 'e', 'r', 'i', 'c', 'return', 'return', 'space']","[3.5158730260445736, 3.699299547006376, 3.9010479710414074, 4.084397269994952, 4.184671186027117, 4.483385097992141, 7.915931185998488, 8.432726669998374]",[3.5158,3.5158,2,3.967597561,,,36,1,2019_Apr_08_1554,FaceNameBlocked,3.0.0,59.94100499,1
FacesBlock1.xlsx,Ethan.mp4,Ethan.JPG,Ethan,11,0,0,0,0,0,7,7,11,,,,,,,1,1,0.586037284,,,,,,,0,0,,,,,36,1,2019_Apr_08_1554,FaceNameBlocked,3.0.0,59.94100499,0
FacesBlock1.xlsx,Ethan.mp4,Ethan.JPG,Ethan,11,0,0,0,0,,,,,0,5,5,11,,,,,,,,Er,0,"['lshift', 'e', 'r']","[8.331739173037931, 8.51630610198481, 9.632203368993942]",[8.3317,8.3317,1,1.185141418,,,36,1,2019_Apr_08_1554,FaceNameBlocked,3.0.0,59.94100499,0
FacesBlock4.xlsx,Grace.mp4,Grace.JPG,Grace,58,0,3,3,3,0,10,10,13,,,,,,,1,2,1.152716169,,,,,,,0,0,,,,,36,1,2019_Apr_08_1554,FaceNameBlocked,3.0.0,59.94100499,0
FacesBlock4.xlsx,Grace.mp4,Grace.JPG,Grace,58,0,3,3,3,,,,,0,4,4,13,,,,,,,,Grace,1,"['lshift', 'g', 'r', 'a', 'c', 'e']","[4.7489656480029225, 4.85046530503314, 5.016514795017429, 5.099830885010306, 5.284093627997208, 5.366266667027958]",[4.7489,4.7489,4,1.319225786,,,36,1,2019_Apr_08_1554,FaceNameBlocked,3.0.0,59.94100499,1
FacesBlock2.xlsx,Haley.mp4,Haley.JPG,Haley,20,0,1,1,1,0,5,5,5,,,,,,,0,2,1.786014111,,,,,,,0,0,,,,,36,1,2019_Apr_08_1554,FaceNameBlocked,3.0.0,59.94100499,0
FacesBlock2.xlsx,Haley.mp4,Haley.JPG,Haley,20,0,1,1,1,,,,,0,0,0,5,,,,,,space,7.199626606,,0,['lshift'],[5.516122578002978],[5.5161,5.5161,1,1.184540687,,,36,1,2019_Apr_08_1554,FaceNameBlocked,3.0.0,59.94100499,0
FacesBlock1.xlsx,Hannah.mp4,Hannah.JPG,Hannah,1,0,0,0,0,0,6,6,1,,,,,,,1,2,0.319413249,,,,,,,0,0,,,,,36,1,2019_Apr_08_1554,FaceNameBlocked,3.0.0,59.94100499,0
FacesBlock1.xlsx,Hannah.mp4,Hannah.JPG,Hannah,1,0,0,0,0,,,,,0,11,11,1,,,,,,,,,0,None,,0,0,1,1.385367277,,,36,1,2019_Apr_08_1554,FaceNameBlocked,3.0.0,59.94100499,0
FacesBlock2.xlsx,Heather.mp4,Heather.JPG,Heather,26,0,1,1,1,0,6,6,11,,,,,,,0,2,1.435813613,,,,,,,0,0,,,,,36,1,2019_Apr_08_1554,FaceNameBlocked,3.0.0,59.94100499,0
FacesBlock2.xlsx,Heather.mp4,Heather.JPG,Heather,26,0,1,1,1,,,,,0,4,4,11,,,,,,,,Heather,1,"['lshift', 'h', 'e', 'a', 't', 'h', 'e', 'r']","[1.9670334809925407, 2.151697780995164, 2.3009350519860163, 2.4021288820076734, 2.4847162030055188, 2.5687218889943324, 2.6351341669796966, 2.7009158129803836]",[1.9670,1.967,4,0.535852013,,,36,1,2019_Apr_08_1554,FaceNameBlocked,3.0.0,59.94100499,1
FacesBlock3.xlsx,Jacob.mp4,Jacob.JPG,Jacob,39,0,2,2,2,0,9,9,9,,,,,,,1,1,0.952408449,,,,,,,0,0,,,,,36,1,2019_Apr_08_1554,FaceNameBlocked,3.0.0,59.94100499,0
FacesBlock3.xlsx,Jacob.mp4,Jacob.JPG,Jacob,39,0,2,2,2,,,,,0,14,14,9,,,,,,,,,0,None,,0,0,1,0.951655043,,,36,1,2019_Apr_08_1554,FaceNameBlocked,3.0.0,59.94100499,0
FacesBlock4.xlsx,Jason.mp4,Jason.JPG,Jason,49,0,3,3,3,0,8,8,4,,,,,,,1,1,2.201919164,,,,,,,0,0,,,,,36,1,2019_Apr_08_1554,FaceNameBlocked,3.0.0,59.94100499,0
FacesBlock4.xlsx,Jason.mp4,Jason.JPG,Jason,49,0,3,3,3,,,,,0,7,7,4,,,,,,,,,0,['lshift'],[2.1167249549762346],[2.1167,2.1167,1,1.11786687,,,36,1,2019_Apr_08_1554,FaceNameBlocked,3.0.0,59.94100499,0
FacesBlock1.xlsx,Jenna.mp4,Jenna.JPG,Jenna,6,0,0,0,0,0,4,4,6,,,,,,,1,2,0.736317973,,,,,,,0,0,,,,,36,1,2019_Apr_08_1554,FaceNameBlocked,3.0.0,59.94100499,0
FacesBlock1.xlsx,Jenna.mp4,Jenna.JPG,Jenna,6,0,0,0,0,,,,,0,10,10,6,,,,,,,,Mikayla,0,"['lshift', 'm', 'i', 'k', 'a', 'e', 'backspace', 'l', 'a', 'backspace', 'backspace', 'y', 'l', 'a']","[4.866513165005017, 5.38434851000784, 5.601099210965913, 5.801062505983282, 5.884053281974047, 6.00087796599837, 6.600150137965102, 6.816813057987019, 6.933737687999383, 7.516337517998181, 7.649774238991085, 7.816799803986214, 7.950041169009637, 8.150077275000513]",[4.8665,4.8665,1,0.935391928,,,36,1,2019_Apr_08_1554,FaceNameBlocked,3.0.0,59.94100499,0
FacesBlock2.xlsx,Jeremy.mp4,Jeremy.JPG,Jeremy,15,0,1,1,1,0,0,0,0,,,,,,,1,1,2.401910781,,,,,,,0,0,,,,,36,1,2019_Apr_08_1554,FaceNameBlocked,3.0.0,59.94100499,0
FacesBlock2.xlsx,Jeremy.mp4,Jeremy.JPG,Jeremy,15,0,1,1,1,,,,,0,9,9,0,,,,,,,,Jeremy,1,"['lshift', 'j', 'e', 'r', 'e', 'm', 'y']","[2.0167345679947175, 2.0853244939935394, 2.2853213520138524, 2.385185830993578, 2.4679326309706084, 2.5684430829714984, 2.6684390020091087]",[2.0167,2.0167,3,0.851994346,,,36,1,2019_Apr_08_1554,FaceNameBlocked,3.0.0,59.94100499,1
FacesBlock1.xlsx,Jessica.mp4,Jessica.JPG,Jessica,8,0,0,0,0,0,3,3,8,,,,,,,0,2,0.619347141,,,,,,,0,0,,,,,36,1,2019_Apr_08_1554,FaceNameBlocked,3.0.0,59.94100499,0
FacesBlock1.xlsx,Jessica.mp4,Jessica.JPG,Jessica,8,0,0,0,0,,,,,0,8,8,8,,,,,,,,Kelsie,0,"['lshift', 'k', 'e', 'l', 's', 'i', 'e']","[1.7341046869987622, 1.8184334449470043, 1.9848227689508349, 2.0690372079843655, 2.1686976179480553, 2.235275284969248, 2.3011928669875488]",[1.7341,1.7341,2,0.519110675,,,36,1,2019_Apr_08_1554,FaceNameBlocked,3.0.0,59.94100499,0
FacesBlock2.xlsx,Josh.mp4,Josh.JPG,Josh,19,0,1,1,1,0,2,2,4,,,,,,,1,1,1.619580902,,,,,,,0,0,,,,,36,1,2019_Apr_08_1554,FaceNameBlocked,3.0.0,59.94100499,0
FacesBlock2.xlsx,Josh.mp4,Josh.JPG,Josh,19,0,1,1,1,,,,,0,8,8,4,,,,,,,,Josh,1,"['lshift', 'j', 'o', 's', 'h']","[0.8836275619687513, 1.0185502200038172, 1.1682579279877245, 1.3016467319685034, 1.3841928439796902]",[0.8836,0.8836,4,0.368554658,,,36,1,2019_Apr_08_1554,FaceNameBlocked,3.0.0,59.94100499,1
FacesBlock1.xlsx,Julia.mp4,Julia.JPG,Julia,13,0,0,0,0,0,2,2,13,,,,,,,1,2,0.769443462,,,,,,,0,0,,,,,36,1,2019_Apr_08_1554,FaceNameBlocked,3.0.0,59.94100499,0
FacesBlock1.xlsx,Julia.mp4,Julia.JPG,Julia,13,0,0,0,0,,,,,0,1,1,13,,,,,,,,Amanda,0,"['lshift', 'a', 'm', 'a', 'n', 'd', 'a']","[7.431614261993673, 7.667085141991265, 8.033721672021784, 8.167164199985564, 8.266033564985264, 8.383481473021675, 8.449948920984752]",[7.4316,7.4316,1,0.985505967,,,36,1,2019_Apr_08_1554,FaceNameBlocked,3.0.0,59.94100499,0
FacesBlock2.xlsx,Justin.mp4,Justin.JPG,Justin,27,0,1,1,1,0,10,10,12,,,,,,,1,1,1.219261512,,,,,,,0,0,,,,,36,1,2019_Apr_08_1554,FaceNameBlocked,3.0.0,59.94100499,0
FacesBlock2.xlsx,Justin.mp4,Justin.JPG,Justin,27,0,1,1,1,,,,,0,2,2,12,,,,,,,,,0,None,,0,0,1,0.319507337,,,36,1,2019_Apr_08_1554,FaceNameBlocked,3.0.0,59.94100499,0
FacesBlock4.xlsx,Katie.mp4,Katie.JPG,Katie,54,0,3,3,3,0,5,5,9,,,,,,,0,2,2.30265933,,,,,,,0,0,,,,,36,1,2019_Apr_08_1554,FaceNameBlocked,3.0.0,59.94100499,0
FacesBlock4.xlsx,Katie.mp4,Katie.JPG,Katie,54,0,3,3,3,,,,,0,1,1,9,,,,,,,,,0,None,,0,0,1,0.783426846,,,36,1,2019_Apr_08_1554,FaceNameBlocked,3.0.0,59.94100499,0
FacesBlock3.xlsx,Kayla.mp4,Kayla.JPG,Kayla,34,0,2,2,2,0,10,10,4,,,,,,,1,2,1.419418752,,,,,,,0,0,,,,,36,1,2019_Apr_08_1554,FaceNameBlocked,3.0.0,59.94100499,0
FacesBlock3.xlsx,Kayla.mp4,Kayla.JPG,Kayla,34,0,2,2,2,,,,,0,2,2,4,,,,,,,,Kelsi,0,"['lshift', 'k', 'e', 'l', 's', 'i', 'backspace', 'e', 'y', 'backspace', 'backspace', 'i']","[1.100331722991541, 1.184460288961418, 1.3183998729800805, 1.3684058460057713, 1.4829117379849777, 1.5350082899676636, 4.8335729310056195, 4.917039318999741, 5.000301748979837, 5.666584299004171, 5.799807892006356, 6.01675955299288]",[1.1003,1.1003,1,0.919383526,,,36,1,2019_Apr_08_1554,FaceNameBlocked,3.0.0,59.94100499,0
FacesBlock1.xlsx,Kelsey.mp4,Kelsey.JPG,Kelsey,12,0,0,0,0,0,9,9,12,,,,,,,0,2,0.48683007,,,,,,,0,0,,,,,36,1,2019_Apr_08_1554,FaceNameBlocked,3.0.0,59.94100499,0
FacesBlock1.xlsx,Kelsey.mp4,Kelsey.JPG,Kelsey,12,0,0,0,0,,,,,0,13,13,12,,,,,,,,Kelsie,1,"['lshift', 'k', 'e', 'l', 's', 'i', 'e']","[0.9178708749823272, 0.9855801070225425, 1.1354587309760973, 1.2191372850211337, 1.3184140489902347, 1.3687141059781425, 1.4516681550303474]",[0.9178,0.9178,2,3.084590935,,,36,1,2019_Apr_08_1554,FaceNameBlocked,3.0.0,59.94100499,1
FacesBlock3.xlsx,Kevin.mp4,Kevin.JPG,Kevin,41,0,2,2,2,0,7,7,11,,,,,,,1,1,1.23637059,,,,,,,0,0,,,,,36,1,2019_Apr_08_1554,FaceNameBlocked,3.0.0,59.94100499,0
FacesBlock3.xlsx,Kevin.mp4,Kevin.JPG,Kevin,41,0,2,2,2,,,,,0,7,7,11,,,,,,,,,0,"['lshift', 'a', 'a', 'r', 'o', 'n', 'backspace', 'backspace', 'backspace', 'backspace', 'backspace', 'backspace']","[3.7163706989958882, 3.8840967159485444, 4.166823335981462, 4.267686409992166, 4.31759626296116, 4.434430863999296, 4.883236677967943, 5.015246061957441, 5.099544306984171, 5.249818312993739, 5.366176392999478, 5.482969973003492]",[3.7163,3.7163,1,2.268543627,,,36,1,2019_Apr_08_1554,FaceNameBlocked,3.0.0,59.94100499,0
FacesBlock1.xlsx,Kyle.mp4,Kyle.JPG,Kyle,4,0,0,0,0,0,10,10,4,,,,,,,0,1,0.636872323,,,,,,,0,0,,,,,36,1,2019_Apr_08_1554,FaceNameBlocked,3.0.0,59.94100499,0
FacesBlock1.xlsx,Kyle.mp4,Kyle.JPG,Kyle,4,0,0,0,0,,,,,0,7,7,4,,,,,,,,,0,None,,0,0,1,1.901214882,,,36,1,2019_Apr_08_1554,FaceNameBlocked,3.0.0,59.94100499,0
FacesBlock3.xlsx,Lauren.mp4,Lauren.JPG,Lauren,38,0,2,2,2,0,3,3,8,,,,,,,0,2,3.318680473,,,,,,,0,0,,,,,36,1,2019_Apr_08_1554,FaceNameBlocked,3.0.0,59.94100499,0
FacesBlock3.xlsx,Lauren.mp4,Lauren.JPG,Lauren,38,0,2,2,2,,,,,0,11,11,8,,,,,,,,Lauren,1,"['lshift', 'l', 'u', 'backspace', 'a', 'u', 'r', 'e', 'n']","[7.132039267977234, 7.216574219986796, 7.4825034299865365, 7.899161749985069, 7.99934411898721, 8.166406411968637, 8.199682991020381, 8.299508458992932, 8.449002470006235]",[7.1320,7.132,2,0.617848985,,,36,1,2019_Apr_08_1554,FaceNameBlocked,3.0.0,59.94100499,1
FacesBlock3.xlsx,Mark.mp4,Mark.JPG,Mark,40,0,2,2,2,0,8,8,10,,,,,,,1,1,0.783496642,,,,,,,0,0,,,,,36,1,2019_Apr_08_1554,FaceNameBlocked,3.0.0,59.94100499,0
FacesBlock3.xlsx,Mark.mp4,Mark.JPG,Mark,40,0,2,2,2,,,,,0,6,6,10,,,,,,,,Trevor,0,"['lshift', 't', 'r', 'e', 'v', 'o', 'r']","[1.3500510409940034, 1.484729466959834, 1.6349033159785904, 1.7183401649817824, 1.85171742195962, 1.9183648769976571, 2.0173268789658323]",[1.3500,1.35,1,0.35207952,,,36,1,2019_Apr_08_1554,FaceNameBlocked,3.0.0,59.94100499,0
FacesBlock1.xlsx,Matthew.mp4,Matthew.JPG,Matthew,9,0,0,0,0,0,12,12,9,,,,,,,0,1,0.403832106,,,,,,,0,0,,,,,36,1,2019_Apr_08_1554,FaceNameBlocked,3.0.0,59.94100499,0
FacesBlock1.xlsx,Matthew.mp4,Matthew.JPG,Matthew,9,0,0,0,0,,,,,0,6,6,9,,,,,,,,Darren,0,"['lshift', 'd', 'a', 'r', 'r', 'e', 'n']","[3.5495588090270758, 4.600879239034839, 4.9172198890009895, 5.0507442859816365, 5.200576634029858, 5.317432167998049, 5.40048809198197]",[3.5495,3.5495,1,0.818829057,,,36,1,2019_Apr_08_1554,FaceNameBlocked,3.0.0,59.94100499,0
FacesBlock2.xlsx,Megan.mp4,Megan.JPG,Megan,25,0,1,1,1,0,12,12,10,,,,,,,0,2,0.45315211,,,,,,,0,0,,,,,36,1,2019_Apr_08_1554,FaceNameBlocked,3.0.0,59.94100499,0
FacesBlock2.xlsx,Megan.mp4,Megan.JPG,Megan,25,0,1,1,1,,,,,0,13,13,10,,,,,,,,,0,None,,0,0,1,1.23463953,,,36,1,2019_Apr_08_1554,FaceNameBlocked,3.0.0,59.94100499,0
FacesBlock4.xlsx,Michael.mp4,Michael.JPG,Michael,46,0,3,3,3,0,1,1,1,,,,,,,0,1,3.551237679,,,,,,,0,0,,,,,36,1,2019_Apr_08_1554,FaceNameBlocked,3.0.0,59.94100499,0
FacesBlock4.xlsx,Michael.mp4,Michael.JPG,Michael,46,0,3,3,3,,,,,0,9,9,1,,,,,,,,Brian,0,"['lshift', 'b', 'r', 'i', 'a', 'n']","[3.317174612020608, 3.468401103047654, 3.6510024309973232, 3.951515264052432, 4.018175881006755, 4.10111244500149]",[3.3171,3.3171,3,0.967269781,,,36,1,2019_Apr_08_1554,FaceNameBlocked,3.0.0,59.94100499,0
FacesBlock4.xlsx,Michelle.mp4,Michelle.JPG,Michelle,52,0,3,3,3,0,13,13,7,,,,,,,1,2,0.552710458,,,,,,,0,0,,,,,36,1,2019_Apr_08_1554,FaceNameBlocked,3.0.0,59.94100499,0
FacesBlock4.xlsx,Michelle.mp4,Michelle.JPG,Michelle,52,0,3,3,3,,,,,0,13,13,7,,,,,,,,Hannah,0,"['lshift', 'h', 'a', 'n', 'n', 'a', 'h']","[5.932680223020725, 6.049870821007062, 6.284054610005114, 6.3504763750243, 6.482899475027807, 6.583112652995624, 6.667218602029607]",[5.9326,5.9326,2,0.652170633,,,36,1,2019_Apr_08_1554,FaceNameBlocked,3.0.0,59.94100499,0
FacesBlock1.xlsx,Natalie.mp4,Natalie.JPG,Natalie,7,0,0,0,0,0,8,8,7,,,,,,,0,2,0.23641617,,,,,,,0,0,,,,,36,1,2019_Apr_08_1554,FaceNameBlocked,3.0.0,59.94100499,0
FacesBlock1.xlsx,Natalie.mp4,Natalie.JPG,Natalie,7,0,0,0,0,,,,,0,14,14,7,,,,,,,,,0,None,,0,0,1,2.284967125,,,36,1,2019_Apr_08_1554,FaceNameBlocked,3.0.0,59.94100499,0
FacesBlock3.xlsx,Nathan.mp4,Nathan.JPG,Nathan,37,0,2,2,2,0,14,14,7,,,,,,,1,1,2.335950086,,,,,,,0,0,,,,,36,1,2019_Apr_08_1554,FaceNameBlocked,3.0.0,59.94100499,0
FacesBlock3.xlsx,Nathan.mp4,Nathan.JPG,Nathan,37,0,2,2,2,,,,,0,4,4,7,,,,,,,,Noah,0,"['lshift', 'n', 'o', 'a', 'h']","[4.899137126980349, 4.967449244984891, 5.05037267098669, 5.200519368983805, 5.283667440991849]",[4.8991,4.8991,1,0.335695078,,,36,1,2019_Apr_08_1554,FaceNameBlocked,3.0.0,59.94100499,0
FacesBlock3.xlsx,Nicole.mp4,Nicole.JPG,Nicole,43,0,2,2,2,0,12,12,13,,,,,,,0,2,2.236190755,,,,,,,0,0,,,,,36,1,2019_Apr_08_1554,FaceNameBlocked,3.0.0,59.94100499,0
FacesBlock3.xlsx,Nicole.mp4,Nicole.JPG,Nicole,43,0,2,2,2,,,,,0,12,12,13,,,,,,,,,0,None,,0,0,1,1.10189519,,,36,1,2019_Apr_08_1554,FaceNameBlocked,3.0.0,59.94100499,0
FacesBlock3.xlsx,Noah.mp4,Noah.JPG,Noah,31,0,2,2,2,0,5,5,1,,,,,,,0,1,1.935908412,,,,,,,0,0,,,,,36,1,2019_Apr_08_1554,FaceNameBlocked,3.0.0,59.94100499,0
FacesBlock3.xlsx,Noah.mp4,Noah.JPG,Noah,31,0,2,2,2,,,,,0,3,3,1,,,,,,,,,0,None,,0,0,1,1.168928564,,,36,1,2019_Apr_08_1554,FaceNameBlocked,3.0.0,59.94100499,0
FacesBlock3.xlsx,Olivia.mp4,Olivia.JPG,Olivia,35,0,2,2,2,0,4,4,5,,,,,,,1,2,2.601677521,,,,,,,0,0,,,,,36,1,2019_Apr_08_1554,FaceNameBlocked,3.0.0,59.94100499,0
FacesBlock3.xlsx,Olivia.mp4,Olivia.JPG,Olivia,35,0,2,2,2,,,,,0,0,0,5,,,,,,space,2.834637283,,0,None,,0,0,1,0.419324183,,,36,1,2019_Apr_08_1554,FaceNameBlocked,3.0.0,59.94100499,0
FacesBlock2.xlsx,Rachel.mp4,Rachel.JPG,Rachel,29,0,1,1,1,0,8,8,14,,,,,,,1,2,1.285774073,,,,,,,0,0,,,,,36,1,2019_Apr_08_1554,FaceNameBlocked,3.0.0,59.94100499,0
FacesBlock2.xlsx,Rachel.mp4,Rachel.JPG,Rachel,29,0,1,1,1,,,,,0,6,6,14,,,,,,,,,0,None,,0,0,1,0.918901126,,,36,1,2019_Apr_08_1554,FaceNameBlocked,3.0.0,59.94100499,0
FacesBlock3.xlsx,Rebecca.mp4,Rebecca.JPG,Rebecca,32,0,2,2,2,0,6,6,2,,,,,,,0,2,1.702112814,,,,,,,0,0,,,,,36,1,2019_Apr_08_1554,FaceNameBlocked,3.0.0,59.94100499,0
FacesBlock3.xlsx,Rebecca.mp4,Rebecca.JPG,Rebecca,32,0,2,2,2,,,,,0,9,9,2,,,,,,,,Rebeca,1,"['lshift', 'r', 'e', 'b', 'e', 'c', 'a']","[7.44880390597973, 7.5841521240072325, 7.717266201972961, 7.900384566979483, 8.049893393006641, 8.200386970012914, 8.300389415002428]",[7.4488,7.4488,2,1.101815844,,,36,1,2019_Apr_08_1554,FaceNameBlocked,3.0.0,59.94100499,1
FacesBlock3.xlsx,Sarah.mp4,Sarah.JPG,Sarah,33,0,2,2,2,0,11,11,3,,,,,,,0,2,0.652602296,,,,,,,0,0,,,,,36,1,2019_Apr_08_1554,FaceNameBlocked,3.0.0,59.94100499,0
FacesBlock3.xlsx,Sarah.mp4,Sarah.JPG,Sarah,33,0,2,2,2,,,,,0,1,1,3,,,,,,,,Rebeca,0,"['lshift', 'r', 'e', 'b', 'e', 'c', 'a']","[4.333625419996679, 4.468225677963346, 4.5681249689660035, 4.734092818980571, 4.901390021957923, 5.034560245985631, 5.101127218978945]",[4.3336,4.3336,1,1.186294438,,,36,1,2019_Apr_08_1554,FaceNameBlocked,3.0.0,59.94100499,1
FacesBlock3.xlsx,Shelby.mp4,Shelby.JPG,Shelby,36,0,2,2,2,0,0,0,6,,,,,,,1,2,3.168857731,,,,,,,0,0,,,,,36,1,2019_Apr_08_1554,FaceNameBlocked,3.0.0,59.94100499,0
FacesBlock3.xlsx,Shelby.mp4,Shelby.JPG,Shelby,36,0,2,2,2,,,,,0,5,5,6,,,,,,,,Shelby,1,"['lshift', 's', 'h', 'e', 'l', 'b', 'y']","[2.1003528779838234, 3.151379849994555, 3.4016027189791203, 3.500699596013874, 3.584306366974488, 3.667725430976134, 3.86729160399409]",[2.1003,2.1003,4,0.40221188,,,36,1,2019_Apr_08_1554,FaceNameBlocked,3.0.0,59.94100499,1
FacesBlock2.xlsx,Steven.mp4,Steven.JPG,Steven,17,0,1,1,1,0,7,7,2,,,,,,,0,1,2.136319515,,,,,,,0,0,,,,,36,1,2019_Apr_08_1554,FaceNameBlocked,3.0.0,59.94100499,0
FacesBlock2.xlsx,Steven.mp4,Steven.JPG,Steven,17,0,1,1,1,,,,,0,12,12,2,,,,,,,,Aaron,0,"['lshift', 'a', 'a', 'r', 'o', 'n']","[1.7673582489951514, 1.9191292469622567, 2.168891838984564, 2.3023735889582895, 2.3859580190037377, 2.4688051239936613]",[1.7673,1.7673,4,0.719058322,,,36,1,2019_Apr_08_1554,FaceNameBlocked,3.0.0,59.94100499,1
FacesBlock4.xlsx,Taylor.mp4,Taylor.JPG,Taylor,45,0,3,3,3,0,12,12,0,,,,,,,0,2,1.569261495,,,,,,,0,0,,,,,36,1,2019_Apr_08_1554,FaceNameBlocked,3.0.0,59.94100499,0
FacesBlock4.xlsx,Taylor.mp4,Taylor.JPG,Taylor,45,0,3,3,3,,,,,0,12,12,0,,,,,,,,,0,None,,0,0,1,3.96698905,,,36,1,2019_Apr_08_1554,FaceNameBlocked,3.0.0,59.94100499,0
FacesBlock3.xlsx,Thomas.mp4,Thomas.JPG,Thomas,44,0,2,2,2,0,13,13,14,,,,,,,0,1,1.352712024,,,,,,,0,0,,,,,36,1,2019_Apr_08_1554,FaceNameBlocked,3.0.0,59.94100499,0
FacesBlock3.xlsx,Thomas.mp4,Thomas.JPG,Thomas,44,0,2,2,2,,,,,0,13,13,14,,,,,,,,,0,None,,0,0,1,0.734167251,,,36,1,2019_Apr_08_1554,FaceNameBlocked,3.0.0,59.94100499,0
FacesBlock1.xlsx,Timothy.mp4,Timothy.JPG,Timothy,10,0,0,0,0,0,0,0,10,,,,,,,1,1,1.369246009,,,,,,,0,0,,,,,36,1,2019_Apr_08_1554,FaceNameBlocked,3.0.0,59.94100499,0
FacesBlock1.xlsx,Timothy.mp4,Timothy.JPG,Timothy,10,0,0,0,0,,,,,0,4,4,10,,,,,,,,David,0,"['lshift', 'd', 'a', 'v', 'i', 'd']","[6.330957573954947, 6.449832533951849, 6.698909875995014, 6.866356279002503, 6.966470571001992, 7.049637345946394]",[6.3309,6.3309,1,1.086121933,,,36,1,2019_Apr_08_1554,FaceNameBlocked,3.0.0,59.94100499,0
FacesBlock2.xlsx,Trevor.mp4,Trevor.JPG,Trevor,21,0,1,1,1,0,14,14,6,,,,,,,1,1,1.05312537,,,,,,,0,0,,,,,36,1,2019_Apr_08_1554,FaceNameBlocked,3.0.0,59.94100499,0
FacesBlock2.xlsx,Trevor.mp4,Trevor.JPG,Trevor,21,0,1,1,1,,,,,0,10,10,6,,,,,,,,Trevor,1,"['lshift', 't', 'r', 'e', 'v', 'o', 'r']","[0.9679159990046173, 1.135979472019244, 1.3021488900412805, 1.4010120200109668, 1.5356030029943213, 1.6356440240051597, 1.7360852130223066]",[0.9679,0.9679,4,0.735388795,,,36,1,2019_Apr_08_1554,FaceNameBlocked,3.0.0,59.94100499,1
FacesBlock2.xlsx,Tyler.mp4,Tyler.JPG,Tyler,22,0,1,1,1,0,11,11,7,,,,,,,1,1,0.785960896,,,,,,,0,0,,,,,36,1,2019_Apr_08_1554,FaceNameBlocked,3.0.0,59.94100499,0
FacesBlock2.xlsx,Tyler.mp4,Tyler.JPG,Tyler,22,0,1,1,1,,,,,0,1,1,7,,,,,,,,Dvi,0,"['lshift', 'e', 'r', 'i', 'c', 'backspace', 'backspace', 'backspace', 'backspace', 'backspace', 'lshift', 'd', 'v', 'i']","[3.0500597780337557, 3.5349565960350446, 4.967767939029727, 5.151363679033238, 5.401187893003225, 8.582758394011762, 8.71506507403683, 8.816478092048783, 8.949120324046817, 9.082668689021375, 9.247893197054509, 9.300435377052054, 9.749585492012557, 9.849674420023803]",[3.0500,3.05,1,1.70166626,,,36,1,2019_Apr_08_1554,FaceNameBlocked,3.0.0,59.94100499,0
,,,,,,,,,,,,,,,,,space,87.8251316,,,,,,,,,,,,,,,,36,1,2019_Apr_08_1554,FaceNameBlocked,3.0.0,59.94100499,
,,,,,,,,,,,,,,,,,,,,,,,,,,,,,,,,space,332230.7836,36,1,2019_Apr_08_1554,FaceNameBlocked,3.0.0,59.94100499,