condsFile,Video,Photo,Name,Row,blocks.thisRepN,blocks.thisTrialN,blocks.thisN,blocks.thisIndex,presentations.thisRepN,presentations.thisTrialN,presentations.thisN,presentations.thisIndex,testing.thisRepN,testing.thisTrialN,testing.thisN,testing.thisIndex,advance_1.keys,advance_1.rt,currentCond,judgementResp.keys,judgementResp.rt,advance_2.keys,advance_2.rt,inputText,Accuracy,key_resp_3.keys,key_resp_3.rt,trim1,key_resp3_fin,rating_resp.keys,rating_resp.rt,end_key.keys,end_key.rt,participant,session,date,expName,psychopyVersion,frameRate,Correct/Incorrect
FacesBlock2.xlsx,Aaron.mp4,Aaron.JPG,Aaron,18,0,1,1,1,0,0,0,3,,,,,,,1,1,1.520269028,,,,,,,0,0,,,,,39,1,2019_Apr_15_1359,FaceNameBlocked,3.0.0,85.02904415,0
FacesBlock2.xlsx,Aaron.mp4,Aaron.JPG,Aaron,18,0,1,1,1,,,,,0,5,5,3,,,,,,,,steve,0,"['c', 'o', 'backspace', 'backspace', 's', 't', 'e', 'v', 'e']","[2.178973851026967, 2.4377862859982997, 2.8717819360317662, 3.129222968011163, 8.859138509025797, 9.17695182794705, 9.42399816296529, 9.788615280995145, 9.97691957198549]",[2.1789,2.1789,2,2.354330432,,,39,1,2019_Apr_15_1359,FaceNameBlocked,3.0.0,85.02904415,0
FacesBlock1.xlsx,Adam.mp4,Adam.JPG,Adam,5,0,0,0,0,0,13,13,5,,,,,,,1,1,0.367465279,,,,,,,0,0,,,,,39,1,2019_Apr_15_1359,FaceNameBlocked,3.0.0,85.02904415,0
FacesBlock1.xlsx,Adam.mp4,Adam.JPG,Adam,5,0,0,0,0,,,,,0,10,10,5,,,,,,,,,0,None,,0,0,1,1.037346635,,,39,1,2019_Apr_15_1359,FaceNameBlocked,3.0.0,85.02904415,0
FacesBlock4.xlsx,Alyssa.mp4,Alyssa.JPG,Alyssa,55,0,3,3,3,0,2,2,10,,,,,,,0,2,1.13174492,,,,,,,0,0,,,,,39,1,2019_Apr_15_1359,FaceNameBlocked,3.0.0,85.02904415,0
FacesBlock4.xlsx,Alyssa.mp4,Alyssa.JPG,Alyssa,55,0,3,3,3,,,,,0,0,0,10,,,,,,space,2.472661591,,0,None,,0,0,1,0.658600391,,,39,1,2019_Apr_15_1359,FaceNameBlocked,3.0.0,85.02904415,0
FacesBlock1.xlsx,Amanda.mp4,Amanda.JPG,Amanda,2,0,0,0,0,0,10,10,2,,,,,,,0,2,0.46174947,,,,,,,0,0,,,,,39,1,2019_Apr_15_1359,FaceNameBlocked,3.0.0,85.02904415,0
FacesBlock1.xlsx,Amanda.mp4,Amanda.JPG,Amanda,2,0,0,0,0,,,,,0,9,9,2,,,,,,,,lindsey,0,"['l', 'i', 'n', 'd', 's', 'e', 'y']","[4.412942109047435, 4.965937125030905, 5.342358574038371, 5.554095747997053, 5.859253982082009, 6.58903786202427, 7.988725814037025]",[4.4129,4.4129,1,0.754372386,,,39,1,2019_Apr_15_1359,FaceNameBlocked,3.0.0,85.02904415,0
FacesBlock4.xlsx,Andrew.mp4,Andrew.JPG,Andrew,51,0,3,3,3,0,7,7,6,,,,,,,1,1,0.838176604,,,,,,,0,0,,,,,39,1,2019_Apr_15_1359,FaceNameBlocked,3.0.0,85.02904415,0
FacesBlock4.xlsx,Andrew.mp4,Andrew.JPG,Andrew,51,0,3,3,3,,,,,0,11,11,6,,,,,,,,,0,None,,0,0,1,12.19914389,,,39,1,2019_Apr_15_1359,FaceNameBlocked,3.0.0,85.02904415,0
FacesBlock4.xlsx,Anna.mp4,Anna.JPG,Anna,47,0,3,3,3,0,8,8,2,,,,,,,0,2,0.69665727,,,,,,,0,0,,,,,39,1,2019_Apr_15_1359,FaceNameBlocked,3.0.0,85.02904415,0
FacesBlock4.xlsx,Anna.mp4,Anna.JPG,Anna,47,0,3,3,3,,,,,0,13,13,2,,,,,,,,brianna,0,"['b', 'r', 'i', 'a', 'n', 'n', 'a']","[3.224736890057102, 3.4017622659448534, 3.5776731109945104, 3.7421944830566645, 3.848524505039677, 4.01303444604855, 4.165814570966177]",[3.2247,3.2247,3,0.307609948,,,39,1,2019_Apr_15_1359,FaceNameBlocked,3.0.0,85.02904415,0
FacesBlock2.xlsx,Ashley.mp4,Ashley.JPG,Ashley,24,0,1,1,1,0,7,7,9,,,,,,,0,2,1.108827023,,,,,,,0,0,,,,,39,1,2019_Apr_15_1359,FaceNameBlocked,3.0.0,85.02904415,0
FacesBlock2.xlsx,Ashley.mp4,Ashley.JPG,Ashley,24,0,1,1,1,,,,,0,13,13,9,,,,,,,,ashley,1,"['a', 's', 'h', 'l', 'e', 'y']","[1.2489622620632872, 1.4490071940235794, 2.378176227095537, 2.7543275960488245, 3.001285818987526, 3.753999258042313]",[1.2489,1.2489,2,0.38784217,,,39,1,2019_Apr_15_1359,FaceNameBlocked,3.0.0,85.02904415,1
FacesBlock1.xlsx,Bradley.mp4,Bradley.JPG,Bradley,14,0,0,0,0,0,4,4,14,,,,,,,1,1,0.4028884,,,,,,,0,0,,,,,39,1,2019_Apr_15_1359,FaceNameBlocked,3.0.0,85.02904415,0
FacesBlock1.xlsx,Bradley.mp4,Bradley.JPG,Bradley,14,0,0,0,0,,,,,0,2,2,14,,,,,,,,anthony,0,"['s', 'backspace', 'a', 'n', 't', 'h', 'o', 'n', 'y']","[2.719926018966362, 3.6600573420291767, 4.2959961669985205, 4.965945862000808, 5.3072004040004686, 5.566305769956671, 6.199251526035368, 6.5986632680287585, 6.824597112019546]",[2.7199,2.7199,2,1.590102932,,,39,1,2019_Apr_15_1359,FaceNameBlocked,3.0.0,85.02904415,0
FacesBlock4.xlsx,Brandon.mp4,Brandon.JPG,Brandon,56,0,3,3,3,0,1,1,11,,,,,,,0,1,0.826228145,,,,,,,0,0,,,,,39,1,2019_Apr_15_1359,FaceNameBlocked,3.0.0,85.02904415,0
FacesBlock4.xlsx,Brandon.mp4,Brandon.JPG,Brandon,56,0,3,3,3,,,,,0,5,5,11,,,,,,,,caleb,0,"['c', 'a', 'l', 'e', 'b']","[7.200279217096977, 7.4236144160386175, 7.623191468999721, 7.881865720031783, 8.670538843027316]",[7.2002,7.2002,2,0.649983375,,,39,1,2019_Apr_15_1359,FaceNameBlocked,3.0.0,85.02904415,0
FacesBlock4.xlsx,Brian.mp4,Brian.JPG,Brian,53,0,3,3,3,0,9,9,8,,,,,,,1,1,0.755080189,,,,,,,0,0,,,,,39,1,2019_Apr_15_1359,FaceNameBlocked,3.0.0,85.02904415,0
FacesBlock4.xlsx,Brian.mp4,Brian.JPG,Brian,53,0,3,3,3,,,,,0,8,8,8,,,,,,,,brian,1,"['b', 'r', 'i', 'a', 'n']","[1.365243477979675, 1.6139468690380454, 1.7793636239366606, 1.9650590079836547, 2.107869338011369]",[1.3652,1.3652,4,0.343243689,,,39,1,2019_Apr_15_1359,FaceNameBlocked,3.0.0,85.02904415,1
FacesBlock4.xlsx,Brianna.mp4,Brianna.JPG,Brianna,48,0,3,3,3,0,12,12,3,,,,,,,1,2,0.508343407,,,,,,,0,0,,,,,39,1,2019_Apr_15_1359,FaceNameBlocked,3.0.0,85.02904415,0
FacesBlock4.xlsx,Brianna.mp4,Brianna.JPG,Brianna,48,0,3,3,3,,,,,0,7,7,3,,,,,,,,katie,0,"['k', 'a', 't', 'i', 'e']","[1.6850704950047657, 1.9911495599662885, 2.4374867159640417, 3.1671888229902834, 3.367039234028198]",[1.6850,1.685,3,0.378023122,,,39,1,2019_Apr_15_1359,FaceNameBlocked,3.0.0,85.02904415,0
FacesBlock2.xlsx,Brittany.mp4,Brittany.JPG,Brittany,28,0,1,1,1,0,2,2,13,,,,,,,0,2,0.917533803,,,,,,,0,0,,,,,39,1,2019_Apr_15_1359,FaceNameBlocked,3.0.0,85.02904415,0
FacesBlock2.xlsx,Brittany.mp4,Brittany.JPG,Brittany,28,0,1,1,1,,,,,0,14,14,13,,,,,,,,megan,0,"['m', 'e', 'g', 'a', 'n']","[3.5308531700866297, 3.789902593009174, 4.095842670998536, 4.296061789034866, 4.496000214014202]",[3.5308,3.5308,2,0.343084831,,,39,1,2019_Apr_15_1359,FaceNameBlocked,3.0.0,85.02904415,0
FacesBlock4.xlsx,Caleb.mp4,Caleb.JPG,Caleb,59,0,3,3,3,0,6,6,14,,,,,,,0,1,1.45000551,,,,,,,0,0,,,,,39,1,2019_Apr_15_1359,FaceNameBlocked,3.0.0,85.02904415,0
FacesBlock4.xlsx,Caleb.mp4,Caleb.JPG,Caleb,59,0,3,3,3,,,,,0,6,6,14,,,,,,,,,0,None,,0,0,1,0.235511094,,,39,1,2019_Apr_15_1359,FaceNameBlocked,3.0.0,85.02904415,0
FacesBlock2.xlsx,Cody.mp4,Cody.JPG,Cody,23,0,1,1,1,0,14,14,8,,,,,,,1,1,0.870613596,,,,,,,0,0,,,,,39,1,2019_Apr_15_1359,FaceNameBlocked,3.0.0,85.02904415,0
FacesBlock2.xlsx,Cody.mp4,Cody.JPG,Cody,23,0,1,1,1,,,,,0,9,9,8,,,,,,,,,0,None,,0,0,1,0.931534755,,,39,1,2019_Apr_15_1359,FaceNameBlocked,3.0.0,85.02904415,0
FacesBlock3.xlsx,Courtney.mp4,Courtney.JPG,Courtney,42,0,2,2,2,0,12,12,12,,,,,,,0,2,1.002503745,,,,,,,0,0,,,,,39,1,2019_Apr_15_1359,FaceNameBlocked,3.0.0,85.02904415,0
FacesBlock3.xlsx,Courtney.mp4,Courtney.JPG,Courtney,42,0,2,2,2,,,,,0,14,14,12,,,,,,,,courtney,1,"['c', 'o', 'u', 'r', 't', 'e', 'n', 'backspace', 'backspace', 'n', 'e', 'y']","[1.8850307499524206, 3.1550857899710536, 3.5549316169926897, 3.7197821020381525, 4.013849538052455, 4.977740083006211, 4.99409446795471, 6.765590130002238, 6.9417274160077795, 7.659942731028423, 7.789144022041, 8.342048189020716]",[1.8850,1.885,4,1.15267407,,,39,1,2019_Apr_15_1359,FaceNameBlocked,3.0.0,85.02904415,1
FacesBlock3.xlsx,Daniel.mp4,Daniel.JPG,Daniel,30,0,2,2,2,0,0,0,0,,,,,,,1,1,0.873405038,,,,,,,0,0,,,,,39,1,2019_Apr_15_1359,FaceNameBlocked,3.0.0,85.02904415,0
FacesBlock3.xlsx,Daniel.mp4,Daniel.JPG,Daniel,30,0,2,2,2,,,,,0,10,10,0,,,,,,,,,0,None,,0,0,1,0.601737743,,,39,1,2019_Apr_15_1359,FaceNameBlocked,3.0.0,85.02904415,0
FacesBlock1.xlsx,Danielle.mp4,Danielle.JPG,Danielle,3,0,0,0,0,0,6,6,3,,,,,,,0,2,0.717463571,,,,,,,0,0,,,,,39,1,2019_Apr_15_1359,FaceNameBlocked,3.0.0,85.02904415,0
FacesBlock1.xlsx,Danielle.mp4,Danielle.JPG,Danielle,3,0,0,0,0,,,,,0,8,8,3,,,,,,,,,0,None,,0,0,1,1.236635701,,,39,1,2019_Apr_15_1359,FaceNameBlocked,3.0.0,85.02904415,0
FacesBlock2.xlsx,David.mp4,David.JPG,David,16,0,1,1,1,0,8,8,1,,,,,,,0,1,0.896781215,,,,,,,0,0,,,,,39,1,2019_Apr_15_1359,FaceNameBlocked,3.0.0,85.02904415,0
FacesBlock2.xlsx,David.mp4,David.JPG,David,16,0,1,1,1,,,,,0,8,8,1,,,,,,,,,0,None,,0,0,1,1.401449699,,,39,1,2019_Apr_15_1359,FaceNameBlocked,3.0.0,85.02904415,0
FacesBlock4.xlsx,Dylan.mp4,Dylan.JPG,Dylan,50,0,3,3,3,0,11,11,5,,,,,,,0,1,1.120122363,,,,,,,0,0,,,,,39,1,2019_Apr_15_1359,FaceNameBlocked,3.0.0,85.02904415,0
FacesBlock4.xlsx,Dylan.mp4,Dylan.JPG,Dylan,50,0,3,3,3,,,,,0,2,2,5,,,,,,,,caleb,0,"['c', 'a', 'l', 'e', 'b']","[2.2248466659802943, 2.4006619410356507, 2.5661127530038357, 2.7755964919924736, 4.048044534982182]",[2.2248,2.2248,2,0.178277991,,,39,1,2019_Apr_15_1359,FaceNameBlocked,3.0.0,85.02904415,0
FacesBlock4.xlsx,Emily.mp4,Emily.JPG,Emily,57,0,3,3,3,0,0,0,12,,,,,,,1,2,1.802921435,,,,,,,0,0,,,,,39,1,2019_Apr_15_1359,FaceNameBlocked,3.0.0,85.02904415,0
FacesBlock4.xlsx,Emily.mp4,Emily.JPG,Emily,57,0,3,3,3,,,,,0,14,14,12,,,,,,,,,0,None,,0,0,1,0.90792028,,,39,1,2019_Apr_15_1359,FaceNameBlocked,3.0.0,85.02904415,0
FacesBlock1.xlsx,Eric.mp4,Eric.JPG,Eric,0,0,0,0,0,0,5,5,0,,,,,,,1,1,0.54356961,,,,,,,0,0,,,,,39,1,2019_Apr_15_1359,FaceNameBlocked,3.0.0,85.02904415,0
FacesBlock1.xlsx,Eric.mp4,Eric.JPG,Eric,0,0,0,0,0,,,,,0,6,6,0,,,,,,,, ,0,['space'],[9.340580606949516],[9.3405,9.3405,1,0.743055493,,,39,1,2019_Apr_15_1359,FaceNameBlocked,3.0.0,85.02904415,0
FacesBlock1.xlsx,Ethan.mp4,Ethan.JPG,Ethan,11,0,0,0,0,0,1,1,11,,,,,,,0,1,0.626172016,,,,,,,0,0,,,,,39,1,2019_Apr_15_1359,FaceNameBlocked,3.0.0,85.02904415,0
FacesBlock1.xlsx,Ethan.mp4,Ethan.JPG,Ethan,11,0,0,0,0,,,,,0,12,12,11,,,,,,,,josh,0,"['j', 'o', 's', 'h']","[2.4952905820682645, 2.8833698170492426, 3.0245669030118734, 4.177378291962668]",[2.4952,2.4952,2,0.319227322,,,39,1,2019_Apr_15_1359,FaceNameBlocked,3.0.0,85.02904415,0
FacesBlock4.xlsx,Grace.mp4,Grace.JPG,Grace,58,0,3,3,3,0,5,5,13,,,,,,,1,2,0.53209661,,,,,,,0,0,,,,,39,1,2019_Apr_15_1359,FaceNameBlocked,3.0.0,85.02904415,0
FacesBlock4.xlsx,Grace.mp4,Grace.JPG,Grace,58,0,3,3,3,,,,,0,3,3,13,,,,,,,,anna,0,"['a', 'n', 'n', 'a']","[2.1640473409788683, 2.354331781039946, 2.507458392996341, 2.8711233290378004]",[2.1640,2.164,3,0.460933667,,,39,1,2019_Apr_15_1359,FaceNameBlocked,3.0.0,85.02904415,0
FacesBlock2.xlsx,Haley.mp4,Haley.JPG,Haley,20,0,1,1,1,0,6,6,5,,,,,,,0,2,1.449431078,,,,,,,0,0,,,,,39,1,2019_Apr_15_1359,FaceNameBlocked,3.0.0,85.02904415,0
FacesBlock2.xlsx,Haley.mp4,Haley.JPG,Haley,20,0,1,1,1,,,,,0,4,4,5,,,,,,,,ashley,0,"['a', 's', 'h', 'l', 'e', 'y']","[2.1540944339940324, 2.3894614970777184, 2.61220889701508, 3.2588299530325457, 3.4007363020209596, 3.753614526009187]",[2.1540,2.154,3,1.07258508,,,39,1,2019_Apr_15_1359,FaceNameBlocked,3.0.0,85.02904415,0
FacesBlock1.xlsx,Hannah.mp4,Hannah.JPG,Hannah,1,0,0,0,0,0,7,7,1,,,,,,,1,2,0.447102193,,,,,,,0,0,,,,,39,1,2019_Apr_15_1359,FaceNameBlocked,3.0.0,85.02904415,0
FacesBlock1.xlsx,Hannah.mp4,Hannah.JPG,Hannah,1,0,0,0,0,,,,,0,4,4,1,,,,,,,,,0,None,,0,0,1,3.57770647,,,39,1,2019_Apr_15_1359,FaceNameBlocked,3.0.0,85.02904415,0
FacesBlock2.xlsx,Heather.mp4,Heather.JPG,Heather,26,0,1,1,1,0,13,13,11,,,,,,,1,2,0.40321859,,,,,,,0,0,,,,,39,1,2019_Apr_15_1359,FaceNameBlocked,3.0.0,85.02904415,0
FacesBlock2.xlsx,Heather.mp4,Heather.JPG,Heather,26,0,1,1,1,,,,,0,1,1,11,,,,,,,,megan,0,"['m', 'e', 'g', 'a', 'n']","[3.4239136880496517, 3.599809866049327, 3.859271186054684, 4.047977125039324, 4.388699447968975]",[3.4239,3.4239,2,1.589475311,,,39,1,2019_Apr_15_1359,FaceNameBlocked,3.0.0,85.02904415,0
FacesBlock3.xlsx,Jacob.mp4,Jacob.JPG,Jacob,39,0,2,2,2,0,9,9,9,,,,,,,0,1,0.626797062,,,,,,,0,0,,,,,39,1,2019_Apr_15_1359,FaceNameBlocked,3.0.0,85.02904415,0
FacesBlock3.xlsx,Jacob.mp4,Jacob.JPG,Jacob,39,0,2,2,2,,,,,0,5,5,9,,,,,,,,,0,None,,0,0,1,1.554756736,,,39,1,2019_Apr_15_1359,FaceNameBlocked,3.0.0,85.02904415,0
FacesBlock4.xlsx,Jason.mp4,Jason.JPG,Jason,49,0,3,3,3,0,10,10,4,,,,,,,0,1,0.532594387,,,,,,,0,0,,,,,39,1,2019_Apr_15_1359,FaceNameBlocked,3.0.0,85.02904415,0
FacesBlock4.xlsx,Jason.mp4,Jason.JPG,Jason,49,0,3,3,3,,,,,0,10,10,4,,,,,,,,,0,None,,0,0,1,2.225309259,,,39,1,2019_Apr_15_1359,FaceNameBlocked,3.0.0,85.02904415,0
FacesBlock1.xlsx,Jenna.mp4,Jenna.JPG,Jenna,6,0,0,0,0,0,8,8,6,,,,,,,1,1,0.743819251,,,,,,,0,0,,,,,39,1,2019_Apr_15_1359,FaceNameBlocked,3.0.0,85.02904415,0
FacesBlock1.xlsx,Jenna.mp4,Jenna.JPG,Jenna,6,0,0,0,0,,,,,0,13,13,6,,,,,,,,,0,None,,0,0,1,0.684415541,,,39,1,2019_Apr_15_1359,FaceNameBlocked,3.0.0,85.02904415,0
FacesBlock2.xlsx,Jeremy.mp4,Jeremy.JPG,Jeremy,15,0,1,1,1,0,9,9,0,,,,,,,1,1,0.978847789,,,,,,,0,0,,,,,39,1,2019_Apr_15_1359,FaceNameBlocked,3.0.0,85.02904415,0
FacesBlock2.xlsx,Jeremy.mp4,Jeremy.JPG,Jeremy,15,0,1,1,1,,,,,0,3,3,0,,,,,,,,justin,0,"['j', 'u', 's', 't', 'i', 'n']","[1.190161666017957, 1.5900587600190192, 1.6483823379967362, 2.0957124929409474, 2.578500470961444, 3.201368688023649]",[1.1901,1.1901,3,0.343277386,,,39,1,2019_Apr_15_1359,FaceNameBlocked,3.0.0,85.02904415,0
FacesBlock1.xlsx,Jessica.mp4,Jessica.JPG,Jessica,8,0,0,0,0,0,11,11,8,,,,,,,0,2,0.414287142,,,,,,,0,0,,,,,39,1,2019_Apr_15_1359,FaceNameBlocked,3.0.0,85.02904415,0
FacesBlock1.xlsx,Jessica.mp4,Jessica.JPG,Jessica,8,0,0,0,0,,,,,0,11,11,8,,,,,,,,,0,None,,0,0,1,1.106798539,,,39,1,2019_Apr_15_1359,FaceNameBlocked,3.0.0,85.02904415,0
FacesBlock2.xlsx,Josh.mp4,Josh.JPG,Josh,19,0,1,1,1,0,11,11,4,,,,,,,0,1,1.34392122,,,,,,,0,0,,,,,39,1,2019_Apr_15_1359,FaceNameBlocked,3.0.0,85.02904415,0
FacesBlock2.xlsx,Josh.mp4,Josh.JPG,Josh,19,0,1,1,1,,,,,0,12,12,4,,,,,,,,justin,0,"['j', 'u', 's', 't', 'i', 'n']","[2.931732069933787, 3.648203735006973, 3.7433060789480805, 3.943118719966151, 4.5073850359767675, 4.789426269941032]",[2.9317,2.9317,3,0.401878215,,,39,1,2019_Apr_15_1359,FaceNameBlocked,3.0.0,85.02904415,0
FacesBlock1.xlsx,Julia.mp4,Julia.JPG,Julia,13,0,0,0,0,0,14,14,13,,,,,,,1,2,0.36757722,,,,,,,0,0,,,,,39,1,2019_Apr_15_1359,FaceNameBlocked,3.0.0,85.02904415,0
FacesBlock1.xlsx,Julia.mp4,Julia.JPG,Julia,13,0,0,0,0,,,,,0,3,3,13,,,,,,,,jessica,0,"['j', 'e', 's', 's', 'i', 'c', 'a']","[2.95359476597514, 3.4127571639837697, 4.611825293977745, 5.176264096982777, 5.95314876397606, 6.327633074950427, 6.811874727951363]",[2.9535,2.9535,2,2.848727257,,,39,1,2019_Apr_15_1359,FaceNameBlocked,3.0.0,85.02904415,0
FacesBlock2.xlsx,Justin.mp4,Justin.JPG,Justin,27,0,1,1,1,0,5,5,12,,,,,,,0,1,2.023655058,,,,,,,0,0,,,,,39,1,2019_Apr_15_1359,FaceNameBlocked,3.0.0,85.02904415,0
FacesBlock2.xlsx,Justin.mp4,Justin.JPG,Justin,27,0,1,1,1,,,,,0,7,7,12,,,,,,,,cody,0,"['c', 'o', 'd', 'y']","[3.3187350049847737, 3.518874261993915, 3.7190536389825866, 3.9898855399806052]",[3.3187,3.3187,3,0.343348666,,,39,1,2019_Apr_15_1359,FaceNameBlocked,3.0.0,85.02904415,0
FacesBlock4.xlsx,Katie.mp4,Katie.JPG,Katie,54,0,3,3,3,0,13,13,9,,,,,,,0,2,1.767121694,,,,,,,0,0,,,,,39,1,2019_Apr_15_1359,FaceNameBlocked,3.0.0,85.02904415,0
FacesBlock4.xlsx,Katie.mp4,Katie.JPG,Katie,54,0,3,3,3,,,,,0,12,12,9,,,,,,,,brianna,0,"['b', 'r', 'i', 'a', 'n', 'n', 'a']","[3.4833287519868463, 4.200873669004068, 4.753096499014646, 4.918350917985663, 5.236070849001408, 5.436166950967163, 5.693174249958247]",[3.4833,3.4833,2,2.307533712,,,39,1,2019_Apr_15_1359,FaceNameBlocked,3.0.0,85.02904415,0
FacesBlock3.xlsx,Kayla.mp4,Kayla.JPG,Kayla,34,0,2,2,2,0,14,14,4,,,,,,,1,2,0.520429874,,,,,,,0,0,,,,,39,1,2019_Apr_15_1359,FaceNameBlocked,3.0.0,85.02904415,0
FacesBlock3.xlsx,Kayla.mp4,Kayla.JPG,Kayla,34,0,2,2,2,,,,,0,3,3,4,,,,,,,,rebecca,0,"['r', 'e', 'b', 'e', 'c', 'c', 'a']","[4.001048551988788, 4.14148115797434, 4.777160482015461, 4.8715177370468155, 5.165667228051461, 5.40055876004044, 5.564435865962878]",[4.0010,4.001,4,0.36684332,,,39,1,2019_Apr_15_1359,FaceNameBlocked,3.0.0,85.02904415,0
FacesBlock1.xlsx,Kelsey.mp4,Kelsey.JPG,Kelsey,12,0,0,0,0,0,9,9,12,,,,,,,1,2,0.532405853,,,,,,,0,0,,,,,39,1,2019_Apr_15_1359,FaceNameBlocked,3.0.0,85.02904415,0
FacesBlock1.xlsx,Kelsey.mp4,Kelsey.JPG,Kelsey,12,0,0,0,0,,,,,0,14,14,12,,,,,,,,,0,None,,0,0,1,0.496754325,,,39,1,2019_Apr_15_1359,FaceNameBlocked,3.0.0,85.02904415,0
FacesBlock3.xlsx,Kevin.mp4,Kevin.JPG,Kevin,41,0,2,2,2,0,4,4,11,,,,,,,0,1,1.332506102,,,,,,,0,0,,,,,39,1,2019_Apr_15_1359,FaceNameBlocked,3.0.0,85.02904415,0
FacesBlock3.xlsx,Kevin.mp4,Kevin.JPG,Kevin,41,0,2,2,2,,,,,0,13,13,11,,,,,,,,,0,None,,0,0,1,0.307674745,,,39,1,2019_Apr_15_1359,FaceNameBlocked,3.0.0,85.02904415,0
FacesBlock1.xlsx,Kyle.mp4,Kyle.JPG,Kyle,4,0,0,0,0,0,2,2,4,,,,,,,0,1,0.367697473,,,,,,,0,0,,,,,39,1,2019_Apr_15_1359,FaceNameBlocked,3.0.0,85.02904415,0
FacesBlock1.xlsx,Kyle.mp4,Kyle.JPG,Kyle,4,0,0,0,0,,,,,0,1,1,4,,,,,,,,nick,0,"['n', 'i', 'c', 'k']","[4.62497229501605, 5.859877564013004, 6.329987896955572, 6.623734078020789]",[4.6249,4.6249,1,1.977881817,,,39,1,2019_Apr_15_1359,FaceNameBlocked,3.0.0,85.02904415,0
FacesBlock3.xlsx,Lauren.mp4,Lauren.JPG,Lauren,38,0,2,2,2,0,8,8,8,,,,,,,0,2,1.755075315,,,,,,,0,0,,,,,39,1,2019_Apr_15_1359,FaceNameBlocked,3.0.0,85.02904415,0
FacesBlock3.xlsx,Lauren.mp4,Lauren.JPG,Lauren,38,0,2,2,2,,,,,0,1,1,8,,,,,,,,rebecca,0,"['r', 'e', 'b', 'e', 'c', 'c', 'a']","[3.1305280269589275, 3.2715395459672436, 3.5285795910749584, 3.624734526965767, 3.8712096080416813, 4.083737479988486, 4.224838781054132]",[3.1305,3.1305,3,0.308199403,,,39,1,2019_Apr_15_1359,FaceNameBlocked,3.0.0,85.02904415,0
FacesBlock3.xlsx,Mark.mp4,Mark.JPG,Mark,40,0,2,2,2,0,7,7,10,,,,,,,0,1,1.73209929,,,,,,,0,0,,,,,39,1,2019_Apr_15_1359,FaceNameBlocked,3.0.0,85.02904415,0
FacesBlock3.xlsx,Mark.mp4,Mark.JPG,Mark,40,0,2,2,2,,,,,0,6,6,10,,,,,,,,kevin,0,"['k', 'e', 'v', 'i', 'n']","[0.7430724130244926, 0.942978459992446, 1.4932013819925487, 1.6934333959361538, 1.9659863819833845]",[0.7430,0.743,4,0.27308274,,,39,1,2019_Apr_15_1359,FaceNameBlocked,3.0.0,85.02904415,0
FacesBlock1.xlsx,Matthew.mp4,Matthew.JPG,Matthew,9,0,0,0,0,0,12,12,9,,,,,,,0,1,0.379376869,,,,,,,0,0,,,,,39,1,2019_Apr_15_1359,FaceNameBlocked,3.0.0,85.02904415,0
FacesBlock1.xlsx,Matthew.mp4,Matthew.JPG,Matthew,9,0,0,0,0,,,,,0,7,7,9,,,,,,,, ,0,['space'],[7.070056529948488],[7.0700,7.07,1,0.54115034,,,39,1,2019_Apr_15_1359,FaceNameBlocked,3.0.0,85.02904415,0
FacesBlock2.xlsx,Megan.mp4,Megan.JPG,Megan,25,0,1,1,1,0,3,3,10,,,,,,,1,2,0.89726145,,,,,,,0,0,,,,,39,1,2019_Apr_15_1359,FaceNameBlocked,3.0.0,85.02904415,0
FacesBlock2.xlsx,Megan.mp4,Megan.JPG,Megan,25,0,1,1,1,,,,,0,6,6,10,,,,,,,,,0,None,,0,0,1,0.341582229,,,39,1,2019_Apr_15_1359,FaceNameBlocked,3.0.0,85.02904415,0
FacesBlock4.xlsx,Michael.mp4,Michael.JPG,Michael,46,0,3,3,3,0,14,14,1,,,,,,,1,1,1.19985929,,,,,,,0,0,,,,,39,1,2019_Apr_15_1359,FaceNameBlocked,3.0.0,85.02904415,0
FacesBlock4.xlsx,Michael.mp4,Michael.JPG,Michael,46,0,3,3,3,,,,,0,1,1,1,,,,,,,,micae,1,"['m', 'i', 'c', 'a', 'h', 'backspace', 'backspace', 'a', 'e', 'h', 'l', 'backspace', 'backspace']","[3.683021800010465, 3.91907527402509, 4.048811668995768, 4.248454542015679, 4.436449659988284, 5.035989272058941, 6.540898442035541, 7.55132978502661, 8.17615212907549, 8.880271538975649, 9.399457863066345, 9.728327543009073, 9.834875573054887]",[3.6830,3.683,1,1.943006523,,,39,1,2019_Apr_15_1359,FaceNameBlocked,3.0.0,85.02904415,1
FacesBlock4.xlsx,Michelle.mp4,Michelle.JPG,Michelle,52,0,3,3,3,0,4,4,7,,,,,,,1,2,1.27358162,,,,,,,0,0,,,,,39,1,2019_Apr_15_1359,FaceNameBlocked,3.0.0,85.02904415,0
FacesBlock4.xlsx,Michelle.mp4,Michelle.JPG,Michelle,52,0,3,3,3,,,,,0,4,4,7,,,,,,,,michelle,1,"['m', 'i', 'c', 'h', 'e', 'l', 'l', 'e']","[1.273242464987561, 2.002073445939459, 2.2136966419639066, 2.3551236890489236, 2.601814678986557, 2.7549686109414324, 2.9315463720122352, 3.10777219501324]",[1.2732,1.2732,4,0.367134582,,,39,1,2019_Apr_15_1359,FaceNameBlocked,3.0.0,85.02904415,1
FacesBlock1.xlsx,Natalie.mp4,Natalie.JPG,Natalie,7,0,0,0,0,0,0,0,7,,,,,,,1,2,1.297185401,,,,,,,0,0,,,,,39,1,2019_Apr_15_1359,FaceNameBlocked,3.0.0,85.02904415,0
FacesBlock1.xlsx,Natalie.mp4,Natalie.JPG,Natalie,7,0,0,0,0,,,,,0,5,5,7,,,,,,,, ,0,['space'],[5.071810188004747],[5.0718,5.0718,1,1.342988849,,,39,1,2019_Apr_15_1359,FaceNameBlocked,3.0.0,85.02904415,0
FacesBlock3.xlsx,Nathan.mp4,Nathan.JPG,Nathan,37,0,2,2,2,0,1,1,7,,,,,,,1,1,1.882549044,,,,,,,0,0,,,,,39,1,2019_Apr_15_1359,FaceNameBlocked,3.0.0,85.02904415,0
FacesBlock3.xlsx,Nathan.mp4,Nathan.JPG,Nathan,37,0,2,2,2,,,,,0,7,7,7,,,,,,,,nathan,1,"['n', 'a', 't', 'h', 'a', 'n']","[1.564961470081471, 1.7200473240809515, 2.449370970018208, 2.66082199907396, 2.8253095829859376, 3.0133729520021006]",[1.5649,1.5649,4,0.88417752,,,39,1,2019_Apr_15_1359,FaceNameBlocked,3.0.0,85.02904415,1
FacesBlock3.xlsx,Nicole.mp4,Nicole.JPG,Nicole,43,0,2,2,2,0,11,11,13,,,,,,,1,2,0.402637208,,,,,,,0,0,,,,,39,1,2019_Apr_15_1359,FaceNameBlocked,3.0.0,85.02904415,0
FacesBlock3.xlsx,Nicole.mp4,Nicole.JPG,Nicole,43,0,2,2,2,,,,,0,8,8,13,,,,,,,,,0,None,,0,0,1,0.567019803,,,39,1,2019_Apr_15_1359,FaceNameBlocked,3.0.0,85.02904415,0
FacesBlock3.xlsx,Noah.mp4,Noah.JPG,Noah,31,0,2,2,2,0,2,2,1,,,,,,,0,1,1.802619629,,,,,,,0,0,,,,,39,1,2019_Apr_15_1359,FaceNameBlocked,3.0.0,85.02904415,0
FacesBlock3.xlsx,Noah.mp4,Noah.JPG,Noah,31,0,2,2,2,,,,,0,11,11,1,,,,,,,,,0,None,,0,0,1,0.390542246,,,39,1,2019_Apr_15_1359,FaceNameBlocked,3.0.0,85.02904415,0
FacesBlock3.xlsx,Olivia.mp4,Olivia.JPG,Olivia,35,0,2,2,2,0,5,5,5,,,,,,,0,2,0.767587584,,,,,,,0,0,,,,,39,1,2019_Apr_15_1359,FaceNameBlocked,3.0.0,85.02904415,0
FacesBlock3.xlsx,Olivia.mp4,Olivia.JPG,Olivia,35,0,2,2,2,,,,,0,4,4,5,,,,,,,,,0,None,,0,0,1,0.366813628,,,39,1,2019_Apr_15_1359,FaceNameBlocked,3.0.0,85.02904415,0
FacesBlock2.xlsx,Rachel.mp4,Rachel.JPG,Rachel,29,0,1,1,1,0,1,1,14,,,,,,,0,2,0.837854521,,,,,,,0,0,,,,,39,1,2019_Apr_15_1359,FaceNameBlocked,3.0.0,85.02904415,0
FacesBlock2.xlsx,Rachel.mp4,Rachel.JPG,Rachel,29,0,1,1,1,,,,,0,2,2,14,,,,,,,,,0,None,,0,0,1,1.330650818,,,39,1,2019_Apr_15_1359,FaceNameBlocked,3.0.0,85.02904415,0
FacesBlock3.xlsx,Rebecca.mp4,Rebecca.JPG,Rebecca,32,0,2,2,2,0,6,6,2,,,,,,,1,2,0.991491142,,,,,,,0,0,,,,,39,1,2019_Apr_15_1359,FaceNameBlocked,3.0.0,85.02904415,0
FacesBlock3.xlsx,Rebecca.mp4,Rebecca.JPG,Rebecca,32,0,2,2,2,,,,,0,2,2,2,,,,,,,,,0,None,,0,0,1,0.955172948,,,39,1,2019_Apr_15_1359,FaceNameBlocked,3.0.0,85.02904415,0
FacesBlock3.xlsx,Sarah.mp4,Sarah.JPG,Sarah,33,0,2,2,2,0,3,3,3,,,,,,,1,2,1.344227368,,,,,,,0,0,,,,,39,1,2019_Apr_15_1359,FaceNameBlocked,3.0.0,85.02904415,0
FacesBlock3.xlsx,Sarah.mp4,Sarah.JPG,Sarah,33,0,2,2,2,,,,,0,12,12,3,,,,,,,,sarah,1,"['s', 'a', 'r', 'a', 'h']","[2.0609532160451636, 2.307624322012998, 2.6257187980227172, 2.766985808033496, 3.260945737012662]",[2.0609,2.0609,4,0.402173898,,,39,1,2019_Apr_15_1359,FaceNameBlocked,3.0.0,85.02904415,1
FacesBlock3.xlsx,Shelby.mp4,Shelby.JPG,Shelby,36,0,2,2,2,0,10,10,6,,,,,,,1,2,0.767874914,,,,,,,0,0,,,,,39,1,2019_Apr_15_1359,FaceNameBlocked,3.0.0,85.02904415,0
FacesBlock3.xlsx,Shelby.mp4,Shelby.JPG,Shelby,36,0,2,2,2,,,,,0,9,9,6,,,,,,,,,0,None,,0,0,1,0.835951392,,,39,1,2019_Apr_15_1359,FaceNameBlocked,3.0.0,85.02904415,0
FacesBlock2.xlsx,Steven.mp4,Steven.JPG,Steven,17,0,1,1,1,0,4,4,2,,,,,,,1,1,1.578932939,,,,,,,0,0,,,,,39,1,2019_Apr_15_1359,FaceNameBlocked,3.0.0,85.02904415,0
FacesBlock2.xlsx,Steven.mp4,Steven.JPG,Steven,17,0,1,1,1,,,,,0,11,11,2,,,,,,,,cody,0,"['c', 'o', 'd', 'y']","[2.671691137016751, 2.8722552380058914, 3.0251799339894205, 3.4249749439768493]",[2.6716,2.6716,4,0.49574966,,,39,1,2019_Apr_15_1359,FaceNameBlocked,3.0.0,85.02904415,0
FacesBlock4.xlsx,Taylor.mp4,Taylor.JPG,Taylor,45,0,3,3,3,0,3,3,0,,,,,,,0,2,1.590891201,,,,,,,0,0,,,,,39,1,2019_Apr_15_1359,FaceNameBlocked,3.0.0,85.02904415,0
FacesBlock4.xlsx,Taylor.mp4,Taylor.JPG,Taylor,45,0,3,3,3,,,,,0,9,9,0,,,,,,,,taylor,1,"['t', 'a', 'y', 'l', 'o', 'r']","[0.8498696689493954, 0.9766610659426078, 1.602672912995331, 1.9531038929708302, 2.15331902296748, 2.307998100994155]",[0.8498,0.8498,4,0.450004986,,,39,1,2019_Apr_15_1359,FaceNameBlocked,3.0.0,85.02904415,1
FacesBlock3.xlsx,Thomas.mp4,Thomas.JPG,Thomas,44,0,2,2,2,0,13,13,14,,,,,,,1,1,0.708723475,,,,,,,0,0,,,,,39,1,2019_Apr_15_1359,FaceNameBlocked,3.0.0,85.02904415,0
FacesBlock3.xlsx,Thomas.mp4,Thomas.JPG,Thomas,44,0,2,2,2,,,,,0,0,0,14,,,,,,space,16.97371295,kevin,0,"['k', 'e', 'v', 'o', 'backspace', 'i', 'n']","[5.08403786609415, 5.272447025985457, 5.942596481996588, 6.188949274015613, 6.51815591705963, 6.7660117379855365, 7.000352211063728]",[5.0840,5.084,2,1.520034082,,,39,1,2019_Apr_15_1359,FaceNameBlocked,3.0.0,85.02904415,0
FacesBlock1.xlsx,Timothy.mp4,Timothy.JPG,Timothy,10,0,0,0,0,0,3,3,10,,,,,,,0,1,0.438758399,,,,,,,0,0,,,,,39,1,2019_Apr_15_1359,FaceNameBlocked,3.0.0,85.02904415,0
FacesBlock1.xlsx,Timothy.mp4,Timothy.JPG,Timothy,10,0,0,0,0,,,,,0,0,0,10,,,,,,space,30.76972506,kyle 2,0,"['k', 'y', 'l', 'e', 'space', '2']","[3.977344980929047, 4.8359157589729875, 5.506658572005108, 5.823823951999657, 7.693524018977769, 9.29354592890013]",[3.9773,3.9773,2,2.777928183,,,39,1,2019_Apr_15_1359,FaceNameBlocked,3.0.0,85.02904415,0
FacesBlock2.xlsx,Trevor.mp4,Trevor.JPG,Trevor,21,0,1,1,1,0,10,10,6,,,,,,,1,1,0.567590793,,,,,,,0,0,,,,,39,1,2019_Apr_15_1359,FaceNameBlocked,3.0.0,85.02904415,0
FacesBlock2.xlsx,Trevor.mp4,Trevor.JPG,Trevor,21,0,1,1,1,,,,,0,10,10,6,,,,,,,,trevor,1,"['t', 'r', 'e', 'v', 'o', 'r']","[1.1414367960533127, 1.4711091390345246, 1.5885357749648392, 2.25875736202579, 2.458608151995577, 2.6823415519902483]",[1.1414,1.1414,4,0.414043341,,,39,1,2019_Apr_15_1359,FaceNameBlocked,3.0.0,85.02904415,1
FacesBlock2.xlsx,Tyler.mp4,Tyler.JPG,Tyler,22,0,1,1,1,0,12,12,7,,,,,,,0,1,0.908388251,,,,,,,0,0,,,,,39,1,2019_Apr_15_1359,FaceNameBlocked,3.0.0,85.02904415,0
FacesBlock2.xlsx,Tyler.mp4,Tyler.JPG,Tyler,22,0,1,1,1,,,,,0,0,0,7,,,,,,space,8.600216731,steven,0,"['a', 'd', 'a', 'backspace', 'backspace', 'backspace', 's', 't', 'e', 'v', 'e', 'n']","[6.057795192929916, 6.436586183961481, 6.647847985033877, 7.564031666028313, 7.752739427029155, 7.88233739300631, 8.200117944041267, 8.423943598987535, 8.58597482193727, 9.035049305995926, 9.235295532969758, 9.62303500296548]",[6.0577,6.0577,2,1.39040774,,,39,1,2019_Apr_15_1359,FaceNameBlocked,3.0.0,85.02904415,0
,,,,,,,,,,,,,,,,,space,200.2438069,,,,,,,,,,,,,,,,39,1,2019_Apr_15_1359,FaceNameBlocked,3.0.0,85.02904415,
,,,,,,,,,,,,,,,,,,,,,,,,,,,,,,,,space,2.70796124,39,1,2019_Apr_15_1359,FaceNameBlocked,3.0.0,85.02904415,