condsFile,Video,Photo,Name,Row,blocks.thisRepN,blocks.thisTrialN,blocks.thisN,blocks.thisIndex,presentations.thisRepN,presentations.thisTrialN,presentations.thisN,presentations.thisIndex,testing.thisRepN,testing.thisTrialN,testing.thisN,testing.thisIndex,advance_1.keys,advance_1.rt,currentCond,judgementResp.keys,judgementResp.rt,advance_2.keys,advance_2.rt,inputText,Accuracy,key_resp_3.keys,key_resp_3.rt,trim1,key_resp3_fin,rating_resp.keys,rating_resp.rt,end_key.keys,end_key.rt,participant,session,date,expName,psychopyVersion,frameRate,Response Coerect/Incorrect
FacesBlock2.xlsx,Aaron.mp4,Aaron.JPG,Aaron,18,0,1,1,1,0,5,5,3,,,,,,,1,1,1.020093705,,,,,,,0,0,,,,,5,1,2019_Feb_15_1507,FaceNameBlocked,3.0.0,60.03391303,0
FacesBlock2.xlsx,Aaron.mp4,Aaron.JPG,Aaron,18,0,1,1,1,,,,,0,10,10,3,,,,,,,,ethan,0,"['e', 't', 'h', 'a', 'n']","[8.049864219035953, 8.349190298002213, 9.016179227037355, 9.199031344964169, 9.382170827011578]",[8.0498,8.0498,1,0.769247866,,,5,1,2019_Feb_15_1507,FaceNameBlocked,3.0.0,60.03391303,0
FacesBlock1.xlsx,Adam.mp4,Adam.JPG,Adam,5,0,0,0,0,0,11,11,5,,,,,,,1,1,0.385979344,,,,,,,0,0,,,,,5,1,2019_Feb_15_1507,FaceNameBlocked,3.0.0,60.03391303,0
FacesBlock1.xlsx,Adam.mp4,Adam.JPG,Adam,5,0,0,0,0,,,,,0,1,1,5,,,,,,,,eric ,0,"['e', 'r', 'i', 'c', 'return', 'space']","[3.152226057020016, 3.3180339679820463, 3.618176407995634, 3.8344499010127038, 4.6668303770711645, 5.400341669097543]",[3.1522,3.1522,1,0.751878815,,,5,1,2019_Feb_15_1507,FaceNameBlocked,3.0.0,60.03391303,0
FacesBlock4.xlsx,Alyssa.mp4,Alyssa.JPG,Alyssa,55,0,3,3,3,0,13,13,10,,,,,,,0,2,1.452658655,,,,,,,0,0,,,,,5,1,2019_Feb_15_1507,FaceNameBlocked,3.0.0,60.03391303,0
FacesBlock4.xlsx,Alyssa.mp4,Alyssa.JPG,Alyssa,55,0,3,3,3,,,,,0,11,11,10,,,,,,,,,0,None,,0,0,1,0.352619929,,,5,1,2019_Feb_15_1507,FaceNameBlocked,3.0.0,60.03391303,0
FacesBlock1.xlsx,Amanda.mp4,Amanda.JPG,Amanda,2,0,0,0,0,0,9,9,2,,,,,,,1,2,0.369907086,,,,,,,0,0,,,,,5,1,2019_Feb_15_1507,FaceNameBlocked,3.0.0,60.03391303,0
FacesBlock1.xlsx,Amanda.mp4,Amanda.JPG,Amanda,2,0,0,0,0,,,,,0,8,8,2,,,,,,,,,0,None,,0,0,1,2.099040554,,,5,1,2019_Feb_15_1507,FaceNameBlocked,3.0.0,60.03391303,0
FacesBlock4.xlsx,Andrew.mp4,Andrew.JPG,Andrew,51,0,3,3,3,0,7,7,6,,,,,,,1,1,0.120240678,,,,,,,0,0,,,,,5,1,2019_Feb_15_1507,FaceNameBlocked,3.0.0,60.03391303,0
FacesBlock4.xlsx,Andrew.mp4,Andrew.JPG,Andrew,51,0,3,3,3,,,,,0,8,8,6,,,,,,,,,0,None,,0,0,1,0.269680836,,,5,1,2019_Feb_15_1507,FaceNameBlocked,3.0.0,60.03391303,0
FacesBlock4.xlsx,Anna.mp4,Anna.JPG,Anna,47,0,3,3,3,0,9,9,2,,,,,,,1,2,0.553026443,,,,,,,0,0,,,,,5,1,2019_Feb_15_1507,FaceNameBlocked,3.0.0,60.03391303,0
FacesBlock4.xlsx,Anna.mp4,Anna.JPG,Anna,47,0,3,3,3,,,,,0,10,10,2,,,,,,,,,0,None,,0,0,1,0.684949497,,,5,1,2019_Feb_15_1507,FaceNameBlocked,3.0.0,60.03391303,0
FacesBlock2.xlsx,Ashley.mp4,Ashley.JPG,Ashley,24,0,1,1,1,0,10,10,9,,,,,,,0,2,0.753170209,,,,,,,0,0,,,,,5,1,2019_Feb_15_1507,FaceNameBlocked,3.0.0,60.03391303,0
FacesBlock2.xlsx,Ashley.mp4,Ashley.JPG,Ashley,24,0,1,1,1,,,,,0,7,7,9,,,,,,,,ashley,1,"['a', 's', 'h', 'l', 'e', 'y']","[2.0194088589632884, 2.136273851036094, 2.36930499994196, 2.7191541269421577, 2.8356619339901954, 3.1354524409398437]",[2.0194,2.0194,4,0.202866588,,,5,1,2019_Feb_15_1507,FaceNameBlocked,3.0.0,60.03391303,1
FacesBlock1.xlsx,Bradley.mp4,Bradley.JPG,Bradley,14,0,0,0,0,0,7,7,14,,,,,,,1,1,0.453125905,,,,,,,0,0,,,,,5,1,2019_Feb_15_1507,FaceNameBlocked,3.0.0,60.03391303,0
FacesBlock1.xlsx,Bradley.mp4,Bradley.JPG,Bradley,14,0,0,0,0,,,,,0,12,12,14,,,,,,,,jake,0,"['j', 'a', 'k', 'e']","[1.968533653067425, 2.5522289380896837, 2.750179355032742, 3.035499574034475]",[1.9685,1.9685,1,0.285923452,,,5,1,2019_Feb_15_1507,FaceNameBlocked,3.0.0,60.03391303,0
FacesBlock4.xlsx,Brandon.mp4,Brandon.JPG,Brandon,56,0,3,3,3,0,2,2,11,,,,,,,0,1,0.136403157,,,,,,,0,0,,,,,5,1,2019_Feb_15_1507,FaceNameBlocked,3.0.0,60.03391303,0
FacesBlock4.xlsx,Brandon.mp4,Brandon.JPG,Brandon,56,0,3,3,3,,,,,0,2,2,11,,,,,,,,,0,None,,0,0,1,0.267073055,,,5,1,2019_Feb_15_1507,FaceNameBlocked,3.0.0,60.03391303,0
FacesBlock4.xlsx,Brian.mp4,Brian.JPG,Brian,53,0,3,3,3,0,14,14,8,,,,,,,0,1,0.636521816,,,,,,,0,0,,,,,5,1,2019_Feb_15_1507,FaceNameBlocked,3.0.0,60.03391303,0
FacesBlock4.xlsx,Brian.mp4,Brian.JPG,Brian,53,0,3,3,3,,,,,0,14,14,8,,,,,,,,jake,0,"['j', 'a', 'k', 'e']","[7.1666503790766, 7.333271972020157, 7.4656040240079165, 7.616508277016692]",[7.1666,7.1666,1,5.468262099,,,5,1,2019_Feb_15_1507,FaceNameBlocked,3.0.0,60.03391303,0
FacesBlock4.xlsx,Brianna.mp4,Brianna.JPG,Brianna,48,0,3,3,3,0,5,5,3,,,,,,,1,2,2.868479649,,,,,,,0,0,,,,,5,1,2019_Feb_15_1507,FaceNameBlocked,3.0.0,60.03391303,0
FacesBlock4.xlsx,Brianna.mp4,Brianna.JPG,Brianna,48,0,3,3,3,,,,,0,12,12,3,,,,,,,,lauren,0,"['l', 'a', 'u', 'r', 'e', 'n']","[5.700627911952324, 5.850103355012834, 6.183472902979702, 6.316840635961853, 6.5327401149552315, 6.6501144849462435]",[5.7006,5.7006,1,0.368671669,,,5,1,2019_Feb_15_1507,FaceNameBlocked,3.0.0,60.03391303,0
FacesBlock2.xlsx,Brittany.mp4,Brittany.JPG,Brittany,28,0,1,1,1,0,6,6,13,,,,,,,0,2,0.602737555,,,,,,,0,0,,,,,5,1,2019_Feb_15_1507,FaceNameBlocked,3.0.0,60.03391303,0
FacesBlock2.xlsx,Brittany.mp4,Brittany.JPG,Brittany,28,0,1,1,1,,,,,0,5,5,13,,,,,,,,megan,0,"['m', 'e', 'g', 'a', 'n']","[5.734226622036658, 5.817217095056549, 6.117280520033091, 6.266992200049572, 6.433827540022321]",[5.7342,5.7342,1,0.368349731,,,5,1,2019_Feb_15_1507,FaceNameBlocked,3.0.0,60.03391303,0
FacesBlock4.xlsx,Caleb.mp4,Caleb.JPG,Caleb,59,0,3,3,3,0,0,0,14,,,,,,,1,1,3.352050039,,,,,,,0,0,,,,,5,1,2019_Feb_15_1507,FaceNameBlocked,3.0.0,60.03391303,0
FacesBlock4.xlsx,Caleb.mp4,Caleb.JPG,Caleb,59,0,3,3,3,,,,,0,1,1,14,,,,,,,,eric,0,"['e', 'r', 'i', 'c']","[5.118199721095152, 5.201439224067144, 5.468285653041676, 5.584429424023256]",[5.1181,5.1181,1,0.702868361,,,5,1,2019_Feb_15_1507,FaceNameBlocked,3.0.0,60.03391303,0
FacesBlock2.xlsx,Cody.mp4,Cody.JPG,Cody,23,0,1,1,1,0,3,3,8,,,,,,,1,1,0.736374895,,,,,,,0,0,,,,,5,1,2019_Feb_15_1507,FaceNameBlocked,3.0.0,60.03391303,0
FacesBlock2.xlsx,Cody.mp4,Cody.JPG,Cody,23,0,1,1,1,,,,,0,13,13,8,,,,,,,,eric,0,"['e', 'r', 'i', 'c']","[1.535953558050096, 1.6521984410937876, 1.8851475910050794, 2.068713592016138]",[1.5359,1.5359,2,1.83525892,,,5,1,2019_Feb_15_1507,FaceNameBlocked,3.0.0,60.03391303,0
FacesBlock3.xlsx,Courtney.mp4,Courtney.JPG,Courtney,42,0,2,2,2,0,11,11,12,,,,,,,1,2,1.620278824,,,,,,,0,0,,,,,5,1,2019_Feb_15_1507,FaceNameBlocked,3.0.0,60.03391303,0
FacesBlock3.xlsx,Courtney.mp4,Courtney.JPG,Courtney,42,0,2,2,2,,,,,0,11,11,12,,,,,,,,courtney,1,"['c', 'o', 'u', 'r', 't', 'n', 'e', 'y']","[6.000810725032352, 6.099043444963172, 6.268868310959078, 6.366703344974667, 6.617151487967931, 7.050336082000285, 7.26627919904422, 7.4161185580305755]",[6.0008,6.0008,4,0.184963666,,,5,1,2019_Feb_15_1507,FaceNameBlocked,3.0.0,60.03391303,1
FacesBlock3.xlsx,Daniel.mp4,Daniel.JPG,Daniel,30,0,2,2,2,0,8,8,0,,,,,,,1,1,1.336024561,,,,,,,0,0,,,,,5,1,2019_Feb_15_1507,FaceNameBlocked,3.0.0,60.03391303,0
FacesBlock3.xlsx,Daniel.mp4,Daniel.JPG,Daniel,30,0,2,2,2,,,,,0,4,4,0,,,,,,,,daniel,1,"['d', 'a', 'n', 'i', 'e', 'l']","[2.6186237320071086, 2.7680289989802986, 2.98560473008547, 3.1499832270201296, 3.285054499981925, 3.4015568169998005]",[2.6186,2.6186,4,0.319438263,,,5,1,2019_Feb_15_1507,FaceNameBlocked,3.0.0,60.03391303,1
FacesBlock1.xlsx,Danielle.mp4,Danielle.JPG,Danielle,3,0,0,0,0,0,0,0,3,,,,,,,0,1,0.669393996,,,,,,,0,0,,,,,5,1,2019_Feb_15_1507,FaceNameBlocked,3.0.0,60.03391303,0
FacesBlock1.xlsx,Danielle.mp4,Danielle.JPG,Danielle,3,0,0,0,0,,,,,0,13,13,3,,,,,,,,arpr,0,"['a', 'r', 'i', 'l', 'backspace', 'backspace', 'p', 'r', 'i', 'l', 'backspace', 'backspace']","[6.433388763922267, 6.999306826968677, 7.2502231349935755, 7.49933711392805, 7.982062837923877, 8.147698512999341, 8.649297073949128, 8.782525332993828, 8.982660342007875, 9.199562449939549, 9.798525225953199, 9.981807244941592]",[6.4333,6.4333,1,0.918923908,,,5,1,2019_Feb_15_1507,FaceNameBlocked,3.0.0,60.03391303,0
FacesBlock2.xlsx,David.mp4,David.JPG,David,16,0,1,1,1,0,12,12,1,,,,,,,0,1,0.753258977,,,,,,,0,0,,,,,5,1,2019_Feb_15_1507,FaceNameBlocked,3.0.0,60.03391303,0
FacesBlock2.xlsx,David.mp4,David.JPG,David,16,0,1,1,1,,,,,0,0,0,1,,,,,,space,7.965744505,,0,None,,0,0,1,0.552299407,,,5,1,2019_Feb_15_1507,FaceNameBlocked,3.0.0,60.03391303,0
FacesBlock4.xlsx,Dylan.mp4,Dylan.JPG,Dylan,50,0,3,3,3,0,6,6,5,,,,,,,1,1,0.602304071,,,,,,,0,0,,,,,5,1,2019_Feb_15_1507,FaceNameBlocked,3.0.0,60.03391303,0
FacesBlock4.xlsx,Dylan.mp4,Dylan.JPG,Dylan,50,0,3,3,3,,,,,0,9,9,5,,,,,,,,,0,None,,0,0,1,0.652561142,,,5,1,2019_Feb_15_1507,FaceNameBlocked,3.0.0,60.03391303,0
FacesBlock4.xlsx,Emily.mp4,Emily.JPG,Emily,57,0,3,3,3,0,11,11,12,,,,,,,1,2,0.202732178,,,,,,,0,0,,,,,5,1,2019_Feb_15_1507,FaceNameBlocked,3.0.0,60.03391303,0
FacesBlock4.xlsx,Emily.mp4,Emily.JPG,Emily,57,0,3,3,3,,,,,0,4,4,12,,,,,,,,michelle,0,"['m', 'i', 'c', 'h', 'e', 'l', 'l', 'e']","[2.5353726169560105, 2.8664970049867406, 3.1349536509951577, 3.4178248499520123, 3.7015017890371382, 4.067481984035112, 4.266183494939469, 4.534646145999432]",[2.5353,2.5353,4,0.402033055,,,5,1,2019_Feb_15_1507,FaceNameBlocked,3.0.0,60.03391303,0
FacesBlock1.xlsx,Eric.mp4,Eric.JPG,Eric,0,0,0,0,0,0,1,1,0,,,,,,,1,1,0.519639827,,,,,,,0,0,,,,,5,1,2019_Feb_15_1507,FaceNameBlocked,3.0.0,60.03391303,0
FacesBlock1.xlsx,Eric.mp4,Eric.JPG,Eric,0,0,0,0,0,,,,,0,14,14,0,,,,,,,,adam,0,"['a', 'd', 'a', 'm']","[2.8516565279569477, 3.0012668080162257, 3.152022792957723, 3.334161165053956]",[2.8516,2.8516,1,1.71813525,,,5,1,2019_Feb_15_1507,FaceNameBlocked,3.0.0,60.03391303,0
FacesBlock1.xlsx,Ethan.mp4,Ethan.JPG,Ethan,11,0,0,0,0,0,14,14,11,,,,,,,1,1,0.386583655,,,,,,,0,0,,,,,5,1,2019_Feb_15_1507,FaceNameBlocked,3.0.0,60.03391303,0
FacesBlock1.xlsx,Ethan.mp4,Ethan.JPG,Ethan,11,0,0,0,0,,,,,0,2,2,11,,,,,,,,,0,None,,0,0,1,1.651756183,,,5,1,2019_Feb_15_1507,FaceNameBlocked,3.0.0,60.03391303,0
FacesBlock4.xlsx,Grace.mp4,Grace.JPG,Grace,58,0,3,3,3,0,8,8,13,,,,,,,0,2,1.886043621,,,,,,,0,0,,,,,5,1,2019_Feb_15_1507,FaceNameBlocked,3.0.0,60.03391303,0
FacesBlock4.xlsx,Grace.mp4,Grace.JPG,Grace,58,0,3,3,3,,,,,0,6,6,13,,,,,,,,grace,1,"['f', 'equal', 'backspace', 'g', 'r', 'a', 'c', 'e']","[1.8676626520464197, 2.4017354119569063, 3.0841991039924324, 3.2845992810325697, 3.600459987996146, 3.6671226320322603, 4.183871348039247, 4.651027719024569]",[1.8676,1.8676,4,0.285409035,,,5,1,2019_Feb_15_1507,FaceNameBlocked,3.0.0,60.03391303,1
FacesBlock2.xlsx,Haley.mp4,Haley.JPG,Haley,20,0,1,1,1,0,14,14,5,,,,,,,1,2,0.286625715,,,,,,,0,0,,,,,5,1,2019_Feb_15_1507,FaceNameBlocked,3.0.0,60.03391303,0
FacesBlock2.xlsx,Haley.mp4,Haley.JPG,Haley,20,0,1,1,1,,,,,0,8,8,5,,,,,,,,,0,None,,0,0,1,0.535542701,,,5,1,2019_Feb_15_1507,FaceNameBlocked,3.0.0,60.03391303,0
FacesBlock1.xlsx,Hannah.mp4,Hannah.JPG,Hannah,1,0,0,0,0,0,3,3,1,,,,,,,0,2,0.253288299,,,,,,,0,0,,,,,5,1,2019_Feb_15_1507,FaceNameBlocked,3.0.0,60.03391303,0
FacesBlock1.xlsx,Hannah.mp4,Hannah.JPG,Hannah,1,0,0,0,0,,,,,0,4,4,1,,,,,,,,sam,0,"['s', 'a', 'm']","[3.666556421085261, 4.268215356045403, 4.717992192017846]",[3.6665,3.6665,1,0.35212665,,,5,1,2019_Feb_15_1507,FaceNameBlocked,3.0.0,60.03391303,0
FacesBlock2.xlsx,Heather.mp4,Heather.JPG,Heather,26,0,1,1,1,0,0,0,11,,,,,,,1,2,1.802087357,,,,,,,0,0,,,,,5,1,2019_Feb_15_1507,FaceNameBlocked,3.0.0,60.03391303,0
FacesBlock2.xlsx,Heather.mp4,Heather.JPG,Heather,26,0,1,1,1,,,,,0,1,1,11,,,,,,,,megan,0,"['m', 'e', 'g', 'n', 'backspace', 'a', 'n']","[3.5677662160014734, 3.751078605069779, 4.017657078104094, 4.35073943703901, 4.816970869083889, 5.115201153093949, 5.2508990140631795]",[3.5677,3.5677,1,1.202105917,,,5,1,2019_Feb_15_1507,FaceNameBlocked,3.0.0,60.03391303,0
FacesBlock3.xlsx,Jacob.mp4,Jacob.JPG,Jacob,39,0,2,2,2,0,3,3,9,,,,,,,1,1,4.185496913,,,,,,,0,0,,,,,5,1,2019_Feb_15_1507,FaceNameBlocked,3.0.0,60.03391303,0
FacesBlock3.xlsx,Jacob.mp4,Jacob.JPG,Jacob,39,0,2,2,2,,,,,0,0,0,9,,,,,,space,7.183769774,,0,None,,0,0,1,1.068853151,,,5,1,2019_Feb_15_1507,FaceNameBlocked,3.0.0,60.03391303,0
FacesBlock4.xlsx,Jason.mp4,Jason.JPG,Jason,49,0,3,3,3,0,1,1,4,,,,,,,0,1,0.200685334,,,,,,,0,0,,,,,5,1,2019_Feb_15_1507,FaceNameBlocked,3.0.0,60.03391303,0
FacesBlock4.xlsx,Jason.mp4,Jason.JPG,Jason,49,0,3,3,3,,,,,0,3,3,4,,,,,,,,,0,None,,0,0,1,2.135159855,,,5,1,2019_Feb_15_1507,FaceNameBlocked,3.0.0,60.03391303,0
FacesBlock1.xlsx,Jenna.mp4,Jenna.JPG,Jenna,6,0,0,0,0,0,8,8,6,,,,,,,0,2,0.65315588,,,,,,,0,0,,,,,5,1,2019_Feb_15_1507,FaceNameBlocked,3.0.0,60.03391303,0
FacesBlock1.xlsx,Jenna.mp4,Jenna.JPG,Jenna,6,0,0,0,0,,,,,0,3,3,6,,,,,,,,ashley,0,"['s', 'a', 'backspace', 'backspace', 'a', 's', 'h', 'l', 'e', 'y']","[5.651270071044564, 5.750778026995249, 6.583432959043421, 6.866588748060167, 7.149770827032626, 7.233306801994331, 7.433492726064287, 7.967053778003901, 8.1500498020323, 8.383137403987348]",[5.6512,5.6512,1,1.151951426,,,5,1,2019_Feb_15_1507,FaceNameBlocked,3.0.0,60.03391303,0
FacesBlock2.xlsx,Jeremy.mp4,Jeremy.JPG,Jeremy,15,0,1,1,1,0,2,2,0,,,,,,,1,1,1.336155728,,,,,,,0,0,,,,,5,1,2019_Feb_15_1507,FaceNameBlocked,3.0.0,60.03391303,0
FacesBlock2.xlsx,Jeremy.mp4,Jeremy.JPG,Jeremy,15,0,1,1,1,,,,,0,3,3,0,,,,,,,,trevor,0,"['t', 'r', 'e', 'v', 'r', 'o', 'backspace', 'backspace', 'o', 'r']","[3.4009073629276827, 3.6675609369995072, 3.7176241179695353, 3.9841329999035224, 4.350667848950252, 4.384039141936228, 4.750426204991527, 4.883416865952313, 5.217278378899209, 5.383973927935585]",[3.4009,3.4009,4,0.418243339,,,5,1,2019_Feb_15_1507,FaceNameBlocked,3.0.0,60.03391303,0
FacesBlock1.xlsx,Jessica.mp4,Jessica.JPG,Jessica,8,0,0,0,0,0,5,5,8,,,,,,,1,2,0.454105243,,,,,,,0,0,,,,,5,1,2019_Feb_15_1507,FaceNameBlocked,3.0.0,60.03391303,0
FacesBlock1.xlsx,Jessica.mp4,Jessica.JPG,Jessica,8,0,0,0,0,,,,,0,5,5,8,,,,,,,,,0,None,,0,0,1,0.486156411,,,5,1,2019_Feb_15_1507,FaceNameBlocked,3.0.0,60.03391303,0
FacesBlock2.xlsx,Josh.mp4,Josh.JPG,Josh,19,0,1,1,1,0,4,4,4,,,,,,,1,1,0.566912477,,,,,,,0,0,,,,,5,1,2019_Feb_15_1507,FaceNameBlocked,3.0.0,60.03391303,0
FacesBlock2.xlsx,Josh.mp4,Josh.JPG,Josh,19,0,1,1,1,,,,,0,6,6,4,,,,,,,,ian,0,"['i', 'a', 'n']","[2.501170499017462, 2.6845205620629713, 2.90076615603175]",[2.5011,2.5011,4,0.401982224,,,5,1,2019_Feb_15_1507,FaceNameBlocked,3.0.0,60.03391303,0
FacesBlock1.xlsx,Julia.mp4,Julia.JPG,Julia,13,0,0,0,0,0,10,10,13,,,,,,,0,2,0.520052327,,,,,,,0,0,,,,,5,1,2019_Feb_15_1507,FaceNameBlocked,3.0.0,60.03391303,0
FacesBlock1.xlsx,Julia.mp4,Julia.JPG,Julia,13,0,0,0,0,,,,,0,0,0,13,,,,,,space,30.75875948,,0,"['j', 'backspace', 'lshift']","[6.650260728085414, 7.682288879994303, 8.697155683068559]",[6.6502,6.6502,1,3.001949691,,,5,1,2019_Feb_15_1507,FaceNameBlocked,3.0.0,60.03391303,0
FacesBlock2.xlsx,Justin.mp4,Justin.JPG,Justin,27,0,1,1,1,0,11,11,12,,,,,,,1,1,0.620141974,,,,,,,0,0,,,,,5,1,2019_Feb_15_1507,FaceNameBlocked,3.0.0,60.03391303,0
FacesBlock2.xlsx,Justin.mp4,Justin.JPG,Justin,27,0,1,1,1,,,,,0,4,4,12,,,,,,,,paul,0,"['p', 'u', 'backspace', 'a', 'u', 'l']","[2.002297844970599, 2.285379820037633, 2.8177299649687484, 2.984841212979518, 3.151520585990511, 3.684568400029093]",[2.0022,2.0022,1,1.35214517,,,5,1,2019_Feb_15_1507,FaceNameBlocked,3.0.0,60.03391303,0
FacesBlock4.xlsx,Katie.mp4,Katie.JPG,Katie,54,0,3,3,3,0,10,10,9,,,,,,,0,2,0.886972096,,,,,,,0,0,,,,,5,1,2019_Feb_15_1507,FaceNameBlocked,3.0.0,60.03391303,0
FacesBlock4.xlsx,Katie.mp4,Katie.JPG,Katie,54,0,3,3,3,,,,,0,5,5,9,,,,,,,,,0,None,,0,0,1,0.702096461,,,5,1,2019_Feb_15_1507,FaceNameBlocked,3.0.0,60.03391303,0
FacesBlock3.xlsx,Kayla.mp4,Kayla.JPG,Kayla,34,0,2,2,2,0,14,14,4,,,,,,,0,2,0.566942628,,,,,,,0,0,,,,,5,1,2019_Feb_15_1507,FaceNameBlocked,3.0.0,60.03391303,0
FacesBlock3.xlsx,Kayla.mp4,Kayla.JPG,Kayla,34,0,2,2,2,,,,,0,8,8,4,,,,,,,,rebecca,0,"['r', 'e', 'b', 'c', 'backspace', 'e', 'c', 'c', 'a']","[1.5521088349632919, 1.5728487689048052, 1.8017869360046461, 2.335087768966332, 2.7677753838943318, 2.8843756639398634, 3.0518234939081594, 3.334994790959172, 3.5849020479945466]",[1.5521,1.5521,4,0.318818161,,,5,1,2019_Feb_15_1507,FaceNameBlocked,3.0.0,60.03391303,0
FacesBlock1.xlsx,Kelsey.mp4,Kelsey.JPG,Kelsey,12,0,0,0,0,0,6,6,12,,,,,,,0,2,0.786363492,,,,,,,0,0,,,,,5,1,2019_Feb_15_1507,FaceNameBlocked,3.0.0,60.03391303,0
FacesBlock1.xlsx,Kelsey.mp4,Kelsey.JPG,Kelsey,12,0,0,0,0,,,,,0,10,10,12,,,,,,,,sam,0,"['s', 'a', 'm']","[3.4683918800437823, 4.001304624951445, 4.584460222045891]",[3.4683,3.4683,1,0.285505827,,,5,1,2019_Feb_15_1507,FaceNameBlocked,3.0.0,60.03391303,0
FacesBlock3.xlsx,Kevin.mp4,Kevin.JPG,Kevin,41,0,2,2,2,0,1,1,11,,,,,,,1,1,4.38460082,,,,,,,0,0,,,,,5,1,2019_Feb_15_1507,FaceNameBlocked,3.0.0,60.03391303,0
FacesBlock3.xlsx,Kevin.mp4,Kevin.JPG,Kevin,41,0,2,2,2,,,,,0,12,12,11,,,,,,,,ryan,0,"['r', 'y', 'a', 'n']","[6.715481580002233, 6.834348741103895, 7.017622477025725, 7.183275997056626]",[6.7154,6.7154,1,0.352475522,,,5,1,2019_Feb_15_1507,FaceNameBlocked,3.0.0,60.03391303,0
FacesBlock1.xlsx,Kyle.mp4,Kyle.JPG,Kyle,4,0,0,0,0,0,12,12,4,,,,,,,0,1,0.453871884,,,,,,,0,0,,,,,5,1,2019_Feb_15_1507,FaceNameBlocked,3.0.0,60.03391303,0
FacesBlock1.xlsx,Kyle.mp4,Kyle.JPG,Kyle,4,0,0,0,0,,,,,0,9,9,4,,,,,,,,,0,None,,0,0,1,0.651799253,,,5,1,2019_Feb_15_1507,FaceNameBlocked,3.0.0,60.03391303,0
FacesBlock3.xlsx,Lauren.mp4,Lauren.JPG,Lauren,38,0,2,2,2,0,12,12,8,,,,,,,0,2,1.66953932,,,,,,,0,0,,,,,5,1,2019_Feb_15_1507,FaceNameBlocked,3.0.0,60.03391303,0
FacesBlock3.xlsx,Lauren.mp4,Lauren.JPG,Lauren,38,0,2,2,2,,,,,0,14,14,8,,,,,,,,,0,None,,0,0,1,0.285541411,,,5,1,2019_Feb_15_1507,FaceNameBlocked,3.0.0,60.03391303,0
FacesBlock3.xlsx,Mark.mp4,Mark.JPG,Mark,40,0,2,2,2,0,13,13,10,,,,,,,1,1,1.452985971,,,,,,,0,0,,,,,5,1,2019_Feb_15_1507,FaceNameBlocked,3.0.0,60.03391303,0
FacesBlock3.xlsx,Mark.mp4,Mark.JPG,Mark,40,0,2,2,2,,,,,0,10,10,10,,,,,,,,jake,0,"['j', 'a', 'k', 'e']","[4.451488998020068, 4.5844654539832845, 4.767878744052723, 4.93459094397258]",[4.4514,4.4514,1,0.252461662,,,5,1,2019_Feb_15_1507,FaceNameBlocked,3.0.0,60.03391303,0
FacesBlock1.xlsx,Matthew.mp4,Matthew.JPG,Matthew,9,0,0,0,0,0,4,4,9,,,,,,,1,1,0.703045898,,,,,,,0,0,,,,,5,1,2019_Feb_15_1507,FaceNameBlocked,3.0.0,60.03391303,0
FacesBlock1.xlsx,Matthew.mp4,Matthew.JPG,Matthew,9,0,0,0,0,,,,,0,7,7,9,,,,,,,,,0,None,,0,0,1,0.619044341,,,5,1,2019_Feb_15_1507,FaceNameBlocked,3.0.0,60.03391303,0
FacesBlock2.xlsx,Megan.mp4,Megan.JPG,Megan,25,0,1,1,1,0,1,1,10,,,,,,,0,2,2.319689994,,,,,,,0,0,,,,,5,1,2019_Feb_15_1507,FaceNameBlocked,3.0.0,60.03391303,0
FacesBlock2.xlsx,Megan.mp4,Megan.JPG,Megan,25,0,1,1,1,,,,,0,14,14,10,,,,,,,,megan,1,"['m', 'e', 'g', 'n', 'backspace', 'a', 'n']","[3.9009772000135854, 4.133845920092426, 4.368477796087973, 4.617554692085832, 5.000058119068854, 5.1003980750683695, 5.250332931056619]",[3.9009,3.9009,1,0.21938634,,,5,1,2019_Feb_15_1507,FaceNameBlocked,3.0.0,60.03391303,1
FacesBlock4.xlsx,Michael.mp4,Michael.JPG,Michael,46,0,3,3,3,0,12,12,1,,,,,,,0,1,1.851971053,,,,,,,0,0,,,,,5,1,2019_Feb_15_1507,FaceNameBlocked,3.0.0,60.03391303,0
FacesBlock4.xlsx,Michael.mp4,Michael.JPG,Michael,46,0,3,3,3,,,,,0,0,0,1,,,,,,space,3.717730155,michael,1,"['m', 'i', 'c', 'h', 'a', 'e', 'k', 'backspace', 'l']","[1.6687550600618124, 1.8024869590299204, 1.9190733170835301, 2.0681923190131783, 2.1688694990007207, 2.335677896044217, 2.5014066960429773, 3.0845463420264423, 3.5183979420689866]",[1.6687,1.6687,4,0.352491538,,,5,1,2019_Feb_15_1507,FaceNameBlocked,3.0.0,60.03391303,1
FacesBlock4.xlsx,Michelle.mp4,Michelle.JPG,Michelle,52,0,3,3,3,0,3,3,7,,,,,,,1,1,3.185606611,,,,,,,0,0,,,,,5,1,2019_Feb_15_1507,FaceNameBlocked,3.0.0,60.03391303,0
FacesBlock4.xlsx,Michelle.mp4,Michelle.JPG,Michelle,52,0,3,3,3,,,,,0,13,13,7,,,,,,,,,0,None,,0,0,1,0.385666382,,,5,1,2019_Feb_15_1507,FaceNameBlocked,3.0.0,60.03391303,0
FacesBlock1.xlsx,Natalie.mp4,Natalie.JPG,Natalie,7,0,0,0,0,0,13,13,7,,,,,,,1,2,0.369878083,,,,,,,0,0,,,,,5,1,2019_Feb_15_1507,FaceNameBlocked,3.0.0,60.03391303,0
FacesBlock1.xlsx,Natalie.mp4,Natalie.JPG,Natalie,7,0,0,0,0,,,,,0,11,11,7,,,,,,,,,0,None,,0,0,1,0.518908087,,,5,1,2019_Feb_15_1507,FaceNameBlocked,3.0.0,60.03391303,0
FacesBlock3.xlsx,Nathan.mp4,Nathan.JPG,Nathan,37,0,2,2,2,0,9,9,7,,,,,,,0,1,1.769227894,,,,,,,0,0,,,,,5,1,2019_Feb_15_1507,FaceNameBlocked,3.0.0,60.03391303,0
FacesBlock3.xlsx,Nathan.mp4,Nathan.JPG,Nathan,37,0,2,2,2,,,,,0,3,3,7,,,,,,,,paul,0,"['p', 'a', 'u', 'l']","[6.933688527089544, 7.1675953400554135, 7.233957353048027, 7.500719503033906]",[6.9336,6.9336,1,0.599884669,,,5,1,2019_Feb_15_1507,FaceNameBlocked,3.0.0,60.03391303,0
FacesBlock3.xlsx,Nicole.mp4,Nicole.JPG,Nicole,43,0,2,2,2,0,0,0,13,,,,,,,0,2,4.919036927,,,,,,,0,0,,,,,5,1,2019_Feb_15_1507,FaceNameBlocked,3.0.0,60.03391303,0
FacesBlock3.xlsx,Nicole.mp4,Nicole.JPG,Nicole,43,0,2,2,2,,,,,0,1,1,13,,,,,,,,,0,None,,0,0,1,1.168513348,,,5,1,2019_Feb_15_1507,FaceNameBlocked,3.0.0,60.03391303,0
FacesBlock3.xlsx,Noah.mp4,Noah.JPG,Noah,31,0,2,2,2,0,2,2,1,,,,,,,0,1,2.219401854,,,,,,,0,0,,,,,5,1,2019_Feb_15_1507,FaceNameBlocked,3.0.0,60.03391303,0
FacesBlock3.xlsx,Noah.mp4,Noah.JPG,Noah,31,0,2,2,2,,,,,0,5,5,1,,,,,,,,,0,None,,0,0,1,0.716639382,,,5,1,2019_Feb_15_1507,FaceNameBlocked,3.0.0,60.03391303,0
FacesBlock3.xlsx,Olivia.mp4,Olivia.JPG,Olivia,35,0,2,2,2,0,10,10,5,,,,,,,1,2,0.785764164,,,,,,,0,0,,,,,5,1,2019_Feb_15_1507,FaceNameBlocked,3.0.0,60.03391303,0
FacesBlock3.xlsx,Olivia.mp4,Olivia.JPG,Olivia,35,0,2,2,2,,,,,0,2,2,5,,,,,,,,olivia,1,"['o', 'l', 'i', 'v', 'i', 'a']","[2.1010574479587376, 2.284837433951907, 2.451751846005209, 2.668202376924455, 2.850887927925214, 3.000917708966881]",[2.1010,2.101,4,0.318572775,,,5,1,2019_Feb_15_1507,FaceNameBlocked,3.0.0,60.03391303,1
FacesBlock2.xlsx,Rachel.mp4,Rachel.JPG,Rachel,29,0,1,1,1,0,9,9,14,,,,,,,0,2,1.568667288,,,,,,,0,0,,,,,5,1,2019_Feb_15_1507,FaceNameBlocked,3.0.0,60.03391303,0
FacesBlock2.xlsx,Rachel.mp4,Rachel.JPG,Rachel,29,0,1,1,1,,,,,0,2,2,14,,,,,,,,jessica,0,"['e', 's', 'backspace', 'backspace', 'j', 'e', 's', 's', 'i', 'c', 'a']","[3.751013835077174, 3.884464103030041, 4.466163565055467, 4.650169968022965, 4.900647203088738, 5.017041776096448, 5.067137617035769, 5.3172347591025755, 5.483754938002676, 5.667230112012476, 5.733787968056276]",[3.7510,3.751,1,0.319189986,,,5,1,2019_Feb_15_1507,FaceNameBlocked,3.0.0,60.03391303,0
FacesBlock3.xlsx,Rebecca.mp4,Rebecca.JPG,Rebecca,32,0,2,2,2,0,7,7,2,,,,,,,0,2,0.552997707,,,,,,,0,0,,,,,5,1,2019_Feb_15_1507,FaceNameBlocked,3.0.0,60.03391303,0
FacesBlock3.xlsx,Rebecca.mp4,Rebecca.JPG,Rebecca,32,0,2,2,2,,,,,0,13,13,2,,,,,,,,,0,None,,0,0,1,0.252463199,,,5,1,2019_Feb_15_1507,FaceNameBlocked,3.0.0,60.03391303,0
FacesBlock3.xlsx,Sarah.mp4,Sarah.JPG,Sarah,33,0,2,2,2,0,6,6,3,,,,,,,0,2,1.769523505,,,,,,,0,0,,,,,5,1,2019_Feb_15_1507,FaceNameBlocked,3.0.0,60.03391303,0
FacesBlock3.xlsx,Sarah.mp4,Sarah.JPG,Sarah,33,0,2,2,2,,,,,0,9,9,3,,,,,,,,sarah,1,"['s', 'a', 'r', 'a', 'h']","[6.650626429007389, 6.750325099914335, 6.933559443918057, 6.999763113912195, 7.182870217016898]",[6.6506,6.6506,1,0.218697346,,,5,1,2019_Feb_15_1507,FaceNameBlocked,3.0.0,60.03391303,1
FacesBlock3.xlsx,Shelby.mp4,Shelby.JPG,Shelby,36,0,2,2,2,0,4,4,6,,,,,,,1,2,2.052584618,,,,,,,0,0,,,,,5,1,2019_Feb_15_1507,FaceNameBlocked,3.0.0,60.03391303,0
FacesBlock3.xlsx,Shelby.mp4,Shelby.JPG,Shelby,36,0,2,2,2,,,,,0,6,6,6,,,,,,,,shelby,1,"['s', 'l', 'e', 'backspace', 'backspace', 'h', 'e', 'l', 'b', 'y']","[3.4687399689573795, 3.7354607559973374, 3.835570322931744, 4.2011337409494445, 4.334271005936898, 4.601801370969042, 4.7847691889619455, 5.001315742963925, 5.267185039934702, 5.5178712089546025]",[3.4687,3.4687,4,0.319356496,,,5,1,2019_Feb_15_1507,FaceNameBlocked,3.0.0,60.03391303,1
FacesBlock2.xlsx,Steven.mp4,Steven.JPG,Steven,17,0,1,1,1,0,13,13,2,,,,,,,0,1,0.870180394,,,,,,,0,0,,,,,5,1,2019_Feb_15_1507,FaceNameBlocked,3.0.0,60.03391303,0
FacesBlock2.xlsx,Steven.mp4,Steven.JPG,Steven,17,0,1,1,1,,,,,0,11,11,2,,,,,,,,cody,0,"['p', 'backspace', 'c', 'o', 'd', 'y']","[2.9018018420320004, 3.3839923390187323, 3.5515544050140306, 3.6845877959858626, 3.8344597660470754, 4.268030900042504]",[2.9018,2.9018,1,0.352230797,,,5,1,2019_Feb_15_1507,FaceNameBlocked,3.0.0,60.03391303,0
FacesBlock4.xlsx,Taylor.mp4,Taylor.JPG,Taylor,45,0,3,3,3,0,4,4,0,,,,,,,0,2,0.319573449,,,,,,,0,0,,,,,5,1,2019_Feb_15_1507,FaceNameBlocked,3.0.0,60.03391303,0
FacesBlock4.xlsx,Taylor.mp4,Taylor.JPG,Taylor,45,0,3,3,3,,,,,0,7,7,0,,,,,,,,,0,None,,0,0,1,0.20296797,,,5,1,2019_Feb_15_1507,FaceNameBlocked,3.0.0,60.03391303,0
FacesBlock3.xlsx,Thomas.mp4,Thomas.JPG,Thomas,44,0,2,2,2,0,5,5,14,,,,,,,1,1,0.720222066,,,,,,,0,0,,,,,5,1,2019_Feb_15_1507,FaceNameBlocked,3.0.0,60.03391303,0
FacesBlock3.xlsx,Thomas.mp4,Thomas.JPG,Thomas,44,0,2,2,2,,,,,0,7,7,14,,,,,,,,thomas,1,"['t', 'h', 'o', 'm', 'a', 's']","[2.01899232796859, 2.268908987985924, 2.4354457119479775, 2.6520521889906377, 2.801918420009315, 2.883948022965342]",[2.0189,2.0189,4,0.301908808,,,5,1,2019_Feb_15_1507,FaceNameBlocked,3.0.0,60.03391303,1
FacesBlock1.xlsx,Timothy.mp4,Timothy.JPG,Timothy,10,0,0,0,0,0,2,2,10,,,,,,,0,1,0.36990102,,,,,,,0,0,,,,,5,1,2019_Feb_15_1507,FaceNameBlocked,3.0.0,60.03391303,0
FacesBlock1.xlsx,Timothy.mp4,Timothy.JPG,Timothy,10,0,0,0,0,,,,,0,6,6,10,,,,,,,,al,0,"['a', 'l']","[9.66550039302092, 9.898959805024788]",[9.6655,9.6655,1,1.251901475,,,5,1,2019_Feb_15_1507,FaceNameBlocked,3.0.0,60.03391303,0
FacesBlock2.xlsx,Trevor.mp4,Trevor.JPG,Trevor,21,0,1,1,1,0,8,8,6,,,,,,,0,1,0.836368427,,,,,,,0,0,,,,,5,1,2019_Feb_15_1507,FaceNameBlocked,3.0.0,60.03391303,0
FacesBlock2.xlsx,Trevor.mp4,Trevor.JPG,Trevor,21,0,1,1,1,,,,,0,12,12,6,,,,,,,,trevor,1,"['t', 'r', 'e', 'v', 'o', 'r']","[3.3680974351009354, 3.7013601710787043, 3.721917689079419, 4.018259064061567, 4.234414229053073, 4.417639099992812]",[3.3680,3.368,3,0.285406334,,,5,1,2019_Feb_15_1507,FaceNameBlocked,3.0.0,60.03391303,1
FacesBlock2.xlsx,Tyler.mp4,Tyler.JPG,Tyler,22,0,1,1,1,0,7,7,7,,,,,,,0,1,0.47044586,,,,,,,0,0,,,,,5,1,2019_Feb_15_1507,FaceNameBlocked,3.0.0,60.03391303,0
FacesBlock2.xlsx,Tyler.mp4,Tyler.JPG,Tyler,22,0,1,1,1,,,,,0,9,9,7,,,,,,,,ted ,0,"['t', 'e', 'd', 'space', 'b', 'u', 'n', 'd', 'y', 'backspace', 'backspace', 'backspace', 'backspace', 'backspace']","[5.701264246017672, 6.000256492989138, 6.267576219048351, 6.433371394057758, 6.734103442984633, 7.050787801970728, 7.300352100050077, 7.483781410031952, 7.649901853990741, 8.115648071048781, 9.415918502025306, 9.598792982986197, 9.748387178056873, 9.932519235066138]",[5.7012,5.7012,1,1.550370268,,,5,1,2019_Feb_15_1507,FaceNameBlocked,3.0.0,60.03391303,0
,,,,,,,,,,,,,,,,,space,16.1976923,,,,,,,,,,,,,,,,5,1,2019_Feb_15_1507,FaceNameBlocked,3.0.0,60.03391303,
,,,,,,,,,,,,,,,,,,,,,,,,,,,,,,,,space,505535.3069,5,1,2019_Feb_15_1507,FaceNameBlocked,3.0.0,60.03391303,