condsFile,Video,Photo,Name,Row,blocks.thisRepN,blocks.thisTrialN,blocks.thisN,blocks.thisIndex,presentations.thisRepN,presentations.thisTrialN,presentations.thisN,presentations.thisIndex,testing.thisRepN,testing.thisTrialN,testing.thisN,testing.thisIndex,advance_1.keys,advance_1.rt,currentCond,judgementResp.keys,judgementResp.rt,advance_2.keys,advance_2.rt,inputText,Accuracy,key_resp_3.keys,key_resp_3.rt,trim1,key_resp3_fin,rating_resp.keys,rating_resp.rt,end_key.keys,end_key.rt,participant,session,date,expName,psychopyVersion,frameRate,Correct/Inccorect Response 
FacesBlock2.xlsx,Aaron.mp4,Aaron.JPG,Aaron,18,0,1,1,1,0,7,7,3,,,,,,,0,1,0.552102718,,,,,,,0,0,,,,,9,1,2019_Mar_01_1105,FaceNameBlocked,3.0.0,60.00669662,0
FacesBlock2.xlsx,Aaron.mp4,Aaron.JPG,Aaron,18,0,1,1,1,,,,,0,2,2,3,,,,,,,,todd,0,"['t', 'o', 'd', 'd']","[3.9177621609997004, 4.117025832994841, 4.300965367001481, 4.467428130010376]",[3.9177,3.9177,1,0.568701143,,,9,1,2019_Mar_01_1105,FaceNameBlocked,3.0.0,60.00669662,0
FacesBlock1.xlsx,Adam.mp4,Adam.JPG,Adam,5,0,0,0,0,0,11,11,5,,,,,,,1,1,0.302811315,,,,,,,0,0,,,,,9,1,2019_Mar_01_1105,FaceNameBlocked,3.0.0,60.00669662,0
FacesBlock1.xlsx,Adam.mp4,Adam.JPG,Adam,5,0,0,0,0,,,,,0,12,12,5,,,,,,,,todd,0,"['t', 'o', 'd', 'd']","[4.016085618000943, 4.25153563200729, 4.434568358003162, 4.615578078984981]",[4.0160,4.016,1,0.50162101,,,9,1,2019_Mar_01_1105,FaceNameBlocked,3.0.0,60.00669662,0
FacesBlock4.xlsx,Alyssa.mp4,Alyssa.JPG,Alyssa,55,0,3,3,3,0,14,14,10,,,,,,,1,2,0.203395802,,,,,,,0,0,,,,,9,1,2019_Mar_01_1105,FaceNameBlocked,3.0.0,60.00669662,0
FacesBlock4.xlsx,Alyssa.mp4,Alyssa.JPG,Alyssa,55,0,3,3,3,,,,,0,10,10,10,,,,,,,,alyssa,1,"['a', 'l', 'y', 's', 's', 'a']","[5.450360835005995, 5.683239476988092, 5.983596546982881, 6.149810421979055, 6.283582050004043, 6.432991640002001]",[5.4503,5.4503,4,0.285658108,,,9,1,2019_Mar_01_1105,FaceNameBlocked,3.0.0,60.00669662,1
FacesBlock1.xlsx,Amanda.mp4,Amanda.JPG,Amanda,2,0,0,0,0,0,0,0,2,,,,,,,0,2,4.484474516,,,,,,,0,0,,,,,9,1,2019_Mar_01_1105,FaceNameBlocked,3.0.0,60.00669662,0
FacesBlock1.xlsx,Amanda.mp4,Amanda.JPG,Amanda,2,0,0,0,0,,,,,0,6,6,2,,,,,,,,danielle,0,"['d', 'a', 'n', 'i', 'e', 'l', 'l', 'e']","[2.433381662995089, 2.6667076390003785, 2.7664585109741893, 2.966195009998046, 3.0837019799801055, 3.2489290869852994, 3.399854630988557, 3.4832452689879574]",[2.4333,2.4333,1,0.385447735,,,9,1,2019_Mar_01_1105,FaceNameBlocked,3.0.0,60.00669662,0
FacesBlock4.xlsx,Andrew.mp4,Andrew.JPG,Andrew,51,0,3,3,3,0,12,12,6,,,,,,,1,1,0.21905631,,,,,,,0,0,,,,,9,1,2019_Mar_01_1105,FaceNameBlocked,3.0.0,60.00669662,0
FacesBlock4.xlsx,Andrew.mp4,Andrew.JPG,Andrew,51,0,3,3,3,,,,,0,14,14,6,,,,,,,,todd,0,"['t', 'o', 'd', 'd']","[3.967013521003537, 4.134374460991239, 4.334299420996103, 4.51698938300251]",[3.9670,3.967,1,0.452010011,,,9,1,2019_Mar_01_1105,FaceNameBlocked,3.0.0,60.00669662,0
FacesBlock4.xlsx,Anna.mp4,Anna.JPG,Anna,47,0,3,3,3,0,10,10,2,,,,,,,1,2,0.769510751,,,,,,,0,0,,,,,9,1,2019_Mar_01_1105,FaceNameBlocked,3.0.0,60.00669662,0
FacesBlock4.xlsx,Anna.mp4,Anna.JPG,Anna,47,0,3,3,3,,,,,0,4,4,2,,,,,,,,crystal,0,"['c', 'r', 'y', 's', 't', 'a', 'l']","[5.600906635983847, 5.933725682989461, 6.167135880998103, 6.400968545000069, 6.517336663004244, 6.733181800984312, 6.834623692993773]",[5.6009,5.6009,1,0.335483603,,,9,1,2019_Mar_01_1105,FaceNameBlocked,3.0.0,60.00669662,0
FacesBlock2.xlsx,Ashley.mp4,Ashley.JPG,Ashley,24,0,1,1,1,0,5,5,9,,,,,,,0,2,0.786196372,,,,,,,0,0,,,,,9,1,2019_Mar_01_1105,FaceNameBlocked,3.0.0,60.00669662,0
FacesBlock2.xlsx,Ashley.mp4,Ashley.JPG,Ashley,24,0,1,1,1,,,,,0,4,4,9,,,,,,,,grace,0,"['g', 'r', 'a', 'c', 'e']","[3.1845403850020375, 3.2344581430079415, 3.484420794993639, 3.6013964299927466, 3.733459473005496]",[3.1845,3.1845,1,0.302447479,,,9,1,2019_Mar_01_1105,FaceNameBlocked,3.0.0,60.00669662,0
FacesBlock1.xlsx,Bradley.mp4,Bradley.JPG,Bradley,14,0,0,0,0,0,2,2,14,,,,,,,0,1,0.569501132,,,,,,,0,0,,,,,9,1,2019_Mar_01_1105,FaceNameBlocked,3.0.0,60.00669662,0
FacesBlock1.xlsx,Bradley.mp4,Bradley.JPG,Bradley,14,0,0,0,0,,,,,0,9,9,14,,,,,,,,mark,0,"['m', 'a', 'r', 'k']","[2.851067060022615, 2.9184383650135715, 3.1851143950189, 3.3179979900014587]",[2.8510,2.851,1,0.602020842,,,9,1,2019_Mar_01_1105,FaceNameBlocked,3.0.0,60.00669662,0
FacesBlock4.xlsx,Brandon.mp4,Brandon.JPG,Brandon,56,0,3,3,3,0,6,6,11,,,,,,,0,1,0.735707085,,,,,,,0,0,,,,,9,1,2019_Mar_01_1105,FaceNameBlocked,3.0.0,60.00669662,0
FacesBlock4.xlsx,Brandon.mp4,Brandon.JPG,Brandon,56,0,3,3,3,,,,,0,11,11,11,,,,,,,,stephen,0,"['s', 't', 'e', 'p', 'h', 'e', 'n']","[2.8186894090031274, 2.9191824580193497, 3.0687914089940023, 3.2832580800168216, 3.5177626030053943, 3.601941792992875, 3.685013654001523]",[2.8186,2.8186,1,0.252254207,,,9,1,2019_Mar_01_1105,FaceNameBlocked,3.0.0,60.00669662,0
FacesBlock4.xlsx,Brian.mp4,Brian.JPG,Brian,53,0,3,3,3,0,8,8,8,,,,,,,1,1,0.636112138,,,,,,,0,0,,,,,9,1,2019_Mar_01_1105,FaceNameBlocked,3.0.0,60.00669662,0
FacesBlock4.xlsx,Brian.mp4,Brian.JPG,Brian,53,0,3,3,3,,,,,0,6,6,8,,,,,,,,blake,0,"['b', 'l', 'a', 'k', 'e']","[1.7846763279812876, 2.1340834590082522, 2.25071190399467, 2.3845086809888016, 2.5180049579939805]",[1.7846,1.7846,3,0.518599507,,,9,1,2019_Mar_01_1105,FaceNameBlocked,3.0.0,60.00669662,0
FacesBlock4.xlsx,Brianna.mp4,Brianna.JPG,Brianna,48,0,3,3,3,0,5,5,3,,,,,,,1,2,0.536912928,,,,,,,0,0,,,,,9,1,2019_Mar_01_1105,FaceNameBlocked,3.0.0,60.00669662,0
FacesBlock4.xlsx,Brianna.mp4,Brianna.JPG,Brianna,48,0,3,3,3,,,,,0,8,8,3,,,,,,,,mia,0,"['m', 'i', 'a']","[5.883903651003493, 6.06645560398465, 6.2169896560080815]",[5.8839,5.8839,1,0.268379296,,,9,1,2019_Mar_01_1105,FaceNameBlocked,3.0.0,60.00669662,0
FacesBlock2.xlsx,Brittany.mp4,Brittany.JPG,Brittany,28,0,1,1,1,0,4,4,13,,,,,,,1,2,1.35288204,,,,,,,0,0,,,,,9,1,2019_Mar_01_1105,FaceNameBlocked,3.0.0,60.00669662,0
FacesBlock2.xlsx,Brittany.mp4,Brittany.JPG,Brittany,28,0,1,1,1,,,,,0,3,3,13,,,,,,,,heather,0,"['h', 'e', 'a', 't', 'h', 'e', 'r']","[3.785220332996687, 3.884859757992672, 4.068118158989819, 4.168279623991111, 4.367989906982984, 4.4348161069792695, 4.534065566986101]",[3.7852,3.7852,1,0.366813515,,,9,1,2019_Mar_01_1105,FaceNameBlocked,3.0.0,60.00669662,0
FacesBlock4.xlsx,Caleb.mp4,Caleb.JPG,Caleb,59,0,3,3,3,0,1,1,14,,,,,,,0,1,1.15234096,,,,,,,0,0,,,,,9,1,2019_Mar_01_1105,FaceNameBlocked,3.0.0,60.00669662,0
FacesBlock4.xlsx,Caleb.mp4,Caleb.JPG,Caleb,59,0,3,3,3,,,,,0,1,1,14,,,,,,,,kyle,0,"['k', 'y', 'l', 'e']","[2.868652834004024, 3.1020271629968192, 3.368301738984883, 3.467439900006866]",[2.8686,2.8686,1,0.484763731,,,9,1,2019_Mar_01_1105,FaceNameBlocked,3.0.0,60.00669662,0
FacesBlock2.xlsx,Cody.mp4,Cody.JPG,Cody,23,0,1,1,1,0,0,0,8,,,,,,,0,1,2.102650694,,,,,,,0,0,,,,,9,1,2019_Mar_01_1105,FaceNameBlocked,3.0.0,60.00669662,0
FacesBlock2.xlsx,Cody.mp4,Cody.JPG,Cody,23,0,1,1,1,,,,,0,8,8,8,,,,,,,,martin,0,"['m', 'a', 'r', 't', 'i', 'n']","[1.6350794869940728, 1.751643141004024, 2.018944114999613, 2.218897631013533, 2.284925165993627, 2.4020732160133775]",[1.6350,1.635,1,0.568214714,,,9,1,2019_Mar_01_1105,FaceNameBlocked,3.0.0,60.00669662,0
FacesBlock3.xlsx,Courtney.mp4,Courtney.JPG,Courtney,42,0,2,2,2,0,11,11,12,,,,,,,0,2,0.586484082,,,,,,,0,0,,,,,9,1,2019_Mar_01_1105,FaceNameBlocked,3.0.0,60.00669662,0
FacesBlock3.xlsx,Courtney.mp4,Courtney.JPG,Courtney,42,0,2,2,2,,,,,0,13,13,12,,,,,,,,courtney,1,"['c', 'o', 'u', 'r', 't', 'n', 'e', 'y']","[3.0009514520061202, 3.200879582000198, 3.418451770005049, 3.567774894996546, 3.734808356006397, 3.8344817360048182, 3.9511714069813024, 4.101231601001928]",[3.0009,3.0009,4,0.401606519,,,9,1,2019_Mar_01_1105,FaceNameBlocked,3.0.0,60.00669662,1
FacesBlock3.xlsx,Daniel.mp4,Daniel.JPG,Daniel,30,0,2,2,2,0,14,14,0,,,,,,,0,1,0.369243541,,,,,,,0,0,,,,,9,1,2019_Mar_01_1105,FaceNameBlocked,3.0.0,60.00669662,0
FacesBlock3.xlsx,Daniel.mp4,Daniel.JPG,Daniel,30,0,2,2,2,,,,,0,9,9,0,,,,,,,,tyler,0,"['t', 'y', 'l', 'e', 'r']","[3.83354620099999, 3.900913369987393, 4.217411950987298, 4.350848815985955, 4.450419881002745]",[3.8335,3.8335,1,0.419176447,,,9,1,2019_Mar_01_1105,FaceNameBlocked,3.0.0,60.00669662,0
FacesBlock1.xlsx,Danielle.mp4,Danielle.JPG,Danielle,3,0,0,0,0,0,10,10,3,,,,,,,0,2,0.469632265,,,,,,,0,0,,,,,9,1,2019_Mar_01_1105,FaceNameBlocked,3.0.0,60.00669662,0
FacesBlock1.xlsx,Danielle.mp4,Danielle.JPG,Danielle,3,0,0,0,0,,,,,0,13,13,3,,,,,,,,cynthia,0,"['c', 'y', 'n', 'h', 'backspace', 't', 'h', 'i', 'a', 's', 'backspace']","[3.234512651019031, 3.3513750300044194, 3.534479584021028, 3.8845886460039765, 4.3338768370158505, 4.500551200006157, 4.567439633014146, 4.7019318050006405, 4.900691003014799, 4.922212625009706, 5.466785812022863]",[3.2345,3.2345,1,0.534913608,,,9,1,2019_Mar_01_1105,FaceNameBlocked,3.0.0,60.00669662,0
FacesBlock2.xlsx,David.mp4,David.JPG,David,16,0,1,1,1,0,1,1,1,,,,,,,0,1,0.520009049,,,,,,,0,0,,,,,9,1,2019_Mar_01_1105,FaceNameBlocked,3.0.0,60.00669662,0
FacesBlock2.xlsx,David.mp4,David.JPG,David,16,0,1,1,1,,,,,0,10,10,1,,,,,,,,todd,0,"['t', 'o', 'd', 'd']","[7.949506186007056, 8.16642842598958, 8.366439322999213, 8.516281571995933]",[7.9495,7.9495,1,0.668900483,,,9,1,2019_Mar_01_1105,FaceNameBlocked,3.0.0,60.00669662,0
FacesBlock4.xlsx,Dylan.mp4,Dylan.JPG,Dylan,50,0,3,3,3,0,7,7,5,,,,,,,1,1,1.136138341,,,,,,,0,0,,,,,9,1,2019_Mar_01_1105,FaceNameBlocked,3.0.0,60.00669662,0
FacesBlock4.xlsx,Dylan.mp4,Dylan.JPG,Dylan,50,0,3,3,3,,,,,0,3,3,5,,,,,,,,peter,0,"['p', 'e', 'e', 't', 'e', 'r', 'backspace', 'backspace', 'backspace', 'backspace', 't', 'e', 'r']","[3.484330006001983, 3.5680936179996934, 3.750386959000025, 3.7842422669928055, 3.9841198989888653, 4.084409546980169, 4.516346859978512, 4.682287347997772, 4.816539202001877, 4.983295728976373, 5.866113083000528, 6.0668797949911095, 6.13330359000247]",[3.4843,3.4843,1,0.485374229,,,9,1,2019_Mar_01_1105,FaceNameBlocked,3.0.0,60.00669662,0
FacesBlock4.xlsx,Emily.mp4,Emily.JPG,Emily,57,0,3,3,3,0,11,11,12,,,,,,,0,2,0.420039227,,,,,,,0,0,,,,,9,1,2019_Mar_01_1105,FaceNameBlocked,3.0.0,60.00669662,0
FacesBlock4.xlsx,Emily.mp4,Emily.JPG,Emily,57,0,3,3,3,,,,,0,7,7,12,,,,,,,,rachel,0,"['r', 'a', 'c', 'h', 'e', 'l']","[5.333824111992726, 5.950631322979461, 6.216577002982376, 6.366494496993255, 6.450035403977381, 6.600282247993164]",[5.3338,5.3338,1,0.335711772,,,9,1,2019_Mar_01_1105,FaceNameBlocked,3.0.0,60.00669662,0
FacesBlock1.xlsx,Eric.mp4,Eric.JPG,Eric,0,0,0,0,0,0,12,12,0,,,,,,,0,1,0.386341569,,,,,,,0,0,,,,,9,1,2019_Mar_01_1105,FaceNameBlocked,3.0.0,60.00669662,0
FacesBlock1.xlsx,Eric.mp4,Eric.JPG,Eric,0,0,0,0,0,,,,,0,3,3,0,,,,,,,,eric,1,"['e', 'r', 'i', 'c']","[1.5179969849996269, 1.6999079739907756, 1.8685505669855047, 2.0346124350035097]",[1.5179,1.5179,3,0.569014576,,,9,1,2019_Mar_01_1105,FaceNameBlocked,3.0.0,60.00669662,1
FacesBlock1.xlsx,Ethan.mp4,Ethan.JPG,Ethan,11,0,0,0,0,0,8,8,11,,,,,,,1,1,0.402642062,,,,,,,0,0,,,,,9,1,2019_Mar_01_1105,FaceNameBlocked,3.0.0,60.00669662,0
FacesBlock1.xlsx,Ethan.mp4,Ethan.JPG,Ethan,11,0,0,0,0,,,,,0,5,5,11,,,,,,,,connor,0,"['c', 'o', 'n', 'n', 'o', 'r']","[5.8680238040105905, 6.084624817012809, 6.2173739910067525, 6.3840700929868035, 6.583867137989728, 6.700954058003845]",[5.8680,5.868,1,0.452106731,,,9,1,2019_Mar_01_1105,FaceNameBlocked,3.0.0,60.00669662,0
FacesBlock4.xlsx,Grace.mp4,Grace.JPG,Grace,58,0,3,3,3,0,0,0,13,,,,,,,0,2,1.352547466,,,,,,,0,0,,,,,9,1,2019_Mar_01_1105,FaceNameBlocked,3.0.0,60.00669662,0
FacesBlock4.xlsx,Grace.mp4,Grace.JPG,Grace,58,0,3,3,3,,,,,0,13,13,13,,,,,,,,rachel,0,"['r', 'a', 'c', 'h', 'e', 'l']","[4.900602534005884, 5.233839485998033, 5.465240433986764, 5.617034263996175, 5.733520270005101, 5.900024083995959]",[4.9006,4.9006,3,0.268724526,,,9,1,2019_Mar_01_1105,FaceNameBlocked,3.0.0,60.00669662,0
FacesBlock2.xlsx,Haley.mp4,Haley.JPG,Haley,20,0,1,1,1,0,12,12,5,,,,,,,1,2,0.403413231,,,,,,,0,0,,,,,9,1,2019_Mar_01_1105,FaceNameBlocked,3.0.0,60.00669662,0
FacesBlock2.xlsx,Haley.mp4,Haley.JPG,Haley,20,0,1,1,1,,,,,0,7,7,5,,,,,,,,kiara,0,"['k', 'i', 'a', 'r', 'a']","[4.850993963977089, 5.050830102991313, 5.150038307998329, 5.367276020988356, 5.583660709991818]",[4.8509,4.8509,1,0.716656162,,,9,1,2019_Mar_01_1105,FaceNameBlocked,3.0.0,60.00669662,0
FacesBlock1.xlsx,Hannah.mp4,Hannah.JPG,Hannah,1,0,0,0,0,0,4,4,1,,,,,,,0,2,0.353504448,,,,,,,0,0,,,,,9,1,2019_Mar_01_1105,FaceNameBlocked,3.0.0,60.00669662,0
FacesBlock1.xlsx,Hannah.mp4,Hannah.JPG,Hannah,1,0,0,0,0,,,,,0,11,11,1,,,,,,,,amy,0,"['a', 'm', 'y']","[4.234263710997766, 4.334337784996023, 4.583964188001119]",[4.2342,4.2342,1,0.635553747,,,9,1,2019_Mar_01_1105,FaceNameBlocked,3.0.0,60.00669662,0
FacesBlock2.xlsx,Heather.mp4,Heather.JPG,Heather,26,0,1,1,1,0,2,2,11,,,,,,,1,2,0.952740088,,,,,,,0,0,,,,,9,1,2019_Mar_01_1105,FaceNameBlocked,3.0.0,60.00669662,0
FacesBlock2.xlsx,Heather.mp4,Heather.JPG,Heather,26,0,1,1,1,,,,,0,14,14,11,,,,,,,,rachel,0,"['r', 'a', 'c', 'h', 'e', 'l']","[4.950799826998264, 5.250152162014274, 5.599678642000072, 5.749440334999235, 5.900281376001658, 6.116267986013554]",[4.9507,4.9507,1,0.618915412,,,9,1,2019_Mar_01_1105,FaceNameBlocked,3.0.0,60.00669662,0
FacesBlock3.xlsx,Jacob.mp4,Jacob.JPG,Jacob,39,0,2,2,2,0,3,3,9,,,,,,,0,1,0.619319683,,,,,,,0,0,,,,,9,1,2019_Mar_01_1105,FaceNameBlocked,3.0.0,60.00669662,0
FacesBlock3.xlsx,Jacob.mp4,Jacob.JPG,Jacob,39,0,2,2,2,,,,,0,7,7,9,,,,,,,,drew,0,"['a', 'backspace', 'd', 'r', 'e', 'w']","[5.717455842997879, 6.299737419991288, 6.417357942002127, 6.966766900004586, 7.183561601006659, 7.333752512000501]",[5.7174,5.7174,1,0.435668906,,,9,1,2019_Mar_01_1105,FaceNameBlocked,3.0.0,60.00669662,0
FacesBlock4.xlsx,Jason.mp4,Jason.JPG,Jason,49,0,3,3,3,0,2,2,4,,,,,,,0,1,0.669735607,,,,,,,0,0,,,,,9,1,2019_Mar_01_1105,FaceNameBlocked,3.0.0,60.00669662,0
FacesBlock4.xlsx,Jason.mp4,Jason.JPG,Jason,49,0,3,3,3,,,,,0,2,2,4,,,,,,,,brandon,0,"['b', 'r', 'a', 'n', 'd', 'o', 'n']","[3.584508581989212, 3.9172170189849567, 4.300726624001982, 4.500499854999362, 4.683944875985617, 4.76720244801254, 5.0506778080016375]",[3.5845,3.5845,1,0.48551597,,,9,1,2019_Mar_01_1105,FaceNameBlocked,3.0.0,60.00669662,0
FacesBlock1.xlsx,Jenna.mp4,Jenna.JPG,Jenna,6,0,0,0,0,0,7,7,6,,,,,,,1,2,0.452592323,,,,,,,0,0,,,,,9,1,2019_Mar_01_1105,FaceNameBlocked,3.0.0,60.00669662,0
FacesBlock1.xlsx,Jenna.mp4,Jenna.JPG,Jenna,6,0,0,0,0,,,,,0,0,0,6,,,,,,space,30.05945662,rachel ,0,"['r', 'a', 'c', 'v', 'h', 'backspace', 'backspace', 'h', 'e', 'l', 'return', 'space']","[3.8838024850119837, 4.184147558989935, 4.568692139000632, 4.850251224997919, 5.250391087000025, 5.432973821007181, 5.999647238000762, 6.233065293985419, 6.449481663003098, 6.899126259988407, 7.783070807985496]",[3.8838,3.8838,1,1.601835271,,,9,1,2019_Mar_01_1105,FaceNameBlocked,3.0.0,60.00669662,0
FacesBlock2.xlsx,Jeremy.mp4,Jeremy.JPG,Jeremy,15,0,1,1,1,0,13,13,0,,,,,,,0,1,0.802848826,,,,,,,0,0,,,,,9,1,2019_Mar_01_1105,FaceNameBlocked,3.0.0,60.00669662,0
FacesBlock2.xlsx,Jeremy.mp4,Jeremy.JPG,Jeremy,15,0,1,1,1,,,,,0,11,11,0,,,,,,,,matt,0,"['m', 'z', 'backspace', 'a', 't', 't']","[2.367879390018061, 2.5331583830120508, 3.0175549420237076, 3.151157063024584, 3.2844411360274535, 3.4513926330255345]",[2.3678,2.3678,1,0.568892921,,,9,1,2019_Mar_01_1105,FaceNameBlocked,3.0.0,60.00669662,0
FacesBlock1.xlsx,Jessica.mp4,Jessica.JPG,Jessica,8,0,0,0,0,0,5,5,8,,,,,,,0,2,0.486184335,,,,,,,0,0,,,,,9,1,2019_Mar_01_1105,FaceNameBlocked,3.0.0,60.00669662,0
FacesBlock1.xlsx,Jessica.mp4,Jessica.JPG,Jessica,8,0,0,0,0,,,,,0,14,14,8,,,,,,,,claire,0,"['c', 'l', 'a', 'i', 'r', 'e']","[7.1496640870173, 7.366781404009089, 7.483206017001066, 7.649940466013504, 7.7669302450085524, 7.916895225993358]",[7.1496,7.1496,1,0.433521368,,,9,1,2019_Mar_01_1105,FaceNameBlocked,3.0.0,60.00669662,0
FacesBlock2.xlsx,Josh.mp4,Josh.JPG,Josh,19,0,1,1,1,0,6,6,4,,,,,,,0,1,0.552920827,,,,,,,0,0,,,,,9,1,2019_Mar_01_1105,FaceNameBlocked,3.0.0,60.00669662,0
FacesBlock2.xlsx,Josh.mp4,Josh.JPG,Josh,19,0,1,1,1,,,,,0,13,13,4,,,,,,,,,0,"['t', 'backspace']","[4.817239224998048, 5.933726782997837]",[4.8172,4.8172,1,1.251898198,,,9,1,2019_Mar_01_1105,FaceNameBlocked,3.0.0,60.00669662,0
FacesBlock1.xlsx,Julia.mp4,Julia.JPG,Julia,13,0,0,0,0,0,6,6,13,,,,,,,1,2,0.30295981,,,,,,,0,0,,,,,9,1,2019_Mar_01_1105,FaceNameBlocked,3.0.0,60.00669662,0
FacesBlock1.xlsx,Julia.mp4,Julia.JPG,Julia,13,0,0,0,0,,,,,0,10,10,13,,,,,,,,natalie,0,"['n', 'a', 't', 'a', 'l', 'i', 'e']","[2.8178696669929195, 3.033925041992916, 3.1679118089959957, 3.3507992989907507, 3.5174589019734412, 3.684033888974227, 3.817848923994461]",[2.8178,2.8178,1,0.418731403,,,9,1,2019_Mar_01_1105,FaceNameBlocked,3.0.0,60.00669662,0
FacesBlock2.xlsx,Justin.mp4,Justin.JPG,Justin,27,0,1,1,1,0,10,10,12,,,,,,,1,1,0.52011988,,,,,,,0,0,,,,,9,1,2019_Mar_01_1105,FaceNameBlocked,3.0.0,60.00669662,0
FacesBlock2.xlsx,Justin.mp4,Justin.JPG,Justin,27,0,1,1,1,,,,,0,12,12,12,,,,,,,,andrew,0,"['a', 'n', 'd', 'r', 'e', 'w']","[6.784071731992299, 6.966845420014579, 7.099296755011892, 7.3502313530188985, 7.5500717039976735, 7.7327099239919335]",[6.7840,6.784,1,0.701857851,,,9,1,2019_Mar_01_1105,FaceNameBlocked,3.0.0,60.00669662,0
FacesBlock4.xlsx,Katie.mp4,Katie.JPG,Katie,54,0,3,3,3,0,9,9,9,,,,,,,1,2,1.136306662,,,,,,,0,0,,,,,9,1,2019_Mar_01_1105,FaceNameBlocked,3.0.0,60.00669662,0
FacesBlock4.xlsx,Katie.mp4,Katie.JPG,Katie,54,0,3,3,3,,,,,0,12,12,9,,,,,,,,courtne,0,"['c', 'o', 'u', 'r', 't', 'n', 'e', 'y', 'backspace']","[7.250465113000246, 7.349509572988609, 7.466845610004384, 7.650217891990906, 8.233322403015336, 8.31601070400211, 8.482695451995824, 8.533314745989628, 9.065209424996283]",[7.2504,7.2504,1,0.835265704,,,9,1,2019_Mar_01_1105,FaceNameBlocked,3.0.0,60.00669662,0
FacesBlock3.xlsx,Kayla.mp4,Kayla.JPG,Kayla,34,0,2,2,2,0,6,6,4,,,,,,,0,2,0.767105065,,,,,,,0,0,,,,,9,1,2019_Mar_01_1105,FaceNameBlocked,3.0.0,60.00669662,0
FacesBlock3.xlsx,Kayla.mp4,Kayla.JPG,Kayla,34,0,2,2,2,,,,,0,12,12,4,,,,,,,,kayla,1,"['k', 'a', 'y', 'l', 'a']","[2.0182950889866333, 2.134244287997717, 2.267811970988987, 2.7514269110106397, 2.899087124998914]",[2.0182,2.0182,4,0.401738936,,,9,1,2019_Mar_01_1105,FaceNameBlocked,3.0.0,60.00669662,1
FacesBlock1.xlsx,Kelsey.mp4,Kelsey.JPG,Kelsey,12,0,0,0,0,0,14,14,12,,,,,,,1,2,0.502378099,,,,,,,0,0,,,,,9,1,2019_Mar_01_1105,FaceNameBlocked,3.0.0,60.00669662,0
FacesBlock1.xlsx,Kelsey.mp4,Kelsey.JPG,Kelsey,12,0,0,0,0,,,,,0,2,2,12,,,,,,,,natalie,0,"['n', 'a', 't', 'a', 'l', 'i', 'a', 'backspace', 'e', 'return']","[1.5186112929950468, 1.7849770259927027, 1.9179787659959402, 2.03480053198291, 2.7011385450023226, 2.8681900069932453, 2.9848562509869225, 3.2672847649955656, 3.3681267819774803, 3.900883371999953]",[1.5186,1.5186,1,1.101712165,,,9,1,2019_Mar_01_1105,FaceNameBlocked,3.0.0,60.00669662,0
FacesBlock3.xlsx,Kevin.mp4,Kevin.JPG,Kevin,41,0,2,2,2,0,13,13,11,,,,,,,1,1,0.553013116,,,,,,,0,0,,,,,9,1,2019_Mar_01_1105,FaceNameBlocked,3.0.0,60.00669662,0
FacesBlock3.xlsx,Kevin.mp4,Kevin.JPG,Kevin,41,0,2,2,2,,,,,0,5,5,11,,,,,,,,tyler,0,"['t', 'y', 'l', 'e', 'r']","[6.100528242008295, 6.216828849981539, 6.467303145996993, 6.584038365981542, 6.633712643000763]",[6.1005,6.1005,1,0.31894728,,,9,1,2019_Mar_01_1105,FaceNameBlocked,3.0.0,60.00669662,0
FacesBlock1.xlsx,Kyle.mp4,Kyle.JPG,Kyle,4,0,0,0,0,0,1,1,4,,,,,,,1,1,0.620247486,,,,,,,0,0,,,,,9,1,2019_Mar_01_1105,FaceNameBlocked,3.0.0,60.00669662,0
FacesBlock1.xlsx,Kyle.mp4,Kyle.JPG,Kyle,4,0,0,0,0,,,,,0,8,8,4,,,,,,,,caleb,0,"['c', 'a', 'l', 'e', 'b']","[4.034448352991603, 4.283983104978688, 4.4655327439832035, 4.600041021971265, 4.733737264992669]",[4.0344,4.0344,1,0.652458028,,,9,1,2019_Mar_01_1105,FaceNameBlocked,3.0.0,60.00669662,0
FacesBlock3.xlsx,Lauren.mp4,Lauren.JPG,Lauren,38,0,2,2,2,0,2,2,8,,,,,,,1,2,0.853490544,,,,,,,0,0,,,,,9,1,2019_Mar_01_1105,FaceNameBlocked,3.0.0,60.00669662,0
FacesBlock3.xlsx,Lauren.mp4,Lauren.JPG,Lauren,38,0,2,2,2,,,,,0,0,0,8,,,,,,space,7.94950425,megan,0,"['m', 'e', 'g', 'a', 'n']","[3.518409870011965, 3.8848167049873155, 4.018278105999343, 4.251547163003124, 4.384890476008877]",[3.5184,3.5184,1,0.385733404,,,9,1,2019_Mar_01_1105,FaceNameBlocked,3.0.0,60.00669662,0
FacesBlock3.xlsx,Mark.mp4,Mark.JPG,Mark,40,0,2,2,2,0,5,5,10,,,,,,,1,1,0.636371734,,,,,,,0,0,,,,,9,1,2019_Mar_01_1105,FaceNameBlocked,3.0.0,60.00669662,0
FacesBlock3.xlsx,Mark.mp4,Mark.JPG,Mark,40,0,2,2,2,,,,,0,8,8,10,,,,,,,,chris,0,"['c', 'h', 'r', 'i', 's']","[8.033504778984934, 8.116362392000156, 8.283404356974643, 8.416608075989643, 8.566288173984503]",[8.0335,8.0335,1,1.084827711,,,9,1,2019_Mar_01_1105,FaceNameBlocked,3.0.0,60.00669662,0
FacesBlock1.xlsx,Matthew.mp4,Matthew.JPG,Matthew,9,0,0,0,0,0,3,3,9,,,,,,,1,1,0.502543089,,,,,,,0,0,,,,,9,1,2019_Mar_01_1105,FaceNameBlocked,3.0.0,60.00669662,0
FacesBlock1.xlsx,Matthew.mp4,Matthew.JPG,Matthew,9,0,0,0,0,,,,,0,4,4,9,,,,,,,,andrew,0,"['a', 'n', 'd', 'r', 'e', 'w']","[2.5680416519753635, 2.75095960899489, 2.9010996499855537, 3.1009698739799205, 3.317551354994066, 3.5000734950008336]",[2.5680,2.568,1,0.418510217,,,9,1,2019_Mar_01_1105,FaceNameBlocked,3.0.0,60.00669662,0
FacesBlock2.xlsx,Megan.mp4,Megan.JPG,Megan,25,0,1,1,1,0,3,3,10,,,,,,,1,2,0.569687437,,,,,,,0,0,,,,,9,1,2019_Mar_01_1105,FaceNameBlocked,3.0.0,60.00669662,0
FacesBlock2.xlsx,Megan.mp4,Megan.JPG,Megan,25,0,1,1,1,,,,,0,1,1,10,,,,,,,,claire,0,"['c', 'l', 'k', 'a', 'equal', 'equal', 'backspace', 'backspace', 'a', 'u', 'backspace', 'i', 'r', 'e']","[2.752085915009957, 2.920219655003166, 3.0020349909900688, 3.4181923110154457, 3.601820262003457, 3.8340881440090016, 3.9676030470000114, 4.1846325600054115, 4.315863491996424, 4.900330611009849, 5.700791948998813, 5.784421835996909, 5.915612504002638]",[2.7520,2.752,1,0.435219687,,,9,1,2019_Mar_01_1105,FaceNameBlocked,3.0.0,60.00669662,0
FacesBlock4.xlsx,Michael.mp4,Michael.JPG,Michael,46,0,3,3,3,0,3,3,1,,,,,,,0,1,0.903047311,,,,,,,0,0,,,,,9,1,2019_Mar_01_1105,FaceNameBlocked,3.0.0,60.00669662,0
FacesBlock4.xlsx,Michael.mp4,Michael.JPG,Michael,46,0,3,3,3,,,,,0,5,5,1,,,,,,,,michael,1,"['m', 'i', 'c', 'h', 'a', 'e', 'l']","[3.9850690310122445, 4.151621849014191, 4.301715016015805, 4.4347898960113525, 4.667940862011164, 4.899530385999242, 5.001544359023683]",[3.9850,3.985,4,0.33477492,,,9,1,2019_Mar_01_1105,FaceNameBlocked,3.0.0,60.00669662,1
FacesBlock4.xlsx,Michelle.mp4,Michelle.JPG,Michelle,52,0,3,3,3,0,4,4,7,,,,,,,0,2,0.519252718,,,,,,,0,0,,,,,9,1,2019_Mar_01_1105,FaceNameBlocked,3.0.0,60.00669662,0
FacesBlock4.xlsx,Michelle.mp4,Michelle.JPG,Michelle,52,0,3,3,3,,,,,0,0,0,7,,,,,,space,4.384219191,mikayla,0,"['m', 'i', 'a', 'backspace', 'k', 'a', 'y', 'l', 'a']","[4.683700931025669, 4.816570842027431, 4.931465258006938, 7.548449624009663, 8.182281171000795, 8.315856793022249, 8.415143830003217, 8.632102897012373, 8.715888391016051]",[4.6837,4.6837,1,0.536210351,,,9,1,2019_Mar_01_1105,FaceNameBlocked,3.0.0,60.00669662,0
FacesBlock1.xlsx,Natalie.mp4,Natalie.JPG,Natalie,7,0,0,0,0,0,13,13,7,,,,,,,1,2,0.353238914,,,,,,,0,0,,,,,9,1,2019_Mar_01_1105,FaceNameBlocked,3.0.0,60.00669662,0
FacesBlock1.xlsx,Natalie.mp4,Natalie.JPG,Natalie,7,0,0,0,0,,,,,0,1,1,7,,,,,,,,na,0,"['n', 'a']","[9.698714182013646, 9.865477696002927]",[9.6987,9.6987,1,1.65006797,,,9,1,2019_Mar_01_1105,FaceNameBlocked,3.0.0,60.00669662,0
FacesBlock3.xlsx,Nathan.mp4,Nathan.JPG,Nathan,37,0,2,2,2,0,7,7,7,,,,,,,1,1,0.586222569,,,,,,,0,0,,,,,9,1,2019_Mar_01_1105,FaceNameBlocked,3.0.0,60.00669662,0
FacesBlock3.xlsx,Nathan.mp4,Nathan.JPG,Nathan,37,0,2,2,2,,,,,0,4,4,7,,,,,,,,noah,0,"['n', 'o', 'a', 'h']","[5.616939044004539, 5.850167808996048, 6.0000385220046155, 6.1333433449908625]",[5.6169,5.6169,1,0.801451573,,,9,1,2019_Mar_01_1105,FaceNameBlocked,3.0.0,60.00669662,0
FacesBlock3.xlsx,Nicole.mp4,Nicole.JPG,Nicole,43,0,2,2,2,0,1,1,13,,,,,,,0,2,1.01932502,,,,,,,0,0,,,,,9,1,2019_Mar_01_1105,FaceNameBlocked,3.0.0,60.00669662,0
FacesBlock3.xlsx,Nicole.mp4,Nicole.JPG,Nicole,43,0,2,2,2,,,,,0,14,14,13,,,,,,,,kri,0,"['k', 'backspace', 'k', 'r', 'i']","[7.399679314985406, 7.949005003989441, 8.9159403849917, 9.065258382994216, 9.180465283978265]",[7.3996,7.3996,1,1.635229231,,,9,1,2019_Mar_01_1105,FaceNameBlocked,3.0.0,60.00669662,0
FacesBlock3.xlsx,Noah.mp4,Noah.JPG,Noah,31,0,2,2,2,0,9,9,1,,,,,,,1,1,0.36931867,,,,,,,0,0,,,,,9,1,2019_Mar_01_1105,FaceNameBlocked,3.0.0,60.00669662,0
FacesBlock3.xlsx,Noah.mp4,Noah.JPG,Noah,31,0,2,2,2,,,,,0,11,11,1,,,,,,,,andrew,0,"['a', 'd', 'r', 'e', 'backspace', 'f13', 'f13', 'backspace', 'backspace', 'n', 'd', 'r', 'e', 'w']","[7.100098800001433, 7.316234447993338, 7.582732717011822, 7.815952499018749, 8.131626048008911, 8.153062880010111, 8.265411963016959, 8.282256619015243, 8.682084424013738, 8.916073391999817, 9.065814852016047, 9.248718729009852, 9.482559033000143, 9.732258058997104]",[7.1000,7.1,1,0.718515614,,,9,1,2019_Mar_01_1105,FaceNameBlocked,3.0.0,60.00669662,0
FacesBlock3.xlsx,Olivia.mp4,Olivia.JPG,Olivia,35,0,2,2,2,0,12,12,5,,,,,,,1,2,0.503564461,,,,,,,0,0,,,,,9,1,2019_Mar_01_1105,FaceNameBlocked,3.0.0,60.00669662,0
FacesBlock3.xlsx,Olivia.mp4,Olivia.JPG,Olivia,35,0,2,2,2,,,,,0,3,3,5,,,,,,,,olivia,1,"['o', 'l', 'i', 'v', 'i', 'a']","[3.2183188409835566, 3.4347871159843635, 3.635053843987407, 3.885012426006142, 4.018254208989674, 4.234979786007898]",[3.2183,3.2183,3,0.552332404,,,9,1,2019_Mar_01_1105,FaceNameBlocked,3.0.0,60.00669662,1
FacesBlock2.xlsx,Rachel.mp4,Rachel.JPG,Rachel,29,0,1,1,1,0,8,8,14,,,,,,,1,2,0.469854577,,,,,,,0,0,,,,,9,1,2019_Mar_01_1105,FaceNameBlocked,3.0.0,60.00669662,0
FacesBlock2.xlsx,Rachel.mp4,Rachel.JPG,Rachel,29,0,1,1,1,,,,,0,5,5,14,,,,,,,,rachel,1,"['r', 'a', 'c', 'h', 'e', 'l']","[4.750964111008216, 5.033623427996645, 5.298791937006172, 5.48413302298286, 5.616476466006134, 6.100050343986368]",[4.7509,4.7509,1,0.252419095,,,9,1,2019_Mar_01_1105,FaceNameBlocked,3.0.0,60.00669662,1
FacesBlock3.xlsx,Rebecca.mp4,Rebecca.JPG,Rebecca,32,0,2,2,2,0,8,8,2,,,,,,,0,2,0.47012143,,,,,,,0,0,,,,,9,1,2019_Mar_01_1105,FaceNameBlocked,3.0.0,60.00669662,0
FacesBlock3.xlsx,Rebecca.mp4,Rebecca.JPG,Rebecca,32,0,2,2,2,,,,,0,1,1,2,,,,,,,,claire,0,"['c', 'l', 'a', 'i', 'r', 'e']","[2.835173550003674, 3.017673875001492, 3.1848867039952893, 3.3182029240124393, 3.482904714997858, 3.9842225490137935]",[2.8351,2.8351,1,0.418919043,,,9,1,2019_Mar_01_1105,FaceNameBlocked,3.0.0,60.00669662,0
FacesBlock3.xlsx,Sarah.mp4,Sarah.JPG,Sarah,33,0,2,2,2,0,0,0,3,,,,,,,0,2,1.702573255,,,,,,,0,0,,,,,9,1,2019_Mar_01_1105,FaceNameBlocked,3.0.0,60.00669662,0
FacesBlock3.xlsx,Sarah.mp4,Sarah.JPG,Sarah,33,0,2,2,2,,,,,0,6,6,3,,,,,,,,rebecca,0,"['r', 'e', 'b', 'e', 'c', 'c', 'a']","[3.184773443004815, 3.3020456669910345, 3.468383433006238, 3.551921428006608, 3.7683849839959294, 3.934460869000759, 4.118197946983855]",[3.1847,3.1847,1,0.318885088,,,9,1,2019_Mar_01_1105,FaceNameBlocked,3.0.0,60.00669662,0
FacesBlock3.xlsx,Shelby.mp4,Shelby.JPG,Shelby,36,0,2,2,2,0,4,4,6,,,,,,,1,2,0.38636016,,,,,,,0,0,,,,,9,1,2019_Mar_01_1105,FaceNameBlocked,3.0.0,60.00669662,0
FacesBlock3.xlsx,Shelby.mp4,Shelby.JPG,Shelby,36,0,2,2,2,,,,,0,10,10,6,,,,,,,,stephanie,0,"['s', 't', 'e', 'p', 'h', 'a', 'n', 'i', 'e']","[5.784034790995065, 5.884352249006042, 6.033517525997013, 6.699970893008867, 6.982689921016572, 7.3164808160217945, 7.432628181995824, 7.632781582011376, 7.749779617006425]",[5.7840,5.784,1,0.503725039,,,9,1,2019_Mar_01_1105,FaceNameBlocked,3.0.0,60.00669662,0
FacesBlock2.xlsx,Steven.mp4,Steven.JPG,Steven,17,0,1,1,1,0,14,14,2,,,,,,,1,1,0.703048001,,,,,,,0,0,,,,,9,1,2019_Mar_01_1105,FaceNameBlocked,3.0.0,60.00669662,0
FacesBlock2.xlsx,Steven.mp4,Steven.JPG,Steven,17,0,1,1,1,,,,,0,9,9,2,,,,,,,,max,0,"['m', 'a', 'x']","[7.84962708002422, 7.8825837340264115, 8.166130000026897]",[7.8496,7.8496,1,0.684981596,,,9,1,2019_Mar_01_1105,FaceNameBlocked,3.0.0,60.00669662,0
FacesBlock4.xlsx,Taylor.mp4,Taylor.JPG,Taylor,45,0,3,3,3,0,13,13,0,,,,,,,0,2,0.852620797,,,,,,,0,0,,,,,9,1,2019_Mar_01_1105,FaceNameBlocked,3.0.0,60.00669662,0
FacesBlock4.xlsx,Taylor.mp4,Taylor.JPG,Taylor,45,0,3,3,3,,,,,0,9,9,0,,,,,,,,taylor,1,"['t', 'a', 'y', 'l', 'o', 'r']","[1.985201201023301, 2.118812439002795, 2.2353711940231733, 2.6683081980154384, 2.8183388340112288, 2.8851904180191923]",[1.9852,1.9852,4,0.402148253,,,9,1,2019_Mar_01_1105,FaceNameBlocked,3.0.0,60.00669662,1
FacesBlock3.xlsx,Thomas.mp4,Thomas.JPG,Thomas,44,0,2,2,2,0,10,10,14,,,,,,,1,1,0.736425696,,,,,,,0,0,,,,,9,1,2019_Mar_01_1105,FaceNameBlocked,3.0.0,60.00669662,0
FacesBlock3.xlsx,Thomas.mp4,Thomas.JPG,Thomas,44,0,2,2,2,,,,,0,2,2,14,,,,,,,,thomas,1,"['t', 'h', 'o', 'm', 'a', 's']","[2.652073548990302, 2.751983158988878, 2.9685123859962914, 3.16872560698539, 3.301343642990105, 3.4018801509810146]",[2.6520,2.652,4,0.852192071,,,9,1,2019_Mar_01_1105,FaceNameBlocked,3.0.0,60.00669662,1
FacesBlock1.xlsx,Timothy.mp4,Timothy.JPG,Timothy,10,0,0,0,0,0,9,9,10,,,,,,,0,1,0.519456206,,,,,,,0,0,,,,,9,1,2019_Mar_01_1105,FaceNameBlocked,3.0.0,60.00669662,0
FacesBlock1.xlsx,Timothy.mp4,Timothy.JPG,Timothy,10,0,0,0,0,,,,,0,7,7,10,,,,,,,,stephen,0,"['s', 't', 'e', 'p', 'h', 'e', 'n']","[2.5014890450111125, 2.635193773021456, 2.8352824940229766, 3.834984440007247, 4.068337004020577, 4.168541222024942, 4.268316246016184]",[2.5014,2.5014,2,0.902143621,,,9,1,2019_Mar_01_1105,FaceNameBlocked,3.0.0,60.00669662,0
FacesBlock2.xlsx,Trevor.mp4,Trevor.JPG,Trevor,21,0,1,1,1,0,11,11,6,,,,,,,0,1,0.936334833,,,,,,,0,0,,,,,9,1,2019_Mar_01_1105,FaceNameBlocked,3.0.0,60.00669662,0
FacesBlock2.xlsx,Trevor.mp4,Trevor.JPG,Trevor,21,0,1,1,1,,,,,0,0,0,6,,,,,,space,18.31225095,stephen,0,"['s', 't', 'e', 'p', 'o', 'backspace', 'h', 'e', 'n']","[3.0179031419975217, 3.1009157829976175, 3.250902078987565, 3.6506833599996753, 3.671011098980671, 4.100051294983132, 4.433252830000129, 4.567019291978795, 4.65043088098173]",[3.0179,3.0179,1,0.502771342,,,9,1,2019_Mar_01_1105,FaceNameBlocked,3.0.0,60.00669662,0
FacesBlock2.xlsx,Tyler.mp4,Tyler.JPG,Tyler,22,0,1,1,1,0,9,9,7,,,,,,,0,1,0.852927193,,,,,,,0,0,,,,,9,1,2019_Mar_01_1105,FaceNameBlocked,3.0.0,60.00669662,0
FacesBlock2.xlsx,Tyler.mp4,Tyler.JPG,Tyler,22,0,1,1,1,,,,,0,6,6,7,,,,,,,,sterling,0,"['s', 't', 'e', 'r', 'l', 'i', 'n', 'g']","[2.685118410998257, 2.768445897003403, 2.9350401289993897, 3.0179529770102818, 3.118151072994806, 3.384924228012096, 3.551074160001008, 3.6683466020040214]",[2.6851,2.6851,1,0.601493972,,,9,1,2019_Mar_01_1105,FaceNameBlocked,3.0.0,60.00669662,0
,,,,,,,,,,,,,,,,,space,14.73180029,,,,,,,,,,,,,,,,9,1,2019_Mar_01_1105,FaceNameBlocked,3.0.0,60.00669662,
,,,,,,,,,,,,,,,,,,,,,,,,,,,,,,,,space,103.0857273,9,1,2019_Mar_01_1105,FaceNameBlocked,3.0.0,60.00669662,