condsFile,Video,Photo,Name,Row,blocks.thisRepN,blocks.thisTrialN,blocks.thisN,blocks.thisIndex,presentations.thisRepN,presentations.thisTrialN,presentations.thisN,presentations.thisIndex,testing.thisRepN,testing.thisTrialN,testing.thisN,testing.thisIndex,advance_1.keys,advance_1.rt,currentCond,judgementResp.keys,judgementResp.rt,advance_2.keys,advance_2.rt,inputText,Accuracy,key_resp_3.keys,key_resp_3.rt,trim1,key_resp3_fin,rating_resp.keys,rating_resp.rt,end_key.keys,end_key.rt,participant,session,date,expName,psychopyVersion,frameRate
FacesBlock2.xlsx,Aaron.mp4,Aaron.JPG,Aaron,18,0,1,1,1,0,7,7,3,,,,,,,1,1,2.952190695,,,,,,,0,0,,,,,10,1,2019_Mar_01_1201,FaceNameBlocked,3.0.0,59.95964225
FacesBlock2.xlsx,Aaron.mp4,Aaron.JPG,Aaron,18,0,1,1,1,,,,,0,5,5,3,,,,,,,,bryan,0,"['b', 'r', 'y', 'a', 'n']","[2.6853783399856184, 3.7509831700008363, 3.8685355539782904, 4.417402589984704, 4.601361087989062]",[2.6853,2.6853,1,1.035679632,,,10,1,2019_Mar_01_1201,FaceNameBlocked,3.0.0,59.95964225
FacesBlock1.xlsx,Adam.mp4,Adam.JPG,Adam,5,0,0,0,0,0,2,2,5,,,,,,,1,1,0.318931881,,,,,,,0,0,,,,,10,1,2019_Mar_01_1201,FaceNameBlocked,3.0.0,59.95964225
FacesBlock1.xlsx,Adam.mp4,Adam.JPG,Adam,5,0,0,0,0,,,,,0,9,9,5,,,,,,,,eric,0,"['e', 'r', 'i', 'c']","[3.7184108899964485, 4.334841408999637, 4.468111616006354, 4.684861841989914]",[3.7184,3.7184,1,1.333173364,,,10,1,2019_Mar_01_1201,FaceNameBlocked,3.0.0,59.95964225
FacesBlock4.xlsx,Alyssa.mp4,Alyssa.JPG,Alyssa,55,0,3,3,3,0,3,3,10,,,,,,,0,2,1.419690942,,,,,,,0,0,,,,,10,1,2019_Mar_01_1201,FaceNameBlocked,3.0.0,59.95964225
FacesBlock4.xlsx,Alyssa.mp4,Alyssa.JPG,Alyssa,55,0,3,3,3,,,,,0,6,6,10,,,,,,,,,0,None,,0,0,1,0.202041602,,,10,1,2019_Mar_01_1201,FaceNameBlocked,3.0.0,59.95964225
FacesBlock1.xlsx,Amanda.mp4,Amanda.JPG,Amanda,2,0,0,0,0,0,1,1,2,,,,,,,1,2,0.385702821,,,,,,,0,0,,,,,10,1,2019_Mar_01_1201,FaceNameBlocked,3.0.0,59.95964225
FacesBlock1.xlsx,Amanda.mp4,Amanda.JPG,Amanda,2,0,0,0,0,,,,,0,1,1,2,,,,,,,,christine ,0,"['c', 'h', 'r', 'i', 's', 't', 'i', 'n', 'e', 'return', 'space']","[3.301376827992499, 3.484656697983155, 3.882151500991313, 4.251083329989342, 5.498129086976405, 5.733873645978747, 6.016666166979121, 6.216517473978456, 6.383169576001819, 6.999810359993717, 7.949736226000823]",[3.3013,3.3013,1,1.368299857,,,10,1,2019_Mar_01_1201,FaceNameBlocked,3.0.0,59.95964225
FacesBlock4.xlsx,Andrew.mp4,Andrew.JPG,Andrew,51,0,3,3,3,0,10,10,6,,,,,,,1,1,0.786355491,,,,,,,0,0,,,,,10,1,2019_Mar_01_1201,FaceNameBlocked,3.0.0,59.95964225
FacesBlock4.xlsx,Andrew.mp4,Andrew.JPG,Andrew,51,0,3,3,3,,,,,0,3,3,6,,,,,,,,andrew,1,"['a', 'n', 'd', 'r', 'e', 'w']","[2.7511213640100323, 3.2018543550220784, 3.5701646780071314, 3.7181185800000094, 3.83470035699429, 4.001662006019615]",[2.7511,2.7511,4,1.535215219,,,10,1,2019_Mar_01_1201,FaceNameBlocked,3.0.0,59.95964225
FacesBlock4.xlsx,Anna.mp4,Anna.JPG,Anna,47,0,3,3,3,0,6,6,2,,,,,,,0,2,0.836677328,,,,,,,0,0,,,,,10,1,2019_Mar_01_1201,FaceNameBlocked,3.0.0,59.95964225
FacesBlock4.xlsx,Anna.mp4,Anna.JPG,Anna,47,0,3,3,3,,,,,0,12,12,2,,,,,,,,,0,None,,0,0,1,2.0677979,,,10,1,2019_Mar_01_1201,FaceNameBlocked,3.0.0,59.95964225
FacesBlock2.xlsx,Ashley.mp4,Ashley.JPG,Ashley,24,0,1,1,1,0,8,8,9,,,,,,,0,2,0.886236387,,,,,,,0,0,,,,,10,1,2019_Mar_01_1201,FaceNameBlocked,3.0.0,59.95964225
FacesBlock2.xlsx,Ashley.mp4,Ashley.JPG,Ashley,24,0,1,1,1,,,,,0,1,1,9,,,,,,,,,0,None,,0,0,1,0.652364348,,,10,1,2019_Mar_01_1201,FaceNameBlocked,3.0.0,59.95964225
FacesBlock1.xlsx,Bradley.mp4,Bradley.JPG,Bradley,14,0,0,0,0,0,0,0,14,,,,,,,1,1,2.749646787,,,,,,,0,0,,,,,10,1,2019_Mar_01_1201,FaceNameBlocked,3.0.0,59.95964225
FacesBlock1.xlsx,Bradley.mp4,Bradley.JPG,Bradley,14,0,0,0,0,,,,,0,0,0,14,,,,,,space,28.15976605,jack,0,"['j', 'a', 'c', 'k', 'return', '1', 'backspace', 'return']","[5.451429598004324, 6.050926301017171, 6.60066563001601, 6.700989321019733, 7.0671269909944385, 8.3331582719984, 9.382466797018424, 9.982432657998288]",[5.4514,5.4514,1,1.75165639,,,10,1,2019_Mar_01_1201,FaceNameBlocked,3.0.0,59.95964225
FacesBlock4.xlsx,Brandon.mp4,Brandon.JPG,Brandon,56,0,3,3,3,0,13,13,11,,,,,,,1,1,0.769464666,,,,,,,0,0,,,,,10,1,2019_Mar_01_1201,FaceNameBlocked,3.0.0,59.95964225
FacesBlock4.xlsx,Brandon.mp4,Brandon.JPG,Brandon,56,0,3,3,3,,,,,0,0,0,11,,,,,,space,9.732473845,brandon,1,"['b', 'r', 'a', 'n', 'd', 'o', 'n']","[3.6844797109952196, 3.9844252390030306, 4.333712738996837, 4.50097942200955, 4.700831613008631, 4.883426368003711, 5.050268822000362]",[3.6844,3.6844,4,0.285537659,,,10,1,2019_Mar_01_1201,FaceNameBlocked,3.0.0,59.95964225
FacesBlock4.xlsx,Brian.mp4,Brian.JPG,Brian,53,0,3,3,3,0,9,9,8,,,,,,,0,1,0.886412875,,,,,,,0,0,,,,,10,1,2019_Mar_01_1201,FaceNameBlocked,3.0.0,59.95964225
FacesBlock4.xlsx,Brian.mp4,Brian.JPG,Brian,53,0,3,3,3,,,,,0,7,7,8,,,,,,,,,0,"['t', 'r', 'e', 'backspace', 'backspace', 'backspace']","[5.650421707017813, 5.983563593006693, 6.164983976021176, 7.282394452020526, 7.415873902995372, 7.565910282020923]",[5.6504,5.6504,1,1.551956376,,,10,1,2019_Mar_01_1201,FaceNameBlocked,3.0.0,59.95964225
FacesBlock4.xlsx,Brianna.mp4,Brianna.JPG,Brianna,48,0,3,3,3,0,8,8,3,,,,,,,1,2,0.685692287,,,,,,,0,0,,,,,10,1,2019_Mar_01_1201,FaceNameBlocked,3.0.0,59.95964225
FacesBlock4.xlsx,Brianna.mp4,Brianna.JPG,Brianna,48,0,3,3,3,,,,,0,11,11,3,,,,,,,,brianna,1,"['b', 'r', 'i', 'a', 'n', 'n', 'a']","[4.700560543016763, 5.050304350006627, 5.217009935004171, 5.5826954299991485, 5.916741624008864, 6.066631688998314, 6.198062672017841]",[4.7005,4.7005,4,2.334441183,,,10,1,2019_Mar_01_1201,FaceNameBlocked,3.0.0,59.95964225
FacesBlock2.xlsx,Brittany.mp4,Brittany.JPG,Brittany,28,0,1,1,1,0,5,5,13,,,,,,,0,2,2.635730765,,,,,,,0,0,,,,,10,1,2019_Mar_01_1201,FaceNameBlocked,3.0.0,59.95964225
FacesBlock2.xlsx,Brittany.mp4,Brittany.JPG,Brittany,28,0,1,1,1,,,,,0,13,13,13,,,,,,,,,0,"['r', 'backspace']","[2.9347617389867082, 4.416653252992546]",[2.9347,2.9347,1,1.568645342,,,10,1,2019_Mar_01_1201,FaceNameBlocked,3.0.0,59.95964225
FacesBlock4.xlsx,Caleb.mp4,Caleb.JPG,Caleb,59,0,3,3,3,0,2,2,14,,,,,,,0,1,1.269567607,,,,,,,0,0,,,,,10,1,2019_Mar_01_1201,FaceNameBlocked,3.0.0,59.95964225
FacesBlock4.xlsx,Caleb.mp4,Caleb.JPG,Caleb,59,0,3,3,3,,,,,0,10,10,14,,,,,,,,,0,None,,0,0,1,1.003015794,,,10,1,2019_Mar_01_1201,FaceNameBlocked,3.0.0,59.95964225
FacesBlock2.xlsx,Cody.mp4,Cody.JPG,Cody,23,0,1,1,1,0,6,6,8,,,,,,,0,1,1.0834366,,,,,,,0,0,,,,,10,1,2019_Mar_01_1201,FaceNameBlocked,3.0.0,59.95964225
FacesBlock2.xlsx,Cody.mp4,Cody.JPG,Cody,23,0,1,1,1,,,,,0,3,3,8,,,,,,,,josh,0,"['j', 'o', 's', 'h']","[4.2350406470068265, 4.40200930001447, 4.717703061993234, 4.868161049991613]",[4.2350,4.2350,1,0.70188594,,,10,1,2019_Mar_01_1201,FaceNameBlocked,3.0.0,59.95964225
FacesBlock3.xlsx,Courtney.mp4,Courtney.JPG,Courtney,42,0,2,2,2,0,8,8,12,,,,,,,1,2,0.936014381,,,,,,,0,0,,,,,10,1,2019_Mar_01_1201,FaceNameBlocked,3.0.0,59.95964225
FacesBlock3.xlsx,Courtney.mp4,Courtney.JPG,Courtney,42,0,2,2,2,,,,,0,10,10,12,,,,,,,,,0,None,,0,0,1,1.652475786,,,10,1,2019_Mar_01_1201,FaceNameBlocked,3.0.0,59.95964225
FacesBlock3.xlsx,Daniel.mp4,Daniel.JPG,Daniel,30,0,2,2,2,0,1,1,0,,,,,,,1,1,5.634866302,,,,,,,0,0,,,,,10,1,2019_Mar_01_1201,FaceNameBlocked,3.0.0,59.95964225
FacesBlock3.xlsx,Daniel.mp4,Daniel.JPG,Daniel,30,0,2,2,2,,,,,0,13,13,0,,,,,,,,,0,None,,0,0,1,0.902219512,,,10,1,2019_Mar_01_1201,FaceNameBlocked,3.0.0,59.95964225
FacesBlock1.xlsx,Danielle.mp4,Danielle.JPG,Danielle,3,0,0,0,0,0,6,6,3,,,,,,,0,2,0.285708188,,,,,,,0,0,,,,,10,1,2019_Mar_01_1201,FaceNameBlocked,3.0.0,59.95964225
FacesBlock1.xlsx,Danielle.mp4,Danielle.JPG,Danielle,3,0,0,0,0,,,,,0,8,8,3,,,,,,,,jessica,0,"['j', 'e', 's', 's', 'i', 'c', 'a']","[3.668776420003269, 3.9516765190055594, 4.435188842006028, 4.568282549997093, 4.716558832995361, 4.851836783986073, 5.51600923598744]",[3.6687,3.6687,1,1.001922533,,,10,1,2019_Mar_01_1201,FaceNameBlocked,3.0.0,59.95964225
FacesBlock2.xlsx,David.mp4,David.JPG,David,16,0,1,1,1,0,9,9,1,,,,,,,0,1,0.719409289,,,,,,,0,0,,,,,10,1,2019_Mar_01_1201,FaceNameBlocked,3.0.0,59.95964225
FacesBlock2.xlsx,David.mp4,David.JPG,David,16,0,1,1,1,,,,,0,8,8,1,,,,,,,,,0,None,,0,0,1,1.618621668,,,10,1,2019_Mar_01_1201,FaceNameBlocked,3.0.0,59.95964225
FacesBlock4.xlsx,Dylan.mp4,Dylan.JPG,Dylan,50,0,3,3,3,0,12,12,5,,,,,,,0,1,0.719611651,,,,,,,0,0,,,,,10,1,2019_Mar_01_1201,FaceNameBlocked,3.0.0,59.95964225
FacesBlock4.xlsx,Dylan.mp4,Dylan.JPG,Dylan,50,0,3,3,3,,,,,0,8,8,5,,,,,,,,dylan,1,"['d', 'y', 'l', 'a', 'n']","[2.534190367005067, 2.7845917840022594, 3.218465242011007, 3.4177965089911595, 3.5672982780088205]",[2.5341,2.5341,4,1.767908242,,,10,1,2019_Mar_01_1201,FaceNameBlocked,3.0.0,59.95964225
FacesBlock4.xlsx,Emily.mp4,Emily.JPG,Emily,57,0,3,3,3,0,0,0,12,,,,,,,0,2,4.648319571,,,,,,,0,0,,,,,10,1,2019_Mar_01_1201,FaceNameBlocked,3.0.0,59.95964225
FacesBlock4.xlsx,Emily.mp4,Emily.JPG,Emily,57,0,3,3,3,,,,,0,4,4,12,,,,,,,,anna,0,"['a', 'n', 'n', 'a']","[4.301131532993168, 4.501135764003266, 5.334229041996878, 5.900752065994311]",[4.3011,4.3011,2,1.151652035,,,10,1,2019_Mar_01_1201,FaceNameBlocked,3.0.0,59.95964225
FacesBlock1.xlsx,Eric.mp4,Eric.JPG,Eric,0,0,0,0,0,0,14,14,0,,,,,,,0,1,0.319566551,,,,,,,0,0,,,,,10,1,2019_Mar_01_1201,FaceNameBlocked,3.0.0,59.95964225
FacesBlock1.xlsx,Eric.mp4,Eric.JPG,Eric,0,0,0,0,0,,,,,0,13,13,0,,,,,,,,kyle,0,"['k', 'y', 'l', 'e']","[3.5674172319995705, 3.883799628005363, 4.567151102004573, 4.81734979499015]",[3.5674,3.5674,1,1.686025402,,,10,1,2019_Mar_01_1201,FaceNameBlocked,3.0.0,59.95964225
FacesBlock1.xlsx,Ethan.mp4,Ethan.JPG,Ethan,11,0,0,0,0,0,3,3,11,,,,,,,1,1,0.269406056,,,,,,,0,0,,,,,10,1,2019_Mar_01_1201,FaceNameBlocked,3.0.0,59.95964225
FacesBlock1.xlsx,Ethan.mp4,Ethan.JPG,Ethan,11,0,0,0,0,,,,,0,10,10,11,,,,,,,,eric,0,"['e', 'r', 'i', 'c']","[3.568144436023431, 4.001406869007042, 4.351374148012837, 4.501386319025187]",[3.5681,3.5681,1,1.002193286,,,10,1,2019_Mar_01_1201,FaceNameBlocked,3.0.0,59.95964225
FacesBlock4.xlsx,Grace.mp4,Grace.JPG,Grace,58,0,3,3,3,0,4,4,13,,,,,,,0,2,0.768723294,,,,,,,0,0,,,,,10,1,2019_Mar_01_1201,FaceNameBlocked,3.0.0,59.95964225
FacesBlock4.xlsx,Grace.mp4,Grace.JPG,Grace,58,0,3,3,3,,,,,0,9,9,13,,,,,,,,anna,0,"['a', 'n', 'n', 'a']","[2.318921419006074, 2.5351767600222956, 2.701961115002632, 2.8686128580011427]",[2.3189,2.3189,4,0.951671254,,,10,1,2019_Mar_01_1201,FaceNameBlocked,3.0.0,59.95964225
FacesBlock2.xlsx,Haley.mp4,Haley.JPG,Haley,20,0,1,1,1,0,11,11,5,,,,,,,1,2,0.819791989,,,,,,,0,0,,,,,10,1,2019_Mar_01_1201,FaceNameBlocked,3.0.0,59.95964225
FacesBlock2.xlsx,Haley.mp4,Haley.JPG,Haley,20,0,1,1,1,,,,,0,14,14,5,,,,,,,,rebecca,0,"['r', 'e', 'b', 'e', 'c', 'c', 'a']","[5.683819103986025, 5.8836612940067425, 6.133288134005852, 6.766570426989347, 7.016832558991155, 7.16675960199791, 7.316971519001527]",[5.6838,5.6838,1,1.102050798,,,10,1,2019_Mar_01_1201,FaceNameBlocked,3.0.0,59.95964225
FacesBlock1.xlsx,Hannah.mp4,Hannah.JPG,Hannah,1,0,0,0,0,0,11,11,1,,,,,,,1,2,0.18631947,,,,,,,0,0,,,,,10,1,2019_Mar_01_1201,FaceNameBlocked,3.0.0,59.95964225
FacesBlock1.xlsx,Hannah.mp4,Hannah.JPG,Hannah,1,0,0,0,0,,,,,0,11,11,1,,,,,,,,lil,0,"['j', 's', 's', 'i', 'backspace', 'backspace', 'backspace', 'backspace', 'backspace', 'backspace', 'l', 'i', 'l']","[3.6010729249974247, 4.3342692849982996, 4.483877708989894, 4.66721943198354, 5.399343055993086, 5.5660304829943925, 5.7166086029901635, 5.849175567011116, 6.016480878985021, 6.148905310983537, 7.615793028991902, 7.8661657969933, 9.765239433007082]",[3.6010,3.6010,1,1.201928525,,,10,1,2019_Mar_01_1201,FaceNameBlocked,3.0.0,59.95964225
FacesBlock2.xlsx,Heather.mp4,Heather.JPG,Heather,26,0,1,1,1,0,14,14,11,,,,,,,0,2,0.285807707,,,,,,,0,0,,,,,10,1,2019_Mar_01_1201,FaceNameBlocked,3.0.0,59.95964225
FacesBlock2.xlsx,Heather.mp4,Heather.JPG,Heather,26,0,1,1,1,,,,,0,12,12,11,,,,,,,,,0,None,,0,0,1,2.599610375,,,10,1,2019_Mar_01_1201,FaceNameBlocked,3.0.0,59.95964225
FacesBlock3.xlsx,Jacob.mp4,Jacob.JPG,Jacob,39,0,2,2,2,0,9,9,9,,,,,,,0,1,9.883324813,,,,,,,0,0,,,,,10,1,2019_Mar_01_1201,FaceNameBlocked,3.0.0,59.95964225
FacesBlock3.xlsx,Jacob.mp4,Jacob.JPG,Jacob,39,0,2,2,2,,,,,0,4,4,9,,,,,,,,noah,0,"['n', 'o', 'a', 'h']","[3.202316333015915, 3.6511782990128268, 4.201362870022422, 5.034308864997001]",[3.2023,3.2023,1,0.55235225,,,10,1,2019_Mar_01_1201,FaceNameBlocked,3.0.0,59.95964225
FacesBlock4.xlsx,Jason.mp4,Jason.JPG,Jason,49,0,3,3,3,0,1,1,4,,,,,,,1,1,1.068979997,,,,,,,0,0,,,,,10,1,2019_Mar_01_1201,FaceNameBlocked,3.0.0,59.95964225
FacesBlock4.xlsx,Jason.mp4,Jason.JPG,Jason,49,0,3,3,3,,,,,0,5,5,4,,,,,,,,jason,1,"['j', 'a', 's', 'a', 'backspace', 'o', 'n']","[3.268859557021642, 3.6500859490188304, 3.8178077840129845, 3.98503150002216, 4.534279359999346, 4.918024481012253, 5.100511220021872]",[3.2688,3.2688,4,1.13505146,,,10,1,2019_Mar_01_1201,FaceNameBlocked,3.0.0,59.95964225
FacesBlock1.xlsx,Jenna.mp4,Jenna.JPG,Jenna,6,0,0,0,0,0,8,8,6,,,,,,,1,1,0.352251766,,,,,,,0,0,,,,,10,1,2019_Mar_01_1201,FaceNameBlocked,3.0.0,59.95964225
FacesBlock1.xlsx,Jenna.mp4,Jenna.JPG,Jenna,6,0,0,0,0,,,,,0,4,4,6,,,,,,,,jenna,1,"['j', 'e', 'n', 'n', 'a', 'return']","[1.6683382170158438, 1.8526526119967457, 2.0012602799979504, 2.1514131849980913, 2.2521613060089294, 2.7018132279918063]",[1.6683,1.6683,2,1.684407641,,,10,1,2019_Mar_01_1201,FaceNameBlocked,3.0.0,59.95964225
FacesBlock2.xlsx,Jeremy.mp4,Jeremy.JPG,Jeremy,15,0,1,1,1,0,3,3,0,,,,,,,1,1,0.885785606,,,,,,,0,0,,,,,10,1,2019_Mar_01_1201,FaceNameBlocked,3.0.0,59.95964225
FacesBlock2.xlsx,Jeremy.mp4,Jeremy.JPG,Jeremy,15,0,1,1,1,,,,,0,0,0,0,,,,,,space,2.201755684,,0,None,,0,0,1,3.23496125,,,10,1,2019_Mar_01_1201,FaceNameBlocked,3.0.0,59.95964225
FacesBlock1.xlsx,Jessica.mp4,Jessica.JPG,Jessica,8,0,0,0,0,0,12,12,8,,,,,,,0,2,0.219573321,,,,,,,0,0,,,,,10,1,2019_Mar_01_1201,FaceNameBlocked,3.0.0,59.95964225
FacesBlock1.xlsx,Jessica.mp4,Jessica.JPG,Jessica,8,0,0,0,0,,,,,0,12,12,8,,,,,,,,christine,0,"['c', 'h', 'r', 'i', 's', 't', 'i', 'n', 'e']","[3.300933618011186, 3.5172133480082266, 3.784493340004701, 4.2848620559962, 4.567706781002926, 4.667680006008595, 4.834603283001343, 5.048886436998146, 5.24876493299962]",[3.3009,3.3009,1,0.269324833,,,10,1,2019_Mar_01_1201,FaceNameBlocked,3.0.0,59.95964225
FacesBlock2.xlsx,Josh.mp4,Josh.JPG,Josh,19,0,1,1,1,0,0,0,4,,,,,,,1,1,5.451188288,,,,,,,0,0,,,,,10,1,2019_Mar_01_1201,FaceNameBlocked,3.0.0,59.95964225
FacesBlock2.xlsx,Josh.mp4,Josh.JPG,Josh,19,0,1,1,1,,,,,0,7,7,4,,,,,,,,josh,1,"['j', 'o', 's', 'h']","[2.634768391988473, 2.8012303599971347, 3.0014256319846027, 3.1851442879997194]",[2.6347,2.6347,1,0.285678514,,,10,1,2019_Mar_01_1201,FaceNameBlocked,3.0.0,59.95964225
FacesBlock1.xlsx,Julia.mp4,Julia.JPG,Julia,13,0,0,0,0,0,9,9,13,,,,,,,0,2,0.653288099,,,,,,,0,0,,,,,10,1,2019_Mar_01_1201,FaceNameBlocked,3.0.0,59.95964225
FacesBlock1.xlsx,Julia.mp4,Julia.JPG,Julia,13,0,0,0,0,,,,,0,7,7,13,,,,,,,,Danielle,0,"['lshift', 'd', 'a', 'n', 'i', 'e', 'l', 'l', 'e', '1', 'backspace']","[1.78388157999143, 2.133525411976734, 2.3327956079738215, 2.4680889069859404, 2.601640144974226, 2.7513624989951495, 3.184995089977747, 3.3181873639987316, 3.4176398089912254, 4.7174911519978195, 5.650020870001754]",[1.7838,1.7838,1,0.451485515,,,10,1,2019_Mar_01_1201,FaceNameBlocked,3.0.0,59.95964225
FacesBlock2.xlsx,Justin.mp4,Justin.JPG,Justin,27,0,1,1,1,0,1,1,12,,,,,,,1,1,1.019318455,,,,,,,0,0,,,,,10,1,2019_Mar_01_1201,FaceNameBlocked,3.0.0,59.95964225
FacesBlock2.xlsx,Justin.mp4,Justin.JPG,Justin,27,0,1,1,1,,,,,0,6,6,12,,,,,,,,justin,1,"['j', 'u', 's', 't', 'i', 'n']","[1.7858342370018363, 1.9514524549886119, 2.16852538700914, 2.335322658997029, 2.534531217010226, 2.701889668998774]",[1.7858,1.7858,4,0.984907517,,,10,1,2019_Mar_01_1201,FaceNameBlocked,3.0.0,59.95964225
FacesBlock4.xlsx,Katie.mp4,Katie.JPG,Katie,54,0,3,3,3,0,11,11,9,,,,,,,1,2,0.319557224,,,,,,,0,0,,,,,10,1,2019_Mar_01_1201,FaceNameBlocked,3.0.0,59.95964225
FacesBlock4.xlsx,Katie.mp4,Katie.JPG,Katie,54,0,3,3,3,,,,,0,2,2,9,,,,,,,,katie,1,"['k', 'a', 't', 'i', 'e']","[1.2353411490039434, 1.6016608420177363, 1.9847048509982415, 2.2344258220109623, 2.550809467007639]",[1.2353,1.2353,4,1.336086747,,,10,1,2019_Mar_01_1201,FaceNameBlocked,3.0.0,59.95964225
FacesBlock3.xlsx,Kayla.mp4,Kayla.JPG,Kayla,34,0,2,2,2,0,3,3,4,,,,,,,1,2,6.484028884,,,,,,,0,0,,,,,10,1,2019_Mar_01_1201,FaceNameBlocked,3.0.0,59.95964225
FacesBlock3.xlsx,Kayla.mp4,Kayla.JPG,Kayla,34,0,2,2,2,,,,,0,0,0,4,,,,,,space,36.04056058,,0,None,,0,0,1,3.151096588,,,10,1,2019_Mar_01_1201,FaceNameBlocked,3.0.0,59.95964225
FacesBlock1.xlsx,Kelsey.mp4,Kelsey.JPG,Kelsey,12,0,0,0,0,0,7,7,12,,,,,,,0,2,0.285997849,,,,,,,0,0,,,,,10,1,2019_Mar_01_1201,FaceNameBlocked,3.0.0,59.95964225
FacesBlock1.xlsx,Kelsey.mp4,Kelsey.JPG,Kelsey,12,0,0,0,0,,,,,0,6,6,12,,,,,,,,Danie,0,"['lshift', 'd', 'a', 'n', 'i', 'e']","[6.997820103977574, 7.4164929339895025, 8.216121781995753, 8.548771884990856, 9.581563400977757, 9.748731938976562]",[6.9978,6.9978,1,2.150905687,,,10,1,2019_Mar_01_1201,FaceNameBlocked,3.0.0,59.95964225
FacesBlock3.xlsx,Kevin.mp4,Kevin.JPG,Kevin,41,0,2,2,2,0,5,5,11,,,,,,,1,1,0.652998993,,,,,,,0,0,,,,,10,1,2019_Mar_01_1201,FaceNameBlocked,3.0.0,59.95964225
FacesBlock3.xlsx,Kevin.mp4,Kevin.JPG,Kevin,41,0,2,2,2,,,,,0,12,12,11,,,,,,,,kevin,1,"['k', 'e', 'v', 'i', 'n']","[5.1851226019789465, 5.367812089971267, 5.583887088985648, 5.801057448989013, 6.05110454998794]",[5.1851,5.1851,4,1.35192767,,,10,1,2019_Mar_01_1201,FaceNameBlocked,3.0.0,59.95964225
FacesBlock1.xlsx,Kyle.mp4,Kyle.JPG,Kyle,4,0,0,0,0,0,4,4,4,,,,,,,0,1,0.302558404,,,,,,,0,0,,,,,10,1,2019_Mar_01_1201,FaceNameBlocked,3.0.0,59.95964225
FacesBlock1.xlsx,Kyle.mp4,Kyle.JPG,Kyle,4,0,0,0,0,,,,,0,3,3,4,,,,,,,,kyle,1,"['k', 'y', 'l', 'e', 'return']","[2.899632275017211, 3.2017901470244396, 3.650692320021335, 3.9841272240155376, 4.300210788002005]",[2.8996,2.8996,1,1.185283978,,,10,1,2019_Mar_01_1201,FaceNameBlocked,3.0.0,59.95964225
FacesBlock3.xlsx,Lauren.mp4,Lauren.JPG,Lauren,38,0,2,2,2,0,7,7,8,,,,,,,1,2,4.168743654,,,,,,,0,0,,,,,10,1,2019_Mar_01_1201,FaceNameBlocked,3.0.0,59.95964225
FacesBlock3.xlsx,Lauren.mp4,Lauren.JPG,Lauren,38,0,2,2,2,,,,,0,3,3,8,,,,,,,,,0,None,,0,0,1,0.985694212,,,10,1,2019_Mar_01_1201,FaceNameBlocked,3.0.0,59.95964225
FacesBlock3.xlsx,Mark.mp4,Mark.JPG,Mark,40,0,2,2,2,0,10,10,10,,,,,,,0,1,7.767025145,,,,,,,0,0,,,,,10,1,2019_Mar_01_1201,FaceNameBlocked,3.0.0,59.95964225
FacesBlock3.xlsx,Mark.mp4,Mark.JPG,Mark,40,0,2,2,2,,,,,0,14,14,10,,,,,,,,mark,1,"['m', 'a', 'r', 'k']","[3.700694913015468, 4.118017057015095, 4.4323419150023255, 4.8507926300226245]",[3.7006,3.7006,4,1.035465329,,,10,1,2019_Mar_01_1201,FaceNameBlocked,3.0.0,59.95964225
FacesBlock1.xlsx,Matthew.mp4,Matthew.JPG,Matthew,9,0,0,0,0,0,10,10,9,,,,,,,0,1,0.333826513,,,,,,,0,0,,,,,10,1,2019_Mar_01_1201,FaceNameBlocked,3.0.0,59.95964225
FacesBlock1.xlsx,Matthew.mp4,Matthew.JPG,Matthew,9,0,0,0,0,,,,,0,5,5,9,,,,,,,,Matthew,1,"['lshift', 'm', 'a', 't', 't', 'h', 'e', 'w', 'return']","[6.68124073598301, 6.84952703199815, 7.249338470981456, 7.9825694039755035, 8.115523909975309, 8.315468279994093, 8.53032568198978, 8.73250427597668, 9.448377736989642]",[6.6812,6.6812,4,1.451870805,,,10,1,2019_Mar_01_1201,FaceNameBlocked,3.0.0,59.95964225
FacesBlock2.xlsx,Megan.mp4,Megan.JPG,Megan,25,0,1,1,1,0,10,10,10,,,,,,,0,2,1.252823228,,,,,,,0,0,,,,,10,1,2019_Mar_01_1201,FaceNameBlocked,3.0.0,59.95964225
FacesBlock2.xlsx,Megan.mp4,Megan.JPG,Megan,25,0,1,1,1,,,,,0,9,9,10,,,,,,,,maiden,0,"['m', 'a', 'i', 'd', 'e', 'n']","[3.7510702940053307, 3.917256341985194, 4.065550108003663, 4.300626087991986, 4.400737743009813, 4.5173883640090935]",[3.7510,3.7510,4,0.986438158,,,10,1,2019_Mar_01_1201,FaceNameBlocked,3.0.0,59.95964225
FacesBlock4.xlsx,Michael.mp4,Michael.JPG,Michael,46,0,3,3,3,0,5,5,1,,,,,,,1,1,1.252587469,,,,,,,0,0,,,,,10,1,2019_Mar_01_1201,FaceNameBlocked,3.0.0,59.95964225
FacesBlock4.xlsx,Michael.mp4,Michael.JPG,Michael,46,0,3,3,3,,,,,0,14,14,1,,,,,,,,michael,1,"['m', 'i', 'c', 'h', 'a', 'e', 'l']","[3.884722721995786, 4.034704076999333, 4.418175285012694, 4.734734294994269, 5.08393178001279, 5.217563112004427, 5.717335160006769]",[3.8847,3.8847,4,3.967623319,,,10,1,2019_Mar_01_1201,FaceNameBlocked,3.0.0,59.95964225
FacesBlock4.xlsx,Michelle.mp4,Michelle.JPG,Michelle,52,0,3,3,3,0,7,7,7,,,,,,,1,2,0.785612461,,,,,,,0,0,,,,,10,1,2019_Mar_01_1201,FaceNameBlocked,3.0.0,59.95964225
FacesBlock4.xlsx,Michelle.mp4,Michelle.JPG,Michelle,52,0,3,3,3,,,,,0,1,1,7,,,,,,,,michelle,1,"['m', 'i', 'c', 'h', 'e', 'l', 'l', 'e']","[6.317112337012077, 6.48372543399455, 6.698445908987196, 6.850490668992279, 6.9829092569998465, 7.233191656006966, 7.349564839008963, 7.466908031987259]",[6.3171,6.3171,4,1.135395731,,,10,1,2019_Mar_01_1201,FaceNameBlocked,3.0.0,59.95964225
FacesBlock1.xlsx,Natalie.mp4,Natalie.JPG,Natalie,7,0,0,0,0,0,5,5,7,,,,,,,1,2,0.318841556,,,,,,,0,0,,,,,10,1,2019_Mar_01_1201,FaceNameBlocked,3.0.0,59.95964225
FacesBlock1.xlsx,Natalie.mp4,Natalie.JPG,Natalie,7,0,0,0,0,,,,,0,14,14,7,,,,,,,,,0,None,,0,0,2,7.966282531,,,10,1,2019_Mar_01_1201,FaceNameBlocked,3.0.0,59.95964225
FacesBlock3.xlsx,Nathan.mp4,Nathan.JPG,Nathan,37,0,2,2,2,0,14,14,7,,,,,,,1,1,1.102742379,,,,,,,0,0,,,,,10,1,2019_Mar_01_1201,FaceNameBlocked,3.0.0,59.95964225
FacesBlock3.xlsx,Nathan.mp4,Nathan.JPG,Nathan,37,0,2,2,2,,,,,0,11,11,7,,,,,,,,nathan,1,"['n', 'a', 't', 'h', 'a', 'n']","[6.332925633993, 6.550261998985661, 6.733138998999493, 6.916328320978209, 7.032666279992554, 7.149798244994599]",[6.3329,6.3329,4,2.851680431,,,10,1,2019_Mar_01_1201,FaceNameBlocked,3.0.0,59.95964225
FacesBlock3.xlsx,Nicole.mp4,Nicole.JPG,Nicole,43,0,2,2,2,0,12,12,13,,,,,,,1,2,0.986073609,,,,,,,0,0,,,,,10,1,2019_Mar_01_1201,FaceNameBlocked,3.0.0,59.95964225
FacesBlock3.xlsx,Nicole.mp4,Nicole.JPG,Nicole,43,0,2,2,2,,,,,0,2,2,13,,,,,,,,,0,None,,0,0,1,1.168976606,,,10,1,2019_Mar_01_1201,FaceNameBlocked,3.0.0,59.95964225
FacesBlock3.xlsx,Noah.mp4,Noah.JPG,Noah,31,0,2,2,2,0,4,4,1,,,,,,,1,1,1.186543202,,,,,,,0,0,,,,,10,1,2019_Mar_01_1201,FaceNameBlocked,3.0.0,59.95964225
FacesBlock3.xlsx,Noah.mp4,Noah.JPG,Noah,31,0,2,2,2,,,,,0,8,8,1,,,,,,,,noah,1,"['n', 'o', 'a', 'h']","[6.633552298997529, 6.783935880986974, 7.066774508974049, 7.233902636973653]",[6.6335,6.6335,4,0.968350555,,,10,1,2019_Mar_01_1201,FaceNameBlocked,3.0.0,59.95964225
FacesBlock3.xlsx,Olivia.mp4,Olivia.JPG,Olivia,35,0,2,2,2,0,0,0,5,,,,,,,0,2,10.41700095,,,,,,,0,0,,,,,10,1,2019_Mar_01_1201,FaceNameBlocked,3.0.0,59.95964225
FacesBlock3.xlsx,Olivia.mp4,Olivia.JPG,Olivia,35,0,2,2,2,,,,,0,7,7,5,,,,,,,,,0,None,,0,0,1,1.384707681,,,10,1,2019_Mar_01_1201,FaceNameBlocked,3.0.0,59.95964225
FacesBlock2.xlsx,Rachel.mp4,Rachel.JPG,Rachel,29,0,1,1,1,0,12,12,14,,,,,,,0,2,1.102652197,,,,,,,0,0,,,,,10,1,2019_Mar_01_1201,FaceNameBlocked,3.0.0,59.95964225
FacesBlock2.xlsx,Rachel.mp4,Rachel.JPG,Rachel,29,0,1,1,1,,,,,0,2,2,14,,,,,,,,rachel,1,"['a', 'c', 'h', 'e', 'l', 'backspace', 'backspace', 'backspace', 'backspace', 'backspace', 'r', 'a', 'c', 'h', 'e', 'l']","[1.9186858649773058, 2.2182258289831225, 2.3520437970000785, 2.5014439309888985, 2.868322697991971, 3.8844063049764372, 4.032759433990577, 4.167276969994418, 4.300538024981506, 4.434188266983256, 5.11757016798947, 5.300861326977611, 5.567234689980978, 5.717321179981809, 5.950695723993704, 6.117280779988505]",[1.9186,1.9186,3,0.266729099,,,10,1,2019_Mar_01_1201,FaceNameBlocked,3.0.0,59.95964225
FacesBlock3.xlsx,Rebecca.mp4,Rebecca.JPG,Rebecca,32,0,2,2,2,0,13,13,2,,,,,,,0,2,3.118737151,,,,,,,0,0,,,,,10,1,2019_Mar_01_1201,FaceNameBlocked,3.0.0,59.95964225
FacesBlock3.xlsx,Rebecca.mp4,Rebecca.JPG,Rebecca,32,0,2,2,2,,,,,0,1,1,2,,,,,,,,rebecca,1,"['r', 'e', 'b', 'e', 'c', 'c', 'a']","[6.017314992001047, 6.1505515620228834, 6.367367187020136, 6.515423879027367, 6.91481999901589, 7.066957665025257, 7.216910467017442]",[6.0173,6.0173,4,0.819154913,,,10,1,2019_Mar_01_1201,FaceNameBlocked,3.0.0,59.95964225
FacesBlock3.xlsx,Sarah.mp4,Sarah.JPG,Sarah,33,0,2,2,2,0,6,6,3,,,,,,,0,2,8.283782772,,,,,,,0,0,,,,,10,1,2019_Mar_01_1201,FaceNameBlocked,3.0.0,59.95964225
FacesBlock3.xlsx,Sarah.mp4,Sarah.JPG,Sarah,33,0,2,2,2,,,,,0,5,5,3,,,,,,,,,0,None,,0,0,1,0.865940189,,,10,1,2019_Mar_01_1201,FaceNameBlocked,3.0.0,59.95964225
FacesBlock3.xlsx,Shelby.mp4,Shelby.JPG,Shelby,36,0,2,2,2,0,11,11,6,,,,,,,0,2,1.819088717,,,,,,,0,0,,,,,10,1,2019_Mar_01_1201,FaceNameBlocked,3.0.0,59.95964225
FacesBlock3.xlsx,Shelby.mp4,Shelby.JPG,Shelby,36,0,2,2,2,,,,,0,9,9,6,,,,,,,,xiaowi,0,"['x', 'i', 'a', 'o', 'w', 'i']","[1.9501904609787744, 2.118572770996252, 2.268519627978094, 2.4344617179885972, 2.635185533988988, 2.784676219976973]",[1.9501,1.9501,4,1.918417591,,,10,1,2019_Mar_01_1201,FaceNameBlocked,3.0.0,59.95964225
FacesBlock2.xlsx,Steven.mp4,Steven.JPG,Steven,17,0,1,1,1,0,13,13,2,,,,,,,1,1,1.519478428,,,,,,,0,0,,,,,10,1,2019_Mar_01_1201,FaceNameBlocked,3.0.0,59.95964225
FacesBlock2.xlsx,Steven.mp4,Steven.JPG,Steven,17,0,1,1,1,,,,,0,10,10,2,,,,,,,,,0,None,,0,0,1,1.217851521,,,10,1,2019_Mar_01_1201,FaceNameBlocked,3.0.0,59.95964225
FacesBlock4.xlsx,Taylor.mp4,Taylor.JPG,Taylor,45,0,3,3,3,0,14,14,0,,,,,,,0,2,0.48658706,,,,,,,0,0,,,,,10,1,2019_Mar_01_1201,FaceNameBlocked,3.0.0,59.95964225
FacesBlock4.xlsx,Taylor.mp4,Taylor.JPG,Taylor,45,0,3,3,3,,,,,0,13,13,0,,,,,,,,taylor,1,"['t', 'a', 'y', 'l', 'o', 'r']","[1.8518934499879833, 2.1854537579929456, 2.5686293419857975, 2.9684225110104308, 3.135222521988908, 3.4346766369999386]",[1.8518,1.8518,4,1.33548503,,,10,1,2019_Mar_01_1201,FaceNameBlocked,3.0.0,59.95964225
FacesBlock3.xlsx,Thomas.mp4,Thomas.JPG,Thomas,44,0,2,2,2,0,2,2,14,,,,,,,0,1,4.835213466,,,,,,,0,0,,,,,10,1,2019_Mar_01_1201,FaceNameBlocked,3.0.0,59.95964225
FacesBlock3.xlsx,Thomas.mp4,Thomas.JPG,Thomas,44,0,2,2,2,,,,,0,6,6,14,,,,,,,,,0,None,,0,0,1,1.152326891,,,10,1,2019_Mar_01_1201,FaceNameBlocked,3.0.0,59.95964225
FacesBlock1.xlsx,Timothy.mp4,Timothy.JPG,Timothy,10,0,0,0,0,0,13,13,10,,,,,,,1,1,3.434454248,,,,,,,0,0,,,,,10,1,2019_Mar_01_1201,FaceNameBlocked,3.0.0,59.95964225
FacesBlock1.xlsx,Timothy.mp4,Timothy.JPG,Timothy,10,0,0,0,0,,,,,0,2,2,10,,,,,,,,kyle ,0,"['k', 'y', 'l', 'e', 'return', 'return', 'space']","[3.035239230026491, 3.435257934004767, 4.184748882020358, 4.332699795020744, 4.9510052210243884, 5.733917765028309, 6.850146752025466]",[3.0352,3.0352,1,1.251376531,,,10,1,2019_Mar_01_1201,FaceNameBlocked,3.0.0,59.95964225
FacesBlock2.xlsx,Trevor.mp4,Trevor.JPG,Trevor,21,0,1,1,1,0,4,4,6,,,,,,,1,1,0.868963658,,,,,,,0,0,,,,,10,1,2019_Mar_01_1201,FaceNameBlocked,3.0.0,59.95964225
FacesBlock2.xlsx,Trevor.mp4,Trevor.JPG,Trevor,21,0,1,1,1,,,,,0,4,4,6,,,,,,,,trevor,1,"['t', 'r', 'e', 'v', 'o', 'r']","[1.7000492560036946, 2.002116023999406, 2.20120146300178, 2.5517672979913186, 2.951269773999229, 3.2183968989993446]",[1.7000,1.7000,4,0.268856464,,,10,1,2019_Mar_01_1201,FaceNameBlocked,3.0.0,59.95964225
FacesBlock2.xlsx,Tyler.mp4,Tyler.JPG,Tyler,22,0,1,1,1,0,2,2,7,,,,,,,0,1,3.585232921,,,,,,,0,0,,,,,10,1,2019_Mar_01_1201,FaceNameBlocked,3.0.0,59.95964225
FacesBlock2.xlsx,Tyler.mp4,Tyler.JPG,Tyler,22,0,1,1,1,,,,,0,11,11,7,,,,,,,,,0,None,,0,0,1,2.185002443,,,10,1,2019_Mar_01_1201,FaceNameBlocked,3.0.0,59.95964225
,,,,,,,,,,,,,,,,,space,32.85956437,,,,,,,,,,,,,,,,10,1,2019_Mar_01_1201,FaceNameBlocked,3.0.0,59.95964225
,,,,,,,,,,,,,,,,,,,,,,,,,,,,,,,,space,1.235209292,10,1,2019_Mar_01_1201,FaceNameBlocked,3.0.0,59.95964225