condsFile,Video,Photo,Name,Row,blocks.thisRepN,blocks.thisTrialN,blocks.thisN,blocks.thisIndex,presentations.thisRepN,presentations.thisTrialN,presentations.thisN,presentations.thisIndex,testing.thisRepN,testing.thisTrialN,testing.thisN,testing.thisIndex,advance_1.keys,advance_1.rt,currentCond,judgementResp.keys,judgementResp.rt,advance_2.keys,advance_2.rt,inputText,Accuracy,key_resp_3.keys,key_resp_3.rt,trim1,key_resp3_fin,rating_resp.keys,rating_resp.rt,end_key.keys,end_key.rt,participant,session,date,expName,psychopyVersion,frameRate
FacesBlock2.xlsx,Aaron.mp4,Aaron.JPG,Aaron,18,0,1,1,1,0,2,2,3,,,,,,,0,1,1.085380894,,,,,,,0,0,,,,,14,1,2019_Mar_06_1356,FaceNameBlocked,3.0.0,59.99032861
FacesBlock2.xlsx,Aaron.mp4,Aaron.JPG,Aaron,18,0,1,1,1,,,,,0,4,4,3,,,,,,,,Brad,0,"['lshift', 'b', 'r', 'a', 'd']","[4.266225457889959, 4.468084776890464, 4.967589623993263, 5.133824724936858, 5.33406904397998]",[4.2662,4.2662,1,0.501830009,,,14,1,2019_Mar_06_1356,FaceNameBlocked,3.0.0,59.99032861
FacesBlock1.xlsx,Adam.mp4,Adam.JPG,Adam,5,0,0,0,0,0,14,14,5,,,,,,,1,1,0.518953053,,,,,,,0,0,,,,,14,1,2019_Mar_06_1356,FaceNameBlocked,3.0.0,59.99032861
FacesBlock1.xlsx,Adam.mp4,Adam.JPG,Adam,5,0,0,0,0,,,,,0,4,4,5,,,,,,,,,0,"['1', 'backspace']","[0.9195372310932726, 2.184457237017341]",[0.9195,0.9195,1,1.901772063,,,14,1,2019_Mar_06_1356,FaceNameBlocked,3.0.0,59.99032861
FacesBlock4.xlsx,Alyssa.mp4,Alyssa.JPG,Alyssa,55,0,3,3,3,0,0,0,10,,,,,,,1,2,1.569389705,,,,,,,0,0,,,,,14,1,2019_Mar_06_1356,FaceNameBlocked,3.0.0,59.99032861
FacesBlock4.xlsx,Alyssa.mp4,Alyssa.JPG,Alyssa,55,0,3,3,3,,,,,0,10,10,10,,,,,,,,,0,None,,0,0,1,1.201858293,,,14,1,2019_Mar_06_1356,FaceNameBlocked,3.0.0,59.99032861
FacesBlock1.xlsx,Amanda.mp4,Amanda.JPG,Amanda,2,0,0,0,0,0,12,12,2,,,,,,,0,2,0.169549742,,,,,,,0,0,,,,,14,1,2019_Mar_06_1356,FaceNameBlocked,3.0.0,59.99032861
FacesBlock1.xlsx,Amanda.mp4,Amanda.JPG,Amanda,2,0,0,0,0,,,,,0,5,5,2,,,,,,,,,0,None,,0,0,1,2.534905536,,,14,1,2019_Mar_06_1356,FaceNameBlocked,3.0.0,59.99032861
FacesBlock4.xlsx,Andrew.mp4,Andrew.JPG,Andrew,51,0,3,3,3,0,7,7,6,,,,,,,0,1,0.702870792,,,,,,,0,0,,,,,14,1,2019_Mar_06_1356,FaceNameBlocked,3.0.0,59.99032861
FacesBlock4.xlsx,Andrew.mp4,Andrew.JPG,Andrew,51,0,3,3,3,,,,,0,6,6,6,,,,,,,,,0,None,,0,0,1,0.285644319,,,14,1,2019_Mar_06_1356,FaceNameBlocked,3.0.0,59.99032861
FacesBlock4.xlsx,Anna.mp4,Anna.JPG,Anna,47,0,3,3,3,0,1,1,2,,,,,,,0,2,0.652470469,,,,,,,0,0,,,,,14,1,2019_Mar_06_1356,FaceNameBlocked,3.0.0,59.99032861
FacesBlock4.xlsx,Anna.mp4,Anna.JPG,Anna,47,0,3,3,3,,,,,0,2,2,2,,,,,,,,Ana,1,"['lshift', 'a', 'n', 'a']","[3.9316927189938724, 4.100101402960718, 4.782994702924043, 4.932589538977481]",[3.9316,3.9316,4,0.301950992,,,14,1,2019_Mar_06_1356,FaceNameBlocked,3.0.0,59.99032861
FacesBlock2.xlsx,Ashley.mp4,Ashley.JPG,Ashley,24,0,1,1,1,0,11,11,9,,,,,,,1,2,0.784373077,,,,,,,0,0,,,,,14,1,2019_Mar_06_1356,FaceNameBlocked,3.0.0,59.99032861
FacesBlock2.xlsx,Ashley.mp4,Ashley.JPG,Ashley,24,0,1,1,1,,,,,0,9,9,9,,,,,,,,,0,"['lshift', 'j', 'u', 'l', 'i', 'a', 'backspace', 'backspace', 'backspace', 'backspace', 'backspace', 'backspace']","[2.199230463942513, 2.3507099389098585, 2.6339834639802575, 2.9010580769972876, 3.0011289599351585, 3.834258257993497, 4.433452266966924, 5.549824104993604, 5.732998718973249, 5.849474212969653, 5.999615032924339, 6.18267848296091]",[2.1992,2.1992,1,1.235348808,,,14,1,2019_Mar_06_1356,FaceNameBlocked,3.0.0,59.99032861
FacesBlock1.xlsx,Bradley.mp4,Bradley.JPG,Bradley,14,0,0,0,0,0,2,2,14,,,,,,,1,1,0.203817757,,,,,,,0,0,,,,,14,1,2019_Mar_06_1356,FaceNameBlocked,3.0.0,59.99032861
FacesBlock1.xlsx,Bradley.mp4,Bradley.JPG,Bradley,14,0,0,0,0,,,,,0,3,3,14,,,,,,,,,0,None,,0,0,1,1.001426594,,,14,1,2019_Mar_06_1356,FaceNameBlocked,3.0.0,59.99032861
FacesBlock4.xlsx,Brandon.mp4,Brandon.JPG,Brandon,56,0,3,3,3,0,14,14,11,,,,,,,1,1,0.769888059,,,,,,,0,0,,,,,14,1,2019_Mar_06_1356,FaceNameBlocked,3.0.0,59.99032861
FacesBlock4.xlsx,Brandon.mp4,Brandon.JPG,Brandon,56,0,3,3,3,,,,,0,5,5,11,,,,,,,,Bradly,0,"['lshift', 'b', 'r', 'a', 'd', 'l', 'y']","[5.666089056059718, 6.017306718975306, 6.548390774056315, 6.717082177987322, 6.883996061980724, 7.799929757020436, 7.882870547007769]",[5.6660,5.6660,2,1.235043598,,,14,1,2019_Mar_06_1356,FaceNameBlocked,3.0.0,59.99032861
FacesBlock4.xlsx,Brian.mp4,Brian.JPG,Brian,53,0,3,3,3,0,5,5,8,,,,,,,0,1,0.80297561,,,,,,,0,0,,,,,14,1,2019_Mar_06_1356,FaceNameBlocked,3.0.0,59.99032861
FacesBlock4.xlsx,Brian.mp4,Brian.JPG,Brian,53,0,3,3,3,,,,,0,7,7,8,,,,,,,,Brian,1,"['lshift', 'b', 'r', 'a', 'i', 'n', 'backspace', 'backspace', 'n', 'e', 'backspace', 'backspace', 'i', 'backspace', 'backspace', 'backspace', 'r', 'i', 'a', 'n']","[1.4331655040150508, 1.80158664600458, 2.2013018630677834, 2.466122573008761, 2.6679359161062166, 2.784596074023284, 4.067002270021476, 4.533349706092849, 5.68411895504687, 5.866655497113243, 6.14933948405087, 6.299073666101322, 7.183570934110321, 8.132216133060865, 8.299333651084453, 8.649093064013869, 9.232313553104177, 9.365728883072734, 9.532397703034803, 9.698395167011768]",[1.4331,1.4331,4,1.083635788,,,14,1,2019_Mar_06_1356,FaceNameBlocked,3.0.0,59.99032861
FacesBlock4.xlsx,Brianna.mp4,Brianna.JPG,Brianna,48,0,3,3,3,0,12,12,3,,,,,,,1,2,0.685666391,,,,,,,0,0,,,,,14,1,2019_Mar_06_1356,FaceNameBlocked,3.0.0,59.99032861
FacesBlock4.xlsx,Brianna.mp4,Brianna.JPG,Brianna,48,0,3,3,3,,,,,0,11,11,3,,,,,,,,,0,None,,0,0,1,1.485278048,,,14,1,2019_Mar_06_1356,FaceNameBlocked,3.0.0,59.99032861
FacesBlock2.xlsx,Brittany.mp4,Brittany.JPG,Brittany,28,0,1,1,1,0,1,1,13,,,,,,,0,2,0.902275863,,,,,,,0,0,,,,,14,1,2019_Mar_06_1356,FaceNameBlocked,3.0.0,59.99032861
FacesBlock2.xlsx,Brittany.mp4,Brittany.JPG,Brittany,28,0,1,1,1,,,,,0,0,0,13,,,,,,space,11.39874103,Ashley,0,"['lshift', 'a', 's', 'h', 'l', 'e', 'y']","[3.9661682080477476, 4.151486166054383, 4.467938422109, 4.701400498044677, 5.050505896098912, 5.200887766084634, 5.367020019097254]",[3.9661,3.9661,1,1.068379243,,,14,1,2019_Mar_06_1356,FaceNameBlocked,3.0.0,59.99032861
FacesBlock4.xlsx,Caleb.mp4,Caleb.JPG,Caleb,59,0,3,3,3,0,10,10,14,,,,,,,0,1,0.3168916,,,,,,,0,0,,,,,14,1,2019_Mar_06_1356,FaceNameBlocked,3.0.0,59.99032861
FacesBlock4.xlsx,Caleb.mp4,Caleb.JPG,Caleb,59,0,3,3,3,,,,,0,12,12,14,,,,,,,,,0,None,,0,0,1,1.800747722,,,14,1,2019_Mar_06_1356,FaceNameBlocked,3.0.0,59.99032861
FacesBlock2.xlsx,Cody.mp4,Cody.JPG,Cody,23,0,1,1,1,0,10,10,8,,,,,,,1,1,0.652805802,,,,,,,0,0,,,,,14,1,2019_Mar_06_1356,FaceNameBlocked,3.0.0,59.99032861
FacesBlock2.xlsx,Cody.mp4,Cody.JPG,Cody,23,0,1,1,1,,,,,0,3,3,8,,,,,,,,Steven,0,"['lshift', 's', 't', 'e', 'v', 'e', 'n']","[6.931687482981943, 7.200162991997786, 7.566282102023251, 7.782268551993184, 8.082168361986987, 8.316259669023566, 8.682047780952416]",[6.9316,6.9316,1,1.352144872,,,14,1,2019_Mar_06_1356,FaceNameBlocked,3.0.0,59.99032861
FacesBlock3.xlsx,Courtney.mp4,Courtney.JPG,Courtney,42,0,2,2,2,0,2,2,12,,,,,,,0,2,0.702255059,,,,,,,0,0,,,,,14,1,2019_Mar_06_1356,FaceNameBlocked,3.0.0,59.99032861
FacesBlock3.xlsx,Courtney.mp4,Courtney.JPG,Courtney,42,0,2,2,2,,,,,0,8,8,12,,,,,,,,,0,None,,0,0,1,0.369708428,,,14,1,2019_Mar_06_1356,FaceNameBlocked,3.0.0,59.99032861
FacesBlock3.xlsx,Daniel.mp4,Daniel.JPG,Daniel,30,0,2,2,2,0,3,3,0,,,,,,,1,1,0.63572219,,,,,,,0,0,,,,,14,1,2019_Mar_06_1356,FaceNameBlocked,3.0.0,59.99032861
FacesBlock3.xlsx,Daniel.mp4,Daniel.JPG,Daniel,30,0,2,2,2,,,,,0,5,5,0,,,,,,,,,0,None,,0,0,1,0.502631828,,,14,1,2019_Mar_06_1356,FaceNameBlocked,3.0.0,59.99032861
FacesBlock1.xlsx,Danielle.mp4,Danielle.JPG,Danielle,3,0,0,0,0,0,13,13,3,,,,,,,1,2,0.203138361,,,,,,,0,0,,,,,14,1,2019_Mar_06_1356,FaceNameBlocked,3.0.0,59.99032861
FacesBlock1.xlsx,Danielle.mp4,Danielle.JPG,Danielle,3,0,0,0,0,,,,,0,10,10,3,,,,,,,,Danielle,1,"['lshift', 'd', 'a', 'n', 'i', 'e', 'l', 'l', 'e']","[1.6177209459710866, 1.8338660160079598, 2.1857678729575127, 2.4019887760514393, 2.5188279730500653, 2.68515270401258, 3.6520159379579127, 4.401674028020352, 4.567533439025283]",[1.6177,1.6177,4,1.351684233,,,14,1,2019_Mar_06_1356,FaceNameBlocked,3.0.0,59.99032861
FacesBlock2.xlsx,David.mp4,David.JPG,David,16,0,1,1,1,0,5,5,1,,,,,,,1,1,0.37007782,,,,,,,0,0,,,,,14,1,2019_Mar_06_1356,FaceNameBlocked,3.0.0,59.99032861
FacesBlock2.xlsx,David.mp4,David.JPG,David,16,0,1,1,1,,,,,0,12,12,1,,,,,,,,,0,None,,0,0,1,1.218734309,,,14,1,2019_Mar_06_1356,FaceNameBlocked,3.0.0,59.99032861
FacesBlock4.xlsx,Dylan.mp4,Dylan.JPG,Dylan,50,0,3,3,3,0,9,9,5,,,,,,,1,1,0.418844214,,,,,,,0,0,,,,,14,1,2019_Mar_06_1356,FaceNameBlocked,3.0.0,59.99032861
FacesBlock4.xlsx,Dylan.mp4,Dylan.JPG,Dylan,50,0,3,3,3,,,,,0,9,9,5,,,,,,,,,0,None,,0,0,1,1.384754826,,,14,1,2019_Mar_06_1356,FaceNameBlocked,3.0.0,59.99032861
FacesBlock4.xlsx,Emily.mp4,Emily.JPG,Emily,57,0,3,3,3,0,4,4,12,,,,,,,1,2,0.819846177,,,,,,,0,0,,,,,14,1,2019_Mar_06_1356,FaceNameBlocked,3.0.0,59.99032861
FacesBlock4.xlsx,Emily.mp4,Emily.JPG,Emily,57,0,3,3,3,,,,,0,0,0,12,,,,,,space,7.250264072,,0,None,,0,0,1,1.650928315,,,14,1,2019_Mar_06_1356,FaceNameBlocked,3.0.0,59.99032861
FacesBlock1.xlsx,Eric.mp4,Eric.JPG,Eric,0,0,0,0,0,0,9,9,0,,,,,,,0,1,0.169688936,,,,,,,0,0,,,,,14,1,2019_Mar_06_1356,FaceNameBlocked,3.0.0,59.99032861
FacesBlock1.xlsx,Eric.mp4,Eric.JPG,Eric,0,0,0,0,0,,,,,0,1,1,0,,,,,,,,Aaron,0,"['lshift', 'lshift', 'a', 'r', 'r', 'backspace', 'backspace', 'a', 'r', 'o', 'n']","[4.150593325961381, 4.799876585952006, 5.001491933944635, 5.934051919961348, 6.217303485958837, 6.517171002924442, 6.866956494981423, 7.050806346931495, 7.216871890006587, 7.400162728969008, 7.5506559340283275]",[4.1505,4.1505,4,1.035313714,,,14,1,2019_Mar_06_1356,FaceNameBlocked,3.0.0,59.99032861
FacesBlock1.xlsx,Ethan.mp4,Ethan.JPG,Ethan,11,0,0,0,0,0,10,10,11,,,,,,,0,1,0.33645737,,,,,,,0,0,,,,,14,1,2019_Mar_06_1356,FaceNameBlocked,3.0.0,59.99032861
FacesBlock1.xlsx,Ethan.mp4,Ethan.JPG,Ethan,11,0,0,0,0,,,,,0,7,7,11,,,,,,,,Eric,0,"['lshift', 'e', 'r', 'i', 'c', 'return']","[2.3500343289924785, 2.6510813939385116, 3.150677244993858, 3.6178638000274077, 3.8336813970236108, 4.233876780956052]",[2.3500,2.3500,4,1.701517264,,,14,1,2019_Mar_06_1356,FaceNameBlocked,3.0.0,59.99032861
FacesBlock4.xlsx,Grace.mp4,Grace.JPG,Grace,58,0,3,3,3,0,6,6,13,,,,,,,0,2,0.603532394,,,,,,,0,0,,,,,14,1,2019_Mar_06_1356,FaceNameBlocked,3.0.0,59.99032861
FacesBlock4.xlsx,Grace.mp4,Grace.JPG,Grace,58,0,3,3,3,,,,,0,8,8,13,,,,,,,,Taylor,0,"['lshift', 'lshift', 't', 'a', 'y', 'l', 'o', 'r']","[3.8493730019545183, 8.314690922969021, 8.532835578895174, 8.932439356925897, 9.099181160912849, 9.698519852943718, 9.865322229918092, 9.98168712388724]",[3.8493,3.8493,3,1.435376742,,,14,1,2019_Mar_06_1356,FaceNameBlocked,3.0.0,59.99032861
FacesBlock2.xlsx,Haley.mp4,Haley.JPG,Haley,20,0,1,1,1,0,8,8,5,,,,,,,0,2,0.75214398,,,,,,,0,0,,,,,14,1,2019_Mar_06_1356,FaceNameBlocked,3.0.0,59.99032861
FacesBlock2.xlsx,Haley.mp4,Haley.JPG,Haley,20,0,1,1,1,,,,,0,14,14,5,,,,,,,,,0,None,,0,0,1,1.835070245,,,14,1,2019_Mar_06_1356,FaceNameBlocked,3.0.0,59.99032861
FacesBlock1.xlsx,Hannah.mp4,Hannah.JPG,Hannah,1,0,0,0,0,0,4,4,1,,,,,,,0,2,0.119760883,,,,,,,0,0,,,,,14,1,2019_Mar_06_1356,FaceNameBlocked,3.0.0,59.99032861
FacesBlock1.xlsx,Hannah.mp4,Hannah.JPG,Hannah,1,0,0,0,0,,,,,0,0,0,1,,,,,,space,23.32562376, ,0,['space'],[8.099648170056753],[8.0996,8.0996,1,2.068862718,,,14,1,2019_Mar_06_1356,FaceNameBlocked,3.0.0,59.99032861
FacesBlock2.xlsx,Heather.mp4,Heather.JPG,Heather,26,0,1,1,1,0,7,7,11,,,,,,,0,2,1.203003913,,,,,,,0,0,,,,,14,1,2019_Mar_06_1356,FaceNameBlocked,3.0.0,59.99032861
FacesBlock2.xlsx,Heather.mp4,Heather.JPG,Heather,26,0,1,1,1,,,,,0,7,7,11,,,,,,,,Heather,1,"['lshift', 'h', 'e', 'a', 't', 'h', 'e', 'r']","[1.250527100986801, 1.6188352690078318, 1.9016778159420937, 2.1516480169957504, 2.518317215028219, 2.668191035045311, 2.767548128031194, 2.8349466329673305]",[1.2505,1.2505,4,0.885127233,,,14,1,2019_Mar_06_1356,FaceNameBlocked,3.0.0,59.99032861
FacesBlock3.xlsx,Jacob.mp4,Jacob.JPG,Jacob,39,0,2,2,2,0,10,10,9,,,,,,,1,1,1.036267642,,,,,,,0,0,,,,,14,1,2019_Mar_06_1356,FaceNameBlocked,3.0.0,59.99032861
FacesBlock3.xlsx,Jacob.mp4,Jacob.JPG,Jacob,39,0,2,2,2,,,,,0,14,14,9,,,,,,,,Jacob,1,"['lshift', 'j', 'a', 'c', 'o', 'b']","[1.6503492430783808, 1.7683845720021054, 2.0183536080876365, 2.201688308035955, 2.3348451670026407, 2.401421384071]",[1.6503,1.6503,4,0.919344181,,,14,1,2019_Mar_06_1356,FaceNameBlocked,3.0.0,59.99032861
FacesBlock4.xlsx,Jason.mp4,Jason.JPG,Jason,49,0,3,3,3,0,11,11,4,,,,,,,1,1,0.969549692,,,,,,,0,0,,,,,14,1,2019_Mar_06_1356,FaceNameBlocked,3.0.0,59.99032861
FacesBlock4.xlsx,Jason.mp4,Jason.JPG,Jason,49,0,3,3,3,,,,,0,1,1,4,,,,,,,,,0,None,,0,0,1,0.634876312,,,14,1,2019_Mar_06_1356,FaceNameBlocked,3.0.0,59.99032861
FacesBlock1.xlsx,Jenna.mp4,Jenna.JPG,Jenna,6,0,0,0,0,0,0,0,6,,,,,,,1,2,2.201925754,,,,,,,0,0,,,,,14,1,2019_Mar_06_1356,FaceNameBlocked,3.0.0,59.99032861
FacesBlock1.xlsx,Jenna.mp4,Jenna.JPG,Jenna,6,0,0,0,0,,,,,0,13,13,6,,,,,,,,,0,None,,0,0,1,1.152892011,,,14,1,2019_Mar_06_1356,FaceNameBlocked,3.0.0,59.99032861
FacesBlock2.xlsx,Jeremy.mp4,Jeremy.JPG,Jeremy,15,0,1,1,1,0,4,4,0,,,,,,,0,1,0.785961548,,,,,,,0,0,,,,,14,1,2019_Mar_06_1356,FaceNameBlocked,3.0.0,59.99032861
FacesBlock2.xlsx,Jeremy.mp4,Jeremy.JPG,Jeremy,15,0,1,1,1,,,,,0,1,1,0,,,,,,,,Josh,0,"['lshift', 'j', 'o', 'a', 'h', 'backspace', 'backspace', 's', 'h']","[1.8668237919919193, 2.0520705269882455, 2.368431956972927, 2.5350249969633296, 2.7178681399673223, 3.1344724929658696, 3.316267443005927, 3.468691920978017, 3.7515479859430343]",[1.8668,1.8668,1,0.468630045,,,14,1,2019_Mar_06_1356,FaceNameBlocked,3.0.0,59.99032861
FacesBlock1.xlsx,Jessica.mp4,Jessica.JPG,Jessica,8,0,0,0,0,0,8,8,8,,,,,,,1,2,0.120412765,,,,,,,0,0,,,,,14,1,2019_Mar_06_1356,FaceNameBlocked,3.0.0,59.99032861
FacesBlock1.xlsx,Jessica.mp4,Jessica.JPG,Jessica,8,0,0,0,0,,,,,0,9,9,8,,,,,,,,,0,None,,0,0,1,1.452415224,,,14,1,2019_Mar_06_1356,FaceNameBlocked,3.0.0,59.99032861
FacesBlock2.xlsx,Josh.mp4,Josh.JPG,Josh,19,0,1,1,1,0,0,0,4,,,,,,,0,1,1.302170612,,,,,,,0,0,,,,,14,1,2019_Mar_06_1356,FaceNameBlocked,3.0.0,59.99032861
FacesBlock2.xlsx,Josh.mp4,Josh.JPG,Josh,19,0,1,1,1,,,,,0,2,2,4,,,,,,,,,0,None,,0,0,1,0.535533203,,,14,1,2019_Mar_06_1356,FaceNameBlocked,3.0.0,59.99032861
FacesBlock1.xlsx,Julia.mp4,Julia.JPG,Julia,13,0,0,0,0,0,11,11,13,,,,,,,0,2,0.302651998,,,,,,,0,0,,,,,14,1,2019_Mar_06_1356,FaceNameBlocked,3.0.0,59.99032861
FacesBlock1.xlsx,Julia.mp4,Julia.JPG,Julia,13,0,0,0,0,,,,,0,6,6,13,,,,,,,,,0,None,,0,0,1,1.518858179,,,14,1,2019_Mar_06_1356,FaceNameBlocked,3.0.0,59.99032861
FacesBlock2.xlsx,Justin.mp4,Justin.JPG,Justin,27,0,1,1,1,0,9,9,12,,,,,,,0,1,0.852687664,,,,,,,0,0,,,,,14,1,2019_Mar_06_1356,FaceNameBlocked,3.0.0,59.99032861
FacesBlock2.xlsx,Justin.mp4,Justin.JPG,Justin,27,0,1,1,1,,,,,0,8,8,12,,,,,,,,,0,None,,0,0,1,1.285206113,,,14,1,2019_Mar_06_1356,FaceNameBlocked,3.0.0,59.99032861
FacesBlock4.xlsx,Katie.mp4,Katie.JPG,Katie,54,0,3,3,3,0,13,13,9,,,,,,,0,2,0.419690196,,,,,,,0,0,,,,,14,1,2019_Mar_06_1356,FaceNameBlocked,3.0.0,59.99032861
FacesBlock4.xlsx,Katie.mp4,Katie.JPG,Katie,54,0,3,3,3,,,,,0,4,4,9,,,,,,,,Katy,1,"['lshift', 'lshift', 'k', 'a', 't', 'y']","[2.2492364429635927, 2.599652983015403, 2.801311563933268, 3.117630321998149, 3.3008463189471513, 3.3838108249474317]",[2.2492,2.2492,4,0.369124125,,,14,1,2019_Mar_06_1356,FaceNameBlocked,3.0.0,59.99032861
FacesBlock3.xlsx,Kayla.mp4,Kayla.JPG,Kayla,34,0,2,2,2,0,14,14,4,,,,,,,1,2,0.902380663,,,,,,,0,0,,,,,14,1,2019_Mar_06_1356,FaceNameBlocked,3.0.0,59.99032861
FacesBlock3.xlsx,Kayla.mp4,Kayla.JPG,Kayla,34,0,2,2,2,,,,,0,11,11,4,,,,,,,,Kayla,1,"['lshift', 'k', 'a', 'y', 'l', 'a', 'return']","[3.633141424972564, 3.8180737199727446, 4.050966224982403, 4.201045649941079, 4.367384648998268, 4.48409390298184, 4.7669301219284534]",[3.6331,3.6331,2,1.584977743,,,14,1,2019_Mar_06_1356,FaceNameBlocked,3.0.0,59.99032861
FacesBlock1.xlsx,Kelsey.mp4,Kelsey.JPG,Kelsey,12,0,0,0,0,0,1,1,12,,,,,,,1,2,0.403292657,,,,,,,0,0,,,,,14,1,2019_Mar_06_1356,FaceNameBlocked,3.0.0,59.99032861
FacesBlock1.xlsx,Kelsey.mp4,Kelsey.JPG,Kelsey,12,0,0,0,0,,,,,0,12,12,12,,,,,,,,,0,None,,0,0,1,2.451760389,,,14,1,2019_Mar_06_1356,FaceNameBlocked,3.0.0,59.99032861
FacesBlock3.xlsx,Kevin.mp4,Kevin.JPG,Kevin,41,0,2,2,2,0,11,11,11,,,,,,,0,1,1.069530103,,,,,,,0,0,,,,,14,1,2019_Mar_06_1356,FaceNameBlocked,3.0.0,59.99032861
FacesBlock3.xlsx,Kevin.mp4,Kevin.JPG,Kevin,41,0,2,2,2,,,,,0,4,4,11,,,,,,,,,0,None,,0,0,1,1.202283821,,,14,1,2019_Mar_06_1356,FaceNameBlocked,3.0.0,59.99032861
FacesBlock1.xlsx,Kyle.mp4,Kyle.JPG,Kyle,4,0,0,0,0,0,6,6,4,,,,,,,1,1,0.3192329,,,,,,,0,0,,,,,14,1,2019_Mar_06_1356,FaceNameBlocked,3.0.0,59.99032861
FacesBlock1.xlsx,Kyle.mp4,Kyle.JPG,Kyle,4,0,0,0,0,,,,,0,14,14,4,,,,,,,,,0,None,,0,0,1,1.801655073,,,14,1,2019_Mar_06_1356,FaceNameBlocked,3.0.0,59.99032861
FacesBlock3.xlsx,Lauren.mp4,Lauren.JPG,Lauren,38,0,2,2,2,0,7,7,8,,,,,,,0,2,0.785734167,,,,,,,0,0,,,,,14,1,2019_Mar_06_1356,FaceNameBlocked,3.0.0,59.99032861
FacesBlock3.xlsx,Lauren.mp4,Lauren.JPG,Lauren,38,0,2,2,2,,,,,0,0,0,8,,,,,,space,19.62945369,Lau,1,"['lshift', 'l', 'a', 'u']","[9.065064706024714, 9.216867330018431, 9.683290867018513, 9.815897988039069]",[9.0650,9.0650,2,3.798466056,,,14,1,2019_Mar_06_1356,FaceNameBlocked,3.0.0,59.99032861
FacesBlock3.xlsx,Mark.mp4,Mark.JPG,Mark,40,0,2,2,2,0,0,0,10,,,,,,,1,1,0.869081978,,,,,,,0,0,,,,,14,1,2019_Mar_06_1356,FaceNameBlocked,3.0.0,59.99032861
FacesBlock3.xlsx,Mark.mp4,Mark.JPG,Mark,40,0,2,2,2,,,,,0,13,13,10,,,,,,,,,0,None,,0,0,1,1.268271385,,,14,1,2019_Mar_06_1356,FaceNameBlocked,3.0.0,59.99032861
FacesBlock1.xlsx,Matthew.mp4,Matthew.JPG,Matthew,9,0,0,0,0,0,3,3,9,,,,,,,0,1,0.453586402,,,,,,,0,0,,,,,14,1,2019_Mar_06_1356,FaceNameBlocked,3.0.0,59.99032861
FacesBlock1.xlsx,Matthew.mp4,Matthew.JPG,Matthew,9,0,0,0,0,,,,,0,11,11,9,,,,,,,,,0,None,,0,0,1,1.968811972,,,14,1,2019_Mar_06_1356,FaceNameBlocked,3.0.0,59.99032861
FacesBlock2.xlsx,Megan.mp4,Megan.JPG,Megan,25,0,1,1,1,0,12,12,10,,,,,,,1,2,0.703134386,,,,,,,0,0,,,,,14,1,2019_Mar_06_1356,FaceNameBlocked,3.0.0,59.99032861
FacesBlock2.xlsx,Megan.mp4,Megan.JPG,Megan,25,0,1,1,1,,,,,0,10,10,10,,,,,,,,Ashley,0,"['lshift', 'a', 's', 'h', 'l', 'e', 'y']","[2.71615540899802, 3.0846753750229254, 3.3837700280128047, 3.550895483000204, 3.8175274169771, 3.96713316696696, 4.13181246095337]",[2.7161,2.7161,1,1.967731121,,,14,1,2019_Mar_06_1356,FaceNameBlocked,3.0.0,59.99032861
FacesBlock4.xlsx,Michael.mp4,Michael.JPG,Michael,46,0,3,3,3,0,8,8,1,,,,,,,0,2,1.619419569,,,,,,,0,0,,,,,14,1,2019_Mar_06_1356,FaceNameBlocked,3.0.0,59.99032861
FacesBlock4.xlsx,Michael.mp4,Michael.JPG,Michael,46,0,3,3,3,,,,,0,13,13,1,,,,,,,,,0,None,,0,0,1,0.485543158,,,14,1,2019_Mar_06_1356,FaceNameBlocked,3.0.0,59.99032861
FacesBlock4.xlsx,Michelle.mp4,Michelle.JPG,Michelle,52,0,3,3,3,0,2,2,7,,,,,,,0,2,0.7024866,,,,,,,0,0,,,,,14,1,2019_Mar_06_1356,FaceNameBlocked,3.0.0,59.99032861
FacesBlock4.xlsx,Michelle.mp4,Michelle.JPG,Michelle,52,0,3,3,3,,,,,0,3,3,7,,,,,,,,Lauren,0,"['lshift', 'l', 'a', 'u', 'r', 'e', 'n']","[5.150043596979231, 5.5015673419693485, 5.801016394980252, 6.034237662912346, 6.284613772993907, 6.400829522986896, 6.5841983219143]",[5.1500,5.1500,2,0.45203928,,,14,1,2019_Mar_06_1356,FaceNameBlocked,3.0.0,59.99032861
FacesBlock1.xlsx,Natalie.mp4,Natalie.JPG,Natalie,7,0,0,0,0,0,5,5,7,,,,,,,1,2,0.168870872,,,,,,,0,0,,,,,14,1,2019_Mar_06_1356,FaceNameBlocked,3.0.0,59.99032861
FacesBlock1.xlsx,Natalie.mp4,Natalie.JPG,Natalie,7,0,0,0,0,,,,,0,2,2,7,,,,,,,,,0,None,,0,0,1,1.601936784,,,14,1,2019_Mar_06_1356,FaceNameBlocked,3.0.0,59.99032861
FacesBlock3.xlsx,Nathan.mp4,Nathan.JPG,Nathan,37,0,2,2,2,0,1,1,7,,,,,,,0,1,1.486060894,,,,,,,0,0,,,,,14,1,2019_Mar_06_1356,FaceNameBlocked,3.0.0,59.99032861
FacesBlock3.xlsx,Nathan.mp4,Nathan.JPG,Nathan,37,0,2,2,2,,,,,0,12,12,7,,,,,,,,,0,None,,0,0,1,7.598615378,,,14,1,2019_Mar_06_1356,FaceNameBlocked,3.0.0,59.99032861
FacesBlock3.xlsx,Nicole.mp4,Nicole.JPG,Nicole,43,0,2,2,2,0,12,12,13,,,,,,,0,2,1.552765906,,,,,,,0,0,,,,,14,1,2019_Mar_06_1356,FaceNameBlocked,3.0.0,59.99032861
FacesBlock3.xlsx,Nicole.mp4,Nicole.JPG,Nicole,43,0,2,2,2,,,,,0,3,3,13,,,,,,,,,0,None,,0,0,1,0.985631356,,,14,1,2019_Mar_06_1356,FaceNameBlocked,3.0.0,59.99032861
FacesBlock3.xlsx,Noah.mp4,Noah.JPG,Noah,31,0,2,2,2,0,5,5,1,,,,,,,0,1,1.702068973,,,,,,,0,0,,,,,14,1,2019_Mar_06_1356,FaceNameBlocked,3.0.0,59.99032861
FacesBlock3.xlsx,Noah.mp4,Noah.JPG,Noah,31,0,2,2,2,,,,,0,10,10,1,,,,,,,,Tyler,0,"['lshift', 't', 'y', 'l', 'e', 'r']","[2.682696560979821, 3.0340255290502682, 3.351516198948957, 4.067288964986801, 4.167301515000872, 4.267441523028538]",[2.6826,2.6826,2,1.484538707,,,14,1,2019_Mar_06_1356,FaceNameBlocked,3.0.0,59.99032861
FacesBlock3.xlsx,Olivia.mp4,Olivia.JPG,Olivia,35,0,2,2,2,0,4,4,5,,,,,,,0,2,1.569216445,,,,,,,0,0,,,,,14,1,2019_Mar_06_1356,FaceNameBlocked,3.0.0,59.99032861
FacesBlock3.xlsx,Olivia.mp4,Olivia.JPG,Olivia,35,0,2,2,2,,,,,0,9,9,5,,,,,,,,,0,None,,0,0,1,1.068756154,,,14,1,2019_Mar_06_1356,FaceNameBlocked,3.0.0,59.99032861
FacesBlock2.xlsx,Rachel.mp4,Rachel.JPG,Rachel,29,0,1,1,1,0,3,3,14,,,,,,,1,2,0.836139204,,,,,,,0,0,,,,,14,1,2019_Mar_06_1356,FaceNameBlocked,3.0.0,59.99032861
FacesBlock2.xlsx,Rachel.mp4,Rachel.JPG,Rachel,29,0,1,1,1,,,,,0,11,11,14,,,,,,,,,0,None,,0,0,1,1.717900582,,,14,1,2019_Mar_06_1356,FaceNameBlocked,3.0.0,59.99032861
FacesBlock3.xlsx,Rebecca.mp4,Rebecca.JPG,Rebecca,32,0,2,2,2,0,8,8,2,,,,,,,1,2,0.785971448,,,,,,,0,0,,,,,14,1,2019_Mar_06_1356,FaceNameBlocked,3.0.0,59.99032861
FacesBlock3.xlsx,Rebecca.mp4,Rebecca.JPG,Rebecca,32,0,2,2,2,,,,,0,2,2,2,,,,,,,,,0,None,,0,0,1,1.502239259,,,14,1,2019_Mar_06_1356,FaceNameBlocked,3.0.0,59.99032861
FacesBlock3.xlsx,Sarah.mp4,Sarah.JPG,Sarah,33,0,2,2,2,0,13,13,3,,,,,,,1,2,0.852934616,,,,,,,0,0,,,,,14,1,2019_Mar_06_1356,FaceNameBlocked,3.0.0,59.99032861
FacesBlock3.xlsx,Sarah.mp4,Sarah.JPG,Sarah,33,0,2,2,2,,,,,0,7,7,3,,,,,,,,Ana,0,"['lshift', 'a', 'n', 'a']","[1.4498405590420589, 1.6684588759671897, 2.0514772429596633, 2.1507030529901385]",[1.4498,1.4498,1,1.26856829,,,14,1,2019_Mar_06_1356,FaceNameBlocked,3.0.0,59.99032861
FacesBlock3.xlsx,Shelby.mp4,Shelby.JPG,Shelby,36,0,2,2,2,0,9,9,6,,,,,,,1,2,1.719676852,,,,,,,0,0,,,,,14,1,2019_Mar_06_1356,FaceNameBlocked,3.0.0,59.99032861
FacesBlock3.xlsx,Shelby.mp4,Shelby.JPG,Shelby,36,0,2,2,2,,,,,0,1,1,6,,,,,,,,Ana,0,"['lshift', 'a', 'n', 'a']","[3.93356368993409, 4.168274675030261, 4.501410383963957, 4.584472108981572]",[3.9335,3.9335,2,1.868608396,,,14,1,2019_Mar_06_1356,FaceNameBlocked,3.0.0,59.99032861
FacesBlock2.xlsx,Steven.mp4,Steven.JPG,Steven,17,0,1,1,1,0,14,14,2,,,,,,,1,1,0.719867514,,,,,,,0,0,,,,,14,1,2019_Mar_06_1356,FaceNameBlocked,3.0.0,59.99032861
FacesBlock2.xlsx,Steven.mp4,Steven.JPG,Steven,17,0,1,1,1,,,,,0,5,5,2,,,,,,,,Steven,1,"['lshift', 'lshift', 's', 't', 'e', 'v', 'e', 'n']","[2.8168168870033696, 3.649167584022507, 3.8510839589871466, 4.201070395996794, 4.501011700951494, 4.684307549963705, 4.9010115270502865, 5.300936092971824]",[2.8168,2.8168,3,0.301504721,,,14,1,2019_Mar_06_1356,FaceNameBlocked,3.0.0,59.99032861
FacesBlock4.xlsx,Taylor.mp4,Taylor.JPG,Taylor,45,0,3,3,3,0,3,3,0,,,,,,,1,2,0.769578589,,,,,,,0,0,,,,,14,1,2019_Mar_06_1356,FaceNameBlocked,3.0.0,59.99032861
FacesBlock4.xlsx,Taylor.mp4,Taylor.JPG,Taylor,45,0,3,3,3,,,,,0,14,14,0,,,,,,,,Taylor,1,"['lshift', 't', 'a', 'y', 'l', 'o', 'r']","[2.966420816956088, 3.317951787961647, 3.5993672899203375, 3.782343353028409, 4.417118413024582, 4.56736213399563, 4.667300087981857]",[2.9664,2.9664,1,0.935152358,,,14,1,2019_Mar_06_1356,FaceNameBlocked,3.0.0,59.99032861
FacesBlock3.xlsx,Thomas.mp4,Thomas.JPG,Thomas,44,0,2,2,2,0,6,6,14,,,,,,,1,1,0.667870887,,,,,,,0,0,,,,,14,1,2019_Mar_06_1356,FaceNameBlocked,3.0.0,59.99032861
FacesBlock3.xlsx,Thomas.mp4,Thomas.JPG,Thomas,44,0,2,2,2,,,,,0,6,6,14,,,,,,,,,0,None,,0,0,1,0.717347834,,,14,1,2019_Mar_06_1356,FaceNameBlocked,3.0.0,59.99032861
FacesBlock1.xlsx,Timothy.mp4,Timothy.JPG,Timothy,10,0,0,0,0,0,7,7,10,,,,,,,0,1,0.152965548,,,,,,,0,0,,,,,14,1,2019_Mar_06_1356,FaceNameBlocked,3.0.0,59.99032861
FacesBlock1.xlsx,Timothy.mp4,Timothy.JPG,Timothy,10,0,0,0,0,,,,,0,8,8,10,,,,,,,,,0,None,,0,0,1,2.285099592,,,14,1,2019_Mar_06_1356,FaceNameBlocked,3.0.0,59.99032861
FacesBlock2.xlsx,Trevor.mp4,Trevor.JPG,Trevor,21,0,1,1,1,0,13,13,6,,,,,,,1,1,0.486225183,,,,,,,0,0,,,,,14,1,2019_Mar_06_1356,FaceNameBlocked,3.0.0,59.99032861
FacesBlock2.xlsx,Trevor.mp4,Trevor.JPG,Trevor,21,0,1,1,1,,,,,0,13,13,6,,,,,,,,,0,None,,0,0,1,2.11615069,,,14,1,2019_Mar_06_1356,FaceNameBlocked,3.0.0,59.99032861
FacesBlock2.xlsx,Tyler.mp4,Tyler.JPG,Tyler,22,0,1,1,1,0,6,6,7,,,,,,,0,1,0.852921546,,,,,,,0,0,,,,,14,1,2019_Mar_06_1356,FaceNameBlocked,3.0.0,59.99032861
FacesBlock2.xlsx,Tyler.mp4,Tyler.JPG,Tyler,22,0,1,1,1,,,,,0,6,6,7,,,,,,,,Josh,0,"['lshift', 'j', 'a', 'backspace', 's', 'backspace', 'o', 's', 'h']","[2.5668525769142434, 2.9677504809806123, 3.6009548489237204, 4.050749302958138, 4.234238910023123, 4.68333010294009, 5.550665786955506, 5.717215499957092, 6.100170828984119]",[2.5668,2.5668,2,0.468969901,,,14,1,2019_Mar_06_1356,FaceNameBlocked,3.0.0,59.99032861
,,,,,,,,,,,,,,,,,space,92.38980962,,,,,,,,,,,,,,,,14,1,2019_Mar_06_1356,FaceNameBlocked,3.0.0,59.99032861
,,,,,,,,,,,,,,,,,,,,,,,,,,,,,,,,space,8176.071779,14,1,2019_Mar_06_1356,FaceNameBlocked,3.0.0,59.99032861