condsFile,Video,Photo,Name,Row,blocks.thisRepN,blocks.thisTrialN,blocks.thisN,blocks.thisIndex,presentations.thisRepN,presentations.thisTrialN,presentations.thisN,presentations.thisIndex,testing.thisRepN,testing.thisTrialN,testing.thisN,testing.thisIndex,advance_1.keys,advance_1.rt,currentCond,judgementResp.keys,judgementResp.rt,advance_2.keys,advance_2.rt,inputText,Accuracy,key_resp_3.keys,key_resp_3.rt,trim1,key_resp3_fin,rating_resp.keys,rating_resp.rt,end_key.keys,end_key.rt,participant,session,date,expName,psychopyVersion,frameRate
FacesBlock2.xlsx,Aaron.mp4,Aaron.JPG,Aaron,18,0,1,1,1,0,14,14,3,,,,,,,1,1,0.403042118,,,,,,,0,0,,,,,15,1,2019_Mar_07_1158,FaceNameBlocked,3.0.0,60.02801556
FacesBlock2.xlsx,Aaron.mp4,Aaron.JPG,Aaron,18,0,1,1,1,,,,,0,2,2,3,,,,,,,,aaron,1,"['a', 'a', 'r', 'o', 'n']","[1.252113810973242, 1.4857132129836828, 1.7018472489435226, 1.8352227659197524, 1.9854843840003014]",[1.2521,1.2521,4,1.701689593,,,15,1,2019_Mar_07_1158,FaceNameBlocked,3.0.0,60.02801556
FacesBlock1.xlsx,Adam.mp4,Adam.JPG,Adam,5,0,0,0,0,0,3,3,5,,,,,,,0,1,0.936138618,,,,,,,0,0,,,,,15,1,2019_Mar_07_1158,FaceNameBlocked,3.0.0,60.02801556
FacesBlock1.xlsx,Adam.mp4,Adam.JPG,Adam,5,0,0,0,0,,,,,0,12,12,5,,,,,,,,,0,None,,0,0,1,0.468866403,,,15,1,2019_Mar_07_1158,FaceNameBlocked,3.0.0,60.02801556
FacesBlock4.xlsx,Alyssa.mp4,Alyssa.JPG,Alyssa,55,0,3,3,3,0,4,4,10,,,,,,,0,2,0.31972466,,,,,,,0,0,,,,,15,1,2019_Mar_07_1158,FaceNameBlocked,3.0.0,60.02801556
FacesBlock4.xlsx,Alyssa.mp4,Alyssa.JPG,Alyssa,55,0,3,3,3,,,,,0,13,13,10,,,,,,,,,0,None,,0,0,1,0.285613885,,,15,1,2019_Mar_07_1158,FaceNameBlocked,3.0.0,60.02801556
FacesBlock1.xlsx,Amanda.mp4,Amanda.JPG,Amanda,2,0,0,0,0,0,0,0,2,,,,,,,1,2,2.235151704,,,,,,,0,0,,,,,15,1,2019_Mar_07_1158,FaceNameBlocked,3.0.0,60.02801556
FacesBlock1.xlsx,Amanda.mp4,Amanda.JPG,Amanda,2,0,0,0,0,,,,,0,14,14,2,,,,,,,,amanda,1,"['a', 'm', 'a', 'n', 'd', 'a']","[1.8180298680672422, 1.9180108360014856, 2.018507690052502, 2.118452167022042, 2.266202683094889, 2.4660478910664096]",[1.8180,1.8180,1,0.218852703,,,15,1,2019_Mar_07_1158,FaceNameBlocked,3.0.0,60.02801556
FacesBlock4.xlsx,Andrew.mp4,Andrew.JPG,Andrew,51,0,3,3,3,0,7,7,6,,,,,,,1,1,0.219539446,,,,,,,0,0,,,,,15,1,2019_Mar_07_1158,FaceNameBlocked,3.0.0,60.02801556
FacesBlock4.xlsx,Andrew.mp4,Andrew.JPG,Andrew,51,0,3,3,3,,,,,0,3,3,6,,,,,,,,1,0,['1'],[9.765896135941148],[9.7658,9.7658,1,0.918948248,,,15,1,2019_Mar_07_1158,FaceNameBlocked,3.0.0,60.02801556
FacesBlock4.xlsx,Anna.mp4,Anna.JPG,Anna,47,0,3,3,3,0,12,12,2,,,,,,,0,2,0.169129603,,,,,,,0,0,,,,,15,1,2019_Mar_07_1158,FaceNameBlocked,3.0.0,60.02801556
FacesBlock4.xlsx,Anna.mp4,Anna.JPG,Anna,47,0,3,3,3,,,,,0,5,5,2,,,,,,,,,0,None,,0,0,1,0.635479343,,,15,1,2019_Mar_07_1158,FaceNameBlocked,3.0.0,60.02801556
FacesBlock2.xlsx,Ashley.mp4,Ashley.JPG,Ashley,24,0,1,1,1,0,12,12,9,,,,,,,1,2,0.370333289,,,,,,,0,0,,,,,15,1,2019_Mar_07_1158,FaceNameBlocked,3.0.0,60.02801556
FacesBlock2.xlsx,Ashley.mp4,Ashley.JPG,Ashley,24,0,1,1,1,,,,,0,7,7,9,,,,,,,,megan,0,"['m', 'e', 'g', 'a', 'n']","[5.566712814965285, 5.883442832971923, 6.215873406035826, 6.415947922039777, 6.683042229968123]",[5.5667,5.5667,1,0.352232374,,,15,1,2019_Mar_07_1158,FaceNameBlocked,3.0.0,60.02801556
FacesBlock1.xlsx,Bradley.mp4,Bradley.JPG,Bradley,14,0,0,0,0,0,1,1,14,,,,,,,0,1,0.686349639,,,,,,,0,0,,,,,15,1,2019_Mar_07_1158,FaceNameBlocked,3.0.0,60.02801556
FacesBlock1.xlsx,Bradley.mp4,Bradley.JPG,Bradley,14,0,0,0,0,,,,,0,5,5,14,,,,,,,,,0,None,,0,0,1,2.184984797,,,15,1,2019_Mar_07_1158,FaceNameBlocked,3.0.0,60.02801556
FacesBlock4.xlsx,Brandon.mp4,Brandon.JPG,Brandon,56,0,3,3,3,0,9,9,11,,,,,,,1,1,0.20254055,,,,,,,0,0,,,,,15,1,2019_Mar_07_1158,FaceNameBlocked,3.0.0,60.02801556
FacesBlock4.xlsx,Brandon.mp4,Brandon.JPG,Brandon,56,0,3,3,3,,,,,0,11,11,11,,,,,,,,,0,None,,0,0,1,0.535237251,,,15,1,2019_Mar_07_1158,FaceNameBlocked,3.0.0,60.02801556
FacesBlock4.xlsx,Brian.mp4,Brian.JPG,Brian,53,0,3,3,3,0,8,8,8,,,,,,,1,1,0.401679541,,,,,,,0,0,,,,,15,1,2019_Mar_07_1158,FaceNameBlocked,3.0.0,60.02801556
FacesBlock4.xlsx,Brian.mp4,Brian.JPG,Brian,53,0,3,3,3,,,,,0,2,2,8,,,,,,,,brai,0,"['b', 'r', 'a', 'i']","[9.149376005982049, 9.349395300960168, 9.649666131008416, 9.766213509021327]",[9.1493,9.1493,1,0.93449287,,,15,1,2019_Mar_07_1158,FaceNameBlocked,3.0.0,60.02801556
FacesBlock4.xlsx,Brianna.mp4,Brianna.JPG,Brianna,48,0,3,3,3,0,0,0,3,,,,,,,0,2,0.986054807,,,,,,,0,0,,,,,15,1,2019_Mar_07_1158,FaceNameBlocked,3.0.0,60.02801556
FacesBlock4.xlsx,Brianna.mp4,Brianna.JPG,Brianna,48,0,3,3,3,,,,,0,4,4,3,,,,,,,,lindsey,0,"['l', 'i', 'n', 'd', 's', 'e', 'y']","[5.967183685046621, 6.383806189056486, 6.650171241024509, 6.849910871009342, 7.283545634010807, 7.483183625037782, 7.649727928102948]",[5.9671,5.9671,1,0.218589739,,,15,1,2019_Mar_07_1158,FaceNameBlocked,3.0.0,60.02801556
FacesBlock2.xlsx,Brittany.mp4,Brittany.JPG,Brittany,28,0,1,1,1,0,4,4,13,,,,,,,0,2,0.71881554,,,,,,,0,0,,,,,15,1,2019_Mar_07_1158,FaceNameBlocked,3.0.0,60.02801556
FacesBlock2.xlsx,Brittany.mp4,Brittany.JPG,Brittany,28,0,1,1,1,,,,,0,9,9,13,,,,,,,,lindsey,0,"['l', 'i', 'n', 'd', 's', 'e', 'y']","[3.768433679942973, 4.034366569016129, 4.701415695017204, 4.83483103197068, 5.434786647907458, 5.717237419914454, 5.9490363139193505]",[3.7684,3.7684,1,0.918765129,,,15,1,2019_Mar_07_1158,FaceNameBlocked,3.0.0,60.02801556
FacesBlock4.xlsx,Caleb.mp4,Caleb.JPG,Caleb,59,0,3,3,3,0,1,1,14,,,,,,,1,1,0.270024759,,,,,,,0,0,,,,,15,1,2019_Mar_07_1158,FaceNameBlocked,3.0.0,60.02801556
FacesBlock4.xlsx,Caleb.mp4,Caleb.JPG,Caleb,59,0,3,3,3,,,,,0,8,8,14,,,,,,,,logan,0,"['l', 'o', 'g', 'a', 'n']","[4.4333136500790715, 4.683252034010366, 5.067237135022879, 5.516263039084151, 5.950058902031742]",[4.4333,4.4333,1,0.918788472,,,15,1,2019_Mar_07_1158,FaceNameBlocked,3.0.0,60.02801556
FacesBlock2.xlsx,Cody.mp4,Cody.JPG,Cody,23,0,1,1,1,0,11,11,8,,,,,,,1,1,0.61631838,,,,,,,0,0,,,,,15,1,2019_Mar_07_1158,FaceNameBlocked,3.0.0,60.02801556
FacesBlock2.xlsx,Cody.mp4,Cody.JPG,Cody,23,0,1,1,1,,,,,0,11,11,8,,,,,,,,logan,0,"['l', 'o', 'g', 'a', 'n']","[8.065981635008939, 8.249371876008809, 8.59922476601787, 9.099055767059326, 9.348344673053361]",[8.0659,8.0659,1,0.751525875,,,15,1,2019_Mar_07_1158,FaceNameBlocked,3.0.0,60.02801556
FacesBlock3.xlsx,Courtney.mp4,Courtney.JPG,Courtney,42,0,2,2,2,0,11,11,12,,,,,,,1,2,0.236487881,,,,,,,0,0,,,,,15,1,2019_Mar_07_1158,FaceNameBlocked,3.0.0,60.02801556
FacesBlock3.xlsx,Courtney.mp4,Courtney.JPG,Courtney,42,0,2,2,2,,,,,0,5,5,12,,,,,,,,ashley,0,"['a', 's', 'h', 'l', 'e', 'y']","[4.067898212000728, 4.300761120044626, 4.500950818997808, 4.667848596000113, 4.867347370018251, 5.100717784953304]",[4.0678,4.0678,1,0.218215712,,,15,1,2019_Mar_07_1158,FaceNameBlocked,3.0.0,60.02801556
FacesBlock3.xlsx,Daniel.mp4,Daniel.JPG,Daniel,30,0,2,2,2,0,14,14,0,,,,,,,0,1,1.869063896,,,,,,,0,0,,,,,15,1,2019_Mar_07_1158,FaceNameBlocked,3.0.0,60.02801556
FacesBlock3.xlsx,Daniel.mp4,Daniel.JPG,Daniel,30,0,2,2,2,,,,,0,9,9,0,,,,,,,,,0,"['comma', 'i', 'c', 'h', 'backspace', 'backspace', 'backspace', 'backspace', 'comma', 'c', 'i', 'h', 'a', 'e', 'l', 'backspace', 'backspace', 'backspace', 'backspace', 'backspace', 'backspace', 'comma']","[5.0505294249160215, 5.40016913798172, 5.600100526935421, 5.750234439969063, 6.582338047912344, 6.731853730976582, 6.865923624951392, 7.048797867959365, 7.466135544003919, 7.7161165359430015, 7.799072145950049, 8.049556565936655, 8.182125229970552, 8.332634902908467, 8.46644565591123, 8.765284921973944, 8.91532331390772, 9.081594452960417, 9.248551785945892, 9.398364359978586, 9.565223835990764, 9.998976703966036]",[5.0505,5.0505,1,1.384609209,,,15,1,2019_Mar_07_1158,FaceNameBlocked,3.0.0,60.02801556
FacesBlock1.xlsx,Danielle.mp4,Danielle.JPG,Danielle,3,0,0,0,0,0,2,2,3,,,,,,,1,2,0.469819703,,,,,,,0,0,,,,,15,1,2019_Mar_07_1158,FaceNameBlocked,3.0.0,60.02801556
FacesBlock1.xlsx,Danielle.mp4,Danielle.JPG,Danielle,3,0,0,0,0,,,,,0,0,0,3,,,,,,space,28.05940335,Jenna ,0,"['lshift', 'j', 'e', 'n', 'n', 'a', 'space']","[7.066190261975862, 7.18356188503094, 7.400032656034455, 7.63323312997818, 7.78318045695778, 8.233073945972137, 9.265585831017233]",[7.0661,7.0661,1,3.718011068,,,15,1,2019_Mar_07_1158,FaceNameBlocked,3.0.0,60.02801556
FacesBlock2.xlsx,David.mp4,David.JPG,David,16,0,1,1,1,0,1,1,1,,,,,,,0,1,0.269330002,,,,,,,0,0,,,,,15,1,2019_Mar_07_1158,FaceNameBlocked,3.0.0,60.02801556
FacesBlock2.xlsx,David.mp4,David.JPG,David,16,0,1,1,1,,,,,0,0,0,1,,,,,,space,9.06588582,,0,None,,0,0,1,2.434802163,,,15,1,2019_Mar_07_1158,FaceNameBlocked,3.0.0,60.02801556
FacesBlock4.xlsx,Dylan.mp4,Dylan.JPG,Dylan,50,0,3,3,3,0,6,6,5,,,,,,,1,1,0.319063797,,,,,,,0,0,,,,,15,1,2019_Mar_07_1158,FaceNameBlocked,3.0.0,60.02801556
FacesBlock4.xlsx,Dylan.mp4,Dylan.JPG,Dylan,50,0,3,3,3,,,,,0,6,6,5,,,,,,,,,0,None,,0,0,1,1.134828242,,,15,1,2019_Mar_07_1158,FaceNameBlocked,3.0.0,60.02801556
FacesBlock4.xlsx,Emily.mp4,Emily.JPG,Emily,57,0,3,3,3,0,3,3,12,,,,,,,0,2,0.252789085,,,,,,,0,0,,,,,15,1,2019_Mar_07_1158,FaceNameBlocked,3.0.0,60.02801556
FacesBlock4.xlsx,Emily.mp4,Emily.JPG,Emily,57,0,3,3,3,,,,,0,9,9,12,,,,,,,,ashley,0,"['a', 's', 'h', 'l', 'e', 'y']","[3.617470319964923, 3.8177372019272298, 4.134209150914103, 5.033830543980002, 5.2336634430103, 5.567461272934452]",[3.6174,3.6174,1,0.369046242,,,15,1,2019_Mar_07_1158,FaceNameBlocked,3.0.0,60.02801556
FacesBlock1.xlsx,Eric.mp4,Eric.JPG,Eric,0,0,0,0,0,0,12,12,0,,,,,,,1,1,0.569597217,,,,,,,0,0,,,,,15,1,2019_Mar_07_1158,FaceNameBlocked,3.0.0,60.02801556
FacesBlock1.xlsx,Eric.mp4,Eric.JPG,Eric,0,0,0,0,0,,,,,0,8,8,0,,,,,,,,,0,None,,0,0,1,1.118610894,,,15,1,2019_Mar_07_1158,FaceNameBlocked,3.0.0,60.02801556
FacesBlock1.xlsx,Ethan.mp4,Ethan.JPG,Ethan,11,0,0,0,0,0,7,7,11,,,,,,,1,1,0.386589217,,,,,,,0,0,,,,,15,1,2019_Mar_07_1158,FaceNameBlocked,3.0.0,60.02801556
FacesBlock1.xlsx,Ethan.mp4,Ethan.JPG,Ethan,11,0,0,0,0,,,,,0,7,7,11,,,,,,,,ethan,1,"['e', 't', 'h', 'a', 'n']","[2.418064267025329, 2.617238046019338, 2.7845472720218822, 3.0843502120114863, 4.050324006006122]",[2.4180,2.4180,1,0.502081004,,,15,1,2019_Mar_07_1158,FaceNameBlocked,3.0.0,60.02801556
FacesBlock4.xlsx,Grace.mp4,Grace.JPG,Grace,58,0,3,3,3,0,14,14,13,,,,,,,0,2,0.386467995,,,,,,,0,0,,,,,15,1,2019_Mar_07_1158,FaceNameBlocked,3.0.0,60.02801556
FacesBlock4.xlsx,Grace.mp4,Grace.JPG,Grace,58,0,3,3,3,,,,,0,12,12,13,,,,,,,,,0,None,,0,0,1,0.918310507,,,15,1,2019_Mar_07_1158,FaceNameBlocked,3.0.0,60.02801556
FacesBlock2.xlsx,Haley.mp4,Haley.JPG,Haley,20,0,1,1,1,0,6,6,5,,,,,,,1,2,0.620127321,,,,,,,0,0,,,,,15,1,2019_Mar_07_1158,FaceNameBlocked,3.0.0,60.02801556
FacesBlock2.xlsx,Haley.mp4,Haley.JPG,Haley,20,0,1,1,1,,,,,0,14,14,5,,,,,,,,ashley,0,"['a', 's', 'h', 'l', 'e', 'y']","[2.735325984074734, 2.968799598980695, 3.1184110990725458, 3.534631679067388, 3.718109567067586, 4.017656548996456]",[2.7353,2.7353,1,0.235071123,,,15,1,2019_Mar_07_1158,FaceNameBlocked,3.0.0,60.02801556
FacesBlock1.xlsx,Hannah.mp4,Hannah.JPG,Hannah,1,0,0,0,0,0,13,13,1,,,,,,,0,2,0.402874596,,,,,,,0,0,,,,,15,1,2019_Mar_07_1158,FaceNameBlocked,3.0.0,60.02801556
FacesBlock1.xlsx,Hannah.mp4,Hannah.JPG,Hannah,1,0,0,0,0,,,,,0,13,13,1,,,,,,,,amanda,0,"['a', 'm', 'd', 'backspace', 'a', 'n', 'd', 'a']","[3.4180541859241202, 3.551367671927437, 3.80108233098872, 4.200771245989017, 4.484034222899936, 4.534136382979341, 4.684322846005671, 4.801104536978528]",[3.4180,3.4180,1,0.3021081,,,15,1,2019_Mar_07_1158,FaceNameBlocked,3.0.0,60.02801556
FacesBlock2.xlsx,Heather.mp4,Heather.JPG,Heather,26,0,1,1,1,0,13,13,11,,,,,,,1,2,0.552721005,,,,,,,0,0,,,,,15,1,2019_Mar_07_1158,FaceNameBlocked,3.0.0,60.02801556
FacesBlock2.xlsx,Heather.mp4,Heather.JPG,Heather,26,0,1,1,1,,,,,0,1,1,11,,,,,,,,mikay,0,"['m', 'i', 'k', 'y', 'a', 'backspace', 'backspace', 'a', 'y']","[6.8502067680237815, 7.016468766960315, 7.199712343979627, 7.466416456969455, 7.982375619001687, 8.082568801939487, 8.315416535944678, 8.531937578925863, 9.299304549931549]",[6.8502,6.8502,1,1.718331149,,,15,1,2019_Mar_07_1158,FaceNameBlocked,3.0.0,60.02801556
FacesBlock3.xlsx,Jacob.mp4,Jacob.JPG,Jacob,39,0,2,2,2,0,3,3,9,,,,,,,0,1,0.368977278,,,,,,,0,0,,,,,15,1,2019_Mar_07_1158,FaceNameBlocked,3.0.0,60.02801556
FacesBlock3.xlsx,Jacob.mp4,Jacob.JPG,Jacob,39,0,2,2,2,,,,,0,4,4,9,,,,,,,,etha,0,"['1', 'backspace', 'e', 't', 'h', 'a', 'n', 'backspace']","[0.018498223973438144, 0.9010655200108886, 5.6667016099672765, 5.916701770038344, 6.116608571028337, 6.316844340064563, 6.4668263010680676, 9.715210441034287]",[0.0184,0.0184,1,0.785771199,,,15,1,2019_Mar_07_1158,FaceNameBlocked,3.0.0,60.02801556
FacesBlock4.xlsx,Jason.mp4,Jason.JPG,Jason,49,0,3,3,3,0,10,10,4,,,,,,,1,1,0.133266759,,,,,,,0,0,,,,,15,1,2019_Mar_07_1158,FaceNameBlocked,3.0.0,60.02801556
FacesBlock4.xlsx,Jason.mp4,Jason.JPG,Jason,49,0,3,3,3,,,,,0,7,7,4,,,,,,,,,0,None,,0,0,1,0.333549065,,,15,1,2019_Mar_07_1158,FaceNameBlocked,3.0.0,60.02801556
FacesBlock1.xlsx,Jenna.mp4,Jenna.JPG,Jenna,6,0,0,0,0,0,11,11,6,,,,,,,0,2,0.486320433,,,,,,,0,0,,,,,15,1,2019_Mar_07_1158,FaceNameBlocked,3.0.0,60.02801556
FacesBlock1.xlsx,Jenna.mp4,Jenna.JPG,Jenna,6,0,0,0,0,,,,,0,10,10,6,,,,,,,,jenna,1,"['j', 'e', 'n', 'a', 'rctrl', 'backspace', 'n', 'a']","[7.016582610900514, 7.283199026947841, 7.699532383936457, 7.949300445965491, 8.398633328964934, 8.932044616900384, 9.049088564002886]",[7.0165,7.0165,1,0.36861997,,,15,1,2019_Mar_07_1158,FaceNameBlocked,3.0.0,60.02801556
FacesBlock2.xlsx,Jeremy.mp4,Jeremy.JPG,Jeremy,15,0,1,1,1,0,2,2,0,,,,,,,0,2,0.483910492,,,,,,,0,0,,,,,15,1,2019_Mar_07_1158,FaceNameBlocked,3.0.0,60.02801556
FacesBlock2.xlsx,Jeremy.mp4,Jeremy.JPG,Jeremy,15,0,1,1,1,,,,,0,13,13,0,,,,,,,,,0,None,,0,0,1,0.718124237,,,15,1,2019_Mar_07_1158,FaceNameBlocked,3.0.0,60.02801556
FacesBlock1.xlsx,Jessica.mp4,Jessica.JPG,Jessica,8,0,0,0,0,0,14,14,8,,,,,,,1,2,0.036376434,,,,,,,0,0,,,,,15,1,2019_Mar_07_1158,FaceNameBlocked,3.0.0,60.02801556
FacesBlock1.xlsx,Jessica.mp4,Jessica.JPG,Jessica,8,0,0,0,0,,,,,0,6,6,8,,,,,,,,,0,None,,0,0,1,1.235337034,,,15,1,2019_Mar_07_1158,FaceNameBlocked,3.0.0,60.02801556
FacesBlock2.xlsx,Josh.mp4,Josh.JPG,Josh,19,0,1,1,1,0,8,8,4,,,,,,,0,1,0.336454979,,,,,,,0,0,,,,,15,1,2019_Mar_07_1158,FaceNameBlocked,3.0.0,60.02801556
FacesBlock2.xlsx,Josh.mp4,Josh.JPG,Josh,19,0,1,1,1,,,,,0,5,5,4,,,,,,,,br,0,"['b', 'r', 'd', 'backspace']","[8.948517565033399, 9.165909416042268, 9.448131051030941, 9.965072560007684]",[8.9485,8.9485,1,1.168570619,,,15,1,2019_Mar_07_1158,FaceNameBlocked,3.0.0,60.02801556
FacesBlock1.xlsx,Julia.mp4,Julia.JPG,Julia,13,0,0,0,0,0,8,8,13,,,,,,,1,2,0.303319458,,,,,,,0,0,,,,,15,1,2019_Mar_07_1158,FaceNameBlocked,3.0.0,60.02801556
FacesBlock1.xlsx,Julia.mp4,Julia.JPG,Julia,13,0,0,0,0,,,,,0,9,9,13,,,,,,,,,0,None,,0,0,1,1.052376645,,,15,1,2019_Mar_07_1158,FaceNameBlocked,3.0.0,60.02801556
FacesBlock2.xlsx,Justin.mp4,Justin.JPG,Justin,27,0,1,1,1,0,3,3,12,,,,,,,1,1,0.369856252,,,,,,,0,0,,,,,15,1,2019_Mar_07_1158,FaceNameBlocked,3.0.0,60.02801556
FacesBlock2.xlsx,Justin.mp4,Justin.JPG,Justin,27,0,1,1,1,,,,,0,4,4,12,,,,,,,,,0,None,,0,0,1,1.851653131,,,15,1,2019_Mar_07_1158,FaceNameBlocked,3.0.0,60.02801556
FacesBlock4.xlsx,Katie.mp4,Katie.JPG,Katie,54,0,3,3,3,0,13,13,9,,,,,,,0,2,0.202822985,,,,,,,0,0,,,,,15,1,2019_Mar_07_1158,FaceNameBlocked,3.0.0,60.02801556
FacesBlock4.xlsx,Katie.mp4,Katie.JPG,Katie,54,0,3,3,3,,,,,0,0,0,9,,,,,,space,17.31320791,katie,1,"['k', 'a', 't', 'i', 'e']","[3.685048099956475, 3.8182364099193364, 4.084763602935709, 4.234747003996745, 4.317955327918753]",[3.6850,3.6850,4,0.335399141,,,15,1,2019_Mar_07_1158,FaceNameBlocked,3.0.0,60.02801556
FacesBlock3.xlsx,Kayla.mp4,Kayla.JPG,Kayla,34,0,2,2,2,0,13,13,4,,,,,,,0,2,1.30215405,,,,,,,0,0,,,,,15,1,2019_Mar_07_1158,FaceNameBlocked,3.0.0,60.02801556
FacesBlock3.xlsx,Kayla.mp4,Kayla.JPG,Kayla,34,0,2,2,2,,,,,0,13,13,4,,,,,,,,mikayla,0,"['m', 'i', 'k', 'a', 'y', 'l', 'a']","[5.816125629935414, 6.03386332502123, 6.233344450942241, 6.51649822096806, 7.066341795027256, 7.682578786974773, 7.964099136996083]",[5.8161,5.8161,1,0.485594049,,,15,1,2019_Mar_07_1158,FaceNameBlocked,3.0.0,60.02801556
FacesBlock1.xlsx,Kelsey.mp4,Kelsey.JPG,Kelsey,12,0,0,0,0,0,4,4,12,,,,,,,0,2,0.402987985,,,,,,,0,0,,,,,15,1,2019_Mar_07_1158,FaceNameBlocked,3.0.0,60.02801556
FacesBlock1.xlsx,Kelsey.mp4,Kelsey.JPG,Kelsey,12,0,0,0,0,,,,,0,3,3,12,,,,,,,,emily,0,"['e', 'm', 'i', 'y', 'backspace', 'l', 'y']","[6.217276550014503, 6.433259001001716, 6.5334040250163525, 7.083277099998668, 8.048936326988041, 8.632796462974511, 8.932932714000344]",[6.2172,6.2172,1,1.151847101,,,15,1,2019_Mar_07_1158,FaceNameBlocked,3.0.0,60.02801556
FacesBlock3.xlsx,Kevin.mp4,Kevin.JPG,Kevin,41,0,2,2,2,0,9,9,11,,,,,,,1,1,0.035617286,,,,,,,0,0,,,,,15,1,2019_Mar_07_1158,FaceNameBlocked,3.0.0,60.02801556
FacesBlock3.xlsx,Kevin.mp4,Kevin.JPG,Kevin,41,0,2,2,2,,,,,0,12,12,11,,,,,,,,,0,None,,0,0,1,1.051437259,,,15,1,2019_Mar_07_1158,FaceNameBlocked,3.0.0,60.02801556
FacesBlock1.xlsx,Kyle.mp4,Kyle.JPG,Kyle,4,0,0,0,0,0,6,6,4,,,,,,,0,1,0.35234589,,,,,,,0,0,,,,,15,1,2019_Mar_07_1158,FaceNameBlocked,3.0.0,60.02801556
FacesBlock1.xlsx,Kyle.mp4,Kyle.JPG,Kyle,4,0,0,0,0,,,,,0,2,2,4,,,,,,,,ethan,0,"['e', 't', 'h', 'a', 'n']","[2.967323792981915, 3.167147468077019, 3.3011449580080807, 3.484445510082878, 3.6669060040730983]",[2.9673,2.9673,2,1.168532096,,,15,1,2019_Mar_07_1158,FaceNameBlocked,3.0.0,60.02801556
FacesBlock3.xlsx,Lauren.mp4,Lauren.JPG,Lauren,38,0,2,2,2,0,6,6,8,,,,,,,1,2,0.70280267,,,,,,,0,0,,,,,15,1,2019_Mar_07_1158,FaceNameBlocked,3.0.0,60.02801556
FacesBlock3.xlsx,Lauren.mp4,Lauren.JPG,Lauren,38,0,2,2,2,,,,,0,0,0,8,,,,,,space,4.219842602,,0,None,,0,0,1,0.285149391,,,15,1,2019_Mar_07_1158,FaceNameBlocked,3.0.0,60.02801556
FacesBlock3.xlsx,Mark.mp4,Mark.JPG,Mark,40,0,2,2,2,0,1,1,10,,,,,,,1,1,0.569000095,,,,,,,0,0,,,,,15,1,2019_Mar_07_1158,FaceNameBlocked,3.0.0,60.02801556
FacesBlock3.xlsx,Mark.mp4,Mark.JPG,Mark,40,0,2,2,2,,,,,0,8,8,10,,,,,,,,mark,1,"['m', 'a', 'r', 'k']","[1.669380001956597, 1.7350496440194547, 2.001842685043812, 2.1524461859371513]",[1.6693,1.6693,2,0.269038881,,,15,1,2019_Mar_07_1158,FaceNameBlocked,3.0.0,60.02801556
FacesBlock1.xlsx,Matthew.mp4,Matthew.JPG,Matthew,9,0,0,0,0,0,5,5,9,,,,,,,1,1,0.602701979,,,,,,,0,0,,,,,15,1,2019_Mar_07_1158,FaceNameBlocked,3.0.0,60.02801556
FacesBlock1.xlsx,Matthew.mp4,Matthew.JPG,Matthew,9,0,0,0,0,,,,,0,1,1,9,,,,,,,,timothy,0,"['t', 'i', 'm', 'o', 't', 'h', 'y']","[3.151165401097387, 3.4344055380206555, 3.817423592088744, 4.0011640230659395, 4.867630482069217, 5.0675933610182256, 5.233885757043026]",[3.1511,3.1511,2,3.951098548,,,15,1,2019_Mar_07_1158,FaceNameBlocked,3.0.0,60.02801556
FacesBlock2.xlsx,Megan.mp4,Megan.JPG,Megan,25,0,1,1,1,0,0,0,10,,,,,,,1,2,1.669325678,,,,,,,0,0,,,,,15,1,2019_Mar_07_1158,FaceNameBlocked,3.0.0,60.02801556
FacesBlock2.xlsx,Megan.mp4,Megan.JPG,Megan,25,0,1,1,1,,,,,0,6,6,10,,,,,,,,ashley,0,"['a', 's', 'h', 'l', 'e', 'y']","[2.6356068319873884, 2.83572247705888, 2.9852158039575443, 3.2999015799723566, 3.4846714689629152, 3.734877608017996]",[2.6356,2.6356,1,0.402417911,,,15,1,2019_Mar_07_1158,FaceNameBlocked,3.0.0,60.02801556
FacesBlock4.xlsx,Michael.mp4,Michael.JPG,Michael,46,0,3,3,3,0,2,2,1,,,,,,,1,1,0.619498496,,,,,,,0,0,,,,,15,1,2019_Mar_07_1158,FaceNameBlocked,3.0.0,60.02801556
FacesBlock4.xlsx,Michael.mp4,Michael.JPG,Michael,46,0,3,3,3,,,,,0,10,10,1,,,,,,,,,0,None,,0,0,1,0.851255555,,,15,1,2019_Mar_07_1158,FaceNameBlocked,3.0.0,60.02801556
FacesBlock4.xlsx,Michelle.mp4,Michelle.JPG,Michelle,52,0,3,3,3,0,11,11,7,,,,,,,0,2,0.252128653,,,,,,,0,0,,,,,15,1,2019_Mar_07_1158,FaceNameBlocked,3.0.0,60.02801556
FacesBlock4.xlsx,Michelle.mp4,Michelle.JPG,Michelle,52,0,3,3,3,,,,,0,1,1,7,,,,,,,,emily,0,"['e', 'm', 'i', 'l', 'y']","[5.21699628198985, 5.367720283917151, 5.583854645024985, 6.03338173602242, 6.398628722992726]",[5.2169,5.2169,1,0.185690071,,,15,1,2019_Mar_07_1158,FaceNameBlocked,3.0.0,60.02801556
FacesBlock1.xlsx,Natalie.mp4,Natalie.JPG,Natalie,7,0,0,0,0,0,10,10,7,,,,,,,1,2,0.469452617,,,,,,,0,0,,,,,15,1,2019_Mar_07_1158,FaceNameBlocked,3.0.0,60.02801556
FacesBlock1.xlsx,Natalie.mp4,Natalie.JPG,Natalie,7,0,0,0,0,,,,,0,4,4,7,,,,,,,,jenna,0,"['j', 'e', 'n', 'n', 'a']","[9.380290557048284, 9.499162056017667, 9.615357695962302, 9.796408912050538, 9.898270398029126]",[9.3802,9.3802,1,1.351732051,,,15,1,2019_Mar_07_1158,FaceNameBlocked,3.0.0,60.02801556
FacesBlock3.xlsx,Nathan.mp4,Nathan.JPG,Nathan,37,0,2,2,2,0,0,0,7,,,,,,,0,1,1.151813864,,,,,,,0,0,,,,,15,1,2019_Mar_07_1158,FaceNameBlocked,3.0.0,60.02801556
FacesBlock3.xlsx,Nathan.mp4,Nathan.JPG,Nathan,37,0,2,2,2,,,,,0,14,14,7,,,,,,,,jacob,0,"['j', 'a', 'c', 'o', 'b']","[3.5179482739185914, 3.6661198099609464, 3.9180360198952258, 4.201359553961083, 4.551197954919189]",[3.5179,3.5179,1,0.28581934,,,15,1,2019_Mar_07_1158,FaceNameBlocked,3.0.0,60.02801556
FacesBlock3.xlsx,Nicole.mp4,Nicole.JPG,Nicole,43,0,2,2,2,0,10,10,13,,,,,,,0,2,0.286413584,,,,,,,0,0,,,,,15,1,2019_Mar_07_1158,FaceNameBlocked,3.0.0,60.02801556
FacesBlock3.xlsx,Nicole.mp4,Nicole.JPG,Nicole,43,0,2,2,2,,,,,0,10,10,13,,,,,,,,nicole,1,"['n', 'i', 'c', 'o', 'l', 'e']","[1.302232869900763, 1.4685802079038695, 1.6499593999469653, 1.7182546789990738, 1.9182514629792422, 2.0177242609206587]",[1.3022,1.3022,4,0.952088787,,,15,1,2019_Mar_07_1158,FaceNameBlocked,3.0.0,60.02801556
FacesBlock3.xlsx,Noah.mp4,Noah.JPG,Noah,31,0,2,2,2,0,7,7,1,,,,,,,1,1,0.170040498,,,,,,,0,0,,,,,15,1,2019_Mar_07_1158,FaceNameBlocked,3.0.0,60.02801556
FacesBlock3.xlsx,Noah.mp4,Noah.JPG,Noah,31,0,2,2,2,,,,,0,6,6,1,,,,,,,,mark,0,"['m', 'a', 'r', 'k']","[1.7018428720766678, 1.9186930881114677, 2.2344748340547085, 2.534937105025165]",[1.7018,1.7018,1,0.86872673,,,15,1,2019_Mar_07_1158,FaceNameBlocked,3.0.0,60.02801556
FacesBlock3.xlsx,Olivia.mp4,Olivia.JPG,Olivia,35,0,2,2,2,0,2,2,5,,,,,,,1,2,0.436296474,,,,,,,0,0,,,,,15,1,2019_Mar_07_1158,FaceNameBlocked,3.0.0,60.02801556
FacesBlock3.xlsx,Olivia.mp4,Olivia.JPG,Olivia,35,0,2,2,2,,,,,0,3,3,5,,,,,,,,megan,0,"['1', 'backspace', 'm', 'e', 'g', 'a', 'n']","[0.1186143500963226, 1.1512110109906644, 4.8843041229993105, 5.067396611091681, 5.316902410006151, 5.483877353020944, 5.600630784989335]",[0.1186,0.1186,1,0.218268186,,,15,1,2019_Mar_07_1158,FaceNameBlocked,3.0.0,60.02801556
FacesBlock2.xlsx,Rachel.mp4,Rachel.JPG,Rachel,29,0,1,1,1,0,7,7,14,,,,,,,0,2,0.386654565,,,,,,,0,0,,,,,15,1,2019_Mar_07_1158,FaceNameBlocked,3.0.0,60.02801556
FacesBlock2.xlsx,Rachel.mp4,Rachel.JPG,Rachel,29,0,1,1,1,,,,,0,3,3,14,,,,,,,,rachel,1,"['a', 's', 'h', 'l', 'e', 'y', 'backspace', 'f13', 'backspace', 'backspace', 'backspace', 'backspace', 'backspace', 'backspace', 'r', 'a', 'c', 'h', 'e', 'l']","[3.484371160971932, 3.6347417809301987, 3.9678028490161523, 4.300980185973458, 4.40093021094799, 4.6339217169443145, 5.066557741956785, 5.087242168025114, 6.0998114249669015, 7.199055991950445, 7.348984150914475, 7.498634230927564, 7.6327652839245275, 7.782904317951761, 8.266609190963209, 8.449721739976667, 8.616343860980123, 8.717038563918322, 8.815657138940878, 9.066429817932658]",[3.4843,3.4843,1,1.351434843,,,15,1,2019_Mar_07_1158,FaceNameBlocked,3.0.0,60.02801556
FacesBlock3.xlsx,Rebecca.mp4,Rebecca.JPG,Rebecca,32,0,2,2,2,0,8,8,2,,,,,,,0,2,0.20220884,,,,,,,0,0,,,,,15,1,2019_Mar_07_1158,FaceNameBlocked,3.0.0,60.02801556
FacesBlock3.xlsx,Rebecca.mp4,Rebecca.JPG,Rebecca,32,0,2,2,2,,,,,0,11,11,2,,,,,,,,emily,0,"['e', 'm', 'i', 'l', 'y']","[3.5512764449231327, 3.732570808962919, 3.932453478919342, 4.150951002957299, 4.300865785917267]",[3.5512,3.5512,1,0.218820894,,,15,1,2019_Mar_07_1158,FaceNameBlocked,3.0.0,60.02801556
FacesBlock3.xlsx,Sarah.mp4,Sarah.JPG,Sarah,33,0,2,2,2,0,4,4,3,,,,,,,0,2,0.502818299,,,,,,,0,0,,,,,15,1,2019_Mar_07_1158,FaceNameBlocked,3.0.0,60.02801556
FacesBlock3.xlsx,Sarah.mp4,Sarah.JPG,Sarah,33,0,2,2,2,,,,,0,2,2,3,,,,,,,,rachel,0,"['r', 'a', 'c', 'h', 'e', 'l']","[7.300057339016348, 7.533001816016622, 7.6996359849581495, 7.833152984967455, 7.932984309038147, 8.082780444994569]",[7.3000,7.3000,1,0.152109205,,,15,1,2019_Mar_07_1158,FaceNameBlocked,3.0.0,60.02801556
FacesBlock3.xlsx,Shelby.mp4,Shelby.JPG,Shelby,36,0,2,2,2,0,12,12,6,,,,,,,1,2,0.585723341,,,,,,,0,0,,,,,15,1,2019_Mar_07_1158,FaceNameBlocked,3.0.0,60.02801556
FacesBlock3.xlsx,Shelby.mp4,Shelby.JPG,Shelby,36,0,2,2,2,,,,,0,7,7,6,,,,,,,,sarah,0,"['s', 'a', 'r', 'a', 'h']","[6.333744082949124, 6.566616835887544, 6.733250587945804, 6.966605401947163, 7.11640229600016]",[6.3337,6.3337,1,0.235176622,,,15,1,2019_Mar_07_1158,FaceNameBlocked,3.0.0,60.02801556
FacesBlock2.xlsx,Steven.mp4,Steven.JPG,Steven,17,0,1,1,1,0,9,9,2,,,,,,,0,1,0.019852968,,,,,,,0,0,,,,,15,1,2019_Mar_07_1158,FaceNameBlocked,3.0.0,60.02801556
FacesBlock2.xlsx,Steven.mp4,Steven.JPG,Steven,17,0,1,1,1,,,,,0,8,8,2,,,,,,,,,0,None,,0,0,1,1.068755613,,,15,1,2019_Mar_07_1158,FaceNameBlocked,3.0.0,60.02801556
FacesBlock4.xlsx,Taylor.mp4,Taylor.JPG,Taylor,45,0,3,3,3,0,5,5,0,,,,,,,0,2,0.116771602,,,,,,,0,0,,,,,15,1,2019_Mar_07_1158,FaceNameBlocked,3.0.0,60.02801556
FacesBlock4.xlsx,Taylor.mp4,Taylor.JPG,Taylor,45,0,3,3,3,,,,,0,14,14,0,,,,,,,,,0,None,,0,0,1,1.018707012,,,15,1,2019_Mar_07_1158,FaceNameBlocked,3.0.0,60.02801556
FacesBlock3.xlsx,Thomas.mp4,Thomas.JPG,Thomas,44,0,2,2,2,0,5,5,14,,,,,,,1,1,0.75334798,,,,,,,0,0,,,,,15,1,2019_Mar_07_1158,FaceNameBlocked,3.0.0,60.02801556
FacesBlock3.xlsx,Thomas.mp4,Thomas.JPG,Thomas,44,0,2,2,2,,,,,0,1,1,14,,,,,,,,,0,None,,0,0,1,0.852912987,,,15,1,2019_Mar_07_1158,FaceNameBlocked,3.0.0,60.02801556
FacesBlock1.xlsx,Timothy.mp4,Timothy.JPG,Timothy,10,0,0,0,0,0,9,9,10,,,,,,,0,1,0.319690869,,,,,,,0,0,,,,,15,1,2019_Mar_07_1158,FaceNameBlocked,3.0.0,60.02801556
FacesBlock1.xlsx,Timothy.mp4,Timothy.JPG,Timothy,10,0,0,0,0,,,,,0,11,11,10,,,,,,,,timonthy,1,"['t', 'i', 'm', 'o', 'n', 't', 'h', 'y']","[3.1686122929677367, 3.285415299003944, 3.4851903379894793, 3.585241057910025, 3.7350390589563176, 3.8353548019658774, 3.93469731498044, 4.134956116904505]",[3.1686,3.1686,1,0.535184091,,,15,1,2019_Mar_07_1158,FaceNameBlocked,3.0.0,60.02801556
FacesBlock2.xlsx,Trevor.mp4,Trevor.JPG,Trevor,21,0,1,1,1,0,5,5,6,,,,,,,0,1,0.219458029,,,,,,,0,0,,,,,15,1,2019_Mar_07_1158,FaceNameBlocked,3.0.0,60.02801556
FacesBlock2.xlsx,Trevor.mp4,Trevor.JPG,Trevor,21,0,1,1,1,,,,,0,12,12,6,,,,,,,,ethan,0,"['e', 'h', 't', 'a', 'n', 'backspace', 'backspace', 'backspace', 'backspace', 't', 'h', 'z', 'backspace', 'a', 'n']","[2.2330493190092966, 2.451778037007898, 2.634751082980074, 3.0678992819739506, 3.400850038975477, 4.5170552029740065, 4.716853206977248, 4.883396164048463, 5.049570878967643, 5.666793767013587, 5.817069035023451, 6.0171481519937515, 6.449716059025377, 6.633090247982182, 7.1997204050421715]",[2.2330,2.2330,1,1.068662409,,,15,1,2019_Mar_07_1158,FaceNameBlocked,3.0.0,60.02801556
FacesBlock2.xlsx,Tyler.mp4,Tyler.JPG,Tyler,22,0,1,1,1,0,10,10,7,,,,,,,0,1,0.103119009,,,,,,,0,0,,,,,15,1,2019_Mar_07_1158,FaceNameBlocked,3.0.0,60.02801556
FacesBlock2.xlsx,Tyler.mp4,Tyler.JPG,Tyler,22,0,1,1,1,,,,,0,10,10,7,,,,,,,,,0,None,,0,0,1,0.901634305,,,15,1,2019_Mar_07_1158,FaceNameBlocked,3.0.0,60.02801556
,,,,,,,,,,,,,,,,,space,294.6729597,,,,,,,,,,,,,,,,15,1,2019_Mar_07_1158,FaceNameBlocked,3.0.0,60.02801556
,,,,,,,,,,,,,,,,,,,,,,,,,,,,,,,,space,4.817598876,15,1,2019_Mar_07_1158,FaceNameBlocked,3.0.0,60.02801556