condsFile,Video,Photo,Name,Row,blocks.thisRepN,blocks.thisTrialN,blocks.thisN,blocks.thisIndex,presentations.thisRepN,presentations.thisTrialN,presentations.thisN,presentations.thisIndex,testing.thisRepN,testing.thisTrialN,testing.thisN,testing.thisIndex,advance_1.keys,advance_1.rt,currentCond,judgementResp.keys,judgementResp.rt,advance_2.keys,advance_2.rt,inputText,Accuracy,key_resp_3.keys,key_resp_3.rt,trim1,key_resp3_fin,rating_resp.keys,rating_resp.rt,end_key.keys,end_key.rt,participant,session,date,expName,psychopyVersion,frameRate
FacesBlock2.xlsx,Aaron.mp4,Aaron.JPG,Aaron,18,0,1,1,1,0,13,13,3,,,,,,,1,1,0.755767773,,,,,,,0,0,,,,,18,1,2019_Mar_08_1206,FaceNameBlocked,3.0.0,85.05420024
FacesBlock2.xlsx,Aaron.mp4,Aaron.JPG,Aaron,18,0,1,1,1,,,,,0,12,12,3,,,,,,,,Aaron,1,"['lshift', 'a', 'a', 'r', 'o', 'n']","[1.0826950660002694, 1.5427843389998088, 1.9657946039997114, 2.4719076820001646, 2.671897744000489, 2.8952801060004276]",[1.0826,1.0826,4,1.013773301,,,18,1,2019_Mar_08_1206,FaceNameBlocked,3.0.0,85.05420024
FacesBlock1.xlsx,Adam.mp4,Adam.JPG,Adam,5,0,0,0,0,0,2,2,5,,,,,,,1,1,0.649935351,,,,,,,0,0,,,,,18,1,2019_Mar_08_1206,FaceNameBlocked,3.0.0,85.05420024
FacesBlock1.xlsx,Adam.mp4,Adam.JPG,Adam,5,0,0,0,0,,,,,0,3,3,5,,,,,,,,Jason,0,"['lshift', 'j', 'a', 's', 'o', 'n']","[3.4579940910002733, 3.695551418999912, 4.175675590000083, 5.22394737400009, 5.49485434799999, 5.788574427000185]",[3.4579,3.4579,1,1.225215084,,,18,1,2019_Mar_08_1206,FaceNameBlocked,3.0.0,85.05420024
FacesBlock4.xlsx,Alyssa.mp4,Alyssa.JPG,Alyssa,55,0,3,3,3,0,11,11,10,,,,,,,1,2,0.908213068,,,,,,,0,0,,,,,18,1,2019_Mar_08_1206,FaceNameBlocked,3.0.0,85.05420024
FacesBlock4.xlsx,Alyssa.mp4,Alyssa.JPG,Alyssa,55,0,3,3,3,,,,,0,12,12,10,,,,,,,,,0,None,,0,0,1,0.496796029,,,18,1,2019_Mar_08_1206,FaceNameBlocked,3.0.0,85.05420024
FacesBlock1.xlsx,Amanda.mp4,Amanda.JPG,Amanda,2,0,0,0,0,0,3,3,2,,,,,,,1,2,0.614715957,,,,,,,0,0,,,,,18,1,2019_Mar_08_1206,FaceNameBlocked,3.0.0,85.05420024
FacesBlock1.xlsx,Amanda.mp4,Amanda.JPG,Amanda,2,0,0,0,0,,,,,0,0,0,2,,,,,,space,44.08342649,Amanda,1,"['lshift', 'a', 'comma', 'm', 'a', 'n', 'd', 'a']","[2.4475704239998777, 2.778330095000001, 3.1428117119999115, 4.1655589359997975, 4.4481121049998364, 4.754121021000174, 5.04762085099992, 5.295120846999907]",[2.4475,2.4475,1,1.955145045,,,18,1,2019_Mar_08_1206,FaceNameBlocked,3.0.0,85.05420024
FacesBlock4.xlsx,Andrew.mp4,Andrew.JPG,Andrew,51,0,3,3,3,0,4,4,6,,,,,,,0,1,1.414467697,,,,,,,0,0,,,,,18,1,2019_Mar_08_1206,FaceNameBlocked,3.0.0,85.05420024
FacesBlock4.xlsx,Andrew.mp4,Andrew.JPG,Andrew,51,0,3,3,3,,,,,0,2,2,6,,,,,,,,Andrew,1,"['lshift', 'a', 'n', 'd', 'r', 'e', 'w']","[1.5771245879996059, 1.9667176949997156, 2.178205186000014, 2.366366491000008, 2.5666161199997077, 2.7303214219991787, 3.6947988590000023]",[1.5771,1.5771,1,0.423425111,,,18,1,2019_Mar_08_1206,FaceNameBlocked,3.0.0,85.05420024
FacesBlock4.xlsx,Anna.mp4,Anna.JPG,Anna,47,0,3,3,3,0,10,10,2,,,,,,,0,2,0.873867219,,,,,,,0,0,,,,,18,1,2019_Mar_08_1206,FaceNameBlocked,3.0.0,85.05420024
FacesBlock4.xlsx,Anna.mp4,Anna.JPG,Anna,47,0,3,3,3,,,,,0,5,5,2,,,,,,,,,0,None,,0,0,1,1.425508359,,,18,1,2019_Mar_08_1206,FaceNameBlocked,3.0.0,85.05420024
FacesBlock2.xlsx,Ashley.mp4,Ashley.JPG,Ashley,24,0,1,1,1,0,6,6,9,,,,,,,1,2,1.014145079,,,,,,,0,0,,,,,18,1,2019_Mar_08_1206,FaceNameBlocked,3.0.0,85.05420024
FacesBlock2.xlsx,Ashley.mp4,Ashley.JPG,Ashley,24,0,1,1,1,,,,,0,13,13,9,,,,,,,,Jessica,0,"['lshift', 'lshift', 'j', 'e', 's', 's', 'i', 'c', 'a']","[4.916694538000229, 7.68040322700017, 8.329578532000596, 8.635028957000031, 8.859117164000054, 9.010924218000582, 9.423330798999814, 9.552230278000025, 9.857612356000573]",[4.9166,4.9166,1,1.472915736,,,18,1,2019_Mar_08_1206,FaceNameBlocked,3.0.0,85.05420024
FacesBlock1.xlsx,Bradley.mp4,Bradley.JPG,Bradley,14,0,0,0,0,0,5,5,14,,,,,,,1,1,0.709280694,,,,,,,0,0,,,,,18,1,2019_Mar_08_1206,FaceNameBlocked,3.0.0,85.05420024
FacesBlock1.xlsx,Bradley.mp4,Bradley.JPG,Bradley,14,0,0,0,0,,,,,0,6,6,14,,,,,,,,,0,None,,0,0,1,0.766810215,,,18,1,2019_Mar_08_1206,FaceNameBlocked,3.0.0,85.05420024
FacesBlock4.xlsx,Brandon.mp4,Brandon.JPG,Brandon,56,0,3,3,3,0,7,7,11,,,,,,,0,1,1.731787635,,,,,,,0,0,,,,,18,1,2019_Mar_08_1206,FaceNameBlocked,3.0.0,85.05420024
FacesBlock4.xlsx,Brandon.mp4,Brandon.JPG,Brandon,56,0,3,3,3,,,,,0,4,4,11,,,,,,,,,0,None,,0,0,1,0.273003368,,,18,1,2019_Mar_08_1206,FaceNameBlocked,3.0.0,85.05420024
FacesBlock4.xlsx,Brian.mp4,Brian.JPG,Brian,53,0,3,3,3,0,3,3,8,,,,,,,0,1,1.35572423,,,,,,,0,0,,,,,18,1,2019_Mar_08_1206,FaceNameBlocked,3.0.0,85.05420024
FacesBlock4.xlsx,Brian.mp4,Brian.JPG,Brian,53,0,3,3,3,,,,,0,6,6,8,,,,,,,,David,0,"['lshift', 'd', 'a', 'v', 'i', 'd']","[1.965202061999662, 2.1900592729998607, 2.4601460599997154, 2.6000888609996764, 3.072097862999726, 3.8130502969997906]",[1.9652,1.9652,1,0.613584599,,,18,1,2019_Mar_08_1206,FaceNameBlocked,3.0.0,85.05420024
FacesBlock4.xlsx,Brianna.mp4,Brianna.JPG,Brianna,48,0,3,3,3,0,5,5,3,,,,,,,1,2,1.273223392,,,,,,,0,0,,,,,18,1,2019_Mar_08_1206,FaceNameBlocked,3.0.0,85.05420024
FacesBlock4.xlsx,Brianna.mp4,Brianna.JPG,Brianna,48,0,3,3,3,,,,,0,8,8,3,,,,,,,,Taylor,0,"['lshift', 't', 'a', 'y', 'l', 'o', 'r']","[1.3188339369999085, 1.567347090000112, 1.9548290230004568, 2.543223978000242, 2.9781689210003606, 3.2022228220002944, 3.54339538000022]",[1.3188,1.3188,2,1.931096172,,,18,1,2019_Mar_08_1206,FaceNameBlocked,3.0.0,85.05420024
FacesBlock2.xlsx,Brittany.mp4,Brittany.JPG,Brittany,28,0,1,1,1,0,5,5,13,,,,,,,0,2,1.011321536,,,,,,,0,0,,,,,18,1,2019_Mar_08_1206,FaceNameBlocked,3.0.0,85.05420024
FacesBlock2.xlsx,Brittany.mp4,Brittany.JPG,Brittany,28,0,1,1,1,,,,,0,1,1,13,,,,,,,,,0,None,,0,0,1,1.648595729,,,18,1,2019_Mar_08_1206,FaceNameBlocked,3.0.0,85.05420024
FacesBlock4.xlsx,Caleb.mp4,Caleb.JPG,Caleb,59,0,3,3,3,0,6,6,14,,,,,,,1,1,0.850186947,,,,,,,0,0,,,,,18,1,2019_Mar_08_1206,FaceNameBlocked,3.0.0,85.05420024
FacesBlock4.xlsx,Caleb.mp4,Caleb.JPG,Caleb,59,0,3,3,3,,,,,0,11,11,14,,,,,,,,,0,None,,0,0,1,1.165932924,,,18,1,2019_Mar_08_1206,FaceNameBlocked,3.0.0,85.05420024
FacesBlock2.xlsx,Cody.mp4,Cody.JPG,Cody,23,0,1,1,1,0,0,0,8,,,,,,,1,1,1.743296637,,,,,,,0,0,,,,,18,1,2019_Mar_08_1206,FaceNameBlocked,3.0.0,85.05420024
FacesBlock2.xlsx,Cody.mp4,Cody.JPG,Cody,23,0,1,1,1,,,,,0,0,0,8,,,,,,space,5.636183929,Andrew,0,"['lshift', 'lshift', 'a', 'lshift', 'n', 'd', 'y', 'backspace', 'backspace', 'backspace', 'n', 'd', 'r', 'e', 'e', 'w', 'backspace', 'backspace', 'e', 'backspace', 'w']","[2.4348400200005926, 3.058893445000649, 3.318515048000336, 3.3878102060007222, 3.624374988999989, 3.824512398000479, 3.989371203000701, 4.6238977740003975, 4.800235319000421, 5.106341205000717, 5.624224261000563, 5.800071377000677, 6.976846683000076, 7.35300520400051, 7.447278294000171, 7.6472659680002835, 7.9517174560005515, 8.104796695000005, 8.85633438000059, 9.151740969999992, 9.539793138000277]",[2.4348,2.4348,1,1.271896766,,,18,1,2019_Mar_08_1206,FaceNameBlocked,3.0.0,85.05420024
FacesBlock3.xlsx,Courtney.mp4,Courtney.JPG,Courtney,42,0,2,2,2,0,6,6,12,,,,,,,1,2,1.237356886,,,,,,,0,0,,,,,18,1,2019_Mar_08_1206,FaceNameBlocked,3.0.0,85.05420024
FacesBlock3.xlsx,Courtney.mp4,Courtney.JPG,Courtney,42,0,2,2,2,,,,,0,9,9,12,,,,,,,,Courtney,1,"['lshift', 'c', 'o', 'u', 'r', 't', 'n', 'e', 'y']","[0.9761381150001398, 1.1661958720005714, 1.4842453210003441, 1.8246130790003008, 2.1425270159998036, 2.495499532999929, 2.8364671140006976, 3.024787868000203, 3.2716310960004193]",[0.9761,0.9761,4,0.578643394,,,18,1,2019_Mar_08_1206,FaceNameBlocked,3.0.0,85.05420024
FacesBlock3.xlsx,Daniel.mp4,Daniel.JPG,Daniel,30,0,2,2,2,0,0,0,0,,,,,,,1,1,0.920451611,,,,,,,0,0,,,,,18,1,2019_Mar_08_1206,FaceNameBlocked,3.0.0,85.05420024
FacesBlock3.xlsx,Daniel.mp4,Daniel.JPG,Daniel,30,0,2,2,2,,,,,0,3,3,0,,,,,,,,,0,"['lshift', 'lshift']","[3.282808361000207, 5.729197628000293]",[3.2828,3.2828,1,0.554592879,,,18,1,2019_Mar_08_1206,FaceNameBlocked,3.0.0,85.05420024
FacesBlock1.xlsx,Danielle.mp4,Danielle.JPG,Danielle,3,0,0,0,0,0,6,6,3,,,,,,,1,2,0.637579981,,,,,,,0,0,,,,,18,1,2019_Mar_08_1206,FaceNameBlocked,3.0.0,85.05420024
FacesBlock1.xlsx,Danielle.mp4,Danielle.JPG,Danielle,3,0,0,0,0,,,,,0,8,8,3,,,,,,,,Jessica,0,"['lshift', 'j', 'e', 's', 's', 'i', 'c', 'a']","[4.340637430000243, 4.482986876000268, 4.741875770000206, 4.9772568540001885, 5.118205410999963, 5.259458930000164, 5.494328725000287, 5.694487623999976]",[4.3406,4.3406,1,1.848640031,,,18,1,2019_Mar_08_1206,FaceNameBlocked,3.0.0,85.05420024
FacesBlock2.xlsx,David.mp4,David.JPG,David,16,0,1,1,1,0,11,11,1,,,,,,,0,1,0.579569193,,,,,,,0,0,,,,,18,1,2019_Mar_08_1206,FaceNameBlocked,3.0.0,85.05420024
FacesBlock2.xlsx,David.mp4,David.JPG,David,16,0,1,1,1,,,,,0,10,10,1,,,,,,,,David,1,"['lshift', 'lshift', 'd', 'a', 'v', 'i', 'd']","[7.175327447999734, 8.845359915999325, 9.152707933999409, 9.411375734999638, 9.5760636039995, 9.846554774999277, 9.976011828000082]",[7.1753,7.1753,1,1.28423747,,,18,1,2019_Mar_08_1206,FaceNameBlocked,3.0.0,85.05420024
FacesBlock4.xlsx,Dylan.mp4,Dylan.JPG,Dylan,50,0,3,3,3,0,0,0,5,,,,,,,1,1,5.119498525,,,,,,,0,0,,,,,18,1,2019_Mar_08_1206,FaceNameBlocked,3.0.0,85.05420024
FacesBlock4.xlsx,Dylan.mp4,Dylan.JPG,Dylan,50,0,3,3,3,,,,,0,14,14,5,,,,,,,,,0,None,,0,0,1,0.75516541,,,18,1,2019_Mar_08_1206,FaceNameBlocked,3.0.0,85.05420024
FacesBlock4.xlsx,Emily.mp4,Emily.JPG,Emily,57,0,3,3,3,0,13,13,12,,,,,,,0,2,1.17884069,,,,,,,0,0,,,,,18,1,2019_Mar_08_1206,FaceNameBlocked,3.0.0,85.05420024
FacesBlock4.xlsx,Emily.mp4,Emily.JPG,Emily,57,0,3,3,3,,,,,0,0,0,12,,,,,,space,1.753088336,,0,['lshift'],[2.411761031000424],[2.4117,2.4117,1,0.567028629,,,18,1,2019_Mar_08_1206,FaceNameBlocked,3.0.0,85.05420024
FacesBlock1.xlsx,Eric.mp4,Eric.JPG,Eric,0,0,0,0,0,0,9,9,0,,,,,,,0,1,0.532017812,,,,,,,0,0,,,,,18,1,2019_Mar_08_1206,FaceNameBlocked,3.0.0,85.05420024
FacesBlock1.xlsx,Eric.mp4,Eric.JPG,Eric,0,0,0,0,0,,,,,0,4,4,0,,,,,,,,Mathew,0,"['lshift', 'm', 'a', 't', 'h', 'e', 'e', 'backspace', 'w']","[1.8122974210000393, 2.5648296539998228, 2.931617210999775, 4.107608897999853, 4.2132434840000315, 5.2134028249997755, 5.389400795999791, 6.435978017999787, 6.894338340999639]",[1.8122,1.8122,2,1.060816295,,,18,1,2019_Mar_08_1206,FaceNameBlocked,3.0.0,85.05420024
FacesBlock1.xlsx,Ethan.mp4,Ethan.JPG,Ethan,11,0,0,0,0,0,11,11,11,,,,,,,1,1,0.59104258,,,,,,,0,0,,,,,18,1,2019_Mar_08_1206,FaceNameBlocked,3.0.0,85.05420024
FacesBlock1.xlsx,Ethan.mp4,Ethan.JPG,Ethan,11,0,0,0,0,,,,,0,12,12,11,,,,,,,,Kyle,0,"['lshift', 'k', 'y', 'l', 'e']","[5.070122059999903, 5.189828673000193, 5.483840192000116, 5.765806482000244, 5.883074738000232]",[5.0701,5.0701,1,1.143135728,,,18,1,2019_Mar_08_1206,FaceNameBlocked,3.0.0,85.05420024
FacesBlock4.xlsx,Grace.mp4,Grace.JPG,Grace,58,0,3,3,3,0,14,14,13,,,,,,,1,2,0.626112654,,,,,,,0,0,,,,,18,1,2019_Mar_08_1206,FaceNameBlocked,3.0.0,85.05420024
FacesBlock4.xlsx,Grace.mp4,Grace.JPG,Grace,58,0,3,3,3,,,,,0,9,9,13,,,,,,,,,0,"['lshift', 'k', 'a', 't', 'backspace', 'backspace', 'backspace', 'backspace']","[3.435408565999751, 3.707839622999927, 4.013460818999192, 4.577823895999245, 5.624023607999334, 5.788734667999961, 5.941160295999907, 6.1174679119994835]",[3.4354,3.4354,1,1.154692035,,,18,1,2019_Mar_08_1206,FaceNameBlocked,3.0.0,85.05420024
FacesBlock2.xlsx,Haley.mp4,Haley.JPG,Haley,20,0,1,1,1,0,10,10,5,,,,,,,0,2,0.626421672,,,,,,,0,0,,,,,18,1,2019_Mar_08_1206,FaceNameBlocked,3.0.0,85.05420024
FacesBlock2.xlsx,Haley.mp4,Haley.JPG,Haley,20,0,1,1,1,,,,,0,9,9,5,,,,,,,,,0,None,,0,0,1,1.025597308,,,18,1,2019_Mar_08_1206,FaceNameBlocked,3.0.0,85.05420024
FacesBlock1.xlsx,Hannah.mp4,Hannah.JPG,Hannah,1,0,0,0,0,0,1,1,1,,,,,,,1,2,0.578732895,,,,,,,0,0,,,,,18,1,2019_Mar_08_1206,FaceNameBlocked,3.0.0,85.05420024
FacesBlock1.xlsx,Hannah.mp4,Hannah.JPG,Hannah,1,0,0,0,0,,,,,0,1,1,1,,,,,,,,Jessica,0,"['lshift', 'lshift', 'j', 'e', 's', 's', 'i', 'c', 'a']","[4.505323499000042, 5.481455330999779, 5.636118501000055, 5.976301752999916, 6.529600248999941, 6.717732176000027, 7.552319668999644, 7.729704643999867, 7.858799519000058]",[4.5053,4.5053,1,1.049196572,,,18,1,2019_Mar_08_1206,FaceNameBlocked,3.0.0,85.05420024
FacesBlock2.xlsx,Heather.mp4,Heather.JPG,Heather,26,0,1,1,1,0,7,7,11,,,,,,,1,2,0.696913924,,,,,,,0,0,,,,,18,1,2019_Mar_08_1206,FaceNameBlocked,3.0.0,85.05420024
FacesBlock2.xlsx,Heather.mp4,Heather.JPG,Heather,26,0,1,1,1,,,,,0,3,3,11,,,,,,,,Heather,1,"['lshift', 'h', 'e', 'a', 't', 'h', 'e', 'r']","[2.1175598059999174, 2.3430823649996455, 2.589230571999906, 2.825070238999615, 3.0954689119998875, 3.3660387700001593, 3.8717865469998287, 4.106844027000079]",[2.1175,2.1175,2,1.072054801,,,18,1,2019_Mar_08_1206,FaceNameBlocked,3.0.0,85.05420024
FacesBlock3.xlsx,Jacob.mp4,Jacob.JPG,Jacob,39,0,2,2,2,0,8,8,9,,,,,,,1,1,1.449361665,,,,,,,0,0,,,,,18,1,2019_Mar_08_1206,FaceNameBlocked,3.0.0,85.05420024
FacesBlock3.xlsx,Jacob.mp4,Jacob.JPG,Jacob,39,0,2,2,2,,,,,0,14,14,9,,,,,,,,,0,None,,0,0,1,0.508643753,,,18,1,2019_Mar_08_1206,FaceNameBlocked,3.0.0,85.05420024
FacesBlock4.xlsx,Jason.mp4,Jason.JPG,Jason,49,0,3,3,3,0,8,8,4,,,,,,,0,1,2.19113007,,,,,,,0,0,,,,,18,1,2019_Mar_08_1206,FaceNameBlocked,3.0.0,85.05420024
FacesBlock4.xlsx,Jason.mp4,Jason.JPG,Jason,49,0,3,3,3,,,,,0,3,3,4,,,,,,,,Andrew,0,"['lshift', 'lshift', 'a', 'n', 'd', 'r', 'e', 'w']","[2.76564862899977, 6.670552519000012, 6.918840524999723, 7.106763146000048, 7.247410154000136, 7.447863219999817, 7.612593897999432, 7.848020628000086]",[2.7656,2.7656,1,0.273343276,,,18,1,2019_Mar_08_1206,FaceNameBlocked,3.0.0,85.05420024
FacesBlock1.xlsx,Jenna.mp4,Jenna.JPG,Jenna,6,0,0,0,0,0,10,10,6,,,,,,,0,2,0.544429933,,,,,,,0,0,,,,,18,1,2019_Mar_08_1206,FaceNameBlocked,3.0.0,85.05420024
FacesBlock1.xlsx,Jenna.mp4,Jenna.JPG,Jenna,6,0,0,0,0,,,,,0,2,2,6,,,,,,,,,0,None,,0,0,1,5.248071102,,,18,1,2019_Mar_08_1206,FaceNameBlocked,3.0.0,85.05420024
FacesBlock2.xlsx,Jeremy.mp4,Jeremy.JPG,Jeremy,15,0,1,1,1,0,14,14,0,,,,,,,0,1,0.920442129,,,,,,,0,0,,,,,18,1,2019_Mar_08_1206,FaceNameBlocked,3.0.0,85.05420024
FacesBlock2.xlsx,Jeremy.mp4,Jeremy.JPG,Jeremy,15,0,1,1,1,,,,,0,7,7,0,,,,,,,,Jeremy,1,"['lshift', 'j', 'e', 'r', 'e', 'm', 'y']","[1.565206921999561, 1.7780055450002692, 2.3177219649996914, 2.578202732999671, 2.7664793690000806, 2.9069437640000615, 3.1664047829999618]",[1.5652,1.5652,3,1.049795805,,,18,1,2019_Mar_08_1206,FaceNameBlocked,3.0.0,85.05420024
FacesBlock1.xlsx,Jessica.mp4,Jessica.JPG,Jessica,8,0,0,0,0,0,14,14,8,,,,,,,0,2,0.566779593,,,,,,,0,0,,,,,18,1,2019_Mar_08_1206,FaceNameBlocked,3.0.0,85.05420024
FacesBlock1.xlsx,Jessica.mp4,Jessica.JPG,Jessica,8,0,0,0,0,,,,,0,7,7,8,,,,,,,,Amanda,0,"['lshift', 'a', 'm', 'a', 'n', 'd', 'a']","[3.281773551000242, 3.5532749520002653, 3.8596030749999954, 4.012196270000004, 4.153179380999973, 4.33023755000022, 4.57702310600007]",[3.2817,3.2817,1,0.532035786,,,18,1,2019_Mar_08_1206,FaceNameBlocked,3.0.0,85.05420024
FacesBlock2.xlsx,Josh.mp4,Josh.JPG,Josh,19,0,1,1,1,0,4,4,4,,,,,,,0,1,0.931897032,,,,,,,0,0,,,,,18,1,2019_Mar_08_1206,FaceNameBlocked,3.0.0,85.05420024
FacesBlock2.xlsx,Josh.mp4,Josh.JPG,Josh,19,0,1,1,1,,,,,0,8,8,4,,,,,,,,Kevin,0,"['lshift', 'k', 'e', 'v', 'i', 'n']","[2.000577314000111, 2.1077867750000223, 2.343555194000146, 2.837058101000366, 2.999925385000097, 3.1195841340004336]",[2.0005,2.0005,1,1.401614972,,,18,1,2019_Mar_08_1206,FaceNameBlocked,3.0.0,85.05420024
FacesBlock1.xlsx,Julia.mp4,Julia.JPG,Julia,13,0,0,0,0,0,0,0,13,,,,,,,0,2,1.296109161,,,,,,,0,0,,,,,18,1,2019_Mar_08_1206,FaceNameBlocked,3.0.0,85.05420024
FacesBlock1.xlsx,Julia.mp4,Julia.JPG,Julia,13,0,0,0,0,,,,,0,14,14,13,,,,,,,,,0,None,,0,0,1,2.036828994,,,18,1,2019_Mar_08_1206,FaceNameBlocked,3.0.0,85.05420024
FacesBlock2.xlsx,Justin.mp4,Justin.JPG,Justin,27,0,1,1,1,0,1,1,12,,,,,,,1,1,1.225987798,,,,,,,0,0,,,,,18,1,2019_Mar_08_1206,FaceNameBlocked,3.0.0,85.05420024
FacesBlock2.xlsx,Justin.mp4,Justin.JPG,Justin,27,0,1,1,1,,,,,0,4,4,12,,,,,,,,Justin,1,"['lshift', 'j', 'u', 's', 't', 'i', 'n']","[2.776424491000398, 2.966163884000707, 3.2484276680006587, 3.35375455600024, 3.848093087000052, 4.272117686000456, 4.507010563000222]",[2.7764,2.7764,1,0.813465652,,,18,1,2019_Mar_08_1206,FaceNameBlocked,3.0.0,85.05420024
FacesBlock4.xlsx,Katie.mp4,Katie.JPG,Katie,54,0,3,3,3,0,1,1,9,,,,,,,0,2,1.108639048,,,,,,,0,0,,,,,18,1,2019_Mar_08_1206,FaceNameBlocked,3.0.0,85.05420024
FacesBlock4.xlsx,Katie.mp4,Katie.JPG,Katie,54,0,3,3,3,,,,,0,13,13,9,,,,,,,,,0,None,,0,0,1,0.943471661,,,18,1,2019_Mar_08_1206,FaceNameBlocked,3.0.0,85.05420024
FacesBlock3.xlsx,Kayla.mp4,Kayla.JPG,Kayla,34,0,2,2,2,0,14,14,4,,,,,,,1,2,0.661415168,,,,,,,0,0,,,,,18,1,2019_Mar_08_1206,FaceNameBlocked,3.0.0,85.05420024
FacesBlock3.xlsx,Kayla.mp4,Kayla.JPG,Kayla,34,0,2,2,2,,,,,0,0,0,4,,,,,,space,16.2206233,Amanda,0,"['lshift', 'a', 'm', 'a', 'n', 'd', 'a']","[3.6349645260006582, 3.883688243000506, 4.060044817000744, 4.212994513000012, 4.353709732000425, 4.469696856000155, 4.6127975150002385]",[3.6349,3.6349,1,0.472771085,,,18,1,2019_Mar_08_1206,FaceNameBlocked,3.0.0,85.05420024
FacesBlock1.xlsx,Kelsey.mp4,Kelsey.JPG,Kelsey,12,0,0,0,0,0,8,8,12,,,,,,,0,2,0.591128441,,,,,,,0,0,,,,,18,1,2019_Mar_08_1206,FaceNameBlocked,3.0.0,85.05420024
FacesBlock1.xlsx,Kelsey.mp4,Kelsey.JPG,Kelsey,12,0,0,0,0,,,,,0,13,13,12,,,,,,,,,0,None,,0,0,1,0.884547713,,,18,1,2019_Mar_08_1206,FaceNameBlocked,3.0.0,85.05420024
FacesBlock3.xlsx,Kevin.mp4,Kevin.JPG,Kevin,41,0,2,2,2,0,13,13,11,,,,,,,1,1,0.590820598,,,,,,,0,0,,,,,18,1,2019_Mar_08_1206,FaceNameBlocked,3.0.0,85.05420024
FacesBlock3.xlsx,Kevin.mp4,Kevin.JPG,Kevin,41,0,2,2,2,,,,,0,12,12,11,,,,,,,,,0,['lshift'],[4.458524332000707],[4.4585,4.4585,1,0.835505895,,,18,1,2019_Mar_08_1206,FaceNameBlocked,3.0.0,85.05420024
FacesBlock1.xlsx,Kyle.mp4,Kyle.JPG,Kyle,4,0,0,0,0,0,13,13,4,,,,,,,0,1,0.64988529,,,,,,,0,0,,,,,18,1,2019_Mar_08_1206,FaceNameBlocked,3.0.0,85.05420024
FacesBlock1.xlsx,Kyle.mp4,Kyle.JPG,Kyle,4,0,0,0,0,,,,,0,9,9,4,,,,,,,,Kyle,1,"['lshift', 'k', 'y', 'l', 'e']","[2.0121736480000436, 2.212803417000032, 2.6956319670002813, 3.4128851220002616, 3.471726642000249]",[2.0121,2.0121,1,0.731586613,,,18,1,2019_Mar_08_1206,FaceNameBlocked,3.0.0,85.05420024
FacesBlock3.xlsx,Lauren.mp4,Lauren.JPG,Lauren,38,0,2,2,2,0,12,12,8,,,,,,,0,2,0.64949676,,,,,,,0,0,,,,,18,1,2019_Mar_08_1206,FaceNameBlocked,3.0.0,85.05420024
FacesBlock3.xlsx,Lauren.mp4,Lauren.JPG,Lauren,38,0,2,2,2,,,,,0,6,6,8,,,,,,,,Jessica,0,"['lshift', 'j', 'e', 's', 's', 'i', 'c', 'a']","[3.3296840720004184, 4.0723051350005335, 4.435974308999903, 5.260163017000195, 5.41237159100001, 5.683239751000656, 6.21070452100048, 6.447164191999946]",[3.3296,3.3296,1,0.342964504,,,18,1,2019_Mar_08_1206,FaceNameBlocked,3.0.0,85.05420024
FacesBlock3.xlsx,Mark.mp4,Mark.JPG,Mark,40,0,2,2,2,0,5,5,10,,,,,,,0,1,0.766838545,,,,,,,0,0,,,,,18,1,2019_Mar_08_1206,FaceNameBlocked,3.0.0,85.05420024
FacesBlock3.xlsx,Mark.mp4,Mark.JPG,Mark,40,0,2,2,2,,,,,0,2,2,10,,,,,,,,David,0,"['lshift', 'd', 'a', 'v', 'i', 'd']","[5.163901166999494, 5.365790093999749, 5.61282348900022, 5.659975681000105, 5.859740324000086, 5.998809587999858]",[5.1639,5.1639,1,0.237270707,,,18,1,2019_Mar_08_1206,FaceNameBlocked,3.0.0,85.05420024
FacesBlock1.xlsx,Matthew.mp4,Matthew.JPG,Matthew,9,0,0,0,0,0,7,7,9,,,,,,,1,1,0.649972751,,,,,,,0,0,,,,,18,1,2019_Mar_08_1206,FaceNameBlocked,3.0.0,85.05420024
FacesBlock1.xlsx,Matthew.mp4,Matthew.JPG,Matthew,9,0,0,0,0,,,,,0,5,5,9,,,,,,,,Kyle,0,"['lshift', 'k', 'y', 'l', 'e']","[4.270764423999935, 4.883432260999598, 5.32990405199962, 6.354242319999685, 6.424934841999857]",[4.2707,4.2707,2,1.01340893,,,18,1,2019_Mar_08_1206,FaceNameBlocked,3.0.0,85.05420024
FacesBlock2.xlsx,Megan.mp4,Megan.JPG,Megan,25,0,1,1,1,0,3,3,10,,,,,,,0,2,1.355558457,,,,,,,0,0,,,,,18,1,2019_Mar_08_1206,FaceNameBlocked,3.0.0,85.05420024
FacesBlock2.xlsx,Megan.mp4,Megan.JPG,Megan,25,0,1,1,1,,,,,0,14,14,10,,,,,,,,,0,None,,0,0,1,0.390177855,,,18,1,2019_Mar_08_1206,FaceNameBlocked,3.0.0,85.05420024
FacesBlock4.xlsx,Michael.mp4,Michael.JPG,Michael,46,0,3,3,3,0,2,2,1,,,,,,,1,1,0.907940214,,,,,,,0,0,,,,,18,1,2019_Mar_08_1206,FaceNameBlocked,3.0.0,85.05420024
FacesBlock4.xlsx,Michael.mp4,Michael.JPG,Michael,46,0,3,3,3,,,,,0,7,7,1,,,,,,,,Michael,1,"['lshift', 'm', 'i', 'c', 'h', 'a', 'e', 'l']","[1.2824634589997004, 1.4722745649996796, 1.9657157479996386, 2.4132953649996125, 2.706599078000181, 2.9189238079998177, 3.2013902349999626, 3.318784983000114]",[1.2824,1.2824,4,0.590395256,,,18,1,2019_Mar_08_1206,FaceNameBlocked,3.0.0,85.05420024
FacesBlock4.xlsx,Michelle.mp4,Michelle.JPG,Michelle,52,0,3,3,3,0,12,12,7,,,,,,,1,2,0.567912624,,,,,,,0,0,,,,,18,1,2019_Mar_08_1206,FaceNameBlocked,3.0.0,85.05420024
FacesBlock4.xlsx,Michelle.mp4,Michelle.JPG,Michelle,52,0,3,3,3,,,,,0,1,1,7,,,,,,,,Taylor,0,"['lshift', 'lshift', 't', 'a', 'y', 'l', 'o', 'r']","[1.400054397000531, 7.2103429179996965, 7.4590123830002995, 7.646302914000444, 7.705574747000355, 7.91743064900038, 8.117124589000014, 8.197819238999728]",[1.4000,1.4000,1,0.342676583,,,18,1,2019_Mar_08_1206,FaceNameBlocked,3.0.0,85.05420024
FacesBlock1.xlsx,Natalie.mp4,Natalie.JPG,Natalie,7,0,0,0,0,0,4,4,7,,,,,,,0,2,0.55619152,,,,,,,0,0,,,,,18,1,2019_Mar_08_1206,FaceNameBlocked,3.0.0,85.05420024
FacesBlock1.xlsx,Natalie.mp4,Natalie.JPG,Natalie,7,0,0,0,0,,,,,0,11,11,7,,,,,,,,Amanda,0,"['lshift', 'a', 'm', 'a', 'n', 'd', 'a']","[2.6352300539997486, 3.0247741479997785, 3.6247932810001657, 3.741691906000142, 3.8706166609999855, 4.000729761999992, 4.165939677000097]",[2.6352,2.6352,1,0.331879922,,,18,1,2019_Mar_08_1206,FaceNameBlocked,3.0.0,85.05420024
FacesBlock3.xlsx,Nathan.mp4,Nathan.JPG,Nathan,37,0,2,2,2,0,11,11,7,,,,,,,0,1,2.367261103,,,,,,,0,0,,,,,18,1,2019_Mar_08_1206,FaceNameBlocked,3.0.0,85.05420024
FacesBlock3.xlsx,Nathan.mp4,Nathan.JPG,Nathan,37,0,2,2,2,,,,,0,4,4,7,,,,,,,,,0,None,,0,0,1,0.695573687,,,18,1,2019_Mar_08_1206,FaceNameBlocked,3.0.0,85.05420024
FacesBlock3.xlsx,Nicole.mp4,Nicole.JPG,Nicole,43,0,2,2,2,0,4,4,13,,,,,,,1,2,1.52980423,,,,,,,0,0,,,,,18,1,2019_Mar_08_1206,FaceNameBlocked,3.0.0,85.05420024
FacesBlock3.xlsx,Nicole.mp4,Nicole.JPG,Nicole,43,0,2,2,2,,,,,0,8,8,13,,,,,,,,,0,None,,0,0,1,0.295946386,,,18,1,2019_Mar_08_1206,FaceNameBlocked,3.0.0,85.05420024
FacesBlock3.xlsx,Noah.mp4,Noah.JPG,Noah,31,0,2,2,2,0,3,3,1,,,,,,,0,1,1.685413939,,,,,,,0,0,,,,,18,1,2019_Mar_08_1206,FaceNameBlocked,3.0.0,85.05420024
FacesBlock3.xlsx,Noah.mp4,Noah.JPG,Noah,31,0,2,2,2,,,,,0,7,7,1,,,,,,,,Noah,1,"['lshift', 'n', 'o', 'a', 'h']","[3.433893951000755, 3.634184462000121, 4.163976920000096, 4.540408167999885, 4.834493149000082]",[3.4338,3.4338,2,0.366943956,,,18,1,2019_Mar_08_1206,FaceNameBlocked,3.0.0,85.05420024
FacesBlock3.xlsx,Olivia.mp4,Olivia.JPG,Olivia,35,0,2,2,2,0,9,9,5,,,,,,,0,2,2.354502334,,,,,,,0,0,,,,,18,1,2019_Mar_08_1206,FaceNameBlocked,3.0.0,85.05420024
FacesBlock3.xlsx,Olivia.mp4,Olivia.JPG,Olivia,35,0,2,2,2,,,,,0,13,13,5,,,,,,,,,0,None,,0,0,1,0.378738439,,,18,1,2019_Mar_08_1206,FaceNameBlocked,3.0.0,85.05420024
FacesBlock2.xlsx,Rachel.mp4,Rachel.JPG,Rachel,29,0,1,1,1,0,12,12,14,,,,,,,1,2,0.521259242,,,,,,,0,0,,,,,18,1,2019_Mar_08_1206,FaceNameBlocked,3.0.0,85.05420024
FacesBlock2.xlsx,Rachel.mp4,Rachel.JPG,Rachel,29,0,1,1,1,,,,,0,2,2,14,,,,,,,,Amanda,0,"['lshift', 'a', 'm', 'a', 'n', 'd', 'a']","[3.282284093999806, 3.64841058500042, 3.8603134209997734, 4.083596237000165, 4.163938290999795, 4.589103211999827, 4.836767026999951]",[3.2822,3.2822,1,0.367156907,,,18,1,2019_Mar_08_1206,FaceNameBlocked,3.0.0,85.05420024
FacesBlock3.xlsx,Rebecca.mp4,Rebecca.JPG,Rebecca,32,0,2,2,2,0,1,1,2,,,,,,,0,2,1.813883503,,,,,,,0,0,,,,,18,1,2019_Mar_08_1206,FaceNameBlocked,3.0.0,85.05420024
FacesBlock3.xlsx,Rebecca.mp4,Rebecca.JPG,Rebecca,32,0,2,2,2,,,,,0,10,10,2,,,,,,,,,0,None,,0,0,1,1.319517917,,,18,1,2019_Mar_08_1206,FaceNameBlocked,3.0.0,85.05420024
FacesBlock3.xlsx,Sarah.mp4,Sarah.JPG,Sarah,33,0,2,2,2,0,10,10,3,,,,,,,0,2,1.873334285,,,,,,,0,0,,,,,18,1,2019_Mar_08_1206,FaceNameBlocked,3.0.0,85.05420024
FacesBlock3.xlsx,Sarah.mp4,Sarah.JPG,Sarah,33,0,2,2,2,,,,,0,5,5,3,,,,,,,,,0,None,,0,0,1,0.400215767,,,18,1,2019_Mar_08_1206,FaceNameBlocked,3.0.0,85.05420024
FacesBlock3.xlsx,Shelby.mp4,Shelby.JPG,Shelby,36,0,2,2,2,0,2,2,6,,,,,,,1,2,4.7072256,,,,,,,0,0,,,,,18,1,2019_Mar_08_1206,FaceNameBlocked,3.0.0,85.05420024
FacesBlock3.xlsx,Shelby.mp4,Shelby.JPG,Shelby,36,0,2,2,2,,,,,0,11,11,6,,,,,,,,,0,None,,0,0,1,1.202026613,,,18,1,2019_Mar_08_1206,FaceNameBlocked,3.0.0,85.05420024
FacesBlock2.xlsx,Steven.mp4,Steven.JPG,Steven,17,0,1,1,1,0,8,8,2,,,,,,,1,1,0.638516373,,,,,,,0,0,,,,,18,1,2019_Mar_08_1206,FaceNameBlocked,3.0.0,85.05420024
FacesBlock2.xlsx,Steven.mp4,Steven.JPG,Steven,17,0,1,1,1,,,,,0,6,6,2,,,,,,,,David,0,"['lshift', 'd', 'a', 'v', 'i', 'd']","[6.1523565579991555, 6.41245316199911, 6.742750130999411, 6.9425492019991, 7.306627305999427, 7.530312908999804]",[6.1523,6.1523,2,0.354437689,,,18,1,2019_Mar_08_1206,FaceNameBlocked,3.0.0,85.05420024
FacesBlock4.xlsx,Taylor.mp4,Taylor.JPG,Taylor,45,0,3,3,3,0,9,9,0,,,,,,,0,2,0.461665638,,,,,,,0,0,,,,,18,1,2019_Mar_08_1206,FaceNameBlocked,3.0.0,85.05420024
FacesBlock4.xlsx,Taylor.mp4,Taylor.JPG,Taylor,45,0,3,3,3,,,,,0,10,10,0,,,,,,,,Taylor,1,"['lshift', 't', 'a', 'y', 'l', 'o', 'r']","[1.5768128130002879, 1.8110597140002938, 2.0837155640001583, 2.6363315399994462, 2.94200880399967, 3.1536337110001114, 3.34214015499947]",[1.5768,1.5768,1,0.637502225,,,18,1,2019_Mar_08_1206,FaceNameBlocked,3.0.0,85.05420024
FacesBlock3.xlsx,Thomas.mp4,Thomas.JPG,Thomas,44,0,2,2,2,0,7,7,14,,,,,,,1,1,0.874141223,,,,,,,0,0,,,,,18,1,2019_Mar_08_1206,FaceNameBlocked,3.0.0,85.05420024
FacesBlock3.xlsx,Thomas.mp4,Thomas.JPG,Thomas,44,0,2,2,2,,,,,0,1,1,14,,,,,,,,,0,['lshift'],[6.481679928999256],[6.4816,6.4816,1,3.084139045,,,18,1,2019_Mar_08_1206,FaceNameBlocked,3.0.0,85.05420024
FacesBlock1.xlsx,Timothy.mp4,Timothy.JPG,Timothy,10,0,0,0,0,0,12,12,10,,,,,,,1,1,0.496647395,,,,,,,0,0,,,,,18,1,2019_Mar_08_1206,FaceNameBlocked,3.0.0,85.05420024
FacesBlock1.xlsx,Timothy.mp4,Timothy.JPG,Timothy,10,0,0,0,0,,,,,0,10,10,10,,,,,,,,Jason,0,"['lshift', 'j', 'a', 's', 'o', 'n']","[7.398156404000019, 7.576617674999852, 7.787893644000178, 7.9997578850002355, 8.081267832999856, 8.247136157000114]",[7.3981,7.3981,1,0.660350498,,,18,1,2019_Mar_08_1206,FaceNameBlocked,3.0.0,85.05420024
FacesBlock2.xlsx,Trevor.mp4,Trevor.JPG,Trevor,21,0,1,1,1,0,9,9,6,,,,,,,0,1,0.684840675,,,,,,,0,0,,,,,18,1,2019_Mar_08_1206,FaceNameBlocked,3.0.0,85.05420024
FacesBlock2.xlsx,Trevor.mp4,Trevor.JPG,Trevor,21,0,1,1,1,,,,,0,11,11,6,,,,,,,,,0,"['lshift', 'a', 'n', 'd', 'y', 'backspace', 'backspace', 'backspace', 'backspace', 'backspace']","[3.739638508999633, 4.317255149999255, 4.505423700999927, 4.69341916599933, 5.210695060999569, 6.645669662999353, 6.844683837000048, 7.1388073439993605, 7.398152707999543, 7.550985040999876]",[3.7396,3.7396,1,0.967539886,,,18,1,2019_Mar_08_1206,FaceNameBlocked,3.0.0,85.05420024
FacesBlock2.xlsx,Tyler.mp4,Tyler.JPG,Tyler,22,0,1,1,1,0,2,2,7,,,,,,,0,1,0.966925215,,,,,,,0,0,,,,,18,1,2019_Mar_08_1206,FaceNameBlocked,3.0.0,85.05420024
FacesBlock2.xlsx,Tyler.mp4,Tyler.JPG,Tyler,22,0,1,1,1,,,,,0,5,5,7,,,,,,,,,0,None,,0,0,1,1.307932564,,,18,1,2019_Mar_08_1206,FaceNameBlocked,3.0.0,85.05420024
,,,,,,,,,,,,,,,,,space,26.6995223,,,,,,,,,,,,,,,,18,1,2019_Mar_08_1206,FaceNameBlocked,3.0.0,85.05420024
,,,,,,,,,,,,,,,,,,,,,,,,,,,,,,,,space,3.836076474,18,1,2019_Mar_08_1206,FaceNameBlocked,3.0.0,85.05420024