condsFile,Video,Photo,Name,Row,blocks.thisRepN,blocks.thisTrialN,blocks.thisN,blocks.thisIndex,presentations.thisRepN,presentations.thisTrialN,presentations.thisN,presentations.thisIndex,testing.thisRepN,testing.thisTrialN,testing.thisN,testing.thisIndex,advance_1.keys,advance_1.rt,currentCond,judgementResp.keys,judgementResp.rt,advance_2.keys,advance_2.rt,inputText,Accuracy,key_resp_3.keys,key_resp_3.rt,trim1,key_resp3_fin,rating_resp.keys,rating_resp.rt,end_key.keys,end_key.rt,participant,session,date,expName,psychopyVersion,frameRate
FacesBlock2.xlsx,Aaron.mp4,Aaron.JPG,Aaron,18,0,1,1,1,0,11,11,3,,,,,,,0,1,4.149321466,,,,,,,0,0,,,,,21,1,2019_Mar_12_1355,FaceNameBlocked,3.0.0,60.03984809
FacesBlock2.xlsx,Aaron.mp4,Aaron.JPG,Aaron,18,0,1,1,1,,,,,0,14,14,3,,,,,,,,,0,None,,0,0,1,0.418765085,,,21,1,2019_Mar_12_1355,FaceNameBlocked,3.0.0,60.03984809
FacesBlock1.xlsx,Adam.mp4,Adam.JPG,Adam,5,0,0,0,0,0,10,10,5,,,,,,,0,1,0.136513845,,,,,,,0,0,,,,,21,1,2019_Mar_12_1355,FaceNameBlocked,3.0.0,60.03984809
FacesBlock1.xlsx,Adam.mp4,Adam.JPG,Adam,5,0,0,0,0,,,,,0,14,14,5,,,,,,,,adam,1,"['a', 'd', 'a', 'm']","[2.418314336973708, 2.584782728983555, 2.6349502109806053, 2.8173729709815234]",[2.4183,2.4183,4,0.51870864,,,21,1,2019_Mar_12_1355,FaceNameBlocked,3.0.0,60.03984809
FacesBlock4.xlsx,Alyssa.mp4,Alyssa.JPG,Alyssa,55,0,3,3,3,0,10,10,10,,,,,,,1,2,0.702254892,,,,,,,0,0,,,,,21,1,2019_Mar_12_1355,FaceNameBlocked,3.0.0,60.03984809
FacesBlock4.xlsx,Alyssa.mp4,Alyssa.JPG,Alyssa,55,0,3,3,3,,,,,0,7,7,10,,,,,,,,,0,None,,0,0,1,0.385520879,,,21,1,2019_Mar_12_1355,FaceNameBlocked,3.0.0,60.03984809
FacesBlock1.xlsx,Amanda.mp4,Amanda.JPG,Amanda,2,0,0,0,0,0,13,13,2,,,,,,,0,2,0.219364891,,,,,,,0,0,,,,,21,1,2019_Mar_12_1355,FaceNameBlocked,3.0.0,60.03984809
FacesBlock1.xlsx,Amanda.mp4,Amanda.JPG,Amanda,2,0,0,0,0,,,,,0,12,12,2,,,,,,,,,0,None,,0,0,1,1.385586533,,,21,1,2019_Mar_12_1355,FaceNameBlocked,3.0.0,60.03984809
FacesBlock4.xlsx,Andrew.mp4,Andrew.JPG,Andrew,51,0,3,3,3,0,1,1,6,,,,,,,0,1,1.602688523,,,,,,,0,0,,,,,21,1,2019_Mar_12_1355,FaceNameBlocked,3.0.0,60.03984809
FacesBlock4.xlsx,Andrew.mp4,Andrew.JPG,Andrew,51,0,3,3,3,,,,,0,4,4,6,,,,,,,,brian,0,"['b', 'r', 'i', 'a', 'n']","[2.835280123981647, 2.951414768001996, 3.0350348339998163, 3.151415255968459, 3.318233376950957]",[2.8352,2.8352,3,0.302512588,,,21,1,2019_Mar_12_1355,FaceNameBlocked,3.0.0,60.03984809
FacesBlock4.xlsx,Anna.mp4,Anna.JPG,Anna,47,0,3,3,3,0,5,5,2,,,,,,,1,2,1.386519422,,,,,,,0,0,,,,,21,1,2019_Mar_12_1355,FaceNameBlocked,3.0.0,60.03984809
FacesBlock4.xlsx,Anna.mp4,Anna.JPG,Anna,47,0,3,3,3,,,,,0,6,6,2,,,,,,,,,0,None,,0,0,1,0.668501964,,,21,1,2019_Mar_12_1355,FaceNameBlocked,3.0.0,60.03984809
FacesBlock2.xlsx,Ashley.mp4,Ashley.JPG,Ashley,24,0,1,1,1,0,6,6,9,,,,,,,0,2,1.335974631,,,,,,,0,0,,,,,21,1,2019_Mar_12_1355,FaceNameBlocked,3.0.0,60.03984809
FacesBlock2.xlsx,Ashley.mp4,Ashley.JPG,Ashley,24,0,1,1,1,,,,,0,9,9,9,,,,,,,,,0,None,,0,0,1,1.235249132,,,21,1,2019_Mar_12_1355,FaceNameBlocked,3.0.0,60.03984809
FacesBlock1.xlsx,Bradley.mp4,Bradley.JPG,Bradley,14,0,0,0,0,0,0,0,14,,,,,,,1,1,2.001646669,,,,,,,0,0,,,,,21,1,2019_Mar_12_1355,FaceNameBlocked,3.0.0,60.03984809
FacesBlock1.xlsx,Bradley.mp4,Bradley.JPG,Bradley,14,0,0,0,0,,,,,0,7,7,14,,,,,,,,jake,0,"['j', 'a', 'k', 'e']","[4.850142865034286, 4.983608205046039, 5.2338418920408, 5.350368928047828]",[4.8501,4.8501,1,0.485220465,,,21,1,2019_Mar_12_1355,FaceNameBlocked,3.0.0,60.03984809
FacesBlock4.xlsx,Brandon.mp4,Brandon.JPG,Brandon,56,0,3,3,3,0,2,2,11,,,,,,,0,1,3.201922586,,,,,,,0,0,,,,,21,1,2019_Mar_12_1355,FaceNameBlocked,3.0.0,60.03984809
FacesBlock4.xlsx,Brandon.mp4,Brandon.JPG,Brandon,56,0,3,3,3,,,,,0,11,11,11,,,,,,,,,0,None,,0,0,1,0.818976727,,,21,1,2019_Mar_12_1355,FaceNameBlocked,3.0.0,60.03984809
FacesBlock4.xlsx,Brian.mp4,Brian.JPG,Brian,53,0,3,3,3,0,4,4,8,,,,,,,1,1,2.801541193,,,,,,,0,0,,,,,21,1,2019_Mar_12_1355,FaceNameBlocked,3.0.0,60.03984809
FacesBlock4.xlsx,Brian.mp4,Brian.JPG,Brian,53,0,3,3,3,,,,,0,5,5,8,,,,,,,,,0,None,,0,0,1,0.552006707,,,21,1,2019_Mar_12_1355,FaceNameBlocked,3.0.0,60.03984809
FacesBlock4.xlsx,Brianna.mp4,Brianna.JPG,Brianna,48,0,3,3,3,0,0,0,3,,,,,,,1,2,1.468879949,,,,,,,0,0,,,,,21,1,2019_Mar_12_1355,FaceNameBlocked,3.0.0,60.03984809
FacesBlock4.xlsx,Brianna.mp4,Brianna.JPG,Brianna,48,0,3,3,3,,,,,0,14,14,3,,,,,,,,,0,None,,0,0,1,0.335693863,,,21,1,2019_Mar_12_1355,FaceNameBlocked,3.0.0,60.03984809
FacesBlock2.xlsx,Brittany.mp4,Brittany.JPG,Brittany,28,0,1,1,1,0,10,10,13,,,,,,,1,2,1.96919942,,,,,,,0,0,,,,,21,1,2019_Mar_12_1355,FaceNameBlocked,3.0.0,60.03984809
FacesBlock2.xlsx,Brittany.mp4,Brittany.JPG,Brittany,28,0,1,1,1,,,,,0,8,8,13,,,,,,,,,0,None,,0,0,1,0.351751243,,,21,1,2019_Mar_12_1355,FaceNameBlocked,3.0.0,60.03984809
FacesBlock4.xlsx,Caleb.mp4,Caleb.JPG,Caleb,59,0,3,3,3,0,6,6,14,,,,,,,0,1,2.186495567,,,,,,,0,0,,,,,21,1,2019_Mar_12_1355,FaceNameBlocked,3.0.0,60.03984809
FacesBlock4.xlsx,Caleb.mp4,Caleb.JPG,Caleb,59,0,3,3,3,,,,,0,3,3,14,,,,,,,,caleb,1,"['c', 'a', 'l', 'e', 'b']","[4.601568259007763, 4.701123469974846, 4.917607665003743, 5.134105274977628, 5.334366365976166]",[4.6015,4.6015,3,1.267857944,,,21,1,2019_Mar_12_1355,FaceNameBlocked,3.0.0,60.03984809
FacesBlock2.xlsx,Cody.mp4,Cody.JPG,Cody,23,0,1,1,1,0,12,12,8,,,,,,,1,1,2.702376448,,,,,,,0,0,,,,,21,1,2019_Mar_12_1355,FaceNameBlocked,3.0.0,60.03984809
FacesBlock2.xlsx,Cody.mp4,Cody.JPG,Cody,23,0,1,1,1,,,,,0,3,3,8,,,,,,,,,0,None,,0,0,1,1.417920751,,,21,1,2019_Mar_12_1355,FaceNameBlocked,3.0.0,60.03984809
FacesBlock3.xlsx,Courtney.mp4,Courtney.JPG,Courtney,42,0,2,2,2,0,6,6,12,,,,,,,0,2,2.318939419,,,,,,,0,0,,,,,21,1,2019_Mar_12_1355,FaceNameBlocked,3.0.0,60.03984809
FacesBlock3.xlsx,Courtney.mp4,Courtney.JPG,Courtney,42,0,2,2,2,,,,,0,9,9,12,,,,,,,,amy,0,"['a', 'm', 'y']","[4.617465176968835, 4.784416415961459, 4.917362151958514]",[4.6174,4.6174,1,0.499721456,,,21,1,2019_Mar_12_1355,FaceNameBlocked,3.0.0,60.03984809
FacesBlock3.xlsx,Daniel.mp4,Daniel.JPG,Daniel,30,0,2,2,2,0,14,14,0,,,,,,,1,1,1.236185317,,,,,,,0,0,,,,,21,1,2019_Mar_12_1355,FaceNameBlocked,3.0.0,60.03984809
FacesBlock3.xlsx,Daniel.mp4,Daniel.JPG,Daniel,30,0,2,2,2,,,,,0,2,2,0,,,,,,,,,0,None,,0,0,1,0.851502386,,,21,1,2019_Mar_12_1355,FaceNameBlocked,3.0.0,60.03984809
FacesBlock1.xlsx,Danielle.mp4,Danielle.JPG,Danielle,3,0,0,0,0,0,14,14,3,,,,,,,0,2,0.219497452,,,,,,,0,0,,,,,21,1,2019_Mar_12_1355,FaceNameBlocked,3.0.0,60.03984809
FacesBlock1.xlsx,Danielle.mp4,Danielle.JPG,Danielle,3,0,0,0,0,,,,,0,2,2,3,,,,,,,,,0,None,,0,0,1,1.965911829,,,21,1,2019_Mar_12_1355,FaceNameBlocked,3.0.0,60.03984809
FacesBlock2.xlsx,David.mp4,David.JPG,David,16,0,1,1,1,0,7,7,1,,,,,,,0,1,1.319596032,,,,,,,0,0,,,,,21,1,2019_Mar_12_1355,FaceNameBlocked,3.0.0,60.03984809
FacesBlock2.xlsx,David.mp4,David.JPG,David,16,0,1,1,1,,,,,0,2,2,1,,,,,,,,joshua,0,"['j', 'o', 's', 'u', 'a', 'backspace', 'backspace', 'h', 'u', 'a']","[4.401502762979362, 4.467934420972597, 4.634955090004951, 4.800776463991497, 4.951266034971923, 5.533814539958257, 5.699832812999375, 6.667050730960909, 6.688539124967065, 6.800488783977926]",[4.4015,4.4015,1,5.550351665,,,21,1,2019_Mar_12_1355,FaceNameBlocked,3.0.0,60.03984809
FacesBlock4.xlsx,Dylan.mp4,Dylan.JPG,Dylan,50,0,3,3,3,0,9,9,5,,,,,,,1,1,1.169094794,,,,,,,0,0,,,,,21,1,2019_Mar_12_1355,FaceNameBlocked,3.0.0,60.03984809
FacesBlock4.xlsx,Dylan.mp4,Dylan.JPG,Dylan,50,0,3,3,3,,,,,0,12,12,5,,,,,,,,,0,None,,0,0,1,0.951936685,,,21,1,2019_Mar_12_1355,FaceNameBlocked,3.0.0,60.03984809
FacesBlock4.xlsx,Emily.mp4,Emily.JPG,Emily,57,0,3,3,3,0,11,11,12,,,,,,,1,2,1.269518956,,,,,,,0,0,,,,,21,1,2019_Mar_12_1355,FaceNameBlocked,3.0.0,60.03984809
FacesBlock4.xlsx,Emily.mp4,Emily.JPG,Emily,57,0,3,3,3,,,,,0,1,1,12,,,,,,,,,0,None,,0,0,1,0.56871358,,,21,1,2019_Mar_12_1355,FaceNameBlocked,3.0.0,60.03984809
FacesBlock1.xlsx,Eric.mp4,Eric.JPG,Eric,0,0,0,0,0,0,7,7,0,,,,,,,1,1,0.585108904,,,,,,,0,0,,,,,21,1,2019_Mar_12_1355,FaceNameBlocked,3.0.0,60.03984809
FacesBlock1.xlsx,Eric.mp4,Eric.JPG,Eric,0,0,0,0,0,,,,,0,1,1,0,,,,,,,,jacob,0,"['j', 'a', 'c', 'o', 'b']","[2.9847064050263725, 3.034620378050022, 3.217865036043804, 3.35052210703725, 3.5171947680064477]",[2.9847,2.9847,1,0.551572301,,,21,1,2019_Mar_12_1355,FaceNameBlocked,3.0.0,60.03984809
FacesBlock1.xlsx,Ethan.mp4,Ethan.JPG,Ethan,11,0,0,0,0,0,6,6,11,,,,,,,1,1,0.75225297,,,,,,,0,0,,,,,21,1,2019_Mar_12_1355,FaceNameBlocked,3.0.0,60.03984809
FacesBlock1.xlsx,Ethan.mp4,Ethan.JPG,Ethan,11,0,0,0,0,,,,,0,5,5,11,,,,,,,,,0,None,,0,0,1,0.518641341,,,21,1,2019_Mar_12_1355,FaceNameBlocked,3.0.0,60.03984809
FacesBlock4.xlsx,Grace.mp4,Grace.JPG,Grace,58,0,3,3,3,0,7,7,13,,,,,,,1,2,1.353121841,,,,,,,0,0,,,,,21,1,2019_Mar_12_1355,FaceNameBlocked,3.0.0,60.03984809
FacesBlock4.xlsx,Grace.mp4,Grace.JPG,Grace,58,0,3,3,3,,,,,0,10,10,13,,,,,,,,grace,1,"['g', 'r', 'a', 'c', 'e']","[2.835413252993021, 3.0352082499885, 3.1186271299957298, 3.2851931679761037, 3.4179110949626192]",[2.8354,2.8354,4,0.469034379,,,21,1,2019_Mar_12_1355,FaceNameBlocked,3.0.0,60.03984809
FacesBlock2.xlsx,Haley.mp4,Haley.JPG,Haley,20,0,1,1,1,0,9,9,5,,,,,,,1,2,1.252797806,,,,,,,0,0,,,,,21,1,2019_Mar_12_1355,FaceNameBlocked,3.0.0,60.03984809
FacesBlock2.xlsx,Haley.mp4,Haley.JPG,Haley,20,0,1,1,1,,,,,0,5,5,5,,,,,,,,,0,None,,0,0,1,1.0518994,,,21,1,2019_Mar_12_1355,FaceNameBlocked,3.0.0,60.03984809
FacesBlock1.xlsx,Hannah.mp4,Hannah.JPG,Hannah,1,0,0,0,0,0,9,9,1,,,,,,,0,2,0.216777915,,,,,,,0,0,,,,,21,1,2019_Mar_12_1355,FaceNameBlocked,3.0.0,60.03984809
FacesBlock1.xlsx,Hannah.mp4,Hannah.JPG,Hannah,1,0,0,0,0,,,,,0,3,3,1,,,,,,,,kelly,0,"['e', 'backspace', 'k', 'e', 'l', 'l', 'y']","[4.31782660499448, 4.8156890029786155, 5.517403808014933, 5.61534490599297, 5.784206204989459, 5.9503739979700185, 6.0336526350001805]",[4.3178,4.3178,1,0.668555412,,,21,1,2019_Mar_12_1355,FaceNameBlocked,3.0.0,60.03984809
FacesBlock2.xlsx,Heather.mp4,Heather.JPG,Heather,26,0,1,1,1,0,5,5,11,,,,,,,0,2,2.269028877,,,,,,,0,0,,,,,21,1,2019_Mar_12_1355,FaceNameBlocked,3.0.0,60.03984809
FacesBlock2.xlsx,Heather.mp4,Heather.JPG,Heather,26,0,1,1,1,,,,,0,6,6,11,,,,,,,,,0,None,,0,0,1,2.018566174,,,21,1,2019_Mar_12_1355,FaceNameBlocked,3.0.0,60.03984809
FacesBlock3.xlsx,Jacob.mp4,Jacob.JPG,Jacob,39,0,2,2,2,0,4,4,9,,,,,,,0,1,2.735423652,,,,,,,0,0,,,,,21,1,2019_Mar_12_1355,FaceNameBlocked,3.0.0,60.03984809
FacesBlock3.xlsx,Jacob.mp4,Jacob.JPG,Jacob,39,0,2,2,2,,,,,0,3,3,9,,,,,,,,jake,0,"['j', 'a', 'k', 'e']","[2.4524578520213254, 2.5518224600236863, 2.68465654598549, 2.784617953002453]",[2.4524,2.4524,4,0.383657644,,,21,1,2019_Mar_12_1355,FaceNameBlocked,3.0.0,60.03984809
FacesBlock4.xlsx,Jason.mp4,Jason.JPG,Jason,49,0,3,3,3,0,13,13,4,,,,,,,0,1,1.969527461,,,,,,,0,0,,,,,21,1,2019_Mar_12_1355,FaceNameBlocked,3.0.0,60.03984809
FacesBlock4.xlsx,Jason.mp4,Jason.JPG,Jason,49,0,3,3,3,,,,,0,9,9,4,,,,,,,,,0,None,,0,0,1,0.785292811,,,21,1,2019_Mar_12_1355,FaceNameBlocked,3.0.0,60.03984809
FacesBlock1.xlsx,Jenna.mp4,Jenna.JPG,Jenna,6,0,0,0,0,0,3,3,6,,,,,,,0,2,0.25260598,,,,,,,0,0,,,,,21,1,2019_Mar_12_1355,FaceNameBlocked,3.0.0,60.03984809
FacesBlock1.xlsx,Jenna.mp4,Jenna.JPG,Jenna,6,0,0,0,0,,,,,0,0,0,6,,,,,,space,49.0200711,gabriela  ,0,"['g', 'a', 'b', 'r', 'i', 'e', 'l', 'a', 'return', 'space', 'return', 'num_enter', 'space']","[3.9674320699996315, 4.100781732995529, 4.184102835017256, 4.351454065006692, 4.8004745750222355, 4.9675341920228675, 5.0843600439839065, 5.300659350992646, 5.534111738030333, 6.26704303198494, 7.066054753027856, 7.983107738022227, 8.666310633998364]",[3.9674,3.9674,1,1.784588023,,,21,1,2019_Mar_12_1355,FaceNameBlocked,3.0.0,60.03984809
FacesBlock2.xlsx,Jeremy.mp4,Jeremy.JPG,Jeremy,15,0,1,1,1,0,0,0,0,,,,,,,0,1,1.802861828,,,,,,,0,0,,,,,21,1,2019_Mar_12_1355,FaceNameBlocked,3.0.0,60.03984809
FacesBlock2.xlsx,Jeremy.mp4,Jeremy.JPG,Jeremy,15,0,1,1,1,,,,,0,13,13,0,,,,,,,,joshua,0,"['j', 'o', 's', 'h', 'u', 'a']","[2.7016303109703586, 3.351448921021074, 3.501134871970862, 4.234348776983097, 4.2992663769982755, 4.3839170900173485]",[2.7016,2.7016,2,0.986079271,,,21,1,2019_Mar_12_1355,FaceNameBlocked,3.0.0,60.03984809
FacesBlock1.xlsx,Jessica.mp4,Jessica.JPG,Jessica,8,0,0,0,0,0,8,8,8,,,,,,,1,2,0.269595528,,,,,,,0,0,,,,,21,1,2019_Mar_12_1355,FaceNameBlocked,3.0.0,60.03984809
FacesBlock1.xlsx,Jessica.mp4,Jessica.JPG,Jessica,8,0,0,0,0,,,,,0,11,11,8,,,,,,,,,0,None,,0,0,1,2.601516831,,,21,1,2019_Mar_12_1355,FaceNameBlocked,3.0.0,60.03984809
FacesBlock2.xlsx,Josh.mp4,Josh.JPG,Josh,19,0,1,1,1,0,8,8,4,,,,,,,0,1,2.802352591,,,,,,,0,0,,,,,21,1,2019_Mar_12_1355,FaceNameBlocked,3.0.0,60.03984809
FacesBlock2.xlsx,Josh.mp4,Josh.JPG,Josh,19,0,1,1,1,,,,,0,11,11,4,,,,,,,,,0,None,,0,0,1,1.335357053,,,21,1,2019_Mar_12_1355,FaceNameBlocked,3.0.0,60.03984809
FacesBlock1.xlsx,Julia.mp4,Julia.JPG,Julia,13,0,0,0,0,0,11,11,13,,,,,,,1,2,0.053033018,,,,,,,0,0,,,,,21,1,2019_Mar_12_1355,FaceNameBlocked,3.0.0,60.03984809
FacesBlock1.xlsx,Julia.mp4,Julia.JPG,Julia,13,0,0,0,0,,,,,0,8,8,13,,,,,,,,samantha,0,"['s', 'a', 'm', 'a', 'n', 't', 'h', 'a']","[3.1521567029994912, 3.2186179630225524, 3.4346473739715293, 3.6519918059930205, 3.8679696989711374, 4.435030086024199, 4.61762200697558, 4.701026654976886]",[3.1521,3.1521,1,0.351422437,,,21,1,2019_Mar_12_1355,FaceNameBlocked,3.0.0,60.03984809
FacesBlock2.xlsx,Justin.mp4,Justin.JPG,Justin,27,0,1,1,1,0,2,2,12,,,,,,,1,1,1.083331399,,,,,,,0,0,,,,,21,1,2019_Mar_12_1355,FaceNameBlocked,3.0.0,60.03984809
FacesBlock2.xlsx,Justin.mp4,Justin.JPG,Justin,27,0,1,1,1,,,,,0,12,12,12,,,,,,,,,0,None,,0,0,1,1.335347889,,,21,1,2019_Mar_12_1355,FaceNameBlocked,3.0.0,60.03984809
FacesBlock4.xlsx,Katie.mp4,Katie.JPG,Katie,54,0,3,3,3,0,3,3,9,,,,,,,0,2,3.717534048,,,,,,,0,0,,,,,21,1,2019_Mar_12_1355,FaceNameBlocked,3.0.0,60.03984809
FacesBlock4.xlsx,Katie.mp4,Katie.JPG,Katie,54,0,3,3,3,,,,,0,8,8,9,,,,,,,,katie,1,"['k', 'a', 't', 'i', 'e']","[2.9019484310410917, 3.0351838209899142, 3.301086663035676, 3.401702027011197, 3.534906048036646]",[2.9019,2.9019,4,0.26830448,,,21,1,2019_Mar_12_1355,FaceNameBlocked,3.0.0,60.03984809
FacesBlock3.xlsx,Kayla.mp4,Kayla.JPG,Kayla,34,0,2,2,2,0,1,1,4,,,,,,,0,2,1.969141787,,,,,,,0,0,,,,,21,1,2019_Mar_12_1355,FaceNameBlocked,3.0.0,60.03984809
FacesBlock3.xlsx,Kayla.mp4,Kayla.JPG,Kayla,34,0,2,2,2,,,,,0,5,5,4,,,,,,,,,0,None,,0,0,1,0.433765305,,,21,1,2019_Mar_12_1355,FaceNameBlocked,3.0.0,60.03984809
FacesBlock1.xlsx,Kelsey.mp4,Kelsey.JPG,Kelsey,12,0,0,0,0,0,2,2,12,,,,,,,1,2,0.019791164,,,,,,,0,0,,,,,21,1,2019_Mar_12_1355,FaceNameBlocked,3.0.0,60.03984809
FacesBlock1.xlsx,Kelsey.mp4,Kelsey.JPG,Kelsey,12,0,0,0,0,,,,,0,10,10,12,,,,,,,,jessica,0,"['j', 'e', 's', 's', 'i', 'c', 'a']","[4.067932153993752, 4.233905324013904, 4.451225501019508, 4.651160557987168, 4.800673321005888, 4.917445342987776, 5.000640013022348]",[4.0679,4.0679,1,2.201551485,,,21,1,2019_Mar_12_1355,FaceNameBlocked,3.0.0,60.03984809
FacesBlock3.xlsx,Kevin.mp4,Kevin.JPG,Kevin,41,0,2,2,2,0,7,7,11,,,,,,,1,1,2.435628427,,,,,,,0,0,,,,,21,1,2019_Mar_12_1355,FaceNameBlocked,3.0.0,60.03984809
FacesBlock3.xlsx,Kevin.mp4,Kevin.JPG,Kevin,41,0,2,2,2,,,,,0,12,12,11,,,,,,,,daniekevin,0,"['d', 'a', 'n', 'i', 'e', 'l', 'backspace', 'k', 'e', 'v', 'i', 'n']","[5.001128748990595, 5.0502509599900804, 5.217894036963116, 5.383753773989156, 5.550609692989383, 5.6836327409837395, 8.415865632006899, 9.482408190960996, 9.56593196396716, 9.768023059994448, 9.965961957001127]",[5.0011,5.0011,3,3.700885483,,,21,1,2019_Mar_12_1355,FaceNameBlocked,3.0.0,60.03984809
FacesBlock1.xlsx,Kyle.mp4,Kyle.JPG,Kyle,4,0,0,0,0,0,5,5,4,,,,,,,1,1,0.003070427,,,,,,,0,0,,,,,21,1,2019_Mar_12_1355,FaceNameBlocked,3.0.0,60.03984809
FacesBlock1.xlsx,Kyle.mp4,Kyle.JPG,Kyle,4,0,0,0,0,,,,,0,6,6,4,,,,,,,,kyle,1,"['k', 'y', 'l', 'e']","[3.4007810429902747, 3.5500212159822695, 3.650821556977462, 4.100569283007644]",[3.4007,3.4007,1,0.352347223,,,21,1,2019_Mar_12_1355,FaceNameBlocked,3.0.0,60.03984809
FacesBlock3.xlsx,Lauren.mp4,Lauren.JPG,Lauren,38,0,2,2,2,0,5,5,8,,,,,,,1,2,3.08591151,,,,,,,0,0,,,,,21,1,2019_Mar_12_1355,FaceNameBlocked,3.0.0,60.03984809
FacesBlock3.xlsx,Lauren.mp4,Lauren.JPG,Lauren,38,0,2,2,2,,,,,0,10,10,8,,,,,,,,kelly,0,"['k', 'e', 'l', 'l', 'y']","[6.034043021965772, 6.250627752975561, 6.398913115961477, 6.533155468991026, 6.616916439961642]",[6.0340,6.0340,1,0.702383237,,,21,1,2019_Mar_12_1355,FaceNameBlocked,3.0.0,60.03984809
FacesBlock3.xlsx,Mark.mp4,Mark.JPG,Mark,40,0,2,2,2,0,13,13,10,,,,,,,1,1,1.669042246,,,,,,,0,0,,,,,21,1,2019_Mar_12_1355,FaceNameBlocked,3.0.0,60.03984809
FacesBlock3.xlsx,Mark.mp4,Mark.JPG,Mark,40,0,2,2,2,,,,,0,14,14,10,,,,,,,,,0,"['1', 'backspace']","[2.667529236001428, 3.9159665839979425]",[2.6675,2.6675,1,0.468913972,,,21,1,2019_Mar_12_1355,FaceNameBlocked,3.0.0,60.03984809
FacesBlock1.xlsx,Matthew.mp4,Matthew.JPG,Matthew,9,0,0,0,0,0,12,12,9,,,,,,,0,1,0.236861148,,,,,,,0,0,,,,,21,1,2019_Mar_12_1355,FaceNameBlocked,3.0.0,60.03984809
FacesBlock1.xlsx,Matthew.mp4,Matthew.JPG,Matthew,9,0,0,0,0,,,,,0,4,4,9,,,,,,,,,0,None,,0,0,1,2.601791675,,,21,1,2019_Mar_12_1355,FaceNameBlocked,3.0.0,60.03984809
FacesBlock2.xlsx,Megan.mp4,Megan.JPG,Megan,25,0,1,1,1,0,13,13,10,,,,,,,1,2,1.85222645,,,,,,,0,0,,,,,21,1,2019_Mar_12_1355,FaceNameBlocked,3.0.0,60.03984809
FacesBlock2.xlsx,Megan.mp4,Megan.JPG,Megan,25,0,1,1,1,,,,,0,0,0,10,,,,,,space,6.45049631,megan,1,"['m', 'e', 'g', 'a', 'n', 'return']","[3.1187735730200075, 3.234543943020981, 3.401558409037534, 3.485057373007294, 3.70156161399791, 4.468002936046105]",[3.1187,3.1187,4,1.218396513,,,21,1,2019_Mar_12_1355,FaceNameBlocked,3.0.0,60.03984809
FacesBlock4.xlsx,Michael.mp4,Michael.JPG,Michael,46,0,3,3,3,0,14,14,1,,,,,,,0,1,2.203075667,,,,,,,0,0,,,,,21,1,2019_Mar_12_1355,FaceNameBlocked,3.0.0,60.03984809
FacesBlock4.xlsx,Michael.mp4,Michael.JPG,Michael,46,0,3,3,3,,,,,0,13,13,1,,,,,,,,,0,None,,0,0,1,0.386086067,,,21,1,2019_Mar_12_1355,FaceNameBlocked,3.0.0,60.03984809
FacesBlock4.xlsx,Michelle.mp4,Michelle.JPG,Michelle,52,0,3,3,3,0,8,8,7,,,,,,,0,2,4.234425716,,,,,,,0,0,,,,,21,1,2019_Mar_12_1355,FaceNameBlocked,3.0.0,60.03984809
FacesBlock4.xlsx,Michelle.mp4,Michelle.JPG,Michelle,52,0,3,3,3,,,,,0,2,2,7,,,,,,,,,0,None,,0,0,1,2.482931136,,,21,1,2019_Mar_12_1355,FaceNameBlocked,3.0.0,60.03984809
FacesBlock1.xlsx,Natalie.mp4,Natalie.JPG,Natalie,7,0,0,0,0,0,4,4,7,,,,,,,0,2,0.852460853,,,,,,,0,0,,,,,21,1,2019_Mar_12_1355,FaceNameBlocked,3.0.0,60.03984809
FacesBlock1.xlsx,Natalie.mp4,Natalie.JPG,Natalie,7,0,0,0,0,,,,,0,13,13,7,,,,,,,,,0,None,,0,0,1,1.701551415,,,21,1,2019_Mar_12_1355,FaceNameBlocked,3.0.0,60.03984809
FacesBlock3.xlsx,Nathan.mp4,Nathan.JPG,Nathan,37,0,2,2,2,0,9,9,7,,,,,,,0,1,2.168353945,,,,,,,0,0,,,,,21,1,2019_Mar_12_1355,FaceNameBlocked,3.0.0,60.03984809
FacesBlock3.xlsx,Nathan.mp4,Nathan.JPG,Nathan,37,0,2,2,2,,,,,0,1,1,7,,,,,,,,,0,None,,0,0,1,0.568580842,,,21,1,2019_Mar_12_1355,FaceNameBlocked,3.0.0,60.03984809
FacesBlock3.xlsx,Nicole.mp4,Nicole.JPG,Nicole,43,0,2,2,2,0,3,3,13,,,,,,,1,2,4.668651255,,,,,,,0,0,,,,,21,1,2019_Mar_12_1355,FaceNameBlocked,3.0.0,60.03984809
FacesBlock3.xlsx,Nicole.mp4,Nicole.JPG,Nicole,43,0,2,2,2,,,,,0,7,7,13,,,,,,,,,0,None,,0,0,1,1.401935901,,,21,1,2019_Mar_12_1355,FaceNameBlocked,3.0.0,60.03984809
FacesBlock3.xlsx,Noah.mp4,Noah.JPG,Noah,31,0,2,2,2,0,11,11,1,,,,,,,1,1,3.585277137,,,,,,,0,0,,,,,21,1,2019_Mar_12_1355,FaceNameBlocked,3.0.0,60.03984809
FacesBlock3.xlsx,Noah.mp4,Noah.JPG,Noah,31,0,2,2,2,,,,,0,11,11,1,,,,,,,,moses,0,"['m', 'o', 's', 'e', 's']","[2.918225539033301, 3.0657015530159697, 3.2014440009952523, 3.4175552770029753, 3.884448289987631]",[2.9182,2.9182,4,0.335582138,,,21,1,2019_Mar_12_1355,FaceNameBlocked,3.0.0,60.03984809
FacesBlock3.xlsx,Olivia.mp4,Olivia.JPG,Olivia,35,0,2,2,2,0,8,8,5,,,,,,,0,2,4.084956802,,,,,,,0,0,,,,,21,1,2019_Mar_12_1355,FaceNameBlocked,3.0.0,60.03984809
FacesBlock3.xlsx,Olivia.mp4,Olivia.JPG,Olivia,35,0,2,2,2,,,,,0,6,6,5,,,,,,,,oli,1,"['o', 'l', 'i']","[9.51573585101869, 9.715582071978133, 9.882496826990973]",[9.5157,9.5157,4,2.351214293,,,21,1,2019_Mar_12_1355,FaceNameBlocked,3.0.0,60.03984809
FacesBlock2.xlsx,Rachel.mp4,Rachel.JPG,Rachel,29,0,1,1,1,0,3,3,14,,,,,,,1,2,1.102622674,,,,,,,0,0,,,,,21,1,2019_Mar_12_1355,FaceNameBlocked,3.0.0,60.03984809
FacesBlock2.xlsx,Rachel.mp4,Rachel.JPG,Rachel,29,0,1,1,1,,,,,0,1,1,14,,,,,,,,,0,None,,0,0,1,0.952192675,,,21,1,2019_Mar_12_1355,FaceNameBlocked,3.0.0,60.03984809
FacesBlock3.xlsx,Rebecca.mp4,Rebecca.JPG,Rebecca,32,0,2,2,2,0,12,12,2,,,,,,,1,2,1.919226277,,,,,,,0,0,,,,,21,1,2019_Mar_12_1355,FaceNameBlocked,3.0.0,60.03984809
FacesBlock3.xlsx,Rebecca.mp4,Rebecca.JPG,Rebecca,32,0,2,2,2,,,,,0,4,4,2,,,,,,,,,0,None,,0,0,1,0.385471405,,,21,1,2019_Mar_12_1355,FaceNameBlocked,3.0.0,60.03984809
FacesBlock3.xlsx,Sarah.mp4,Sarah.JPG,Sarah,33,0,2,2,2,0,0,0,3,,,,,,,0,2,1.883107885,,,,,,,0,0,,,,,21,1,2019_Mar_12_1355,FaceNameBlocked,3.0.0,60.03984809
FacesBlock3.xlsx,Sarah.mp4,Sarah.JPG,Sarah,33,0,2,2,2,,,,,0,13,13,3,,,,,,,,,0,None,,0,0,1,0.435413245,,,21,1,2019_Mar_12_1355,FaceNameBlocked,3.0.0,60.03984809
FacesBlock3.xlsx,Shelby.mp4,Shelby.JPG,Shelby,36,0,2,2,2,0,2,2,6,,,,,,,1,2,4.102166643,,,,,,,0,0,,,,,21,1,2019_Mar_12_1355,FaceNameBlocked,3.0.0,60.03984809
FacesBlock3.xlsx,Shelby.mp4,Shelby.JPG,Shelby,36,0,2,2,2,,,,,0,0,0,6,,,,,,space,17.27961197,sarah,0,"['s', 'a', 'r', 'a', 'h']","[4.917448649997823, 5.033641311980318, 5.266772348957602, 5.500550772994757, 6.3480939429719]",[4.9174,4.9174,1,1.035418256,,,21,1,2019_Mar_12_1355,FaceNameBlocked,3.0.0,60.03984809
FacesBlock2.xlsx,Steven.mp4,Steven.JPG,Steven,17,0,1,1,1,0,14,14,2,,,,,,,1,1,0.786548203,,,,,,,0,0,,,,,21,1,2019_Mar_12_1355,FaceNameBlocked,3.0.0,60.03984809
FacesBlock2.xlsx,Steven.mp4,Steven.JPG,Steven,17,0,1,1,1,,,,,0,10,10,2,,,,,,,,aaron,0,"['a', 'a', 'r', 'o', 'n']","[3.6352252289652824, 3.8186739399679936, 4.3010871629812755, 5.051513535960112, 5.31824156397488]",[3.6352,3.6352,4,0.335282281,,,21,1,2019_Mar_12_1355,FaceNameBlocked,3.0.0,60.03984809
FacesBlock4.xlsx,Taylor.mp4,Taylor.JPG,Taylor,45,0,3,3,3,0,12,12,0,,,,,,,0,2,2.119390409,,,,,,,0,0,,,,,21,1,2019_Mar_12_1355,FaceNameBlocked,3.0.0,60.03984809
FacesBlock4.xlsx,Taylor.mp4,Taylor.JPG,Taylor,45,0,3,3,3,,,,,0,0,0,0,,,,,,space,4.216769932,,0,None,,0,0,1,1.23551192,,,21,1,2019_Mar_12_1355,FaceNameBlocked,3.0.0,60.03984809
FacesBlock3.xlsx,Thomas.mp4,Thomas.JPG,Thomas,44,0,2,2,2,0,10,10,14,,,,,,,0,1,3.036315659,,,,,,,0,0,,,,,21,1,2019_Mar_12_1355,FaceNameBlocked,3.0.0,60.03984809
FacesBlock3.xlsx,Thomas.mp4,Thomas.JPG,Thomas,44,0,2,2,2,,,,,0,8,8,14,,,,,,,,,0,None,,0,0,1,1.285282382,,,21,1,2019_Mar_12_1355,FaceNameBlocked,3.0.0,60.03984809
FacesBlock1.xlsx,Timothy.mp4,Timothy.JPG,Timothy,10,0,0,0,0,0,1,1,10,,,,,,,1,1,0.769496025,,,,,,,0,0,,,,,21,1,2019_Mar_12_1355,FaceNameBlocked,3.0.0,60.03984809
FacesBlock1.xlsx,Timothy.mp4,Timothy.JPG,Timothy,10,0,0,0,0,,,,,0,9,9,10,,,,,,,,,0,None,,0,0,1,0.618708974,,,21,1,2019_Mar_12_1355,FaceNameBlocked,3.0.0,60.03984809
FacesBlock2.xlsx,Trevor.mp4,Trevor.JPG,Trevor,21,0,1,1,1,0,1,1,6,,,,,,,0,1,0.885863246,,,,,,,0,0,,,,,21,1,2019_Mar_12_1355,FaceNameBlocked,3.0.0,60.03984809
FacesBlock2.xlsx,Trevor.mp4,Trevor.JPG,Trevor,21,0,1,1,1,,,,,0,4,4,6,,,,,,,,,0,None,,0,0,1,1.118598784,,,21,1,2019_Mar_12_1355,FaceNameBlocked,3.0.0,60.03984809
FacesBlock2.xlsx,Tyler.mp4,Tyler.JPG,Tyler,22,0,1,1,1,0,4,4,7,,,,,,,0,1,1.386024311,,,,,,,0,0,,,,,21,1,2019_Mar_12_1355,FaceNameBlocked,3.0.0,60.03984809
FacesBlock2.xlsx,Tyler.mp4,Tyler.JPG,Tyler,22,0,1,1,1,,,,,0,7,7,7,,,,,,,,aaron,0,"['a', 'a', 'r', 'o', 'n']","[6.116806848032866, 6.300371790013742, 6.499489149020519, 7.049890328024048, 7.216365954023786]",[6.1168,6.1168,2,2.034524047,,,21,1,2019_Mar_12_1355,FaceNameBlocked,3.0.0,60.03984809
,,,,,,,,,,,,,,,,,space,102.0025297,,,,,,,,,,,,,,,,21,1,2019_Mar_12_1355,FaceNameBlocked,3.0.0,60.03984809
,,,,,,,,,,,,,,,,,,,,,,,,,,,,,,,,space,68.49642488,21,1,2019_Mar_12_1355,FaceNameBlocked,3.0.0,60.03984809