condsFile,Video,Photo,Name,Row,blocks.thisRepN,blocks.thisTrialN,blocks.thisN,blocks.thisIndex,presentations.thisRepN,presentations.thisTrialN,presentations.thisN,presentations.thisIndex,testing.thisRepN,testing.thisTrialN,testing.thisN,testing.thisIndex,advance_1.keys,advance_1.rt,currentCond,judgementResp.keys,judgementResp.rt,advance_2.keys,advance_2.rt,inputText,Accuracy,key_resp_3.keys,key_resp_3.rt,trim1,key_resp3_fin,rating_resp.keys,rating_resp.rt,end_key.keys,end_key.rt,participant,session,date,expName,psychopyVersion,frameRate
FacesBlock2.xlsx,Aaron.mp4,Aaron.JPG,Aaron,18,0,1,1,1,0,5,5,3,,,,,,,1,1,1.019503484,,,,,,,0,0,,,,,30,1,2019_Apr_03_1058,FaceNameBlocked,3.0.0,60.04194902
FacesBlock2.xlsx,Aaron.mp4,Aaron.JPG,Aaron,18,0,1,1,1,,,,,0,14,14,3,,,,,,,,aust,0,"['a', 'u', 's', 't', 'i', 'n', 'backspace', 'backspace']","[6.584053930826485, 6.800241697812453, 6.950220291968435, 7.330950071802363, 7.499774368945509, 7.7498833648860455, 9.631543240975589, 9.932105684885755]",[6.5840,6.5840,1,2.135066894,,,30,1,2019_Apr_03_1058,FaceNameBlocked,3.0.0,60.04194902
FacesBlock1.xlsx,Adam.mp4,Adam.JPG,Adam,5,0,0,0,0,0,9,9,5,,,,,,,0,1,0.536445714,,,,,,,0,0,,,,,30,1,2019_Apr_03_1058,FaceNameBlocked,3.0.0,60.04194902
FacesBlock1.xlsx,Adam.mp4,Adam.JPG,Adam,5,0,0,0,0,,,,,0,0,0,5,,,,,,space,21.89508938,adam,1,"['a', 'd', 'a', 'm', 'return']","[5.0342186850029975, 6.200380666879937, 6.549627652857453, 6.900300815002993, 8.632705779047683]",[5.0342,5.0342,2,4.517230667,,,30,1,2019_Apr_03_1058,FaceNameBlocked,3.0.0,60.04194902
FacesBlock4.xlsx,Alyssa.mp4,Alyssa.JPG,Alyssa,55,0,3,3,3,0,0,0,10,,,,,,,0,2,1.769595202,,,,,,,0,0,,,,,30,1,2019_Apr_03_1058,FaceNameBlocked,3.0.0,60.04194902
FacesBlock4.xlsx,Alyssa.mp4,Alyssa.JPG,Alyssa,55,0,3,3,3,,,,,0,2,2,10,,,,,,,,alyssa,1,"['a', 'l', 'y', 's', 's', 'a']","[1.7191020550671965, 1.9023645140696317, 2.2858766689896584, 2.5523515390232205, 2.735277385916561, 2.9522270939778537]",[1.7191,1.7191,4,0.535551184,,,30,1,2019_Apr_03_1058,FaceNameBlocked,3.0.0,60.04194902
FacesBlock1.xlsx,Amanda.mp4,Amanda.JPG,Amanda,2,0,0,0,0,0,1,1,2,,,,,,,0,2,0.753470925,,,,,,,0,0,,,,,30,1,2019_Apr_03_1058,FaceNameBlocked,3.0.0,60.04194902
FacesBlock1.xlsx,Amanda.mp4,Amanda.JPG,Amanda,2,0,0,0,0,,,,,0,3,3,2,,,,,,,,,0,None,,0,0,1,1.902166257,,,30,1,2019_Apr_03_1058,FaceNameBlocked,3.0.0,60.04194902
FacesBlock4.xlsx,Andrew.mp4,Andrew.JPG,Andrew,51,0,3,3,3,0,5,5,6,,,,,,,0,1,0.753098104,,,,,,,0,0,,,,,30,1,2019_Apr_03_1058,FaceNameBlocked,3.0.0,60.04194902
FacesBlock4.xlsx,Andrew.mp4,Andrew.JPG,Andrew,51,0,3,3,3,,,,,0,13,13,6,,,,,,,,brandon,0,"['b', 'r', 'a', 'n', 'd', 'o', 'n']","[5.9338965830393136, 6.149940897012129, 6.50031651603058, 6.750099806115031, 7.066511547891423, 7.8659487259574234, 8.032335238996893]",[5.9338,5.9338,2,0.468584158,,,30,1,2019_Apr_03_1058,FaceNameBlocked,3.0.0,60.04194902
FacesBlock4.xlsx,Anna.mp4,Anna.JPG,Anna,47,0,3,3,3,0,6,6,2,,,,,,,1,2,1.119238369,,,,,,,0,0,,,,,30,1,2019_Apr_03_1058,FaceNameBlocked,3.0.0,60.04194902
FacesBlock4.xlsx,Anna.mp4,Anna.JPG,Anna,47,0,3,3,3,,,,,0,3,3,2,,,,,,,,anna,1,"['a', 'n', 'n', 'a']","[1.5024579879827797, 1.6853170359972864, 1.8523283919785172, 2.0527423080056906]",[1.5024,1.5024,4,0.851982289,,,30,1,2019_Apr_03_1058,FaceNameBlocked,3.0.0,60.04194902
FacesBlock2.xlsx,Ashley.mp4,Ashley.JPG,Ashley,24,0,1,1,1,0,0,0,9,,,,,,,1,2,2.618978936,,,,,,,0,0,,,,,30,1,2019_Apr_03_1058,FaceNameBlocked,3.0.0,60.04194902
FacesBlock2.xlsx,Ashley.mp4,Ashley.JPG,Ashley,24,0,1,1,1,,,,,0,12,12,9,,,,,,,,ashley,1,"['a', 's', 'h', 'l', 'e', 'y']","[1.7522883489727974, 1.9858930769842118, 2.2189351147972047, 2.5187803828157485, 2.734871775843203, 2.899873121874407]",[1.7522,1.7522,3,0.284963848,,,30,1,2019_Apr_03_1058,FaceNameBlocked,3.0.0,60.04194902
FacesBlock1.xlsx,Bradley.mp4,Bradley.JPG,Bradley,14,0,0,0,0,0,12,12,14,,,,,,,1,1,0.537012765,,,,,,,0,0,,,,,30,1,2019_Apr_03_1058,FaceNameBlocked,3.0.0,60.04194902
FacesBlock1.xlsx,Bradley.mp4,Bradley.JPG,Bradley,14,0,0,0,0,,,,,0,11,11,14,,,,,,,,bradley,1,"['b', 'r', 'a', 'd', 'l', 'e', 'y', 'return']","[1.2023944479878992, 1.352346319006756, 1.635560782859102, 1.868623343994841, 2.035376521991566, 2.1351483669131994, 2.4686315699946135, 3.3676194148138165]",[1.2023,1.2023,4,0.45232793,,,30,1,2019_Apr_03_1058,FaceNameBlocked,3.0.0,60.04194902
FacesBlock4.xlsx,Brandon.mp4,Brandon.JPG,Brandon,56,0,3,3,3,0,10,10,11,,,,,,,1,1,0.803623748,,,,,,,0,0,,,,,30,1,2019_Apr_03_1058,FaceNameBlocked,3.0.0,60.04194902
FacesBlock4.xlsx,Brandon.mp4,Brandon.JPG,Brandon,56,0,3,3,3,,,,,0,5,5,11,,,,,,,,brandon,1,"['b', 'r', 'a', 'n', 'd', 'o', 'n']","[5.084365942981094, 5.216939450940117, 5.516803696984425, 5.616974216885865, 5.833772629965097, 5.966443767072633, 6.267126200022176]",[5.0843,5.0843,1,0.469047257,,,30,1,2019_Apr_03_1058,FaceNameBlocked,3.0.0,60.04194902
FacesBlock4.xlsx,Brian.mp4,Brian.JPG,Brian,53,0,3,3,3,0,12,12,8,,,,,,,0,1,0.536492039,,,,,,,0,0,,,,,30,1,2019_Apr_03_1058,FaceNameBlocked,3.0.0,60.04194902
FacesBlock4.xlsx,Brian.mp4,Brian.JPG,Brian,53,0,3,3,3,,,,,0,0,0,8,,,,,,space,2.002418899,bryan,1,"['b', 'r', 'y', 'a', 'n']","[1.3011361218523234, 1.467360429931432, 1.6508189148735255, 1.8677643130067736, 1.9842041989322752]",[1.3011,1.3011,4,1.518691209,,,30,1,2019_Apr_03_1058,FaceNameBlocked,3.0.0,60.04194902
FacesBlock4.xlsx,Brianna.mp4,Brianna.JPG,Brianna,48,0,3,3,3,0,3,3,3,,,,,,,1,2,1.169534,,,,,,,0,0,,,,,30,1,2019_Apr_03_1058,FaceNameBlocked,3.0.0,60.04194902
FacesBlock4.xlsx,Brianna.mp4,Brianna.JPG,Brianna,48,0,3,3,3,,,,,0,7,7,3,,,,,,,,,0,None,,0,0,1,0.652496026,,,30,1,2019_Apr_03_1058,FaceNameBlocked,3.0.0,60.04194902
FacesBlock2.xlsx,Brittany.mp4,Brittany.JPG,Brittany,28,0,1,1,1,0,13,13,13,,,,,,,0,2,0.935811691,,,,,,,0,0,,,,,30,1,2019_Apr_03_1058,FaceNameBlocked,3.0.0,60.04194902
FacesBlock2.xlsx,Brittany.mp4,Brittany.JPG,Brittany,28,0,1,1,1,,,,,0,0,0,13,,,,,,space,6.033518877,britney,1,"['b', 'r', 'i', 't', 'n', 'n', 'e', 'y', 'backspace', 'backspace', 'backspace', 'e', 'y']","[1.5698746140114963, 1.868842330062762, 2.1024055150337517, 2.2520142591092736, 2.7352426850702614, 2.88559894496575, 3.1022530619520694, 3.2350230820011348, 3.8851014180108905, 4.084437546087429, 4.268102643080056, 4.7844270940404385, 4.901928608072922]",[1.5698,1.5698,4,1.685529251,,,30,1,2019_Apr_03_1058,FaceNameBlocked,3.0.0,60.04194902
FacesBlock4.xlsx,Caleb.mp4,Caleb.JPG,Caleb,59,0,3,3,3,0,8,8,14,,,,,,,0,1,1.102648765,,,,,,,0,0,,,,,30,1,2019_Apr_03_1058,FaceNameBlocked,3.0.0,60.04194902
FacesBlock4.xlsx,Caleb.mp4,Caleb.JPG,Caleb,59,0,3,3,3,,,,,0,12,12,14,,,,,,,,caleb,1,"['c', 'a', 'l', 'e', 'b']","[1.7518326290883124, 2.18477185908705, 2.4178843651898205, 2.6016014630440623, 3.451139388140291]",[1.7518,1.7518,4,0.485925075,,,30,1,2019_Apr_03_1058,FaceNameBlocked,3.0.0,60.04194902
FacesBlock2.xlsx,Cody.mp4,Cody.JPG,Cody,23,0,1,1,1,0,8,8,8,,,,,,,1,1,1.05256814,,,,,,,0,0,,,,,30,1,2019_Apr_03_1058,FaceNameBlocked,3.0.0,60.04194902
FacesBlock2.xlsx,Cody.mp4,Cody.JPG,Cody,23,0,1,1,1,,,,,0,8,8,8,,,,,,,,cody,1,"['c', 'o', 'd', 'y']","[5.81804636400193, 6.134079331066459, 6.350319383200258, 7.250952472211793]",[5.8180,5.8180,2,1.118545385,,,30,1,2019_Apr_03_1058,FaceNameBlocked,3.0.0,60.04194902
FacesBlock3.xlsx,Courtney.mp4,Courtney.JPG,Courtney,42,0,2,2,2,0,14,14,12,,,,,,,0,2,0.986155876,,,,,,,0,0,,,,,30,1,2019_Apr_03_1058,FaceNameBlocked,3.0.0,60.04194902
FacesBlock3.xlsx,Courtney.mp4,Courtney.JPG,Courtney,42,0,2,2,2,,,,,0,12,12,12,,,,,,,,courtney,1,"['c', 'o', 'u', 'r', 't', 'n', 'e', 'y']","[1.2181771509349346, 1.3494558888487518, 1.5829428958240896, 1.7347061259206384, 1.934844478033483, 2.0512507469393313, 2.2177641519811004, 2.3339373958297074]",[1.2181,1.2181,4,0.468149977,,,30,1,2019_Apr_03_1058,FaceNameBlocked,3.0.0,60.04194902
FacesBlock3.xlsx,Daniel.mp4,Daniel.JPG,Daniel,30,0,2,2,2,0,12,12,0,,,,,,,0,1,0.736079897,,,,,,,0,0,,,,,30,1,2019_Apr_03_1058,FaceNameBlocked,3.0.0,60.04194902
FacesBlock3.xlsx,Daniel.mp4,Daniel.JPG,Daniel,30,0,2,2,2,,,,,0,11,11,0,,,,,,,,noah,0,"['n', 'o', 'a', 'h']","[5.933973219012842, 6.201149823144078, 6.384239822160453, 6.5178248879965395]",[5.9339,5.9339,1,0.386575942,,,30,1,2019_Apr_03_1058,FaceNameBlocked,3.0.0,60.04194902
FacesBlock1.xlsx,Danielle.mp4,Danielle.JPG,Danielle,3,0,0,0,0,0,0,0,3,,,,,,,0,2,1.452414128,,,,,,,0,0,,,,,30,1,2019_Apr_03_1058,FaceNameBlocked,3.0.0,60.04194902
FacesBlock1.xlsx,Danielle.mp4,Danielle.JPG,Danielle,3,0,0,0,0,,,,,0,13,13,3,,,,,,,,ashley,0,"['a', 's', 'h', 'l', 'e', 'y']","[7.983103499980643, 8.299669316969812, 8.55033364193514, 9.266122538829222, 9.59986316296272, 9.816312464885414]",[7.9831,7.9831,1,1.068788519,,,30,1,2019_Apr_03_1058,FaceNameBlocked,3.0.0,60.04194902
FacesBlock2.xlsx,David.mp4,David.JPG,David,16,0,1,1,1,0,1,1,1,,,,,,,0,1,1.087122903,,,,,,,0,0,,,,,30,1,2019_Apr_03_1058,FaceNameBlocked,3.0.0,60.04194902
FacesBlock2.xlsx,David.mp4,David.JPG,David,16,0,1,1,1,,,,,0,1,1,1,,,,,,,,austin,0,"['a', 'u', 's', 't', 'i', 'n']","[4.317570158047602, 5.3178425941150635, 5.58479976397939, 6.0337275981437415, 6.200901400996372, 6.433874427108094]",[4.3175,4.3175,2,0.468471822,,,30,1,2019_Apr_03_1058,FaceNameBlocked,3.0.0,60.04194902
FacesBlock4.xlsx,Dylan.mp4,Dylan.JPG,Dylan,50,0,3,3,3,0,11,11,5,,,,,,,1,1,0.850676658,,,,,,,0,0,,,,,30,1,2019_Apr_03_1058,FaceNameBlocked,3.0.0,60.04194902
FacesBlock4.xlsx,Dylan.mp4,Dylan.JPG,Dylan,50,0,3,3,3,,,,,0,1,1,5,,,,,,,,dylan,1,"['d', 'y', 'l', 'a', 'n']","[1.2187369491439313, 1.5349789541214705, 1.8186270070727915, 2.1186437860596925, 2.251721328124404]",[1.2187,1.2187,4,0.619121839,,,30,1,2019_Apr_03_1058,FaceNameBlocked,3.0.0,60.04194902
FacesBlock4.xlsx,Emily.mp4,Emily.JPG,Emily,57,0,3,3,3,0,4,4,12,,,,,,,0,2,1.10295608,,,,,,,0,0,,,,,30,1,2019_Apr_03_1058,FaceNameBlocked,3.0.0,60.04194902
FacesBlock4.xlsx,Emily.mp4,Emily.JPG,Emily,57,0,3,3,3,,,,,0,9,9,12,,,,,,,,,0,None,,0,0,1,0.984710793,,,30,1,2019_Apr_03_1058,FaceNameBlocked,3.0.0,60.04194902
FacesBlock1.xlsx,Eric.mp4,Eric.JPG,Eric,0,0,0,0,0,0,11,11,0,,,,,,,0,1,0.536572549,,,,,,,0,0,,,,,30,1,2019_Apr_03_1058,FaceNameBlocked,3.0.0,60.04194902
FacesBlock1.xlsx,Eric.mp4,Eric.JPG,Eric,0,0,0,0,0,,,,,0,2,2,0,,,,,,,,ethan,0,"['e', 't', 'h', 'a', 'n']","[8.683227573055774, 8.999255375936627, 9.133211918873712, 9.349716498050839, 9.499654547078535]",[8.6832,8.6832,2,1.485203139,,,30,1,2019_Apr_03_1058,FaceNameBlocked,3.0.0,60.04194902
FacesBlock1.xlsx,Ethan.mp4,Ethan.JPG,Ethan,11,0,0,0,0,0,6,6,11,,,,,,,1,1,0.503272431,,,,,,,0,0,,,,,30,1,2019_Apr_03_1058,FaceNameBlocked,3.0.0,60.04194902
FacesBlock1.xlsx,Ethan.mp4,Ethan.JPG,Ethan,11,0,0,0,0,,,,,0,10,10,11,,,,,,,,,0,None,,0,0,1,1.485314747,,,30,1,2019_Apr_03_1058,FaceNameBlocked,3.0.0,60.04194902
FacesBlock4.xlsx,Grace.mp4,Grace.JPG,Grace,58,0,3,3,3,0,1,1,13,,,,,,,1,2,0.753095271,,,,,,,0,0,,,,,30,1,2019_Apr_03_1058,FaceNameBlocked,3.0.0,60.04194902
FacesBlock4.xlsx,Grace.mp4,Grace.JPG,Grace,58,0,3,3,3,,,,,0,10,10,13,,,,,,,,grace,1,"['g', 'r', 'a', 'c', 'e']","[1.0853225640021265, 1.202180580003187, 1.5516893530730158, 1.7516979530919343, 2.135061522014439]",[1.0853,1.0853,4,0.568902909,,,30,1,2019_Apr_03_1058,FaceNameBlocked,3.0.0,60.04194902
FacesBlock2.xlsx,Haley.mp4,Haley.JPG,Haley,20,0,1,1,1,0,6,6,5,,,,,,,0,2,0.870585775,,,,,,,0,0,,,,,30,1,2019_Apr_03_1058,FaceNameBlocked,3.0.0,60.04194902
FacesBlock2.xlsx,Haley.mp4,Haley.JPG,Haley,20,0,1,1,1,,,,,0,4,4,5,,,,,,,,,0,None,,0,0,1,1.385279773,,,30,1,2019_Apr_03_1058,FaceNameBlocked,3.0.0,60.04194902
FacesBlock1.xlsx,Hannah.mp4,Hannah.JPG,Hannah,1,0,0,0,0,0,4,4,1,,,,,,,0,2,0.669693098,,,,,,,0,0,,,,,30,1,2019_Apr_03_1058,FaceNameBlocked,3.0.0,60.04194902
FacesBlock1.xlsx,Hannah.mp4,Hannah.JPG,Hannah,1,0,0,0,0,,,,,0,8,8,1,,,,,,,,jessica,0,"['j', 'e', 's', 's', 'i', 'c', 'a', 'return']","[3.901425034040585, 4.101923126028851, 4.384300800971687, 4.568421247880906, 4.984569977037609, 5.13284284202382, 5.4680104709696025, 7.748516615945846]",[3.9014,3.9014,1,0.935716133,,,30,1,2019_Apr_03_1058,FaceNameBlocked,3.0.0,60.04194902
FacesBlock2.xlsx,Heather.mp4,Heather.JPG,Heather,26,0,1,1,1,0,12,12,11,,,,,,,1,2,0.669316324,,,,,,,0,0,,,,,30,1,2019_Apr_03_1058,FaceNameBlocked,3.0.0,60.04194902
FacesBlock2.xlsx,Heather.mp4,Heather.JPG,Heather,26,0,1,1,1,,,,,0,2,2,11,,,,,,,,heather,1,"['h', 'e', 'a', 't', 'h', 'e', 'r']","[6.651312191039324, 6.7841170250903815, 7.034110180102289, 7.133915235986933, 7.349858213914558, 7.483989859931171, 7.667113580042496]",[6.6513,6.6513,2,1.085591128,,,30,1,2019_Apr_03_1058,FaceNameBlocked,3.0.0,60.04194902
FacesBlock3.xlsx,Jacob.mp4,Jacob.JPG,Jacob,39,0,2,2,2,0,8,8,9,,,,,,,1,1,1.419641546,,,,,,,0,0,,,,,30,1,2019_Apr_03_1058,FaceNameBlocked,3.0.0,60.04194902
FacesBlock3.xlsx,Jacob.mp4,Jacob.JPG,Jacob,39,0,2,2,2,,,,,0,14,14,9,,,,,,,,jacob,1,"['j', 'a', 'c', 'o', 'b']","[1.3197431219741702, 1.4692321189213544, 1.902556074084714, 2.0687735569663346, 2.28564219805412]",[1.3197,1.3197,4,0.518711851,,,30,1,2019_Apr_03_1058,FaceNameBlocked,3.0.0,60.04194902
FacesBlock4.xlsx,Jason.mp4,Jason.JPG,Jason,49,0,3,3,3,0,9,9,4,,,,,,,0,1,0.685949132,,,,,,,0,0,,,,,30,1,2019_Apr_03_1058,FaceNameBlocked,3.0.0,60.04194902
FacesBlock4.xlsx,Jason.mp4,Jason.JPG,Jason,49,0,3,3,3,,,,,0,14,14,4,,,,,,,,jason,1,"['j', 'a', 's', 'o', 'n']","[1.3361732340417802, 1.4694666001014411, 1.6526630490552634, 1.752598605118692, 2.0189654920250177]",[1.3361,1.3361,4,0.852062212,,,30,1,2019_Apr_03_1058,FaceNameBlocked,3.0.0,60.04194902
FacesBlock1.xlsx,Jenna.mp4,Jenna.JPG,Jenna,6,0,0,0,0,0,7,7,6,,,,,,,0,2,0.552940407,,,,,,,0,0,,,,,30,1,2019_Apr_03_1058,FaceNameBlocked,3.0.0,60.04194902
FacesBlock1.xlsx,Jenna.mp4,Jenna.JPG,Jenna,6,0,0,0,0,,,,,0,5,5,6,,,,,,,,,0,None,,0,0,1,1.099918292,,,30,1,2019_Apr_03_1058,FaceNameBlocked,3.0.0,60.04194902
FacesBlock2.xlsx,Jeremy.mp4,Jeremy.JPG,Jeremy,15,0,1,1,1,0,10,10,0,,,,,,,0,1,1.553215496,,,,,,,0,0,,,,,30,1,2019_Apr_03_1058,FaceNameBlocked,3.0.0,60.04194902
FacesBlock2.xlsx,Jeremy.mp4,Jeremy.JPG,Jeremy,15,0,1,1,1,,,,,0,13,13,0,,,,,,,,,0,None,,0,0,1,0.35247099,,,30,1,2019_Apr_03_1058,FaceNameBlocked,3.0.0,60.04194902
FacesBlock1.xlsx,Jessica.mp4,Jessica.JPG,Jessica,8,0,0,0,0,0,5,5,8,,,,,,,0,2,0.569723699,,,,,,,0,0,,,,,30,1,2019_Apr_03_1058,FaceNameBlocked,3.0.0,60.04194902
FacesBlock1.xlsx,Jessica.mp4,Jessica.JPG,Jessica,8,0,0,0,0,,,,,0,4,4,8,,,,,,,,julia,0,"['j', 'u', 'l', 'i', 'a']","[7.866330677876249, 8.066461622947827, 8.332618731074035, 8.615621210075915, 8.865158162079751]",[7.8663,7.8663,1,2.717631913,,,30,1,2019_Apr_03_1058,FaceNameBlocked,3.0.0,60.04194902
FacesBlock2.xlsx,Josh.mp4,Josh.JPG,Josh,19,0,1,1,1,0,4,4,4,,,,,,,1,1,0.766865152,,,,,,,0,0,,,,,30,1,2019_Apr_03_1058,FaceNameBlocked,3.0.0,60.04194902
FacesBlock2.xlsx,Josh.mp4,Josh.JPG,Josh,19,0,1,1,1,,,,,0,7,7,4,,,,,,,,josh,1,"['j', 'o', 's', 'h']","[8.683020293014124, 8.899345573969185, 9.032499548047781, 9.282741628121585]",[8.6830,8.6830,4,0.969184575,,,30,1,2019_Apr_03_1058,FaceNameBlocked,3.0.0,60.04194902
FacesBlock1.xlsx,Julia.mp4,Julia.JPG,Julia,13,0,0,0,0,0,13,13,13,,,,,,,1,2,0.550369847,,,,,,,0,0,,,,,30,1,2019_Apr_03_1058,FaceNameBlocked,3.0.0,60.04194902
FacesBlock1.xlsx,Julia.mp4,Julia.JPG,Julia,13,0,0,0,0,,,,,0,12,12,13,,,,,,,,,0,None,,0,0,1,0.519029148,,,30,1,2019_Apr_03_1058,FaceNameBlocked,3.0.0,60.04194902
FacesBlock2.xlsx,Justin.mp4,Justin.JPG,Justin,27,0,1,1,1,0,7,7,12,,,,,,,0,1,1.102729915,,,,,,,0,0,,,,,30,1,2019_Apr_03_1058,FaceNameBlocked,3.0.0,60.04194902
FacesBlock2.xlsx,Justin.mp4,Justin.JPG,Justin,27,0,1,1,1,,,,,0,11,11,12,,,,,,,,justin,1,"['j', 'u', 's', 't', 'i', 'n']","[1.6519338700454682, 1.8687435782048851, 1.9685970130376518, 2.2680253721773624, 2.4181665561627597, 2.7186431761365384]",[1.6519,1.6519,4,0.518576639,,,30,1,2019_Apr_03_1058,FaceNameBlocked,3.0.0,60.04194902
FacesBlock4.xlsx,Katie.mp4,Katie.JPG,Katie,54,0,3,3,3,0,2,2,9,,,,,,,0,2,0.619966874,,,,,,,0,0,,,,,30,1,2019_Apr_03_1058,FaceNameBlocked,3.0.0,60.04194902
FacesBlock4.xlsx,Katie.mp4,Katie.JPG,Katie,54,0,3,3,3,,,,,0,11,11,9,,,,,,,,katie,1,"['k', 'a', 't', 'i', 'e']","[1.0500423291232437, 1.2521941349841654, 1.468514887150377, 1.7683401650283486, 1.93442631396465]",[1.0500,1.0500,4,0.55087749,,,30,1,2019_Apr_03_1058,FaceNameBlocked,3.0.0,60.04194902
FacesBlock3.xlsx,Kayla.mp4,Kayla.JPG,Kayla,34,0,2,2,2,0,11,11,4,,,,,,,0,2,0.803004301,,,,,,,0,0,,,,,30,1,2019_Apr_03_1058,FaceNameBlocked,3.0.0,60.04194902
FacesBlock3.xlsx,Kayla.mp4,Kayla.JPG,Kayla,34,0,2,2,2,,,,,0,8,8,4,,,,,,,,kayla,1,"['k', 'a', 'y', 'l', 'a']","[3.016504771076143, 3.2182732310611755, 3.3853879761882126, 3.73514860519208, 3.968454491114244]",[3.0165,3.0165,4,0.467951066,,,30,1,2019_Apr_03_1058,FaceNameBlocked,3.0.0,60.04194902
FacesBlock1.xlsx,Kelsey.mp4,Kelsey.JPG,Kelsey,12,0,0,0,0,0,14,14,12,,,,,,,1,2,0.40310014,,,,,,,0,0,,,,,30,1,2019_Apr_03_1058,FaceNameBlocked,3.0.0,60.04194902
FacesBlock1.xlsx,Kelsey.mp4,Kelsey.JPG,Kelsey,12,0,0,0,0,,,,,0,6,6,12,,,,,,,,hannah,0,"['h', 'a', 'n', 'n', 'a', 'h']","[8.06641318788752, 8.300163521897048, 8.433453710982576, 8.600178022868931, 8.749720960855484, 8.866607618983835]",[8.0664,8.0664,1,0.416755871,,,30,1,2019_Apr_03_1058,FaceNameBlocked,3.0.0,60.04194902
FacesBlock3.xlsx,Kevin.mp4,Kevin.JPG,Kevin,41,0,2,2,2,0,5,5,11,,,,,,,1,1,1.019816906,,,,,,,0,0,,,,,30,1,2019_Apr_03_1058,FaceNameBlocked,3.0.0,60.04194902
FacesBlock3.xlsx,Kevin.mp4,Kevin.JPG,Kevin,41,0,2,2,2,,,,,0,1,1,11,,,,,,,,kevin,1,"['k', 'e', 'v', 'i', 'n', 'return']","[2.5851258570328355, 2.735154405934736, 3.018543970072642, 3.1174503550864756, 3.3347894169855863, 8.715367815922946]",[2.5851,2.5851,4,0.501884261,,,30,1,2019_Apr_03_1058,FaceNameBlocked,3.0.0,60.04194902
FacesBlock1.xlsx,Kyle.mp4,Kyle.JPG,Kyle,4,0,0,0,0,0,8,8,4,,,,,,,1,1,0.403622031,,,,,,,0,0,,,,,30,1,2019_Apr_03_1058,FaceNameBlocked,3.0.0,60.04194902
FacesBlock1.xlsx,Kyle.mp4,Kyle.JPG,Kyle,4,0,0,0,0,,,,,0,1,1,4,,,,,,,,eric,0,"['e', 'r', 'i', 'c', 'return']","[4.134118902962655, 4.384006677893922, 5.167866712901741, 5.950853239977732, 7.7498589609749615]",[4.1341,4.1341,2,1.23566744,,,30,1,2019_Apr_03_1058,FaceNameBlocked,3.0.0,60.04194902
FacesBlock3.xlsx,Lauren.mp4,Lauren.JPG,Lauren,38,0,2,2,2,0,0,0,8,,,,,,,1,2,1.233096635,,,,,,,0,0,,,,,30,1,2019_Apr_03_1058,FaceNameBlocked,3.0.0,60.04194902
FacesBlock3.xlsx,Lauren.mp4,Lauren.JPG,Lauren,38,0,2,2,2,,,,,0,4,4,8,,,,,,,,sarah,0,"['s', 'a', 'r', 'a', 'h']","[2.46861830400303, 2.7345354941207916, 3.051324912114069, 3.351740635931492, 3.717285997932777]",[2.4686,2.4686,2,0.602954561,,,30,1,2019_Apr_03_1058,FaceNameBlocked,3.0.0,60.04194902
FacesBlock3.xlsx,Mark.mp4,Mark.JPG,Mark,40,0,2,2,2,0,13,13,10,,,,,,,0,1,0.716728697,,,,,,,0,0,,,,,30,1,2019_Apr_03_1058,FaceNameBlocked,3.0.0,60.04194902
FacesBlock3.xlsx,Mark.mp4,Mark.JPG,Mark,40,0,2,2,2,,,,,0,9,9,10,,,,,,,,mark,1,"['m', 'a', 'r', 'k']","[1.401806928915903, 1.5681685220915824, 1.9520636030938476, 2.101058440981433]",[1.4018,1.4018,4,0.519571169,,,30,1,2019_Apr_03_1058,FaceNameBlocked,3.0.0,60.04194902
FacesBlock1.xlsx,Matthew.mp4,Matthew.JPG,Matthew,9,0,0,0,0,0,2,2,9,,,,,,,1,1,1.036116364,,,,,,,0,0,,,,,30,1,2019_Apr_03_1058,FaceNameBlocked,3.0.0,60.04194902
FacesBlock1.xlsx,Matthew.mp4,Matthew.JPG,Matthew,9,0,0,0,0,,,,,0,14,14,9,,,,,,,,sean,0,"['s', 'e', 'a', 'n']","[6.284876124002039, 6.617523601977155, 7.017709648935124, 7.200399083085358]",[6.2848,6.2848,1,0.385416166,,,30,1,2019_Apr_03_1058,FaceNameBlocked,3.0.0,60.04194902
FacesBlock2.xlsx,Megan.mp4,Megan.JPG,Megan,25,0,1,1,1,0,14,14,10,,,,,,,0,2,0.736752578,,,,,,,0,0,,,,,30,1,2019_Apr_03_1058,FaceNameBlocked,3.0.0,60.04194902
FacesBlock2.xlsx,Megan.mp4,Megan.JPG,Megan,25,0,1,1,1,,,,,0,9,9,10,,,,,,,,rachel,0,"['r', 'a', 'c', 'h', 'e', 'l']","[2.518184292828664, 2.818195196799934, 3.0677087500225753, 3.1680772909894586, 3.351488849846646, 3.5171698059421033]",[2.5181,2.5181,2,0.735356555,,,30,1,2019_Apr_03_1058,FaceNameBlocked,3.0.0,60.04194902
FacesBlock4.xlsx,Michael.mp4,Michael.JPG,Michael,46,0,3,3,3,0,7,7,1,,,,,,,0,1,0.587432313,,,,,,,0,0,,,,,30,1,2019_Apr_03_1058,FaceNameBlocked,3.0.0,60.04194902
FacesBlock4.xlsx,Michael.mp4,Michael.JPG,Michael,46,0,3,3,3,,,,,0,8,8,1,,,,,,,,michael,1,"['m', 'i', 'c', 'h', 'a', 'e', 'l']","[3.3676487531047314, 3.6178859521169215, 3.7841687940526754, 3.9175332440063357, 4.083633097121492, 4.3670754241757095, 4.517399121075869]",[3.3676,3.3676,3,0.568695651,,,30,1,2019_Apr_03_1058,FaceNameBlocked,3.0.0,60.04194902
FacesBlock4.xlsx,Michelle.mp4,Michelle.JPG,Michelle,52,0,3,3,3,0,14,14,7,,,,,,,1,2,0.720416247,,,,,,,0,0,,,,,30,1,2019_Apr_03_1058,FaceNameBlocked,3.0.0,60.04194902
FacesBlock4.xlsx,Michelle.mp4,Michelle.JPG,Michelle,52,0,3,3,3,,,,,0,6,6,7,,,,,,,,michelle,1,"['m', 'i', 'c', 'h', 'e', 'l', 'l', 'e']","[1.1855021119117737, 1.4168755488935858, 1.6348784698639065, 1.7688864169176668, 2.01629290683195, 2.218513083877042, 2.401673946995288, 2.5179797338787466]",[1.1855,1.1855,4,0.485112045,,,30,1,2019_Apr_03_1058,FaceNameBlocked,3.0.0,60.04194902
FacesBlock1.xlsx,Natalie.mp4,Natalie.JPG,Natalie,7,0,0,0,0,0,10,10,7,,,,,,,1,2,0.586692523,,,,,,,0,0,,,,,30,1,2019_Apr_03_1058,FaceNameBlocked,3.0.0,60.04194902
FacesBlock1.xlsx,Natalie.mp4,Natalie.JPG,Natalie,7,0,0,0,0,,,,,0,9,9,7,,,,,,,,natalie,1,"['n', 'a', 't', 'a', 'l', 'i', 'e', 'return']","[3.3346941268537194, 3.467954906867817, 3.8178121789824218, 4.134404241805896, 4.317242207936943, 4.517562615917996, 4.667268023826182, 5.20027016592212]",[3.3346,3.3346,1,0.535494864,,,30,1,2019_Apr_03_1058,FaceNameBlocked,3.0.0,60.04194902
FacesBlock3.xlsx,Nathan.mp4,Nathan.JPG,Nathan,37,0,2,2,2,0,9,9,7,,,,,,,1,1,1.552168904,,,,,,,0,0,,,,,30,1,2019_Apr_03_1058,FaceNameBlocked,3.0.0,60.04194902
FacesBlock3.xlsx,Nathan.mp4,Nathan.JPG,Nathan,37,0,2,2,2,,,,,0,0,0,7,,,,,,space,2.284533716,nathan,1,"['n', 'a', 't', 'h', 'a', 'n']","[1.251932926941663, 1.4681332900654525, 1.701762333046645, 1.9009139649569988, 2.0849961289204657, 2.168154561892152]",[1.2519,1.2519,4,1.035762991,,,30,1,2019_Apr_03_1058,FaceNameBlocked,3.0.0,60.04194902
FacesBlock3.xlsx,Nicole.mp4,Nicole.JPG,Nicole,43,0,2,2,2,0,2,2,13,,,,,,,1,2,1.452965734,,,,,,,0,0,,,,,30,1,2019_Apr_03_1058,FaceNameBlocked,3.0.0,60.04194902
FacesBlock3.xlsx,Nicole.mp4,Nicole.JPG,Nicole,43,0,2,2,2,,,,,0,2,2,13,,,,,,,,nicole,1,"['n', 'i', 'c', 'o', 'l', 'e', 'return']","[1.1688217781484127, 1.4182847400661558, 1.5849698521196842, 1.733376594958827, 1.8847197040449828, 2.002027393085882, 2.3495404040440917]",[1.1688,1.1688,4,0.6691018,,,30,1,2019_Apr_03_1058,FaceNameBlocked,3.0.0,60.04194902
FacesBlock3.xlsx,Noah.mp4,Noah.JPG,Noah,31,0,2,2,2,0,7,7,1,,,,,,,0,1,1.05266005,,,,,,,0,0,,,,,30,1,2019_Apr_03_1058,FaceNameBlocked,3.0.0,60.04194902
FacesBlock3.xlsx,Noah.mp4,Noah.JPG,Noah,31,0,2,2,2,,,,,0,5,5,1,,,,,,,,,0,None,,0,0,1,0.969198487,,,30,1,2019_Apr_03_1058,FaceNameBlocked,3.0.0,60.04194902
FacesBlock3.xlsx,Olivia.mp4,Olivia.JPG,Olivia,35,0,2,2,2,0,3,3,5,,,,,,,1,2,0.619352092,,,,,,,0,0,,,,,30,1,2019_Apr_03_1058,FaceNameBlocked,3.0.0,60.04194902
FacesBlock3.xlsx,Olivia.mp4,Olivia.JPG,Olivia,35,0,2,2,2,,,,,0,7,7,5,,,,,,,,olivia,1,"['o', 'l', 'i', 'v', 'i', 'a']","[2.4851473120506853, 2.701128870015964, 2.9181769620627165, 3.0512061729095876, 3.1186013689730316, 3.3510166879277676]",[2.4851,2.4851,4,1.751209209,,,30,1,2019_Apr_03_1058,FaceNameBlocked,3.0.0,60.04194902
FacesBlock2.xlsx,Rachel.mp4,Rachel.JPG,Rachel,29,0,1,1,1,0,9,9,14,,,,,,,0,2,1.003333518,,,,,,,0,0,,,,,30,1,2019_Apr_03_1058,FaceNameBlocked,3.0.0,60.04194902
FacesBlock2.xlsx,Rachel.mp4,Rachel.JPG,Rachel,29,0,1,1,1,,,,,0,3,3,14,,,,,,,,rachel,1,"['r', 'a', 'c', 'h', 'e', 'l']","[3.485504198120907, 3.784573458135128, 4.051528449170291, 4.151560411090031, 4.351302214199677, 4.484807778149843]",[3.4855,3.4855,2,0.635118614,,,30,1,2019_Apr_03_1058,FaceNameBlocked,3.0.0,60.04194902
FacesBlock3.xlsx,Rebecca.mp4,Rebecca.JPG,Rebecca,32,0,2,2,2,0,1,1,2,,,,,,,1,2,0.852928536,,,,,,,0,0,,,,,30,1,2019_Apr_03_1058,FaceNameBlocked,3.0.0,60.04194902
FacesBlock3.xlsx,Rebecca.mp4,Rebecca.JPG,Rebecca,32,0,2,2,2,,,,,0,13,13,2,,,,,,,,rebecca,1,"['r', 'e', 'b', 'e', 'c', 'c', 'a']","[1.4364523408003151, 1.7335812428500503, 1.8692547578830272, 2.002240087836981, 2.1693026209250093, 2.5355742399115115, 2.735763197997585]",[1.4364,1.4364,4,0.535374185,,,30,1,2019_Apr_03_1058,FaceNameBlocked,3.0.0,60.04194902
FacesBlock3.xlsx,Sarah.mp4,Sarah.JPG,Sarah,33,0,2,2,2,0,10,10,3,,,,,,,0,2,1.019751534,,,,,,,0,0,,,,,30,1,2019_Apr_03_1058,FaceNameBlocked,3.0.0,60.04194902
FacesBlock3.xlsx,Sarah.mp4,Sarah.JPG,Sarah,33,0,2,2,2,,,,,0,10,10,3,,,,,,,,sarah,1,"['s', 'a', 'r', 'a', 'h']","[1.5862829219549894, 1.801963915117085, 2.0683771381154656, 2.384926846018061, 2.485567663097754]",[1.5862,1.5862,3,0.350142099,,,30,1,2019_Apr_03_1058,FaceNameBlocked,3.0.0,60.04194902
FacesBlock3.xlsx,Shelby.mp4,Shelby.JPG,Shelby,36,0,2,2,2,0,6,6,6,,,,,,,0,2,1.168959023,,,,,,,0,0,,,,,30,1,2019_Apr_03_1058,FaceNameBlocked,3.0.0,60.04194902
FacesBlock3.xlsx,Shelby.mp4,Shelby.JPG,Shelby,36,0,2,2,2,,,,,0,3,3,6,,,,,,,,shelby,1,"['s', 'h', 'e', 'l', 'b', 'y']","[1.2835980360396206, 1.5186565818730742, 1.7013099680189043, 1.8852612769696862, 2.134644204052165, 2.285264537902549]",[1.2835,1.2835,4,0.518249428,,,30,1,2019_Apr_03_1058,FaceNameBlocked,3.0.0,60.04194902
FacesBlock2.xlsx,Steven.mp4,Steven.JPG,Steven,17,0,1,1,1,0,11,11,2,,,,,,,1,1,0.78315984,,,,,,,0,0,,,,,30,1,2019_Apr_03_1058,FaceNameBlocked,3.0.0,60.04194902
FacesBlock2.xlsx,Steven.mp4,Steven.JPG,Steven,17,0,1,1,1,,,,,0,6,6,2,,,,,,,,aaron,0,"['a', 'a', 'r', 'o', 'n']","[4.551741696195677, 4.768261158140376, 5.0842557300347835, 5.451378504978493, 6.434348460985348]",[4.5517,4.5517,2,1.184964272,,,30,1,2019_Apr_03_1058,FaceNameBlocked,3.0.0,60.04194902
FacesBlock4.xlsx,Taylor.mp4,Taylor.JPG,Taylor,45,0,3,3,3,0,13,13,0,,,,,,,1,2,0.57021819,,,,,,,0,0,,,,,30,1,2019_Apr_03_1058,FaceNameBlocked,3.0.0,60.04194902
FacesBlock4.xlsx,Taylor.mp4,Taylor.JPG,Taylor,45,0,3,3,3,,,,,0,4,4,0,,,,,,,,taylor,1,"['t', 'a', 'l', 'backspace', 'y', 'l', 'o', 'r']","[1.068923523183912, 1.5351858360227197, 2.51866263221018, 3.067287606187165, 3.300962273031473, 3.4510280441027135, 3.6348664951510727, 3.7849997200537473]",[1.0689,1.0689,4,0.501946469,,,30,1,2019_Apr_03_1058,FaceNameBlocked,3.0.0,60.04194902
FacesBlock3.xlsx,Thomas.mp4,Thomas.JPG,Thomas,44,0,2,2,2,0,4,4,14,,,,,,,1,1,0.886726683,,,,,,,0,0,,,,,30,1,2019_Apr_03_1058,FaceNameBlocked,3.0.0,60.04194902
FacesBlock3.xlsx,Thomas.mp4,Thomas.JPG,Thomas,44,0,2,2,2,,,,,0,6,6,14,,,,,,,,mark,0,"['m', 'a', 'r', 'k', 'backspace', 'backspace', 'r', 'k']","[3.517962011974305, 3.6824312219396234, 4.351177706150338, 4.767029348062351, 6.965925872093067, 7.34946977510117, 8.09911066503264, 8.599613772006705]",[3.5179,3.5179,1,1.585774914,,,30,1,2019_Apr_03_1058,FaceNameBlocked,3.0.0,60.04194902
FacesBlock1.xlsx,Timothy.mp4,Timothy.JPG,Timothy,10,0,0,0,0,0,3,3,10,,,,,,,1,1,0.803965118,,,,,,,0,0,,,,,30,1,2019_Apr_03_1058,FaceNameBlocked,3.0.0,60.04194902
FacesBlock1.xlsx,Timothy.mp4,Timothy.JPG,Timothy,10,0,0,0,0,,,,,0,7,7,10,,,,,,,,,0,None,,0,0,1,0.869398635,,,30,1,2019_Apr_03_1058,FaceNameBlocked,3.0.0,60.04194902
FacesBlock2.xlsx,Trevor.mp4,Trevor.JPG,Trevor,21,0,1,1,1,0,2,2,6,,,,,,,1,1,0.753586764,,,,,,,0,0,,,,,30,1,2019_Apr_03_1058,FaceNameBlocked,3.0.0,60.04194902
FacesBlock2.xlsx,Trevor.mp4,Trevor.JPG,Trevor,21,0,1,1,1,,,,,0,5,5,6,,,,,,,,cody,0,"['c', 'o', 'd', 'y']","[6.850357334828004, 6.983037110883743, 7.216817202977836, 7.366899387910962]",[6.8503,6.8503,2,1.252408783,,,30,1,2019_Apr_03_1058,FaceNameBlocked,3.0.0,60.04194902
FacesBlock2.xlsx,Tyler.mp4,Tyler.JPG,Tyler,22,0,1,1,1,0,3,3,7,,,,,,,0,1,0.685864589,,,,,,,0,0,,,,,30,1,2019_Apr_03_1058,FaceNameBlocked,3.0.0,60.04194902
FacesBlock2.xlsx,Tyler.mp4,Tyler.JPG,Tyler,22,0,1,1,1,,,,,0,10,10,7,,,,,,,,,0,None,,0,0,1,1.052032709,,,30,1,2019_Apr_03_1058,FaceNameBlocked,3.0.0,60.04194902
,,,,,,,,,,,,,,,,,space,152.2365339,,,,,,,,,,,,,,,,30,1,2019_Apr_03_1058,FaceNameBlocked,3.0.0,60.04194902
,,,,,,,,,,,,,,,,,,,,,,,,,,,,,,,,space,3.785587171,30,1,2019_Apr_03_1058,FaceNameBlocked,3.0.0,60.04194902