condsFile,Video,Photo,Name,Row,blocks.thisRepN,blocks.thisTrialN,blocks.thisN,blocks.thisIndex,presentations.thisRepN,presentations.thisTrialN,presentations.thisN,presentations.thisIndex,testing.thisRepN,testing.thisTrialN,testing.thisN,testing.thisIndex,advance_1.keys,advance_1.rt,currentCond,judgementResp.keys,judgementResp.rt,advance_2.keys,advance_2.rt,inputText,Accuracy,key_resp_3.keys,key_resp_3.rt,trim1,key_resp3_fin,rating_resp.keys,rating_resp.rt,end_key.keys,end_key.rt,participant,session,date,expName,psychopyVersion,frameRate
FacesBlock2.xlsx,Aaron.mp4,Aaron.JPG,Aaron,18,0,1,1,1,0,13,13,3,,,,,,,0,1,0.955851277,,,,,,,0,0,,,,,7,1,2019_Feb_26_1548,FaceNameBlocked,3.0.0,84.94238201
FacesBlock2.xlsx,Aaron.mp4,Aaron.JPG,Aaron,18,0,1,1,1,,,,,0,11,11,3,,,,,,,,Arin,1,"['lshift', 'a', 'r', 'i', 'n', 'slash']","[1.4477339830000346, 1.6957001440000568, 2.059894366000208, 2.248952772999928, 2.413117270999919, 3.318373101999896]",[1.4477,1.4477,4,1.766433923,,,7,1,2019_Feb_26_1548,FaceNameBlocked,3.0.0,84.94238201
FacesBlock1.xlsx,Adam.mp4,Adam.JPG,Adam,5,0,0,0,0,0,6,6,5,,,,,,,1,1,0.355925528,,,,,,,0,0,,,,,7,1,2019_Feb_26_1548,FaceNameBlocked,3.0.0,84.94238201
FacesBlock1.xlsx,Adam.mp4,Adam.JPG,Adam,5,0,0,0,0,,,,,0,10,10,5,,,,,,,,Anthony,0,"['lshift', 'a', 'n', 't', 'h', 'o', 'n', 'y']","[5.810738166000192, 6.295353404999787, 6.493932739999764, 6.835939051999958, 7.0472795470000165, 7.412026721000075, 7.741445569000007, 7.977224387000206]",[5.8107,5.8107,2,0.332015237,,,7,1,2019_Feb_26_1548,FaceNameBlocked,3.0.0,84.94238201
FacesBlock4.xlsx,Alyssa.mp4,Alyssa.JPG,Alyssa,55,0,3,3,3,0,9,9,10,,,,,,,1,2,0.461773995,,,,,,,0,0,,,,,7,1,2019_Feb_26_1548,FaceNameBlocked,3.0.0,84.94238201
FacesBlock4.xlsx,Alyssa.mp4,Alyssa.JPG,Alyssa,55,0,3,3,3,,,,,0,5,5,10,,,,,,,,,0,None,,0,0,1,1.625541194,,,7,1,2019_Feb_26_1548,FaceNameBlocked,3.0.0,84.94238201
FacesBlock1.xlsx,Amanda.mp4,Amanda.JPG,Amanda,2,0,0,0,0,0,8,8,2,,,,,,,1,2,0.368344899,,,,,,,0,0,,,,,7,1,2019_Feb_26_1548,FaceNameBlocked,3.0.0,84.94238201
FacesBlock1.xlsx,Amanda.mp4,Amanda.JPG,Amanda,2,0,0,0,0,,,,,0,9,9,2,,,,,,,,Jamie,0,"['lshift', 'j', 'a', 'm', 'i', 'e']","[3.8356791369997154, 4.131351109999741, 4.5069998250000936, 4.660700393999832, 4.8367796120001, 5.318401802999688]",[3.8356,3.8356,1,0.517734597,,,7,1,2019_Feb_26_1548,FaceNameBlocked,3.0.0,84.94238201
FacesBlock4.xlsx,Andrew.mp4,Andrew.JPG,Andrew,51,0,3,3,3,0,12,12,6,,,,,,,0,1,0.379159241,,,,,,,0,0,,,,,7,1,2019_Feb_26_1548,FaceNameBlocked,3.0.0,84.94238201
FacesBlock4.xlsx,Andrew.mp4,Andrew.JPG,Andrew,51,0,3,3,3,,,,,0,13,13,6,,,,,,,,kaleb,0,"['k', 'a', 'l', 'e', 'b']","[4.811291447000258, 5.455962820999957, 5.975731245999668, 6.1517403560001185, 6.363245413999721]",[4.8112,4.8112,2,0.272852806,,,7,1,2019_Feb_26_1548,FaceNameBlocked,3.0.0,84.94238201
FacesBlock4.xlsx,Anna.mp4,Anna.JPG,Anna,47,0,3,3,3,0,13,13,2,,,,,,,0,2,0.391804118,,,,,,,0,0,,,,,7,1,2019_Feb_26_1548,FaceNameBlocked,3.0.0,84.94238201
FacesBlock4.xlsx,Anna.mp4,Anna.JPG,Anna,47,0,3,3,3,,,,,0,6,6,2,,,,,,,,anna,1,"['a', 'n', 'n', 'a']","[1.7069424239998625, 1.884104269999625, 2.0369441499997265, 2.1192162099996494]",[1.7069,1.7069,4,0.390011257,,,7,1,2019_Feb_26_1548,FaceNameBlocked,3.0.0,84.94238201
FacesBlock2.xlsx,Ashley.mp4,Ashley.JPG,Ashley,24,0,1,1,1,0,10,10,9,,,,,,,0,2,0.741986554,,,,,,,0,0,,,,,7,1,2019_Feb_26_1548,FaceNameBlocked,3.0.0,84.94238201
FacesBlock2.xlsx,Ashley.mp4,Ashley.JPG,Ashley,24,0,1,1,1,,,,,0,5,5,9,,,,,,,,Brittany,0,"['lshift', 'b', 'r', 'i', 't', 't', 'a', 'n', 'y']","[3.423167039999953, 3.766132990999722, 4.071744782999758, 4.2599017659999845, 4.5187505189996955, 4.671743891999995, 4.895257052000034, 5.071492192999813, 5.353281120999782]",[3.4231,3.4231,1,0.354785691,,,7,1,2019_Feb_26_1548,FaceNameBlocked,3.0.0,84.94238201
FacesBlock1.xlsx,Bradley.mp4,Bradley.JPG,Bradley,14,0,0,0,0,0,3,3,14,,,,,,,1,1,0.75612447,,,,,,,0,0,,,,,7,1,2019_Feb_26_1548,FaceNameBlocked,3.0.0,84.94238201
FacesBlock1.xlsx,Bradley.mp4,Bradley.JPG,Bradley,14,0,0,0,0,,,,,0,0,0,14,,,,,,space,16.50361287,Gavin ,0,"['lshift', 'g', 'a', 'v', 'i', 'n', 'space', 'return']","[3.5885292399998434, 3.812740404000124, 4.189764485000069, 4.659727285999907, 4.989473482999983, 5.224014629000067, 5.988975867000136, 8.69432940500019]",[3.5885,3.5885,2,3.753594879,,,7,1,2019_Feb_26_1548,FaceNameBlocked,3.0.0,84.94238201
FacesBlock4.xlsx,Brandon.mp4,Brandon.JPG,Brandon,56,0,3,3,3,0,1,1,11,,,,,,,1,1,0.473484256,,,,,,,0,0,,,,,7,1,2019_Feb_26_1548,FaceNameBlocked,3.0.0,84.94238201
FacesBlock4.xlsx,Brandon.mp4,Brandon.JPG,Brandon,56,0,3,3,3,,,,,0,12,12,11,,,,,,,,dylan,0,"['d', 'y', 'l', 'a', 'n']","[1.9317269530001795, 2.1060997849999694, 2.8018894540000474, 3.0582911629999217, 3.248759406999852]",[1.9317,1.9317,1,0.378797107,,,7,1,2019_Feb_26_1548,FaceNameBlocked,3.0.0,84.94238201
FacesBlock4.xlsx,Brian.mp4,Brian.JPG,Brian,53,0,3,3,3,0,3,3,8,,,,,,,0,1,1.132037462,,,,,,,0,0,,,,,7,1,2019_Feb_26_1548,FaceNameBlocked,3.0.0,84.94238201
FacesBlock4.xlsx,Brian.mp4,Brian.JPG,Brian,53,0,3,3,3,,,,,0,11,11,8,,,,,,,,brian,1,"['b', 'r', 'i', 'a', 'n']","[1.3197075719999702, 1.4722891750006966, 1.7777274410000246, 2.248440087000745, 2.4368794640004126]",[1.3197,1.3197,4,0.460435157,,,7,1,2019_Feb_26_1548,FaceNameBlocked,3.0.0,84.94238201
FacesBlock4.xlsx,Brianna.mp4,Brianna.JPG,Brianna,48,0,3,3,3,0,11,11,3,,,,,,,1,2,0.673395988,,,,,,,0,0,,,,,7,1,2019_Feb_26_1548,FaceNameBlocked,3.0.0,84.94238201
FacesBlock4.xlsx,Brianna.mp4,Brianna.JPG,Brianna,48,0,3,3,3,,,,,0,10,10,3,,,,,,,,brianna,1,"['b', 'r', 'i', 'a', 'n', 'n', 'a']","[2.4017319140002655, 2.660022551000111, 2.893447765000019, 3.341999649000172, 3.7186449780001567, 3.9295026199997665, 4.0826100459999]",[2.4017,2.4017,3,0.284835306,,,7,1,2019_Feb_26_1548,FaceNameBlocked,3.0.0,84.94238201
FacesBlock2.xlsx,Brittany.mp4,Brittany.JPG,Brittany,28,0,1,1,1,0,5,5,13,,,,,,,1,2,0.509016256,,,,,,,0,0,,,,,7,1,2019_Feb_26_1548,FaceNameBlocked,3.0.0,84.94238201
FacesBlock2.xlsx,Brittany.mp4,Brittany.JPG,Brittany,28,0,1,1,1,,,,,0,0,0,13,,,,,,space,31.39240984,Kelly,0,"['lshift', 'k', 'e', 'l', 'l', 'y']","[3.1650970690002396, 3.4129409629999827, 3.7891387760000725, 4.330507345000115, 4.530786479000199, 4.6953148389998205]",[3.1650,3.1650,1,1.23737766,,,7,1,2019_Feb_26_1548,FaceNameBlocked,3.0.0,84.94238201
FacesBlock4.xlsx,Caleb.mp4,Caleb.JPG,Caleb,59,0,3,3,3,0,5,5,14,,,,,,,0,1,0.708970017,,,,,,,0,0,,,,,7,1,2019_Feb_26_1548,FaceNameBlocked,3.0.0,84.94238201
FacesBlock4.xlsx,Caleb.mp4,Caleb.JPG,Caleb,59,0,3,3,3,,,,,0,3,3,14,,,,,,,,,0,None,,0,0,1,0.755318951,,,7,1,2019_Feb_26_1548,FaceNameBlocked,3.0.0,84.94238201
FacesBlock2.xlsx,Cody.mp4,Cody.JPG,Cody,23,0,1,1,1,0,2,2,8,,,,,,,1,1,0.849680342,,,,,,,0,0,,,,,7,1,2019_Feb_26_1548,FaceNameBlocked,3.0.0,84.94238201
FacesBlock2.xlsx,Cody.mp4,Cody.JPG,Cody,23,0,1,1,1,,,,,0,14,14,8,,,,,,,,Ted,0,"['lshift', 't', 'e', 'd']","[1.5772884829998475, 1.8494815369999742, 2.1531685979998656, 2.4490768169998773]",[1.5772,1.5772,1,0.331674504,,,7,1,2019_Feb_26_1548,FaceNameBlocked,3.0.0,84.94238201
FacesBlock3.xlsx,Courtney.mp4,Courtney.JPG,Courtney,42,0,2,2,2,0,2,2,12,,,,,,,1,2,0.579507189,,,,,,,0,0,,,,,7,1,2019_Feb_26_1548,FaceNameBlocked,3.0.0,84.94238201
FacesBlock3.xlsx,Courtney.mp4,Courtney.JPG,Courtney,42,0,2,2,2,,,,,0,9,9,12,,,,,,,,Megahn,0,"['lshift', 'm', 'e', 'g', 'a', 'backspace', 'a', 'h', 'n']","[2.9406486300003962, 3.5181488569996873, 3.8599735320003674, 4.48300906500026, 6.965150496000206, 8.105311987000277, 9.034811511999578, 9.199312707999525, 9.457708713999637]",[2.9406,2.9406,2,1.037349235,,,7,1,2019_Feb_26_1548,FaceNameBlocked,3.0.0,84.94238201
FacesBlock3.xlsx,Daniel.mp4,Daniel.JPG,Daniel,30,0,2,2,2,0,4,4,0,,,,,,,1,1,0.732485352,,,,,,,0,0,,,,,7,1,2019_Feb_26_1548,FaceNameBlocked,3.0.0,84.94238201
FacesBlock3.xlsx,Daniel.mp4,Daniel.JPG,Daniel,30,0,2,2,2,,,,,0,2,2,0,,,,,,,,Noah,0,"['lshift', 'n', 'o', 'a', 'h']","[5.080988056000024, 5.400541584000166, 5.623431807000088, 6.047217753000041, 6.282317963000423]",[5.0809,5.0809,2,0.896621754,,,7,1,2019_Feb_26_1548,FaceNameBlocked,3.0.0,84.94238201
FacesBlock1.xlsx,Danielle.mp4,Danielle.JPG,Danielle,3,0,0,0,0,0,5,5,3,,,,,,,0,2,0.332354086,,,,,,,0,0,,,,,7,1,2019_Feb_26_1548,FaceNameBlocked,3.0.0,84.94238201
FacesBlock1.xlsx,Danielle.mp4,Danielle.JPG,Danielle,3,0,0,0,0,,,,,0,12,12,3,,,,,,,,Bi,0,"['lshift', 'b', 'i']","[8.703926412999863, 8.952684888000022, 9.799406259999614]",[8.7039,8.7039,1,1.611162665,,,7,1,2019_Feb_26_1548,FaceNameBlocked,3.0.0,84.94238201
FacesBlock2.xlsx,David.mp4,David.JPG,David,16,0,1,1,1,0,3,3,1,,,,,,,0,1,0.60282077,,,,,,,0,0,,,,,7,1,2019_Feb_26_1548,FaceNameBlocked,3.0.0,84.94238201
FacesBlock2.xlsx,David.mp4,David.JPG,David,16,0,1,1,1,,,,,0,1,1,1,,,,,,,,Steve,0,"['lshift', 's', 'e', 'v', 'e', 'n', 'backspace', 'backspace', 'backspace', 'backspace', 't', 'e', 'v', 'e']","[4.6470333110000865, 5.199020590000146, 6.694870326, 6.941911022000113, 7.117873176000103, 7.247188292999908, 7.999820108000222, 8.117074320000029, 8.293844462999914, 8.740232384000137, 9.435386730000118, 9.552771699999994, 9.78754022000021, 9.940454839999802]",[4.6470,4.6470,1,1.366797245,,,7,1,2019_Feb_26_1548,FaceNameBlocked,3.0.0,84.94238201
FacesBlock4.xlsx,Dylan.mp4,Dylan.JPG,Dylan,50,0,3,3,3,0,0,0,5,,,,,,,0,1,1.708047288,,,,,,,0,0,,,,,7,1,2019_Feb_26_1548,FaceNameBlocked,3.0.0,84.94238201
FacesBlock4.xlsx,Dylan.mp4,Dylan.JPG,Dylan,50,0,3,3,3,,,,,0,4,4,5,,,,,,,,,0,None,,0,0,1,0.600201288,,,7,1,2019_Feb_26_1548,FaceNameBlocked,3.0.0,84.94238201
FacesBlock4.xlsx,Emily.mp4,Emily.JPG,Emily,57,0,3,3,3,0,4,4,12,,,,,,,0,2,0.743735147,,,,,,,0,0,,,,,7,1,2019_Feb_26_1548,FaceNameBlocked,3.0.0,84.94238201
FacesBlock4.xlsx,Emily.mp4,Emily.JPG,Emily,57,0,3,3,3,,,,,0,8,8,12,,,,,,,,,0,None,,0,0,1,0.613417122,,,7,1,2019_Feb_26_1548,FaceNameBlocked,3.0.0,84.94238201
FacesBlock1.xlsx,Eric.mp4,Eric.JPG,Eric,0,0,0,0,0,0,0,0,0,,,,,,,1,1,0.555728776,,,,,,,0,0,,,,,7,1,2019_Feb_26_1548,FaceNameBlocked,3.0.0,84.94238201
FacesBlock1.xlsx,Eric.mp4,Eric.JPG,Eric,0,0,0,0,0,,,,,0,4,4,0,,,,,,,,Kyle,0,"['lshift', 'k', 'y', 'l', 'e']","[3.9293651500001943, 4.213388713999848, 4.660234841000147, 4.872013683000205, 5.083775818000049]",[3.9293,3.9293,1,0.449178788,,,7,1,2019_Feb_26_1548,FaceNameBlocked,3.0.0,84.94238201
FacesBlock1.xlsx,Ethan.mp4,Ethan.JPG,Ethan,11,0,0,0,0,0,13,13,11,,,,,,,1,1,0.355558991,,,,,,,0,0,,,,,7,1,2019_Feb_26_1548,FaceNameBlocked,3.0.0,84.94238201
FacesBlock1.xlsx,Ethan.mp4,Ethan.JPG,Ethan,11,0,0,0,0,,,,,0,8,8,11,,,,,,,,Jacob,0,"['lshift', 'j', 'a', 'c', 'o', 'b']","[1.9995828429996436, 2.4362748609996743, 2.8828041279998615, 3.047717943999942, 3.527809308999622, 3.9057189489999473]",[1.9995,1.9995,1,0.470597403,,,7,1,2019_Feb_26_1548,FaceNameBlocked,3.0.0,84.94238201
FacesBlock4.xlsx,Grace.mp4,Grace.JPG,Grace,58,0,3,3,3,0,2,2,13,,,,,,,1,2,0.826137275,,,,,,,0,0,,,,,7,1,2019_Feb_26_1548,FaceNameBlocked,3.0.0,84.94238201
FacesBlock4.xlsx,Grace.mp4,Grace.JPG,Grace,58,0,3,3,3,,,,,0,0,0,13,,,,,,space,6.04805992,Grace,1,"['lshift', 'g', 'r', 'a', 'c', 'e']","[1.188394889999472, 1.3430258459993638, 1.7190782479992777, 1.942833660999895, 2.2484985329992924, 2.460570509999343]",[1.1883,1.1883,4,0.600190619,,,7,1,2019_Feb_26_1548,FaceNameBlocked,3.0.0,84.94238201
FacesBlock2.xlsx,Haley.mp4,Haley.JPG,Haley,20,0,1,1,1,0,11,11,5,,,,,,,0,2,0.532663382,,,,,,,0,0,,,,,7,1,2019_Feb_26_1548,FaceNameBlocked,3.0.0,84.94238201
FacesBlock2.xlsx,Haley.mp4,Haley.JPG,Haley,20,0,1,1,1,,,,,0,6,6,5,,,,,,,,Julia,0,"['lshift', 'j', 'u', 'l', 'i', 'a']","[3.000680200000261, 3.260545353999987, 3.4718853110002783, 4.036932228000296, 4.331171478000215, 4.436746706000122]",[3.0006,3.0006,1,0.861501971,,,7,1,2019_Feb_26_1548,FaceNameBlocked,3.0.0,84.94238201
FacesBlock1.xlsx,Hannah.mp4,Hannah.JPG,Hannah,1,0,0,0,0,0,12,12,1,,,,,,,1,2,0.379420947,,,,,,,0,0,,,,,7,1,2019_Feb_26_1548,FaceNameBlocked,3.0.0,84.94238201
FacesBlock1.xlsx,Hannah.mp4,Hannah.JPG,Hannah,1,0,0,0,0,,,,,0,14,14,1,,,,,,,,Taylor,0,"['lshift', 't', 'a', 'y', 'l', 'o', 'r']","[2.799358586999915, 2.9893322420002733, 3.3776214019999315, 3.6012326109998867, 4.259621038000205, 4.506627779000155, 4.611926255000071]",[2.7993,2.7993,1,0.308257376,,,7,1,2019_Feb_26_1548,FaceNameBlocked,3.0.0,84.94238201
FacesBlock2.xlsx,Heather.mp4,Heather.JPG,Heather,26,0,1,1,1,0,4,4,11,,,,,,,0,2,0.767119804,,,,,,,0,0,,,,,7,1,2019_Feb_26_1548,FaceNameBlocked,3.0.0,84.94238201
FacesBlock2.xlsx,Heather.mp4,Heather.JPG,Heather,26,0,1,1,1,,,,,0,7,7,11,,,,,,,,Ariana,0,"['lshift', 'a', 'r', 'i', 'a', 'n', 'a']","[7.152060839000114, 7.388759714000116, 7.741733543999999, 7.965366544000062, 8.37636158000032, 8.541338971000187, 8.644840638000005]",[7.1520,7.1520,1,0.249588152,,,7,1,2019_Feb_26_1548,FaceNameBlocked,3.0.0,84.94238201
FacesBlock3.xlsx,Jacob.mp4,Jacob.JPG,Jacob,39,0,2,2,2,0,5,5,9,,,,,,,0,1,0.590716618,,,,,,,0,0,,,,,7,1,2019_Feb_26_1548,FaceNameBlocked,3.0.0,84.94238201
FacesBlock3.xlsx,Jacob.mp4,Jacob.JPG,Jacob,39,0,2,2,2,,,,,0,13,13,9,,,,,,,,,0,None,,0,0,1,2.589242315,,,7,1,2019_Feb_26_1548,FaceNameBlocked,3.0.0,84.94238201
FacesBlock4.xlsx,Jason.mp4,Jason.JPG,Jason,49,0,3,3,3,0,6,6,4,,,,,,,1,1,0.614026846,,,,,,,0,0,,,,,7,1,2019_Feb_26_1548,FaceNameBlocked,3.0.0,84.94238201
FacesBlock4.xlsx,Jason.mp4,Jason.JPG,Jason,49,0,3,3,3,,,,,0,9,9,4,,,,,,,,anthony,0,"['a', 'n', 't', 'h', 'o', 'n', 'y']","[3.5065325449995726, 3.7649611839997306, 4.02448461899985, 4.164822855999773, 4.564722716999313, 4.811821272999623, 4.941108995999457]",[3.5065,3.5065,2,0.41211333,,,7,1,2019_Feb_26_1548,FaceNameBlocked,3.0.0,84.94238201
FacesBlock1.xlsx,Jenna.mp4,Jenna.JPG,Jenna,6,0,0,0,0,0,9,9,6,,,,,,,0,2,0.555941277,,,,,,,0,0,,,,,7,1,2019_Feb_26_1548,FaceNameBlocked,3.0.0,84.94238201
FacesBlock1.xlsx,Jenna.mp4,Jenna.JPG,Jenna,6,0,0,0,0,,,,,0,11,11,6,,,,,,,,Stephanie,0,"['lshift', 's', 't', 'e', 'p', 'h', 'a', 'n', 'i', 'e']","[5.9524852999998075, 6.259086473000025, 6.718321678999928, 6.930067812999823, 7.424186719999852, 7.753287259999979, 7.905842578999909, 8.082688230999793, 8.23470772399969, 8.976074799999878]",[5.9524,5.9524,1,0.95490237,,,7,1,2019_Feb_26_1548,FaceNameBlocked,3.0.0,84.94238201
FacesBlock2.xlsx,Jeremy.mp4,Jeremy.JPG,Jeremy,15,0,1,1,1,0,12,12,0,,,,,,,0,1,0.400481361,,,,,,,0,0,,,,,7,1,2019_Feb_26_1548,FaceNameBlocked,3.0.0,84.94238201
FacesBlock2.xlsx,Jeremy.mp4,Jeremy.JPG,Jeremy,15,0,1,1,1,,,,,0,9,9,0,,,,,,,,Deven,0,"['lshift', 'd', 'e', 'v', 'e', 'n']","[3.235210780000216, 3.5901583810000375, 4.4606574499998715, 4.742770651000228, 4.930603608000183, 5.059652888000073]",[3.2352,3.2352,1,0.273067007,,,7,1,2019_Feb_26_1548,FaceNameBlocked,3.0.0,84.94238201
FacesBlock1.xlsx,Jessica.mp4,Jessica.JPG,Jessica,8,0,0,0,0,0,4,4,8,,,,,,,0,2,0.496471161,,,,,,,0,0,,,,,7,1,2019_Feb_26_1548,FaceNameBlocked,3.0.0,84.94238201
FacesBlock1.xlsx,Jessica.mp4,Jessica.JPG,Jessica,8,0,0,0,0,,,,,0,3,3,8,,,,,,,,Jennifer,0,"['lshift', 'j', 'e', 'n', 'n', 'i', 'f', 'e', 'r']","[6.046485037999901, 6.342484779000188, 6.695207069999924, 6.965728431000116, 7.589091423999889, 7.883219052000186, 8.423569051999948, 8.705892714000129, 8.835292244999891]",[6.0464,6.0464,1,1.00149449,,,7,1,2019_Feb_26_1548,FaceNameBlocked,3.0.0,84.94238201
FacesBlock2.xlsx,Josh.mp4,Josh.JPG,Josh,19,0,1,1,1,0,8,8,4,,,,,,,1,1,0.685135727,,,,,,,0,0,,,,,7,1,2019_Feb_26_1548,FaceNameBlocked,3.0.0,84.94238201
FacesBlock2.xlsx,Josh.mp4,Josh.JPG,Josh,19,0,1,1,1,,,,,0,3,3,4,,,,,,,,Justin,0,"['lshift', 'j', 'u', 's', 't', 'i', 'n']","[3.622780459000296, 5.2471669650003605, 5.518299015000139, 5.845605714000158, 6.177061340000364, 6.365255003000129, 6.564448753000306]",[3.6227,3.6227,1,0.308772033,,,7,1,2019_Feb_26_1548,FaceNameBlocked,3.0.0,84.94238201
FacesBlock1.xlsx,Julia.mp4,Julia.JPG,Julia,13,0,0,0,0,0,11,11,13,,,,,,,0,2,0.471111704,,,,,,,0,0,,,,,7,1,2019_Feb_26_1548,FaceNameBlocked,3.0.0,84.94238201
FacesBlock1.xlsx,Julia.mp4,Julia.JPG,Julia,13,0,0,0,0,,,,,0,5,5,13,,,,,,,,Brianna,0,"['lshift', 'b', 'r', 'i', 'a', 'n', 'n', 'a']","[2.423817594999946, 3.3547018740000567, 3.8474848920000113, 5.506512638999993, 5.84774057300001, 6.200597629000185, 6.388554598000155, 6.482419421000031]",[2.4238,2.4238,1,0.296461444,,,7,1,2019_Feb_26_1548,FaceNameBlocked,3.0.0,84.94238201
FacesBlock2.xlsx,Justin.mp4,Justin.JPG,Justin,27,0,1,1,1,0,7,7,12,,,,,,,1,1,0.991044053,,,,,,,0,0,,,,,7,1,2019_Feb_26_1548,FaceNameBlocked,3.0.0,84.94238201
FacesBlock2.xlsx,Justin.mp4,Justin.JPG,Justin,27,0,1,1,1,,,,,0,12,12,12,,,,,,,,Jeff,0,"['lshift', 'j', 'e', 'f', 'f']","[3.563727657999607, 3.742103969999789, 3.9889325269996334, 4.565176720999716, 4.765087370999936]",[3.5637,3.5637,1,0.284379476,,,7,1,2019_Feb_26_1548,FaceNameBlocked,3.0.0,84.94238201
FacesBlock4.xlsx,Katie.mp4,Katie.JPG,Katie,54,0,3,3,3,0,7,7,9,,,,,,,1,2,0.485375332,,,,,,,0,0,,,,,7,1,2019_Feb_26_1548,FaceNameBlocked,3.0.0,84.94238201
FacesBlock4.xlsx,Katie.mp4,Katie.JPG,Katie,54,0,3,3,3,,,,,0,2,2,9,,,,,,,,Katie,1,"['lshift', 'k', 'a', 't', 'i', 'e']","[1.0241057789999104, 1.3194722789994557, 1.73102284199922, 2.1192488849992515, 2.352497568999752, 2.5524366589997953]",[1.0241,1.0241,4,0.613373137,,,7,1,2019_Feb_26_1548,FaceNameBlocked,3.0.0,84.94238201
FacesBlock3.xlsx,Kayla.mp4,Kayla.JPG,Kayla,34,0,2,2,2,0,10,10,4,,,,,,,0,2,0.42410524,,,,,,,0,0,,,,,7,1,2019_Feb_26_1548,FaceNameBlocked,3.0.0,84.94238201
FacesBlock3.xlsx,Kayla.mp4,Kayla.JPG,Kayla,34,0,2,2,2,,,,,0,10,10,4,,,,,,,,Kayla,1,"['lshift', 'k', 'a', 'y', 'l', 'a']","[2.153896378999889, 2.5790001750001466, 2.955199906999951, 3.284296982000342, 4.589331418000256, 4.683983683999941]",[2.1538,2.1538,3,1.554561163,,,7,1,2019_Feb_26_1548,FaceNameBlocked,3.0.0,84.94238201
FacesBlock1.xlsx,Kelsey.mp4,Kelsey.JPG,Kelsey,12,0,0,0,0,0,10,10,12,,,,,,,1,2,0.449947871,,,,,,,0,0,,,,,7,1,2019_Feb_26_1548,FaceNameBlocked,3.0.0,84.94238201
FacesBlock1.xlsx,Kelsey.mp4,Kelsey.JPG,Kelsey,12,0,0,0,0,,,,,0,7,7,12,,,,,,,,Kayla,0,"['lshift', 'lshift', 'k', 'a', 'y', 'l', 'a']","[2.764220190999822, 2.9871331939998527, 3.2134610759999305, 3.436677941999733, 3.777905661999739, 4.23648429900004, 4.377746763999767]",[2.7642,2.7642,1,0.437247582,,,7,1,2019_Feb_26_1548,FaceNameBlocked,3.0.0,84.94238201
FacesBlock3.xlsx,Kevin.mp4,Kevin.JPG,Kevin,41,0,2,2,2,0,3,3,11,,,,,,,0,1,0.76765679,,,,,,,0,0,,,,,7,1,2019_Feb_26_1548,FaceNameBlocked,3.0.0,84.94238201
FacesBlock3.xlsx,Kevin.mp4,Kevin.JPG,Kevin,41,0,2,2,2,,,,,0,5,5,11,,,,,,,,Kevin,1,"['lshift', 'k', 'e', 'v', 'i', 'n']","[1.6232092959999136, 2.0483713789999456, 2.44836155899975, 2.80118957600007, 3.0130399780000516, 3.282600010999886]",[1.6232,1.6232,4,1.224994026,,,7,1,2019_Feb_26_1548,FaceNameBlocked,3.0.0,84.94238201
FacesBlock1.xlsx,Kyle.mp4,Kyle.JPG,Kyle,4,0,0,0,0,0,1,1,4,,,,,,,0,1,0.673598368,,,,,,,0,0,,,,,7,1,2019_Feb_26_1548,FaceNameBlocked,3.0.0,84.94238201
FacesBlock1.xlsx,Kyle.mp4,Kyle.JPG,Kyle,4,0,0,0,0,,,,,0,13,13,4,,,,,,,,Jim,0,"['lshift', 'j', 'i', 'm']","[7.234087257999818, 7.399886600999707, 7.62386272599997, 7.84768770699975]",[7.2340,7.2340,1,0.366680017,,,7,1,2019_Feb_26_1548,FaceNameBlocked,3.0.0,84.94238201
FacesBlock3.xlsx,Lauren.mp4,Lauren.JPG,Lauren,38,0,2,2,2,0,9,9,8,,,,,,,1,2,0.884352805,,,,,,,0,0,,,,,7,1,2019_Feb_26_1548,FaceNameBlocked,3.0.0,84.94238201
FacesBlock3.xlsx,Lauren.mp4,Lauren.JPG,Lauren,38,0,2,2,2,,,,,0,4,4,8,,,,,,,,,0,None,,0,0,1,2.237410533,,,7,1,2019_Feb_26_1548,FaceNameBlocked,3.0.0,84.94238201
FacesBlock3.xlsx,Mark.mp4,Mark.JPG,Mark,40,0,2,2,2,0,12,12,10,,,,,,,0,1,0.332406641,,,,,,,0,0,,,,,7,1,2019_Feb_26_1548,FaceNameBlocked,3.0.0,84.94238201
FacesBlock3.xlsx,Mark.mp4,Mark.JPG,Mark,40,0,2,2,2,,,,,0,6,6,10,,,,,,,,Mark,1,"['lshift', 'm', 'a', 'r', 'k']","[2.2702306399996814, 2.5199452369997744, 2.8020728210003654, 3.143141472000025, 3.3188447579996136]",[2.2702,2.2702,2,0.225775358,,,7,1,2019_Feb_26_1548,FaceNameBlocked,3.0.0,84.94238201
FacesBlock1.xlsx,Matthew.mp4,Matthew.JPG,Matthew,9,0,0,0,0,0,7,7,9,,,,,,,1,1,1.9915674,,,,,,,0,0,,,,,7,1,2019_Feb_26_1548,FaceNameBlocked,3.0.0,84.94238201
FacesBlock1.xlsx,Matthew.mp4,Matthew.JPG,Matthew,9,0,0,0,0,,,,,0,6,6,9,,,,,,,,Matthew,1,"['lshift', 'm', 'a', 't', 't', 'h', 'e', 'r', 'backspace', 'w']","[2.693226761999995, 3.235801789999641, 3.600243742999737, 4.012625129999833, 5.070531014999688, 5.2707990389999395, 5.421191905999876, 5.5175488749996475, 6.4929932609998104, 6.821269601999575]",[2.6932,2.6932,1,1.41290758,,,7,1,2019_Feb_26_1548,FaceNameBlocked,3.0.0,84.94238201
FacesBlock2.xlsx,Megan.mp4,Megan.JPG,Megan,25,0,1,1,1,0,14,14,10,,,,,,,0,2,0.579395185,,,,,,,0,0,,,,,7,1,2019_Feb_26_1548,FaceNameBlocked,3.0.0,84.94238201
FacesBlock2.xlsx,Megan.mp4,Megan.JPG,Megan,25,0,1,1,1,,,,,0,10,10,10,,,,,,,,Melissa,0,"['lshift', 'm', 'e', 'l', 'i', 's', 's', 'a']","[1.3414334049998615, 1.5189063650000207, 1.8370047899998099, 2.0134792240000934, 2.260260616999858, 2.5074032510001416, 2.6837879439999597, 2.883740314000079]",[1.3414,1.3414,1,0.437686789,,,7,1,2019_Feb_26_1548,FaceNameBlocked,3.0.0,84.94238201
FacesBlock4.xlsx,Michael.mp4,Michael.JPG,Michael,46,0,3,3,3,0,14,14,1,,,,,,,0,1,0.43765821,,,,,,,0,0,,,,,7,1,2019_Feb_26_1548,FaceNameBlocked,3.0.0,84.94238201
FacesBlock4.xlsx,Michael.mp4,Michael.JPG,Michael,46,0,3,3,3,,,,,0,14,14,1,,,,,,,,,0,"['1', 'backspace']","[7.341572817000269, 8.434781107000163]",[7.3415,7.3415,1,0.307795613,,,7,1,2019_Feb_26_1548,FaceNameBlocked,3.0.0,84.94238201
FacesBlock4.xlsx,Michelle.mp4,Michelle.JPG,Michelle,52,0,3,3,3,0,10,10,7,,,,,,,1,2,0.450095904,,,,,,,0,0,,,,,7,1,2019_Feb_26_1548,FaceNameBlocked,3.0.0,84.94238201
FacesBlock4.xlsx,Michelle.mp4,Michelle.JPG,Michelle,52,0,3,3,3,,,,,0,7,7,7,,,,,,,,michelle,1,"['m', 'i', 'c', 'h', 'e', 'l', 'l', 'e']","[2.15460147199974, 2.401561687999674, 2.636848029000248, 2.9076563239996176, 3.30712096499974, 3.6242279150001195, 3.7542005220002466, 3.859974997999416]",[2.1546,2.1546,2,0.23732767,,,7,1,2019_Feb_26_1548,FaceNameBlocked,3.0.0,84.94238201
FacesBlock1.xlsx,Natalie.mp4,Natalie.JPG,Natalie,7,0,0,0,0,0,14,14,7,,,,,,,0,2,0.485214222,,,,,,,0,0,,,,,7,1,2019_Feb_26_1548,FaceNameBlocked,3.0.0,84.94238201
FacesBlock1.xlsx,Natalie.mp4,Natalie.JPG,Natalie,7,0,0,0,0,,,,,0,2,2,7,,,,,,,,Amanda,0,"['lshift', 'k', 'backspace', 'lshift', 'a', 'm', 'a', 'n', 'd', 'a']","[5.18785901199999, 5.682677438000155, 6.575942671000121, 6.763820078000208, 6.9062437350003165, 7.212034722000226, 7.353345633000117, 7.5532899310001085, 7.718065380000098, 7.870217131000118]",[5.1878,5.1878,2,0.331187184,,,7,1,2019_Feb_26_1548,FaceNameBlocked,3.0.0,84.94238201
FacesBlock3.xlsx,Nathan.mp4,Nathan.JPG,Nathan,37,0,2,2,2,0,13,13,7,,,,,,,1,1,0.391371588,,,,,,,0,0,,,,,7,1,2019_Feb_26_1548,FaceNameBlocked,3.0.0,84.94238201
FacesBlock3.xlsx,Nathan.mp4,Nathan.JPG,Nathan,37,0,2,2,2,,,,,0,7,7,7,,,,,,,,Nathan,1,"['lshift', 'n', 'a', 't', 'h', 'a', 'n']","[1.329728581999916, 1.8132958319993122, 2.16642942999988, 2.5428865459998633, 2.707434027999625, 2.977738056999442, 3.1425536659999125]",[1.3297,1.3297,4,1.14065765,,,7,1,2019_Feb_26_1548,FaceNameBlocked,3.0.0,84.94238201
FacesBlock3.xlsx,Nicole.mp4,Nicole.JPG,Nicole,43,0,2,2,2,0,6,6,13,,,,,,,0,2,1.261858897,,,,,,,0,0,,,,,7,1,2019_Feb_26_1548,FaceNameBlocked,3.0.0,84.94238201
FacesBlock3.xlsx,Nicole.mp4,Nicole.JPG,Nicole,43,0,2,2,2,,,,,0,0,0,13,,,,,,space,7.176799194,,0,None,,0,0,1,2.283853082,,,7,1,2019_Feb_26_1548,FaceNameBlocked,3.0.0,84.94238201
FacesBlock3.xlsx,Noah.mp4,Noah.JPG,Noah,31,0,2,2,2,0,14,14,1,,,,,,,1,1,0.344335278,,,,,,,0,0,,,,,7,1,2019_Feb_26_1548,FaceNameBlocked,3.0.0,84.94238201
FacesBlock3.xlsx,Noah.mp4,Noah.JPG,Noah,31,0,2,2,2,,,,,0,11,11,1,,,,,,,,,0,None,,0,0,1,1.942535121,,,7,1,2019_Feb_26_1548,FaceNameBlocked,3.0.0,84.94238201
FacesBlock3.xlsx,Olivia.mp4,Olivia.JPG,Olivia,35,0,2,2,2,0,8,8,5,,,,,,,1,2,0.552990634,,,,,,,0,0,,,,,7,1,2019_Feb_26_1548,FaceNameBlocked,3.0.0,84.94238201
FacesBlock3.xlsx,Olivia.mp4,Olivia.JPG,Olivia,35,0,2,2,2,,,,,0,14,14,5,,,,,,,,,0,None,,0,0,1,1.24875497,,,7,1,2019_Feb_26_1548,FaceNameBlocked,3.0.0,84.94238201
FacesBlock2.xlsx,Rachel.mp4,Rachel.JPG,Rachel,29,0,1,1,1,0,0,0,14,,,,,,,1,2,1.696513983,,,,,,,0,0,,,,,7,1,2019_Feb_26_1548,FaceNameBlocked,3.0.0,84.94238201
FacesBlock2.xlsx,Rachel.mp4,Rachel.JPG,Rachel,29,0,1,1,1,,,,,0,8,8,14,,,,,,,,Rachel,1,"['lshift', 'r', 'a', 'c', 'h', 'e', 'l']","[1.0247591580000517, 1.3671844390000842, 1.6142387049999343, 1.9548416099996757, 2.130998929999805, 2.684270367999943, 2.907989194000038]",[1.0247,1.0247,2,0.541154933,,,7,1,2019_Feb_26_1548,FaceNameBlocked,3.0.0,84.94238201
FacesBlock3.xlsx,Rebecca.mp4,Rebecca.JPG,Rebecca,32,0,2,2,2,0,7,7,2,,,,,,,0,2,0.285259583,,,,,,,0,0,,,,,7,1,2019_Feb_26_1548,FaceNameBlocked,3.0.0,84.94238201
FacesBlock3.xlsx,Rebecca.mp4,Rebecca.JPG,Rebecca,32,0,2,2,2,,,,,0,3,3,2,,,,,,,,Rebecca,1,"['lshift', 'r', 'e', 'b', 'e', 'c', 'c', 'a']","[4.4465052649993595, 4.659186055999271, 4.965410232999602, 5.200825177999832, 5.32797872699939, 5.588433932999578, 5.752803398999276, 5.953060142999675]",[4.4465,4.4465,2,0.282446344,,,7,1,2019_Feb_26_1548,FaceNameBlocked,3.0.0,84.94238201
FacesBlock3.xlsx,Sarah.mp4,Sarah.JPG,Sarah,33,0,2,2,2,0,1,1,3,,,,,,,0,2,0.555606293,,,,,,,0,0,,,,,7,1,2019_Feb_26_1548,FaceNameBlocked,3.0.0,84.94238201
FacesBlock3.xlsx,Sarah.mp4,Sarah.JPG,Sarah,33,0,2,2,2,,,,,0,8,8,3,,,,,,,,Sarah,1,"['lshift', 's', 'a', 'r', 'a', 'h']","[1.0361589440008174, 1.2614399410003898, 1.5435478450008304, 1.7903189349999593, 2.1425603330008016, 2.354315604000476]",[1.0361,1.0361,4,0.684548015,,,7,1,2019_Feb_26_1548,FaceNameBlocked,3.0.0,84.94238201
FacesBlock3.xlsx,Shelby.mp4,Shelby.JPG,Shelby,36,0,2,2,2,0,11,11,6,,,,,,,1,2,0.320970651,,,,,,,0,0,,,,,7,1,2019_Feb_26_1548,FaceNameBlocked,3.0.0,84.94238201
FacesBlock3.xlsx,Shelby.mp4,Shelby.JPG,Shelby,36,0,2,2,2,,,,,0,1,1,6,,,,,,,,Shelby,1,"['lshift', 's', 'h', 'e', 'l', 'b', 'y']","[1.576306336000016, 1.8610511789993325, 2.0230688639994696, 2.2368642669998735, 2.5662601109997922, 2.9306989139995494, 3.2016265769998427]",[1.5763,1.5763,4,0.507325342,,,7,1,2019_Feb_26_1548,FaceNameBlocked,3.0.0,84.94238201
FacesBlock2.xlsx,Steven.mp4,Steven.JPG,Steven,17,0,1,1,1,0,6,6,2,,,,,,,1,1,0.473597317,,,,,,,0,0,,,,,7,1,2019_Feb_26_1548,FaceNameBlocked,3.0.0,84.94238201
FacesBlock2.xlsx,Steven.mp4,Steven.JPG,Steven,17,0,1,1,1,,,,,0,2,2,2,,,,,,,,Tyler,0,"['lshift', 't', 'y', 'l', 'e', 'r']","[2.7411936459998287, 2.9426054349996775, 3.2485844469997573, 3.871386541999982, 3.9900992279999627, 4.095215284999995]",[2.7411,2.7411,2,0.272193485,,,7,1,2019_Feb_26_1548,FaceNameBlocked,3.0.0,84.94238201
FacesBlock4.xlsx,Taylor.mp4,Taylor.JPG,Taylor,45,0,3,3,3,0,8,8,0,,,,,,,0,2,0.415069368,,,,,,,0,0,,,,,7,1,2019_Feb_26_1548,FaceNameBlocked,3.0.0,84.94238201
FacesBlock4.xlsx,Taylor.mp4,Taylor.JPG,Taylor,45,0,3,3,3,,,,,0,1,1,0,,,,,,,,Taylor,1,"['lshift', 't', 'a', 'y', 'l', 'o', 'r']","[2.139922129000297, 2.4591853629999605, 2.7415227769997728, 2.8925825010001063, 3.412357377000262, 3.6233598010003334, 3.764629014000093]",[2.1399,2.1399,3,0.308464755,,,7,1,2019_Feb_26_1548,FaceNameBlocked,3.0.0,84.94238201
FacesBlock3.xlsx,Thomas.mp4,Thomas.JPG,Thomas,44,0,2,2,2,0,0,0,14,,,,,,,1,1,1.473286794,,,,,,,0,0,,,,,7,1,2019_Feb_26_1548,FaceNameBlocked,3.0.0,84.94238201
FacesBlock3.xlsx,Thomas.mp4,Thomas.JPG,Thomas,44,0,2,2,2,,,,,0,12,12,14,,,,,,,,,0,None,,0,0,1,1.072846688,,,7,1,2019_Feb_26_1548,FaceNameBlocked,3.0.0,84.94238201
FacesBlock1.xlsx,Timothy.mp4,Timothy.JPG,Timothy,10,0,0,0,0,0,2,2,10,,,,,,,0,1,0.520071239,,,,,,,0,0,,,,,7,1,2019_Feb_26_1548,FaceNameBlocked,3.0.0,84.94238201
FacesBlock1.xlsx,Timothy.mp4,Timothy.JPG,Timothy,10,0,0,0,0,,,,,0,1,1,10,,,,,,,,Timothy ,1,"['lshift', 't', 'i', 'm', 'o', 't', 'h', 'y', 'space', 'return']","[2.5052703060000567, 2.9535287849998895, 3.1653904169997986, 3.4009715910001432, 4.553592855999796, 5.2587202019999495, 5.482482961000187, 5.753625132999787, 6.376521538999896, 6.858158718000141]",[2.5052,2.5052,2,0.58830368,,,7,1,2019_Feb_26_1548,FaceNameBlocked,3.0.0,84.94238201
FacesBlock2.xlsx,Trevor.mp4,Trevor.JPG,Trevor,21,0,1,1,1,0,9,9,6,,,,,,,0,1,0.473040964,,,,,,,0,0,,,,,7,1,2019_Feb_26_1548,FaceNameBlocked,3.0.0,84.94238201
FacesBlock2.xlsx,Trevor.mp4,Trevor.JPG,Trevor,21,0,1,1,1,,,,,0,13,13,6,,,,,,,,Mar,0,"['lshift', 'lshift', 'm', 'a', 'r']","[6.140726223999991, 7.222357647000081, 8.84740545600016, 9.258995813000183, 9.82334833899995]",[6.1407,6.1407,1,1.225061041,,,7,1,2019_Feb_26_1548,FaceNameBlocked,3.0.0,84.94238201
FacesBlock2.xlsx,Tyler.mp4,Tyler.JPG,Tyler,22,0,1,1,1,0,1,1,7,,,,,,,1,1,0.425545768,,,,,,,0,0,,,,,7,1,2019_Feb_26_1548,FaceNameBlocked,3.0.0,84.94238201
FacesBlock2.xlsx,Tyler.mp4,Tyler.JPG,Tyler,22,0,1,1,1,,,,,0,4,4,7,,,,,,,,Brandon,0,"['lshift', 'b', 'r', 'a', 'n', 'd', 'o', 'n']","[3.140733763999833, 3.482971468999949, 3.9304280199999084, 4.317727230999935, 4.765091715999915, 5.083216673000152, 5.295192812000096, 5.516241886999978]",[3.1407,3.1407,1,0.142748526,,,7,1,2019_Feb_26_1548,FaceNameBlocked,3.0.0,84.94238201
,,,,,,,,,,,,,,,,,space,162.699348,,,,,,,,,,,,,,,,7,1,2019_Feb_26_1548,FaceNameBlocked,3.0.0,84.94238201
,,,,,,,,,,,,,,,,,,,,,,,,,,,,,,,,space,1.460509016,7,1,2019_Feb_26_1548,FaceNameBlocked,3.0.0,84.94238201