condsFile,Video,Photo,Name,Row,blocks.thisRepN,blocks.thisTrialN,blocks.thisN,blocks.thisIndex,presentations.thisRepN,presentations.thisTrialN,presentations.thisN,presentations.thisIndex,testing.thisRepN,testing.thisTrialN,testing.thisN,testing.thisIndex,advance_1.keys,advance_1.rt,currentCond,judgementResp.keys,judgementResp.rt,advance_2.keys,advance_2.rt,CorrectResponses,inputText,Accuracy,key_resp_3.keys,key_resp_3.rt,trim1,key_resp3_fin,rating_resp.keys,rating_resp.rt,end_key.keys,end_key.rt,participant,session,date,expName,psychopyVersion,frameRate
FacesBlock2.xlsx,Aaron.mp4,Aaron.JPG,Aaron,18,0,1,1,1,0,3,3,3,,,,,,,0,1,1.085084278,,,,,,,,0,0,,,,,1,1,2019_Feb_12_1513,FaceNameBlocked,3.0.0,85.03120529
FacesBlock2.xlsx,Aaron.mp4,Aaron.JPG,Aaron,18,0,1,1,1,,,,,0,3,3,3,,,,,,,,1,erin,0,"['e', 'r', 'i', 'n']","[6.706074656918645, 6.929800812969916, 7.257062755990773, 7.399568969965912]",[6.7060,6.706,1,0.790249693,,,1,1,2019_Feb_12_1513,FaceNameBlocked,3.0.0,85.03120529
FacesBlock1.xlsx,Adam.mp4,Adam.JPG,Adam,5,0,0,0,0,0,9,9,5,,,,,,,1,1,0.403338489,,,,,,,,0,0,,,,,1,1,2019_Feb_12_1513,FaceNameBlocked,3.0.0,85.03120529
FacesBlock1.xlsx,Adam.mp4,Adam.JPG,Adam,5,0,0,0,0,,,,,0,13,13,5,,,,,,,,0,,0,None,,0,0,1,1.931422043,,,1,1,2019_Feb_12_1513,FaceNameBlocked,3.0.0,85.03120529
FacesBlock4.xlsx,Alyssa.mp4,Alyssa.JPG,Alyssa,55,0,3,3,3,0,7,7,10,,,,,,,1,2,0.73286537,,,,,,,,0,0,,,,,1,1,2019_Feb_12_1513,FaceNameBlocked,3.0.0,85.03120529
FacesBlock4.xlsx,Alyssa.mp4,Alyssa.JPG,Alyssa,55,0,3,3,3,,,,,0,11,11,10,,,,,,,,0,na,0,"['n', 'a']","[8.505928084952757, 9.222956712939776]",[8.5059,8.5059,1,0.884563749,,,1,1,2019_Feb_12_1513,FaceNameBlocked,3.0.0,85.03120529
FacesBlock1.xlsx,Amanda.mp4,Amanda.JPG,Amanda,2,0,0,0,0,0,0,0,2,,,,,,,1,2,1.484504939,,,,,,,,0,0,,,,,1,1,2019_Feb_12_1513,FaceNameBlocked,3.0.0,85.03120529
FacesBlock1.xlsx,Amanda.mp4,Amanda.JPG,Amanda,2,0,0,0,0,,,,,0,7,7,2,,,,,,,,0,,0,None,,0,0,1,1.8255669,,,1,1,2019_Feb_12_1513,FaceNameBlocked,3.0.0,85.03120529
FacesBlock4.xlsx,Andrew.mp4,Andrew.JPG,Andrew,51,0,3,3,3,0,10,10,6,,,,,,,1,1,0.497366652,,,,,,,,0,0,,,,,1,1,2019_Feb_12_1513,FaceNameBlocked,3.0.0,85.03120529
FacesBlock4.xlsx,Andrew.mp4,Andrew.JPG,Andrew,51,0,3,3,3,,,,,0,9,9,6,,,,,,,,0,josh,0,"['j', 'o', 's', 'h']","[3.9661216189851984, 4.093762924079783, 4.2598493420518935, 4.400604467024095]",[3.9661,3.9661,1,0.824847846,,,1,1,2019_Feb_12_1513,FaceNameBlocked,3.0.0,85.03120529
FacesBlock4.xlsx,Anna.mp4,Anna.JPG,Anna,47,0,3,3,3,0,12,12,2,,,,,,,0,2,0.811426369,,,,,,,,0,0,,,,,1,1,2019_Feb_12_1513,FaceNameBlocked,3.0.0,85.03120529
FacesBlock4.xlsx,Anna.mp4,Anna.JPG,Anna,47,0,3,3,3,,,,,0,5,5,2,,,,,,,,1,ana,1,"['a', 'n', 'a']","[3.4838743429863825, 3.6602043280145153, 3.789743750006892]",[3.4838,3.4838,1,1.16635777,,,1,1,2019_Feb_12_1513,FaceNameBlocked,3.0.0,85.03120529
FacesBlock2.xlsx,Ashley.mp4,Ashley.JPG,Ashley,24,0,1,1,1,0,14,14,9,,,,,,,1,2,0.567528699,,,,,,,,0,0,,,,,1,1,2019_Feb_12_1513,FaceNameBlocked,3.0.0,85.03120529
FacesBlock2.xlsx,Ashley.mp4,Ashley.JPG,Ashley,24,0,1,1,1,,,,,0,4,4,9,,,,,,,,0,stephanie,0,"['s', 't', 'e', 'p', 'a', 'backspace', 'h', 'a', 'n', 'i', 'e']","[5.2232935059582815, 5.422245891066268, 5.599323956063017, 6.104423008975573, 6.739883720991202, 7.315398241975345, 8.022196292993613, 8.175348757067695, 8.398921156069264, 8.540148464031518, 8.727729919017293]",[5.2232,5.2232,1,0.790289204,,,1,1,2019_Feb_12_1513,FaceNameBlocked,3.0.0,85.03120529
FacesBlock1.xlsx,Bradley.mp4,Bradley.JPG,Bradley,14,0,0,0,0,0,1,1,14,,,,,,,0,1,0.803031502,,,,,,,,0,0,,,,,1,1,2019_Feb_12_1513,FaceNameBlocked,3.0.0,85.03120529
FacesBlock1.xlsx,Bradley.mp4,Bradley.JPG,Bradley,14,0,0,0,0,,,,,0,9,9,14,,,,,,,,0,,0,None,,0,0,1,1.97833502,,,1,1,2019_Feb_12_1513,FaceNameBlocked,3.0.0,85.03120529
FacesBlock4.xlsx,Brandon.mp4,Brandon.JPG,Brandon,56,0,3,3,3,0,14,14,11,,,,,,,0,1,1.437908084,,,,,,,,0,0,,,,,1,1,2019_Feb_12_1513,FaceNameBlocked,3.0.0,85.03120529
FacesBlock4.xlsx,Brandon.mp4,Brandon.JPG,Brandon,56,0,3,3,3,,,,,0,8,8,11,,,,,,,,1,brandon,1,"['b', 'r', 'a', 'n', 'd', 'o', 'n']","[3.380254411022179, 3.7191102540818974, 3.90694091306068, 4.213118723011576, 4.40073197404854, 4.707099521998316, 4.893260639044456]",[3.3802,3.3802,1,0.519847432,,,1,1,2019_Feb_12_1513,FaceNameBlocked,3.0.0,85.03120529
FacesBlock4.xlsx,Brian.mp4,Brian.JPG,Brian,53,0,3,3,3,0,11,11,8,,,,,,,0,1,0.544516844,,,,,,,,0,0,,,,,1,1,2019_Feb_12_1513,FaceNameBlocked,3.0.0,85.03120529
FacesBlock4.xlsx,Brian.mp4,Brian.JPG,Brian,53,0,3,3,3,,,,,0,12,12,8,,,,,,,,0, ,0,['space'],[5.742486992967315],[5.7424,5.7424,1,1.048985446,,,1,1,2019_Feb_12_1513,FaceNameBlocked,3.0.0,85.03120529
FacesBlock4.xlsx,Brianna.mp4,Brianna.JPG,Brianna,48,0,3,3,3,0,5,5,3,,,,,,,0,2,1.873322743,,,,,,,,0,0,,,,,1,1,2019_Feb_12_1513,FaceNameBlocked,3.0.0,85.03120529
FacesBlock4.xlsx,Brianna.mp4,Brianna.JPG,Brianna,48,0,3,3,3,,,,,0,13,13,3,,,,,,,,1,brianna,1,"['b', 'r', 'i', 'a', 'n', 'n', 'a']","[1.8017149480292574, 2.0488790310919285, 2.2934726800303906, 2.51906261802651, 2.718990719062276, 2.906469575013034, 3.23618098301813]",[1.8017,1.8017,1,1.048912968,,,1,1,2019_Feb_12_1513,FaceNameBlocked,3.0.0,85.03120529
FacesBlock2.xlsx,Brittany.mp4,Brittany.JPG,Brittany,28,0,1,1,1,0,8,8,13,,,,,,,0,2,0.967802242,,,,,,,,0,0,,,,,1,1,2019_Feb_12_1513,FaceNameBlocked,3.0.0,85.03120529
FacesBlock2.xlsx,Brittany.mp4,Brittany.JPG,Brittany,28,0,1,1,1,,,,,0,2,2,13,,,,,,,,1,brittany,1,"['b', 'r', 'i', 't', 't', 'a', 'm', 'backspace', 'n', 'y']","[2.5546663040295243, 3.0842280910583213, 3.2134126820601523, 3.5545487210620195, 3.70744728599675, 3.860089728026651, 4.436134205083363, 5.317212296067737, 5.753691832069308, 6.083035193034448]",[2.5546,2.5546,2,0.802316067,,,1,1,2019_Feb_12_1513,FaceNameBlocked,3.0.0,85.03120529
FacesBlock4.xlsx,Caleb.mp4,Caleb.JPG,Caleb,59,0,3,3,3,0,9,9,14,,,,,,,1,1,0.825751269,,,,,,,,0,0,,,,,1,1,2019_Feb_12_1513,FaceNameBlocked,3.0.0,85.03120529
FacesBlock4.xlsx,Caleb.mp4,Caleb.JPG,Caleb,59,0,3,3,3,,,,,0,2,2,14,,,,,,,,1,caleb,1,"['c', 'a', 'l', 'e', 'b']","[4.283146778005175, 4.412886137957685, 4.812711028964259, 5.083414961933158, 5.342186902998947]",[4.2831,4.2831,1,0.484799687,,,1,1,2019_Feb_12_1513,FaceNameBlocked,3.0.0,85.03120529
FacesBlock2.xlsx,Cody.mp4,Cody.JPG,Cody,23,0,1,1,1,0,6,6,8,,,,,,,1,1,0.944230887,,,,,,,,0,0,,,,,1,1,2019_Feb_12_1513,FaceNameBlocked,3.0.0,85.03120529
FacesBlock2.xlsx,Cody.mp4,Cody.JPG,Cody,23,0,1,1,1,,,,,0,11,11,8,,,,,,,,0, ,0,['space'],[2.155159380985424],[2.1551,2.1551,1,0.684927369,,,1,1,2019_Feb_12_1513,FaceNameBlocked,3.0.0,85.03120529
FacesBlock3.xlsx,Courtney.mp4,Courtney.JPG,Courtney,42,0,2,2,2,0,0,0,12,,,,,,,1,2,1.943693716,,,,,,,,0,0,,,,,1,1,2019_Feb_12_1513,FaceNameBlocked,3.0.0,85.03120529
FacesBlock3.xlsx,Courtney.mp4,Courtney.JPG,Courtney,42,0,2,2,2,,,,,0,11,11,12,,,,,,,,0,stephanie,0,"['s', 't', 'e', 'p', 'h', 'a', 'n', 'i', 'e']","[3.836088528041728, 4.012901748996228, 4.163667086977512, 4.601026889053173, 4.953005693969317, 5.08247514301911, 5.259366865968332, 5.377061825012788, 5.539563918020576]",[3.8360,3.836,1,0.390822312,,,1,1,2019_Feb_12_1513,FaceNameBlocked,3.0.0,85.03120529
FacesBlock3.xlsx,Daniel.mp4,Daniel.JPG,Daniel,30,0,2,2,2,0,8,8,0,,,,,,,0,1,0.896630897,,,,,,,,0,0,,,,,1,1,2019_Feb_12_1513,FaceNameBlocked,3.0.0,85.03120529
FacesBlock3.xlsx,Daniel.mp4,Daniel.JPG,Daniel,30,0,2,2,2,,,,,0,4,4,0,,,,,,,,0,steve,0,"['s', 't', 'e', 'v', 'e']","[3.8488032919121906, 3.989876513951458, 4.272087828954682, 4.412762612919323, 4.530402216943912]",[3.8488,3.8488,1,0.46089618,,,1,1,2019_Feb_12_1513,FaceNameBlocked,3.0.0,85.03120529
FacesBlock1.xlsx,Danielle.mp4,Danielle.JPG,Danielle,3,0,0,0,0,0,11,11,3,,,,,,,1,2,0.720838329,,,,,,,,0,0,,,,,1,1,2019_Feb_12_1513,FaceNameBlocked,3.0.0,85.03120529
FacesBlock1.xlsx,Danielle.mp4,Danielle.JPG,Danielle,3,0,0,0,0,,,,,0,10,10,3,,,,,,,,0,,0,None,,0,0,1,1.202017408,,,1,1,2019_Feb_12_1513,FaceNameBlocked,3.0.0,85.03120529
FacesBlock2.xlsx,David.mp4,David.JPG,David,16,0,1,1,1,0,7,7,1,,,,,,,0,1,0.743662447,,,,,,,,0,0,,,,,1,1,2019_Feb_12_1513,FaceNameBlocked,3.0.0,85.03120529
FacesBlock2.xlsx,David.mp4,David.JPG,David,16,0,1,1,1,,,,,0,0,0,1,,,,,,space,8.835099102,0,josh,0,"['j', 'o', 's', 'h']","[3.365780503023416, 3.495290724094957, 3.895356422988698, 4.0358294730540365]",[3.3657,3.3657,1,0.42585751,,,1,1,2019_Feb_12_1513,FaceNameBlocked,3.0.0,85.03120529
FacesBlock4.xlsx,Dylan.mp4,Dylan.JPG,Dylan,50,0,3,3,3,0,8,8,5,,,,,,,1,1,1.188226673,,,,,,,,0,0,,,,,1,1,2019_Feb_12_1513,FaceNameBlocked,3.0.0,85.03120529
FacesBlock4.xlsx,Dylan.mp4,Dylan.JPG,Dylan,50,0,3,3,3,,,,,0,0,0,5,,,,,,space,9.70618433,0, ,0,['space'],[3.943092477042228],[3.9430,3.943,1,0.53163444,,,1,1,2019_Feb_12_1513,FaceNameBlocked,3.0.0,85.03120529
FacesBlock4.xlsx,Emily.mp4,Emily.JPG,Emily,57,0,3,3,3,0,2,2,12,,,,,,,0,2,1.320492776,,,,,,,,0,0,,,,,1,1,2019_Feb_12_1513,FaceNameBlocked,3.0.0,85.03120529
FacesBlock4.xlsx,Emily.mp4,Emily.JPG,Emily,57,0,3,3,3,,,,,0,7,7,12,,,,,,,,0,brianna,0,"['b', 'r', 'i', 'a', 'n', 'n', 'a']","[3.1542464459780604, 3.2832763759652153, 3.742725085001439, 3.9186616860097274, 4.142440423020162, 4.542541936971247, 4.69536682695616]",[3.1542,3.1542,1,0.506243777,,,1,1,2019_Feb_12_1513,FaceNameBlocked,3.0.0,85.03120529
FacesBlock1.xlsx,Eric.mp4,Eric.JPG,Eric,0,0,0,0,0,0,8,8,0,,,,,,,1,1,1.061543625,,,,,,,,0,0,,,,,1,1,2019_Feb_12_1513,FaceNameBlocked,3.0.0,85.03120529
FacesBlock1.xlsx,Eric.mp4,Eric.JPG,Eric,0,0,0,0,0,,,,,0,5,5,0,,,,,,,,0, ,0,"['return', 'space']","[1.801291178097017, 2.319564145989716]",[1.8012,1.8012,1,1.519560301,,,1,1,2019_Feb_12_1513,FaceNameBlocked,3.0.0,85.03120529
FacesBlock1.xlsx,Ethan.mp4,Ethan.JPG,Ethan,11,0,0,0,0,0,4,4,11,,,,,,,0,1,0.320803254,,,,,,,,0,0,,,,,1,1,2019_Feb_12_1513,FaceNameBlocked,3.0.0,85.03120529
FacesBlock1.xlsx,Ethan.mp4,Ethan.JPG,Ethan,11,0,0,0,0,,,,,0,4,4,11,,,,,,,,0,eric  ,0,"['e', 'r', 'i', 'c', 'space', 'return', 'space']","[3.1069192769937217, 3.3418041709810495, 3.68284932395909, 4.036140808952041, 4.752523472998291, 8.350871091941372, 9.140025421977043]",[3.1069,3.1069,1,1.317407863,,,1,1,2019_Feb_12_1513,FaceNameBlocked,3.0.0,85.03120529
FacesBlock4.xlsx,Grace.mp4,Grace.JPG,Grace,58,0,3,3,3,0,13,13,13,,,,,,,1,2,1.097003347,,,,,,,,0,0,,,,,1,1,2019_Feb_12_1513,FaceNameBlocked,3.0.0,85.03120529
FacesBlock4.xlsx,Grace.mp4,Grace.JPG,Grace,58,0,3,3,3,,,,,0,4,4,13,,,,,,,,1,grace,1,"['g', 'r', 'a', 'c', 'e']","[1.3438142710365355, 1.6121956850402057, 1.7317921300418675, 1.931638197042048, 2.10794350807555]",[1.3438,1.3438,4,1.378362793,,,1,1,2019_Feb_12_1513,FaceNameBlocked,3.0.0,85.03120529
FacesBlock2.xlsx,Haley.mp4,Haley.JPG,Haley,20,0,1,1,1,0,2,2,5,,,,,,,0,2,0.647457528,,,,,,,,0,0,,,,,1,1,2019_Feb_12_1513,FaceNameBlocked,3.0.0,85.03120529
FacesBlock2.xlsx,Haley.mp4,Haley.JPG,Haley,20,0,1,1,1,,,,,0,10,10,5,,,,,,,,0,steph,0,"['s', 't', 'e', 'p', 'h']","[6.118432350922376, 6.64782249100972, 6.835728123900481, 8.647284641978331, 9.176436789915897]",[6.1184,6.1184,1,1.093568749,,,1,1,2019_Feb_12_1513,FaceNameBlocked,3.0.0,85.03120529
FacesBlock1.xlsx,Hannah.mp4,Hannah.JPG,Hannah,1,0,0,0,0,0,13,13,1,,,,,,,1,2,0.37665419,,,,,,,,0,0,,,,,1,1,2019_Feb_12_1513,FaceNameBlocked,3.0.0,85.03120529
FacesBlock1.xlsx,Hannah.mp4,Hannah.JPG,Hannah,1,0,0,0,0,,,,,0,11,11,1,,,,,,,,0,,0,None,,0,0,1,1.470250373,,,1,1,2019_Feb_12_1513,FaceNameBlocked,3.0.0,85.03120529
FacesBlock2.xlsx,Heather.mp4,Heather.JPG,Heather,26,0,1,1,1,0,1,1,11,,,,,,,1,2,1.544386162,,,,,,,,0,0,,,,,1,1,2019_Feb_12_1513,FaceNameBlocked,3.0.0,85.03120529
FacesBlock2.xlsx,Heather.mp4,Heather.JPG,Heather,26,0,1,1,1,,,,,0,6,6,11,,,,,,,,0,natha,0,"['n', 'a', 't', 'h', 'a']","[8.070640968042426, 8.270723356981762, 8.541584154008888, 8.797895923024043, 9.411441953037865]",[8.0706,8.0706,1,1.176311339,,,1,1,2019_Feb_12_1513,FaceNameBlocked,3.0.0,85.03120529
FacesBlock3.xlsx,Jacob.mp4,Jacob.JPG,Jacob,39,0,2,2,2,0,2,2,9,,,,,,,0,1,1.025649457,,,,,,,,0,0,,,,,1,1,2019_Feb_12_1513,FaceNameBlocked,3.0.0,85.03120529
FacesBlock3.xlsx,Jacob.mp4,Jacob.JPG,Jacob,39,0,2,2,2,,,,,0,12,12,9,,,,,,,,0,eric,0,"['e', 'r', 'i', 'c', 'return']","[4.072018334059976, 4.177646222990006, 4.753374414984137, 4.941245435969904, 5.904214111040346]",[4.0720,4.072,1,1.436814926,,,1,1,2019_Feb_12_1513,FaceNameBlocked,3.0.0,85.03120529
FacesBlock4.xlsx,Jason.mp4,Jason.JPG,Jason,49,0,3,3,3,0,3,3,4,,,,,,,0,1,1.520204583,,,,,,,,0,0,,,,,1,1,2019_Feb_12_1513,FaceNameBlocked,3.0.0,85.03120529
FacesBlock4.xlsx,Jason.mp4,Jason.JPG,Jason,49,0,3,3,3,,,,,0,10,10,4,,,,,,,,0,,0,None,,0,0,1,0.765480825,,,1,1,2019_Feb_12_1513,FaceNameBlocked,3.0.0,85.03120529
FacesBlock1.xlsx,Jenna.mp4,Jenna.JPG,Jenna,6,0,0,0,0,0,6,6,6,,,,,,,0,2,1.108213634,,,,,,,,0,0,,,,,1,1,2019_Feb_12_1513,FaceNameBlocked,3.0.0,85.03120529
FacesBlock1.xlsx,Jenna.mp4,Jenna.JPG,Jenna,6,0,0,0,0,,,,,0,8,8,6,,,,,,,,0,natha,0,"['n', 'a', 't', 'h', 'a']","[7.400010847020894, 8.046491203014739, 8.529208516003564, 8.799777777981944, 9.164681029971689]",[7.4000,7.4,1,3.283669066,,,1,1,2019_Feb_12_1513,FaceNameBlocked,3.0.0,85.03120529
FacesBlock2.xlsx,Jeremy.mp4,Jeremy.JPG,Jeremy,15,0,1,1,1,0,0,0,0,,,,,,,0,1,1.44978213,,,,,,,,0,0,,,,,1,1,2019_Feb_12_1513,FaceNameBlocked,3.0.0,85.03120529
FacesBlock2.xlsx,Jeremy.mp4,Jeremy.JPG,Jeremy,15,0,1,1,1,,,,,0,9,9,0,,,,,,,,0, ,0,['space'],[4.566350725945085],[4.5663,4.5663,1,0.449245482,,,1,1,2019_Feb_12_1513,FaceNameBlocked,3.0.0,85.03120529
FacesBlock1.xlsx,Jessica.mp4,Jessica.JPG,Jessica,8,0,0,0,0,0,10,10,8,,,,,,,1,2,0.41463684,,,,,,,,0,0,,,,,1,1,2019_Feb_12_1513,FaceNameBlocked,3.0.0,85.03120529
FacesBlock1.xlsx,Jessica.mp4,Jessica.JPG,Jessica,8,0,0,0,0,,,,,0,0,0,8,,,,,,space,21.24364214,0,,0,None,,0,0,1,2.236649422,,,1,1,2019_Feb_12_1513,FaceNameBlocked,3.0.0,85.03120529
FacesBlock2.xlsx,Josh.mp4,Josh.JPG,Josh,19,0,1,1,1,0,5,5,4,,,,,,,0,1,0.590917594,,,,,,,,0,0,,,,,1,1,2019_Feb_12_1513,FaceNameBlocked,3.0.0,85.03120529
FacesBlock2.xlsx,Josh.mp4,Josh.JPG,Josh,19,0,1,1,1,,,,,0,5,5,4,,,,,,,,0,taylor,0,"['t', 'a', 'y', 'l', 'o', 'r']","[3.860301363049075, 4.001882345066406, 4.17859057802707, 4.660047387005761, 4.789599462063052, 5.00126154103782]",[3.8603,3.8603,1,0.390233834,,,1,1,2019_Feb_12_1513,FaceNameBlocked,3.0.0,85.03120529
FacesBlock1.xlsx,Julia.mp4,Julia.JPG,Julia,13,0,0,0,0,0,7,7,13,,,,,,,1,1,0.08471891,,,,,,,,0,0,,,,,1,1,2019_Feb_12_1513,FaceNameBlocked,3.0.0,85.03120529
FacesBlock1.xlsx,Julia.mp4,Julia.JPG,Julia,13,0,0,0,0,,,,,0,3,3,13,,,,,,,,1,julia  ,1,"['j', 'u', 'l', 'i', 'a', 'space', 'space']","[1.801174858934246, 1.8815692849457264, 2.365810311981477, 2.624887043959461, 2.848245744011365, 3.5772631929721683, 9.292928971000947]",[1.8011,1.8011,4,1.754222391,,,1,1,2019_Feb_12_1513,FaceNameBlocked,3.0.0,85.03120529
FacesBlock2.xlsx,Justin.mp4,Justin.JPG,Justin,27,0,1,1,1,0,10,10,12,,,,,,,1,1,0.894530963,,,,,,,,0,0,,,,,1,1,2019_Feb_12_1513,FaceNameBlocked,3.0.0,85.03120529
FacesBlock2.xlsx,Justin.mp4,Justin.JPG,Justin,27,0,1,1,1,,,,,0,8,8,12,,,,,,,,0,josh,0,"['j', 'o', 's', 'h']","[3.695973005029373, 3.8371334930416197, 4.072162320953794, 4.225002562976442]",[3.6959,3.6959,1,0.695542144,,,1,1,2019_Feb_12_1513,FaceNameBlocked,3.0.0,85.03120529
FacesBlock4.xlsx,Katie.mp4,Katie.JPG,Katie,54,0,3,3,3,0,6,6,9,,,,,,,1,2,0.779914466,,,,,,,,0,0,,,,,1,1,2019_Feb_12_1513,FaceNameBlocked,3.0.0,85.03120529
FacesBlock4.xlsx,Katie.mp4,Katie.JPG,Katie,54,0,3,3,3,,,,,0,1,1,9,,,,,,,,0,ana,0,"['a', 'n', 'a']","[6.494348780019209, 6.623783524031751, 6.740843483945355]",[6.4943,6.4943,1,0.602143572,,,1,1,2019_Feb_12_1513,FaceNameBlocked,3.0.0,85.03120529
FacesBlock3.xlsx,Kayla.mp4,Kayla.JPG,Kayla,34,0,2,2,2,0,6,6,4,,,,,,,1,2,0.850031792,,,,,,,,0,0,,,,,1,1,2019_Feb_12_1513,FaceNameBlocked,3.0.0,85.03120529
FacesBlock3.xlsx,Kayla.mp4,Kayla.JPG,Kayla,34,0,2,2,2,,,,,0,8,8,4,,,,,,,,0,rebecca,0,"['r', 'e', 'b', 'e', 'c', 'c', 'a']","[8.657935580937192, 8.869553101016209, 9.093457257025875, 9.222809285973199, 9.704684786032885, 9.869208113988861, 9.975715114967898]",[8.6579,8.6579,1,0.837693919,,,1,1,2019_Feb_12_1513,FaceNameBlocked,3.0.0,85.03120529
FacesBlock1.xlsx,Kelsey.mp4,Kelsey.JPG,Kelsey,12,0,0,0,0,0,14,14,12,,,,,,,0,2,0.36762096,,,,,,,,0,0,,,,,1,1,2019_Feb_12_1513,FaceNameBlocked,3.0.0,85.03120529
FacesBlock1.xlsx,Kelsey.mp4,Kelsey.JPG,Kelsey,12,0,0,0,0,,,,,0,12,12,12,,,,,,,,0, ,0,"['space', '1', 'backspace']","[2.895315700909123, 3.554575515910983, 5.059765977901407]",[2.8953,2.8953,1,1.377840953,,,1,1,2019_Feb_12_1513,FaceNameBlocked,3.0.0,85.03120529
FacesBlock3.xlsx,Kevin.mp4,Kevin.JPG,Kevin,41,0,2,2,2,0,1,1,11,,,,,,,1,1,1.344779919,,,,,,,,0,0,,,,,1,1,2019_Feb_12_1513,FaceNameBlocked,3.0.0,85.03120529
FacesBlock3.xlsx,Kevin.mp4,Kevin.JPG,Kevin,41,0,2,2,2,,,,,0,2,2,11,,,,,,,,0,mason,0,"['m', 'a', 's', 'o', 'n']","[5.3767605379689485, 5.576828964985907, 6.129937981022522, 6.341582157998346, 6.976725743035786]",[5.3767,5.3767,1,0.472952184,,,1,1,2019_Feb_12_1513,FaceNameBlocked,3.0.0,85.03120529
FacesBlock1.xlsx,Kyle.mp4,Kyle.JPG,Kyle,4,0,0,0,0,0,12,12,4,,,,,,,0,1,0.251012097,,,,,,,,0,0,,,,,1,1,2019_Feb_12_1513,FaceNameBlocked,3.0.0,85.03120529
FacesBlock1.xlsx,Kyle.mp4,Kyle.JPG,Kyle,4,0,0,0,0,,,,,0,6,6,4,,,,,,,,0, ,0,['space'],[5.329655428999104],[5.3296,5.3296,1,1.610943394,,,1,1,2019_Feb_12_1513,FaceNameBlocked,3.0.0,85.03120529
FacesBlock3.xlsx,Lauren.mp4,Lauren.JPG,Lauren,38,0,2,2,2,0,11,11,8,,,,,,,1,2,1.097326175,,,,,,,,0,0,,,,,1,1,2019_Feb_12_1513,FaceNameBlocked,3.0.0,85.03120529
FacesBlock3.xlsx,Lauren.mp4,Lauren.JPG,Lauren,38,0,2,2,2,,,,,0,1,1,8,,,,,,,,0,sarah,0,"['s', 'a', 'r', 'a', 'h']","[2.095700516947545, 2.224935102974996, 2.4014306579483673, 2.542832973995246, 5.27128109394107]",[2.0957,2.0957,1,0.425768276,,,1,1,2019_Feb_12_1513,FaceNameBlocked,3.0.0,85.03120529
FacesBlock3.xlsx,Mark.mp4,Mark.JPG,Mark,40,0,2,2,2,0,13,13,10,,,,,,,0,1,0.684925377,,,,,,,,0,0,,,,,1,1,2019_Feb_12_1513,FaceNameBlocked,3.0.0,85.03120529
FacesBlock3.xlsx,Mark.mp4,Mark.JPG,Mark,40,0,2,2,2,,,,,0,13,13,10,,,,,,,,1,marc,1,"['m', 'a', 'r', 'c']","[2.201926046051085, 2.6724757970077917, 3.107660425012, 3.5664197660516948]",[2.2019,2.2019,1,0.449229815,,,1,1,2019_Feb_12_1513,FaceNameBlocked,3.0.0,85.03120529
FacesBlock1.xlsx,Matthew.mp4,Matthew.JPG,Matthew,9,0,0,0,0,0,3,3,9,,,,,,,0,1,0.626045264,,,,,,,,0,0,,,,,1,1,2019_Feb_12_1513,FaceNameBlocked,3.0.0,85.03120529
FacesBlock1.xlsx,Matthew.mp4,Matthew.JPG,Matthew,9,0,0,0,0,,,,,0,2,2,9,,,,,,,,0,timothy ,0,"['t', 'i', 'm', 'o', 't', 'h', 'y', 'return', 'space']","[5.588471006951295, 5.753599165938795, 6.224111124989577, 6.541534977033734, 6.741495958995074, 6.9762142309919, 7.188210277003236, 8.211407372029498, 9.74072375393007]",[5.5884,5.5884,1,1.61420577,,,1,1,2019_Feb_12_1513,FaceNameBlocked,3.0.0,85.03120529
FacesBlock2.xlsx,Megan.mp4,Megan.JPG,Megan,25,0,1,1,1,0,11,11,10,,,,,,,1,2,1.108828415,,,,,,,,0,0,,,,,1,1,2019_Feb_12_1513,FaceNameBlocked,3.0.0,85.03120529
FacesBlock2.xlsx,Megan.mp4,Megan.JPG,Megan,25,0,1,1,1,,,,,0,7,7,10,,,,,,,,0,morgan,0,"['m', 'o', 'r', 'g', 'a', 'n']","[2.507760184002109, 3.8947795890271664, 4.083636355004273, 4.307078953948803, 4.506758737028576, 5.259707389981486]",[2.5077,2.5077,1,0.425432849,,,1,1,2019_Feb_12_1513,FaceNameBlocked,3.0.0,85.03120529
FacesBlock4.xlsx,Michael.mp4,Michael.JPG,Michael,46,0,3,3,3,0,0,0,1,,,,,,,0,1,1.637532139,,,,,,,,0,0,,,,,1,1,2019_Feb_12_1513,FaceNameBlocked,3.0.0,85.03120529
FacesBlock4.xlsx,Michael.mp4,Michael.JPG,Michael,46,0,3,3,3,,,,,0,3,3,1,,,,,,,,1,micheal,1,"['m', 'i', 'c', 'h', 'e', 'a', 'l']","[1.6842840010067448, 1.7899272750364617, 2.0364245959790424, 2.2250934060430154, 2.424958416959271, 2.696017571957782, 2.8362522670067847]",[1.6842,1.6842,1,0.578591685,,,1,1,2019_Feb_12_1513,FaceNameBlocked,3.0.0,85.03120529
FacesBlock4.xlsx,Michelle.mp4,Michelle.JPG,Michelle,52,0,3,3,3,0,1,1,7,,,,,,,0,2,1.226729304,,,,,,,,0,0,,,,,1,1,2019_Feb_12_1513,FaceNameBlocked,3.0.0,85.03120529
FacesBlock4.xlsx,Michelle.mp4,Michelle.JPG,Michelle,52,0,3,3,3,,,,,0,6,6,7,,,,,,,,1,michelle,1,"['m', 'i', 'c', 'h', 'e', 'l', 'l', 'e']","[3.6136610499816015, 3.7196267729159445, 4.060437225969508, 4.201513624982908, 4.930760895018466, 5.29542630398646, 5.460026400978677, 5.612573721911758]",[3.6136,3.6136,1,1.11994377,,,1,1,2019_Feb_12_1513,FaceNameBlocked,3.0.0,85.03120529
FacesBlock1.xlsx,Natalie.mp4,Natalie.JPG,Natalie,7,0,0,0,0,0,5,5,7,,,,,,,0,2,0.15612071,,,,,,,,0,0,,,,,1,1,2019_Feb_12_1513,FaceNameBlocked,3.0.0,85.03120529
FacesBlock1.xlsx,Natalie.mp4,Natalie.JPG,Natalie,7,0,0,0,0,,,,,0,1,1,7,,,,,,,,0,ju,0,"['j', 'u']","[9.423778380965814, 9.717813914059661]",[9.4237,9.4237,1,3.742451752,,,1,1,2019_Feb_12_1513,FaceNameBlocked,3.0.0,85.03120529
FacesBlock3.xlsx,Nathan.mp4,Nathan.JPG,Nathan,37,0,2,2,2,0,3,3,7,,,,,,,1,1,1.109255494,,,,,,,,0,0,,,,,1,1,2019_Feb_12_1513,FaceNameBlocked,3.0.0,85.03120529
FacesBlock3.xlsx,Nathan.mp4,Nathan.JPG,Nathan,37,0,2,2,2,,,,,0,10,10,7,,,,,,,,0,mark,0,"['m', 'a', 'r', 'k', 'return']","[4.68419606203679, 4.917162935947999, 5.789531099027954, 6.567332373000681, 8.893775378004648]",[4.6841,4.6841,1,0.543512823,,,1,1,2019_Feb_12_1513,FaceNameBlocked,3.0.0,85.03120529
FacesBlock3.xlsx,Nicole.mp4,Nicole.JPG,Nicole,43,0,2,2,2,0,14,14,13,,,,,,,1,2,0.791531204,,,,,,,,0,0,,,,,1,1,2019_Feb_12_1513,FaceNameBlocked,3.0.0,85.03120529
FacesBlock3.xlsx,Nicole.mp4,Nicole.JPG,Nicole,43,0,2,2,2,,,,,0,5,5,13,,,,,,,,1,nicole,1,"['n', 'i', 'c', 'o', 'l', 'e']","[1.9781982050044462, 2.0935585090192035, 2.3310809639515355, 2.519180118921213, 2.8245264139259234, 2.9778492900077254]",[1.9781,1.9781,1,1.260798345,,,1,1,2019_Feb_12_1513,FaceNameBlocked,3.0.0,85.03120529
FacesBlock3.xlsx,Noah.mp4,Noah.JPG,Noah,31,0,2,2,2,0,9,9,1,,,,,,,0,1,1.212101024,,,,,,,,0,0,,,,,1,1,2019_Feb_12_1513,FaceNameBlocked,3.0.0,85.03120529
FacesBlock3.xlsx,Noah.mp4,Noah.JPG,Noah,31,0,2,2,2,,,,,0,9,9,1,,,,,,,,0,eric,0,"['e', 'r', 'i', 'c', 'return']","[3.659041356993839, 3.8116968030808493, 4.258698927005753, 4.540813556988724, 8.386460863053799]",[3.6590,3.659,1,0.554990187,,,1,1,2019_Feb_12_1513,FaceNameBlocked,3.0.0,85.03120529
FacesBlock3.xlsx,Olivia.mp4,Olivia.JPG,Olivia,35,0,2,2,2,0,4,4,5,,,,,,,0,2,0.89694819,,,,,,,,0,0,,,,,1,1,2019_Feb_12_1513,FaceNameBlocked,3.0.0,85.03120529
FacesBlock3.xlsx,Olivia.mp4,Olivia.JPG,Olivia,35,0,2,2,2,,,,,0,14,14,5,,,,,,,,0,,0,None,,0,0,1,1.248340611,,,1,1,2019_Feb_12_1513,FaceNameBlocked,3.0.0,85.03120529
FacesBlock2.xlsx,Rachel.mp4,Rachel.JPG,Rachel,29,0,1,1,1,0,13,13,14,,,,,,,1,2,0.732632546,,,,,,,,0,0,,,,,1,1,2019_Feb_12_1513,FaceNameBlocked,3.0.0,85.03120529
FacesBlock2.xlsx,Rachel.mp4,Rachel.JPG,Rachel,29,0,1,1,1,,,,,0,14,14,14,,,,,,,,0,me,0,"['m', 'e']","[8.094560336903669, 9.351090278942138]",[8.0945,8.0945,1,0.752670791,,,1,1,2019_Feb_12_1513,FaceNameBlocked,3.0.0,85.03120529
FacesBlock3.xlsx,Rebecca.mp4,Rebecca.JPG,Rebecca,32,0,2,2,2,0,12,12,2,,,,,,,0,2,1.249862416,,,,,,,,0,0,,,,,1,1,2019_Feb_12_1513,FaceNameBlocked,3.0.0,85.03120529
FacesBlock3.xlsx,Rebecca.mp4,Rebecca.JPG,Rebecca,32,0,2,2,2,,,,,0,0,0,2,,,,,,space,1.990929262,1,rebecca,1,"['r', 'e', 'b', 'e', 'c', 'c', 'a']","[3.024102069088258, 3.2472826580051333, 3.5062979080248624, 3.600050774984993, 5.2346076760441065, 5.446796165080741, 5.516949970042333]",[3.0241,3.0241,1,0.579007484,,,1,1,2019_Feb_12_1513,FaceNameBlocked,3.0.0,85.03120529
FacesBlock3.xlsx,Sarah.mp4,Sarah.JPG,Sarah,33,0,2,2,2,0,5,5,3,,,,,,,1,2,0.814621034,,,,,,,,0,0,,,,,1,1,2019_Feb_12_1513,FaceNameBlocked,3.0.0,85.03120529
FacesBlock3.xlsx,Sarah.mp4,Sarah.JPG,Sarah,33,0,2,2,2,,,,,0,3,3,3,,,,,,,,1,sarah,1,"['s', 'a', 'r', 'a', 'h']","[1.8721211350057274, 2.0836828720057383, 2.2371588979149237, 2.3898391879629344, 2.7423594099236652]",[1.8721,1.8721,2,0.426523611,,,1,1,2019_Feb_12_1513,FaceNameBlocked,3.0.0,85.03120529
FacesBlock3.xlsx,Shelby.mp4,Shelby.JPG,Shelby,36,0,2,2,2,0,10,10,6,,,,,,,0,2,1.167637995,,,,,,,,0,0,,,,,1,1,2019_Feb_12_1513,FaceNameBlocked,3.0.0,85.03120529
FacesBlock3.xlsx,Shelby.mp4,Shelby.JPG,Shelby,36,0,2,2,2,,,,,0,6,6,6,,,,,,,,0,shambi,0,"['s', 'h', 'a', 'comma', 'b', 'i', 'backspace', 'backspace', 'm', 'b', 'i']","[1.6489612479927018, 1.8370326820295304, 2.1899185240035877, 2.9424015219556168, 3.625036773039028, 3.7191689029568806, 4.694168983027339, 4.918132393038832, 5.5771896640071645, 5.906852270010859, 6.0359871599357575]",[1.6489,1.6489,2,1.02592796,,,1,1,2019_Feb_12_1513,FaceNameBlocked,3.0.0,85.03120529
FacesBlock2.xlsx,Steven.mp4,Steven.JPG,Steven,17,0,1,1,1,0,4,4,2,,,,,,,0,1,0.459049742,,,,,,,,0,0,,,,,1,1,2019_Feb_12_1513,FaceNameBlocked,3.0.0,85.03120529
FacesBlock2.xlsx,Steven.mp4,Steven.JPG,Steven,17,0,1,1,1,,,,,0,12,12,2,,,,,,,,0,josh,0,"['j', 'o', 's', 'h']","[3.4249351309845224, 3.5779579870868474, 4.6951476039830595, 4.777227685088292]",[3.4249,3.4249,1,0.590219344,,,1,1,2019_Feb_12_1513,FaceNameBlocked,3.0.0,85.03120529
FacesBlock4.xlsx,Taylor.mp4,Taylor.JPG,Taylor,45,0,3,3,3,0,4,4,0,,,,,,,1,2,0.967316104,,,,,,,,0,0,,,,,1,1,2019_Feb_12_1513,FaceNameBlocked,3.0.0,85.03120529
FacesBlock4.xlsx,Taylor.mp4,Taylor.JPG,Taylor,45,0,3,3,3,,,,,0,14,14,0,,,,,,,,0,mo,0,"['m', 'o']","[5.728454387979582, 8.894282354041934]",[5.7284,5.7284,1,1.131453816,,,1,1,2019_Feb_12_1513,FaceNameBlocked,3.0.0,85.03120529
FacesBlock3.xlsx,Thomas.mp4,Thomas.JPG,Thomas,44,0,2,2,2,0,7,7,14,,,,,,,1,1,0.815010433,,,,,,,,0,0,,,,,1,1,2019_Feb_12_1513,FaceNameBlocked,3.0.0,85.03120529
FacesBlock3.xlsx,Thomas.mp4,Thomas.JPG,Thomas,44,0,2,2,2,,,,,0,7,7,14,,,,,,,,1,thomas,1,"['t', 'h', 'o', 'm', 'a', 's']","[1.7545023510465398, 2.2717541980091482, 2.449165064957924, 2.8014950189972296, 2.9778942560078576, 3.1773578269639984]",[1.7545,1.7545,1,0.496395666,,,1,1,2019_Feb_12_1513,FaceNameBlocked,3.0.0,85.03120529
FacesBlock1.xlsx,Timothy.mp4,Timothy.JPG,Timothy,10,0,0,0,0,0,2,2,10,,,,,,,1,1,0.473725221,,,,,,,,0,0,,,,,1,1,2019_Feb_12_1513,FaceNameBlocked,3.0.0,85.03120529
FacesBlock1.xlsx,Timothy.mp4,Timothy.JPG,Timothy,10,0,0,0,0,,,,,0,14,14,10,,,,,,,,1,timothy,1,"['t', 'i', 'm', 'o', 't', 'h', 'y']","[3.1315097849583253, 3.3313346459763125, 3.6023268989520147, 3.823318901937455, 3.9903146609431133, 4.225053773028776, 4.330505848978646]",[3.1315,3.1315,1,1.190112998,,,1,1,2019_Feb_12_1513,FaceNameBlocked,3.0.0,85.03120529
FacesBlock2.xlsx,Trevor.mp4,Trevor.JPG,Trevor,21,0,1,1,1,0,12,12,6,,,,,,,1,1,0.603360729,,,,,,,,0,0,,,,,1,1,2019_Feb_12_1513,FaceNameBlocked,3.0.0,85.03120529
FacesBlock2.xlsx,Trevor.mp4,Trevor.JPG,Trevor,21,0,1,1,1,,,,,0,13,13,6,,,,,,,,0,ste,0,"['s', 't', 'e']","[5.624474926036783, 6.2706800940213725, 9.270596601068974]",[5.6244,5.6244,1,0.813329923,,,1,1,2019_Feb_12_1513,FaceNameBlocked,3.0.0,85.03120529
FacesBlock2.xlsx,Tyler.mp4,Tyler.JPG,Tyler,22,0,1,1,1,0,9,9,7,,,,,,,0,1,0.591512621,,,,,,,,0,0,,,,,1,1,2019_Feb_12_1513,FaceNameBlocked,3.0.0,85.03120529
FacesBlock2.xlsx,Tyler.mp4,Tyler.JPG,Tyler,22,0,1,1,1,,,,,0,1,1,7,,,,,,,,0,steve,0,"['s', 't', 'e', 'v', 'e', 'n', 'backspace']","[1.9873486190335825, 2.142535981023684, 2.2486142170382664, 2.4715927470242605, 3.024682008079253, 4.0363362149801105, 6.482185245025903]",[1.9873,1.9873,1,0.402948526,,,1,1,2019_Feb_12_1513,FaceNameBlocked,3.0.0,85.03120529
,,,,,,,,,,,,,,,,,space,29.12210715,,,,,,,,,,,,,,,,,1,1,2019_Feb_12_1513,FaceNameBlocked,3.0.0,85.03120529
,,,,,,,,,,,,,,,,,,,,,,,,,,,,,,,,,space,1.837099507,1,1,2019_Feb_12_1513,FaceNameBlocked,3.0.0,85.03120529
