condsFile,Video,Photo,Name,Row,blocks.thisRepN,blocks.thisTrialN,blocks.thisN,blocks.thisIndex,presentations.thisRepN,presentations.thisTrialN,presentations.thisN,presentations.thisIndex,testing.thisRepN,testing.thisTrialN,testing.thisN,testing.thisIndex,advance_1.keys,advance_1.rt,currentCond,judgementResp.keys,judgementResp.rt,advance_2.keys,advance_2.rt,CorrectResponses,inputText,Accuracy,key_resp_3.keys,key_resp_3.rt,trim1,key_resp3_fin,rating_resp.keys,rating_resp.rt,end_key.keys,end_key.rt,participant,session,date,expName,psychopyVersion,frameRate
FacesBlock2.xlsx,Aaron.mp4,Aaron.JPG,Aaron,18,0,1,1,1,0,4,4,3,,,,,,,1,1,0.336479113,,,,,,,,0,0,,,,,38,1,2019_Apr_12_1401,FaceNameBlocked,3.0.0,59.96465504
FacesBlock2.xlsx,Aaron.mp4,Aaron.JPG,Aaron,18,0,1,1,1,,,,,0,2,2,3,,,,,,,,0,chris,0,"['c', 'h', 'i', 'r', 'backspace', 'backspace', 'r', 'i', 's']","[2.8348871549824253, 3.051703327917494, 3.201756836962886, 3.900992307928391, 4.100369737949222, 4.718660459970124, 4.917890207958408, 6.050631888909265]",[2.8348,2.8348,1,0.683943202,,,38,1,2019_Apr_12_1401,FaceNameBlocked,3.0.0,59.96465504
FacesBlock1.xlsx,Adam.mp4,Adam.JPG,Adam,5,0,0,0,0,0,13,13,5,,,,,,,1,1,0.135515455,,,,,,,,0,0,,,,,38,1,2019_Apr_12_1401,FaceNameBlocked,3.0.0,59.96465504
FacesBlock1.xlsx,Adam.mp4,Adam.JPG,Adam,5,0,0,0,0,,,,,0,0,0,5,,,,,,space,24.66023396,1,Adam ,1,"['lshift', 'a', 'd', 'a', 'm', 'return', 'space']","[1.417652765987441, 1.718358134967275, 1.9682053859578446, 2.0854030459886417, 3.0016108789714053, 4.350446696975268, 5.534430905943736]",[1.4176,1.4176,4,0.636303538,,,38,1,2019_Apr_12_1401,FaceNameBlocked,3.0.0,59.96465504
FacesBlock4.xlsx,Alyssa.mp4,Alyssa.JPG,Alyssa,55,0,3,3,3,0,13,13,10,,,,,,,0,2,0.786834467,,,,,,,,0,0,,,,,38,1,2019_Apr_12_1401,FaceNameBlocked,3.0.0,59.96465504
FacesBlock4.xlsx,Alyssa.mp4,Alyssa.JPG,Alyssa,55,0,3,3,3,,,,,0,0,0,10,,,,,,space,5.534648203,0,,0,None,,0,0,1,0.21966538,,,38,1,2019_Apr_12_1401,FaceNameBlocked,3.0.0,59.96465504
FacesBlock1.xlsx,Amanda.mp4,Amanda.JPG,Amanda,2,0,0,0,0,0,1,1,2,,,,,,,1,2,1.285841462,,,,,,,,0,0,,,,,38,1,2019_Apr_12_1401,FaceNameBlocked,3.0.0,59.96465504
FacesBlock1.xlsx,Amanda.mp4,Amanda.JPG,Amanda,2,0,0,0,0,,,,,0,2,2,2,,,,,,,,0,Chl,0,"['lshift', 'c', 'h', 'l', 'o', 'backspace', 'e', 'backspace']","[6.814778121071868, 7.016305105993524, 7.216065846034326, 7.649148948024958, 7.865511627984233, 8.73177144501824, 9.165734203066677, 9.531422854051925]",[6.8147,6.8147,1,1.168533948,,,38,1,2019_Apr_12_1401,FaceNameBlocked,3.0.0,59.96465504
FacesBlock4.xlsx,Andrew.mp4,Andrew.JPG,Andrew,51,0,3,3,3,0,0,0,6,,,,,,,0,1,1.104026424,,,,,,,,0,0,,,,,38,1,2019_Apr_12_1401,FaceNameBlocked,3.0.0,59.96465504
FacesBlock4.xlsx,Andrew.mp4,Andrew.JPG,Andrew,51,0,3,3,3,,,,,0,9,9,6,,,,,,,,0,,0,"['d', 's', 'j', 'k', 'l', 'f', 'semicolon', 'backspace', 'backspace', 'backspace', 'backspace', 'backspace', 'backspace']","[2.21912203298416, 2.27235838805791, 2.290089608053677, 2.3854877810226753, 2.5864198909839615, 2.9355309719685465, 3.834977318998426, 4.03510544099845, 4.2009973749518394, 4.385111997951753, 4.551649300963618]",[2.2191,2.2191,2,2.419204037,,,38,1,2019_Apr_12_1401,FaceNameBlocked,3.0.0,59.96465504
FacesBlock4.xlsx,Anna.mp4,Anna.JPG,Anna,47,0,3,3,3,0,2,2,2,,,,,,,0,2,1.421060374,,,,,,,,0,0,,,,,38,1,2019_Apr_12_1401,FaceNameBlocked,3.0.0,59.96465504
FacesBlock4.xlsx,Anna.mp4,Anna.JPG,Anna,47,0,3,3,3,,,,,0,1,1,2,,,,,,,,0,,0,"['h', 'n', 'backspace', 'backspace']","[5.734715399914421, 5.967802446917631, 6.982843782985583, 8.033239631913602]",[5.7347,5.7347,1,1.369731684,,,38,1,2019_Apr_12_1401,FaceNameBlocked,3.0.0,59.96465504
FacesBlock2.xlsx,Ashley.mp4,Ashley.JPG,Ashley,24,0,1,1,1,0,10,10,9,,,,,,,1,2,0.269336676,,,,,,,,0,0,,,,,38,1,2019_Apr_12_1401,FaceNameBlocked,3.0.0,59.96465504
FacesBlock2.xlsx,Ashley.mp4,Ashley.JPG,Ashley,24,0,1,1,1,,,,,0,13,13,9,,,,,,,,0,Hayley,0,"['lshift', 'h', 'a', 'y', 'l', 'e', 't', 'backspace', 'y']","[2.2670690750237554, 2.502119823009707, 2.6491871050093323, 2.73569875897374, 3.2354967519640923, 3.4324815910076723, 3.8012324610026553, 5.184228328987956, 6.101230725063942]",[2.2670,2.267,1,1.818693304,,,38,1,2019_Apr_12_1401,FaceNameBlocked,3.0.0,59.96465504
FacesBlock1.xlsx,Bradley.mp4,Bradley.JPG,Bradley,14,0,0,0,0,0,7,7,14,,,,,,,0,1,0.417100531,,,,,,,,0,0,,,,,38,1,2019_Apr_12_1401,FaceNameBlocked,3.0.0,59.96465504
FacesBlock1.xlsx,Bradley.mp4,Bradley.JPG,Bradley,14,0,0,0,0,,,,,0,1,1,14,,,,,,,,1,Bradley,1,"['lshift', 'b', 'r', 'a', 'd', 'l', 'e', 'y']","[3.1655284840380773, 3.451047047972679, 4.016958963940851, 4.233854983001947, 4.400156165938824, 4.53360144502949, 4.66710321395658, 4.933774131000973]",[3.1655,3.1655,3,0.618385403,,,38,1,2019_Apr_12_1401,FaceNameBlocked,3.0.0,59.96465504
FacesBlock4.xlsx,Brandon.mp4,Brandon.JPG,Brandon,56,0,3,3,3,0,3,3,11,,,,,,,1,1,1.68646924,,,,,,,,0,0,,,,,38,1,2019_Apr_12_1401,FaceNameBlocked,3.0.0,59.96465504
FacesBlock4.xlsx,Brandon.mp4,Brandon.JPG,Brandon,56,0,3,3,3,,,,,0,6,6,11,,,,,,,,0,,0,None,,0,0,1,4.418445002,,,38,1,2019_Apr_12_1401,FaceNameBlocked,3.0.0,59.96465504
FacesBlock4.xlsx,Brian.mp4,Brian.JPG,Brian,53,0,3,3,3,0,4,4,8,,,,,,,0,1,0.603951139,,,,,,,,0,0,,,,,38,1,2019_Apr_12_1401,FaceNameBlocked,3.0.0,59.96465504
FacesBlock4.xlsx,Brian.mp4,Brian.JPG,Brian,53,0,3,3,3,,,,,0,13,13,8,,,,,,,,0,Will,0,"['lshift', 'w', 'i', 'l', 'l', 'return']","[1.551426860038191, 2.636464881943539, 2.7858848209725693, 3.0857325369725004, 3.3519146769540384, 3.851088961935602]",[1.5514,1.5514,2,0.550168887,,,38,1,2019_Apr_12_1401,FaceNameBlocked,3.0.0,59.96465504
FacesBlock4.xlsx,Brianna.mp4,Brianna.JPG,Brianna,48,0,3,3,3,0,7,7,3,,,,,,,1,2,0.286801101,,,,,,,,0,0,,,,,38,1,2019_Apr_12_1401,FaceNameBlocked,3.0.0,59.96465504
FacesBlock4.xlsx,Brianna.mp4,Brianna.JPG,Brianna,48,0,3,3,3,,,,,0,4,4,3,,,,,,,,0,,0,None,,0,0,2,1.369834953,,,38,1,2019_Apr_12_1401,FaceNameBlocked,3.0.0,59.96465504
FacesBlock2.xlsx,Brittany.mp4,Brittany.JPG,Brittany,28,0,1,1,1,0,8,8,13,,,,,,,0,1,1.852487071,,,,,,,,0,0,,,,,38,1,2019_Apr_12_1401,FaceNameBlocked,3.0.0,59.96465504
FacesBlock2.xlsx,Brittany.mp4,Brittany.JPG,Brittany,28,0,1,1,1,,,,,0,4,4,13,,,,,,,,0,Ruby,0,"['lshift', 'r', 'u', 'b', 'y']","[2.4002602519467473, 2.9021930269664153, 3.06848675198853, 3.335524581023492, 3.51877439301461]",[2.4002,2.4002,2,0.3363628,,,38,1,2019_Apr_12_1401,FaceNameBlocked,3.0.0,59.96465504
FacesBlock4.xlsx,Caleb.mp4,Caleb.JPG,Caleb,59,0,3,3,3,0,14,14,14,,,,,,,1,1,0.453704861,,,,,,,,0,0,,,,,38,1,2019_Apr_12_1401,FaceNameBlocked,3.0.0,59.96465504
FacesBlock4.xlsx,Caleb.mp4,Caleb.JPG,Caleb,59,0,3,3,3,,,,,0,12,12,14,,,,,,,,0, ,0,['space'],[0.12058859108947217],[0.1205,0.1205,1,1.703353787,,,38,1,2019_Apr_12_1401,FaceNameBlocked,3.0.0,59.96465504
FacesBlock2.xlsx,Cody.mp4,Cody.JPG,Cody,23,0,1,1,1,0,6,6,8,,,,,,,0,1,0.186270461,,,,,,,,0,0,,,,,38,1,2019_Apr_12_1401,FaceNameBlocked,3.0.0,59.96465504
FacesBlock2.xlsx,Cody.mp4,Cody.JPG,Cody,23,0,1,1,1,,,,,0,5,5,8,,,,,,,,0,,0,"['lshift', 'd', 'o', 'e', 'space', 's', 'backspace', 'backspace', 's', 'backspace', 'backspace', 'backspace', 'backspace']","[3.733333457959816, 3.8511720879469067, 3.9846018879907206, 4.0682362630032, 4.4680260819150135, 4.534940633922815, 4.883320809924044, 5.084042788017541, 5.151336716953665, 5.583596104988828, 6.466785546974279, 6.733418321004137, 6.900079107959755]",[3.7333,3.7333,1,1.769308589,,,38,1,2019_Apr_12_1401,FaceNameBlocked,3.0.0,59.96465504
FacesBlock3.xlsx,Courtney.mp4,Courtney.JPG,Courtney,42,0,2,2,2,0,3,3,12,,,,,,,0,2,0.369748673,,,,,,,,0,0,,,,,38,1,2019_Apr_12_1401,FaceNameBlocked,3.0.0,59.96465504
FacesBlock3.xlsx,Courtney.mp4,Courtney.JPG,Courtney,42,0,2,2,2,,,,,0,0,0,12,,,,,,space,8.284659187,0,Lauren,0,"['lshift', 'l', 'a', 'u', 'r', 'e', 'n']","[2.017726913909428, 6.018168369890191, 6.633739634999074, 6.934379961923696, 7.200524946907535, 7.350879670935683, 7.417822782997973]",[2.0177,2.0177,2,0.503589004,,,38,1,2019_Apr_12_1401,FaceNameBlocked,3.0.0,59.96465504
FacesBlock3.xlsx,Daniel.mp4,Daniel.JPG,Daniel,30,0,2,2,2,0,12,12,0,,,,,,,1,1,0.450595062,,,,,,,,0,0,,,,,38,1,2019_Apr_12_1401,FaceNameBlocked,3.0.0,59.96465504
FacesBlock3.xlsx,Daniel.mp4,Daniel.JPG,Daniel,30,0,2,2,2,,,,,0,10,10,0,,,,,,,,0,Dylan,0,"['lshift', 'd', 'y', 'l', 'a', 'n']","[2.8675578969996423, 3.2357281210133806, 3.5357402119552717, 5.084938894957304, 5.351426393026486, 5.551855872035958]",[2.8675,2.8675,2,2.068841633,,,38,1,2019_Apr_12_1401,FaceNameBlocked,3.0.0,59.96465504
FacesBlock1.xlsx,Danielle.mp4,Danielle.JPG,Danielle,3,0,0,0,0,0,8,8,3,,,,,,,1,2,0.352919323,,,,,,,,0,0,,,,,38,1,2019_Apr_12_1401,FaceNameBlocked,3.0.0,59.96465504
FacesBlock1.xlsx,Danielle.mp4,Danielle.JPG,Danielle,3,0,0,0,0,,,,,0,6,6,3,,,,,,,,1,Danielle,1,"['lshift', 'd', 'a', 'n', 'i', 'e', 'l', 'l', 'e']","[4.400355138001032, 4.6009477289626375, 4.7680621079634875, 4.868087039911188, 5.051200920017436, 5.284593548974954, 5.617619414930232, 5.783614635001868, 5.901054124929942]",[4.4003,4.4003,2,2.101713833,,,38,1,2019_Apr_12_1401,FaceNameBlocked,3.0.0,59.96465504
FacesBlock2.xlsx,David.mp4,David.JPG,David,16,0,1,1,1,0,11,11,1,,,,,,,1,1,0.069571754,,,,,,,,0,0,,,,,38,1,2019_Apr_12_1401,FaceNameBlocked,3.0.0,59.96465504
FacesBlock2.xlsx,David.mp4,David.JPG,David,16,0,1,1,1,,,,,0,10,10,1,,,,,,,,0,Ethan,0,"['lshift', 'e', 't', 'h', 'a', 'n']","[2.3505084400530905, 2.6023878160631284, 3.001966352108866, 3.351985156070441, 3.818733599036932, 4.284768546000123]",[2.3505,2.3505,1,0.369127797,,,38,1,2019_Apr_12_1401,FaceNameBlocked,3.0.0,59.96465504
FacesBlock4.xlsx,Dylan.mp4,Dylan.JPG,Dylan,50,0,3,3,3,0,5,5,5,,,,,,,0,1,1.320280542,,,,,,,,0,0,,,,,38,1,2019_Apr_12_1401,FaceNameBlocked,3.0.0,59.96465504
FacesBlock4.xlsx,Dylan.mp4,Dylan.JPG,Dylan,50,0,3,3,3,,,,,0,10,10,5,,,,,,,,0,,0,None,,0,0,2,2.335296039,,,38,1,2019_Apr_12_1401,FaceNameBlocked,3.0.0,59.96465504
FacesBlock4.xlsx,Emily.mp4,Emily.JPG,Emily,57,0,3,3,3,0,10,10,12,,,,,,,1,2,0.437064553,,,,,,,,0,0,,,,,38,1,2019_Apr_12_1401,FaceNameBlocked,3.0.0,59.96465504
FacesBlock4.xlsx,Emily.mp4,Emily.JPG,Emily,57,0,3,3,3,,,,,0,5,5,12,,,,,,,,0,,0,"['2', 'backspace']","[1.3862643140600994, 2.902059567044489]",[1.3862,1.3862,1,1.63326684,,,38,1,2019_Apr_12_1401,FaceNameBlocked,3.0.0,59.96465504
FacesBlock1.xlsx,Eric.mp4,Eric.JPG,Eric,0,0,0,0,0,0,6,6,0,,,,,,,0,1,0.718816346,,,,,,,,0,0,,,,,38,1,2019_Apr_12_1401,FaceNameBlocked,3.0.0,59.96465504
FacesBlock1.xlsx,Eric.mp4,Eric.JPG,Eric,0,0,0,0,0,,,,,0,10,10,0,,,,,,,,0,,0,None,,0,0,4,0.285703567,,,38,1,2019_Apr_12_1401,FaceNameBlocked,3.0.0,59.96465504
FacesBlock1.xlsx,Ethan.mp4,Ethan.JPG,Ethan,11,0,0,0,0,0,10,10,11,,,,,,,0,1,0.402576397,,,,,,,,0,0,,,,,38,1,2019_Apr_12_1401,FaceNameBlocked,3.0.0,59.96465504
FacesBlock1.xlsx,Ethan.mp4,Ethan.JPG,Ethan,11,0,0,0,0,,,,,0,8,8,11,,,,,,,,0,,0,None,,0,0,4,2.200645867,,,38,1,2019_Apr_12_1401,FaceNameBlocked,3.0.0,59.96465504
FacesBlock4.xlsx,Grace.mp4,Grace.JPG,Grace,58,0,3,3,3,0,6,6,13,,,,,,,1,2,0.37089531,,,,,,,,0,0,,,,,38,1,2019_Apr_12_1401,FaceNameBlocked,3.0.0,59.96465504
FacesBlock4.xlsx,Grace.mp4,Grace.JPG,Grace,58,0,3,3,3,,,,,0,7,7,13,,,,,,,,0,Nicole,0,"['lshift', 'n', 'i', 'c', 'o', 'l', 'e']","[3.9000861359527335, 4.302390208933502, 5.451921039959416, 5.6850881449645385, 5.901835461962037, 6.284804282011464, 6.551445561926812]",[3.9000,3.9,1,0.30237917,,,38,1,2019_Apr_12_1401,FaceNameBlocked,3.0.0,59.96465504
FacesBlock2.xlsx,Haley.mp4,Haley.JPG,Haley,20,0,1,1,1,0,7,7,5,,,,,,,0,1,0.319920801,,,,,,,,0,0,,,,,38,1,2019_Apr_12_1401,FaceNameBlocked,3.0.0,59.96465504
FacesBlock2.xlsx,Haley.mp4,Haley.JPG,Haley,20,0,1,1,1,,,,,0,11,11,5,,,,,,,,1,Hayley,1,"['lshift', 'h', 'a', 'y', 'l', 'e', 'y']","[1.484179182909429, 1.7362104539060965, 1.9692061779787764, 2.0863921738928184, 3.5688662989996374, 3.751568735926412, 4.1347317369654775]",[1.4841,1.4841,3,0.286465226,,,38,1,2019_Apr_12_1401,FaceNameBlocked,3.0.0,59.96465504
FacesBlock1.xlsx,Hannah.mp4,Hannah.JPG,Hannah,1,0,0,0,0,0,14,14,1,,,,,,,1,2,0.168909583,,,,,,,,0,0,,,,,38,1,2019_Apr_12_1401,FaceNameBlocked,3.0.0,59.96465504
FacesBlock1.xlsx,Hannah.mp4,Hannah.JPG,Hannah,1,0,0,0,0,,,,,0,4,4,1,,,,,,,,0,Jenna,0,"['lshift', 'j', 'e', 'n', 'n', 'a']","[6.149638406932354, 6.33200999291148, 6.600928977946751, 6.750506336917169, 6.9167809839127585, 7.566928909975104]",[6.1496,6.1496,1,1.218744756,,,38,1,2019_Apr_12_1401,FaceNameBlocked,3.0.0,59.96465504
FacesBlock2.xlsx,Heather.mp4,Heather.JPG,Heather,26,0,1,1,1,0,9,9,11,,,,,,,0,2,0.585763301,,,,,,,,0,0,,,,,38,1,2019_Apr_12_1401,FaceNameBlocked,3.0.0,59.96465504
FacesBlock2.xlsx,Heather.mp4,Heather.JPG,Heather,26,0,1,1,1,,,,,0,12,12,11,,,,,,,,0,,0,None,,0,0,3,2.369116194,,,38,1,2019_Apr_12_1401,FaceNameBlocked,3.0.0,59.96465504
FacesBlock3.xlsx,Jacob.mp4,Jacob.JPG,Jacob,39,0,2,2,2,0,1,1,9,,,,,,,0,1,1.003289503,,,,,,,,0,0,,,,,38,1,2019_Apr_12_1401,FaceNameBlocked,3.0.0,59.96465504
FacesBlock3.xlsx,Jacob.mp4,Jacob.JPG,Jacob,39,0,2,2,2,,,,,0,13,13,9,,,,,,,,0,,0,None,,0,0,2,0.120081453,,,38,1,2019_Apr_12_1401,FaceNameBlocked,3.0.0,59.96465504
FacesBlock4.xlsx,Jason.mp4,Jason.JPG,Jason,49,0,3,3,3,0,1,1,4,,,,,,,0,1,5.784133619,,,,,,,,0,0,,,,,38,1,2019_Apr_12_1401,FaceNameBlocked,3.0.0,59.96465504
FacesBlock4.xlsx,Jason.mp4,Jason.JPG,Jason,49,0,3,3,3,,,,,0,8,8,4,,,,,,,,1,Jason,1,"['lshift', 'j', 'a', 'o', 's', 'backspace', 'backspace', 's', 'o', 'n', '1', 'backspace']","[2.383973077055998, 2.652271394035779, 3.0857617560541257, 3.5686651990981773, 3.7332526340615004, 4.051145268022083, 4.20140819507651, 4.318790166056715, 4.702074208995327, 5.085101506090723, 7.617627808009274, 8.581169874989428]",[2.3839,2.3839,1,0.285667651,,,38,1,2019_Apr_12_1401,FaceNameBlocked,3.0.0,59.96465504
FacesBlock1.xlsx,Jenna.mp4,Jenna.JPG,Jenna,6,0,0,0,0,0,5,5,6,,,,,,,0,2,0.702734944,,,,,,,,0,0,,,,,38,1,2019_Apr_12_1401,FaceNameBlocked,3.0.0,59.96465504
FacesBlock1.xlsx,Jenna.mp4,Jenna.JPG,Jenna,6,0,0,0,0,,,,,0,11,11,6,,,,,,,,0,Emma,0,"['lshift', 'e', 'm', 'm', 'a', 'return']","[4.782090538064949, 5.683776166057214, 6.132812976022251, 6.399528713081963, 6.966400001081638, 8.065096870996058]",[4.7820,4.782,1,1.868185002,,,38,1,2019_Apr_12_1401,FaceNameBlocked,3.0.0,59.96465504
FacesBlock2.xlsx,Jeremy.mp4,Jeremy.JPG,Jeremy,15,0,1,1,1,0,0,0,0,,,,,,,0,1,1.718555822,,,,,,,,0,0,,,,,38,1,2019_Apr_12_1401,FaceNameBlocked,3.0.0,59.96465504
FacesBlock2.xlsx,Jeremy.mp4,Jeremy.JPG,Jeremy,15,0,1,1,1,,,,,0,9,9,0,,,,,,,,0,,0,None,,0,0,4,1.499753368,,,38,1,2019_Apr_12_1401,FaceNameBlocked,3.0.0,59.96465504
FacesBlock1.xlsx,Jessica.mp4,Jessica.JPG,Jessica,8,0,0,0,0,0,4,4,8,,,,,,,0,2,0.450291467,,,,,,,,0,0,,,,,38,1,2019_Apr_12_1401,FaceNameBlocked,3.0.0,59.96465504
FacesBlock1.xlsx,Jessica.mp4,Jessica.JPG,Jessica,8,0,0,0,0,,,,,0,12,12,8,,,,,,,,0,Natalie,0,"['lshift', 'n', 'a', 't', 'a', 'l', 'i', 'e']","[1.9997063180198893, 2.199951941962354, 2.3521220829570666, 2.5520055450033396, 2.768755789962597, 3.03505555994343, 3.301875829929486, 3.4514111309545115]",[1.9997,1.9997,2,0.285470709,,,38,1,2019_Apr_12_1401,FaceNameBlocked,3.0.0,59.96465504
FacesBlock2.xlsx,Josh.mp4,Josh.JPG,Josh,19,0,1,1,1,0,13,13,4,,,,,,,0,1,0.669714402,,,,,,,,0,0,,,,,38,1,2019_Apr_12_1401,FaceNameBlocked,3.0.0,59.96465504
FacesBlock2.xlsx,Josh.mp4,Josh.JPG,Josh,19,0,1,1,1,,,,,0,0,0,4,,,,,,space,7.449054095,0,Justin,0,"['lshift', 'j', 'u', 's', 't', 'i', 'n']","[1.5170942379627377, 2.201541371992789, 2.4346245389897376, 2.601346686948091, 2.884355328977108, 3.0015221289359033, 3.850716667016968]",[1.5170,1.517,3,0.352217636,,,38,1,2019_Apr_12_1401,FaceNameBlocked,3.0.0,59.96465504
FacesBlock1.xlsx,Julia.mp4,Julia.JPG,Julia,13,0,0,0,0,0,0,0,13,,,,,,,1,2,2.502126837,,,,,,,,0,0,,,,,38,1,2019_Apr_12_1401,FaceNameBlocked,3.0.0,59.96465504
FacesBlock1.xlsx,Julia.mp4,Julia.JPG,Julia,13,0,0,0,0,,,,,0,7,7,13,,,,,,,,0,,0,None,,0,0,1,2.251773543,,,38,1,2019_Apr_12_1401,FaceNameBlocked,3.0.0,59.96465504
FacesBlock2.xlsx,Justin.mp4,Justin.JPG,Justin,27,0,1,1,1,0,1,1,12,,,,,,,1,1,0.502460196,,,,,,,,0,0,,,,,38,1,2019_Apr_12_1401,FaceNameBlocked,3.0.0,59.96465504
FacesBlock2.xlsx,Justin.mp4,Justin.JPG,Justin,27,0,1,1,1,,,,,0,6,6,12,,,,,,,,1,Justin,1,"['1', 'backspace', 'backspace', 'lshift', 'j', 'u', 's', 't', 'i', 'n']","[1.2673665700713173, 2.6360644180094823, 2.8525078740203753, 5.117248547961935, 5.635119233978912, 6.102201658068225, 6.33523852203507, 6.885260232025757, 7.067869695019908, 7.301929633016698]",[1.2673,1.2673,1,1.619533038,,,38,1,2019_Apr_12_1401,FaceNameBlocked,3.0.0,59.96465504
FacesBlock4.xlsx,Katie.mp4,Katie.JPG,Katie,54,0,3,3,3,0,9,9,9,,,,,,,0,2,0.804398947,,,,,,,,0,0,,,,,38,1,2019_Apr_12_1401,FaceNameBlocked,3.0.0,59.96465504
FacesBlock4.xlsx,Katie.mp4,Katie.JPG,Katie,54,0,3,3,3,,,,,0,2,2,9,,,,,,,,1,Kate,1,"['lshift', 'k', 'a', 't', 'e', 'return']","[3.4834881360875443, 4.585820224019699, 4.78457172610797, 5.101250980049372, 5.60092378302943, 7.617279567057267]",[3.4834,3.4834,2,0.569502477,,,38,1,2019_Apr_12_1401,FaceNameBlocked,3.0.0,59.96465504
FacesBlock3.xlsx,Kayla.mp4,Kayla.JPG,Kayla,34,0,2,2,2,0,4,4,4,,,,,,,1,2,0.271376999,,,,,,,,0,0,,,,,38,1,2019_Apr_12_1401,FaceNameBlocked,3.0.0,59.96465504
FacesBlock3.xlsx,Kayla.mp4,Kayla.JPG,Kayla,34,0,2,2,2,,,,,0,12,12,4,,,,,,,,0,Kate,0,"['lshift', 'k', 'a', 't', 'e']","[5.965674882056192, 6.118051031022333, 6.267716360045597, 6.751369999023154, 6.917777487076819]",[5.9656,5.9656,1,0.216858734,,,38,1,2019_Apr_12_1401,FaceNameBlocked,3.0.0,59.96465504
FacesBlock1.xlsx,Kelsey.mp4,Kelsey.JPG,Kelsey,12,0,0,0,0,0,9,9,12,,,,,,,1,2,0.686035516,,,,,,,,0,0,,,,,38,1,2019_Apr_12_1401,FaceNameBlocked,3.0.0,59.96465504
FacesBlock1.xlsx,Kelsey.mp4,Kelsey.JPG,Kelsey,12,0,0,0,0,,,,,0,5,5,12,,,,,,,,0,,0,None,,0,0,1,1.318268557,,,38,1,2019_Apr_12_1401,FaceNameBlocked,3.0.0,59.96465504
FacesBlock3.xlsx,Kevin.mp4,Kevin.JPG,Kevin,41,0,2,2,2,0,11,11,11,,,,,,,0,1,0.620339,,,,,,,,0,0,,,,,38,1,2019_Apr_12_1401,FaceNameBlocked,3.0.0,59.96465504
FacesBlock3.xlsx,Kevin.mp4,Kevin.JPG,Kevin,41,0,2,2,2,,,,,0,9,9,11,,,,,,,,0,Dylan,0,"['lshift', 'd', 'y', 'l', 'a', 'n']","[1.5176442239899188, 1.76980537106283, 2.369349396089092, 2.9524018180090934, 3.152471255045384, 3.30223074008245]",[1.5176,1.5176,2,3.684782875,,,38,1,2019_Apr_12_1401,FaceNameBlocked,3.0.0,59.96465504
FacesBlock1.xlsx,Kyle.mp4,Kyle.JPG,Kyle,4,0,0,0,0,0,3,3,4,,,,,,,0,1,0.553261935,,,,,,,,0,0,,,,,38,1,2019_Apr_12_1401,FaceNameBlocked,3.0.0,59.96465504
FacesBlock1.xlsx,Kyle.mp4,Kyle.JPG,Kyle,4,0,0,0,0,,,,,0,3,3,4,,,,,,,,0,Tim,0,"['lshift', 't', 'i', 'm', 't', 'o', 'backspace', 'backspace']","[7.348829163936898, 7.566739810979925, 7.950338783906773, 8.116915372898802, 8.43258205591701, 8.454097653971985, 9.182586305891164, 9.364534645923413]",[7.3488,7.3488,2,1.818455714,,,38,1,2019_Apr_12_1401,FaceNameBlocked,3.0.0,59.96465504
FacesBlock3.xlsx,Lauren.mp4,Lauren.JPG,Lauren,38,0,2,2,2,0,0,0,8,,,,,,,0,2,1.003903502,,,,,,,,0,0,,,,,38,1,2019_Apr_12_1401,FaceNameBlocked,3.0.0,59.96465504
FacesBlock3.xlsx,Lauren.mp4,Lauren.JPG,Lauren,38,0,2,2,2,,,,,0,4,4,8,,,,,,,,0,Chloe,0,"['lshift', 'c', 'h', 'l', 'o', 'e']","[2.5669185729930177, 3.1849757089512423, 4.651683341013268, 5.301215793006122, 5.668085190933198, 6.1670854910044]",[2.5669,2.5669,3,1.985569097,,,38,1,2019_Apr_12_1401,FaceNameBlocked,3.0.0,59.96465504
FacesBlock3.xlsx,Mark.mp4,Mark.JPG,Mark,40,0,2,2,2,0,8,8,10,,,,,,,0,1,0.787423968,,,,,,,,0,0,,,,,38,1,2019_Apr_12_1401,FaceNameBlocked,3.0.0,59.96465504
FacesBlock3.xlsx,Mark.mp4,Mark.JPG,Mark,40,0,2,2,2,,,,,0,7,7,10,,,,,,,,0,matthew,0,"['m', 'a', 't', 't', 'h', 'e', 'w']","[2.9857191880000755, 3.2688289240468293, 3.584993164986372, 3.81881838303525, 4.018718539969996, 4.985046433983371, 5.235074608004652]",[2.9857,2.9857,1,0.386548827,,,38,1,2019_Apr_12_1401,FaceNameBlocked,3.0.0,59.96465504
FacesBlock1.xlsx,Matthew.mp4,Matthew.JPG,Matthew,9,0,0,0,0,0,12,12,9,,,,,,,0,1,0.485474708,,,,,,,,0,0,,,,,38,1,2019_Apr_12_1401,FaceNameBlocked,3.0.0,59.96465504
FacesBlock1.xlsx,Matthew.mp4,Matthew.JPG,Matthew,9,0,0,0,0,,,,,0,14,14,9,,,,,,,,0,,0,"['lshift', 'question', 'lshift', 'i', 'm', 'o', 't', 'h', 'y', 'backspace', 'backspace', 'backspace', 'backspace', 'backspace', 'backspace', 'lshift']","[0.283995567006059, 0.5016073589213192, 5.115174263017252, 5.500343244988471, 5.683489084010944, 5.9003391260048375, 5.920774254947901, 6.149659588932991, 6.316760435001925, 6.566050678957254, 7.548976551974192, 7.748828397016041, 7.948879306903109, 8.114997152937576, 8.281790792010725, 8.730927757918835]",[0.2839,0.2839,4,2.818425888,,,38,1,2019_Apr_12_1401,FaceNameBlocked,3.0.0,59.96465504
FacesBlock2.xlsx,Megan.mp4,Megan.JPG,Megan,25,0,1,1,1,0,5,5,10,,,,,,,1,1,0.252445033,,,,,,,,0,0,,,,,38,1,2019_Apr_12_1401,FaceNameBlocked,3.0.0,59.96465504
FacesBlock2.xlsx,Megan.mp4,Megan.JPG,Megan,25,0,1,1,1,,,,,0,7,7,10,,,,,,,,0,Chloe,0,"['lshift', 'c', 'h', 'l', 'o', 'e']","[3.599522926029749, 4.684968536021188, 4.934871230972931, 5.584192167967558, 5.984159138053656, 6.334202405065298]",[3.5995,3.5995,1,0.852476864,,,38,1,2019_Apr_12_1401,FaceNameBlocked,3.0.0,59.96465504
FacesBlock4.xlsx,Michael.mp4,Michael.JPG,Michael,46,0,3,3,3,0,8,8,1,,,,,,,1,1,0.3203601,,,,,,,,0,0,,,,,38,1,2019_Apr_12_1401,FaceNameBlocked,3.0.0,59.96465504
FacesBlock4.xlsx,Michael.mp4,Michael.JPG,Michael,46,0,3,3,3,,,,,0,11,11,1,,,,,,,,0,chris ,0,"['c', 'h', 'r', 'i', 's', 'space']","[2.0690584040712565, 2.435893769026734, 2.8859323910437524, 3.402433121111244, 3.8189553261036053, 6.351314933039248]",[2.0690,2.069,1,2.434997178,,,38,1,2019_Apr_12_1401,FaceNameBlocked,3.0.0,59.96465504
FacesBlock4.xlsx,Michelle.mp4,Michelle.JPG,Michelle,52,0,3,3,3,0,12,12,7,,,,,,,0,2,0.337000486,,,,,,,,0,0,,,,,38,1,2019_Apr_12_1401,FaceNameBlocked,3.0.0,59.96465504
FacesBlock4.xlsx,Michelle.mp4,Michelle.JPG,Michelle,52,0,3,3,3,,,,,0,3,3,7,,,,,,,,0,kate,0,"['k', 'a', 't', 'e']","[2.2192525869468227, 2.319101469940506, 2.569056144915521, 2.702427187934518]",[2.2192,2.2192,2,0.252988486,,,38,1,2019_Apr_12_1401,FaceNameBlocked,3.0.0,59.96465504
FacesBlock1.xlsx,Natalie.mp4,Natalie.JPG,Natalie,7,0,0,0,0,0,2,2,7,,,,,,,1,2,1.001976169,,,,,,,,0,0,,,,,38,1,2019_Apr_12_1401,FaceNameBlocked,3.0.0,59.96465504
FacesBlock1.xlsx,Natalie.mp4,Natalie.JPG,Natalie,7,0,0,0,0,,,,,0,13,13,7,,,,,,,,0,,0,None,,0,0,4,2.651508972,,,38,1,2019_Apr_12_1401,FaceNameBlocked,3.0.0,59.96465504
FacesBlock3.xlsx,Nathan.mp4,Nathan.JPG,Nathan,37,0,2,2,2,0,6,6,7,,,,,,,1,1,0.42075924,,,,,,,,0,0,,,,,38,1,2019_Apr_12_1401,FaceNameBlocked,3.0.0,59.96465504
FacesBlock3.xlsx,Nathan.mp4,Nathan.JPG,Nathan,37,0,2,2,2,,,,,0,3,3,7,,,,,,,,1,Nathan,1,"['lshift', 'n', 'a', 't', 'h', 'a', 'n']","[1.8839542580535635, 2.119427162106149, 2.2499238260788843, 2.4860676070675254, 2.7191809790674597, 2.918890129076317, 3.066323627019301]",[1.8839,1.8839,3,1.453000279,,,38,1,2019_Apr_12_1401,FaceNameBlocked,3.0.0,59.96465504
FacesBlock3.xlsx,Nicole.mp4,Nicole.JPG,Nicole,43,0,2,2,2,0,14,14,13,,,,,,,1,1,0.253325089,,,,,,,,0,0,,,,,38,1,2019_Apr_12_1401,FaceNameBlocked,3.0.0,59.96465504
FacesBlock3.xlsx,Nicole.mp4,Nicole.JPG,Nicole,43,0,2,2,2,,,,,0,6,6,13,,,,,,,,1,Nicole,1,"['lshift', 'n', 'i', 'c', 'o', 'l', 'e']","[2.034872875898145, 2.219847708940506, 2.3860883879242465, 2.5697498699883, 3.08549416589085, 3.3359201879939064, 3.5358512009261176]",[2.0348,2.0348,4,1.252777221,,,38,1,2019_Apr_12_1401,FaceNameBlocked,3.0.0,59.96465504
FacesBlock3.xlsx,Noah.mp4,Noah.JPG,Noah,31,0,2,2,2,0,10,10,1,,,,,,,1,1,0.304180068,,,,,,,,0,0,,,,,38,1,2019_Apr_12_1401,FaceNameBlocked,3.0.0,59.96465504
FacesBlock3.xlsx,Noah.mp4,Noah.JPG,Noah,31,0,2,2,2,,,,,0,2,2,1,,,,,,,,0,Justin,0,"['lshift', 'j', 'u', 's', 't', 'i', 'n']","[1.884292347007431, 2.202865264029242, 2.40288700198289, 2.502614962984808, 2.6533398660831153, 2.7524429709883407, 2.852491240017116]",[1.8842,1.8842,1,0.419999553,,,38,1,2019_Apr_12_1401,FaceNameBlocked,3.0.0,59.96465504
FacesBlock3.xlsx,Olivia.mp4,Olivia.JPG,Olivia,35,0,2,2,2,0,13,13,5,,,,,,,1,2,1.102934206,,,,,,,,0,0,,,,,38,1,2019_Apr_12_1401,FaceNameBlocked,3.0.0,59.96465504
FacesBlock3.xlsx,Olivia.mp4,Olivia.JPG,Olivia,35,0,2,2,2,,,,,0,14,14,5,,,,,,,,0,Chloe,0,"['lshift', 'c', 'h', 'l', 'o', 'e']","[3.482704024994746, 3.7020394330611452, 4.0347014049766585, 4.785147248068824, 5.068049761001021, 5.6849088689778]",[3.4827,3.4827,1,1.749722779,,,38,1,2019_Apr_12_1401,FaceNameBlocked,3.0.0,59.96465504
FacesBlock2.xlsx,Rachel.mp4,Rachel.JPG,Rachel,29,0,1,1,1,0,14,14,14,,,,,,,0,2,0.501920467,,,,,,,,0,0,,,,,38,1,2019_Apr_12_1401,FaceNameBlocked,3.0.0,59.96465504
FacesBlock2.xlsx,Rachel.mp4,Rachel.JPG,Rachel,29,0,1,1,1,,,,,0,3,3,14,,,,,,,,0,,0,None,,0,0,4,1.453405273,,,38,1,2019_Apr_12_1401,FaceNameBlocked,3.0.0,59.96465504
FacesBlock3.xlsx,Rebecca.mp4,Rebecca.JPG,Rebecca,32,0,2,2,2,0,2,2,2,,,,,,,0,2,0.754302665,,,,,,,,0,0,,,,,38,1,2019_Apr_12_1401,FaceNameBlocked,3.0.0,59.96465504
FacesBlock3.xlsx,Rebecca.mp4,Rebecca.JPG,Rebecca,32,0,2,2,2,,,,,0,1,1,2,,,,,,,,1,Rebecca,1,"['lshift', 'r', 'e', 'b', 'e', 'c', 'c', 'a']","[2.316930875997059, 2.566208158968948, 2.6189630440203473, 2.9691278049722314, 3.101659014937468, 3.9188267670106143, 4.068496653926559, 4.601823822944425]",[2.3169,2.3169,3,0.319066445,,,38,1,2019_Apr_12_1401,FaceNameBlocked,3.0.0,59.96465504
FacesBlock3.xlsx,Sarah.mp4,Sarah.JPG,Sarah,33,0,2,2,2,0,7,7,3,,,,,,,1,2,0.421253362,,,,,,,,0,0,,,,,38,1,2019_Apr_12_1401,FaceNameBlocked,3.0.0,59.96465504
FacesBlock3.xlsx,Sarah.mp4,Sarah.JPG,Sarah,33,0,2,2,2,,,,,0,5,5,3,,,,,,,,0,,0,"['o', 'p', 'h', 'u', 'a', 'backspace', 'backspace', 'backspace', 'backspace', 'backspace']","[4.135092746000737, 4.551908807014115, 5.2016230300068855, 5.384703267016448, 6.0183277420001104, 7.450325247016735, 8.650150057044812, 8.833208132069558, 9.283138851984404, 9.48304346203804]",[4.1350,4.135,4,1.752495982,,,38,1,2019_Apr_12_1401,FaceNameBlocked,3.0.0,59.96465504
FacesBlock3.xlsx,Shelby.mp4,Shelby.JPG,Shelby,36,0,2,2,2,0,9,9,6,,,,,,,1,2,0.271076268,,,,,,,,0,0,,,,,38,1,2019_Apr_12_1401,FaceNameBlocked,3.0.0,59.96465504
FacesBlock3.xlsx,Shelby.mp4,Shelby.JPG,Shelby,36,0,2,2,2,,,,,0,11,11,6,,,,,,,,1,Shelby,1,"['lshift', 's', 'h', 'e', 'l', 'b', 'y']","[1.6838197479955852, 1.903755277977325, 2.1525772450258955, 2.2857204739702865, 2.6856473919469863, 3.052198249963112, 3.2356126790400594]",[1.6838,1.6838,4,1.252961296,,,38,1,2019_Apr_12_1401,FaceNameBlocked,3.0.0,59.96465504
FacesBlock2.xlsx,Steven.mp4,Steven.JPG,Steven,17,0,1,1,1,0,2,2,2,,,,,,,1,1,0.25230613,,,,,,,,0,0,,,,,38,1,2019_Apr_12_1401,FaceNameBlocked,3.0.0,59.96465504
FacesBlock2.xlsx,Steven.mp4,Steven.JPG,Steven,17,0,1,1,1,,,,,0,14,14,2,,,,,,,,0,jacob,0,"['j', 'a', 'c', 'backspace', 'c', 'o', 'b']","[4.335474806954153, 4.585598654928617, 4.968322881963104, 5.750565061927773, 6.664904642966576, 7.333757075946778, 7.550997133017518]",[4.3354,4.3354,2,0.769746675,,,38,1,2019_Apr_12_1401,FaceNameBlocked,3.0.0,59.96465504
FacesBlock4.xlsx,Taylor.mp4,Taylor.JPG,Taylor,45,0,3,3,3,0,11,11,0,,,,,,,1,2,0.220562654,,,,,,,,0,0,,,,,38,1,2019_Apr_12_1401,FaceNameBlocked,3.0.0,59.96465504
FacesBlock4.xlsx,Taylor.mp4,Taylor.JPG,Taylor,45,0,3,3,3,,,,,0,14,14,0,,,,,,,,1,Taylor,1,"['lshift', 'k', 'a', 't', 'e', 'backspace', 'backspace', 'backspace', 'backspace', 'lshift', 't', 'a', 'y', 'l', 'o', 'r']","[1.3826914570527151, 1.6193404559744522, 1.769107587984763, 2.035983594949357, 2.286089868983254, 3.551149175968021, 4.634456251049414, 4.7172191250137985, 5.050661384942941, 5.266325760981999, 5.6318532259901986, 5.834181032027118, 6.0181073469575495, 6.317718673031777, 6.550831401022151, 6.684068329050206]",[1.3826,1.3826,4,1.736174383,,,38,1,2019_Apr_12_1401,FaceNameBlocked,3.0.0,59.96465504
FacesBlock3.xlsx,Thomas.mp4,Thomas.JPG,Thomas,44,0,2,2,2,0,5,5,14,,,,,,,0,1,0.636932655,,,,,,,,0,0,,,,,38,1,2019_Apr_12_1401,FaceNameBlocked,3.0.0,59.96465504
FacesBlock3.xlsx,Thomas.mp4,Thomas.JPG,Thomas,44,0,2,2,2,,,,,0,8,8,14,,,,,,,,0,,0,['lshift'],[6.448761516017839],[6.4487,6.4487,1,1.385634027,,,38,1,2019_Apr_12_1401,FaceNameBlocked,3.0.0,59.96465504
FacesBlock1.xlsx,Timothy.mp4,Timothy.JPG,Timothy,10,0,0,0,0,0,11,11,10,,,,,,,1,1,0.302687999,,,,,,,,0,0,,,,,38,1,2019_Apr_12_1401,FaceNameBlocked,3.0.0,59.96465504
FacesBlock1.xlsx,Timothy.mp4,Timothy.JPG,Timothy,10,0,0,0,0,,,,,0,9,9,10,,,,,,,,1,Timothy,1,"['lshift', 't', 'i', 'n', 'o', 'backspace', 'backspace', 'o', 'backspace', 'm', 'o', 't', 'h', 'y']","[1.3505675110500306, 1.5856350309913978, 1.769200338050723, 1.9523913660086691, 2.1851166450651363, 2.5180883340071887, 2.8347530610626563, 3.468710171058774, 3.950777370017022, 4.551791129051708, 4.834578373003751, 5.001328911981545, 5.133915537968278, 5.350950721069239]",[1.3505,1.3505,3,0.50216767,,,38,1,2019_Apr_12_1401,FaceNameBlocked,3.0.0,59.96465504
FacesBlock2.xlsx,Trevor.mp4,Trevor.JPG,Trevor,21,0,1,1,1,0,12,12,6,,,,,,,1,1,0.352851781,,,,,,,,0,0,,,,,38,1,2019_Apr_12_1401,FaceNameBlocked,3.0.0,59.96465504
FacesBlock2.xlsx,Trevor.mp4,Trevor.JPG,Trevor,21,0,1,1,1,,,,,0,8,8,6,,,,,,,,0,Adam ,0,"['lshift', 'a', 'd', 'a', 'm', 'space']","[1.9340206410270184, 2.31907659501303, 2.6186489020474255, 2.951763301040046, 3.701868255971931, 6.75085621397011]",[1.9340,1.934,1,0.868923894,,,38,1,2019_Apr_12_1401,FaceNameBlocked,3.0.0,59.96465504
FacesBlock2.xlsx,Tyler.mp4,Tyler.JPG,Tyler,22,0,1,1,1,0,3,3,7,,,,,,,0,1,0.369558617,,,,,,,,0,0,,,,,38,1,2019_Apr_12_1401,FaceNameBlocked,3.0.0,59.96465504
FacesBlock2.xlsx,Tyler.mp4,Tyler.JPG,Tyler,22,0,1,1,1,,,,,0,1,1,7,,,,,,,,0,aaron,0,"['a', 'a', 'r', 'o', 'n']","[3.4680739450268447, 4.084941296023317, 4.7176996159832925, 4.9179025570629165, 5.234571567038074]",[3.4680,3.468,1,0.269350018,,,38,1,2019_Apr_12_1401,FaceNameBlocked,3.0.0,59.96465504
,,,,,,,,,,,,,,,,,space,8.550376075,,,,,,,,,,,,,,,,,38,1,2019_Apr_12_1401,FaceNameBlocked,3.0.0,59.96465504
,,,,,,,,,,,,,,,,,,,,,,,,,,,,,,,,,space,1.202548077,38,1,2019_Apr_12_1401,FaceNameBlocked,3.0.0,59.96465504