condsFile,Video,Photo,Name,Row,blocks.thisRepN,blocks.thisTrialN,blocks.thisN,blocks.thisIndex,presentations.thisRepN,presentations.thisTrialN,presentations.thisN,presentations.thisIndex,testing.thisRepN,testing.thisTrialN,testing.thisN,testing.thisIndex,advance_1.keys,advance_1.rt,currentCond,judgementResp.keys,judgementResp.rt,advance_2.keys,advance_2.rt,CorrectResponses,inputText,Accuracy,key_resp_3.keys,key_resp_3.rt,trim1,key_resp3_fin,rating_resp.keys,rating_resp.rt,end_key.keys,end_key.rt,participant,session,date,expName,psychopyVersion,frameRate
FacesBlock2.xlsx,Aaron.mp4,Aaron.JPG,Aaron,18,0,1,1,1,0,3,3,3,,,,,,,0,1,0.269587438,,,,,,,,0,0,,,,,26,1,2019_Mar_13_1401,FaceNameBlocked,3.0.0,60.00619288
FacesBlock2.xlsx,Aaron.mp4,Aaron.JPG,Aaron,18,0,1,1,1,,,,,0,8,8,3,,,,,,,,1,Aaron,1,"['lshift', 'a', 'a', 'o', 'backspace', 'r', 'o', 'n']","[2.7834725000000162, 5.517170506000184, 5.933776507000175, 6.3168013100000735, 6.716146050000134, 6.8832434620001095, 7.283396230000108, 7.949295055999983]",[2.7834,2.7834,1,0.868271159,,,26,1,2019_Mar_13_1401,FaceNameBlocked,3.0.0,60.00619288
FacesBlock1.xlsx,Adam.mp4,Adam.JPG,Adam,5,0,0,0,0,0,12,12,5,,,,,,,1,1,0.302291759,,,,,,,,0,0,,,,,26,1,2019_Mar_13_1401,FaceNameBlocked,3.0.0,60.00619288
FacesBlock1.xlsx,Adam.mp4,Adam.JPG,Adam,5,0,0,0,0,,,,,0,2,2,5,,,,,,,,0,,0,None,,0,0,1,1.13505151,,,26,1,2019_Mar_13_1401,FaceNameBlocked,3.0.0,60.00619288
FacesBlock4.xlsx,Alyssa.mp4,Alyssa.JPG,Alyssa,55,0,3,3,3,0,11,11,10,,,,,,,0,2,0.269806159,,,,,,,,0,0,,,,,26,1,2019_Mar_13_1401,FaceNameBlocked,3.0.0,60.00619288
FacesBlock4.xlsx,Alyssa.mp4,Alyssa.JPG,Alyssa,55,0,3,3,3,,,,,0,2,2,10,,,,,,,,0,,0,None,,0,0,1,0.802005688,,,26,1,2019_Mar_13_1401,FaceNameBlocked,3.0.0,60.00619288
FacesBlock1.xlsx,Amanda.mp4,Amanda.JPG,Amanda,2,0,0,0,0,0,5,5,2,,,,,,,0,2,0.385903083,,,,,,,,0,0,,,,,26,1,2019_Mar_13_1401,FaceNameBlocked,3.0.0,60.00619288
FacesBlock1.xlsx,Amanda.mp4,Amanda.JPG,Amanda,2,0,0,0,0,,,,,0,0,0,2,,,,,,space,21.54503529,0,Jessica,0,"['lshift', 'j', 'e', 's', 's', 'i', 'c', 'a', 'return', 'space', 'return', 'backspace']","[1.750305527999899, 2.6020871629999647, 2.801167667999948, 3.1350717919999624, 3.4185955639999293, 3.618266252000012, 3.718415727999968, 3.884058825000011, 3.917588491999936, 6.067217408999909, 7.582960680999918, 9.49942668299991]",[1.7503,1.7503,1,3.618128694,,,26,1,2019_Mar_13_1401,FaceNameBlocked,3.0.0,60.00619288
FacesBlock4.xlsx,Andrew.mp4,Andrew.JPG,Andrew,51,0,3,3,3,0,8,8,6,,,,,,,1,1,0.102986225,,,,,,,,0,0,,,,,26,1,2019_Mar_13_1401,FaceNameBlocked,3.0.0,60.00619288
FacesBlock4.xlsx,Andrew.mp4,Andrew.JPG,Andrew,51,0,3,3,3,,,,,0,12,12,6,,,,,,,,0,,0,None,,0,0,1,0.766833138,,,26,1,2019_Mar_13_1401,FaceNameBlocked,3.0.0,60.00619288
FacesBlock4.xlsx,Anna.mp4,Anna.JPG,Anna,47,0,3,3,3,0,7,7,2,,,,,,,0,2,0.469571724,,,,,,,,0,0,,,,,26,1,2019_Mar_13_1401,FaceNameBlocked,3.0.0,60.00619288
FacesBlock4.xlsx,Anna.mp4,Anna.JPG,Anna,47,0,3,3,3,,,,,0,13,13,2,,,,,,,,0,,0,None,,0,0,1,0.235658868,,,26,1,2019_Mar_13_1401,FaceNameBlocked,3.0.0,60.00619288
FacesBlock2.xlsx,Ashley.mp4,Ashley.JPG,Ashley,24,0,1,1,1,0,11,11,9,,,,,,,1,2,0.236165172,,,,,,,,0,0,,,,,26,1,2019_Mar_13_1401,FaceNameBlocked,3.0.0,60.00619288
FacesBlock2.xlsx,Ashley.mp4,Ashley.JPG,Ashley,24,0,1,1,1,,,,,0,3,3,9,,,,,,,,0,Heather,0,"['lshift', 'h', 'e', 'a', 't', 'h', 'e', 'r']","[1.867117559999997, 2.2187137959999745, 2.6346732419999626, 2.8517244779998236, 3.1010834839999006, 3.350610385999971, 3.601013546999866, 3.767709031999857]",[1.8671,1.8671,1,0.402018625,,,26,1,2019_Mar_13_1401,FaceNameBlocked,3.0.0,60.00619288
FacesBlock1.xlsx,Bradley.mp4,Bradley.JPG,Bradley,14,0,0,0,0,0,1,1,14,,,,,,,0,1,0.352582564,,,,,,,,0,0,,,,,26,1,2019_Mar_13_1401,FaceNameBlocked,3.0.0,60.00619288
FacesBlock1.xlsx,Bradley.mp4,Bradley.JPG,Bradley,14,0,0,0,0,,,,,0,7,7,14,,,,,,,,0,Aaron,0,"['lshift', 'a', 'a', 'r', 'o', 'n']","[2.0337221260000433, 2.4022059030000946, 2.6354836410000644, 2.8519937900000514, 3.0680287330000056, 4.451288957000088]",[2.0337,2.0337,2,3.38392387,,,26,1,2019_Mar_13_1401,FaceNameBlocked,3.0.0,60.00619288
FacesBlock4.xlsx,Brandon.mp4,Brandon.JPG,Brandon,56,0,3,3,3,0,5,5,11,,,,,,,1,1,0.185715597,,,,,,,,0,0,,,,,26,1,2019_Mar_13_1401,FaceNameBlocked,3.0.0,60.00619288
FacesBlock4.xlsx,Brandon.mp4,Brandon.JPG,Brandon,56,0,3,3,3,,,,,0,10,10,11,,,,,,,,0,,0,None,,0,0,1,0.352159344,,,26,1,2019_Mar_13_1401,FaceNameBlocked,3.0.0,60.00619288
FacesBlock4.xlsx,Brian.mp4,Brian.JPG,Brian,53,0,3,3,3,0,9,9,8,,,,,,,1,1,0.253216158,,,,,,,,0,0,,,,,26,1,2019_Mar_13_1401,FaceNameBlocked,3.0.0,60.00619288
FacesBlock4.xlsx,Brian.mp4,Brian.JPG,Brian,53,0,3,3,3,,,,,0,11,11,8,,,,,,,,0,Brandon,0,"['lshift', 'b', 'r', 'a', 'n', 'd', 'o', 'n']","[1.2668705380001484, 1.6356513890000315, 1.818877964999956, 1.9689099860001988, 2.0355520200000683, 2.202183958000205, 2.399923078000029, 2.4350207590000537]",[1.2668,1.2668,4,0.268808268,,,26,1,2019_Mar_13_1401,FaceNameBlocked,3.0.0,60.00619288
FacesBlock4.xlsx,Brianna.mp4,Brianna.JPG,Brianna,48,0,3,3,3,0,4,4,3,,,,,,,0,2,0.302867835,,,,,,,,0,0,,,,,26,1,2019_Mar_13_1401,FaceNameBlocked,3.0.0,60.00619288
FacesBlock4.xlsx,Brianna.mp4,Brianna.JPG,Brianna,48,0,3,3,3,,,,,0,8,8,3,,,,,,,,0,Brittany,0,"['lshift', 'b', 'r', 'i', 't', 't', 'a', 'n', 'y']","[2.7665950079999675, 3.034075864999977, 3.267064758000288, 3.3836194820000856, 3.7172729040003105, 3.934335762000046, 4.050746188000176, 4.184409301999949, 4.267198155000187]",[2.7665,2.7665,1,0.385865153,,,26,1,2019_Mar_13_1401,FaceNameBlocked,3.0.0,60.00619288
FacesBlock2.xlsx,Brittany.mp4,Brittany.JPG,Brittany,28,0,1,1,1,0,14,14,13,,,,,,,0,2,0.235552275,,,,,,,,0,0,,,,,26,1,2019_Mar_13_1401,FaceNameBlocked,3.0.0,60.00619288
FacesBlock2.xlsx,Brittany.mp4,Brittany.JPG,Brittany,28,0,1,1,1,,,,,0,13,13,13,,,,,,,,0,,0,None,,0,0,1,0.368260638,,,26,1,2019_Mar_13_1401,FaceNameBlocked,3.0.0,60.00619288
FacesBlock4.xlsx,Caleb.mp4,Caleb.JPG,Caleb,59,0,3,3,3,0,0,0,14,,,,,,,1,1,5.667903463,,,,,,,,0,0,,,,,26,1,2019_Mar_13_1401,FaceNameBlocked,3.0.0,60.00619288
FacesBlock4.xlsx,Caleb.mp4,Caleb.JPG,Caleb,59,0,3,3,3,,,,,0,14,14,14,,,,,,,,0,,0,None,,0,0,1,0.402125685,,,26,1,2019_Mar_13_1401,FaceNameBlocked,3.0.0,60.00619288
FacesBlock2.xlsx,Cody.mp4,Cody.JPG,Cody,23,0,1,1,1,0,1,1,8,,,,,,,1,1,0.302976794,,,,,,,,0,0,,,,,26,1,2019_Mar_13_1401,FaceNameBlocked,3.0.0,60.00619288
FacesBlock2.xlsx,Cody.mp4,Cody.JPG,Cody,23,0,1,1,1,,,,,0,5,5,8,,,,,,,,0,,0,None,,0,0,1,0.45158584,,,26,1,2019_Mar_13_1401,FaceNameBlocked,3.0.0,60.00619288
FacesBlock3.xlsx,Courtney.mp4,Courtney.JPG,Courtney,42,0,2,2,2,0,4,4,12,,,,,,,0,2,0.452983443,,,,,,,,0,0,,,,,26,1,2019_Mar_13_1401,FaceNameBlocked,3.0.0,60.00619288
FacesBlock3.xlsx,Courtney.mp4,Courtney.JPG,Courtney,42,0,2,2,2,,,,,0,12,12,12,,,,,,,,0,Chelsea,0,"['lshift', 'c', 'h', 'e', 'l', 's', 'e', 'a']","[2.0835933989999376, 2.3687584159999915, 2.5188949519999824, 2.6685317320000195, 2.785324361999983, 3.068797171999904, 3.235443362000069, 3.3515836399999444]",[2.0835,2.0835,2,1.184882249,,,26,1,2019_Mar_13_1401,FaceNameBlocked,3.0.0,60.00619288
FacesBlock3.xlsx,Daniel.mp4,Daniel.JPG,Daniel,30,0,2,2,2,0,8,8,0,,,,,,,1,1,0.253067381,,,,,,,,0,0,,,,,26,1,2019_Mar_13_1401,FaceNameBlocked,3.0.0,60.00619288
FacesBlock3.xlsx,Daniel.mp4,Daniel.JPG,Daniel,30,0,2,2,2,,,,,0,14,14,0,,,,,,,,0,,0,None,,0,0,1,0.702117864,,,26,1,2019_Mar_13_1401,FaceNameBlocked,3.0.0,60.00619288
FacesBlock1.xlsx,Danielle.mp4,Danielle.JPG,Danielle,3,0,0,0,0,0,11,11,3,,,,,,,0,2,0.303130808,,,,,,,,0,0,,,,,26,1,2019_Mar_13_1401,FaceNameBlocked,3.0.0,60.00619288
FacesBlock1.xlsx,Danielle.mp4,Danielle.JPG,Danielle,3,0,0,0,0,,,,,0,6,6,3,,,,,,,,0,Sharon,0,"['lshift', 'h', 'a', 'backspace', 'backspace', 'backspace', 'lshift', 's', 'h', 'o', 'backspace', 'r', 'backspace', 'a', 'r', 'o', 'n']","[1.9829804259999264, 2.4344690990000117, 2.767657027999917, 3.8662319619999153, 4.0665125119999175, 4.232973199999947, 5.315086843000017, 5.516593737999983, 5.700651815000015, 6.083096533999992, 6.415860765999923, 6.583076614999982, 6.882036287000005, 7.000145878000012, 7.049772582999935, 7.199859050999976, 8.349516043999984]",[1.9829,1.9829,1,1.768508619,,,26,1,2019_Mar_13_1401,FaceNameBlocked,3.0.0,60.00619288
FacesBlock2.xlsx,David.mp4,David.JPG,David,16,0,1,1,1,0,6,6,1,,,,,,,0,1,0.018550768,,,,,,,,0,0,,,,,26,1,2019_Mar_13_1401,FaceNameBlocked,3.0.0,60.00619288
FacesBlock2.xlsx,David.mp4,David.JPG,David,16,0,1,1,1,,,,,0,10,10,1,,,,,,,,0,,0,None,,0,0,1,0.868772573,,,26,1,2019_Mar_13_1401,FaceNameBlocked,3.0.0,60.00619288
FacesBlock4.xlsx,Dylan.mp4,Dylan.JPG,Dylan,50,0,3,3,3,0,2,2,5,,,,,,,0,1,0.53656678,,,,,,,,0,0,,,,,26,1,2019_Mar_13_1401,FaceNameBlocked,3.0.0,60.00619288
FacesBlock4.xlsx,Dylan.mp4,Dylan.JPG,Dylan,50,0,3,3,3,,,,,0,0,0,5,,,,,,space,17.2302141,0,,0,None,,0,0,1,1.300222409,,,26,1,2019_Mar_13_1401,FaceNameBlocked,3.0.0,60.00619288
FacesBlock4.xlsx,Emily.mp4,Emily.JPG,Emily,57,0,3,3,3,0,10,10,12,,,,,,,1,2,0.602561759,,,,,,,,0,0,,,,,26,1,2019_Mar_13_1401,FaceNameBlocked,3.0.0,60.00619288
FacesBlock4.xlsx,Emily.mp4,Emily.JPG,Emily,57,0,3,3,3,,,,,0,3,3,12,,,,,,,,0,,0,None,,0,0,1,0.451402565,,,26,1,2019_Mar_13_1401,FaceNameBlocked,3.0.0,60.00619288
FacesBlock1.xlsx,Eric.mp4,Eric.JPG,Eric,0,0,0,0,0,0,6,6,0,,,,,,,1,1,0.236049145,,,,,,,,0,0,,,,,26,1,2019_Mar_13_1401,FaceNameBlocked,3.0.0,60.00619288
FacesBlock1.xlsx,Eric.mp4,Eric.JPG,Eric,0,0,0,0,0,,,,,0,9,9,0,,,,,,,,1,Eric,1,"['lshift', 'e', 'r', 'i', 'c']","[2.082221680000089, 2.6978420120000237, 2.950335813000038, 3.133481102000019, 3.2171839670000963]",[2.0822,2.0822,1,1.235690459,,,26,1,2019_Mar_13_1401,FaceNameBlocked,3.0.0,60.00619288
FacesBlock1.xlsx,Ethan.mp4,Ethan.JPG,Ethan,11,0,0,0,0,0,8,8,11,,,,,,,1,1,0.303224052,,,,,,,,0,0,,,,,26,1,2019_Mar_13_1401,FaceNameBlocked,3.0.0,60.00619288
FacesBlock1.xlsx,Ethan.mp4,Ethan.JPG,Ethan,11,0,0,0,0,,,,,0,12,12,11,,,,,,,,0,,0,None,,0,0,1,6.567795274,,,26,1,2019_Mar_13_1401,FaceNameBlocked,3.0.0,60.00619288
FacesBlock4.xlsx,Grace.mp4,Grace.JPG,Grace,58,0,3,3,3,0,14,14,13,,,,,,,0,2,0.253130144,,,,,,,,0,0,,,,,26,1,2019_Mar_13_1401,FaceNameBlocked,3.0.0,60.00619288
FacesBlock4.xlsx,Grace.mp4,Grace.JPG,Grace,58,0,3,3,3,,,,,0,1,1,13,,,,,,,,0,,0,None,,0,0,1,1.517787074,,,26,1,2019_Mar_13_1401,FaceNameBlocked,3.0.0,60.00619288
FacesBlock2.xlsx,Haley.mp4,Haley.JPG,Haley,20,0,1,1,1,0,10,10,5,,,,,,,1,2,0.469343934,,,,,,,,0,0,,,,,26,1,2019_Mar_13_1401,FaceNameBlocked,3.0.0,60.00619288
FacesBlock2.xlsx,Haley.mp4,Haley.JPG,Haley,20,0,1,1,1,,,,,0,0,0,5,,,,,,space,29.99235649,0,Heather,0,"['lshift', 'h', 'e', 'a', 't', 'h', 'e', 'r', 'return']","[6.516292802999942, 6.700524888000018, 6.867425424999965, 7.034153352999965, 7.26704146499992, 7.4173176980000335, 7.533990311000025, 7.600685662999922, 7.7497096009999495]",[6.5162,6.5162,1,0.350363871,,,26,1,2019_Mar_13_1401,FaceNameBlocked,3.0.0,60.00619288
FacesBlock1.xlsx,Hannah.mp4,Hannah.JPG,Hannah,1,0,0,0,0,0,7,7,1,,,,,,,1,2,0.436326169,,,,,,,,0,0,,,,,26,1,2019_Mar_13_1401,FaceNameBlocked,3.0.0,60.00619288
FacesBlock1.xlsx,Hannah.mp4,Hannah.JPG,Hannah,1,0,0,0,0,,,,,0,1,1,1,,,,,,,,0,Jessica,0,"['lshift', 'j', 'e', 's', 's', 'i', 'c', 'a', 'return', 'backspace', 'a', 'return', 'space', '1', 'backspace', 'backspace']","[1.984489323000048, 2.6356046900000365, 2.86674971299999, 3.0849966100000756, 3.3020463420000397, 3.6020791270000245, 3.685378495000009, 3.801879897000049, 4.85091214800002, 5.384231784999997, 5.917587506000018, 6.217347580000023, 6.500899215000004, 7.100944697000045, 7.765862052999978, 8.182845853999993]",[1.9844,1.9844,1,0.26869572,,,26,1,2019_Mar_13_1401,FaceNameBlocked,3.0.0,60.00619288
FacesBlock2.xlsx,Heather.mp4,Heather.JPG,Heather,26,0,1,1,1,0,7,7,11,,,,,,,0,2,0.352740102,,,,,,,,0,0,,,,,26,1,2019_Mar_13_1401,FaceNameBlocked,3.0.0,60.00619288
FacesBlock2.xlsx,Heather.mp4,Heather.JPG,Heather,26,0,1,1,1,,,,,0,2,2,11,,,,,,,,1,Heather,1,"['lshift', 'h', 'e', 'a', 't', 'h', 'e', 'r']","[1.8007733039999039, 2.2519067189998623, 2.518540952999956, 2.7009763859998657, 2.851554239000052, 3.051627058999884, 3.1519990609999695, 3.2348929239999507]",[1.8007,1.8007,1,0.685113677,,,26,1,2019_Mar_13_1401,FaceNameBlocked,3.0.0,60.00619288
FacesBlock3.xlsx,Jacob.mp4,Jacob.JPG,Jacob,39,0,2,2,2,0,10,10,9,,,,,,,1,1,0.235703073,,,,,,,,0,0,,,,,26,1,2019_Mar_13_1401,FaceNameBlocked,3.0.0,60.00619288
FacesBlock3.xlsx,Jacob.mp4,Jacob.JPG,Jacob,39,0,2,2,2,,,,,0,1,1,9,,,,,,,,1,Jacob,1,"['lshift', 'j', 'a', 'c', 'o', 'b']","[3.231824050999876, 3.566253265999876, 3.7491594620000797, 3.9492378990000816, 4.383038979000048, 4.515981106000027]",[3.2318,3.2318,4,1.73511549,,,26,1,2019_Mar_13_1401,FaceNameBlocked,3.0.0,60.00619288
FacesBlock4.xlsx,Jason.mp4,Jason.JPG,Jason,49,0,3,3,3,0,6,6,4,,,,,,,0,1,0.41980542,,,,,,,,0,0,,,,,26,1,2019_Mar_13_1401,FaceNameBlocked,3.0.0,60.00619288
FacesBlock4.xlsx,Jason.mp4,Jason.JPG,Jason,49,0,3,3,3,,,,,0,5,5,4,,,,,,,,0,,0,None,,0,0,1,1.16812343,,,26,1,2019_Mar_13_1401,FaceNameBlocked,3.0.0,60.00619288
FacesBlock1.xlsx,Jenna.mp4,Jenna.JPG,Jenna,6,0,0,0,0,0,14,14,6,,,,,,,1,2,0.369792666,,,,,,,,0,0,,,,,26,1,2019_Mar_13_1401,FaceNameBlocked,3.0.0,60.00619288
FacesBlock1.xlsx,Jenna.mp4,Jenna.JPG,Jenna,6,0,0,0,0,,,,,0,14,14,6,,,,,,,,0,Hannah,0,"['lshift', 'h', 'a', 'n', 'n', 'a', 'h']","[1.5170985499999006, 1.8521644229999765, 2.102087691999941, 2.2190693309999006, 2.3853546089999327, 2.5019856669999854, 2.601313860999994]",[1.5170,1.517,1,0.768731421,,,26,1,2019_Mar_13_1401,FaceNameBlocked,3.0.0,60.00619288
FacesBlock2.xlsx,Jeremy.mp4,Jeremy.JPG,Jeremy,15,0,1,1,1,0,0,0,0,,,,,,,1,1,1.719644008,,,,,,,,0,0,,,,,26,1,2019_Mar_13_1401,FaceNameBlocked,3.0.0,60.00619288
FacesBlock2.xlsx,Jeremy.mp4,Jeremy.JPG,Jeremy,15,0,1,1,1,,,,,0,6,6,0,,,,,,,,0,Aaron,0,"['lshift', 'a', 'a', 'r', 'o', 'n']","[3.916014371000074, 4.900229040000113, 5.516759245000003, 5.7835344940001505, 6.0170845350000945, 6.266050411000151]",[3.9160,3.916,1,0.40127382,,,26,1,2019_Mar_13_1401,FaceNameBlocked,3.0.0,60.00619288
FacesBlock1.xlsx,Jessica.mp4,Jessica.JPG,Jessica,8,0,0,0,0,0,3,3,8,,,,,,,0,2,0.269362312,,,,,,,,0,0,,,,,26,1,2019_Mar_13_1401,FaceNameBlocked,3.0.0,60.00619288
FacesBlock1.xlsx,Jessica.mp4,Jessica.JPG,Jessica,8,0,0,0,0,,,,,0,3,3,8,,,,,,,,0,Hannah,0,"['lshift', 'h', 'a', 'n', 'n', 'a', 'h', 'return']","[1.9668397189999496, 2.284783936999929, 2.5515673589999324, 2.7683323960000052, 2.8846933319999835, 3.08469900099999, 3.184597315000019, 3.684142837999957]",[1.9668,1.9668,1,0.285115745,,,26,1,2019_Mar_13_1401,FaceNameBlocked,3.0.0,60.00619288
FacesBlock2.xlsx,Josh.mp4,Josh.JPG,Josh,19,0,1,1,1,0,9,9,4,,,,,,,0,1,0.453011744,,,,,,,,0,0,,,,,26,1,2019_Mar_13_1401,FaceNameBlocked,3.0.0,60.00619288
FacesBlock2.xlsx,Josh.mp4,Josh.JPG,Josh,19,0,1,1,1,,,,,0,7,7,4,,,,,,,,1,Josh,1,"['lshift', 'o', 's', 'h', 'backspace', 'backspace', 'backspace', 'lshift', 'j', 'o', 's', 'h']","[5.832756000000018, 6.517331056000103, 6.667643245000136, 6.817147943000009, 7.482571330000155, 7.665796930999932, 7.832656610999948, 8.098666631000015, 8.366109930999983, 8.499534610999945, 8.664325147999989, 8.733316624000054]",[5.8327,5.8327,3,0.883632386,,,26,1,2019_Mar_13_1401,FaceNameBlocked,3.0.0,60.00619288
FacesBlock1.xlsx,Julia.mp4,Julia.JPG,Julia,13,0,0,0,0,0,9,9,13,,,,,,,0,2,0.253507113,,,,,,,,0,0,,,,,26,1,2019_Mar_13_1401,FaceNameBlocked,3.0.0,60.00619288
FacesBlock1.xlsx,Julia.mp4,Julia.JPG,Julia,13,0,0,0,0,,,,,0,10,10,13,,,,,,,,0,,0,None,,0,0,1,2.118445369,,,26,1,2019_Mar_13_1401,FaceNameBlocked,3.0.0,60.00619288
FacesBlock2.xlsx,Justin.mp4,Justin.JPG,Justin,27,0,1,1,1,0,13,13,12,,,,,,,1,1,0.283371011,,,,,,,,0,0,,,,,26,1,2019_Mar_13_1401,FaceNameBlocked,3.0.0,60.00619288
FacesBlock2.xlsx,Justin.mp4,Justin.JPG,Justin,27,0,1,1,1,,,,,0,14,14,12,,,,,,,,0,,0,None,,0,0,1,0.434921089,,,26,1,2019_Mar_13_1401,FaceNameBlocked,3.0.0,60.00619288
FacesBlock4.xlsx,Katie.mp4,Katie.JPG,Katie,54,0,3,3,3,0,13,13,9,,,,,,,1,2,0.453171069,,,,,,,,0,0,,,,,26,1,2019_Mar_13_1401,FaceNameBlocked,3.0.0,60.00619288
FacesBlock4.xlsx,Katie.mp4,Katie.JPG,Katie,54,0,3,3,3,,,,,0,9,9,9,,,,,,,,0,,0,None,,0,0,1,0.718607529,,,26,1,2019_Mar_13_1401,FaceNameBlocked,3.0.0,60.00619288
FacesBlock3.xlsx,Kayla.mp4,Kayla.JPG,Kayla,34,0,2,2,2,0,5,5,4,,,,,,,1,2,0.802149208,,,,,,,,0,0,,,,,26,1,2019_Mar_13_1401,FaceNameBlocked,3.0.0,60.00619288
FacesBlock3.xlsx,Kayla.mp4,Kayla.JPG,Kayla,34,0,2,2,2,,,,,0,7,7,4,,,,,,,,0,,0,None,,0,0,1,0.352113422,,,26,1,2019_Mar_13_1401,FaceNameBlocked,3.0.0,60.00619288
FacesBlock1.xlsx,Kelsey.mp4,Kelsey.JPG,Kelsey,12,0,0,0,0,0,10,10,12,,,,,,,0,2,0.335309257,,,,,,,,0,0,,,,,26,1,2019_Mar_13_1401,FaceNameBlocked,3.0.0,60.00619288
FacesBlock1.xlsx,Kelsey.mp4,Kelsey.JPG,Kelsey,12,0,0,0,0,,,,,0,8,8,12,,,,,,,,0,Hannah,0,"['lshift', 'h', 'a', 'n', 'n', 'a', 'h']","[2.5335574380000025, 2.8847447850000663, 3.118276311000045, 3.250781888000006, 3.4324258520000512, 3.5671725660000675, 3.6677089890000616]",[2.5335,2.5335,2,5.167335503,,,26,1,2019_Mar_13_1401,FaceNameBlocked,3.0.0,60.00619288
FacesBlock3.xlsx,Kevin.mp4,Kevin.JPG,Kevin,41,0,2,2,2,0,7,7,11,,,,,,,1,1,0.352930751,,,,,,,,0,0,,,,,26,1,2019_Mar_13_1401,FaceNameBlocked,3.0.0,60.00619288
FacesBlock3.xlsx,Kevin.mp4,Kevin.JPG,Kevin,41,0,2,2,2,,,,,0,3,3,11,,,,,,,,0,Tim,0,"['lshift', 't', 'i', 'm']","[3.732527459000039, 4.167588764000129, 5.267445351000106, 6.25020487300003]",[3.7325,3.7325,1,0.968751054,,,26,1,2019_Mar_13_1401,FaceNameBlocked,3.0.0,60.00619288
FacesBlock1.xlsx,Kyle.mp4,Kyle.JPG,Kyle,4,0,0,0,0,0,2,2,4,,,,,,,1,1,0.336398395,,,,,,,,0,0,,,,,26,1,2019_Mar_13_1401,FaceNameBlocked,3.0.0,60.00619288
FacesBlock1.xlsx,Kyle.mp4,Kyle.JPG,Kyle,4,0,0,0,0,,,,,0,13,13,4,,,,,,,,0,Timothy,0,"['lshift', 't', 'i', 'm', 't', 'h', 'backspace', 'backspace', 'o', 't', 'h', 'y']","[1.6667208169999412, 2.0848394820000067, 2.334511164999981, 2.4848340620000045, 2.7850013949999948, 2.9017133539999804, 3.267312328999992, 3.4833544189999657, 3.7509159829999135, 3.9843106119999447, 4.134292684999991, 4.26711964399999]",[1.6667,1.6667,1,1.035364383,,,26,1,2019_Mar_13_1401,FaceNameBlocked,3.0.0,60.00619288
FacesBlock3.xlsx,Lauren.mp4,Lauren.JPG,Lauren,38,0,2,2,2,0,14,14,8,,,,,,,0,2,0.103653383,,,,,,,,0,0,,,,,26,1,2019_Mar_13_1401,FaceNameBlocked,3.0.0,60.00619288
FacesBlock3.xlsx,Lauren.mp4,Lauren.JPG,Lauren,38,0,2,2,2,,,,,0,10,10,8,,,,,,,,0,Chelsea,0,"['lshift', 'c', 'h', 'e', 'l', 's', 'e', 'a']","[5.748555085999897, 8.26600398100004, 8.53252940099992, 8.682859918000077, 8.81601472300008, 9.016128739999886, 9.54901618000008, 9.682295493000083]",[5.7485,5.7485,1,0.618716653,,,26,1,2019_Mar_13_1401,FaceNameBlocked,3.0.0,60.00619288
FacesBlock3.xlsx,Mark.mp4,Mark.JPG,Mark,40,0,2,2,2,0,12,12,10,,,,,,,0,1,0.220130028,,,,,,,,0,0,,,,,26,1,2019_Mar_13_1401,FaceNameBlocked,3.0.0,60.00619288
FacesBlock3.xlsx,Mark.mp4,Mark.JPG,Mark,40,0,2,2,2,,,,,0,11,11,10,,,,,,,,1,Mark,1,"['lshift', 'm', 'a', 'r', 'k']","[1.3165921009999693, 1.6012491769999997, 1.8344630929998402, 1.9346682259999852, 2.0516668179998305]",[1.3165,1.3165,1,0.402034812,,,26,1,2019_Mar_13_1401,FaceNameBlocked,3.0.0,60.00619288
FacesBlock1.xlsx,Matthew.mp4,Matthew.JPG,Matthew,9,0,0,0,0,0,4,4,9,,,,,,,0,1,0.369066933,,,,,,,,0,0,,,,,26,1,2019_Mar_13_1401,FaceNameBlocked,3.0.0,60.00619288
FacesBlock1.xlsx,Matthew.mp4,Matthew.JPG,Matthew,9,0,0,0,0,,,,,0,5,5,9,,,,,,,,0,Eric ,0,"['lshift', 'e', 'i', 'backspace', 'r', 'i', 'c', 'return', 'space']","[1.1173347820000572, 2.1017153710000684, 2.534803913000019, 2.9008821090000083, 3.051288645999989, 3.634516319999989, 3.8014777150000327, 5.349817223000059, 6.564574519000075]",[1.1173,1.1173,2,0.951823376,,,26,1,2019_Mar_13_1401,FaceNameBlocked,3.0.0,60.00619288
FacesBlock2.xlsx,Megan.mp4,Megan.JPG,Megan,25,0,1,1,1,0,8,8,10,,,,,,,1,2,0.470056426,,,,,,,,0,0,,,,,26,1,2019_Mar_13_1401,FaceNameBlocked,3.0.0,60.00619288
FacesBlock2.xlsx,Megan.mp4,Megan.JPG,Megan,25,0,1,1,1,,,,,0,12,12,10,,,,,,,,0,Heather,0,"['lshift', 'h', 'e', 'a', 'h', 'backspace', 't', 'h', 'e', 'r']","[2.4660182289999284, 2.651056830000016, 2.8177002149998316, 2.9344882189998316, 3.100716958000021, 3.4835824529998263, 3.6344369519999873, 3.7675900589999856, 3.850674734999984, 3.9177488769998945]",[2.4660,2.466,1,0.352245435,,,26,1,2019_Mar_13_1401,FaceNameBlocked,3.0.0,60.00619288
FacesBlock4.xlsx,Michael.mp4,Michael.JPG,Michael,46,0,3,3,3,0,3,3,1,,,,,,,0,1,1.452319008,,,,,,,,0,0,,,,,26,1,2019_Mar_13_1401,FaceNameBlocked,3.0.0,60.00619288
FacesBlock4.xlsx,Michael.mp4,Michael.JPG,Michael,46,0,3,3,3,,,,,0,6,6,1,,,,,,,,0,Brian,0,"['lshift', 'b', 'r', 'i', 'a', 'n']","[3.267021440999997, 3.434760666999864, 3.634639608999805, 3.80124676899959, 3.8680236389996026, 4.084069675999672]",[3.2670,3.267,1,0.235758001,,,26,1,2019_Mar_13_1401,FaceNameBlocked,3.0.0,60.00619288
FacesBlock4.xlsx,Michelle.mp4,Michelle.JPG,Michelle,52,0,3,3,3,0,1,1,7,,,,,,,1,2,0.035864346,,,,,,,,0,0,,,,,26,1,2019_Mar_13_1401,FaceNameBlocked,3.0.0,60.00619288
FacesBlock4.xlsx,Michelle.mp4,Michelle.JPG,Michelle,52,0,3,3,3,,,,,0,4,4,7,,,,,,,,0,,0,None,,0,0,1,1.91870607,,,26,1,2019_Mar_13_1401,FaceNameBlocked,3.0.0,60.00619288
FacesBlock1.xlsx,Natalie.mp4,Natalie.JPG,Natalie,7,0,0,0,0,0,0,0,7,,,,,,,1,2,1.418725214,,,,,,,,0,0,,,,,26,1,2019_Mar_13_1401,FaceNameBlocked,3.0.0,60.00619288
FacesBlock1.xlsx,Natalie.mp4,Natalie.JPG,Natalie,7,0,0,0,0,,,,,0,4,4,7,,,,,,,,0,Hannah,0,"['lshift', 'h', 'a', 'n', 'n', 'a', 'h']","[1.6176371369999742, 1.8520778660000587, 2.0834018489999835, 2.218999605000022, 2.3679117400000678, 2.585194007000041, 2.617942916000061]",[1.6176,1.6176,2,0.768554855,,,26,1,2019_Mar_13_1401,FaceNameBlocked,3.0.0,60.00619288
FacesBlock3.xlsx,Nathan.mp4,Nathan.JPG,Nathan,37,0,2,2,2,0,1,1,7,,,,,,,0,1,0.468969749,,,,,,,,0,0,,,,,26,1,2019_Mar_13_1401,FaceNameBlocked,3.0.0,60.00619288
FacesBlock3.xlsx,Nathan.mp4,Nathan.JPG,Nathan,37,0,2,2,2,,,,,0,9,9,7,,,,,,,,0,,0,None,,0,0,1,0.383531183,,,26,1,2019_Mar_13_1401,FaceNameBlocked,3.0.0,60.00619288
FacesBlock3.xlsx,Nicole.mp4,Nicole.JPG,Nicole,43,0,2,2,2,0,0,0,13,,,,,,,1,2,2.402625712,,,,,,,,0,0,,,,,26,1,2019_Mar_13_1401,FaceNameBlocked,3.0.0,60.00619288
FacesBlock3.xlsx,Nicole.mp4,Nicole.JPG,Nicole,43,0,2,2,2,,,,,0,8,8,13,,,,,,,,0,,0,"['1', 'backspace']","[1.5681501779999962, 2.6835293880001245]",[1.5681,1.5681,1,0.336463118,,,26,1,2019_Mar_13_1401,FaceNameBlocked,3.0.0,60.00619288
FacesBlock3.xlsx,Noah.mp4,Noah.JPG,Noah,31,0,2,2,2,0,13,13,1,,,,,,,1,1,0.419774536,,,,,,,,0,0,,,,,26,1,2019_Mar_13_1401,FaceNameBlocked,3.0.0,60.00619288
FacesBlock3.xlsx,Noah.mp4,Noah.JPG,Noah,31,0,2,2,2,,,,,0,6,6,1,,,,,,,,0,,0,None,,0,0,1,0.952076149,,,26,1,2019_Mar_13_1401,FaceNameBlocked,3.0.0,60.00619288
FacesBlock3.xlsx,Olivia.mp4,Olivia.JPG,Olivia,35,0,2,2,2,0,9,9,5,,,,,,,0,2,0.602689406,,,,,,,,0,0,,,,,26,1,2019_Mar_13_1401,FaceNameBlocked,3.0.0,60.00619288
FacesBlock3.xlsx,Olivia.mp4,Olivia.JPG,Olivia,35,0,2,2,2,,,,,0,2,2,5,,,,,,,,0,,0,None,,0,0,1,0.318898168,,,26,1,2019_Mar_13_1401,FaceNameBlocked,3.0.0,60.00619288
FacesBlock2.xlsx,Rachel.mp4,Rachel.JPG,Rachel,29,0,1,1,1,0,5,5,14,,,,,,,0,2,0.269775546,,,,,,,,0,0,,,,,26,1,2019_Mar_13_1401,FaceNameBlocked,3.0.0,60.00619288
FacesBlock2.xlsx,Rachel.mp4,Rachel.JPG,Rachel,29,0,1,1,1,,,,,0,1,1,14,,,,,,,,0,Heather,0,"['lshift', 'h', 'e', 'a', 't', 'h', 'e', 'r']","[0.7497694290000254, 1.2509505640000498, 1.518187171999898, 1.6507762749999983, 1.7680579049999778, 1.9327766009998868, 2.0679058299999724, 2.088522884999975]",[0.7497,0.7497,1,0.301661658,,,26,1,2019_Mar_13_1401,FaceNameBlocked,3.0.0,60.00619288
FacesBlock3.xlsx,Rebecca.mp4,Rebecca.JPG,Rebecca,32,0,2,2,2,0,2,2,2,,,,,,,1,2,0.26643652,,,,,,,,0,0,,,,,26,1,2019_Mar_13_1401,FaceNameBlocked,3.0.0,60.00619288
FacesBlock3.xlsx,Rebecca.mp4,Rebecca.JPG,Rebecca,32,0,2,2,2,,,,,0,13,13,2,,,,,,,,0,,0,None,,0,0,1,0.518985945,,,26,1,2019_Mar_13_1401,FaceNameBlocked,3.0.0,60.00619288
FacesBlock3.xlsx,Sarah.mp4,Sarah.JPG,Sarah,33,0,2,2,2,0,11,11,3,,,,,,,0,2,0.535698352,,,,,,,,0,0,,,,,26,1,2019_Mar_13_1401,FaceNameBlocked,3.0.0,60.00619288
FacesBlock3.xlsx,Sarah.mp4,Sarah.JPG,Sarah,33,0,2,2,2,,,,,0,5,5,3,,,,,,,,0,,0,None,,0,0,1,1.085482562,,,26,1,2019_Mar_13_1401,FaceNameBlocked,3.0.0,60.00619288
FacesBlock3.xlsx,Shelby.mp4,Shelby.JPG,Shelby,36,0,2,2,2,0,6,6,6,,,,,,,0,2,0.969551686,,,,,,,,0,0,,,,,26,1,2019_Mar_13_1401,FaceNameBlocked,3.0.0,60.00619288
FacesBlock3.xlsx,Shelby.mp4,Shelby.JPG,Shelby,36,0,2,2,2,,,,,0,0,0,6,,,,,,space,20.51085917,1,Shelby,1,"['lshift', 's', 'h', 'e', 'l', 'b', 'y', 'return']","[1.4342005989999507, 1.702486829999998, 2.3022898629999418, 2.418706569000051, 2.5521457679999457, 3.018441144999997, 3.234510160000127, 3.367490638999925]",[1.4342,1.4342,4,0.333679218,,,26,1,2019_Mar_13_1401,FaceNameBlocked,3.0.0,60.00619288
FacesBlock2.xlsx,Steven.mp4,Steven.JPG,Steven,17,0,1,1,1,0,12,12,2,,,,,,,1,1,0.252975395,,,,,,,,0,0,,,,,26,1,2019_Mar_13_1401,FaceNameBlocked,3.0.0,60.00619288
FacesBlock2.xlsx,Steven.mp4,Steven.JPG,Steven,17,0,1,1,1,,,,,0,11,11,2,,,,,,,,0,,0,None,,0,0,1,0.535591808,,,26,1,2019_Mar_13_1401,FaceNameBlocked,3.0.0,60.00619288
FacesBlock4.xlsx,Taylor.mp4,Taylor.JPG,Taylor,45,0,3,3,3,0,12,12,0,,,,,,,0,2,0.952708426,,,,,,,,0,0,,,,,26,1,2019_Mar_13_1401,FaceNameBlocked,3.0.0,60.00619288
FacesBlock4.xlsx,Taylor.mp4,Taylor.JPG,Taylor,45,0,3,3,3,,,,,0,7,7,0,,,,,,,,0,,0,None,,0,0,1,0.302314174,,,26,1,2019_Mar_13_1401,FaceNameBlocked,3.0.0,60.00619288
FacesBlock3.xlsx,Thomas.mp4,Thomas.JPG,Thomas,44,0,2,2,2,0,3,3,14,,,,,,,1,1,0.350113606,,,,,,,,0,0,,,,,26,1,2019_Mar_13_1401,FaceNameBlocked,3.0.0,60.00619288
FacesBlock3.xlsx,Thomas.mp4,Thomas.JPG,Thomas,44,0,2,2,2,,,,,0,4,4,14,,,,,,,,0,,0,None,,0,0,1,1.00270442,,,26,1,2019_Mar_13_1401,FaceNameBlocked,3.0.0,60.00619288
FacesBlock1.xlsx,Timothy.mp4,Timothy.JPG,Timothy,10,0,0,0,0,0,13,13,10,,,,,,,1,1,0.31951793,,,,,,,,0,0,,,,,26,1,2019_Mar_13_1401,FaceNameBlocked,3.0.0,60.00619288
FacesBlock1.xlsx,Timothy.mp4,Timothy.JPG,Timothy,10,0,0,0,0,,,,,0,11,11,10,,,,,,,,1,Timothy,1,"['lshift', 't', 'i', 'm', 'o', 't', 'h', 'y']","[1.266981251000061, 1.6177723990000459, 1.8016846650000389, 1.9341085969999767, 2.117846411000073, 2.2505640240000275, 2.384105585000043, 2.551170620999983]",[1.2669,1.2669,2,0.902016878,,,26,1,2019_Mar_13_1401,FaceNameBlocked,3.0.0,60.00619288
FacesBlock2.xlsx,Trevor.mp4,Trevor.JPG,Trevor,21,0,1,1,1,0,4,4,6,,,,,,,0,1,0.40218381,,,,,,,,0,0,,,,,26,1,2019_Mar_13_1401,FaceNameBlocked,3.0.0,60.00619288
FacesBlock2.xlsx,Trevor.mp4,Trevor.JPG,Trevor,21,0,1,1,1,,,,,0,4,4,6,,,,,,,,0,,0,None,,0,0,1,0.801998288,,,26,1,2019_Mar_13_1401,FaceNameBlocked,3.0.0,60.00619288
FacesBlock2.xlsx,Tyler.mp4,Tyler.JPG,Tyler,22,0,1,1,1,0,2,2,7,,,,,,,0,1,0.302866139,,,,,,,,0,0,,,,,26,1,2019_Mar_13_1401,FaceNameBlocked,3.0.0,60.00619288
FacesBlock2.xlsx,Tyler.mp4,Tyler.JPG,Tyler,22,0,1,1,1,,,,,0,9,9,7,,,,,,,,0,,0,None,,0,0,1,0.700164344,,,26,1,2019_Mar_13_1401,FaceNameBlocked,3.0.0,60.00619288
,,,,,,,,,,,,,,,,,space,161.817061,,,,,,,,,,,,,,,,,26,1,2019_Mar_13_1401,FaceNameBlocked,3.0.0,60.00619288
,,,,,,,,,,,,,,,,,,,,,,,,,,,,,,,,,space,76992.96354,26,1,2019_Mar_13_1401,FaceNameBlocked,3.0.0,60.00619288