condsFile,Video,Photo,Name,Row,blocks.thisRepN,blocks.thisTrialN,blocks.thisN,blocks.thisIndex,presentations.thisRepN,presentations.thisTrialN,presentations.thisN,presentations.thisIndex,testing.thisRepN,testing.thisTrialN,testing.thisN,testing.thisIndex,advance_1.keys,advance_1.rt,currentCond,judgementResp.keys,judgementResp.rt,advance_2.keys,advance_2.rt,CorrectResponses,inputText,Accuracy,key_resp_3.keys,key_resp_3.rt,trim1,key_resp3_fin,rating_resp.keys,rating_resp.rt,end_key.keys,end_key.rt,participant,session,date,expName,psychopyVersion,frameRate
FacesBlock2.xlsx,Aaron.mp4,Aaron.JPG,Aaron,18,0,1,1,1,0,4,4,3,,,,,,,0,1,2.701945794,,,,,,,,0,0,,,,,29,1,2019_Apr_03_1000,FaceNameBlocked,3.0.0,59.99759086
FacesBlock2.xlsx,Aaron.mp4,Aaron.JPG,Aaron,18,0,1,1,1,,,,,0,0,0,3,,,,,,space,11.4984769,0,Josh,0,"['lshift', 'j', 'o', 's', 'h']","[6.165917681995779, 6.267405254067853, 6.567043164046481, 6.7333136750385165, 6.867107263067737]",[6.1659,6.1659,1,1.085274576,,,29,1,2019_Apr_03_1000,FaceNameBlocked,3.0.0,59.99759086
FacesBlock1.xlsx,Adam.mp4,Adam.JPG,Adam,5,0,0,0,0,0,1,1,5,,,,,,,0,1,0.936490974,,,,,,,,0,0,,,,,29,1,2019_Apr_03_1000,FaceNameBlocked,3.0.0,59.99759086
FacesBlock1.xlsx,Adam.mp4,Adam.JPG,Adam,5,0,0,0,0,,,,,0,0,0,5,,,,,,space,16.34702682,0,Brad,0,"['rshift', 'b', 'rshift', 'r', 'a', 'd', 'e', 'backspace', 'backspace', 'backspace', 'backspace', 'r', 'a', 'd']","[5.015996439149603, 5.200635668123141, 5.398686492117122, 6.483525633113459, 6.6333926022052765, 6.8334794070106, 7.03339304914698, 7.366013179998845, 7.6158124262001365, 7.749591581057757, 7.882682180032134, 8.266416197177023, 8.432873770128936, 8.68251860118471]",[5.0159,5.0159,1,3.384031359,,,29,1,2019_Apr_03_1000,FaceNameBlocked,3.0.0,59.99759086
FacesBlock4.xlsx,Alyssa.mp4,Alyssa.JPG,Alyssa,55,0,3,3,3,0,5,5,10,,,,,,,1,2,1.285983735,,,,,,,,0,0,,,,,29,1,2019_Apr_03_1000,FaceNameBlocked,3.0.0,59.99759086
FacesBlock4.xlsx,Alyssa.mp4,Alyssa.JPG,Alyssa,55,0,3,3,3,,,,,0,3,3,10,,,,,,,,1,Alyssa,1,"['rshift', 'a', 'l', 'y', 's', 's', 'a']","[1.8832389959134161, 2.0516676909755915, 2.218138667056337, 2.5181604740209877, 2.717834295006469, 2.8829103668686002, 3.1013260949403048]",[1.8832,1.8832,4,0.2852831,,,29,1,2019_Apr_03_1000,FaceNameBlocked,3.0.0,59.99759086
FacesBlock1.xlsx,Amanda.mp4,Amanda.JPG,Amanda,2,0,0,0,0,0,11,11,2,,,,,,,1,2,0.569292457,,,,,,,,0,0,,,,,29,1,2019_Apr_03_1000,FaceNameBlocked,3.0.0,59.99759086
FacesBlock1.xlsx,Amanda.mp4,Amanda.JPG,Amanda,2,0,0,0,0,,,,,0,5,5,2,,,,,,,,0,Sarah,0,"['rshift', 's', 'a', 'r', 'a', 'h']","[2.050880528986454, 2.4520955260377377, 2.7187088620848954, 2.9345841801259667, 3.0526701789349318, 3.168222777079791]",[2.0508,2.0508,1,0.917892633,,,29,1,2019_Apr_03_1000,FaceNameBlocked,3.0.0,59.99759086
FacesBlock4.xlsx,Andrew.mp4,Andrew.JPG,Andrew,51,0,3,3,3,0,4,4,6,,,,,,,0,1,0.752329421,,,,,,,,0,0,,,,,29,1,2019_Apr_03_1000,FaceNameBlocked,3.0.0,59.99759086
FacesBlock4.xlsx,Andrew.mp4,Andrew.JPG,Andrew,51,0,3,3,3,,,,,0,0,0,6,,,,,,space,11.46333907,1,Andrew,1,"['rshift', 'a', 'n', 'd', 'r', 'e', 'w']","[6.432940265862271, 6.58428297098726, 6.817214492009953, 6.9505691030062735, 7.299912303918973, 7.583529995055869, 7.717069831909612]",[6.4329,6.4329,3,1.069009756,,,29,1,2019_Apr_03_1000,FaceNameBlocked,3.0.0,59.99759086
FacesBlock4.xlsx,Anna.mp4,Anna.JPG,Anna,47,0,3,3,3,0,0,0,2,,,,,,,0,2,1.369589593,,,,,,,,0,0,,,,,29,1,2019_Apr_03_1000,FaceNameBlocked,3.0.0,59.99759086
FacesBlock4.xlsx,Anna.mp4,Anna.JPG,Anna,47,0,3,3,3,,,,,0,14,14,2,,,,,,,,0,,0,None,,0,0,1,0.319099515,,,29,1,2019_Apr_03_1000,FaceNameBlocked,3.0.0,59.99759086
FacesBlock2.xlsx,Ashley.mp4,Ashley.JPG,Ashley,24,0,1,1,1,0,0,0,9,,,,,,,0,2,2.119197608,,,,,,,,0,0,,,,,29,1,2019_Apr_03_1000,FaceNameBlocked,3.0.0,59.99759086
FacesBlock2.xlsx,Ashley.mp4,Ashley.JPG,Ashley,24,0,1,1,1,,,,,0,3,3,9,,,,,,,,0,,0,None,,0,0,1,0.835674002,,,29,1,2019_Apr_03_1000,FaceNameBlocked,3.0.0,59.99759086
FacesBlock1.xlsx,Bradley.mp4,Bradley.JPG,Bradley,14,0,0,0,0,0,9,9,14,,,,,,,0,1,1.252580324,,,,,,,,0,0,,,,,29,1,2019_Apr_03_1000,FaceNameBlocked,3.0.0,59.99759086
FacesBlock1.xlsx,Bradley.mp4,Bradley.JPG,Bradley,14,0,0,0,0,,,,,0,8,8,14,,,,,,,,0,Paul,0,"['lshift', 'p', 'a', 'u', 'l']","[6.714996175142005, 6.949945293134078, 7.932729429099709, 9.182381454156712, 9.582145306980237]",[6.7149,6.7149,1,3.701628233,,,29,1,2019_Apr_03_1000,FaceNameBlocked,3.0.0,59.99759086
FacesBlock4.xlsx,Brandon.mp4,Brandon.JPG,Brandon,56,0,3,3,3,0,11,11,11,,,,,,,0,1,0.85282192,,,,,,,,0,0,,,,,29,1,2019_Apr_03_1000,FaceNameBlocked,3.0.0,59.99759086
FacesBlock4.xlsx,Brandon.mp4,Brandon.JPG,Brandon,56,0,3,3,3,,,,,0,9,9,11,,,,,,,,0,,0,None,,0,0,1,0.568868386,,,29,1,2019_Apr_03_1000,FaceNameBlocked,3.0.0,59.99759086
FacesBlock4.xlsx,Brian.mp4,Brian.JPG,Brian,53,0,3,3,3,0,1,1,8,,,,,,,0,1,3.715710484,,,,,,,,0,0,,,,,29,1,2019_Apr_03_1000,FaceNameBlocked,3.0.0,59.99759086
FacesBlock4.xlsx,Brian.mp4,Brian.JPG,Brian,53,0,3,3,3,,,,,0,13,13,8,,,,,,,,1,Brian,1,"['rshift', 'b', 'r', 'i', 'a', 'n']","[1.4661992089822888, 1.5855612850282341, 2.3015685209538788, 2.584240705007687, 2.7349341220688075, 2.852065507089719]",[1.4661,1.4661,4,0.300244513,,,29,1,2019_Apr_03_1000,FaceNameBlocked,3.0.0,59.99759086
FacesBlock4.xlsx,Brianna.mp4,Brianna.JPG,Brianna,48,0,3,3,3,0,2,2,3,,,,,,,1,2,2.368932393,,,,,,,,0,0,,,,,29,1,2019_Apr_03_1000,FaceNameBlocked,3.0.0,59.99759086
FacesBlock4.xlsx,Brianna.mp4,Brianna.JPG,Brianna,48,0,3,3,3,,,,,0,10,10,3,,,,,,,,0,,0,None,,0,0,1,1.234873289,,,29,1,2019_Apr_03_1000,FaceNameBlocked,3.0.0,59.99759086
FacesBlock2.xlsx,Brittany.mp4,Brittany.JPG,Brittany,28,0,1,1,1,0,2,2,13,,,,,,,1,2,1.619228778,,,,,,,,0,0,,,,,29,1,2019_Apr_03_1000,FaceNameBlocked,3.0.0,59.99759086
FacesBlock2.xlsx,Brittany.mp4,Brittany.JPG,Brittany,28,0,1,1,1,,,,,0,10,10,13,,,,,,,,0,Sarah,0,"['lshift', 's', 'a', 'r', 'a', 'h']","[2.482676445040852, 2.7178187440149486, 2.984815956093371, 3.2346817450597882, 3.4172997111454606, 3.634438790148124]",[2.4826,2.4826,2,2.035105747,,,29,1,2019_Apr_03_1000,FaceNameBlocked,3.0.0,59.99759086
FacesBlock4.xlsx,Caleb.mp4,Caleb.JPG,Caleb,59,0,3,3,3,0,13,13,14,,,,,,,0,1,1.037001041,,,,,,,,0,0,,,,,29,1,2019_Apr_03_1000,FaceNameBlocked,3.0.0,59.99759086
FacesBlock4.xlsx,Caleb.mp4,Caleb.JPG,Caleb,59,0,3,3,3,,,,,0,4,4,14,,,,,,,,1,Caleb,1,"['rshift', 'c', 'a', 'l', 'e', 'b']","[1.6667875540442765, 1.8345886641182005, 2.068079964024946, 2.2517751639243215, 2.4180916000623256, 2.6517574060708284]",[1.6667,1.6667,3,0.252475537,,,29,1,2019_Apr_03_1000,FaceNameBlocked,3.0.0,59.99759086
FacesBlock2.xlsx,Cody.mp4,Cody.JPG,Cody,23,0,1,1,1,0,1,1,8,,,,,,,0,1,1.919105102,,,,,,,,0,0,,,,,29,1,2019_Apr_03_1000,FaceNameBlocked,3.0.0,59.99759086
FacesBlock2.xlsx,Cody.mp4,Cody.JPG,Cody,23,0,1,1,1,,,,,0,4,4,8,,,,,,,,0,,0,None,,0,0,1,0.985052177,,,29,1,2019_Apr_03_1000,FaceNameBlocked,3.0.0,59.99759086
FacesBlock3.xlsx,Courtney.mp4,Courtney.JPG,Courtney,42,0,2,2,2,0,12,12,12,,,,,,,1,2,0.219741879,,,,,,,,0,0,,,,,29,1,2019_Apr_03_1000,FaceNameBlocked,3.0.0,59.99759086
FacesBlock3.xlsx,Courtney.mp4,Courtney.JPG,Courtney,42,0,2,2,2,,,,,0,14,14,12,,,,,,,,0,Megan,0,"['lshift', 'm', 'e', 'g', 'a', 'n']","[5.765299633843824, 6.50014041387476, 6.915993352886289, 7.166533716954291, 7.299384070793167, 7.4159358309116215]",[5.7652,5.7652,1,1.118426072,,,29,1,2019_Apr_03_1000,FaceNameBlocked,3.0.0,59.99759086
FacesBlock3.xlsx,Daniel.mp4,Daniel.JPG,Daniel,30,0,2,2,2,0,6,6,0,,,,,,,0,1,0.353792776,,,,,,,,0,0,,,,,29,1,2019_Apr_03_1000,FaceNameBlocked,3.0.0,59.99759086
FacesBlock3.xlsx,Daniel.mp4,Daniel.JPG,Daniel,30,0,2,2,2,,,,,0,4,4,0,,,,,,,,0,,0,None,,0,0,1,1.051742798,,,29,1,2019_Apr_03_1000,FaceNameBlocked,3.0.0,59.99759086
FacesBlock1.xlsx,Danielle.mp4,Danielle.JPG,Danielle,3,0,0,0,0,0,2,2,3,,,,,,,0,2,0.403010722,,,,,,,,0,0,,,,,29,1,2019_Apr_03_1000,FaceNameBlocked,3.0.0,59.99759086
FacesBlock1.xlsx,Danielle.mp4,Danielle.JPG,Danielle,3,0,0,0,0,,,,,0,4,4,3,,,,,,,,0,,0,None,,0,0,1,1.085655807,,,29,1,2019_Apr_03_1000,FaceNameBlocked,3.0.0,59.99759086
FacesBlock2.xlsx,David.mp4,David.JPG,David,16,0,1,1,1,0,9,9,1,,,,,,,1,1,0.436197485,,,,,,,,0,0,,,,,29,1,2019_Apr_03_1000,FaceNameBlocked,3.0.0,59.99759086
FacesBlock2.xlsx,David.mp4,David.JPG,David,16,0,1,1,1,,,,,0,7,7,1,,,,,,,,0,,0,None,,0,0,1,1.668566681,,,29,1,2019_Apr_03_1000,FaceNameBlocked,3.0.0,59.99759086
FacesBlock4.xlsx,Dylan.mp4,Dylan.JPG,Dylan,50,0,3,3,3,0,3,3,5,,,,,,,1,1,0.935476438,,,,,,,,0,0,,,,,29,1,2019_Apr_03_1000,FaceNameBlocked,3.0.0,59.99759086
FacesBlock4.xlsx,Dylan.mp4,Dylan.JPG,Dylan,50,0,3,3,3,,,,,0,11,11,5,,,,,,,,0,Kevin,0,"['lshift', 'k', 'e', 'v', 'i', 'n']","[5.232749930117279, 5.4666892781388015, 5.700542411999777, 5.883694268064573, 6.03355076815933, 6.167021878063679]",[5.2327,5.2327,1,1.33523345,,,29,1,2019_Apr_03_1000,FaceNameBlocked,3.0.0,59.99759086
FacesBlock4.xlsx,Emily.mp4,Emily.JPG,Emily,57,0,3,3,3,0,12,12,12,,,,,,,1,2,1.586166266,,,,,,,,0,0,,,,,29,1,2019_Apr_03_1000,FaceNameBlocked,3.0.0,59.99759086
FacesBlock4.xlsx,Emily.mp4,Emily.JPG,Emily,57,0,3,3,3,,,,,0,5,5,12,,,,,,,,1,Emily,1,"['lshift', 'e', 'm', 'i', 'l', 'y']","[1.501177106052637, 1.6682818490080535, 2.1854716199450195, 2.302131548989564, 2.4020740259438753, 2.6016786249820143]",[1.5011,1.5011,4,0.385680592,,,29,1,2019_Apr_03_1000,FaceNameBlocked,3.0.0,59.99759086
FacesBlock1.xlsx,Eric.mp4,Eric.JPG,Eric,0,0,0,0,0,0,6,6,0,,,,,,,1,1,0.336269129,,,,,,,,0,0,,,,,29,1,2019_Apr_03_1000,FaceNameBlocked,3.0.0,59.99759086
FacesBlock1.xlsx,Eric.mp4,Eric.JPG,Eric,0,0,0,0,0,,,,,0,14,14,0,,,,,,,,0,Ethan,0,"['lshift', 'e', 't', 'h', 'a', 'n']","[1.7676491939928383, 1.9355231651570648, 2.1854729601182044, 2.2853143541142344, 2.4015866650734097, 2.501386273186654]",[1.7676,1.7676,1,0.335891917,,,29,1,2019_Apr_03_1000,FaceNameBlocked,3.0.0,59.99759086
FacesBlock1.xlsx,Ethan.mp4,Ethan.JPG,Ethan,11,0,0,0,0,0,10,10,11,,,,,,,0,1,0.31940491,,,,,,,,0,0,,,,,29,1,2019_Apr_03_1000,FaceNameBlocked,3.0.0,59.99759086
FacesBlock1.xlsx,Ethan.mp4,Ethan.JPG,Ethan,11,0,0,0,0,,,,,0,6,6,11,,,,,,,,1,Ethan,1,"['lshift', 'e', 't', 'h', 'a', 'n']","[4.36637106211856, 4.684168752050027, 5.033883972093463, 5.15095989103429, 5.350724932970479, 5.450815864140168]",[4.3663,4.3663,1,0.402359834,,,29,1,2019_Apr_03_1000,FaceNameBlocked,3.0.0,59.99759086
FacesBlock4.xlsx,Grace.mp4,Grace.JPG,Grace,58,0,3,3,3,0,14,14,13,,,,,,,1,2,0.486270257,,,,,,,,0,0,,,,,29,1,2019_Apr_03_1000,FaceNameBlocked,3.0.0,59.99759086
FacesBlock4.xlsx,Grace.mp4,Grace.JPG,Grace,58,0,3,3,3,,,,,0,8,8,13,,,,,,,,1,Grace,1,"['lshift', 'g', 'r', 'a', 'c', 'e']","[4.433471445925534, 4.601479884935543, 4.818125982070342, 4.9510234710760415, 5.1339585550595075, 5.284676261944696]",[4.4334,4.4334,4,0.385046351,,,29,1,2019_Apr_03_1000,FaceNameBlocked,3.0.0,59.99759086
FacesBlock2.xlsx,Haley.mp4,Haley.JPG,Haley,20,0,1,1,1,0,14,14,5,,,,,,,0,2,0.486704077,,,,,,,,0,0,,,,,29,1,2019_Apr_03_1000,FaceNameBlocked,3.0.0,59.99759086
FacesBlock2.xlsx,Haley.mp4,Haley.JPG,Haley,20,0,1,1,1,,,,,0,13,13,5,,,,,,,,0,,0,None,,0,0,2,1.102055949,,,29,1,2019_Apr_03_1000,FaceNameBlocked,3.0.0,59.99759086
FacesBlock1.xlsx,Hannah.mp4,Hannah.JPG,Hannah,1,0,0,0,0,0,12,12,1,,,,,,,1,2,0.285834885,,,,,,,,0,0,,,,,29,1,2019_Apr_03_1000,FaceNameBlocked,3.0.0,59.99759086
FacesBlock1.xlsx,Hannah.mp4,Hannah.JPG,Hannah,1,0,0,0,0,,,,,0,12,12,1,,,,,,,,0,,0,None,,0,0,1,2.818077719,,,29,1,2019_Apr_03_1000,FaceNameBlocked,3.0.0,59.99759086
FacesBlock2.xlsx,Heather.mp4,Heather.JPG,Heather,26,0,1,1,1,0,5,5,11,,,,,,,0,2,0.9353688,,,,,,,,0,0,,,,,29,1,2019_Apr_03_1000,FaceNameBlocked,3.0.0,59.99759086
FacesBlock2.xlsx,Heather.mp4,Heather.JPG,Heather,26,0,1,1,1,,,,,0,12,12,11,,,,,,,,0,,0,['lshift'],[5.198823865968734],[5.1988,5.1988,1,0.985529132,,,29,1,2019_Apr_03_1000,FaceNameBlocked,3.0.0,59.99759086
FacesBlock3.xlsx,Jacob.mp4,Jacob.JPG,Jacob,39,0,2,2,2,0,7,7,9,,,,,,,0,1,1.636073644,,,,,,,,0,0,,,,,29,1,2019_Apr_03_1000,FaceNameBlocked,3.0.0,59.99759086
FacesBlock3.xlsx,Jacob.mp4,Jacob.JPG,Jacob,39,0,2,2,2,,,,,0,1,1,9,,,,,,,,1,Jacob,1,"['lshift', 'j', 'a', 'c', 'o', 'b']","[1.7498422970529646, 1.9514355610590428, 2.1683503019157797, 2.385375649901107, 2.5353791068773717, 2.651924161007628]",[1.7498,1.7498,4,0.58555871,,,29,1,2019_Apr_03_1000,FaceNameBlocked,3.0.0,59.99759086
FacesBlock4.xlsx,Jason.mp4,Jason.JPG,Jason,49,0,3,3,3,0,6,6,4,,,,,,,0,1,0.602696757,,,,,,,,0,0,,,,,29,1,2019_Apr_03_1000,FaceNameBlocked,3.0.0,59.99759086
FacesBlock4.xlsx,Jason.mp4,Jason.JPG,Jason,49,0,3,3,3,,,,,0,12,12,4,,,,,,,,0,,0,None,,0,0,1,1.768174603,,,29,1,2019_Apr_03_1000,FaceNameBlocked,3.0.0,59.99759086
FacesBlock1.xlsx,Jenna.mp4,Jenna.JPG,Jenna,6,0,0,0,0,0,3,3,6,,,,,,,0,2,0.403241402,,,,,,,,0,0,,,,,29,1,2019_Apr_03_1000,FaceNameBlocked,3.0.0,59.99759086
FacesBlock1.xlsx,Jenna.mp4,Jenna.JPG,Jenna,6,0,0,0,0,,,,,0,11,11,6,,,,,,,,0,Rachel,0,"['lshift', 'r', 'a', 'c', 'h', 'e', 'l']","[3.2499453041236848, 3.418451396981254, 3.6673852200619876, 3.9850766230374575, 4.218359680147842, 4.401211763033643, 4.551295232959092]",[3.2499,3.2499,1,2.1342152,,,29,1,2019_Apr_03_1000,FaceNameBlocked,3.0.0,59.99759086
FacesBlock2.xlsx,Jeremy.mp4,Jeremy.JPG,Jeremy,15,0,1,1,1,0,7,7,0,,,,,,,0,1,0.936295133,,,,,,,,0,0,,,,,29,1,2019_Apr_03_1000,FaceNameBlocked,3.0.0,59.99759086
FacesBlock2.xlsx,Jeremy.mp4,Jeremy.JPG,Jeremy,15,0,1,1,1,,,,,0,14,14,0,,,,,,,,1,Jeremey,1,"['lshift', 'j', 'e', 'r', 'e', 'm', 'e', 'y']","[1.2504466420505196, 1.4016630561091006, 1.6509041050449014, 1.8172742291353643, 1.9678648991975933, 2.132581195095554, 2.367742791073397, 2.5509551190771163]",[1.2504,1.2504,4,0.485606978,,,29,1,2019_Apr_03_1000,FaceNameBlocked,3.0.0,59.99759086
FacesBlock1.xlsx,Jessica.mp4,Jessica.JPG,Jessica,8,0,0,0,0,0,5,5,8,,,,,,,1,2,0.102608796,,,,,,,,0,0,,,,,29,1,2019_Apr_03_1000,FaceNameBlocked,3.0.0,59.99759086
FacesBlock1.xlsx,Jessica.mp4,Jessica.JPG,Jessica,8,0,0,0,0,,,,,0,3,3,8,,,,,,,,0,Jenna,0,"['rshift', 's', 'a', 'r', 'a', 'h', 'backspace', 'backspace', 'backspace', 'backspace', 'backspace', 'backspace', 'lshift', 'j', 'e', 'n', 'n', 'a']","[2.166985619114712, 2.4842641099821776, 2.7848098310641944, 3.0006821141578257, 3.101605940144509, 3.2176633831113577, 6.6667514690198, 6.833502161083743, 6.965925052994862, 7.082861033035442, 7.199701627949253, 7.315992761170492, 7.998289347160608, 8.11666800105013, 8.316438575042412, 8.466560370055959, 8.616248506121337, 8.716611247044057]",[2.1669,2.1669,1,1.169497691,,,29,1,2019_Apr_03_1000,FaceNameBlocked,3.0.0,59.99759086
FacesBlock2.xlsx,Josh.mp4,Josh.JPG,Josh,19,0,1,1,1,0,13,13,4,,,,,,,1,1,0.252937531,,,,,,,,0,0,,,,,29,1,2019_Apr_03_1000,FaceNameBlocked,3.0.0,59.99759086
FacesBlock2.xlsx,Josh.mp4,Josh.JPG,Josh,19,0,1,1,1,,,,,0,1,1,4,,,,,,,,0,Eric,0,"['lshift', 'e', 'r', 'i', 'c']","[7.548679937841371, 7.782576662953943, 8.182950439862907, 8.747178765945137, 9.364049509866163]",[7.5486,7.5486,1,1.135203278,,,29,1,2019_Apr_03_1000,FaceNameBlocked,3.0.0,59.99759086
FacesBlock1.xlsx,Julia.mp4,Julia.JPG,Julia,13,0,0,0,0,0,13,13,13,,,,,,,1,2,0.052425992,,,,,,,,0,0,,,,,29,1,2019_Apr_03_1000,FaceNameBlocked,3.0.0,59.99759086
FacesBlock1.xlsx,Julia.mp4,Julia.JPG,Julia,13,0,0,0,0,,,,,0,13,13,13,,,,,,,,0,,0,None,,0,0,1,1.102057661,,,29,1,2019_Apr_03_1000,FaceNameBlocked,3.0.0,59.99759086
FacesBlock2.xlsx,Justin.mp4,Justin.JPG,Justin,27,0,1,1,1,0,12,12,12,,,,,,,1,1,0.569013295,,,,,,,,0,0,,,,,29,1,2019_Apr_03_1000,FaceNameBlocked,3.0.0,59.99759086
FacesBlock2.xlsx,Justin.mp4,Justin.JPG,Justin,27,0,1,1,1,,,,,0,6,6,12,,,,,,,,0,,0,None,,0,0,1,0.985555771,,,29,1,2019_Apr_03_1000,FaceNameBlocked,3.0.0,59.99759086
FacesBlock4.xlsx,Katie.mp4,Katie.JPG,Katie,54,0,3,3,3,0,8,8,9,,,,,,,0,2,0.885202044,,,,,,,,0,0,,,,,29,1,2019_Apr_03_1000,FaceNameBlocked,3.0.0,59.99759086
FacesBlock4.xlsx,Katie.mp4,Katie.JPG,Katie,54,0,3,3,3,,,,,0,6,6,9,,,,,,,,0,,0,None,,0,0,1,2.151257945,,,29,1,2019_Apr_03_1000,FaceNameBlocked,3.0.0,59.99759086
FacesBlock3.xlsx,Kayla.mp4,Kayla.JPG,Kayla,34,0,2,2,2,0,9,9,4,,,,,,,0,2,0.319440487,,,,,,,,0,0,,,,,29,1,2019_Apr_03_1000,FaceNameBlocked,3.0.0,59.99759086
FacesBlock3.xlsx,Kayla.mp4,Kayla.JPG,Kayla,34,0,2,2,2,,,,,0,9,9,4,,,,,,,,0,Haley,0,"['lshift', 'h', 'a', 'l', 'e', 'y']","[5.665415504947305, 5.783707573078573, 5.966513968072832, 6.050233901012689, 6.200560827041045, 6.300697126891464]",[5.6654,5.6654,2,1.399877784,,,29,1,2019_Apr_03_1000,FaceNameBlocked,3.0.0,59.99759086
FacesBlock1.xlsx,Kelsey.mp4,Kelsey.JPG,Kelsey,12,0,0,0,0,0,0,0,12,,,,,,,1,2,2.801357487,,,,,,,,0,0,,,,,29,1,2019_Apr_03_1000,FaceNameBlocked,3.0.0,59.99759086
FacesBlock1.xlsx,Kelsey.mp4,Kelsey.JPG,Kelsey,12,0,0,0,0,,,,,0,7,7,12,,,,,,,,0,,0,None,,0,0,1,0.785432136,,,29,1,2019_Apr_03_1000,FaceNameBlocked,3.0.0,59.99759086
FacesBlock3.xlsx,Kevin.mp4,Kevin.JPG,Kevin,41,0,2,2,2,0,10,10,11,,,,,,,1,1,0.286443528,,,,,,,,0,0,,,,,29,1,2019_Apr_03_1000,FaceNameBlocked,3.0.0,59.99759086
FacesBlock3.xlsx,Kevin.mp4,Kevin.JPG,Kevin,41,0,2,2,2,,,,,0,13,13,11,,,,,,,,0,,0,None,,0,0,1,1.052157221,,,29,1,2019_Apr_03_1000,FaceNameBlocked,3.0.0,59.99759086
FacesBlock1.xlsx,Kyle.mp4,Kyle.JPG,Kyle,4,0,0,0,0,0,8,8,4,,,,,,,1,1,0.319846099,,,,,,,,0,0,,,,,29,1,2019_Apr_03_1000,FaceNameBlocked,3.0.0,59.99759086
FacesBlock1.xlsx,Kyle.mp4,Kyle.JPG,Kyle,4,0,0,0,0,,,,,0,10,10,4,,,,,,,,0,Matthew,0,"['lshift', 'm', 'a', 't', 't', 'h', 'e', 'w']","[3.1496209108736366, 3.3179185618646443, 3.667515145847574, 3.9508045949041843, 4.116749316919595, 4.217433943878859, 4.334182110847905, 4.500519274966791]",[3.1496,3.1496,1,0.750228152,,,29,1,2019_Apr_03_1000,FaceNameBlocked,3.0.0,59.99759086
FacesBlock3.xlsx,Lauren.mp4,Lauren.JPG,Lauren,38,0,2,2,2,0,3,3,8,,,,,,,1,2,1.119528587,,,,,,,,0,0,,,,,29,1,2019_Apr_03_1000,FaceNameBlocked,3.0.0,59.99759086
FacesBlock3.xlsx,Lauren.mp4,Lauren.JPG,Lauren,38,0,2,2,2,,,,,0,2,2,8,,,,,,,,0,Sarah,0,"['lshift', 's', 'a', 'r', 'a', 'h']","[1.6337452728766948, 2.2682241168804467, 2.601523458957672, 3.018080165842548, 3.234622713876888, 3.484586986945942]",[1.6337,1.6337,1,0.334942572,,,29,1,2019_Apr_03_1000,FaceNameBlocked,3.0.0,59.99759086
FacesBlock3.xlsx,Mark.mp4,Mark.JPG,Mark,40,0,2,2,2,0,13,13,10,,,,,,,0,1,0.619106053,,,,,,,,0,0,,,,,29,1,2019_Apr_03_1000,FaceNameBlocked,3.0.0,59.99759086
FacesBlock3.xlsx,Mark.mp4,Mark.JPG,Mark,40,0,2,2,2,,,,,0,5,5,10,,,,,,,,0,,0,None,,0,0,1,1.018249834,,,29,1,2019_Apr_03_1000,FaceNameBlocked,3.0.0,59.99759086
FacesBlock1.xlsx,Matthew.mp4,Matthew.JPG,Matthew,9,0,0,0,0,0,7,7,9,,,,,,,1,1,0.586572931,,,,,,,,0,0,,,,,29,1,2019_Apr_03_1000,FaceNameBlocked,3.0.0,59.99759086
FacesBlock1.xlsx,Matthew.mp4,Matthew.JPG,Matthew,9,0,0,0,0,,,,,0,2,2,9,,,,,,,,1,Matthew,1,"['lshift', 'm', 'a', 't', 't', 'h', 'e', 'w']","[1.6829407408367842, 3.350882841972634, 3.6994507538620383, 3.9679671679623425, 4.1511949729174376, 4.300835235975683, 4.450915517983958, 4.567874700995162]",[1.6829,1.6829,1,0.602310742,,,29,1,2019_Apr_03_1000,FaceNameBlocked,3.0.0,59.99759086
FacesBlock2.xlsx,Megan.mp4,Megan.JPG,Megan,25,0,1,1,1,0,6,6,10,,,,,,,1,2,0.969729801,,,,,,,,0,0,,,,,29,1,2019_Apr_03_1000,FaceNameBlocked,3.0.0,59.99759086
FacesBlock2.xlsx,Megan.mp4,Megan.JPG,Megan,25,0,1,1,1,,,,,0,2,2,10,,,,,,,,1,Megan,1,"['lshift', 'lshift', 'm', 'e', 'g', 'a', 'n']","[2.5491669131442904, 3.1661882151383907, 3.3342131371609867, 3.6679006561171263, 4.217517978977412, 4.416721960064024, 4.550848300103098]",[2.5491,2.5491,4,0.435617548,,,29,1,2019_Apr_03_1000,FaceNameBlocked,3.0.0,59.99759086
FacesBlock4.xlsx,Michael.mp4,Michael.JPG,Michael,46,0,3,3,3,0,7,7,1,,,,,,,0,1,0.419652588,,,,,,,,0,0,,,,,29,1,2019_Apr_03_1000,FaceNameBlocked,3.0.0,59.99759086
FacesBlock4.xlsx,Michael.mp4,Michael.JPG,Michael,46,0,3,3,3,,,,,0,1,1,1,,,,,,,,0,,0,None,,0,0,1,0.418847446,,,29,1,2019_Apr_03_1000,FaceNameBlocked,3.0.0,59.99759086
FacesBlock4.xlsx,Michelle.mp4,Michelle.JPG,Michelle,52,0,3,3,3,0,9,9,7,,,,,,,1,2,0.852724883,,,,,,,,0,0,,,,,29,1,2019_Apr_03_1000,FaceNameBlocked,3.0.0,59.99759086
FacesBlock4.xlsx,Michelle.mp4,Michelle.JPG,Michelle,52,0,3,3,3,,,,,0,2,2,7,,,,,,,,1,Michelle,1,"['lshift', 'lshift', 'm', 'i', 'c', 'h', 'e', 'l', 'l', 'e']","[1.5841540829278529, 2.2505024489946663, 2.4016716128680855, 2.6848125369288027, 3.051144839031622, 3.451522540068254, 3.6846031870227307, 3.851548484992236, 3.9841368328779936, 4.284492325037718]",[1.5841,1.5841,4,0.235526923,,,29,1,2019_Apr_03_1000,FaceNameBlocked,3.0.0,59.99759086
FacesBlock1.xlsx,Natalie.mp4,Natalie.JPG,Natalie,7,0,0,0,0,0,4,4,7,,,,,,,0,2,0.552861236,,,,,,,,0,0,,,,,29,1,2019_Apr_03_1000,FaceNameBlocked,3.0.0,59.99759086
FacesBlock1.xlsx,Natalie.mp4,Natalie.JPG,Natalie,7,0,0,0,0,,,,,0,9,9,7,,,,,,,,0,,0,"['lshift', 'question']","[8.164635865949094, 8.382866765139624]",[8.1646,8.1646,1,0.918827876,,,29,1,2019_Apr_03_1000,FaceNameBlocked,3.0.0,59.99759086
FacesBlock3.xlsx,Nathan.mp4,Nathan.JPG,Nathan,37,0,2,2,2,0,8,8,7,,,,,,,1,1,0.453230515,,,,,,,,0,0,,,,,29,1,2019_Apr_03_1000,FaceNameBlocked,3.0.0,59.99759086
FacesBlock3.xlsx,Nathan.mp4,Nathan.JPG,Nathan,37,0,2,2,2,,,,,0,3,3,7,,,,,,,,1,Nathan ,1,"['lshift', 'n', 'a', 't', 'h', 'a', 'n', 'space']","[0.9004868210759014, 1.0180780999362469, 1.2179253881331533, 1.4348732600919902, 1.6015317710116506, 1.7181353149935603, 1.8515694451052696, 2.201456471113488]",[0.9004,0.9004,4,0.502229203,,,29,1,2019_Apr_03_1000,FaceNameBlocked,3.0.0,59.99759086
FacesBlock3.xlsx,Nicole.mp4,Nicole.JPG,Nicole,43,0,2,2,2,0,0,0,13,,,,,,,0,2,1.601763755,,,,,,,,0,0,,,,,29,1,2019_Apr_03_1000,FaceNameBlocked,3.0.0,59.99759086
FacesBlock3.xlsx,Nicole.mp4,Nicole.JPG,Nicole,43,0,2,2,2,,,,,0,6,6,13,,,,,,,,1,Nicole,1,"['lshift', 'n', 'i', 'c', 'o', 'l', 'e']","[1.3679282148368657, 1.6520082198549062, 1.9352968758903444, 2.2516987388953567, 2.4188371538184583, 2.635405184002593, 2.7665676339529455]",[1.3679,1.3679,4,0.485585585,,,29,1,2019_Apr_03_1000,FaceNameBlocked,3.0.0,59.99759086
FacesBlock3.xlsx,Noah.mp4,Noah.JPG,Noah,31,0,2,2,2,0,1,1,1,,,,,,,0,1,0.402833151,,,,,,,,0,0,,,,,29,1,2019_Apr_03_1000,FaceNameBlocked,3.0.0,59.99759086
FacesBlock3.xlsx,Noah.mp4,Noah.JPG,Noah,31,0,2,2,2,,,,,0,7,7,1,,,,,,,,0,,0,None,,0,0,1,1.302279965,,,29,1,2019_Apr_03_1000,FaceNameBlocked,3.0.0,59.99759086
FacesBlock3.xlsx,Olivia.mp4,Olivia.JPG,Olivia,35,0,2,2,2,0,4,4,5,,,,,,,0,2,0.452951774,,,,,,,,0,0,,,,,29,1,2019_Apr_03_1000,FaceNameBlocked,3.0.0,59.99759086
FacesBlock3.xlsx,Olivia.mp4,Olivia.JPG,Olivia,35,0,2,2,2,,,,,0,12,12,5,,,,,,,,0,,0,None,,0,0,1,1.201926628,,,29,1,2019_Apr_03_1000,FaceNameBlocked,3.0.0,59.99759086
FacesBlock2.xlsx,Rachel.mp4,Rachel.JPG,Rachel,29,0,1,1,1,0,10,10,14,,,,,,,1,2,0.28662121,,,,,,,,0,0,,,,,29,1,2019_Apr_03_1000,FaceNameBlocked,3.0.0,59.99759086
FacesBlock2.xlsx,Rachel.mp4,Rachel.JPG,Rachel,29,0,1,1,1,,,,,0,5,5,14,,,,,,,,0,Brittany,0,"['lshift', 'b', 'r', 'i', 't', 't', 'a', 'n', 'y']","[1.5675425049848855, 2.101734403986484, 2.701648595975712, 2.852003987878561, 3.03517352999188, 3.2350873940158635, 3.451791492989287, 3.601862295065075, 3.9183984498959035]",[1.5675,1.5675,2,0.702162512,,,29,1,2019_Apr_03_1000,FaceNameBlocked,3.0.0,59.99759086
FacesBlock3.xlsx,Rebecca.mp4,Rebecca.JPG,Rebecca,32,0,2,2,2,0,11,11,2,,,,,,,1,2,0.252830484,,,,,,,,0,0,,,,,29,1,2019_Apr_03_1000,FaceNameBlocked,3.0.0,59.99759086
FacesBlock3.xlsx,Rebecca.mp4,Rebecca.JPG,Rebecca,32,0,2,2,2,,,,,0,10,10,2,,,,,,,,1,Rebecca,1,"['lshift', 'r', 'e', 'b', 'e', 'c', 'c', 'a']","[3.3818166858982295, 3.6844503639731556, 3.9668663579504937, 4.198734775884077, 4.400680196937174, 4.71711163292639, 4.867203840985894, 4.998481482034549]",[3.3818,3.3818,2,1.051792666,,,29,1,2019_Apr_03_1000,FaceNameBlocked,3.0.0,59.99759086
FacesBlock3.xlsx,Sarah.mp4,Sarah.JPG,Sarah,33,0,2,2,2,0,5,5,3,,,,,,,1,2,0.269714115,,,,,,,,0,0,,,,,29,1,2019_Apr_03_1000,FaceNameBlocked,3.0.0,59.99759086
FacesBlock3.xlsx,Sarah.mp4,Sarah.JPG,Sarah,33,0,2,2,2,,,,,0,8,8,3,,,,,,,,1,Sarah,1,"['lshift', 's', 'a', 'r', 'a', 'h']","[2.9499442589003593, 5.217710640979931, 5.667421808000654, 5.867370206862688, 5.98340501007624, 6.167147541884333]",[2.9499,2.9499,1,1.068989072,,,29,1,2019_Apr_03_1000,FaceNameBlocked,3.0.0,59.99759086
FacesBlock3.xlsx,Shelby.mp4,Shelby.JPG,Shelby,36,0,2,2,2,0,2,2,6,,,,,,,1,2,0.66963408,,,,,,,,0,0,,,,,29,1,2019_Apr_03_1000,FaceNameBlocked,3.0.0,59.99759086
FacesBlock3.xlsx,Shelby.mp4,Shelby.JPG,Shelby,36,0,2,2,2,,,,,0,0,0,6,,,,,,space,14.23092829,1,Shelby,1,"['lshift', 's', 'h', 'e', 'l', 'b', 'y']","[1.6838640430942178, 1.8851034161634743, 2.1183047140948474, 2.3018378301057965, 2.4012859761714935, 2.8682228091638535, 3.049538889201358]",[1.6838,1.6838,4,0.486089393,,,29,1,2019_Apr_03_1000,FaceNameBlocked,3.0.0,59.99759086
FacesBlock2.xlsx,Steven.mp4,Steven.JPG,Steven,17,0,1,1,1,0,8,8,2,,,,,,,1,1,1.036385355,,,,,,,,0,0,,,,,29,1,2019_Apr_03_1000,FaceNameBlocked,3.0.0,59.99759086
FacesBlock2.xlsx,Steven.mp4,Steven.JPG,Steven,17,0,1,1,1,,,,,0,9,9,2,,,,,,,,0,,0,None,,0,0,1,1.249758721,,,29,1,2019_Apr_03_1000,FaceNameBlocked,3.0.0,59.99759086
FacesBlock4.xlsx,Taylor.mp4,Taylor.JPG,Taylor,45,0,3,3,3,0,10,10,0,,,,,,,1,2,0.55366379,,,,,,,,0,0,,,,,29,1,2019_Apr_03_1000,FaceNameBlocked,3.0.0,59.99759086
FacesBlock4.xlsx,Taylor.mp4,Taylor.JPG,Taylor,45,0,3,3,3,,,,,0,7,7,0,,,,,,,,0,,0,None,,0,0,1,0.702387673,,,29,1,2019_Apr_03_1000,FaceNameBlocked,3.0.0,59.99759086
FacesBlock3.xlsx,Thomas.mp4,Thomas.JPG,Thomas,44,0,2,2,2,0,14,14,14,,,,,,,1,1,0.269976579,,,,,,,,0,0,,,,,29,1,2019_Apr_03_1000,FaceNameBlocked,3.0.0,59.99759086
FacesBlock3.xlsx,Thomas.mp4,Thomas.JPG,Thomas,44,0,2,2,2,,,,,0,11,11,14,,,,,,,,0,,0,None,,0,0,1,1.335228161,,,29,1,2019_Apr_03_1000,FaceNameBlocked,3.0.0,59.99759086
FacesBlock1.xlsx,Timothy.mp4,Timothy.JPG,Timothy,10,0,0,0,0,0,14,14,10,,,,,,,0,1,0.269322125,,,,,,,,0,0,,,,,29,1,2019_Apr_03_1000,FaceNameBlocked,3.0.0,59.99759086
FacesBlock1.xlsx,Timothy.mp4,Timothy.JPG,Timothy,10,0,0,0,0,,,,,0,1,1,10,,,,,,,,0,Ethan,0,"['lshift', 'e', 't', 'h', 'a', 'n']","[2.950138351181522, 3.18573501217179, 3.5518650580197573, 3.7679938902147114, 3.9179129931144416, 4.035447890171781]",[2.9501,2.9501,1,1.351783422,,,29,1,2019_Apr_03_1000,FaceNameBlocked,3.0.0,59.99759086
FacesBlock2.xlsx,Trevor.mp4,Trevor.JPG,Trevor,21,0,1,1,1,0,3,3,6,,,,,,,0,1,1.436019887,,,,,,,,0,0,,,,,29,1,2019_Apr_03_1000,FaceNameBlocked,3.0.0,59.99759086
FacesBlock2.xlsx,Trevor.mp4,Trevor.JPG,Trevor,21,0,1,1,1,,,,,0,11,11,6,,,,,,,,0,,0,None,,0,0,1,0.799731105,,,29,1,2019_Apr_03_1000,FaceNameBlocked,3.0.0,59.99759086
FacesBlock2.xlsx,Tyler.mp4,Tyler.JPG,Tyler,22,0,1,1,1,0,11,11,7,,,,,,,0,1,0.270431521,,,,,,,,0,0,,,,,29,1,2019_Apr_03_1000,FaceNameBlocked,3.0.0,59.99759086
FacesBlock2.xlsx,Tyler.mp4,Tyler.JPG,Tyler,22,0,1,1,1,,,,,0,8,8,7,,,,,,,,0,,0,None,,0,0,1,1.352219185,,,29,1,2019_Apr_03_1000,FaceNameBlocked,3.0.0,59.99759086
,,,,,,,,,,,,,,,,,space,155.0994327,,,,,,,,,,,,,,,,,29,1,2019_Apr_03_1000,FaceNameBlocked,3.0.0,59.99759086
,,,,,,,,,,,,,,,,,,,,,,,,,,,,,,,,,space,1476.102425,29,1,2019_Apr_03_1000,FaceNameBlocked,3.0.0,59.99759086