condsFile,Video,Photo,Name,Row,blocks.thisRepN,blocks.thisTrialN,blocks.thisN,blocks.thisIndex,presentations.thisRepN,presentations.thisTrialN,presentations.thisN,presentations.thisIndex,testing.thisRepN,testing.thisTrialN,testing.thisN,testing.thisIndex,advance_1.keys,advance_1.rt,currentCond,judgementResp.keys,judgementResp.rt,advance_2.keys,advance_2.rt,CorrectResponses,inputText,CorrectResponses2,key_resp_3.keys,key_resp_3.rt,trim1,key_resp3_fin,rating_resp.keys,rating_resp.rt,end_key.keys,end_key.rt,participant,session,date,expName,psychopyVersion,frameRate
FacesBlock2.xlsx,Aaron.mp4,Aaron.JPG,Aaron,18,0,1,1,1,0,13,13,3,,,,,,,1,1,0.886880578,,,,,,,,0,0,,,,,2,1,2019_Feb_15_1004,FaceNameBlocked,3.0.0,60.25688439
FacesBlock2.xlsx,Aaron.mp4,Aaron.JPG,Aaron,18,0,1,1,1,,,,,0,4,4,3,,,,,,,,1,Aaron,1,"['lshift', 'a', 'a', 'r', 'o', 'n']","[3.0335158379748464, 3.2349641859764233, 3.951794799999334, 4.08529069297947, 4.217995097977109, 4.317975715966895]",[3.0335,3.0335,2,0.485549974,,,2,1,2019_Feb_15_1004,FaceNameBlocked,3.0.0,60.25688439
FacesBlock1.xlsx,Adam.mp4,Adam.JPG,Adam,5,0,0,0,0,0,0,0,5,,,,,,,1,1,1.752259733,,,,,,,,0,0,,,,,2,1,2019_Feb_15_1004,FaceNameBlocked,3.0.0,60.25688439
FacesBlock1.xlsx,Adam.mp4,Adam.JPG,Adam,5,0,0,0,0,,,,,0,11,11,5,,,,,,,,0,Kyle,0,"['lshift', 'k', 'y', 'l', 'e']","[2.9501960669877008, 3.734836029005237, 4.084795800037682, 4.501551558962092, 4.684417393989861]",[2.9501,2.9501,1,0.402291591,,,2,1,2019_Feb_15_1004,FaceNameBlocked,3.0.0,60.25688439
FacesBlock4.xlsx,Alyssa.mp4,Alyssa.JPG,Alyssa,55,0,3,3,3,0,5,5,10,,,,,,,1,2,1.15027957,,,,,,,,0,0,,,,,2,1,2019_Feb_15_1004,FaceNameBlocked,3.0.0,60.25688439
FacesBlock4.xlsx,Alyssa.mp4,Alyssa.JPG,Alyssa,55,0,3,3,3,,,,,0,10,10,10,,,,,,,,1,Alyssa,1,"['lshift', 'a', 'l', 'y', 's', 's', 'a']","[3.3829602990299463, 3.5177276129834354, 3.7511292059207335, 4.032309956033714, 4.368125359993428, 4.517792237922549, 4.8173703759675846]",[3.3829,3.3829,4,0.302187545,,,2,1,2019_Feb_15_1004,FaceNameBlocked,3.0.0,60.25688439
FacesBlock1.xlsx,Amanda.mp4,Amanda.JPG,Amanda,2,0,0,0,0,0,6,6,2,,,,,,,0,2,0.436795244,,,,,,,,0,0,,,,,2,1,2019_Feb_15_1004,FaceNameBlocked,3.0.0,60.25688439
FacesBlock1.xlsx,Amanda.mp4,Amanda.JPG,Amanda,2,0,0,0,0,,,,,0,8,8,2,,,,,,,,0,,0,None,,0,0,1,0.499715033,,,2,1,2019_Feb_15_1004,FaceNameBlocked,3.0.0,60.25688439
FacesBlock4.xlsx,Andrew.mp4,Andrew.JPG,Andrew,51,0,3,3,3,0,11,11,6,,,,,,,1,1,1.735562928,,,,,,,,0,0,,,,,2,1,2019_Feb_15_1004,FaceNameBlocked,3.0.0,60.25688439
FacesBlock4.xlsx,Andrew.mp4,Andrew.JPG,Andrew,51,0,3,3,3,,,,,0,5,5,6,,,,,,,,1,Andrew,1,"['lshift', 'a', 'n', 'd', 'r', 'e', 'w']","[4.282501540961675, 4.548951004981063, 4.834057147963904, 5.050532383960672, 5.550536997965537, 5.816830235999078, 5.9482621509814635]",[4.2825,4.2825,2,0.419235801,,,2,1,2019_Feb_15_1004,FaceNameBlocked,3.0.0,60.25688439
FacesBlock4.xlsx,Anna.mp4,Anna.JPG,Anna,47,0,3,3,3,0,14,14,2,,,,,,,0,2,1.219607883,,,,,,,,0,0,,,,,2,1,2019_Feb_15_1004,FaceNameBlocked,3.0.0,60.25688439
FacesBlock4.xlsx,Anna.mp4,Anna.JPG,Anna,47,0,3,3,3,,,,,0,13,13,2,,,,,,,,1,Anna,1,"['lshift', 'a', 'n', 'n', 'a']","[2.0008847910212353, 2.1688098029699177, 2.6851906599476933, 2.868405428947881, 2.968526865937747]",[2.0008,2.0008,4,0.267057892,,,2,1,2019_Feb_15_1004,FaceNameBlocked,3.0.0,60.25688439
FacesBlock2.xlsx,Ashley.mp4,Ashley.JPG,Ashley,24,0,1,1,1,0,12,12,9,,,,,,,0,2,0.635834334,,,,,,,,0,0,,,,,2,1,2019_Feb_15_1004,FaceNameBlocked,3.0.0,60.25688439
FacesBlock2.xlsx,Ashley.mp4,Ashley.JPG,Ashley,24,0,1,1,1,,,,,0,3,3,9,,,,,,,,1,Ashley,1,"['lshift', 'lshift', 'a', 's', 'h', 'e', 'l', 'y', 'backspace', 'backspace', 'backspace', 'l', 'e', 'y']","[1.5670093100052327, 2.866511272964999, 2.885243203956634, 3.151912875007838, 3.2849671519361436, 3.4188069639494643, 3.518445131019689, 3.701828651013784, 4.250815361039713, 4.417805513017811, 4.70053619495593, 5.034636453958228, 5.184887105948292, 5.317876619985327]",[1.5670,1.567,4,0.635821666,,,2,1,2019_Feb_15_1004,FaceNameBlocked,3.0.0,60.25688439
FacesBlock1.xlsx,Bradley.mp4,Bradley.JPG,Bradley,14,0,0,0,0,0,14,14,14,,,,,,,1,1,0.716915183,,,,,,,,0,0,,,,,2,1,2019_Feb_15_1004,FaceNameBlocked,3.0.0,60.25688439
FacesBlock1.xlsx,Bradley.mp4,Bradley.JPG,Bradley,14,0,0,0,0,,,,,0,4,4,14,,,,,,,,0,,0,None,,0,0,1,1.002612805,,,2,1,2019_Feb_15_1004,FaceNameBlocked,3.0.0,60.25688439
FacesBlock4.xlsx,Brandon.mp4,Brandon.JPG,Brandon,56,0,3,3,3,0,10,10,11,,,,,,,0,1,1.666277476,,,,,,,,0,0,,,,,2,1,2019_Feb_15_1004,FaceNameBlocked,3.0.0,60.25688439
FacesBlock4.xlsx,Brandon.mp4,Brandon.JPG,Brandon,56,0,3,3,3,,,,,0,9,9,11,,,,,,,,0,,0,None,,0,0,1,0.302659191,,,2,1,2019_Feb_15_1004,FaceNameBlocked,3.0.0,60.25688439
FacesBlock4.xlsx,Brian.mp4,Brian.JPG,Brian,53,0,3,3,3,0,9,9,8,,,,,,,1,1,0.903167099,,,,,,,,0,0,,,,,2,1,2019_Feb_15_1004,FaceNameBlocked,3.0.0,60.25688439
FacesBlock4.xlsx,Brian.mp4,Brian.JPG,Brian,53,0,3,3,3,,,,,0,1,1,8,,,,,,,,1,Brian,1,"['lshift', 'b', 'r', 'i', 'a', 'n']","[1.8671112280571833, 2.0018101220484823, 2.3346706910524517, 2.4844091560225934, 2.6182080230209976, 2.767701126052998]",[1.8671,1.8671,4,0.368923692,,,2,1,2019_Feb_15_1004,FaceNameBlocked,3.0.0,60.25688439
FacesBlock4.xlsx,Brianna.mp4,Brianna.JPG,Brianna,48,0,3,3,3,0,12,12,3,,,,,,,0,2,1.802643458,,,,,,,,0,0,,,,,2,1,2019_Feb_15_1004,FaceNameBlocked,3.0.0,60.25688439
FacesBlock4.xlsx,Brianna.mp4,Brianna.JPG,Brianna,48,0,3,3,3,,,,,0,3,3,3,,,,,,,,1,Brianna,1,"['lshift', 'b', 'r', 'i', 'a', 'n', 'n', 'a']","[1.9665217489236966, 2.2020618689712137, 2.584804779966362, 2.768375649000518, 2.901547410991043, 3.0679535649251193, 3.2348380219191313, 3.351691168965772]",[1.9665,1.9665,4,0.452187745,,,2,1,2019_Feb_15_1004,FaceNameBlocked,3.0.0,60.25688439
FacesBlock2.xlsx,Brittany.mp4,Brittany.JPG,Brittany,28,0,1,1,1,0,14,14,13,,,,,,,0,2,0.703131972,,,,,,,,0,0,,,,,2,1,2019_Feb_15_1004,FaceNameBlocked,3.0.0,60.25688439
FacesBlock2.xlsx,Brittany.mp4,Brittany.JPG,Brittany,28,0,1,1,1,,,,,0,8,8,13,,,,,,,,0,,0,None,,0,0,1,0.801704022,,,2,1,2019_Feb_15_1004,FaceNameBlocked,3.0.0,60.25688439
FacesBlock4.xlsx,Caleb.mp4,Caleb.JPG,Caleb,59,0,3,3,3,0,3,3,14,,,,,,,0,1,1.835606519,,,,,,,,0,0,,,,,2,1,2019_Feb_15_1004,FaceNameBlocked,3.0.0,60.25688439
FacesBlock4.xlsx,Caleb.mp4,Caleb.JPG,Caleb,59,0,3,3,3,,,,,0,0,0,14,,,,,,space,2.085603419,1,Caleb,1,"['lshift', 'c', 'a', 'l', 'e', 'b']","[1.8509230370400473, 2.2857770120026544, 2.6689660879783332, 2.9346649519866332, 3.1851563890231773, 3.4687406410230324]",[1.8509,1.8509,4,0.651958219,,,2,1,2019_Feb_15_1004,FaceNameBlocked,3.0.0,60.25688439
FacesBlock2.xlsx,Cody.mp4,Cody.JPG,Cody,23,0,1,1,1,0,8,8,8,,,,,,,1,1,1.21946965,,,,,,,,0,0,,,,,2,1,2019_Feb_15_1004,FaceNameBlocked,3.0.0,60.25688439
FacesBlock2.xlsx,Cody.mp4,Cody.JPG,Cody,23,0,1,1,1,,,,,0,0,0,8,,,,,,space,6.549799172,1,Cody,1,"['lshift', 'c', 'o', 'd', 'y']","[1.9000611719675362, 2.1346384710632265, 2.485400573001243, 2.5854557510465384, 2.7188175430055708]",[1.9000,1.9,4,1.652468804,,,2,1,2019_Feb_15_1004,FaceNameBlocked,3.0.0,60.25688439
FacesBlock3.xlsx,Courtney.mp4,Courtney.JPG,Courtney,42,0,2,2,2,0,8,8,12,,,,,,,0,2,0.903735149,,,,,,,,0,0,,,,,2,1,2019_Feb_15_1004,FaceNameBlocked,3.0.0,60.25688439
FacesBlock3.xlsx,Courtney.mp4,Courtney.JPG,Courtney,42,0,2,2,2,,,,,0,3,3,12,,,,,,,,0,Lauren,0,"['lshift', 'l', 'a', 'u', 'r', 'e', 'n']","[1.9835537059698254, 2.318332399940118, 2.701457454939373, 2.9011261579580605, 3.001454600947909, 3.068242679000832, 3.2345894019817933]",[1.9835,1.9835,4,0.26911254,,,2,1,2019_Feb_15_1004,FaceNameBlocked,3.0.0,60.25688439
FacesBlock3.xlsx,Daniel.mp4,Daniel.JPG,Daniel,30,0,2,2,2,0,9,9,0,,,,,,,1,1,0.853350991,,,,,,,,0,0,,,,,2,1,2019_Feb_15_1004,FaceNameBlocked,3.0.0,60.25688439
FacesBlock3.xlsx,Daniel.mp4,Daniel.JPG,Daniel,30,0,2,2,2,,,,,0,14,14,0,,,,,,,,1,Daniel,1,"['lshift', 'd', 'a', 'n', 'i', 'l', 'backspace', 'e', 'l']","[2.4166034759255126, 2.5681652389466763, 2.8513122169533744, 3.001254888018593, 3.1679741599364206, 3.367694973014295, 3.832303963950835, 4.067719475016929, 4.215292613022029]",[2.4166,2.4166,4,1.335444362,,,2,1,2019_Feb_15_1004,FaceNameBlocked,3.0.0,60.25688439
FacesBlock1.xlsx,Danielle.mp4,Danielle.JPG,Danielle,3,0,0,0,0,0,4,4,3,,,,,,,1,2,0.486314635,,,,,,,,0,0,,,,,2,1,2019_Feb_15_1004,FaceNameBlocked,3.0.0,60.25688439
FacesBlock1.xlsx,Danielle.mp4,Danielle.JPG,Danielle,3,0,0,0,0,,,,,0,2,2,3,,,,,,,,0,Jessica,0,"['lshift', 'j', 'e', 's', 's', 'i', 'c', 'a']","[5.016313957981765, 5.10158539598342, 5.284781969035976, 5.418493433040567, 5.584743977990001, 5.701384159969166, 5.835004460066557, 6.517717404989526]",[5.0163,5.0163,1,0.736188274,,,2,1,2019_Feb_15_1004,FaceNameBlocked,3.0.0,60.25688439
FacesBlock2.xlsx,David.mp4,David.JPG,David,16,0,1,1,1,0,9,9,1,,,,,,,0,1,1.185998726,,,,,,,,0,0,,,,,2,1,2019_Feb_15_1004,FaceNameBlocked,3.0.0,60.25688439
FacesBlock2.xlsx,David.mp4,David.JPG,David,16,0,1,1,1,,,,,0,14,14,1,,,,,,,,1,David,1,"['lshift', 'd', 'lshift', 'a', 'v', 'backspace', 'backspace', 'a', 'v', 'i', 'd']","[2.6834801150253043, 2.9856781200505793, 3.082714281976223, 3.5509805530309677, 3.7512662899680436, 4.233488271944225, 4.3671437239972875, 5.017931108013727, 5.334305736003444, 5.534667536034249, 5.698979296954349]",[2.6834,2.6834,4,0.302341083,,,2,1,2019_Feb_15_1004,FaceNameBlocked,3.0.0,60.25688439
FacesBlock4.xlsx,Dylan.mp4,Dylan.JPG,Dylan,50,0,3,3,3,0,7,7,5,,,,,,,1,1,2.235883201,,,,,,,,0,0,,,,,2,1,2019_Feb_15_1004,FaceNameBlocked,3.0.0,60.25688439
FacesBlock4.xlsx,Dylan.mp4,Dylan.JPG,Dylan,50,0,3,3,3,,,,,0,6,6,5,,,,,,,,0,Dustin,0,"['lshift', 'd', 'u', 's', 't', 'i', 'n']","[6.999275707989, 7.16727138904389, 7.331780310021713, 7.46677840303164, 7.6002308239694685, 7.684609106974676, 7.867192059056833]",[6.9992,6.9992,1,0.418988407,,,2,1,2019_Feb_15_1004,FaceNameBlocked,3.0.0,60.25688439
FacesBlock4.xlsx,Emily.mp4,Emily.JPG,Emily,57,0,3,3,3,0,8,8,12,,,,,,,1,2,0.602518152,,,,,,,,0,0,,,,,2,1,2019_Feb_15_1004,FaceNameBlocked,3.0.0,60.25688439
FacesBlock4.xlsx,Emily.mp4,Emily.JPG,Emily,57,0,3,3,3,,,,,0,12,12,12,,,,,,,,1,Emily,1,"['lshift', 'e', 'm', 'i', 'l', 'y']","[6.8321541040204465, 6.984030363033526, 7.21703081310261, 7.350574464071542, 7.450410446035676, 7.667041064007208]",[6.8321,6.8321,3,0.352644907,,,2,1,2019_Feb_15_1004,FaceNameBlocked,3.0.0,60.25688439
FacesBlock1.xlsx,Eric.mp4,Eric.JPG,Eric,0,0,0,0,0,0,5,5,0,,,,,,,0,1,0.636400006,,,,,,,,0,0,,,,,2,1,2019_Feb_15_1004,FaceNameBlocked,3.0.0,60.25688439
FacesBlock1.xlsx,Eric.mp4,Eric.JPG,Eric,0,0,0,0,0,,,,,0,1,1,0,,,,,,,,0,Matthew,0,"['lshift', 'm', 'a', 't', 't', 'h', 'e', 'w']","[3.9169692469295114, 4.334966524969786, 4.701082746032625, 4.817900163936429, 4.984583124984056, 5.4678664449602365, 5.567922408925369, 5.668065491947345]",[3.9169,3.9169,2,1.102233873,,,2,1,2019_Feb_15_1004,FaceNameBlocked,3.0.0,60.25688439
FacesBlock1.xlsx,Ethan.mp4,Ethan.JPG,Ethan,11,0,0,0,0,0,9,9,11,,,,,,,1,1,0.520119174,,,,,,,,0,0,,,,,2,1,2019_Feb_15_1004,FaceNameBlocked,3.0.0,60.25688439
FacesBlock1.xlsx,Ethan.mp4,Ethan.JPG,Ethan,11,0,0,0,0,,,,,0,0,0,11,,,,,,space,28.70970739,1,Ethan,1,"['e', 'backspace', 'lshift', 'e', 't', 'h', 'a', 'n']","[3.9019764559343457, 4.667513128952123, 4.999736667959951, 5.084538633003831, 5.933458252926357, 6.117161312955432, 6.217343563912436, 6.367357675917447]",[3.9019,3.9019,3,2.701788253,,,2,1,2019_Feb_15_1004,FaceNameBlocked,3.0.0,60.25688439
FacesBlock4.xlsx,Grace.mp4,Grace.JPG,Grace,58,0,3,3,3,0,13,13,13,,,,,,,0,2,0.802863343,,,,,,,,0,0,,,,,2,1,2019_Feb_15_1004,FaceNameBlocked,3.0.0,60.25688439
FacesBlock4.xlsx,Grace.mp4,Grace.JPG,Grace,58,0,3,3,3,,,,,0,11,11,13,,,,,,,,1,Grace,1,"['lshift', 'g', 'r', 'a', 'c', 'e']","[1.800183219020255, 1.9354187219869345, 2.601642864989117, 2.7011706840712577, 2.9514723520260304, 3.218511074082926]",[1.8001,1.8001,4,0.401854608,,,2,1,2019_Feb_15_1004,FaceNameBlocked,3.0.0,60.25688439
FacesBlock2.xlsx,Haley.mp4,Haley.JPG,Haley,20,0,1,1,1,0,10,10,5,,,,,,,0,2,0.836147259,,,,,,,,0,0,,,,,2,1,2019_Feb_15_1004,FaceNameBlocked,3.0.0,60.25688439
FacesBlock2.xlsx,Haley.mp4,Haley.JPG,Haley,20,0,1,1,1,,,,,0,2,2,5,,,,,,,,0,,0,None,,0,0,1,0.419092534,,,2,1,2019_Feb_15_1004,FaceNameBlocked,3.0.0,60.25688439
FacesBlock1.xlsx,Hannah.mp4,Hannah.JPG,Hannah,1,0,0,0,0,0,13,13,1,,,,,,,1,2,0.470302003,,,,,,,,0,0,,,,,2,1,2019_Feb_15_1004,FaceNameBlocked,3.0.0,60.25688439
FacesBlock1.xlsx,Hannah.mp4,Hannah.JPG,Hannah,1,0,0,0,0,,,,,0,3,3,1,,,,,,,,0,,0,None,,0,0,1,14.01518846,,,2,1,2019_Feb_15_1004,FaceNameBlocked,3.0.0,60.25688439
FacesBlock2.xlsx,Heather.mp4,Heather.JPG,Heather,26,0,1,1,1,0,6,6,11,,,,,,,0,2,1.535497525,,,,,,,,0,0,,,,,2,1,2019_Feb_15_1004,FaceNameBlocked,3.0.0,60.25688439
FacesBlock2.xlsx,Heather.mp4,Heather.JPG,Heather,26,0,1,1,1,,,,,0,13,13,11,,,,,,,,1,Heather,1,"['lshift', 'h', 'e', 'a', 't', 'h', 'e', 'r']","[1.6171983800595626, 1.9187389130238444, 2.118597793043591, 2.3176222459878772, 3.0182786430232227, 3.101620867033489, 3.251552907982841, 3.3521663800347596]",[1.6171,1.6171,4,0.368684259,,,2,1,2019_Feb_15_1004,FaceNameBlocked,3.0.0,60.25688439
FacesBlock3.xlsx,Jacob.mp4,Jacob.JPG,Jacob,39,0,2,2,2,0,0,0,9,,,,,,,1,1,2.669019083,,,,,,,,0,0,,,,,2,1,2019_Feb_15_1004,FaceNameBlocked,3.0.0,60.25688439
FacesBlock3.xlsx,Jacob.mp4,Jacob.JPG,Jacob,39,0,2,2,2,,,,,0,4,4,9,,,,,,,,1,jacob,1,"['j', 'lshift', 'a', 'o', 'backspace', 'backspace', 'a', 'c', 'o', 'b']","[6.6676616300828755, 6.749007728067227, 7.3002062170999125, 7.61693970405031, 7.916429092059843, 8.065828724997118, 8.26491592801176, 8.433761488064192, 8.549787035095505, 8.650159837095998]",[6.6676,6.6676,4,1.417736158,,,2,1,2019_Feb_15_1004,FaceNameBlocked,3.0.0,60.25688439
FacesBlock4.xlsx,Jason.mp4,Jason.JPG,Jason,49,0,3,3,3,0,1,1,4,,,,,,,1,1,1.852687239,,,,,,,,0,0,,,,,2,1,2019_Feb_15_1004,FaceNameBlocked,3.0.0,60.25688439
FacesBlock4.xlsx,Jason.mp4,Jason.JPG,Jason,49,0,3,3,3,,,,,0,8,8,4,,,,,,,,0,Kevin,0,"['lshift', 'k', 'e', 'v', 'i', 'n']","[6.732397886924446, 7.4335218199994415, 7.633450071909465, 8.333503037923947, 8.630904553923756, 8.98306717199739]",[6.7323,6.7323,1,2.318186841,,,2,1,2019_Feb_15_1004,FaceNameBlocked,3.0.0,60.25688439
FacesBlock1.xlsx,Jenna.mp4,Jenna.JPG,Jenna,6,0,0,0,0,0,8,8,6,,,,,,,0,2,0.919038039,,,,,,,,0,0,,,,,2,1,2019_Feb_15_1004,FaceNameBlocked,3.0.0,60.25688439
FacesBlock1.xlsx,Jenna.mp4,Jenna.JPG,Jenna,6,0,0,0,0,,,,,0,12,12,6,,,,,,,,0,,0,None,,0,0,1,1.718739435,,,2,1,2019_Feb_15_1004,FaceNameBlocked,3.0.0,60.25688439
FacesBlock2.xlsx,Jeremy.mp4,Jeremy.JPG,Jeremy,15,0,1,1,1,0,3,3,0,,,,,,,1,1,0.969110253,,,,,,,,0,0,,,,,2,1,2019_Feb_15_1004,FaceNameBlocked,3.0.0,60.25688439
FacesBlock2.xlsx,Jeremy.mp4,Jeremy.JPG,Jeremy,15,0,1,1,1,,,,,0,5,5,0,,,,,,,,0,Tyler,0,"['lshift', 't', 'y', 'l', 'e', 'r']","[2.8000154710607603, 3.002164571080357, 3.468523604096845, 4.068293530028313, 4.634538594051264, 4.749422518070787]",[2.8000,2.8,1,0.336106803,,,2,1,2019_Feb_15_1004,FaceNameBlocked,3.0.0,60.25688439
FacesBlock1.xlsx,Jessica.mp4,Jessica.JPG,Jessica,8,0,0,0,0,0,2,2,8,,,,,,,0,2,1.036413898,,,,,,,,0,0,,,,,2,1,2019_Feb_15_1004,FaceNameBlocked,3.0.0,60.25688439
FacesBlock1.xlsx,Jessica.mp4,Jessica.JPG,Jessica,8,0,0,0,0,,,,,0,7,7,8,,,,,,,,0,Jen,0,"['lshift', 'j', 'e', 'n']","[3.4341527989599854, 3.533088069059886, 3.7019921799656004, 3.868789292057045]",[3.4341,3.4341,1,0.302693795,,,2,1,2019_Feb_15_1004,FaceNameBlocked,3.0.0,60.25688439
FacesBlock2.xlsx,Josh.mp4,Josh.JPG,Josh,19,0,1,1,1,0,5,5,4,,,,,,,1,1,0.969540086,,,,,,,,0,0,,,,,2,1,2019_Feb_15_1004,FaceNameBlocked,3.0.0,60.25688439
FacesBlock2.xlsx,Josh.mp4,Josh.JPG,Josh,19,0,1,1,1,,,,,0,10,10,4,,,,,,,,1,Josh,1,"['lshift', 'j', 'o', 's', 'h']","[1.6004958180710673, 1.7183996010571718, 2.118172808084637, 2.335434234002605, 2.501864508027211]",[1.6004,1.6004,4,0.483371732,,,2,1,2019_Feb_15_1004,FaceNameBlocked,3.0.0,60.25688439
FacesBlock1.xlsx,Julia.mp4,Julia.JPG,Julia,13,0,0,0,0,0,7,7,13,,,,,,,0,2,0.935783427,,,,,,,,0,0,,,,,2,1,2019_Feb_15_1004,FaceNameBlocked,3.0.0,60.25688439
FacesBlock1.xlsx,Julia.mp4,Julia.JPG,Julia,13,0,0,0,0,,,,,0,10,10,13,,,,,,,,0,,0,None,,0,0,1,0.335288337,,,2,1,2019_Feb_15_1004,FaceNameBlocked,3.0.0,60.25688439
FacesBlock2.xlsx,Justin.mp4,Justin.JPG,Justin,27,0,1,1,1,0,7,7,12,,,,,,,1,1,1.136045195,,,,,,,,0,0,,,,,2,1,2019_Feb_15_1004,FaceNameBlocked,3.0.0,60.25688439
FacesBlock2.xlsx,Justin.mp4,Justin.JPG,Justin,27,0,1,1,1,,,,,0,11,11,12,,,,,,,,1,Justin,1,"['lshift', 'j', 's', 'backspace', 'u', 's', 't', 'i', 'n']","[2.132834915071726, 2.2015511320205405, 2.5676420740783215, 2.9336999430088326, 3.2178258621133864, 3.3347984100691974, 3.4347645200323313, 3.834668244002387, 4.017911782022566]",[2.1328,2.1328,4,0.469521221,,,2,1,2019_Feb_15_1004,FaceNameBlocked,3.0.0,60.25688439
FacesBlock4.xlsx,Katie.mp4,Katie.JPG,Katie,54,0,3,3,3,0,2,2,9,,,,,,,0,2,1.735388123,,,,,,,,0,0,,,,,2,1,2019_Feb_15_1004,FaceNameBlocked,3.0.0,60.25688439
FacesBlock4.xlsx,Katie.mp4,Katie.JPG,Katie,54,0,3,3,3,,,,,0,7,7,9,,,,,,,,1,Katy,1,"['lshift', 'k', 'a', 't', 'y']","[2.1174233499914408, 2.2516021670307964, 2.5014313550200313, 2.63552707596682, 2.752001157030463]",[2.1174,2.1174,3,0.384281532,,,2,1,2019_Feb_15_1004,FaceNameBlocked,3.0.0,60.25688439
FacesBlock3.xlsx,Kayla.mp4,Kayla.JPG,Kayla,34,0,2,2,2,0,11,11,4,,,,,,,0,2,0.386284039,,,,,,,,0,0,,,,,2,1,2019_Feb_15_1004,FaceNameBlocked,3.0.0,60.25688439
FacesBlock3.xlsx,Kayla.mp4,Kayla.JPG,Kayla,34,0,2,2,2,,,,,0,9,9,4,,,,,,,,1,Kayla,1,"['lshift', 'k', 'a', 'y', 'l', 'a']","[3.349639539956115, 3.5016664679860696, 3.8012788799824193, 3.9682218859670684, 4.201219527982175, 4.350791364908218]",[3.3496,3.3496,4,0.269346202,,,2,1,2019_Feb_15_1004,FaceNameBlocked,3.0.0,60.25688439
FacesBlock1.xlsx,Kelsey.mp4,Kelsey.JPG,Kelsey,12,0,0,0,0,0,3,3,12,,,,,,,0,2,0.619622445,,,,,,,,0,0,,,,,2,1,2019_Feb_15_1004,FaceNameBlocked,3.0.0,60.25688439
FacesBlock1.xlsx,Kelsey.mp4,Kelsey.JPG,Kelsey,12,0,0,0,0,,,,,0,13,13,12,,,,,,,,0,,0,None,,0,0,1,0.469149443,,,2,1,2019_Feb_15_1004,FaceNameBlocked,3.0.0,60.25688439
FacesBlock3.xlsx,Kevin.mp4,Kevin.JPG,Kevin,41,0,2,2,2,0,14,14,11,,,,,,,0,1,1.786013486,,,,,,,,0,0,,,,,2,1,2019_Feb_15_1004,FaceNameBlocked,3.0.0,60.25688439
FacesBlock3.xlsx,Kevin.mp4,Kevin.JPG,Kevin,41,0,2,2,2,,,,,0,13,13,11,,,,,,,,1,Kevin,1,"['lshift', 'k', 'e', 'v', 'i', 'n']","[3.882948784972541, 4.035605965997092, 4.235138844931498, 4.4681262919912115, 4.717903150012717, 4.884438770008273]",[3.8829,3.8829,4,0.285835192,,,2,1,2019_Feb_15_1004,FaceNameBlocked,3.0.0,60.25688439
FacesBlock1.xlsx,Kyle.mp4,Kyle.JPG,Kyle,4,0,0,0,0,0,10,10,4,,,,,,,0,1,0.818852055,,,,,,,,0,0,,,,,2,1,2019_Feb_15_1004,FaceNameBlocked,3.0.0,60.25688439
FacesBlock1.xlsx,Kyle.mp4,Kyle.JPG,Kyle,4,0,0,0,0,,,,,0,6,6,4,,,,,,,,0,,0,None,,0,0,1,0.552296801,,,2,1,2019_Feb_15_1004,FaceNameBlocked,3.0.0,60.25688439
FacesBlock3.xlsx,Lauren.mp4,Lauren.JPG,Lauren,38,0,2,2,2,0,4,4,8,,,,,,,1,2,0.48356884,,,,,,,,0,0,,,,,2,1,2019_Feb_15_1004,FaceNameBlocked,3.0.0,60.25688439
FacesBlock3.xlsx,Lauren.mp4,Lauren.JPG,Lauren,38,0,2,2,2,,,,,0,12,12,8,,,,,,,,1,Lauren,1,"['lshift', 'l', 'a', 'u', 'r', 'e', 'n']","[2.550022854935378, 2.717890789033845, 3.084307612036355, 3.2176030930131674, 3.3011086490005255, 3.350949857966043, 3.467658523004502]",[2.5500,2.55,4,0.252544982,,,2,1,2019_Feb_15_1004,FaceNameBlocked,3.0.0,60.25688439
FacesBlock3.xlsx,Mark.mp4,Mark.JPG,Mark,40,0,2,2,2,0,12,12,10,,,,,,,0,1,0.769546714,,,,,,,,0,0,,,,,2,1,2019_Feb_15_1004,FaceNameBlocked,3.0.0,60.25688439
FacesBlock3.xlsx,Mark.mp4,Mark.JPG,Mark,40,0,2,2,2,,,,,0,8,8,10,,,,,,,,0,Steve,0,"['lshift', 's', 't', 'e', 'v', 'e']","[3.2663998149801046, 3.368550722952932, 3.6516178679885343, 3.9675209529232234, 4.351064294925891, 4.517893798998557]",[3.2663,3.2663,2,0.268608453,,,2,1,2019_Feb_15_1004,FaceNameBlocked,3.0.0,60.25688439
FacesBlock1.xlsx,Matthew.mp4,Matthew.JPG,Matthew,9,0,0,0,0,0,12,12,9,,,,,,,1,1,0.752973324,,,,,,,,0,0,,,,,2,1,2019_Feb_15_1004,FaceNameBlocked,3.0.0,60.25688439
FacesBlock1.xlsx,Matthew.mp4,Matthew.JPG,Matthew,9,0,0,0,0,,,,,0,14,14,9,,,,,,,,1,Matthew,1,"['lshift', 'm', 'a', 't', 't', 'h', 'e', 'w']","[3.1170129170641303, 3.416606366983615, 3.9017663140548393, 4.118323859060183, 4.2682921279920265, 4.467433862038888, 4.585171679966152, 4.668171977973543]",[3.1170,3.117,1,1.168398477,,,2,1,2019_Feb_15_1004,FaceNameBlocked,3.0.0,60.25688439
FacesBlock2.xlsx,Megan.mp4,Megan.JPG,Megan,25,0,1,1,1,0,0,0,10,,,,,,,1,2,2.702630945,,,,,,,,0,0,,,,,2,1,2019_Feb_15_1004,FaceNameBlocked,3.0.0,60.25688439
FacesBlock2.xlsx,Megan.mp4,Megan.JPG,Megan,25,0,1,1,1,,,,,0,9,9,10,,,,,,,,0,,0,None,,0,0,1,0.452401255,,,2,1,2019_Feb_15_1004,FaceNameBlocked,3.0.0,60.25688439
FacesBlock4.xlsx,Michael.mp4,Michael.JPG,Michael,46,0,3,3,3,0,4,4,1,,,,,,,0,1,1.085704929,,,,,,,,0,0,,,,,2,1,2019_Feb_15_1004,FaceNameBlocked,3.0.0,60.25688439
FacesBlock4.xlsx,Michael.mp4,Michael.JPG,Michael,46,0,3,3,3,,,,,0,14,14,1,,,,,,,,1,Michael,1,"['lshift', 'm', 'i', 'c', 'h', 'a', 'e', 'l']","[5.615955646033399, 5.818036760087125, 6.084586639073677, 6.234555839095265, 6.4150837800698355, 6.517872069031, 6.683981989044696, 6.88427150901407]",[5.6159,5.6159,4,0.451682673,,,2,1,2019_Feb_15_1004,FaceNameBlocked,3.0.0,60.25688439
FacesBlock4.xlsx,Michelle.mp4,Michelle.JPG,Michelle,52,0,3,3,3,0,0,0,7,,,,,,,0,2,5.101964271,,,,,,,,0,0,,,,,2,1,2019_Feb_15_1004,FaceNameBlocked,3.0.0,60.25688439
FacesBlock4.xlsx,Michelle.mp4,Michelle.JPG,Michelle,52,0,3,3,3,,,,,0,4,4,7,,,,,,,,0,,0,"['lshift', 'lshift']","[4.016322385054082, 6.082145925029181]",[4.0163,4.0163,1,1.318903116,,,2,1,2019_Feb_15_1004,FaceNameBlocked,3.0.0,60.25688439
FacesBlock1.xlsx,Natalie.mp4,Natalie.JPG,Natalie,7,0,0,0,0,0,1,1,7,,,,,,,1,2,0.603543308,,,,,,,,0,0,,,,,2,1,2019_Feb_15_1004,FaceNameBlocked,3.0.0,60.25688439
FacesBlock1.xlsx,Natalie.mp4,Natalie.JPG,Natalie,7,0,0,0,0,,,,,0,9,9,7,,,,,,,,0,,0,None,,0,0,1,0.518693001,,,2,1,2019_Feb_15_1004,FaceNameBlocked,3.0.0,60.25688439
FacesBlock3.xlsx,Nathan.mp4,Nathan.JPG,Nathan,37,0,2,2,2,0,6,6,7,,,,,,,1,1,0.553132832,,,,,,,,0,0,,,,,2,1,2019_Feb_15_1004,FaceNameBlocked,3.0.0,60.25688439
FacesBlock3.xlsx,Nathan.mp4,Nathan.JPG,Nathan,37,0,2,2,2,,,,,0,10,10,7,,,,,,,,1,Nathan,1,"['lshift', 'n', 'a', 't', 'h', 'a', 'n']","[3.9495754989329726, 4.117695763008669, 4.4344176929444075, 4.599127057939768, 4.751092173042707, 4.884539732942358, 4.984669161960483]",[3.9495,3.9495,4,0.616775115,,,2,1,2019_Feb_15_1004,FaceNameBlocked,3.0.0,60.25688439
FacesBlock3.xlsx,Nicole.mp4,Nicole.JPG,Nicole,43,0,2,2,2,0,3,3,13,,,,,,,0,2,1.202852003,,,,,,,,0,0,,,,,2,1,2019_Feb_15_1004,FaceNameBlocked,3.0.0,60.25688439
FacesBlock3.xlsx,Nicole.mp4,Nicole.JPG,Nicole,43,0,2,2,2,,,,,0,2,2,13,,,,,,,,1,Nicole,1,"['lshift', 'n', 'i', 'c', 'o', 'e', 'backspace', 'l', 'e']","[2.0345153780654073, 2.202717851032503, 2.4670171909965575, 2.5686966750072315, 2.719020987045951, 3.0189336580224335, 3.3675779970362782, 3.851915496052243, 3.9348042170749977]",[2.0345,2.0345,4,0.385551804,,,2,1,2019_Feb_15_1004,FaceNameBlocked,3.0.0,60.25688439
FacesBlock3.xlsx,Noah.mp4,Noah.JPG,Noah,31,0,2,2,2,0,5,5,1,,,,,,,1,1,0.819600668,,,,,,,,0,0,,,,,2,1,2019_Feb_15_1004,FaceNameBlocked,3.0.0,60.25688439
FacesBlock3.xlsx,Noah.mp4,Noah.JPG,Noah,31,0,2,2,2,,,,,0,5,5,1,,,,,,,,0,,0,None,,0,0,1,0.30030128,,,2,1,2019_Feb_15_1004,FaceNameBlocked,3.0.0,60.25688439
FacesBlock3.xlsx,Olivia.mp4,Olivia.JPG,Olivia,35,0,2,2,2,0,13,13,5,,,,,,,0,2,0.586656033,,,,,,,,0,0,,,,,2,1,2019_Feb_15_1004,FaceNameBlocked,3.0.0,60.25688439
FacesBlock3.xlsx,Olivia.mp4,Olivia.JPG,Olivia,35,0,2,2,2,,,,,0,6,6,5,,,,,,,,0,shelby,0,"['s', 'h', 'e', 'l', 'b', 'y']","[7.417291166028008, 7.598633102024905, 7.683550533954985, 7.8005157969892025, 8.116589521989226, 8.283909838995896]",[7.4172,7.4172,3,1.335965736,,,2,1,2019_Feb_15_1004,FaceNameBlocked,3.0.0,60.25688439
FacesBlock2.xlsx,Rachel.mp4,Rachel.JPG,Rachel,29,0,1,1,1,0,4,4,14,,,,,,,0,2,0.886722726,,,,,,,,0,0,,,,,2,1,2019_Feb_15_1004,FaceNameBlocked,3.0.0,60.25688439
FacesBlock2.xlsx,Rachel.mp4,Rachel.JPG,Rachel,29,0,1,1,1,,,,,0,1,1,14,,,,,,,,0,Ashley,0,"['lshift', 'a', 's', 'h', 'l', 'e', 'y']","[3.199814580962993, 3.9851448480039835, 4.267524390015751, 4.500864855013788, 5.051042233011685, 5.200982423033565, 5.500889005023055]",[3.1998,3.1998,2,1.168900591,,,2,1,2019_Feb_15_1004,FaceNameBlocked,3.0.0,60.25688439
FacesBlock3.xlsx,Rebecca.mp4,Rebecca.JPG,Rebecca,32,0,2,2,2,0,10,10,2,,,,,,,0,2,0.536300854,,,,,,,,0,0,,,,,2,1,2019_Feb_15_1004,FaceNameBlocked,3.0.0,60.25688439
FacesBlock3.xlsx,Rebecca.mp4,Rebecca.JPG,Rebecca,32,0,2,2,2,,,,,0,11,11,2,,,,,,,,1,Rebecca,1,"['lshift', 'r', 'e', 'b', 'e', 'c', 'c', 'c', 'backspace', 'a']","[6.89843322604429, 7.166270706104115, 7.366109032998793, 7.616406265064143, 7.882707864046097, 8.232636620057747, 8.413525548065081, 8.632592865033075, 8.99862688605208, 9.16611307405401]",[6.8984,6.8984,2,0.869032602,,,2,1,2019_Feb_15_1004,FaceNameBlocked,3.0.0,60.25688439
FacesBlock3.xlsx,Sarah.mp4,Sarah.JPG,Sarah,33,0,2,2,2,0,2,2,3,,,,,,,1,2,1.667109128,,,,,,,,0,0,,,,,2,1,2019_Feb_15_1004,FaceNameBlocked,3.0.0,60.25688439
FacesBlock3.xlsx,Sarah.mp4,Sarah.JPG,Sarah,33,0,2,2,2,,,,,0,1,1,3,,,,,,,,0,Courtney,0,"['lshift', 'c', 'o', 'u', 'r', 't', 'n', 'e', 'y']","[3.2329870120156556, 3.7510161090176553, 4.082394390949048, 4.184343704022467, 4.28439217293635, 4.817556813941337, 4.933968908968382, 5.049974723951891, 5.216911375988275]",[3.2329,3.2329,2,1.035446147,,,2,1,2019_Feb_15_1004,FaceNameBlocked,3.0.0,60.25688439
FacesBlock3.xlsx,Shelby.mp4,Shelby.JPG,Shelby,36,0,2,2,2,0,7,7,6,,,,,,,1,2,0.586325249,,,,,,,,0,0,,,,,2,1,2019_Feb_15_1004,FaceNameBlocked,3.0.0,60.25688439
FacesBlock3.xlsx,Shelby.mp4,Shelby.JPG,Shelby,36,0,2,2,2,,,,,0,0,0,6,,,,,,space,3.201352551,1,Shelby,1,"['lshift', 's', 'h', 'e', 'l', 'b', 'y']","[3.183752711978741, 3.3186153959250078, 3.552040947950445, 3.6515621329890564, 3.8185897989897057, 3.985578330932185, 4.201811088947579]",[3.1837,3.1837,3,0.435751738,,,2,1,2019_Feb_15_1004,FaceNameBlocked,3.0.0,60.25688439
FacesBlock2.xlsx,Steven.mp4,Steven.JPG,Steven,17,0,1,1,1,0,1,1,2,,,,,,,1,1,0.819646512,,,,,,,,0,0,,,,,2,1,2019_Feb_15_1004,FaceNameBlocked,3.0.0,60.25688439
FacesBlock2.xlsx,Steven.mp4,Steven.JPG,Steven,17,0,1,1,1,,,,,0,7,7,2,,,,,,,,0,Trevor,0,"['lshift', 't', 'r', 'e', 'v', 'p', 'r', 'backspace', 'backspace', 'o', 'r']","[6.466328012058511, 6.634284788975492, 7.350578623008914, 7.467272975016385, 7.733752413070761, 8.133637877064757, 8.233853099052794, 8.716407358995639, 8.84915704303421, 9.266681323060766, 9.383520681061782]",[6.4663,6.4663,1,1.152291467,,,2,1,2019_Feb_15_1004,FaceNameBlocked,3.0.0,60.25688439
FacesBlock4.xlsx,Taylor.mp4,Taylor.JPG,Taylor,45,0,3,3,3,0,6,6,0,,,,,,,1,2,1.086263326,,,,,,,,0,0,,,,,2,1,2019_Feb_15_1004,FaceNameBlocked,3.0.0,60.25688439
FacesBlock4.xlsx,Taylor.mp4,Taylor.JPG,Taylor,45,0,3,3,3,,,,,0,2,2,0,,,,,,,,1,Taylor,1,"['lshift', 't', 'a', 'y', 'l', 'o', 'r']","[1.4842343939235434, 1.7022118759341538, 2.002105730935, 2.3686394339893013, 2.585112865897827, 2.8179204548941925, 2.9514433869626373]",[1.4842,1.4842,4,0.4184023,,,2,1,2019_Feb_15_1004,FaceNameBlocked,3.0.0,60.25688439
FacesBlock3.xlsx,Thomas.mp4,Thomas.JPG,Thomas,44,0,2,2,2,0,1,1,14,,,,,,,1,1,2.268995689,,,,,,,,0,0,,,,,2,1,2019_Feb_15_1004,FaceNameBlocked,3.0.0,60.25688439
FacesBlock3.xlsx,Thomas.mp4,Thomas.JPG,Thomas,44,0,2,2,2,,,,,0,7,7,14,,,,,,,,0,Steve,0,"['lshift', 's', 't', 'e', 'v', 'e']","[5.399280305020511, 5.517590537085198, 5.78404970606789, 5.934412963106297, 6.217554240021855, 6.383450775058009]",[5.3992,5.3992,2,0.385588696,,,2,1,2019_Feb_15_1004,FaceNameBlocked,3.0.0,60.25688439
FacesBlock1.xlsx,Timothy.mp4,Timothy.JPG,Timothy,10,0,0,0,0,0,11,11,10,,,,,,,1,1,0.486296379,,,,,,,,0,0,,,,,2,1,2019_Feb_15_1004,FaceNameBlocked,3.0.0,60.25688439
FacesBlock1.xlsx,Timothy.mp4,Timothy.JPG,Timothy,10,0,0,0,0,,,,,0,5,5,10,,,,,,,,0,Matthew,0,"['lshift', 'lshift', 'm', 'a', 't', 't', 'h', 'e', 'w']","[6.515953556983732, 6.99973654106725, 7.117509322008118, 7.515202609007247, 8.417124407016672, 8.550090286065824, 8.782972370041534, 8.867143089068122, 9.250135611044243]",[6.5159,6.5159,1,3.652351104,,,2,1,2019_Feb_15_1004,FaceNameBlocked,3.0.0,60.25688439
FacesBlock2.xlsx,Trevor.mp4,Trevor.JPG,Trevor,21,0,1,1,1,0,11,11,6,,,,,,,0,1,0.952840518,,,,,,,,0,0,,,,,2,1,2019_Feb_15_1004,FaceNameBlocked,3.0.0,60.25688439
FacesBlock2.xlsx,Trevor.mp4,Trevor.JPG,Trevor,21,0,1,1,1,,,,,0,12,12,6,,,,,,,,1,Trevor,1,"['lshift', 't', 'r', 'e', 'v', 'o', 'r']","[5.99952787195798, 6.184822238981724, 6.367715338943526, 6.501133600017056, 6.717594419023953, 6.8508272810140625, 6.985425916966051]",[5.9995,5.9995,1,0.336071248,,,2,1,2019_Feb_15_1004,FaceNameBlocked,3.0.0,60.25688439
FacesBlock2.xlsx,Tyler.mp4,Tyler.JPG,Tyler,22,0,1,1,1,0,2,2,7,,,,,,,0,1,1.169900839,,,,,,,,0,0,,,,,2,1,2019_Feb_15_1004,FaceNameBlocked,3.0.0,60.25688439
FacesBlock2.xlsx,Tyler.mp4,Tyler.JPG,Tyler,22,0,1,1,1,,,,,0,6,6,7,,,,,,,,0,,0,None,,0,0,1,0.666626239,,,2,1,2019_Feb_15_1004,FaceNameBlocked,3.0.0,60.25688439
,,,,,,,,,,,,,,,,,space,26.8785655,,,,,,,,,,,,,,,,,2,1,2019_Feb_15_1004,FaceNameBlocked,3.0.0,60.25688439
,,,,,,,,,,,,,,,,,,,,,,,,,,,,,,,,,space,237.9585104,2,1,2019_Feb_15_1004,FaceNameBlocked,3.0.0,60.25688439