condsFile,Video,Photo,Name,Row,blocks.thisRepN,blocks.thisTrialN,blocks.thisN,blocks.thisIndex,presentations.thisRepN,presentations.thisTrialN,presentations.thisN,presentations.thisIndex,testing.thisRepN,testing.thisTrialN,testing.thisN,testing.thisIndex,advance_1.keys,advance_1.rt,currentCond,judgementResp.keys,judgementResp.rt,advance_2.keys,advance_2.rt,CorrectResponses,inputText,Accuracy,key_resp_3.keys,key_resp_3.rt,trim1,key_resp3_fin,rating_resp.keys,rating_resp.rt,end_key.keys,end_key.rt,participant,session,date,expName,psychopyVersion,frameRate
FacesBlock2.xlsx,Aaron.mp4,Aaron.JPG,Aaron,18,0,1,1,1,0,3,3,3,,,,,,,1,1,1.335960113,,,,,,,,0,0,,,,,3,1,2019_Feb_15_1056,FaceNameBlocked,3.0.0,60.05143969
FacesBlock2.xlsx,Aaron.mp4,Aaron.JPG,Aaron,18,0,1,1,1,,,,,0,14,14,3,,,,,,,,0,,0,None,,0,0,1,0.802158662,,,3,1,2019_Feb_15_1056,FaceNameBlocked,3.0.0,60.05143969
FacesBlock1.xlsx,Adam.mp4,Adam.JPG,Adam,5,0,0,0,0,0,6,6,5,,,,,,,0,1,0.419643579,,,,,,,,0,0,,,,,3,1,2019_Feb_15_1056,FaceNameBlocked,3.0.0,60.05143969
FacesBlock1.xlsx,Adam.mp4,Adam.JPG,Adam,5,0,0,0,0,,,,,0,12,12,5,,,,,,,,0,Timothy,0,"['lshift', 't', 'i', 'm', 'o', 't', 'h', 'y']","[5.698673236998729, 5.950723893009126, 6.117005128064193, 6.3336532020475715, 6.550183813087642, 6.750614203047007, 6.833958988077939, 7.216553091071546]",[5.6986,5.6986,1,1.435242331,,,3,1,2019_Feb_15_1056,FaceNameBlocked,3.0.0,60.05143969
FacesBlock4.xlsx,Alyssa.mp4,Alyssa.JPG,Alyssa,55,0,3,3,3,0,2,2,10,,,,,,,1,2,1.186368672,,,,,,,,0,0,,,,,3,1,2019_Feb_15_1056,FaceNameBlocked,3.0.0,60.05143969
FacesBlock4.xlsx,Alyssa.mp4,Alyssa.JPG,Alyssa,55,0,3,3,3,,,,,0,14,14,10,,,,,,,,0,,0,None,,0,0,1,0.634779803,,,3,1,2019_Feb_15_1056,FaceNameBlocked,3.0.0,60.05143969
FacesBlock1.xlsx,Amanda.mp4,Amanda.JPG,Amanda,2,0,0,0,0,0,3,3,2,,,,,,,0,2,0.836667026,,,,,,,,0,0,,,,,3,1,2019_Feb_15_1056,FaceNameBlocked,3.0.0,60.05143969
FacesBlock1.xlsx,Amanda.mp4,Amanda.JPG,Amanda,2,0,0,0,0,,,,,0,1,1,2,,,,,,,,0,Jessica,0,"['lshift', 'j', 'lshift', 'e', 's', 's', 'backspace', 'backspace', 'backspace', 'e', 's', 's', 'i', 'c', 'a']","[1.5163506170501933, 2.068832153105177, 2.61790773505345, 2.8507968860212713, 2.9508052130695432, 3.2999105060007423, 3.4498649711022153, 3.7838194710202515, 3.9009328560205176, 4.115419264999218, 4.216945184045471, 4.3005039090057835, 4.73358385800384, 4.800802719080821]",[1.5163,1.5163,3,3.118234214,,,3,1,2019_Feb_15_1056,FaceNameBlocked,3.0.0,60.05143969
FacesBlock4.xlsx,Andrew.mp4,Andrew.JPG,Andrew,51,0,3,3,3,0,8,8,6,,,,,,,0,1,2.984829224,,,,,,,,0,0,,,,,3,1,2019_Feb_15_1056,FaceNameBlocked,3.0.0,60.05143969
FacesBlock4.xlsx,Andrew.mp4,Andrew.JPG,Andrew,51,0,3,3,3,,,,,0,8,8,6,,,,,,,,0,Michel,0,"['lshift', 'm', 'i', 'c', 'h', 'e', 'a', 'l', 'backspace', 'backspace', 'l']","[5.682233407045715, 6.1172174389939755, 6.5505938259884715, 6.800172633025795, 6.983957888092846, 7.167030167998746, 7.8337390730157495, 7.99984323407989, 8.665738645009696, 8.816128376987763, 9.232503809034824]",[5.6822,5.6822,2,1.369173408,,,3,1,2019_Feb_15_1056,FaceNameBlocked,3.0.0,60.05143969
FacesBlock4.xlsx,Anna.mp4,Anna.JPG,Anna,47,0,3,3,3,0,11,11,2,,,,,,,1,2,3.152185223,,,,,,,,0,0,,,,,3,1,2019_Feb_15_1056,FaceNameBlocked,3.0.0,60.05143969
FacesBlock4.xlsx,Anna.mp4,Anna.JPG,Anna,47,0,3,3,3,,,,,0,4,4,2,,,,,,,,0,,0,None,,0,0,1,0.918830864,,,3,1,2019_Feb_15_1056,FaceNameBlocked,3.0.0,60.05143969
FacesBlock2.xlsx,Ashley.mp4,Ashley.JPG,Ashley,24,0,1,1,1,0,13,13,9,,,,,,,0,2,0.469863874,,,,,,,,0,0,,,,,3,1,2019_Feb_15_1056,FaceNameBlocked,3.0.0,60.05143969
FacesBlock2.xlsx,Ashley.mp4,Ashley.JPG,Ashley,24,0,1,1,1,,,,,0,8,8,9,,,,,,,,1,Asheley,1,"['lshift', 'a', 's', 'h', 'e', 'l', 'e', 'y']","[5.8489586299983785, 5.967344788019545, 6.232939645997249, 6.366313287988305, 6.5669463409576565, 7.2479198079090565, 7.3664573630085215, 7.599898821907118]",[5.8489,5.8489,2,1.468871803,,,3,1,2019_Feb_15_1056,FaceNameBlocked,3.0.0,60.05143969
FacesBlock1.xlsx,Bradley.mp4,Bradley.JPG,Bradley,14,0,0,0,0,0,1,1,14,,,,,,,0,1,0.802813694,,,,,,,,0,0,,,,,3,1,2019_Feb_15_1056,FaceNameBlocked,3.0.0,60.05143969
FacesBlock1.xlsx,Bradley.mp4,Bradley.JPG,Bradley,14,0,0,0,0,,,,,0,2,2,14,,,,,,,,0,,0,None,,0,0,1,0.852395251,,,3,1,2019_Feb_15_1056,FaceNameBlocked,3.0.0,60.05143969
FacesBlock4.xlsx,Brandon.mp4,Brandon.JPG,Brandon,56,0,3,3,3,0,3,3,11,,,,,,,0,1,3.851018265,,,,,,,,0,0,,,,,3,1,2019_Feb_15_1056,FaceNameBlocked,3.0.0,60.05143969
FacesBlock4.xlsx,Brandon.mp4,Brandon.JPG,Brandon,56,0,3,3,3,,,,,0,12,12,11,,,,,,,,0,Andrew,0,"['lshift', 'a', 'n', 'd', 'r', 'e', 'w']","[1.9337442760588601, 2.3349505490623415, 2.6515805589733645, 2.8011010399786755, 3.084818897070363, 3.168104800977744, 3.4851771210087463]",[1.9337,1.9337,2,0.418099512,,,3,1,2019_Feb_15_1056,FaceNameBlocked,3.0.0,60.05143969
FacesBlock4.xlsx,Brian.mp4,Brian.JPG,Brian,53,0,3,3,3,0,13,13,8,,,,,,,0,1,3.602029669,,,,,,,,0,0,,,,,3,1,2019_Feb_15_1056,FaceNameBlocked,3.0.0,60.05143969
FacesBlock4.xlsx,Brian.mp4,Brian.JPG,Brian,53,0,3,3,3,,,,,0,13,13,8,,,,,,,,1,Brian,1,"['lshift', 'b', 'r', 'a', 'backspace', 'i', 'a', 'n']","[0.6512074810452759, 0.8527772589586675, 1.1523783570155501, 1.6189070999389514, 2.2335714750224724, 2.5020536680240184, 2.652521388954483, 2.7512226389953867]",[0.6512,0.6512,4,0.451789214,,,3,1,2019_Feb_15_1056,FaceNameBlocked,3.0.0,60.05143969
FacesBlock4.xlsx,Brianna.mp4,Brianna.JPG,Brianna,48,0,3,3,3,0,7,7,3,,,,,,,0,2,2.20242412,,,,,,,,0,0,,,,,3,1,2019_Feb_15_1056,FaceNameBlocked,3.0.0,60.05143969
FacesBlock4.xlsx,Brianna.mp4,Brianna.JPG,Brianna,48,0,3,3,3,,,,,0,7,7,3,,,,,,,,0,,0,None,,0,0,1,0.41877846,,,3,1,2019_Feb_15_1056,FaceNameBlocked,3.0.0,60.05143969
FacesBlock2.xlsx,Brittany.mp4,Brittany.JPG,Brittany,28,0,1,1,1,0,0,0,13,,,,,,,0,2,2.169371959,,,,,,,,0,0,,,,,3,1,2019_Feb_15_1056,FaceNameBlocked,3.0.0,60.05143969
FacesBlock2.xlsx,Brittany.mp4,Brittany.JPG,Brittany,28,0,1,1,1,,,,,0,10,10,13,,,,,,,,0,,0,None,,0,0,1,0.368534959,,,3,1,2019_Feb_15_1056,FaceNameBlocked,3.0.0,60.05143969
FacesBlock4.xlsx,Caleb.mp4,Caleb.JPG,Caleb,59,0,3,3,3,0,5,5,14,,,,,,,1,1,2.652136906,,,,,,,,0,0,,,,,3,1,2019_Feb_15_1056,FaceNameBlocked,3.0.0,60.05143969
FacesBlock4.xlsx,Caleb.mp4,Caleb.JPG,Caleb,59,0,3,3,3,,,,,0,5,5,14,,,,,,,,0,Brandon,0,"['lshift', 'b', 'r', 'a', 'o', 'backspace', 'n', 'd', 'o', 'n', '2', 'backspace']","[3.0001757009886205, 3.251803217921406, 3.4330229349434376, 3.5018412809586152, 3.95165001694113, 4.3509829639224336, 4.56757697602734, 4.751696067978628, 4.884613128961064, 4.983992003952153, 7.466748422943056, 8.216097021009773]",[3.0001,3.0001,2,0.483305754,,,3,1,2019_Feb_15_1056,FaceNameBlocked,3.0.0,60.05143969
FacesBlock2.xlsx,Cody.mp4,Cody.JPG,Cody,23,0,1,1,1,0,11,11,8,,,,,,,1,1,0.753130281,,,,,,,,0,0,,,,,3,1,2019_Feb_15_1056,FaceNameBlocked,3.0.0,60.05143969
FacesBlock2.xlsx,Cody.mp4,Cody.JPG,Cody,23,0,1,1,1,,,,,0,6,6,8,,,,,,,,1,Cody,1,"['lshift', 'c', 'o', 'd', 'y']","[2.2334799569798633, 2.5015146220102906, 3.0348554329248145, 3.268134412006475, 3.41818431194406]",[2.2334,2.2334,2,0.467383818,,,3,1,2019_Feb_15_1056,FaceNameBlocked,3.0.0,60.05143969
FacesBlock3.xlsx,Courtney.mp4,Courtney.JPG,Courtney,42,0,2,2,2,0,6,6,12,,,,,,,1,2,1.436519992,,,,,,,,0,0,,,,,3,1,2019_Feb_15_1056,FaceNameBlocked,3.0.0,60.05143969
FacesBlock3.xlsx,Courtney.mp4,Courtney.JPG,Courtney,42,0,2,2,2,,,,,0,9,9,12,,,,,,,,0,,0,None,,0,0,1,0.452275771,,,3,1,2019_Feb_15_1056,FaceNameBlocked,3.0.0,60.05143969
FacesBlock3.xlsx,Daniel.mp4,Daniel.JPG,Daniel,30,0,2,2,2,0,14,14,0,,,,,,,0,1,2.149764989,,,,,,,,0,0,,,,,3,1,2019_Feb_15_1056,FaceNameBlocked,3.0.0,60.05143969
FacesBlock3.xlsx,Daniel.mp4,Daniel.JPG,Daniel,30,0,2,2,2,,,,,0,0,0,0,,,,,,space,5.783660125,0,Nathan,0,"['lshift', 'n', 'a', 't', 'h', 'a', 'n']","[1.7009346829727292, 1.8349643490510061, 2.052222813013941, 2.252257797983475, 2.3356186740566045, 2.4519871530355886, 2.5522333580302075]",[1.7009,1.7009,2,0.535481719,,,3,1,2019_Feb_15_1056,FaceNameBlocked,3.0.0,60.05143969
FacesBlock1.xlsx,Danielle.mp4,Danielle.JPG,Danielle,3,0,0,0,0,0,0,0,3,,,,,,,1,2,1.26935961,,,,,,,,0,0,,,,,3,1,2019_Feb_15_1056,FaceNameBlocked,3.0.0,60.05143969
FacesBlock1.xlsx,Danielle.mp4,Danielle.JPG,Danielle,3,0,0,0,0,,,,,0,13,13,3,,,,,,,,0,,0,None,,0,0,1,0.418385231,,,3,1,2019_Feb_15_1056,FaceNameBlocked,3.0.0,60.05143969
FacesBlock2.xlsx,David.mp4,David.JPG,David,16,0,1,1,1,0,5,5,1,,,,,,,1,1,0.469288075,,,,,,,,0,0,,,,,3,1,2019_Feb_15_1056,FaceNameBlocked,3.0.0,60.05143969
FacesBlock2.xlsx,David.mp4,David.JPG,David,16,0,1,1,1,,,,,0,7,7,1,,,,,,,,0,,0,None,,0,0,1,0.968994806,,,3,1,2019_Feb_15_1056,FaceNameBlocked,3.0.0,60.05143969
FacesBlock4.xlsx,Dylan.mp4,Dylan.JPG,Dylan,50,0,3,3,3,0,12,12,5,,,,,,,1,1,4.135219164,,,,,,,,0,0,,,,,3,1,2019_Feb_15_1056,FaceNameBlocked,3.0.0,60.05143969
FacesBlock4.xlsx,Dylan.mp4,Dylan.JPG,Dylan,50,0,3,3,3,,,,,0,10,10,5,,,,,,,,1,Dylan,1,"['lshift', 'd', 'y', 'l', 'a', 'n']","[1.2670703700277954, 1.601953094941564, 1.8681223399471492, 2.134623992955312, 2.2024595519760624, 2.3185386549448594]",[1.2670,1.267,4,0.33541687,,,3,1,2019_Feb_15_1056,FaceNameBlocked,3.0.0,60.05143969
FacesBlock4.xlsx,Emily.mp4,Emily.JPG,Emily,57,0,3,3,3,0,4,4,12,,,,,,,1,2,2.519084637,,,,,,,,0,0,,,,,3,1,2019_Feb_15_1056,FaceNameBlocked,3.0.0,60.05143969
FacesBlock4.xlsx,Emily.mp4,Emily.JPG,Emily,57,0,3,3,3,,,,,0,1,1,12,,,,,,,,1,Emily,1,"['lshift', 'e', 'm', 'i', 'l', 'y']","[1.449834150960669, 1.7662439940031618, 2.034729390987195, 2.2682326820213348, 3.584081470966339, 3.7837050979724154]",[1.4498,1.4498,3,0.385872378,,,3,1,2019_Feb_15_1056,FaceNameBlocked,3.0.0,60.05143969
FacesBlock1.xlsx,Eric.mp4,Eric.JPG,Eric,0,0,0,0,0,0,10,10,0,,,,,,,0,1,0.853443262,,,,,,,,0,0,,,,,3,1,2019_Feb_15_1056,FaceNameBlocked,3.0.0,60.05143969
FacesBlock1.xlsx,Eric.mp4,Eric.JPG,Eric,0,0,0,0,0,,,,,0,14,14,0,,,,,,,,0,,0,None,,0,0,1,1.002557381,,,3,1,2019_Feb_15_1056,FaceNameBlocked,3.0.0,60.05143969
FacesBlock1.xlsx,Ethan.mp4,Ethan.JPG,Ethan,11,0,0,0,0,0,4,4,11,,,,,,,1,1,0.736464563,,,,,,,,0,0,,,,,3,1,2019_Feb_15_1056,FaceNameBlocked,3.0.0,60.05143969
FacesBlock1.xlsx,Ethan.mp4,Ethan.JPG,Ethan,11,0,0,0,0,,,,,0,7,7,11,,,,,,,,0,,0,None,,0,0,1,2.23456644,,,3,1,2019_Feb_15_1056,FaceNameBlocked,3.0.0,60.05143969
FacesBlock4.xlsx,Grace.mp4,Grace.JPG,Grace,58,0,3,3,3,0,14,14,13,,,,,,,0,2,2.435822326,,,,,,,,0,0,,,,,3,1,2019_Feb_15_1056,FaceNameBlocked,3.0.0,60.05143969
FacesBlock4.xlsx,Grace.mp4,Grace.JPG,Grace,58,0,3,3,3,,,,,0,11,11,13,,,,,,,,1,Grace,1,"['lshift', 'g', 'r', 'a', 'c', 'e']","[0.9509134689578786, 1.4999586109770462, 1.7857302359770983, 1.8848221600055695, 2.1350580159341916, 2.1852629479253665]",[0.9509,0.9509,4,0.485312196,,,3,1,2019_Feb_15_1056,FaceNameBlocked,3.0.0,60.05143969
FacesBlock2.xlsx,Haley.mp4,Haley.JPG,Haley,20,0,1,1,1,0,10,10,5,,,,,,,0,2,0.969961311,,,,,,,,0,0,,,,,3,1,2019_Feb_15_1056,FaceNameBlocked,3.0.0,60.05143969
FacesBlock2.xlsx,Haley.mp4,Haley.JPG,Haley,20,0,1,1,1,,,,,0,9,9,5,,,,,,,,1,Haley,1,"['lshift', 'h', 'a', 'l', 'e', 'y']","[1.5672535790363327, 1.7855141930049285, 2.018573469016701, 2.7516986819682643, 3.1012291009537876, 3.2344716830411926]",[1.5672,1.5672,3,0.435934138,,,3,1,2019_Feb_15_1056,FaceNameBlocked,3.0.0,60.05143969
FacesBlock1.xlsx,Hannah.mp4,Hannah.JPG,Hannah,1,0,0,0,0,0,12,12,1,,,,,,,0,2,0.969761638,,,,,,,,0,0,,,,,3,1,2019_Feb_15_1056,FaceNameBlocked,3.0.0,60.05143969
FacesBlock1.xlsx,Hannah.mp4,Hannah.JPG,Hannah,1,0,0,0,0,,,,,0,3,3,1,,,,,,,,0,,0,None,,0,0,1,1.066639112,,,3,1,2019_Feb_15_1056,FaceNameBlocked,3.0.0,60.05143969
FacesBlock2.xlsx,Heather.mp4,Heather.JPG,Heather,26,0,1,1,1,0,1,1,11,,,,,,,0,2,1.686171621,,,,,,,,0,0,,,,,3,1,2019_Feb_15_1056,FaceNameBlocked,3.0.0,60.05143969
FacesBlock2.xlsx,Heather.mp4,Heather.JPG,Heather,26,0,1,1,1,,,,,0,4,4,11,,,,,,,,0,Asheley,0,"['lshift', 'a', 's', 'h', 'e', 'l', 'e', 'y']","[2.81703897297848, 3.0013321669539437, 3.3847097689285874, 3.5181740259286016, 4.717732907971367, 4.950372903957032, 5.150977968936786, 5.265742150018923]",[2.8170,2.817,2,1.818794919,,,3,1,2019_Feb_15_1056,FaceNameBlocked,3.0.0,60.05143969
FacesBlock3.xlsx,Jacob.mp4,Jacob.JPG,Jacob,39,0,2,2,2,0,8,8,9,,,,,,,1,1,1.319259341,,,,,,,,0,0,,,,,3,1,2019_Feb_15_1056,FaceNameBlocked,3.0.0,60.05143969
FacesBlock3.xlsx,Jacob.mp4,Jacob.JPG,Jacob,39,0,2,2,2,,,,,0,4,4,9,,,,,,,,1,Jacob,1,"['lshift', 'j', 'a', 'c', 'o', 'b']","[1.0675281101139262, 1.2355335250031203, 1.4349260510643944, 1.6191910461056978, 1.8687542210100219, 2.1019296750891954]",[1.0675,1.0675,4,0.385727234,,,3,1,2019_Feb_15_1056,FaceNameBlocked,3.0.0,60.05143969
FacesBlock4.xlsx,Jason.mp4,Jason.JPG,Jason,49,0,3,3,3,0,0,0,4,,,,,,,0,1,4.951652334,,,,,,,,0,0,,,,,3,1,2019_Feb_15_1056,FaceNameBlocked,3.0.0,60.05143969
FacesBlock4.xlsx,Jason.mp4,Jason.JPG,Jason,49,0,3,3,3,,,,,0,2,2,4,,,,,,,,1,Jason,1,"['lshift', 'j', 'a', 'o', 'backspace', 's', 'o', 'n']","[3.2492647380568087, 4.717445272020996, 5.100418559042737, 5.550374647951685, 5.932716637966223, 6.01720253599342, 6.483598341001198, 6.632956395042129]",[3.2492,3.2492,4,0.585817712,,,3,1,2019_Feb_15_1056,FaceNameBlocked,3.0.0,60.05143969
FacesBlock1.xlsx,Jenna.mp4,Jenna.JPG,Jenna,6,0,0,0,0,0,13,13,6,,,,,,,0,2,0.252791365,,,,,,,,0,0,,,,,3,1,2019_Feb_15_1056,FaceNameBlocked,3.0.0,60.05143969
FacesBlock1.xlsx,Jenna.mp4,Jenna.JPG,Jenna,6,0,0,0,0,,,,,0,11,11,6,,,,,,,,0,,0,None,,0,0,1,0.751693704,,,3,1,2019_Feb_15_1056,FaceNameBlocked,3.0.0,60.05143969
FacesBlock2.xlsx,Jeremy.mp4,Jeremy.JPG,Jeremy,15,0,1,1,1,0,14,14,0,,,,,,,0,1,0.752613156,,,,,,,,0,0,,,,,3,1,2019_Feb_15_1056,FaceNameBlocked,3.0.0,60.05143969
FacesBlock2.xlsx,Jeremy.mp4,Jeremy.JPG,Jeremy,15,0,1,1,1,,,,,0,1,1,0,,,,,,,,1,Jerrimy,1,"['lshift', 'j', 'e', 'r', 'r', 'y', 'backspace', 'i', 'm', 'y']","[2.9672198719345033, 3.1853794009657577, 3.4010495629627258, 3.6182191990083084, 3.7347983239451423, 4.118078076979145, 4.666761007974856, 4.951600805972703, 5.301165636978112, 5.7007542790379375]",[2.9672,2.9672,3,0.902680299,,,3,1,2019_Feb_15_1056,FaceNameBlocked,3.0.0,60.05143969
FacesBlock1.xlsx,Jessica.mp4,Jessica.JPG,Jessica,8,0,0,0,0,0,7,7,8,,,,,,,1,2,0.869362793,,,,,,,,0,0,,,,,3,1,2019_Feb_15_1056,FaceNameBlocked,3.0.0,60.05143969
FacesBlock1.xlsx,Jessica.mp4,Jessica.JPG,Jessica,8,0,0,0,0,,,,,0,9,9,8,,,,,,,,0,Jenna,0,"['lshift', 'j', 'e', 'n', 'n', 'a']","[6.0161995680537075, 6.250897650024854, 6.550909938057885, 7.267813257058151, 7.3836009200895205, 7.517009361064993]",[6.0161,6.0161,2,1.068730057,,,3,1,2019_Feb_15_1056,FaceNameBlocked,3.0.0,60.05143969
FacesBlock2.xlsx,Josh.mp4,Josh.JPG,Josh,19,0,1,1,1,0,4,4,4,,,,,,,0,1,2.001541342,,,,,,,,0,0,,,,,3,1,2019_Feb_15_1056,FaceNameBlocked,3.0.0,60.05143969
FacesBlock2.xlsx,Josh.mp4,Josh.JPG,Josh,19,0,1,1,1,,,,,0,0,0,4,,,,,,space,15.06353336,0,arron,0,"['a', 'r', 'r', 'o', 'o', 'n', 'backspace', 'backspace', 'n']","[7.866659817053005, 8.083313405048102, 8.26679082796909, 8.433289495995268, 8.549419092014432, 8.733097461052239, 9.165823598043062, 9.31579043995589, 9.566204927978106]",[7.8666,7.8666,2,1.417914681,,,3,1,2019_Feb_15_1056,FaceNameBlocked,3.0.0,60.05143969
FacesBlock1.xlsx,Julia.mp4,Julia.JPG,Julia,13,0,0,0,0,0,11,11,13,,,,,,,1,2,0.486347387,,,,,,,,0,0,,,,,3,1,2019_Feb_15_1056,FaceNameBlocked,3.0.0,60.05143969
FacesBlock1.xlsx,Julia.mp4,Julia.JPG,Julia,13,0,0,0,0,,,,,0,8,8,13,,,,,,,,1,Julia,1,"['lshift', 'j', 'u', 'l', 'i', 'a']","[2.400480863987468, 2.651462770998478, 3.3182506419252604, 3.601511556887999, 3.650777066941373, 4.767145428922959]",[2.4004,2.4004,3,0.51943037,,,3,1,2019_Feb_15_1056,FaceNameBlocked,3.0.0,60.05143969
FacesBlock2.xlsx,Justin.mp4,Justin.JPG,Justin,27,0,1,1,1,0,9,9,12,,,,,,,1,1,0.436359808,,,,,,,,0,0,,,,,3,1,2019_Feb_15_1056,FaceNameBlocked,3.0.0,60.05143969
FacesBlock2.xlsx,Justin.mp4,Justin.JPG,Justin,27,0,1,1,1,,,,,0,2,2,12,,,,,,,,1,Justin,1,"['lshift', 'j', 'u', 's', 't', 'i', 'n']","[1.516462545027025, 1.6850213500438258, 1.851593032013625, 2.0178839780855924, 2.2161282680463046, 2.3849327890202403, 2.4346268459921703]",[1.5164,1.5164,3,0.469042944,,,3,1,2019_Feb_15_1056,FaceNameBlocked,3.0.0,60.05143969
FacesBlock4.xlsx,Katie.mp4,Katie.JPG,Katie,54,0,3,3,3,0,9,9,9,,,,,,,0,2,2.183248173,,,,,,,,0,0,,,,,3,1,2019_Feb_15_1056,FaceNameBlocked,3.0.0,60.05143969
FacesBlock4.xlsx,Katie.mp4,Katie.JPG,Katie,54,0,3,3,3,,,,,0,3,3,9,,,,,,,,0,,0,None,,0,0,1,0.969032537,,,3,1,2019_Feb_15_1056,FaceNameBlocked,3.0.0,60.05143969
FacesBlock3.xlsx,Kayla.mp4,Kayla.JPG,Kayla,34,0,2,2,2,0,9,9,4,,,,,,,1,2,2.119578535,,,,,,,,0,0,,,,,3,1,2019_Feb_15_1056,FaceNameBlocked,3.0.0,60.05143969
FacesBlock3.xlsx,Kayla.mp4,Kayla.JPG,Kayla,34,0,2,2,2,,,,,0,8,8,4,,,,,,,,0,,0,['lshift'],[4.049544121022336],[4.0495,4.0495,1,0.535491139,,,3,1,2019_Feb_15_1056,FaceNameBlocked,3.0.0,60.05143969
FacesBlock1.xlsx,Kelsey.mp4,Kelsey.JPG,Kelsey,12,0,0,0,0,0,9,9,12,,,,,,,1,2,0.651799468,,,,,,,,0,0,,,,,3,1,2019_Feb_15_1056,FaceNameBlocked,3.0.0,60.05143969
FacesBlock1.xlsx,Kelsey.mp4,Kelsey.JPG,Kelsey,12,0,0,0,0,,,,,0,10,10,12,,,,,,,,0,,0,None,,0,0,1,8.633623152,,,3,1,2019_Feb_15_1056,FaceNameBlocked,3.0.0,60.05143969
FacesBlock3.xlsx,Kevin.mp4,Kevin.JPG,Kevin,41,0,2,2,2,0,0,0,11,,,,,,,0,1,2.385662346,,,,,,,,0,0,,,,,3,1,2019_Feb_15_1056,FaceNameBlocked,3.0.0,60.05143969
FacesBlock3.xlsx,Kevin.mp4,Kevin.JPG,Kevin,41,0,2,2,2,,,,,0,13,13,11,,,,,,,,0,,0,None,,0,0,1,0.802417641,,,3,1,2019_Feb_15_1056,FaceNameBlocked,3.0.0,60.05143969
FacesBlock1.xlsx,Kyle.mp4,Kyle.JPG,Kyle,4,0,0,0,0,0,2,2,4,,,,,,,1,1,0.519507532,,,,,,,,0,0,,,,,3,1,2019_Feb_15_1056,FaceNameBlocked,3.0.0,60.05143969
FacesBlock1.xlsx,Kyle.mp4,Kyle.JPG,Kyle,4,0,0,0,0,,,,,0,5,5,4,,,,,,,,0,Timothy,0,"['lshift', 'lshift', 't', 'i', 'm', 'o', 't', 'h', 'y']","[3.5333130760118365, 5.065845803008415, 5.467726391972974, 5.984248576918617, 7.24989638896659, 7.317415806930512, 7.450140481931157, 7.550020174938254, 7.766611187951639]",[3.5333,3.5333,1,1.684474366,,,3,1,2019_Feb_15_1056,FaceNameBlocked,3.0.0,60.05143969
FacesBlock3.xlsx,Lauren.mp4,Lauren.JPG,Lauren,38,0,2,2,2,0,3,3,8,,,,,,,0,2,1.553168194,,,,,,,,0,0,,,,,3,1,2019_Feb_15_1056,FaceNameBlocked,3.0.0,60.05143969
FacesBlock3.xlsx,Lauren.mp4,Lauren.JPG,Lauren,38,0,2,2,2,,,,,0,1,1,8,,,,,,,,0,Haley,0,"['lshift', 'h', 'a', 'l', 'e', 'y']","[4.982661517919041, 5.4167004799237475, 5.733501142938621, 5.915277536958456, 6.366557962959632, 6.516747009009123]",[4.9826,4.9826,2,0.85240701,,,3,1,2019_Feb_15_1056,FaceNameBlocked,3.0.0,60.05143969
FacesBlock3.xlsx,Mark.mp4,Mark.JPG,Mark,40,0,2,2,2,0,12,12,10,,,,,,,0,1,1.969218758,,,,,,,,0,0,,,,,3,1,2019_Feb_15_1056,FaceNameBlocked,3.0.0,60.05143969
FacesBlock3.xlsx,Mark.mp4,Mark.JPG,Mark,40,0,2,2,2,,,,,0,12,12,10,,,,,,,,0,,0,None,,0,0,1,0.968651674,,,3,1,2019_Feb_15_1056,FaceNameBlocked,3.0.0,60.05143969
FacesBlock1.xlsx,Matthew.mp4,Matthew.JPG,Matthew,9,0,0,0,0,0,14,14,9,,,,,,,0,1,0.269057411,,,,,,,,0,0,,,,,3,1,2019_Feb_15_1056,FaceNameBlocked,3.0.0,60.05143969
FacesBlock1.xlsx,Matthew.mp4,Matthew.JPG,Matthew,9,0,0,0,0,,,,,0,4,4,9,,,,,,,,0,Eric,0,"['lshift', 'e', 'r', 'i', 'c']","[1.8007170950295404, 2.1015073959715664, 2.401574779069051, 2.768435362027958, 2.934537500026636]",[1.8007,1.8007,2,1.301105645,,,3,1,2019_Feb_15_1056,FaceNameBlocked,3.0.0,60.05143969
FacesBlock2.xlsx,Megan.mp4,Megan.JPG,Megan,25,0,1,1,1,0,2,2,10,,,,,,,1,2,0.336222985,,,,,,,,0,0,,,,,3,1,2019_Feb_15_1056,FaceNameBlocked,3.0.0,60.05143969
FacesBlock2.xlsx,Megan.mp4,Megan.JPG,Megan,25,0,1,1,1,,,,,0,11,11,10,,,,,,,,1,Megan,1,"['lshift', 'm', 'e', 'g', 'a', 'n']","[2.1168680989649147, 2.3009084889199585, 2.4850438570138067, 2.650991197908297, 2.768501047976315, 2.8182165540056303]",[2.1168,2.1168,4,1.118536351,,,3,1,2019_Feb_15_1056,FaceNameBlocked,3.0.0,60.05143969
FacesBlock4.xlsx,Michael.mp4,Michael.JPG,Michael,46,0,3,3,3,0,10,10,1,,,,,,,0,1,2.302519899,,,,,,,,0,0,,,,,3,1,2019_Feb_15_1056,FaceNameBlocked,3.0.0,60.05143969
FacesBlock4.xlsx,Michael.mp4,Michael.JPG,Michael,46,0,3,3,3,,,,,0,9,9,1,,,,,,,,1,Michael,1,"['lshift', 'a', 'backspace', 'lshift', 'm', 'i', 'c', 'h', 'a', 'e', 'l']","[5.032978630042635, 5.217966643045656, 6.18298704107292, 6.3824752130312845, 7.133902574074455, 7.4505398540059105, 7.700512493029237, 8.200178883038461, 8.749621025053784, 8.966058842022903, 9.083238403080031]",[5.0329,5.0329,2,0.951891291,,,3,1,2019_Feb_15_1056,FaceNameBlocked,3.0.0,60.05143969
FacesBlock4.xlsx,Michelle.mp4,Michelle.JPG,Michelle,52,0,3,3,3,0,6,6,7,,,,,,,1,2,1.085984271,,,,,,,,0,0,,,,,3,1,2019_Feb_15_1056,FaceNameBlocked,3.0.0,60.05143969
FacesBlock4.xlsx,Michelle.mp4,Michelle.JPG,Michelle,52,0,3,3,3,,,,,0,0,0,7,,,,,,space,6.349908619,1,Michelle,1,"['lshift', 'm', 'i', 'c', 'h', 'e', 'l', 'e', 'backspace', 'l', 'e']","[3.5485804020427167, 3.7343946660403162, 3.8508571160491556, 4.031381740001962, 4.467060547089204, 4.600334756076336, 4.800221969024278, 5.017178029054776, 5.416309848078527, 5.6502253650687635, 5.749972120043822]",[3.5485,3.5485,3,0.652492174,,,3,1,2019_Feb_15_1056,FaceNameBlocked,3.0.0,60.05143969
FacesBlock1.xlsx,Natalie.mp4,Natalie.JPG,Natalie,7,0,0,0,0,0,8,8,7,,,,,,,1,2,0.45254906,,,,,,,,0,0,,,,,3,1,2019_Feb_15_1056,FaceNameBlocked,3.0.0,60.05143969
FacesBlock1.xlsx,Natalie.mp4,Natalie.JPG,Natalie,7,0,0,0,0,,,,,0,0,0,7,,,,,,space,38.68943593,1,Natel,1,"['n', 'backspace', 'lshift', 'n', 'a', 't', 'e', 'l']","[3.1850987169891596, 4.100872767041437, 4.950033167959191, 5.13455700094346, 5.317314537009224, 5.567988767987117, 7.967277574934997, 8.383190174936317]",[3.1850,3.185,1,3.084777509,,,3,1,2019_Feb_15_1056,FaceNameBlocked,3.0.0,60.05143969
FacesBlock3.xlsx,Nathan.mp4,Nathan.JPG,Nathan,37,0,2,2,2,0,4,4,7,,,,,,,1,1,0.78671125,,,,,,,,0,0,,,,,3,1,2019_Feb_15_1056,FaceNameBlocked,3.0.0,60.05143969
FacesBlock3.xlsx,Nathan.mp4,Nathan.JPG,Nathan,37,0,2,2,2,,,,,0,7,7,7,,,,,,,,1,Nathan,1,"['lshift', 'n', 'a', 'h', 't', 'backspace', 'backspace', 't', 'h', 'a', 'n']","[4.031735096941702, 4.20077673101332, 4.716711699962616, 4.949918786995113, 4.983022141968831, 5.449552160920575, 5.549790379940532, 6.033199280966073, 6.09997243701946, 6.241034667007625, 6.2543679509544745]",[4.0317,4.0317,2,0.985091858,,,3,1,2019_Feb_15_1056,FaceNameBlocked,3.0.0,60.05143969
FacesBlock3.xlsx,Nicole.mp4,Nicole.JPG,Nicole,43,0,2,2,2,0,2,2,13,,,,,,,0,2,1.252815502,,,,,,,,0,0,,,,,3,1,2019_Feb_15_1056,FaceNameBlocked,3.0.0,60.05143969
FacesBlock3.xlsx,Nicole.mp4,Nicole.JPG,Nicole,43,0,2,2,2,,,,,0,3,3,13,,,,,,,,1,Nicole,1,"['lshift', 'h', 'a', 'backspace', 'backspace', 'backspace', 'lshift', 'n', 'i', 'c', 'o', 'l', 'e']","[1.2183106250595301, 1.3852626429870725, 1.7189928990555927, 4.55088230909314, 4.700446731061675, 4.767243896028958, 5.032801288063638, 5.217222213046625, 5.417309865006246, 5.534440665040165, 5.717721343040466, 5.900417417054996, 6.016904540010728]",[1.2183,1.2183,4,0.3857454,,,3,1,2019_Feb_15_1056,FaceNameBlocked,3.0.0,60.05143969
FacesBlock3.xlsx,Noah.mp4,Noah.JPG,Noah,31,0,2,2,2,0,11,11,1,,,,,,,1,1,1.186047919,,,,,,,,0,0,,,,,3,1,2019_Feb_15_1056,FaceNameBlocked,3.0.0,60.05143969
FacesBlock3.xlsx,Noah.mp4,Noah.JPG,Noah,31,0,2,2,2,,,,,0,11,11,1,,,,,,,,1,Noah,1,"['lshift', 'n', 'o', 'a', 'h']","[1.6011384340235963, 1.7683353170286864, 2.085477718967013, 2.2182390530360863, 2.3521203900454566]",[1.6011,1.6011,3,0.368662332,,,3,1,2019_Feb_15_1056,FaceNameBlocked,3.0.0,60.05143969
FacesBlock3.xlsx,Olivia.mp4,Olivia.JPG,Olivia,35,0,2,2,2,0,5,5,5,,,,,,,0,2,1.453176887,,,,,,,,0,0,,,,,3,1,2019_Feb_15_1056,FaceNameBlocked,3.0.0,60.05143969
FacesBlock3.xlsx,Olivia.mp4,Olivia.JPG,Olivia,35,0,2,2,2,,,,,0,5,5,5,,,,,,,,0,Courtley,0,"['lshift', 'c', 'o', 'u', 'r', 't', 'l', 'e', 'y']","[5.848995429929346, 6.083665893995203, 6.549982968950644, 6.798048262950033, 7.1811781380092725, 7.849818747956306, 8.399677808978595, 8.516207815962844, 8.682738277013414]",[5.8489,5.8489,1,1.284898452,,,3,1,2019_Feb_15_1056,FaceNameBlocked,3.0.0,60.05143969
FacesBlock2.xlsx,Rachel.mp4,Rachel.JPG,Rachel,29,0,1,1,1,0,6,6,14,,,,,,,1,2,0.952294709,,,,,,,,0,0,,,,,3,1,2019_Feb_15_1056,FaceNameBlocked,3.0.0,60.05143969
FacesBlock2.xlsx,Rachel.mp4,Rachel.JPG,Rachel,29,0,1,1,1,,,,,0,5,5,14,,,,,,,,0,,0,None,,0,0,1,0.485725943,,,3,1,2019_Feb_15_1056,FaceNameBlocked,3.0.0,60.05143969
FacesBlock3.xlsx,Rebecca.mp4,Rebecca.JPG,Rebecca,32,0,2,2,2,0,1,1,2,,,,,,,0,2,1.002916248,,,,,,,,0,0,,,,,3,1,2019_Feb_15_1056,FaceNameBlocked,3.0.0,60.05143969
FacesBlock3.xlsx,Rebecca.mp4,Rebecca.JPG,Rebecca,32,0,2,2,2,,,,,0,10,10,2,,,,,,,,0,,0,None,,0,0,1,0.418777143,,,3,1,2019_Feb_15_1056,FaceNameBlocked,3.0.0,60.05143969
FacesBlock3.xlsx,Sarah.mp4,Sarah.JPG,Sarah,33,0,2,2,2,0,13,13,3,,,,,,,1,2,0.550573651,,,,,,,,0,0,,,,,3,1,2019_Feb_15_1056,FaceNameBlocked,3.0.0,60.05143969
FacesBlock3.xlsx,Sarah.mp4,Sarah.JPG,Sarah,33,0,2,2,2,,,,,0,14,14,3,,,,,,,,1,Sarah,1,"['lshift', 'lshift', 's', 'a', 'r', 'a', 'h']","[0.7003911549691111, 1.4841368889901787, 1.9188346560113132, 2.235694812028669, 2.4166741379303858, 2.7188238409580663, 2.984654468949884]",[0.7003,0.7003,4,0.401938984,,,3,1,2019_Feb_15_1056,FaceNameBlocked,3.0.0,60.05143969
FacesBlock3.xlsx,Shelby.mp4,Shelby.JPG,Shelby,36,0,2,2,2,0,10,10,6,,,,,,,1,2,1.869330105,,,,,,,,0,0,,,,,3,1,2019_Feb_15_1056,FaceNameBlocked,3.0.0,60.05143969
FacesBlock3.xlsx,Shelby.mp4,Shelby.JPG,Shelby,36,0,2,2,2,,,,,0,6,6,6,,,,,,,,1,Shelby,1,"['lshift', 's', 'h', 'e', 'l', 'b', 'y']","[1.3510360070504248, 1.6692037270404398, 1.8352319119730964, 1.9522727839648724, 2.1353045089636, 2.319028759957291, 2.619163090013899]",[1.3510,1.351,4,0.502299243,,,3,1,2019_Feb_15_1056,FaceNameBlocked,3.0.0,60.05143969
FacesBlock2.xlsx,Steven.mp4,Steven.JPG,Steven,17,0,1,1,1,0,12,12,2,,,,,,,0,1,0.885655708,,,,,,,,0,0,,,,,3,1,2019_Feb_15_1056,FaceNameBlocked,3.0.0,60.05143969
FacesBlock2.xlsx,Steven.mp4,Steven.JPG,Steven,17,0,1,1,1,,,,,0,12,12,2,,,,,,,,0,,0,None,,0,0,1,0.418414022,,,3,1,2019_Feb_15_1056,FaceNameBlocked,3.0.0,60.05143969
FacesBlock4.xlsx,Taylor.mp4,Taylor.JPG,Taylor,45,0,3,3,3,0,1,1,0,,,,,,,1,2,4.152395042,,,,,,,,0,0,,,,,3,1,2019_Feb_15_1056,FaceNameBlocked,3.0.0,60.05143969
FacesBlock4.xlsx,Taylor.mp4,Taylor.JPG,Taylor,45,0,3,3,3,,,,,0,6,6,0,,,,,,,,0,,0,None,,0,0,1,0.501626477,,,3,1,2019_Feb_15_1056,FaceNameBlocked,3.0.0,60.05143969
FacesBlock3.xlsx,Thomas.mp4,Thomas.JPG,Thomas,44,0,2,2,2,0,7,7,14,,,,,,,1,1,2.069738765,,,,,,,,0,0,,,,,3,1,2019_Feb_15_1056,FaceNameBlocked,3.0.0,60.05143969
FacesBlock3.xlsx,Thomas.mp4,Thomas.JPG,Thomas,44,0,2,2,2,,,,,0,2,2,14,,,,,,,,1,Thomas,1,"['lshift', 't', 'h', 'o', 'm', 'a', 's']","[1.2844946780242026, 1.5528215049998835, 1.8020870509790257, 1.9355257679708302, 2.5687291549984366, 2.7021766729885712, 2.818202132009901]",[1.2844,1.2844,3,1.185114237,,,3,1,2019_Feb_15_1056,FaceNameBlocked,3.0.0,60.05143969
FacesBlock1.xlsx,Timothy.mp4,Timothy.JPG,Timothy,10,0,0,0,0,0,5,5,10,,,,,,,1,1,0.519284046,,,,,,,,0,0,,,,,3,1,2019_Feb_15_1056,FaceNameBlocked,3.0.0,60.05143969
FacesBlock1.xlsx,Timothy.mp4,Timothy.JPG,Timothy,10,0,0,0,0,,,,,0,6,6,10,,,,,,,,0,Eric,0,"['lshift', 'e', 'r', 'i', 'c']","[2.766979713924229, 3.051576802972704, 3.4178960470017046, 3.6518491419265047, 3.7683206379879266]",[2.7669,2.7669,2,0.369024224,,,3,1,2019_Feb_15_1056,FaceNameBlocked,3.0.0,60.05143969
FacesBlock2.xlsx,Trevor.mp4,Trevor.JPG,Trevor,21,0,1,1,1,0,8,8,6,,,,,,,1,1,0.55200046,,,,,,,,0,0,,,,,3,1,2019_Feb_15_1056,FaceNameBlocked,3.0.0,60.05143969
FacesBlock2.xlsx,Trevor.mp4,Trevor.JPG,Trevor,21,0,1,1,1,,,,,0,3,3,6,,,,,,,,0,Arron,0,"['lshift', 'a', 'r', 'r', 'o', 'n']","[2.1161218150518835, 2.3006340709980577, 2.565184900071472, 2.8173943649744615, 3.1000787960365415, 3.1668069540755823]",[2.1161,2.1161,2,0.334771007,,,3,1,2019_Feb_15_1056,FaceNameBlocked,3.0.0,60.05143969
FacesBlock2.xlsx,Tyler.mp4,Tyler.JPG,Tyler,22,0,1,1,1,0,7,7,7,,,,,,,0,1,0.885572847,,,,,,,,0,0,,,,,3,1,2019_Feb_15_1056,FaceNameBlocked,3.0.0,60.05143969
FacesBlock2.xlsx,Tyler.mp4,Tyler.JPG,Tyler,22,0,1,1,1,,,,,0,13,13,7,,,,,,,,0,,0,None,,0,0,1,0.40230207,,,3,1,2019_Feb_15_1056,FaceNameBlocked,3.0.0,60.05143969
,,,,,,,,,,,,,,,,,space,28.94305487,,,,,,,,,,,,,,,,,3,1,2019_Feb_15_1056,FaceNameBlocked,3.0.0,60.05143969
,,,,,,,,,,,,,,,,,,,,,,,,,,,,,,,,,space,8688.568931,3,1,2019_Feb_15_1056,FaceNameBlocked,3.0.0,60.05143969