condsFile,Video,Photo,Name,Row,blocks.thisRepN,blocks.thisTrialN,blocks.thisN,blocks.thisIndex,presentations.thisRepN,presentations.thisTrialN,presentations.thisN,presentations.thisIndex,testing.thisRepN,testing.thisTrialN,testing.thisN,testing.thisIndex,advance_1.keys,advance_1.rt,currentCond,judgementResp.keys,judgementResp.rt,advance_2.keys,advance_2.rt,CorrectResponses,inputText,Accuracy,key_resp_3.keys,key_resp_3.rt,trim1,key_resp3_fin,rating_resp.keys,rating_resp.rt,end_key.keys,end_key.rt,participant,session,date,expName,psychopyVersion,frameRate
FacesBlock2.xlsx,Aaron.mp4,Aaron.JPG,Aaron,18,0,1,1,1,0,9,9,3,,,,,,,1,1,0.42003011,,,,,,,,0,0,,,,,4,1,2019_Feb_15_1355,FaceNameBlocked,3.0.0,60.04678775
FacesBlock2.xlsx,Aaron.mp4,Aaron.JPG,Aaron,18,0,1,1,1,,,,,0,3,3,3,,,,,,,,0,,0,None,,0,0,1,0.918446199,,,4,1,2019_Feb_15_1355,FaceNameBlocked,3.0.0,60.04678775
FacesBlock1.xlsx,Adam.mp4,Adam.JPG,Adam,5,0,0,0,0,0,4,4,5,,,,,,,0,1,0.569876343,,,,,,,,0,0,,,,,4,1,2019_Feb_15_1355,FaceNameBlocked,3.0.0,60.04678775
FacesBlock1.xlsx,Adam.mp4,Adam.JPG,Adam,5,0,0,0,0,,,,,0,3,3,5,,,,,,,,0,,0,None,,0,0,1,0.785527607,,,4,1,2019_Feb_15_1355,FaceNameBlocked,3.0.0,60.04678775
FacesBlock4.xlsx,Alyssa.mp4,Alyssa.JPG,Alyssa,55,0,3,3,3,0,2,2,10,,,,,,,1,2,0.686453982,,,,,,,,0,0,,,,,4,1,2019_Feb_15_1355,FaceNameBlocked,3.0.0,60.04678775
FacesBlock4.xlsx,Alyssa.mp4,Alyssa.JPG,Alyssa,55,0,3,3,3,,,,,0,6,6,10,,,,,,,,1,Alyssa,1,"['lshift', 'a', 'lshift', 'l', 'y', 's', 's', 'a', 'backspace', 'backspace', 'backspace', 'backspace', 'backspace', 'l', 'y', 's', 's', 'a']","[2.3176372909219936, 2.4849285340169445, 2.6173927979543805, 2.8352901799371466, 3.0682832099264488, 3.368258988019079, 3.5520880579715595, 3.7010142209473997, 4.0341432499699295, 4.215663500013761, 4.367726878961548, 4.501435155980289, 4.650647516013123, 5.300698895007372, 5.550991398980841, 5.784434463945217, 5.934330345946364, 6.017120553995483]",[2.3176,2.3176,3,0.302745402,,,4,1,2019_Feb_15_1355,FaceNameBlocked,3.0.0,60.04678775
FacesBlock1.xlsx,Amanda.mp4,Amanda.JPG,Amanda,2,0,0,0,0,0,11,11,2,,,,,,,1,2,0.320287386,,,,,,,,0,0,,,,,4,1,2019_Feb_15_1355,FaceNameBlocked,3.0.0,60.04678775
FacesBlock1.xlsx,Amanda.mp4,Amanda.JPG,Amanda,2,0,0,0,0,,,,,0,4,4,2,,,,,,,,0,hannah,0,"['h', 'a', 'n', 'n', 'a', 'h']","[3.734837093972601, 3.8856537729734555, 4.0181547770043835, 4.135076250066049, 4.217874553985894, 4.335137624060735]",[3.7348,3.7348,2,0.335391335,,,4,1,2019_Feb_15_1355,FaceNameBlocked,3.0.0,60.04678775
FacesBlock4.xlsx,Andrew.mp4,Andrew.JPG,Andrew,51,0,3,3,3,0,0,0,6,,,,,,,1,1,3.702264592,,,,,,,,0,0,,,,,4,1,2019_Feb_15_1355,FaceNameBlocked,3.0.0,60.04678775
FacesBlock4.xlsx,Andrew.mp4,Andrew.JPG,Andrew,51,0,3,3,3,,,,,0,4,4,6,,,,,,,,0,Mathew,0,"['lshift', 'm', 'a', 't', 'h', 'e', 'w']","[4.033814058988355, 4.335539150983095, 4.5354049450252205, 4.718369949026965, 4.934588485979475, 5.051834729965776, 5.21807527996134]",[4.0338,4.0338,2,0.319156454,,,4,1,2019_Feb_15_1355,FaceNameBlocked,3.0.0,60.04678775
FacesBlock4.xlsx,Anna.mp4,Anna.JPG,Anna,47,0,3,3,3,0,11,11,2,,,,,,,0,2,0.337318655,,,,,,,,0,0,,,,,4,1,2019_Feb_15_1355,FaceNameBlocked,3.0.0,60.04678775
FacesBlock4.xlsx,Anna.mp4,Anna.JPG,Anna,47,0,3,3,3,,,,,0,8,8,2,,,,,,,,0,,0,None,,0,0,1,0.802257149,,,4,1,2019_Feb_15_1355,FaceNameBlocked,3.0.0,60.04678775
FacesBlock2.xlsx,Ashley.mp4,Ashley.JPG,Ashley,24,0,1,1,1,0,13,13,9,,,,,,,0,2,0.403698964,,,,,,,,0,0,,,,,4,1,2019_Feb_15_1355,FaceNameBlocked,3.0.0,60.04678775
FacesBlock2.xlsx,Ashley.mp4,Ashley.JPG,Ashley,24,0,1,1,1,,,,,0,10,10,9,,,,,,,,0,Natalie,0,"['lshift', 'n', 'a', 't', 'a', 'l', 'i', 'e']","[6.549073828966357, 7.4166677929461, 7.84996255999431, 8.100103997043334, 8.300178047968075, 8.433244579005986, 8.499219762976281, 8.583109359955415]",[6.5490,6.549,1,0.23500886,,,4,1,2019_Feb_15_1355,FaceNameBlocked,3.0.0,60.04678775
FacesBlock1.xlsx,Bradley.mp4,Bradley.JPG,Bradley,14,0,0,0,0,0,7,7,14,,,,,,,1,1,0.45298044,,,,,,,,0,0,,,,,4,1,2019_Feb_15_1355,FaceNameBlocked,3.0.0,60.04678775
FacesBlock1.xlsx,Bradley.mp4,Bradley.JPG,Bradley,14,0,0,0,0,,,,,0,7,7,14,,,,,,,,0,,0,None,,0,0,1,1.06891763,,,4,1,2019_Feb_15_1355,FaceNameBlocked,3.0.0,60.04678775
FacesBlock4.xlsx,Brandon.mp4,Brandon.JPG,Brandon,56,0,3,3,3,0,5,5,11,,,,,,,0,1,0.369894181,,,,,,,,0,0,,,,,4,1,2019_Feb_15_1355,FaceNameBlocked,3.0.0,60.04678775
FacesBlock4.xlsx,Brandon.mp4,Brandon.JPG,Brandon,56,0,3,3,3,,,,,0,5,5,11,,,,,,,,0,G,0,"['lshift', 'g']","[5.033601373899728, 7.484420584980398]",[5.0336,5.0336,1,0.901581593,,,4,1,2019_Feb_15_1355,FaceNameBlocked,3.0.0,60.04678775
FacesBlock4.xlsx,Brian.mp4,Brian.JPG,Brian,53,0,3,3,3,0,8,8,8,,,,,,,0,1,0.520082703,,,,,,,,0,0,,,,,4,1,2019_Feb_15_1355,FaceNameBlocked,3.0.0,60.04678775
FacesBlock4.xlsx,Brian.mp4,Brian.JPG,Brian,53,0,3,3,3,,,,,0,11,11,8,,,,,,,,1,Bryan,1,"['lshift', 'b', 'r', 'y', 'a', 'n']","[1.7501153309131041, 2.08535619196482, 2.434970565023832, 2.602057326002978, 2.81780279497616, 2.8849257179535925]",[1.7501,1.7501,4,1.968243307,,,4,1,2019_Feb_15_1355,FaceNameBlocked,3.0.0,60.04678775
FacesBlock4.xlsx,Brianna.mp4,Brianna.JPG,Brianna,48,0,3,3,3,0,13,13,3,,,,,,,1,2,0.30255794,,,,,,,,0,0,,,,,4,1,2019_Feb_15_1355,FaceNameBlocked,3.0.0,60.04678775
FacesBlock4.xlsx,Brianna.mp4,Brianna.JPG,Brianna,48,0,3,3,3,,,,,0,12,12,3,,,,,,,,0,Hannah,0,"['lshift', 'h', 'a', 'n', 'n', 'a', 'h']","[3.06692885607481, 3.4347110100788996, 3.685052080079913, 3.8182034000055864, 3.951531655038707, 4.035078410059214, 4.134713312028907]",[3.0669,3.0669,1,0.435338783,,,4,1,2019_Feb_15_1355,FaceNameBlocked,3.0.0,60.04678775
FacesBlock2.xlsx,Brittany.mp4,Brittany.JPG,Brittany,28,0,1,1,1,0,0,0,13,,,,,,,1,2,4.335500427,,,,,,,,0,0,,,,,4,1,2019_Feb_15_1355,FaceNameBlocked,3.0.0,60.04678775
FacesBlock2.xlsx,Brittany.mp4,Brittany.JPG,Brittany,28,0,1,1,1,,,,,0,13,13,13,,,,,,,,0,Rachel,0,"['lshift', 'r', 'a', 'c', 'h', 'e', 'l']","[6.097962562926114, 6.267245171009563, 6.4148022959707305, 6.499361204914749, 6.7170734939863905, 6.816771014942788, 7.016589866951108]",[6.0979,6.0979,2,0.935020544,,,4,1,2019_Feb_15_1355,FaceNameBlocked,3.0.0,60.04678775
FacesBlock4.xlsx,Caleb.mp4,Caleb.JPG,Caleb,59,0,3,3,3,0,12,12,14,,,,,,,0,1,0.253130051,,,,,,,,0,0,,,,,4,1,2019_Feb_15_1355,FaceNameBlocked,3.0.0,60.04678775
FacesBlock4.xlsx,Caleb.mp4,Caleb.JPG,Caleb,59,0,3,3,3,,,,,0,3,3,14,,,,,,,,0,,0,None,,0,0,1,1.402391896,,,4,1,2019_Feb_15_1355,FaceNameBlocked,3.0.0,60.04678775
FacesBlock2.xlsx,Cody.mp4,Cody.JPG,Cody,23,0,1,1,1,0,12,12,8,,,,,,,0,1,0.616778269,,,,,,,,0,0,,,,,4,1,2019_Feb_15_1355,FaceNameBlocked,3.0.0,60.04678775
FacesBlock2.xlsx,Cody.mp4,Cody.JPG,Cody,23,0,1,1,1,,,,,0,4,4,8,,,,,,,,0,,0,"['1', 'backspace']","[3.0687355749541894, 3.784156951936893]",[3.0687,3.0687,1,0.885292047,,,4,1,2019_Feb_15_1355,FaceNameBlocked,3.0.0,60.04678775
FacesBlock3.xlsx,Courtney.mp4,Courtney.JPG,Courtney,42,0,2,2,2,0,14,14,12,,,,,,,0,2,0.335902587,,,,,,,,0,0,,,,,4,1,2019_Feb_15_1355,FaceNameBlocked,3.0.0,60.04678775
FacesBlock3.xlsx,Courtney.mp4,Courtney.JPG,Courtney,42,0,2,2,2,,,,,0,7,7,12,,,,,,,,1,Courtney,1,"['lshift', 'c', 'o', 'u', 'r', 't', 'n', 'e', 'y']","[0.933868270018138, 1.1016187650384381, 1.301803988055326, 1.4024016070179641, 1.5517749240389094, 1.785034388070926, 1.868370058014989, 2.0185164290014654, 2.084431278053671]",[0.9338,0.9338,4,1.518659975,,,4,1,2019_Feb_15_1355,FaceNameBlocked,3.0.0,60.04678775
FacesBlock3.xlsx,Daniel.mp4,Daniel.JPG,Daniel,30,0,2,2,2,0,9,9,0,,,,,,,0,1,0.886097533,,,,,,,,0,0,,,,,4,1,2019_Feb_15_1355,FaceNameBlocked,3.0.0,60.04678775
FacesBlock3.xlsx,Daniel.mp4,Daniel.JPG,Daniel,30,0,2,2,2,,,,,0,10,10,0,,,,,,,,0,,0,None,,0,0,1,1.185011614,,,4,1,2019_Feb_15_1355,FaceNameBlocked,3.0.0,60.04678775
FacesBlock1.xlsx,Danielle.mp4,Danielle.JPG,Danielle,3,0,0,0,0,0,10,10,3,,,,,,,0,2,0.303133989,,,,,,,,0,0,,,,,4,1,2019_Feb_15_1355,FaceNameBlocked,3.0.0,60.04678775
FacesBlock1.xlsx,Danielle.mp4,Danielle.JPG,Danielle,3,0,0,0,0,,,,,0,10,10,3,,,,,,,,0,,0,None,,0,0,1,0.402378323,,,4,1,2019_Feb_15_1355,FaceNameBlocked,3.0.0,60.04678775
FacesBlock2.xlsx,David.mp4,David.JPG,David,16,0,1,1,1,0,6,6,1,,,,,,,1,1,0.370155098,,,,,,,,0,0,,,,,4,1,2019_Feb_15_1355,FaceNameBlocked,3.0.0,60.04678775
FacesBlock2.xlsx,David.mp4,David.JPG,David,16,0,1,1,1,,,,,0,6,6,1,,,,,,,,0,,0,"['f', 'backspace', 'equal']","[6.933706245035864, 7.6498871319927275, 7.670706719974987]",[6.9337,6.9337,1,0.902282447,,,4,1,2019_Feb_15_1355,FaceNameBlocked,3.0.0,60.04678775
FacesBlock4.xlsx,Dylan.mp4,Dylan.JPG,Dylan,50,0,3,3,3,0,9,9,5,,,,,,,1,1,0.370304383,,,,,,,,0,0,,,,,4,1,2019_Feb_15_1355,FaceNameBlocked,3.0.0,60.04678775
FacesBlock4.xlsx,Dylan.mp4,Dylan.JPG,Dylan,50,0,3,3,3,,,,,0,10,10,5,,,,,,,,0,,0,None,,0,0,1,1.552197475,,,4,1,2019_Feb_15_1355,FaceNameBlocked,3.0.0,60.04678775
FacesBlock4.xlsx,Emily.mp4,Emily.JPG,Emily,57,0,3,3,3,0,10,10,12,,,,,,,0,2,0.636204749,,,,,,,,0,0,,,,,4,1,2019_Feb_15_1355,FaceNameBlocked,3.0.0,60.04678775
FacesBlock4.xlsx,Emily.mp4,Emily.JPG,Emily,57,0,3,3,3,,,,,0,9,9,12,,,,,,,,0,,0,"['lshift', 'lshift', '1']","[4.74952348601073, 6.21582969208248, 8.466930759022944]",[4.7495,4.7495,1,0.369013892,,,4,1,2019_Feb_15_1355,FaceNameBlocked,3.0.0,60.04678775
FacesBlock1.xlsx,Eric.mp4,Eric.JPG,Eric,0,0,0,0,0,0,6,6,0,,,,,,,0,1,0.319779728,,,,,,,,0,0,,,,,4,1,2019_Feb_15_1355,FaceNameBlocked,3.0.0,60.04678775
FacesBlock1.xlsx,Eric.mp4,Eric.JPG,Eric,0,0,0,0,0,,,,,0,11,11,0,,,,,,,,0,,0,"['j', 'a', 'r', 'e', 'd', 'backspace', 'backspace', 'backspace', 'backspace', 'backspace']","[7.800723365973681, 7.983329233014956, 8.116975779994391, 8.214750181999989, 8.48296685994137, 9.066170720965602, 9.249130612006411, 9.382860695011914, 9.532490200013854, 9.68237906403374]",[7.8007,7.8007,1,0.951608853,,,4,1,2019_Feb_15_1355,FaceNameBlocked,3.0.0,60.04678775
FacesBlock1.xlsx,Ethan.mp4,Ethan.JPG,Ethan,11,0,0,0,0,0,0,0,11,,,,,,,1,1,2.71821034,,,,,,,,0,0,,,,,4,1,2019_Feb_15_1355,FaceNameBlocked,3.0.0,60.04678775
FacesBlock1.xlsx,Ethan.mp4,Ethan.JPG,Ethan,11,0,0,0,0,,,,,0,9,9,11,,,,,,,,0,garret,0,"['g', 'a', 'r', 'r', 'e', 't']","[6.31744356197305, 6.467348329955712, 6.633754528942518, 6.8334125080145895, 6.933688177028671, 7.066891076043248]",[6.3174,6.3174,1,0.666884538,,,4,1,2019_Feb_15_1355,FaceNameBlocked,3.0.0,60.04678775
FacesBlock4.xlsx,Grace.mp4,Grace.JPG,Grace,58,0,3,3,3,0,14,14,13,,,,,,,1,2,0.286408918,,,,,,,,0,0,,,,,4,1,2019_Feb_15_1355,FaceNameBlocked,3.0.0,60.04678775
FacesBlock4.xlsx,Grace.mp4,Grace.JPG,Grace,58,0,3,3,3,,,,,0,14,14,13,,,,,,,,0,brianna,0,"['lshift', 'k', 'backspace', 'b', 'r', 'i', 'a', 'n', 'n', 'a']","[4.482427701936103, 5.367689114995301, 5.833185937954113, 6.367028374923393, 6.600764332921244, 6.717538265977055, 6.867157176951878, 6.967119027976878, 7.116809673956595, 7.182936653960496]",[4.4824,4.4824,2,0.685428671,,,4,1,2019_Feb_15_1355,FaceNameBlocked,3.0.0,60.04678775
FacesBlock2.xlsx,Haley.mp4,Haley.JPG,Haley,20,0,1,1,1,0,4,4,5,,,,,,,0,2,0.736546518,,,,,,,,0,0,,,,,4,1,2019_Feb_15_1355,FaceNameBlocked,3.0.0,60.04678775
FacesBlock2.xlsx,Haley.mp4,Haley.JPG,Haley,20,0,1,1,1,,,,,0,14,14,5,,,,,,,,1,Hailey,1,"['lshift', 'h', 'a', 'i', 'l', 'e', 'y']","[3.8163450499996543, 4.017861278029159, 4.151399252004921, 4.267783768940717, 4.450835483032279, 4.5174594960408285, 4.71738878893666]",[3.8163,3.8163,4,0.253028289,,,4,1,2019_Feb_15_1355,FaceNameBlocked,3.0.0,60.04678775
FacesBlock1.xlsx,Hannah.mp4,Hannah.JPG,Hannah,1,0,0,0,0,0,5,5,1,,,,,,,0,2,0.586509043,,,,,,,,0,0,,,,,4,1,2019_Feb_15_1355,FaceNameBlocked,3.0.0,60.04678775
FacesBlock1.xlsx,Hannah.mp4,Hannah.JPG,Hannah,1,0,0,0,0,,,,,0,13,13,1,,,,,,,,1,Hannah,1,"['lshift', 'h', 'a', 'n', 'n', 'a', 'h']","[4.916242515086196, 8.499744554050267, 8.816774017061107, 8.900809526094235, 9.050391723983921, 9.166850248002447, 9.666456748032942]",[4.9162,4.9162,1,0.48569965,,,4,1,2019_Feb_15_1355,FaceNameBlocked,3.0.0,60.04678775
FacesBlock2.xlsx,Heather.mp4,Heather.JPG,Heather,26,0,1,1,1,0,2,2,11,,,,,,,0,2,0.769776595,,,,,,,,0,0,,,,,4,1,2019_Feb_15_1355,FaceNameBlocked,3.0.0,60.04678775
FacesBlock2.xlsx,Heather.mp4,Heather.JPG,Heather,26,0,1,1,1,,,,,0,11,11,11,,,,,,,,0,,0,None,,0,0,1,1.318506441,,,4,1,2019_Feb_15_1355,FaceNameBlocked,3.0.0,60.04678775
FacesBlock3.xlsx,Jacob.mp4,Jacob.JPG,Jacob,39,0,2,2,2,0,2,2,9,,,,,,,1,1,1.070240632,,,,,,,,0,0,,,,,4,1,2019_Feb_15_1355,FaceNameBlocked,3.0.0,60.04678775
FacesBlock3.xlsx,Jacob.mp4,Jacob.JPG,Jacob,39,0,2,2,2,,,,,0,12,12,9,,,,,,,,0,Matt,0,"['lshift', 'm', 'a', 't', 't']","[6.7653717959765345, 7.367126635974273, 7.600161788985133, 7.900349985924549, 8.066923602949828]",[6.7653,6.7653,2,1.518801085,,,4,1,2019_Feb_15_1355,FaceNameBlocked,3.0.0,60.04678775
FacesBlock4.xlsx,Jason.mp4,Jason.JPG,Jason,49,0,3,3,3,0,3,3,4,,,,,,,0,1,0.702772502,,,,,,,,0,0,,,,,4,1,2019_Feb_15_1355,FaceNameBlocked,3.0.0,60.04678775
FacesBlock4.xlsx,Jason.mp4,Jason.JPG,Jason,49,0,3,3,3,,,,,0,1,1,4,,,,,,,,0,,0,None,,0,0,1,0.349791526,,,4,1,2019_Feb_15_1355,FaceNameBlocked,3.0.0,60.04678775
FacesBlock1.xlsx,Jenna.mp4,Jenna.JPG,Jenna,6,0,0,0,0,0,14,14,6,,,,,,,0,2,0.352435852,,,,,,,,0,0,,,,,4,1,2019_Feb_15_1355,FaceNameBlocked,3.0.0,60.04678775
FacesBlock1.xlsx,Jenna.mp4,Jenna.JPG,Jenna,6,0,0,0,0,,,,,0,14,14,6,,,,,,,,0,Olivia,0,"['lshift', 'o', 'l', 'i', 'v', 'i', 'a']","[4.632872392074205, 4.884614929091185, 5.0842056210385635, 5.234305821009912, 5.534109203028493, 5.667488230043091, 5.832092282013036]",[4.6328,4.6328,1,0.236162022,,,4,1,2019_Feb_15_1355,FaceNameBlocked,3.0.0,60.04678775
FacesBlock2.xlsx,Jeremy.mp4,Jeremy.JPG,Jeremy,15,0,1,1,1,0,3,3,0,,,,,,,0,1,0.586640997,,,,,,,,0,0,,,,,4,1,2019_Feb_15_1355,FaceNameBlocked,3.0.0,60.04678775
FacesBlock2.xlsx,Jeremy.mp4,Jeremy.JPG,Jeremy,15,0,1,1,1,,,,,0,5,5,0,,,,,,,,0,m,0,"['m', 'i']","[9.832197810988873, 9.98290911805816]",[9.8321,9.8321,1,1.019292234,,,4,1,2019_Feb_15_1355,FaceNameBlocked,3.0.0,60.04678775
FacesBlock1.xlsx,Jessica.mp4,Jessica.JPG,Jessica,8,0,0,0,0,0,3,3,8,,,,,,,0,2,0.537845667,,,,,,,,0,0,,,,,4,1,2019_Feb_15_1355,FaceNameBlocked,3.0.0,60.04678775
FacesBlock1.xlsx,Jessica.mp4,Jessica.JPG,Jessica,8,0,0,0,0,,,,,0,12,12,8,,,,,,,,1,Jessic,1,"['lshift', 'j', 'e', 's', 's', 'i', 'c']","[8.030955855967477, 8.599394061020575, 9.032260444946587, 9.248479226022027, 9.415796749060974, 9.548944622045383, 9.948838485055603]",[8.0309,8.0309,1,0.935717566,,,4,1,2019_Feb_15_1355,FaceNameBlocked,3.0.0,60.04678775
FacesBlock2.xlsx,Josh.mp4,Josh.JPG,Josh,19,0,1,1,1,0,11,11,4,,,,,,,1,1,0.086151067,,,,,,,,0,0,,,,,4,1,2019_Feb_15_1355,FaceNameBlocked,3.0.0,60.04678775
FacesBlock2.xlsx,Josh.mp4,Josh.JPG,Josh,19,0,1,1,1,,,,,0,7,7,4,,,,,,,,1,Josh,1,"['lshift', 'j', 'o', 's', 'h']","[0.8674655089853331, 1.0688442260725424, 1.2352509560296312, 1.38488317001611, 1.518691324046813]",[0.8674,0.8674,4,0.268559295,,,4,1,2019_Feb_15_1355,FaceNameBlocked,3.0.0,60.04678775
FacesBlock1.xlsx,Julia.mp4,Julia.JPG,Julia,13,0,0,0,0,0,9,9,13,,,,,,,1,2,0.370359855,,,,,,,,0,0,,,,,4,1,2019_Feb_15_1355,FaceNameBlocked,3.0.0,60.04678775
FacesBlock1.xlsx,Julia.mp4,Julia.JPG,Julia,13,0,0,0,0,,,,,0,6,6,13,,,,,,,,1,Julia,1,"['lshift', 'j', 'u', 'l', 'i', 'a']","[1.417121073929593, 1.6025009459117427, 1.7521378829842433, 2.2690219619544223, 2.485532959923148, 2.6353957889368758]",[1.4171,1.4171,4,0.436344441,,,4,1,2019_Feb_15_1355,FaceNameBlocked,3.0.0,60.04678775
FacesBlock2.xlsx,Justin.mp4,Justin.JPG,Justin,27,0,1,1,1,0,5,5,12,,,,,,,0,1,0.569640359,,,,,,,,0,0,,,,,4,1,2019_Feb_15_1355,FaceNameBlocked,3.0.0,60.04678775
FacesBlock2.xlsx,Justin.mp4,Justin.JPG,Justin,27,0,1,1,1,,,,,0,2,2,12,,,,,,,,0,jared,0,"['j', 'backspace', 'j', 'a', 'r', 'e', 'd']","[6.201381913968362, 7.099880186025985, 8.548329901066609, 8.650797990965657, 8.783489880966954, 8.966870159027167, 9.148068182053976]",[6.2013,6.2013,1,1.069038227,,,4,1,2019_Feb_15_1355,FaceNameBlocked,3.0.0,60.04678775
FacesBlock4.xlsx,Katie.mp4,Katie.JPG,Katie,54,0,3,3,3,0,4,4,9,,,,,,,1,2,0.302574443,,,,,,,,0,0,,,,,4,1,2019_Feb_15_1355,FaceNameBlocked,3.0.0,60.04678775
FacesBlock4.xlsx,Katie.mp4,Katie.JPG,Katie,54,0,3,3,3,,,,,0,7,7,9,,,,,,,,1,Katie,1,"['lshift', 'k', 'a', 'i', 'backspace', 't', 'i', 'e']","[0.8501530840294436, 1.0520527269691229, 1.4026136980392039, 1.9188626479590312, 2.2512833130313084, 2.501870690030046, 2.6519114919938147, 2.76813233201392]",[0.8501,0.8501,4,0.268368109,,,4,1,2019_Feb_15_1355,FaceNameBlocked,3.0.0,60.04678775
FacesBlock3.xlsx,Kayla.mp4,Kayla.JPG,Kayla,34,0,2,2,2,0,0,0,4,,,,,,,0,2,5.232407414,,,,,,,,0,0,,,,,4,1,2019_Feb_15_1355,FaceNameBlocked,3.0.0,60.04678775
FacesBlock3.xlsx,Kayla.mp4,Kayla.JPG,Kayla,34,0,2,2,2,,,,,0,4,4,4,,,,,,,,0,Jessica,0,"['lshift', 'j', 'e', 's', 's', 'i', 'c', 'a']","[3.6325513269985095, 3.901371997082606, 4.084049436030909, 4.351243227021769, 4.517809116048738, 4.635073863086291, 4.7682735150447115, 4.9167435290291905]",[3.6325,3.6325,1,0.219097757,,,4,1,2019_Feb_15_1355,FaceNameBlocked,3.0.0,60.04678775
FacesBlock1.xlsx,Kelsey.mp4,Kelsey.JPG,Kelsey,12,0,0,0,0,0,2,2,12,,,,,,,1,2,0.603871092,,,,,,,,0,0,,,,,4,1,2019_Feb_15_1355,FaceNameBlocked,3.0.0,60.04678775
FacesBlock1.xlsx,Kelsey.mp4,Kelsey.JPG,Kelsey,12,0,0,0,0,,,,,0,5,5,12,,,,,,,,1,kelsey,1,"['k', 'e', 'l', 's', 'e', 'y']","[3.318006466026418, 3.434081095037982, 4.034233498037793, 4.467304399004206, 4.681990564102307, 4.78414711705409]",[3.3180,3.318,3,0.386040892,,,4,1,2019_Feb_15_1355,FaceNameBlocked,3.0.0,60.04678775
FacesBlock3.xlsx,Kevin.mp4,Kevin.JPG,Kevin,41,0,2,2,2,0,3,3,11,,,,,,,1,1,0.869855787,,,,,,,,0,0,,,,,4,1,2019_Feb_15_1355,FaceNameBlocked,3.0.0,60.04678775
FacesBlock3.xlsx,Kevin.mp4,Kevin.JPG,Kevin,41,0,2,2,2,,,,,0,3,3,11,,,,,,,,0,,0,None,,0,0,1,0.885247528,,,4,1,2019_Feb_15_1355,FaceNameBlocked,3.0.0,60.04678775
FacesBlock1.xlsx,Kyle.mp4,Kyle.JPG,Kyle,4,0,0,0,0,0,12,12,4,,,,,,,0,1,0.404035583,,,,,,,,0,0,,,,,4,1,2019_Feb_15_1355,FaceNameBlocked,3.0.0,60.04678775
FacesBlock1.xlsx,Kyle.mp4,Kyle.JPG,Kyle,4,0,0,0,0,,,,,0,8,8,4,,,,,,,,0,j,0,['j'],[9.900116723030806],[9.9001,9.9001,1,1.466246696,,,4,1,2019_Feb_15_1355,FaceNameBlocked,3.0.0,60.04678775
FacesBlock3.xlsx,Lauren.mp4,Lauren.JPG,Lauren,38,0,2,2,2,0,11,11,8,,,,,,,1,2,0.569568947,,,,,,,,0,0,,,,,4,1,2019_Feb_15_1355,FaceNameBlocked,3.0.0,60.04678775
FacesBlock3.xlsx,Lauren.mp4,Lauren.JPG,Lauren,38,0,2,2,2,,,,,0,0,0,8,,,,,,space,7.166375072,1,Lauren,1,"['lshift', 'l', 'e', 'backspace', 'a', 'u', 'r', 'e', 'n']","[1.7344460911117494, 1.8849294310202822, 2.018673840095289, 2.584749228088185, 3.7010622890666127, 3.9519889360526577, 4.085350243025459, 4.184783577104099, 4.401437777094543]",[1.7344,1.7344,4,0.318687234,,,4,1,2019_Feb_15_1355,FaceNameBlocked,3.0.0,60.04678775
FacesBlock3.xlsx,Mark.mp4,Mark.JPG,Mark,40,0,2,2,2,0,6,6,10,,,,,,,0,1,0.702850647,,,,,,,,0,0,,,,,4,1,2019_Feb_15_1355,FaceNameBlocked,3.0.0,60.04678775
FacesBlock3.xlsx,Mark.mp4,Mark.JPG,Mark,40,0,2,2,2,,,,,0,9,9,10,,,,,,,,1,Mark,1,"['lshift', 'm', 'a', 'r', 'k']","[3.783613879000768, 8.333401125040837, 8.664553998038173, 8.832798857009038, 8.949250219971873]",[3.7836,3.7836,4,1.53527858,,,4,1,2019_Feb_15_1355,FaceNameBlocked,3.0.0,60.04678775
FacesBlock1.xlsx,Matthew.mp4,Matthew.JPG,Matthew,9,0,0,0,0,0,13,13,9,,,,,,,1,1,0.569893481,,,,,,,,0,0,,,,,4,1,2019_Feb_15_1355,FaceNameBlocked,3.0.0,60.04678775
FacesBlock1.xlsx,Matthew.mp4,Matthew.JPG,Matthew,9,0,0,0,0,,,,,0,1,1,9,,,,,,,,0,,0,None,,0,0,1,4.66774769,,,4,1,2019_Feb_15_1355,FaceNameBlocked,3.0.0,60.04678775
FacesBlock2.xlsx,Megan.mp4,Megan.JPG,Megan,25,0,1,1,1,0,8,8,10,,,,,,,0,2,0.386768869,,,,,,,,0,0,,,,,4,1,2019_Feb_15_1355,FaceNameBlocked,3.0.0,60.04678775
FacesBlock2.xlsx,Megan.mp4,Megan.JPG,Megan,25,0,1,1,1,,,,,0,9,9,10,,,,,,,,1,Meagan,1,"['lshift', 'm', 'e', 'a', 'g', 'a', 'n']","[1.8332766949897632, 2.067661307984963, 2.351495767943561, 3.5510801810305566, 3.7343040970154107, 3.917557775042951, 4.100983305950649]",[1.8332,1.8332,4,1.418569405,,,4,1,2019_Feb_15_1355,FaceNameBlocked,3.0.0,60.04678775
FacesBlock4.xlsx,Michael.mp4,Michael.JPG,Michael,46,0,3,3,3,0,1,1,1,,,,,,,0,1,0.953375912,,,,,,,,0,0,,,,,4,1,2019_Feb_15_1355,FaceNameBlocked,3.0.0,60.04678775
FacesBlock4.xlsx,Michael.mp4,Michael.JPG,Michael,46,0,3,3,3,,,,,0,13,13,1,,,,,,,,0,David,0,"['lshift', 'j', 'o', 's', 'h', 'backspace', 'backspace', 'backspace', 'backspace', 'lshift', 'd', 'a', 'v', 'i', 'd']","[1.6838142819469795, 1.8521665600128472, 2.0189442089758813, 2.119306555017829, 2.2528086869278923, 6.1165069279959425, 6.250303588923998, 6.417439654003829, 6.55012041691225, 6.7322011529468, 7.067335219006054, 7.267119018943049, 7.48442942998372, 7.683301767916419, 7.75053381791804]",[1.6838,1.6838,2,0.235927276,,,4,1,2019_Feb_15_1355,FaceNameBlocked,3.0.0,60.04678775
FacesBlock4.xlsx,Michelle.mp4,Michelle.JPG,Michelle,52,0,3,3,3,0,6,6,7,,,,,,,1,2,0.736711921,,,,,,,,0,0,,,,,4,1,2019_Feb_15_1355,FaceNameBlocked,3.0.0,60.04678775
FacesBlock4.xlsx,Michelle.mp4,Michelle.JPG,Michelle,52,0,3,3,3,,,,,0,0,0,7,,,,,,space,5.883532453,0,Hailey,0,"['lshift', 'h', 'a', 'i', 'l', 'e', 'y']","[5.932739694020711, 6.167747376020998, 6.517352354945615, 6.86750333593227, 7.083934742026031, 7.233364564017393, 7.38412303396035]",[5.9327,5.9327,2,1.168795305,,,4,1,2019_Feb_15_1355,FaceNameBlocked,3.0.0,60.04678775
FacesBlock1.xlsx,Natalie.mp4,Natalie.JPG,Natalie,7,0,0,0,0,0,1,1,7,,,,,,,1,2,0.88350242,,,,,,,,0,0,,,,,4,1,2019_Feb_15_1355,FaceNameBlocked,3.0.0,60.04678775
FacesBlock1.xlsx,Natalie.mp4,Natalie.JPG,Natalie,7,0,0,0,0,,,,,0,2,2,7,,,,,,,,0,,0,None,,0,0,1,1.053160084,,,4,1,2019_Feb_15_1355,FaceNameBlocked,3.0.0,60.04678775
FacesBlock3.xlsx,Nathan.mp4,Nathan.JPG,Nathan,37,0,2,2,2,0,7,7,7,,,,,,,0,1,0.852902063,,,,,,,,0,0,,,,,4,1,2019_Feb_15_1355,FaceNameBlocked,3.0.0,60.04678775
FacesBlock3.xlsx,Nathan.mp4,Nathan.JPG,Nathan,37,0,2,2,2,,,,,0,11,11,7,,,,,,,,0,Steven,0,"['lshift', 's', 'e', 't', 'backspace', 'backspace', 'e', 'backspace', 't', 'e', 'v', 'e', 'n']","[1.750221302965656, 5.3168247119756415, 6.716879375977442, 6.917277546017431, 7.249318667920306, 7.449295555939898, 7.633291485020891, 8.132097034947947, 8.565831515938044, 8.699603293905966, 9.049386466969736, 9.265998548013158, 9.299511721008457]",[1.7502,1.7502,1,0.76835726,,,4,1,2019_Feb_15_1355,FaceNameBlocked,3.0.0,60.04678775
FacesBlock3.xlsx,Nicole.mp4,Nicole.JPG,Nicole,43,0,2,2,2,0,1,1,13,,,,,,,0,2,0.753351757,,,,,,,,0,0,,,,,4,1,2019_Feb_15_1355,FaceNameBlocked,3.0.0,60.04678775
FacesBlock3.xlsx,Nicole.mp4,Nicole.JPG,Nicole,43,0,2,2,2,,,,,0,6,6,13,,,,,,,,0,Olivi,0,"['lshift', 'o', 'l', 'i', 'v', 'i', 'a', 'backspace']","[3.0659123809309676, 3.5186764859827235, 3.901667693979107, 4.034713829983957, 4.251301213982515, 4.418137026019394, 4.438949659001082, 9.86565090098884]",[3.0659,3.0659,1,1.652272841,,,4,1,2019_Feb_15_1355,FaceNameBlocked,3.0.0,60.04678775
FacesBlock3.xlsx,Noah.mp4,Noah.JPG,Noah,31,0,2,2,2,0,4,4,1,,,,,,,1,1,0.702922026,,,,,,,,0,0,,,,,4,1,2019_Feb_15_1355,FaceNameBlocked,3.0.0,60.04678775
FacesBlock3.xlsx,Noah.mp4,Noah.JPG,Noah,31,0,2,2,2,,,,,0,13,13,1,,,,,,,,0,Matt,0,"['lshift', 'm', 'a', 't', 't']","[2.9507140149362385, 4.116374671924859, 4.468111891997978, 4.635216189897619, 4.818079442949966]",[2.9507,2.9507,2,0.31896899,,,4,1,2019_Feb_15_1355,FaceNameBlocked,3.0.0,60.04678775
FacesBlock3.xlsx,Olivia.mp4,Olivia.JPG,Olivia,35,0,2,2,2,0,8,8,5,,,,,,,1,2,1.386235923,,,,,,,,0,0,,,,,4,1,2019_Feb_15_1355,FaceNameBlocked,3.0.0,60.04678775
FacesBlock3.xlsx,Olivia.mp4,Olivia.JPG,Olivia,35,0,2,2,2,,,,,0,2,2,5,,,,,,,,0,Jessica,0,"['lshift', 'j', 'e', 's', 's', 'i', 'c', 'a']","[2.199861892964691, 2.5347072089789435, 2.700909461011179, 2.9346892880275846, 3.1843096780357882, 3.3841925610322505, 3.48451301001478, 3.5843821819871664]",[2.1998,2.1998,2,0.219502972,,,4,1,2019_Feb_15_1355,FaceNameBlocked,3.0.0,60.04678775
FacesBlock2.xlsx,Rachel.mp4,Rachel.JPG,Rachel,29,0,1,1,1,0,1,1,14,,,,,,,0,2,1.88612641,,,,,,,,0,0,,,,,4,1,2019_Feb_15_1355,FaceNameBlocked,3.0.0,60.04678775
FacesBlock2.xlsx,Rachel.mp4,Rachel.JPG,Rachel,29,0,1,1,1,,,,,0,8,8,14,,,,,,,,0,hailey,0,"['h', 'a', 'i', 'l', 'e', 'y']","[3.668295924901031, 3.832747046952136, 3.884646444930695, 4.051461266935803, 5.883996635908261, 6.0342820739606395]",[3.6682,3.6682,2,0.735858005,,,4,1,2019_Feb_15_1355,FaceNameBlocked,3.0.0,60.04678775
FacesBlock3.xlsx,Rebecca.mp4,Rebecca.JPG,Rebecca,32,0,2,2,2,0,12,12,2,,,,,,,1,2,0.636316937,,,,,,,,0,0,,,,,4,1,2019_Feb_15_1355,FaceNameBlocked,3.0.0,60.04678775
FacesBlock3.xlsx,Rebecca.mp4,Rebecca.JPG,Rebecca,32,0,2,2,2,,,,,0,14,14,2,,,,,,,,1,Rebecca,1,"['lshift', 'r', 'e', 'b', 'e', 'c', 'c', 'a']","[1.5164685869822279, 1.7344009929802269, 1.9678462580777705, 2.218727248022333, 2.3683573229936883, 2.6009133809711784, 2.8013830380514264, 2.951075747027062]",[1.5164,1.5164,4,0.418380851,,,4,1,2019_Feb_15_1355,FaceNameBlocked,3.0.0,60.04678775
FacesBlock3.xlsx,Sarah.mp4,Sarah.JPG,Sarah,33,0,2,2,2,0,13,13,3,,,,,,,1,2,0.152708538,,,,,,,,0,0,,,,,4,1,2019_Feb_15_1355,FaceNameBlocked,3.0.0,60.04678775
FacesBlock3.xlsx,Sarah.mp4,Sarah.JPG,Sarah,33,0,2,2,2,,,,,0,1,1,3,,,,,,,,0,,0,"['lshift', 'c', 'o', 'u', 'r', 't', 'backspace', 'backspace', 'backspace', 'backspace', 'backspace']","[5.799287825007923, 6.2506152329733595, 6.548402494052425, 6.666438707034104, 6.8503683160524815, 7.316572632058524, 8.516279477044009, 8.69913705100771, 8.865649836021475, 9.048388155992143, 9.182148167979904]",[5.7992,5.7992,1,0.852352026,,,4,1,2019_Feb_15_1355,FaceNameBlocked,3.0.0,60.04678775
FacesBlock3.xlsx,Shelby.mp4,Shelby.JPG,Shelby,36,0,2,2,2,0,10,10,6,,,,,,,0,2,0.669988317,,,,,,,,0,0,,,,,4,1,2019_Feb_15_1355,FaceNameBlocked,3.0.0,60.04678775
FacesBlock3.xlsx,Shelby.mp4,Shelby.JPG,Shelby,36,0,2,2,2,,,,,0,5,5,6,,,,,,,,1,Shelby,1,"['lshift', 's', 'h', 'e', 'l', 'b', 'y']","[1.1336160140344873, 1.352247286005877, 1.6352661740966141, 1.7686343680834398, 1.9523964910767972, 2.1684164170874283, 2.452002917067148]",[1.1336,1.1336,4,0.319013267,,,4,1,2019_Feb_15_1355,FaceNameBlocked,3.0.0,60.04678775
FacesBlock2.xlsx,Steven.mp4,Steven.JPG,Steven,17,0,1,1,1,0,7,7,2,,,,,,,1,1,0.519524838,,,,,,,,0,0,,,,,4,1,2019_Feb_15_1355,FaceNameBlocked,3.0.0,60.04678775
FacesBlock2.xlsx,Steven.mp4,Steven.JPG,Steven,17,0,1,1,1,,,,,0,1,1,2,,,,,,,,1,Steven,1,"['lshift', 's', 't', 'e', 'v', 'e', 'n']","[5.282589567010291, 5.417880350025371, 5.850879086065106, 5.984347127028741, 6.1842709480552, 6.283755570999347, 6.434154878021218]",[5.2825,5.2825,4,0.519038352,,,4,1,2019_Feb_15_1355,FaceNameBlocked,3.0.0,60.04678775
FacesBlock4.xlsx,Taylor.mp4,Taylor.JPG,Taylor,45,0,3,3,3,0,7,7,0,,,,,,,0,2,0.320674464,,,,,,,,0,0,,,,,4,1,2019_Feb_15_1355,FaceNameBlocked,3.0.0,60.04678775
FacesBlock4.xlsx,Taylor.mp4,Taylor.JPG,Taylor,45,0,3,3,3,,,,,0,2,2,0,,,,,,,,1,Taylor,1,"['lshift', 't', 'a', 'y', 'l', 'o', 'r']","[1.7342896379996091, 1.8858892499702051, 2.1026023579761386, 2.1526916860602796, 2.5358740480151027, 2.7668383200652897, 2.8521445050137118]",[1.7342,1.7342,4,0.218798168,,,4,1,2019_Feb_15_1355,FaceNameBlocked,3.0.0,60.04678775
FacesBlock3.xlsx,Thomas.mp4,Thomas.JPG,Thomas,44,0,2,2,2,0,5,5,14,,,,,,,1,1,2.136519992,,,,,,,,0,0,,,,,4,1,2019_Feb_15_1355,FaceNameBlocked,3.0.0,60.04678775
FacesBlock3.xlsx,Thomas.mp4,Thomas.JPG,Thomas,44,0,2,2,2,,,,,0,8,8,14,,,,,,,,0,Noah,0,"['lshift', 'n', 'o', 'a', 'h']","[1.5336659459862858, 1.6518685859628022, 1.9185387139441445, 1.9386092169443145, 2.1010482070269063]",[1.5336,1.5336,3,0.669445281,,,4,1,2019_Feb_15_1355,FaceNameBlocked,3.0.0,60.04678775
FacesBlock1.xlsx,Timothy.mp4,Timothy.JPG,Timothy,10,0,0,0,0,0,8,8,10,,,,,,,1,1,0.436092233,,,,,,,,0,0,,,,,4,1,2019_Feb_15_1355,FaceNameBlocked,3.0.0,60.04678775
FacesBlock1.xlsx,Timothy.mp4,Timothy.JPG,Timothy,10,0,0,0,0,,,,,0,0,0,10,,,,,,space,26.12710312,1,Timothy,1,"['lshift', 't', 'i', 'm', 'o', 't', 'h', 'y']","[2.0838158150436357, 2.4519634939497337, 3.3009942109929398, 3.5179832429857925, 3.6850631090346724, 3.8845625650137663, 4.067930983030237, 4.267963808961213]",[2.0838,2.0838,4,3.251469262,,,4,1,2019_Feb_15_1355,FaceNameBlocked,3.0.0,60.04678775
FacesBlock2.xlsx,Trevor.mp4,Trevor.JPG,Trevor,21,0,1,1,1,0,14,14,6,,,,,,,1,1,0.319921094,,,,,,,,0,0,,,,,4,1,2019_Feb_15_1355,FaceNameBlocked,3.0.0,60.04678775
FacesBlock2.xlsx,Trevor.mp4,Trevor.JPG,Trevor,21,0,1,1,1,,,,,0,0,0,6,,,,,,space,9.380756811,1,Trevor,1,"['lshift', 't', 'r', 'e', 'v', 'o', 'r']","[1.8336356040090322, 2.084819014999084, 2.5014348659897223, 2.617508286028169, 2.748958072043024, 3.101177272037603, 3.2178063510218635]",[1.8336,1.8336,3,0.368437409,,,4,1,2019_Feb_15_1355,FaceNameBlocked,3.0.0,60.04678775
FacesBlock2.xlsx,Tyler.mp4,Tyler.JPG,Tyler,22,0,1,1,1,0,10,10,7,,,,,,,1,1,0.336898352,,,,,,,,0,0,,,,,4,1,2019_Feb_15_1355,FaceNameBlocked,3.0.0,60.04678775
FacesBlock2.xlsx,Tyler.mp4,Tyler.JPG,Tyler,22,0,1,1,1,,,,,0,12,12,7,,,,,,,,0,,0,None,,0,0,1,0.833608291,,,4,1,2019_Feb_15_1355,FaceNameBlocked,3.0.0,60.04678775
,,,,,,,,,,,,,,,,,space,17.21209245,,,,,,,,,,,,,,,,,4,1,2019_Feb_15_1355,FaceNameBlocked,3.0.0,60.04678775
,,,,,,,,,,,,,,,,,,,,,,,,,,,,,,,,,space,1321.433488,4,1,2019_Feb_15_1355,FaceNameBlocked,3.0.0,60.04678775