condsFile,Video,Photo,Name,Row,blocks.thisRepN,blocks.thisTrialN,blocks.thisN,blocks.thisIndex,presentations.thisRepN,presentations.thisTrialN,presentations.thisN,presentations.thisIndex,testing.thisRepN,testing.thisTrialN,testing.thisN,testing.thisIndex,advance_1.keys,advance_1.rt,currentCond,judgementResp.keys,judgementResp.rt,advance_2.keys,advance_2.rt,CorrectResponses,inputText,Accuracy,key_resp_3.keys,key_resp_3.rt,trim1,key_resp3_fin,rating_resp.keys,rating_resp.rt,end_key.keys,end_key.rt,participant,session,date,expName,psychopyVersion,frameRate
FacesBlock2.xlsx,Aaron.mp4,Aaron.JPG,Aaron,18,0,1,1,1,0,8,8,3,,,,,,,1,1,0.932370835,,,,,,,,0,0,,,,,6,1,2019_Feb_26_1504,FaceNameBlocked,3.0.0,84.78759317
FacesBlock2.xlsx,Aaron.mp4,Aaron.JPG,Aaron,18,0,1,1,1,,,,,0,10,10,3,,,,,,,,0,,0,None,,0,0,1,0.623795593,,,6,1,2019_Feb_26_1504,FaceNameBlocked,3.0.0,84.78759317
FacesBlock1.xlsx,Adam.mp4,Adam.JPG,Adam,5,0,0,0,0,0,13,13,5,,,,,,,1,1,1.286164177,,,,,,,,0,0,,,,,6,1,2019_Feb_26_1504,FaceNameBlocked,3.0.0,84.78759317
FacesBlock1.xlsx,Adam.mp4,Adam.JPG,Adam,5,0,0,0,0,,,,,0,4,4,5,,,,,,,,1,adam ,1,"['a', 'd', 'a', 'comma', 'comma', 'm', 'space']","[1.6270618629999944, 1.8728362310000648, 2.0509367079999947, 2.2852229620000344, 3.2495112220000237, 3.6034404600000016, 4.507930508000072]",[1.6270,1.627,4,0.826581922,,,6,1,2019_Feb_26_1504,FaceNameBlocked,3.0.0,84.78759317
FacesBlock4.xlsx,Alyssa.mp4,Alyssa.JPG,Alyssa,55,0,3,3,3,0,0,0,10,,,,,,,1,2,2.343943257,,,,,,,,0,0,,,,,6,1,2019_Feb_26_1504,FaceNameBlocked,3.0.0,84.78759317
FacesBlock4.xlsx,Alyssa.mp4,Alyssa.JPG,Alyssa,55,0,3,3,3,,,,,0,4,4,10,,,,,,,,1,alyssa,1,"['a', 'l', 'y', 's', 's', 'a']","[1.4377664319999894, 1.6135155760000544, 2.0139786090001053, 2.2016541340001368, 2.366571643000043, 2.542326211000045]",[1.4377,1.4377,4,0.4610293,,,6,1,2019_Feb_26_1504,FaceNameBlocked,3.0.0,84.78759317
FacesBlock1.xlsx,Amanda.mp4,Amanda.JPG,Amanda,2,0,0,0,0,0,10,10,2,,,,,,,0,2,0.298398917,,,,,,,,0,0,,,,,6,1,2019_Feb_26_1504,FaceNameBlocked,3.0.0,84.78759317
FacesBlock1.xlsx,Amanda.mp4,Amanda.JPG,Amanda,2,0,0,0,0,,,,,0,7,7,2,,,,,,,,0, ,0,['space'],[3.5779978959999426],[3.5779,3.5779,1,1.56424916,,,6,1,2019_Feb_26_1504,FaceNameBlocked,3.0.0,84.78759317
FacesBlock4.xlsx,Andrew.mp4,Andrew.JPG,Andrew,51,0,3,3,3,0,10,10,6,,,,,,,0,1,0.849960734,,,,,,,,0,0,,,,,6,1,2019_Feb_26_1504,FaceNameBlocked,3.0.0,84.78759317
FacesBlock4.xlsx,Andrew.mp4,Andrew.JPG,Andrew,51,0,3,3,3,,,,,0,6,6,6,,,,,,,,1,andrew,0,"['a', 'n', 'd', 'r', 'e', 'w']","[1.765156978999812, 2.0466556899998523, 2.211309723999875, 2.4111725699999624, 2.59932349099995, 2.81102696999983]",[1.7651,1.7651,3,2.590217794,,,6,1,2019_Feb_26_1504,FaceNameBlocked,3.0.0,84.78759317
FacesBlock4.xlsx,Anna.mp4,Anna.JPG,Anna,47,0,3,3,3,0,7,7,2,,,,,,,1,2,0.658791125,,,,,,,,0,0,,,,,6,1,2019_Feb_26_1504,FaceNameBlocked,3.0.0,84.78759317
FacesBlock4.xlsx,Anna.mp4,Anna.JPG,Anna,47,0,3,3,3,,,,,0,8,8,2,,,,,,,,1,anna,1,"['a', 'n', 'n', 'a']","[1.34255068199991, 1.589326551999875, 1.7305034189998878, 1.8360983370000667]",[1.3425,1.3425,4,0.519421844,,,6,1,2019_Feb_26_1504,FaceNameBlocked,3.0.0,84.78759317
FacesBlock2.xlsx,Ashley.mp4,Ashley.JPG,Ashley,24,0,1,1,1,0,12,12,9,,,,,,,0,2,0.284950019,,,,,,,,0,0,,,,,6,1,2019_Feb_26_1504,FaceNameBlocked,3.0.0,84.78759317
FacesBlock2.xlsx,Ashley.mp4,Ashley.JPG,Ashley,24,0,1,1,1,,,,,0,11,11,9,,,,,,,,0,,0,None,,0,0,1,0.825881498,,,6,1,2019_Feb_26_1504,FaceNameBlocked,3.0.0,84.78759317
FacesBlock1.xlsx,Bradley.mp4,Bradley.JPG,Bradley,14,0,0,0,0,0,7,7,14,,,,,,,1,1,0.42840129,,,,,,,,0,0,,,,,6,1,2019_Feb_26_1504,FaceNameBlocked,3.0.0,84.78759317
FacesBlock1.xlsx,Bradley.mp4,Bradley.JPG,Bradley,14,0,0,0,0,,,,,0,0,0,14,,,,,,space,15.99836094,1,bradley ,1,"['b', 'r', 'a', 'd', 'l', 'e', 'y', 'return', 'space']","[1.4965346080000472, 1.7088031609999916, 2.0611824300000308, 2.4980342940000355, 2.8388774740000144, 3.120551059000036, 3.9327584899999692, 5.094733681999969, 6.54344461200003]",[1.4965,1.4965,4,2.422600069,,,6,1,2019_Feb_26_1504,FaceNameBlocked,3.0.0,84.78759317
FacesBlock4.xlsx,Brandon.mp4,Brandon.JPG,Brandon,56,0,3,3,3,0,8,8,11,,,,,,,0,1,1.238472425,,,,,,,,0,0,,,,,6,1,2019_Feb_26_1504,FaceNameBlocked,3.0.0,84.78759317
FacesBlock4.xlsx,Brandon.mp4,Brandon.JPG,Brandon,56,0,3,3,3,,,,,0,13,13,11,,,,,,,,0,ryan,0,"['r', 'y', 'a', 'n']","[8.481900761999896, 8.611735075999832, 8.788282723999828, 8.941074714999786]",[8.4819,8.4819,1,0.978680005,,,6,1,2019_Feb_26_1504,FaceNameBlocked,3.0.0,84.78759317
FacesBlock4.xlsx,Brian.mp4,Brian.JPG,Brian,53,0,3,3,3,0,13,13,8,,,,,,,0,1,0.732468932,,,,,,,,0,0,,,,,6,1,2019_Feb_26_1504,FaceNameBlocked,3.0.0,84.78759317
FacesBlock4.xlsx,Brian.mp4,Brian.JPG,Brian,53,0,3,3,3,,,,,0,10,10,8,,,,,,,,1,brian,1,"['b', 'r', 'i', 'a', 'n']","[1.2008171620000212, 1.412014327999941, 1.635751148000054, 1.7651897700000063, 1.9299670380000862]",[1.2008,1.2008,4,0.802174873,,,6,1,2019_Feb_26_1504,FaceNameBlocked,3.0.0,84.78759317
FacesBlock4.xlsx,Brianna.mp4,Brianna.JPG,Brianna,48,0,3,3,3,0,11,11,3,,,,,,,1,2,0.859554303,,,,,,,,0,0,,,,,6,1,2019_Feb_26_1504,FaceNameBlocked,3.0.0,84.78759317
FacesBlock4.xlsx,Brianna.mp4,Brianna.JPG,Brianna,48,0,3,3,3,,,,,0,5,5,3,,,,,,,,0,rachel,0,"['r', 'a', 'c', 'h', 'e', 'l']","[3.7521512520002034, 4.305205945000125, 4.600857855000186, 4.824398470999995, 4.976962903000185, 5.165697031000036]",[3.7521,3.7521,2,1.119829321,,,6,1,2019_Feb_26_1504,FaceNameBlocked,3.0.0,84.78759317
FacesBlock2.xlsx,Brittany.mp4,Brittany.JPG,Brittany,28,0,1,1,1,0,11,11,13,,,,,,,0,2,0.73289526,,,,,,,,0,0,,,,,6,1,2019_Feb_26_1504,FaceNameBlocked,3.0.0,84.78759317
FacesBlock2.xlsx,Brittany.mp4,Brittany.JPG,Brittany,28,0,1,1,1,,,,,0,9,9,13,,,,,,,,1,brittany,1,"['b', 'r', 'i', 't', 't', 'a', 'n', 'y']","[2.331225585000084, 2.529175369000086, 2.7668307060000643, 2.9295147500001804, 3.2844361610000306, 3.7549247370000103, 3.88158477900015, 4.09599520200004]",[2.3312,2.3312,1,0.390625605,,,6,1,2019_Feb_26_1504,FaceNameBlocked,3.0.0,84.78759317
FacesBlock4.xlsx,Caleb.mp4,Caleb.JPG,Caleb,59,0,3,3,3,0,9,9,14,,,,,,,0,1,0.849956103,,,,,,,,0,0,,,,,6,1,2019_Feb_26_1504,FaceNameBlocked,3.0.0,84.78759317
FacesBlock4.xlsx,Caleb.mp4,Caleb.JPG,Caleb,59,0,3,3,3,,,,,0,14,14,14,,,,,,,,1,caleb,1,"['c', 'a', 'l', 'e', 'b']","[2.8013378319999447, 3.0123350470000787, 3.2241877650001243, 3.4360910800000966, 3.659250266000072]",[2.8013,2.8013,4,0.378907328,,,6,1,2019_Feb_26_1504,FaceNameBlocked,3.0.0,84.78759317
FacesBlock2.xlsx,Cody.mp4,Cody.JPG,Cody,23,0,1,1,1,0,14,14,8,,,,,,,1,1,1.541182553,,,,,,,,0,0,,,,,6,1,2019_Feb_26_1504,FaceNameBlocked,3.0.0,84.78759317
FacesBlock2.xlsx,Cody.mp4,Cody.JPG,Cody,23,0,1,1,1,,,,,0,2,2,8,,,,,,,,1,cody,1,"['c', 'o', 'd', 'y']","[4.907508036999957, 5.1661331169999585, 5.422695800000042, 6.012434610000014]",[4.9075,4.9075,4,0.437576451,,,6,1,2019_Feb_26_1504,FaceNameBlocked,3.0.0,84.78759317
FacesBlock3.xlsx,Courtney.mp4,Courtney.JPG,Courtney,42,0,2,2,2,0,6,6,12,,,,,,,0,2,1.000402041,,,,,,,,0,0,,,,,6,1,2019_Feb_26_1504,FaceNameBlocked,3.0.0,84.78759317
FacesBlock3.xlsx,Courtney.mp4,Courtney.JPG,Courtney,42,0,2,2,2,,,,,0,9,9,12,,,,,,,,0,courtney,1,"['c', 'o', 'u', 'r', 't', 'n', 'e', 'y']","[1.2839553300000262, 1.4958009259999017, 1.683737421999922, 1.8724468020000131, 2.059725700999934, 2.2128568529999484, 2.3545790440000474, 2.483811842000023]",[1.2839,1.2839,4,0.589386121,,,6,1,2019_Feb_26_1504,FaceNameBlocked,3.0.0,84.78759317
FacesBlock3.xlsx,Daniel.mp4,Daniel.JPG,Daniel,30,0,2,2,2,0,0,0,0,,,,,,,1,1,1.767311137,,,,,,,,0,0,,,,,6,1,2019_Feb_26_1504,FaceNameBlocked,3.0.0,84.78759317
FacesBlock3.xlsx,Daniel.mp4,Daniel.JPG,Daniel,30,0,2,2,2,,,,,0,0,0,0,,,,,,space,6.412604476,1,daniel,1,"['d', 'a', 'n', 'i', 'e', 'l']","[2.4366484550000678, 2.648803691000012, 2.766886151000108, 2.8962692350000907, 3.0248944449999726, 3.176453401000117]",[2.4366,2.4366,4,0.484344596,,,6,1,2019_Feb_26_1504,FaceNameBlocked,3.0.0,84.78759317
FacesBlock1.xlsx,Danielle.mp4,Danielle.JPG,Danielle,3,0,0,0,0,0,6,6,3,,,,,,,1,2,0.323338488,,,,,,,,0,0,,,,,6,1,2019_Feb_26_1504,FaceNameBlocked,3.0.0,84.78759317
FacesBlock1.xlsx,Danielle.mp4,Danielle.JPG,Danielle,3,0,0,0,0,,,,,0,11,11,3,,,,,,,,0,anna ,0,"['a', 'n', 'n', 'a', 'space']","[5.448648702000014, 5.648334663000014, 5.848280062999947, 6.153826095999989, 7.400193087999924]",[5.4486,5.4486,1,0.332567776,,,6,1,2019_Feb_26_1504,FaceNameBlocked,3.0.0,84.78759317
FacesBlock2.xlsx,David.mp4,David.JPG,David,16,0,1,1,1,0,13,13,1,,,,,,,0,1,0.214956491,,,,,,,,0,0,,,,,6,1,2019_Feb_26_1504,FaceNameBlocked,3.0.0,84.78759317
FacesBlock2.xlsx,David.mp4,David.JPG,David,16,0,1,1,1,,,,,0,1,1,1,,,,,,,,1,david,1,"['d', 'a', 'v', 'i', 'd']","[0.9791313609999861, 1.1903831790000368, 1.4850640710000107, 1.8115548640000725, 1.966913816999977]",[0.9791,0.9791,4,0.517450603,,,6,1,2019_Feb_26_1504,FaceNameBlocked,3.0.0,84.78759317
FacesBlock4.xlsx,Dylan.mp4,Dylan.JPG,Dylan,50,0,3,3,3,0,4,4,5,,,,,,,0,1,0.755827611,,,,,,,,0,0,,,,,6,1,2019_Feb_26_1504,FaceNameBlocked,3.0.0,84.78759317
FacesBlock4.xlsx,Dylan.mp4,Dylan.JPG,Dylan,50,0,3,3,3,,,,,0,2,2,5,,,,,,,,1,dylan,1,"['d', 'y', 'l', 'a', 'n']","[1.8610274200000276, 2.061130786000149, 2.4721767620001174, 2.8844513420001476, 3.154588040000135]",[1.8610,1.861,3,0.47233948,,,6,1,2019_Feb_26_1504,FaceNameBlocked,3.0.0,84.78759317
FacesBlock4.xlsx,Emily.mp4,Emily.JPG,Emily,57,0,3,3,3,0,5,5,12,,,,,,,1,2,0.497008773,,,,,,,,0,0,,,,,6,1,2019_Feb_26_1504,FaceNameBlocked,3.0.0,84.78759317
FacesBlock4.xlsx,Emily.mp4,Emily.JPG,Emily,57,0,3,3,3,,,,,0,12,12,12,,,,,,,,0,,0,None,,0,0,1,0.872394266,,,6,1,2019_Feb_26_1504,FaceNameBlocked,3.0.0,84.78759317
FacesBlock1.xlsx,Eric.mp4,Eric.JPG,Eric,0,0,0,0,0,0,8,8,0,,,,,,,0,1,0.452863818,,,,,,,,0,0,,,,,6,1,2019_Feb_26_1504,FaceNameBlocked,3.0.0,84.78759317
FacesBlock1.xlsx,Eric.mp4,Eric.JPG,Eric,0,0,0,0,0,,,,,0,2,2,0,,,,,,,,1,eric ,1,"['e', 'r', 'i', 'c', 'return', 'space']","[2.3543323090000285, 2.5543353570000136, 2.7543113080000694, 2.871655540000006, 4.096004848000007, 5.342487447000053]",[2.3543,2.3543,2,1.164717399,,,6,1,2019_Feb_26_1504,FaceNameBlocked,3.0.0,84.78759317
FacesBlock1.xlsx,Ethan.mp4,Ethan.JPG,Ethan,11,0,0,0,0,0,4,4,11,,,,,,,0,1,0.381105528,,,,,,,,0,0,,,,,6,1,2019_Feb_26_1504,FaceNameBlocked,3.0.0,84.78759317
FacesBlock1.xlsx,Ethan.mp4,Ethan.JPG,Ethan,11,0,0,0,0,,,,,0,13,13,11,,,,,,,,0,paul,0,"['p', 'a', 'u', 'l']","[6.154364600000008, 6.4944932659999495, 6.730152238999949, 7.036501180999949]",[6.1543,6.1543,1,0.484447296,,,6,1,2019_Feb_26_1504,FaceNameBlocked,3.0.0,84.78759317
FacesBlock4.xlsx,Grace.mp4,Grace.JPG,Grace,58,0,3,3,3,0,1,1,13,,,,,,,1,2,1.531895176,,,,,,,,0,0,,,,,6,1,2019_Feb_26_1504,FaceNameBlocked,3.0.0,84.78759317
FacesBlock4.xlsx,Grace.mp4,Grace.JPG,Grace,58,0,3,3,3,,,,,0,1,1,13,,,,,,,,1,grace,1,"['g', 'r', 'a', 'c', 'e']","[1.155657734999977, 1.4026855040001465, 1.6607349969999632, 1.920432276000156, 2.108494058000133]",[1.1556,1.1556,4,0.684808221,,,6,1,2019_Feb_26_1504,FaceNameBlocked,3.0.0,84.78759317
FacesBlock2.xlsx,Haley.mp4,Haley.JPG,Haley,20,0,1,1,1,0,3,3,5,,,,,,,0,2,1.390873381,,,,,,,,0,0,,,,,6,1,2019_Feb_26_1504,FaceNameBlocked,3.0.0,84.78759317
FacesBlock2.xlsx,Haley.mp4,Haley.JPG,Haley,20,0,1,1,1,,,,,0,8,8,5,,,,,,,,0,rachel,0,"['r', 'a', 'c', 'h', 'e', 'l']","[4.965754801999992, 5.460631121999995, 5.777982112000018, 6.012602457999947, 6.201375843000051, 6.977428696000061]",[4.9657,4.9657,1,0.367246683,,,6,1,2019_Feb_26_1504,FaceNameBlocked,3.0.0,84.78759317
FacesBlock1.xlsx,Hannah.mp4,Hannah.JPG,Hannah,1,0,0,0,0,0,0,0,1,,,,,,,1,2,1.896780777,,,,,,,,0,0,,,,,6,1,2019_Feb_26_1504,FaceNameBlocked,3.0.0,84.78759317
FacesBlock1.xlsx,Hannah.mp4,Hannah.JPG,Hannah,1,0,0,0,0,,,,,0,10,10,1,,,,,,,,0,,0,None,,0,0,1,0.813649027,,,6,1,2019_Feb_26_1504,FaceNameBlocked,3.0.0,84.78759317
FacesBlock2.xlsx,Heather.mp4,Heather.JPG,Heather,26,0,1,1,1,0,1,1,11,,,,,,,1,2,1.285127752,,,,,,,,0,0,,,,,6,1,2019_Feb_26_1504,FaceNameBlocked,3.0.0,84.78759317
FacesBlock2.xlsx,Heather.mp4,Heather.JPG,Heather,26,0,1,1,1,,,,,0,14,14,11,,,,,,,,0,brittany,0,"['b', 'r', 'i', 't', 't', 'a', 'n', 'y']","[7.047595154999954, 7.200277059999962, 7.3063075200000185, 7.447224604999974, 7.811266786000033, 8.082258951000085, 8.22343312199996, 8.576416952000045]",[7.0475,7.0475,2,1.34316606,,,6,1,2019_Feb_26_1504,FaceNameBlocked,3.0.0,84.78759317
FacesBlock3.xlsx,Jacob.mp4,Jacob.JPG,Jacob,39,0,2,2,2,0,12,12,9,,,,,,,0,1,0.943615548,,,,,,,,0,0,,,,,6,1,2019_Feb_26_1504,FaceNameBlocked,3.0.0,84.78759317
FacesBlock3.xlsx,Jacob.mp4,Jacob.JPG,Jacob,39,0,2,2,2,,,,,0,8,8,9,,,,,,,,0,dylan,0,"['d', 'y', 'l', 'a', 'n']","[4.3069436900000255, 4.495029380999995, 5.118609079999942, 5.482935935999876, 5.682706037999878]",[4.3069,4.3069,2,2.578084821,,,6,1,2019_Feb_26_1504,FaceNameBlocked,3.0.0,84.78759317
FacesBlock4.xlsx,Jason.mp4,Jason.JPG,Jason,49,0,3,3,3,0,6,6,4,,,,,,,0,1,0.896876058,,,,,,,,0,0,,,,,6,1,2019_Feb_26_1504,FaceNameBlocked,3.0.0,84.78759317
FacesBlock4.xlsx,Jason.mp4,Jason.JPG,Jason,49,0,3,3,3,,,,,0,3,3,4,,,,,,,,1,jason,1,"['j', 'a', 's', 'o', 'n']","[1.1085665810001046, 1.3909319140000207, 1.6966955039999903, 1.9435497520000808, 2.1780862499999785]",[1.1085,1.1085,4,0.366235923,,,6,1,2019_Feb_26_1504,FaceNameBlocked,3.0.0,84.78759317
FacesBlock1.xlsx,Jenna.mp4,Jenna.JPG,Jenna,6,0,0,0,0,0,2,2,6,,,,,,,0,2,0.945788355,,,,,,,,0,0,,,,,6,1,2019_Feb_26_1504,FaceNameBlocked,3.0.0,84.78759317
FacesBlock1.xlsx,Jenna.mp4,Jenna.JPG,Jenna,6,0,0,0,0,,,,,0,1,1,6,,,,,,,,0,jessica ,0,"['j', 'e', 's', 's', 'i', 'c', 'a', 'space']","[3.344113456000059, 3.496302949999972, 3.7436938350000446, 3.990906642000027, 4.273820090000072, 4.47303669300004, 4.778971196000043, 8.32986607700002]",[3.3441,3.3441,1,1.129573014,,,6,1,2019_Feb_26_1504,FaceNameBlocked,3.0.0,84.78759317
FacesBlock2.xlsx,Jeremy.mp4,Jeremy.JPG,Jeremy,15,0,1,1,1,0,6,6,0,,,,,,,1,1,1.367809496,,,,,,,,0,0,,,,,6,1,2019_Feb_26_1504,FaceNameBlocked,3.0.0,84.78759317
FacesBlock2.xlsx,Jeremy.mp4,Jeremy.JPG,Jeremy,15,0,1,1,1,,,,,0,13,13,0,,,,,,,,0,trevor,0,"['t', 'r', 'e', 'v', 'o', 'r']","[2.6374125229999663, 3.037225090999982, 3.2252696259999993, 3.8134402260000115, 4.2835467620000145, 4.789275264000025]",[2.6374,2.6374,3,0.367251421,,,6,1,2019_Feb_26_1504,FaceNameBlocked,3.0.0,84.78759317
FacesBlock1.xlsx,Jessica.mp4,Jessica.JPG,Jessica,8,0,0,0,0,0,1,1,8,,,,,,,1,2,0.449629011,,,,,,,,0,0,,,,,6,1,2019_Feb_26_1504,FaceNameBlocked,3.0.0,84.78759317
FacesBlock1.xlsx,Jessica.mp4,Jessica.JPG,Jessica,8,0,0,0,0,,,,,0,8,8,8,,,,,,,,0,rachel,0,"['r', 'a', 'c', 'h', 'e', 'l']","[3.8456227499999613, 4.045584418999965, 4.27058913999997, 4.4709256070000265, 4.63630070399995, 5.389626090999968]",[3.8456,3.8456,1,0.331821531,,,6,1,2019_Feb_26_1504,FaceNameBlocked,3.0.0,84.78759317
FacesBlock2.xlsx,Josh.mp4,Josh.JPG,Josh,19,0,1,1,1,0,5,5,4,,,,,,,0,1,0.767996846,,,,,,,,0,0,,,,,6,1,2019_Feb_26_1504,FaceNameBlocked,3.0.0,84.78759317
FacesBlock2.xlsx,Josh.mp4,Josh.JPG,Josh,19,0,1,1,1,,,,,0,12,12,4,,,,,,,,1,josh,1,"['j', 'o', 's', 'h']","[1.1547390910000104, 1.3310589809998419, 1.519529638999984, 1.8015127169999232]",[1.1547,1.1547,4,0.378505131,,,6,1,2019_Feb_26_1504,FaceNameBlocked,3.0.0,84.78759317
FacesBlock1.xlsx,Julia.mp4,Julia.JPG,Julia,13,0,0,0,0,0,3,3,13,,,,,,,0,2,0.909860615,,,,,,,,0,0,,,,,6,1,2019_Feb_26_1504,FaceNameBlocked,3.0.0,84.78759317
FacesBlock1.xlsx,Julia.mp4,Julia.JPG,Julia,13,0,0,0,0,,,,,0,5,5,13,,,,,,,,0,sarah ,0,"['s', 'a', 'r', 'a', 'h', 'space']","[2.7410476350000863, 3.013514895000071, 3.237740262999978, 3.472248992999994, 4.578600445999996, 5.436668373000089]",[2.7410,2.741,2,0.543521663,,,6,1,2019_Feb_26_1504,FaceNameBlocked,3.0.0,84.78759317
FacesBlock2.xlsx,Justin.mp4,Justin.JPG,Justin,27,0,1,1,1,0,2,2,12,,,,,,,0,1,2.284530632,,,,,,,,0,0,,,,,6,1,2019_Feb_26_1504,FaceNameBlocked,3.0.0,84.78759317
FacesBlock2.xlsx,Justin.mp4,Justin.JPG,Justin,27,0,1,1,1,,,,,0,3,3,12,,,,,,,,0,,0,None,,0,0,1,0.778730576,,,6,1,2019_Feb_26_1504,FaceNameBlocked,3.0.0,84.78759317
FacesBlock4.xlsx,Katie.mp4,Katie.JPG,Katie,54,0,3,3,3,0,2,2,9,,,,,,,1,2,1.391044897,,,,,,,,0,0,,,,,6,1,2019_Feb_26_1504,FaceNameBlocked,3.0.0,84.78759317
FacesBlock4.xlsx,Katie.mp4,Katie.JPG,Katie,54,0,3,3,3,,,,,0,0,0,9,,,,,,space,5.742496554,1,katie,1,"['k', 'a', 't', 'i', 'e']","[5.907489790999989, 6.682893810999985, 7.024130742000125, 7.20036730400011, 7.377213940000047]",[5.9074,5.9074,4,0.508356795,,,6,1,2019_Feb_26_1504,FaceNameBlocked,3.0.0,84.78759317
FacesBlock3.xlsx,Kayla.mp4,Kayla.JPG,Kayla,34,0,2,2,2,0,5,5,4,,,,,,,0,2,1.014457103,,,,,,,,0,0,,,,,6,1,2019_Feb_26_1504,FaceNameBlocked,3.0.0,84.78759317
FacesBlock3.xlsx,Kayla.mp4,Kayla.JPG,Kayla,34,0,2,2,2,,,,,0,13,13,4,,,,,,,,0,lauren,0,"['l', 'a', 'u', 'r', 'e', 'n']","[5.789970680999886, 5.966220696999926, 6.224456085999918, 6.377647594999871, 6.565957452999783, 6.682772137999791]",[5.7899,5.7899,2,0.978345645,,,6,1,2019_Feb_26_1504,FaceNameBlocked,3.0.0,84.78759317
FacesBlock1.xlsx,Kelsey.mp4,Kelsey.JPG,Kelsey,12,0,0,0,0,0,12,12,12,,,,,,,1,2,0.329851211,,,,,,,,0,0,,,,,6,1,2019_Feb_26_1504,FaceNameBlocked,3.0.0,84.78759317
FacesBlock1.xlsx,Kelsey.mp4,Kelsey.JPG,Kelsey,12,0,0,0,0,,,,,0,3,3,12,,,,,,,,1,kelsey ,1,"['k', 'e', 'l', 's', 'e', 'y', 'space']","[1.2473816100000477, 1.4005490810000083, 1.5565504290000263, 1.7433511699999826, 1.9198865110000725, 2.1198978830000215, 3.073294449000059]",[1.2473,1.2473,2,2.966295493,,,6,1,2019_Feb_26_1504,FaceNameBlocked,3.0.0,84.78759317
FacesBlock3.xlsx,Kevin.mp4,Kevin.JPG,Kevin,41,0,2,2,2,0,14,14,11,,,,,,,0,1,0.731483289,,,,,,,,0,0,,,,,6,1,2019_Feb_26_1504,FaceNameBlocked,3.0.0,84.78759317
FacesBlock3.xlsx,Kevin.mp4,Kevin.JPG,Kevin,41,0,2,2,2,,,,,0,3,3,11,,,,,,,,0,,0,None,,0,0,1,0.366729225,,,6,1,2019_Feb_26_1504,FaceNameBlocked,3.0.0,84.78759317
FacesBlock1.xlsx,Kyle.mp4,Kyle.JPG,Kyle,4,0,0,0,0,0,14,14,4,,,,,,,1,1,0.545895797,,,,,,,,0,0,,,,,6,1,2019_Feb_26_1504,FaceNameBlocked,3.0.0,84.78759317
FacesBlock1.xlsx,Kyle.mp4,Kyle.JPG,Kyle,4,0,0,0,0,,,,,0,9,9,4,,,,,,,,0,trevor,0,"['t', 'r', 'e', 'v', 'o', 'r']","[2.954377521999959, 3.2484382879999885, 3.4816654310000104, 3.8360851139999568, 4.258170112000016, 4.801470811999934]",[2.9543,2.9543,2,0.367375133,,,6,1,2019_Feb_26_1504,FaceNameBlocked,3.0.0,84.78759317
FacesBlock3.xlsx,Lauren.mp4,Lauren.JPG,Lauren,38,0,2,2,2,0,4,4,8,,,,,,,1,2,0.979007709,,,,,,,,0,0,,,,,6,1,2019_Feb_26_1504,FaceNameBlocked,3.0.0,84.78759317
FacesBlock3.xlsx,Lauren.mp4,Lauren.JPG,Lauren,38,0,2,2,2,,,,,0,11,11,8,,,,,,,,0,kayla,0,"['k', 'a', 'y', 'l', 'a']","[3.47208251699999, 3.72875540300015, 4.013122717999977, 4.47156309900015, 4.647645401000091]",[3.4720,3.472,2,1.343159879,,,6,1,2019_Feb_26_1504,FaceNameBlocked,3.0.0,84.78759317
FacesBlock3.xlsx,Mark.mp4,Mark.JPG,Mark,40,0,2,2,2,0,3,3,10,,,,,,,0,1,1.214512122,,,,,,,,0,0,,,,,6,1,2019_Feb_26_1504,FaceNameBlocked,3.0.0,84.78759317
FacesBlock3.xlsx,Mark.mp4,Mark.JPG,Mark,40,0,2,2,2,,,,,0,14,14,10,,,,,,,,0,,0,None,,0,0,1,0.331302251,,,6,1,2019_Feb_26_1504,FaceNameBlocked,3.0.0,84.78759317
FacesBlock1.xlsx,Matthew.mp4,Matthew.JPG,Matthew,9,0,0,0,0,0,5,5,9,,,,,,,1,1,0.887015219,,,,,,,,0,0,,,,,6,1,2019_Feb_26_1504,FaceNameBlocked,3.0.0,84.78759317
FacesBlock1.xlsx,Matthew.mp4,Matthew.JPG,Matthew,9,0,0,0,0,,,,,0,14,14,9,,,,,,,,0,tyler,0,"['t', 'y', 'l', 'e', 'r']","[4.3656364060000215, 4.553772034999952, 4.753931783999974, 4.919075883999994, 5.188293461999933]",[4.3656,4.3656,1,0.448719447,,,6,1,2019_Feb_26_1504,FaceNameBlocked,3.0.0,84.78759317
FacesBlock2.xlsx,Megan.mp4,Megan.JPG,Megan,25,0,1,1,1,0,4,4,10,,,,,,,0,2,1.2846765,,,,,,,,0,0,,,,,6,1,2019_Feb_26_1504,FaceNameBlocked,3.0.0,84.78759317
FacesBlock2.xlsx,Megan.mp4,Megan.JPG,Megan,25,0,1,1,1,,,,,0,7,7,10,,,,,,,,0,hayley,0,"['h', 'a', 'y', 'l', 'e', 'y']","[3.8012461779999285, 3.989395177999995, 4.1188616740000725, 4.636341122999966, 4.836015207999935, 5.013086810000004]",[3.8012,3.8012,2,0.390093933,,,6,1,2019_Feb_26_1504,FaceNameBlocked,3.0.0,84.78759317
FacesBlock4.xlsx,Michael.mp4,Michael.JPG,Michael,46,0,3,3,3,0,12,12,1,,,,,,,0,1,0.873917977,,,,,,,,0,0,,,,,6,1,2019_Feb_26_1504,FaceNameBlocked,3.0.0,84.78759317
FacesBlock4.xlsx,Michael.mp4,Michael.JPG,Michael,46,0,3,3,3,,,,,0,9,9,1,,,,,,,,0,,0,None,,0,0,1,0.96660478,,,6,1,2019_Feb_26_1504,FaceNameBlocked,3.0.0,84.78759317
FacesBlock4.xlsx,Michelle.mp4,Michelle.JPG,Michelle,52,0,3,3,3,0,14,14,7,,,,,,,0,2,0.884628841,,,,,,,,0,0,,,,,6,1,2019_Feb_26_1504,FaceNameBlocked,3.0.0,84.78759317
FacesBlock4.xlsx,Michelle.mp4,Michelle.JPG,Michelle,52,0,3,3,3,,,,,0,11,11,7,,,,,,,,0,michaela,0,"['m', 'i', 'c', 'h', 'a', 'e', 'l', 'a']","[2.718913192999935, 2.9073607299999367, 3.4483587590000297, 3.67196828200008, 4.377949619999981, 4.636343865000072, 5.30719405800005, 5.494954792000044]",[2.7189,2.7189,4,1.085018922,,,6,1,2019_Feb_26_1504,FaceNameBlocked,3.0.0,84.78759317
FacesBlock1.xlsx,Natalie.mp4,Natalie.JPG,Natalie,7,0,0,0,0,0,9,9,7,,,,,,,0,2,0.535038728,,,,,,,,0,0,,,,,6,1,2019_Feb_26_1504,FaceNameBlocked,3.0.0,84.78759317
FacesBlock1.xlsx,Natalie.mp4,Natalie.JPG,Natalie,7,0,0,0,0,,,,,0,6,6,7,,,,,,,,0,emily ,0,"['e', 'm', 'i', 'l', 'y', 'space']","[2.236944613999981, 2.4010405300000457, 2.6138886530000036, 2.835985513999958, 2.9547099510000407, 3.495238724000046]",[2.2369,2.2369,1,0.447555683,,,6,1,2019_Feb_26_1504,FaceNameBlocked,3.0.0,84.78759317
FacesBlock3.xlsx,Nathan.mp4,Nathan.JPG,Nathan,37,0,2,2,2,0,2,2,7,,,,,,,1,1,1.131932885,,,,,,,,0,0,,,,,6,1,2019_Feb_26_1504,FaceNameBlocked,3.0.0,84.78759317
FacesBlock3.xlsx,Nathan.mp4,Nathan.JPG,Nathan,37,0,2,2,2,,,,,0,4,4,7,,,,,,,,1,nathan,1,"['n', 'a', 't', 'h', 'a', 'n']","[1.4124730559999534, 1.577084634999892, 1.9176387049999448, 2.0938480059999165, 2.435723353999947, 2.63565605399981]",[1.4124,1.4124,4,0.58974979,,,6,1,2019_Feb_26_1504,FaceNameBlocked,3.0.0,84.78759317
FacesBlock3.xlsx,Nicole.mp4,Nicole.JPG,Nicole,43,0,2,2,2,0,9,9,13,,,,,,,1,2,0.508592168,,,,,,,,0,0,,,,,6,1,2019_Feb_26_1504,FaceNameBlocked,3.0.0,84.78759317
FacesBlock3.xlsx,Nicole.mp4,Nicole.JPG,Nicole,43,0,2,2,2,,,,,0,12,12,13,,,,,,,,0,rachel,0,"['r', 'a', 'c', 'h', 'e', 'l']","[4.387974455999938, 4.789565649999986, 5.895102247000068, 6.436169774000064, 6.777311908999991, 7.141585598999882]",[4.3879,4.3879,2,2.258319613,,,6,1,2019_Feb_26_1504,FaceNameBlocked,3.0.0,84.78759317
FacesBlock3.xlsx,Noah.mp4,Noah.JPG,Noah,31,0,2,2,2,0,11,11,1,,,,,,,1,1,1.084706499,,,,,,,,0,0,,,,,6,1,2019_Feb_26_1504,FaceNameBlocked,3.0.0,84.78759317
FacesBlock3.xlsx,Noah.mp4,Noah.JPG,Noah,31,0,2,2,2,,,,,0,10,10,1,,,,,,,,1,noah,1,"['n', 'o', 'a', 'h']","[1.0006674419998944, 1.1887372379999306, 1.3301630779999414, 1.50658475299997]",[1.0006,1.0006,4,0.414314255,,,6,1,2019_Feb_26_1504,FaceNameBlocked,3.0.0,84.78759317
FacesBlock3.xlsx,Olivia.mp4,Olivia.JPG,Olivia,35,0,2,2,2,0,8,8,5,,,,,,,0,2,0.767801121,,,,,,,,0,0,,,,,6,1,2019_Feb_26_1504,FaceNameBlocked,3.0.0,84.78759317
FacesBlock3.xlsx,Olivia.mp4,Olivia.JPG,Olivia,35,0,2,2,2,,,,,0,6,6,5,,,,,,,,1,olivia,1,"['o', 'l', 'i', 'v', 'i', 'a']","[2.508196347999956, 2.6842751479998697, 2.8844249499998114, 3.1194746829999076, 3.213963627999874, 3.3900272359999235]",[2.5081,2.5081,4,0.614064646,,,6,1,2019_Feb_26_1504,FaceNameBlocked,3.0.0,84.78759317
FacesBlock2.xlsx,Rachel.mp4,Rachel.JPG,Rachel,29,0,1,1,1,0,0,0,14,,,,,,,1,2,2.8140888,,,,,,,,0,0,,,,,6,1,2019_Feb_26_1504,FaceNameBlocked,3.0.0,84.78759317
FacesBlock2.xlsx,Rachel.mp4,Rachel.JPG,Rachel,29,0,1,1,1,,,,,0,6,6,14,,,,,,,,0,heather,0,"['h', 'e', 'a', 't', 'h', 'e', 'r']","[1.6815566350001063, 1.8366434869999466, 2.0481928159999825, 2.307354375999921, 2.471942782000042, 2.612650234000057, 2.812656787999913]",[1.6815,1.6815,1,0.90803495,,,6,1,2019_Feb_26_1504,FaceNameBlocked,3.0.0,84.78759317
FacesBlock3.xlsx,Rebecca.mp4,Rebecca.JPG,Rebecca,32,0,2,2,2,0,1,1,2,,,,,,,1,2,2.625605093,,,,,,,,0,0,,,,,6,1,2019_Feb_26_1504,FaceNameBlocked,3.0.0,84.78759317
FacesBlock3.xlsx,Rebecca.mp4,Rebecca.JPG,Rebecca,32,0,2,2,2,,,,,0,2,2,2,,,,,,,,0,heather,0,"['h', 'e', 'a', 't', 'h', 'e', 'r']","[8.340859750999925, 8.764210299999831, 8.91525901099999, 9.140746657999898, 9.281900729999961, 9.446894597999972, 9.646681388999923]",[8.3408,8.3408,4,1.048167958,,,6,1,2019_Feb_26_1504,FaceNameBlocked,3.0.0,84.78759317
FacesBlock3.xlsx,Sarah.mp4,Sarah.JPG,Sarah,33,0,2,2,2,0,10,10,3,,,,,,,1,2,0.30595433,,,,,,,,0,0,,,,,6,1,2019_Feb_26_1504,FaceNameBlocked,3.0.0,84.78759317
FacesBlock3.xlsx,Sarah.mp4,Sarah.JPG,Sarah,33,0,2,2,2,,,,,0,5,5,3,,,,,,,,1,sarah,1,"['s', 'a', 'r', 'a', 'h']","[1.213845818999971, 1.6941298199999437, 1.9547603849998723, 2.1539255519999188, 2.390078633999792]",[1.2138,1.2138,4,0.672888119,,,6,1,2019_Feb_26_1504,FaceNameBlocked,3.0.0,84.78759317
FacesBlock3.xlsx,Shelby.mp4,Shelby.JPG,Shelby,36,0,2,2,2,0,7,7,6,,,,,,,0,2,1.119881781,,,,,,,,0,0,,,,,6,1,2019_Feb_26_1504,FaceNameBlocked,3.0.0,84.78759317
FacesBlock3.xlsx,Shelby.mp4,Shelby.JPG,Shelby,36,0,2,2,2,,,,,0,7,7,6,,,,,,,,1,shelby,1,"['s', 'h', 'e', 'l', 'b', 'y']","[1.1648172239999894, 1.460965612000109, 1.7899090900000374, 1.9782733250001456, 2.284160209999982, 2.413129142000116]",[1.1648,1.1648,4,0.425302502,,,6,1,2019_Feb_26_1504,FaceNameBlocked,3.0.0,84.78759317
FacesBlock2.xlsx,Steven.mp4,Steven.JPG,Steven,17,0,1,1,1,0,9,9,2,,,,,,,0,1,0.437990539,,,,,,,,0,0,,,,,6,1,2019_Feb_26_1504,FaceNameBlocked,3.0.0,84.78759317
FacesBlock2.xlsx,Steven.mp4,Steven.JPG,Steven,17,0,1,1,1,,,,,0,0,0,2,,,,,,space,9.06976858,0,tyler,0,"['t', 'y', 'l', 'e', 'r']","[2.3553412290000324, 2.6023839810000027, 2.836645712000063, 3.5897004849999803, 3.8842111369999657]",[2.3553,2.3553,3,0.990351459,,,6,1,2019_Feb_26_1504,FaceNameBlocked,3.0.0,84.78759317
FacesBlock4.xlsx,Taylor.mp4,Taylor.JPG,Taylor,45,0,3,3,3,0,3,3,0,,,,,,,1,2,0.626626865,,,,,,,,0,0,,,,,6,1,2019_Feb_26_1504,FaceNameBlocked,3.0.0,84.78759317
FacesBlock4.xlsx,Taylor.mp4,Taylor.JPG,Taylor,45,0,3,3,3,,,,,0,7,7,0,,,,,,,,1,taylor,1,"['t', 'a', 'y', 'l', 'o', 'r']","[2.236764894000089, 2.7171222649999436, 3.3420320000000174, 3.612868621999951, 3.847447283000065, 4.012583415000108]",[2.2367,2.2367,3,0.883930912,,,6,1,2019_Feb_26_1504,FaceNameBlocked,3.0.0,84.78759317
FacesBlock3.xlsx,Thomas.mp4,Thomas.JPG,Thomas,44,0,2,2,2,0,13,13,14,,,,,,,1,1,0.649443884,,,,,,,,0,0,,,,,6,1,2019_Feb_26_1504,FaceNameBlocked,3.0.0,84.78759317
FacesBlock3.xlsx,Thomas.mp4,Thomas.JPG,Thomas,44,0,2,2,2,,,,,0,1,1,14,,,,,,,,1,thomas,1,"['t', 'h', 'o', 'm', 'a', 's']","[1.2250724489999811, 1.378512752000006, 1.8489660230000027, 2.413412922000134, 3.0840953790000185, 3.2838387189999594]",[1.2250,1.225,4,0.825681846,,,6,1,2019_Feb_26_1504,FaceNameBlocked,3.0.0,84.78759317
FacesBlock1.xlsx,Timothy.mp4,Timothy.JPG,Timothy,10,0,0,0,0,0,11,11,10,,,,,,,0,1,0.639943158,,,,,,,,0,0,,,,,6,1,2019_Feb_26_1504,FaceNameBlocked,3.0.0,84.78759317
FacesBlock1.xlsx,Timothy.mp4,Timothy.JPG,Timothy,10,0,0,0,0,,,,,0,12,12,10,,,,,,,,0,david,0,"['d', 'a', 'v', 'i', 'd']","[4.057747185000039, 4.99844736, 5.5755565860000615, 5.892714528000056, 6.045399052999983]",[4.0577,4.0577,1,0.519177928,,,6,1,2019_Feb_26_1504,FaceNameBlocked,3.0.0,84.78759317
FacesBlock2.xlsx,Trevor.mp4,Trevor.JPG,Trevor,21,0,1,1,1,0,10,10,6,,,,,,,1,1,0.696437806,,,,,,,,0,0,,,,,6,1,2019_Feb_26_1504,FaceNameBlocked,3.0.0,84.78759317
FacesBlock2.xlsx,Trevor.mp4,Trevor.JPG,Trevor,21,0,1,1,1,,,,,0,5,5,6,,,,,,,,1,trevor,1,"['t', 'r', 'e', 'v', 'o', 'r']","[3.5542201760001717, 4.248215443000163, 4.459471244000042, 4.965356051000072, 5.365311471000041, 6.012170668000181]",[3.5542,3.5542,1,0.588109698,,,6,1,2019_Feb_26_1504,FaceNameBlocked,3.0.0,84.78759317
FacesBlock2.xlsx,Tyler.mp4,Tyler.JPG,Tyler,22,0,1,1,1,0,7,7,7,,,,,,,1,2,0.894211466,,,,,,,,0,0,,,,,6,1,2019_Feb_26_1504,FaceNameBlocked,3.0.0,84.78759317
FacesBlock2.xlsx,Tyler.mp4,Tyler.JPG,Tyler,22,0,1,1,1,,,,,0,4,4,7,,,,,,,,0,jared,0,"['j', 'a', 'r', 'e', 'd']","[3.7789520869999933, 3.9194392919999927, 4.248998790999963, 4.472039344999985, 4.672272023000005]",[3.7789,3.7789,1,0.882747612,,,6,1,2019_Feb_26_1504,FaceNameBlocked,3.0.0,84.78759317
,,,,,,,,,,,,,,,,,space,28.82182397,,,,,,,,,,,,,,,,,6,1,2019_Feb_26_1504,FaceNameBlocked,3.0.0,84.78759317
,,,,,,,,,,,,,,,,,,,,,,,,,,,,,,,,,space,806.9750601,6,1,2019_Feb_26_1504,FaceNameBlocked,3.0.0,84.78759317