condsFile,Video,Photo,Name,Row,blocks.thisRepN,blocks.thisTrialN,blocks.thisN,blocks.thisIndex,presentations.thisRepN,presentations.thisTrialN,presentations.thisN,presentations.thisIndex,testing.thisRepN,testing.thisTrialN,testing.thisN,testing.thisIndex,advance_1.keys,advance_1.rt,currentCond,judgementResp.keys,judgementResp.rt,advance_2.keys,advance_2.rt,CorrectResponses,inputText,Accuracy,key_resp_3.keys,key_resp_3.rt,trim1,key_resp3_fin,rating_resp.keys,rating_resp.rt,end_key.keys,end_key.rt,participant,session,date,expName,psychopyVersion,frameRate
FacesBlock2.xlsx,Aaron.mp4,Aaron.JPG,Aaron,18,0,1,1,1,0,6,6,3,,,,,,,1,1,0.686561381,,,,,,,,0,0,,,,,8,1,2019_Feb_27_1400,FaceNameBlocked,3.0.0,60.01795053
FacesBlock2.xlsx,Aaron.mp4,Aaron.JPG,Aaron,18,0,1,1,1,,,,,0,10,10,3,,,,,,,,0,trevor,0,"['t', 'r', 'e', 'v', 'o', 'r']","[1.9180308689974481, 2.1182301489898236, 2.367881153986673, 2.6517640899983235, 3.1350959009869257, 3.3683919799950672]",[1.9180,1.918,3,0.716879452,,,8,1,2019_Feb_27_1400,FaceNameBlocked,3.0.0,60.01795053
FacesBlock1.xlsx,Adam.mp4,Adam.JPG,Adam,5,0,0,0,0,0,10,10,5,,,,,,,1,1,4.550879611,,,,,,,,0,0,,,,,8,1,2019_Feb_27_1400,FaceNameBlocked,3.0.0,60.01795053
FacesBlock1.xlsx,Adam.mp4,Adam.JPG,Adam,5,0,0,0,0,,,,,0,4,4,5,,,,,,,,0,david,0,"['d', 'a', 'v', 'o', 'backspace', 'i', 'd']","[6.033473698000307, 6.066546551999636, 6.383600943998317, 7.299670469990815, 7.715174210999976, 8.266261479002424, 8.516004514996894]",[6.0334,6.0334,1,2.3672933,,,8,1,2019_Feb_27_1400,FaceNameBlocked,3.0.0,60.01795053
FacesBlock4.xlsx,Alyssa.mp4,Alyssa.JPG,Alyssa,55,0,3,3,3,0,10,10,10,,,,,,,0,2,1.269190626,,,,,,,,0,0,,,,,8,1,2019_Feb_27_1400,FaceNameBlocked,3.0.0,60.01795053
FacesBlock4.xlsx,Alyssa.mp4,Alyssa.JPG,Alyssa,55,0,3,3,3,,,,,0,6,6,10,,,,,,,,0,taylor,0,"['t', 'a', 'y', 'l', 'o', 'r']","[5.08413545100484, 5.40096681000432, 5.566605954008992, 6.133376199999475, 6.349554337008158, 6.483740322000813]",[5.0841,5.0841,2,0.333630878,,,8,1,2019_Feb_27_1400,FaceNameBlocked,3.0.0,60.01795053
FacesBlock1.xlsx,Amanda.mp4,Amanda.JPG,Amanda,2,0,0,0,0,0,1,1,2,,,,,,,1,2,0.536732158,,,,,,,,0,0,,,,,8,1,2019_Feb_27_1400,FaceNameBlocked,3.0.0,60.01795053
FacesBlock1.xlsx,Amanda.mp4,Amanda.JPG,Amanda,2,0,0,0,0,,,,,0,11,11,2,,,,,,,,0,,0,None,,0,0,1,0.602258789,,,8,1,2019_Feb_27_1400,FaceNameBlocked,3.0.0,60.01795053
FacesBlock4.xlsx,Andrew.mp4,Andrew.JPG,Andrew,51,0,3,3,3,0,14,14,6,,,,,,,0,1,0.769396706,,,,,,,,0,0,,,,,8,1,2019_Feb_27_1400,FaceNameBlocked,3.0.0,60.01795053
FacesBlock4.xlsx,Andrew.mp4,Andrew.JPG,Andrew,51,0,3,3,3,,,,,0,11,11,6,,,,,,,,0,mathew,0,"['m', 'a', 't', 'h', 'e', 'w']","[4.934414207004011, 5.650623768000514, 6.117178454005625, 6.3664695490006125, 6.867100723000476, 7.016682969013345]",[4.9344,4.9344,1,0.451736998,,,8,1,2019_Feb_27_1400,FaceNameBlocked,3.0.0,60.01795053
FacesBlock4.xlsx,Anna.mp4,Anna.JPG,Anna,47,0,3,3,3,0,2,2,2,,,,,,,1,2,1.236464459,,,,,,,,0,0,,,,,8,1,2019_Feb_27_1400,FaceNameBlocked,3.0.0,60.01795053
FacesBlock4.xlsx,Anna.mp4,Anna.JPG,Anna,47,0,3,3,3,,,,,0,12,12,2,,,,,,,,0,,0,None,,0,0,1,0.935351136,,,8,1,2019_Feb_27_1400,FaceNameBlocked,3.0.0,60.01795053
FacesBlock2.xlsx,Ashley.mp4,Ashley.JPG,Ashley,24,0,1,1,1,0,3,3,9,,,,,,,1,2,0.719622608,,,,,,,,0,0,,,,,8,1,2019_Feb_27_1400,FaceNameBlocked,3.0.0,60.01795053
FacesBlock2.xlsx,Ashley.mp4,Ashley.JPG,Ashley,24,0,1,1,1,,,,,0,13,13,9,,,,,,,,0,jessica,0,"['j', 'e', 's', 's', 'i', 'c', 'a']","[4.00085416699585, 4.200931621991913, 4.500004565998097, 4.750702252989868, 4.917502979995334, 5.350353269997868, 5.766170390998013]",[4.0008,4.0008,1,1.301540421,,,8,1,2019_Feb_27_1400,FaceNameBlocked,3.0.0,60.01795053
FacesBlock1.xlsx,Bradley.mp4,Bradley.JPG,Bradley,14,0,0,0,0,0,2,2,14,,,,,,,0,1,0.653198597,,,,,,,,0,0,,,,,8,1,2019_Feb_27_1400,FaceNameBlocked,3.0.0,60.01795053
FacesBlock1.xlsx,Bradley.mp4,Bradley.JPG,Bradley,14,0,0,0,0,,,,,0,5,5,14,,,,,,,,0,,0,None,,0,0,1,0.533839001,,,8,1,2019_Feb_27_1400,FaceNameBlocked,3.0.0,60.01795053
FacesBlock4.xlsx,Brandon.mp4,Brandon.JPG,Brandon,56,0,3,3,3,0,0,0,11,,,,,,,0,1,8.749296181,,,,,,,,0,0,,,,,8,1,2019_Feb_27_1400,FaceNameBlocked,3.0.0,60.01795053
FacesBlock4.xlsx,Brandon.mp4,Brandon.JPG,Brandon,56,0,3,3,3,,,,,0,9,9,11,,,,,,,,0,,0,None,,0,0,1,0.485630577,,,8,1,2019_Feb_27_1400,FaceNameBlocked,3.0.0,60.01795053
FacesBlock4.xlsx,Brian.mp4,Brian.JPG,Brian,53,0,3,3,3,0,1,1,8,,,,,,,0,1,1.501652052,,,,,,,,0,0,,,,,8,1,2019_Feb_27_1400,FaceNameBlocked,3.0.0,60.01795053
FacesBlock4.xlsx,Brian.mp4,Brian.JPG,Brian,53,0,3,3,3,,,,,0,0,0,8,,,,,,space,4.234436611,0,kevin,0,"['e', 'k', 'backspace', 'backspace', 'backspace', 'k', 'e', 'v', 'i', 'n']","[4.384362508993945, 4.551094075999572, 5.266979390988126, 5.466776030996698, 5.616791722990456, 6.183378178990097, 6.3335242189932615, 6.617029781991732, 6.733566733993939, 6.9834498099953635]",[4.3843,4.3843,1,1.484936875,,,8,1,2019_Feb_27_1400,FaceNameBlocked,3.0.0,60.01795053
FacesBlock4.xlsx,Brianna.mp4,Brianna.JPG,Brianna,48,0,3,3,3,0,8,8,3,,,,,,,1,2,1.119043211,,,,,,,,0,0,,,,,8,1,2019_Feb_27_1400,FaceNameBlocked,3.0.0,60.01795053
FacesBlock4.xlsx,Brianna.mp4,Brianna.JPG,Brianna,48,0,3,3,3,,,,,0,13,13,3,,,,,,,,0,natalie,0,"['n', 'a', 't', 'a', 'l', 'i', 'e']","[3.068477608001558, 3.3505749619944254, 3.6512672509998083, 3.8178842500055907, 3.9682617030048277, 4.165681931001018, 4.3176973660010844]",[3.0684,3.0684,1,0.48517401,,,8,1,2019_Feb_27_1400,FaceNameBlocked,3.0.0,60.01795053
FacesBlock2.xlsx,Brittany.mp4,Brittany.JPG,Brittany,28,0,1,1,1,0,14,14,13,,,,,,,1,2,0.786034034,,,,,,,,0,0,,,,,8,1,2019_Feb_27_1400,FaceNameBlocked,3.0.0,60.01795053
FacesBlock2.xlsx,Brittany.mp4,Brittany.JPG,Brittany,28,0,1,1,1,,,,,0,7,7,13,,,,,,,,0,,0,None,,0,0,1,1.385348632,,,8,1,2019_Feb_27_1400,FaceNameBlocked,3.0.0,60.01795053
FacesBlock4.xlsx,Caleb.mp4,Caleb.JPG,Caleb,59,0,3,3,3,0,3,3,14,,,,,,,1,1,1.152599316,,,,,,,,0,0,,,,,8,1,2019_Feb_27_1400,FaceNameBlocked,3.0.0,60.01795053
FacesBlock4.xlsx,Caleb.mp4,Caleb.JPG,Caleb,59,0,3,3,3,,,,,0,10,10,14,,,,,,,,0,andrew,0,"['a', 'n', 'd', 'r', 'e', 'w']","[4.184985209998558, 4.385410508999485, 4.518123645990272, 4.884364679994178, 5.117920398988645, 5.401255951001076]",[4.1849,4.1849,2,1.485016897,,,8,1,2019_Feb_27_1400,FaceNameBlocked,3.0.0,60.01795053
FacesBlock2.xlsx,Cody.mp4,Cody.JPG,Cody,23,0,1,1,1,0,1,1,8,,,,,,,1,1,1.049749383,,,,,,,,0,0,,,,,8,1,2019_Feb_27_1400,FaceNameBlocked,3.0.0,60.01795053
FacesBlock2.xlsx,Cody.mp4,Cody.JPG,Cody,23,0,1,1,1,,,,,0,1,1,8,,,,,,,,0,david,0,"['j', 'o', 's', 'h', 'backspace', 'backspace', 'backspace', 'backspace', 'backspace', 'd', 'a', 'v', 'i', 'd']","[3.6177313450025395, 3.9840469830087386, 4.400212902008207, 4.733972036003252, 7.082444793006289, 7.281755470001372, 7.430957988006412, 7.582656526006758, 7.6988851920032175, 8.149371526000323, 8.39915485100937, 8.69905957300216, 8.832386711001163, 9.049134057000629]",[3.6177,3.6177,3,2.934084058,,,8,1,2019_Feb_27_1400,FaceNameBlocked,3.0.0,60.01795053
FacesBlock3.xlsx,Courtney.mp4,Courtney.JPG,Courtney,42,0,2,2,2,0,14,14,12,,,,,,,1,2,0.700131554,,,,,,,,0,0,,,,,8,1,2019_Feb_27_1400,FaceNameBlocked,3.0.0,60.01795053
FacesBlock3.xlsx,Courtney.mp4,Courtney.JPG,Courtney,42,0,2,2,2,,,,,0,12,12,12,,,,,,,,0,,0,None,,0,0,1,1.201175748,,,8,1,2019_Feb_27_1400,FaceNameBlocked,3.0.0,60.01795053
FacesBlock3.xlsx,Daniel.mp4,Daniel.JPG,Daniel,30,0,2,2,2,0,4,4,0,,,,,,,0,1,1.48549593,,,,,,,,0,0,,,,,8,1,2019_Feb_27_1400,FaceNameBlocked,3.0.0,60.01795053
FacesBlock3.xlsx,Daniel.mp4,Daniel.JPG,Daniel,30,0,2,2,2,,,,,0,13,13,0,,,,,,,,0,,0,None,,0,0,1,8.216143996,,,8,1,2019_Feb_27_1400,FaceNameBlocked,3.0.0,60.01795053
FacesBlock1.xlsx,Danielle.mp4,Danielle.JPG,Danielle,3,0,0,0,0,0,14,14,3,,,,,,,0,2,0.269852227,,,,,,,,0,0,,,,,8,1,2019_Feb_27_1400,FaceNameBlocked,3.0.0,60.01795053
FacesBlock1.xlsx,Danielle.mp4,Danielle.JPG,Danielle,3,0,0,0,0,,,,,0,10,10,3,,,,,,,,0,ashley,0,"['a', 's', 'h', 'l', 'e', 'y']","[6.167315041006077, 6.4337940190016525, 6.7675027799996315, 7.983430681008031, 8.233665103005478, 8.81680737399438]",[6.1673,6.1673,1,0.752463807,,,8,1,2019_Feb_27_1400,FaceNameBlocked,3.0.0,60.01795053
FacesBlock2.xlsx,David.mp4,David.JPG,David,16,0,1,1,1,0,12,12,1,,,,,,,0,1,0.636005664,,,,,,,,0,0,,,,,8,1,2019_Feb_27_1400,FaceNameBlocked,3.0.0,60.01795053
FacesBlock2.xlsx,David.mp4,David.JPG,David,16,0,1,1,1,,,,,0,14,14,1,,,,,,,,0,cody,0,"['c', 'o', 'd', 'y']","[4.3345373699994525, 4.467312282999046, 5.43399440900248, 5.550883628005977]",[4.3345,4.3345,1,1.183644836,,,8,1,2019_Feb_27_1400,FaceNameBlocked,3.0.0,60.01795053
FacesBlock4.xlsx,Dylan.mp4,Dylan.JPG,Dylan,50,0,3,3,3,0,6,6,5,,,,,,,0,1,3.769026994,,,,,,,,0,0,,,,,8,1,2019_Feb_27_1400,FaceNameBlocked,3.0.0,60.01795053
FacesBlock4.xlsx,Dylan.mp4,Dylan.JPG,Dylan,50,0,3,3,3,,,,,0,8,8,5,,,,,,,,0,,0,None,,0,0,1,0.568592798,,,8,1,2019_Feb_27_1400,FaceNameBlocked,3.0.0,60.01795053
FacesBlock4.xlsx,Emily.mp4,Emily.JPG,Emily,57,0,3,3,3,0,4,4,12,,,,,,,0,2,0.752786138,,,,,,,,0,0,,,,,8,1,2019_Feb_27_1400,FaceNameBlocked,3.0.0,60.01795053
FacesBlock4.xlsx,Emily.mp4,Emily.JPG,Emily,57,0,3,3,3,,,,,0,7,7,12,,,,,,,,0,madison,0,"['m', 'a', 'd', 'i', 's', 'o', 'n']","[3.7844694340019487, 3.9005342579912394, 4.133825218988932, 4.23410370000056, 4.733485453994945, 4.867426386001171, 5.166710427001817]",[3.7844,3.7844,1,0.418827762,,,8,1,2019_Feb_27_1400,FaceNameBlocked,3.0.0,60.01795053
FacesBlock1.xlsx,Eric.mp4,Eric.JPG,Eric,0,0,0,0,0,0,4,4,0,,,,,,,1,1,0.586419506,,,,,,,,0,0,,,,,8,1,2019_Feb_27_1400,FaceNameBlocked,3.0.0,60.01795053
FacesBlock1.xlsx,Eric.mp4,Eric.JPG,Eric,0,0,0,0,0,,,,,0,1,1,0,,,,,,,,1,eric,1,"['e', 'r', 'i', 'c']","[1.985124151004129, 2.252246455012937, 2.502428909006994, 2.7167789500090294]",[1.9851,1.9851,4,1.384659995,,,8,1,2019_Feb_27_1400,FaceNameBlocked,3.0.0,60.01795053
FacesBlock1.xlsx,Ethan.mp4,Ethan.JPG,Ethan,11,0,0,0,0,0,3,3,11,,,,,,,1,1,0.83614341,,,,,,,,0,0,,,,,8,1,2019_Feb_27_1400,FaceNameBlocked,3.0.0,60.01795053
FacesBlock1.xlsx,Ethan.mp4,Ethan.JPG,Ethan,11,0,0,0,0,,,,,0,6,6,11,,,,,,,,1,ethan,1,"['e', 't', 'h', 'a', 'n']","[1.7850950169959106, 1.9019024400040507, 2.717727319992264, 2.934762396005681, 3.1509914030029904]",[1.7850,1.785,4,1.434810977,,,8,1,2019_Feb_27_1400,FaceNameBlocked,3.0.0,60.01795053
FacesBlock4.xlsx,Grace.mp4,Grace.JPG,Grace,58,0,3,3,3,0,11,11,13,,,,,,,1,2,1.168703807,,,,,,,,0,0,,,,,8,1,2019_Feb_27_1400,FaceNameBlocked,3.0.0,60.01795053
FacesBlock4.xlsx,Grace.mp4,Grace.JPG,Grace,58,0,3,3,3,,,,,0,2,2,13,,,,,,,,1,grace,1,"['g', 'r', 'a', 'c', 'e']","[1.6851646569994045, 1.834683363995282, 2.3017498760018498, 2.4018812549911672, 2.6182849850010825]",[1.6851,1.6851,4,0.518802212,,,8,1,2019_Feb_27_1400,FaceNameBlocked,3.0.0,60.01795053
FacesBlock2.xlsx,Haley.mp4,Haley.JPG,Haley,20,0,1,1,1,0,8,8,5,,,,,,,1,2,0.486271338,,,,,,,,0,0,,,,,8,1,2019_Feb_27_1400,FaceNameBlocked,3.0.0,60.01795053
FacesBlock2.xlsx,Haley.mp4,Haley.JPG,Haley,20,0,1,1,1,,,,,0,5,5,5,,,,,,,,0,heather,0,"['h', 'e', 'a', 't', 'h', 'e', 'r']","[6.250728150989744, 6.383237543996074, 6.683931695995852, 6.85029938200023, 7.114361546002328, 7.249870639992878, 7.399434095001197]",[6.2507,6.2507,1,1.068759472,,,8,1,2019_Feb_27_1400,FaceNameBlocked,3.0.0,60.01795053
FacesBlock1.xlsx,Hannah.mp4,Hannah.JPG,Hannah,1,0,0,0,0,0,12,12,1,,,,,,,0,2,0.200633619,,,,,,,,0,0,,,,,8,1,2019_Feb_27_1400,FaceNameBlocked,3.0.0,60.01795053
FacesBlock1.xlsx,Hannah.mp4,Hannah.JPG,Hannah,1,0,0,0,0,,,,,0,7,7,1,,,,,,,,0,jessica,0,"['j', 'e', 's', 's', 'i', 'c', 'a']","[2.2181401000125334, 2.6179949450015556, 2.8670955330017023, 3.018019435010501, 3.6175579170085257, 3.9507827019988326, 4.234207640009117]",[2.2181,2.2181,3,1.401448458,,,8,1,2019_Feb_27_1400,FaceNameBlocked,3.0.0,60.01795053
FacesBlock2.xlsx,Heather.mp4,Heather.JPG,Heather,26,0,1,1,1,0,5,5,11,,,,,,,1,2,0.602029843,,,,,,,,0,0,,,,,8,1,2019_Feb_27_1400,FaceNameBlocked,3.0.0,60.01795053
FacesBlock2.xlsx,Heather.mp4,Heather.JPG,Heather,26,0,1,1,1,,,,,0,8,8,11,,,,,,,,1,heather,1,"['h', 'e', 'a', 't', 'h', 'e', 'r']","[4.1683899909985485, 4.335308359994087, 4.817467950997525, 5.317566023994004, 5.617787789989961, 5.817264951998368, 6.700753140990855]",[4.1683,4.1683,3,1.682676217,,,8,1,2019_Feb_27_1400,FaceNameBlocked,3.0.0,60.01795053
FacesBlock3.xlsx,Jacob.mp4,Jacob.JPG,Jacob,39,0,2,2,2,0,11,11,9,,,,,,,1,1,0.386206232,,,,,,,,0,0,,,,,8,1,2019_Feb_27_1400,FaceNameBlocked,3.0.0,60.01795053
FacesBlock3.xlsx,Jacob.mp4,Jacob.JPG,Jacob,39,0,2,2,2,,,,,0,6,6,9,,,,,,,,0,daniel,0,"['d', 'a', 'n', 'i', 'e', 'l']","[4.567365623996011, 4.817480251993402, 5.099696992998361, 5.217151037999429, 5.417079508988536, 6.11654996399011]",[4.5673,4.5673,1,1.28529346,,,8,1,2019_Feb_27_1400,FaceNameBlocked,3.0.0,60.01795053
FacesBlock4.xlsx,Jason.mp4,Jason.JPG,Jason,49,0,3,3,3,0,5,5,4,,,,,,,1,1,0.569269891,,,,,,,,0,0,,,,,8,1,2019_Feb_27_1400,FaceNameBlocked,3.0.0,60.01795053
FacesBlock4.xlsx,Jason.mp4,Jason.JPG,Jason,49,0,3,3,3,,,,,0,14,14,4,,,,,,,,1,jason,1,"['j', 'a', 's', 'o', 'n']","[2.318084390994045, 2.517188787998748, 2.668102433992317, 2.8169537799985847, 3.0512627239950234]",[2.3180,2.318,2,1.484278189,,,8,1,2019_Feb_27_1400,FaceNameBlocked,3.0.0,60.01795053
FacesBlock1.xlsx,Jenna.mp4,Jenna.JPG,Jenna,6,0,0,0,0,0,6,6,6,,,,,,,0,2,0.569542604,,,,,,,,0,0,,,,,8,1,2019_Feb_27_1400,FaceNameBlocked,3.0.0,60.01795053
FacesBlock1.xlsx,Jenna.mp4,Jenna.JPG,Jenna,6,0,0,0,0,,,,,0,12,12,6,,,,,,,,0,,0,None,,0,0,1,0.668459729,,,8,1,2019_Feb_27_1400,FaceNameBlocked,3.0.0,60.01795053
FacesBlock2.xlsx,Jeremy.mp4,Jeremy.JPG,Jeremy,15,0,1,1,1,0,7,7,0,,,,,,,0,1,0.586014686,,,,,,,,0,0,,,,,8,1,2019_Feb_27_1400,FaceNameBlocked,3.0.0,60.01795053
FacesBlock2.xlsx,Jeremy.mp4,Jeremy.JPG,Jeremy,15,0,1,1,1,,,,,0,3,3,0,,,,,,,,0,trev,0,"['e', 'r', 'i', 'c', 'backspace', 'backspace', 'backspace', 'backspace', 'backspace', 'r', 'backspace', 't', 'r', 'e', 'v']","[4.9504968429973815, 5.233971263995045, 5.382345899997745, 5.650417319993721, 6.583293055999093, 6.7830066139867995, 6.966383154998766, 7.115480337000918, 7.28285773198877, 7.816662598997937, 8.415682672988623, 8.766294822999043, 8.949308637995273, 9.199548507996951, 9.767436627997085]",[4.9504,4.9504,1,3.117260143,,,8,1,2019_Feb_27_1400,FaceNameBlocked,3.0.0,60.01795053
FacesBlock1.xlsx,Jessica.mp4,Jessica.JPG,Jessica,8,0,0,0,0,0,11,11,8,,,,,,,0,2,0.385743946,,,,,,,,0,0,,,,,8,1,2019_Feb_27_1400,FaceNameBlocked,3.0.0,60.01795053
FacesBlock1.xlsx,Jessica.mp4,Jessica.JPG,Jessica,8,0,0,0,0,,,,,0,9,9,8,,,,,,,,0,erica,0,"['e', 'r', 'i', 'c', 'a']","[4.850638937001349, 5.083556103010778, 5.233941149010207, 5.53394194401335, 5.8335676370043075]",[4.8506,4.8506,1,0.369005016,,,8,1,2019_Feb_27_1400,FaceNameBlocked,3.0.0,60.01795053
FacesBlock2.xlsx,Josh.mp4,Josh.JPG,Josh,19,0,1,1,1,0,11,11,4,,,,,,,0,1,0.73636665,,,,,,,,0,0,,,,,8,1,2019_Feb_27_1400,FaceNameBlocked,3.0.0,60.01795053
FacesBlock2.xlsx,Josh.mp4,Josh.JPG,Josh,19,0,1,1,1,,,,,0,9,9,4,,,,,,,,1,josh,1,"['j', 'o', 's', 'h']","[1.9353539150033612, 2.1693560580024496, 2.5020228089997545, 2.635012407990871]",[1.9353,1.9353,3,1.351860587,,,8,1,2019_Feb_27_1400,FaceNameBlocked,3.0.0,60.01795053
FacesBlock1.xlsx,Julia.mp4,Julia.JPG,Julia,13,0,0,0,0,0,13,13,13,,,,,,,1,2,0.252346946,,,,,,,,0,0,,,,,8,1,2019_Feb_27_1400,FaceNameBlocked,3.0.0,60.01795053
FacesBlock1.xlsx,Julia.mp4,Julia.JPG,Julia,13,0,0,0,0,,,,,0,13,13,13,,,,,,,,0,,0,None,,0,0,1,0.485194182,,,8,1,2019_Feb_27_1400,FaceNameBlocked,3.0.0,60.01795053
FacesBlock2.xlsx,Justin.mp4,Justin.JPG,Justin,27,0,1,1,1,0,2,2,12,,,,,,,0,1,1.452799878,,,,,,,,0,0,,,,,8,1,2019_Feb_27_1400,FaceNameBlocked,3.0.0,60.01795053
FacesBlock2.xlsx,Justin.mp4,Justin.JPG,Justin,27,0,1,1,1,,,,,0,11,11,12,,,,,,,,0,,0,None,,0,0,1,1.701994766,,,8,1,2019_Feb_27_1400,FaceNameBlocked,3.0.0,60.01795053
FacesBlock4.xlsx,Katie.mp4,Katie.JPG,Katie,54,0,3,3,3,0,13,13,9,,,,,,,1,2,0.785680094,,,,,,,,0,0,,,,,8,1,2019_Feb_27_1400,FaceNameBlocked,3.0.0,60.01795053
FacesBlock4.xlsx,Katie.mp4,Katie.JPG,Katie,54,0,3,3,3,,,,,0,1,1,9,,,,,,,,0,michelle,0,"['m', 'i', 'c', 'h', 'e', 'l', 'l', 'e']","[1.5690299489942845, 1.9684811269980855, 2.2519908209942514, 2.5849447780055925, 2.8348193139972864, 3.151505593996262, 3.3348662210046314, 3.501588550003362]",[1.5690,1.569,3,0.418484431,,,8,1,2019_Feb_27_1400,FaceNameBlocked,3.0.0,60.01795053
FacesBlock3.xlsx,Kayla.mp4,Kayla.JPG,Kayla,34,0,2,2,2,0,13,13,4,,,,,,,0,2,0.869616273,,,,,,,,0,0,,,,,8,1,2019_Feb_27_1400,FaceNameBlocked,3.0.0,60.01795053
FacesBlock3.xlsx,Kayla.mp4,Kayla.JPG,Kayla,34,0,2,2,2,,,,,0,3,3,4,,,,,,,,0,,0,None,,0,0,1,0.835493048,,,8,1,2019_Feb_27_1400,FaceNameBlocked,3.0.0,60.01795053
FacesBlock1.xlsx,Kelsey.mp4,Kelsey.JPG,Kelsey,12,0,0,0,0,0,5,5,12,,,,,,,1,2,0.536005005,,,,,,,,0,0,,,,,8,1,2019_Feb_27_1400,FaceNameBlocked,3.0.0,60.01795053
FacesBlock1.xlsx,Kelsey.mp4,Kelsey.JPG,Kelsey,12,0,0,0,0,,,,,0,14,14,12,,,,,,,,0,,0,None,,0,0,1,0.452240405,,,8,1,2019_Feb_27_1400,FaceNameBlocked,3.0.0,60.01795053
FacesBlock3.xlsx,Kevin.mp4,Kevin.JPG,Kevin,41,0,2,2,2,0,7,7,11,,,,,,,1,1,0.736081537,,,,,,,,0,0,,,,,8,1,2019_Feb_27_1400,FaceNameBlocked,3.0.0,60.01795053
FacesBlock3.xlsx,Kevin.mp4,Kevin.JPG,Kevin,41,0,2,2,2,,,,,0,14,14,11,,,,,,,,1,kevin,1,"['k', 'e', 'v', 'i', 'n']","[3.5186412920011207, 3.7183788809925318, 4.051378447999014, 4.351991731004091, 4.601099071995122]",[3.5186,3.5186,1,8.199838038,,,8,1,2019_Feb_27_1400,FaceNameBlocked,3.0.0,60.01795053
FacesBlock1.xlsx,Kyle.mp4,Kyle.JPG,Kyle,4,0,0,0,0,0,7,7,4,,,,,,,1,1,0.486096982,,,,,,,,0,0,,,,,8,1,2019_Feb_27_1400,FaceNameBlocked,3.0.0,60.01795053
FacesBlock1.xlsx,Kyle.mp4,Kyle.JPG,Kyle,4,0,0,0,0,,,,,0,0,0,4,,,,,,space,21.26139697,1,kyle,1,"['capslock', 'k', 'y', 'l', 'e', '4', 'backspace']","[2.083370788997854, 2.150391089002369, 2.4521218489971943, 3.218303204004769, 3.351714599004481, 5.500262467990979, 6.466247791991918]",[2.0833,2.0833,4,2.086030721,,,8,1,2019_Feb_27_1400,FaceNameBlocked,3.0.0,60.01795053
FacesBlock3.xlsx,Lauren.mp4,Lauren.JPG,Lauren,38,0,2,2,2,0,10,10,8,,,,,,,1,2,0.819378009,,,,,,,,0,0,,,,,8,1,2019_Feb_27_1400,FaceNameBlocked,3.0.0,60.01795053
FacesBlock3.xlsx,Lauren.mp4,Lauren.JPG,Lauren,38,0,2,2,2,,,,,0,2,2,8,,,,,,,,0,rachel,0,"['r', 'a', 'c', 'h', 'e', 'l']","[4.217382949005696, 4.567298726004083, 4.850663824996445, 5.133112647003145, 5.350441454997053, 5.750322182997479]",[4.2173,4.2173,1,1.468978886,,,8,1,2019_Feb_27_1400,FaceNameBlocked,3.0.0,60.01795053
FacesBlock3.xlsx,Mark.mp4,Mark.JPG,Mark,40,0,2,2,2,0,6,6,10,,,,,,,0,1,0.602332669,,,,,,,,0,0,,,,,8,1,2019_Feb_27_1400,FaceNameBlocked,3.0.0,60.01795053
FacesBlock3.xlsx,Mark.mp4,Mark.JPG,Mark,40,0,2,2,2,,,,,0,8,8,10,,,,,,,,1,mark,1,"['m', 'a', 'r', 'k']","[2.1517990629945416, 2.2514029719895916, 2.5517572779936017, 2.7786337099969387]",[2.1517,2.1517,4,1.335310977,,,8,1,2019_Feb_27_1400,FaceNameBlocked,3.0.0,60.01795053
FacesBlock1.xlsx,Matthew.mp4,Matthew.JPG,Matthew,9,0,0,0,0,0,8,8,9,,,,,,,0,1,0.369386704,,,,,,,,0,0,,,,,8,1,2019_Feb_27_1400,FaceNameBlocked,3.0.0,60.01795053
FacesBlock1.xlsx,Matthew.mp4,Matthew.JPG,Matthew,9,0,0,0,0,,,,,0,2,2,9,,,,,,,,0,,0,None,,0,0,1,2.251759366,,,8,1,2019_Feb_27_1400,FaceNameBlocked,3.0.0,60.01795053
FacesBlock2.xlsx,Megan.mp4,Megan.JPG,Megan,25,0,1,1,1,0,9,9,10,,,,,,,0,2,1.20228998,,,,,,,,0,0,,,,,8,1,2019_Feb_27_1400,FaceNameBlocked,3.0.0,60.01795053
FacesBlock2.xlsx,Megan.mp4,Megan.JPG,Megan,25,0,1,1,1,,,,,0,4,4,10,,,,,,,,0,hayley,0,"['h', 'a', 'y', 'l', 'e', 'y']","[2.5849898960004793, 2.9839866969996365, 3.267385655999533, 3.8992932080000173, 4.133912184988731, 4.3674442149931565]",[2.5849,2.5849,1,0.435931857,,,8,1,2019_Feb_27_1400,FaceNameBlocked,3.0.0,60.01795053
FacesBlock4.xlsx,Michael.mp4,Michael.JPG,Michael,46,0,3,3,3,0,7,7,1,,,,,,,0,1,0.551847893,,,,,,,,0,0,,,,,8,1,2019_Feb_27_1400,FaceNameBlocked,3.0.0,60.01795053
FacesBlock4.xlsx,Michael.mp4,Michael.JPG,Michael,46,0,3,3,3,,,,,0,3,3,1,,,,,,,,0,,0,None,,0,0,1,2.35144442,,,8,1,2019_Feb_27_1400,FaceNameBlocked,3.0.0,60.01795053
FacesBlock4.xlsx,Michelle.mp4,Michelle.JPG,Michelle,52,0,3,3,3,0,12,12,7,,,,,,,1,2,0.753002162,,,,,,,,0,0,,,,,8,1,2019_Feb_27_1400,FaceNameBlocked,3.0.0,60.01795053
FacesBlock4.xlsx,Michelle.mp4,Michelle.JPG,Michelle,52,0,3,3,3,,,,,0,5,5,7,,,,,,,,1,michelle,1,"['m', 'i', 'v', 'equal', 'backspace', 'backspace', 'i', 'c', 'h', 'e', 'l', 'l', 'e']","[3.2350959000032162, 3.468630795003264, 3.7847512529988308, 5.100727482000366, 5.433451465010876, 5.682175862006261, 6.383764258003794, 6.617091551001067, 6.833797908999259, 7.0664846660074545, 7.283005617005983, 7.4500492500083055, 7.549878327001352]",[3.2350,3.235,3,0.401934534,,,8,1,2019_Feb_27_1400,FaceNameBlocked,3.0.0,60.01795053
FacesBlock1.xlsx,Natalie.mp4,Natalie.JPG,Natalie,7,0,0,0,0,0,9,9,7,,,,,,,1,2,0.619385586,,,,,,,,0,0,,,,,8,1,2019_Feb_27_1400,FaceNameBlocked,3.0.0,60.01795053
FacesBlock1.xlsx,Natalie.mp4,Natalie.JPG,Natalie,7,0,0,0,0,,,,,0,3,3,7,,,,,,,,0,j,0,"['j', 'e', 's', 's', 'backspace', 'backspace', 'backspace', 'backspace', 'capslock', 'j', 'e', 'backspace', 'backspace', 'backspace', 'capslock', 'j']","[3.535247307998361, 3.7852577379962895, 4.43397277200711, 4.701142461999552, 5.450791793002281, 5.617040375000215, 5.74916642899916, 5.916506463006954, 6.616226889993413, 6.833702046002145, 7.1321004479978, 7.633072808996076, 7.982928773999447, 8.282911104994128, 8.865396809007507, 9.599283446994377]",[3.5352,3.5352,1,4.150868529,,,8,1,2019_Feb_27_1400,FaceNameBlocked,3.0.0,60.01795053
FacesBlock3.xlsx,Nathan.mp4,Nathan.JPG,Nathan,37,0,2,2,2,0,3,3,7,,,,,,,0,1,0.88534508,,,,,,,,0,0,,,,,8,1,2019_Feb_27_1400,FaceNameBlocked,3.0.0,60.01795053
FacesBlock3.xlsx,Nathan.mp4,Nathan.JPG,Nathan,37,0,2,2,2,,,,,0,10,10,7,,,,,,,,0,adam,0,"['a', 'd', 'a', 'm']","[5.0673693049902795, 5.467246316999081, 5.7341904869972495, 6.1005062899930635]",[5.0673,5.0673,1,1.118687769,,,8,1,2019_Feb_27_1400,FaceNameBlocked,3.0.0,60.01795053
FacesBlock3.xlsx,Nicole.mp4,Nicole.JPG,Nicole,43,0,2,2,2,0,12,12,13,,,,,,,1,2,1.302578122,,,,,,,,0,0,,,,,8,1,2019_Feb_27_1400,FaceNameBlocked,3.0.0,60.01795053
FacesBlock3.xlsx,Nicole.mp4,Nicole.JPG,Nicole,43,0,2,2,2,,,,,0,9,9,13,,,,,,,,0,,0,None,,0,0,1,1.318641102,,,8,1,2019_Feb_27_1400,FaceNameBlocked,3.0.0,60.01795053
FacesBlock3.xlsx,Noah.mp4,Noah.JPG,Noah,31,0,2,2,2,0,8,8,1,,,,,,,1,1,0.486153605,,,,,,,,0,0,,,,,8,1,2019_Feb_27_1400,FaceNameBlocked,3.0.0,60.01795053
FacesBlock3.xlsx,Noah.mp4,Noah.JPG,Noah,31,0,2,2,2,,,,,0,1,1,1,,,,,,,,0,kevin,0,"['k', 'e', 'v', 'i', 'n']","[2.6184203640004853, 2.9014383379981155, 3.151397540990729, 3.4681719509972027, 3.7339201829890953]",[2.6184,2.6184,2,0.351668444,,,8,1,2019_Feb_27_1400,FaceNameBlocked,3.0.0,60.01795053
FacesBlock3.xlsx,Olivia.mp4,Olivia.JPG,Olivia,35,0,2,2,2,0,0,0,5,,,,,,,0,2,4.868198193,,,,,,,,0,0,,,,,8,1,2019_Feb_27_1400,FaceNameBlocked,3.0.0,60.01795053
FacesBlock3.xlsx,Olivia.mp4,Olivia.JPG,Olivia,35,0,2,2,2,,,,,0,5,5,5,,,,,,,,0,rebecca,0,"['r', 'e', 'b', 'e', 'c', 'c', 'a']","[2.6172138109977823, 2.7845961040002294, 3.0679702580091543, 3.167302424000809, 3.9339886700036004, 4.100852617004421, 4.184289801007253]",[2.6172,2.6172,2,1.367643259,,,8,1,2019_Feb_27_1400,FaceNameBlocked,3.0.0,60.01795053
FacesBlock2.xlsx,Rachel.mp4,Rachel.JPG,Rachel,29,0,1,1,1,0,13,13,14,,,,,,,0,2,0.802070181,,,,,,,,0,0,,,,,8,1,2019_Feb_27_1400,FaceNameBlocked,3.0.0,60.01795053
FacesBlock2.xlsx,Rachel.mp4,Rachel.JPG,Rachel,29,0,1,1,1,,,,,0,0,0,14,,,,,,space,14.48014138,0,,0,None,,0,0,1,1.068774927,,,8,1,2019_Feb_27_1400,FaceNameBlocked,3.0.0,60.01795053
FacesBlock3.xlsx,Rebecca.mp4,Rebecca.JPG,Rebecca,32,0,2,2,2,0,2,2,2,,,,,,,1,2,1.052346195,,,,,,,,0,0,,,,,8,1,2019_Feb_27_1400,FaceNameBlocked,3.0.0,60.01795053
FacesBlock3.xlsx,Rebecca.mp4,Rebecca.JPG,Rebecca,32,0,2,2,2,,,,,0,11,11,2,,,,,,,,0,heather,0,"['h', 'e', 'a', 't', 'h', 'e', 'r']","[4.76693467500445, 5.067222224999568, 5.400412689996301, 5.533495936993859, 5.833247261994984, 5.966807007003808, 6.199859982996713]",[4.7669,4.7669,1,0.385480237,,,8,1,2019_Feb_27_1400,FaceNameBlocked,3.0.0,60.01795053
FacesBlock3.xlsx,Sarah.mp4,Sarah.JPG,Sarah,33,0,2,2,2,0,1,1,3,,,,,,,1,2,1.552897672,,,,,,,,0,0,,,,,8,1,2019_Feb_27_1400,FaceNameBlocked,3.0.0,60.01795053
FacesBlock3.xlsx,Sarah.mp4,Sarah.JPG,Sarah,33,0,2,2,2,,,,,0,7,7,3,,,,,,,,0,rebecca,0,"['r', 'e', 'b', 'e', 'c', 'c', 'a']","[3.3007142519927584, 3.534201224989374, 3.7674273359880317, 3.867040396988159, 4.500678436990711, 4.750288141993224, 5.050397525992594]",[3.3007,3.3007,1,2.035477256,,,8,1,2019_Feb_27_1400,FaceNameBlocked,3.0.0,60.01795053
FacesBlock3.xlsx,Shelby.mp4,Shelby.JPG,Shelby,36,0,2,2,2,0,9,9,6,,,,,,,0,2,1.335695377,,,,,,,,0,0,,,,,8,1,2019_Feb_27_1400,FaceNameBlocked,3.0.0,60.01795053
FacesBlock3.xlsx,Shelby.mp4,Shelby.JPG,Shelby,36,0,2,2,2,,,,,0,0,0,6,,,,,,space,3.617580357,0,kayla,0,"['k', 'a', 'y', 'l', 'a']","[3.16871325399552, 3.4681798209931003, 3.6181250950030517, 4.251299003997701, 4.382794004995958]",[3.1687,3.1687,2,1.235249048,,,8,1,2019_Feb_27_1400,FaceNameBlocked,3.0.0,60.01795053
FacesBlock2.xlsx,Steven.mp4,Steven.JPG,Steven,17,0,1,1,1,0,0,0,2,,,,,,,1,1,5.568053279,,,,,,,,0,0,,,,,8,1,2019_Feb_27_1400,FaceNameBlocked,3.0.0,60.01795053
FacesBlock2.xlsx,Steven.mp4,Steven.JPG,Steven,17,0,1,1,1,,,,,0,2,2,2,,,,,,,,0,cody,0,"['c', 'o', 'd', 'y']","[4.31823380800779, 4.532631394002237, 4.867314460003399, 5.600047006009845]",[4.3182,4.3182,2,1.384637236,,,8,1,2019_Feb_27_1400,FaceNameBlocked,3.0.0,60.01795053
FacesBlock4.xlsx,Taylor.mp4,Taylor.JPG,Taylor,45,0,3,3,3,0,9,9,0,,,,,,,0,2,1.418653755,,,,,,,,0,0,,,,,8,1,2019_Feb_27_1400,FaceNameBlocked,3.0.0,60.01795053
FacesBlock4.xlsx,Taylor.mp4,Taylor.JPG,Taylor,45,0,3,3,3,,,,,0,4,4,0,,,,,,,,1,taylor,1,"['t', 'a', 'y', 'l', 'o', 'r']","[2.3016750009992393, 2.535112683995976, 2.7352862669940805, 3.367986564000603, 3.584211494002375, 3.734772031006287]",[2.3016,2.3016,3,0.502464094,,,8,1,2019_Feb_27_1400,FaceNameBlocked,3.0.0,60.01795053
FacesBlock3.xlsx,Thomas.mp4,Thomas.JPG,Thomas,44,0,2,2,2,0,5,5,14,,,,,,,0,1,0.81991527,,,,,,,,0,0,,,,,8,1,2019_Feb_27_1400,FaceNameBlocked,3.0.0,60.01795053
FacesBlock3.xlsx,Thomas.mp4,Thomas.JPG,Thomas,44,0,2,2,2,,,,,0,4,4,14,,,,,,,,0,paul,0,"['p', 'a', 'u', 'l']","[4.534550629003206, 4.966914678007015, 5.217286699000397, 5.9833159940026235]",[4.5345,4.5345,2,0.850037492,,,8,1,2019_Feb_27_1400,FaceNameBlocked,3.0.0,60.01795053
FacesBlock1.xlsx,Timothy.mp4,Timothy.JPG,Timothy,10,0,0,0,0,0,0,0,10,,,,,,,0,1,6.333361563,,,,,,,,0,0,,,,,8,1,2019_Feb_27_1400,FaceNameBlocked,3.0.0,60.01795053
FacesBlock1.xlsx,Timothy.mp4,Timothy.JPG,Timothy,10,0,0,0,0,,,,,0,8,8,10,,,,,,,,0,,0,None,,0,0,1,0.43588731,,,8,1,2019_Feb_27_1400,FaceNameBlocked,3.0.0,60.01795053
FacesBlock2.xlsx,Trevor.mp4,Trevor.JPG,Trevor,21,0,1,1,1,0,4,4,6,,,,,,,0,1,0.735940014,,,,,,,,0,0,,,,,8,1,2019_Feb_27_1400,FaceNameBlocked,3.0.0,60.01795053
FacesBlock2.xlsx,Trevor.mp4,Trevor.JPG,Trevor,21,0,1,1,1,,,,,0,12,12,6,,,,,,,,0,kyle,0,"['k', 'y', 'l', 'e']","[2.5510598620021483, 2.884431525002583, 3.4173892340040766, 3.667468068000744]",[2.5510,2.551,3,0.718567516,,,8,1,2019_Feb_27_1400,FaceNameBlocked,3.0.0,60.01795053
FacesBlock2.xlsx,Tyler.mp4,Tyler.JPG,Tyler,22,0,1,1,1,0,10,10,7,,,,,,,0,1,0.602823302,,,,,,,,0,0,,,,,8,1,2019_Feb_27_1400,FaceNameBlocked,3.0.0,60.01795053
FacesBlock2.xlsx,Tyler.mp4,Tyler.JPG,Tyler,22,0,1,1,1,,,,,0,6,6,7,,,,,,,,0,josh,0,"['d', 'a', 'backspace', 'backspace', 'backspace', 'j', 'o', 's', 'h']","[4.084461812002701, 4.800152429001173, 5.650067669994314, 5.866652850003447, 6.050067828007741, 6.8505817179975566, 7.067021240000031, 7.366053061996354, 7.633283119997941]",[4.0844,4.0844,1,1.484770113,,,8,1,2019_Feb_27_1400,FaceNameBlocked,3.0.0,60.01795053
,,,,,,,,,,,,,,,,,space,48.58786489,,,,,,,,,,,,,,,,,8,1,2019_Feb_27_1400,FaceNameBlocked,3.0.0,60.01795053
,,,,,,,,,,,,,,,,,,,,,,,,,,,,,,,,,space,160192.4352,8,1,2019_Feb_27_1400,FaceNameBlocked,3.0.0,60.01795053