,Video,Name,inputText,key_resp_3.keys,recallRating_F
0,Aaron.mp4,Aaron,chris,"['c', 'h', 'i', 'r', 'backspace', 'backspace', 'r', 'i', 's']",0.0
1,Aaron.mp4,Aaron,,,
2,Adam.mp4,Adam,,None,0.0
3,Adam.mp4,Adam,,,
4,Alyssa.mp4,Alyssa,,None,0.0
5,Alyssa.mp4,Alyssa,,,
6,Amanda.mp4,Amanda,,None,0.0
7,Amanda.mp4,Amanda,,,
8,Andrew.mp4,Andrew,,None,0.0
9,Andrew.mp4,Andrew,,,
10,Anna.mp4,Anna,,None,0.0
11,Anna.mp4,Anna,,,
12,Ashley.mp4,Ashley,hannah,"['h', 'a', 'n', 'n', 'a', 'h']",0.0
13,Ashley.mp4,Ashley,,,
14,Bradley.mp4,Bradley,bradly,"['b', 'r', 'a', 'd', 'l', 'y', 'equal', 'e', 'y', 'y', 'backspace', 'backspace', 'backspace']",1.0
15,Bradley.mp4,Bradley,,,
16,Brandon.mp4,Brandon,,None,0.0
17,Brandon.mp4,Brandon,,,
18,Brian.mp4,Brian,brandon,"['b', 'r', 'a', 'n', 'd', 'o', 'n']",0.0
19,Brian.mp4,Brian,,,
20,Brianna.mp4,Brianna,,None,0.0
21,Brianna.mp4,Brianna,,,
22,Brittany.mp4,Brittany,brittney,"['b', 'e', 'backspace', 'r', 'i', 't', 't', 'n', 'e', 'y']",1.0
23,Brittany.mp4,Brittany,,,
24,Caleb.mp4,Caleb,,None,0.0
25,Caleb.mp4,Caleb,,,
26,Cody.mp4,Cody,trevor,"['t', 'r', 'e', 'v', 'o', 'r']",0.0
27,Cody.mp4,Cody,,,
28,Courtney.mp4,Courtney,lauren,"['l', 'a', 'u', 'r', 'e', 'n']",0.0
29,Courtney.mp4,Courtney,,,
30,Daniel.mp4,Daniel,,None,0.0
31,Daniel.mp4,Daniel,,,
32,Danielle.mp4,Danielle,danielle,"['d', 'a', 'n', 'i', 'e', 'l', 'l', 'e']",1.0
33,Danielle.mp4,Danielle,,,
34,David.mp4,David,,None,0.0
35,David.mp4,David,,,
36,Dylan.mp4,Dylan,dylan,"['d', 'y', 'l', 'a', 'n', 'return', 'return']",1.0
37,Dylan.mp4,Dylan,,,
38,Emily.mp4,Emily,emily,"['e', 'm', 'i', 'l', 'y', '4', 'backspace']",1.0
39,Emily.mp4,Emily,,,
40,Eric.mp4,Eric,ethan,"['e', 't', 'h', 'n', 'a', 'q', 'backspace', 'backspace', 'backspace', 'a', 'n']",0.0
41,Eric.mp4,Eric,,,
42,Ethan.mp4,Ethan,,None,0.0
43,Ethan.mp4,Ethan,,,
44,Grace.mp4,Grace,,None,0.0
45,Grace.mp4,Grace,,,
46,Haley.mp4,Haley,,None,0.0
47,Haley.mp4,Haley,,,
48,Hannah.mp4,Hannah,hannah,"['h', 'a', 'n', 'n', 'a', 'h']",1.0
49,Hannah.mp4,Hannah,,,
50,Heather.mp4,Heather,maddie,"['m', 'a', 'd', 'd', 'i', 'e']",0.0
51,Heather.mp4,Heather,,,
52,Jacob.mp4,Jacob,jacob,"['h', 'backspace', 'backspace', 'j', 'a', 'c', 'o', 'b']",1.0
53,Jacob.mp4,Jacob,,,
54,Jason.mp4,Jason,,None,0.0
55,Jason.mp4,Jason,,,
56,Jenna.mp4,Jenna,jenna,"['j', 'e', 'n', 'n', 'a']",1.0
57,Jenna.mp4,Jenna,,,
58,Jeremy.mp4,Jeremy,mathew,"['m', 'a', 't', 'h', 'e', 'w']",0.0
59,Jeremy.mp4,Jeremy,,,
60,Jessica.mp4,Jessica,jessica,"['j', 'e', 's', 's', 'i', 'c', 'a']",
61,Jessica.mp4,Jessica,,,
62,Josh.mp4,Josh,,None,0.0
63,Josh.mp4,Josh,,,
64,Julia.mp4,Julia,julia,"['j', 'u', 'l', 'i', 'a']",1.0
65,Julia.mp4,Julia,,,
66,Justin.mp4,Justin,justin,"['j', 'u', 's', 't', 'i', 'n', 'space']",1.0
67,Justin.mp4,Justin,,,
68,Katie.mp4,Katie,katie,"['k', 'a', 't', 'i', 'e']",1.0
69,Katie.mp4,Katie,,,
70,Kayla.mp4,Kayla,,None,0.0
71,Kayla.mp4,Kayla,,,
72,Kelsey.mp4,Kelsey,,None,0.0
73,Kelsey.mp4,Kelsey,,,
74,Kevin.mp4,Kevin,,None,0.0
75,Kevin.mp4,Kevin,,,
76,Kyle.mp4,Kyle,kyle,"['k', 'y', 'l', 'e']",1.0
77,Kyle.mp4,Kyle,,,
78,Lauren.mp4,Lauren,,None,0.0
79,Lauren.mp4,Lauren,,,
80,Mark.mp4,Mark,,None,0.0
81,Mark.mp4,Mark,,,
82,Matthew.mp4,Matthew,mathew,"['m', 'a', 't', 'h', 'e', 'w']",1.0
83,Matthew.mp4,Matthew,,,
84,Megan.mp4,Megan,kimber,"['k', 'i', 'm', 'b', 'e', 'r']",0.0
85,Megan.mp4,Megan,,,
86,Michael.mp4,Michael,caleb,"['c', 'a', 'l', 'e', 'b']",0.0
87,Michael.mp4,Michael,,,
88,Michelle.mp4,Michelle,michelle,"['m', 'i', 'c', 'h', 'e', 'l', 'l', 'e']",1.0
89,Michelle.mp4,Michelle,,,
90,Natalie.mp4,Natalie,natalie,"['n', 'a', 't', 'a', 'l', 'y', 'backspace', 'i', 'e']",1.0
91,Natalie.mp4,Natalie,,,
92,Nathan.mp4,Nathan,nathan,"['n', 'a', 't', 'h', 'a', 'n']",1.0
93,Nathan.mp4,Nathan,,,
94,Nicole.mp4,Nicole,nicole,"['n', 'i', 'c', 'l', 'backspace', 'o', 'l', 'e']",1.0
95,Nicole.mp4,Nicole,,,
96,Noah.mp4,Noah,n,"['b', 'i', 'a', 'h', 'backspace', 'backspace', 'backspace', 'backspace', 'backspace', 'b', 'i', 'a', 'h', 'backspace', 'backspace', 'backspace', 'backspace', 'backspace', 'backspace', 'n']",0.0
97,Noah.mp4,Noah,,,
98,Olivia.mp4,Olivia,,None,0.0
99,Olivia.mp4,Olivia,,,
100,Rachel.mp4,Rachel,ally,"['a', 'l', 'l', 'y']",0.0
101,Rachel.mp4,Rachel,,,
102,Rebecca.mp4,Rebecca,rebecca,"['r', 'e', 'b', 'e', 'c', 'c', 'a']",1.0
103,Rebecca.mp4,Rebecca,,,
104,Sarah.mp4,Sarah,sarah,"['s', 'a', 'r', 'a', 'h']",1.0
105,Sarah.mp4,Sarah,,,
106,Shelby.mp4,Shelby,shelby,"['s', 'h', 'e', 'l', 'b', 'y']",1.0
107,Shelby.mp4,Shelby,,,
108,Steven.mp4,Steven,tom,"['t', 'o', 'm', 'space']",0.0
109,Steven.mp4,Steven,,,
110,Taylor.mp4,Taylor,taylor,"['t', 'a', 'l', 'backspace', 'y', 'l', 'o', 'r']",1.0
111,Taylor.mp4,Taylor,,,
112,Thomas.mp4,Thomas,thomas,"['t', 'h', 'o', 'm', 'a', 's']",1.0
113,Thomas.mp4,Thomas,,,
114,Timothy.mp4,Timothy,timothy,"['t', 'i', 'm', 'o', 't', 'h', 'y']",1.0
115,Timothy.mp4,Timothy,,,
116,Trevor.mp4,Trevor,trevor,"['t', 'r', 'e', 'v', 'o', 'r']",1.0
117,Trevor.mp4,Trevor,,,
118,Tyler.mp4,Tyler,tom,"['t', 'o', 'm']",0.0
119,Tyler.mp4,Tyler,,,
