,Video,Name,inputText,key_resp_3.keys,recallRating_F
0,Aaron.mp4,Aaron,Shawn,"['lshift', 's', 'd', 'h', 'backspace', 'backspace', 'h', 'a', 'w', 'n']",0.0
1,Aaron.mp4,Aaron,,,
2,Adam.mp4,Adam,Ben,"['lshift', 'b', 'e', 'n']",0.0
3,Adam.mp4,Adam,,,
4,Alyssa.mp4,Alyssa,Charlott,"['lshift', 'c', 'h', 'a', 'r', 'l', 'o', 't', 't', 'e', 'backspace', 'equal']",0.0
5,Alyssa.mp4,Alyssa,,,
6,Amanda.mp4,Amanda,,None,0.0
7,Amanda.mp4,Amanda,,,
8,Andrew.mp4,Andrew,Caleb,"['lshift', 'c', 'a', 'l', 'e', 'b']",0.0
9,Andrew.mp4,Andrew,,,
10,Anna.mp4,Anna,Ada,"['lshift', 'a', 'd', 'a']",0.0
11,Anna.mp4,Anna,,,
12,Ashley.mp4,Ashley,Brittany,"['lshift', 'b', 'r', 'i', 't', 't', 'a', 'n', 'y']",0.0
13,Ashley.mp4,Ashley,,,
14,Bradley.mp4,Bradley,Tim,"['lshift', 't', 'i', 'm']",0.0
15,Bradley.mp4,Bradley,,,
16,Brandon.mp4,Brandon,Brandon,"['lshift', 'b', 'r', 'a', 'n', 'd', 'o', 'n']",1.0
17,Brandon.mp4,Brandon,,,
18,Brian.mp4,Brian,Caleb,"['lshift', 'c', 'a', 'l', 'e', 'b']",0.0
19,Brian.mp4,Brian,,,
20,Brianna.mp4,Brianna,Katherine,"['lshift', 'lshift', 'k', 'a', 't', 'h', 'e', 'r', 'i', 'n', 'e']",0.0
21,Brianna.mp4,Brianna,,,
22,Brittany.mp4,Brittany,,None,0.0
23,Brittany.mp4,Brittany,,,
24,Caleb.mp4,Caleb,Taylor,"['lshift', 't', 'a', 'y', 'l', 'o', 'r']",0.0
25,Caleb.mp4,Caleb,,,
26,Cody.mp4,Cody,Josh,"['lshift', 'j', 's', 'backspace', 'o', 's', 'h']",0.0
27,Cody.mp4,Cody,,,
28,Courtney.mp4,Courtney,Caroline,"['lshift', 'c', 'a', 'r', 'o', 'l', 'i', 'n', 'e']",0.0
29,Courtney.mp4,Courtney,,,
30,Daniel.mp4,Daniel,Jason,"['lshift', 'j', 'a', 's', 'o', 'n']",0.0
31,Daniel.mp4,Daniel,,,
32,Danielle.mp4,Danielle,,None,0.0
33,Danielle.mp4,Danielle,,,
34,David.mp4,David,Justin,"['lshift', 'j', 'u', 's', 't', 'i', 'n']",0.0
35,David.mp4,David,,,
36,Dylan.mp4,Dylan,Caleb,"['lshift', 'c', 'a', 'l', 'e', 'b']",0.0
37,Dylan.mp4,Dylan,,,
38,Emily.mp4,Emily,Sarah,"['lshift', 's', 'a', 'r', 'a', 'h']",0.0
39,Emily.mp4,Emily,,,
40,Eric.mp4,Eric,Josh,"['lshift', 'j', 'o', 's', 'h']",0.0
41,Eric.mp4,Eric,,,
42,Ethan.mp4,Ethan,Henry,"['lshift', 'h', 'e', 'n', 'r', 'y']",0.0
43,Ethan.mp4,Ethan,,,
44,Grace.mp4,Grace,Grace,"['lshift', 'g', 'r', 'a', 'c', 'e']",1.0
45,Grace.mp4,Grace,,,
46,Haley.mp4,Haley,Tiffany,"['lshift', 't', 'i', 'f', 'f', 'a', 'n', 'y']",0.0
47,Haley.mp4,Haley,,,
48,Hannah.mp4,Hannah,Christine,"['lshift', 'c', 'lshift', 'c', 'h', 'backspace', 'backspace', 'h', 'r', 'i', 's', 't', 'i', 'n', 'e']",0.0
49,Hannah.mp4,Hannah,,,
50,Heather.mp4,Heather,Ashley,"['lshift', 'a', 's', 'h', 'l', 'e', 'y']",0.0
51,Heather.mp4,Heather,,,
52,Jacob.mp4,Jacob,Mathias,"['lshift', 'm', 'a', 't', 'h', 'i', '9', 'a', 's', 'backspace', 'backspace', 'backspace', 'a', 's']",0.0
53,Jacob.mp4,Jacob,,,
54,Jason.mp4,Jason,Josh,"['lshift', 'j', 'o', 's', 'h']",0.0
55,Jason.mp4,Jason,,,
56,Jenna.mp4,Jenna,Amanda,"['lshift', 'a', 'm', 'a', 'n', 'd', 'a']",0.0
57,Jenna.mp4,Jenna,,,
58,Jeremy.mp4,Jeremy,Tyler,"['lshift', 't', 'y', 'l', 'e', 'r']",0.0
59,Jeremy.mp4,Jeremy,,,
60,Jessica.mp4,Jessica,Jes,"['lshift', 'a', 'l', 'i', 's', 'a', 'backspace', 'backspace', 'backspace', 'backspace', 'backspace', 'lshift', 'j', 'e', 's']",0.0
61,Jessica.mp4,Jessica,,,
62,Josh.mp4,Josh,,None,0.0
63,Josh.mp4,Josh,,,
64,Julia.mp4,Julia,Sarah,"['lshift', 's', 'a', 'r', 'a', 'h']",0.0
65,Julia.mp4,Julia,,,
66,Justin.mp4,Justin,Henry,"['lshift', 'h', 'e', 'n', 'r', 'y']",0.0
67,Justin.mp4,Justin,,,
68,Katie.mp4,Katie,,None,0.0
69,Katie.mp4,Katie,,,
70,Kayla.mp4,Kayla,Nicole,"['lshift', 'n', 'i', 'c', 'o', 'l', 'e']",0.0
71,Kayla.mp4,Kayla,,,
72,Kelsey.mp4,Kelsey,,None,0.0
73,Kelsey.mp4,Kelsey,,,
74,Kevin.mp4,Kevin,Noah,"['lshift', 'n', 'o', 'a', 'h']",0.0
75,Kevin.mp4,Kevin,,,
76,Kyle.mp4,Kyle,,None,0.0
77,Kyle.mp4,Kyle,,,
78,Lauren.mp4,Lauren,Alice,"['lshift', 'a', 'semicolon', 'i', 'c', 'e', 'backspace', 'backspace', 'backspace', 'l', 'i', 'c', 'e']",0.0
79,Lauren.mp4,Lauren,,,
80,Mark.mp4,Mark,Gabriel,"['lshift', 'g', 'a', 'b', 'r', 'i', 'e', 'l']",0.0
81,Mark.mp4,Mark,,,
82,Matthew.mp4,Matthew,,None,0.0
83,Matthew.mp4,Matthew,,,
84,Megan.mp4,Megan,Tiffany,"['lshift', 't', 'i', 'f', 'f', 'a', 'n', 'y', 'return']",0.0
85,Megan.mp4,Megan,,,
86,Michael.mp4,Michael,Michael,"['lshift', 'm', 'i', 'c', 'h', 'a', 'e', 'l']",1.0
87,Michael.mp4,Michael,,,
88,Michelle.mp4,Michelle,Sarah,"['lshift', 's', 'a', 'r', 'a', 'h']",0.0
89,Michelle.mp4,Michelle,,,
90,Natalie.mp4,Natalie,Christine,"['lshift', 'c', 'h', 'r', 'i', 's', 't', 'i', 'n', 'e']",0.0
91,Natalie.mp4,Natalie,,,
92,Nathan.mp4,Nathan,Pierre,"['lshift', 'p', 'i', 'e', 'r', 'r', 'e']",0.0
93,Nathan.mp4,Nathan,,,
94,Nicole.mp4,Nicole,Sarah,"['lshift', 's', 'a', 'r', 'a', 'h']",0.0
95,Nicole.mp4,Nicole,,,
96,Noah.mp4,Noah,Noah,"['lshift', 'n', 'o', 'a', 'h']",1.0
97,Noah.mp4,Noah,,,
98,Olivia.mp4,Olivia,Sarah,"['lshift', 's', 'a', 'r', 'a', 'h']",0.0
99,Olivia.mp4,Olivia,,,
100,Rachel.mp4,Rachel,Tiffany,"['lshift', 't', 'i', 'f', 'f', 'a', 'n', 'y']",0.0
101,Rachel.mp4,Rachel,,,
102,Rebecca.mp4,Rebecca,Nicole,"['lshift', 'n', 'i', 'o', 'backspace', 'c', 'o', 'l', 'e']",0.0
103,Rebecca.mp4,Rebecca,,,
104,Sarah.mp4,Sarah,Caroline,"['lshift', 'c', 'a', 'r', 'o', 'l', 'i', 'n', 'e']",0.0
105,Sarah.mp4,Sarah,,,
106,Shelby.mp4,Shelby,Xiowi,"['lshift', 'x', 'i', 'o', 'w', 'y', 'backspace', 'i']",0.0
107,Shelby.mp4,Shelby,,,
108,Steven.mp4,Steven,Tyler,"['lshift', 't', 'y', 'semicolon', 'l', 'e', 'r']",0.0
109,Steven.mp4,Steven,,,
110,Taylor.mp4,Taylor,Michelle,"['lshift', 'm', 'i', 'c', 'h', 'e', 'l', 'l', 'e']",0.0
111,Taylor.mp4,Taylor,,,
112,Thomas.mp4,Thomas,Michael,"['lshift', 'm', 'i', 'c', 'h', 'a', 'e', 'l']",0.0
113,Thomas.mp4,Thomas,,,
114,Timothy.mp4,Timothy,He,"['lshift', 'h', 'e', 'n', 'r', 'y', 'backspace', 'backspace', 'backspace']",0.0
115,Timothy.mp4,Timothy,,,
116,Trevor.mp4,Trevor,Ben,"['lshift', 'b', 'e', 'n']",0.0
117,Trevor.mp4,Trevor,,,
118,Tyler.mp4,Tyler,Thomas,"['lshift', 't', 'h', 'o', 'm', 'a', 's']",0.0
119,Tyler.mp4,Tyler,,,
