,Video,Name,inputText,key_resp_3.keys,recallRating_F
0,Aaron.mp4,Aaron,josh,"['j', 'o', 's', 'h']",0.0
1,Aaron.mp4,Aaron,,,
2,Adam.mp4,Adam,adam,"['a', 'd', 'a', 'm']",1.0
3,Adam.mp4,Adam,,,
4,Alyssa.mp4,Alyssa,alyssa,"['a', 'l', 'y', 's', 's', 'a']",1.0
5,Alyssa.mp4,Alyssa,,,
6,Amanda.mp4,Amanda,amanda,"['a', 'm', 'a', 'n', 'd', 'a']",1.0
7,Amanda.mp4,Amanda,,,
8,Andrew.mp4,Andrew,,None,0.0
9,Andrew.mp4,Andrew,,,
10,Anna.mp4,Anna,emil,"['e', 'm', 'i', 'l']",0.0
11,Anna.mp4,Anna,,,
12,Ashley.mp4,Ashley,brittany,"['b', 'r', 'i', 't', 't', 'a', 'n', 'y']",0.0
13,Ashley.mp4,Ashley,,,
14,Bradley.mp4,Bradley,bradley,"['b', 'r', 'a', 'd', 'l', 'e', 'y']",1.0
15,Bradley.mp4,Bradley,,,
16,Brandon.mp4,Brandon,caleb,"['c', 'a', 'l', 'e', 'b']",0.0
17,Brandon.mp4,Brandon,,,
18,Brian.mp4,Brian,bryan,"['b', 'r', 'y', 'a', 'n']",1.0
19,Brian.mp4,Brian,,,
20,Brianna.mp4,Brianna,,None,0.0
21,Brianna.mp4,Brianna,,,
22,Brittany.mp4,Brittany,emily,"['e', 'i', 'm', 'backspace', 'backspace', 'm', 'i', 'l', 'y']",0.0
23,Brittany.mp4,Brittany,,,
24,Caleb.mp4,Caleb,br,"['b', 'r']",0.0
25,Caleb.mp4,Caleb,,,
26,Cody.mp4,Cody,cody,"['c', 'o', 'd', 'y']",1.0
27,Cody.mp4,Cody,,,
28,Courtney.mp4,Courtney,olivia,"['o', 'l', 'i', 'v', 'i', 'a']",0.0
29,Courtney.mp4,Courtney,,,
30,Daniel.mp4,Daniel,daniel,"['d', 'a', 'n', 'i', 'e', 'l', 'l', 'backspace']",1.0
31,Daniel.mp4,Daniel,,,
32,Danielle.mp4,Danielle,danielle,"['d', 'a', 'n', 'i', 'e', 'l', 'l', 'e']",1.0
33,Danielle.mp4,Danielle,,,
34,David.mp4,David,,None,0.0
35,David.mp4,David,,,
36,Dylan.mp4,Dylan,dylan,"['d', 'y', 'l', 'a', 'n']",1.0
37,Dylan.mp4,Dylan,,,
38,Emily.mp4,Emily,emily,"['e', 'i', 'm', 'backspace', 'backspace', 'space', 'm', 'backspace', 'backspace', 'm', 'i', 'l', 'y']",1.0
39,Emily.mp4,Emily,,,
40,Eric.mp4,Eric,eric,"['e', 'r', 'i', 'c']",1.0
41,Eric.mp4,Eric,,,
42,Ethan.mp4,Ethan,ethan,"['e', 't', 'h', 'a', 'n']",1.0
43,Ethan.mp4,Ethan,,,
44,Grace.mp4,Grace,grace,"['g', 'r', 'a', 'c', 'e']",1.0
45,Grace.mp4,Grace,,,
46,Haley.mp4,Haley,,None,0.0
47,Haley.mp4,Haley,,,
48,Hannah.mp4,Hannah,,None,0.0
49,Hannah.mp4,Hannah,,,
50,Heather.mp4,Heather,brittany,"['n', 'backspace', 'backspace', 'b', 't', 'backspace', 'r', 'i', 't', 't', 'a', 'n', 'y']",0.0
51,Heather.mp4,Heather,,,
52,Jacob.mp4,Jacob,jacob,"['j', 'a', 'c', 'o', 'b']",1.0
53,Jacob.mp4,Jacob,,,
54,Jason.mp4,Jason,jason,"['j', 'a', 'o', 'backspace', 's', 'o', 'n']",1.0
55,Jason.mp4,Jason,,,
56,Jenna.mp4,Jenna,jenna,"['j', 'e', 'n', 'n', 'a']",1.0
57,Jenna.mp4,Jenna,,,
58,Jeremy.mp4,Jeremy,,None,0.0
59,Jeremy.mp4,Jeremy,,,
60,Jessica.mp4,Jessica,jessica,"['j', 'e', 's', 's', 'i', 'c', 'a']",1.0
61,Jessica.mp4,Jessica,,,
62,Josh.mp4,Josh,josh,"['j', 'o', 's', 'h']",1.0
63,Josh.mp4,Josh,,,
64,Julia.mp4,Julia,,None,0.0
65,Julia.mp4,Julia,,,
66,Justin.mp4,Justin,,None,0.0
67,Justin.mp4,Justin,,,
68,Katie.mp4,Katie,hannah,"['h', 'a', 'n', 'n', 'a', 'h']",0.0
69,Katie.mp4,Katie,,,
70,Kayla.mp4,Kayla,kayla,"['k', 'a', 'y', 'l', 'a']",1.0
71,Kayla.mp4,Kayla,,,
72,Kelsey.mp4,Kelsey,jes,"['j', 'e', 's']",0.0
73,Kelsey.mp4,Kelsey,,,
74,Kevin.mp4,Kevin,,None,0.0
75,Kevin.mp4,Kevin,,,
76,Kyle.mp4,Kyle,kyle,"['k', 'y', 'l', 'e']",1.0
77,Kyle.mp4,Kyle,,,
78,Lauren.mp4,Lauren,nicole,"['n', 'i', 'c', 'o', 'l', 'e']",0.0
79,Lauren.mp4,Lauren,,,
80,Mark.mp4,Mark,thomas,"['t', 'h', 'o', 'm', 'a', 's']",0.0
81,Mark.mp4,Mark,,,
82,Matthew.mp4,Matthew,matthew,"['a', 'm', 'backspace', 'backspace', 'a', 'backspace', 'm', 'a', 't', 't', 'h', 'e', 'w']",1.0
83,Matthew.mp4,Matthew,,,
84,Megan.mp4,Megan,megan,"['m', 'e', 'g', 'a', 'n']",1.0
85,Megan.mp4,Megan,,,
86,Michael.mp4,Michael,,None,0.0
87,Michael.mp4,Michael,,,
88,Michelle.mp4,Michelle,michelle,"['m', 'i', 'c', 'h', 'e', 'l', 'l', 'e']",1.0
89,Michelle.mp4,Michelle,,,
90,Natalie.mp4,Natalie,emily,"['e', 'm', 'i', 'l', 'y']",0.0
91,Natalie.mp4,Natalie,,,
92,Nathan.mp4,Nathan,noah,"['n', 'o', 'a', 'h']",0.0
93,Nathan.mp4,Nathan,,,
94,Nicole.mp4,Nicole,,None,0.0
95,Nicole.mp4,Nicole,,,
96,Noah.mp4,Noah,daniel,"['d', 'a', 'n', 'i', 'e', 'l']",0.0
97,Noah.mp4,Noah,,,
98,Olivia.mp4,Olivia,olivia,"['o', 'i', 'v', 'backspace', 'backspace', 'l', 'i', 'v', 'i', 'a']",1.0
99,Olivia.mp4,Olivia,,,
100,Rachel.mp4,Rachel,rachel,"['r', 'a', 'c', 'h', 'e', 'l', 'return']",1.0
101,Rachel.mp4,Rachel,,,
102,Rebecca.mp4,Rebecca,,None,0.0
103,Rebecca.mp4,Rebecca,,,
104,Sarah.mp4,Sarah,sarah,"['s', 'a', 'r', 'a', 'h']",1.0
105,Sarah.mp4,Sarah,,,
106,Shelby.mp4,Shelby,shelby,"['s', 'h', 'e', 'l', 'b', 'y']",1.0
107,Shelby.mp4,Shelby,,,
108,Steven.mp4,Steven,,None,0.0
109,Steven.mp4,Steven,,,
110,Taylor.mp4,Taylor,,None,0.0
111,Taylor.mp4,Taylor,,,
112,Thomas.mp4,Thomas,thomas,"['t', 'h', 'o', 'm', 'a', 's']",1.0
113,Thomas.mp4,Thomas,,,
114,Timothy.mp4,Timothy,kyle,"['k', 'y', 'l', 'e']",0.0
115,Timothy.mp4,Timothy,,,
116,Trevor.mp4,Trevor,,None,0.0
117,Trevor.mp4,Trevor,,,
118,Tyler.mp4,Tyler,,None,0.0
119,Tyler.mp4,Tyler,,,
