,Video,Name,inputText,key_resp_3.keys,recallRating_F
0,Aaron.mp4,Aaron,justin,"['j', 'u', 's', 't', 'i', 'n']",0.0
1,Aaron.mp4,Aaron,,,
2,Adam.mp4,Adam,nc,"['n', 'c', 'i', 'k', 'space', 'backspace', 'backspace', 'backspace']",0.0
3,Adam.mp4,Adam,,,
4,Alyssa.mp4,Alyssa,ashley,"['a', 's', 'h', 'l', 'e', 'y']",0.0
5,Alyssa.mp4,Alyssa,,,
6,Amanda.mp4,Amanda,hannah,"['h', 'a', 'n', 'n', 'a', 'h', 'return', 'space', 'return']",0.0
7,Amanda.mp4,Amanda,,,
8,Andrew.mp4,Andrew,,None,0.0
9,Andrew.mp4,Andrew,,,
10,Anna.mp4,Anna,anna,"['n', 'backspace', 'a', 'n', 'n', 'a']",1.0
11,Anna.mp4,Anna,,,
12,Ashley.mp4,Ashley,rachel,"['r', 'a', 'c', 'h', 'e', 'l', 'lshift', 'exclamation']",0.0
13,Ashley.mp4,Ashley,,,
14,Bradley.mp4,Bradley,bradley,"['b', 'r', 'a', 'd', 'l', 'e', 'y']",1.0
15,Bradley.mp4,Bradley,,,
16,Brandon.mp4,Brandon,brandon,"['b', 'r', 'a', 'n', 'd', 'o', 'n']",1.0
17,Brandon.mp4,Brandon,,,
18,Brian.mp4,Brian,brian,"['b', 'r', 'i', 'a', 'n']",1.0
19,Brian.mp4,Brian,,,
20,Brianna.mp4,Brianna,,"['r', 'backspace']",0.0
21,Brianna.mp4,Brianna,,,
22,Brittany.mp4,Brittany,brittany,"['b', 'r', 'i', 't', 't', 'a', 'n', 'y', 'return']",1.0
23,Brittany.mp4,Brittany,,,
24,Caleb.mp4,Caleb,caleb,"['c', 'a', 'l', 'e', 'b']",1.0
25,Caleb.mp4,Caleb,,,
26,Cody.mp4,Cody,cody,"['c', 'o', 'd', 'y']",1.0
27,Cody.mp4,Cody,,,
28,Courtney.mp4,Courtney,courtney,"['c', 'o', 'u', 'r', 't', 'n', 'e', 'y']",1.0
29,Courtney.mp4,Courtney,,,
30,Daniel.mp4,Daniel,d,"['d', 'y', 'l', 'a', 'n', 'backspace', 'backspace', 'backspace', 'backspace']",0.0
31,Daniel.mp4,Daniel,,,
32,Danielle.mp4,Danielle,danielle,"['d', 'a', 'n', 'i', 'e', 'l', 'l', 'e', 'return']",1.0
33,Danielle.mp4,Danielle,,,
34,David.mp4,David,,None,0.0
35,David.mp4,David,,,
36,Dylan.mp4,Dylan,dylan,"['d', 'y', 'l', 'a', 'n']",0.0
37,Dylan.mp4,Dylan,,,
38,Emily.mp4,Emily,,None,0.0
39,Emily.mp4,Emily,,,
40,Eric.mp4,Eric,u,['u'],0.0
41,Eric.mp4,Eric,,,
42,Ethan.mp4,Ethan,,None,0.0
43,Ethan.mp4,Ethan,,,
44,Grace.mp4,Grace,rachel,"['r', 'a', 'c', 'h', 'e', 'l']",0.0
45,Grace.mp4,Grace,,,
46,Haley.mp4,Haley,wow,"['w', 'o', 'w', 'space']",0.0
47,Haley.mp4,Haley,,,
48,Hannah.mp4,Hannah,hanna,"['k', 'e', 'l', 's', 'e', 'y', 'return', 'backspace', 'backspace', 'backspace', 'backspace', 'backspace', 'backspace', 'h', 'n', 'backspace', 'a', 'n', 'n', 'a', 'h']",1.0
49,Hannah.mp4,Hannah,,,
50,Heather.mp4,Heather,wow idk,"['w', 'o', 'w', 'space', 'd', 'k', 'backspace', 'backspace', 'i', 'd', 'k']",0.0
51,Heather.mp4,Heather,,,
52,Jacob.mp4,Jacob,k,['k'],0.0
53,Jacob.mp4,Jacob,,,
54,Jason.mp4,Jason,joshua,"['j', 'o', 's', 'h', 'u', 'a']",0.0
55,Jason.mp4,Jason,,,
56,Jenna.mp4,Jenna,wow idk,"['w', 'w', 'backspace', 'o', 'w', 'space', 'i', 'space', 'backspace', 'd', 'k']",0.0
57,Jenna.mp4,Jenna,,,
58,Jeremy.mp4,Jeremy,jeremy,"['t', 'r', 'e', 'v', 'o', 'r', 'backspace', 'backspace', 'backspace', 'backspace', 'backspace', 'backspace', 'j', 'e', 'r', 'e', 'm', 'y', 'return']",1.0
59,Jeremy.mp4,Jeremy,,,
60,Jessica.mp4,Jessica,jessica,"['j', 'e', 's', 's', 'i', 'c', 'a']",1.0
61,Jessica.mp4,Jessica,,,
62,Josh.mp4,Josh,jeremy,"['j', 'e', 'r', 'e', 'm', 'y']",0.0
63,Josh.mp4,Josh,,,
64,Julia.mp4,Julia,,None,0.0
65,Julia.mp4,Julia,,,
66,Justin.mp4,Justin,jeremy,"['j', 'e', 'r', 'e', 'm', 'y', 'return', 'return']",0.0
67,Justin.mp4,Justin,,,
68,Katie.mp4,Katie,katie,"['k', 'a', 't', 'i', 'e']",1.0
69,Katie.mp4,Katie,,,
70,Kayla.mp4,Kayla,ka,"['k', 'a', 't', 'equal', 'y', 'l', 'a', 'h', 'backspace', 'backspace', 'backspace', 'backspace', 'backspace']",0.0
71,Kayla.mp4,Kayla,,,
72,Kelsey.mp4,Kelsey,lol,"['l', 'o', 'l']",0.0
73,Kelsey.mp4,Kelsey,,,
74,Kevin.mp4,Kevin,nick,"['n', 'i', 'c', 'k']",
75,Kevin.mp4,Kevin,,,
76,Kyle.mp4,Kyle,ummmm,"['u', 'm', 'm', 'm', 'm']",0.0
77,Kyle.mp4,Kyle,,,
78,Lauren.mp4,Lauren,cameron,"['c', 'a', 'm', 'e', 'r', 'o', 'n']",0.0
79,Lauren.mp4,Lauren,,,
80,Mark.mp4,Mark,mark,"['m', 'a', 'r', 'k']",1.0
81,Mark.mp4,Mark,,,
82,Matthew.mp4,Matthew,ryan maybe not,"['r', 'y', 'a', 'n', 'space', 'm', 'a', 'y', 'b', 'e', 'space', 'n', 'o', 't']",0.0
83,Matthew.mp4,Matthew,,,
84,Megan.mp4,Megan,wow,"['a', 'h', 'h', 'backspace', 'backspace', 'backspace', 'w', 'w', 'backspace', 'o', 'w', 'space', 'd']",0.0
85,Megan.mp4,Megan,,,
86,Michael.mp4,Michael,,None,0.0
87,Michael.mp4,Michael,,,
88,Michelle.mp4,Michelle,,None,0.0
89,Michelle.mp4,Michelle,,,
90,Natalie.mp4,Natalie,rachel,"['r', 'a', 'c', 'h', 'e', 'l']",0.0
91,Natalie.mp4,Natalie,,,
92,Nathan.mp4,Nathan,connor,"['c', 'o', 'n', 'n', 'o', 'r', 'equal', 'equal']",0.0
93,Nathan.mp4,Nathan,,,
94,Nicole.mp4,Nicole,nicole,"['n', 'o', 'backspace', 'i', 'c', 'o', 'e', 'l', 'backspace', 'backspace', 'l', 'e']",1.0
95,Nicole.mp4,Nicole,,,
96,Noah.mp4,Noah,noah,"['n', 'o', 'a', 'h']",1.0
97,Noah.mp4,Noah,,,
98,Olivia.mp4,Olivia,,None,0.0
99,Olivia.mp4,Olivia,,,
100,Rachel.mp4,Rachel,,None,0.0
101,Rachel.mp4,Rachel,,,
102,Rebecca.mp4,Rebecca,rebecca,"['r', 'e', 'b', 'e', 'c', 'c', 'a', 'return']",1.0
103,Rebecca.mp4,Rebecca,,,
104,Sarah.mp4,Sarah,sarah,"['s', 'a', 'r', 'a', 'h']",1.0
105,Sarah.mp4,Sarah,,,
106,Shelby.mp4,Shelby,chelby,"['c', 'h', 'e', 'l', 'b', 'y', 'left', 'left']",1.0
107,Shelby.mp4,Shelby,,,
108,Steven.mp4,Steven,justin,"['j', 'u', 's', 't', 'i', 'n', 'backspace', 'backspace', 'backspace', 't', 'i', 'n']",0.0
109,Steven.mp4,Steven,,,
110,Taylor.mp4,Taylor,taylor,"['t', 'a', 'y', 'l', 'o', 'r']",1.0
111,Taylor.mp4,Taylor,,,
112,Thomas.mp4,Thomas,thomas,"['t', 'h', 'o', 'm', 'a', 's']",1.0
113,Thomas.mp4,Thomas,,,
114,Timothy.mp4,Timothy,connor ithink,"['c', 'o', 'n', 'n', 'o', 'r', 'return', 'space', 'i', 't', 'h', 'i', 'n', 'k']",0.0
115,Timothy.mp4,Timothy,,,
116,Trevor.mp4,Trevor,trevor,"['t', 'r', 'e', 'v', 'o', 'r']",1.0
117,Trevor.mp4,Trevor,,,
118,Tyler.mp4,Tyler,joshua hahaidk,"['j', 'o', 's', 'h', 'u', 'a', 'space', 'h', 'a', 'h', 'a', 'i', 'd', 'k']",0.0
119,Tyler.mp4,Tyler,,,
