,Video,Name,inputText,key_resp_3.keys,recallRating_F
0,Aaron.mp4,Aaron,Aaron,"['lshift', 'a', 'a', 'r', 'o', 'n']",1.0
1,Aaron.mp4,Aaron,,,
2,Adam.mp4,Adam,Kyle,"['lshift', 'k', 'y', 'l', 'e', 'return', 'space']",0.0
3,Adam.mp4,Adam,,,
4,Alyssa.mp4,Alyssa,Jenna,"['lshift', 'j', 'e', 'n', 'n', 'a']",0.0
5,Alyssa.mp4,Alyssa,,,
6,Amanda.mp4,Amanda,Amy,"['lshift', 'a', 'm', 'y']",0.0
7,Amanda.mp4,Amanda,,,
8,Andrew.mp4,Andrew,Jordan,"['lshift', 'lshift', 'j', 'o', 'r', 'd', 'a', 'n']",0.0
9,Andrew.mp4,Andrew,,,
10,Anna.mp4,Anna,Amanda,"['lshift', 'a', 'm', 'a', 'n', 'd', 'a']",0.0
11,Anna.mp4,Anna,,,
12,Ashley.mp4,Ashley,Rachel,"['lshift', 'r', 'a', 'c', 'h', 'e', 'l']",0.0
13,Ashley.mp4,Ashley,,,
14,Bradley.mp4,Bradley,Bradley,"['lshift', 'b', 'r', 'a', 'd', 'l', 'e', 'y']",1.0
15,Bradley.mp4,Bradley,,,
16,Brandon.mp4,Brandon,Brandon,"['lshift', 'b', 'r', 'a', 'n', 'd', 'o', 'n']",1.0
17,Brandon.mp4,Brandon,,,
18,Brian.mp4,Brian,Brian,"['lshift', 'b', 'r', 'a', 'n', 'd', 'o', 'n', 'backspace', 'backspace', 'backspace', 'backspace', 'backspace', 'backspace', 'i', 'r', 'backspace', 'backspace', 'r', 'i', 'a', 'n']",1.0
19,Brian.mp4,Brian,,,
20,Brianna.mp4,Brianna,,"['lshift', 'j', 'backspace']",0.0
21,Brianna.mp4,Brianna,,,
22,Brittany.mp4,Brittany,Brittany,"['lshift', 'b', 'r', 'i', 't', 't', 'a', 'n', 'y']",1.0
23,Brittany.mp4,Brittany,,,
24,Caleb.mp4,Caleb,Brian,"['lshift', 'lshift', 'b', 'a', 'r', 'backspace', 'backspace', 'backspace', 'lshift', 'b', 'r', 'a', 'backspace', 'i', 'a', 'n']",0.0
25,Caleb.mp4,Caleb,,,
26,Cody.mp4,Cody,Cody,"['lshift', 'c', 'o', 'd', 'y']",1.0
27,Cody.mp4,Cody,,,
28,Courtney.mp4,Courtney,Olivia,"['lshift', 'a', 'a', 'backspace', 'backspace', 'lshift', 'o', 'i', 'backspace', 'l', 'i', 'v', 'i', 'a']",0.0
29,Courtney.mp4,Courtney,,,
30,Daniel.mp4,Daniel,David,"['lshift', 'd', 'a', 'v', 'i', 'd']",0.0
31,Daniel.mp4,Daniel,,,
32,Danielle.mp4,Danielle,Jesi,"['lshift', 'j', 'a', 's', 'm', 'i', 'n', 'e', 'backspace', 'backspace', 'backspace', 'backspace', 'backspace', 'backspace', 'e', 'n', 'n', 'a', 'backspace', 'backspace', 'backspace', 'backspace', 'e', 's', 'i']",0.0
33,Danielle.mp4,Danielle,,,
34,David.mp4,David,Andrew,"['lshift', 'a', 'n', 'd', 'r', 'e', 'w']",0.0
35,David.mp4,David,,,
36,Dylan.mp4,Dylan,Michael,"['lshift', 'm', 'i', 'c', 'h', 'a', 'e', 'l']",0.0
37,Dylan.mp4,Dylan,,,
38,Emily.mp4,Emily,,"['lshift', 'a', 'm', 'a', 'n', 'd', 'a', 'backspace', 'backspace', 'backspace', 'backspace', 'backspace', 'backspace', 'backspace', 'lshift']",0.0
39,Emily.mp4,Emily,,,
40,Eric.mp4,Eric,Kyle,"['lshift', 'lshift', 'k', 'y', 'l', 'e']",0.0
41,Eric.mp4,Eric,,,
42,Ethan.mp4,Ethan,David,"['lshift', 'lshift', 'd', 'a', 'v', 'i', 'd']",0.0
43,Ethan.mp4,Ethan,,,
44,Grace.mp4,Grace,Grace,"['lshift', 'a', 'n', 'backspace', 'd', 'r', 'i', 'a', 'n', 'a', 'backspace', 'backspace', 'backspace', 'backspace', 'backspace', 'backspace', 'lshift', 'backspace', 'g', 'r', 'a', 'n', 'backspace', 'c', 'e']",1.0
45,Grace.mp4,Grace,,,
46,Haley.mp4,Haley,Olive,"['lshift', 'o', 'l', 'i', 'v', 'e']",0.0
47,Haley.mp4,Haley,,,
48,Hannah.mp4,Hannah,Hannah,"['lshift', 'h', 'a', 'n', 'n', 'a', 'h']",1.0
49,Hannah.mp4,Hannah,,,
50,Heather.mp4,Heather,Lauren,"['lshift', 'lshift', 'l', 'a', 'u', 'r', 'e', 'n']",0.0
51,Heather.mp4,Heather,,,
52,Jacob.mp4,Jacob,Ethan,"['lshift', 'n', 'a', 't', 'h', 'a', 'n', 'backspace', 'backspace', 'backspace', 'backspace', 'backspace', 'backspace', 'lshift', 'k', 'y', 'backspace', 'backspace', 'lshift', 'e', 't', 'i', 'a', 'h', 'n', 'backspace', 'backspace', 'backspace', 'backspace', 'h', 'a', 'n']",0.0
53,Jacob.mp4,Jacob,,,
54,Jason.mp4,Jason,Jason,"['lshift', 'j', 'a', 's', 'o', 'n']",1.0
55,Jason.mp4,Jason,,,
56,Jenna.mp4,Jenna,Amanda,"['lshift', 'j', 'backspace', 'lshift', 'a', 'm', 'a', 'n', 'd', 'a']",0.0
57,Jenna.mp4,Jenna,,,
58,Jeremy.mp4,Jeremy,Jeremy,"['lshift', 'k', 'e', 'v', 'i', 'n', 'backspace', 'backspace', 'backspace', 'backspace', 'backspace', 'backspace', 'lshift', 'j', 'e', 'r', 'e', 'm', 'y']",1.0
59,Jeremy.mp4,Jeremy,,,
60,Jessica.mp4,Jessica,Jessica,"['lshift', 'lshift', 'j', 'e', 's', 's', 'i', 'c', 'a']",1.0
61,Jessica.mp4,Jessica,,,
62,Josh.mp4,Josh,Josh,"['lshift', 'j', 'o', 's', 'h']",1.0
63,Josh.mp4,Josh,,,
64,Julia.mp4,Julia,Anna,"['lshift', 'a', 'n', 'n', 'a']",0.0
65,Julia.mp4,Julia,,,
66,Justin.mp4,Justin,Trevor,"['lshift', 't', 'y', 'l', 'backspace', 'l', 'e', 'r', 'backspace', 'backspace', 'backspace', 'backspace', 'r', 'e', 'v', 'o', 'r']",0.0
67,Justin.mp4,Justin,,,
68,Katie.mp4,Katie,Brianne,"['lshift', 'b', 'r', 'i', 'a', 'n', 'n', 'e']",0.0
69,Katie.mp4,Katie,,,
70,Kayla.mp4,Kayla,Kayla,"['lshift', 'k', 'a', 'y', 'l', 'a']",1.0
71,Kayla.mp4,Kayla,,,
72,Kelsey.mp4,Kelsey,Jaime,"['lshift', 'j', 'a', 'i', 'e', 'backspace', 'm', 'e']",0.0
73,Kelsey.mp4,Kelsey,,,
74,Kevin.mp4,Kevin,Kevin,"['lshift', 'k', 'e', 'v', 'i', 'n']",1.0
75,Kevin.mp4,Kevin,,,
76,Kyle.mp4,Kyle,Ethan,"['lshift', 'e', 't', 'h', 'a', 'n']",0.0
77,Kyle.mp4,Kyle,,,
78,Lauren.mp4,Lauren,Jennifer,"['lshift', 'j', 'e', 'n', 'n', 'i', 'f', 'e', 'r']",0.0
79,Lauren.mp4,Lauren,,,
80,Mark.mp4,Mark,William,"['lshift', 'w', 'i', 'l', 'l', 'i', 'a', 'm']",0.0
81,Mark.mp4,Mark,,,
82,Matthew.mp4,Matthew,Zachary,"['lshift', 'z', 'a', 'c', 'h', 'r', 'y', 'backspace', 'backspace', 'a', 'r', 'y', 'space']",0.0
83,Matthew.mp4,Matthew,,,
84,Megan.mp4,Megan,Meghan,"['lshift', 'm', 'e', 'g', 'h', 'a', 'n']",1.0
85,Megan.mp4,Megan,,,
86,Michael.mp4,Michael,,"['lshift', 'lshift', 'lshift', 'k', 'e', 'v', 'i', 'n', 'backspace', 'backspace', 'backspace', 'backspace', 'backspace', 'lshift', 'd', 'a', 'n', 'i', 'e', 'l', 'backspace', 'backspace', 'backspace', 'backspace', 'backspace', 'backspace']",0.0
87,Michael.mp4,Michael,,,
88,Michelle.mp4,Michelle,Michelle,"['lshift', 'm', 'i', 'c', 'h', 'e', 'l', 'l', 'e']",1.0
89,Michelle.mp4,Michelle,,,
90,Natalie.mp4,Natalie,Jenna,"['lshift', 'j', 'e', 'n', 'n', 'a']",0.0
91,Natalie.mp4,Natalie,,,
92,Nathan.mp4,Nathan,Nathan,"['lshift', 'n', 'a', 't', 'h', 'a', 'n']",1.0
93,Nathan.mp4,Nathan,,,
94,Nicole.mp4,Nicole,Amana,"['lshift', 'a', 'm', 'a', 'n', 'a']",0.0
95,Nicole.mp4,Nicole,,,
96,Noah.mp4,Noah,Ryan,"['lshift', 'r', 'y', 'a', 'n']",0.0
97,Noah.mp4,Noah,,,
98,Olivia.mp4,Olivia,Jenny,"['lshift', 'lshift', 'j', 'e', 'n', 'n', 'y']",0.0
99,Olivia.mp4,Olivia,,,
100,Rachel.mp4,Rachel,Rachel,"['lshift', 'r', 'a', 'h', 'e', 'backspace', 'backspace', 'c', 'h', 'e', 'l']",1.0
101,Rachel.mp4,Rachel,,,
102,Rebecca.mp4,Rebecca,Rebecca,"['lshift', 'r', 'e', 'b', 'e', 'c', 'c', 'a']",1.0
103,Rebecca.mp4,Rebecca,,,
104,Sarah.mp4,Sarah,Arienne,"['lshift', 'a', 'r', 'i', 'e', 'n', 'n', 'e']",0.0
105,Sarah.mp4,Sarah,,,
106,Shelby.mp4,Shelby,Kary,"['lshift', 'o', 'l', 'i', 'backspace', 'backspace', 'backspace', 'lshift', 'k', 'a', 'r', 'y']",0.0
107,Shelby.mp4,Shelby,,,
108,Steven.mp4,Steven,Nathan,"['lshift', 'n', 'a', 't', 'h', 'a', 'n']",0.0
109,Steven.mp4,Steven,,,
110,Taylor.mp4,Taylor,Taylor,"['lshift', 't', 'a', 'y', 'l', 'o', 'r']",1.0
111,Taylor.mp4,Taylor,,,
112,Thomas.mp4,Thomas,Trevor,"['lshift', 't', 'r', 'e', 'v', 'backspace', 'backspace', 'backspace', 'a', 'y', 'backspace', 'backspace', 'r', 'e', 'v', 'o', 'r']",0.0
113,Thomas.mp4,Thomas,,,
114,Timothy.mp4,Timothy,Tyler,"['lshift', 't', 'y', 'l', 'e', 'r']",0.0
115,Timothy.mp4,Timothy,,,
116,Trevor.mp4,Trevor,Steven,"['lshift', 's', 't', 'e', 'space', 'v', 'e', 'n', 'backspace', 'backspace', 'backspace', 'backspace', 'v', 'e', 'n']",0.0
117,Trevor.mp4,Trevor,,,
118,Tyler.mp4,Tyler,Tyler,"['lshift', 't', 'y', 'e', 'l', 'backspace', 'backspace', 'l', 'e', 'r']",1.0
119,Tyler.mp4,Tyler,,,
