,Video,Name,inputText,key_resp_3.keys,recallRating_F
0,Aaron.mp4,Aaron,John,"['rshift', 'j', 'o', 'h', 'n']",0.0
1,Aaron.mp4,Aaron,,,
2,Adam.mp4,Adam,Josh,"['rshift', 'd', 'u', 'n', 'c', 'backspace', 'backspace', 'backspace', 'backspace', 'rshift', 'rshift', 'j', 'o', 's', 'h']",0.0
3,Adam.mp4,Adam,,,
4,Alyssa.mp4,Alyssa,Sarah,"['rshift', 'rshift', 's', 'a', 'r', 'a', 'h']",0.0
5,Alyssa.mp4,Alyssa,,,
6,Amanda.mp4,Amanda,,None,0.0
7,Amanda.mp4,Amanda,,,
8,Andrew.mp4,Andrew,Caleb,"['rshift', 'c', 'a', 'l', 'b', 'backspace', 'e', 'b']",0.0
9,Andrew.mp4,Andrew,,,
10,Anna.mp4,Anna,Lydia,"['rshift', 'l', 'backspace', 'rshift', 'l', 'y', 'd', 'i', 'a']",0.0
11,Anna.mp4,Anna,,,
12,Ashley.mp4,Ashley,,None,0.0
13,Ashley.mp4,Ashley,,,
14,Bradley.mp4,Bradley,Bradley,"['rshift', 'b', 'r', 'a', 'd', 'l', 'e', 'y']",1.0
15,Bradley.mp4,Bradley,,,
16,Brandon.mp4,Brandon,,None,0.0
17,Brandon.mp4,Brandon,,,
18,Brian.mp4,Brian,,None,0.0
19,Brian.mp4,Brian,,,
20,Brianna.mp4,Brianna,,None,0.0
21,Brianna.mp4,Brianna,,,
22,Brittany.mp4,Brittany,Megan,"['rshift', 'j', 'backspace', 'rshift', 'm', 'e', 'g', 'a', 'n']",0.0
23,Brittany.mp4,Brittany,,,
24,Caleb.mp4,Caleb,,None,0.0
25,Caleb.mp4,Caleb,,,
26,Cody.mp4,Cody,Trevor,"['rshift', 't', 'r', 'backspace', 'r', 'e', 'v', 'o', 'r', 'backspace', 'backspace', 'backspace', 'backspace', 'backspace', 'r', 'e', 'v', 'o', 'r']",0.0
27,Cody.mp4,Cody,,,
28,Courtney.mp4,Courtney,Megan,"['rshift', 'm', 'e', 'g', 'a', 'n']",0.0
29,Courtney.mp4,Courtney,,,
30,Daniel.mp4,Daniel,David,"['rshift', 'd', 'a', 'v', 'i', 'd']",0.0
31,Daniel.mp4,Daniel,,,
32,Danielle.mp4,Danielle,Dianne,"['rshift', 'd', 'i', 'a', 'n', 'backspace', 'backspace', 'a', 'n', 'n', 'e']",0.0
33,Danielle.mp4,Danielle,,,
34,David.mp4,David,David,"['rshift', 'd', 'a', 'v', 'i', 'd']",1.0
35,David.mp4,David,,,
36,Dylan.mp4,Dylan,,"['rshift', 'j', 'o', 'h', 'n', 'backspace', 'backspace', 'backspace', 'backspace']",0.0
37,Dylan.mp4,Dylan,,,
38,Emily.mp4,Emily,Sarah,"['rshift', 's', 'a', 'r', 'a', 'h']",0.0
39,Emily.mp4,Emily,,,
40,Eric.mp4,Eric,Eric,"['rshift', 'e', 'r', 'i', 'c']",1.0
41,Eric.mp4,Eric,,,
42,Ethan.mp4,Ethan,Brian,"['rshift', 'rshift', 'b', 'r', 'i', 'a', 'n']",0.0
43,Ethan.mp4,Ethan,,,
44,Grace.mp4,Grace,Rachel,"['rshift', 'r', 'a', 'c', 'h', 'e', 'l']",0.0
45,Grace.mp4,Grace,,,
46,Haley.mp4,Haley,Julia,"['rshift', 'j', 'u', 'l', 'i', 'a']",0.0
47,Haley.mp4,Haley,,,
48,Hannah.mp4,Hannah,Ashley,"['rshift', 'a', 's', 'h', 'l', 'e', 'y']",0.0
49,Hannah.mp4,Hannah,,,
50,Heather.mp4,Heather,Ashley,"['rshift', 'j', 'e', 's', 's', 'c', 'backspace', 'i', 'backspace', 'backspace', 'backspace', 'backspace', 'backspace', 'rshift', 'a', 's', 'h', 'l', 'e', 'y']",0.0
51,Heather.mp4,Heather,,,
52,Jacob.mp4,Jacob,Josh,"['rshift', 'j', 'o', 's', 'h']",0.0
53,Jacob.mp4,Jacob,,,
54,Jason.mp4,Jason,Brian,"['rshift', 'b', 'r', 'i', 'a', 'n']",0.0
55,Jason.mp4,Jason,,,
56,Jenna.mp4,Jenna,,None,0.0
57,Jenna.mp4,Jenna,,,
58,Jeremy.mp4,Jeremy,Timothy,"['t', 'i', 'm', 'o', 'backspace', 'backspace', 'backspace', 'backspace', 'rshift', 'rshift', 't', 'i', 'm', 'o', 't', 'h', 'y']",0.0
59,Jeremy.mp4,Jeremy,,,
60,Jessica.mp4,Jessica,Jessica,"['rshift', 'rshift', 'j', 'e', 's', 's', 'i', 'c', 'a']",1.0
61,Jessica.mp4,Jessica,,,
62,Josh.mp4,Josh,John,"['rshift', 'j', 'o', 'h', 'n']",0.0
63,Josh.mp4,Josh,,,
64,Julia.mp4,Julia,Julia,"['rshift', 'j', 'u', 'l', 'i', 'a']",1.0
65,Julia.mp4,Julia,,,
66,Justin.mp4,Justin,,None,0.0
67,Justin.mp4,Justin,,,
68,Katie.mp4,Katie,Kayla,"['rshift', 'k', 'a', 'y', 'l', 'a', '1', 'backspace', 'return', 'space']",0.0
69,Katie.mp4,Katie,,,
70,Kayla.mp4,Kayla,Olivia,"['rshift', 'o', 'l', 'i', 'v', 'i', 'a']",0.0
71,Kayla.mp4,Kayla,,,
72,Kelsey.mp4,Kelsey,Ashley,"['rshift', 'a', 's', 'h', 'l', 'e', 'y']",0.0
73,Kelsey.mp4,Kelsey,,,
74,Kevin.mp4,Kevin,Jacob,"['rshift', 'j', 'a', 'c', 'o', 'b']",0.0
75,Kevin.mp4,Kevin,,,
76,Kyle.mp4,Kyle,Cooper,"['rshift', 'c', 'o', 'o', 'p', 'e', 'r']",0.0
77,Kyle.mp4,Kyle,,,
78,Lauren.mp4,Lauren,Ashley,"['rshift', 'a', 's', 'h', 'l', 'e', 'y']",0.0
79,Lauren.mp4,Lauren,,,
80,Mark.mp4,Mark,Mark,"['rshift', 'm', 'a', 'r', 'k']",1.0
81,Mark.mp4,Mark,,,
82,Matthew.mp4,Matthew,Timothy,"['rshift', 't', 'i', 'm', 'o', 't', 'h', 'y']",0.0
83,Matthew.mp4,Matthew,,,
84,Megan.mp4,Megan,Ashley,"['rshift', 'a', 'h', 'backspace', 's', 'h', 'l', 'e', 'y']",0.0
85,Megan.mp4,Megan,,,
86,Michael.mp4,Michael,Brian,"['rshift', 'rshift', 'b', 'r', 'i', 'a', 'n']",0.0
87,Michael.mp4,Michael,,,
88,Michelle.mp4,Michelle,Ashley,"['rshift', 'a', 's', 'h', 'l', 'e', 't', 'y', 'backspace', 'backspace', 'y']",0.0
89,Michelle.mp4,Michelle,,,
90,Natalie.mp4,Natalie,,None,0.0
91,Natalie.mp4,Natalie,,,
92,Nathan.mp4,Nathan,,None,0.0
93,Nathan.mp4,Nathan,,,
94,Nicole.mp4,Nicole,Olivia,"['rshift', 'o', 'l', 'i', 'v', 'i', 'a']",0.0
95,Nicole.mp4,Nicole,,,
96,Noah.mp4,Noah,Jacob,"['rshift', 'j', 'a', 'c', 'o', 'b']",0.0
97,Noah.mp4,Noah,,,
98,Olivia.mp4,Olivia,Ashley,"['rshift', 'a', 's', 'h', 'l', 'e', 'y']",0.0
99,Olivia.mp4,Olivia,,,
100,Rachel.mp4,Rachel,Megan,"['rshift', 'm', 'e', 'g', 'a', 'n']",0.0
101,Rachel.mp4,Rachel,,,
102,Rebecca.mp4,Rebecca,Olivia,"['rshift', 'o', 'l', 'i', 'v', 'i', 'a']",0.0
103,Rebecca.mp4,Rebecca,,,
104,Sarah.mp4,Sarah,,None,0.0
105,Sarah.mp4,Sarah,,,
106,Shelby.mp4,Shelby,Olivia,"['rshift', 'o', 'l', 'i', 'v', 'i', 'a']",0.0
107,Shelby.mp4,Shelby,,,
108,Steven.mp4,Steven,,None,0.0
109,Steven.mp4,Steven,,,
110,Taylor.mp4,Taylor,kayla,"['k', 'a', 'y', 'l', 'a', 'return', 'space']",0.0
111,Taylor.mp4,Taylor,,,
112,Thomas.mp4,Thomas,,None,0.0
113,Thomas.mp4,Thomas,,,
114,Timothy.mp4,Timothy,Timothy,"['rshift', 't', 'i', 'm', 'o', 't', 'h', 'y']",1.0
115,Timothy.mp4,Timothy,,,
116,Trevor.mp4,Trevor,,"['rshift', 'j', 'backspace']",0.0
117,Trevor.mp4,Trevor,,,
118,Tyler.mp4,Tyler,Eric,"['rshift', 'e', 'r', 'i', 'c']",0.0
119,Tyler.mp4,Tyler,,,
