,Video,Name,inputText,key_resp_3.keys,recallRating_F
0,Aaron.mp4,Aaron,Mike,"['lshift', 'm', 'i', 'k', 'e']",0.0
1,Aaron.mp4,Aaron,,,
2,Adam.mp4,Adam,Jacob,"['lshift', 'j', 'a', 'c', 'o', 'n', 'backspace', 'b']",0.0
3,Adam.mp4,Adam,,,
4,Alyssa.mp4,Alyssa,Monica,"['lshift', 'm', 'o', 'n', 'i', 'c', 'a']",0.0
5,Alyssa.mp4,Alyssa,,,
6,Amanda.mp4,Amanda,,None,0.0
7,Amanda.mp4,Amanda,,,
8,Andrew.mp4,Andrew,Nathan,"['lshift', 'lshift', 'n', 'a', 't', 'h', 'a', 'n', '1', 'backspace']",0.0
9,Andrew.mp4,Andrew,,,
10,Anna.mp4,Anna,,None,0.0
11,Anna.mp4,Anna,,,
12,Ashley.mp4,Ashley,Heather,"['lshift', 'h', 'e', 'a', 't', 'h', 'e', 'r']",0.0
13,Ashley.mp4,Ashley,,,
14,Bradley.mp4,Bradley,,['space'],0.0
15,Bradley.mp4,Bradley,,,
16,Brandon.mp4,Brandon,,None,0.0
17,Brandon.mp4,Brandon,,,
18,Brian.mp4,Brian,,None,0.0
19,Brian.mp4,Brian,,,
20,Brianna.mp4,Brianna,,None,0.0
21,Brianna.mp4,Brianna,,,
22,Brittany.mp4,Brittany,Heather,"['lshift', 'h', 'e', 'a', 't', 'h', 'e', 'r']",0.0
23,Brittany.mp4,Brittany,,,
24,Caleb.mp4,Caleb,Matthew,"['lshift', 'm', 'a', 't', 't', 'backspace', 'h', 'backspace', 't', 'h', 'e', 'w']",0.0
25,Caleb.mp4,Caleb,,,
26,Cody.mp4,Cody,,"['lshift', 'm', 'backspace']",0.0
27,Cody.mp4,Cody,,,
28,Courtney.mp4,Courtney,,None,0.0
29,Courtney.mp4,Courtney,,,
30,Daniel.mp4,Daniel,Jacob,"['lshift', 'j', 'a', 'c', 'o', 'b']",0.0
31,Daniel.mp4,Daniel,,,
32,Danielle.mp4,Danielle,Sara,"['lshift', 's', 'a', 'r', 'a']",0.0
33,Danielle.mp4,Danielle,,,
34,David.mp4,David,Dave,"['lshift', 'd', 'a', 'c', 'backspace', 'v', 'e']",1.0
35,David.mp4,David,,,
36,Dylan.mp4,Dylan,Dave,"['lshift', 'd', 'a', 'v', 'e']",0.0
37,Dylan.mp4,Dylan,,,
38,Emily.mp4,Emily,Jessica,"['lshift', 'j', 'e', 's', 's', 'i', 'c', 'a']",0.0
39,Emily.mp4,Emily,,,
40,Eric.mp4,Eric,Mathew,"['lshift', 'm', 'a', 't', 'h', 'e', 'w', 'left', 'left', 'left', 't', 'backspace']",0.0
41,Eric.mp4,Eric,,,
42,Ethan.mp4,Ethan,John,"['lshift', 'j', 'o', 'h', 'n']",0.0
43,Ethan.mp4,Ethan,,,
44,Grace.mp4,Grace,Ashley,"['lshift', 'a', 's', 'h', 'l', 'e', 'y']",0.0
45,Grace.mp4,Grace,,,
46,Haley.mp4,Haley,,None,0.0
47,Haley.mp4,Haley,,,
48,Hannah.mp4,Hannah,,None,0.0
49,Hannah.mp4,Hannah,,,
50,Heather.mp4,Heather,Ashley,"['lshift', 'a', 's', 'h', 'l', 'e', 'y']",0.0
51,Heather.mp4,Heather,,,
52,Jacob.mp4,Jacob,,None,0.0
53,Jacob.mp4,Jacob,,,
54,Jason.mp4,Jason,,None,0.0
55,Jason.mp4,Jason,,,
56,Jenna.mp4,Jenna,And,"['lshift', 'a', 'n', 'd']",0.0
57,Jenna.mp4,Jenna,,,
58,Jeremy.mp4,Jeremy,,None,0.0
59,Jeremy.mp4,Jeremy,,,
60,Jessica.mp4,Jessica,,None,0.0
61,Jessica.mp4,Jessica,,,
62,Josh.mp4,Josh,,None,0.0
63,Josh.mp4,Josh,,,
64,Julia.mp4,Julia,,None,0.0
65,Julia.mp4,Julia,,,
66,Justin.mp4,Justin,,None,0.0
67,Justin.mp4,Justin,,,
68,Katie.mp4,Katie,Natlie,"['lshift', 'n', 'a', 't', 'l', 'i', 'e', 'return', 'space']",0.0
69,Katie.mp4,Katie,,,
70,Kayla.mp4,Kayla,,None,0.0
71,Kayla.mp4,Kayla,,,
72,Kelsey.mp4,Kelsey,,None,0.0
73,Kelsey.mp4,Kelsey,,,
74,Kevin.mp4,Kevin,Jacob,"['lshift', 'j', 'a', 'c', 'o', 'b']",0.0
75,Kevin.mp4,Kevin,,,
76,Kyle.mp4,Kyle,Tyler,"['lshift', 't', 'y', 'l', 'e', 'r']",0.0
77,Kyle.mp4,Kyle,,,
78,Lauren.mp4,Lauren,Abigai,"['lshift', 'a', 'b', 'i', 'h', 'backspace', 'g', 'a', 'i', 'l', 'backspace']",0.0
79,Lauren.mp4,Lauren,,,
80,Mark.mp4,Mark,,None,0.0
81,Mark.mp4,Mark,,,
82,Matthew.mp4,Matthew,Matthew,"['lshift', 'm', 'a', 't', 't', 'h', 'e', 'w']",1.0
83,Matthew.mp4,Matthew,,,
84,Megan.mp4,Megan,N,"['lshift', 'n', 'a']",0.0
85,Megan.mp4,Megan,,,
86,Michael.mp4,Michael,,None,0.0
87,Michael.mp4,Michael,,,
88,Michelle.mp4,Michelle,,None,0.0
89,Michelle.mp4,Michelle,,,
90,Natalie.mp4,Natalie,Jessica,"['lshift', 'j', 'e', 's', 's', 'i', 'c', 'a']",0.0
91,Natalie.mp4,Natalie,,,
92,Nathan.mp4,Nathan,Nathan,"['lshift', 'n', 'a', 't', 'h', 'a', 'n']",1.0
93,Nathan.mp4,Nathan,,,
94,Nicole.mp4,Nicole,,None,0.0
95,Nicole.mp4,Nicole,,,
96,Noah.mp4,Noah,,None,0.0
97,Noah.mp4,Noah,,,
98,Olivia.mp4,Olivia,,None,0.0
99,Olivia.mp4,Olivia,,,
100,Rachel.mp4,Rachel,Ashley,"['lshift', 'a', 's', 'h', 'l', 'e', 'y', 'return']",0.0
101,Rachel.mp4,Rachel,,,
102,Rebecca.mp4,Rebecca,,None,0.0
103,Rebecca.mp4,Rebecca,,,
104,Sarah.mp4,Sarah,Ashl,"['lshift', 'a', 's', 'h', 'l']",0.0
105,Sarah.mp4,Sarah,,,
106,Shelby.mp4,Shelby,Sara,"['lshift', 's', 'a', 'r', 'a']",0.0
107,Shelby.mp4,Shelby,,,
108,Steven.mp4,Steven,John,"['lshift', 'j', 'o', 'h', 'n']",0.0
109,Steven.mp4,Steven,,,
110,Taylor.mp4,Taylor,,None,0.0
111,Taylor.mp4,Taylor,,,
112,Thomas.mp4,Thomas,,['lshift'],0.0
113,Thomas.mp4,Thomas,,,
114,Timothy.mp4,Timothy,,None,0.0
115,Timothy.mp4,Timothy,,,
116,Trevor.mp4,Trevor,Bryan,"['lshift', 'b', 'r', 'y', 'a', 'n']",0.0
117,Trevor.mp4,Trevor,,,
118,Tyler.mp4,Tyler,,None,0.0
119,Tyler.mp4,Tyler,,,
