,Video,Name,inputText,key_resp_3.keys,recallRating_F
0,Aaron.mp4,Aaron,,None,0.0
1,Aaron.mp4,Aaron,,,
2,Adam.mp4,Adam,adam,"['a', 'd', 'a', 'm']",1.0
3,Adam.mp4,Adam,,,
4,Alyssa.mp4,Alyssa,,None,0.0
5,Alyssa.mp4,Alyssa,,,
6,Amanda.mp4,Amanda,amanda,"['a', 'm', 'a', 'n', 'd', 'a']",1.0
7,Amanda.mp4,Amanda,,,
8,Andrew.mp4,Andrew,andrew,"['a', 'n', 'd', 'r', 'w', 'backspace', 'e', 'w']",1.0
9,Andrew.mp4,Andrew,,,
10,Anna.mp4,Anna,anna,"['a', 'n', 'n', 'a']",1.0
11,Anna.mp4,Anna,,,
12,Ashley.mp4,Ashley,ruby,"['r', 'u', 'b', 'y']",0.0
13,Ashley.mp4,Ashley,,,
14,Bradley.mp4,Bradley,,None,0.0
15,Bradley.mp4,Bradley,,,
16,Brandon.mp4,Brandon,,None,0.0
17,Brandon.mp4,Brandon,,,
18,Brian.mp4,Brian,andrew,"['a', 'n', 'd', 'r', 'e', 'w']",0.0
19,Brian.mp4,Brian,,,
20,Brianna.mp4,Brianna,,None,0.0
21,Brianna.mp4,Brianna,,,
22,Brittany.mp4,Brittany,,None,0.0
23,Brittany.mp4,Brittany,,,
24,Caleb.mp4,Caleb,,None,0.0
25,Caleb.mp4,Caleb,,,
26,Cody.mp4,Cody,david,"['d', 'a', 'v', 'i', 'd']",0.0
27,Cody.mp4,Cody,,,
28,Courtney.mp4,Courtney,lauren,"['l', 'a', 'u', 'r', 'e', 'n']",0.0
29,Courtney.mp4,Courtney,,,
30,Daniel.mp4,Daniel,kevin,"['k', 'e', 'v', 'i', 'n']",0.0
31,Daniel.mp4,Daniel,,,
32,Danielle.mp4,Danielle,zenyao,"['z', 'e', 'n', 'y', 'a', 'o']",0.0
33,Danielle.mp4,Danielle,,,
34,David.mp4,David,jason,"['j', 'a', 's', 'o', 'n']",0.0
35,David.mp4,David,,,
36,Dylan.mp4,Dylan,michael,"['m', 'i', 'c', 'h', 'a', 'e', 'l']",0.0
37,Dylan.mp4,Dylan,,,
38,Emily.mp4,Emily,anna,"['g', 'r', 'a', 'c', 'e', 'backspace', 'backspace', 'backspace', 'backspace', 'backspace', 'a', 'n', 'n', 'a']",0.0
39,Emily.mp4,Emily,,,
40,Eric.mp4,Eric,david,"['d', 'a', 'v', 'i', 'd']",0.0
41,Eric.mp4,Eric,,,
42,Ethan.mp4,Ethan,mathew,"['m', 'a', 't', 'h', 'e', 'w']",0.0
43,Ethan.mp4,Ethan,,,
44,Grace.mp4,Grace,grace,"['g', 'r', 'c', 'backspace', 'a', 'c', 'e']",1.0
45,Grace.mp4,Grace,,,
46,Haley.mp4,Haley,,None,0.0
47,Haley.mp4,Haley,,,
48,Hannah.mp4,Hannah,,None,0.0
49,Hannah.mp4,Hannah,,,
50,Heather.mp4,Heather,,None,0.0
51,Heather.mp4,Heather,,,
52,Jacob.mp4,Jacob,noah,"['n', 'o', 'a', 'h']",0.0
53,Jacob.mp4,Jacob,,,
54,Jason.mp4,Jason,,None,0.0
55,Jason.mp4,Jason,,,
56,Jenna.mp4,Jenna,madn,"['m', 'a', 'd', 'n']",0.0
57,Jenna.mp4,Jenna,,,
58,Jeremy.mp4,Jeremy,david,"['d', 'a', 'v', 'i', 'd']",0.0
59,Jeremy.mp4,Jeremy,,,
60,Jessica.mp4,Jessica,jessica,"['j', 'e', 's', 's', 'i', 'c', 'a']",1.0
61,Jessica.mp4,Jessica,,,
62,Josh.mp4,Josh,,None,0.0
63,Josh.mp4,Josh,,,
64,Julia.mp4,Julia,,None,0.0
65,Julia.mp4,Julia,,,
66,Justin.mp4,Justin,,None,0.0
67,Justin.mp4,Justin,,,
68,Katie.mp4,Katie,,None,0.0
69,Katie.mp4,Katie,,,
70,Kayla.mp4,Kayla,ka,"['k', 'a']",0.0
71,Kayla.mp4,Kayla,,,
72,Kelsey.mp4,Kelsey,,None,0.0
73,Kelsey.mp4,Kelsey,,,
74,Kevin.mp4,Kevin,kevin,"['k', 'e', 'v', 'i', 'n']",1.0
75,Kevin.mp4,Kevin,,,
76,Kyle.mp4,Kyle,,None,0.0
77,Kyle.mp4,Kyle,,,
78,Lauren.mp4,Lauren,lauren,"['l', 'a', 'u', 'r', 'e', 'n']",1.0
79,Lauren.mp4,Lauren,,,
80,Mark.mp4,Mark,,None,0.0
81,Mark.mp4,Mark,,,
82,Matthew.mp4,Matthew,mathew,"['m', 'a', 't', 'h', 'e', 'w']",1.0
83,Matthew.mp4,Matthew,,,
84,Megan.mp4,Megan,rach,"['r', 'a', 'c', 'h']",0.0
85,Megan.mp4,Megan,,,
86,Michael.mp4,Michael,,None,0.0
87,Michael.mp4,Michael,,,
88,Michelle.mp4,Michelle,michael,"['m', 'i', 'c', 'h', 'i', 'c', 'h', 'a', 'e', 'l', 'left', 'left', 'left', 'left', 'left', 'backspace', 'backspace', 'backspace', 'backspace', 'backspace', 'backspace', 'a', 'e', 'l']",0.0
89,Michelle.mp4,Michelle,,,
90,Natalie.mp4,Natalie,natalie,"['m', 'a', 't', 'a', 'l', 'i', 'e', 'backspace', 'backspace', 'backspace', 'backspace', 'backspace', 'backspace', 'backspace', 'n', 'a', 't', 'a', 'l', 'i', 'e']",1.0
91,Natalie.mp4,Natalie,,,
92,Nathan.mp4,Nathan,nathan,"['n', 'a', 't', 'h', 'a', 'n']",1.0
93,Nathan.mp4,Nathan,,,
94,Nicole.mp4,Nicole,kathrine,"['k', 'a', 't', 'h', 'r', 'i', 'n', 'e']",0.0
95,Nicole.mp4,Nicole,,,
96,Noah.mp4,Noah,daniel,"['d', 'a', 'n', 'i', 'e', 'l']",0.0
97,Noah.mp4,Noah,,,
98,Olivia.mp4,Olivia,rebe,"['r', 'e', 'b', 'e']",0.0
99,Olivia.mp4,Olivia,,,
100,Rachel.mp4,Rachel,rachel,"['r', 'a', 'c', 'h', 'e', 'l']",1.0
101,Rachel.mp4,Rachel,,,
102,Rebecca.mp4,Rebecca,rebecca,"['r', 'e', 'b', 'e', 'c', 'c', 'a']",1.0
103,Rebecca.mp4,Rebecca,,,
104,Sarah.mp4,Sarah,sara,"['s', 'a', 'r', 'a']",1.0
105,Sarah.mp4,Sarah,,,
106,Shelby.mp4,Shelby,shelby,"['s', 'h', 'e', 'l', 'b', 'y']",1.0
107,Shelby.mp4,Shelby,,,
108,Steven.mp4,Steven,,None,0.0
109,Steven.mp4,Steven,,,
110,Taylor.mp4,Taylor,,None,0.0
111,Taylor.mp4,Taylor,,,
112,Thomas.mp4,Thomas,,None,0.0
113,Thomas.mp4,Thomas,,,
114,Timothy.mp4,Timothy,,None,0.0
115,Timothy.mp4,Timothy,,,
116,Trevor.mp4,Trevor,,None,0.0
117,Trevor.mp4,Trevor,,,
118,Tyler.mp4,Tyler,david,"['d', 'a', 'v', 'i', 'd']",0.0
119,Tyler.mp4,Tyler,,,
