,Video,Name,inputText,key_resp_3.keys,recallRating_F
0,Aaron.mp4,Aaron,David,"['lshift', 'd', 'a', 'v', 'i', 'd']",0.0
1,Aaron.mp4,Aaron,,,
2,Adam.mp4,Adam,Kevin,"['lshift', 'k', 'e', 'v', 'i', 'n']",0.0
3,Adam.mp4,Adam,,,
4,Alyssa.mp4,Alyssa,Betty,"['lshift', 'b', 'e', 't', 't', 'y']",0.0
5,Alyssa.mp4,Alyssa,,,
6,Amanda.mp4,Amanda,,None,0.0
7,Amanda.mp4,Amanda,,,
8,Andrew.mp4,Andrew,,None,0.0
9,Andrew.mp4,Andrew,,,
10,Anna.mp4,Anna,,None,0.0
11,Anna.mp4,Anna,,,
12,Ashley.mp4,Ashley,Ashley,"['lshift', 'a', 's', 'h', 'l', 'e', 'y']",1.0
13,Ashley.mp4,Ashley,,,
14,Bradley.mp4,Bradley,,None,0.0
15,Bradley.mp4,Bradley,,,
16,Brandon.mp4,Brandon,Michael,"['lshift', 'm', 'i', 'c', 'h', 'a', 'e', 'l']",0.0
17,Brandon.mp4,Brandon,,,
18,Brian.mp4,Brian,,None,0.0
19,Brian.mp4,Brian,,,
20,Brianna.mp4,Brianna,Alyssa,"['lshift', 'a', 'l', 'y', 's', 's', 'a']",0.0
21,Brianna.mp4,Brianna,,,
22,Brittany.mp4,Brittany,Megan,"['lshift', 'm', 'e', 'g', 'a', 'n']",0.0
23,Brittany.mp4,Brittany,,,
24,Caleb.mp4,Caleb,dylan,"['d', 'y', 'l', 'a', 'n']",0.0
25,Caleb.mp4,Caleb,,,
26,Cody.mp4,Cody,,None,0.0
27,Cody.mp4,Cody,,,
28,Courtney.mp4,Courtney,Beth,"['lshift', 'b', 'e', 'e', 't', 'h', 'backspace', 'backspace', 'backspace', 't', 'h']",0.0
29,Courtney.mp4,Courtney,,,
30,Daniel.mp4,Daniel,Jonathan,"['lshift', 'j', 'o', 'n', 'a', 't', 'h', 'a', 'n', 'return']",0.0
31,Daniel.mp4,Daniel,,,
32,Danielle.mp4,Danielle,,None,0.0
33,Danielle.mp4,Danielle,,,
34,David.mp4,David,,None,0.0
35,David.mp4,David,,,
36,Dylan.mp4,Dylan,Dylan,"['lshift', 'd', 'y', 'l', 'a', 'm', 'backspace', 'n']",1.0
37,Dylan.mp4,Dylan,,,
38,Emily.mp4,Emily,Brianna,"['lshift', 'b', 'r', 'i', 'a', 'n', 'n', 'a', 'return']",0.0
39,Emily.mp4,Emily,,,
40,Eric.mp4,Eric,,"['1', 'backspace']",0.0
41,Eric.mp4,Eric,,,
42,Ethan.mp4,Ethan,,None,0.0
43,Ethan.mp4,Ethan,,,
44,Grace.mp4,Grace,,None,0.0
45,Grace.mp4,Grace,,,
46,Haley.mp4,Haley,Hatl,"['lshift', 'h', 'a', 't', 'backspace', 't', 'l', 'backspace']",0.0
47,Haley.mp4,Haley,,,
48,Hannah.mp4,Hannah,Jessica,"['lshift', 'j', 'e', 's', 's', 'c', 'backspace', 'i', 'c', 'a']",0.0
49,Hannah.mp4,Hannah,,,
50,Heather.mp4,Heather,,None,0.0
51,Heather.mp4,Heather,,,
52,Jacob.mp4,Jacob,Noah,"['lshift', 'n', 'o', 'a', 'h']",0.0
53,Jacob.mp4,Jacob,,,
54,Jason.mp4,Jason,James,"['lshift', 'j', 'a', 'm', 'e', 's']",0.0
55,Jason.mp4,Jason,,,
56,Jenna.mp4,Jenna,,None,0.0
57,Jenna.mp4,Jenna,,,
58,Jeremy.mp4,Jeremy,,None,0.0
59,Jeremy.mp4,Jeremy,,,
60,Jessica.mp4,Jessica,,None,0.0
61,Jessica.mp4,Jessica,,,
62,Josh.mp4,Josh,Josh,"['lshift', 'j', 'o', 's', 'h']",1.0
63,Josh.mp4,Josh,,,
64,Julia.mp4,Julia,Emily,"['lshift', 'e', 'm', 'i', 'l', 'y']",0.0
65,Julia.mp4,Julia,,,
66,Justin.mp4,Justin,,None,0.0
67,Justin.mp4,Justin,,,
68,Katie.mp4,Katie,saraj,"['s', 'a', 'r', 'a', 'j']",0.0
69,Katie.mp4,Katie,,,
70,Kayla.mp4,Kayla,sarah,"['s', 'a', 'r', 'a', 'h', 'return']",0.0
71,Kayla.mp4,Kayla,,,
72,Kelsey.mp4,Kelsey,,None,0.0
73,Kelsey.mp4,Kelsey,,,
74,Kevin.mp4,Kevin,james,"['j', 'm', 'backspace', 'a', 'm', 'e', 's', 'return', 'space', 'space']",0.0
75,Kevin.mp4,Kevin,,,
76,Kyle.mp4,Kyle,Jeremy,"['lshift', 'j', 'e', 'r', 'e', 'm', 'y']",0.0
77,Kyle.mp4,Kyle,,,
78,Lauren.mp4,Lauren,Betty,"['lshift', 'b', 'e', 't', 't', 'y', 'return']",0.0
79,Lauren.mp4,Lauren,,,
80,Mark.mp4,Mark,Nort,"['space', 'return', 'lshift', 'n', 'o', 'r', 't', 'h', 'e', 'n', 'backspace', 'backspace', 'backspace']",0.0
81,Mark.mp4,Mark,,,
82,Matthew.mp4,Matthew,,None,0.0
83,Matthew.mp4,Matthew,,,
84,Megan.mp4,Megan,,None,0.0
85,Megan.mp4,Megan,,,
86,Michael.mp4,Michael,michael,"['m', 'i', 'c', 'h', 'a', 'e', 'l']",1.0
87,Michael.mp4,Michael,,,
88,Michelle.mp4,Michelle,,None,0.0
89,Michelle.mp4,Michelle,,,
90,Natalie.mp4,Natalie,Hannah,"['lshift', 'h', 'a', 'n', 'n', 'a', 'h']",0.0
91,Natalie.mp4,Natalie,,,
92,Nathan.mp4,Nathan,Daniel,"['lshift', 'd', 'a', 'n', 'i', 'e', 'l', 'return']",0.0
93,Nathan.mp4,Nathan,,,
94,Nicole.mp4,Nicole,,['lshift'],0.0
95,Nicole.mp4,Nicole,,,
96,Noah.mp4,Noah,,None,0.0
97,Noah.mp4,Noah,,,
98,Olivia.mp4,Olivia,,"['1', 'backspace']",0.0
99,Olivia.mp4,Olivia,,,
100,Rachel.mp4,Rachel,,None,0.0
101,Rachel.mp4,Rachel,,,
102,Rebecca.mp4,Rebecca,rebecca,"['r', 'e', 'b', 'e', 'c', 'c', 'a', 'return', 'space', 'backspace']",1.0
103,Rebecca.mp4,Rebecca,,,
104,Sarah.mp4,Sarah,sarah,"['s', 'a', 'r', 'a', 'j', 'backspace', 'j', 'backspace', 'h', 'return']",1.0
105,Sarah.mp4,Sarah,,,
106,Shelby.mp4,Shelby,,None,0.0
107,Shelby.mp4,Shelby,,,
108,Steven.mp4,Steven,Steven,"['lshift', 's', 't', 'e', 'v', 'e', 'n']",1.0
109,Steven.mp4,Steven,,,
110,Taylor.mp4,Taylor,,None,0.0
111,Taylor.mp4,Taylor,,,
112,Thomas.mp4,Thomas,Ben,"['lshift', 'b', 'e', 'n']",0.0
113,Thomas.mp4,Thomas,,,
114,Timothy.mp4,Timothy,,None,0.0
115,Timothy.mp4,Timothy,,,
116,Trevor.mp4,Trevor,Schriffer,"['lshift', 's', 'c', 'h', 'r', 'i', 'f', 'f', 'e', 'r']",0.0
117,Trevor.mp4,Trevor,,,
118,Tyler.mp4,Tyler,,None,0.0
119,Tyler.mp4,Tyler,,,
