,Video,Name,inputText,key_resp_3.keys,recallRating_F
0,Aaron.mp4,Aaron,Daniel,"['lshift', 'd', 'a', 'n', 'i', 'e', 'l']",0.0
1,Aaron.mp4,Aaron,,,
2,Adam.mp4,Adam,Adam,"['lshift', 'a', 'd', 'm', 'backspace', 'a', 'm']",1.0
3,Adam.mp4,Adam,,,
4,Alyssa.mp4,Alyssa,Alyssa,"['lshift', 'a', 'l', 'y', 'y', 'backspace', 's', 's', 'a']",1.0
5,Alyssa.mp4,Alyssa,,,
6,Amanda.mp4,Amanda,Nat,"['lshift', 'n', 'a', 't']",0.0
7,Amanda.mp4,Amanda,,,
8,Andrew.mp4,Andrew,Dani,"['lshift', 'lshift', 'd', 'a', 'n', 'e', 'backspace', 'i', 'e', 'l', 'backspace', 'backspace']",0.0
9,Andrew.mp4,Andrew,,,
10,Anna.mp4,Anna,Grace,"['lshift', 'g', 'r', 'a', 'c', 'e']",0.0
11,Anna.mp4,Anna,,,
12,Ashley.mp4,Ashley,Ashley,"['lshift', 'a', 's', 'h', 'e', 'backspace', 'l', 'e', 'y']",1.0
13,Ashley.mp4,Ashley,,,
14,Bradley.mp4,Bradley,Brian,"['lshift', 'b', 'r', 'y', 'backspace', 'i', 'a', 'n', 'return']",0.0
15,Bradley.mp4,Bradley,,,
16,Brandon.mp4,Brandon,Caleb,"['lshift', 'c', 'a', 'l', 'e', 'b']",0.0
17,Brandon.mp4,Brandon,,,
18,Brian.mp4,Brian,Brian,"['lshift', 'b', 'r', 'i', 'a', 'n', '4', 'backspace']",1.0
19,Brian.mp4,Brian,,,
20,Brianna.mp4,Brianna,Brianna,"['lshift', 'b', 'r', 'i', 'a', 'n', 'n', 'a']",1.0
21,Brianna.mp4,Brianna,,,
22,Brittany.mp4,Brittany,Britney,"['lshift', 'b', 'i', 'backspace', 'r', 'i', 't', 'n', 'e', 'y']",1.0
23,Brittany.mp4,Brittany,,,
24,Caleb.mp4,Caleb,Caleb,"['lshift', 'c', 'a', 'l', 'e', 'b']",1.0
25,Caleb.mp4,Caleb,,,
26,Cody.mp4,Cody,,None,0.0
27,Cody.mp4,Cody,,,
28,Courtney.mp4,Courtney,Hailey,"['lshift', 'h', 'a', 'l', 'backspace', 'i', 'l', 'e', 'y']",0.0
29,Courtney.mp4,Courtney,,,
30,Daniel.mp4,Daniel,Noah,"['lshift', 'n', 'o', 'a', 'f', 'backspace', 'h']",0.0
31,Daniel.mp4,Daniel,,,
32,Danielle.mp4,Danielle,Danielle,"['lshift', 'd', 'a', 'n', 'i', 'e', 'l', 'l', 'e']",1.0
33,Danielle.mp4,Danielle,,,
34,David.mp4,David,,None,0.0
35,David.mp4,David,,,
36,Dylan.mp4,Dylan,,None,0.0
37,Dylan.mp4,Dylan,,,
38,Emily.mp4,Emily,Emily,"['lshift', 'e', 'm', 'i', 'l', 'y']",1.0
39,Emily.mp4,Emily,,,
40,Eric.mp4,Eric,Eric,"['lshift', 'e', 'r', 'i', 'c']",1.0
41,Eric.mp4,Eric,,,
42,Ethan.mp4,Ethan,,['lshift'],0.0
43,Ethan.mp4,Ethan,,,
44,Grace.mp4,Grace,Ana,"['lshift', 'a', 'n', 'a']",0.0
45,Grace.mp4,Grace,,,
46,Haley.mp4,Haley,Haley,"['lshift', 'h', 'a', 'l', 'e', 'y']",1.0
47,Haley.mp4,Haley,,,
48,Hannah.mp4,Hannah,Hannah,"['lshift', 'h', 'a', 'n', 'n', 'a', 'h']",1.0
49,Hannah.mp4,Hannah,,,
50,Heather.mp4,Heather,Julie,"['lshift', 'j', 'u', 'l', 'i', 'e']",0.0
51,Heather.mp4,Heather,,,
52,Jacob.mp4,Jacob,Jake,"['lshift', 'j', 'a', 'k', 'e', 'return', '1', 'backspace', 'return']",0.0
53,Jacob.mp4,Jacob,,,
54,Jason.mp4,Jason,Jason,"['lshift', 'j', 'a', 's', 'o', 'n', 'return']",1.0
55,Jason.mp4,Jason,,,
56,Jenna.mp4,Jenna,,"['lshift', 'lshift', 'r', 'a', 'c', 'h', 'e', 'l', 'backspace', 'backspace', 'backspace', 'backspace', 'backspace', 'backspace', 'backspace', 'backspace']",0.0
57,Jenna.mp4,Jenna,,,
58,Jeremy.mp4,Jeremy,,None,0.0
59,Jeremy.mp4,Jeremy,,,
60,Jessica.mp4,Jessica,Jessica,"['lshift', 'j', 'e', 's', 's', 'i', 'c', 'c', 'backspace', 'a']",1.0
61,Jessica.mp4,Jessica,,,
62,Josh.mp4,Josh,Josh,"['lshift', 'j', 'o', 's', 'h', 'return']",1.0
63,Josh.mp4,Josh,,,
64,Julia.mp4,Julia,,['lshift'],0.0
65,Julia.mp4,Julia,,,
66,Justin.mp4,Justin,Trevor,"['lshift', 't', 'r', 'e', 'v', 'o', 'r']",0.0
67,Justin.mp4,Justin,,,
68,Katie.mp4,Katie,,"['lshift', 'd', 'backspace', 'lshift']",0.0
69,Katie.mp4,Katie,,,
70,Kayla.mp4,Kayla,Reb,"['lshift', 'r', 'e', 'b']",0.0
71,Kayla.mp4,Kayla,,,
72,Kelsey.mp4,Kelsey,Kelsey,"['lshift', 'k', 'e', 'l', 's', 'e', 'y']",1.0
73,Kelsey.mp4,Kelsey,,,
74,Kevin.mp4,Kevin,,"['lshift', 'm', 'i', 'backspace', 'backspace', 'backspace']",0.0
75,Kevin.mp4,Kevin,,,
76,Kyle.mp4,Kyle,,None,0.0
77,Kyle.mp4,Kyle,,,
78,Lauren.mp4,Lauren,,"['lshift', 'return', 'lshift']",0.0
79,Lauren.mp4,Lauren,,,
80,Mark.mp4,Mark,,None,0.0
81,Mark.mp4,Mark,,,
82,Matthew.mp4,Matthew,Matthew,"['lshift', 'm', 'a', 't', 't', 'h', 'e', 'w']",1.0
83,Matthew.mp4,Matthew,,,
84,Megan.mp4,Megan,Megan,"['lshift', 'm', 'e', 'g', 'a', 'n']",1.0
85,Megan.mp4,Megan,,,
86,Michael.mp4,Michael,,['lshift'],0.0
87,Michael.mp4,Michael,,,
88,Michelle.mp4,Michelle,Michelle,"['lshift', 'm', 'i', 'c', 'h', 'e', 'l', 'l', 'e', 'backspace', 'backspace', 'e', 'backspace', 'l', 'e']",1.0
89,Michelle.mp4,Michelle,,,
90,Natalie.mp4,Natalie,Natalie,"['lshift', 'n', 'a', 't', 'a', 'l', 'i', 'e', '3', 'backspace']",1.0
91,Natalie.mp4,Natalie,,,
92,Nathan.mp4,Nathan,Mike,"['lshift', 'm', 'i', 'k', 'e']",0.0
93,Nathan.mp4,Nathan,,,
94,Nicole.mp4,Nicole,Sara,"['lshift', 's', 'a', 'r', 'a']",0.0
95,Nicole.mp4,Nicole,,,
96,Noah.mp4,Noah,Noah,"['lshift', 'n', 'o', 'a', 'h']",1.0
97,Noah.mp4,Noah,,,
98,Olivia.mp4,Olivia,,None,0.0
99,Olivia.mp4,Olivia,,,
100,Rachel.mp4,Rachel,Rachel,"['lshift', 'r', 'a', 'c', 'h', 'e', 'l', 'return']",1.0
101,Rachel.mp4,Rachel,,,
102,Rebecca.mp4,Rebecca,Sara,"['lshift', 's', 'a', 'r', 'a']",0.0
103,Rebecca.mp4,Rebecca,,,
104,Sarah.mp4,Sarah,Rebecca,"['lshift', 'r', 'e', 'b', 'e', 'c', 'c', 'a', 'return']",0.0
105,Sarah.mp4,Sarah,,,
106,Shelby.mp4,Shelby,,['lshift'],0.0
107,Shelby.mp4,Shelby,,,
108,Steven.mp4,Steven,,None,0.0
109,Steven.mp4,Steven,,,
110,Taylor.mp4,Taylor,,"['lshift', 'lshift']",0.0
111,Taylor.mp4,Taylor,,,
112,Thomas.mp4,Thomas,Thomas,"['lshift', 't', 'h', 'a', 'backspace', 'o', 'm', 'a', 's', 'return', 'return']",1.0
113,Thomas.mp4,Thomas,,,
114,Timothy.mp4,Timothy,Timothy,"['lshift', 't', 'i', 'm', 'o', 't', 'h', 'y', 'return']",1.0
115,Timothy.mp4,Timothy,,,
116,Trevor.mp4,Trevor,Trevor,"['lshift', 't', 'r', 'e', 'v', 'o', 'r']",1.0
117,Trevor.mp4,Trevor,,,
118,Tyler.mp4,Tyler,Nick,"['lshift', 'n', 'c', 'backspace', 'i', 'c', 'k']",0.0
119,Tyler.mp4,Tyler,,,
