,Video,Name,inputText,key_resp_3.keys,recallRating_F
0,Aaron.mp4,Aaron,Aron,"['lshift', 'a', 'r', 'o', 'n']",1
1,Aaron.mp4,Aaron,,,
2,Adam.mp4,Adam,Adam,"['lshift', 'a', 'd', 'a', 'm']",1
3,Adam.mp4,Adam,,,
4,Alyssa.mp4,Alyssa,Lindsey,"['lshift', 'l', 'i', 'n', 'd', 's', 'e', 'y']",0
5,Alyssa.mp4,Alyssa,,,
6,Amanda.mp4,Amanda,Jessica,"['lshift', 'j', 'e', 's', 's', 'i', 'c', 'a']",0
7,Amanda.mp4,Amanda,,,
8,Andrew.mp4,Andrew,Matt,"['lshift', 'm', 'a', 't', 't']",0
9,Andrew.mp4,Andrew,,,
10,Anna.mp4,Anna,,None,0
11,Anna.mp4,Anna,,,
12,Ashley.mp4,Ashley,Ashley,"['lshift', 'a', 's', 'h', 'l', 'e', 'y']",1
13,Ashley.mp4,Ashley,,,
14,Bradley.mp4,Bradley,,None,0
15,Bradley.mp4,Bradley,,,
16,Brandon.mp4,Brandon,Daniel,"['lshift', 'd', 'a', 'n', 'i', 'e', 'l']",0
17,Brandon.mp4,Brandon,,,
18,Brian.mp4,Brian,Michael,"['lshift', 'm', 'i', 'c', 'h', 'a', 'l', 'backspace', 'e', 'l']",0
19,Brian.mp4,Brian,,,
20,Brianna.mp4,Brianna,Lauren,"['lshift', 'l', 'a', 'u', 'r', 'e', 'n']",0
21,Brianna.mp4,Brianna,,,
22,Brittany.mp4,Brittany,,None,0
23,Brittany.mp4,Brittany,,,
24,Caleb.mp4,Caleb,Matthew,"['lshift', 'm', 'a', 't', 't', 'h', 'e', 'w', 'return']",0
25,Caleb.mp4,Caleb,,,
26,Cody.mp4,Cody,Cody,"['lshift', 'c', 'o', 'd', 'y']",1
27,Cody.mp4,Cody,,,
28,Courtney.mp4,Courtney,,None,0
29,Courtney.mp4,Courtney,,,
30,Daniel.mp4,Daniel,Daniel,"['lshift', 'd', 'a', 'n', 'i', 'e', 'l']",1
31,Daniel.mp4,Daniel,,,
32,Danielle.mp4,Danielle,Danielle,"['lshift', 'd', 'a', 'n', 'i', 'e', 'l', 'l', 'e']",1
33,Danielle.mp4,Danielle,,,
34,David.mp4,David,,None,0
35,David.mp4,David,,,
36,Dylan.mp4,Dylan,Dylan,"['lshift', 'd', 'y', 'l', 'n', 'backspace', 'a', 'n', 'space', 'return']",1
37,Dylan.mp4,Dylan,,,
38,Emily.mp4,Emily,Evelyn,"['lshift', 'e', 'v', 'e', 'l', 'n', 'backspace', 'y', 'n']",0
39,Emily.mp4,Emily,,,
40,Eric.mp4,Eric,Ethan,"['lshift', 'e', 't', 'h', 'a', 'n']",0
41,Eric.mp4,Eric,,,
42,Ethan.mp4,Ethan,,None,0
43,Ethan.mp4,Ethan,,,
44,Grace.mp4,Grace,Julia,"['lshift', 'j', 'u', 'l', 'i', 'a']",0
45,Grace.mp4,Grace,,,
46,Haley.mp4,Haley,Haley,"['lshift', 'h', 'a', 'l', 'e', 'y']",1
47,Haley.mp4,Haley,,,
48,Hannah.mp4,Hannah,Jessica,"['lshift', 'j', 'e', 's', 's', 'i', 'c', 'a']",0
49,Hannah.mp4,Hannah,,,
50,Heather.mp4,Heather,Heather,"['lshift', 'h', 'e', 'a', 't', 'h', 'e', 'r']",1
51,Heather.mp4,Heather,,,
52,Jacob.mp4,Jacob,Josh,"['lshift', 'j', 'o', 's', 'h']",0
53,Jacob.mp4,Jacob,,,
54,Jason.mp4,Jason,Josh,"['lshift', 'j', 'o', 's', 'h']",0
55,Jason.mp4,Jason,,,
56,Jenna.mp4,Jenna,,None,0
57,Jenna.mp4,Jenna,,,
58,Jeremy.mp4,Jeremy,,None,0
59,Jeremy.mp4,Jeremy,,,
60,Jessica.mp4,Jessica,,None,0
61,Jessica.mp4,Jessica,,,
62,Josh.mp4,Josh,Josh,"['lshift', 'j', 'o', 's', 'h']",1
63,Josh.mp4,Josh,,,
64,Julia.mp4,Julia,Julia,"['lshift', 'j', 'u', 'l', 'i', 'a']",1
65,Julia.mp4,Julia,,,
66,Justin.mp4,Justin,,None,0
67,Justin.mp4,Justin,,,
68,Katie.mp4,Katie,Grace,"['lshift', 'g', 'r', 'a', 'c', 'v', 'e', 'backspace', 'backspace', 'e']",0
69,Katie.mp4,Katie,,,
70,Kayla.mp4,Kayla,Lauren,"['lshift', 'l', 'a', 'r', 'e', 'n', 'backspace', 'backspace', 'backspace', 'backspace', 'a', 'u', 'r', 'e', 'n']",0
71,Kayla.mp4,Kayla,,,
72,Kelsey.mp4,Kelsey,Natalie,"['lshift', 'n', 'a', 't', 'a', 'l', 'i', 'e']",0
73,Kelsey.mp4,Kelsey,,,
74,Kevin.mp4,Kevin,,None,0
75,Kevin.mp4,Kevin,,,
76,Kyle.mp4,Kyle,No,"['lshift', 'n', 'o']",0
77,Kyle.mp4,Kyle,,,
78,Lauren.mp4,Lauren,Rebecca,"['lshift', 'r', 'e', 'b', 'e', 'c', 'c', 'a']",0
79,Lauren.mp4,Lauren,,,
80,Mark.mp4,Mark,Mark,"['lshift', 'm', 'a', 'r', 'k']",1
81,Mark.mp4,Mark,,,
82,Matthew.mp4,Matthew,Thomas,"['lshift', 't', 'h', 'o', 'm', 'a', 's']",0
83,Matthew.mp4,Matthew,,,
84,Megan.mp4,Megan,Megan,"['lshift', 'm', 'e', 'g', 'a', 'n']",1
85,Megan.mp4,Megan,,,
86,Michael.mp4,Michael,Shawn,"['lshift', 's', 'h', 'a', 'w', 'n']",0
87,Michael.mp4,Michael,,,
88,Michelle.mp4,Michelle,Michelle,"['lshift', 'm', 'i', 'c', 'h', 'e', 'l', 'l', 'e', 'space']",1
89,Michelle.mp4,Michelle,,,
90,Natalie.mp4,Natalie,,None,0
91,Natalie.mp4,Natalie,,,
92,Nathan.mp4,Nathan,Nathan,"['lshift', 'n', 'a', 't', 'h', 'a', 'n']",1
93,Nathan.mp4,Nathan,,,
94,Nicole.mp4,Nicole,Nicole,"['z', 'n', 'backspace', 'backspace', 'lshift', 'n', 'i', 'c', 'o', 'l', 'e']",1
95,Nicole.mp4,Nicole,,,
96,Noah.mp4,Noah,,None,0
97,Noah.mp4,Noah,,,
98,Olivia.mp4,Olivia,Olivia,"['lshift', 'o', 'l', 'i', 'v', 'i', 'a']",1
99,Olivia.mp4,Olivia,,,
100,Rachel.mp4,Rachel,,None,0
101,Rachel.mp4,Rachel,,,
102,Rebecca.mp4,Rebecca,Lauren,"['lshift', 'l', 'backspace', 'lshift', 'l', 'a', 'u', 'r', 'e', 'n']",0
103,Rebecca.mp4,Rebecca,,,
104,Sarah.mp4,Sarah,Sarah,"['lshift', 's', 'a', 'r', 'a', 'h']",1
105,Sarah.mp4,Sarah,,,
106,Shelby.mp4,Shelby,Sha,"['lshift', 's', 'h', 'a']",0
107,Shelby.mp4,Shelby,,,
108,Steven.mp4,Steven,Steven,"['lshift', 's', 't', 'e', 'v', 'e', 'n']",1
109,Steven.mp4,Steven,,,
110,Taylor.mp4,Taylor,,None,0
111,Taylor.mp4,Taylor,,,
112,Thomas.mp4,Thomas,Thomas,"['lshift', 't', 'h', 'o', 'm', 'a', 's']",1
113,Thomas.mp4,Thomas,,,
114,Timothy.mp4,Timothy,Timothy,"['lshift', 't', 'i', 'm', 'o', 't', 'h', 'y']",1
115,Timothy.mp4,Timothy,,,
116,Trevor.mp4,Trevor,,None,0
117,Trevor.mp4,Trevor,,,
118,Tyler.mp4,Tyler,Justin,"['lshift', 'j', 'u', 's', 't', 'i', 'n']",0
119,Tyler.mp4,Tyler,,,