,Video,Name,inputText,key_resp_3.keys,recallRating_F
0,Aaron.mp4,Aaron,,None,0.0
1,Aaron.mp4,Aaron,,,
2,Adam.mp4,Adam,adam,"['a', 'd', 'a', 'm']",1.0
3,Adam.mp4,Adam,,,
4,Alyssa.mp4,Alyssa,,None,0.0
5,Alyssa.mp4,Alyssa,,,
6,Amanda.mp4,Amanda,,None,0.0
7,Amanda.mp4,Amanda,,,
8,Andrew.mp4,Andrew,Brandon,"['lshift', 'b', 'r', 'a', 'n', 'd', 'n', 'backspace', 'o', 'n', 'return']",0.0
9,Andrew.mp4,Andrew,,,
10,Anna.mp4,Anna,,None,0.0
11,Anna.mp4,Anna,,,
12,Ashley.mp4,Ashley,rachel,"['r', 'a', 'c', 'h', 'e', 'l']",0.0
13,Ashley.mp4,Ashley,,,
14,Bradley.mp4,Bradley,bradley,"['b', 'r', 'a', 'd', 'l', 'e', 'y']",1.0
15,Bradley.mp4,Bradley,,,
16,Brandon.mp4,Brandon,Michael,"['lshift', 'm', 'i', 'c', 'h', 'a', 'e', 'l', 'return']",0.0
17,Brandon.mp4,Brandon,,,
18,Brian.mp4,Brian,,None,0.0
19,Brian.mp4,Brian,,,
20,Brianna.mp4,Brianna,Grace,"['lshift', 'g', 'r', 'a', 'd', 'backspace', 'c', 'e']",0.0
21,Brianna.mp4,Brianna,,,
22,Brittany.mp4,Brittany,,None,0.0
23,Brittany.mp4,Brittany,,,
24,Caleb.mp4,Caleb,Tyler,"['lshift', 't', 'y', 'l', 'e', 'r']",0.0
25,Caleb.mp4,Caleb,,,
26,Cody.mp4,Cody,cody,"['c', 'o', 'd', 'y']",1.0
27,Cody.mp4,Cody,,,
28,Courtney.mp4,Courtney,,None,0.0
29,Courtney.mp4,Courtney,,,
30,Daniel.mp4,Daniel,daniel,"['d', 'a', 'n', 'i', 'e', 'l']",1.0
31,Daniel.mp4,Daniel,,,
32,Danielle.mp4,Danielle,,None,0.0
33,Danielle.mp4,Danielle,,,
34,David.mp4,David,aaron,"['a', 'a', 'r', 'o', 'n']",0.0
35,David.mp4,David,,,
36,Dylan.mp4,Dylan,Brandon,"['lshift', 'b', 'r', 'a', 'n', 'd', 'o', 'n', 'return']",0.0
37,Dylan.mp4,Dylan,,,
38,Emily.mp4,Emily,Alyssa,"['lshift', 'a', 'l', 'y', 's', 's', 'a', 'return']",0.0
39,Emily.mp4,Emily,,,
40,Eric.mp4,Eric,aaron,"['a', 'a', 'r', 'o', 'n']",0.0
41,Eric.mp4,Eric,,,
42,Ethan.mp4,Ethan,eric,"['e', 'r', 'i', 'c']",0.0
43,Ethan.mp4,Ethan,,,
44,Grace.mp4,Grace,Grace,"['lshift', 'g', 'r', 'a', 'c', 'e']",1.0
45,Grace.mp4,Grace,,,
46,Haley.mp4,Haley,britney,"['b', 'r', 'i', 't', 'n', 'e', 'y']",0.0
47,Haley.mp4,Haley,,,
48,Hannah.mp4,Hannah,amanda,"['j', 'e', 'n', 'n', 'a', 'backspace', 'backspace', 'backspace', 'backspace', 'backspace', 'a', 'm', 'a', 'n', 'd', 'a']",0.0
49,Hannah.mp4,Hannah,,,
50,Heather.mp4,Heather,hanna,"['h', 'a', 'n', 'a', 'backspace', 'n', 'a']",0.0
51,Heather.mp4,Heather,,,
52,Jacob.mp4,Jacob,thomas,"['t', 'h', 'o', 'm', 'a', 's']",0.0
53,Jacob.mp4,Jacob,,,
54,Jason.mp4,Jason,Brandon,"['lshift', 'm', 'i', 'c', 'backspace', 'backspace', 'backspace', 'lshift', 'b', 'r', 'a', 'n', 'd', 'o', 'n']",0.0
55,Jason.mp4,Jason,,,
56,Jenna.mp4,Jenna,jenna,"['j', 'e', 'n', 'n', 'a']",1.0
57,Jenna.mp4,Jenna,,,
58,Jeremy.mp4,Jeremy,jeremy,"['j', 'e', 'r', 'e', 'm', 'y']",1.0
59,Jeremy.mp4,Jeremy,,,
60,Jessica.mp4,Jessica,jenna,"['j', 'e', 'n', 'n', 'a']",0.0
61,Jessica.mp4,Jessica,,,
62,Josh.mp4,Josh,josh,"['j', 'o', 's', 'h']",1.0
63,Josh.mp4,Josh,,,
64,Julia.mp4,Julia,,None,0.0
65,Julia.mp4,Julia,,,
66,Justin.mp4,Justin,tyler,"['t', 'y', 'l', 'e', 'r']",0.0
67,Justin.mp4,Justin,,,
68,Katie.mp4,Katie,Alyssa,"['lshift', 'a', 'l', 'y', 's', 's', 'a']",0.0
69,Katie.mp4,Katie,,,
70,Kayla.mp4,Kayla,kayla,"['k', 'a', 'y', 'a', 'backspace', 'l', 'a']",1.0
71,Kayla.mp4,Kayla,,,
72,Kelsey.mp4,Kelsey,kelsey,"['k', 'e', 'l', 's', 'e', 'y']",1.0
73,Kelsey.mp4,Kelsey,,,
74,Kevin.mp4,Kevin,kevin,"['k', 'e', 'v', 'i', 'n']",1.0
75,Kevin.mp4,Kevin,,,
76,Kyle.mp4,Kyle,kyle,"['k', 'y', 'l', 'e']",1.0
77,Kyle.mp4,Kyle,,,
78,Lauren.mp4,Lauren,lauren,"['l', 'a', 'u', 'r', 'e', 'n']",1.0
79,Lauren.mp4,Lauren,,,
80,Mark.mp4,Mark,mat,"['m', 'a', 't']",0.0
81,Mark.mp4,Mark,,,
82,Matthew.mp4,Matthew,kyle,"['k', 'y', 'l', 'e']",0.0
83,Matthew.mp4,Matthew,,,
84,Megan.mp4,Megan,megan,"['m', 'e', 'g', 'a', 'n']",1.0
85,Megan.mp4,Megan,,,
86,Michael.mp4,Michael,Brandon,"['lshift', 'b', 'r', 'a', 'n', 'd', 'o', 'n', 'return']",0.0
87,Michael.mp4,Michael,,,
88,Michelle.mp4,Michelle,Grace,"['lshift', 'g', 'r', 'a', 'c', 'e']",0.0
89,Michelle.mp4,Michelle,,,
90,Natalie.mp4,Natalie,jenna,"['j', 'e', 'n', 'n', 'a', 'return']",0.0
91,Natalie.mp4,Natalie,,,
92,Nathan.mp4,Nathan,nathan,"['n', 'a', 't', 'h', 'a', 'n']",1.0
93,Nathan.mp4,Nathan,,,
94,Nicole.mp4,Nicole,nicole,"['n', 'i', 'c', 'o', 'l', 'e']",1.0
95,Nicole.mp4,Nicole,,,
96,Noah.mp4,Noah,,None,0.0
97,Noah.mp4,Noah,,,
98,Olivia.mp4,Olivia,olivia,"['o', 'l', 'i', 'v', 'i', 'a']",1.0
99,Olivia.mp4,Olivia,,,
100,Rachel.mp4,Rachel,rachel,"['r', 'a', 'c', 'h', 'e', 'l']",1.0
101,Rachel.mp4,Rachel,,,
102,Rebecca.mp4,Rebecca,,None,0.0
103,Rebecca.mp4,Rebecca,,,
104,Sarah.mp4,Sarah,,None,0.0
105,Sarah.mp4,Sarah,,,
106,Shelby.mp4,Shelby,shelby,"['s', 'h', 'e', 'l', 'b', 'y']",1.0
107,Shelby.mp4,Shelby,,,
108,Steven.mp4,Steven,steven,"['s', 't', 'e', 'v', 'e', 'n']",1.0
109,Steven.mp4,Steven,,,
110,Taylor.mp4,Taylor,,None,0.0
111,Taylor.mp4,Taylor,,,
112,Thomas.mp4,Thomas,,None,0.0
113,Thomas.mp4,Thomas,,,
114,Timothy.mp4,Timothy,timothy,"['k', 'y', 'l', 'e', 'backspace', 'backspace', 'backspace', 'backspace', 'backspace', 't', 'i', 'm', 'o', 't', 'h', 'y']",1.0
115,Timothy.mp4,Timothy,,,
116,Trevor.mp4,Trevor,aaron,"['a', 'a', 'o', 'backspace', 'r', 'o', 'n']",0.0
117,Trevor.mp4,Trevor,,,
118,Tyler.mp4,Tyler,tyler,"['a', 'd', 'backspace', 'backspace', 't', 'y', 'l', 'e', 'r']",1.0
119,Tyler.mp4,Tyler,,,
