,Video,Name,inputText,key_resp_3.keys,recallRating_F
0,Aaron.mp4,Aaron,noah,"['n', 'o', 'a', 'h']",0.0
1,Aaron.mp4,Aaron,,,
2,Adam.mp4,Adam,Eric,"['lshift', 'e', 'r', 'i', 'c']",0.0
3,Adam.mp4,Adam,,,
4,Alyssa.mp4,Alyssa,Sabrina,"['z', 'backspace', 'lshift', 's', 'a', 'b', 'r', 'o', 'm', 'a', 'backspace', 'backspace', 'backspace', 'backspace', 'r', 'i', 'n', 'a']",0.0
5,Alyssa.mp4,Alyssa,,,
6,Amanda.mp4,Amanda,Ashley,"['lshift', 'a', 's', 'h', 'l', 'e', 'y']",0.0
7,Amanda.mp4,Amanda,,,
8,Andrew.mp4,Andrew,Nathan,"['lshift', 'n', 'a', 't', 'h', 'a', 'n']",0.0
9,Andrew.mp4,Andrew,,,
10,Anna.mp4,Anna,,None,0.0
11,Anna.mp4,Anna,,,
12,Ashley.mp4,Ashley,,None,0.0
13,Ashley.mp4,Ashley,,,
14,Bradley.mp4,Bradley,Jacob,"['lshift', 'j', 'a', 'c', 'o', 'b']",0.0
15,Bradley.mp4,Bradley,,,
16,Brandon.mp4,Brandon,Andrew,"['lshift', 'a', 'n', 'd', 'r', 'e', 'w']",0.0
17,Brandon.mp4,Brandon,,,
18,Brian.mp4,Brian,Brian,"['lshift', 'b', 'r', 'i', 'a', 'n']",1.0
19,Brian.mp4,Brian,,,
20,Brianna.mp4,Brianna,Anna,"['lshift', 'a', 'n', 'n', 'a']",0.0
21,Brianna.mp4,Brianna,,,
22,Brittany.mp4,Brittany,britney,"['b', 'r', 'i', 't', 'n', 'e', 'y']",1.0
23,Brittany.mp4,Brittany,,,
24,Caleb.mp4,Caleb,Alex,"['lshift', 'a', 'l', 'e', 'x']",0.0
25,Caleb.mp4,Caleb,,,
26,Cody.mp4,Cody,kevin,"['k', 'e', 'v', 'i', 'n']",0.0
27,Cody.mp4,Cody,,,
28,Courtney.mp4,Courtney,,None,0.0
29,Courtney.mp4,Courtney,,,
30,Daniel.mp4,Daniel,,"['1', 'backspace']",0.0
31,Daniel.mp4,Daniel,,,
32,Danielle.mp4,Danielle,Jessica,"['lshift', 'j', 'e', 's', 's', 'i', 'c', 'a']",0.0
33,Danielle.mp4,Danielle,,,
34,David.mp4,David,,None,0.0
35,David.mp4,David,,,
36,Dylan.mp4,Dylan,Matthew,"['lshift', 'm', 'a', 't', 't', 'h', 'e', 'w']",0.0
37,Dylan.mp4,Dylan,,,
38,Emily.mp4,Emily,,"['lshift', 'n', 'a', 't', 'a', 'l', 'i', 'e', 'lcommand', 'a', 'backspace', 'backspace', 'backspace', 'backspace', 'backspace', 'backspace', 'backspace', 'backspace', 'backspace']",0.0
39,Emily.mp4,Emily,,,
40,Eric.mp4,Eric,Nathan,"['lshift', 'n', 'a', 't', 'a', 'h', 'backspace', 'backspace', 'h', 'a', 'n']",0.0
41,Eric.mp4,Eric,,,
42,Ethan.mp4,Ethan,Adam,"['lshift', 'a', 'd', 'a', 'm']",0.0
43,Ethan.mp4,Ethan,,,
44,Grace.mp4,Grace,Carol,"['lshift', 'c', 'a', 'r', 'p', 'semicolon', 'backspace', 'o', 'l', 'return']",0.0
45,Grace.mp4,Grace,,,
46,Haley.mp4,Haley,,None,0.0
47,Haley.mp4,Haley,,,
48,Hannah.mp4,Hannah,,None,0.0
49,Hannah.mp4,Hannah,,,
50,Heather.mp4,Heather,hailey,"['z', 'backspace', 'h', 'a', 'i', 'l', 'e', 'y']",0.0
51,Heather.mp4,Heather,,,
52,Jacob.mp4,Jacob,,None,0.0
53,Jacob.mp4,Jacob,,,
54,Jason.mp4,Jason,An,"['lshift', 'n', 'a', 'backspace', 'backspace', 'lshift', 'a', 'n']",0.0
55,Jason.mp4,Jason,,,
56,Jenna.mp4,Jenna,Natalie,"['lshift', 'n', 'a', 't', 'a', 'l', 'i', 'e']",0.0
57,Jenna.mp4,Jenna,,,
58,Jeremy.mp4,Jeremy,caleb,"['c', 'a', 'l', 'e', 'b']",0.0
59,Jeremy.mp4,Jeremy,,,
60,Jessica.mp4,Jessica,Natalie,"['lshift', 'n', 't', 'backspace', 'a', 't', 'a', 'l', 'i', 'e', 'return']",0.0
61,Jessica.mp4,Jessica,,,
62,Josh.mp4,Josh,Tre,"['lshift', 't', 'r', 'e']",0.0
63,Josh.mp4,Josh,,,
64,Julia.mp4,Julia,,['space'],0.0
65,Julia.mp4,Julia,,,
66,Justin.mp4,Justin,,None,0.0
67,Justin.mp4,Justin,,,
68,Katie.mp4,Katie,Carol,"['lshift', 'c', 'a', 'r', 'o', 'l']",0.0
69,Katie.mp4,Katie,,,
70,Kayla.mp4,Kayla,,None,0.0
71,Kayla.mp4,Kayla,,,
72,Kelsey.mp4,Kelsey,,None,0.0
73,Kelsey.mp4,Kelsey,,,
74,Kevin.mp4,Kevin,Noah,"['lshift', 'n', 'o', 'a', 'h']",0.0
75,Kevin.mp4,Kevin,,,
76,Kyle.mp4,Kyle,Eric,"['lshift', 'e', 'r', 'i', 'c']",0.0
77,Kyle.mp4,Kyle,,,
78,Lauren.mp4,Lauren,Lauren,"['lshift', 'l', 'a', 'u', 'r', 'e', 'n']",1.0
79,Lauren.mp4,Lauren,,,
80,Mark.mp4,Mark,,None,0.0
81,Mark.mp4,Mark,,,
82,Matthew.mp4,Matthew,Matthew,"['lshift', 'm', 't', 't', 'backspace', 'backspace', 'a', 't', 'h', 'e', 'backspace', 'backspace', 't', 'h', 'e', 'w']",1.0
83,Matthew.mp4,Matthew,,,
84,Megan.mp4,Megan,ashley,"['a', 's', 'h', 'l', 'e', 'y']",0.0
85,Megan.mp4,Megan,,,
86,Michael.mp4,Michael,,None,0.0
87,Michael.mp4,Michael,,,
88,Michelle.mp4,Michelle,Anna,"['lshift', 'a', 'n', 'n', 'a']",0.0
89,Michelle.mp4,Michelle,,,
90,Natalie.mp4,Natalie,Sabrina,"['return', 'lshift', 's', 'a', 'b', 'r', 'i', 'n', 'a']",0.0
91,Natalie.mp4,Natalie,,,
92,Nathan.mp4,Nathan,Nathan,"['lshift', 'n', 'a', 't', 'h', 'a', 'n']",1.0
93,Nathan.mp4,Nathan,,,
94,Nicole.mp4,Nicole,,None,0.0
95,Nicole.mp4,Nicole,,,
96,Noah.mp4,Noah,,None,0.0
97,Noah.mp4,Noah,,,
98,Olivia.mp4,Olivia,,None,0.0
99,Olivia.mp4,Olivia,,,
100,Rachel.mp4,Rachel,,None,0.0
101,Rachel.mp4,Rachel,,,
102,Rebecca.mp4,Rebecca,,None,0.0
103,Rebecca.mp4,Rebecca,,,
104,Sarah.mp4,Sarah,,None,0.0
105,Sarah.mp4,Sarah,,,
106,Shelby.mp4,Shelby,Shelby,"['lshift', 'h', 'e', 'l', 'backspace', 'backspace', 'backspace', 'lshift', 's', 'h', 'e', 'l', 'b', 'y']",1.0
107,Shelby.mp4,Shelby,,,
108,Steven.mp4,Steven,,None,0.0
109,Steven.mp4,Steven,,,
110,Taylor.mp4,Taylor,Natasha,"['lshift', 'n', 'a', 't', 'a', 's', 'h', 'a']",0.0
111,Taylor.mp4,Taylor,,,
112,Thomas.mp4,Thomas,,['space'],0.0
113,Thomas.mp4,Thomas,,,
114,Timothy.mp4,Timothy,Matthew,"['lshift', 'n', 'a', 't', 'h', 'a', 'n', 'backspace', 'backspace', 'backspace', 'backspace', 'backspace', 'backspace', 'lshift', 'm', 'a', 't', 't', 'h', 't', 'backspace', 'backspace', 'h', 'e', 'w']",0.0
115,Timothy.mp4,Timothy,,,
116,Trevor.mp4,Trevor,erin,"['e', 'r', 'o', 'n', 'backspace', 'backspace', 'o', 'n', 'backspace', 'backspace', 'i', 'n']",0.0
117,Trevor.mp4,Trevor,,,
118,Tyler.mp4,Tyler,andrew,"['a', 'n', 'd', 'r', 'e', 'w']",0.0
119,Tyler.mp4,Tyler,,,
