,Video,Name,inputText,key_resp_3.keys,recallRating_F
0,Aaron.mp4,Aaron,Aaron,"['lshift', 'a', 'a', 'r', 'o', 'n']",1.0
1,Aaron.mp4,Aaron,,,
2,Adam.mp4,Adam,Adam,"['lshift', 'a', 'lshift', 'd', 'a', 'm', 'backspace', 'backspace', 'backspace', 'd', 'a', 'm']",1.0
3,Adam.mp4,Adam,,,
4,Alyssa.mp4,Alyssa,,['lshift'],0.0
5,Alyssa.mp4,Alyssa,,,
6,Amanda.mp4,Amanda,,None,0.0
7,Amanda.mp4,Amanda,,,
8,Andrew.mp4,Andrew,Andrew,"['lshift', 'a', 'n', 'd', 'r', 'e', 'w']",1.0
9,Andrew.mp4,Andrew,,,
10,Anna.mp4,Anna,,None,0.0
11,Anna.mp4,Anna,,,
12,Ashley.mp4,Ashley,Emma,"['lshift', 'e', 'm', 'm', 'a']",0.0
13,Ashley.mp4,Ashley,,,
14,Bradley.mp4,Bradley,Bradley,"['lshift', 'b', 'r', 'a', 'd', 'l', 'e', 'y']",1.0
15,Bradley.mp4,Bradley,,,
16,Brandon.mp4,Brandon,,None,0.0
17,Brandon.mp4,Brandon,,,
18,Brian.mp4,Brian,Brian,"['lshift', 'b', 'r', 'i', 'a', 'n']",1.0
19,Brian.mp4,Brian,,,
20,Brianna.mp4,Brianna,Anna,"['lshift', 'a', 'n', 'n', 'a']",0.0
21,Brianna.mp4,Brianna,,,
22,Brittany.mp4,Brittany,Rachel,"['lshift', 'r', 'a', 'c', 'h', 'e', 'l']",0.0
23,Brittany.mp4,Brittany,,,
24,Caleb.mp4,Caleb,,None,0.0
25,Caleb.mp4,Caleb,,,
26,Cody.mp4,Cody,Ryan,"['lshift', 'r', 'y', 'a', 'n']",0.0
27,Cody.mp4,Cody,,,
28,Courtney.mp4,Courtney,Chloe,"['lshift', 'c', 'h', 'l', 'o', 'e']",0.0
29,Courtney.mp4,Courtney,,,
30,Daniel.mp4,Daniel,Nathaniel,"['lshift', 'n', 'a', 't', 'h', 'a', 'n', 'i', 'e', 'l']",0.0
31,Daniel.mp4,Daniel,,,
32,Danielle.mp4,Danielle,Danielle,"['lshift', 'd', 'a', 'n', 'i', 'e', 'l', 'l', 'e']",1.0
33,Danielle.mp4,Danielle,,,
34,David.mp4,David,David,"['lshift', 'd', 'a', 'v', 'i', 'd']",1.0
35,David.mp4,David,,,
36,Dylan.mp4,Dylan,Dylan,"['lshift', 'd', 'y', 'l', 'a', 'n']",1.0
37,Dylan.mp4,Dylan,,,
38,Emily.mp4,Emily,Aly,"['lshift', 'a', 'l', 'y']",0.0
39,Emily.mp4,Emily,,,
40,Eric.mp4,Eric,Eric,"['lshift', 'e', 'r', 'i', 'c']",1.0
41,Eric.mp4,Eric,,,
42,Ethan.mp4,Ethan,Matthew,"['lshift', 'm', 'a', 't', 't', 'h', 'e', 'w']",0.0
43,Ethan.mp4,Ethan,,,
44,Grace.mp4,Grace,,None,0.0
45,Grace.mp4,Grace,,,
46,Haley.mp4,Haley,,None,0.0
47,Haley.mp4,Haley,,,
48,Hannah.mp4,Hannah,Hannah,"['lshift', 'h', 'a', 'n', 'n', 'a', 'h']",1.0
49,Hannah.mp4,Hannah,,,
50,Heather.mp4,Heather,Heather,"['lshift', 'h', 'e', 'a', 't', 'h', 'e', 'r']",1.0
51,Heather.mp4,Heather,,,
52,Jacob.mp4,Jacob,jacob,"['j', 'a', 'c', 'o', 'b']",1.0
53,Jacob.mp4,Jacob,,,
54,Jason.mp4,Jason,,None,0.0
55,Jason.mp4,Jason,,,
56,Jenna.mp4,Jenna,,None,0.0
57,Jenna.mp4,Jenna,,,
58,Jeremy.mp4,Jeremy,Jeremy,"['lshift', 'j', 'e', 'r', 'e', 'm', 'y']",1.0
59,Jeremy.mp4,Jeremy,,,
60,Jessica.mp4,Jessica,Hanna,"['lshift', 'h', 'a', 'n', 'n', 'a']",0.0
61,Jessica.mp4,Jessica,,,
62,Josh.mp4,Josh,Josh,"['lshift', 'j', 'o', 's', 'h']",1.0
63,Josh.mp4,Josh,,,
64,Julia.mp4,Julia,Jenna,"['lshift', 'j', 'e', 'n', 'n', 'a']",0.0
65,Julia.mp4,Julia,,,
66,Justin.mp4,Justin,Mark,"['lshift', 'm', 'a', 'r', 'k']",0.0
67,Justin.mp4,Justin,,,
68,Katie.mp4,Katie,Katie,"['lshift', 'k', 'a', 't', 'i', 'e']",1.0
69,Katie.mp4,Katie,,,
70,Kayla.mp4,Kayla,Caitlyn,"['lshift', 'c', 'a', 'i', 'r', 'backspace', 't', 'l', 'y', 'n']",0.0
71,Kayla.mp4,Kayla,,,
72,Kelsey.mp4,Kelsey,Kelsey,"['lshift', 'k', 'e', 'l', 's', 'e', 'y']",1.0
73,Kelsey.mp4,Kelsey,,,
74,Kevin.mp4,Kevin,Jack,"['lshift', 'j', 'a', 'c', 'k']",0.0
75,Kevin.mp4,Kevin,,,
76,Kyle.mp4,Kyle,Kyle,"['lshift', 'k', 'y', 'l', 'e']",1.0
77,Kyle.mp4,Kyle,,,
78,Lauren.mp4,Lauren,,None,0.0
79,Lauren.mp4,Lauren,,,
80,Mark.mp4,Mark,Mark,"['lshift', 'm', 'a', 'r', 'k']",1.0
81,Mark.mp4,Mark,,,
82,Matthew.mp4,Matthew,Matthew,"['lshift', 'm', 'a', 't', 't', 'h', 'e', 'w']",1.0
83,Matthew.mp4,Matthew,,,
84,Megan.mp4,Megan,Claire,"['lshift', 'c', 'l', 'a', 'i', 'r', 'e']",0.0
85,Megan.mp4,Megan,,,
86,Michael.mp4,Michael,,None,0.0
87,Michael.mp4,Michael,,,
88,Michelle.mp4,Michelle,,"['lshift', 'a', 'n', 'backspace', 'backspace']",0.0
89,Michelle.mp4,Michelle,,,
90,Natalie.mp4,Natalie,Amanda,"['lshift', 'a', 'm', 'a', 'n', 'd', 'a']",0.0
91,Natalie.mp4,Natalie,,,
92,Nathan.mp4,Nathan,,None,0.0
93,Nathan.mp4,Nathan,,,
94,Nicole.mp4,Nicole,,None,0.0
95,Nicole.mp4,Nicole,,,
96,Noah.mp4,Noah,nathan,"['n', 'a', 't', 'h', 'a', 'n']",0.0
97,Noah.mp4,Noah,,,
98,Olivia.mp4,Olivia,courtney,"['c', 'o', 'u', 'r', 't', 'n', 'e', 'y']",0.0
99,Olivia.mp4,Olivia,,,
100,Rachel.mp4,Rachel,,None,0.0
101,Rachel.mp4,Rachel,,,
102,Rebecca.mp4,Rebecca,cai,"['c', 'a', 'i']",0.0
103,Rebecca.mp4,Rebecca,,,
104,Sarah.mp4,Sarah,caitlyn,"['c', 'a', 'i', 't', 'l', 'y', 'n']",0.0
105,Sarah.mp4,Sarah,,,
106,Shelby.mp4,Shelby,Shelby,"['lshift', 's', 'h', 'e', 'l', 'b', 'y']",1.0
107,Shelby.mp4,Shelby,,,
108,Steven.mp4,Steven,,None,0.0
109,Steven.mp4,Steven,,,
110,Taylor.mp4,Taylor,Taylor,"['lshift', 't', 'a', 'y', 'l', 'o', 'r']",1.0
111,Taylor.mp4,Taylor,,,
112,Thomas.mp4,Thomas,daniel,"['d', 'a', 'a', 'backspace', 'n', 'i', 'e', 'l']",0.0
113,Thomas.mp4,Thomas,,,
114,Timothy.mp4,Timothy,,None,0.0
115,Timothy.mp4,Timothy,,,
116,Trevor.mp4,Trevor,,None,0.0
117,Trevor.mp4,Trevor,,,
118,Tyler.mp4,Tyler,,None,0.0
119,Tyler.mp4,Tyler,,,
