,Video,Name,inputText,key_resp_3.keys,recallRating_F
0,Aaron.mp4,Aaron,,,
1,Aaron.mp4,Aaron,,None,0.0
2,Adam.mp4,Adam,,,
3,Adam.mp4,Adam,,None,0.0
4,Alyssa.mp4,Alyssa,,,
5,Alyssa.mp4,Alyssa,alyssa,"['a', 'l', 'y', 's', 's', 'a']",1.0
6,Amanda.mp4,Amanda,,,
7,Amanda.mp4,Amanda,,None,0.0
8,Andrew.mp4,Andrew,,,
9,Andrew.mp4,Andrew,brandon,"['b', 'r', 'a', 'n', 'd', 'o', 'n']",0.0
10,Anna.mp4,Anna,,,
11,Anna.mp4,Anna,b,"['b', 'r', 'i', 'a', 'n', 'n', 'a', 'backspace', 'backspace', 'backspace', 'backspace', 'backspace', 'backspace']",0.0
12,Ashley.mp4,Ashley,,,
13,Ashley.mp4,Ashley,ashley,"['a', 's', 'h', 'l', 'e', 'y']",1.0
14,Bradley.mp4,Bradley,,,
15,Bradley.mp4,Bradley,bradley,"['b', 'r', 'a', 'd', 'l', 'e', 'y']",1.0
16,Brandon.mp4,Brandon,,,
17,Brandon.mp4,Brandon,,None,0.0
18,Brian.mp4,Brian,,,
19,Brian.mp4,Brian,bryan,"['b', 'r', 'y', 'a', 'n']",1.0
20,Brianna.mp4,Brianna,,,
21,Brianna.mp4,Brianna,,None,0.0
22,Brittany.mp4,Brittany,,,
23,Brittany.mp4,Brittany,,None,0.0
24,Caleb.mp4,Caleb,,,
25,Caleb.mp4,Caleb,,None,0.0
26,Cody.mp4,Cody,,,
27,Cody.mp4,Cody,cody,"['c', 'o', 'd', 'y']",1.0
28,Courtney.mp4,Courtney,,,
29,Courtney.mp4,Courtney,,None,0.0
30,Daniel.mp4,Daniel,,,
31,Daniel.mp4,Daniel,,None,0.0
32,Danielle.mp4,Danielle,,,
33,Danielle.mp4,Danielle,danielle,"['d', 'a', 'n', 'i', 'e', 'l', 'l', 'e']",1.0
34,David.mp4,David,,,
35,David.mp4,David,,None,0.0
36,Dylan.mp4,Dylan,,,
37,Dylan.mp4,Dylan,dylan,"['d', 'y', 'l', 'a', 'n']",1.0
38,Emily.mp4,Emily,,,
39,Emily.mp4,Emily,emily,"['e', 'm', 'i', 'l', 'y']",1.0
40,Eric.mp4,Eric,,,
41,Eric.mp4,Eric,ricky,"['r', 'i', 'c', 'k', 'y']",0.0
42,Ethan.mp4,Ethan,,,
43,Ethan.mp4,Ethan,matt,"['m', 'a', 't', 't']",0.0
44,Grace.mp4,Grace,,,
45,Grace.mp4,Grace,grace,"['g', 'r', 'a', 'c', 'e']",1.0
46,Haley.mp4,Haley,,,
47,Haley.mp4,Haley,haley,"['h', 'a', 'l', 'e', 'y']",1.0
48,Hannah.mp4,Hannah,,,
49,Hannah.mp4,Hannah,,None,0.0
50,Heather.mp4,Heather,,,
51,Heather.mp4,Heather,,None,0.0
52,Jacob.mp4,Jacob,,,
53,Jacob.mp4,Jacob,jacob,"['j', 'a', 'c', 'o', 'b']",1.0
54,Jason.mp4,Jason,,,
55,Jason.mp4,Jason,,None,0.0
56,Jenna.mp4,Jenna,,,
57,Jenna.mp4,Jenna,,None,0.0
58,Jeremy.mp4,Jeremy,,,
59,Jeremy.mp4,Jeremy,,None,0.0
60,Jessica.mp4,Jessica,,,
61,Jessica.mp4,Jessica,jenna,"['j', 'e', 'n', 'n', 'a']",0.0
62,Josh.mp4,Josh,,,
63,Josh.mp4,Josh,,None,0.0
64,Julia.mp4,Julia,,,
65,Julia.mp4,Julia,,None,
66,Justin.mp4,Justin,,,
67,Justin.mp4,Justin,justin,"['j', 'u', 's', 't', 'i', 'n']",1.0
68,Katie.mp4,Katie,,,
69,Katie.mp4,Katie,katie,"['k', 'a', 't', 'i', 'e']",1.0
70,Kayla.mp4,Kayla,,,
71,Kayla.mp4,Kayla,,None,0.0
72,Kelsey.mp4,Kelsey,,,
73,Kelsey.mp4,Kelsey,,None,0.0
74,Kevin.mp4,Kevin,,,
75,Kevin.mp4,Kevin,,None,0.0
76,Kyle.mp4,Kyle,,,
77,Kyle.mp4,Kyle,eric,"['e', 'r', 'i', 'c']",0.0
78,Lauren.mp4,Lauren,,,
79,Lauren.mp4,Lauren,sarah,"['s', 'a', 'r', 'a', 'h']",0.0
80,Mark.mp4,Mark,,,
81,Mark.mp4,Mark,,None,0.0
82,Matthew.mp4,Matthew,,,
83,Matthew.mp4,Matthew,,None,0.0
84,Megan.mp4,Megan,,,
85,Megan.mp4,Megan,megan,"['m', 'a', 'g', 'backspace', 'backspace', 'e', 'g', 'a', 'n']",1.0
86,Michael.mp4,Michael,,,
87,Michael.mp4,Michael,michael,"['m', 'i', 'c', 'h', 'a', 'e', 'l']",1.0
88,Michelle.mp4,Michelle,,,
89,Michelle.mp4,Michelle,michelle,"['m', 'i', 'c', 'h', 'e', 'l', 'l', 'e']",1.0
90,Video,Name,inputText,key_resp_3.keys,
91,Natalie.mp4,Natalie,,,
92,Natalie.mp4,Natalie,natalie,"['n', 'a', 't', 'a', 'l', 'i', 'e']",1.0
93,Nathan.mp4,Nathan,,,
94,Nathan.mp4,Nathan,ethan,"['e', 't', 'h', 'a', 'n']",0.0
95,Nicole.mp4,Nicole,,,
96,Nicole.mp4,Nicole,,None,0.0
97,Noah.mp4,Noah,,,
98,Noah.mp4,Noah,noah,"['n', 'o', 'a', 'h']",1.0
99,Olivia.mp4,Olivia,,,
100,Olivia.mp4,Olivia,,None,0.0
101,Rachel.mp4,Rachel,,,
102,Rachel.mp4,Rachel,,None,0.0
103,Rebecca.mp4,Rebecca,,,
104,Rebecca.mp4,Rebecca,,None,0.0
105,Sarah.mp4,Sarah,,,
106,Sarah.mp4,Sarah,sarah,"['s', 'a', 'r', 'a', 'h']",1.0
107,Shelby.mp4,Shelby,,,
108,Shelby.mp4,Shelby,sarah,"['s', 'a', 'r', 'a', 'h']",0.0
109,Steven.mp4,Steven,,,
110,Steven.mp4,Steven,,None,0.0
111,Taylor.mp4,Taylor,,,
112,Taylor.mp4,Taylor,,None,0.0
113,Thomas.mp4,Thomas,,,
114,Thomas.mp4,Thomas,,None,0.0
115,Timothy.mp4,Timothy,,,
116,Timothy.mp4,Timothy,eric,"['e', 'r', 'i', 'c']",0.0
117,Trevor.mp4,Trevor,,,
118,Trevor.mp4,Trevor,,None,0.0
119,Tyler.mp4,Tyler,,,
120,Tyler.mp4,Tyler,,None,0.0
