,Video,Name,inputText,key_resp_3.keys,Unnamed: 4,Unnamed: 5,recallRating_F
0,Aaron.mp4,Aaron,,,,,
1,Aaron.mp4,Aaron,aaro,"['a', 'a', 'r', 'o']",,,1.0
2,Adam.mp4,Adam,,,,,
3,Adam.mp4,Adam,ti,"['t', 'i']",,,0.0
4,Alyssa.mp4,Alyssa,,,,,
5,Alyssa.mp4,Alyssa,,None,,,0.0
6,Amanda.mp4,Amanda,,,,,
7,Amanda.mp4,Amanda,,None,,,0.0
8,Andrew.mp4,Andrew,,,,,
9,Andrew.mp4,Andrew,david,"['d', 'a', 'v', 'i', 'd']",,,0.0
10,Anna.mp4,Anna,,,,,
11,Anna.mp4,Anna,am,"['a', 'm', 'a']",,,1.0
12,Ashley.mp4,Ashley,,,,,
13,Ashley.mp4,Ashley,ashley,"['a', 's', 'h', 'l', 'e', 'y']",,,1.0
14,Bradley.mp4,Bradley,,,,,
15,Bradley.mp4,Bradley,bradle,"['b', 'r', 'a', 'd', 'l', 'e']",,,1.0
16,Brandon.mp4,Brandon,,,,,
17,Brandon.mp4,Brandon,anthony,"['a', 'n', 't', 'h', 'o', 'n', 'y']",,,0.0
18,Brian.mp4,Brian,,,,,
19,Brian.mp4,Brian,scott,"['s', 'c', 'o', 't', 't']",,,0.0
20,Brianna.mp4,Brianna,,,,,
21,Brianna.mp4,Brianna,,None,,,0.0
22,Brittany.mp4,Brittany,,,,,
23,Brittany.mp4,Brittany,brittn,"['b', 'r', 't', 'backspace', 't', 'backspace', 'i', 't', 't', 'n']",,,1.0
24,Caleb.mp4,Caleb,,,,,
25,Caleb.mp4,Caleb,caleb,"['c', 'a', 'l', 'e', 'b']",,,1.0
26,Cody.mp4,Cody,,,,,
27,Cody.mp4,Cody,k,"['k', 'o', 'd', 'y', 'backspace', 'backspace', 'backspace', 'backspace', 'v', 'backspace', 'k']",,,1.0
28,Courtney.mp4,Courtney,,,,,
29,Courtney.mp4,Courtney,,None,,,0.0
30,Daniel.mp4,Daniel,,,,,
31,Daniel.mp4,Daniel,,"['m', 'backspace']",,,0.0
32,Danielle.mp4,Danielle,,,,,
33,Danielle.mp4,Danielle,da,"['n', 'backspace', 'd', 'a']",,,1.0
34,David.mp4,David,,,,,
35,David.mp4,David,david,"['d', 'a', 'v', 'd', 'backspace', 'i', 'd']",,,1.0
36,Dylan.mp4,Dylan,,,,,
37,Dylan.mp4,Dylan,,None,,,0.0
38,Emily.mp4,Emily,,,,,
39,Emily.mp4,Emily,,None,,,0.0
40,Eric.mp4,Eric,,,,,
41,Eric.mp4,Eric,,None,,,0.0
42,Ethan.mp4,Ethan,,,,,
43,Ethan.mp4,Ethan,,None,,,0.0
44,Grace.mp4,Grace,,,,,
45,Grace.mp4,Grace,caty,"['e', 'm', 'i', 'l', 'y', 'backspace', 'backspace', 'backspace', 'backspace', 'backspace', 'c', 'a', 't', 'y']",,,0.0
46,Haley.mp4,Haley,,,,,
47,Haley.mp4,Haley,haley,"['h', 'a', 'l', 'e', 'y']",,,1.0
48,Hannah.mp4,Hannah,,,,,
49,Hannah.mp4,Hannah,hannah,"['h', 'a', 'n', 'n', 'backspace', 'n', 'a', 'h']",,,1.0
50,Heather.mp4,Heather,,,,,
51,Heather.mp4,Heather,heather,"['h', 'e', 'a', 't', 'h', 'e', 'r']",,,1.0
52,Jacob.mp4,Jacob,,,,,
53,Jacob.mp4,Jacob,,None,,,0.0
54,Jason.mp4,Jason,,,,,
55,Jason.mp4,Jason,jonathan,"['j', 'o', 'n', 'a', 't', 'h', 'a', 'n']",,,0.0
56,Jenna.mp4,Jenna,,,,,
57,Jenna.mp4,Jenna,jenny,"['j', 'e', 'n', 'n', 'y']",,,1.0
58,Jeremy.mp4,Jeremy,,,,,
59,Jeremy.mp4,Jeremy,,None,,,0.0
60,Jessica.mp4,Jessica,,,,,
61,Jessica.mp4,Jessica,ama,"['a', 'm', 'a']",,,0.0
62,Josh.mp4,Josh,,,,,
63,Josh.mp4,Josh,josh,"['j', 'o', 's', 'h', 'u', 'backspace']",,,1.0
64,Julia.mp4,Julia,,,,,
65,Julia.mp4,Julia,,None,,,0.0
66,Justin.mp4,Justin,,,,,
67,Justin.mp4,Justin,,None,,,0.0
68,Katie.mp4,Katie,,,,,
69,Katie.mp4,Katie,,None,,,0.0
70,Kayla.mp4,Kayla,,,,,
71,Kayla.mp4,Kayla,shelby,"['s', 'h', 'e', 'l', 'b', 'y']",,,0.0
72,Kelsey.mp4,Kelsey,,,,,
73,Kelsey.mp4,Kelsey,,None,,,0.0
74,Kevin.mp4,Kevin,,,,,
75,Kevin.mp4,Kevin,,None,,,0.0
76,Kyle.mp4,Kyle,,,,,
77,Kyle.mp4,Kyle,kyle,"['k', 't', 'backspace', 'y', 'l', 'e']",,,1.0
78,Lauren.mp4,Lauren,,,,,
79,Lauren.mp4,Lauren,jennifer,"['j', 'e', 'n', 'n', 'i', 'f', 'e', 'f', 'backspace', 'r']",,,0.0
80,Mark.mp4,Mark,,,,,
81,Mark.mp4,Mark,noah,"['n', 'o', 'a', 'h']",,,0.0
82,Matthew.mp4,Matthew,,,,,
83,Matthew.mp4,Matthew,math,"['m', 'a', 't', 't', 'backspace', 'g', 'backspace', 'h']",,,1.0
84,Megan.mp4,Megan,,,,,
85,Megan.mp4,Megan,megan,"['m', 'e', 'g', 'a', 'n']",,,1.0
86,Michael.mp4,Michael,,,,,
87,Michael.mp4,Michael,,None,,,0.0
88,Michelle.mp4,Michelle,,,,,
89,Michelle.mp4,Michelle,,None,,,0.0
90,Natalie.mp4,Natalie,,,,,
91,Natalie.mp4,Natalie,natalie,"['n', 'a', 't', 'a', 'l', 'e', 'backspace', 'i', 'e']",,,1.0
92,Nathan.mp4,Nathan,,,,,
93,Nathan.mp4,Nathan,,None,,,0.0
94,Nicole.mp4,Nicole,,,,,
95,Nicole.mp4,Nicole,shelby,"['s', 'h', 'e', 'l', 'b', 'y']",,,0.0
96,Noah.mp4,Noah,,,,,
97,Noah.mp4,Noah,anthony,"['a', 't', 'backspace', 'n', 't', 'h', 'o', 'n', 'y']",,,0.0
98,Olivia.mp4,Olivia,,,,,
99,Olivia.mp4,Olivia,,None,,,0.0
100,Rachel.mp4,Rachel,,,,,
101,Rachel.mp4,Rachel,rachel,"['r', 'a', 'c', 'h', 'e', 'l']",,,1.0
102,Rebecca.mp4,Rebecca,,,,,
103,Rebecca.mp4,Rebecca,,None,,,0.0
104,Sarah.mp4,Sarah,,,,,
105,Sarah.mp4,Sarah,,None,,,0.0
106,Shelby.mp4,Shelby,,,,,
107,Shelby.mp4,Shelby,caitlyn,"['c', 'a', 'i', 't', 'l', 'y', 'n']",,,0.0
108,Steven.mp4,Steven,,,,,
109,Steven.mp4,Steven,,None,,,0.0
110,Taylor.mp4,Taylor,,,,,
111,Taylor.mp4,Taylor,,None,,,0.0
112,Thomas.mp4,Thomas,,,,,
113,Thomas.mp4,Thomas,,None,,,0.0
114,Timothy.mp4,Timothy,,,,,
115,Timothy.mp4,Timothy,,None,,,0.0
116,Trevor.mp4,Trevor,,,,,
117,Trevor.mp4,Trevor,,None,,,0.0
118,Tyler.mp4,Tyler,,,,,
119,Tyler.mp4,Tyler,tyler,"['t', 'y', 'l', 'e', 'r']",,,1.0
