,Video,Name,inputText,key_resp_3.keys,Unnamed: 4,Unnamed: 5,recallRating_F
0,Aaron.mp4,Aaron,,,,,
1,Aaron.mp4,Aaron,Coby,"['3', 'backspace', 'rshift', 'c', 'o', 'b', 'y']",,,0.0
2,Adam.mp4,Adam,,,,,
3,Adam.mp4,Adam,Peter,"['rshift', 'p', 'e', 't', 'e', 'r']",,,0.0
4,Alyssa.mp4,Alyssa,,,,,
5,Alyssa.mp4,Alyssa,Elisa,"['rshift', 'e', 'semicolon', 'backspace', 'l', 'backspace', 'rshift', 'e', 'l', 'i', 's', 'a']",,,0.0
6,Amanda.mp4,Amanda,,,,,
7,Amanda.mp4,Amanda,Hannah,"['rshift', 'h', 'a', 'n', 'n', 'a', 'h']",,,0.0
8,Andrew.mp4,Andrew,,,,,
9,Andrew.mp4,Andrew,James,"['rshift', 'j', 'a', 'm', 'e', 's']",,,0.0
10,Anna.mp4,Anna,,,,,
11,Anna.mp4,Anna,Annie,"['rshift', 'a', 'n', 'n', 'a', 'backspace', 'i', 'e']",,,1.0
12,Ashley.mp4,Ashley,,,,,
13,Ashley.mp4,Ashley,C,"['rshift', 'c']",,,0.0
14,Bradley.mp4,Bradley,,,,,
15,Bradley.mp4,Bradley,,None,,,0.0
16,Brandon.mp4,Brandon,,,,,
17,Brandon.mp4,Brandon,Mark,"['rshift', 'm', 'a', 'r', 'k']",,,0.0
18,Brian.mp4,Brian,,,,,
19,Brian.mp4,Brian,,None,,,
20,Brianna.mp4,Brianna,,,,,
21,Brianna.mp4,Brianna,Emily,"['rshift', 'e', 'm', 'i', 'l', 'y']",,,0.0
22,Brittany.mp4,Brittany,,,,,
23,Brittany.mp4,Brittany,Haley,"['rshift', 'h', 'a', 'l', 'e', 'y']",,,0.0
24,Caleb.mp4,Caleb,,,,,
25,Caleb.mp4,Caleb,Caleb,"['rshift', 'c', 'a', 'l', 'e', 'b']",,,1.0
26,Cody.mp4,Cody,,,,,
27,Cody.mp4,Cody,Ethan,"['rshift', 'e', 't', 'h', 'a', 'n']",,,0.0
28,Courtney.mp4,Courtney,,,,,
29,Courtney.mp4,Courtney,Karla,"['rshift', 'k', 'a', 'r', 'l', 'a']",,,0.0
30,Daniel.mp4,Daniel,,,,,
31,Daniel.mp4,Daniel,Daniel,"['rshift', 'd', 'a', 'n', 'e', 'i', 'l', 'backspace', 'backspace', 'backspace', 'i', 'e', 'l']",,,1.0
32,Danielle.mp4,Danielle,,,,,
33,Danielle.mp4,Danielle,Danielle,"['rshift', 'd', 'a', 'n', 'i', 'e', 'l', 'l', 'e']",,,1.0
34,David.mp4,David,,,,,
35,David.mp4,David,Jack,"['rshift', 'j', 'a', 'c', 'k']",,,0.0
36,Dylan.mp4,Dylan,,,,,
37,Dylan.mp4,Dylan,Richard,"['rshift', 'r', 'e', 'backspace', 'i', 'c', 'h', 'lshift', 'a', 'r', 'backspace', 'capslock', 'a', 'backspace', 'backspace', 'a', 'r', 'd']",,,0.0
38,Emily.mp4,Emily,,,,,
39,Emily.mp4,Emily,Emma,"['rshift', 'e', 'm', 'm', 'a']",,,0.0
40,Eric.mp4,Eric,,,,,
41,Eric.mp4,Eric,,None,,,0.0
42,Ethan.mp4,Ethan,,,,,
43,Ethan.mp4,Ethan,Eric,"['rshift', 'j', 'o', 's', 'h', 'backspace', 'backspace', 'backspace', 'backspace', 'rshift', 'e', 'r', 'i', 'c']",,,0.0
44,Grace.mp4,Grace,,,,,
45,Grace.mp4,Grace,Anna,"['rshift', 'a', 'n', 'n', 'a']",,,0.0
46,Haley.mp4,Haley,,,,,
47,Haley.mp4,Haley,,None,,,1.0
48,Hannah.mp4,Hannah,,,,,
49,Hannah.mp4,Hannah,Nancy,"['rshift', 'n', 'n', 'backspace', 'a', 'n', 'c', 'y', '1', 'backspace']",,,0.0
50,Heather.mp4,Heather,,,,,
51,Heather.mp4,Heather,Heather,"['space', 'rshift', 'h', 'e', 'a', 't', 'h', 'e', 'r']",,,
52,Jacob.mp4,Jacob,,,,,
53,Jacob.mp4,Jacob,john,"['j', 'o', 'h', 'n', 'return']",,,0.0
54,Jason.mp4,Jason,,,,,
55,Jason.mp4,Jason,Brian,"['rshift', 'b', 'backspace', 'rshift', 'b', 'r', 'i', 'a', 'n']",,,0.0
56,Jenna.mp4,Jenna,,,,,
57,Jenna.mp4,Jenna,Lucy,"['rshift', 'l', 'u', 'c', 'v', 'y', 'backspace', 'backspace', 'y']",,,0.0
58,Jeremy.mp4,Jeremy,,,,,
59,Jeremy.mp4,Jeremy,Nathan,"['rshift', 'n', 'a', 't', 'h', 'a', 'n']",,,0.0
60,Jessica.mp4,Jessica,,,,,
61,Jessica.mp4,Jessica,Jenny,"['rshift', 'j', 'e', 'n', 'n', 'y']",,,0.0
62,Josh.mp4,Josh,,,,,
63,Josh.mp4,Josh,Josh,"['rshift', 'j', 'o', 's', 'h']",,,1.0
64,Julia.mp4,Julia,,,,,
65,Julia.mp4,Julia,Brianna,"['rshift', 'b', 'r', 'i', 'a', 'n', 'n', 'a']",,,0.0
66,Justin.mp4,Justin,,,,,
67,Justin.mp4,Justin,Victor,"['rshift', 'v', 'i', 'c', 't', 'o', 'r']",,,0.0
68,Katie.mp4,Katie,,,,,
69,Katie.mp4,Katie,Jennifer,"['rshift', 'j', 'e', 'n', 'n', 'i', 'f', 'e', 'r']",,,0.0
70,Kayla.mp4,Kayla,,,,,
71,Kayla.mp4,Kayla,Lucy,"['rshift', 'l', 'u', 'c', 'y']",,,0.0
72,Kelsey.mp4,Kelsey,,,,,
73,Kelsey.mp4,Kelsey,Molly,"['rshift', 'm', 'o', 'l', 'l', 'y']",,,0.0
74,Kevin.mp4,Kevin,,,,,
75,Kevin.mp4,Kevin,John,"['rshift', 'j', 'o', 'h', 'n']",,,0.0
76,Kyle.mp4,Kyle,,,,,
77,Kyle.mp4,Kyle,,None,,,0.0
78,Lauren.mp4,Lauren,,,,,
79,Lauren.mp4,Lauren,Susan,"['rshift', 's', 'u', 's', 'a', 'n']",,,0.0
80,Mark.mp4,Mark,,,,,
81,Mark.mp4,Mark,Evan,"['rshift', 'rshift', 'e', 'v', 'a', 'n']",,,0.0
82,Matthew.mp4,Matthew,,,,,
83,Matthew.mp4,Matthew,Kyle,"['rshift', 'k', 'a', 'l', 'e', 'b', 'backspace', 'backspace', 'backspace', 'backspace', 'backspace', 'rshift', 'k', 'u', 'backspace', 'y', 'l', 'e']",,,0.0
84,Megan.mp4,Megan,,,,,
85,Megan.mp4,Megan,Rachel,"['rshift', 'r', 'a', 'h', 'backspace', 'c', 'h', 'e', 'l', 'backspace', 'l']",,,0.0
86,Michael.mp4,Michael,,,,,
87,Michael.mp4,Michael,Josh,"['rshift', 'j', 'o', 's', 'h']",,,0.0
88,Michelle.mp4,Michelle,,,,,
89,Michelle.mp4,Michelle,Katie,"['rshift', 'k', 'a', 't', 'i', 'e']",,,0.0
90,Natalie.mp4,Natalie,,,,,
91,Natalie.mp4,Natalie,Julia,"['rshift', 'j', 'u', 'l', 'i', 'a']",,,0.0
92,Nathan.mp4,Nathan,,,,,
93,Nathan.mp4,Nathan,Lucas,"['rshift', 'l', 'u', 'c', 'a', 's', 'return']",,,0.0
94,Nicole.mp4,Nicole,,,,,
95,Nicole.mp4,Nicole,Jane,"['rshift', 'j', 'a', 'n', 'e']",,,0.0
96,Noah.mp4,Noah,,,,,
97,Noah.mp4,Noah,mark,"['m', 'a', 'r', 'k', 'return', 'space', 'return', '1', '2', 'backspace', 'backspace', 'backspace', 'return', 'return']",,,0.0
98,Olivia.mp4,Olivia,,,,,
99,Olivia.mp4,Olivia,Olivia,"['rshift', 'o', 'l', 'i', 'v', 'i', 'a']",,,1.0
100,Rachel.mp4,Rachel,,,,,
101,Rachel.mp4,Rachel,Wendy,"['return', 'rshift', 'w', 'e', 'n', 'd', 'y', 'apostrophe', 's', 'backspace', 'apostrophe', 's', 'backspace']",,,0.0
102,Rebecca.mp4,Rebecca,,,,,
103,Rebecca.mp4,Rebecca,kate,"['k', 'a', 't', 'e']",,,0.0
104,Sarah.mp4,Sarah,,,,,
105,Sarah.mp4,Sarah,Sally,"['rshift', 's', 'a', 'l', 'l', 'y']",,,0.0
106,Shelby.mp4,Shelby,,,,,
107,Shelby.mp4,Shelby,Julia,"['e', 'backspace', 'rshift', 'j', 'u', 'l', 'i', 'a']",,,0.0
108,Steven.mp4,Steven,,,,,
109,Steven.mp4,Steven,Steven,"['rshift', 's', 't', 'e', 'v', 'e', 'n']",,,1.0
110,Taylor.mp4,Taylor,,,,,
111,Taylor.mp4,Taylor,Sarah,"['rshift', 's', 'a', 'r', 'a', 'j', 'insert', 'backspace', 'h']",,,0.0
112,Thomas.mp4,Thomas,,,,,
113,Thomas.mp4,Thomas,Thomas,"['t', 'rshift', 'backspace', 't', 'h', 'o', 'm', 'a', 's']",,,1.0
114,Timothy.mp4,Timothy,,,,,
115,Timothy.mp4,Timothy,Kyle,"['rshift', 'k', 'y', 'l', 'e']",,,0.0
116,Trevor.mp4,Trevor,,,,,
117,Trevor.mp4,Trevor,Dan,"['space', 'rshift', 'd', 'a', 'n']",,,0.0
118,Tyler.mp4,Tyler,,,,,
119,Tyler.mp4,Tyler,Jonathan,"['rshift', 'j', 'o', 'n', 'a', 't', 'h', 'a', 'n']",,,0.0
