,condsFile,Video,Photo,Name,Row,videoFrame,blocks.thisRepN,blocks.thisTrialN,blocks.thisN,blocks.thisIndex,presentations.thisRepN,presentations.thisTrialN,presentations.thisN,presentations.thisIndex,testing.thisRepN,testing.thisTrialN,testing.thisN,testing.thisIndex,judgementResp.keys,judgementResp.rt,inputText,key_resp_3.keys,recallRating_s,key_resp_3.rt,rating_resp.keys,participant,session,date,expName,psychopyVersion,frameRate
0,FacesBlock2.xlsx,Aaron.mp4,Aaron.JPG,Aaron,15,videoFrameAaron.png,0,3,3,1,0.0,3.0,3.0,0.0,,,,,1.0,1.586065523,,,,,,10,1,2019_Jul_09_1400,FaceNameControl_Picture&Audio,3.0.4,60.02008898
1,FacesBlock2.xlsx,Aaron.mp4,Aaron.JPG,Aaron,15,videoFrameAaron.png,0,3,3,1,,,,,0.0,7.0,7.0,0.0,,,justin,"['j', 'u', 's', 't', 'i', 'n']",0.0,1.0,"[8.033753014169633, 8.249884487129748, 8.347902092151344, 8.466199666261673, 8.599865958094597, 8.732343062758446]",10,1,2019_Jul_09_1400,FaceNameControl_Picture&Audio,3.0.4,60.02008898
2,FacesBlock1.xlsx,Adam.mp4,Adam.JPG,Adam,0,videoFrameAdam.png,0,0,0,0,0.0,13.0,13.0,0.0,,,,,2.0,0.003317552,,,,,,10,1,2019_Jul_09_1400,FaceNameControl_Picture&Audio,3.0.4,60.02008898
3,FacesBlock1.xlsx,Adam.mp4,Adam.JPG,Adam,0,videoFrameAdam.png,0,0,0,0,,,,,0.0,14.0,14.0,0.0,,,kyle,"['k', 'y', 'l', 'e']",0.0,1.0,"[1.585722791031003, 2.1517670284956694, 2.4520227247849107, 2.6019217222929]",10,1,2019_Jul_09_1400,FaceNameControl_Picture&Audio,3.0.4,60.02008898
4,FacesBlock4.xlsx,Alyssa.mp4,Alyssa.JPG,Alyssa,45,videoFrameAlyssa.png,0,1,1,3,0.0,9.0,9.0,0.0,,,,,2.0,1.018833953,,,,,,10,1,2019_Jul_09_1400,FaceNameControl_Picture&Audio,3.0.4,60.02008898
5,FacesBlock4.xlsx,Alyssa.mp4,Alyssa.JPG,Alyssa,45,videoFrameAlyssa.png,0,1,1,3,,,,,0.0,14.0,14.0,0.0,,,,None,0.0,1.0,,10,1,2019_Jul_09_1400,FaceNameControl_Picture&Audio,3.0.4,60.02008898
6,FacesBlock1.xlsx,Amanda.mp4,Amanda.JPG,Amanda,1,videoFrameAmanda.png,0,0,0,0,0.0,10.0,10.0,1.0,,,,,2.0,0.486347665,,,,,,10,1,2019_Jul_09_1400,FaceNameControl_Picture&Audio,3.0.4,60.02008898
7,FacesBlock1.xlsx,Amanda.mp4,Amanda.JPG,Amanda,1,videoFrameAmanda.png,0,0,0,0,,,,,0.0,13.0,13.0,1.0,,,hannah,"['h', 'a', 'n', 'n', 'a', 'h']",0.0,1.0,"[4.550563468597829, 4.6840307377278805, 4.900424733757973, 5.067034597508609, 5.217358076944947, 5.384761897847056]",10,1,2019_Jul_09_1400,FaceNameControl_Picture&Audio,3.0.4,60.02008898
8,FacesBlock4.xlsx,Andrew.mp4,Andrew.JPG,Andrew,46,videoFrameAndrew.png,0,1,1,3,0.0,11.0,11.0,1.0,,,,,1.0,0.8531024759999999,,,,,,10,1,2019_Jul_09_1400,FaceNameControl_Picture&Audio,3.0.4,60.02008898
9,FacesBlock4.xlsx,Andrew.mp4,Andrew.JPG,Andrew,46,videoFrameAndrew.png,0,1,1,3,,,,,0.0,2.0,2.0,1.0,,,dylan,"['k', 'backspace', 'd', 'y', 'u', 'backspace', 'a', 'l', 'backspace', 'backspace', 'l', 'a', 'n']",0.0,1.0,"[1.984908557496965, 3.4011127604171634, 3.568153729662299, 3.8031848277896643, 4.634049623273313, 6.3482422875240445, 6.450230515561998, 6.816683980636299, 6.965665719471872, 7.249773890711367, 7.367027533240616, 7.533332115970552]",10,1,2019_Jul_09_1400,FaceNameControl_Picture&Audio,3.0.4,60.02008898
10,FacesBlock4.xlsx,Anna.mp4,Anna.JPG,Anna,47,videoFrameAnna.png,0,1,1,3,0.0,12.0,12.0,2.0,,,,,2.0,0.486230255,,,,,,10,1,2019_Jul_09_1400,FaceNameControl_Picture&Audio,3.0.4,60.02008898
11,FacesBlock4.xlsx,Anna.mp4,Anna.JPG,Anna,47,videoFrameAnna.png,0,1,1,3,,,,,0.0,13.0,13.0,2.0,,,emily,"['e', 'm', 'i', 'l', 'y']",0.0,1.0,"[5.5169906271621585, 5.666598710231483, 5.783452519215643, 5.916599825024605, 6.049678857438266]",10,1,2019_Jul_09_1400,FaceNameControl_Picture&Audio,3.0.4,60.02008898
12,FacesBlock2.xlsx,Ashley.mp4,Ashley.JPG,Ashley,16,videoFrameAshley.png,0,3,3,1,0.0,7.0,7.0,1.0,,,,,2.0,1.302694332,,,,,,10,1,2019_Jul_09_1400,FaceNameControl_Picture&Audio,3.0.4,60.02008898
13,FacesBlock2.xlsx,Ashley.mp4,Ashley.JPG,Ashley,16,videoFrameAshley.png,0,3,3,1,,,,,0.0,11.0,11.0,1.0,,,ashley,"['a', 's', 'h', 'e', 'l', 'y', 'backspace', 'backspace', 'backspace', 'l', 'e', 'y']",1.0,4.0,"[1.5676945820450783, 1.7342896722257137, 1.8847399037331343, 2.034672769717872, 2.0672104256227612, 2.3346446081995964, 2.584022999741137, 2.7500425865873694, 2.8837194880470634, 3.2343175252899528, 3.3988310554996133, 3.483935860916972]",10,1,2019_Jul_09_1400,FaceNameControl_Picture&Audio,3.0.4,60.02008898
15,FacesBlock1.xlsx,Bradley.mp4,Bradley.JPG,Bradley,2,videoFrameBradley.png,0,0,0,0,,,,,0.0,4.0,4.0,2.0,,,,None,0.0,1.0,,10,1,2019_Jul_09_1400,FaceNameControl_Picture&Audio,3.0.4,60.02008898
14,FacesBlock1.xlsx,Bradley.mp4,Bradley.JPG,Bradley,2,videoFrameBradley.png,0,0,0,0,0.0,0.0,0.0,2.0,,,,,1.0,1.218750697,,,,,,10,1,2019_Jul_09_1400,FaceNameControl_Picture&Audio,3.0.4,60.02008898
16,FacesBlock4.xlsx,Brandon.mp4,Brandon.JPG,Brandon,48,videoFrameBrandon.png,0,1,1,3,0.0,0.0,0.0,3.0,,,,,1.0,2.202752915,,,,,,10,1,2019_Jul_09_1400,FaceNameControl_Picture&Audio,3.0.4,60.02008898
17,FacesBlock4.xlsx,Brandon.mp4,Brandon.JPG,Brandon,48,videoFrameBrandon.png,0,1,1,3,,,,,0.0,0.0,0.0,3.0,,,,None,0.0,1.0,,10,1,2019_Jul_09_1400,FaceNameControl_Picture&Audio,3.0.4,60.02008898
18,FacesBlock4.xlsx,Brian.mp4,Brian.JPG,Brian,49,videoFrameBrian.png,0,1,1,3,0.0,3.0,3.0,4.0,,,,,1.0,0.819209867,,,,,,10,1,2019_Jul_09_1400,FaceNameControl_Picture&Audio,3.0.4,60.02008898
19,FacesBlock4.xlsx,Brian.mp4,Brian.JPG,Brian,49,videoFrameBrian.png,0,1,1,3,,,,,0.0,7.0,7.0,4.0,,,dylan,"['d', 'y', 'l', 'a', 'n']",0.0,1.0,"[2.417951029725373, 2.60122137516737, 3.083503482863307, 3.1844949536025524, 3.3842310635372996]",10,1,2019_Jul_09_1400,FaceNameControl_Picture&Audio,3.0.4,60.02008898
20,FacesBlock4.xlsx,Brianna.mp4,Brianna.JPG,Brianna,50,videoFrameBrianna.png,0,1,1,3,0.0,8.0,8.0,5.0,,,,,2.0,0.902906978,,,,,,10,1,2019_Jul_09_1400,FaceNameControl_Picture&Audio,3.0.4,60.02008898
21,FacesBlock4.xlsx,Brianna.mp4,Brianna.JPG,Brianna,50,videoFrameBrianna.png,0,1,1,3,,,,,0.0,8.0,8.0,5.0,,,,None,0.0,1.0,,10,1,2019_Jul_09_1400,FaceNameControl_Picture&Audio,3.0.4,60.02008898
22,FacesBlock2.xlsx,Brittany.mp4,Brittany.JPG,Brittany,17,videoFrameBrittany.png,0,3,3,1,0.0,4.0,4.0,2.0,,,,,2.0,1.50244523,,,,,,10,1,2019_Jul_09_1400,FaceNameControl_Picture&Audio,3.0.4,60.02008898
23,FacesBlock2.xlsx,Brittany.mp4,Brittany.JPG,Brittany,17,videoFrameBrittany.png,0,3,3,1,,,,,0.0,3.0,3.0,2.0,,,brittany,"['b', 'r', 'i', 't', 't', 'a', 'n', 'y']",1.0,2.0,"[2.21855509839952, 2.6348426016047597, 2.767987667582929, 2.8677620701491833, 3.018254448659718, 4.451303800567985, 4.534285439178348, 4.8013193709775805]",10,1,2019_Jul_09_1400,FaceNameControl_Picture&Audio,3.0.4,60.02008898
24,FacesBlock4.xlsx,Caleb.mp4,Caleb.JPG,Caleb,51,videoFrameCaleb.png,0,1,1,3,0.0,10.0,10.0,6.0,,,,,1.0,0.949903925,,,,,,10,1,2019_Jul_09_1400,FaceNameControl_Picture&Audio,3.0.4,60.02008898
25,FacesBlock4.xlsx,Caleb.mp4,Caleb.JPG,Caleb,51,videoFrameCaleb.png,0,1,1,3,,,,,0.0,4.0,4.0,6.0,,,kyle,"['k', 'y', 'l', 'e']",0.0,1.0,"[2.9330713218078017, 3.734701226465404, 4.00070821121335, 4.1681703282520175]",10,1,2019_Jul_09_1400,FaceNameControl_Picture&Audio,3.0.4,60.02008898
26,FacesBlock2.xlsx,Cody.mp4,Cody.JPG,Cody,18,videoFrameCody.png,0,3,3,1,0.0,1.0,1.0,3.0,,,,,1.0,0.953185746,,,,,,10,1,2019_Jul_09_1400,FaceNameControl_Picture&Audio,3.0.4,60.02008898
27,FacesBlock2.xlsx,Cody.mp4,Cody.JPG,Cody,18,videoFrameCody.png,0,3,3,1,,,,,0.0,9.0,9.0,3.0,,,jason,"['j', 'a', 's', 'o', 'n']",0.0,1.0,"[5.66804723162204, 5.834261451847851, 6.084588618949056, 6.5321940733119845, 7.134207673370838]",10,1,2019_Jul_09_1400,FaceNameControl_Picture&Audio,3.0.4,60.02008898
29,FacesBlock3.xlsx,Courtney.mp4,Courtney.JPG,Courtney,30,videoFrameCourtney.png,0,2,2,2,,,,,0.0,7.0,7.0,0.0,,,courtney,"['c', 'o', 'u', 'r', 't', 'n', 'e', 'y']",1.0,2.0,"[3.618377421051264, 3.701316508464515, 3.817364292219281, 3.901489084586501, 4.367087881080806, 4.58367021009326, 4.717619935981929, 4.850640880875289]",10,1,2019_Jul_09_1400,FaceNameControl_Picture&Audio,3.0.4,60.02008898
28,FacesBlock3.xlsx,Courtney.mp4,Courtney.JPG,Courtney,30,videoFrameCourtney.png,0,2,2,2,0.0,7.0,7.0,0.0,,,,,2.0,0.686197084,,,,,,10,1,2019_Jul_09_1400,FaceNameControl_Picture&Audio,3.0.4,60.02008898
30,FacesBlock3.xlsx,Daniel.mp4,Daniel.JPG,Daniel,31,videoFrameDaniel.png,0,2,2,2,0.0,12.0,12.0,1.0,,,,,1.0,0.769295598,,,,,,10,1,2019_Jul_09_1400,FaceNameControl_Picture&Audio,3.0.4,60.02008898
31,FacesBlock3.xlsx,Daniel.mp4,Daniel.JPG,Daniel,31,videoFrameDaniel.png,0,2,2,2,,,,,0.0,2.0,2.0,1.0,,,,None,0.0,1.0,,10,1,2019_Jul_09_1400,FaceNameControl_Picture&Audio,3.0.4,60.02008898
32,FacesBlock1.xlsx,Danielle.mp4,Danielle.JPG,Danielle,3,videoFrameDanielle.png,0,0,0,0,0.0,6.0,6.0,3.0,,,,,2.0,0.153035996,,,,,,10,1,2019_Jul_09_1400,FaceNameControl_Picture&Audio,3.0.4,60.02008898
33,FacesBlock1.xlsx,Danielle.mp4,Danielle.JPG,Danielle,3,videoFrameDanielle.png,0,0,0,0,,,,,0.0,12.0,12.0,3.0,,,,None,0.0,1.0,,10,1,2019_Jul_09_1400,FaceNameControl_Picture&Audio,3.0.4,60.02008898
34,FacesBlock2.xlsx,David.mp4,David.JPG,David,19,videoFrameDavid.png,0,3,3,1,0.0,10.0,10.0,4.0,,,,,1.0,0.886158839,,,,,,10,1,2019_Jul_09_1400,FaceNameControl_Picture&Audio,3.0.4,60.02008898
35,FacesBlock2.xlsx,David.mp4,David.JPG,David,19,videoFrameDavid.png,0,3,3,1,,,,,0.0,5.0,5.0,4.0,,,,None,0.0,1.0,,10,1,2019_Jul_09_1400,FaceNameControl_Picture&Audio,3.0.4,60.02008898
36,FacesBlock4.xlsx,Dylan.mp4,Dylan.JPG,Dylan,52,videoFrameDylan.png,0,1,1,3,0.0,5.0,5.0,7.0,,,,,1.0,0.786012789,,,,,,10,1,2019_Jul_09_1400,FaceNameControl_Picture&Audio,3.0.4,60.02008898
37,FacesBlock4.xlsx,Dylan.mp4,Dylan.JPG,Dylan,52,videoFrameDylan.png,0,1,1,3,,,,,0.0,10.0,10.0,7.0,,,chris,"['c', 'h', 'r', 'i', 's']",0.0,1.0,"[1.9347580512985587, 2.0514075327664614, 2.1513306042179465, 2.467297876253724, 2.6508263275027275]",10,1,2019_Jul_09_1400,FaceNameControl_Picture&Audio,3.0.4,60.02008898
38,FacesBlock4.xlsx,Emily.mp4,Emily.JPG,Emily,53,videoFrameEmily.png,0,1,1,3,0.0,13.0,13.0,8.0,,,,,2.0,1.5193305780000002,,,,,,10,1,2019_Jul_09_1400,FaceNameControl_Picture&Audio,3.0.4,60.02008898
39,FacesBlock4.xlsx,Emily.mp4,Emily.JPG,Emily,53,videoFrameEmily.png,0,1,1,3,,,,,0.0,1.0,1.0,8.0,,,,None,0.0,1.0,,10,1,2019_Jul_09_1400,FaceNameControl_Picture&Audio,3.0.4,60.02008898
40,FacesBlock1.xlsx,Eric.mp4,Eric.JPG,Eric,4,videoFrameEric.png,0,0,0,0,0.0,14.0,14.0,4.0,,,,,1.0,2.501691851,,,,,,10,1,2019_Jul_09_1400,FaceNameControl_Picture&Audio,3.0.4,60.02008898
41,FacesBlock1.xlsx,Eric.mp4,Eric.JPG,Eric,4,videoFrameEric.png,0,0,0,0,,,,,0.0,6.0,6.0,4.0,,,nathan,"['n', 'a', 'h', 'backspace', 't', 'h', 'a', 'n']",0.0,1.0,"[7.249771181493998, 7.382962024770677, 7.833415343426168, 8.315658920444548, 8.749133243225515, 9.047442002221942, 9.132362155243754, 9.265754763036966]",10,1,2019_Jul_09_1400,FaceNameControl_Picture&Audio,3.0.4,60.02008898
43,FacesBlock1.xlsx,Ethan.mp4,Ethan.JPG,Ethan,5,videoFrameEthan.png,0,0,0,0,,,,,0.0,1.0,1.0,5.0,,,kyle,"['k', 'y', 'l', 'e', 'space']",0.0,1.0,"[2.151686909608543, 2.634797476232052, 2.78467258810997, 2.900913380086422, 5.199610332027078]",10,1,2019_Jul_09_1400,FaceNameControl_Picture&Audio,3.0.4,60.02008898
42,FacesBlock1.xlsx,Ethan.mp4,Ethan.JPG,Ethan,5,videoFrameEthan.png,0,0,0,0,0.0,9.0,9.0,5.0,,,,,1.0,1.167368425,,,,,,10,1,2019_Jul_09_1400,FaceNameControl_Picture&Audio,3.0.4,60.02008898
44,FacesBlock4.xlsx,Grace.mp4,Grace.JPG,Grace,54,videoFrameGrace.png,0,1,1,3,0.0,1.0,1.0,9.0,,,,,2.0,0.736787196,,,,,,10,1,2019_Jul_09_1400,FaceNameControl_Picture&Audio,3.0.4,60.02008898
45,FacesBlock4.xlsx,Grace.mp4,Grace.JPG,Grace,54,videoFrameGrace.png,0,1,1,3,,,,,0.0,9.0,9.0,9.0,,,emily,"['e', 'm', 'i', 'l', 'y']",0.0,1.0,"[9.233423748984933, 9.349304532632232, 9.432615143246949, 9.549417557194829, 9.71627242024988]",10,1,2019_Jul_09_1400,FaceNameControl_Picture&Audio,3.0.4,60.02008898
46,FacesBlock2.xlsx,Haley.mp4,Haley.JPG,Haley,20,videoFrameHaley.png,0,3,3,1,0.0,5.0,5.0,5.0,,,,,2.0,1.452770551,,,,,,10,1,2019_Jul_09_1400,FaceNameControl_Picture&Audio,3.0.4,60.02008898
47,FacesBlock2.xlsx,Haley.mp4,Haley.JPG,Haley,20,videoFrameHaley.png,0,3,3,1,,,,,0.0,6.0,6.0,5.0,,,,None,0.0,1.0,,10,1,2019_Jul_09_1400,FaceNameControl_Picture&Audio,3.0.4,60.02008898
48,FacesBlock1.xlsx,Hannah.mp4,Hannah.JPG,Hannah,6,videoFrameHannah.png,0,0,0,0,0.0,5.0,5.0,6.0,,,,,2.0,0.26973850000000005,,,,,,10,1,2019_Jul_09_1400,FaceNameControl_Picture&Audio,3.0.4,60.02008898
49,FacesBlock1.xlsx,Hannah.mp4,Hannah.JPG,Hannah,6,videoFrameHannah.png,0,0,0,0,,,,,0.0,0.0,0.0,6.0,,,,None,0.0,1.0,,10,1,2019_Jul_09_1400,FaceNameControl_Picture&Audio,3.0.4,60.02008898
50,FacesBlock2.xlsx,Heather.mp4,Heather.JPG,Heather,21,videoFrameHeather.png,0,3,3,1,0.0,13.0,13.0,6.0,,,,,2.0,1.002434506,,,,,,10,1,2019_Jul_09_1400,FaceNameControl_Picture&Audio,3.0.4,60.02008898
51,FacesBlock2.xlsx,Heather.mp4,Heather.JPG,Heather,21,videoFrameHeather.png,0,3,3,1,,,,,0.0,10.0,10.0,6.0,,,,None,0.0,1.0,,10,1,2019_Jul_09_1400,FaceNameControl_Picture&Audio,3.0.4,60.02008898
52,FacesBlock3.xlsx,Jacob.mp4,Jacob.JPG,Jacob,32,videoFrameJacob.png,0,2,2,2,0.0,6.0,6.0,2.0,,,,,1.0,0.485966103,,,,,,10,1,2019_Jul_09_1400,FaceNameControl_Picture&Audio,3.0.4,60.02008898
53,FacesBlock3.xlsx,Jacob.mp4,Jacob.JPG,Jacob,32,videoFrameJacob.png,0,2,2,2,,,,,0.0,4.0,4.0,2.0,,,jason,"['j', 'a', 's', 'o', 'n']",0.0,2.0,"[1.201795513741672, 1.3348682168871164, 1.4355896348133683, 1.6683457382023335, 1.8020415799692273]",10,1,2019_Jul_09_1400,FaceNameControl_Picture&Audio,3.0.4,60.02008898
54,FacesBlock4.xlsx,Jason.mp4,Jason.JPG,Jason,55,videoFrameJason.png,0,1,1,3,0.0,6.0,6.0,10.0,,,,,1.0,1.216218096,,,,,,10,1,2019_Jul_09_1400,FaceNameControl_Picture&Audio,3.0.4,60.02008898
55,FacesBlock4.xlsx,Jason.mp4,Jason.JPG,Jason,55,videoFrameJason.png,0,1,1,3,,,,,0.0,11.0,11.0,10.0,,,andrew,"['a', 'n', 'd', 'r', 'e', 'w']",0.0,1.0,"[2.185790542513132, 2.268770018592477, 2.4021933963522315, 2.6680767107754946, 2.7352000465616584, 2.9018804104998708]",10,1,2019_Jul_09_1400,FaceNameControl_Picture&Audio,3.0.4,60.02008898
56,FacesBlock1.xlsx,Jenna.mp4,Jenna.JPG,Jenna,7,videoFrameJenna.png,0,0,0,0,0.0,4.0,4.0,7.0,,,,,2.0,0.5370706279999999,,,,,,10,1,2019_Jul_09_1400,FaceNameControl_Picture&Audio,3.0.4,60.02008898
57,FacesBlock1.xlsx,Jenna.mp4,Jenna.JPG,Jenna,7,videoFrameJenna.png,0,0,0,0,,,,,0.0,8.0,8.0,7.0,,,hannah,"['h', 'a', 'n', 'n', 'a', 'h']",0.0,1.0,"[5.517350181937218, 5.6334682973101735, 5.817178851924837, 6.015000578016043, 6.099774016067386, 6.283320967108011]",10,1,2019_Jul_09_1400,FaceNameControl_Picture&Audio,3.0.4,60.02008898
59,FacesBlock2.xlsx,Jeremy.mp4,Jeremy.JPG,Jeremy,22,videoFrameJeremy.png,0,3,3,1,,,,,0.0,12.0,12.0,7.0,,,dylan,"['d', 'y', 'l', 'a', 'n']",0.0,1.0,"[8.949818697758019, 9.116680596023798, 9.29963533487171, 9.44977919664234, 9.549560364335775]",10,1,2019_Jul_09_1400,FaceNameControl_Picture&Audio,3.0.4,60.02008898
58,FacesBlock2.xlsx,Jeremy.mp4,Jeremy.JPG,Jeremy,22,videoFrameJeremy.png,0,3,3,1,0.0,9.0,9.0,7.0,,,,,1.0,0.602393311,,,,,,10,1,2019_Jul_09_1400,FaceNameControl_Picture&Audio,3.0.4,60.02008898
60,FacesBlock1.xlsx,Jessica.mp4,Jessica.JPG,Jessica,8,videoFrameJessica.png,0,0,0,0,0.0,8.0,8.0,8.0,,,,,2.0,0.069056286,,,,,,10,1,2019_Jul_09_1400,FaceNameControl_Picture&Audio,3.0.4,60.02008898
61,FacesBlock1.xlsx,Jessica.mp4,Jessica.JPG,Jessica,8,videoFrameJessica.png,0,0,0,0,,,,,0.0,5.0,5.0,8.0,,,jessica,"['j', 'e', 's', 's', 'i', 'c', 'a']",1.0,1.0,"[1.801803526468575, 1.9024347085505724, 1.9856405714526772, 2.435005665756762, 2.551699516363442, 2.702124299481511, 2.801657224074006]",10,1,2019_Jul_09_1400,FaceNameControl_Picture&Audio,3.0.4,60.02008898
62,FacesBlock2.xlsx,Josh.mp4,Josh.JPG,Josh,23,videoFrameJosh.png,0,3,3,1,0.0,11.0,11.0,8.0,,,,,1.0,0.7996297609999999,,,,,,10,1,2019_Jul_09_1400,FaceNameControl_Picture&Audio,3.0.4,60.02008898
63,FacesBlock2.xlsx,Josh.mp4,Josh.JPG,Josh,23,videoFrameJosh.png,0,3,3,1,,,,,0.0,13.0,13.0,8.0,,,,None,0.0,1.0,,10,1,2019_Jul_09_1400,FaceNameControl_Picture&Audio,3.0.4,60.02008898
64,FacesBlock1.xlsx,Julia.mp4,Julia.JPG,Julia,9,videoFrameJulia.png,0,0,0,0,0.0,3.0,3.0,9.0,,,,,2.0,0.468874416,,,,,,10,1,2019_Jul_09_1400,FaceNameControl_Picture&Audio,3.0.4,60.02008898
65,FacesBlock1.xlsx,Julia.mp4,Julia.JPG,Julia,9,videoFrameJulia.png,0,0,0,0,,,,,0.0,7.0,7.0,9.0,,,sara,"['s', 'a', 'r', 'a']",0.0,1.0,"[9.21408404968679, 9.365948027931154, 9.616271324455738, 9.765949166379869]",10,1,2019_Jul_09_1400,FaceNameControl_Picture&Audio,3.0.4,60.02008898
66,FacesBlock2.xlsx,Justin.mp4,Justin.JPG,Justin,24,videoFrameJustin.png,0,3,3,1,0.0,2.0,2.0,9.0,,,,,1.0,1.566485099,,,,,,10,1,2019_Jul_09_1400,FaceNameControl_Picture&Audio,3.0.4,60.02008898
67,FacesBlock2.xlsx,Justin.mp4,Justin.JPG,Justin,24,videoFrameJustin.png,0,3,3,1,,,,,0.0,1.0,1.0,9.0,,,ryan,"['r', 'y', 'a', 'n']",0.0,1.0,"[4.733965175226331, 4.967661707662046, 5.067777814343572, 5.184373711235821]",10,1,2019_Jul_09_1400,FaceNameControl_Picture&Audio,3.0.4,60.02008898
68,FacesBlock4.xlsx,Katie.mp4,Katie.JPG,Katie,56,videoFrameKatie.png,0,1,1,3,0.0,14.0,14.0,11.0,,,,,2.0,0.435758911,,,,,,10,1,2019_Jul_09_1400,FaceNameControl_Picture&Audio,3.0.4,60.02008898
69,FacesBlock4.xlsx,Katie.mp4,Katie.JPG,Katie,56,videoFrameKatie.png,0,1,1,3,,,,,0.0,3.0,3.0,11.0,,,katie,"['k', 'a', 'i', 'backspace', 't', 'i', 'e']",1.0,4.0,"[3.084590634331107, 3.333472089841962, 3.717668910510838, 4.167154866270721, 4.284021219238639, 4.450910633429885, 4.550846918486059]",10,1,2019_Jul_09_1400,FaceNameControl_Picture&Audio,3.0.4,60.02008898
70,FacesBlock3.xlsx,Kayla.mp4,Kayla.JPG,Kayla,33,videoFrameKayla.png,0,2,2,2,0.0,14.0,14.0,3.0,,,,,2.0,1.203131374,,,,,,10,1,2019_Jul_09_1400,FaceNameControl_Picture&Audio,3.0.4,60.02008898
71,FacesBlock3.xlsx,Kayla.mp4,Kayla.JPG,Kayla,33,videoFrameKayla.png,0,2,2,2,,,,,0.0,6.0,6.0,3.0,,,kayla,"['k', 'a', 'y', 'l', 'a']",1.0,2.0,"[2.451765350997448, 2.550965376198292, 2.667948110960424, 2.8510282319039106, 2.9664254169911146]",10,1,2019_Jul_09_1400,FaceNameControl_Picture&Audio,3.0.4,60.02008898
73,FacesBlock1.xlsx,Kelsey.mp4,Kelsey.JPG,Kelsey,10,videoFrameKelsey.png,0,0,0,0,,,,,0.0,11.0,11.0,10.0,,,,None,0.0,1.0,,10,1,2019_Jul_09_1400,FaceNameControl_Picture&Audio,3.0.4,60.02008898
72,FacesBlock1.xlsx,Kelsey.mp4,Kelsey.JPG,Kelsey,10,videoFrameKelsey.png,0,0,0,0,0.0,2.0,2.0,10.0,,,,,2.0,0.167088079,,,,,,10,1,2019_Jul_09_1400,FaceNameControl_Picture&Audio,3.0.4,60.02008898
74,FacesBlock3.xlsx,Kevin.mp4,Kevin.JPG,Kevin,34,videoFrameKevin.png,0,2,2,2,0.0,10.0,10.0,4.0,,,,,1.0,0.851863867,,,,,,10,1,2019_Jul_09_1400,FaceNameControl_Picture&Audio,3.0.4,60.02008898
75,FacesBlock3.xlsx,Kevin.mp4,Kevin.JPG,Kevin,34,videoFrameKevin.png,0,2,2,2,,,,,0.0,1.0,1.0,4.0,,,kevin,"['k', 'e', 'v', 'i', 'n']",1.0,2.0,"[1.568812788464129, 1.6520192064344883, 1.8686034986749291, 2.0185381965711713, 2.1846303110942245]",10,1,2019_Jul_09_1400,FaceNameControl_Picture&Audio,3.0.4,60.02008898
76,FacesBlock1.xlsx,Kyle.mp4,Kyle.JPG,Kyle,11,videoFrameKyle.png,0,0,0,0,0.0,11.0,11.0,11.0,,,,,1.0,0.40365158799999995,,,,,,10,1,2019_Jul_09_1400,FaceNameControl_Picture&Audio,3.0.4,60.02008898
77,FacesBlock1.xlsx,Kyle.mp4,Kyle.JPG,Kyle,11,videoFrameKyle.png,0,0,0,0,,,,,0.0,10.0,10.0,11.0,,,,None,0.0,1.0,,10,1,2019_Jul_09_1400,FaceNameControl_Picture&Audio,3.0.4,60.02008898
78,FacesBlock3.xlsx,Lauren.mp4,Lauren.JPG,Lauren,35,videoFrameLauren.png,0,2,2,2,0.0,8.0,8.0,5.0,,,,,2.0,0.619910728,,,,,,10,1,2019_Jul_09_1400,FaceNameControl_Picture&Audio,3.0.4,60.02008898
79,FacesBlock3.xlsx,Lauren.mp4,Lauren.JPG,Lauren,35,videoFrameLauren.png,0,2,2,2,,,,,0.0,12.0,12.0,5.0,,,olivia,"['h', 'a', 'n', 'n', 'a', 'backspace', 'backspace', 'backspace', 'backspace', 'backspace', 'o', 'l', 'i', 'v', 'i', 'a']",0.0,1.0,"[1.3187659652903676, 1.401923111639917, 1.5354084493592381, 1.6685108076781034, 1.7514891810715199, 2.4677984481677413, 2.6334606129676104, 2.7841467317193747, 2.9337058365345, 3.0833868216723204, 3.6509605776518583, 3.8836035104468465, 3.983755457215011, 4.267591062001884, 4.351412230171263, 4.450905582867563]",10,1,2019_Jul_09_1400,FaceNameControl_Picture&Audio,3.0.4,60.02008898
80,FacesBlock3.xlsx,Mark.mp4,Mark.JPG,Mark,36,videoFrameMark.png,0,2,2,2,0.0,2.0,2.0,6.0,,,,,1.0,1.985230634,,,,,,10,1,2019_Jul_09_1400,FaceNameControl_Picture&Audio,3.0.4,60.02008898
81,FacesBlock3.xlsx,Mark.mp4,Mark.JPG,Mark,36,videoFrameMark.png,0,2,2,2,,,,,0.0,11.0,11.0,6.0,,,mark,"['m', 'a', 'r', 'k']",1.0,3.0,"[0.9026342649012804, 0.9524444509297609, 1.0692778201773763, 1.1682836720719934]",10,1,2019_Jul_09_1400,FaceNameControl_Picture&Audio,3.0.4,60.02008898
82,FacesBlock1.xlsx,Matthew.mp4,Matthew.JPG,Matthew,12,videoFrameMatthew.png,0,0,0,0,0.0,1.0,1.0,12.0,,,,,1.0,0.269828536,,,,,,10,1,2019_Jul_09_1400,FaceNameControl_Picture&Audio,3.0.4,60.02008898
83,FacesBlock1.xlsx,Matthew.mp4,Matthew.JPG,Matthew,12,videoFrameMatthew.png,0,0,0,0,,,,,0.0,3.0,3.0,12.0,,,,None,0.0,1.0,,10,1,2019_Jul_09_1400,FaceNameControl_Picture&Audio,3.0.4,60.02008898
84,FacesBlock2.xlsx,Megan.mp4,Megan.JPG,Megan,25,videoFrameMegan.png,0,3,3,1,0.0,0.0,0.0,10.0,,,,,2.0,1.4203008419999998,,,,,,10,1,2019_Jul_09_1400,FaceNameControl_Picture&Audio,3.0.4,60.02008898
85,FacesBlock2.xlsx,Megan.mp4,Megan.JPG,Megan,25,videoFrameMegan.png,0,3,3,1,,,,,0.0,2.0,2.0,10.0,,,emily,"['e', 'm', 'i', 'l', 'y']",0.0,1.0,"[4.518122394569218, 4.61764523666352, 4.718113234266639, 4.8173390524461865, 5.0345741445198655]",10,1,2019_Jul_09_1400,FaceNameControl_Picture&Audio,3.0.4,60.02008898
87,FacesBlock4.xlsx,Michael.mp4,Michael.JPG,Michael,57,videoFrameMichael.png,0,1,1,3,,,,,0.0,12.0,12.0,12.0,,,michael,"['m', 'i', 'c', 'h', 'a', 'e', 'l']",1.0,1.0,"[4.333463033661246, 4.448625484481454, 4.550674551166594, 4.634369881823659, 5.017104784026742, 5.117085764184594, 5.2332762610167265]",10,1,2019_Jul_09_1400,FaceNameControl_Picture&Audio,3.0.4,60.02008898
86,FacesBlock4.xlsx,Michael.mp4,Michael.JPG,Michael,57,videoFrameMichael.png,0,1,1,3,0.0,2.0,2.0,12.0,,,,,1.0,0.851895781,,,,,,10,1,2019_Jul_09_1400,FaceNameControl_Picture&Audio,3.0.4,60.02008898
89,FacesBlock4.xlsx,Michelle.mp4,Michelle.JPG,Michelle,58,videoFrameMichelle.png,0,1,1,3,,,,,0.0,5.0,5.0,13.0,,,alyssa,"['a', 'l', 'y', 's', 's', 'a']",0.0,1.0,"[4.217737776227295, 4.334588561207056, 4.6341456631198525, 4.8674052860587835, 5.031960115768015, 5.150543372146785]",10,1,2019_Jul_09_1400,FaceNameControl_Picture&Audio,3.0.4,60.02008898
88,FacesBlock4.xlsx,Michelle.mp4,Michelle.JPG,Michelle,58,videoFrameMichelle.png,0,1,1,3,0.0,4.0,4.0,13.0,,,,,2.0,0.736049719,,,,,,10,1,2019_Jul_09_1400,FaceNameControl_Picture&Audio,3.0.4,60.02008898
90,FacesBlock1.xlsx,Natalie.mp4,Natalie.JPG,Natalie,13,videoFrameNatalie.png,0,0,0,0,0.0,7.0,7.0,13.0,,,,,2.0,0.270327721,,,,,,10,1,2019_Jul_09_1400,FaceNameControl_Picture&Audio,3.0.4,60.02008898
91,FacesBlock1.xlsx,Natalie.mp4,Natalie.JPG,Natalie,13,videoFrameNatalie.png,0,0,0,0,,,,,0.0,2.0,2.0,13.0,,,,None,0.0,1.0,,10,1,2019_Jul_09_1400,FaceNameControl_Picture&Audio,3.0.4,60.02008898
92,FacesBlock3.xlsx,Nathan.mp4,Nathan.JPG,Nathan,37,videoFrameNathan.png,0,2,2,2,0.0,1.0,1.0,7.0,,,,,1.0,1.535040509,,,,,,10,1,2019_Jul_09_1400,FaceNameControl_Picture&Audio,3.0.4,60.02008898
93,FacesBlock3.xlsx,Nathan.mp4,Nathan.JPG,Nathan,37,videoFrameNathan.png,0,2,2,2,,,,,0.0,5.0,5.0,7.0,,,kevin,"['k', 'e', 'v', 'i', 'n']",0.0,1.0,"[2.1856016516685486, 5.967286664061248, 6.234437188133597, 6.501029273495078, 6.8004367630928755]",10,1,2019_Jul_09_1400,FaceNameControl_Picture&Audio,3.0.4,60.02008898
94,FacesBlock3.xlsx,Nicole.mp4,Nicole.JPG,Nicole,38,videoFrameNicole.png,0,2,2,2,0.0,0.0,0.0,8.0,,,,,2.0,1.936438411,,,,,,10,1,2019_Jul_09_1400,FaceNameControl_Picture&Audio,3.0.4,60.02008898
95,FacesBlock3.xlsx,Nicole.mp4,Nicole.JPG,Nicole,38,videoFrameNicole.png,0,2,2,2,,,,,0.0,10.0,10.0,8.0,,,,None,0.0,1.0,,10,1,2019_Jul_09_1400,FaceNameControl_Picture&Audio,3.0.4,60.02008898
96,FacesBlock3.xlsx,Noah.mp4,Noah.JPG,Noah,39,videoFrameNoah.png,0,2,2,2,0.0,4.0,4.0,9.0,,,,,1.0,0.803122975,,,,,,10,1,2019_Jul_09_1400,FaceNameControl_Picture&Audio,3.0.4,60.02008898
97,FacesBlock3.xlsx,Noah.mp4,Noah.JPG,Noah,39,videoFrameNoah.png,0,2,2,2,,,,,0.0,0.0,0.0,9.0,,,jason,"['j', 'a', 's', 'o', 'n']",0.0,1.0,"[7.883827195502818, 7.966831191442907, 8.266710515134037, 8.36651764344424, 8.482608149759471]",10,1,2019_Jul_09_1400,FaceNameControl_Picture&Audio,3.0.4,60.02008898
98,FacesBlock3.xlsx,Olivia.mp4,Olivia.JPG,Olivia,40,videoFrameOlivia.png,0,2,2,2,0.0,5.0,5.0,10.0,,,,,2.0,0.819491717,,,,,,10,1,2019_Jul_09_1400,FaceNameControl_Picture&Audio,3.0.4,60.02008898
99,FacesBlock3.xlsx,Olivia.mp4,Olivia.JPG,Olivia,40,videoFrameOlivia.png,0,2,2,2,,,,,0.0,8.0,8.0,10.0,,,,None,0.0,1.0,,10,1,2019_Jul_09_1400,FaceNameControl_Picture&Audio,3.0.4,60.02008898
100,FacesBlock2.xlsx,Rachel.mp4,Rachel.JPG,Rachel,26,videoFrameRachel.png,0,3,3,1,0.0,8.0,8.0,11.0,,,,,2.0,1.6517487709999998,,,,,,10,1,2019_Jul_09_1400,FaceNameControl_Picture&Audio,3.0.4,60.02008898
101,FacesBlock2.xlsx,Rachel.mp4,Rachel.JPG,Rachel,26,videoFrameRachel.png,0,3,3,1,,,,,0.0,0.0,0.0,11.0,,,rachel,"['r', 'a', 'c', 'h', 'e', 'l']",1.0,4.0,"[1.785715182311833, 1.918858913704753, 2.0854387897998095, 2.1858406690880656, 2.318689244799316, 2.384815590456128]",10,1,2019_Jul_09_1400,FaceNameControl_Picture&Audio,3.0.4,60.02008898
103,FacesBlock3.xlsx,Rebecca.mp4,Rebecca.JPG,Rebecca,41,videoFrameRebecca.png,0,2,2,2,,,,,0.0,14.0,14.0,11.0,,,sarah,"['s', 'a', 'r', 'a', 'h']",0.0,1.0,"[5.184287641197443, 5.316683923825622, 5.483516120351851, 5.584082269109786, 5.931855100207031]",10,1,2019_Jul_09_1400,FaceNameControl_Picture&Audio,3.0.4,60.02008898
102,FacesBlock3.xlsx,Rebecca.mp4,Rebecca.JPG,Rebecca,41,videoFrameRebecca.png,0,2,2,2,0.0,3.0,3.0,11.0,,,,,2.0,1.5693030559999999,,,,,,10,1,2019_Jul_09_1400,FaceNameControl_Picture&Audio,3.0.4,60.02008898
104,FacesBlock3.xlsx,Sarah.mp4,Sarah.JPG,Sarah,42,videoFrameSarah.png,0,2,2,2,0.0,11.0,11.0,12.0,,,,,2.0,1.352900521,,,,,,10,1,2019_Jul_09_1400,FaceNameControl_Picture&Audio,3.0.4,60.02008898
105,FacesBlock3.xlsx,Sarah.mp4,Sarah.JPG,Sarah,42,videoFrameSarah.png,0,2,2,2,,,,,0.0,9.0,9.0,12.0,,,,"['b', 'backspace']",0.0,1.0,"[4.149178279563785, 4.883685934357345]",10,1,2019_Jul_09_1400,FaceNameControl_Picture&Audio,3.0.4,60.02008898
106,FacesBlock3.xlsx,Shelby.mp4,Shelby.JPG,Shelby,43,videoFrameShelby.png,0,2,2,2,0.0,9.0,9.0,13.0,,,,,2.0,0.35320766200000003,,,,,,10,1,2019_Jul_09_1400,FaceNameControl_Picture&Audio,3.0.4,60.02008898
107,FacesBlock3.xlsx,Shelby.mp4,Shelby.JPG,Shelby,43,videoFrameShelby.png,0,2,2,2,,,,,0.0,13.0,13.0,13.0,,,,None,0.0,1.0,,10,1,2019_Jul_09_1400,FaceNameControl_Picture&Audio,3.0.4,60.02008898
108,FacesBlock2.xlsx,Steven.mp4,Steven.JPG,Steven,27,videoFrameSteven.png,0,3,3,1,0.0,14.0,14.0,12.0,,,,,1.0,0.952994824,,,,,,10,1,2019_Jul_09_1400,FaceNameControl_Picture&Audio,3.0.4,60.02008898
109,FacesBlock2.xlsx,Steven.mp4,Steven.JPG,Steven,27,videoFrameSteven.png,0,3,3,1,,,,,0.0,4.0,4.0,12.0,,,,None,0.0,1.0,,10,1,2019_Jul_09_1400,FaceNameControl_Picture&Audio,3.0.4,60.02008898
110,FacesBlock4.xlsx,Taylor.mp4,Taylor.JPG,Taylor,59,videoFrameTaylor.png,0,1,1,3,0.0,7.0,7.0,14.0,,,,,2.0,0.9862075020000001,,,,,,10,1,2019_Jul_09_1400,FaceNameControl_Picture&Audio,3.0.4,60.02008898
111,FacesBlock4.xlsx,Taylor.mp4,Taylor.JPG,Taylor,59,videoFrameTaylor.png,0,1,1,3,,,,,0.0,6.0,6.0,14.0,,,taylor,"['t', 'a', 'y', 'l', 'r', 'o', 'backspace', 'backspace', 'o', 'r']",1.0,3.0,"[2.2515175668522716, 2.3680696673691273, 2.534825653769076, 2.7515249187126756, 3.0009949570521712, 3.1677919290959835, 3.73345885053277, 3.900004089809954, 4.6338926907628775, 4.734076575376093]",10,1,2019_Jul_09_1400,FaceNameControl_Picture&Audio,3.0.4,60.02008898
112,FacesBlock3.xlsx,Thomas.mp4,Thomas.JPG,Thomas,44,videoFrameThomas.png,0,2,2,2,0.0,13.0,13.0,14.0,,,,,1.0,1.233493844,,,,,,10,1,2019_Jul_09_1400,FaceNameControl_Picture&Audio,3.0.4,60.02008898
113,FacesBlock3.xlsx,Thomas.mp4,Thomas.JPG,Thomas,44,videoFrameThomas.png,0,2,2,2,,,,,0.0,3.0,3.0,14.0,,,kevin,"['k', 'e', 'v', 'i', 'n']",0.0,1.0,"[5.633963201195002, 5.71707858890295, 5.88369610812515, 6.000507280230522, 6.1834657695144415]",10,1,2019_Jul_09_1400,FaceNameControl_Picture&Audio,3.0.4,60.02008898
114,FacesBlock1.xlsx,Timothy.mp4,Timothy.JPG,Timothy,14,videoFrameTimothy.png,0,0,0,0,0.0,12.0,12.0,14.0,,,,,1.0,0.486304645,,,,,,10,1,2019_Jul_09_1400,FaceNameControl_Picture&Audio,3.0.4,60.02008898
115,FacesBlock1.xlsx,Timothy.mp4,Timothy.JPG,Timothy,14,videoFrameTimothy.png,0,0,0,0,,,,,0.0,9.0,9.0,14.0,,,adam,"['a', 'd', 'a', 'm']",0.0,1.0,"[2.2183647388592362, 2.3683465365320444, 2.5012566950172186, 2.8678811583667994]",10,1,2019_Jul_09_1400,FaceNameControl_Picture&Audio,3.0.4,60.02008898
116,FacesBlock2.xlsx,Trevor.mp4,Trevor.JPG,Trevor,28,videoFrameTrevor.png,0,3,3,1,0.0,12.0,12.0,13.0,,,,,1.0,0.6857593009999999,,,,,,10,1,2019_Jul_09_1400,FaceNameControl_Picture&Audio,3.0.4,60.02008898
117,FacesBlock2.xlsx,Trevor.mp4,Trevor.JPG,Trevor,28,videoFrameTrevor.png,0,3,3,1,,,,,0.0,14.0,14.0,13.0,,,trevor,"['t', 'r', 'e', 'v', 'o', 'r']",1.0,1.0,"[2.2515128701925278, 2.435400767251849, 2.5520879039540887, 2.835288661532104, 2.9851666102185845, 3.0683419788256288]",10,1,2019_Jul_09_1400,FaceNameControl_Picture&Audio,3.0.4,60.02008898
118,FacesBlock2.xlsx,Tyler.mp4,Tyler.JPG,Tyler,29,videoFrameTyler.png,0,3,3,1,0.0,6.0,6.0,14.0,,,,,1.0,0.8861754359999999,,,,,,10,1,2019_Jul_09_1400,FaceNameControl_Picture&Audio,3.0.4,60.02008898
119,FacesBlock2.xlsx,Tyler.mp4,Tyler.JPG,Tyler,29,videoFrameTyler.png,0,3,3,1,,,,,0.0,8.0,8.0,14.0,,,,None,0.0,1.0,,10,1,2019_Jul_09_1400,FaceNameControl_Picture&Audio,3.0.4,60.02008898
