,condsFile,Video,Photo,Name,Row,videoFrame,blocks.thisRepN,blocks.thisTrialN,blocks.thisN,blocks.thisIndex,presentations.thisRepN,presentations.thisTrialN,presentations.thisN,presentations.thisIndex,testing.thisRepN,testing.thisTrialN,testing.thisN,testing.thisIndex,judgementResp.keys,judgementResp.rt,inputText,key_resp_3.keys,recallRating_s,key_resp_3.rt,rating_resp.keys,participant,session,date,expName,psychopyVersion,frameRate
50,FacesBlock2.xlsx,Aaron.mp4,Aaron.JPG,Aaron,15.0,videoFrameAaron.png,0.0,1.0,1.0,1.0,,,,,0.0,4.0,4.0,0.0,,,chris,"['c', 'h', 'i', 'r', 'backspace', 'backspace', 'r', 'i', 's']",0.0,"[3.401403865776956, 3.5845670951530337, 3.8005041237920523, 3.900959799066186, 4.783372435718775, 5.00022248364985, 5.050466738641262, 6.083344131708145, 6.150280728936195]",3.0,11,1,2019_Jul_10_1159,FaceNameControl_Picture&Audio,3.0.4,60.04078611
38,FacesBlock2.xlsx,Aaron.mp4,Aaron.JPG,Aaron,15.0,videoFrameAaron.png,0.0,1.0,1.0,1.0,0.0,7.0,7.0,0.0,,,,,1.0,1.43676508,,,,,,11,1,2019_Jul_10_1159,FaceNameControl_Picture&Audio,3.0.4,60.04078611
93,FacesBlock1.xlsx,Adam.mp4,Adam.JPG,Adam,0.0,videoFrameAdam.png,0.0,3.0,3.0,0.0,0.0,2.0,2.0,0.0,,,,,1.0,0.335953705,,,,,,11,1,2019_Jul_10_1159,FaceNameControl_Picture&Audio,3.0.4,60.04078611
119,FacesBlock1.xlsx,Adam.mp4,Adam.JPG,Adam,0.0,videoFrameAdam.png,0.0,3.0,3.0,0.0,,,,,0.0,13.0,13.0,0.0,,,,None,0.0,,4.0,11,1,2019_Jul_10_1159,FaceNameControl_Picture&Audio,3.0.4,60.04078611
11,FacesBlock4.xlsx,Alyssa.mp4,Alyssa.JPG,Alyssa,45.0,videoFrameAlyssa.png,0.0,0.0,0.0,3.0,0.0,10.0,10.0,0.0,,,,,2.0,0.43632641,,,,,,11,1,2019_Jul_10_1159,FaceNameControl_Picture&Audio,3.0.4,60.04078611
23,FacesBlock4.xlsx,Alyssa.mp4,Alyssa.JPG,Alyssa,45.0,videoFrameAlyssa.png,0.0,0.0,0.0,3.0,,,,,0.0,7.0,7.0,0.0,,,,None,0.0,,4.0,11,1,2019_Jul_10_1159,FaceNameControl_Picture&Audio,3.0.4,60.04078611
97,FacesBlock1.xlsx,Amanda.mp4,Amanda.JPG,Amanda,1.0,videoFrameAmanda.png,0.0,3.0,3.0,0.0,0.0,6.0,6.0,1.0,,,,,2.0,0.37041366200000003,,,,,,11,1,2019_Jul_10_1159,FaceNameControl_Picture&Audio,3.0.4,60.04078611
106,FacesBlock1.xlsx,Amanda.mp4,Amanda.JPG,Amanda,1.0,videoFrameAmanda.png,0.0,3.0,3.0,0.0,,,,,0.0,0.0,0.0,1.0,,,,None,0.0,,4.0,11,1,2019_Jul_10_1159,FaceNameControl_Picture&Audio,3.0.4,60.04078611
7,FacesBlock4.xlsx,Andrew.mp4,Andrew.JPG,Andrew,46.0,videoFrameAndrew.png,0.0,0.0,0.0,3.0,0.0,6.0,6.0,1.0,,,,,1.0,0.23620633300000002,,,,,,11,1,2019_Jul_10_1159,FaceNameControl_Picture&Audio,3.0.4,60.04078611
28,FacesBlock4.xlsx,Andrew.mp4,Andrew.JPG,Andrew,46.0,videoFrameAndrew.png,0.0,0.0,0.0,3.0,,,,,0.0,12.0,12.0,1.0,,,,None,0.0,,4.0,11,1,2019_Jul_10_1159,FaceNameControl_Picture&Audio,3.0.4,60.04078611
2,FacesBlock4.xlsx,Anna.mp4,Anna.JPG,Anna,47.0,videoFrameAnna.png,0.0,0.0,0.0,3.0,0.0,1.0,1.0,2.0,,,,,2.0,0.553044936,,,,,,11,1,2019_Jul_10_1159,FaceNameControl_Picture&Audio,3.0.4,60.04078611
29,FacesBlock4.xlsx,Anna.mp4,Anna.JPG,Anna,47.0,videoFrameAnna.png,0.0,0.0,0.0,3.0,,,,,0.0,13.0,13.0,2.0,,,,None,0.0,,4.0,11,1,2019_Jul_10_1159,FaceNameControl_Picture&Audio,3.0.4,60.04078611
58,FacesBlock2.xlsx,Ashley.mp4,Ashley.JPG,Ashley,16.0,videoFrameAshley.png,0.0,1.0,1.0,1.0,,,,,0.0,12.0,12.0,1.0,,,hannah,"['h', 'a', 'n', 'n', 'a', 'h']",0.0,"[4.434348137117922, 4.633539609611034, 4.850856848992407, 5.033888399600983, 5.1502131298184395, 5.283892667852342]",2.0,11,1,2019_Jul_10_1159,FaceNameControl_Picture&Audio,3.0.4,60.04078611
33,FacesBlock2.xlsx,Ashley.mp4,Ashley.JPG,Ashley,16.0,videoFrameAshley.png,0.0,1.0,1.0,1.0,0.0,2.0,2.0,1.0,,,,,2.0,5.101597089,,,,,,11,1,2019_Jul_10_1159,FaceNameControl_Picture&Audio,3.0.4,60.04078611
110,FacesBlock1.xlsx,Bradley.mp4,Bradley.JPG,Bradley,2.0,videoFrameBradley.png,0.0,3.0,3.0,0.0,,,,,0.0,4.0,4.0,2.0,,,bradly,"['b', 'r', 'a', 'd', 'l', 'y', 'equal', 'e', 'y', 'y', 'backspace', 'backspace', 'backspace']",1.0,"[1.4518907191231847, 1.601247982122004, 1.9512155326083302, 2.235057655721903, 2.3853296414017677, 2.7350273989140987, 5.017313364893198, 5.298998037353158, 5.566968134604394, 5.684213513508439, 6.149978367611766, 7.4328819857910275, 7.666164132766426]",4.0,11,1,2019_Jul_10_1159,FaceNameControl_Picture&Audio,3.0.4,60.04078611
103,FacesBlock1.xlsx,Bradley.mp4,Bradley.JPG,Bradley,2.0,videoFrameBradley.png,0.0,3.0,3.0,0.0,0.0,12.0,12.0,2.0,,,,,1.0,0.6698760220000001,,,,,,11,1,2019_Jul_10_1159,FaceNameControl_Picture&Audio,3.0.4,60.04078611
20,FacesBlock4.xlsx,Brandon.mp4,Brandon.JPG,Brandon,48.0,videoFrameBrandon.png,0.0,0.0,0.0,3.0,,,,,0.0,4.0,4.0,3.0,,,,None,0.0,,1.0,11,1,2019_Jul_10_1159,FaceNameControl_Picture&Audio,3.0.4,60.04078611
15,FacesBlock4.xlsx,Brandon.mp4,Brandon.JPG,Brandon,48.0,videoFrameBrandon.png,0.0,0.0,0.0,3.0,0.0,14.0,14.0,3.0,,,,,1.0,0.8691421020000001,,,,,,11,1,2019_Jul_10_1159,FaceNameControl_Picture&Audio,3.0.4,60.04078611
12,FacesBlock4.xlsx,Brian.mp4,Brian.JPG,Brian,49.0,videoFrameBrian.png,0.0,0.0,0.0,3.0,0.0,11.0,11.0,4.0,,,,,1.0,0.453840412,,,,,,11,1,2019_Jul_10_1159,FaceNameControl_Picture&Audio,3.0.4,60.04078611
24,FacesBlock4.xlsx,Brian.mp4,Brian.JPG,Brian,49.0,videoFrameBrian.png,0.0,0.0,0.0,3.0,,,,,0.0,8.0,8.0,4.0,,,brandon,"['b', 'r', 'a', 'n', 'd', 'o', 'n']",0.0,"[2.386096636764705, 2.5192980468273163, 2.835571549832821, 2.9855637522414327, 3.1685642395168543, 4.117812800221145, 4.401702632196248]",4.0,11,1,2019_Jul_10_1159,FaceNameControl_Picture&Audio,3.0.4,60.04078611
22,FacesBlock4.xlsx,Brianna.mp4,Brianna.JPG,Brianna,50.0,videoFrameBrianna.png,0.0,0.0,0.0,3.0,,,,,0.0,6.0,6.0,5.0,,,,None,0.0,,4.0,11,1,2019_Jul_10_1159,FaceNameControl_Picture&Audio,3.0.4,60.04078611
1,FacesBlock4.xlsx,Brianna.mp4,Brianna.JPG,Brianna,50.0,videoFrameBrianna.png,0.0,0.0,0.0,3.0,0.0,0.0,0.0,5.0,,,,,2.0,3.0854396389999996,,,,,,11,1,2019_Jul_10_1159,FaceNameControl_Picture&Audio,3.0.4,60.04078611
43,FacesBlock2.xlsx,Brittany.mp4,Brittany.JPG,Brittany,17.0,videoFrameBrittany.png,0.0,1.0,1.0,1.0,0.0,12.0,12.0,2.0,,,,,2.0,0.569343677,,,,,,11,1,2019_Jul_10_1159,FaceNameControl_Picture&Audio,3.0.4,60.04078611
52,FacesBlock2.xlsx,Brittany.mp4,Brittany.JPG,Brittany,17.0,videoFrameBrittany.png,0.0,1.0,1.0,1.0,,,,,0.0,6.0,6.0,2.0,,,brittney,"['b', 'e', 'backspace', 'r', 'i', 't', 't', 'n', 'e', 'y']",1.0,"[1.168368841521442, 1.2679037973284721, 2.300849424675107, 2.4011829728260636, 3.1346789998933673, 4.383835885673761, 4.966984510421753, 6.166900431737304, 6.350280366837978, 6.500103319995105]",4.0,11,1,2019_Jul_10_1159,FaceNameControl_Picture&Audio,3.0.4,60.04078611
9,FacesBlock4.xlsx,Caleb.mp4,Caleb.JPG,Caleb,51.0,videoFrameCaleb.png,0.0,0.0,0.0,3.0,0.0,8.0,8.0,6.0,,,,,1.0,1.050049715,,,,,,11,1,2019_Jul_10_1159,FaceNameControl_Picture&Audio,3.0.4,60.04078611
30,FacesBlock4.xlsx,Caleb.mp4,Caleb.JPG,Caleb,51.0,videoFrameCaleb.png,0.0,0.0,0.0,3.0,,,,,0.0,14.0,14.0,6.0,,,,None,0.0,,4.0,11,1,2019_Jul_10_1159,FaceNameControl_Picture&Audio,3.0.4,60.04078611
41,FacesBlock2.xlsx,Cody.mp4,Cody.JPG,Cody,18.0,videoFrameCody.png,0.0,1.0,1.0,1.0,0.0,10.0,10.0,3.0,,,,,1.0,1.3864534069999999,,,,,,11,1,2019_Jul_10_1159,FaceNameControl_Picture&Audio,3.0.4,60.04078611
46,FacesBlock2.xlsx,Cody.mp4,Cody.JPG,Cody,18.0,videoFrameCody.png,0.0,1.0,1.0,1.0,,,,,0.0,0.0,0.0,3.0,,,trevor,"['t', 'r', 'e', 'v', 'o', 'r']",0.0,"[4.815462279133499, 4.967256531119347, 5.183977100998163, 5.967135822400451, 6.183559966273606, 6.300217146985233]",3.0,11,1,2019_Jul_10_1159,FaceNameControl_Picture&Audio,3.0.4,60.04078611
63,FacesBlock3.xlsx,Courtney.mp4,Courtney.JPG,Courtney,30.0,videoFrameCourtney.png,0.0,2.0,2.0,2.0,0.0,2.0,2.0,0.0,,,,,2.0,1.285994059,,,,,,11,1,2019_Jul_10_1159,FaceNameControl_Picture&Audio,3.0.4,60.04078611
79,FacesBlock3.xlsx,Courtney.mp4,Courtney.JPG,Courtney,30.0,videoFrameCourtney.png,0.0,2.0,2.0,2.0,,,,,0.0,3.0,3.0,0.0,,,lauren,"['l', 'a', 'u', 'r', 'e', 'n']",0.0,"[2.634134837426245, 2.934786496683955, 3.2008651215583086, 3.4341007294133306, 3.551387008279562, 3.7345759691670537]",3.0,11,1,2019_Jul_10_1159,FaceNameControl_Picture&Audio,3.0.4,60.04078611
70,FacesBlock3.xlsx,Daniel.mp4,Daniel.JPG,Daniel,31.0,videoFrameDaniel.png,0.0,2.0,2.0,2.0,0.0,9.0,9.0,1.0,,,,,1.0,3.6352107510000002,,,,,,11,1,2019_Jul_10_1159,FaceNameControl_Picture&Audio,3.0.4,60.04078611
87,FacesBlock3.xlsx,Daniel.mp4,Daniel.JPG,Daniel,31.0,videoFrameDaniel.png,0.0,2.0,2.0,2.0,,,,,0.0,11.0,11.0,1.0,,,,None,0.0,,4.0,11,1,2019_Jul_10_1159,FaceNameControl_Picture&Audio,3.0.4,60.04078611
107,FacesBlock1.xlsx,Danielle.mp4,Danielle.JPG,Danielle,3.0,videoFrameDanielle.png,0.0,3.0,3.0,0.0,,,,,0.0,1.0,1.0,3.0,,,danielle,"['d', 'a', 'n', 'i', 'e', 'l', 'l', 'e']",1.0,"[2.4354148637503386, 2.6851716563105583, 3.234501549974084, 3.534927800297737, 3.718327817507088, 4.118063572794199, 4.28450002707541, 4.3685983726754785]",4.0,11,1,2019_Jul_10_1159,FaceNameControl_Picture&Audio,3.0.4,60.04078611
96,FacesBlock1.xlsx,Danielle.mp4,Danielle.JPG,Danielle,3.0,videoFrameDanielle.png,0.0,3.0,3.0,0.0,0.0,5.0,5.0,3.0,,,,,2.0,0.9032890170000001,,,,,,11,1,2019_Jul_10_1159,FaceNameControl_Picture&Audio,3.0.4,60.04078611
49,FacesBlock2.xlsx,David.mp4,David.JPG,David,19.0,videoFrameDavid.png,0.0,1.0,1.0,1.0,,,,,0.0,3.0,3.0,4.0,,,,None,0.0,,4.0,11,1,2019_Jul_10_1159,FaceNameControl_Picture&Audio,3.0.4,60.04078611
36,FacesBlock2.xlsx,David.mp4,David.JPG,David,19.0,videoFrameDavid.png,0.0,1.0,1.0,1.0,0.0,5.0,5.0,4.0,,,,,1.0,4.132514546,,,,,,11,1,2019_Jul_10_1159,FaceNameControl_Picture&Audio,3.0.4,60.04078611
16,FacesBlock4.xlsx,Dylan.mp4,Dylan.JPG,Dylan,52.0,videoFrameDylan.png,0.0,0.0,0.0,3.0,,,,,0.0,0.0,0.0,7.0,,,dylan,"['d', 'y', 'l', 'a', 'n', 'return', 'return']",1.0,"[2.2012965260073543, 2.334485466592014, 3.85067998804152, 4.084294372238219, 4.200151675380766, 5.15024764277041, 8.098681092262268]",4.0,11,1,2019_Jul_10_1159,FaceNameControl_Picture&Audio,3.0.4,60.04078611
13,FacesBlock4.xlsx,Dylan.mp4,Dylan.JPG,Dylan,52.0,videoFrameDylan.png,0.0,0.0,0.0,3.0,0.0,12.0,12.0,7.0,,,,,1.0,0.419471924,,,,,,11,1,2019_Jul_10_1159,FaceNameControl_Picture&Audio,3.0.4,60.04078611
4,FacesBlock4.xlsx,Emily.mp4,Emily.JPG,Emily,53.0,videoFrameEmily.png,0.0,0.0,0.0,3.0,0.0,3.0,3.0,8.0,,,,,2.0,1.1694739859999999,,,,,,11,1,2019_Jul_10_1159,FaceNameControl_Picture&Audio,3.0.4,60.04078611
19,FacesBlock4.xlsx,Emily.mp4,Emily.JPG,Emily,53.0,videoFrameEmily.png,0.0,0.0,0.0,3.0,,,,,0.0,3.0,3.0,8.0,,,emily,"['e', 'm', 'i', 'l', 'y', '4', 'backspace']",1.0,"[2.2847121180966496, 2.5007418924942613, 2.78462449926883, 3.050770021043718, 3.234644463285804, 4.300755503587425, 5.083149670623243]",4.0,11,1,2019_Jul_10_1159,FaceNameControl_Picture&Audio,3.0.4,60.04078611
104,FacesBlock1.xlsx,Eric.mp4,Eric.JPG,Eric,4.0,videoFrameEric.png,0.0,3.0,3.0,0.0,0.0,13.0,13.0,4.0,,,,,1.0,0.23666746,,,,,,11,1,2019_Jul_10_1159,FaceNameControl_Picture&Audio,3.0.4,60.04078611
112,FacesBlock1.xlsx,Eric.mp4,Eric.JPG,Eric,4.0,videoFrameEric.png,0.0,3.0,3.0,0.0,,,,,0.0,6.0,6.0,4.0,,,ethan,"['e', 't', 'h', 'n', 'a', 'q', 'backspace', 'backspace', 'backspace', 'a', 'n']",0.0,"[2.2356573091819882, 2.368571374565363, 2.4851897386834025, 2.821804522536695, 3.4509834963828325, 3.7008446576073766, 3.8845362225547433, 4.917284317314625, 4.9845335483551025]",3.0,11,1,2019_Jul_10_1159,FaceNameControl_Picture&Audio,3.0.4,60.04078611
92,FacesBlock1.xlsx,Ethan.mp4,Ethan.JPG,Ethan,5.0,videoFrameEthan.png,0.0,3.0,3.0,0.0,0.0,1.0,1.0,5.0,,,,,1.0,0.9205271759999999,,,,,,11,1,2019_Jul_10_1159,FaceNameControl_Picture&Audio,3.0.4,60.04078611
118,FacesBlock1.xlsx,Ethan.mp4,Ethan.JPG,Ethan,5.0,videoFrameEthan.png,0.0,3.0,3.0,0.0,,,,,0.0,12.0,12.0,5.0,,,,None,0.0,,4.0,11,1,2019_Jul_10_1159,FaceNameControl_Picture&Audio,3.0.4,60.04078611
3,FacesBlock4.xlsx,Grace.mp4,Grace.JPG,Grace,54.0,videoFrameGrace.png,0.0,0.0,0.0,3.0,0.0,2.0,2.0,9.0,,,,,2.0,0.31908319,,,,,,11,1,2019_Jul_10_1159,FaceNameControl_Picture&Audio,3.0.4,60.04078611
27,FacesBlock4.xlsx,Grace.mp4,Grace.JPG,Grace,54.0,videoFrameGrace.png,0.0,0.0,0.0,3.0,,,,,0.0,11.0,11.0,9.0,,,,None,0.0,,4.0,11,1,2019_Jul_10_1159,FaceNameControl_Picture&Audio,3.0.4,60.04078611
42,FacesBlock2.xlsx,Haley.mp4,Haley.JPG,Haley,20.0,videoFrameHaley.png,0.0,1.0,1.0,1.0,0.0,11.0,11.0,5.0,,,,,2.0,3.6684432539999996,,,,,,11,1,2019_Jul_10_1159,FaceNameControl_Picture&Audio,3.0.4,60.04078611
59,FacesBlock2.xlsx,Haley.mp4,Haley.JPG,Haley,20.0,videoFrameHaley.png,0.0,1.0,1.0,1.0,,,,,0.0,13.0,13.0,5.0,,,,None,0.0,,4.0,11,1,2019_Jul_10_1159,FaceNameControl_Picture&Audio,3.0.4,60.04078611
98,FacesBlock1.xlsx,Hannah.mp4,Hannah.JPG,Hannah,6.0,videoFrameHannah.png,0.0,3.0,3.0,0.0,0.0,7.0,7.0,6.0,,,,,2.0,1.352818131,,,,,,11,1,2019_Jul_10_1159,FaceNameControl_Picture&Audio,3.0.4,60.04078611
115,FacesBlock1.xlsx,Hannah.mp4,Hannah.JPG,Hannah,6.0,videoFrameHannah.png,0.0,3.0,3.0,0.0,,,,,0.0,9.0,9.0,6.0,,,hannah,"['h', 'a', 'n', 'n', 'a', 'h']",1.0,"[2.9350539287552238, 3.101640316657722, 3.3163312831893563, 3.5176739655435085, 3.6345882015302777, 4.551137439906597]",4.0,11,1,2019_Jul_10_1159,FaceNameControl_Picture&Audio,3.0.4,60.04078611
39,FacesBlock2.xlsx,Heather.mp4,Heather.JPG,Heather,21.0,videoFrameHeather.png,0.0,1.0,1.0,1.0,0.0,8.0,8.0,6.0,,,,,2.0,3.136148912,,,,,,11,1,2019_Jul_10_1159,FaceNameControl_Picture&Audio,3.0.4,60.04078611
51,FacesBlock2.xlsx,Heather.mp4,Heather.JPG,Heather,21.0,videoFrameHeather.png,0.0,1.0,1.0,1.0,,,,,0.0,5.0,5.0,6.0,,,maddie,"['m', 'a', 'd', 'd', 'i', 'e']",0.0,"[3.734930424951017, 3.9348032493144274, 4.2675060434266925, 4.501329615712166, 4.584912839345634, 4.768014604225755]",3.0,11,1,2019_Jul_10_1159,FaceNameControl_Picture&Audio,3.0.4,60.04078611
78,FacesBlock3.xlsx,Jacob.mp4,Jacob.JPG,Jacob,32.0,videoFrameJacob.png,0.0,2.0,2.0,2.0,,,,,0.0,2.0,2.0,2.0,,,jacob,"['h', 'backspace', 'backspace', 'j', 'a', 'c', 'o', 'b']",1.0,"[6.483928427100182, 6.950001610442996, 7.166401009075344, 7.433390696533024, 7.616729540750384, 7.949622333981097, 8.083586191758513, 8.299865103326738]",4.0,11,1,2019_Jul_10_1159,FaceNameControl_Picture&Audio,3.0.4,60.04078611
75,FacesBlock3.xlsx,Jacob.mp4,Jacob.JPG,Jacob,32.0,videoFrameJacob.png,0.0,2.0,2.0,2.0,0.0,14.0,14.0,2.0,,,,,1.0,0.6693710999999999,,,,,,11,1,2019_Jul_10_1159,FaceNameControl_Picture&Audio,3.0.4,60.04078611
6,FacesBlock4.xlsx,Jason.mp4,Jason.JPG,Jason,55.0,videoFrameJason.png,0.0,0.0,0.0,3.0,0.0,5.0,5.0,10.0,,,,,1.0,0.30279460199999997,,,,,,11,1,2019_Jul_10_1159,FaceNameControl_Picture&Audio,3.0.4,60.04078611
21,FacesBlock4.xlsx,Jason.mp4,Jason.JPG,Jason,55.0,videoFrameJason.png,0.0,0.0,0.0,3.0,,,,,0.0,5.0,5.0,10.0,,,,None,0.0,,4.0,11,1,2019_Jul_10_1159,FaceNameControl_Picture&Audio,3.0.4,60.04078611
91,FacesBlock1.xlsx,Jenna.mp4,Jenna.JPG,Jenna,7.0,videoFrameJenna.png,0.0,3.0,3.0,0.0,0.0,0.0,0.0,7.0,,,,,2.0,14.64753812,,,,,,11,1,2019_Jul_10_1159,FaceNameControl_Picture&Audio,3.0.4,60.04078611
117,FacesBlock1.xlsx,Jenna.mp4,Jenna.JPG,Jenna,7.0,videoFrameJenna.png,0.0,3.0,3.0,0.0,,,,,0.0,11.0,11.0,7.0,,,jenna,"['j', 'e', 'n', 'n', 'a']",1.0,"[1.701651924289763, 1.8513277731835842, 2.1676587108522654, 2.3659549923613667, 2.467363702133298]",4.0,11,1,2019_Jul_10_1159,FaceNameControl_Picture&Audio,3.0.4,60.04078611
55,FacesBlock2.xlsx,Jeremy.mp4,Jeremy.JPG,Jeremy,22.0,videoFrameJeremy.png,0.0,1.0,1.0,1.0,,,,,0.0,9.0,9.0,7.0,,,mathew,"['m', 'a', 't', 'h', 'e', 'w']",0.0,"[2.984915646724403, 3.4016295690089464, 3.8515043212100863, 3.984689633361995, 4.25041582994163, 4.3679020376876]",1.0,11,1,2019_Jul_10_1159,FaceNameControl_Picture&Audio,3.0.4,60.04078611
45,FacesBlock2.xlsx,Jeremy.mp4,Jeremy.JPG,Jeremy,22.0,videoFrameJeremy.png,0.0,1.0,1.0,1.0,0.0,14.0,14.0,7.0,,,,,1.0,3.7354711560000005,,,,,,11,1,2019_Jul_10_1159,FaceNameControl_Picture&Audio,3.0.4,60.04078611
100,FacesBlock1.xlsx,Jessica.mp4,Jessica.JPG,Jessica,8.0,videoFrameJessica.png,0.0,3.0,3.0,0.0,0.0,9.0,9.0,8.0,,,,,2.0,0.90279404,,,,,,11,1,2019_Jul_10_1159,FaceNameControl_Picture&Audio,3.0.4,60.04078611
120,FacesBlock1.xlsx,Jessica.mp4,Jessica.JPG,Jessica,8.0,videoFrameJessica.png,0.0,3.0,3.0,0.0,,,,,0.0,14.0,14.0,8.0,,,jessica,"['j', 'e', 's', 's', 'i', 'c', 'a']",1.0,"[3.9177486281841993, 4.034253398887813, 4.350780051201582, 4.565683860331774, 4.883759256452322, 5.050483285449445, 5.300892470404506]",4.0,11,1,2019_Jul_10_1159,FaceNameControl_Picture&Audio,3.0.4,60.04078611
47,FacesBlock2.xlsx,Josh.mp4,Josh.JPG,Josh,23.0,videoFrameJosh.png,0.0,1.0,1.0,1.0,,,,,0.0,1.0,1.0,8.0,,,,None,0.0,,4.0,11,1,2019_Jul_10_1159,FaceNameControl_Picture&Audio,3.0.4,60.04078611
35,FacesBlock2.xlsx,Josh.mp4,Josh.JPG,Josh,23.0,videoFrameJosh.png,0.0,1.0,1.0,1.0,0.0,4.0,4.0,8.0,,,,,1.0,2.585589282,,,,,,11,1,2019_Jul_10_1159,FaceNameControl_Picture&Audio,3.0.4,60.04078611
99,FacesBlock1.xlsx,Julia.mp4,Julia.JPG,Julia,9.0,videoFrameJulia.png,0.0,3.0,3.0,0.0,0.0,8.0,8.0,9.0,,,,,2.0,1.2363894309999999,,,,,,11,1,2019_Jul_10_1159,FaceNameControl_Picture&Audio,3.0.4,60.04078611
111,FacesBlock1.xlsx,Julia.mp4,Julia.JPG,Julia,9.0,videoFrameJulia.png,0.0,3.0,3.0,0.0,,,,,0.0,5.0,5.0,9.0,,,julia,"['j', 'u', 'l', 'i', 'a']",1.0,"[4.5323603339493275, 4.800709744915366, 5.100638958625495, 5.367467075586319, 5.500947875902057]",4.0,11,1,2019_Jul_10_1159,FaceNameControl_Picture&Audio,3.0.4,60.04078611
54,FacesBlock2.xlsx,Justin.mp4,Justin.JPG,Justin,24.0,videoFrameJustin.png,0.0,1.0,1.0,1.0,,,,,0.0,8.0,8.0,9.0,,,justin,"['j', 'u', 's', 't', 'i', 'n', 'space']",1.0,"[1.5186611572280526, 1.7513129487633705, 1.9019565805792809, 2.218638692982495, 2.418789988383651, 2.684939380735159, 2.8349694376811385]",4.0,11,1,2019_Jul_10_1159,FaceNameControl_Picture&Audio,3.0.4,60.04078611
31,FacesBlock2.xlsx,Justin.mp4,Justin.JPG,Justin,24.0,videoFrameJustin.png,0.0,1.0,1.0,1.0,0.0,0.0,0.0,9.0,,,,,1.0,1.46952882,,,,,,11,1,2019_Jul_10_1159,FaceNameControl_Picture&Audio,3.0.4,60.04078611
17,FacesBlock4.xlsx,Katie.mp4,Katie.JPG,Katie,56.0,videoFrameKatie.png,0.0,0.0,0.0,3.0,,,,,0.0,1.0,1.0,11.0,,,katie,"['k', 'a', 't', 'i', 'e']",1.0,"[1.2840649671852589, 2.0691489446908236, 2.452271793037653, 2.6188249876722693, 2.7691875426098704]",4.0,11,1,2019_Jul_10_1159,FaceNameControl_Picture&Audio,3.0.4,60.04078611
8,FacesBlock4.xlsx,Katie.mp4,Katie.JPG,Katie,56.0,videoFrameKatie.png,0.0,0.0,0.0,3.0,0.0,7.0,7.0,11.0,,,,,2.0,1.152518152,,,,,,11,1,2019_Jul_10_1159,FaceNameControl_Picture&Audio,3.0.4,60.04078611
81,FacesBlock3.xlsx,Kayla.mp4,Kayla.JPG,Kayla,33.0,videoFrameKayla.png,0.0,2.0,2.0,2.0,,,,,0.0,5.0,5.0,3.0,,,,None,0.0,,4.0,11,1,2019_Jul_10_1159,FaceNameControl_Picture&Audio,3.0.4,60.04078611
68,FacesBlock3.xlsx,Kayla.mp4,Kayla.JPG,Kayla,33.0,videoFrameKayla.png,0.0,2.0,2.0,2.0,0.0,7.0,7.0,3.0,,,,,2.0,1.5852437019999999,,,,,,11,1,2019_Jul_10_1159,FaceNameControl_Picture&Audio,3.0.4,60.04078611
114,FacesBlock1.xlsx,Kelsey.mp4,Kelsey.JPG,Kelsey,10.0,videoFrameKelsey.png,0.0,3.0,3.0,0.0,,,,,0.0,8.0,8.0,10.0,,,,None,0.0,,4.0,11,1,2019_Jul_10_1159,FaceNameControl_Picture&Audio,3.0.4,60.04078611
95,FacesBlock1.xlsx,Kelsey.mp4,Kelsey.JPG,Kelsey,10.0,videoFrameKelsey.png,0.0,3.0,3.0,0.0,0.0,4.0,4.0,10.0,,,,,2.0,1.835910212,,,,,,11,1,2019_Jul_10_1159,FaceNameControl_Picture&Audio,3.0.4,60.04078611
67,FacesBlock3.xlsx,Kevin.mp4,Kevin.JPG,Kevin,34.0,videoFrameKevin.png,0.0,2.0,2.0,2.0,0.0,6.0,6.0,4.0,,,,,1.0,0.519104117,,,,,,11,1,2019_Jul_10_1159,FaceNameControl_Picture&Audio,3.0.4,60.04078611
80,FacesBlock3.xlsx,Kevin.mp4,Kevin.JPG,Kevin,34.0,videoFrameKevin.png,0.0,2.0,2.0,2.0,,,,,0.0,4.0,4.0,4.0,,,,None,0.0,,4.0,11,1,2019_Jul_10_1159,FaceNameControl_Picture&Audio,3.0.4,60.04078611
109,FacesBlock1.xlsx,Kyle.mp4,Kyle.JPG,Kyle,11.0,videoFrameKyle.png,0.0,3.0,3.0,0.0,,,,,0.0,3.0,3.0,11.0,,,kyle,"['k', 'y', 'l', 'e']",1.0,"[1.951861146837473, 2.202151265926659, 3.38424582593143, 3.468144990503788]",4.0,11,1,2019_Jul_10_1159,FaceNameControl_Picture&Audio,3.0.4,60.04078611
94,FacesBlock1.xlsx,Kyle.mp4,Kyle.JPG,Kyle,11.0,videoFrameKyle.png,0.0,3.0,3.0,0.0,0.0,3.0,3.0,11.0,,,,,1.0,2.902160709,,,,,,11,1,2019_Jul_10_1159,FaceNameControl_Picture&Audio,3.0.4,60.04078611
82,FacesBlock3.xlsx,Lauren.mp4,Lauren.JPG,Lauren,35.0,videoFrameLauren.png,0.0,2.0,2.0,2.0,,,,,0.0,6.0,6.0,5.0,,,,None,0.0,,4.0,11,1,2019_Jul_10_1159,FaceNameControl_Picture&Audio,3.0.4,60.04078611
61,FacesBlock3.xlsx,Lauren.mp4,Lauren.JPG,Lauren,35.0,videoFrameLauren.png,0.0,2.0,2.0,2.0,0.0,0.0,0.0,5.0,,,,,2.0,1.7359077790000002,,,,,,11,1,2019_Jul_10_1159,FaceNameControl_Picture&Audio,3.0.4,60.04078611
90,FacesBlock3.xlsx,Mark.mp4,Mark.JPG,Mark,36.0,videoFrameMark.png,0.0,2.0,2.0,2.0,,,,,0.0,14.0,14.0,6.0,,,,None,0.0,,4.0,11,1,2019_Jul_10_1159,FaceNameControl_Picture&Audio,3.0.4,60.04078611
66,FacesBlock3.xlsx,Mark.mp4,Mark.JPG,Mark,36.0,videoFrameMark.png,0.0,2.0,2.0,2.0,0.0,5.0,5.0,6.0,,,,,1.0,0.602683259,,,,,,11,1,2019_Jul_10_1159,FaceNameControl_Picture&Audio,3.0.4,60.04078611
113,FacesBlock1.xlsx,Matthew.mp4,Matthew.JPG,Matthew,12.0,videoFrameMatthew.png,0.0,3.0,3.0,0.0,,,,,0.0,7.0,7.0,12.0,,,mathew,"['m', 'a', 't', 'h', 'e', 'w']",1.0,"[5.717201758176088, 5.816976896487176, 6.232823709957302, 6.450140284374356, 6.749289944767952, 6.8332385420799255]",2.0,11,1,2019_Jul_10_1159,FaceNameControl_Picture&Audio,3.0.4,60.04078611
101,FacesBlock1.xlsx,Matthew.mp4,Matthew.JPG,Matthew,12.0,videoFrameMatthew.png,0.0,3.0,3.0,0.0,0.0,10.0,10.0,12.0,,,,,1.0,0.40231044899999996,,,,,,11,1,2019_Jul_10_1159,FaceNameControl_Picture&Audio,3.0.4,60.04078611
48,FacesBlock2.xlsx,Megan.mp4,Megan.JPG,Megan,25.0,videoFrameMegan.png,0.0,1.0,1.0,1.0,,,,,0.0,2.0,2.0,10.0,,,kimber,"['k', 'i', 'm', 'b', 'e', 'r']",0.0,"[8.117943282239139, 8.400067407637835, 8.7999701583758, 9.599895872175694, 9.782768642529845, 9.882175411097705]",2.0,11,1,2019_Jul_10_1159,FaceNameControl_Picture&Audio,3.0.4,60.04078611
37,FacesBlock2.xlsx,Megan.mp4,Megan.JPG,Megan,25.0,videoFrameMegan.png,0.0,1.0,1.0,1.0,0.0,6.0,6.0,10.0,,,,,2.0,2.153419209,,,,,,11,1,2019_Jul_10_1159,FaceNameControl_Picture&Audio,3.0.4,60.04078611
5,FacesBlock4.xlsx,Michael.mp4,Michael.JPG,Michael,57.0,videoFrameMichael.png,0.0,0.0,0.0,3.0,0.0,4.0,4.0,12.0,,,,,1.0,0.686104065,,,,,,11,1,2019_Jul_10_1159,FaceNameControl_Picture&Audio,3.0.4,60.04078611
25,FacesBlock4.xlsx,Michael.mp4,Michael.JPG,Michael,57.0,videoFrameMichael.png,0.0,0.0,0.0,3.0,,,,,0.0,9.0,9.0,12.0,,,caleb,"['c', 'a', 'l', 'e', 'b']",0.0,"[4.101423280313611, 4.481789181008935, 4.717561360448599, 4.867554014548659, 5.450861788354814]",3.0,11,1,2019_Jul_10_1159,FaceNameControl_Picture&Audio,3.0.4,60.04078611
18,FacesBlock4.xlsx,Michelle.mp4,Michelle.JPG,Michelle,58.0,videoFrameMichelle.png,0.0,0.0,0.0,3.0,,,,,0.0,2.0,2.0,13.0,,,michelle,"['m', 'i', 'c', 'h', 'e', 'l', 'l', 'e']",1.0,"[2.2183652631938457, 2.468200751580298, 2.618323853239417, 2.817920684814453, 3.016034608706832, 3.417388309724629, 3.6157321194186807, 3.734347256831825]",4.0,11,1,2019_Jul_10_1159,FaceNameControl_Picture&Audio,3.0.4,60.04078611
10,FacesBlock4.xlsx,Michelle.mp4,Michelle.JPG,Michelle,58.0,videoFrameMichelle.png,0.0,0.0,0.0,3.0,0.0,9.0,9.0,13.0,,,,,2.0,0.45256739700000004,,,,,,11,1,2019_Jul_10_1159,FaceNameControl_Picture&Audio,3.0.4,60.04078611
108,FacesBlock1.xlsx,Natalie.mp4,Natalie.JPG,Natalie,13.0,videoFrameNatalie.png,0.0,3.0,3.0,0.0,,,,,0.0,2.0,2.0,13.0,,,natalie,"['n', 'a', 't', 'a', 'l', 'y', 'backspace', 'i', 'e']",1.0,"[2.2847455283626914, 2.518072849139571, 2.6682575764134526, 2.7845984622836113, 3.3511841483414173, 3.8681601863354445, 4.633519453927875, 4.948822147212923, 5.083929156884551]",4.0,11,1,2019_Jul_10_1159,FaceNameControl_Picture&Audio,3.0.4,60.04078611
105,FacesBlock1.xlsx,Natalie.mp4,Natalie.JPG,Natalie,13.0,videoFrameNatalie.png,0.0,3.0,3.0,0.0,0.0,14.0,14.0,13.0,,,,,2.0,0.369640969,,,,,,11,1,2019_Jul_10_1159,FaceNameControl_Picture&Audio,3.0.4,60.04078611
88,FacesBlock3.xlsx,Nathan.mp4,Nathan.JPG,Nathan,37.0,videoFrameNathan.png,0.0,2.0,2.0,2.0,,,,,0.0,12.0,12.0,7.0,,,nathan,"['n', 'a', 't', 'h', 'a', 'n']",1.0,"[1.6687875324860215, 1.7685625618323684, 2.1184663651511073, 2.2847102358937263, 2.5849941624328494, 2.7848251406103373]",4.0,11,1,2019_Jul_10_1159,FaceNameControl_Picture&Audio,3.0.4,60.04078611
71,FacesBlock3.xlsx,Nathan.mp4,Nathan.JPG,Nathan,37.0,videoFrameNathan.png,0.0,2.0,2.0,2.0,0.0,10.0,10.0,7.0,,,,,1.0,1.33528873,,,,,,11,1,2019_Jul_10_1159,FaceNameControl_Picture&Audio,3.0.4,60.04078611
62,FacesBlock3.xlsx,Nicole.mp4,Nicole.JPG,Nicole,38.0,videoFrameNicole.png,0.0,2.0,2.0,2.0,0.0,1.0,1.0,8.0,,,,,2.0,1.103052361,,,,,,11,1,2019_Jul_10_1159,FaceNameControl_Picture&Audio,3.0.4,60.04078611
76,FacesBlock3.xlsx,Nicole.mp4,Nicole.JPG,Nicole,38.0,videoFrameNicole.png,0.0,2.0,2.0,2.0,,,,,0.0,0.0,0.0,8.0,,,nicole,"['n', 'i', 'c', 'l', 'backspace', 'o', 'l', 'e']",1.0,"[2.551488927565515, 3.1179593531414866, 3.2844679979607463, 3.5178363863378763, 4.150378658436239, 4.8509037140756845, 5.050908559933305, 5.150628462433815]",4.0,11,1,2019_Jul_10_1159,FaceNameControl_Picture&Audio,3.0.4,60.04078611
65,FacesBlock3.xlsx,Noah.mp4,Noah.JPG,Noah,39.0,videoFrameNoah.png,0.0,2.0,2.0,2.0,0.0,4.0,4.0,9.0,,,,,2.0,0.20309787399999998,,,,,,11,1,2019_Jul_10_1159,FaceNameControl_Picture&Audio,3.0.4,60.04078611
77,FacesBlock3.xlsx,Noah.mp4,Noah.JPG,Noah,39.0,videoFrameNoah.png,0.0,2.0,2.0,2.0,,,,,0.0,1.0,1.0,9.0,,,n,"['b', 'i', 'a', 'h', 'backspace', 'backspace', 'backspace', 'backspace', 'backspace', 'b', 'i', 'a', 'h', 'backspace', 'backspace', 'backspace', 'backspace', 'backspace', 'backspace', 'n']",0.0,"[4.601280694827437, 5.168070965446532, 5.251310197636485, 5.384151448495686, 5.933155799284577, 6.117374388501048, 6.300154756754637, 6.466793138533831, 6.650125816464424, 7.15107084158808, 7.384022709913552, 7.534168055281043, 7.950477977283299, 8.431823187507689, 8.632953776977956, 8.831719300709665, 8.999377740547061, 9.232680254615843, 9.449593549594283, 9.866546885110438]",2.0,11,1,2019_Jul_10_1159,FaceNameControl_Picture&Audio,3.0.4,60.04078611
85,FacesBlock3.xlsx,Olivia.mp4,Olivia.JPG,Olivia,40.0,videoFrameOlivia.png,0.0,2.0,2.0,2.0,,,,,0.0,9.0,9.0,10.0,,,,None,0.0,,4.0,11,1,2019_Jul_10_1159,FaceNameControl_Picture&Audio,3.0.4,60.04078611
69,FacesBlock3.xlsx,Olivia.mp4,Olivia.JPG,Olivia,40.0,videoFrameOlivia.png,0.0,2.0,2.0,2.0,0.0,8.0,8.0,10.0,,,,,2.0,1.818579936,,,,,,11,1,2019_Jul_10_1159,FaceNameControl_Picture&Audio,3.0.4,60.04078611
32,FacesBlock2.xlsx,Rachel.mp4,Rachel.JPG,Rachel,26.0,videoFrameRachel.png,0.0,1.0,1.0,1.0,0.0,1.0,1.0,11.0,,,,,2.0,1.6357731480000002,,,,,,11,1,2019_Jul_10_1159,FaceNameControl_Picture&Audio,3.0.4,60.04078611
56,FacesBlock2.xlsx,Rachel.mp4,Rachel.JPG,Rachel,26.0,videoFrameRachel.png,0.0,1.0,1.0,1.0,,,,,0.0,10.0,10.0,11.0,,,ally,"['a', 'l', 'l', 'y']",0.0,"[4.118291249498725, 4.517978625372052, 4.701343044638634, 6.217115866951644]",2.0,11,1,2019_Jul_10_1159,FaceNameControl_Picture&Audio,3.0.4,60.04078611
64,FacesBlock3.xlsx,Rebecca.mp4,Rebecca.JPG,Rebecca,41.0,videoFrameRebecca.png,0.0,2.0,2.0,2.0,0.0,3.0,3.0,11.0,,,,,2.0,2.335839149,,,,,,11,1,2019_Jul_10_1159,FaceNameControl_Picture&Audio,3.0.4,60.04078611
84,FacesBlock3.xlsx,Rebecca.mp4,Rebecca.JPG,Rebecca,41.0,videoFrameRebecca.png,0.0,2.0,2.0,2.0,,,,,0.0,8.0,8.0,11.0,,,rebecca,"['r', 'e', 'b', 'e', 'c', 'c', 'a']",1.0,"[2.6007859371602535, 2.7511896872892976, 2.984681968577206, 3.084290630184114, 3.451427860185504, 3.667155196890235, 3.900294383056462]",4.0,11,1,2019_Jul_10_1159,FaceNameControl_Picture&Audio,3.0.4,60.04078611
72,FacesBlock3.xlsx,Sarah.mp4,Sarah.JPG,Sarah,42.0,videoFrameSarah.png,0.0,2.0,2.0,2.0,0.0,11.0,11.0,12.0,,,,,2.0,1.6194420530000002,,,,,,11,1,2019_Jul_10_1159,FaceNameControl_Picture&Audio,3.0.4,60.04078611
86,FacesBlock3.xlsx,Sarah.mp4,Sarah.JPG,Sarah,42.0,videoFrameSarah.png,0.0,2.0,2.0,2.0,,,,,0.0,10.0,10.0,12.0,,,sarah,"['s', 'a', 'r', 'a', 'h']",1.0,"[2.1182115338742733, 2.267928820103407, 2.56800870411098, 3.1844957983121276, 3.3672583363950253]",4.0,11,1,2019_Jul_10_1159,FaceNameControl_Picture&Audio,3.0.4,60.04078611
74,FacesBlock3.xlsx,Shelby.mp4,Shelby.JPG,Shelby,43.0,videoFrameShelby.png,0.0,2.0,2.0,2.0,0.0,13.0,13.0,13.0,,,,,2.0,4.035017675,,,,,,11,1,2019_Jul_10_1159,FaceNameControl_Picture&Audio,3.0.4,60.04078611
83,FacesBlock3.xlsx,Shelby.mp4,Shelby.JPG,Shelby,43.0,videoFrameShelby.png,0.0,2.0,2.0,2.0,,,,,0.0,7.0,7.0,13.0,,,shelby,"['s', 'h', 'e', 'l', 'b', 'y']",1.0,"[1.0517607275396585, 1.2014045007526875, 1.4847444323822856, 2.216082821600139, 3.1343056270852685, 3.501129539683461]",4.0,11,1,2019_Jul_10_1159,FaceNameControl_Picture&Audio,3.0.4,60.04078611
60,FacesBlock2.xlsx,Steven.mp4,Steven.JPG,Steven,27.0,videoFrameSteven.png,0.0,1.0,1.0,1.0,,,,,0.0,14.0,14.0,12.0,,,tom,"['t', 'o', 'm', 'space']",0.0,"[2.2516658874228597, 2.350973499007523, 2.7014330150559545, 2.8181260470300913]",2.0,11,1,2019_Jul_10_1159,FaceNameControl_Picture&Audio,3.0.4,60.04078611
34,FacesBlock2.xlsx,Steven.mp4,Steven.JPG,Steven,27.0,videoFrameSteven.png,0.0,1.0,1.0,1.0,0.0,3.0,3.0,12.0,,,,,1.0,1.4694556619999999,,,,,,11,1,2019_Jul_10_1159,FaceNameControl_Picture&Audio,3.0.4,60.04078611
26,FacesBlock4.xlsx,Taylor.mp4,Taylor.JPG,Taylor,59.0,videoFrameTaylor.png,0.0,0.0,0.0,3.0,,,,,0.0,10.0,10.0,14.0,,,taylor,"['t', 'a', 'l', 'backspace', 'y', 'l', 'o', 'r']",1.0,"[1.1352399503812194, 1.2345310803502798, 1.7015881994739175, 3.0335231479257345, 3.6846718974411488, 4.200671320781112, 4.4005290465429425, 4.534107255749404]",4.0,11,1,2019_Jul_10_1159,FaceNameControl_Picture&Audio,3.0.4,60.04078611
14,FacesBlock4.xlsx,Taylor.mp4,Taylor.JPG,Taylor,59.0,videoFrameTaylor.png,0.0,0.0,0.0,3.0,0.0,13.0,13.0,14.0,,,,,2.0,0.436698914,,,,,,11,1,2019_Jul_10_1159,FaceNameControl_Picture&Audio,3.0.4,60.04078611
73,FacesBlock3.xlsx,Thomas.mp4,Thomas.JPG,Thomas,44.0,videoFrameThomas.png,0.0,2.0,2.0,2.0,0.0,12.0,12.0,14.0,,,,,1.0,1.0174672340000002,,,,,,11,1,2019_Jul_10_1159,FaceNameControl_Picture&Audio,3.0.4,60.04078611
89,FacesBlock3.xlsx,Thomas.mp4,Thomas.JPG,Thomas,44.0,videoFrameThomas.png,0.0,2.0,2.0,2.0,,,,,0.0,13.0,13.0,14.0,,,thomas,"['t', 'h', 'o', 'm', 'a', 's']",1.0,"[1.6183528155088425, 1.7847573682665825, 2.117743100039661, 2.351358922198415, 2.45138593390584, 2.60125947650522]",4.0,11,1,2019_Jul_10_1159,FaceNameControl_Picture&Audio,3.0.4,60.04078611
116,FacesBlock1.xlsx,Timothy.mp4,Timothy.JPG,Timothy,14.0,videoFrameTimothy.png,0.0,3.0,3.0,0.0,,,,,0.0,10.0,10.0,14.0,,,timothy,"['t', 'i', 'm', 'o', 't', 'h', 'y']",1.0,"[2.818852249532938, 3.2519272193312645, 3.5851717917248607, 4.217632684856653, 4.451778322458267, 4.6178215723484755, 4.802131806500256]",4.0,11,1,2019_Jul_10_1159,FaceNameControl_Picture&Audio,3.0.4,60.04078611
102,FacesBlock1.xlsx,Timothy.mp4,Timothy.JPG,Timothy,14.0,videoFrameTimothy.png,0.0,3.0,3.0,0.0,0.0,11.0,11.0,14.0,,,,,1.0,0.9023196720000001,,,,,,11,1,2019_Jul_10_1159,FaceNameControl_Picture&Audio,3.0.4,60.04078611
57,FacesBlock2.xlsx,Trevor.mp4,Trevor.JPG,Trevor,28.0,videoFrameTrevor.png,0.0,1.0,1.0,1.0,,,,,0.0,11.0,11.0,13.0,,,trevor,"['t', 'r', 'e', 'v', 'o', 'r']",1.0,"[2.7009095503017306, 2.8678588243201375, 3.117772870697081, 3.7169478023424745, 3.967666957527399, 4.150664148852229]",2.0,11,1,2019_Jul_10_1159,FaceNameControl_Picture&Audio,3.0.4,60.04078611
44,FacesBlock2.xlsx,Trevor.mp4,Trevor.JPG,Trevor,28.0,videoFrameTrevor.png,0.0,1.0,1.0,1.0,0.0,13.0,13.0,13.0,,,,,1.0,0.9193735009999999,,,,,,11,1,2019_Jul_10_1159,FaceNameControl_Picture&Audio,3.0.4,60.04078611
40,FacesBlock2.xlsx,Tyler.mp4,Tyler.JPG,Tyler,29.0,videoFrameTyler.png,0.0,1.0,1.0,1.0,0.0,9.0,9.0,14.0,,,,,1.0,1.8191015430000002,,,,,,11,1,2019_Jul_10_1159,FaceNameControl_Picture&Audio,3.0.4,60.04078611
53,FacesBlock2.xlsx,Tyler.mp4,Tyler.JPG,Tyler,29.0,videoFrameTyler.png,0.0,1.0,1.0,1.0,,,,,0.0,7.0,7.0,14.0,,,tom,"['t', 'o', 'm']",0.0,"[6.083087390288711, 6.383151329122484, 6.716746642254293]",4.0,11,1,2019_Jul_10_1159,FaceNameControl_Picture&Audio,3.0.4,60.04078611
0,,,,,,,,,,,,,,,,,,,,,,,,,,11,1,2019_Jul_10_1159,FaceNameControl_Picture&Audio,3.0.4,60.04078611
