,condsFile,Video,Photo,Name,Row,videoFrame,blocks.thisRepN,blocks.thisTrialN,blocks.thisN,blocks.thisIndex,presentations.thisRepN,presentations.thisTrialN,presentations.thisN,presentations.thisIndex,testing.thisRepN,testing.thisTrialN,testing.thisN,testing.thisIndex,judgementResp.keys,judgementResp.rt,inputText,key_resp_3.keys,recallRating_s,key_resp_3.rt,rating_resp.keys,participant,session,date,expName,psychopyVersion,frameRate
38,FacesBlock2.xlsx,Aaron.mp4,Aaron.JPG,Aaron,15.0,videoFrameAaron.png,0.0,1.0,1.0,1.0,0.0,7.0,7.0,0.0,,,,,1.0,1.860992775,,,,,,14,1,2019_Jul_23_1307,FaceNameControl_Picture&Audio,3.0.4,84.99823845
56,FacesBlock2.xlsx,Aaron.mp4,Aaron.JPG,Aaron,15.0,videoFrameAaron.png,0.0,1.0,1.0,1.0,,,,,0.0,10.0,10.0,0.0,,,justin,"['j', 'u', 's', 't', 'i', 'n']",0.0,"[2.824980081000831, 3.00140869198367, 3.1770292170112953, 3.3307843250222504, 3.6482315250323154, 3.8358021590393037]",1.0,14,1,2019_Jul_23_1307,FaceNameControl_Picture&Audio,3.0.4,84.99823845
27,FacesBlock1.xlsx,Adam.mp4,Adam.JPG,Adam,0.0,videoFrameAdam.png,0.0,0.0,0.0,0.0,,,,,0.0,11.0,11.0,0.0,,,nc,"['n', 'c', 'i', 'k', 'space', 'backspace', 'backspace', 'backspace']",0.0,"[8.246655744034797, 8.62339854700258, 8.72924213501392, 8.952707033022307, 9.152708877983969, 9.575445269991178, 9.751400377019309, 9.880859492986929]",1.0,14,1,2019_Jul_23_1307,FaceNameControl_Picture&Audio,3.0.4,84.99823845
5,FacesBlock1.xlsx,Adam.mp4,Adam.JPG,Adam,0.0,videoFrameAdam.png,0.0,0.0,0.0,0.0,0.0,4.0,4.0,0.0,,,,,1.0,0.167628693,,,,,,14,1,2019_Jul_23_1307,FaceNameControl_Picture&Audio,3.0.4,84.99823845
61,FacesBlock4.xlsx,Alyssa.mp4,Alyssa.JPG,Alyssa,45.0,videoFrameAlyssa.png,0.0,2.0,2.0,3.0,0.0,0.0,0.0,0.0,,,,,2.0,2.40265694,,,,,,14,1,2019_Jul_23_1307,FaceNameControl_Picture&Audio,3.0.4,84.99823845
81,FacesBlock4.xlsx,Alyssa.mp4,Alyssa.JPG,Alyssa,45.0,videoFrameAlyssa.png,0.0,2.0,2.0,3.0,,,,,0.0,5.0,5.0,0.0,,,ashley,"['a', 's', 'h', 'l', 'e', 'y']",0.0,"[5.636063438025303, 7.905424500990193, 8.058749107003678, 8.2941469810321, 8.411889835027978, 8.553158044989686]",1.0,14,1,2019_Jul_23_1307,FaceNameControl_Picture&Audio,3.0.4,84.99823845
3,FacesBlock1.xlsx,Amanda.mp4,Amanda.JPG,Amanda,1.0,videoFrameAmanda.png,0.0,0.0,0.0,0.0,0.0,2.0,2.0,1.0,,,,,2.0,0.5788714779999999,,,,,,14,1,2019_Jul_23_1307,FaceNameControl_Picture&Audio,3.0.4,84.99823845
18,FacesBlock1.xlsx,Amanda.mp4,Amanda.JPG,Amanda,1.0,videoFrameAmanda.png,0.0,0.0,0.0,0.0,,,,,0.0,2.0,2.0,1.0,,,hannah,"['h', 'a', 'n', 'n', 'a', 'h', 'return', 'space', 'return']",1.0,"[5.741970102011692, 5.894992076035123, 6.059280526009388, 6.177463621017523, 6.2816706339945085, 6.378037645015866, 7.257897777017206, 7.929901521012653, 9.152783017023467]",1.0,14,1,2019_Jul_23_1307,FaceNameControl_Picture&Audio,3.0.4,84.99823845
89,FacesBlock4.xlsx,Andrew.mp4,Andrew.JPG,Andrew,46.0,videoFrameAndrew.png,0.0,2.0,2.0,3.0,,,,,0.0,13.0,13.0,1.0,,,,None,0.0,,1.0,14,1,2019_Jul_23_1307,FaceNameControl_Picture&Audio,3.0.4,84.99823845
69,FacesBlock4.xlsx,Andrew.mp4,Andrew.JPG,Andrew,46.0,videoFrameAndrew.png,0.0,2.0,2.0,3.0,0.0,8.0,8.0,1.0,,,,,1.0,5.566707084,,,,,,14,1,2019_Jul_23_1307,FaceNameControl_Picture&Audio,3.0.4,84.99823845
83,FacesBlock4.xlsx,Anna.mp4,Anna.JPG,Anna,47.0,videoFrameAnna.png,0.0,2.0,2.0,3.0,,,,,0.0,7.0,7.0,2.0,,,anna,"['n', 'backspace', 'a', 'n', 'n', 'a']",1.0,"[2.3648772449814714, 3.1642560840118676, 3.6707969370181672, 3.858937725017313, 3.9997403899906203, 4.105633499973919]",4.0,14,1,2019_Jul_23_1307,FaceNameControl_Picture&Audio,3.0.4,84.99823845
66,FacesBlock4.xlsx,Anna.mp4,Anna.JPG,Anna,47.0,videoFrameAnna.png,0.0,2.0,2.0,3.0,0.0,5.0,5.0,2.0,,,,,2.0,4.660701878,,,,,,14,1,2019_Jul_23_1307,FaceNameControl_Picture&Audio,3.0.4,84.99823845
52,FacesBlock2.xlsx,Ashley.mp4,Ashley.JPG,Ashley,16.0,videoFrameAshley.png,0.0,1.0,1.0,1.0,,,,,0.0,6.0,6.0,1.0,,,rachel,"['r', 'a', 'c', 'h', 'e', 'l', 'lshift', 'exclamation']",0.0,"[1.5890431340085343, 1.765320437029004, 2.046890241035726, 2.212038477999158, 2.3646651340532117, 2.7771031110314652, 8.762424102053046, 8.904460738005582]",4.0,14,1,2019_Jul_23_1307,FaceNameControl_Picture&Audio,3.0.4,84.99823845
45,FacesBlock2.xlsx,Ashley.mp4,Ashley.JPG,Ashley,16.0,videoFrameAshley.png,0.0,1.0,1.0,1.0,0.0,14.0,14.0,1.0,,,,,2.0,0.767944278,,,,,,14,1,2019_Jul_23_1307,FaceNameControl_Picture&Audio,3.0.4,84.99823845
12,FacesBlock1.xlsx,Bradley.mp4,Bradley.JPG,Bradley,2.0,videoFrameBradley.png,0.0,0.0,0.0,0.0,0.0,11.0,11.0,2.0,,,,,2.0,0.097127605,,,,,,14,1,2019_Jul_23_1307,FaceNameControl_Picture&Audio,3.0.4,84.99823845
21,FacesBlock1.xlsx,Bradley.mp4,Bradley.JPG,Bradley,2.0,videoFrameBradley.png,0.0,0.0,0.0,0.0,,,,,0.0,5.0,5.0,2.0,,,bradley,"['b', 'r', 'a', 'd', 'l', 'e', 'y']",1.0,"[1.2028908490319736, 1.3200559250544757, 1.6492439090507105, 1.8959287260076962, 1.9904852760373615, 2.1310146040050313, 2.225867922999896]",3.0,14,1,2019_Jul_23_1307,FaceNameControl_Picture&Audio,3.0.4,84.99823845
85,FacesBlock4.xlsx,Brandon.mp4,Brandon.JPG,Brandon,48.0,videoFrameBrandon.png,0.0,2.0,2.0,3.0,,,,,0.0,9.0,9.0,3.0,,,brandon,"['b', 'r', 'a', 'n', 'd', 'o', 'n']",1.0,"[2.7900539039983414, 2.8369542489526793, 3.3190936599858105, 3.449354398995638, 4.119290866947267, 4.424756101972889, 4.578173015965149]",4.0,14,1,2019_Jul_23_1307,FaceNameControl_Picture&Audio,3.0.4,84.99823845
71,FacesBlock4.xlsx,Brandon.mp4,Brandon.JPG,Brandon,48.0,videoFrameBrandon.png,0.0,2.0,2.0,3.0,0.0,10.0,10.0,3.0,,,,,1.0,3.4146607010000003,,,,,,14,1,2019_Jul_23_1307,FaceNameControl_Picture&Audio,3.0.4,84.99823845
73,FacesBlock4.xlsx,Brian.mp4,Brian.JPG,Brian,49.0,videoFrameBrian.png,0.0,2.0,2.0,3.0,0.0,12.0,12.0,4.0,,,,,1.0,3.3548093430000003,,,,,,14,1,2019_Jul_23_1307,FaceNameControl_Picture&Audio,3.0.4,84.99823845
76,FacesBlock4.xlsx,Brian.mp4,Brian.JPG,Brian,49.0,videoFrameBrian.png,0.0,2.0,2.0,3.0,,,,,0.0,0.0,0.0,4.0,,,brian,"['b', 'r', 'i', 'a', 'n']",1.0,"[3.1432128960150294, 3.3072569569922052, 3.566368965024594, 3.719452500983607, 3.860398314020131]",3.0,14,1,2019_Jul_23_1307,FaceNameControl_Picture&Audio,3.0.4,84.99823845
88,FacesBlock4.xlsx,Brianna.mp4,Brianna.JPG,Brianna,50.0,videoFrameBrianna.png,0.0,2.0,2.0,3.0,,,,,0.0,12.0,12.0,5.0,,,,"['r', 'backspace']",0.0,"[4.918472707970068, 6.645311746979132]",1.0,14,1,2019_Jul_23_1307,FaceNameControl_Picture&Audio,3.0.4,84.99823845
75,FacesBlock4.xlsx,Brianna.mp4,Brianna.JPG,Brianna,50.0,videoFrameBrianna.png,0.0,2.0,2.0,3.0,0.0,14.0,14.0,5.0,,,,,2.0,3.025955135,,,,,,14,1,2019_Jul_23_1307,FaceNameControl_Picture&Audio,3.0.4,84.99823845
47,FacesBlock2.xlsx,Brittany.mp4,Brittany.JPG,Brittany,17.0,videoFrameBrittany.png,0.0,1.0,1.0,1.0,,,,,0.0,1.0,1.0,2.0,,,brittany,"['b', 'r', 'i', 't', 't', 'a', 'n', 'y', 'return']",1.0,"[1.2371575909783132, 1.4469724969821982, 2.2723700129427016, 2.542647780966945, 2.672101545962505, 2.82282794296043, 3.131281384965405, 3.3191453279578127, 3.824303127999883]",4.0,14,1,2019_Jul_23_1307,FaceNameControl_Picture&Audio,3.0.4,84.99823845
33,FacesBlock2.xlsx,Brittany.mp4,Brittany.JPG,Brittany,17.0,videoFrameBrittany.png,0.0,1.0,1.0,1.0,0.0,2.0,2.0,2.0,,,,,2.0,3.026127968,,,,,,14,1,2019_Jul_23_1307,FaceNameControl_Picture&Audio,3.0.4,84.99823845
68,FacesBlock4.xlsx,Caleb.mp4,Caleb.JPG,Caleb,51.0,videoFrameCaleb.png,0.0,2.0,2.0,3.0,0.0,7.0,7.0,6.0,,,,,1.0,1.9678063330000002,,,,,,14,1,2019_Jul_23_1307,FaceNameControl_Picture&Audio,3.0.4,84.99823845
77,FacesBlock4.xlsx,Caleb.mp4,Caleb.JPG,Caleb,51.0,videoFrameCaleb.png,0.0,2.0,2.0,3.0,,,,,0.0,1.0,1.0,6.0,,,caleb,"['c', 'a', 'l', 'e', 'b']",1.0,"[1.5646932490053587, 1.7177375570172444, 5.481837945000734, 5.634759521984961, 6.54079019499477]",2.0,14,1,2019_Jul_23_1307,FaceNameControl_Picture&Audio,3.0.4,84.99823845
48,FacesBlock2.xlsx,Cody.mp4,Cody.JPG,Cody,18.0,videoFrameCody.png,0.0,1.0,1.0,1.0,,,,,0.0,2.0,2.0,3.0,,,cody,"['c', 'o', 'd', 'y']",1.0,"[3.435526770015713, 3.6002334720105864, 3.788404555991292, 4.094609672029037]",3.0,14,1,2019_Jul_23_1307,FaceNameControl_Picture&Audio,3.0.4,84.99823845
35,FacesBlock2.xlsx,Cody.mp4,Cody.JPG,Cody,18.0,videoFrameCody.png,0.0,1.0,1.0,1.0,0.0,4.0,4.0,3.0,,,,,1.0,4.00158374,,,,,,14,1,2019_Jul_23_1307,FaceNameControl_Picture&Audio,3.0.4,84.99823845
108,FacesBlock3.xlsx,Courtney.mp4,Courtney.JPG,Courtney,30.0,videoFrameCourtney.png,0.0,3.0,3.0,2.0,,,,,0.0,2.0,2.0,0.0,,,courtney,"['c', 'o', 'u', 'r', 't', 'n', 'e', 'y']",1.0,"[3.0130271749803796, 3.1659998879767954, 3.3894638509955257, 3.6125251929624937, 3.7890295539982617, 3.918323026970029, 4.071593465982005, 4.1766274539986625]",4.0,14,1,2019_Jul_23_1307,FaceNameControl_Picture&Audio,3.0.4,84.99823845
95,FacesBlock3.xlsx,Courtney.mp4,Courtney.JPG,Courtney,30.0,videoFrameCourtney.png,0.0,3.0,3.0,2.0,0.0,4.0,4.0,0.0,,,,,2.0,8.811428733,,,,,,14,1,2019_Jul_23_1307,FaceNameControl_Picture&Audio,3.0.4,84.99823845
112,FacesBlock3.xlsx,Daniel.mp4,Daniel.JPG,Daniel,31.0,videoFrameDaniel.png,0.0,3.0,3.0,2.0,,,,,0.0,6.0,6.0,1.0,,,d,"['d', 'y', 'l', 'a', 'n', 'backspace', 'backspace', 'backspace', 'backspace']",0.0,"[5.094826726010069, 5.281033869017847, 5.670922759047244, 5.800355176033918, 5.953366634028498, 7.528479855041951, 7.679913285013754, 7.82228343503084, 8.140076915035024]",1.0,14,1,2019_Jul_23_1307,FaceNameControl_Picture&Audio,3.0.4,84.99823845
92,FacesBlock3.xlsx,Daniel.mp4,Daniel.JPG,Daniel,31.0,videoFrameDaniel.png,0.0,3.0,3.0,2.0,0.0,1.0,1.0,1.0,,,,,1.0,5.31947493,,,,,,14,1,2019_Jul_23_1307,FaceNameControl_Picture&Audio,3.0.4,84.99823845
16,FacesBlock1.xlsx,Danielle.mp4,Danielle.JPG,Danielle,3.0,videoFrameDanielle.png,0.0,0.0,0.0,0.0,,,,,0.0,0.0,0.0,3.0,,,danielle,"['d', 'a', 'n', 'i', 'e', 'l', 'l', 'e', 'return']",1.0,"[7.669939896033611, 7.999746360001154, 8.093650780036114, 8.246912423986942, 8.411459468014073, 8.7406833510031, 8.892843217996415, 9.081715412030462, 9.645618003036361]",1.0,14,1,2019_Jul_23_1307,FaceNameControl_Picture&Audio,3.0.4,84.99823845
8,FacesBlock1.xlsx,Danielle.mp4,Danielle.JPG,Danielle,3.0,videoFrameDanielle.png,0.0,0.0,0.0,0.0,0.0,7.0,7.0,3.0,,,,,2.0,3.987721497,,,,,,14,1,2019_Jul_23_1307,FaceNameControl_Picture&Audio,3.0.4,84.99823845
31,FacesBlock2.xlsx,David.mp4,David.JPG,David,19.0,videoFrameDavid.png,0.0,1.0,1.0,1.0,0.0,0.0,0.0,4.0,,,,,1.0,3.622907441,,,,,,14,1,2019_Jul_23_1307,FaceNameControl_Picture&Audio,3.0.4,84.99823845
50,FacesBlock2.xlsx,David.mp4,David.JPG,David,19.0,videoFrameDavid.png,0.0,1.0,1.0,1.0,,,,,0.0,4.0,4.0,4.0,,,,None,0.0,,1.0,14,1,2019_Jul_23_1307,FaceNameControl_Picture&Audio,3.0.4,84.99823845
87,FacesBlock4.xlsx,Dylan.mp4,Dylan.JPG,Dylan,52.0,videoFrameDylan.png,0.0,2.0,2.0,3.0,,,,,0.0,11.0,11.0,7.0,,,dylan,"['d', 'y', 'l', 'a', 'n']",1.0,"[2.3663707969826646, 2.55443335196469, 3.024558236997109, 3.1652337450068444, 3.306434536993038]",4.0,14,1,2019_Jul_23_1307,FaceNameControl_Picture&Audio,3.0.4,84.99823845
74,FacesBlock4.xlsx,Dylan.mp4,Dylan.JPG,Dylan,52.0,videoFrameDylan.png,0.0,2.0,2.0,3.0,0.0,13.0,13.0,7.0,,,,,1.0,4.049188137,,,,,,14,1,2019_Jul_23_1307,FaceNameControl_Picture&Audio,3.0.4,84.99823845
79,FacesBlock4.xlsx,Emily.mp4,Emily.JPG,Emily,53.0,videoFrameEmily.png,0.0,2.0,2.0,3.0,,,,,0.0,3.0,3.0,8.0,,,,None,0.0,,1.0,14,1,2019_Jul_23_1307,FaceNameControl_Picture&Audio,3.0.4,84.99823845
63,FacesBlock4.xlsx,Emily.mp4,Emily.JPG,Emily,53.0,videoFrameEmily.png,0.0,2.0,2.0,3.0,0.0,2.0,2.0,8.0,,,,,2.0,4.778512218,,,,,,14,1,2019_Jul_23_1307,FaceNameControl_Picture&Audio,3.0.4,84.99823845
25,FacesBlock1.xlsx,Eric.mp4,Eric.JPG,Eric,4.0,videoFrameEric.png,0.0,0.0,0.0,0.0,,,,,0.0,9.0,9.0,4.0,,,u,['u'],0.0,[9.80024982598843],1.0,14,1,2019_Jul_23_1307,FaceNameControl_Picture&Audio,3.0.4,84.99823845
14,FacesBlock1.xlsx,Eric.mp4,Eric.JPG,Eric,4.0,videoFrameEric.png,0.0,0.0,0.0,0.0,0.0,13.0,13.0,4.0,,,,,1.0,0.6849279690000001,,,,,,14,1,2019_Jul_23_1307,FaceNameControl_Picture&Audio,3.0.4,84.99823845
29,FacesBlock1.xlsx,Ethan.mp4,Ethan.JPG,Ethan,5.0,videoFrameEthan.png,0.0,0.0,0.0,0.0,,,,,0.0,13.0,13.0,5.0,,,,None,0.0,,1.0,14,1,2019_Jul_23_1307,FaceNameControl_Picture&Audio,3.0.4,84.99823845
9,FacesBlock1.xlsx,Ethan.mp4,Ethan.JPG,Ethan,5.0,videoFrameEthan.png,0.0,0.0,0.0,0.0,0.0,8.0,8.0,5.0,,,,,1.0,3.282121362,,,,,,14,1,2019_Jul_23_1307,FaceNameControl_Picture&Audio,3.0.4,84.99823845
86,FacesBlock4.xlsx,Grace.mp4,Grace.JPG,Grace,54.0,videoFrameGrace.png,0.0,2.0,2.0,3.0,,,,,0.0,10.0,10.0,9.0,,,rachel,"['r', 'a', 'c', 'h', 'e', 'l']",0.0,"[4.47137957700761, 5.059490697050933, 6.953235267021228, 7.235403056023642, 7.5063972060452215, 7.988548121997155]",1.0,14,1,2019_Jul_23_1307,FaceNameControl_Picture&Audio,3.0.4,84.99823845
70,FacesBlock4.xlsx,Grace.mp4,Grace.JPG,Grace,54.0,videoFrameGrace.png,0.0,2.0,2.0,3.0,0.0,9.0,9.0,9.0,,,,,2.0,2.214766895,,,,,,14,1,2019_Jul_23_1307,FaceNameControl_Picture&Audio,3.0.4,84.99823845
55,FacesBlock2.xlsx,Haley.mp4,Haley.JPG,Haley,20.0,videoFrameHaley.png,0.0,1.0,1.0,1.0,,,,,0.0,9.0,9.0,5.0,,,wow,"['w', 'o', 'w', 'space']",0.0,"[8.612627412949223, 8.753234549949411, 8.894571446988266, 9.011512476950884]",1.0,14,1,2019_Jul_23_1307,FaceNameControl_Picture&Audio,3.0.4,84.99823845
43,FacesBlock2.xlsx,Haley.mp4,Haley.JPG,Haley,20.0,videoFrameHaley.png,0.0,1.0,1.0,1.0,0.0,12.0,12.0,5.0,,,,,2.0,1.8371865440000001,,,,,,14,1,2019_Jul_23_1307,FaceNameControl_Picture&Audio,3.0.4,84.99823845
4,FacesBlock1.xlsx,Hannah.mp4,Hannah.JPG,Hannah,6.0,videoFrameHannah.png,0.0,0.0,0.0,0.0,0.0,3.0,3.0,6.0,,,,,2.0,0.46363737299999996,,,,,,14,1,2019_Jul_23_1307,FaceNameControl_Picture&Audio,3.0.4,84.99823845
17,FacesBlock1.xlsx,Hannah.mp4,Hannah.JPG,Hannah,6.0,videoFrameHannah.png,0.0,0.0,0.0,0.0,,,,,0.0,1.0,1.0,6.0,,,hanna,"['k', 'e', 'l', 's', 'e', 'y', 'return', 'backspace', 'backspace', 'backspace', 'backspace', 'backspace', 'backspace', 'h', 'n', 'backspace', 'a', 'n', 'n', 'a', 'h']",1.0,"[2.8364495640271343, 2.977978998038452, 3.1418490540236235, 3.3307160650147125, 3.519115095026791, 3.73068256204715, 5.106089643028099, 6.234295489033684, 6.446388279029634, 6.599711319024209, 6.739933234057389, 6.881346404028591, 7.338825700047892, 8.282464967051055, 8.576316928025335, 9.010770560009405, 9.305370503047016, 9.563998272002209, 9.715134413039777, 9.822966571024153, 9.987533431034535]",1.0,14,1,2019_Jul_23_1307,FaceNameControl_Picture&Audio,3.0.4,84.99823845
32,FacesBlock2.xlsx,Heather.mp4,Heather.JPG,Heather,21.0,videoFrameHeather.png,0.0,1.0,1.0,1.0,0.0,1.0,1.0,6.0,,,,,2.0,1.215169277,,,,,,14,1,2019_Jul_23_1307,FaceNameControl_Picture&Audio,3.0.4,84.99823845
59,FacesBlock2.xlsx,Heather.mp4,Heather.JPG,Heather,21.0,videoFrameHeather.png,0.0,1.0,1.0,1.0,,,,,0.0,13.0,13.0,6.0,,,wow idk,"['w', 'o', 'w', 'space', 'd', 'k', 'backspace', 'backspace', 'i', 'd', 'k']",0.0,"[6.036090678011533, 6.142013800039422, 6.258832383027766, 6.365427527984139, 6.788239148037974, 7.3987273430102505, 8.493762637022883, 8.646566299023107, 9.2122106589959, 9.317023604002316, 9.42372682702262]",1.0,14,1,2019_Jul_23_1307,FaceNameControl_Picture&Audio,3.0.4,84.99823845
101,FacesBlock3.xlsx,Jacob.mp4,Jacob.JPG,Jacob,32.0,videoFrameJacob.png,0.0,3.0,3.0,2.0,0.0,10.0,10.0,2.0,,,,,1.0,5.518524768,,,,,,14,1,2019_Jul_23_1307,FaceNameControl_Picture&Audio,3.0.4,84.99823845
115,FacesBlock3.xlsx,Jacob.mp4,Jacob.JPG,Jacob,32.0,videoFrameJacob.png,0.0,3.0,3.0,2.0,,,,,0.0,9.0,9.0,2.0,,,k,['k'],0.0,[9.717628937971313],1.0,14,1,2019_Jul_23_1307,FaceNameControl_Picture&Audio,3.0.4,84.99823845
72,FacesBlock4.xlsx,Jason.mp4,Jason.JPG,Jason,55.0,videoFrameJason.png,0.0,2.0,2.0,3.0,0.0,11.0,11.0,10.0,,,,,1.0,3.3785656019999997,,,,,,14,1,2019_Jul_23_1307,FaceNameControl_Picture&Audio,3.0.4,84.99823845
84,FacesBlock4.xlsx,Jason.mp4,Jason.JPG,Jason,55.0,videoFrameJason.png,0.0,2.0,2.0,3.0,,,,,0.0,8.0,8.0,10.0,,,joshua,"['j', 'o', 's', 'h', 'u', 'a']",0.0,"[5.84787477896316, 6.035901649971493, 6.423673473997042, 6.565166545973625, 6.764684273977764, 6.905529446958099]",1.0,14,1,2019_Jul_23_1307,FaceNameControl_Picture&Audio,3.0.4,84.99823845
15,FacesBlock1.xlsx,Jenna.mp4,Jenna.JPG,Jenna,7.0,videoFrameJenna.png,0.0,0.0,0.0,0.0,0.0,14.0,14.0,7.0,,,,,2.0,1.4377108,,,,,,14,1,2019_Jul_23_1307,FaceNameControl_Picture&Audio,3.0.4,84.99823845
30,FacesBlock1.xlsx,Jenna.mp4,Jenna.JPG,Jenna,7.0,videoFrameJenna.png,0.0,0.0,0.0,0.0,,,,,0.0,14.0,14.0,7.0,,,wow idk,"['w', 'w', 'backspace', 'o', 'w', 'space', 'i', 'space', 'backspace', 'd', 'k']",0.0,"[5.174476841988508, 5.74119360599434, 6.174783076974563, 6.811652855947614, 6.929624193988275, 7.0346080379677005, 7.270936771994457, 7.423421190993395, 7.975530172989238, 8.15053684799932, 8.917236294946633]",1.0,14,1,2019_Jul_23_1307,FaceNameControl_Picture&Audio,3.0.4,84.99823845
58,FacesBlock2.xlsx,Jeremy.mp4,Jeremy.JPG,Jeremy,22.0,videoFrameJeremy.png,0.0,1.0,1.0,1.0,,,,,0.0,12.0,12.0,7.0,,,jeremy,"['t', 'r', 'e', 'v', 'o', 'r', 'backspace', 'backspace', 'backspace', 'backspace', 'backspace', 'backspace', 'j', 'e', 'r', 'e', 'm', 'y', 'return']",1.0,"[2.0486394700128585, 2.2718744869926013, 2.4135567659977823, 2.60111957101617, 2.848852250026539, 2.9895905909943394, 4.788887970033102, 5.893872733984608, 6.0464831159915775, 6.447041952982545, 6.575933284999337, 6.705647817987483, 7.375154139008373, 7.541752026008908, 7.728856105997693, 7.835377765994053, 7.988467964984011, 8.152628128998913, 8.26994825701695]",4.0,14,1,2019_Jul_23_1307,FaceNameControl_Picture&Audio,3.0.4,84.99823845
34,FacesBlock2.xlsx,Jeremy.mp4,Jeremy.JPG,Jeremy,22.0,videoFrameJeremy.png,0.0,1.0,1.0,1.0,0.0,3.0,3.0,7.0,,,,,1.0,0.8498848259999999,,,,,,14,1,2019_Jul_23_1307,FaceNameControl_Picture&Audio,3.0.4,84.99823845
10,FacesBlock1.xlsx,Jessica.mp4,Jessica.JPG,Jessica,8.0,videoFrameJessica.png,0.0,0.0,0.0,0.0,0.0,9.0,9.0,8.0,,,,,2.0,0.826750201,,,,,,14,1,2019_Jul_23_1307,FaceNameControl_Picture&Audio,3.0.4,84.99823845
24,FacesBlock1.xlsx,Jessica.mp4,Jessica.JPG,Jessica,8.0,videoFrameJessica.png,0.0,0.0,0.0,0.0,,,,,0.0,8.0,8.0,8.0,,,jessica,"['j', 'e', 's', 's', 'i', 'c', 'a']",1.0,"[4.046799239993561, 4.188681868021376, 4.446362346992828, 4.60002902202541, 4.729548074014019, 4.858879382023588, 5.105563959979918]",3.0,14,1,2019_Jul_23_1307,FaceNameControl_Picture&Audio,3.0.4,84.99823845
39,FacesBlock2.xlsx,Josh.mp4,Josh.JPG,Josh,23.0,videoFrameJosh.png,0.0,1.0,1.0,1.0,0.0,8.0,8.0,8.0,,,,,1.0,0.48559592700000004,,,,,,14,1,2019_Jul_23_1307,FaceNameControl_Picture&Audio,3.0.4,84.99823845
54,FacesBlock2.xlsx,Josh.mp4,Josh.JPG,Josh,23.0,videoFrameJosh.png,0.0,1.0,1.0,1.0,,,,,0.0,8.0,8.0,8.0,,,jeremy,"['j', 'e', 'r', 'e', 'm', 'y']",0.0,"[3.7655801579821855, 3.9187234889832325, 4.106973864021711, 4.294959850027226, 4.482990247022826, 4.859125390008558]",1.0,14,1,2019_Jul_23_1307,FaceNameControl_Picture&Audio,3.0.4,84.99823845
28,FacesBlock1.xlsx,Julia.mp4,Julia.JPG,Julia,9.0,videoFrameJulia.png,0.0,0.0,0.0,0.0,,,,,0.0,12.0,12.0,9.0,,,,None,0.0,,1.0,14,1,2019_Jul_23_1307,FaceNameControl_Picture&Audio,3.0.4,84.99823845
6,FacesBlock1.xlsx,Julia.mp4,Julia.JPG,Julia,9.0,videoFrameJulia.png,0.0,0.0,0.0,0.0,0.0,5.0,5.0,9.0,,,,,2.0,0.34408757799999995,,,,,,14,1,2019_Jul_23_1307,FaceNameControl_Picture&Audio,3.0.4,84.99823845
53,FacesBlock2.xlsx,Justin.mp4,Justin.JPG,Justin,24.0,videoFrameJustin.png,0.0,1.0,1.0,1.0,,,,,0.0,7.0,7.0,9.0,,,jeremy,"['j', 'e', 'r', 'e', 'm', 'y', 'return', 'return']",0.0,"[4.765600726008415, 4.89452319603879, 5.094466564012691, 5.28291527798865, 5.400702737038955, 5.633807578007691, 6.27021860104287, 7.352572310017422]",1.0,14,1,2019_Jul_23_1307,FaceNameControl_Picture&Audio,3.0.4,84.99823845
44,FacesBlock2.xlsx,Justin.mp4,Justin.JPG,Justin,24.0,videoFrameJustin.png,0.0,1.0,1.0,1.0,0.0,13.0,13.0,9.0,,,,,1.0,1.638020476,,,,,,14,1,2019_Jul_23_1307,FaceNameControl_Picture&Audio,3.0.4,84.99823845
78,FacesBlock4.xlsx,Katie.mp4,Katie.JPG,Katie,56.0,videoFrameKatie.png,0.0,2.0,2.0,3.0,,,,,0.0,2.0,2.0,11.0,,,katie,"['k', 'a', 't', 'i', 'e']",1.0,"[4.424731697014067, 4.599197066039778, 4.895257552037947, 5.248054277035408, 5.3423347329953685]",3.0,14,1,2019_Jul_23_1307,FaceNameControl_Picture&Audio,3.0.4,84.99823845
67,FacesBlock4.xlsx,Katie.mp4,Katie.JPG,Katie,56.0,videoFrameKatie.png,0.0,2.0,2.0,3.0,0.0,6.0,6.0,11.0,,,,,2.0,4.742834982,,,,,,14,1,2019_Jul_23_1307,FaceNameControl_Picture&Audio,3.0.4,84.99823845
109,FacesBlock3.xlsx,Kayla.mp4,Kayla.JPG,Kayla,33.0,videoFrameKayla.png,0.0,3.0,3.0,2.0,,,,,0.0,3.0,3.0,3.0,,,ka,"['k', 'a', 't', 'equal', 'y', 'l', 'a', 'h', 'backspace', 'backspace', 'backspace', 'backspace', 'backspace']",0.0,"[6.2939385490026325, 6.435166811977979, 6.704065749014262, 7.094340301991906, 7.258106732973829, 7.423252167005558, 7.623791412974242, 7.8704728779848665, 8.975534869998228, 9.151734158978797, 9.30313631502213, 9.445260925975163, 9.63420213398058]",4.0,14,1,2019_Jul_23_1307,FaceNameControl_Picture&Audio,3.0.4,84.99823845
94,FacesBlock3.xlsx,Kayla.mp4,Kayla.JPG,Kayla,33.0,videoFrameKayla.png,0.0,3.0,3.0,2.0,0.0,3.0,3.0,3.0,,,,,2.0,5.648141149,,,,,,14,1,2019_Jul_23_1307,FaceNameControl_Picture&Audio,3.0.4,84.99823845
23,FacesBlock1.xlsx,Kelsey.mp4,Kelsey.JPG,Kelsey,10.0,videoFrameKelsey.png,0.0,0.0,0.0,0.0,,,,,0.0,7.0,7.0,10.0,,,lol,"['l', 'o', 'l']",0.0,"[9.353544858982787, 9.659240578010213, 9.870339075976517]",1.0,14,1,2019_Jul_23_1307,FaceNameControl_Picture&Audio,3.0.4,84.99823845
11,FacesBlock1.xlsx,Kelsey.mp4,Kelsey.JPG,Kelsey,10.0,videoFrameKelsey.png,0.0,0.0,0.0,0.0,0.0,10.0,10.0,10.0,,,,,1.0,0.709101887,,,,,,14,1,2019_Jul_23_1307,FaceNameControl_Picture&Audio,3.0.4,84.99823845
104,FacesBlock3.xlsx,Kevin.mp4,Kevin.JPG,Kevin,34.0,videoFrameKevin.png,0.0,3.0,3.0,2.0,0.0,13.0,13.0,4.0,,,,,1.0,6.977325574,,,,,,14,1,2019_Jul_23_1307,FaceNameControl_Picture&Audio,3.0.4,84.99823845
120,FacesBlock3.xlsx,Kevin.mp4,Kevin.JPG,Kevin,34.0,videoFrameKevin.png,0.0,3.0,3.0,2.0,,,,,0.0,14.0,14.0,4.0,,,nick,"['n', 'i', 'c', 'k']",0.0,"[4.483347279019654, 5.047294882999267, 5.212321653030813, 5.352665446000174]",2.0,14,1,2019_Jul_23_1307,FaceNameControl_Picture&Audio,3.0.4,84.99823845
1,FacesBlock1.xlsx,Kyle.mp4,Kyle.JPG,Kyle,11.0,videoFrameKyle.png,0.0,0.0,0.0,0.0,0.0,0.0,0.0,11.0,,,,,1.0,0.861573335,,,,,,14,1,2019_Jul_23_1307,FaceNameControl_Picture&Audio,3.0.4,84.99823845
19,FacesBlock1.xlsx,Kyle.mp4,Kyle.JPG,Kyle,11.0,videoFrameKyle.png,0.0,0.0,0.0,0.0,,,,,0.0,3.0,3.0,11.0,,,ummmm,"['u', 'm', 'm', 'm', 'm']",0.0,"[8.728031593025662, 9.339746727026068, 9.562434380000923, 9.784700888034422, 9.986402755021118]",1.0,14,1,2019_Jul_23_1307,FaceNameControl_Picture&Audio,3.0.4,84.99823845
106,FacesBlock3.xlsx,Lauren.mp4,Lauren.JPG,Lauren,35.0,videoFrameLauren.png,0.0,3.0,3.0,2.0,,,,,0.0,0.0,0.0,5.0,,,cameron,"['c', 'a', 'm', 'e', 'r', 'o', 'n']",0.0,"[2.4259628410218284, 2.614019286003895, 3.0252640719991177, 3.178104032005649, 3.448969353979919, 4.483723065990489, 4.671822969976347]",4.0,14,1,2019_Jul_23_1307,FaceNameControl_Picture&Audio,3.0.4,84.99823845
93,FacesBlock3.xlsx,Lauren.mp4,Lauren.JPG,Lauren,35.0,videoFrameLauren.png,0.0,3.0,3.0,2.0,0.0,2.0,2.0,5.0,,,,,2.0,6.543035765,,,,,,14,1,2019_Jul_23_1307,FaceNameControl_Picture&Audio,3.0.4,84.99823845
118,FacesBlock3.xlsx,Mark.mp4,Mark.JPG,Mark,36.0,videoFrameMark.png,0.0,3.0,3.0,2.0,,,,,0.0,12.0,12.0,6.0,,,mark,"['m', 'a', 'r', 'k']",1.0,"[2.3201985259656794, 2.978447364992462, 3.5542948879883625, 3.7318773369770497]",4.0,14,1,2019_Jul_23_1307,FaceNameControl_Picture&Audio,3.0.4,84.99823845
97,FacesBlock3.xlsx,Mark.mp4,Mark.JPG,Mark,36.0,videoFrameMark.png,0.0,3.0,3.0,2.0,0.0,6.0,6.0,6.0,,,,,1.0,5.742694427999999,,,,,,14,1,2019_Jul_23_1307,FaceNameControl_Picture&Audio,3.0.4,84.99823845
7,FacesBlock1.xlsx,Matthew.mp4,Matthew.JPG,Matthew,12.0,videoFrameMatthew.png,0.0,0.0,0.0,0.0,0.0,6.0,6.0,12.0,,,,,1.0,0.35611864200000004,,,,,,14,1,2019_Jul_23_1307,FaceNameControl_Picture&Audio,3.0.4,84.99823845
26,FacesBlock1.xlsx,Matthew.mp4,Matthew.JPG,Matthew,12.0,videoFrameMatthew.png,0.0,0.0,0.0,0.0,,,,,0.0,10.0,10.0,12.0,,,ryan maybe not,"['r', 'y', 'a', 'n', 'space', 'm', 'a', 'y', 'b', 'e', 'space', 'n', 'o', 't']",0.0,"[2.389802457008045, 2.636801293003373, 2.930696972995065, 3.036374753981363, 6.647334987996146, 7.541193773970008, 7.729806636983994, 7.835483353992458, 7.9992148709716275, 8.093765905010514, 8.235482353018597, 9.03488135599764, 9.175254126021173, 9.305294367019087]",1.0,14,1,2019_Jul_23_1307,FaceNameControl_Picture&Audio,3.0.4,84.99823845
36,FacesBlock2.xlsx,Megan.mp4,Megan.JPG,Megan,25.0,videoFrameMegan.png,0.0,1.0,1.0,1.0,0.0,5.0,5.0,10.0,,,,,2.0,0.89706071,,,,,,14,1,2019_Jul_23_1307,FaceNameControl_Picture&Audio,3.0.4,84.99823845
57,FacesBlock2.xlsx,Megan.mp4,Megan.JPG,Megan,25.0,videoFrameMegan.png,0.0,1.0,1.0,1.0,,,,,0.0,11.0,11.0,10.0,,,wow,"['a', 'h', 'h', 'backspace', 'backspace', 'backspace', 'w', 'w', 'backspace', 'o', 'w', 'space', 'd']",0.0,"[4.883855170977768, 5.047767217969522, 5.224976024008356, 5.493863863986917, 5.646877335966565, 5.812000566977076, 7.6944213029928505, 7.941714337968733, 8.564322689955588, 8.868787464976776, 8.988537703000475, 9.117583372979425, 9.988176808983553]",1.0,14,1,2019_Jul_23_1307,FaceNameControl_Picture&Audio,3.0.4,84.99823845
62,FacesBlock4.xlsx,Michael.mp4,Michael.JPG,Michael,57.0,videoFrameMichael.png,0.0,2.0,2.0,3.0,0.0,1.0,1.0,12.0,,,,,1.0,3.261338779,,,,,,14,1,2019_Jul_23_1307,FaceNameControl_Picture&Audio,3.0.4,84.99823845
80,FacesBlock4.xlsx,Michael.mp4,Michael.JPG,Michael,57.0,videoFrameMichael.png,0.0,2.0,2.0,3.0,,,,,0.0,4.0,4.0,12.0,,,,None,0.0,,1.0,14,1,2019_Jul_23_1307,FaceNameControl_Picture&Audio,3.0.4,84.99823845
65,FacesBlock4.xlsx,Michelle.mp4,Michelle.JPG,Michelle,58.0,videoFrameMichelle.png,0.0,2.0,2.0,3.0,0.0,4.0,4.0,13.0,,,,,2.0,4.89581174,,,,,,14,1,2019_Jul_23_1307,FaceNameControl_Picture&Audio,3.0.4,84.99823845
90,FacesBlock4.xlsx,Michelle.mp4,Michelle.JPG,Michelle,58.0,videoFrameMichelle.png,0.0,2.0,2.0,3.0,,,,,0.0,14.0,14.0,13.0,,,,None,0.0,,1.0,14,1,2019_Jul_23_1307,FaceNameControl_Picture&Audio,3.0.4,84.99823845
22,FacesBlock1.xlsx,Natalie.mp4,Natalie.JPG,Natalie,13.0,videoFrameNatalie.png,0.0,0.0,0.0,0.0,,,,,0.0,6.0,6.0,13.0,,,rachel,"['r', 'a', 'c', 'h', 'e', 'l']",0.0,"[2.164489215996582, 2.529274135013111, 2.8586955460486934, 2.97612858901266, 3.140245294023771, 3.281533493020106]",1.0,14,1,2019_Jul_23_1307,FaceNameControl_Picture&Audio,3.0.4,84.99823845
2,FacesBlock1.xlsx,Natalie.mp4,Natalie.JPG,Natalie,13.0,videoFrameNatalie.png,0.0,0.0,0.0,0.0,0.0,1.0,1.0,13.0,,,,,2.0,0.76743506,,,,,,14,1,2019_Jul_23_1307,FaceNameControl_Picture&Audio,3.0.4,84.99823845
102,FacesBlock3.xlsx,Nathan.mp4,Nathan.JPG,Nathan,37.0,videoFrameNathan.png,0.0,3.0,3.0,2.0,0.0,11.0,11.0,7.0,,,,,1.0,4.9663431860000005,,,,,,14,1,2019_Jul_23_1307,FaceNameControl_Picture&Audio,3.0.4,84.99823845
110,FacesBlock3.xlsx,Nathan.mp4,Nathan.JPG,Nathan,37.0,videoFrameNathan.png,0.0,3.0,3.0,2.0,,,,,0.0,4.0,4.0,7.0,,,connor,"['c', 'o', 'n', 'n', 'o', 'r', 'equal', 'equal']",0.0,"[8.00037683302071, 8.081897144031245, 8.317745987034868, 8.480275472044013, 8.63292643299792, 8.72943559003761, 9.728945943992585, 9.881945480010472]",1.0,14,1,2019_Jul_23_1307,FaceNameControl_Picture&Audio,3.0.4,84.99823845
100,FacesBlock3.xlsx,Nicole.mp4,Nicole.JPG,Nicole,38.0,videoFrameNicole.png,0.0,3.0,3.0,2.0,0.0,9.0,9.0,8.0,,,,,2.0,3.552386017,,,,,,14,1,2019_Jul_23_1307,FaceNameControl_Picture&Audio,3.0.4,84.99823845
114,FacesBlock3.xlsx,Nicole.mp4,Nicole.JPG,Nicole,38.0,videoFrameNicole.png,0.0,3.0,3.0,2.0,,,,,0.0,8.0,8.0,8.0,,,nicole,"['n', 'o', 'backspace', 'i', 'c', 'o', 'e', 'l', 'backspace', 'backspace', 'l', 'e']",1.0,"[1.8610325690242462, 1.978414387034718, 2.460154168016743, 2.7428572149947286, 2.8609078860026784, 3.0486655040294863, 3.612784566008486, 3.6835931270034052, 4.059066800982691, 4.211954605998471, 4.730614027008414, 4.918852067028638]",4.0,14,1,2019_Jul_23_1307,FaceNameControl_Picture&Audio,3.0.4,84.99823845
117,FacesBlock3.xlsx,Noah.mp4,Noah.JPG,Noah,39.0,videoFrameNoah.png,0.0,3.0,3.0,2.0,,,,,0.0,11.0,11.0,9.0,,,noah,"['n', 'o', 'a', 'h']",1.0,"[2.060089169011917, 2.518087505013682, 3.059868081996683, 3.1896724789985456]",4.0,14,1,2019_Jul_23_1307,FaceNameControl_Picture&Audio,3.0.4,84.99823845
105,FacesBlock3.xlsx,Noah.mp4,Noah.JPG,Noah,39.0,videoFrameNoah.png,0.0,3.0,3.0,2.0,0.0,14.0,14.0,9.0,,,,,1.0,4.942509572,,,,,,14,1,2019_Jul_23_1307,FaceNameControl_Picture&Audio,3.0.4,84.99823845
91,FacesBlock3.xlsx,Olivia.mp4,Olivia.JPG,Olivia,40.0,videoFrameOlivia.png,0.0,3.0,3.0,2.0,0.0,0.0,0.0,10.0,,,,,2.0,6.790507871,,,,,,14,1,2019_Jul_23_1307,FaceNameControl_Picture&Audio,3.0.4,84.99823845
107,FacesBlock3.xlsx,Olivia.mp4,Olivia.JPG,Olivia,40.0,videoFrameOlivia.png,0.0,3.0,3.0,2.0,,,,,0.0,1.0,1.0,10.0,,,,None,0.0,,1.0,14,1,2019_Jul_23_1307,FaceNameControl_Picture&Audio,3.0.4,84.99823845
40,FacesBlock2.xlsx,Rachel.mp4,Rachel.JPG,Rachel,26.0,videoFrameRachel.png,0.0,1.0,1.0,1.0,0.0,9.0,9.0,11.0,,,,,2.0,1.2262767540000001,,,,,,14,1,2019_Jul_23_1307,FaceNameControl_Picture&Audio,3.0.4,84.99823845
51,FacesBlock2.xlsx,Rachel.mp4,Rachel.JPG,Rachel,26.0,videoFrameRachel.png,0.0,1.0,1.0,1.0,,,,,0.0,5.0,5.0,11.0,,,,None,0.0,,1.0,14,1,2019_Jul_23_1307,FaceNameControl_Picture&Audio,3.0.4,84.99823845
111,FacesBlock3.xlsx,Rebecca.mp4,Rebecca.JPG,Rebecca,41.0,videoFrameRebecca.png,0.0,3.0,3.0,2.0,,,,,0.0,5.0,5.0,11.0,,,rebecca,"['r', 'e', 'b', 'e', 'c', 'c', 'a', 'return']",1.0,"[3.8127359459758736, 4.012700153980404, 4.235870049975347, 4.376595984969754, 4.682809980993625, 4.836203799000941, 5.200653931009583, 6.247055122978054]",4.0,14,1,2019_Jul_23_1307,FaceNameControl_Picture&Audio,3.0.4,84.99823845
99,FacesBlock3.xlsx,Rebecca.mp4,Rebecca.JPG,Rebecca,41.0,videoFrameRebecca.png,0.0,3.0,3.0,2.0,0.0,8.0,8.0,11.0,,,,,2.0,6.7300908999999995,,,,,,14,1,2019_Jul_23_1307,FaceNameControl_Picture&Audio,3.0.4,84.99823845
96,FacesBlock3.xlsx,Sarah.mp4,Sarah.JPG,Sarah,42.0,videoFrameSarah.png,0.0,3.0,3.0,2.0,0.0,5.0,5.0,12.0,,,,,2.0,5.460461777000001,,,,,,14,1,2019_Jul_23_1307,FaceNameControl_Picture&Audio,3.0.4,84.99823845
116,FacesBlock3.xlsx,Sarah.mp4,Sarah.JPG,Sarah,42.0,videoFrameSarah.png,0.0,3.0,3.0,2.0,,,,,0.0,10.0,10.0,12.0,,,sarah,"['s', 'a', 'r', 'a', 'h']",1.0,"[1.8378461200045422, 2.2256140170502476, 2.342995006009005, 2.496702336007729, 2.9547020160243846]",4.0,14,1,2019_Jul_23_1307,FaceNameControl_Picture&Audio,3.0.4,84.99823845
98,FacesBlock3.xlsx,Shelby.mp4,Shelby.JPG,Shelby,43.0,videoFrameShelby.png,0.0,3.0,3.0,2.0,0.0,7.0,7.0,13.0,,,,,2.0,5.001721338,,,,,,14,1,2019_Jul_23_1307,FaceNameControl_Picture&Audio,3.0.4,84.99823845
119,FacesBlock3.xlsx,Shelby.mp4,Shelby.JPG,Shelby,43.0,videoFrameShelby.png,0.0,3.0,3.0,2.0,,,,,0.0,13.0,13.0,13.0,,,chelby,"['c', 'h', 'e', 'l', 'b', 'y', 'left', 'left']",1.0,"[3.6956373910070397, 3.8486732680466957, 4.09601715503959, 4.459523547033314, 5.048481671023183, 5.200827866035979, 6.435006043000612, 6.611992711026687]",4.0,14,1,2019_Jul_23_1307,FaceNameControl_Picture&Audio,3.0.4,84.99823845
42,FacesBlock2.xlsx,Steven.mp4,Steven.JPG,Steven,27.0,videoFrameSteven.png,0.0,1.0,1.0,1.0,0.0,11.0,11.0,12.0,,,,,1.0,1.567583484,,,,,,14,1,2019_Jul_23_1307,FaceNameControl_Picture&Audio,3.0.4,84.99823845
49,FacesBlock2.xlsx,Steven.mp4,Steven.JPG,Steven,27.0,videoFrameSteven.png,0.0,1.0,1.0,1.0,,,,,0.0,3.0,3.0,12.0,,,justin,"['j', 'u', 's', 't', 'i', 'n', 'backspace', 'backspace', 'backspace', 't', 'i', 'n']",0.0,"[2.213875371031463, 2.4259599490324035, 2.6592449090094306, 2.7669832600513473, 3.1429406190291047, 3.331558792036958, 5.589303480053786, 5.871141816023737, 6.047387950005941, 7.236287653038744, 7.388530430034734, 7.49477701401338]",2.0,14,1,2019_Jul_23_1307,FaceNameControl_Picture&Audio,3.0.4,84.99823845
64,FacesBlock4.xlsx,Taylor.mp4,Taylor.JPG,Taylor,59.0,videoFrameTaylor.png,0.0,2.0,2.0,3.0,0.0,3.0,3.0,14.0,,,,,2.0,4.64800432,,,,,,14,1,2019_Jul_23_1307,FaceNameControl_Picture&Audio,3.0.4,84.99823845
82,FacesBlock4.xlsx,Taylor.mp4,Taylor.JPG,Taylor,59.0,videoFrameTaylor.png,0.0,2.0,2.0,3.0,,,,,0.0,6.0,6.0,14.0,,,taylor,"['t', 'a', 'y', 'l', 'o', 'r']",1.0,"[3.931240539997816, 4.036342219973449, 4.272264900966547, 5.236751760006882, 5.43661236600019, 5.7542680479818955]",4.0,14,1,2019_Jul_23_1307,FaceNameControl_Picture&Audio,3.0.4,84.99823845
113,FacesBlock3.xlsx,Thomas.mp4,Thomas.JPG,Thomas,44.0,videoFrameThomas.png,0.0,3.0,3.0,2.0,,,,,0.0,7.0,7.0,14.0,,,thomas,"['t', 'h', 'o', 'm', 'a', 's']",1.0,"[1.873095469956752, 1.93168571498245, 2.1550378059619106, 2.412093805964105, 2.508037435996812, 2.718915056961123]",4.0,14,1,2019_Jul_23_1307,FaceNameControl_Picture&Audio,3.0.4,84.99823845
103,FacesBlock3.xlsx,Thomas.mp4,Thomas.JPG,Thomas,44.0,videoFrameThomas.png,0.0,3.0,3.0,2.0,0.0,12.0,12.0,14.0,,,,,1.0,6.506570184,,,,,,14,1,2019_Jul_23_1307,FaceNameControl_Picture&Audio,3.0.4,84.99823845
20,FacesBlock1.xlsx,Timothy.mp4,Timothy.JPG,Timothy,14.0,videoFrameTimothy.png,0.0,0.0,0.0,0.0,,,,,0.0,4.0,4.0,14.0,,,connor ithink,"['c', 'o', 'n', 'n', 'o', 'r', 'return', 'space', 'i', 't', 'h', 'i', 'n', 'k']",0.0,"[2.7310126430238597, 2.8363155720289797, 3.2594010610482655, 3.3896268180105835, 3.7062816800316796, 3.8246308130328543, 4.235877812025137, 7.492319156008307, 7.8700240140315145, 8.975361994002014, 9.140722054056823, 9.364252930041403, 9.84554578003008, 9.987703427032102]",1.0,14,1,2019_Jul_23_1307,FaceNameControl_Picture&Audio,3.0.4,84.99823845
13,FacesBlock1.xlsx,Timothy.mp4,Timothy.JPG,Timothy,14.0,videoFrameTimothy.png,0.0,0.0,0.0,0.0,0.0,12.0,12.0,14.0,,,,,1.0,2.178270613,,,,,,14,1,2019_Jul_23_1307,FaceNameControl_Picture&Audio,3.0.4,84.99823845
41,FacesBlock2.xlsx,Trevor.mp4,Trevor.JPG,Trevor,28.0,videoFrameTrevor.png,0.0,1.0,1.0,1.0,0.0,10.0,10.0,13.0,,,,,1.0,0.6968706109999999,,,,,,14,1,2019_Jul_23_1307,FaceNameControl_Picture&Audio,3.0.4,84.99823845
46,FacesBlock2.xlsx,Trevor.mp4,Trevor.JPG,Trevor,28.0,videoFrameTrevor.png,0.0,1.0,1.0,1.0,,,,,0.0,0.0,0.0,13.0,,,trevor,"['t', 'r', 'e', 'v', 'o', 'r']",1.0,"[7.906518860021606, 8.05847160104895, 8.388805822003633, 9.129193436994683, 9.552762076025829, 9.705872923019342]",1.0,14,1,2019_Jul_23_1307,FaceNameControl_Picture&Audio,3.0.4,84.99823845
37,FacesBlock2.xlsx,Tyler.mp4,Tyler.JPG,Tyler,29.0,videoFrameTyler.png,0.0,1.0,1.0,1.0,0.0,6.0,6.0,14.0,,,,,1.0,1.1913253000000001,,,,,,14,1,2019_Jul_23_1307,FaceNameControl_Picture&Audio,3.0.4,84.99823845
60,FacesBlock2.xlsx,Tyler.mp4,Tyler.JPG,Tyler,29.0,videoFrameTyler.png,0.0,1.0,1.0,1.0,,,,,0.0,14.0,14.0,14.0,,,joshua hahaidk,"['j', 'o', 's', 'h', 'u', 'a', 'space', 'h', 'a', 'h', 'a', 'i', 'd', 'k']",0.0,"[2.2260619970038533, 2.4120812710025348, 3.10807029803982, 3.201853636011947, 3.4352410690044053, 3.789240566024091, 3.919781555014197, 5.600893050024752, 5.718437805015128, 5.824966286018025, 6.542541810020339, 7.259174189006444, 7.400985312007833, 7.539791596995201]",1.0,14,1,2019_Jul_23_1307,FaceNameControl_Picture&Audio,3.0.4,84.99823845
0,,,,,,,,,,,,,,,,,,,,,,,,,,14,1,2019_Jul_23_1307,FaceNameControl_Picture&Audio,3.0.4,84.99823845
