,condsFile,Video,Photo,Name,Row,videoFrame,blocks.thisRepN,blocks.thisTrialN,blocks.thisN,blocks.thisIndex,presentations.thisRepN,presentations.thisTrialN,presentations.thisN,presentations.thisIndex,testing.thisRepN,testing.thisTrialN,testing.thisN,testing.thisIndex,judgementResp.keys,judgementResp.rt,inputText,key_resp_3.keys,recallRating_s,key_resp_3.rt,rating_resp.keys,participant,session,date,expName,psychopyVersion,frameRate
78,FacesBlock2.xlsx,Aaron.mp4,Aaron.JPG,Aaron,15.0,videoFrameAaron.png,0.0,2.0,2.0,1.0,,,,,0.0,2.0,2.0,0.0,,,John,"['rshift', 'j', 'o', 'h', 'n']",0.0,"[2.846611335990019, 2.918751229008194, 3.0714672259637155, 3.294907818955835, 3.530558926984668]",2.0,18,1,2019_Jul_26_1301,FaceNameControl_Picture&Audio,3.0.4,84.85635281
67,FacesBlock2.xlsx,Aaron.mp4,Aaron.JPG,Aaron,15.0,videoFrameAaron.png,0.0,2.0,2.0,1.0,0.0,6.0,6.0,0.0,,,,,1.0,0.391734605,,,,,,18,1,2019_Jul_26_1301,FaceNameControl_Picture&Audio,3.0.4,84.85635281
59,FacesBlock1.xlsx,Adam.mp4,Adam.JPG,Adam,0.0,videoFrameAdam.png,0.0,1.0,1.0,0.0,,,,,0.0,13.0,13.0,0.0,,,Josh,"['rshift', 'd', 'u', 'n', 'c', 'backspace', 'backspace', 'backspace', 'backspace', 'rshift', 'rshift', 'j', 'o', 's', 'h']",0.0,"[2.6578125300002284, 2.730586473015137, 2.941587759007234, 3.3067061490146443, 3.729772411985323, 4.223257709003519, 4.3762576000299305, 4.516867086989805, 5.033398489991669, 5.551791746984236, 6.304468399030156, 6.423843252006918, 6.552911309001502, 7.752653407980688, 7.846634243032895]",1.0,18,1,2019_Jul_26_1301,FaceNameControl_Picture&Audio,3.0.4,84.85635281
34,FacesBlock1.xlsx,Adam.mp4,Adam.JPG,Adam,0.0,videoFrameAdam.png,0.0,1.0,1.0,0.0,0.0,3.0,3.0,0.0,,,,,1.0,0.36799629899999997,,,,,,18,1,2019_Jul_26_1301,FaceNameControl_Picture&Audio,3.0.4,84.85635281
27,FacesBlock4.xlsx,Alyssa.mp4,Alyssa.JPG,Alyssa,45.0,videoFrameAlyssa.png,0.0,0.0,0.0,3.0,,,,,0.0,11.0,11.0,0.0,,,Sarah,"['rshift', 'rshift', 's', 'a', 'r', 'a', 'h']",0.0,"[5.4237168279942125, 6.493792794004548, 6.624287485028617, 6.730481279024389, 6.895120633998886, 7.024521197017748, 7.647338645008858]",2.0,18,1,2019_Jul_26_1301,FaceNameControl_Picture&Audio,3.0.4,84.85635281
5,FacesBlock4.xlsx,Alyssa.mp4,Alyssa.JPG,Alyssa,45.0,videoFrameAlyssa.png,0.0,0.0,0.0,3.0,0.0,4.0,4.0,0.0,,,,,2.0,0.003588099033,,,,,,18,1,2019_Jul_26_1301,FaceNameControl_Picture&Audio,3.0.4,84.85635281
43,FacesBlock1.xlsx,Amanda.mp4,Amanda.JPG,Amanda,1.0,videoFrameAmanda.png,0.0,1.0,1.0,0.0,0.0,12.0,12.0,1.0,,,,,2.0,1.472800696,,,,,,18,1,2019_Jul_26_1301,FaceNameControl_Picture&Audio,3.0.4,84.85635281
58,FacesBlock1.xlsx,Amanda.mp4,Amanda.JPG,Amanda,1.0,videoFrameAmanda.png,0.0,1.0,1.0,0.0,,,,,0.0,12.0,12.0,1.0,,,,None,0.0,,1.0,18,1,2019_Jul_26_1301,FaceNameControl_Picture&Audio,3.0.4,84.85635281
3,FacesBlock4.xlsx,Andrew.mp4,Andrew.JPG,Andrew,46.0,videoFrameAndrew.png,0.0,0.0,0.0,3.0,0.0,2.0,2.0,1.0,,,,,1.0,0.27100043100000004,,,,,,18,1,2019_Jul_26_1301,FaceNameControl_Picture&Audio,3.0.4,84.85635281
20,FacesBlock4.xlsx,Andrew.mp4,Andrew.JPG,Andrew,46.0,videoFrameAndrew.png,0.0,0.0,0.0,3.0,,,,,0.0,4.0,4.0,1.0,,,Caleb,"['rshift', 'c', 'a', 'l', 'b', 'backspace', 'e', 'b']",0.0,"[1.365039861004334, 1.5260314230108634, 1.6023860829882324, 1.7202025969745591, 1.9075043679913506, 2.4129830789752305, 2.636848648020532, 2.8371581949759275]",3.0,18,1,2019_Jul_26_1301,FaceNameControl_Picture&Audio,3.0.4,84.85635281
11,FacesBlock4.xlsx,Anna.mp4,Anna.JPG,Anna,47.0,videoFrameAnna.png,0.0,0.0,0.0,3.0,0.0,10.0,10.0,2.0,,,,,2.0,0.48552138100000003,,,,,,18,1,2019_Jul_26_1301,FaceNameControl_Picture&Audio,3.0.4,84.85635281
24,FacesBlock4.xlsx,Anna.mp4,Anna.JPG,Anna,47.0,videoFrameAnna.png,0.0,0.0,0.0,3.0,,,,,0.0,8.0,8.0,2.0,,,Lydia,"['rshift', 'l', 'backspace', 'rshift', 'l', 'y', 'd', 'i', 'a']",0.0,"[2.058841758989729, 2.7075085759861395, 3.894982812984381, 5.211507131985854, 5.354132131964434, 5.495493402995635, 5.788916967983823, 5.882803341955878, 6.02486681897426]",1.0,18,1,2019_Jul_26_1301,FaceNameControl_Picture&Audio,3.0.4,84.85635281
87,FacesBlock2.xlsx,Ashley.mp4,Ashley.JPG,Ashley,16.0,videoFrameAshley.png,0.0,2.0,2.0,1.0,,,,,0.0,11.0,11.0,1.0,,,,None,0.0,,1.0,18,1,2019_Jul_26_1301,FaceNameControl_Picture&Audio,3.0.4,84.85635281
63,FacesBlock2.xlsx,Ashley.mp4,Ashley.JPG,Ashley,16.0,videoFrameAshley.png,0.0,2.0,2.0,1.0,0.0,2.0,2.0,1.0,,,,,2.0,1.273467748,,,,,,18,1,2019_Jul_26_1301,FaceNameControl_Picture&Audio,3.0.4,84.85635281
33,FacesBlock1.xlsx,Bradley.mp4,Bradley.JPG,Bradley,2.0,videoFrameBradley.png,0.0,1.0,1.0,0.0,0.0,2.0,2.0,2.0,,,,,1.0,1.250111245,,,,,,18,1,2019_Jul_26_1301,FaceNameControl_Picture&Audio,3.0.4,84.85635281
57,FacesBlock1.xlsx,Bradley.mp4,Bradley.JPG,Bradley,2.0,videoFrameBradley.png,0.0,1.0,1.0,0.0,,,,,0.0,11.0,11.0,2.0,,,Bradley,"['rshift', 'b', 'r', 'a', 'd', 'l', 'e', 'y']",1.0,"[0.8829107640194707, 1.0965163389919326, 1.308154974016361, 1.4724688529968262, 1.601857403991744, 1.7665999049786478, 1.8726190719753504, 2.0843932110001333]",4.0,18,1,2019_Jul_26_1301,FaceNameControl_Picture&Audio,3.0.4,84.85635281
12,FacesBlock4.xlsx,Brandon.mp4,Brandon.JPG,Brandon,48.0,videoFrameBrandon.png,0.0,0.0,0.0,3.0,0.0,11.0,11.0,3.0,,,,,1.0,0.23791252100000002,,,,,,18,1,2019_Jul_26_1301,FaceNameControl_Picture&Audio,3.0.4,84.85635281
23,FacesBlock4.xlsx,Brandon.mp4,Brandon.JPG,Brandon,48.0,videoFrameBrandon.png,0.0,0.0,0.0,3.0,,,,,0.0,7.0,7.0,3.0,,,,None,0.0,,1.0,18,1,2019_Jul_26_1301,FaceNameControl_Picture&Audio,3.0.4,84.85635281
7,FacesBlock4.xlsx,Brian.mp4,Brian.JPG,Brian,49.0,videoFrameBrian.png,0.0,0.0,0.0,3.0,0.0,6.0,6.0,4.0,,,,,1.0,0.6854528520000001,,,,,,18,1,2019_Jul_26_1301,FaceNameControl_Picture&Audio,3.0.4,84.85635281
25,FacesBlock4.xlsx,Brian.mp4,Brian.JPG,Brian,49.0,videoFrameBrian.png,0.0,0.0,0.0,3.0,,,,,0.0,9.0,9.0,4.0,,,,None,0.0,,1.0,18,1,2019_Jul_26_1301,FaceNameControl_Picture&Audio,3.0.4,84.85635281
28,FacesBlock4.xlsx,Brianna.mp4,Brianna.JPG,Brianna,50.0,videoFrameBrianna.png,0.0,0.0,0.0,3.0,,,,,0.0,12.0,12.0,5.0,,,,None,0.0,,1.0,18,1,2019_Jul_26_1301,FaceNameControl_Picture&Audio,3.0.4,84.85635281
4,FacesBlock4.xlsx,Brianna.mp4,Brianna.JPG,Brianna,50.0,videoFrameBrianna.png,0.0,0.0,0.0,3.0,0.0,3.0,3.0,5.0,,,,,2.0,0.18834178899999998,,,,,,18,1,2019_Jul_26_1301,FaceNameControl_Picture&Audio,3.0.4,84.85635281
79,FacesBlock2.xlsx,Brittany.mp4,Brittany.JPG,Brittany,17.0,videoFrameBrittany.png,0.0,2.0,2.0,1.0,,,,,0.0,3.0,3.0,2.0,,,Megan,"['rshift', 'j', 'backspace', 'rshift', 'm', 'e', 'g', 'a', 'n']",0.0,"[4.294517169997562, 4.400064459012356, 5.694865404046141, 5.929602153017186, 6.0600158020388335, 6.1189223600085825, 6.5892111790017225, 6.695298437029123, 6.906886501004919]",2.0,18,1,2019_Jul_26_1301,FaceNameControl_Picture&Audio,3.0.4,84.85635281
70,FacesBlock2.xlsx,Brittany.mp4,Brittany.JPG,Brittany,17.0,videoFrameBrittany.png,0.0,2.0,2.0,1.0,0.0,9.0,9.0,2.0,,,,,2.0,0.979564155,,,,,,18,1,2019_Jul_26_1301,FaceNameControl_Picture&Audio,3.0.4,84.85635281
21,FacesBlock4.xlsx,Caleb.mp4,Caleb.JPG,Caleb,51.0,videoFrameCaleb.png,0.0,0.0,0.0,3.0,,,,,0.0,5.0,5.0,6.0,,,,None,0.0,,1.0,18,1,2019_Jul_26_1301,FaceNameControl_Picture&Audio,3.0.4,84.85635281
6,FacesBlock4.xlsx,Caleb.mp4,Caleb.JPG,Caleb,51.0,videoFrameCaleb.png,0.0,0.0,0.0,3.0,0.0,5.0,5.0,6.0,,,,,1.0,6.953176134,,,,,,18,1,2019_Jul_26_1301,FaceNameControl_Picture&Audio,3.0.4,84.85635281
66,FacesBlock2.xlsx,Cody.mp4,Cody.JPG,Cody,18.0,videoFrameCody.png,0.0,2.0,2.0,1.0,0.0,5.0,5.0,3.0,,,,,1.0,0.791240695,,,,,,18,1,2019_Jul_26_1301,FaceNameControl_Picture&Audio,3.0.4,84.85635281
76,FacesBlock2.xlsx,Cody.mp4,Cody.JPG,Cody,18.0,videoFrameCody.png,0.0,2.0,2.0,1.0,,,,,0.0,0.0,0.0,3.0,,,Trevor,"['rshift', 't', 'r', 'backspace', 'r', 'e', 'v', 'o', 'r', 'backspace', 'backspace', 'backspace', 'backspace', 'backspace', 'r', 'e', 'v', 'o', 'r']",0.0,"[1.8001127800089307, 1.97618852899177, 2.0252520060166717, 2.8831257519777864, 3.753878414980136, 3.918967006029561, 4.189176868996583, 4.294781073986087, 4.377090897993185, 5.5642685840139166, 5.729580348008312, 5.893338547029998, 6.070366049010772, 6.235064495995175, 6.729868397989776, 6.870925964030903, 7.117793428013101, 7.200426783005241, 7.282039247977082]",2.0,18,1,2019_Jul_26_1301,FaceNameControl_Picture&Audio,3.0.4,84.85635281
93,FacesBlock3.xlsx,Courtney.mp4,Courtney.JPG,Courtney,30.0,videoFrameCourtney.png,0.0,3.0,3.0,2.0,0.0,2.0,2.0,0.0,,,,,2.0,0.7794401009999999,,,,,,18,1,2019_Jul_26_1301,FaceNameControl_Picture&Audio,3.0.4,84.85635281
106,FacesBlock3.xlsx,Courtney.mp4,Courtney.JPG,Courtney,30.0,videoFrameCourtney.png,0.0,3.0,3.0,2.0,,,,,0.0,0.0,0.0,0.0,,,Megan,"['rshift', 'm', 'e', 'g', 'a', 'n']",0.0,"[3.3999099460197613, 3.518884502002038, 3.6255481879925355, 3.706307852989994, 3.825227705994621, 3.895477376994677]",1.0,18,1,2019_Jul_26_1301,FaceNameControl_Picture&Audio,3.0.4,84.85635281
103,FacesBlock3.xlsx,Daniel.mp4,Daniel.JPG,Daniel,31.0,videoFrameDaniel.png,0.0,3.0,3.0,2.0,0.0,12.0,12.0,1.0,,,,,1.0,0.155457591,,,,,,18,1,2019_Jul_26_1301,FaceNameControl_Picture&Audio,3.0.4,84.85635281
109,FacesBlock3.xlsx,Daniel.mp4,Daniel.JPG,Daniel,31.0,videoFrameDaniel.png,0.0,3.0,3.0,2.0,,,,,0.0,3.0,3.0,1.0,,,David,"['rshift', 'd', 'a', 'v', 'i', 'd']",0.0,"[3.729473450977821, 3.884056950977538, 4.012413241958711, 4.107541940989904, 4.2022626450052485, 4.3187185429851525]",1.0,18,1,2019_Jul_26_1301,FaceNameControl_Picture&Audio,3.0.4,84.85635281
60,FacesBlock1.xlsx,Danielle.mp4,Danielle.JPG,Danielle,3.0,videoFrameDanielle.png,0.0,1.0,1.0,0.0,,,,,0.0,14.0,14.0,3.0,,,Dianne,"['rshift', 'd', 'i', 'a', 'n', 'backspace', 'backspace', 'a', 'n', 'n', 'e']",0.0,"[2.8348011049674824, 2.9187489159521647, 3.118844680953771, 3.3540236949920654, 3.565629975986667, 5.035288243961986, 5.22319934197003, 6.012078631960321, 6.141619817994069, 6.270776514953468, 6.376676268992014]",1.0,18,1,2019_Jul_26_1301,FaceNameControl_Picture&Audio,3.0.4,84.85635281
31,FacesBlock1.xlsx,Danielle.mp4,Danielle.JPG,Danielle,3.0,videoFrameDanielle.png,0.0,1.0,1.0,0.0,0.0,0.0,0.0,3.0,,,,,2.0,2.62616533,,,,,,18,1,2019_Jul_26_1301,FaceNameControl_Picture&Audio,3.0.4,84.85635281
80,FacesBlock2.xlsx,David.mp4,David.JPG,David,19.0,videoFrameDavid.png,0.0,2.0,2.0,1.0,,,,,0.0,4.0,4.0,4.0,,,David,"['rshift', 'd', 'a', 'v', 'i', 'd']",1.0,"[2.8933768230490386, 2.9892275070305914, 3.1302849510102533, 3.224031083052978, 3.3188768990221433, 3.4482541390461847]",2.0,18,1,2019_Jul_26_1301,FaceNameControl_Picture&Audio,3.0.4,84.85635281
75,FacesBlock2.xlsx,David.mp4,David.JPG,David,19.0,videoFrameDavid.png,0.0,2.0,2.0,1.0,0.0,14.0,14.0,4.0,,,,,1.0,0.426768986,,,,,,18,1,2019_Jul_26_1301,FaceNameControl_Picture&Audio,3.0.4,84.85635281
1,FacesBlock4.xlsx,Dylan.mp4,Dylan.JPG,Dylan,52.0,videoFrameDylan.png,0.0,0.0,0.0,3.0,0.0,0.0,0.0,7.0,,,,,1.0,1.143159978,,,,,,18,1,2019_Jul_26_1301,FaceNameControl_Picture&Audio,3.0.4,84.85635281
19,FacesBlock4.xlsx,Dylan.mp4,Dylan.JPG,Dylan,52.0,videoFrameDylan.png,0.0,0.0,0.0,3.0,,,,,0.0,3.0,3.0,7.0,,,,"['rshift', 'j', 'o', 'h', 'n', 'backspace', 'backspace', 'backspace', 'backspace']",0.0,"[4.1524449930293486, 4.28396688203793, 4.448034503031522, 5.106482553004753, 5.259807652037125, 5.98829182802001, 6.151727996009868, 6.293703814037144, 6.447034603042994]",1.0,18,1,2019_Jul_26_1301,FaceNameControl_Picture&Audio,3.0.4,84.85635281
22,FacesBlock4.xlsx,Emily.mp4,Emily.JPG,Emily,53.0,videoFrameEmily.png,0.0,0.0,0.0,3.0,,,,,0.0,6.0,6.0,8.0,,,Sarah,"['rshift', 's', 'a', 'r', 'a', 'h']",0.0,"[2.0118749300017953, 2.2242690800339915, 2.4716657800017856, 2.765803649032023, 2.8829648310202174, 3.060085044009611]",1.0,18,1,2019_Jul_26_1301,FaceNameControl_Picture&Audio,3.0.4,84.85635281
13,FacesBlock4.xlsx,Emily.mp4,Emily.JPG,Emily,53.0,videoFrameEmily.png,0.0,0.0,0.0,3.0,0.0,12.0,12.0,8.0,,,,,2.0,0.08501870697000001,,,,,,18,1,2019_Jul_26_1301,FaceNameControl_Picture&Audio,3.0.4,84.85635281
39,FacesBlock1.xlsx,Eric.mp4,Eric.JPG,Eric,4.0,videoFrameEric.png,0.0,1.0,1.0,0.0,0.0,8.0,8.0,4.0,,,,,1.0,0.250148914,,,,,,18,1,2019_Jul_26_1301,FaceNameControl_Picture&Audio,3.0.4,84.85635281
49,FacesBlock1.xlsx,Eric.mp4,Eric.JPG,Eric,4.0,videoFrameEric.png,0.0,1.0,1.0,0.0,,,,,0.0,3.0,3.0,4.0,,,Eric,"['rshift', 'e', 'r', 'i', 'c']",1.0,"[1.0358421369455755, 1.1188468149630353, 1.202093897969462, 1.3310937029891647, 1.437130668957252]",4.0,18,1,2019_Jul_26_1301,FaceNameControl_Picture&Audio,3.0.4,84.85635281
37,FacesBlock1.xlsx,Ethan.mp4,Ethan.JPG,Ethan,5.0,videoFrameEthan.png,0.0,1.0,1.0,0.0,0.0,6.0,6.0,5.0,,,,,1.0,0.531861124,,,,,,18,1,2019_Jul_26_1301,FaceNameControl_Picture&Audio,3.0.4,84.85635281
52,FacesBlock1.xlsx,Ethan.mp4,Ethan.JPG,Ethan,5.0,videoFrameEthan.png,0.0,1.0,1.0,0.0,,,,,0.0,6.0,6.0,5.0,,,Brian,"['rshift', 'rshift', 'b', 'r', 'i', 'a', 'n']",0.0,"[2.3767899939557537, 3.2587881519575603, 3.4490309659740888, 3.636860558995977, 3.7664609709754586, 3.9541629619779997, 4.131004387978464]",2.0,18,1,2019_Jul_26_1301,FaceNameControl_Picture&Audio,3.0.4,84.85635281
30,FacesBlock4.xlsx,Grace.mp4,Grace.JPG,Grace,54.0,videoFrameGrace.png,0.0,0.0,0.0,3.0,,,,,0.0,14.0,14.0,9.0,,,Rachel,"['rshift', 'r', 'a', 'c', 'h', 'e', 'l']",0.0,"[4.058119341963902, 4.154673622979317, 4.2952436009654775, 4.399653588945512, 4.518691384990234, 4.659478420973755, 4.89511796599254]",1.0,18,1,2019_Jul_26_1301,FaceNameControl_Picture&Audio,3.0.4,84.85635281
10,FacesBlock4.xlsx,Grace.mp4,Grace.JPG,Grace,54.0,videoFrameGrace.png,0.0,0.0,0.0,3.0,0.0,9.0,9.0,9.0,,,,,2.0,0.424200611,,,,,,18,1,2019_Jul_26_1301,FaceNameControl_Picture&Audio,3.0.4,84.85635281
64,FacesBlock2.xlsx,Haley.mp4,Haley.JPG,Haley,20.0,videoFrameHaley.png,0.0,2.0,2.0,1.0,0.0,3.0,3.0,5.0,,,,,2.0,0.321175015,,,,,,18,1,2019_Jul_26_1301,FaceNameControl_Picture&Audio,3.0.4,84.85635281
81,FacesBlock2.xlsx,Haley.mp4,Haley.JPG,Haley,20.0,videoFrameHaley.png,0.0,2.0,2.0,1.0,,,,,0.0,5.0,5.0,5.0,,,Julia,"['rshift', 'j', 'u', 'l', 'i', 'a']",0.0,"[4.528195648046676, 4.577486499038059, 4.765581213054247, 5.024311181041412, 5.0944193780305795, 5.40029040799709]",1.0,18,1,2019_Jul_26_1301,FaceNameControl_Picture&Audio,3.0.4,84.85635281
56,FacesBlock1.xlsx,Hannah.mp4,Hannah.JPG,Hannah,6.0,videoFrameHannah.png,0.0,1.0,1.0,0.0,,,,,0.0,10.0,10.0,6.0,,,Ashley,"['rshift', 'a', 's', 'h', 'l', 'e', 'y']",0.0,"[2.905686540005263, 3.0602084629936144, 3.166225621011108, 3.318694752990268, 3.399018417985644, 3.5181079449830577, 3.6951485319877975]",1.0,18,1,2019_Jul_26_1301,FaceNameControl_Picture&Audio,3.0.4,84.85635281
38,FacesBlock1.xlsx,Hannah.mp4,Hannah.JPG,Hannah,6.0,videoFrameHannah.png,0.0,1.0,1.0,0.0,0.0,7.0,7.0,6.0,,,,,2.0,0.285799454,,,,,,18,1,2019_Jul_26_1301,FaceNameControl_Picture&Audio,3.0.4,84.85635281
69,FacesBlock2.xlsx,Heather.mp4,Heather.JPG,Heather,21.0,videoFrameHeather.png,0.0,2.0,2.0,1.0,0.0,8.0,8.0,6.0,,,,,2.0,0.06093472900000001,,,,,,18,1,2019_Jul_26_1301,FaceNameControl_Picture&Audio,3.0.4,84.85635281
77,FacesBlock2.xlsx,Heather.mp4,Heather.JPG,Heather,21.0,videoFrameHeather.png,0.0,2.0,2.0,1.0,,,,,0.0,1.0,1.0,6.0,,,Ashley,"['rshift', 'j', 'e', 's', 's', 'c', 'backspace', 'i', 'backspace', 'backspace', 'backspace', 'backspace', 'backspace', 'rshift', 'a', 's', 'h', 'l', 'e', 'y']",0.0,"[2.893843862984795, 3.0368898630258627, 3.2132722649839707, 3.389739061007276, 3.5662152679869905, 3.763984069984872, 4.141547673032619, 4.377672425995115, 4.835637443000451, 4.9997769219917245, 5.152642499015201, 5.306580641015898, 5.446591402986087, 5.658368622011039, 5.718088635010645, 5.812539671023842, 5.94057838403387, 6.0125273320009, 6.08329242200125, 6.259156332991552]",2.0,18,1,2019_Jul_26_1301,FaceNameControl_Picture&Audio,3.0.4,84.85635281
110,FacesBlock3.xlsx,Jacob.mp4,Jacob.JPG,Jacob,32.0,videoFrameJacob.png,0.0,3.0,3.0,2.0,,,,,0.0,4.0,4.0,2.0,,,Josh,"['rshift', 'j', 'o', 's', 'h']",0.0,"[9.303439755050931, 9.446241203055251, 9.623308429028839, 9.751618584035896, 9.90498908405425]",1.0,18,1,2019_Jul_26_1301,FaceNameControl_Picture&Audio,3.0.4,84.85635281
91,FacesBlock3.xlsx,Jacob.mp4,Jacob.JPG,Jacob,32.0,videoFrameJacob.png,0.0,3.0,3.0,2.0,0.0,0.0,0.0,2.0,,,,,1.0,1.5087189680000002,,,,,,18,1,2019_Jul_26_1301,FaceNameControl_Picture&Audio,3.0.4,84.85635281
18,FacesBlock4.xlsx,Jason.mp4,Jason.JPG,Jason,55.0,videoFrameJason.png,0.0,0.0,0.0,3.0,,,,,0.0,2.0,2.0,10.0,,,Brian,"['rshift', 'b', 'r', 'i', 'a', 'n']",0.0,"[6.868633168982342, 7.199268591997679, 7.386936798982788, 7.4815965599846095, 7.622835999995004, 7.7400431979913265]",2.0,18,1,2019_Jul_26_1301,FaceNameControl_Picture&Audio,3.0.4,84.85635281
2,FacesBlock4.xlsx,Jason.mp4,Jason.JPG,Jason,55.0,videoFrameJason.png,0.0,0.0,0.0,3.0,0.0,1.0,1.0,10.0,,,,,1.0,0.343684249,,,,,,18,1,2019_Jul_26_1301,FaceNameControl_Picture&Audio,3.0.4,84.85635281
51,FacesBlock1.xlsx,Jenna.mp4,Jenna.JPG,Jenna,7.0,videoFrameJenna.png,0.0,1.0,1.0,0.0,,,,,0.0,5.0,5.0,7.0,,,,None,0.0,,1.0,18,1,2019_Jul_26_1301,FaceNameControl_Picture&Audio,3.0.4,84.85635281
35,FacesBlock1.xlsx,Jenna.mp4,Jenna.JPG,Jenna,7.0,videoFrameJenna.png,0.0,1.0,1.0,0.0,0.0,4.0,4.0,7.0,,,,,2.0,0.37673945299999995,,,,,,18,1,2019_Jul_26_1301,FaceNameControl_Picture&Audio,3.0.4,84.85635281
82,FacesBlock2.xlsx,Jeremy.mp4,Jeremy.JPG,Jeremy,22.0,videoFrameJeremy.png,0.0,2.0,2.0,1.0,,,,,0.0,6.0,6.0,7.0,,,Timothy,"['t', 'i', 'm', 'o', 'backspace', 'backspace', 'backspace', 'backspace', 'rshift', 'rshift', 't', 'i', 'm', 'o', 't', 'h', 'y']",0.0,"[1.754843920993153, 1.8488514939672314, 1.9084049599478021, 1.9901211419492029, 2.588261778000742, 2.7307291559991427, 2.883842477982398, 3.0602841719519347, 3.212596434983425, 3.529520658950787, 3.6492646619444713, 3.7546811999636702, 4.260631752957124, 4.437229097995441, 4.63682377996156, 4.740838855970651, 4.8366696879966184]",2.0,18,1,2019_Jul_26_1301,FaceNameControl_Picture&Audio,3.0.4,84.85635281
72,FacesBlock2.xlsx,Jeremy.mp4,Jeremy.JPG,Jeremy,22.0,videoFrameJeremy.png,0.0,2.0,2.0,1.0,0.0,11.0,11.0,7.0,,,,,1.0,0.485221753,,,,,,18,1,2019_Jul_26_1301,FaceNameControl_Picture&Audio,3.0.4,84.85635281
40,FacesBlock1.xlsx,Jessica.mp4,Jessica.JPG,Jessica,8.0,videoFrameJessica.png,0.0,1.0,1.0,0.0,0.0,9.0,9.0,8.0,,,,,2.0,0.285735057,,,,,,18,1,2019_Jul_26_1301,FaceNameControl_Picture&Audio,3.0.4,84.85635281
46,FacesBlock1.xlsx,Jessica.mp4,Jessica.JPG,Jessica,8.0,videoFrameJessica.png,0.0,1.0,1.0,0.0,,,,,0.0,0.0,0.0,8.0,,,Jessica,"['rshift', 'rshift', 'j', 'e', 's', 's', 'i', 'c', 'a']",1.0,"[4.1990708080120385, 7.6803661020239815, 7.753183292981703, 7.847089717979543, 8.047046373016201, 8.188206084014382, 8.270501460006926, 8.35294396802783, 8.446837880997919]",1.0,18,1,2019_Jul_26_1301,FaceNameControl_Picture&Audio,3.0.4,84.85635281
83,FacesBlock2.xlsx,Josh.mp4,Josh.JPG,Josh,23.0,videoFrameJosh.png,0.0,2.0,2.0,1.0,,,,,0.0,7.0,7.0,8.0,,,John,"['rshift', 'j', 'o', 'h', 'n']",0.0,"[1.3762094360427, 1.472529480990488, 1.6013679950265214, 2.518972569028847, 2.6483151070424356]",4.0,18,1,2019_Jul_26_1301,FaceNameControl_Picture&Audio,3.0.4,84.85635281
65,FacesBlock2.xlsx,Josh.mp4,Josh.JPG,Josh,23.0,videoFrameJosh.png,0.0,2.0,2.0,1.0,0.0,4.0,4.0,8.0,,,,,1.0,0.7919125509999999,,,,,,18,1,2019_Jul_26_1301,FaceNameControl_Picture&Audio,3.0.4,84.85635281
41,FacesBlock1.xlsx,Julia.mp4,Julia.JPG,Julia,9.0,videoFrameJulia.png,0.0,1.0,1.0,0.0,0.0,10.0,10.0,9.0,,,,,2.0,0.35539417799999995,,,,,,18,1,2019_Jul_26_1301,FaceNameControl_Picture&Audio,3.0.4,84.85635281
47,FacesBlock1.xlsx,Julia.mp4,Julia.JPG,Julia,9.0,videoFrameJulia.png,0.0,1.0,1.0,0.0,,,,,0.0,1.0,1.0,9.0,,,Julia,"['rshift', 'j', 'u', 'l', 'i', 'a']",1.0,"[1.211589186976198, 1.2954872149857692, 1.4836840850184672, 1.6484944240073673, 1.6840449779992923, 1.8603015189873986]",4.0,18,1,2019_Jul_26_1301,FaceNameControl_Picture&Audio,3.0.4,84.85635281
73,FacesBlock2.xlsx,Justin.mp4,Justin.JPG,Justin,24.0,videoFrameJustin.png,0.0,2.0,2.0,1.0,0.0,12.0,12.0,9.0,,,,,1.0,0.238695758,,,,,,18,1,2019_Jul_26_1301,FaceNameControl_Picture&Audio,3.0.4,84.85635281
90,FacesBlock2.xlsx,Justin.mp4,Justin.JPG,Justin,24.0,videoFrameJustin.png,0.0,2.0,2.0,1.0,,,,,0.0,14.0,14.0,9.0,,,,None,0.0,,1.0,18,1,2019_Jul_26_1301,FaceNameControl_Picture&Audio,3.0.4,84.85635281
9,FacesBlock4.xlsx,Katie.mp4,Katie.JPG,Katie,56.0,videoFrameKatie.png,0.0,0.0,0.0,3.0,0.0,8.0,8.0,11.0,,,,,2.0,3.3431390939999996,,,,,,18,1,2019_Jul_26_1301,FaceNameControl_Picture&Audio,3.0.4,84.85635281
17,FacesBlock4.xlsx,Katie.mp4,Katie.JPG,Katie,56.0,videoFrameKatie.png,0.0,0.0,0.0,3.0,,,,,0.0,1.0,1.0,11.0,,,Kayla,"['rshift', 'k', 'a', 'y', 'l', 'a', '1', 'backspace', 'return', 'space']",0.0,"[2.576257576001808, 2.69524996902328, 2.859783897001762, 3.0956104900105856, 3.2246897960430942, 3.7657732290099375, 4.553417404007632, 5.517523707007058, 6.011331273010001, 6.894088899018243]",2.0,18,1,2019_Jul_26_1301,FaceNameControl_Picture&Audio,3.0.4,84.85635281
97,FacesBlock3.xlsx,Kayla.mp4,Kayla.JPG,Kayla,33.0,videoFrameKayla.png,0.0,3.0,3.0,2.0,0.0,6.0,6.0,3.0,,,,,2.0,0.30875268899999997,,,,,,18,1,2019_Jul_26_1301,FaceNameControl_Picture&Audio,3.0.4,84.85635281
114,FacesBlock3.xlsx,Kayla.mp4,Kayla.JPG,Kayla,33.0,videoFrameKayla.png,0.0,3.0,3.0,2.0,,,,,0.0,8.0,8.0,3.0,,,Olivia,"['rshift', 'o', 'l', 'i', 'v', 'i', 'a']",0.0,"[4.422960449999664, 4.624794314033352, 4.847497255017515, 4.930110902991146, 5.141269635001663, 5.223732739978004, 5.4124233039910905]",2.0,18,1,2019_Jul_26_1301,FaceNameControl_Picture&Audio,3.0.4,84.85635281
36,FacesBlock1.xlsx,Kelsey.mp4,Kelsey.JPG,Kelsey,10.0,videoFrameKelsey.png,0.0,1.0,1.0,0.0,0.0,5.0,5.0,10.0,,,,,2.0,0.6234841179999999,,,,,,18,1,2019_Jul_26_1301,FaceNameControl_Picture&Audio,3.0.4,84.85635281
48,FacesBlock1.xlsx,Kelsey.mp4,Kelsey.JPG,Kelsey,10.0,videoFrameKelsey.png,0.0,1.0,1.0,0.0,,,,,0.0,2.0,2.0,10.0,,,Ashley,"['rshift', 'a', 's', 'h', 'l', 'e', 'y']",0.0,"[3.0589716289541684, 3.1309147879946977, 3.2486648119520396, 3.3071688360068947, 3.4110519509995356, 3.4816835509845987, 3.6482659470057115]",1.0,18,1,2019_Jul_26_1301,FaceNameControl_Picture&Audio,3.0.4,84.85635281
116,FacesBlock3.xlsx,Kevin.mp4,Kevin.JPG,Kevin,34.0,videoFrameKevin.png,0.0,3.0,3.0,2.0,,,,,0.0,10.0,10.0,4.0,,,Jacob,"['rshift', 'j', 'a', 'c', 'o', 'b']",0.0,"[2.8350839850027114, 2.9196389010176063, 3.0718724940088578, 3.1892842950182967, 3.3425057220156305, 3.4132608200307004]",2.0,18,1,2019_Jul_26_1301,FaceNameControl_Picture&Audio,3.0.4,84.85635281
105,FacesBlock3.xlsx,Kevin.mp4,Kevin.JPG,Kevin,34.0,videoFrameKevin.png,0.0,3.0,3.0,2.0,0.0,14.0,14.0,4.0,,,,,1.0,0.790467797,,,,,,18,1,2019_Jul_26_1301,FaceNameControl_Picture&Audio,3.0.4,84.85635281
53,FacesBlock1.xlsx,Kyle.mp4,Kyle.JPG,Kyle,11.0,videoFrameKyle.png,0.0,1.0,1.0,0.0,,,,,0.0,7.0,7.0,11.0,,,Cooper,"['rshift', 'c', 'o', 'o', 'p', 'e', 'r']",0.0,"[2.118432618037332, 2.272903897042852, 2.590520838042721, 2.754644383036066, 2.8954725569928996, 3.025683152023703, 3.131329066993203]",1.0,18,1,2019_Jul_26_1301,FaceNameControl_Picture&Audio,3.0.4,84.85635281
44,FacesBlock1.xlsx,Kyle.mp4,Kyle.JPG,Kyle,11.0,videoFrameKyle.png,0.0,1.0,1.0,0.0,0.0,13.0,13.0,11.0,,,,,1.0,0.204110233,,,,,,18,1,2019_Jul_26_1301,FaceNameControl_Picture&Audio,3.0.4,84.85635281
113,FacesBlock3.xlsx,Lauren.mp4,Lauren.JPG,Lauren,35.0,videoFrameLauren.png,0.0,3.0,3.0,2.0,,,,,0.0,7.0,7.0,5.0,,,Ashley,"['rshift', 'a', 's', 'h', 'l', 'e', 'y']",0.0,"[2.4116976340301335, 2.4936056259903125, 2.566049966029823, 2.636570525006391, 2.718800015980378, 2.812514014018234, 2.953615650010761]",2.0,18,1,2019_Jul_26_1301,FaceNameControl_Picture&Audio,3.0.4,84.85635281
94,FacesBlock3.xlsx,Lauren.mp4,Lauren.JPG,Lauren,35.0,videoFrameLauren.png,0.0,3.0,3.0,2.0,0.0,3.0,3.0,5.0,,,,,2.0,0.379169969,,,,,,18,1,2019_Jul_26_1301,FaceNameControl_Picture&Audio,3.0.4,84.85635281
111,FacesBlock3.xlsx,Mark.mp4,Mark.JPG,Mark,36.0,videoFrameMark.png,0.0,3.0,3.0,2.0,,,,,0.0,5.0,5.0,6.0,,,Mark,"['rshift', 'm', 'a', 'r', 'k']",1.0,"[1.1883378140046261, 1.2723091070074588, 1.3552044070092961, 1.496217756997794, 1.5786098550306633]",4.0,18,1,2019_Jul_26_1301,FaceNameControl_Picture&Audio,3.0.4,84.85635281
99,FacesBlock3.xlsx,Mark.mp4,Mark.JPG,Mark,36.0,videoFrameMark.png,0.0,3.0,3.0,2.0,0.0,8.0,8.0,6.0,,,,,1.0,0.261635048,,,,,,18,1,2019_Jul_26_1301,FaceNameControl_Picture&Audio,3.0.4,84.85635281
32,FacesBlock1.xlsx,Matthew.mp4,Matthew.JPG,Matthew,12.0,videoFrameMatthew.png,0.0,1.0,1.0,0.0,0.0,1.0,1.0,12.0,,,,,1.0,0.791195375,,,,,,18,1,2019_Jul_26_1301,FaceNameControl_Picture&Audio,3.0.4,84.85635281
54,FacesBlock1.xlsx,Matthew.mp4,Matthew.JPG,Matthew,12.0,videoFrameMatthew.png,0.0,1.0,1.0,0.0,,,,,0.0,8.0,8.0,12.0,,,Timothy,"['rshift', 't', 'i', 'm', 'o', 't', 'h', 'y']",0.0,"[1.3532855719677173, 1.554279260977637, 1.6488705769879743, 1.6836198509554379, 1.801633184950333, 1.987664963991847, 2.1891856329748407, 2.387323196977377]",2.0,18,1,2019_Jul_26_1301,FaceNameControl_Picture&Audio,3.0.4,84.85635281
74,FacesBlock2.xlsx,Megan.mp4,Megan.JPG,Megan,25.0,videoFrameMegan.png,0.0,2.0,2.0,1.0,0.0,13.0,13.0,10.0,,,,,2.0,0.214811015,,,,,,18,1,2019_Jul_26_1301,FaceNameControl_Picture&Audio,3.0.4,84.85635281
85,FacesBlock2.xlsx,Megan.mp4,Megan.JPG,Megan,25.0,videoFrameMegan.png,0.0,2.0,2.0,1.0,,,,,0.0,9.0,9.0,10.0,,,Ashley,"['rshift', 'a', 'h', 'backspace', 's', 'h', 'l', 'e', 'y']",0.0,"[3.7297790279844776, 3.9074336090125144, 4.060053087014239, 4.542084385990165, 4.64778950100299, 4.766172071977053, 4.83683733997168, 4.942072089994326, 5.095074753975496]",2.0,18,1,2019_Jul_26_1301,FaceNameControl_Picture&Audio,3.0.4,84.85635281
8,FacesBlock4.xlsx,Michael.mp4,Michael.JPG,Michael,57.0,videoFrameMichael.png,0.0,0.0,0.0,3.0,0.0,7.0,7.0,12.0,,,,,1.0,0.567305676,,,,,,18,1,2019_Jul_26_1301,FaceNameControl_Picture&Audio,3.0.4,84.85635281
26,FacesBlock4.xlsx,Michael.mp4,Michael.JPG,Michael,57.0,videoFrameMichael.png,0.0,0.0,0.0,3.0,,,,,0.0,10.0,10.0,12.0,,,Brian,"['rshift', 'rshift', 'b', 'r', 'i', 'a', 'n']",0.0,"[3.7990815700031817, 6.304174546035938, 6.435117802990135, 6.576256358006503, 6.656020049995277, 6.764270790037699, 6.858732154010795]",2.0,18,1,2019_Jul_26_1301,FaceNameControl_Picture&Audio,3.0.4,84.85635281
15,FacesBlock4.xlsx,Michelle.mp4,Michelle.JPG,Michelle,58.0,videoFrameMichelle.png,0.0,0.0,0.0,3.0,0.0,14.0,14.0,13.0,,,,,2.0,0.34414707899999997,,,,,,18,1,2019_Jul_26_1301,FaceNameControl_Picture&Audio,3.0.4,84.85635281
29,FacesBlock4.xlsx,Michelle.mp4,Michelle.JPG,Michelle,58.0,videoFrameMichelle.png,0.0,0.0,0.0,3.0,,,,,0.0,13.0,13.0,13.0,,,Ashley,"['rshift', 'a', 's', 'h', 'l', 'e', 't', 'y', 'backspace', 'backspace', 'y']",0.0,"[3.951398839999456, 4.022886867984198, 4.141387664014474, 4.2585543129825965, 4.316857599013019, 4.4348883900092915, 4.6350546419853345, 4.650963871972635, 5.187027155014221, 5.316585428023245, 5.422557867015712]",1.0,18,1,2019_Jul_26_1301,FaceNameControl_Picture&Audio,3.0.4,84.85635281
42,FacesBlock1.xlsx,Natalie.mp4,Natalie.JPG,Natalie,13.0,videoFrameNatalie.png,0.0,1.0,1.0,0.0,0.0,11.0,11.0,13.0,,,,,2.0,0.66155967,,,,,,18,1,2019_Jul_26_1301,FaceNameControl_Picture&Audio,3.0.4,84.85635281
55,FacesBlock1.xlsx,Natalie.mp4,Natalie.JPG,Natalie,13.0,videoFrameNatalie.png,0.0,1.0,1.0,0.0,,,,,0.0,9.0,9.0,13.0,,,,None,0.0,,1.0,18,1,2019_Jul_26_1301,FaceNameControl_Picture&Audio,3.0.4,84.85635281
96,FacesBlock3.xlsx,Nathan.mp4,Nathan.JPG,Nathan,37.0,videoFrameNathan.png,0.0,3.0,3.0,2.0,0.0,5.0,5.0,7.0,,,,,1.0,0.7245429040000001,,,,,,18,1,2019_Jul_26_1301,FaceNameControl_Picture&Audio,3.0.4,84.85635281
120,FacesBlock3.xlsx,Nathan.mp4,Nathan.JPG,Nathan,37.0,videoFrameNathan.png,0.0,3.0,3.0,2.0,,,,,0.0,14.0,14.0,7.0,,,,None,0.0,,1.0,18,1,2019_Jul_26_1301,FaceNameControl_Picture&Audio,3.0.4,84.85635281
115,FacesBlock3.xlsx,Nicole.mp4,Nicole.JPG,Nicole,38.0,videoFrameNicole.png,0.0,3.0,3.0,2.0,,,,,0.0,9.0,9.0,8.0,,,Olivia,"['rshift', 'o', 'l', 'i', 'v', 'i', 'a']",0.0,"[1.7763015420059673, 1.9661504160030745, 2.165676567994524, 2.2933213639771566, 2.435859104967676, 2.5193004079628736, 2.612276887986809]",2.0,18,1,2019_Jul_26_1301,FaceNameControl_Picture&Audio,3.0.4,84.85635281
102,FacesBlock3.xlsx,Nicole.mp4,Nicole.JPG,Nicole,38.0,videoFrameNicole.png,0.0,3.0,3.0,2.0,0.0,11.0,11.0,8.0,,,,,2.0,0.7080476520000001,,,,,,18,1,2019_Jul_26_1301,FaceNameControl_Picture&Audio,3.0.4,84.85635281
92,FacesBlock3.xlsx,Noah.mp4,Noah.JPG,Noah,39.0,videoFrameNoah.png,0.0,3.0,3.0,2.0,0.0,1.0,1.0,9.0,,,,,1.0,0.520573437,,,,,,18,1,2019_Jul_26_1301,FaceNameControl_Picture&Audio,3.0.4,84.85635281
118,FacesBlock3.xlsx,Noah.mp4,Noah.JPG,Noah,39.0,videoFrameNoah.png,0.0,3.0,3.0,2.0,,,,,0.0,12.0,12.0,9.0,,,Jacob,"['rshift', 'j', 'a', 'c', 'o', 'b']",0.0,"[2.5404657130129635, 2.6243046710151248, 2.7764059280161746, 2.8823088700301014, 3.1417751539847814, 3.1888044879888184]",2.0,18,1,2019_Jul_26_1301,FaceNameControl_Picture&Audio,3.0.4,84.85635281
108,FacesBlock3.xlsx,Olivia.mp4,Olivia.JPG,Olivia,40.0,videoFrameOlivia.png,0.0,3.0,3.0,2.0,,,,,0.0,2.0,2.0,10.0,,,Ashley,"['rshift', 'a', 's', 'h', 'l', 'e', 'y']",0.0,"[3.00073261896614, 3.084042808972299, 3.200024511956144, 3.2839422549586743, 3.3783880319679156, 3.472087536007166, 3.9781312759732828]",1.0,18,1,2019_Jul_26_1301,FaceNameControl_Picture&Audio,3.0.4,84.85635281
104,FacesBlock3.xlsx,Olivia.mp4,Olivia.JPG,Olivia,40.0,videoFrameOlivia.png,0.0,3.0,3.0,2.0,0.0,13.0,13.0,10.0,,,,,2.0,0.532592274,,,,,,18,1,2019_Jul_26_1301,FaceNameControl_Picture&Audio,3.0.4,84.85635281
71,FacesBlock2.xlsx,Rachel.mp4,Rachel.JPG,Rachel,26.0,videoFrameRachel.png,0.0,2.0,2.0,1.0,0.0,10.0,10.0,11.0,,,,,2.0,0.685004635,,,,,,18,1,2019_Jul_26_1301,FaceNameControl_Picture&Audio,3.0.4,84.85635281
84,FacesBlock2.xlsx,Rachel.mp4,Rachel.JPG,Rachel,26.0,videoFrameRachel.png,0.0,2.0,2.0,1.0,,,,,0.0,8.0,8.0,11.0,,,Megan,"['rshift', 'm', 'e', 'g', 'a', 'n']",0.0,"[1.7057772619882599, 1.7781678509782068, 1.9071412229677662, 2.049099702970125, 2.1658118249615654, 2.494939975964371]",3.0,18,1,2019_Jul_26_1301,FaceNameControl_Picture&Audio,3.0.4,84.85635281
101,FacesBlock3.xlsx,Rebecca.mp4,Rebecca.JPG,Rebecca,41.0,videoFrameRebecca.png,0.0,3.0,3.0,2.0,0.0,10.0,10.0,11.0,,,,,2.0,0.308632185,,,,,,18,1,2019_Jul_26_1301,FaceNameControl_Picture&Audio,3.0.4,84.85635281
107,FacesBlock3.xlsx,Rebecca.mp4,Rebecca.JPG,Rebecca,41.0,videoFrameRebecca.png,0.0,3.0,3.0,2.0,,,,,0.0,1.0,1.0,11.0,,,Olivia,"['rshift', 'o', 'l', 'i', 'v', 'i', 'a']",0.0,"[2.0827501000021584, 2.3897618419723585, 2.6719231010065414, 2.7076893009943888, 2.8604963119723834, 2.9640298419981264, 3.083980323979631]",1.0,18,1,2019_Jul_26_1301,FaceNameControl_Picture&Audio,3.0.4,84.85635281
119,FacesBlock3.xlsx,Sarah.mp4,Sarah.JPG,Sarah,42.0,videoFrameSarah.png,0.0,3.0,3.0,2.0,,,,,0.0,13.0,13.0,12.0,,,,None,0.0,,1.0,18,1,2019_Jul_26_1301,FaceNameControl_Picture&Audio,3.0.4,84.85635281
100,FacesBlock3.xlsx,Sarah.mp4,Sarah.JPG,Sarah,42.0,videoFrameSarah.png,0.0,3.0,3.0,2.0,0.0,9.0,9.0,12.0,,,,,2.0,0.332871772,,,,,,18,1,2019_Jul_26_1301,FaceNameControl_Picture&Audio,3.0.4,84.85635281
112,FacesBlock3.xlsx,Shelby.mp4,Shelby.JPG,Shelby,43.0,videoFrameShelby.png,0.0,3.0,3.0,2.0,,,,,0.0,6.0,6.0,13.0,,,Olivia,"['rshift', 'o', 'l', 'i', 'v', 'i', 'a']",0.0,"[3.4704437800101005, 3.671892308979295, 3.907710301980842, 3.966420240001753, 4.1429212799994275, 4.23763918702025, 4.3892310980008915]",3.0,18,1,2019_Jul_26_1301,FaceNameControl_Picture&Audio,3.0.4,84.85635281
98,FacesBlock3.xlsx,Shelby.mp4,Shelby.JPG,Shelby,43.0,videoFrameShelby.png,0.0,3.0,3.0,2.0,0.0,7.0,7.0,13.0,,,,,2.0,0.36693925200000005,,,,,,18,1,2019_Jul_26_1301,FaceNameControl_Picture&Audio,3.0.4,84.85635281
68,FacesBlock2.xlsx,Steven.mp4,Steven.JPG,Steven,27.0,videoFrameSteven.png,0.0,2.0,2.0,1.0,0.0,7.0,7.0,12.0,,,,,1.0,0.955478176,,,,,,18,1,2019_Jul_26_1301,FaceNameControl_Picture&Audio,3.0.4,84.85635281
86,FacesBlock2.xlsx,Steven.mp4,Steven.JPG,Steven,27.0,videoFrameSteven.png,0.0,2.0,2.0,1.0,,,,,0.0,10.0,10.0,12.0,,,,None,0.0,,1.0,18,1,2019_Jul_26_1301,FaceNameControl_Picture&Audio,3.0.4,84.85635281
14,FacesBlock4.xlsx,Taylor.mp4,Taylor.JPG,Taylor,59.0,videoFrameTaylor.png,0.0,0.0,0.0,3.0,0.0,13.0,13.0,14.0,,,,,2.0,0.42638295200000004,,,,,,18,1,2019_Jul_26_1301,FaceNameControl_Picture&Audio,3.0.4,84.85635281
16,FacesBlock4.xlsx,Taylor.mp4,Taylor.JPG,Taylor,59.0,videoFrameTaylor.png,0.0,0.0,0.0,3.0,,,,,0.0,0.0,0.0,14.0,,,kayla,"['k', 'a', 'y', 'l', 'a', 'return', 'space']",0.0,"[5.0256137900287285, 5.189581412996631, 6.095634306024294, 6.342288422980346, 6.518691262986977, 7.765028326015454, 9.693757581990212]",1.0,18,1,2019_Jul_26_1301,FaceNameControl_Picture&Audio,3.0.4,84.85635281
117,FacesBlock3.xlsx,Thomas.mp4,Thomas.JPG,Thomas,44.0,videoFrameThomas.png,0.0,3.0,3.0,2.0,,,,,0.0,11.0,11.0,14.0,,,,None,0.0,,1.0,18,1,2019_Jul_26_1301,FaceNameControl_Picture&Audio,3.0.4,84.85635281
95,FacesBlock3.xlsx,Thomas.mp4,Thomas.JPG,Thomas,44.0,videoFrameThomas.png,0.0,3.0,3.0,2.0,0.0,4.0,4.0,14.0,,,,,1.0,0.0032079989909999996,,,,,,18,1,2019_Jul_26_1301,FaceNameControl_Picture&Audio,3.0.4,84.85635281
50,FacesBlock1.xlsx,Timothy.mp4,Timothy.JPG,Timothy,14.0,videoFrameTimothy.png,0.0,1.0,1.0,0.0,,,,,0.0,4.0,4.0,14.0,,,Timothy,"['rshift', 't', 'i', 'm', 'o', 't', 'h', 'y']",1.0,"[1.800541667966172, 1.954809786984697, 2.049542577995453, 2.1289446990122087, 2.2139112050062977, 2.354783704970032, 2.472212717984803, 2.613644197001122]",2.0,18,1,2019_Jul_26_1301,FaceNameControl_Picture&Audio,3.0.4,84.85635281
45,FacesBlock1.xlsx,Timothy.mp4,Timothy.JPG,Timothy,14.0,videoFrameTimothy.png,0.0,1.0,1.0,0.0,0.0,14.0,14.0,14.0,,,,,1.0,0.344574249,,,,,,18,1,2019_Jul_26_1301,FaceNameControl_Picture&Audio,3.0.4,84.85635281
62,FacesBlock2.xlsx,Trevor.mp4,Trevor.JPG,Trevor,28.0,videoFrameTrevor.png,0.0,2.0,2.0,1.0,0.0,1.0,1.0,13.0,,,,,1.0,0.42572338600000004,,,,,,18,1,2019_Jul_26_1301,FaceNameControl_Picture&Audio,3.0.4,84.85635281
89,FacesBlock2.xlsx,Trevor.mp4,Trevor.JPG,Trevor,28.0,videoFrameTrevor.png,0.0,2.0,2.0,1.0,,,,,0.0,13.0,13.0,13.0,,,,"['rshift', 'j', 'backspace']",0.0,"[5.645107219985221, 5.811285245988984, 6.751878360984847]",1.0,18,1,2019_Jul_26_1301,FaceNameControl_Picture&Audio,3.0.4,84.85635281
61,FacesBlock2.xlsx,Tyler.mp4,Tyler.JPG,Tyler,29.0,videoFrameTyler.png,0.0,2.0,2.0,1.0,0.0,0.0,0.0,14.0,,,,,1.0,1.296910316,,,,,,18,1,2019_Jul_26_1301,FaceNameControl_Picture&Audio,3.0.4,84.85635281
88,FacesBlock2.xlsx,Tyler.mp4,Tyler.JPG,Tyler,29.0,videoFrameTyler.png,0.0,2.0,2.0,1.0,,,,,0.0,12.0,12.0,14.0,,,Eric,"['rshift', 'e', 'r', 'i', 'c']",0.0,"[3.11819224600913, 3.2377295659971423, 3.308196223981213, 3.449195017979946, 3.623804611968808]",1.0,18,1,2019_Jul_26_1301,FaceNameControl_Picture&Audio,3.0.4,84.85635281
0,,,,,,,,,,,,,,,,,,,,,,,,,,18,1,2019_Jul_26_1301,FaceNameControl_Picture&Audio,3.0.4,84.85635281
