,condsFile,Video,Photo,Name,Row,videoFrame,blocks.thisRepN,blocks.thisTrialN,blocks.thisN,blocks.thisIndex,presentations.thisRepN,presentations.thisTrialN,presentations.thisN,presentations.thisIndex,testing.thisRepN,testing.thisTrialN,testing.thisN,testing.thisIndex,judgementResp.keys,judgementResp.rt,inputText,key_resp_3.keys,recallRating_s,key_resp_3.rt,rating_resp.keys,participant,session,date,expName,psychopyVersion,frameRate
99,FacesBlock2.xlsx,Aaron.mp4,Aaron.JPG,Aaron,15.0,videoFrameAaron.png,0.0,3.0,3.0,1.0,0.0,8.0,8.0,0.0,,,,,1.0,1.061921209,,,,,,19,1,2019_Jul_26_1334,FaceNameControl_Picture&Audio,3.0.4,85.15387564
110,FacesBlock2.xlsx,Aaron.mp4,Aaron.JPG,Aaron,15.0,videoFrameAaron.png,0.0,3.0,3.0,1.0,,,,,0.0,4.0,4.0,0.0,,,,None,0.0,,1.0,19,1,2019_Jul_26_1334,FaceNameControl_Picture&Audio,3.0.4,85.15387564
43,FacesBlock1.xlsx,Adam.mp4,Adam.JPG,Adam,0.0,videoFrameAdam.png,0.0,1.0,1.0,0.0,0.0,12.0,12.0,0.0,,,,,1.0,0.4502656061,,,,,,19,1,2019_Jul_26_1334,FaceNameControl_Picture&Audio,3.0.4,85.15387564
52,FacesBlock1.xlsx,Adam.mp4,Adam.JPG,Adam,0.0,videoFrameAdam.png,0.0,1.0,1.0,0.0,,,,,0.0,6.0,6.0,0.0,,,,None,0.0,,1.0,19,1,2019_Jul_26_1334,FaceNameControl_Picture&Audio,3.0.4,85.15387564
69,FacesBlock4.xlsx,Alyssa.mp4,Alyssa.JPG,Alyssa,45.0,videoFrameAlyssa.png,0.0,2.0,2.0,3.0,0.0,8.0,8.0,0.0,,,,,2.0,0.5562511170000001,,,,,,19,1,2019_Jul_26_1334,FaceNameControl_Picture&Audio,3.0.4,85.15387564
88,FacesBlock4.xlsx,Alyssa.mp4,Alyssa.JPG,Alyssa,45.0,videoFrameAlyssa.png,0.0,2.0,2.0,3.0,,,,,0.0,12.0,12.0,0.0,,,lisa,"['l', 'i', 's', 'a']",0.0,"[4.789575221017003, 4.942659454012755, 5.024789128045086, 5.1769445720128715]",1.0,19,1,2019_Jul_26_1334,FaceNameControl_Picture&Audio,3.0.4,85.15387564
33,FacesBlock1.xlsx,Amanda.mp4,Amanda.JPG,Amanda,1.0,videoFrameAmanda.png,0.0,1.0,1.0,0.0,0.0,2.0,2.0,1.0,,,,,2.0,0.6503803020000001,,,,,,19,1,2019_Jul_26_1334,FaceNameControl_Picture&Audio,3.0.4,85.15387564
53,FacesBlock1.xlsx,Amanda.mp4,Amanda.JPG,Amanda,1.0,videoFrameAmanda.png,0.0,1.0,1.0,0.0,,,,,0.0,7.0,7.0,1.0,,,,None,0.0,,1.0,19,1,2019_Jul_26_1334,FaceNameControl_Picture&Audio,3.0.4,85.15387564
62,FacesBlock4.xlsx,Andrew.mp4,Andrew.JPG,Andrew,46.0,videoFrameAndrew.png,0.0,2.0,2.0,3.0,0.0,1.0,1.0,1.0,,,,,1.0,0.49724519310000004,,,,,,19,1,2019_Jul_26_1334,FaceNameControl_Picture&Audio,3.0.4,85.15387564
87,FacesBlock4.xlsx,Andrew.mp4,Andrew.JPG,Andrew,46.0,videoFrameAndrew.png,0.0,2.0,2.0,3.0,,,,,0.0,11.0,11.0,1.0,,,,None,0.0,,1.0,19,1,2019_Jul_26_1334,FaceNameControl_Picture&Audio,3.0.4,85.15387564
78,FacesBlock4.xlsx,Anna.mp4,Anna.JPG,Anna,47.0,videoFrameAnna.png,0.0,2.0,2.0,3.0,,,,,0.0,2.0,2.0,2.0,,,brianna,"['b', 'r', 'i', 'a', 'backspace', 'a', 'n', 'n', 'a']",0.0,"[3.824904704990331, 4.072334980999585, 4.236301772994921, 4.5657777059823275, 5.01262474397663, 5.448083643976133, 5.659202191978693, 5.789263758982997, 5.9538153350003995]",1.0,19,1,2019_Jul_26_1334,FaceNameControl_Picture&Audio,3.0.4,85.15387564
64,FacesBlock4.xlsx,Anna.mp4,Anna.JPG,Anna,47.0,videoFrameAnna.png,0.0,2.0,2.0,3.0,0.0,3.0,3.0,2.0,,,,,2.0,0.403455435,,,,,,19,1,2019_Jul_26_1334,FaceNameControl_Picture&Audio,3.0.4,85.15387564
102,FacesBlock2.xlsx,Ashley.mp4,Ashley.JPG,Ashley,16.0,videoFrameAshley.png,0.0,3.0,3.0,1.0,0.0,11.0,11.0,1.0,,,,,2.0,0.5997576579999999,,,,,,19,1,2019_Jul_26_1334,FaceNameControl_Picture&Audio,3.0.4,85.15387564
114,FacesBlock2.xlsx,Ashley.mp4,Ashley.JPG,Ashley,16.0,videoFrameAshley.png,0.0,3.0,3.0,1.0,,,,,0.0,8.0,8.0,1.0,,,,None,0.0,,1.0,19,1,2019_Jul_26_1334,FaceNameControl_Picture&Audio,3.0.4,85.15387564
59,FacesBlock1.xlsx,Bradley.mp4,Bradley.JPG,Bradley,2.0,videoFrameBradley.png,0.0,1.0,1.0,0.0,,,,,0.0,13.0,13.0,2.0,,,bradley,"['b', 'r', 'a', 'd', 'l', 'e', 'y']",1.0,"[2.1194721850333735, 2.3171787440078333, 2.5067548420047387, 2.7190233250148594, 2.848659902054351, 3.013106309052091, 3.1191633460111916]",3.0,19,1,2019_Jul_26_1334,FaceNameControl_Picture&Audio,3.0.4,85.15387564
45,FacesBlock1.xlsx,Bradley.mp4,Bradley.JPG,Bradley,2.0,videoFrameBradley.png,0.0,1.0,1.0,0.0,0.0,14.0,14.0,2.0,,,,,1.0,0.603238567,,,,,,19,1,2019_Jul_26_1334,FaceNameControl_Picture&Audio,3.0.4,85.15387564
86,FacesBlock4.xlsx,Brandon.mp4,Brandon.JPG,Brandon,48.0,videoFrameBrandon.png,0.0,2.0,2.0,3.0,,,,,0.0,10.0,10.0,3.0,,,brian,"['b', 'r', 'i', 'a', 'n']",0.0,"[3.107650965976063, 3.3313089269795455, 3.496230533986818, 3.6256364819710143, 3.7074018429848365]",1.0,19,1,2019_Jul_26_1334,FaceNameControl_Picture&Audio,3.0.4,85.15387564
73,FacesBlock4.xlsx,Brandon.mp4,Brandon.JPG,Brandon,48.0,videoFrameBrandon.png,0.0,2.0,2.0,3.0,0.0,12.0,12.0,3.0,,,,,1.0,0.403546347,,,,,,19,1,2019_Jul_26_1334,FaceNameControl_Picture&Audio,3.0.4,85.15387564
77,FacesBlock4.xlsx,Brian.mp4,Brian.JPG,Brian,49.0,videoFrameBrian.png,0.0,2.0,2.0,3.0,,,,,0.0,1.0,1.0,4.0,,,,None,0.0,,1.0,19,1,2019_Jul_26_1334,FaceNameControl_Picture&Audio,3.0.4,85.15387564
68,FacesBlock4.xlsx,Brian.mp4,Brian.JPG,Brian,49.0,videoFrameBrian.png,0.0,2.0,2.0,3.0,0.0,7.0,7.0,4.0,,,,,1.0,0.6270190720000001,,,,,,19,1,2019_Jul_26_1334,FaceNameControl_Picture&Audio,3.0.4,85.15387564
82,FacesBlock4.xlsx,Brianna.mp4,Brianna.JPG,Brianna,50.0,videoFrameBrianna.png,0.0,2.0,2.0,3.0,,,,,0.0,6.0,6.0,5.0,,,,None,0.0,,1.0,19,1,2019_Jul_26_1334,FaceNameControl_Picture&Audio,3.0.4,85.15387564
70,FacesBlock4.xlsx,Brianna.mp4,Brianna.JPG,Brianna,50.0,videoFrameBrianna.png,0.0,2.0,2.0,3.0,0.0,9.0,9.0,5.0,,,,,2.0,0.23831967899999998,,,,,,19,1,2019_Jul_26_1334,FaceNameControl_Picture&Audio,3.0.4,85.15387564
92,FacesBlock2.xlsx,Brittany.mp4,Brittany.JPG,Brittany,17.0,videoFrameBrittany.png,0.0,3.0,3.0,1.0,0.0,1.0,1.0,2.0,,,,,2.0,0.7088126459999999,,,,,,19,1,2019_Jul_26_1334,FaceNameControl_Picture&Audio,3.0.4,85.15387564
112,FacesBlock2.xlsx,Brittany.mp4,Brittany.JPG,Brittany,17.0,videoFrameBrittany.png,0.0,3.0,3.0,1.0,,,,,0.0,6.0,6.0,2.0,,,megan,"['m', 'e', 'g', 'a', 'n']",0.0,"[7.824058594997041, 7.918215496989433, 8.106585449015256, 8.247592736966908, 8.365054850990418]",2.0,19,1,2019_Jul_26_1334,FaceNameControl_Picture&Audio,3.0.4,85.15387564
71,FacesBlock4.xlsx,Caleb.mp4,Caleb.JPG,Caleb,51.0,videoFrameCaleb.png,0.0,2.0,2.0,3.0,0.0,10.0,10.0,6.0,,,,,1.0,0.320664807,,,,,,19,1,2019_Jul_26_1334,FaceNameControl_Picture&Audio,3.0.4,85.15387564
81,FacesBlock4.xlsx,Caleb.mp4,Caleb.JPG,Caleb,51.0,videoFrameCaleb.png,0.0,2.0,2.0,3.0,,,,,0.0,5.0,5.0,6.0,,,ce,"['c', 'e', 'l', 'e', 'b', 'backspace', 'backspace', 'backspace']",0.0,"[2.059880218002945, 2.2722969979513437, 2.5189388069557026, 2.6364971899893135, 2.7889079199521802, 9.645380239002407, 9.81021896697348, 9.962906228960492]",1.0,19,1,2019_Jul_26_1334,FaceNameControl_Picture&Audio,3.0.4,85.15387564
113,FacesBlock2.xlsx,Cody.mp4,Cody.JPG,Cody,18.0,videoFrameCody.png,0.0,3.0,3.0,1.0,,,,,0.0,7.0,7.0,3.0,,,,None,0.0,,1.0,19,1,2019_Jul_26_1334,FaceNameControl_Picture&Audio,3.0.4,85.15387564
105,FacesBlock2.xlsx,Cody.mp4,Cody.JPG,Cody,18.0,videoFrameCody.png,0.0,3.0,3.0,1.0,0.0,14.0,14.0,3.0,,,,,1.0,0.707557788,,,,,,19,1,2019_Jul_26_1334,FaceNameControl_Picture&Audio,3.0.4,85.15387564
6,FacesBlock3.xlsx,Courtney.mp4,Courtney.JPG,Courtney,30.0,videoFrameCourtney.png,0.0,0.0,0.0,2.0,0.0,5.0,5.0,0.0,,,,,2.0,0.16786167300000002,,,,,,19,1,2019_Jul_26_1334,FaceNameControl_Picture&Audio,3.0.4,85.15387564
22,FacesBlock3.xlsx,Courtney.mp4,Courtney.JPG,Courtney,30.0,videoFrameCourtney.png,0.0,0.0,0.0,2.0,,,,,0.0,6.0,6.0,0.0,,,olivi,"['o', 'l', 'i', 'v', 'i']",0.0,"[9.046738484001253, 9.246295091987122, 9.44651146401884, 9.77627097198274, 9.940603881026618]",1.0,19,1,2019_Jul_26_1334,FaceNameControl_Picture&Audio,3.0.4,85.15387564
27,FacesBlock3.xlsx,Daniel.mp4,Daniel.JPG,Daniel,31.0,videoFrameDaniel.png,0.0,0.0,0.0,2.0,,,,,0.0,11.0,11.0,1.0,,,,"['1', 'backspace']",0.0,"[1.9557029939605854, 3.401177779014688]",1.0,19,1,2019_Jul_26_1334,FaceNameControl_Picture&Audio,3.0.4,85.15387564
9,FacesBlock3.xlsx,Daniel.mp4,Daniel.JPG,Daniel,31.0,videoFrameDaniel.png,0.0,0.0,0.0,2.0,0.0,8.0,8.0,1.0,,,,,1.0,0.026606478959999996,,,,,,19,1,2019_Jul_26_1334,FaceNameControl_Picture&Audio,3.0.4,85.15387564
56,FacesBlock1.xlsx,Danielle.mp4,Danielle.JPG,Danielle,3.0,videoFrameDanielle.png,0.0,1.0,1.0,0.0,,,,,0.0,10.0,10.0,3.0,,,,None,0.0,,1.0,19,1,2019_Jul_26_1334,FaceNameControl_Picture&Audio,3.0.4,85.15387564
40,FacesBlock1.xlsx,Danielle.mp4,Danielle.JPG,Danielle,3.0,videoFrameDanielle.png,0.0,1.0,1.0,0.0,0.0,9.0,9.0,3.0,,,,,2.0,0.792110313,,,,,,19,1,2019_Jul_26_1334,FaceNameControl_Picture&Audio,3.0.4,85.15387564
109,FacesBlock2.xlsx,David.mp4,David.JPG,David,19.0,videoFrameDavid.png,0.0,3.0,3.0,1.0,,,,,0.0,3.0,3.0,4.0,,,arron,"['a', 'r', 'r', 'o', 'n']",0.0,"[5.2587907609995455, 5.658742852974683, 5.822833128971979, 5.987938747974113, 6.035085828974843]",1.0,19,1,2019_Jul_26_1334,FaceNameControl_Picture&Audio,3.0.4,85.15387564
91,FacesBlock2.xlsx,David.mp4,David.JPG,David,19.0,videoFrameDavid.png,0.0,3.0,3.0,1.0,0.0,0.0,0.0,4.0,,,,,1.0,1.5560373490000001,,,,,,19,1,2019_Jul_26_1334,FaceNameControl_Picture&Audio,3.0.4,85.15387564
80,FacesBlock4.xlsx,Dylan.mp4,Dylan.JPG,Dylan,52.0,videoFrameDylan.png,0.0,2.0,2.0,3.0,,,,,0.0,4.0,4.0,7.0,,,dylan,"['d', 'y', 'l', 'a', 'n']",1.0,"[2.143280409043655, 2.2491229220177047, 2.719744239002466, 2.8726250340114348, 3.0020207760389894]",3.0,19,1,2019_Jul_26_1334,FaceNameControl_Picture&Audio,3.0.4,85.15387564
72,FacesBlock4.xlsx,Dylan.mp4,Dylan.JPG,Dylan,52.0,videoFrameDylan.png,0.0,2.0,2.0,3.0,0.0,11.0,11.0,7.0,,,,,1.0,0.720910704,,,,,,19,1,2019_Jul_26_1334,FaceNameControl_Picture&Audio,3.0.4,85.15387564
84,FacesBlock4.xlsx,Emily.mp4,Emily.JPG,Emily,53.0,videoFrameEmily.png,0.0,2.0,2.0,3.0,,,,,0.0,8.0,8.0,8.0,,,emily,"['e', 'm', 'i', 'l', 'y']",1.0,"[4.848056661023293, 5.211626104020979, 5.3536129260319285, 5.540998533018865, 5.7294437430100515]",2.0,19,1,2019_Jul_26_1334,FaceNameControl_Picture&Audio,3.0.4,85.15387564
74,FacesBlock4.xlsx,Emily.mp4,Emily.JPG,Emily,53.0,videoFrameEmily.png,0.0,2.0,2.0,3.0,0.0,13.0,13.0,8.0,,,,,2.0,0.438092376,,,,,,19,1,2019_Jul_26_1334,FaceNameControl_Picture&Audio,3.0.4,85.15387564
31,FacesBlock1.xlsx,Eric.mp4,Eric.JPG,Eric,4.0,videoFrameEric.png,0.0,1.0,1.0,0.0,0.0,0.0,0.0,4.0,,,,,1.0,1.908501964,,,,,,19,1,2019_Jul_26_1334,FaceNameControl_Picture&Audio,3.0.4,85.15387564
48,FacesBlock1.xlsx,Eric.mp4,Eric.JPG,Eric,4.0,videoFrameEric.png,0.0,1.0,1.0,0.0,,,,,0.0,2.0,2.0,4.0,,,,None,0.0,,1.0,19,1,2019_Jul_26_1334,FaceNameControl_Picture&Audio,3.0.4,85.15387564
39,FacesBlock1.xlsx,Ethan.mp4,Ethan.JPG,Ethan,5.0,videoFrameEthan.png,0.0,1.0,1.0,0.0,0.0,8.0,8.0,5.0,,,,,1.0,0.473693109,,,,,,19,1,2019_Jul_26_1334,FaceNameControl_Picture&Audio,3.0.4,85.15387564
47,FacesBlock1.xlsx,Ethan.mp4,Ethan.JPG,Ethan,5.0,videoFrameEthan.png,0.0,1.0,1.0,0.0,,,,,0.0,1.0,1.0,5.0,,,er,"['w', 'backspace', 'e', 'r']",0.0,"[8.976814543013461, 9.411494428990409, 9.633206722966861, 9.846274712996092]",1.0,19,1,2019_Jul_26_1334,FaceNameControl_Picture&Audio,3.0.4,85.15387564
76,FacesBlock4.xlsx,Grace.mp4,Grace.JPG,Grace,54.0,videoFrameGrace.png,0.0,2.0,2.0,3.0,,,,,0.0,0.0,0.0,9.0,,,grace,"['g', 'r', 'a', 'c', 'e', 'return']",1.0,"[2.5898817729903385, 2.872783773986157, 3.790557919011917, 4.190207434992772, 4.448590094980318, 4.965648926969152]",3.0,19,1,2019_Jul_26_1334,FaceNameControl_Picture&Audio,3.0.4,85.15387564
65,FacesBlock4.xlsx,Grace.mp4,Grace.JPG,Grace,54.0,videoFrameGrace.png,0.0,2.0,2.0,3.0,0.0,4.0,4.0,9.0,,,,,2.0,1.00283092,,,,,,19,1,2019_Jul_26_1334,FaceNameControl_Picture&Audio,3.0.4,85.15387564
111,FacesBlock2.xlsx,Haley.mp4,Haley.JPG,Haley,20.0,videoFrameHaley.png,0.0,3.0,3.0,1.0,,,,,0.0,5.0,5.0,5.0,,,,None,0.0,,1.0,19,1,2019_Jul_26_1334,FaceNameControl_Picture&Audio,3.0.4,85.15387564
101,FacesBlock2.xlsx,Haley.mp4,Haley.JPG,Haley,20.0,videoFrameHaley.png,0.0,3.0,3.0,1.0,0.0,10.0,10.0,5.0,,,,,2.0,0.9909432220000001,,,,,,19,1,2019_Jul_26_1334,FaceNameControl_Picture&Audio,3.0.4,85.15387564
51,FacesBlock1.xlsx,Hannah.mp4,Hannah.JPG,Hannah,6.0,videoFrameHannah.png,0.0,1.0,1.0,0.0,,,,,0.0,5.0,5.0,6.0,,,,None,0.0,,1.0,19,1,2019_Jul_26_1334,FaceNameControl_Picture&Audio,3.0.4,85.15387564
32,FacesBlock1.xlsx,Hannah.mp4,Hannah.JPG,Hannah,6.0,videoFrameHannah.png,0.0,1.0,1.0,0.0,0.0,1.0,1.0,6.0,,,,,2.0,0.790697923,,,,,,19,1,2019_Jul_26_1334,FaceNameControl_Picture&Audio,3.0.4,85.15387564
97,FacesBlock2.xlsx,Heather.mp4,Heather.JPG,Heather,21.0,videoFrameHeather.png,0.0,3.0,3.0,1.0,0.0,6.0,6.0,6.0,,,,,2.0,0.425797525,,,,,,19,1,2019_Jul_26_1334,FaceNameControl_Picture&Audio,3.0.4,85.15387564
116,FacesBlock2.xlsx,Heather.mp4,Heather.JPG,Heather,21.0,videoFrameHeather.png,0.0,3.0,3.0,1.0,,,,,0.0,10.0,10.0,6.0,,,heather,"['h', 'e', 'a', 't', 'h', 'e', 'r']",1.0,"[2.2023567170253955, 2.3317334780003875, 2.5075997179956175, 2.707549927989021, 2.8610231499769725, 2.966947912995238, 3.0000984229845926]",3.0,19,1,2019_Jul_26_1334,FaceNameControl_Picture&Audio,3.0.4,85.15387564
2,FacesBlock3.xlsx,Jacob.mp4,Jacob.JPG,Jacob,32.0,videoFrameJacob.png,0.0,0.0,0.0,2.0,0.0,1.0,1.0,2.0,,,,,1.0,0.28511905,,,,,,19,1,2019_Jul_26_1334,FaceNameControl_Picture&Audio,3.0.4,85.15387564
21,FacesBlock3.xlsx,Jacob.mp4,Jacob.JPG,Jacob,32.0,videoFrameJacob.png,0.0,0.0,0.0,2.0,,,,,0.0,5.0,5.0,2.0,,,,None,0.0,,1.0,19,1,2019_Jul_26_1334,FaceNameControl_Picture&Audio,3.0.4,85.15387564
83,FacesBlock4.xlsx,Jason.mp4,Jason.JPG,Jason,55.0,videoFrameJason.png,0.0,2.0,2.0,3.0,,,,,0.0,7.0,7.0,10.0,,,brian,"['b', 'r', 'i', 'a', 'n']",0.0,"[5.0596509170136414, 5.294618926011026, 5.4457148389774375, 5.553476906963624, 5.645741152984556]",1.0,19,1,2019_Jul_26_1334,FaceNameControl_Picture&Audio,3.0.4,85.15387564
61,FacesBlock4.xlsx,Jason.mp4,Jason.JPG,Jason,55.0,videoFrameJason.png,0.0,2.0,2.0,3.0,0.0,0.0,0.0,10.0,,,,,1.0,1.838144229,,,,,,19,1,2019_Jul_26_1334,FaceNameControl_Picture&Audio,3.0.4,85.15387564
55,FacesBlock1.xlsx,Jenna.mp4,Jenna.JPG,Jenna,7.0,videoFrameJenna.png,0.0,1.0,1.0,0.0,,,,,0.0,9.0,9.0,7.0,,,,None,0.0,,1.0,19,1,2019_Jul_26_1334,FaceNameControl_Picture&Audio,3.0.4,85.15387564
34,FacesBlock1.xlsx,Jenna.mp4,Jenna.JPG,Jenna,7.0,videoFrameJenna.png,0.0,1.0,1.0,0.0,0.0,3.0,3.0,7.0,,,,,2.0,0.62631099,,,,,,19,1,2019_Jul_26_1334,FaceNameControl_Picture&Audio,3.0.4,85.15387564
95,FacesBlock2.xlsx,Jeremy.mp4,Jeremy.JPG,Jeremy,22.0,videoFrameJeremy.png,0.0,3.0,3.0,1.0,0.0,4.0,4.0,7.0,,,,,1.0,0.473304554,,,,,,19,1,2019_Jul_26_1334,FaceNameControl_Picture&Audio,3.0.4,85.15387564
119,FacesBlock2.xlsx,Jeremy.mp4,Jeremy.JPG,Jeremy,22.0,videoFrameJeremy.png,0.0,3.0,3.0,1.0,,,,,0.0,13.0,13.0,7.0,,,justin,"['j', 'u', 's', 't', 'i', 'n']",0.0,"[3.3902592139784247, 3.5552749700145796, 3.6724070790223777, 3.9058630309882574, 4.048399246996269, 4.1058281940058805]",3.0,19,1,2019_Jul_26_1334,FaceNameControl_Picture&Audio,3.0.4,85.15387564
35,FacesBlock1.xlsx,Jessica.mp4,Jessica.JPG,Jessica,8.0,videoFrameJessica.png,0.0,1.0,1.0,0.0,0.0,4.0,4.0,8.0,,,,,2.0,0.685716385,,,,,,19,1,2019_Jul_26_1334,FaceNameControl_Picture&Audio,3.0.4,85.15387564
58,FacesBlock1.xlsx,Jessica.mp4,Jessica.JPG,Jessica,8.0,videoFrameJessica.png,0.0,1.0,1.0,0.0,,,,,0.0,12.0,12.0,8.0,,,julia,"['j', 'u', 'l', 'i', 'a', '1', 'backspace']",0.0,"[6.152877421001904, 6.329166725976393, 6.776990654994734, 6.951207425969187, 7.023434292990714, 7.776435115956701, 9.151734981976915]",1.0,19,1,2019_Jul_26_1334,FaceNameControl_Picture&Audio,3.0.4,85.15387564
100,FacesBlock2.xlsx,Josh.mp4,Josh.JPG,Josh,23.0,videoFrameJosh.png,0.0,3.0,3.0,1.0,0.0,9.0,9.0,8.0,,,,,1.0,0.662035685,,,,,,19,1,2019_Jul_26_1334,FaceNameControl_Picture&Audio,3.0.4,85.15387564
106,FacesBlock2.xlsx,Josh.mp4,Josh.JPG,Josh,23.0,videoFrameJosh.png,0.0,3.0,3.0,1.0,,,,,0.0,0.0,0.0,8.0,,,josh,"['j', 'o', 's', 'h']",1.0,"[1.8604989570449106, 2.436454937036615, 2.954405130003579, 3.095058995997533]",4.0,19,1,2019_Jul_26_1334,FaceNameControl_Picture&Audio,3.0.4,85.15387564
36,FacesBlock1.xlsx,Julia.mp4,Julia.JPG,Julia,9.0,videoFrameJulia.png,0.0,1.0,1.0,0.0,0.0,5.0,5.0,9.0,,,,,2.0,0.579158627,,,,,,19,1,2019_Jul_26_1334,FaceNameControl_Picture&Audio,3.0.4,85.15387564
50,FacesBlock1.xlsx,Julia.mp4,Julia.JPG,Julia,9.0,videoFrameJulia.png,0.0,1.0,1.0,0.0,,,,,0.0,4.0,4.0,9.0,,,danielle,"['d', 'a', 'n', 'i', 'e', 'l', 'l', 'e']",0.0,"[5.282676560047548, 5.446573872002773, 5.576604114030488, 5.776459656015504, 6.1291491209995, 6.576445014041383, 6.740153348015156, 6.881542873044964]",1.0,19,1,2019_Jul_26_1334,FaceNameControl_Picture&Audio,3.0.4,85.15387564
98,FacesBlock2.xlsx,Justin.mp4,Justin.JPG,Justin,24.0,videoFrameJustin.png,0.0,3.0,3.0,1.0,0.0,7.0,7.0,9.0,,,,,1.0,0.226057292,,,,,,19,1,2019_Jul_26_1334,FaceNameControl_Picture&Audio,3.0.4,85.15387564
120,FacesBlock2.xlsx,Justin.mp4,Justin.JPG,Justin,24.0,videoFrameJustin.png,0.0,3.0,3.0,1.0,,,,,0.0,14.0,14.0,9.0,,,trevor,"['t', 'r', 'e', 'v', 'o', 'r']",0.0,"[4.647598445997573, 4.835782500973437, 5.071305612975266, 5.776980412949342, 6.011799045954831, 6.118206693965476]",1.0,19,1,2019_Jul_26_1334,FaceNameControl_Picture&Audio,3.0.4,85.15387564
66,FacesBlock4.xlsx,Katie.mp4,Katie.JPG,Katie,56.0,videoFrameKatie.png,0.0,2.0,2.0,3.0,0.0,5.0,5.0,11.0,,,,,2.0,0.744682183,,,,,,19,1,2019_Jul_26_1334,FaceNameControl_Picture&Audio,3.0.4,85.15387564
79,FacesBlock4.xlsx,Katie.mp4,Katie.JPG,Katie,56.0,videoFrameKatie.png,0.0,2.0,2.0,3.0,,,,,0.0,3.0,3.0,11.0,,,emily,"['e', 'i', 'backspace', 'm', 'i', 'l', 'y']",0.0,"[6.505975118954666, 6.788240860973019, 7.482462089974433, 7.752728664956521, 7.917810404964257, 8.070301090949215, 8.294246353965718]",1.0,19,1,2019_Jul_26_1334,FaceNameControl_Picture&Audio,3.0.4,85.15387564
20,FacesBlock3.xlsx,Kayla.mp4,Kayla.JPG,Kayla,33.0,videoFrameKayla.png,0.0,0.0,0.0,2.0,,,,,0.0,4.0,4.0,3.0,,,nicole,"['n', 'i', 'c', 'o', 'l', 'e']",0.0,"[5.069914411986247, 5.20927828195272, 5.446559487958439, 5.575602094992064, 5.740425331983715, 5.787328184989747]",1.0,19,1,2019_Jul_26_1334,FaceNameControl_Picture&Audio,3.0.4,85.15387564
8,FacesBlock3.xlsx,Kayla.mp4,Kayla.JPG,Kayla,33.0,videoFrameKayla.png,0.0,0.0,0.0,2.0,0.0,7.0,7.0,3.0,,,,,2.0,0.155722114,,,,,,19,1,2019_Jul_26_1334,FaceNameControl_Picture&Audio,3.0.4,85.15387564
60,FacesBlock1.xlsx,Kelsey.mp4,Kelsey.JPG,Kelsey,10.0,videoFrameKelsey.png,0.0,1.0,1.0,0.0,,,,,0.0,14.0,14.0,10.0,,,,None,0.0,,1.0,19,1,2019_Jul_26_1334,FaceNameControl_Picture&Audio,3.0.4,85.15387564
41,FacesBlock1.xlsx,Kelsey.mp4,Kelsey.JPG,Kelsey,10.0,videoFrameKelsey.png,0.0,1.0,1.0,0.0,0.0,10.0,10.0,10.0,,,,,2.0,0.743878037,,,,,,19,1,2019_Jul_26_1334,FaceNameControl_Picture&Audio,3.0.4,85.15387564
5,FacesBlock3.xlsx,Kevin.mp4,Kevin.JPG,Kevin,34.0,videoFrameKevin.png,0.0,0.0,0.0,2.0,0.0,4.0,4.0,4.0,,,,,1.0,0.250943318,,,,,,19,1,2019_Jul_26_1334,FaceNameControl_Picture&Audio,3.0.4,85.15387564
18,FacesBlock3.xlsx,Kevin.mp4,Kevin.JPG,Kevin,34.0,videoFrameKevin.png,0.0,0.0,0.0,2.0,,,,,0.0,2.0,2.0,4.0,,,,None,0.0,,1.0,19,1,2019_Jul_26_1334,FaceNameControl_Picture&Audio,3.0.4,85.15387564
57,FacesBlock1.xlsx,Kyle.mp4,Kyle.JPG,Kyle,11.0,videoFrameKyle.png,0.0,1.0,1.0,0.0,,,,,0.0,11.0,11.0,11.0,,,bradley,"['b', 'r', 'a', 'd', 'l', 'e', 'y', 'return']",0.0,"[1.9190256160218269, 2.0957682349835522, 2.2945804320042953, 2.5427167339948937, 2.6719414539984427, 2.9184168039937504, 3.0225110829924233, 4.611372608982492]",2.0,19,1,2019_Jul_26_1334,FaceNameControl_Picture&Audio,3.0.4,85.15387564
37,FacesBlock1.xlsx,Kyle.mp4,Kyle.JPG,Kyle,11.0,videoFrameKyle.png,0.0,1.0,1.0,0.0,0.0,6.0,6.0,11.0,,,,,1.0,0.743980188,,,,,,19,1,2019_Jul_26_1334,FaceNameControl_Picture&Audio,3.0.4,85.15387564
1,FacesBlock3.xlsx,Lauren.mp4,Lauren.JPG,Lauren,35.0,videoFrameLauren.png,0.0,0.0,0.0,2.0,0.0,0.0,0.0,5.0,,,,,2.0,1.496583265,,,,,,19,1,2019_Jul_26_1334,FaceNameControl_Picture&Audio,3.0.4,85.15387564
28,FacesBlock3.xlsx,Lauren.mp4,Lauren.JPG,Lauren,35.0,videoFrameLauren.png,0.0,0.0,0.0,2.0,,,,,0.0,12.0,12.0,5.0,,,,None,0.0,,1.0,19,1,2019_Jul_26_1334,FaceNameControl_Picture&Audio,3.0.4,85.15387564
4,FacesBlock3.xlsx,Mark.mp4,Mark.JPG,Mark,36.0,videoFrameMark.png,0.0,0.0,0.0,2.0,0.0,3.0,3.0,6.0,,,,,1.0,0.203027122,,,,,,19,1,2019_Jul_26_1334,FaceNameControl_Picture&Audio,3.0.4,85.15387564
26,FacesBlock3.xlsx,Mark.mp4,Mark.JPG,Mark,36.0,videoFrameMark.png,0.0,0.0,0.0,2.0,,,,,0.0,10.0,10.0,6.0,,,,None,0.0,,1.0,19,1,2019_Jul_26_1334,FaceNameControl_Picture&Audio,3.0.4,85.15387564
49,FacesBlock1.xlsx,Matthew.mp4,Matthew.JPG,Matthew,12.0,videoFrameMatthew.png,0.0,1.0,1.0,0.0,,,,,0.0,3.0,3.0,12.0,,,,None,0.0,,1.0,19,1,2019_Jul_26_1334,FaceNameControl_Picture&Audio,3.0.4,85.15387564
44,FacesBlock1.xlsx,Matthew.mp4,Matthew.JPG,Matthew,12.0,videoFrameMatthew.png,0.0,1.0,1.0,0.0,0.0,13.0,13.0,12.0,,,,,1.0,0.379812246,,,,,,19,1,2019_Jul_26_1334,FaceNameControl_Picture&Audio,3.0.4,85.15387564
118,FacesBlock2.xlsx,Megan.mp4,Megan.JPG,Megan,25.0,videoFrameMegan.png,0.0,3.0,3.0,1.0,,,,,0.0,12.0,12.0,10.0,,,,None,0.0,,1.0,19,1,2019_Jul_26_1334,FaceNameControl_Picture&Audio,3.0.4,85.15387564
103,FacesBlock2.xlsx,Megan.mp4,Megan.JPG,Megan,25.0,videoFrameMegan.png,0.0,3.0,3.0,1.0,0.0,12.0,12.0,10.0,,,,,2.0,0.17960330600000002,,,,,,19,1,2019_Jul_26_1334,FaceNameControl_Picture&Audio,3.0.4,85.15387564
67,FacesBlock4.xlsx,Michael.mp4,Michael.JPG,Michael,57.0,videoFrameMichael.png,0.0,2.0,2.0,3.0,0.0,6.0,6.0,12.0,,,,,1.0,0.449756675,,,,,,19,1,2019_Jul_26_1334,FaceNameControl_Picture&Audio,3.0.4,85.15387564
90,FacesBlock4.xlsx,Michael.mp4,Michael.JPG,Michael,57.0,videoFrameMichael.png,0.0,2.0,2.0,3.0,,,,,0.0,14.0,14.0,12.0,,,,None,0.0,,1.0,19,1,2019_Jul_26_1334,FaceNameControl_Picture&Audio,3.0.4,85.15387564
63,FacesBlock4.xlsx,Michelle.mp4,Michelle.JPG,Michelle,58.0,videoFrameMichelle.png,0.0,2.0,2.0,3.0,0.0,2.0,2.0,13.0,,,,,2.0,0.7448486,,,,,,19,1,2019_Jul_26_1334,FaceNameControl_Picture&Audio,3.0.4,85.15387564
89,FacesBlock4.xlsx,Michelle.mp4,Michelle.JPG,Michelle,58.0,videoFrameMichelle.png,0.0,2.0,2.0,3.0,,,,,0.0,13.0,13.0,13.0,,,,None,0.0,,1.0,19,1,2019_Jul_26_1334,FaceNameControl_Picture&Audio,3.0.4,85.15387564
42,FacesBlock1.xlsx,Natalie.mp4,Natalie.JPG,Natalie,13.0,videoFrameNatalie.png,0.0,1.0,1.0,0.0,0.0,11.0,11.0,13.0,,,,,2.0,0.6733796009999999,,,,,,19,1,2019_Jul_26_1334,FaceNameControl_Picture&Audio,3.0.4,85.15387564
54,FacesBlock1.xlsx,Natalie.mp4,Natalie.JPG,Natalie,13.0,videoFrameNatalie.png,0.0,1.0,1.0,0.0,,,,,0.0,8.0,8.0,13.0,,,,None,0.0,,1.0,19,1,2019_Jul_26_1334,FaceNameControl_Picture&Audio,3.0.4,85.15387564
11,FacesBlock3.xlsx,Nathan.mp4,Nathan.JPG,Nathan,37.0,videoFrameNathan.png,0.0,0.0,0.0,2.0,0.0,10.0,10.0,7.0,,,,,1.0,0.285293876,,,,,,19,1,2019_Jul_26_1334,FaceNameControl_Picture&Audio,3.0.4,85.15387564
17,FacesBlock3.xlsx,Nathan.mp4,Nathan.JPG,Nathan,37.0,videoFrameNathan.png,0.0,0.0,0.0,2.0,,,,,0.0,1.0,1.0,7.0,,,daniel,"['d', 'a', 'n', 'i', 'e', 'l']",0.0,"[6.65898466098588, 6.85882586997468, 7.0588207569671795, 8.211846967984457, 8.338938378961757, 9.222080754989292]",1.0,19,1,2019_Jul_26_1334,FaceNameControl_Picture&Audio,3.0.4,85.15387564
30,FacesBlock3.xlsx,Nicole.mp4,Nicole.JPG,Nicole,38.0,videoFrameNicole.png,0.0,0.0,0.0,2.0,,,,,0.0,14.0,14.0,8.0,,,,"['1', 'backspace']",0.0,"[4.600540538027417, 4.787849497050047]",1.0,19,1,2019_Jul_26_1334,FaceNameControl_Picture&Audio,3.0.4,85.15387564
12,FacesBlock3.xlsx,Nicole.mp4,Nicole.JPG,Nicole,38.0,videoFrameNicole.png,0.0,0.0,0.0,2.0,0.0,11.0,11.0,8.0,,,,,2.0,0.164886998,,,,,,19,1,2019_Jul_26_1334,FaceNameControl_Picture&Audio,3.0.4,85.15387564
24,FacesBlock3.xlsx,Noah.mp4,Noah.JPG,Noah,39.0,videoFrameNoah.png,0.0,0.0,0.0,2.0,,,,,0.0,8.0,8.0,9.0,,,,None,0.0,,1.0,19,1,2019_Jul_26_1334,FaceNameControl_Picture&Audio,3.0.4,85.15387564
10,FacesBlock3.xlsx,Noah.mp4,Noah.JPG,Noah,39.0,videoFrameNoah.png,0.0,0.0,0.0,2.0,0.0,9.0,9.0,9.0,,,,,1.0,0.131791266,,,,,,19,1,2019_Jul_26_1334,FaceNameControl_Picture&Audio,3.0.4,85.15387564
13,FacesBlock3.xlsx,Olivia.mp4,Olivia.JPG,Olivia,40.0,videoFrameOlivia.png,0.0,0.0,0.0,2.0,0.0,12.0,12.0,10.0,,,,,2.0,0.08462145901000001,,,,,,19,1,2019_Jul_26_1334,FaceNameControl_Picture&Audio,3.0.4,85.15387564
25,FacesBlock3.xlsx,Olivia.mp4,Olivia.JPG,Olivia,40.0,videoFrameOlivia.png,0.0,0.0,0.0,2.0,,,,,0.0,9.0,9.0,10.0,,,olivia,"['o', 'l', 'i', 'v', 'i', 'a']",1.0,"[3.5549295059754513, 3.7420928069623187, 3.93075159098953, 4.107874995970633, 4.213494602998253, 4.340796181990299]",2.0,19,1,2019_Jul_26_1334,FaceNameControl_Picture&Audio,3.0.4,85.15387564
108,FacesBlock2.xlsx,Rachel.mp4,Rachel.JPG,Rachel,26.0,videoFrameRachel.png,0.0,3.0,3.0,1.0,,,,,0.0,2.0,2.0,11.0,,,megan,"['m', 'e', 'g', 'a', 'n']",0.0,"[7.718292861012742, 7.8474071670207195, 8.023098453995772, 8.165165901009459, 8.294660895015113]",1.0,19,1,2019_Jul_26_1334,FaceNameControl_Picture&Audio,3.0.4,85.15387564
96,FacesBlock2.xlsx,Rachel.mp4,Rachel.JPG,Rachel,26.0,videoFrameRachel.png,0.0,3.0,3.0,1.0,0.0,5.0,5.0,11.0,,,,,2.0,0.37912521899999996,,,,,,19,1,2019_Jul_26_1334,FaceNameControl_Picture&Audio,3.0.4,85.15387564
15,FacesBlock3.xlsx,Rebecca.mp4,Rebecca.JPG,Rebecca,41.0,videoFrameRebecca.png,0.0,0.0,0.0,2.0,0.0,14.0,14.0,11.0,,,,,2.0,0.05889668397000001,,,,,,19,1,2019_Jul_26_1334,FaceNameControl_Picture&Audio,3.0.4,85.15387564
23,FacesBlock3.xlsx,Rebecca.mp4,Rebecca.JPG,Rebecca,41.0,videoFrameRebecca.png,0.0,0.0,0.0,2.0,,,,,0.0,7.0,7.0,11.0,,,,None,0.0,,1.0,19,1,2019_Jul_26_1334,FaceNameControl_Picture&Audio,3.0.4,85.15387564
3,FacesBlock3.xlsx,Sarah.mp4,Sarah.JPG,Sarah,42.0,videoFrameSarah.png,0.0,0.0,0.0,2.0,0.0,2.0,2.0,12.0,,,,,2.0,0.7794869361,,,,,,19,1,2019_Jul_26_1334,FaceNameControl_Picture&Audio,3.0.4,85.15387564
16,FacesBlock3.xlsx,Sarah.mp4,Sarah.JPG,Sarah,42.0,videoFrameSarah.png,0.0,0.0,0.0,2.0,,,,,0.0,0.0,0.0,12.0,,,rebe,"['r', 'e', 'b', 'e']",0.0,"[8.658977175015025, 8.963924997020513, 9.22354539699154, 9.397789024980739]",1.0,19,1,2019_Jul_26_1334,FaceNameControl_Picture&Audio,3.0.4,85.15387564
14,FacesBlock3.xlsx,Shelby.mp4,Shelby.JPG,Shelby,43.0,videoFrameShelby.png,0.0,0.0,0.0,2.0,0.0,13.0,13.0,13.0,,,,,2.0,0.296601242,,,,,,19,1,2019_Jul_26_1334,FaceNameControl_Picture&Audio,3.0.4,85.15387564
19,FacesBlock3.xlsx,Shelby.mp4,Shelby.JPG,Shelby,43.0,videoFrameShelby.png,0.0,0.0,0.0,2.0,,,,,0.0,3.0,3.0,13.0,,,,None,0.0,,1.0,19,1,2019_Jul_26_1334,FaceNameControl_Picture&Audio,3.0.4,85.15387564
94,FacesBlock2.xlsx,Steven.mp4,Steven.JPG,Steven,27.0,videoFrameSteven.png,0.0,3.0,3.0,1.0,0.0,3.0,3.0,12.0,,,,,1.0,0.472834831,,,,,,19,1,2019_Jul_26_1334,FaceNameControl_Picture&Audio,3.0.4,85.15387564
117,FacesBlock2.xlsx,Steven.mp4,Steven.JPG,Steven,27.0,videoFrameSteven.png,0.0,3.0,3.0,1.0,,,,,0.0,11.0,11.0,12.0,,,david,"['d', 'a', 'v', 'i', 'd']",0.0,"[3.400340385036543, 3.5989487119950354, 3.8951896890066564, 4.094966222997755, 4.212905488035176]",1.0,19,1,2019_Jul_26_1334,FaceNameControl_Picture&Audio,3.0.4,85.15387564
85,FacesBlock4.xlsx,Taylor.mp4,Taylor.JPG,Taylor,59.0,videoFrameTaylor.png,0.0,2.0,2.0,3.0,,,,,0.0,9.0,9.0,14.0,,,taylor,"['t', 'a', 'y', 'l', 'o', 'r']",1.0,"[1.437395620974712, 1.6706850859918632, 1.7899335420224816, 2.2367635929840617, 2.413815591018647, 2.5195393430185504]",4.0,19,1,2019_Jul_26_1334,FaceNameControl_Picture&Audio,3.0.4,85.15387564
75,FacesBlock4.xlsx,Taylor.mp4,Taylor.JPG,Taylor,59.0,videoFrameTaylor.png,0.0,2.0,2.0,3.0,0.0,14.0,14.0,14.0,,,,,2.0,0.543779555,,,,,,19,1,2019_Jul_26_1334,FaceNameControl_Picture&Audio,3.0.4,85.15387564
7,FacesBlock3.xlsx,Thomas.mp4,Thomas.JPG,Thomas,44.0,videoFrameThomas.png,0.0,0.0,0.0,2.0,0.0,6.0,6.0,14.0,,,,,1.0,0.614212211,,,,,,19,1,2019_Jul_26_1334,FaceNameControl_Picture&Audio,3.0.4,85.15387564
29,FacesBlock3.xlsx,Thomas.mp4,Thomas.JPG,Thomas,44.0,videoFrameThomas.png,0.0,0.0,0.0,2.0,,,,,0.0,13.0,13.0,14.0,,,richard,"['r', 'i', 'c', 'h', 'a', 'r', 'd', 'return']",0.0,"[7.424172419006936, 7.541529369016644, 7.812406879034825, 7.987820584035944, 8.364299806009512, 8.540551770012826, 8.693769445992075, 9.19993952801451]",1.0,19,1,2019_Jul_26_1334,FaceNameControl_Picture&Audio,3.0.4,85.15387564
38,FacesBlock1.xlsx,Timothy.mp4,Timothy.JPG,Timothy,14.0,videoFrameTimothy.png,0.0,1.0,1.0,0.0,0.0,7.0,7.0,14.0,,,,,1.0,0.367413035,,,,,,19,1,2019_Jul_26_1334,FaceNameControl_Picture&Audio,3.0.4,85.15387564
46,FacesBlock1.xlsx,Timothy.mp4,Timothy.JPG,Timothy,14.0,videoFrameTimothy.png,0.0,1.0,1.0,0.0,,,,,0.0,0.0,0.0,14.0,,,,None,0.0,,1.0,19,1,2019_Jul_26_1334,FaceNameControl_Picture&Audio,3.0.4,85.15387564
115,FacesBlock2.xlsx,Trevor.mp4,Trevor.JPG,Trevor,28.0,videoFrameTrevor.png,0.0,3.0,3.0,1.0,,,,,0.0,9.0,9.0,13.0,,,,None,0.0,,1.0,19,1,2019_Jul_26_1334,FaceNameControl_Picture&Audio,3.0.4,85.15387564
93,FacesBlock2.xlsx,Trevor.mp4,Trevor.JPG,Trevor,28.0,videoFrameTrevor.png,0.0,3.0,3.0,1.0,0.0,2.0,2.0,13.0,,,,,1.0,1.026378466,,,,,,19,1,2019_Jul_26_1334,FaceNameControl_Picture&Audio,3.0.4,85.15387564
104,FacesBlock2.xlsx,Tyler.mp4,Tyler.JPG,Tyler,29.0,videoFrameTyler.png,0.0,3.0,3.0,1.0,0.0,13.0,13.0,14.0,,,,,1.0,0.368165904,,,,,,19,1,2019_Jul_26_1334,FaceNameControl_Picture&Audio,3.0.4,85.15387564
107,FacesBlock2.xlsx,Tyler.mp4,Tyler.JPG,Tyler,29.0,videoFrameTyler.png,0.0,3.0,3.0,1.0,,,,,0.0,1.0,1.0,14.0,,,taylor,"['t', 'a', 'y', 'l', 'o', 'r', 'capslock', 't', 'backspace']",0.0,"[2.6367537380428985, 2.9781532780034468, 3.0958423130214214, 3.577820592036005, 3.765280015009921, 4.236171284050215, 6.6804917880217545, 7.11608652403811, 7.435060743999202]",4.0,19,1,2019_Jul_26_1334,FaceNameControl_Picture&Audio,3.0.4,85.15387564
0,,,,,,,,,,,,,,,,,,,,,,,,,,19,1,2019_Jul_26_1334,FaceNameControl_Picture&Audio,3.0.4,85.15387564
