,condsFile,Video,Photo,Name,Row,videoFrame,blocks.thisRepN,blocks.thisTrialN,blocks.thisN,blocks.thisIndex,presentations.thisRepN,presentations.thisTrialN,presentations.thisN,presentations.thisIndex,testing.thisRepN,testing.thisTrialN,testing.thisN,testing.thisIndex,judgementResp.keys,judgementResp.rt,inputText,key_resp_3.keys,recallRating_s,key_resp_3.rt,rating_resp.keys,participant,session,date,expName,psychopyVersion,frameRate
0,FacesBlock2.xlsx,Aaron.mp4,Aaron.JPG,Aaron,15.0,videoFrameAaron.png,0.0,3.0,3.0,1.0,0.0,9.0,9.0,0.0,,,,,1.0,0.436057663,,,,,,1,1,2019_May_31_1003,FaceNameControl_Picture&Audio,3.0.4,59.90499283
1,FacesBlock2.xlsx,Aaron.mp4,Aaron.JPG,Aaron,15.0,videoFrameAaron.png,0.0,3.0,3.0,1.0,,,,,0.0,0.0,0.0,0.0,,,justin,"['j', 'u', 's', 't', 'i', 'n']",0.0,"[4.083911161869764, 4.668042761739343, 4.884305949788541, 5.3673011576756835, 5.967261152807623, 6.099797578062862]",2.0,1,1,2019_May_31_1003,FaceNameControl_Picture&Audio,3.0.4,59.90499283
2,FacesBlock1.xlsx,Adam.mp4,Adam.JPG,Adam,0.0,videoFrameAdam.png,0.0,0.0,0.0,0.0,0.0,14.0,14.0,0.0,,,,,1.0,0.236393712,,,,,,1,1,2019_May_31_1003,FaceNameControl_Picture&Audio,3.0.4,59.90499283
3,FacesBlock1.xlsx,Adam.mp4,Adam.JPG,Adam,0.0,videoFrameAdam.png,0.0,0.0,0.0,0.0,,,,,0.0,11.0,11.0,0.0,,,mathew,"['m', 'a', 't', 'h', 'e', 'w']",0.0,"[2.900351582095027, 3.0677253608591855, 3.467441416811198, 3.7338476981967688, 4.217503706924617, 4.40020522614941]",1.0,1,1,2019_May_31_1003,FaceNameControl_Picture&Audio,3.0.4,59.90499283
4,FacesBlock4.xlsx,Alyssa.mp4,Alyssa.JPG,Alyssa,45.0,videoFrameAlyssa.png,0.0,1.0,1.0,3.0,0.0,5.0,5.0,0.0,,,,,2.0,0.419585516,,,,,,1,1,2019_May_31_1003,FaceNameControl_Picture&Audio,3.0.4,59.90499283
5,FacesBlock4.xlsx,Alyssa.mp4,Alyssa.JPG,Alyssa,45.0,videoFrameAlyssa.png,0.0,1.0,1.0,3.0,,,,,0.0,5.0,5.0,0.0,,,taylor,"['t', 'a', 'y', 'l', 'o', 'r']",0.0,"[3.0342024941928685, 3.201084121130407, 3.366985362023115, 3.7672985359095037, 4.05051874788478, 4.2004712340421975]",3.0,1,1,2019_May_31_1003,FaceNameControl_Picture&Audio,3.0.4,59.90499283
6,FacesBlock1.xlsx,Amanda.mp4,Amanda.JPG,Amanda,1.0,videoFrameAmanda.png,0.0,0.0,0.0,0.0,0.0,2.0,2.0,1.0,,,,,2.0,0.42034862799999995,,,,,,1,1,2019_May_31_1003,FaceNameControl_Picture&Audio,3.0.4,59.90499283
7,FacesBlock1.xlsx,Amanda.mp4,Amanda.JPG,Amanda,1.0,videoFrameAmanda.png,0.0,0.0,0.0,0.0,,,,,0.0,12.0,12.0,1.0,,,,None,0.0,,1.0,1,1,2019_May_31_1003,FaceNameControl_Picture&Audio,3.0.4,59.90499283
8,FacesBlock4.xlsx,Andrew.mp4,Andrew.JPG,Andrew,46.0,videoFrameAndrew.png,0.0,1.0,1.0,3.0,0.0,2.0,2.0,1.0,,,,,1.0,0.386012315,,,,,,1,1,2019_May_31_1003,FaceNameControl_Picture&Audio,3.0.4,59.90499283
9,FacesBlock4.xlsx,Andrew.mp4,Andrew.JPG,Andrew,46.0,videoFrameAndrew.png,0.0,1.0,1.0,3.0,,,,,0.0,3.0,3.0,1.0,,,michael,"['m', 'i', 'c', 'j', 'backspace', 'equal', 'h', 'a', 'e', 'l']",0.0,"[3.034813587088138, 3.2680508019402623, 3.4348499812185764, 4.251238568220288, 4.766434474848211, 5.3508406220935285, 6.26712833205238, 6.533449091017246, 7.150036268867552, 7.300037217792124]",2.0,1,1,2019_May_31_1003,FaceNameControl_Picture&Audio,3.0.4,59.90499283
10,FacesBlock4.xlsx,Anna.mp4,Anna.JPG,Anna,47.0,videoFrameAnna.png,0.0,1.0,1.0,3.0,0.0,3.0,3.0,2.0,,,,,2.0,1.136281418,,,,,,1,1,2019_May_31_1003,FaceNameControl_Picture&Audio,3.0.4,59.90499283
11,FacesBlock4.xlsx,Anna.mp4,Anna.JPG,Anna,47.0,videoFrameAnna.png,0.0,1.0,1.0,3.0,,,,,0.0,6.0,6.0,2.0,,,,None,0.0,,1.0,1,1,2019_May_31_1003,FaceNameControl_Picture&Audio,3.0.4,59.90499283
12,FacesBlock2.xlsx,Ashley.mp4,Ashley.JPG,Ashley,16.0,videoFrameAshley.png,0.0,3.0,3.0,1.0,0.0,13.0,13.0,1.0,,,,,2.0,0.686496135,,,,,,1,1,2019_May_31_1003,FaceNameControl_Picture&Audio,3.0.4,59.90499283
13,FacesBlock2.xlsx,Ashley.mp4,Ashley.JPG,Ashley,16.0,videoFrameAshley.png,0.0,3.0,3.0,1.0,,,,,0.0,4.0,4.0,1.0,,,haley,"['h', 'a', 'l', 'e', 'y']",0.0,"[4.4344822079874575, 4.617011209949851, 4.750674725044519, 5.034094274975359, 5.150403369218111]",2.0,1,1,2019_May_31_1003,FaceNameControl_Picture&Audio,3.0.4,59.90499283
15,FacesBlock1.xlsx,Bradley.mp4,Bradley.JPG,Bradley,2.0,videoFrameBradley.png,0.0,0.0,0.0,0.0,,,,,0.0,3.0,3.0,2.0,,,mathew,"['m', 'a', 't', 'h', 'e', 'w']",0.0,"[4.301209614612162, 4.551036722026765, 4.916911480017006, 5.1175304357893765, 5.3672516397200525, 5.617131003644317]",2.0,1,1,2019_May_31_1003,FaceNameControl_Picture&Audio,3.0.4,59.90499283
14,FacesBlock1.xlsx,Bradley.mp4,Bradley.JPG,Bradley,2.0,videoFrameBradley.png,0.0,0.0,0.0,0.0,0.0,8.0,8.0,2.0,,,,,1.0,0.40300647799999995,,,,,,1,1,2019_May_31_1003,FaceNameControl_Picture&Audio,3.0.4,59.90499283
16,FacesBlock4.xlsx,Brandon.mp4,Brandon.JPG,Brandon,48.0,videoFrameBrandon.png,0.0,1.0,1.0,3.0,0.0,14.0,14.0,3.0,,,,,1.0,0.21945593800000002,,,,,,1,1,2019_May_31_1003,FaceNameControl_Picture&Audio,3.0.4,59.90499283
17,FacesBlock4.xlsx,Brandon.mp4,Brandon.JPG,Brandon,48.0,videoFrameBrandon.png,0.0,1.0,1.0,3.0,,,,,0.0,11.0,11.0,3.0,,,caleb,"['c', 'a', 'l', 'w', 'b', 'backspace', 'backspace', 'e', 'b']",0.0,"[2.051516154780984, 2.550611844751984, 2.767823222093284, 3.0657501411624253, 3.6654945677146316, 4.566069446969777, 4.7334237061440945, 4.800077649764717, 5.31717831781134]",1.0,1,1,2019_May_31_1003,FaceNameControl_Picture&Audio,3.0.4,59.90499283
18,FacesBlock4.xlsx,Brian.mp4,Brian.JPG,Brian,49.0,videoFrameBrian.png,0.0,1.0,1.0,3.0,0.0,8.0,8.0,4.0,,,,,1.0,0.31971911,,,,,,1,1,2019_May_31_1003,FaceNameControl_Picture&Audio,3.0.4,59.90499283
19,FacesBlock4.xlsx,Brian.mp4,Brian.JPG,Brian,49.0,videoFrameBrian.png,0.0,1.0,1.0,3.0,,,,,0.0,7.0,7.0,4.0,,,justin,"['j', 'u', 's', 't', 'i', 'n']",0.0,"[4.818214477971196, 6.016809903085232, 6.184176029171795, 6.350680309347808, 7.2337651629932225, 7.434014440048486]",1.0,1,1,2019_May_31_1003,FaceNameControl_Picture&Audio,3.0.4,59.90499283
20,FacesBlock4.xlsx,Brianna.mp4,Brianna.JPG,Brianna,50.0,videoFrameBrianna.png,0.0,1.0,1.0,3.0,0.0,6.0,6.0,5.0,,,,,2.0,0.8185109429999999,,,,,,1,1,2019_May_31_1003,FaceNameControl_Picture&Audio,3.0.4,59.90499283
21,FacesBlock4.xlsx,Brianna.mp4,Brianna.JPG,Brianna,50.0,videoFrameBrianna.png,0.0,1.0,1.0,3.0,,,,,0.0,13.0,13.0,5.0,,,anna,"['a', 'n', 'n', 'a']",0.0,"[4.682010254822671, 4.833815372548997, 5.017449309583753, 5.167187028564513]",2.0,1,1,2019_May_31_1003,FaceNameControl_Picture&Audio,3.0.4,59.90499283
22,FacesBlock2.xlsx,Brittany.mp4,Brittany.JPG,Brittany,17.0,videoFrameBrittany.png,0.0,3.0,3.0,1.0,0.0,4.0,4.0,2.0,,,,,2.0,0.38631406799999995,,,,,,1,1,2019_May_31_1003,FaceNameControl_Picture&Audio,3.0.4,59.90499283
23,FacesBlock2.xlsx,Brittany.mp4,Brittany.JPG,Brittany,17.0,videoFrameBrittany.png,0.0,3.0,3.0,1.0,,,,,0.0,8.0,8.0,2.0,,,jessica,"['j', 'e', 's', 's', 'i', 'c', 'a']",0.0,"[5.5507138767279685, 5.6676605199463665, 5.867063289973885, 6.049873534124345, 6.133961645886302, 6.249990693759173, 6.483622525818646]",2.0,1,1,2019_May_31_1003,FaceNameControl_Picture&Audio,3.0.4,59.90499283
24,FacesBlock4.xlsx,Caleb.mp4,Caleb.JPG,Caleb,51.0,videoFrameCaleb.png,0.0,1.0,1.0,3.0,0.0,9.0,9.0,6.0,,,,,1.0,0.41910890700000003,,,,,,1,1,2019_May_31_1003,FaceNameControl_Picture&Audio,3.0.4,59.90499283
25,FacesBlock4.xlsx,Caleb.mp4,Caleb.JPG,Caleb,51.0,videoFrameCaleb.png,0.0,1.0,1.0,3.0,,,,,0.0,4.0,4.0,6.0,,,jason,"['j', 'a', 's', 'o', 'n', 'm', 'backspace']",0.0,"[1.667740989010781, 1.834446454886347, 2.067706422880292, 2.1850163438357413, 2.45318165095523, 3.0005818735808134]",3.0,1,1,2019_May_31_1003,FaceNameControl_Picture&Audio,3.0.4,59.90499283
26,FacesBlock2.xlsx,Cody.mp4,Cody.JPG,Cody,18.0,videoFrameCody.png,0.0,3.0,3.0,1.0,0.0,6.0,6.0,3.0,,,,,1.0,0.269580119,,,,,,1,1,2019_May_31_1003,FaceNameControl_Picture&Audio,3.0.4,59.90499283
27,FacesBlock2.xlsx,Cody.mp4,Cody.JPG,Cody,18.0,videoFrameCody.png,0.0,3.0,3.0,1.0,,,,,0.0,3.0,3.0,3.0,,,,None,0.0,,1.0,1,1,2019_May_31_1003,FaceNameControl_Picture&Audio,3.0.4,59.90499283
29,FacesBlock3.xlsx,Courtney.mp4,Courtney.JPG,Courtney,30.0,videoFrameCourtney.png,0.0,2.0,2.0,2.0,,,,,0.0,12.0,12.0,0.0,,,sophia,"['s', 'o', 'p', 'h', 'i', 'a']",0.0,"[4.901028859894723, 5.167045576032251, 5.417110113892704, 6.164262400940061, 6.2663808348588645, 6.399894181638956]",2.0,1,1,2019_May_31_1003,FaceNameControl_Picture&Audio,3.0.4,59.90499283
28,FacesBlock3.xlsx,Courtney.mp4,Courtney.JPG,Courtney,30.0,videoFrameCourtney.png,0.0,2.0,2.0,2.0,0.0,11.0,11.0,0.0,,,,,2.0,0.369173598,,,,,,1,1,2019_May_31_1003,FaceNameControl_Picture&Audio,3.0.4,59.90499283
30,FacesBlock3.xlsx,Daniel.mp4,Daniel.JPG,Daniel,31.0,videoFrameDaniel.png,0.0,2.0,2.0,2.0,0.0,10.0,10.0,1.0,,,,,1.0,0.469917233,,,,,,1,1,2019_May_31_1003,FaceNameControl_Picture&Audio,3.0.4,59.90499283
31,FacesBlock3.xlsx,Daniel.mp4,Daniel.JPG,Daniel,31.0,videoFrameDaniel.png,0.0,2.0,2.0,2.0,,,,,0.0,4.0,4.0,1.0,,,mathew,"['m', 'a', 't', 'h', 'e', 'w']",0.0,"[4.6172488373704255, 4.767109822016209, 5.133630249183625, 5.283793680369854, 5.4666006132029, 5.700363281182945]",2.0,1,1,2019_May_31_1003,FaceNameControl_Picture&Audio,3.0.4,59.90499283
32,FacesBlock1.xlsx,Danielle.mp4,Danielle.JPG,Danielle,3.0,videoFrameDanielle.png,0.0,0.0,0.0,0.0,0.0,3.0,3.0,3.0,,,,,2.0,0.735429233,,,,,,1,1,2019_May_31_1003,FaceNameControl_Picture&Audio,3.0.4,59.90499283
33,FacesBlock1.xlsx,Danielle.mp4,Danielle.JPG,Danielle,3.0,videoFrameDanielle.png,0.0,0.0,0.0,0.0,,,,,0.0,8.0,8.0,3.0,,,emily,"['e', 'm', 'i', 'l', 'y']",0.0,"[3.135306214913726, 3.4852883480489254, 3.735204297117889, 4.03536135610193, 4.201664875727147]",2.0,1,1,2019_May_31_1003,FaceNameControl_Picture&Audio,3.0.4,59.90499283
34,FacesBlock2.xlsx,David.mp4,David.JPG,David,19.0,videoFrameDavid.png,0.0,3.0,3.0,1.0,0.0,2.0,2.0,4.0,,,,,1.0,0.452967657,,,,,,1,1,2019_May_31_1003,FaceNameControl_Picture&Audio,3.0.4,59.90499283
35,FacesBlock2.xlsx,David.mp4,David.JPG,David,19.0,videoFrameDavid.png,0.0,3.0,3.0,1.0,,,,,0.0,5.0,5.0,4.0,,,daniel,"['d', 'a', 'n', 'i', 'e', 'l']",0.0,"[6.150587078183889, 6.416494385804981, 6.650214762892574, 6.850415803026408, 6.983922120183706, 7.13362471293658]",1.0,1,1,2019_May_31_1003,FaceNameControl_Picture&Audio,3.0.4,59.90499283
36,FacesBlock4.xlsx,Dylan.mp4,Dylan.JPG,Dylan,52.0,videoFrameDylan.png,0.0,1.0,1.0,3.0,0.0,0.0,0.0,7.0,,,,,1.0,1.8188749180000001,,,,,,1,1,2019_May_31_1003,FaceNameControl_Picture&Audio,3.0.4,59.90499283
37,FacesBlock4.xlsx,Dylan.mp4,Dylan.JPG,Dylan,52.0,videoFrameDylan.png,0.0,1.0,1.0,3.0,,,,,0.0,12.0,12.0,7.0,,,,None,0.0,,1.0,1,1,2019_May_31_1003,FaceNameControl_Picture&Audio,3.0.4,59.90499283
38,FacesBlock4.xlsx,Emily.mp4,Emily.JPG,Emily,53.0,videoFrameEmily.png,0.0,1.0,1.0,3.0,0.0,1.0,1.0,8.0,,,,,2.0,0.45286374799999995,,,,,,1,1,2019_May_31_1003,FaceNameControl_Picture&Audio,3.0.4,59.90499283
39,FacesBlock4.xlsx,Emily.mp4,Emily.JPG,Emily,53.0,videoFrameEmily.png,0.0,1.0,1.0,3.0,,,,,0.0,10.0,10.0,8.0,,,jessica,"['j', 'e', 's', 's', 'i', 'c', 'a']",0.0,"[6.683713720180094, 6.883390170056373, 7.150140174198896, 7.350064998026937, 7.516525308135897, 7.732945087831467, 8.016212535090744]",2.0,1,1,2019_May_31_1003,FaceNameControl_Picture&Audio,3.0.4,59.90499283
40,FacesBlock1.xlsx,Eric.mp4,Eric.JPG,Eric,4.0,videoFrameEric.png,0.0,0.0,0.0,0.0,0.0,11.0,11.0,4.0,,,,,1.0,0.286316756,,,,,,1,1,2019_May_31_1003,FaceNameControl_Picture&Audio,3.0.4,59.90499283
41,FacesBlock1.xlsx,Eric.mp4,Eric.JPG,Eric,4.0,videoFrameEric.png,0.0,0.0,0.0,0.0,,,,,0.0,10.0,10.0,4.0,,,Ian,"['lshift', 'i', 'a', 'n']",0.0,"[6.598333487287164, 6.7673577181994915, 7.033358886372298, 7.1834773500449955]",1.0,1,1,2019_May_31_1003,FaceNameControl_Picture&Audio,3.0.4,59.90499283
43,FacesBlock1.xlsx,Ethan.mp4,Ethan.JPG,Ethan,5.0,videoFrameEthan.png,0.0,0.0,0.0,0.0,,,,,0.0,6.0,6.0,5.0,,,,None,0.0,,1.0,1,1,2019_May_31_1003,FaceNameControl_Picture&Audio,3.0.4,59.90499283
42,FacesBlock1.xlsx,Ethan.mp4,Ethan.JPG,Ethan,5.0,videoFrameEthan.png,0.0,0.0,0.0,0.0,0.0,12.0,12.0,5.0,,,,,1.0,0.270450996,,,,,,1,1,2019_May_31_1003,FaceNameControl_Picture&Audio,3.0.4,59.90499283
44,FacesBlock4.xlsx,Grace.mp4,Grace.JPG,Grace,54.0,videoFrameGrace.png,0.0,1.0,1.0,3.0,0.0,10.0,10.0,9.0,,,,,2.0,0.252807027,,,,,,1,1,2019_May_31_1003,FaceNameControl_Picture&Audio,3.0.4,59.90499283
45,FacesBlock4.xlsx,Grace.mp4,Grace.JPG,Grace,54.0,videoFrameGrace.png,0.0,1.0,1.0,3.0,,,,,0.0,14.0,14.0,9.0,,,grace,"['g', 'r', 'a', 'c', 'e']",1.0,"[1.6351054767146707, 1.8683191197924316, 2.2021104828454554, 2.8181751668453217, 2.96857378911227]",2.0,1,1,2019_May_31_1003,FaceNameControl_Picture&Audio,3.0.4,59.90499283
46,FacesBlock2.xlsx,Haley.mp4,Haley.JPG,Haley,20.0,videoFrameHaley.png,0.0,3.0,3.0,1.0,0.0,0.0,0.0,5.0,,,,,2.0,1.2362458,,,,,,1,1,2019_May_31_1003,FaceNameControl_Picture&Audio,3.0.4,59.90499283
47,FacesBlock2.xlsx,Haley.mp4,Haley.JPG,Haley,20.0,videoFrameHaley.png,0.0,3.0,3.0,1.0,,,,,0.0,13.0,13.0,5.0,,,noelle,"['n', 'o', 'e', 'l', 'l', 'e']",0.0,"[6.350452260114253, 6.483767994679511, 6.650287263095379, 6.800180541817099, 6.966207923833281, 7.0003114878199995]",1.0,1,1,2019_May_31_1003,FaceNameControl_Picture&Audio,3.0.4,59.90499283
48,FacesBlock1.xlsx,Hannah.mp4,Hannah.JPG,Hannah,6.0,videoFrameHannah.png,0.0,0.0,0.0,0.0,0.0,10.0,10.0,6.0,,,,,2.0,0.41920363,,,,,,1,1,2019_May_31_1003,FaceNameControl_Picture&Audio,3.0.4,59.90499283
49,FacesBlock1.xlsx,Hannah.mp4,Hannah.JPG,Hannah,6.0,videoFrameHannah.png,0.0,0.0,0.0,0.0,,,,,0.0,5.0,5.0,6.0,,,samantha,"['s', 's', 'backspace', 'a', 'm', 'a', 'n', 't', 'h', 'a']",0.0,"[3.3180675986222923, 3.482788281980902, 4.533598138950765, 4.767649326939136, 5.650365788955241, 5.849796722643077, 6.982859250623733, 7.150100350845605, 7.383581128902733, 7.933126417919993]",2.0,1,1,2019_May_31_1003,FaceNameControl_Picture&Audio,3.0.4,59.90499283
50,FacesBlock2.xlsx,Heather.mp4,Heather.JPG,Heather,21.0,videoFrameHeather.png,0.0,3.0,3.0,1.0,0.0,3.0,3.0,6.0,,,,,2.0,0.269336054,,,,,,1,1,2019_May_31_1003,FaceNameControl_Picture&Audio,3.0.4,59.90499283
51,FacesBlock2.xlsx,Heather.mp4,Heather.JPG,Heather,21.0,videoFrameHeather.png,0.0,3.0,3.0,1.0,,,,,0.0,2.0,2.0,6.0,,,mary,"['m', 'a', 'r', 'y']",0.0,"[4.267865182831883, 4.434415850788355, 5.567456367891282, 5.667633491102606]",1.0,1,1,2019_May_31_1003,FaceNameControl_Picture&Audio,3.0.4,59.90499283
52,FacesBlock3.xlsx,Jacob.mp4,Jacob.JPG,Jacob,32.0,videoFrameJacob.png,0.0,2.0,2.0,2.0,0.0,8.0,8.0,2.0,,,,,1.0,0.43563292299999995,,,,,,1,1,2019_May_31_1003,FaceNameControl_Picture&Audio,3.0.4,59.90499283
53,FacesBlock3.xlsx,Jacob.mp4,Jacob.JPG,Jacob,32.0,videoFrameJacob.png,0.0,2.0,2.0,2.0,,,,,0.0,5.0,5.0,2.0,,,jacob,"['j', 'a', 'c', 'o', 'b']",1.0,"[8.500696758273989, 8.650238777976483, 8.86696544708684, 9.100141337141395, 9.43368939915672]",4.0,1,1,2019_May_31_1003,FaceNameControl_Picture&Audio,3.0.4,59.90499283
54,FacesBlock4.xlsx,Jason.mp4,Jason.JPG,Jason,55.0,videoFrameJason.png,0.0,1.0,1.0,3.0,0.0,12.0,12.0,10.0,,,,,1.0,0.37037101299999997,,,,,,1,1,2019_May_31_1003,FaceNameControl_Picture&Audio,3.0.4,59.90499283
55,FacesBlock4.xlsx,Jason.mp4,Jason.JPG,Jason,55.0,videoFrameJason.png,0.0,1.0,1.0,3.0,,,,,0.0,9.0,9.0,10.0,,,jason,"['j', 'a', 's', 'o', 'n']",1.0,"[9.149356351234019, 9.266734212171286, 9.482891587074846, 9.616345881018788, 9.832356485072523]",1.0,1,1,2019_May_31_1003,FaceNameControl_Picture&Audio,3.0.4,59.90499283
56,FacesBlock1.xlsx,Jenna.mp4,Jenna.JPG,Jenna,7.0,videoFrameJenna.png,0.0,0.0,0.0,0.0,0.0,4.0,4.0,7.0,,,,,2.0,0.352762189,,,,,,1,1,2019_May_31_1003,FaceNameControl_Picture&Audio,3.0.4,59.90499283
57,FacesBlock1.xlsx,Jenna.mp4,Jenna.JPG,Jenna,7.0,videoFrameJenna.png,0.0,0.0,0.0,0.0,,,,,0.0,0.0,0.0,7.0,,,jessica,"['j', 'e', 's', 's', 'i', 'c', 'a', 'space', 'return']",0.0,"[2.9511747919023037, 3.151834450196475, 3.4675625041127205, 3.6682451642118394, 3.8846932873129845, 4.085050365887582, 4.549118106253445, 6.03378909593448, 7.633244236931205]",3.0,1,1,2019_May_31_1003,FaceNameControl_Picture&Audio,3.0.4,59.90499283
59,FacesBlock2.xlsx,Jeremy.mp4,Jeremy.JPG,Jeremy,22.0,videoFrameJeremy.png,0.0,3.0,3.0,1.0,,,,,0.0,6.0,6.0,7.0,,,jacob,"['j', 'a', 'c', 'o', 'b', 'n', 'backspace']",0.0,"[2.7182453041896224, 2.8354219431057572, 3.084997656289488, 3.2186249434016645, 3.4514393634162843, 3.472941441461444, 4.067574220243841]",2.0,1,1,2019_May_31_1003,FaceNameControl_Picture&Audio,3.0.4,59.90499283
58,FacesBlock2.xlsx,Jeremy.mp4,Jeremy.JPG,Jeremy,22.0,videoFrameJeremy.png,0.0,3.0,3.0,1.0,0.0,11.0,11.0,7.0,,,,,1.0,0.668849668,,,,,,1,1,2019_May_31_1003,FaceNameControl_Picture&Audio,3.0.4,59.90499283
60,FacesBlock1.xlsx,Jessica.mp4,Jessica.JPG,Jessica,8.0,videoFrameJessica.png,0.0,0.0,0.0,0.0,0.0,5.0,5.0,8.0,,,,,2.0,3.652036677,,,,,,1,1,2019_May_31_1003,FaceNameControl_Picture&Audio,3.0.4,59.90499283
61,FacesBlock1.xlsx,Jessica.mp4,Jessica.JPG,Jessica,8.0,videoFrameJessica.png,0.0,0.0,0.0,0.0,,,,,0.0,14.0,14.0,8.0,,,Ashley,"['lshift', 'a', 's', 'h', 'l', 'e', 'y']",0.0,"[7.865373420994729, 8.150401497725397, 8.683040842879564, 8.849739592056721, 9.449719166848809, 9.64888650784269, 9.832854548934847]",2.0,1,1,2019_May_31_1003,FaceNameControl_Picture&Audio,3.0.4,59.90499283
62,FacesBlock2.xlsx,Josh.mp4,Josh.JPG,Josh,23.0,videoFrameJosh.png,0.0,3.0,3.0,1.0,0.0,12.0,12.0,8.0,,,,,1.0,0.619466996,,,,,,1,1,2019_May_31_1003,FaceNameControl_Picture&Audio,3.0.4,59.90499283
63,FacesBlock2.xlsx,Josh.mp4,Josh.JPG,Josh,23.0,videoFrameJosh.png,0.0,3.0,3.0,1.0,,,,,0.0,9.0,9.0,8.0,,,kevin,"['k', 'e', 'v', 'i', 'n']",0.0,"[4.001286318060011, 4.100965072866529, 4.382422417867929, 4.484089532867074, 4.684368357993662]",3.0,1,1,2019_May_31_1003,FaceNameControl_Picture&Audio,3.0.4,59.90499283
64,FacesBlock1.xlsx,Julia.mp4,Julia.JPG,Julia,9.0,videoFrameJulia.png,0.0,0.0,0.0,0.0,0.0,0.0,0.0,9.0,,,,,2.0,2.602299729,,,,,,1,1,2019_May_31_1003,FaceNameControl_Picture&Audio,3.0.4,59.90499283
65,FacesBlock1.xlsx,Julia.mp4,Julia.JPG,Julia,9.0,videoFrameJulia.png,0.0,0.0,0.0,0.0,,,,,0.0,13.0,13.0,9.0,,,,None,0.0,,1.0,1,1,2019_May_31_1003,FaceNameControl_Picture&Audio,3.0.4,59.90499283
66,FacesBlock2.xlsx,Justin.mp4,Justin.JPG,Justin,24.0,videoFrameJustin.png,0.0,3.0,3.0,1.0,0.0,5.0,5.0,9.0,,,,,1.0,0.302955257,,,,,,1,1,2019_May_31_1003,FaceNameControl_Picture&Audio,3.0.4,59.90499283
67,FacesBlock2.xlsx,Justin.mp4,Justin.JPG,Justin,24.0,videoFrameJustin.png,0.0,3.0,3.0,1.0,,,,,0.0,14.0,14.0,9.0,,,justin,"['j', 'u', 's', 't', 'i', 'n']",1.0,"[2.4853167766705155, 2.735495749861002, 2.885138229932636, 3.034963897895068, 3.3182500028051436, 3.5013846838846803]",2.0,1,1,2019_May_31_1003,FaceNameControl_Picture&Audio,3.0.4,59.90499283
68,FacesBlock4.xlsx,Katie.mp4,Katie.JPG,Katie,56.0,videoFrameKatie.png,0.0,1.0,1.0,3.0,0.0,4.0,4.0,11.0,,,,,2.0,0.453159095,,,,,,1,1,2019_May_31_1003,FaceNameControl_Picture&Audio,3.0.4,59.90499283
69,FacesBlock4.xlsx,Katie.mp4,Katie.JPG,Katie,56.0,videoFrameKatie.png,0.0,1.0,1.0,3.0,,,,,0.0,0.0,0.0,11.0,,,Jessica,"['lshift', 'j', 'e', 's', 's', 'i', 'c', 'a']",0.0,"[3.2328766798600554, 3.667082096915692, 4.1675817160867155, 4.398998466785997, 4.5506902751512825, 4.750560485757887, 4.900440901052207, 5.181702503934503]",3.0,1,1,2019_May_31_1003,FaceNameControl_Picture&Audio,3.0.4,59.90499283
70,FacesBlock3.xlsx,Kayla.mp4,Kayla.JPG,Kayla,33.0,videoFrameKayla.png,0.0,2.0,2.0,2.0,0.0,5.0,5.0,3.0,,,,,2.0,0.402702787,,,,,,1,1,2019_May_31_1003,FaceNameControl_Picture&Audio,3.0.4,59.90499283
71,FacesBlock3.xlsx,Kayla.mp4,Kayla.JPG,Kayla,33.0,videoFrameKayla.png,0.0,2.0,2.0,2.0,,,,,0.0,13.0,13.0,3.0,,,megan,"['m', 'e', 'g', 'a', 'n']",0.0,"[4.218007088173181, 4.534661502111703, 4.7508062198758125, 4.933571262750775, 5.100946342106909]",1.0,1,1,2019_May_31_1003,FaceNameControl_Picture&Audio,3.0.4,59.90499283
73,FacesBlock1.xlsx,Kelsey.mp4,Kelsey.JPG,Kelsey,10.0,videoFrameKelsey.png,0.0,0.0,0.0,0.0,,,,,0.0,1.0,1.0,10.0,,,,None,0.0,,1.0,1,1,2019_May_31_1003,FaceNameControl_Picture&Audio,3.0.4,59.90499283
72,FacesBlock1.xlsx,Kelsey.mp4,Kelsey.JPG,Kelsey,10.0,videoFrameKelsey.png,0.0,0.0,0.0,0.0,0.0,6.0,6.0,10.0,,,,,2.0,0.08675313800000001,,,,,,1,1,2019_May_31_1003,FaceNameControl_Picture&Audio,3.0.4,59.90499283
74,FacesBlock3.xlsx,Kevin.mp4,Kevin.JPG,Kevin,34.0,videoFrameKevin.png,0.0,2.0,2.0,2.0,0.0,4.0,4.0,4.0,,,,,1.0,0.436362615,,,,,,1,1,2019_May_31_1003,FaceNameControl_Picture&Audio,3.0.4,59.90499283
75,FacesBlock3.xlsx,Kevin.mp4,Kevin.JPG,Kevin,34.0,videoFrameKevin.png,0.0,2.0,2.0,2.0,,,,,0.0,6.0,6.0,4.0,,,,None,0.0,,1.0,1,1,2019_May_31_1003,FaceNameControl_Picture&Audio,3.0.4,59.90499283
76,FacesBlock1.xlsx,Kyle.mp4,Kyle.JPG,Kyle,11.0,videoFrameKyle.png,0.0,0.0,0.0,0.0,0.0,1.0,1.0,11.0,,,,,1.0,1.31850284,,,,,,1,1,2019_May_31_1003,FaceNameControl_Picture&Audio,3.0.4,59.90499283
77,FacesBlock1.xlsx,Kyle.mp4,Kyle.JPG,Kyle,11.0,videoFrameKyle.png,0.0,0.0,0.0,0.0,,,,,0.0,9.0,9.0,11.0,,,brandon,"['b', 'r', 'a', 'n', 'd', 'o', 'n']",0.0,"[3.234510696027428, 3.800809785258025, 4.167779736220837, 4.3675772291608155, 4.533473870251328, 4.650653242133558, 4.850557211320847]",2.0,1,1,2019_May_31_1003,FaceNameControl_Picture&Audio,3.0.4,59.90499283
78,FacesBlock3.xlsx,Lauren.mp4,Lauren.JPG,Lauren,35.0,videoFrameLauren.png,0.0,2.0,2.0,2.0,0.0,14.0,14.0,5.0,,,,,2.0,0.302187553,,,,,,1,1,2019_May_31_1003,FaceNameControl_Picture&Audio,3.0.4,59.90499283
79,FacesBlock3.xlsx,Lauren.mp4,Lauren.JPG,Lauren,35.0,videoFrameLauren.png,0.0,2.0,2.0,2.0,,,,,0.0,2.0,2.0,5.0,,,cali,"['c', 'v', 'a', 'l', 'i', 'backspace', 'backspace', 'backspace', 'backspace', 'a', 'l', 'i']",0.0,"[1.5713681639172137, 1.9023033929988742, 2.019023058936, 2.2852705172263086, 2.701646292116493, 2.8842988163232803, 3.0180054111406207, 3.1678021922707558, 3.43461702298373, 3.95112814521417, 4.216433814261109]",2.0,1,1,2019_May_31_1003,FaceNameControl_Picture&Audio,3.0.4,59.90499283
80,FacesBlock3.xlsx,Mark.mp4,Mark.JPG,Mark,36.0,videoFrameMark.png,0.0,2.0,2.0,2.0,0.0,13.0,13.0,6.0,,,,,1.0,0.250341201,,,,,,1,1,2019_May_31_1003,FaceNameControl_Picture&Audio,3.0.4,59.90499283
81,FacesBlock3.xlsx,Mark.mp4,Mark.JPG,Mark,36.0,videoFrameMark.png,0.0,2.0,2.0,2.0,,,,,0.0,0.0,0.0,6.0,,,jacob,"['j', 'a', 'c', 'o', 'b']",0.0,"[4.582723848987371, 4.749757236335427, 5.016301213297993, 5.232808973174542, 5.699082717299461]",2.0,1,1,2019_May_31_1003,FaceNameControl_Picture&Audio,3.0.4,59.90499283
82,FacesBlock1.xlsx,Matthew.mp4,Matthew.JPG,Matthew,12.0,videoFrameMatthew.png,0.0,0.0,0.0,0.0,0.0,13.0,13.0,12.0,,,,,1.0,0.403153365,,,,,,1,1,2019_May_31_1003,FaceNameControl_Picture&Audio,3.0.4,59.90499283
83,FacesBlock1.xlsx,Matthew.mp4,Matthew.JPG,Matthew,12.0,videoFrameMatthew.png,0.0,0.0,0.0,0.0,,,,,0.0,7.0,7.0,12.0,,,,None,0.0,,1.0,1,1,2019_May_31_1003,FaceNameControl_Picture&Audio,3.0.4,59.90499283
84,FacesBlock2.xlsx,Megan.mp4,Megan.JPG,Megan,25.0,videoFrameMegan.png,0.0,3.0,3.0,1.0,0.0,1.0,1.0,10.0,,,,,2.0,0.486670469,,,,,,1,1,2019_May_31_1003,FaceNameControl_Picture&Audio,3.0.4,59.90499283
85,FacesBlock2.xlsx,Megan.mp4,Megan.JPG,Megan,25.0,videoFrameMegan.png,0.0,3.0,3.0,1.0,,,,,0.0,7.0,7.0,10.0,,,sara,"['s', 'a', 'r', 'a']",0.0,"[2.9514110619202256, 3.1842886391095817, 3.3007843769155443, 3.450555346906185]",3.0,1,1,2019_May_31_1003,FaceNameControl_Picture&Audio,3.0.4,59.90499283
87,FacesBlock4.xlsx,Michael.mp4,Michael.JPG,Michael,57.0,videoFrameMichael.png,0.0,1.0,1.0,3.0,,,,,0.0,2.0,2.0,12.0,,,brandon,"['b', 'r', 'a', 'n', 'd', 'o', 'n']",0.0,"[1.7687724237330258, 1.91861294163391, 2.2010905239731073, 2.335153634659946, 2.535464159678668, 2.584864455740899, 2.784861140884459]",1.0,1,1,2019_May_31_1003,FaceNameControl_Picture&Audio,3.0.4,59.90499283
86,FacesBlock4.xlsx,Michael.mp4,Michael.JPG,Michael,57.0,videoFrameMichael.png,0.0,1.0,1.0,3.0,0.0,7.0,7.0,12.0,,,,,1.0,0.269226043,,,,,,1,1,2019_May_31_1003,FaceNameControl_Picture&Audio,3.0.4,59.90499283
89,FacesBlock4.xlsx,Michelle.mp4,Michelle.JPG,Michelle,58.0,videoFrameMichelle.png,0.0,1.0,1.0,3.0,,,,,0.0,1.0,1.0,13.0,,,briana,"['a', 'n', 'n', 'a', 'backspace', 'backspace', 'backspace', 'backspace', 'b', 'r', 'i', 'a', 'n', 'a']",0.0,"[2.6353023210540414, 2.8336126818321645, 2.9681793530471623, 3.1177497911266983, 5.0666649038903415, 5.283735390752554, 5.467040579766035, 5.650584880728275, 6.417548527941108, 6.633395806886256, 6.783231828827411, 7.000326584093273, 7.100533723831177, 7.267278173938394]",1.0,1,1,2019_May_31_1003,FaceNameControl_Picture&Audio,3.0.4,59.90499283
88,FacesBlock4.xlsx,Michelle.mp4,Michelle.JPG,Michelle,58.0,videoFrameMichelle.png,0.0,1.0,1.0,3.0,0.0,11.0,11.0,13.0,,,,,2.0,0.652781774,,,,,,1,1,2019_May_31_1003,FaceNameControl_Picture&Audio,3.0.4,59.90499283
90,FacesBlock1.xlsx,Natalie.mp4,Natalie.JPG,Natalie,13.0,videoFrameNatalie.png,0.0,0.0,0.0,0.0,0.0,7.0,7.0,13.0,,,,,2.0,0.60255111,,,,,,1,1,2019_May_31_1003,FaceNameControl_Picture&Audio,3.0.4,59.90499283
91,FacesBlock1.xlsx,Natalie.mp4,Natalie.JPG,Natalie,13.0,videoFrameNatalie.png,0.0,0.0,0.0,0.0,,,,,0.0,2.0,2.0,13.0,,,,None,0.0,,1.0,1,1,2019_May_31_1003,FaceNameControl_Picture&Audio,3.0.4,59.90499283
92,FacesBlock3.xlsx,Nathan.mp4,Nathan.JPG,Nathan,37.0,videoFrameNathan.png,0.0,2.0,2.0,2.0,0.0,9.0,9.0,7.0,,,,,1.0,0.586174809,,,,,,1,1,2019_May_31_1003,FaceNameControl_Picture&Audio,3.0.4,59.90499283
93,FacesBlock3.xlsx,Nathan.mp4,Nathan.JPG,Nathan,37.0,videoFrameNathan.png,0.0,2.0,2.0,2.0,,,,,0.0,1.0,1.0,7.0,,,mathe,"['m', 'a', 't', 'h', 'e']",0.0,"[7.416774539742619, 7.6835336880758405, 9.349378388840705, 9.549164943862706, 9.88220388488844]",2.0,1,1,2019_May_31_1003,FaceNameControl_Picture&Audio,3.0.4,59.90499283
94,FacesBlock3.xlsx,Nicole.mp4,Nicole.JPG,Nicole,38.0,videoFrameNicole.png,0.0,2.0,2.0,2.0,0.0,1.0,1.0,8.0,,,,,2.0,0.320555313,,,,,,1,1,2019_May_31_1003,FaceNameControl_Picture&Audio,3.0.4,59.90499283
95,FacesBlock3.xlsx,Nicole.mp4,Nicole.JPG,Nicole,38.0,videoFrameNicole.png,0.0,2.0,2.0,2.0,,,,,0.0,8.0,8.0,8.0,,,meghan,"['m', 'e', 'g', 'h', 'a', 'n']",0.0,"[2.9013889571651816, 3.0512899118475616, 3.4511230159550905, 3.667509149760008, 3.7841092138551176, 3.9178323801606894]",1.0,1,1,2019_May_31_1003,FaceNameControl_Picture&Audio,3.0.4,59.90499283
96,FacesBlock3.xlsx,Noah.mp4,Noah.JPG,Noah,39.0,videoFrameNoah.png,0.0,2.0,2.0,2.0,0.0,6.0,6.0,9.0,,,,,1.0,0.369788779,,,,,,1,1,2019_May_31_1003,FaceNameControl_Picture&Audio,3.0.4,59.90499283
97,FacesBlock3.xlsx,Noah.mp4,Noah.JPG,Noah,39.0,videoFrameNoah.png,0.0,2.0,2.0,2.0,,,,,0.0,10.0,10.0,9.0,,,ethan,"['e', 't', 'h', 'a', 'n']",0.0,"[7.133859186898917, 7.366941699758172, 7.534107143059373, 7.717292576096952, 7.816904571838677]",2.0,1,1,2019_May_31_1003,FaceNameControl_Picture&Audio,3.0.4,59.90499283
98,FacesBlock3.xlsx,Olivia.mp4,Olivia.JPG,Olivia,40.0,videoFrameOlivia.png,0.0,2.0,2.0,2.0,0.0,7.0,7.0,10.0,,,,,2.0,0.03677118,,,,,,1,1,2019_May_31_1003,FaceNameControl_Picture&Audio,3.0.4,59.90499283
99,FacesBlock3.xlsx,Olivia.mp4,Olivia.JPG,Olivia,40.0,videoFrameOlivia.png,0.0,2.0,2.0,2.0,,,,,0.0,14.0,14.0,10.0,,,,None,,,1.0,1,1,2019_May_31_1003,FaceNameControl_Picture&Audio,3.0.4,59.90499283
100,FacesBlock2.xlsx,Rachel.mp4,Rachel.JPG,Rachel,26.0,videoFrameRachel.png,0.0,3.0,3.0,1.0,0.0,8.0,8.0,11.0,,,,,2.0,0.536270535,,,,,,1,1,2019_May_31_1003,FaceNameControl_Picture&Audio,3.0.4,59.90499283
101,FacesBlock2.xlsx,Rachel.mp4,Rachel.JPG,Rachel,26.0,videoFrameRachel.png,0.0,3.0,3.0,1.0,,,,,0.0,1.0,1.0,11.0,,,,None,0.0,,1.0,1,1,2019_May_31_1003,FaceNameControl_Picture&Audio,3.0.4,59.90499283
103,FacesBlock3.xlsx,Rebecca.mp4,Rebecca.JPG,Rebecca,41.0,videoFrameRebecca.png,0.0,2.0,2.0,2.0,,,,,0.0,11.0,11.0,11.0,,,jessica,"['j', 'e', 's', 's', 'i', 'c', 'a']",0.0,"[3.1343104508705437, 3.266175651922822, 3.484485268127173, 3.6512737520970404, 3.8010182050056756, 3.9008995122276247, 4.166723587084562]",3.0,1,1,2019_May_31_1003,FaceNameControl_Picture&Audio,3.0.4,59.90499283
102,FacesBlock3.xlsx,Rebecca.mp4,Rebecca.JPG,Rebecca,41.0,videoFrameRebecca.png,0.0,2.0,2.0,2.0,0.0,3.0,3.0,11.0,,,,,2.0,0.8026072879999999,,,,,,1,1,2019_May_31_1003,FaceNameControl_Picture&Audio,3.0.4,59.90499283
104,FacesBlock3.xlsx,Sarah.mp4,Sarah.JPG,Sarah,42.0,videoFrameSarah.png,0.0,2.0,2.0,2.0,0.0,12.0,12.0,12.0,,,,,2.0,0.368890436,,,,,,1,1,2019_May_31_1003,FaceNameControl_Picture&Audio,3.0.4,59.90499283
105,FacesBlock3.xlsx,Sarah.mp4,Sarah.JPG,Sarah,42.0,videoFrameSarah.png,0.0,2.0,2.0,2.0,,,,,0.0,7.0,7.0,12.0,,,sara,"['s', 'a', 'r', 'a']",1.0,"[3.168431938160211, 3.3847805382683873, 3.532987544313073, 3.6680997922085226]",2.0,1,1,2019_May_31_1003,FaceNameControl_Picture&Audio,3.0.4,59.90499283
106,FacesBlock3.xlsx,Shelby.mp4,Shelby.JPG,Shelby,43.0,videoFrameShelby.png,0.0,2.0,2.0,2.0,0.0,0.0,0.0,13.0,,,,,2.0,1.452544584,,,,,,1,1,2019_May_31_1003,FaceNameControl_Picture&Audio,3.0.4,59.90499283
107,FacesBlock3.xlsx,Shelby.mp4,Shelby.JPG,Shelby,43.0,videoFrameShelby.png,0.0,2.0,2.0,2.0,,,,,0.0,9.0,9.0,13.0,,,samantha,"['s', 'a', 'm', 'a', 'n', 't', 'h', 'a']",0.0,"[5.58462608512491, 5.9843090190552175, 6.10110832285136, 6.35059446003288, 6.667375426739454, 6.950530415866524, 7.1331260348670185, 7.35058271093294]",2.0,1,1,2019_May_31_1003,FaceNameControl_Picture&Audio,3.0.4,59.90499283
108,FacesBlock2.xlsx,Steven.mp4,Steven.JPG,Steven,27.0,videoFrameSteven.png,0.0,3.0,3.0,1.0,0.0,7.0,7.0,12.0,,,,,1.0,0.535689404,,,,,,1,1,2019_May_31_1003,FaceNameControl_Picture&Audio,3.0.4,59.90499283
109,FacesBlock2.xlsx,Steven.mp4,Steven.JPG,Steven,27.0,videoFrameSteven.png,0.0,3.0,3.0,1.0,,,,,0.0,11.0,11.0,12.0,,,daniel,"['d', 'a', 'n', 'i', 'e', 'k', 'backspace', 'l']",0.0,"[4.00191882904619, 4.251063012052327, 4.484740610234439, 4.801373282913119, 5.0015535042621195, 5.150726286228746, 5.99978647287935, 6.267457954119891]",1.0,1,1,2019_May_31_1003,FaceNameControl_Picture&Audio,3.0.4,59.90499283
110,FacesBlock4.xlsx,Taylor.mp4,Taylor.JPG,Taylor,59.0,videoFrameTaylor.png,0.0,1.0,1.0,3.0,0.0,13.0,13.0,14.0,,,,,2.0,0.869190696,,,,,,1,1,2019_May_31_1003,FaceNameControl_Picture&Audio,3.0.4,59.90499283
111,FacesBlock4.xlsx,Taylor.mp4,Taylor.JPG,Taylor,59.0,videoFrameTaylor.png,0.0,1.0,1.0,3.0,,,,,0.0,8.0,8.0,14.0,,,,None,0.0,,1.0,1,1,2019_May_31_1003,FaceNameControl_Picture&Audio,3.0.4,59.90499283
112,FacesBlock3.xlsx,Thomas.mp4,Thomas.JPG,Thomas,44.0,videoFrameThomas.png,0.0,2.0,2.0,2.0,0.0,2.0,2.0,14.0,,,,,1.0,0.353004036,,,,,,1,1,2019_May_31_1003,FaceNameControl_Picture&Audio,3.0.4,59.90499283
113,FacesBlock3.xlsx,Thomas.mp4,Thomas.JPG,Thomas,44.0,videoFrameThomas.png,0.0,2.0,2.0,2.0,,,,,0.0,3.0,3.0,14.0,,,daniel,"['d', 'a', 'n', 'i', 'e', 'l']",0.0,"[3.8844887637533247, 4.117700994946063, 4.367416355758905, 4.5344100329093635, 4.715609455946833, 4.850240446161479]",2.0,1,1,2019_May_31_1003,FaceNameControl_Picture&Audio,3.0.4,59.90499283
114,FacesBlock1.xlsx,Timothy.mp4,Timothy.JPG,Timothy,14.0,videoFrameTimothy.png,0.0,0.0,0.0,0.0,0.0,9.0,9.0,14.0,,,,,1.0,2.867571409,,,,,,1,1,2019_May_31_1003,FaceNameControl_Picture&Audio,3.0.4,59.90499283
115,FacesBlock1.xlsx,Timothy.mp4,Timothy.JPG,Timothy,14.0,videoFrameTimothy.png,0.0,0.0,0.0,0.0,,,,,0.0,4.0,4.0,14.0,,,brian,"['b', 'r', 'i', 'a', 'n']",0.0,"[4.252021912951022, 4.551709335763007, 4.768204534891993, 5.484930142760277, 5.767892325762659]",2.0,1,1,2019_May_31_1003,FaceNameControl_Picture&Audio,3.0.4,59.90499283
116,FacesBlock2.xlsx,Trevor.mp4,Trevor.JPG,Trevor,28.0,videoFrameTrevor.png,0.0,3.0,3.0,1.0,0.0,10.0,10.0,13.0,,,,,1.0,0.402812096,,,,,,1,1,2019_May_31_1003,FaceNameControl_Picture&Audio,3.0.4,59.90499283
117,FacesBlock2.xlsx,Trevor.mp4,Trevor.JPG,Trevor,28.0,videoFrameTrevor.png,0.0,3.0,3.0,1.0,,,,,0.0,10.0,10.0,13.0,,,mathew,"['m', 'a', 't', 'h', 'e', 'w']",0.0,"[4.0008507440797985, 4.25125730689615, 4.434635193087161, 4.650720654055476, 4.767885765992105, 4.950758583843708]",2.0,1,1,2019_May_31_1003,FaceNameControl_Picture&Audio,3.0.4,59.90499283
118,FacesBlock2.xlsx,Tyler.mp4,Tyler.JPG,Tyler,29.0,videoFrameTyler.png,0.0,3.0,3.0,1.0,0.0,14.0,14.0,14.0,,,,,1.0,0.570180779,,,,,,1,1,2019_May_31_1003,FaceNameControl_Picture&Audio,3.0.4,59.90499283
119,FacesBlock2.xlsx,Tyler.mp4,Tyler.JPG,Tyler,29.0,videoFrameTyler.png,0.0,3.0,3.0,1.0,,,,,0.0,12.0,12.0,14.0,,,,None,0.0,,1.0,1,1,2019_May_31_1003,FaceNameControl_Picture&Audio,3.0.4,59.90499283
120,,,,,,,,,,,,,,,,,,,,,,,,,,1,1,2019_May_31_1003,FaceNameControl_Picture&Audio,3.0.4,59.90499283
