,condsFile,Name,inputText,key_resp_3.keys,recallRating_s
0,FacesBlock2.xlsx,Aaron,,,
1,FacesBlock2.xlsx,Aaron,,['lshift'],0.0
2,FacesBlock1.xlsx,Adam,,,
3,FacesBlock1.xlsx,Adam,Adam,"['lshift', 'a', 'd', 'a', 'm']",1.0
4,FacesBlock4.xlsx,Alyssa,,,
5,FacesBlock4.xlsx,Alyssa,,None,0.0
6,FacesBlock1.xlsx,Amanda,,,
7,FacesBlock1.xlsx,Amanda,Michelle,"['lshift', 'm', 'i', 'c', 'h', 'e', 'l', 'l', 'e']",0.0
8,FacesBlock4.xlsx,Andrew,,,
9,FacesBlock4.xlsx,Andrew,Michael,"['lshift', 'm', 'i', 'c', 'h', 'a', 'e', 'l']",0.0
10,FacesBlock4.xlsx,Anna,,,
11,FacesBlock4.xlsx,Anna,Anna,"['lshift', 'a', 'n', 'n', 'a']",1.0
12,FacesBlock2.xlsx,Ashley,,,
13,FacesBlock2.xlsx,Ashley,Holly,"['lshift', 'h', 'o', 'l', 'l', 'y']",0.0
15,FacesBlock1.xlsx,Bradley,Eric,"['lshift', 'e', 'r', 'i', 'c']",0.0
14,FacesBlock1.xlsx,Bradley,,,
16,FacesBlock4.xlsx,Brandon,,,
17,FacesBlock4.xlsx,Brandon,,None,0.0
18,FacesBlock4.xlsx,Brian,,,
19,FacesBlock4.xlsx,Brian,,['lshift'],0.0
20,FacesBlock4.xlsx,Brianna,,,
21,FacesBlock4.xlsx,Brianna,Mandy,"['lshift', 'm', 'a', 'n', 'd', 'y']",0.0
22,FacesBlock2.xlsx,Brittany,,,
23,FacesBlock2.xlsx,Brittany,Megan,"['lshift', 'm', 'e', 'g', 'a', 'n']",0.0
24,FacesBlock4.xlsx,Caleb,,,
25,FacesBlock4.xlsx,Caleb,Caleb,"['lshift', 'c', 'a', 'l', 'e', 'b']",1.0
26,FacesBlock2.xlsx,Cody,,,
27,FacesBlock2.xlsx,Cody,Josh,"['lshift', 'j', 'o', 's', 'h']",0.0
29,FacesBlock3.xlsx,Courtney,,['lshift'],0.0
28,FacesBlock3.xlsx,Courtney,,,
30,FacesBlock3.xlsx,Daniel,,,
31,FacesBlock3.xlsx,Daniel,Steven,"['lshift', 'lshift', 's', 't', 'e', 'v', 'e', 'n', 'space']",0.0
32,FacesBlock1.xlsx,Danielle,,,
33,FacesBlock1.xlsx,Danielle,Julie,"['lshift', 'j', 'u', 'l', 'i', 'e']",0.0
34,FacesBlock2.xlsx,David,,,
35,FacesBlock2.xlsx,David,Eric,"['lshift', 'lshift', 'e', 'r', 'o', 'c', 'backspace', 'backspace', 'c', 'backspace', 'i', 'c']",0.0
36,FacesBlock4.xlsx,Dylan,,,
37,FacesBlock4.xlsx,Dylan,Robert,"['lshift', 'r', 'o', 'b', 'e', 'r', 't']",0.0
38,FacesBlock4.xlsx,Emily,,,
39,FacesBlock4.xlsx,Emily,Brianna,"['lshift', 'b', 'r', 'i', 'a', 'n', 'n', 'a']",0.0
40,FacesBlock1.xlsx,Eric,,,
41,FacesBlock1.xlsx,Eric,Timothy,"['lshift', 't', 'i', 'm', 'o', 't', 'h', 'y']",0.0
43,FacesBlock1.xlsx,Ethan,,None,0.0
42,FacesBlock1.xlsx,Ethan,,,
44,FacesBlock4.xlsx,Grace,,,
45,FacesBlock4.xlsx,Grace,An,"['lshift', 'a', 'n']",0.0
46,FacesBlock2.xlsx,Haley,,,
47,FacesBlock2.xlsx,Haley,Julie,"['lshift', 'j', 'u', 'l', 'i', 'e']",0.0
48,FacesBlock1.xlsx,Hannah,,,
49,FacesBlock1.xlsx,Hannah,Hannah,"['lshift', 'h', 'a', 'n', 'n', 'a', 'h']",1.0
50,FacesBlock2.xlsx,Heather,,,
51,FacesBlock2.xlsx,Heather,Heather,"['lshift', 'h', 'e', 'a', 't', 'h', 'e', 'r']",1.0
52,FacesBlock3.xlsx,Jacob,,,
53,FacesBlock3.xlsx,Jacob,Jacob,"['lshift', 'j', 'a', 'c', 'o', 'b', 'return', 'return', 'return', 'return', 'return', 'space']",1.0
54,FacesBlock4.xlsx,Jason,,,
55,FacesBlock4.xlsx,Jason,,None,0.0
56,FacesBlock1.xlsx,Jenna,,,
57,FacesBlock1.xlsx,Jenna,,None,0.0
59,FacesBlock2.xlsx,Jeremy,Trevor,"['lshift', 't', 'r', 'e', 'v', 'o', 'r']",0.0
58,FacesBlock2.xlsx,Jeremy,,,
60,FacesBlock1.xlsx,Jessica,,,
61,FacesBlock1.xlsx,Jessica,Jessica,"['lshift', 'j', 'e', 's', 's', 'i', 'c', 'a']",1.0
62,FacesBlock2.xlsx,Josh,,,
63,FacesBlock2.xlsx,Josh,Josh,"['lshift', 'j', 'o', 's', 'h']",1.0
64,FacesBlock1.xlsx,Julia,,,
65,FacesBlock1.xlsx,Julia,Julie,"['lshift', 'j', 'u', 'l', 'i', 'e']",1.0
66,FacesBlock2.xlsx,Justin,,,
67,FacesBlock2.xlsx,Justin,Todd,"['lshift', 't', 'o', 'd', 'd']",0.0
68,FacesBlock4.xlsx,Katie,,,
69,FacesBlock4.xlsx,Katie,Brianna,"['lshift', 'b', 'r', 'i', 'a', 'n', 'n', 'a']",0.0
70,FacesBlock3.xlsx,Kayla,,,
71,FacesBlock3.xlsx,Kayla,Nicole,"['lshift', 'n', 'i', 'c', 'o', 'l', 'e']",0.0
73,FacesBlock1.xlsx,Kelsey,,None,0.0
72,FacesBlock1.xlsx,Kelsey,,,
74,FacesBlock3.xlsx,Kevin,,,
75,FacesBlock3.xlsx,Kevin,Peter,"['lshift', 'p', 'e', 't', 'e', 'r']",0.0
76,FacesBlock1.xlsx,Kyle,,,
77,FacesBlock1.xlsx,Kyle,,None,0.0
78,FacesBlock3.xlsx,Lauren,,,
79,FacesBlock3.xlsx,Lauren,Christy,"['lshift', 'c', 'h', 'r', 'i', 's', 't', 'y']",0.0
80,FacesBlock3.xlsx,Mark,,,
81,FacesBlock3.xlsx,Mark,Mark2,"['lshift', 'm', 'r', 'a', 'backspace', 'backspace', 'a', 'r', 'k', '2']",1.0
82,FacesBlock1.xlsx,Matthew,,,
83,FacesBlock1.xlsx,Matthew,Timothy,"['lshift', 't', 'i', 'm', 'o', 't', 'h', 'y']",0.0
84,FacesBlock2.xlsx,Megan,,,
85,FacesBlock2.xlsx,Megan,Megan,"['lshift', 'm', 'e', 'g', 'a', 'n']",1.0
87,FacesBlock4.xlsx,Michael,Todd,"['lshift', 't', 'o', 'd', 'd']",0.0
86,FacesBlock4.xlsx,Michael,,,
89,FacesBlock4.xlsx,Michelle,Michelle,"['lshift', 'c', 'backspace', 'lshift', 'm', 'i', 'c', 'h', 'e', 'l', 'l', 'e']",1.0
88,FacesBlock4.xlsx,Michelle,,,
90,FacesBlock1.xlsx,Natalie,,,
91,FacesBlock1.xlsx,Natalie,Amanda,"['lshift', 'a', 'm', 'a', 'n', 'd', 'a']",0.0
92,FacesBlock3.xlsx,Nathan,,,
93,FacesBlock3.xlsx,Nathan,Daniel,"['lshift', 'd', 'a', 'm', 'backspace', 'n', 'i', 'e', 'l', 'space']",0.0
94,FacesBlock3.xlsx,Nicole,,,
95,FacesBlock3.xlsx,Nicole,Britney,"['z', 'backspace', 'lshift', 'b', 'r', 'i', 't', 'n', 'e', 'y']",0.0
96,FacesBlock3.xlsx,Noah,,,
97,FacesBlock3.xlsx,Noah,Andy,"['lshift', 'a', 'n', 'd', 't', 'backspace', 'y']",0.0
98,FacesBlock3.xlsx,Olivia,,,
99,FacesBlock3.xlsx,Olivia,Mandy,"['lshift', 'm', 'a', 'n', 'd', 'y']",0.0
100,FacesBlock2.xlsx,Rachel,,,
101,FacesBlock2.xlsx,Rachel,,None,0.0
103,FacesBlock3.xlsx,Rebecca,,None,0.0
102,FacesBlock3.xlsx,Rebecca,,,
104,FacesBlock3.xlsx,Sarah,,,
105,FacesBlock3.xlsx,Sarah,Emily,"['lshift', 'e', 'm', 'i', 'l', 'y', 'return', 'space']",0.0
106,FacesBlock3.xlsx,Shelby,,,
107,FacesBlock3.xlsx,Shelby,Tasha,"['lshift', 't', 'a', 'h', 'backspace', 's', 'h', 'a']",0.0
108,FacesBlock2.xlsx,Steven,,,
109,FacesBlock2.xlsx,Steven,,None,0.0
110,FacesBlock4.xlsx,Taylor,,,
111,FacesBlock4.xlsx,Taylor,Taylor,"['lshift', 't', 'a', 'y', 'l', 'o', 'r']",1.0
112,FacesBlock3.xlsx,Thomas,,,
113,FacesBlock3.xlsx,Thomas,Eric,"['lshift', 'e', 'r', 'o', 'c', 'backspace', 'backspace', 'i', 'c', 'space', 'space', 'return']",0.0
114,FacesBlock1.xlsx,Timothy,,,
115,FacesBlock1.xlsx,Timothy,,['lshift'],0.0
116,FacesBlock2.xlsx,Trevor,,,
117,FacesBlock2.xlsx,Trevor,Trevor,"['lshift', 't', 'r', 'e', 'v', 'o', 'r']",1.0
118,FacesBlock2.xlsx,Tyler,,,
119,FacesBlock2.xlsx,Tyler,Andy,"['lshift', 'a', 'n', 'd', 'y']",0.0
