,condsFile,Video,Photo,Name,Row,videoFrame,blocks.thisRepN,blocks.thisTrialN,blocks.thisN,blocks.thisIndex,presentations.thisRepN,presentations.thisTrialN,presentations.thisN,presentations.thisIndex,testing.thisRepN,testing.thisTrialN,testing.thisN,testing.thisIndex,judgementResp.keys,judgementResp.rt,inputText,key_resp_3.keys,recallRating_s,key_resp_3.rt,rating_resp.keys,participant,session,date,expName,psychopyVersion,frameRate
84,FacesBlock2.xlsx,Aaron.mp4,Aaron.JPG,Aaron,15.0,videoFrameAaron.png,0.0,2.0,2.0,1.0,,,,,0.0,8.0,8.0,0.0,,,,None,0.0,,1.0,22,1,2019_Oct_01_1058,FaceNameControl_Picture&Audio,3.0.4,85.09952722
74,FacesBlock2.xlsx,Aaron.mp4,Aaron.JPG,Aaron,15.0,videoFrameAaron.png,0.0,2.0,2.0,1.0,0.0,13.0,13.0,0.0,,,,,1.0,0.67309641,,,,,,22,1,2019_Oct_01_1058,FaceNameControl_Picture&Audio,3.0.4,85.09952722
120,FacesBlock1.xlsx,Adam.mp4,Adam.JPG,Adam,0.0,videoFrameAdam.png,0.0,3.0,3.0,0.0,,,,,0.0,14.0,14.0,0.0,,,adam,"['a', 'd', 'a', 'm']",1.0,"[1.6601672209999379, 1.989071549000073, 2.4131054429999494, 2.5184580199993434]",4.0,22,1,2019_Oct_01_1058,FaceNameControl_Picture&Audio,3.0.4,85.09952722
104,FacesBlock1.xlsx,Adam.mp4,Adam.JPG,Adam,0.0,videoFrameAdam.png,0.0,3.0,3.0,0.0,0.0,13.0,13.0,0.0,,,,,1.0,0.285753789,,,,,,22,1,2019_Oct_01_1058,FaceNameControl_Picture&Audio,3.0.4,85.09952722
32,FacesBlock4.xlsx,Alyssa.mp4,Alyssa.JPG,Alyssa,45.0,videoFrameAlyssa.png,0.0,1.0,1.0,3.0,0.0,1.0,1.0,0.0,,,,,2.0,0.897259936,,,,,,22,1,2019_Oct_01_1058,FaceNameControl_Picture&Audio,3.0.4,85.09952722
51,FacesBlock4.xlsx,Alyssa.mp4,Alyssa.JPG,Alyssa,45.0,videoFrameAlyssa.png,0.0,1.0,1.0,3.0,,,,,0.0,5.0,5.0,0.0,,,alyssa,"['a', 'l', 'y', 's', 's', 'a']",1.0,"[1.1546786070002781, 1.2608050660001027, 1.5078222190004453, 1.6490962010002477, 1.7903201260005517, 2.0368225849997543]",4.0,22,1,2019_Oct_01_1058,FaceNameControl_Picture&Audio,3.0.4,85.09952722
115,FacesBlock1.xlsx,Amanda.mp4,Amanda.JPG,Amanda,1.0,videoFrameAmanda.png,0.0,3.0,3.0,0.0,,,,,0.0,9.0,9.0,1.0,,,amanda,"['a', 'm', 'a', 'n', 'd', 'a']",1.0,"[1.989348480999979, 2.084154074000253, 2.2128858810001475, 2.307408198000303, 2.483551439000621, 2.660249176000434]",4.0,22,1,2019_Oct_01_1058,FaceNameControl_Picture&Audio,3.0.4,85.09952722
96,FacesBlock1.xlsx,Amanda.mp4,Amanda.JPG,Amanda,1.0,videoFrameAmanda.png,0.0,3.0,3.0,0.0,0.0,5.0,5.0,1.0,,,,,2.0,0.48488383399999996,,,,,,22,1,2019_Oct_01_1058,FaceNameControl_Picture&Audio,3.0.4,85.09952722
33,FacesBlock4.xlsx,Andrew.mp4,Andrew.JPG,Andrew,46.0,videoFrameAndrew.png,0.0,1.0,1.0,3.0,0.0,2.0,2.0,1.0,,,,,1.0,1.850220341,,,,,,22,1,2019_Oct_01_1058,FaceNameControl_Picture&Audio,3.0.4,85.09952722
56,FacesBlock4.xlsx,Andrew.mp4,Andrew.JPG,Andrew,46.0,videoFrameAndrew.png,0.0,1.0,1.0,3.0,,,,,0.0,10.0,10.0,1.0,,,,None,0.0,,1.0,22,1,2019_Oct_01_1058,FaceNameControl_Picture&Audio,3.0.4,85.09952722
36,FacesBlock4.xlsx,Anna.mp4,Anna.JPG,Anna,47.0,videoFrameAnna.png,0.0,1.0,1.0,3.0,0.0,5.0,5.0,2.0,,,,,2.0,0.7414873909999999,,,,,,22,1,2019_Oct_01_1058,FaceNameControl_Picture&Audio,3.0.4,85.09952722
50,FacesBlock4.xlsx,Anna.mp4,Anna.JPG,Anna,47.0,videoFrameAnna.png,0.0,1.0,1.0,3.0,,,,,0.0,4.0,4.0,2.0,,,,None,0.0,,1.0,22,1,2019_Oct_01_1058,FaceNameControl_Picture&Audio,3.0.4,85.09952722
76,FacesBlock2.xlsx,Ashley.mp4,Ashley.JPG,Ashley,16.0,videoFrameAshley.png,0.0,2.0,2.0,1.0,,,,,0.0,0.0,0.0,1.0,,,,None,0.0,,1.0,22,1,2019_Oct_01_1058,FaceNameControl_Picture&Audio,3.0.4,85.09952722
63,FacesBlock2.xlsx,Ashley.mp4,Ashley.JPG,Ashley,16.0,videoFrameAshley.png,0.0,2.0,2.0,1.0,0.0,2.0,2.0,1.0,,,,,2.0,0.55559274,,,,,,22,1,2019_Oct_01_1058,FaceNameControl_Picture&Audio,3.0.4,85.09952722
98,FacesBlock1.xlsx,Bradley.mp4,Bradley.JPG,Bradley,2.0,videoFrameBradley.png,0.0,3.0,3.0,0.0,0.0,7.0,7.0,2.0,,,,,1.0,3.319370208,,,,,,22,1,2019_Oct_01_1058,FaceNameControl_Picture&Audio,3.0.4,85.09952722
118,FacesBlock1.xlsx,Bradley.mp4,Bradley.JPG,Bradley,2.0,videoFrameBradley.png,0.0,3.0,3.0,0.0,,,,,0.0,12.0,12.0,2.0,,,bradley,"['b', 'r', 'a', 'd', 'l', 'e', 'y']",1.0,"[1.6366630060001626, 1.9075997319996532, 2.1189717750003183, 2.307187528999748, 2.4348522899999807, 2.5899026799997955, 2.7075483119997443]",1.0,22,1,2019_Oct_01_1058,FaceNameControl_Picture&Audio,3.0.4,85.09952722
52,FacesBlock4.xlsx,Brandon.mp4,Brandon.JPG,Brandon,48.0,videoFrameBrandon.png,0.0,1.0,1.0,3.0,,,,,0.0,6.0,6.0,3.0,,,brandon,"['b', 'r', 'a', 'n', 'd', 'o', 'n']",1.0,"[2.0723722249995262, 2.2254480629999307, 2.378014713999619, 2.4725043779999396, 2.6253253659997426, 2.801736505000008, 2.9423445689999426]",3.0,22,1,2019_Oct_01_1058,FaceNameControl_Picture&Audio,3.0.4,85.09952722
41,FacesBlock4.xlsx,Brandon.mp4,Brandon.JPG,Brandon,48.0,videoFrameBrandon.png,0.0,1.0,1.0,3.0,0.0,10.0,10.0,3.0,,,,,1.0,0.6381122229999999,,,,,,22,1,2019_Oct_01_1058,FaceNameControl_Picture&Audio,3.0.4,85.09952722
37,FacesBlock4.xlsx,Brian.mp4,Brian.JPG,Brian,49.0,videoFrameBrian.png,0.0,1.0,1.0,3.0,0.0,6.0,6.0,4.0,,,,,1.0,1.143550054,,,,,,22,1,2019_Oct_01_1058,FaceNameControl_Picture&Audio,3.0.4,85.09952722
59,FacesBlock4.xlsx,Brian.mp4,Brian.JPG,Brian,49.0,videoFrameBrian.png,0.0,1.0,1.0,3.0,,,,,0.0,13.0,13.0,4.0,,,brian,"['b', 'r', 'i', 'a', 'n']",1.0,"[1.0015570989999105, 1.3196328639996864, 1.7428345079997598, 1.8480914789997769, 1.96607978099928]",4.0,22,1,2019_Oct_01_1058,FaceNameControl_Picture&Audio,3.0.4,85.09952722
31,FacesBlock4.xlsx,Brianna.mp4,Brianna.JPG,Brianna,50.0,videoFrameBrianna.png,0.0,1.0,1.0,3.0,0.0,0.0,0.0,5.0,,,,,2.0,3.696625248,,,,,,22,1,2019_Oct_01_1058,FaceNameControl_Picture&Audio,3.0.4,85.09952722
47,FacesBlock4.xlsx,Brianna.mp4,Brianna.JPG,Brianna,50.0,videoFrameBrianna.png,0.0,1.0,1.0,3.0,,,,,0.0,1.0,1.0,5.0,,,emily,"['e', 'm', 'i', 'l', 'y']",0.0,"[3.2367645120002635, 3.3066412079997463, 3.5189357130002463, 3.671666850999827, 3.989170672]",2.0,22,1,2019_Oct_01_1058,FaceNameControl_Picture&Audio,3.0.4,85.09952722
86,FacesBlock2.xlsx,Brittany.mp4,Brittany.JPG,Brittany,17.0,videoFrameBrittany.png,0.0,2.0,2.0,1.0,,,,,0.0,10.0,10.0,2.0,,,brittany,"['b', 'r', 'i', 't', 't', 'a', 'n', 'y']",1.0,"[3.7666023050005606, 4.1191141610006525, 4.824544265999975, 5.118799767999917, 5.4833414439999615, 5.695153552000193, 6.083356974000708, 6.741346073000386]",4.0,22,1,2019_Oct_01_1058,FaceNameControl_Picture&Audio,3.0.4,85.09952722
70,FacesBlock2.xlsx,Brittany.mp4,Brittany.JPG,Brittany,17.0,videoFrameBrittany.png,0.0,2.0,2.0,1.0,0.0,9.0,9.0,2.0,,,,,2.0,0.790503126,,,,,,22,1,2019_Oct_01_1058,FaceNameControl_Picture&Audio,3.0.4,85.09952722
42,FacesBlock4.xlsx,Caleb.mp4,Caleb.JPG,Caleb,51.0,videoFrameCaleb.png,0.0,1.0,1.0,3.0,0.0,11.0,11.0,6.0,,,,,1.0,1.614202868,,,,,,22,1,2019_Oct_01_1058,FaceNameControl_Picture&Audio,3.0.4,85.09952722
57,FacesBlock4.xlsx,Caleb.mp4,Caleb.JPG,Caleb,51.0,videoFrameCaleb.png,0.0,1.0,1.0,3.0,,,,,0.0,11.0,11.0,6.0,,,,None,0.0,,1.0,22,1,2019_Oct_01_1058,FaceNameControl_Picture&Audio,3.0.4,85.09952722
64,FacesBlock2.xlsx,Cody.mp4,Cody.JPG,Cody,18.0,videoFrameCody.png,0.0,2.0,2.0,1.0,0.0,3.0,3.0,3.0,,,,,1.0,0.238408395,,,,,,22,1,2019_Oct_01_1058,FaceNameControl_Picture&Audio,3.0.4,85.09952722
82,FacesBlock2.xlsx,Cody.mp4,Cody.JPG,Cody,18.0,videoFrameCody.png,0.0,2.0,2.0,1.0,,,,,0.0,6.0,6.0,3.0,,,cody,"['c', 'd', 'backspace', 'o', 'd', 'y']",1.0,"[3.095232928999394, 3.3544580769994354, 3.8359977059999437, 4.4709213669993915, 4.589208799999142, 4.742324541000016]",3.0,22,1,2019_Oct_01_1058,FaceNameControl_Picture&Audio,3.0.4,85.09952722
21,FacesBlock3.xlsx,Courtney.mp4,Courtney.JPG,Courtney,30.0,videoFrameCourtney.png,0.0,0.0,0.0,2.0,,,,,0.0,5.0,5.0,0.0,,,,None,0.0,,1.0,22,1,2019_Oct_01_1058,FaceNameControl_Picture&Audio,3.0.4,85.09952722
6,FacesBlock3.xlsx,Courtney.mp4,Courtney.JPG,Courtney,30.0,videoFrameCourtney.png,0.0,0.0,0.0,2.0,0.0,5.0,5.0,0.0,,,,,2.0,1.51995204,,,,,,22,1,2019_Oct_01_1058,FaceNameControl_Picture&Audio,3.0.4,85.09952722
29,FacesBlock3.xlsx,Daniel.mp4,Daniel.JPG,Daniel,31.0,videoFrameDaniel.png,0.0,0.0,0.0,2.0,,,,,0.0,13.0,13.0,1.0,,,,None,0.0,,1.0,22,1,2019_Oct_01_1058,FaceNameControl_Picture&Audio,3.0.4,85.09952722
15,FacesBlock3.xlsx,Daniel.mp4,Daniel.JPG,Daniel,31.0,videoFrameDaniel.png,0.0,0.0,0.0,2.0,0.0,14.0,14.0,1.0,,,,,1.0,0.6036566170000001,,,,,,22,1,2019_Oct_01_1058,FaceNameControl_Picture&Audio,3.0.4,85.09952722
109,FacesBlock1.xlsx,Danielle.mp4,Danielle.JPG,Danielle,3.0,videoFrameDanielle.png,0.0,3.0,3.0,0.0,,,,,0.0,3.0,3.0,3.0,,,natalie,"['n', 'a', 't', 'a', 'l', 'i', 'e']",0.0,"[2.5193319689997224, 2.6251304349998463, 2.766325947000041, 2.9191054700004315, 3.095466478999697, 3.2956775499997093, 3.375841643000058]",3.0,22,1,2019_Oct_01_1058,FaceNameControl_Picture&Audio,3.0.4,85.09952722
92,FacesBlock1.xlsx,Danielle.mp4,Danielle.JPG,Danielle,3.0,videoFrameDanielle.png,0.0,3.0,3.0,0.0,0.0,1.0,1.0,3.0,,,,,2.0,0.21445107600000002,,,,,,22,1,2019_Oct_01_1058,FaceNameControl_Picture&Audio,3.0.4,85.09952722
85,FacesBlock2.xlsx,David.mp4,David.JPG,David,19.0,videoFrameDavid.png,0.0,2.0,2.0,1.0,,,,,0.0,9.0,9.0,4.0,,,david,"['d', 'a', 'v', 'i', 'd']",1.0,"[2.9666959210007917, 3.1666210090006643, 3.2844046820000585, 3.460761795000508, 3.5664709270004096]",4.0,22,1,2019_Oct_01_1058,FaceNameControl_Picture&Audio,3.0.4,85.09952722
72,FacesBlock2.xlsx,David.mp4,David.JPG,David,19.0,videoFrameDavid.png,0.0,2.0,2.0,1.0,0.0,11.0,11.0,4.0,,,,,1.0,0.273565892,,,,,,22,1,2019_Oct_01_1058,FaceNameControl_Picture&Audio,3.0.4,85.09952722
54,FacesBlock4.xlsx,Dylan.mp4,Dylan.JPG,Dylan,52.0,videoFrameDylan.png,0.0,1.0,1.0,3.0,,,,,0.0,8.0,8.0,7.0,,,dyal,"['d', 'y', 'a', 'l']",0.0,"[9.376010852000036, 9.481792660000792, 9.623183547000735, 9.728924720000578]",1.0,22,1,2019_Oct_01_1058,FaceNameControl_Picture&Audio,3.0.4,85.09952722
34,FacesBlock4.xlsx,Dylan.mp4,Dylan.JPG,Dylan,52.0,videoFrameDylan.png,0.0,1.0,1.0,3.0,0.0,3.0,3.0,7.0,,,,,1.0,0.7209933340000001,,,,,,22,1,2019_Oct_01_1058,FaceNameControl_Picture&Audio,3.0.4,85.09952722
38,FacesBlock4.xlsx,Emily.mp4,Emily.JPG,Emily,53.0,videoFrameEmily.png,0.0,1.0,1.0,3.0,0.0,7.0,7.0,8.0,,,,,2.0,0.626165347,,,,,,22,1,2019_Oct_01_1058,FaceNameControl_Picture&Audio,3.0.4,85.09952722
49,FacesBlock4.xlsx,Emily.mp4,Emily.JPG,Emily,53.0,videoFrameEmily.png,0.0,1.0,1.0,3.0,,,,,0.0,3.0,3.0,8.0,,,,None,0.0,,1.0,22,1,2019_Oct_01_1058,FaceNameControl_Picture&Audio,3.0.4,85.09952722
99,FacesBlock1.xlsx,Eric.mp4,Eric.JPG,Eric,4.0,videoFrameEric.png,0.0,3.0,3.0,0.0,0.0,8.0,8.0,4.0,,,,,1.0,0.76749486,,,,,,22,1,2019_Oct_01_1058,FaceNameControl_Picture&Audio,3.0.4,85.09952722
113,FacesBlock1.xlsx,Eric.mp4,Eric.JPG,Eric,4.0,videoFrameEric.png,0.0,3.0,3.0,0.0,,,,,0.0,7.0,7.0,4.0,,,,None,0.0,,1.0,22,1,2019_Oct_01_1058,FaceNameControl_Picture&Audio,3.0.4,85.09952722
100,FacesBlock1.xlsx,Ethan.mp4,Ethan.JPG,Ethan,5.0,videoFrameEthan.png,0.0,3.0,3.0,0.0,0.0,9.0,9.0,5.0,,,,,1.0,2.1556089330000003,,,,,,22,1,2019_Oct_01_1058,FaceNameControl_Picture&Audio,3.0.4,85.09952722
106,FacesBlock1.xlsx,Ethan.mp4,Ethan.JPG,Ethan,5.0,videoFrameEthan.png,0.0,3.0,3.0,0.0,,,,,0.0,0.0,0.0,5.0,,,ethan,"['e', 't', 'h', 'a', 'n']",1.0,"[1.9772645760003797, 2.3657027380004365, 2.4478936350005824, 2.5768365320000157, 2.6355346260006627]",4.0,22,1,2019_Oct_01_1058,FaceNameControl_Picture&Audio,3.0.4,85.09952722
35,FacesBlock4.xlsx,Grace.mp4,Grace.JPG,Grace,54.0,videoFrameGrace.png,0.0,1.0,1.0,3.0,0.0,4.0,4.0,9.0,,,,,2.0,0.35631482,,,,,,22,1,2019_Oct_01_1058,FaceNameControl_Picture&Audio,3.0.4,85.09952722
48,FacesBlock4.xlsx,Grace.mp4,Grace.JPG,Grace,54.0,videoFrameGrace.png,0.0,1.0,1.0,3.0,,,,,0.0,2.0,2.0,9.0,,,emily,"['e', 'm', 'i', 'l', 'y']",0.0,"[1.9891817540001284, 2.084131274000356, 3.4247104220003166, 3.5660402970006544, 4.189262507999956]",4.0,22,1,2019_Oct_01_1058,FaceNameControl_Picture&Audio,3.0.4,85.09952722
78,FacesBlock2.xlsx,Haley.mp4,Haley.JPG,Haley,20.0,videoFrameHaley.png,0.0,2.0,2.0,1.0,,,,,0.0,2.0,2.0,5.0,,,,None,0.0,,1.0,22,1,2019_Oct_01_1058,FaceNameControl_Picture&Audio,3.0.4,85.09952722
68,FacesBlock2.xlsx,Haley.mp4,Haley.JPG,Haley,20.0,videoFrameHaley.png,0.0,2.0,2.0,1.0,0.0,7.0,7.0,5.0,,,,,2.0,0.885006682,,,,,,22,1,2019_Oct_01_1058,FaceNameControl_Picture&Audio,3.0.4,85.09952722
91,FacesBlock1.xlsx,Hannah.mp4,Hannah.JPG,Hannah,6.0,videoFrameHannah.png,0.0,3.0,3.0,0.0,0.0,0.0,0.0,6.0,,,,,2.0,1.673321417,,,,,,22,1,2019_Oct_01_1058,FaceNameControl_Picture&Audio,3.0.4,85.09952722
111,FacesBlock1.xlsx,Hannah.mp4,Hannah.JPG,Hannah,6.0,videoFrameHannah.png,0.0,3.0,3.0,0.0,,,,,0.0,5.0,5.0,6.0,,,hannah,"['h', 'a', 'n', 'n', 'a', 'h']",1.0,"[1.777755838000303, 2.0253036250005607, 2.413519067999914, 2.5427780979998715, 2.637374142999761, 3.0721180939999613]",2.0,22,1,2019_Oct_01_1058,FaceNameControl_Picture&Audio,3.0.4,85.09952722
67,FacesBlock2.xlsx,Heather.mp4,Heather.JPG,Heather,21.0,videoFrameHeather.png,0.0,2.0,2.0,1.0,0.0,6.0,6.0,6.0,,,,,2.0,0.22663277199999998,,,,,,22,1,2019_Oct_01_1058,FaceNameControl_Picture&Audio,3.0.4,85.09952722
83,FacesBlock2.xlsx,Heather.mp4,Heather.JPG,Heather,21.0,videoFrameHeather.png,0.0,2.0,2.0,1.0,,,,,0.0,7.0,7.0,6.0,,,,None,0.0,,1.0,22,1,2019_Oct_01_1058,FaceNameControl_Picture&Audio,3.0.4,85.09952722
2,FacesBlock3.xlsx,Jacob.mp4,Jacob.JPG,Jacob,32.0,videoFrameJacob.png,0.0,0.0,0.0,2.0,0.0,1.0,1.0,2.0,,,,,1.0,1.41441697,,,,,,22,1,2019_Oct_01_1058,FaceNameControl_Picture&Audio,3.0.4,85.09952722
24,FacesBlock3.xlsx,Jacob.mp4,Jacob.JPG,Jacob,32.0,videoFrameJacob.png,0.0,0.0,0.0,2.0,,,,,0.0,8.0,8.0,2.0,,,,None,0.0,,1.0,22,1,2019_Oct_01_1058,FaceNameControl_Picture&Audio,3.0.4,85.09952722
45,FacesBlock4.xlsx,Jason.mp4,Jason.JPG,Jason,55.0,videoFrameJason.png,0.0,1.0,1.0,3.0,0.0,14.0,14.0,10.0,,,,,1.0,2.143428182,,,,,,22,1,2019_Oct_01_1058,FaceNameControl_Picture&Audio,3.0.4,85.09952722
58,FacesBlock4.xlsx,Jason.mp4,Jason.JPG,Jason,55.0,videoFrameJason.png,0.0,1.0,1.0,3.0,,,,,0.0,12.0,12.0,10.0,,,,None,0.0,,1.0,22,1,2019_Oct_01_1058,FaceNameControl_Picture&Audio,3.0.4,85.09952722
112,FacesBlock1.xlsx,Jenna.mp4,Jenna.JPG,Jenna,7.0,videoFrameJenna.png,0.0,3.0,3.0,0.0,,,,,0.0,6.0,6.0,7.0,,,jenna,"['j', 'e', 'n', 'n', 'a']",1.0,"[1.566914185999849, 1.6842399460001616, 1.779017629000009, 1.9082705990003888, 1.9789977990003536]",4.0,22,1,2019_Oct_01_1058,FaceNameControl_Picture&Audio,3.0.4,85.09952722
95,FacesBlock1.xlsx,Jenna.mp4,Jenna.JPG,Jenna,7.0,videoFrameJenna.png,0.0,3.0,3.0,0.0,0.0,4.0,4.0,7.0,,,,,2.0,1.0263441070000001,,,,,,22,1,2019_Oct_01_1058,FaceNameControl_Picture&Audio,3.0.4,85.09952722
89,FacesBlock2.xlsx,Jeremy.mp4,Jeremy.JPG,Jeremy,22.0,videoFrameJeremy.png,0.0,2.0,2.0,1.0,,,,,0.0,13.0,13.0,7.0,,,,None,0.0,,1.0,22,1,2019_Oct_01_1058,FaceNameControl_Picture&Audio,3.0.4,85.09952722
73,FacesBlock2.xlsx,Jeremy.mp4,Jeremy.JPG,Jeremy,22.0,videoFrameJeremy.png,0.0,2.0,2.0,1.0,0.0,12.0,12.0,7.0,,,,,1.0,0.955799032,,,,,,22,1,2019_Oct_01_1058,FaceNameControl_Picture&Audio,3.0.4,85.09952722
97,FacesBlock1.xlsx,Jessica.mp4,Jessica.JPG,Jessica,8.0,videoFrameJessica.png,0.0,3.0,3.0,0.0,0.0,6.0,6.0,8.0,,,,,2.0,0.214540745,,,,,,22,1,2019_Oct_01_1058,FaceNameControl_Picture&Audio,3.0.4,85.09952722
107,FacesBlock1.xlsx,Jessica.mp4,Jessica.JPG,Jessica,8.0,videoFrameJessica.png,0.0,3.0,3.0,0.0,,,,,0.0,1.0,1.0,8.0,,,natalie,"['n', 'a', 't', 'a', 'l', 'i', 'e']",0.0,"[3.3073088269993605, 3.6362590299995645, 4.565145048999511, 4.707154140999592, 4.836555060999672, 5.012992080000004, 5.095448473999568]",2.0,22,1,2019_Oct_01_1058,FaceNameControl_Picture&Audio,3.0.4,85.09952722
66,FacesBlock2.xlsx,Josh.mp4,Josh.JPG,Josh,23.0,videoFrameJosh.png,0.0,2.0,2.0,1.0,0.0,5.0,5.0,8.0,,,,,1.0,0.296735956,,,,,,22,1,2019_Oct_01_1058,FaceNameControl_Picture&Audio,3.0.4,85.09952722
90,FacesBlock2.xlsx,Josh.mp4,Josh.JPG,Josh,23.0,videoFrameJosh.png,0.0,2.0,2.0,1.0,,,,,0.0,14.0,14.0,8.0,,,,None,0.0,,1.0,22,1,2019_Oct_01_1058,FaceNameControl_Picture&Audio,3.0.4,85.09952722
114,FacesBlock1.xlsx,Julia.mp4,Julia.JPG,Julia,9.0,videoFrameJulia.png,0.0,3.0,3.0,0.0,,,,,0.0,8.0,8.0,9.0,,,,None,0.0,,1.0,22,1,2019_Oct_01_1058,FaceNameControl_Picture&Audio,3.0.4,85.09952722
103,FacesBlock1.xlsx,Julia.mp4,Julia.JPG,Julia,9.0,videoFrameJulia.png,0.0,3.0,3.0,0.0,0.0,12.0,12.0,9.0,,,,,2.0,0.767441918,,,,,,22,1,2019_Oct_01_1058,FaceNameControl_Picture&Audio,3.0.4,85.09952722
79,FacesBlock2.xlsx,Justin.mp4,Justin.JPG,Justin,24.0,videoFrameJustin.png,0.0,2.0,2.0,1.0,,,,,0.0,3.0,3.0,9.0,,,,None,0.0,,1.0,22,1,2019_Oct_01_1058,FaceNameControl_Picture&Audio,3.0.4,85.09952722
61,FacesBlock2.xlsx,Justin.mp4,Justin.JPG,Justin,24.0,videoFrameJustin.png,0.0,2.0,2.0,1.0,0.0,0.0,0.0,9.0,,,,,1.0,1.3909696790000001,,,,,,22,1,2019_Oct_01_1058,FaceNameControl_Picture&Audio,3.0.4,85.09952722
40,FacesBlock4.xlsx,Katie.mp4,Katie.JPG,Katie,56.0,videoFrameKatie.png,0.0,1.0,1.0,3.0,0.0,9.0,9.0,11.0,,,,,2.0,0.967793377,,,,,,22,1,2019_Oct_01_1058,FaceNameControl_Picture&Audio,3.0.4,85.09952722
55,FacesBlock4.xlsx,Katie.mp4,Katie.JPG,Katie,56.0,videoFrameKatie.png,0.0,1.0,1.0,3.0,,,,,0.0,9.0,9.0,11.0,,,katie,"['k', 'a', 't', 'i', 'e']",1.0,"[1.0373431539992453, 1.131328840999231, 1.3072048479998557, 1.4373847359993306, 1.8253848209997159]",4.0,22,1,2019_Oct_01_1058,FaceNameControl_Picture&Audio,3.0.4,85.09952722
25,FacesBlock3.xlsx,Kayla.mp4,Kayla.JPG,Kayla,33.0,videoFrameKayla.png,0.0,0.0,0.0,2.0,,,,,0.0,9.0,9.0,3.0,,,,"['r', 'e', 'backspace', 'backspace']",0.0,"[2.860008278999885, 3.035967991000689, 4.8473937110002225, 5.1414284140000746]",1.0,22,1,2019_Oct_01_1058,FaceNameControl_Picture&Audio,3.0.4,85.09952722
14,FacesBlock3.xlsx,Kayla.mp4,Kayla.JPG,Kayla,33.0,videoFrameKayla.png,0.0,0.0,0.0,2.0,0.0,13.0,13.0,3.0,,,,,2.0,0.94401463,,,,,,22,1,2019_Oct_01_1058,FaceNameControl_Picture&Audio,3.0.4,85.09952722
101,FacesBlock1.xlsx,Kelsey.mp4,Kelsey.JPG,Kelsey,10.0,videoFrameKelsey.png,0.0,3.0,3.0,0.0,0.0,10.0,10.0,10.0,,,,,2.0,0.9413582770000001,,,,,,22,1,2019_Oct_01_1058,FaceNameControl_Picture&Audio,3.0.4,85.09952722
117,FacesBlock1.xlsx,Kelsey.mp4,Kelsey.JPG,Kelsey,10.0,videoFrameKelsey.png,0.0,3.0,3.0,0.0,,,,,0.0,11.0,11.0,10.0,,,,None,0.0,,1.0,22,1,2019_Oct_01_1058,FaceNameControl_Picture&Audio,3.0.4,85.09952722
10,FacesBlock3.xlsx,Kevin.mp4,Kevin.JPG,Kevin,34.0,videoFrameKevin.png,0.0,0.0,0.0,2.0,0.0,9.0,9.0,4.0,,,,,1.0,0.909380475,,,,,,22,1,2019_Oct_01_1058,FaceNameControl_Picture&Audio,3.0.4,85.09952722
17,FacesBlock3.xlsx,Kevin.mp4,Kevin.JPG,Kevin,34.0,videoFrameKevin.png,0.0,0.0,0.0,2.0,,,,,0.0,1.0,1.0,4.0,,,kevin,"['k', 'e', 'v', 'i', 'n']",1.0,"[1.2846759719996044, 1.8944304910000938, 2.3546729999998206, 3.248121097999501, 3.5426400500000454]",4.0,22,1,2019_Oct_01_1058,FaceNameControl_Picture&Audio,3.0.4,85.09952722
94,FacesBlock1.xlsx,Kyle.mp4,Kyle.JPG,Kyle,11.0,videoFrameKyle.png,0.0,3.0,3.0,0.0,0.0,3.0,3.0,11.0,,,,,1.0,0.33252974399999996,,,,,,22,1,2019_Oct_01_1058,FaceNameControl_Picture&Audio,3.0.4,85.09952722
110,FacesBlock1.xlsx,Kyle.mp4,Kyle.JPG,Kyle,11.0,videoFrameKyle.png,0.0,3.0,3.0,0.0,,,,,0.0,4.0,4.0,11.0,,,,None,0.0,,1.0,22,1,2019_Oct_01_1058,FaceNameControl_Picture&Audio,3.0.4,85.09952722
3,FacesBlock3.xlsx,Lauren.mp4,Lauren.JPG,Lauren,35.0,videoFrameLauren.png,0.0,0.0,0.0,2.0,0.0,2.0,2.0,5.0,,,,,2.0,1.425553945,,,,,,22,1,2019_Oct_01_1058,FaceNameControl_Picture&Audio,3.0.4,85.09952722
30,FacesBlock3.xlsx,Lauren.mp4,Lauren.JPG,Lauren,35.0,videoFrameLauren.png,0.0,0.0,0.0,2.0,,,,,0.0,14.0,14.0,5.0,,,,None,0.0,,1.0,22,1,2019_Oct_01_1058,FaceNameControl_Picture&Audio,3.0.4,85.09952722
18,FacesBlock3.xlsx,Mark.mp4,Mark.JPG,Mark,36.0,videoFrameMark.png,0.0,0.0,0.0,2.0,,,,,0.0,2.0,2.0,6.0,,,,None,0.0,,1.0,22,1,2019_Oct_01_1058,FaceNameControl_Picture&Audio,3.0.4,85.09952722
4,FacesBlock3.xlsx,Mark.mp4,Mark.JPG,Mark,36.0,videoFrameMark.png,0.0,0.0,0.0,2.0,0.0,3.0,3.0,6.0,,,,,1.0,1.2144973209999999,,,,,,22,1,2019_Oct_01_1058,FaceNameControl_Picture&Audio,3.0.4,85.09952722
116,FacesBlock1.xlsx,Matthew.mp4,Matthew.JPG,Matthew,12.0,videoFrameMatthew.png,0.0,3.0,3.0,0.0,,,,,0.0,10.0,10.0,12.0,,,,None,0.0,,1.0,22,1,2019_Oct_01_1058,FaceNameControl_Picture&Audio,3.0.4,85.09952722
93,FacesBlock1.xlsx,Matthew.mp4,Matthew.JPG,Matthew,12.0,videoFrameMatthew.png,0.0,3.0,3.0,0.0,0.0,2.0,2.0,12.0,,,,,1.0,0.296847721,,,,,,22,1,2019_Oct_01_1058,FaceNameControl_Picture&Audio,3.0.4,85.09952722
69,FacesBlock2.xlsx,Megan.mp4,Megan.JPG,Megan,25.0,videoFrameMegan.png,0.0,2.0,2.0,1.0,0.0,8.0,8.0,10.0,,,,,2.0,1.061827094,,,,,,22,1,2019_Oct_01_1058,FaceNameControl_Picture&Audio,3.0.4,85.09952722
80,FacesBlock2.xlsx,Megan.mp4,Megan.JPG,Megan,25.0,videoFrameMegan.png,0.0,2.0,2.0,1.0,,,,,0.0,4.0,4.0,10.0,,,megan,"['m', 'e', 'g', 'a', 'n']",1.0,"[1.6142074400004276, 1.7433898030003547, 1.954814456999884, 2.1315170839998245, 2.2353639620005197]",4.0,22,1,2019_Oct_01_1058,FaceNameControl_Picture&Audio,3.0.4,85.09952722
46,FacesBlock4.xlsx,Michael.mp4,Michael.JPG,Michael,57.0,videoFrameMichael.png,0.0,1.0,1.0,3.0,,,,,0.0,0.0,0.0,12.0,,,,None,0.0,,1.0,22,1,2019_Oct_01_1058,FaceNameControl_Picture&Audio,3.0.4,85.09952722
44,FacesBlock4.xlsx,Michael.mp4,Michael.JPG,Michael,57.0,videoFrameMichael.png,0.0,1.0,1.0,3.0,0.0,13.0,13.0,12.0,,,,,1.0,1.649744695,,,,,,22,1,2019_Oct_01_1058,FaceNameControl_Picture&Audio,3.0.4,85.09952722
53,FacesBlock4.xlsx,Michelle.mp4,Michelle.JPG,Michelle,58.0,videoFrameMichelle.png,0.0,1.0,1.0,3.0,,,,,0.0,7.0,7.0,13.0,,,michelle,"['m', 'i', 'c', 'h', 'e', 'l', 'l', 'e']",1.0,"[1.8834732209998037, 2.283984276999945, 2.4007104809998054, 2.4815744679999625, 2.7065333999998984, 2.810904195999683, 2.941421352999896, 3.0835795839993807]",2.0,22,1,2019_Oct_01_1058,FaceNameControl_Picture&Audio,3.0.4,85.09952722
39,FacesBlock4.xlsx,Michelle.mp4,Michelle.JPG,Michelle,58.0,videoFrameMichelle.png,0.0,1.0,1.0,3.0,0.0,8.0,8.0,13.0,,,,,2.0,0.590703206,,,,,,22,1,2019_Oct_01_1058,FaceNameControl_Picture&Audio,3.0.4,85.09952722
119,FacesBlock1.xlsx,Natalie.mp4,Natalie.JPG,Natalie,13.0,videoFrameNatalie.png,0.0,3.0,3.0,0.0,,,,,0.0,13.0,13.0,13.0,,,natali,"['a', 'backspace', 'n', 'a', 't', 'a', 'l', 'i', 'e', 'backspace']",1.0,"[4.330522659000053, 4.706188678000217, 5.282835307999449, 5.400821713999903, 5.530145463999361, 5.764577656999791, 6.153399523000189, 6.329781903999901, 6.433837958999902, 9.681531145000008]",2.0,22,1,2019_Oct_01_1058,FaceNameControl_Picture&Audio,3.0.4,85.09952722
102,FacesBlock1.xlsx,Natalie.mp4,Natalie.JPG,Natalie,13.0,videoFrameNatalie.png,0.0,3.0,3.0,0.0,0.0,11.0,11.0,13.0,,,,,2.0,0.8147537159999999,,,,,,22,1,2019_Oct_01_1058,FaceNameControl_Picture&Audio,3.0.4,85.09952722
7,FacesBlock3.xlsx,Nathan.mp4,Nathan.JPG,Nathan,37.0,videoFrameNathan.png,0.0,0.0,0.0,2.0,0.0,6.0,6.0,7.0,,,,,1.0,1.284996054,,,,,,22,1,2019_Oct_01_1058,FaceNameControl_Picture&Audio,3.0.4,85.09952722
16,FacesBlock3.xlsx,Nathan.mp4,Nathan.JPG,Nathan,37.0,videoFrameNathan.png,0.0,0.0,0.0,2.0,,,,,0.0,0.0,0.0,7.0,,,nathan,"['n', 'a', 't', 'h', 'a', 'n', 'space']",1.0,"[1.8591012739998405, 2.1309105029995408, 2.3659906739994767, 2.4839619269996547, 2.7898950829994646, 2.907562286999564, 6.8939457549995495]",3.0,22,1,2019_Oct_01_1058,FaceNameControl_Picture&Audio,3.0.4,85.09952722
5,FacesBlock3.xlsx,Nicole.mp4,Nicole.JPG,Nicole,38.0,videoFrameNicole.png,0.0,0.0,0.0,2.0,0.0,4.0,4.0,8.0,,,,,2.0,1.438223473,,,,,,22,1,2019_Oct_01_1058,FaceNameControl_Picture&Audio,3.0.4,85.09952722
23,FacesBlock3.xlsx,Nicole.mp4,Nicole.JPG,Nicole,38.0,videoFrameNicole.png,0.0,0.0,0.0,2.0,,,,,0.0,7.0,7.0,8.0,,,rebecca,"['r', 'e', 'b', 'e', 'c', 'c', 'a']",0.0,"[2.6133590480003477, 2.825165362000007, 3.3669239959999686, 3.4957979809996687, 4.166141998000057, 4.294755113000065, 5.154252465000354]",2.0,22,1,2019_Oct_01_1058,FaceNameControl_Picture&Audio,3.0.4,85.09952722
11,FacesBlock3.xlsx,Noah.mp4,Noah.JPG,Noah,39.0,videoFrameNoah.png,0.0,0.0,0.0,2.0,0.0,10.0,10.0,9.0,,,,,1.0,0.9430358870000001,,,,,,22,1,2019_Oct_01_1058,FaceNameControl_Picture&Audio,3.0.4,85.09952722
19,FacesBlock3.xlsx,Noah.mp4,Noah.JPG,Noah,39.0,videoFrameNoah.png,0.0,0.0,0.0,2.0,,,,,0.0,3.0,3.0,9.0,,,,None,0.0,,1.0,22,1,2019_Oct_01_1058,FaceNameControl_Picture&Audio,3.0.4,85.09952722
22,FacesBlock3.xlsx,Olivia.mp4,Olivia.JPG,Olivia,40.0,videoFrameOlivia.png,0.0,0.0,0.0,2.0,,,,,0.0,6.0,6.0,10.0,,,,None,0.0,,1.0,22,1,2019_Oct_01_1058,FaceNameControl_Picture&Audio,3.0.4,85.09952722
13,FacesBlock3.xlsx,Olivia.mp4,Olivia.JPG,Olivia,40.0,videoFrameOlivia.png,0.0,0.0,0.0,2.0,0.0,12.0,12.0,10.0,,,,,2.0,0.8856468679999999,,,,,,22,1,2019_Oct_01_1058,FaceNameControl_Picture&Audio,3.0.4,85.09952722
62,FacesBlock2.xlsx,Rachel.mp4,Rachel.JPG,Rachel,26.0,videoFrameRachel.png,0.0,2.0,2.0,1.0,0.0,1.0,1.0,11.0,,,,,2.0,0.732397457,,,,,,22,1,2019_Oct_01_1058,FaceNameControl_Picture&Audio,3.0.4,85.09952722
88,FacesBlock2.xlsx,Rachel.mp4,Rachel.JPG,Rachel,26.0,videoFrameRachel.png,0.0,2.0,2.0,1.0,,,,,0.0,12.0,12.0,11.0,,,,None,0.0,,1.0,22,1,2019_Oct_01_1058,FaceNameControl_Picture&Audio,3.0.4,85.09952722
12,FacesBlock3.xlsx,Rebecca.mp4,Rebecca.JPG,Rebecca,41.0,videoFrameRebecca.png,0.0,0.0,0.0,2.0,0.0,11.0,11.0,11.0,,,,,2.0,1.26113553,,,,,,22,1,2019_Oct_01_1058,FaceNameControl_Picture&Audio,3.0.4,85.09952722
20,FacesBlock3.xlsx,Rebecca.mp4,Rebecca.JPG,Rebecca,41.0,videoFrameRebecca.png,0.0,0.0,0.0,2.0,,,,,0.0,4.0,4.0,11.0,,,,None,0.0,,1.0,22,1,2019_Oct_01_1058,FaceNameControl_Picture&Audio,3.0.4,85.09952722
1,FacesBlock3.xlsx,Sarah.mp4,Sarah.JPG,Sarah,42.0,videoFrameSarah.png,0.0,0.0,0.0,2.0,0.0,0.0,0.0,12.0,,,,,2.0,3.1430611,,,,,,22,1,2019_Oct_01_1058,FaceNameControl_Picture&Audio,3.0.4,85.09952722
28,FacesBlock3.xlsx,Sarah.mp4,Sarah.JPG,Sarah,42.0,videoFrameSarah.png,0.0,0.0,0.0,2.0,,,,,0.0,12.0,12.0,12.0,,,,None,0.0,,1.0,22,1,2019_Oct_01_1058,FaceNameControl_Picture&Audio,3.0.4,85.09952722
27,FacesBlock3.xlsx,Shelby.mp4,Shelby.JPG,Shelby,43.0,videoFrameShelby.png,0.0,0.0,0.0,2.0,,,,,0.0,11.0,11.0,13.0,,,shelby,"['s', 'h', 'e', 'l', 'b', 'y']",1.0,"[1.3791870760005622, 1.6259240219997082, 1.7908344269999361, 2.0961614369998642, 2.743575862000398, 3.414194822000354]",4.0,22,1,2019_Oct_01_1058,FaceNameControl_Picture&Audio,3.0.4,85.09952722
9,FacesBlock3.xlsx,Shelby.mp4,Shelby.JPG,Shelby,43.0,videoFrameShelby.png,0.0,0.0,0.0,2.0,0.0,8.0,8.0,13.0,,,,,2.0,1.190327627,,,,,,22,1,2019_Oct_01_1058,FaceNameControl_Picture&Audio,3.0.4,85.09952722
77,FacesBlock2.xlsx,Steven.mp4,Steven.JPG,Steven,27.0,videoFrameSteven.png,0.0,2.0,2.0,1.0,,,,,0.0,1.0,1.0,12.0,,,kevin,"['k', 'e', 'v', 'i', 'n']",0.0,"[4.694061830000464, 4.90640256900042, 5.16462773800049, 5.388360142000238, 5.5532091690001835]",1.0,22,1,2019_Oct_01_1058,FaceNameControl_Picture&Audio,3.0.4,85.09952722
71,FacesBlock2.xlsx,Steven.mp4,Steven.JPG,Steven,27.0,videoFrameSteven.png,0.0,2.0,2.0,1.0,0.0,10.0,10.0,12.0,,,,,1.0,0.590940762,,,,,,22,1,2019_Oct_01_1058,FaceNameControl_Picture&Audio,3.0.4,85.09952722
43,FacesBlock4.xlsx,Taylor.mp4,Taylor.JPG,Taylor,59.0,videoFrameTaylor.png,0.0,1.0,1.0,3.0,0.0,12.0,12.0,14.0,,,,,2.0,1.085401769,,,,,,22,1,2019_Oct_01_1058,FaceNameControl_Picture&Audio,3.0.4,85.09952722
60,FacesBlock4.xlsx,Taylor.mp4,Taylor.JPG,Taylor,59.0,videoFrameTaylor.png,0.0,1.0,1.0,3.0,,,,,0.0,14.0,14.0,14.0,,,,None,0.0,,1.0,22,1,2019_Oct_01_1058,FaceNameControl_Picture&Audio,3.0.4,85.09952722
26,FacesBlock3.xlsx,Thomas.mp4,Thomas.JPG,Thomas,44.0,videoFrameThomas.png,0.0,0.0,0.0,2.0,,,,,0.0,10.0,10.0,14.0,,,,None,0.0,,1.0,22,1,2019_Oct_01_1058,FaceNameControl_Picture&Audio,3.0.4,85.09952722
8,FacesBlock3.xlsx,Thomas.mp4,Thomas.JPG,Thomas,44.0,videoFrameThomas.png,0.0,0.0,0.0,2.0,0.0,7.0,7.0,14.0,,,,,1.0,1.097039542,,,,,,22,1,2019_Oct_01_1058,FaceNameControl_Picture&Audio,3.0.4,85.09952722
108,FacesBlock1.xlsx,Timothy.mp4,Timothy.JPG,Timothy,14.0,videoFrameTimothy.png,0.0,3.0,3.0,0.0,,,,,0.0,2.0,2.0,14.0,,,timothy,"['t', 'i', 'm', 'o', 't', 'h', 'y']",1.0,"[2.7079307750000225, 2.802376212999661, 3.8248187529998177, 4.213439483999537, 4.342718607999814, 4.434556422999776, 4.683347555999717]",3.0,22,1,2019_Oct_01_1058,FaceNameControl_Picture&Audio,3.0.4,85.09952722
105,FacesBlock1.xlsx,Timothy.mp4,Timothy.JPG,Timothy,14.0,videoFrameTimothy.png,0.0,3.0,3.0,0.0,0.0,14.0,14.0,14.0,,,,,1.0,1.132165184,,,,,,22,1,2019_Oct_01_1058,FaceNameControl_Picture&Audio,3.0.4,85.09952722
87,FacesBlock2.xlsx,Trevor.mp4,Trevor.JPG,Trevor,28.0,videoFrameTrevor.png,0.0,2.0,2.0,1.0,,,,,0.0,11.0,11.0,13.0,,,,None,0.0,,1.0,22,1,2019_Oct_01_1058,FaceNameControl_Picture&Audio,3.0.4,85.09952722
75,FacesBlock2.xlsx,Trevor.mp4,Trevor.JPG,Trevor,28.0,videoFrameTrevor.png,0.0,2.0,2.0,1.0,0.0,14.0,14.0,13.0,,,,,1.0,0.28471536399999997,,,,,,22,1,2019_Oct_01_1058,FaceNameControl_Picture&Audio,3.0.4,85.09952722
81,FacesBlock2.xlsx,Tyler.mp4,Tyler.JPG,Tyler,29.0,videoFrameTyler.png,0.0,2.0,2.0,1.0,,,,,0.0,5.0,5.0,14.0,,,tyler,"['t', 'y', 'l', 'e', 'r']",1.0,"[3.0253101300004346, 3.1304919630001677, 3.4483725520003645, 3.5541804590002357, 3.6366582420005216]",2.0,22,1,2019_Oct_01_1058,FaceNameControl_Picture&Audio,3.0.4,85.09952722
65,FacesBlock2.xlsx,Tyler.mp4,Tyler.JPG,Tyler,29.0,videoFrameTyler.png,0.0,2.0,2.0,1.0,0.0,4.0,4.0,14.0,,,,,1.0,0.544387332,,,,,,22,1,2019_Oct_01_1058,FaceNameControl_Picture&Audio,3.0.4,85.09952722
0,,,,,,,,,,,,,,,,,,,,,,,,,,22,1,2019_Oct_01_1058,FaceNameControl_Picture&Audio,3.0.4,85.09952722
