,condsFile,Video,Photo,Name,Row,videoFrame,blocks.thisRepN,blocks.thisTrialN,blocks.thisN,blocks.thisIndex,presentations.thisRepN,presentations.thisTrialN,presentations.thisN,presentations.thisIndex,testing.thisRepN,testing.thisTrialN,testing.thisN,testing.thisIndex,judgementResp.keys,judgementResp.rt,inputText,key_resp_3.keys,recallRating_s,key_resp_3.rt,rating_resp.keys,participant,session,date,expName,psychopyVersion,frameRate
114,FacesBlock2.xlsx,Aaron.mp4,Aaron.JPG,Aaron,15.0,videoFrameAaron.png,0.0,3.0,3.0,1.0,,,,,0.0,8.0,8.0,0.0,,,Cole,"['lshift', 'c', 'o', 'l', 'e']",0.0,"[2.233360887999879, 2.4012710219994915, 2.7174018539990357, 2.934376422999776, 3.0336362189991632]",1.0,23,1,2019_Oct_01_1246,FaceNameControl_Picture&Audio,3.0.4,59.98912697
96,FacesBlock2.xlsx,Aaron.mp4,Aaron.JPG,Aaron,15.0,videoFrameAaron.png,0.0,3.0,3.0,1.0,0.0,5.0,5.0,0.0,,,,,1.0,1.385843402,,,,,,23,1,2019_Oct_01_1246,FaceNameControl_Picture&Audio,3.0.4,59.98912697
34,FacesBlock1.xlsx,Adam.mp4,Adam.JPG,Adam,0.0,videoFrameAdam.png,0.0,1.0,1.0,0.0,0.0,3.0,3.0,0.0,,,,,1.0,0.6035860160000001,,,,,,23,1,2019_Oct_01_1246,FaceNameControl_Picture&Audio,3.0.4,59.98912697
50,FacesBlock1.xlsx,Adam.mp4,Adam.JPG,Adam,0.0,videoFrameAdam.png,0.0,1.0,1.0,0.0,,,,,0.0,4.0,4.0,0.0,,,,None,0.0,,1.0,23,1,2019_Oct_01_1246,FaceNameControl_Picture&Audio,3.0.4,59.98912697
64,FacesBlock4.xlsx,Alyssa.mp4,Alyssa.JPG,Alyssa,45.0,videoFrameAlyssa.png,0.0,2.0,2.0,3.0,0.0,3.0,3.0,0.0,,,,,2.0,0.45323839,,,,,,23,1,2019_Oct_01_1246,FaceNameControl_Picture&Audio,3.0.4,59.98912697
79,FacesBlock4.xlsx,Alyssa.mp4,Alyssa.JPG,Alyssa,45.0,videoFrameAlyssa.png,0.0,2.0,2.0,3.0,,,,,0.0,3.0,3.0,0.0,,,Jessica,"['lshift', 'j', 'e', 's', 's', 'i', 'c', 'a']",0.0,"[5.283154067999931, 5.401102935000381, 5.567631533000167, 5.984056809000322, 6.217368433999582, 6.383664860999488, 6.550555448000523, 6.867054320000534]",1.0,23,1,2019_Oct_01_1246,FaceNameControl_Picture&Audio,3.0.4,59.98912697
43,FacesBlock1.xlsx,Amanda.mp4,Amanda.JPG,Amanda,1.0,videoFrameAmanda.png,0.0,1.0,1.0,0.0,0.0,12.0,12.0,1.0,,,,,2.0,0.6020573920000001,,,,,,23,1,2019_Oct_01_1246,FaceNameControl_Picture&Audio,3.0.4,59.98912697
57,FacesBlock1.xlsx,Amanda.mp4,Amanda.JPG,Amanda,1.0,videoFrameAmanda.png,0.0,1.0,1.0,0.0,,,,,0.0,11.0,11.0,1.0,,,,None,0.0,,1.0,23,1,2019_Oct_01_1246,FaceNameControl_Picture&Audio,3.0.4,59.98912697
62,FacesBlock4.xlsx,Andrew.mp4,Andrew.JPG,Andrew,46.0,videoFrameAndrew.png,0.0,2.0,2.0,3.0,0.0,1.0,1.0,1.0,,,,,1.0,2.003268735,,,,,,23,1,2019_Oct_01_1246,FaceNameControl_Picture&Audio,3.0.4,59.98912697
76,FacesBlock4.xlsx,Andrew.mp4,Andrew.JPG,Andrew,46.0,videoFrameAndrew.png,0.0,2.0,2.0,3.0,,,,,0.0,0.0,0.0,1.0,,,Mark,"['lshift', 'm', 'a', 'r', 'k']",0.0,"[6.864749808000852, 6.983166465999602, 7.149663267000506, 7.4658189229994605, 7.632785211000737]",1.0,23,1,2019_Oct_01_1246,FaceNameControl_Picture&Audio,3.0.4,59.98912697
77,FacesBlock4.xlsx,Anna.mp4,Anna.JPG,Anna,47.0,videoFrameAnna.png,0.0,2.0,2.0,3.0,,,,,0.0,1.0,1.0,2.0,,,,None,0.0,,1.0,23,1,2019_Oct_01_1246,FaceNameControl_Picture&Audio,3.0.4,59.98912697
68,FacesBlock4.xlsx,Anna.mp4,Anna.JPG,Anna,47.0,videoFrameAnna.png,0.0,2.0,2.0,3.0,0.0,7.0,7.0,2.0,,,,,2.0,0.702787336,,,,,,23,1,2019_Oct_01_1246,FaceNameControl_Picture&Audio,3.0.4,59.98912697
101,FacesBlock2.xlsx,Ashley.mp4,Ashley.JPG,Ashley,16.0,videoFrameAshley.png,0.0,3.0,3.0,1.0,0.0,10.0,10.0,1.0,,,,,2.0,0.570267753,,,,,,23,1,2019_Oct_01_1246,FaceNameControl_Picture&Audio,3.0.4,59.98912697
107,FacesBlock2.xlsx,Ashley.mp4,Ashley.JPG,Ashley,16.0,videoFrameAshley.png,0.0,3.0,3.0,1.0,,,,,0.0,1.0,1.0,1.0,,,,None,0.0,,1.0,23,1,2019_Oct_01_1246,FaceNameControl_Picture&Audio,3.0.4,59.98912697
38,FacesBlock1.xlsx,Bradley.mp4,Bradley.JPG,Bradley,2.0,videoFrameBradley.png,0.0,1.0,1.0,0.0,0.0,7.0,7.0,2.0,,,,,1.0,0.669717029,,,,,,23,1,2019_Oct_01_1246,FaceNameControl_Picture&Audio,3.0.4,59.98912697
46,FacesBlock1.xlsx,Bradley.mp4,Bradley.JPG,Bradley,2.0,videoFrameBradley.png,0.0,1.0,1.0,0.0,,,,,0.0,0.0,0.0,2.0,,,Bradley,"['lshift', 'b', 'r', 'a', 'd', 'l', 'e', 'y']",1.0,"[2.7991958780003188, 2.931717366000157, 3.133608533998995, 3.650072864998947, 3.8167633029988792, 4.999304729999494, 5.149052427999777, 5.44878634700035]",4.0,23,1,2019_Oct_01_1246,FaceNameControl_Picture&Audio,3.0.4,59.98912697
82,FacesBlock4.xlsx,Brandon.mp4,Brandon.JPG,Brandon,48.0,videoFrameBrandon.png,0.0,2.0,2.0,3.0,,,,,0.0,6.0,6.0,3.0,,,Brian,"['lshift', 'b', 'r', 'i', 'a', 'n']",0.0,"[2.767269137000767, 2.9015371820005385, 3.051414568000837, 3.185168572999828, 3.2687288430006447, 3.4350301979993674]",1.0,23,1,2019_Oct_01_1246,FaceNameControl_Picture&Audio,3.0.4,59.98912697
75,FacesBlock4.xlsx,Brandon.mp4,Brandon.JPG,Brandon,48.0,videoFrameBrandon.png,0.0,2.0,2.0,3.0,0.0,14.0,14.0,3.0,,,,,1.0,0.602691758,,,,,,23,1,2019_Oct_01_1246,FaceNameControl_Picture&Audio,3.0.4,59.98912697
84,FacesBlock4.xlsx,Brian.mp4,Brian.JPG,Brian,49.0,videoFrameBrian.png,0.0,2.0,2.0,3.0,,,,,0.0,8.0,8.0,4.0,,,Brian,"['lshift', 'b', 'r', 'i', 'a', 'n']",1.0,"[1.1341359430007287, 1.3189834719996725, 1.451811765000457, 1.6689298420005798, 1.8022383709994756, 1.9686274720006622]",4.0,23,1,2019_Oct_01_1246,FaceNameControl_Picture&Audio,3.0.4,59.98912697
67,FacesBlock4.xlsx,Brian.mp4,Brian.JPG,Brian,49.0,videoFrameBrian.png,0.0,2.0,2.0,3.0,0.0,6.0,6.0,4.0,,,,,1.0,1.035761445,,,,,,23,1,2019_Oct_01_1246,FaceNameControl_Picture&Audio,3.0.4,59.98912697
88,FacesBlock4.xlsx,Brianna.mp4,Brianna.JPG,Brianna,50.0,videoFrameBrianna.png,0.0,2.0,2.0,3.0,,,,,0.0,12.0,12.0,5.0,,,Da,"['lshift', 'd', 'a', 'm', 'i', 'backspace', 'backspace']",0.0,"[8.114806562000012, 8.216335645000072, 8.315917614001592, 8.565753286000472, 8.732909256999847, 9.398512312000094, 9.564168702001552]",1.0,23,1,2019_Oct_01_1246,FaceNameControl_Picture&Audio,3.0.4,59.98912697
63,FacesBlock4.xlsx,Brianna.mp4,Brianna.JPG,Brianna,50.0,videoFrameBrianna.png,0.0,2.0,2.0,3.0,0.0,2.0,2.0,5.0,,,,,2.0,0.601896741,,,,,,23,1,2019_Oct_01_1246,FaceNameControl_Picture&Audio,3.0.4,59.98912697
113,FacesBlock2.xlsx,Brittany.mp4,Brittany.JPG,Brittany,17.0,videoFrameBrittany.png,0.0,3.0,3.0,1.0,,,,,0.0,7.0,7.0,2.0,,,Brittany,"['lshift', 'b', 'r', 'i', 't', 't', 's', 'n', 'backspace', 'backspace', 'a', 'n', 'y']",1.0,"[1.1334007790010219, 1.2685835230004159, 1.435386084000129, 1.6187121010007104, 1.835109943000134, 2.0516891429997486, 2.1843574670001544, 2.4685217820006073, 2.8513136870005837, 3.03408570800093, 3.5346617080012948, 3.6826486290010507, 3.917841522999879]",4.0,23,1,2019_Oct_01_1246,FaceNameControl_Picture&Audio,3.0.4,59.98912697
97,FacesBlock2.xlsx,Brittany.mp4,Brittany.JPG,Brittany,17.0,videoFrameBrittany.png,0.0,3.0,3.0,1.0,0.0,6.0,6.0,2.0,,,,,2.0,0.9022692859999999,,,,,,23,1,2019_Oct_01_1246,FaceNameControl_Picture&Audio,3.0.4,59.98912697
86,FacesBlock4.xlsx,Caleb.mp4,Caleb.JPG,Caleb,51.0,videoFrameCaleb.png,0.0,2.0,2.0,3.0,,,,,0.0,10.0,10.0,6.0,,,,None,0.0,,1.0,23,1,2019_Oct_01_1246,FaceNameControl_Picture&Audio,3.0.4,59.98912697
71,FacesBlock4.xlsx,Caleb.mp4,Caleb.JPG,Caleb,51.0,videoFrameCaleb.png,0.0,2.0,2.0,3.0,0.0,10.0,10.0,6.0,,,,,1.0,0.6862796409999999,,,,,,23,1,2019_Oct_01_1246,FaceNameControl_Picture&Audio,3.0.4,59.98912697
116,FacesBlock2.xlsx,Cody.mp4,Cody.JPG,Cody,18.0,videoFrameCody.png,0.0,3.0,3.0,1.0,,,,,0.0,10.0,10.0,3.0,,,Stev,"['lshift', 's', 't', 'e', 'v']",0.0,"[9.297490799001025, 9.432518740999512, 9.614926383001148, 9.765038007999465, 9.94671662700057]",3.0,23,1,2019_Oct_01_1246,FaceNameControl_Picture&Audio,3.0.4,59.98912697
91,FacesBlock2.xlsx,Cody.mp4,Cody.JPG,Cody,18.0,videoFrameCody.png,0.0,3.0,3.0,1.0,0.0,0.0,0.0,3.0,,,,,1.0,3.0855134769999997,,,,,,23,1,2019_Oct_01_1246,FaceNameControl_Picture&Audio,3.0.4,59.98912697
22,FacesBlock3.xlsx,Courtney.mp4,Courtney.JPG,Courtney,30.0,videoFrameCourtney.png,0.0,0.0,0.0,2.0,,,,,0.0,6.0,6.0,0.0,,,,None,0.0,,1.0,23,1,2019_Oct_01_1246,FaceNameControl_Picture&Audio,3.0.4,59.98912697
8,FacesBlock3.xlsx,Courtney.mp4,Courtney.JPG,Courtney,30.0,videoFrameCourtney.png,0.0,0.0,0.0,2.0,0.0,7.0,7.0,0.0,,,,,2.0,0.18611232100000002,,,,,,23,1,2019_Oct_01_1246,FaceNameControl_Picture&Audio,3.0.4,59.98912697
28,FacesBlock3.xlsx,Daniel.mp4,Daniel.JPG,Daniel,31.0,videoFrameDaniel.png,0.0,0.0,0.0,2.0,,,,,0.0,12.0,12.0,1.0,,,Brian,"['lshift', 'b', 'r', 'i', 'a', 'n']",0.0,"[2.083939037000164, 2.2018520470010117, 2.517923340999914, 2.6679553410012886, 2.8186239040005603, 3.6684517129997403]",1.0,23,1,2019_Oct_01_1246,FaceNameControl_Picture&Audio,3.0.4,59.98912697
7,FacesBlock3.xlsx,Daniel.mp4,Daniel.JPG,Daniel,31.0,videoFrameDaniel.png,0.0,0.0,0.0,2.0,0.0,6.0,6.0,1.0,,,,,1.0,0.436371271,,,,,,23,1,2019_Oct_01_1246,FaceNameControl_Picture&Audio,3.0.4,59.98912697
36,FacesBlock1.xlsx,Danielle.mp4,Danielle.JPG,Danielle,3.0,videoFrameDanielle.png,0.0,1.0,1.0,0.0,0.0,5.0,5.0,3.0,,,,,2.0,0.436673145,,,,,,23,1,2019_Oct_01_1246,FaceNameControl_Picture&Audio,3.0.4,59.98912697
48,FacesBlock1.xlsx,Danielle.mp4,Danielle.JPG,Danielle,3.0,videoFrameDanielle.png,0.0,1.0,1.0,0.0,,,,,0.0,2.0,2.0,3.0,,,,None,0.0,,1.0,23,1,2019_Oct_01_1246,FaceNameControl_Picture&Audio,3.0.4,59.98912697
104,FacesBlock2.xlsx,David.mp4,David.JPG,David,19.0,videoFrameDavid.png,0.0,3.0,3.0,1.0,0.0,13.0,13.0,4.0,,,,,1.0,0.602654621,,,,,,23,1,2019_Oct_01_1246,FaceNameControl_Picture&Audio,3.0.4,59.98912697
120,FacesBlock2.xlsx,David.mp4,David.JPG,David,19.0,videoFrameDavid.png,0.0,3.0,3.0,1.0,,,,,0.0,14.0,14.0,4.0,,,Et,"['lshift', 'e', 't']",0.0,"[9.497612712999398, 9.648534076999567, 9.83190794300026]",2.0,23,1,2019_Oct_01_1246,FaceNameControl_Picture&Audio,3.0.4,59.98912697
78,FacesBlock4.xlsx,Dylan.mp4,Dylan.JPG,Dylan,52.0,videoFrameDylan.png,0.0,2.0,2.0,3.0,,,,,0.0,2.0,2.0,7.0,,,Dylan,"['lshift', 'd', 'y', 'l', 'a', 'n']",1.0,"[1.3671610969995527, 1.4691444109994336, 1.7855575360008515, 2.2353910820002056, 2.3684811769999214, 2.50139561800097]",3.0,23,1,2019_Oct_01_1246,FaceNameControl_Picture&Audio,3.0.4,59.98912697
66,FacesBlock4.xlsx,Dylan.mp4,Dylan.JPG,Dylan,52.0,videoFrameDylan.png,0.0,2.0,2.0,3.0,0.0,5.0,5.0,7.0,,,,,1.0,0.352012379,,,,,,23,1,2019_Oct_01_1246,FaceNameControl_Picture&Audio,3.0.4,59.98912697
73,FacesBlock4.xlsx,Emily.mp4,Emily.JPG,Emily,53.0,videoFrameEmily.png,0.0,2.0,2.0,3.0,0.0,12.0,12.0,8.0,,,,,2.0,0.519819649,,,,,,23,1,2019_Oct_01_1246,FaceNameControl_Picture&Audio,3.0.4,59.98912697
85,FacesBlock4.xlsx,Emily.mp4,Emily.JPG,Emily,53.0,videoFrameEmily.png,0.0,2.0,2.0,3.0,,,,,0.0,9.0,9.0,8.0,,,Briana,"['lshift', 'b', 'r', 'i', 'a', 'n', 'a']",0.0,"[5.964927569999418, 6.099910130998978, 6.2668693529994925, 6.400099577998844, 6.549825648999104, 6.683117205999224, 6.932832532000248]",1.0,23,1,2019_Oct_01_1246,FaceNameControl_Picture&Audio,3.0.4,59.98912697
37,FacesBlock1.xlsx,Eric.mp4,Eric.JPG,Eric,4.0,videoFrameEric.png,0.0,1.0,1.0,0.0,0.0,6.0,6.0,4.0,,,,,1.0,0.636265096,,,,,,23,1,2019_Oct_01_1246,FaceNameControl_Picture&Audio,3.0.4,59.98912697
52,FacesBlock1.xlsx,Eric.mp4,Eric.JPG,Eric,4.0,videoFrameEric.png,0.0,1.0,1.0,0.0,,,,,0.0,6.0,6.0,4.0,,,Timothy,"['lshift', 't', 'i', 'm', 'o', 't', 'h', 'y']",0.0,"[5.016867520998858, 5.216158141000051, 5.334701796000445, 5.584647481999127, 5.684432305999508, 6.0012346759995125, 6.716875771000559, 6.783512300999064]",1.0,23,1,2019_Oct_01_1246,FaceNameControl_Picture&Audio,3.0.4,59.98912697
49,FacesBlock1.xlsx,Ethan.mp4,Ethan.JPG,Ethan,5.0,videoFrameEthan.png,0.0,1.0,1.0,0.0,,,,,0.0,3.0,3.0,5.0,,,,None,0.0,,1.0,23,1,2019_Oct_01_1246,FaceNameControl_Picture&Audio,3.0.4,59.98912697
41,FacesBlock1.xlsx,Ethan.mp4,Ethan.JPG,Ethan,5.0,videoFrameEthan.png,0.0,1.0,1.0,0.0,0.0,10.0,10.0,5.0,,,,,1.0,0.650077682,,,,,,23,1,2019_Oct_01_1246,FaceNameControl_Picture&Audio,3.0.4,59.98912697
74,FacesBlock4.xlsx,Grace.mp4,Grace.JPG,Grace,54.0,videoFrameGrace.png,0.0,2.0,2.0,3.0,0.0,13.0,13.0,9.0,,,,,2.0,0.31960675899999996,,,,,,23,1,2019_Oct_01_1246,FaceNameControl_Picture&Audio,3.0.4,59.98912697
83,FacesBlock4.xlsx,Grace.mp4,Grace.JPG,Grace,54.0,videoFrameGrace.png,0.0,2.0,2.0,3.0,,,,,0.0,7.0,7.0,9.0,,,,None,0.0,,1.0,23,1,2019_Oct_01_1246,FaceNameControl_Picture&Audio,3.0.4,59.98912697
95,FacesBlock2.xlsx,Haley.mp4,Haley.JPG,Haley,20.0,videoFrameHaley.png,0.0,3.0,3.0,1.0,0.0,4.0,4.0,5.0,,,,,2.0,0.886209343,,,,,,23,1,2019_Oct_01_1246,FaceNameControl_Picture&Audio,3.0.4,59.98912697
118,FacesBlock2.xlsx,Haley.mp4,Haley.JPG,Haley,20.0,videoFrameHaley.png,0.0,3.0,3.0,1.0,,,,,0.0,12.0,12.0,5.0,,,,None,0.0,,1.0,23,1,2019_Oct_01_1246,FaceNameControl_Picture&Audio,3.0.4,59.98912697
60,FacesBlock1.xlsx,Hannah.mp4,Hannah.JPG,Hannah,6.0,videoFrameHannah.png,0.0,1.0,1.0,0.0,,,,,0.0,14.0,14.0,6.0,,,Hannah,"['lshift', 'h', 'a', 'n', 'n', 'a', 'h']",1.0,"[5.832829568000307, 5.950744661000499, 6.182393463999688, 6.300363439999273, 6.43353916399974, 6.750325753000652, 7.367337669000335]",4.0,23,1,2019_Oct_01_1246,FaceNameControl_Picture&Audio,3.0.4,59.98912697
40,FacesBlock1.xlsx,Hannah.mp4,Hannah.JPG,Hannah,6.0,videoFrameHannah.png,0.0,1.0,1.0,0.0,0.0,9.0,9.0,6.0,,,,,2.0,0.303028769,,,,,,23,1,2019_Oct_01_1246,FaceNameControl_Picture&Audio,3.0.4,59.98912697
98,FacesBlock2.xlsx,Heather.mp4,Heather.JPG,Heather,21.0,videoFrameHeather.png,0.0,3.0,3.0,1.0,0.0,7.0,7.0,6.0,,,,,2.0,1.06956624,,,,,,23,1,2019_Oct_01_1246,FaceNameControl_Picture&Audio,3.0.4,59.98912697
112,FacesBlock2.xlsx,Heather.mp4,Heather.JPG,Heather,21.0,videoFrameHeather.png,0.0,3.0,3.0,1.0,,,,,0.0,6.0,6.0,6.0,,,,['lshift'],0.0,[9.88152970900046],1.0,23,1,2019_Oct_01_1246,FaceNameControl_Picture&Audio,3.0.4,59.98912697
10,FacesBlock3.xlsx,Jacob.mp4,Jacob.JPG,Jacob,32.0,videoFrameJacob.png,0.0,0.0,0.0,2.0,0.0,9.0,9.0,2.0,,,,,1.0,0.452838484,,,,,,23,1,2019_Oct_01_1246,FaceNameControl_Picture&Audio,3.0.4,59.98912697
25,FacesBlock3.xlsx,Jacob.mp4,Jacob.JPG,Jacob,32.0,videoFrameJacob.png,0.0,0.0,0.0,2.0,,,,,0.0,9.0,9.0,2.0,,,Noah,"['lshift', 'n', 'o', 'a', 'h']",0.0,"[1.7680662590009888, 1.8689744270013762, 1.9519836950003082, 2.21894050300034, 2.435702194001351]",2.0,23,1,2019_Oct_01_1246,FaceNameControl_Picture&Audio,3.0.4,59.98912697
69,FacesBlock4.xlsx,Jason.mp4,Jason.JPG,Jason,55.0,videoFrameJason.png,0.0,2.0,2.0,3.0,0.0,8.0,8.0,10.0,,,,,1.0,0.668640998,,,,,,23,1,2019_Oct_01_1246,FaceNameControl_Picture&Audio,3.0.4,59.98912697
89,FacesBlock4.xlsx,Jason.mp4,Jason.JPG,Jason,55.0,videoFrameJason.png,0.0,2.0,2.0,3.0,,,,,0.0,13.0,13.0,10.0,,,Daniel,"['lshift', 'd', 'a', 'n', 'i', 'e', 'l']",0.0,"[5.0826686740001605, 5.300000427001578, 5.633947281001383, 5.983648656001606, 6.1835744850013725, 6.383550925000236, 7.049852054000439]",1.0,23,1,2019_Oct_01_1246,FaceNameControl_Picture&Audio,3.0.4,59.98912697
45,FacesBlock1.xlsx,Jenna.mp4,Jenna.JPG,Jenna,7.0,videoFrameJenna.png,0.0,1.0,1.0,0.0,0.0,14.0,14.0,7.0,,,,,2.0,0.436220325,,,,,,23,1,2019_Oct_01_1246,FaceNameControl_Picture&Audio,3.0.4,59.98912697
59,FacesBlock1.xlsx,Jenna.mp4,Jenna.JPG,Jenna,7.0,videoFrameJenna.png,0.0,1.0,1.0,0.0,,,,,0.0,13.0,13.0,7.0,,,Tiffany,"['lshift', 't', 'i', 'f', 'f', 'a', 'n', 'y', 'u', 'backspace']",0.0,"[3.2668839630005095, 3.3841309400013415, 3.534871258001658, 3.768192679001004, 3.951304539001285, 4.051181593000365, 4.167634238001483, 4.351237082000807, 4.370424032000301, 5.215690998000355]",1.0,23,1,2019_Oct_01_1246,FaceNameControl_Picture&Audio,3.0.4,59.98912697
105,FacesBlock2.xlsx,Jeremy.mp4,Jeremy.JPG,Jeremy,22.0,videoFrameJeremy.png,0.0,3.0,3.0,1.0,0.0,14.0,14.0,7.0,,,,,1.0,0.918816803,,,,,,23,1,2019_Oct_01_1246,FaceNameControl_Picture&Audio,3.0.4,59.98912697
115,FacesBlock2.xlsx,Jeremy.mp4,Jeremy.JPG,Jeremy,22.0,videoFrameJeremy.png,0.0,3.0,3.0,1.0,,,,,0.0,9.0,9.0,7.0,,,Jeremy,"['lshift', 'j', 'e', 'r', 'e', 'm', 'y']",1.0,"[1.2841928469988488, 1.4520666489988798, 1.7688163290004013, 1.9017191359998833, 2.068418003000261, 2.268391552999674, 2.9012913259994093]",4.0,23,1,2019_Oct_01_1246,FaceNameControl_Picture&Audio,3.0.4,59.98912697
32,FacesBlock1.xlsx,Jessica.mp4,Jessica.JPG,Jessica,8.0,videoFrameJessica.png,0.0,1.0,1.0,0.0,0.0,1.0,1.0,8.0,,,,,2.0,3.502039038,,,,,,23,1,2019_Oct_01_1246,FaceNameControl_Picture&Audio,3.0.4,59.98912697
54,FacesBlock1.xlsx,Jessica.mp4,Jessica.JPG,Jessica,8.0,videoFrameJessica.png,0.0,1.0,1.0,0.0,,,,,0.0,8.0,8.0,8.0,,,,None,0.0,,1.0,23,1,2019_Oct_01_1246,FaceNameControl_Picture&Audio,3.0.4,59.98912697
94,FacesBlock2.xlsx,Josh.mp4,Josh.JPG,Josh,23.0,videoFrameJosh.png,0.0,3.0,3.0,1.0,0.0,3.0,3.0,8.0,,,,,1.0,1.3361502490000001,,,,,,23,1,2019_Oct_01_1246,FaceNameControl_Picture&Audio,3.0.4,59.98912697
117,FacesBlock2.xlsx,Josh.mp4,Josh.JPG,Josh,23.0,videoFrameJosh.png,0.0,3.0,3.0,1.0,,,,,0.0,11.0,11.0,8.0,,,Aaron,"['lshift', 'a', 'a', 'r', 'o', 'n']",0.0,"[4.982089002000066, 5.0999374959992565, 5.333271540999704, 5.633326241999384, 5.833393416000035, 5.9834404199991695]",3.0,23,1,2019_Oct_01_1246,FaceNameControl_Picture&Audio,3.0.4,59.98912697
53,FacesBlock1.xlsx,Julia.mp4,Julia.JPG,Julia,9.0,videoFrameJulia.png,0.0,1.0,1.0,0.0,,,,,0.0,7.0,7.0,9.0,,,Jessica,"['lshift', 'j', 's', 'backspace', 'e', 's', 's', 'i', 'c', 'a']",0.0,"[2.5832371569995303, 2.851389637999091, 3.468132390999017, 3.915946373999759, 4.050627619999432, 4.317548544999227, 4.5006107529989094, 4.700823327999387, 4.833617481999681, 4.917438591999598]",2.0,23,1,2019_Oct_01_1246,FaceNameControl_Picture&Audio,3.0.4,59.98912697
42,FacesBlock1.xlsx,Julia.mp4,Julia.JPG,Julia,9.0,videoFrameJulia.png,0.0,1.0,1.0,0.0,0.0,11.0,11.0,9.0,,,,,2.0,1.1170506740000001,,,,,,23,1,2019_Oct_01_1246,FaceNameControl_Picture&Audio,3.0.4,59.98912697
100,FacesBlock2.xlsx,Justin.mp4,Justin.JPG,Justin,24.0,videoFrameJustin.png,0.0,3.0,3.0,1.0,0.0,9.0,9.0,9.0,,,,,1.0,1.102852497,,,,,,23,1,2019_Oct_01_1246,FaceNameControl_Picture&Audio,3.0.4,59.98912697
106,FacesBlock2.xlsx,Justin.mp4,Justin.JPG,Justin,24.0,videoFrameJustin.png,0.0,3.0,3.0,1.0,,,,,0.0,0.0,0.0,9.0,,,Tyler,"['lshift', 't', 'y', 'l', 'r', 't', 'backspace', 'backspace', 'r', 't', 'backspace', 'backspace', 'e', 'r']",0.0,"[3.5327135950010415, 3.750707739000063, 4.384659717999966, 4.617076734000875, 4.850679083001523, 5.033546844000739, 5.433308310000939, 5.633089661001577, 5.883873596001649, 5.9337026580014935, 6.483018427001298, 6.648923007000121, 6.800513187999968, 6.88349873000152]",1.0,23,1,2019_Oct_01_1246,FaceNameControl_Picture&Audio,3.0.4,59.98912697
90,FacesBlock4.xlsx,Katie.mp4,Katie.JPG,Katie,56.0,videoFrameKatie.png,0.0,2.0,2.0,3.0,,,,,0.0,14.0,14.0,11.0,,,,None,0.0,,1.0,23,1,2019_Oct_01_1246,FaceNameControl_Picture&Audio,3.0.4,59.98912697
65,FacesBlock4.xlsx,Katie.mp4,Katie.JPG,Katie,56.0,videoFrameKatie.png,0.0,2.0,2.0,3.0,0.0,4.0,4.0,11.0,,,,,2.0,0.8695860790000001,,,,,,23,1,2019_Oct_01_1246,FaceNameControl_Picture&Audio,3.0.4,59.98912697
9,FacesBlock3.xlsx,Kayla.mp4,Kayla.JPG,Kayla,33.0,videoFrameKayla.png,0.0,0.0,0.0,2.0,0.0,8.0,8.0,3.0,,,,,2.0,0.5025172210000001,,,,,,23,1,2019_Oct_01_1246,FaceNameControl_Picture&Audio,3.0.4,59.98912697
27,FacesBlock3.xlsx,Kayla.mp4,Kayla.JPG,Kayla,33.0,videoFrameKayla.png,0.0,0.0,0.0,2.0,,,,,0.0,11.0,11.0,3.0,,,Kayla,"['lshift', 'k', 'a', 'y', 'l', 'a']",1.0,"[3.9659240630007844, 4.134368561000883, 4.317286473000422, 4.517379263999828, 5.150360040001033, 5.316913958000441]",2.0,23,1,2019_Oct_01_1246,FaceNameControl_Picture&Audio,3.0.4,59.98912697
31,FacesBlock1.xlsx,Kelsey.mp4,Kelsey.JPG,Kelsey,10.0,videoFrameKelsey.png,0.0,1.0,1.0,0.0,0.0,0.0,0.0,10.0,,,,,2.0,1.652696164,,,,,,23,1,2019_Oct_01_1246,FaceNameControl_Picture&Audio,3.0.4,59.98912697
56,FacesBlock1.xlsx,Kelsey.mp4,Kelsey.JPG,Kelsey,10.0,videoFrameKelsey.png,0.0,1.0,1.0,0.0,,,,,0.0,10.0,10.0,10.0,,,Taylor,"['lshift', 't', 'a', 'y', 'l', 'o', 'r']",0.0,"[2.749478875000932, 2.9010897330008447, 3.1180361719998473, 3.250850149001053, 3.867380757999854, 4.017368951999742, 4.166810951999651]",2.0,23,1,2019_Oct_01_1246,FaceNameControl_Picture&Audio,3.0.4,59.98912697
14,FacesBlock3.xlsx,Kevin.mp4,Kevin.JPG,Kevin,34.0,videoFrameKevin.png,0.0,0.0,0.0,2.0,0.0,13.0,13.0,4.0,,,,,1.0,0.45219448100000004,,,,,,23,1,2019_Oct_01_1246,FaceNameControl_Picture&Audio,3.0.4,59.98912697
29,FacesBlock3.xlsx,Kevin.mp4,Kevin.JPG,Kevin,34.0,videoFrameKevin.png,0.0,0.0,0.0,2.0,,,,,0.0,13.0,13.0,4.0,,,Noah,"['lshift', 'n', 'o', 'a', 'h']",0.0,"[6.466241075999278, 6.584013676998438, 6.667710931998954, 6.867740572999537, 7.43276991699895]",1.0,23,1,2019_Oct_01_1246,FaceNameControl_Picture&Audio,3.0.4,59.98912697
35,FacesBlock1.xlsx,Kyle.mp4,Kyle.JPG,Kyle,11.0,videoFrameKyle.png,0.0,1.0,1.0,0.0,0.0,4.0,4.0,11.0,,,,,1.0,0.486084411,,,,,,23,1,2019_Oct_01_1246,FaceNameControl_Picture&Audio,3.0.4,59.98912697
47,FacesBlock1.xlsx,Kyle.mp4,Kyle.JPG,Kyle,11.0,videoFrameKyle.png,0.0,1.0,1.0,0.0,,,,,0.0,1.0,1.0,11.0,,,Kyle,"['lshift', 'k', 'y', 'l', 'e']",1.0,"[2.716305764999561, 3.1679628639994917, 3.484079476000261, 3.9335919089990057, 4.083358036999925]",4.0,23,1,2019_Oct_01_1246,FaceNameControl_Picture&Audio,3.0.4,59.98912697
1,FacesBlock3.xlsx,Lauren.mp4,Lauren.JPG,Lauren,35.0,videoFrameLauren.png,0.0,0.0,0.0,2.0,0.0,0.0,0.0,5.0,,,,,2.0,1.402100977,,,,,,23,1,2019_Oct_01_1246,FaceNameControl_Picture&Audio,3.0.4,59.98912697
26,FacesBlock3.xlsx,Lauren.mp4,Lauren.JPG,Lauren,35.0,videoFrameLauren.png,0.0,0.0,0.0,2.0,,,,,0.0,10.0,10.0,5.0,,,Jessica,"['lshift', 'j', 'e', 's', 's', 'i', 'c', 'a']",0.0,"[4.648584037999171, 4.817725492999671, 5.067613638999319, 5.1345901869990485, 5.351373129999047, 5.550253900999451, 5.667473862000406, 5.7336695220001275]",1.0,23,1,2019_Oct_01_1246,FaceNameControl_Picture&Audio,3.0.4,59.98912697
17,FacesBlock3.xlsx,Mark.mp4,Mark.JPG,Mark,36.0,videoFrameMark.png,0.0,0.0,0.0,2.0,,,,,0.0,1.0,1.0,6.0,,,Mark,"['lshift', 'm', 'a', 'r', 'k']",1.0,"[2.817586704999485, 2.951410654999563, 3.951663804000418, 4.251578332999998, 4.418392961000791]",3.0,23,1,2019_Oct_01_1246,FaceNameControl_Picture&Audio,3.0.4,59.98912697
5,FacesBlock3.xlsx,Mark.mp4,Mark.JPG,Mark,36.0,videoFrameMark.png,0.0,0.0,0.0,2.0,0.0,4.0,4.0,6.0,,,,,1.0,0.702463776,,,,,,23,1,2019_Oct_01_1246,FaceNameControl_Picture&Audio,3.0.4,59.98912697
44,FacesBlock1.xlsx,Matthew.mp4,Matthew.JPG,Matthew,12.0,videoFrameMatthew.png,0.0,1.0,1.0,0.0,0.0,13.0,13.0,12.0,,,,,1.0,0.653186533,,,,,,23,1,2019_Oct_01_1246,FaceNameControl_Picture&Audio,3.0.4,59.98912697
55,FacesBlock1.xlsx,Matthew.mp4,Matthew.JPG,Matthew,12.0,videoFrameMatthew.png,0.0,1.0,1.0,0.0,,,,,0.0,9.0,9.0,12.0,,,Timothy,"['lshift', 't', 'i', 'm', 'o', 't', 'h', 'y']",0.0,"[3.1163935239983402, 3.268842888999643, 3.3853387359995395, 3.551986387999932, 3.6846006009982375, 3.868307783999626, 3.9682763799992244, 4.067595921998873]",3.0,23,1,2019_Oct_01_1246,FaceNameControl_Picture&Audio,3.0.4,59.98912697
109,FacesBlock2.xlsx,Megan.mp4,Megan.JPG,Megan,25.0,videoFrameMegan.png,0.0,3.0,3.0,1.0,,,,,0.0,3.0,3.0,10.0,,,Taylor,"['lshift', 't', 'a', 'y', 'l', 'o', 'r']",0.0,"[5.63195588400049, 5.767076879001252, 6.016905370001041, 6.166522195000653, 6.666120654999759, 6.850082291000945, 7.0001275340000575]",1.0,23,1,2019_Oct_01_1246,FaceNameControl_Picture&Audio,3.0.4,59.98912697
103,FacesBlock2.xlsx,Megan.mp4,Megan.JPG,Megan,25.0,videoFrameMegan.png,0.0,3.0,3.0,1.0,0.0,12.0,12.0,10.0,,,,,2.0,0.736124715,,,,,,23,1,2019_Oct_01_1246,FaceNameControl_Picture&Audio,3.0.4,59.98912697
70,FacesBlock4.xlsx,Michael.mp4,Michael.JPG,Michael,57.0,videoFrameMichael.png,0.0,2.0,2.0,3.0,0.0,9.0,9.0,12.0,,,,,1.0,0.56936075,,,,,,23,1,2019_Oct_01_1246,FaceNameControl_Picture&Audio,3.0.4,59.98912697
87,FacesBlock4.xlsx,Michael.mp4,Michael.JPG,Michael,57.0,videoFrameMichael.png,0.0,2.0,2.0,3.0,,,,,0.0,11.0,11.0,12.0,,,Matthew,"['lshift', 'm', 'a', 't', 't', 'h', 'e', 'w']",0.0,"[4.948997428000439, 5.1005646270004945, 5.266811339999549, 5.633370719000595, 5.800334936000581, 6.283393162999346, 6.816082186000131, 6.916012302999661]",1.0,23,1,2019_Oct_01_1246,FaceNameControl_Picture&Audio,3.0.4,59.98912697
72,FacesBlock4.xlsx,Michelle.mp4,Michelle.JPG,Michelle,58.0,videoFrameMichelle.png,0.0,2.0,2.0,3.0,0.0,11.0,11.0,13.0,,,,,2.0,0.453035645,,,,,,23,1,2019_Oct_01_1246,FaceNameControl_Picture&Audio,3.0.4,59.98912697
80,FacesBlock4.xlsx,Michelle.mp4,Michelle.JPG,Michelle,58.0,videoFrameMichelle.png,0.0,2.0,2.0,3.0,,,,,0.0,4.0,4.0,13.0,,,Tiffany,"['lshift', 't', 'i', 'f', 'f', 'a', 'n', 'y']",0.0,"[8.281663940000726, 8.366584696001155, 8.583238657000038, 8.815711584000383, 9.03279621100046, 9.099204547001136, 9.299179175000972, 9.699331842000902]",1.0,23,1,2019_Oct_01_1246,FaceNameControl_Picture&Audio,3.0.4,59.98912697
51,FacesBlock1.xlsx,Natalie.mp4,Natalie.JPG,Natalie,13.0,videoFrameNatalie.png,0.0,1.0,1.0,0.0,,,,,0.0,5.0,5.0,13.0,,,Natalie,"['lshift', 'n', 'a', 't', 'a', 'l', 'i', 'e']",1.0,"[1.1670298400003958, 1.3519243850005296, 1.6182077140001638, 1.9348703439991368, 2.101424931999645, 2.267939576000572, 2.5176616799999465, 2.667242310000802]",4.0,23,1,2019_Oct_01_1246,FaceNameControl_Picture&Audio,3.0.4,59.98912697
39,FacesBlock1.xlsx,Natalie.mp4,Natalie.JPG,Natalie,13.0,videoFrameNatalie.png,0.0,1.0,1.0,0.0,0.0,8.0,8.0,13.0,,,,,2.0,0.7190176540000001,,,,,,23,1,2019_Oct_01_1246,FaceNameControl_Picture&Audio,3.0.4,59.98912697
19,FacesBlock3.xlsx,Nathan.mp4,Nathan.JPG,Nathan,37.0,videoFrameNathan.png,0.0,0.0,0.0,2.0,,,,,0.0,3.0,3.0,7.0,,,Nathan,"['lshift', 'n', 'a', 't', 'h', 'a', 'n']",1.0,"[1.1171710439994058, 1.3521438970001327, 1.616513971999666, 1.7518736709989753, 1.9847753789999842, 2.167542653000055, 2.801401912000074]",4.0,23,1,2019_Oct_01_1246,FaceNameControl_Picture&Audio,3.0.4,59.98912697
11,FacesBlock3.xlsx,Nathan.mp4,Nathan.JPG,Nathan,37.0,videoFrameNathan.png,0.0,0.0,0.0,2.0,0.0,10.0,10.0,7.0,,,,,1.0,0.752521619,,,,,,23,1,2019_Oct_01_1246,FaceNameControl_Picture&Audio,3.0.4,59.98912697
15,FacesBlock3.xlsx,Nicole.mp4,Nicole.JPG,Nicole,38.0,videoFrameNicole.png,0.0,0.0,0.0,2.0,0.0,14.0,14.0,8.0,,,,,2.0,0.503013815,,,,,,23,1,2019_Oct_01_1246,FaceNameControl_Picture&Audio,3.0.4,59.98912697
23,FacesBlock3.xlsx,Nicole.mp4,Nicole.JPG,Nicole,38.0,videoFrameNicole.png,0.0,0.0,0.0,2.0,,,,,0.0,7.0,7.0,8.0,,,Nicole,"['lshift', 'n', 'i', 'c', 'o', 'l', 'e']",0.0,"[1.6669290650006587, 1.8523576560000947, 2.034642259000975, 2.268644083000254, 2.401765743001306, 2.6176036260003457, 2.801404335999905]",4.0,23,1,2019_Oct_01_1246,FaceNameControl_Picture&Audio,3.0.4,59.98912697
6,FacesBlock3.xlsx,Noah.mp4,Noah.JPG,Noah,39.0,videoFrameNoah.png,0.0,0.0,0.0,2.0,0.0,5.0,5.0,9.0,,,,,1.0,0.503062817,,,,,,23,1,2019_Oct_01_1246,FaceNameControl_Picture&Audio,3.0.4,59.98912697
16,FacesBlock3.xlsx,Noah.mp4,Noah.JPG,Noah,39.0,videoFrameNoah.png,0.0,0.0,0.0,2.0,,,,,0.0,0.0,0.0,9.0,,,Daniel,"['d', 'a', 'backspace', 'backspace', 'backspace', 'lshift', 'd', 'a', 'n', 'i', 'e', 'l']",0.0,"[3.067772997999782, 3.2178920839996863, 4.100406081999608, 4.300392093999108, 4.466678965000028, 4.6664946759992745, 4.734092180999141, 4.834049752000283, 5.015535081998678, 5.134039664999364, 6.050370220000332, 6.23349281299852]",3.0,23,1,2019_Oct_01_1246,FaceNameControl_Picture&Audio,3.0.4,59.98912697
4,FacesBlock3.xlsx,Olivia.mp4,Olivia.JPG,Olivia,40.0,videoFrameOlivia.png,0.0,0.0,0.0,2.0,0.0,3.0,3.0,10.0,,,,,2.0,0.46934481,,,,,,23,1,2019_Oct_01_1246,FaceNameControl_Picture&Audio,3.0.4,59.98912697
30,FacesBlock3.xlsx,Olivia.mp4,Olivia.JPG,Olivia,40.0,videoFrameOlivia.png,0.0,0.0,0.0,2.0,,,,,0.0,14.0,14.0,10.0,,,Olivia,"['lshift', 'o', 'l', 'i', 'v', 'i', 'a']",1.0,"[2.049942497000302, 2.182581590001064, 2.3680785140004446, 2.5824888150000334, 2.7676557210015744, 2.8675245230006112, 3.0510349050000514]",4.0,23,1,2019_Oct_01_1246,FaceNameControl_Picture&Audio,3.0.4,59.98912697
119,FacesBlock2.xlsx,Rachel.mp4,Rachel.JPG,Rachel,26.0,videoFrameRachel.png,0.0,3.0,3.0,1.0,,,,,0.0,13.0,13.0,11.0,,,,None,0.0,,1.0,23,1,2019_Oct_01_1246,FaceNameControl_Picture&Audio,3.0.4,59.98912697
93,FacesBlock2.xlsx,Rachel.mp4,Rachel.JPG,Rachel,26.0,videoFrameRachel.png,0.0,3.0,3.0,1.0,0.0,2.0,2.0,11.0,,,,,2.0,1.7854251369999998,,,,,,23,1,2019_Oct_01_1246,FaceNameControl_Picture&Audio,3.0.4,59.98912697
20,FacesBlock3.xlsx,Rebecca.mp4,Rebecca.JPG,Rebecca,41.0,videoFrameRebecca.png,0.0,0.0,0.0,2.0,,,,,0.0,4.0,4.0,11.0,,,,None,0.0,,1.0,23,1,2019_Oct_01_1246,FaceNameControl_Picture&Audio,3.0.4,59.98912697
3,FacesBlock3.xlsx,Rebecca.mp4,Rebecca.JPG,Rebecca,41.0,videoFrameRebecca.png,0.0,0.0,0.0,2.0,0.0,2.0,2.0,11.0,,,,,2.0,0.185917931,,,,,,23,1,2019_Oct_01_1246,FaceNameControl_Picture&Audio,3.0.4,59.98912697
21,FacesBlock3.xlsx,Sarah.mp4,Sarah.JPG,Sarah,42.0,videoFrameSarah.png,0.0,0.0,0.0,2.0,,,,,0.0,5.0,5.0,12.0,,,,None,0.0,,1.0,23,1,2019_Oct_01_1246,FaceNameControl_Picture&Audio,3.0.4,59.98912697
13,FacesBlock3.xlsx,Sarah.mp4,Sarah.JPG,Sarah,42.0,videoFrameSarah.png,0.0,0.0,0.0,2.0,0.0,12.0,12.0,12.0,,,,,2.0,0.48576522,,,,,,23,1,2019_Oct_01_1246,FaceNameControl_Picture&Audio,3.0.4,59.98912697
12,FacesBlock3.xlsx,Shelby.mp4,Shelby.JPG,Shelby,43.0,videoFrameShelby.png,0.0,0.0,0.0,2.0,0.0,11.0,11.0,13.0,,,,,2.0,0.7687686459999999,,,,,,23,1,2019_Oct_01_1246,FaceNameControl_Picture&Audio,3.0.4,59.98912697
18,FacesBlock3.xlsx,Shelby.mp4,Shelby.JPG,Shelby,43.0,videoFrameShelby.png,0.0,0.0,0.0,2.0,,,,,0.0,2.0,2.0,13.0,,,Shelby,"['lshift', 's', 'h', 'e', 'l', 'b', 'y']",1.0,"[2.250296841000818, 2.401293674000044, 2.600788038000246, 2.9010887189997447, 3.084492556999976, 3.4511026449999918, 3.501150973001131]",4.0,23,1,2019_Oct_01_1246,FaceNameControl_Picture&Audio,3.0.4,59.98912697
92,FacesBlock2.xlsx,Steven.mp4,Steven.JPG,Steven,27.0,videoFrameSteven.png,0.0,3.0,3.0,1.0,0.0,1.0,1.0,12.0,,,,,1.0,3.601430679,,,,,,23,1,2019_Oct_01_1246,FaceNameControl_Picture&Audio,3.0.4,59.98912697
110,FacesBlock2.xlsx,Steven.mp4,Steven.JPG,Steven,27.0,videoFrameSteven.png,0.0,3.0,3.0,1.0,,,,,0.0,4.0,4.0,12.0,,,Josh,"['lshift', 'j', 'o', 's', 'h']",0.0,"[5.78214983900034, 5.933569246000843, 5.999482307999642, 6.383442444999673, 6.54922382299992]",2.0,23,1,2019_Oct_01_1246,FaceNameControl_Picture&Audio,3.0.4,59.98912697
61,FacesBlock4.xlsx,Taylor.mp4,Taylor.JPG,Taylor,59.0,videoFrameTaylor.png,0.0,2.0,2.0,3.0,0.0,0.0,0.0,14.0,,,,,2.0,1.4029914209999998,,,,,,23,1,2019_Oct_01_1246,FaceNameControl_Picture&Audio,3.0.4,59.98912697
81,FacesBlock4.xlsx,Taylor.mp4,Taylor.JPG,Taylor,59.0,videoFrameTaylor.png,0.0,2.0,2.0,3.0,,,,,0.0,5.0,5.0,14.0,,,Taylor,"['lshift', 't', 'a', 'y', 'l', 'o', 'r']",1.0,"[5.4322716660008155, 5.566623558999709, 5.782644651000737, 5.983444110001074, 6.4832534460001625, 6.632941031999508, 6.832472752001195]",1.0,23,1,2019_Oct_01_1246,FaceNameControl_Picture&Audio,3.0.4,59.98912697
2,FacesBlock3.xlsx,Thomas.mp4,Thomas.JPG,Thomas,44.0,videoFrameThomas.png,0.0,0.0,0.0,2.0,0.0,1.0,1.0,14.0,,,,,1.0,0.602968453,,,,,,23,1,2019_Oct_01_1246,FaceNameControl_Picture&Audio,3.0.4,59.98912697
24,FacesBlock3.xlsx,Thomas.mp4,Thomas.JPG,Thomas,44.0,videoFrameThomas.png,0.0,0.0,0.0,2.0,,,,,0.0,8.0,8.0,14.0,,,Mark,"['lshift', 'm', 'a', 'r', 'k']",0.0,"[7.431274126998687, 7.66452512899923, 7.9664549299996, 8.34898289299963, 8.548778739999761]",2.0,23,1,2019_Oct_01_1246,FaceNameControl_Picture&Audio,3.0.4,59.98912697
33,FacesBlock1.xlsx,Timothy.mp4,Timothy.JPG,Timothy,14.0,videoFrameTimothy.png,0.0,1.0,1.0,0.0,0.0,2.0,2.0,14.0,,,,,1.0,1.149622659,,,,,,23,1,2019_Oct_01_1246,FaceNameControl_Picture&Audio,3.0.4,59.98912697
58,FacesBlock1.xlsx,Timothy.mp4,Timothy.JPG,Timothy,14.0,videoFrameTimothy.png,0.0,1.0,1.0,0.0,,,,,0.0,12.0,12.0,14.0,,,,None,0.0,,1.0,23,1,2019_Oct_01_1246,FaceNameControl_Picture&Audio,3.0.4,59.98912697
111,FacesBlock2.xlsx,Trevor.mp4,Trevor.JPG,Trevor,28.0,videoFrameTrevor.png,0.0,3.0,3.0,1.0,,,,,0.0,5.0,5.0,13.0,,,Trevor,"['lshift', 't', 'r', 'e', 'v', 'o', 'r']",1.0,"[2.95039565299885, 3.218491727999208, 3.4515055369993206, 3.5010121630002686, 3.71834186399974, 4.134727479000503, 4.434641128998919]",3.0,23,1,2019_Oct_01_1246,FaceNameControl_Picture&Audio,3.0.4,59.98912697
99,FacesBlock2.xlsx,Trevor.mp4,Trevor.JPG,Trevor,28.0,videoFrameTrevor.png,0.0,3.0,3.0,1.0,0.0,8.0,8.0,13.0,,,,,1.0,1.119039128,,,,,,23,1,2019_Oct_01_1246,FaceNameControl_Picture&Audio,3.0.4,59.98912697
108,FacesBlock2.xlsx,Tyler.mp4,Tyler.JPG,Tyler,29.0,videoFrameTyler.png,0.0,3.0,3.0,1.0,,,,,0.0,2.0,2.0,14.0,,,Daniel,"['lshift', 'd', 'a', 'n', 'i', 'e', 'l']",0.0,"[5.815357473000404, 5.883263919000456, 6.066294914000537, 6.183646165000027, 6.283162813000672, 6.916489055000056, 7.04991570600032]",1.0,23,1,2019_Oct_01_1246,FaceNameControl_Picture&Audio,3.0.4,59.98912697
102,FacesBlock2.xlsx,Tyler.mp4,Tyler.JPG,Tyler,29.0,videoFrameTyler.png,0.0,3.0,3.0,1.0,0.0,11.0,11.0,14.0,,,,,1.0,0.902097935,,,,,,23,1,2019_Oct_01_1246,FaceNameControl_Picture&Audio,3.0.4,59.98912697
0,,,,,,,,,,,,,,,,,,,,,,,,,,23,1,2019_Oct_01_1246,FaceNameControl_Picture&Audio,3.0.4,59.98912697
