,condsFile,Video,Photo,Name,Row,videoFrame,blocks.thisRepN,blocks.thisTrialN,blocks.thisN,blocks.thisIndex,presentations.thisRepN,presentations.thisTrialN,presentations.thisN,presentations.thisIndex,testing.thisRepN,testing.thisTrialN,testing.thisN,testing.thisIndex,judgementResp.keys,judgementResp.rt,inputText,key_resp_3.keys,recallRating_s,rating_resp.keys,key_resp_3.rt,participant,session,date,expName,psychopyVersion,frameRate
97,FacesBlock2.xlsx,Aaron.mp4,Aaron.JPG,Aaron,15.0,videoFrameAaron.png,0.0,3.0,3.0,1.0,0.0,6.0,6.0,0.0,,,,,1.0,0.717492879,,,,,,24,1,2019_Oct_01_1450,FaceNameControl_Picture&Audio,3.0.4,60.08701766
115,FacesBlock2.xlsx,Aaron.mp4,Aaron.JPG,Aaron,15.0,videoFrameAaron.png,0.0,3.0,3.0,1.0,,,,,0.0,9.0,9.0,0.0,,,,None,0.0,1.0,,24,1,2019_Oct_01_1450,FaceNameControl_Picture&Audio,3.0.4,60.08701766
25,FacesBlock1.xlsx,Adam.mp4,Adam.JPG,Adam,0.0,videoFrameAdam.png,0.0,0.0,0.0,0.0,,,,,0.0,9.0,9.0,0.0,,,,None,0.0,1.0,,24,1,2019_Oct_01_1450,FaceNameControl_Picture&Audio,3.0.4,60.08701766
10,FacesBlock1.xlsx,Adam.mp4,Adam.JPG,Adam,0.0,videoFrameAdam.png,0.0,0.0,0.0,0.0,0.0,9.0,9.0,0.0,,,,,1.0,0.319490591,,,,,,24,1,2019_Oct_01_1450,FaceNameControl_Picture&Audio,3.0.4,60.08701766
31,FacesBlock4.xlsx,Alyssa.mp4,Alyssa.JPG,Alyssa,45.0,videoFrameAlyssa.png,0.0,1.0,1.0,3.0,0.0,0.0,0.0,0.0,,,,,2.0,4.701592485,,,,,,24,1,2019_Oct_01_1450,FaceNameControl_Picture&Audio,3.0.4,60.08701766
50,FacesBlock4.xlsx,Alyssa.mp4,Alyssa.JPG,Alyssa,45.0,videoFrameAlyssa.png,0.0,1.0,1.0,3.0,,,,,0.0,4.0,4.0,0.0,,,Alyssa,"['lshift', 'a', 'l', 'y', 's', 's', 'a']",1.0,3.0,"[3.3666176389997418, 3.534531232999143, 3.6509338510004454, 3.984068671001296, 4.434308241001418, 4.7510457309981575, 4.983993238998664]",24,1,2019_Oct_01_1450,FaceNameControl_Picture&Audio,3.0.4,60.08701766
13,FacesBlock1.xlsx,Amanda.mp4,Amanda.JPG,Amanda,1.0,videoFrameAmanda.png,0.0,0.0,0.0,0.0,0.0,12.0,12.0,1.0,,,,,2.0,3.7178251789999996,,,,,,24,1,2019_Oct_01_1450,FaceNameControl_Picture&Audio,3.0.4,60.08701766
26,FacesBlock1.xlsx,Amanda.mp4,Amanda.JPG,Amanda,1.0,videoFrameAmanda.png,0.0,0.0,0.0,0.0,,,,,0.0,10.0,10.0,1.0,,,,None,0.0,1.0,,24,1,2019_Oct_01_1450,FaceNameControl_Picture&Audio,3.0.4,60.08701766
54,FacesBlock4.xlsx,Andrew.mp4,Andrew.JPG,Andrew,46.0,videoFrameAndrew.png,0.0,1.0,1.0,3.0,,,,,0.0,8.0,8.0,1.0,,,,None,0.0,1.0,,24,1,2019_Oct_01_1450,FaceNameControl_Picture&Audio,3.0.4,60.08701766
32,FacesBlock4.xlsx,Andrew.mp4,Andrew.JPG,Andrew,46.0,videoFrameAndrew.png,0.0,1.0,1.0,3.0,0.0,1.0,1.0,1.0,,,,,1.0,3.168700051,,,,,,24,1,2019_Oct_01_1450,FaceNameControl_Picture&Audio,3.0.4,60.08701766
57,FacesBlock4.xlsx,Anna.mp4,Anna.JPG,Anna,47.0,videoFrameAnna.png,0.0,1.0,1.0,3.0,,,,,0.0,11.0,11.0,2.0,,,,None,0.0,1.0,,24,1,2019_Oct_01_1450,FaceNameControl_Picture&Audio,3.0.4,60.08701766
40,FacesBlock4.xlsx,Anna.mp4,Anna.JPG,Anna,47.0,videoFrameAnna.png,0.0,1.0,1.0,3.0,0.0,9.0,9.0,2.0,,,,,2.0,0.670019162,,,,,,24,1,2019_Oct_01_1450,FaceNameControl_Picture&Audio,3.0.4,60.08701766
105,FacesBlock2.xlsx,Ashley.mp4,Ashley.JPG,Ashley,16.0,videoFrameAshley.png,0.0,3.0,3.0,1.0,0.0,14.0,14.0,1.0,,,,,2.0,1.019199163,,,,,,24,1,2019_Oct_01_1450,FaceNameControl_Picture&Audio,3.0.4,60.08701766
108,FacesBlock2.xlsx,Ashley.mp4,Ashley.JPG,Ashley,16.0,videoFrameAshley.png,0.0,3.0,3.0,1.0,,,,,0.0,2.0,2.0,1.0,,,Ashley,"['lshift', 'a', 's', 'h', 'l', 'e', 'y']",1.0,4.0,"[2.000449283998023, 2.2185493940014567, 2.685173475998454, 2.784988144001545, 3.434692221999285, 3.551135683999746, 3.701375268999982]",24,1,2019_Oct_01_1450,FaceNameControl_Picture&Audio,3.0.4,60.08701766
2,FacesBlock1.xlsx,Bradley.mp4,Bradley.JPG,Bradley,2.0,videoFrameBradley.png,0.0,0.0,0.0,0.0,0.0,1.0,1.0,2.0,,,,,1.0,0.536354114,,,,,,24,1,2019_Oct_01_1450,FaceNameControl_Picture&Audio,3.0.4,60.08701766
19,FacesBlock1.xlsx,Bradley.mp4,Bradley.JPG,Bradley,2.0,videoFrameBradley.png,0.0,0.0,0.0,0.0,,,,,0.0,3.0,3.0,2.0,,,,None,0.0,1.0,,24,1,2019_Oct_01_1450,FaceNameControl_Picture&Audio,3.0.4,60.08701766
42,FacesBlock4.xlsx,Brandon.mp4,Brandon.JPG,Brandon,48.0,videoFrameBrandon.png,0.0,1.0,1.0,3.0,0.0,11.0,11.0,3.0,,,,,1.0,0.733350996,,,,,,24,1,2019_Oct_01_1450,FaceNameControl_Picture&Audio,3.0.4,60.08701766
53,FacesBlock4.xlsx,Brandon.mp4,Brandon.JPG,Brandon,48.0,videoFrameBrandon.png,0.0,1.0,1.0,3.0,,,,,0.0,7.0,7.0,3.0,,,Brendan,"['lshift', 'b', 'r', 'e', 'n', 'd', 'a', 'n']",1.0,3.0,"[1.9495232790031878, 2.085089507003431, 2.5842634000000544, 2.8013806020026095, 2.951554749000934, 3.2175496680029028, 3.967405248000432, 4.067532943001424]",24,1,2019_Oct_01_1450,FaceNameControl_Picture&Audio,3.0.4,60.08701766
37,FacesBlock4.xlsx,Brian.mp4,Brian.JPG,Brian,49.0,videoFrameBrian.png,0.0,1.0,1.0,3.0,0.0,6.0,6.0,4.0,,,,,1.0,1.6686127130000001,,,,,,24,1,2019_Oct_01_1450,FaceNameControl_Picture&Audio,3.0.4,60.08701766
52,FacesBlock4.xlsx,Brian.mp4,Brian.JPG,Brian,49.0,videoFrameBrian.png,0.0,1.0,1.0,3.0,,,,,0.0,6.0,6.0,4.0,,,Brian,"['lshift', 'b', 'r', 'i', 'a', 'm', 'backspace', 'n']",1.0,3.0,"[2.567326210999454, 2.7190401879997808, 2.985382992999803, 3.1025308649986982, 3.285135955997248, 3.4182998489995953, 4.266592246996879, 4.60171175099822]",24,1,2019_Oct_01_1450,FaceNameControl_Picture&Audio,3.0.4,60.08701766
47,FacesBlock4.xlsx,Brianna.mp4,Brianna.JPG,Brianna,50.0,videoFrameBrianna.png,0.0,1.0,1.0,3.0,,,,,0.0,1.0,1.0,5.0,,,Briana,"['lshift', 'b', 'r', 'i', 'a', 'n', 'a', 'space']",1.0,3.0,"[2.4173182979975536, 2.501539957997011, 2.7680340629995044, 2.8851798359974055, 3.068539204999979, 3.267893305997859, 3.5014263819975895, 5.684413757000584]",24,1,2019_Oct_01_1450,FaceNameControl_Picture&Audio,3.0.4,60.08701766
41,FacesBlock4.xlsx,Brianna.mp4,Brianna.JPG,Brianna,50.0,videoFrameBrianna.png,0.0,1.0,1.0,3.0,0.0,10.0,10.0,5.0,,,,,2.0,0.802965954,,,,,,24,1,2019_Oct_01_1450,FaceNameControl_Picture&Audio,3.0.4,60.08701766
114,FacesBlock2.xlsx,Brittany.mp4,Brittany.JPG,Brittany,17.0,videoFrameBrittany.png,0.0,3.0,3.0,1.0,,,,,0.0,8.0,8.0,2.0,,,Brittany,"['lshift', 'b', 'r', 'i', 't', 't', 'a', 'n', 'y']",1.0,3.0,"[2.1332439899997553, 2.2497846680016664, 2.734436247999838, 2.851677249000204, 3.350580671001808, 3.467774796001322, 3.766841953001858, 4.483628801001032, 4.767237071999261]",24,1,2019_Oct_01_1450,FaceNameControl_Picture&Audio,3.0.4,60.08701766
95,FacesBlock2.xlsx,Brittany.mp4,Brittany.JPG,Brittany,17.0,videoFrameBrittany.png,0.0,3.0,3.0,1.0,0.0,4.0,4.0,2.0,,,,,2.0,1.6695467519999998,,,,,,24,1,2019_Oct_01_1450,FaceNameControl_Picture&Audio,3.0.4,60.08701766
38,FacesBlock4.xlsx,Caleb.mp4,Caleb.JPG,Caleb,51.0,videoFrameCaleb.png,0.0,1.0,1.0,3.0,0.0,7.0,7.0,6.0,,,,,1.0,1.752657825,,,,,,24,1,2019_Oct_01_1450,FaceNameControl_Picture&Audio,3.0.4,60.08701766
59,FacesBlock4.xlsx,Caleb.mp4,Caleb.JPG,Caleb,51.0,videoFrameCaleb.png,0.0,1.0,1.0,3.0,,,,,0.0,13.0,13.0,6.0,,,,None,0.0,1.0,,24,1,2019_Oct_01_1450,FaceNameControl_Picture&Audio,3.0.4,60.08701766
94,FacesBlock2.xlsx,Cody.mp4,Cody.JPG,Cody,18.0,videoFrameCody.png,0.0,3.0,3.0,1.0,0.0,3.0,3.0,3.0,,,,,1.0,2.7854444739999997,,,,,,24,1,2019_Oct_01_1450,FaceNameControl_Picture&Audio,3.0.4,60.08701766
118,FacesBlock2.xlsx,Cody.mp4,Cody.JPG,Cody,18.0,videoFrameCody.png,0.0,3.0,3.0,1.0,,,,,0.0,12.0,12.0,3.0,,,,None,0.0,1.0,,24,1,2019_Oct_01_1450,FaceNameControl_Picture&Audio,3.0.4,60.08701766
82,FacesBlock3.xlsx,Courtney.mp4,Courtney.JPG,Courtney,30.0,videoFrameCourtney.png,0.0,2.0,2.0,2.0,,,,,0.0,6.0,6.0,0.0,,,Courtney,"['lshift', 'c', 'o', 'u', 'r', 't', 'n', 'e', 'y']",1.0,4.0,"[2.4667835159998504, 2.601724544001627, 2.918085440000141, 3.0347787819991936, 3.2005386160017224, 3.3679805239989946, 4.151070035000885, 4.301256417002151, 4.401230724000925]",24,1,2019_Oct_01_1450,FaceNameControl_Picture&Audio,3.0.4,60.08701766
70,FacesBlock3.xlsx,Courtney.mp4,Courtney.JPG,Courtney,30.0,videoFrameCourtney.png,0.0,2.0,2.0,2.0,0.0,9.0,9.0,0.0,,,,,2.0,0.853270573,,,,,,24,1,2019_Oct_01_1450,FaceNameControl_Picture&Audio,3.0.4,60.08701766
80,FacesBlock3.xlsx,Daniel.mp4,Daniel.JPG,Daniel,31.0,videoFrameDaniel.png,0.0,2.0,2.0,2.0,,,,,0.0,4.0,4.0,1.0,,,Daniel,"['lshift', 'd', 'n', 'backspace', 'a', 'n', 'i', 'e', 'l']",1.0,4.0,"[2.999978526000632, 3.1515484760020627, 3.6010633150035574, 4.666814934000286, 5.250522909002029, 5.349907556003018, 5.583905444000266, 5.683573875001457, 5.850528347000363]",24,1,2019_Oct_01_1450,FaceNameControl_Picture&Audio,3.0.4,60.08701766
64,FacesBlock3.xlsx,Daniel.mp4,Daniel.JPG,Daniel,31.0,videoFrameDaniel.png,0.0,2.0,2.0,2.0,0.0,3.0,3.0,1.0,,,,,1.0,0.752785884,,,,,,24,1,2019_Oct_01_1450,FaceNameControl_Picture&Audio,3.0.4,60.08701766
8,FacesBlock1.xlsx,Danielle.mp4,Danielle.JPG,Danielle,3.0,videoFrameDanielle.png,0.0,0.0,0.0,0.0,0.0,7.0,7.0,3.0,,,,,2.0,0.286104024,,,,,,24,1,2019_Oct_01_1450,FaceNameControl_Picture&Audio,3.0.4,60.08701766
21,FacesBlock1.xlsx,Danielle.mp4,Danielle.JPG,Danielle,3.0,videoFrameDanielle.png,0.0,0.0,0.0,0.0,,,,,0.0,5.0,5.0,3.0,,,,None,0.0,1.0,,24,1,2019_Oct_01_1450,FaceNameControl_Picture&Audio,3.0.4,60.08701766
91,FacesBlock2.xlsx,David.mp4,David.JPG,David,19.0,videoFrameDavid.png,0.0,3.0,3.0,1.0,0.0,0.0,0.0,4.0,,,,,1.0,2.868429696,,,,,,24,1,2019_Oct_01_1450,FaceNameControl_Picture&Audio,3.0.4,60.08701766
111,FacesBlock2.xlsx,David.mp4,David.JPG,David,19.0,videoFrameDavid.png,0.0,3.0,3.0,1.0,,,,,0.0,5.0,5.0,4.0,,,,None,0.0,1.0,,24,1,2019_Oct_01_1450,FaceNameControl_Picture&Audio,3.0.4,60.08701766
48,FacesBlock4.xlsx,Dylan.mp4,Dylan.JPG,Dylan,52.0,videoFrameDylan.png,0.0,1.0,1.0,3.0,,,,,0.0,2.0,2.0,7.0,,,Dylan,"['lshift', 'd', 'y', 'l', 'a', 'n']",1.0,3.0,"[3.3664911220002978, 3.5013922510006523, 3.617685133998748, 4.433896697999444, 4.567443851999997, 4.700459351999598]",24,1,2019_Oct_01_1450,FaceNameControl_Picture&Audio,3.0.4,60.08701766
43,FacesBlock4.xlsx,Dylan.mp4,Dylan.JPG,Dylan,52.0,videoFrameDylan.png,0.0,1.0,1.0,3.0,0.0,12.0,12.0,7.0,,,,,1.0,1.299936853,,,,,,24,1,2019_Oct_01_1450,FaceNameControl_Picture&Audio,3.0.4,60.08701766
34,FacesBlock4.xlsx,Emily.mp4,Emily.JPG,Emily,53.0,videoFrameEmily.png,0.0,1.0,1.0,3.0,0.0,3.0,3.0,8.0,,,,,2.0,1.5027676580000002,,,,,,24,1,2019_Oct_01_1450,FaceNameControl_Picture&Audio,3.0.4,60.08701766
51,FacesBlock4.xlsx,Emily.mp4,Emily.JPG,Emily,53.0,videoFrameEmily.png,0.0,1.0,1.0,3.0,,,,,0.0,5.0,5.0,8.0,,,Katie,"['lshift', 'k', 'a', 't', 'i', 'e']",0.0,2.0,"[5.79909938000128, 5.934245705000649, 6.0840216649994545, 6.250673056001688, 6.534082692000084, 6.600547370999266]",24,1,2019_Oct_01_1450,FaceNameControl_Picture&Audio,3.0.4,60.08701766
23,FacesBlock1.xlsx,Eric.mp4,Eric.JPG,Eric,4.0,videoFrameEric.png,0.0,0.0,0.0,0.0,,,,,0.0,7.0,7.0,4.0,,,,None,0.0,1.0,,24,1,2019_Oct_01_1450,FaceNameControl_Picture&Audio,3.0.4,60.08701766
14,FacesBlock1.xlsx,Eric.mp4,Eric.JPG,Eric,4.0,videoFrameEric.png,0.0,0.0,0.0,0.0,0.0,13.0,13.0,4.0,,,,,1.0,0.46934532100000004,,,,,,24,1,2019_Oct_01_1450,FaceNameControl_Picture&Audio,3.0.4,60.08701766
9,FacesBlock1.xlsx,Ethan.mp4,Ethan.JPG,Ethan,5.0,videoFrameEthan.png,0.0,0.0,0.0,0.0,0.0,8.0,8.0,5.0,,,,,1.0,0.269182304,,,,,,24,1,2019_Oct_01_1450,FaceNameControl_Picture&Audio,3.0.4,60.08701766
20,FacesBlock1.xlsx,Ethan.mp4,Ethan.JPG,Ethan,5.0,videoFrameEthan.png,0.0,0.0,0.0,0.0,,,,,0.0,4.0,4.0,5.0,,,,"['r', 'e', 'backspace', 'backspace']",0.0,1.0,"[5.168138167999132, 5.1874853529989196, 6.083565911001642, 6.350287009001477]",24,1,2019_Oct_01_1450,FaceNameControl_Picture&Audio,3.0.4,60.08701766
49,FacesBlock4.xlsx,Grace.mp4,Grace.JPG,Grace,54.0,videoFrameGrace.png,0.0,1.0,1.0,3.0,,,,,0.0,3.0,3.0,9.0,,,Grace,"['lshift', 'g', 'r', 'a', 'c', 'e']",1.0,3.0,"[1.5330269869991753, 1.652011901998776, 1.8847543660012889, 1.9688318340013211, 2.185033942998416, 2.267853991001175]",24,1,2019_Oct_01_1450,FaceNameControl_Picture&Audio,3.0.4,60.08701766
36,FacesBlock4.xlsx,Grace.mp4,Grace.JPG,Grace,54.0,videoFrameGrace.png,0.0,1.0,1.0,3.0,0.0,5.0,5.0,9.0,,,,,2.0,0.735874967,,,,,,24,1,2019_Oct_01_1450,FaceNameControl_Picture&Audio,3.0.4,60.08701766
98,FacesBlock2.xlsx,Haley.mp4,Haley.JPG,Haley,20.0,videoFrameHaley.png,0.0,3.0,3.0,1.0,0.0,7.0,7.0,5.0,,,,,2.0,2.236170843,,,,,,24,1,2019_Oct_01_1450,FaceNameControl_Picture&Audio,3.0.4,60.08701766
117,FacesBlock2.xlsx,Haley.mp4,Haley.JPG,Haley,20.0,videoFrameHaley.png,0.0,3.0,3.0,1.0,,,,,0.0,11.0,11.0,5.0,,,Haley,"['lshift', 'h', 'a', 'l', 'e', 'y']",1.0,1.0,"[7.432281024000986, 7.782827470000484, 8.483297408001818, 8.664483852000558, 8.8646550630001, 9.016883300999325]",24,1,2019_Oct_01_1450,FaceNameControl_Picture&Audio,3.0.4,60.08701766
3,FacesBlock1.xlsx,Hannah.mp4,Hannah.JPG,Hannah,6.0,videoFrameHannah.png,0.0,0.0,0.0,0.0,0.0,2.0,2.0,6.0,,,,,2.0,0.469247184,,,,,,24,1,2019_Oct_01_1450,FaceNameControl_Picture&Audio,3.0.4,60.08701766
18,FacesBlock1.xlsx,Hannah.mp4,Hannah.JPG,Hannah,6.0,videoFrameHannah.png,0.0,0.0,0.0,0.0,,,,,0.0,2.0,2.0,6.0,,,,None,0.0,1.0,,24,1,2019_Oct_01_1450,FaceNameControl_Picture&Audio,3.0.4,60.08701766
106,FacesBlock2.xlsx,Heather.mp4,Heather.JPG,Heather,21.0,videoFrameHeather.png,0.0,3.0,3.0,1.0,,,,,0.0,0.0,0.0,6.0,,,Heather,"['lshift', 'h', 'a', 't', 'h', 'e', 'r', 'backspace', 'backspace', 'backspace', 'backspace', 'backspace', 'e', 't', 'h', 'e', 'r', 'backspace', 'backspace', 'backspace', 'backspace', 'a', 't', 'h', 'e', 'r']",1.0,4.0,"[3.283199040000909, 3.4012494749986217, 3.634785092999664, 3.8349195089977, 3.8995145999979286, 4.001827440999477, 4.099494068999775, 4.68360627599759, 4.816631850000704, 4.950467013000889, 5.115785535999748, 5.250630077000096, 5.384082990000024, 6.0837898239988135, 6.1340313049986435, 6.21741616899817, 6.298711782997998, 7.249759197999083, 7.383061484000791, 7.53280876899953, 7.731262843997683, 8.049450447997515, 8.399844455998391, 8.449942126000678, 8.533235318998777, 8.599958299997525]",24,1,2019_Oct_01_1450,FaceNameControl_Picture&Audio,3.0.4,60.08701766
92,FacesBlock2.xlsx,Heather.mp4,Heather.JPG,Heather,21.0,videoFrameHeather.png,0.0,3.0,3.0,1.0,0.0,1.0,1.0,6.0,,,,,2.0,1.9525453419999999,,,,,,24,1,2019_Oct_01_1450,FaceNameControl_Picture&Audio,3.0.4,60.08701766
66,FacesBlock3.xlsx,Jacob.mp4,Jacob.JPG,Jacob,32.0,videoFrameJacob.png,0.0,2.0,2.0,2.0,0.0,5.0,5.0,2.0,,,,,1.0,0.9028830590000001,,,,,,24,1,2019_Oct_01_1450,FaceNameControl_Picture&Audio,3.0.4,60.08701766
90,FacesBlock3.xlsx,Jacob.mp4,Jacob.JPG,Jacob,32.0,videoFrameJacob.png,0.0,2.0,2.0,2.0,,,,,0.0,14.0,14.0,2.0,,,,None,0.0,1.0,,24,1,2019_Oct_01_1450,FaceNameControl_Picture&Audio,3.0.4,60.08701766
56,FacesBlock4.xlsx,Jason.mp4,Jason.JPG,Jason,55.0,videoFrameJason.png,0.0,1.0,1.0,3.0,,,,,0.0,10.0,10.0,10.0,,,,None,0.0,1.0,,24,1,2019_Oct_01_1450,FaceNameControl_Picture&Audio,3.0.4,60.08701766
39,FacesBlock4.xlsx,Jason.mp4,Jason.JPG,Jason,55.0,videoFrameJason.png,0.0,1.0,1.0,3.0,0.0,8.0,8.0,10.0,,,,,1.0,1.136032304,,,,,,24,1,2019_Oct_01_1450,FaceNameControl_Picture&Audio,3.0.4,60.08701766
5,FacesBlock1.xlsx,Jenna.mp4,Jenna.JPG,Jenna,7.0,videoFrameJenna.png,0.0,0.0,0.0,0.0,0.0,4.0,4.0,7.0,,,,,2.0,0.35267327600000004,,,,,,24,1,2019_Oct_01_1450,FaceNameControl_Picture&Audio,3.0.4,60.08701766
17,FacesBlock1.xlsx,Jenna.mp4,Jenna.JPG,Jenna,7.0,videoFrameJenna.png,0.0,0.0,0.0,0.0,,,,,0.0,1.0,1.0,7.0,,,,None,0.0,1.0,,24,1,2019_Oct_01_1450,FaceNameControl_Picture&Audio,3.0.4,60.08701766
103,FacesBlock2.xlsx,Jeremy.mp4,Jeremy.JPG,Jeremy,22.0,videoFrameJeremy.png,0.0,3.0,3.0,1.0,0.0,12.0,12.0,7.0,,,,,1.0,0.8200583690000001,,,,,,24,1,2019_Oct_01_1450,FaceNameControl_Picture&Audio,3.0.4,60.08701766
120,FacesBlock2.xlsx,Jeremy.mp4,Jeremy.JPG,Jeremy,22.0,videoFrameJeremy.png,0.0,3.0,3.0,1.0,,,,,0.0,14.0,14.0,7.0,,,,None,0.0,1.0,,24,1,2019_Oct_01_1450,FaceNameControl_Picture&Audio,3.0.4,60.08701766
24,FacesBlock1.xlsx,Jessica.mp4,Jessica.JPG,Jessica,8.0,videoFrameJessica.png,0.0,0.0,0.0,0.0,,,,,0.0,8.0,8.0,8.0,,,,None,0.0,1.0,,24,1,2019_Oct_01_1450,FaceNameControl_Picture&Audio,3.0.4,60.08701766
6,FacesBlock1.xlsx,Jessica.mp4,Jessica.JPG,Jessica,8.0,videoFrameJessica.png,0.0,0.0,0.0,0.0,0.0,5.0,5.0,8.0,,,,,2.0,0.218951389,,,,,,24,1,2019_Oct_01_1450,FaceNameControl_Picture&Audio,3.0.4,60.08701766
110,FacesBlock2.xlsx,Josh.mp4,Josh.JPG,Josh,23.0,videoFrameJosh.png,0.0,3.0,3.0,1.0,,,,,0.0,4.0,4.0,8.0,,,J,"['lshift', 'j']",0.0,2.0,"[5.566258122998988, 5.784682640998653]",24,1,2019_Oct_01_1450,FaceNameControl_Picture&Audio,3.0.4,60.08701766
102,FacesBlock2.xlsx,Josh.mp4,Josh.JPG,Josh,23.0,videoFrameJosh.png,0.0,3.0,3.0,1.0,0.0,11.0,11.0,8.0,,,,,1.0,0.385441291,,,,,,24,1,2019_Oct_01_1450,FaceNameControl_Picture&Audio,3.0.4,60.08701766
7,FacesBlock1.xlsx,Julia.mp4,Julia.JPG,Julia,9.0,videoFrameJulia.png,0.0,0.0,0.0,0.0,0.0,6.0,6.0,9.0,,,,,2.0,1.3185248090000001,,,,,,24,1,2019_Oct_01_1450,FaceNameControl_Picture&Audio,3.0.4,60.08701766
16,FacesBlock1.xlsx,Julia.mp4,Julia.JPG,Julia,9.0,videoFrameJulia.png,0.0,0.0,0.0,0.0,,,,,0.0,0.0,0.0,9.0,,,,None,0.0,1.0,,24,1,2019_Oct_01_1450,FaceNameControl_Picture&Audio,3.0.4,60.08701766
113,FacesBlock2.xlsx,Justin.mp4,Justin.JPG,Justin,24.0,videoFrameJustin.png,0.0,3.0,3.0,1.0,,,,,0.0,7.0,7.0,9.0,,,,None,0.0,1.0,,24,1,2019_Oct_01_1450,FaceNameControl_Picture&Audio,3.0.4,60.08701766
101,FacesBlock2.xlsx,Justin.mp4,Justin.JPG,Justin,24.0,videoFrameJustin.png,0.0,3.0,3.0,1.0,0.0,10.0,10.0,9.0,,,,,1.0,1.336419595,,,,,,24,1,2019_Oct_01_1450,FaceNameControl_Picture&Audio,3.0.4,60.08701766
46,FacesBlock4.xlsx,Katie.mp4,Katie.JPG,Katie,56.0,videoFrameKatie.png,0.0,1.0,1.0,3.0,,,,,0.0,0.0,0.0,11.0,,,Michelle,"['lshift', 'm', 'i', 'c', 'h', 'e', 'l', 'l', 'e']",0.0,3.0,"[3.533793106998928, 3.684595201000775, 4.001553931000672, 4.1183872029978374, 4.732290899999498, 4.867676041998493, 5.084603192000941, 5.1840888490005455, 5.315730158999941]",24,1,2019_Oct_01_1450,FaceNameControl_Picture&Audio,3.0.4,60.08701766
44,FacesBlock4.xlsx,Katie.mp4,Katie.JPG,Katie,56.0,videoFrameKatie.png,0.0,1.0,1.0,3.0,0.0,13.0,13.0,11.0,,,,,2.0,0.785068468,,,,,,24,1,2019_Oct_01_1450,FaceNameControl_Picture&Audio,3.0.4,60.08701766
83,FacesBlock3.xlsx,Kayla.mp4,Kayla.JPG,Kayla,33.0,videoFrameKayla.png,0.0,2.0,2.0,2.0,,,,,0.0,7.0,7.0,3.0,,,Kayla,"['lshift', 'k', 'a', 'y', 'l', 'a']",1.0,4.0,"[2.59982585599937, 2.7014393270001165, 2.9006117729986727, 2.984181207000802, 3.6011212869998417, 3.6838046830016538]",24,1,2019_Oct_01_1450,FaceNameControl_Picture&Audio,3.0.4,60.08701766
69,FacesBlock3.xlsx,Kayla.mp4,Kayla.JPG,Kayla,33.0,videoFrameKayla.png,0.0,2.0,2.0,2.0,0.0,8.0,8.0,3.0,,,,,2.0,0.7363116690000001,,,,,,24,1,2019_Oct_01_1450,FaceNameControl_Picture&Audio,3.0.4,60.08701766
27,FacesBlock1.xlsx,Kelsey.mp4,Kelsey.JPG,Kelsey,10.0,videoFrameKelsey.png,0.0,0.0,0.0,0.0,,,,,0.0,11.0,11.0,10.0,,,Kelsey,"['lshift', 'k', 'e', 'l', 's', 'e', 'y']",1.0,4.0,"[1.532865266999579, 1.633996369997476, 2.3179104669980006, 2.433871254997939, 2.948723738998524, 3.0506479579998995, 3.1838928859979205]",24,1,2019_Oct_01_1450,FaceNameControl_Picture&Audio,3.0.4,60.08701766
15,FacesBlock1.xlsx,Kelsey.mp4,Kelsey.JPG,Kelsey,10.0,videoFrameKelsey.png,0.0,0.0,0.0,0.0,0.0,14.0,14.0,10.0,,,,,2.0,0.386701795,,,,,,24,1,2019_Oct_01_1450,FaceNameControl_Picture&Audio,3.0.4,60.08701766
84,FacesBlock3.xlsx,Kevin.mp4,Kevin.JPG,Kevin,34.0,videoFrameKevin.png,0.0,2.0,2.0,2.0,,,,,0.0,8.0,8.0,4.0,,,Kevin,"['lshift', 'k', 'e', 'v', 'i', 'n']",1.0,4.0,"[2.167028878000565, 2.3684473729990714, 3.0845866380004736, 3.4508354979989235, 3.584559407998313, 3.7672972990003473]",24,1,2019_Oct_01_1450,FaceNameControl_Picture&Audio,3.0.4,60.08701766
75,FacesBlock3.xlsx,Kevin.mp4,Kevin.JPG,Kevin,34.0,videoFrameKevin.png,0.0,2.0,2.0,2.0,0.0,14.0,14.0,4.0,,,,,1.0,0.636313672,,,,,,24,1,2019_Oct_01_1450,FaceNameControl_Picture&Audio,3.0.4,60.08701766
4,FacesBlock1.xlsx,Kyle.mp4,Kyle.JPG,Kyle,11.0,videoFrameKyle.png,0.0,0.0,0.0,0.0,0.0,3.0,3.0,11.0,,,,,1.0,0.053107296,,,,,,24,1,2019_Oct_01_1450,FaceNameControl_Picture&Audio,3.0.4,60.08701766
30,FacesBlock1.xlsx,Kyle.mp4,Kyle.JPG,Kyle,11.0,videoFrameKyle.png,0.0,0.0,0.0,0.0,,,,,0.0,14.0,14.0,11.0,,,,None,0.0,1.0,,24,1,2019_Oct_01_1450,FaceNameControl_Picture&Audio,3.0.4,60.08701766
73,FacesBlock3.xlsx,Lauren.mp4,Lauren.JPG,Lauren,35.0,videoFrameLauren.png,0.0,2.0,2.0,2.0,0.0,12.0,12.0,5.0,,,,,2.0,0.48637463799999997,,,,,,24,1,2019_Oct_01_1450,FaceNameControl_Picture&Audio,3.0.4,60.08701766
77,FacesBlock3.xlsx,Lauren.mp4,Lauren.JPG,Lauren,35.0,videoFrameLauren.png,0.0,2.0,2.0,2.0,,,,,0.0,1.0,1.0,5.0,,,,None,0.0,1.0,,24,1,2019_Oct_01_1450,FaceNameControl_Picture&Audio,3.0.4,60.08701766
68,FacesBlock3.xlsx,Mark.mp4,Mark.JPG,Mark,36.0,videoFrameMark.png,0.0,2.0,2.0,2.0,0.0,7.0,7.0,6.0,,,,,1.0,1.036125681,,,,,,24,1,2019_Oct_01_1450,FaceNameControl_Picture&Audio,3.0.4,60.08701766
88,FacesBlock3.xlsx,Mark.mp4,Mark.JPG,Mark,36.0,videoFrameMark.png,0.0,2.0,2.0,2.0,,,,,0.0,12.0,12.0,6.0,,,,None,0.0,1.0,,24,1,2019_Oct_01_1450,FaceNameControl_Picture&Audio,3.0.4,60.08701766
28,FacesBlock1.xlsx,Matthew.mp4,Matthew.JPG,Matthew,12.0,videoFrameMatthew.png,0.0,0.0,0.0,0.0,,,,,0.0,12.0,12.0,12.0,,,Eric,"['lshift', 'e', 'r', 'i', 'c']",0.0,2.0,"[2.200470473999303, 2.385410316001071, 3.0513248370007204, 3.684977606000757, 4.782810422999319]",24,1,2019_Oct_01_1450,FaceNameControl_Picture&Audio,3.0.4,60.08701766
11,FacesBlock1.xlsx,Matthew.mp4,Matthew.JPG,Matthew,12.0,videoFrameMatthew.png,0.0,0.0,0.0,0.0,0.0,10.0,10.0,12.0,,,,,1.0,0.369537942,,,,,,24,1,2019_Oct_01_1450,FaceNameControl_Picture&Audio,3.0.4,60.08701766
93,FacesBlock2.xlsx,Megan.mp4,Megan.JPG,Megan,25.0,videoFrameMegan.png,0.0,3.0,3.0,1.0,0.0,2.0,2.0,10.0,,,,,2.0,2.018876048,,,,,,24,1,2019_Oct_01_1450,FaceNameControl_Picture&Audio,3.0.4,60.08701766
112,FacesBlock2.xlsx,Megan.mp4,Megan.JPG,Megan,25.0,videoFrameMegan.png,0.0,3.0,3.0,1.0,,,,,0.0,6.0,6.0,10.0,,,,None,0.0,1.0,,24,1,2019_Oct_01_1450,FaceNameControl_Picture&Audio,3.0.4,60.08701766
60,FacesBlock4.xlsx,Michael.mp4,Michael.JPG,Michael,57.0,videoFrameMichael.png,0.0,1.0,1.0,3.0,,,,,0.0,14.0,14.0,12.0,,,,None,0.0,1.0,,24,1,2019_Oct_01_1450,FaceNameControl_Picture&Audio,3.0.4,60.08701766
33,FacesBlock4.xlsx,Michael.mp4,Michael.JPG,Michael,57.0,videoFrameMichael.png,0.0,1.0,1.0,3.0,0.0,2.0,2.0,12.0,,,,,1.0,1.918451485,,,,,,24,1,2019_Oct_01_1450,FaceNameControl_Picture&Audio,3.0.4,60.08701766
55,FacesBlock4.xlsx,Michelle.mp4,Michelle.JPG,Michelle,58.0,videoFrameMichelle.png,0.0,1.0,1.0,3.0,,,,,0.0,9.0,9.0,13.0,,,Michelle,"['lshift', 'm', 'i', 'v', 'h', 'backspace', 'backspace', 'c', 'h', 'e', 'l', 'l', 'e']",1.0,2.0,"[3.516272122000373, 3.6681823409999197, 3.9511548789996596, 4.150906974999089, 4.234388974000467, 5.167000007000752, 5.417084492997674, 5.817186762000347, 5.98341807199904, 6.21714570399854, 6.367331530000229, 6.48395083899959, 6.583783571997628]",24,1,2019_Oct_01_1450,FaceNameControl_Picture&Audio,3.0.4,60.08701766
35,FacesBlock4.xlsx,Michelle.mp4,Michelle.JPG,Michelle,58.0,videoFrameMichelle.png,0.0,1.0,1.0,3.0,0.0,4.0,4.0,13.0,,,,,2.0,1.88507292,,,,,,24,1,2019_Oct_01_1450,FaceNameControl_Picture&Audio,3.0.4,60.08701766
1,FacesBlock1.xlsx,Natalie.mp4,Natalie.JPG,Natalie,13.0,videoFrameNatalie.png,0.0,0.0,0.0,0.0,0.0,0.0,0.0,13.0,,,,,2.0,1.785263675,,,,,,24,1,2019_Oct_01_1450,FaceNameControl_Picture&Audio,3.0.4,60.08701766
29,FacesBlock1.xlsx,Natalie.mp4,Natalie.JPG,Natalie,13.0,videoFrameNatalie.png,0.0,0.0,0.0,0.0,,,,,0.0,13.0,13.0,13.0,,,,None,0.0,1.0,,24,1,2019_Oct_01_1450,FaceNameControl_Picture&Audio,3.0.4,60.08701766
76,FacesBlock3.xlsx,Nathan.mp4,Nathan.JPG,Nathan,37.0,videoFrameNathan.png,0.0,2.0,2.0,2.0,,,,,0.0,0.0,0.0,7.0,,,,None,0.0,1.0,,24,1,2019_Oct_01_1450,FaceNameControl_Picture&Audio,3.0.4,60.08701766
74,FacesBlock3.xlsx,Nathan.mp4,Nathan.JPG,Nathan,37.0,videoFrameNathan.png,0.0,2.0,2.0,2.0,0.0,13.0,13.0,7.0,,,,,1.0,0.46975629,,,,,,24,1,2019_Oct_01_1450,FaceNameControl_Picture&Audio,3.0.4,60.08701766
89,FacesBlock3.xlsx,Nicole.mp4,Nicole.JPG,Nicole,38.0,videoFrameNicole.png,0.0,2.0,2.0,2.0,,,,,0.0,13.0,13.0,8.0,,,,None,0.0,1.0,,24,1,2019_Oct_01_1450,FaceNameControl_Picture&Audio,3.0.4,60.08701766
67,FacesBlock3.xlsx,Nicole.mp4,Nicole.JPG,Nicole,38.0,videoFrameNicole.png,0.0,2.0,2.0,2.0,0.0,6.0,6.0,8.0,,,,,2.0,1.10244419,,,,,,24,1,2019_Oct_01_1450,FaceNameControl_Picture&Audio,3.0.4,60.08701766
72,FacesBlock3.xlsx,Noah.mp4,Noah.JPG,Noah,39.0,videoFrameNoah.png,0.0,2.0,2.0,2.0,0.0,11.0,11.0,9.0,,,,,1.0,0.752174507,,,,,,24,1,2019_Oct_01_1450,FaceNameControl_Picture&Audio,3.0.4,60.08701766
85,FacesBlock3.xlsx,Noah.mp4,Noah.JPG,Noah,39.0,videoFrameNoah.png,0.0,2.0,2.0,2.0,,,,,0.0,9.0,9.0,9.0,,,Noah,"['lshift', 'n', 'o', 'a', 'h']",1.0,4.0,"[3.400640068000939, 3.5847722990001785, 3.8685028979998606, 4.11824123200131, 4.284854900000937]",24,1,2019_Oct_01_1450,FaceNameControl_Picture&Audio,3.0.4,60.08701766
71,FacesBlock3.xlsx,Olivia.mp4,Olivia.JPG,Olivia,40.0,videoFrameOlivia.png,0.0,2.0,2.0,2.0,0.0,10.0,10.0,10.0,,,,,2.0,0.9533705859999999,,,,,,24,1,2019_Oct_01_1450,FaceNameControl_Picture&Audio,3.0.4,60.08701766
78,FacesBlock3.xlsx,Olivia.mp4,Olivia.JPG,Olivia,40.0,videoFrameOlivia.png,0.0,2.0,2.0,2.0,,,,,0.0,2.0,2.0,10.0,,,,None,0.0,1.0,,24,1,2019_Oct_01_1450,FaceNameControl_Picture&Audio,3.0.4,60.08701766
99,FacesBlock2.xlsx,Rachel.mp4,Rachel.JPG,Rachel,26.0,videoFrameRachel.png,0.0,3.0,3.0,1.0,0.0,8.0,8.0,11.0,,,,,2.0,1.70229957,,,,,,24,1,2019_Oct_01_1450,FaceNameControl_Picture&Audio,3.0.4,60.08701766
119,FacesBlock2.xlsx,Rachel.mp4,Rachel.JPG,Rachel,26.0,videoFrameRachel.png,0.0,3.0,3.0,1.0,,,,,0.0,13.0,13.0,11.0,,,,None,0.0,1.0,,24,1,2019_Oct_01_1450,FaceNameControl_Picture&Audio,3.0.4,60.08701766
79,FacesBlock3.xlsx,Rebecca.mp4,Rebecca.JPG,Rebecca,41.0,videoFrameRebecca.png,0.0,2.0,2.0,2.0,,,,,0.0,3.0,3.0,11.0,,,,None,0.0,1.0,,24,1,2019_Oct_01_1450,FaceNameControl_Picture&Audio,3.0.4,60.08701766
65,FacesBlock3.xlsx,Rebecca.mp4,Rebecca.JPG,Rebecca,41.0,videoFrameRebecca.png,0.0,2.0,2.0,2.0,0.0,4.0,4.0,11.0,,,,,2.0,0.752567735,,,,,,24,1,2019_Oct_01_1450,FaceNameControl_Picture&Audio,3.0.4,60.08701766
87,FacesBlock3.xlsx,Sarah.mp4,Sarah.JPG,Sarah,42.0,videoFrameSarah.png,0.0,2.0,2.0,2.0,,,,,0.0,11.0,11.0,12.0,,,,None,0.0,1.0,,24,1,2019_Oct_01_1450,FaceNameControl_Picture&Audio,3.0.4,60.08701766
62,FacesBlock3.xlsx,Sarah.mp4,Sarah.JPG,Sarah,42.0,videoFrameSarah.png,0.0,2.0,2.0,2.0,0.0,1.0,1.0,12.0,,,,,2.0,1.5353486440000002,,,,,,24,1,2019_Oct_01_1450,FaceNameControl_Picture&Audio,3.0.4,60.08701766
86,FacesBlock3.xlsx,Shelby.mp4,Shelby.JPG,Shelby,43.0,videoFrameShelby.png,0.0,2.0,2.0,2.0,,,,,0.0,10.0,10.0,13.0,,,,None,0.0,1.0,,24,1,2019_Oct_01_1450,FaceNameControl_Picture&Audio,3.0.4,60.08701766
63,FacesBlock3.xlsx,Shelby.mp4,Shelby.JPG,Shelby,43.0,videoFrameShelby.png,0.0,2.0,2.0,2.0,0.0,2.0,2.0,13.0,,,,,2.0,2.502121652,,,,,,24,1,2019_Oct_01_1450,FaceNameControl_Picture&Audio,3.0.4,60.08701766
109,FacesBlock2.xlsx,Steven.mp4,Steven.JPG,Steven,27.0,videoFrameSteven.png,0.0,3.0,3.0,1.0,,,,,0.0,3.0,3.0,12.0,,,St,"['lshift', 's', 't']",0.0,3.0,"[9.730264869998791, 9.832307360000414, 9.948879184998077]",24,1,2019_Oct_01_1450,FaceNameControl_Picture&Audio,3.0.4,60.08701766
104,FacesBlock2.xlsx,Steven.mp4,Steven.JPG,Steven,27.0,videoFrameSteven.png,0.0,3.0,3.0,1.0,0.0,13.0,13.0,12.0,,,,,1.0,1.802477706,,,,,,24,1,2019_Oct_01_1450,FaceNameControl_Picture&Audio,3.0.4,60.08701766
58,FacesBlock4.xlsx,Taylor.mp4,Taylor.JPG,Taylor,59.0,videoFrameTaylor.png,0.0,1.0,1.0,3.0,,,,,0.0,12.0,12.0,14.0,,,Taylor,"['lshift', 't', 'a', 'y', 'l', 'o', 'r']",1.0,4.0,"[2.6494563699998253, 2.867638278999948, 3.2010708620000514, 3.2989299629989546, 4.066984670000238, 4.250199378002435, 4.33314849800081]",24,1,2019_Oct_01_1450,FaceNameControl_Picture&Audio,3.0.4,60.08701766
45,FacesBlock4.xlsx,Taylor.mp4,Taylor.JPG,Taylor,59.0,videoFrameTaylor.png,0.0,1.0,1.0,3.0,0.0,14.0,14.0,14.0,,,,,2.0,1.33553613,,,,,,24,1,2019_Oct_01_1450,FaceNameControl_Picture&Audio,3.0.4,60.08701766
61,FacesBlock3.xlsx,Thomas.mp4,Thomas.JPG,Thomas,44.0,videoFrameThomas.png,0.0,2.0,2.0,2.0,0.0,0.0,0.0,14.0,,,,,1.0,4.301947542,,,,,,24,1,2019_Oct_01_1450,FaceNameControl_Picture&Audio,3.0.4,60.08701766
81,FacesBlock3.xlsx,Thomas.mp4,Thomas.JPG,Thomas,44.0,videoFrameThomas.png,0.0,2.0,2.0,2.0,,,,,0.0,5.0,5.0,14.0,,,,None,0.0,1.0,,24,1,2019_Oct_01_1450,FaceNameControl_Picture&Audio,3.0.4,60.08701766
22,FacesBlock1.xlsx,Timothy.mp4,Timothy.JPG,Timothy,14.0,videoFrameTimothy.png,0.0,0.0,0.0,0.0,,,,,0.0,6.0,6.0,14.0,,,,None,0.0,1.0,,24,1,2019_Oct_01_1450,FaceNameControl_Picture&Audio,3.0.4,60.08701766
12,FacesBlock1.xlsx,Timothy.mp4,Timothy.JPG,Timothy,14.0,videoFrameTimothy.png,0.0,0.0,0.0,0.0,0.0,11.0,11.0,14.0,,,,,1.0,0.336176924,,,,,,24,1,2019_Oct_01_1450,FaceNameControl_Picture&Audio,3.0.4,60.08701766
100,FacesBlock2.xlsx,Trevor.mp4,Trevor.JPG,Trevor,28.0,videoFrameTrevor.png,0.0,3.0,3.0,1.0,0.0,9.0,9.0,13.0,,,,,1.0,0.519273375,,,,,,24,1,2019_Oct_01_1450,FaceNameControl_Picture&Audio,3.0.4,60.08701766
116,FacesBlock2.xlsx,Trevor.mp4,Trevor.JPG,Trevor,28.0,videoFrameTrevor.png,0.0,3.0,3.0,1.0,,,,,0.0,10.0,10.0,13.0,,,,None,0.0,1.0,,24,1,2019_Oct_01_1450,FaceNameControl_Picture&Audio,3.0.4,60.08701766
96,FacesBlock2.xlsx,Tyler.mp4,Tyler.JPG,Tyler,29.0,videoFrameTyler.png,0.0,3.0,3.0,1.0,0.0,5.0,5.0,14.0,,,,,1.0,0.9860780729999999,,,,,,24,1,2019_Oct_01_1450,FaceNameControl_Picture&Audio,3.0.4,60.08701766
107,FacesBlock2.xlsx,Tyler.mp4,Tyler.JPG,Tyler,29.0,videoFrameTyler.png,0.0,3.0,3.0,1.0,,,,,0.0,1.0,1.0,14.0,,,,None,0.0,1.0,,24,1,2019_Oct_01_1450,FaceNameControl_Picture&Audio,3.0.4,60.08701766
0,,,,,,,,,,,,,,,,,,,,,,,,,,24,1,2019_Oct_01_1450,FaceNameControl_Picture&Audio,3.0.4,60.08701766
