,condsFile,Video,Photo,Name,Row,videoFrame,blocks.thisRepN,blocks.thisTrialN,blocks.thisN,blocks.thisIndex,presentations.thisRepN,presentations.thisTrialN,presentations.thisN,presentations.thisIndex,testing.thisRepN,testing.thisTrialN,testing.thisN,testing.thisIndex,judgementResp.keys,judgementResp.rt,inputText,key_resp_3.keys,recallRating_s,key_resp_3.rt,rating_resp.keys,participant,session,date,expName,psychopyVersion,frameRate
90,FacesBlock2.xlsx,Aaron.mp4,Aaron.JPG,Aaron,15.0,videoFrameAaron.png,0.0,2.0,2.0,1.0,,,,,0.0,14.0,14.0,0.0,,,tyler,"['t', 'y', 'l', 'e', 'r']",0.0,"[7.700152238001465, 7.916819703998044, 8.216336023000622, 8.366683575000934, 8.599224695000885]",1.0,25,1,2019_Oct_01_1556,FaceNameControl_Picture&Audio,3.0.4,60.03837269
66,FacesBlock2.xlsx,Aaron.mp4,Aaron.JPG,Aaron,15.0,videoFrameAaron.png,0.0,2.0,2.0,1.0,0.0,5.0,5.0,0.0,,,,,1.0,0.700277923,,,,,,25,1,2019_Oct_01_1556,FaceNameControl_Picture&Audio,3.0.4,60.03837269
34,FacesBlock1.xlsx,Adam.mp4,Adam.JPG,Adam,0.0,videoFrameAdam.png,0.0,1.0,1.0,0.0,0.0,3.0,3.0,0.0,,,,,1.0,0.9031618809999999,,,,,,25,1,2019_Oct_01_1556,FaceNameControl_Picture&Audio,3.0.4,60.03837269
59,FacesBlock1.xlsx,Adam.mp4,Adam.JPG,Adam,0.0,videoFrameAdam.png,0.0,1.0,1.0,0.0,,,,,0.0,13.0,13.0,0.0,,,bradely,"['b', 'r', 'a', 'd', 'e', 'l', 'y']",0.0,"[2.5511482670008263, 2.834377802002564, 2.9511288910034637, 3.150290056000813, 3.3502797550027026, 3.582073075001972, 4.182036559002881]",2.0,25,1,2019_Oct_01_1556,FaceNameControl_Picture&Audio,3.0.4,60.03837269
115,FacesBlock4.xlsx,Alyssa.mp4,Alyssa.JPG,Alyssa,45.0,videoFrameAlyssa.png,0.0,3.0,3.0,3.0,,,,,0.0,9.0,9.0,0.0,,,yinuo,"['y', 'i', 'n', 'u', 'o']",0.0,"[4.184735390001151, 4.418579848999798, 4.634143272000074, 4.867956473000959, 5.067334342998947]",1.0,25,1,2019_Oct_01_1556,FaceNameControl_Picture&Audio,3.0.4,60.03837269
96,FacesBlock4.xlsx,Alyssa.mp4,Alyssa.JPG,Alyssa,45.0,videoFrameAlyssa.png,0.0,3.0,3.0,3.0,0.0,5.0,5.0,0.0,,,,,2.0,0.852776236,,,,,,25,1,2019_Oct_01_1556,FaceNameControl_Picture&Audio,3.0.4,60.03837269
50,FacesBlock1.xlsx,Amanda.mp4,Amanda.JPG,Amanda,1.0,videoFrameAmanda.png,0.0,1.0,1.0,0.0,,,,,0.0,4.0,4.0,1.0,,,jud,"['j', 'u', 'l', 'i', 'a', 'equal', 'backspace', 'backspace', 'backspace', 'd', 'u', 'backspace']",0.0,"[5.401017806998425, 5.600857788998837, 5.8673297639979864, 6.067465791998984, 6.183626941998227, 7.16720257599809, 7.5661324379980215, 7.865914409998368, 8.065952238001046, 9.032667632000084, 9.182568830998207, 9.88199053399876]",1.0,25,1,2019_Oct_01_1556,FaceNameControl_Picture&Audio,3.0.4,60.03837269
32,FacesBlock1.xlsx,Amanda.mp4,Amanda.JPG,Amanda,1.0,videoFrameAmanda.png,0.0,1.0,1.0,0.0,0.0,1.0,1.0,1.0,,,,,2.0,1.366622912,,,,,,25,1,2019_Oct_01_1556,FaceNameControl_Picture&Audio,3.0.4,60.03837269
112,FacesBlock4.xlsx,Andrew.mp4,Andrew.JPG,Andrew,46.0,videoFrameAndrew.png,0.0,3.0,3.0,3.0,,,,,0.0,6.0,6.0,1.0,,,sullivan,"['s', 'u', 'l', 'l', 'i', 'v', 'a', 'n']",0.0,"[3.601838302001852, 3.885361673001171, 4.1511839120030345, 4.3012176230004115, 4.50103788600245, 4.734427727002185, 4.901390560000436, 5.351634424001531]",1.0,25,1,2019_Oct_01_1556,FaceNameControl_Picture&Audio,3.0.4,60.03837269
103,FacesBlock4.xlsx,Andrew.mp4,Andrew.JPG,Andrew,46.0,videoFrameAndrew.png,0.0,3.0,3.0,3.0,0.0,12.0,12.0,1.0,,,,,1.0,0.569422567,,,,,,25,1,2019_Oct_01_1556,FaceNameControl_Picture&Audio,3.0.4,60.03837269
113,FacesBlock4.xlsx,Anna.mp4,Anna.JPG,Anna,47.0,videoFrameAnna.png,0.0,3.0,3.0,3.0,,,,,0.0,7.0,7.0,2.0,,,anna,"['a', 'n', 'n', 'a']",1.0,"[1.6521548950004217, 1.88476148799964, 2.067941346002044, 2.2187744510010816]",4.0,25,1,2019_Oct_01_1556,FaceNameControl_Picture&Audio,3.0.4,60.03837269
104,FacesBlock4.xlsx,Anna.mp4,Anna.JPG,Anna,47.0,videoFrameAnna.png,0.0,3.0,3.0,3.0,0.0,13.0,13.0,2.0,,,,,2.0,0.7859935229999999,,,,,,25,1,2019_Oct_01_1556,FaceNameControl_Picture&Audio,3.0.4,60.03837269
62,FacesBlock2.xlsx,Ashley.mp4,Ashley.JPG,Ashley,16.0,videoFrameAshley.png,0.0,2.0,2.0,1.0,0.0,1.0,1.0,1.0,,,,,2.0,0.91865348,,,,,,25,1,2019_Oct_01_1556,FaceNameControl_Picture&Audio,3.0.4,60.03837269
79,FacesBlock2.xlsx,Ashley.mp4,Ashley.JPG,Ashley,16.0,videoFrameAshley.png,0.0,2.0,2.0,1.0,,,,,0.0,3.0,3.0,1.0,,,hayley,"['h', 'a', 'y', 'l', 'e', 'y']",0.0,"[3.9183839140023338, 4.501392746002239, 4.701471573000163, 5.034739566999633, 5.217865465001523, 5.450884917001531]",3.0,25,1,2019_Oct_01_1556,FaceNameControl_Picture&Audio,3.0.4,60.03837269
48,FacesBlock1.xlsx,Bradley.mp4,Bradley.JPG,Bradley,2.0,videoFrameBradley.png,0.0,1.0,1.0,0.0,,,,,0.0,2.0,2.0,2.0,,,,None,0.0,,1.0,25,1,2019_Oct_01_1556,FaceNameControl_Picture&Audio,3.0.4,60.03837269
41,FacesBlock1.xlsx,Bradley.mp4,Bradley.JPG,Bradley,2.0,videoFrameBradley.png,0.0,1.0,1.0,0.0,0.0,10.0,10.0,2.0,,,,,1.0,1.38591961,,,,,,25,1,2019_Oct_01_1556,FaceNameControl_Picture&Audio,3.0.4,60.03837269
110,FacesBlock4.xlsx,Brandon.mp4,Brandon.JPG,Brandon,48.0,videoFrameBrandon.png,0.0,3.0,3.0,3.0,,,,,0.0,4.0,4.0,3.0,,,bandon,"['b', 'a', 'n', 'd', 'o', 'n']",1.0,"[1.6348254009972152, 1.7660866179976438, 1.9660201329970732, 2.1173017709988926, 2.3012156169970694, 2.53443474499727]",4.0,25,1,2019_Oct_01_1556,FaceNameControl_Picture&Audio,3.0.4,60.03837269
94,FacesBlock4.xlsx,Brandon.mp4,Brandon.JPG,Brandon,48.0,videoFrameBrandon.png,0.0,3.0,3.0,3.0,0.0,3.0,3.0,3.0,,,,,1.0,1.285740469,,,,,,25,1,2019_Oct_01_1556,FaceNameControl_Picture&Audio,3.0.4,60.03837269
93,FacesBlock4.xlsx,Brian.mp4,Brian.JPG,Brian,49.0,videoFrameBrian.png,0.0,3.0,3.0,3.0,0.0,2.0,2.0,4.0,,,,,1.0,1.5167949630000002,,,,,,25,1,2019_Oct_01_1556,FaceNameControl_Picture&Audio,3.0.4,60.03837269
109,FacesBlock4.xlsx,Brian.mp4,Brian.JPG,Brian,49.0,videoFrameBrian.png,0.0,3.0,3.0,3.0,,,,,0.0,3.0,3.0,4.0,,,jason,"['j', 'a', 's', 'o', 'n']",0.0,"[4.668145700001332, 4.8013064400001895, 5.101319813002192, 5.151089138998941, 5.3844096310022]",3.0,25,1,2019_Oct_01_1556,FaceNameControl_Picture&Audio,3.0.4,60.03837269
114,FacesBlock4.xlsx,Brianna.mp4,Brianna.JPG,Brianna,50.0,videoFrameBrianna.png,0.0,3.0,3.0,3.0,,,,,0.0,8.0,8.0,5.0,,,he,"['h', 'e']",0.0,"[9.566226052000275, 9.932583320001868]",1.0,25,1,2019_Oct_01_1556,FaceNameControl_Picture&Audio,3.0.4,60.03837269
101,FacesBlock4.xlsx,Brianna.mp4,Brianna.JPG,Brianna,50.0,videoFrameBrianna.png,0.0,3.0,3.0,3.0,0.0,10.0,10.0,5.0,,,,,2.0,0.8355519229999999,,,,,,25,1,2019_Oct_01_1556,FaceNameControl_Picture&Audio,3.0.4,60.03837269
75,FacesBlock2.xlsx,Brittany.mp4,Brittany.JPG,Brittany,17.0,videoFrameBrittany.png,0.0,2.0,2.0,1.0,0.0,14.0,14.0,2.0,,,,,2.0,0.653339994,,,,,,25,1,2019_Oct_01_1556,FaceNameControl_Picture&Audio,3.0.4,60.03837269
80,FacesBlock2.xlsx,Brittany.mp4,Brittany.JPG,Brittany,17.0,videoFrameBrittany.png,0.0,2.0,2.0,1.0,,,,,0.0,4.0,4.0,2.0,,,,"['n', 'o', 'n', 'e', 'backspace', 'backspace', 'backspace', 'backspace']",0.0,"[3.3511522810003953, 3.6180343000014545, 3.8341823230002774, 3.951045442998293, 4.533499388999189, 4.716675682000641, 4.883401089999097, 5.3167174059999525]",1.0,25,1,2019_Oct_01_1556,FaceNameControl_Picture&Audio,3.0.4,60.03837269
100,FacesBlock4.xlsx,Caleb.mp4,Caleb.JPG,Caleb,51.0,videoFrameCaleb.png,0.0,3.0,3.0,3.0,0.0,9.0,9.0,6.0,,,,,1.0,0.6169390539999999,,,,,,25,1,2019_Oct_01_1556,FaceNameControl_Picture&Audio,3.0.4,60.03837269
111,FacesBlock4.xlsx,Caleb.mp4,Caleb.JPG,Caleb,51.0,videoFrameCaleb.png,0.0,3.0,3.0,3.0,,,,,0.0,5.0,5.0,6.0,,,andy,"['a', 'n', 'd', 'y']",0.0,"[3.0016455790027976, 3.1846459890002734, 3.4511757060026866, 3.6320249840027827]",1.0,25,1,2019_Oct_01_1556,FaceNameControl_Picture&Audio,3.0.4,60.03837269
63,FacesBlock2.xlsx,Cody.mp4,Cody.JPG,Cody,18.0,videoFrameCody.png,0.0,2.0,2.0,1.0,0.0,2.0,2.0,3.0,,,,,1.0,0.619757834,,,,,,25,1,2019_Oct_01_1556,FaceNameControl_Picture&Audio,3.0.4,60.03837269
88,FacesBlock2.xlsx,Cody.mp4,Cody.JPG,Cody,18.0,videoFrameCody.png,0.0,2.0,2.0,1.0,,,,,0.0,12.0,12.0,3.0,,,,None,0.0,,1.0,25,1,2019_Oct_01_1556,FaceNameControl_Picture&Audio,3.0.4,60.03837269
1,FacesBlock3.xlsx,Courtney.mp4,Courtney.JPG,Courtney,30.0,videoFrameCourtney.png,0.0,0.0,0.0,2.0,0.0,0.0,0.0,0.0,,,,,2.0,3.2348424889999996,,,,,,25,1,2019_Oct_01_1556,FaceNameControl_Picture&Audio,3.0.4,60.03837269
25,FacesBlock3.xlsx,Courtney.mp4,Courtney.JPG,Courtney,30.0,videoFrameCourtney.png,0.0,0.0,0.0,2.0,,,,,0.0,9.0,9.0,0.0,,,,None,0.0,,1.0,25,1,2019_Oct_01_1556,FaceNameControl_Picture&Audio,3.0.4,60.03837269
28,FacesBlock3.xlsx,Daniel.mp4,Daniel.JPG,Daniel,31.0,videoFrameDaniel.png,0.0,0.0,0.0,2.0,,,,,0.0,12.0,12.0,1.0,,,jacob,"['comma', 'a', 'backspace', 'j', 'a', 'c', 'o', 'b']",0.0,"[2.1850048169981164, 2.384550634000334, 3.3671666999980516, 4.167204748999211, 4.316991133000556, 4.998425142999622, 5.1329933980014175, 5.58343232200059]",1.0,25,1,2019_Oct_01_1556,FaceNameControl_Picture&Audio,3.0.4,60.03837269
9,FacesBlock3.xlsx,Daniel.mp4,Daniel.JPG,Daniel,31.0,videoFrameDaniel.png,0.0,0.0,0.0,2.0,0.0,8.0,8.0,1.0,,,,,1.0,0.519003278,,,,,,25,1,2019_Oct_01_1556,FaceNameControl_Picture&Audio,3.0.4,60.03837269
53,FacesBlock1.xlsx,Danielle.mp4,Danielle.JPG,Danielle,3.0,videoFrameDanielle.png,0.0,1.0,1.0,0.0,,,,,0.0,7.0,7.0,3.0,,,,None,0.0,,1.0,25,1,2019_Oct_01_1556,FaceNameControl_Picture&Audio,3.0.4,60.03837269
39,FacesBlock1.xlsx,Danielle.mp4,Danielle.JPG,Danielle,3.0,videoFrameDanielle.png,0.0,1.0,1.0,0.0,0.0,8.0,8.0,3.0,,,,,2.0,1.635969356,,,,,,25,1,2019_Oct_01_1556,FaceNameControl_Picture&Audio,3.0.4,60.03837269
73,FacesBlock2.xlsx,David.mp4,David.JPG,David,19.0,videoFrameDavid.png,0.0,2.0,2.0,1.0,0.0,12.0,12.0,4.0,,,,,1.0,0.576357855,,,,,,25,1,2019_Oct_01_1556,FaceNameControl_Picture&Audio,3.0.4,60.03837269
89,FacesBlock2.xlsx,David.mp4,David.JPG,David,19.0,videoFrameDavid.png,0.0,2.0,2.0,1.0,,,,,0.0,13.0,13.0,4.0,,,,None,0.0,,1.0,25,1,2019_Oct_01_1556,FaceNameControl_Picture&Audio,3.0.4,60.03837269
108,FacesBlock4.xlsx,Dylan.mp4,Dylan.JPG,Dylan,52.0,videoFrameDylan.png,0.0,3.0,3.0,3.0,,,,,0.0,2.0,2.0,7.0,,,dylan,"['d', 'y', 'l', 'a', 'n']",1.0,"[2.2672222800028976, 2.5346652879998146, 3.03395786100009, 3.2341996260001906, 3.4175642270020035]",4.0,25,1,2019_Oct_01_1556,FaceNameControl_Picture&Audio,3.0.4,60.03837269
102,FacesBlock4.xlsx,Dylan.mp4,Dylan.JPG,Dylan,52.0,videoFrameDylan.png,0.0,3.0,3.0,3.0,0.0,11.0,11.0,7.0,,,,,1.0,0.8694340909999999,,,,,,25,1,2019_Oct_01_1556,FaceNameControl_Picture&Audio,3.0.4,60.03837269
117,FacesBlock4.xlsx,Emily.mp4,Emily.JPG,Emily,53.0,videoFrameEmily.png,0.0,3.0,3.0,3.0,,,,,0.0,11.0,11.0,8.0,,,ke,"['k', 'e']",0.0,"[4.868061383996974, 5.068216884999856]",1.0,25,1,2019_Oct_01_1556,FaceNameControl_Picture&Audio,3.0.4,60.03837269
98,FacesBlock4.xlsx,Emily.mp4,Emily.JPG,Emily,53.0,videoFrameEmily.png,0.0,3.0,3.0,3.0,0.0,7.0,7.0,8.0,,,,,2.0,1.485975586,,,,,,25,1,2019_Oct_01_1556,FaceNameControl_Picture&Audio,3.0.4,60.03837269
37,FacesBlock1.xlsx,Eric.mp4,Eric.JPG,Eric,4.0,videoFrameEric.png,0.0,1.0,1.0,0.0,0.0,6.0,6.0,4.0,,,,,1.0,0.450248162,,,,,,25,1,2019_Oct_01_1556,FaceNameControl_Picture&Audio,3.0.4,60.03837269
49,FacesBlock1.xlsx,Eric.mp4,Eric.JPG,Eric,4.0,videoFrameEric.png,0.0,1.0,1.0,0.0,,,,,0.0,3.0,3.0,4.0,,,math,"['m', 'a', 't', 'h']",0.0,"[8.449815924002905, 8.550423605000105, 8.782455194002978, 8.982554973001243]",2.0,25,1,2019_Oct_01_1556,FaceNameControl_Picture&Audio,3.0.4,60.03837269
44,FacesBlock1.xlsx,Ethan.mp4,Ethan.JPG,Ethan,5.0,videoFrameEthan.png,0.0,1.0,1.0,0.0,0.0,13.0,13.0,5.0,,,,,1.0,1.002375506,,,,,,25,1,2019_Oct_01_1556,FaceNameControl_Picture&Audio,3.0.4,60.03837269
47,FacesBlock1.xlsx,Ethan.mp4,Ethan.JPG,Ethan,5.0,videoFrameEthan.png,0.0,1.0,1.0,0.0,,,,,0.0,1.0,1.0,5.0,,,timothy,"['t', 'i', 'm', 'o', 't', 'h', 'y']",0.0,"[5.417423432998476, 5.700835871997697, 6.033509917000629, 6.350140257000021, 6.866690491999179, 7.050391196000419, 7.248447906997171]",1.0,25,1,2019_Oct_01_1556,FaceNameControl_Picture&Audio,3.0.4,60.03837269
95,FacesBlock4.xlsx,Grace.mp4,Grace.JPG,Grace,54.0,videoFrameGrace.png,0.0,3.0,3.0,3.0,0.0,4.0,4.0,9.0,,,,,2.0,0.599983733,,,,,,25,1,2019_Oct_01_1556,FaceNameControl_Picture&Audio,3.0.4,60.03837269
116,FacesBlock4.xlsx,Grace.mp4,Grace.JPG,Grace,54.0,videoFrameGrace.png,0.0,3.0,3.0,3.0,,,,,0.0,10.0,10.0,9.0,,,grace,"['g', 'r', 'a', 'c', 'e']",1.0,"[2.1020510800008196, 2.284798677999788, 2.401866861000599, 2.7011716759989213, 2.934299349999492]",4.0,25,1,2019_Oct_01_1556,FaceNameControl_Picture&Audio,3.0.4,60.03837269
61,FacesBlock2.xlsx,Haley.mp4,Haley.JPG,Haley,20.0,videoFrameHaley.png,0.0,2.0,2.0,1.0,0.0,0.0,0.0,5.0,,,,,2.0,1.6191442619999998,,,,,,25,1,2019_Oct_01_1556,FaceNameControl_Picture&Audio,3.0.4,60.03837269
83,FacesBlock2.xlsx,Haley.mp4,Haley.JPG,Haley,20.0,videoFrameHaley.png,0.0,2.0,2.0,1.0,,,,,0.0,7.0,7.0,5.0,,,hayley,"['h', 'y', 'backspace', 'a', 'y', 'l', 'e', 'y']",1.0,"[1.4013172659979318, 1.6016950939992967, 2.2512234819987498, 2.434762074997707, 2.6843511939987366, 3.068071809997491, 3.2676451779989293, 3.4845369949980523]",4.0,25,1,2019_Oct_01_1556,FaceNameControl_Picture&Audio,3.0.4,60.03837269
31,FacesBlock1.xlsx,Hannah.mp4,Hannah.JPG,Hannah,6.0,videoFrameHannah.png,0.0,1.0,1.0,0.0,0.0,0.0,0.0,6.0,,,,,2.0,2.501439265,,,,,,25,1,2019_Oct_01_1556,FaceNameControl_Picture&Audio,3.0.4,60.03837269
58,FacesBlock1.xlsx,Hannah.mp4,Hannah.JPG,Hannah,6.0,videoFrameHannah.png,0.0,1.0,1.0,0.0,,,,,0.0,12.0,12.0,6.0,,,dani,"['d', 'a', 'n', 'i']",0.0,"[8.900000907000504, 9.231058753997786, 9.548985285000526, 9.78258252500018]",2.0,25,1,2019_Oct_01_1556,FaceNameControl_Picture&Audio,3.0.4,60.03837269
64,FacesBlock2.xlsx,Heather.mp4,Heather.JPG,Heather,21.0,videoFrameHeather.png,0.0,2.0,2.0,1.0,0.0,3.0,3.0,6.0,,,,,1.0,0.7359158570000001,,,,,,25,1,2019_Oct_01_1556,FaceNameControl_Picture&Audio,3.0.4,60.03837269
81,FacesBlock2.xlsx,Heather.mp4,Heather.JPG,Heather,21.0,videoFrameHeather.png,0.0,2.0,2.0,1.0,,,,,0.0,5.0,5.0,6.0,,,tracy,"['t', 'r', 'a', 'c', 'y', 'backspace', 'y']",0.0,"[5.617733146998944, 5.767465256998548, 5.8834555959983845, 6.317199115997937, 6.450796466000611, 6.916487090998999, 8.083506590999605]",1.0,25,1,2019_Oct_01_1556,FaceNameControl_Picture&Audio,3.0.4,60.03837269
22,FacesBlock3.xlsx,Jacob.mp4,Jacob.JPG,Jacob,32.0,videoFrameJacob.png,0.0,0.0,0.0,2.0,,,,,0.0,6.0,6.0,2.0,,,mike,"['m', 'i', 'k', 'e']",0.0,"[5.701040689000365, 5.900552850998793, 6.0985250049998285, 6.217625370998576]",1.0,25,1,2019_Oct_01_1556,FaceNameControl_Picture&Audio,3.0.4,60.03837269
13,FacesBlock3.xlsx,Jacob.mp4,Jacob.JPG,Jacob,32.0,videoFrameJacob.png,0.0,0.0,0.0,2.0,0.0,12.0,12.0,2.0,,,,,1.0,0.45193043,,,,,,25,1,2019_Oct_01_1556,FaceNameControl_Picture&Audio,3.0.4,60.03837269
105,FacesBlock4.xlsx,Jason.mp4,Jason.JPG,Jason,55.0,videoFrameJason.png,0.0,3.0,3.0,3.0,0.0,14.0,14.0,10.0,,,,,1.0,1.502373683,,,,,,25,1,2019_Oct_01_1556,FaceNameControl_Picture&Audio,3.0.4,60.03837269
119,FacesBlock4.xlsx,Jason.mp4,Jason.JPG,Jason,55.0,videoFrameJason.png,0.0,3.0,3.0,3.0,,,,,0.0,13.0,13.0,10.0,,,jason,"['j', 'a', 's', 'o', 'n']",1.0,"[2.368863165997027, 2.73547815299753, 3.051663323996763, 3.1830234459994244, 3.4013156139990315]",3.0,25,1,2019_Oct_01_1556,FaceNameControl_Picture&Audio,3.0.4,60.03837269
36,FacesBlock1.xlsx,Jenna.mp4,Jenna.JPG,Jenna,7.0,videoFrameJenna.png,0.0,1.0,1.0,0.0,0.0,5.0,5.0,7.0,,,,,2.0,0.453258979,,,,,,25,1,2019_Oct_01_1556,FaceNameControl_Picture&Audio,3.0.4,60.03837269
51,FacesBlock1.xlsx,Jenna.mp4,Jenna.JPG,Jenna,7.0,videoFrameJenna.png,0.0,1.0,1.0,0.0,,,,,0.0,5.0,5.0,7.0,,,,None,0.0,,1.0,25,1,2019_Oct_01_1556,FaceNameControl_Picture&Audio,3.0.4,60.03837269
77,FacesBlock2.xlsx,Jeremy.mp4,Jeremy.JPG,Jeremy,22.0,videoFrameJeremy.png,0.0,2.0,2.0,1.0,,,,,0.0,1.0,1.0,7.0,,,travor,"['t', 'r', 'a', 'v', 'e', 'l', 'backspace', 'backspace', 'o', 'r']",0.0,"[4.583794234997185, 4.800515345999884, 5.03394885599846, 5.500218930999836, 5.7172427589976, 5.950526936998358, 7.033007213998644, 7.498295014000178, 8.182406148000155, 8.316595814998436]",1.0,25,1,2019_Oct_01_1556,FaceNameControl_Picture&Audio,3.0.4,60.03837269
67,FacesBlock2.xlsx,Jeremy.mp4,Jeremy.JPG,Jeremy,22.0,videoFrameJeremy.png,0.0,2.0,2.0,1.0,0.0,6.0,6.0,7.0,,,,,1.0,0.9526042790000001,,,,,,25,1,2019_Oct_01_1556,FaceNameControl_Picture&Audio,3.0.4,60.03837269
45,FacesBlock1.xlsx,Jessica.mp4,Jessica.JPG,Jessica,8.0,videoFrameJessica.png,0.0,1.0,1.0,0.0,0.0,14.0,14.0,8.0,,,,,2.0,0.9690110999999999,,,,,,25,1,2019_Oct_01_1556,FaceNameControl_Picture&Audio,3.0.4,60.03837269
56,FacesBlock1.xlsx,Jessica.mp4,Jessica.JPG,Jessica,8.0,videoFrameJessica.png,0.0,1.0,1.0,0.0,,,,,0.0,10.0,10.0,8.0,,,jenna,"['j', 'u', 'l', 'i', 'a', 'backspace', 'backspace', 'backspace', 'backspace', 'e', 'backspace', 'e', 'n', 'n', 'a']",0.0,"[2.8178478900008486, 3.017739070000971, 3.317598467998323, 3.565675363999617, 3.717054955999629, 5.899566281001171, 6.832339184999, 7.165871764998883, 7.33264349700039, 7.782570724000834, 8.432045302000915, 8.899184221001633, 9.149366950998228, 9.565786257000582, 9.765223095000692]",2.0,25,1,2019_Oct_01_1556,FaceNameControl_Picture&Audio,3.0.4,60.03837269
82,FacesBlock2.xlsx,Josh.mp4,Josh.JPG,Josh,23.0,videoFrameJosh.png,0.0,2.0,2.0,1.0,,,,,0.0,6.0,6.0,8.0,,,david,"['d', 'a', 'v', 'i', 'd']",0.0,"[5.4485419420016115, 5.717434363999928, 5.917480133000936, 6.13326674900236, 6.250874691002537]",1.0,25,1,2019_Oct_01_1556,FaceNameControl_Picture&Audio,3.0.4,60.03837269
70,FacesBlock2.xlsx,Josh.mp4,Josh.JPG,Josh,23.0,videoFrameJosh.png,0.0,2.0,2.0,1.0,0.0,9.0,9.0,8.0,,,,,1.0,0.636493155,,,,,,25,1,2019_Oct_01_1556,FaceNameControl_Picture&Audio,3.0.4,60.03837269
60,FacesBlock1.xlsx,Julia.mp4,Julia.JPG,Julia,9.0,videoFrameJulia.png,0.0,1.0,1.0,0.0,,,,,0.0,14.0,14.0,9.0,,,julia,"['j', 'u', 'l', 'i', 'a']",1.0,"[1.6191592089999176, 1.802107490999333, 2.0516375249972043, 2.252291447999596, 2.3855034679982055]",4.0,25,1,2019_Oct_01_1556,FaceNameControl_Picture&Audio,3.0.4,60.03837269
40,FacesBlock1.xlsx,Julia.mp4,Julia.JPG,Julia,9.0,videoFrameJulia.png,0.0,1.0,1.0,0.0,0.0,9.0,9.0,9.0,,,,,2.0,1.68557244,,,,,,25,1,2019_Oct_01_1556,FaceNameControl_Picture&Audio,3.0.4,60.03837269
72,FacesBlock2.xlsx,Justin.mp4,Justin.JPG,Justin,24.0,videoFrameJustin.png,0.0,2.0,2.0,1.0,0.0,11.0,11.0,9.0,,,,,1.0,1.169357879,,,,,,25,1,2019_Oct_01_1556,FaceNameControl_Picture&Audio,3.0.4,60.03837269
78,FacesBlock2.xlsx,Justin.mp4,Justin.JPG,Justin,24.0,videoFrameJustin.png,0.0,2.0,2.0,1.0,,,,,0.0,2.0,2.0,9.0,,,nickson,"['n', 'i', 'c', 'k', 's', 'o', 'n']",0.0,"[1.6854571080002643, 1.901687908997701, 5.684164668997255, 5.883871158999682, 6.7332117240002844, 6.850500636999641, 7.166697908996866]",1.0,25,1,2019_Oct_01_1556,FaceNameControl_Picture&Audio,3.0.4,60.03837269
92,FacesBlock4.xlsx,Katie.mp4,Katie.JPG,Katie,56.0,videoFrameKatie.png,0.0,3.0,3.0,3.0,0.0,1.0,1.0,11.0,,,,,2.0,1.5527522919999999,,,,,,25,1,2019_Oct_01_1556,FaceNameControl_Picture&Audio,3.0.4,60.03837269
106,FacesBlock4.xlsx,Katie.mp4,Katie.JPG,Katie,56.0,videoFrameKatie.png,0.0,3.0,3.0,3.0,,,,,0.0,0.0,0.0,11.0,,,,None,0.0,,1.0,25,1,2019_Oct_01_1556,FaceNameControl_Picture&Audio,3.0.4,60.03837269
4,FacesBlock3.xlsx,Kayla.mp4,Kayla.JPG,Kayla,33.0,videoFrameKayla.png,0.0,0.0,0.0,2.0,0.0,3.0,3.0,3.0,,,,,2.0,0.536704458,,,,,,25,1,2019_Oct_01_1556,FaceNameControl_Picture&Audio,3.0.4,60.03837269
30,FacesBlock3.xlsx,Kayla.mp4,Kayla.JPG,Kayla,33.0,videoFrameKayla.png,0.0,0.0,0.0,2.0,,,,,0.0,14.0,14.0,3.0,,,,"['j', 'u', 'l', 'i', 'a', 'backspace', 'backspace', 'backspace', 'backspace', 'backspace']",0.0,"[5.2505975409985695, 5.467233209998085, 5.734084989999246, 5.933664797998063, 6.049976754999079, 7.066932674999407, 7.232642962000682, 7.4163468400001875, 7.599292073999095, 7.766477384000609]",1.0,25,1,2019_Oct_01_1556,FaceNameControl_Picture&Audio,3.0.4,60.03837269
43,FacesBlock1.xlsx,Kelsey.mp4,Kelsey.JPG,Kelsey,10.0,videoFrameKelsey.png,0.0,1.0,1.0,0.0,0.0,12.0,12.0,10.0,,,,,2.0,0.885243655,,,,,,25,1,2019_Oct_01_1556,FaceNameControl_Picture&Audio,3.0.4,60.03837269
46,FacesBlock1.xlsx,Kelsey.mp4,Kelsey.JPG,Kelsey,10.0,videoFrameKelsey.png,0.0,1.0,1.0,0.0,,,,,0.0,0.0,0.0,10.0,,,natalie,"['n', 'a', 't', 'a', 'l', 'i', 'e', 'return']",0.0,"[3.9656855410030403, 4.100988275000418, 4.301191518003179, 4.450992860001861, 5.0339319779996, 5.217235094001808, 5.350305219002621, 5.6662196580000455]",2.0,25,1,2019_Oct_01_1556,FaceNameControl_Picture&Audio,3.0.4,60.03837269
21,FacesBlock3.xlsx,Kevin.mp4,Kevin.JPG,Kevin,34.0,videoFrameKevin.png,0.0,0.0,0.0,2.0,,,,,0.0,5.0,5.0,4.0,,,jacob,"['j', 'a', 'c', 'o', 'b']",0.0,"[5.9324914410026395, 6.1342361610004446, 6.750946817002841, 6.934070837000036, 7.250914111002203]",1.0,25,1,2019_Oct_01_1556,FaceNameControl_Picture&Audio,3.0.4,60.03837269
10,FacesBlock3.xlsx,Kevin.mp4,Kevin.JPG,Kevin,34.0,videoFrameKevin.png,0.0,0.0,0.0,2.0,0.0,9.0,9.0,4.0,,,,,1.0,0.519403221,,,,,,25,1,2019_Oct_01_1556,FaceNameControl_Picture&Audio,3.0.4,60.03837269
42,FacesBlock1.xlsx,Kyle.mp4,Kyle.JPG,Kyle,11.0,videoFrameKyle.png,0.0,1.0,1.0,0.0,0.0,11.0,11.0,11.0,,,,,1.0,1.4330564680000002,,,,,,25,1,2019_Oct_01_1556,FaceNameControl_Picture&Audio,3.0.4,60.03837269
57,FacesBlock1.xlsx,Kyle.mp4,Kyle.JPG,Kyle,11.0,videoFrameKyle.png,0.0,1.0,1.0,0.0,,,,,0.0,11.0,11.0,11.0,,,mathew,"['m', 'a', 't', 'h', 'e', 'w']",0.0,"[3.3847816420020536, 3.5180873120007163, 3.8002948300018033, 3.9846224450011505, 4.617877009000949, 4.901140755999222]",4.0,25,1,2019_Oct_01_1556,FaceNameControl_Picture&Audio,3.0.4,60.03837269
16,FacesBlock3.xlsx,Lauren.mp4,Lauren.JPG,Lauren,35.0,videoFrameLauren.png,0.0,0.0,0.0,2.0,,,,,0.0,0.0,0.0,5.0,,,lauren,"['l', 'a', 'u', 'r', 'e', 'n']",1.0,"[6.867459820001386, 7.200101489001099, 7.750384012000723, 8.616496173002815, 8.799412123000366, 9.466604854002071]",3.0,25,1,2019_Oct_01_1556,FaceNameControl_Picture&Audio,3.0.4,60.03837269
15,FacesBlock3.xlsx,Lauren.mp4,Lauren.JPG,Lauren,35.0,videoFrameLauren.png,0.0,0.0,0.0,2.0,0.0,14.0,14.0,5.0,,,,,2.0,0.669568275,,,,,,25,1,2019_Oct_01_1556,FaceNameControl_Picture&Audio,3.0.4,60.03837269
8,FacesBlock3.xlsx,Mark.mp4,Mark.JPG,Mark,36.0,videoFrameMark.png,0.0,0.0,0.0,2.0,0.0,7.0,7.0,6.0,,,,,1.0,0.519619308,,,,,,25,1,2019_Oct_01_1556,FaceNameControl_Picture&Audio,3.0.4,60.03837269
29,FacesBlock3.xlsx,Mark.mp4,Mark.JPG,Mark,36.0,videoFrameMark.png,0.0,0.0,0.0,2.0,,,,,0.0,13.0,13.0,6.0,,,,None,0.0,,1.0,25,1,2019_Oct_01_1556,FaceNameControl_Picture&Audio,3.0.4,60.03837269
33,FacesBlock1.xlsx,Matthew.mp4,Matthew.JPG,Matthew,12.0,videoFrameMatthew.png,0.0,1.0,1.0,0.0,0.0,2.0,2.0,12.0,,,,,1.0,1.2194184259999998,,,,,,25,1,2019_Oct_01_1556,FaceNameControl_Picture&Audio,3.0.4,60.03837269
55,FacesBlock1.xlsx,Matthew.mp4,Matthew.JPG,Matthew,12.0,videoFrameMatthew.png,0.0,1.0,1.0,0.0,,,,,0.0,9.0,9.0,12.0,,,,None,0.0,,1.0,25,1,2019_Oct_01_1556,FaceNameControl_Picture&Audio,3.0.4,60.03837269
71,FacesBlock2.xlsx,Megan.mp4,Megan.JPG,Megan,25.0,videoFrameMegan.png,0.0,2.0,2.0,1.0,0.0,10.0,10.0,10.0,,,,,2.0,1.0027151490000001,,,,,,25,1,2019_Oct_01_1556,FaceNameControl_Picture&Audio,3.0.4,60.03837269
84,FacesBlock2.xlsx,Megan.mp4,Megan.JPG,Megan,25.0,videoFrameMegan.png,0.0,2.0,2.0,1.0,,,,,0.0,8.0,8.0,10.0,,,,None,0.0,,1.0,25,1,2019_Oct_01_1556,FaceNameControl_Picture&Audio,3.0.4,60.03837269
97,FacesBlock4.xlsx,Michael.mp4,Michael.JPG,Michael,57.0,videoFrameMichael.png,0.0,3.0,3.0,3.0,0.0,6.0,6.0,12.0,,,,,1.0,0.6195216179999999,,,,,,25,1,2019_Oct_01_1556,FaceNameControl_Picture&Audio,3.0.4,60.03837269
118,FacesBlock4.xlsx,Michael.mp4,Michael.JPG,Michael,57.0,videoFrameMichael.png,0.0,3.0,3.0,3.0,,,,,0.0,12.0,12.0,12.0,,,,None,0.0,,1.0,25,1,2019_Oct_01_1556,FaceNameControl_Picture&Audio,3.0.4,60.03837269
99,FacesBlock4.xlsx,Michelle.mp4,Michelle.JPG,Michelle,58.0,videoFrameMichelle.png,0.0,3.0,3.0,3.0,0.0,8.0,8.0,13.0,,,,,2.0,1.7528565180000002,,,,,,25,1,2019_Oct_01_1556,FaceNameControl_Picture&Audio,3.0.4,60.03837269
120,FacesBlock4.xlsx,Michelle.mp4,Michelle.JPG,Michelle,58.0,videoFrameMichelle.png,0.0,3.0,3.0,3.0,,,,,0.0,14.0,14.0,13.0,,,,None,0.0,,1.0,25,1,2019_Oct_01_1556,FaceNameControl_Picture&Audio,3.0.4,60.03837269
38,FacesBlock1.xlsx,Natalie.mp4,Natalie.JPG,Natalie,13.0,videoFrameNatalie.png,0.0,1.0,1.0,0.0,0.0,7.0,7.0,13.0,,,,,2.0,1.352596781,,,,,,25,1,2019_Oct_01_1556,FaceNameControl_Picture&Audio,3.0.4,60.03837269
54,FacesBlock1.xlsx,Natalie.mp4,Natalie.JPG,Natalie,13.0,videoFrameNatalie.png,0.0,1.0,1.0,0.0,,,,,0.0,8.0,8.0,13.0,,,,None,0.0,,1.0,25,1,2019_Oct_01_1556,FaceNameControl_Picture&Audio,3.0.4,60.03837269
27,FacesBlock3.xlsx,Nathan.mp4,Nathan.JPG,Nathan,37.0,videoFrameNathan.png,0.0,0.0,0.0,2.0,,,,,0.0,11.0,11.0,7.0,,,ma,"['m', 'a', 'r', 'k', 'backspace', 'backspace', 'backspace', 'backspace', 'm', 'a']",0.0,"[4.8003185790003045, 4.966808103999938, 5.782736239001679, 5.933408938002685, 7.315688569000486, 7.498966155002563, 7.682378469002288, 8.581970078001177, 9.765104381000128, 9.965032732001418]",1.0,25,1,2019_Oct_01_1556,FaceNameControl_Picture&Audio,3.0.4,60.03837269
5,FacesBlock3.xlsx,Nathan.mp4,Nathan.JPG,Nathan,37.0,videoFrameNathan.png,0.0,0.0,0.0,2.0,0.0,4.0,4.0,7.0,,,,,1.0,0.48604879,,,,,,25,1,2019_Oct_01_1556,FaceNameControl_Picture&Audio,3.0.4,60.03837269
6,FacesBlock3.xlsx,Nicole.mp4,Nicole.JPG,Nicole,38.0,videoFrameNicole.png,0.0,0.0,0.0,2.0,0.0,5.0,5.0,8.0,,,,,2.0,4.533697209,,,,,,25,1,2019_Oct_01_1556,FaceNameControl_Picture&Audio,3.0.4,60.03837269
19,FacesBlock3.xlsx,Nicole.mp4,Nicole.JPG,Nicole,38.0,videoFrameNicole.png,0.0,0.0,0.0,2.0,,,,,0.0,3.0,3.0,8.0,,,nicole,"['n', 'i', 'c', 'o', 'l', 'e']",1.0,"[1.5174448210018454, 1.7511695960020006, 2.2513753790008195, 2.9677525120023347, 3.200857199000893, 3.33429269699991]",4.0,25,1,2019_Oct_01_1556,FaceNameControl_Picture&Audio,3.0.4,60.03837269
7,FacesBlock3.xlsx,Noah.mp4,Noah.JPG,Noah,39.0,videoFrameNoah.png,0.0,0.0,0.0,2.0,0.0,6.0,6.0,9.0,,,,,1.0,0.46909085899999997,,,,,,25,1,2019_Oct_01_1556,FaceNameControl_Picture&Audio,3.0.4,60.03837269
20,FacesBlock3.xlsx,Noah.mp4,Noah.JPG,Noah,39.0,videoFrameNoah.png,0.0,0.0,0.0,2.0,,,,,0.0,4.0,4.0,9.0,,,daniel,"['d', 'a', 'n', 'i', 'a', 'l', 'backspace', 'backspace', 'e', 'l']",0.0,"[2.234486774999823, 2.4184428799999296, 2.751327959002083, 2.984539755001606, 3.2345396650016482, 3.3838376269995933, 4.533729473001586, 4.716347154000687, 5.417137903001276, 5.583839214999898]",2.0,25,1,2019_Oct_01_1556,FaceNameControl_Picture&Audio,3.0.4,60.03837269
11,FacesBlock3.xlsx,Olivia.mp4,Olivia.JPG,Olivia,40.0,videoFrameOlivia.png,0.0,0.0,0.0,2.0,0.0,10.0,10.0,10.0,,,,,2.0,0.352435612,,,,,,25,1,2019_Oct_01_1556,FaceNameControl_Picture&Audio,3.0.4,60.03837269
23,FacesBlock3.xlsx,Olivia.mp4,Olivia.JPG,Olivia,40.0,videoFrameOlivia.png,0.0,0.0,0.0,2.0,,,,,0.0,7.0,7.0,10.0,,,olivia,"['o', 'l', 'i', 'v', 'i', 'a']",1.0,"[1.4682785740005784, 1.6516738020000048, 1.868795571001101, 2.134429349000129, 2.3346641050011385, 2.4681061200026306]",4.0,25,1,2019_Oct_01_1556,FaceNameControl_Picture&Audio,3.0.4,60.03837269
65,FacesBlock2.xlsx,Rachel.mp4,Rachel.JPG,Rachel,26.0,videoFrameRachel.png,0.0,2.0,2.0,1.0,0.0,4.0,4.0,11.0,,,,,2.0,0.96915942,,,,,,25,1,2019_Oct_01_1556,FaceNameControl_Picture&Audio,3.0.4,60.03837269
76,FacesBlock2.xlsx,Rachel.mp4,Rachel.JPG,Rachel,26.0,videoFrameRachel.png,0.0,2.0,2.0,1.0,,,,,0.0,0.0,0.0,11.0,,,anna,"['a', 'n', 'n', 'a']",0.0,"[4.465899891998561, 4.8348819429993455, 5.001576396000019, 5.101474163999228]",1.0,25,1,2019_Oct_01_1556,FaceNameControl_Picture&Audio,3.0.4,60.03837269
24,FacesBlock3.xlsx,Rebecca.mp4,Rebecca.JPG,Rebecca,41.0,videoFrameRebecca.png,0.0,0.0,0.0,2.0,,,,,0.0,8.0,8.0,11.0,,,,None,0.0,,1.0,25,1,2019_Oct_01_1556,FaceNameControl_Picture&Audio,3.0.4,60.03837269
3,FacesBlock3.xlsx,Rebecca.mp4,Rebecca.JPG,Rebecca,41.0,videoFrameRebecca.png,0.0,0.0,0.0,2.0,0.0,2.0,2.0,11.0,,,,,2.0,0.7526998109999999,,,,,,25,1,2019_Oct_01_1556,FaceNameControl_Picture&Audio,3.0.4,60.03837269
17,FacesBlock3.xlsx,Sarah.mp4,Sarah.JPG,Sarah,42.0,videoFrameSarah.png,0.0,0.0,0.0,2.0,,,,,0.0,1.0,1.0,12.0,,,,None,0.0,,1.0,25,1,2019_Oct_01_1556,FaceNameControl_Picture&Audio,3.0.4,60.03837269
14,FacesBlock3.xlsx,Sarah.mp4,Sarah.JPG,Sarah,42.0,videoFrameSarah.png,0.0,0.0,0.0,2.0,0.0,13.0,13.0,12.0,,,,,2.0,0.31865342399999996,,,,,,25,1,2019_Oct_01_1556,FaceNameControl_Picture&Audio,3.0.4,60.03837269
2,FacesBlock3.xlsx,Shelby.mp4,Shelby.JPG,Shelby,43.0,videoFrameShelby.png,0.0,0.0,0.0,2.0,0.0,1.0,1.0,13.0,,,,,2.0,1.583302795,,,,,,25,1,2019_Oct_01_1556,FaceNameControl_Picture&Audio,3.0.4,60.03837269
26,FacesBlock3.xlsx,Shelby.mp4,Shelby.JPG,Shelby,43.0,videoFrameShelby.png,0.0,0.0,0.0,2.0,,,,,0.0,10.0,10.0,13.0,,,,['space'],0.0,[6.717370336999011],1.0,25,1,2019_Oct_01_1556,FaceNameControl_Picture&Audio,3.0.4,60.03837269
69,FacesBlock2.xlsx,Steven.mp4,Steven.JPG,Steven,27.0,videoFrameSteven.png,0.0,2.0,2.0,1.0,0.0,8.0,8.0,12.0,,,,,1.0,1.052299103,,,,,,25,1,2019_Oct_01_1556,FaceNameControl_Picture&Audio,3.0.4,60.03837269
86,FacesBlock2.xlsx,Steven.mp4,Steven.JPG,Steven,27.0,videoFrameSteven.png,0.0,2.0,2.0,1.0,,,,,0.0,10.0,10.0,12.0,,,steven,"['s', 't', 'e', 'v', 'e', 'n']",1.0,"[1.4023126289976062, 1.6667287589989428, 2.267265201000555, 2.885492127999896, 3.0666579280004953, 3.2517890069975692]",4.0,25,1,2019_Oct_01_1556,FaceNameControl_Picture&Audio,3.0.4,60.03837269
107,FacesBlock4.xlsx,Taylor.mp4,Taylor.JPG,Taylor,59.0,videoFrameTaylor.png,0.0,3.0,3.0,3.0,,,,,0.0,1.0,1.0,14.0,,,,None,0.0,,1.0,25,1,2019_Oct_01_1556,FaceNameControl_Picture&Audio,3.0.4,60.03837269
91,FacesBlock4.xlsx,Taylor.mp4,Taylor.JPG,Taylor,59.0,videoFrameTaylor.png,0.0,3.0,3.0,3.0,0.0,0.0,0.0,14.0,,,,,2.0,1.702386102,,,,,,25,1,2019_Oct_01_1556,FaceNameControl_Picture&Audio,3.0.4,60.03837269
18,FacesBlock3.xlsx,Thomas.mp4,Thomas.JPG,Thomas,44.0,videoFrameThomas.png,0.0,0.0,0.0,2.0,,,,,0.0,2.0,2.0,14.0,,,mark,"['m', 'a', 'r', 'k', 'return']",0.0,"[1.2524746529998083, 2.0354599169986614, 2.3019211680002627, 3.4853026819982915, 4.367881088001013]",4.0,25,1,2019_Oct_01_1556,FaceNameControl_Picture&Audio,3.0.4,60.03837269
12,FacesBlock3.xlsx,Thomas.mp4,Thomas.JPG,Thomas,44.0,videoFrameThomas.png,0.0,0.0,0.0,2.0,0.0,11.0,11.0,14.0,,,,,1.0,0.36688623600000003,,,,,,25,1,2019_Oct_01_1556,FaceNameControl_Picture&Audio,3.0.4,60.03837269
52,FacesBlock1.xlsx,Timothy.mp4,Timothy.JPG,Timothy,14.0,videoFrameTimothy.png,0.0,1.0,1.0,0.0,,,,,0.0,6.0,6.0,14.0,,,mathew,"['m', 'a', 't', 'h', 'e', 'w']",0.0,"[3.184435733997816, 3.334911527999793, 3.5848190279975825, 3.784525880997535, 4.684438249998493, 4.934446855997521]",2.0,25,1,2019_Oct_01_1556,FaceNameControl_Picture&Audio,3.0.4,60.03837269
35,FacesBlock1.xlsx,Timothy.mp4,Timothy.JPG,Timothy,14.0,videoFrameTimothy.png,0.0,1.0,1.0,0.0,0.0,4.0,4.0,14.0,,,,,1.0,0.702804667,,,,,,25,1,2019_Oct_01_1556,FaceNameControl_Picture&Audio,3.0.4,60.03837269
74,FacesBlock2.xlsx,Trevor.mp4,Trevor.JPG,Trevor,28.0,videoFrameTrevor.png,0.0,2.0,2.0,1.0,0.0,13.0,13.0,13.0,,,,,1.0,0.6032319970000001,,,,,,25,1,2019_Oct_01_1556,FaceNameControl_Picture&Audio,3.0.4,60.03837269
85,FacesBlock2.xlsx,Trevor.mp4,Trevor.JPG,Trevor,28.0,videoFrameTrevor.png,0.0,2.0,2.0,1.0,,,,,0.0,9.0,9.0,13.0,,,,None,0.0,,1.0,25,1,2019_Oct_01_1556,FaceNameControl_Picture&Audio,3.0.4,60.03837269
87,FacesBlock2.xlsx,Tyler.mp4,Tyler.JPG,Tyler,29.0,videoFrameTyler.png,0.0,2.0,2.0,1.0,,,,,0.0,11.0,11.0,14.0,,,,None,0.0,,1.0,25,1,2019_Oct_01_1556,FaceNameControl_Picture&Audio,3.0.4,60.03837269
68,FacesBlock2.xlsx,Tyler.mp4,Tyler.JPG,Tyler,29.0,videoFrameTyler.png,0.0,2.0,2.0,1.0,0.0,7.0,7.0,14.0,,,,,1.0,1.5018131769999998,,,,,,25,1,2019_Oct_01_1556,FaceNameControl_Picture&Audio,3.0.4,60.03837269
0,,,,,,,,,,,,,,,,,,,,,,,,,,25,1,2019_Oct_01_1556,FaceNameControl_Picture&Audio,3.0.4,60.03837269
