,condsFile,Video,Photo,Name,Row,videoFrame,blocks.thisRepN,blocks.thisTrialN,blocks.thisN,blocks.thisIndex,presentations.thisRepN,presentations.thisTrialN,presentations.thisN,presentations.thisIndex,testing.thisRepN,testing.thisTrialN,testing.thisN,testing.thisIndex,judgementResp.keys,judgementResp.rt,inputText,key_resp_3.keys,recallRating_s,rating_resp.keys,key_resp_3.rt,participant,session,date,expName,psychopyVersion,frameRate
6,FacesBlock2.xlsx,Aaron.mp4,Aaron.JPG,Aaron,15.0,videoFrameAaron.png,0.0,0.0,0.0,1.0,0.0,5.0,5.0,0.0,,,,,1.0,0.43608349,,,,,,26,1,2019_Oct_01_1654,FaceNameControl_Picture&Audio,3.0.4,60.01196435
25,FacesBlock2.xlsx,Aaron.mp4,Aaron.JPG,Aaron,15.0,videoFrameAaron.png,0.0,0.0,0.0,1.0,,,,,0.0,9.0,9.0,0.0,,,Paul,"['lshift', 'p', 'a', 'u', 'l']",0.0,1.0,"[2.700102520000655, 3.2015635020034097, 4.350329336000868, 4.567815618000168, 4.650964831002057]",26,1,2019_Oct_01_1654,FaceNameControl_Picture&Audio,3.0.4,60.01196435
33,FacesBlock1.xlsx,Adam.mp4,Adam.JPG,Adam,0.0,videoFrameAdam.png,0.0,1.0,1.0,0.0,0.0,2.0,2.0,0.0,,,,,1.0,0.8188747829999999,,,,,,26,1,2019_Oct_01_1654,FaceNameControl_Picture&Audio,3.0.4,60.01196435
57,FacesBlock1.xlsx,Adam.mp4,Adam.JPG,Adam,0.0,videoFrameAdam.png,0.0,1.0,1.0,0.0,,,,,0.0,11.0,11.0,0.0,,,,None,0.0,1.0,,26,1,2019_Oct_01_1654,FaceNameControl_Picture&Audio,3.0.4,60.01196435
96,FacesBlock4.xlsx,Alyssa.mp4,Alyssa.JPG,Alyssa,45.0,videoFrameAlyssa.png,0.0,3.0,3.0,3.0,0.0,5.0,5.0,0.0,,,,,2.0,1.8023494880000002,,,,,,26,1,2019_Oct_01_1654,FaceNameControl_Picture&Audio,3.0.4,60.01196435
115,FacesBlock4.xlsx,Alyssa.mp4,Alyssa.JPG,Alyssa,45.0,videoFrameAlyssa.png,0.0,3.0,3.0,3.0,,,,,0.0,9.0,9.0,0.0,,,Alyssa,"['lshift', 'a', 'l', 'y', 's', 's', 'a']",1.0,4.0,"[3.516233400998317, 3.68430608899871, 3.8340046500015887, 4.134337422001408, 4.267702572000417, 4.4509062219985935, 4.58427661099995]",26,1,2019_Oct_01_1654,FaceNameControl_Picture&Audio,3.0.4,60.01196435
55,FacesBlock1.xlsx,Amanda.mp4,Amanda.JPG,Amanda,1.0,videoFrameAmanda.png,0.0,1.0,1.0,0.0,,,,,0.0,9.0,9.0,1.0,,,,None,0.0,1.0,,26,1,2019_Oct_01_1654,FaceNameControl_Picture&Audio,3.0.4,60.01196435
35,FacesBlock1.xlsx,Amanda.mp4,Amanda.JPG,Amanda,1.0,videoFrameAmanda.png,0.0,1.0,1.0,0.0,0.0,4.0,4.0,1.0,,,,,2.0,3.801956451,,,,,,26,1,2019_Oct_01_1654,FaceNameControl_Picture&Audio,3.0.4,60.01196435
112,FacesBlock4.xlsx,Andrew.mp4,Andrew.JPG,Andrew,46.0,videoFrameAndrew.png,0.0,3.0,3.0,3.0,,,,,0.0,6.0,6.0,1.0,,,,"['lshift', 'j', 'a', 'backspace', 'backspace']",0.0,1.0,"[6.332377855000232, 7.0996065299987094, 7.533209124998393, 8.949144316997263, 9.132034731999738]",26,1,2019_Oct_01_1654,FaceNameControl_Picture&Audio,3.0.4,60.01196435
102,FacesBlock4.xlsx,Andrew.mp4,Andrew.JPG,Andrew,46.0,videoFrameAndrew.png,0.0,3.0,3.0,3.0,0.0,11.0,11.0,1.0,,,,,1.0,2.4354578030000003,,,,,,26,1,2019_Oct_01_1654,FaceNameControl_Picture&Audio,3.0.4,60.01196435
108,FacesBlock4.xlsx,Anna.mp4,Anna.JPG,Anna,47.0,videoFrameAnna.png,0.0,3.0,3.0,3.0,,,,,0.0,2.0,2.0,2.0,,,Michelle,"['lshift', 'm', 'i', 'c', 'h', 'e', 'l', 'l', 'e']",0.0,2.0,"[2.3663894109995454, 2.851759270000912, 3.283860489002109, 3.4839696190028917, 3.651093035001395, 3.8346862880025583, 4.017688676001853, 4.234300268999505, 4.400476783001068]",26,1,2019_Oct_01_1654,FaceNameControl_Picture&Audio,3.0.4,60.01196435
104,FacesBlock4.xlsx,Anna.mp4,Anna.JPG,Anna,47.0,videoFrameAnna.png,0.0,3.0,3.0,3.0,0.0,13.0,13.0,2.0,,,,,2.0,1.06945647,,,,,,26,1,2019_Oct_01_1654,FaceNameControl_Picture&Audio,3.0.4,60.01196435
26,FacesBlock2.xlsx,Ashley.mp4,Ashley.JPG,Ashley,16.0,videoFrameAshley.png,0.0,0.0,0.0,1.0,,,,,0.0,10.0,10.0,1.0,,,Olivia,"['lshift', 'o', 'l', 'i', 'v', 'i', 'a']",0.0,1.0,"[3.25010705999739, 3.5844804359985574, 4.251123901998653, 4.367661885997222, 4.5176876400000765, 4.634632078999857, 5.367153237999446]",26,1,2019_Oct_01_1654,FaceNameControl_Picture&Audio,3.0.4,60.01196435
8,FacesBlock2.xlsx,Ashley.mp4,Ashley.JPG,Ashley,16.0,videoFrameAshley.png,0.0,0.0,0.0,1.0,0.0,7.0,7.0,1.0,,,,,2.0,0.419426168,,,,,,26,1,2019_Oct_01_1654,FaceNameControl_Picture&Audio,3.0.4,60.01196435
59,FacesBlock1.xlsx,Bradley.mp4,Bradley.JPG,Bradley,2.0,videoFrameBradley.png,0.0,1.0,1.0,0.0,,,,,0.0,13.0,13.0,2.0,,,Bradley,"['lshift', 'b', 'r', 'a', 'd', 'l', 'e', 'y']",1.0,4.0,"[1.300740811999276, 1.6355852749984479, 2.0521220629998425, 2.368395749999763, 2.551910198999394, 3.1018869930012443, 3.2677174329983245, 3.51793944399833]",26,1,2019_Oct_01_1654,FaceNameControl_Picture&Audio,3.0.4,60.01196435
36,FacesBlock1.xlsx,Bradley.mp4,Bradley.JPG,Bradley,2.0,videoFrameBradley.png,0.0,1.0,1.0,0.0,0.0,5.0,5.0,2.0,,,,,1.0,2.684968009,,,,,,26,1,2019_Oct_01_1654,FaceNameControl_Picture&Audio,3.0.4,60.01196435
95,FacesBlock4.xlsx,Brandon.mp4,Brandon.JPG,Brandon,48.0,videoFrameBrandon.png,0.0,3.0,3.0,3.0,0.0,4.0,4.0,3.0,,,,,1.0,2.452388114,,,,,,26,1,2019_Oct_01_1654,FaceNameControl_Picture&Audio,3.0.4,60.01196435
114,FacesBlock4.xlsx,Brandon.mp4,Brandon.JPG,Brandon,48.0,videoFrameBrandon.png,0.0,3.0,3.0,3.0,,,,,0.0,8.0,8.0,3.0,,,Jason,"['lshift', 'j', 'a', 's', 'o', 'n']",0.0,1.0,"[4.315713858999516, 5.000435022000602, 5.316071983001166, 5.51724197799922, 6.998953266000171, 7.049462330000097]",26,1,2019_Oct_01_1654,FaceNameControl_Picture&Audio,3.0.4,60.01196435
94,FacesBlock4.xlsx,Brian.mp4,Brian.JPG,Brian,49.0,videoFrameBrian.png,0.0,3.0,3.0,3.0,0.0,3.0,3.0,4.0,,,,,1.0,2.352120153,,,,,,26,1,2019_Oct_01_1654,FaceNameControl_Picture&Audio,3.0.4,60.01196435
118,FacesBlock4.xlsx,Brian.mp4,Brian.JPG,Brian,49.0,videoFrameBrian.png,0.0,3.0,3.0,3.0,,,,,0.0,12.0,12.0,4.0,,,Cale,"['lshift', 'c', 'a', 'l', 'e', 'b', 'backspace']",0.0,1.0,"[5.648992752001504, 5.917608254003426, 6.317289742000867, 6.699566007002431, 7.932867782001267, 8.099573689003591, 9.931376602002274]",26,1,2019_Oct_01_1654,FaceNameControl_Picture&Audio,3.0.4,60.01196435
111,FacesBlock4.xlsx,Brianna.mp4,Brianna.JPG,Brianna,50.0,videoFrameBrianna.png,0.0,3.0,3.0,3.0,,,,,0.0,5.0,5.0,5.0,,,,None,0.0,1.0,,26,1,2019_Oct_01_1654,FaceNameControl_Picture&Audio,3.0.4,60.01196435
98,FacesBlock4.xlsx,Brianna.mp4,Brianna.JPG,Brianna,50.0,videoFrameBrianna.png,0.0,3.0,3.0,3.0,0.0,7.0,7.0,5.0,,,,,2.0,3.401725503,,,,,,26,1,2019_Oct_01_1654,FaceNameControl_Picture&Audio,3.0.4,60.01196435
1,FacesBlock2.xlsx,Brittany.mp4,Brittany.JPG,Brittany,17.0,videoFrameBrittany.png,0.0,0.0,0.0,1.0,0.0,0.0,0.0,2.0,,,,,2.0,0.852307925,,,,,,26,1,2019_Oct_01_1654,FaceNameControl_Picture&Audio,3.0.4,60.01196435
22,FacesBlock2.xlsx,Brittany.mp4,Brittany.JPG,Brittany,17.0,videoFrameBrittany.png,0.0,0.0,0.0,1.0,,,,,0.0,6.0,6.0,2.0,,,Brittany,"['lshift', 'b', 'r', 'i', 't', 't', 'a', 'm', 'y', 'backspace', 'backspace', 'n', 'y']",1.0,1.0,"[2.4334997110017866, 2.601617170999816, 3.084723087002203, 3.234729735999281, 3.766022061001422, 3.9173894350024057, 3.984819528999651, 4.500379433000489, 4.8675457810022635, 5.766767577999417, 5.950007960000221, 6.550436330002412, 6.833561671999632]",26,1,2019_Oct_01_1654,FaceNameControl_Picture&Audio,3.0.4,60.01196435
106,FacesBlock4.xlsx,Caleb.mp4,Caleb.JPG,Caleb,51.0,videoFrameCaleb.png,0.0,3.0,3.0,3.0,,,,,0.0,0.0,0.0,6.0,,,,None,0.0,1.0,,26,1,2019_Oct_01_1654,FaceNameControl_Picture&Audio,3.0.4,60.01196435
99,FacesBlock4.xlsx,Caleb.mp4,Caleb.JPG,Caleb,51.0,videoFrameCaleb.png,0.0,3.0,3.0,3.0,0.0,8.0,8.0,6.0,,,,,1.0,1.668657396,,,,,,26,1,2019_Oct_01_1654,FaceNameControl_Picture&Audio,3.0.4,60.01196435
18,FacesBlock2.xlsx,Cody.mp4,Cody.JPG,Cody,18.0,videoFrameCody.png,0.0,0.0,0.0,1.0,,,,,0.0,2.0,2.0,3.0,,,Aaron,"['lshift', 'a', 'a', 'r', 'o', 'n']",0.0,1.0,"[2.5829973530017014, 3.001433255001757, 3.468307535000349, 4.8179302160024235, 4.984255146002397, 5.034551949000161]",26,1,2019_Oct_01_1654,FaceNameControl_Picture&Audio,3.0.4,60.01196435
9,FacesBlock2.xlsx,Cody.mp4,Cody.JPG,Cody,18.0,videoFrameCody.png,0.0,0.0,0.0,1.0,0.0,8.0,8.0,3.0,,,,,1.0,0.269577187,,,,,,26,1,2019_Oct_01_1654,FaceNameControl_Picture&Audio,3.0.4,60.01196435
82,FacesBlock3.xlsx,Courtney.mp4,Courtney.JPG,Courtney,30.0,videoFrameCourtney.png,0.0,2.0,2.0,2.0,,,,,0.0,6.0,6.0,0.0,,,Courtney,"['lshift', 'c', 'o', 'u', 'r', 't', 'n', 'e', 'y']",1.0,3.0,"[4.282238611998764, 4.7677025479970325, 5.116863813000236, 5.26699981099955, 5.4164158909989055, 5.667434058999788, 6.016391533998103, 6.2164707709998765, 6.4336075489991345]",26,1,2019_Oct_01_1654,FaceNameControl_Picture&Audio,3.0.4,60.01196435
75,FacesBlock3.xlsx,Courtney.mp4,Courtney.JPG,Courtney,30.0,videoFrameCourtney.png,0.0,2.0,2.0,2.0,0.0,14.0,14.0,0.0,,,,,2.0,1.869213252,,,,,,26,1,2019_Oct_01_1654,FaceNameControl_Picture&Audio,3.0.4,60.01196435
84,FacesBlock3.xlsx,Daniel.mp4,Daniel.JPG,Daniel,31.0,videoFrameDaniel.png,0.0,2.0,2.0,2.0,,,,,0.0,8.0,8.0,1.0,,,Kevin,"['lshift', 'k', 'e', 'v', 'i', 'n']",0.0,3.0,"[3.082663176002825, 3.8342559990014706, 4.350805791000312, 4.617305356001452, 4.800389218002238, 4.884077239003091]",26,1,2019_Oct_01_1654,FaceNameControl_Picture&Audio,3.0.4,60.01196435
61,FacesBlock3.xlsx,Daniel.mp4,Daniel.JPG,Daniel,31.0,videoFrameDaniel.png,0.0,2.0,2.0,2.0,0.0,0.0,0.0,1.0,,,,,1.0,5.58433356,,,,,,26,1,2019_Oct_01_1654,FaceNameControl_Picture&Audio,3.0.4,60.01196435
49,FacesBlock1.xlsx,Danielle.mp4,Danielle.JPG,Danielle,3.0,videoFrameDanielle.png,0.0,1.0,1.0,0.0,,,,,0.0,3.0,3.0,3.0,,,,"['lshift', 'l', 'backspace']",0.0,1.0,"[6.749274080997566, 7.000145087997225, 8.616261241997563]",26,1,2019_Oct_01_1654,FaceNameControl_Picture&Audio,3.0.4,60.01196435
44,FacesBlock1.xlsx,Danielle.mp4,Danielle.JPG,Danielle,3.0,videoFrameDanielle.png,0.0,1.0,1.0,0.0,0.0,13.0,13.0,3.0,,,,,2.0,0.836239051,,,,,,26,1,2019_Oct_01_1654,FaceNameControl_Picture&Audio,3.0.4,60.01196435
11,FacesBlock2.xlsx,David.mp4,David.JPG,David,19.0,videoFrameDavid.png,0.0,0.0,0.0,1.0,0.0,10.0,10.0,4.0,,,,,1.0,0.169361597,,,,,,26,1,2019_Oct_01_1654,FaceNameControl_Picture&Audio,3.0.4,60.01196435
16,FacesBlock2.xlsx,David.mp4,David.JPG,David,19.0,videoFrameDavid.png,0.0,0.0,0.0,1.0,,,,,0.0,0.0,0.0,4.0,,,,None,0.0,1.0,,26,1,2019_Oct_01_1654,FaceNameControl_Picture&Audio,3.0.4,60.01196435
91,FacesBlock4.xlsx,Dylan.mp4,Dylan.JPG,Dylan,52.0,videoFrameDylan.png,0.0,3.0,3.0,3.0,0.0,0.0,0.0,7.0,,,,,1.0,2.852103917,,,,,,26,1,2019_Oct_01_1654,FaceNameControl_Picture&Audio,3.0.4,60.01196435
107,FacesBlock4.xlsx,Dylan.mp4,Dylan.JPG,Dylan,52.0,videoFrameDylan.png,0.0,3.0,3.0,3.0,,,,,0.0,1.0,1.0,7.0,,,Dillan,"['lshift', 'd', 'i', 'l', 'l', 'o', 'm', 'backspace', 'n', 'backspace', 'backspace', 'a', 'n']",1.0,1.0,"[3.3672228750001523, 3.634093122997001, 3.8678159519986366, 4.051158108999516, 4.267427836999559, 4.5991338929998165, 4.751602031999937, 5.650009616998432, 6.033726456997101, 7.516219864999584, 8.098845753000205, 8.350152295999578, 8.431933629999548]",26,1,2019_Oct_01_1654,FaceNameControl_Picture&Audio,3.0.4,60.01196435
105,FacesBlock4.xlsx,Emily.mp4,Emily.JPG,Emily,53.0,videoFrameEmily.png,0.0,3.0,3.0,3.0,0.0,14.0,14.0,8.0,,,,,2.0,1.5524265430000002,,,,,,26,1,2019_Oct_01_1654,FaceNameControl_Picture&Audio,3.0.4,60.01196435
113,FacesBlock4.xlsx,Emily.mp4,Emily.JPG,Emily,53.0,videoFrameEmily.png,0.0,3.0,3.0,3.0,,,,,0.0,7.0,7.0,8.0,,,,None,0.0,1.0,,26,1,2019_Oct_01_1654,FaceNameControl_Picture&Audio,3.0.4,60.01196435
40,FacesBlock1.xlsx,Eric.mp4,Eric.JPG,Eric,4.0,videoFrameEric.png,0.0,1.0,1.0,0.0,0.0,9.0,9.0,4.0,,,,,1.0,0.9533487970000001,,,,,,26,1,2019_Oct_01_1654,FaceNameControl_Picture&Audio,3.0.4,60.01196435
46,FacesBlock1.xlsx,Eric.mp4,Eric.JPG,Eric,4.0,videoFrameEric.png,0.0,1.0,1.0,0.0,,,,,0.0,0.0,0.0,4.0,,,Matthew,"['lshift', 'm', 'a', 't', 'h', 'h', 'backspace', 'backspace', 't', 'h', 'e', 'w']",0.0,3.0,"[3.049396798000089, 3.183331060998171, 3.6503296679984487, 3.7831721429975005, 4.00026164099836, 4.20059050999771, 4.916235885997594, 5.066022159000568, 5.932827908000036, 6.016281907999655, 6.699538550998113, 6.799401198000851]",26,1,2019_Oct_01_1654,FaceNameControl_Picture&Audio,3.0.4,60.01196435
58,FacesBlock1.xlsx,Ethan.mp4,Ethan.JPG,Ethan,5.0,videoFrameEthan.png,0.0,1.0,1.0,0.0,,,,,0.0,12.0,12.0,5.0,,,,None,0.0,1.0,,26,1,2019_Oct_01_1654,FaceNameControl_Picture&Audio,3.0.4,60.01196435
41,FacesBlock1.xlsx,Ethan.mp4,Ethan.JPG,Ethan,5.0,videoFrameEthan.png,0.0,1.0,1.0,0.0,0.0,10.0,10.0,5.0,,,,,1.0,1.685095285,,,,,,26,1,2019_Oct_01_1654,FaceNameControl_Picture&Audio,3.0.4,60.01196435
116,FacesBlock4.xlsx,Grace.mp4,Grace.JPG,Grace,54.0,videoFrameGrace.png,0.0,3.0,3.0,3.0,,,,,0.0,10.0,10.0,9.0,,,Grace,"['lshift', 'g', 'a', 'backspace', 'r', 'a', 'c', 'e']",1.0,4.0,"[2.600104523000482, 2.8008263660012744, 3.5511034869996365, 4.30066867700225, 4.500040213002649, 4.683919361003063, 4.850971650001156, 4.950872200999584]",26,1,2019_Oct_01_1654,FaceNameControl_Picture&Audio,3.0.4,60.01196435
103,FacesBlock4.xlsx,Grace.mp4,Grace.JPG,Grace,54.0,videoFrameGrace.png,0.0,3.0,3.0,3.0,0.0,12.0,12.0,9.0,,,,,2.0,0.836207083,,,,,,26,1,2019_Oct_01_1654,FaceNameControl_Picture&Audio,3.0.4,60.01196435
17,FacesBlock2.xlsx,Haley.mp4,Haley.JPG,Haley,20.0,videoFrameHaley.png,0.0,0.0,0.0,1.0,,,,,0.0,1.0,1.0,5.0,,,Jenn,"['lshift', 'j', 'e', 'n', 'n']",0.0,1.0,"[5.782573143002082, 7.332895687999553, 8.282930938999925, 8.499393091002275, 8.832656176000455]",26,1,2019_Oct_01_1654,FaceNameControl_Picture&Audio,3.0.4,60.01196435
3,FacesBlock2.xlsx,Haley.mp4,Haley.JPG,Haley,20.0,videoFrameHaley.png,0.0,0.0,0.0,1.0,0.0,2.0,2.0,5.0,,,,,2.0,0.200400948,,,,,,26,1,2019_Oct_01_1654,FaceNameControl_Picture&Audio,3.0.4,60.01196435
43,FacesBlock1.xlsx,Hannah.mp4,Hannah.JPG,Hannah,6.0,videoFrameHannah.png,0.0,1.0,1.0,0.0,0.0,12.0,12.0,6.0,,,,,2.0,0.953511612,,,,,,26,1,2019_Oct_01_1654,FaceNameControl_Picture&Audio,3.0.4,60.01196435
48,FacesBlock1.xlsx,Hannah.mp4,Hannah.JPG,Hannah,6.0,videoFrameHannah.png,0.0,1.0,1.0,0.0,,,,,0.0,2.0,2.0,6.0,,,Jessica,"['lshift', 'j', 'e', 's', 's', 'i', 'c', 'a']",0.0,2.0,"[6.149227505000454, 6.400416434997169, 6.733867204999115, 7.233216382999672, 7.416888979998475, 7.517020331997628, 8.016973013000097, 8.150150097000733]",26,1,2019_Oct_01_1654,FaceNameControl_Picture&Audio,3.0.4,60.01196435
12,FacesBlock2.xlsx,Heather.mp4,Heather.JPG,Heather,21.0,videoFrameHeather.png,0.0,0.0,0.0,1.0,0.0,11.0,11.0,6.0,,,,,2.0,1.335144912,,,,,,26,1,2019_Oct_01_1654,FaceNameControl_Picture&Audio,3.0.4,60.01196435
20,FacesBlock2.xlsx,Heather.mp4,Heather.JPG,Heather,21.0,videoFrameHeather.png,0.0,0.0,0.0,1.0,,,,,0.0,4.0,4.0,6.0,,,,None,0.0,1.0,,26,1,2019_Oct_01_1654,FaceNameControl_Picture&Audio,3.0.4,60.01196435
68,FacesBlock3.xlsx,Jacob.mp4,Jacob.JPG,Jacob,32.0,videoFrameJacob.png,0.0,2.0,2.0,2.0,0.0,7.0,7.0,2.0,,,,,1.0,8.50036286,,,,,,26,1,2019_Oct_01_1654,FaceNameControl_Picture&Audio,3.0.4,60.01196435
90,FacesBlock3.xlsx,Jacob.mp4,Jacob.JPG,Jacob,32.0,videoFrameJacob.png,0.0,2.0,2.0,2.0,,,,,0.0,14.0,14.0,2.0,,,Noah,"['lshift', 'n', 'a', 'backspace', 'o', 'a', 'h']",0.0,2.0,"[4.132899151998572, 4.317312814997422, 4.984198783997272, 5.649999400997331, 6.100412550000328, 6.300773789000232, 6.450184424997133]",26,1,2019_Oct_01_1654,FaceNameControl_Picture&Audio,3.0.4,60.01196435
92,FacesBlock4.xlsx,Jason.mp4,Jason.JPG,Jason,55.0,videoFrameJason.png,0.0,3.0,3.0,3.0,0.0,1.0,1.0,10.0,,,,,1.0,2.168494431,,,,,,26,1,2019_Oct_01_1654,FaceNameControl_Picture&Audio,3.0.4,60.01196435
120,FacesBlock4.xlsx,Jason.mp4,Jason.JPG,Jason,55.0,videoFrameJason.png,0.0,3.0,3.0,3.0,,,,,0.0,14.0,14.0,10.0,,,Caleb,"['lshift', 'c', 'a', 'l', 'e', 'b']",0.0,2.0,"[1.983280566000758, 2.2180313210010354, 2.4842317799993907, 2.7676812230020005, 2.9173751050002465, 3.1011109430000943]",26,1,2019_Oct_01_1654,FaceNameControl_Picture&Audio,3.0.4,60.01196435
52,FacesBlock1.xlsx,Jenna.mp4,Jenna.JPG,Jenna,7.0,videoFrameJenna.png,0.0,1.0,1.0,0.0,,,,,0.0,6.0,6.0,7.0,,,Amanda,"['lshift', 'a', 'm', 'a', 'n', 'd', 'a']",0.0,1.0,"[3.549476380998385, 4.518387874999462, 4.817736674998741, 4.965986604998761, 5.1512351960009255, 5.650911700999131, 5.750893497999641]",26,1,2019_Oct_01_1654,FaceNameControl_Picture&Audio,3.0.4,60.01196435
37,FacesBlock1.xlsx,Jenna.mp4,Jenna.JPG,Jenna,7.0,videoFrameJenna.png,0.0,1.0,1.0,0.0,0.0,6.0,6.0,7.0,,,,,2.0,1.58532821,,,,,,26,1,2019_Oct_01_1654,FaceNameControl_Picture&Audio,3.0.4,60.01196435
2,FacesBlock2.xlsx,Jeremy.mp4,Jeremy.JPG,Jeremy,22.0,videoFrameJeremy.png,0.0,0.0,0.0,1.0,0.0,1.0,1.0,7.0,,,,,1.0,0.35319229999999996,,,,,,26,1,2019_Oct_01_1654,FaceNameControl_Picture&Audio,3.0.4,60.01196435
30,FacesBlock2.xlsx,Jeremy.mp4,Jeremy.JPG,Jeremy,22.0,videoFrameJeremy.png,0.0,0.0,0.0,1.0,,,,,0.0,14.0,14.0,7.0,,,Jack,"['lshift', 'j', 'a', 'c', 'k']",0.0,1.0,"[2.3003194970006007, 2.616215411999292, 2.8344997960011824, 3.1514229259992135, 3.2511140429996885]",26,1,2019_Oct_01_1654,FaceNameControl_Picture&Audio,3.0.4,60.01196435
50,FacesBlock1.xlsx,Jessica.mp4,Jessica.JPG,Jessica,8.0,videoFrameJessica.png,0.0,1.0,1.0,0.0,,,,,0.0,4.0,4.0,8.0,,,Lucy,"['lshift', 'l', 'u', 'c', 'y']",0.0,1.0,"[3.032861856998352, 3.383783023000433, 4.033939225999347, 4.284175214997958, 4.750460409999505]",26,1,2019_Oct_01_1654,FaceNameControl_Picture&Audio,3.0.4,60.01196435
32,FacesBlock1.xlsx,Jessica.mp4,Jessica.JPG,Jessica,8.0,videoFrameJessica.png,0.0,1.0,1.0,0.0,0.0,1.0,1.0,8.0,,,,,2.0,1.069807385,,,,,,26,1,2019_Oct_01_1654,FaceNameControl_Picture&Audio,3.0.4,60.01196435
24,FacesBlock2.xlsx,Josh.mp4,Josh.JPG,Josh,23.0,videoFrameJosh.png,0.0,0.0,0.0,1.0,,,,,0.0,8.0,8.0,8.0,,,,None,0.0,1.0,,26,1,2019_Oct_01_1654,FaceNameControl_Picture&Audio,3.0.4,60.01196435
13,FacesBlock2.xlsx,Josh.mp4,Josh.JPG,Josh,23.0,videoFrameJosh.png,0.0,0.0,0.0,1.0,0.0,12.0,12.0,8.0,,,,,1.0,0.769581449,,,,,,26,1,2019_Oct_01_1654,FaceNameControl_Picture&Audio,3.0.4,60.01196435
45,FacesBlock1.xlsx,Julia.mp4,Julia.JPG,Julia,9.0,videoFrameJulia.png,0.0,1.0,1.0,0.0,0.0,14.0,14.0,9.0,,,,,2.0,1.568809318,,,,,,26,1,2019_Oct_01_1654,FaceNameControl_Picture&Audio,3.0.4,60.01196435
56,FacesBlock1.xlsx,Julia.mp4,Julia.JPG,Julia,9.0,videoFrameJulia.png,0.0,1.0,1.0,0.0,,,,,0.0,10.0,10.0,9.0,,,,None,0.0,1.0,,26,1,2019_Oct_01_1654,FaceNameControl_Picture&Audio,3.0.4,60.01196435
15,FacesBlock2.xlsx,Justin.mp4,Justin.JPG,Justin,24.0,videoFrameJustin.png,0.0,0.0,0.0,1.0,0.0,14.0,14.0,9.0,,,,,1.0,0.353021564,,,,,,26,1,2019_Oct_01_1654,FaceNameControl_Picture&Audio,3.0.4,60.01196435
23,FacesBlock2.xlsx,Justin.mp4,Justin.JPG,Justin,24.0,videoFrameJustin.png,0.0,0.0,0.0,1.0,,,,,0.0,7.0,7.0,9.0,,,Ben,"['lshift', 'b', 'e', 'n']",0.0,1.0,"[3.0502739460025623, 3.21625930600203, 3.5676362949998293, 3.6851008779995027]",26,1,2019_Oct_01_1654,FaceNameControl_Picture&Audio,3.0.4,60.01196435
101,FacesBlock4.xlsx,Katie.mp4,Katie.JPG,Katie,56.0,videoFrameKatie.png,0.0,3.0,3.0,3.0,0.0,10.0,10.0,11.0,,,,,2.0,1.1696168340000002,,,,,,26,1,2019_Oct_01_1654,FaceNameControl_Picture&Audio,3.0.4,60.01196435
117,FacesBlock4.xlsx,Katie.mp4,Katie.JPG,Katie,56.0,videoFrameKatie.png,0.0,3.0,3.0,3.0,,,,,0.0,11.0,11.0,11.0,,,K,"['lshift', 'k']",0.0,1.0,"[5.066207554002176, 6.317125551999197]",26,1,2019_Oct_01_1654,FaceNameControl_Picture&Audio,3.0.4,60.01196435
83,FacesBlock3.xlsx,Kayla.mp4,Kayla.JPG,Kayla,33.0,videoFrameKayla.png,0.0,2.0,2.0,2.0,,,,,0.0,7.0,7.0,3.0,,,Kala,"['lshift', 'k', 'a', 'l', 'a']",1.0,4.0,"[1.7502743410004769, 1.9509295230018324, 2.166255986001488, 2.317975057001604, 2.435086183002568]",26,1,2019_Oct_01_1654,FaceNameControl_Picture&Audio,3.0.4,60.01196435
69,FacesBlock3.xlsx,Kayla.mp4,Kayla.JPG,Kayla,33.0,videoFrameKayla.png,0.0,2.0,2.0,2.0,0.0,8.0,8.0,3.0,,,,,2.0,0.836209917,,,,,,26,1,2019_Oct_01_1654,FaceNameControl_Picture&Audio,3.0.4,60.01196435
53,FacesBlock1.xlsx,Kelsey.mp4,Kelsey.JPG,Kelsey,10.0,videoFrameKelsey.png,0.0,1.0,1.0,0.0,,,,,0.0,7.0,7.0,10.0,,,Kelsey,"['lshift', 'k', 'e', 'l', 's', 'e', 'y']",1.0,4.0,"[1.249738515001809, 1.4008783829995082, 1.7012971020012628, 1.8842454410005303, 2.0850836979989253, 2.750978263000434, 2.9341689409993705]",26,1,2019_Oct_01_1654,FaceNameControl_Picture&Audio,3.0.4,60.01196435
38,FacesBlock1.xlsx,Kelsey.mp4,Kelsey.JPG,Kelsey,10.0,videoFrameKelsey.png,0.0,1.0,1.0,0.0,0.0,7.0,7.0,10.0,,,,,2.0,1.30303508,,,,,,26,1,2019_Oct_01_1654,FaceNameControl_Picture&Audio,3.0.4,60.01196435
74,FacesBlock3.xlsx,Kevin.mp4,Kevin.JPG,Kevin,34.0,videoFrameKevin.png,0.0,2.0,2.0,2.0,0.0,13.0,13.0,4.0,,,,,1.0,1.236278639,,,,,,26,1,2019_Oct_01_1654,FaceNameControl_Picture&Audio,3.0.4,60.01196435
86,FacesBlock3.xlsx,Kevin.mp4,Kevin.JPG,Kevin,34.0,videoFrameKevin.png,0.0,2.0,2.0,2.0,,,,,0.0,10.0,10.0,4.0,,,Kevin,"['lshift', 'k', 'e', 'v', 'i', 'n']",1.0,1.0,"[6.283016448996932, 6.667602823999914, 6.9652719240002625, 7.350482423997164, 7.516766106997238, 7.617039357999602]",26,1,2019_Oct_01_1654,FaceNameControl_Picture&Audio,3.0.4,60.01196435
34,FacesBlock1.xlsx,Kyle.mp4,Kyle.JPG,Kyle,11.0,videoFrameKyle.png,0.0,1.0,1.0,0.0,0.0,3.0,3.0,11.0,,,,,1.0,1.468946936,,,,,,26,1,2019_Oct_01_1654,FaceNameControl_Picture&Audio,3.0.4,60.01196435
51,FacesBlock1.xlsx,Kyle.mp4,Kyle.JPG,Kyle,11.0,videoFrameKyle.png,0.0,1.0,1.0,0.0,,,,,0.0,5.0,5.0,11.0,,,,None,0.0,1.0,,26,1,2019_Oct_01_1654,FaceNameControl_Picture&Audio,3.0.4,60.01196435
89,FacesBlock3.xlsx,Lauren.mp4,Lauren.JPG,Lauren,35.0,videoFrameLauren.png,0.0,2.0,2.0,2.0,,,,,0.0,13.0,13.0,5.0,,,,None,0.0,1.0,,26,1,2019_Oct_01_1654,FaceNameControl_Picture&Audio,3.0.4,60.01196435
70,FacesBlock3.xlsx,Lauren.mp4,Lauren.JPG,Lauren,35.0,videoFrameLauren.png,0.0,2.0,2.0,2.0,0.0,9.0,9.0,5.0,,,,,2.0,3.8518225289999997,,,,,,26,1,2019_Oct_01_1654,FaceNameControl_Picture&Audio,3.0.4,60.01196435
81,FacesBlock3.xlsx,Mark.mp4,Mark.JPG,Mark,36.0,videoFrameMark.png,0.0,2.0,2.0,2.0,,,,,0.0,5.0,5.0,6.0,,,Thomas,"['lshift', 't', 'o', 'h', 'backspace', 'backspace', 'h', 'o', 'm', 'a', 's']",0.0,3.0,"[2.5165823659990565, 2.917871647001448, 3.1676976640010253, 3.3009978020018025, 3.5836704530011048, 3.7505652959989675, 4.400930577001418, 4.517364249000821, 4.699928196001565, 4.900045832000615, 5.200432719000673]",26,1,2019_Oct_01_1654,FaceNameControl_Picture&Audio,3.0.4,60.01196435
62,FacesBlock3.xlsx,Mark.mp4,Mark.JPG,Mark,36.0,videoFrameMark.png,0.0,2.0,2.0,2.0,0.0,1.0,1.0,6.0,,,,,1.0,3.834785133,,,,,,26,1,2019_Oct_01_1654,FaceNameControl_Picture&Audio,3.0.4,60.01196435
31,FacesBlock1.xlsx,Matthew.mp4,Matthew.JPG,Matthew,12.0,videoFrameMatthew.png,0.0,1.0,1.0,0.0,0.0,0.0,0.0,12.0,,,,,1.0,1.652280205,,,,,,26,1,2019_Oct_01_1654,FaceNameControl_Picture&Audio,3.0.4,60.01196435
47,FacesBlock1.xlsx,Matthew.mp4,Matthew.JPG,Matthew,12.0,videoFrameMatthew.png,0.0,1.0,1.0,0.0,,,,,0.0,1.0,1.0,12.0,,,Matthew,"['lshift', 'm', 'a', 't', 't', 'h', 'e', 'w']",1.0,4.0,"[2.8163881640030013, 2.9847681890023523, 3.46792081500098, 3.667881083001703, 3.8006156330011436, 4.967235770000116, 5.066791921999538, 5.100756302999798]",26,1,2019_Oct_01_1654,FaceNameControl_Picture&Audio,3.0.4,60.01196435
14,FacesBlock2.xlsx,Megan.mp4,Megan.JPG,Megan,25.0,videoFrameMegan.png,0.0,0.0,0.0,1.0,0.0,13.0,13.0,10.0,,,,,2.0,0.569421628,,,,,,26,1,2019_Oct_01_1654,FaceNameControl_Picture&Audio,3.0.4,60.01196435
28,FacesBlock2.xlsx,Megan.mp4,Megan.JPG,Megan,25.0,videoFrameMegan.png,0.0,0.0,0.0,1.0,,,,,0.0,12.0,12.0,10.0,,,Britta,"['lshift', 'b', 'r', 'i', 't', 't', 'a', 'm', 'y', 'backspace', 'backspace', 'm', 'y', 'backspace', 'backspace']",0.0,1.0,"[4.8168631799999275, 4.968168218998471, 5.3343092989998695, 5.532779245000711, 5.901165223000135, 6.01809943400076, 7.033460402999481, 7.217317204998835, 7.517567620998307, 8.366450849000103, 8.532934266000666, 9.183512012001302, 9.249753716001578, 9.71614019199842, 9.782690042000468]",26,1,2019_Oct_01_1654,FaceNameControl_Picture&Audio,3.0.4,60.01196435
100,FacesBlock4.xlsx,Michael.mp4,Michael.JPG,Michael,57.0,videoFrameMichael.png,0.0,3.0,3.0,3.0,0.0,9.0,9.0,12.0,,,,,1.0,3.3688586110000003,,,,,,26,1,2019_Oct_01_1654,FaceNameControl_Picture&Audio,3.0.4,60.01196435
110,FacesBlock4.xlsx,Michael.mp4,Michael.JPG,Michael,57.0,videoFrameMichael.png,0.0,3.0,3.0,3.0,,,,,0.0,4.0,4.0,12.0,,,,None,0.0,1.0,,26,1,2019_Oct_01_1654,FaceNameControl_Picture&Audio,3.0.4,60.01196435
93,FacesBlock4.xlsx,Michelle.mp4,Michelle.JPG,Michelle,58.0,videoFrameMichelle.png,0.0,3.0,3.0,3.0,0.0,2.0,2.0,13.0,,,,,2.0,2.152067518,,,,,,26,1,2019_Oct_01_1654,FaceNameControl_Picture&Audio,3.0.4,60.01196435
119,FacesBlock4.xlsx,Michelle.mp4,Michelle.JPG,Michelle,58.0,videoFrameMichelle.png,0.0,3.0,3.0,3.0,,,,,0.0,13.0,13.0,13.0,,,Michelle,"['lshift', 'm', 'i', 'c', 'h', 'e', 'l', 'l', 'e']",1.0,1.0,"[1.6666448020005191, 1.7519106830004603, 1.9513601280013972, 2.1677721529995324, 2.251948295001057, 2.3849560679991555, 2.5183907259997795, 2.6683954920008546, 3.3010510969979805]",26,1,2019_Oct_01_1654,FaceNameControl_Picture&Audio,3.0.4,60.01196435
54,FacesBlock1.xlsx,Natalie.mp4,Natalie.JPG,Natalie,13.0,videoFrameNatalie.png,0.0,1.0,1.0,0.0,,,,,0.0,8.0,8.0,13.0,,,Amanda,"['lshift', 'a', 'lshift', 'm', 'a', 'n', 'backspace', 'backspace', 'backspace', 'a', 'm', 'backspace', 'backspace', 'm', 'a', 'n', 'd', 'a']",0.0,2.0,"[1.933657718996983, 2.268492047998734, 2.501215724998474, 2.6851061149973248, 2.9353753789982875, 3.8004802399991604, 3.9506384289998095, 4.317392790999293, 4.850851179999154, 4.882647960999748, 5.2334085699985735, 5.416818175999651, 5.666543660998286, 5.800664668997342, 6.100051865996647, 6.317132717998902, 6.4668953319996945]",26,1,2019_Oct_01_1654,FaceNameControl_Picture&Audio,3.0.4,60.01196435
39,FacesBlock1.xlsx,Natalie.mp4,Natalie.JPG,Natalie,13.0,videoFrameNatalie.png,0.0,1.0,1.0,0.0,0.0,8.0,8.0,13.0,,,,,2.0,1.0360773620000001,,,,,,26,1,2019_Oct_01_1654,FaceNameControl_Picture&Audio,3.0.4,60.01196435
85,FacesBlock3.xlsx,Nathan.mp4,Nathan.JPG,Nathan,37.0,videoFrameNathan.png,0.0,2.0,2.0,2.0,,,,,0.0,9.0,9.0,7.0,,,Nathan,"['lshift', 'n', 'a', 't', 'h', 'a', 'n', 'slash', 'n', 'a', 't', 'e', 'backspace', 'backspace', 'backspace', 'backspace']",1.0,3.0,"[2.0331899890006753, 2.3669165130013425, 2.651996254000551, 3.5181392560007225, 4.283885303000716, 4.483963405000395, 4.617063424000662, 7.683265184001357, 7.949864027999865, 8.150122353999905, 8.332458495999163, 8.416423712998949, 8.965864976999, 9.11590583799989, 9.282440155999211, 9.431782503001159]",26,1,2019_Oct_01_1654,FaceNameControl_Picture&Audio,3.0.4,60.01196435
67,FacesBlock3.xlsx,Nathan.mp4,Nathan.JPG,Nathan,37.0,videoFrameNathan.png,0.0,2.0,2.0,2.0,0.0,6.0,6.0,7.0,,,,,1.0,3.599704586,,,,,,26,1,2019_Oct_01_1654,FaceNameControl_Picture&Audio,3.0.4,60.01196435
73,FacesBlock3.xlsx,Nicole.mp4,Nicole.JPG,Nicole,38.0,videoFrameNicole.png,0.0,2.0,2.0,2.0,0.0,12.0,12.0,8.0,,,,,2.0,1.13354594,,,,,,26,1,2019_Oct_01_1654,FaceNameControl_Picture&Audio,3.0.4,60.01196435
79,FacesBlock3.xlsx,Nicole.mp4,Nicole.JPG,Nicole,38.0,videoFrameNicole.png,0.0,2.0,2.0,2.0,,,,,0.0,3.0,3.0,8.0,,,Kala,"['lshift', 'k', 'a', 'l', 'a']",0.0,2.0,"[2.0991683159991226, 2.868001156999526, 3.567242665998492, 3.7499926969976514, 3.8342826699990837]",26,1,2019_Oct_01_1654,FaceNameControl_Picture&Audio,3.0.4,60.01196435
76,FacesBlock3.xlsx,Noah.mp4,Noah.JPG,Noah,39.0,videoFrameNoah.png,0.0,2.0,2.0,2.0,,,,,0.0,0.0,0.0,9.0,,,,None,0.0,1.0,,26,1,2019_Oct_01_1654,FaceNameControl_Picture&Audio,3.0.4,60.01196435
66,FacesBlock3.xlsx,Noah.mp4,Noah.JPG,Noah,39.0,videoFrameNoah.png,0.0,2.0,2.0,2.0,0.0,5.0,5.0,9.0,,,,,1.0,2.235543938,,,,,,26,1,2019_Oct_01_1654,FaceNameControl_Picture&Audio,3.0.4,60.01196435
77,FacesBlock3.xlsx,Olivia.mp4,Olivia.JPG,Olivia,40.0,videoFrameOlivia.png,0.0,2.0,2.0,2.0,,,,,0.0,1.0,1.0,10.0,,,Olivia,"['lshift', 'o', 'l', 'i', 'v', 'i', 'a']",1.0,4.0,"[2.1333736150008917, 2.3679276109978673, 2.7152713149989722, 2.8845262180002464, 3.0346806259985897, 3.1507443519985827, 3.9675707629976387]",26,1,2019_Oct_01_1654,FaceNameControl_Picture&Audio,3.0.4,60.01196435
65,FacesBlock3.xlsx,Olivia.mp4,Olivia.JPG,Olivia,40.0,videoFrameOlivia.png,0.0,2.0,2.0,2.0,0.0,4.0,4.0,10.0,,,,,2.0,1.718745886,,,,,,26,1,2019_Oct_01_1654,FaceNameControl_Picture&Audio,3.0.4,60.01196435
19,FacesBlock2.xlsx,Rachel.mp4,Rachel.JPG,Rachel,26.0,videoFrameRachel.png,0.0,0.0,0.0,1.0,,,,,0.0,3.0,3.0,11.0,,,Lucy,"['lshift', 'l', 'u', 'c', 'y']",0.0,1.0,"[2.699616450998292, 2.9677483679988654, 3.467740916999901, 3.634103595999477, 3.81738861699705]",26,1,2019_Oct_01_1654,FaceNameControl_Picture&Audio,3.0.4,60.01196435
10,FacesBlock2.xlsx,Rachel.mp4,Rachel.JPG,Rachel,26.0,videoFrameRachel.png,0.0,0.0,0.0,1.0,0.0,9.0,9.0,11.0,,,,,2.0,0.551942545,,,,,,26,1,2019_Oct_01_1654,FaceNameControl_Picture&Audio,3.0.4,60.01196435
88,FacesBlock3.xlsx,Rebecca.mp4,Rebecca.JPG,Rebecca,41.0,videoFrameRebecca.png,0.0,2.0,2.0,2.0,,,,,0.0,12.0,12.0,11.0,,,,None,0.0,1.0,,26,1,2019_Oct_01_1654,FaceNameControl_Picture&Audio,3.0.4,60.01196435
63,FacesBlock3.xlsx,Rebecca.mp4,Rebecca.JPG,Rebecca,41.0,videoFrameRebecca.png,0.0,2.0,2.0,2.0,0.0,2.0,2.0,11.0,,,,,2.0,3.185601655,,,,,,26,1,2019_Oct_01_1654,FaceNameControl_Picture&Audio,3.0.4,60.01196435
78,FacesBlock3.xlsx,Sarah.mp4,Sarah.JPG,Sarah,42.0,videoFrameSarah.png,0.0,2.0,2.0,2.0,,,,,0.0,2.0,2.0,12.0,,,Jenna,"['lshift', 'j', 'e', 'n', 'n', 'a']",0.0,1.0,"[4.382520693001425, 4.834563073000027, 5.083341425000981, 5.267337982000754, 5.467616275000182, 5.567135853001673]",26,1,2019_Oct_01_1654,FaceNameControl_Picture&Audio,3.0.4,60.01196435
64,FacesBlock3.xlsx,Sarah.mp4,Sarah.JPG,Sarah,42.0,videoFrameSarah.png,0.0,2.0,2.0,2.0,0.0,3.0,3.0,12.0,,,,,2.0,2.936217995,,,,,,26,1,2019_Oct_01_1654,FaceNameControl_Picture&Audio,3.0.4,60.01196435
80,FacesBlock3.xlsx,Shelby.mp4,Shelby.JPG,Shelby,43.0,videoFrameShelby.png,0.0,2.0,2.0,2.0,,,,,0.0,4.0,4.0,13.0,,,,None,0.0,1.0,,26,1,2019_Oct_01_1654,FaceNameControl_Picture&Audio,3.0.4,60.01196435
71,FacesBlock3.xlsx,Shelby.mp4,Shelby.JPG,Shelby,43.0,videoFrameShelby.png,0.0,2.0,2.0,2.0,0.0,10.0,10.0,13.0,,,,,2.0,1.968990288,,,,,,26,1,2019_Oct_01_1654,FaceNameControl_Picture&Audio,3.0.4,60.01196435
21,FacesBlock2.xlsx,Steven.mp4,Steven.JPG,Steven,27.0,videoFrameSteven.png,0.0,0.0,0.0,1.0,,,,,0.0,5.0,5.0,12.0,,,Aaron,"['lshift', 'a', 'a', 'o', 'n', 'backspace', 'backspace', 'r', 'o', 'n']",0.0,2.0,"[1.800872732001153, 2.3021831660007592, 2.718507680001494, 3.4684909310017247, 3.6344957310029713, 4.584383311001147, 4.767354530002194, 5.434307680003258, 5.550900212001579, 5.65098146800301]",26,1,2019_Oct_01_1654,FaceNameControl_Picture&Audio,3.0.4,60.01196435
7,FacesBlock2.xlsx,Steven.mp4,Steven.JPG,Steven,27.0,videoFrameSteven.png,0.0,0.0,0.0,1.0,0.0,6.0,6.0,12.0,,,,,1.0,0.45214144799999995,,,,,,26,1,2019_Oct_01_1654,FaceNameControl_Picture&Audio,3.0.4,60.01196435
97,FacesBlock4.xlsx,Taylor.mp4,Taylor.JPG,Taylor,59.0,videoFrameTaylor.png,0.0,3.0,3.0,3.0,0.0,6.0,6.0,14.0,,,,,2.0,1.468554762,,,,,,26,1,2019_Oct_01_1654,FaceNameControl_Picture&Audio,3.0.4,60.01196435
109,FacesBlock4.xlsx,Taylor.mp4,Taylor.JPG,Taylor,59.0,videoFrameTaylor.png,0.0,3.0,3.0,3.0,,,,,0.0,3.0,3.0,14.0,,,Taylor,"['lshift', 't', 'a', 'y', 'l', 'o', 'r']",1.0,3.0,"[3.5168667970028764, 3.7183981530033634, 4.168382201001805, 4.384937535000063, 5.18242310200003, 5.367816087000392, 5.484673393002595]",26,1,2019_Oct_01_1654,FaceNameControl_Picture&Audio,3.0.4,60.01196435
72,FacesBlock3.xlsx,Thomas.mp4,Thomas.JPG,Thomas,44.0,videoFrameThomas.png,0.0,2.0,2.0,2.0,0.0,11.0,11.0,14.0,,,,,1.0,1.203210699,,,,,,26,1,2019_Oct_01_1654,FaceNameControl_Picture&Audio,3.0.4,60.01196435
87,FacesBlock3.xlsx,Thomas.mp4,Thomas.JPG,Thomas,44.0,videoFrameThomas.png,0.0,2.0,2.0,2.0,,,,,0.0,11.0,11.0,14.0,,,Thomas,"['lshift', 't', 'h', 'o', 'm', 'a', 's']",1.0,1.0,"[2.0342029429994, 2.4350330910019693, 3.6510400930019387, 3.767378047999955, 3.9347319180014892, 4.05147529000169, 4.267920567999681]",26,1,2019_Oct_01_1654,FaceNameControl_Picture&Audio,3.0.4,60.01196435
60,FacesBlock1.xlsx,Timothy.mp4,Timothy.JPG,Timothy,14.0,videoFrameTimothy.png,0.0,1.0,1.0,0.0,,,,,0.0,14.0,14.0,14.0,,,Timothy,"['lshift', 't', 'i', 'm', 'o', 't', 'h', 'y']",1.0,4.0,"[1.6005887209976208, 2.2018392189966107, 2.584931148998294, 2.73478920299749, 2.9178519929992035, 3.1178537259984296, 3.2513656889968843, 3.5681016679991444]",26,1,2019_Oct_01_1654,FaceNameControl_Picture&Audio,3.0.4,60.01196435
42,FacesBlock1.xlsx,Timothy.mp4,Timothy.JPG,Timothy,14.0,videoFrameTimothy.png,0.0,1.0,1.0,0.0,0.0,11.0,11.0,14.0,,,,,1.0,1.753677845,,,,,,26,1,2019_Oct_01_1654,FaceNameControl_Picture&Audio,3.0.4,60.01196435
27,FacesBlock2.xlsx,Trevor.mp4,Trevor.JPG,Trevor,28.0,videoFrameTrevor.png,0.0,0.0,0.0,1.0,,,,,0.0,11.0,11.0,13.0,,,,None,0.0,1.0,,26,1,2019_Oct_01_1654,FaceNameControl_Picture&Audio,3.0.4,60.01196435
5,FacesBlock2.xlsx,Trevor.mp4,Trevor.JPG,Trevor,28.0,videoFrameTrevor.png,0.0,0.0,0.0,1.0,0.0,4.0,4.0,13.0,,,,,1.0,0.519678005,,,,,,26,1,2019_Oct_01_1654,FaceNameControl_Picture&Audio,3.0.4,60.01196435
4,FacesBlock2.xlsx,Tyler.mp4,Tyler.JPG,Tyler,29.0,videoFrameTyler.png,0.0,0.0,0.0,1.0,0.0,3.0,3.0,14.0,,,,,1.0,2.35130923,,,,,,26,1,2019_Oct_01_1654,FaceNameControl_Picture&Audio,3.0.4,60.01196435
29,FacesBlock2.xlsx,Tyler.mp4,Tyler.JPG,Tyler,29.0,videoFrameTyler.png,0.0,0.0,0.0,1.0,,,,,0.0,13.0,13.0,14.0,,,Aaron,"['lshift', 'a', 'a', 'r', 'o', 'n']",0.0,1.0,"[5.183101979000639, 5.400947819998692, 5.700646257999324, 7.066667615999904, 7.2167866279996815, 7.267010149000271]",26,1,2019_Oct_01_1654,FaceNameControl_Picture&Audio,3.0.4,60.01196435
0,,,,,,,,,,,,,,,,,,,,,,,,,,26,1,2019_Oct_01_1654,FaceNameControl_Picture&Audio,3.0.4,60.01196435
