,condsFile,Video,Photo,Name,Row,videoFrame,blocks.thisRepN,blocks.thisTrialN,blocks.thisN,blocks.thisIndex,presentations.thisRepN,presentations.thisTrialN,presentations.thisN,presentations.thisIndex,testing.thisRepN,testing.thisTrialN,testing.thisN,testing.thisIndex,judgementResp.keys,judgementResp.rt,inputText,key_resp_3.keys,recallRating_s,key_resp_3.rt,rating_resp.keys,participant,session,date,expName,psychopyVersion,frameRate
85,FacesBlock2.xlsx,Aaron.mp4,Aaron.JPG,Aaron,15.0,videoFrameAaron.png,0.0,2.0,2.0,1.0,,,,,0.0,9.0,9.0,0.0,,,,None,0.0,,1.0,27,1,2019_Oct_02_0959,FaceNameControl_Picture&Audio,3.0.4,60.00896522
71,FacesBlock2.xlsx,Aaron.mp4,Aaron.JPG,Aaron,15.0,videoFrameAaron.png,0.0,2.0,2.0,1.0,0.0,10.0,10.0,0.0,,,,,1.0,0.952366919,,,,,,27,1,2019_Oct_02_0959,FaceNameControl_Picture&Audio,3.0.4,60.00896522
49,FacesBlock1.xlsx,Adam.mp4,Adam.JPG,Adam,0.0,videoFrameAdam.png,0.0,1.0,1.0,0.0,,,,,0.0,3.0,3.0,0.0,,,Adam,"['lshift', 'a', 'd', 'a', 'm']",1.0,"[0.9838790329959011, 1.2516515589959454, 1.6675644630013267, 1.8177233140013414, 1.9343864539987408]",4.0,27,1,2019_Oct_02_0959,FaceNameControl_Picture&Audio,3.0.4,60.00896522
31,FacesBlock1.xlsx,Adam.mp4,Adam.JPG,Adam,0.0,videoFrameAdam.png,0.0,1.0,1.0,0.0,0.0,0.0,0.0,0.0,,,,,1.0,1.836066872,,,,,,27,1,2019_Oct_02_0959,FaceNameControl_Picture&Audio,3.0.4,60.00896522
1,FacesBlock4.xlsx,Alyssa.mp4,Alyssa.JPG,Alyssa,45.0,videoFrameAlyssa.png,0.0,0.0,0.0,3.0,0.0,0.0,0.0,0.0,,,,,2.0,4.317516534,,,,,,27,1,2019_Oct_02_0959,FaceNameControl_Picture&Audio,3.0.4,60.00896522
25,FacesBlock4.xlsx,Alyssa.mp4,Alyssa.JPG,Alyssa,45.0,videoFrameAlyssa.png,0.0,0.0,0.0,3.0,,,,,0.0,9.0,9.0,0.0,,,,"['lshift', 'b', 'backspace']",0.0,"[6.199411732988665, 6.448811821988784, 7.333420472990838]",1.0,27,1,2019_Oct_02_0959,FaceNameControl_Picture&Audio,3.0.4,60.00896522
32,FacesBlock1.xlsx,Amanda.mp4,Amanda.JPG,Amanda,1.0,videoFrameAmanda.png,0.0,1.0,1.0,0.0,0.0,1.0,1.0,1.0,,,,,2.0,0.8530385979999999,,,,,,27,1,2019_Oct_02_0959,FaceNameControl_Picture&Audio,3.0.4,60.00896522
60,FacesBlock1.xlsx,Amanda.mp4,Amanda.JPG,Amanda,1.0,videoFrameAmanda.png,0.0,1.0,1.0,0.0,,,,,0.0,14.0,14.0,1.0,,,Amanda,"['lshift', 'a', 'm', 'a', 'm', 'backspace', 'd', 'backspace', 'n', 'd', 'a']",1.0,"[1.1504237430053763, 1.2691322960017715, 1.534783231007168, 1.6997339649969945, 1.8189194459991995, 2.4015870470029768, 2.53505571000278, 2.984486575005576, 4.218181923002703, 4.517686060004053, 4.634146038995823]",4.0,27,1,2019_Oct_02_0959,FaceNameControl_Picture&Audio,3.0.4,60.00896522
11,FacesBlock4.xlsx,Andrew.mp4,Andrew.JPG,Andrew,46.0,videoFrameAndrew.png,0.0,0.0,0.0,3.0,0.0,10.0,10.0,1.0,,,,,1.0,0.669666147,,,,,,27,1,2019_Oct_02_0959,FaceNameControl_Picture&Audio,3.0.4,60.00896522
17,FacesBlock4.xlsx,Andrew.mp4,Andrew.JPG,Andrew,46.0,videoFrameAndrew.png,0.0,0.0,0.0,3.0,,,,,0.0,1.0,1.0,1.0,,,Caleb,"['lshift', 'b', 'r', 'n', 'backspace', 'a', 'n', 'd', 'o', 'n', 'backspace', 'backspace', 'backspace', 'backspace', 'backspace', 'backspace', 'backspace', 'lshift', 'c', 'a', 'l', 'e', 'b']",0.0,"[1.2344838979915949, 1.6357317410001997, 2.068907829991076, 2.3686229849990923, 2.7510217829985777, 3.068075910996413, 3.201053167998907, 3.651606996994815, 3.7845853839971824, 3.9342129610013217, 5.100591918991995, 5.267336896999041, 5.449327123002149, 5.583818885992514, 5.717201539999223, 5.867121176997898, 6.016855128997122, 6.166133343998808, 6.281583000993123, 6.567463604995282, 6.667391166993184, 6.883598129003076, 7.017278040992096]",2.0,27,1,2019_Oct_02_0959,FaceNameControl_Picture&Audio,3.0.4,60.00896522
12,FacesBlock4.xlsx,Anna.mp4,Anna.JPG,Anna,47.0,videoFrameAnna.png,0.0,0.0,0.0,3.0,0.0,11.0,11.0,2.0,,,,,2.0,0.619441618,,,,,,27,1,2019_Oct_02_0959,FaceNameControl_Picture&Audio,3.0.4,60.00896522
24,FacesBlock4.xlsx,Anna.mp4,Anna.JPG,Anna,47.0,videoFrameAnna.png,0.0,0.0,0.0,3.0,,,,,0.0,8.0,8.0,2.0,,,Anna,"['lshift', 'a', 'lshift', 'n', 'n', 'a', 'backspace', 'backspace', 'backspace', 'n', 'n', 'a']",1.0,"[0.8336770780006191, 1.2015039990074001, 1.250368820008589, 1.6681494229997043, 1.8180625200038776, 1.9346674760017777, 2.3840781199978665, 2.5505088370118756, 2.7005405939999036, 2.9677442590036662, 3.117687232006574, 3.233937324999715]",4.0,27,1,2019_Oct_02_0959,FaceNameControl_Picture&Audio,3.0.4,60.00896522
64,FacesBlock2.xlsx,Ashley.mp4,Ashley.JPG,Ashley,16.0,videoFrameAshley.png,0.0,2.0,2.0,1.0,0.0,3.0,3.0,1.0,,,,,2.0,1.136153577,,,,,,27,1,2019_Oct_02_0959,FaceNameControl_Picture&Audio,3.0.4,60.00896522
78,FacesBlock2.xlsx,Ashley.mp4,Ashley.JPG,Ashley,16.0,videoFrameAshley.png,0.0,2.0,2.0,1.0,,,,,0.0,2.0,2.0,1.0,,,Ashley,"['lshift', 'a', 's', 'h', 'l', 'e', 'y']",1.0,"[1.3005638289905619, 1.618842980999034, 2.235221268987516, 2.368874235995463, 2.5851391639880603, 2.7679456999903778, 3.151099359994987]",3.0,27,1,2019_Oct_02_0959,FaceNameControl_Picture&Audio,3.0.4,60.00896522
40,FacesBlock1.xlsx,Bradley.mp4,Bradley.JPG,Bradley,2.0,videoFrameBradley.png,0.0,1.0,1.0,0.0,0.0,9.0,9.0,2.0,,,,,1.0,0.819593789,,,,,,27,1,2019_Oct_02_0959,FaceNameControl_Picture&Audio,3.0.4,60.00896522
52,FacesBlock1.xlsx,Bradley.mp4,Bradley.JPG,Bradley,2.0,videoFrameBradley.png,0.0,1.0,1.0,0.0,,,,,0.0,6.0,6.0,2.0,,,Bradley,"['lshift', 'b', 'r', 'a', 'd', 'l', 'e', 'y']",0.0,"[0.734059600988985, 1.0194233660004102, 1.368519887997536, 1.46908148098737, 1.6691331809997791, 1.7683954739914043, 1.9687158460001228, 2.135161762998905]",4.0,27,1,2019_Oct_02_0959,FaceNameControl_Picture&Audio,3.0.4,60.00896522
28,FacesBlock4.xlsx,Brandon.mp4,Brandon.JPG,Brandon,48.0,videoFrameBrandon.png,0.0,0.0,0.0,3.0,,,,,0.0,12.0,12.0,3.0,,,Brandon,"['lshift', 'lshift', 'b', 'r', 'a', 'n', 'd', 'o', 'n']",1.0,"[3.266446437992272, 6.6984738649916835, 6.966084471001523, 7.399976753004012, 7.516706428999896, 7.6498080129968, 7.816123951997724, 7.932215091001126, 8.08124693899299]",4.0,27,1,2019_Oct_02_0959,FaceNameControl_Picture&Audio,3.0.4,60.00896522
2,FacesBlock4.xlsx,Brandon.mp4,Brandon.JPG,Brandon,48.0,videoFrameBrandon.png,0.0,0.0,0.0,3.0,0.0,1.0,1.0,3.0,,,,,1.0,0.419163956,,,,,,27,1,2019_Oct_02_0959,FaceNameControl_Picture&Audio,3.0.4,60.00896522
10,FacesBlock4.xlsx,Brian.mp4,Brian.JPG,Brian,49.0,videoFrameBrian.png,0.0,0.0,0.0,3.0,0.0,9.0,9.0,4.0,,,,,1.0,0.6860933570000001,,,,,,27,1,2019_Oct_02_0959,FaceNameControl_Picture&Audio,3.0.4,60.00896522
29,FacesBlock4.xlsx,Brian.mp4,Brian.JPG,Brian,49.0,videoFrameBrian.png,0.0,0.0,0.0,3.0,,,,,0.0,13.0,13.0,4.0,,,Dylan,"['lshift', 'd', 'y', 'l', 'a', 'n']",0.0,"[1.200751903001219, 1.3520630140119465, 1.6020235710020643, 1.7856011080002645, 1.8853149140049936, 2.0189855440112296]",4.0,27,1,2019_Oct_02_0959,FaceNameControl_Picture&Audio,3.0.4,60.00896522
6,FacesBlock4.xlsx,Brianna.mp4,Brianna.JPG,Brianna,50.0,videoFrameBrianna.png,0.0,0.0,0.0,3.0,0.0,5.0,5.0,5.0,,,,,2.0,0.935972969,,,,,,27,1,2019_Oct_02_0959,FaceNameControl_Picture&Audio,3.0.4,60.00896522
26,FacesBlock4.xlsx,Brianna.mp4,Brianna.JPG,Brianna,50.0,videoFrameBrianna.png,0.0,0.0,0.0,3.0,,,,,0.0,10.0,10.0,5.0,,,,None,0.0,,1.0,27,1,2019_Oct_02_0959,FaceNameControl_Picture&Audio,3.0.4,60.00896522
89,FacesBlock2.xlsx,Brittany.mp4,Brittany.JPG,Brittany,17.0,videoFrameBrittany.png,0.0,2.0,2.0,1.0,,,,,0.0,13.0,13.0,2.0,,,Haley,"['lshift', 'h', 'a', 'l', 'e', 'y']",0.0,"[2.9834828530001687, 3.1679596790054347, 3.501217680008267, 3.601017684006365, 3.7658030110032996, 3.884510511008557]",2.0,27,1,2019_Oct_02_0959,FaceNameControl_Picture&Audio,3.0.4,60.00896522
70,FacesBlock2.xlsx,Brittany.mp4,Brittany.JPG,Brittany,17.0,videoFrameBrittany.png,0.0,2.0,2.0,1.0,0.0,9.0,9.0,2.0,,,,,2.0,1.20238876,,,,,,27,1,2019_Oct_02_0959,FaceNameControl_Picture&Audio,3.0.4,60.00896522
23,FacesBlock4.xlsx,Caleb.mp4,Caleb.JPG,Caleb,51.0,videoFrameCaleb.png,0.0,0.0,0.0,3.0,,,,,0.0,7.0,7.0,6.0,,,Brandon,"['lshift', 'b', 'r', 'a', 'n', 'd', 'o', 'm', 'backspace', 'n']",0.0,"[2.199873022007523, 2.3683353400119813, 2.801235279010143, 2.934493499007658, 3.068057893004152, 3.21830052700534, 3.5846268130117096, 3.8827986500109546, 4.250240134002524, 4.901053254012368]",2.0,27,1,2019_Oct_02_0959,FaceNameControl_Picture&Audio,3.0.4,60.00896522
7,FacesBlock4.xlsx,Caleb.mp4,Caleb.JPG,Caleb,51.0,videoFrameCaleb.png,0.0,0.0,0.0,3.0,0.0,6.0,6.0,6.0,,,,,1.0,0.586665354,,,,,,27,1,2019_Oct_02_0959,FaceNameControl_Picture&Audio,3.0.4,60.00896522
68,FacesBlock2.xlsx,Cody.mp4,Cody.JPG,Cody,18.0,videoFrameCody.png,0.0,2.0,2.0,1.0,0.0,7.0,7.0,3.0,,,,,1.0,1.335063071,,,,,,27,1,2019_Oct_02_0959,FaceNameControl_Picture&Audio,3.0.4,60.00896522
77,FacesBlock2.xlsx,Cody.mp4,Cody.JPG,Cody,18.0,videoFrameCody.png,0.0,2.0,2.0,1.0,,,,,0.0,1.0,1.0,3.0,,,Cody,"['lshift', 'c', 'o', 'd', 'y']",1.0,"[2.966940350001096, 3.13536234300409, 3.3830547420075163, 3.4850216600025306, 3.667905410999083]",2.0,27,1,2019_Oct_02_0959,FaceNameControl_Picture&Audio,3.0.4,60.00896522
115,FacesBlock3.xlsx,Courtney.mp4,Courtney.JPG,Courtney,30.0,videoFrameCourtney.png,0.0,3.0,3.0,2.0,,,,,0.0,9.0,9.0,0.0,,,Courtney,"['lshift', 'c', 'o', 'u', 'r', 't', 'n', 'e', 'y']",1.0,"[0.6502054419979686, 0.9514787179941777, 1.2181188049871707, 1.2849834589869715, 1.4514935999904992, 1.6672369949956192, 2.301612833995023, 3.2173453389987117, 3.4673309969948605]",4.0,27,1,2019_Oct_02_0959,FaceNameControl_Picture&Audio,3.0.4,60.00896522
95,FacesBlock3.xlsx,Courtney.mp4,Courtney.JPG,Courtney,30.0,videoFrameCourtney.png,0.0,3.0,3.0,2.0,0.0,4.0,4.0,0.0,,,,,2.0,7.450765187999999,,,,,,27,1,2019_Oct_02_0959,FaceNameControl_Picture&Audio,3.0.4,60.00896522
107,FacesBlock3.xlsx,Daniel.mp4,Daniel.JPG,Daniel,31.0,videoFrameDaniel.png,0.0,3.0,3.0,2.0,,,,,0.0,1.0,1.0,1.0,,,Daniel,"['lshift', 'd', 'a', 'n', 'i', 'e', 'l']",1.0,"[1.7495773310074583, 2.0512101100030122, 2.31727843900444, 2.401425307005411, 2.8681328749953536, 2.9513567960093496, 3.0674193980084965]",4.0,27,1,2019_Oct_02_0959,FaceNameControl_Picture&Audio,3.0.4,60.00896522
99,FacesBlock3.xlsx,Daniel.mp4,Daniel.JPG,Daniel,31.0,videoFrameDaniel.png,0.0,3.0,3.0,2.0,0.0,8.0,8.0,1.0,,,,,1.0,3.735121238,,,,,,27,1,2019_Oct_02_0959,FaceNameControl_Picture&Audio,3.0.4,60.00896522
50,FacesBlock1.xlsx,Danielle.mp4,Danielle.JPG,Danielle,3.0,videoFrameDanielle.png,0.0,1.0,1.0,0.0,,,,,0.0,4.0,4.0,3.0,,,Danielle,"['lshift', 'a', 'backspace', 'lshift', 'd', 'a', 'n', 'i', 'l', 'backspace', 'e', 'l', 'l', 'e']",1.0,"[0.6677099320077104, 0.8853724179934943, 1.6842833840055391, 3.1665771870029857, 3.317980941996211, 3.6176518620050047, 3.6846126260061283, 3.851198574004229, 4.067745306994766, 4.3668872349953745, 4.50094734999584, 4.633785476005869, 4.750747710000724, 4.967194843004108]",4.0,27,1,2019_Oct_02_0959,FaceNameControl_Picture&Audio,3.0.4,60.00896522
33,FacesBlock1.xlsx,Danielle.mp4,Danielle.JPG,Danielle,3.0,videoFrameDanielle.png,0.0,1.0,1.0,0.0,0.0,2.0,2.0,3.0,,,,,2.0,0.652952648,,,,,,27,1,2019_Oct_02_0959,FaceNameControl_Picture&Audio,3.0.4,60.00896522
69,FacesBlock2.xlsx,David.mp4,David.JPG,David,19.0,videoFrameDavid.png,0.0,2.0,2.0,1.0,0.0,8.0,8.0,4.0,,,,,1.0,0.919403813,,,,,,27,1,2019_Oct_02_0959,FaceNameControl_Picture&Audio,3.0.4,60.00896522
88,FacesBlock2.xlsx,David.mp4,David.JPG,David,19.0,videoFrameDavid.png,0.0,2.0,2.0,1.0,,,,,0.0,12.0,12.0,4.0,,,,None,0.0,,1.0,27,1,2019_Oct_02_0959,FaceNameControl_Picture&Audio,3.0.4,60.00896522
15,FacesBlock4.xlsx,Dylan.mp4,Dylan.JPG,Dylan,52.0,videoFrameDylan.png,0.0,0.0,0.0,3.0,0.0,14.0,14.0,7.0,,,,,1.0,0.536211169,,,,,,27,1,2019_Oct_02_0959,FaceNameControl_Picture&Audio,3.0.4,60.00896522
18,FacesBlock4.xlsx,Dylan.mp4,Dylan.JPG,Dylan,52.0,videoFrameDylan.png,0.0,0.0,0.0,3.0,,,,,0.0,2.0,2.0,7.0,,,,['lshift'],0.0,[1.6504703060054453],1.0,27,1,2019_Oct_02_0959,FaceNameControl_Picture&Audio,3.0.4,60.00896522
22,FacesBlock4.xlsx,Emily.mp4,Emily.JPG,Emily,53.0,videoFrameEmily.png,0.0,0.0,0.0,3.0,,,,,0.0,6.0,6.0,8.0,,,Chelsea,"['lshift', 'lshift', 'c', 'h', 'e', 'l', 's', 'e', 'a']",0.0,"[1.5496442739968188, 4.016154301003553, 6.250147526996443, 6.94776956399437, 7.065648805000819, 7.299607253997237, 7.816040580000845, 7.982659064000472, 8.132880969991675]",1.0,27,1,2019_Oct_02_0959,FaceNameControl_Picture&Audio,3.0.4,60.00896522
4,FacesBlock4.xlsx,Emily.mp4,Emily.JPG,Emily,53.0,videoFrameEmily.png,0.0,0.0,0.0,3.0,0.0,3.0,3.0,8.0,,,,,2.0,0.8864365,,,,,,27,1,2019_Oct_02_0959,FaceNameControl_Picture&Audio,3.0.4,60.00896522
57,FacesBlock1.xlsx,Eric.mp4,Eric.JPG,Eric,4.0,videoFrameEric.png,0.0,1.0,1.0,0.0,,,,,0.0,11.0,11.0,4.0,,,,None,0.0,,1.0,27,1,2019_Oct_02_0959,FaceNameControl_Picture&Audio,3.0.4,60.00896522
34,FacesBlock1.xlsx,Eric.mp4,Eric.JPG,Eric,4.0,videoFrameEric.png,0.0,1.0,1.0,0.0,0.0,3.0,3.0,4.0,,,,,1.0,0.985756422,,,,,,27,1,2019_Oct_02_0959,FaceNameControl_Picture&Audio,3.0.4,60.00896522
43,FacesBlock1.xlsx,Ethan.mp4,Ethan.JPG,Ethan,5.0,videoFrameEthan.png,0.0,1.0,1.0,0.0,0.0,12.0,12.0,5.0,,,,,1.0,0.753492858,,,,,,27,1,2019_Oct_02_0959,FaceNameControl_Picture&Audio,3.0.4,60.00896522
48,FacesBlock1.xlsx,Ethan.mp4,Ethan.JPG,Ethan,5.0,videoFrameEthan.png,0.0,1.0,1.0,0.0,,,,,0.0,2.0,2.0,5.0,,,Ethan,"['lshift', 'e', 't', 'a', 'backspace', 'h', 'a', 'n']",1.0,"[1.0342163569875993, 1.2689781159861013, 1.5516717599966796, 1.751955307991011, 2.1343135479983175, 2.518930421996629, 2.634811024996452, 2.784981742996024]",4.0,27,1,2019_Oct_02_0959,FaceNameControl_Picture&Audio,3.0.4,60.00896522
9,FacesBlock4.xlsx,Grace.mp4,Grace.JPG,Grace,54.0,videoFrameGrace.png,0.0,0.0,0.0,3.0,0.0,8.0,8.0,9.0,,,,,2.0,0.269770663,,,,,,27,1,2019_Oct_02_0959,FaceNameControl_Picture&Audio,3.0.4,60.00896522
30,FacesBlock4.xlsx,Grace.mp4,Grace.JPG,Grace,54.0,videoFrameGrace.png,0.0,0.0,0.0,3.0,,,,,0.0,14.0,14.0,9.0,,,Grace,"['lshift', 'g', 'r', 'a', 'c', 'e']",1.0,"[0.9671695629949681, 1.2690970769908745, 1.618534492998151, 1.75177410300239, 2.1356768219993683, 2.552005598001415]",4.0,27,1,2019_Oct_02_0959,FaceNameControl_Picture&Audio,3.0.4,60.00896522
76,FacesBlock2.xlsx,Haley.mp4,Haley.JPG,Haley,20.0,videoFrameHaley.png,0.0,2.0,2.0,1.0,,,,,0.0,0.0,0.0,5.0,,,Megan,"['lshift', 'm', 'e', 'g', 'a', 'n']",0.0,"[3.283068204007577, 3.43460886599496, 3.7506341120024445, 3.950590380001813, 4.084211813998991, 4.151202239008853]",3.0,27,1,2019_Oct_02_0959,FaceNameControl_Picture&Audio,3.0.4,60.00896522
65,FacesBlock2.xlsx,Haley.mp4,Haley.JPG,Haley,20.0,videoFrameHaley.png,0.0,2.0,2.0,1.0,0.0,4.0,4.0,5.0,,,,,2.0,0.6838298840000001,,,,,,27,1,2019_Oct_02_0959,FaceNameControl_Picture&Audio,3.0.4,60.00896522
44,FacesBlock1.xlsx,Hannah.mp4,Hannah.JPG,Hannah,6.0,videoFrameHannah.png,0.0,1.0,1.0,0.0,0.0,13.0,13.0,6.0,,,,,2.0,0.552803495,,,,,,27,1,2019_Oct_02_0959,FaceNameControl_Picture&Audio,3.0.4,60.00896522
59,FacesBlock1.xlsx,Hannah.mp4,Hannah.JPG,Hannah,6.0,videoFrameHannah.png,0.0,1.0,1.0,0.0,,,,,0.0,13.0,13.0,6.0,,,Hannah,"['lshift', 'h', 'a', 'n', 'n', 'a', 'h']",1.0,"[0.8336113940022187, 0.9690097440034151, 1.3522139200067613, 1.4184903900022618, 1.5524973600113299, 1.6523293990030652, 1.7530112780077616]",4.0,27,1,2019_Oct_02_0959,FaceNameControl_Picture&Audio,3.0.4,60.00896522
79,FacesBlock2.xlsx,Heather.mp4,Heather.JPG,Heather,21.0,videoFrameHeather.png,0.0,2.0,2.0,1.0,,,,,0.0,3.0,3.0,6.0,,,Heather,"['lshift', 'h', 'e', 'a', 't', 'h', 'e', 'r']",1.0,"[1.1336250729946187, 1.301608515001135, 1.5676912069902755, 1.7680482709984062, 1.8514316009968752, 1.9177433900040342, 2.0348051890032366, 2.11781288999191]",4.0,27,1,2019_Oct_02_0959,FaceNameControl_Picture&Audio,3.0.4,60.00896522
72,FacesBlock2.xlsx,Heather.mp4,Heather.JPG,Heather,21.0,videoFrameHeather.png,0.0,2.0,2.0,1.0,0.0,11.0,11.0,6.0,,,,,2.0,0.8360821740000001,,,,,,27,1,2019_Oct_02_0959,FaceNameControl_Picture&Audio,3.0.4,60.00896522
94,FacesBlock3.xlsx,Jacob.mp4,Jacob.JPG,Jacob,32.0,videoFrameJacob.png,0.0,3.0,3.0,2.0,0.0,3.0,3.0,2.0,,,,,1.0,4.78502809,,,,,,27,1,2019_Oct_02_0959,FaceNameControl_Picture&Audio,3.0.4,60.00896522
117,FacesBlock3.xlsx,Jacob.mp4,Jacob.JPG,Jacob,32.0,videoFrameJacob.png,0.0,3.0,3.0,2.0,,,,,0.0,11.0,11.0,2.0,,,Jacob,"['lshift', 'lshift', 'j', 'a', 'c', 'o', 'n', 'backspace', 'b']",1.0,"[0.7669349109928589, 2.216452804990695, 2.351174725990859, 2.5344215109944344, 3.0009164679941023, 3.1334303389885463, 3.3000292779906886, 4.182994222996058, 4.749612806990626]",4.0,27,1,2019_Oct_02_0959,FaceNameControl_Picture&Audio,3.0.4,60.00896522
13,FacesBlock4.xlsx,Jason.mp4,Jason.JPG,Jason,55.0,videoFrameJason.png,0.0,0.0,0.0,3.0,0.0,12.0,12.0,10.0,,,,,1.0,0.452038737,,,,,,27,1,2019_Oct_02_0959,FaceNameControl_Picture&Audio,3.0.4,60.00896522
27,FacesBlock4.xlsx,Jason.mp4,Jason.JPG,Jason,55.0,videoFrameJason.png,0.0,0.0,0.0,3.0,,,,,0.0,11.0,11.0,10.0,,,Dylan,"['lshift', 'd', 'y', 'l', 'a', 'n']",0.0,"[1.5672625110018998, 2.434337835002225, 2.901643335004337, 3.050903784998809, 3.2181000330019742, 3.317179468998802]",2.0,27,1,2019_Oct_02_0959,FaceNameControl_Picture&Audio,3.0.4,60.00896522
36,FacesBlock1.xlsx,Jenna.mp4,Jenna.JPG,Jenna,7.0,videoFrameJenna.png,0.0,1.0,1.0,0.0,0.0,5.0,5.0,7.0,,,,,2.0,1.219195094,,,,,,27,1,2019_Oct_02_0959,FaceNameControl_Picture&Audio,3.0.4,60.00896522
58,FacesBlock1.xlsx,Jenna.mp4,Jenna.JPG,Jenna,7.0,videoFrameJenna.png,0.0,1.0,1.0,0.0,,,,,0.0,12.0,12.0,7.0,,,Jenna,"['lshift', 'j', 'e', 'n', 'n', 'a']",1.0,"[0.9169898249965627, 2.751109645003453, 3.301254916994367, 3.6676481039903592, 3.8509826700028498, 4.033641012996668]",3.0,27,1,2019_Oct_02_0959,FaceNameControl_Picture&Audio,3.0.4,60.00896522
82,FacesBlock2.xlsx,Jeremy.mp4,Jeremy.JPG,Jeremy,22.0,videoFrameJeremy.png,0.0,2.0,2.0,1.0,,,,,0.0,6.0,6.0,7.0,,,Justin,"['lshift', 'j', 'u', 's', 't', 'i', 'n']",0.0,"[1.4674959700059844, 1.6187112070037983, 2.118602025002474, 2.466478507994907, 2.6516008360049454, 2.81841661100043, 2.9345816840068437]",4.0,27,1,2019_Oct_02_0959,FaceNameControl_Picture&Audio,3.0.4,60.00896522
73,FacesBlock2.xlsx,Jeremy.mp4,Jeremy.JPG,Jeremy,22.0,videoFrameJeremy.png,0.0,2.0,2.0,1.0,0.0,12.0,12.0,7.0,,,,,1.0,1.635785483,,,,,,27,1,2019_Oct_02_0959,FaceNameControl_Picture&Audio,3.0.4,60.00896522
55,FacesBlock1.xlsx,Jessica.mp4,Jessica.JPG,Jessica,8.0,videoFrameJessica.png,0.0,1.0,1.0,0.0,,,,,0.0,9.0,9.0,8.0,,,,None,0.0,,1.0,27,1,2019_Oct_02_0959,FaceNameControl_Picture&Audio,3.0.4,60.00896522
45,FacesBlock1.xlsx,Jessica.mp4,Jessica.JPG,Jessica,8.0,videoFrameJessica.png,0.0,1.0,1.0,0.0,0.0,14.0,14.0,8.0,,,,,2.0,1.4527563119999998,,,,,,27,1,2019_Oct_02_0959,FaceNameControl_Picture&Audio,3.0.4,60.00896522
84,FacesBlock2.xlsx,Josh.mp4,Josh.JPG,Josh,23.0,videoFrameJosh.png,0.0,2.0,2.0,1.0,,,,,0.0,8.0,8.0,8.0,,,Josh,"['lshift', 'j', 'o', 's', 'h']",0.0,"[0.7673407069960376, 0.8685511750081787, 1.0518547120009316, 1.2011766210052883, 1.2678426659986144]",4.0,27,1,2019_Oct_02_0959,FaceNameControl_Picture&Audio,3.0.4,60.00896522
63,FacesBlock2.xlsx,Josh.mp4,Josh.JPG,Josh,23.0,videoFrameJosh.png,0.0,2.0,2.0,1.0,0.0,2.0,2.0,8.0,,,,,1.0,0.918893526,,,,,,27,1,2019_Oct_02_0959,FaceNameControl_Picture&Audio,3.0.4,60.00896522
53,FacesBlock1.xlsx,Julia.mp4,Julia.JPG,Julia,9.0,videoFrameJulia.png,0.0,1.0,1.0,0.0,,,,,0.0,7.0,7.0,9.0,,,Jenna,"['lshift', 'lshift', 'lshift', 'j', 'e', 'n', 'n', 'a', 'backspace', 'backspace', 'backspace', 'n', 'n', 'a']",0.0,"[0.6844726209965302, 0.8846952599997167, 4.449975812996854, 4.701664748994517, 5.1157947149913525, 5.23445047000132, 5.351071523997234, 5.467733796001994, 5.999903599004028, 6.166690611993545, 6.3156996149919, 7.033821388991782, 7.350379138995777, 7.517096789000789]",2.0,27,1,2019_Oct_02_0959,FaceNameControl_Picture&Audio,3.0.4,60.00896522
38,FacesBlock1.xlsx,Julia.mp4,Julia.JPG,Julia,9.0,videoFrameJulia.png,0.0,1.0,1.0,0.0,0.0,7.0,7.0,9.0,,,,,2.0,0.768587989,,,,,,27,1,2019_Oct_02_0959,FaceNameControl_Picture&Audio,3.0.4,60.00896522
83,FacesBlock2.xlsx,Justin.mp4,Justin.JPG,Justin,24.0,videoFrameJustin.png,0.0,2.0,2.0,1.0,,,,,0.0,7.0,7.0,9.0,,,Nick,"['lshift', 'n', 'i', 'c', 'k']",0.0,"[6.648441331999493, 6.78374681501009, 7.066663586010691, 7.217038446004153, 7.332939861007617]",1.0,27,1,2019_Oct_02_0959,FaceNameControl_Picture&Audio,3.0.4,60.00896522
67,FacesBlock2.xlsx,Justin.mp4,Justin.JPG,Justin,24.0,videoFrameJustin.png,0.0,2.0,2.0,1.0,0.0,6.0,6.0,9.0,,,,,1.0,1.069551651,,,,,,27,1,2019_Oct_02_0959,FaceNameControl_Picture&Audio,3.0.4,60.00896522
3,FacesBlock4.xlsx,Katie.mp4,Katie.JPG,Katie,56.0,videoFrameKatie.png,0.0,0.0,0.0,3.0,0.0,2.0,2.0,11.0,,,,,2.0,0.053628076,,,,,,27,1,2019_Oct_02_0959,FaceNameControl_Picture&Audio,3.0.4,60.00896522
16,FacesBlock4.xlsx,Katie.mp4,Katie.JPG,Katie,56.0,videoFrameKatie.png,0.0,0.0,0.0,3.0,,,,,0.0,0.0,0.0,11.0,,,Brianna,"['lshift', 'b', 'r', 'i', 'a', 'n', 'n', 'a', 'return', 'space']",0.0,"[1.9834613369894214, 2.201170379994437, 2.9174453819869086, 3.001182168998639, 3.1510176379961194, 3.2675065049988916, 3.4000249189994065, 3.484005836988217, 5.3994853619951755, 6.816519255997264]",3.0,27,1,2019_Oct_02_0959,FaceNameControl_Picture&Audio,3.0.4,60.00896522
110,FacesBlock3.xlsx,Kayla.mp4,Kayla.JPG,Kayla,33.0,videoFrameKayla.png,0.0,3.0,3.0,2.0,,,,,0.0,4.0,4.0,3.0,,,Kayla,"['lshift', 'k', 'a', 'y', 'l', 'a']",1.0,"[0.8169402999919839, 0.9184820509981364, 1.135219978998066, 1.851849966988084, 1.9849918439867906, 2.067886462988099]",4.0,27,1,2019_Oct_02_0959,FaceNameControl_Picture&Audio,3.0.4,60.00896522
92,FacesBlock3.xlsx,Kayla.mp4,Kayla.JPG,Kayla,33.0,videoFrameKayla.png,0.0,3.0,3.0,2.0,0.0,1.0,1.0,3.0,,,,,2.0,6.550175053999999,,,,,,27,1,2019_Oct_02_0959,FaceNameControl_Picture&Audio,3.0.4,60.00896522
47,FacesBlock1.xlsx,Kelsey.mp4,Kelsey.JPG,Kelsey,10.0,videoFrameKelsey.png,0.0,1.0,1.0,0.0,,,,,0.0,1.0,1.0,10.0,,,Kelsey,"['lshift', 'k', 'e', 'l', 's', 'e', 'y']",1.0,"[0.8513293309952132, 0.9853261050011497, 1.2361559260025388, 1.3526483699970413, 1.4859873770037666, 1.8526647240068996, 2.051723331998801]",4.0,27,1,2019_Oct_02_0959,FaceNameControl_Picture&Audio,3.0.4,60.00896522
35,FacesBlock1.xlsx,Kelsey.mp4,Kelsey.JPG,Kelsey,10.0,videoFrameKelsey.png,0.0,1.0,1.0,0.0,0.0,4.0,4.0,10.0,,,,,2.0,1.6525020330000002,,,,,,27,1,2019_Oct_02_0959,FaceNameControl_Picture&Audio,3.0.4,60.00896522
102,FacesBlock3.xlsx,Kevin.mp4,Kevin.JPG,Kevin,34.0,videoFrameKevin.png,0.0,3.0,3.0,2.0,0.0,11.0,11.0,4.0,,,,,1.0,5.134761704,,,,,,27,1,2019_Oct_02_0959,FaceNameControl_Picture&Audio,3.0.4,60.00896522
114,FacesBlock3.xlsx,Kevin.mp4,Kevin.JPG,Kevin,34.0,videoFrameKevin.png,0.0,3.0,3.0,2.0,,,,,0.0,8.0,8.0,4.0,,,Kevin,"['lshift', 'k', 'e', 'v', 'i', 'n']",1.0,"[0.9173164399981033, 1.1687572169903433, 1.4519117599993479, 1.7178202649956802, 1.8011131569946883, 1.9013446969911456]",4.0,27,1,2019_Oct_02_0959,FaceNameControl_Picture&Audio,3.0.4,60.00896522
51,FacesBlock1.xlsx,Kyle.mp4,Kyle.JPG,Kyle,11.0,videoFrameKyle.png,0.0,1.0,1.0,0.0,,,,,0.0,5.0,5.0,11.0,,,,"['lshift', 'k', 'backspace', 'lshift', 'c', 'backspace']",0.0,"[5.099275343993213, 5.784088587999577, 6.915668679997907, 9.131410203990526, 9.415396708995104, 9.8652294909989]",1.0,27,1,2019_Oct_02_0959,FaceNameControl_Picture&Audio,3.0.4,60.00896522
42,FacesBlock1.xlsx,Kyle.mp4,Kyle.JPG,Kyle,11.0,videoFrameKyle.png,0.0,1.0,1.0,0.0,0.0,11.0,11.0,11.0,,,,,1.0,1.119028155,,,,,,27,1,2019_Oct_02_0959,FaceNameControl_Picture&Audio,3.0.4,60.00896522
118,FacesBlock3.xlsx,Lauren.mp4,Lauren.JPG,Lauren,35.0,videoFrameLauren.png,0.0,3.0,3.0,2.0,,,,,0.0,12.0,12.0,5.0,,,,None,0.0,,1.0,27,1,2019_Oct_02_0959,FaceNameControl_Picture&Audio,3.0.4,60.00896522
96,FacesBlock3.xlsx,Lauren.mp4,Lauren.JPG,Lauren,35.0,videoFrameLauren.png,0.0,3.0,3.0,2.0,0.0,5.0,5.0,5.0,,,,,2.0,6.917102498999999,,,,,,27,1,2019_Oct_02_0959,FaceNameControl_Picture&Audio,3.0.4,60.00896522
105,FacesBlock3.xlsx,Mark.mp4,Mark.JPG,Mark,36.0,videoFrameMark.png,0.0,3.0,3.0,2.0,0.0,14.0,14.0,6.0,,,,,1.0,4.918209409,,,,,,27,1,2019_Oct_02_0959,FaceNameControl_Picture&Audio,3.0.4,60.00896522
120,FacesBlock3.xlsx,Mark.mp4,Mark.JPG,Mark,36.0,videoFrameMark.png,0.0,3.0,3.0,2.0,,,,,0.0,14.0,14.0,6.0,,,Mark,"['lshift', 'm', 'a', 'r', 'k']",1.0,"[0.8679278600029647, 1.8522632530075498, 2.15203546200064, 2.268611196006532, 2.3517660930083366]",4.0,27,1,2019_Oct_02_0959,FaceNameControl_Picture&Audio,3.0.4,60.00896522
46,FacesBlock1.xlsx,Matthew.mp4,Matthew.JPG,Matthew,12.0,videoFrameMatthew.png,0.0,1.0,1.0,0.0,,,,,0.0,0.0,0.0,12.0,,,Braden,"['lshift', 'lshift', 'b', 'r', 'a', 'd', 'e', 'n']",0.0,"[2.6665299979940755, 7.6984348190017045, 7.86600460599584, 8.13216043599823, 9.08244845000445, 9.21569948499382, 9.465643545991043, 9.549180848000105]",2.0,27,1,2019_Oct_02_0959,FaceNameControl_Picture&Audio,3.0.4,60.00896522
37,FacesBlock1.xlsx,Matthew.mp4,Matthew.JPG,Matthew,12.0,videoFrameMatthew.png,0.0,1.0,1.0,0.0,0.0,6.0,6.0,12.0,,,,,1.0,0.953399325,,,,,,27,1,2019_Oct_02_0959,FaceNameControl_Picture&Audio,3.0.4,60.00896522
61,FacesBlock2.xlsx,Megan.mp4,Megan.JPG,Megan,25.0,videoFrameMegan.png,0.0,2.0,2.0,1.0,0.0,0.0,0.0,10.0,,,,,2.0,1.985516089,,,,,,27,1,2019_Oct_02_0959,FaceNameControl_Picture&Audio,3.0.4,60.00896522
90,FacesBlock2.xlsx,Megan.mp4,Megan.JPG,Megan,25.0,videoFrameMegan.png,0.0,2.0,2.0,1.0,,,,,0.0,14.0,14.0,10.0,,,,['space'],0.0,[4.818118023991701],1.0,27,1,2019_Oct_02_0959,FaceNameControl_Picture&Audio,3.0.4,60.00896522
14,FacesBlock4.xlsx,Michael.mp4,Michael.JPG,Michael,57.0,videoFrameMichael.png,0.0,0.0,0.0,3.0,0.0,13.0,13.0,12.0,,,,,1.0,0.402452717,,,,,,27,1,2019_Oct_02_0959,FaceNameControl_Picture&Audio,3.0.4,60.00896522
20,FacesBlock4.xlsx,Michael.mp4,Michael.JPG,Michael,57.0,videoFrameMichael.png,0.0,0.0,0.0,3.0,,,,,0.0,4.0,4.0,12.0,,,Matt,"['lshift', 'd', 'y', 'l', 'a', 'n', 'backspace', 'backspace', 'backspace', 'backspace', 'backspace', 'lshift', 'm', 'a', 't', 't']",0.0,"[1.6176209960103733, 2.6851977100013755, 3.2682840040070005, 3.4349449040018953, 3.6009072300075786, 3.7509719579975354, 6.749899950998952, 6.932988829998067, 7.065157546996488, 7.166146514005959, 7.299744047006243, 7.798799637006596, 7.933466476009926, 8.166702397997142, 8.416488250004477, 8.599855658001616]",2.0,27,1,2019_Oct_02_0959,FaceNameControl_Picture&Audio,3.0.4,60.00896522
5,FacesBlock4.xlsx,Michelle.mp4,Michelle.JPG,Michelle,58.0,videoFrameMichelle.png,0.0,0.0,0.0,3.0,0.0,4.0,4.0,13.0,,,,,2.0,0.66920876,,,,,,27,1,2019_Oct_02_0959,FaceNameControl_Picture&Audio,3.0.4,60.00896522
19,FacesBlock4.xlsx,Michelle.mp4,Michelle.JPG,Michelle,58.0,videoFrameMichelle.png,0.0,0.0,0.0,3.0,,,,,0.0,3.0,3.0,13.0,,,,['lshift'],0.0,[4.58370474500407],1.0,27,1,2019_Oct_02_0959,FaceNameControl_Picture&Audio,3.0.4,60.00896522
39,FacesBlock1.xlsx,Natalie.mp4,Natalie.JPG,Natalie,13.0,videoFrameNatalie.png,0.0,1.0,1.0,0.0,0.0,8.0,8.0,13.0,,,,,2.0,0.7034435459999999,,,,,,27,1,2019_Oct_02_0959,FaceNameControl_Picture&Audio,3.0.4,60.00896522
54,FacesBlock1.xlsx,Natalie.mp4,Natalie.JPG,Natalie,13.0,videoFrameNatalie.png,0.0,1.0,1.0,0.0,,,,,0.0,8.0,8.0,13.0,,,Natalie,"['lshift', 'n', 'a', 't', 'a', 'l', 'i', 'e']",1.0,"[1.8335423210082809, 2.035052627004916, 2.318510694996803, 2.518538427000749, 2.6334798070020042, 2.8348577319993638, 2.9510292619961547, 3.1173767910077004]",3.0,27,1,2019_Oct_02_0959,FaceNameControl_Picture&Audio,3.0.4,60.00896522
108,FacesBlock3.xlsx,Nathan.mp4,Nathan.JPG,Nathan,37.0,videoFrameNathan.png,0.0,3.0,3.0,2.0,,,,,0.0,2.0,2.0,7.0,,,Nathan,"['lshift', 'n', 'a', 't', 'h', 'a', 'n']",1.0,"[0.800218820993905, 0.9852249229879817, 1.2344619689974934, 1.385228361992631, 1.485411481000483, 1.6183201859967085, 1.7014489430002868]",4.0,27,1,2019_Oct_02_0959,FaceNameControl_Picture&Audio,3.0.4,60.00896522
103,FacesBlock3.xlsx,Nathan.mp4,Nathan.JPG,Nathan,37.0,videoFrameNathan.png,0.0,3.0,3.0,2.0,0.0,12.0,12.0,7.0,,,,,1.0,3.41800735,,,,,,27,1,2019_Oct_02_0959,FaceNameControl_Picture&Audio,3.0.4,60.00896522
116,FacesBlock3.xlsx,Nicole.mp4,Nicole.JPG,Nicole,38.0,videoFrameNicole.png,0.0,3.0,3.0,2.0,,,,,0.0,10.0,10.0,8.0,,,Nicole,"['lshift', 'n', 'i', 'c', 'o', 'l', 'e']",1.0,"[0.8007860579964472, 0.9021329149982193, 1.134893741007545, 1.2190230859996518, 1.4187002959952224, 1.5687904350052122, 1.668812424002681]",4.0,27,1,2019_Oct_02_0959,FaceNameControl_Picture&Audio,3.0.4,60.00896522
93,FacesBlock3.xlsx,Nicole.mp4,Nicole.JPG,Nicole,38.0,videoFrameNicole.png,0.0,3.0,3.0,2.0,0.0,2.0,2.0,8.0,,,,,2.0,4.568074631,,,,,,27,1,2019_Oct_02_0959,FaceNameControl_Picture&Audio,3.0.4,60.00896522
113,FacesBlock3.xlsx,Noah.mp4,Noah.JPG,Noah,39.0,videoFrameNoah.png,0.0,3.0,3.0,2.0,,,,,0.0,7.0,7.0,9.0,,,Noah,"['lshift', 'n', 'o', 'a', 'h']",1.0,"[1.016978685001959, 1.201997622003546, 1.4850798670086078, 1.6014067829964915, 1.7018255000002682]",4.0,27,1,2019_Oct_02_0959,FaceNameControl_Picture&Audio,3.0.4,60.00896522
104,FacesBlock3.xlsx,Noah.mp4,Noah.JPG,Noah,39.0,videoFrameNoah.png,0.0,3.0,3.0,2.0,0.0,13.0,13.0,9.0,,,,,1.0,3.549173,,,,,,27,1,2019_Oct_02_0959,FaceNameControl_Picture&Audio,3.0.4,60.00896522
109,FacesBlock3.xlsx,Olivia.mp4,Olivia.JPG,Olivia,40.0,videoFrameOlivia.png,0.0,3.0,3.0,2.0,,,,,0.0,3.0,3.0,10.0,,,Olivia,"['lshift', 'o', 'l', 'i', 'b', 'i', 'backspace', 'backspace', 'v', 'i', 'a']",1.0,"[0.7507245760061778, 0.8852119389921427, 1.101668304996565, 1.201626951005892, 1.3681339879985899, 1.434829271005583, 1.883488623003359, 2.0672493419988314, 2.2679875470057596, 2.3681699430017034, 2.56562658000621]",4.0,27,1,2019_Oct_02_0959,FaceNameControl_Picture&Audio,3.0.4,60.00896522
97,FacesBlock3.xlsx,Olivia.mp4,Olivia.JPG,Olivia,40.0,videoFrameOlivia.png,0.0,3.0,3.0,2.0,0.0,6.0,6.0,10.0,,,,,2.0,4.867389898,,,,,,27,1,2019_Oct_02_0959,FaceNameControl_Picture&Audio,3.0.4,60.00896522
66,FacesBlock2.xlsx,Rachel.mp4,Rachel.JPG,Rachel,26.0,videoFrameRachel.png,0.0,2.0,2.0,1.0,0.0,5.0,5.0,11.0,,,,,2.0,1.802578365,,,,,,27,1,2019_Oct_02_0959,FaceNameControl_Picture&Audio,3.0.4,60.00896522
87,FacesBlock2.xlsx,Rachel.mp4,Rachel.JPG,Rachel,26.0,videoFrameRachel.png,0.0,2.0,2.0,1.0,,,,,0.0,11.0,11.0,11.0,,,,['lshift'],0.0,[6.531569765007589],1.0,27,1,2019_Oct_02_0959,FaceNameControl_Picture&Audio,3.0.4,60.00896522
106,FacesBlock3.xlsx,Rebecca.mp4,Rebecca.JPG,Rebecca,41.0,videoFrameRebecca.png,0.0,3.0,3.0,2.0,,,,,0.0,0.0,0.0,11.0,,,,['lshift'],0.0,[1.2171107309986837],2.0,27,1,2019_Oct_02_0959,FaceNameControl_Picture&Audio,3.0.4,60.00896522
101,FacesBlock3.xlsx,Rebecca.mp4,Rebecca.JPG,Rebecca,41.0,videoFrameRebecca.png,0.0,3.0,3.0,2.0,0.0,10.0,10.0,11.0,,,,,2.0,3.951393677,,,,,,27,1,2019_Oct_02_0959,FaceNameControl_Picture&Audio,3.0.4,60.00896522
98,FacesBlock3.xlsx,Sarah.mp4,Sarah.JPG,Sarah,42.0,videoFrameSarah.png,0.0,3.0,3.0,2.0,0.0,7.0,7.0,12.0,,,,,2.0,3.252224884,,,,,,27,1,2019_Oct_02_0959,FaceNameControl_Picture&Audio,3.0.4,60.00896522
112,FacesBlock3.xlsx,Sarah.mp4,Sarah.JPG,Sarah,42.0,videoFrameSarah.png,0.0,3.0,3.0,2.0,,,,,0.0,6.0,6.0,12.0,,,Sarah,"['lshift', 's', 'a', 'r', 'a', 'h']",1.0,"[3.115921909993631, 3.534560004991363, 3.8669319479959086, 4.017710856991471, 4.167831444996409, 4.267512998994789]",3.0,27,1,2019_Oct_02_0959,FaceNameControl_Picture&Audio,3.0.4,60.00896522
100,FacesBlock3.xlsx,Shelby.mp4,Shelby.JPG,Shelby,43.0,videoFrameShelby.png,0.0,3.0,3.0,2.0,0.0,9.0,9.0,13.0,,,,,2.0,4.335009186000001,,,,,,27,1,2019_Oct_02_0959,FaceNameControl_Picture&Audio,3.0.4,60.00896522
111,FacesBlock3.xlsx,Shelby.mp4,Shelby.JPG,Shelby,43.0,videoFrameShelby.png,0.0,3.0,3.0,2.0,,,,,0.0,5.0,5.0,13.0,,,Shelby,"['lshift', 's', 'h', 'e', 'l', 'b', 'r', 'backspace', 'y']",1.0,"[1.4003512149938615, 1.5184795139939524, 1.6522135379927931, 1.785193100993638, 1.9180178609967697, 2.168182629990042, 2.434956423996482, 2.9161291519994847, 3.201490826002555]",4.0,27,1,2019_Oct_02_0959,FaceNameControl_Picture&Audio,3.0.4,60.00896522
74,FacesBlock2.xlsx,Steven.mp4,Steven.JPG,Steven,27.0,videoFrameSteven.png,0.0,2.0,2.0,1.0,0.0,13.0,13.0,12.0,,,,,1.0,0.735667504,,,,,,27,1,2019_Oct_02_0959,FaceNameControl_Picture&Audio,3.0.4,60.00896522
80,FacesBlock2.xlsx,Steven.mp4,Steven.JPG,Steven,27.0,videoFrameSteven.png,0.0,2.0,2.0,1.0,,,,,0.0,4.0,4.0,12.0,,,Steven,"['lshift', 's', 't', 'e', 'v', 'e', 'n']",1.0,"[1.8334540319920052, 2.0685131279897178, 2.6012957179918885, 3.1676178759953473, 3.4510769809858175, 3.6009499409992713, 3.7182146409904817]",4.0,27,1,2019_Oct_02_0959,FaceNameControl_Picture&Audio,3.0.4,60.00896522
8,FacesBlock4.xlsx,Taylor.mp4,Taylor.JPG,Taylor,59.0,videoFrameTaylor.png,0.0,0.0,0.0,3.0,0.0,7.0,7.0,14.0,,,,,2.0,0.586265399,,,,,,27,1,2019_Oct_02_0959,FaceNameControl_Picture&Audio,3.0.4,60.00896522
21,FacesBlock4.xlsx,Taylor.mp4,Taylor.JPG,Taylor,59.0,videoFrameTaylor.png,0.0,0.0,0.0,3.0,,,,,0.0,5.0,5.0,14.0,,,,None,0.0,,1.0,27,1,2019_Oct_02_0959,FaceNameControl_Picture&Audio,3.0.4,60.00896522
119,FacesBlock3.xlsx,Thomas.mp4,Thomas.JPG,Thomas,44.0,videoFrameThomas.png,0.0,3.0,3.0,2.0,,,,,0.0,13.0,13.0,14.0,,,Thomas,"['lshift', 't', 'h', 'o', 'm', 'a', 's']",1.0,"[0.8672936479997588, 1.2685824560030596, 1.5187730339966947, 1.651913929003058, 1.7999445519963047, 1.901638476003427, 1.9851347590010846]",4.0,27,1,2019_Oct_02_0959,FaceNameControl_Picture&Audio,3.0.4,60.00896522
91,FacesBlock3.xlsx,Thomas.mp4,Thomas.JPG,Thomas,44.0,videoFrameThomas.png,0.0,3.0,3.0,2.0,0.0,0.0,0.0,14.0,,,,,1.0,6.184444054,,,,,,27,1,2019_Oct_02_0959,FaceNameControl_Picture&Audio,3.0.4,60.00896522
56,FacesBlock1.xlsx,Timothy.mp4,Timothy.JPG,Timothy,14.0,videoFrameTimothy.png,0.0,1.0,1.0,0.0,,,,,0.0,10.0,10.0,14.0,,,Timothy,"['lshift', 't', 'i', 'm', 'o', 't', 'h', 'y']",1.0,"[1.733039483995526, 3.2677493809896987, 3.834046859992668, 4.100593521987321, 4.3170848739973735, 4.483932862000074, 4.583389854000416, 4.8005124339979375]",3.0,27,1,2019_Oct_02_0959,FaceNameControl_Picture&Audio,3.0.4,60.00896522
41,FacesBlock1.xlsx,Timothy.mp4,Timothy.JPG,Timothy,14.0,videoFrameTimothy.png,0.0,1.0,1.0,0.0,0.0,10.0,10.0,14.0,,,,,1.0,0.9359931640000001,,,,,,27,1,2019_Oct_02_0959,FaceNameControl_Picture&Audio,3.0.4,60.00896522
86,FacesBlock2.xlsx,Trevor.mp4,Trevor.JPG,Trevor,28.0,videoFrameTrevor.png,0.0,2.0,2.0,1.0,,,,,0.0,10.0,10.0,13.0,,,Trevor,"['lshift', 't', 'r', 'e', 'v', 'o', 'r']",1.0,"[1.0845248749974417, 1.2690624680108158, 1.585910326000885, 1.6689539729995886, 1.9527614719991107, 2.235553375998279, 2.3189097990107257]",4.0,27,1,2019_Oct_02_0959,FaceNameControl_Picture&Audio,3.0.4,60.00896522
62,FacesBlock2.xlsx,Trevor.mp4,Trevor.JPG,Trevor,28.0,videoFrameTrevor.png,0.0,2.0,2.0,1.0,0.0,1.0,1.0,13.0,,,,,1.0,0.653092123,,,,,,27,1,2019_Oct_02_0959,FaceNameControl_Picture&Audio,3.0.4,60.00896522
81,FacesBlock2.xlsx,Tyler.mp4,Tyler.JPG,Tyler,29.0,videoFrameTyler.png,0.0,2.0,2.0,1.0,,,,,0.0,5.0,5.0,14.0,,,Tyler,"['lshift', 't', 'y', 'l', 'e', 'r']",1.0,"[2.816910157998791, 3.000983106001513, 3.2679723910114262, 3.434542874005274, 3.534153348999098, 3.6178557380044367]",2.0,27,1,2019_Oct_02_0959,FaceNameControl_Picture&Audio,3.0.4,60.00896522
75,FacesBlock2.xlsx,Tyler.mp4,Tyler.JPG,Tyler,29.0,videoFrameTyler.png,0.0,2.0,2.0,1.0,0.0,14.0,14.0,14.0,,,,,1.0,0.901931625,,,,,,27,1,2019_Oct_02_0959,FaceNameControl_Picture&Audio,3.0.4,60.00896522
0,,,,,,,,,,,,,,,,,,,,,,,,,,27,1,2019_Oct_02_0959,FaceNameControl_Picture&Audio,3.0.4,60.00896522
