,condsFile,Video,Photo,Name,Row,videoFrame,blocks.thisRepN,blocks.thisTrialN,blocks.thisN,blocks.thisIndex,presentations.thisRepN,presentations.thisTrialN,presentations.thisN,presentations.thisIndex,testing.thisRepN,testing.thisTrialN,testing.thisN,testing.thisIndex,judgementResp.keys,judgementResp.rt,inputText,key_resp_3.keys,recallRating_s,rating_resp.keys,key_resp_3.rt,participant,session,date,expName,psychopyVersion,frameRate
52,FacesBlock2.xlsx,Aaron.mp4,Aaron.JPG,Aaron,15.0,videoFrameAaron.png,0.0,1.0,1.0,1.0,,,,,0.0,6.0,6.0,0.0,,,,None,0.0,1.0,,29,1,2019_Oct_02_1454,FaceNameControl_Picture&Audio,3.0.4,60.01106112
45,FacesBlock2.xlsx,Aaron.mp4,Aaron.JPG,Aaron,15.0,videoFrameAaron.png,0.0,1.0,1.0,1.0,0.0,14.0,14.0,0.0,,,,,1.0,0.520240202,,,,,,29,1,2019_Oct_02_1454,FaceNameControl_Picture&Audio,3.0.4,60.01106112
63,FacesBlock1.xlsx,Adam.mp4,Adam.JPG,Adam,0.0,videoFrameAdam.png,0.0,2.0,2.0,0.0,0.0,2.0,2.0,0.0,,,,,1.0,0.666835344,,,,,,29,1,2019_Oct_02_1454,FaceNameControl_Picture&Audio,3.0.4,60.01106112
79,FacesBlock1.xlsx,Adam.mp4,Adam.JPG,Adam,0.0,videoFrameAdam.png,0.0,2.0,2.0,0.0,,,,,0.0,3.0,3.0,0.0,,,adam,"['a', 'd', 'a', 'm']",1.0,4.0,"[1.7997259779949673, 2.0512572139996337, 2.3514813810033957, 2.768151847005356]",29,1,2019_Oct_02_1454,FaceNameControl_Picture&Audio,3.0.4,60.01106112
112,FacesBlock4.xlsx,Alyssa.mp4,Alyssa.JPG,Alyssa,45.0,videoFrameAlyssa.png,0.0,3.0,3.0,3.0,,,,,0.0,6.0,6.0,0.0,,,,None,0.0,1.0,,29,1,2019_Oct_02_1454,FaceNameControl_Picture&Audio,3.0.4,60.01106112
101,FacesBlock4.xlsx,Alyssa.mp4,Alyssa.JPG,Alyssa,45.0,videoFrameAlyssa.png,0.0,3.0,3.0,3.0,0.0,10.0,10.0,0.0,,,,,2.0,0.503038798,,,,,,29,1,2019_Oct_02_1454,FaceNameControl_Picture&Audio,3.0.4,60.01106112
72,FacesBlock1.xlsx,Amanda.mp4,Amanda.JPG,Amanda,1.0,videoFrameAmanda.png,0.0,2.0,2.0,0.0,0.0,11.0,11.0,1.0,,,,,2.0,0.469495255,,,,,,29,1,2019_Oct_02_1454,FaceNameControl_Picture&Audio,3.0.4,60.01106112
90,FacesBlock1.xlsx,Amanda.mp4,Amanda.JPG,Amanda,1.0,videoFrameAmanda.png,0.0,2.0,2.0,0.0,,,,,0.0,14.0,14.0,1.0,,,,None,0.0,1.0,,29,1,2019_Oct_02_1454,FaceNameControl_Picture&Audio,3.0.4,60.01106112
116,FacesBlock4.xlsx,Andrew.mp4,Andrew.JPG,Andrew,46.0,videoFrameAndrew.png,0.0,3.0,3.0,3.0,,,,,0.0,10.0,10.0,1.0,,,andrew,"['a', 'n', 'd', 'r', 'e', 'w']",1.0,4.0,"[2.8010695809934987, 3.116594623992569, 3.4515808049909538, 3.8182625669869594, 4.1348450769874034, 4.401486996997846]",29,1,2019_Oct_02_1454,FaceNameControl_Picture&Audio,3.0.4,60.01106112
96,FacesBlock4.xlsx,Andrew.mp4,Andrew.JPG,Andrew,46.0,videoFrameAndrew.png,0.0,3.0,3.0,3.0,0.0,5.0,5.0,1.0,,,,,1.0,0.852116462,,,,,,29,1,2019_Oct_02_1454,FaceNameControl_Picture&Audio,3.0.4,60.01106112
91,FacesBlock4.xlsx,Anna.mp4,Anna.JPG,Anna,47.0,videoFrameAnna.png,0.0,3.0,3.0,3.0,0.0,0.0,0.0,2.0,,,,,2.0,1.8356033969999999,,,,,,29,1,2019_Oct_02_1454,FaceNameControl_Picture&Audio,3.0.4,60.01106112
120,FacesBlock4.xlsx,Anna.mp4,Anna.JPG,Anna,47.0,videoFrameAnna.png,0.0,3.0,3.0,3.0,,,,,0.0,14.0,14.0,2.0,,,michelle,"['m', 'i', 'c', 'h', 'e', 'l', 'l', 'e']",0.0,1.0,"[4.151434765997692, 4.45191909399, 4.767899511993164, 4.98485137699754, 5.167189417988993, 5.434027737996075, 5.567698114988161, 5.667634753990569]",29,1,2019_Oct_02_1454,FaceNameControl_Picture&Audio,3.0.4,60.01106112
58,FacesBlock2.xlsx,Ashley.mp4,Ashley.JPG,Ashley,16.0,videoFrameAshley.png,0.0,1.0,1.0,1.0,,,,,0.0,12.0,12.0,1.0,,,,None,0.0,1.0,,29,1,2019_Oct_02_1454,FaceNameControl_Picture&Audio,3.0.4,60.01106112
36,FacesBlock2.xlsx,Ashley.mp4,Ashley.JPG,Ashley,16.0,videoFrameAshley.png,0.0,1.0,1.0,1.0,0.0,5.0,5.0,1.0,,,,,2.0,0.869200042,,,,,,29,1,2019_Oct_02_1454,FaceNameControl_Picture&Audio,3.0.4,60.01106112
64,FacesBlock1.xlsx,Bradley.mp4,Bradley.JPG,Bradley,2.0,videoFrameBradley.png,0.0,2.0,2.0,0.0,0.0,3.0,3.0,2.0,,,,,1.0,0.652724935,,,,,,29,1,2019_Oct_02_1454,FaceNameControl_Picture&Audio,3.0.4,60.01106112
81,FacesBlock1.xlsx,Bradley.mp4,Bradley.JPG,Bradley,2.0,videoFrameBradley.png,0.0,2.0,2.0,0.0,,,,,0.0,5.0,5.0,2.0,,,bradley,"['b', 'r', 'a', 'd', 'l', 'e', 'y']",1.0,4.0,"[1.9520497089979472, 2.2022754039935535, 2.5681341439922107, 3.6846661439922173, 4.218118953998783, 4.4178719030023785, 4.701142876001541]",29,1,2019_Oct_02_1454,FaceNameControl_Picture&Audio,3.0.4,60.01106112
105,FacesBlock4.xlsx,Brandon.mp4,Brandon.JPG,Brandon,48.0,videoFrameBrandon.png,0.0,3.0,3.0,3.0,0.0,14.0,14.0,3.0,,,,,1.0,0.653058789,,,,,,29,1,2019_Oct_02_1454,FaceNameControl_Picture&Audio,3.0.4,60.01106112
108,FacesBlock4.xlsx,Brandon.mp4,Brandon.JPG,Brandon,48.0,videoFrameBrandon.png,0.0,3.0,3.0,3.0,,,,,0.0,2.0,2.0,3.0,,,brandon,"['b', 'r', 'a', 'n', 'd', 'o', 'n']",1.0,3.0,"[2.317405857000267, 2.601099562001764, 3.368046189993038, 3.7507172679906944, 3.9337324799998896, 4.217697608997696, 4.484085866002715]",29,1,2019_Oct_02_1454,FaceNameControl_Picture&Audio,3.0.4,60.01106112
117,FacesBlock4.xlsx,Brian.mp4,Brian.JPG,Brian,49.0,videoFrameBrian.png,0.0,3.0,3.0,3.0,,,,,0.0,11.0,11.0,4.0,,,is,"['i', 's', 's', 'a', 'a', 'c', 'backspace', 'backspace', 'backspace', 'backspace']",0.0,1.0,"[3.6517161130032036, 4.251372812010231, 4.867243237007642, 5.133859328008839, 6.6010149420035305, 7.050284720011405, 9.03291991900187, 9.215751677009393, 9.365744317008648, 9.49870714401186]",29,1,2019_Oct_02_1454,FaceNameControl_Picture&Audio,3.0.4,60.01106112
94,FacesBlock4.xlsx,Brian.mp4,Brian.JPG,Brian,49.0,videoFrameBrian.png,0.0,3.0,3.0,3.0,0.0,3.0,3.0,4.0,,,,,1.0,1.236455541,,,,,,29,1,2019_Oct_02_1454,FaceNameControl_Picture&Audio,3.0.4,60.01106112
107,FacesBlock4.xlsx,Brianna.mp4,Brianna.JPG,Brianna,50.0,videoFrameBrianna.png,0.0,3.0,3.0,3.0,,,,,0.0,1.0,1.0,5.0,,,,None,0.0,1.0,,29,1,2019_Oct_02_1454,FaceNameControl_Picture&Audio,3.0.4,60.01106112
100,FacesBlock4.xlsx,Brianna.mp4,Brianna.JPG,Brianna,50.0,videoFrameBrianna.png,0.0,3.0,3.0,3.0,0.0,9.0,9.0,5.0,,,,,2.0,1.119488904,,,,,,29,1,2019_Oct_02_1454,FaceNameControl_Picture&Audio,3.0.4,60.01106112
55,FacesBlock2.xlsx,Brittany.mp4,Brittany.JPG,Brittany,17.0,videoFrameBrittany.png,0.0,1.0,1.0,1.0,,,,,0.0,9.0,9.0,2.0,,,,None,0.0,1.0,,29,1,2019_Oct_02_1454,FaceNameControl_Picture&Audio,3.0.4,60.01106112
38,FacesBlock2.xlsx,Brittany.mp4,Brittany.JPG,Brittany,17.0,videoFrameBrittany.png,0.0,1.0,1.0,1.0,0.0,7.0,7.0,2.0,,,,,2.0,0.518965828,,,,,,29,1,2019_Oct_02_1454,FaceNameControl_Picture&Audio,3.0.4,60.01106112
99,FacesBlock4.xlsx,Caleb.mp4,Caleb.JPG,Caleb,51.0,videoFrameCaleb.png,0.0,3.0,3.0,3.0,0.0,8.0,8.0,6.0,,,,,1.0,0.40316805899999997,,,,,,29,1,2019_Oct_02_1454,FaceNameControl_Picture&Audio,3.0.4,60.01106112
110,FacesBlock4.xlsx,Caleb.mp4,Caleb.JPG,Caleb,51.0,videoFrameCaleb.png,0.0,3.0,3.0,3.0,,,,,0.0,4.0,4.0,6.0,,,,None,0.0,1.0,,29,1,2019_Oct_02_1454,FaceNameControl_Picture&Audio,3.0.4,60.01106112
59,FacesBlock2.xlsx,Cody.mp4,Cody.JPG,Cody,18.0,videoFrameCody.png,0.0,1.0,1.0,1.0,,,,,0.0,13.0,13.0,3.0,,,stephen,"['s', 't', 'e', 'p', 'h', 'e', 'n']",0.0,3.0,"[1.8845083620108198, 2.3012805140024284, 2.6669928430055734, 3.0340136930026347, 3.434451113003888, 3.6508567520068027, 3.7821292170119705]",29,1,2019_Oct_02_1454,FaceNameControl_Picture&Audio,3.0.4,60.01106112
31,FacesBlock2.xlsx,Cody.mp4,Cody.JPG,Cody,18.0,videoFrameCody.png,0.0,1.0,1.0,1.0,0.0,0.0,0.0,3.0,,,,,1.0,2.334861243,,,,,,29,1,2019_Oct_02_1454,FaceNameControl_Picture&Audio,3.0.4,60.01106112
17,FacesBlock3.xlsx,Courtney.mp4,Courtney.JPG,Courtney,30.0,videoFrameCourtney.png,0.0,0.0,0.0,2.0,,,,,0.0,1.0,1.0,0.0,,,,None,0.0,1.0,,29,1,2019_Oct_02_1454,FaceNameControl_Picture&Audio,3.0.4,60.01106112
10,FacesBlock3.xlsx,Courtney.mp4,Courtney.JPG,Courtney,30.0,videoFrameCourtney.png,0.0,0.0,0.0,2.0,0.0,9.0,9.0,0.0,,,,,2.0,0.301500664,,,,,,29,1,2019_Oct_02_1454,FaceNameControl_Picture&Audio,3.0.4,60.01106112
2,FacesBlock3.xlsx,Daniel.mp4,Daniel.JPG,Daniel,31.0,videoFrameDaniel.png,0.0,0.0,0.0,2.0,0.0,1.0,1.0,1.0,,,,,1.0,0.669427231,,,,,,29,1,2019_Oct_02_1454,FaceNameControl_Picture&Audio,3.0.4,60.01106112
26,FacesBlock3.xlsx,Daniel.mp4,Daniel.JPG,Daniel,31.0,videoFrameDaniel.png,0.0,0.0,0.0,2.0,,,,,0.0,10.0,10.0,1.0,,,,None,0.0,1.0,,29,1,2019_Oct_02_1454,FaceNameControl_Picture&Audio,3.0.4,60.01106112
73,FacesBlock1.xlsx,Danielle.mp4,Danielle.JPG,Danielle,3.0,videoFrameDanielle.png,0.0,2.0,2.0,0.0,0.0,12.0,12.0,3.0,,,,,2.0,0.319348505,,,,,,29,1,2019_Oct_02_1454,FaceNameControl_Picture&Audio,3.0.4,60.01106112
82,FacesBlock1.xlsx,Danielle.mp4,Danielle.JPG,Danielle,3.0,videoFrameDanielle.png,0.0,2.0,2.0,0.0,,,,,0.0,6.0,6.0,3.0,,,,None,0.0,1.0,,29,1,2019_Oct_02_1454,FaceNameControl_Picture&Audio,3.0.4,60.01106112
53,FacesBlock2.xlsx,David.mp4,David.JPG,David,19.0,videoFrameDavid.png,0.0,1.0,1.0,1.0,,,,,0.0,7.0,7.0,4.0,,,,None,0.0,1.0,,29,1,2019_Oct_02_1454,FaceNameControl_Picture&Audio,3.0.4,60.01106112
40,FacesBlock2.xlsx,David.mp4,David.JPG,David,19.0,videoFrameDavid.png,0.0,1.0,1.0,1.0,0.0,9.0,9.0,4.0,,,,,1.0,0.435579573,,,,,,29,1,2019_Oct_02_1454,FaceNameControl_Picture&Audio,3.0.4,60.01106112
98,FacesBlock4.xlsx,Dylan.mp4,Dylan.JPG,Dylan,52.0,videoFrameDylan.png,0.0,3.0,3.0,3.0,0.0,7.0,7.0,7.0,,,,,1.0,0.786178732,,,,,,29,1,2019_Oct_02_1454,FaceNameControl_Picture&Audio,3.0.4,60.01106112
109,FacesBlock4.xlsx,Dylan.mp4,Dylan.JPG,Dylan,52.0,videoFrameDylan.png,0.0,3.0,3.0,3.0,,,,,0.0,3.0,3.0,7.0,,,,None,0.0,1.0,,29,1,2019_Oct_02_1454,FaceNameControl_Picture&Audio,3.0.4,60.01106112
95,FacesBlock4.xlsx,Emily.mp4,Emily.JPG,Emily,53.0,videoFrameEmily.png,0.0,3.0,3.0,3.0,0.0,4.0,4.0,8.0,,,,,2.0,0.53667192,,,,,,29,1,2019_Oct_02_1454,FaceNameControl_Picture&Audio,3.0.4,60.01106112
106,FacesBlock4.xlsx,Emily.mp4,Emily.JPG,Emily,53.0,videoFrameEmily.png,0.0,3.0,3.0,3.0,,,,,0.0,0.0,0.0,8.0,,,,None,0.0,1.0,,29,1,2019_Oct_02_1454,FaceNameControl_Picture&Audio,3.0.4,60.01106112
67,FacesBlock1.xlsx,Eric.mp4,Eric.JPG,Eric,4.0,videoFrameEric.png,0.0,2.0,2.0,0.0,0.0,6.0,6.0,4.0,,,,,1.0,2.385164765,,,,,,29,1,2019_Oct_02_1454,FaceNameControl_Picture&Audio,3.0.4,60.01106112
88,FacesBlock1.xlsx,Eric.mp4,Eric.JPG,Eric,4.0,videoFrameEric.png,0.0,2.0,2.0,0.0,,,,,0.0,12.0,12.0,4.0,,,,None,0.0,1.0,,29,1,2019_Oct_02_1454,FaceNameControl_Picture&Audio,3.0.4,60.01106112
84,FacesBlock1.xlsx,Ethan.mp4,Ethan.JPG,Ethan,5.0,videoFrameEthan.png,0.0,2.0,2.0,0.0,,,,,0.0,8.0,8.0,5.0,,,ethan,"['e', 't', 'h', 'a', 'n']",1.0,4.0,"[1.9347043779998785, 2.284566330999951, 2.6345067509973887, 2.917739017997519, 3.1346424959920114]",29,1,2019_Oct_02_1454,FaceNameControl_Picture&Audio,3.0.4,60.01106112
74,FacesBlock1.xlsx,Ethan.mp4,Ethan.JPG,Ethan,5.0,videoFrameEthan.png,0.0,2.0,2.0,0.0,0.0,13.0,13.0,5.0,,,,,1.0,0.9689632570000001,,,,,,29,1,2019_Oct_02_1454,FaceNameControl_Picture&Audio,3.0.4,60.01106112
113,FacesBlock4.xlsx,Grace.mp4,Grace.JPG,Grace,54.0,videoFrameGrace.png,0.0,3.0,3.0,3.0,,,,,0.0,7.0,7.0,9.0,,,,None,0.0,1.0,,29,1,2019_Oct_02_1454,FaceNameControl_Picture&Audio,3.0.4,60.01106112
93,FacesBlock4.xlsx,Grace.mp4,Grace.JPG,Grace,54.0,videoFrameGrace.png,0.0,3.0,3.0,3.0,0.0,2.0,2.0,9.0,,,,,2.0,0.669924568,,,,,,29,1,2019_Oct_02_1454,FaceNameControl_Picture&Audio,3.0.4,60.01106112
56,FacesBlock2.xlsx,Haley.mp4,Haley.JPG,Haley,20.0,videoFrameHaley.png,0.0,1.0,1.0,1.0,,,,,0.0,10.0,10.0,5.0,,,rachel,"['r', 'a', 'c', 'h', 'e', 'l']",0.0,1.0,"[4.000832322999486, 4.450547963002464, 4.868099130006158, 5.151137278007809, 5.43441346900363, 6.000551635006559]",29,1,2019_Oct_02_1454,FaceNameControl_Picture&Audio,3.0.4,60.01106112
44,FacesBlock2.xlsx,Haley.mp4,Haley.JPG,Haley,20.0,videoFrameHaley.png,0.0,1.0,1.0,1.0,0.0,13.0,13.0,5.0,,,,,2.0,0.48651404,,,,,,29,1,2019_Oct_02_1454,FaceNameControl_Picture&Audio,3.0.4,60.01106112
65,FacesBlock1.xlsx,Hannah.mp4,Hannah.JPG,Hannah,6.0,videoFrameHannah.png,0.0,2.0,2.0,0.0,0.0,4.0,4.0,6.0,,,,,2.0,0.35361416,,,,,,29,1,2019_Oct_02_1454,FaceNameControl_Picture&Audio,3.0.4,60.01106112
89,FacesBlock1.xlsx,Hannah.mp4,Hannah.JPG,Hannah,6.0,videoFrameHannah.png,0.0,2.0,2.0,0.0,,,,,0.0,13.0,13.0,6.0,,,,None,0.0,1.0,,29,1,2019_Oct_02_1454,FaceNameControl_Picture&Audio,3.0.4,60.01106112
60,FacesBlock2.xlsx,Heather.mp4,Heather.JPG,Heather,21.0,videoFrameHeather.png,0.0,1.0,1.0,1.0,,,,,0.0,14.0,14.0,6.0,,,,None,0.0,1.0,,29,1,2019_Oct_02_1454,FaceNameControl_Picture&Audio,3.0.4,60.01106112
34,FacesBlock2.xlsx,Heather.mp4,Heather.JPG,Heather,21.0,videoFrameHeather.png,0.0,1.0,1.0,1.0,0.0,3.0,3.0,6.0,,,,,2.0,0.76705976,,,,,,29,1,2019_Oct_02_1454,FaceNameControl_Picture&Audio,3.0.4,60.01106112
4,FacesBlock3.xlsx,Jacob.mp4,Jacob.JPG,Jacob,32.0,videoFrameJacob.png,0.0,0.0,0.0,2.0,0.0,3.0,3.0,2.0,,,,,1.0,0.252452358,,,,,,29,1,2019_Oct_02_1454,FaceNameControl_Picture&Audio,3.0.4,60.01106112
20,FacesBlock3.xlsx,Jacob.mp4,Jacob.JPG,Jacob,32.0,videoFrameJacob.png,0.0,0.0,0.0,2.0,,,,,0.0,4.0,4.0,2.0,,,alex,"['a', 'e', 'x', 'backspace', 'backspace', 'l', 'e', 'x']",0.0,1.0,"[1.7513947659899713, 2.6675405459973263, 2.984329829996568, 5.099740400997689, 5.382401407987345, 6.066568092996022, 6.316421977986465, 6.73319527998683]",29,1,2019_Oct_02_1454,FaceNameControl_Picture&Audio,3.0.4,60.01106112
114,FacesBlock4.xlsx,Jason.mp4,Jason.JPG,Jason,55.0,videoFrameJason.png,0.0,3.0,3.0,3.0,,,,,0.0,8.0,8.0,10.0,,,,None,0.0,1.0,,29,1,2019_Oct_02_1454,FaceNameControl_Picture&Audio,3.0.4,60.01106112
92,FacesBlock4.xlsx,Jason.mp4,Jason.JPG,Jason,55.0,videoFrameJason.png,0.0,3.0,3.0,3.0,0.0,1.0,1.0,10.0,,,,,1.0,1.08577235,,,,,,29,1,2019_Oct_02_1454,FaceNameControl_Picture&Audio,3.0.4,60.01106112
80,FacesBlock1.xlsx,Jenna.mp4,Jenna.JPG,Jenna,7.0,videoFrameJenna.png,0.0,2.0,2.0,0.0,,,,,0.0,4.0,4.0,7.0,,,,None,0.0,1.0,,29,1,2019_Oct_02_1454,FaceNameControl_Picture&Audio,3.0.4,60.01106112
68,FacesBlock1.xlsx,Jenna.mp4,Jenna.JPG,Jenna,7.0,videoFrameJenna.png,0.0,2.0,2.0,0.0,0.0,7.0,7.0,7.0,,,,,2.0,0.786186141,,,,,,29,1,2019_Oct_02_1454,FaceNameControl_Picture&Audio,3.0.4,60.01106112
33,FacesBlock2.xlsx,Jeremy.mp4,Jeremy.JPG,Jeremy,22.0,videoFrameJeremy.png,0.0,1.0,1.0,1.0,0.0,2.0,2.0,7.0,,,,,1.0,1.485207063,,,,,,29,1,2019_Oct_02_1454,FaceNameControl_Picture&Audio,3.0.4,60.01106112
47,FacesBlock2.xlsx,Jeremy.mp4,Jeremy.JPG,Jeremy,22.0,videoFrameJeremy.png,0.0,1.0,1.0,1.0,,,,,0.0,1.0,1.0,7.0,,,,None,0.0,1.0,,29,1,2019_Oct_02_1454,FaceNameControl_Picture&Audio,3.0.4,60.01106112
70,FacesBlock1.xlsx,Jessica.mp4,Jessica.JPG,Jessica,8.0,videoFrameJessica.png,0.0,2.0,2.0,0.0,0.0,9.0,9.0,8.0,,,,,2.0,0.669690558,,,,,,29,1,2019_Oct_02_1454,FaceNameControl_Picture&Audio,3.0.4,60.01106112
78,FacesBlock1.xlsx,Jessica.mp4,Jessica.JPG,Jessica,8.0,videoFrameJessica.png,0.0,2.0,2.0,0.0,,,,,0.0,2.0,2.0,8.0,,,jessica,"['j', 'e', 's', 's', 'i', 'c', 'a']",1.0,2.0,"[3.9517702350131003, 4.584809551000944, 4.951316091013723, 5.184193975001108, 5.717730419011787, 6.384353421002743, 6.550805219012545]",29,1,2019_Oct_02_1454,FaceNameControl_Picture&Audio,3.0.4,60.01106112
50,FacesBlock2.xlsx,Josh.mp4,Josh.JPG,Josh,23.0,videoFrameJosh.png,0.0,1.0,1.0,1.0,,,,,0.0,4.0,4.0,8.0,,,josh,"['j', 'o', 's', 'h']",0.0,4.0,"[1.4689492269972106, 1.7513518239866244, 2.383068903000094, 2.6346209009934682]",29,1,2019_Oct_02_1454,FaceNameControl_Picture&Audio,3.0.4,60.01106112
39,FacesBlock2.xlsx,Josh.mp4,Josh.JPG,Josh,23.0,videoFrameJosh.png,0.0,1.0,1.0,1.0,0.0,8.0,8.0,8.0,,,,,1.0,0.769596501,,,,,,29,1,2019_Oct_02_1454,FaceNameControl_Picture&Audio,3.0.4,60.01106112
61,FacesBlock1.xlsx,Julia.mp4,Julia.JPG,Julia,9.0,videoFrameJulia.png,0.0,2.0,2.0,0.0,0.0,0.0,0.0,9.0,,,,,2.0,2.202631525,,,,,,29,1,2019_Oct_02_1454,FaceNameControl_Picture&Audio,3.0.4,60.01106112
83,FacesBlock1.xlsx,Julia.mp4,Julia.JPG,Julia,9.0,videoFrameJulia.png,0.0,2.0,2.0,0.0,,,,,0.0,7.0,7.0,9.0,,,,None,0.0,1.0,,29,1,2019_Oct_02_1454,FaceNameControl_Picture&Audio,3.0.4,60.01106112
35,FacesBlock2.xlsx,Justin.mp4,Justin.JPG,Justin,24.0,videoFrameJustin.png,0.0,1.0,1.0,1.0,0.0,4.0,4.0,9.0,,,,,1.0,0.88594832,,,,,,29,1,2019_Oct_02_1454,FaceNameControl_Picture&Audio,3.0.4,60.01106112
49,FacesBlock2.xlsx,Justin.mp4,Justin.JPG,Justin,24.0,videoFrameJustin.png,0.0,1.0,1.0,1.0,,,,,0.0,3.0,3.0,9.0,,,,None,0.0,1.0,,29,1,2019_Oct_02_1454,FaceNameControl_Picture&Audio,3.0.4,60.01106112
119,FacesBlock4.xlsx,Katie.mp4,Katie.JPG,Katie,56.0,videoFrameKatie.png,0.0,3.0,3.0,3.0,,,,,0.0,13.0,13.0,11.0,,,katie,"['k', 'a', 't', 'i', 'e']",1.0,3.0,"[1.818098278992693, 2.084607312004664, 2.81765050899412, 3.0676625479973154, 3.234413672995288]",29,1,2019_Oct_02_1454,FaceNameControl_Picture&Audio,3.0.4,60.01106112
104,FacesBlock4.xlsx,Katie.mp4,Katie.JPG,Katie,56.0,videoFrameKatie.png,0.0,3.0,3.0,3.0,0.0,13.0,13.0,11.0,,,,,2.0,0.53591114,,,,,,29,1,2019_Oct_02_1454,FaceNameControl_Picture&Audio,3.0.4,60.01106112
15,FacesBlock3.xlsx,Kayla.mp4,Kayla.JPG,Kayla,33.0,videoFrameKayla.png,0.0,0.0,0.0,2.0,0.0,14.0,14.0,3.0,,,,,2.0,0.283803034,,,,,,29,1,2019_Oct_02_1454,FaceNameControl_Picture&Audio,3.0.4,60.01106112
30,FacesBlock3.xlsx,Kayla.mp4,Kayla.JPG,Kayla,33.0,videoFrameKayla.png,0.0,0.0,0.0,2.0,,,,,0.0,14.0,14.0,3.0,,,,None,0.0,1.0,,29,1,2019_Oct_02_1454,FaceNameControl_Picture&Audio,3.0.4,60.01106112
76,FacesBlock1.xlsx,Kelsey.mp4,Kelsey.JPG,Kelsey,10.0,videoFrameKelsey.png,0.0,2.0,2.0,0.0,,,,,0.0,0.0,0.0,10.0,,,kelsey,"['k', 'e', 'l', 's', 'e', 'y']",1.0,3.0,"[1.718455548005295, 2.0518897800066043, 2.2514652219979325, 2.4516483070037793, 2.7182849280070513, 2.885206459002802]",29,1,2019_Oct_02_1454,FaceNameControl_Picture&Audio,3.0.4,60.01106112
62,FacesBlock1.xlsx,Kelsey.mp4,Kelsey.JPG,Kelsey,10.0,videoFrameKelsey.png,0.0,2.0,2.0,0.0,0.0,1.0,1.0,10.0,,,,,2.0,0.7669760440000001,,,,,,29,1,2019_Oct_02_1454,FaceNameControl_Picture&Audio,3.0.4,60.01106112
27,FacesBlock3.xlsx,Kevin.mp4,Kevin.JPG,Kevin,34.0,videoFrameKevin.png,0.0,0.0,0.0,2.0,,,,,0.0,11.0,11.0,4.0,,,,None,0.0,1.0,,29,1,2019_Oct_02_1454,FaceNameControl_Picture&Audio,3.0.4,60.01106112
3,FacesBlock3.xlsx,Kevin.mp4,Kevin.JPG,Kevin,34.0,videoFrameKevin.png,0.0,0.0,0.0,2.0,0.0,2.0,2.0,4.0,,,,,1.0,0.436117262,,,,,,29,1,2019_Oct_02_1454,FaceNameControl_Picture&Audio,3.0.4,60.01106112
75,FacesBlock1.xlsx,Kyle.mp4,Kyle.JPG,Kyle,11.0,videoFrameKyle.png,0.0,2.0,2.0,0.0,0.0,14.0,14.0,11.0,,,,,1.0,0.336404886,,,,,,29,1,2019_Oct_02_1454,FaceNameControl_Picture&Audio,3.0.4,60.01106112
77,FacesBlock1.xlsx,Kyle.mp4,Kyle.JPG,Kyle,11.0,videoFrameKyle.png,0.0,2.0,2.0,0.0,,,,,0.0,1.0,1.0,11.0,,,kyle,"['k', 'y', 'l', 'e']",1.0,4.0,"[1.7190355619968614, 2.034774699000991, 2.218504477001261, 3.051260384003399]",29,1,2019_Oct_02_1454,FaceNameControl_Picture&Audio,3.0.4,60.01106112
5,FacesBlock3.xlsx,Lauren.mp4,Lauren.JPG,Lauren,35.0,videoFrameLauren.png,0.0,0.0,0.0,2.0,0.0,4.0,4.0,5.0,,,,,2.0,0.23800764,,,,,,29,1,2019_Oct_02_1454,FaceNameControl_Picture&Audio,3.0.4,60.01106112
29,FacesBlock3.xlsx,Lauren.mp4,Lauren.JPG,Lauren,35.0,videoFrameLauren.png,0.0,0.0,0.0,2.0,,,,,0.0,13.0,13.0,5.0,,,sarah,"['s', 'a', 's', 'backspace', 'r', 'a', 'h']",0.0,1.0,"[5.084340679008164, 5.268090969999321, 5.434521865012357, 6.84980532201007, 7.766498587006936, 7.967002557008527, 9.449952046008548]",29,1,2019_Oct_02_1454,FaceNameControl_Picture&Audio,3.0.4,60.01106112
12,FacesBlock3.xlsx,Mark.mp4,Mark.JPG,Mark,36.0,videoFrameMark.png,0.0,0.0,0.0,2.0,0.0,11.0,11.0,6.0,,,,,1.0,0.43606107200000005,,,,,,29,1,2019_Oct_02_1454,FaceNameControl_Picture&Audio,3.0.4,60.01106112
23,FacesBlock3.xlsx,Mark.mp4,Mark.JPG,Mark,36.0,videoFrameMark.png,0.0,0.0,0.0,2.0,,,,,0.0,7.0,7.0,6.0,,,,None,0.0,1.0,,29,1,2019_Oct_02_1454,FaceNameControl_Picture&Audio,3.0.4,60.01106112
71,FacesBlock1.xlsx,Matthew.mp4,Matthew.JPG,Matthew,12.0,videoFrameMatthew.png,0.0,2.0,2.0,0.0,0.0,10.0,10.0,12.0,,,,,1.0,0.919238311,,,,,,29,1,2019_Oct_02_1454,FaceNameControl_Picture&Audio,3.0.4,60.01106112
85,FacesBlock1.xlsx,Matthew.mp4,Matthew.JPG,Matthew,12.0,videoFrameMatthew.png,0.0,2.0,2.0,0.0,,,,,0.0,9.0,9.0,12.0,,,,None,0.0,1.0,,29,1,2019_Oct_02_1454,FaceNameControl_Picture&Audio,3.0.4,60.01106112
51,FacesBlock2.xlsx,Megan.mp4,Megan.JPG,Megan,25.0,videoFrameMegan.png,0.0,1.0,1.0,1.0,,,,,0.0,5.0,5.0,10.0,,,ashley,"['a', 's', 'h', 'l', 'e', 'y']",0.0,2.0,"[3.1178756299923407, 3.3656677059916547, 3.6175585739983944, 4.100831258998369, 4.300722741987556, 4.581920552998781]",29,1,2019_Oct_02_1454,FaceNameControl_Picture&Audio,3.0.4,60.01106112
32,FacesBlock2.xlsx,Megan.mp4,Megan.JPG,Megan,25.0,videoFrameMegan.png,0.0,1.0,1.0,1.0,0.0,1.0,1.0,10.0,,,,,2.0,1.118996511,,,,,,29,1,2019_Oct_02_1454,FaceNameControl_Picture&Audio,3.0.4,60.01106112
111,FacesBlock4.xlsx,Michael.mp4,Michael.JPG,Michael,57.0,videoFrameMichael.png,0.0,3.0,3.0,3.0,,,,,0.0,5.0,5.0,12.0,,,,None,0.0,1.0,,29,1,2019_Oct_02_1454,FaceNameControl_Picture&Audio,3.0.4,60.01106112
97,FacesBlock4.xlsx,Michael.mp4,Michael.JPG,Michael,57.0,videoFrameMichael.png,0.0,3.0,3.0,3.0,0.0,6.0,6.0,12.0,,,,,1.0,0.8018935759999999,,,,,,29,1,2019_Oct_02_1454,FaceNameControl_Picture&Audio,3.0.4,60.01106112
102,FacesBlock4.xlsx,Michelle.mp4,Michelle.JPG,Michelle,58.0,videoFrameMichelle.png,0.0,3.0,3.0,3.0,0.0,11.0,11.0,13.0,,,,,2.0,0.835937257,,,,,,29,1,2019_Oct_02_1454,FaceNameControl_Picture&Audio,3.0.4,60.01106112
115,FacesBlock4.xlsx,Michelle.mp4,Michelle.JPG,Michelle,58.0,videoFrameMichelle.png,0.0,3.0,3.0,3.0,,,,,0.0,9.0,9.0,13.0,,,,None,0.0,1.0,,29,1,2019_Oct_02_1454,FaceNameControl_Picture&Audio,3.0.4,60.01106112
87,FacesBlock1.xlsx,Natalie.mp4,Natalie.JPG,Natalie,13.0,videoFrameNatalie.png,0.0,2.0,2.0,0.0,,,,,0.0,11.0,11.0,13.0,,,,None,0.0,1.0,,29,1,2019_Oct_02_1454,FaceNameControl_Picture&Audio,3.0.4,60.01106112
66,FacesBlock1.xlsx,Natalie.mp4,Natalie.JPG,Natalie,13.0,videoFrameNatalie.png,0.0,2.0,2.0,0.0,0.0,5.0,5.0,13.0,,,,,2.0,1.735345572,,,,,,29,1,2019_Oct_02_1454,FaceNameControl_Picture&Audio,3.0.4,60.01106112
9,FacesBlock3.xlsx,Nathan.mp4,Nathan.JPG,Nathan,37.0,videoFrameNathan.png,0.0,0.0,0.0,2.0,0.0,8.0,8.0,7.0,,,,,1.0,0.10351210699999999,,,,,,29,1,2019_Oct_02_1454,FaceNameControl_Picture&Audio,3.0.4,60.01106112
21,FacesBlock3.xlsx,Nathan.mp4,Nathan.JPG,Nathan,37.0,videoFrameNathan.png,0.0,0.0,0.0,2.0,,,,,0.0,5.0,5.0,7.0,,,nate,"['n', 'a', 't', 'e']",0.0,1.0,"[3.401556985001662, 3.7009138919966063, 4.5511362819961505, 4.750969312997768]",29,1,2019_Oct_02_1454,FaceNameControl_Picture&Audio,3.0.4,60.01106112
11,FacesBlock3.xlsx,Nicole.mp4,Nicole.JPG,Nicole,38.0,videoFrameNicole.png,0.0,0.0,0.0,2.0,0.0,10.0,10.0,8.0,,,,,2.0,0.30023690000000003,,,,,,29,1,2019_Oct_02_1454,FaceNameControl_Picture&Audio,3.0.4,60.01106112
19,FacesBlock3.xlsx,Nicole.mp4,Nicole.JPG,Nicole,38.0,videoFrameNicole.png,0.0,0.0,0.0,2.0,,,,,0.0,3.0,3.0,8.0,,,shelby,"['s', 'h', 'e', 'l', 'b', 'y']",0.0,1.0,"[4.184769571002107, 4.650798102011322, 4.867540723003913, 5.083869144000346, 5.484226648011827, 5.751026464000461]",29,1,2019_Oct_02_1454,FaceNameControl_Picture&Audio,3.0.4,60.01106112
24,FacesBlock3.xlsx,Noah.mp4,Noah.JPG,Noah,39.0,videoFrameNoah.png,0.0,0.0,0.0,2.0,,,,,0.0,8.0,8.0,9.0,,,,None,0.0,1.0,,29,1,2019_Oct_02_1454,FaceNameControl_Picture&Audio,3.0.4,60.01106112
7,FacesBlock3.xlsx,Noah.mp4,Noah.JPG,Noah,39.0,videoFrameNoah.png,0.0,0.0,0.0,2.0,0.0,6.0,6.0,9.0,,,,,1.0,0.02032150301,,,,,,29,1,2019_Oct_02_1454,FaceNameControl_Picture&Audio,3.0.4,60.01106112
13,FacesBlock3.xlsx,Olivia.mp4,Olivia.JPG,Olivia,40.0,videoFrameOlivia.png,0.0,0.0,0.0,2.0,0.0,12.0,12.0,10.0,,,,,2.0,0.302979349,,,,,,29,1,2019_Oct_02_1454,FaceNameControl_Picture&Audio,3.0.4,60.01106112
25,FacesBlock3.xlsx,Olivia.mp4,Olivia.JPG,Olivia,40.0,videoFrameOlivia.png,0.0,0.0,0.0,2.0,,,,,0.0,9.0,9.0,10.0,,,olivia,"['o', 'l', 'i', 'v', 'i', 'a']",0.0,2.0,"[1.985684064013185, 2.2184813380008563, 2.8354638580058236, 3.0188183110003592, 3.151923015000648, 3.8516376890038373]",29,1,2019_Oct_02_1454,FaceNameControl_Picture&Audio,3.0.4,60.01106112
41,FacesBlock2.xlsx,Rachel.mp4,Rachel.JPG,Rachel,26.0,videoFrameRachel.png,0.0,1.0,1.0,1.0,0.0,10.0,10.0,11.0,,,,,2.0,0.6197459160000001,,,,,,29,1,2019_Oct_02_1454,FaceNameControl_Picture&Audio,3.0.4,60.01106112
54,FacesBlock2.xlsx,Rachel.mp4,Rachel.JPG,Rachel,26.0,videoFrameRachel.png,0.0,1.0,1.0,1.0,,,,,0.0,8.0,8.0,11.0,,,,None,0.0,1.0,,29,1,2019_Oct_02_1454,FaceNameControl_Picture&Audio,3.0.4,60.01106112
28,FacesBlock3.xlsx,Rebecca.mp4,Rebecca.JPG,Rebecca,41.0,videoFrameRebecca.png,0.0,0.0,0.0,2.0,,,,,0.0,12.0,12.0,11.0,,,,None,0.0,1.0,,29,1,2019_Oct_02_1454,FaceNameControl_Picture&Audio,3.0.4,60.01106112
6,FacesBlock3.xlsx,Rebecca.mp4,Rebecca.JPG,Rebecca,41.0,videoFrameRebecca.png,0.0,0.0,0.0,2.0,0.0,5.0,5.0,11.0,,,,,2.0,0.23586552,,,,,,29,1,2019_Oct_02_1454,FaceNameControl_Picture&Audio,3.0.4,60.01106112
14,FacesBlock3.xlsx,Sarah.mp4,Sarah.JPG,Sarah,42.0,videoFrameSarah.png,0.0,0.0,0.0,2.0,0.0,13.0,13.0,12.0,,,,,2.0,0.253133751,,,,,,29,1,2019_Oct_02_1454,FaceNameControl_Picture&Audio,3.0.4,60.01106112
22,FacesBlock3.xlsx,Sarah.mp4,Sarah.JPG,Sarah,42.0,videoFrameSarah.png,0.0,0.0,0.0,2.0,,,,,0.0,6.0,6.0,12.0,,,,None,0.0,1.0,,29,1,2019_Oct_02_1454,FaceNameControl_Picture&Audio,3.0.4,60.01106112
16,FacesBlock3.xlsx,Shelby.mp4,Shelby.JPG,Shelby,43.0,videoFrameShelby.png,0.0,0.0,0.0,2.0,,,,,0.0,0.0,0.0,13.0,,,,None,,1.0,,29,1,2019_Oct_02_1454,FaceNameControl_Picture&Audio,3.0.4,60.01106112
8,FacesBlock3.xlsx,Shelby.mp4,Shelby.JPG,Shelby,43.0,videoFrameShelby.png,0.0,0.0,0.0,2.0,0.0,7.0,7.0,13.0,,,,,2.0,0.019159067,,,,,,29,1,2019_Oct_02_1454,FaceNameControl_Picture&Audio,3.0.4,60.01106112
46,FacesBlock2.xlsx,Steven.mp4,Steven.JPG,Steven,27.0,videoFrameSteven.png,0.0,1.0,1.0,1.0,,,,,0.0,0.0,0.0,12.0,,,,None,0.0,1.0,,29,1,2019_Oct_02_1454,FaceNameControl_Picture&Audio,3.0.4,60.01106112
37,FacesBlock2.xlsx,Steven.mp4,Steven.JPG,Steven,27.0,videoFrameSteven.png,0.0,1.0,1.0,1.0,0.0,6.0,6.0,12.0,,,,,1.0,0.7696081509999999,,,,,,29,1,2019_Oct_02_1454,FaceNameControl_Picture&Audio,3.0.4,60.01106112
118,FacesBlock4.xlsx,Taylor.mp4,Taylor.JPG,Taylor,59.0,videoFrameTaylor.png,0.0,3.0,3.0,3.0,,,,,0.0,12.0,12.0,14.0,,,taylor,"['t', 'a', 'y', 'l', 'o', 'r']",1.0,3.0,"[1.9849465750012314, 2.301602441002615, 2.8179813259921502, 2.984823063990916, 3.1846863579994533, 3.351583771989681]",29,1,2019_Oct_02_1454,FaceNameControl_Picture&Audio,3.0.4,60.01106112
103,FacesBlock4.xlsx,Taylor.mp4,Taylor.JPG,Taylor,59.0,videoFrameTaylor.png,0.0,3.0,3.0,3.0,0.0,12.0,12.0,14.0,,,,,2.0,0.7358740159999999,,,,,,29,1,2019_Oct_02_1454,FaceNameControl_Picture&Audio,3.0.4,60.01106112
1,FacesBlock3.xlsx,Thomas.mp4,Thomas.JPG,Thomas,44.0,videoFrameThomas.png,0.0,0.0,0.0,2.0,0.0,0.0,0.0,14.0,,,,,1.0,1.402627764,,,,,,29,1,2019_Oct_02_1454,FaceNameControl_Picture&Audio,3.0.4,60.01106112
18,FacesBlock3.xlsx,Thomas.mp4,Thomas.JPG,Thomas,44.0,videoFrameThomas.png,0.0,0.0,0.0,2.0,,,,,0.0,2.0,2.0,14.0,,,matt,"['m', 'a', 't', 't']",0.0,1.0,"[4.718061031002435, 5.5506222099938896, 5.85109796100005, 6.017870206997031]",29,1,2019_Oct_02_1454,FaceNameControl_Picture&Audio,3.0.4,60.01106112
69,FacesBlock1.xlsx,Timothy.mp4,Timothy.JPG,Timothy,14.0,videoFrameTimothy.png,0.0,2.0,2.0,0.0,0.0,8.0,8.0,14.0,,,,,1.0,0.252915911,,,,,,29,1,2019_Oct_02_1454,FaceNameControl_Picture&Audio,3.0.4,60.01106112
86,FacesBlock1.xlsx,Timothy.mp4,Timothy.JPG,Timothy,14.0,videoFrameTimothy.png,0.0,2.0,2.0,0.0,,,,,0.0,10.0,10.0,14.0,,,,None,0.0,1.0,,29,1,2019_Oct_02_1454,FaceNameControl_Picture&Audio,3.0.4,60.01106112
43,FacesBlock2.xlsx,Trevor.mp4,Trevor.JPG,Trevor,28.0,videoFrameTrevor.png,0.0,1.0,1.0,1.0,0.0,12.0,12.0,13.0,,,,,1.0,0.586377305,,,,,,29,1,2019_Oct_02_1454,FaceNameControl_Picture&Audio,3.0.4,60.01106112
48,FacesBlock2.xlsx,Trevor.mp4,Trevor.JPG,Trevor,28.0,videoFrameTrevor.png,0.0,1.0,1.0,1.0,,,,,0.0,2.0,2.0,13.0,,,trevor,"['t', 'r', 'e', 'v', 'o', 'r']",1.0,4.0,"[1.6006402670027455, 1.8175969909934793, 2.1180989059939748, 2.78458999999566, 3.0510526800062507, 3.2177023969998118]",29,1,2019_Oct_02_1454,FaceNameControl_Picture&Audio,3.0.4,60.01106112
42,FacesBlock2.xlsx,Tyler.mp4,Tyler.JPG,Tyler,29.0,videoFrameTyler.png,0.0,1.0,1.0,1.0,0.0,11.0,11.0,14.0,,,,,1.0,0.6520310570000001,,,,,,29,1,2019_Oct_02_1454,FaceNameControl_Picture&Audio,3.0.4,60.01106112
57,FacesBlock2.xlsx,Tyler.mp4,Tyler.JPG,Tyler,29.0,videoFrameTyler.png,0.0,1.0,1.0,1.0,,,,,0.0,11.0,11.0,14.0,,,,None,0.0,1.0,,29,1,2019_Oct_02_1454,FaceNameControl_Picture&Audio,3.0.4,60.01106112
0,,,,,,,,,,,,,,,,,,,,,,,,,,29,1,2019_Oct_02_1454,FaceNameControl_Picture&Audio,3.0.4,60.01106112
