,condsFile,Video,Photo,Name,Row,videoFrame,blocks.thisRepN,blocks.thisTrialN,blocks.thisN,blocks.thisIndex,presentations.thisRepN,presentations.thisTrialN,presentations.thisN,presentations.thisIndex,testing.thisRepN,testing.thisTrialN,testing.thisN,testing.thisIndex,judgementResp.keys,judgementResp.rt,inputText,key_resp_3.keys,recallRating_s,key_resp_3.rt,rating_resp.keys,participant,session,date,expName,psychopyVersion,frameRate
0,FacesBlock2.xlsx,Aaron.mp4,Aaron.JPG,Aaron,15,videoFrameAaron.png,0,0,0,1,0.0,3.0,3.0,0.0,,,,,1.0,1.368968525,,,,,,2,1,2019_May_31_1104,FaceNameControl_Picture&Audio,3.0.4,60.00430112
1,FacesBlock2.xlsx,Aaron.mp4,Aaron.JPG,Aaron,15,videoFrameAaron.png,0,0,0,1,,,,,0.0,10.0,10.0,0.0,,,kevin,"['k', 'e', 'v', 'i', 'n']",0.0,"[3.0349532067775726, 3.434642308857292, 3.684602909721434, 3.8013285039924085, 3.8843494430184364]",1.0,2,1,2019_May_31_1104,FaceNameControl_Picture&Audio,3.0.4,60.00430112
2,FacesBlock1.xlsx,Adam.mp4,Adam.JPG,Adam,0,videoFrameAdam.png,0,2,2,0,0.0,4.0,4.0,0.0,,,,,1.0,0.7859130540000001,,,,,,2,1,2019_May_31_1104,FaceNameControl_Picture&Audio,3.0.4,60.00430112
3,FacesBlock1.xlsx,Adam.mp4,Adam.JPG,Adam,0,videoFrameAdam.png,0,2,2,0,,,,,0.0,7.0,7.0,0.0,,,adam,"['a', 'd', 'a', 'm']",1.0,"[1.735817632637918, 1.801654709968716, 1.9190598647110164, 2.052583093754947]",4.0,2,1,2019_May_31_1104,FaceNameControl_Picture&Audio,3.0.4,60.00430112
4,FacesBlock4.xlsx,Alyssa.mp4,Alyssa.JPG,Alyssa,45,videoFrameAlyssa.png,0,3,3,3,0.0,2.0,2.0,0.0,,,,,2.0,1.0193957040000001,,,,,,2,1,2019_May_31_1104,FaceNameControl_Picture&Audio,3.0.4,60.00430112
5,FacesBlock4.xlsx,Alyssa.mp4,Alyssa.JPG,Alyssa,45,videoFrameAlyssa.png,0,3,3,3,,,,,0.0,7.0,7.0,0.0,,,katie,"['k', 'a', 't', 'i', 'e']",0.0,"[4.167878799140453, 4.334390542004257, 4.484381494112313, 4.833455611951649, 5.017678414937109]",1.0,2,1,2019_May_31_1104,FaceNameControl_Picture&Audio,3.0.4,60.00430112
6,FacesBlock1.xlsx,Amanda.mp4,Amanda.JPG,Amanda,1,videoFrameAmanda.png,0,2,2,0,0.0,7.0,7.0,1.0,,,,,2.0,0.585900136,,,,,,2,1,2019_May_31_1104,FaceNameControl_Picture&Audio,3.0.4,60.00430112
7,FacesBlock1.xlsx,Amanda.mp4,Amanda.JPG,Amanda,1,videoFrameAmanda.png,0,2,2,0,,,,,0.0,0.0,0.0,1.0,,,natalie,"['n', 'a', 't', 'a', 'l', 'i', 'e']",0.0,"[4.2009552754461765, 4.383834993001074, 4.867349196225405, 5.017848818097264, 5.2007910422980785, 5.283955090213567, 5.4002464530058205]",2.0,2,1,2019_May_31_1104,FaceNameControl_Picture&Audio,3.0.4,60.00430112
8,FacesBlock4.xlsx,Andrew.mp4,Andrew.JPG,Andrew,46,videoFrameAndrew.png,0,3,3,3,0.0,9.0,9.0,1.0,,,,,1.0,1.415840421,,,,,,2,1,2019_May_31_1104,FaceNameControl_Picture&Audio,3.0.4,60.00430112
9,FacesBlock4.xlsx,Andrew.mp4,Andrew.JPG,Andrew,46,videoFrameAndrew.png,0,3,3,3,,,,,0.0,10.0,10.0,1.0,,,nathan,"['n', 'a', 't', 'h', 'a', 'n']",0.0,"[4.117921243887395, 4.250335927121341, 4.334319594781846, 4.483994141686708, 4.567934998776764, 4.683916355017573]",1.0,2,1,2019_May_31_1104,FaceNameControl_Picture&Audio,3.0.4,60.00430112
10,FacesBlock4.xlsx,Anna.mp4,Anna.JPG,Anna,47,videoFrameAnna.png,0,3,3,3,0.0,13.0,13.0,2.0,,,,,2.0,2.152970858,,,,,,2,1,2019_May_31_1104,FaceNameControl_Picture&Audio,3.0.4,60.00430112
11,FacesBlock4.xlsx,Anna.mp4,Anna.JPG,Anna,47,videoFrameAnna.png,0,3,3,3,,,,,0.0,1.0,1.0,2.0,,,,None,0.0,,1.0,2,1,2019_May_31_1104,FaceNameControl_Picture&Audio,3.0.4,60.00430112
12,FacesBlock2.xlsx,Ashley.mp4,Ashley.JPG,Ashley,16,videoFrameAshley.png,0,0,0,1,0.0,13.0,13.0,1.0,,,,,2.0,1.1527979240000001,,,,,,2,1,2019_May_31_1104,FaceNameControl_Picture&Audio,3.0.4,60.00430112
13,FacesBlock2.xlsx,Ashley.mp4,Ashley.JPG,Ashley,16,videoFrameAshley.png,0,0,0,1,,,,,0.0,13.0,13.0,1.0,,,ashley,"['s', 'backspace', 'a', 's', 'h', 'l', 'e', 'y']",1.0,"[3.5678644836880267, 4.03429514169693, 4.467828314751387, 4.518415480852127, 4.71700447704643, 4.96788113983348, 5.1003933870233595, 5.284447127953172]",1.0,2,1,2019_May_31_1104,FaceNameControl_Picture&Audio,3.0.4,60.00430112
15,FacesBlock1.xlsx,Bradley.mp4,Bradley.JPG,Bradley,2,videoFrameBradley.png,0,2,2,0,,,,,0.0,3.0,3.0,2.0,,,bradley,"['b', 'r', 'a', 'd', 'l', 'e', 'y']",1.0,"[2.0177276912145317, 2.4178010411560535, 2.7179269110783935, 3.0680596651509404, 3.51734790019691, 3.967563630081713, 4.198763647116721]",4.0,2,1,2019_May_31_1104,FaceNameControl_Picture&Audio,3.0.4,60.00430112
14,FacesBlock1.xlsx,Bradley.mp4,Bradley.JPG,Bradley,2,videoFrameBradley.png,0,2,2,0,0.0,13.0,13.0,2.0,,,,,1.0,0.702882351,,,,,,2,1,2019_May_31_1104,FaceNameControl_Picture&Audio,3.0.4,60.00430112
16,FacesBlock4.xlsx,Brandon.mp4,Brandon.JPG,Brandon,48,videoFrameBrandon.png,0,3,3,3,0.0,7.0,7.0,3.0,,,,,1.0,0.8360838270000001,,,,,,2,1,2019_May_31_1104,FaceNameControl_Picture&Audio,3.0.4,60.00430112
17,FacesBlock4.xlsx,Brandon.mp4,Brandon.JPG,Brandon,48,videoFrameBrandon.png,0,3,3,3,,,,,0.0,11.0,11.0,3.0,,,brandon,"['b', 'r', 'a', 'n', 'd', 'o', 'n']",1.0,"[3.1841178801842034, 3.2845517960377038, 3.3680843408219516, 3.484566144179553, 3.584490996785462, 3.68444124981761, 3.784403884783387]",3.0,2,1,2019_May_31_1104,FaceNameControl_Picture&Audio,3.0.4,60.00430112
18,FacesBlock4.xlsx,Brian.mp4,Brian.JPG,Brian,49,videoFrameBrian.png,0,3,3,3,0.0,8.0,8.0,4.0,,,,,1.0,2.8356451760000003,,,,,,2,1,2019_May_31_1104,FaceNameControl_Picture&Audio,3.0.4,60.00430112
19,FacesBlock4.xlsx,Brian.mp4,Brian.JPG,Brian,49,videoFrameBrian.png,0,3,3,3,,,,,0.0,9.0,9.0,4.0,,,kevin,"['k', 'e', 'v', 'i', 'n']",0.0,"[7.333873086143285, 7.499960147310048, 7.649814447388053, 7.767017430160195, 7.8677041772753]",1.0,2,1,2019_May_31_1104,FaceNameControl_Picture&Audio,3.0.4,60.00430112
20,FacesBlock4.xlsx,Brianna.mp4,Brianna.JPG,Brianna,50,videoFrameBrianna.png,0,3,3,3,0.0,12.0,12.0,5.0,,,,,2.0,2.2024678619999998,,,,,,2,1,2019_May_31_1104,FaceNameControl_Picture&Audio,3.0.4,60.00430112
21,FacesBlock4.xlsx,Brianna.mp4,Brianna.JPG,Brianna,50,videoFrameBrianna.png,0,3,3,3,,,,,0.0,4.0,4.0,5.0,,,amber,"['a', 'm', 'b', 'e', 'r']",0.0,"[2.750866403337568, 3.017902489285916, 3.1347601362504065, 3.2179585369303823, 3.300968529190868]",1.0,2,1,2019_May_31_1104,FaceNameControl_Picture&Audio,3.0.4,60.00430112
22,FacesBlock2.xlsx,Brittany.mp4,Brittany.JPG,Brittany,17,videoFrameBrittany.png,0,0,0,1,0.0,5.0,5.0,2.0,,,,,2.0,1.135881669,,,,,,2,1,2019_May_31_1104,FaceNameControl_Picture&Audio,3.0.4,60.00430112
23,FacesBlock2.xlsx,Brittany.mp4,Brittany.JPG,Brittany,17,videoFrameBrittany.png,0,0,0,1,,,,,0.0,3.0,3.0,2.0,,,heather,"['h', 'e', 'a', 't', 'h', 'e', 'r']",0.0,"[3.001696441322565, 3.268230393063277, 3.334451644215733, 3.5183161571621895, 3.7848314861766994, 3.9177423431538045, 4.000980330165476]",3.0,2,1,2019_May_31_1104,FaceNameControl_Picture&Audio,3.0.4,60.00430112
24,FacesBlock4.xlsx,Caleb.mp4,Caleb.JPG,Caleb,51,videoFrameCaleb.png,0,3,3,3,0.0,5.0,5.0,6.0,,,,,1.0,1.869011736,,,,,,2,1,2019_May_31_1104,FaceNameControl_Picture&Audio,3.0.4,60.00430112
25,FacesBlock4.xlsx,Caleb.mp4,Caleb.JPG,Caleb,51,videoFrameCaleb.png,0,3,3,3,,,,,0.0,5.0,5.0,6.0,,,brandon,"['b', 'r', 'a', 'n', 'd', 'o', 'n']",0.0,"[4.967932955361903, 5.084513490088284, 5.184132830239832, 5.268038016278297, 5.384157837368548, 5.533875310327858, 5.6681306273676455]",1.0,2,1,2019_May_31_1104,FaceNameControl_Picture&Audio,3.0.4,60.00430112
26,FacesBlock2.xlsx,Cody.mp4,Cody.JPG,Cody,18,videoFrameCody.png,0,0,0,1,0.0,11.0,11.0,3.0,,,,,1.0,2.885983279,,,,,,2,1,2019_May_31_1104,FaceNameControl_Picture&Audio,3.0.4,60.00430112
27,FacesBlock2.xlsx,Cody.mp4,Cody.JPG,Cody,18,videoFrameCody.png,0,0,0,1,,,,,0.0,5.0,5.0,3.0,,,zackery,"['z', 'a', 'c', 'k', 'e', 'r', 'y']",0.0,"[6.9171039131470025, 7.333704881835729, 7.599575329106301, 9.18261485779658, 9.3160017747432, 9.366111231036484, 9.96556014707312]",1.0,2,1,2019_May_31_1104,FaceNameControl_Picture&Audio,3.0.4,60.00430112
29,FacesBlock3.xlsx,Courtney.mp4,Courtney.JPG,Courtney,30,videoFrameCourtney.png,0,1,1,2,,,,,0.0,5.0,5.0,0.0,,,courtney,"['c', 'o', 'u', 'r', 't', 'n', 'e', 't', 'y', 'backspace', 'backspace', 'y']",1.0,"[2.385449535213411, 2.6017370061017573, 2.734423113055527, 2.8683474021963775, 3.0352405342273414, 3.201512707863003, 3.318388409912586, 3.399440123233944, 3.634760655928403, 4.100835382938385, 4.2506291079334915, 5.951038057915866]",4.0,2,1,2019_May_31_1104,FaceNameControl_Picture&Audio,3.0.4,60.00430112
28,FacesBlock3.xlsx,Courtney.mp4,Courtney.JPG,Courtney,30,videoFrameCourtney.png,0,1,1,2,0.0,6.0,6.0,0.0,,,,,2.0,1.236055656,,,,,,2,1,2019_May_31_1104,FaceNameControl_Picture&Audio,3.0.4,60.00430112
30,FacesBlock3.xlsx,Daniel.mp4,Daniel.JPG,Daniel,31,videoFrameDaniel.png,0,1,1,2,0.0,4.0,4.0,1.0,,,,,1.0,1.435348724,,,,,,2,1,2019_May_31_1104,FaceNameControl_Picture&Audio,3.0.4,60.00430112
31,FacesBlock3.xlsx,Daniel.mp4,Daniel.JPG,Daniel,31,videoFrameDaniel.png,0,1,1,2,,,,,0.0,10.0,10.0,1.0,,,,None,0.0,,1.0,2,1,2019_May_31_1104,FaceNameControl_Picture&Audio,3.0.4,60.00430112
32,FacesBlock1.xlsx,Danielle.mp4,Danielle.JPG,Danielle,3,videoFrameDanielle.png,0,2,2,0,0.0,1.0,1.0,3.0,,,,,2.0,1.635831945,,,,,,2,1,2019_May_31_1104,FaceNameControl_Picture&Audio,3.0.4,60.00430112
33,FacesBlock1.xlsx,Danielle.mp4,Danielle.JPG,Danielle,3,videoFrameDanielle.png,0,2,2,0,,,,,0.0,13.0,13.0,3.0,,,,None,0.0,,1.0,2,1,2019_May_31_1104,FaceNameControl_Picture&Audio,3.0.4,60.00430112
34,FacesBlock2.xlsx,David.mp4,David.JPG,David,19,videoFrameDavid.png,0,0,0,1,0.0,7.0,7.0,4.0,,,,,1.0,1.835914095,,,,,,2,1,2019_May_31_1104,FaceNameControl_Picture&Audio,3.0.4,60.00430112
35,FacesBlock2.xlsx,David.mp4,David.JPG,David,19,videoFrameDavid.png,0,0,0,1,,,,,0.0,4.0,4.0,4.0,,,jeremy,"['j', 'e', 'r', 'e', 'm', 'y']",0.0,"[3.217750263866037, 3.4843051908537745, 3.5657781469635665, 3.6838213899172843, 3.9672033470124006, 4.101164950057864]",2.0,2,1,2019_May_31_1104,FaceNameControl_Picture&Audio,3.0.4,60.00430112
36,FacesBlock4.xlsx,Dylan.mp4,Dylan.JPG,Dylan,52,videoFrameDylan.png,0,3,3,3,0.0,1.0,1.0,7.0,,,,,1.0,1.3689918909999998,,,,,,2,1,2019_May_31_1104,FaceNameControl_Picture&Audio,3.0.4,60.00430112
37,FacesBlock4.xlsx,Dylan.mp4,Dylan.JPG,Dylan,52,videoFrameDylan.png,0,3,3,3,,,,,0.0,13.0,13.0,7.0,,,dylan,"['d', 'y', 'l', 'a', 'n']",1.0,"[2.8843232938088477, 3.0512954867444932, 3.234878287650645, 3.684298242907971, 3.834653597790748]",1.0,2,1,2019_May_31_1104,FaceNameControl_Picture&Audio,3.0.4,60.00430112
38,FacesBlock4.xlsx,Emily.mp4,Emily.JPG,Emily,53,videoFrameEmily.png,0,3,3,3,0.0,6.0,6.0,8.0,,,,,2.0,1.136489747,,,,,,2,1,2019_May_31_1104,FaceNameControl_Picture&Audio,3.0.4,60.00430112
39,FacesBlock4.xlsx,Emily.mp4,Emily.JPG,Emily,53,videoFrameEmily.png,0,3,3,3,,,,,0.0,3.0,3.0,8.0,,,julie,"['j', 'l', 'backspace', 'u', 'l', 'i', 'e']",0.0,"[3.734344127122313, 3.848669997882098, 4.733419723808765, 5.265008402988315, 5.5003158380277455, 5.683457945007831, 5.899648338090628]",2.0,2,1,2019_May_31_1104,FaceNameControl_Picture&Audio,3.0.4,60.00430112
40,FacesBlock1.xlsx,Eric.mp4,Eric.JPG,Eric,4,videoFrameEric.png,0,2,2,0,0.0,10.0,10.0,4.0,,,,,1.0,1.20265735,,,,,,2,1,2019_May_31_1104,FaceNameControl_Picture&Audio,3.0.4,60.00430112
41,FacesBlock1.xlsx,Eric.mp4,Eric.JPG,Eric,4,videoFrameEric.png,0,2,2,0,,,,,0.0,11.0,11.0,4.0,,,timoth,"['t', 'i', 'm', 'o', 't', 'h', 'y', 'backspace']",0.0,"[3.734549378976226, 3.834379809908569, 4.03452671226114, 4.148942884989083, 4.268317387904972, 4.3675684672780335, 4.501067487988621, 8.882381058298051]",1.0,2,1,2019_May_31_1104,FaceNameControl_Picture&Audio,3.0.4,60.00430112
43,FacesBlock1.xlsx,Ethan.mp4,Ethan.JPG,Ethan,5,videoFrameEthan.png,0,2,2,0,,,,,0.0,5.0,5.0,5.0,,,timothy,"['t', 'i', 'm', 'o', 't', 'h', 'y']",0.0,"[4.133913228753954, 4.250776537694037, 4.33419238589704, 4.417167481966317, 4.550452549010515, 4.717321828939021, 4.817048055585474]",3.0,2,1,2019_May_31_1104,FaceNameControl_Picture&Audio,3.0.4,60.00430112
42,FacesBlock1.xlsx,Ethan.mp4,Ethan.JPG,Ethan,5,videoFrameEthan.png,0,2,2,0,0.0,2.0,2.0,5.0,,,,,1.0,0.7857343720000001,,,,,,2,1,2019_May_31_1104,FaceNameControl_Picture&Audio,3.0.4,60.00430112
44,FacesBlock4.xlsx,Grace.mp4,Grace.JPG,Grace,54,videoFrameGrace.png,0,3,3,3,0.0,4.0,4.0,9.0,,,,,2.0,1.052026502,,,,,,2,1,2019_May_31_1104,FaceNameControl_Picture&Audio,3.0.4,60.00430112
45,FacesBlock4.xlsx,Grace.mp4,Grace.JPG,Grace,54,videoFrameGrace.png,0,3,3,3,,,,,0.0,2.0,2.0,9.0,,,grace,"['g', 'r', 'a', 'x', 'e', 'backspace', 'backspace', 'c', 'e']",1.0,"[1.918267763685435, 2.1683939029462636, 2.3026107628829777, 2.568526674993336, 2.7016417626291513, 3.167251684702933, 3.317509368993342, 3.4518322879448533, 3.484723563771695]",4.0,2,1,2019_May_31_1104,FaceNameControl_Picture&Audio,3.0.4,60.00430112
46,FacesBlock2.xlsx,Haley.mp4,Haley.JPG,Haley,20,videoFrameHaley.png,0,0,0,1,0.0,9.0,9.0,5.0,,,,,2.0,1.8521625369999999,,,,,,2,1,2019_May_31_1104,FaceNameControl_Picture&Audio,3.0.4,60.00430112
47,FacesBlock2.xlsx,Haley.mp4,Haley.JPG,Haley,20,videoFrameHaley.png,0,0,0,1,,,,,0.0,1.0,1.0,5.0,,,ashley,"['a', 's', 'h', 'l', 'e', 'y', 'return', 'space']",0.0,"[2.601563752628863, 3.0677230218425393, 3.3335355389863253, 3.983276514802128, 4.416814182884991, 4.767022201791406, 5.782383543904871, 7.199695846997201]",3.0,2,1,2019_May_31_1104,FaceNameControl_Picture&Audio,3.0.4,60.00430112
48,FacesBlock1.xlsx,Hannah.mp4,Hannah.JPG,Hannah,6,videoFrameHannah.png,0,2,2,0,0.0,9.0,9.0,6.0,,,,,2.0,0.9687232809999999,,,,,,2,1,2019_May_31_1104,FaceNameControl_Picture&Audio,3.0.4,60.00430112
49,FacesBlock1.xlsx,Hannah.mp4,Hannah.JPG,Hannah,6,videoFrameHannah.png,0,2,2,0,,,,,0.0,9.0,9.0,6.0,,,amanda,"['a', 'm', 'a', 'n', 'd', 'a']",0.0,"[5.731994591653347, 5.833987771999091, 5.950558043085039, 6.083999877795577, 6.1839607446454465, 7.233899314887822]",3.0,2,1,2019_May_31_1104,FaceNameControl_Picture&Audio,3.0.4,60.00430112
50,FacesBlock2.xlsx,Heather.mp4,Heather.JPG,Heather,21,videoFrameHeather.png,0,0,0,1,0.0,2.0,2.0,6.0,,,,,2.0,0.969251657,,,,,,2,1,2019_May_31_1104,FaceNameControl_Picture&Audio,3.0.4,60.00430112
51,FacesBlock2.xlsx,Heather.mp4,Heather.JPG,Heather,21,videoFrameHeather.png,0,0,0,1,,,,,0.0,12.0,12.0,6.0,,,,None,0.0,,1.0,2,1,2019_May_31_1104,FaceNameControl_Picture&Audio,3.0.4,60.00430112
52,FacesBlock3.xlsx,Jacob.mp4,Jacob.JPG,Jacob,32,videoFrameJacob.png,0,1,1,2,0.0,3.0,3.0,2.0,,,,,1.0,1.352747225,,,,,,2,1,2019_May_31_1104,FaceNameControl_Picture&Audio,3.0.4,60.00430112
53,FacesBlock3.xlsx,Jacob.mp4,Jacob.JPG,Jacob,32,videoFrameJacob.png,0,1,1,2,,,,,0.0,0.0,0.0,2.0,,,josh,"['j', 'o', 's', 'h']",0.0,"[4.23424208490178, 4.434334190096706, 4.817362818866968, 5.116694747004658]",3.0,2,1,2019_May_31_1104,FaceNameControl_Picture&Audio,3.0.4,60.00430112
54,FacesBlock4.xlsx,Jason.mp4,Jason.JPG,Jason,55,videoFrameJason.png,0,3,3,3,0.0,3.0,3.0,10.0,,,,,1.0,1.019176202,,,,,,2,1,2019_May_31_1104,FaceNameControl_Picture&Audio,3.0.4,60.00430112
55,FacesBlock4.xlsx,Jason.mp4,Jason.JPG,Jason,55,videoFrameJason.png,0,3,3,3,,,,,0.0,6.0,6.0,10.0,,,,None,0.0,,1.0,2,1,2019_May_31_1104,FaceNameControl_Picture&Audio,3.0.4,60.00430112
56,FacesBlock1.xlsx,Jenna.mp4,Jenna.JPG,Jenna,7,videoFrameJenna.png,0,2,2,0,0.0,11.0,11.0,7.0,,,,,2.0,1.935370878,,,,,,2,1,2019_May_31_1104,FaceNameControl_Picture&Audio,3.0.4,60.00430112
57,FacesBlock1.xlsx,Jenna.mp4,Jenna.JPG,Jenna,7,videoFrameJenna.png,0,2,2,0,,,,,0.0,8.0,8.0,7.0,,,natalie,"['n', 'a', 't', 'a', 'l', 'i', 'e']",0.0,"[6.566617712378502, 6.700219043996185, 6.80020704632625, 6.949516334105283, 7.0998335080221295, 7.149747292976826, 7.2494781841523945]",3.0,2,1,2019_May_31_1104,FaceNameControl_Picture&Audio,3.0.4,60.00430112
59,FacesBlock2.xlsx,Jeremy.mp4,Jeremy.JPG,Jeremy,22,videoFrameJeremy.png,0,0,0,1,,,,,0.0,8.0,8.0,7.0,,,jeremy,"['j', 'e', 'r', 'e', 'm', 'y']",1.0,"[4.534853827673942, 4.717421107925475, 4.817769085988402, 4.934957633726299, 5.067818948999047, 5.232461971696466]",1.0,2,1,2019_May_31_1104,FaceNameControl_Picture&Audio,3.0.4,60.00430112
58,FacesBlock2.xlsx,Jeremy.mp4,Jeremy.JPG,Jeremy,22,videoFrameJeremy.png,0,0,0,1,0.0,12.0,12.0,7.0,,,,,1.0,1.618962068,,,,,,2,1,2019_May_31_1104,FaceNameControl_Picture&Audio,3.0.4,60.00430112
60,FacesBlock1.xlsx,Jessica.mp4,Jessica.JPG,Jessica,8,videoFrameJessica.png,0,2,2,0,0.0,8.0,8.0,8.0,,,,,2.0,0.585762131,,,,,,2,1,2019_May_31_1104,FaceNameControl_Picture&Audio,3.0.4,60.00430112
61,FacesBlock1.xlsx,Jessica.mp4,Jessica.JPG,Jessica,8,videoFrameJessica.png,0,2,2,0,,,,,0.0,2.0,2.0,8.0,,,jessica,"['j', 'e', 's', 's', 'i', 'c', 'a']",1.0,"[2.084717359393835, 2.6013801083900034, 2.8673275830224156, 3.0172796831466258, 3.5839908961206675, 4.084389308001846, 4.467386934440583]",4.0,2,1,2019_May_31_1104,FaceNameControl_Picture&Audio,3.0.4,60.00430112
62,FacesBlock2.xlsx,Josh.mp4,Josh.JPG,Josh,23,videoFrameJosh.png,0,0,0,1,0.0,8.0,8.0,8.0,,,,,1.0,1.152576922,,,,,,2,1,2019_May_31_1104,FaceNameControl_Picture&Audio,3.0.4,60.00430112
63,FacesBlock2.xlsx,Josh.mp4,Josh.JPG,Josh,23,videoFrameJosh.png,0,0,0,1,,,,,0.0,7.0,7.0,8.0,,,justin,"['j', 'u', 's', 't', 'i', 'n']",0.0,"[2.435204792767763, 2.651542501989752, 2.784685440827161, 2.8848220338113606, 3.0013823159970343, 3.1010643281042576]",1.0,2,1,2019_May_31_1104,FaceNameControl_Picture&Audio,3.0.4,60.00430112
64,FacesBlock1.xlsx,Julia.mp4,Julia.JPG,Julia,9,videoFrameJulia.png,0,2,2,0,0.0,12.0,12.0,9.0,,,,,2.0,1.718993601,,,,,,2,1,2019_May_31_1104,FaceNameControl_Picture&Audio,3.0.4,60.00430112
65,FacesBlock1.xlsx,Julia.mp4,Julia.JPG,Julia,9,videoFrameJulia.png,0,2,2,0,,,,,0.0,6.0,6.0,9.0,,,julia,"['j', 'u', 'l', 'i', 'a']",1.0,"[2.5188304111361504, 2.702162515837699, 2.9351079100742936, 3.0013070139102638, 3.218644281849265]",4.0,2,1,2019_May_31_1104,FaceNameControl_Picture&Audio,3.0.4,60.00430112
66,FacesBlock2.xlsx,Justin.mp4,Justin.JPG,Justin,24,videoFrameJustin.png,0,0,0,1,0.0,10.0,10.0,9.0,,,,,1.0,1.50267347,,,,,,2,1,2019_May_31_1104,FaceNameControl_Picture&Audio,3.0.4,60.00430112
67,FacesBlock2.xlsx,Justin.mp4,Justin.JPG,Justin,24,videoFrameJustin.png,0,0,0,1,,,,,0.0,9.0,9.0,9.0,,,josh,"['j', 'o', 's', 'h']",0.0,"[1.718024941161275, 1.8511337591335177, 1.918471597135067, 2.101487980224192]",1.0,2,1,2019_May_31_1104,FaceNameControl_Picture&Audio,3.0.4,60.00430112
68,FacesBlock4.xlsx,Katie.mp4,Katie.JPG,Katie,56,videoFrameKatie.png,0,3,3,3,0.0,10.0,10.0,11.0,,,,,2.0,0.9869180120000001,,,,,,2,1,2019_May_31_1104,FaceNameControl_Picture&Audio,3.0.4,60.00430112
69,FacesBlock4.xlsx,Katie.mp4,Katie.JPG,Katie,56,videoFrameKatie.png,0,3,3,3,,,,,0.0,0.0,0.0,11.0,,,,None,0.0,,1.0,2,1,2019_May_31_1104,FaceNameControl_Picture&Audio,3.0.4,60.00430112
70,FacesBlock3.xlsx,Kayla.mp4,Kayla.JPG,Kayla,33,videoFrameKayla.png,0,1,1,2,0.0,13.0,13.0,3.0,,,,,2.0,3.435274723,,,,,,2,1,2019_May_31_1104,FaceNameControl_Picture&Audio,3.0.4,60.00430112
71,FacesBlock3.xlsx,Kayla.mp4,Kayla.JPG,Kayla,33,videoFrameKayla.png,0,1,1,2,,,,,0.0,6.0,6.0,3.0,,,kayla,"['k', 'a', 'y', 'l', 'a', 'return']",1.0,"[2.302199760917574, 2.4510176749899983, 2.5685266200453043, 2.7521922909654677, 2.9351805252954364, 3.234433409292251]",4.0,2,1,2019_May_31_1104,FaceNameControl_Picture&Audio,3.0.4,60.00430112
73,FacesBlock1.xlsx,Kelsey.mp4,Kelsey.JPG,Kelsey,10,videoFrameKelsey.png,0,2,2,0,,,,,0.0,4.0,4.0,10.0,,,,None,0.0,,1.0,2,1,2019_May_31_1104,FaceNameControl_Picture&Audio,3.0.4,60.00430112
72,FacesBlock1.xlsx,Kelsey.mp4,Kelsey.JPG,Kelsey,10,videoFrameKelsey.png,0,2,2,0,0.0,14.0,14.0,10.0,,,,,2.0,0.786440426,,,,,,2,1,2019_May_31_1104,FaceNameControl_Picture&Audio,3.0.4,60.00430112
74,FacesBlock3.xlsx,Kevin.mp4,Kevin.JPG,Kevin,34,videoFrameKevin.png,0,1,1,2,0.0,11.0,11.0,4.0,,,,,1.0,1.619596534,,,,,,2,1,2019_May_31_1104,FaceNameControl_Picture&Audio,3.0.4,60.00430112
75,FacesBlock3.xlsx,Kevin.mp4,Kevin.JPG,Kevin,34,videoFrameKevin.png,0,1,1,2,,,,,0.0,1.0,1.0,4.0,,,daniel,"['d', 'a', 'n', 'i', 'e', 'l']",0.0,"[9.43094861600548, 9.482132432051003, 9.630794150289148, 9.682774590328336, 9.782243042252958, 9.91579529736191]",1.0,2,1,2019_May_31_1104,FaceNameControl_Picture&Audio,3.0.4,60.00430112
76,FacesBlock1.xlsx,Kyle.mp4,Kyle.JPG,Kyle,11,videoFrameKyle.png,0,2,2,0,0.0,6.0,6.0,11.0,,,,,1.0,0.7197935440000001,,,,,,2,1,2019_May_31_1104,FaceNameControl_Picture&Audio,3.0.4,60.00430112
77,FacesBlock1.xlsx,Kyle.mp4,Kyle.JPG,Kyle,11,videoFrameKyle.png,0,2,2,0,,,,,0.0,12.0,12.0,11.0,,,jacob,"['j', 'a', 'c', 'o', 'b']",0.0,"[4.8674899879843, 4.968774592969567, 5.118153057061136, 5.251192206982523, 5.401308443862945]",2.0,2,1,2019_May_31_1104,FaceNameControl_Picture&Audio,3.0.4,60.00430112
78,FacesBlock3.xlsx,Lauren.mp4,Lauren.JPG,Lauren,35,videoFrameLauren.png,0,1,1,2,0.0,12.0,12.0,5.0,,,,,2.0,2.419183925,,,,,,2,1,2019_May_31_1104,FaceNameControl_Picture&Audio,3.0.4,60.00430112
79,FacesBlock3.xlsx,Lauren.mp4,Lauren.JPG,Lauren,35,videoFrameLauren.png,0,1,1,2,,,,,0.0,14.0,14.0,5.0,,,lauren,"['l', 'a', 'u', 'r', 'e', 'n']",1.0,"[2.584236722905189, 2.6679353611543775, 2.8172389660030603, 2.9179967548698187, 3.100904949940741, 3.2183747570961714]",1.0,2,1,2019_May_31_1104,FaceNameControl_Picture&Audio,3.0.4,60.00430112
80,FacesBlock3.xlsx,Mark.mp4,Mark.JPG,Mark,36,videoFrameMark.png,0,1,1,2,0.0,10.0,10.0,6.0,,,,,1.0,1.7025500230000001,,,,,,2,1,2019_May_31_1104,FaceNameControl_Picture&Audio,3.0.4,60.00430112
81,FacesBlock3.xlsx,Mark.mp4,Mark.JPG,Mark,36,videoFrameMark.png,0,1,1,2,,,,,0.0,7.0,7.0,6.0,,,mark,"['m', 'space', 'a', 'r', 'k', 'backspace', 'backspace', 'backspace', 'backspace', 'a', 'r', 'k']",1.0,"[1.5183042860589921, 1.5370171582326293, 2.301275786012411, 2.368227464146912, 2.468408656306565, 3.3670849092304707, 3.5170270199887455, 3.667026105336845, 3.799984895158559, 4.415558557026088, 4.484194199088961, 4.6175407050177455]",4.0,2,1,2019_May_31_1104,FaceNameControl_Picture&Audio,3.0.4,60.00430112
82,FacesBlock1.xlsx,Matthew.mp4,Matthew.JPG,Matthew,12,videoFrameMatthew.png,0,2,2,0,0.0,3.0,3.0,12.0,,,,,1.0,0.701968362,,,,,,2,1,2019_May_31_1104,FaceNameControl_Picture&Audio,3.0.4,60.00430112
83,FacesBlock1.xlsx,Matthew.mp4,Matthew.JPG,Matthew,12,videoFrameMatthew.png,0,2,2,0,,,,,0.0,1.0,1.0,12.0,,,matthew,"['m', 'a', 't', 't', 'h', 'e', 'w']",1.0,"[2.001962808892131, 2.551766887307167, 3.2008798592723906, 3.5183358881622553, 3.9179875468835235, 4.434654668904841, 4.834390860982239]",4.0,2,1,2019_May_31_1104,FaceNameControl_Picture&Audio,3.0.4,60.00430112
84,FacesBlock2.xlsx,Megan.mp4,Megan.JPG,Megan,25,videoFrameMegan.png,0,0,0,1,0.0,4.0,4.0,10.0,,,,,2.0,2.036675023,,,,,,2,1,2019_May_31_1104,FaceNameControl_Picture&Audio,3.0.4,60.00430112
85,FacesBlock2.xlsx,Megan.mp4,Megan.JPG,Megan,25,videoFrameMegan.png,0,0,0,1,,,,,0.0,0.0,0.0,10.0,,,megan,"['m', 'e', 'g', 'a', 'n', 'return']",1.0,"[4.567298778798431, 4.934320486616343, 5.5173897347413, 5.900523312855512, 6.234251546673477, 7.116545327939093]",4.0,2,1,2019_May_31_1104,FaceNameControl_Picture&Audio,3.0.4,60.00430112
87,FacesBlock4.xlsx,Michael.mp4,Michael.JPG,Michael,57,videoFrameMichael.png,0,3,3,3,,,,,0.0,12.0,12.0,12.0,,,,None,0.0,,1.0,2,1,2019_May_31_1104,FaceNameControl_Picture&Audio,3.0.4,60.00430112
86,FacesBlock4.xlsx,Michael.mp4,Michael.JPG,Michael,57,videoFrameMichael.png,0,3,3,3,0.0,14.0,14.0,12.0,,,,,1.0,2.302359787,,,,,,2,1,2019_May_31_1104,FaceNameControl_Picture&Audio,3.0.4,60.00430112
89,FacesBlock4.xlsx,Michelle.mp4,Michelle.JPG,Michelle,58,videoFrameMichelle.png,0,3,3,3,,,,,0.0,8.0,8.0,13.0,,,,None,0.0,,1.0,2,1,2019_May_31_1104,FaceNameControl_Picture&Audio,3.0.4,60.00430112
88,FacesBlock4.xlsx,Michelle.mp4,Michelle.JPG,Michelle,58,videoFrameMichelle.png,0,3,3,3,0.0,0.0,0.0,13.0,,,,,2.0,1.435753311,,,,,,2,1,2019_May_31_1104,FaceNameControl_Picture&Audio,3.0.4,60.00430112
90,FacesBlock1.xlsx,Natalie.mp4,Natalie.JPG,Natalie,13,videoFrameNatalie.png,0,2,2,0,0.0,0.0,0.0,13.0,,,,,2.0,2.119931057,,,,,,2,1,2019_May_31_1104,FaceNameControl_Picture&Audio,3.0.4,60.00430112
91,FacesBlock1.xlsx,Natalie.mp4,Natalie.JPG,Natalie,13,videoFrameNatalie.png,0,2,2,0,,,,,0.0,14.0,14.0,13.0,,,natalie,"['n', 'a', 't', 'a', 'l', 'i', 'e']",1.0,"[1.9848958533257246, 2.135498881340027, 2.285300360992551, 2.585392814129591, 2.785176678095013, 2.935194111429155, 3.28502317937091]",1.0,2,1,2019_May_31_1104,FaceNameControl_Picture&Audio,3.0.4,60.00430112
92,FacesBlock3.xlsx,Nathan.mp4,Nathan.JPG,Nathan,37,videoFrameNathan.png,0,1,1,2,0.0,9.0,9.0,7.0,,,,,1.0,1.61968093,,,,,,2,1,2019_May_31_1104,FaceNameControl_Picture&Audio,3.0.4,60.00430112
93,FacesBlock3.xlsx,Nathan.mp4,Nathan.JPG,Nathan,37,videoFrameNathan.png,0,1,1,2,,,,,0.0,12.0,12.0,7.0,,,nathan,"['n', 'a', 't', 'h', 'a', 'n']",1.0,"[3.4516626028344035, 3.6013920619152486, 3.668081054929644, 3.7683816137723625, 3.834607250057161, 3.9674426107667387]",1.0,2,1,2019_May_31_1104,FaceNameControl_Picture&Audio,3.0.4,60.00430112
94,FacesBlock3.xlsx,Nicole.mp4,Nicole.JPG,Nicole,38,videoFrameNicole.png,0,1,1,2,0.0,8.0,8.0,8.0,,,,,2.0,3.335209799,,,,,,2,1,2019_May_31_1104,FaceNameControl_Picture&Audio,3.0.4,60.00430112
95,FacesBlock3.xlsx,Nicole.mp4,Nicole.JPG,Nicole,38,videoFrameNicole.png,0,1,1,2,,,,,0.0,2.0,2.0,8.0,,,kayla,"['k', 'a', 'y', 'l', 'a']",0.0,"[6.317748859990388, 6.500413642730564, 6.6842444045469165, 6.917252089828253, 7.383281603921205]",1.0,2,1,2019_May_31_1104,FaceNameControl_Picture&Audio,3.0.4,60.00430112
96,FacesBlock3.xlsx,Noah.mp4,Noah.JPG,Noah,39,videoFrameNoah.png,0,1,1,2,0.0,0.0,0.0,9.0,,,,,1.0,2.035624657,,,,,,2,1,2019_May_31_1104,FaceNameControl_Picture&Audio,3.0.4,60.00430112
97,FacesBlock3.xlsx,Noah.mp4,Noah.JPG,Noah,39,videoFrameNoah.png,0,1,1,2,,,,,0.0,4.0,4.0,9.0,,,kevin,"['k', 'e', 'v', 'i', 'n']",0.0,"[4.300760529004037, 4.517354807816446, 4.766668648924679, 4.967594077810645, 5.2004906591027975]",3.0,2,1,2019_May_31_1104,FaceNameControl_Picture&Audio,3.0.4,60.00430112
98,FacesBlock3.xlsx,Olivia.mp4,Olivia.JPG,Olivia,40,videoFrameOlivia.png,0,1,1,2,0.0,1.0,1.0,10.0,,,,,2.0,2.06930977,,,,,,2,1,2019_May_31_1104,FaceNameControl_Picture&Audio,3.0.4,60.00430112
99,FacesBlock3.xlsx,Olivia.mp4,Olivia.JPG,Olivia,40,videoFrameOlivia.png,0,1,1,2,,,,,0.0,11.0,11.0,10.0,,,ashle,"['a', 's', 'h', 'l', 'e', 'y', 'backspace']",0.0,"[6.700053248088807, 6.866766067221761, 7.033270594198257, 7.166213111020625, 7.2664482411928475, 7.933289787266403, 9.331452330108732]",1.0,2,1,2019_May_31_1104,FaceNameControl_Picture&Audio,3.0.4,60.00430112
100,FacesBlock2.xlsx,Rachel.mp4,Rachel.JPG,Rachel,26,videoFrameRachel.png,0,0,0,1,0.0,14.0,14.0,11.0,,,,,2.0,1.9355979509999999,,,,,,2,1,2019_May_31_1104,FaceNameControl_Picture&Audio,3.0.4,60.00430112
101,FacesBlock2.xlsx,Rachel.mp4,Rachel.JPG,Rachel,26,videoFrameRachel.png,0,0,0,1,,,,,0.0,14.0,14.0,11.0,,,,None,0.0,,1.0,2,1,2019_May_31_1104,FaceNameControl_Picture&Audio,3.0.4,60.00430112
103,FacesBlock3.xlsx,Rebecca.mp4,Rebecca.JPG,Rebecca,41,videoFrameRebecca.png,0,1,1,2,,,,,0.0,13.0,13.0,11.0,,,rebecca,"['r', 'e', 'b', 'e', 'c', 'c', 'a']",1.0,"[5.334205165039748, 5.43400135403499, 5.650914864148945, 5.7841299921274185, 6.08417202020064, 6.4337470647878945, 6.550847752951086]",1.0,2,1,2019_May_31_1104,FaceNameControl_Picture&Audio,3.0.4,60.00430112
102,FacesBlock3.xlsx,Rebecca.mp4,Rebecca.JPG,Rebecca,41,videoFrameRebecca.png,0,1,1,2,0.0,2.0,2.0,11.0,,,,,2.0,1.469107528,,,,,,2,1,2019_May_31_1104,FaceNameControl_Picture&Audio,3.0.4,60.00430112
104,FacesBlock3.xlsx,Sarah.mp4,Sarah.JPG,Sarah,42,videoFrameSarah.png,0,1,1,2,0.0,14.0,14.0,12.0,,,,,2.0,1.202810629,,,,,,2,1,2019_May_31_1104,FaceNameControl_Picture&Audio,3.0.4,60.00430112
105,FacesBlock3.xlsx,Sarah.mp4,Sarah.JPG,Sarah,42,videoFrameSarah.png,0,1,1,2,,,,,0.0,3.0,3.0,12.0,,,sarah,"['s', 'a', 'r', 'a', 'h']",1.0,"[1.3184343711473048, 1.4344423240981996, 1.5683182231150568, 1.7014323859475553, 1.9179707560688257]",4.0,2,1,2019_May_31_1104,FaceNameControl_Picture&Audio,3.0.4,60.00430112
106,FacesBlock3.xlsx,Shelby.mp4,Shelby.JPG,Shelby,43,videoFrameShelby.png,0,1,1,2,0.0,7.0,7.0,13.0,,,,,2.0,2.235345249,,,,,,2,1,2019_May_31_1104,FaceNameControl_Picture&Audio,3.0.4,60.00430112
107,FacesBlock3.xlsx,Shelby.mp4,Shelby.JPG,Shelby,43,videoFrameShelby.png,0,1,1,2,,,,,0.0,9.0,9.0,13.0,,,lauren,"['l', 'a', 'u', 'r', 'e', 'n']",0.0,"[6.1835274286568165, 6.334026600699872, 6.467286058701575, 6.534070742782205, 7.03292842162773, 7.21644319081679]",1.0,2,1,2019_May_31_1104,FaceNameControl_Picture&Audio,3.0.4,60.00430112
108,FacesBlock2.xlsx,Steven.mp4,Steven.JPG,Steven,27,videoFrameSteven.png,0,0,0,1,0.0,0.0,0.0,12.0,,,,,1.0,14.41615626,,,,,,2,1,2019_May_31_1104,FaceNameControl_Picture&Audio,3.0.4,60.00430112
109,FacesBlock2.xlsx,Steven.mp4,Steven.JPG,Steven,27,videoFrameSteven.png,0,0,0,1,,,,,0.0,2.0,2.0,12.0,,,kevi,"['k', 'e', 'v', 'i']",0.0,"[8.417117362376302, 8.917088340036571, 9.399920065421611, 9.766179270111024]",2.0,2,1,2019_May_31_1104,FaceNameControl_Picture&Audio,3.0.4,60.00430112
110,FacesBlock4.xlsx,Taylor.mp4,Taylor.JPG,Taylor,59,videoFrameTaylor.png,0,3,3,3,0.0,11.0,11.0,14.0,,,,,2.0,4.768256254,,,,,,2,1,2019_May_31_1104,FaceNameControl_Picture&Audio,3.0.4,60.00430112
111,FacesBlock4.xlsx,Taylor.mp4,Taylor.JPG,Taylor,59,videoFrameTaylor.png,0,3,3,3,,,,,0.0,14.0,14.0,14.0,,,am,"['a', 'm', 'e', 'b', 'backspace', 'backspace']",0.0,"[8.631086082197726, 8.749743550084531, 8.966508889105171, 8.98751955293119, 9.46580226207152, 9.615661969874054]",1.0,2,1,2019_May_31_1104,FaceNameControl_Picture&Audio,3.0.4,60.00430112
112,FacesBlock3.xlsx,Thomas.mp4,Thomas.JPG,Thomas,44,videoFrameThomas.png,0,1,1,2,0.0,5.0,5.0,14.0,,,,,1.0,2.335896514,,,,,,2,1,2019_May_31_1104,FaceNameControl_Picture&Audio,3.0.4,60.00430112
113,FacesBlock3.xlsx,Thomas.mp4,Thomas.JPG,Thomas,44,videoFrameThomas.png,0,1,1,2,,,,,0.0,8.0,8.0,14.0,,,daniel,"['d', 'a', 'n', 'i', 'e', 'l']",0.0,"[8.267070810776204, 8.433257391676307, 8.498367491643876, 8.616862000897527, 8.733327796682715, 8.9148189406842]",1.0,2,1,2019_May_31_1104,FaceNameControl_Picture&Audio,3.0.4,60.00430112
114,FacesBlock1.xlsx,Timothy.mp4,Timothy.JPG,Timothy,14,videoFrameTimothy.png,0,2,2,0,0.0,5.0,5.0,14.0,,,,,1.0,0.702908718,,,,,,2,1,2019_May_31_1104,FaceNameControl_Picture&Audio,3.0.4,60.00430112
115,FacesBlock1.xlsx,Timothy.mp4,Timothy.JPG,Timothy,14,videoFrameTimothy.png,0,2,2,0,,,,,0.0,10.0,10.0,14.0,,,josh,"['j', 'o', 's', 'h']",0.0,"[8.349648783914745, 8.599506735336035, 8.699643705040216, 8.83297182712704]",1.0,2,1,2019_May_31_1104,FaceNameControl_Picture&Audio,3.0.4,60.00430112
116,FacesBlock2.xlsx,Trevor.mp4,Trevor.JPG,Trevor,28,videoFrameTrevor.png,0,0,0,1,0.0,6.0,6.0,13.0,,,,,1.0,0.735791633,,,,,,2,1,2019_May_31_1104,FaceNameControl_Picture&Audio,3.0.4,60.00430112
117,FacesBlock2.xlsx,Trevor.mp4,Trevor.JPG,Trevor,28,videoFrameTrevor.png,0,0,0,1,,,,,0.0,6.0,6.0,13.0,,,josh,"['j', 'o', 's', 'h']",0.0,"[4.150983519852161, 4.3344074985943735, 4.401192583609372, 4.850393873639405]",1.0,2,1,2019_May_31_1104,FaceNameControl_Picture&Audio,3.0.4,60.00430112
118,FacesBlock2.xlsx,Tyler.mp4,Tyler.JPG,Tyler,29,videoFrameTyler.png,0,0,0,1,0.0,1.0,1.0,14.0,,,,,1.0,1.8359374430000002,,,,,,2,1,2019_May_31_1104,FaceNameControl_Picture&Audio,3.0.4,60.00430112
119,FacesBlock2.xlsx,Tyler.mp4,Tyler.JPG,Tyler,29,videoFrameTyler.png,0,0,0,1,,,,,0.0,11.0,11.0,14.0,,,kevin,"['k', 'e', 'v', 'i', 'n']",0.0,"[8.399410794954747, 8.533047078177333, 8.682898373808712, 8.749721365980804, 8.849552583880723]",1.0,2,1,2019_May_31_1104,FaceNameControl_Picture&Audio,3.0.4,60.00430112
