,condsFile,Video,Photo,Name,Row,videoFrame,blocks.thisRepN,blocks.thisTrialN,blocks.thisN,blocks.thisIndex,presentations.thisRepN,presentations.thisTrialN,presentations.thisN,presentations.thisIndex,testing.thisRepN,testing.thisTrialN,testing.thisN,testing.thisIndex,judgementResp.keys,judgementResp.rt,inputText,key_resp_3.keys,recallRating_s,key_resp_3.rt,rating_resp.keys,participant,session,date,expName,psychopyVersion,frameRate
5,FacesBlock2.xlsx,Aaron.mp4,Aaron.JPG,Aaron,15.0,videoFrameAaron.png,0.0,0.0,0.0,1.0,0.0,4.0,4.0,0.0,,,,,1.0,0.436398933,,,,,,31,1,2019_Oct_02_1700,FaceNameControl_Picture&Audio,3.0.4,60.04898472
27,FacesBlock2.xlsx,Aaron.mp4,Aaron.JPG,Aaron,15.0,videoFrameAaron.png,0.0,0.0,0.0,1.0,,,,,0.0,11.0,11.0,0.0,,,jeremy,"['j', 'e', 'r', 'e', 'm', 'y', 'return']",0.0,"[1.8516503200080479, 2.068978330004029, 2.2848028730077203, 2.435645686011412, 2.635364534013206, 2.767451378007536, 3.166670852006064]",1.0,31,1,2019_Oct_02_1700,FaceNameControl_Picture&Audio,3.0.4,60.04898472
105,FacesBlock1.xlsx,Adam.mp4,Adam.JPG,Adam,0.0,videoFrameAdam.png,0.0,3.0,3.0,0.0,0.0,14.0,14.0,0.0,,,,,1.0,0.6033456,,,,,,31,1,2019_Oct_02_1700,FaceNameControl_Picture&Audio,3.0.4,60.04898472
111,FacesBlock1.xlsx,Adam.mp4,Adam.JPG,Adam,0.0,videoFrameAdam.png,0.0,3.0,3.0,0.0,,,,,0.0,5.0,5.0,0.0,,,adam,"['a', 'd', 'a', 'm']",1.0,"[2.1186657259968342, 2.384848419998889, 2.6684880719985813, 3.117729667996173]",4.0,31,1,2019_Oct_02_1700,FaceNameControl_Picture&Audio,3.0.4,60.04898472
65,FacesBlock4.xlsx,Alyssa.mp4,Alyssa.JPG,Alyssa,45.0,videoFrameAlyssa.png,0.0,2.0,2.0,3.0,0.0,4.0,4.0,0.0,,,,,2.0,0.9341441429999999,,,,,,31,1,2019_Oct_02_1700,FaceNameControl_Picture&Audio,3.0.4,60.04898472
78,FacesBlock4.xlsx,Alyssa.mp4,Alyssa.JPG,Alyssa,45.0,videoFrameAlyssa.png,0.0,2.0,2.0,3.0,,,,,0.0,2.0,2.0,0.0,,,hannah,"['h', 'a', 'n', 'n', 'a', 'h']",0.0,"[1.952880851997179, 2.1523010389937554, 2.335774417995708, 2.502265418996103, 2.6687765499955276, 2.7856517409964]",1.0,31,1,2019_Oct_02_1700,FaceNameControl_Picture&Audio,3.0.4,60.04898472
118,FacesBlock1.xlsx,Amanda.mp4,Amanda.JPG,Amanda,1.0,videoFrameAmanda.png,0.0,3.0,3.0,0.0,,,,,0.0,12.0,12.0,1.0,,,,None,0.0,,1.0,31,1,2019_Oct_02_1700,FaceNameControl_Picture&Audio,3.0.4,60.04898472
101,FacesBlock1.xlsx,Amanda.mp4,Amanda.JPG,Amanda,1.0,videoFrameAmanda.png,0.0,3.0,3.0,0.0,0.0,10.0,10.0,1.0,,,,,2.0,0.38638334799999996,,,,,,31,1,2019_Oct_02_1700,FaceNameControl_Picture&Audio,3.0.4,60.04898472
66,FacesBlock4.xlsx,Andrew.mp4,Andrew.JPG,Andrew,46.0,videoFrameAndrew.png,0.0,2.0,2.0,3.0,0.0,5.0,5.0,1.0,,,,,1.0,1.602817639,,,,,,31,1,2019_Oct_02_1700,FaceNameControl_Picture&Audio,3.0.4,60.04898472
89,FacesBlock4.xlsx,Andrew.mp4,Andrew.JPG,Andrew,46.0,videoFrameAndrew.png,0.0,2.0,2.0,3.0,,,,,0.0,13.0,13.0,1.0,,,dylan,"['d', 'y', 'l', 'a', 'n']",0.0,"[3.3015331950009568, 3.6676583960070275, 4.15070840100816, 4.451638375001494, 4.601161824000883]",2.0,31,1,2019_Oct_02_1700,FaceNameControl_Picture&Audio,3.0.4,60.04898472
68,FacesBlock4.xlsx,Anna.mp4,Anna.JPG,Anna,47.0,videoFrameAnna.png,0.0,2.0,2.0,3.0,0.0,7.0,7.0,2.0,,,,,2.0,1.30286277,,,,,,31,1,2019_Oct_02_1700,FaceNameControl_Picture&Audio,3.0.4,60.04898472
88,FacesBlock4.xlsx,Anna.mp4,Anna.JPG,Anna,47.0,videoFrameAnna.png,0.0,2.0,2.0,3.0,,,,,0.0,12.0,12.0,2.0,,,,None,0.0,,1.0,31,1,2019_Oct_02_1700,FaceNameControl_Picture&Audio,3.0.4,60.04898472
26,FacesBlock2.xlsx,Ashley.mp4,Ashley.JPG,Ashley,16.0,videoFrameAshley.png,0.0,0.0,0.0,1.0,,,,,0.0,10.0,10.0,1.0,,,,None,0.0,,1.0,31,1,2019_Oct_02_1700,FaceNameControl_Picture&Audio,3.0.4,60.04898472
10,FacesBlock2.xlsx,Ashley.mp4,Ashley.JPG,Ashley,16.0,videoFrameAshley.png,0.0,0.0,0.0,1.0,0.0,9.0,9.0,1.0,,,,,2.0,0.352816684,,,,,,31,1,2019_Oct_02_1700,FaceNameControl_Picture&Audio,3.0.4,60.04898472
94,FacesBlock1.xlsx,Bradley.mp4,Bradley.JPG,Bradley,2.0,videoFrameBradley.png,0.0,3.0,3.0,0.0,0.0,3.0,3.0,2.0,,,,,1.0,1.1692045709999999,,,,,,31,1,2019_Oct_02_1700,FaceNameControl_Picture&Audio,3.0.4,60.04898472
106,FacesBlock1.xlsx,Bradley.mp4,Bradley.JPG,Bradley,2.0,videoFrameBradley.png,0.0,3.0,3.0,0.0,,,,,0.0,0.0,0.0,2.0,,,jason,"['j', 'a', 's', 'o', 'n']",0.0,"[1.602435114007676, 1.9524202839966165, 2.200080604001414, 2.399980387999676, 2.535235814997577]",2.0,31,1,2019_Oct_02_1700,FaceNameControl_Picture&Audio,3.0.4,60.04898472
85,FacesBlock4.xlsx,Brandon.mp4,Brandon.JPG,Brandon,48.0,videoFrameBrandon.png,0.0,2.0,2.0,3.0,,,,,0.0,9.0,9.0,3.0,,,,None,0.0,,1.0,31,1,2019_Oct_02_1700,FaceNameControl_Picture&Audio,3.0.4,60.04898472
69,FacesBlock4.xlsx,Brandon.mp4,Brandon.JPG,Brandon,48.0,videoFrameBrandon.png,0.0,2.0,2.0,3.0,0.0,8.0,8.0,3.0,,,,,1.0,1.302452349,,,,,,31,1,2019_Oct_02_1700,FaceNameControl_Picture&Audio,3.0.4,60.04898472
71,FacesBlock4.xlsx,Brian.mp4,Brian.JPG,Brian,49.0,videoFrameBrian.png,0.0,2.0,2.0,3.0,0.0,10.0,10.0,4.0,,,,,1.0,1.302373288,,,,,,31,1,2019_Oct_02_1700,FaceNameControl_Picture&Audio,3.0.4,60.04898472
77,FacesBlock4.xlsx,Brian.mp4,Brian.JPG,Brian,49.0,videoFrameBrian.png,0.0,2.0,2.0,3.0,,,,,0.0,1.0,1.0,4.0,,,ryan,"['r', 'y', 'a', 'n']",0.0,"[7.616959831997519, 7.833068148989696, 8.066858828999102, 8.232587222999427]",2.0,31,1,2019_Oct_02_1700,FaceNameControl_Picture&Audio,3.0.4,60.04898472
75,FacesBlock4.xlsx,Brianna.mp4,Brianna.JPG,Brianna,50.0,videoFrameBrianna.png,0.0,2.0,2.0,3.0,0.0,14.0,14.0,5.0,,,,,2.0,1.302937901,,,,,,31,1,2019_Oct_02_1700,FaceNameControl_Picture&Audio,3.0.4,60.04898472
83,FacesBlock4.xlsx,Brianna.mp4,Brianna.JPG,Brianna,50.0,videoFrameBrianna.png,0.0,2.0,2.0,3.0,,,,,0.0,7.0,7.0,5.0,,,,None,0.0,,1.0,31,1,2019_Oct_02_1700,FaceNameControl_Picture&Audio,3.0.4,60.04898472
22,FacesBlock2.xlsx,Brittany.mp4,Brittany.JPG,Brittany,17.0,videoFrameBrittany.png,0.0,0.0,0.0,1.0,,,,,0.0,6.0,6.0,2.0,,,kayla,"['k', 'a', 'y', 'l', 'a']",0.0,"[3.9013038120028796, 4.033688288007397, 4.4347617070015986, 4.717436063001514, 4.9339253369980725]",2.0,31,1,2019_Oct_02_1700,FaceNameControl_Picture&Audio,3.0.4,60.04898472
3,FacesBlock2.xlsx,Brittany.mp4,Brittany.JPG,Brittany,17.0,videoFrameBrittany.png,0.0,0.0,0.0,1.0,0.0,2.0,2.0,2.0,,,,,2.0,0.719818656,,,,,,31,1,2019_Oct_02_1700,FaceNameControl_Picture&Audio,3.0.4,60.04898472
90,FacesBlock4.xlsx,Caleb.mp4,Caleb.JPG,Caleb,51.0,videoFrameCaleb.png,0.0,2.0,2.0,3.0,,,,,0.0,14.0,14.0,6.0,,,,None,0.0,,1.0,31,1,2019_Oct_02_1700,FaceNameControl_Picture&Audio,3.0.4,60.04898472
64,FacesBlock4.xlsx,Caleb.mp4,Caleb.JPG,Caleb,51.0,videoFrameCaleb.png,0.0,2.0,2.0,3.0,0.0,3.0,3.0,6.0,,,,,1.0,0.866828225,,,,,,31,1,2019_Oct_02_1700,FaceNameControl_Picture&Audio,3.0.4,60.04898472
8,FacesBlock2.xlsx,Cody.mp4,Cody.JPG,Cody,18.0,videoFrameCody.png,0.0,0.0,0.0,1.0,0.0,7.0,7.0,3.0,,,,,1.0,0.670073892,,,,,,31,1,2019_Oct_02_1700,FaceNameControl_Picture&Audio,3.0.4,60.04898472
30,FacesBlock2.xlsx,Cody.mp4,Cody.JPG,Cody,18.0,videoFrameCody.png,0.0,0.0,0.0,1.0,,,,,0.0,14.0,14.0,3.0,,,,None,0.0,,1.0,31,1,2019_Oct_02_1700,FaceNameControl_Picture&Audio,3.0.4,60.04898472
58,FacesBlock3.xlsx,Courtney.mp4,Courtney.JPG,Courtney,30.0,videoFrameCourtney.png,0.0,1.0,1.0,2.0,,,,,0.0,12.0,12.0,0.0,,,,None,0.0,,1.0,31,1,2019_Oct_02_1700,FaceNameControl_Picture&Audio,3.0.4,60.04898472
36,FacesBlock3.xlsx,Courtney.mp4,Courtney.JPG,Courtney,30.0,videoFrameCourtney.png,0.0,1.0,1.0,2.0,0.0,5.0,5.0,0.0,,,,,2.0,0.8352296859999999,,,,,,31,1,2019_Oct_02_1700,FaceNameControl_Picture&Audio,3.0.4,60.04898472
32,FacesBlock3.xlsx,Daniel.mp4,Daniel.JPG,Daniel,31.0,videoFrameDaniel.png,0.0,1.0,1.0,2.0,0.0,1.0,1.0,1.0,,,,,1.0,0.769881727,,,,,,31,1,2019_Oct_02_1700,FaceNameControl_Picture&Audio,3.0.4,60.04898472
56,FacesBlock3.xlsx,Daniel.mp4,Daniel.JPG,Daniel,31.0,videoFrameDaniel.png,0.0,1.0,1.0,2.0,,,,,0.0,10.0,10.0,1.0,,,jason,"['j', 'a', 's', 'o', 'n']",0.0,"[6.083733373001451, 6.333521742999437, 6.583642689001863, 6.666453497993643, 6.800213969007018]",2.0,31,1,2019_Oct_02_1700,FaceNameControl_Picture&Audio,3.0.4,60.04898472
108,FacesBlock1.xlsx,Danielle.mp4,Danielle.JPG,Danielle,3.0,videoFrameDanielle.png,0.0,3.0,3.0,0.0,,,,,0.0,2.0,2.0,3.0,,,,None,0.0,,1.0,31,1,2019_Oct_02_1700,FaceNameControl_Picture&Audio,3.0.4,60.04898472
92,FacesBlock1.xlsx,Danielle.mp4,Danielle.JPG,Danielle,3.0,videoFrameDanielle.png,0.0,3.0,3.0,0.0,0.0,1.0,1.0,3.0,,,,,2.0,0.918986518,,,,,,31,1,2019_Oct_02_1700,FaceNameControl_Picture&Audio,3.0.4,60.04898472
11,FacesBlock2.xlsx,David.mp4,David.JPG,David,19.0,videoFrameDavid.png,0.0,0.0,0.0,1.0,0.0,10.0,10.0,4.0,,,,,1.0,0.002942549007,,,,,,31,1,2019_Oct_02_1700,FaceNameControl_Picture&Audio,3.0.4,60.04898472
21,FacesBlock2.xlsx,David.mp4,David.JPG,David,19.0,videoFrameDavid.png,0.0,0.0,0.0,1.0,,,,,0.0,5.0,5.0,4.0,,,,None,0.0,,1.0,31,1,2019_Oct_02_1700,FaceNameControl_Picture&Audio,3.0.4,60.04898472
61,FacesBlock4.xlsx,Dylan.mp4,Dylan.JPG,Dylan,52.0,videoFrameDylan.png,0.0,2.0,2.0,3.0,0.0,0.0,0.0,7.0,,,,,1.0,1.719086753,,,,,,31,1,2019_Oct_02_1700,FaceNameControl_Picture&Audio,3.0.4,60.04898472
84,FacesBlock4.xlsx,Dylan.mp4,Dylan.JPG,Dylan,52.0,videoFrameDylan.png,0.0,2.0,2.0,3.0,,,,,0.0,8.0,8.0,7.0,,,,"['n', 'o', 'a', 'h', 'backspace', 'backspace', 'backspace', 'backspace']",0.0,"[3.6850161559996195, 3.7843192770087626, 3.935145374998683, 4.068499649001751, 7.517027980007697, 8.949514749998343, 9.332921262001037, 9.665869799006032]",1.0,31,1,2019_Oct_02_1700,FaceNameControl_Picture&Audio,3.0.4,60.04898472
80,FacesBlock4.xlsx,Emily.mp4,Emily.JPG,Emily,53.0,videoFrameEmily.png,0.0,2.0,2.0,3.0,,,,,0.0,4.0,4.0,8.0,,,,None,0.0,,1.0,31,1,2019_Oct_02_1700,FaceNameControl_Picture&Audio,3.0.4,60.04898472
74,FacesBlock4.xlsx,Emily.mp4,Emily.JPG,Emily,53.0,videoFrameEmily.png,0.0,2.0,2.0,3.0,0.0,13.0,13.0,8.0,,,,,2.0,1.152737341,,,,,,31,1,2019_Oct_02_1700,FaceNameControl_Picture&Audio,3.0.4,60.04898472
115,FacesBlock1.xlsx,Eric.mp4,Eric.JPG,Eric,4.0,videoFrameEric.png,0.0,3.0,3.0,0.0,,,,,0.0,9.0,9.0,4.0,,,brian,"['b', 'r', 'i', 'a', 'n']",0.0,"[1.7520903440017719, 1.984659235997242, 2.1499878159957007, 2.3852595219941577, 2.5349065519985743]",3.0,31,1,2019_Oct_02_1700,FaceNameControl_Picture&Audio,3.0.4,60.04898472
91,FacesBlock1.xlsx,Eric.mp4,Eric.JPG,Eric,4.0,videoFrameEric.png,0.0,3.0,3.0,0.0,0.0,0.0,0.0,4.0,,,,,1.0,1.969068702,,,,,,31,1,2019_Oct_02_1700,FaceNameControl_Picture&Audio,3.0.4,60.04898472
120,FacesBlock1.xlsx,Ethan.mp4,Ethan.JPG,Ethan,5.0,videoFrameEthan.png,0.0,3.0,3.0,0.0,,,,,0.0,14.0,14.0,5.0,,,,None,0.0,,1.0,31,1,2019_Oct_02_1700,FaceNameControl_Picture&Audio,3.0.4,60.04898472
103,FacesBlock1.xlsx,Ethan.mp4,Ethan.JPG,Ethan,5.0,videoFrameEthan.png,0.0,3.0,3.0,0.0,0.0,12.0,12.0,5.0,,,,,1.0,0.469549929,,,,,,31,1,2019_Oct_02_1700,FaceNameControl_Picture&Audio,3.0.4,60.04898472
63,FacesBlock4.xlsx,Grace.mp4,Grace.JPG,Grace,54.0,videoFrameGrace.png,0.0,2.0,2.0,3.0,0.0,2.0,2.0,9.0,,,,,2.0,0.685881368,,,,,,31,1,2019_Oct_02_1700,FaceNameControl_Picture&Audio,3.0.4,60.04898472
82,FacesBlock4.xlsx,Grace.mp4,Grace.JPG,Grace,54.0,videoFrameGrace.png,0.0,2.0,2.0,3.0,,,,,0.0,6.0,6.0,9.0,,,,None,0.0,,1.0,31,1,2019_Oct_02_1700,FaceNameControl_Picture&Audio,3.0.4,60.04898472
28,FacesBlock2.xlsx,Haley.mp4,Haley.JPG,Haley,20.0,videoFrameHaley.png,0.0,0.0,0.0,1.0,,,,,0.0,12.0,12.0,5.0,,,,None,0.0,,1.0,31,1,2019_Oct_02_1700,FaceNameControl_Picture&Audio,3.0.4,60.04898472
9,FacesBlock2.xlsx,Haley.mp4,Haley.JPG,Haley,20.0,videoFrameHaley.png,0.0,0.0,0.0,1.0,0.0,8.0,8.0,5.0,,,,,2.0,0.652563986,,,,,,31,1,2019_Oct_02_1700,FaceNameControl_Picture&Audio,3.0.4,60.04898472
102,FacesBlock1.xlsx,Hannah.mp4,Hannah.JPG,Hannah,6.0,videoFrameHannah.png,0.0,3.0,3.0,0.0,0.0,11.0,11.0,6.0,,,,,2.0,0.33552106800000003,,,,,,31,1,2019_Oct_02_1700,FaceNameControl_Picture&Audio,3.0.4,60.04898472
110,FacesBlock1.xlsx,Hannah.mp4,Hannah.JPG,Hannah,6.0,videoFrameHannah.png,0.0,3.0,3.0,0.0,,,,,0.0,4.0,4.0,6.0,,,hannah,"['h', 'a', 'n', 'n', 'a', 'h']",1.0,"[1.5180337490019156, 1.718241319002118, 1.9853109649993712, 2.152270425998722, 2.3351650460099336, 2.4015496960055316]",3.0,31,1,2019_Oct_02_1700,FaceNameControl_Picture&Audio,3.0.4,60.04898472
25,FacesBlock2.xlsx,Heather.mp4,Heather.JPG,Heather,21.0,videoFrameHeather.png,0.0,0.0,0.0,1.0,,,,,0.0,9.0,9.0,6.0,,,britney,"['b', 'r', 'i', 't', 'n', 'e', 'y']",0.0,"[6.384133553001448, 6.5174286760011455, 6.682365410000784, 6.783880970993778, 6.966742648990476, 7.0842488019989105, 7.317286042001797]",1.0,31,1,2019_Oct_02_1700,FaceNameControl_Picture&Audio,3.0.4,60.04898472
15,FacesBlock2.xlsx,Heather.mp4,Heather.JPG,Heather,21.0,videoFrameHeather.png,0.0,0.0,0.0,1.0,0.0,14.0,14.0,6.0,,,,,2.0,1.935225244,,,,,,31,1,2019_Oct_02_1700,FaceNameControl_Picture&Audio,3.0.4,60.04898472
35,FacesBlock3.xlsx,Jacob.mp4,Jacob.JPG,Jacob,32.0,videoFrameJacob.png,0.0,1.0,1.0,2.0,0.0,4.0,4.0,2.0,,,,,1.0,0.969544959,,,,,,31,1,2019_Oct_02_1700,FaceNameControl_Picture&Audio,3.0.4,60.04898472
53,FacesBlock3.xlsx,Jacob.mp4,Jacob.JPG,Jacob,32.0,videoFrameJacob.png,0.0,1.0,1.0,2.0,,,,,0.0,7.0,7.0,2.0,,,noah,"['n', 'o', 'a', 'h']",0.0,"[3.651265003994922, 3.867946882994147, 4.084390055999393, 4.300689618990873]",2.0,31,1,2019_Oct_02_1700,FaceNameControl_Picture&Audio,3.0.4,60.04898472
87,FacesBlock4.xlsx,Jason.mp4,Jason.JPG,Jason,55.0,videoFrameJason.png,0.0,2.0,2.0,3.0,,,,,0.0,11.0,11.0,10.0,,,,None,0.0,,1.0,31,1,2019_Oct_02_1700,FaceNameControl_Picture&Audio,3.0.4,60.04898472
73,FacesBlock4.xlsx,Jason.mp4,Jason.JPG,Jason,55.0,videoFrameJason.png,0.0,2.0,2.0,3.0,0.0,12.0,12.0,10.0,,,,,1.0,1.086081727,,,,,,31,1,2019_Oct_02_1700,FaceNameControl_Picture&Audio,3.0.4,60.04898472
93,FacesBlock1.xlsx,Jenna.mp4,Jenna.JPG,Jenna,7.0,videoFrameJenna.png,0.0,3.0,3.0,0.0,0.0,2.0,2.0,7.0,,,,,2.0,1.6192481090000002,,,,,,31,1,2019_Oct_02_1700,FaceNameControl_Picture&Audio,3.0.4,60.04898472
116,FacesBlock1.xlsx,Jenna.mp4,Jenna.JPG,Jenna,7.0,videoFrameJenna.png,0.0,3.0,3.0,0.0,,,,,0.0,10.0,10.0,7.0,,,amanda,"['a', 'm', 'a', 'n', 'd', 'a']",0.0,"[2.918484740992426, 3.167726721992949, 3.334361714994884, 3.534541246990557, 3.70148675199016, 4.03432014399732]",2.0,31,1,2019_Oct_02_1700,FaceNameControl_Picture&Audio,3.0.4,60.04898472
19,FacesBlock2.xlsx,Jeremy.mp4,Jeremy.JPG,Jeremy,22.0,videoFrameJeremy.png,0.0,0.0,0.0,1.0,,,,,0.0,3.0,3.0,7.0,,,tyler,"['t', 'y', 'l', 'e', 'r']",0.0,"[6.533471411996288, 6.783204356994247, 6.999944217997836, 7.28314109799976, 7.499394757003756]",2.0,31,1,2019_Oct_02_1700,FaceNameControl_Picture&Audio,3.0.4,60.04898472
12,FacesBlock2.xlsx,Jeremy.mp4,Jeremy.JPG,Jeremy,22.0,videoFrameJeremy.png,0.0,0.0,0.0,1.0,0.0,11.0,11.0,7.0,,,,,1.0,0.352725787,,,,,,31,1,2019_Oct_02_1700,FaceNameControl_Picture&Audio,3.0.4,60.04898472
109,FacesBlock1.xlsx,Jessica.mp4,Jessica.JPG,Jessica,8.0,videoFrameJessica.png,0.0,3.0,3.0,0.0,,,,,0.0,3.0,3.0,8.0,,,natalie,"['n', 'a', 't', 'a', 'l', 'i', 'e']",0.0,"[4.301821888002451, 4.500625875996775, 4.7016011320083635, 4.784550641008536, 5.234243875005632, 5.333782493995386, 5.401125182004762]",2.0,31,1,2019_Oct_02_1700,FaceNameControl_Picture&Audio,3.0.4,60.04898472
97,FacesBlock1.xlsx,Jessica.mp4,Jessica.JPG,Jessica,8.0,videoFrameJessica.png,0.0,3.0,3.0,0.0,0.0,6.0,6.0,8.0,,,,,2.0,0.452959079,,,,,,31,1,2019_Oct_02_1700,FaceNameControl_Picture&Audio,3.0.4,60.04898472
20,FacesBlock2.xlsx,Josh.mp4,Josh.JPG,Josh,23.0,videoFrameJosh.png,0.0,0.0,0.0,1.0,,,,,0.0,4.0,4.0,8.0,,,,None,0.0,,1.0,31,1,2019_Oct_02_1700,FaceNameControl_Picture&Audio,3.0.4,60.04898472
7,FacesBlock2.xlsx,Josh.mp4,Josh.JPG,Josh,23.0,videoFrameJosh.png,0.0,0.0,0.0,1.0,0.0,6.0,6.0,8.0,,,,,1.0,0.435618929,,,,,,31,1,2019_Oct_02_1700,FaceNameControl_Picture&Audio,3.0.4,60.04898472
119,FacesBlock1.xlsx,Julia.mp4,Julia.JPG,Julia,9.0,videoFrameJulia.png,0.0,3.0,3.0,0.0,,,,,0.0,13.0,13.0,9.0,,,,None,0.0,,1.0,31,1,2019_Oct_02_1700,FaceNameControl_Picture&Audio,3.0.4,60.04898472
95,FacesBlock1.xlsx,Julia.mp4,Julia.JPG,Julia,9.0,videoFrameJulia.png,0.0,3.0,3.0,0.0,0.0,4.0,4.0,9.0,,,,,2.0,0.802631746,,,,,,31,1,2019_Oct_02_1700,FaceNameControl_Picture&Audio,3.0.4,60.04898472
1,FacesBlock2.xlsx,Justin.mp4,Justin.JPG,Justin,24.0,videoFrameJustin.png,0.0,0.0,0.0,1.0,0.0,0.0,0.0,9.0,,,,,1.0,1.085612929,,,,,,31,1,2019_Oct_02_1700,FaceNameControl_Picture&Audio,3.0.4,60.04898472
18,FacesBlock2.xlsx,Justin.mp4,Justin.JPG,Justin,24.0,videoFrameJustin.png,0.0,0.0,0.0,1.0,,,,,0.0,2.0,2.0,9.0,,,tyler,"['t', 'y', 'l', 'r', 'backspace', 'e', 'r', 'return']",0.0,"[2.584600121990661, 2.8514497750002192, 3.0006872939993627, 3.2177347149990965, 4.083907252992503, 4.234167274000356, 4.565491449000547, 6.149370257000555]",2.0,31,1,2019_Oct_02_1700,FaceNameControl_Picture&Audio,3.0.4,60.04898472
67,FacesBlock4.xlsx,Katie.mp4,Katie.JPG,Katie,56.0,videoFrameKatie.png,0.0,2.0,2.0,3.0,0.0,6.0,6.0,11.0,,,,,2.0,1.1359828859999999,,,,,,31,1,2019_Oct_02_1700,FaceNameControl_Picture&Audio,3.0.4,60.04898472
76,FacesBlock4.xlsx,Katie.mp4,Katie.JPG,Katie,56.0,videoFrameKatie.png,0.0,2.0,2.0,3.0,,,,,0.0,0.0,0.0,11.0,,,kayla,"['k', 'a', 'y', 'l', 'a']",0.0,"[2.4188103699998464, 2.5855212480091723, 2.7856206900032703, 3.118154466006672, 3.285003418000997]",2.0,31,1,2019_Oct_02_1700,FaceNameControl_Picture&Audio,3.0.4,60.04898472
51,FacesBlock3.xlsx,Kayla.mp4,Kayla.JPG,Kayla,33.0,videoFrameKayla.png,0.0,1.0,1.0,2.0,,,,,0.0,5.0,5.0,3.0,,,,None,0.0,,1.0,31,1,2019_Oct_02_1700,FaceNameControl_Picture&Audio,3.0.4,60.04898472
45,FacesBlock3.xlsx,Kayla.mp4,Kayla.JPG,Kayla,33.0,videoFrameKayla.png,0.0,1.0,1.0,2.0,0.0,14.0,14.0,3.0,,,,,2.0,0.9194675090000001,,,,,,31,1,2019_Oct_02_1700,FaceNameControl_Picture&Audio,3.0.4,60.04898472
113,FacesBlock1.xlsx,Kelsey.mp4,Kelsey.JPG,Kelsey,10.0,videoFrameKelsey.png,0.0,3.0,3.0,0.0,,,,,0.0,7.0,7.0,10.0,,,,None,0.0,,1.0,31,1,2019_Oct_02_1700,FaceNameControl_Picture&Audio,3.0.4,60.04898472
98,FacesBlock1.xlsx,Kelsey.mp4,Kelsey.JPG,Kelsey,10.0,videoFrameKelsey.png,0.0,3.0,3.0,0.0,0.0,7.0,7.0,10.0,,,,,2.0,0.669701233,,,,,,31,1,2019_Oct_02_1700,FaceNameControl_Picture&Audio,3.0.4,60.04898472
59,FacesBlock3.xlsx,Kevin.mp4,Kevin.JPG,Kevin,34.0,videoFrameKevin.png,0.0,1.0,1.0,2.0,,,,,0.0,13.0,13.0,4.0,,,daniel,"['d', 'a', 'n', 'i', 'e', 'l']",0.0,"[2.3852317620039685, 2.750937443008297, 3.0516997700033244, 3.2683047800092027, 3.4682581270026276, 3.617985678007244]",2.0,31,1,2019_Oct_02_1700,FaceNameControl_Picture&Audio,3.0.4,60.04898472
33,FacesBlock3.xlsx,Kevin.mp4,Kevin.JPG,Kevin,34.0,videoFrameKevin.png,0.0,1.0,1.0,2.0,0.0,2.0,2.0,4.0,,,,,1.0,0.552592391,,,,,,31,1,2019_Oct_02_1700,FaceNameControl_Picture&Audio,3.0.4,60.04898472
114,FacesBlock1.xlsx,Kyle.mp4,Kyle.JPG,Kyle,11.0,videoFrameKyle.png,0.0,3.0,3.0,0.0,,,,,0.0,8.0,8.0,11.0,,,matthew,"['m', 'a', 't', 't', 'y', 'e', 'f13', 'f13', 'backspace', 'backspace', 'h', 'e', 'w']",0.0,"[2.3511526649963344, 2.9684399779944215, 3.117281697996077, 3.3005609279935015, 3.5847031330049504, 3.717701836998458, 4.38288001800538, 4.599429388006683, 5.050001979994704, 5.416059198003495, 6.18298025400145, 6.317051127000013, 6.616371523996349]",3.0,31,1,2019_Oct_02_1700,FaceNameControl_Picture&Audio,3.0.4,60.04898472
99,FacesBlock1.xlsx,Kyle.mp4,Kyle.JPG,Kyle,11.0,videoFrameKyle.png,0.0,3.0,3.0,0.0,0.0,8.0,8.0,11.0,,,,,1.0,1.119408763,,,,,,31,1,2019_Oct_02_1700,FaceNameControl_Picture&Audio,3.0.4,60.04898472
47,FacesBlock3.xlsx,Lauren.mp4,Lauren.JPG,Lauren,35.0,videoFrameLauren.png,0.0,1.0,1.0,2.0,,,,,0.0,1.0,1.0,5.0,,,lauren,"['l', 'a', 'u', 'r', 'e', 'n']",1.0,"[2.1509510959876934, 2.3341675419942476, 2.6011511199903907, 3.1845447909872746, 3.4012266089994228, 3.6178864809917286]",2.0,31,1,2019_Oct_02_1700,FaceNameControl_Picture&Audio,3.0.4,60.04898472
43,FacesBlock3.xlsx,Lauren.mp4,Lauren.JPG,Lauren,35.0,videoFrameLauren.png,0.0,1.0,1.0,2.0,0.0,12.0,12.0,5.0,,,,,2.0,1.119375427,,,,,,31,1,2019_Oct_02_1700,FaceNameControl_Picture&Audio,3.0.4,60.04898472
49,FacesBlock3.xlsx,Mark.mp4,Mark.JPG,Mark,36.0,videoFrameMark.png,0.0,1.0,1.0,2.0,,,,,0.0,3.0,3.0,6.0,,,noah,"['n', 'o', 'a', 'h']",0.0,"[3.0010746250045486, 3.1181556259980425, 3.3341773610009113, 3.51564307200897]",2.0,31,1,2019_Oct_02_1700,FaceNameControl_Picture&Audio,3.0.4,60.04898472
40,FacesBlock3.xlsx,Mark.mp4,Mark.JPG,Mark,36.0,videoFrameMark.png,0.0,1.0,1.0,2.0,0.0,9.0,9.0,6.0,,,,,1.0,1.269370109,,,,,,31,1,2019_Oct_02_1700,FaceNameControl_Picture&Audio,3.0.4,60.04898472
117,FacesBlock1.xlsx,Matthew.mp4,Matthew.JPG,Matthew,12.0,videoFrameMatthew.png,0.0,3.0,3.0,0.0,,,,,0.0,11.0,11.0,12.0,,,,None,0.0,,1.0,31,1,2019_Oct_02_1700,FaceNameControl_Picture&Audio,3.0.4,60.04898472
100,FacesBlock1.xlsx,Matthew.mp4,Matthew.JPG,Matthew,12.0,videoFrameMatthew.png,0.0,3.0,3.0,0.0,0.0,9.0,9.0,12.0,,,,,1.0,0.619646151,,,,,,31,1,2019_Oct_02_1700,FaceNameControl_Picture&Audio,3.0.4,60.04898472
4,FacesBlock2.xlsx,Megan.mp4,Megan.JPG,Megan,25.0,videoFrameMegan.png,0.0,0.0,0.0,1.0,0.0,3.0,3.0,10.0,,,,,2.0,0.35258726700000004,,,,,,31,1,2019_Oct_02_1700,FaceNameControl_Picture&Audio,3.0.4,60.04898472
17,FacesBlock2.xlsx,Megan.mp4,Megan.JPG,Megan,25.0,videoFrameMegan.png,0.0,0.0,0.0,1.0,,,,,0.0,1.0,1.0,10.0,,,,None,0.0,,1.0,31,1,2019_Oct_02_1700,FaceNameControl_Picture&Audio,3.0.4,60.04898472
62,FacesBlock4.xlsx,Michael.mp4,Michael.JPG,Michael,57.0,videoFrameMichael.png,0.0,2.0,2.0,3.0,0.0,1.0,1.0,12.0,,,,,1.0,1.103517405,,,,,,31,1,2019_Oct_02_1700,FaceNameControl_Picture&Audio,3.0.4,60.04898472
79,FacesBlock4.xlsx,Michael.mp4,Michael.JPG,Michael,57.0,videoFrameMichael.png,0.0,2.0,2.0,3.0,,,,,0.0,3.0,3.0,12.0,,,daniel,"['d', 'a', 'n', 'i', 'e', 'l']",0.0,"[2.617864097992424, 2.9173293079948053, 3.084297366993269, 3.184467756000231, 3.283800916004111, 3.4674413039901992]",1.0,31,1,2019_Oct_02_1700,FaceNameControl_Picture&Audio,3.0.4,60.04898472
81,FacesBlock4.xlsx,Michelle.mp4,Michelle.JPG,Michelle,58.0,videoFrameMichelle.png,0.0,2.0,2.0,3.0,,,,,0.0,5.0,5.0,13.0,,,michelle,"['m', 'i', 'c', 'h', 'e', 'l', 'l', 'e']",1.0,"[3.1172578080004314, 3.2513264220033307, 3.467287410996505, 3.617667810001876, 3.8008204490033677, 3.967689683995559, 4.117336434996105, 4.2168855060008354]",4.0,31,1,2019_Oct_02_1700,FaceNameControl_Picture&Audio,3.0.4,60.04898472
72,FacesBlock4.xlsx,Michelle.mp4,Michelle.JPG,Michelle,58.0,videoFrameMichelle.png,0.0,2.0,2.0,3.0,0.0,11.0,11.0,13.0,,,,,2.0,0.737109173,,,,,,31,1,2019_Oct_02_1700,FaceNameControl_Picture&Audio,3.0.4,60.04898472
112,FacesBlock1.xlsx,Natalie.mp4,Natalie.JPG,Natalie,13.0,videoFrameNatalie.png,0.0,3.0,3.0,0.0,,,,,0.0,6.0,6.0,13.0,,,natalie,"['n', 'a', 't', 'a', 'l', 'i', 'e']",1.0,"[2.7677441889973124, 3.0007904340018285, 3.1676401479926426, 3.3173916259984253, 3.733701352000935, 3.8006292289937846, 3.9834909920027712]",4.0,31,1,2019_Oct_02_1700,FaceNameControl_Picture&Audio,3.0.4,60.04898472
96,FacesBlock1.xlsx,Natalie.mp4,Natalie.JPG,Natalie,13.0,videoFrameNatalie.png,0.0,3.0,3.0,0.0,0.0,5.0,5.0,13.0,,,,,2.0,0.636094421,,,,,,31,1,2019_Oct_02_1700,FaceNameControl_Picture&Audio,3.0.4,60.04898472
48,FacesBlock3.xlsx,Nathan.mp4,Nathan.JPG,Nathan,37.0,videoFrameNathan.png,0.0,1.0,1.0,2.0,,,,,0.0,2.0,2.0,7.0,,,nathan,"['n', 'a', 't', 'r', 'backspace', 'h', 'a', 'n']",1.0,"[1.8186689110007137, 2.0355266940023284, 2.268079278001096, 3.2508465370046906, 3.9509717830078444, 4.118106378009543, 4.25097449500754]",4.0,31,1,2019_Oct_02_1700,FaceNameControl_Picture&Audio,3.0.4,60.04898472
41,FacesBlock3.xlsx,Nathan.mp4,Nathan.JPG,Nathan,37.0,videoFrameNathan.png,0.0,1.0,1.0,2.0,0.0,10.0,10.0,7.0,,,,,1.0,1.370014606,,,,,,31,1,2019_Oct_02_1700,FaceNameControl_Picture&Audio,3.0.4,60.04898472
38,FacesBlock3.xlsx,Nicole.mp4,Nicole.JPG,Nicole,38.0,videoFrameNicole.png,0.0,1.0,1.0,2.0,0.0,7.0,7.0,8.0,,,,,2.0,1.001939703,,,,,,31,1,2019_Oct_02_1700,FaceNameControl_Picture&Audio,3.0.4,60.04898472
52,FacesBlock3.xlsx,Nicole.mp4,Nicole.JPG,Nicole,38.0,videoFrameNicole.png,0.0,1.0,1.0,2.0,,,,,0.0,6.0,6.0,8.0,,,nicole,"['n', 'i', 'c', 'o', 'l', 'e']",1.0,"[1.084769339999184, 1.268273138004588, 1.4996948830084875, 1.6519284320092993, 1.9180848179967143, 2.0512232030014275]",4.0,31,1,2019_Oct_02_1700,FaceNameControl_Picture&Audio,3.0.4,60.04898472
55,FacesBlock3.xlsx,Noah.mp4,Noah.JPG,Noah,39.0,videoFrameNoah.png,0.0,1.0,1.0,2.0,,,,,0.0,9.0,9.0,9.0,,,,None,0.0,,1.0,31,1,2019_Oct_02_1700,FaceNameControl_Picture&Audio,3.0.4,60.04898472
39,FacesBlock3.xlsx,Noah.mp4,Noah.JPG,Noah,39.0,videoFrameNoah.png,0.0,1.0,1.0,2.0,0.0,8.0,8.0,9.0,,,,,1.0,1.020111975,,,,,,31,1,2019_Oct_02_1700,FaceNameControl_Picture&Audio,3.0.4,60.04898472
50,FacesBlock3.xlsx,Olivia.mp4,Olivia.JPG,Olivia,40.0,videoFrameOlivia.png,0.0,1.0,1.0,2.0,,,,,0.0,4.0,4.0,10.0,,,ol,"['o', 'l']",0.0,"[9.515645869993023, 9.74866542199743]",3.0,31,1,2019_Oct_02_1700,FaceNameControl_Picture&Audio,3.0.4,60.04898472
44,FacesBlock3.xlsx,Olivia.mp4,Olivia.JPG,Olivia,40.0,videoFrameOlivia.png,0.0,1.0,1.0,2.0,0.0,13.0,13.0,10.0,,,,,2.0,1.151939887,,,,,,31,1,2019_Oct_02_1700,FaceNameControl_Picture&Audio,3.0.4,60.04898472
13,FacesBlock2.xlsx,Rachel.mp4,Rachel.JPG,Rachel,26.0,videoFrameRachel.png,0.0,0.0,0.0,1.0,0.0,12.0,12.0,11.0,,,,,2.0,0.402617556,,,,,,31,1,2019_Oct_02_1700,FaceNameControl_Picture&Audio,3.0.4,60.04898472
16,FacesBlock2.xlsx,Rachel.mp4,Rachel.JPG,Rachel,26.0,videoFrameRachel.png,0.0,0.0,0.0,1.0,,,,,0.0,0.0,0.0,11.0,,,hannah,"['h', 'a', 'n', 'n', 'a', 'h']",0.0,"[3.2171111149946228, 3.450574898000923, 3.766871115003596, 3.9675417819962604, 4.117434511994361, 4.250437233989942]",2.0,31,1,2019_Oct_02_1700,FaceNameControl_Picture&Audio,3.0.4,60.04898472
37,FacesBlock3.xlsx,Rebecca.mp4,Rebecca.JPG,Rebecca,41.0,videoFrameRebecca.png,0.0,1.0,1.0,2.0,0.0,6.0,6.0,11.0,,,,,2.0,1.2362382440000002,,,,,,31,1,2019_Oct_02_1700,FaceNameControl_Picture&Audio,3.0.4,60.04898472
46,FacesBlock3.xlsx,Rebecca.mp4,Rebecca.JPG,Rebecca,41.0,videoFrameRebecca.png,0.0,1.0,1.0,2.0,,,,,0.0,0.0,0.0,11.0,,,,None,0.0,,1.0,31,1,2019_Oct_02_1700,FaceNameControl_Picture&Audio,3.0.4,60.04898472
34,FacesBlock3.xlsx,Sarah.mp4,Sarah.JPG,Sarah,42.0,videoFrameSarah.png,0.0,1.0,1.0,2.0,0.0,3.0,3.0,12.0,,,,,2.0,0.985599943,,,,,,31,1,2019_Oct_02_1700,FaceNameControl_Picture&Audio,3.0.4,60.04898472
57,FacesBlock3.xlsx,Sarah.mp4,Sarah.JPG,Sarah,42.0,videoFrameSarah.png,0.0,1.0,1.0,2.0,,,,,0.0,11.0,11.0,12.0,,,kourtney,"['k', 'o', 'u', 'r', 't', 'n', 'e', 'y']",0.0,"[2.7178988929954357, 2.8844659150054213, 3.3505830430076458, 4.084271871994133, 4.367156095002429, 5.415414978007902, 5.550823273006245, 5.766834725000081]",2.0,31,1,2019_Oct_02_1700,FaceNameControl_Picture&Audio,3.0.4,60.04898472
60,FacesBlock3.xlsx,Shelby.mp4,Shelby.JPG,Shelby,43.0,videoFrameShelby.png,0.0,1.0,1.0,2.0,,,,,0.0,14.0,14.0,13.0,,,shelby,"['s', 'h', 'e', 'l', 'b', 'y']",1.0,"[3.401605720995576, 3.6507330869935686, 3.8673705699911807, 4.017647475993726, 4.384346327991807, 4.850083351993817]",4.0,31,1,2019_Oct_02_1700,FaceNameControl_Picture&Audio,3.0.4,60.04898472
31,FacesBlock3.xlsx,Shelby.mp4,Shelby.JPG,Shelby,43.0,videoFrameShelby.png,0.0,1.0,1.0,2.0,0.0,0.0,0.0,13.0,,,,,2.0,1.352134765,,,,,,31,1,2019_Oct_02_1700,FaceNameControl_Picture&Audio,3.0.4,60.04898472
2,FacesBlock2.xlsx,Steven.mp4,Steven.JPG,Steven,27.0,videoFrameSteven.png,0.0,0.0,0.0,1.0,0.0,1.0,1.0,12.0,,,,,1.0,0.517248687,,,,,,31,1,2019_Oct_02_1700,FaceNameControl_Picture&Audio,3.0.4,60.04898472
29,FacesBlock2.xlsx,Steven.mp4,Steven.JPG,Steven,27.0,videoFrameSteven.png,0.0,0.0,0.0,1.0,,,,,0.0,13.0,13.0,12.0,,,,None,0.0,,1.0,31,1,2019_Oct_02_1700,FaceNameControl_Picture&Audio,3.0.4,60.04898472
70,FacesBlock4.xlsx,Taylor.mp4,Taylor.JPG,Taylor,59.0,videoFrameTaylor.png,0.0,2.0,2.0,3.0,0.0,9.0,9.0,14.0,,,,,2.0,1.002715489,,,,,,31,1,2019_Oct_02_1700,FaceNameControl_Picture&Audio,3.0.4,60.04898472
86,FacesBlock4.xlsx,Taylor.mp4,Taylor.JPG,Taylor,59.0,videoFrameTaylor.png,0.0,2.0,2.0,3.0,,,,,0.0,10.0,10.0,14.0,,,taylor,"['t', 'a', 'y', 'l', 'r', 'o', 'backspace', 'backspace', 'o', 'r']",1.0,"[2.151266848988598, 2.501741633997881, 2.7015899089892628, 3.084934009995777, 3.668074121000245, 3.688794991991017, 4.4007170269906055, 4.550487308995798, 5.050657511994359, 5.200796236997121]",4.0,31,1,2019_Oct_02_1700,FaceNameControl_Picture&Audio,3.0.4,60.04898472
42,FacesBlock3.xlsx,Thomas.mp4,Thomas.JPG,Thomas,44.0,videoFrameThomas.png,0.0,1.0,1.0,2.0,0.0,11.0,11.0,14.0,,,,,1.0,1.1860730309999998,,,,,,31,1,2019_Oct_02_1700,FaceNameControl_Picture&Audio,3.0.4,60.04898472
54,FacesBlock3.xlsx,Thomas.mp4,Thomas.JPG,Thomas,44.0,videoFrameThomas.png,0.0,1.0,1.0,2.0,,,,,0.0,8.0,8.0,14.0,,,kevin,"['k', 'e', 'v', 'i', 'n']",0.0,"[2.8345848280005157, 2.95123297299142, 3.3012643859983655, 3.4173605300020427, 3.61754985099833]",1.0,31,1,2019_Oct_02_1700,FaceNameControl_Picture&Audio,3.0.4,60.04898472
107,FacesBlock1.xlsx,Timothy.mp4,Timothy.JPG,Timothy,14.0,videoFrameTimothy.png,0.0,3.0,3.0,0.0,,,,,0.0,1.0,1.0,14.0,,,ethan,"['e', 't', 'h', 'a', 'n']",0.0,"[2.6847776009963127, 3.0011975310044363, 3.2851500249962555, 3.4686481730022933, 3.6018209860048955]",1.0,31,1,2019_Oct_02_1700,FaceNameControl_Picture&Audio,3.0.4,60.04898472
104,FacesBlock1.xlsx,Timothy.mp4,Timothy.JPG,Timothy,14.0,videoFrameTimothy.png,0.0,3.0,3.0,0.0,0.0,13.0,13.0,14.0,,,,,1.0,0.419647757,,,,,,31,1,2019_Oct_02_1700,FaceNameControl_Picture&Audio,3.0.4,60.04898472
6,FacesBlock2.xlsx,Trevor.mp4,Trevor.JPG,Trevor,28.0,videoFrameTrevor.png,0.0,0.0,0.0,1.0,0.0,5.0,5.0,13.0,,,,,1.0,0.436586784,,,,,,31,1,2019_Oct_02_1700,FaceNameControl_Picture&Audio,3.0.4,60.04898472
24,FacesBlock2.xlsx,Trevor.mp4,Trevor.JPG,Trevor,28.0,videoFrameTrevor.png,0.0,0.0,0.0,1.0,,,,,0.0,8.0,8.0,13.0,,,,None,0.0,,1.0,31,1,2019_Oct_02_1700,FaceNameControl_Picture&Audio,3.0.4,60.04898472
14,FacesBlock2.xlsx,Tyler.mp4,Tyler.JPG,Tyler,29.0,videoFrameTyler.png,0.0,0.0,0.0,1.0,0.0,13.0,13.0,14.0,,,,,1.0,0.253103729,,,,,,31,1,2019_Oct_02_1700,FaceNameControl_Picture&Audio,3.0.4,60.04898472
23,FacesBlock2.xlsx,Tyler.mp4,Tyler.JPG,Tyler,29.0,videoFrameTyler.png,0.0,0.0,0.0,1.0,,,,,0.0,7.0,7.0,14.0,,,,None,0.0,,1.0,31,1,2019_Oct_02_1700,FaceNameControl_Picture&Audio,3.0.4,60.04898472
0,,,,,,,,,,,,,,,,,,,,,,,,,,31,1,2019_Oct_02_1700,FaceNameControl_Picture&Audio,3.0.4,60.04898472
