,condsFile,Video,Photo,Name,Row,videoFrame,blocks.thisRepN,blocks.thisTrialN,blocks.thisN,blocks.thisIndex,presentations.thisRepN,presentations.thisTrialN,presentations.thisN,presentations.thisIndex,testing.thisRepN,testing.thisTrialN,testing.thisN,testing.thisIndex,judgementResp.keys,judgementResp.rt,inputText,key_resp_3.keys,recallRating_s,key_resp_3.rt,rating_resp.keys,participant,session,date,expName,psychopyVersion,frameRate
1,FacesBlock2.xlsx,Aaron.mp4,Aaron.JPG,Aaron,15.0,videoFrameAaron.png,0.0,0.0,0.0,1.0,0.0,0.0,0.0,0.0,,,,,1.0,1.050111779,,,,,,32,1,2019_Oct_10_1229,FaceNameControl_Picture&Audio,3.0.4,84.96515422
30,FacesBlock2.xlsx,Aaron.mp4,Aaron.JPG,Aaron,15.0,videoFrameAaron.png,0.0,0.0,0.0,1.0,,,,,0.0,14.0,14.0,0.0,,,,None,0.0,,1.0,32,1,2019_Oct_10_1229,FaceNameControl_Picture&Audio,3.0.4,84.96515422
118,FacesBlock1.xlsx,Adam.mp4,Adam.JPG,Adam,0.0,videoFrameAdam.png,0.0,3.0,3.0,0.0,,,,,0.0,12.0,12.0,0.0,,,adam,"['a', 'd', 'a', 'm']",1.0,"[1.4489622910041362, 1.6139405199792236, 1.7200083769857883, 1.8471693359315395]",4.0,32,1,2019_Oct_10_1229,FaceNameControl_Picture&Audio,3.0.4,84.96515422
101,FacesBlock1.xlsx,Adam.mp4,Adam.JPG,Adam,0.0,videoFrameAdam.png,0.0,3.0,3.0,0.0,0.0,10.0,10.0,0.0,,,,,1.0,0.4979212921,,,,,,32,1,2019_Oct_10_1229,FaceNameControl_Picture&Audio,3.0.4,84.96515422
34,FacesBlock4.xlsx,Alyssa.mp4,Alyssa.JPG,Alyssa,45.0,videoFrameAlyssa.png,0.0,1.0,1.0,3.0,0.0,3.0,3.0,0.0,,,,,2.0,0.9091468829000001,,,,,,32,1,2019_Oct_10_1229,FaceNameControl_Picture&Audio,3.0.4,84.96515422
53,FacesBlock4.xlsx,Alyssa.mp4,Alyssa.JPG,Alyssa,45.0,videoFrameAlyssa.png,0.0,1.0,1.0,3.0,,,,,0.0,7.0,7.0,0.0,,,,None,0.0,,1.0,32,1,2019_Oct_10_1229,FaceNameControl_Picture&Audio,3.0.4,84.96515422
114,FacesBlock1.xlsx,Amanda.mp4,Amanda.JPG,Amanda,1.0,videoFrameAmanda.png,0.0,3.0,3.0,0.0,,,,,0.0,8.0,8.0,1.0,,,amanda,"['a', 'm', 'a', 'n', 'd', 'a']",1.0,"[5.896488705999218, 6.119641704019159, 6.425646265037358, 6.625731933047064, 6.847093084012158, 7.248264521011151]",4.0,32,1,2019_Oct_10_1229,FaceNameControl_Picture&Audio,3.0.4,84.96515422
97,FacesBlock1.xlsx,Amanda.mp4,Amanda.JPG,Amanda,1.0,videoFrameAmanda.png,0.0,3.0,3.0,0.0,0.0,6.0,6.0,1.0,,,,,2.0,0.791309195,,,,,,32,1,2019_Oct_10_1229,FaceNameControl_Picture&Audio,3.0.4,84.96515422
44,FacesBlock4.xlsx,Andrew.mp4,Andrew.JPG,Andrew,46.0,videoFrameAndrew.png,0.0,1.0,1.0,3.0,0.0,13.0,13.0,1.0,,,,,1.0,0.627027294,,,,,,32,1,2019_Oct_10_1229,FaceNameControl_Picture&Audio,3.0.4,84.96515422
58,FacesBlock4.xlsx,Andrew.mp4,Andrew.JPG,Andrew,46.0,videoFrameAndrew.png,0.0,1.0,1.0,3.0,,,,,0.0,12.0,12.0,1.0,,,andrew,"['a', 'n', 'd', 'r', 'w', 'backspace', 'e', 'w']",1.0,"[1.638657101080753, 1.8036585270892829, 1.9209255870664492, 2.179071858059615, 2.26140836707782, 3.226093228091486, 3.5686593940481544, 3.6269299970008433]",4.0,32,1,2019_Oct_10_1229,FaceNameControl_Picture&Audio,3.0.4,84.96515422
36,FacesBlock4.xlsx,Anna.mp4,Anna.JPG,Anna,47.0,videoFrameAnna.png,0.0,1.0,1.0,3.0,0.0,5.0,5.0,2.0,,,,,2.0,0.8731784220000001,,,,,,32,1,2019_Oct_10_1229,FaceNameControl_Picture&Audio,3.0.4,84.96515422
54,FacesBlock4.xlsx,Anna.mp4,Anna.JPG,Anna,47.0,videoFrameAnna.png,0.0,1.0,1.0,3.0,,,,,0.0,8.0,8.0,2.0,,,anna,"['a', 'n', 'n', 'a']",1.0,"[1.4015055400086567, 1.6495683210669085, 2.2604979040334, 2.507308828062378]",4.0,32,1,2019_Oct_10_1229,FaceNameControl_Picture&Audio,3.0.4,84.96515422
27,FacesBlock2.xlsx,Ashley.mp4,Ashley.JPG,Ashley,16.0,videoFrameAshley.png,0.0,0.0,0.0,1.0,,,,,0.0,11.0,11.0,1.0,,,ruby,"['r', 'u', 'b', 'y']",0.0,"[1.5074420439777896, 2.002019206993282, 2.249283990007825, 2.4134033620357513]",1.0,32,1,2019_Oct_10_1229,FaceNameControl_Picture&Audio,3.0.4,84.96515422
5,FacesBlock2.xlsx,Ashley.mp4,Ashley.JPG,Ashley,16.0,videoFrameAshley.png,0.0,0.0,0.0,1.0,0.0,4.0,4.0,1.0,,,,,2.0,0.43908229509999996,,,,,,32,1,2019_Oct_10_1229,FaceNameControl_Picture&Audio,3.0.4,84.96515422
105,FacesBlock1.xlsx,Bradley.mp4,Bradley.JPG,Bradley,2.0,videoFrameBradley.png,0.0,3.0,3.0,0.0,0.0,14.0,14.0,2.0,,,,,1.0,0.932435737,,,,,,32,1,2019_Oct_10_1229,FaceNameControl_Picture&Audio,3.0.4,84.96515422
111,FacesBlock1.xlsx,Bradley.mp4,Bradley.JPG,Bradley,2.0,videoFrameBradley.png,0.0,3.0,3.0,0.0,,,,,0.0,5.0,5.0,2.0,,,,None,0.0,,1.0,32,1,2019_Oct_10_1229,FaceNameControl_Picture&Audio,3.0.4,84.96515422
50,FacesBlock4.xlsx,Brandon.mp4,Brandon.JPG,Brandon,48.0,videoFrameBrandon.png,0.0,1.0,1.0,3.0,,,,,0.0,4.0,4.0,3.0,,,,None,0.0,,1.0,32,1,2019_Oct_10_1229,FaceNameControl_Picture&Audio,3.0.4,84.96515422
43,FacesBlock4.xlsx,Brandon.mp4,Brandon.JPG,Brandon,48.0,videoFrameBrandon.png,0.0,1.0,1.0,3.0,0.0,12.0,12.0,3.0,,,,,1.0,0.650168651,,,,,,32,1,2019_Oct_10_1229,FaceNameControl_Picture&Audio,3.0.4,84.96515422
52,FacesBlock4.xlsx,Brian.mp4,Brian.JPG,Brian,49.0,videoFrameBrian.png,0.0,1.0,1.0,3.0,,,,,0.0,6.0,6.0,4.0,,,andrew,"['a', 'n', 'd', 'r', 'e', 'w']",0.0,"[2.8256453750655055, 3.354142362019047, 3.4960712280590087, 3.7315905920695513, 4.34320619807113, 4.4260335970902815]",2.0,32,1,2019_Oct_10_1229,FaceNameControl_Picture&Audio,3.0.4,84.96515422
31,FacesBlock4.xlsx,Brian.mp4,Brian.JPG,Brian,49.0,videoFrameBrian.png,0.0,1.0,1.0,3.0,0.0,0.0,0.0,4.0,,,,,1.0,1.367743905,,,,,,32,1,2019_Oct_10_1229,FaceNameControl_Picture&Audio,3.0.4,84.96515422
49,FacesBlock4.xlsx,Brianna.mp4,Brianna.JPG,Brianna,50.0,videoFrameBrianna.png,0.0,1.0,1.0,3.0,,,,,0.0,3.0,3.0,5.0,,,,None,0.0,,1.0,32,1,2019_Oct_10_1229,FaceNameControl_Picture&Audio,3.0.4,84.96515422
32,FacesBlock4.xlsx,Brianna.mp4,Brianna.JPG,Brianna,50.0,videoFrameBrianna.png,0.0,1.0,1.0,3.0,0.0,1.0,1.0,5.0,,,,,2.0,1.4738555219999998,,,,,,32,1,2019_Oct_10_1229,FaceNameControl_Picture&Audio,3.0.4,84.96515422
19,FacesBlock2.xlsx,Brittany.mp4,Brittany.JPG,Brittany,17.0,videoFrameBrittany.png,0.0,0.0,0.0,1.0,,,,,0.0,3.0,3.0,2.0,,,,None,0.0,,1.0,32,1,2019_Oct_10_1229,FaceNameControl_Picture&Audio,3.0.4,84.96515422
12,FacesBlock2.xlsx,Brittany.mp4,Brittany.JPG,Brittany,17.0,videoFrameBrittany.png,0.0,0.0,0.0,1.0,0.0,11.0,11.0,2.0,,,,,2.0,0.3057655561,,,,,,32,1,2019_Oct_10_1229,FaceNameControl_Picture&Audio,3.0.4,84.96515422
41,FacesBlock4.xlsx,Caleb.mp4,Caleb.JPG,Caleb,51.0,videoFrameCaleb.png,0.0,1.0,1.0,3.0,0.0,10.0,10.0,6.0,,,,,1.0,0.885069935,,,,,,32,1,2019_Oct_10_1229,FaceNameControl_Picture&Audio,3.0.4,84.96515422
56,FacesBlock4.xlsx,Caleb.mp4,Caleb.JPG,Caleb,51.0,videoFrameCaleb.png,0.0,1.0,1.0,3.0,,,,,0.0,10.0,10.0,6.0,,,,None,0.0,,1.0,32,1,2019_Oct_10_1229,FaceNameControl_Picture&Audio,3.0.4,84.96515422
16,FacesBlock2.xlsx,Cody.mp4,Cody.JPG,Cody,18.0,videoFrameCody.png,0.0,0.0,0.0,1.0,,,,,0.0,0.0,0.0,3.0,,,david,"['d', 'a', 'v', 'i', 'd']",0.0,"[7.591018437989987, 7.75451375101693, 7.978538278024644, 8.143449191004038, 8.22640512092039]",1.0,32,1,2019_Oct_10_1229,FaceNameControl_Picture&Audio,3.0.4,84.96515422
6,FacesBlock2.xlsx,Cody.mp4,Cody.JPG,Cody,18.0,videoFrameCody.png,0.0,0.0,0.0,1.0,0.0,5.0,5.0,3.0,,,,,1.0,0.5092479879999999,,,,,,32,1,2019_Oct_10_1229,FaceNameControl_Picture&Audio,3.0.4,84.96515422
73,FacesBlock3.xlsx,Courtney.mp4,Courtney.JPG,Courtney,30.0,videoFrameCourtney.png,0.0,2.0,2.0,2.0,0.0,12.0,12.0,0.0,,,,,2.0,0.473044946,,,,,,32,1,2019_Oct_10_1229,FaceNameControl_Picture&Audio,3.0.4,84.96515422
82,FacesBlock3.xlsx,Courtney.mp4,Courtney.JPG,Courtney,30.0,videoFrameCourtney.png,0.0,2.0,2.0,2.0,,,,,0.0,6.0,6.0,0.0,,,lauren,"['l', 'a', 'u', 'r', 'e', 'n']",0.0,"[5.5792501389514655, 5.708803475950845, 5.943631442962214, 6.084672483964823, 6.167202105978504, 6.285064960946329]",2.0,32,1,2019_Oct_10_1229,FaceNameControl_Picture&Audio,3.0.4,84.96515422
84,FacesBlock3.xlsx,Daniel.mp4,Daniel.JPG,Daniel,31.0,videoFrameDaniel.png,0.0,2.0,2.0,2.0,,,,,0.0,8.0,8.0,1.0,,,kevin,"['k', 'e', 'v', 'i', 'n']",0.0,"[1.6616470710141584, 1.7674453560030088, 1.9791831159964204, 2.1082082140492275, 2.2499211439862847]",4.0,32,1,2019_Oct_10_1229,FaceNameControl_Picture&Audio,3.0.4,84.96515422
64,FacesBlock3.xlsx,Daniel.mp4,Daniel.JPG,Daniel,31.0,videoFrameDaniel.png,0.0,2.0,2.0,2.0,0.0,3.0,3.0,1.0,,,,,1.0,0.7332084740000001,,,,,,32,1,2019_Oct_10_1229,FaceNameControl_Picture&Audio,3.0.4,84.96515422
104,FacesBlock1.xlsx,Danielle.mp4,Danielle.JPG,Danielle,3.0,videoFrameDanielle.png,0.0,3.0,3.0,0.0,0.0,13.0,13.0,3.0,,,,,2.0,2.108097006,,,,,,32,1,2019_Oct_10_1229,FaceNameControl_Picture&Audio,3.0.4,84.96515422
115,FacesBlock1.xlsx,Danielle.mp4,Danielle.JPG,Danielle,3.0,videoFrameDanielle.png,0.0,3.0,3.0,0.0,,,,,0.0,9.0,9.0,3.0,,,zenyao,"['z', 'e', 'n', 'y', 'a', 'o']",0.0,"[1.2969143259106204, 1.5673168399371207, 1.6489752019988373, 1.9434059669729322, 2.0943416559603065, 2.2137564159929752]",2.0,32,1,2019_Oct_10_1229,FaceNameControl_Picture&Audio,3.0.4,84.96515422
21,FacesBlock2.xlsx,David.mp4,David.JPG,David,19.0,videoFrameDavid.png,0.0,0.0,0.0,1.0,,,,,0.0,5.0,5.0,4.0,,,jason,"['j', 'a', 's', 'o', 'n']",0.0,"[2.213667962932959, 2.3298155359225348, 2.5539824839215726, 2.6260599029483274, 2.800687243929133]",1.0,32,1,2019_Oct_10_1229,FaceNameControl_Picture&Audio,3.0.4,84.96515422
13,FacesBlock2.xlsx,David.mp4,David.JPG,David,19.0,videoFrameDavid.png,0.0,0.0,0.0,1.0,0.0,12.0,12.0,4.0,,,,,1.0,0.21481716609999998,,,,,,32,1,2019_Oct_10_1229,FaceNameControl_Picture&Audio,3.0.4,84.96515422
45,FacesBlock4.xlsx,Dylan.mp4,Dylan.JPG,Dylan,52.0,videoFrameDylan.png,0.0,1.0,1.0,3.0,0.0,14.0,14.0,7.0,,,,,1.0,0.9553905709999999,,,,,,32,1,2019_Oct_10_1229,FaceNameControl_Picture&Audio,3.0.4,84.96515422
46,FacesBlock4.xlsx,Dylan.mp4,Dylan.JPG,Dylan,52.0,videoFrameDylan.png,0.0,1.0,1.0,3.0,,,,,0.0,0.0,0.0,7.0,,,michael,"['m', 'i', 'c', 'h', 'a', 'e', 'l']",0.0,"[5.309650167939253, 6.274591724039055, 6.5446523040300235, 6.650416943943128, 7.615405299002305, 7.732212177012116, 7.850492298952304]",1.0,32,1,2019_Oct_10_1229,FaceNameControl_Picture&Audio,3.0.4,84.96515422
47,FacesBlock4.xlsx,Emily.mp4,Emily.JPG,Emily,53.0,videoFrameEmily.png,0.0,1.0,1.0,3.0,,,,,0.0,1.0,1.0,8.0,,,anna,"['g', 'r', 'a', 'c', 'e', 'backspace', 'backspace', 'backspace', 'backspace', 'backspace', 'a', 'n', 'n', 'a']",0.0,"[5.132301398087293, 5.284969384083524, 5.415218233014457, 5.779153230017982, 5.968081719009206, 7.6852249840740114, 7.838468977017328, 7.9906710860086605, 8.142286580055952, 8.261200326029211, 8.615485321031883, 8.673651789082214, 8.790883421082981, 8.838614737032913]",2.0,32,1,2019_Oct_10_1229,FaceNameControl_Picture&Audio,3.0.4,84.96515422
42,FacesBlock4.xlsx,Emily.mp4,Emily.JPG,Emily,53.0,videoFrameEmily.png,0.0,1.0,1.0,3.0,0.0,11.0,11.0,8.0,,,,,2.0,0.5091058310000001,,,,,,32,1,2019_Oct_10_1229,FaceNameControl_Picture&Audio,3.0.4,84.96515422
99,FacesBlock1.xlsx,Eric.mp4,Eric.JPG,Eric,4.0,videoFrameEric.png,0.0,3.0,3.0,0.0,0.0,8.0,8.0,4.0,,,,,1.0,0.6974958379999999,,,,,,32,1,2019_Oct_10_1229,FaceNameControl_Picture&Audio,3.0.4,84.96515422
113,FacesBlock1.xlsx,Eric.mp4,Eric.JPG,Eric,4.0,videoFrameEric.png,0.0,3.0,3.0,0.0,,,,,0.0,7.0,7.0,4.0,,,david,"['d', 'a', 'v', 'i', 'd']",0.0,"[7.014466191991232, 7.14350566000212, 7.320393146015704, 8.108807587996125, 8.23770488705486]",2.0,32,1,2019_Oct_10_1229,FaceNameControl_Picture&Audio,3.0.4,84.96515422
93,FacesBlock1.xlsx,Ethan.mp4,Ethan.JPG,Ethan,5.0,videoFrameEthan.png,0.0,3.0,3.0,0.0,0.0,2.0,2.0,5.0,,,,,1.0,0.873539594,,,,,,32,1,2019_Oct_10_1229,FaceNameControl_Picture&Audio,3.0.4,84.96515422
110,FacesBlock1.xlsx,Ethan.mp4,Ethan.JPG,Ethan,5.0,videoFrameEthan.png,0.0,3.0,3.0,0.0,,,,,0.0,4.0,4.0,5.0,,,mathew,"['m', 'a', 't', 'h', 'e', 'w']",0.0,"[6.014422641019337, 6.484841258032247, 6.59132171003148, 6.756268028984778, 6.814513067947701, 6.932982609025203]",3.0,32,1,2019_Oct_10_1229,FaceNameControl_Picture&Audio,3.0.4,84.96515422
38,FacesBlock4.xlsx,Grace.mp4,Grace.JPG,Grace,54.0,videoFrameGrace.png,0.0,1.0,1.0,3.0,0.0,7.0,7.0,9.0,,,,,2.0,0.7671182629000001,,,,,,32,1,2019_Oct_10_1229,FaceNameControl_Picture&Audio,3.0.4,84.96515422
48,FacesBlock4.xlsx,Grace.mp4,Grace.JPG,Grace,54.0,videoFrameGrace.png,0.0,1.0,1.0,3.0,,,,,0.0,2.0,2.0,9.0,,,grace,"['g', 'r', 'c', 'backspace', 'a', 'c', 'e']",1.0,"[1.636686156038195, 1.7551420480012894, 2.8494250350631773, 3.6016785800457, 3.6838495900155976, 3.895586850005202, 3.990435734973289]",4.0,32,1,2019_Oct_10_1229,FaceNameControl_Picture&Audio,3.0.4,84.96515422
17,FacesBlock2.xlsx,Haley.mp4,Haley.JPG,Haley,20.0,videoFrameHaley.png,0.0,0.0,0.0,1.0,,,,,0.0,1.0,1.0,5.0,,,,None,0.0,,1.0,32,1,2019_Oct_10_1229,FaceNameControl_Picture&Audio,3.0.4,84.96515422
4,FacesBlock2.xlsx,Haley.mp4,Haley.JPG,Haley,20.0,videoFrameHaley.png,0.0,0.0,0.0,1.0,0.0,3.0,3.0,5.0,,,,,2.0,0.4964915679,,,,,,32,1,2019_Oct_10_1229,FaceNameControl_Picture&Audio,3.0.4,84.96515422
96,FacesBlock1.xlsx,Hannah.mp4,Hannah.JPG,Hannah,6.0,videoFrameHannah.png,0.0,3.0,3.0,0.0,0.0,5.0,5.0,6.0,,,,,2.0,0.7440512569,,,,,,32,1,2019_Oct_10_1229,FaceNameControl_Picture&Audio,3.0.4,84.96515422
107,FacesBlock1.xlsx,Hannah.mp4,Hannah.JPG,Hannah,6.0,videoFrameHannah.png,0.0,3.0,3.0,0.0,,,,,0.0,1.0,1.0,6.0,,,,None,0.0,,1.0,32,1,2019_Oct_10_1229,FaceNameControl_Picture&Audio,3.0.4,84.96515422
7,FacesBlock2.xlsx,Heather.mp4,Heather.JPG,Heather,21.0,videoFrameHeather.png,0.0,0.0,0.0,1.0,0.0,6.0,6.0,6.0,,,,,2.0,0.450434748,,,,,,32,1,2019_Oct_10_1229,FaceNameControl_Picture&Audio,3.0.4,84.96515422
25,FacesBlock2.xlsx,Heather.mp4,Heather.JPG,Heather,21.0,videoFrameHeather.png,0.0,0.0,0.0,1.0,,,,,0.0,9.0,9.0,6.0,,,,None,0.0,,1.0,32,1,2019_Oct_10_1229,FaceNameControl_Picture&Audio,3.0.4,84.96515422
62,FacesBlock3.xlsx,Jacob.mp4,Jacob.JPG,Jacob,32.0,videoFrameJacob.png,0.0,2.0,2.0,2.0,0.0,1.0,1.0,2.0,,,,,1.0,1.10860582,,,,,,32,1,2019_Oct_10_1229,FaceNameControl_Picture&Audio,3.0.4,84.96515422
85,FacesBlock3.xlsx,Jacob.mp4,Jacob.JPG,Jacob,32.0,videoFrameJacob.png,0.0,2.0,2.0,2.0,,,,,0.0,9.0,9.0,2.0,,,noah,"['n', 'o', 'a', 'h']",0.0,"[3.1783056179992855, 3.414123723981902, 3.5075051669264212, 3.661033937940374]",3.0,32,1,2019_Oct_10_1229,FaceNameControl_Picture&Audio,3.0.4,84.96515422
60,FacesBlock4.xlsx,Jason.mp4,Jason.JPG,Jason,55.0,videoFrameJason.png,0.0,1.0,1.0,3.0,,,,,0.0,14.0,14.0,10.0,,,,None,0.0,,1.0,32,1,2019_Oct_10_1229,FaceNameControl_Picture&Audio,3.0.4,84.96515422
35,FacesBlock4.xlsx,Jason.mp4,Jason.JPG,Jason,55.0,videoFrameJason.png,0.0,1.0,1.0,3.0,0.0,4.0,4.0,10.0,,,,,1.0,0.7676936,,,,,,32,1,2019_Oct_10_1229,FaceNameControl_Picture&Audio,3.0.4,84.96515422
102,FacesBlock1.xlsx,Jenna.mp4,Jenna.JPG,Jenna,7.0,videoFrameJenna.png,0.0,3.0,3.0,0.0,0.0,11.0,11.0,7.0,,,,,2.0,0.615372594,,,,,,32,1,2019_Oct_10_1229,FaceNameControl_Picture&Audio,3.0.4,84.96515422
106,FacesBlock1.xlsx,Jenna.mp4,Jenna.JPG,Jenna,7.0,videoFrameJenna.png,0.0,3.0,3.0,0.0,,,,,0.0,0.0,0.0,7.0,,,madn,"['m', 'a', 'd', 'n']",0.0,"[9.685773198027164, 9.720386888016947, 9.896933168987744, 9.967355341999792]",1.0,32,1,2019_Oct_10_1229,FaceNameControl_Picture&Audio,3.0.4,84.96515422
28,FacesBlock2.xlsx,Jeremy.mp4,Jeremy.JPG,Jeremy,22.0,videoFrameJeremy.png,0.0,0.0,0.0,1.0,,,,,0.0,12.0,12.0,7.0,,,david,"['d', 'a', 'v', 'i', 'd']",0.0,"[7.026403552968986, 7.1086932339239866, 7.355694392928854, 7.496687310980633, 7.649601780925877]",1.0,32,1,2019_Oct_10_1229,FaceNameControl_Picture&Audio,3.0.4,84.96515422
2,FacesBlock2.xlsx,Jeremy.mp4,Jeremy.JPG,Jeremy,22.0,videoFrameJeremy.png,0.0,0.0,0.0,1.0,0.0,1.0,1.0,7.0,,,,,1.0,1.190963697,,,,,,32,1,2019_Oct_10_1229,FaceNameControl_Picture&Audio,3.0.4,84.96515422
117,FacesBlock1.xlsx,Jessica.mp4,Jessica.JPG,Jessica,8.0,videoFrameJessica.png,0.0,3.0,3.0,0.0,,,,,0.0,11.0,11.0,8.0,,,jessica,"['j', 'e', 's', 's', 'i', 'c', 'a']",1.0,"[1.462252450059168, 1.6623169260565192, 1.8856352060101926, 2.0389612569706514, 2.179777489043772, 2.2620516329770908, 2.3669820580398664]",4.0,32,1,2019_Oct_10_1229,FaceNameControl_Picture&Audio,3.0.4,84.96515422
103,FacesBlock1.xlsx,Jessica.mp4,Jessica.JPG,Jessica,8.0,videoFrameJessica.png,0.0,3.0,3.0,0.0,0.0,12.0,12.0,8.0,,,,,2.0,1.108294818,,,,,,32,1,2019_Oct_10_1229,FaceNameControl_Picture&Audio,3.0.4,84.96515422
8,FacesBlock2.xlsx,Josh.mp4,Josh.JPG,Josh,23.0,videoFrameJosh.png,0.0,0.0,0.0,1.0,0.0,7.0,7.0,8.0,,,,,1.0,0.2497885521,,,,,,32,1,2019_Oct_10_1229,FaceNameControl_Picture&Audio,3.0.4,84.96515422
22,FacesBlock2.xlsx,Josh.mp4,Josh.JPG,Josh,23.0,videoFrameJosh.png,0.0,0.0,0.0,1.0,,,,,0.0,6.0,6.0,8.0,,,,None,0.0,,1.0,32,1,2019_Oct_10_1229,FaceNameControl_Picture&Audio,3.0.4,84.96515422
94,FacesBlock1.xlsx,Julia.mp4,Julia.JPG,Julia,9.0,videoFrameJulia.png,0.0,3.0,3.0,0.0,0.0,3.0,3.0,9.0,,,,,2.0,0.34380145,,,,,,32,1,2019_Oct_10_1229,FaceNameControl_Picture&Audio,3.0.4,84.96515422
120,FacesBlock1.xlsx,Julia.mp4,Julia.JPG,Julia,9.0,videoFrameJulia.png,0.0,3.0,3.0,0.0,,,,,0.0,14.0,14.0,9.0,,,,None,0.0,,1.0,32,1,2019_Oct_10_1229,FaceNameControl_Picture&Audio,3.0.4,84.96515422
23,FacesBlock2.xlsx,Justin.mp4,Justin.JPG,Justin,24.0,videoFrameJustin.png,0.0,0.0,0.0,1.0,,,,,0.0,7.0,7.0,9.0,,,,None,0.0,,1.0,32,1,2019_Oct_10_1229,FaceNameControl_Picture&Audio,3.0.4,84.96515422
9,FacesBlock2.xlsx,Justin.mp4,Justin.JPG,Justin,24.0,videoFrameJustin.png,0.0,0.0,0.0,1.0,0.0,8.0,8.0,9.0,,,,,1.0,0.356659313,,,,,,32,1,2019_Oct_10_1229,FaceNameControl_Picture&Audio,3.0.4,84.96515422
57,FacesBlock4.xlsx,Katie.mp4,Katie.JPG,Katie,56.0,videoFrameKatie.png,0.0,1.0,1.0,3.0,,,,,0.0,11.0,11.0,11.0,,,,None,0.0,,1.0,32,1,2019_Oct_10_1229,FaceNameControl_Picture&Audio,3.0.4,84.96515422
33,FacesBlock4.xlsx,Katie.mp4,Katie.JPG,Katie,56.0,videoFrameKatie.png,0.0,1.0,1.0,3.0,0.0,2.0,2.0,11.0,,,,,2.0,1.0969684709999998,,,,,,32,1,2019_Oct_10_1229,FaceNameControl_Picture&Audio,3.0.4,84.96515422
86,FacesBlock3.xlsx,Kayla.mp4,Kayla.JPG,Kayla,33.0,videoFrameKayla.png,0.0,2.0,2.0,2.0,,,,,0.0,10.0,10.0,3.0,,,ka,"['k', 'a']",0.0,"[9.907707654987462, 9.97839186200872]",1.0,32,1,2019_Oct_10_1229,FaceNameControl_Picture&Audio,3.0.4,84.96515422
75,FacesBlock3.xlsx,Kayla.mp4,Kayla.JPG,Kayla,33.0,videoFrameKayla.png,0.0,2.0,2.0,2.0,0.0,14.0,14.0,3.0,,,,,2.0,1.062207905,,,,,,32,1,2019_Oct_10_1229,FaceNameControl_Picture&Audio,3.0.4,84.96515422
98,FacesBlock1.xlsx,Kelsey.mp4,Kelsey.JPG,Kelsey,10.0,videoFrameKelsey.png,0.0,3.0,3.0,0.0,0.0,7.0,7.0,10.0,,,,,2.0,0.4969011919,,,,,,32,1,2019_Oct_10_1229,FaceNameControl_Picture&Audio,3.0.4,84.96515422
112,FacesBlock1.xlsx,Kelsey.mp4,Kelsey.JPG,Kelsey,10.0,videoFrameKelsey.png,0.0,3.0,3.0,0.0,,,,,0.0,6.0,6.0,10.0,,,,None,0.0,,1.0,32,1,2019_Oct_10_1229,FaceNameControl_Picture&Audio,3.0.4,84.96515422
88,FacesBlock3.xlsx,Kevin.mp4,Kevin.JPG,Kevin,34.0,videoFrameKevin.png,0.0,2.0,2.0,2.0,,,,,0.0,12.0,12.0,4.0,,,kevin,"['k', 'e', 'v', 'i', 'n']",1.0,"[1.5198704729555175, 1.6142393529880792, 1.837640387006104, 1.955162642057985, 2.1198408770142123]",4.0,32,1,2019_Oct_10_1229,FaceNameControl_Picture&Audio,3.0.4,84.96515422
69,FacesBlock3.xlsx,Kevin.mp4,Kevin.JPG,Kevin,34.0,videoFrameKevin.png,0.0,2.0,2.0,2.0,0.0,8.0,8.0,4.0,,,,,1.0,0.6855370890000001,,,,,,32,1,2019_Oct_10_1229,FaceNameControl_Picture&Audio,3.0.4,84.96515422
119,FacesBlock1.xlsx,Kyle.mp4,Kyle.JPG,Kyle,11.0,videoFrameKyle.png,0.0,3.0,3.0,0.0,,,,,0.0,13.0,13.0,11.0,,,,None,0.0,,1.0,32,1,2019_Oct_10_1229,FaceNameControl_Picture&Audio,3.0.4,84.96515422
91,FacesBlock1.xlsx,Kyle.mp4,Kyle.JPG,Kyle,11.0,videoFrameKyle.png,0.0,3.0,3.0,0.0,0.0,0.0,0.0,11.0,,,,,1.0,1.5678553880000001,,,,,,32,1,2019_Oct_10_1229,FaceNameControl_Picture&Audio,3.0.4,84.96515422
79,FacesBlock3.xlsx,Lauren.mp4,Lauren.JPG,Lauren,35.0,videoFrameLauren.png,0.0,2.0,2.0,2.0,,,,,0.0,3.0,3.0,5.0,,,lauren,"['l', 'a', 'u', 'r', 'e', 'n']",1.0,"[4.956476690014824, 5.144328790949658, 5.320900331018493, 5.69693005096633, 5.779286601929925, 6.014398425002582]",3.0,32,1,2019_Oct_10_1229,FaceNameControl_Picture&Audio,3.0.4,84.96515422
72,FacesBlock3.xlsx,Lauren.mp4,Lauren.JPG,Lauren,35.0,videoFrameLauren.png,0.0,2.0,2.0,2.0,0.0,11.0,11.0,5.0,,,,,2.0,0.755642915,,,,,,32,1,2019_Oct_10_1229,FaceNameControl_Picture&Audio,3.0.4,84.96515422
63,FacesBlock3.xlsx,Mark.mp4,Mark.JPG,Mark,36.0,videoFrameMark.png,0.0,2.0,2.0,2.0,0.0,2.0,2.0,6.0,,,,,1.0,0.826655542,,,,,,32,1,2019_Oct_10_1229,FaceNameControl_Picture&Audio,3.0.4,84.96515422
78,FacesBlock3.xlsx,Mark.mp4,Mark.JPG,Mark,36.0,videoFrameMark.png,0.0,2.0,2.0,2.0,,,,,0.0,2.0,2.0,6.0,,,,None,0.0,,1.0,32,1,2019_Oct_10_1229,FaceNameControl_Picture&Audio,3.0.4,84.96515422
108,FacesBlock1.xlsx,Matthew.mp4,Matthew.JPG,Matthew,12.0,videoFrameMatthew.png,0.0,3.0,3.0,0.0,,,,,0.0,2.0,2.0,12.0,,,mathew,"['m', 'a', 't', 'h', 'e', 'w']",0.0,"[4.108616361976601, 4.285582229029387, 4.438079740968533, 4.614049669937231, 4.778898844961077, 4.884868555003777]",2.0,32,1,2019_Oct_10_1229,FaceNameControl_Picture&Audio,3.0.4,84.96515422
95,FacesBlock1.xlsx,Matthew.mp4,Matthew.JPG,Matthew,12.0,videoFrameMatthew.png,0.0,3.0,3.0,0.0,0.0,4.0,4.0,12.0,,,,,1.0,0.814785836,,,,,,32,1,2019_Oct_10_1229,FaceNameControl_Picture&Audio,3.0.4,84.96515422
20,FacesBlock2.xlsx,Megan.mp4,Megan.JPG,Megan,25.0,videoFrameMegan.png,0.0,0.0,0.0,1.0,,,,,0.0,4.0,4.0,10.0,,,rach,"['r', 'a', 'c', 'h']",0.0,"[9.390198184992187, 9.543418106040917, 9.79082982102409, 9.954786614980549]",1.0,32,1,2019_Oct_10_1229,FaceNameControl_Picture&Audio,3.0.4,84.96515422
15,FacesBlock2.xlsx,Megan.mp4,Megan.JPG,Megan,25.0,videoFrameMegan.png,0.0,0.0,0.0,1.0,0.0,14.0,14.0,10.0,,,,,2.0,0.014313927969999998,,,,,,32,1,2019_Oct_10_1229,FaceNameControl_Picture&Audio,3.0.4,84.96515422
59,FacesBlock4.xlsx,Michael.mp4,Michael.JPG,Michael,57.0,videoFrameMichael.png,0.0,1.0,1.0,3.0,,,,,0.0,13.0,13.0,12.0,,,,None,0.0,,1.0,32,1,2019_Oct_10_1229,FaceNameControl_Picture&Audio,3.0.4,84.96515422
39,FacesBlock4.xlsx,Michael.mp4,Michael.JPG,Michael,57.0,videoFrameMichael.png,0.0,1.0,1.0,3.0,0.0,8.0,8.0,12.0,,,,,1.0,0.709452891,,,,,,32,1,2019_Oct_10_1229,FaceNameControl_Picture&Audio,3.0.4,84.96515422
40,FacesBlock4.xlsx,Michelle.mp4,Michelle.JPG,Michelle,58.0,videoFrameMichelle.png,0.0,1.0,1.0,3.0,0.0,9.0,9.0,13.0,,,,,2.0,0.7676292659999999,,,,,,32,1,2019_Oct_10_1229,FaceNameControl_Picture&Audio,3.0.4,84.96515422
51,FacesBlock4.xlsx,Michelle.mp4,Michelle.JPG,Michelle,58.0,videoFrameMichelle.png,0.0,1.0,1.0,3.0,,,,,0.0,5.0,5.0,13.0,,,michael,"['m', 'i', 'c', 'h', 'i', 'c', 'h', 'a', 'e', 'l', 'left', 'left', 'left', 'left', 'left', 'backspace', 'backspace', 'backspace', 'backspace', 'backspace', 'backspace', 'a', 'e', 'l']",1.0,"[1.2848124660085887, 1.4965731549309567, 1.9910953600192443, 2.2729885089211166, 3.649578434997238, 3.955378663027659, 4.108657295932062, 4.296331316931173, 4.896940459962934, 5.08492951199878, 6.284687245963141, 6.425969236996025, 6.554937141947448, 6.696351337013766, 6.8484627939760685, 7.424081482924521, 7.543242099927738, 7.672702371026389, 7.802087154937908, 7.9428576899226755, 8.072226700023748, 8.848368100938387, 8.968088246998377, 9.131710059940815]",4.0,32,1,2019_Oct_10_1229,FaceNameControl_Picture&Audio,3.0.4,84.96515422
100,FacesBlock1.xlsx,Natalie.mp4,Natalie.JPG,Natalie,13.0,videoFrameNatalie.png,0.0,3.0,3.0,0.0,0.0,9.0,9.0,13.0,,,,,2.0,0.8617420041,,,,,,32,1,2019_Oct_10_1229,FaceNameControl_Picture&Audio,3.0.4,84.96515422
116,FacesBlock1.xlsx,Natalie.mp4,Natalie.JPG,Natalie,13.0,videoFrameNatalie.png,0.0,3.0,3.0,0.0,,,,,0.0,10.0,10.0,13.0,,,natalie,"['m', 'a', 't', 'a', 'l', 'i', 'e', 'backspace', 'backspace', 'backspace', 'backspace', 'backspace', 'backspace', 'backspace', 'n', 'a', 't', 'a', 'l', 'i', 'e']",1.0,"[2.543936309986748, 3.0255308960331604, 3.225365709979087, 3.4245636289706454, 3.8734385969582945, 4.025612751021981, 4.1440119369653985, 4.931251656031236, 5.049199891043827, 5.178111615939997, 5.296634200960398, 5.424923085025512, 5.555327025940642, 5.696256977040321, 6.191453458974138, 6.309134225011803, 6.497637517983094, 6.83891254698392, 7.03841039899271, 7.180105471052229, 7.321079098037444]",4.0,32,1,2019_Oct_10_1229,FaceNameControl_Picture&Audio,3.0.4,84.96515422
74,FacesBlock3.xlsx,Nathan.mp4,Nathan.JPG,Nathan,37.0,videoFrameNathan.png,0.0,2.0,2.0,2.0,0.0,13.0,13.0,7.0,,,,,1.0,0.6967031220000001,,,,,,32,1,2019_Oct_10_1229,FaceNameControl_Picture&Audio,3.0.4,84.96515422
81,FacesBlock3.xlsx,Nathan.mp4,Nathan.JPG,Nathan,37.0,videoFrameNathan.png,0.0,2.0,2.0,2.0,,,,,0.0,5.0,5.0,7.0,,,nathan,"['n', 'a', 't', 'h', 'a', 'n']",0.0,"[3.9776488869683817, 4.072204560041428, 4.248593014082871, 4.3430345699889585, 4.401420723996125, 4.542322296067141]",4.0,32,1,2019_Oct_10_1229,FaceNameControl_Picture&Audio,3.0.4,84.96515422
66,FacesBlock3.xlsx,Nicole.mp4,Nicole.JPG,Nicole,38.0,videoFrameNicole.png,0.0,2.0,2.0,2.0,0.0,5.0,5.0,8.0,,,,,2.0,0.920296227,,,,,,32,1,2019_Oct_10_1229,FaceNameControl_Picture&Audio,3.0.4,84.96515422
89,FacesBlock3.xlsx,Nicole.mp4,Nicole.JPG,Nicole,38.0,videoFrameNicole.png,0.0,2.0,2.0,2.0,,,,,0.0,13.0,13.0,8.0,,,kathrine,"['k', 'a', 't', 'h', 'r', 'i', 'n', 'e']",0.0,"[3.6033123289234936, 3.72096069494728, 3.896827858989127, 3.990927030914463, 4.1204702879767865, 4.214907113928348, 4.367918998003006, 4.4719973088940606]",4.0,32,1,2019_Oct_10_1229,FaceNameControl_Picture&Audio,3.0.4,84.96515422
87,FacesBlock3.xlsx,Noah.mp4,Noah.JPG,Noah,39.0,videoFrameNoah.png,0.0,2.0,2.0,2.0,,,,,0.0,11.0,11.0,9.0,,,daniel,"['d', 'a', 'n', 'i', 'e', 'l']",0.0,"[5.248819673084654, 5.425491092028096, 5.660487491986714, 5.77833995805122, 5.884948401013389, 6.002332784002647]",2.0,32,1,2019_Oct_10_1229,FaceNameControl_Picture&Audio,3.0.4,84.96515422
61,FacesBlock3.xlsx,Noah.mp4,Noah.JPG,Noah,39.0,videoFrameNoah.png,0.0,2.0,2.0,2.0,0.0,0.0,0.0,9.0,,,,,1.0,1.497813913,,,,,,32,1,2019_Oct_10_1229,FaceNameControl_Picture&Audio,3.0.4,84.96515422
80,FacesBlock3.xlsx,Olivia.mp4,Olivia.JPG,Olivia,40.0,videoFrameOlivia.png,0.0,2.0,2.0,2.0,,,,,0.0,4.0,4.0,10.0,,,rebe,"['r', 'e', 'b', 'e']",0.0,"[8.897018797928467, 9.038138268981129, 9.402481546974741, 9.967560092918575]",1.0,32,1,2019_Oct_10_1229,FaceNameControl_Picture&Audio,3.0.4,84.96515422
65,FacesBlock3.xlsx,Olivia.mp4,Olivia.JPG,Olivia,40.0,videoFrameOlivia.png,0.0,2.0,2.0,2.0,0.0,4.0,4.0,10.0,,,,,2.0,1.143662709,,,,,,32,1,2019_Oct_10_1229,FaceNameControl_Picture&Audio,3.0.4,84.96515422
18,FacesBlock2.xlsx,Rachel.mp4,Rachel.JPG,Rachel,26.0,videoFrameRachel.png,0.0,0.0,0.0,1.0,,,,,0.0,2.0,2.0,11.0,,,rachel,"['r', 'a', 'c', 'h', 'e', 'l']",1.0,"[2.355922347982414, 2.6258929750183597, 2.8964088370557874, 3.0734097060048953, 3.226258723065257, 3.484038243070245]",1.0,32,1,2019_Oct_10_1229,FaceNameControl_Picture&Audio,3.0.4,84.96515422
11,FacesBlock2.xlsx,Rachel.mp4,Rachel.JPG,Rachel,26.0,videoFrameRachel.png,0.0,0.0,0.0,1.0,0.0,10.0,10.0,11.0,,,,,2.0,0.259996444,,,,,,32,1,2019_Oct_10_1229,FaceNameControl_Picture&Audio,3.0.4,84.96515422
67,FacesBlock3.xlsx,Rebecca.mp4,Rebecca.JPG,Rebecca,41.0,videoFrameRebecca.png,0.0,2.0,2.0,2.0,0.0,6.0,6.0,11.0,,,,,2.0,0.9550630851,,,,,,32,1,2019_Oct_10_1229,FaceNameControl_Picture&Audio,3.0.4,84.96515422
90,FacesBlock3.xlsx,Rebecca.mp4,Rebecca.JPG,Rebecca,41.0,videoFrameRebecca.png,0.0,2.0,2.0,2.0,,,,,0.0,14.0,14.0,11.0,,,rebecca,"['r', 'e', 'b', 'e', 'c', 'c', 'a']",1.0,"[2.144871025928296, 2.2504913029260933, 2.5314688509097323, 2.6259130579419434, 2.8265471298946068, 2.979226173949428, 3.155641510966234]",3.0,32,1,2019_Oct_10_1229,FaceNameControl_Picture&Audio,3.0.4,84.96515422
76,FacesBlock3.xlsx,Sarah.mp4,Sarah.JPG,Sarah,42.0,videoFrameSarah.png,0.0,2.0,2.0,2.0,,,,,0.0,0.0,0.0,12.0,,,sara,"['s', 'a', 'r', 'a']",1.0,"[1.9787709839874879, 2.132096478017047, 2.2844438009196892, 2.4729353539878502]",4.0,32,1,2019_Oct_10_1229,FaceNameControl_Picture&Audio,3.0.4,84.96515422
71,FacesBlock3.xlsx,Sarah.mp4,Sarah.JPG,Sarah,42.0,videoFrameSarah.png,0.0,2.0,2.0,2.0,0.0,10.0,10.0,12.0,,,,,2.0,0.69733406,,,,,,32,1,2019_Oct_10_1229,FaceNameControl_Picture&Audio,3.0.4,84.96515422
77,FacesBlock3.xlsx,Shelby.mp4,Shelby.JPG,Shelby,43.0,videoFrameShelby.png,0.0,2.0,2.0,2.0,,,,,0.0,1.0,1.0,13.0,,,shelby,"['s', 'h', 'e', 'l', 'b', 'y']",1.0,"[1.3909832809586078, 1.5203987390268594, 1.673370094038546, 2.4147960389964283, 2.7914952620631084, 2.9787886360427365]",4.0,32,1,2019_Oct_10_1229,FaceNameControl_Picture&Audio,3.0.4,84.96515422
70,FacesBlock3.xlsx,Shelby.mp4,Shelby.JPG,Shelby,43.0,videoFrameShelby.png,0.0,2.0,2.0,2.0,0.0,9.0,9.0,13.0,,,,,2.0,0.743183203,,,,,,32,1,2019_Oct_10_1229,FaceNameControl_Picture&Audio,3.0.4,84.96515422
24,FacesBlock2.xlsx,Steven.mp4,Steven.JPG,Steven,27.0,videoFrameSteven.png,0.0,0.0,0.0,1.0,,,,,0.0,8.0,8.0,12.0,,,,None,0.0,,1.0,32,1,2019_Oct_10_1229,FaceNameControl_Picture&Audio,3.0.4,84.96515422
14,FacesBlock2.xlsx,Steven.mp4,Steven.JPG,Steven,27.0,videoFrameSteven.png,0.0,0.0,0.0,1.0,0.0,13.0,13.0,12.0,,,,,1.0,0.01455029706,,,,,,32,1,2019_Oct_10_1229,FaceNameControl_Picture&Audio,3.0.4,84.96515422
37,FacesBlock4.xlsx,Taylor.mp4,Taylor.JPG,Taylor,59.0,videoFrameTaylor.png,0.0,1.0,1.0,3.0,0.0,6.0,6.0,14.0,,,,,2.0,1.026531542,,,,,,32,1,2019_Oct_10_1229,FaceNameControl_Picture&Audio,3.0.4,84.96515422
55,FacesBlock4.xlsx,Taylor.mp4,Taylor.JPG,Taylor,59.0,videoFrameTaylor.png,0.0,1.0,1.0,3.0,,,,,0.0,9.0,9.0,14.0,,,,None,0.0,,1.0,32,1,2019_Oct_10_1229,FaceNameControl_Picture&Audio,3.0.4,84.96515422
83,FacesBlock3.xlsx,Thomas.mp4,Thomas.JPG,Thomas,44.0,videoFrameThomas.png,0.0,2.0,2.0,2.0,,,,,0.0,7.0,7.0,14.0,,,,None,0.0,,1.0,32,1,2019_Oct_10_1229,FaceNameControl_Picture&Audio,3.0.4,84.96515422
68,FacesBlock3.xlsx,Thomas.mp4,Thomas.JPG,Thomas,44.0,videoFrameThomas.png,0.0,2.0,2.0,2.0,0.0,7.0,7.0,14.0,,,,,1.0,0.83788278,,,,,,32,1,2019_Oct_10_1229,FaceNameControl_Picture&Audio,3.0.4,84.96515422
109,FacesBlock1.xlsx,Timothy.mp4,Timothy.JPG,Timothy,14.0,videoFrameTimothy.png,0.0,3.0,3.0,0.0,,,,,0.0,3.0,3.0,14.0,,,,None,0.0,,1.0,32,1,2019_Oct_10_1229,FaceNameControl_Picture&Audio,3.0.4,84.96515422
92,FacesBlock1.xlsx,Timothy.mp4,Timothy.JPG,Timothy,14.0,videoFrameTimothy.png,0.0,3.0,3.0,0.0,0.0,1.0,1.0,14.0,,,,,1.0,0.8502893290000001,,,,,,32,1,2019_Oct_10_1229,FaceNameControl_Picture&Audio,3.0.4,84.96515422
3,FacesBlock2.xlsx,Trevor.mp4,Trevor.JPG,Trevor,28.0,videoFrameTrevor.png,0.0,0.0,0.0,1.0,0.0,2.0,2.0,13.0,,,,,1.0,0.449772568,,,,,,32,1,2019_Oct_10_1229,FaceNameControl_Picture&Audio,3.0.4,84.96515422
26,FacesBlock2.xlsx,Trevor.mp4,Trevor.JPG,Trevor,28.0,videoFrameTrevor.png,0.0,0.0,0.0,1.0,,,,,0.0,10.0,10.0,13.0,,,,None,0.0,,1.0,32,1,2019_Oct_10_1229,FaceNameControl_Picture&Audio,3.0.4,84.96515422
29,FacesBlock2.xlsx,Tyler.mp4,Tyler.JPG,Tyler,29.0,videoFrameTyler.png,0.0,0.0,0.0,1.0,,,,,0.0,13.0,13.0,14.0,,,david,"['d', 'a', 'v', 'i', 'd']",0.0,"[2.8732571160653606, 2.979420831077732, 3.284918847028166, 3.4123350330628455, 3.5324238380417228]",2.0,32,1,2019_Oct_10_1229,FaceNameControl_Picture&Audio,3.0.4,84.96515422
10,FacesBlock2.xlsx,Tyler.mp4,Tyler.JPG,Tyler,29.0,videoFrameTyler.png,0.0,0.0,0.0,1.0,0.0,9.0,9.0,14.0,,,,,1.0,0.2390469509,,,,,,32,1,2019_Oct_10_1229,FaceNameControl_Picture&Audio,3.0.4,84.96515422
0,,,,,,,,,,,,,,,,,,,,,,,,,,32,1,2019_Oct_10_1229,FaceNameControl_Picture&Audio,3.0.4,84.96515422
