,condsFile,Video,Photo,Name,Row,videoFrame,blocks.thisRepN,blocks.thisTrialN,blocks.thisN,blocks.thisIndex,presentations.thisRepN,presentations.thisTrialN,presentations.thisN,presentations.thisIndex,testing.thisRepN,testing.thisTrialN,testing.thisN,testing.thisIndex,judgementResp.keys,judgementResp.rt,inputText,key_resp_3.keys,recallRating_s,key_resp_3.rt,rating_resp.keys,participant,session,date,expName,psychopyVersion,frameRate
53,FacesBlock2.xlsx,Aaron.mp4,Aaron.JPG,Aaron,15.0,videoFrameAaron.png,0.0,1.0,1.0,1.0,,,,,0.0,7.0,7.0,0.0,,,Daniel,"['lshift', 'd', 'a', 'n', 'i', 'e', 'l']",0.0,"[2.8830297829117626, 3.1554666568990797, 3.6842451989650726, 3.978837886825204, 5.096370778046548, 5.3313119078520685, 5.684576012892649]",2.0,35,1,2019_Oct_15_1504,FaceNameControl_Picture&Audio,3.0.4,85.05845278
45,FacesBlock2.xlsx,Aaron.mp4,Aaron.JPG,Aaron,15.0,videoFrameAaron.png,0.0,1.0,1.0,1.0,0.0,14.0,14.0,0.0,,,,,1.0,1.368070184,,,,,,35,1,2019_Oct_15_1504,FaceNameControl_Picture&Audio,3.0.4,85.05845278
89,FacesBlock1.xlsx,Adam.mp4,Adam.JPG,Adam,0.0,videoFrameAdam.png,0.0,2.0,2.0,0.0,,,,,0.0,13.0,13.0,0.0,,,Adam,"['lshift', 'a', 'd', 'm', 'backspace', 'a', 'm']",1.0,"[2.201556761050597, 2.3795901460107416, 2.626356818014756, 2.896813526051119, 3.2609519448596984, 3.414787882938981, 3.556222425075248]",3.0,35,1,2019_Oct_15_1504,FaceNameControl_Picture&Audio,3.0.4,85.05845278
75,FacesBlock1.xlsx,Adam.mp4,Adam.JPG,Adam,0.0,videoFrameAdam.png,0.0,2.0,2.0,0.0,0.0,14.0,14.0,0.0,,,,,1.0,2.7329359369999997,,,,,,35,1,2019_Oct_15_1504,FaceNameControl_Picture&Audio,3.0.4,85.05845278
93,FacesBlock4.xlsx,Alyssa.mp4,Alyssa.JPG,Alyssa,45.0,videoFrameAlyssa.png,0.0,3.0,3.0,3.0,0.0,2.0,2.0,0.0,,,,,2.0,3.191751783,,,,,,35,1,2019_Oct_15_1504,FaceNameControl_Picture&Audio,3.0.4,85.05845278
112,FacesBlock4.xlsx,Alyssa.mp4,Alyssa.JPG,Alyssa,45.0,videoFrameAlyssa.png,0.0,3.0,3.0,3.0,,,,,0.0,6.0,6.0,0.0,,,Alyssa,"['lshift', 'a', 'l', 'y', 'y', 'backspace', 's', 's', 'a']",0.0,"[0.7069371240213513, 0.884540508966893, 1.2376983950380236, 1.3911275088321418, 1.6244919809978455, 2.024358025053516, 2.2473975990433246, 2.4146353220567107, 2.6146626230329275]",4.0,35,1,2019_Oct_15_1504,FaceNameControl_Picture&Audio,3.0.4,85.05845278
70,FacesBlock1.xlsx,Amanda.mp4,Amanda.JPG,Amanda,1.0,videoFrameAmanda.png,0.0,2.0,2.0,0.0,0.0,9.0,9.0,1.0,,,,,2.0,1.814374468,,,,,,35,1,2019_Oct_15_1504,FaceNameControl_Picture&Audio,3.0.4,85.05845278
84,FacesBlock1.xlsx,Amanda.mp4,Amanda.JPG,Amanda,1.0,videoFrameAmanda.png,0.0,2.0,2.0,0.0,,,,,0.0,8.0,8.0,1.0,,,Nat,"['lshift', 'n', 'a', 't']",0.0,"[4.060013779904693, 8.602580128936097, 9.178416091017425, 9.46141832205467]",1.0,35,1,2019_Oct_15_1504,FaceNameControl_Picture&Audio,3.0.4,85.05845278
111,FacesBlock4.xlsx,Andrew.mp4,Andrew.JPG,Andrew,46.0,videoFrameAndrew.png,0.0,3.0,3.0,3.0,,,,,0.0,5.0,5.0,1.0,,,Dani,"['lshift', 'lshift', 'd', 'a', 'n', 'e', 'backspace', 'i', 'e', 'l', 'backspace', 'backspace']",0.0,"[1.1172231410164386, 2.988466172013432, 3.824897555168718, 5.660636183107272, 5.965832491172478, 6.284378880169243, 6.7894286590162665, 7.037065976066515, 7.295444928109646, 7.660837698029354, 9.436721080215648, 9.660266967024654]",1.0,35,1,2019_Oct_15_1504,FaceNameControl_Picture&Audio,3.0.4,85.05845278
103,FacesBlock4.xlsx,Andrew.mp4,Andrew.JPG,Andrew,46.0,videoFrameAndrew.png,0.0,3.0,3.0,3.0,0.0,12.0,12.0,1.0,,,,,1.0,1.6973172669999999,,,,,,35,1,2019_Oct_15_1504,FaceNameControl_Picture&Audio,3.0.4,85.05845278
117,FacesBlock4.xlsx,Anna.mp4,Anna.JPG,Anna,47.0,videoFrameAnna.png,0.0,3.0,3.0,3.0,,,,,0.0,11.0,11.0,2.0,,,Grace,"['lshift', 'g', 'r', 'a', 'c', 'e']",0.0,"[3.6603442430496216, 4.072750255931169, 4.438227265840396, 4.732174166012555, 4.967107645003125, 5.143160616979003]",1.0,35,1,2019_Oct_15_1504,FaceNameControl_Picture&Audio,3.0.4,85.05845278
94,FacesBlock4.xlsx,Anna.mp4,Anna.JPG,Anna,47.0,videoFrameAnna.png,0.0,3.0,3.0,3.0,0.0,3.0,3.0,2.0,,,,,2.0,0.8983949070999999,,,,,,35,1,2019_Oct_15_1504,FaceNameControl_Picture&Audio,3.0.4,85.05845278
43,FacesBlock2.xlsx,Ashley.mp4,Ashley.JPG,Ashley,16.0,videoFrameAshley.png,0.0,1.0,1.0,1.0,0.0,12.0,12.0,1.0,,,,,2.0,0.7673991469,,,,,,35,1,2019_Oct_15_1504,FaceNameControl_Picture&Audio,3.0.4,85.05845278
57,FacesBlock2.xlsx,Ashley.mp4,Ashley.JPG,Ashley,16.0,videoFrameAshley.png,0.0,1.0,1.0,1.0,,,,,0.0,11.0,11.0,1.0,,,Ashley,"['lshift', 'a', 's', 'h', 'e', 'backspace', 'l', 'e', 'y']",1.0,"[5.118343145120889, 5.261633353075013, 5.5084858851041645, 5.6374255190603435, 5.848931476008147, 6.364562430186197, 6.849114734213799, 7.014154369011521, 7.1438787810038775]",1.0,35,1,2019_Oct_15_1504,FaceNameControl_Picture&Audio,3.0.4,85.05845278
76,FacesBlock1.xlsx,Bradley.mp4,Bradley.JPG,Bradley,2.0,videoFrameBradley.png,0.0,2.0,2.0,0.0,,,,,0.0,0.0,0.0,2.0,,,Brian,"['lshift', 'b', 'r', 'y', 'backspace', 'i', 'a', 'n', 'return']",0.0,"[1.5774417598731816, 5.97869652393274, 6.3438577929046005, 6.5082225310616195, 6.895162239903584, 7.155380758922547, 7.259211963973939, 7.402120465878397, 8.072728245984763]",1.0,35,1,2019_Oct_15_1504,FaceNameControl_Picture&Audio,3.0.4,85.05845278
64,FacesBlock1.xlsx,Bradley.mp4,Bradley.JPG,Bradley,2.0,videoFrameBradley.png,0.0,2.0,2.0,0.0,0.0,3.0,3.0,2.0,,,,,1.0,1.9330686590000001,,,,,,35,1,2019_Oct_15_1504,FaceNameControl_Picture&Audio,3.0.4,85.05845278
99,FacesBlock4.xlsx,Brandon.mp4,Brandon.JPG,Brandon,48.0,videoFrameBrandon.png,0.0,3.0,3.0,3.0,0.0,8.0,8.0,3.0,,,,,1.0,2.673681139,,,,,,35,1,2019_Oct_15_1504,FaceNameControl_Picture&Audio,3.0.4,85.05845278
110,FacesBlock4.xlsx,Brandon.mp4,Brandon.JPG,Brandon,48.0,videoFrameBrandon.png,0.0,3.0,3.0,3.0,,,,,0.0,4.0,4.0,3.0,,,Caleb,"['lshift', 'c', 'a', 'l', 'e', 'b']",0.0,"[4.212262161076069, 5.2728837369941175, 5.708901181118563, 5.861398939974606, 6.155991984996945, 6.296740034129471]",2.0,35,1,2019_Oct_15_1504,FaceNameControl_Picture&Audio,3.0.4,85.05845278
119,FacesBlock4.xlsx,Brian.mp4,Brian.JPG,Brian,49.0,videoFrameBrian.png,0.0,3.0,3.0,3.0,,,,,0.0,13.0,13.0,4.0,,,Brian,"['lshift', 'b', 'r', 'i', 'a', 'n', '4', 'backspace']",1.0,"[1.2243337340187281, 1.4962892790790647, 1.7434204479213804, 1.8850043290294707, 2.0960277330596, 2.7201121179386973, 7.743600138928741, 8.271735108923167]",4.0,35,1,2019_Oct_15_1504,FaceNameControl_Picture&Audio,3.0.4,85.05845278
104,FacesBlock4.xlsx,Brian.mp4,Brian.JPG,Brian,49.0,videoFrameBrian.png,0.0,3.0,3.0,3.0,0.0,13.0,13.0,4.0,,,,,1.0,1.5323435840000001,,,,,,35,1,2019_Oct_15_1504,FaceNameControl_Picture&Audio,3.0.4,85.05845278
101,FacesBlock4.xlsx,Brianna.mp4,Brianna.JPG,Brianna,50.0,videoFrameBrianna.png,0.0,3.0,3.0,3.0,0.0,10.0,10.0,5.0,,,,,2.0,2.9445951619999997,,,,,,35,1,2019_Oct_15_1504,FaceNameControl_Picture&Audio,3.0.4,85.05845278
108,FacesBlock4.xlsx,Brianna.mp4,Brianna.JPG,Brianna,50.0,videoFrameBrianna.png,0.0,3.0,3.0,3.0,,,,,0.0,2.0,2.0,5.0,,,Brianna,"['lshift', 'b', 'r', 'i', 'a', 'n', 'n', 'a']",1.0,"[0.8470771650318056, 3.2371347981970757, 3.5197504460811615, 3.637299064081162, 3.8003832201939076, 3.895893355133012, 4.0486297809984535, 4.166890917113051]",4.0,35,1,2019_Oct_15_1504,FaceNameControl_Picture&Audio,3.0.4,85.05845278
32,FacesBlock2.xlsx,Brittany.mp4,Brittany.JPG,Brittany,17.0,videoFrameBrittany.png,0.0,1.0,1.0,1.0,0.0,1.0,1.0,2.0,,,,,2.0,1.30868237,,,,,,35,1,2019_Oct_15_1504,FaceNameControl_Picture&Audio,3.0.4,85.05845278
58,FacesBlock2.xlsx,Brittany.mp4,Brittany.JPG,Brittany,17.0,videoFrameBrittany.png,0.0,1.0,1.0,1.0,,,,,0.0,12.0,12.0,2.0,,,Britney,"['lshift', 'b', 'i', 'backspace', 'r', 'i', 't', 'n', 'e', 'y']",1.0,"[1.13114383793436, 1.297438435954973, 1.8622422569897026, 2.188719233032316, 2.2970233869273216, 2.4620563860516995, 2.812437867047265, 3.3891385819297284, 3.532598617952317, 3.6261554590892047]",4.0,35,1,2019_Oct_15_1504,FaceNameControl_Picture&Audio,3.0.4,85.05845278
102,FacesBlock4.xlsx,Caleb.mp4,Caleb.JPG,Caleb,51.0,videoFrameCaleb.png,0.0,3.0,3.0,3.0,0.0,11.0,11.0,6.0,,,,,1.0,1.945151065,,,,,,35,1,2019_Oct_15_1504,FaceNameControl_Picture&Audio,3.0.4,85.05845278
116,FacesBlock4.xlsx,Caleb.mp4,Caleb.JPG,Caleb,51.0,videoFrameCaleb.png,0.0,3.0,3.0,3.0,,,,,0.0,10.0,10.0,6.0,,,Caleb,"['lshift', 'c', 'a', 'l', 'e', 'b']",1.0,"[1.6722994889132679, 1.9437997951172292, 2.1561955239158124, 2.2740095579065382, 2.403198387939483, 2.520800702041015]",3.0,35,1,2019_Oct_15_1504,FaceNameControl_Picture&Audio,3.0.4,85.05845278
47,FacesBlock2.xlsx,Cody.mp4,Cody.JPG,Cody,18.0,videoFrameCody.png,0.0,1.0,1.0,1.0,,,,,0.0,1.0,1.0,3.0,,,,None,0.0,,1.0,35,1,2019_Oct_15_1504,FaceNameControl_Picture&Audio,3.0.4,85.05845278
34,FacesBlock2.xlsx,Cody.mp4,Cody.JPG,Cody,18.0,videoFrameCody.png,0.0,1.0,1.0,1.0,0.0,3.0,3.0,3.0,,,,,1.0,0.6969749951,,,,,,35,1,2019_Oct_15_1504,FaceNameControl_Picture&Audio,3.0.4,85.05845278
27,FacesBlock3.xlsx,Courtney.mp4,Courtney.JPG,Courtney,30.0,videoFrameCourtney.png,0.0,0.0,0.0,2.0,,,,,0.0,11.0,11.0,0.0,,,Hailey,"['lshift', 'h', 'a', 'l', 'backspace', 'i', 'l', 'e', 'y']",0.0,"[3.283494973089546, 3.567998964106664, 4.144444551086053, 4.6620420010294765, 5.448387946002185, 6.12096939003095, 6.250875795958564, 6.4506737710908055, 6.697373616974801]",1.0,35,1,2019_Oct_15_1504,FaceNameControl_Picture&Audio,3.0.4,85.05845278
10,FacesBlock3.xlsx,Courtney.mp4,Courtney.JPG,Courtney,30.0,videoFrameCourtney.png,0.0,0.0,0.0,2.0,0.0,9.0,9.0,0.0,,,,,2.0,0.403229743,,,,,,35,1,2019_Oct_15_1504,FaceNameControl_Picture&Audio,3.0.4,85.05845278
20,FacesBlock3.xlsx,Daniel.mp4,Daniel.JPG,Daniel,31.0,videoFrameDaniel.png,0.0,0.0,0.0,2.0,,,,,0.0,4.0,4.0,1.0,,,Noah,"['lshift', 'n', 'o', 'a', 'f', 'backspace', 'h']",0.0,"[1.2001383169554174, 3.0730058779008687, 3.6372686789836735, 3.97658545197919, 4.343198384856805, 5.048986881971359, 6.2016449039801955]",2.0,35,1,2019_Oct_15_1504,FaceNameControl_Picture&Audio,3.0.4,85.05845278
5,FacesBlock3.xlsx,Daniel.mp4,Daniel.JPG,Daniel,31.0,videoFrameDaniel.png,0.0,0.0,0.0,2.0,0.0,4.0,4.0,1.0,,,,,1.0,0.38009117189999997,,,,,,35,1,2019_Oct_15_1504,FaceNameControl_Picture&Audio,3.0.4,85.05845278
63,FacesBlock1.xlsx,Danielle.mp4,Danielle.JPG,Danielle,3.0,videoFrameDanielle.png,0.0,2.0,2.0,0.0,0.0,2.0,2.0,3.0,,,,,2.0,1.941155525,,,,,,35,1,2019_Oct_15_1504,FaceNameControl_Picture&Audio,3.0.4,85.05845278
77,FacesBlock1.xlsx,Danielle.mp4,Danielle.JPG,Danielle,3.0,videoFrameDanielle.png,0.0,2.0,2.0,0.0,,,,,0.0,1.0,1.0,3.0,,,Danielle,"['lshift', 'd', 'a', 'n', 'i', 'e', 'l', 'l', 'e']",1.0,"[0.5891380379907787, 1.0721970270387828, 1.5436120200902224, 1.70764430006966, 1.8849399781320244, 2.0718753109686077, 2.271984994178638, 2.4606192260980606, 2.7317545551341027]",4.0,35,1,2019_Oct_15_1504,FaceNameControl_Picture&Audio,3.0.4,85.05845278
31,FacesBlock2.xlsx,David.mp4,David.JPG,David,19.0,videoFrameDavid.png,0.0,1.0,1.0,1.0,0.0,0.0,0.0,4.0,,,,,1.0,1.743920451,,,,,,35,1,2019_Oct_15_1504,FaceNameControl_Picture&Audio,3.0.4,85.05845278
54,FacesBlock2.xlsx,David.mp4,David.JPG,David,19.0,videoFrameDavid.png,0.0,1.0,1.0,1.0,,,,,0.0,8.0,8.0,4.0,,,,None,0.0,,1.0,35,1,2019_Oct_15_1504,FaceNameControl_Picture&Audio,3.0.4,85.05845278
120,FacesBlock4.xlsx,Dylan.mp4,Dylan.JPG,Dylan,52.0,videoFrameDylan.png,0.0,3.0,3.0,3.0,,,,,0.0,14.0,14.0,7.0,,,,None,0.0,,1.0,35,1,2019_Oct_15_1504,FaceNameControl_Picture&Audio,3.0.4,85.05845278
98,FacesBlock4.xlsx,Dylan.mp4,Dylan.JPG,Dylan,52.0,videoFrameDylan.png,0.0,3.0,3.0,3.0,0.0,7.0,7.0,7.0,,,,,1.0,1.473784798,,,,,,35,1,2019_Oct_15_1504,FaceNameControl_Picture&Audio,3.0.4,85.05845278
113,FacesBlock4.xlsx,Emily.mp4,Emily.JPG,Emily,53.0,videoFrameEmily.png,0.0,3.0,3.0,3.0,,,,,0.0,7.0,7.0,8.0,,,Emily,"['lshift', 'e', 'm', 'i', 'l', 'y']",1.0,"[1.2706211290787905, 1.9904595830012113, 2.4251361589413136, 2.6240246570669115, 2.8250232879072428, 3.119700049981475]",4.0,35,1,2019_Oct_15_1504,FaceNameControl_Picture&Audio,3.0.4,85.05845278
100,FacesBlock4.xlsx,Emily.mp4,Emily.JPG,Emily,53.0,videoFrameEmily.png,0.0,3.0,3.0,3.0,0.0,9.0,9.0,8.0,,,,,2.0,3.2970522000000004,,,,,,35,1,2019_Oct_15_1504,FaceNameControl_Picture&Audio,3.0.4,85.05845278
74,FacesBlock1.xlsx,Eric.mp4,Eric.JPG,Eric,4.0,videoFrameEric.png,0.0,2.0,2.0,0.0,0.0,13.0,13.0,4.0,,,,,1.0,2.015091031,,,,,,35,1,2019_Oct_15_1504,FaceNameControl_Picture&Audio,3.0.4,85.05845278
81,FacesBlock1.xlsx,Eric.mp4,Eric.JPG,Eric,4.0,videoFrameEric.png,0.0,2.0,2.0,0.0,,,,,0.0,5.0,5.0,4.0,,,Eric,"['lshift', 'e', 'r', 'i', 'c']",1.0,"[1.0016334690153599, 1.4952679749112576, 1.7207789309322834, 1.8851285460405052, 2.01512508187443]",4.0,35,1,2019_Oct_15_1504,FaceNameControl_Picture&Audio,3.0.4,85.05845278
83,FacesBlock1.xlsx,Ethan.mp4,Ethan.JPG,Ethan,5.0,videoFrameEthan.png,0.0,2.0,2.0,0.0,,,,,0.0,7.0,7.0,5.0,,,,['lshift'],0.0,[1.1192387989722192],1.0,35,1,2019_Oct_15_1504,FaceNameControl_Picture&Audio,3.0.4,85.05845278
65,FacesBlock1.xlsx,Ethan.mp4,Ethan.JPG,Ethan,5.0,videoFrameEthan.png,0.0,2.0,2.0,0.0,0.0,4.0,4.0,5.0,,,,,1.0,1.591675753,,,,,,35,1,2019_Oct_15_1504,FaceNameControl_Picture&Audio,3.0.4,85.05845278
91,FacesBlock4.xlsx,Grace.mp4,Grace.JPG,Grace,54.0,videoFrameGrace.png,0.0,3.0,3.0,3.0,0.0,0.0,0.0,9.0,,,,,2.0,4.885320308,,,,,,35,1,2019_Oct_15_1504,FaceNameControl_Picture&Audio,3.0.4,85.05845278
115,FacesBlock4.xlsx,Grace.mp4,Grace.JPG,Grace,54.0,videoFrameGrace.png,0.0,3.0,3.0,3.0,,,,,0.0,9.0,9.0,9.0,,,Ana,"['lshift', 'a', 'n', 'a']",0.0,"[3.188152121147141, 3.543621964054182, 3.8962338310666382, 4.060883626108989]",2.0,35,1,2019_Oct_15_1504,FaceNameControl_Picture&Audio,3.0.4,85.05845278
59,FacesBlock2.xlsx,Haley.mp4,Haley.JPG,Haley,20.0,videoFrameHaley.png,0.0,1.0,1.0,1.0,,,,,0.0,13.0,13.0,5.0,,,Haley,"['lshift', 'h', 'a', 'l', 'e', 'y']",1.0,"[0.9659199512097985, 1.0735833779908717, 1.3789511620998383, 1.4945104881189764, 1.7556988971773535, 1.8848490801174194]",4.0,35,1,2019_Oct_15_1504,FaceNameControl_Picture&Audio,3.0.4,85.05845278
41,FacesBlock2.xlsx,Haley.mp4,Haley.JPG,Haley,20.0,videoFrameHaley.png,0.0,1.0,1.0,1.0,0.0,10.0,10.0,5.0,,,,,2.0,0.8262472309000001,,,,,,35,1,2019_Oct_15_1504,FaceNameControl_Picture&Audio,3.0.4,85.05845278
82,FacesBlock1.xlsx,Hannah.mp4,Hannah.JPG,Hannah,6.0,videoFrameHannah.png,0.0,2.0,2.0,0.0,,,,,0.0,6.0,6.0,6.0,,,Hannah,"['lshift', 'h', 'a', 'n', 'n', 'a', 'h']",1.0,"[0.5657050609588623, 1.3899321788921952, 1.6133255648892373, 1.7785046040080488, 1.908057213993743, 2.178200382972136, 2.34289033501409]",4.0,35,1,2019_Oct_15_1504,FaceNameControl_Picture&Audio,3.0.4,85.05845278
69,FacesBlock1.xlsx,Hannah.mp4,Hannah.JPG,Hannah,6.0,videoFrameHannah.png,0.0,2.0,2.0,0.0,0.0,8.0,8.0,6.0,,,,,2.0,1.791348604,,,,,,35,1,2019_Oct_15_1504,FaceNameControl_Picture&Audio,3.0.4,85.05845278
35,FacesBlock2.xlsx,Heather.mp4,Heather.JPG,Heather,21.0,videoFrameHeather.png,0.0,1.0,1.0,1.0,0.0,4.0,4.0,6.0,,,,,2.0,1.015013716,,,,,,35,1,2019_Oct_15_1504,FaceNameControl_Picture&Audio,3.0.4,85.05845278
49,FacesBlock2.xlsx,Heather.mp4,Heather.JPG,Heather,21.0,videoFrameHeather.png,0.0,1.0,1.0,1.0,,,,,0.0,3.0,3.0,6.0,,,Julie,"['lshift', 'j', 'u', 'l', 'i', 'e']",0.0,"[2.424076355062425, 3.07295915693976, 3.555000259075314, 4.81436163908802, 5.155112104956061, 5.4730616949964315]",1.0,35,1,2019_Oct_15_1504,FaceNameControl_Picture&Audio,3.0.4,85.05845278
8,FacesBlock3.xlsx,Jacob.mp4,Jacob.JPG,Jacob,32.0,videoFrameJacob.png,0.0,0.0,0.0,2.0,0.0,7.0,7.0,2.0,,,,,1.0,0.43851574390000003,,,,,,35,1,2019_Oct_15_1504,FaceNameControl_Picture&Audio,3.0.4,85.05845278
18,FacesBlock3.xlsx,Jacob.mp4,Jacob.JPG,Jacob,32.0,videoFrameJacob.png,0.0,0.0,0.0,2.0,,,,,0.0,2.0,2.0,2.0,,,Jake,"['lshift', 'j', 'a', 'k', 'e', 'return', '1', 'backspace', 'return']",0.0,"[2.2128003910183907, 2.7205266188830137, 3.061930492054671, 3.2024322079960257, 3.3911239788867533, 3.708526842063293, 7.862105377018452, 8.7661180740688, 9.942877162946388]",1.0,35,1,2019_Oct_15_1504,FaceNameControl_Picture&Audio,3.0.4,85.05845278
106,FacesBlock4.xlsx,Jason.mp4,Jason.JPG,Jason,55.0,videoFrameJason.png,0.0,3.0,3.0,3.0,,,,,0.0,0.0,0.0,10.0,,,Jason,"['lshift', 'j', 'a', 's', 'o', 'n', 'return']",1.0,"[1.4706990900449455, 1.7195983049459755, 1.9557542928960174, 2.0709406780079007, 2.1914833588525653, 2.271006387891248, 2.6955433438997716]",3.0,35,1,2019_Oct_15_1504,FaceNameControl_Picture&Audio,3.0.4,85.05845278
96,FacesBlock4.xlsx,Jason.mp4,Jason.JPG,Jason,55.0,videoFrameJason.png,0.0,3.0,3.0,3.0,0.0,5.0,5.0,10.0,,,,,1.0,5.979954076,,,,,,35,1,2019_Oct_15_1504,FaceNameControl_Picture&Audio,3.0.4,85.05845278
90,FacesBlock1.xlsx,Jenna.mp4,Jenna.JPG,Jenna,7.0,videoFrameJenna.png,0.0,2.0,2.0,0.0,,,,,0.0,14.0,14.0,7.0,,,,"['lshift', 'lshift', 'r', 'a', 'c', 'h', 'e', 'l', 'backspace', 'backspace', 'backspace', 'backspace', 'backspace', 'backspace', 'backspace', 'backspace']",0.0,"[2.1308964588679373, 5.813775243004784, 6.003181596053764, 6.214883727952838, 6.332296848995611, 6.6621086478699, 6.791406846838072, 6.942446812987328, 7.885069397976622, 8.990888335974887, 9.143085686024278, 9.273577588843182, 9.3555778269656, 9.461712006945163, 9.602875856915489, 9.685285612940788]",1.0,35,1,2019_Oct_15_1504,FaceNameControl_Picture&Audio,3.0.4,85.05845278
68,FacesBlock1.xlsx,Jenna.mp4,Jenna.JPG,Jenna,7.0,videoFrameJenna.png,0.0,2.0,2.0,0.0,0.0,7.0,7.0,7.0,,,,,2.0,1.803033857,,,,,,35,1,2019_Oct_15_1504,FaceNameControl_Picture&Audio,3.0.4,85.05845278
56,FacesBlock2.xlsx,Jeremy.mp4,Jeremy.JPG,Jeremy,22.0,videoFrameJeremy.png,0.0,1.0,1.0,1.0,,,,,0.0,10.0,10.0,7.0,,,,None,0.0,,1.0,35,1,2019_Oct_15_1504,FaceNameControl_Picture&Audio,3.0.4,85.05845278
42,FacesBlock2.xlsx,Jeremy.mp4,Jeremy.JPG,Jeremy,22.0,videoFrameJeremy.png,0.0,1.0,1.0,1.0,0.0,11.0,11.0,7.0,,,,,1.0,0.8027291009,,,,,,35,1,2019_Oct_15_1504,FaceNameControl_Picture&Audio,3.0.4,85.05845278
61,FacesBlock1.xlsx,Jessica.mp4,Jessica.JPG,Jessica,8.0,videoFrameJessica.png,0.0,2.0,2.0,0.0,0.0,0.0,0.0,8.0,,,,,2.0,2.285822306,,,,,,35,1,2019_Oct_15_1504,FaceNameControl_Picture&Audio,3.0.4,85.05845278
79,FacesBlock1.xlsx,Jessica.mp4,Jessica.JPG,Jessica,8.0,videoFrameJessica.png,0.0,2.0,2.0,0.0,,,,,0.0,3.0,3.0,8.0,,,Jessica,"['lshift', 'j', 'e', 's', 's', 'i', 'c', 'c', 'backspace', 'a']",1.0,"[1.388034522999078, 1.6007010380271822, 1.9899554878938943, 2.1891390138771385, 2.506841961061582, 2.777982766041532, 3.213495160918683, 3.295470990939066, 3.977274800883606, 4.284061244921759]",2.0,35,1,2019_Oct_15_1504,FaceNameControl_Picture&Audio,3.0.4,85.05845278
46,FacesBlock2.xlsx,Josh.mp4,Josh.JPG,Josh,23.0,videoFrameJosh.png,0.0,1.0,1.0,1.0,,,,,0.0,0.0,0.0,8.0,,,Josh,"['lshift', 'j', 'o', 's', 'h', 'return']",1.0,"[1.7300545938778669, 1.99075300199911, 2.425413182005286, 2.9786254910286516, 3.4374145208857954, 4.4134557109791785]",4.0,35,1,2019_Oct_15_1504,FaceNameControl_Picture&Audio,3.0.4,85.05845278
33,FacesBlock2.xlsx,Josh.mp4,Josh.JPG,Josh,23.0,videoFrameJosh.png,0.0,1.0,1.0,1.0,0.0,2.0,2.0,8.0,,,,,1.0,0.8146555319,,,,,,35,1,2019_Oct_15_1504,FaceNameControl_Picture&Audio,3.0.4,85.05845278
67,FacesBlock1.xlsx,Julia.mp4,Julia.JPG,Julia,9.0,videoFrameJulia.png,0.0,2.0,2.0,0.0,0.0,6.0,6.0,9.0,,,,,2.0,1.767687784,,,,,,35,1,2019_Oct_15_1504,FaceNameControl_Picture&Audio,3.0.4,85.05845278
86,FacesBlock1.xlsx,Julia.mp4,Julia.JPG,Julia,9.0,videoFrameJulia.png,0.0,2.0,2.0,0.0,,,,,0.0,10.0,10.0,9.0,,,,['lshift'],0.0,[0.4360557699110359],1.0,35,1,2019_Oct_15_1504,FaceNameControl_Picture&Audio,3.0.4,85.05845278
38,FacesBlock2.xlsx,Justin.mp4,Justin.JPG,Justin,24.0,videoFrameJustin.png,0.0,1.0,1.0,1.0,0.0,7.0,7.0,9.0,,,,,1.0,0.8267483572,,,,,,35,1,2019_Oct_15_1504,FaceNameControl_Picture&Audio,3.0.4,85.05845278
50,FacesBlock2.xlsx,Justin.mp4,Justin.JPG,Justin,24.0,videoFrameJustin.png,0.0,1.0,1.0,1.0,,,,,0.0,4.0,4.0,9.0,,,Trevor,"['lshift', 't', 'r', 'e', 'v', 'o', 'r']",0.0,"[2.8710732799954712, 3.7314052239526063, 4.2612943889107555, 4.590454160002992, 5.367178502026945, 5.755453153047711, 6.143297477858141]",1.0,35,1,2019_Oct_15_1504,FaceNameControl_Picture&Audio,3.0.4,85.05845278
105,FacesBlock4.xlsx,Katie.mp4,Katie.JPG,Katie,56.0,videoFrameKatie.png,0.0,3.0,3.0,3.0,0.0,14.0,14.0,11.0,,,,,2.0,1.5683092969999999,,,,,,35,1,2019_Oct_15_1504,FaceNameControl_Picture&Audio,3.0.4,85.05845278
114,FacesBlock4.xlsx,Katie.mp4,Katie.JPG,Katie,56.0,videoFrameKatie.png,0.0,3.0,3.0,3.0,,,,,0.0,8.0,8.0,11.0,,,,"['lshift', 'd', 'backspace', 'lshift']",0.0,"[1.4251949680037796, 5.3915407420136034, 6.143805193947628, 6.519745300989598]",1.0,35,1,2019_Oct_15_1504,FaceNameControl_Picture&Audio,3.0.4,85.05845278
6,FacesBlock3.xlsx,Kayla.mp4,Kayla.JPG,Kayla,33.0,videoFrameKayla.png,0.0,0.0,0.0,2.0,0.0,5.0,5.0,3.0,,,,,2.0,0.42642085090000004,,,,,,35,1,2019_Oct_15_1504,FaceNameControl_Picture&Audio,3.0.4,85.05845278
25,FacesBlock3.xlsx,Kayla.mp4,Kayla.JPG,Kayla,33.0,videoFrameKayla.png,0.0,0.0,0.0,2.0,,,,,0.0,9.0,9.0,3.0,,,Reb,"['lshift', 'r', 'e', 'b']",0.0,"[6.27203535893932, 8.815450890921056, 9.52136566489935, 9.977862404892221]",1.0,35,1,2019_Oct_15_1504,FaceNameControl_Picture&Audio,3.0.4,85.05845278
71,FacesBlock1.xlsx,Kelsey.mp4,Kelsey.JPG,Kelsey,10.0,videoFrameKelsey.png,0.0,2.0,2.0,0.0,0.0,10.0,10.0,10.0,,,,,2.0,1.6730292219999998,,,,,,35,1,2019_Oct_15_1504,FaceNameControl_Picture&Audio,3.0.4,85.05845278
87,FacesBlock1.xlsx,Kelsey.mp4,Kelsey.JPG,Kelsey,10.0,videoFrameKelsey.png,0.0,2.0,2.0,0.0,,,,,0.0,11.0,11.0,10.0,,,Kelsey,"['lshift', 'k', 'e', 'l', 's', 'e', 'y']",1.0,"[1.4841873180121183, 1.6385847991332412, 1.8856638590805233, 2.2145064580254257, 2.556153655052185, 2.789367990102619, 3.2973503940738738]",4.0,35,1,2019_Oct_15_1504,FaceNameControl_Picture&Audio,3.0.4,85.05845278
24,FacesBlock3.xlsx,Kevin.mp4,Kevin.JPG,Kevin,34.0,videoFrameKevin.png,0.0,0.0,0.0,2.0,,,,,0.0,8.0,8.0,4.0,,,,"['lshift', 'm', 'i', 'backspace', 'backspace', 'backspace']",0.0,"[6.118788009043783, 6.576897314982489, 8.754956064047292, 9.272446563001722, 9.543062038952485, 9.789620282826945]",1.0,35,1,2019_Oct_15_1504,FaceNameControl_Picture&Audio,3.0.4,85.05845278
11,FacesBlock3.xlsx,Kevin.mp4,Kevin.JPG,Kevin,34.0,videoFrameKevin.png,0.0,0.0,0.0,2.0,0.0,10.0,10.0,4.0,,,,,1.0,0.47385074200000005,,,,,,35,1,2019_Oct_15_1504,FaceNameControl_Picture&Audio,3.0.4,85.05845278
62,FacesBlock1.xlsx,Kyle.mp4,Kyle.JPG,Kyle,11.0,videoFrameKyle.png,0.0,2.0,2.0,0.0,0.0,1.0,1.0,11.0,,,,,1.0,1.379967434,,,,,,35,1,2019_Oct_15_1504,FaceNameControl_Picture&Audio,3.0.4,85.05845278
88,FacesBlock1.xlsx,Kyle.mp4,Kyle.JPG,Kyle,11.0,videoFrameKyle.png,0.0,2.0,2.0,0.0,,,,,0.0,12.0,12.0,11.0,,,,None,0.0,,1.0,35,1,2019_Oct_15_1504,FaceNameControl_Picture&Audio,3.0.4,85.05845278
17,FacesBlock3.xlsx,Lauren.mp4,Lauren.JPG,Lauren,35.0,videoFrameLauren.png,0.0,0.0,0.0,2.0,,,,,0.0,1.0,1.0,5.0,,,,"['lshift', 'return', 'lshift']",0.0,"[3.800669573014602, 5.108025735011324, 6.211946355877444]",1.0,35,1,2019_Oct_15_1504,FaceNameControl_Picture&Audio,3.0.4,85.05845278
9,FacesBlock3.xlsx,Lauren.mp4,Lauren.JPG,Lauren,35.0,videoFrameLauren.png,0.0,0.0,0.0,2.0,0.0,8.0,8.0,5.0,,,,,2.0,0.6028276919,,,,,,35,1,2019_Oct_15_1504,FaceNameControl_Picture&Audio,3.0.4,85.05845278
7,FacesBlock3.xlsx,Mark.mp4,Mark.JPG,Mark,36.0,videoFrameMark.png,0.0,0.0,0.0,2.0,0.0,6.0,6.0,6.0,,,,,1.0,0.3792935442,,,,,,35,1,2019_Oct_15_1504,FaceNameControl_Picture&Audio,3.0.4,85.05845278
30,FacesBlock3.xlsx,Mark.mp4,Mark.JPG,Mark,36.0,videoFrameMark.png,0.0,0.0,0.0,2.0,,,,,0.0,14.0,14.0,6.0,,,,None,0.0,,1.0,35,1,2019_Oct_15_1504,FaceNameControl_Picture&Audio,3.0.4,85.05845278
85,FacesBlock1.xlsx,Matthew.mp4,Matthew.JPG,Matthew,12.0,videoFrameMatthew.png,0.0,2.0,2.0,0.0,,,,,0.0,9.0,9.0,12.0,,,Matthew,"['lshift', 'm', 'a', 't', 't', 'h', 'e', 'w']",1.0,"[1.3187088819686323, 1.5329230360221118, 1.7090642480179667, 1.9091370720416307, 2.0731633938848972, 2.1893056540284306, 2.3325298130512238, 2.4377987820189446]",2.0,35,1,2019_Oct_15_1504,FaceNameControl_Picture&Audio,3.0.4,85.05845278
72,FacesBlock1.xlsx,Matthew.mp4,Matthew.JPG,Matthew,12.0,videoFrameMatthew.png,0.0,2.0,2.0,0.0,0.0,11.0,11.0,12.0,,,,,1.0,1.3089962370000001,,,,,,35,1,2019_Oct_15_1504,FaceNameControl_Picture&Audio,3.0.4,85.05845278
48,FacesBlock2.xlsx,Megan.mp4,Megan.JPG,Megan,25.0,videoFrameMegan.png,0.0,1.0,1.0,1.0,,,,,0.0,2.0,2.0,10.0,,,Megan,"['lshift', 'm', 'e', 'g', 'a', 'n']",1.0,"[2.03667640988715, 2.402690283022821, 2.814314041985199, 2.9671794520691037, 3.2605653130449355, 3.4258129820227623]",4.0,35,1,2019_Oct_15_1504,FaceNameControl_Picture&Audio,3.0.4,85.05845278
36,FacesBlock2.xlsx,Megan.mp4,Megan.JPG,Megan,25.0,videoFrameMegan.png,0.0,1.0,1.0,1.0,0.0,5.0,5.0,10.0,,,,,2.0,0.9680155739,,,,,,35,1,2019_Oct_15_1504,FaceNameControl_Picture&Audio,3.0.4,85.05845278
97,FacesBlock4.xlsx,Michael.mp4,Michael.JPG,Michael,57.0,videoFrameMichael.png,0.0,3.0,3.0,3.0,0.0,6.0,6.0,12.0,,,,,1.0,1.732627151,,,,,,35,1,2019_Oct_15_1504,FaceNameControl_Picture&Audio,3.0.4,85.05845278
109,FacesBlock4.xlsx,Michael.mp4,Michael.JPG,Michael,57.0,videoFrameMichael.png,0.0,3.0,3.0,3.0,,,,,0.0,3.0,3.0,12.0,,,,['lshift'],0.0,[0.6246790729928762],1.0,35,1,2019_Oct_15_1504,FaceNameControl_Picture&Audio,3.0.4,85.05845278
118,FacesBlock4.xlsx,Michelle.mp4,Michelle.JPG,Michelle,58.0,videoFrameMichelle.png,0.0,3.0,3.0,3.0,,,,,0.0,12.0,12.0,13.0,,,Michelle,"['lshift', 'm', 'i', 'c', 'h', 'e', 'l', 'l', 'e', 'backspace', 'backspace', 'e', 'backspace', 'l', 'e']",1.0,"[1.624340084148571, 1.7791577309835702, 2.0612841120455414, 2.2263605101034045, 2.4731019721366465, 2.6496089450083673, 2.8261784149799496, 3.5197801711037755, 3.7782347870524973, 4.672750397119671, 4.861359840026125, 4.92050561401993, 6.025206169113517, 6.21461501903832, 6.368170210160315]",4.0,35,1,2019_Oct_15_1504,FaceNameControl_Picture&Audio,3.0.4,85.05845278
95,FacesBlock4.xlsx,Michelle.mp4,Michelle.JPG,Michelle,58.0,videoFrameMichelle.png,0.0,3.0,3.0,3.0,0.0,4.0,4.0,13.0,,,,,2.0,3.226259532,,,,,,35,1,2019_Oct_15_1504,FaceNameControl_Picture&Audio,3.0.4,85.05845278
73,FacesBlock1.xlsx,Natalie.mp4,Natalie.JPG,Natalie,13.0,videoFrameNatalie.png,0.0,2.0,2.0,0.0,0.0,12.0,12.0,13.0,,,,,2.0,1.6078551380000001,,,,,,35,1,2019_Oct_15_1504,FaceNameControl_Picture&Audio,3.0.4,85.05845278
80,FacesBlock1.xlsx,Natalie.mp4,Natalie.JPG,Natalie,13.0,videoFrameNatalie.png,0.0,2.0,2.0,0.0,,,,,0.0,4.0,4.0,13.0,,,Natalie,"['lshift', 'n', 'a', 't', 'a', 'l', 'i', 'e', '3', 'backspace']",1.0,"[0.7418043538928032, 1.5309449899941683, 2.2491789259947836, 2.99045566492714, 3.6019329759292305, 4.024928968865424, 4.272278137970716, 4.623863478889689, 9.272803036961704, 9.895994001068175]",3.0,35,1,2019_Oct_15_1504,FaceNameControl_Picture&Audio,3.0.4,85.05845278
29,FacesBlock3.xlsx,Nathan.mp4,Nathan.JPG,Nathan,37.0,videoFrameNathan.png,0.0,0.0,0.0,2.0,,,,,0.0,13.0,13.0,7.0,,,Mike,"['lshift', 'm', 'i', 'k', 'e']",0.0,"[3.3300491999834776, 3.955618606880307, 4.354952199850231, 4.625412333989516, 4.802317013964057]",1.0,35,1,2019_Oct_15_1504,FaceNameControl_Picture&Audio,3.0.4,85.05845278
3,FacesBlock3.xlsx,Nathan.mp4,Nathan.JPG,Nathan,37.0,videoFrameNathan.png,0.0,0.0,0.0,2.0,0.0,2.0,2.0,7.0,,,,,1.0,0.45052040479999994,,,,,,35,1,2019_Oct_15_1504,FaceNameControl_Picture&Audio,3.0.4,85.05845278
2,FacesBlock3.xlsx,Nicole.mp4,Nicole.JPG,Nicole,38.0,videoFrameNicole.png,0.0,0.0,0.0,2.0,0.0,1.0,1.0,8.0,,,,,2.0,0.366871919,,,,,,35,1,2019_Oct_15_1504,FaceNameControl_Picture&Audio,3.0.4,85.05845278
23,FacesBlock3.xlsx,Nicole.mp4,Nicole.JPG,Nicole,38.0,videoFrameNicole.png,0.0,0.0,0.0,2.0,,,,,0.0,7.0,7.0,8.0,,,Sara,"['lshift', 's', 'a', 'r', 'a']",0.0,"[2.882490195799619, 3.7315525677986443, 4.1073785899207, 4.331668636994436, 4.543593529844657]",1.0,35,1,2019_Oct_15_1504,FaceNameControl_Picture&Audio,3.0.4,85.05845278
21,FacesBlock3.xlsx,Noah.mp4,Noah.JPG,Noah,39.0,videoFrameNoah.png,0.0,0.0,0.0,2.0,,,,,0.0,5.0,5.0,9.0,,,Noah,"['lshift', 'n', 'o', 'a', 'h']",1.0,"[1.235125402919948, 1.425551984924823, 1.637153856921941, 1.8014599489979446, 1.990561228012666]",3.0,35,1,2019_Oct_15_1504,FaceNameControl_Picture&Audio,3.0.4,85.05845278
14,FacesBlock3.xlsx,Noah.mp4,Noah.JPG,Noah,39.0,videoFrameNoah.png,0.0,0.0,0.0,2.0,0.0,13.0,13.0,9.0,,,,,1.0,0.414392641,,,,,,35,1,2019_Oct_15_1504,FaceNameControl_Picture&Audio,3.0.4,85.05845278
1,FacesBlock3.xlsx,Olivia.mp4,Olivia.JPG,Olivia,40.0,videoFrameOlivia.png,0.0,0.0,0.0,2.0,0.0,0.0,0.0,10.0,,,,,2.0,1.7559572190000001,,,,,,35,1,2019_Oct_15_1504,FaceNameControl_Picture&Audio,3.0.4,85.05845278
22,FacesBlock3.xlsx,Olivia.mp4,Olivia.JPG,Olivia,40.0,videoFrameOlivia.png,0.0,0.0,0.0,2.0,,,,,0.0,6.0,6.0,10.0,,,,None,0.0,,1.0,35,1,2019_Oct_15_1504,FaceNameControl_Picture&Audio,3.0.4,85.05845278
55,FacesBlock2.xlsx,Rachel.mp4,Rachel.JPG,Rachel,26.0,videoFrameRachel.png,0.0,1.0,1.0,1.0,,,,,0.0,9.0,9.0,11.0,,,Rachel,"['lshift', 'r', 'a', 'c', 'h', 'e', 'l', 'return']",1.0,"[1.9879129379987717, 2.213029091944918, 2.461006775032729, 2.614054061938077, 2.7666735551320016, 2.860795109067112, 3.0256494840141386, 4.754369487985969]",1.0,35,1,2019_Oct_15_1504,FaceNameControl_Picture&Audio,3.0.4,85.05845278
44,FacesBlock2.xlsx,Rachel.mp4,Rachel.JPG,Rachel,26.0,videoFrameRachel.png,0.0,1.0,1.0,1.0,0.0,13.0,13.0,11.0,,,,,2.0,1.5087760819999998,,,,,,35,1,2019_Oct_15_1504,FaceNameControl_Picture&Audio,3.0.4,85.05845278
15,FacesBlock3.xlsx,Rebecca.mp4,Rebecca.JPG,Rebecca,41.0,videoFrameRebecca.png,0.0,0.0,0.0,2.0,0.0,14.0,14.0,11.0,,,,,2.0,0.5184134699,,,,,,35,1,2019_Oct_15_1504,FaceNameControl_Picture&Audio,3.0.4,85.05845278
26,FacesBlock3.xlsx,Rebecca.mp4,Rebecca.JPG,Rebecca,41.0,videoFrameRebecca.png,0.0,0.0,0.0,2.0,,,,,0.0,10.0,10.0,11.0,,,Sara,"['lshift', 's', 'a', 'r', 'a']",0.0,"[2.719034865964204, 3.026355318026617, 3.6152182510122657, 3.8382703908719122, 4.297475812025368]",1.0,35,1,2019_Oct_15_1504,FaceNameControl_Picture&Audio,3.0.4,85.05845278
4,FacesBlock3.xlsx,Sarah.mp4,Sarah.JPG,Sarah,42.0,videoFrameSarah.png,0.0,0.0,0.0,2.0,0.0,3.0,3.0,12.0,,,,,2.0,0.2969776909,,,,,,35,1,2019_Oct_15_1504,FaceNameControl_Picture&Audio,3.0.4,85.05845278
16,FacesBlock3.xlsx,Sarah.mp4,Sarah.JPG,Sarah,42.0,videoFrameSarah.png,0.0,0.0,0.0,2.0,,,,,0.0,0.0,0.0,12.0,,,Rebecca,"['lshift', 'r', 'e', 'b', 'e', 'c', 'c', 'a', 'return']",0.0,"[6.413719003088772, 6.709583905059844, 7.167899754131213, 7.414660521084443, 7.603333784965798, 8.003539653029293, 8.19143422995694, 8.426424277946353, 8.66232969914563]",1.0,35,1,2019_Oct_15_1504,FaceNameControl_Picture&Audio,3.0.4,85.05845278
28,FacesBlock3.xlsx,Shelby.mp4,Shelby.JPG,Shelby,43.0,videoFrameShelby.png,0.0,0.0,0.0,2.0,,,,,0.0,12.0,12.0,13.0,,,,['lshift'],0.0,[3.7534127850085497],1.0,35,1,2019_Oct_15_1504,FaceNameControl_Picture&Audio,3.0.4,85.05845278
13,FacesBlock3.xlsx,Shelby.mp4,Shelby.JPG,Shelby,43.0,videoFrameShelby.png,0.0,0.0,0.0,2.0,0.0,12.0,12.0,13.0,,,,,2.0,0.5212144791,,,,,,35,1,2019_Oct_15_1504,FaceNameControl_Picture&Audio,3.0.4,85.05845278
60,FacesBlock2.xlsx,Steven.mp4,Steven.JPG,Steven,27.0,videoFrameSteven.png,0.0,1.0,1.0,1.0,,,,,0.0,14.0,14.0,12.0,,,,None,0.0,,1.0,35,1,2019_Oct_15_1504,FaceNameControl_Picture&Audio,3.0.4,85.05845278
37,FacesBlock2.xlsx,Steven.mp4,Steven.JPG,Steven,27.0,videoFrameSteven.png,0.0,1.0,1.0,1.0,0.0,6.0,6.0,12.0,,,,,1.0,0.9913397299,,,,,,35,1,2019_Oct_15_1504,FaceNameControl_Picture&Audio,3.0.4,85.05845278
92,FacesBlock4.xlsx,Taylor.mp4,Taylor.JPG,Taylor,59.0,videoFrameTaylor.png,0.0,3.0,3.0,3.0,0.0,1.0,1.0,14.0,,,,,2.0,4.0624919660000005,,,,,,35,1,2019_Oct_15_1504,FaceNameControl_Picture&Audio,3.0.4,85.05845278
107,FacesBlock4.xlsx,Taylor.mp4,Taylor.JPG,Taylor,59.0,videoFrameTaylor.png,0.0,3.0,3.0,3.0,,,,,0.0,1.0,1.0,14.0,,,,"['lshift', 'lshift']",0.0,"[0.8009834559634328, 5.872987977927551]",1.0,35,1,2019_Oct_15_1504,FaceNameControl_Picture&Audio,3.0.4,85.05845278
19,FacesBlock3.xlsx,Thomas.mp4,Thomas.JPG,Thomas,44.0,videoFrameThomas.png,0.0,0.0,0.0,2.0,,,,,0.0,3.0,3.0,14.0,,,Thomas,"['lshift', 't', 'h', 'a', 'backspace', 'o', 'm', 'a', 's', 'return', 'return']",1.0,"[0.9662124728783965, 1.2144119879230857, 1.4141353429295123, 1.6260543919634074, 2.061118576908484, 2.3675211120862514, 2.4376363658811897, 2.638215519953519, 2.6975893480703235, 3.494912347989157, 5.9185903610195965]",4.0,35,1,2019_Oct_15_1504,FaceNameControl_Picture&Audio,3.0.4,85.05845278
12,FacesBlock3.xlsx,Thomas.mp4,Thomas.JPG,Thomas,44.0,videoFrameThomas.png,0.0,0.0,0.0,2.0,0.0,11.0,11.0,14.0,,,,,1.0,0.462088085,,,,,,35,1,2019_Oct_15_1504,FaceNameControl_Picture&Audio,3.0.4,85.05845278
66,FacesBlock1.xlsx,Timothy.mp4,Timothy.JPG,Timothy,14.0,videoFrameTimothy.png,0.0,2.0,2.0,0.0,0.0,5.0,5.0,14.0,,,,,1.0,2.297318223,,,,,,35,1,2019_Oct_15_1504,FaceNameControl_Picture&Audio,3.0.4,85.05845278
78,FacesBlock1.xlsx,Timothy.mp4,Timothy.JPG,Timothy,14.0,videoFrameTimothy.png,0.0,2.0,2.0,0.0,,,,,0.0,2.0,2.0,14.0,,,Timothy,"['lshift', 't', 'i', 'm', 'o', 't', 'h', 'y', 'return']",1.0,"[0.6363524668850005, 4.214430955937132, 4.426108160987496, 4.5552548370324075, 4.673080195905641, 4.861422329908237, 5.119597963988781, 5.285010660998523, 7.602358873933554]",3.0,35,1,2019_Oct_15_1504,FaceNameControl_Picture&Audio,3.0.4,85.05845278
40,FacesBlock2.xlsx,Trevor.mp4,Trevor.JPG,Trevor,28.0,videoFrameTrevor.png,0.0,1.0,1.0,1.0,0.0,9.0,9.0,13.0,,,,,1.0,0.8969457839,,,,,,35,1,2019_Oct_15_1504,FaceNameControl_Picture&Audio,3.0.4,85.05845278
52,FacesBlock2.xlsx,Trevor.mp4,Trevor.JPG,Trevor,28.0,videoFrameTrevor.png,0.0,1.0,1.0,1.0,,,,,0.0,6.0,6.0,13.0,,,Trevor,"['lshift', 't', 'r', 'e', 'v', 'o', 'r']",1.0,"[1.4715938260778785, 1.7560063661076128, 2.097028466174379, 2.2258894401602447, 2.473173303063959, 2.6384982061572373, 2.7560113391373307]",3.0,35,1,2019_Oct_15_1504,FaceNameControl_Picture&Audio,3.0.4,85.05845278
39,FacesBlock2.xlsx,Tyler.mp4,Tyler.JPG,Tyler,29.0,videoFrameTyler.png,0.0,1.0,1.0,1.0,0.0,8.0,8.0,14.0,,,,,1.0,0.8495132459999999,,,,,,35,1,2019_Oct_15_1504,FaceNameControl_Picture&Audio,3.0.4,85.05845278
51,FacesBlock2.xlsx,Tyler.mp4,Tyler.JPG,Tyler,29.0,videoFrameTyler.png,0.0,1.0,1.0,1.0,,,,,0.0,5.0,5.0,14.0,,,Nick,"['lshift', 'n', 'c', 'backspace', 'i', 'c', 'k']",0.0,"[3.8480670009739697, 4.225812050048262, 4.861037970054895, 6.307861915091053, 7.04980596806854, 7.296874643070623, 7.603074322920293]",1.0,35,1,2019_Oct_15_1504,FaceNameControl_Picture&Audio,3.0.4,85.05845278
0,,,,,,,,,,,,,,,,,,,,,,,,,,35,1,2019_Oct_15_1504,FaceNameControl_Picture&Audio,3.0.4,85.05845278
