,condsFile,Video,Photo,Name,Row,videoFrame,blocks.thisRepN,blocks.thisTrialN,blocks.thisN,blocks.thisIndex,presentations.thisRepN,presentations.thisTrialN,presentations.thisN,presentations.thisIndex,testing.thisRepN,testing.thisTrialN,testing.thisN,testing.thisIndex,judgementResp.keys,judgementResp.rt,inputText,key_resp_3.keys,recallRating_s,rating_resp.keys,key_resp_3.rt,participant,session,date,expName,psychopyVersion,frameRate
108,FacesBlock2.xlsx,Aaron.mp4,Aaron.JPG,Aaron,15.0,videoFrameAaron.png,0.0,3.0,3.0,1.0,,,,,0.0,2.0,2.0,0.0,,,Aron,"['lshift', 'a', 'r', 'o', 'n']",1.0,4.0,"[2.896155882976018, 2.9424764219438657, 3.215264969971031, 3.309339578030631, 3.342680305009708]",35,1,2019_Oct_11_1331,FaceNameControl_Picture&Audio,3.0.4,84.69341143
100,FacesBlock2.xlsx,Aaron.mp4,Aaron.JPG,Aaron,15.0,videoFrameAaron.png,0.0,3.0,3.0,1.0,0.0,9.0,9.0,0.0,,,,,1.0,0.5685070871,,,,,,35,1,2019_Oct_11_1331,FaceNameControl_Picture&Audio,3.0.4,84.69341143
75,FacesBlock1.xlsx,Adam.mp4,Adam.JPG,Adam,0.0,videoFrameAdam.png,0.0,2.0,2.0,0.0,0.0,14.0,14.0,0.0,,,,,1.0,0.320703003,,,,,,35,1,2019_Oct_11_1331,FaceNameControl_Picture&Audio,3.0.4,84.69341143
76,FacesBlock1.xlsx,Adam.mp4,Adam.JPG,Adam,0.0,videoFrameAdam.png,0.0,2.0,2.0,0.0,,,,,0.0,0.0,0.0,0.0,,,Adam,"['lshift', 'a', 'd', 'a', 'm']",1.0,2.0,"[3.730862727970816, 3.791307113948278, 4.061997898970731, 4.119952591019683, 4.214956960990094]",35,1,2019_Oct_11_1331,FaceNameControl_Picture&Audio,3.0.4,84.69341143
7,FacesBlock4.xlsx,Alyssa.mp4,Alyssa.JPG,Alyssa,45.0,videoFrameAlyssa.png,0.0,0.0,0.0,3.0,0.0,6.0,6.0,0.0,,,,,2.0,0.273539357,,,,,,35,1,2019_Oct_11_1331,FaceNameControl_Picture&Audio,3.0.4,84.69341143
20,FacesBlock4.xlsx,Alyssa.mp4,Alyssa.JPG,Alyssa,45.0,videoFrameAlyssa.png,0.0,0.0,0.0,3.0,,,,,0.0,4.0,4.0,0.0,,,Lindsey,"['lshift', 'l', 'i', 'n', 'd', 's', 'e', 'y']",0.0,1.0,"[4.870870587066747, 5.049767496995628, 5.296394736971706, 5.344274481991306, 5.424082895042375, 5.591044989065267, 5.647654141066596, 5.720269993995316]",35,1,2019_Oct_11_1331,FaceNameControl_Picture&Audio,3.0.4,84.69341143
73,FacesBlock1.xlsx,Amanda.mp4,Amanda.JPG,Amanda,1.0,videoFrameAmanda.png,0.0,2.0,2.0,0.0,0.0,12.0,12.0,1.0,,,,,2.0,0.5447342629999999,,,,,,35,1,2019_Oct_11_1331,FaceNameControl_Picture&Audio,3.0.4,84.69341143
85,FacesBlock1.xlsx,Amanda.mp4,Amanda.JPG,Amanda,1.0,videoFrameAmanda.png,0.0,2.0,2.0,0.0,,,,,0.0,9.0,9.0,1.0,,,Jessica,"['lshift', 'j', 'e', 's', 's', 'i', 'c', 'a']",0.0,1.0,"[5.3307632229989395, 5.508564372896217, 6.343600981985219, 6.414379369933158, 6.590392162906937, 6.7203613999299705, 6.835961530916393, 6.885184440994635]",35,1,2019_Oct_11_1331,FaceNameControl_Picture&Audio,3.0.4,84.69341143
23,FacesBlock4.xlsx,Andrew.mp4,Andrew.JPG,Andrew,46.0,videoFrameAndrew.png,0.0,0.0,0.0,3.0,,,,,0.0,7.0,7.0,1.0,,,Matt,"['lshift', 'm', 'a', 't', 't']",0.0,1.0,"[3.2826685030013323, 3.3431205910164863, 3.954233054071665, 4.013476393069141, 4.164266551029868]",35,1,2019_Oct_11_1331,FaceNameControl_Picture&Audio,3.0.4,84.69341143
10,FacesBlock4.xlsx,Andrew.mp4,Andrew.JPG,Andrew,46.0,videoFrameAndrew.png,0.0,0.0,0.0,3.0,0.0,9.0,9.0,1.0,,,,,1.0,0.508779683,,,,,,35,1,2019_Oct_11_1331,FaceNameControl_Picture&Audio,3.0.4,84.69341143
9,FacesBlock4.xlsx,Anna.mp4,Anna.JPG,Anna,47.0,videoFrameAnna.png,0.0,0.0,0.0,3.0,0.0,8.0,8.0,2.0,,,,,2.0,0.615392984,,,,,,35,1,2019_Oct_11_1331,FaceNameControl_Picture&Audio,3.0.4,84.69341143
18,FacesBlock4.xlsx,Anna.mp4,Anna.JPG,Anna,47.0,videoFrameAnna.png,0.0,0.0,0.0,3.0,,,,,0.0,2.0,2.0,2.0,,,,None,0.0,1.0,,35,1,2019_Oct_11_1331,FaceNameControl_Picture&Audio,3.0.4,84.69341143
99,FacesBlock2.xlsx,Ashley.mp4,Ashley.JPG,Ashley,16.0,videoFrameAshley.png,0.0,3.0,3.0,1.0,0.0,8.0,8.0,1.0,,,,,2.0,5.380008,,,,,,35,1,2019_Oct_11_1331,FaceNameControl_Picture&Audio,3.0.4,84.69341143
107,FacesBlock2.xlsx,Ashley.mp4,Ashley.JPG,Ashley,16.0,videoFrameAshley.png,0.0,3.0,3.0,1.0,,,,,0.0,1.0,1.0,1.0,,,Ashley,"['lshift', 'a', 's', 'h', 'l', 'e', 'y']",1.0,1.0,"[3.6954794930061325, 4.085414130007848, 4.34416938398499, 4.426497673965059, 4.661512524005957, 4.802721006912179, 4.955448440974578]",35,1,2019_Oct_11_1331,FaceNameControl_Picture&Audio,3.0.4,84.69341143
89,FacesBlock1.xlsx,Bradley.mp4,Bradley.JPG,Bradley,2.0,videoFrameBradley.png,0.0,2.0,2.0,0.0,,,,,0.0,13.0,13.0,2.0,,,,None,0.0,1.0,,35,1,2019_Oct_11_1331,FaceNameControl_Picture&Audio,3.0.4,84.69341143
69,FacesBlock1.xlsx,Bradley.mp4,Bradley.JPG,Bradley,2.0,videoFrameBradley.png,0.0,2.0,2.0,0.0,0.0,8.0,8.0,2.0,,,,,1.0,0.7318310981,,,,,,35,1,2019_Oct_11_1331,FaceNameControl_Picture&Audio,3.0.4,84.69341143
25,FacesBlock4.xlsx,Brandon.mp4,Brandon.JPG,Brandon,48.0,videoFrameBrandon.png,0.0,0.0,0.0,3.0,,,,,0.0,9.0,9.0,3.0,,,Daniel,"['lshift', 'd', 'a', 'n', 'i', 'e', 'l']",0.0,1.0,"[3.6128975501051173, 3.6973801620770246, 3.932383355102502, 3.9892471600323915, 4.603034125058912, 4.732781956088729, 4.8149904570309445]",35,1,2019_Oct_11_1331,FaceNameControl_Picture&Audio,3.0.4,84.69341143
1,FacesBlock4.xlsx,Brandon.mp4,Brandon.JPG,Brandon,48.0,videoFrameBrandon.png,0.0,0.0,0.0,3.0,0.0,0.0,0.0,3.0,,,,,1.0,2.755847352,,,,,,35,1,2019_Oct_11_1331,FaceNameControl_Picture&Audio,3.0.4,84.69341143
28,FacesBlock4.xlsx,Brian.mp4,Brian.JPG,Brian,49.0,videoFrameBrian.png,0.0,0.0,0.0,3.0,,,,,0.0,12.0,12.0,4.0,,,Michael,"['lshift', 'm', 'i', 'c', 'h', 'a', 'l', 'backspace', 'e', 'l']",0.0,1.0,"[5.271673153969459, 5.3545027209911495, 5.5663363869534805, 5.743637681938708, 5.778838995960541, 5.9435804929817095, 6.049391124979593, 6.719275855924934, 7.473042001947761, 7.555066937929951]",35,1,2019_Oct_11_1331,FaceNameControl_Picture&Audio,3.0.4,84.69341143
14,FacesBlock4.xlsx,Brian.mp4,Brian.JPG,Brian,49.0,videoFrameBrian.png,0.0,0.0,0.0,3.0,0.0,13.0,13.0,4.0,,,,,1.0,0.2849547131,,,,,,35,1,2019_Oct_11_1331,FaceNameControl_Picture&Audio,3.0.4,84.69341143
22,FacesBlock4.xlsx,Brianna.mp4,Brianna.JPG,Brianna,50.0,videoFrameBrianna.png,0.0,0.0,0.0,3.0,,,,,0.0,6.0,6.0,5.0,,,Lauren,"['lshift', 'l', 'a', 'u', 'r', 'e', 'n']",0.0,1.0,"[4.2012688890099525, 4.238263273029588, 5.473440792993642, 5.565376374986954, 5.708858150988817, 5.767141271964647, 5.838527790969238]",35,1,2019_Oct_11_1331,FaceNameControl_Picture&Audio,3.0.4,84.69341143
15,FacesBlock4.xlsx,Brianna.mp4,Brianna.JPG,Brianna,50.0,videoFrameBrianna.png,0.0,0.0,0.0,3.0,0.0,14.0,14.0,5.0,,,,,2.0,0.47368793200000003,,,,,,35,1,2019_Oct_11_1331,FaceNameControl_Picture&Audio,3.0.4,84.69341143
92,FacesBlock2.xlsx,Brittany.mp4,Brittany.JPG,Brittany,17.0,videoFrameBrittany.png,0.0,3.0,3.0,1.0,0.0,1.0,1.0,2.0,,,,,2.0,1.388690768,,,,,,35,1,2019_Oct_11_1331,FaceNameControl_Picture&Audio,3.0.4,84.69341143
112,FacesBlock2.xlsx,Brittany.mp4,Brittany.JPG,Brittany,17.0,videoFrameBrittany.png,0.0,3.0,3.0,1.0,,,,,0.0,6.0,6.0,2.0,,,,None,0.0,1.0,,35,1,2019_Oct_11_1331,FaceNameControl_Picture&Audio,3.0.4,84.69341143
6,FacesBlock4.xlsx,Caleb.mp4,Caleb.JPG,Caleb,51.0,videoFrameCaleb.png,0.0,0.0,0.0,3.0,0.0,5.0,5.0,6.0,,,,,1.0,0.202999294,,,,,,35,1,2019_Oct_11_1331,FaceNameControl_Picture&Audio,3.0.4,84.69341143
27,FacesBlock4.xlsx,Caleb.mp4,Caleb.JPG,Caleb,51.0,videoFrameCaleb.png,0.0,0.0,0.0,3.0,,,,,0.0,11.0,11.0,6.0,,,Matthew,"['lshift', 'm', 'a', 't', 't', 'h', 'e', 'w', 'return']",0.0,1.0,"[1.2602619499666616, 1.4148024480091408, 2.0380859669530764, 2.108933973009698, 2.2738398379879072, 4.096575464005582, 4.4976838319562376, 4.544329785974696, 8.909065859974362]",35,1,2019_Oct_11_1331,FaceNameControl_Picture&Audio,3.0.4,84.69341143
101,FacesBlock2.xlsx,Cody.mp4,Cody.JPG,Cody,18.0,videoFrameCody.png,0.0,3.0,3.0,1.0,0.0,10.0,10.0,3.0,,,,,1.0,0.555142974,,,,,,35,1,2019_Oct_11_1331,FaceNameControl_Picture&Audio,3.0.4,84.69341143
110,FacesBlock2.xlsx,Cody.mp4,Cody.JPG,Cody,18.0,videoFrameCody.png,0.0,3.0,3.0,1.0,,,,,0.0,4.0,4.0,3.0,,,Cody,"['lshift', 'c', 'o', 'd', 'y']",1.0,4.0,"[1.636245446978137, 1.6962529700249434, 1.8382524049375206, 2.002600137027912, 2.6144594789948314]",35,1,2019_Oct_11_1331,FaceNameControl_Picture&Audio,3.0.4,84.69341143
54,FacesBlock3.xlsx,Courtney.mp4,Courtney.JPG,Courtney,30.0,videoFrameCourtney.png,0.0,1.0,1.0,2.0,,,,,0.0,8.0,8.0,0.0,,,,None,0.0,1.0,,35,1,2019_Oct_11_1331,FaceNameControl_Picture&Audio,3.0.4,84.69341143
44,FacesBlock3.xlsx,Courtney.mp4,Courtney.JPG,Courtney,30.0,videoFrameCourtney.png,0.0,1.0,1.0,2.0,0.0,13.0,13.0,0.0,,,,,2.0,0.2969587641,,,,,,35,1,2019_Oct_11_1331,FaceNameControl_Picture&Audio,3.0.4,84.69341143
55,FacesBlock3.xlsx,Daniel.mp4,Daniel.JPG,Daniel,31.0,videoFrameDaniel.png,0.0,1.0,1.0,2.0,,,,,0.0,9.0,9.0,1.0,,,Daniel,"['lshift', 'd', 'a', 'n', 'i', 'e', 'l']",1.0,1.0,"[2.682962443912402, 2.790156163973734, 3.084125444991514, 3.3073581230128184, 3.3667521519819275, 3.4724236209876835, 3.590150036965497]",35,1,2019_Oct_11_1331,FaceNameControl_Picture&Audio,3.0.4,84.69341143
37,FacesBlock3.xlsx,Daniel.mp4,Daniel.JPG,Daniel,31.0,videoFrameDaniel.png,0.0,1.0,1.0,2.0,0.0,6.0,6.0,1.0,,,,,1.0,0.2854374939,,,,,,35,1,2019_Oct_11_1331,FaceNameControl_Picture&Audio,3.0.4,84.69341143
72,FacesBlock1.xlsx,Danielle.mp4,Danielle.JPG,Danielle,3.0,videoFrameDanielle.png,0.0,2.0,2.0,0.0,0.0,11.0,11.0,3.0,,,,,2.0,1.320713256,,,,,,35,1,2019_Oct_11_1331,FaceNameControl_Picture&Audio,3.0.4,84.69341143
86,FacesBlock1.xlsx,Danielle.mp4,Danielle.JPG,Danielle,3.0,videoFrameDanielle.png,0.0,2.0,2.0,0.0,,,,,0.0,10.0,10.0,3.0,,,Danielle,"['lshift', 'd', 'a', 'n', 'i', 'e', 'l', 'l', 'e']",1.0,4.0,"[1.7649141729343683, 1.8611705729272217, 2.190020909998566, 2.4840869969921187, 2.5549785849871114, 3.0370123819448054, 3.260947510949336, 3.590114091988653, 3.7786706179613248]",35,1,2019_Oct_11_1331,FaceNameControl_Picture&Audio,3.0.4,84.69341143
104,FacesBlock2.xlsx,David.mp4,David.JPG,David,19.0,videoFrameDavid.png,0.0,3.0,3.0,1.0,0.0,13.0,13.0,4.0,,,,,1.0,2.5678592190000002,,,,,,35,1,2019_Oct_11_1331,FaceNameControl_Picture&Audio,3.0.4,84.69341143
114,FacesBlock2.xlsx,David.mp4,David.JPG,David,19.0,videoFrameDavid.png,0.0,3.0,3.0,1.0,,,,,0.0,8.0,8.0,4.0,,,,None,0.0,1.0,,35,1,2019_Oct_11_1331,FaceNameControl_Picture&Audio,3.0.4,84.69341143
19,FacesBlock4.xlsx,Dylan.mp4,Dylan.JPG,Dylan,52.0,videoFrameDylan.png,0.0,0.0,0.0,3.0,,,,,0.0,3.0,3.0,7.0,,,Dylan,"['lshift', 'd', 'y', 'l', 'n', 'backspace', 'a', 'n', 'space', 'return']",1.0,1.0,"[1.7069205039879307, 1.7414566149236634, 2.118249480961822, 2.226012214901857, 2.35497448395472, 2.9191614339360967, 3.7085772899445146, 3.8136528918985277, 5.014229432912543, 5.990368735976517]",35,1,2019_Oct_11_1331,FaceNameControl_Picture&Audio,3.0.4,84.69341143
4,FacesBlock4.xlsx,Dylan.mp4,Dylan.JPG,Dylan,52.0,videoFrameDylan.png,0.0,0.0,0.0,3.0,0.0,3.0,3.0,7.0,,,,,1.0,0.3672665909,,,,,,35,1,2019_Oct_11_1331,FaceNameControl_Picture&Audio,3.0.4,84.69341143
24,FacesBlock4.xlsx,Emily.mp4,Emily.JPG,Emily,53.0,videoFrameEmily.png,0.0,0.0,0.0,3.0,,,,,0.0,8.0,8.0,8.0,,,Evelyn,"['lshift', 'e', 'v', 'e', 'l', 'n', 'backspace', 'y', 'n']",0.0,1.0,"[4.048273790045641, 4.120496509014629, 5.532110293977894, 5.579086723970249, 7.356168939033523, 7.508731661946513, 8.260585022042505, 8.438668846036308, 8.48526300105732]",35,1,2019_Oct_11_1331,FaceNameControl_Picture&Audio,3.0.4,84.69341143
12,FacesBlock4.xlsx,Emily.mp4,Emily.JPG,Emily,53.0,videoFrameEmily.png,0.0,0.0,0.0,3.0,0.0,11.0,11.0,8.0,,,,,2.0,0.684732468,,,,,,35,1,2019_Oct_11_1331,FaceNameControl_Picture&Audio,3.0.4,84.69341143
78,FacesBlock1.xlsx,Eric.mp4,Eric.JPG,Eric,4.0,videoFrameEric.png,0.0,2.0,2.0,0.0,,,,,0.0,2.0,2.0,4.0,,,Ethan,"['lshift', 'e', 't', 'h', 'a', 'n']",0.0,2.0,"[3.5773669419577345, 3.6846929989987984, 3.896164424950257, 3.9785000539850444, 4.061033964972012, 4.107615379965864]",35,1,2019_Oct_11_1331,FaceNameControl_Picture&Audio,3.0.4,84.69341143
65,FacesBlock1.xlsx,Eric.mp4,Eric.JPG,Eric,4.0,videoFrameEric.png,0.0,2.0,2.0,0.0,0.0,4.0,4.0,4.0,,,,,1.0,1.003234461,,,,,,35,1,2019_Oct_11_1331,FaceNameControl_Picture&Audio,3.0.4,84.69341143
82,FacesBlock1.xlsx,Ethan.mp4,Ethan.JPG,Ethan,5.0,videoFrameEthan.png,0.0,2.0,2.0,0.0,,,,,0.0,6.0,6.0,5.0,,,,None,0.0,1.0,,35,1,2019_Oct_11_1331,FaceNameControl_Picture&Audio,3.0.4,84.69341143
66,FacesBlock1.xlsx,Ethan.mp4,Ethan.JPG,Ethan,5.0,videoFrameEthan.png,0.0,2.0,2.0,0.0,0.0,5.0,5.0,5.0,,,,,1.0,0.555581099,,,,,,35,1,2019_Oct_11_1331,FaceNameControl_Picture&Audio,3.0.4,84.69341143
29,FacesBlock4.xlsx,Grace.mp4,Grace.JPG,Grace,54.0,videoFrameGrace.png,0.0,0.0,0.0,3.0,,,,,0.0,13.0,13.0,9.0,,,Julia,"['lshift', 'j', 'u', 'l', 'i', 'a']",0.0,1.0,"[7.576795393018983, 7.7441020890837535, 8.190833520027809, 8.755022288998589, 8.802657594089396, 8.978535683010705]",35,1,2019_Oct_11_1331,FaceNameControl_Picture&Audio,3.0.4,84.69341143
13,FacesBlock4.xlsx,Grace.mp4,Grace.JPG,Grace,54.0,videoFrameGrace.png,0.0,0.0,0.0,3.0,0.0,12.0,12.0,9.0,,,,,2.0,0.1441767211,,,,,,35,1,2019_Oct_11_1331,FaceNameControl_Picture&Audio,3.0.4,84.69341143
117,FacesBlock2.xlsx,Haley.mp4,Haley.JPG,Haley,20.0,videoFrameHaley.png,0.0,3.0,3.0,1.0,,,,,0.0,11.0,11.0,5.0,,,Haley,"['lshift', 'h', 'a', 'l', 'e', 'y']",1.0,4.0,"[1.66057536797598, 1.7198084079427645, 2.0853180600097403, 2.271435059956275, 2.5438536279834807, 2.614727273932658]",35,1,2019_Oct_11_1331,FaceNameControl_Picture&Audio,3.0.4,84.69341143
105,FacesBlock2.xlsx,Haley.mp4,Haley.JPG,Haley,20.0,videoFrameHaley.png,0.0,3.0,3.0,1.0,0.0,14.0,14.0,5.0,,,,,1.0,3.8263125319999998,,,,,,35,1,2019_Oct_11_1331,FaceNameControl_Picture&Audio,3.0.4,84.69341143
81,FacesBlock1.xlsx,Hannah.mp4,Hannah.JPG,Hannah,6.0,videoFrameHannah.png,0.0,2.0,2.0,0.0,,,,,0.0,5.0,5.0,6.0,,,Jessica,"['lshift', 'j', 'e', 's', 's', 'i', 'c', 'a']",0.0,1.0,"[6.178165765944868, 6.250424852012657, 6.483520758920349, 6.5677555409492925, 6.732468175934628, 6.850103689008392, 7.085484043927863, 7.120852782973088]",35,1,2019_Oct_11_1331,FaceNameControl_Picture&Audio,3.0.4,84.69341143
74,FacesBlock1.xlsx,Hannah.mp4,Hannah.JPG,Hannah,6.0,videoFrameHannah.png,0.0,2.0,2.0,0.0,0.0,13.0,13.0,6.0,,,,,2.0,0.45893847200000004,,,,,,35,1,2019_Oct_11_1331,FaceNameControl_Picture&Audio,3.0.4,84.69341143
111,FacesBlock2.xlsx,Heather.mp4,Heather.JPG,Heather,21.0,videoFrameHeather.png,0.0,3.0,3.0,1.0,,,,,0.0,5.0,5.0,6.0,,,Heather,"['lshift', 'h', 'e', 'a', 't', 'h', 'e', 'r']",1.0,4.0,"[2.388987615937367, 2.4956593080423772, 2.766967809991911, 2.8250279129715636, 2.907518166000955, 3.013614255003631, 3.107527407933958, 3.130911240936257]",35,1,2019_Oct_11_1331,FaceNameControl_Picture&Audio,3.0.4,84.69341143
94,FacesBlock2.xlsx,Heather.mp4,Heather.JPG,Heather,21.0,videoFrameHeather.png,0.0,3.0,3.0,1.0,0.0,3.0,3.0,6.0,,,,,2.0,6.897195378999999,,,,,,35,1,2019_Oct_11_1331,FaceNameControl_Picture&Audio,3.0.4,84.69341143
59,FacesBlock3.xlsx,Jacob.mp4,Jacob.JPG,Jacob,32.0,videoFrameJacob.png,0.0,1.0,1.0,2.0,,,,,0.0,13.0,13.0,2.0,,,Josh,"['lshift', 'j', 'o', 's', 'h']",0.0,1.0,"[6.613578155986033, 6.637854733970016, 7.085800166940317, 7.1794347539544106, 7.250452423933893]",35,1,2019_Oct_11_1331,FaceNameControl_Picture&Audio,3.0.4,84.69341143
38,FacesBlock3.xlsx,Jacob.mp4,Jacob.JPG,Jacob,32.0,videoFrameJacob.png,0.0,1.0,1.0,2.0,0.0,7.0,7.0,2.0,,,,,1.0,2.285588281,,,,,,35,1,2019_Oct_11_1331,FaceNameControl_Picture&Audio,3.0.4,84.69341143
26,FacesBlock4.xlsx,Jason.mp4,Jason.JPG,Jason,55.0,videoFrameJason.png,0.0,0.0,0.0,3.0,,,,,0.0,10.0,10.0,10.0,,,Josh,"['lshift', 'j', 'o', 's', 'h']",0.0,1.0,"[8.142678895033896, 8.191560948034748, 8.638442044029944, 8.755349650979042, 8.81494733702857]",35,1,2019_Oct_11_1331,FaceNameControl_Picture&Audio,3.0.4,84.69341143
5,FacesBlock4.xlsx,Jason.mp4,Jason.JPG,Jason,55.0,videoFrameJason.png,0.0,0.0,0.0,3.0,0.0,4.0,4.0,10.0,,,,,1.0,0.014573920980000002,,,,,,35,1,2019_Oct_11_1331,FaceNameControl_Picture&Audio,3.0.4,84.69341143
63,FacesBlock1.xlsx,Jenna.mp4,Jenna.JPG,Jenna,7.0,videoFrameJenna.png,0.0,2.0,2.0,0.0,0.0,2.0,2.0,7.0,,,,,2.0,0.9796565691,,,,,,35,1,2019_Oct_11_1331,FaceNameControl_Picture&Audio,3.0.4,84.69341143
87,FacesBlock1.xlsx,Jenna.mp4,Jenna.JPG,Jenna,7.0,videoFrameJenna.png,0.0,2.0,2.0,0.0,,,,,0.0,11.0,11.0,7.0,,,,None,0.0,1.0,,35,1,2019_Oct_11_1331,FaceNameControl_Picture&Audio,3.0.4,84.69341143
96,FacesBlock2.xlsx,Jeremy.mp4,Jeremy.JPG,Jeremy,22.0,videoFrameJeremy.png,0.0,3.0,3.0,1.0,0.0,5.0,5.0,7.0,,,,,1.0,0.285732129,,,,,,35,1,2019_Oct_11_1331,FaceNameControl_Picture&Audio,3.0.4,84.69341143
113,FacesBlock2.xlsx,Jeremy.mp4,Jeremy.JPG,Jeremy,22.0,videoFrameJeremy.png,0.0,3.0,3.0,1.0,,,,,0.0,7.0,7.0,7.0,,,,None,0.0,1.0,,35,1,2019_Oct_11_1331,FaceNameControl_Picture&Audio,3.0.4,84.69341143
61,FacesBlock1.xlsx,Jessica.mp4,Jessica.JPG,Jessica,8.0,videoFrameJessica.png,0.0,2.0,2.0,0.0,0.0,0.0,0.0,8.0,,,,,2.0,1.850572041,,,,,,35,1,2019_Oct_11_1331,FaceNameControl_Picture&Audio,3.0.4,84.69341143
88,FacesBlock1.xlsx,Jessica.mp4,Jessica.JPG,Jessica,8.0,videoFrameJessica.png,0.0,2.0,2.0,0.0,,,,,0.0,12.0,12.0,8.0,,,,None,0.0,1.0,,35,1,2019_Oct_11_1331,FaceNameControl_Picture&Audio,3.0.4,84.69341143
93,FacesBlock2.xlsx,Josh.mp4,Josh.JPG,Josh,23.0,videoFrameJosh.png,0.0,3.0,3.0,1.0,0.0,2.0,2.0,8.0,,,,,1.0,0.44972555399999997,,,,,,35,1,2019_Oct_11_1331,FaceNameControl_Picture&Audio,3.0.4,84.69341143
116,FacesBlock2.xlsx,Josh.mp4,Josh.JPG,Josh,23.0,videoFrameJosh.png,0.0,3.0,3.0,1.0,,,,,0.0,10.0,10.0,8.0,,,Josh,"['lshift', 'j', 'o', 's', 'h']",1.0,1.0,"[5.459342242917046, 5.520299688912928, 5.72029153292533, 5.813496385933831, 5.89621144393459]",35,1,2019_Oct_11_1331,FaceNameControl_Picture&Audio,3.0.4,84.69341143
83,FacesBlock1.xlsx,Julia.mp4,Julia.JPG,Julia,9.0,videoFrameJulia.png,0.0,2.0,2.0,0.0,,,,,0.0,7.0,7.0,9.0,,,Julia,"['lshift', 'j', 'u', 'l', 'i', 'a']",1.0,4.0,"[2.235067054978572, 2.2960709050530568, 2.49608247296419, 2.766434857971035, 2.801307962043211, 2.8961065490730107]",35,1,2019_Oct_11_1331,FaceNameControl_Picture&Audio,3.0.4,84.69341143
62,FacesBlock1.xlsx,Julia.mp4,Julia.JPG,Julia,9.0,videoFrameJulia.png,0.0,2.0,2.0,0.0,0.0,1.0,1.0,9.0,,,,,2.0,1.191612029,,,,,,35,1,2019_Oct_11_1331,FaceNameControl_Picture&Audio,3.0.4,84.69341143
95,FacesBlock2.xlsx,Justin.mp4,Justin.JPG,Justin,24.0,videoFrameJustin.png,0.0,3.0,3.0,1.0,0.0,4.0,4.0,9.0,,,,,1.0,0.4611447291,,,,,,35,1,2019_Oct_11_1331,FaceNameControl_Picture&Audio,3.0.4,84.69341143
120,FacesBlock2.xlsx,Justin.mp4,Justin.JPG,Justin,24.0,videoFrameJustin.png,0.0,3.0,3.0,1.0,,,,,0.0,14.0,14.0,9.0,,,,None,0.0,1.0,,35,1,2019_Oct_11_1331,FaceNameControl_Picture&Audio,3.0.4,84.69341143
11,FacesBlock4.xlsx,Katie.mp4,Katie.JPG,Katie,56.0,videoFrameKatie.png,0.0,0.0,0.0,3.0,0.0,10.0,10.0,11.0,,,,,2.0,0.684719002,,,,,,35,1,2019_Oct_11_1331,FaceNameControl_Picture&Audio,3.0.4,84.69341143
21,FacesBlock4.xlsx,Katie.mp4,Katie.JPG,Katie,56.0,videoFrameKatie.png,0.0,0.0,0.0,3.0,,,,,0.0,5.0,5.0,11.0,,,Grace,"['lshift', 'g', 'r', 'a', 'c', 'v', 'e', 'backspace', 'backspace', 'e']",0.0,1.0,"[7.2844487390248105, 7.462143235024996, 7.709240427007899, 7.780680118943565, 7.897151264944114, 7.913169811945409, 7.957065838971175, 8.662316364003345, 8.779565170989372, 8.967817144002765]",35,1,2019_Oct_11_1331,FaceNameControl_Picture&Audio,3.0.4,84.69341143
46,FacesBlock3.xlsx,Kayla.mp4,Kayla.JPG,Kayla,33.0,videoFrameKayla.png,0.0,1.0,1.0,2.0,,,,,0.0,0.0,0.0,3.0,,,Lauren,"['lshift', 'l', 'a', 'r', 'e', 'n', 'backspace', 'backspace', 'backspace', 'backspace', 'a', 'u', 'r', 'e', 'n']",0.0,1.0,"[5.530775211984292, 5.5912301749922335, 5.835577128920704, 5.896168838953599, 5.95582132297568, 6.073555256007239, 6.766653673024848, 6.9079127659788355, 7.107585074030794, 7.566286475979723, 8.213955656974576, 8.284666885971092, 8.414032403961755, 8.459428432979621, 8.508754899026826]",35,1,2019_Oct_11_1331,FaceNameControl_Picture&Audio,3.0.4,84.69341143
34,FacesBlock3.xlsx,Kayla.mp4,Kayla.JPG,Kayla,33.0,videoFrameKayla.png,0.0,1.0,1.0,2.0,0.0,3.0,3.0,3.0,,,,,2.0,0.685504016,,,,,,35,1,2019_Oct_11_1331,FaceNameControl_Picture&Audio,3.0.4,84.69341143
79,FacesBlock1.xlsx,Kelsey.mp4,Kelsey.JPG,Kelsey,10.0,videoFrameKelsey.png,0.0,2.0,2.0,0.0,,,,,0.0,3.0,3.0,10.0,,,Natalie,"['lshift', 'n', 'a', 't', 'a', 'l', 'i', 'e']",0.0,2.0,"[2.6590529300738126, 2.742446477059275, 2.9430239270441234, 3.1662451600423083, 3.213665571063757, 3.3305583570618182, 3.366433314047754, 3.5076448280597106]",35,1,2019_Oct_11_1331,FaceNameControl_Picture&Audio,3.0.4,84.69341143
71,FacesBlock1.xlsx,Kelsey.mp4,Kelsey.JPG,Kelsey,10.0,videoFrameKelsey.png,0.0,2.0,2.0,0.0,0.0,10.0,10.0,10.0,,,,,2.0,0.555409776,,,,,,35,1,2019_Oct_11_1331,FaceNameControl_Picture&Audio,3.0.4,84.69341143
48,FacesBlock3.xlsx,Kevin.mp4,Kevin.JPG,Kevin,34.0,videoFrameKevin.png,0.0,1.0,1.0,2.0,,,,,0.0,2.0,2.0,4.0,,,,None,0.0,1.0,,35,1,2019_Oct_11_1331,FaceNameControl_Picture&Audio,3.0.4,84.69341143
42,FacesBlock3.xlsx,Kevin.mp4,Kevin.JPG,Kevin,34.0,videoFrameKevin.png,0.0,1.0,1.0,2.0,0.0,11.0,11.0,4.0,,,,,1.0,1.109077185,,,,,,35,1,2019_Oct_11_1331,FaceNameControl_Picture&Audio,3.0.4,84.69341143
70,FacesBlock1.xlsx,Kyle.mp4,Kyle.JPG,Kyle,11.0,videoFrameKyle.png,0.0,2.0,2.0,0.0,0.0,9.0,9.0,11.0,,,,,1.0,0.2600125581,,,,,,35,1,2019_Oct_11_1331,FaceNameControl_Picture&Audio,3.0.4,84.69341143
84,FacesBlock1.xlsx,Kyle.mp4,Kyle.JPG,Kyle,11.0,videoFrameKyle.png,0.0,2.0,2.0,0.0,,,,,0.0,8.0,8.0,11.0,,,No,"['lshift', 'n', 'o']",0.0,1.0,"[9.67139018594753, 9.743517488008365, 9.967235345975496]",35,1,2019_Oct_11_1331,FaceNameControl_Picture&Audio,3.0.4,84.69341143
57,FacesBlock3.xlsx,Lauren.mp4,Lauren.JPG,Lauren,35.0,videoFrameLauren.png,0.0,1.0,1.0,2.0,,,,,0.0,11.0,11.0,5.0,,,Rebecca,"['lshift', 'r', 'e', 'b', 'e', 'c', 'c', 'a']",0.0,1.0,"[8.04802607698366, 8.132684512063861, 8.320695133064874, 8.544252932071686, 8.697277731029317, 8.79115691408515, 8.956060825032182, 9.014121936052106]",35,1,2019_Oct_11_1331,FaceNameControl_Picture&Audio,3.0.4,84.69341143
31,FacesBlock3.xlsx,Lauren.mp4,Lauren.JPG,Lauren,35.0,videoFrameLauren.png,0.0,1.0,1.0,2.0,0.0,0.0,0.0,5.0,,,,,2.0,3.061633753,,,,,,35,1,2019_Oct_11_1331,FaceNameControl_Picture&Audio,3.0.4,84.69341143
35,FacesBlock3.xlsx,Mark.mp4,Mark.JPG,Mark,36.0,videoFrameMark.png,0.0,1.0,1.0,2.0,0.0,4.0,4.0,6.0,,,,,1.0,1.390991858,,,,,,35,1,2019_Oct_11_1331,FaceNameControl_Picture&Audio,3.0.4,84.69341143
60,FacesBlock3.xlsx,Mark.mp4,Mark.JPG,Mark,36.0,videoFrameMark.png,0.0,1.0,1.0,2.0,,,,,0.0,14.0,14.0,6.0,,,Mark,"['lshift', 'm', 'a', 'r', 'k']",1.0,3.0,"[1.5417622360400856, 1.6377004750538617, 1.9673702879808843, 1.9904058870160952, 2.108622367028147]",35,1,2019_Oct_11_1331,FaceNameControl_Picture&Audio,3.0.4,84.69341143
77,FacesBlock1.xlsx,Matthew.mp4,Matthew.JPG,Matthew,12.0,videoFrameMatthew.png,0.0,2.0,2.0,0.0,,,,,0.0,1.0,1.0,12.0,,,Thomas,"['lshift', 't', 'h', 'o', 'm', 'a', 's']",0.0,1.0,"[4.895137032028288, 4.967881735996343, 5.179074035026133, 5.249928605044261, 5.36766739806626, 5.425829143030569, 5.450342466006987]",35,1,2019_Oct_11_1331,FaceNameControl_Picture&Audio,3.0.4,84.69341143
68,FacesBlock1.xlsx,Matthew.mp4,Matthew.JPG,Matthew,12.0,videoFrameMatthew.png,0.0,2.0,2.0,0.0,0.0,7.0,7.0,12.0,,,,,1.0,0.614855921,,,,,,35,1,2019_Oct_11_1331,FaceNameControl_Picture&Audio,3.0.4,84.69341143
106,FacesBlock2.xlsx,Megan.mp4,Megan.JPG,Megan,25.0,videoFrameMegan.png,0.0,3.0,3.0,1.0,,,,,0.0,0.0,0.0,10.0,,,Megan,"['lshift', 'm', 'e', 'g', 'a', 'n']",0.0,4.0,"[1.9546220930060372, 2.0149024969432503, 2.261785418028012, 2.3203515639761463, 2.3907802329631522, 2.4949876739410684]",35,1,2019_Oct_11_1331,FaceNameControl_Picture&Audio,3.0.4,84.69341143
91,FacesBlock2.xlsx,Megan.mp4,Megan.JPG,Megan,25.0,videoFrameMegan.png,0.0,3.0,3.0,1.0,0.0,0.0,0.0,10.0,,,,,2.0,2.2974006559999998,,,,,,35,1,2019_Oct_11_1331,FaceNameControl_Picture&Audio,3.0.4,84.69341143
30,FacesBlock4.xlsx,Michael.mp4,Michael.JPG,Michael,57.0,videoFrameMichael.png,0.0,0.0,0.0,3.0,,,,,0.0,14.0,14.0,12.0,,,Shawn,"['lshift', 's', 'h', 'a', 'w', 'n']",0.0,1.0,"[5.683178705978207, 5.756055027944967, 5.99158119992353, 6.15597035700921, 6.214290128904395, 6.273727166000754]",35,1,2019_Oct_11_1331,FaceNameControl_Picture&Audio,3.0.4,84.69341143
2,FacesBlock4.xlsx,Michael.mp4,Michael.JPG,Michael,57.0,videoFrameMichael.png,0.0,0.0,0.0,3.0,0.0,1.0,1.0,12.0,,,,,1.0,1.367514406,,,,,,35,1,2019_Oct_11_1331,FaceNameControl_Picture&Audio,3.0.4,84.69341143
17,FacesBlock4.xlsx,Michelle.mp4,Michelle.JPG,Michelle,58.0,videoFrameMichelle.png,0.0,0.0,0.0,3.0,,,,,0.0,1.0,1.0,13.0,,,Michelle,"['lshift', 'm', 'i', 'c', 'h', 'e', 'l', 'l', 'e', 'space']",1.0,1.0,"[4.33091861999128, 4.473885889980011, 4.708643720019609, 4.872577661066316, 4.9327148019801825, 5.049679898074828, 5.1323342870455235, 5.238000403041951, 5.318600806989707, 9.591087065986358]",35,1,2019_Oct_11_1331,FaceNameControl_Picture&Audio,3.0.4,84.69341143
8,FacesBlock4.xlsx,Michelle.mp4,Michelle.JPG,Michelle,58.0,videoFrameMichelle.png,0.0,0.0,0.0,3.0,0.0,7.0,7.0,13.0,,,,,2.0,3.16699532,,,,,,35,1,2019_Oct_11_1331,FaceNameControl_Picture&Audio,3.0.4,84.69341143
67,FacesBlock1.xlsx,Natalie.mp4,Natalie.JPG,Natalie,13.0,videoFrameNatalie.png,0.0,2.0,2.0,0.0,0.0,6.0,6.0,13.0,,,,,2.0,2.968556243,,,,,,35,1,2019_Oct_11_1331,FaceNameControl_Picture&Audio,3.0.4,84.69341143
90,FacesBlock1.xlsx,Natalie.mp4,Natalie.JPG,Natalie,13.0,videoFrameNatalie.png,0.0,2.0,2.0,0.0,,,,,0.0,14.0,14.0,13.0,,,,None,0.0,1.0,,35,1,2019_Oct_11_1331,FaceNameControl_Picture&Audio,3.0.4,84.69341143
41,FacesBlock3.xlsx,Nathan.mp4,Nathan.JPG,Nathan,37.0,videoFrameNathan.png,0.0,1.0,1.0,2.0,0.0,10.0,10.0,7.0,,,,,1.0,0.661946944,,,,,,35,1,2019_Oct_11_1331,FaceNameControl_Picture&Audio,3.0.4,84.69341143
53,FacesBlock3.xlsx,Nathan.mp4,Nathan.JPG,Nathan,37.0,videoFrameNathan.png,0.0,1.0,1.0,2.0,,,,,0.0,7.0,7.0,7.0,,,Nathan,"['lshift', 'n', 'a', 't', 'h', 'a', 'n']",1.0,3.0,"[1.8589592749485746, 1.9552788470173255, 2.2023307050112635, 2.2377322160173208, 2.318263160996139, 2.390466267010197, 2.4939583759987727]",35,1,2019_Oct_11_1331,FaceNameControl_Picture&Audio,3.0.4,84.69341143
45,FacesBlock3.xlsx,Nicole.mp4,Nicole.JPG,Nicole,38.0,videoFrameNicole.png,0.0,1.0,1.0,2.0,0.0,14.0,14.0,8.0,,,,,2.0,1.602785208,,,,,,35,1,2019_Oct_11_1331,FaceNameControl_Picture&Audio,3.0.4,84.69341143
49,FacesBlock3.xlsx,Nicole.mp4,Nicole.JPG,Nicole,38.0,videoFrameNicole.png,0.0,1.0,1.0,2.0,,,,,0.0,3.0,3.0,8.0,,,Nicole,"['z', 'n', 'backspace', 'backspace', 'lshift', 'n', 'i', 'c', 'o', 'l', 'e']",1.0,3.0,"[2.202692547929473, 2.3414381080074236, 3.1078100849408656, 3.2489287150092423, 3.7772086729528382, 3.861669761943631, 4.096491092001088, 4.226497018011287, 4.285135103971697, 4.438013402977958, 4.544382910011336]",35,1,2019_Oct_11_1331,FaceNameControl_Picture&Audio,3.0.4,84.69341143
51,FacesBlock3.xlsx,Noah.mp4,Noah.JPG,Noah,39.0,videoFrameNoah.png,0.0,1.0,1.0,2.0,,,,,0.0,5.0,5.0,9.0,,,,None,0.0,1.0,,35,1,2019_Oct_11_1331,FaceNameControl_Picture&Audio,3.0.4,84.69341143
39,FacesBlock3.xlsx,Noah.mp4,Noah.JPG,Noah,39.0,videoFrameNoah.png,0.0,1.0,1.0,2.0,0.0,8.0,8.0,9.0,,,,,1.0,0.626782145,,,,,,35,1,2019_Oct_11_1331,FaceNameControl_Picture&Audio,3.0.4,84.69341143
52,FacesBlock3.xlsx,Olivia.mp4,Olivia.JPG,Olivia,40.0,videoFrameOlivia.png,0.0,1.0,1.0,2.0,,,,,0.0,6.0,6.0,10.0,,,Olivia,"['lshift', 'o', 'l', 'i', 'v', 'i', 'a']",1.0,2.0,"[5.495420663035475, 5.579411271028221, 5.802661066991277, 5.86131812504027, 6.143872349988669, 6.214666762971319, 6.3084954030346125]",35,1,2019_Oct_11_1331,FaceNameControl_Picture&Audio,3.0.4,84.69341143
32,FacesBlock3.xlsx,Olivia.mp4,Olivia.JPG,Olivia,40.0,videoFrameOlivia.png,0.0,1.0,1.0,2.0,0.0,1.0,1.0,10.0,,,,,2.0,1.214659317,,,,,,35,1,2019_Oct_11_1331,FaceNameControl_Picture&Audio,3.0.4,84.69341143
103,FacesBlock2.xlsx,Rachel.mp4,Rachel.JPG,Rachel,26.0,videoFrameRachel.png,0.0,3.0,3.0,1.0,0.0,12.0,12.0,11.0,,,,,2.0,2.168213567,,,,,,35,1,2019_Oct_11_1331,FaceNameControl_Picture&Audio,3.0.4,84.69341143
118,FacesBlock2.xlsx,Rachel.mp4,Rachel.JPG,Rachel,26.0,videoFrameRachel.png,0.0,3.0,3.0,1.0,,,,,0.0,12.0,12.0,11.0,,,,None,0.0,1.0,,35,1,2019_Oct_11_1331,FaceNameControl_Picture&Audio,3.0.4,84.69341143
43,FacesBlock3.xlsx,Rebecca.mp4,Rebecca.JPG,Rebecca,41.0,videoFrameRebecca.png,0.0,1.0,1.0,2.0,0.0,12.0,12.0,11.0,,,,,2.0,1.367778617,,,,,,35,1,2019_Oct_11_1331,FaceNameControl_Picture&Audio,3.0.4,84.69341143
50,FacesBlock3.xlsx,Rebecca.mp4,Rebecca.JPG,Rebecca,41.0,videoFrameRebecca.png,0.0,1.0,1.0,2.0,,,,,0.0,4.0,4.0,11.0,,,Lauren,"['lshift', 'l', 'backspace', 'lshift', 'l', 'a', 'u', 'r', 'e', 'n']",0.0,1.0,"[5.553882188978605, 5.635927694966085, 7.308675069012679, 8.754885480972007, 8.814745596959256, 9.450055178022012, 9.556206297012977, 9.66137406101916, 9.70895515801385, 9.779230521991849]",35,1,2019_Oct_11_1331,FaceNameControl_Picture&Audio,3.0.4,84.69341143
40,FacesBlock3.xlsx,Sarah.mp4,Sarah.JPG,Sarah,42.0,videoFrameSarah.png,0.0,1.0,1.0,2.0,0.0,9.0,9.0,12.0,,,,,2.0,1.7675723540000001,,,,,,35,1,2019_Oct_11_1331,FaceNameControl_Picture&Audio,3.0.4,84.69341143
47,FacesBlock3.xlsx,Sarah.mp4,Sarah.JPG,Sarah,42.0,videoFrameSarah.png,0.0,1.0,1.0,2.0,,,,,0.0,1.0,1.0,12.0,,,Sarah,"['lshift', 's', 'a', 'r', 'a', 'h']",1.0,4.0,"[1.9070526690920815, 2.026127248071134, 2.261179596069269, 2.319422810105607, 2.4377927720779553, 2.602631450048648]",35,1,2019_Oct_11_1331,FaceNameControl_Picture&Audio,3.0.4,84.69341143
36,FacesBlock3.xlsx,Shelby.mp4,Shelby.JPG,Shelby,43.0,videoFrameShelby.png,0.0,1.0,1.0,2.0,0.0,5.0,5.0,13.0,,,,,2.0,0.403563406,,,,,,35,1,2019_Oct_11_1331,FaceNameControl_Picture&Audio,3.0.4,84.69341143
56,FacesBlock3.xlsx,Shelby.mp4,Shelby.JPG,Shelby,43.0,videoFrameShelby.png,0.0,1.0,1.0,2.0,,,,,0.0,10.0,10.0,13.0,,,Sha,"['lshift', 's', 'h', 'a']",0.0,1.0,"[8.213269541040063, 8.309285084018484, 8.54378769500181, 9.556619181064889]",35,1,2019_Oct_11_1331,FaceNameControl_Picture&Audio,3.0.4,84.69341143
97,FacesBlock2.xlsx,Steven.mp4,Steven.JPG,Steven,27.0,videoFrameSteven.png,0.0,3.0,3.0,1.0,0.0,6.0,6.0,12.0,,,,,1.0,0.09737790200999999,,,,,,35,1,2019_Oct_11_1331,FaceNameControl_Picture&Audio,3.0.4,84.69341143
119,FacesBlock2.xlsx,Steven.mp4,Steven.JPG,Steven,27.0,videoFrameSteven.png,0.0,3.0,3.0,1.0,,,,,0.0,13.0,13.0,12.0,,,Steven,"['lshift', 's', 't', 'e', 'v', 'e', 'n']",1.0,4.0,"[2.0954078499926254, 2.179065720993094, 2.483310526004061, 2.5676583810709417, 2.755647605052218, 2.837340104044415, 2.943995785084553]",35,1,2019_Oct_11_1331,FaceNameControl_Picture&Audio,3.0.4,84.69341143
16,FacesBlock4.xlsx,Taylor.mp4,Taylor.JPG,Taylor,59.0,videoFrameTaylor.png,0.0,0.0,0.0,3.0,,,,,0.0,0.0,0.0,14.0,,,,None,0.0,1.0,,35,1,2019_Oct_11_1331,FaceNameControl_Picture&Audio,3.0.4,84.69341143
3,FacesBlock4.xlsx,Taylor.mp4,Taylor.JPG,Taylor,59.0,videoFrameTaylor.png,0.0,0.0,0.0,3.0,0.0,2.0,2.0,14.0,,,,,2.0,1.1448143309999999,,,,,,35,1,2019_Oct_11_1331,FaceNameControl_Picture&Audio,3.0.4,84.69341143
33,FacesBlock3.xlsx,Thomas.mp4,Thomas.JPG,Thomas,44.0,videoFrameThomas.png,0.0,1.0,1.0,2.0,0.0,2.0,2.0,14.0,,,,,1.0,0.9567457581000001,,,,,,35,1,2019_Oct_11_1331,FaceNameControl_Picture&Audio,3.0.4,84.69341143
58,FacesBlock3.xlsx,Thomas.mp4,Thomas.JPG,Thomas,44.0,videoFrameThomas.png,0.0,1.0,1.0,2.0,,,,,0.0,12.0,12.0,14.0,,,Thomas,"['lshift', 't', 'h', 'o', 'm', 'a', 's']",1.0,2.0,"[4.07161453505978, 4.120389259071089, 4.284476294065826, 4.355989837087691, 4.459559590090066, 4.519892771029845, 4.555699078016914]",35,1,2019_Oct_11_1331,FaceNameControl_Picture&Audio,3.0.4,84.69341143
64,FacesBlock1.xlsx,Timothy.mp4,Timothy.JPG,Timothy,14.0,videoFrameTimothy.png,0.0,2.0,2.0,0.0,0.0,3.0,3.0,14.0,,,,,1.0,7.297557151,,,,,,35,1,2019_Oct_11_1331,FaceNameControl_Picture&Audio,3.0.4,84.69341143
80,FacesBlock1.xlsx,Timothy.mp4,Timothy.JPG,Timothy,14.0,videoFrameTimothy.png,0.0,2.0,2.0,0.0,,,,,0.0,4.0,4.0,14.0,,,Timothy,"['lshift', 't', 'i', 'm', 'o', 't', 'h', 'y']",1.0,4.0,"[3.4479213330196217, 3.484495871933177, 3.801686235005036, 3.8847305360250175, 4.108318308950402, 4.343328382004984, 4.413744125980884, 4.532078824006021]",35,1,2019_Oct_11_1331,FaceNameControl_Picture&Audio,3.0.4,84.69341143
109,FacesBlock2.xlsx,Trevor.mp4,Trevor.JPG,Trevor,28.0,videoFrameTrevor.png,0.0,3.0,3.0,1.0,,,,,0.0,3.0,3.0,13.0,,,,None,0.0,1.0,,35,1,2019_Oct_11_1331,FaceNameControl_Picture&Audio,3.0.4,84.69341143
102,FacesBlock2.xlsx,Trevor.mp4,Trevor.JPG,Trevor,28.0,videoFrameTrevor.png,0.0,3.0,3.0,1.0,0.0,11.0,11.0,13.0,,,,,1.0,0.22650556,,,,,,35,1,2019_Oct_11_1331,FaceNameControl_Picture&Audio,3.0.4,84.69341143
115,FacesBlock2.xlsx,Tyler.mp4,Tyler.JPG,Tyler,29.0,videoFrameTyler.png,0.0,3.0,3.0,1.0,,,,,0.0,9.0,9.0,14.0,,,Justin,"['lshift', 'j', 'u', 's', 't', 'i', 'n']",0.0,1.0,"[5.437372151995078, 5.485248678945936, 5.837989040999673, 5.968130136956461, 6.038911783951335, 6.119259604020044, 6.144507005927153]",35,1,2019_Oct_11_1331,FaceNameControl_Picture&Audio,3.0.4,84.69341143
98,FacesBlock2.xlsx,Tyler.mp4,Tyler.JPG,Tyler,29.0,videoFrameTyler.png,0.0,3.0,3.0,1.0,0.0,7.0,7.0,14.0,,,,,1.0,0.43798101899999997,,,,,,35,1,2019_Oct_11_1331,FaceNameControl_Picture&Audio,3.0.4,84.69341143
0,,,,,,,,,,,,,,,,,,,,,,,,,,35,1,2019_Oct_11_1331,FaceNameControl_Picture&Audio,3.0.4,84.69341143
