,condsFile,Video,Photo,Name,Row,videoFrame,blocks.thisRepN,blocks.thisTrialN,blocks.thisN,blocks.thisIndex,presentations.thisRepN,presentations.thisTrialN,presentations.thisN,presentations.thisIndex,testing.thisRepN,testing.thisTrialN,testing.thisN,testing.thisIndex,judgementResp.keys,judgementResp.rt,inputText,key_resp_3.keys,recallRating_s,rating_resp.keys,key_resp_3.rt,participant,session,date,expName,psychopyVersion,frameRate
84,FacesBlock2.xlsx,Aaron.mp4,Aaron.JPG,Aaron,15.0,videoFrameAaron.png,0.0,2.0,2.0,1.0,,,,,0.0,8.0,8.0,0.0,,,,None,0.0,1.0,,37,1,2019_Oct_15_1604,FaceNameControl_Picture&Audio,3.0.4,85.0258682
66,FacesBlock2.xlsx,Aaron.mp4,Aaron.JPG,Aaron,15.0,videoFrameAaron.png,0.0,2.0,2.0,1.0,0.0,5.0,5.0,0.0,,,,,1.0,2.730006918,,,,,,37,1,2019_Oct_15_1604,FaceNameControl_Picture&Audio,3.0.4,85.0258682
56,FacesBlock1.xlsx,Adam.mp4,Adam.JPG,Adam,0.0,videoFrameAdam.png,0.0,1.0,1.0,0.0,,,,,0.0,10.0,10.0,0.0,,,adam,"['a', 'd', 'a', 'm']",1.0,3.0,"[2.2000913589727134, 2.3196119118947536, 2.590589711908251, 2.696316258981824]",37,1,2019_Oct_15_1604,FaceNameControl_Picture&Audio,3.0.4,85.0258682
43,FacesBlock1.xlsx,Adam.mp4,Adam.JPG,Adam,0.0,videoFrameAdam.png,0.0,1.0,1.0,0.0,0.0,12.0,12.0,0.0,,,,,1.0,1.60270849,,,,,,37,1,2019_Oct_15_1604,FaceNameControl_Picture&Audio,3.0.4,85.0258682
11,FacesBlock4.xlsx,Alyssa.mp4,Alyssa.JPG,Alyssa,45.0,videoFrameAlyssa.png,0.0,0.0,0.0,3.0,0.0,10.0,10.0,0.0,,,,,2.0,0.2853581081,,,,,,37,1,2019_Oct_15_1604,FaceNameControl_Picture&Audio,3.0.4,85.0258682
26,FacesBlock4.xlsx,Alyssa.mp4,Alyssa.JPG,Alyssa,45.0,videoFrameAlyssa.png,0.0,0.0,0.0,3.0,,,,,0.0,10.0,10.0,0.0,,,,None,0.0,1.0,,37,1,2019_Oct_15_1604,FaceNameControl_Picture&Audio,3.0.4,85.0258682
47,FacesBlock1.xlsx,Amanda.mp4,Amanda.JPG,Amanda,1.0,videoFrameAmanda.png,0.0,1.0,1.0,0.0,,,,,0.0,1.0,1.0,1.0,,,,None,0.0,1.0,,37,1,2019_Oct_15_1604,FaceNameControl_Picture&Audio,3.0.4,85.0258682
38,FacesBlock1.xlsx,Amanda.mp4,Amanda.JPG,Amanda,1.0,videoFrameAmanda.png,0.0,1.0,1.0,0.0,0.0,7.0,7.0,1.0,,,,,2.0,1.262091458,,,,,,37,1,2019_Oct_15_1604,FaceNameControl_Picture&Audio,3.0.4,85.0258682
19,FacesBlock4.xlsx,Andrew.mp4,Andrew.JPG,Andrew,46.0,videoFrameAndrew.png,0.0,0.0,0.0,3.0,,,,,0.0,3.0,3.0,1.0,,,Brandon,"['lshift', 'b', 'r', 'a', 'n', 'd', 'n', 'backspace', 'o', 'n', 'return']",0.0,1.0,"[2.3897573580034077, 2.5436317098792642, 3.0147393639199436, 3.2381521118804812, 3.367671248037368, 3.494978758972138, 3.779989729868248, 4.437208889052272, 5.014829360879958, 5.34427456301637, 7.132182011846453]",37,1,2019_Oct_15_1604,FaceNameControl_Picture&Audio,3.0.4,85.0258682
13,FacesBlock4.xlsx,Andrew.mp4,Andrew.JPG,Andrew,46.0,videoFrameAndrew.png,0.0,0.0,0.0,3.0,0.0,12.0,12.0,1.0,,,,,1.0,0.3553657678,,,,,,37,1,2019_Oct_15_1604,FaceNameControl_Picture&Audio,3.0.4,85.0258682
16,FacesBlock4.xlsx,Anna.mp4,Anna.JPG,Anna,47.0,videoFrameAnna.png,0.0,0.0,0.0,3.0,,,,,0.0,0.0,0.0,2.0,,,,None,0.0,1.0,,37,1,2019_Oct_15_1604,FaceNameControl_Picture&Audio,3.0.4,85.0258682
4,FacesBlock4.xlsx,Anna.mp4,Anna.JPG,Anna,47.0,videoFrameAnna.png,0.0,0.0,0.0,3.0,0.0,3.0,3.0,2.0,,,,,2.0,0.647621555,,,,,,37,1,2019_Oct_15_1604,FaceNameControl_Picture&Audio,3.0.4,85.0258682
88,FacesBlock2.xlsx,Ashley.mp4,Ashley.JPG,Ashley,16.0,videoFrameAshley.png,0.0,2.0,2.0,1.0,,,,,0.0,12.0,12.0,1.0,,,rachel,"['r', 'a', 'c', 'h', 'e', 'l']",0.0,3.0,"[4.4260520620737225, 4.884540463099256, 5.096542467130348, 5.2728823851794, 5.423519096104428, 5.742993257008493]",37,1,2019_Oct_15_1604,FaceNameControl_Picture&Audio,3.0.4,85.0258682
65,FacesBlock2.xlsx,Ashley.mp4,Ashley.JPG,Ashley,16.0,videoFrameAshley.png,0.0,2.0,2.0,1.0,0.0,4.0,4.0,1.0,,,,,2.0,4.2504796769999995,,,,,,37,1,2019_Oct_15_1604,FaceNameControl_Picture&Audio,3.0.4,85.0258682
51,FacesBlock1.xlsx,Bradley.mp4,Bradley.JPG,Bradley,2.0,videoFrameBradley.png,0.0,1.0,1.0,0.0,,,,,0.0,5.0,5.0,2.0,,,bradley,"['b', 'r', 'a', 'd', 'l', 'e', 'y']",1.0,3.0,"[1.1792883952148259, 1.2734408481046557, 1.7670190951321274, 1.9441397811751813, 2.1669090911746025, 2.3425199270714074, 2.637856626184657]",37,1,2019_Oct_15_1604,FaceNameControl_Picture&Audio,3.0.4,85.0258682
35,FacesBlock1.xlsx,Bradley.mp4,Bradley.JPG,Bradley,2.0,videoFrameBradley.png,0.0,1.0,1.0,0.0,0.0,4.0,4.0,2.0,,,,,1.0,1.8501512430000002,,,,,,37,1,2019_Oct_15_1604,FaceNameControl_Picture&Audio,3.0.4,85.0258682
2,FacesBlock4.xlsx,Brandon.mp4,Brandon.JPG,Brandon,48.0,videoFrameBrandon.png,0.0,0.0,0.0,3.0,0.0,1.0,1.0,3.0,,,,,1.0,1.92015652,,,,,,37,1,2019_Oct_15_1604,FaceNameControl_Picture&Audio,3.0.4,85.0258682
18,FacesBlock4.xlsx,Brandon.mp4,Brandon.JPG,Brandon,48.0,videoFrameBrandon.png,0.0,0.0,0.0,3.0,,,,,0.0,2.0,2.0,3.0,,,Michael,"['lshift', 'm', 'i', 'c', 'h', 'a', 'e', 'l', 'return']",0.0,1.0,"[4.0481310589239, 4.202364732977003, 4.37910041003488, 4.600708074867725, 4.776442650007084, 4.920306314015761, 5.191111603984609, 5.307987621985376, 5.7782039740122855]",37,1,2019_Oct_15_1604,FaceNameControl_Picture&Audio,3.0.4,85.0258682
9,FacesBlock4.xlsx,Brian.mp4,Brian.JPG,Brian,49.0,videoFrameBrian.png,0.0,0.0,0.0,3.0,0.0,8.0,8.0,4.0,,,,,1.0,1.551821452,,,,,,37,1,2019_Oct_15_1604,FaceNameControl_Picture&Audio,3.0.4,85.0258682
22,FacesBlock4.xlsx,Brian.mp4,Brian.JPG,Brian,49.0,videoFrameBrian.png,0.0,0.0,0.0,3.0,,,,,0.0,6.0,6.0,4.0,,,,None,0.0,1.0,,37,1,2019_Oct_15_1604,FaceNameControl_Picture&Audio,3.0.4,85.0258682
25,FacesBlock4.xlsx,Brianna.mp4,Brianna.JPG,Brianna,50.0,videoFrameBrianna.png,0.0,0.0,0.0,3.0,,,,,0.0,9.0,9.0,5.0,,,Grace,"['lshift', 'g', 'r', 'a', 'd', 'backspace', 'c', 'e']",0.0,1.0,"[2.659287993097678, 2.7784323981031775, 2.9669240741059184, 3.3199826900381595, 3.5430725018959492, 3.9649424150120467, 4.061147306114435, 4.213799583958462]",37,1,2019_Oct_15_1604,FaceNameControl_Picture&Audio,3.0.4,85.0258682
15,FacesBlock4.xlsx,Brianna.mp4,Brianna.JPG,Brianna,50.0,videoFrameBrianna.png,0.0,0.0,0.0,3.0,0.0,14.0,14.0,5.0,,,,,2.0,0.5797471171,,,,,,37,1,2019_Oct_15_1604,FaceNameControl_Picture&Audio,3.0.4,85.0258682
76,FacesBlock2.xlsx,Brittany.mp4,Brittany.JPG,Brittany,17.0,videoFrameBrittany.png,0.0,2.0,2.0,1.0,,,,,0.0,0.0,0.0,2.0,,,,None,0.0,1.0,,37,1,2019_Oct_15_1604,FaceNameControl_Picture&Audio,3.0.4,85.0258682
75,FacesBlock2.xlsx,Brittany.mp4,Brittany.JPG,Brittany,17.0,videoFrameBrittany.png,0.0,2.0,2.0,1.0,0.0,14.0,14.0,2.0,,,,,2.0,2.050195611,,,,,,37,1,2019_Oct_15_1604,FaceNameControl_Picture&Audio,3.0.4,85.0258682
1,FacesBlock4.xlsx,Caleb.mp4,Caleb.JPG,Caleb,51.0,videoFrameCaleb.png,0.0,0.0,0.0,3.0,0.0,0.0,0.0,6.0,,,,,1.0,3.0854266760000004,,,,,,37,1,2019_Oct_15_1604,FaceNameControl_Picture&Audio,3.0.4,85.0258682
30,FacesBlock4.xlsx,Caleb.mp4,Caleb.JPG,Caleb,51.0,videoFrameCaleb.png,0.0,0.0,0.0,3.0,,,,,0.0,14.0,14.0,6.0,,,Tyler,"['lshift', 't', 'y', 'l', 'e', 'r']",0.0,1.0,"[2.0362774289678782, 2.1329058699775487, 2.5565222199074924, 2.9327112450264394, 3.0499601440969855, 3.132849337067455]",37,1,2019_Oct_15_1604,FaceNameControl_Picture&Audio,3.0.4,85.0258682
64,FacesBlock2.xlsx,Cody.mp4,Cody.JPG,Cody,18.0,videoFrameCody.png,0.0,2.0,2.0,1.0,0.0,3.0,3.0,3.0,,,,,1.0,4.473690486000001,,,,,,37,1,2019_Oct_15_1604,FaceNameControl_Picture&Audio,3.0.4,85.0258682
83,FacesBlock2.xlsx,Cody.mp4,Cody.JPG,Cody,18.0,videoFrameCody.png,0.0,2.0,2.0,1.0,,,,,0.0,7.0,7.0,3.0,,,cody,"['c', 'o', 'd', 'y']",1.0,3.0,"[6.660872568842024, 6.813214462948963, 6.966560585889965, 7.119536704849452]",37,1,2019_Oct_15_1604,FaceNameControl_Picture&Audio,3.0.4,85.0258682
104,FacesBlock3.xlsx,Courtney.mp4,Courtney.JPG,Courtney,30.0,videoFrameCourtney.png,0.0,3.0,3.0,2.0,0.0,13.0,13.0,0.0,,,,,2.0,1.390948513,,,,,,37,1,2019_Oct_15_1604,FaceNameControl_Picture&Audio,3.0.4,85.0258682
111,FacesBlock3.xlsx,Courtney.mp4,Courtney.JPG,Courtney,30.0,videoFrameCourtney.png,0.0,3.0,3.0,2.0,,,,,0.0,5.0,5.0,0.0,,,,None,0.0,1.0,,37,1,2019_Oct_15_1604,FaceNameControl_Picture&Audio,3.0.4,85.0258682
112,FacesBlock3.xlsx,Daniel.mp4,Daniel.JPG,Daniel,31.0,videoFrameDaniel.png,0.0,3.0,3.0,2.0,,,,,0.0,6.0,6.0,1.0,,,daniel,"['d', 'a', 'n', 'i', 'e', 'l']",1.0,3.0,"[3.7175967020448297, 3.932052335003391, 4.061541074886918, 4.308715109014884, 4.437930750893429, 4.6136694338638335]",37,1,2019_Oct_15_1604,FaceNameControl_Picture&Audio,3.0.4,85.0258682
92,FacesBlock3.xlsx,Daniel.mp4,Daniel.JPG,Daniel,31.0,videoFrameDaniel.png,0.0,3.0,3.0,2.0,0.0,1.0,1.0,1.0,,,,,1.0,3.379959617,,,,,,37,1,2019_Oct_15_1604,FaceNameControl_Picture&Audio,3.0.4,85.0258682
45,FacesBlock1.xlsx,Danielle.mp4,Danielle.JPG,Danielle,3.0,videoFrameDanielle.png,0.0,1.0,1.0,0.0,0.0,14.0,14.0,3.0,,,,,2.0,1.755598332,,,,,,37,1,2019_Oct_15_1604,FaceNameControl_Picture&Audio,3.0.4,85.0258682
52,FacesBlock1.xlsx,Danielle.mp4,Danielle.JPG,Danielle,3.0,videoFrameDanielle.png,0.0,1.0,1.0,0.0,,,,,0.0,6.0,6.0,3.0,,,,None,0.0,1.0,,37,1,2019_Oct_15_1604,FaceNameControl_Picture&Audio,3.0.4,85.0258682
78,FacesBlock2.xlsx,David.mp4,David.JPG,David,19.0,videoFrameDavid.png,0.0,2.0,2.0,1.0,,,,,0.0,2.0,2.0,4.0,,,aaron,"['a', 'a', 'r', 'o', 'n']",0.0,2.0,"[6.411929767113179, 6.556132456986234, 6.778825497021899, 6.942964232061058, 7.189655474154279]",37,1,2019_Oct_15_1604,FaceNameControl_Picture&Audio,3.0.4,85.0258682
72,FacesBlock2.xlsx,David.mp4,David.JPG,David,19.0,videoFrameDavid.png,0.0,2.0,2.0,1.0,0.0,11.0,11.0,4.0,,,,,1.0,2.308421322,,,,,,37,1,2019_Oct_15_1604,FaceNameControl_Picture&Audio,3.0.4,85.0258682
20,FacesBlock4.xlsx,Dylan.mp4,Dylan.JPG,Dylan,52.0,videoFrameDylan.png,0.0,0.0,0.0,3.0,,,,,0.0,4.0,4.0,7.0,,,Brandon,"['lshift', 'b', 'r', 'a', 'n', 'd', 'o', 'n', 'return']",0.0,1.0,"[3.048983789049089, 3.1917734590824693, 3.297652306035161, 3.5212640550453216, 3.6616813810542226, 3.7679590401239693, 3.8736254540272057, 4.050686988979578, 4.226532877190039]",37,1,2019_Oct_15_1604,FaceNameControl_Picture&Audio,3.0.4,85.0258682
7,FacesBlock4.xlsx,Dylan.mp4,Dylan.JPG,Dylan,52.0,videoFrameDylan.png,0.0,0.0,0.0,3.0,0.0,6.0,6.0,7.0,,,,,1.0,1.086155515,,,,,,37,1,2019_Oct_15_1604,FaceNameControl_Picture&Audio,3.0.4,85.0258682
14,FacesBlock4.xlsx,Emily.mp4,Emily.JPG,Emily,53.0,videoFrameEmily.png,0.0,0.0,0.0,3.0,0.0,13.0,13.0,8.0,,,,,2.0,0.7797920939,,,,,,37,1,2019_Oct_15_1604,FaceNameControl_Picture&Audio,3.0.4,85.0258682
21,FacesBlock4.xlsx,Emily.mp4,Emily.JPG,Emily,53.0,videoFrameEmily.png,0.0,0.0,0.0,3.0,,,,,0.0,5.0,5.0,8.0,,,Alyssa,"['lshift', 'a', 'l', 'y', 's', 's', 'a', 'return']",0.0,1.0,"[2.330366251990199, 2.5903179480228573, 2.884620151016861, 3.2963524078950286, 3.5784669569693506, 3.7194617888890207, 3.847276008920744, 6.284368921071291]",37,1,2019_Oct_15_1604,FaceNameControl_Picture&Audio,3.0.4,85.0258682
32,FacesBlock1.xlsx,Eric.mp4,Eric.JPG,Eric,4.0,videoFrameEric.png,0.0,1.0,1.0,0.0,0.0,1.0,1.0,4.0,,,,,1.0,1.4031375990000001,,,,,,37,1,2019_Oct_15_1604,FaceNameControl_Picture&Audio,3.0.4,85.0258682
46,FacesBlock1.xlsx,Eric.mp4,Eric.JPG,Eric,4.0,videoFrameEric.png,0.0,1.0,1.0,0.0,,,,,0.0,0.0,0.0,4.0,,,aaron,"['a', 'a', 'r', 'o', 'n']",0.0,2.0,"[8.75504618207924, 8.943603965919465, 9.237191458931193, 9.579303707927465, 9.766416121041402]",37,1,2019_Oct_15_1604,FaceNameControl_Picture&Audio,3.0.4,85.0258682
58,FacesBlock1.xlsx,Ethan.mp4,Ethan.JPG,Ethan,5.0,videoFrameEthan.png,0.0,1.0,1.0,0.0,,,,,0.0,12.0,12.0,5.0,,,eric,"['e', 'r', 'i', 'c']",0.0,1.0,"[4.613748744130135, 4.673335837200284, 4.849882866023108, 6.449884572997689]",37,1,2019_Oct_15_1604,FaceNameControl_Picture&Audio,3.0.4,85.0258682
42,FacesBlock1.xlsx,Ethan.mp4,Ethan.JPG,Ethan,5.0,videoFrameEthan.png,0.0,1.0,1.0,0.0,0.0,11.0,11.0,5.0,,,,,1.0,2.532849641,,,,,,37,1,2019_Oct_15_1604,FaceNameControl_Picture&Audio,3.0.4,85.0258682
10,FacesBlock4.xlsx,Grace.mp4,Grace.JPG,Grace,54.0,videoFrameGrace.png,0.0,0.0,0.0,3.0,0.0,9.0,9.0,9.0,,,,,2.0,1.438764688,,,,,,37,1,2019_Oct_15_1604,FaceNameControl_Picture&Audio,3.0.4,85.0258682
24,FacesBlock4.xlsx,Grace.mp4,Grace.JPG,Grace,54.0,videoFrameGrace.png,0.0,0.0,0.0,3.0,,,,,0.0,8.0,8.0,9.0,,,Grace,"['lshift', 'g', 'r', 'a', 'c', 'e']",1.0,2.0,"[3.4364244730677456, 3.6004396569915116, 3.7433452690020204, 4.529391888994724, 4.752801989205182, 4.9531739831436425]",37,1,2019_Oct_15_1604,FaceNameControl_Picture&Audio,3.0.4,85.0258682
69,FacesBlock2.xlsx,Haley.mp4,Haley.JPG,Haley,20.0,videoFrameHaley.png,0.0,2.0,2.0,1.0,0.0,8.0,8.0,5.0,,,,,2.0,2.908893814,,,,,,37,1,2019_Oct_15_1604,FaceNameControl_Picture&Audio,3.0.4,85.0258682
90,FacesBlock2.xlsx,Haley.mp4,Haley.JPG,Haley,20.0,videoFrameHaley.png,0.0,2.0,2.0,1.0,,,,,0.0,14.0,14.0,5.0,,,britney,"['b', 'r', 'i', 't', 'n', 'e', 'y']",0.0,1.0,"[5.343566420953721, 5.472542959963903, 5.626370952930301, 5.743703825864941, 5.896456666989252, 6.014124494977295, 6.190941775916144]",37,1,2019_Oct_15_1604,FaceNameControl_Picture&Audio,3.0.4,85.0258682
37,FacesBlock1.xlsx,Hannah.mp4,Hannah.JPG,Hannah,6.0,videoFrameHannah.png,0.0,1.0,1.0,0.0,0.0,6.0,6.0,6.0,,,,,2.0,1.8383850419999999,,,,,,37,1,2019_Oct_15_1604,FaceNameControl_Picture&Audio,3.0.4,85.0258682
53,FacesBlock1.xlsx,Hannah.mp4,Hannah.JPG,Hannah,6.0,videoFrameHannah.png,0.0,1.0,1.0,0.0,,,,,0.0,7.0,7.0,6.0,,,amanda,"['j', 'e', 'n', 'n', 'a', 'backspace', 'backspace', 'backspace', 'backspace', 'backspace', 'a', 'm', 'a', 'n', 'd', 'a']",0.0,1.0,"[3.378925524186343, 3.7178397621028125, 3.9430764720309526, 4.1205077359918505, 4.226526181213558, 5.013774203136563, 5.166590542066842, 5.295664753066376, 5.42487027309835, 5.567063859198242, 5.802641140064225, 6.1909546761307865, 6.320440527051687, 6.438170186011121, 6.567062201211229, 6.790800097165629]",37,1,2019_Oct_15_1604,FaceNameControl_Picture&Audio,3.0.4,85.0258682
77,FacesBlock2.xlsx,Heather.mp4,Heather.JPG,Heather,21.0,videoFrameHeather.png,0.0,2.0,2.0,1.0,,,,,0.0,1.0,1.0,6.0,,,hanna,"['h', 'a', 'n', 'a', 'backspace', 'n', 'a']",0.0,1.0,"[5.532713568070903, 5.685247499961406, 5.991218667011708, 6.118646522983909, 7.01403020392172, 7.332862863084301, 7.391847362043336]",37,1,2019_Oct_15_1604,FaceNameControl_Picture&Audio,3.0.4,85.0258682
71,FacesBlock2.xlsx,Heather.mp4,Heather.JPG,Heather,21.0,videoFrameHeather.png,0.0,2.0,2.0,1.0,0.0,10.0,10.0,6.0,,,,,2.0,2.591576596,,,,,,37,1,2019_Oct_15_1604,FaceNameControl_Picture&Audio,3.0.4,85.0258682
96,FacesBlock3.xlsx,Jacob.mp4,Jacob.JPG,Jacob,32.0,videoFrameJacob.png,0.0,3.0,3.0,2.0,0.0,5.0,5.0,2.0,,,,,1.0,4.803711198,,,,,,37,1,2019_Oct_15_1604,FaceNameControl_Picture&Audio,3.0.4,85.0258682
114,FacesBlock3.xlsx,Jacob.mp4,Jacob.JPG,Jacob,32.0,videoFrameJacob.png,0.0,3.0,3.0,2.0,,,,,0.0,8.0,8.0,2.0,,,thomas,"['t', 'h', 'o', 'm', 'a', 's']",0.0,1.0,"[6.131982763996348, 6.297214254038408, 6.438161293044686, 6.721005153143778, 6.826703987084329, 6.921047793002799]",37,1,2019_Oct_15_1604,FaceNameControl_Picture&Audio,3.0.4,85.0258682
6,FacesBlock4.xlsx,Jason.mp4,Jason.JPG,Jason,55.0,videoFrameJason.png,0.0,0.0,0.0,3.0,0.0,5.0,5.0,10.0,,,,,1.0,1.697212559,,,,,,37,1,2019_Oct_15_1604,FaceNameControl_Picture&Audio,3.0.4,85.0258682
29,FacesBlock4.xlsx,Jason.mp4,Jason.JPG,Jason,55.0,videoFrameJason.png,0.0,0.0,0.0,3.0,,,,,0.0,13.0,13.0,10.0,,,Brandon,"['lshift', 'm', 'i', 'c', 'backspace', 'backspace', 'backspace', 'lshift', 'b', 'r', 'a', 'n', 'd', 'o', 'n']",0.0,1.0,"[1.5650531840510666, 1.6607856920454651, 2.4617889509536326, 2.5669640961568803, 3.014089869102463, 3.1650418729986995, 3.3075010259635746, 3.5423436879646033, 3.6968472020234913, 3.8028525351546705, 4.473189085023478, 4.591121281031519, 4.6732235320378095, 4.802946568001062, 4.966683330014348]",37,1,2019_Oct_15_1604,FaceNameControl_Picture&Audio,3.0.4,85.0258682
40,FacesBlock1.xlsx,Jenna.mp4,Jenna.JPG,Jenna,7.0,videoFrameJenna.png,0.0,1.0,1.0,0.0,0.0,9.0,9.0,7.0,,,,,2.0,1.015228629,,,,,,37,1,2019_Oct_15_1604,FaceNameControl_Picture&Audio,3.0.4,85.0258682
54,FacesBlock1.xlsx,Jenna.mp4,Jenna.JPG,Jenna,7.0,videoFrameJenna.png,0.0,1.0,1.0,0.0,,,,,0.0,8.0,8.0,7.0,,,jenna,"['j', 'e', 'n', 'n', 'a']",1.0,3.0,"[1.9079058039933443, 2.072833803948015, 2.225606210064143, 2.3549010739661753, 2.4129205730278045]",37,1,2019_Oct_15_1604,FaceNameControl_Picture&Audio,3.0.4,85.0258682
68,FacesBlock2.xlsx,Jeremy.mp4,Jeremy.JPG,Jeremy,22.0,videoFrameJeremy.png,0.0,2.0,2.0,1.0,0.0,7.0,7.0,7.0,,,,,1.0,4.508948848999999,,,,,,37,1,2019_Oct_15_1604,FaceNameControl_Picture&Audio,3.0.4,85.0258682
86,FacesBlock2.xlsx,Jeremy.mp4,Jeremy.JPG,Jeremy,22.0,videoFrameJeremy.png,0.0,2.0,2.0,1.0,,,,,0.0,10.0,10.0,7.0,,,jeremy,"['j', 'e', 'r', 'e', 'm', 'y']",1.0,4.0,"[1.6485752039588988, 1.8255484730470926, 1.8841496279928833, 2.025355640100315, 2.1663869880139828, 2.305355692980811]",37,1,2019_Oct_15_1604,FaceNameControl_Picture&Audio,3.0.4,85.0258682
60,FacesBlock1.xlsx,Jessica.mp4,Jessica.JPG,Jessica,8.0,videoFrameJessica.png,0.0,1.0,1.0,0.0,,,,,0.0,14.0,14.0,8.0,,,jenna,"['j', 'e', 'n', 'n', 'a']",0.0,1.0,"[3.53133464185521, 3.6491736138705164, 3.825677653076127, 3.989434791961685, 4.036484681069851]",37,1,2019_Oct_15_1604,FaceNameControl_Picture&Audio,3.0.4,85.0258682
31,FacesBlock1.xlsx,Jessica.mp4,Jessica.JPG,Jessica,8.0,videoFrameJessica.png,0.0,1.0,1.0,0.0,0.0,0.0,0.0,8.0,,,,,2.0,2.28554636,,,,,,37,1,2019_Oct_15_1604,FaceNameControl_Picture&Audio,3.0.4,85.0258682
79,FacesBlock2.xlsx,Josh.mp4,Josh.JPG,Josh,23.0,videoFrameJosh.png,0.0,2.0,2.0,1.0,,,,,0.0,3.0,3.0,8.0,,,josh,"['j', 'o', 's', 'h']",1.0,4.0,"[1.2137755958829075, 1.2970807140227407, 1.3910781738813967, 1.5088361238595098]",37,1,2019_Oct_15_1604,FaceNameControl_Picture&Audio,3.0.4,85.0258682
61,FacesBlock2.xlsx,Josh.mp4,Josh.JPG,Josh,23.0,videoFrameJosh.png,0.0,2.0,2.0,1.0,0.0,0.0,0.0,8.0,,,,,1.0,3.826482533,,,,,,37,1,2019_Oct_15_1604,FaceNameControl_Picture&Audio,3.0.4,85.0258682
48,FacesBlock1.xlsx,Julia.mp4,Julia.JPG,Julia,9.0,videoFrameJulia.png,0.0,1.0,1.0,0.0,,,,,0.0,2.0,2.0,9.0,,,,None,0.0,1.0,,37,1,2019_Oct_15_1604,FaceNameControl_Picture&Audio,3.0.4,85.0258682
36,FacesBlock1.xlsx,Julia.mp4,Julia.JPG,Julia,9.0,videoFrameJulia.png,0.0,1.0,1.0,0.0,0.0,5.0,5.0,9.0,,,,,2.0,1.355431083,,,,,,37,1,2019_Oct_15_1604,FaceNameControl_Picture&Audio,3.0.4,85.0258682
63,FacesBlock2.xlsx,Justin.mp4,Justin.JPG,Justin,24.0,videoFrameJustin.png,0.0,2.0,2.0,1.0,0.0,2.0,2.0,9.0,,,,,1.0,6.603438162000001,,,,,,37,1,2019_Oct_15_1604,FaceNameControl_Picture&Audio,3.0.4,85.0258682
80,FacesBlock2.xlsx,Justin.mp4,Justin.JPG,Justin,24.0,videoFrameJustin.png,0.0,2.0,2.0,1.0,,,,,0.0,4.0,4.0,9.0,,,tyler,"['t', 'y', 'l', 'e', 'r']",0.0,3.0,"[1.7317784009501338, 1.9199747110251337, 2.0618292801082134, 2.296933325007558, 2.4259026900399476]",37,1,2019_Oct_15_1604,FaceNameControl_Picture&Audio,3.0.4,85.0258682
28,FacesBlock4.xlsx,Katie.mp4,Katie.JPG,Katie,56.0,videoFrameKatie.png,0.0,0.0,0.0,3.0,,,,,0.0,12.0,12.0,11.0,,,Alyssa,"['lshift', 'a', 'l', 'y', 's', 's', 'a']",0.0,1.0,"[5.070442130789161, 5.190702573861927, 5.3781781629659235, 5.66104856482707, 6.1670586238615215, 6.331463439855725, 6.414149289950728]",37,1,2019_Oct_15_1604,FaceNameControl_Picture&Audio,3.0.4,85.0258682
5,FacesBlock4.xlsx,Katie.mp4,Katie.JPG,Katie,56.0,videoFrameKatie.png,0.0,0.0,0.0,3.0,0.0,4.0,4.0,11.0,,,,,2.0,1.355747896,,,,,,37,1,2019_Oct_15_1604,FaceNameControl_Picture&Audio,3.0.4,85.0258682
106,FacesBlock3.xlsx,Kayla.mp4,Kayla.JPG,Kayla,33.0,videoFrameKayla.png,0.0,3.0,3.0,2.0,,,,,0.0,0.0,0.0,3.0,,,kayla,"['k', 'a', 'y', 'a', 'backspace', 'l', 'a']",1.0,2.0,"[3.1673382450826466, 3.472597796935588, 3.88460481306538, 4.766674993094057, 5.423620688030496, 5.776761589106172, 5.849033081904054]",37,1,2019_Oct_15_1604,FaceNameControl_Picture&Audio,3.0.4,85.0258682
99,FacesBlock3.xlsx,Kayla.mp4,Kayla.JPG,Kayla,33.0,videoFrameKayla.png,0.0,3.0,3.0,2.0,0.0,8.0,8.0,3.0,,,,,2.0,5.3677096980000005,,,,,,37,1,2019_Oct_15_1604,FaceNameControl_Picture&Audio,3.0.4,85.0258682
59,FacesBlock1.xlsx,Kelsey.mp4,Kelsey.JPG,Kelsey,10.0,videoFrameKelsey.png,0.0,1.0,1.0,0.0,,,,,0.0,13.0,13.0,10.0,,,kelsey,"['k', 'e', 'l', 's', 'e', 'y']",1.0,4.0,"[1.3656351289246231, 1.4964851229451597, 1.614267579978332, 1.7433855410199612, 1.908736898098141, 2.0379189930390567]",37,1,2019_Oct_15_1604,FaceNameControl_Picture&Audio,3.0.4,85.0258682
39,FacesBlock1.xlsx,Kelsey.mp4,Kelsey.JPG,Kelsey,10.0,videoFrameKelsey.png,0.0,1.0,1.0,0.0,0.0,8.0,8.0,10.0,,,,,2.0,0.7324508470000001,,,,,,37,1,2019_Oct_15_1604,FaceNameControl_Picture&Audio,3.0.4,85.0258682
100,FacesBlock3.xlsx,Kevin.mp4,Kevin.JPG,Kevin,34.0,videoFrameKevin.png,0.0,3.0,3.0,2.0,0.0,9.0,9.0,4.0,,,,,1.0,3.638220387,,,,,,37,1,2019_Oct_15_1604,FaceNameControl_Picture&Audio,3.0.4,85.0258682
107,FacesBlock3.xlsx,Kevin.mp4,Kevin.JPG,Kevin,34.0,videoFrameKevin.png,0.0,3.0,3.0,2.0,,,,,0.0,1.0,1.0,4.0,,,kevin,"['k', 'e', 'v', 'i', 'n']",1.0,4.0,"[1.7554269479587674, 1.8847790861036628, 2.0962195310276, 2.166951622115448, 2.2850694691296667]",37,1,2019_Oct_15_1604,FaceNameControl_Picture&Audio,3.0.4,85.0258682
33,FacesBlock1.xlsx,Kyle.mp4,Kyle.JPG,Kyle,11.0,videoFrameKyle.png,0.0,1.0,1.0,0.0,0.0,2.0,2.0,11.0,,,,,1.0,1.388680184,,,,,,37,1,2019_Oct_15_1604,FaceNameControl_Picture&Audio,3.0.4,85.0258682
55,FacesBlock1.xlsx,Kyle.mp4,Kyle.JPG,Kyle,11.0,videoFrameKyle.png,0.0,1.0,1.0,0.0,,,,,0.0,9.0,9.0,11.0,,,kyle,"['k', 'y', 'l', 'e']",1.0,2.0,"[2.037997579900548, 2.11818778491579, 3.025122077902779, 3.1435849720146507]",37,1,2019_Oct_15_1604,FaceNameControl_Picture&Audio,3.0.4,85.0258682
109,FacesBlock3.xlsx,Lauren.mp4,Lauren.JPG,Lauren,35.0,videoFrameLauren.png,0.0,3.0,3.0,2.0,,,,,0.0,3.0,3.0,5.0,,,lauren,"['l', 'a', 'u', 'r', 'e', 'n']",1.0,4.0,"[2.225711905164644, 2.308469319017604, 2.4847809839993715, 2.6146774149965495, 2.6851074390579015, 2.8381215361878276]",37,1,2019_Oct_15_1604,FaceNameControl_Picture&Audio,3.0.4,85.0258682
91,FacesBlock3.xlsx,Lauren.mp4,Lauren.JPG,Lauren,35.0,videoFrameLauren.png,0.0,3.0,3.0,2.0,0.0,0.0,0.0,5.0,,,,,2.0,8.121242731,,,,,,37,1,2019_Oct_15_1604,FaceNameControl_Picture&Audio,3.0.4,85.0258682
119,FacesBlock3.xlsx,Mark.mp4,Mark.JPG,Mark,36.0,videoFrameMark.png,0.0,3.0,3.0,2.0,,,,,0.0,13.0,13.0,6.0,,,mat,"['m', 'a', 't']",0.0,2.0,"[6.285051855025813, 6.355443431995809, 6.5792312358971685]",37,1,2019_Oct_15_1604,FaceNameControl_Picture&Audio,3.0.4,85.0258682
94,FacesBlock3.xlsx,Mark.mp4,Mark.JPG,Mark,36.0,videoFrameMark.png,0.0,3.0,3.0,2.0,0.0,3.0,3.0,6.0,,,,,1.0,5.57896509,,,,,,37,1,2019_Oct_15_1604,FaceNameControl_Picture&Audio,3.0.4,85.0258682
34,FacesBlock1.xlsx,Matthew.mp4,Matthew.JPG,Matthew,12.0,videoFrameMatthew.png,0.0,1.0,1.0,0.0,0.0,3.0,3.0,12.0,,,,,1.0,1.391297655,,,,,,37,1,2019_Oct_15_1604,FaceNameControl_Picture&Audio,3.0.4,85.0258682
57,FacesBlock1.xlsx,Matthew.mp4,Matthew.JPG,Matthew,12.0,videoFrameMatthew.png,0.0,1.0,1.0,0.0,,,,,0.0,11.0,11.0,12.0,,,kyle,"['k', 'y', 'l', 'e']",0.0,1.0,"[4.5316193259786814, 4.861323260935023, 5.695758210960776, 5.9310808789450675]",37,1,2019_Oct_15_1604,FaceNameControl_Picture&Audio,3.0.4,85.0258682
62,FacesBlock2.xlsx,Megan.mp4,Megan.JPG,Megan,25.0,videoFrameMegan.png,0.0,2.0,2.0,1.0,0.0,1.0,1.0,10.0,,,,,2.0,10.8626173,,,,,,37,1,2019_Oct_15_1604,FaceNameControl_Picture&Audio,3.0.4,85.0258682
85,FacesBlock2.xlsx,Megan.mp4,Megan.JPG,Megan,25.0,videoFrameMegan.png,0.0,2.0,2.0,1.0,,,,,0.0,9.0,9.0,10.0,,,megan,"['m', 'e', 'g', 'a', 'n']",1.0,4.0,"[1.566417875001207, 1.7431165049783885, 1.9312007410917431, 2.2367625921033323, 2.366160717094317]",37,1,2019_Oct_15_1604,FaceNameControl_Picture&Audio,3.0.4,85.0258682
3,FacesBlock4.xlsx,Michael.mp4,Michael.JPG,Michael,57.0,videoFrameMichael.png,0.0,0.0,0.0,3.0,0.0,2.0,2.0,12.0,,,,,1.0,0.5793090160000001,,,,,,37,1,2019_Oct_15_1604,FaceNameControl_Picture&Audio,3.0.4,85.0258682
17,FacesBlock4.xlsx,Michael.mp4,Michael.JPG,Michael,57.0,videoFrameMichael.png,0.0,0.0,0.0,3.0,,,,,0.0,1.0,1.0,12.0,,,Brandon,"['lshift', 'b', 'r', 'a', 'n', 'd', 'o', 'n', 'return']",0.0,1.0,"[1.9305201680399477, 2.1649929580744356, 2.319589609047398, 3.131622579181567, 3.261277848156169, 3.414042339194566, 3.6016580970026553, 3.7649942780844867, 4.308304011123255]",37,1,2019_Oct_15_1604,FaceNameControl_Picture&Audio,3.0.4,85.0258682
8,FacesBlock4.xlsx,Michelle.mp4,Michelle.JPG,Michelle,58.0,videoFrameMichelle.png,0.0,0.0,0.0,3.0,0.0,7.0,7.0,13.0,,,,,2.0,0.6380134440999999,,,,,,37,1,2019_Oct_15_1604,FaceNameControl_Picture&Audio,3.0.4,85.0258682
23,FacesBlock4.xlsx,Michelle.mp4,Michelle.JPG,Michelle,58.0,videoFrameMichelle.png,0.0,0.0,0.0,3.0,,,,,0.0,7.0,7.0,13.0,,,Grace,"['lshift', 'g', 'r', 'a', 'c', 'e']",0.0,1.0,"[5.765762818977237, 5.931693865917623, 6.118978485930711, 6.307826699921861, 6.778050163993612, 6.942781534045935]",37,1,2019_Oct_15_1604,FaceNameControl_Picture&Audio,3.0.4,85.0258682
41,FacesBlock1.xlsx,Natalie.mp4,Natalie.JPG,Natalie,13.0,videoFrameNatalie.png,0.0,1.0,1.0,0.0,0.0,10.0,10.0,13.0,,,,,2.0,0.9675681852,,,,,,37,1,2019_Oct_15_1604,FaceNameControl_Picture&Audio,3.0.4,85.0258682
49,FacesBlock1.xlsx,Natalie.mp4,Natalie.JPG,Natalie,13.0,videoFrameNatalie.png,0.0,1.0,1.0,0.0,,,,,0.0,3.0,3.0,13.0,,,jenna,"['j', 'e', 'n', 'n', 'a', 'return']",0.0,2.0,"[3.473645133897662, 3.684798486996442, 3.9205099348910153, 4.10924146999605, 4.262246313039213, 4.602238098857924]",37,1,2019_Oct_15_1604,FaceNameControl_Picture&Audio,3.0.4,85.0258682
108,FacesBlock3.xlsx,Nathan.mp4,Nathan.JPG,Nathan,37.0,videoFrameNathan.png,0.0,3.0,3.0,2.0,,,,,0.0,2.0,2.0,7.0,,,nathan,"['n', 'a', 't', 'h', 'a', 'n']",1.0,4.0,"[1.7319406950846314, 1.8142532899510115, 2.531686021015048, 2.6611318648792803, 2.92001108196564, 3.084962686058134]",37,1,2019_Oct_15_1604,FaceNameControl_Picture&Audio,3.0.4,85.0258682
98,FacesBlock3.xlsx,Nathan.mp4,Nathan.JPG,Nathan,37.0,videoFrameNathan.png,0.0,3.0,3.0,2.0,0.0,7.0,7.0,7.0,,,,,1.0,5.803512404,,,,,,37,1,2019_Oct_15_1604,FaceNameControl_Picture&Audio,3.0.4,85.0258682
120,FacesBlock3.xlsx,Nicole.mp4,Nicole.JPG,Nicole,38.0,videoFrameNicole.png,0.0,3.0,3.0,2.0,,,,,0.0,14.0,14.0,8.0,,,nicole,"['n', 'i', 'c', 'o', 'l', 'e']",1.0,4.0,"[1.2590039069764316, 1.4250591129530221, 1.5553102809935808, 1.6825807630084455, 1.825854972936213, 1.8839626288972795]",37,1,2019_Oct_15_1604,FaceNameControl_Picture&Audio,3.0.4,85.0258682
102,FacesBlock3.xlsx,Nicole.mp4,Nicole.JPG,Nicole,38.0,videoFrameNicole.png,0.0,3.0,3.0,2.0,0.0,11.0,11.0,8.0,,,,,2.0,3.09706146,,,,,,37,1,2019_Oct_15_1604,FaceNameControl_Picture&Audio,3.0.4,85.0258682
110,FacesBlock3.xlsx,Noah.mp4,Noah.JPG,Noah,39.0,videoFrameNoah.png,0.0,3.0,3.0,2.0,,,,,0.0,4.0,4.0,9.0,,,,None,0.0,1.0,,37,1,2019_Oct_15_1604,FaceNameControl_Picture&Audio,3.0.4,85.0258682
103,FacesBlock3.xlsx,Noah.mp4,Noah.JPG,Noah,39.0,videoFrameNoah.png,0.0,3.0,3.0,2.0,0.0,12.0,12.0,9.0,,,,,1.0,7.486056303,,,,,,37,1,2019_Oct_15_1604,FaceNameControl_Picture&Audio,3.0.4,85.0258682
105,FacesBlock3.xlsx,Olivia.mp4,Olivia.JPG,Olivia,40.0,videoFrameOlivia.png,0.0,3.0,3.0,2.0,0.0,14.0,14.0,10.0,,,,,2.0,2.285610813,,,,,,37,1,2019_Oct_15_1604,FaceNameControl_Picture&Audio,3.0.4,85.0258682
115,FacesBlock3.xlsx,Olivia.mp4,Olivia.JPG,Olivia,40.0,videoFrameOlivia.png,0.0,3.0,3.0,2.0,,,,,0.0,9.0,9.0,10.0,,,olivia,"['o', 'l', 'i', 'v', 'i', 'a']",1.0,4.0,"[1.6735682680737227, 1.849325641989708, 2.061626800103113, 2.1670062569901347, 2.2964009100105613, 2.555803338997066]",37,1,2019_Oct_15_1604,FaceNameControl_Picture&Audio,3.0.4,85.0258682
73,FacesBlock2.xlsx,Rachel.mp4,Rachel.JPG,Rachel,26.0,videoFrameRachel.png,0.0,2.0,2.0,1.0,0.0,12.0,12.0,11.0,,,,,2.0,2.375716965,,,,,,37,1,2019_Oct_15_1604,FaceNameControl_Picture&Audio,3.0.4,85.0258682
89,FacesBlock2.xlsx,Rachel.mp4,Rachel.JPG,Rachel,26.0,videoFrameRachel.png,0.0,2.0,2.0,1.0,,,,,0.0,13.0,13.0,11.0,,,rachel,"['r', 'a', 'c', 'h', 'e', 'l']",1.0,3.0,"[3.2591827968135476, 3.4021194549277425, 3.836789147928357, 4.131572462851182, 4.778859775979072, 5.2258632669691]",37,1,2019_Oct_15_1604,FaceNameControl_Picture&Audio,3.0.4,85.0258682
95,FacesBlock3.xlsx,Rebecca.mp4,Rebecca.JPG,Rebecca,41.0,videoFrameRebecca.png,0.0,3.0,3.0,2.0,0.0,4.0,4.0,11.0,,,,,2.0,4.450512282,,,,,,37,1,2019_Oct_15_1604,FaceNameControl_Picture&Audio,3.0.4,85.0258682
116,FacesBlock3.xlsx,Rebecca.mp4,Rebecca.JPG,Rebecca,41.0,videoFrameRebecca.png,0.0,3.0,3.0,2.0,,,,,0.0,10.0,10.0,11.0,,,,None,0.0,1.0,,37,1,2019_Oct_15_1604,FaceNameControl_Picture&Audio,3.0.4,85.0258682
97,FacesBlock3.xlsx,Sarah.mp4,Sarah.JPG,Sarah,42.0,videoFrameSarah.png,0.0,3.0,3.0,2.0,0.0,6.0,6.0,12.0,,,,,2.0,4.638655007,,,,,,37,1,2019_Oct_15_1604,FaceNameControl_Picture&Audio,3.0.4,85.0258682
113,FacesBlock3.xlsx,Sarah.mp4,Sarah.JPG,Sarah,42.0,videoFrameSarah.png,0.0,3.0,3.0,2.0,,,,,0.0,7.0,7.0,12.0,,,,None,0.0,1.0,,37,1,2019_Oct_15_1604,FaceNameControl_Picture&Audio,3.0.4,85.0258682
118,FacesBlock3.xlsx,Shelby.mp4,Shelby.JPG,Shelby,43.0,videoFrameShelby.png,0.0,3.0,3.0,2.0,,,,,0.0,12.0,12.0,13.0,,,shelby,"['s', 'h', 'e', 'l', 'b', 'y']",1.0,4.0,"[1.2125991529319435, 1.425930503057316, 1.789550757035613, 2.0737286808434874, 2.332158960867673, 2.5565639878623188]",37,1,2019_Oct_15_1604,FaceNameControl_Picture&Audio,3.0.4,85.0258682
93,FacesBlock3.xlsx,Shelby.mp4,Shelby.JPG,Shelby,43.0,videoFrameShelby.png,0.0,3.0,3.0,2.0,0.0,2.0,2.0,13.0,,,,,2.0,9.721379933,,,,,,37,1,2019_Oct_15_1604,FaceNameControl_Picture&Audio,3.0.4,85.0258682
82,FacesBlock2.xlsx,Steven.mp4,Steven.JPG,Steven,27.0,videoFrameSteven.png,0.0,2.0,2.0,1.0,,,,,0.0,6.0,6.0,12.0,,,steven,"['s', 't', 'e', 'v', 'e', 'n']",1.0,4.0,"[1.0143627431243658, 1.249461593106389, 1.6019887030124664, 1.917980395955965, 2.119818801060319, 2.2492932551540434]",37,1,2019_Oct_15_1604,FaceNameControl_Picture&Audio,3.0.4,85.0258682
70,FacesBlock2.xlsx,Steven.mp4,Steven.JPG,Steven,27.0,videoFrameSteven.png,0.0,2.0,2.0,1.0,0.0,9.0,9.0,12.0,,,,,1.0,2.9562050560000004,,,,,,37,1,2019_Oct_15_1604,FaceNameControl_Picture&Audio,3.0.4,85.0258682
12,FacesBlock4.xlsx,Taylor.mp4,Taylor.JPG,Taylor,59.0,videoFrameTaylor.png,0.0,0.0,0.0,3.0,0.0,11.0,11.0,14.0,,,,,2.0,1.097430967,,,,,,37,1,2019_Oct_15_1604,FaceNameControl_Picture&Audio,3.0.4,85.0258682
27,FacesBlock4.xlsx,Taylor.mp4,Taylor.JPG,Taylor,59.0,videoFrameTaylor.png,0.0,0.0,0.0,3.0,,,,,0.0,11.0,11.0,14.0,,,,None,0.0,1.0,,37,1,2019_Oct_15_1604,FaceNameControl_Picture&Audio,3.0.4,85.0258682
101,FacesBlock3.xlsx,Thomas.mp4,Thomas.JPG,Thomas,44.0,videoFrameThomas.png,0.0,3.0,3.0,2.0,0.0,10.0,10.0,14.0,,,,,1.0,4.803168273,,,,,,37,1,2019_Oct_15_1604,FaceNameControl_Picture&Audio,3.0.4,85.0258682
117,FacesBlock3.xlsx,Thomas.mp4,Thomas.JPG,Thomas,44.0,videoFrameThomas.png,0.0,3.0,3.0,2.0,,,,,0.0,11.0,11.0,14.0,,,,None,0.0,1.0,,37,1,2019_Oct_15_1604,FaceNameControl_Picture&Audio,3.0.4,85.0258682
50,FacesBlock1.xlsx,Timothy.mp4,Timothy.JPG,Timothy,14.0,videoFrameTimothy.png,0.0,1.0,1.0,0.0,,,,,0.0,4.0,4.0,14.0,,,timothy,"['k', 'y', 'l', 'e', 'backspace', 'backspace', 'backspace', 'backspace', 'backspace', 't', 'i', 'm', 'o', 't', 'h', 'y']",1.0,4.0,"[2.1559016599785537, 2.2969585079699755, 2.6125915460288525, 2.7794532200787216, 5.213319821981713, 5.3555015220772475, 5.472735152114183, 5.614683232968673, 5.754850277910009, 5.8617130250204355, 6.012444183928892, 6.17973757092841, 6.33233027998358, 6.4150305890943855, 6.837564626941457, 6.965934338979423]",37,1,2019_Oct_15_1604,FaceNameControl_Picture&Audio,3.0.4,85.0258682
44,FacesBlock1.xlsx,Timothy.mp4,Timothy.JPG,Timothy,14.0,videoFrameTimothy.png,0.0,1.0,1.0,0.0,0.0,13.0,13.0,14.0,,,,,1.0,1.76791264,,,,,,37,1,2019_Oct_15_1604,FaceNameControl_Picture&Audio,3.0.4,85.0258682
81,FacesBlock2.xlsx,Trevor.mp4,Trevor.JPG,Trevor,28.0,videoFrameTrevor.png,0.0,2.0,2.0,1.0,,,,,0.0,5.0,5.0,13.0,,,aaron,"['a', 'a', 'o', 'backspace', 'r', 'o', 'n']",0.0,2.0,"[4.827074862783775, 4.967882128898054, 5.203269583871588, 5.825340550858527, 5.956364190904424, 6.344280594959855, 6.509375913999975]",37,1,2019_Oct_15_1604,FaceNameControl_Picture&Audio,3.0.4,85.0258682
74,FacesBlock2.xlsx,Trevor.mp4,Trevor.JPG,Trevor,28.0,videoFrameTrevor.png,0.0,2.0,2.0,1.0,0.0,13.0,13.0,13.0,,,,,1.0,1.93287127,,,,,,37,1,2019_Oct_15_1604,FaceNameControl_Picture&Audio,3.0.4,85.0258682
67,FacesBlock2.xlsx,Tyler.mp4,Tyler.JPG,Tyler,29.0,videoFrameTyler.png,0.0,2.0,2.0,1.0,0.0,6.0,6.0,14.0,,,,,1.0,3.0501633060000004,,,,,,37,1,2019_Oct_15_1604,FaceNameControl_Picture&Audio,3.0.4,85.0258682
87,FacesBlock2.xlsx,Tyler.mp4,Tyler.JPG,Tyler,29.0,videoFrameTyler.png,0.0,2.0,2.0,1.0,,,,,0.0,11.0,11.0,14.0,,,tyler,"['a', 'd', 'backspace', 'backspace', 't', 'y', 'l', 'e', 'r']",1.0,1.0,"[1.9641213051509112, 2.2842240121681243, 3.8013220701832324, 4.001439965097234, 4.437406951095909, 4.5668861591257155, 4.7081730521749705, 4.8720835770946, 5.0022045890800655]",37,1,2019_Oct_15_1604,FaceNameControl_Picture&Audio,3.0.4,85.0258682
0,,,,,,,,,,,,,,,,,,,,,,,,,,37,1,2019_Oct_15_1604,FaceNameControl_Picture&Audio,3.0.4,85.0258682
