,condsFile,Video,Photo,Name,Row,videoFrame,blocks.thisRepN,blocks.thisTrialN,blocks.thisN,blocks.thisIndex,presentations.thisRepN,presentations.thisTrialN,presentations.thisN,presentations.thisIndex,testing.thisRepN,testing.thisTrialN,testing.thisN,testing.thisIndex,judgementResp.keys,judgementResp.rt,inputText,key_resp_3.keys,recallRating_s,key_resp_3.rt,rating_resp.keys,participant,session,date,expName,psychopyVersion,frameRate
107,FacesBlock2.xlsx,Aaron.mp4,Aaron.JPG,Aaron,15.0,videoFrameAaron.png,0.0,3.0,3.0,1.0,,,,,0.0,1.0,1.0,0.0,,,,None,0.0,,1.0,44,1,2019_Oct_18_1100,FaceNameControl_Picture&Audio,3.0.4,85.03033555
96,FacesBlock2.xlsx,Aaron.mp4,Aaron.JPG,Aaron,15.0,videoFrameAaron.png,0.0,3.0,3.0,1.0,0.0,5.0,5.0,0.0,,,,,1.0,1.673223951,,,,,,44,1,2019_Oct_18_1100,FaceNameControl_Picture&Audio,3.0.4,85.03033555
27,FacesBlock1.xlsx,Adam.mp4,Adam.JPG,Adam,0.0,videoFrameAdam.png,0.0,0.0,0.0,0.0,,,,,0.0,11.0,11.0,0.0,,,,None,0.0,,1.0,44,1,2019_Oct_18_1100,FaceNameControl_Picture&Audio,3.0.4,85.03033555
8,FacesBlock1.xlsx,Adam.mp4,Adam.JPG,Adam,0.0,videoFrameAdam.png,0.0,0.0,0.0,0.0,0.0,7.0,7.0,0.0,,,,,1.0,0.42633791990000003,,,,,,44,1,2019_Oct_18_1100,FaceNameControl_Picture&Audio,3.0.4,85.03033555
57,FacesBlock4.xlsx,Alyssa.mp4,Alyssa.JPG,Alyssa,45.0,videoFrameAlyssa.png,0.0,1.0,1.0,3.0,,,,,0.0,11.0,11.0,0.0,,,,None,0.0,,1.0,44,1,2019_Oct_18_1100,FaceNameControl_Picture&Audio,3.0.4,85.03033555
35,FacesBlock4.xlsx,Alyssa.mp4,Alyssa.JPG,Alyssa,45.0,videoFrameAlyssa.png,0.0,1.0,1.0,3.0,0.0,4.0,4.0,0.0,,,,,2.0,0.49666917509999997,,,,,,44,1,2019_Oct_18_1100,FaceNameControl_Picture&Audio,3.0.4,85.03033555
22,FacesBlock1.xlsx,Amanda.mp4,Amanda.JPG,Amanda,1.0,videoFrameAmanda.png,0.0,0.0,0.0,0.0,,,,,0.0,6.0,6.0,1.0,,,,None,0.0,,1.0,44,1,2019_Oct_18_1100,FaceNameControl_Picture&Audio,3.0.4,85.03033555
13,FacesBlock1.xlsx,Amanda.mp4,Amanda.JPG,Amanda,1.0,videoFrameAmanda.png,0.0,0.0,0.0,0.0,0.0,12.0,12.0,1.0,,,,,2.0,0.4146632832,,,,,,44,1,2019_Oct_18_1100,FaceNameControl_Picture&Audio,3.0.4,85.03033555
46,FacesBlock4.xlsx,Andrew.mp4,Andrew.JPG,Andrew,46.0,videoFrameAndrew.png,0.0,1.0,1.0,3.0,,,,,0.0,0.0,0.0,1.0,,,,None,0.0,,1.0,44,1,2019_Oct_18_1100,FaceNameControl_Picture&Audio,3.0.4,85.03033555
32,FacesBlock4.xlsx,Andrew.mp4,Andrew.JPG,Andrew,46.0,videoFrameAndrew.png,0.0,1.0,1.0,3.0,0.0,1.0,1.0,1.0,,,,,1.0,1.12085744,,,,,,44,1,2019_Oct_18_1100,FaceNameControl_Picture&Audio,3.0.4,85.03033555
40,FacesBlock4.xlsx,Anna.mp4,Anna.JPG,Anna,47.0,videoFrameAnna.png,0.0,1.0,1.0,3.0,0.0,9.0,9.0,2.0,,,,,2.0,0.7796559820000001,,,,,,44,1,2019_Oct_18_1100,FaceNameControl_Picture&Audio,3.0.4,85.03033555
54,FacesBlock4.xlsx,Anna.mp4,Anna.JPG,Anna,47.0,videoFrameAnna.png,0.0,1.0,1.0,3.0,,,,,0.0,8.0,8.0,2.0,,,michelle,"['m', 'i', 'c', 'h', 'e', 'l', 'l', 'e']",0.0,"[5.944077929947525, 6.203440916957334, 6.520089534111321, 6.95575635205023, 7.506982652936131, 7.8148306999355555, 8.074442350072786, 8.379720591008663]",1.0,44,1,2019_Oct_18_1100,FaceNameControl_Picture&Audio,3.0.4,85.03033555
102,FacesBlock2.xlsx,Ashley.mp4,Ashley.JPG,Ashley,16.0,videoFrameAshley.png,0.0,3.0,3.0,1.0,0.0,11.0,11.0,1.0,,,,,2.0,0.650631479,,,,,,44,1,2019_Oct_18_1100,FaceNameControl_Picture&Audio,3.0.4,85.03033555
113,FacesBlock2.xlsx,Ashley.mp4,Ashley.JPG,Ashley,16.0,videoFrameAshley.png,0.0,3.0,3.0,1.0,,,,,0.0,7.0,7.0,1.0,,,ashley,"['a', 's', 'h', 'l', 'e', 'y']",1.0,"[4.379247575998306, 4.826763522112742, 5.0618372480385005, 5.579525094013661, 5.837558791041374, 6.108936242060736]",4.0,44,1,2019_Oct_18_1100,FaceNameControl_Picture&Audio,3.0.4,85.03033555
20,FacesBlock1.xlsx,Bradley.mp4,Bradley.JPG,Bradley,2.0,videoFrameBradley.png,0.0,0.0,0.0,0.0,,,,,0.0,4.0,4.0,2.0,,,adam,"['a', 'd', 'a', 'm']",0.0,"[7.459891200996935, 7.555883761961013, 7.743941073073074, 8.038717170013115]",2.0,44,1,2019_Oct_18_1100,FaceNameControl_Picture&Audio,3.0.4,85.03033555
9,FacesBlock1.xlsx,Bradley.mp4,Bradley.JPG,Bradley,2.0,videoFrameBradley.png,0.0,0.0,0.0,0.0,0.0,8.0,8.0,2.0,,,,,1.0,0.47338033890000003,,,,,,44,1,2019_Oct_18_1100,FaceNameControl_Picture&Audio,3.0.4,85.03033555
50,FacesBlock4.xlsx,Brandon.mp4,Brandon.JPG,Brandon,48.0,videoFrameBrandon.png,0.0,1.0,1.0,3.0,,,,,0.0,4.0,4.0,3.0,,,kyle,"['k', 'k', 'backspace', 'y', 'l', 'e']",0.0,"[4.591293029952794, 4.674080129014328, 5.590446688933298, 6.1203951560892165, 6.506347531918436, 6.697674100985751]",1.0,44,1,2019_Oct_18_1100,FaceNameControl_Picture&Audio,3.0.4,85.03033555
45,FacesBlock4.xlsx,Brandon.mp4,Brandon.JPG,Brandon,48.0,videoFrameBrandon.png,0.0,1.0,1.0,3.0,0.0,14.0,14.0,3.0,,,,,1.0,0.5557241179,,,,,,44,1,2019_Oct_18_1100,FaceNameControl_Picture&Audio,3.0.4,85.03033555
49,FacesBlock4.xlsx,Brian.mp4,Brian.JPG,Brian,49.0,videoFrameBrian.png,0.0,1.0,1.0,3.0,,,,,0.0,3.0,3.0,4.0,,,,None,0.0,,1.0,44,1,2019_Oct_18_1100,FaceNameControl_Picture&Audio,3.0.4,85.03033555
39,FacesBlock4.xlsx,Brian.mp4,Brian.JPG,Brian,49.0,videoFrameBrian.png,0.0,1.0,1.0,3.0,0.0,8.0,8.0,4.0,,,,,1.0,0.48528833200000004,,,,,,44,1,2019_Oct_18_1100,FaceNameControl_Picture&Audio,3.0.4,85.03033555
56,FacesBlock4.xlsx,Brianna.mp4,Brianna.JPG,Brianna,50.0,videoFrameBrianna.png,0.0,1.0,1.0,3.0,,,,,0.0,10.0,10.0,5.0,,,,None,0.0,,1.0,44,1,2019_Oct_18_1100,FaceNameControl_Picture&Audio,3.0.4,85.03033555
33,FacesBlock4.xlsx,Brianna.mp4,Brianna.JPG,Brianna,50.0,videoFrameBrianna.png,0.0,1.0,1.0,3.0,0.0,2.0,2.0,5.0,,,,,2.0,0.9914752990000001,,,,,,44,1,2019_Oct_18_1100,FaceNameControl_Picture&Audio,3.0.4,85.03033555
114,FacesBlock2.xlsx,Brittany.mp4,Brittany.JPG,Brittany,17.0,videoFrameBrittany.png,0.0,3.0,3.0,1.0,,,,,0.0,8.0,8.0,2.0,,,,None,0.0,,1.0,44,1,2019_Oct_18_1100,FaceNameControl_Picture&Audio,3.0.4,85.03033555
94,FacesBlock2.xlsx,Brittany.mp4,Brittany.JPG,Brittany,17.0,videoFrameBrittany.png,0.0,3.0,3.0,1.0,0.0,3.0,3.0,2.0,,,,,2.0,0.732697017,,,,,,44,1,2019_Oct_18_1100,FaceNameControl_Picture&Audio,3.0.4,85.03033555
59,FacesBlock4.xlsx,Caleb.mp4,Caleb.JPG,Caleb,51.0,videoFrameCaleb.png,0.0,1.0,1.0,3.0,,,,,0.0,13.0,13.0,6.0,,,,None,0.0,,1.0,44,1,2019_Oct_18_1100,FaceNameControl_Picture&Audio,3.0.4,85.03033555
41,FacesBlock4.xlsx,Caleb.mp4,Caleb.JPG,Caleb,51.0,videoFrameCaleb.png,0.0,1.0,1.0,3.0,0.0,10.0,10.0,6.0,,,,,1.0,0.5562970031000001,,,,,,44,1,2019_Oct_18_1100,FaceNameControl_Picture&Audio,3.0.4,85.03033555
120,FacesBlock2.xlsx,Cody.mp4,Cody.JPG,Cody,18.0,videoFrameCody.png,0.0,3.0,3.0,1.0,,,,,0.0,14.0,14.0,3.0,,,,None,0.0,,1.0,44,1,2019_Oct_18_1100,FaceNameControl_Picture&Audio,3.0.4,85.03033555
103,FacesBlock2.xlsx,Cody.mp4,Cody.JPG,Cody,18.0,videoFrameCody.png,0.0,3.0,3.0,1.0,0.0,12.0,12.0,3.0,,,,,1.0,0.8385894309999999,,,,,,44,1,2019_Oct_18_1100,FaceNameControl_Picture&Audio,3.0.4,85.03033555
65,FacesBlock3.xlsx,Courtney.mp4,Courtney.JPG,Courtney,30.0,videoFrameCourtney.png,0.0,2.0,2.0,2.0,0.0,4.0,4.0,0.0,,,,,2.0,0.553998976,,,,,,44,1,2019_Oct_18_1100,FaceNameControl_Picture&Audio,3.0.4,85.03033555
78,FacesBlock3.xlsx,Courtney.mp4,Courtney.JPG,Courtney,30.0,videoFrameCourtney.png,0.0,2.0,2.0,2.0,,,,,0.0,2.0,2.0,0.0,,,,None,0.0,,1.0,44,1,2019_Oct_18_1100,FaceNameControl_Picture&Audio,3.0.4,85.03033555
82,FacesBlock3.xlsx,Daniel.mp4,Daniel.JPG,Daniel,31.0,videoFrameDaniel.png,0.0,2.0,2.0,2.0,,,,,0.0,6.0,6.0,1.0,,,,None,0.0,,1.0,44,1,2019_Oct_18_1100,FaceNameControl_Picture&Audio,3.0.4,85.03033555
72,FacesBlock3.xlsx,Daniel.mp4,Daniel.JPG,Daniel,31.0,videoFrameDaniel.png,0.0,2.0,2.0,2.0,0.0,11.0,11.0,1.0,,,,,1.0,0.36816820689999996,,,,,,44,1,2019_Oct_18_1100,FaceNameControl_Picture&Audio,3.0.4,85.03033555
24,FacesBlock1.xlsx,Danielle.mp4,Danielle.JPG,Danielle,3.0,videoFrameDanielle.png,0.0,0.0,0.0,0.0,,,,,0.0,8.0,8.0,3.0,,,,None,0.0,,1.0,44,1,2019_Oct_18_1100,FaceNameControl_Picture&Audio,3.0.4,85.03033555
4,FacesBlock1.xlsx,Danielle.mp4,Danielle.JPG,Danielle,3.0,videoFrameDanielle.png,0.0,0.0,0.0,0.0,0.0,3.0,3.0,3.0,,,,,2.0,0.3088351469,,,,,,44,1,2019_Oct_18_1100,FaceNameControl_Picture&Audio,3.0.4,85.03033555
97,FacesBlock2.xlsx,David.mp4,David.JPG,David,19.0,videoFrameDavid.png,0.0,3.0,3.0,1.0,0.0,6.0,6.0,4.0,,,,,1.0,0.6271625471,,,,,,44,1,2019_Oct_18_1100,FaceNameControl_Picture&Audio,3.0.4,85.03033555
112,FacesBlock2.xlsx,David.mp4,David.JPG,David,19.0,videoFrameDavid.png,0.0,3.0,3.0,1.0,,,,,0.0,6.0,6.0,4.0,,,,None,0.0,,1.0,44,1,2019_Oct_18_1100,FaceNameControl_Picture&Audio,3.0.4,85.03033555
38,FacesBlock4.xlsx,Dylan.mp4,Dylan.JPG,Dylan,52.0,videoFrameDylan.png,0.0,1.0,1.0,3.0,0.0,7.0,7.0,7.0,,,,,1.0,0.6028329669,,,,,,44,1,2019_Oct_18_1100,FaceNameControl_Picture&Audio,3.0.4,85.03033555
53,FacesBlock4.xlsx,Dylan.mp4,Dylan.JPG,Dylan,52.0,videoFrameDylan.png,0.0,1.0,1.0,3.0,,,,,0.0,7.0,7.0,7.0,,,caleb,"['c', 'a', 'l', 'e', 'b']",0.0,"[5.166878001997247, 5.461196664022282, 5.73250830010511, 5.955211533000693, 7.2148047629743814]",1.0,44,1,2019_Oct_18_1100,FaceNameControl_Picture&Audio,3.0.4,85.03033555
47,FacesBlock4.xlsx,Emily.mp4,Emily.JPG,Emily,53.0,videoFrameEmily.png,0.0,1.0,1.0,3.0,,,,,0.0,1.0,1.0,8.0,,,anna,"['a', 'n', 'n', 'a']",0.0,"[3.87244318285957, 4.2966087779495865, 4.493931747041643, 4.743203297024593]",1.0,44,1,2019_Oct_18_1100,FaceNameControl_Picture&Audio,3.0.4,85.03033555
36,FacesBlock4.xlsx,Emily.mp4,Emily.JPG,Emily,53.0,videoFrameEmily.png,0.0,1.0,1.0,3.0,0.0,5.0,5.0,8.0,,,,,2.0,0.5094001731000001,,,,,,44,1,2019_Oct_18_1100,FaceNameControl_Picture&Audio,3.0.4,85.03033555
12,FacesBlock1.xlsx,Eric.mp4,Eric.JPG,Eric,4.0,videoFrameEric.png,0.0,0.0,0.0,0.0,0.0,11.0,11.0,4.0,,,,,1.0,0.602167502,,,,,,44,1,2019_Oct_18_1100,FaceNameControl_Picture&Audio,3.0.4,85.03033555
19,FacesBlock1.xlsx,Eric.mp4,Eric.JPG,Eric,4.0,videoFrameEric.png,0.0,0.0,0.0,0.0,,,,,0.0,3.0,3.0,4.0,,,adam,"['a', 'd', 'a', 'm']",0.0,"[7.331485101953149, 7.520071726059541, 7.696932496037334, 7.896896505029872]",1.0,44,1,2019_Oct_18_1100,FaceNameControl_Picture&Audio,3.0.4,85.03033555
5,FacesBlock1.xlsx,Ethan.mp4,Ethan.JPG,Ethan,5.0,videoFrameEthan.png,0.0,0.0,0.0,0.0,0.0,4.0,4.0,5.0,,,,,1.0,0.3562800901,,,,,,44,1,2019_Oct_18_1100,FaceNameControl_Picture&Audio,3.0.4,85.03033555
25,FacesBlock1.xlsx,Ethan.mp4,Ethan.JPG,Ethan,5.0,videoFrameEthan.png,0.0,0.0,0.0,0.0,,,,,0.0,9.0,9.0,5.0,,,dylan,"['d', 'y', 'l', 'a', 'n']",0.0,"[5.284808330005035, 5.626050165854394, 6.402130764909089, 6.859153898898512, 7.249692622805014]",1.0,44,1,2019_Oct_18_1100,FaceNameControl_Picture&Audio,3.0.4,85.03033555
52,FacesBlock4.xlsx,Grace.mp4,Grace.JPG,Grace,54.0,videoFrameGrace.png,0.0,1.0,1.0,3.0,,,,,0.0,6.0,6.0,9.0,,,,None,0.0,,1.0,44,1,2019_Oct_18_1100,FaceNameControl_Picture&Audio,3.0.4,85.03033555
42,FacesBlock4.xlsx,Grace.mp4,Grace.JPG,Grace,54.0,videoFrameGrace.png,0.0,1.0,1.0,3.0,0.0,11.0,11.0,9.0,,,,,2.0,0.9329821561,,,,,,44,1,2019_Oct_18_1100,FaceNameControl_Picture&Audio,3.0.4,85.03033555
119,FacesBlock2.xlsx,Haley.mp4,Haley.JPG,Haley,20.0,videoFrameHaley.png,0.0,3.0,3.0,1.0,,,,,0.0,13.0,13.0,5.0,,,haley,"['h', 'a', 'l', 'e', 'y']",1.0,"[2.9436469438951463, 3.1792879300192, 3.5321726219262928, 3.7556327709462494, 4.567342913011089]",4.0,44,1,2019_Oct_18_1100,FaceNameControl_Picture&Audio,3.0.4,85.03033555
92,FacesBlock2.xlsx,Haley.mp4,Haley.JPG,Haley,20.0,videoFrameHaley.png,0.0,3.0,3.0,1.0,0.0,1.0,1.0,5.0,,,,,2.0,0.8494606889,,,,,,44,1,2019_Oct_18_1100,FaceNameControl_Picture&Audio,3.0.4,85.03033555
7,FacesBlock1.xlsx,Hannah.mp4,Hannah.JPG,Hannah,6.0,videoFrameHannah.png,0.0,0.0,0.0,0.0,0.0,6.0,6.0,6.0,,,,,2.0,0.32020770390000003,,,,,,44,1,2019_Oct_18_1100,FaceNameControl_Picture&Audio,3.0.4,85.03033555
23,FacesBlock1.xlsx,Hannah.mp4,Hannah.JPG,Hannah,6.0,videoFrameHannah.png,0.0,0.0,0.0,0.0,,,,,0.0,7.0,7.0,6.0,,,kelsey,"['k', 'e', 'l', 's', 'e', 'y']",0.0,"[4.918076497968286, 5.097094788914546, 5.437635950976983, 5.696596988942474, 6.15504833497107, 6.414830713067204]",1.0,44,1,2019_Oct_18_1100,FaceNameControl_Picture&Audio,3.0.4,85.03033555
99,FacesBlock2.xlsx,Heather.mp4,Heather.JPG,Heather,21.0,videoFrameHeather.png,0.0,3.0,3.0,1.0,0.0,8.0,8.0,6.0,,,,,2.0,0.5671553011,,,,,,44,1,2019_Oct_18_1100,FaceNameControl_Picture&Audio,3.0.4,85.03033555
110,FacesBlock2.xlsx,Heather.mp4,Heather.JPG,Heather,21.0,videoFrameHeather.png,0.0,3.0,3.0,1.0,,,,,0.0,4.0,4.0,6.0,,,,None,0.0,,1.0,44,1,2019_Oct_18_1100,FaceNameControl_Picture&Audio,3.0.4,85.03033555
66,FacesBlock3.xlsx,Jacob.mp4,Jacob.JPG,Jacob,32.0,videoFrameJacob.png,0.0,2.0,2.0,2.0,0.0,5.0,5.0,2.0,,,,,1.0,0.6857164912,,,,,,44,1,2019_Oct_18_1100,FaceNameControl_Picture&Audio,3.0.4,85.03033555
77,FacesBlock3.xlsx,Jacob.mp4,Jacob.JPG,Jacob,32.0,videoFrameJacob.png,0.0,2.0,2.0,2.0,,,,,0.0,1.0,1.0,2.0,,,jacob,"['j', 'a', 'c', 'o', 'b']",1.0,"[2.272909272927791, 2.484740952961147, 2.9435850619338453, 3.143452210817486, 3.567064319970086]",3.0,44,1,2019_Oct_18_1100,FaceNameControl_Picture&Audio,3.0.4,85.03033555
48,FacesBlock4.xlsx,Jason.mp4,Jason.JPG,Jason,55.0,videoFrameJason.png,0.0,1.0,1.0,3.0,,,,,0.0,2.0,2.0,10.0,,,brandon,"['b', 'r', 'a', 'n', 'd', 'o', 'n']",0.0,"[6.320075747091323, 6.4730159640312195, 6.81385200493969, 6.955369716975838, 7.143680673092604, 7.3196474181022495, 7.601816099137068]",1.0,44,1,2019_Oct_18_1100,FaceNameControl_Picture&Audio,3.0.4,85.03033555
34,FacesBlock4.xlsx,Jason.mp4,Jason.JPG,Jason,55.0,videoFrameJason.png,0.0,1.0,1.0,3.0,0.0,3.0,3.0,10.0,,,,,1.0,0.531867655,,,,,,44,1,2019_Oct_18_1100,FaceNameControl_Picture&Audio,3.0.4,85.03033555
6,FacesBlock1.xlsx,Jenna.mp4,Jenna.JPG,Jenna,7.0,videoFrameJenna.png,0.0,0.0,0.0,0.0,0.0,5.0,5.0,7.0,,,,,2.0,0.2966236789,,,,,,44,1,2019_Oct_18_1100,FaceNameControl_Picture&Audio,3.0.4,85.03033555
18,FacesBlock1.xlsx,Jenna.mp4,Jenna.JPG,Jenna,7.0,videoFrameJenna.png,0.0,0.0,0.0,0.0,,,,,0.0,2.0,2.0,7.0,,,jenna,"['j', 'e', 'n', 'n', 'a']",1.0,"[5.320461850846186, 5.520393857965246, 5.743419324979186, 5.906820027856156, 6.307986102998257]",1.0,44,1,2019_Oct_18_1100,FaceNameControl_Picture&Audio,3.0.4,85.03033555
117,FacesBlock2.xlsx,Jeremy.mp4,Jeremy.JPG,Jeremy,22.0,videoFrameJeremy.png,0.0,3.0,3.0,1.0,,,,,0.0,11.0,11.0,7.0,,,,None,0.0,,1.0,44,1,2019_Oct_18_1100,FaceNameControl_Picture&Audio,3.0.4,85.03033555
95,FacesBlock2.xlsx,Jeremy.mp4,Jeremy.JPG,Jeremy,22.0,videoFrameJeremy.png,0.0,3.0,3.0,1.0,0.0,4.0,4.0,7.0,,,,,1.0,0.8028689951000001,,,,,,44,1,2019_Oct_18_1100,FaceNameControl_Picture&Audio,3.0.4,85.03033555
1,FacesBlock1.xlsx,Jessica.mp4,Jessica.JPG,Jessica,8.0,videoFrameJessica.png,0.0,0.0,0.0,0.0,0.0,0.0,0.0,8.0,,,,,2.0,0.743569281,,,,,,44,1,2019_Oct_18_1100,FaceNameControl_Picture&Audio,3.0.4,85.03033555
16,FacesBlock1.xlsx,Jessica.mp4,Jessica.JPG,Jessica,8.0,videoFrameJessica.png,0.0,0.0,0.0,0.0,,,,,0.0,0.0,0.0,8.0,,,a,"['capslock', 'a']",0.0,"[8.82484800205566, 9.178947163978592]",1.0,44,1,2019_Oct_18_1100,FaceNameControl_Picture&Audio,3.0.4,85.03033555
115,FacesBlock2.xlsx,Josh.mp4,Josh.JPG,Josh,23.0,videoFrameJosh.png,0.0,3.0,3.0,1.0,,,,,0.0,9.0,9.0,8.0,,,josh,"['j', 'o', 's', 'h']",1.0,"[2.3669425728730857, 2.50830086087808, 2.7202019880060107, 3.1201111688278615]",4.0,44,1,2019_Oct_18_1100,FaceNameControl_Picture&Audio,3.0.4,85.03033555
93,FacesBlock2.xlsx,Josh.mp4,Josh.JPG,Josh,23.0,videoFrameJosh.png,0.0,3.0,3.0,1.0,0.0,2.0,2.0,8.0,,,,,1.0,0.8974829388,,,,,,44,1,2019_Oct_18_1100,FaceNameControl_Picture&Audio,3.0.4,85.03033555
14,FacesBlock1.xlsx,Julia.mp4,Julia.JPG,Julia,9.0,videoFrameJulia.png,0.0,0.0,0.0,0.0,0.0,13.0,13.0,9.0,,,,,2.0,0.5792286149,,,,,,44,1,2019_Oct_18_1100,FaceNameControl_Picture&Audio,3.0.4,85.03033555
28,FacesBlock1.xlsx,Julia.mp4,Julia.JPG,Julia,9.0,videoFrameJulia.png,0.0,0.0,0.0,0.0,,,,,0.0,12.0,12.0,9.0,,,julia,"['j', 'u', 'l', 'i', 'a']",1.0,"[2.0851870698388666, 2.5550785488449037, 3.0968905889894813, 3.5441480688750744, 3.814313660841435]",3.0,44,1,2019_Oct_18_1100,FaceNameControl_Picture&Audio,3.0.4,85.03033555
101,FacesBlock2.xlsx,Justin.mp4,Justin.JPG,Justin,24.0,videoFrameJustin.png,0.0,3.0,3.0,1.0,0.0,10.0,10.0,9.0,,,,,1.0,0.7792338701,,,,,,44,1,2019_Oct_18_1100,FaceNameControl_Picture&Audio,3.0.4,85.03033555
108,FacesBlock2.xlsx,Justin.mp4,Justin.JPG,Justin,24.0,videoFrameJustin.png,0.0,3.0,3.0,1.0,,,,,0.0,2.0,2.0,9.0,,,,None,0.0,,1.0,44,1,2019_Oct_18_1100,FaceNameControl_Picture&Audio,3.0.4,85.03033555
43,FacesBlock4.xlsx,Katie.mp4,Katie.JPG,Katie,56.0,videoFrameKatie.png,0.0,1.0,1.0,3.0,0.0,12.0,12.0,11.0,,,,,2.0,0.5329313609,,,,,,44,1,2019_Oct_18_1100,FaceNameControl_Picture&Audio,3.0.4,85.03033555
58,FacesBlock4.xlsx,Katie.mp4,Katie.JPG,Katie,56.0,videoFrameKatie.png,0.0,1.0,1.0,3.0,,,,,0.0,12.0,12.0,11.0,,,,None,0.0,,1.0,44,1,2019_Oct_18_1100,FaceNameControl_Picture&Audio,3.0.4,85.03033555
69,FacesBlock3.xlsx,Kayla.mp4,Kayla.JPG,Kayla,33.0,videoFrameKayla.png,0.0,2.0,2.0,2.0,0.0,8.0,8.0,3.0,,,,,2.0,0.980330101,,,,,,44,1,2019_Oct_18_1100,FaceNameControl_Picture&Audio,3.0.4,85.03033555
87,FacesBlock3.xlsx,Kayla.mp4,Kayla.JPG,Kayla,33.0,videoFrameKayla.png,0.0,2.0,2.0,2.0,,,,,0.0,11.0,11.0,3.0,,,,None,0.0,,1.0,44,1,2019_Oct_18_1100,FaceNameControl_Picture&Audio,3.0.4,85.03033555
2,FacesBlock1.xlsx,Kelsey.mp4,Kelsey.JPG,Kelsey,10.0,videoFrameKelsey.png,0.0,0.0,0.0,0.0,0.0,1.0,1.0,10.0,,,,,2.0,0.49639028399999996,,,,,,44,1,2019_Oct_18_1100,FaceNameControl_Picture&Audio,3.0.4,85.03033555
29,FacesBlock1.xlsx,Kelsey.mp4,Kelsey.JPG,Kelsey,10.0,videoFrameKelsey.png,0.0,0.0,0.0,0.0,,,,,0.0,13.0,13.0,10.0,,,,None,0.0,,1.0,44,1,2019_Oct_18_1100,FaceNameControl_Picture&Audio,3.0.4,85.03033555
73,FacesBlock3.xlsx,Kevin.mp4,Kevin.JPG,Kevin,34.0,videoFrameKevin.png,0.0,2.0,2.0,2.0,0.0,12.0,12.0,4.0,,,,,1.0,0.79150631,,,,,,44,1,2019_Oct_18_1100,FaceNameControl_Picture&Audio,3.0.4,85.03033555
76,FacesBlock3.xlsx,Kevin.mp4,Kevin.JPG,Kevin,34.0,videoFrameKevin.png,0.0,2.0,2.0,2.0,,,,,0.0,0.0,0.0,4.0,,,,None,0.0,,1.0,44,1,2019_Oct_18_1100,FaceNameControl_Picture&Audio,3.0.4,85.03033555
17,FacesBlock1.xlsx,Kyle.mp4,Kyle.JPG,Kyle,11.0,videoFrameKyle.png,0.0,0.0,0.0,0.0,,,,,0.0,1.0,1.0,11.0,,,kyle,"['k', 'y', 'l', 'e']",1.0,"[4.7448563820216805, 4.896672796923667, 5.2146615230012685, 5.438139714067802]",1.0,44,1,2019_Oct_18_1100,FaceNameControl_Picture&Audio,3.0.4,85.03033555
10,FacesBlock1.xlsx,Kyle.mp4,Kyle.JPG,Kyle,11.0,videoFrameKyle.png,0.0,0.0,0.0,0.0,0.0,9.0,9.0,11.0,,,,,1.0,0.46137479200000003,,,,,,44,1,2019_Oct_18_1100,FaceNameControl_Picture&Audio,3.0.4,85.03033555
64,FacesBlock3.xlsx,Lauren.mp4,Lauren.JPG,Lauren,35.0,videoFrameLauren.png,0.0,2.0,2.0,2.0,0.0,3.0,3.0,5.0,,,,,2.0,0.850239889,,,,,,44,1,2019_Oct_18_1100,FaceNameControl_Picture&Audio,3.0.4,85.03033555
81,FacesBlock3.xlsx,Lauren.mp4,Lauren.JPG,Lauren,35.0,videoFrameLauren.png,0.0,2.0,2.0,2.0,,,,,0.0,5.0,5.0,5.0,,,,None,0.0,,1.0,44,1,2019_Oct_18_1100,FaceNameControl_Picture&Audio,3.0.4,85.03033555
86,FacesBlock3.xlsx,Mark.mp4,Mark.JPG,Mark,36.0,videoFrameMark.png,0.0,2.0,2.0,2.0,,,,,0.0,10.0,10.0,6.0,,,,None,0.0,,1.0,44,1,2019_Oct_18_1100,FaceNameControl_Picture&Audio,3.0.4,85.03033555
67,FacesBlock3.xlsx,Mark.mp4,Mark.JPG,Mark,36.0,videoFrameMark.png,0.0,2.0,2.0,2.0,0.0,6.0,6.0,6.0,,,,,1.0,0.6126670758,,,,,,44,1,2019_Oct_18_1100,FaceNameControl_Picture&Audio,3.0.4,85.03033555
21,FacesBlock1.xlsx,Matthew.mp4,Matthew.JPG,Matthew,12.0,videoFrameMatthew.png,0.0,0.0,0.0,0.0,,,,,0.0,5.0,5.0,12.0,,,,None,0.0,,1.0,44,1,2019_Oct_18_1100,FaceNameControl_Picture&Audio,3.0.4,85.03033555
15,FacesBlock1.xlsx,Matthew.mp4,Matthew.JPG,Matthew,12.0,videoFrameMatthew.png,0.0,0.0,0.0,0.0,0.0,14.0,14.0,12.0,,,,,1.0,0.4972514731,,,,,,44,1,2019_Oct_18_1100,FaceNameControl_Picture&Audio,3.0.4,85.03033555
104,FacesBlock2.xlsx,Megan.mp4,Megan.JPG,Megan,25.0,videoFrameMegan.png,0.0,3.0,3.0,1.0,0.0,13.0,13.0,10.0,,,,,2.0,0.6264873049,,,,,,44,1,2019_Oct_18_1100,FaceNameControl_Picture&Audio,3.0.4,85.03033555
109,FacesBlock2.xlsx,Megan.mp4,Megan.JPG,Megan,25.0,videoFrameMegan.png,0.0,3.0,3.0,1.0,,,,,0.0,3.0,3.0,10.0,,,britney,"['b', 'r', 'i', 't', 'n', 'e', 'y']",0.0,"[1.6972150390502065, 1.944530569948256, 2.3445977258961648, 2.567893072962761, 2.8262553510721773, 3.2844806308858097, 3.602387120015919]",3.0,44,1,2019_Oct_18_1100,FaceNameControl_Picture&Audio,3.0.4,85.03033555
44,FacesBlock4.xlsx,Michael.mp4,Michael.JPG,Michael,57.0,videoFrameMichael.png,0.0,1.0,1.0,3.0,0.0,13.0,13.0,12.0,,,,,1.0,0.4856920391,,,,,,44,1,2019_Oct_18_1100,FaceNameControl_Picture&Audio,3.0.4,85.03033555
51,FacesBlock4.xlsx,Michael.mp4,Michael.JPG,Michael,57.0,videoFrameMichael.png,0.0,1.0,1.0,3.0,,,,,0.0,5.0,5.0,12.0,,,andrea,"['a', 'n', 'd', 'r', 'e', 'a']",0.0,"[2.199841703986749, 2.7668286501429975, 2.967089273966849, 3.437082221964374, 3.978611773112789, 4.57855249196291]",1.0,44,1,2019_Oct_18_1100,FaceNameControl_Picture&Audio,3.0.4,85.03033555
55,FacesBlock4.xlsx,Michelle.mp4,Michelle.JPG,Michelle,58.0,videoFrameMichelle.png,0.0,1.0,1.0,3.0,,,,,0.0,9.0,9.0,13.0,,,michelle,"['m', 'i', 'c', 'h', 'e', 'l', 'l', 'e']",1.0,"[1.791309196036309, 1.9198945509269834, 2.1208260080311447, 2.2733009080402553, 2.6380183259025216, 3.0383581479545683, 3.214776450069621, 3.3679994989652187]",4.0,44,1,2019_Oct_18_1100,FaceNameControl_Picture&Audio,3.0.4,85.03033555
31,FacesBlock4.xlsx,Michelle.mp4,Michelle.JPG,Michelle,58.0,videoFrameMichelle.png,0.0,1.0,1.0,3.0,0.0,0.0,0.0,13.0,,,,,2.0,1.744363866,,,,,,44,1,2019_Oct_18_1100,FaceNameControl_Picture&Audio,3.0.4,85.03033555
11,FacesBlock1.xlsx,Natalie.mp4,Natalie.JPG,Natalie,13.0,videoFrameNatalie.png,0.0,0.0,0.0,0.0,0.0,10.0,10.0,13.0,,,,,2.0,0.47393675679999997,,,,,,44,1,2019_Oct_18_1100,FaceNameControl_Picture&Audio,3.0.4,85.03033555
30,FacesBlock1.xlsx,Natalie.mp4,Natalie.JPG,Natalie,13.0,videoFrameNatalie.png,0.0,0.0,0.0,0.0,,,,,0.0,14.0,14.0,13.0,,,,None,0.0,,1.0,44,1,2019_Oct_18_1100,FaceNameControl_Picture&Audio,3.0.4,85.03033555
74,FacesBlock3.xlsx,Nathan.mp4,Nathan.JPG,Nathan,37.0,videoFrameNathan.png,0.0,2.0,2.0,2.0,0.0,13.0,13.0,7.0,,,,,1.0,0.5440688101,,,,,,44,1,2019_Oct_18_1100,FaceNameControl_Picture&Audio,3.0.4,85.03033555
85,FacesBlock3.xlsx,Nathan.mp4,Nathan.JPG,Nathan,37.0,videoFrameNathan.png,0.0,2.0,2.0,2.0,,,,,0.0,9.0,9.0,7.0,,,,None,0.0,,1.0,44,1,2019_Oct_18_1100,FaceNameControl_Picture&Audio,3.0.4,85.03033555
84,FacesBlock3.xlsx,Nicole.mp4,Nicole.JPG,Nicole,38.0,videoFrameNicole.png,0.0,2.0,2.0,2.0,,,,,0.0,8.0,8.0,8.0,,,,None,0.0,,1.0,44,1,2019_Oct_18_1100,FaceNameControl_Picture&Audio,3.0.4,85.03033555
61,FacesBlock3.xlsx,Nicole.mp4,Nicole.JPG,Nicole,38.0,videoFrameNicole.png,0.0,2.0,2.0,2.0,0.0,0.0,0.0,8.0,,,,,2.0,1.268134498,,,,,,44,1,2019_Oct_18_1100,FaceNameControl_Picture&Audio,3.0.4,85.03033555
80,FacesBlock3.xlsx,Noah.mp4,Noah.JPG,Noah,39.0,videoFrameNoah.png,0.0,2.0,2.0,2.0,,,,,0.0,4.0,4.0,9.0,,,,None,0.0,,1.0,44,1,2019_Oct_18_1100,FaceNameControl_Picture&Audio,3.0.4,85.03033555
70,FacesBlock3.xlsx,Noah.mp4,Noah.JPG,Noah,39.0,videoFrameNoah.png,0.0,2.0,2.0,2.0,0.0,9.0,9.0,9.0,,,,,1.0,0.6261414469,,,,,,44,1,2019_Oct_18_1100,FaceNameControl_Picture&Audio,3.0.4,85.03033555
90,FacesBlock3.xlsx,Olivia.mp4,Olivia.JPG,Olivia,40.0,videoFrameOlivia.png,0.0,2.0,2.0,2.0,,,,,0.0,14.0,14.0,10.0,,,,None,0.0,,1.0,44,1,2019_Oct_18_1100,FaceNameControl_Picture&Audio,3.0.4,85.03033555
75,FacesBlock3.xlsx,Olivia.mp4,Olivia.JPG,Olivia,40.0,videoFrameOlivia.png,0.0,2.0,2.0,2.0,0.0,14.0,14.0,10.0,,,,,2.0,0.6502467671,,,,,,44,1,2019_Oct_18_1100,FaceNameControl_Picture&Audio,3.0.4,85.03033555
100,FacesBlock2.xlsx,Rachel.mp4,Rachel.JPG,Rachel,26.0,videoFrameRachel.png,0.0,3.0,3.0,1.0,0.0,9.0,9.0,11.0,,,,,2.0,0.8505024248999999,,,,,,44,1,2019_Oct_18_1100,FaceNameControl_Picture&Audio,3.0.4,85.03033555
118,FacesBlock2.xlsx,Rachel.mp4,Rachel.JPG,Rachel,26.0,videoFrameRachel.png,0.0,3.0,3.0,1.0,,,,,0.0,12.0,12.0,11.0,,,,None,0.0,,1.0,44,1,2019_Oct_18_1100,FaceNameControl_Picture&Audio,3.0.4,85.03033555
88,FacesBlock3.xlsx,Rebecca.mp4,Rebecca.JPG,Rebecca,41.0,videoFrameRebecca.png,0.0,2.0,2.0,2.0,,,,,0.0,12.0,12.0,11.0,,,,None,0.0,,1.0,44,1,2019_Oct_18_1100,FaceNameControl_Picture&Audio,3.0.4,85.03033555
62,FacesBlock3.xlsx,Rebecca.mp4,Rebecca.JPG,Rebecca,41.0,videoFrameRebecca.png,0.0,2.0,2.0,2.0,0.0,1.0,1.0,11.0,,,,,2.0,1.250081676,,,,,,44,1,2019_Oct_18_1100,FaceNameControl_Picture&Audio,3.0.4,85.03033555
79,FacesBlock3.xlsx,Sarah.mp4,Sarah.JPG,Sarah,42.0,videoFrameSarah.png,0.0,2.0,2.0,2.0,,,,,0.0,3.0,3.0,12.0,,,sarah,"['s', 'a', 'r', 'a', 'h']",1.0,"[3.637886186828837, 4.048201254801825, 4.223934823879972, 4.75547272991389, 5.226551569998264]",3.0,44,1,2019_Oct_18_1100,FaceNameControl_Picture&Audio,3.0.4,85.03033555
71,FacesBlock3.xlsx,Sarah.mp4,Sarah.JPG,Sarah,42.0,videoFrameSarah.png,0.0,2.0,2.0,2.0,0.0,10.0,10.0,12.0,,,,,2.0,0.36725415920000004,,,,,,44,1,2019_Oct_18_1100,FaceNameControl_Picture&Audio,3.0.4,85.03033555
89,FacesBlock3.xlsx,Shelby.mp4,Shelby.JPG,Shelby,43.0,videoFrameShelby.png,0.0,2.0,2.0,2.0,,,,,0.0,13.0,13.0,13.0,,,shelby,"['s', 'h', 'e', 'l', 'b', 'y']",1.0,"[1.8857107190415263, 2.038676592055708, 2.579836281016469, 2.967874832917005, 3.2731755319982767, 3.520129543961957]",4.0,44,1,2019_Oct_18_1100,FaceNameControl_Picture&Audio,3.0.4,85.03033555
63,FacesBlock3.xlsx,Shelby.mp4,Shelby.JPG,Shelby,43.0,videoFrameShelby.png,0.0,2.0,2.0,2.0,0.0,2.0,2.0,13.0,,,,,2.0,1.744216063,,,,,,44,1,2019_Oct_18_1100,FaceNameControl_Picture&Audio,3.0.4,85.03033555
106,FacesBlock2.xlsx,Steven.mp4,Steven.JPG,Steven,27.0,videoFrameSteven.png,0.0,3.0,3.0,1.0,,,,,0.0,0.0,0.0,12.0,,,,None,0.0,,1.0,44,1,2019_Oct_18_1100,FaceNameControl_Picture&Audio,3.0.4,85.03033555
105,FacesBlock2.xlsx,Steven.mp4,Steven.JPG,Steven,27.0,videoFrameSteven.png,0.0,3.0,3.0,1.0,0.0,14.0,14.0,12.0,,,,,1.0,0.7912615079,,,,,,44,1,2019_Oct_18_1100,FaceNameControl_Picture&Audio,3.0.4,85.03033555
60,FacesBlock4.xlsx,Taylor.mp4,Taylor.JPG,Taylor,59.0,videoFrameTaylor.png,0.0,1.0,1.0,3.0,,,,,0.0,14.0,14.0,14.0,,,,None,0.0,,1.0,44,1,2019_Oct_18_1100,FaceNameControl_Picture&Audio,3.0.4,85.03033555
37,FacesBlock4.xlsx,Taylor.mp4,Taylor.JPG,Taylor,59.0,videoFrameTaylor.png,0.0,1.0,1.0,3.0,0.0,6.0,6.0,14.0,,,,,2.0,1.13173836,,,,,,44,1,2019_Oct_18_1100,FaceNameControl_Picture&Audio,3.0.4,85.03033555
83,FacesBlock3.xlsx,Thomas.mp4,Thomas.JPG,Thomas,44.0,videoFrameThomas.png,0.0,2.0,2.0,2.0,,,,,0.0,7.0,7.0,14.0,,,,None,0.0,,1.0,44,1,2019_Oct_18_1100,FaceNameControl_Picture&Audio,3.0.4,85.03033555
68,FacesBlock3.xlsx,Thomas.mp4,Thomas.JPG,Thomas,44.0,videoFrameThomas.png,0.0,2.0,2.0,2.0,0.0,7.0,7.0,14.0,,,,,1.0,0.6500784811,,,,,,44,1,2019_Oct_18_1100,FaceNameControl_Picture&Audio,3.0.4,85.03033555
26,FacesBlock1.xlsx,Timothy.mp4,Timothy.JPG,Timothy,14.0,videoFrameTimothy.png,0.0,0.0,0.0,0.0,,,,,0.0,10.0,10.0,14.0,,,,None,0.0,,1.0,44,1,2019_Oct_18_1100,FaceNameControl_Picture&Audio,3.0.4,85.03033555
3,FacesBlock1.xlsx,Timothy.mp4,Timothy.JPG,Timothy,14.0,videoFrameTimothy.png,0.0,0.0,0.0,0.0,0.0,2.0,2.0,14.0,,,,,1.0,0.4032088518,,,,,,44,1,2019_Oct_18_1100,FaceNameControl_Picture&Audio,3.0.4,85.03033555
116,FacesBlock2.xlsx,Trevor.mp4,Trevor.JPG,Trevor,28.0,videoFrameTrevor.png,0.0,3.0,3.0,1.0,,,,,0.0,10.0,10.0,13.0,,,,None,0.0,,1.0,44,1,2019_Oct_18_1100,FaceNameControl_Picture&Audio,3.0.4,85.03033555
91,FacesBlock2.xlsx,Trevor.mp4,Trevor.JPG,Trevor,28.0,videoFrameTrevor.png,0.0,3.0,3.0,1.0,0.0,0.0,0.0,13.0,,,,,1.0,2.08573769,,,,,,44,1,2019_Oct_18_1100,FaceNameControl_Picture&Audio,3.0.4,85.03033555
98,FacesBlock2.xlsx,Tyler.mp4,Tyler.JPG,Tyler,29.0,videoFrameTyler.png,0.0,3.0,3.0,1.0,0.0,7.0,7.0,14.0,,,,,1.0,1.0379658790000001,,,,,,44,1,2019_Oct_18_1100,FaceNameControl_Picture&Audio,3.0.4,85.03033555
111,FacesBlock2.xlsx,Tyler.mp4,Tyler.JPG,Tyler,29.0,videoFrameTyler.png,0.0,3.0,3.0,1.0,,,,,0.0,5.0,5.0,14.0,,,tyler,"['t', 'y', 'l', 'e', 'r']",1.0,"[3.861457869876176, 4.21340239001438, 5.5908021298237145, 5.896679492900148, 6.778916275827214]",2.0,44,1,2019_Oct_18_1100,FaceNameControl_Picture&Audio,3.0.4,85.03033555
0,,,,,,,,,,,,,,,,,,,,,,,,,,44,1,2019_Oct_18_1100,FaceNameControl_Picture&Audio,3.0.4,85.03033555
