,condsFile,Video,Photo,Name,Row,videoFrame,blocks.thisRepN,blocks.thisTrialN,blocks.thisN,blocks.thisIndex,presentations.thisRepN,presentations.thisTrialN,presentations.thisN,presentations.thisIndex,testing.thisRepN,testing.thisTrialN,testing.thisN,testing.thisIndex,judgementResp.keys,judgementResp.rt,inputText,key_resp_3.keys,recallRating_s,key_resp_3.rt,rating_resp.keys,participant,session,date,expName,psychopyVersion,frameRate
0,FacesBlock2.xlsx,Aaron.mp4,Aaron.JPG,Aaron,15,videoFrameAaron.png,0,2,2,1,0.0,0.0,0.0,0.0,,,,,1.0,2.335626445,,,,,,4,1,2019_Jun_03_1258,FaceNameControl_Picture&Audio,3.0.4,60.01928513
1,FacesBlock2.xlsx,Aaron.mp4,Aaron.JPG,Aaron,15,videoFrameAaron.png,0,2,2,1,,,,,0.0,10.0,10.0,0.0,,,steven,"['s', 't', 'e', 'v', 'e', 'n']",0.0,"[2.6015263721346855, 2.8011204013600945, 2.951146558392793, 3.0677166213281453, 3.2012000284157693, 3.317067541182041]",2.0,4,1,2019_Jun_03_1258,FaceNameControl_Picture&Audio,3.0.4,60.01928513
2,FacesBlock1.xlsx,Adam.mp4,Adam.JPG,Adam,0,videoFrameAdam.png,0,0,0,0,0.0,12.0,12.0,0.0,,,,,1.0,0.285772668,,,,,,4,1,2019_Jun_03_1258,FaceNameControl_Picture&Audio,3.0.4,60.01928513
3,FacesBlock1.xlsx,Adam.mp4,Adam.JPG,Adam,0,videoFrameAdam.png,0,0,0,0,,,,,0.0,12.0,12.0,0.0,,,,None,0.0,,1.0,4,1,2019_Jun_03_1258,FaceNameControl_Picture&Audio,3.0.4,60.01928513
4,FacesBlock4.xlsx,Alyssa.mp4,Alyssa.JPG,Alyssa,45,videoFrameAlyssa.png,0,3,3,3,0.0,3.0,3.0,0.0,,,,,2.0,1.05232368,,,,,,4,1,2019_Jun_03_1258,FaceNameControl_Picture&Audio,3.0.4,60.01928513
5,FacesBlock4.xlsx,Alyssa.mp4,Alyssa.JPG,Alyssa,45,videoFrameAlyssa.png,0,3,3,3,,,,,0.0,1.0,1.0,0.0,,,,None,0.0,,1.0,4,1,2019_Jun_03_1258,FaceNameControl_Picture&Audio,3.0.4,60.01928513
6,FacesBlock1.xlsx,Amanda.mp4,Amanda.JPG,Amanda,1,videoFrameAmanda.png,0,0,0,0,0.0,11.0,11.0,1.0,,,,,2.0,0.519505125,,,,,,4,1,2019_Jun_03_1258,FaceNameControl_Picture&Audio,3.0.4,60.01928513
7,FacesBlock1.xlsx,Amanda.mp4,Amanda.JPG,Amanda,1,videoFrameAmanda.png,0,0,0,0,,,,,0.0,10.0,10.0,1.0,,,,None,0.0,,1.0,4,1,2019_Jun_03_1258,FaceNameControl_Picture&Audio,3.0.4,60.01928513
8,FacesBlock4.xlsx,Andrew.mp4,Andrew.JPG,Andrew,46,videoFrameAndrew.png,0,3,3,3,0.0,14.0,14.0,1.0,,,,,1.0,0.836336667,,,,,,4,1,2019_Jun_03_1258,FaceNameControl_Picture&Audio,3.0.4,60.01928513
9,FacesBlock4.xlsx,Andrew.mp4,Andrew.JPG,Andrew,46,videoFrameAndrew.png,0,3,3,3,,,,,0.0,8.0,8.0,1.0,,,andrew,"['a', 'n', 'd', 'r', 'e', 'w']",1.0,"[3.6844572420232, 3.9008815702982247, 4.117141894996166, 4.400788092985749, 5.117026649881154, 5.300748344976455]",3.0,4,1,2019_Jun_03_1258,FaceNameControl_Picture&Audio,3.0.4,60.01928513
10,FacesBlock4.xlsx,Anna.mp4,Anna.JPG,Anna,47,videoFrameAnna.png,0,3,3,3,0.0,9.0,9.0,2.0,,,,,2.0,1.219315723,,,,,,4,1,2019_Jun_03_1258,FaceNameControl_Picture&Audio,3.0.4,60.01928513
11,FacesBlock4.xlsx,Anna.mp4,Anna.JPG,Anna,47,videoFrameAnna.png,0,3,3,3,,,,,0.0,10.0,10.0,2.0,,,,None,0.0,,1.0,4,1,2019_Jun_03_1258,FaceNameControl_Picture&Audio,3.0.4,60.01928513
12,FacesBlock2.xlsx,Ashley.mp4,Ashley.JPG,Ashley,16,videoFrameAshley.png,0,2,2,1,0.0,6.0,6.0,1.0,,,,,2.0,0.8197956409999999,,,,,,4,1,2019_Jun_03_1258,FaceNameControl_Picture&Audio,3.0.4,60.01928513
13,FacesBlock2.xlsx,Ashley.mp4,Ashley.JPG,Ashley,16,videoFrameAshley.png,0,2,2,1,,,,,0.0,0.0,0.0,1.0,,,,None,0.0,,1.0,4,1,2019_Jun_03_1258,FaceNameControl_Picture&Audio,3.0.4,60.01928513
15,FacesBlock1.xlsx,Bradley.mp4,Bradley.JPG,Bradley,2,videoFrameBradley.png,0,0,0,0,,,,,0.0,11.0,11.0,2.0,,,,None,0.0,,1.0,4,1,2019_Jun_03_1258,FaceNameControl_Picture&Audio,3.0.4,60.01928513
14,FacesBlock1.xlsx,Bradley.mp4,Bradley.JPG,Bradley,2,videoFrameBradley.png,0,0,0,0,0.0,9.0,9.0,2.0,,,,,1.0,0.519659064,,,,,,4,1,2019_Jun_03_1258,FaceNameControl_Picture&Audio,3.0.4,60.01928513
16,FacesBlock4.xlsx,Brandon.mp4,Brandon.JPG,Brandon,48,videoFrameBrandon.png,0,3,3,3,0.0,12.0,12.0,3.0,,,,,1.0,0.886622338,,,,,,4,1,2019_Jun_03_1258,FaceNameControl_Picture&Audio,3.0.4,60.01928513
17,FacesBlock4.xlsx,Brandon.mp4,Brandon.JPG,Brandon,48,videoFrameBrandon.png,0,3,3,3,,,,,0.0,12.0,12.0,3.0,,,,"['d', 'y', 'l', 'n', 'backspace', 'backspace', 'backspace', 'backspace', 'backspace', 'backspace']",0.0,"[4.6672931793145835, 4.850543051958084, 5.200194573961198, 5.650143042206764, 6.48236919939518, 6.615602289326489, 6.732549871318042, 6.799397457391024, 6.915844073984772, 7.032529257237911]",1.0,4,1,2019_Jun_03_1258,FaceNameControl_Picture&Audio,3.0.4,60.01928513
18,FacesBlock4.xlsx,Brian.mp4,Brian.JPG,Brian,49,videoFrameBrian.png,0,3,3,3,0.0,8.0,8.0,4.0,,,,,1.0,3.7352813389999997,,,,,,4,1,2019_Jun_03_1258,FaceNameControl_Picture&Audio,3.0.4,60.01928513
19,FacesBlock4.xlsx,Brian.mp4,Brian.JPG,Brian,49,videoFrameBrian.png,0,3,3,3,,,,,0.0,13.0,13.0,4.0,,,josh,"['j', 'o', 's', 'h']",0.0,"[1.8855895260348916, 2.1019052090123296, 2.7015663268975914, 2.885591072961688]",2.0,4,1,2019_Jun_03_1258,FaceNameControl_Picture&Audio,3.0.4,60.01928513
20,FacesBlock4.xlsx,Brianna.mp4,Brianna.JPG,Brianna,50,videoFrameBrianna.png,0,3,3,3,0.0,5.0,5.0,5.0,,,,,2.0,0.719369347,,,,,,4,1,2019_Jun_03_1258,FaceNameControl_Picture&Audio,3.0.4,60.01928513
21,FacesBlock4.xlsx,Brianna.mp4,Brianna.JPG,Brianna,50,videoFrameBrianna.png,0,3,3,3,,,,,0.0,11.0,11.0,5.0,,,,None,0.0,,1.0,4,1,2019_Jun_03_1258,FaceNameControl_Picture&Audio,3.0.4,60.01928513
22,FacesBlock2.xlsx,Brittany.mp4,Brittany.JPG,Brittany,17,videoFrameBrittany.png,0,2,2,1,0.0,9.0,9.0,2.0,,,,,2.0,0.634019989,,,,,,4,1,2019_Jun_03_1258,FaceNameControl_Picture&Audio,3.0.4,60.01928513
23,FacesBlock2.xlsx,Brittany.mp4,Brittany.JPG,Brittany,17,videoFrameBrittany.png,0,2,2,1,,,,,0.0,14.0,14.0,2.0,,,britney,"['b', 'r', 'i', 't', 'n', 'e', 'y']",1.0,"[5.783399632200599, 5.965890589170158, 6.149982843082398, 6.299582479055971, 6.5165851302444935, 6.666529373265803, 6.882872278336436]",3.0,4,1,2019_Jun_03_1258,FaceNameControl_Picture&Audio,3.0.4,60.01928513
24,FacesBlock4.xlsx,Caleb.mp4,Caleb.JPG,Caleb,51,videoFrameCaleb.png,0,3,3,3,0.0,1.0,1.0,6.0,,,,,1.0,1.201778606,,,,,,4,1,2019_Jun_03_1258,FaceNameControl_Picture&Audio,3.0.4,60.01928513
25,FacesBlock4.xlsx,Caleb.mp4,Caleb.JPG,Caleb,51,videoFrameCaleb.png,0,3,3,3,,,,,0.0,14.0,14.0,6.0,,,caleb,"['c', 'a', 'l', 'e', 'b']",1.0,"[1.685053524095565, 1.918030999135226, 2.0346148111857474, 2.217468078248203, 2.368040712084621]",4.0,4,1,2019_Jun_03_1258,FaceNameControl_Picture&Audio,3.0.4,60.01928513
26,FacesBlock2.xlsx,Cody.mp4,Cody.JPG,Cody,18,videoFrameCody.png,0,2,2,1,0.0,3.0,3.0,3.0,,,,,1.0,1.685997606,,,,,,4,1,2019_Jun_03_1258,FaceNameControl_Picture&Audio,3.0.4,60.01928513
27,FacesBlock2.xlsx,Cody.mp4,Cody.JPG,Cody,18,videoFrameCody.png,0,2,2,1,,,,,0.0,9.0,9.0,3.0,,,,None,0.0,,1.0,4,1,2019_Jun_03_1258,FaceNameControl_Picture&Audio,3.0.4,60.01928513
29,FacesBlock3.xlsx,Courtney.mp4,Courtney.JPG,Courtney,30,videoFrameCourtney.png,0,1,1,2,,,,,0.0,11.0,11.0,0.0,,,,None,0.0,,1.0,4,1,2019_Jun_03_1258,FaceNameControl_Picture&Audio,3.0.4,60.01928513
28,FacesBlock3.xlsx,Courtney.mp4,Courtney.JPG,Courtney,30,videoFrameCourtney.png,0,1,1,2,0.0,13.0,13.0,0.0,,,,,2.0,0.586301191,,,,,,4,1,2019_Jun_03_1258,FaceNameControl_Picture&Audio,3.0.4,60.01928513
30,FacesBlock3.xlsx,Daniel.mp4,Daniel.JPG,Daniel,31,videoFrameDaniel.png,0,1,1,2,0.0,5.0,5.0,1.0,,,,,1.0,0.736291637,,,,,,4,1,2019_Jun_03_1258,FaceNameControl_Picture&Audio,3.0.4,60.01928513
31,FacesBlock3.xlsx,Daniel.mp4,Daniel.JPG,Daniel,31,videoFrameDaniel.png,0,1,1,2,,,,,0.0,13.0,13.0,1.0,,,kevn,"['k', 'e', 'v', 'n']",0.0,"[8.533416762948036, 8.666806949768215, 9.316692377906293, 9.649652833119035]",1.0,4,1,2019_Jun_03_1258,FaceNameControl_Picture&Audio,3.0.4,60.01928513
32,FacesBlock1.xlsx,Danielle.mp4,Danielle.JPG,Danielle,3,videoFrameDanielle.png,0,0,0,0,0.0,13.0,13.0,3.0,,,,,2.0,0.219662907,,,,,,4,1,2019_Jun_03_1258,FaceNameControl_Picture&Audio,3.0.4,60.01928513
33,FacesBlock1.xlsx,Danielle.mp4,Danielle.JPG,Danielle,3,videoFrameDanielle.png,0,0,0,0,,,,,0.0,1.0,1.0,3.0,,,jessica,"['j', 'e', 's', 's', 'i', 'c', 'a']",0.0,"[8.014221088960767, 8.16688350494951, 8.433189441915601, 8.566861237864941, 8.782758473884314, 8.966445304919034, 9.5166903748177]",1.0,4,1,2019_Jun_03_1258,FaceNameControl_Picture&Audio,3.0.4,60.01928513
34,FacesBlock2.xlsx,David.mp4,David.JPG,David,19,videoFrameDavid.png,0,2,2,1,0.0,1.0,1.0,4.0,,,,,1.0,1.18540556,,,,,,4,1,2019_Jun_03_1258,FaceNameControl_Picture&Audio,3.0.4,60.01928513
35,FacesBlock2.xlsx,David.mp4,David.JPG,David,19,videoFrameDavid.png,0,2,2,1,,,,,0.0,7.0,7.0,4.0,,,,None,0.0,,1.0,4,1,2019_Jun_03_1258,FaceNameControl_Picture&Audio,3.0.4,60.01928513
36,FacesBlock4.xlsx,Dylan.mp4,Dylan.JPG,Dylan,52,videoFrameDylan.png,0,3,3,3,0.0,7.0,7.0,7.0,,,,,1.0,2.2536218580000003,,,,,,4,1,2019_Jun_03_1258,FaceNameControl_Picture&Audio,3.0.4,60.01928513
37,FacesBlock4.xlsx,Dylan.mp4,Dylan.JPG,Dylan,52,videoFrameDylan.png,0,3,3,3,,,,,0.0,4.0,4.0,7.0,,,dylan,"['d', 'y', 'l', 'a', 'n']",1.0,"[1.6507775681093335, 1.801328919827938, 2.284430732950568, 2.417637610808015, 2.534321448765695]",4.0,4,1,2019_Jun_03_1258,FaceNameControl_Picture&Audio,3.0.4,60.01928513
38,FacesBlock4.xlsx,Emily.mp4,Emily.JPG,Emily,53,videoFrameEmily.png,0,3,3,3,0.0,2.0,2.0,8.0,,,,,2.0,0.566948335,,,,,,4,1,2019_Jun_03_1258,FaceNameControl_Picture&Audio,3.0.4,60.01928513
39,FacesBlock4.xlsx,Emily.mp4,Emily.JPG,Emily,53,videoFrameEmily.png,0,3,3,3,,,,,0.0,9.0,9.0,8.0,,,grace,"['g', 'r', 'a', 'c', 'e']",0.0,"[1.7351721921004355, 1.9333870890550315, 2.0847360589541495, 2.2181637031026185, 2.351795582100749]",4.0,4,1,2019_Jun_03_1258,FaceNameControl_Picture&Audio,3.0.4,60.01928513
40,FacesBlock1.xlsx,Eric.mp4,Eric.JPG,Eric,4,videoFrameEric.png,0,0,0,0,0.0,8.0,8.0,4.0,,,,,1.0,3.167754987,,,,,,4,1,2019_Jun_03_1258,FaceNameControl_Picture&Audio,3.0.4,60.01928513
41,FacesBlock1.xlsx,Eric.mp4,Eric.JPG,Eric,4,videoFrameEric.png,0,0,0,0,,,,,0.0,3.0,3.0,4.0,,,jeremy,"['j', 'e', 'r', 'e', 'm', 'y']",0.0,"[3.467038619797677, 3.634105984121561, 3.8670649039559066, 4.033569775056094, 4.633294938132167, 5.599955714773387]",1.0,4,1,2019_Jun_03_1258,FaceNameControl_Picture&Audio,3.0.4,60.01928513
43,FacesBlock1.xlsx,Ethan.mp4,Ethan.JPG,Ethan,5,videoFrameEthan.png,0,0,0,0,,,,,0.0,8.0,8.0,5.0,,,james,"['j', 'a', 'm', 'e', 's']",0.0,"[3.684315466322005, 3.834837642032653, 4.018003228120506, 4.1850298922508955, 4.384818494319916]",2.0,4,1,2019_Jun_03_1258,FaceNameControl_Picture&Audio,3.0.4,60.01928513
42,FacesBlock1.xlsx,Ethan.mp4,Ethan.JPG,Ethan,5,videoFrameEthan.png,0,0,0,0,0.0,14.0,14.0,5.0,,,,,1.0,0.203085565,,,,,,4,1,2019_Jun_03_1258,FaceNameControl_Picture&Audio,3.0.4,60.01928513
44,FacesBlock4.xlsx,Grace.mp4,Grace.JPG,Grace,54,videoFrameGrace.png,0,3,3,3,0.0,11.0,11.0,9.0,,,,,2.0,1.786071756,,,,,,4,1,2019_Jun_03_1258,FaceNameControl_Picture&Audio,3.0.4,60.01928513
45,FacesBlock4.xlsx,Grace.mp4,Grace.JPG,Grace,54,videoFrameGrace.png,0,3,3,3,,,,,0.0,0.0,0.0,9.0,,,grace,"['g', 'r', 'a', 'c', 'e']",1.0,"[2.634029360022396, 2.884564927313477, 3.067136479075998, 3.1846208460628986, 3.333629122003913]",3.0,4,1,2019_Jun_03_1258,FaceNameControl_Picture&Audio,3.0.4,60.01928513
46,FacesBlock2.xlsx,Haley.mp4,Haley.JPG,Haley,20,videoFrameHaley.png,0,2,2,1,0.0,14.0,14.0,5.0,,,,,2.0,0.953076327,,,,,,4,1,2019_Jun_03_1258,FaceNameControl_Picture&Audio,3.0.4,60.01928513
47,FacesBlock2.xlsx,Haley.mp4,Haley.JPG,Haley,20,videoFrameHaley.png,0,2,2,1,,,,,0.0,1.0,1.0,5.0,,,haley,"['h', 'a', 'l', 'e', 'y']",1.0,"[2.1516857906244695, 2.38473946088925, 2.7512703989632428, 2.984340676572174, 3.134302844759077]",4.0,4,1,2019_Jun_03_1258,FaceNameControl_Picture&Audio,3.0.4,60.01928513
48,FacesBlock1.xlsx,Hannah.mp4,Hannah.JPG,Hannah,6,videoFrameHannah.png,0,0,0,0,0.0,1.0,1.0,6.0,,,,,2.0,0.352747572,,,,,,4,1,2019_Jun_03_1258,FaceNameControl_Picture&Audio,3.0.4,60.01928513
49,FacesBlock1.xlsx,Hannah.mp4,Hannah.JPG,Hannah,6,videoFrameHannah.png,0,0,0,0,,,,,0.0,13.0,13.0,6.0,,,,None,0.0,,1.0,4,1,2019_Jun_03_1258,FaceNameControl_Picture&Audio,3.0.4,60.01928513
50,FacesBlock2.xlsx,Heather.mp4,Heather.JPG,Heather,21,videoFrameHeather.png,0,2,2,1,0.0,5.0,5.0,6.0,,,,,2.0,0.636071574,,,,,,4,1,2019_Jun_03_1258,FaceNameControl_Picture&Audio,3.0.4,60.01928513
51,FacesBlock2.xlsx,Heather.mp4,Heather.JPG,Heather,21,videoFrameHeather.png,0,2,2,1,,,,,0.0,8.0,8.0,6.0,,,megan,"['m', 'e', 'g', 'a', 'n']",0.0,"[5.467692426405847, 5.567678526043892, 5.983299121260643, 6.15042131440714, 6.316962547134608]",1.0,4,1,2019_Jun_03_1258,FaceNameControl_Picture&Audio,3.0.4,60.01928513
52,FacesBlock3.xlsx,Jacob.mp4,Jacob.JPG,Jacob,32,videoFrameJacob.png,0,1,1,2,0.0,2.0,2.0,2.0,,,,,1.0,0.919684708,,,,,,4,1,2019_Jun_03_1258,FaceNameControl_Picture&Audio,3.0.4,60.01928513
53,FacesBlock3.xlsx,Jacob.mp4,Jacob.JPG,Jacob,32,videoFrameJacob.png,0,1,1,2,,,,,0.0,3.0,3.0,2.0,,,,['space'],0.0,[2.6345793958753347],1.0,4,1,2019_Jun_03_1258,FaceNameControl_Picture&Audio,3.0.4,60.01928513
54,FacesBlock4.xlsx,Jason.mp4,Jason.JPG,Jason,55,videoFrameJason.png,0,3,3,3,0.0,4.0,4.0,10.0,,,,,1.0,1.286011018,,,,,,4,1,2019_Jun_03_1258,FaceNameControl_Picture&Audio,3.0.4,60.01928513
55,FacesBlock4.xlsx,Jason.mp4,Jason.JPG,Jason,55,videoFrameJason.png,0,3,3,3,,,,,0.0,5.0,5.0,10.0,,,,None,0.0,,1.0,4,1,2019_Jun_03_1258,FaceNameControl_Picture&Audio,3.0.4,60.01928513
56,FacesBlock1.xlsx,Jenna.mp4,Jenna.JPG,Jenna,7,videoFrameJenna.png,0,0,0,0,0.0,4.0,4.0,7.0,,,,,2.0,0.45400676,,,,,,4,1,2019_Jun_03_1258,FaceNameControl_Picture&Audio,3.0.4,60.01928513
57,FacesBlock1.xlsx,Jenna.mp4,Jenna.JPG,Jenna,7,videoFrameJenna.png,0,0,0,0,,,,,0.0,0.0,0.0,7.0,,,natalie,"['n', 'a', 't', 'a', 'l', 'i', 'e', 'space']",0.0,"[3.983994513284415, 4.417465009260923, 4.75056349625811, 5.067060661967844, 5.333016884978861, 5.549465453252196, 6.1995906182564795, 6.782791101839393]",1.0,4,1,2019_Jun_03_1258,FaceNameControl_Picture&Audio,3.0.4,60.01928513
59,FacesBlock2.xlsx,Jeremy.mp4,Jeremy.JPG,Jeremy,22,videoFrameJeremy.png,0,2,2,1,,,,,0.0,5.0,5.0,7.0,,,jeremy,"['j', 'e', 'r', 'e', 'm', 'y']",1.0,"[2.367852771189064, 2.5351834474131465, 2.7353253019973636, 2.8849090971052647, 3.083043421152979, 3.3011729842983186]",3.0,4,1,2019_Jun_03_1258,FaceNameControl_Picture&Audio,3.0.4,60.01928513
58,FacesBlock2.xlsx,Jeremy.mp4,Jeremy.JPG,Jeremy,22,videoFrameJeremy.png,0,2,2,1,0.0,10.0,10.0,7.0,,,,,1.0,0.6030917889999999,,,,,,4,1,2019_Jun_03_1258,FaceNameControl_Picture&Audio,3.0.4,60.01928513
60,FacesBlock1.xlsx,Jessica.mp4,Jessica.JPG,Jessica,8,videoFrameJessica.png,0,0,0,0,0.0,2.0,2.0,8.0,,,,,2.0,0.519448824,,,,,,4,1,2019_Jun_03_1258,FaceNameControl_Picture&Audio,3.0.4,60.01928513
61,FacesBlock1.xlsx,Jessica.mp4,Jessica.JPG,Jessica,8,videoFrameJessica.png,0,0,0,0,,,,,0.0,7.0,7.0,8.0,,,,None,0.0,,1.0,4,1,2019_Jun_03_1258,FaceNameControl_Picture&Audio,3.0.4,60.01928513
62,FacesBlock2.xlsx,Josh.mp4,Josh.JPG,Josh,23,videoFrameJosh.png,0,2,2,1,0.0,2.0,2.0,8.0,,,,,1.0,1.368681585,,,,,,4,1,2019_Jun_03_1258,FaceNameControl_Picture&Audio,3.0.4,60.01928513
63,FacesBlock2.xlsx,Josh.mp4,Josh.JPG,Josh,23,videoFrameJosh.png,0,2,2,1,,,,,0.0,2.0,2.0,8.0,,,josh,"['j', 'o', 's', 'h']",1.0,"[1.6853477759286761, 2.1347090271301568, 2.699743770994246, 2.8514090240933]",4.0,4,1,2019_Jun_03_1258,FaceNameControl_Picture&Audio,3.0.4,60.01928513
64,FacesBlock1.xlsx,Julia.mp4,Julia.JPG,Julia,9,videoFrameJulia.png,0,0,0,0,0.0,0.0,0.0,9.0,,,,,2.0,0.98561436,,,,,,4,1,2019_Jun_03_1258,FaceNameControl_Picture&Audio,3.0.4,60.01928513
65,FacesBlock1.xlsx,Julia.mp4,Julia.JPG,Julia,9,videoFrameJulia.png,0,0,0,0,,,,,0.0,9.0,9.0,9.0,,,,None,0.0,,1.0,4,1,2019_Jun_03_1258,FaceNameControl_Picture&Audio,3.0.4,60.01928513
66,FacesBlock2.xlsx,Justin.mp4,Justin.JPG,Justin,24,videoFrameJustin.png,0,2,2,1,0.0,7.0,7.0,9.0,,,,,1.0,1.3853332790000001,,,,,,4,1,2019_Jun_03_1258,FaceNameControl_Picture&Audio,3.0.4,60.01928513
67,FacesBlock2.xlsx,Justin.mp4,Justin.JPG,Justin,24,videoFrameJustin.png,0,2,2,1,,,,,0.0,11.0,11.0,9.0,,,,None,0.0,,1.0,4,1,2019_Jun_03_1258,FaceNameControl_Picture&Audio,3.0.4,60.01928513
68,FacesBlock4.xlsx,Katie.mp4,Katie.JPG,Katie,56,videoFrameKatie.png,0,3,3,3,0.0,6.0,6.0,11.0,,,,,2.0,0.986120181,,,,,,4,1,2019_Jun_03_1258,FaceNameControl_Picture&Audio,3.0.4,60.01928513
69,FacesBlock4.xlsx,Katie.mp4,Katie.JPG,Katie,56,videoFrameKatie.png,0,3,3,3,,,,,0.0,2.0,2.0,11.0,,,katy,"['k', 'a', 't', 'y']",1.0,"[1.769045379012823, 1.8688466022722423, 2.1356455800123513, 2.3187037091702223]",4.0,4,1,2019_Jun_03_1258,FaceNameControl_Picture&Audio,3.0.4,60.01928513
70,FacesBlock3.xlsx,Kayla.mp4,Kayla.JPG,Kayla,33,videoFrameKayla.png,0,1,1,2,0.0,6.0,6.0,3.0,,,,,2.0,1.135933677,,,,,,4,1,2019_Jun_03_1258,FaceNameControl_Picture&Audio,3.0.4,60.01928513
71,FacesBlock3.xlsx,Kayla.mp4,Kayla.JPG,Kayla,33,videoFrameKayla.png,0,1,1,2,,,,,0.0,10.0,10.0,3.0,,,,None,0.0,,1.0,4,1,2019_Jun_03_1258,FaceNameControl_Picture&Audio,3.0.4,60.01928513
73,FacesBlock1.xlsx,Kelsey.mp4,Kelsey.JPG,Kelsey,10,videoFrameKelsey.png,0,0,0,0,,,,,0.0,6.0,6.0,10.0,,,,None,0.0,,1.0,4,1,2019_Jun_03_1258,FaceNameControl_Picture&Audio,3.0.4,60.01928513
72,FacesBlock1.xlsx,Kelsey.mp4,Kelsey.JPG,Kelsey,10,videoFrameKelsey.png,0,0,0,0,0.0,7.0,7.0,10.0,,,,,2.0,0.43701182200000005,,,,,,4,1,2019_Jun_03_1258,FaceNameControl_Picture&Audio,3.0.4,60.01928513
74,FacesBlock3.xlsx,Kevin.mp4,Kevin.JPG,Kevin,34,videoFrameKevin.png,0,1,1,2,0.0,12.0,12.0,4.0,,,,,1.0,0.569609624,,,,,,4,1,2019_Jun_03_1258,FaceNameControl_Picture&Audio,3.0.4,60.01928513
75,FacesBlock3.xlsx,Kevin.mp4,Kevin.JPG,Kevin,34,videoFrameKevin.png,0,1,1,2,,,,,0.0,6.0,6.0,4.0,,,,None,0.0,,1.0,4,1,2019_Jun_03_1258,FaceNameControl_Picture&Audio,3.0.4,60.01928513
76,FacesBlock1.xlsx,Kyle.mp4,Kyle.JPG,Kyle,11,videoFrameKyle.png,0,0,0,0,0.0,3.0,3.0,11.0,,,,,1.0,0.41982536200000004,,,,,,4,1,2019_Jun_03_1258,FaceNameControl_Picture&Audio,3.0.4,60.01928513
77,FacesBlock1.xlsx,Kyle.mp4,Kyle.JPG,Kyle,11,videoFrameKyle.png,0,0,0,0,,,,,0.0,2.0,2.0,11.0,,,james,"['j', 'a', 'e', 'backspace', 'm', 'e', 's', '1', 'backspace', 'space']",0.0,"[2.7683716523461044, 2.899862891063094, 3.1179854650981724, 3.9006558721885085, 4.234117540996522, 4.334401010069996, 4.501059894450009, 5.167559817433357, 6.299666038248688, 7.733445163350552]",1.0,4,1,2019_Jun_03_1258,FaceNameControl_Picture&Audio,3.0.4,60.01928513
78,FacesBlock3.xlsx,Lauren.mp4,Lauren.JPG,Lauren,35,videoFrameLauren.png,0,1,1,2,0.0,4.0,4.0,5.0,,,,,2.0,0.670221224,,,,,,4,1,2019_Jun_03_1258,FaceNameControl_Picture&Audio,3.0.4,60.01928513
79,FacesBlock3.xlsx,Lauren.mp4,Lauren.JPG,Lauren,35,videoFrameLauren.png,0,1,1,2,,,,,0.0,5.0,5.0,5.0,,,emma,"['e', 'm', 'm', 'a']",0.0,"[1.601619082968682, 1.76823774818331, 1.9014491741545498, 2.051536744926125]",1.0,4,1,2019_Jun_03_1258,FaceNameControl_Picture&Audio,3.0.4,60.01928513
80,FacesBlock3.xlsx,Mark.mp4,Mark.JPG,Mark,36,videoFrameMark.png,0,1,1,2,0.0,1.0,1.0,6.0,,,,,1.0,0.7864681859999999,,,,,,4,1,2019_Jun_03_1258,FaceNameControl_Picture&Audio,3.0.4,60.01928513
81,FacesBlock3.xlsx,Mark.mp4,Mark.JPG,Mark,36,videoFrameMark.png,0,1,1,2,,,,,0.0,1.0,1.0,6.0,,,nick,"['n', 'i', 'c', 'k']",0.0,"[6.083971313200891, 6.281611640937626, 6.45025394205004, 6.650252304971218]",1.0,4,1,2019_Jun_03_1258,FaceNameControl_Picture&Audio,3.0.4,60.01928513
82,FacesBlock1.xlsx,Matthew.mp4,Matthew.JPG,Matthew,12,videoFrameMatthew.png,0,0,0,0,0.0,5.0,5.0,12.0,,,,,1.0,0.33639713299999996,,,,,,4,1,2019_Jun_03_1258,FaceNameControl_Picture&Audio,3.0.4,60.01928513
83,FacesBlock1.xlsx,Matthew.mp4,Matthew.JPG,Matthew,12,videoFrameMatthew.png,0,0,0,0,,,,,0.0,14.0,14.0,12.0,,,,None,0.0,,1.0,4,1,2019_Jun_03_1258,FaceNameControl_Picture&Audio,3.0.4,60.01928513
84,FacesBlock2.xlsx,Megan.mp4,Megan.JPG,Megan,25,videoFrameMegan.png,0,2,2,1,0.0,11.0,11.0,10.0,,,,,2.0,0.636061597,,,,,,4,1,2019_Jun_03_1258,FaceNameControl_Picture&Audio,3.0.4,60.01928513
85,FacesBlock2.xlsx,Megan.mp4,Megan.JPG,Megan,25,videoFrameMegan.png,0,2,2,1,,,,,0.0,3.0,3.0,10.0,,,megan,"['m', 'e', 'g', 'a', 'n']",1.0,"[2.9683162178844213, 3.150977371726185, 3.5015630489215255, 3.717495041899383, 3.8846241496503353]",1.0,4,1,2019_Jun_03_1258,FaceNameControl_Picture&Audio,3.0.4,60.01928513
87,FacesBlock4.xlsx,Michael.mp4,Michael.JPG,Michael,57,videoFrameMichael.png,0,3,3,3,,,,,0.0,3.0,3.0,12.0,,,,None,0.0,,1.0,4,1,2019_Jun_03_1258,FaceNameControl_Picture&Audio,3.0.4,60.01928513
86,FacesBlock4.xlsx,Michael.mp4,Michael.JPG,Michael,57,videoFrameMichael.png,0,3,3,3,0.0,0.0,0.0,12.0,,,,,1.0,1.8360069940000001,,,,,,4,1,2019_Jun_03_1258,FaceNameControl_Picture&Audio,3.0.4,60.01928513
89,FacesBlock4.xlsx,Michelle.mp4,Michelle.JPG,Michelle,58,videoFrameMichelle.png,0,3,3,3,,,,,0.0,7.0,7.0,13.0,,,michelle,"['m', 'i', 'c', 'h', 'e', 'l', 'l', 'e']",1.0,"[1.3185750502161682, 1.5346057279966772, 1.7346875071525574, 1.9331391952000558, 2.1490247631445527, 2.784795085899532, 2.9346895911730826, 3.017795810010284]",4.0,4,1,2019_Jun_03_1258,FaceNameControl_Picture&Audio,3.0.4,60.01928513
88,FacesBlock4.xlsx,Michelle.mp4,Michelle.JPG,Michelle,58,videoFrameMichelle.png,0,3,3,3,0.0,13.0,13.0,13.0,,,,,2.0,1.019520664,,,,,,4,1,2019_Jun_03_1258,FaceNameControl_Picture&Audio,3.0.4,60.01928513
90,FacesBlock1.xlsx,Natalie.mp4,Natalie.JPG,Natalie,13,videoFrameNatalie.png,0,0,0,0,0.0,10.0,10.0,13.0,,,,,2.0,0.619352743,,,,,,4,1,2019_Jun_03_1258,FaceNameControl_Picture&Audio,3.0.4,60.01928513
91,FacesBlock1.xlsx,Natalie.mp4,Natalie.JPG,Natalie,13,videoFrameNatalie.png,0,0,0,0,,,,,0.0,4.0,4.0,13.0,,,,['space'],0.0,[8.699787948280573],1.0,4,1,2019_Jun_03_1258,FaceNameControl_Picture&Audio,3.0.4,60.01928513
92,FacesBlock3.xlsx,Nathan.mp4,Nathan.JPG,Nathan,37,videoFrameNathan.png,0,1,1,2,0.0,3.0,3.0,7.0,,,,,1.0,1.286126642,,,,,,4,1,2019_Jun_03_1258,FaceNameControl_Picture&Audio,3.0.4,60.01928513
93,FacesBlock3.xlsx,Nathan.mp4,Nathan.JPG,Nathan,37,videoFrameNathan.png,0,1,1,2,,,,,0.0,2.0,2.0,7.0,,,,None,0.0,,1.0,4,1,2019_Jun_03_1258,FaceNameControl_Picture&Audio,3.0.4,60.01928513
94,FacesBlock3.xlsx,Nicole.mp4,Nicole.JPG,Nicole,38,videoFrameNicole.png,0,1,1,2,0.0,14.0,14.0,8.0,,,,,2.0,0.9360143540000001,,,,,,4,1,2019_Jun_03_1258,FaceNameControl_Picture&Audio,3.0.4,60.01928513
95,FacesBlock3.xlsx,Nicole.mp4,Nicole.JPG,Nicole,38,videoFrameNicole.png,0,1,1,2,,,,,0.0,4.0,4.0,8.0,,,nicole,"['n', 'i', 'c', 'l', 'backspace', 'o', 'l', 'e']",1.0,"[3.517784202005714, 4.2011406579986215, 4.384329240769148, 4.750547947827727, 5.466597958933562, 5.799953205976635, 5.949510320089757, 6.0668292748741806]",4.0,4,1,2019_Jun_03_1258,FaceNameControl_Picture&Audio,3.0.4,60.01928513
96,FacesBlock3.xlsx,Noah.mp4,Noah.JPG,Noah,39,videoFrameNoah.png,0,1,1,2,0.0,10.0,10.0,9.0,,,,,1.0,1.317126168,,,,,,4,1,2019_Jun_03_1258,FaceNameControl_Picture&Audio,3.0.4,60.01928513
97,FacesBlock3.xlsx,Noah.mp4,Noah.JPG,Noah,39,videoFrameNoah.png,0,1,1,2,,,,,0.0,9.0,9.0,9.0,,,,"['1', 'backspace']",0.0,"[3.8179589263163507, 4.883927772287279]",1.0,4,1,2019_Jun_03_1258,FaceNameControl_Picture&Audio,3.0.4,60.01928513
98,FacesBlock3.xlsx,Olivia.mp4,Olivia.JPG,Olivia,40,videoFrameOlivia.png,0,1,1,2,0.0,7.0,7.0,10.0,,,,,2.0,0.736418363,,,,,,4,1,2019_Jun_03_1258,FaceNameControl_Picture&Audio,3.0.4,60.01928513
99,FacesBlock3.xlsx,Olivia.mp4,Olivia.JPG,Olivia,40,videoFrameOlivia.png,0,1,1,2,,,,,0.0,7.0,7.0,10.0,,,olivia,"['o', 'l', 'i', 'v', 'i', 'a']",1.0,"[2.752194309141487, 2.9849917381070554, 3.2853740230202675, 3.4519591629505157, 3.602068869397044, 3.767617186997086]",2.0,4,1,2019_Jun_03_1258,FaceNameControl_Picture&Audio,3.0.4,60.01928513
100,FacesBlock2.xlsx,Rachel.mp4,Rachel.JPG,Rachel,26,videoFrameRachel.png,0,2,2,1,0.0,4.0,4.0,11.0,,,,,2.0,0.902702278,,,,,,4,1,2019_Jun_03_1258,FaceNameControl_Picture&Audio,3.0.4,60.01928513
101,FacesBlock2.xlsx,Rachel.mp4,Rachel.JPG,Rachel,26,videoFrameRachel.png,0,2,2,1,,,,,0.0,13.0,13.0,11.0,,,,None,0.0,,1.0,4,1,2019_Jun_03_1258,FaceNameControl_Picture&Audio,3.0.4,60.01928513
103,FacesBlock3.xlsx,Rebecca.mp4,Rebecca.JPG,Rebecca,41,videoFrameRebecca.png,0,1,1,2,,,,,0.0,0.0,0.0,11.0,,,emma,"['e', 'm', 'm', 'a']",0.0,"[7.866523817181587, 8.099262868054211, 8.249200345017016, 8.366269365418702]",1.0,4,1,2019_Jun_03_1258,FaceNameControl_Picture&Audio,3.0.4,60.01928513
102,FacesBlock3.xlsx,Rebecca.mp4,Rebecca.JPG,Rebecca,41,videoFrameRebecca.png,0,1,1,2,0.0,0.0,0.0,11.0,,,,,2.0,1.835980102,,,,,,4,1,2019_Jun_03_1258,FaceNameControl_Picture&Audio,3.0.4,60.01928513
104,FacesBlock3.xlsx,Sarah.mp4,Sarah.JPG,Sarah,42,videoFrameSarah.png,0,1,1,2,0.0,8.0,8.0,12.0,,,,,2.0,1.052327561,,,,,,4,1,2019_Jun_03_1258,FaceNameControl_Picture&Audio,3.0.4,60.01928513
105,FacesBlock3.xlsx,Sarah.mp4,Sarah.JPG,Sarah,42,videoFrameSarah.png,0,1,1,2,,,,,0.0,14.0,14.0,12.0,,,,None,0.0,,1.0,4,1,2019_Jun_03_1258,FaceNameControl_Picture&Audio,3.0.4,60.01928513
106,FacesBlock3.xlsx,Shelby.mp4,Shelby.JPG,Shelby,43,videoFrameShelby.png,0,1,1,2,0.0,11.0,11.0,13.0,,,,,2.0,0.9858314420000001,,,,,,4,1,2019_Jun_03_1258,FaceNameControl_Picture&Audio,3.0.4,60.01928513
107,FacesBlock3.xlsx,Shelby.mp4,Shelby.JPG,Shelby,43,videoFrameShelby.png,0,1,1,2,,,,,0.0,12.0,12.0,13.0,,,,None,0.0,,1.0,4,1,2019_Jun_03_1258,FaceNameControl_Picture&Audio,3.0.4,60.01928513
108,FacesBlock2.xlsx,Steven.mp4,Steven.JPG,Steven,27,videoFrameSteven.png,0,2,2,1,0.0,13.0,13.0,12.0,,,,,1.0,0.703106606,,,,,,4,1,2019_Jun_03_1258,FaceNameControl_Picture&Audio,3.0.4,60.01928513
109,FacesBlock2.xlsx,Steven.mp4,Steven.JPG,Steven,27,videoFrameSteven.png,0,2,2,1,,,,,0.0,6.0,6.0,12.0,,,steven,"['s', 't', 'e', 'v', 'e', 'n']",1.0,"[3.101338886190206, 3.317226491868496, 3.4844741891138256, 3.6512379231862724, 3.7842254959978163, 3.90035786293447]",1.0,4,1,2019_Jun_03_1258,FaceNameControl_Picture&Audio,3.0.4,60.01928513
110,FacesBlock4.xlsx,Taylor.mp4,Taylor.JPG,Taylor,59,videoFrameTaylor.png,0,3,3,3,0.0,10.0,10.0,14.0,,,,,2.0,2.1524722990000003,,,,,,4,1,2019_Jun_03_1258,FaceNameControl_Picture&Audio,3.0.4,60.01928513
111,FacesBlock4.xlsx,Taylor.mp4,Taylor.JPG,Taylor,59,videoFrameTaylor.png,0,3,3,3,,,,,0.0,6.0,6.0,14.0,,,,None,0.0,,1.0,4,1,2019_Jun_03_1258,FaceNameControl_Picture&Audio,3.0.4,60.01928513
112,FacesBlock3.xlsx,Thomas.mp4,Thomas.JPG,Thomas,44,videoFrameThomas.png,0,1,1,2,0.0,9.0,9.0,14.0,,,,,1.0,0.485367557,,,,,,4,1,2019_Jun_03_1258,FaceNameControl_Picture&Audio,3.0.4,60.01928513
113,FacesBlock3.xlsx,Thomas.mp4,Thomas.JPG,Thomas,44,videoFrameThomas.png,0,1,1,2,,,,,0.0,8.0,8.0,14.0,,,,None,0.0,,1.0,4,1,2019_Jun_03_1258,FaceNameControl_Picture&Audio,3.0.4,60.01928513
114,FacesBlock1.xlsx,Timothy.mp4,Timothy.JPG,Timothy,14,videoFrameTimothy.png,0,0,0,0,0.0,6.0,6.0,14.0,,,,,1.0,0.519038825,,,,,,4,1,2019_Jun_03_1258,FaceNameControl_Picture&Audio,3.0.4,60.01928513
115,FacesBlock1.xlsx,Timothy.mp4,Timothy.JPG,Timothy,14,videoFrameTimothy.png,0,0,0,0,,,,,0.0,5.0,5.0,14.0,,,adam,"['a', 'd', 'a', 'm']",0.0,"[5.333652157802135, 6.516576918773353, 6.750082254875451, 6.899828207679093]",1.0,4,1,2019_Jun_03_1258,FaceNameControl_Picture&Audio,3.0.4,60.01928513
116,FacesBlock2.xlsx,Trevor.mp4,Trevor.JPG,Trevor,28,videoFrameTrevor.png,0,2,2,1,0.0,12.0,12.0,13.0,,,,,1.0,1.302566221,,,,,,4,1,2019_Jun_03_1258,FaceNameControl_Picture&Audio,3.0.4,60.01928513
117,FacesBlock2.xlsx,Trevor.mp4,Trevor.JPG,Trevor,28,videoFrameTrevor.png,0,2,2,1,,,,,0.0,4.0,4.0,13.0,,,,None,0.0,,1.0,4,1,2019_Jun_03_1258,FaceNameControl_Picture&Audio,3.0.4,60.01928513
118,FacesBlock2.xlsx,Tyler.mp4,Tyler.JPG,Tyler,29,videoFrameTyler.png,0,2,2,1,0.0,8.0,8.0,14.0,,,,,1.0,1.068882328,,,,,,4,1,2019_Jun_03_1258,FaceNameControl_Picture&Audio,3.0.4,60.01928513
119,FacesBlock2.xlsx,Tyler.mp4,Tyler.JPG,Tyler,29,videoFrameTyler.png,0,2,2,1,,,,,0.0,12.0,12.0,14.0,,,,None,0.0,,1.0,4,1,2019_Jun_03_1258,FaceNameControl_Picture&Audio,3.0.4,60.01928513
