,condsFile,Video,Photo,Name,Row,videoFrame,blocks.thisRepN,blocks.thisTrialN,blocks.thisN,blocks.thisIndex,presentations.thisRepN,presentations.thisTrialN,presentations.thisN,presentations.thisIndex,testing.thisRepN,testing.thisTrialN,testing.thisN,testing.thisIndex,judgementResp.keys,judgementResp.rt,inputText,key_resp_3.keys,recallRating_s,key_resp_3.rt,rating_resp.keys,participant,session,date,expName,psychopyVersion,frameRate
0,FacesBlock2.xlsx,Aaron.mp4,Aaron.JPG,Aaron,15,videoFrameAaron.png,0,2,2,1,0.0,7.0,7.0,0.0,,,,,1.0,0.385878887,,,,,,5,1,2019_Jun_03_1409,FaceNameControl_Picture&Audio,3.0.4,60.04826346
1,FacesBlock2.xlsx,Aaron.mp4,Aaron.JPG,Aaron,15,videoFrameAaron.png,0,2,2,1,,,,,0.0,11.0,11.0,0.0,,,cody,"['c', 'o', 'd', 'y']",0.0,"[4.251026259269565, 4.415710442233831, 4.61770575819537, 4.851035353261977]",2.0,5,1,2019_Jun_03_1409,FaceNameControl_Picture&Audio,3.0.4,60.04826346
2,FacesBlock1.xlsx,Adam.mp4,Adam.JPG,Adam,0,videoFrameAdam.png,0,3,3,0,0.0,11.0,11.0,0.0,,,,,1.0,0.16913934100000003,,,,,,5,1,2019_Jun_03_1409,FaceNameControl_Picture&Audio,3.0.4,60.04826346
3,FacesBlock1.xlsx,Adam.mp4,Adam.JPG,Adam,0,videoFrameAdam.png,0,3,3,0,,,,,0.0,5.0,5.0,0.0,,,,None,0.0,,1.0,5,1,2019_Jun_03_1409,FaceNameControl_Picture&Audio,3.0.4,60.04826346
4,FacesBlock4.xlsx,Alyssa.mp4,Alyssa.JPG,Alyssa,45,videoFrameAlyssa.png,0,1,1,3,0.0,7.0,7.0,0.0,,,,,2.0,0.586108155,,,,,,5,1,2019_Jun_03_1409,FaceNameControl_Picture&Audio,3.0.4,60.04826346
5,FacesBlock4.xlsx,Alyssa.mp4,Alyssa.JPG,Alyssa,45,videoFrameAlyssa.png,0,1,1,3,,,,,0.0,7.0,7.0,0.0,,,,None,0.0,,1.0,5,1,2019_Jun_03_1409,FaceNameControl_Picture&Audio,3.0.4,60.04826346
6,FacesBlock1.xlsx,Amanda.mp4,Amanda.JPG,Amanda,1,videoFrameAmanda.png,0,3,3,0,0.0,1.0,1.0,1.0,,,,,2.0,1.43603982,,,,,,5,1,2019_Jun_03_1409,FaceNameControl_Picture&Audio,3.0.4,60.04826346
7,FacesBlock1.xlsx,Amanda.mp4,Amanda.JPG,Amanda,1,videoFrameAmanda.png,0,3,3,0,,,,,0.0,8.0,8.0,1.0,,,amanda,"['a', 'm', 'a', 'n', 'd', 'a']",1.0,"[1.917899910826236, 2.0846295580267906, 2.2181956050917506, 2.399409473873675, 2.4844472957774997, 2.584332069847733]",4.0,5,1,2019_Jun_03_1409,FaceNameControl_Picture&Audio,3.0.4,60.04826346
8,FacesBlock4.xlsx,Andrew.mp4,Andrew.JPG,Andrew,46,videoFrameAndrew.png,0,1,1,3,0.0,10.0,10.0,1.0,,,,,1.0,0.5362751339999999,,,,,,5,1,2019_Jun_03_1409,FaceNameControl_Picture&Audio,3.0.4,60.04826346
9,FacesBlock4.xlsx,Andrew.mp4,Andrew.JPG,Andrew,46,videoFrameAndrew.png,0,1,1,3,,,,,0.0,14.0,14.0,1.0,,,andrew,"['a', 'n', 'd', 'r', 'e', 'w']",1.0,"[3.1013608961366117, 3.2515725949779153, 3.5005230950191617, 3.8011316312476993, 4.051006346940994, 4.100283745210618]",1.0,5,1,2019_Jun_03_1409,FaceNameControl_Picture&Audio,3.0.4,60.04826346
10,FacesBlock4.xlsx,Anna.mp4,Anna.JPG,Anna,47,videoFrameAnna.png,0,1,1,3,0.0,13.0,13.0,2.0,,,,,2.0,0.436468662,,,,,,5,1,2019_Jun_03_1409,FaceNameControl_Picture&Audio,3.0.4,60.04826346
11,FacesBlock4.xlsx,Anna.mp4,Anna.JPG,Anna,47,videoFrameAnna.png,0,1,1,3,,,,,0.0,1.0,1.0,2.0,,,,None,0.0,,1.0,5,1,2019_Jun_03_1409,FaceNameControl_Picture&Audio,3.0.4,60.04826346
12,FacesBlock2.xlsx,Ashley.mp4,Ashley.JPG,Ashley,16,videoFrameAshley.png,0,2,2,1,0.0,5.0,5.0,1.0,,,,,2.0,0.43648356899999996,,,,,,5,1,2019_Jun_03_1409,FaceNameControl_Picture&Audio,3.0.4,60.04826346
13,FacesBlock2.xlsx,Ashley.mp4,Ashley.JPG,Ashley,16,videoFrameAshley.png,0,2,2,1,,,,,0.0,6.0,6.0,1.0,,,heather,"['h', 'e', 'a', 't', 'h', 'e', 'r']",0.0,"[2.2185293552465737, 2.3347807992249727, 2.418308063875884, 3.417297509033233, 3.5516265952028334, 3.684537879191339, 3.800441887229681]",2.0,5,1,2019_Jun_03_1409,FaceNameControl_Picture&Audio,3.0.4,60.04826346
15,FacesBlock1.xlsx,Bradley.mp4,Bradley.JPG,Bradley,2,videoFrameBradley.png,0,3,3,0,,,,,0.0,2.0,2.0,2.0,,,kyle,"['k', 'y', 'l', 'e']",0.0,"[4.151399729307741, 4.551631552167237, 4.868297531269491, 4.934393580071628]",4.0,5,1,2019_Jun_03_1409,FaceNameControl_Picture&Audio,3.0.4,60.04826346
14,FacesBlock1.xlsx,Bradley.mp4,Bradley.JPG,Bradley,2,videoFrameBradley.png,0,3,3,0,0.0,14.0,14.0,2.0,,,,,1.0,0.552638365,,,,,,5,1,2019_Jun_03_1409,FaceNameControl_Picture&Audio,3.0.4,60.04826346
16,FacesBlock4.xlsx,Brandon.mp4,Brandon.JPG,Brandon,48,videoFrameBrandon.png,0,1,1,3,0.0,9.0,9.0,3.0,,,,,1.0,0.536376371,,,,,,5,1,2019_Jun_03_1409,FaceNameControl_Picture&Audio,3.0.4,60.04826346
17,FacesBlock4.xlsx,Brandon.mp4,Brandon.JPG,Brandon,48,videoFrameBrandon.png,0,1,1,3,,,,,0.0,8.0,8.0,3.0,,,,None,0.0,,1.0,5,1,2019_Jun_03_1409,FaceNameControl_Picture&Audio,3.0.4,60.04826346
18,FacesBlock4.xlsx,Brian.mp4,Brian.JPG,Brian,49,videoFrameBrian.png,0,1,1,3,0.0,3.0,3.0,4.0,,,,,1.0,1.186643175,,,,,,5,1,2019_Jun_03_1409,FaceNameControl_Picture&Audio,3.0.4,60.04826346
19,FacesBlock4.xlsx,Brian.mp4,Brian.JPG,Brian,49,videoFrameBrian.png,0,1,1,3,,,,,0.0,0.0,0.0,4.0,,,brian,"['b', 'r', 'i', 'a', 'n']",1.0,"[2.951734547968954, 3.1345995268784463, 3.2517847106792033, 3.367947991937399, 3.5013923356309533]",2.0,5,1,2019_Jun_03_1409,FaceNameControl_Picture&Audio,3.0.4,60.04826346
20,FacesBlock4.xlsx,Brianna.mp4,Brianna.JPG,Brianna,50,videoFrameBrianna.png,0,1,1,3,0.0,14.0,14.0,5.0,,,,,2.0,1.036012983,,,,,,5,1,2019_Jun_03_1409,FaceNameControl_Picture&Audio,3.0.4,60.04826346
21,FacesBlock4.xlsx,Brianna.mp4,Brianna.JPG,Brianna,50,videoFrameBrianna.png,0,1,1,3,,,,,0.0,10.0,10.0,5.0,,,,None,0.0,,1.0,5,1,2019_Jun_03_1409,FaceNameControl_Picture&Audio,3.0.4,60.04826346
22,FacesBlock2.xlsx,Brittany.mp4,Brittany.JPG,Brittany,17,videoFrameBrittany.png,0,2,2,1,0.0,2.0,2.0,2.0,,,,,2.0,0.83627206,,,,,,5,1,2019_Jun_03_1409,FaceNameControl_Picture&Audio,3.0.4,60.04826346
23,FacesBlock2.xlsx,Brittany.mp4,Brittany.JPG,Brittany,17,videoFrameBrittany.png,0,2,2,1,,,,,0.0,2.0,2.0,2.0,,,britney,"['b', 'r', 'i', 't', 'n', 'e', 'y']",1.0,"[3.751819001045078, 4.118553739972413, 4.28483532788232, 4.784679241012782, 5.117053005844355, 5.70100137591362, 5.817662565968931]",3.0,5,1,2019_Jun_03_1409,FaceNameControl_Picture&Audio,3.0.4,60.04826346
24,FacesBlock4.xlsx,Caleb.mp4,Caleb.JPG,Caleb,51,videoFrameCaleb.png,0,1,1,3,0.0,8.0,8.0,6.0,,,,,1.0,0.302838,,,,,,5,1,2019_Jun_03_1409,FaceNameControl_Picture&Audio,3.0.4,60.04826346
25,FacesBlock4.xlsx,Caleb.mp4,Caleb.JPG,Caleb,51,videoFrameCaleb.png,0,1,1,3,,,,,0.0,12.0,12.0,6.0,,,,None,0.0,,1.0,5,1,2019_Jun_03_1409,FaceNameControl_Picture&Audio,3.0.4,60.04826346
26,FacesBlock2.xlsx,Cody.mp4,Cody.JPG,Cody,18,videoFrameCody.png,0,2,2,1,0.0,12.0,12.0,3.0,,,,,1.0,1.002059952,,,,,,5,1,2019_Jun_03_1409,FaceNameControl_Picture&Audio,3.0.4,60.04826346
27,FacesBlock2.xlsx,Cody.mp4,Cody.JPG,Cody,18,videoFrameCody.png,0,2,2,1,,,,,0.0,13.0,13.0,3.0,,,cody,"['c', 'o', 'd', 'y']",1.0,"[1.1999387280084193, 1.3359702359884977, 1.5187959158793092, 1.635576939675957]",4.0,5,1,2019_Jun_03_1409,FaceNameControl_Picture&Audio,3.0.4,60.04826346
29,FacesBlock3.xlsx,Courtney.mp4,Courtney.JPG,Courtney,30,videoFrameCourtney.png,0,0,0,2,,,,,0.0,5.0,5.0,0.0,,,,None,0.0,,1.0,5,1,2019_Jun_03_1409,FaceNameControl_Picture&Audio,3.0.4,60.04826346
28,FacesBlock3.xlsx,Courtney.mp4,Courtney.JPG,Courtney,30,videoFrameCourtney.png,0,0,0,2,0.0,13.0,13.0,0.0,,,,,2.0,0.119661197,,,,,,5,1,2019_Jun_03_1409,FaceNameControl_Picture&Audio,3.0.4,60.04826346
30,FacesBlock3.xlsx,Daniel.mp4,Daniel.JPG,Daniel,31,videoFrameDaniel.png,0,0,0,2,0.0,2.0,2.0,1.0,,,,,1.0,0.61927571,,,,,,5,1,2019_Jun_03_1409,FaceNameControl_Picture&Audio,3.0.4,60.04826346
31,FacesBlock3.xlsx,Daniel.mp4,Daniel.JPG,Daniel,31,videoFrameDaniel.png,0,0,0,2,,,,,0.0,8.0,8.0,1.0,,,,None,0.0,,1.0,5,1,2019_Jun_03_1409,FaceNameControl_Picture&Audio,3.0.4,60.04826346
32,FacesBlock1.xlsx,Danielle.mp4,Danielle.JPG,Danielle,3,videoFrameDanielle.png,0,3,3,0,0.0,5.0,5.0,3.0,,,,,2.0,0.302623527,,,,,,5,1,2019_Jun_03_1409,FaceNameControl_Picture&Audio,3.0.4,60.04826346
33,FacesBlock1.xlsx,Danielle.mp4,Danielle.JPG,Danielle,3,videoFrameDanielle.png,0,3,3,0,,,,,0.0,0.0,0.0,3.0,,,danielle,"['d', 'a', 'n', 'i', 'e', 'l', 'l', 'e']",1.0,"[2.634898459073156, 2.734287845902145, 2.834575330838561, 2.9837069022469223, 3.117489941883832, 3.2675382620655, 3.4322848790325224, 3.4673800519667566]",4.0,5,1,2019_Jun_03_1409,FaceNameControl_Picture&Audio,3.0.4,60.04826346
34,FacesBlock2.xlsx,David.mp4,David.JPG,David,19,videoFrameDavid.png,0,2,2,1,0.0,11.0,11.0,4.0,,,,,1.0,0.153220485,,,,,,5,1,2019_Jun_03_1409,FaceNameControl_Picture&Audio,3.0.4,60.04826346
35,FacesBlock2.xlsx,David.mp4,David.JPG,David,19,videoFrameDavid.png,0,2,2,1,,,,,0.0,12.0,12.0,4.0,,,tyler,"['t', 'y', 'l', 'e', 'r']",0.0,"[6.884125062264502, 7.132983425166458, 7.416419648099691, 7.533051426988095, 7.699658307246864]",2.0,5,1,2019_Jun_03_1409,FaceNameControl_Picture&Audio,3.0.4,60.04826346
36,FacesBlock4.xlsx,Dylan.mp4,Dylan.JPG,Dylan,52,videoFrameDylan.png,0,1,1,3,0.0,12.0,12.0,7.0,,,,,1.0,0.402656856,,,,,,5,1,2019_Jun_03_1409,FaceNameControl_Picture&Audio,3.0.4,60.04826346
37,FacesBlock4.xlsx,Dylan.mp4,Dylan.JPG,Dylan,52,videoFrameDylan.png,0,1,1,3,,,,,0.0,2.0,2.0,7.0,,,,None,0.0,,1.0,5,1,2019_Jun_03_1409,FaceNameControl_Picture&Audio,3.0.4,60.04826346
38,FacesBlock4.xlsx,Emily.mp4,Emily.JPG,Emily,53,videoFrameEmily.png,0,1,1,3,0.0,2.0,2.0,8.0,,,,,2.0,1.7353235880000002,,,,,,5,1,2019_Jun_03_1409,FaceNameControl_Picture&Audio,3.0.4,60.04826346
39,FacesBlock4.xlsx,Emily.mp4,Emily.JPG,Emily,53,videoFrameEmily.png,0,1,1,3,,,,,0.0,4.0,4.0,8.0,,,,None,0.0,,1.0,5,1,2019_Jun_03_1409,FaceNameControl_Picture&Audio,3.0.4,60.04826346
40,FacesBlock1.xlsx,Eric.mp4,Eric.JPG,Eric,4,videoFrameEric.png,0,3,3,0,0.0,8.0,8.0,4.0,,,,,1.0,0.286316865,,,,,,5,1,2019_Jun_03_1409,FaceNameControl_Picture&Audio,3.0.4,60.04826346
41,FacesBlock1.xlsx,Eric.mp4,Eric.JPG,Eric,4,videoFrameEric.png,0,3,3,0,,,,,0.0,7.0,7.0,4.0,,,tim,"['t', 'i', 'm', 'o', 'n', 't', 'y', 'backspace', 'backspace', 'backspace', 'backspace']",0.0,"[2.0007867831736803, 2.1855740672908723, 3.2178105884231627, 3.6009107884019613, 3.867130557075143, 4.117520469240844, 4.434101247228682, 5.4478945401497185, 5.633004893083125, 5.848440244328231, 6.066160367336124]",1.0,5,1,2019_Jun_03_1409,FaceNameControl_Picture&Audio,3.0.4,60.04826346
43,FacesBlock1.xlsx,Ethan.mp4,Ethan.JPG,Ethan,5,videoFrameEthan.png,0,3,3,0,,,,,0.0,3.0,3.0,5.0,,,,None,0.0,,1.0,5,1,2019_Jun_03_1409,FaceNameControl_Picture&Audio,3.0.4,60.04826346
42,FacesBlock1.xlsx,Ethan.mp4,Ethan.JPG,Ethan,5,videoFrameEthan.png,0,3,3,0,0.0,0.0,0.0,5.0,,,,,1.0,3.6852084460000003,,,,,,5,1,2019_Jun_03_1409,FaceNameControl_Picture&Audio,3.0.4,60.04826346
44,FacesBlock4.xlsx,Grace.mp4,Grace.JPG,Grace,54,videoFrameGrace.png,0,1,1,3,0.0,11.0,11.0,9.0,,,,,2.0,0.41963399700000004,,,,,,5,1,2019_Jun_03_1409,FaceNameControl_Picture&Audio,3.0.4,60.04826346
45,FacesBlock4.xlsx,Grace.mp4,Grace.JPG,Grace,54,videoFrameGrace.png,0,1,1,3,,,,,0.0,5.0,5.0,9.0,,,,None,0.0,,1.0,5,1,2019_Jun_03_1409,FaceNameControl_Picture&Audio,3.0.4,60.04826346
46,FacesBlock2.xlsx,Haley.mp4,Haley.JPG,Haley,20,videoFrameHaley.png,0,2,2,1,0.0,10.0,10.0,5.0,,,,,2.0,0.23708621100000002,,,,,,5,1,2019_Jun_03_1409,FaceNameControl_Picture&Audio,3.0.4,60.04826346
47,FacesBlock2.xlsx,Haley.mp4,Haley.JPG,Haley,20,videoFrameHaley.png,0,2,2,1,,,,,0.0,3.0,3.0,5.0,,,susan,"['s', 'u', 'a', 'n', 'backspace', 'backspace', 's', 'a', 'n']",0.0,"[6.383472586981952, 6.5503240576945245, 6.667349180672318, 6.817189747933298, 7.483076452743262, 7.632815891876817, 7.717089616693556, 7.849507867824286, 8.081462800037116]",1.0,5,1,2019_Jun_03_1409,FaceNameControl_Picture&Audio,3.0.4,60.04826346
48,FacesBlock1.xlsx,Hannah.mp4,Hannah.JPG,Hannah,6,videoFrameHannah.png,0,3,3,0,0.0,6.0,6.0,6.0,,,,,2.0,1.385938371,,,,,,5,1,2019_Jun_03_1409,FaceNameControl_Picture&Audio,3.0.4,60.04826346
49,FacesBlock1.xlsx,Hannah.mp4,Hannah.JPG,Hannah,6,videoFrameHannah.png,0,3,3,0,,,,,0.0,10.0,10.0,6.0,,,hannah,"['h', 'a', 'n', 'n', 'a', 'h']",1.0,"[1.7350209667347372, 1.8523954427801073, 2.0182518176734447, 2.1848725345917046, 2.3012157888151705, 2.550941749010235]",4.0,5,1,2019_Jun_03_1409,FaceNameControl_Picture&Audio,3.0.4,60.04826346
50,FacesBlock2.xlsx,Heather.mp4,Heather.JPG,Heather,21,videoFrameHeather.png,0,2,2,1,0.0,3.0,3.0,6.0,,,,,2.0,0.33642940200000004,,,,,,5,1,2019_Jun_03_1409,FaceNameControl_Picture&Audio,3.0.4,60.04826346
51,FacesBlock2.xlsx,Heather.mp4,Heather.JPG,Heather,21,videoFrameHeather.png,0,2,2,1,,,,,0.0,8.0,8.0,6.0,,,heather,"['h', 'e', 'a', 't', 'h', 'e', 'r']",1.0,"[3.0172067652456462, 3.084782280959189, 3.167748225852847, 3.634123564232141, 3.748999737203121, 3.8176251710392535, 3.9339833650738]",2.0,5,1,2019_Jun_03_1409,FaceNameControl_Picture&Audio,3.0.4,60.04826346
52,FacesBlock3.xlsx,Jacob.mp4,Jacob.JPG,Jacob,32,videoFrameJacob.png,0,0,0,2,0.0,10.0,10.0,2.0,,,,,1.0,0.266917144,,,,,,5,1,2019_Jun_03_1409,FaceNameControl_Picture&Audio,3.0.4,60.04826346
53,FacesBlock3.xlsx,Jacob.mp4,Jacob.JPG,Jacob,32,videoFrameJacob.png,0,0,0,2,,,,,0.0,1.0,1.0,2.0,,,jason,"['j', 'a', 's', 'o', 'n', 'space', '2', 'backspace']",0.0,"[2.932212718296796, 3.134519437327981, 3.2678130250424147, 3.90053946711123, 4.234339850954711, 6.533453076146543, 8.282891436945647, 9.082215286325663]",2.0,5,1,2019_Jun_03_1409,FaceNameControl_Picture&Audio,3.0.4,60.04826346
54,FacesBlock4.xlsx,Jason.mp4,Jason.JPG,Jason,55,videoFrameJason.png,0,1,1,3,0.0,1.0,1.0,10.0,,,,,1.0,1.253122847,,,,,,5,1,2019_Jun_03_1409,FaceNameControl_Picture&Audio,3.0.4,60.04826346
55,FacesBlock4.xlsx,Jason.mp4,Jason.JPG,Jason,55,videoFrameJason.png,0,1,1,3,,,,,0.0,13.0,13.0,10.0,,,,None,0.0,,1.0,5,1,2019_Jun_03_1409,FaceNameControl_Picture&Audio,3.0.4,60.04826346
56,FacesBlock1.xlsx,Jenna.mp4,Jenna.JPG,Jenna,7,videoFrameJenna.png,0,3,3,0,0.0,10.0,10.0,7.0,,,,,2.0,0.936031635,,,,,,5,1,2019_Jun_03_1409,FaceNameControl_Picture&Audio,3.0.4,60.04826346
57,FacesBlock1.xlsx,Jenna.mp4,Jenna.JPG,Jenna,7,videoFrameJenna.png,0,3,3,0,,,,,0.0,11.0,11.0,7.0,,,,None,0.0,,1.0,5,1,2019_Jun_03_1409,FaceNameControl_Picture&Audio,3.0.4,60.04826346
59,FacesBlock2.xlsx,Jeremy.mp4,Jeremy.JPG,Jeremy,22,videoFrameJeremy.png,0,2,2,1,,,,,0.0,0.0,0.0,7.0,,,tyler,"['t', 'y', 'semicolon', 'l', 'e', 'r']",0.0,"[3.0515513699501753, 3.2848272612318397, 3.5012501822784543, 4.384191181045026, 4.484619379043579, 4.583815133199096]",3.0,5,1,2019_Jun_03_1409,FaceNameControl_Picture&Audio,3.0.4,60.04826346
58,FacesBlock2.xlsx,Jeremy.mp4,Jeremy.JPG,Jeremy,22,videoFrameJeremy.png,0,2,2,1,0.0,4.0,4.0,7.0,,,,,1.0,0.5534132660000001,,,,,,5,1,2019_Jun_03_1409,FaceNameControl_Picture&Audio,3.0.4,60.04826346
60,FacesBlock1.xlsx,Jessica.mp4,Jessica.JPG,Jessica,8,videoFrameJessica.png,0,3,3,0,0.0,3.0,3.0,8.0,,,,,2.0,0.586524089,,,,,,5,1,2019_Jun_03_1409,FaceNameControl_Picture&Audio,3.0.4,60.04826346
61,FacesBlock1.xlsx,Jessica.mp4,Jessica.JPG,Jessica,8,videoFrameJessica.png,0,3,3,0,,,,,0.0,1.0,1.0,8.0,,,jessica,"['j', 'e', 's', 's', 'i', 'c', 'a']",1.0,"[5.767791433725506, 5.951001153793186, 6.084346376825124, 6.366717192810029, 6.55060316901654, 6.667367654852569, 6.766614731866866]",1.0,5,1,2019_Jun_03_1409,FaceNameControl_Picture&Audio,3.0.4,60.04826346
62,FacesBlock2.xlsx,Josh.mp4,Josh.JPG,Josh,23,videoFrameJosh.png,0,2,2,1,0.0,14.0,14.0,8.0,,,,,1.0,0.435539081,,,,,,5,1,2019_Jun_03_1409,FaceNameControl_Picture&Audio,3.0.4,60.04826346
63,FacesBlock2.xlsx,Josh.mp4,Josh.JPG,Josh,23,videoFrameJosh.png,0,2,2,1,,,,,0.0,4.0,4.0,8.0,,,ross,"['r', 'o', 's', 's']",0.0,"[4.234099954366684, 4.400654289405793, 4.567321825306863, 4.750099108088762]",1.0,5,1,2019_Jun_03_1409,FaceNameControl_Picture&Audio,3.0.4,60.04826346
64,FacesBlock1.xlsx,Julia.mp4,Julia.JPG,Julia,9,videoFrameJulia.png,0,3,3,0,0.0,13.0,13.0,9.0,,,,,2.0,0.203041523,,,,,,5,1,2019_Jun_03_1409,FaceNameControl_Picture&Audio,3.0.4,60.04826346
65,FacesBlock1.xlsx,Julia.mp4,Julia.JPG,Julia,9,videoFrameJulia.png,0,3,3,0,,,,,0.0,9.0,9.0,9.0,,,,None,0.0,,1.0,5,1,2019_Jun_03_1409,FaceNameControl_Picture&Audio,3.0.4,60.04826346
66,FacesBlock2.xlsx,Justin.mp4,Justin.JPG,Justin,24,videoFrameJustin.png,0,2,2,1,0.0,8.0,8.0,9.0,,,,,2.0,0.236378505,,,,,,5,1,2019_Jun_03_1409,FaceNameControl_Picture&Audio,3.0.4,60.04826346
67,FacesBlock2.xlsx,Justin.mp4,Justin.JPG,Justin,24,videoFrameJustin.png,0,2,2,1,,,,,0.0,7.0,7.0,9.0,,,ryan,"['r', 'y', 'a', 'n']",0.0,"[2.584676274098456, 2.901689268182963, 3.0682260734029114, 3.251333609223366]",1.0,5,1,2019_Jun_03_1409,FaceNameControl_Picture&Audio,3.0.4,60.04826346
68,FacesBlock4.xlsx,Katie.mp4,Katie.JPG,Katie,56,videoFrameKatie.png,0,1,1,3,0.0,6.0,6.0,11.0,,,,,2.0,0.73622429,,,,,,5,1,2019_Jun_03_1409,FaceNameControl_Picture&Audio,3.0.4,60.04826346
69,FacesBlock4.xlsx,Katie.mp4,Katie.JPG,Katie,56,videoFrameKatie.png,0,1,1,3,,,,,0.0,9.0,9.0,11.0,,,,None,0.0,,1.0,5,1,2019_Jun_03_1409,FaceNameControl_Picture&Audio,3.0.4,60.04826346
70,FacesBlock3.xlsx,Kayla.mp4,Kayla.JPG,Kayla,33,videoFrameKayla.png,0,0,0,2,0.0,3.0,3.0,3.0,,,,,2.0,0.53693167,,,,,,5,1,2019_Jun_03_1409,FaceNameControl_Picture&Audio,3.0.4,60.04826346
71,FacesBlock3.xlsx,Kayla.mp4,Kayla.JPG,Kayla,33,videoFrameKayla.png,0,0,0,2,,,,,0.0,2.0,2.0,3.0,,,,None,0.0,,1.0,5,1,2019_Jun_03_1409,FaceNameControl_Picture&Audio,3.0.4,60.04826346
73,FacesBlock1.xlsx,Kelsey.mp4,Kelsey.JPG,Kelsey,10,videoFrameKelsey.png,0,3,3,0,,,,,0.0,6.0,6.0,10.0,,,,None,0.0,,1.0,5,1,2019_Jun_03_1409,FaceNameControl_Picture&Audio,3.0.4,60.04826346
72,FacesBlock1.xlsx,Kelsey.mp4,Kelsey.JPG,Kelsey,10,videoFrameKelsey.png,0,3,3,0,0.0,9.0,9.0,10.0,,,,,2.0,0.33662271899999996,,,,,,5,1,2019_Jun_03_1409,FaceNameControl_Picture&Audio,3.0.4,60.04826346
74,FacesBlock3.xlsx,Kevin.mp4,Kevin.JPG,Kevin,34,videoFrameKevin.png,0,0,0,2,0.0,8.0,8.0,4.0,,,,,1.0,0.602236246,,,,,,5,1,2019_Jun_03_1409,FaceNameControl_Picture&Audio,3.0.4,60.04826346
75,FacesBlock3.xlsx,Kevin.mp4,Kevin.JPG,Kevin,34,videoFrameKevin.png,0,0,0,2,,,,,0.0,11.0,11.0,4.0,,,,None,0.0,,1.0,5,1,2019_Jun_03_1409,FaceNameControl_Picture&Audio,3.0.4,60.04826346
76,FacesBlock1.xlsx,Kyle.mp4,Kyle.JPG,Kyle,11,videoFrameKyle.png,0,3,3,0,0.0,4.0,4.0,11.0,,,,,1.0,0.21982307,,,,,,5,1,2019_Jun_03_1409,FaceNameControl_Picture&Audio,3.0.4,60.04826346
77,FacesBlock1.xlsx,Kyle.mp4,Kyle.JPG,Kyle,11,videoFrameKyle.png,0,3,3,0,,,,,0.0,4.0,4.0,11.0,,,,None,0.0,,1.0,5,1,2019_Jun_03_1409,FaceNameControl_Picture&Audio,3.0.4,60.04826346
78,FacesBlock3.xlsx,Lauren.mp4,Lauren.JPG,Lauren,35,videoFrameLauren.png,0,0,0,2,0.0,6.0,6.0,5.0,,,,,2.0,0.286191092,,,,,,5,1,2019_Jun_03_1409,FaceNameControl_Picture&Audio,3.0.4,60.04826346
79,FacesBlock3.xlsx,Lauren.mp4,Lauren.JPG,Lauren,35,videoFrameLauren.png,0,0,0,2,,,,,0.0,9.0,9.0,5.0,,,,None,0.0,,1.0,5,1,2019_Jun_03_1409,FaceNameControl_Picture&Audio,3.0.4,60.04826346
80,FacesBlock3.xlsx,Mark.mp4,Mark.JPG,Mark,36,videoFrameMark.png,0,0,0,2,0.0,11.0,11.0,6.0,,,,,1.0,0.21963024,,,,,,5,1,2019_Jun_03_1409,FaceNameControl_Picture&Audio,3.0.4,60.04826346
81,FacesBlock3.xlsx,Mark.mp4,Mark.JPG,Mark,36,videoFrameMark.png,0,0,0,2,,,,,0.0,7.0,7.0,6.0,,,,None,0.0,,1.0,5,1,2019_Jun_03_1409,FaceNameControl_Picture&Audio,3.0.4,60.04826346
82,FacesBlock1.xlsx,Matthew.mp4,Matthew.JPG,Matthew,12,videoFrameMatthew.png,0,3,3,0,0.0,12.0,12.0,12.0,,,,,1.0,0.203594883,,,,,,5,1,2019_Jun_03_1409,FaceNameControl_Picture&Audio,3.0.4,60.04826346
83,FacesBlock1.xlsx,Matthew.mp4,Matthew.JPG,Matthew,12,videoFrameMatthew.png,0,3,3,0,,,,,0.0,14.0,14.0,12.0,,,aaron,"['a', 'a', 'r', 'o', 'n']",0.0,"[2.8189795529469848, 3.016824589110911, 3.2851554257795215, 3.4354969640262425, 3.6520003979094326]",1.0,5,1,2019_Jun_03_1409,FaceNameControl_Picture&Audio,3.0.4,60.04826346
84,FacesBlock2.xlsx,Megan.mp4,Megan.JPG,Megan,25,videoFrameMegan.png,0,2,2,1,0.0,9.0,9.0,10.0,,,,,2.0,0.48604467700000004,,,,,,5,1,2019_Jun_03_1409,FaceNameControl_Picture&Audio,3.0.4,60.04826346
85,FacesBlock2.xlsx,Megan.mp4,Megan.JPG,Megan,25,videoFrameMegan.png,0,2,2,1,,,,,0.0,9.0,9.0,10.0,,,susan,"['s', 'u', 'backspace', 'backspace', 's', 'u', 'a', 'n', 'backspace', 'backspace', 's', 'a', 'n']",0.0,"[4.601445556618273, 5.084587590768933, 6.30004464276135, 6.516092414036393, 7.100054593756795, 7.267001010011882, 7.433733497746289, 7.633782229851931, 8.115809317678213, 8.2665483658202, 8.383363923057914, 8.53379066567868, 9.08247994678095]",1.0,5,1,2019_Jun_03_1409,FaceNameControl_Picture&Audio,3.0.4,60.04826346
87,FacesBlock4.xlsx,Michael.mp4,Michael.JPG,Michael,57,videoFrameMichael.png,0,1,1,3,,,,,0.0,6.0,6.0,12.0,,,,None,0.0,,1.0,5,1,2019_Jun_03_1409,FaceNameControl_Picture&Audio,3.0.4,60.04826346
86,FacesBlock4.xlsx,Michael.mp4,Michael.JPG,Michael,57,videoFrameMichael.png,0,1,1,3,0.0,5.0,5.0,12.0,,,,,1.0,0.736134462,,,,,,5,1,2019_Jun_03_1409,FaceNameControl_Picture&Audio,3.0.4,60.04826346
89,FacesBlock4.xlsx,Michelle.mp4,Michelle.JPG,Michelle,58,videoFrameMichelle.png,0,1,1,3,,,,,0.0,11.0,11.0,13.0,,,grace,"['g', 'r', 'a', 'c', 'e']",0.0,"[4.38372214185074, 4.550860387738794, 4.617378276772797, 4.93329546879977, 5.0831382889300585]",2.0,5,1,2019_Jun_03_1409,FaceNameControl_Picture&Audio,3.0.4,60.04826346
88,FacesBlock4.xlsx,Michelle.mp4,Michelle.JPG,Michelle,58,videoFrameMichelle.png,0,1,1,3,0.0,4.0,4.0,13.0,,,,,2.0,0.586534983,,,,,,5,1,2019_Jun_03_1409,FaceNameControl_Picture&Audio,3.0.4,60.04826346
90,FacesBlock1.xlsx,Natalie.mp4,Natalie.JPG,Natalie,13,videoFrameNatalie.png,0,3,3,0,0.0,2.0,2.0,13.0,,,,,2.0,0.869500287,,,,,,5,1,2019_Jun_03_1409,FaceNameControl_Picture&Audio,3.0.4,60.04826346
91,FacesBlock1.xlsx,Natalie.mp4,Natalie.JPG,Natalie,13,videoFrameNatalie.png,0,3,3,0,,,,,0.0,13.0,13.0,13.0,,,natalie,"['n', 'a', 't', 'a', 'l', 'i', 'e']",1.0,"[1.868474648334086, 2.0022431411780417, 2.25219943234697, 2.4523221403360367, 3.7679070229642093, 4.01819141022861, 4.16820026608184]",2.0,5,1,2019_Jun_03_1409,FaceNameControl_Picture&Audio,3.0.4,60.04826346
92,FacesBlock3.xlsx,Nathan.mp4,Nathan.JPG,Nathan,37,videoFrameNathan.png,0,0,0,2,0.0,5.0,5.0,7.0,,,,,1.0,0.269914279,,,,,,5,1,2019_Jun_03_1409,FaceNameControl_Picture&Audio,3.0.4,60.04826346
93,FacesBlock3.xlsx,Nathan.mp4,Nathan.JPG,Nathan,37,videoFrameNathan.png,0,0,0,2,,,,,0.0,13.0,13.0,7.0,,,,None,0.0,,1.0,5,1,2019_Jun_03_1409,FaceNameControl_Picture&Audio,3.0.4,60.04826346
94,FacesBlock3.xlsx,Nicole.mp4,Nicole.JPG,Nicole,38,videoFrameNicole.png,0,0,0,2,0.0,0.0,0.0,8.0,,,,,1.0,0.602606918,,,,,,5,1,2019_Jun_03_1409,FaceNameControl_Picture&Audio,3.0.4,60.04826346
95,FacesBlock3.xlsx,Nicole.mp4,Nicole.JPG,Nicole,38,videoFrameNicole.png,0,0,0,2,,,,,0.0,4.0,4.0,8.0,,,,None,0.0,,1.0,5,1,2019_Jun_03_1409,FaceNameControl_Picture&Audio,3.0.4,60.04826346
96,FacesBlock3.xlsx,Noah.mp4,Noah.JPG,Noah,39,videoFrameNoah.png,0,0,0,2,0.0,1.0,1.0,9.0,,,,,1.0,1.219500987,,,,,,5,1,2019_Jun_03_1409,FaceNameControl_Picture&Audio,3.0.4,60.04826346
97,FacesBlock3.xlsx,Noah.mp4,Noah.JPG,Noah,39,videoFrameNoah.png,0,0,0,2,,,,,0.0,10.0,10.0,9.0,,,,None,0.0,,1.0,5,1,2019_Jun_03_1409,FaceNameControl_Picture&Audio,3.0.4,60.04826346
98,FacesBlock3.xlsx,Olivia.mp4,Olivia.JPG,Olivia,40,videoFrameOlivia.png,0,0,0,2,0.0,7.0,7.0,10.0,,,,,2.0,0.70210062,,,,,,5,1,2019_Jun_03_1409,FaceNameControl_Picture&Audio,3.0.4,60.04826346
99,FacesBlock3.xlsx,Olivia.mp4,Olivia.JPG,Olivia,40,videoFrameOlivia.png,0,0,0,2,,,,,0.0,6.0,6.0,10.0,,,,None,0.0,,1.0,5,1,2019_Jun_03_1409,FaceNameControl_Picture&Audio,3.0.4,60.04826346
100,FacesBlock2.xlsx,Rachel.mp4,Rachel.JPG,Rachel,26,videoFrameRachel.png,0,2,2,1,0.0,0.0,0.0,11.0,,,,,2.0,2.4691883530000003,,,,,,5,1,2019_Jun_03_1409,FaceNameControl_Picture&Audio,3.0.4,60.04826346
101,FacesBlock2.xlsx,Rachel.mp4,Rachel.JPG,Rachel,26,videoFrameRachel.png,0,2,2,1,,,,,0.0,5.0,5.0,11.0,,,emily,"['e', 'm', 'i', 'l', 'y']",0.0,"[4.067845067940652, 4.3009272380732, 4.467920280992985, 4.750975198112428, 4.918055836111307]",1.0,5,1,2019_Jun_03_1409,FaceNameControl_Picture&Audio,3.0.4,60.04826346
103,FacesBlock3.xlsx,Rebecca.mp4,Rebecca.JPG,Rebecca,41,videoFrameRebecca.png,0,0,0,2,,,,,0.0,14.0,14.0,11.0,,,,None,0.0,,1.0,5,1,2019_Jun_03_1409,FaceNameControl_Picture&Audio,3.0.4,60.04826346
102,FacesBlock3.xlsx,Rebecca.mp4,Rebecca.JPG,Rebecca,41,videoFrameRebecca.png,0,0,0,2,0.0,4.0,4.0,11.0,,,,,2.0,0.452928792,,,,,,5,1,2019_Jun_03_1409,FaceNameControl_Picture&Audio,3.0.4,60.04826346
104,FacesBlock3.xlsx,Sarah.mp4,Sarah.JPG,Sarah,42,videoFrameSarah.png,0,0,0,2,0.0,9.0,9.0,12.0,,,,,2.0,0.236641965,,,,,,5,1,2019_Jun_03_1409,FaceNameControl_Picture&Audio,3.0.4,60.04826346
105,FacesBlock3.xlsx,Sarah.mp4,Sarah.JPG,Sarah,42,videoFrameSarah.png,0,0,0,2,,,,,0.0,12.0,12.0,12.0,,,,None,0.0,,1.0,5,1,2019_Jun_03_1409,FaceNameControl_Picture&Audio,3.0.4,60.04826346
106,FacesBlock3.xlsx,Shelby.mp4,Shelby.JPG,Shelby,43,videoFrameShelby.png,0,0,0,2,0.0,12.0,12.0,13.0,,,,,2.0,0.236215201,,,,,,5,1,2019_Jun_03_1409,FaceNameControl_Picture&Audio,3.0.4,60.04826346
107,FacesBlock3.xlsx,Shelby.mp4,Shelby.JPG,Shelby,43,videoFrameShelby.png,0,0,0,2,,,,,0.0,0.0,0.0,13.0,,,jessi,"['space', 'j', 'e', 's', 's', 'i']",0.0,"[2.417994348797947, 8.799896398093551, 9.049385087098926, 9.649701229762286, 9.849662125110626, 9.966565291862935]",1.0,5,1,2019_Jun_03_1409,FaceNameControl_Picture&Audio,3.0.4,60.04826346
108,FacesBlock2.xlsx,Steven.mp4,Steven.JPG,Steven,27,videoFrameSteven.png,0,2,2,1,0.0,6.0,6.0,12.0,,,,,1.0,0.219619685,,,,,,5,1,2019_Jun_03_1409,FaceNameControl_Picture&Audio,3.0.4,60.04826346
109,FacesBlock2.xlsx,Steven.mp4,Steven.JPG,Steven,27,videoFrameSteven.png,0,2,2,1,,,,,0.0,10.0,10.0,12.0,,,cody,"['c', 'o', 'd', 'y']",0.0,"[1.4025971898809075, 1.5687422617338598, 1.7023087521083653, 1.852383934892714]",2.0,5,1,2019_Jun_03_1409,FaceNameControl_Picture&Audio,3.0.4,60.04826346
110,FacesBlock4.xlsx,Taylor.mp4,Taylor.JPG,Taylor,59,videoFrameTaylor.png,0,1,1,3,0.0,0.0,0.0,14.0,,,,,2.0,2.035654301,,,,,,5,1,2019_Jun_03_1409,FaceNameControl_Picture&Audio,3.0.4,60.04826346
111,FacesBlock4.xlsx,Taylor.mp4,Taylor.JPG,Taylor,59,videoFrameTaylor.png,0,1,1,3,,,,,0.0,3.0,3.0,14.0,,,,None,0.0,,1.0,5,1,2019_Jun_03_1409,FaceNameControl_Picture&Audio,3.0.4,60.04826346
112,FacesBlock3.xlsx,Thomas.mp4,Thomas.JPG,Thomas,44,videoFrameThomas.png,0,0,0,2,0.0,14.0,14.0,14.0,,,,,1.0,0.352482905,,,,,,5,1,2019_Jun_03_1409,FaceNameControl_Picture&Audio,3.0.4,60.04826346
113,FacesBlock3.xlsx,Thomas.mp4,Thomas.JPG,Thomas,44,videoFrameThomas.png,0,0,0,2,,,,,0.0,3.0,3.0,14.0,,,,None,0.0,,1.0,5,1,2019_Jun_03_1409,FaceNameControl_Picture&Audio,3.0.4,60.04826346
114,FacesBlock1.xlsx,Timothy.mp4,Timothy.JPG,Timothy,14,videoFrameTimothy.png,0,3,3,0,0.0,7.0,7.0,14.0,,,,,1.0,0.702444713,,,,,,5,1,2019_Jun_03_1409,FaceNameControl_Picture&Audio,3.0.4,60.04826346
115,FacesBlock1.xlsx,Timothy.mp4,Timothy.JPG,Timothy,14,videoFrameTimothy.png,0,3,3,0,,,,,0.0,12.0,12.0,14.0,,,timothy,"['t', 'i', 'm', 'o', 't', 'j', 'backspace', 'h', 'y']",1.0,"[1.7516566370613873, 1.8668885878287256, 2.118874873034656, 2.485294269863516, 2.8665464967489243, 2.88945377105847, 3.4673709007911384, 3.801765525713563, 3.9849054808728397]",2.0,5,1,2019_Jun_03_1409,FaceNameControl_Picture&Audio,3.0.4,60.04826346
116,FacesBlock2.xlsx,Trevor.mp4,Trevor.JPG,Trevor,28,videoFrameTrevor.png,0,2,2,1,0.0,1.0,1.0,13.0,,,,,1.0,0.602626717,,,,,,5,1,2019_Jun_03_1409,FaceNameControl_Picture&Audio,3.0.4,60.04826346
117,FacesBlock2.xlsx,Trevor.mp4,Trevor.JPG,Trevor,28,videoFrameTrevor.png,0,2,2,1,,,,,0.0,1.0,1.0,13.0,,,,None,0.0,,1.0,5,1,2019_Jun_03_1409,FaceNameControl_Picture&Audio,3.0.4,60.04826346
118,FacesBlock2.xlsx,Tyler.mp4,Tyler.JPG,Tyler,29,videoFrameTyler.png,0,2,2,1,0.0,13.0,13.0,14.0,,,,,1.0,0.119234261,,,,,,5,1,2019_Jun_03_1409,FaceNameControl_Picture&Audio,3.0.4,60.04826346
119,FacesBlock2.xlsx,Tyler.mp4,Tyler.JPG,Tyler,29,videoFrameTyler.png,0,2,2,1,,,,,0.0,14.0,14.0,14.0,,,,None,0.0,,1.0,5,1,2019_Jun_03_1409,FaceNameControl_Picture&Audio,3.0.4,60.04826346
