,condsFile,Video,Photo,Name,Row,videoFrame,blocks.thisRepN,blocks.thisTrialN,blocks.thisN,blocks.thisIndex,presentations.thisRepN,presentations.thisTrialN,presentations.thisN,presentations.thisIndex,testing.thisRepN,testing.thisTrialN,testing.thisN,testing.thisIndex,judgementResp.keys,judgementResp.rt,inputText,key_resp_3.keys,recallRating_s,key_resp_3.rt,rating_resp.keys,participant,session,date,expName,psychopyVersion,frameRate
0,FacesBlock2.xlsx,Aaron.mp4,Aaron.JPG,Aaron,15,videoFrameAaron.png,0,3,3,1,0.0,0.0,0.0,0.0,,,,,1.0,1.3022120320000001,,,,,,9,1,2019_Jul_05_1502,FaceNameControl_Picture&Audio,3.0.4,60.02615679
1,FacesBlock2.xlsx,Aaron.mp4,Aaron.JPG,Aaron,15,videoFrameAaron.png,0,3,3,1,,,,,0.0,10.0,10.0,0.0,,,Coby,"['3', 'backspace', 'rshift', 'c', 'o', 'b', 'y']",0.0,"[1.2357079954817891, 1.8512387089431286, 2.4504877123981714, 2.684777514077723, 3.418381944298744, 3.633009120821953, 3.868399251252413]",1.0,9,1,2019_Jul_05_1502,FaceNameControl_Picture&Audio,3.0.4,60.02615679
2,FacesBlock1.xlsx,Adam.mp4,Adam.JPG,Adam,0,videoFrameAdam.png,0,2,2,0,0.0,1.0,1.0,0.0,,,,,1.0,0.253065382,,,,,,9,1,2019_Jul_05_1502,FaceNameControl_Picture&Audio,3.0.4,60.02615679
3,FacesBlock1.xlsx,Adam.mp4,Adam.JPG,Adam,0,videoFrameAdam.png,0,2,2,0,,,,,0.0,6.0,6.0,0.0,,,Peter,"['rshift', 'p', 'e', 't', 'e', 'r']",0.0,"[7.36500028707087, 7.500112158246338, 7.649807612411678, 7.866744132712483, 8.066557500511408, 8.216799745336175]",1.0,9,1,2019_Jul_05_1502,FaceNameControl_Picture&Audio,3.0.4,60.02615679
4,FacesBlock4.xlsx,Alyssa.mp4,Alyssa.JPG,Alyssa,45,videoFrameAlyssa.png,0,1,1,3,0.0,3.0,3.0,0.0,,,,,2.0,0.766727488,,,,,,9,1,2019_Jul_05_1502,FaceNameControl_Picture&Audio,3.0.4,60.02615679
5,FacesBlock4.xlsx,Alyssa.mp4,Alyssa.JPG,Alyssa,45,videoFrameAlyssa.png,0,1,1,3,,,,,0.0,1.0,1.0,0.0,,,Elisa,"['rshift', 'e', 'semicolon', 'backspace', 'l', 'backspace', 'rshift', 'e', 'l', 'i', 's', 'a']",0.0,"[4.466070882976055, 4.633990217000246, 4.798647242598236, 5.149916390888393, 5.400631004013121, 5.816444118507206, 6.0157930087298155, 6.1502481028437614, 6.283390048891306, 6.5495708007365465, 7.183318526484072, 7.416319267824292]",1.0,9,1,2019_Jul_05_1502,FaceNameControl_Picture&Audio,3.0.4,60.02615679
6,FacesBlock1.xlsx,Amanda.mp4,Amanda.JPG,Amanda,1,videoFrameAmanda.png,0,2,2,0,0.0,3.0,3.0,1.0,,,,,2.0,0.318999322,,,,,,9,1,2019_Jul_05_1502,FaceNameControl_Picture&Audio,3.0.4,60.02615679
7,FacesBlock1.xlsx,Amanda.mp4,Amanda.JPG,Amanda,1,videoFrameAmanda.png,0,2,2,0,,,,,0.0,9.0,9.0,1.0,,,Hannah,"['rshift', 'h', 'a', 'n', 'n', 'a', 'h']",0.0,"[3.316592945717275, 3.45178294274956, 3.5853850785642862, 3.951489843428135, 4.11792188230902, 4.299519837833941, 4.417325649410486]",1.0,9,1,2019_Jul_05_1502,FaceNameControl_Picture&Audio,3.0.4,60.02615679
8,FacesBlock4.xlsx,Andrew.mp4,Andrew.JPG,Andrew,46,videoFrameAndrew.png,0,1,1,3,0.0,4.0,4.0,1.0,,,,,1.0,0.28638792,,,,,,9,1,2019_Jul_05_1502,FaceNameControl_Picture&Audio,3.0.4,60.02615679
9,FacesBlock4.xlsx,Andrew.mp4,Andrew.JPG,Andrew,46,videoFrameAndrew.png,0,1,1,3,,,,,0.0,5.0,5.0,1.0,,,James,"['rshift', 'j', 'a', 'm', 'e', 's']",0.0,"[3.4496417976915836, 3.585176255553961, 3.6843249378725886, 3.7848822828382254, 3.934470234438777, 4.134544542059302]",1.0,9,1,2019_Jul_05_1502,FaceNameControl_Picture&Audio,3.0.4,60.02615679
10,FacesBlock4.xlsx,Anna.mp4,Anna.JPG,Anna,47,videoFrameAnna.png,0,1,1,3,0.0,14.0,14.0,2.0,,,,,2.0,0.302495006,,,,,,9,1,2019_Jul_05_1502,FaceNameControl_Picture&Audio,3.0.4,60.02615679
11,FacesBlock4.xlsx,Anna.mp4,Anna.JPG,Anna,47,videoFrameAnna.png,0,1,1,3,,,,,0.0,4.0,4.0,2.0,,,Annie,"['rshift', 'a', 'n', 'n', 'a', 'backspace', 'i', 'e']",0.0,"[1.90013035107404, 2.102239883504808, 2.268739841878414, 2.368715818040073, 2.485181669704616, 5.45045368000865, 6.117132286541164, 6.217465743422508]",1.0,9,1,2019_Jul_05_1502,FaceNameControl_Picture&Audio,3.0.4,60.02615679
12,FacesBlock2.xlsx,Ashley.mp4,Ashley.JPG,Ashley,16,videoFrameAshley.png,0,3,3,1,0.0,1.0,1.0,1.0,,,,,2.0,0.303020377,,,,,,9,1,2019_Jul_05_1502,FaceNameControl_Picture&Audio,3.0.4,60.02615679
13,FacesBlock2.xlsx,Ashley.mp4,Ashley.JPG,Ashley,16,videoFrameAshley.png,0,3,3,1,,,,,0.0,5.0,5.0,1.0,,,C,"['rshift', 'c']",0.0,"[9.864698713645339, 9.982391256839037]",1.0,9,1,2019_Jul_05_1502,FaceNameControl_Picture&Audio,3.0.4,60.02615679
15,FacesBlock1.xlsx,Bradley.mp4,Bradley.JPG,Bradley,2,videoFrameBradley.png,0,2,2,0,,,,,0.0,4.0,4.0,2.0,,,,None,0.0,,1.0,9,1,2019_Jul_05_1502,FaceNameControl_Picture&Audio,3.0.4,60.02615679
14,FacesBlock1.xlsx,Bradley.mp4,Bradley.JPG,Bradley,2,videoFrameBradley.png,0,2,2,0,0.0,0.0,0.0,2.0,,,,,1.0,0.7191285890000001,,,,,,9,1,2019_Jul_05_1502,FaceNameControl_Picture&Audio,3.0.4,60.02615679
16,FacesBlock4.xlsx,Brandon.mp4,Brandon.JPG,Brandon,48,videoFrameBrandon.png,0,1,1,3,0.0,0.0,0.0,3.0,,,,,1.0,1.136377204,,,,,,9,1,2019_Jul_05_1502,FaceNameControl_Picture&Audio,3.0.4,60.02615679
17,FacesBlock4.xlsx,Brandon.mp4,Brandon.JPG,Brandon,48,videoFrameBrandon.png,0,1,1,3,,,,,0.0,2.0,2.0,3.0,,,Mark,"['rshift', 'm', 'a', 'r', 'k']",0.0,"[1.8340487144887447, 2.0854269322007895, 2.202239118516445, 2.518597312271595, 2.6521367570385337]",1.0,9,1,2019_Jul_05_1502,FaceNameControl_Picture&Audio,3.0.4,60.02615679
18,FacesBlock4.xlsx,Brian.mp4,Brian.JPG,Brian,49,videoFrameBrian.png,0,1,1,3,0.0,5.0,5.0,4.0,,,,,1.0,0.303088313,,,,,,9,1,2019_Jul_05_1502,FaceNameControl_Picture&Audio,3.0.4,60.02615679
19,FacesBlock4.xlsx,Brian.mp4,Brian.JPG,Brian,49,videoFrameBrian.png,0,1,1,3,,,,,0.0,0.0,0.0,4.0,,,,None,0.0,,1.0,9,1,2019_Jul_05_1502,FaceNameControl_Picture&Audio,3.0.4,60.02615679
20,FacesBlock4.xlsx,Brianna.mp4,Brianna.JPG,Brianna,50,videoFrameBrianna.png,0,1,1,3,0.0,11.0,11.0,5.0,,,,,2.0,0.20276494,,,,,,9,1,2019_Jul_05_1502,FaceNameControl_Picture&Audio,3.0.4,60.02615679
21,FacesBlock4.xlsx,Brianna.mp4,Brianna.JPG,Brianna,50,videoFrameBrianna.png,0,1,1,3,,,,,0.0,10.0,10.0,5.0,,,Emily,"['rshift', 'e', 'm', 'i', 'l', 'y']",0.0,"[2.3167437445372343, 2.5181473353877664, 3.0509879672899842, 3.3010194078087807, 3.4843246256932616, 3.617767055518925]",1.0,9,1,2019_Jul_05_1502,FaceNameControl_Picture&Audio,3.0.4,60.02615679
22,FacesBlock2.xlsx,Brittany.mp4,Brittany.JPG,Brittany,17,videoFrameBrittany.png,0,3,3,1,0.0,2.0,2.0,2.0,,,,,2.0,0.552093715,,,,,,9,1,2019_Jul_05_1502,FaceNameControl_Picture&Audio,3.0.4,60.02615679
23,FacesBlock2.xlsx,Brittany.mp4,Brittany.JPG,Brittany,17,videoFrameBrittany.png,0,3,3,1,,,,,0.0,12.0,12.0,2.0,,,Haley,"['rshift', 'h', 'a', 'l', 'e', 'y']",0.0,"[3.982396414503455, 4.251604205928743, 4.534387925639749, 4.917608121410012, 5.16766039468348, 5.300718194805086]",1.0,9,1,2019_Jul_05_1502,FaceNameControl_Picture&Audio,3.0.4,60.02615679
24,FacesBlock4.xlsx,Caleb.mp4,Caleb.JPG,Caleb,51,videoFrameCaleb.png,0,1,1,3,0.0,8.0,8.0,6.0,,,,,1.0,0.23657506,,,,,,9,1,2019_Jul_05_1502,FaceNameControl_Picture&Audio,3.0.4,60.02615679
25,FacesBlock4.xlsx,Caleb.mp4,Caleb.JPG,Caleb,51,videoFrameCaleb.png,0,1,1,3,,,,,0.0,13.0,13.0,6.0,,,Caleb,"['rshift', 'c', 'a', 'l', 'e', 'b']",1.0,"[1.466641753911972, 1.68534763623029, 2.1683718394488096, 2.385063343681395, 2.651834205724299, 2.8348704567179084]",1.0,9,1,2019_Jul_05_1502,FaceNameControl_Picture&Audio,3.0.4,60.02615679
26,FacesBlock2.xlsx,Cody.mp4,Cody.JPG,Cody,18,videoFrameCody.png,0,3,3,1,0.0,3.0,3.0,3.0,,,,,1.0,0.35334498700000005,,,,,,9,1,2019_Jul_05_1502,FaceNameControl_Picture&Audio,3.0.4,60.02615679
27,FacesBlock2.xlsx,Cody.mp4,Cody.JPG,Cody,18,videoFrameCody.png,0,3,3,1,,,,,0.0,2.0,2.0,3.0,,,Ethan,"['rshift', 'e', 't', 'h', 'a', 'n']",0.0,"[4.065926530398428, 4.1980955908074975, 4.417035496793687, 4.533659214153886, 4.699713400565088, 4.799992402084172]",1.0,9,1,2019_Jul_05_1502,FaceNameControl_Picture&Audio,3.0.4,60.02615679
29,FacesBlock3.xlsx,Courtney.mp4,Courtney.JPG,Courtney,30,videoFrameCourtney.png,0,0,0,2,,,,,0.0,8.0,8.0,0.0,,,Karla,"['rshift', 'k', 'a', 'r', 'l', 'a']",0.0,"[1.2843961017206311, 1.4526886893436313, 1.5680941389873624, 1.8188835782930255, 1.9353283504024148, 2.083492341451347]",1.0,9,1,2019_Jul_05_1502,FaceNameControl_Picture&Audio,3.0.4,60.02615679
28,FacesBlock3.xlsx,Courtney.mp4,Courtney.JPG,Courtney,30,videoFrameCourtney.png,0,0,0,2,0.0,5.0,5.0,0.0,,,,,2.0,0.23642529,,,,,,9,1,2019_Jul_05_1502,FaceNameControl_Picture&Audio,3.0.4,60.02615679
30,FacesBlock3.xlsx,Daniel.mp4,Daniel.JPG,Daniel,31,videoFrameDaniel.png,0,0,0,2,0.0,12.0,12.0,1.0,,,,,1.0,0.18380380600000001,,,,,,9,1,2019_Jul_05_1502,FaceNameControl_Picture&Audio,3.0.4,60.02615679
31,FacesBlock3.xlsx,Daniel.mp4,Daniel.JPG,Daniel,31,videoFrameDaniel.png,0,0,0,2,,,,,0.0,7.0,7.0,1.0,,,Daniel,"['rshift', 'd', 'a', 'n', 'e', 'i', 'l', 'backspace', 'backspace', 'backspace', 'i', 'e', 'l']",1.0,"[2.450500216335058, 2.768715233542025, 3.0849551875144243, 3.235563037917018, 3.3686653515323997, 3.4687978783622384, 3.61866008117795, 4.267794788815081, 4.417451607994735, 4.567169419489801, 5.167490986175835, 5.268314882181585, 5.384691029787064]",1.0,9,1,2019_Jul_05_1502,FaceNameControl_Picture&Audio,3.0.4,60.02615679
32,FacesBlock1.xlsx,Danielle.mp4,Danielle.JPG,Danielle,3,videoFrameDanielle.png,0,2,2,0,0.0,12.0,12.0,3.0,,,,,2.0,0.51883175,,,,,,9,1,2019_Jul_05_1502,FaceNameControl_Picture&Audio,3.0.4,60.02615679
33,FacesBlock1.xlsx,Danielle.mp4,Danielle.JPG,Danielle,3,videoFrameDanielle.png,0,2,2,0,,,,,0.0,1.0,1.0,3.0,,,Danielle,"['rshift', 'd', 'a', 'n', 'i', 'e', 'l', 'l', 'e']",1.0,"[1.4180696671828628, 1.619105502963066, 1.868257918395102, 2.1855823639780283, 2.369101564399898, 2.685509364120662, 3.0012383619323373, 3.1348323449492455, 3.268176104873419]",4.0,9,1,2019_Jul_05_1502,FaceNameControl_Picture&Audio,3.0.4,60.02615679
34,FacesBlock2.xlsx,David.mp4,David.JPG,David,19,videoFrameDavid.png,0,3,3,1,0.0,11.0,11.0,4.0,,,,,1.0,0.18633385800000002,,,,,,9,1,2019_Jul_05_1502,FaceNameControl_Picture&Audio,3.0.4,60.02615679
35,FacesBlock2.xlsx,David.mp4,David.JPG,David,19,videoFrameDavid.png,0,3,3,1,,,,,0.0,6.0,6.0,4.0,,,Jack,"['rshift', 'j', 'a', 'c', 'k']",0.0,"[2.317290705628693, 2.501954935491085, 2.6184481848031282, 2.8509964179247618, 2.951459428295493]",1.0,9,1,2019_Jul_05_1502,FaceNameControl_Picture&Audio,3.0.4,60.02615679
36,FacesBlock4.xlsx,Dylan.mp4,Dylan.JPG,Dylan,52,videoFrameDylan.png,0,1,1,3,0.0,2.0,2.0,7.0,,,,,1.0,0.286514557,,,,,,9,1,2019_Jul_05_1502,FaceNameControl_Picture&Audio,3.0.4,60.02615679
37,FacesBlock4.xlsx,Dylan.mp4,Dylan.JPG,Dylan,52,videoFrameDylan.png,0,1,1,3,,,,,0.0,8.0,8.0,7.0,,,Richard,"['rshift', 'r', 'e', 'backspace', 'i', 'c', 'h', 'lshift', 'a', 'r', 'backspace', 'capslock', 'a', 'backspace', 'backspace', 'a', 'r', 'd']",0.0,"[4.249672780744731, 4.569198410026729, 5.1652904795482755, 5.833746290765703, 6.1648474568501115, 6.300550200976431, 6.481895211152732, 7.049704222008586, 7.399358720518649, 7.698375238105655, 7.965947101823986, 8.149043350480497, 8.415772194042802, 8.648857829160988, 8.832726911641657, 9.132098458707333, 9.365132676437497]",1.0,9,1,2019_Jul_05_1502,FaceNameControl_Picture&Audio,3.0.4,60.02615679
38,FacesBlock4.xlsx,Emily.mp4,Emily.JPG,Emily,53,videoFrameEmily.png,0,1,1,3,0.0,12.0,12.0,8.0,,,,,2.0,0.219128653,,,,,,9,1,2019_Jul_05_1502,FaceNameControl_Picture&Audio,3.0.4,60.02615679
39,FacesBlock4.xlsx,Emily.mp4,Emily.JPG,Emily,53,videoFrameEmily.png,0,1,1,3,,,,,0.0,11.0,11.0,8.0,,,Emma,"['rshift', 'e', 'm', 'm', 'a']",0.0,"[2.283422243781388, 2.4681423036381602, 2.6841185111552477, 2.8345499774441123, 2.9512999020516872]",1.0,9,1,2019_Jul_05_1502,FaceNameControl_Picture&Audio,3.0.4,60.02615679
40,FacesBlock1.xlsx,Eric.mp4,Eric.JPG,Eric,4,videoFrameEric.png,0,2,2,0,0.0,5.0,5.0,4.0,,,,,1.0,0.5365395239999999,,,,,,9,1,2019_Jul_05_1502,FaceNameControl_Picture&Audio,3.0.4,60.02615679
41,FacesBlock1.xlsx,Eric.mp4,Eric.JPG,Eric,4,videoFrameEric.png,0,2,2,0,,,,,0.0,7.0,7.0,4.0,,,,None,0.0,,1.0,9,1,2019_Jul_05_1502,FaceNameControl_Picture&Audio,3.0.4,60.02615679
43,FacesBlock1.xlsx,Ethan.mp4,Ethan.JPG,Ethan,5,videoFrameEthan.png,0,2,2,0,,,,,0.0,3.0,3.0,5.0,,,Eric,"['rshift', 'j', 'o', 's', 'h', 'backspace', 'backspace', 'backspace', 'backspace', 'rshift', 'e', 'r', 'i', 'c']",0.0,"[2.882864749059081, 3.118061000481248, 3.3343973383307457, 3.5503880474716425, 3.7834355141967535, 5.098700458183885, 5.26666150894016, 5.4162921868264675, 5.566739439032972, 5.982129802927375, 6.133663454093039, 6.333447406068444, 6.464810658246279, 6.599359470419586]",1.0,9,1,2019_Jul_05_1502,FaceNameControl_Picture&Audio,3.0.4,60.02615679
42,FacesBlock1.xlsx,Ethan.mp4,Ethan.JPG,Ethan,5,videoFrameEthan.png,0,2,2,0,0.0,11.0,11.0,5.0,,,,,1.0,0.252828028,,,,,,9,1,2019_Jul_05_1502,FaceNameControl_Picture&Audio,3.0.4,60.02615679
44,FacesBlock4.xlsx,Grace.mp4,Grace.JPG,Grace,54,videoFrameGrace.png,0,1,1,3,0.0,7.0,7.0,9.0,,,,,2.0,0.436474834,,,,,,9,1,2019_Jul_05_1502,FaceNameControl_Picture&Audio,3.0.4,60.02615679
45,FacesBlock4.xlsx,Grace.mp4,Grace.JPG,Grace,54,videoFrameGrace.png,0,1,1,3,,,,,0.0,3.0,3.0,9.0,,,Anna,"['rshift', 'a', 'n', 'n', 'a']",0.0,"[8.547703651711345, 8.69906306359917, 8.882375100627542, 9.048702374100685, 9.14832039643079]",1.0,9,1,2019_Jul_05_1502,FaceNameControl_Picture&Audio,3.0.4,60.02615679
46,FacesBlock2.xlsx,Haley.mp4,Haley.JPG,Haley,20,videoFrameHaley.png,0,3,3,1,0.0,8.0,8.0,5.0,,,,,2.0,0.502893221,,,,,,9,1,2019_Jul_05_1502,FaceNameControl_Picture&Audio,3.0.4,60.02615679
47,FacesBlock2.xlsx,Haley.mp4,Haley.JPG,Haley,20,videoFrameHaley.png,0,3,3,1,,,,,0.0,1.0,1.0,5.0,,,,None,0.0,,1.0,9,1,2019_Jul_05_1502,FaceNameControl_Picture&Audio,3.0.4,60.02615679
48,FacesBlock1.xlsx,Hannah.mp4,Hannah.JPG,Hannah,6,videoFrameHannah.png,0,2,2,0,0.0,10.0,10.0,6.0,,,,,2.0,0.202754383,,,,,,9,1,2019_Jul_05_1502,FaceNameControl_Picture&Audio,3.0.4,60.02615679
49,FacesBlock1.xlsx,Hannah.mp4,Hannah.JPG,Hannah,6,videoFrameHannah.png,0,2,2,0,,,,,0.0,8.0,8.0,6.0,,,Nancy,"['rshift', 'n', 'n', 'backspace', 'a', 'n', 'c', 'y', '1', 'backspace']",0.0,"[2.217811989597976, 2.385661892592907, 2.6189320646226406, 3.1847721142694354, 3.402156848460436, 3.502021875232458, 3.718933635391295, 3.835046611726284, 7.6675204103812575, 8.266542250290513]",1.0,9,1,2019_Jul_05_1502,FaceNameControl_Picture&Audio,3.0.4,60.02615679
50,FacesBlock2.xlsx,Heather.mp4,Heather.JPG,Heather,21,videoFrameHeather.png,0,3,3,1,0.0,10.0,10.0,6.0,,,,,2.0,0.38625887,,,,,,9,1,2019_Jul_05_1502,FaceNameControl_Picture&Audio,3.0.4,60.02615679
51,FacesBlock2.xlsx,Heather.mp4,Heather.JPG,Heather,21,videoFrameHeather.png,0,3,3,1,,,,,0.0,0.0,0.0,6.0,,,Heather,"['space', 'rshift', 'h', 'e', 'a', 't', 'h', 'e', 'r']",1.0,"[2.918347956612706, 8.797825845889747, 8.932812863960862, 9.048448980785906, 9.265732880681753, 9.531511752866209, 9.649057968519628, 9.765369072556496, 9.93196318950504]",1.0,9,1,2019_Jul_05_1502,FaceNameControl_Picture&Audio,3.0.4,60.02615679
52,FacesBlock3.xlsx,Jacob.mp4,Jacob.JPG,Jacob,32,videoFrameJacob.png,0,0,0,2,0.0,2.0,2.0,2.0,,,,,1.0,0.41912032899999996,,,,,,9,1,2019_Jul_05_1502,FaceNameControl_Picture&Audio,3.0.4,60.02615679
53,FacesBlock3.xlsx,Jacob.mp4,Jacob.JPG,Jacob,32,videoFrameJacob.png,0,0,0,2,,,,,0.0,3.0,3.0,2.0,,,john,"['j', 'o', 'h', 'n', 'return']",0.0,"[3.334916421212256, 3.4173430409282446, 3.5512392027303576, 3.7179252933710814, 6.583056967705488]",1.0,9,1,2019_Jul_05_1502,FaceNameControl_Picture&Audio,3.0.4,60.02615679
54,FacesBlock4.xlsx,Jason.mp4,Jason.JPG,Jason,55,videoFrameJason.png,0,1,1,3,0.0,10.0,10.0,10.0,,,,,1.0,0.352344339,,,,,,9,1,2019_Jul_05_1502,FaceNameControl_Picture&Audio,3.0.4,60.02615679
55,FacesBlock4.xlsx,Jason.mp4,Jason.JPG,Jason,55,videoFrameJason.png,0,1,1,3,,,,,0.0,7.0,7.0,10.0,,,Brian,"['rshift', 'b', 'backspace', 'rshift', 'b', 'r', 'i', 'a', 'n']",0.0,"[2.6002616342157125, 3.2679545311257243, 3.6182133397087455, 4.000251801684499, 4.184699778445065, 4.484903807751834, 4.667794845066965, 4.799336055293679, 4.8838115353137255]",1.0,9,1,2019_Jul_05_1502,FaceNameControl_Picture&Audio,3.0.4,60.02615679
56,FacesBlock1.xlsx,Jenna.mp4,Jenna.JPG,Jenna,7,videoFrameJenna.png,0,2,2,0,0.0,7.0,7.0,7.0,,,,,2.0,0.685992858,,,,,,9,1,2019_Jul_05_1502,FaceNameControl_Picture&Audio,3.0.4,60.02615679
57,FacesBlock1.xlsx,Jenna.mp4,Jenna.JPG,Jenna,7,videoFrameJenna.png,0,2,2,0,,,,,0.0,0.0,0.0,7.0,,,Lucy,"['rshift', 'l', 'u', 'c', 'v', 'y', 'backspace', 'backspace', 'y']",0.0,"[4.1995477974414825, 4.36543570458889, 4.600707442499697, 4.800534217618406, 4.821593300439417, 4.883876731619239, 5.299933328293264, 5.449673024006188, 5.716572691686451]",1.0,9,1,2019_Jul_05_1502,FaceNameControl_Picture&Audio,3.0.4,60.02615679
59,FacesBlock2.xlsx,Jeremy.mp4,Jeremy.JPG,Jeremy,22,videoFrameJeremy.png,0,3,3,1,,,,,0.0,14.0,14.0,7.0,,,Nathan,"['rshift', 'n', 'a', 't', 'h', 'a', 'n']",0.0,"[3.4666641941294074, 3.601138599216938, 3.718749074265361, 4.017754933796823, 4.133954653516412, 4.267915595322847, 4.3659548265859485]",1.0,9,1,2019_Jul_05_1502,FaceNameControl_Picture&Audio,3.0.4,60.02615679
58,FacesBlock2.xlsx,Jeremy.mp4,Jeremy.JPG,Jeremy,22,videoFrameJeremy.png,0,3,3,1,0.0,5.0,5.0,7.0,,,,,1.0,0.45347975,,,,,,9,1,2019_Jul_05_1502,FaceNameControl_Picture&Audio,3.0.4,60.02615679
60,FacesBlock1.xlsx,Jessica.mp4,Jessica.JPG,Jessica,8,videoFrameJessica.png,0,2,2,0,0.0,8.0,8.0,8.0,,,,,2.0,0.302754541,,,,,,9,1,2019_Jul_05_1502,FaceNameControl_Picture&Audio,3.0.4,60.02615679
61,FacesBlock1.xlsx,Jessica.mp4,Jessica.JPG,Jessica,8,videoFrameJessica.png,0,2,2,0,,,,,0.0,14.0,14.0,8.0,,,Jenny,"['rshift', 'j', 'e', 'n', 'n', 'y']",0.0,"[1.2169609693810344, 1.7016859231516719, 1.9021376967430115, 2.1681625563651323, 2.3181521287187934, 2.534748815000057]",1.0,9,1,2019_Jul_05_1502,FaceNameControl_Picture&Audio,3.0.4,60.02615679
62,FacesBlock2.xlsx,Josh.mp4,Josh.JPG,Josh,23,videoFrameJosh.png,0,3,3,1,0.0,14.0,14.0,8.0,,,,,1.0,0.269777634,,,,,,9,1,2019_Jul_05_1502,FaceNameControl_Picture&Audio,3.0.4,60.02615679
63,FacesBlock2.xlsx,Josh.mp4,Josh.JPG,Josh,23,videoFrameJosh.png,0,3,3,1,,,,,0.0,9.0,9.0,8.0,,,Josh,"['rshift', 'j', 'o', 's', 'h']",0.0,"[1.2838920578360558, 1.4520920775830746, 1.5520671317353845, 1.6357747800648212, 1.7528792135417461]",4.0,9,1,2019_Jul_05_1502,FaceNameControl_Picture&Audio,3.0.4,60.02615679
64,FacesBlock1.xlsx,Julia.mp4,Julia.JPG,Julia,9,videoFrameJulia.png,0,2,2,0,0.0,2.0,2.0,9.0,,,,,2.0,0.5696795410000001,,,,,,9,1,2019_Jul_05_1502,FaceNameControl_Picture&Audio,3.0.4,60.02615679
65,FacesBlock1.xlsx,Julia.mp4,Julia.JPG,Julia,9,videoFrameJulia.png,0,2,2,0,,,,,0.0,12.0,12.0,9.0,,,Brianna,"['rshift', 'b', 'r', 'i', 'a', 'n', 'n', 'a']",0.0,"[2.6171438451856375, 2.868277289904654, 6.0339362639933825, 6.200301920063794, 6.450806375592947, 6.616872472688556, 6.798473481088877, 6.933347042649984]",1.0,9,1,2019_Jul_05_1502,FaceNameControl_Picture&Audio,3.0.4,60.02615679
66,FacesBlock2.xlsx,Justin.mp4,Justin.JPG,Justin,24,videoFrameJustin.png,0,3,3,1,0.0,4.0,4.0,9.0,,,,,1.0,0.46921868299999997,,,,,,9,1,2019_Jul_05_1502,FaceNameControl_Picture&Audio,3.0.4,60.02615679
67,FacesBlock2.xlsx,Justin.mp4,Justin.JPG,Justin,24,videoFrameJustin.png,0,3,3,1,,,,,0.0,13.0,13.0,9.0,,,Victor,"['rshift', 'v', 'i', 'c', 't', 'o', 'r']",0.0,"[7.348645543679595, 7.550269215367734, 7.683586776256561, 7.800300171598792, 8.049843883141875, 8.133396667428315, 8.24934845417738]",1.0,9,1,2019_Jul_05_1502,FaceNameControl_Picture&Audio,3.0.4,60.02615679
68,FacesBlock4.xlsx,Katie.mp4,Katie.JPG,Katie,56,videoFrameKatie.png,0,1,1,3,0.0,6.0,6.0,11.0,,,,,2.0,0.487140875,,,,,,9,1,2019_Jul_05_1502,FaceNameControl_Picture&Audio,3.0.4,60.02615679
69,FacesBlock4.xlsx,Katie.mp4,Katie.JPG,Katie,56,videoFrameKatie.png,0,1,1,3,,,,,0.0,14.0,14.0,11.0,,,Jennifer,"['rshift', 'j', 'e', 'n', 'n', 'i', 'f', 'e', 'r']",0.0,"[4.033523123711348, 4.285077657550573, 4.534685337916017, 4.834669937379658, 5.001277776435018, 5.167921395972371, 5.367770935408771, 5.550797633826733, 5.767028136178851]",1.0,9,1,2019_Jul_05_1502,FaceNameControl_Picture&Audio,3.0.4,60.02615679
70,FacesBlock3.xlsx,Kayla.mp4,Kayla.JPG,Kayla,33,videoFrameKayla.png,0,0,0,2,0.0,9.0,9.0,3.0,,,,,2.0,0.266351094,,,,,,9,1,2019_Jul_05_1502,FaceNameControl_Picture&Audio,3.0.4,60.02615679
71,FacesBlock3.xlsx,Kayla.mp4,Kayla.JPG,Kayla,33,videoFrameKayla.png,0,0,0,2,,,,,0.0,6.0,6.0,3.0,,,Lucy,"['rshift', 'l', 'u', 'c', 'y']",0.0,"[2.7333439625799656, 2.8846197528764606, 3.4681694423779845, 3.618391658179462, 3.7350142635405064]",1.0,9,1,2019_Jul_05_1502,FaceNameControl_Picture&Audio,3.0.4,60.02615679
73,FacesBlock1.xlsx,Kelsey.mp4,Kelsey.JPG,Kelsey,10,videoFrameKelsey.png,0,2,2,0,,,,,0.0,13.0,13.0,10.0,,,Molly,"['rshift', 'm', 'o', 'l', 'l', 'y']",0.0,"[4.733306679874659, 5.017997185699642, 5.200768522918224, 5.433694306761026, 5.583820598199964, 5.815624446608126]",1.0,9,1,2019_Jul_05_1502,FaceNameControl_Picture&Audio,3.0.4,60.02615679
72,FacesBlock1.xlsx,Kelsey.mp4,Kelsey.JPG,Kelsey,10,videoFrameKelsey.png,0,2,2,0,0.0,14.0,14.0,10.0,,,,,2.0,0.653632102,,,,,,9,1,2019_Jul_05_1502,FaceNameControl_Picture&Audio,3.0.4,60.02615679
74,FacesBlock3.xlsx,Kevin.mp4,Kevin.JPG,Kevin,34,videoFrameKevin.png,0,0,0,2,0.0,8.0,8.0,4.0,,,,,1.0,0.252990554,,,,,,9,1,2019_Jul_05_1502,FaceNameControl_Picture&Audio,3.0.4,60.02615679
75,FacesBlock3.xlsx,Kevin.mp4,Kevin.JPG,Kevin,34,videoFrameKevin.png,0,0,0,2,,,,,0.0,12.0,12.0,4.0,,,John,"['rshift', 'j', 'o', 'h', 'n']",0.0,"[1.9333835635334253, 2.1016945485025644, 2.2179724667221308, 2.351767934858799, 2.51805891469121]",1.0,9,1,2019_Jul_05_1502,FaceNameControl_Picture&Audio,3.0.4,60.02615679
76,FacesBlock1.xlsx,Kyle.mp4,Kyle.JPG,Kyle,11,videoFrameKyle.png,0,2,2,0,0.0,9.0,9.0,11.0,,,,,1.0,0.21920355,,,,,,9,1,2019_Jul_05_1502,FaceNameControl_Picture&Audio,3.0.4,60.02615679
77,FacesBlock1.xlsx,Kyle.mp4,Kyle.JPG,Kyle,11,videoFrameKyle.png,0,2,2,0,,,,,0.0,11.0,11.0,11.0,,,,None,0.0,,1.0,9,1,2019_Jul_05_1502,FaceNameControl_Picture&Audio,3.0.4,60.02615679
78,FacesBlock3.xlsx,Lauren.mp4,Lauren.JPG,Lauren,35,videoFrameLauren.png,0,0,0,2,0.0,3.0,3.0,5.0,,,,,2.0,0.33645403700000004,,,,,,9,1,2019_Jul_05_1502,FaceNameControl_Picture&Audio,3.0.4,60.02615679
79,FacesBlock3.xlsx,Lauren.mp4,Lauren.JPG,Lauren,35,videoFrameLauren.png,0,0,0,2,,,,,0.0,9.0,9.0,5.0,,,Susan,"['rshift', 's', 'u', 's', 'a', 'n']",0.0,"[1.4675772925838828, 1.7516363207250834, 1.902239317074418, 1.9851543605327606, 2.151547096669674, 2.267984584905207]",1.0,9,1,2019_Jul_05_1502,FaceNameControl_Picture&Audio,3.0.4,60.02615679
80,FacesBlock3.xlsx,Mark.mp4,Mark.JPG,Mark,36,videoFrameMark.png,0,0,0,2,0.0,7.0,7.0,6.0,,,,,1.0,0.286227187,,,,,,9,1,2019_Jul_05_1502,FaceNameControl_Picture&Audio,3.0.4,60.02615679
81,FacesBlock3.xlsx,Mark.mp4,Mark.JPG,Mark,36,videoFrameMark.png,0,0,0,2,,,,,0.0,13.0,13.0,6.0,,,Evan,"['rshift', 'rshift', 'e', 'v', 'a', 'n']",0.0,"[0.067191400565207, 4.765703602693975, 4.917164260521531, 5.150382127612829, 5.233642751350999, 5.6667484883219]",1.0,9,1,2019_Jul_05_1502,FaceNameControl_Picture&Audio,3.0.4,60.02615679
82,FacesBlock1.xlsx,Matthew.mp4,Matthew.JPG,Matthew,12,videoFrameMatthew.png,0,2,2,0,0.0,4.0,4.0,12.0,,,,,1.0,0.43691762700000003,,,,,,9,1,2019_Jul_05_1502,FaceNameControl_Picture&Audio,3.0.4,60.02615679
83,FacesBlock1.xlsx,Matthew.mp4,Matthew.JPG,Matthew,12,videoFrameMatthew.png,0,2,2,0,,,,,0.0,10.0,10.0,12.0,,,Kyle,"['rshift', 'k', 'a', 'l', 'e', 'b', 'backspace', 'backspace', 'backspace', 'backspace', 'backspace', 'rshift', 'k', 'u', 'backspace', 'y', 'l', 'e']",0.0,"[2.816631522960961, 3.017985456623137, 3.198857239447534, 3.6510172868147492, 3.817955737002194, 3.9504986200481653, 5.63307349011302, 5.816270338371396, 5.966194652952254, 6.11627734452486, 6.266224906779826, 6.914935785345733, 7.200472559779882, 7.466452090069652, 7.798807353712618, 8.01594979222864, 8.215557149611413, 8.382807792164385]",1.0,9,1,2019_Jul_05_1502,FaceNameControl_Picture&Audio,3.0.4,60.02615679
84,FacesBlock2.xlsx,Megan.mp4,Megan.JPG,Megan,25,videoFrameMegan.png,0,3,3,1,0.0,6.0,6.0,10.0,,,,,2.0,0.51974685,,,,,,9,1,2019_Jul_05_1502,FaceNameControl_Picture&Audio,3.0.4,60.02615679
85,FacesBlock2.xlsx,Megan.mp4,Megan.JPG,Megan,25,videoFrameMegan.png,0,3,3,1,,,,,0.0,8.0,8.0,10.0,,,Rachel,"['rshift', 'r', 'a', 'h', 'backspace', 'c', 'h', 'e', 'l', 'backspace', 'l']",0.0,"[2.1172592975199223, 2.3186237206682563, 2.568523337133229, 2.984736173413694, 3.3011679593473673, 3.5014376966282725, 3.6187118822708726, 3.7347075706347823, 3.86824166867882, 6.516667873598635, 8.216495958156884]",1.0,9,1,2019_Jul_05_1502,FaceNameControl_Picture&Audio,3.0.4,60.02615679
87,FacesBlock4.xlsx,Michael.mp4,Michael.JPG,Michael,57,videoFrameMichael.png,0,1,1,3,,,,,0.0,9.0,9.0,12.0,,,Josh,"['rshift', 'j', 'o', 's', 'h']",0.0,"[3.217008428648114, 3.501558231189847, 3.8010857785120606, 4.317343940027058, 6.03308786265552]",1.0,9,1,2019_Jul_05_1502,FaceNameControl_Picture&Audio,3.0.4,60.02615679
86,FacesBlock4.xlsx,Michael.mp4,Michael.JPG,Michael,57,videoFrameMichael.png,0,1,1,3,0.0,9.0,9.0,12.0,,,,,1.0,0.236026397,,,,,,9,1,2019_Jul_05_1502,FaceNameControl_Picture&Audio,3.0.4,60.02615679
89,FacesBlock4.xlsx,Michelle.mp4,Michelle.JPG,Michelle,58,videoFrameMichelle.png,0,1,1,3,,,,,0.0,6.0,6.0,13.0,,,Katie,"['rshift', 'k', 'a', 't', 'i', 'e']",0.0,"[5.182412667199969, 5.433574482798576, 5.5668706567958, 5.91692069452256, 6.067316675558686, 6.183798199519515]",1.0,9,1,2019_Jul_05_1502,FaceNameControl_Picture&Audio,3.0.4,60.02615679
88,FacesBlock4.xlsx,Michelle.mp4,Michelle.JPG,Michelle,58,videoFrameMichelle.png,0,1,1,3,0.0,13.0,13.0,13.0,,,,,2.0,0.20258825,,,,,,9,1,2019_Jul_05_1502,FaceNameControl_Picture&Audio,3.0.4,60.02615679
90,FacesBlock1.xlsx,Natalie.mp4,Natalie.JPG,Natalie,13,videoFrameNatalie.png,0,2,2,0,0.0,6.0,6.0,13.0,,,,,2.0,0.45287286299999996,,,,,,9,1,2019_Jul_05_1502,FaceNameControl_Picture&Audio,3.0.4,60.02615679
91,FacesBlock1.xlsx,Natalie.mp4,Natalie.JPG,Natalie,13,videoFrameNatalie.png,0,2,2,0,,,,,0.0,5.0,5.0,13.0,,,Julia,"['rshift', 'j', 'u', 'l', 'i', 'a']",0.0,"[3.349600797519088, 3.5179071063175797, 3.7006550105288625, 3.867458869703114, 3.967747613787651, 4.250322058796883]",1.0,9,1,2019_Jul_05_1502,FaceNameControl_Picture&Audio,3.0.4,60.02615679
92,FacesBlock3.xlsx,Nathan.mp4,Nathan.JPG,Nathan,37,videoFrameNathan.png,0,0,0,2,0.0,14.0,14.0,7.0,,,,,1.0,0.35280533,,,,,,9,1,2019_Jul_05_1502,FaceNameControl_Picture&Audio,3.0.4,60.02615679
93,FacesBlock3.xlsx,Nathan.mp4,Nathan.JPG,Nathan,37,videoFrameNathan.png,0,0,0,2,,,,,0.0,4.0,4.0,7.0,,,Lucas,"['rshift', 'l', 'u', 'c', 'a', 's', 'return']",0.0,"[1.9670230736956, 2.102135682478547, 2.351232840679586, 2.6352002564817667, 2.851880989037454, 3.035313529893756, 3.2011435739696026]",1.0,9,1,2019_Jul_05_1502,FaceNameControl_Picture&Audio,3.0.4,60.02615679
94,FacesBlock3.xlsx,Nicole.mp4,Nicole.JPG,Nicole,38,videoFrameNicole.png,0,0,0,2,0.0,4.0,4.0,8.0,,,,,2.0,0.252296794,,,,,,9,1,2019_Jul_05_1502,FaceNameControl_Picture&Audio,3.0.4,60.02615679
95,FacesBlock3.xlsx,Nicole.mp4,Nicole.JPG,Nicole,38,videoFrameNicole.png,0,0,0,2,,,,,0.0,11.0,11.0,8.0,,,Jane,"['rshift', 'j', 'a', 'n', 'e']",0.0,"[2.750514474697411, 2.985361171886325, 3.1008759196847677, 3.2019321089610457, 3.3514097202569246]",1.0,9,1,2019_Jul_05_1502,FaceNameControl_Picture&Audio,3.0.4,60.02615679
96,FacesBlock3.xlsx,Noah.mp4,Noah.JPG,Noah,39,videoFrameNoah.png,0,0,0,2,0.0,11.0,11.0,9.0,,,,,1.0,0.20409106600000002,,,,,,9,1,2019_Jul_05_1502,FaceNameControl_Picture&Audio,3.0.4,60.02615679
97,FacesBlock3.xlsx,Noah.mp4,Noah.JPG,Noah,39,videoFrameNoah.png,0,0,0,2,,,,,0.0,0.0,0.0,9.0,,,mark,"['m', 'a', 'r', 'k', 'return', 'space', 'return', '1', '2', 'backspace', 'backspace', 'backspace', 'return', 'return']",0.0,"[3.1851805467158556, 3.3015983747318387, 3.551572075113654, 3.651960735209286, 3.8507723342627287, 6.300432158634067, 7.26596306078136, 8.116859773173928, 8.333233440294862, 8.74926401115954, 8.931886160746217, 9.332140253856778, 9.64892621524632, 9.948958970606327]",2.0,9,1,2019_Jul_05_1502,FaceNameControl_Picture&Audio,3.0.4,60.02615679
98,FacesBlock3.xlsx,Olivia.mp4,Olivia.JPG,Olivia,40,videoFrameOlivia.png,0,0,0,2,0.0,13.0,13.0,10.0,,,,,2.0,0.269248049,,,,,,9,1,2019_Jul_05_1502,FaceNameControl_Picture&Audio,3.0.4,60.02615679
99,FacesBlock3.xlsx,Olivia.mp4,Olivia.JPG,Olivia,40,videoFrameOlivia.png,0,0,0,2,,,,,0.0,10.0,10.0,10.0,,,Olivia,"['rshift', 'o', 'l', 'i', 'v', 'i', 'a']",1.0,"[1.6510689342394471, 1.8686405112966895, 2.068886904977262, 2.2526757810264826, 3.1354212313890457, 3.235456253401935, 3.4352287920191884]",4.0,9,1,2019_Jul_05_1502,FaceNameControl_Picture&Audio,3.0.4,60.02615679
100,FacesBlock2.xlsx,Rachel.mp4,Rachel.JPG,Rachel,26,videoFrameRachel.png,0,3,3,1,0.0,13.0,13.0,11.0,,,,,2.0,0.286794029,,,,,,9,1,2019_Jul_05_1502,FaceNameControl_Picture&Audio,3.0.4,60.02615679
101,FacesBlock2.xlsx,Rachel.mp4,Rachel.JPG,Rachel,26,videoFrameRachel.png,0,3,3,1,,,,,0.0,3.0,3.0,11.0,,,Wendy,"['return', 'rshift', 'w', 'e', 'n', 'd', 'y', 'apostrophe', 's', 'backspace', 'apostrophe', 's', 'backspace']",0.0,"[2.384418183937669, 2.966606709174812, 3.0675193015486, 3.2514095287770033, 3.350867045111954, 3.4845015201717615, 3.584781209938228, 3.8344467785209417, 3.9679361153393984, 4.516512596048415, 5.067541762255132, 5.2008065497502685, 5.649226223118603]",1.0,9,1,2019_Jul_05_1502,FaceNameControl_Picture&Audio,3.0.4,60.02615679
103,FacesBlock3.xlsx,Rebecca.mp4,Rebecca.JPG,Rebecca,41,videoFrameRebecca.png,0,0,0,2,,,,,0.0,1.0,1.0,11.0,,,kate,"['k', 'a', 't', 'e']",0.0,"[4.932332023046911, 5.001179690472782, 5.383964965119958, 6.533706515096128]",1.0,9,1,2019_Jul_05_1502,FaceNameControl_Picture&Audio,3.0.4,60.02615679
102,FacesBlock3.xlsx,Rebecca.mp4,Rebecca.JPG,Rebecca,41,videoFrameRebecca.png,0,0,0,2,0.0,1.0,1.0,11.0,,,,,2.0,0.41974881700000005,,,,,,9,1,2019_Jul_05_1502,FaceNameControl_Picture&Audio,3.0.4,60.02615679
104,FacesBlock3.xlsx,Sarah.mp4,Sarah.JPG,Sarah,42,videoFrameSarah.png,0,0,0,2,0.0,6.0,6.0,12.0,,,,,2.0,0.220747699,,,,,,9,1,2019_Jul_05_1502,FaceNameControl_Picture&Audio,3.0.4,60.02615679
105,FacesBlock3.xlsx,Sarah.mp4,Sarah.JPG,Sarah,42,videoFrameSarah.png,0,0,0,2,,,,,0.0,5.0,5.0,12.0,,,Sally,"['rshift', 's', 'a', 'l', 'l', 'y']",0.0,"[3.7661650124937296, 3.9348208466544747, 4.134280893951654, 4.267718200571835, 4.384630844928324, 4.600608189590275]",1.0,9,1,2019_Jul_05_1502,FaceNameControl_Picture&Audio,3.0.4,60.02615679
106,FacesBlock3.xlsx,Shelby.mp4,Shelby.JPG,Shelby,43,videoFrameShelby.png,0,0,0,2,0.0,0.0,0.0,13.0,,,,,2.0,8.450047012,,,,,,9,1,2019_Jul_05_1502,FaceNameControl_Picture&Audio,3.0.4,60.02615679
107,FacesBlock3.xlsx,Shelby.mp4,Shelby.JPG,Shelby,43,videoFrameShelby.png,0,0,0,2,,,,,0.0,14.0,14.0,13.0,,,Julia,"['e', 'backspace', 'rshift', 'j', 'u', 'l', 'i', 'a']",0.0,"[0.5356325199827552, 1.1837911205366254, 7.431361856870353, 7.583320592530072, 7.799351376481354, 7.983335541561246, 8.066426442936063, 8.231306035071611]",1.0,9,1,2019_Jul_05_1502,FaceNameControl_Picture&Audio,3.0.4,60.02615679
108,FacesBlock2.xlsx,Steven.mp4,Steven.JPG,Steven,27,videoFrameSteven.png,0,3,3,1,0.0,9.0,9.0,12.0,,,,,1.0,0.55199434,,,,,,9,1,2019_Jul_05_1502,FaceNameControl_Picture&Audio,3.0.4,60.02615679
109,FacesBlock2.xlsx,Steven.mp4,Steven.JPG,Steven,27,videoFrameSteven.png,0,3,3,1,,,,,0.0,7.0,7.0,12.0,,,Steven,"['rshift', 's', 't', 'e', 'v', 'e', 'n']",0.0,"[2.133847870863974, 2.268342931754887, 2.5846675485372543, 2.8183533530682325, 3.2015428580343723, 3.917366474866867, 4.966902158223093]",3.0,9,1,2019_Jul_05_1502,FaceNameControl_Picture&Audio,3.0.4,60.02615679
110,FacesBlock4.xlsx,Taylor.mp4,Taylor.JPG,Taylor,59,videoFrameTaylor.png,0,1,1,3,0.0,1.0,1.0,14.0,,,,,2.0,0.602943026,,,,,,9,1,2019_Jul_05_1502,FaceNameControl_Picture&Audio,3.0.4,60.02615679
111,FacesBlock4.xlsx,Taylor.mp4,Taylor.JPG,Taylor,59,videoFrameTaylor.png,0,1,1,3,,,,,0.0,12.0,12.0,14.0,,,Sarah,"['rshift', 's', 'a', 'r', 'a', 'j', 'insert', 'backspace', 'h']",0.0,"[4.449157699011266, 4.883126651868224, 5.100248672999442, 5.433118441142142, 5.683279696851969, 5.833044210448861, 6.482644009403884, 6.549199215136468, 7.432981236837804]",1.0,9,1,2019_Jul_05_1502,FaceNameControl_Picture&Audio,3.0.4,60.02615679
112,FacesBlock3.xlsx,Thomas.mp4,Thomas.JPG,Thomas,44,videoFrameThomas.png,0,0,0,2,0.0,10.0,10.0,14.0,,,,,1.0,0.253340286,,,,,,9,1,2019_Jul_05_1502,FaceNameControl_Picture&Audio,3.0.4,60.02615679
113,FacesBlock3.xlsx,Thomas.mp4,Thomas.JPG,Thomas,44,videoFrameThomas.png,0,0,0,2,,,,,0.0,2.0,2.0,14.0,,,Thomas,"['t', 'rshift', 'backspace', 't', 'h', 'o', 'm', 'a', 's']",1.0,"[2.0687654595822096, 2.1844959715381265, 2.518084893003106, 2.885114163160324, 3.0331388069316745, 3.1516408640891314, 3.617917059920728, 3.8014927841722965, 3.9678299902006984]",4.0,9,1,2019_Jul_05_1502,FaceNameControl_Picture&Audio,3.0.4,60.02615679
114,FacesBlock1.xlsx,Timothy.mp4,Timothy.JPG,Timothy,14,videoFrameTimothy.png,0,2,2,0,0.0,13.0,13.0,14.0,,,,,1.0,0.30307167399999996,,,,,,9,1,2019_Jul_05_1502,FaceNameControl_Picture&Audio,3.0.4,60.02615679
115,FacesBlock1.xlsx,Timothy.mp4,Timothy.JPG,Timothy,14,videoFrameTimothy.png,0,2,2,0,,,,,0.0,2.0,2.0,14.0,,,Kyle,"['rshift', 'k', 'y', 'l', 'e']",0.0,"[3.932978813536465, 4.10119016841054, 4.367481757886708, 4.6675137570127845, 4.934079787693918]",1.0,9,1,2019_Jul_05_1502,FaceNameControl_Picture&Audio,3.0.4,60.02615679
116,FacesBlock2.xlsx,Trevor.mp4,Trevor.JPG,Trevor,28,videoFrameTrevor.png,0,3,3,1,0.0,7.0,7.0,13.0,,,,,1.0,0.38625789,,,,,,9,1,2019_Jul_05_1502,FaceNameControl_Picture&Audio,3.0.4,60.02615679
117,FacesBlock2.xlsx,Trevor.mp4,Trevor.JPG,Trevor,28,videoFrameTrevor.png,0,3,3,1,,,,,0.0,4.0,4.0,13.0,,,Dan,"['space', 'rshift', 'd', 'a', 'n']",0.0,"[1.5026320163160563, 4.499860154464841, 4.751823308877647, 4.983821455389261, 5.2344494657590985]",1.0,9,1,2019_Jul_05_1502,FaceNameControl_Picture&Audio,3.0.4,60.02615679
118,FacesBlock2.xlsx,Tyler.mp4,Tyler.JPG,Tyler,29,videoFrameTyler.png,0,3,3,1,0.0,12.0,12.0,14.0,,,,,1.0,0.26929022,,,,,,9,1,2019_Jul_05_1502,FaceNameControl_Picture&Audio,3.0.4,60.02615679
119,FacesBlock2.xlsx,Tyler.mp4,Tyler.JPG,Tyler,29,videoFrameTyler.png,0,3,3,1,,,,,0.0,11.0,11.0,14.0,,,Jonathan,"['rshift', 'j', 'o', 'n', 'a', 't', 'h', 'a', 'n']",0.0,"[4.898492280393839, 7.8660790817812085, 8.266207392327487, 8.449393963441253, 8.63299228809774, 8.949466606602073, 9.082356655970216, 9.265761931426823, 9.3659589253366]",1.0,9,1,2019_Jul_05_1502,FaceNameControl_Picture&Audio,3.0.4,60.02615679
