,Video,Name,recallRating_AA,inputText,key_resp_3.keys
0,Aaron2.mp4,Aaron,,,
1,Aaron2.mp4,Aaron,0.0,,"['rshift', 'j', 'a', 'backspace', 'backspace']"
2,Adam4.mp4,Adam,,,
3,Adam4.mp4,Adam,1.0,adam,"['a', 'd', 'a', 'm', 'return']"
4,Alyssa3.mp4,Alyssa,,,
5,Alyssa3.mp4,Alyssa,0.0,Haley,"['rshift', 'h', 'a', 'l', 'e', 'y']"
6,Amanda3.mp4,Amanda,,,
7,Amanda3.mp4,Amanda,1.0,Amanda,"['rshift', 'a', 'm', 'a', 'n', 'd', 'a']"
8,Andrew2.mp4,Andrew,,,
9,Andrew2.mp4,Andrew,1.0,Andrew,"['rshift', 'a', 'n', 'd', 'r', 'e', 'w']"
10,Anna3.mp4,Anna,,,
11,Anna3.mp4,Anna,1.0,Anna,"['rshift', 'a', 'n', 'n', 'a']"
12,Ashley3.mp4,Ashley,,,
13,Ashley3.mp4,Ashley,1.0,Ashley,"['rshift', 'a', 's', 'h', 'l', 'e', 'y']"
14,Bradley3.mp4,Bradley,,,
15,Bradley3.mp4,Bradley,1.0,Bradley,"['rshift', 'b', 'r', 'a', 'd', 'l', 'e', 'y']"
16,Brandon2.mp4,Brandon,,,
17,Brandon2.mp4,Brandon,0.0,Justin,"['rshift', 'j', 'u', 's', 't', 'i', 'n']"
18,Brian2.mp4,Brian,,,
19,Brian2.mp4,Brian,0.0,,None
20,Brianna2.mp4,Brianna,,,
21,Brianna2.mp4,Brianna,1.0,Brianna,"['rshift', 'b', 'r', 'i', 'a', 'n', 'n', 'a']"
22,Brittany2.mp4,Brittany,,,
23,Brittany2.mp4,Brittany,0.0,,None
24,Caleb5.mp4,Caleb,,,
25,Caleb5.mp4,Caleb,1.0,Caleb,"['rshift', 'c', 'a', 'l', 'e', 'b']"
26,Cody2.mp4,Cody,,,
27,Cody2.mp4,Cody,1.0,Cody,"['rshift', 'c', 'o', 'd', 'y']"
28,Courtney2.mp4,Courtney,,,
29,Courtney2.mp4,Courtney,1.0,Courtney,"['rshift', 'c', 'o', 'u', 'r', 't', 'n', 'e', 'y']"
30,Daniel3.mp4,Daniel,,,
31,Daniel3.mp4,Daniel,0.0,Matthew,"['rshift', 'm', 'a', 't', 't', 'h', 'e', 'w']"
32,Danielle2.mp4,Danielle,,,
33,Danielle2.mp4,Danielle,1.0,Danielle,"['rshift', 'd', 'a', 'n', 'i', 'e', 'l', 'l', 'e']"
34,David2.mp4,David,,,
35,David2.mp4,David,0.0,Cody,"['rshift', 'c', 'o', 'd', 'y']"
36,Dylan3.mp4,Dylan,,,
37,Dylan3.mp4,Dylan,0.0,Max,"['rshift', 'm', 'a', 'x']"
38,Emily5.mp4,Emily,,,
39,Emily5.mp4,Emily,1.0,Emily,"['rshift', 'e', 'm', 'i', 'l', 'y']"
40,Eric2.mp4,Eric,,,
41,Eric2.mp4,Eric,0.0,dillon,"['d', 'i', 'l', 'l', 'o', 'n', 'return']"
42,Ethan2.mp4,Ethan,,,
43,Ethan2.mp4,Ethan,1.0,Ethan,"['rshift', 'e', 't', 'h', 'a', 'n']"
44,Grace3.mp4,Grace,,,
45,Grace3.mp4,Grace,1.0,Grace,"['rshift', 'g', 'r', 'a', 'c', 'e']"
46,Haley2.mp4,Haley,,,
47,Haley2.mp4,Haley,0.0,,None
48,Hannah2.mp4,Hannah,,,
49,Hannah2.mp4,Hannah,0.0,Jessica,"['rshift', 'j', 'e', 's', 's', 'i', 'c', 'a']"
50,Heather3.mp4,Heather,,,
51,Heather3.mp4,Heather,1.0,Heather,"['rshift', 'h', 'e', 'a', 't', 'h', 'e', 'r']"
52,Jacob3.mp4,Jacob,,,
53,Jacob3.mp4,Jacob,1.0,Jacob,"['rshift', 'j', 'a', 'c', 'o', 'b']"
54,Jason4.mp4,Jason,,,
55,Jason4.mp4,Jason,0.0,Mark,"['rshift', 'm', 'a', 'r', 'k']"
56,Jenna4.mp4,Jenna,,,
57,Jenna4.mp4,Jenna,0.0,,None
58,Jeremy2.mp4,Jeremy,,,
59,Jeremy2.mp4,Jeremy,0.0,,None
60,Jessica2.mp4,Jessica,,,
61,Jessica2.mp4,Jessica,1.0,Jessica,"['rshift', 'j', 'e', 's', 's', 'i', 'c', 'a']"
62,Josh3.mp4,Josh,,,
63,Josh3.mp4,Josh,1.0,Josh,"['j', 'o', 's', 'h', 'backspace', 'backspace', 'backspace', 'backspace', 'rshift', 'j', 'o', 's', 'h']"
64,Julia2.mp4,Julia,,,
65,Julia2.mp4,Julia,1.0,Julia,"['rshift', 'j', 'u', 'l', 'i', 'a']"
66,Justin2.mp4,Justin,,,
67,Justin2.mp4,Justin,0.0,,"['rshift', 'j', 'u', 'backspace', 'backspace']"
68,Katie2.mp4,Katie,,,
69,Katie2.mp4,Katie,1.0,Katie,"['rshift', 'k', 'a', 't', 'i', 'e']"
70,Kayla3.mp4,Kayla,,,
71,Kayla3.mp4,Kayla,1.0,Kayla,"['rshift', 'k', 'a', 'y', 'l', 'a']"
72,Kelsey2.mp4,Kelsey,,,
73,Kelsey2.mp4,Kelsey,0.0,Chelsea,"['rshift', 'c', 'h', 'e', 'l', 's', 'e', 'a']"
74,Kevin2.mp4,Kevin,,,
75,Kevin2.mp4,Kevin,1.0,Kevin,"['rshift', 'k', 'e', 'v', 'i', 'n']"
76,Kyle3.mp4,Kyle,,,
77,Kyle3.mp4,Kyle,1.0,Kyle,"['rshift', 'k', 'y', 'l', 'e']"
78,Lauren4.mp4,Lauren,,,
79,Lauren4.mp4,Lauren,0.0,Sarah,"['rshift', 's', 'a', 'r', 'a', 'h']"
80,Mark3.mp4,Mark,,,
81,Mark3.mp4,Mark,0.0,,None
82,Matthew2.mp4,Matthew,,,
83,Matthew2.mp4,Matthew,0.0,Kyle,"['rshift', 'k', 'y', 'l', 'e']"
84,Megan2.mp4,Megan,,,
85,Megan2.mp4,Megan,0.0,,"['rshift', 'j', 'u', 'l', 'backspace', 'backspace', 'backspace']"
86,Michael2.mp4,Michael,,,
87,Michael2.mp4,Michael,0.0,Adam,"['rshift', 'a', 'd', 'a', 'm']"
88,Michelle2.mp4,Michelle,,,
89,Michelle2.mp4,Michelle,1.0,Michelle,"['rshift', 'm', 'i', 'c', 'h', 'e', 'l', 'l', 'e']"
90,Natalie3.mp4,Natalie,,,
91,Natalie3.mp4,Natalie,0.0,Olivia,"['rshift', 'o', 'l', 'i', 'v', 'i', 'a']"
92,Nathan3.mp4,Nathan,,,
93,Nathan3.mp4,Nathan,1.0,Nathan,"['rshift', 'n', 'a', 't', 'h', 'a', 'n']"
94,Nicole2.mp4,Nicole,,,
95,Nicole2.mp4,Nicole,0.0,,None
96,Noah2.mp4,Noah,,,
97,Noah2.mp4,Noah,0.0,Eric,"['rshift', 'e', 'r', 'i', 'c']"
98,Olivia3.mp4,Olivia,,,
99,Olivia3.mp4,Olivia,0.0,Jessica,"['rshift', 'j', 'e', 's', 's', 'i', 'c', 'a']"
100,Rachel3.mp4,Rachel,,,
101,Rachel3.mp4,Rachel,0.0,,None
102,Rebecca3.mp4,Rebecca,,,
103,Rebecca3.mp4,Rebecca,1.0,Rebecca,"['rshift', 'r', 'e', 'b', 'e', 'c', 'c', 'a']"
104,Sarah2.mp4,Sarah,,,
105,Sarah2.mp4,Sarah,1.0,Sarah,"['rshift', 's', 'a', 'r', 'a', 'h']"
106,Shelby2.mp4,Shelby,,,
107,Shelby2.mp4,Shelby,0.0,Natalie,"['rshift', 'n', 'a', 't', 'a', 'l', 'i', 'e']"
108,Steven2.mp4,Steven,,,
109,Steven2.mp4,Steven,1.0,Stevan,"['rshift', 's', 't', 'e', 'v', 'e', 'n', 'backspace', 'backspace', 'a', 'n']"
110,Taylor4.mp4,Taylor,,,
111,Taylor4.mp4,Taylor,1.0,Taylor,"['rshift', 't', 'a', 'y', 'l', 'o', 'r']"
112,Thomas2.mp4,Thomas,,,
113,Thomas2.mp4,Thomas,0.0,Mark,"['rshift', 'm', 'a', 'r', 'k']"
114,Timothy3.mp4,Timothy,,,
115,Timothy3.mp4,Timothy,1.0,Timothy,"['rshift', 't', 'i', 'm', 'o', 't', 'h', 'y']"
116,Trevor2.mp4,Trevor,,,
117,Trevor2.mp4,Trevor,1.0,Trevor,"['rshift', 't', 'r', 'e', 'v', 'o', 'r']"
118,Tyler3.mp4,Tyler,,,
119,Tyler3.mp4,Tyler,0.0,Brian,"['rshift', 'b', 'r', 'i', 'a', 'n']"
