,Video,Name,recallRating_AA,inputText,key_resp_3.keys
0,Aaron2.mp4,Aaron,,,
1,Aaron2.mp4,Aaron,1,aaron,"['a', 'a', 'r', 'p', 'backspace', 'o', 'n']"
2,Adam4.mp4,Adam,,,
3,Adam4.mp4,Adam,1,adam,"['a', 'd', 'a', 'm']"
4,Alyssa3.mp4,Alyssa,,,
5,Alyssa3.mp4,Alyssa,0,lisa,"['l', 'i', 's', 'a']"
6,Amanda3.mp4,Amanda,,,
7,Amanda3.mp4,Amanda,0,,None
8,Andrew2.mp4,Andrew,,,
9,Andrew2.mp4,Andrew,1,andrew,"['a', 'n', 'd', 'r', 'e', 'w']"
10,Anna3.mp4,Anna,,,
11,Anna3.mp4,Anna,0,,None
12,Ashley3.mp4,Ashley,,,
13,Ashley3.mp4,Ashley,0,,None
14,Bradley3.mp4,Bradley,,,
15,Bradley3.mp4,Bradley,1,bradley,"['b', 'r', 'a', 'd', 'l', 'e', 'y']"
16,Brandon2.mp4,Brandon,,,
17,Brandon2.mp4,Brandon,1,brandon,"['b', 'r', 'a', 'n', 'd', 'o', 'n']"
18,Brian2.mp4,Brian,,,
19,Brian2.mp4,Brian,1,brian,"['b', 'r', 'i', 'a', 'n']"
20,Brianna2.mp4,Brianna,,,
21,Brianna2.mp4,Brianna,0,,None
22,Brittany2.mp4,Brittany,,,
23,Brittany2.mp4,Brittany,0,,None
24,Caleb5.mp4,Caleb,,,
25,Caleb5.mp4,Caleb,0,cody,"['c', 'o', 'd', 'y']"
26,Cody2.mp4,Cody,,,
27,Cody2.mp4,Cody,0,,None
28,Courtney2.mp4,Courtney,,,
29,Courtney2.mp4,Courtney,0,cou,"['c', 'o', 'u']"
30,Daniel3.mp4,Daniel,,,
31,Daniel3.mp4,Daniel,0,,None
32,Danielle2.mp4,Danielle,,,
33,Danielle2.mp4,Danielle,0,cynthia,"['c', 'y', 'n', 't', 'h', 'i', 'a']"
34,David2.mp4,David,,,
35,David2.mp4,David,1,david,"['a', 'backspace', 'd', 'a', 'v', 'i', 'd']"
36,Dylan3.mp4,Dylan,,,
37,Dylan3.mp4,Dylan,0,,None
38,Emily5.mp4,Emily,,,
39,Emily5.mp4,Emily,1,emily,"['e', 'm', 'i', 'l', 'y']"
40,Eric2.mp4,Eric,,,
41,Eric2.mp4,Eric,1,eric,"['e', 'r', 'o', 'backspace', 'i', 'c']"
42,Ethan2.mp4,Ethan,,,
43,Ethan2.mp4,Ethan,1,ethan,"['e', 't', 'h', 'a', 'n']"
44,Grace3.mp4,Grace,,,
45,Grace3.mp4,Grace,0,,None
46,Haley2.mp4,Haley,,,
47,Haley2.mp4,Haley,0,,None
48,Hannah2.mp4,Hannah,,,
49,Hannah2.mp4,Hannah,1,hannah,"['h', 'a', 'n', 'n', 'a', 'h']"
50,Heather3.mp4,Heather,,,
51,Heather3.mp4,Heather,1,heather,"['h', 'e', 'a', 't', 'h', 'e', 'r']"
52,Jacob3.mp4,Jacob,,,
53,Jacob3.mp4,Jacob,0,,None
54,Jason4.mp4,Jason,,,
55,Jason4.mp4,Jason,0,josh,"['j', 'o', 's', 'h']"
56,Jenna4.mp4,Jenna,,,
57,Jenna4.mp4,Jenna,1,jenna,"['j', 'e', 'n', 'n', 'a']"
58,Jeremy2.mp4,Jeremy,,,
59,Jeremy2.mp4,Jeremy,0,tim,"['t', 'i', 'm']"
60,Jessica2.mp4,Jessica,,,
61,Jessica2.mp4,Jessica,0,,None
62,Josh3.mp4,Josh,,,
63,Josh3.mp4,Josh,1,josh,"['j', 'o', 's', 'h']"
64,Julia2.mp4,Julia,,,
65,Julia2.mp4,Julia,1,julia,"['j', 'u', 'l', 'i', 'a']"
66,Justin2.mp4,Justin,,,
67,Justin2.mp4,Justin,1,justin,"['u', 'backspace', 'j', 'u', 's', 't', 'i', 'n']"
68,Katie2.mp4,Katie,,,
69,Katie2.mp4,Katie,0,,None
70,Kayla3.mp4,Kayla,,,
71,Kayla3.mp4,Kayla,0,,None
72,Kelsey2.mp4,Kelsey,,,
73,Kelsey2.mp4,Kelsey,0,,None
74,Kevin2.mp4,Kevin,,,
75,Kevin2.mp4,Kevin,1,kevin,"['k', 'e', 'v', 'i', 'n']"
76,Kyle3.mp4,Kyle,,,
77,Kyle3.mp4,Kyle,1,kyle,"['k', 'y', 'l', 'e']"
78,Lauren4.mp4,Lauren,,,
79,Lauren4.mp4,Lauren,1,lauren,"['l', 'a', 'u', 'r', 'e', 'n']"
80,Mark3.mp4,Mark,,,
81,Mark3.mp4,Mark,0,,None
82,Matthew2.mp4,Matthew,,,
83,Matthew2.mp4,Matthew,1,matthew,"['a', 'backspace', 'm', 'a', 't', 't', 'h', 'e', 'w']"
84,Megan2.mp4,Megan,,,
85,Megan2.mp4,Megan,0,,None
86,Michael2.mp4,Michael,,,
87,Michael2.mp4,Michael,1,michael,"['m', 'i', 'c', 'h', 'a', 'e', 'l']"
88,Michelle2.mp4,Michelle,,,
89,Michelle2.mp4,Michelle,1,michelle,"['m', 'i', 'space', 'h', 'backspace', 'backspace', 'c', 'h', 'e', 'l', 'l', 'e']"
90,Natalie3.mp4,Natalie,,,
91,Natalie3.mp4,Natalie,0,,None
92,Nathan3.mp4,Nathan,,,
93,Nathan3.mp4,Nathan,0,,None
94,Nicole2.mp4,Nicole,,,
95,Nicole2.mp4,Nicole,0,,None
96,Noah2.mp4,Noah,,,
97,Noah2.mp4,Noah,0,,None
98,Olivia3.mp4,Olivia,,,
99,Olivia3.mp4,Olivia,1,olivia,"['capslock', 'o', 'l', 'i', 'v', 'i', 'a']"
100,Rachel3.mp4,Rachel,,,
101,Rachel3.mp4,Rachel,0,jenna,"['j', 'e', 'n', 'n', 'a']"
102,Rebecca3.mp4,Rebecca,,,
103,Rebecca3.mp4,Rebecca,1,rebecca,"['r', 'e', 'b', 'e', 'c', 'c', 'a']"
104,Sarah2.mp4,Sarah,,,
105,Sarah2.mp4,Sarah,1,sarah,"['s', 'a', 'r', 'a', 'h']"
106,Shelby2.mp4,Shelby,,,
107,Shelby2.mp4,Shelby,1,shelby,"['s', 'h', 'e', 'l', 'b', 'y']"
108,Steven2.mp4,Steven,,,
109,Steven2.mp4,Steven,1,steven,"['s', 't', 'e', 'v', 'e', 'n']"
110,Taylor4.mp4,Taylor,,,
111,Taylor4.mp4,Taylor,0,,None
112,Thomas2.mp4,Thomas,,,
113,Thomas2.mp4,Thomas,0,,None
114,Timothy3.mp4,Timothy,,,
115,Timothy3.mp4,Timothy,0,,None
116,Trevor2.mp4,Trevor,,,
117,Trevor2.mp4,Trevor,0,nathan,"['n', 'a', 't', 'h', 'a', 'n']"
118,Tyler3.mp4,Tyler,,,
119,Tyler3.mp4,Tyler,0,,None