,Video,Name,recallRating_AA,inputText,key_resp_3.keys
0,Aaron2.mp4,Aaron,,,
1,Aaron2.mp4,Aaron,0,mike,"['m', 'i', 'k', 'e']"
2,Adam4.mp4,Adam,,,
3,Adam4.mp4,Adam,0,st,"['s', 't']"
4,Alyssa3.mp4,Alyssa,,,
5,Alyssa3.mp4,Alyssa,1,alyssa,"['a', 'l', 'y', 's', 's', 'a', 'return', 'return']"
6,Amanda3.mp4,Amanda,,,
7,Amanda3.mp4,Amanda,0,danielle,"['d', 'a', 'n', 'i', 'e', 'l', 'l', 'e', 'return']"
8,Andrew2.mp4,Andrew,,,
9,Andrew2.mp4,Andrew,0,andrea,"['a', 'n', 'd', 'r', 'e', 'a', 'return']"
10,Anna3.mp4,Anna,,,
11,Anna3.mp4,Anna,1,anna,"['a', 'n', 'n', 'a', 'return', 'return']"
12,Ashley3.mp4,Ashley,,,
13,Ashley3.mp4,Ashley,0,nicole,"['n', 'i', 'c', 'k', 'backspace', 'o', 'l', 'e']"
14,Bradley3.mp4,Bradley,,,
15,Bradley3.mp4,Bradley,1,bradley,"['b', 'r', 'a', 'd', 'l', 'e', 'y', 'return', 'return']"
16,Brandon2.mp4,Brandon,,,
17,Brandon2.mp4,Brandon,1,brandon,"['b', 'r', 'a', 'n', 'd', 'o', 'n', 'return']"
18,Brian2.mp4,Brian,,,
19,Brian2.mp4,Brian,0,kyle,"['k', 'y', 'l', 'e', 'return']"
20,Brianna2.mp4,Brianna,,,
21,Brianna2.mp4,Brianna,0,lauren,"['l', 'a', 'u', 'r', 'e', 'n', 'return', 'return']"
22,Brittany2.mp4,Brittany,,,
23,Brittany2.mp4,Brittany,1,brittney,"['b', 'r', 'i', 't', 't', 'n', 'e', 'y', 'return']"
24,Caleb5.mp4,Caleb,,,
25,Caleb5.mp4,Caleb,1,caleb,"['c', 'a', 'l', 'e', 'b', 'return']"
26,Cody2.mp4,Cody,,,
27,Cody2.mp4,Cody,0,cole,"['c', 'o', 'l', 'e', 'return', 'return', 'return', 'return']"
28,Courtney2.mp4,Courtney,,,
29,Courtney2.mp4,Courtney,0,oliv,"['o', 'l', 'i', 'v', 'i', 'a', 'return', 'backspace', 'backspace']"
30,Daniel3.mp4,Daniel,,,
31,Daniel3.mp4,Daniel,0,tom,"['t', 'o', 'm', 'return']"
32,Danielle2.mp4,Danielle,,,
33,Danielle2.mp4,Danielle,0,kayla,"['k', 'a', 'y', 'semicolon', 'l', 'a']"
34,David2.mp4,David,,,
35,David2.mp4,David,1,david,"['d', 'a', 'b', 'backspace', 'v', 'i', 'd']"
36,Dylan3.mp4,Dylan,,,
37,Dylan3.mp4,Dylan,0,justin,"['j', 'u', 's', 't', 'i', 'n', 'return']"
38,Emily5.mp4,Emily,,,
39,Emily5.mp4,Emily,0,katie,"['k', 'a', 't', 'i', 'e', 'return']"
40,Eric2.mp4,Eric,,,
41,Eric2.mp4,Eric,0,thomas,"['t', 'h', 'o', 'm', 'a', 's', 'return', 'return']"
42,Ethan2.mp4,Ethan,,,
43,Ethan2.mp4,Ethan,0,kyle,"['k', 'y', 'l', 'e', 'backspace', 'backspace', 'backspace', 'y', 'l', 'e']"
44,Grace3.mp4,Grace,,,
45,Grace3.mp4,Grace,1,grace,"['g', 'r', 'a', 'c', 'e', 'return']"
46,Haley2.mp4,Haley,,,
47,Haley2.mp4,Haley,1,haley,"['h', 'a', 'l', 'e', 'y', 'return']"
48,Hannah2.mp4,Hannah,,,
49,Hannah2.mp4,Hannah,0,na,"['n', 'backspace', 'n', 'a']"
50,Heather3.mp4,Heather,,,
51,Heather3.mp4,Heather,1,heather,"['h', 'e', 'a', 't', 'h', 'e', 'r', 'return', 'return']"
52,Jacob3.mp4,Jacob,,,
53,Jacob3.mp4,Jacob,1,jacob,"['j', 'a', 'c', 'o', 'b', 'return']"
54,Jason4.mp4,Jason,,,
55,Jason4.mp4,Jason,1,jason,"['j', 'a', 's', 'o', 'n', 'return', 'return', 'return']"
56,Jenna4.mp4,Jenna,,,
57,Jenna4.mp4,Jenna,1,jenna,"['j', 'e', 'n', 'n', 'a', 'return', 'return']"
58,Jeremy2.mp4,Jeremy,,,
59,Jeremy2.mp4,Jeremy,1,jeremy,"['j', 'e', 'r', 'e', 'm', 'y']"
60,Jessica2.mp4,Jessica,,,
61,Jessica2.mp4,Jessica,0,hannah,"['h', 'a', 'n', 'n', 'a', 'h']"
62,Josh3.mp4,Josh,,,
63,Josh3.mp4,Josh,1,josh,"['j', 'o', 's', 'h', 'return']"
64,Julia2.mp4,Julia,,,
65,Julia2.mp4,Julia,0,shel,"['t', 'backspace', 's', 'h', 'e', 'l']"
66,Justin2.mp4,Justin,,,
67,Justin2.mp4,Justin,0,,None
68,Katie2.mp4,Katie,,,
69,Katie2.mp4,Katie,1,kati,"['k', 'a', 't', 'i']"
70,Kayla3.mp4,Kayla,,,
71,Kayla3.mp4,Kayla,1,kay,"['k', 'a', 'y', 'semicolon', 'a', 'backspace']"
72,Kelsey2.mp4,Kelsey,,,
73,Kelsey2.mp4,Kelsey,1,kelsey,"['k', 'e', 'e', 'l', 'backspace', 'backspace', 'l', 's', 'e', 'y', 'return', 'return', 'return', 'return', 'return']"
74,Kevin2.mp4,Kevin,,,
75,Kevin2.mp4,Kevin,1,kevin,"['k', 'e', 'v', 'i', 'n', 'return', 'return', 'return']"
76,Kyle3.mp4,Kyle,,,
77,Kyle3.mp4,Kyle,1,kyle,"['k', 'y', 'l', 'e']"
78,Lauren4.mp4,Lauren,,,
79,Lauren4.mp4,Lauren,0,rebecca,"['r', 'e', 'b', 'e', 'c', 'c', 'a', 'return']"
80,Mark3.mp4,Mark,,,
81,Mark3.mp4,Mark,0,thom,"['m', 'i', 'k', 'backspace', 'backspace', 'backspace', 't', 'h', 'o', 'm']"
82,Matthew2.mp4,Matthew,,,
83,Matthew2.mp4,Matthew,1,mathew,"['m', 'a', 't', 'h', 'e', 'w']"
84,Megan2.mp4,Megan,,,
85,Megan2.mp4,Megan,1,megan,"['m', 'e', 'g', 'a', 'n', 'return']"
86,Michael2.mp4,Michael,,,
87,Michael2.mp4,Michael,0,,None
88,Michelle2.mp4,Michelle,,,
89,Michelle2.mp4,Michelle,1,michelle,"['m', 'i', 'c', 'h', 'e', 'l', 'l', 'e', 'return', 'return']"
90,Natalie3.mp4,Natalie,,,
91,Natalie3.mp4,Natalie,0,jessica,"['j', 'e', 's', 's', 'i', 'c', 'a', 'return']"
92,Nathan3.mp4,Nathan,,,
93,Nathan3.mp4,Nathan,1,nathan,"['n', 'a', 'backspace', 'backspace', 'capslock', 'n', 'capslock', 'backspace', 'n', 'a', 't', 'h', 'a', 'n', 'return']"
94,Nicole2.mp4,Nicole,,,
95,Nicole2.mp4,Nicole,1,nicole,"['n', 'i', 'c', 'o', 'l', 'e', 'return', 'return', 'return']"
96,Noah2.mp4,Noah,,,
97,Noah2.mp4,Noah,1,noah,"['n', 'o', 'a', 'h', 'return']"
98,Olivia3.mp4,Olivia,,,
99,Olivia3.mp4,Olivia,1,olivia,"['p', 'backspace', 'o', 'l', 'i', 'v', 'i', 'a', 'return']"
100,Rachel3.mp4,Rachel,,,
101,Rachel3.mp4,Rachel,1,rachel,"['r', 'a', 'c', 'v', 'h', 'backspace', 'backspace', 'h', 'e', 'semicolon', 'l', 'return']"
102,Rebecca3.mp4,Rebecca,,,
103,Rebecca3.mp4,Rebecca,0,st,"['s', 't', 'w', 'backspace']"
104,Sarah2.mp4,Sarah,,,
105,Sarah2.mp4,Sarah,1,sara,"['a', 'backspace', 's', 'capslock', 'r', 'backspace', 'a', 'r', 'a', 'return']"
106,Shelby2.mp4,Shelby,,,
107,Shelby2.mp4,Shelby,1,shelby,"['s', 'h', 'e', 'l', 'b', 'y', 'return']"
108,Steven2.mp4,Steven,,,
109,Steven2.mp4,Steven,0,dylan,"['d', 'y', 'l', 'a', 'n', 'return', 'return']"
110,Taylor4.mp4,Taylor,,,
111,Taylor4.mp4,Taylor,1,taylor,"['t', 'lshift', 'y', 'backspace', 'a', 'y', 'l', 'o', 'r', 'return', 'return']"
112,Thomas2.mp4,Thomas,,,
113,Thomas2.mp4,Thomas,0,cody,"['c', 'o', 'd', 'y', 'return', 'return']"
114,Timothy3.mp4,Timothy,,,
115,Timothy3.mp4,Timothy,1,timo,"['t', 'backspace', 't', 'i', 'm', 'o']"
116,Trevor2.mp4,Trevor,,,
117,Trevor2.mp4,Trevor,1,trevor,"['t', 'r', 'e', 'b', 'backspace', 'o', 'backspace', 'v', 'o', 'r', 'return', 'return', 'return']"
118,Tyler3.mp4,Tyler,,,
119,Tyler3.mp4,Tyler,1,tyler,"['t', 'y', 'l', 'e', 'r', 'return', 'return']"