,Video,Name,recallRating_AA,inputText,key_resp_3.keys
0,Aaron2.mp4,Aaron,,,
1,Aaron2.mp4,Aaron,0.0,matthew,"['m', 'a', 't', 'h', 'backspace', 'h', 'backspace', 't', 'h', 'e', 'w']"
2,Adam4.mp4,Adam,,,
3,Adam4.mp4,Adam,1.0,adam,"['a', 'd', 'a', 'm']"
4,Alyssa3.mp4,Alyssa,,,
5,Alyssa3.mp4,Alyssa,0.0,melissa,"['m', 'e', 'l', 'i', 's', 's', 'a']"
6,Amanda3.mp4,Amanda,,,
7,Amanda3.mp4,Amanda,0.0,emily,"['e', 'm', 'i', 'l', 'y']"
8,Andrew2.mp4,Andrew,,,
9,Andrew2.mp4,Andrew,0.0,mark,"['m', 'a', 'r', 'k']"
10,Anna3.mp4,Anna,,,
11,Anna3.mp4,Anna,1.0,anna,"['a', 'n', 'n', 'a']"
12,Ashley3.mp4,Ashley,,,
13,Ashley3.mp4,Ashley,0.0,brianna,"['b', 'r', 'i', 'a', 'n', 'n', 'a']"
14,Bradley3.mp4,Bradley,,,
15,Bradley3.mp4,Bradley,0.0,justin,"['j', 'u', 's', 't', 'i', 'n']"
16,Brandon2.mp4,Brandon,,,
17,Brandon2.mp4,Brandon,0.0,tyler,"['t', 'y', 'l', 'e', 'r']"
18,Brian2.mp4,Brian,,,
19,Brian2.mp4,Brian,0.0,josh,"['j', 'o', 's', 'h']"
20,Brianna2.mp4,Brianna,,,
21,Brianna2.mp4,Brianna,0.0,lauren,"['b', 'r', 'i', 'a', 'n', 'a', 'backspace', 'n', 'a', 'backspace', 'backspace', 'backspace', 'backspace', 'backspace', 'backspace', 'backspace', 'l', 'a', 'u', 'r', 'e', 'n']"
22,Brittany2.mp4,Brittany,,,
23,Brittany2.mp4,Brittany,1.0,brittany,"['b', 'r', 'i', 't', 't', 'a', 'n', 'y']"
24,Caleb5.mp4,Caleb,,,
25,Caleb5.mp4,Caleb,0.0,ethan,"['e', 't', 'h', 'a', 'n']"
26,Cody2.mp4,Cody,,,
27,Cody2.mp4,Cody,0.0,joa,"['j', 'o', 'lcommand', 'a']"
28,Courtney2.mp4,Courtney,,,
29,Courtney2.mp4,Courtney,1.0,courtney,"['c', 'o', 'u', 'r', 't', 'n', 'e', 'y']"
30,Daniel3.mp4,Daniel,,,
31,Daniel3.mp4,Daniel,1.0,daniel,"['d', 'a', 'n', 'i', 'e', 'l']"
32,Danielle2.mp4,Danielle,,,
33,Danielle2.mp4,Danielle,1.0,danielle,"['d', 'a', 'n', 'i', 'e', 'l', 'l', 'e']"
34,David2.mp4,David,,,
35,David2.mp4,David,0.0,cody,"['b', 'r', 'a', 'd', 'l', 'backspace', 'backspace', 'backspace', 'backspace', 'backspace', 'c', 'o', 'd', 'y']"
36,Dylan3.mp4,Dylan,,,
37,Dylan3.mp4,Dylan,0.0,brian,"['b', 'r', 'i', 'a', 'n']"
38,Emily5.mp4,Emily,,,
39,Emily5.mp4,Emily,0.0,jenna,"['e', 'm', 'i', 'l', 'backspace', 'backspace', 'backspace', 'backspace', 'backspace', 'j', 'e', 'n', 'a', 'backspace', 'n', 'a']"
40,Eric2.mp4,Eric,,,
41,Eric2.mp4,Eric,1.0,eric,"['e', 'r', 'i', 'c']"
42,Ethan2.mp4,Ethan,,,
43,Ethan2.mp4,Ethan,0.0,kyle,"['k', 'y', 'l', 'e']"
44,Grace3.mp4,Grace,,,
45,Grace3.mp4,Grace,0.0,katie,"['k', 'a', 'i', 'backspace', 't', 'i', 'e']"
46,Haley2.mp4,Haley,,,
47,Haley2.mp4,Haley,0.0,morgan,"['m', 'o', 'r', 'g', 'a', 'n']"
48,Hannah2.mp4,Hannah,,,
49,Hannah2.mp4,Hannah,0.0,ashley,"['a', 's', 'h', 'l', 'e', 'y']"
50,Heather3.mp4,Heather,,,
51,Heather3.mp4,Heather,1.0,heather,"['h', 'e', 'a', 't', 'h', 'e', 'r']"
52,Jacob3.mp4,Jacob,,,
53,Jacob3.mp4,Jacob,0.0,aaron,"['b', 'r', 'a', 'n', 'd', 'o', 'n', 'backspace', 'backspace', 'backspace', 'backspace', 'backspace', 'backspace', 'backspace', 'a', 'a', 'r', 'o', 'n']"
54,Jason4.mp4,Jason,,,
55,Jason4.mp4,Jason,0.0,jacob,"['j', 'a', 'c', 'o', 'b']"
56,Jenna4.mp4,Jenna,,,
57,Jenna4.mp4,Jenna,0.0,courtney,"['h', 'backspace', 'j', 'e', 's', 's', 'i', 'c', 'a', 'backspace', 'backspace', 'backspace', 'backspace', 'backspace', 'backspace', 'backspace', 'c', 'o', 'u', 'r', 't', 'n', 'e', 'y']"
58,Jeremy2.mp4,Jeremy,,,
59,Jeremy2.mp4,Jeremy,0.0,kyle,"['k', 'y', 'l', 'e']"
60,Jessica2.mp4,Jessica,,,
61,Jessica2.mp4,Jessica,0.0,anna,"['a', 'n', 'n', 'backspace', 'backspace', 'backspace', 'j', 'e', 's', 'backspace', 'backspace', 'backspace', 'a', 'n', 'n', 'a']"
62,Josh3.mp4,Josh,,,
63,Josh3.mp4,Josh,0.0,justinnnnn,"['j', 'u', 's', 't', 'i', 'n']"
64,Julia2.mp4,Julia,,,
65,Julia2.mp4,Julia,0.0,natalie,"['n', 'a', 't', 'a', 'l', 'i', 'e']"
66,Justin2.mp4,Justin,,,
67,Justin2.mp4,Justin,0.0,bradley,"['b', 'r', 'a', 'd', 'l', 'e', 'y']"
68,Katie2.mp4,Katie,,,
69,Katie2.mp4,Katie,1.0,katie,"['k', 'a', 't', 'i', 'e']"
70,Kayla3.mp4,Kayla,,,
71,Kayla3.mp4,Kayla,1.0,kayla,"['k', 'a', 'y', 'l', 'a']"
72,Kelsey2.mp4,Kelsey,,,
73,Kelsey2.mp4,Kelsey,1.0,kelsey,"['k', 'e', 'l', 's', 'e', 'y']"
74,Kevin2.mp4,Kevin,,,
75,Kevin2.mp4,Kevin,0.0,timothy,"['t', 'i', 'm', 'o', 't', 'h', 'y']"
76,Kyle3.mp4,Kyle,,,
77,Kyle3.mp4,Kyle,0.0,ethan,"['e', 't', 'h', 'a', 'n']"
78,Lauren4.mp4,Lauren,,,
79,Lauren4.mp4,Lauren,0.0,jessica,"['j', 'e', 's', 's', 'i', 'c', 'a']"
80,Mark3.mp4,Mark,,,
81,Mark3.mp4,Mark,0.0,nathan,"['n', 'a', 't', 'h', 'a', 'n']"
82,Matthew2.mp4,Matthew,,,
83,Matthew2.mp4,Matthew,0.0,nathan,"['a', 'a', 'r', 'o', 'n', 'backspace', 'backspace', 'backspace', 'backspace', 'backspace', 'n', 'a', 't', 'h', 'a', 'n']"
84,Megan2.mp4,Megan,,,
85,Megan2.mp4,Megan,0.0,julia,"['j', 'u', 'l', 'i', 'a']"
86,Michael2.mp4,Michael,,,
87,Michael2.mp4,Michael,0.0,caleb,"['c', 'a', 'l', 'e', 'b']"
88,Michelle2.mp4,Michelle,,,
89,Michelle2.mp4,Michelle,0.0,kelsey,"['k', 'e', 'l', 's', 'e', 'y']"
90,Natalie3.mp4,Natalie,,,
91,Natalie3.mp4,Natalie,0.0,anna,"['a', 'n', 'n', 'a']"
92,Nathan3.mp4,Nathan,,,
93,Nathan3.mp4,Nathan,0.0,matthew,"['m', 'a', 't', 't', 'h', 'e', 'w']"
94,Nicole2.mp4,Nicole,,,
95,Nicole2.mp4,Nicole,1.0,nicole,"['n', 'i', 'c', 'o', 'l', 'e']"
96,Noah2.mp4,Noah,,,
97,Noah2.mp4,Noah,0.0,bradley,"['b', 'r', 'a', 'd', 'l', 'e', 'y']"
98,Olivia3.mp4,Olivia,,,
99,Olivia3.mp4,Olivia,0.0,lauren,"['l', 'a', 'u', 'r', 'e', 'n']"
100,Rachel3.mp4,Rachel,,,
101,Rachel3.mp4,Rachel,0.0,hannah,"['h', 'a', 'n', 'n', 'a', 'h']"
102,Rebecca3.mp4,Rebecca,,,
103,Rebecca3.mp4,Rebecca,1.0,rebecca,"['r', 'e', 'b', 'e', 'c', 'c', 'a']"
104,Sarah2.mp4,Sarah,,,
105,Sarah2.mp4,Sarah,1.0,sarah,"['s', 'a', 'r', 'a', 'h']"
106,Shelby2.mp4,Shelby,,,
107,Shelby2.mp4,Shelby,0.0,megan,"['m', 'e', 'g', 'a', 'n']"
108,Steven2.mp4,Steven,,,
109,Steven2.mp4,Steven,0.0,kyle,"['k', 'y', 'l', 'e']"
110,Taylor4.mp4,Taylor,,,
111,Taylor4.mp4,Taylor,1.0,taylor,"['t', 'a', 'y', 'l', 'o', 'r']"
112,Thomas2.mp4,Thomas,,,
113,Thomas2.mp4,Thomas,1.0,thomas,"['h', 'backspace', 't', 'h', 'o', 'm', 'a', 's']"
114,Timothy3.mp4,Timothy,,,
115,Timothy3.mp4,Timothy,0.0,steven,"['s', 't', 'e', 'v', 'e', 'n']"
116,Trevor2.mp4,Trevor,,,
117,Trevor2.mp4,Trevor,1.0,trevor,"['t', 'r', 'e', 'v', 'o', 'r']"
118,Tyler3.mp4,Tyler,,,
119,Tyler3.mp4,Tyler,0.0,andrew,"['a', 'n', 'd', 'r', 'e', 'w']"
