,Video,Name,recallRating_AA,inputText,key_resp_3.keys
0,Aaron2.mp4,Aaron,,,
1,Aaron2.mp4,Aaron,1.0,Aaron,"['lshift', 'a', 'a', 'r', 'o', 'n']"
2,Adam4.mp4,Adam,,,
3,Adam4.mp4,Adam,0.0,Josh,"['lshift', 'j', 'o', 's', 'h']"
4,Alyssa3.mp4,Alyssa,,,
5,Alyssa3.mp4,Alyssa,1.0,Alyssa,"['lshift', 'a', 'l', 'y', 's', 's', 'a']"
6,Amanda3.mp4,Amanda,,,
7,Amanda3.mp4,Amanda,1.0,Amanda,"['lshift', 'a', 'm', 'a', 'n', 'd', 'a']"
8,Andrew2.mp4,Andrew,,,
9,Andrew2.mp4,Andrew,0.0,Dylan,"['lshift', 'lshift', 'd', 'y', 'l', 'a', 'n']"
10,Anna3.mp4,Anna,,,
11,Anna3.mp4,Anna,1.0,Anna,"['lshift', 'a', 'n', 'n', 'a']"
12,Ashley3.mp4,Ashley,,,
13,Ashley3.mp4,Ashley,0.0,Katie,"['lshift', 'lshift', 'k', 'a', 't', 'i', 'e']"
14,Bradley3.mp4,Bradley,,,
15,Bradley3.mp4,Bradley,0.0,Michael,"['lshift', 'm', 'i', 'c', 'h', 'a', 'e', 'l']"
16,Brandon2.mp4,Brandon,,,
17,Brandon2.mp4,Brandon,0.0,David,"['lshift', 'd', 'a', 'v', 'i', 'd']"
18,Brian2.mp4,Brian,,,
19,Brian2.mp4,Brian,1.0,Brian,"['lshift', 'b', 'r', 'i', 'a', 'n']"
20,Brianna2.mp4,Brianna,,,
21,Brianna2.mp4,Brianna,1.0,Brianna,"['lshift', 'b', 'r', 'i', 'a', 'n', 'n', 'a']"
22,Brittany2.mp4,Brittany,,,
23,Brittany2.mp4,Brittany,1.0,Brittany,"['lshift', 'b', 'r', 'i', 't', 't', 'a', 'n', 'y']"
24,Caleb5.mp4,Caleb,,,
25,Caleb5.mp4,Caleb,0.0,,"['lshift', 'm', 'backspace', 'lshift']"
26,Cody2.mp4,Cody,,,
27,Cody2.mp4,Cody,1.0,Cody,"['lshift', 'c', 'o', 'd', 'y']"
28,Courtney2.mp4,Courtney,,,
29,Courtney2.mp4,Courtney,1.0,Courtney,"['lshift', 'c', 'o', 'u', 'r', 't', 'n', 'e', 'y']"
30,Daniel3.mp4,Daniel,,,
31,Daniel3.mp4,Daniel,1.0,Daniel,"['lshift', 'd', 'a', 'n', 'i', 'e', 'l']"
32,Danielle2.mp4,Danielle,,,
33,Danielle2.mp4,Danielle,1.0,Danielle,"['lshift', 'd', 'a', 'n', 'i', 'e', 'l', 'l', 'a', 'backspace', 'e']"
34,David2.mp4,David,,,
35,David2.mp4,David,0.0,Steven,"['lshift', 's', 't', 'e', 'v', 'e', 'n']"
36,Dylan3.mp4,Dylan,,,
37,Dylan3.mp4,Dylan,0.0,Daniel,"['lshift', 'd', 'a', 'n', 'i', 'e', 'l']"
38,Emily5.mp4,Emily,,,
39,Emily5.mp4,Emily,1.0,Emily,"['lshift', 'e', 'm', 'i', 'l', 'y']"
40,Eric2.mp4,Eric,,,
41,Eric2.mp4,Eric,0.0,Thomas,"['lshift', 't', 'h', 'o', 'm', 's', 'backspace', 'a', 's']"
42,Ethan2.mp4,Ethan,,,
43,Ethan2.mp4,Ethan,0.0,Mark,"['lshift', 'm', 'a', 'r', 'k']"
44,Grace3.mp4,Grace,,,
45,Grace3.mp4,Grace,1.0,Gracer,"['lshift', 'g', 'r', 'a', 'c', 'e', 'r']"
46,Haley2.mp4,Haley,,,
47,Haley2.mp4,Haley,0.0,K,"['lshift', 'k']"
48,Hannah2.mp4,Hannah,,,
49,Hannah2.mp4,Hannah,0.0,Amanda,"['lshift', 'a', 'm', 'a', 'n', 'd', 'a']"
50,Heather3.mp4,Heather,,,
51,Heather3.mp4,Heather,1.0,Heather,"['lshift', 'h', 'e', 'a', 't', 'h', 'e', 'r']"
52,Jacob3.mp4,Jacob,,,
53,Jacob3.mp4,Jacob,0.0,Justin,"['lshift', 'j', 'u', 's', 't', 'i', 'n']"
54,Jason4.mp4,Jason,,,
55,Jason4.mp4,Jason,1.0,Jason,"['lshift', 'j', 'a', 's', 'o', 'n']"
56,Jenna4.mp4,Jenna,,,
57,Jenna4.mp4,Jenna,0.0,Melissa,"['lshift', 'm', 'e', 'l', 'i', 's', 's', 'a']"
58,Jeremy2.mp4,Jeremy,,,
59,Jeremy2.mp4,Jeremy,1.0,Jeremy,"['lshift', 'j', 'e', 'r', 'e', 'm', 'y']"
60,Jessica2.mp4,Jessica,,,
61,Jessica2.mp4,Jessica,1.0,Jessica,"['lshift', 'j', 'e', 's', 's', 'i', 'c', 'a']"
62,Josh3.mp4,Josh,,,
63,Josh3.mp4,Josh,0.0,Ethan,"['lshift', 'e', 't', 'h', 'a', 'n']"
64,Julia2.mp4,Julia,,,
65,Julia2.mp4,Julia,1.0,Julia,"['lshift', 'j', 'u', 'l', 'i', 'a']"
66,Justin2.mp4,Justin,,,
67,Justin2.mp4,Justin,0.0,Adam,"['lshift', 'a', 'd', 'a', 'm']"
68,Katie2.mp4,Katie,,,
69,Katie2.mp4,Katie,0.0,Ashlie,"['lshift', 'a', 's', 'h', 'l', 'i', 'e']"
70,Kayla3.mp4,Kayla,,,
71,Kayla3.mp4,Kayla,1.0,Kayla,"['lshift', 'k', 'a', 'y', 'l', 'a']"
72,Kelsey2.mp4,Kelsey,,,
73,Kelsey2.mp4,Kelsey,1.0,Kelsey,"['lshift', 'k', 'e', 'l', 's', 'e', 'y']"
74,Kevin2.mp4,Kevin,,,
75,Kevin2.mp4,Kevin,1.0,Kevin,"['lshift', 'k', 'e', 'v', 'i', 'n']"
76,Kyle3.mp4,Kyle,,,
77,Kyle3.mp4,Kyle,1.0,Kyle,"['lshift', 'k', 'y', 'l', 'e']"
78,Lauren4.mp4,Lauren,,,
79,Lauren4.mp4,Lauren,0.0,Olivia,"['lshift', 'o', 'l', 'i', 'v', 'i', 'a']"
80,Mark3.mp4,Mark,,,
81,Mark3.mp4,Mark,0.0,Adam,"['lshift', 'lshift', 'lshift', 'a', 'd', 'a', 'm']"
82,Matthew2.mp4,Matthew,,,
83,Matthew2.mp4,Matthew,0.0,Mark,"['lshift', 'm', 'a', 'r', 'k']"
84,Megan2.mp4,Megan,,,
85,Megan2.mp4,Megan,0.0,Rachel,"['lshift', 'r', 'a', 'c', 'h', 'e', 'l']"
86,Michael2.mp4,Michael,,,
87,Michael2.mp4,Michael,0.0,Eric,"['lshift', 'e', 'r', 'i', 'c']"
88,Michelle2.mp4,Michelle,,,
89,Michelle2.mp4,Michelle,1.0,Michelle,"['lshift', 'm', 'i', 'c', 'h', 'e', 'l', 'l', 'e']"
90,Natalie3.mp4,Natalie,,,
91,Natalie3.mp4,Natalie,1.0,Natalie,"['lshift', 'n', 'a', 't', 'a', 'l', 'i', 'e']"
92,Nathan3.mp4,Nathan,,,
93,Nathan3.mp4,Nathan,1.0,Nathan,"['lshift', 'n', 'a', 't', 'h', 'a', 'n']"
94,Nicole2.mp4,Nicole,,,
95,Nicole2.mp4,Nicole,1.0,Nicole,"['lshift', 'lshift', 'n', 'i', 'c', 'o', 'l', 'e']"
96,Noah2.mp4,Noah,,,
97,Noah2.mp4,Noah,1.0,Noah,"['lshift', 'n', 'o', 'a', 'h']"
98,Olivia3.mp4,Olivia,,,
99,Olivia3.mp4,Olivia,0.0,Jenna,"['lshift', 'j', 'e', 'n', 'n', 'a']"
100,Rachel3.mp4,Rachel,,,
101,Rachel3.mp4,Rachel,0.0,Megan,"['lshift', 'm', 'e', 'g', 'a', 'n']"
102,Rebecca3.mp4,Rebecca,,,
103,Rebecca3.mp4,Rebecca,1.0,Rebecca,"['lshift', 'r', 'e', 'b', 'e', 'c', 'c', 'a']"
104,Sarah2.mp4,Sarah,,,
105,Sarah2.mp4,Sarah,1.0,Sarah,"['lshift', 's', 'a', 'r', 'a', 'h']"
106,Shelby2.mp4,Shelby,,,
107,Shelby2.mp4,Shelby,1.0,Shelby,"['lshift', 's', 'h', 'e', 'b', 'y', 'backspace', 'backspace', 'l', 'b', 'y']"
108,Steven2.mp4,Steven,,,
109,Steven2.mp4,Steven,1.0,Steven,"['lshift', 's', 't', 'e', 'v', 'e', 'n']"
110,Taylor4.mp4,Taylor,,,
111,Taylor4.mp4,Taylor,1.0,Taylor,"['lshift', 't', 'a', 'y', 'l', 'o', 'r']"
112,Thomas2.mp4,Thomas,,,
113,Thomas2.mp4,Thomas,0.0,Kyle,"['lshift', 'k', 'y', 'l', 'e']"
114,Timothy3.mp4,Timothy,,,
115,Timothy3.mp4,Timothy,1.0,Timothy,"['lshift', 't', 'i', 'm', 'o', 't', 'h', 'y']"
116,Trevor2.mp4,Trevor,,,
117,Trevor2.mp4,Trevor,1.0,Trevor,"['lshift', 't', 'r', 'e', 'v', 'o', 'r']"
118,Tyler3.mp4,Tyler,,,
119,Tyler3.mp4,Tyler,1.0,Tyler,"['lshift', 't', 'y', 'l', 'e', 'r']"
