,Video,Name,recallRating_AA,inputText,key_resp_3.keys
0,Aaron2.mp4,Aaron,,,
1,Aaron2.mp4,Aaron,0,Cody,"['lshift', 'c', 'o', 'd', 'y', 'return']"
2,Adam4.mp4,Adam,,,
3,Adam4.mp4,Adam,0,Noah,"['lshift', 'n', 'o', 'a', 'h', 'return']"
4,Alyssa3.mp4,Alyssa,,,
5,Alyssa3.mp4,Alyssa,0,Lauren,"['lshift', 'l', 'a', 'u', 'r', 'a', 'backspace', 'backspace', 'r', 'e', 'n', 'return']"
6,Amanda3.mp4,Amanda,,,
7,Amanda3.mp4,Amanda,0,Olivia,"['lshift', 'o', 'l', 'i', 'v', 'i', 'a']"
8,Andrew2.mp4,Andrew,,,
9,Andrew2.mp4,Andrew,0,,"['lshift', 'c', 'o', 'd', 'backspace', 'backspace', 'backspace', 'lshift', 'a', 'backspace', 'lshift']"
10,Anna3.mp4,Anna,,,
11,Anna3.mp4,Anna,0,Shelby,"['lshift', 's', 'h', 'e', 'l', 'b', 'y']"
12,Ashley3.mp4,Ashley,,,
13,Ashley3.mp4,Ashley,0,Elizabeth,"['lshift', 'e', 'l', 'i', 'z', 'a', 'b', 'backspace', 'backspace', 'backspace', 'backspace', 'backspace', 'l', 'i', 'z', 'a', 't', 'h', 'backspace', 'backspace', 'backspace', 'a', 'b', 'e', 't', 'h']"
14,Bradley3.mp4,Bradley,,,
15,Bradley3.mp4,Bradley,0,David,"['lshift', 'd', 'a', 'v', 'i', 'd', 'space']"
16,Brandon2.mp4,Brandon,,,
17,Brandon2.mp4,Brandon,0,Nathan,"['lshift', 'a', 'n', 'backspace', 'backspace', 'lshift', 'n', 'a', 't', 'a', 'backspace', 'h', 'a', 'n']"
18,Brian2.mp4,Brian,,,
19,Brian2.mp4,Brian,1,Brian,"['lshift', 'b', 'r', 'i', 'a', 'n', 'return', 'return']"
20,Brianna2.mp4,Brianna,,,
21,Brianna2.mp4,Brianna,1,Brianna,"['lshift', 'b', 'r', 'i', 'a', 'n', 'n', 'a']"
22,Brittany2.mp4,Brittany,,,
23,Brittany2.mp4,Brittany,0,,"['lshift', 'lshift', 't', 'i', 'f', 'f', 'a', 'backspace', 'backspace', 'backspace', 'backspace', 'backspace', 'backspace', 'lshift']"
24,Caleb5.mp4,Caleb,,,
25,Caleb5.mp4,Caleb,0,Ethan,"['lshift', 'e', 't', 'h', 'a', 'n', 'return']"
26,Cody2.mp4,Cody,,,
27,Cody2.mp4,Cody,0,Ethan,"['lshift', 'lshift', 'lshift', 'e', 'backspace', 'lshift', 'e', 't', 'h', 'a', 'n', 'return']"
28,Courtney2.mp4,Courtney,,,
29,Courtney2.mp4,Courtney,0,Sarah,"['lshift', 's', 'a', 'r', 'a', 'h']"
30,Daniel3.mp4,Daniel,,,
31,Daniel3.mp4,Daniel,0,Andrew,"['lshift', 'lshift', 'a', 'n', 'd', 'e', 'backspace', 'r', 'e', 'q', 'space', 'backspace', 'w', 'backspace', 'backspace', 'w', 'return']"
32,Danielle2.mp4,Danielle,,,
33,Danielle2.mp4,Danielle,0,Brianna,"['lshift', 'b', 'r', 'i', 'a', 'n', 'n', 'a', 'return']"
34,David2.mp4,David,,,
35,David2.mp4,David,0,Andrew,"['lshift', 'a', 'n', 'd', 'r', 'e', 'w']"
36,Dylan3.mp4,Dylan,,,
37,Dylan3.mp4,Dylan,0,,"['lshift', 't', 'o', 'm', 'backspace', 'backspace', 'i', 'm', 'o', 't', 'h', 'y', 'backspace', 'backspace', 'backspace', 'backspace', 'backspace', 'backspace', 'backspace', 'lshift']"
38,Emily5.mp4,Emily,,,
39,Emily5.mp4,Emily,0,Kayla,"['lshift', 'k', 'a', 'y', 'l', 'a', 'return']"
40,Eric2.mp4,Eric,,,
41,Eric2.mp4,Eric,0,,"['lshift', 'a', 'r', 'o', 'n', 'backspace', 'backspace', 'backspace', 'a', 'r', 'o', 'n', 'return', 'backspace', 'backspace', 'backspace', 'backspace', 'backspace', 'backspace', 'lshift']"
42,Ethan2.mp4,Ethan,,,
43,Ethan2.mp4,Ethan,0,Matthew,"['lshift', 'm', 'a', 't', 't', 'h', 'e', 'w']"
44,Grace3.mp4,Grace,,,
45,Grace3.mp4,Grace,1,Grace,"['lshift', 'o', 'l', 'i', 'backspace', 'backspace', 'backspace', 'lshift', 'e', 'backspace', 'backspace', 'lshift', 'g', 'r', 'a', 'c', 'e', 'return']"
46,Haley2.mp4,Haley,,,
47,Haley2.mp4,Haley,0,K,"['lshift', 'o', 'backspace', 'lshift', 's', 'a', 'r', 'backspace', 'backspace', 'backspace', 'lshift', 'k']"
48,Hannah2.mp4,Hannah,,,
49,Hannah2.mp4,Hannah,0,Meghan,"['lshift', 'm', 'e', 'g', 'h', 'a', 'n', 'return']"
50,Heather3.mp4,Heather,,,
51,Heather3.mp4,Heather,0,Elizabeth,"['lshift', 'e', 'l', 'i', 'z', 'a', 'b', 'e', 't', 'h']"
52,Jacob3.mp4,Jacob,,,
53,Jacob3.mp4,Jacob,0,Jason,"['lshift', 'j', 'a', 'c', 'backspace', 's', 'o', 'n']"
54,Jason4.mp4,Jason,,,
55,Jason4.mp4,Jason,0,Mark,"['lshift', 'm', 'a', 'r', 'k']"
56,Jenna4.mp4,Jenna,,,
57,Jenna4.mp4,Jenna,0,Hannah,"['lshift', 'h', 'a', 'n', 'n', 'a', 'h']"
58,Jeremy2.mp4,Jeremy,,,
59,Jeremy2.mp4,Jeremy,0,Timothy,"['lshift', 't', 'i', 'm', 'o', 'n', 'backspace', 't', 'h', 'y']"
60,Jessica2.mp4,Jessica,,,
61,Jessica2.mp4,Jessica,0,Rach,"['lshift', 'r', 'e', 'b', 'e', 'backspace', 'backspace', 'a', 'backspace', 'backspace', 'a', 'c', 'h', 'e', 'a', 'l', 'backspace', 'backspace', 'a', 'e', 'backspace', 'backspace', 'backspace', 'a', 'e', 'l', 'return', 'backspace', 'backspace', 'backspace']"
62,Josh3.mp4,Josh,,,
63,Josh3.mp4,Josh,0,Jacob,"['lshift', 'j', 'a', 'c', 'o', 'b', 'return']"
64,Julia2.mp4,Julia,,,
65,Julia2.mp4,Julia,0,H,"['lshift', 'h']"
66,Justin2.mp4,Justin,,,
67,Justin2.mp4,Justin,0,Thomas,"['lshift', 't', 'h', 'o', 'm', 'a', 's', 'return']"
68,Katie2.mp4,Katie,,,
69,Katie2.mp4,Katie,0,Taylor,"['lshift', 't', 'a', 'y', 'l', 'o', 'r', 'return']"
70,Kayla3.mp4,Kayla,,,
71,Kayla3.mp4,Kayla,0,Courtney,"['lshift', 'c', 'o', 'u', 'r', 't', 'n', 'e', 'y']"
72,Kelsey2.mp4,Kelsey,,,
73,Kelsey2.mp4,Kelsey,0,Nicole,"['lshift', 'n', 'i', 'c', 'o', 'l', 'e']"
74,Kevin2.mp4,Kevin,,,
75,Kevin2.mp4,Kevin,0,Cody,"['lshift', 'c', 'o', 'd', 'u', 'backspace', 'y', 'return']"
76,Kyle3.mp4,Kyle,,,
77,Kyle3.mp4,Kyle,0,Ke,"['lshift', 't', 'h', 'backspace', 'backspace', 'backspace', 'lshift', 't', 'h', 'o', 'backspace', 'backspace', 'backspace', 'backspace', 'lshift', 'k', 'e']"
78,Lauren4.mp4,Lauren,,,
79,Lauren4.mp4,Lauren,0,Sarah,"['lshift', 's', 'a', 'r', 'a', 'h']"
80,Mark3.mp4,Mark,,,
81,Mark3.mp4,Mark,0,Brandon,"['lshift', 'b', 'r', 'a', 'n', 'd', 'o', 'n']"
82,Matthew2.mp4,Matthew,,,
83,Matthew2.mp4,Matthew,0,Aaron,"['lshift', 'a', 'a', 'r', 'o', 'n', 'return']"
84,Megan2.mp4,Megan,,,
85,Megan2.mp4,Megan,0,Olivia,"['lshift', 'o', 'l', 'i', 'v', 'i', 'a', 'return']"
86,Michael2.mp4,Michael,,,
87,Michael2.mp4,Michael,0,Josh,"['lshift', 'j', 'o', 's', 'h']"
88,Michelle2.mp4,Michelle,,,
89,Michelle2.mp4,Michelle,0,Jessica,"['lshift', 'j', 'e', 's', 's', 'i', 'c', 'a', 'space']"
90,Natalie3.mp4,Natalie,,,
91,Natalie3.mp4,Natalie,1,Natalie,"['lshift', 'n', 'a', 't', 'a', 'l', 'i', 'e', 'return']"
92,Nathan3.mp4,Nathan,,,
93,Nathan3.mp4,Nathan,0,Brandon,"['lshift', 'b', 'a', 'backspace', 'r', 'a', 'n', 'd', 'o', 'n']"
94,Nicole2.mp4,Nicole,,,
95,Nicole2.mp4,Nicole,0,Courtney,"['c', 'lshift', 'p', 'i', 'backspace', 'backspace', 'backspace', 'lshift', 'c', 'p', 'u', 'r', 'backspace', 'backspace', 'backspace', 'o', 'u', 'r', 'n', 'backspace', 't', 'n', 'e', 'y', 'return']"
96,Noah2.mp4,Noah,,,
97,Noah2.mp4,Noah,0,Stephen,"['lshift', 's', 't', 'e', 'p', 'h', 'e', 'n', 'space', 'return', 'return']"
98,Olivia3.mp4,Olivia,,,
99,Olivia3.mp4,Olivia,0,Ashley,"['a', 's', 'equal', 'backspace', 'backspace', 'lshift', 'a', 's', 'h', 'e', 'l', 'y', 'backspace', 'backspace', 'backspace', 'l', 'e', 'y', 'return']"
100,Rachel3.mp4,Rachel,,,
101,Rachel3.mp4,Rachel,0,Michelle,"['lshift', 'm', 'i', 'c', 'h', 'e', 'l', 'l', 'e']"
102,Rebecca3.mp4,Rebecca,,,
103,Rebecca3.mp4,Rebecca,0,Anna,"['lshift', 'a', 'n', 'n', 'a']"
104,Sarah2.mp4,Sarah,,,
105,Sarah2.mp4,Sarah,0,Rachael,"['lshift', 'lshift', 'r', 'a', 'c', 'h', 'e', 'l', 'backspace', 'backspace', 'a', 'backspace', 'e', 'a', 'l', 'backspace', 'backspace', 'backspace', 'e', 'a', 'backspace', 'backspace', 'a', 'e', 'l']"
106,Shelby2.mp4,Shelby,,,
107,Shelby2.mp4,Shelby,1,Shelby,"['lshift', 'a', 'backspace', 'lshift', 's', 'h', 'e', 'l', 'b', 'y']"
108,Steven2.mp4,Steven,,,
109,Steven2.mp4,Steven,0,Bradl,"['lshift', 'd', 'a', 'v', 'i', 'd', 'backspace', 'backspace', 'backspace', 'backspace', 'backspace', 'backspace', 'lshift', 'd', 'f', 'backspace', 'backspace', 'lshift', 'b', 'r', 'a', 'd', 'e', 'l', 'backspace', 'backspace', 'l']"
110,Taylor4.mp4,Taylor,,,
111,Taylor4.mp4,Taylor,0,Elizabeth,"['lshift', 'e', 'l', 'i', 'z', 'a', 'b', 'e', 't', 'h', 'lcommand']"
112,Thomas2.mp4,Thomas,,,
113,Thomas2.mp4,Thomas,0,Dylan,"['lshift', 'd', 'y', 'l', 'a', 'n']"
114,Timothy3.mp4,Timothy,,,
115,Timothy3.mp4,Timothy,0,Justin,"['lshift', 'j', 'u', 's', 't', 'i', 'n', 'return', 'space']"
116,Trevor2.mp4,Trevor,,,
117,Trevor2.mp4,Trevor,1,Trevor,"['lshift', 't', 'r', 'e', 'v', 'o', 'r']"
118,Tyler3.mp4,Tyler,,,
119,Tyler3.mp4,Tyler,0,Trevor,"['lshift', 't', 'r', 'e', 'v', 'v', 'backspace', 'o', 'r']"