,Video,Name,recallRating_AA,inputText,key_resp_3.keys
0,Aaron2.mp4,Aaron,,,
1,Aaron2.mp4,Aaron,1.0,aaron,"['a', 'a', 'r', 'o', 'n', 'return']"
2,Adam4.mp4,Adam,,,
3,Adam4.mp4,Adam,0.0,noah,"['n', 'o', 'a', 'h']"
4,Alyssa3.mp4,Alyssa,,,
5,Alyssa3.mp4,Alyssa,0.0,rebecca,"['r', 'e', 'b', 'e', 'c', 'c', 'a', 'return']"
6,Amanda3.mp4,Amanda,,,
7,Amanda3.mp4,Amanda,0.0,sa,"['s', 'a', 'space']"
8,Andrew2.mp4,Andrew,,,
9,Andrew2.mp4,Andrew,0.0,ty,"['t', 'y']"
10,Anna3.mp4,Anna,,,
11,Anna3.mp4,Anna,1.0,anna,"['a', 'n', 'n', 'a', 'return']"
12,Ashley3.mp4,Ashley,,,
13,Ashley3.mp4,Ashley,1.0,ashley,"['a', 's', 'h', 'l', 'e', 'y']"
14,Bradley3.mp4,Bradley,,,
15,Bradley3.mp4,Bradley,1.0,bradley,"['b', 'r', 'a', 'd', 'l', 'e', 'y']"
16,Brandon2.mp4,Brandon,,,
17,Brandon2.mp4,Brandon,0.0,timothy,"['t', 'i', 'm', 'o', 't', 'h', 'y']"
18,Brian2.mp4,Brian,,,
19,Brian2.mp4,Brian,0.0,steven,"['s', 't', 'e', 'v', 'e', 'n']"
20,Brianna2.mp4,Brianna,,,
21,Brianna2.mp4,Brianna,1.0,brianna,"['b', 'r', 'i', 'a', 'n', 'n', 'a', 'return']"
22,Brittany2.mp4,Brittany,,,
23,Brittany2.mp4,Brittany,1.0,brittany,"['b', 'r', 'i', 't', 't', 'a', 'n', 'y']"
24,Caleb5.mp4,Caleb,,,
25,Caleb5.mp4,Caleb,0.0,brandon,"['b', 'r', 'a', 'n', 'd', 'o', 'n']"
26,Cody2.mp4,Cody,,,
27,Cody2.mp4,Cody,1.0,cody,"['c', 'o', 'd', 'y']"
28,Courtney2.mp4,Courtney,,,
29,Courtney2.mp4,Courtney,1.0,courtney,"['c', 'o', 'u', 'r', 't', 'n', 'e', 'y']"
30,Daniel3.mp4,Daniel,,,
31,Daniel3.mp4,Daniel,0.0,tim,"['t', 'i', 'm', 'o', 't', 'h', 'y', 'backspace', 'backspace', 'backspace', 'backspace']"
32,Danielle2.mp4,Danielle,,,
33,Danielle2.mp4,Danielle,1.0,danielle,"['d', 'a', 'n', 'i', 'e', 'l', 'l', 'l', 'backspace', 'e']"
34,David2.mp4,David,,,
35,David2.mp4,David,0.0,mark,"['m', 'a', 'r', 'k', 'return']"
36,Dylan3.mp4,Dylan,,,
37,Dylan3.mp4,Dylan,0.0,noa,"['n', 'o', 'a']"
38,Emily5.mp4,Emily,,,
39,Emily5.mp4,Emily,0.0,co,"['c', 'o', 'u', 'backspace']"
40,Eric2.mp4,Eric,,,
41,Eric2.mp4,Eric,0.0,thomas,"['t', 'h', 'o', 'm', 'a', 's']"
42,Ethan2.mp4,Ethan,,,
43,Ethan2.mp4,Ethan,0.0,thom,"['t', 'h', 'o', 'm']"
44,Grace3.mp4,Grace,,,
45,Grace3.mp4,Grace,1.0,grace,"['g', 'r', 'a', 'c', 'e']"
46,Haley2.mp4,Haley,,,
47,Haley2.mp4,Haley,0.0,brianna,"['b', 'r', 'i', 'a', 'n', 'n', 'a', 'return']"
48,Hannah2.mp4,Hannah,,,
49,Hannah2.mp4,Hannah,1.0,hannah,"['h', 'a', 'n', 'n', 'a', 'h']"
50,Heather3.mp4,Heather,,,
51,Heather3.mp4,Heather,1.0,heather,"['h', 'e', 'a', 't', 'h', 'e', 'r']"
52,Jacob3.mp4,Jacob,,,
53,Jacob3.mp4,Jacob,0.0,joe,"['j', 'o', 'e', 'l', 'backspace']"
54,Jason4.mp4,Jason,,,
55,Jason4.mp4,Jason,0.0,d,['d']
56,Jenna4.mp4,Jenna,,,
57,Jenna4.mp4,Jenna,1.0,jenna,"['j', 'e', 'n', 'n', 'a']"
58,Jeremy2.mp4,Jeremy,,,
59,Jeremy2.mp4,Jeremy,0.0,tyler,"['t', 'y', 'l', 'e', 'r', 'return']"
60,Jessica2.mp4,Jessica,,,
61,Jessica2.mp4,Jessica,1.0,jessica,"['j', 'e', 's', 's', 'i', 'c', 'a']"
62,Josh3.mp4,Josh,,,
63,Josh3.mp4,Josh,1.0,josh,"['j', 'o', 's', 'h', 'return']"
64,Julia2.mp4,Julia,,,
65,Julia2.mp4,Julia,1.0,julia,"['j', 'u', 'l', 'i', 'a']"
66,Justin2.mp4,Justin,,,
67,Justin2.mp4,Justin,0.0,daniel,"['d', 'a', 'n', 'i', 'e', 'l']"
68,Katie2.mp4,Katie,,,
69,Katie2.mp4,Katie,0.0,sarah,"['s', 'a', 'r', 'a', 'h']"
70,Kayla3.mp4,Kayla,,,
71,Kayla3.mp4,Kayla,1.0,kayla,"['j', 'backspace', 'k', 'a', 'y', 'semicolon', 'a', 'backspace', 'l', 'a', 'space', 'return']"
72,Kelsey2.mp4,Kelsey,,,
73,Kelsey2.mp4,Kelsey,1.0,kelsey,"['c', 'backspace', 'k', 'e', 'l', 's', 'e', 'y']"
74,Kevin2.mp4,Kevin,,,
75,Kevin2.mp4,Kevin,1.0,kevin,"['k', 'e', 'v', 'i', 'n']"
76,Kyle3.mp4,Kyle,,,
77,Kyle3.mp4,Kyle,1.0,kyle,"['k', 'y', 'l', 'e']"
78,Lauren4.mp4,Lauren,,,
79,Lauren4.mp4,Lauren,1.0,lauren,"['l', 'a', 'u', 'r', 'e', 'n']"
80,Mark3.mp4,Mark,,,
81,Mark3.mp4,Mark,1.0,mark,"['m', 'a', 'r', 'k']"
82,Matthew2.mp4,Matthew,,,
83,Matthew2.mp4,Matthew,1.0,matthew,"['m', 'a', 't', 't', 'h', 'e', 'w', 'return']"
84,Megan2.mp4,Megan,,,
85,Megan2.mp4,Megan,0.0,,None
86,Michael2.mp4,Michael,,,
87,Michael2.mp4,Michael,1.0,michael,"['m', 'i', 'c', 'h', 'a', 'backspace', 'backspace', 'h', 'a', 'l', 'backspace', 'e', 'l']"
88,Michelle2.mp4,Michelle,,,
89,Michelle2.mp4,Michelle,1.0,michelle,"['m', 'i', 'c', 'h', 'e', 'l', 'l', 'e', 'return', 'return']"
90,Natalie3.mp4,Natalie,,,
91,Natalie3.mp4,Natalie,0.0,haley,"['h', 'a', 'l', 'e', 'y']"
92,Nathan3.mp4,Nathan,,,
93,Nathan3.mp4,Nathan,1.0,nathan,"['n', 'a', 't', 'h', 'a', 'n']"
94,Nicole2.mp4,Nicole,,,
95,Nicole2.mp4,Nicole,1.0,nicole,"['n', 'i', 'c', 'o', 'l', 'e', 'return', 'return']"
96,Noah2.mp4,Noah,,,
97,Noah2.mp4,Noah,1.0,noah,"['n', 'o', 'a', 'h']"
98,Olivia3.mp4,Olivia,,,
99,Olivia3.mp4,Olivia,0.0,hannah,"['h', 'a', 'n', 'n', 'a', 'h']"
100,Rachel3.mp4,Rachel,,,
101,Rachel3.mp4,Rachel,0.0,co,"['c', 'o']"
102,Rebecca3.mp4,Rebecca,,,
103,Rebecca3.mp4,Rebecca,0.0,alyssa,"['a', 'l', 'y', 's', 's', 'a', 'return']"
104,Sarah2.mp4,Sarah,,,
105,Sarah2.mp4,Sarah,0.0,jessica,"['j', 'e', 's', 's', 'i', 'c', 'a']"
106,Shelby2.mp4,Shelby,,,
107,Shelby2.mp4,Shelby,0.0,haley,"['h', 'a', 'l', 'e', 'y', 'return']"
108,Steven2.mp4,Steven,,,
109,Steven2.mp4,Steven,0.0,,None
110,Taylor4.mp4,Taylor,,,
111,Taylor4.mp4,Taylor,1.0,taylor,"['t', 'a', 'y', 'l', 'o', 'r', 'return', 'space', 'return']"
112,Thomas2.mp4,Thomas,,,
113,Thomas2.mp4,Thomas,0.0,dylan,"['d', 'y', 'l', 'a', 'n']"
114,Timothy3.mp4,Timothy,,,
115,Timothy3.mp4,Timothy,1.0,timothy,"['t', 'i', 'm', 'o', 't', 'h', 'y']"
116,Trevor2.mp4,Trevor,,,
117,Trevor2.mp4,Trevor,0.0,ethan,"['e', 't', 'h', 'a', 'n']"
118,Tyler3.mp4,Tyler,,,
119,Tyler3.mp4,Tyler,0.0,steven,"['s', 't', 'e', 'v', 'e', 'n']"
