,Video,Name,recallRating_AA,inputText,key_resp_3.keys
0,Aaron2.mp4,Aaron,,,
1,Aaron2.mp4,Aaron,0.0,David,"['rshift', 'd', 'a', 'v', 'i', 'd']"
2,Adam4.mp4,Adam,,,
3,Adam4.mp4,Adam,1.0,Adam,"['rshift', 'a', 'd', 'a', 'm']"
4,Alyssa3.mp4,Alyssa,,,
5,Alyssa3.mp4,Alyssa,0.0,,None
6,Amanda3.mp4,Amanda,,,
7,Amanda3.mp4,Amanda,0.0,,None
8,Andrew2.mp4,Andrew,,,
9,Andrew2.mp4,Andrew,0.0,,None
10,Anna3.mp4,Anna,,,
11,Anna3.mp4,Anna,1.0,Anna,"['rshift', 'a', 'n', 'n', 'a']"
12,Ashley3.mp4,Ashley,,,
13,Ashley3.mp4,Ashley,0.0,,None
14,Bradley3.mp4,Bradley,,,
15,Bradley3.mp4,Bradley,1.0,Bradley,"['rshift', 'b', 'r', 'a', 'd', 'l', 'e', 'y']"
16,Brandon2.mp4,Brandon,,,
17,Brandon2.mp4,Brandon,0.0,Ethan,"['rshift', 'e', 't', 'h', 'a', 'n']"
18,Brian2.mp4,Brian,,,
19,Brian2.mp4,Brian,0.0,Thomas,"['rshift', 't', 'h', 'o', 'm', 'a', 's']"
20,Brianna2.mp4,Brianna,,,
21,Brianna2.mp4,Brianna,0.0,Emily,"['rshift', 'e', 'm', 'i', 'l', 'y', 'space']"
22,Brittany2.mp4,Brittany,,,
23,Brittany2.mp4,Brittany,0.0,,['rshift']
24,Caleb5.mp4,Caleb,,,
25,Caleb5.mp4,Caleb,1.0,Caleb,"['rshift', 'c', 'a', 'l', 'e', 'b']"
26,Cody2.mp4,Cody,,,
27,Cody2.mp4,Cody,1.0,Cody,"['rshift', 'c', 'o', 'd', 'y']"
28,Courtney2.mp4,Courtney,,,
29,Courtney2.mp4,Courtney,1.0,Courtney,"['rshift', 'c', 'o', 'i', 'u', 'backspace', 'backspace', 'u', 'r', 't', 'n', 'e', 'y']"
30,Daniel3.mp4,Daniel,,,
31,Daniel3.mp4,Daniel,1.0,Daniel,"['rshift', 'd', 'a', 'n', 'i', 'e', 'l']"
32,Danielle2.mp4,Danielle,,,
33,Danielle2.mp4,Danielle,0.0,Katie,"['rshift', 'k', 'a', 't', 'i', 'e', 'return', 'space']"
34,David2.mp4,David,,,
35,David2.mp4,David,0.0,Aaron,"['rshift', 'a', 'a', 'r', 'o', 'n']"
36,Dylan3.mp4,Dylan,,,
37,Dylan3.mp4,Dylan,0.0,Matthew,"['rshift', 'm', 'a', 't', 'h', 'r', 'e', 'w', 'backspace', 'backspace', 'backspace', 'e', 'w', 'backspace', 'backspace', 'backspace', 't', 'e', 'backspace', 'h', 'e', 'w']"
38,Emily5.mp4,Emily,,,
39,Emily5.mp4,Emily,0.0,,None
40,Eric2.mp4,Eric,,,
41,Eric2.mp4,Eric,0.0,,None
42,Ethan2.mp4,Ethan,,,
43,Ethan2.mp4,Ethan,0.0,,None
44,Grace3.mp4,Grace,,,
45,Grace3.mp4,Grace,0.0,,None
46,Haley2.mp4,Haley,,,
47,Haley2.mp4,Haley,0.0,,None
48,Hannah2.mp4,Hannah,,,
49,Hannah2.mp4,Hannah,1.0,Hannah,"['rshift', 'h', 'a', 'n', 'n', 'a', 'h']"
50,Heather3.mp4,Heather,,,
51,Heather3.mp4,Heather,1.0,Heather,"['rshift', 'h', 'e', 'a', 't', 'h', 'e', 'r']"
52,Jacob3.mp4,Jacob,,,
53,Jacob3.mp4,Jacob,0.0,Tyler,"['rshift', 't', 'y', 'l', 'e', 'r']"
54,Jason4.mp4,Jason,,,
55,Jason4.mp4,Jason,0.0,Matthew,"['rshift', 'm', 'a', 't', 't', 'h', 'e', 'w']"
56,Jenna4.mp4,Jenna,,,
57,Jenna4.mp4,Jenna,0.0,Lauren,"['rshift', 'rshift', 'l', 'a', 'u', 'r', 'e', 'n']"
58,Jeremy2.mp4,Jeremy,,,
59,Jeremy2.mp4,Jeremy,0.0,,None
60,Jessica2.mp4,Jessica,,,
61,Jessica2.mp4,Jessica,0.0,,None
62,Josh3.mp4,Josh,,,
63,Josh3.mp4,Josh,1.0,Josh,"['rshift', 'j', 'o', 's', 'h']"
64,Julia2.mp4,Julia,,,
65,Julia2.mp4,Julia,1.0,Julia,"['rshift', 'j', 'u', 'l', 'i', 'a']"
66,Justin2.mp4,Justin,,,
67,Justin2.mp4,Justin,0.0,Nathan,"['rshift', 'n', 'a', 't', 'h', 'a', 'n']"
68,Katie2.mp4,Katie,,,
69,Katie2.mp4,Katie,0.0,Julia,"['rshift', 'j', 'u', 'l', 'i', 'a']"
70,Kayla3.mp4,Kayla,,,
71,Kayla3.mp4,Kayla,0.0,,None
72,Kelsey2.mp4,Kelsey,,,
73,Kelsey2.mp4,Kelsey,1.0,Kelsey,"['rshift', 'k', 'e', 'l', 's', 'e', 'y']"
74,Kevin2.mp4,Kevin,,,
75,Kevin2.mp4,Kevin,0.0,Aaron,"['rshift', 'a', 'a', 'r', 'o', 'm', 'n', 'backspace', 'backspace', 'n']"
76,Kyle3.mp4,Kyle,,,
77,Kyle3.mp4,Kyle,0.0,,None
78,Lauren4.mp4,Lauren,,,
79,Lauren4.mp4,Lauren,0.0,Courtney,"['rshift', 'c', 'o', 'u', 'r', 't', 'n', 'e', 'y']"
80,Mark3.mp4,Mark,,,
81,Mark3.mp4,Mark,0.0,Caleb,"['rshift', 'c', 'a', 'l', 'e', 'b']"
82,Matthew2.mp4,Matthew,,,
83,Matthew2.mp4,Matthew,0.0,Jacob,"['rshift', 'j', 'a', 'c', 'o', 'b']"
84,Megan2.mp4,Megan,,,
85,Megan2.mp4,Megan,0.0,Anna,"['rshift', 'a', 'n', 'n', 'a']"
86,Michael2.mp4,Michael,,,
87,Michael2.mp4,Michael,0.0,David,"['rshift', 'd', 'a', 'v', 'i', 'd']"
88,Michelle2.mp4,Michelle,,,
89,Michelle2.mp4,Michelle,1.0,Michelle,"['rshift', 'm', 'i', 'c', 'h', 'e', 'l', 'l', 'e']"
90,Natalie3.mp4,Natalie,,,
91,Natalie3.mp4,Natalie,1.0,Natalie,"['rshift', 'n', 'a', 't', 'a', 'l', 'i', 'e']"
92,Nathan3.mp4,Nathan,,,
93,Nathan3.mp4,Nathan,0.0,Ryan,"['rshift', 'r', 'y', 'a', 'n']"
94,Nicole2.mp4,Nicole,,,
95,Nicole2.mp4,Nicole,1.0,Nicole,"['rshift', 'n', 'i', 'c', 'o', 'l', 'e']"
96,Noah2.mp4,Noah,,,
97,Noah2.mp4,Noah,0.0,,None
98,Olivia3.mp4,Olivia,,,
99,Olivia3.mp4,Olivia,0.0,Katie,"['rshift', 'k', 'a', 't', 'i', 'e']"
100,Rachel3.mp4,Rachel,,,
101,Rachel3.mp4,Rachel,0.0,Emily,"['rshift', 'e', 'm', 'i', 'l', 'y']"
102,Rebecca3.mp4,Rebecca,,,
103,Rebecca3.mp4,Rebecca,0.0,Brittany,"['rshift', 'b', 'r', 'i', 't', 't', 'a', 'n', 'y']"
104,Sarah2.mp4,Sarah,,,
105,Sarah2.mp4,Sarah,1.0,Sarah,"['rshift', 's', 'a', 'r', 'a', 'h']"
106,Shelby2.mp4,Shelby,,,
107,Shelby2.mp4,Shelby,1.0,Shelby,"['rshift', 's', 'h', 'e', 'l', 'b', 'y']"
108,Steven2.mp4,Steven,,,
109,Steven2.mp4,Steven,0.0,,None
110,Taylor4.mp4,Taylor,,,
111,Taylor4.mp4,Taylor,0.0,,None
112,Thomas2.mp4,Thomas,,,
113,Thomas2.mp4,Thomas,0.0,,None
114,Timothy3.mp4,Timothy,,,
115,Timothy3.mp4,Timothy,1.0,Timothy,"['rshift', 't', 'i', 'm', 'o', 't', 'h', 'y']"
116,Trevor2.mp4,Trevor,,,
117,Trevor2.mp4,Trevor,0.0,Thomas,"['rshift', 't', 'h', 'o', 'm', 'a', 's']"
118,Tyler3.mp4,Tyler,,,
119,Tyler3.mp4,Tyler,0.0,Dylan,"['rshift', 'd', 'y', 'l', 'a', 'n']"
