,Video,Name,recallRating_AA,inputText,key_resp_3.keys
0,Aaron2.mp4,Aaron,,,
1,Aaron2.mp4,Aaron,1.0,aaron,"['a', 'a', 'o', 'r', 'backspace', 'backspace', 'r', 'o', 'n']"
2,Adam4.mp4,Adam,,,
3,Adam4.mp4,Adam,0.0,noah,"['m', 'o', 's', 'h', 'backspace', 'backspace', 'equal', 'equal', 'backspace', 'backspace', 'n', 'o', 'a', 'h']"
4,Alyssa3.mp4,Alyssa,,,
5,Alyssa3.mp4,Alyssa,0.0,nicole,"['n', 'i', 'c', 'i', 'backslash', 'backspace', 'o', 'l', 'e']"
6,Amanda3.mp4,Amanda,,,
7,Amanda3.mp4,Amanda,1.0,amanda,"['a', 'm', 'a', 'n', 'd', 'a']"
8,Andrew2.mp4,Andrew,,,
9,Andrew2.mp4,Andrew,0.0,johnny,"['j', 'o', 'h', 'n', 'n', 'y']"
10,Anna3.mp4,Anna,,,
11,Anna3.mp4,Anna,0.0,katie,"['k', 'a', 't', 'i', 'e']"
12,Ashley3.mp4,Ashley,,,
13,Ashley3.mp4,Ashley,0.0,nicole,"['space', 'n', 'c', 'i', 'u', 'backspace', 'backspace', 'backspace', 'i', 'c', 'o', 'l', 'e']"
14,Bradley3.mp4,Bradley,,,
15,Bradley3.mp4,Bradley,0.0,micheal,"['m', 'i', 'c', 'c', 'h', 'backspace', 'backspace', 'h', 'e', 'a', 'l']"
16,Brandon2.mp4,Brandon,,,
17,Brandon2.mp4,Brandon,0.0,jacob,"['k', 'a', 'c', 'backspace', 'backspace', 'backspace', 'j', 'a', 'c', 'o', 'b']"
18,Brian2.mp4,Brian,,,
19,Brian2.mp4,Brian,1.0,brian,"['a', 'a', 'backspace', 'backspace', 'b', 'r', 'backspace', 't', 'backspace', 'r', 'a', 'i', 'n', 'backspace', 'backspace', 'backspace', 'i', 'a', 'n']"
20,Brianna2.mp4,Brianna,,,
21,Brianna2.mp4,Brianna,0.0,nocolce,"['n', 'o', 'c', 'o', 'semicolon', 'e', 'backspace', 'l', 'e', 'l', 'backspace', 'backspace', 'c', 'e']"
22,Brittany2.mp4,Brittany,,,
23,Brittany2.mp4,Brittany,0.0,racheal,"['lcommand', 'r', 'a', 'c', 'h', 'e', 'a', 'l']"
24,Caleb5.mp4,Caleb,,,
25,Caleb5.mp4,Caleb,0.0,ethan,"['e', 'h', 't', 'n', 'backspace', 'backspace', 'backspace', 't', 'h', 'a', 'n']"
26,Cody2.mp4,Cody,,,
27,Cody2.mp4,Cody,0.0,noah,"['n', 'o', 'a', 'h', 'space']"
28,Courtney2.mp4,Courtney,,,
29,Courtney2.mp4,Courtney,0.0,emily,"['e', 'm', 'i', 'l', 'y']"
30,Daniel3.mp4,Daniel,,,
31,Daniel3.mp4,Daniel,0.0,tim,"['t', 'i', 'm']"
32,Danielle2.mp4,Danielle,,,
33,Danielle2.mp4,Danielle,0.0,debbie,"['d', 'e', 'b', 'b', 'e', 'backspace', 'i', 'e']"
34,David2.mp4,David,,,
35,David2.mp4,David,0.0,adam,"['a', 'd', 'a', 'm']"
36,Dylan3.mp4,Dylan,,,
37,Dylan3.mp4,Dylan,0.0,timothy,"['t', 'i', 'm', 'o', 't', 'h', 'y']"
38,Emily5.mp4,Emily,,,
39,Emily5.mp4,Emily,1.0,emily,"['e', 'm', 'i', 'l', 'y']"
40,Eric2.mp4,Eric,,,
41,Eric2.mp4,Eric,0.0,tim,"['t', 'i', 'm']"
42,Ethan2.mp4,Ethan,,,
43,Ethan2.mp4,Ethan,0.0,kevin,"['k', 'e', 'v', 'i', 'n']"
44,Grace3.mp4,Grace,,,
45,Grace3.mp4,Grace,1.0,grace,"['g', 'r', 'a', 'c', 'e']"
46,Haley2.mp4,Haley,,,
47,Haley2.mp4,Haley,0.0,emily,"['e', 'm', 'i', 'l', 't', 'backspace', 'y']"
48,Hannah2.mp4,Hannah,,,
49,Hannah2.mp4,Hannah,0.0,emily,"['e', 'm', 'i', 'y', 'backspace', 'l', 'y']"
50,Heather3.mp4,Heather,,,
51,Heather3.mp4,Heather,0.0,nicole,"['n', 'i', 'v', 'backspace', 'c', 'o', 'l', 'e']"
52,Jacob3.mp4,Jacob,,,
53,Jacob3.mp4,Jacob,0.0,noah,"['o', 'j', 'backspace', 'backspace', 'n', 'o', 'a', 'h']"
54,Jason4.mp4,Jason,,,
55,Jason4.mp4,Jason,0.0,brian,"['b', 'r', 'i', 'a', 'm', 'backspace', 'n']"
56,Jenna4.mp4,Jenna,,,
57,Jenna4.mp4,Jenna,0.0,beck,"['b', 'e', 'space', 'c', 'j', 'backspace', 'backspace', 'backspace', 'c', 'k']"
58,Jeremy2.mp4,Jeremy,,,
59,Jeremy2.mp4,Jeremy,0.0,keven,"['k', 'e', 'v', 'e', 'n']"
60,Jessica2.mp4,Jessica,,,
61,Jessica2.mp4,Jessica,0.0,megan,"['m', 'e', 'g', 'a', 'n', 'space']"
62,Josh3.mp4,Josh,,,
63,Josh3.mp4,Josh,0.0,chad,"['c', 'h', 'a', 'd', 'return']"
64,Julia2.mp4,Julia,,,
65,Julia2.mp4,Julia,0.0,nicole,"['n', 'i', 'c', 'o', 'l', 'e']"
66,Justin2.mp4,Justin,,,
67,Justin2.mp4,Justin,0.0,keven,"['k', 'e', 'v', 'e', 'backspace', 'i', 'n', 'backspace', 'backspace', 'e', 'b', 'backspace', 'n']"
68,Katie2.mp4,Katie,,,
69,Katie2.mp4,Katie,0.0,nicole,"['n', 'i', 'c', 'o', 'l', 'e']"
70,Kayla3.mp4,Kayla,,,
71,Kayla3.mp4,Kayla,0.0,jessica,"['j', 'e', 'e', 'backspace', 's', 's', 'i', 'c', 'a']"
72,Kelsey2.mp4,Kelsey,,,
73,Kelsey2.mp4,Kelsey,0.0,emily,"['e', 'm', 'i', 'l', 'y', 'return']"
74,Kevin2.mp4,Kevin,,,
75,Kevin2.mp4,Kevin,0.0,micheal,"['m', 'i', 'c', 'h', 'e', 'a', 'l']"
76,Kyle3.mp4,Kyle,,,
77,Kyle3.mp4,Kyle,1.0,kyle,"['a', 'backspace', 'k', 'y', 'l', 'e']"
78,Lauren4.mp4,Lauren,,,
79,Lauren4.mp4,Lauren,0.0,katie,"['k', 'a', 't', 'i', 'e']"
80,Mark3.mp4,Mark,,,
81,Mark3.mp4,Mark,0.0,noah,"['n', 'o', 'a', 'h']"
82,Matthew2.mp4,Matthew,,,
83,Matthew2.mp4,Matthew,0.0,noah,"['n', 'o', 'a', 'h']"
84,Megan2.mp4,Megan,,,
85,Megan2.mp4,Megan,1.0,megan,"['m', 'e', 'a', 'backspace', 'g', 'a', 'n', 'return']"
86,Michael2.mp4,Michael,,,
87,Michael2.mp4,Michael,0.0,mike,"['m', 'i', 'k', 'e', 'return']"
88,Michelle2.mp4,Michelle,,,
89,Michelle2.mp4,Michelle,0.0,katie,"['k', 'a', 't', 'i', 'e']"
90,Natalie3.mp4,Natalie,,,
91,Natalie3.mp4,Natalie,0.0,emily,"['e', 'i', 'lctrl', 'backspace', 'm', 'i', 'l', 'y']"
92,Nathan3.mp4,Nathan,,,
93,Nathan3.mp4,Nathan,0.0,brian,"['k', 'y', 'l', 'e', 'backspace', 'backspace', 'backspace', 'backspace', 'b', 'r', 'a', 'i', 'n', 'backspace', 'backspace', 'backspace', 'i', 'a', 'n']"
94,Nicole2.mp4,Nicole,,,
95,Nicole2.mp4,Nicole,1.0,nicole,"['n', 'u', 'backspace', 'i', 'c', 'o', 'l', 'e']"
96,Noah2.mp4,Noah,,,
97,Noah2.mp4,Noah,0.0,bradley,"['b', 'r', 'a', 'd', 'l', 'e', 'y']"
98,Olivia3.mp4,Olivia,,,
99,Olivia3.mp4,Olivia,0.0,eglgnor,"['e', 'g', 'l', 'g', 'n', 'o', 't', 'backspace', 'r']"
100,Rachel3.mp4,Rachel,,,
101,Rachel3.mp4,Rachel,0.0,,None
102,Rebecca3.mp4,Rebecca,,,
103,Rebecca3.mp4,Rebecca,0.0,emlil,"['r', 'm', 'i', 'l', 'y', 'u', 'backspace', 'backspace', 'backspace', 'backspace', 'backspace', 'backspace', 'e', 'm', 'l', 'y', 'backspace', 'o', 'backspace', 'i', 'l', 'y', 'backspace']"
104,Sarah2.mp4,Sarah,,,
105,Sarah2.mp4,Sarah,0.0,ashley,"['a', 's', 'h', 'l', 'e', 'y']"
106,Shelby2.mp4,Shelby,,,
107,Shelby2.mp4,Shelby,1.0,shelby,"['s', 'h', 'e', 'd', 'backspace', 'l', 'b', 'y']"
108,Steven2.mp4,Steven,,,
109,Steven2.mp4,Steven,0.0,jacob,"['j', 'a', 'c', 'o', 'b']"
110,Taylor4.mp4,Taylor,,,
111,Taylor4.mp4,Taylor,0.0,rachel,"['r', 'a', 'c', 'h', 'e', 'l']"
112,Thomas2.mp4,Thomas,,,
113,Thomas2.mp4,Thomas,0.0,jason,"['n', 'j', 'backspace', 'backspace', 'j', 'a', 's', 'o', 'n']"
114,Timothy3.mp4,Timothy,,,
115,Timothy3.mp4,Timothy,0.0,david,"['d', 'a', 'v', 'i', 'd']"
116,Trevor2.mp4,Trevor,,,
117,Trevor2.mp4,Trevor,0.0,dylan,"['d', 'y', 'l', 'a', 'n', 'return']"
118,Tyler3.mp4,Tyler,,,
119,Tyler3.mp4,Tyler,0.0,keven,"['j', 'backspace', 'k', 'e', 'v', 'e', 'n']"
