,Video,Name,recallRating_AA,inputText,key_resp_3.keys
0,Aaron2.mp4,Aaron,,,
1,Aaron2.mp4,Aaron,0.0,noah,"['n', 'o', 'a', 'h']"
2,Adam4.mp4,Adam,,,
3,Adam4.mp4,Adam,1.0,adam,"['a', 'd', 'a', 'm', 'backslash']"
4,Alyssa3.mp4,Alyssa,,,
5,Alyssa3.mp4,Alyssa,0.0,melissa,"['m', 'e', 'l', 'i', 's', 's', 'a']"
6,Amanda3.mp4,Amanda,,,
7,Amanda3.mp4,Amanda,0.0,emily,"['e', 'm', 'i', 'l', 'y']"
8,Andrew2.mp4,Andrew,,,
9,Andrew2.mp4,Andrew,0.0,kevin,"['k', 'e', 'v', 'i', 'n']"
10,Anna3.mp4,Anna,,,
11,Anna3.mp4,Anna,0.0,alysa,"['a', 'l', 'y', 's', 'a']"
12,Ashley3.mp4,Ashley,,,
13,Ashley3.mp4,Ashley,0.0,kelsey,"['k', 'e', 'l', 's', 'e', 'y']"
14,Bradley3.mp4,Bradley,,,
15,Bradley3.mp4,Bradley,0.0,ty,"['t', 'l', 'backspace', 'y', 'semicolon']"
16,Brandon2.mp4,Brandon,,,
17,Brandon2.mp4,Brandon,1.0,brandon,"['b', 'r', 'a', 'n', 'd', 'o', 'n']"
18,Brian2.mp4,Brian,,,
19,Brian2.mp4,Brian,0.0,timothy,"['t', 'i', 'comma', 'comma', 'm', 'o', 't', 'h', 'y']"
20,Brianna2.mp4,Brianna,,,
21,Brianna2.mp4,Brianna,1.0,brianna,"['b', 'r', 'i', 'a', 'm', 'm', 'a', 'backspace', 'backspace', 'backspace', 'n', 'n', 'a']"
22,Brittany2.mp4,Brittany,,,
23,Brittany2.mp4,Brittany,1.0,britney,"['b', 'r', 'i', 't', 'n', 'e', 'y']"
24,Caleb5.mp4,Caleb,,,
25,Caleb5.mp4,Caleb,0.0,kevin,"['k', 'e', 'v', 'i', 'n']"
26,Cody2.mp4,Cody,,,
27,Cody2.mp4,Cody,1.0,cody,"['c', 'o', 'd', 'y']"
28,Courtney2.mp4,Courtney,,,
29,Courtney2.mp4,Courtney,1.0,court,"['c', 'o', 'u', 'r', 't', 'backspace', 'n', 'e', 'y', 'backspace', 'backspace', 'backspace', 't']"
30,Daniel3.mp4,Daniel,,,
31,Daniel3.mp4,Daniel,0.0,ethan,"['t', 'h', 'a', 'n', 'backspace', 'backspace', 'backspace', 'backspace', 'e', 't', 'h', 'a', 'n']"
32,Danielle2.mp4,Danielle,,,
33,Danielle2.mp4,Danielle,0.0,julie,"['j', 'u', 'l', 'i', 'e']"
34,David2.mp4,David,,,
35,David2.mp4,David,0.0,anthony,"['a', 'n', 't', 'h', 'o', 'n', 'y']"
36,Dylan3.mp4,Dylan,,,
37,Dylan3.mp4,Dylan,0.0,nathan,"['n', 'a', 't', 'h', 'a', 'n']"
38,Emily5.mp4,Emily,,,
39,Emily5.mp4,Emily,0.0,e,['e']
40,Eric2.mp4,Eric,,,
41,Eric2.mp4,Eric,0.0,kyle,"['k', 'y', 'l', 'r', 'backspace', 'e', 'return']"
42,Ethan2.mp4,Ethan,,,
43,Ethan2.mp4,Ethan,0.0,kyle,"['k', 'y', 'l', 'r', 'backspace', 'e', 'space']"
44,Grace3.mp4,Grace,,,
45,Grace3.mp4,Grace,0.0,taylor,"['t', 'a', 'y', 'l', 'o', 'r']"
46,Haley2.mp4,Haley,,,
47,Haley2.mp4,Haley,1.0,halsey,"['h', 'a', 'l', 's', 'r', 'backspace', 'e', 'u', 'backspace', 'y']"
48,Hannah2.mp4,Hannah,,,
49,Hannah2.mp4,Hannah,0.0,olivia,"['o', 'l', 'i', 'v', 'i', 'a']"
50,Heather3.mp4,Heather,,,
51,Heather3.mp4,Heather,1.0,heather,"['h', 'e', 'a', 't', 'h', 'r', 't', 'backspace', 'backspace', 'e', 'r']"
52,Jacob3.mp4,Jacob,,,
53,Jacob3.mp4,Jacob,0.0,bradley,"['b', 'r', 'a', 'd', 'l', 'e', 'y', 'return']"
54,Jason4.mp4,Jason,,,
55,Jason4.mp4,Jason,0.0,,None
56,Jenna4.mp4,Jenna,,,
57,Jenna4.mp4,Jenna,0.0,rachel,"['r', 'a', 'c', 'h', 'e', 'l', 'return']"
58,Jeremy2.mp4,Jeremy,,,
59,Jeremy2.mp4,Jeremy,0.0,bradley,"['c', 'o', 'backspace', 'backspace', 'b', 'r', 'a', 'd', 'e', 'backspace', 'l', 'e', 'y']"
60,Jessica2.mp4,Jessica,,,
61,Jessica2.mp4,Jessica,0.0,julia,"['l', 'u', 'backspace', 'backspace', 'j', 'u', 'l', 'i', 'a']"
62,Josh3.mp4,Josh,,,
63,Josh3.mp4,Josh,1.0,josh,"['j', 'o', 's', 'b', 'backspace', 'h']"
64,Julia2.mp4,Julia,,,
65,Julia2.mp4,Julia,0.0,,None
66,Justin2.mp4,Justin,,,
67,Justin2.mp4,Justin,0.0,mathew,"['m', 'a', 't', 'h', 'e', 'w']"
68,Katie2.mp4,Katie,,,
69,Katie2.mp4,Katie,1.0,kate,"['k', 'a', 't', 'e']"
70,Kayla3.mp4,Kayla,,,
71,Kayla3.mp4,Kayla,0.0,hannah,"['h', 'a', 'n', 'n', 'a', 'g', 'backspace', 'h']"
72,Kelsey2.mp4,Kelsey,,,
73,Kelsey2.mp4,Kelsey,0.0,kayla,"['k', 'a', 'y', 'l', 'a']"
74,Kevin2.mp4,Kevin,,,
75,Kevin2.mp4,Kevin,0.0,kyle,"['n', 'backspace', 'k', 'y', 'l', 'e', 'return', 'space']"
76,Kyle3.mp4,Kyle,,,
77,Kyle3.mp4,Kyle,0.0,cody,"['c', 'o', 'd', 'y']"
78,Lauren4.mp4,Lauren,,,
79,Lauren4.mp4,Lauren,0.0,grace,"['g', 'r', 'a', 'c', 'e']"
80,Mark3.mp4,Mark,,,
81,Mark3.mp4,Mark,0.0,kenny,"['k', 'e', 'n', 'n', 'y', 'return', 'space']"
82,Matthew2.mp4,Matthew,,,
83,Matthew2.mp4,Matthew,1.0,matthew,"['m', 'a', 't', 't', 'h', 'e', 'w']"
84,Megan2.mp4,Megan,,,
85,Megan2.mp4,Megan,0.0,nicole,"['n', 'i', 'c', 'o', 'l', 'e']"
86,Michael2.mp4,Michael,,,
87,Michael2.mp4,Michael,0.0,kevin,"['k', 'e', 'i', 'v', 'n', 'backspace', 'backspace', 'backspace', 'v', 'i', 'n']"
88,Michelle2.mp4,Michelle,,,
89,Michelle2.mp4,Michelle,0.0,melissa,"['m', 'e', 'l', 'i', 's', 's', 'a']"
90,Natalie3.mp4,Natalie,,,
91,Natalie3.mp4,Natalie,1.0,natali,"['n', 'a', 't', 'a', 'l', 'i']"
92,Nathan3.mp4,Nathan,,,
93,Nathan3.mp4,Nathan,0.0,caleb,"['c', 'a', 'l', 'e', 'b']"
94,Nicole2.mp4,Nicole,,,
95,Nicole2.mp4,Nicole,1.0,nicole,"['n', 'i', 'c', 'o', 'l', 'e', 'space']"
96,Noah2.mp4,Noah,,,
97,Noah2.mp4,Noah,0.0,josh,"['j', 'o', 's', 'h', 'space']"
98,Olivia3.mp4,Olivia,,,
99,Olivia3.mp4,Olivia,0.0,hannah,"['h', 'a', 'n', 'n', 'a', 'h']"
100,Rachel3.mp4,Rachel,,,
101,Rachel3.mp4,Rachel,0.0,taylo,"['t', 'a', 'y', 'l', 'o']"
102,Rebecca3.mp4,Rebecca,,,
103,Rebecca3.mp4,Rebecca,0.0,kayla,"['k', 'a', 'y', 'l', 'a']"
104,Sarah2.mp4,Sarah,,,
105,Sarah2.mp4,Sarah,0.0,samman,"['t', 'a', 'y', 'backspace', 'f11', 'backspace', 'backspace', 's', 'a', 'm', 'm', 'a', 'n']"
106,Shelby2.mp4,Shelby,,,
107,Shelby2.mp4,Shelby,1.0,shelby,"['s', 'h', 'e', 'l', 'b', 'y', 'space']"
108,Steven2.mp4,Steven,,,
109,Steven2.mp4,Steven,1.0,stevek,"['s', 't', 'e', 'v', 'e', 'slash', 'slash', 'k', 'r', 'b', 'backspace', 'backspace', 'r', 'backspace']"
110,Taylor4.mp4,Taylor,,,
111,Taylor4.mp4,Taylor,1.0,taylor,"['t', 'a', 'y', 'l', 'o', 'r']"
112,Thomas2.mp4,Thomas,,,
113,Thomas2.mp4,Thomas,0.0,kevin,"['k', 'e', 'i', 'backspace', 'v', 'i', 'n', 'backslash', 'return']"
114,Timothy3.mp4,Timothy,,,
115,Timothy3.mp4,Timothy,0.0,david,"['d', 'a', 'v', 'i', 'd']"
116,Trevor2.mp4,Trevor,,,
117,Trevor2.mp4,Trevor,0.0,kevi,"['k', 'e', 'v', 'i']"
118,Tyler3.mp4,Tyler,,,
119,Tyler3.mp4,Tyler,0.0,eric,"['e', 'r', 'i', 'c', 'return', 'space']"
