,Video,Name,recallRating_AA,inputText,key_resp_3.keys
0,Aaron2.mp4,Aaron,,,
1,Aaron2.mp4,Aaron,0.0,Greg,"['lshift', 'g', 'r', 'e', 'g']"
2,Adam4.mp4,Adam,,,
3,Adam4.mp4,Adam,1.0,Adam,"['lshift', 'a', 'd', 'a', 'm']"
4,Alyssa3.mp4,Alyssa,,,
5,Alyssa3.mp4,Alyssa,0.0,Megan,"['lshift', 'm', 'e', 'g', 'a', 'n']"
6,Amanda3.mp4,Amanda,,,
7,Amanda3.mp4,Amanda,0.0,Lauren,"['lshift', 'colon', 'a', 'backspace', 'lshift', 'l', 'a', 'u', 'r', 'e', 'n']"
8,Andrew2.mp4,Andrew,,,
9,Andrew2.mp4,Andrew,0.0,Jeremy,"['lshift', 'j', 'e', 'r', 'e', 'm', 'y']"
10,Anna3.mp4,Anna,,,
11,Anna3.mp4,Anna,0.0,Hale,"['lshift', 'lshift', 'h', 'a', 'l', 'e']"
12,Ashley3.mp4,Ashley,,,
13,Ashley3.mp4,Ashley,0.0,Olivia,"['lshift', 'o', 'l', 'i', 'v', 'i', 'a', 'return']"
14,Bradley3.mp4,Bradley,,,
15,Bradley3.mp4,Bradley,0.0,Greg,"['lshift', 'g', 'r', 'e', 'g']"
16,Brandon2.mp4,Brandon,,,
17,Brandon2.mp4,Brandon,0.0,Trevor,"['lshift', 't', 'r', 'e', 'v', 'p', 'backspace', 'p', 'r', 'backspace', 'backspace', 'o', 'r']"
18,Brian2.mp4,Brian,,,
19,Brian2.mp4,Brian,1.0,Brian,"['lshift', 'n', 't', 'o', 'backspace', 'backspace', 'backspace', 'lshift', 'b', 'r', 'i', 'a', 'n']"
20,Brianna2.mp4,Brianna,,,
21,Brianna2.mp4,Brianna,1.0,Brianna,"['lshift', 'b', 'r', 'i', 'a', 'n', 'n', 'a']"
22,Brittany2.mp4,Brittany,,,
23,Brittany2.mp4,Brittany,0.0,Lauren,"['lshift', 'l', 'a', 'u', 'r', 'e', 'n']"
24,Caleb5.mp4,Caleb,,,
25,Caleb5.mp4,Caleb,0.0,Kyle,"['lshift', 'k', 'y', 'l', 'e']"
26,Cody2.mp4,Cody,,,
27,Cody2.mp4,Cody,0.0,David,"['lshift', 'd', 'a', 'v', 'o', 'd', 'backspace', 'backspace', 'i', 'd']"
28,Courtney2.mp4,Courtney,,,
29,Courtney2.mp4,Courtney,1.0,Courtney,"['lshift', 'c', 'o', 'u', 'r', 't', 'n', 'e', 'y']"
30,Daniel3.mp4,Daniel,,,
31,Daniel3.mp4,Daniel,0.0,David,"['lshift', 'd', 'a', 'v', 'i', 'd']"
32,Danielle2.mp4,Danielle,,,
33,Danielle2.mp4,Danielle,1.0,Danielle,"['lshift', 'd', 'a', 'n', 'i', 'e', 'l', 'l', 'e']"
34,David2.mp4,David,,,
35,David2.mp4,David,0.0,Cody,"['lshift', 't', 'backspace', 'lshift', 'c', 'o', 'd', 'y']"
36,Dylan3.mp4,Dylan,,,
37,Dylan3.mp4,Dylan,1.0,Dylan,"['lshift', 'd', 'y', 'l', 'a', 'n']"
38,Emily5.mp4,Emily,,,
39,Emily5.mp4,Emily,0.0,Michelle,"['lshift', 'm', 'i', 'c', 'h', 'e', 'l', 'l', 'e', 'space']"
40,Eric2.mp4,Eric,,,
41,Eric2.mp4,Eric,0.0,Daniel,"['lshift', 'd', 'a', 'n', 'i', 'e', 'l']"
42,Ethan2.mp4,Ethan,,,
43,Ethan2.mp4,Ethan,1.0,Ethan,"['lshift', 'e', 't', 'h', 'a', 'n']"
44,Grace3.mp4,Grace,,,
45,Grace3.mp4,Grace,0.0,Chloe,"['lshift', 'c', 'h', 'l', 'o', 'e', 'return']"
46,Haley2.mp4,Haley,,,
47,Haley2.mp4,Haley,0.0,Hannah,"['lshift', 'h', 'a', 'n', 'n', 'a', 'h']"
48,Hannah2.mp4,Hannah,,,
49,Hannah2.mp4,Hannah,1.0,Hannah,"['lshift', 'h', 'a', 'n', 'n', 'a', 'h', 'return']"
50,Heather3.mp4,Heather,,,
51,Heather3.mp4,Heather,1.0,Heather,"['lshift', 'h', 'e', 'a', 't', 'h', 'e', 'r']"
52,Jacob3.mp4,Jacob,,,
53,Jacob3.mp4,Jacob,1.0,Jacob,"['lshift', 'j', 'a', 'c', 'o', 'b']"
54,Jason4.mp4,Jason,,,
55,Jason4.mp4,Jason,0.0,David,"['lshift', 'd', 'a', 'v', 'i', 'd']"
56,Jenna4.mp4,Jenna,,,
57,Jenna4.mp4,Jenna,0.0,Kelsey,"['lshift', 'k', 'e', 'l', 's', 'e', 'y']"
58,Jeremy2.mp4,Jeremy,,,
59,Jeremy2.mp4,Jeremy,0.0,Trevor,"['lshift', 't', 'r', 'e', 'v', 'o', 'r']"
60,Jessica2.mp4,Jessica,,,
61,Jessica2.mp4,Jessica,0.0,Heather,"['lshift', 'n', 'backspace', 'lshift', 'h', 'e', 'a', 't', 'h', 'e', 'r', 'return']"
62,Josh3.mp4,Josh,,,
63,Josh3.mp4,Josh,1.0,Josh,"['lshift', 'j', 'o', 's', 'h', 'return']"
64,Julia2.mp4,Julia,,,
65,Julia2.mp4,Julia,1.0,Julia,"['lshift', 'j', 'u', 'l', 'i', 'a']"
66,Justin2.mp4,Justin,,,
67,Justin2.mp4,Justin,0.0,Dylan,"['lshift', 'd', 'l', 'y', 'a', 'n', 'backspace', 'backspace', 'backspace', 'backspace', 'y', 'l', 'a', 'n']"
68,Katie2.mp4,Katie,,,
69,Katie2.mp4,Katie,1.0,Katie,"['lshift', 'k', 'a', 't', 'i', 'e']"
70,Kayla3.mp4,Kayla,,,
71,Kayla3.mp4,Kayla,0.0,Julia,"['lshift', 'j', 'u', 'l', 'i', 'a']"
72,Kelsey2.mp4,Kelsey,,,
73,Kelsey2.mp4,Kelsey,0.0,Jenna,"['lshift', 'h', 'a', 'n', 'n', 'backspace', 'backspace', 'backspace', 'backspace', 'lshift', 'j', 'e', 'n', 'n', 'a']"
74,Kevin2.mp4,Kevin,,,
75,Kevin2.mp4,Kevin,1.0,Kevin,"['lshift', 'k', 'e', 'v', 'i', 'n']"
76,Kyle3.mp4,Kyle,,,
77,Kyle3.mp4,Kyle,0.0,Tyler,"['lshift', 't', 'y', 'semicolon', 'e', 'r', 'backspace', 'backspace', 'l', 'e', 'r', 'space', 'return', 'space']"
78,Lauren4.mp4,Lauren,,,
79,Lauren4.mp4,Lauren,0.0,Jenna,"['lshift', 'j', 'e', 'n', 'n', 'a']"
80,Mark3.mp4,Mark,,,
81,Mark3.mp4,Mark,0.0,Brian,"['lshift', 'b', 'r', 'i', 'a', 'n']"
82,Matthew2.mp4,Matthew,,,
83,Matthew2.mp4,Matthew,0.0,Aaron,"['lshift', 'a', 'a', 'r', 'p', 'm', 'backspace', 'backspace', 'o', 'm', 'backspace', 'n']"
84,Megan2.mp4,Megan,,,
85,Megan2.mp4,Megan,0.0,Katie,"['lshift', 'k', 'a', 't', 'i', 'e']"
86,Michael2.mp4,Michael,,,
87,Michael2.mp4,Michael,0.0,Jonathan,"['lshift', 'j', 'o', 'n', 'a', 't', 'h', 'a', 'n']"
88,Michelle2.mp4,Michelle,,,
89,Michelle2.mp4,Michelle,0.0,Chloe,"['lshift', 'c', 'h', 'l', 'o', 'e']"
90,Natalie3.mp4,Natalie,,,
91,Natalie3.mp4,Natalie,1.0,Natalie,"['lshift', 'n', 'a', 't', 'a', 'l', 'i', 'e']"
92,Nathan3.mp4,Nathan,,,
93,Nathan3.mp4,Nathan,1.0,Nathan,"['lshift', 'n', 'a', 't', 'h', 'a', 'n']"
94,Nicole2.mp4,Nicole,,,
95,Nicole2.mp4,Nicole,0.0,Katie,"['lshift', 'lshift', 'k', 'a', 't', 'i', 'e']"
96,Noah2.mp4,Noah,,,
97,Noah2.mp4,Noah,0.0,Mark,"['lshift', 'm', 'a', 'r', 'k']"
98,Olivia3.mp4,Olivia,,,
99,Olivia3.mp4,Olivia,0.0,Ashley,"['lshift', 'a', 's', 'h', 'l', 'e', 'y', 'return']"
100,Rachel3.mp4,Rachel,,,
101,Rachel3.mp4,Rachel,0.0,Grace,"['lshift', 'g', 'r', 'a', 'c', 'e']"
102,Rebecca3.mp4,Rebecca,,,
103,Rebecca3.mp4,Rebecca,0.0,Julia,"['lshift', 'c', 'backspace', 'backspace', 'lshift', 'j', 'u', 'l', 'i', 'a']"
104,Sarah2.mp4,Sarah,,,
105,Sarah2.mp4,Sarah,1.0,Sarah,"['lshift', 's', 'a', 'r', 'a', 'h']"
106,Shelby2.mp4,Shelby,,,
107,Shelby2.mp4,Shelby,1.0,Shelby,"['lshift', 'h', 'backspace', 'lshift', 's', 'h', 'e', 'l', 'b', 'y']"
108,Steven2.mp4,Steven,,,
109,Steven2.mp4,Steven,0.0,Dylan,"['lshift', 'd', 'y', 'l', 'a', 'n']"
110,Taylor4.mp4,Taylor,,,
111,Taylor4.mp4,Taylor,0.0,Rebecca,"['lshift', 'r', 'e', 'b', 'e', 'c', 'c', 'a']"
112,Thomas2.mp4,Thomas,,,
113,Thomas2.mp4,Thomas,0.0,Bradley,"['lshift', 'b', 'r', 'a', 'd', 'l', 'e', 'y']"
114,Timothy3.mp4,Timothy,,,
115,Timothy3.mp4,Timothy,0.0,Matthew,"['lshift', 'm', 'a', 't', 't', 'h', 'e', 'w']"
116,Trevor2.mp4,Trevor,,,
117,Trevor2.mp4,Trevor,0.0,Jack,"['lshift', 'n', 'backspace', 'backspace', 'lshift', 'lshift', 'j', 'a', 'c', 'k']"
118,Tyler3.mp4,Tyler,,,
119,Tyler3.mp4,Tyler,0.0,Thomas,"['lshift', 't', 'h', 'o', 'm', 'a', 's']"
