,Video,Name,recallRating_AA,inputText,key_resp_3.keys
0,Aaron2.mp4,Aaron,,,
1,Aaron2.mp4,Aaron,0,mark,"['m', 'a', 'r', 'k']"
2,Adam4.mp4,Adam,,,
3,Adam4.mp4,Adam,0,john,"['j', 'o', 'h', 'n']"
4,Alyssa3.mp4,Alyssa,,,
5,Alyssa3.mp4,Alyssa,0,laura,"['l', 'a', 'u', 'r', 'a']"
6,Amanda3.mp4,Amanda,,,
7,Amanda3.mp4,Amanda,0,olivia,"['o', 'l', 'i', 'v', 'i', 'a']"
8,Andrew2.mp4,Andrew,,,
9,Andrew2.mp4,Andrew,1,andrew,"['a', 'n', 'd', 'r', 'e', 'w']"
10,Anna3.mp4,Anna,,,
11,Anna3.mp4,Anna,1,anna,"['a', 'n', 'n', 'a']"
12,Ashley3.mp4,Ashley,,,
13,Ashley3.mp4,Ashley,0,anna,"['a', 'n', 'n', 'a']"
14,Bradley3.mp4,Bradley,,,
15,Bradley3.mp4,Bradley,0,ben,"['b', 'e', 'n']"
16,Brandon2.mp4,Brandon,,,
17,Brandon2.mp4,Brandon,0,noah,"['n', 'o', 'n', 'a', 'h', 'backspace', 'backspace', 'backspace', 'a', 'h']"
18,Brian2.mp4,Brian,,,
19,Brian2.mp4,Brian,0,kris,"['k', 'r', 'i', 's']"
20,Brianna2.mp4,Brianna,,,
21,Brianna2.mp4,Brianna,0,asheley,"['a', 's', 'h', 'e', 'l', 'e', 'y']"
22,Brittany2.mp4,Brittany,,,
23,Brittany2.mp4,Brittany,0,hally,"['j', 'backspace', 'g', 'backspace', 'h', 'a', 'l', 'l', 'y']"
24,Caleb5.mp4,Caleb,,,
25,Caleb5.mp4,Caleb,0,cain,"['c', 'a', 'i', 'n']"
26,Cody2.mp4,Cody,,,
27,Cody2.mp4,Cody,0,nathan,"['n', 'a', 't', 'h', 'a', 'n']"
28,Courtney2.mp4,Courtney,,,
29,Courtney2.mp4,Courtney,0,jessica,"['j', 'e', 'c', 'c', 'backspace', 'backspace', 's', 's', 'i', 'c', 'a']"
30,Daniel3.mp4,Daniel,,,
31,Daniel3.mp4,Daniel,0,l,"['a', 'n', 'backspace', 'backspace', 'l', 'a', 'backspace']"
32,Danielle2.mp4,Danielle,,,
33,Danielle2.mp4,Danielle,1,daniel,"['d', 'a', 'n', 'i', 'e', 'l']"
34,David2.mp4,David,,,
35,David2.mp4,David,0,mathew,"['m', 'a', 't', 'h', 'e', 'w']"
36,Dylan3.mp4,Dylan,,,
37,Dylan3.mp4,Dylan,1,dylan,"['d', 'y', 'l', 'a', 'n']"
38,Emily5.mp4,Emily,,,
39,Emily5.mp4,Emily,0,kayla,"['k', 'a', 'y', 'l', 'a']"
40,Eric2.mp4,Eric,,,
41,Eric2.mp4,Eric,1,eric,"['e', 'r', 'i', 'c']"
42,Ethan2.mp4,Ethan,,,
43,Ethan2.mp4,Ethan,0,dylan,"['d', 'y', 'l', 'a', 'n', 'n', 'backspace']"
44,Grace3.mp4,Grace,,,
45,Grace3.mp4,Grace,1,grace,"['g', 'r', 'a', 'c', 'e']"
46,Haley2.mp4,Haley,,,
47,Haley2.mp4,Haley,0,alysia,"['a', 'l', 'y', 's', 'a', 'backspace', 'i', 'a']"
48,Hannah2.mp4,Hannah,,,
49,Hannah2.mp4,Hannah,0,brianna,"['b', 'r', 'i', 'a', 'n', 'n', 'a']"
50,Heather3.mp4,Heather,,,
51,Heather3.mp4,Heather,0,olivia,"['o', 'l', 'i', 'v', 'i', 'a']"
52,Jacob3.mp4,Jacob,,,
53,Jacob3.mp4,Jacob,0,josh,"['j', 'o', 's', 'h', 'return']"
54,Jason4.mp4,Jason,,,
55,Jason4.mp4,Jason,0,trevor,"['t', 'r', 'e', 'v', 'o', 't', 'backspace', 'r']"
56,Jenna4.mp4,Jenna,,,
57,Jenna4.mp4,Jenna,0,dontknow,"['d', 'o', 'n', 't', 'k', 'n', 'o', 'w']"
58,Jeremy2.mp4,Jeremy,,,
59,Jeremy2.mp4,Jeremy,0,kelvin,"['k', 'e', 'l', 'v', 'i', 'n']"
60,Jessica2.mp4,Jessica,,,
61,Jessica2.mp4,Jessica,0,lauren,"['l', 'a', 'u', 'r', 'e', 'n']"
62,Josh3.mp4,Josh,,,
63,Josh3.mp4,Josh,1,josh,"['j', 'o', 's', 'h']"
64,Julia2.mp4,Julia,,,
65,Julia2.mp4,Julia,0,juliet,"['j', 'u', 'l', 'i', 'e', 't']"
66,Justin2.mp4,Justin,,,
67,Justin2.mp4,Justin,0,eason,"['e', 'a', 's', 'o', 'n']"
68,Katie2.mp4,Katie,,,
69,Katie2.mp4,Katie,0,tasley,"['t', 's', 'backspace', 'a', 's', 'l', 'e', 'u', 'backspace', 'y']"
70,Kayla3.mp4,Kayla,,,
71,Kayla3.mp4,Kayla,0,lauren,"['l', 'a', 'u', 'r', 'e', 'n']"
72,Kelsey2.mp4,Kelsey,,,
73,Kelsey2.mp4,Kelsey,0,sarah,"['s', 'a', 'r', 'e', 'a', 'h', 'backspace', 'backspace', 'backspace', 'a', 'h']"
74,Kevin2.mp4,Kevin,,,
75,Kevin2.mp4,Kevin,0,sam,"['s', 'a', 'm']"
76,Kyle3.mp4,Kyle,,,
77,Kyle3.mp4,Kyle,0,mark,"['m', 'a', 'r', 'k']"
78,Lauren4.mp4,Lauren,,,
79,Lauren4.mp4,Lauren,0,ashely,"['a', 's', 'h', 'e', 'l', 'y']"
80,Mark3.mp4,Mark,,,
81,Mark3.mp4,Mark,0,jacob,"['j', 'a', 'c', 'o', 'b']"
82,Matthew2.mp4,Matthew,,,
83,Matthew2.mp4,Matthew,0,kyle,"['k', 'y', 'l', 'e']"
84,Megan2.mp4,Megan,,,
85,Megan2.mp4,Megan,1,megan,"['m', 'e', 'g', 'a', 'n']"
86,Michael2.mp4,Michael,,,
87,Michael2.mp4,Michael,0,mache,"['m', 'a', 'c', 'h', 'e']"
88,Michelle2.mp4,Michelle,,,
89,Michelle2.mp4,Michelle,0,taylor,"['t', 'a', 'y', 'l', 'o', 'r']"
90,Natalie3.mp4,Natalie,,,
91,Natalie3.mp4,Natalie,1,natalle,"['n', 'a', 't', 'a', 'l', 'l', 'e']"
92,Nathan3.mp4,Nathan,,,
93,Nathan3.mp4,Nathan,0,coby,"['c', 'o', 'b', 'y']"
94,Nicole2.mp4,Nicole,,,
95,Nicole2.mp4,Nicole,0,amanda,"['a', 'm', 'a', 'n', 'd', 'a']"
96,Noah2.mp4,Noah,,,
97,Noah2.mp4,Noah,0,tally,"['y', 'a', 'backspace', 'backspace', 't', 'a', 'l', 'l', 'y']"
98,Olivia3.mp4,Olivia,,,
99,Olivia3.mp4,Olivia,1,olivia,"['o', 'l', 'i', 'v', 'i', 'a']"
100,Rachel3.mp4,Rachel,,,
101,Rachel3.mp4,Rachel,0,anna,"['a', 'n', 'n', 'a']"
102,Rebecca3.mp4,Rebecca,,,
103,Rebecca3.mp4,Rebecca,1,rebecca,"['r', 'e', 'b', 'e', 'c', 'c', 'a']"
104,Sarah2.mp4,Sarah,,,
105,Sarah2.mp4,Sarah,1,sarah,"['s', 'a', 'r', 'a', 'h']"
106,Shelby2.mp4,Shelby,,,
107,Shelby2.mp4,Shelby,1,shelby,"['s', 'h', 'e', 'l', 'b', 'y']"
108,Steven2.mp4,Steven,,,
109,Steven2.mp4,Steven,0,matt,"['m', 'a', 't', 't']"
110,Taylor4.mp4,Taylor,,,
111,Taylor4.mp4,Taylor,0,hannah,"['h', 'a', 'n', 'n', 'a', 'h']"
112,Thomas2.mp4,Thomas,,,
113,Thomas2.mp4,Thomas,1,thomas,"['t', 'h', 'o', 'm', 'a', 's']"
114,Timothy3.mp4,Timothy,,,
115,Timothy3.mp4,Timothy,0,mellinan,"['m', 'e', 'l', 'l', 'i', 'n', 'a', 'n']"
116,Trevor2.mp4,Trevor,,,
117,Trevor2.mp4,Trevor,1,trevor,"['t', 'r', 'e', 'v', 'o', 'r']"
118,Tyler3.mp4,Tyler,,,
119,Tyler3.mp4,Tyler,0,michalle,"['m', 'space', 'i', 'backspace', 'backspace', 'i', 'c', 'h', 'e', 'backspace', 'a', 'l', 'l', 'e']"