,Video,Name,recallRating_AA,inputText,key_resp_3.keys
0,Aaron2.mp4,Aaron,,,
1,Aaron2.mp4,Aaron,0,j,"['capslock', 'j']"
2,Adam4.mp4,Adam,,,
3,Adam4.mp4,Adam,1,adam,"['a', 'd', 'a', 'm']"
4,Alyssa3.mp4,Alyssa,,,
5,Alyssa3.mp4,Alyssa,0,rachel,"['r', 'a', 'c', 'h', 'e', 'a', 'l', 'backspace', 'backspace', 'l']"
6,Amanda3.mp4,Amanda,,,
7,Amanda3.mp4,Amanda,0,brittany,"['b', 'r', 'i', 't', 't', 'a', 'n', 'y']"
8,Andrew2.mp4,Andrew,,,
9,Andrew2.mp4,Andrew,0,timothy,"['t', 'i', 'm', 'o', 't', 'h', 'y']"
10,Anna3.mp4,Anna,,,
11,Anna3.mp4,Anna,1,anna,"['a', 'n', 'n', 'a']"
12,Ashley3.mp4,Ashley,,,
13,Ashley3.mp4,Ashley,1,ashley,"['a', 's', 'h', 'l', 'e', 'y']"
14,Bradley3.mp4,Bradley,,,
15,Bradley3.mp4,Bradley,0,timothy,"['t', 'i', 'm', 'o', 't', 'h', 'y']"
16,Brandon2.mp4,Brandon,,,
17,Brandon2.mp4,Brandon,0,ethan,"['e', 't', 'h', 'a', 'n']"
18,Brian2.mp4,Brian,,,
19,Brian2.mp4,Brian,0,trevor,"['t', 'r', 'e', 'v', 'o', 'r']"
20,Brianna2.mp4,Brianna,,,
21,Brianna2.mp4,Brianna,1,briana,"['b', 'r', 'i', 'a', 'n', 'a']"
22,Brittany2.mp4,Brittany,,,
23,Brittany2.mp4,Brittany,0,nately,"['n', 'a', 't', 'e', 'l', 'y']"
24,Caleb5.mp4,Caleb,,,
25,Caleb5.mp4,Caleb,0,dylan,"['d', 'y', 'l', 'a', 'n']"
26,Cody2.mp4,Cody,,,
27,Cody2.mp4,Cody,0,adam,"['a', 'd', 'a', 'm']"
28,Courtney2.mp4,Courtney,,,
29,Courtney2.mp4,Courtney,0,jessica,"['j', 'e', 's', 's', 'i', 'c', 'a']"
30,Daniel3.mp4,Daniel,,,
31,Daniel3.mp4,Daniel,0,michael,"['m', 'i', 'c', 'h', 'a', 'e', 'l']"
32,Danielle2.mp4,Danielle,,,
33,Danielle2.mp4,Danielle,1,daniel,"['d', 'a', 'n', 'i', 'e', 'l']"
34,David2.mp4,David,,,
35,David2.mp4,David,1,david,"['d', 'a', 'v', 'i', 'd']"
36,Dylan3.mp4,Dylan,,,
37,Dylan3.mp4,Dylan,0,matthew,"['m', 'a', 't', 't', 'h', 'e', 'w']"
38,Emily5.mp4,Emily,,,
39,Emily5.mp4,Emily,1,emily,"['e', 'm', 'i', 'l', 'y']"
40,Eric2.mp4,Eric,,,
41,Eric2.mp4,Eric,0,justin,"['j', 'u', 's', 't', 'i', 'n']"
42,Ethan2.mp4,Ethan,,,
43,Ethan2.mp4,Ethan,0,aaron,"['a', 'a', 'r', 'o', 'n']"
44,Grace3.mp4,Grace,,,
45,Grace3.mp4,Grace,0,briana,"['b', 'r', 'i', 'a', 'n', 'a']"
46,Haley2.mp4,Haley,,,
47,Haley2.mp4,Haley,1,haley,"['h', 'a', 'l', 'e', 'y']"
48,Hannah2.mp4,Hannah,,,
49,Hannah2.mp4,Hannah,1,hannah,"['h', 'a', 'n', 'n', 'a', 'h']"
50,Heather3.mp4,Heather,,,
51,Heather3.mp4,Heather,1,heather,"['h', 'e', 'a', 't', 'h', 'e', 'r']"
52,Jacob3.mp4,Jacob,,,
53,Jacob3.mp4,Jacob,0,her,"['e', 't', 'h', 'a', 'n', 'backspace', 'backspace', 'backspace', 'backspace', 'backspace', 'backspace', 'h', 'e', 'r']"
54,Jason4.mp4,Jason,,,
55,Jason4.mp4,Jason,0,john,"['j', 'o', 'h', 'n']"
56,Jenna4.mp4,Jenna,,,
57,Jenna4.mp4,Jenna,0,brittney,"['b', 'r', 'i', 't', 't', 'n', 'y', 'backspace', 'e', 'y']"
58,Jeremy2.mp4,Jeremy,,,
59,Jeremy2.mp4,Jeremy,0,tyler,"['t', 'capslock', 'y', 'l', 'e', 'r', 'return']"
60,Jessica2.mp4,Jessica,,,
61,Jessica2.mp4,Jessica,0,julia,"['j', 'u', 'l', 'i', 'a']"
62,Josh3.mp4,Josh,,,
63,Josh3.mp4,Josh,1,josh,"['j', 'o', 's', 'h']"
64,Julia2.mp4,Julia,,,
65,Julia2.mp4,Julia,0,,None
66,Justin2.mp4,Justin,,,
67,Justin2.mp4,Justin,1,justin,"['j', 'u', 's', 't', 'i', 'n']"
68,Katie2.mp4,Katie,,,
69,Katie2.mp4,Katie,1,katie,"['k', 'a', 't', 'i', 'e', 'space', 'space']"
70,Kayla3.mp4,Kayla,,,
71,Kayla3.mp4,Kayla,1,kayla,"['k', 'e', 'semicolon', 'backspace', 'a', 'y', 'l', 'a']"
72,Kelsey2.mp4,Kelsey,,,
73,Kelsey2.mp4,Kelsey,0,grace,"['g', 'r', 'a', 'c', 'e']"
74,Kevin2.mp4,Kevin,,,
75,Kevin2.mp4,Kevin,0,jacob,"['capslock', 'j', 'a', 'c', 'o', 'n', 'backspace', 'b']"
76,Kyle3.mp4,Kyle,,,
77,Kyle3.mp4,Kyle,1,kyle,"['k', 'y', 'l', 'e']"
78,Lauren4.mp4,Lauren,,,
79,Lauren4.mp4,Lauren,0,ashley,"['a', 's', 'h', 'l', 'e', 'y']"
80,Mark3.mp4,Mark,,,
81,Mark3.mp4,Mark,1,mark,"['m', 'a', 'r', 'k']"
82,Matthew2.mp4,Matthew,,,
83,Matthew2.mp4,Matthew,1,matthew,"['m', 'a', 't', 't', 'h', 'e', 'w']"
84,Megan2.mp4,Megan,,,
85,Megan2.mp4,Megan,0,lauran,"['l', 'a', 'u', 'r', 'a', 'n', 'backspace', 'backspace', 'backspace', 'r', 'a', 'n']"
86,Michael2.mp4,Michael,,,
87,Michael2.mp4,Michael,0,eric,"['e', 'r', 'i', 'c']"
88,Michelle2.mp4,Michelle,,,
89,Michelle2.mp4,Michelle,0,olivia,"['o', 'l', 'i', 'v', 'i', 'a']"
90,Natalie3.mp4,Natalie,,,
91,Natalie3.mp4,Natalie,1,natalie,"['m', 'backspace', 'n', 'a', 't', 'a', 'l', 'i', 'e']"
92,Nathan3.mp4,Nathan,,,
93,Nathan3.mp4,Nathan,0,ethan,"['e', 't', 'h', 'a', 'n', 'space', 'backspace']"
94,Nicole2.mp4,Nicole,,,
95,Nicole2.mp4,Nicole,1,nicole,"['n', 'i', 'c', 'l', 'backspace', 'o', 'l', 'e']"
96,Noah2.mp4,Noah,,,
97,Noah2.mp4,Noah,0,john,"['j', 'o', 'h', 'n']"
98,Olivia3.mp4,Olivia,,,
99,Olivia3.mp4,Olivia,0,janie,"['j', 'a', 'n', 'i', 'e']"
100,Rachel3.mp4,Rachel,,,
101,Rachel3.mp4,Rachel,0,lauryn,"['l', 'a', 'u', 'y', 'backspace', 'r', 'y', 'n']"
102,Rebecca3.mp4,Rebecca,,,
103,Rebecca3.mp4,Rebecca,0,re,"['j', 'u', 'l', 'i', 'a', 'backspace', 'backspace', 'backspace', 'backspace', 'backspace', 'backspace', 'r', 'e']"
104,Sarah2.mp4,Sarah,,,
105,Sarah2.mp4,Sarah,0,megan,"['m', 'e', 'g', 'a', 'n']"
106,Shelby2.mp4,Shelby,,,
107,Shelby2.mp4,Shelby,1,shelby,"['s', 'h', 'e', 'l', 'b', 'y']"
108,Steven2.mp4,Steven,,,
109,Steven2.mp4,Steven,1,steven,"['s', 't', 'e', 'e', 'backspace', 'v', 'e', 'n']"
110,Taylor4.mp4,Taylor,,,
111,Taylor4.mp4,Taylor,0,courtney,"['c', 'o', 'u', 'r', 't', 'n', 'e', 'y']"
112,Thomas2.mp4,Thomas,,,
113,Thomas2.mp4,Thomas,0,brady,"['b', 'r', 'a', 'd', 'y']"
114,Timothy3.mp4,Timothy,,,
115,Timothy3.mp4,Timothy,0,tyler,"['t', 'y', 'l', 'e', 'r']"
116,Trevor2.mp4,Trevor,,,
117,Trevor2.mp4,Trevor,0,ethan,"['capslock', 'e', 'r', 'equal', 'backspace', 't', 'h', 'a', 'n']"
118,Tyler3.mp4,Tyler,,,
119,Tyler3.mp4,Tyler,1,tyler,"['t', 'y', 'l', 'e', 'r']"