,Video,Name,recallRating_AA,inputText,key_resp_3.keys
0,Aaron2.mp4,Aaron,,,
1,Aaron2.mp4,Aaron,0.0,,None
2,Adam4.mp4,Adam,,,
3,Adam4.mp4,Adam,0.0,a,['a']
4,Alyssa3.mp4,Alyssa,,,
5,Alyssa3.mp4,Alyssa,0.0,melissa,"['m', 'e', 'l', 'i', 's', 's', 'a']"
6,Amanda3.mp4,Amanda,,,
7,Amanda3.mp4,Amanda,0.0,bir,"['b', 'i', 'r']"
8,Andrew2.mp4,Andrew,,,
9,Andrew2.mp4,Andrew,0.0,,None
10,Anna3.mp4,Anna,,,
11,Anna3.mp4,Anna,0.0,,None
12,Ashley3.mp4,Ashley,,,
13,Ashley3.mp4,Ashley,1.0,ashley,"['a', 's', 'h', 'l', 'e', 'y']"
14,Bradley3.mp4,Bradley,,,
15,Bradley3.mp4,Bradley,1.0,bradley,"['b', 'r', 'a', 'd', 'l', 'e', 'y']"
16,Brandon2.mp4,Brandon,,,
17,Brandon2.mp4,Brandon,0.0,,None
18,Brian2.mp4,Brian,,,
19,Brian2.mp4,Brian,0.0,ethan,"['e', 't', 'h', 'a', 'n']"
20,Brianna2.mp4,Brianna,,,
21,Brianna2.mp4,Brianna,0.0,,None
22,Brittany2.mp4,Brittany,,,
23,Brittany2.mp4,Brittany,1.0,bittany,"['b', 'i', 't', 't', 'a', 'n', 'y']"
24,Caleb5.mp4,Caleb,,,
25,Caleb5.mp4,Caleb,0.0,brandon,"['b', 'r', 'a', 'n', 'd', 'o', 'n']"
26,Cody2.mp4,Cody,,,
27,Cody2.mp4,Cody,0.0,michael,"['m', 'i', 'c', 'h', 'a', 'e', 'l']"
28,Courtney2.mp4,Courtney,,,
29,Courtney2.mp4,Courtney,1.0,courtney,"['c', 'o', 'u', 'r', 't', 'n', 'e', 'y']"
30,Daniel3.mp4,Daniel,,,
31,Daniel3.mp4,Daniel,0.0,cody,"['c', 'o', 'd', 'y']"
32,Danielle2.mp4,Danielle,,,
33,Danielle2.mp4,Danielle,0.0,zanthie,"['z', 'a', 'n', 't', 'h', 'i', 'e']"
34,David2.mp4,David,,,
35,David2.mp4,David,0.0,,None
36,Dylan3.mp4,Dylan,,,
37,Dylan3.mp4,Dylan,0.0,,None
38,Emily5.mp4,Emily,,,
39,Emily5.mp4,Emily,0.0,jessica,"['j', 'e', 's', 's', 'i', 'c', 'a']"
40,Eric2.mp4,Eric,,,
41,Eric2.mp4,Eric,0.0,,None
42,Ethan2.mp4,Ethan,,,
43,Ethan2.mp4,Ethan,0.0,,None
44,Grace3.mp4,Grace,,,
45,Grace3.mp4,Grace,0.0,,None
46,Haley2.mp4,Haley,,,
47,Haley2.mp4,Haley,0.0,,None
48,Hannah2.mp4,Hannah,,,
49,Hannah2.mp4,Hannah,0.0,anna,"['a', 'n', 'n', 'a']"
50,Heather3.mp4,Heather,,,
51,Heather3.mp4,Heather,0.0,,None
52,Jacob3.mp4,Jacob,,,
53,Jacob3.mp4,Jacob,0.0,,None
54,Jason4.mp4,Jason,,,
55,Jason4.mp4,Jason,0.0,,None
56,Jenna4.mp4,Jenna,,,
57,Jenna4.mp4,Jenna,0.0,,None
58,Jeremy2.mp4,Jeremy,,,
59,Jeremy2.mp4,Jeremy,1.0,Jeremy,"['lshift', 'j', 'e', 'r', 'e', 'm', 'y', 'return']"
60,Jessica2.mp4,Jessica,,,
61,Jessica2.mp4,Jessica,1.0,jessica,"['j', 'e', 's', 's', 'i', 'c', 'a']"
62,Josh3.mp4,Josh,,,
63,Josh3.mp4,Josh,0.0,,None
64,Julia2.mp4,Julia,,,
65,Julia2.mp4,Julia,0.0,jessica,"['j', 'e', 's', 's', 'i', 'c', 'a']"
66,Justin2.mp4,Justin,,,
67,Justin2.mp4,Justin,1.0,justin,"['j', 'u', 's', 't', 'i', 'n', 'return']"
68,Katie2.mp4,Katie,,,
69,Katie2.mp4,Katie,0.0,ashley,"['a', 's', 'h', 'l', 'e', 'y']"
70,Kayla3.mp4,Kayla,,,
71,Kayla3.mp4,Kayla,0.0,emily,"['e', 'm', 'i', 'l', 'y']"
72,Kelsey2.mp4,Kelsey,,,
73,Kelsey2.mp4,Kelsey,0.0,,None
74,Kevin2.mp4,Kevin,,,
75,Kevin2.mp4,Kevin,0.0,,None
76,Kyle3.mp4,Kyle,,,
77,Kyle3.mp4,Kyle,0.0,,None
78,Lauren4.mp4,Lauren,,,
79,Lauren4.mp4,Lauren,0.0,anna,"['a', 'n', 'n', 'a']"
80,Mark3.mp4,Mark,,,
81,Mark3.mp4,Mark,0.0,,None
82,Matthew2.mp4,Matthew,,,
83,Matthew2.mp4,Matthew,0.0,,None
84,Megan2.mp4,Megan,,,
85,Megan2.mp4,Megan,1.0,megan,"['m', 'e', 'g', 'a', 'n', 'n', 'backspace']"
86,Michael2.mp4,Michael,,,
87,Michael2.mp4,Michael,0.0,brandon,"['b', 'r', 'a', 'n', 'd', 'o', 'n']"
88,Michelle2.mp4,Michelle,,,
89,Michelle2.mp4,Michelle,0.0,anna,"['a', 'n', 'n', 'a']"
90,Natalie3.mp4,Natalie,,,
91,Natalie3.mp4,Natalie,0.0,emily,"['e', 'm', 'i', 'l', 'y']"
92,Nathan3.mp4,Nathan,,,
93,Nathan3.mp4,Nathan,0.0,,None
94,Nicole2.mp4,Nicole,,,
95,Nicole2.mp4,Nicole,0.0,,None
96,Noah2.mp4,Noah,,,
97,Noah2.mp4,Noah,0.0,,None
98,Olivia3.mp4,Olivia,,,
99,Olivia3.mp4,Olivia,1.0,olivia,"['o', 'l', 'i', 'v', 'a', 'backspace', 'i', 'a']"
100,Rachel3.mp4,Rachel,,,
101,Rachel3.mp4,Rachel,1.0,rachae,"['r', 'a', 'c', 'h', 'e', 'l', 'backspace', 'backspace', 'a', 'e']"
102,Rebecca3.mp4,Rebecca,,,
103,Rebecca3.mp4,Rebecca,1.0,rebecca,"['r', 'e', 'b', 'e', 'c', 'c', 'a']"
104,Sarah2.mp4,Sarah,,,
105,Sarah2.mp4,Sarah,1.0,sarah,"['s', 'a', 'r', 'a', 'h']"
106,Shelby2.mp4,Shelby,,,
107,Shelby2.mp4,Shelby,1.0,shelby,"['s', 'h', 'e', 'l', 'b', 'y']"
108,Steven2.mp4,Steven,,,
109,Steven2.mp4,Steven,0.0,,None
110,Taylor4.mp4,Taylor,,,
111,Taylor4.mp4,Taylor,0.0,ashley,"['s', 'h', 'l', 'e', 'y', 'backspace', 'backspace', 'backspace', 'backspace', 'backspace', 'a', 's', 'h', 'l', 'e', 'y']"
112,Thomas2.mp4,Thomas,,,
113,Thomas2.mp4,Thomas,0.0,,None
114,Timothy3.mp4,Timothy,,,
115,Timothy3.mp4,Timothy,1.0,timothy,"['t', 'i', 'm', 'o', 't', 'h', 'y']"
116,Trevor2.mp4,Trevor,,,
117,Trevor2.mp4,Trevor,0.0,tim,"['t', 'i', 'm']"
118,Tyler3.mp4,Tyler,,,
119,Tyler3.mp4,Tyler,0.0,,None
