,Video,Name,recallRating_AA,inputText,key_resp_3.keys
0,Aaron2.mp4,Aaron,,,
1,Aaron2.mp4,Aaron,0.0,ethan,"['w', 't', 'h', 'a', 'backspace', 'backspace', 'backspace', 'backspace', 'e', 't', 'h', 'a', 'n']"
2,Adam4.mp4,Adam,,,
3,Adam4.mp4,Adam,1.0,adam,"['s', 'backspace', 'a', 'd', 'a', 'm']"
4,Alyssa3.mp4,Alyssa,,,
5,Alyssa3.mp4,Alyssa,0.0,olivia,"['o', 'l', 'backspace', 'backspace', 'backspace', 'o', 'i', 'l', 'backspace', 'backspace', 'l', 'i', 'i', 'backspace', 'v', 'i', 'a']"
6,Amanda3.mp4,Amanda,,,
7,Amanda3.mp4,Amanda,0.0,lauren,"['l', 'a', 'u', 'r', 'e', 'n', 'return']"
8,Andrew2.mp4,Andrew,,,
9,Andrew2.mp4,Andrew,0.0,cody,"['c', 'o', 'd', 'y']"
10,Anna3.mp4,Anna,,,
11,Anna3.mp4,Anna,1.0,anna,"['a', 'n', 'n', 'a']"
12,Ashley3.mp4,Ashley,,,
13,Ashley3.mp4,Ashley,1.0,ashley,"['a', 's', 'h', 'l', 'e', 'y']"
14,Bradley3.mp4,Bradley,,,
15,Bradley3.mp4,Bradley,0.0,mark,"['m', 'a', 'r', 'k']"
16,Brandon2.mp4,Brandon,,,
17,Brandon2.mp4,Brandon,0.0,mich,"['num_add', 'space', 'm', 'i', 'c', 'h', 'e', 'q', 'l', 'backspace', 'a', 'l', 'backspace', 'backspace', 'backspace', 'backspace']"
18,Brian2.mp4,Brian,,,
19,Brian2.mp4,Brian,0.0,mark,"['m', 'a', 'r', 't', 'k', 'backspace', 'backspace', 'k', 'return']"
20,Brianna2.mp4,Brianna,,,
21,Brianna2.mp4,Brianna,0.0,ashle,"['a', 'u', 'd', 'r', 'e', 'backspace', 'backspace', 'backspace', 'backspace', 'backspace', 'a', 's', 'h', 'l', 'e', 'u', 'u', 'backspace', 'backspace']"
22,Brittany2.mp4,Brittany,,,
23,Brittany2.mp4,Brittany,0.0,lauren,"['l', 'a', 'u', 'r', 'e', 'n']"
24,Caleb5.mp4,Caleb,,,
25,Caleb5.mp4,Caleb,0.0,jacob,"['j', 'a', 'b', 'backspace', 'c', 'o', 'b']"
26,Cody2.mp4,Cody,,,
27,Cody2.mp4,Cody,0.0,thomas,"['t', 'h', 'o', 'm', 'a', 's']"
28,Courtney2.mp4,Courtney,,,
29,Courtney2.mp4,Courtney,1.0,courtney,"['c', 'o', 'u', 'r', 't', 'n', 'e', 'y', 'return', 'return', 'return']"
30,Daniel3.mp4,Daniel,,,
31,Daniel3.mp4,Daniel,0.0,david,"['e', 't', 'h', 'a', 'n', 'backspace', 'backspace', 'backspace', 'backspace', 'backspace', 'backspace', 'd', 'a', 'v', 'i', 'd']"
32,Danielle2.mp4,Danielle,,,
33,Danielle2.mp4,Danielle,1.0,danielle,"['d', 'a', 'n', 'i', 'l', 'e', 'backspace', 'backspace', 'e', 'l', 'l', 'e']"
34,David2.mp4,David,,,
35,David2.mp4,David,0.0,jacob,"['j', 'a', 'c', 'o', 'space', 'b', 'backspace', 'backspace', 'b', 'b', 'backspace', 'backspace', 'b']"
36,Dylan3.mp4,Dylan,,,
37,Dylan3.mp4,Dylan,0.0,mark,"['e', 't', 'h', 'a', 'n', 'backslash', 'backspace', 'backspace', 'backspace', 'backspace', 'backspace', 'm', 'a', 'r', 'k', 'return', 'space']"
38,Emily5.mp4,Emily,,,
39,Emily5.mp4,Emily,0.0,laurennnnnnn,"['h', 'a', 'backspace', 'backspace', 'a', 'backspace', 'l', 'a', 'u', 'r', 'n', 'backspace', 'e', 'n']"
40,Eric2.mp4,Eric,,,
41,Eric2.mp4,Eric,0.0,ethan,"['e', 't', 'h', 'a', 'n', 'return']"
42,Ethan2.mp4,Ethan,,,
43,Ethan2.mp4,Ethan,1.0,ethan,"['e', 't', 'h', 'a', 'n']"
44,Grace3.mp4,Grace,,,
45,Grace3.mp4,Grace,1.0,grace,"['g', 'r', 'a', 'c', 'e']"
46,Haley2.mp4,Haley,,,
47,Haley2.mp4,Haley,0.0,heather,"['h', 'e', 'a', 'l', 't', 'backspace', 'backspace', 't', 'h', 'e', 'r']"
48,Hannah2.mp4,Hannah,,,
49,Hannah2.mp4,Hannah,0.0,brittney,"['b', 'i', 'backspace', 'r', 'i', 't', 't', 'n', 'e', 'y']"
50,Heather3.mp4,Heather,,,
51,Heather3.mp4,Heather,0.0,michelle,"['m', 'i', 'h', 'backspace', 'c', 'h', 'e', 'l', 'l', 'e']"
52,Jacob3.mp4,Jacob,,,
53,Jacob3.mp4,Jacob,0.0,jackson,"['j', 'a', 'c', 'k', 's', 'o', 'n']"
54,Jason4.mp4,Jason,,,
55,Jason4.mp4,Jason,0.0,mark,"['m', 'a', 'r', 'k', 'return']"
56,Jenna4.mp4,Jenna,,,
57,Jenna4.mp4,Jenna,0.0,megan,"['m', 'e', 'g', 'a', 'b', 'backspace', 'n', 'capslock', 'a', 'backspace']"
58,Jeremy2.mp4,Jeremy,,,
59,Jeremy2.mp4,Jeremy,1.0,jeremy,"['j', 'e', 'r', 'e', 'm', 'e', 'y', 'backspace', 'backspace', 'y', 'return']"
60,Jessica2.mp4,Jessica,,,
61,Jessica2.mp4,Jessica,0.0,megan,"['m', 'e', 'g', 'a', 'n']"
62,Josh3.mp4,Josh,,,
63,Josh3.mp4,Josh,1.0,josh,"['j', 'o', 's', 'h']"
64,Julia2.mp4,Julia,,,
65,Julia2.mp4,Julia,1.0,julia,"['j', 'u', 'l', 'i', 'a']"
66,Justin2.mp4,Justin,,,
67,Justin2.mp4,Justin,1.0,justin,"['j', 'i', 'backspace', 'u', 's', 't', 'i', 'n', 'return']"
68,Katie2.mp4,Katie,,,
69,Katie2.mp4,Katie,1.0,katie,"['k', 'a', 't', 'i', 'e']"
70,Kayla3.mp4,Kayla,,,
71,Kayla3.mp4,Kayla,1.0,kayla,"['k', 'a', 'y', 'l', 'a', 'return', 'space', 'return']"
72,Kelsey2.mp4,Kelsey,,,
73,Kelsey2.mp4,Kelsey,1.0,kelsey,"['k', 'e', 'l', 's', 'e', 'y']"
74,Kevin2.mp4,Kevin,,,
75,Kevin2.mp4,Kevin,0.0,matthew,"['m', 'a', 't', 't', 'h', 'e', 'w']"
76,Kyle3.mp4,Kyle,,,
77,Kyle3.mp4,Kyle,0.0,matthew,"['m', 'a', 't', 't', 'h', 'e', 'w']"
78,Lauren4.mp4,Lauren,,,
79,Lauren4.mp4,Lauren,0.0,rachel,"['r', 'a', 'c', 'h', 'e', 'l']"
80,Mark3.mp4,Mark,,,
81,Mark3.mp4,Mark,1.0,mark,"['m', 'a', 'r', 'k', 'return']"
82,Matthew2.mp4,Matthew,,,
83,Matthew2.mp4,Matthew,0.0,kevin,"['k', 'e', 'v', 'i', 'n']"
84,Megan2.mp4,Megan,,,
85,Megan2.mp4,Megan,0.0,taylor,"['t', 'a', 'y', 'l', 't', 'backspace', 'p', 'backspace', 'o', 'r']"
86,Michael2.mp4,Michael,,,
87,Michael2.mp4,Michael,0.0,ethan,"['e', 'h', 'backspace', 't', 'h', 'n', 'backspace', 'n', 'a', 'space', 'backspace', 'backspace', 'backspace', 'a', 'n', 'space']"
88,Michelle2.mp4,Michelle,,,
89,Michelle2.mp4,Michelle,1.0,michelle,"['m', 'i', 'c', 'h', 'e', 'l', 'l', 'e', 'return']"
90,Natalie3.mp4,Natalie,,,
91,Natalie3.mp4,Natalie,0.0,taylor,"['t', 'a', 'y', 'l', 'r', 'backspace', 'o', 'r']"
92,Nathan3.mp4,Nathan,,,
93,Nathan3.mp4,Nathan,0.0,caleb,"['c', 'a', 'l', 'e', 'b']"
94,Nicole2.mp4,Nicole,,,
95,Nicole2.mp4,Nicole,1.0,nicole,"['n', 'i', 'c', 'o', 'l', 'e']"
96,Noah2.mp4,Noah,,,
97,Noah2.mp4,Noah,0.0,,None
98,Olivia3.mp4,Olivia,,,
99,Olivia3.mp4,Olivia,0.0,megan,"['m', 'e', 'g', 'a', 'n']"
100,Rachel3.mp4,Rachel,,,
101,Rachel3.mp4,Rachel,0.0,ashley,"['a', 's', 'h', 'e', 'l', 'y', 'backspace', 'backspace', 'backspace', 'l', 'e', 'y']"
102,Rebecca3.mp4,Rebecca,,,
103,Rebecca3.mp4,Rebecca,0.0,ashley,"['a', 's', 'h', 'l', 'e', 'y']"
104,Sarah2.mp4,Sarah,,,
105,Sarah2.mp4,Sarah,0.0,lauren,"['l', 'a', 'u', 'r', 'e', 'n']"
106,Shelby2.mp4,Shelby,,,
107,Shelby2.mp4,Shelby,0.0,sabrina,"['s', 'a', 'b', 't', 'i', 'backspace', 'backspace', 'r', 'i', 'n', 'a']"
108,Steven2.mp4,Steven,,,
109,Steven2.mp4,Steven,1.0,steven,"['d', 'backspace', 's', 't', 'e', 'e', 'backspace', 'e', 'backspace', 'v', 'e', 'n']"
110,Taylor4.mp4,Taylor,,,
111,Taylor4.mp4,Taylor,0.0,alyssa,"['a', 'l', 'y', 's', 's', 'a']"
112,Thomas2.mp4,Thomas,,,
113,Thomas2.mp4,Thomas,0.0,josh,"['j', 's', 'backspace', 'o', 's', 'h', 'rshift', 'question']"
114,Timothy3.mp4,Timothy,,,
115,Timothy3.mp4,Timothy,1.0,timothy,"['t', 'i', 'm', 'o', 't', 'h', 'y', 'return']"
116,Trevor2.mp4,Trevor,,,
117,Trevor2.mp4,Trevor,0.0,cody,"['c', 'o', 'd', 'y']"
118,Tyler3.mp4,Tyler,,,
119,Tyler3.mp4,Tyler,0.0,kyle,"['k', 'y', 'l', 'e']"
