,Video,Name,recallRating_AA,inputText,key_resp_3.keys
0,Aaron2.mp4,Aaron,,,
1,Aaron2.mp4,Aaron,0,ty,"['t', 'y']"
2,Adam4.mp4,Adam,,,
3,Adam4.mp4,Adam,1,adam,"['a', 'd', 'a', 'm']"
4,Alyssa3.mp4,Alyssa,,,
5,Alyssa3.mp4,Alyssa,0,,None
6,Amanda3.mp4,Amanda,,,
7,Amanda3.mp4,Amanda,1,amanda,"['a', 'm', 'a', 'n', 'd', 'a']"
8,Andrew2.mp4,Andrew,,,
9,Andrew2.mp4,Andrew,1,andrew,"['a', 'n', 'd', 'r', 'e', 'w']"
10,Anna3.mp4,Anna,,,
11,Anna3.mp4,Anna,0,sarah,"['s', 'a', 'r', 'a', 'h']"
12,Ashley3.mp4,Ashley,,,
13,Ashley3.mp4,Ashley,0,jasmine,"['j', 'a', 's', 'm', 'i', 'n', 'e']"
14,Bradley3.mp4,Bradley,,,
15,Bradley3.mp4,Bradley,1,bradley,"['b', 'r', 'a', 'd', 'e', 'l', 'backspace', 'backspace', 'l', 'e', 'y']"
16,Brandon2.mp4,Brandon,,,
17,Brandon2.mp4,Brandon,0,aaron,"['a', 'a', 'r', 'o', 'n']"
18,Brian2.mp4,Brian,,,
19,Brian2.mp4,Brian,0,b,['b']
20,Brianna2.mp4,Brianna,,,
21,Brianna2.mp4,Brianna,1,briann,"['b', 'r', 'i', 'a', 'n', 'n']"
22,Brittany2.mp4,Brittany,,,
23,Brittany2.mp4,Brittany,0,,None
24,Caleb5.mp4,Caleb,,,
25,Caleb5.mp4,Caleb,0,trevo,"['t', 'r', 'e', 'v', 'o', 'backspace', 'o']"
26,Cody2.mp4,Cody,,,
27,Cody2.mp4,Cody,0,mathew,"['m', 'a', 't', 'h', 'e', 'w']"
28,Courtney2.mp4,Courtney,,,
29,Courtney2.mp4,Courtney,1,courtney,"['c', 'o', 'u', 'r', 't', 'n', 'e', 'y']"
30,Daniel3.mp4,Daniel,,,
31,Daniel3.mp4,Daniel,1,daniel,"['d', 'a', 'n', 'e', 'backspace', 'i', 'e', 'l']"
32,Danielle2.mp4,Danielle,,,
33,Danielle2.mp4,Danielle,1,danielle,"['d', 'a', 'n', 'i', 'e', 'l', 'l', 'e']"
34,David2.mp4,David,,,
35,David2.mp4,David,0,mark,"['m', 'a', 'r', 'k']"
36,Dylan3.mp4,Dylan,,,
37,Dylan3.mp4,Dylan,0,,"['a', 'a', 'backspace', 'backspace']"
38,Emily5.mp4,Emily,,,
39,Emily5.mp4,Emily,1,emily,"['e', 'm', 'i', 'l', 'y']"
40,Eric2.mp4,Eric,,,
41,Eric2.mp4,Eric,0,justin,"['j', 'u', 's', 't', 'i', 'n']"
42,Ethan2.mp4,Ethan,,,
43,Ethan2.mp4,Ethan,0,eric,"['e', 'r', 'i', 'c']"
44,Grace3.mp4,Grace,,,
45,Grace3.mp4,Grace,0,,None
46,Haley2.mp4,Haley,,,
47,Haley2.mp4,Haley,0,jessica,"['j', 'e', 's', 's', 'i', 'c', 'a']"
48,Hannah2.mp4,Hannah,,,
49,Hannah2.mp4,Hannah,0,,None
50,Heather3.mp4,Heather,,,
51,Heather3.mp4,Heather,1,heather,"['h', 'e', 'a', 't', 'h', 'e', 'r', 'return', 'space']"
52,Jacob3.mp4,Jacob,,,
53,Jacob3.mp4,Jacob,1,jacob,"['j', 'a', 'c', 'o', 'b']"
54,Jason4.mp4,Jason,,,
55,Jason4.mp4,Jason,0,mark,"['m', 'a', 'k', 'r', 'backspace', 'backspace', 'r', 'k']"
56,Jenna4.mp4,Jenna,,,
57,Jenna4.mp4,Jenna,0,kelsey,"['k', 'e', 'l', 's', 'e', 'y']"
58,Jeremy2.mp4,Jeremy,,,
59,Jeremy2.mp4,Jeremy,1,jeremy,"['j', 'e', 'r', 'e', 'm', 'y']"
60,Jessica2.mp4,Jessica,,,
61,Jessica2.mp4,Jessica,0,kay,"['k', 'a', 'y']"
62,Josh3.mp4,Josh,,,
63,Josh3.mp4,Josh,1,josh,"['j', 'o', 's', 'h']"
64,Julia2.mp4,Julia,,,
65,Julia2.mp4,Julia,1,julia,"['j', 'u', 'l', 'i', 'a']"
66,Justin2.mp4,Justin,,,
67,Justin2.mp4,Justin,0,noah,"['n', 'o', 'a', 'h']"
68,Katie2.mp4,Katie,,,
69,Katie2.mp4,Katie,0,kayla,"['k', 'a', 'y', 'l', 'a']"
70,Kayla3.mp4,Kayla,,,
71,Kayla3.mp4,Kayla,0,,None
72,Kelsey2.mp4,Kelsey,,,
73,Kelsey2.mp4,Kelsey,0,rachel,"['r', 'a', 'c', 'h', 'e', 'l']"
74,Kevin2.mp4,Kevin,,,
75,Kevin2.mp4,Kevin,0,adam,"['a', 'd', 'a', 'm']"
76,Kyle3.mp4,Kyle,,,
77,Kyle3.mp4,Kyle,1,kyle,"['k', 'y', 'l', 'e']"
78,Lauren4.mp4,Lauren,,,
79,Lauren4.mp4,Lauren,0,hannah,"['h', 'a', 'n', 'n', 'a', 'h']"
80,Mark3.mp4,Mark,,,
81,Mark3.mp4,Mark,0,tyler,"['t', 'y', 'l', 'e', 'r']"
82,Matthew2.mp4,Matthew,,,
83,Matthew2.mp4,Matthew,0,bria,"['b', 'r', 'i', 'a', 'n', 'f13', 'f13', 'backspace']"
84,Megan2.mp4,Megan,,,
85,Megan2.mp4,Megan,1,megan,"['m', 'e', 'g', 'a', 'n']"
86,Michael2.mp4,Michael,,,
87,Michael2.mp4,Michael,0,m,['m']
88,Michelle2.mp4,Michelle,,,
89,Michelle2.mp4,Michelle,0,,None
90,Natalie3.mp4,Natalie,,,
91,Natalie3.mp4,Natalie,0,olivia,"['o', 'l', 'i', 'v', 'i', 'a']"
92,Nathan3.mp4,Nathan,,,
93,Nathan3.mp4,Nathan,0,,"['j', 'backspace']"
94,Nicole2.mp4,Nicole,,,
95,Nicole2.mp4,Nicole,1,nicole,"['n', 'i', 'c', 'o', 'l', 'e']"
96,Noah2.mp4,Noah,,,
97,Noah2.mp4,Noah,0,dy,"['d', 'y']"
98,Olivia3.mp4,Olivia,,,
99,Olivia3.mp4,Olivia,0,,None
100,Rachel3.mp4,Rachel,,,
101,Rachel3.mp4,Rachel,1,rachel,"['r', 'a', 'c', 'h', 'e', 'l']"
102,Rebecca3.mp4,Rebecca,,,
103,Rebecca3.mp4,Rebecca,1,rebecca,"['r', 'e', 'b', 'e', 'c', 'c', 'a']"
104,Sarah2.mp4,Sarah,,,
105,Sarah2.mp4,Sarah,0,amanda,"['a', 'm', 'a', 'n', 'd', 'a']"
106,Shelby2.mp4,Shelby,,,
107,Shelby2.mp4,Shelby,0,sar,"['s', 'a', 'r']"
108,Steven2.mp4,Steven,,,
109,Steven2.mp4,Steven,1,steven,"['s', 't', 'e', 'v', 'e', 'n']"
110,Taylor4.mp4,Taylor,,,
111,Taylor4.mp4,Taylor,1,taylor,"['t', 'a', 'y', 'l', 'o', 'r']"
112,Thomas2.mp4,Thomas,,,
113,Thomas2.mp4,Thomas,0,michael,"['m', 'i', 'c', 'h', 'a', 'e', 'l']"
114,Timothy3.mp4,Timothy,,,
115,Timothy3.mp4,Timothy,0,nathan,"['n', 'a', 't', 'h', 'a', 'n']"
116,Trevor2.mp4,Trevor,,,
117,Trevor2.mp4,Trevor,1,trevor,"['t', 'r', 'e', 'v', 'o', 'r']"
118,Tyler3.mp4,Tyler,,,
119,Tyler3.mp4,Tyler,0,brandon,"['b', 'r', 'a', 'n', 'd', 'o', 'n']"