,Video,Name,recallRating_AA,inputText,key_resp_3.keys
68,Aaron2.mp4,Aaron,,,
70,Aaron2.mp4,Aaron,0,brad,"['b', 'r', 'a', 'd']"
46,Adam4.mp4,Adam,,,
50,Adam4.mp4,Adam,0,,None
86,Alyssa3.mp4,Alyssa,,,
91,Alyssa3.mp4,Alyssa,0,elisabeth,"['e', 'l', 'i', 's', 'a', 'b', 'e', 't', 'h']"
6,Amanda3.mp4,Amanda,,,
13,Amanda3.mp4,Amanda,0,kate,"['k', 'a', 't', 'e']"
108,Andrew2.mp4,Andrew,,,
114,Andrew2.mp4,Andrew,0,ethan,"['e', 't', 'h', 'a', 'n']"
26,Anna3.mp4,Anna,,,
31,Anna3.mp4,Anna,1,anna,"['a', 'n', 'n', 'a']"
21,Ashley3.mp4,Ashley,,,
30,Ashley3.mp4,Ashley,0,kayla,"['k', 'a', 'y', 'l', 'a']"
67,Bradley3.mp4,Bradley,,,
79,Bradley3.mp4,Bradley,0,cody,"['c', 'o', 'd', 'y']"
109,Brandon2.mp4,Brandon,,,
118,Brandon2.mp4,Brandon,0,,None
62,Brian2.mp4,Brian,,,
72,Brian2.mp4,Brian,0,brock,"['b', 'r', 'o', 'c', 'k']"
8,Brianna2.mp4,Brianna,,,
14,Brianna2.mp4,Brianna,1,brianna,"['b', 'r', 'i', 'a', 'n', 'n', 'a']"
23,Brittany2.mp4,Brittany,,,
38,Brittany2.mp4,Brittany,0,emma,"['e', 'm', 'm', 'a']"
100,Caleb5.mp4,Caleb,,,
117,Caleb5.mp4,Caleb,0,mark,"['m', 'a', 'r', 'k']"
63,Cody2.mp4,Cody,,,
74,Cody2.mp4,Cody,0,,None
1,Courtney2.mp4,Courtney,,,
16,Courtney2.mp4,Courtney,0,shelby,"['s', 'h', 'e', 'l', 'b', 'y']"
61,Daniel3.mp4,Daniel,,,
75,Daniel3.mp4,Daniel,1,daniel,"['d', 'a', 'n', 'i', 'e', 'l']"
83,Danielle2.mp4,Danielle,,,
99,Danielle2.mp4,Danielle,0,emily,"['e', 'm', 'i', 'l', 'y']"
47,David2.mp4,David,,,
55,David2.mp4,David,0,,None
41,Dylan3.mp4,Dylan,,,
52,Dylan3.mp4,Dylan,0,brandon,"['b', 'r', 'a', 'n', 'd', 'o', 'n']"
89,Emily5.mp4,Emily,,,
95,Emily5.mp4,Emily,0,olivia,"['o', 'l', 'i', 'v', 'i', 'a']"
45,Eric2.mp4,Eric,,,
53,Eric2.mp4,Eric,1,eric,"['e', 'r', 'i', 'c']"
102,Ethan2.mp4,Ethan,,,
112,Ethan2.mp4,Ethan,0,kevin,"['k', 'e', 'v', 'i', 'n']"
85,Grace3.mp4,Grace,,,
93,Grace3.mp4,Grace,1,grace,"['g', 'r', 'a', 'c', 'e']"
3,Haley2.mp4,Haley,,,
10,Haley2.mp4,Haley,0,shelby,"['s', 'h', 'e', 'semicolon', 'l', 'b', 'y', 'space']"
0,Hannah2.mp4,Hannah,,,
11,Hannah2.mp4,Hannah,0,aa,"['a', 'a']"
87,Heather3.mp4,Heather,,,
90,Heather3.mp4,Heather,1,heather,"['h', 'e', 'a', 't', 'h', 'e', 'r']"
40,Jacob3.mp4,Jacob,,,
51,Jacob3.mp4,Jacob,0,dylan,"['d', 'y', 'l', 'a', 'n']"
43,Jason4.mp4,Jason,,,
57,Jason4.mp4,Jason,0,,None
80,Jenna4.mp4,Jenna,,,
92,Jenna4.mp4,Jenna,0,danielle,"['d', 'a', 'n', 'e', 'backspace', 'i', 'e', 'l', 'l', 'e']"
103,Jeremy2.mp4,Jeremy,,,
113,Jeremy2.mp4,Jeremy,1,jeremy,"['j', 'e', 'r', 'e', 'm', 'y']"
7,Jessica2.mp4,Jessica,,,
17,Jessica2.mp4,Jessica,0,,None
42,Josh3.mp4,Josh,,,
56,Josh3.mp4,Josh,0,noah,"['n', 'o', 'a', 'h']"
4,Julia2.mp4,Julia,,,
15,Julia2.mp4,Julia,0,lauren,"['l', 'a', 'u', 'r', 'e', 'n']"
48,Justin2.mp4,Justin,,,
54,Justin2.mp4,Justin,0,,None
84,Katie2.mp4,Katie,,,
96,Katie2.mp4,Katie,1,katie,"['k', 'a', 't', 'i', 'e']"
24,Kayla3.mp4,Kayla,,,
32,Kayla3.mp4,Kayla,1,kayla,"['k', 'a', 'y', 'l', 'a']"
27,Kelsey2.mp4,Kelsey,,,
34,Kelsey2.mp4,Kelsey,0,ashley,"['a', 'a', 'backspace', 's', 'h', 'l', 'e', 'y']"
101,Kevin2.mp4,Kevin,,,
116,Kevin2.mp4,Kevin,0,caleb,"['c', 'a', 'l', 'e', 'b']"
104,Kyle3.mp4,Kyle,,,
110,Kyle3.mp4,Kyle,0,ethan,"['e', 't', 'h', 'a', 'n']"
5,Lauren4.mp4,Lauren,,,
12,Lauren4.mp4,Lauren,0,hannah,"['h', 'a', 'n', 'n', 'a', 'h']"
105,Mark3.mp4,Mark,,,
111,Mark3.mp4,Mark,0,kyle,"['k', 'y', 'l', 'e']"
107,Matthew2.mp4,Matthew,,,
115,Matthew2.mp4,Matthew,0,brandon,"['b', 'r', 'a', 'n', 'd', 'o', 'm', 'backspace', 'n']"
2,Megan2.mp4,Megan,,,
18,Megan2.mp4,Megan,0,hannah,"['h', 'a', 'n', 'n', 'a', 'h']"
44,Michael2.mp4,Michael,,,
59,Michael2.mp4,Michael,1,micheal,"['m', 'i', 'c', 'h', 'e', 'a', 'l']"
81,Michelle2.mp4,Michelle,,,
94,Michelle2.mp4,Michelle,1,michelle,"['m', 'i', 'c', 'h', 'e', 'l', 'l', 'e']"
25,Natalie3.mp4,Natalie,,,
36,Natalie3.mp4,Natalie,0,sarah,"['s', 'a', 'r', 'a', 'h']"
60,Nathan3.mp4,Nathan,,,
77,Nathan3.mp4,Nathan,1,nathan,"['n', 'a', 't', 'h', 'a', 'n']"
22,Nicole2.mp4,Nicole,,,
35,Nicole2.mp4,Nicole,1,nicole,"['n', 'i', 'c', 'o', 'l', 'e']"
49,Noah2.mp4,Noah,,,
58,Noah2.mp4,Noah,0,,None
88,Olivia3.mp4,Olivia,,,
97,Olivia3.mp4,Olivia,0,emily,"['e', 'm', 'i', 'l', 'y']"
20,Rachel3.mp4,Rachel,,,
39,Rachel3.mp4,Rachel,0,,None
82,Rebecca3.mp4,Rebecca,,,
98,Rebecca3.mp4,Rebecca,1,rebecca,"['r', 'e', 'b', 'e', 'c', 'c', 'a']"
28,Sarah2.mp4,Sarah,,,
37,Sarah2.mp4,Sarah,0,,None
9,Shelby2.mp4,Shelby,,,
19,Shelby2.mp4,Shelby,0,,None
65,Steven2.mp4,Steven,,,
71,Steven2.mp4,Steven,0,bradley,"['b', 'r', 'a', 'd', 'l', 'e', 'y']"
29,Taylor4.mp4,Taylor,,,
33,Taylor4.mp4,Taylor,1,taylor,"['t', 'r', 'backspace', 'a', 'y', 'l', 'o', 'r']"
106,Thomas2.mp4,Thomas,,,
119,Thomas2.mp4,Thomas,0,kevin,"['k', 'e', 'v', 'i', 'n']"
66,Timothy3.mp4,Timothy,,,
73,Timothy3.mp4,Timothy,1,timothee,"['t', 'i', 'm', 'o', 't', 'h', 'e', 'e']"
69,Trevor2.mp4,Trevor,,,
78,Trevor2.mp4,Trevor,0,cody,"['c', 'o', 'd', 'y']"
64,Tyler3.mp4,Tyler,,,
76,Tyler3.mp4,Tyler,0,,None