,Video,Name,recallRating_AA,inputText,key_resp_3.keys
0,Aaron2.mp4,Aaron,,,
1,Aaron2.mp4,Aaron,0,,"['m', 'a', 'backspace', 'backspace']"
2,Adam4.mp4,Adam,,,
3,Adam4.mp4,Adam,0,kyle,"['k', 'y', 'l', 'e']"
4,Alyssa3.mp4,Alyssa,,,
5,Alyssa3.mp4,Alyssa,1,Alyssa,"['lshift', 'a', 'l', 'y', 's', 's', 'a', 'return']"
6,Amanda3.mp4,Amanda,,,
7,Amanda3.mp4,Amanda,0,Britanny,"['lshift', 'b', 'r', 'i', 't', 'a', 'n', 'n', 'y', 'return', 'space', 'space', 'return']"
8,Andrew2.mp4,Andrew,,,
9,Andrew2.mp4,Andrew,0,,None
10,Anna3.mp4,Anna,,,
11,Anna3.mp4,Anna,0,Danielle,"['lshift', 'd', 'a', 'n', 'i', 'e', 'l', 'l', 'e']"
12,Ashley3.mp4,Ashley,,,
13,Ashley3.mp4,Ashley,0,jenna,"['j', 'e', 'n', 'n', 'a']"
14,Bradley3.mp4,Bradley,,,
15,Bradley3.mp4,Bradley,0,Jacob,"['lshift', 'j', 'a', 'c', 'o', 'b']"
16,Brandon2.mp4,Brandon,,,
17,Brandon2.mp4,Brandon,0,,None
18,Brian2.mp4,Brian,,,
19,Brian2.mp4,Brian,0,jacbo,"['a', 'j', 'backspace', 'backspace', 'j', 'a', 'c', 'b', 'o']"
20,Brianna2.mp4,Brianna,,,
21,Brianna2.mp4,Brianna,0,,None
22,Brittany2.mp4,Brittany,,,
23,Brittany2.mp4,Brittany,0,sarah,"['lshift', 'a', 'l', 'y', 's', 'backspace', 'backspace', 'backspace', 'backspace', 's', 'a', 'r', 'a', 'h', 'return']"
24,Caleb5.mp4,Caleb,,,
25,Caleb5.mp4,Caleb,0,Andrew,"['lshift', 'a', 'n', 'd', 'r', 'e', 'w', 'return']"
26,Cody2.mp4,Cody,,,
27,Cody2.mp4,Cody,0,,None
28,Courtney2.mp4,Courtney,,,
29,Courtney2.mp4,Courtney,0,,"['lshift', 'k', 'backspace']"
30,Daniel3.mp4,Daniel,,,
31,Daniel3.mp4,Daniel,0,adam,"['a', 'd', 'a', 'm']"
32,Danielle2.mp4,Danielle,,,
33,Danielle2.mp4,Danielle,0,Anna,"['lshift', 'a', 'n', 'n', 'a']"
34,David2.mp4,David,,,
35,David2.mp4,David,0,aaron,"['a', 'a', 'r', 'o', 'n']"
36,Dylan3.mp4,Dylan,,,
37,Dylan3.mp4,Dylan,0,m,"['m', 'a', 'r', 'backspace', 'backspace']"
38,Emily5.mp4,Emily,,,
39,Emily5.mp4,Emily,0,Erica,"['lshift', 'e', 'r', 'i', 'c', 'a', 'return']"
40,Eric2.mp4,Eric,,,
41,Eric2.mp4,Eric,0,David,"['lshift', 'd', 'a', 'v', 'i', 'd']"
42,Ethan2.mp4,Ethan,,,
43,Ethan2.mp4,Ethan,0,Evan,"['lshift', 'e', 'v', 'n', 'a', 'backspace', 'backspace', 'a', 'n']"
44,Grace3.mp4,Grace,,,
45,Grace3.mp4,Grace,0,kelsey,"['k', 'e', 'l', 's', 'e', 'y', 'backspace', 'y']"
46,Haley2.mp4,Haley,,,
47,Haley2.mp4,Haley,0,Alys,"['lshift', 'a', 'l', 'y', 's']"
48,Hannah2.mp4,Hannah,,,
49,Hannah2.mp4,Hannah,0,Lauren,"['lshift', 'j', 'backspace', 'lshift', 'l', 'a', 'u', 'r', 'e', 'n', 'space']"
50,Heather3.mp4,Heather,,,
51,Heather3.mp4,Heather,0,Rach,"['lshift', 'r', 'a', 'c', 'h', 'e', 'l', 'backspace', 'backspace']"
52,Jacob3.mp4,Jacob,,,
53,Jacob3.mp4,Jacob,0,jason,"['j', 'a', 'backspace', 'backspace', 'j', 'a', 's', 'o', 'n', 'space', 'return']"
54,Jason4.mp4,Jason,,,
55,Jason4.mp4,Jason,0,,None
56,Jenna4.mp4,Jenna,,,
57,Jenna4.mp4,Jenna,0,britanny,"['b', 'r', 'i', 't', 'a', 'n', 'n', 'y']"
58,Jeremy2.mp4,Jeremy,,,
59,Jeremy2.mp4,Jeremy,0,noah,"['n', 'o', 'a', 'h', 'space']"
60,Jessica2.mp4,Jessica,,,
61,Jessica2.mp4,Jessica,0,,None
62,Josh3.mp4,Josh,,,
63,Josh3.mp4,Josh,0,,None
64,Julia2.mp4,Julia,,,
65,Julia2.mp4,Julia,0,Anna,"['lshift', 'a', 'n', 'n', 'a']"
66,Justin2.mp4,Justin,,,
67,Justin2.mp4,Justin,0,brian,"['b', 'r', 'i', 'a', 'n', 'space']"
68,Katie2.mp4,Katie,,,
69,Katie2.mp4,Katie,0,,None
70,Kayla3.mp4,Kayla,,,
71,Kayla3.mp4,Kayla,0,,None
72,Kelsey2.mp4,Kelsey,,,
73,Kelsey2.mp4,Kelsey,0,Grace,"['lshift', 'g', 'r', 'a', 'c', 'e']"
74,Kevin2.mp4,Kevin,,,
75,Kevin2.mp4,Kevin,1,kevin,"['z', 'backspace', 'k', 'e', 'v', 'i', 'n', 'space', 'space', 'space', 'space', 'space', 'space', 'return', 'return', 'return', 'space', 'space', 'space', 'space', 'space', 'space', 'space', 'space', 'space', 'space', 'space', 'space', 'space', 'space', 'space', 'space']"
76,Kyle3.mp4,Kyle,,,
77,Kyle3.mp4,Kyle,1,kyle,"['k', 'y', 'l', 'e', 'w', 'backspace']"
78,Lauren4.mp4,Lauren,,,
79,Lauren4.mp4,Lauren,0,Heather,"['lshift', 'lshift', 'h', 'e', 'a', 't', 'h', 'e', 'r', 'space']"
80,Mark3.mp4,Mark,,,
81,Mark3.mp4,Mark,1,Mark,"['lshift', 'm', 'a', 'r', 'k', 'return']"
82,Matthew2.mp4,Matthew,,,
83,Matthew2.mp4,Matthew,1,Matthew,"['lshift', 'm', 'a', 't', 't', 'h', 'e', 'w', 'space', 'return', 'space', 'return', 'space', 'return', 'space', 'return', 'space', 'return', 'return', 'space', 'space']"
84,Megan2.mp4,Megan,,,
85,Megan2.mp4,Megan,0,amanda,"['a', 'm', 'a', 'n', 'd', 'a', 'return', 'space', 'space', 'return']"
86,Michael2.mp4,Michael,,,
87,Michael2.mp4,Michael,0,,None
88,Michelle2.mp4,Michelle,,,
89,Michelle2.mp4,Michelle,0,emily,"['lshift', 'b', 'r', 'i', 't', 'a', 'n', 'backspace', 'backspace', 'backspace', 't', 'backspace', 'backspace', 'backspace', 'backspace', 'e', 'm', 'i', 'l', 'y']"
90,Natalie3.mp4,Natalie,,,
91,Natalie3.mp4,Natalie,0,,None
92,Nathan3.mp4,Nathan,,,
93,Nathan3.mp4,Nathan,0,,None
94,Nicole2.mp4,Nicole,,,
95,Nicole2.mp4,Nicole,0,Anna,"['lshift', 'a', 'n', 'n', 'a', 'space']"
96,Noah2.mp4,Noah,,,
97,Noah2.mp4,Noah,0,cody,"['c', 'o', 'd', 'y', 'space', 'left']"
98,Olivia3.mp4,Olivia,,,
99,Olivia3.mp4,Olivia,0,Anna,"['lshift', 'a', 'n', 'n', 'a']"
100,Rachel3.mp4,Rachel,,,
101,Rachel3.mp4,Rachel,0,Ashley,"['lshift', 'a', 's', 'h', 'l', 'e', 'y']"
102,Rebecca3.mp4,Rebecca,,,
103,Rebecca3.mp4,Rebecca,0,Olivia,"['lshift', 'o', 'l', 'i', 'v', 'i', 'a']"
104,Sarah2.mp4,Sarah,,,
105,Sarah2.mp4,Sarah,0,Stacy,"['lshift', 's', 't', 'a', 'c', 'y', 'space']"
106,Shelby2.mp4,Shelby,,,
107,Shelby2.mp4,Shelby,1,Shelby,"['lshift', 's', 'h', 'e', 'l', 'b', 'y', 'space', 'return']"
108,Steven2.mp4,Steven,,,
109,Steven2.mp4,Steven,0,Trevor,"['lshift', 't', 'r', 'e', 'v', 'o', 'r']"
110,Taylor4.mp4,Taylor,,,
111,Taylor4.mp4,Taylor,0,Amanda,"['lshift', 'a', 'm', 'a', 'n', 'd', 'a', 'space', 'return']"
112,Thomas2.mp4,Thomas,,,
113,Thomas2.mp4,Thomas,0,,None
114,Timothy3.mp4,Timothy,,,
115,Timothy3.mp4,Timothy,0,Andrew,"['lshift', 'a', 'n', 'd', 'r', 'e', 'w', 'space']"
116,Trevor2.mp4,Trevor,,,
117,Trevor2.mp4,Trevor,0,,"['m', 'a', 'r', 'k', 'backspace', 'backspace', 'backspace', 'backspace', 'backspace']"
118,Tyler3.mp4,Tyler,,,
119,Tyler3.mp4,Tyler,0,,None