condsBlockFile,Video,Name,inputText,key_resp_3.keys,recallRating_A
Male2Block.csv,Aaron2.mp4,Aaron,,,
Male2Block.csv,Aaron2.mp4,Aaron,,"['rshift', 'j', 'a', 'backspace', 'backspace']",0
Male1Block.csv,Adam4.mp4,Adam,,,
Male1Block.csv,Adam4.mp4,Adam,adam,"['a', 'd', 'a', 'm', 'return']",1
Fem1Block.csv,Alyssa3.mp4,Alyssa,,,
Fem1Block.csv,Alyssa3.mp4,Alyssa,Haley,"['rshift', 'h', 'a', 'l', 'e', 'y']",0
Fem3Block.csv,Amanda3.mp4,Amanda,,,
Fem3Block.csv,Amanda3.mp4,Amanda,Amanda,"['rshift', 'a', 'm', 'a', 'n', 'd', 'a']",1
Male1Block.csv,Andrew2.mp4,Andrew,,,
Male1Block.csv,Andrew2.mp4,Andrew,Andrew,"['rshift', 'a', 'n', 'd', 'r', 'e', 'w']",1
Fem1Block.csv,Anna3.mp4,Anna,,,
Fem1Block.csv,Anna3.mp4,Anna,Anna,"['rshift', 'a', 'n', 'n', 'a']",1
Fem1Block.csv,Ashley3.mp4,Ashley,,,
Fem1Block.csv,Ashley3.mp4,Ashley,Ashley,"['rshift', 'a', 's', 'h', 'l', 'e', 'y']",1
Male3Block.csv,Bradley3.mp4,Bradley,,,
Male3Block.csv,Bradley3.mp4,Bradley,Bradley,"['rshift', 'b', 'r', 'a', 'd', 'l', 'e', 'y']",1
Male3Block.csv,Brandon2.mp4,Brandon,,,
Male3Block.csv,Brandon2.mp4,Brandon,Justin,"['rshift', 'j', 'u', 's', 't', 'i', 'n']",0
Male2Block.csv,Brian2.mp4,Brian,,,
Male2Block.csv,Brian2.mp4,Brian,,None,0
Fem3Block.csv,Brianna2.mp4,Brianna,,,
Fem3Block.csv,Brianna2.mp4,Brianna,Brianna,"['rshift', 'b', 'r', 'i', 'a', 'n', 'n', 'a']",1
Fem2Block.csv,Brittany2.mp4,Brittany,,,
Fem2Block.csv,Brittany2.mp4,Brittany,,None,0
Male2Block.csv,Caleb5.mp4,Caleb,,,
Male2Block.csv,Caleb5.mp4,Caleb,Caleb,"['rshift', 'c', 'a', 'l', 'e', 'b']",1
Male1Block.csv,Cody2.mp4,Cody,,,
Male1Block.csv,Cody2.mp4,Cody,Cody,"['rshift', 'c', 'o', 'd', 'y']",1
Fem1Block.csv,Courtney2.mp4,Courtney,,,
Fem1Block.csv,Courtney2.mp4,Courtney,Courtney,"['rshift', 'c', 'o', 'u', 'r', 't', 'n', 'e', 'y']",1
Male3Block.csv,Daniel3.mp4,Daniel,,,
Male3Block.csv,Daniel3.mp4,Daniel,Matthew,"['rshift', 'm', 'a', 't', 't', 'h', 'e', 'w']",0
Fem1Block.csv,Danielle2.mp4,Danielle,,,
Fem1Block.csv,Danielle2.mp4,Danielle,Danielle,"['rshift', 'd', 'a', 'n', 'i', 'e', 'l', 'l', 'e']",1
Male1Block.csv,David2.mp4,David,,,
Male1Block.csv,David2.mp4,David,Cody,"['rshift', 'c', 'o', 'd', 'y']",0
Male1Block.csv,Dylan3.mp4,Dylan,,,
Male1Block.csv,Dylan3.mp4,Dylan,Max,"['rshift', 'm', 'a', 'x']",0
Fem2Block.csv,Emily5.mp4,Emily,,,
Fem2Block.csv,Emily5.mp4,Emily,Emily,"['rshift', 'e', 'm', 'i', 'l', 'y']",1
Male1Block.csv,Eric2.mp4,Eric,,,
Male1Block.csv,Eric2.mp4,Eric,dillon,"['d', 'i', 'l', 'l', 'o', 'n', 'return']",0
Male2Block.csv,Ethan2.mp4,Ethan,,,
Male2Block.csv,Ethan2.mp4,Ethan,Ethan,"['rshift', 'e', 't', 'h', 'a', 'n']",1
Fem1Block.csv,Grace3.mp4,Grace,,,
Fem1Block.csv,Grace3.mp4,Grace,Grace,"['rshift', 'g', 'r', 'a', 'c', 'e']",1
Fem1Block.csv,Haley2.mp4,Haley,,,
Fem1Block.csv,Haley2.mp4,Haley,,None,0
Fem2Block.csv,Hannah2.mp4,Hannah,,,
Fem2Block.csv,Hannah2.mp4,Hannah,Jessica,"['rshift', 'j', 'e', 's', 's', 'i', 'c', 'a']",0
Fem3Block.csv,Heather3.mp4,Heather,,,
Fem3Block.csv,Heather3.mp4,Heather,Heather,"['rshift', 'h', 'e', 'a', 't', 'h', 'e', 'r']",1
Male2Block.csv,Jacob3.mp4,Jacob,,,
Male2Block.csv,Jacob3.mp4,Jacob,Jacob,"['rshift', 'j', 'a', 'c', 'o', 'b']",1
Male3Block.csv,Jason4.mp4,Jason,,,
Male3Block.csv,Jason4.mp4,Jason,Mark,"['rshift', 'm', 'a', 'r', 'k']",0
Fem2Block.csv,Jenna4.mp4,Jenna,,,
Fem2Block.csv,Jenna4.mp4,Jenna,,None,0
Male2Block.csv,Jeremy2.mp4,Jeremy,,,
Male2Block.csv,Jeremy2.mp4,Jeremy,,None,0
Fem1Block.csv,Jessica2.mp4,Jessica,,,
Fem1Block.csv,Jessica2.mp4,Jessica,Jessica,"['rshift', 'j', 'e', 's', 's', 'i', 'c', 'a']",1
Male1Block.csv,Josh3.mp4,Josh,,,
Male1Block.csv,Josh3.mp4,Josh,Josh,"['j', 'o', 's', 'h', 'backspace', 'backspace', 'backspace', 'backspace', 'rshift', 'j', 'o', 's', 'h']",1
Fem3Block.csv,Julia2.mp4,Julia,,,
Fem3Block.csv,Julia2.mp4,Julia,Julia,"['rshift', 'j', 'u', 'l', 'i', 'a']",1
Male3Block.csv,Justin2.mp4,Justin,,,
Male3Block.csv,Justin2.mp4,Justin,,"['rshift', 'j', 'u', 'backspace', 'backspace']",0
Fem3Block.csv,Katie2.mp4,Katie,,,
Fem3Block.csv,Katie2.mp4,Katie,Katie,"['rshift', 'k', 'a', 't', 'i', 'e']",1
Fem3Block.csv,Kayla3.mp4,Kayla,,,
Fem3Block.csv,Kayla3.mp4,Kayla,Kayla,"['rshift', 'k', 'a', 'y', 'l', 'a']",1
Fem1Block.csv,Kelsey2.mp4,Kelsey,,,
Fem1Block.csv,Kelsey2.mp4,Kelsey,Chelsea,"['rshift', 'c', 'h', 'e', 'l', 's', 'e', 'a']",0
Male1Block.csv,Kevin2.mp4,Kevin,,,
Male1Block.csv,Kevin2.mp4,Kevin,Kevin,"['rshift', 'k', 'e', 'v', 'i', 'n']",1
Male2Block.csv,Kyle3.mp4,Kyle,,,
Male2Block.csv,Kyle3.mp4,Kyle,Kyle,"['rshift', 'k', 'y', 'l', 'e']",1
Fem2Block.csv,Lauren4.mp4,Lauren,,,
Fem2Block.csv,Lauren4.mp4,Lauren,Sarah,"['rshift', 's', 'a', 'r', 'a', 'h']",0
Male3Block.csv,Mark3.mp4,Mark,,,
Male3Block.csv,Mark3.mp4,Mark,,None,0
Male3Block.csv,Matthew2.mp4,Matthew,,,
Male3Block.csv,Matthew2.mp4,Matthew,Kyle,"['rshift', 'k', 'y', 'l', 'e']",0
Fem3Block.csv,Megan2.mp4,Megan,,,
Fem3Block.csv,Megan2.mp4,Megan,,"['rshift', 'j', 'u', 'l', 'backspace', 'backspace', 'backspace']",0
Male1Block.csv,Michael2.mp4,Michael,,,
Male1Block.csv,Michael2.mp4,Michael,Adam,"['rshift', 'a', 'd', 'a', 'm']",0
Fem3Block.csv,Michelle2.mp4,Michelle,,,
Fem3Block.csv,Michelle2.mp4,Michelle,Michelle,"['rshift', 'm', 'i', 'c', 'h', 'e', 'l', 'l', 'e']",1
Fem2Block.csv,Natalie3.mp4,Natalie,,,
Fem2Block.csv,Natalie3.mp4,Natalie,Olivia,"['rshift', 'o', 'l', 'i', 'v', 'i', 'a']",0
Male3Block.csv,Nathan3.mp4,Nathan,,,
Male3Block.csv,Nathan3.mp4,Nathan,Nathan,"['rshift', 'n', 'a', 't', 'h', 'a', 'n']",1
Fem3Block.csv,Nicole2.mp4,Nicole,,,
Fem3Block.csv,Nicole2.mp4,Nicole,,None,0
Male1Block.csv,Noah2.mp4,Noah,,,
Male1Block.csv,Noah2.mp4,Noah,Eric,"['rshift', 'e', 'r', 'i', 'c']",0
Fem2Block.csv,Olivia3.mp4,Olivia,,,
Fem2Block.csv,Olivia3.mp4,Olivia,Jessica,"['rshift', 'j', 'e', 's', 's', 'i', 'c', 'a']",0
Fem2Block.csv,Rachel3.mp4,Rachel,,,
Fem2Block.csv,Rachel3.mp4,Rachel,,None,0
Fem2Block.csv,Rebecca3.mp4,Rebecca,,,
Fem2Block.csv,Rebecca3.mp4,Rebecca,Rebecca,"['rshift', 'r', 'e', 'b', 'e', 'c', 'c', 'a']",1
Fem1Block.csv,Sarah2.mp4,Sarah,,,
Fem1Block.csv,Sarah2.mp4,Sarah,Sarah,"['rshift', 's', 'a', 'r', 'a', 'h']",1
Fem2Block.csv,Shelby2.mp4,Shelby,,,
Fem2Block.csv,Shelby2.mp4,Shelby,Natalie,"['rshift', 'n', 'a', 't', 'a', 'l', 'i', 'e']",0
Male3Block.csv,Steven2.mp4,Steven,,,
Male3Block.csv,Steven2.mp4,Steven,Stevan,"['rshift', 's', 't', 'e', 'v', 'e', 'n', 'backspace', 'backspace', 'a', 'n']",1
Fem3Block.csv,Taylor4.mp4,Taylor,,,
Fem3Block.csv,Taylor4.mp4,Taylor,Taylor,"['rshift', 't', 'a', 'y', 'l', 'o', 'r']",1
Male3Block.csv,Thomas2.mp4,Thomas,,,
Male3Block.csv,Thomas2.mp4,Thomas,Mark,"['rshift', 'm', 'a', 'r', 'k']",0
Male2Block.csv,Timothy3.mp4,Timothy,,,
Male2Block.csv,Timothy3.mp4,Timothy,Timothy,"['rshift', 't', 'i', 'm', 'o', 't', 'h', 'y']",1
Male2Block.csv,Trevor2.mp4,Trevor,,,
Male2Block.csv,Trevor2.mp4,Trevor,Trevor,"['rshift', 't', 'r', 'e', 'v', 'o', 'r']",1
Male2Block.csv,Tyler3.mp4,Tyler,,,
Male2Block.csv,Tyler3.mp4,Tyler,Brian,"['rshift', 'b', 'r', 'i', 'a', 'n']",0