condsBlockFile,Video,Name,inputText,key_resp_3.keys,recallRating_A
Male2Block.csv,Aaron2.mp4,Aaron,,,
Male2Block.csv,Aaron2.mp4,Aaron,,None,0
Male3Block.csv,Adam4.mp4,Adam,,,
Male3Block.csv,Adam4.mp4,Adam,adam,"['a', 'd', 'a', 'm']",1
Fem1Block.csv,Alyssa3.mp4,Alyssa,,,
Fem1Block.csv,Alyssa3.mp4,Alyssa,alyssa,"['a', 'l', 'y', 's', 's', 'a']",1
Fem2Block.csv,Amanda3.mp4,Amanda,,,
Fem2Block.csv,Amanda3.mp4,Amanda,,None,0
Male3Block.csv,Andrew2.mp4,Andrew,,,
Male3Block.csv,Andrew2.mp4,Andrew,andrew,"['a', 'n', 'd', 'r', 'e', 'w']",1
Fem2Block.csv,Anna3.mp4,Anna,,,
Fem2Block.csv,Anna3.mp4,Anna,,None,0
Fem1Block.csv,Ashley3.mp4,Ashley,,,
Fem1Block.csv,Ashley3.mp4,Ashley,ashley,"['a', 's', 'h', 'l', 'e', 'y']",1
Male1Block.csv,Bradley3.mp4,Bradley,,,
Male1Block.csv,Bradley3.mp4,Bradley,,None,0
Male1Block.csv,Brandon2.mp4,Brandon,,,
Male1Block.csv,Brandon2.mp4,Brandon,,None,0
Male2Block.csv,Brian2.mp4,Brian,,,
Male2Block.csv,Brian2.mp4,Brian,brian,"['b', 'r', 'i', 'a', 'n']",1
Fem2Block.csv,Brianna2.mp4,Brianna,,,
Fem2Block.csv,Brianna2.mp4,Brianna,brianna,"['b', 'r', 'i', 'a', 'n', 'n', 'a']",1
Fem1Block.csv,Brittany2.mp4,Brittany,,,
Fem1Block.csv,Brittany2.mp4,Brittany,brittney,"['b', 'r', 'i', 't', 't', 'n', 'e', 'y']",1
Male3Block.csv,Caleb5.mp4,Caleb,,,
Male3Block.csv,Caleb5.mp4,Caleb,calum,"['a', 'backspace', 'c', 'l', 'backspace', 'a', 'l', 'u', 'm', 'n', 'backspace']",0
Male2Block.csv,Cody2.mp4,Cody,,,
Male2Block.csv,Cody2.mp4,Cody,cody,"['c', 'o', 'd', 'd', 'y', 'backspace', 'backspace', 'y']",1
Fem2Block.csv,Courtney2.mp4,Courtney,,,
Fem2Block.csv,Courtney2.mp4,Courtney,megan,"['m', 'e', 'g', 'a', 'n']",0
Male1Block.csv,Daniel3.mp4,Daniel,,,
Male1Block.csv,Daniel3.mp4,Daniel,,None,0
Fem3Block.csv,Danielle2.mp4,Danielle,,,
Fem3Block.csv,Danielle2.mp4,Danielle,Daniela,"['lshift', 'd', 'a', 'n', 'i', 'e', 'l', 'a']",1
Male2Block.csv,David2.mp4,David,,,
Male2Block.csv,David2.mp4,David,,None,0
Male3Block.csv,Dylan3.mp4,Dylan,,,
Male3Block.csv,Dylan3.mp4,Dylan,Daniel,"['lshift', 'd', 'a', 'n', 'i', 'e', 'l', 'space']",0
Fem1Block.csv,Emily5.mp4,Emily,,,
Fem1Block.csv,Emily5.mp4,Emily,emily,"['e', 'm', 'i', 'l', 'y']",1
Male1Block.csv,Eric2.mp4,Eric,,,
Male1Block.csv,Eric2.mp4,Eric,,None,0
Male2Block.csv,Ethan2.mp4,Ethan,,,
Male2Block.csv,Ethan2.mp4,Ethan,ethan,"['e', 't', 'h', 'a', 'n']",1
Fem1Block.csv,Grace3.mp4,Grace,,,
Fem1Block.csv,Grace3.mp4,Grace,gracie,"['g', 'a', 'r', 'c', 'i', 'e', 'backspace', 'backspace', 'backspace', 'backspace', 'backspace', 'r', 'a', 'c', 'i', 'e']",1
Fem1Block.csv,Haley2.mp4,Haley,,,
Fem1Block.csv,Haley2.mp4,Haley,,None,0
Fem3Block.csv,Hannah2.mp4,Hannah,,,
Fem3Block.csv,Hannah2.mp4,Hannah,,None,0
Fem1Block.csv,Heather3.mp4,Heather,,,
Fem1Block.csv,Heather3.mp4,Heather,,None,0
Male2Block.csv,Jacob3.mp4,Jacob,,,
Male2Block.csv,Jacob3.mp4,Jacob,cody,"['c', 'o', 'd', 'y']",0
Male3Block.csv,Jason4.mp4,Jason,,,
Male3Block.csv,Jason4.mp4,Jason,,None,0
Fem3Block.csv,Jenna4.mp4,Jenna,,,
Fem3Block.csv,Jenna4.mp4,Jenna,jenna,"['j', 'e', 'n', 'n', 'a']",1
Male2Block.csv,Jeremy2.mp4,Jeremy,,,
Male2Block.csv,Jeremy2.mp4,Jeremy,jeremy,"['j', 'e', 'r', 'e', 'm', 'y']",1
Fem3Block.csv,Jessica2.mp4,Jessica,,,
Fem3Block.csv,Jessica2.mp4,Jessica,jessica,"['j', 'e', 's', 's', 'i', 'c', 'a']",1
Male3Block.csv,Josh3.mp4,Josh,,,
Male3Block.csv,Josh3.mp4,Josh,josh,"['j', 'o', 's', 'h']",1
Fem3Block.csv,Julia2.mp4,Julia,,,
Fem3Block.csv,Julia2.mp4,Julia,julia,"['j', 'u', 'l', 'i', 'a']",1
Male1Block.csv,Justin2.mp4,Justin,,,
Male1Block.csv,Justin2.mp4,Justin,,None,0
Fem1Block.csv,Katie2.mp4,Katie,,,
Fem1Block.csv,Katie2.mp4,Katie,katey,"['k', 'a', 't', 'e', 'y']",1
Fem2Block.csv,Kayla3.mp4,Kayla,,,
Fem2Block.csv,Kayla3.mp4,Kayla,kayla,"['k', 'a', 'y', 'l', 'a', 'return', 'space']",1
Fem3Block.csv,Kelsey2.mp4,Kelsey,,,
Fem3Block.csv,Kelsey2.mp4,Kelsey,kelsey,"['k', 'e', 'l', 's', 'e', 'y']",1
Male3Block.csv,Kevin2.mp4,Kevin,,,
Male3Block.csv,Kevin2.mp4,Kevin,kevin,"['k', 'e', 'v', 'i', 'n']",1
Male3Block.csv,Kyle3.mp4,Kyle,,,
Male3Block.csv,Kyle3.mp4,Kyle,kyle,"['k', 'y', 'l', 'e']",1
Fem2Block.csv,Lauren4.mp4,Lauren,,,
Fem2Block.csv,Lauren4.mp4,Lauren,,None,0
Male1Block.csv,Mark3.mp4,Mark,,,
Male1Block.csv,Mark3.mp4,Mark,,None,0
Male1Block.csv,Matthew2.mp4,Matthew,,,
Male1Block.csv,Matthew2.mp4,Matthew,,None,0
Fem2Block.csv,Megan2.mp4,Megan,,,
Fem2Block.csv,Megan2.mp4,Megan,megan,"['m', 'e', 'g', 'a', 'n']",1
Male2Block.csv,Michael2.mp4,Michael,,,
Male2Block.csv,Michael2.mp4,Michael,david,"['d', 'a', 'v', 'i', 'd']",0
Fem3Block.csv,Michelle2.mp4,Michelle,,,
Fem3Block.csv,Michelle2.mp4,Michelle,michelle,"['m', 'i', 'c', 'h', 'e', 'l', 'l', 'e']",1
Fem2Block.csv,Natalie3.mp4,Natalie,,,
Fem2Block.csv,Natalie3.mp4,Natalie,Na,"['lshift', 'n', 'a']",0
Male2Block.csv,Nathan3.mp4,Nathan,,,
Male2Block.csv,Nathan3.mp4,Nathan,nathan,"['n', 'a', 't', 'h', 'a', 'n']",1
Fem2Block.csv,Nicole2.mp4,Nicole,,,
Fem2Block.csv,Nicole2.mp4,Nicole,nicole,"['n', 'i', 'c', 'o', 'l', 'e', 'space']",1
Male1Block.csv,Noah2.mp4,Noah,,,
Male1Block.csv,Noah2.mp4,Noah,noah,"['n', 'o', 'a', 'h']",1
Fem3Block.csv,Olivia3.mp4,Olivia,,,
Fem3Block.csv,Olivia3.mp4,Olivia,olivia,"['o', 'l', 'i', 'v', 'i', 'a']",1
Fem1Block.csv,Rachel3.mp4,Rachel,,,
Fem1Block.csv,Rachel3.mp4,Rachel,rachel,"['r', 'a', 'c', 'h', 'e', 'l']",1
Fem3Block.csv,Rebecca3.mp4,Rebecca,,,
Fem3Block.csv,Rebecca3.mp4,Rebecca,,None,0
Fem2Block.csv,Sarah2.mp4,Sarah,,,
Fem2Block.csv,Sarah2.mp4,Sarah,courtney,"['c', 'o', 'u', 'r', 't', 'n', 'e', 'y']",0
Fem1Block.csv,Shelby2.mp4,Shelby,,,
Fem1Block.csv,Shelby2.mp4,Shelby,shelby,"['s', 'h', 'e', 'l', 'b', 'y']",1
Male2Block.csv,Steven2.mp4,Steven,,,
Male2Block.csv,Steven2.mp4,Steven,steven,"['s', 't', 'e', 'v', 'e', 'n']",1
Fem3Block.csv,Taylor4.mp4,Taylor,,,
Fem3Block.csv,Taylor4.mp4,Taylor,taylor,"['t', 'a', 'y', 'l', 'o', 'r']",1
Male3Block.csv,Thomas2.mp4,Thomas,,,
Male3Block.csv,Thomas2.mp4,Thomas,,None,0
Male1Block.csv,Timothy3.mp4,Timothy,,,
Male1Block.csv,Timothy3.mp4,Timothy,,None,0
Male1Block.csv,Trevor2.mp4,Trevor,,,
Male1Block.csv,Trevor2.mp4,Trevor,trevor,"['t', 'r', 'e', 'v', 'o', 'r']",1
Male3Block.csv,Tyler3.mp4,Tyler,,,
Male3Block.csv,Tyler3.mp4,Tyler,tyler,"['t', 'y', 'l', 'e', 'r']",1