condsBlockFile,Video,Name,inputText,key_resp_3.keys,recallRating_A
Male3Block.csv,Aaron2.mp4,Aaron,,,
Male3Block.csv,Aaron2.mp4,Aaron,aaron,"['a', 'a', 'r', 'o', 'n']",1
Male3Block.csv,Adam4.mp4,Adam,,,
Male3Block.csv,Adam4.mp4,Adam,adam,"['a', 'd', 'a', 'm']",1
Fem2Block.csv,Alyssa3.mp4,Alyssa,,,
Fem2Block.csv,Alyssa3.mp4,Alyssa,alyssa,"['a', 'l', 'y', 's', 's', 'a']",1
Fem2Block.csv,Amanda3.mp4,Amanda,,,
Fem2Block.csv,Amanda3.mp4,Amanda,amanda,"['a', 'm', 'a', 'n', 'd', 'a']",1
Male2Block.csv,Andrew2.mp4,Andrew,,,
Male2Block.csv,Andrew2.mp4,Andrew,trevor,"['t', 'r', 'e', 'v', 'o', 'r']",0
Fem3Block.csv,Anna3.mp4,Anna,,,
Fem3Block.csv,Anna3.mp4,Anna,,None,0
Fem1Block.csv,Ashley3.mp4,Ashley,,,
Fem1Block.csv,Ashley3.mp4,Ashley,,None,0
Male2Block.csv,Bradley3.mp4,Bradley,,,
Male2Block.csv,Bradley3.mp4,Bradley,bradley,"['b', 'r', 'a', 'd', 'l', 'e', 'y']",1
Male3Block.csv,Brandon2.mp4,Brandon,,,
Male3Block.csv,Brandon2.mp4,Brandon,,None,0
Male1Block.csv,Brian2.mp4,Brian,,,
Male1Block.csv,Brian2.mp4,Brian,,None,0
Fem1Block.csv,Brianna2.mp4,Brianna,,,
Fem1Block.csv,Brianna2.mp4,Brianna,,None,0
Fem1Block.csv,Brittany2.mp4,Brittany,,,
Fem1Block.csv,Brittany2.mp4,Brittany,jessica,"['j', 's', 'backspace', 'e', 's', 's', 'i', 'c', 'a']",0
Male3Block.csv,Caleb5.mp4,Caleb,,,
Male3Block.csv,Caleb5.mp4,Caleb,caleb,"['c', 'a', 'l', 'e', 'b']",1
Male2Block.csv,Cody2.mp4,Cody,,,
Male2Block.csv,Cody2.mp4,Cody,kevin,"['k', 'e', 'v', 'i', 'n']",0
Fem2Block.csv,Courtney2.mp4,Courtney,,,
Fem2Block.csv,Courtney2.mp4,Courtney,b,['b'],0
Male3Block.csv,Daniel3.mp4,Daniel,,,
Male3Block.csv,Daniel3.mp4,Daniel,justin,"['j', 'u', 's', 't', 'i', 'n', 'return']",0
Fem3Block.csv,Danielle2.mp4,Danielle,,,
Fem3Block.csv,Danielle2.mp4,Danielle,danielle,"['d', 'a', 'n', 'i', 'e', 'l', 'l', 'e']",1
Male1Block.csv,David2.mp4,David,,,
Male1Block.csv,David2.mp4,David,noah,"['n', 'o', 'a', 'h']",0
Male3Block.csv,Dylan3.mp4,Dylan,,,
Male3Block.csv,Dylan3.mp4,Dylan,dillon,"['d', 'i', 'l', 'l', 'o', 'n']",1
Fem3Block.csv,Emily5.mp4,Emily,,,
Fem3Block.csv,Emily5.mp4,Emily,emily,"['e', 'm', 'i', 'l', 'y']",1
Male2Block.csv,Eric2.mp4,Eric,,,
Male2Block.csv,Eric2.mp4,Eric,tyler,"['t', 'y', 'l', 'e', 'r']",0
Male1Block.csv,Ethan2.mp4,Ethan,,,
Male1Block.csv,Ethan2.mp4,Ethan,jason,"['j', 'a', 's', 'o', 'n']",0
Fem3Block.csv,Grace3.mp4,Grace,,,
Fem3Block.csv,Grace3.mp4,Grace,gracie,"['g', 'r', 'a', 'c', 'i', 'e']",1
Fem3Block.csv,Haley2.mp4,Haley,,,
Fem3Block.csv,Haley2.mp4,Haley,haley,"['h', 'a', 'l', 'e', 'y']",1
Fem2Block.csv,Hannah2.mp4,Hannah,,,
Fem2Block.csv,Hannah2.mp4,Hannah,hannah,"['h', 'a', 'n', 'n', 'a', 'h']",1
Fem3Block.csv,Heather3.mp4,Heather,,,
Fem3Block.csv,Heather3.mp4,Heather,heather,"['h', 'e', 'a', 't', 'h', 'e', 'r']",1
Male1Block.csv,Jacob3.mp4,Jacob,,,
Male1Block.csv,Jacob3.mp4,Jacob,jacob,"['j', 'a', 'c', 'o', 'b']",1
Male1Block.csv,Jason4.mp4,Jason,,,
Male1Block.csv,Jason4.mp4,Jason,,None,0
Fem2Block.csv,Jenna4.mp4,Jenna,,,
Fem2Block.csv,Jenna4.mp4,Jenna,,None,0
Male1Block.csv,Jeremy2.mp4,Jeremy,,,
Male1Block.csv,Jeremy2.mp4,Jeremy,jeremy,"['j', 'e', 'r', 'e', 'y', 'backspace', 'm', 'y']",1
Fem1Block.csv,Jessica2.mp4,Jessica,,,
Fem1Block.csv,Jessica2.mp4,Jessica,,None,0
Male3Block.csv,Josh3.mp4,Josh,,,
Male3Block.csv,Josh3.mp4,Josh,josh,"['j', 'o', 's', 'h']",1
Fem2Block.csv,Julia2.mp4,Julia,,,
Fem2Block.csv,Julia2.mp4,Julia,julia,"['j', 'u', 'l', 'i', 'a']",1
Male3Block.csv,Justin2.mp4,Justin,,,
Male3Block.csv,Justin2.mp4,Justin,,None,0
Fem1Block.csv,Katie2.mp4,Katie,,,
Fem1Block.csv,Katie2.mp4,Katie,k,['k'],0
Fem1Block.csv,Kayla3.mp4,Kayla,,,
Fem1Block.csv,Kayla3.mp4,Kayla,kayla,"['k', 'a', 'y', 'l', 'a']",1
Fem2Block.csv,Kelsey2.mp4,Kelsey,,,
Fem2Block.csv,Kelsey2.mp4,Kelsey,,None,0
Male2Block.csv,Kevin2.mp4,Kevin,,,
Male2Block.csv,Kevin2.mp4,Kevin,kevin,"['k', 'e', 'v', 'i', 'n']",1
Male2Block.csv,Kyle3.mp4,Kyle,,,
Male2Block.csv,Kyle3.mp4,Kyle,kyle,"['k', 'y', 'l', 'e']",1
Fem3Block.csv,Lauren4.mp4,Lauren,,,
Fem3Block.csv,Lauren4.mp4,Lauren,lauren,"['l', 'a', 'u', 'r', 'e', 'm', 'backspace', 'n']",1
Male1Block.csv,Mark3.mp4,Mark,,,
Male1Block.csv,Mark3.mp4,Mark,mark,"['m', 'a', 'r', 'k']",1
Male2Block.csv,Matthew2.mp4,Matthew,,,
Male2Block.csv,Matthew2.mp4,Matthew,cody,"['c', 'o', 'd', 'y']",0
Fem2Block.csv,Megan2.mp4,Megan,,,
Fem2Block.csv,Megan2.mp4,Megan,megan,"['m', 'e', 'g', 'a', 'n', 'lshift', 'question']",1
Male2Block.csv,Michael2.mp4,Michael,,,
Male2Block.csv,Michael2.mp4,Michael,,None,0
Fem2Block.csv,Michelle2.mp4,Michelle,,,
Fem2Block.csv,Michelle2.mp4,Michelle,michelle,"['m', 'i', 'c', 'h', 'e', 'l', 'l', 'e']",1
Fem3Block.csv,Natalie3.mp4,Natalie,,,
Fem3Block.csv,Natalie3.mp4,Natalie,sarah,"['s', 'a', 'r', 'a', 'h']",0
Male3Block.csv,Nathan3.mp4,Nathan,,,
Male3Block.csv,Nathan3.mp4,Nathan,nathan,"['n', 'a', 'h', 'backspace', 't', 'a', 'n', 'backspace', 'backspace', 'h', 'a', 'n']",1
Fem1Block.csv,Nicole2.mp4,Nicole,,,
Fem1Block.csv,Nicole2.mp4,Nicole,nicole,"['n', 'i', 'c', 'o', 'l', 'e', 'return', 'space']",1
Male1Block.csv,Noah2.mp4,Noah,,,
Male1Block.csv,Noah2.mp4,Noah,,None,0
Fem1Block.csv,Olivia3.mp4,Olivia,,,
Fem1Block.csv,Olivia3.mp4,Olivia,,None,0
Fem2Block.csv,Rachel3.mp4,Rachel,,,
Fem2Block.csv,Rachel3.mp4,Rachel,,None,0
Fem1Block.csv,Rebecca3.mp4,Rebecca,,,
Fem1Block.csv,Rebecca3.mp4,Rebecca,rebecca,"['r', 'e', 'b', 'e', 'c', 'c', 'a']",1
Fem3Block.csv,Sarah2.mp4,Sarah,,,
Fem3Block.csv,Sarah2.mp4,Sarah,sarah,"['s', 'a', 'r', 'a', 'h']",1
Fem1Block.csv,Shelby2.mp4,Shelby,,,
Fem1Block.csv,Shelby2.mp4,Shelby,shelby,"['s', 'h', 'e', 'l', 'b', 'y']",1
Male1Block.csv,Steven2.mp4,Steven,,,
Male1Block.csv,Steven2.mp4,Steven,steven,"['s', 't', 'e', 'v', 'e', 'n']",1
Fem3Block.csv,Taylor4.mp4,Taylor,,,
Fem3Block.csv,Taylor4.mp4,Taylor,,None,0
Male1Block.csv,Thomas2.mp4,Thomas,,,
Male1Block.csv,Thomas2.mp4,Thomas,ethan,"['e', 't', 'h', 'a', 'n']",0
Male3Block.csv,Timothy3.mp4,Timothy,,,
Male3Block.csv,Timothy3.mp4,Timothy,timothy,"['t', 'i', 'm', 'o', 't', 'h', 'y']",1
Male2Block.csv,Trevor2.mp4,Trevor,,,
Male2Block.csv,Trevor2.mp4,Trevor,mich,"['m', 'i', 'c', 'h']",0
Male2Block.csv,Tyler3.mp4,Tyler,,,
Male2Block.csv,Tyler3.mp4,Tyler,tyler,"['t', 'y', 'l', 'e', 'r']",1