condsBlockFile,Video,Name,inputText,key_resp_3.keys,recallRating_A
Male1Block.csv,Aaron2.mp4,Aaron,,,
Male1Block.csv,Aaron2.mp4,Aaron,Ian,"['lshift', 'i', 'a', 'n']",0
Male2Block.csv,Adam4.mp4,Adam,,,
Male2Block.csv,Adam4.mp4,Adam,Timothy,"['lshift', 't', 'i', 'm', 'o', 't', 'h', 'y']",0
Fem3Block.csv,Alyssa3.mp4,Alyssa,,,
Fem3Block.csv,Alyssa3.mp4,Alyssa,Alyssa,"['lshift', 'a', 'l', 'y', 's', 's', 'a']",1
Fem3Block.csv,Amanda3.mp4,Amanda,,,
Fem3Block.csv,Amanda3.mp4,Amanda,Amanda,"['a', 'm', 'a', 'n', 'backspace', 'backspace', 'backspace', 'backspace', 'lshift', 'a', 'm', 'a', 'n', 'd', 'a', 'return']",1
Male3Block.csv,Andrew2.mp4,Andrew,,,
Male3Block.csv,Andrew2.mp4,Andrew,Justin,"['lshift', 'j', 'u', 's', 't', 'i', 'n']",0
Fem1Block.csv,Anna3.mp4,Anna,,,
Fem1Block.csv,Anna3.mp4,Anna,,None,0
Fem2Block.csv,Ashley3.mp4,Ashley,,,
Fem2Block.csv,Ashley3.mp4,Ashley,Nicole,"['lshift', 'n', 'i', 'c', 'o', 'l', 'e', 'backspace', 'backspace', 'backspace', 'backspace', 'backspace', 'i', 'c', 'c', 'o', 'l', 'backspace', 'backspace', 'backspace', 'o', 'l', 'e']",0
Male3Block.csv,Bradley3.mp4,Bradley,,,
Male3Block.csv,Bradley3.mp4,Bradley,Bradley,"['lshift', 'b', 'r', 'e', 'backspace', 'a', 'd', 'l', 'e', 'y']",1
Male3Block.csv,Brandon2.mp4,Brandon,,,
Male3Block.csv,Brandon2.mp4,Brandon,Justin,"['lshift', 'j', 'u', 's', 't', 'i', 'n']",0
Male1Block.csv,Brian2.mp4,Brian,,,
Male1Block.csv,Brian2.mp4,Brian,Michael,"['lshift', 'm', 'i', 'c', 'h', 'a', 'e', 'l']",0
Fem1Block.csv,Brianna2.mp4,Brianna,,,
Fem1Block.csv,Brianna2.mp4,Brianna,Brittney,"['lshift', 'b', 'r', 'i', 't', 't', 'n', 'e', 'y']",0
Fem1Block.csv,Brittany2.mp4,Brittany,,,
Fem1Block.csv,Brittany2.mp4,Brittany,Kayla,"['lshift', 'k', 'a', 'y', 'l', 'a']",0
Male1Block.csv,Caleb5.mp4,Caleb,,,
Male1Block.csv,Caleb5.mp4,Caleb,Kevin,"['lshift', 'lshift', 'k', 'e', 'v', 'i', 'n']",0
Male3Block.csv,Cody2.mp4,Cody,,,
Male3Block.csv,Cody2.mp4,Cody,Matthew,"['lshift', 'lshift', 'm', 'a', 't', 'h', 'backspace', 't', 'h', 'e', 'w']",0
Fem2Block.csv,Courtney2.mp4,Courtney,,,
Fem2Block.csv,Courtney2.mp4,Courtney,Emily,"['lshift', 'e', 'm', 'i', 'l', 'y']",0
Male3Block.csv,Daniel3.mp4,Daniel,,,
Male3Block.csv,Daniel3.mp4,Daniel,Jacob,"['lshift', 'j', 'o', 'backspace', 'a', 'c', 'o', 'b']",0
Fem2Block.csv,Danielle2.mp4,Danielle,,,
Fem2Block.csv,Danielle2.mp4,Danielle,Danielle,"['lshift', 'r', 'backspace', 'lshift', 'd', 'a', 'n', 'i', 'e', 'l', 'l', 'e']",1
Male2Block.csv,David2.mp4,David,,,
Male2Block.csv,David2.mp4,David,Ethan,"['lshift', 'i', 'a', 'n', 'backspace', 'backspace', 'backspace', 'lshift', 'e', 't', 'h', 'a', 'n']",0
Male2Block.csv,Dylan3.mp4,Dylan,,,
Male2Block.csv,Dylan3.mp4,Dylan,Ryan,"['lshift', 'r', 'y', 'y', 'a', 'backspace', 'backspace', 'a', 'n']",0
Fem2Block.csv,Emily5.mp4,Emily,,,
Fem2Block.csv,Emily5.mp4,Emily,Sarah,"['lshift', 'lshift', 's', 'a', 'r', 'a', 'h']",0
Male1Block.csv,Eric2.mp4,Eric,,,
Male1Block.csv,Eric2.mp4,Eric,,"['lshift', 'lshift', 'r', 'i', 'c', 'k', 'backspace', 'backspace', 'backspace', 'backspace']",0
Male2Block.csv,Ethan2.mp4,Ethan,,,
Male2Block.csv,Ethan2.mp4,Ethan,Dylan,"['lshift', 'd', 'y', 'l', 'a', 'n']",0
Fem1Block.csv,Grace3.mp4,Grace,,,
Fem1Block.csv,Grace3.mp4,Grace,Grace,"['lshift', 'g', 'r', 'a', 'c', 'e']",1
Fem2Block.csv,Haley2.mp4,Haley,,,
Fem2Block.csv,Haley2.mp4,Haley,Courtney,"['c', 'o', 'u', 'r', 't', 'backspace', 'backspace', 'backspace', 'backspace', 'backspace', 'lshift', 'c', 'o', 'u', 'r', 't', 'n', 'e', 'y']",0
Fem3Block.csv,Hannah2.mp4,Hannah,,,
Fem3Block.csv,Hannah2.mp4,Hannah,Kelsey,"['lshift', 'k', 'e', 'l', 's', 'e', 'y']",0
Fem1Block.csv,Heather3.mp4,Heather,,,
Fem1Block.csv,Heather3.mp4,Heather,Heather,"['lshift', 'h', 'e', 'a', 't', 'h', 'e', 'r']",1
Male1Block.csv,Jacob3.mp4,Jacob,,,
Male1Block.csv,Jacob3.mp4,Jacob,Nick,"['lshift', 'n', 'i', 'c', 'k']",0
Male3Block.csv,Jason4.mp4,Jason,,,
Male3Block.csv,Jason4.mp4,Jason,Cody,"['lshift', 'c', 'o', 'd', 'y']",0
Fem3Block.csv,Jenna4.mp4,Jenna,,,
Fem3Block.csv,Jenna4.mp4,Jenna,Rachel,"['lshift', 'r', 'a', 'c', 'e', 'backspace', 'h', 'e', 'l']",0
Male1Block.csv,Jeremy2.mp4,Jeremy,,,
Male1Block.csv,Jeremy2.mp4,Jeremy,,['lshift'],0
Fem1Block.csv,Jessica2.mp4,Jessica,,,
Fem1Block.csv,Jessica2.mp4,Jessica,,"['lshift', 'lshift', 'lshift', 'lshift']",0
Male2Block.csv,Josh3.mp4,Josh,,,
Male2Block.csv,Josh3.mp4,Josh,Josh,"['lshift', 'j', 'o', 's', 'h']",1
Fem3Block.csv,Julia2.mp4,Julia,,,
Fem3Block.csv,Julia2.mp4,Julia,Julia,"['lshift', 'j', 'u', 'l', 'i', 'a']",1
Male3Block.csv,Justin2.mp4,Justin,,,
Male3Block.csv,Justin2.mp4,Justin,Brandon,"['lshift', 'b', 'r', 'a', 'd', 'backspace', 'n', 'd', 'o', 'n']",0
Fem2Block.csv,Katie2.mp4,Katie,,,
Fem2Block.csv,Katie2.mp4,Katie,Katie,"['lshift', 'n', 'backspace', 'lshift', 'k', 'a', 't', 'i', 'e']",1
Fem1Block.csv,Kayla3.mp4,Kayla,,,
Fem1Block.csv,Kayla3.mp4,Kayla,Jessica,"['lshift', 'j', 'e', 's', 's', 'i', 'c', 'a']",0
Fem3Block.csv,Kelsey2.mp4,Kelsey,,,
Fem3Block.csv,Kelsey2.mp4,Kelsey,Hannah,"['lshift', 'h', 'n', 'n', 'backspace', 'backspace', 'a', 'n', 'n', 'a', 'h']",0
Male1Block.csv,Kevin2.mp4,Kevin,,,
Male1Block.csv,Kevin2.mp4,Kevin,Kevin,"['lshift', 'k', 'e', 'v', 'i', 'n']",1
Male3Block.csv,Kyle3.mp4,Kyle,,,
Male3Block.csv,Kyle3.mp4,Kyle,Kyle,"['lshift', 'b', 'r', 'a', 'd', 'l', 'e', 'y', 'backspace', 'f13', 'backspace', 'backspace', 'backspace', 'backspace', 'backspace', 'backspace', 'lshift', 'k', 'y', 'l', 'e']",1
Fem3Block.csv,Lauren4.mp4,Lauren,,,
Fem3Block.csv,Lauren4.mp4,Lauren,Kelsey,"['lshift', 'k', 'e', 'l', 's', 'e', 'y']",0
Male2Block.csv,Mark3.mp4,Mark,,,
Male2Block.csv,Mark3.mp4,Mark,Ethan,"['lshift', 'e', 't', 'h', 'a', 'n']",0
Male3Block.csv,Matthew2.mp4,Matthew,,,
Male3Block.csv,Matthew2.mp4,Matthew,Tyler,"['lshift', 't', 'y', 'l', 'e', 'r']",0
Fem2Block.csv,Megan2.mp4,Megan,,,
Fem2Block.csv,Megan2.mp4,Megan,Haley,"['lshift', 'h', 'a', 'l', 'e', 'y']",0
Male1Block.csv,Michael2.mp4,Michael,,,
Male1Block.csv,Michael2.mp4,Michael,Jeremy,"['lshift', 'j', 'e', 'r', 'e', 'm', 'y']",0
Fem2Block.csv,Michelle2.mp4,Michelle,,,
Fem2Block.csv,Michelle2.mp4,Michelle,Megan,"['lshift', 'm', 'e', 'g', 'a', 'n']",0
Fem1Block.csv,Natalie3.mp4,Natalie,,,
Fem1Block.csv,Natalie3.mp4,Natalie,Kayla,"['lshift', 'k', 'e', 'backspace', 'a', 'y', 'u', 'backspace', 'l', 'a']",0
Male1Block.csv,Nathan3.mp4,Nathan,,,
Male1Block.csv,Nathan3.mp4,Nathan,Nathan,"['lshift', 'n', 'a', 't', 'h', 'a', 'n']",1
Fem2Block.csv,Nicole2.mp4,Nicole,,,
Fem2Block.csv,Nicole2.mp4,Nicole,Nicole,"['lshift', 'n', 'i', 'c', 'o', 'l', 'e']",1
Male2Block.csv,Noah2.mp4,Noah,,,
Male2Block.csv,Noah2.mp4,Noah,David,"['lshift', 'd', 'a', 'i', 'v', 'd', 'backspace', 'backspace', 'backspace', 'v', 'i', 'd']",0
Fem1Block.csv,Olivia3.mp4,Olivia,,,
Fem1Block.csv,Olivia3.mp4,Olivia,Hailey,"['lshift', 'lshift', 'h', 'a', 'i', 'l', 'e', 'y']",0
Fem3Block.csv,Rachel3.mp4,Rachel,,,
Fem3Block.csv,Rachel3.mp4,Rachel,Julia,"['lshift', 'j', 'backspace', 'lshift', 'j', 'u', 'l', 'i', 'a']",0
Fem2Block.csv,Rebecca3.mp4,Rebecca,,,
Fem2Block.csv,Rebecca3.mp4,Rebecca,Michelle,"['lshift', 'm', 'i', 'c', 'h', 'e', 'l', 'l', 'e']",0
Fem3Block.csv,Sarah2.mp4,Sarah,,,
Fem3Block.csv,Sarah2.mp4,Sarah,Amanda,"['lshift', 'a', 'm', 'a', 'n', 'd', 'a']",0
Fem1Block.csv,Shelby2.mp4,Shelby,,,
Fem1Block.csv,Shelby2.mp4,Shelby,Anna,"['lshift', 'a', 'n', 'n', 'a']",0
Male2Block.csv,Steven2.mp4,Steven,,,
Male2Block.csv,Steven2.mp4,Steven,Mark,"['lshift', 'n', 'o', 'a', 'h', 'backspace', 'backspace', 'backspace', 'backspace', 'lshift', 'm', 'a', 'r', 'k']",0
Fem3Block.csv,Taylor4.mp4,Taylor,,,
Fem3Block.csv,Taylor4.mp4,Taylor,Julia,"['lshift', 'j', 'u', 'l', 'i', 'a']",0
Male2Block.csv,Thomas2.mp4,Thomas,,,
Male2Block.csv,Thomas2.mp4,Thomas,Timothy,"['lshift', 'lshift', 't', 'i', 'm', 'o', 't', 'h', 'y']",0
Male2Block.csv,Timothy3.mp4,Timothy,,,
Male2Block.csv,Timothy3.mp4,Timothy,Ryan,"['lshift', 'lshift', 'a', 'backspace', 'lshift', 'r', 'y', 'a', 'n']",0
Male1Block.csv,Trevor2.mp4,Trevor,,,
Male1Block.csv,Trevor2.mp4,Trevor,Trevor,"['lshift', 't', 'r', 'e', 'v', 'o', 'r']",1
Male3Block.csv,Tyler3.mp4,Tyler,,,
Male3Block.csv,Tyler3.mp4,Tyler,A,"['lshift', 'a', 'a', 'backspace', 'backspace', 'lshift', 'a']",0