condsBlockFile,Video,Name,inputText,key_resp_3.keys,recallRating_A
Male3Block.csv,Aaron2.mp4,Aaron,,,
Male3Block.csv,Aaron2.mp4,Aaron,aaron,"['a', 'r', 'r', 'backspace', 'backspace', 'a', 'r', 'o', 'n']",1
Male1Block.csv,Adam4.mp4,Adam,,,
Male1Block.csv,Adam4.mp4,Adam,adam,"['a', 'd', 'a', 'm']",1
Fem3Block.csv,Alyssa3.mp4,Alyssa,,,
Fem3Block.csv,Alyssa3.mp4,Alyssa,taylor,"['t', 'a', 'y', 'l', 'o', 'r']",0
Fem1Block.csv,Amanda3.mp4,Amanda,,,
Fem1Block.csv,Amanda3.mp4,Amanda,katie,"['k', 'a', 't', 'i', 'e']",0
Male3Block.csv,Andrew2.mp4,Andrew,,,
Male3Block.csv,Andrew2.mp4,Andrew,matthew,"['m', 'a', 't', 't', 'h', 'e', 'w', 'backspace', 'w']",0
Fem1Block.csv,Anna3.mp4,Anna,,,
Fem1Block.csv,Anna3.mp4,Anna,amanda,"['a', 'm', 'a', 'n', 'd', 'a']",0
Fem1Block.csv,Ashley3.mp4,Ashley,,,
Fem1Block.csv,Ashley3.mp4,Ashley,,None,0
Male2Block.csv,Bradley3.mp4,Bradley,,,
Male2Block.csv,Bradley3.mp4,Bradley,b,['b'],0
Male2Block.csv,Brandon2.mp4,Brandon,,,
Male2Block.csv,Brandon2.mp4,Brandon,brian,"['b', 'a', 'i', 'backspace', 'backspace', 'capslock', 'backspace', 'b', 'r', 'a', 'i', 'n', 'backspace', 'backspace', 'backspace', 'i', 'a', 'n']",0
Male2Block.csv,Brian2.mp4,Brian,,,
Male2Block.csv,Brian2.mp4,Brian,kyle,"['k', 'y', 'l', 'e', 'return']",0
Fem3Block.csv,Brianna2.mp4,Brianna,,,
Fem3Block.csv,Brianna2.mp4,Brianna,taylor,"['t', 'a', 'l', 'o', 'backspace', 'backspace', 'y', 'l', 'o', 'r']",0
Fem1Block.csv,Brittany2.mp4,Brittany,,,
Fem1Block.csv,Brittany2.mp4,Brittany,emily,"['e', 'm', 'i', 'l', 'y']",0
Male3Block.csv,Caleb5.mp4,Caleb,,,
Male3Block.csv,Caleb5.mp4,Caleb,caleb,"['c', 'a', 'l', 'e', 'b']",1
Male1Block.csv,Cody2.mp4,Cody,,,
Male1Block.csv,Cody2.mp4,Cody,cody,"['c', 'o', 'd', 'y']",1
Fem2Block.csv,Courtney2.mp4,Courtney,,,
Fem2Block.csv,Courtney2.mp4,Courtney,courtney,"['c', 'o', 'u', 'r', 't', 'n', 'e', 'y']",1
Male2Block.csv,Daniel3.mp4,Daniel,,,
Male2Block.csv,Daniel3.mp4,Daniel,timothy,"['capslock', 't', 'i', 'backspace', 'backspace', 'capslock', 't', 'i', 'm', 'o', 'n', 'backspace', 't', 'h', 'y']",0
Fem3Block.csv,Danielle2.mp4,Danielle,,,
Fem3Block.csv,Danielle2.mp4,Danielle,haley,"['h', 'a', 'l', 'e', 'y']",0
Male1Block.csv,David2.mp4,David,,,
Male1Block.csv,David2.mp4,David,david,"['d', 'a', 'v', 'i', 'd']",1
Male1Block.csv,Dylan3.mp4,Dylan,,,
Male1Block.csv,Dylan3.mp4,Dylan,dylan,"['d', 'y', 'l', 'a', 'n']",1
Fem1Block.csv,Emily5.mp4,Emily,,,
Fem1Block.csv,Emily5.mp4,Emily,brittany,"['b', 'r', 'i', 't', 't', 'a', 'n', 'y']",0
Male3Block.csv,Eric2.mp4,Eric,,,
Male3Block.csv,Eric2.mp4,Eric,eric,"['e', 'r', 'i', 'c']",1
Male3Block.csv,Ethan2.mp4,Ethan,,,
Male3Block.csv,Ethan2.mp4,Ethan,,None,0
Fem3Block.csv,Grace3.mp4,Grace,,,
Fem3Block.csv,Grace3.mp4,Grace,grace,"['g', 'r', 'a', 'c', 'e']",1
Fem3Block.csv,Haley2.mp4,Haley,,,
Fem3Block.csv,Haley2.mp4,Haley,alyssa,"['a', 'l', 'y', 's', 's', 'a']",0
Fem3Block.csv,Hannah2.mp4,Hannah,,,
Fem3Block.csv,Hannah2.mp4,Hannah,heather,"['h', 'e', 'a', 't', 'h', 'r', 'backspace', 'e', 'r']",0
Fem3Block.csv,Heather3.mp4,Heather,,,
Fem3Block.csv,Heather3.mp4,Heather,,None,0
Male1Block.csv,Jacob3.mp4,Jacob,,,
Male1Block.csv,Jacob3.mp4,Jacob,jacob,"['j', 'a', 'c', 'o', 'b']",1
Male2Block.csv,Jason4.mp4,Jason,,,
Male2Block.csv,Jason4.mp4,Jason,daniel,"['d', 'a', 'n', 'i', 'e', 'l']",0
Fem2Block.csv,Jenna4.mp4,Jenna,,,
Fem2Block.csv,Jenna4.mp4,Jenna,jenna,"['j', 'e', 'n', 'n', 'a']",1
Male1Block.csv,Jeremy2.mp4,Jeremy,,,
Male1Block.csv,Jeremy2.mp4,Jeremy,,None,0
Fem2Block.csv,Jessica2.mp4,Jessica,,,
Fem2Block.csv,Jessica2.mp4,Jessica,meghan,"['m', 'e', 'g', 'h', 'a', 'n']",0
Male1Block.csv,Josh3.mp4,Josh,,,
Male1Block.csv,Josh3.mp4,Josh,josh,"['j', 'o', 's', 'h']",1
Fem1Block.csv,Julia2.mp4,Julia,,,
Fem1Block.csv,Julia2.mp4,Julia,kayla,"['k', 'a', 'y', 'l', 'a', 'return']",0
Male3Block.csv,Justin2.mp4,Justin,,,
Male3Block.csv,Justin2.mp4,Justin,justin,"['j', 'u', 's', 't', 'i', 'n']",1
Fem1Block.csv,Katie2.mp4,Katie,,,
Fem1Block.csv,Katie2.mp4,Katie,amanda,"['a', 'm', 'a', 'n', 'd', 'a']",0
Fem1Block.csv,Kayla3.mp4,Kayla,,,
Fem1Block.csv,Kayla3.mp4,Kayla,kayla,"['k', 'a', 'y', 'l', 'a']",1
Fem2Block.csv,Kelsey2.mp4,Kelsey,,,
Fem2Block.csv,Kelsey2.mp4,Kelsey,rebecca,"['r', 'e', 'b', 'e', 'c', 'c', 'a']",0
Male3Block.csv,Kevin2.mp4,Kevin,,,
Male3Block.csv,Kevin2.mp4,Kevin,kevin,"['k', 'e', 'v', 'i', 'n', 'return', 'space']",1
Male2Block.csv,Kyle3.mp4,Kyle,,,
Male2Block.csv,Kyle3.mp4,Kyle,brandon,"['b', 'r', 'a', 'backspace', 'backspace', 'r', 'a', 'n', 'd', 'o', 'n']",0
Fem2Block.csv,Lauren4.mp4,Lauren,,,
Fem2Block.csv,Lauren4.mp4,Lauren,lauren,"['l', 'a', 'u', 'r', 'e', 'n']",1
Male3Block.csv,Mark3.mp4,Mark,,,
Male3Block.csv,Mark3.mp4,Mark,andrew,"['a', 'n', 'd', 'r', 'e', 'w']",0
Male3Block.csv,Matthew2.mp4,Matthew,,,
Male3Block.csv,Matthew2.mp4,Matthew,matthew,"['m', 'a', 't', 't', 'h', 'e', 'w']",1
Fem2Block.csv,Megan2.mp4,Megan,,,
Fem2Block.csv,Megan2.mp4,Megan,,None,0
Male1Block.csv,Michael2.mp4,Michael,,,
Male1Block.csv,Michael2.mp4,Michael,thomas,"['t', 'h', 'o', 'm', 'a', 's']",0
Fem2Block.csv,Michelle2.mp4,Michelle,,,
Fem2Block.csv,Michelle2.mp4,Michelle,,None,0
Fem1Block.csv,Natalie3.mp4,Natalie,,,
Fem1Block.csv,Natalie3.mp4,Natalie,,None,0
Male2Block.csv,Nathan3.mp4,Nathan,,,
Male2Block.csv,Nathan3.mp4,Nathan,jason,"['j', 'a', 's', 'o', 'n']",0
Fem2Block.csv,Nicole2.mp4,Nicole,,,
Fem2Block.csv,Nicole2.mp4,Nicole,m,"['m', 'i', 'c', 'h', 'e', 'l', 'l', 'e', 'backspace', 'backspace', 'backspace', 'backspace', 'backspace', 'backspace', 'backspace']",0
Male2Block.csv,Noah2.mp4,Noah,,,
Male2Block.csv,Noah2.mp4,Noah,tyler,"['t', 'y', 'l', 'e', 'r']",0
Fem3Block.csv,Olivia3.mp4,Olivia,,,
Fem3Block.csv,Olivia3.mp4,Olivia,olivia,"['o', 'l', 'i', 'v', 'i', 'a']",1
Fem1Block.csv,Rachel3.mp4,Rachel,,,
Fem1Block.csv,Rachel3.mp4,Rachel,rachel,"['e', 'm', 'i', 'l', 'y', 'backspace', 'backspace', 'backspace', 'backspace', 'backspace', 'backspace', 'r', 'a', 'c', 'h', 'e', 'l']",1
Fem2Block.csv,Rebecca3.mp4,Rebecca,,,
Fem2Block.csv,Rebecca3.mp4,Rebecca,rebecca,"['r', 'e', 'b', 'e', 'c', 'c', 'a']",1
Fem2Block.csv,Sarah2.mp4,Sarah,,,
Fem2Block.csv,Sarah2.mp4,Sarah,sarah,"['s', 'a', 'r', 'a', 'h']",1
Fem3Block.csv,Shelby2.mp4,Shelby,,,
Fem3Block.csv,Shelby2.mp4,Shelby,shelby,"['s', 'h', 'e', 'l', 'b', 'y']",1
Male3Block.csv,Steven2.mp4,Steven,,,
Male3Block.csv,Steven2.mp4,Steven,steven,"['s', 't', 'e', 'v', 'e', 'n']",1
Fem3Block.csv,Taylor4.mp4,Taylor,,,
Fem3Block.csv,Taylor4.mp4,Taylor,kayla,"['k', 'a', 'y', 'l', 'a']",0
Male1Block.csv,Thomas2.mp4,Thomas,,,
Male1Block.csv,Thomas2.mp4,Thomas,,None,0
Male2Block.csv,Timothy3.mp4,Timothy,,,
Male2Block.csv,Timothy3.mp4,Timothy,nathan,"['n', 'a', 't', 'h', 'a', 'n']",0
Male1Block.csv,Trevor2.mp4,Trevor,,,
Male1Block.csv,Trevor2.mp4,Trevor,trevor,"['t', 'r', 'e', 'v', 'o', 'r']",1
Male2Block.csv,Tyler3.mp4,Tyler,,,
Male2Block.csv,Tyler3.mp4,Tyler,noah,"['n', 'o', 'a', 'h']",0