condsBlockFile,Video,Name,inputText,key_resp_3.keys,recallRating_A
Male1Block.csv,Aaron2.mp4,Aaron,,,
Male1Block.csv,Aaron2.mp4,Aaron,aaron,"['a', 'a', 'r', 'p', 'backspace', 'o', 'n']",1
Male1Block.csv,Adam4.mp4,Adam,,,
Male1Block.csv,Adam4.mp4,Adam,adam,"['a', 'd', 'a', 'm']",1
Fem3Block.csv,Alyssa3.mp4,Alyssa,,,
Fem3Block.csv,Alyssa3.mp4,Alyssa,lisa,"['l', 'i', 's', 'a']",0
Fem2Block.csv,Amanda3.mp4,Amanda,,,
Fem2Block.csv,Amanda3.mp4,Amanda,,None,0
Male2Block.csv,Andrew2.mp4,Andrew,,,
Male2Block.csv,Andrew2.mp4,Andrew,andrew,"['a', 'n', 'd', 'r', 'e', 'w']",1
Fem2Block.csv,Anna3.mp4,Anna,,,
Fem2Block.csv,Anna3.mp4,Anna,,None,0
Fem3Block.csv,Ashley3.mp4,Ashley,,,
Fem3Block.csv,Ashley3.mp4,Ashley,,None,0
Male1Block.csv,Bradley3.mp4,Bradley,,,
Male1Block.csv,Bradley3.mp4,Bradley,bradley,"['b', 'r', 'a', 'd', 'l', 'e', 'y']",1
Male3Block.csv,Brandon2.mp4,Brandon,,,
Male3Block.csv,Brandon2.mp4,Brandon,brandon,"['b', 'r', 'a', 'n', 'd', 'o', 'n']",1
Male2Block.csv,Brian2.mp4,Brian,,,
Male2Block.csv,Brian2.mp4,Brian,brian,"['b', 'r', 'i', 'a', 'n']",1
Fem1Block.csv,Brianna2.mp4,Brianna,,,
Fem1Block.csv,Brianna2.mp4,Brianna,,None,0
Fem1Block.csv,Brittany2.mp4,Brittany,,,
Fem1Block.csv,Brittany2.mp4,Brittany,,None,0
Male3Block.csv,Caleb5.mp4,Caleb,,,
Male3Block.csv,Caleb5.mp4,Caleb,cody,"['c', 'o', 'd', 'y']",0
Male3Block.csv,Cody2.mp4,Cody,,,
Male3Block.csv,Cody2.mp4,Cody,,None,0
Fem2Block.csv,Courtney2.mp4,Courtney,,,
Fem2Block.csv,Courtney2.mp4,Courtney,cou,"['c', 'o', 'u']",1
Male2Block.csv,Daniel3.mp4,Daniel,,,
Male2Block.csv,Daniel3.mp4,Daniel,,None,0
Fem3Block.csv,Danielle2.mp4,Danielle,,,
Fem3Block.csv,Danielle2.mp4,Danielle,cynthia,"['c', 'y', 'n', 't', 'h', 'i', 'a']",0
Male3Block.csv,David2.mp4,David,,,
Male3Block.csv,David2.mp4,David,david,"['a', 'backspace', 'd', 'a', 'v', 'i', 'd']",1
Male2Block.csv,Dylan3.mp4,Dylan,,,
Male2Block.csv,Dylan3.mp4,Dylan,,None,0
Fem3Block.csv,Emily5.mp4,Emily,,,
Fem3Block.csv,Emily5.mp4,Emily,emily,"['e', 'm', 'i', 'l', 'y']",1
Male1Block.csv,Eric2.mp4,Eric,,,
Male1Block.csv,Eric2.mp4,Eric,eric,"['e', 'r', 'o', 'backspace', 'i', 'c']",1
Male2Block.csv,Ethan2.mp4,Ethan,,,
Male2Block.csv,Ethan2.mp4,Ethan,ethan,"['e', 't', 'h', 'a', 'n']",1
Fem1Block.csv,Grace3.mp4,Grace,,,
Fem1Block.csv,Grace3.mp4,Grace,,None,0
Fem2Block.csv,Haley2.mp4,Haley,,,
Fem2Block.csv,Haley2.mp4,Haley,,None,0
Fem1Block.csv,Hannah2.mp4,Hannah,,,
Fem1Block.csv,Hannah2.mp4,Hannah,hannah,"['h', 'a', 'n', 'n', 'a', 'h']",1
Fem1Block.csv,Heather3.mp4,Heather,,,
Fem1Block.csv,Heather3.mp4,Heather,heather,"['h', 'e', 'a', 't', 'h', 'e', 'r']",1
Male2Block.csv,Jacob3.mp4,Jacob,,,
Male2Block.csv,Jacob3.mp4,Jacob,,None,0
Male1Block.csv,Jason4.mp4,Jason,,,
Male1Block.csv,Jason4.mp4,Jason,josh,"['j', 'o', 's', 'h']",0
Fem3Block.csv,Jenna4.mp4,Jenna,,,
Fem3Block.csv,Jenna4.mp4,Jenna,jenna,"['j', 'e', 'n', 'n', 'a']",1
Male3Block.csv,Jeremy2.mp4,Jeremy,,,
Male3Block.csv,Jeremy2.mp4,Jeremy,tim,"['t', 'i', 'm']",0
Fem3Block.csv,Jessica2.mp4,Jessica,,,
Fem3Block.csv,Jessica2.mp4,Jessica,,None,0
Male2Block.csv,Josh3.mp4,Josh,,,
Male2Block.csv,Josh3.mp4,Josh,josh,"['j', 'o', 's', 'h']",1
Fem1Block.csv,Julia2.mp4,Julia,,,
Fem1Block.csv,Julia2.mp4,Julia,julia,"['j', 'u', 'l', 'i', 'a']",1
Male1Block.csv,Justin2.mp4,Justin,,,
Male1Block.csv,Justin2.mp4,Justin,justin,"['u', 'backspace', 'j', 'u', 's', 't', 'i', 'n']",1
Fem2Block.csv,Katie2.mp4,Katie,,,
Fem2Block.csv,Katie2.mp4,Katie,,None,0
Fem3Block.csv,Kayla3.mp4,Kayla,,,
Fem3Block.csv,Kayla3.mp4,Kayla,,None,0
Fem2Block.csv,Kelsey2.mp4,Kelsey,,,
Fem2Block.csv,Kelsey2.mp4,Kelsey,,None,0
Male2Block.csv,Kevin2.mp4,Kevin,,,
Male2Block.csv,Kevin2.mp4,Kevin,kevin,"['k', 'e', 'v', 'i', 'n']",1
Male1Block.csv,Kyle3.mp4,Kyle,,,
Male1Block.csv,Kyle3.mp4,Kyle,kyle,"['k', 'y', 'l', 'e']",1
Fem2Block.csv,Lauren4.mp4,Lauren,,,
Fem2Block.csv,Lauren4.mp4,Lauren,lauren,"['l', 'a', 'u', 'r', 'e', 'n']",1
Male3Block.csv,Mark3.mp4,Mark,,,
Male3Block.csv,Mark3.mp4,Mark,,None,0
Male2Block.csv,Matthew2.mp4,Matthew,,,
Male2Block.csv,Matthew2.mp4,Matthew,matthew,"['a', 'backspace', 'm', 'a', 't', 't', 'h', 'e', 'w']",1
Fem2Block.csv,Megan2.mp4,Megan,,,
Fem2Block.csv,Megan2.mp4,Megan,,None,0
Male3Block.csv,Michael2.mp4,Michael,,,
Male3Block.csv,Michael2.mp4,Michael,michael,"['m', 'i', 'c', 'h', 'a', 'e', 'l']",1
Fem2Block.csv,Michelle2.mp4,Michelle,,,
Fem2Block.csv,Michelle2.mp4,Michelle,michelle,"['m', 'i', 'space', 'h', 'backspace', 'backspace', 'c', 'h', 'e', 'l', 'l', 'e']",1
Fem3Block.csv,Natalie3.mp4,Natalie,,,
Fem3Block.csv,Natalie3.mp4,Natalie,,None,0
Male3Block.csv,Nathan3.mp4,Nathan,,,
Male3Block.csv,Nathan3.mp4,Nathan,,None,0
Fem1Block.csv,Nicole2.mp4,Nicole,,,
Fem1Block.csv,Nicole2.mp4,Nicole,,None,0
Male1Block.csv,Noah2.mp4,Noah,,,
Male1Block.csv,Noah2.mp4,Noah,,None,0
Fem1Block.csv,Olivia3.mp4,Olivia,,,
Fem1Block.csv,Olivia3.mp4,Olivia,olivia,"['capslock', 'o', 'l', 'i', 'v', 'i', 'a']",1
Fem3Block.csv,Rachel3.mp4,Rachel,,,
Fem3Block.csv,Rachel3.mp4,Rachel,jenna,"['j', 'e', 'n', 'n', 'a']",0
Fem2Block.csv,Rebecca3.mp4,Rebecca,,,
Fem2Block.csv,Rebecca3.mp4,Rebecca,rebecca,"['r', 'e', 'b', 'e', 'c', 'c', 'a']",1
Fem1Block.csv,Sarah2.mp4,Sarah,,,
Fem1Block.csv,Sarah2.mp4,Sarah,sarah,"['s', 'a', 'r', 'a', 'h']",1
Fem3Block.csv,Shelby2.mp4,Shelby,,,
Fem3Block.csv,Shelby2.mp4,Shelby,shelby,"['s', 'h', 'e', 'l', 'b', 'y']",1
Male1Block.csv,Steven2.mp4,Steven,,,
Male1Block.csv,Steven2.mp4,Steven,steven,"['s', 't', 'e', 'v', 'e', 'n']",1
Fem1Block.csv,Taylor4.mp4,Taylor,,,
Fem1Block.csv,Taylor4.mp4,Taylor,,None,0
Male3Block.csv,Thomas2.mp4,Thomas,,,
Male3Block.csv,Thomas2.mp4,Thomas,,None,0
Male3Block.csv,Timothy3.mp4,Timothy,,,
Male3Block.csv,Timothy3.mp4,Timothy,,None,0
Male2Block.csv,Trevor2.mp4,Trevor,,,
Male2Block.csv,Trevor2.mp4,Trevor,nathan,"['n', 'a', 't', 'h', 'a', 'n']",0
Male1Block.csv,Tyler3.mp4,Tyler,,,
Male1Block.csv,Tyler3.mp4,Tyler,,None,0