condsBlockFile,Video,Name,inputText,key_resp_3.keys,recallRating_A
Male1Block.csv,Aaron2.mp4,Aaron,,,
Male1Block.csv,Aaron2.mp4,Aaron,mike,"['m', 'i', 'k', 'e']",0
Male1Block.csv,Adam4.mp4,Adam,,,
Male1Block.csv,Adam4.mp4,Adam,st,"['s', 't']",0
Fem2Block.csv,Alyssa3.mp4,Alyssa,,,
Fem2Block.csv,Alyssa3.mp4,Alyssa,alyssa,"['a', 'l', 'y', 's', 's', 'a', 'return', 'return']",1
Fem1Block.csv,Amanda3.mp4,Amanda,,,
Fem1Block.csv,Amanda3.mp4,Amanda,danielle,"['d', 'a', 'n', 'i', 'e', 'l', 'l', 'e', 'return']",0
Male1Block.csv,Andrew2.mp4,Andrew,,,
Male1Block.csv,Andrew2.mp4,Andrew,andrea,"['a', 'n', 'd', 'r', 'e', 'a', 'return']",0
Fem2Block.csv,Anna3.mp4,Anna,,,
Fem2Block.csv,Anna3.mp4,Anna,anna,"['a', 'n', 'n', 'a', 'return', 'return']",1
Fem1Block.csv,Ashley3.mp4,Ashley,,,
Fem1Block.csv,Ashley3.mp4,Ashley,nicole,"['n', 'i', 'c', 'k', 'backspace', 'o', 'l', 'e']",0
Male1Block.csv,Bradley3.mp4,Bradley,,,
Male1Block.csv,Bradley3.mp4,Bradley,bradley,"['b', 'r', 'a', 'd', 'l', 'e', 'y', 'return', 'return']",1
Male2Block.csv,Brandon2.mp4,Brandon,,,
Male2Block.csv,Brandon2.mp4,Brandon,brandon,"['b', 'r', 'a', 'n', 'd', 'o', 'n', 'return']",1
Male2Block.csv,Brian2.mp4,Brian,,,
Male2Block.csv,Brian2.mp4,Brian,kyle,"['k', 'y', 'l', 'e', 'return']",0
Fem2Block.csv,Brianna2.mp4,Brianna,,,
Fem2Block.csv,Brianna2.mp4,Brianna,lauren,"['l', 'a', 'u', 'r', 'e', 'n', 'return', 'return']",0
Fem1Block.csv,Brittany2.mp4,Brittany,,,
Fem1Block.csv,Brittany2.mp4,Brittany,brittney,"['b', 'r', 'i', 't', 't', 'n', 'e', 'y', 'return']",1
Male1Block.csv,Caleb5.mp4,Caleb,,,
Male1Block.csv,Caleb5.mp4,Caleb,caleb,"['c', 'a', 'l', 'e', 'b', 'return']",1
Male3Block.csv,Cody2.mp4,Cody,,,
Male3Block.csv,Cody2.mp4,Cody,cole,"['c', 'o', 'l', 'e', 'return', 'return', 'return', 'return']",0
Fem3Block.csv,Courtney2.mp4,Courtney,,,
Fem3Block.csv,Courtney2.mp4,Courtney,oliv,"['o', 'l', 'i', 'v', 'i', 'a', 'return', 'backspace', 'backspace']",0
Male1Block.csv,Daniel3.mp4,Daniel,,,
Male1Block.csv,Daniel3.mp4,Daniel,tom,"['t', 'o', 'm', 'return']",0
Fem1Block.csv,Danielle2.mp4,Danielle,,,
Fem1Block.csv,Danielle2.mp4,Danielle,kayla,"['k', 'a', 'y', 'semicolon', 'l', 'a']",0
Male2Block.csv,David2.mp4,David,,,
Male2Block.csv,David2.mp4,David,david,"['d', 'a', 'b', 'backspace', 'v', 'i', 'd']",1
Male3Block.csv,Dylan3.mp4,Dylan,,,
Male3Block.csv,Dylan3.mp4,Dylan,justin,"['j', 'u', 's', 't', 'i', 'n', 'return']",0
Fem3Block.csv,Emily5.mp4,Emily,,,
Fem3Block.csv,Emily5.mp4,Emily,katie,"['k', 'a', 't', 'i', 'e', 'return']",0
Male3Block.csv,Eric2.mp4,Eric,,,
Male3Block.csv,Eric2.mp4,Eric,thomas,"['t', 'h', 'o', 'm', 'a', 's', 'return', 'return']",0
Male2Block.csv,Ethan2.mp4,Ethan,,,
Male2Block.csv,Ethan2.mp4,Ethan,kyle,"['k', 'y', 'l', 'e', 'backspace', 'backspace', 'backspace', 'y', 'l', 'e']",0
Fem3Block.csv,Grace3.mp4,Grace,,,
Fem3Block.csv,Grace3.mp4,Grace,grace,"['g', 'r', 'a', 'c', 'e', 'return']",1
Fem2Block.csv,Haley2.mp4,Haley,,,
Fem2Block.csv,Haley2.mp4,Haley,haley,"['h', 'a', 'l', 'e', 'y', 'return']",1
Fem1Block.csv,Hannah2.mp4,Hannah,,,
Fem1Block.csv,Hannah2.mp4,Hannah,na,"['n', 'backspace', 'n', 'a']",0
Fem3Block.csv,Heather3.mp4,Heather,,,
Fem3Block.csv,Heather3.mp4,Heather,heather,"['h', 'e', 'a', 't', 'h', 'e', 'r', 'return', 'return']",1
Male2Block.csv,Jacob3.mp4,Jacob,,,
Male2Block.csv,Jacob3.mp4,Jacob,jacob,"['j', 'a', 'c', 'o', 'b', 'return']",1
Male1Block.csv,Jason4.mp4,Jason,,,
Male1Block.csv,Jason4.mp4,Jason,jason,"['j', 'a', 's', 'o', 'n', 'return', 'return', 'return']",1
Fem3Block.csv,Jenna4.mp4,Jenna,,,
Fem3Block.csv,Jenna4.mp4,Jenna,jenna,"['j', 'e', 'n', 'n', 'a', 'return', 'return']",1
Male2Block.csv,Jeremy2.mp4,Jeremy,,,
Male2Block.csv,Jeremy2.mp4,Jeremy,jeremy,"['j', 'e', 'r', 'e', 'm', 'y']",1
Fem1Block.csv,Jessica2.mp4,Jessica,,,
Fem1Block.csv,Jessica2.mp4,Jessica,hannah,"['h', 'a', 'n', 'n', 'a', 'h']",0
Male2Block.csv,Josh3.mp4,Josh,,,
Male2Block.csv,Josh3.mp4,Josh,josh,"['j', 'o', 's', 'h', 'return']",1
Fem3Block.csv,Julia2.mp4,Julia,,,
Fem3Block.csv,Julia2.mp4,Julia,shel,"['t', 'backspace', 's', 'h', 'e', 'l']",0
Male3Block.csv,Justin2.mp4,Justin,,,
Male3Block.csv,Justin2.mp4,Justin,,None,0
Fem3Block.csv,Katie2.mp4,Katie,,,
Fem3Block.csv,Katie2.mp4,Katie,kati,"['k', 'a', 't', 'i']",1
Fem1Block.csv,Kayla3.mp4,Kayla,,,
Fem1Block.csv,Kayla3.mp4,Kayla,kay,"['k', 'a', 'y', 'semicolon', 'a', 'backspace']",1
Fem2Block.csv,Kelsey2.mp4,Kelsey,,,
Fem2Block.csv,Kelsey2.mp4,Kelsey,kelsey,"['k', 'e', 'e', 'l', 'backspace', 'backspace', 'l', 's', 'e', 'y', 'return', 'return', 'return', 'return', 'return']",1
Male1Block.csv,Kevin2.mp4,Kevin,,,
Male1Block.csv,Kevin2.mp4,Kevin,kevin,"['k', 'e', 'v', 'i', 'n', 'return', 'return', 'return']",1
Male2Block.csv,Kyle3.mp4,Kyle,,,
Male2Block.csv,Kyle3.mp4,Kyle,kyle,"['k', 'y', 'l', 'e']",1
Fem2Block.csv,Lauren4.mp4,Lauren,,,
Fem2Block.csv,Lauren4.mp4,Lauren,rebecca,"['r', 'e', 'b', 'e', 'c', 'c', 'a', 'return']",0
Male1Block.csv,Mark3.mp4,Mark,,,
Male1Block.csv,Mark3.mp4,Mark,thom,"['m', 'i', 'k', 'backspace', 'backspace', 'backspace', 't', 'h', 'o', 'm']",0
Male2Block.csv,Matthew2.mp4,Matthew,,,
Male2Block.csv,Matthew2.mp4,Matthew,mathew,"['m', 'a', 't', 'h', 'e', 'w']",1
Fem2Block.csv,Megan2.mp4,Megan,,,
Fem2Block.csv,Megan2.mp4,Megan,megan,"['m', 'e', 'g', 'a', 'n', 'return']",1
Male1Block.csv,Michael2.mp4,Michael,,,
Male1Block.csv,Michael2.mp4,Michael,,None,0
Fem1Block.csv,Michelle2.mp4,Michelle,,,
Fem1Block.csv,Michelle2.mp4,Michelle,michelle,"['m', 'i', 'c', 'h', 'e', 'l', 'l', 'e', 'return', 'return']",1
Fem1Block.csv,Natalie3.mp4,Natalie,,,
Fem1Block.csv,Natalie3.mp4,Natalie,jessica,"['j', 'e', 's', 's', 'i', 'c', 'a', 'return']",0
Male3Block.csv,Nathan3.mp4,Nathan,,,
Male3Block.csv,Nathan3.mp4,Nathan,nathan,"['n', 'a', 'backspace', 'backspace', 'capslock', 'n', 'capslock', 'backspace', 'n', 'a', 't', 'h', 'a', 'n', 'return']",1
Fem2Block.csv,Nicole2.mp4,Nicole,,,
Fem2Block.csv,Nicole2.mp4,Nicole,nicole,"['n', 'i', 'c', 'o', 'l', 'e', 'return', 'return', 'return']",1
Male2Block.csv,Noah2.mp4,Noah,,,
Male2Block.csv,Noah2.mp4,Noah,noah,"['n', 'o', 'a', 'h', 'return']",1
Fem3Block.csv,Olivia3.mp4,Olivia,,,
Fem3Block.csv,Olivia3.mp4,Olivia,olivia,"['p', 'backspace', 'o', 'l', 'i', 'v', 'i', 'a', 'return']",1
Fem2Block.csv,Rachel3.mp4,Rachel,,,
Fem2Block.csv,Rachel3.mp4,Rachel,rachel,"['r', 'a', 'c', 'v', 'h', 'backspace', 'backspace', 'h', 'e', 'semicolon', 'l', 'return']",1
Fem2Block.csv,Rebecca3.mp4,Rebecca,,,
Fem2Block.csv,Rebecca3.mp4,Rebecca,st,"['s', 't', 'w', 'backspace']",0
Fem1Block.csv,Sarah2.mp4,Sarah,,,
Fem1Block.csv,Sarah2.mp4,Sarah,sara,"['a', 'backspace', 's', 'capslock', 'r', 'backspace', 'a', 'r', 'a', 'return']",1
Fem3Block.csv,Shelby2.mp4,Shelby,,,
Fem3Block.csv,Shelby2.mp4,Shelby,shelby,"['s', 'h', 'e', 'l', 'b', 'y', 'return']",1
Male3Block.csv,Steven2.mp4,Steven,,,
Male3Block.csv,Steven2.mp4,Steven,dylan,"['d', 'y', 'l', 'a', 'n', 'return', 'return']",0
Fem3Block.csv,Taylor4.mp4,Taylor,,,
Fem3Block.csv,Taylor4.mp4,Taylor,taylor,"['t', 'lshift', 'y', 'backspace', 'a', 'y', 'l', 'o', 'r', 'return', 'return']",1
Male3Block.csv,Thomas2.mp4,Thomas,,,
Male3Block.csv,Thomas2.mp4,Thomas,cody,"['c', 'o', 'd', 'y', 'return', 'return']",0
Male3Block.csv,Timothy3.mp4,Timothy,,,
Male3Block.csv,Timothy3.mp4,Timothy,timo,"['t', 'backspace', 't', 'i', 'm', 'o']",1
Male3Block.csv,Trevor2.mp4,Trevor,,,
Male3Block.csv,Trevor2.mp4,Trevor,trevor,"['t', 'r', 'e', 'b', 'backspace', 'o', 'backspace', 'v', 'o', 'r', 'return', 'return', 'return']",1
Male3Block.csv,Tyler3.mp4,Tyler,,,
Male3Block.csv,Tyler3.mp4,Tyler,tyler,"['t', 'y', 'l', 'e', 'r', 'return', 'return']",1