condsBlockFile,Video,Name,inputText,key_resp_3.keys,recallRating_A
Male3Block.csv,Aaron2.mp4,Aaron,,,
Male3Block.csv,Aaron2.mp4,Aaron,aaron,"['a', 'a', 'r', 'o', 'n']",1
Male1Block.csv,Adam4.mp4,Adam,,,
Male1Block.csv,Adam4.mp4,Adam,adam,"['a', 'd', 'a', 'm']",1
Fem2Block.csv,Alyssa3.mp4,Alyssa,,,
Fem2Block.csv,Alyssa3.mp4,Alyssa,melissa,"['m', 'e', 'l', 'i', 's', 's', 'a']",0
Fem1Block.csv,Amanda3.mp4,Amanda,,,
Fem1Block.csv,Amanda3.mp4,Amanda,lauren,"['l', 'a', 'u', 'r', 'e', 'n']",0
Male1Block.csv,Andrew2.mp4,Andrew,,,
Male1Block.csv,Andrew2.mp4,Andrew,bradley,"['b', 'r', 'a', 'd', 'l', 'e', 'y']",0
Fem1Block.csv,Anna3.mp4,Anna,,,
Fem1Block.csv,Anna3.mp4,Anna,anna,"['a', 'n', 'n', 'a']",1
Fem2Block.csv,Ashley3.mp4,Ashley,,,
Fem2Block.csv,Ashley3.mp4,Ashley,kaitlyn,"['k', 'a', 'i', 't', 'l', 'y', 'n']",0
Male1Block.csv,Bradley3.mp4,Bradley,,,
Male1Block.csv,Bradley3.mp4,Bradley,kevin,"['k', 'e', 'v', 'n', 'backspace', 'i', 'n']",0
Male2Block.csv,Brandon2.mp4,Brandon,,,
Male2Block.csv,Brandon2.mp4,Brandon,brandon,"['b', 'r', 'a', 'n', 'd', 'o', 'n', 'lshift', 'question']",1
Male2Block.csv,Brian2.mp4,Brian,,,
Male2Block.csv,Brian2.mp4,Brian,mike,"['m', 'i', 'e', 'backspace', 'k', 'e']",0
Fem3Block.csv,Brianna2.mp4,Brianna,,,
Fem3Block.csv,Brianna2.mp4,Brianna,brianna,"['b', 'r', 'i', 'backspace', 'i', 'a', 'n', 'n', 'a']",1
Fem3Block.csv,Brittany2.mp4,Brittany,,,
Fem3Block.csv,Brittany2.mp4,Brittany,danielle,"['d', 'a', 'n', 'i', 'e', 'l', 'l', 'e']",0
Male3Block.csv,Caleb5.mp4,Caleb,,,
Male3Block.csv,Caleb5.mp4,Caleb,ethan,"['e', 't', 'h', 'a', 'n']",0
Male3Block.csv,Cody2.mp4,Cody,,,
Male3Block.csv,Cody2.mp4,Cody,cody,"['c', 'o', 'd', 'y']",1
Fem3Block.csv,Courtney2.mp4,Courtney,,,
Fem3Block.csv,Courtney2.mp4,Courtney,haley,"['h', 'a', 'l', 'e', 'y']",0
Male2Block.csv,Daniel3.mp4,Daniel,,,
Male2Block.csv,Daniel3.mp4,Daniel,brian,"['b', 'r', 'i', 'n', 'backspace', 'a', 'n']",0
Fem3Block.csv,Danielle2.mp4,Danielle,,,
Fem3Block.csv,Danielle2.mp4,Danielle,ha,"['r', 'backspace', 'n', 'backspace', 'h', 'a']",0
Male3Block.csv,David2.mp4,David,,,
Male3Block.csv,David2.mp4,David,kevin,"['k', 'e', 'v', 'i', 'n']",0
Male2Block.csv,Dylan3.mp4,Dylan,,,
Male2Block.csv,Dylan3.mp4,Dylan,dylan,"['d', 'y', 'l', 'a', 'n']",1
Fem1Block.csv,Emily5.mp4,Emily,,,
Fem1Block.csv,Emily5.mp4,Emily,megan,"['m', 'e', 'g', 'a', 'n']",0
Male3Block.csv,Eric2.mp4,Eric,,,
Male3Block.csv,Eric2.mp4,Eric,eric,"['e', 'r', 'i', 'c']",1
Male3Block.csv,Ethan2.mp4,Ethan,,,
Male3Block.csv,Ethan2.mp4,Ethan,david,"['d', 'a', 'v', 'i', 'd']",0
Fem2Block.csv,Grace3.mp4,Grace,,,
Fem2Block.csv,Grace3.mp4,Grace,grace,"['g', 'r', 'a', 'c', 'e']",1
Fem3Block.csv,Haley2.mp4,Haley,,,
Fem3Block.csv,Haley2.mp4,Haley,courtney,"['c', 'o', 'u', 'r', 't', 'n', 'e', 'y']",0
Fem3Block.csv,Hannah2.mp4,Hannah,,,
Fem3Block.csv,Hannah2.mp4,Hannah,hannah,"['h', 'a', 'n', 'n', 'a', 'h']",1
Fem2Block.csv,Heather3.mp4,Heather,,,
Fem2Block.csv,Heather3.mp4,Heather,heather,"['h', 'e', 'a', 't', 'h', 'e', 'r']",1
Male2Block.csv,Jacob3.mp4,Jacob,,,
Male2Block.csv,Jacob3.mp4,Jacob,mich,"['m', 'i', 'c', 'h']",0
Male1Block.csv,Jason4.mp4,Jason,,,
Male1Block.csv,Jason4.mp4,Jason,jason,"['j', 'a', 's', 'o', 'n']",1
Fem1Block.csv,Jenna4.mp4,Jenna,,,
Fem1Block.csv,Jenna4.mp4,Jenna,emily,"['e', 'm', 'i', 'l', 'y']",0
Male1Block.csv,Jeremy2.mp4,Jeremy,,,
Male1Block.csv,Jeremy2.mp4,Jeremy,jeremy,"['j', 'e', 'r', 'e', 'm', 'y']",1
Fem1Block.csv,Jessica2.mp4,Jessica,,,
Fem1Block.csv,Jessica2.mp4,Jessica,jessica,"['j', 'e', 's', 's', 'i', 'c', 'a']",1
Male2Block.csv,Josh3.mp4,Josh,,,
Male2Block.csv,Josh3.mp4,Josh,josh,"['j', 'o', 's', 'h', 'return']",1
Fem1Block.csv,Julia2.mp4,Julia,,,
Fem1Block.csv,Julia2.mp4,Julia,jenna,"['j', 'e', 'n', 'n', 'a']",0
Male2Block.csv,Justin2.mp4,Justin,,,
Male2Block.csv,Justin2.mp4,Justin,michael,"['m', 'i', 'c', 'h', 'a', 'e', 'l']",0
Fem1Block.csv,Katie2.mp4,Katie,,,
Fem1Block.csv,Katie2.mp4,Katie,katie,"['k', 'a', 't', 'i', 'e']",1
Fem2Block.csv,Kayla3.mp4,Kayla,,,
Fem2Block.csv,Kayla3.mp4,Kayla,heather,"['h', 'e', 'a', 't', 'h', 'e', 'r']",0
Fem1Block.csv,Kelsey2.mp4,Kelsey,,,
Fem1Block.csv,Kelsey2.mp4,Kelsey,megan,"['m', 'e', 'g', 'a', 'n']",0
Male1Block.csv,Kevin2.mp4,Kevin,,,
Male1Block.csv,Kevin2.mp4,Kevin,trevor,"['t', 'r', 'e', 'v', 'o', 'r']",0
Male3Block.csv,Kyle3.mp4,Kyle,,,
Male3Block.csv,Kyle3.mp4,Kyle,kyle,"['k', 'y', 'l', 'e']",1
Fem1Block.csv,Lauren4.mp4,Lauren,,,
Fem1Block.csv,Lauren4.mp4,Lauren,kelsey,"['k', 'e', 'l', 's', 'e', 'y']",0
Male2Block.csv,Mark3.mp4,Mark,,,
Male2Block.csv,Mark3.mp4,Mark,michael,"['m', 'i', 'c', 'h', 'a', 'e', 'l']",0
Male3Block.csv,Matthew2.mp4,Matthew,,,
Male3Block.csv,Matthew2.mp4,Matthew,matthew,"['e', 't', 'h', 'a', 'n', 'backspace', 'backspace', 'backspace', 'backspace', 'backspace', 'm', 'a', 't', 't', 'h', 'e', 'w']",1
Fem1Block.csv,Megan2.mp4,Megan,,,
Fem1Block.csv,Megan2.mp4,Megan,amanda,"['a', 'm', 'a', 'n', 'd', 'a']",0
Male2Block.csv,Michael2.mp4,Michael,,,
Male2Block.csv,Michael2.mp4,Michael,timothy,"['t', 'm', 'i', 'backspace', 'backspace', 'i', 'm', 'o', 't', 'h', 'y']",0
Fem2Block.csv,Michelle2.mp4,Michelle,,,
Fem2Block.csv,Michelle2.mp4,Michelle,nicole,"['n', 'i', 'c', 'e', 'o', 'backspace', 'backspace', 'o', 'l', 'e']",0
Fem3Block.csv,Natalie3.mp4,Natalie,,,
Fem3Block.csv,Natalie3.mp4,Natalie,natalie,"['n', 'a', 't', 'a', 'l', 'i', 'e']",1
Male1Block.csv,Nathan3.mp4,Nathan,,,
Male1Block.csv,Nathan3.mp4,Nathan,nathan,"['n', 'a', 't', 'h', 'a', 'n']",1
Fem2Block.csv,Nicole2.mp4,Nicole,,,
Fem2Block.csv,Nicole2.mp4,Nicole,alyssa,"['a', 'l', 'y', 's', 's', 'a']",0
Male1Block.csv,Noah2.mp4,Noah,,,
Male1Block.csv,Noah2.mp4,Noah,noah,"['n', 'o', 'a', 'h']",1
Fem2Block.csv,Olivia3.mp4,Olivia,,,
Fem2Block.csv,Olivia3.mp4,Olivia,olivia,"['o', 'l', 'i', 'v', 'i', 'a']",1
Fem3Block.csv,Rachel3.mp4,Rachel,,,
Fem3Block.csv,Rachel3.mp4,Rachel,rachel,"['r', 'a', 'c', 'h', 'e', 'l']",1
Fem3Block.csv,Rebecca3.mp4,Rebecca,,,
Fem3Block.csv,Rebecca3.mp4,Rebecca,brittney,"['b', 'r', 'i', 't', 't', 'n', 'e', 'y']",0
Fem3Block.csv,Sarah2.mp4,Sarah,,,
Fem3Block.csv,Sarah2.mp4,Sarah,sarah,"['s', 'a', 'r', 'a', 'h']",1
Fem2Block.csv,Shelby2.mp4,Shelby,,,
Fem2Block.csv,Shelby2.mp4,Shelby,shelby,"['s', 'h', 'e', 'l', 'b', 'y']",1
Male3Block.csv,Steven2.mp4,Steven,,,
Male3Block.csv,Steven2.mp4,Steven,steven,"['s', 't', 'e', 'v', 'e', 'n']",1
Fem2Block.csv,Taylor4.mp4,Taylor,,,
Fem2Block.csv,Taylor4.mp4,Taylor,shelby,"['s', 'h', 'e', 'l', 'b', 'y']",0
Male1Block.csv,Thomas2.mp4,Thomas,,,
Male1Block.csv,Thomas2.mp4,Thomas,bradley,"['b', 'r', 'a', 'd', 'l', 'e', 'y']",0
Male2Block.csv,Timothy3.mp4,Timothy,,,
Male2Block.csv,Timothy3.mp4,Timothy,dylan,"['d', 'y', 'l', 'a', 'n']",0
Male1Block.csv,Trevor2.mp4,Trevor,,,
Male1Block.csv,Trevor2.mp4,Trevor,andrew,"['a', 'n', 'd', 'r', 'e', 'w']",0
Male3Block.csv,Tyler3.mp4,Tyler,,,
Male3Block.csv,Tyler3.mp4,Tyler,tyler,"['t', 'y', 'l', 'e', 'r']",1