condsBlockFile,Video,Name,inputText,key_resp_3.keys,recallRating_A
Male1Block.csv,Aaron2.mp4,Aaron,,,
Male1Block.csv,Aaron2.mp4,Aaron,Cody,"['lshift', 'c', 'o', 'd', 'y', 'return']",0
Male2Block.csv,Adam4.mp4,Adam,,,
Male2Block.csv,Adam4.mp4,Adam,Noah,"['lshift', 'n', 'o', 'a', 'h', 'return']",0
Fem1Block.csv,Alyssa3.mp4,Alyssa,,,
Fem1Block.csv,Alyssa3.mp4,Alyssa,Lauren,"['lshift', 'l', 'a', 'u', 'r', 'a', 'backspace', 'backspace', 'r', 'e', 'n', 'return']",0
Fem2Block.csv,Amanda3.mp4,Amanda,,,
Fem2Block.csv,Amanda3.mp4,Amanda,Olivia,"['lshift', 'o', 'l', 'i', 'v', 'i', 'a']",0
Male1Block.csv,Andrew2.mp4,Andrew,,,
Male1Block.csv,Andrew2.mp4,Andrew,,"['lshift', 'c', 'o', 'd', 'backspace', 'backspace', 'backspace', 'lshift', 'a', 'backspace', 'lshift']",0
Fem2Block.csv,Anna3.mp4,Anna,,,
Fem2Block.csv,Anna3.mp4,Anna,Shelby,"['lshift', 's', 'h', 'e', 'l', 'b', 'y']",0
Fem3Block.csv,Ashley3.mp4,Ashley,,,
Fem3Block.csv,Ashley3.mp4,Ashley,Elizabeth,"['lshift', 'e', 'l', 'i', 'z', 'a', 'b', 'backspace', 'backspace', 'backspace', 'backspace', 'backspace', 'l', 'i', 'z', 'a', 't', 'h', 'backspace', 'backspace', 'backspace', 'a', 'b', 'e', 't', 'h']",0
Male2Block.csv,Bradley3.mp4,Bradley,,,
Male2Block.csv,Bradley3.mp4,Bradley,David,"['lshift', 'd', 'a', 'v', 'i', 'd', 'space']",0
Male3Block.csv,Brandon2.mp4,Brandon,,,
Male3Block.csv,Brandon2.mp4,Brandon,Nathan,"['lshift', 'a', 'n', 'backspace', 'backspace', 'lshift', 'n', 'a', 't', 'a', 'backspace', 'h', 'a', 'n']",0
Male1Block.csv,Brian2.mp4,Brian,,,
Male1Block.csv,Brian2.mp4,Brian,Brian,"['lshift', 'b', 'r', 'i', 'a', 'n', 'return', 'return']",1
Fem2Block.csv,Brianna2.mp4,Brianna,,,
Fem2Block.csv,Brianna2.mp4,Brianna,Brianna,"['lshift', 'b', 'r', 'i', 'a', 'n', 'n', 'a']",1
Fem1Block.csv,Brittany2.mp4,Brittany,,,
Fem1Block.csv,Brittany2.mp4,Brittany,,"['lshift', 'lshift', 't', 'i', 'f', 'f', 'a', 'backspace', 'backspace', 'backspace', 'backspace', 'backspace', 'backspace', 'lshift']",0
Male1Block.csv,Caleb5.mp4,Caleb,,,
Male1Block.csv,Caleb5.mp4,Caleb,Ethan,"['lshift', 'e', 't', 'h', 'a', 'n', 'return']",0
Male1Block.csv,Cody2.mp4,Cody,,,
Male1Block.csv,Cody2.mp4,Cody,Ethan,"['lshift', 'lshift', 'lshift', 'e', 'backspace', 'lshift', 'e', 't', 'h', 'a', 'n', 'return']",0
Fem1Block.csv,Courtney2.mp4,Courtney,,,
Fem1Block.csv,Courtney2.mp4,Courtney,Sarah,"['lshift', 's', 'a', 'r', 'a', 'h']",0
Male1Block.csv,Daniel3.mp4,Daniel,,,
Male1Block.csv,Daniel3.mp4,Daniel,Andrew,"['lshift', 'lshift', 'a', 'n', 'd', 'e', 'backspace', 'r', 'e', 'q', 'space', 'backspace', 'w', 'backspace', 'backspace', 'w', 'return']",0
Fem2Block.csv,Danielle2.mp4,Danielle,,,
Fem2Block.csv,Danielle2.mp4,Danielle,Brianna,"['lshift', 'b', 'r', 'i', 'a', 'n', 'n', 'a', 'return']",0
Male2Block.csv,David2.mp4,David,,,
Male2Block.csv,David2.mp4,David,Andrew,"['lshift', 'a', 'n', 'd', 'r', 'e', 'w']",0
Male2Block.csv,Dylan3.mp4,Dylan,,,
Male2Block.csv,Dylan3.mp4,Dylan,,"['lshift', 't', 'o', 'm', 'backspace', 'backspace', 'i', 'm', 'o', 't', 'h', 'y', 'backspace', 'backspace', 'backspace', 'backspace', 'backspace', 'backspace', 'backspace', 'lshift']",0
Fem1Block.csv,Emily5.mp4,Emily,,,
Fem1Block.csv,Emily5.mp4,Emily,Kayla,"['lshift', 'k', 'a', 'y', 'l', 'a', 'return']",0
Male1Block.csv,Eric2.mp4,Eric,,,
Male1Block.csv,Eric2.mp4,Eric,,"['lshift', 'a', 'r', 'o', 'n', 'backspace', 'backspace', 'backspace', 'a', 'r', 'o', 'n', 'return', 'backspace', 'backspace', 'backspace', 'backspace', 'backspace', 'backspace', 'lshift']",0
Male1Block.csv,Ethan2.mp4,Ethan,,,
Male1Block.csv,Ethan2.mp4,Ethan,Matthew,"['lshift', 'm', 'a', 't', 't', 'h', 'e', 'w']",0
Fem3Block.csv,Grace3.mp4,Grace,,,
Fem3Block.csv,Grace3.mp4,Grace,Grace,"['lshift', 'o', 'l', 'i', 'backspace', 'backspace', 'backspace', 'lshift', 'e', 'backspace', 'backspace', 'lshift', 'g', 'r', 'a', 'c', 'e', 'return']",1
Fem3Block.csv,Haley2.mp4,Haley,,,
Fem3Block.csv,Haley2.mp4,Haley,K,"['lshift', 'o', 'backspace', 'lshift', 's', 'a', 'r', 'backspace', 'backspace', 'backspace', 'lshift', 'k']",0
Fem3Block.csv,Hannah2.mp4,Hannah,,,
Fem3Block.csv,Hannah2.mp4,Hannah,Meghan,"['lshift', 'm', 'e', 'g', 'h', 'a', 'n', 'return']",0
Fem3Block.csv,Heather3.mp4,Heather,,,
Fem3Block.csv,Heather3.mp4,Heather,Elizabeth,"['lshift', 'e', 'l', 'i', 'z', 'a', 'b', 'e', 't', 'h']",0
Male3Block.csv,Jacob3.mp4,Jacob,,,
Male3Block.csv,Jacob3.mp4,Jacob,Jason,"['lshift', 'j', 'a', 'c', 'backspace', 's', 'o', 'n']",0
Male3Block.csv,Jason4.mp4,Jason,,,
Male3Block.csv,Jason4.mp4,Jason,Mark,"['lshift', 'm', 'a', 'r', 'k']",0
Fem3Block.csv,Jenna4.mp4,Jenna,,,
Fem3Block.csv,Jenna4.mp4,Jenna,Hannah,"['lshift', 'h', 'a', 'n', 'n', 'a', 'h']",0
Male3Block.csv,Jeremy2.mp4,Jeremy,,,
Male3Block.csv,Jeremy2.mp4,Jeremy,Timothy,"['lshift', 't', 'i', 'm', 'o', 'n', 'backspace', 't', 'h', 'y']",0
Fem2Block.csv,Jessica2.mp4,Jessica,,,
Fem2Block.csv,Jessica2.mp4,Jessica,Rach,"['lshift', 'r', 'e', 'b', 'e', 'backspace', 'backspace', 'a', 'backspace', 'backspace', 'a', 'c', 'h', 'e', 'a', 'l', 'backspace', 'backspace', 'a', 'e', 'backspace', 'backspace', 'backspace', 'a', 'e', 'l', 'return', 'backspace', 'backspace', 'backspace']",0
Male3Block.csv,Josh3.mp4,Josh,,,
Male3Block.csv,Josh3.mp4,Josh,Jacob,"['lshift', 'j', 'a', 'c', 'o', 'b', 'return']",0
Fem2Block.csv,Julia2.mp4,Julia,,,
Fem2Block.csv,Julia2.mp4,Julia,H,"['lshift', 'h']",0
Male2Block.csv,Justin2.mp4,Justin,,,
Male2Block.csv,Justin2.mp4,Justin,Thomas,"['lshift', 't', 'h', 'o', 'm', 'a', 's', 'return']",0
Fem3Block.csv,Katie2.mp4,Katie,,,
Fem3Block.csv,Katie2.mp4,Katie,Taylor,"['lshift', 't', 'a', 'y', 'l', 'o', 'r', 'return']",0
Fem1Block.csv,Kayla3.mp4,Kayla,,,
Fem1Block.csv,Kayla3.mp4,Kayla,Courtney,"['lshift', 'c', 'o', 'u', 'r', 't', 'n', 'e', 'y']",0
Fem1Block.csv,Kelsey2.mp4,Kelsey,,,
Fem1Block.csv,Kelsey2.mp4,Kelsey,Nicole,"['lshift', 'n', 'i', 'c', 'o', 'l', 'e']",0
Male1Block.csv,Kevin2.mp4,Kevin,,,
Male1Block.csv,Kevin2.mp4,Kevin,Cody,"['lshift', 'c', 'o', 'd', 'u', 'backspace', 'y', 'return']",0
Male2Block.csv,Kyle3.mp4,Kyle,,,
Male2Block.csv,Kyle3.mp4,Kyle,Ke,"['lshift', 't', 'h', 'backspace', 'backspace', 'backspace', 'lshift', 't', 'h', 'o', 'backspace', 'backspace', 'backspace', 'backspace', 'lshift', 'k', 'e']",0
Fem1Block.csv,Lauren4.mp4,Lauren,,,
Fem1Block.csv,Lauren4.mp4,Lauren,Sarah,"['lshift', 's', 'a', 'r', 'a', 'h']",0
Male3Block.csv,Mark3.mp4,Mark,,,
Male3Block.csv,Mark3.mp4,Mark,Brandon,"['lshift', 'b', 'r', 'a', 'n', 'd', 'o', 'n']",0
Male1Block.csv,Matthew2.mp4,Matthew,,,
Male1Block.csv,Matthew2.mp4,Matthew,Aaron,"['lshift', 'a', 'a', 'r', 'o', 'n', 'return']",0
Fem3Block.csv,Megan2.mp4,Megan,,,
Fem3Block.csv,Megan2.mp4,Megan,Olivia,"['lshift', 'o', 'l', 'i', 'v', 'i', 'a', 'return']",0
Male3Block.csv,Michael2.mp4,Michael,,,
Male3Block.csv,Michael2.mp4,Michael,Josh,"['lshift', 'j', 'o', 's', 'h']",0
Fem2Block.csv,Michelle2.mp4,Michelle,,,
Fem2Block.csv,Michelle2.mp4,Michelle,Jessica,"['lshift', 'j', 'e', 's', 's', 'i', 'c', 'a', 'space']",0
Fem1Block.csv,Natalie3.mp4,Natalie,,,
Fem1Block.csv,Natalie3.mp4,Natalie,Natalie,"['lshift', 'n', 'a', 't', 'a', 'l', 'i', 'e', 'return']",1
Male3Block.csv,Nathan3.mp4,Nathan,,,
Male3Block.csv,Nathan3.mp4,Nathan,Brandon,"['lshift', 'b', 'a', 'backspace', 'r', 'a', 'n', 'd', 'o', 'n']",0
Fem1Block.csv,Nicole2.mp4,Nicole,,,
Fem1Block.csv,Nicole2.mp4,Nicole,Courtney,"['c', 'lshift', 'p', 'i', 'backspace', 'backspace', 'backspace', 'lshift', 'c', 'p', 'u', 'r', 'backspace', 'backspace', 'backspace', 'o', 'u', 'r', 'n', 'backspace', 't', 'n', 'e', 'y', 'return']",0
Male2Block.csv,Noah2.mp4,Noah,,,
Male2Block.csv,Noah2.mp4,Noah,Stephen,"['lshift', 's', 't', 'e', 'p', 'h', 'e', 'n', 'space', 'return', 'return']",0
Fem3Block.csv,Olivia3.mp4,Olivia,,,
Fem3Block.csv,Olivia3.mp4,Olivia,Ashley,"['a', 's', 'equal', 'backspace', 'backspace', 'lshift', 'a', 's', 'h', 'e', 'l', 'y', 'backspace', 'backspace', 'backspace', 'l', 'e', 'y', 'return']",0
Fem2Block.csv,Rachel3.mp4,Rachel,,,
Fem2Block.csv,Rachel3.mp4,Rachel,Michelle,"['lshift', 'm', 'i', 'c', 'h', 'e', 'l', 'l', 'e']",0
Fem2Block.csv,Rebecca3.mp4,Rebecca,,,
Fem2Block.csv,Rebecca3.mp4,Rebecca,Anna,"['lshift', 'a', 'n', 'n', 'a']",0
Fem1Block.csv,Sarah2.mp4,Sarah,,,
Fem1Block.csv,Sarah2.mp4,Sarah,Rachael,"['lshift', 'lshift', 'r', 'a', 'c', 'h', 'e', 'l', 'backspace', 'backspace', 'a', 'backspace', 'e', 'a', 'l', 'backspace', 'backspace', 'backspace', 'e', 'a', 'backspace', 'backspace', 'a', 'e', 'l']",0
Fem2Block.csv,Shelby2.mp4,Shelby,,,
Fem2Block.csv,Shelby2.mp4,Shelby,Shelby,"['lshift', 'a', 'backspace', 'lshift', 's', 'h', 'e', 'l', 'b', 'y']",1
Male2Block.csv,Steven2.mp4,Steven,,,
Male2Block.csv,Steven2.mp4,Steven,Bradl,"['lshift', 'd', 'a', 'v', 'i', 'd', 'backspace', 'backspace', 'backspace', 'backspace', 'backspace', 'backspace', 'lshift', 'd', 'f', 'backspace', 'backspace', 'lshift', 'b', 'r', 'a', 'd', 'e', 'l', 'backspace', 'backspace', 'l']",0
Fem3Block.csv,Taylor4.mp4,Taylor,,,
Fem3Block.csv,Taylor4.mp4,Taylor,Elizabeth,"['lshift', 'e', 'l', 'i', 'z', 'a', 'b', 'e', 't', 'h', 'lcommand']",0
Male2Block.csv,Thomas2.mp4,Thomas,,,
Male2Block.csv,Thomas2.mp4,Thomas,Dylan,"['lshift', 'd', 'y', 'l', 'a', 'n']",0
Male2Block.csv,Timothy3.mp4,Timothy,,,
Male2Block.csv,Timothy3.mp4,Timothy,Justin,"['lshift', 'j', 'u', 's', 't', 'i', 'n', 'return', 'space']",0
Male3Block.csv,Trevor2.mp4,Trevor,,,
Male3Block.csv,Trevor2.mp4,Trevor,Trevor,"['lshift', 't', 'r', 'e', 'v', 'o', 'r']",1
Male3Block.csv,Tyler3.mp4,Tyler,,,
Male3Block.csv,Tyler3.mp4,Tyler,Trevor,"['lshift', 't', 'r', 'e', 'v', 'v', 'backspace', 'o', 'r']",0