condsBlockFile,Video,Name,inputText,key_resp_3.keys,recallRating_A
Male3Block.csv,Aaron2.mp4,Aaron,,,
Male3Block.csv,Aaron2.mp4,Aaron,aaron,"['a', 'a', 'r', 'o', 'n', 'return', 'space']",1
Male2Block.csv,Adam4.mp4,Adam,,,
Male2Block.csv,Adam4.mp4,Adam,adam,"['a', 'd', 'a', 'm']",1
Fem3Block.csv,Alyssa3.mp4,Alyssa,,,
Fem3Block.csv,Alyssa3.mp4,Alyssa,,None,0
Fem1Block.csv,Amanda3.mp4,Amanda,,,
Fem1Block.csv,Amanda3.mp4,Amanda,amanda,"['a', 'm', 'a', 'n', 'd', 'a']",1
Male3Block.csv,Andrew2.mp4,Andrew,,,
Male3Block.csv,Andrew2.mp4,Andrew,thomas,"['t', 'h', 'o', 'm', 'a', 's', 'return']",0
Fem1Block.csv,Anna3.mp4,Anna,,,
Fem1Block.csv,Anna3.mp4,Anna,anna,"['a', 'n', 'n', 'a']",1
Fem1Block.csv,Ashley3.mp4,Ashley,,,
Fem1Block.csv,Ashley3.mp4,Ashley,rachel,"['r', 'a', 'c', 'h', 'e', 'l']",0
Male3Block.csv,Bradley3.mp4,Bradley,,,
Male3Block.csv,Bradley3.mp4,Bradley,micheal,"['m', 'i', 'c', 'h', 'e', 'a', 'l']",0
Male3Block.csv,Brandon2.mp4,Brandon,,,
Male3Block.csv,Brandon2.mp4,Brandon,brandon,"['t', 'y', 'backspace', 'backspace', 'backspace', 'b', 'r', 'a', 'n', 'd', 'o', 'n']",1
Male1Block.csv,Brian2.mp4,Brian,,,
Male1Block.csv,Brian2.mp4,Brian,eric,"['e', 'r', 'i', 'c']",0
Fem3Block.csv,Brianna2.mp4,Brianna,,,
Fem3Block.csv,Brianna2.mp4,Brianna,,None,0
Fem2Block.csv,Brittany2.mp4,Brittany,,,
Fem2Block.csv,Brittany2.mp4,Brittany,brittany,"['b', 'r', 'i', 't', 't', 'a', 'n', 'y']",1
Male3Block.csv,Caleb5.mp4,Caleb,,,
Male3Block.csv,Caleb5.mp4,Caleb,,None,0
Male1Block.csv,Cody2.mp4,Cody,,,
Male1Block.csv,Cody2.mp4,Cody,david,"['d', 'a', 'v', 'i', 'd', 'return']",0
Fem3Block.csv,Courtney2.mp4,Courtney,,,
Fem3Block.csv,Courtney2.mp4,Courtney,,None,0
Male1Block.csv,Daniel3.mp4,Daniel,,,
Male1Block.csv,Daniel3.mp4,Daniel,,None,0
Fem2Block.csv,Danielle2.mp4,Danielle,,,
Fem2Block.csv,Danielle2.mp4,Danielle,nat,"['n', 'a', 't', 'a', 's', 'h', 'a', 'backspace', 'backspace', 'backspace', 'backspace']",0
Male1Block.csv,David2.mp4,David,,,
Male1Block.csv,David2.mp4,David,brian,"['b', 'r', 'i', 'a', 'n']",0
Male2Block.csv,Dylan3.mp4,Dylan,,,
Male2Block.csv,Dylan3.mp4,Dylan,mark,"['m', 'a', 'r', 'k']",0
Fem1Block.csv,Emily5.mp4,Emily,,,
Fem1Block.csv,Emily5.mp4,Emily,emily,"['e', 'm', 'i', 'l', 'y']",1
Male1Block.csv,Eric2.mp4,Eric,,,
Male1Block.csv,Eric2.mp4,Eric,eric,"['e', 'r', 'i', 'c']",1
Male3Block.csv,Ethan2.mp4,Ethan,,,
Male3Block.csv,Ethan2.mp4,Ethan,brandoooooo,"['b', 'r', 'a', 'n', 'd', 'o']",0
Fem3Block.csv,Grace3.mp4,Grace,,,
Fem3Block.csv,Grace3.mp4,Grace,,None,0
Fem1Block.csv,Haley2.mp4,Haley,,,
Fem1Block.csv,Haley2.mp4,Haley,ashley,"['a', 's', 'h', 'l', 'e', 'y']",0
Fem3Block.csv,Hannah2.mp4,Hannah,,,
Fem3Block.csv,Hannah2.mp4,Hannah,,None,0
Fem2Block.csv,Heather3.mp4,Heather,,,
Fem2Block.csv,Heather3.mp4,Heather,heather,"['h', 'e', 'a', 't', 'h', 'e', 'r']",1
Male1Block.csv,Jacob3.mp4,Jacob,,,
Male1Block.csv,Jacob3.mp4,Jacob,david,"['d', 'a', 'v', 'i', 'd']",0
Male2Block.csv,Jason4.mp4,Jason,,,
Male2Block.csv,Jason4.mp4,Jason,,None,0
Fem3Block.csv,Jenna4.mp4,Jenna,,,
Fem3Block.csv,Jenna4.mp4,Jenna,,None,0
Male2Block.csv,Jeremy2.mp4,Jeremy,,,
Male2Block.csv,Jeremy2.mp4,Jeremy,jeremy,"['j', 'e', 'r', 'm', 'i', 'backspace', 'backspace', 'i', 'm', 'y', 'backspace', 'backspace', 'backspace', 'e', 'm', 'y']",1
Fem2Block.csv,Jessica2.mp4,Jessica,,,
Fem2Block.csv,Jessica2.mp4,Jessica,katie,"['k', 'a', 't', 'i', 'e']",0
Male3Block.csv,Josh3.mp4,Josh,,,
Male3Block.csv,Josh3.mp4,Josh,john,"['j', 'o', 'h', 'n']",0
Fem2Block.csv,Julia2.mp4,Julia,,,
Fem2Block.csv,Julia2.mp4,Julia,michelle,"['m', 'i', 'c', 'h', 'e', 'l', 'l', 'e']",0
Male1Block.csv,Justin2.mp4,Justin,,,
Male1Block.csv,Justin2.mp4,Justin,justin,"['j', 'u', 's', 't', 'i', 'n']",1
Fem1Block.csv,Katie2.mp4,Katie,,,
Fem1Block.csv,Katie2.mp4,Katie,kayla,"['k', 'a', 'y', 'l', 'a']",0
Fem1Block.csv,Kayla3.mp4,Kayla,,,
Fem1Block.csv,Kayla3.mp4,Kayla,ashley,"['a', 's', 'h', 'l', 'e', 'y']",0
Fem2Block.csv,Kelsey2.mp4,Kelsey,,,
Fem2Block.csv,Kelsey2.mp4,Kelsey,,"['b', 'r', 'i', 't', 't', 'a', 'n', 'y', 'backspace', 'backspace', 'backspace', 'backspace', 'backspace', 'backspace', 'backspace', 'backspace']",0
Male2Block.csv,Kevin2.mp4,Kevin,,,
Male2Block.csv,Kevin2.mp4,Kevin,,None,0
Male2Block.csv,Kyle3.mp4,Kyle,,,
Male2Block.csv,Kyle3.mp4,Kyle,kyle,"['k', 'y', 'l', 'e']",1
Fem2Block.csv,Lauren4.mp4,Lauren,,,
Fem2Block.csv,Lauren4.mp4,Lauren,j,"['e', 'm', 'i', 'm', 'backspace', 'backspace', 'backspace', 'backspace', 'backspace', 'j']",0
Male2Block.csv,Mark3.mp4,Mark,,,
Male2Block.csv,Mark3.mp4,Mark,kevin,"['k', 'e', 'v', 'i', 'n']",0
Male2Block.csv,Matthew2.mp4,Matthew,,,
Male2Block.csv,Matthew2.mp4,Matthew,matt,"['m', 'a', 't', 't']",1
Fem3Block.csv,Megan2.mp4,Megan,,,
Fem3Block.csv,Megan2.mp4,Megan,,None,0
Male3Block.csv,Michael2.mp4,Michael,,,
Male3Block.csv,Michael2.mp4,Michael,micheal,"['m', 'i', 'c', 'h', 'e', 'a', 'l']",1
Fem2Block.csv,Michelle2.mp4,Michelle,,,
Fem2Block.csv,Michelle2.mp4,Michelle,michelle,"['m', 'i', 'c', 'h', 'e', 'l', 'l', 'e']",1
Fem1Block.csv,Natalie3.mp4,Natalie,,,
Fem1Block.csv,Natalie3.mp4,Natalie,natalie,"['n', 'a', 't', 'a', 'l', 'i', 'e']",1
Male1Block.csv,Nathan3.mp4,Nathan,,,
Male1Block.csv,Nathan3.mp4,Nathan,cody,"['c', 'o', 'd', 'y']",0
Fem2Block.csv,Nicole2.mp4,Nicole,,,
Fem2Block.csv,Nicole2.mp4,Nicole,nicole,"['n', 'i', 'c', 'o', 'l', 'e']",1
Male1Block.csv,Noah2.mp4,Noah,,,
Male1Block.csv,Noah2.mp4,Noah,daniel,"['d', 'a', 'n', 'i', 'e', 'l']",0
Fem3Block.csv,Olivia3.mp4,Olivia,,,
Fem3Block.csv,Olivia3.mp4,Olivia,,None,0
Fem1Block.csv,Rachel3.mp4,Rachel,,,
Fem1Block.csv,Rachel3.mp4,Rachel,kayla,"['k', 'a', 'y', 'l', 'a']",0
Fem3Block.csv,Rebecca3.mp4,Rebecca,,,
Fem3Block.csv,Rebecca3.mp4,Rebecca,,None,0
Fem1Block.csv,Sarah2.mp4,Sarah,,,
Fem1Block.csv,Sarah2.mp4,Sarah,sarah,"['s', 'a', 'r', 'a', 'h']",1
Fem3Block.csv,Shelby2.mp4,Shelby,,,
Fem3Block.csv,Shelby2.mp4,Shelby,,None,0
Male2Block.csv,Steven2.mp4,Steven,,,
Male2Block.csv,Steven2.mp4,Steven,steven,"['s', 't', 'e', 'v', 'e', 'n']",1
Fem2Block.csv,Taylor4.mp4,Taylor,,,
Fem2Block.csv,Taylor4.mp4,Taylor,jessica,"['j', 'e', 's', 's', 'i', 'c', 'a']",0
Male3Block.csv,Thomas2.mp4,Thomas,,,
Male3Block.csv,Thomas2.mp4,Thomas,tyler,"['t', 'y', 'l', 'e', 'r', 'return']",0
Male2Block.csv,Timothy3.mp4,Timothy,,,
Male2Block.csv,Timothy3.mp4,Timothy,timothy,"['t', 'i', 'm', 'o', 't', 'h', 'y']",1
Male1Block.csv,Trevor2.mp4,Trevor,,,
Male1Block.csv,Trevor2.mp4,Trevor,trevor,"['n', 'o', 'a', 'h', 'backspace', 'backspace', 'backspace', 'backspace', 'backspace', 't', 'r', 'e', 'v', 'o', 'r']",1
Male3Block.csv,Tyler3.mp4,Tyler,,,
Male3Block.csv,Tyler3.mp4,Tyler,alex,"['a', 'l', 'e', 'x', 'return']",0