condsBlockFile,Video,Name,inputText,key_resp_3.keys,recallRating_A
Male3Block.csv,Aaron2.mp4,Aaron,,,
Male3Block.csv,Aaron2.mp4,Aaron,aaron,"['a', 'a', 'r', 'o', 'n', 'return']",1
Male1Block.csv,Adam4.mp4,Adam,,,
Male1Block.csv,Adam4.mp4,Adam,noah,"['n', 'o', 'a', 'h']",0
Fem2Block.csv,Alyssa3.mp4,Alyssa,,,
Fem2Block.csv,Alyssa3.mp4,Alyssa,rebecca,"['r', 'e', 'b', 'e', 'c', 'c', 'a', 'return']",0
Fem1Block.csv,Amanda3.mp4,Amanda,,,
Fem1Block.csv,Amanda3.mp4,Amanda,sa,"['s', 'a', 'space']",0
Male1Block.csv,Andrew2.mp4,Andrew,,,
Male1Block.csv,Andrew2.mp4,Andrew,ty,"['t', 'y']",0
Fem2Block.csv,Anna3.mp4,Anna,,,
Fem2Block.csv,Anna3.mp4,Anna,anna,"['a', 'n', 'n', 'a', 'return']",1
Fem3Block.csv,Ashley3.mp4,Ashley,,,
Fem3Block.csv,Ashley3.mp4,Ashley,ashley,"['a', 's', 'h', 'l', 'e', 'y']",1
Male1Block.csv,Bradley3.mp4,Bradley,,,
Male1Block.csv,Bradley3.mp4,Bradley,bradley,"['b', 'r', 'a', 'd', 'l', 'e', 'y']",1
Male3Block.csv,Brandon2.mp4,Brandon,,,
Male3Block.csv,Brandon2.mp4,Brandon,timothy,"['t', 'i', 'm', 'o', 't', 'h', 'y']",0
Male1Block.csv,Brian2.mp4,Brian,,,
Male1Block.csv,Brian2.mp4,Brian,steven,"['s', 't', 'e', 'v', 'e', 'n']",0
Fem2Block.csv,Brianna2.mp4,Brianna,,,
Fem2Block.csv,Brianna2.mp4,Brianna,brianna,"['b', 'r', 'i', 'a', 'n', 'n', 'a', 'return']",1
Fem1Block.csv,Brittany2.mp4,Brittany,,,
Fem1Block.csv,Brittany2.mp4,Brittany,brittany,"['b', 'r', 'i', 't', 't', 'a', 'n', 'y']",1
Male3Block.csv,Caleb5.mp4,Caleb,,,
Male3Block.csv,Caleb5.mp4,Caleb,brandon,"['b', 'r', 'a', 'n', 'd', 'o', 'n']",0
Male3Block.csv,Cody2.mp4,Cody,,,
Male3Block.csv,Cody2.mp4,Cody,cody,"['c', 'o', 'd', 'y']",1
Fem3Block.csv,Courtney2.mp4,Courtney,,,
Fem3Block.csv,Courtney2.mp4,Courtney,courtney,"['c', 'o', 'u', 'r', 't', 'n', 'e', 'y']",1
Male3Block.csv,Daniel3.mp4,Daniel,,,
Male3Block.csv,Daniel3.mp4,Daniel,tim,"['t', 'i', 'm', 'o', 't', 'h', 'y', 'backspace', 'backspace', 'backspace', 'backspace']",0
Fem1Block.csv,Danielle2.mp4,Danielle,,,
Fem1Block.csv,Danielle2.mp4,Danielle,danielle,"['d', 'a', 'n', 'i', 'e', 'l', 'l', 'l', 'backspace', 'e']",1
Male3Block.csv,David2.mp4,David,,,
Male3Block.csv,David2.mp4,David,mark,"['m', 'a', 'r', 'k', 'return']",0
Male2Block.csv,Dylan3.mp4,Dylan,,,
Male2Block.csv,Dylan3.mp4,Dylan,noa,"['n', 'o', 'a']",0
Fem1Block.csv,Emily5.mp4,Emily,,,
Fem1Block.csv,Emily5.mp4,Emily,co,"['c', 'o', 'u', 'backspace']",0
Male2Block.csv,Eric2.mp4,Eric,,,
Male2Block.csv,Eric2.mp4,Eric,thomas,"['t', 'h', 'o', 'm', 'a', 's']",0
Male2Block.csv,Ethan2.mp4,Ethan,,,
Male2Block.csv,Ethan2.mp4,Ethan,thom,"['t', 'h', 'o', 'm']",0
Fem3Block.csv,Grace3.mp4,Grace,,,
Fem3Block.csv,Grace3.mp4,Grace,grace,"['g', 'r', 'a', 'c', 'e']",1
Fem2Block.csv,Haley2.mp4,Haley,,,
Fem2Block.csv,Haley2.mp4,Haley,brianna,"['b', 'r', 'i', 'a', 'n', 'n', 'a', 'return']",0
Fem3Block.csv,Hannah2.mp4,Hannah,,,
Fem3Block.csv,Hannah2.mp4,Hannah,hannah,"['h', 'a', 'n', 'n', 'a', 'h']",1
Fem1Block.csv,Heather3.mp4,Heather,,,
Fem1Block.csv,Heather3.mp4,Heather,heather,"['h', 'e', 'a', 't', 'h', 'e', 'r']",1
Male2Block.csv,Jacob3.mp4,Jacob,,,
Male2Block.csv,Jacob3.mp4,Jacob,joe,"['j', 'o', 'e', 'l', 'backspace']",0
Male3Block.csv,Jason4.mp4,Jason,,,
Male3Block.csv,Jason4.mp4,Jason,d,['d'],0
Fem3Block.csv,Jenna4.mp4,Jenna,,,
Fem3Block.csv,Jenna4.mp4,Jenna,jenna,"['j', 'e', 'n', 'n', 'a']",1
Male1Block.csv,Jeremy2.mp4,Jeremy,,,
Male1Block.csv,Jeremy2.mp4,Jeremy,tyler,"['t', 'y', 'l', 'e', 'r', 'return']",0
Fem1Block.csv,Jessica2.mp4,Jessica,,,
Fem1Block.csv,Jessica2.mp4,Jessica,jessica,"['j', 'e', 's', 's', 'i', 'c', 'a']",1
Male1Block.csv,Josh3.mp4,Josh,,,
Male1Block.csv,Josh3.mp4,Josh,josh,"['j', 'o', 's', 'h', 'return']",1
Fem1Block.csv,Julia2.mp4,Julia,,,
Fem1Block.csv,Julia2.mp4,Julia,julia,"['j', 'u', 'l', 'i', 'a']",1
Male3Block.csv,Justin2.mp4,Justin,,,
Male3Block.csv,Justin2.mp4,Justin,daniel,"['d', 'a', 'n', 'i', 'e', 'l']",0
Fem1Block.csv,Katie2.mp4,Katie,,,
Fem1Block.csv,Katie2.mp4,Katie,sarah,"['s', 'a', 'r', 'a', 'h']",0
Fem3Block.csv,Kayla3.mp4,Kayla,,,
Fem3Block.csv,Kayla3.mp4,Kayla,kayla,"['j', 'backspace', 'k', 'a', 'y', 'semicolon', 'a', 'backspace', 'l', 'a', 'space', 'return']",1
Fem3Block.csv,Kelsey2.mp4,Kelsey,,,
Fem3Block.csv,Kelsey2.mp4,Kelsey,kelsey,"['c', 'backspace', 'k', 'e', 'l', 's', 'e', 'y']",1
Male2Block.csv,Kevin2.mp4,Kevin,,,
Male2Block.csv,Kevin2.mp4,Kevin,kevin,"['k', 'e', 'v', 'i', 'n']",1
Male2Block.csv,Kyle3.mp4,Kyle,,,
Male2Block.csv,Kyle3.mp4,Kyle,kyle,"['k', 'y', 'l', 'e']",1
Fem3Block.csv,Lauren4.mp4,Lauren,,,
Fem3Block.csv,Lauren4.mp4,Lauren,lauren,"['l', 'a', 'u', 'r', 'e', 'n']",1
Male3Block.csv,Mark3.mp4,Mark,,,
Male3Block.csv,Mark3.mp4,Mark,mark,"['m', 'a', 'r', 'k']",1
Male1Block.csv,Matthew2.mp4,Matthew,,,
Male1Block.csv,Matthew2.mp4,Matthew,matthew,"['m', 'a', 't', 't', 'h', 'e', 'w', 'return']",1
Fem1Block.csv,Megan2.mp4,Megan,,,
Fem1Block.csv,Megan2.mp4,Megan,,None,0
Male2Block.csv,Michael2.mp4,Michael,,,
Male2Block.csv,Michael2.mp4,Michael,michael,"['m', 'i', 'c', 'h', 'a', 'backspace', 'backspace', 'h', 'a', 'l', 'backspace', 'e', 'l']",1
Fem2Block.csv,Michelle2.mp4,Michelle,,,
Fem2Block.csv,Michelle2.mp4,Michelle,michelle,"['m', 'i', 'c', 'h', 'e', 'l', 'l', 'e', 'return', 'return']",1
Fem2Block.csv,Natalie3.mp4,Natalie,,,
Fem2Block.csv,Natalie3.mp4,Natalie,haley,"['h', 'a', 'l', 'e', 'y']",0
Male2Block.csv,Nathan3.mp4,Nathan,,,
Male2Block.csv,Nathan3.mp4,Nathan,nathan,"['n', 'a', 't', 'h', 'a', 'n']",1
Fem2Block.csv,Nicole2.mp4,Nicole,,,
Fem2Block.csv,Nicole2.mp4,Nicole,nicole,"['n', 'i', 'c', 'o', 'l', 'e', 'return', 'return']",1
Male1Block.csv,Noah2.mp4,Noah,,,
Male1Block.csv,Noah2.mp4,Noah,noah,"['n', 'o', 'a', 'h']",1
Fem3Block.csv,Olivia3.mp4,Olivia,,,
Fem3Block.csv,Olivia3.mp4,Olivia,hannah,"['h', 'a', 'n', 'n', 'a', 'h']",0
Fem3Block.csv,Rachel3.mp4,Rachel,,,
Fem3Block.csv,Rachel3.mp4,Rachel,co,"['c', 'o']",0
Fem2Block.csv,Rebecca3.mp4,Rebecca,,,
Fem2Block.csv,Rebecca3.mp4,Rebecca,alyssa,"['a', 'l', 'y', 's', 's', 'a', 'return']",0
Fem1Block.csv,Sarah2.mp4,Sarah,,,
Fem1Block.csv,Sarah2.mp4,Sarah,jessica,"['j', 'e', 's', 's', 'i', 'c', 'a']",0
Fem2Block.csv,Shelby2.mp4,Shelby,,,
Fem2Block.csv,Shelby2.mp4,Shelby,haley,"['h', 'a', 'l', 'e', 'y', 'return']",0
Male1Block.csv,Steven2.mp4,Steven,,,
Male1Block.csv,Steven2.mp4,Steven,,None,0
Fem2Block.csv,Taylor4.mp4,Taylor,,,
Fem2Block.csv,Taylor4.mp4,Taylor,taylor,"['t', 'a', 'y', 'l', 'o', 'r', 'return', 'space', 'return']",1
Male2Block.csv,Thomas2.mp4,Thomas,,,
Male2Block.csv,Thomas2.mp4,Thomas,dylan,"['d', 'y', 'l', 'a', 'n']",0
Male3Block.csv,Timothy3.mp4,Timothy,,,
Male3Block.csv,Timothy3.mp4,Timothy,timothy,"['t', 'i', 'm', 'o', 't', 'h', 'y']",1
Male2Block.csv,Trevor2.mp4,Trevor,,,
Male2Block.csv,Trevor2.mp4,Trevor,ethan,"['e', 't', 'h', 'a', 'n']",0
Male1Block.csv,Tyler3.mp4,Tyler,,,
Male1Block.csv,Tyler3.mp4,Tyler,steven,"['s', 't', 'e', 'v', 'e', 'n']",0