,Video,Name,inputText,key_resp_3.keys,recallRating_A
0,Aaron2.mp4,Aaron,,,
1,Aaron2.mp4,Aaron, David,"['rshift', 'd', 'a', 'v', 'i', 'd']",0.0
2,Adam4.mp4,Adam,,,
3,Adam4.mp4,Adam, Adam,"['rshift', 'a', 'd', 'a', 'm']",1.0
4,Alyssa3.mp4,Alyssa,,,
5,Alyssa3.mp4,Alyssa, ,None,0.0
6,Amanda3.mp4,Amanda,,,
7,Amanda3.mp4,Amanda, ,None,0.0
8,Andrew2.mp4,Andrew,,,
9,Andrew2.mp4,Andrew, ,None,0.0
10,Anna3.mp4,Anna,,,
11,Anna3.mp4,Anna, Anna,"['rshift', 'a', 'n', 'n', 'a']",1.0
12,Ashley3.mp4,Ashley,,,
13,Ashley3.mp4,Ashley, ,None,0.0
14,Bradley3.mp4,Bradley,,,
15,Bradley3.mp4,Bradley, Bradley,"['rshift', 'b', 'r', 'a', 'd', 'l', 'e', 'y']",1.0
16,Brandon2.mp4,Brandon,,,
17,Brandon2.mp4,Brandon, Ethan,"['rshift', 'e', 't', 'h', 'a', 'n']",0.0
18,Brian2.mp4,Brian,,,
19,Brian2.mp4,Brian, Thomas,"['rshift', 't', 'h', 'o', 'm', 'a', 's']",0.0
20,Brianna2.mp4,Brianna,,,
21,Brianna2.mp4,Brianna, Emily ,"['rshift', 'e', 'm', 'i', 'l', 'y', 'space']",0.0
22,Brittany2.mp4,Brittany,,,
23,Brittany2.mp4,Brittany, ,['rshift'],0.0
24,Caleb5.mp4,Caleb,,,
25,Caleb5.mp4,Caleb, Caleb,"['rshift', 'c', 'a', 'l', 'e', 'b']",1.0
26,Cody2.mp4,Cody,,,
27,Cody2.mp4,Cody, Cody,"['rshift', 'c', 'o', 'd', 'y']",1.0
28,Courtney2.mp4,Courtney,,,
29,Courtney2.mp4,Courtney, Courtney,"['rshift', 'c', 'o', 'i', 'u', 'backspace', 'backspace', 'u', 'r', 't', 'n', 'e', 'y']",1.0
30,Daniel3.mp4,Daniel,,,
31,Daniel3.mp4,Daniel, Daniel,"['rshift', 'd', 'a', 'n', 'i', 'e', 'l']",1.0
32,Danielle2.mp4,Danielle,,,
33,Danielle2.mp4,Danielle, Katie ,"['rshift', 'k', 'a', 't', 'i', 'e', 'return', 'space']",0.0
34,David2.mp4,David,,,
35,David2.mp4,David, Aaron,"['rshift', 'a', 'a', 'r', 'o', 'n']",0.0
36,Dylan3.mp4,Dylan,,,
37,Dylan3.mp4,Dylan, Matthew,"['rshift', 'm', 'a', 't', 'h', 'r', 'e', 'w', 'backspace', 'backspace', 'backspace', 'e', 'w', 'backspace', 'backspace', 'backspace', 't', 'e', 'backspace', 'h', 'e', 'w']",0.0
38,Emily5.mp4,Emily,,,
39,Emily5.mp4,Emily, ,None,0.0
40,Eric2.mp4,Eric,,,
41,Eric2.mp4,Eric, ,None,0.0
42,Ethan2.mp4,Ethan,,,
43,Ethan2.mp4,Ethan, ,None,0.0
44,Grace3.mp4,Grace,,,
45,Grace3.mp4,Grace, ,None,0.0
46,Haley2.mp4,Haley,,,
47,Haley2.mp4,Haley, ,None,0.0
48,Hannah2.mp4,Hannah,,,
49,Hannah2.mp4,Hannah, Hannah,"['rshift', 'h', 'a', 'n', 'n', 'a', 'h']",1.0
50,Heather3.mp4,Heather,,,
51,Heather3.mp4,Heather, Heather,"['rshift', 'h', 'e', 'a', 't', 'h', 'e', 'r']",1.0
52,Jacob3.mp4,Jacob,,,
53,Jacob3.mp4,Jacob, Tyler,"['rshift', 't', 'y', 'l', 'e', 'r']",0.0
54,Jason4.mp4,Jason,,,
55,Jason4.mp4,Jason, Matthew,"['rshift', 'm', 'a', 't', 't', 'h', 'e', 'w']",0.0
56,Jenna4.mp4,Jenna,,,
57,Jenna4.mp4,Jenna, Lauren,"['rshift', 'rshift', 'l', 'a', 'u', 'r', 'e', 'n']",0.0
58,Jeremy2.mp4,Jeremy,,,
59,Jeremy2.mp4,Jeremy, ,None,0.0
60,Jessica2.mp4,Jessica,,,
61,Jessica2.mp4,Jessica, ,None,0.0
62,Josh3.mp4,Josh,,,
63,Josh3.mp4,Josh, Josh,"['rshift', 'j', 'o', 's', 'h']",1.0
64,Julia2.mp4,Julia,,,
65,Julia2.mp4,Julia, Julia,"['rshift', 'j', 'u', 'l', 'i', 'a']",1.0
66,Justin2.mp4,Justin,,,
67,Justin2.mp4,Justin, Nathan,"['rshift', 'n', 'a', 't', 'h', 'a', 'n']",0.0
68,Katie2.mp4,Katie,,,
69,Katie2.mp4,Katie, Julia,"['rshift', 'j', 'u', 'l', 'i', 'a']",0.0
70,Kayla3.mp4,Kayla,,,
71,Kayla3.mp4,Kayla, ,None,0.0
72,Kelsey2.mp4,Kelsey,,,
73,Kelsey2.mp4,Kelsey, Kelsey,"['rshift', 'k', 'e', 'l', 's', 'e', 'y']",1.0
74,Kevin2.mp4,Kevin,,,
75,Kevin2.mp4,Kevin, Aaron,"['rshift', 'a', 'a', 'r', 'o', 'm', 'n', 'backspace', 'backspace', 'n']",0.0
76,Kyle3.mp4,Kyle,,,
77,Kyle3.mp4,Kyle, ,None,0.0
78,Lauren4.mp4,Lauren,,,
79,Lauren4.mp4,Lauren, Courtney,"['rshift', 'c', 'o', 'u', 'r', 't', 'n', 'e', 'y']",0.0
80,Mark3.mp4,Mark,,,
81,Mark3.mp4,Mark, Caleb,"['rshift', 'c', 'a', 'l', 'e', 'b']",0.0
82,Matthew2.mp4,Matthew,,,
83,Matthew2.mp4,Matthew, Jacob,"['rshift', 'j', 'a', 'c', 'o', 'b']",0.0
84,Megan2.mp4,Megan,,,
85,Megan2.mp4,Megan, Anna,"['rshift', 'a', 'n', 'n', 'a']",0.0
86,Michael2.mp4,Michael,,,
87,Michael2.mp4,Michael, David,"['rshift', 'd', 'a', 'v', 'i', 'd']",0.0
88,Michelle2.mp4,Michelle,,,
89,Michelle2.mp4,Michelle, Michelle,"['rshift', 'm', 'i', 'c', 'h', 'e', 'l', 'l', 'e']",1.0
90,Natalie3.mp4,Natalie,,,
91,Natalie3.mp4,Natalie, Natalie,"['rshift', 'n', 'a', 't', 'a', 'l', 'i', 'e']",1.0
92,Nathan3.mp4,Nathan,,,
93,Nathan3.mp4,Nathan, Ryan,"['rshift', 'r', 'y', 'a', 'n']",0.0
94,Nicole2.mp4,Nicole,,,
95,Nicole2.mp4,Nicole, Nicole,"['rshift', 'n', 'i', 'c', 'o', 'l', 'e']",1.0
96,Noah2.mp4,Noah,,,
97,Noah2.mp4,Noah, ,None,0.0
98,Olivia3.mp4,Olivia,,,
99,Olivia3.mp4,Olivia, Katie,"['rshift', 'k', 'a', 't', 'i', 'e']",0.0
100,Rachel3.mp4,Rachel,,,
101,Rachel3.mp4,Rachel, Emily,"['rshift', 'e', 'm', 'i', 'l', 'y']",0.0
102,Rebecca3.mp4,Rebecca,,,
103,Rebecca3.mp4,Rebecca, Brittany,"['rshift', 'b', 'r', 'i', 't', 't', 'a', 'n', 'y']",0.0
104,Sarah2.mp4,Sarah,,,
105,Sarah2.mp4,Sarah, Sarah,"['rshift', 's', 'a', 'r', 'a', 'h']",1.0
106,Shelby2.mp4,Shelby,,,
107,Shelby2.mp4,Shelby, Shelby,"['rshift', 's', 'h', 'e', 'l', 'b', 'y']",1.0
108,Steven2.mp4,Steven,,,
109,Steven2.mp4,Steven, ,None,0.0
110,Taylor4.mp4,Taylor,,,
111,Taylor4.mp4,Taylor, ,None,0.0
112,Thomas2.mp4,Thomas,,,
113,Thomas2.mp4,Thomas, ,None,0.0
114,Timothy3.mp4,Timothy,,,
115,Timothy3.mp4,Timothy, Timothy,"['rshift', 't', 'i', 'm', 'o', 't', 'h', 'y']",1.0
116,Trevor2.mp4,Trevor,,,
117,Trevor2.mp4,Trevor, Thomas,"['rshift', 't', 'h', 'o', 'm', 'a', 's']",0.0
118,Tyler3.mp4,Tyler,,,
119,Tyler3.mp4,Tyler, Dylan,"['rshift', 'd', 'y', 'l', 'a', 'n']",0.0
