condsBlockFile,Video,Name,inputText,key_resp_3.keys,recallRating_A
Male2Block.csv,Aaron2.mp4,Aaron,,,
Male2Block.csv,Aaron2.mp4,Aaron,caleb,"['c', 'a', 'l', 'e', 'b']",0
Male2Block.csv,Adam4.mp4,Adam,,,
Male2Block.csv,Adam4.mp4,Adam,adam,"['a', 'd', 'a', 'm']",1
Fem1Block.csv,Alyssa3.mp4,Alyssa,,,
Fem1Block.csv,Alyssa3.mp4,Alyssa,alyssa,"['a', 'l', 'y', 's', 's', 'a']",1
Fem3Block.csv,Amanda3.mp4,Amanda,,,
Fem3Block.csv,Amanda3.mp4,Amanda,amanda,"['a', 'm', 'a', 'n', 'd', 'a']",1
Male3Block.csv,Andrew2.mp4,Andrew,,,
Male3Block.csv,Andrew2.mp4,Andrew,andrew,"['a', 'n', 'd', 'r', 'e', 'w']",1
Fem2Block.csv,Anna3.mp4,Anna,,,
Fem2Block.csv,Anna3.mp4,Anna,ana,"['a', 'n', 'a']",1
Fem2Block.csv,Ashley3.mp4,Ashley,,,
Fem2Block.csv,Ashley3.mp4,Ashley,hether,"['h', 'e', 't', 'h', 'e', 'r']",0
Male1Block.csv,Bradley3.mp4,Bradley,,,
Male1Block.csv,Bradley3.mp4,Bradley,jeremy,"['j', 'e', 'r', 'e', 'm', 'y']",0
Male3Block.csv,Brandon2.mp4,Brandon,,,
Male3Block.csv,Brandon2.mp4,Brandon,david,"['d', 'a', 'v', 'i', 'd']",0
Male3Block.csv,Brian2.mp4,Brian,,,
Male3Block.csv,Brian2.mp4,Brian,brian,"['b', 'r', 'i', 'a', 'n']",1
Fem1Block.csv,Brianna2.mp4,Brianna,,,
Fem1Block.csv,Brianna2.mp4,Brianna,kayla,"['k', 'a', 'y', 'l', 'a']",0
Fem3Block.csv,Brittany2.mp4,Brittany,,,
Fem3Block.csv,Brittany2.mp4,Brittany,britney,"['b', 'r', 'i', 't', 'n', 'e', 'y']",1
Male2Block.csv,Caleb5.mp4,Caleb,,,
Male2Block.csv,Caleb5.mp4,Caleb,caleb,"['c', 'a', 'l', 'a', 'b', 'backspace', 'backspace', 'e', 'b']",1
Male3Block.csv,Cody2.mp4,Cody,,,
Male3Block.csv,Cody2.mp4,Cody,matthew,"['m', 'a', 't', 't', 'h', 'e', 'w']",0
Fem2Block.csv,Courtney2.mp4,Courtney,,,
Fem2Block.csv,Courtney2.mp4,Courtney,grace,"['g', 'r', 'a', 'c', 'e']",0
Male2Block.csv,Daniel3.mp4,Daniel,,,
Male2Block.csv,Daniel3.mp4,Daniel,kevin,"['k', 'e', 'v', 'i', 'n']",0
Fem2Block.csv,Danielle2.mp4,Danielle,,,
Fem2Block.csv,Danielle2.mp4,Danielle,courtney,"['c', 'o', 'u', 'r', 't', 'n', 'e', 'y']",0
Male3Block.csv,David2.mp4,David,,,
Male3Block.csv,David2.mp4,David,mark,"['m', 'a', 'r', 'k']",0
Male2Block.csv,Dylan3.mp4,Dylan,,,
Male2Block.csv,Dylan3.mp4,Dylan,aaron,"['a', 'a', 'r', 'o', 'n']",0
Fem1Block.csv,Emily5.mp4,Emily,,,
Fem1Block.csv,Emily5.mp4,Emily,emily,"['e', 'm', 'i', 'l', 'y']",1
Male1Block.csv,Eric2.mp4,Eric,,,
Male1Block.csv,Eric2.mp4,Eric,david,"['d', 'a', 'v', 'i', 'd']",0
Male1Block.csv,Ethan2.mp4,Ethan,,,
Male1Block.csv,Ethan2.mp4,Ethan,michael,"['m', 'i', 'c', 'h', 'a', 'e', 'l']",0
Fem2Block.csv,Grace3.mp4,Grace,,,
Fem2Block.csv,Grace3.mp4,Grace,natalie,"['n', 'a', 't', 'a', 'l', 'i', 'e']",0
Fem1Block.csv,Haley2.mp4,Haley,,,
Fem1Block.csv,Haley2.mp4,Haley,jenna,"['j', 'e', 'n', 'n', 'a']",0
Fem1Block.csv,Hannah2.mp4,Hannah,,,
Fem1Block.csv,Hannah2.mp4,Hannah,hannah,"['h', 'a', 'n', 'n', 'a', 'h']",1
Fem2Block.csv,Heather3.mp4,Heather,,,
Fem2Block.csv,Heather3.mp4,Heather,anna,"['a', 'n', 'n', 'a']",0
Male2Block.csv,Jacob3.mp4,Jacob,,,
Male2Block.csv,Jacob3.mp4,Jacob,jacob,"['j', 'a', 'c', 'o', 'b']",1
Male3Block.csv,Jason4.mp4,Jason,,,
Male3Block.csv,Jason4.mp4,Jason,jason,"['j', 'a', 'o', 'backspace', 's', 'o', 'n']",1
Fem1Block.csv,Jenna4.mp4,Jenna,,,
Fem1Block.csv,Jenna4.mp4,Jenna,hayley,"['h', 'a', 'y', 'l', 'e', 'y']",0
Male1Block.csv,Jeremy2.mp4,Jeremy,,,
Male1Block.csv,Jeremy2.mp4,Jeremy,jeremy,"['j', 'e', 'r', 'e', 'm', 'y']",1
Fem3Block.csv,Jessica2.mp4,Jessica,,,
Fem3Block.csv,Jessica2.mp4,Jessica,katie,"['k', 'a', 't', 'i', 'e']",0
Male3Block.csv,Josh3.mp4,Josh,,,
Male3Block.csv,Josh3.mp4,Josh,jason,"['j', 'a', 's', 'o', 'n']",0
Fem3Block.csv,Julia2.mp4,Julia,,,
Fem3Block.csv,Julia2.mp4,Julia,taylor,"['t', 'a', 'y', 'l', 'o', 'r']",0
Male1Block.csv,Justin2.mp4,Justin,,,
Male1Block.csv,Justin2.mp4,Justin,thomas,"['t', 'h', 'o', 'm', 'a', 's']",0
Fem3Block.csv,Katie2.mp4,Katie,,,
Fem3Block.csv,Katie2.mp4,Katie,,None,0
Fem1Block.csv,Kayla3.mp4,Kayla,,,
Fem1Block.csv,Kayla3.mp4,Kayla,jenna,"['j', 'e', 'n', 'n', 'a']",0
Fem2Block.csv,Kelsey2.mp4,Kelsey,,,
Fem2Block.csv,Kelsey2.mp4,Kelsey,ashleey,"['a', 's', 'h', 'l', 'e', 'e', 'y']",0
Male2Block.csv,Kevin2.mp4,Kevin,,,
Male2Block.csv,Kevin2.mp4,Kevin,kevin,"['k', 'e', 'v', 'i', 'n']",1
Male2Block.csv,Kyle3.mp4,Kyle,,,
Male2Block.csv,Kyle3.mp4,Kyle,dylan,"['d', 'y', 'l', 'a', 'n']",0
Fem2Block.csv,Lauren4.mp4,Lauren,,,
Fem2Block.csv,Lauren4.mp4,Lauren,megan,"['m', 'e', 'g', 'a', 'n']",0
Male3Block.csv,Mark3.mp4,Mark,,,
Male3Block.csv,Mark3.mp4,Mark,cody,"['c', 'o', 'd', 'y']",0
Male3Block.csv,Matthew2.mp4,Matthew,,,
Male3Block.csv,Matthew2.mp4,Matthew,matthew,"['m', 'a', 't', 't', 'h', 'e', 'w']",1
Fem2Block.csv,Megan2.mp4,Megan,,,
Fem2Block.csv,Megan2.mp4,Megan,grace,"['g', 'r', 'a', 'c', 'e']",0
Male1Block.csv,Michael2.mp4,Michael,,,
Male1Block.csv,Michael2.mp4,Michael,eric,"['e', 'r', 'i', 'c']",0
Fem3Block.csv,Michelle2.mp4,Michelle,,,
Fem3Block.csv,Michelle2.mp4,Michelle,olivia,"['o', 'l', 'i', 'v', 'i', 'a']",0
Fem2Block.csv,Natalie3.mp4,Natalie,,,
Fem2Block.csv,Natalie3.mp4,Natalie,kelsy,"['k', 'e', 'l', 's', 'y']",0
Male1Block.csv,Nathan3.mp4,Nathan,,,
Male1Block.csv,Nathan3.mp4,Nathan,nathan,"['n', 'a', 't', 'h', 'a', 'n']",1
Fem1Block.csv,Nicole2.mp4,Nicole,,,
Fem1Block.csv,Nicole2.mp4,Nicole,nicole,"['n', 'i', 'c', 'o', 'l', 'e']",1
Male1Block.csv,Noah2.mp4,Noah,,,
Male1Block.csv,Noah2.mp4,Noah,noah,"['n', 'o', 'a', 'h']",1
Fem3Block.csv,Olivia3.mp4,Olivia,,,
Fem3Block.csv,Olivia3.mp4,Olivia,taylor,"['t', 'a', 'y', 'l', 'o', 'r']",0
Fem1Block.csv,Rachel3.mp4,Rachel,,,
Fem1Block.csv,Rachel3.mp4,Rachel,rebecca,"['r', 'e', 'b', 'e', 'c', 'c', 'a']",0
Fem1Block.csv,Rebecca3.mp4,Rebecca,,,
Fem1Block.csv,Rebecca3.mp4,Rebecca,rebecca,"['r', 'e', 'b', 'e', 'c', 'c', 'a']",1
Fem3Block.csv,Sarah2.mp4,Sarah,,,
Fem3Block.csv,Sarah2.mp4,Sarah,katie,"['k', 'a', 't', 'i', 'e']",0
Fem3Block.csv,Shelby2.mp4,Shelby,,,
Fem3Block.csv,Shelby2.mp4,Shelby,olivia,"['o', 'l', 'i', 'v', 'i', 'a']",0
Male1Block.csv,Steven2.mp4,Steven,,,
Male1Block.csv,Steven2.mp4,Steven,jeremy,"['j', 'e', 'r', 'e', 'm', 'y']",0
Fem3Block.csv,Taylor4.mp4,Taylor,,,
Fem3Block.csv,Taylor4.mp4,Taylor,julia,"['j', 'u', 'l', 'i', 'a']",0
Male1Block.csv,Thomas2.mp4,Thomas,,,
Male1Block.csv,Thomas2.mp4,Thomas,eric,"['e', 'r', 'i', 'c']",0
Male2Block.csv,Timothy3.mp4,Timothy,,,
Male2Block.csv,Timothy3.mp4,Timothy,dylan,"['d', 'y', 'l', 'a', 'n']",0
Male2Block.csv,Trevor2.mp4,Trevor,,,
Male2Block.csv,Trevor2.mp4,Trevor,trevor,"['t', 'r', 'e', 'v', 'o', 'r']",1
Male3Block.csv,Tyler3.mp4,Tyler,,,
Male3Block.csv,Tyler3.mp4,Tyler,david,"['d', 'a', 'v', 'i', 'd']",0