condsBlockFile,Video,Name,inputText,key_resp_3.keys,recallRating_A
Male1Block.csv,Aaron2.mp4,Aaron,,,
Male1Block.csv,Aaron2.mp4,Aaron,Timothy,"['lshift', 't', 'i', 'm', 'o', 't', 'h', 'y']",0
Male2Block.csv,Adam4.mp4,Adam,,,
Male2Block.csv,Adam4.mp4,Adam,Adam,"['lshift', 'a', 'd', 'a', 'm']",1
Fem3Block.csv,Alyssa3.mp4,Alyssa,,,
Fem3Block.csv,Alyssa3.mp4,Alyssa,Rebecca,"['lshift', 'r', 'e', 'b', 'e', 'c', 'c', 'a']",0
Fem1Block.csv,Amanda3.mp4,Amanda,,,
Fem1Block.csv,Amanda3.mp4,Amanda,Brittany,"['lshift', 'b', 'r', 'i', 't', 't', 'a', 'n', 'y']",0
Male2Block.csv,Andrew2.mp4,Andrew,,,
Male2Block.csv,Andrew2.mp4,Andrew,Daniel,"['lshift', 'd', 'a', 'n', 'i', 'e', 'l']",0
Fem3Block.csv,Anna3.mp4,Anna,,,
Fem3Block.csv,Anna3.mp4,Anna,Natalie,"['lshift', 'n', 'a', 't', 'a', 'l', 'i', 'e']",0
Fem1Block.csv,Ashley3.mp4,Ashley,,,
Fem1Block.csv,Ashley3.mp4,Ashley,Amanda,"['lshift', 'a', 'm', 'a', 'n', 'd', 'a']",0
Male2Block.csv,Bradley3.mp4,Bradley,,,
Male2Block.csv,Bradley3.mp4,Bradley,Bradley,"['lshift', 'b', 'r', 'a', 'd', 'l', 'e', 'y', 'return']",1
Male3Block.csv,Brandon2.mp4,Brandon,,,
Male3Block.csv,Brandon2.mp4,Brandon,Anthony,"['lshift', 'a', 'n', 't', 'h', 'o', 'n', 'y']",0
Male3Block.csv,Brian2.mp4,Brian,,,
Male3Block.csv,Brian2.mp4,Brian,Anthony,"['lshift', 'a', 'n', 't', 'h', 'o', 'n', 'y']",0
Fem2Block.csv,Brianna2.mp4,Brianna,,,
Fem2Block.csv,Brianna2.mp4,Brianna,Anna,"['lshift', 'a', 'n', 'n', 'a']",0
Fem1Block.csv,Brittany2.mp4,Brittany,,,
Fem1Block.csv,Brittany2.mp4,Brittany,Asheley,"['lshift', 'a', 'h', 's', 'backspace', 'backspace', 's', 'h', 'e', 'l', 'e', 'y']",0
Male2Block.csv,Caleb5.mp4,Caleb,,,
Male2Block.csv,Caleb5.mp4,Caleb,Caleb,"['lshift', 'c', 'a', 'l', 'e', 'b']",1
Male3Block.csv,Cody2.mp4,Cody,,,
Male3Block.csv,Cody2.mp4,Cody,Mark,"['lshift', 'm', 'a', 'r', 'k']",0
Fem1Block.csv,Courtney2.mp4,Courtney,,,
Fem1Block.csv,Courtney2.mp4,Courtney,Sarah,"['lshift', 's', 'a', 'r', 'a', 'h']",0
Male2Block.csv,Daniel3.mp4,Daniel,,,
Male2Block.csv,Daniel3.mp4,Daniel,Caleb,"['lshift', 'c', 'a', 'l', 'e', 'b']",0
Fem2Block.csv,Danielle2.mp4,Danielle,,,
Fem2Block.csv,Danielle2.mp4,Danielle,,"['lshift', 'k', 'a', 'y', 'l', 'a', 'backspace', 'backspace', 'backspace', 'backspace', 'backspace', 'backspace', 'lshift']",0
Male1Block.csv,David2.mp4,David,,,
Male1Block.csv,David2.mp4,David,Jacob,"['lshift', 't', 'backspace', 'lshift', 'j', 'a', 'c', 'o', 'b']",0
Male3Block.csv,Dylan3.mp4,Dylan,,,
Male3Block.csv,Dylan3.mp4,Dylan,Ryan,"['lshift', 'r', 'y', 'a', 'n']",0
Fem3Block.csv,Emily5.mp4,Emily,,,
Fem3Block.csv,Emily5.mp4,Emily,Rachel,"['lshift', 'r', 'a', 'c', 'h', 'e', 'l']",0
Male2Block.csv,Eric2.mp4,Eric,,,
Male2Block.csv,Eric2.mp4,Eric,Stanley,"['lshift', 's', 't', 'a', 'n', 'l', 'e', 'y']",0
Male1Block.csv,Ethan2.mp4,Ethan,,,
Male1Block.csv,Ethan2.mp4,Ethan,David,"['lshift', 't', 'r', 'e', 'v', 'backspace', 'backspace', 'backspace', 'backspace', 'lshift', 'd', 'a', 'v', 'i', 'd']",0
Fem3Block.csv,Grace3.mp4,Grace,,,
Fem3Block.csv,Grace3.mp4,Grace,Grace,"['lshift', 'g', 'r', 'a', 'c', 'e']",1
Fem1Block.csv,Haley2.mp4,Haley,,,
Fem1Block.csv,Haley2.mp4,Haley,Kelsey,"['k', 'e', 'l', 'backspace', 'backspace', 'backspace', 'lshift', 'k', 'e', 'l', 's', 'e', 'y']",0
Fem2Block.csv,Hannah2.mp4,Hannah,,,
Fem2Block.csv,Hannah2.mp4,Hannah,Kayla,"['lshift', 'k', 'a', 'y', 'l', 'a']",0
Fem3Block.csv,Heather3.mp4,Heather,,,
Fem3Block.csv,Heather3.mp4,Heather,Abby,"['lshift', 'a', 'b', 'b', 'y']",0
Male2Block.csv,Jacob3.mp4,Jacob,,,
Male2Block.csv,Jacob3.mp4,Jacob,Jacob,"['j', 'backspace', 'lshift', 'j', 'a', 'c', 'o', 'b']",1
Male1Block.csv,Jason4.mp4,Jason,,,
Male1Block.csv,Jason4.mp4,Jason,Jacob,"['lshift', 'j', 'a', 'c', 'o', 'b']",0
Fem3Block.csv,Jenna4.mp4,Jenna,,,
Fem3Block.csv,Jenna4.mp4,Jenna,,None,0
Male1Block.csv,Jeremy2.mp4,Jeremy,,,
Male1Block.csv,Jeremy2.mp4,Jeremy,Jeremy,"['lshift', 'j', 'e', 'r', 'e', 'm', 'y']",1
Fem3Block.csv,Jessica2.mp4,Jessica,,,
Fem3Block.csv,Jessica2.mp4,Jessica,Julia,"['lshift', 'j', 'u', 'l', 'i', 'a']",0
Male1Block.csv,Josh3.mp4,Josh,,,
Male1Block.csv,Josh3.mp4,Josh,Josh,"['lshift', 'j', 'o', 's', 'h']",1
Fem3Block.csv,Julia2.mp4,Julia,,,
Fem3Block.csv,Julia2.mp4,Julia,Anna,"['lshift', 'a', 'lshift', 'n', 'n', 'a', 'backspace', 'backspace', 'backspace', 'n', 'n', 'a']",0
Male1Block.csv,Justin2.mp4,Justin,,,
Male1Block.csv,Justin2.mp4,Justin,Trevor,"['lshift', 't', 'r', 'e', 'v', 'o', 'r']",0
Fem2Block.csv,Katie2.mp4,Katie,,,
Fem2Block.csv,Katie2.mp4,Katie,Danielle,"['lshift', 'd', 'a', 'n', 'i', 'e', 'l', 'l', 'e']",0
Fem2Block.csv,Kayla3.mp4,Kayla,,,
Fem2Block.csv,Kayla3.mp4,Kayla,Hannah,"['lshift', 'h', 'a', 'n', 'n', 'a', 'h']",0
Fem1Block.csv,Kelsey2.mp4,Kelsey,,,
Fem1Block.csv,Kelsey2.mp4,Kelsey,Kelsey,"['lshift', 'k', 'a', 'l', 's', 'e', 'backspace', 'backspace', 'backspace', 'backspace', 'e', 'l', 's', 'e', 'y']",1
Male2Block.csv,Kevin2.mp4,Kevin,,,
Male2Block.csv,Kevin2.mp4,Kevin,Kevin,"['lshift', 'k', 'e', 'v', 'i', 'n']",1
Male1Block.csv,Kyle3.mp4,Kyle,,,
Male1Block.csv,Kyle3.mp4,Kyle,Kyle,"['lshift', 'k', 'y', 'l', 'e']",1
Fem2Block.csv,Lauren4.mp4,Lauren,,,
Fem2Block.csv,Lauren4.mp4,Lauren,Shelby,"['lshift', 's', 'h', 'e', 'l', 'b', 'y']",0
Male3Block.csv,Mark3.mp4,Mark,,,
Male3Block.csv,Mark3.mp4,Mark,Tyler,"['lshift', 't', 'y', 'l', 'e', 'r']",0
Male3Block.csv,Matthew2.mp4,Matthew,,,
Male3Block.csv,Matthew2.mp4,Matthew,Matthew,"['lshift', 'm', 'a', 't', 't', 'h', 'e', 'w']",1
Fem2Block.csv,Megan2.mp4,Megan,,,
Fem2Block.csv,Megan2.mp4,Megan,Olivia,"['lshift', 'o', 'l', 'i', 'i', 'backspace', 'v', 'o', 'i', 'backspace', 'backspace', 'i', 'a']",0
Male3Block.csv,Michael2.mp4,Michael,,,
Male3Block.csv,Michael2.mp4,Michael,Dylan,"['lshift', 'm', 'a', 'r', 'backspace', 'backspace', 'backspace', 'lshift', 'd', 'y', 'l', 'a', 'n']",0
Fem2Block.csv,Michelle2.mp4,Michelle,,,
Fem2Block.csv,Michelle2.mp4,Michelle,,None,0
Fem1Block.csv,Natalie3.mp4,Natalie,,,
Fem1Block.csv,Natalie3.mp4,Natalie,Amanda,"['lshift', 'a', 'm', 'a', 'n', 'd', 'a']",0
Male3Block.csv,Nathan3.mp4,Nathan,,,
Male3Block.csv,Nathan3.mp4,Nathan,Matthew,"['lshift', 'm', 'a', 't', 't', 'h', 'e', 'w']",0
Fem1Block.csv,Nicole2.mp4,Nicole,,,
Fem1Block.csv,Nicole2.mp4,Nicole,Nicole,"['lshift', 'n', 'i', 'c', 'o', 'l', 'e']",1
Male2Block.csv,Noah2.mp4,Noah,,,
Male2Block.csv,Noah2.mp4,Noah,Noah,"['lshift', 'n', 'o', 'a', 'h']",1
Fem2Block.csv,Olivia3.mp4,Olivia,,,
Fem2Block.csv,Olivia3.mp4,Olivia,Michelle,"['lshift', 'm', 'i', 'c', 'h', 'e', 'l', 'l', 'e', 'return']",0
Fem3Block.csv,Rachel3.mp4,Rachel,,,
Fem3Block.csv,Rachel3.mp4,Rachel,Alyssa,"['lshift', 'a', 'l', 'y', 's', 's', 'a']",0
Fem3Block.csv,Rebecca3.mp4,Rebecca,,,
Fem3Block.csv,Rebecca3.mp4,Rebecca,Rebecca,"['lshift', 'r', 'e', 'b', 'e', 'c', 'c', 'a']",1
Fem1Block.csv,Sarah2.mp4,Sarah,,,
Fem1Block.csv,Sarah2.mp4,Sarah,Natalie,"['lshift', 'n', 'a', 't', 'a', 'l', 'i', 'e']",0
Fem2Block.csv,Shelby2.mp4,Shelby,,,
Fem2Block.csv,Shelby2.mp4,Shelby,,['lshift'],0
Male2Block.csv,Steven2.mp4,Steven,,,
Male2Block.csv,Steven2.mp4,Steven,Steven,"['lshift', 's', 't', 'e', 'v', 'e', 'n']",1
Fem1Block.csv,Taylor4.mp4,Taylor,,,
Fem1Block.csv,Taylor4.mp4,Taylor,Taylor,"['lshift', 't', 'y', 'a', 'backspace', 'backspace', 'a', 'y', 'l', 'o', 'r']",1
Male3Block.csv,Thomas2.mp4,Thomas,,,
Male3Block.csv,Thomas2.mp4,Thomas,Tyler,"['lshift', 't', 'y', 'l', 'e', 'r']",0
Male1Block.csv,Timothy3.mp4,Timothy,,,
Male1Block.csv,Timothy3.mp4,Timothy,Ethan,"['lshift', 'e', 't', 'h', 'a', 'n']",0
Male1Block.csv,Trevor2.mp4,Trevor,,,
Male1Block.csv,Trevor2.mp4,Trevor,Andrew,"['lshift', 'a', 'n', 'd', 'r', 'e', 'w']",0
Male3Block.csv,Tyler3.mp4,Tyler,,,
Male3Block.csv,Tyler3.mp4,Tyler,,"['lshift', 'm', 'a', 'r', 'k', 'backspace', 'lshift', 'n', 'backspace', 'backspace', 'backspace', 'backspace', 'backspace', 'lshift', 'm', 'backspace']",0