condsBlockFile,Video,Name,inputText,key_resp_3.keys,recallRating_A
Male3Block.csv,Aaron2.mp4,Aaron,,,
Male3Block.csv,Aaron2.mp4,Aaron,noah,"['n', 'o', 'a', 'h']",0
Male3Block.csv,Adam4.mp4,Adam,,,
Male3Block.csv,Adam4.mp4,Adam,adam,"['a', 'd', 'a', 'm', 'backslash']",1
Fem1Block.csv,Alyssa3.mp4,Alyssa,,,
Fem1Block.csv,Alyssa3.mp4,Alyssa,melissa,"['m', 'e', 'l', 'i', 's', 's', 'a']",0
Fem1Block.csv,Amanda3.mp4,Amanda,,,
Fem1Block.csv,Amanda3.mp4,Amanda,emily,"['e', 'm', 'i', 'l', 'y']",0
Male1Block.csv,Andrew2.mp4,Andrew,,,
Male1Block.csv,Andrew2.mp4,Andrew,kevin,"['k', 'e', 'v', 'i', 'n']",0
Fem3Block.csv,Anna3.mp4,Anna,,,
Fem3Block.csv,Anna3.mp4,Anna,alysa,"['a', 'l', 'y', 's', 'a']",0
Fem2Block.csv,Ashley3.mp4,Ashley,,,
Fem2Block.csv,Ashley3.mp4,Ashley,kelsey,"['k', 'e', 'l', 's', 'e', 'y']",0
Male1Block.csv,Bradley3.mp4,Bradley,,,
Male1Block.csv,Bradley3.mp4,Bradley,ty,"['t', 'l', 'backspace', 'y', 'semicolon']",0
Male2Block.csv,Brandon2.mp4,Brandon,,,
Male2Block.csv,Brandon2.mp4,Brandon,brandon,"['b', 'r', 'a', 'n', 'd', 'o', 'n']",1
Male3Block.csv,Brian2.mp4,Brian,,,
Male3Block.csv,Brian2.mp4,Brian,timothy,"['t', 'i', 'comma', 'comma', 'm', 'o', 't', 'h', 'y']",0
Fem2Block.csv,Brianna2.mp4,Brianna,,,
Fem2Block.csv,Brianna2.mp4,Brianna,brianna,"['b', 'r', 'i', 'a', 'm', 'm', 'a', 'backspace', 'backspace', 'backspace', 'n', 'n', 'a']",1
Fem1Block.csv,Brittany2.mp4,Brittany,,,
Fem1Block.csv,Brittany2.mp4,Brittany,britney,"['b', 'r', 'i', 't', 'n', 'e', 'y']",1
Male2Block.csv,Caleb5.mp4,Caleb,,,
Male2Block.csv,Caleb5.mp4,Caleb,kevin,"['k', 'e', 'v', 'i', 'n']",0
Male2Block.csv,Cody2.mp4,Cody,,,
Male2Block.csv,Cody2.mp4,Cody,cody,"['c', 'o', 'd', 'y']",1
Fem2Block.csv,Courtney2.mp4,Courtney,,,
Fem2Block.csv,Courtney2.mp4,Courtney,court,"['c', 'o', 'u', 'r', 't', 'backspace', 'n', 'e', 'y', 'backspace', 'backspace', 'backspace', 't']",1
Male2Block.csv,Daniel3.mp4,Daniel,,,
Male2Block.csv,Daniel3.mp4,Daniel,ethan,"['t', 'h', 'a', 'n', 'backspace', 'backspace', 'backspace', 'backspace', 'e', 't', 'h', 'a', 'n']",0
Fem3Block.csv,Danielle2.mp4,Danielle,,,
Fem3Block.csv,Danielle2.mp4,Danielle,julie,"['j', 'u', 'l', 'i', 'e']",0
Male3Block.csv,David2.mp4,David,,,
Male3Block.csv,David2.mp4,David,anthony,"['a', 'n', 't', 'h', 'o', 'n', 'y']",0
Male2Block.csv,Dylan3.mp4,Dylan,,,
Male2Block.csv,Dylan3.mp4,Dylan,nathan,"['n', 'a', 't', 'h', 'a', 'n']",0
Fem1Block.csv,Emily5.mp4,Emily,,,
Fem1Block.csv,Emily5.mp4,Emily,e,['e'],0
Male1Block.csv,Eric2.mp4,Eric,,,
Male1Block.csv,Eric2.mp4,Eric,kyle,"['k', 'y', 'l', 'r', 'backspace', 'e', 'return']",0
Male2Block.csv,Ethan2.mp4,Ethan,,,
Male2Block.csv,Ethan2.mp4,Ethan,kyle,"['k', 'y', 'l', 'r', 'backspace', 'e', 'space']",0
Fem3Block.csv,Grace3.mp4,Grace,,,
Fem3Block.csv,Grace3.mp4,Grace,taylor,"['t', 'a', 'y', 'l', 'o', 'r']",0
Fem3Block.csv,Haley2.mp4,Haley,,,
Fem3Block.csv,Haley2.mp4,Haley,halsey,"['h', 'a', 'l', 's', 'r', 'backspace', 'e', 'u', 'backspace', 'y']",1
Fem2Block.csv,Hannah2.mp4,Hannah,,,
Fem2Block.csv,Hannah2.mp4,Hannah,olivia,"['o', 'l', 'i', 'v', 'i', 'a']",0
Fem3Block.csv,Heather3.mp4,Heather,,,
Fem3Block.csv,Heather3.mp4,Heather,heather,"['h', 'e', 'a', 't', 'h', 'r', 't', 'backspace', 'backspace', 'e', 'r']",1
Male1Block.csv,Jacob3.mp4,Jacob,,,
Male1Block.csv,Jacob3.mp4,Jacob,bradley,"['b', 'r', 'a', 'd', 'l', 'e', 'y', 'return']",0
Male1Block.csv,Jason4.mp4,Jason,,,
Male1Block.csv,Jason4.mp4,Jason,,None,0
Fem2Block.csv,Jenna4.mp4,Jenna,,,
Fem2Block.csv,Jenna4.mp4,Jenna,rachel,"['r', 'a', 'c', 'h', 'e', 'l', 'return']",0
Male1Block.csv,Jeremy2.mp4,Jeremy,,,
Male1Block.csv,Jeremy2.mp4,Jeremy,bradley,"['c', 'o', 'backspace', 'backspace', 'b', 'r', 'a', 'd', 'e', 'backspace', 'l', 'e', 'y']",0
Fem3Block.csv,Jessica2.mp4,Jessica,,,
Fem3Block.csv,Jessica2.mp4,Jessica,julia,"['l', 'u', 'backspace', 'backspace', 'j', 'u', 'l', 'i', 'a']",0
Male3Block.csv,Josh3.mp4,Josh,,,
Male3Block.csv,Josh3.mp4,Josh,josh,"['j', 'o', 's', 'b', 'backspace', 'h']",1
Fem3Block.csv,Julia2.mp4,Julia,,,
Fem3Block.csv,Julia2.mp4,Julia,,None,0
Male1Block.csv,Justin2.mp4,Justin,,,
Male1Block.csv,Justin2.mp4,Justin,mathew,"['m', 'a', 't', 'h', 'e', 'w']",0
Fem3Block.csv,Katie2.mp4,Katie,,,
Fem3Block.csv,Katie2.mp4,Katie,kate,"['k', 'a', 't', 'e']",1
Fem2Block.csv,Kayla3.mp4,Kayla,,,
Fem2Block.csv,Kayla3.mp4,Kayla,hannah,"['h', 'a', 'n', 'n', 'a', 'g', 'backspace', 'h']",0
Fem2Block.csv,Kelsey2.mp4,Kelsey,,,
Fem2Block.csv,Kelsey2.mp4,Kelsey,kayla,"['k', 'a', 'y', 'l', 'a']",0
Male2Block.csv,Kevin2.mp4,Kevin,,,
Male2Block.csv,Kevin2.mp4,Kevin,kyle,"['n', 'backspace', 'k', 'y', 'l', 'e', 'return', 'space']",0
Male2Block.csv,Kyle3.mp4,Kyle,,,
Male2Block.csv,Kyle3.mp4,Kyle,cody,"['c', 'o', 'd', 'y']",0
Fem3Block.csv,Lauren4.mp4,Lauren,,,
Fem3Block.csv,Lauren4.mp4,Lauren,grace,"['g', 'r', 'a', 'c', 'e']",0
Male1Block.csv,Mark3.mp4,Mark,,,
Male1Block.csv,Mark3.mp4,Mark,kenny,"['k', 'e', 'n', 'n', 'y', 'return', 'space']",0
Male3Block.csv,Matthew2.mp4,Matthew,,,
Male3Block.csv,Matthew2.mp4,Matthew,matthew,"['m', 'a', 't', 't', 'h', 'e', 'w']",1
Fem1Block.csv,Megan2.mp4,Megan,,,
Fem1Block.csv,Megan2.mp4,Megan,nicole,"['n', 'i', 'c', 'o', 'l', 'e']",0
Male2Block.csv,Michael2.mp4,Michael,,,
Male2Block.csv,Michael2.mp4,Michael,kevin,"['k', 'e', 'i', 'v', 'n', 'backspace', 'backspace', 'backspace', 'v', 'i', 'n']",0
Fem1Block.csv,Michelle2.mp4,Michelle,,,
Fem1Block.csv,Michelle2.mp4,Michelle,melissa,"['m', 'e', 'l', 'i', 's', 's', 'a']",0
Fem3Block.csv,Natalie3.mp4,Natalie,,,
Fem3Block.csv,Natalie3.mp4,Natalie,natali,"['n', 'a', 't', 'a', 'l', 'i']",1
Male2Block.csv,Nathan3.mp4,Nathan,,,
Male2Block.csv,Nathan3.mp4,Nathan,caleb,"['c', 'a', 'l', 'e', 'b']",0
Fem1Block.csv,Nicole2.mp4,Nicole,,,
Fem1Block.csv,Nicole2.mp4,Nicole,nicole,"['n', 'i', 'c', 'o', 'l', 'e', 'space']",1
Male3Block.csv,Noah2.mp4,Noah,,,
Male3Block.csv,Noah2.mp4,Noah,josh,"['j', 'o', 's', 'h', 'space']",0
Fem2Block.csv,Olivia3.mp4,Olivia,,,
Fem2Block.csv,Olivia3.mp4,Olivia,hannah,"['h', 'a', 'n', 'n', 'a', 'h']",0
Fem2Block.csv,Rachel3.mp4,Rachel,,,
Fem2Block.csv,Rachel3.mp4,Rachel,taylo,"['t', 'a', 'y', 'l', 'o']",0
Fem2Block.csv,Rebecca3.mp4,Rebecca,,,
Fem2Block.csv,Rebecca3.mp4,Rebecca,kayla,"['k', 'a', 'y', 'l', 'a']",0
Fem1Block.csv,Sarah2.mp4,Sarah,,,
Fem1Block.csv,Sarah2.mp4,Sarah,samman,"['t', 'a', 'y', 'backspace', 'f11', 'backspace', 'backspace', 's', 'a', 'm', 'm', 'a', 'n']",0
Fem1Block.csv,Shelby2.mp4,Shelby,,,
Fem1Block.csv,Shelby2.mp4,Shelby,shelby,"['s', 'h', 'e', 'l', 'b', 'y', 'space']",1
Male3Block.csv,Steven2.mp4,Steven,,,
Male3Block.csv,Steven2.mp4,Steven,stevek,"['s', 't', 'e', 'v', 'e', 'slash', 'slash', 'k', 'r', 'b', 'backspace', 'backspace', 'r', 'backspace']",1
Fem1Block.csv,Taylor4.mp4,Taylor,,,
Fem1Block.csv,Taylor4.mp4,Taylor,taylor,"['t', 'a', 'y', 'l', 'o', 'r']",1
Male1Block.csv,Thomas2.mp4,Thomas,,,
Male1Block.csv,Thomas2.mp4,Thomas,kevin,"['k', 'e', 'i', 'backspace', 'v', 'i', 'n', 'backslash', 'return']",0
Male3Block.csv,Timothy3.mp4,Timothy,,,
Male3Block.csv,Timothy3.mp4,Timothy,david,"['d', 'a', 'v', 'i', 'd']",0
Male3Block.csv,Trevor2.mp4,Trevor,,,
Male3Block.csv,Trevor2.mp4,Trevor,kevi,"['k', 'e', 'v', 'i']",0
Male1Block.csv,Tyler3.mp4,Tyler,,,
Male1Block.csv,Tyler3.mp4,Tyler,eric,"['e', 'r', 'i', 'c', 'return', 'space']",0