condsBlockFile,Video,Name,inputText,key_resp_3.keys,recallRating_A
Male2Block.csv,Aaron2.mp4,Aaron,,,
Male2Block.csv,Aaron2.mp4,Aaron,Greg,"['lshift', 'g', 'r', 'e', 'g']",0
Male1Block.csv,Adam4.mp4,Adam,,,
Male1Block.csv,Adam4.mp4,Adam,Adam,"['lshift', 'a', 'd', 'a', 'm']",1
Fem1Block.csv,Alyssa3.mp4,Alyssa,,,
Fem1Block.csv,Alyssa3.mp4,Alyssa,Megan,"['lshift', 'm', 'e', 'g', 'a', 'n']",0
Fem2Block.csv,Amanda3.mp4,Amanda,,,
Fem2Block.csv,Amanda3.mp4,Amanda,Lauren,"['lshift', 'colon', 'a', 'backspace', 'lshift', 'l', 'a', 'u', 'r', 'e', 'n']",0
Male1Block.csv,Andrew2.mp4,Andrew,,,
Male1Block.csv,Andrew2.mp4,Andrew,Jeremy,"['lshift', 'j', 'e', 'r', 'e', 'm', 'y']",0
Fem3Block.csv,Anna3.mp4,Anna,,,
Fem3Block.csv,Anna3.mp4,Anna,Hale,"['lshift', 'lshift', 'h', 'a', 'l', 'e']",0
Fem2Block.csv,Ashley3.mp4,Ashley,,,
Fem2Block.csv,Ashley3.mp4,Ashley,Olivia,"['lshift', 'o', 'l', 'i', 'v', 'i', 'a', 'return']",0
Male2Block.csv,Bradley3.mp4,Bradley,,,
Male2Block.csv,Bradley3.mp4,Bradley,Greg,"['lshift', 'g', 'r', 'e', 'g']",0
Male1Block.csv,Brandon2.mp4,Brandon,,,
Male1Block.csv,Brandon2.mp4,Brandon,Trevor,"['lshift', 't', 'r', 'e', 'v', 'p', 'backspace', 'p', 'r', 'backspace', 'backspace', 'o', 'r']",0
Male3Block.csv,Brian2.mp4,Brian,,,
Male3Block.csv,Brian2.mp4,Brian,Brian,"['lshift', 'n', 't', 'o', 'backspace', 'backspace', 'backspace', 'lshift', 'b', 'r', 'i', 'a', 'n']",1
Fem3Block.csv,Brianna2.mp4,Brianna,,,
Fem3Block.csv,Brianna2.mp4,Brianna,Brianna,"['lshift', 'b', 'r', 'i', 'a', 'n', 'n', 'a']",1
Fem1Block.csv,Brittany2.mp4,Brittany,,,
Fem1Block.csv,Brittany2.mp4,Brittany,Lauren,"['lshift', 'l', 'a', 'u', 'r', 'e', 'n']",0
Male2Block.csv,Caleb5.mp4,Caleb,,,
Male2Block.csv,Caleb5.mp4,Caleb,Kyle,"['lshift', 'k', 'y', 'l', 'e']",0
Male2Block.csv,Cody2.mp4,Cody,,,
Male2Block.csv,Cody2.mp4,Cody,David,"['lshift', 'd', 'a', 'v', 'o', 'd', 'backspace', 'backspace', 'i', 'd']",0
Fem3Block.csv,Courtney2.mp4,Courtney,,,
Fem3Block.csv,Courtney2.mp4,Courtney,Courtney,"['lshift', 'c', 'o', 'u', 'r', 't', 'n', 'e', 'y']",1
Male1Block.csv,Daniel3.mp4,Daniel,,,
Male1Block.csv,Daniel3.mp4,Daniel,David,"['lshift', 'd', 'a', 'v', 'i', 'd']",0
Fem1Block.csv,Danielle2.mp4,Danielle,,,
Fem1Block.csv,Danielle2.mp4,Danielle,Danielle,"['lshift', 'd', 'a', 'n', 'i', 'e', 'l', 'l', 'e']",1
Male2Block.csv,David2.mp4,David,,,
Male2Block.csv,David2.mp4,David,Cody,"['lshift', 't', 'backspace', 'lshift', 'c', 'o', 'd', 'y']",0
Male3Block.csv,Dylan3.mp4,Dylan,,,
Male3Block.csv,Dylan3.mp4,Dylan,Dylan,"['lshift', 'd', 'y', 'l', 'a', 'n']",1
Fem2Block.csv,Emily5.mp4,Emily,,,
Fem2Block.csv,Emily5.mp4,Emily,Michelle,"['lshift', 'm', 'i', 'c', 'h', 'e', 'l', 'l', 'e', 'space']",0
Male1Block.csv,Eric2.mp4,Eric,,,
Male1Block.csv,Eric2.mp4,Eric,Daniel,"['lshift', 'd', 'a', 'n', 'i', 'e', 'l']",0
Male3Block.csv,Ethan2.mp4,Ethan,,,
Male3Block.csv,Ethan2.mp4,Ethan,Ethan,"['lshift', 'e', 't', 'h', 'a', 'n']",1
Fem3Block.csv,Grace3.mp4,Grace,,,
Fem3Block.csv,Grace3.mp4,Grace,Chloe,"['lshift', 'c', 'h', 'l', 'o', 'e', 'return']",0
Fem3Block.csv,Haley2.mp4,Haley,,,
Fem3Block.csv,Haley2.mp4,Haley,Hannah,"['lshift', 'h', 'a', 'n', 'n', 'a', 'h']",0
Fem2Block.csv,Hannah2.mp4,Hannah,,,
Fem2Block.csv,Hannah2.mp4,Hannah,Hannah,"['lshift', 'h', 'a', 'n', 'n', 'a', 'h', 'return']",1
Fem1Block.csv,Heather3.mp4,Heather,,,
Fem1Block.csv,Heather3.mp4,Heather,Heather,"['lshift', 'h', 'e', 'a', 't', 'h', 'e', 'r']",1
Male3Block.csv,Jacob3.mp4,Jacob,,,
Male3Block.csv,Jacob3.mp4,Jacob,Jacob,"['lshift', 'j', 'a', 'c', 'o', 'b']",1
Male2Block.csv,Jason4.mp4,Jason,,,
Male2Block.csv,Jason4.mp4,Jason,David,"['lshift', 'd', 'a', 'v', 'i', 'd']",0
Fem2Block.csv,Jenna4.mp4,Jenna,,,
Fem2Block.csv,Jenna4.mp4,Jenna,Kelsey,"['lshift', 'k', 'e', 'l', 's', 'e', 'y']",0
Male1Block.csv,Jeremy2.mp4,Jeremy,,,
Male1Block.csv,Jeremy2.mp4,Jeremy,Trevor,"['lshift', 't', 'r', 'e', 'v', 'o', 'r']",0
Fem1Block.csv,Jessica2.mp4,Jessica,,,
Fem1Block.csv,Jessica2.mp4,Jessica,Heather,"['lshift', 'n', 'backspace', 'lshift', 'h', 'e', 'a', 't', 'h', 'e', 'r', 'return']",0
Male3Block.csv,Josh3.mp4,Josh,,,
Male3Block.csv,Josh3.mp4,Josh,Josh,"['lshift', 'j', 'o', 's', 'h', 'return']",1
Fem3Block.csv,Julia2.mp4,Julia,,,
Fem3Block.csv,Julia2.mp4,Julia,Julia,"['lshift', 'j', 'u', 'l', 'i', 'a']",1
Male3Block.csv,Justin2.mp4,Justin,,,
Male3Block.csv,Justin2.mp4,Justin,Dylan,"['lshift', 'd', 'l', 'y', 'a', 'n', 'backspace', 'backspace', 'backspace', 'backspace', 'y', 'l', 'a', 'n']",0
Fem1Block.csv,Katie2.mp4,Katie,,,
Fem1Block.csv,Katie2.mp4,Katie,Katie,"['lshift', 'k', 'a', 't', 'i', 'e']",1
Fem3Block.csv,Kayla3.mp4,Kayla,,,
Fem3Block.csv,Kayla3.mp4,Kayla,Julia,"['lshift', 'j', 'u', 'l', 'i', 'a']",0
Fem2Block.csv,Kelsey2.mp4,Kelsey,,,
Fem2Block.csv,Kelsey2.mp4,Kelsey,Jenna,"['lshift', 'h', 'a', 'n', 'n', 'backspace', 'backspace', 'backspace', 'backspace', 'lshift', 'j', 'e', 'n', 'n', 'a']",0
Male3Block.csv,Kevin2.mp4,Kevin,,,
Male3Block.csv,Kevin2.mp4,Kevin,Kevin,"['lshift', 'k', 'e', 'v', 'i', 'n']",1
Male2Block.csv,Kyle3.mp4,Kyle,,,
Male2Block.csv,Kyle3.mp4,Kyle,Tyler,"['lshift', 't', 'y', 'semicolon', 'e', 'r', 'backspace', 'backspace', 'l', 'e', 'r', 'space', 'return', 'space']",0
Fem2Block.csv,Lauren4.mp4,Lauren,,,
Fem2Block.csv,Lauren4.mp4,Lauren,Jenna,"['lshift', 'j', 'e', 'n', 'n', 'a']",0
Male3Block.csv,Mark3.mp4,Mark,,,
Male3Block.csv,Mark3.mp4,Mark,Brian,"['lshift', 'b', 'r', 'i', 'a', 'n']",0
Male2Block.csv,Matthew2.mp4,Matthew,,,
Male2Block.csv,Matthew2.mp4,Matthew,Aaron,"['lshift', 'a', 'a', 'r', 'p', 'm', 'backspace', 'backspace', 'o', 'm', 'backspace', 'n']",0
Fem1Block.csv,Megan2.mp4,Megan,,,
Fem1Block.csv,Megan2.mp4,Megan,Katie,"['lshift', 'k', 'a', 't', 'i', 'e']",0
Male1Block.csv,Michael2.mp4,Michael,,,
Male1Block.csv,Michael2.mp4,Michael,Jonathan,"['lshift', 'j', 'o', 'n', 'a', 't', 'h', 'a', 'n']",0
Fem2Block.csv,Michelle2.mp4,Michelle,,,
Fem2Block.csv,Michelle2.mp4,Michelle,Chloe,"['lshift', 'c', 'h', 'l', 'o', 'e']",0
Fem2Block.csv,Natalie3.mp4,Natalie,,,
Fem2Block.csv,Natalie3.mp4,Natalie,Natalie,"['lshift', 'n', 'a', 't', 'a', 'l', 'i', 'e']",1
Male1Block.csv,Nathan3.mp4,Nathan,,,
Male1Block.csv,Nathan3.mp4,Nathan,Nathan,"['lshift', 'n', 'a', 't', 'h', 'a', 'n']",1
Fem1Block.csv,Nicole2.mp4,Nicole,,,
Fem1Block.csv,Nicole2.mp4,Nicole,Katie,"['lshift', 'lshift', 'k', 'a', 't', 'i', 'e']",0
Male3Block.csv,Noah2.mp4,Noah,,,
Male3Block.csv,Noah2.mp4,Noah,Mark,"['lshift', 'm', 'a', 'r', 'k']",0
Fem2Block.csv,Olivia3.mp4,Olivia,,,
Fem2Block.csv,Olivia3.mp4,Olivia,Ashley,"['lshift', 'a', 's', 'h', 'l', 'e', 'y', 'return']",0
Fem3Block.csv,Rachel3.mp4,Rachel,,,
Fem3Block.csv,Rachel3.mp4,Rachel,Grace,"['lshift', 'g', 'r', 'a', 'c', 'e']",0
Fem3Block.csv,Rebecca3.mp4,Rebecca,,,
Fem3Block.csv,Rebecca3.mp4,Rebecca,Julia,"['lshift', 'c', 'backspace', 'backspace', 'lshift', 'j', 'u', 'l', 'i', 'a']",0
Fem1Block.csv,Sarah2.mp4,Sarah,,,
Fem1Block.csv,Sarah2.mp4,Sarah,Sarah,"['lshift', 's', 'a', 'r', 'a', 'h']",1
Fem1Block.csv,Shelby2.mp4,Shelby,,,
Fem1Block.csv,Shelby2.mp4,Shelby,Shelby,"['lshift', 'h', 'backspace', 'lshift', 's', 'h', 'e', 'l', 'b', 'y']",1
Male3Block.csv,Steven2.mp4,Steven,,,
Male3Block.csv,Steven2.mp4,Steven,Dylan,"['lshift', 'd', 'y', 'l', 'a', 'n']",0
Fem3Block.csv,Taylor4.mp4,Taylor,,,
Fem3Block.csv,Taylor4.mp4,Taylor,Rebecca,"['lshift', 'r', 'e', 'b', 'e', 'c', 'c', 'a']",0
Male2Block.csv,Thomas2.mp4,Thomas,,,
Male2Block.csv,Thomas2.mp4,Thomas,Bradley,"['lshift', 'b', 'r', 'a', 'd', 'l', 'e', 'y']",0
Male1Block.csv,Timothy3.mp4,Timothy,,,
Male1Block.csv,Timothy3.mp4,Timothy,Matthew,"['lshift', 'm', 'a', 't', 't', 'h', 'e', 'w']",0
Male1Block.csv,Trevor2.mp4,Trevor,,,
Male1Block.csv,Trevor2.mp4,Trevor,Jack,"['lshift', 'n', 'backspace', 'backspace', 'lshift', 'lshift', 'j', 'a', 'c', 'k']",0
Male2Block.csv,Tyler3.mp4,Tyler,,,
Male2Block.csv,Tyler3.mp4,Tyler,Thomas,"['lshift', 't', 'h', 'o', 'm', 'a', 's']",0