condsBlockFile,Video,Name,inputText,key_resp_3.keys,recallRating_A
Male3Block.csv,Aaron2.mp4,Aaron,,,
Male3Block.csv,Aaron2.mp4,Aaron,,None,0
Male1Block.csv,Adam4.mp4,Adam,,,
Male1Block.csv,Adam4.mp4,Adam,,None,0
Fem2Block.csv,Alyssa3.mp4,Alyssa,,,
Fem2Block.csv,Alyssa3.mp4,Alyssa,courtney,"['c', 'o', 'u', 'r', 't', 'n', 'e', 'y']",0
Fem3Block.csv,Amanda3.mp4,Amanda,,,
Fem3Block.csv,Amanda3.mp4,Amanda,,None,0
Male3Block.csv,Andrew2.mp4,Andrew,,,
Male3Block.csv,Andrew2.mp4,Andrew,andrew,"['a', 'n', 'd', 'r', 'e', 'w']",1
Fem1Block.csv,Anna3.mp4,Anna,,,
Fem1Block.csv,Anna3.mp4,Anna,,None,0
Fem1Block.csv,Ashley3.mp4,Ashley,,,
Fem1Block.csv,Ashley3.mp4,Ashley,,None,0
Male1Block.csv,Bradley3.mp4,Bradley,,,
Male1Block.csv,Bradley3.mp4,Bradley,bradley,"['b', 'r', 'a', 'd', 'l', 'e', 'y']",1
Male2Block.csv,Brandon2.mp4,Brandon,,,
Male2Block.csv,Brandon2.mp4,Brandon,,None,0
Male1Block.csv,Brian2.mp4,Brian,,,
Male1Block.csv,Brian2.mp4,Brian,,None,0
Fem3Block.csv,Brianna2.mp4,Brianna,,,
Fem3Block.csv,Brianna2.mp4,Brianna,,None,0
Fem3Block.csv,Brittany2.mp4,Brittany,,,
Fem3Block.csv,Brittany2.mp4,Brittany,hannah,"['h', 'a', 'n', 'n', 'a', 'h']",0
Male3Block.csv,Caleb5.mp4,Caleb,,,
Male3Block.csv,Caleb5.mp4,Caleb,,"['c', 'backspace']",0
Male3Block.csv,Cody2.mp4,Cody,,,
Male3Block.csv,Cody2.mp4,Cody,cody,"['c', 'o', 'd', 'y']",1
Fem2Block.csv,Courtney2.mp4,Courtney,,,
Fem2Block.csv,Courtney2.mp4,Courtney,cc,"['c', 'c', 'o', 'u', 'r', 't', 'n', 'e', 'y', 'backspace', 'backspace', 'backspace', 'backspace', 'backspace', 'backspace', 'backspace']",0
Male2Block.csv,Daniel3.mp4,Daniel,,,
Male2Block.csv,Daniel3.mp4,Daniel,,None,0
Fem2Block.csv,Danielle2.mp4,Danielle,,,
Fem2Block.csv,Danielle2.mp4,Danielle,danielle,"['d', 'a', 'n', 'i', 'e', 'l', 'l', 'e']",1
Male2Block.csv,David2.mp4,David,,,
Male2Block.csv,David2.mp4,David,,None,0
Male2Block.csv,Dylan3.mp4,Dylan,,,
Male2Block.csv,Dylan3.mp4,Dylan,dylan,"['d', 'y', 'l', 's', 'backspace', 'a', 'n']",1
Fem3Block.csv,Emily5.mp4,Emily,,,
Fem3Block.csv,Emily5.mp4,Emily,lauren,"['l', 'a', 'u', 'r', 'e', 'n']",0
Male3Block.csv,Eric2.mp4,Eric,,,
Male3Block.csv,Eric2.mp4,Eric,,None,0
Male1Block.csv,Ethan2.mp4,Ethan,,,
Male1Block.csv,Ethan2.mp4,Ethan,,None,0
Fem1Block.csv,Grace3.mp4,Grace,,,
Fem1Block.csv,Grace3.mp4,Grace,grace,"['g', 'r', 'a', 'c', 'e']",1
Fem2Block.csv,Haley2.mp4,Haley,,,
Fem2Block.csv,Haley2.mp4,Haley,,None,0
Fem3Block.csv,Hannah2.mp4,Hannah,,,
Fem3Block.csv,Hannah2.mp4,Hannah,lauren,"['l', 'a', 'u', 'r', 'e', 'n']",0
Fem1Block.csv,Heather3.mp4,Heather,,,
Fem1Block.csv,Heather3.mp4,Heather,,None,0
Male1Block.csv,Jacob3.mp4,Jacob,,,
Male1Block.csv,Jacob3.mp4,Jacob,,None,0
Male2Block.csv,Jason4.mp4,Jason,,,
Male2Block.csv,Jason4.mp4,Jason,,None,0
Fem2Block.csv,Jenna4.mp4,Jenna,,,
Fem2Block.csv,Jenna4.mp4,Jenna,,None,0
Male3Block.csv,Jeremy2.mp4,Jeremy,,,
Male3Block.csv,Jeremy2.mp4,Jeremy,,None,0
Fem1Block.csv,Jessica2.mp4,Jessica,,,
Fem1Block.csv,Jessica2.mp4,Jessica,,None,0
Male1Block.csv,Josh3.mp4,Josh,,,
Male1Block.csv,Josh3.mp4,Josh,josh,"['j', 'o', 's', 'h']",1
Fem1Block.csv,Julia2.mp4,Julia,,,
Fem1Block.csv,Julia2.mp4,Julia,,None,0
Male1Block.csv,Justin2.mp4,Justin,,,
Male1Block.csv,Justin2.mp4,Justin,justin,"['j', 'u', 's', 't', 'i', 'n']",1
Fem2Block.csv,Katie2.mp4,Katie,,,
Fem2Block.csv,Katie2.mp4,Katie,katie,"['k', 'a', 't', 'i', 'e']",1
Fem1Block.csv,Kayla3.mp4,Kayla,,,
Fem1Block.csv,Kayla3.mp4,Kayla,,None,0
Fem1Block.csv,Kelsey2.mp4,Kelsey,,,
Fem1Block.csv,Kelsey2.mp4,Kelsey,,None,0
Male3Block.csv,Kevin2.mp4,Kevin,,,
Male3Block.csv,Kevin2.mp4,Kevin,noah,"['n', 'o', 'a', 'h']",0
Male2Block.csv,Kyle3.mp4,Kyle,,,
Male2Block.csv,Kyle3.mp4,Kyle,kyle,"['k', 'y', 'l', 'e']",1
Fem3Block.csv,Lauren4.mp4,Lauren,,,
Fem3Block.csv,Lauren4.mp4,Lauren,megan,"['m', 'e', 'g', 'a', 'n']",0
Male2Block.csv,Mark3.mp4,Mark,,,
Male2Block.csv,Mark3.mp4,Mark,ms,"['m', 's']",0
Male3Block.csv,Matthew2.mp4,Matthew,,,
Male3Block.csv,Matthew2.mp4,Matthew,noah,"['n', 'o', 'a', 'h']",0
Fem3Block.csv,Megan2.mp4,Megan,,,
Fem3Block.csv,Megan2.mp4,Megan,hannah,"['h', 'a', 'n', 'n', 'a', 'h']",0
Male1Block.csv,Michael2.mp4,Michael,,,
Male1Block.csv,Michael2.mp4,Michael,,None,0
Fem1Block.csv,Michelle2.mp4,Michelle,,,
Fem1Block.csv,Michelle2.mp4,Michelle,,None,0
Fem3Block.csv,Natalie3.mp4,Natalie,,,
Fem3Block.csv,Natalie3.mp4,Natalie,natalie,"['n', 't', 'backspace', 'a', 't', 'a', 'l', 'i', 'e']",1
Male1Block.csv,Nathan3.mp4,Nathan,,,
Male1Block.csv,Nathan3.mp4,Nathan,nathan,"['n', 'a', 'h', 'a', 'backspace', 'backspace', 't', 'h', 'a', 'm', 'backspace', 'm', 'backspace', 'm', 'backspace', 'n']",1
Fem2Block.csv,Nicole2.mp4,Nicole,,,
Fem2Block.csv,Nicole2.mp4,Nicole,katie,"['k', 'a', 't', 'i', 'e']",0
Male3Block.csv,Noah2.mp4,Noah,,,
Male3Block.csv,Noah2.mp4,Noah,,None,0
Fem2Block.csv,Olivia3.mp4,Olivia,,,
Fem2Block.csv,Olivia3.mp4,Olivia,olivia,"['o', 'l', 'i', 'v', 'i', 'a']",1
Fem1Block.csv,Rachel3.mp4,Rachel,,,
Fem1Block.csv,Rachel3.mp4,Rachel,,None,0
Fem3Block.csv,Rebecca3.mp4,Rebecca,,,
Fem3Block.csv,Rebecca3.mp4,Rebecca,rebecca,"['r', 'e', 'b', 'e', 'c', 'c', 'a']",1
Fem2Block.csv,Sarah2.mp4,Sarah,,,
Fem2Block.csv,Sarah2.mp4,Sarah,sarah,"['s', 'a', 'r', 'a', 'h']",1
Fem3Block.csv,Shelby2.mp4,Shelby,,,
Fem3Block.csv,Shelby2.mp4,Shelby,shelby,"['s', 'h', 'e', 'l', 'b', 'y']",1
Male2Block.csv,Steven2.mp4,Steven,,,
Male2Block.csv,Steven2.mp4,Steven,,None,0
Fem2Block.csv,Taylor4.mp4,Taylor,,,
Fem2Block.csv,Taylor4.mp4,Taylor,alyssa,"['a', 'l', 'y', 's', 's', 'a']",0
Male2Block.csv,Thomas2.mp4,Thomas,,,
Male2Block.csv,Thomas2.mp4,Thomas,,None,0
Male1Block.csv,Timothy3.mp4,Timothy,,,
Male1Block.csv,Timothy3.mp4,Timothy,,None,0
Male3Block.csv,Trevor2.mp4,Trevor,,,
Male3Block.csv,Trevor2.mp4,Trevor,,"['t', 'r', 'v', 'o', 'r', 'backspace', 'backspace', 'backspace', 'backspace', 'backspace']",0
Male2Block.csv,Tyler3.mp4,Tyler,,,
Male2Block.csv,Tyler3.mp4,Tyler,tyler,"['t', 'y', 'l', 'e', 'r', 't', 'backspace']",1