condsBlockFile,Video,Name,inputText,key_resp_3.keys,recallRating_A
Male2Block.csv,Aaron2.mp4,Aaron,,,
Male2Block.csv,Aaron2.mp4,Aaron,Jason,"['lshift', 'j', 'a', 's', 'o', 'n']",0
Male3Block.csv,Adam4.mp4,Adam,,,
Male3Block.csv,Adam4.mp4,Adam,,None,0
Fem3Block.csv,Alyssa3.mp4,Alyssa,,,
Fem3Block.csv,Alyssa3.mp4,Alyssa,Alyssa,"['lshift', 'a', 'l', 'y', 's', 's', 'a']",1
Fem2Block.csv,Amanda3.mp4,Amanda,,,
Fem2Block.csv,Amanda3.mp4,Amanda,Julia,"['lshift', 'j', 'u', 'l', 'i', 'a']",0
Male3Block.csv,Andrew2.mp4,Andrew,,,
Male3Block.csv,Andrew2.mp4,Andrew,,None,0
Fem2Block.csv,Anna3.mp4,Anna,,,
Fem2Block.csv,Anna3.mp4,Anna,,None,0
Fem3Block.csv,Ashley3.mp4,Ashley,,,
Fem3Block.csv,Ashley3.mp4,Ashley,,None,0
Male3Block.csv,Bradley3.mp4,Bradley,,,
Male3Block.csv,Bradley3.mp4,Bradley,,None,0
Male1Block.csv,Brandon2.mp4,Brandon,,,
Male1Block.csv,Brandon2.mp4,Brandon,,None,0
Male1Block.csv,Brian2.mp4,Brian,,,
Male1Block.csv,Brian2.mp4,Brian,,None,0
Fem2Block.csv,Brianna2.mp4,Brianna,,,
Fem2Block.csv,Brianna2.mp4,Brianna,Brianna,"['lshift', 'b', 'r', 'i', 'a', 'n', 'n', 'a']",1
Fem1Block.csv,Brittany2.mp4,Brittany,,,
Fem1Block.csv,Brittany2.mp4,Brittany,,None,0
Male3Block.csv,Caleb5.mp4,Caleb,,,
Male3Block.csv,Caleb5.mp4,Caleb,,None,0
Male3Block.csv,Cody2.mp4,Cody,,,
Male3Block.csv,Cody2.mp4,Cody,Kyle,"['lshift', 'k', 'y', 'l', 'e']",0
Fem3Block.csv,Courtney2.mp4,Courtney,,,
Fem3Block.csv,Courtney2.mp4,Courtney,,None,0
Male1Block.csv,Daniel3.mp4,Daniel,,,
Male1Block.csv,Daniel3.mp4,Daniel,Thomas,"['lshift', 't', 'h', 'o', 'm', 'a', 's']",0
Fem3Block.csv,Danielle2.mp4,Danielle,,,
Fem3Block.csv,Danielle2.mp4,Danielle,,None,0
Male1Block.csv,David2.mp4,David,,,
Male1Block.csv,David2.mp4,David,,None,0
Male2Block.csv,Dylan3.mp4,Dylan,,,
Male2Block.csv,Dylan3.mp4,Dylan,,None,0
Fem1Block.csv,Emily5.mp4,Emily,,,
Fem1Block.csv,Emily5.mp4,Emily,,None,0
Male3Block.csv,Eric2.mp4,Eric,,,
Male3Block.csv,Eric2.mp4,Eric,,None,0
Male2Block.csv,Ethan2.mp4,Ethan,,,
Male2Block.csv,Ethan2.mp4,Ethan,,None,0
Fem1Block.csv,Grace3.mp4,Grace,,,
Fem1Block.csv,Grace3.mp4,Grace,Grace,"['lshift', 'g', 'r', 'a', 'c', 'e']",1
Fem1Block.csv,Haley2.mp4,Haley,,,
Fem1Block.csv,Haley2.mp4,Haley,,None,0
Fem3Block.csv,Hannah2.mp4,Hannah,,,
Fem3Block.csv,Hannah2.mp4,Hannah,,None,0
Fem3Block.csv,Heather3.mp4,Heather,,,
Fem3Block.csv,Heather3.mp4,Heather,Heather,"['lshift', 'h', 'e', 'a', 'h', 'backspace', 't', 'h', 'e', 'r']",1
Male3Block.csv,Jacob3.mp4,Jacob,,,
Male3Block.csv,Jacob3.mp4,Jacob,,None,0
Male2Block.csv,Jason4.mp4,Jason,,,
Male2Block.csv,Jason4.mp4,Jason,,None,0
Fem3Block.csv,Jenna4.mp4,Jenna,,,
Fem3Block.csv,Jenna4.mp4,Jenna,,None,0
Male2Block.csv,Jeremy2.mp4,Jeremy,,,
Male2Block.csv,Jeremy2.mp4,Jeremy,,None,0
Fem2Block.csv,Jessica2.mp4,Jessica,,,
Fem2Block.csv,Jessica2.mp4,Jessica,,None,0
Male2Block.csv,Josh3.mp4,Josh,,,
Male2Block.csv,Josh3.mp4,Josh,Josh,"['lshift', 'j', 'o', 's', 'h']",1
Fem2Block.csv,Julia2.mp4,Julia,,,
Fem2Block.csv,Julia2.mp4,Julia,Kayla,"['lshift', 'k', 'a', 'y', 'l', 'a']",0
Male1Block.csv,Justin2.mp4,Justin,,,
Male1Block.csv,Justin2.mp4,Justin,Brandon,"['lshift', 'b', 'r', 'a', 'n', 'd', 'o', 'n']",0
Fem3Block.csv,Katie2.mp4,Katie,,,
Fem3Block.csv,Katie2.mp4,Katie,,['lshift'],0
Fem2Block.csv,Kayla3.mp4,Kayla,,,
Fem2Block.csv,Kayla3.mp4,Kayla,Kayla,"['lshift', 'k', 'a', 'y', 'l', 'a']",1
Fem1Block.csv,Kelsey2.mp4,Kelsey,,,
Fem1Block.csv,Kelsey2.mp4,Kelsey,,None,0
Male2Block.csv,Kevin2.mp4,Kevin,,,
Male2Block.csv,Kevin2.mp4,Kevin,,None,0
Male3Block.csv,Kyle3.mp4,Kyle,,,
Male3Block.csv,Kyle3.mp4,Kyle,Kyle,"['lshift', 'k', 'y', 'l', 'e']",1
Fem2Block.csv,Lauren4.mp4,Lauren,,,
Fem2Block.csv,Lauren4.mp4,Lauren,Megan,"['lshift', 'm', 'e', 'g', 'a', 'n']",0
Male2Block.csv,Mark3.mp4,Mark,,,
Male2Block.csv,Mark3.mp4,Mark,,None,0
Male3Block.csv,Matthew2.mp4,Matthew,,,
Male3Block.csv,Matthew2.mp4,Matthew,,None,0
Fem2Block.csv,Megan2.mp4,Megan,,,
Fem2Block.csv,Megan2.mp4,Megan,Michelle,"['lshift', 'l', 'a', 'u', 'r', 'backspace', 'backspace', 'backspace', 'backspace', 'lshift', 'm', 'i', 'c', 'h', 'e', 'l', 'l', 'e']",0
Male1Block.csv,Michael2.mp4,Michael,,,
Male1Block.csv,Michael2.mp4,Michael,,None,0
Fem2Block.csv,Michelle2.mp4,Michelle,,,
Fem2Block.csv,Michelle2.mp4,Michelle,Julia,"['lshift', 'j', 'u', 'l', 'i', 'a']",0
Fem1Block.csv,Natalie3.mp4,Natalie,,,
Fem1Block.csv,Natalie3.mp4,Natalie,,None,0
Male1Block.csv,Nathan3.mp4,Nathan,,,
Male1Block.csv,Nathan3.mp4,Nathan,Nathan,"['lshift', 'n', 'a', 't', 'h', 'a', 'n']",1
Fem1Block.csv,Nicole2.mp4,Nicole,,,
Fem1Block.csv,Nicole2.mp4,Nicole,,None,0
Male3Block.csv,Noah2.mp4,Noah,,,
Male3Block.csv,Noah2.mp4,Noah,,None,0
Fem3Block.csv,Olivia3.mp4,Olivia,,,
Fem3Block.csv,Olivia3.mp4,Olivia,,None,0
Fem2Block.csv,Rachel3.mp4,Rachel,,,
Fem2Block.csv,Rachel3.mp4,Rachel,Megan,"['lshift', 'm', 'e', 'g', 'a', 'n']",0
Fem1Block.csv,Rebecca3.mp4,Rebecca,,,
Fem1Block.csv,Rebecca3.mp4,Rebecca,Kelsey,"['lshift', 'k', 'e', 'l', 's', 'e', 'y']",0
Fem1Block.csv,Sarah2.mp4,Sarah,,,
Fem1Block.csv,Sarah2.mp4,Sarah,,None,0
Fem1Block.csv,Shelby2.mp4,Shelby,,,
Fem1Block.csv,Shelby2.mp4,Shelby,Nicole,"['lshift', 'n', 'i', 'c', 'o', 'l', 'e']",0
Male1Block.csv,Steven2.mp4,Steven,,,
Male1Block.csv,Steven2.mp4,Steven,Steven,"['lshift', 's', 't', 'e', 'v', 'e', 'n']",1
Fem3Block.csv,Taylor4.mp4,Taylor,,,
Fem3Block.csv,Taylor4.mp4,Taylor,Jenna,"['lshift', 'j', 'e', 'n', 'n', 'a']",0
Male1Block.csv,Thomas2.mp4,Thomas,,,
Male1Block.csv,Thomas2.mp4,Thomas,Thomas,"['lshift', 't', 'h', 'o', 'a', 's', 'backspace', 'backspace', 'm', 'a', 's']",1
Male2Block.csv,Timothy3.mp4,Timothy,,,
Male2Block.csv,Timothy3.mp4,Timothy,,None,0
Male1Block.csv,Trevor2.mp4,Trevor,,,
Male1Block.csv,Trevor2.mp4,Trevor,,None,0
Male2Block.csv,Tyler3.mp4,Tyler,,,
Male2Block.csv,Tyler3.mp4,Tyler,,None,0