condsBlockFile,Video,Name,inputText,key_resp_3.keys,recallRating_A
Male3Block.csv,Aaron2.mp4,Aaron,,,
Male3Block.csv,Aaron2.mp4,Aaron,mark,"['m', 'a', 'r', 'k']",0
Male1Block.csv,Adam4.mp4,Adam,,,
Male1Block.csv,Adam4.mp4,Adam,john,"['j', 'o', 'h', 'n']",0
Fem1Block.csv,Alyssa3.mp4,Alyssa,,,
Fem1Block.csv,Alyssa3.mp4,Alyssa,laura,"['l', 'a', 'u', 'r', 'a']",0
Fem2Block.csv,Amanda3.mp4,Amanda,,,
Fem2Block.csv,Amanda3.mp4,Amanda,olivia,"['o', 'l', 'i', 'v', 'i', 'a']",0
Male2Block.csv,Andrew2.mp4,Andrew,,,
Male2Block.csv,Andrew2.mp4,Andrew,andrew,"['a', 'n', 'd', 'r', 'e', 'w']",1
Fem1Block.csv,Anna3.mp4,Anna,,,
Fem1Block.csv,Anna3.mp4,Anna,anna,"['a', 'n', 'n', 'a']",1
Fem3Block.csv,Ashley3.mp4,Ashley,,,
Fem3Block.csv,Ashley3.mp4,Ashley,anna,"['a', 'n', 'n', 'a']",0
Male1Block.csv,Bradley3.mp4,Bradley,,,
Male1Block.csv,Bradley3.mp4,Bradley,ben,"['b', 'e', 'n']",0
Male1Block.csv,Brandon2.mp4,Brandon,,,
Male1Block.csv,Brandon2.mp4,Brandon,noah,"['n', 'o', 'n', 'a', 'h', 'backspace', 'backspace', 'backspace', 'a', 'h']",0
Male1Block.csv,Brian2.mp4,Brian,,,
Male1Block.csv,Brian2.mp4,Brian,kris,"['k', 'r', 'i', 's']",0
Fem3Block.csv,Brianna2.mp4,Brianna,,,
Fem3Block.csv,Brianna2.mp4,Brianna,asheley,"['a', 's', 'h', 'e', 'l', 'e', 'y']",0
Fem1Block.csv,Brittany2.mp4,Brittany,,,
Fem1Block.csv,Brittany2.mp4,Brittany,hally,"['j', 'backspace', 'g', 'backspace', 'h', 'a', 'l', 'l', 'y']",0
Male3Block.csv,Caleb5.mp4,Caleb,,,
Male3Block.csv,Caleb5.mp4,Caleb,cain,"['c', 'a', 'i', 'n']",0
Male3Block.csv,Cody2.mp4,Cody,,,
Male3Block.csv,Cody2.mp4,Cody,nathan,"['n', 'a', 't', 'h', 'a', 'n']",0
Fem2Block.csv,Courtney2.mp4,Courtney,,,
Fem2Block.csv,Courtney2.mp4,Courtney,jessica,"['j', 'e', 'c', 'c', 'backspace', 'backspace', 's', 's', 'i', 'c', 'a']",0
Male2Block.csv,Daniel3.mp4,Daniel,,,
Male2Block.csv,Daniel3.mp4,Daniel,l,"['a', 'n', 'backspace', 'backspace', 'l', 'a', 'backspace']",0
Fem1Block.csv,Danielle2.mp4,Danielle,,,
Fem1Block.csv,Danielle2.mp4,Danielle,daniel,"['d', 'a', 'n', 'i', 'e', 'l']",1
Male3Block.csv,David2.mp4,David,,,
Male3Block.csv,David2.mp4,David,mathew,"['m', 'a', 't', 'h', 'e', 'w']",0
Male3Block.csv,Dylan3.mp4,Dylan,,,
Male3Block.csv,Dylan3.mp4,Dylan,dylan,"['d', 'y', 'l', 'a', 'n']",1
Fem3Block.csv,Emily5.mp4,Emily,,,
Fem3Block.csv,Emily5.mp4,Emily,kayla,"['k', 'a', 'y', 'l', 'a']",0
Male2Block.csv,Eric2.mp4,Eric,,,
Male2Block.csv,Eric2.mp4,Eric,eric,"['e', 'r', 'i', 'c']",1
Male2Block.csv,Ethan2.mp4,Ethan,,,
Male2Block.csv,Ethan2.mp4,Ethan,dylan,"['d', 'y', 'l', 'a', 'n', 'n', 'backspace']",0
Fem2Block.csv,Grace3.mp4,Grace,,,
Fem2Block.csv,Grace3.mp4,Grace,grace,"['g', 'r', 'a', 'c', 'e']",1
Fem1Block.csv,Haley2.mp4,Haley,,,
Fem1Block.csv,Haley2.mp4,Haley,alysia,"['a', 'l', 'y', 's', 'a', 'backspace', 'i', 'a']",0
Fem3Block.csv,Hannah2.mp4,Hannah,,,
Fem3Block.csv,Hannah2.mp4,Hannah,brianna,"['b', 'r', 'i', 'a', 'n', 'n', 'a']",0
Fem2Block.csv,Heather3.mp4,Heather,,,
Fem2Block.csv,Heather3.mp4,Heather,olivia,"['o', 'l', 'i', 'v', 'i', 'a']",0
Male1Block.csv,Jacob3.mp4,Jacob,,,
Male1Block.csv,Jacob3.mp4,Jacob,josh,"['j', 'o', 's', 'h', 'return']",0
Male2Block.csv,Jason4.mp4,Jason,,,
Male2Block.csv,Jason4.mp4,Jason,trevor,"['t', 'r', 'e', 'v', 'o', 't', 'backspace', 'r']",0
Fem3Block.csv,Jenna4.mp4,Jenna,,,
Fem3Block.csv,Jenna4.mp4,Jenna,dontknow,"['d', 'o', 'n', 't', 'k', 'n', 'o', 'w']",0
Male1Block.csv,Jeremy2.mp4,Jeremy,,,
Male1Block.csv,Jeremy2.mp4,Jeremy,kelvin,"['k', 'e', 'l', 'v', 'i', 'n']",0
Fem3Block.csv,Jessica2.mp4,Jessica,,,
Fem3Block.csv,Jessica2.mp4,Jessica,lauren,"['l', 'a', 'u', 'r', 'e', 'n']",0
Male1Block.csv,Josh3.mp4,Josh,,,
Male1Block.csv,Josh3.mp4,Josh,josh,"['j', 'o', 's', 'h']",1
Fem2Block.csv,Julia2.mp4,Julia,,,
Fem2Block.csv,Julia2.mp4,Julia,juliet,"['j', 'u', 'l', 'i', 'e', 't']",0
Male2Block.csv,Justin2.mp4,Justin,,,
Male2Block.csv,Justin2.mp4,Justin,eason,"['e', 'a', 's', 'o', 'n']",0
Fem1Block.csv,Katie2.mp4,Katie,,,
Fem1Block.csv,Katie2.mp4,Katie,tasley,"['t', 's', 'backspace', 'a', 's', 'l', 'e', 'u', 'backspace', 'y']",0
Fem3Block.csv,Kayla3.mp4,Kayla,,,
Fem3Block.csv,Kayla3.mp4,Kayla,lauren,"['l', 'a', 'u', 'r', 'e', 'n']",0
Fem1Block.csv,Kelsey2.mp4,Kelsey,,,
Fem1Block.csv,Kelsey2.mp4,Kelsey,sarah,"['s', 'a', 'r', 'e', 'a', 'h', 'backspace', 'backspace', 'backspace', 'a', 'h']",0
Male1Block.csv,Kevin2.mp4,Kevin,,,
Male1Block.csv,Kevin2.mp4,Kevin,sam,"['s', 'a', 'm']",0
Male3Block.csv,Kyle3.mp4,Kyle,,,
Male3Block.csv,Kyle3.mp4,Kyle,mark,"['m', 'a', 'r', 'k']",0
Fem3Block.csv,Lauren4.mp4,Lauren,,,
Fem3Block.csv,Lauren4.mp4,Lauren,ashely,"['a', 's', 'h', 'e', 'l', 'y']",0
Male3Block.csv,Mark3.mp4,Mark,,,
Male3Block.csv,Mark3.mp4,Mark,jacob,"['j', 'a', 'c', 'o', 'b']",0
Male3Block.csv,Matthew2.mp4,Matthew,,,
Male3Block.csv,Matthew2.mp4,Matthew,kyle,"['k', 'y', 'l', 'e']",0
Fem1Block.csv,Megan2.mp4,Megan,,,
Fem1Block.csv,Megan2.mp4,Megan,megan,"['m', 'e', 'g', 'a', 'n']",1
Male2Block.csv,Michael2.mp4,Michael,,,
Male2Block.csv,Michael2.mp4,Michael,mache,"['m', 'a', 'c', 'h', 'e']",0
Fem3Block.csv,Michelle2.mp4,Michelle,,,
Fem3Block.csv,Michelle2.mp4,Michelle,taylor,"['t', 'a', 'y', 'l', 'o', 'r']",0
Fem2Block.csv,Natalie3.mp4,Natalie,,,
Fem2Block.csv,Natalie3.mp4,Natalie,natalle,"['n', 'a', 't', 'a', 'l', 'l', 'e']",1
Male3Block.csv,Nathan3.mp4,Nathan,,,
Male3Block.csv,Nathan3.mp4,Nathan,coby,"['c', 'o', 'b', 'y']",0
Fem2Block.csv,Nicole2.mp4,Nicole,,,
Fem2Block.csv,Nicole2.mp4,Nicole,amanda,"['a', 'm', 'a', 'n', 'd', 'a']",0
Male1Block.csv,Noah2.mp4,Noah,,,
Male1Block.csv,Noah2.mp4,Noah,tally,"['y', 'a', 'backspace', 'backspace', 't', 'a', 'l', 'l', 'y']",0
Fem2Block.csv,Olivia3.mp4,Olivia,,,
Fem2Block.csv,Olivia3.mp4,Olivia,olivia,"['o', 'l', 'i', 'v', 'i', 'a']",1
Fem1Block.csv,Rachel3.mp4,Rachel,,,
Fem1Block.csv,Rachel3.mp4,Rachel,anna,"['a', 'n', 'n', 'a']",0
Fem2Block.csv,Rebecca3.mp4,Rebecca,,,
Fem2Block.csv,Rebecca3.mp4,Rebecca,rebecca,"['r', 'e', 'b', 'e', 'c', 'c', 'a']",1
Fem1Block.csv,Sarah2.mp4,Sarah,,,
Fem1Block.csv,Sarah2.mp4,Sarah,sarah,"['s', 'a', 'r', 'a', 'h']",1
Fem2Block.csv,Shelby2.mp4,Shelby,,,
Fem2Block.csv,Shelby2.mp4,Shelby,shelby,"['s', 'h', 'e', 'l', 'b', 'y']",1
Male3Block.csv,Steven2.mp4,Steven,,,
Male3Block.csv,Steven2.mp4,Steven,matt,"['m', 'a', 't', 't']",0
Fem3Block.csv,Taylor4.mp4,Taylor,,,
Fem3Block.csv,Taylor4.mp4,Taylor,hannah,"['h', 'a', 'n', 'n', 'a', 'h']",0
Male2Block.csv,Thomas2.mp4,Thomas,,,
Male2Block.csv,Thomas2.mp4,Thomas,thomas,"['t', 'h', 'o', 'm', 'a', 's']",1
Male1Block.csv,Timothy3.mp4,Timothy,,,
Male1Block.csv,Timothy3.mp4,Timothy,mellinan,"['m', 'e', 'l', 'l', 'i', 'n', 'a', 'n']",0
Male2Block.csv,Trevor2.mp4,Trevor,,,
Male2Block.csv,Trevor2.mp4,Trevor,trevor,"['t', 'r', 'e', 'v', 'o', 'r']",1
Male2Block.csv,Tyler3.mp4,Tyler,,,
Male2Block.csv,Tyler3.mp4,Tyler,michalle,"['m', 'space', 'i', 'backspace', 'backspace', 'i', 'c', 'h', 'e', 'backspace', 'a', 'l', 'l', 'e']",0