idx,Video,Name,inputText,key_resp_3.keys,recallRating_A
,Aaron2.mp4,Aaron,,,
0,Aaron2.mp4,Aaron, ,None,0
1,Adam4.mp4,Adam,,,
2,Adam4.mp4,Adam, ,None,0
3,Alyssa3.mp4,Alyssa,,,
4,Alyssa3.mp4,Alyssa, ,None,0
5,Amanda3.mp4,Amanda,,,
6,Amanda3.mp4,Amanda, ,None,0
7,Andrew2.mp4,Andrew,,,
8,Andrew2.mp4,Andrew, ,None,0
9,Anna3.mp4,Anna,,,
10,Anna3.mp4,Anna, Anna,"['lshift', 'a', 'n', 'n', 'a']",1
11,Ashley3.mp4,Ashley,,,
12,Ashley3.mp4,Ashley, ,None,0
13,Bradley3.mp4,Bradley,,,
14,Bradley3.mp4,Bradley, Tyler,"['lshift', 't', 'y', 'l', 'e', 'r']",0
15,Brandon2.mp4,Brandon,,,
16,Brandon2.mp4,Brandon, Brandon ,"['lshift', 'b', 'r', 'a', 'n', 'd', 'o', 'n', 'space']",1
17,Brian2.mp4,Brian,,,
18,Brian2.mp4,Brian, ,None,0
19,Brianna2.mp4,Brianna,,,
20,Brianna2.mp4,Brianna, Julia ,"['lshift', 'j', 'u', 'l', 'i', 'a', 'space']",0
21,Brittany2.mp4,Brittany,,,
22,Brittany2.mp4,Brittany, ,None,0
23,Caleb5.mp4,Caleb,,,
24,Caleb5.mp4,Caleb, ,None,0
25,Cody2.mp4,Cody,,,
26,Cody2.mp4,Cody, Daniel,"['lshift', 'n', 'equal', 'lshift', 'backspace', 'f12', 'lshift', 'd', 'a', 'n', 'i', 'e', 'l']",0
27,Courtney2.mp4,Courtney,,,
28,Courtney2.mp4,Courtney, Rachel,"['lshift', 'r', 'a', 'c', 'h', 'e', 'l']",0
29,Daniel3.mp4,Daniel,,,
30,Daniel3.mp4,Daniel, ,None,0
31,Danielle2.mp4,Danielle,,,
32,Danielle2.mp4,Danielle, Danielle,"['lshift', 'd', 'n', 'e', 'backspace', 'backspace', 'a', 'n', 'i', 'e', 'l', 'l', 'e']",1
33,David2.mp4,David,,,
34,David2.mp4,David, David,"['lshift', 'd', 'a', 'v', 'i', 'd']",1
35,Dylan3.mp4,Dylan,,,
36,Dylan3.mp4,Dylan, Dylan,"['lshift', 'd', 'y', 'k', 'backspace', 'k', 'l', 'backspace', 'f11', 'backspace', 'l', 'a', 'n']",1
37,Emily5.mp4,Emily,,,
38,Emily5.mp4,Emily, Natalie,"['lshift', 'n', 'a', 't', 'a', 'l', 'i', 'e']",0
39,Eric2.mp4,Eric,,,
40,Eric2.mp4,Eric, Andrew,"['lshift', 'a', 'n', 'd', 'r', 'e', 'w']",0
41,Ethan2.mp4,Ethan,,,
42,Ethan2.mp4,Ethan, ,None,0
43,Grace3.mp4,Grace,,,
44,Grace3.mp4,Grace, Emily,"['lshift', 'e', 'm', 'i', 'l', 'y']",0
45,Haley2.mp4,Haley,,,
46,Haley2.mp4,Haley, Hannah,"['lshift', 'lshift', 'a', 'backspace', 'lshift', 'h', 'a', 'n', 'n', 'a', 'h', 'return']",0
47,Hannah2.mp4,Hannah,,,
48,Hannah2.mp4,Hannah, Jessica ,"['lshift', 'j', 'e', 's', 's', 'i', 'c', 'a', 'space']",0
49,Heather3.mp4,Heather,,,
50,Heather3.mp4,Heather, ,None,0
51,Jacob3.mp4,Jacob,,,
52,Jacob3.mp4,Jacob, ,None,0
53,Jason4.mp4,Jason,,,
54,Jason4.mp4,Jason, ,None,0
55,Jenna4.mp4,Jenna,,,
56,Jenna4.mp4,Jenna, ,None,0
57,Jeremy2.mp4,Jeremy,,,
58,Jeremy2.mp4,Jeremy, ,None,0
59,Jessica2.mp4,Jessica,,,
60,Jessica2.mp4,Jessica, Lauren ,"['lshift', 'l', 'a', 'u', 'r', 'e', 'n', 'space']",0
61,Josh3.mp4,Josh,,,
62,Josh3.mp4,Josh, ,None,0
63,Julia2.mp4,Julia,,,
64,Julia2.mp4,Julia, Julia,"['lshift', 'j', 'u', 'l', 'i', 'a']",1
65,Justin2.mp4,Justin,,,
66,Justin2.mp4,Justin, Justin,"['lshift', 'j', 'u', 's', 't', 'i', 'n']",1
67,Katie2.mp4,Katie,,,
68,Katie2.mp4,Katie,,"['lshift', 'r', 'e', 'b', 'e', 'c', 'c', 'a', 'backspace', 'backspace', 'backspace', 'backspace', 'backspace', 'backspace', 'backspace', 'backspace']",0
69,Kayla3.mp4,Kayla,,,
70,Kayla3.mp4,Kayla, chelsea  ,"['c', 'h', 'e', 'l', 's', 'e', 'a', 'space', 'space']",0
71,Kelsey2.mp4,Kelsey,,,
72,Kelsey2.mp4,Kelsey, Kelsey,"['lshift', 'k', 'e', 'l', 's', 'e', 'y']",1
73,Kevin2.mp4,Kevin,,,
74,Kevin2.mp4,Kevin, Kevin,"['lshift', 'k', 'e', 'v', 'i', 'n']",1
75,Kyle3.mp4,Kyle,,,
76,Kyle3.mp4,Kyle, Kyle,"['lshift', 'k', 'y', 'l', 'e']",1
77,Lauren4.mp4,Lauren,,,
78,Lauren4.mp4,Lauren, Haley  ,"['lshift', 'h', 'a', 'l', 'e', 'y', 'return', 'space', 'space']",0
79,Mark3.mp4,Mark,,,
80,Mark3.mp4,Mark, Josh,"['lshift', 'j', 'o', 's', 'h']",0
81,Matthew2.mp4,Matthew,,,
82,Matthew2.mp4,Matthew, ,None,0
83,Megan2.mp4,Megan,,,
84,Megan2.mp4,Megan, jessica,"['j', 'e', 's', 's', 'i', 'c', 'a']",0
85,Michael2.mp4,Michael,,,
86,Michael2.mp4,Michael, ,None,0
87,Michelle2.mp4,Michelle,,,
88,Michelle2.mp4,Michelle, ,None,0
90,Natalie3.mp4,Natalie,,,
91,Natalie3.mp4,Natalie, ,"['lshift', 'lshift', 'lshift', 'lshift', 'lshift', 'lshift', 'lshift', 'lshift']",0
92,Nathan3.mp4,Nathan,,,
93,Nathan3.mp4,Nathan, Aaron,"['lshift', 'a', 'a', 'r', 'o', 'n']",0
94,Nicole2.mp4,Nicole,,,
95,Nicole2.mp4,Nicole, nicole ,"['n', 'i', 'c', 'o', 'l', 'e', 'return', 'space']",1
96,Noah2.mp4,Noah,,,
97,Noah2.mp4,Noah, ,None,0
98,Olivia3.mp4,Olivia,,,
99,Olivia3.mp4,Olivia, Grace,"['lshift', 'g', 'a', 'f12', 'backspace', 'r', 'a', 'c', 'e']",0
100,Rachel3.mp4,Rachel,,,
101,Rachel3.mp4,Rachel, ,None,0
102,Rebecca3.mp4,Rebecca,,,
103,Rebecca3.mp4,Rebecca, Brittany,"['lshift', 'b', 'r', 'i', 't', 't', 'a', 'n', 'y']",0
104,Sarah2.mp4,Sarah,,,
105,Sarah2.mp4,Sarah, ,None,0
106,Shelby2.mp4,Shelby,,,
107,Shelby2.mp4,Shelby, ,None,0
108,Steven2.mp4,Steven,,,
109,Steven2.mp4,Steven, ,None,0
110,Taylor4.mp4,Taylor,,,
111,Taylor4.mp4,Taylor, ,None,0
112,Thomas2.mp4,Thomas,,,
113,Thomas2.mp4,Thomas, Eric,"['lshift', 'e', 'r', 'i', 'c']",0
114,Timothy3.mp4,Timothy,,,
115,Timothy3.mp4,Timothy, ,None,0
116,Trevor2.mp4,Trevor,,,
117,Trevor2.mp4,Trevor, ,None,0
118,Tyler3.mp4,Tyler,,,
119,Tyler3.mp4,Tyler, ,None,0