,Video,Name,inputText,key_resp_3.keys,recallRating_A
0,Aaron2.mp4,Aaron,,,
1,Aaron2.mp4,Aaron, ethan,"['w', 't', 'h', 'a', 'backspace', 'backspace', 'backspace', 'backspace', 'e', 't', 'h', 'a', 'n']",0.0
2,Adam4.mp4,Adam,,,
3,Adam4.mp4,Adam, adam,"['s', 'backspace', 'a', 'd', 'a', 'm']",1.0
4,Alyssa3.mp4,Alyssa,,,
5,Alyssa3.mp4,Alyssa,olivia,"['o', 'l', 'backspace', 'backspace', 'backspace', 'o', 'i', 'l', 'backspace', 'backspace', 'l', 'i', 'i', 'backspace', 'v', 'i', 'a']",0.0
6,Amanda3.mp4,Amanda,,,
7,Amanda3.mp4,Amanda, lauren,"['l', 'a', 'u', 'r', 'e', 'n', 'return']",0.0
8,Andrew2.mp4,Andrew,,,
9,Andrew2.mp4,Andrew, cody,"['c', 'o', 'd', 'y']",0.0
10,Anna3.mp4,Anna,,,
11,Anna3.mp4,Anna, anna,"['a', 'n', 'n', 'a']",1.0
12,Ashley3.mp4,Ashley,,,
13,Ashley3.mp4,Ashley, ashley,"['a', 's', 'h', 'l', 'e', 'y']",1.0
14,Bradley3.mp4,Bradley,,,
15,Bradley3.mp4,Bradley, mark,"['m', 'a', 'r', 'k']",0.0
16,Brandon2.mp4,Brandon,,,
17,Brandon2.mp4,Brandon,  mich,"['num_add', 'space', 'm', 'i', 'c', 'h', 'e', 'q', 'l', 'backspace', 'a', 'l', 'backspace', 'backspace', 'backspace', 'backspace']",0.0
18,Brian2.mp4,Brian,,,
19,Brian2.mp4,Brian, mark,"['m', 'a', 'r', 't', 'k', 'backspace', 'backspace', 'k', 'return']",0.0
20,Brianna2.mp4,Brianna,,,
21,Brianna2.mp4,Brianna, ashle,"['a', 'u', 'd', 'r', 'e', 'backspace', 'backspace', 'backspace', 'backspace', 'backspace', 'a', 's', 'h', 'l', 'e', 'u', 'u', 'backspace', 'backspace']",0.0
22,Brittany2.mp4,Brittany,,,
23,Brittany2.mp4,Brittany, lauren,"['l', 'a', 'u', 'r', 'e', 'n']",0.0
24,Caleb5.mp4,Caleb,,,
25,Caleb5.mp4,Caleb, jacob,"['j', 'a', 'b', 'backspace', 'c', 'o', 'b']",0.0
26,Cody2.mp4,Cody,,,
27,Cody2.mp4,Cody, thomas,"['t', 'h', 'o', 'm', 'a', 's']",0.0
28,Courtney2.mp4,Courtney,,,
29,Courtney2.mp4,Courtney, courtney,"['c', 'o', 'u', 'r', 't', 'n', 'e', 'y', 'return', 'return', 'return']",1.0
30,Daniel3.mp4,Daniel,,,
31,Daniel3.mp4,Daniel,david,"['e', 't', 'h', 'a', 'n', 'backspace', 'backspace', 'backspace', 'backspace', 'backspace', 'backspace', 'd', 'a', 'v', 'i', 'd']",0.0
32,Danielle2.mp4,Danielle,,,
33,Danielle2.mp4,Danielle, danielle,"['d', 'a', 'n', 'i', 'l', 'e', 'backspace', 'backspace', 'e', 'l', 'l', 'e']",1.0
34,David2.mp4,David,,,
35,David2.mp4,David, jacob,"['j', 'a', 'c', 'o', 'space', 'b', 'backspace', 'backspace', 'b', 'b', 'backspace', 'backspace', 'b']",0.0
36,Dylan3.mp4,Dylan,,,
37,Dylan3.mp4,Dylan, mark ,"['e', 't', 'h', 'a', 'n', 'backslash', 'backspace', 'backspace', 'backspace', 'backspace', 'backspace', 'm', 'a', 'r', 'k', 'return', 'space']",0.0
38,Emily5.mp4,Emily,,,
39,Emily5.mp4,Emily, laurennnnnnn,"['h', 'a', 'backspace', 'backspace', 'a', 'backspace', 'l', 'a', 'u', 'r', 'n', 'backspace', 'e', 'n']",0.0
40,Eric2.mp4,Eric,,,
41,Eric2.mp4,Eric, ethan,"['e', 't', 'h', 'a', 'n', 'return']",0.0
42,Ethan2.mp4,Ethan,,,
43,Ethan2.mp4,Ethan, ethan,"['e', 't', 'h', 'a', 'n']",1.0
44,Grace3.mp4,Grace,,,
45,Grace3.mp4,Grace, grace,"['g', 'r', 'a', 'c', 'e']",1.0
46,Haley2.mp4,Haley,,,
47,Haley2.mp4,Haley, heather,"['h', 'e', 'a', 'l', 't', 'backspace', 'backspace', 't', 'h', 'e', 'r']",0.0
48,Hannah2.mp4,Hannah,,,
49,Hannah2.mp4,Hannah, brittney,"['b', 'i', 'backspace', 'r', 'i', 't', 't', 'n', 'e', 'y']",0.0
50,Heather3.mp4,Heather,,,
51,Heather3.mp4,Heather, michelle,"['m', 'i', 'h', 'backspace', 'c', 'h', 'e', 'l', 'l', 'e']",0.0
52,Jacob3.mp4,Jacob,,,
53,Jacob3.mp4,Jacob, jackson,"['j', 'a', 'c', 'k', 's', 'o', 'n']",0.0
54,Jason4.mp4,Jason,,,
55,Jason4.mp4,Jason, mark,"['m', 'a', 'r', 'k', 'return']",0.0
56,Jenna4.mp4,Jenna,,,
57,Jenna4.mp4,Jenna, megan,"['m', 'e', 'g', 'a', 'b', 'backspace', 'n', 'capslock', 'a', 'backspace']",0.0
58,Jeremy2.mp4,Jeremy,,,
59,Jeremy2.mp4,Jeremy, jeremy,"['j', 'e', 'r', 'e', 'm', 'e', 'y', 'backspace', 'backspace', 'y', 'return']",1.0
60,Jessica2.mp4,Jessica,,,
61,Jessica2.mp4,Jessica, megan,"['m', 'e', 'g', 'a', 'n']",0.0
62,Josh3.mp4,Josh,,,
63,Josh3.mp4,Josh, josh,"['j', 'o', 's', 'h']",1.0
64,Julia2.mp4,Julia,,,
65,Julia2.mp4,Julia, julia,"['j', 'u', 'l', 'i', 'a']",1.0
66,Justin2.mp4,Justin,,,
67,Justin2.mp4,Justin, justin,"['j', 'i', 'backspace', 'u', 's', 't', 'i', 'n', 'return']",1.0
68,Katie2.mp4,Katie,,,
69,Katie2.mp4,Katie, katie,"['k', 'a', 't', 'i', 'e']",1.0
70,Kayla3.mp4,Kayla,,,
71,Kayla3.mp4,Kayla, kayla ,"['k', 'a', 'y', 'l', 'a', 'return', 'space', 'return']",1.0
72,Kelsey2.mp4,Kelsey,,,
73,Kelsey2.mp4,Kelsey, kelsey,"['k', 'e', 'l', 's', 'e', 'y']",1.0
74,Kevin2.mp4,Kevin,,,
75,Kevin2.mp4,Kevin, matthew,"['m', 'a', 't', 't', 'h', 'e', 'w']",0.0
76,Kyle3.mp4,Kyle,,,
77,Kyle3.mp4,Kyle, matthew,"['m', 'a', 't', 't', 'h', 'e', 'w']",0.0
78,Lauren4.mp4,Lauren,,,
79,Lauren4.mp4,Lauren, rachel,"['r', 'a', 'c', 'h', 'e', 'l']",0.0
80,Mark3.mp4,Mark,,,
81,Mark3.mp4,Mark, mark,"['m', 'a', 'r', 'k', 'return']",1.0
82,Matthew2.mp4,Matthew,,,
83,Matthew2.mp4,Matthew, kevin,"['k', 'e', 'v', 'i', 'n']",0.0
84,Megan2.mp4,Megan,,,
85,Megan2.mp4,Megan, taylor,"['t', 'a', 'y', 'l', 't', 'backspace', 'p', 'backspace', 'o', 'r']",0.0
86,Michael2.mp4,Michael,,,
87,Michael2.mp4,Michael, ethan ,"['e', 'h', 'backspace', 't', 'h', 'n', 'backspace', 'n', 'a', 'space', 'backspace', 'backspace', 'backspace', 'a', 'n', 'space']",0.0
88,Michelle2.mp4,Michelle,,,
89,Michelle2.mp4,Michelle, michelle,"['m', 'i', 'c', 'h', 'e', 'l', 'l', 'e', 'return']",1.0
90,Natalie3.mp4,Natalie,,,
91,Natalie3.mp4,Natalie, taylor,"['t', 'a', 'y', 'l', 'r', 'backspace', 'o', 'r']",0.0
92,Nathan3.mp4,Nathan,,,
93,Nathan3.mp4,Nathan, caleb,"['c', 'a', 'l', 'e', 'b']",0.0
94,Nicole2.mp4,Nicole,,,
95,Nicole2.mp4,Nicole, nicole,"['n', 'i', 'c', 'o', 'l', 'e']",1.0
96,Noah2.mp4,Noah,,,
97,Noah2.mp4,Noah, ,None,0.0
98,Olivia3.mp4,Olivia,,,
99,Olivia3.mp4,Olivia, megan,"['m', 'e', 'g', 'a', 'n']",0.0
100,Rachel3.mp4,Rachel,,,
101,Rachel3.mp4,Rachel, ashley,"['a', 's', 'h', 'e', 'l', 'y', 'backspace', 'backspace', 'backspace', 'l', 'e', 'y']",0.0
102,Rebecca3.mp4,Rebecca,,,
103,Rebecca3.mp4,Rebecca, ashley,"['a', 's', 'h', 'l', 'e', 'y']",0.0
104,Sarah2.mp4,Sarah,,,
105,Sarah2.mp4,Sarah, lauren,"['l', 'a', 'u', 'r', 'e', 'n']",0.0
106,Shelby2.mp4,Shelby,,,
107,Shelby2.mp4,Shelby, sabrina,"['s', 'a', 'b', 't', 'i', 'backspace', 'backspace', 'r', 'i', 'n', 'a']",0.0
108,Steven2.mp4,Steven,,,
109,Steven2.mp4,Steven, steven,"['d', 'backspace', 's', 't', 'e', 'e', 'backspace', 'e', 'backspace', 'v', 'e', 'n']",1.0
110,Taylor4.mp4,Taylor,,,
111,Taylor4.mp4,Taylor, alyssa,"['a', 'l', 'y', 's', 's', 'a']",0.0
112,Thomas2.mp4,Thomas,,,
113,Thomas2.mp4,Thomas, josh,"['j', 's', 'backspace', 'o', 's', 'h', 'rshift', 'question']",0.0
114,Timothy3.mp4,Timothy,,,
115,Timothy3.mp4,Timothy, timothy,"['t', 'i', 'm', 'o', 't', 'h', 'y', 'return']",1.0
116,Trevor2.mp4,Trevor,,,
117,Trevor2.mp4,Trevor, cody,"['c', 'o', 'd', 'y']",0.0
118,Tyler3.mp4,Tyler,,,
119,Tyler3.mp4,Tyler, kyle,"['k', 'y', 'l', 'e']",0.0
