,Video,Name,inputText,key_resp_3.keys,recallRating_A
0,Aaron2.mp4,Aaron,,,
1,Aaron2.mp4,Aaron, brad,"['b', 'r', 'a', 'd']",0.0
2,Adam4.mp4,Adam,,,
3,Adam4.mp4,Adam, ,None,0.0
4,Alyssa3.mp4,Alyssa,,,
5,Alyssa3.mp4,Alyssa, elisabeth,"['e', 'l', 'i', 's', 'a', 'b', 'e', 't', 'h']",0.0
6,Amanda3.mp4,Amanda,,,
7,Amanda3.mp4,Amanda, kate,"['k', 'a', 't', 'e']",0.0
8,Andrew2.mp4,Andrew,,,
9,Andrew2.mp4,Andrew, ethan,"['e', 't', 'h', 'a', 'n']",0.0
10,Anna3.mp4,Anna,,,
11,Anna3.mp4,Anna, anna,"['a', 'n', 'n', 'a']",1.0
12,Ashley3.mp4,Ashley,,,
13,Ashley3.mp4,Ashley, kayla,"['k', 'a', 'y', 'l', 'a']",0.0
14,Bradley3.mp4,Bradley,,,
15,Bradley3.mp4,Bradley, cody,"['c', 'o', 'd', 'y']",0.0
16,Brandon2.mp4,Brandon,,,
17,Brandon2.mp4,Brandon, ,None,0.0
18,Brian2.mp4,Brian,,,
19,Brian2.mp4,Brian, brock,"['b', 'r', 'o', 'c', 'k']",0.0
20,Brianna2.mp4,Brianna,,,
21,Brianna2.mp4,Brianna, brianna,"['b', 'r', 'i', 'a', 'n', 'n', 'a']",1.0
22,Brittany2.mp4,Brittany,,,
23,Brittany2.mp4,Brittany, emma,"['e', 'm', 'm', 'a']",0.0
24,Caleb5.mp4,Caleb,,,
25,Caleb5.mp4,Caleb, mark,"['m', 'a', 'r', 'k']",0.0
26,Cody2.mp4,Cody,,,
27,Cody2.mp4,Cody, ,None,0.0
28,Courtney2.mp4,Courtney,,,
29,Courtney2.mp4,Courtney, shelby,"['s', 'h', 'e', 'l', 'b', 'y']",0.0
30,Daniel3.mp4,Daniel,,,
31,Daniel3.mp4,Daniel, daniel,"['d', 'a', 'n', 'i', 'e', 'l']",1.0
32,Danielle2.mp4,Danielle,,,
33,Danielle2.mp4,Danielle, emily,"['e', 'm', 'i', 'l', 'y']",0.0
34,David2.mp4,David,,,
35,David2.mp4,David, ,None,0.0
36,Dylan3.mp4,Dylan,,,
37,Dylan3.mp4,Dylan, brandon,"['b', 'r', 'a', 'n', 'd', 'o', 'n']",0.0
38,Emily5.mp4,Emily,,,
39,Emily5.mp4,Emily, olivia,"['o', 'l', 'i', 'v', 'i', 'a']",0.0
40,Eric2.mp4,Eric,,,
41,Eric2.mp4,Eric, eric,"['e', 'r', 'i', 'c']",1.0
42,Ethan2.mp4,Ethan,,,
43,Ethan2.mp4,Ethan, kevin,"['k', 'e', 'v', 'i', 'n']",0.0
44,Grace3.mp4,Grace,,,
45,Grace3.mp4,Grace, grace,"['g', 'r', 'a', 'c', 'e']",1.0
46,Haley2.mp4,Haley,,,
47,Haley2.mp4,Haley, shelby ,"['s', 'h', 'e', 'semicolon', 'l', 'b', 'y', 'space']",0.0
48,Hannah2.mp4,Hannah,,,
49,Hannah2.mp4,Hannah, aa,"['a', 'a']",0.0
50,Heather3.mp4,Heather,,,
51,Heather3.mp4,Heather, heather,"['h', 'e', 'a', 't', 'h', 'e', 'r']",1.0
52,Jacob3.mp4,Jacob,,,
53,Jacob3.mp4,Jacob, dylan,"['d', 'y', 'l', 'a', 'n']",0.0
54,Jason4.mp4,Jason,,,
55,Jason4.mp4,Jason, ,None,0.0
56,Jenna4.mp4,Jenna,,,
57,Jenna4.mp4,Jenna, danielle,"['d', 'a', 'n', 'e', 'backspace', 'i', 'e', 'l', 'l', 'e']",0.0
58,Jeremy2.mp4,Jeremy,,,
59,Jeremy2.mp4,Jeremy, jeremy,"['j', 'e', 'r', 'e', 'm', 'y']",1.0
60,Jessica2.mp4,Jessica,,,
61,Jessica2.mp4,Jessica, ,None,0.0
62,Josh3.mp4,Josh,,,
63,Josh3.mp4,Josh, noah,"['n', 'o', 'a', 'h']",0.0
64,Julia2.mp4,Julia,,,
65,Julia2.mp4,Julia, lauren,"['l', 'a', 'u', 'r', 'e', 'n']",0.0
66,Justin2.mp4,Justin,,,
67,Justin2.mp4,Justin, ,None,0.0
68,Katie2.mp4,Katie,,,
69,Katie2.mp4,Katie, katie,"['k', 'a', 't', 'i', 'e']",1.0
70,Kayla3.mp4,Kayla,,,
71,Kayla3.mp4,Kayla, kayla,"['k', 'a', 'y', 'l', 'a']",1.0
72,Kelsey2.mp4,Kelsey,,,
73,Kelsey2.mp4,Kelsey, ashley,"['a', 'a', 'backspace', 's', 'h', 'l', 'e', 'y']",0.0
74,Kevin2.mp4,Kevin,,,
75,Kevin2.mp4,Kevin, caleb,"['c', 'a', 'l', 'e', 'b']",0.0
76,Kyle3.mp4,Kyle,,,
77,Kyle3.mp4,Kyle, ethan,"['e', 't', 'h', 'a', 'n']",0.0
78,Lauren4.mp4,Lauren,,,
79,Lauren4.mp4,Lauren, hannah,"['h', 'a', 'n', 'n', 'a', 'h']",0.0
80,Mark3.mp4,Mark,,,
81,Mark3.mp4,Mark, kyle,"['k', 'y', 'l', 'e']",0.0
82,Matthew2.mp4,Matthew,,,
83,Matthew2.mp4,Matthew, brandon,"['b', 'r', 'a', 'n', 'd', 'o', 'm', 'backspace', 'n']",0.0
84,Megan2.mp4,Megan,,,
85,Megan2.mp4,Megan, hannah,"['h', 'a', 'n', 'n', 'a', 'h']",0.0
86,Michael2.mp4,Michael,,,
87,Michael2.mp4,Michael, micheal,"['m', 'i', 'c', 'h', 'e', 'a', 'l']",1.0
88,Michelle2.mp4,Michelle,,,
89,Michelle2.mp4,Michelle, michelle,"['m', 'i', 'c', 'h', 'e', 'l', 'l', 'e']",1.0
90,Natalie3.mp4,Natalie,,,
91,Natalie3.mp4,Natalie, sarah,"['s', 'a', 'r', 'a', 'h']",0.0
92,Nathan3.mp4,Nathan,,,
93,Nathan3.mp4,Nathan, nathan,"['n', 'a', 't', 'h', 'a', 'n']",1.0
94,Nicole2.mp4,Nicole,,,
95,Nicole2.mp4,Nicole, nicole,"['n', 'i', 'c', 'o', 'l', 'e']",1.0
96,Noah2.mp4,Noah,,,
97,Noah2.mp4,Noah, ,None,0.0
98,Olivia3.mp4,Olivia,,,
99,Olivia3.mp4,Olivia, emily,"['e', 'm', 'i', 'l', 'y']",0.0
100,Rachel3.mp4,Rachel,,,
101,Rachel3.mp4,Rachel, ,None,0.0
102,Rebecca3.mp4,Rebecca,,,
103,Rebecca3.mp4,Rebecca, rebecca,"['r', 'e', 'b', 'e', 'c', 'c', 'a']",1.0
104,Sarah2.mp4,Sarah,,,
105,Sarah2.mp4,Sarah, ,None,0.0
106,Shelby2.mp4,Shelby,,,
107,Shelby2.mp4,Shelby, ,None,0.0
108,Steven2.mp4,Steven,,,
109,Steven2.mp4,Steven, bradley,"['b', 'r', 'a', 'd', 'l', 'e', 'y']",0.0
110,Taylor4.mp4,Taylor,,,
111,Taylor4.mp4,Taylor, taylor,"['t', 'r', 'backspace', 'a', 'y', 'l', 'o', 'r']",1.0
112,Thomas2.mp4,Thomas,,,
113,Thomas2.mp4,Thomas, kevin,"['k', 'e', 'v', 'i', 'n']",0.0
114,Timothy3.mp4,Timothy,,,
115,Timothy3.mp4,Timothy, timothee,"['t', 'i', 'm', 'o', 't', 'h', 'e', 'e']",1.0
116,Trevor2.mp4,Trevor,,,
117,Trevor2.mp4,Trevor, cody,"['c', 'o', 'd', 'y']",0.0
118,Tyler3.mp4,Tyler,,,
119,Tyler3.mp4,Tyler, ,None,0.0
