,Video,Name,inputText,key_resp_3.keys,recallRating_A
0,Aaron2.mp4,Aaron,,,
1,Aaron2.mp4,Aaron, aaron,"['a', 'a', 'r', 'o', 'n']",1.0
2,Adam4.mp4,Adam,,,
3,Adam4.mp4,Adam, ,None,0.0
4,Alyssa3.mp4,Alyssa,,,
5,Alyssa3.mp4,Alyssa, taylor,"['t', 'a', 'y', 'l', 'o', 'r']",0.0
6,Amanda3.mp4,Amanda,,,
7,Amanda3.mp4,Amanda, anna,"['a', 'n', 'n', 'a']",0.0
8,Andrew2.mp4,Andrew,,,
9,Andrew2.mp4,Andrew, ,None,0.0
10,Anna3.mp4,Anna,,,
11,Anna3.mp4,Anna, jenna,"['j', 'e', 'n', 'n', 'a']",0.0
12,Ashley3.mp4,Ashley,,,
13,Ashley3.mp4,Ashley, megan,"['m', 'e', 'g', 'a', 'b', 'backspace', 'n']",0.0
14,Bradley3.mp4,Bradley,,,
15,Bradley3.mp4,Bradley, ,None,0.0
16,Brandon2.mp4,Brandon,,,
17,Brandon2.mp4,Brandon, brendon,"['k', 'e', 'v', 'i', 'n', 'backspace', 'backspace', 'backspace', 'backspace', 'backspace', 'b', 'r', 'e', 'n', 'd', 'o', 'n']",1.0
18,Brian2.mp4,Brian,,,
19,Brian2.mp4,Brian, brian,"['b', 'r', 'i', 'a', 'n']",1.0
20,Brianna2.mp4,Brianna,,,
21,Brianna2.mp4,Brianna, ,None,0.0
22,Brittany2.mp4,Brittany,,,
23,Brittany2.mp4,Brittany, ,"['h', 'q', 'n', 'backspace', 'backspace', 'backspace']",0.0
24,Caleb5.mp4,Caleb,,,
25,Caleb5.mp4,Caleb, c,"['c', 'a', 'backspace']",0.0
26,Cody2.mp4,Cody,,,
27,Cody2.mp4,Cody, cody,"['x', 'backspace', 'c', 'o', 'd', 'y']",1.0
28,Courtney2.mp4,Courtney,,,
29,Courtney2.mp4,Courtney, julia,"['j', 'u', 'l', 'i', 'a']",0.0
30,Daniel3.mp4,Daniel,,,
31,Daniel3.mp4,Daniel, ,None,0.0
32,Danielle2.mp4,Danielle,,,
33,Danielle2.mp4,Danielle, zeniel,"['z', 'i', 'backspace', 'e', 'n', 'i', 'e', 'l']",0.0
34,David2.mp4,David,,,
35,David2.mp4,David, ,None,0.0
36,Dylan3.mp4,Dylan,,,
37,Dylan3.mp4,Dylan, ,None,0.0
38,Emily5.mp4,Emily,,,
39,Emily5.mp4,Emily, emily,"['e', 'm', 'i', 'l', 'y']",1.0
40,Eric2.mp4,Eric,,,
41,Eric2.mp4,Eric, ,None,0.0
42,Ethan2.mp4,Ethan,,,
43,Ethan2.mp4,Ethan, ethan,"['e', 't', 'h', 'a', 'n']",1.0
44,Grace3.mp4,Grace,,,
45,Grace3.mp4,Grace, grace,"['g', 'r', 'a', 'c', 'e']",1.0
46,Haley2.mp4,Haley,,,
47,Haley2.mp4,Haley, ,None,0.0
48,Hannah2.mp4,Hannah,,,
49,Hannah2.mp4,Hannah, ,None,0.0
50,Heather3.mp4,Heather,,,
51,Heather3.mp4,Heather, heather,"['h', 'e', 'a', 't', 'h', 'e', 'r']",1.0
52,Jacob3.mp4,Jacob,,,
53,Jacob3.mp4,Jacob, jacob,"['j', 'a', 'c', 'o', 'b']",1.0
54,Jason4.mp4,Jason,,,
55,Jason4.mp4,Jason, ,None,0.0
56,Jenna4.mp4,Jenna,,,
57,Jenna4.mp4,Jenna, ,None,0.0
58,Jeremy2.mp4,Jeremy,,,
59,Jeremy2.mp4,Jeremy, jeremy,"['j', 'e', 'r', 'e', 'm', 'comma', 'y']",1.0
60,Jessica2.mp4,Jessica,,,
61,Jessica2.mp4,Jessica, ,None,0.0
62,Josh3.mp4,Josh,,,
63,Josh3.mp4,Josh, josh,"['j', 'o', 's', 'h']",1.0
64,Julia2.mp4,Julia,,,
65,Julia2.mp4,Julia, julia,"['j', 'u', 'l', 'i', 'a']",1.0
66,Justin2.mp4,Justin,,,
67,Justin2.mp4,Justin, justin,"['j', 'u', 's', 't', 'i', 'n']",1.0
68,Katie2.mp4,Katie,,,
69,Katie2.mp4,Katie, hailey,"['h', 'a', 'i', 'l', 'e', 'y']",0.0
70,Kayla3.mp4,Kayla,,,
71,Kayla3.mp4,Kayla, hailey,"['h', 'a', 'i', 'l', 'e', 'y']",0.0
72,Kelsey2.mp4,Kelsey,,,
73,Kelsey2.mp4,Kelsey, ,None,0.0
74,Kevin2.mp4,Kevin,,,
75,Kevin2.mp4,Kevin, kevin,"['k', 'e', 'v', 'i', 'n']",1.0
76,Kyle3.mp4,Kyle,,,
77,Kyle3.mp4,Kyle, mark,"['m', 'a', 'r', 'k']",0.0
78,Lauren4.mp4,Lauren,,,
79,Lauren4.mp4,Lauren, rachel,"['r', 'a', 'c', 'h', 'e', 'l']",0.0
80,Mark3.mp4,Mark,,,
81,Mark3.mp4,Mark, Mark,"['lshift', 'm', 'a', 'r', 'k']",1.0
82,Matthew2.mp4,Matthew,,,
83,Matthew2.mp4,Matthew, timothy,"['t', 'o', 'comma', 'backspace', 'i', 'm', 'o', 't', 'h', 'y', 'return']",0.0
84,Megan2.mp4,Megan,,,
85,Megan2.mp4,Megan, rachel,"['r', 'a', 'c', 'h', 'e', 'l']",0.0
86,Michael2.mp4,Michael,,,
87,Michael2.mp4,Michael, thomas,"['t', 'h', 'o', 'm', 'a', 's']",0.0
88,Michelle2.mp4,Michelle,,,
89,Michelle2.mp4,Michelle, michelle,"['m', 'i', 'c', 'h', 'e', 'l', 'l', 'e']",1.0
90,Natalie3.mp4,Natalie,,,
91,Natalie3.mp4,Natalie, ,None,0.0
92,Nathan3.mp4,Nathan,,,
93,Nathan3.mp4,Nathan, nathan,"['n', 'a', 't', 'h', 'a', 'n']",1.0
94,Nicole2.mp4,Nicole,,,
95,Nicole2.mp4,Nicole, ,None,0.0
96,Noah2.mp4,Noah,,,
97,Noah2.mp4,Noah, Noah,"['lshift', 'n', 'o', 'a', 'h']",1.0
98,Olivia3.mp4,Olivia,,,
99,Olivia3.mp4,Olivia, olivia,"['o', 'l', 'i', 'v', 'i', 'a']",1.0
100,Rachel3.mp4,Rachel,,,
101,Rachel3.mp4,Rachel, katelyn,"['k', 'a', 't', 'e', 'l', 'y', 'n']",0.0
102,Rebecca3.mp4,Rebecca,,,
103,Rebecca3.mp4,Rebecca, ,None,0.0
104,Sarah2.mp4,Sarah,,,
105,Sarah2.mp4,Sarah, sarah,"['s', 'a', 'r', 'a', 'h']",1.0
106,Shelby2.mp4,Shelby,,,
107,Shelby2.mp4,Shelby, shelby,"['s', 'h', 'e', 'l', 'b', 'y']",1.0
108,Steven2.mp4,Steven,,,
109,Steven2.mp4,Steven, jacob,"['k', 'a', 'backspace', 'backspace', 'j', 'a', 'c', 'o', 'b', 'n', 'backspace', 'return']",0.0
110,Taylor4.mp4,Taylor,,,
111,Taylor4.mp4,Taylor, ,None,0.0
112,Thomas2.mp4,Thomas,,,
113,Thomas2.mp4,Thomas, ,None,0.0
114,Timothy3.mp4,Timothy,,,
115,Timothy3.mp4,Timothy, matt,"['comma', 'a', 't', 'backspace', 'backspace', 'm', 'a', 't', 't']",0.0
116,Trevor2.mp4,Trevor,,,
117,Trevor2.mp4,Trevor, eric ,"['e', 'r', 'i', 'c', 'space']",0.0
118,Tyler3.mp4,Tyler,,,
119,Tyler3.mp4,Tyler, ,None,0.0
