,Video,Name,inputText,key_resp_3.keys,recallRating_A
0,Aaron2.mp4,Aaron,,,
1,Aaron2.mp4,Aaron, ,"['m', 'a', 'backspace', 'backspace']",0.0
2,Adam4.mp4,Adam,,,
3,Adam4.mp4,Adam, kyle,"['k', 'y', 'l', 'e']",0.0
4,Alyssa3.mp4,Alyssa,,,
5,Alyssa3.mp4,Alyssa, Alyssa,"['lshift', 'a', 'l', 'y', 's', 's', 'a', 'return']",1.0
6,Amanda3.mp4,Amanda,,,
7,Amanda3.mp4,Amanda, Britanny  ,"['lshift', 'b', 'r', 'i', 't', 'a', 'n', 'n', 'y', 'return', 'space', 'space', 'return']",0.0
8,Andrew2.mp4,Andrew,,,
9,Andrew2.mp4,Andrew, ,None,0.0
10,Anna3.mp4,Anna,,,
11,Anna3.mp4,Anna, Danielle,"['lshift', 'd', 'a', 'n', 'i', 'e', 'l', 'l', 'e']",0.0
12,Ashley3.mp4,Ashley,,,
13,Ashley3.mp4,Ashley, jenna,"['j', 'e', 'n', 'n', 'a']",0.0
14,Bradley3.mp4,Bradley,,,
15,Bradley3.mp4,Bradley, Jacob,"['lshift', 'j', 'a', 'c', 'o', 'b']",0.0
16,Brandon2.mp4,Brandon,,,
17,Brandon2.mp4,Brandon, ,None,0.0
18,Brian2.mp4,Brian,,,
19,Brian2.mp4,Brian, jacbo,"['a', 'j', 'backspace', 'backspace', 'j', 'a', 'c', 'b', 'o']",0.0
20,Brianna2.mp4,Brianna,,,
21,Brianna2.mp4,Brianna, ,None,0.0
22,Brittany2.mp4,Brittany,,,
23,Brittany2.mp4,Brittany, sarah,"['lshift', 'a', 'l', 'y', 's', 'backspace', 'backspace', 'backspace', 'backspace', 's', 'a', 'r', 'a', 'h', 'return']",0.0
24,Caleb5.mp4,Caleb,,,
25,Caleb5.mp4,Caleb, Andrew,"['lshift', 'a', 'n', 'd', 'r', 'e', 'w', 'return']",0.0
26,Cody2.mp4,Cody,,,
27,Cody2.mp4,Cody, ,None,0.0
28,Courtney2.mp4,Courtney,,,
29,Courtney2.mp4,Courtney, ,"['lshift', 'k', 'backspace']",0.0
30,Daniel3.mp4,Daniel,,,
31,Daniel3.mp4,Daniel, adam,"['a', 'd', 'a', 'm']",0.0
32,Danielle2.mp4,Danielle,,,
33,Danielle2.mp4,Danielle, Anna,"['lshift', 'a', 'n', 'n', 'a']",0.0
34,David2.mp4,David,,,
35,David2.mp4,David, aaron,"['a', 'a', 'r', 'o', 'n']",0.0
36,Dylan3.mp4,Dylan,,,
37,Dylan3.mp4,Dylan, m,"['m', 'a', 'r', 'backspace', 'backspace']",0.0
38,Emily5.mp4,Emily,,,
39,Emily5.mp4,Emily, Erica,"['lshift', 'e', 'r', 'i', 'c', 'a', 'return']",0.0
40,Eric2.mp4,Eric,,,
41,Eric2.mp4,Eric, David,"['lshift', 'd', 'a', 'v', 'i', 'd']",0.0
42,Ethan2.mp4,Ethan,,,
43,Ethan2.mp4,Ethan, Evan,"['lshift', 'e', 'v', 'n', 'a', 'backspace', 'backspace', 'a', 'n']",0.0
44,Grace3.mp4,Grace,,,
45,Grace3.mp4,Grace, kelsey,"['k', 'e', 'l', 's', 'e', 'y', 'backspace', 'y']",0.0
46,Haley2.mp4,Haley,,,
47,Haley2.mp4,Haley, Alys,"['lshift', 'a', 'l', 'y', 's']",0.0
48,Hannah2.mp4,Hannah,,,
49,Hannah2.mp4,Hannah, Lauren ,"['lshift', 'j', 'backspace', 'lshift', 'l', 'a', 'u', 'r', 'e', 'n', 'space']",0.0
50,Heather3.mp4,Heather,,,
51,Heather3.mp4,Heather, Rach,"['lshift', 'r', 'a', 'c', 'h', 'e', 'l', 'backspace', 'backspace']",0.0
52,Jacob3.mp4,Jacob,,,
53,Jacob3.mp4,Jacob, jason ,"['j', 'a', 'backspace', 'backspace', 'j', 'a', 's', 'o', 'n', 'space', 'return']",0.0
54,Jason4.mp4,Jason,,,
55,Jason4.mp4,Jason, ,None,0.0
56,Jenna4.mp4,Jenna,,,
57,Jenna4.mp4,Jenna, britanny,"['b', 'r', 'i', 't', 'a', 'n', 'n', 'y']",0.0
58,Jeremy2.mp4,Jeremy,,,
59,Jeremy2.mp4,Jeremy, noah ,"['n', 'o', 'a', 'h', 'space']",0.0
60,Jessica2.mp4,Jessica,,,
61,Jessica2.mp4,Jessica, ,None,0.0
62,Josh3.mp4,Josh,,,
63,Josh3.mp4,Josh, ,None,0.0
64,Julia2.mp4,Julia,,,
65,Julia2.mp4,Julia, Anna,"['lshift', 'a', 'n', 'n', 'a']",0.0
66,Justin2.mp4,Justin,,,
67,Justin2.mp4,Justin, brian ,"['b', 'r', 'i', 'a', 'n', 'space']",0.0
68,Katie2.mp4,Katie,,,
69,Katie2.mp4,Katie, ,None,0.0
70,Kayla3.mp4,Kayla,,,
71,Kayla3.mp4,Kayla, ,None,0.0
72,Kelsey2.mp4,Kelsey,,,
73,Kelsey2.mp4,Kelsey, Grace,"['lshift', 'g', 'r', 'a', 'c', 'e']",0.0
74,Kevin2.mp4,Kevin,,,
75,Kevin2.mp4,Kevin, kevin                      ,"['z', 'backspace', 'k', 'e', 'v', 'i', 'n', 'space', 'space', 'space', 'space', 'space', 'space', 'return', 'return', 'return', 'space', 'space', 'space', 'space', 'space', 'space', 'space', 'space', 'space', 'space', 'space', 'space', 'space', 'space', 'space', 'space']",1.0
76,Kyle3.mp4,Kyle,,,
77,Kyle3.mp4,Kyle, kyle,"['k', 'y', 'l', 'e', 'w', 'backspace']",1.0
78,Lauren4.mp4,Lauren,,,
79,Lauren4.mp4,Lauren, Heather ,"['lshift', 'lshift', 'h', 'e', 'a', 't', 'h', 'e', 'r', 'space']",0.0
80,Mark3.mp4,Mark,,,
81,Mark3.mp4,Mark, Mark,"['lshift', 'm', 'a', 'r', 'k', 'return']",1.0
82,Matthew2.mp4,Matthew,,,
83,Matthew2.mp4,Matthew, Matthew       ,"['lshift', 'm', 'a', 't', 't', 'h', 'e', 'w', 'space', 'return', 'space', 'return', 'space', 'return', 'space', 'return', 'space', 'return', 'return', 'space', 'space']",1.0
84,Megan2.mp4,Megan,,,
85,Megan2.mp4,Megan, amanda  ,"['a', 'm', 'a', 'n', 'd', 'a', 'return', 'space', 'space', 'return']",0.0
86,Michael2.mp4,Michael,,,
87,Michael2.mp4,Michael, ,None,0.0
88,Michelle2.mp4,Michelle,,,
89,Michelle2.mp4,Michelle, emily,"['lshift', 'b', 'r', 'i', 't', 'a', 'n', 'backspace', 'backspace', 'backspace', 't', 'backspace', 'backspace', 'backspace', 'backspace', 'e', 'm', 'i', 'l', 'y']",0.0
90,Natalie3.mp4,Natalie,,,
91,Natalie3.mp4,Natalie, ,None,0.0
92,Nathan3.mp4,Nathan,,,
93,Nathan3.mp4,Nathan, ,None,0.0
94,Nicole2.mp4,Nicole,,,
95,Nicole2.mp4,Nicole, Anna ,"['lshift', 'a', 'n', 'n', 'a', 'space']",0.0
96,Noah2.mp4,Noah,,,
97,Noah2.mp4,Noah, cody ,"['c', 'o', 'd', 'y', 'space', 'left']",0.0
98,Olivia3.mp4,Olivia,,,
99,Olivia3.mp4,Olivia, Anna,"['lshift', 'a', 'n', 'n', 'a']",0.0
100,Rachel3.mp4,Rachel,,,
101,Rachel3.mp4,Rachel, Ashley,"['lshift', 'a', 's', 'h', 'l', 'e', 'y']",0.0
102,Rebecca3.mp4,Rebecca,,,
103,Rebecca3.mp4,Rebecca, Olivia,"['lshift', 'o', 'l', 'i', 'v', 'i', 'a']",0.0
104,Sarah2.mp4,Sarah,,,
105,Sarah2.mp4,Sarah, Stacy ,"['lshift', 's', 't', 'a', 'c', 'y', 'space']",0.0
106,Shelby2.mp4,Shelby,,,
107,Shelby2.mp4,Shelby, Shelby ,"['lshift', 's', 'h', 'e', 'l', 'b', 'y', 'space', 'return']",0.0
108,Steven2.mp4,Steven,,,
109,Steven2.mp4,Steven, Trevor,"['lshift', 't', 'r', 'e', 'v', 'o', 'r']",0.0
110,Taylor4.mp4,Taylor,,,
111,Taylor4.mp4,Taylor, Amanda ,"['lshift', 'a', 'm', 'a', 'n', 'd', 'a', 'space', 'return']",0.0
112,Thomas2.mp4,Thomas,,,
113,Thomas2.mp4,Thomas, ,None,0.0
114,Timothy3.mp4,Timothy,,,
115,Timothy3.mp4,Timothy, Andrew ,"['lshift', 'a', 'n', 'd', 'r', 'e', 'w', 'space']",0.0
116,Trevor2.mp4,Trevor,,,
117,Trevor2.mp4,Trevor,,"['m', 'a', 'r', 'k', 'backspace', 'backspace', 'backspace', 'backspace', 'backspace']",0.0
118,Tyler3.mp4,Tyler,,,
119,Tyler3.mp4,Tyler, ,None,0.0
