condsBlockFile,Video,Name,inputText,key_resp_3.keys,recallRating_A
Male1Block.csv,Aaron2.mp4,Aaron,,,
Male1Block.csv,Aaron2.mp4,Aaron,michael,"['m', 'i', 'c', 'h', 'e', 'a', 'l', 'backspace', 'backspace', 'backspace', 'a', 'e', 'l']",0
Male1Block.csv,Adam4.mp4,Adam,,,
Male1Block.csv,Adam4.mp4,Adam,adam,"['a', 'd', 'a', 'm', 'return']",1
Fem2Block.csv,Alyssa3.mp4,Alyssa,,,
Fem2Block.csv,Alyssa3.mp4,Alyssa,alyssa,"['a', 'l', 'y', 's', 's', 'a', 'return']",1
Fem3Block.csv,Amanda3.mp4,Amanda,,,
Fem3Block.csv,Amanda3.mp4,Amanda,kaley,"['k', 'a', 'y', 'l', 'e', 'y', 'backspace', 'backspace', 'backspace', 'backspace', 'l', 'e', 'y']",0
Male3Block.csv,Andrew2.mp4,Andrew,,,
Male3Block.csv,Andrew2.mp4,Andrew,brian,"['capslock', 'b', 'r', 'a', 'backspace', 'i', 'a', 'n', 'return']",0
Fem2Block.csv,Anna3.mp4,Anna,,,
Fem2Block.csv,Anna3.mp4,Anna,kayla,"['k', 'a', 'y', 'l', 'a']",0
Fem2Block.csv,Ashley3.mp4,Ashley,,,
Fem2Block.csv,Ashley3.mp4,Ashley,nicole,"['n', 'i', 'c', 'o', 'l', 'e']",0
Male2Block.csv,Bradley3.mp4,Bradley,,,
Male2Block.csv,Bradley3.mp4,Bradley,bradley,"['b', 'r', 'a', 'd', 'l', 'e', 'y']",1
Male3Block.csv,Brandon2.mp4,Brandon,,,
Male3Block.csv,Brandon2.mp4,Brandon,,None,0
Male3Block.csv,Brian2.mp4,Brian,,,
Male3Block.csv,Brian2.mp4,Brian,eric,"['capslock', 'e', 'r', 'i', 'c']",0
Fem3Block.csv,Brianna2.mp4,Brianna,,,
Fem3Block.csv,Brianna2.mp4,Brianna,,None,0
Fem1Block.csv,Brittany2.mp4,Brittany,,,
Fem1Block.csv,Brittany2.mp4,Brittany,brittn,"['b', 'r', 'i', 't', 't', 'n', 'e', 'y', 'backspace', 'backspace', 'y', 'backspace']",1
Male2Block.csv,Caleb5.mp4,Caleb,,,
Male2Block.csv,Caleb5.mp4,Caleb,jason,"['j', 'a', 's', 'o', 'n']",0
Male3Block.csv,Cody2.mp4,Cody,,,
Male3Block.csv,Cody2.mp4,Cody,,None,0
Fem3Block.csv,Courtney2.mp4,Courtney,,,
Fem3Block.csv,Courtney2.mp4,Courtney,,None,0
Male2Block.csv,Daniel3.mp4,Daniel,,,
Male2Block.csv,Daniel3.mp4,Daniel,,None,0
Fem2Block.csv,Danielle2.mp4,Danielle,,,
Fem2Block.csv,Danielle2.mp4,Danielle,anna,"['a', 'n', 'n', 'a', 'return']",0
Male3Block.csv,David2.mp4,David,,,
Male3Block.csv,David2.mp4,David,,None,0
Male2Block.csv,Dylan3.mp4,Dylan,,,
Male2Block.csv,Dylan3.mp4,Dylan,jason,"['j', 'a', 's', 'o', 'n']",0
Fem1Block.csv,Emily5.mp4,Emily,,,
Fem1Block.csv,Emily5.mp4,Emily,olivia,"['o', 'l', 'i', 'v', 'i', 'a']",0
Male3Block.csv,Eric2.mp4,Eric,,,
Male3Block.csv,Eric2.mp4,Eric,jacob,"['j', 'a', 'c', 'o', 'b']",0
Male3Block.csv,Ethan2.mp4,Ethan,,,
Male3Block.csv,Ethan2.mp4,Ethan,,None,0
Fem1Block.csv,Grace3.mp4,Grace,,,
Fem1Block.csv,Grace3.mp4,Grace,grace,"['g', 'r', 'a', 'c', 'e', 'return']",1
Fem1Block.csv,Haley2.mp4,Haley,,,
Fem1Block.csv,Haley2.mp4,Haley,haley,"['h', 'a', 'l', 'e', 'y']",1
Fem1Block.csv,Hannah2.mp4,Hannah,,,
Fem1Block.csv,Hannah2.mp4,Hannah,olivia,"['o', 'l', 'i', 'v', 'i', 'a']",0
Fem3Block.csv,Heather3.mp4,Heather,,,
Fem3Block.csv,Heather3.mp4,Heather,amanda,"['a', 'm', 'a', 'n', 'd', 'a']",0
Male3Block.csv,Jacob3.mp4,Jacob,,,
Male3Block.csv,Jacob3.mp4,Jacob,,"['space', 'return']",0
Male2Block.csv,Jason4.mp4,Jason,,,
Male2Block.csv,Jason4.mp4,Jason,andrew,"['a', 'n', 'd', 'r', 'e', 'w', 'backspace', 'w']",0
Fem3Block.csv,Jenna4.mp4,Jenna,,,
Fem3Block.csv,Jenna4.mp4,Jenna,heather,"['h', 'e', 'a', 't', 'h', 'e', 'r', 'return']",0
Male3Block.csv,Jeremy2.mp4,Jeremy,,,
Male3Block.csv,Jeremy2.mp4,Jeremy,ethan,"['e', 't', 'h', 'a', 'n']",0
Fem3Block.csv,Jessica2.mp4,Jessica,,,
Fem3Block.csv,Jessica2.mp4,Jessica,jenny,"['j', 'e', 'n', 'n', 'y']",0
Male1Block.csv,Josh3.mp4,Josh,,,
Male1Block.csv,Josh3.mp4,Josh,josh,"['j', 'o', 's', 'h', 'backspace', 'h']",1
Fem2Block.csv,Julia2.mp4,Julia,,,
Fem2Block.csv,Julia2.mp4,Julia,michell,"['m', 'i', 'c', 'h', 'e', 'l', 'l', 'a', 'backspace']",0
Male1Block.csv,Justin2.mp4,Justin,,,
Male1Block.csv,Justin2.mp4,Justin,aaron,"['a', 'a', 'r', 'o', 'n']",0
Fem3Block.csv,Katie2.mp4,Katie,,,
Fem3Block.csv,Katie2.mp4,Katie,amanda,"['a', 'm', 'a', 'n', 'd', 'a']",0
Fem2Block.csv,Kayla3.mp4,Kayla,,,
Fem2Block.csv,Kayla3.mp4,Kayla,,None,0
Fem3Block.csv,Kelsey2.mp4,Kelsey,,,
Fem3Block.csv,Kelsey2.mp4,Kelsey,jessica,"['j', 'e', 's', 's', 'i', 'c', 'a']",0
Male1Block.csv,Kevin2.mp4,Kevin,,,
Male1Block.csv,Kevin2.mp4,Kevin,kevin,"['k', 'e', 'v', 'i', 'n']",1
Male2Block.csv,Kyle3.mp4,Kyle,,,
Male2Block.csv,Kyle3.mp4,Kyle,kyle,"['k', 'y', 'l', 'e']",1
Fem2Block.csv,Lauren4.mp4,Lauren,,,
Fem2Block.csv,Lauren4.mp4,Lauren,ashley,"['a', 's', 'h', 'l', 'e', 'y']",0
Male2Block.csv,Mark3.mp4,Mark,,,
Male2Block.csv,Mark3.mp4,Mark,jason,"['j', 'a', 's', 'o', 'n']",0
Male1Block.csv,Matthew2.mp4,Matthew,,,
Male1Block.csv,Matthew2.mp4,Matthew,steve,"['s', 't', 'e', 'v', 'e']",0
Fem3Block.csv,Megan2.mp4,Megan,,,
Fem3Block.csv,Megan2.mp4,Megan,courtney,"['c', 'o', 'u', 't', 'backspace', 'r', 't', 'n', 'e', 'y']",0
Male1Block.csv,Michael2.mp4,Michael,,,
Male1Block.csv,Michael2.mp4,Michael,josh,"['j', 'o', 's', 'h']",0
Fem2Block.csv,Michelle2.mp4,Michelle,,,
Fem2Block.csv,Michelle2.mp4,Michelle,anna,"['a', 'n', 'n', 'a']",0
Fem2Block.csv,Natalie3.mp4,Natalie,,,
Fem2Block.csv,Natalie3.mp4,Natalie,shelby,"['s', 'h', 'e', 'l', 'b', 'y']",0
Male2Block.csv,Nathan3.mp4,Nathan,,,
Male2Block.csv,Nathan3.mp4,Nathan,nathan,"['n', 'a', 't', 'h', 'a', 'n', 'return']",1
Fem1Block.csv,Nicole2.mp4,Nicole,,,
Fem1Block.csv,Nicole2.mp4,Nicole,sarah,"['s', 'a', 'r', 'a', 'h']",0
Male1Block.csv,Noah2.mp4,Noah,,,
Male1Block.csv,Noah2.mp4,Noah,matthew,"['m', 'a', 't', 't', 'h', 'e', 'w']",0
Fem1Block.csv,Olivia3.mp4,Olivia,,,
Fem1Block.csv,Olivia3.mp4,Olivia,,"['n', 'i', 'backspace', 'backspace']",0
Fem1Block.csv,Rachel3.mp4,Rachel,,,
Fem1Block.csv,Rachel3.mp4,Rachel,nicole,"['n', 'i', 'c', 'o', 'l', 'e']",0
Fem1Block.csv,Rebecca3.mp4,Rebecca,,,
Fem1Block.csv,Rebecca3.mp4,Rebecca,rebecca,"['r', 'e', 'b', 'e', 'c', 'c', 'a']",1
Fem1Block.csv,Sarah2.mp4,Sarah,,,
Fem1Block.csv,Sarah2.mp4,Sarah,sarah,"['s', 'a', 'r', 'a', 'h', 'return']",1
Fem2Block.csv,Shelby2.mp4,Shelby,,,
Fem2Block.csv,Shelby2.mp4,Shelby,kayla,"['k', 'a', 'l', 'backspace', 'y', 'l', 'a']",0
Male1Block.csv,Steven2.mp4,Steven,,,
Male1Block.csv,Steven2.mp4,Steven,nathan,"['n', 'a', 't', 'h', 'a', 'b', 'n', 'backspace', 'backspace', 'n', 'return']",0
Fem3Block.csv,Taylor4.mp4,Taylor,,,
Fem3Block.csv,Taylor4.mp4,Taylor,kay,"['k', 'a', 'y']",0
Male1Block.csv,Thomas2.mp4,Thomas,,,
Male1Block.csv,Thomas2.mp4,Thomas,,None,0
Male2Block.csv,Timothy3.mp4,Timothy,,,
Male2Block.csv,Timothy3.mp4,Timothy,,None,0
Male2Block.csv,Trevor2.mp4,Trevor,,,
Male2Block.csv,Trevor2.mp4,Trevor,eric,"['e', 'r', 'i', 'c', 'return']",0
Male3Block.csv,Tyler3.mp4,Tyler,,,
Male3Block.csv,Tyler3.mp4,Tyler,,None,0