condsBlockFile,Video,Name,inputText,key_resp_3.keys,recallRating_A
Male1Block.csv,Aaron2.mp4,Aaron,,,
Male1Block.csv,Aaron2.mp4,Aaron,,None,0
Male1Block.csv,Adam4.mp4,Adam,,,
Male1Block.csv,Adam4.mp4,Adam,adam,"['a', 'd', 'a', 'm']",1
Fem3Block.csv,Alyssa3.mp4,Alyssa,,,
Fem3Block.csv,Alyssa3.mp4,Alyssa,alyssa,"['a', 'l', 'y', 's', 's', 'a']",1
Fem2Block.csv,Amanda3.mp4,Amanda,,,
Fem2Block.csv,Amanda3.mp4,Amanda,jenna,"['j', 'e', 'n', 'n', 'a']",0
Male2Block.csv,Andrew2.mp4,Andrew,,,
Male2Block.csv,Andrew2.mp4,Andrew,andrew,"['a', 'n', 'd', 'r', 'e', 'w']",1
Fem1Block.csv,Anna3.mp4,Anna,,,
Fem1Block.csv,Anna3.mp4,Anna,anna,"['a', 'n', 'n', 'a']",1
Fem1Block.csv,Ashley3.mp4,Ashley,,,
Fem1Block.csv,Ashley3.mp4,Ashley,heather,"['h', 'e', 'a', 't', 'h', 'e', 'r']",0
Male1Block.csv,Bradley3.mp4,Bradley,,,
Male1Block.csv,Bradley3.mp4,Bradley,damien,"['d', 'a', 'm', 'i', 'n', 'e', 'backspace', 'backspace', 'e', 'n', 'return']",0
Male2Block.csv,Brandon2.mp4,Brandon,,,
Male2Block.csv,Brandon2.mp4,Brandon,brandon,"['b', 'r', 'n', 'backspace', 'a', 'n', 'd', 'o', 'n']",1
Male1Block.csv,Brian2.mp4,Brian,,,
Male1Block.csv,Brian2.mp4,Brian,bradley,"['b', 'r', 'a', 'd', 'l', 'e', 'y']",0
Fem2Block.csv,Brianna2.mp4,Brianna,,,
Fem2Block.csv,Brianna2.mp4,Brianna,,None,0
Fem3Block.csv,Brittany2.mp4,Brittany,,,
Fem3Block.csv,Brittany2.mp4,Brittany,britney,"['b', 'r', 'i', 't', 'n', 'e', 'y']",1
Male2Block.csv,Caleb5.mp4,Caleb,,,
Male2Block.csv,Caleb5.mp4,Caleb,,None,0
Male3Block.csv,Cody2.mp4,Cody,,,
Male3Block.csv,Cody2.mp4,Cody,cody,"['c', 'o', 'd', 'y']",1
Fem3Block.csv,Courtney2.mp4,Courtney,,,
Fem3Block.csv,Courtney2.mp4,Courtney,,None,0
Male2Block.csv,Daniel3.mp4,Daniel,,,
Male2Block.csv,Daniel3.mp4,Daniel,,None,0
Fem3Block.csv,Danielle2.mp4,Danielle,,,
Fem3Block.csv,Danielle2.mp4,Danielle,danielle,"['d', 'a', 'n', 'i', 'e', 'l', 'l', 'e']",1
Male1Block.csv,David2.mp4,David,,,
Male1Block.csv,David2.mp4,David,,None,0
Male3Block.csv,Dylan3.mp4,Dylan,,,
Male3Block.csv,Dylan3.mp4,Dylan,,None,0
Fem1Block.csv,Emily5.mp4,Emily,,,
Fem1Block.csv,Emily5.mp4,Emily,emily,"['e', 'm', 'm', 'backspace', 'i', 'l', 'y']",1
Male2Block.csv,Eric2.mp4,Eric,,,
Male2Block.csv,Eric2.mp4,Eric,eric,"['e', 'r', 'i', 'c']",1
Male3Block.csv,Ethan2.mp4,Ethan,,,
Male3Block.csv,Ethan2.mp4,Ethan,ethan,"['e', 't', 'h', 'a', 'n']",1
Fem2Block.csv,Grace3.mp4,Grace,,,
Fem2Block.csv,Grace3.mp4,Grace,grace,"['g', 'r', 'a', 'c', 'e']",1
Fem2Block.csv,Haley2.mp4,Haley,,,
Fem2Block.csv,Haley2.mp4,Haley,,"['a', 'b', 'i', 'g', 'a', 'i', 'semicolon', 'backspace', 'backspace', 'backspace', 'backspace', 'backspace', 'backspace']",0
Fem1Block.csv,Hannah2.mp4,Hannah,,,
Fem1Block.csv,Hannah2.mp4,Hannah,anna,"['a', 'n', 'n', 'a']",0
Fem1Block.csv,Heather3.mp4,Heather,,,
Fem1Block.csv,Heather3.mp4,Heather,heather,"['h', 'e', 'a', 't', 'h', 'e', 'r']",1
Male3Block.csv,Jacob3.mp4,Jacob,,,
Male3Block.csv,Jacob3.mp4,Jacob,,None,0
Male2Block.csv,Jason4.mp4,Jason,,,
Male2Block.csv,Jason4.mp4,Jason,jason,"['j', 'a', 's', 'o', 'n']",1
Fem2Block.csv,Jenna4.mp4,Jenna,,,
Fem2Block.csv,Jenna4.mp4,Jenna,jenna,"['j', 'e', 'n', 'n', 'a']",1
Male2Block.csv,Jeremy2.mp4,Jeremy,,,
Male2Block.csv,Jeremy2.mp4,Jeremy,jeremy,"['j', 'e', 'r', 'e', 'm', 'y']",1
Fem2Block.csv,Jessica2.mp4,Jessica,,,
Fem2Block.csv,Jessica2.mp4,Jessica,jessica,"['j', 'e', 's', 's', 'i', 'c', 'a']",1
Male3Block.csv,Josh3.mp4,Josh,,,
Male3Block.csv,Josh3.mp4,Josh,,None,0
Fem3Block.csv,Julia2.mp4,Julia,,,
Fem3Block.csv,Julia2.mp4,Julia,,None,0
Male3Block.csv,Justin2.mp4,Justin,,,
Male3Block.csv,Justin2.mp4,Justin,trevor,"['t', 'r', 'e', 'v', 'o', 'r']",0
Fem2Block.csv,Katie2.mp4,Katie,,,
Fem2Block.csv,Katie2.mp4,Katie,,None,0
Fem3Block.csv,Kayla3.mp4,Kayla,,,
Fem3Block.csv,Kayla3.mp4,Kayla,kayla,"['k', 'a', 'y', 'l', 'a']",1
Fem2Block.csv,Kelsey2.mp4,Kelsey,,,
Fem2Block.csv,Kelsey2.mp4,Kelsey,kelsey,"['k', 'e', 'l', 's', 'i', 'backspace', 'e', 'y', 'backspace', 'backspace', 'i', 'backspace', 'e', 'y']",1
Male1Block.csv,Kevin2.mp4,Kevin,,,
Male1Block.csv,Kevin2.mp4,Kevin,steven,"['s', 't', 'e', 'e', 'backspace', 'v', 'e', 'n']",0
Male3Block.csv,Kyle3.mp4,Kyle,,,
Male3Block.csv,Kyle3.mp4,Kyle,kyle,"['k', 'y', 'l', 'e']",1
Fem1Block.csv,Lauren4.mp4,Lauren,,,
Fem1Block.csv,Lauren4.mp4,Lauren,lauren,"['a', 'n', 'n', 'backspace', 'backspace', 'backspace', 'backspace', 'a', 'l', 'backspace', 'backspace', 'l', 'a', 'u', 'r', 'e', 'n']",1
Male3Block.csv,Mark3.mp4,Mark,,,
Male3Block.csv,Mark3.mp4,Mark,mark,"['m', 'a', 'r', 'k']",1
Male1Block.csv,Matthew2.mp4,Matthew,,,
Male1Block.csv,Matthew2.mp4,Matthew,,None,0
Fem3Block.csv,Megan2.mp4,Megan,,,
Fem3Block.csv,Megan2.mp4,Megan,,None,0
Male2Block.csv,Michael2.mp4,Michael,,,
Male2Block.csv,Michael2.mp4,Michael,michael,"['m', 'i', 'c', 'h', 'a', 'e', 'l']",1
Fem1Block.csv,Michelle2.mp4,Michelle,,,
Fem1Block.csv,Michelle2.mp4,Michelle,ichel,"['i', 'c', 'h', 'e', 'l']",1
Fem3Block.csv,Natalie3.mp4,Natalie,,,
Fem3Block.csv,Natalie3.mp4,Natalie,natalie,"['n', 'a', 't', 'a', 'l', 'i', 'e']",1
Male1Block.csv,Nathan3.mp4,Nathan,,,
Male1Block.csv,Nathan3.mp4,Nathan,matthew,"['m', 'a', 't', 't', 'h', 'e', 'w']",0
Fem3Block.csv,Nicole2.mp4,Nicole,,,
Fem3Block.csv,Nicole2.mp4,Nicole,natalie,"['n', 'a', 't', 'a', 'l', 'i', 'e']",0
Male2Block.csv,Noah2.mp4,Noah,,,
Male2Block.csv,Noah2.mp4,Noah,,None,0
Fem2Block.csv,Olivia3.mp4,Olivia,,,
Fem2Block.csv,Olivia3.mp4,Olivia,,None,0
Fem2Block.csv,Rachel3.mp4,Rachel,,,
Fem2Block.csv,Rachel3.mp4,Rachel,jenna,"['j', 'e', 'n', 'n', 'a']",0
Fem1Block.csv,Rebecca3.mp4,Rebecca,,,
Fem1Block.csv,Rebecca3.mp4,Rebecca,rebecca,"['r', 'e', 'b', 'e', 'c', 'c', 'a']",1
Fem3Block.csv,Sarah2.mp4,Sarah,,,
Fem3Block.csv,Sarah2.mp4,Sarah,sarah,"['s', 'a', 'r', 'a', 'h']",1
Fem1Block.csv,Shelby2.mp4,Shelby,,,
Fem1Block.csv,Shelby2.mp4,Shelby,shelby,"['s', 'h', 'e', 'l', 'b', 'y']",1
Male1Block.csv,Steven2.mp4,Steven,,,
Male1Block.csv,Steven2.mp4,Steven,,None,0
Fem1Block.csv,Taylor4.mp4,Taylor,,,
Fem1Block.csv,Taylor4.mp4,Taylor,taylor,"['t', 'a', 'y', 'l', 'o', 't', 'backspace', 'r']",1
Male2Block.csv,Thomas2.mp4,Thomas,,,
Male2Block.csv,Thomas2.mp4,Thomas,thomas,"['t', 'h', 'o', 'm', 'a', 's']",1
Male3Block.csv,Timothy3.mp4,Timothy,,,
Male3Block.csv,Timothy3.mp4,Timothy,,None,0
Male3Block.csv,Trevor2.mp4,Trevor,,,
Male3Block.csv,Trevor2.mp4,Trevor,,None,0
Male1Block.csv,Tyler3.mp4,Tyler,,,
Male1Block.csv,Tyler3.mp4,Tyler,damen,"['d', 'a', 'm', 'e', 'd', 'backspace', 'n', 'return']",0