condsBlockFile,Video,Name,inputText,key_resp_3.keys,recallRating_A
Male3Block.csv,Aaron2.mp4,Aaron,,,
Male3Block.csv,Aaron2.mp4,Aaron,,None,0
Male1Block.csv,Adam4.mp4,Adam,,,
Male1Block.csv,Adam4.mp4,Adam,,None,0
Fem2Block.csv,Alyssa3.mp4,Alyssa,,,
Fem2Block.csv,Alyssa3.mp4,Alyssa,,None,0
Fem2Block.csv,Amanda3.mp4,Amanda,,,
Fem2Block.csv,Amanda3.mp4,Amanda,,None,0
Male2Block.csv,Andrew2.mp4,Andrew,,,
Male2Block.csv,Andrew2.mp4,Andrew,,None,0
Fem2Block.csv,Anna3.mp4,Anna,,,
Fem2Block.csv,Anna3.mp4,Anna,,None,0
Fem1Block.csv,Ashley3.mp4,Ashley,,,
Fem1Block.csv,Ashley3.mp4,Ashley,,None,0
Male2Block.csv,Bradley3.mp4,Bradley,,,
Male2Block.csv,Bradley3.mp4,Bradley,bradly,"['b', 'r', 'a', 'd', 'l', 'y']",1
Male3Block.csv,Brandon2.mp4,Brandon,,,
Male3Block.csv,Brandon2.mp4,Brandon,,None,0
Male1Block.csv,Brian2.mp4,Brian,,,
Male1Block.csv,Brian2.mp4,Brian,,None,0
Fem2Block.csv,Brianna2.mp4,Brianna,,,
Fem2Block.csv,Brianna2.mp4,Brianna,,None,0
Fem2Block.csv,Brittany2.mp4,Brittany,,,
Fem2Block.csv,Brittany2.mp4,Brittany,,None,0
Male1Block.csv,Caleb5.mp4,Caleb,,,
Male1Block.csv,Caleb5.mp4,Caleb,,None,0
Male1Block.csv,Cody2.mp4,Cody,,,
Male1Block.csv,Cody2.mp4,Cody,cody,"['c', 'o', 'd', 'y']",1
Fem3Block.csv,Courtney2.mp4,Courtney,,,
Fem3Block.csv,Courtney2.mp4,Courtney,,None,0
Male3Block.csv,Daniel3.mp4,Daniel,,,
Male3Block.csv,Daniel3.mp4,Daniel,,None,0
Fem3Block.csv,Danielle2.mp4,Danielle,,,
Fem3Block.csv,Danielle2.mp4,Danielle,,None,0
Male1Block.csv,David2.mp4,David,,,
Male1Block.csv,David2.mp4,David,,None,0
Male1Block.csv,Dylan3.mp4,Dylan,,,
Male1Block.csv,Dylan3.mp4,Dylan,,None,0
Fem3Block.csv,Emily5.mp4,Emily,,,
Fem3Block.csv,Emily5.mp4,Emily,,None,0
Male3Block.csv,Eric2.mp4,Eric,,,
Male3Block.csv,Eric2.mp4,Eric,trevor,"['t', 'r', 'e', 'v', 'o', 'r']",0
Male2Block.csv,Ethan2.mp4,Ethan,,,
Male2Block.csv,Ethan2.mp4,Ethan,,None,0
Fem3Block.csv,Grace3.mp4,Grace,,,
Fem3Block.csv,Grace3.mp4,Grace,,None,0
Fem3Block.csv,Haley2.mp4,Haley,,,
Fem3Block.csv,Haley2.mp4,Haley,,None,0
Fem2Block.csv,Hannah2.mp4,Hannah,,,
Fem2Block.csv,Hannah2.mp4,Hannah,,None,0
Fem2Block.csv,Heather3.mp4,Heather,,,
Fem2Block.csv,Heather3.mp4,Heather,,None,0
Male3Block.csv,Jacob3.mp4,Jacob,,,
Male3Block.csv,Jacob3.mp4,Jacob,alex,"['a', 'l', 'e', 'x']",0
Male2Block.csv,Jason4.mp4,Jason,,,
Male2Block.csv,Jason4.mp4,Jason,,None,0
Fem1Block.csv,Jenna4.mp4,Jenna,,,
Fem1Block.csv,Jenna4.mp4,Jenna,,None,0
Male2Block.csv,Jeremy2.mp4,Jeremy,,,
Male2Block.csv,Jeremy2.mp4,Jeremy,jeremy,"['j', 'e', 'r', 'e', 'm', 'y']",1
Fem1Block.csv,Jessica2.mp4,Jessica,,,
Fem1Block.csv,Jessica2.mp4,Jessica,,None,0
Male3Block.csv,Josh3.mp4,Josh,,,
Male3Block.csv,Josh3.mp4,Josh,,None,0
Fem1Block.csv,Julia2.mp4,Julia,,,
Fem1Block.csv,Julia2.mp4,Julia,,None,0
Male2Block.csv,Justin2.mp4,Justin,,,
Male2Block.csv,Justin2.mp4,Justin,justin,"['j', 'u', 's', 't', 'i', 'n']",1
Fem1Block.csv,Katie2.mp4,Katie,,,
Fem1Block.csv,Katie2.mp4,Katie,,None,0
Fem3Block.csv,Kayla3.mp4,Kayla,,,
Fem3Block.csv,Kayla3.mp4,Kayla,kayla,"['k', 'a', 'y', 'l', 'a']",1
Fem2Block.csv,Kelsey2.mp4,Kelsey,,,
Fem2Block.csv,Kelsey2.mp4,Kelsey,,None,0
Male2Block.csv,Kevin2.mp4,Kevin,,,
Male2Block.csv,Kevin2.mp4,Kevin,,None,0
Male1Block.csv,Kyle3.mp4,Kyle,,,
Male1Block.csv,Kyle3.mp4,Kyle,,None,0
Fem1Block.csv,Lauren4.mp4,Lauren,,,
Fem1Block.csv,Lauren4.mp4,Lauren,,None,0
Male1Block.csv,Mark3.mp4,Mark,,,
Male1Block.csv,Mark3.mp4,Mark,,None,0
Male3Block.csv,Matthew2.mp4,Matthew,,,
Male3Block.csv,Matthew2.mp4,Matthew,,None,0
Fem1Block.csv,Megan2.mp4,Megan,,,
Fem1Block.csv,Megan2.mp4,Megan,,None,0
Male1Block.csv,Michael2.mp4,Michael,,,
Male1Block.csv,Michael2.mp4,Michael,,None,0
Fem3Block.csv,Michelle2.mp4,Michelle,,,
Fem3Block.csv,Michelle2.mp4,Michelle,,None,0
Fem1Block.csv,Natalie3.mp4,Natalie,,,
Fem1Block.csv,Natalie3.mp4,Natalie,,None,0
Male1Block.csv,Nathan3.mp4,Nathan,,,
Male1Block.csv,Nathan3.mp4,Nathan,nathan,"['n', 'a', 't', 'h', 'a', 'n']",1
Fem1Block.csv,Nicole2.mp4,Nicole,,,
Fem1Block.csv,Nicole2.mp4,Nicole,,None,0
Male2Block.csv,Noah2.mp4,Noah,,,
Male2Block.csv,Noah2.mp4,Noah,,None,0
Fem3Block.csv,Olivia3.mp4,Olivia,,,
Fem3Block.csv,Olivia3.mp4,Olivia,,None,0
Fem3Block.csv,Rachel3.mp4,Rachel,,,
Fem3Block.csv,Rachel3.mp4,Rachel,,None,0
Fem1Block.csv,Rebecca3.mp4,Rebecca,,,
Fem1Block.csv,Rebecca3.mp4,Rebecca,,None,0
Fem2Block.csv,Sarah2.mp4,Sarah,,,
Fem2Block.csv,Sarah2.mp4,Sarah,,None,0
Fem3Block.csv,Shelby2.mp4,Shelby,,,
Fem3Block.csv,Shelby2.mp4,Shelby,,None,0
Male2Block.csv,Steven2.mp4,Steven,,,
Male2Block.csv,Steven2.mp4,Steven,,None,0
Fem2Block.csv,Taylor4.mp4,Taylor,,,
Fem2Block.csv,Taylor4.mp4,Taylor,,None,0
Male2Block.csv,Thomas2.mp4,Thomas,,,
Male2Block.csv,Thomas2.mp4,Thomas,,None,0
Male3Block.csv,Timothy3.mp4,Timothy,,,
Male3Block.csv,Timothy3.mp4,Timothy,,None,0
Male3Block.csv,Trevor2.mp4,Trevor,,,
Male3Block.csv,Trevor2.mp4,Trevor,,None,0
Male3Block.csv,Tyler3.mp4,Tyler,,,
Male3Block.csv,Tyler3.mp4,Tyler,,None,0