Video,Name,inputText,key_resp_3.keys,recallRating_F
Aaron.mp4,Aaron,josh,"['j', 'o', 's', 'h']",0
Aaron.mp4,Aaron,,,
Adam.mp4,Adam,adam,"['a', 'd', 'a', 'm']",1
Adam.mp4,Adam,,,
Alyssa.mp4,Alyssa,alyssa,"['a', 'l', 'y', 's', 's', 'a']",1
Alyssa.mp4,Alyssa,,,
Amanda.mp4,Amanda,melissa,"['m', 'e', 'l', 'i', 's', 's', 'a']",0
Amanda.mp4,Amanda,,,
Andrew.mp4,Andrew,andrew,"['a', 'n', 'd', 'r', 'e', 'w']",1
Andrew.mp4,Andrew,,,
Anna.mp4,Anna,anna,"['a', 'n', 'n', 'a']",1
Anna.mp4,Anna,,,
Ashley.mp4,Ashley,ashley,"['a', 's', 'h', 'l', 'e', 'y']",1
Ashley.mp4,Ashley,,,
Bradley.mp4,Bradley,jason,"['j', 'a', 's', 'o', 'n']",0
Bradley.mp4,Bradley,,,
Brandon.mp4,Brandon,,None,0
Brandon.mp4,Brandon,,,
Brian.mp4,Brian,bryce,"['b', 'r', 'y', 'c', 'e']",0
Brian.mp4,Brian,,,
Brianna.mp4,Brianna,,None,0
Brianna.mp4,Brianna,,,
Brittany.mp4,Brittany,britney,"['b', 'r', 'i', 't', 'h', 'm', 'e', 'backspace', 'backspace', 'backspace', 'n', 'e', 'y']",1
Brittany.mp4,Brittany,,,
Caleb.mp4,Caleb,,None,0
Caleb.mp4,Caleb,,,
Cody.mp4,Cody,cody,"['c', 'o', 'd', 'y']",1
Cody.mp4,Cody,,,
Courtney.mp4,Courtney,corthey,"['c', 'o', 'r', 'h', 'backspace', 't', 'h', 'e', 'y']",0
Courtney.mp4,Courtney,,,
Daniel.mp4,Daniel,,None,0
Daniel.mp4,Daniel,,,
Danielle.mp4,Danielle,,None,0
Danielle.mp4,Danielle,,,
David.mp4,David,,None,0
David.mp4,David,,,
Dylan.mp4,Dylan,,None,0
Dylan.mp4,Dylan,,,
Emily.mp4,Emily,,None,0
Emily.mp4,Emily,,,
Eric.mp4,Eric,,None,0
Eric.mp4,Eric,,,
Ethan.mp4,Ethan,,None,0
Ethan.mp4,Ethan,,,
Grace.mp4,Grace,grace,"['g', 'r', 'a', 'c', 'e']",1
Grace.mp4,Grace,,,
Haley.mp4,Haley,haley,"['h', 'a', 'l', 'e', 'y']",1
Haley.mp4,Haley,,,
Hannah.mp4,Hannah,,None,0
Hannah.mp4,Hannah,,,
Heather.mp4,Heather,heather,"['h', 'e', 'a', 't', 'h', 'e', 'r']",1
Heather.mp4,Heather,,,
Jacob.mp4,Jacob,jacob,"['j', 'a', 'b', 'backspace', 'c', 'o', 'b']",1
Jacob.mp4,Jacob,,,
Jason.mp4,Jason,,None,0
Jason.mp4,Jason,,,
Jenna.mp4,Jenna,,None,0
Jenna.mp4,Jenna,,,
Jeremy.mp4,Jeremy,,None,0
Jeremy.mp4,Jeremy,,,
Jessica.mp4,Jessica,natalie,"['n', 's', 'backspace', 'a', 't', 'a', 'l', 'i', 'e']",0
Jessica.mp4,Jessica,,,
Josh.mp4,Josh,,None,0
Josh.mp4,Josh,,,
Julia.mp4,Julia,,None,0
Julia.mp4,Julia,,,
Justin.mp4,Justin,,None,0
Justin.mp4,Justin,,,
Katie.mp4,Katie,kathy,"['k', 'a', 't', 'h', 'y']",0
Katie.mp4,Katie,,,
Kayla.mp4,Kayla,kyla,"['k', 'y', 'l', 'a']",0
Kayla.mp4,Kayla,,,
Kelsey.mp4,Kelsey,jessica,"['j', 'e', 's', 's', 'i', 'c', 'a']",0
Kelsey.mp4,Kelsey,,,
Kevin.mp4,Kevin,kevin,"['k', 'e', 'v', 'i', 'n']",1
Kevin.mp4,Kevin,,,
Kyle.mp4,Kyle,,None,0
Kyle.mp4,Kyle,,,
Lauren.mp4,Lauren,lauren,"['l', 'a', 'u', 'r', 'e', 'n']",1
Lauren.mp4,Lauren,,,
Mark.mp4,Mark,,None,0
Mark.mp4,Mark,,,
Matthew.mp4,Matthew,peter,"['p', 'e', 't', 'e', 'r']",0
Matthew.mp4,Matthew,,,
Megan.mp4,Megan,rachel,"['r', 'a', 'c', 'h', 'e', 'l']",0
Megan.mp4,Megan,,,
Michael.mp4,Michael,jason,"['j', 'a', 's', 'o', 'n']",0
Michael.mp4,Michael,,,
Michelle.mp4,Michelle,,None,0
Michelle.mp4,Michelle,,,
Natalie.mp4,Natalie,amanda,"['a', 'm', 'a', 'n', 'd', 'a']",0
Natalie.mp4,Natalie,,,
Nathan.mp4,Nathan,nathan,"['n', 'a', 't', 'h', 'a', 'n']",1
Nathan.mp4,Nathan,,,
Nicole.mp4,Nicole,olivia,"['o', 'l', 'i', 'v', 'i', 'a']",0
Nicole.mp4,Nicole,,,
Noah.mp4,Noah,noah,"['n', 'o', 'a', 'h']",1
Noah.mp4,Noah,,,
Olivia.mp4,Olivia,shelbey,"['s', 'h', 'e', 'l', 'b', 'i', 'backspace', 'e', 'y']",0
Olivia.mp4,Olivia,,,
Rachel.mp4,Rachel,rachel,"['r', 'a', 'c', 'h', 'e', 'l']",1
Rachel.mp4,Rachel,,,
Rebecca.mp4,Rebecca,,None,0
Rebecca.mp4,Rebecca,,,
Sarah.mp4,Sarah,,None,0
Sarah.mp4,Sarah,,,
Shelby.mp4,Shelby,,None,0
Shelby.mp4,Shelby,,,
Steven.mp4,Steven,josh,"['j', 'o', 's', 'h']",0
Steven.mp4,Steven,,,
Taylor.mp4,Taylor,,None,0
Taylor.mp4,Taylor,,,
Thomas.mp4,Thomas,,None,0
Thomas.mp4,Thomas,,,
Timothy.mp4,Timothy,,None,0
Timothy.mp4,Timothy,,,
Trevor.mp4,Trevor,trever,"['t', 'r', 'e', 'v', 'e', 'r']",1
Trevor.mp4,Trevor,,,
Tyler.mp4,Tyler,,None,0
Tyler.mp4,Tyler,,,