Video,Name,inputText,key_resp_3.keys,recallRating_F
Aaron.mp4,Aaron,,None,0
Aaron.mp4,Aaron,,,
Adam.mp4,Adam,,None,0
Adam.mp4,Adam,,,
Alyssa.mp4,Alyssa,alyessa,"['a', 'l', 'y', 'e', 's', 's', 'a']",1
Alyssa.mp4,Alyssa,,,
Amanda.mp4,Amanda,,None,0
Amanda.mp4,Amanda,,,
Andrew.mp4,Andrew,,['space'],0
Andrew.mp4,Andrew,,,
Anna.mp4,Anna,,None,0
Anna.mp4,Anna,,,
Ashley.mp4,Ashley,ashley,"['a', 's', 'h', 'l', 'e', 'y']",1
Ashley.mp4,Ashley,,,
Bradley.mp4,Bradley,,None,0
Bradley.mp4,Bradley,,,
Brandon.mp4,Brandon,,"['space', 'space']",0
Brandon.mp4,Brandon,,,
Brian.mp4,Brian,bryan,"['b', 'y', 'r', 'a', 'n', 'backspace', 'backspace', 'backspace', 'r', 'backspace', 'backspace', 'r', 'y', 'a', 'n']",1
Brian.mp4,Brian,,,
Brianna.mp4,Brianna,,None,0
Brianna.mp4,Brianna,,,
Brittany.mp4,Brittany,brittney,"['b', 'r', 'i', 't', 't', 'n', 'e', 'y']",1
Brittany.mp4,Brittany,,,
Caleb.mp4,Caleb,caleb,"['c', 'a', 'l', 'e', 'b']",1
Caleb.mp4,Caleb,,,
Cody.mp4,Cody,aaron,"['a', 'r', 'backspace', 'a', 'r', 'o', 'n']",0
Cody.mp4,Cody,,,
Courtney.mp4,Courtney,,None,0
Courtney.mp4,Courtney,,,
Daniel.mp4,Daniel,jacob,"['j', 'a', 'c', 'o', 'b']",0
Daniel.mp4,Daniel,,,
Danielle.mp4,Danielle,,None,0
Danielle.mp4,Danielle,,,
David.mp4,David,michael,"['m', 'i', 'c', 'h', 'a', 'l', 'backspace', 'e', 'l']",0
David.mp4,David,,,
Dylan.mp4,Dylan,dylan,"['space', 'space', 'd', 'y', 'l', 'a', 'n']",1
Dylan.mp4,Dylan,,,
Emily.mp4,Emily,emily,"['e', 'm', 'i', 'l', 'y', 'space']",1
Emily.mp4,Emily,,,
Eric.mp4,Eric,,None,0
Eric.mp4,Eric,,,
Ethan.mp4,Ethan,,"['1', 'backspace']",0
Ethan.mp4,Ethan,,,
Grace.mp4,Grace,,['space'],0
Grace.mp4,Grace,,,
Haley.mp4,Haley,rachel,"['r', 'a', 'c', 'h', 'e', 'l']",0
Haley.mp4,Haley,,,
Hannah.mp4,Hannah,,None,0
Hannah.mp4,Hannah,,,
Heather.mp4,Heather,,None,0
Heather.mp4,Heather,,,
Jacob.mp4,Jacob,jacob,"['j', 'a', 'c', 'o', 'b']",1
Jacob.mp4,Jacob,,,
Jason.mp4,Jason,jason,"['j', 'a', 's', 'o', 'n', 'space']",1
Jason.mp4,Jason,,,
Jenna.mp4,Jenna,sarah,"['s', 'a', 'r', 'a', 'h']",0
Jenna.mp4,Jenna,,,
Jeremy.mp4,Jeremy,jeremy,"['j', 'e', 'r', 'e', 'm', 'y']",1
Jeremy.mp4,Jeremy,,,
Jessica.mp4,Jessica,,['space'],0
Jessica.mp4,Jessica,,,
Josh.mp4,Josh,josh,"['j', 'o', 's', 'h']",1
Josh.mp4,Josh,,,
Julia.mp4,Julia,,None,0
Julia.mp4,Julia,,,
Justin.mp4,Justin,,None,0
Justin.mp4,Justin,,,
Katie.mp4,Katie,catty,"['c', 'a', 't', 'h', 'i', 'e', 'backspace', 'backspace', 'backspace', 'backspace', 'backspace', 'a', 't', 't', 'y']",0
Katie.mp4,Katie,,,
Kayla.mp4,Kayla,kayla,"['k', 'a', 'y', 'l', 'a']",1
Kayla.mp4,Kayla,,,
Kelsey.mp4,Kelsey,,None,0
Kelsey.mp4,Kelsey,,,
Kevin.mp4,Kevin,kevin,"['k', 'e', 'v', 'i', 'n']",1
Kevin.mp4,Kevin,,,
Kyle.mp4,Kyle,,None,0
Kyle.mp4,Kyle,,,
Lauren.mp4,Lauren,,None,0
Lauren.mp4,Lauren,,,
Mark.mp4,Mark,,None,0
Mark.mp4,Mark,,,
Matthew.mp4,Matthew,,None,0
Matthew.mp4,Matthew,,,
Megan.mp4,Megan,ashley,"['a', 's', 'h', 'l', 'e', 'y']",0
Megan.mp4,Megan,,,
Michael.mp4,Michael,michael,"['m', 'i', 'c', 'h', 'a', 'e', 'l']",1
Michael.mp4,Michael,,,
Michelle.mp4,Michelle,,None,0
Michelle.mp4,Michelle,,,
Natalie.mp4,Natalie,,"['1', 'backspace']",0
Natalie.mp4,Natalie,,,
Nathan.mp4,Nathan,nathan,"['n', 'a', 't', 'h', 'a', 'n']",1
Nathan.mp4,Nathan,,,
Nicole.mp4,Nicole,nicola,"['n', 'i', 'c', 'o', 'l', 'a']",0
Nicole.mp4,Nicole,,,
Noah.mp4,Noah,,None,0
Noah.mp4,Noah,,,
Olivia.mp4,Olivia,shelby,"['s', 'h', 'e', 'l', 'b', 'y']",0
Olivia.mp4,Olivia,,,
Rachel.mp4,Rachel,,None,0
Rachel.mp4,Rachel,,,
Rebecca.mp4,Rebecca,rebbecca,"['r', 'e', 'b', 'b', 'e', 'c', 'c', 'a']",1
Rebecca.mp4,Rebecca,,,
Sarah.mp4,Sarah,sarah,"['r', 'a', 'r', 'backspace', 'backspace', 'backspace', 's', 'r', 'backspace', 'a', 'r', 'a', 'h']",1
Sarah.mp4,Sarah,,,
Shelby.mp4,Shelby,,None,0
Shelby.mp4,Shelby,,,
Steven.mp4,Steven,,['space'],0
Steven.mp4,Steven,,,
Taylor.mp4,Taylor,,None,0
Taylor.mp4,Taylor,,,
Thomas.mp4,Thomas,jason,"['j', 'a', 's', 'o', 'n']",0
Thomas.mp4,Thomas,,,
Timothy.mp4,Timothy,timothe,"['t', 'i', 'm', 'o', 't', 'h', 'r', 'backspace', 'backspace', 'e', 'backspace', 'h', 'e']",1
Timothy.mp4,Timothy,,,
Trevor.mp4,Trevor,trevor,"['t', 'r', 'v', 'o', 'r', 'backspace', 'backspace', 'backspace', 'e', 'v', 'o', 'r']",1
Trevor.mp4,Trevor,,,
Tyler.mp4,Tyler,david,"['d', 'a', 'v', 'i', 'd']",0
Tyler.mp4,Tyler,,,