Video,Name,inputText,key_resp_3.keys,recallRating_F
Aaron.mp4,Aaron,,None,0
Aaron.mp4,Aaron,,,
Adam.mp4,Adam,,None,0
Adam.mp4,Adam,,,
Alyssa.mp4,Alyssa,,None,0
Alyssa.mp4,Alyssa,,,
Amanda.mp4,Amanda,,None,0
Amanda.mp4,Amanda,,,
Andrew.mp4,Andrew,,None,0
Andrew.mp4,Andrew,,,
Anna.mp4,Anna,,None,0
Anna.mp4,Anna,,,
Ashley.mp4,Ashley,,None,0
Ashley.mp4,Ashley,,,
Bradley.mp4,Bradley,,None,0
Bradley.mp4,Bradley,,,
Brandon.mp4,Brandon,,None,0
Brandon.mp4,Brandon,,,
Brian.mp4,Brian,,None,0
Brian.mp4,Brian,,,
Brianna.mp4,Brianna,,None,0
Brianna.mp4,Brianna,,,
Brittany.mp4,Brittany,,None,0
Brittany.mp4,Brittany,,,
Caleb.mp4,Caleb,Caleb,"['lshift', 'c', 'a', 'l', 'e', 'b']",1
Caleb.mp4,Caleb,,,
Cody.mp4,Cody,Justin,"['lshift', 'j', 'u', 's', 't', 'i', 'n']",0
Cody.mp4,Cody,,,
Courtney.mp4,Courtney,,None,0
Courtney.mp4,Courtney,,,
Daniel.mp4,Daniel,,None,0
Daniel.mp4,Daniel,,,
Danielle.mp4,Danielle,,None,0
Danielle.mp4,Danielle,,,
David.mp4,David,,None,0
David.mp4,David,,,
Dylan.mp4,Dylan,,None,0
Dylan.mp4,Dylan,,,
Emily.mp4,Emily,Emily,"['lshift', 'e', 'm', 'i', 'l', 'y']",1
Emily.mp4,Emily,,,
Eric.mp4,Eric,Eric,"['lshift', 'e', 'r', 'i', 'c']",1
Eric.mp4,Eric,,,
Ethan.mp4,Ethan,,None,0
Ethan.mp4,Ethan,,,
Grace.mp4,Grace,,None,0
Grace.mp4,Grace,,,
Haley.mp4,Haley,Ashley,"['lshift', 'a', 's', 'h', 'l', 'e', 'y']",0
Haley.mp4,Haley,,,
Hannah.mp4,Hannah,Hannah,"['lshift', 'h', 'h', 'backspace', 'backspace', 'lshift', 'h', 'a', 'n', 'n', 'a', 'h']",1
Hannah.mp4,Hannah,,,
Heather.mp4,Heather,,None,0
Heather.mp4,Heather,,,
Jacob.mp4,Jacob,,None,0
Jacob.mp4,Jacob,,,
Jason.mp4,Jason,,"['lshift', 'c', 'a', 'l', 'backspace', 'backspace', 'backspace']",0
Jason.mp4,Jason,,,
Jenna.mp4,Jenna,,None,0
Jenna.mp4,Jenna,,,
Jeremy.mp4,Jeremy,,None,0
Jeremy.mp4,Jeremy,,,
Jessica.mp4,Jessica,,None,0
Jessica.mp4,Jessica,,,
Josh.mp4,Josh,,None,0
Josh.mp4,Josh,,,
Julia.mp4,Julia,Julia,"['lshift', 'j', 'u', 'l', 'i', 'a']",1
Julia.mp4,Julia,,,
Justin.mp4,Justin,,None,0
Justin.mp4,Justin,,,
Katie.mp4,Katie,,None,0
Katie.mp4,Katie,,,
Kayla.mp4,Kayla,,None,0
Kayla.mp4,Kayla,,,
Kelsey.mp4,Kelsey,,None,0
Kelsey.mp4,Kelsey,,,
Kevin.mp4,Kevin,Noah,"['lshift', 'n', 'o', 'a', 'h']",0
Kevin.mp4,Kevin,,,
Kyle.mp4,Kyle,,None,0
Kyle.mp4,Kyle,,,
Lauren.mp4,Lauren,,None,0
Lauren.mp4,Lauren,,,
Mark.mp4,Mark,,None,0
Mark.mp4,Mark,,,
Matthew.mp4,Matthew,,None,0
Matthew.mp4,Matthew,,,
Megan.mp4,Megan,,None,0
Megan.mp4,Megan,,,
Michael.mp4,Michael,,None,0
Michael.mp4,Michael,,,
Michelle.mp4,Michelle,Michelle,"['lshift', 'm', 'i', 'c', 'h', 'a', 'e', 'l', 'l', 'e', 'backspace', 'backspace', 'backspace', 'backspace', 'backspace', 'e', 'l', 'l', 'e']",1
Michelle.mp4,Michelle,,,
Natalie.mp4,Natalie,,None,0
Natalie.mp4,Natalie,,,
Nathan.mp4,Nathan,Mark,"['lshift', 'm', 'a', 'r', 'k']",0
Nathan.mp4,Nathan,,,
Nicole.mp4,Nicole,Olivia,"['lshift', 'o', 'b', 'backspace', 'l', 'i', 'v', 'i', 'a']",0
Nicole.mp4,Nicole,,,
Noah.mp4,Noah,,None,0
Noah.mp4,Noah,,,
Olivia.mp4,Olivia,Shelby,"['lshift', 's', 'h', 'e', 'l', 'b', 'y']",0
Olivia.mp4,Olivia,,,
Rachel.mp4,Rachel,Rac,"['lshift', 'r', 'a', 'c']",0
Rachel.mp4,Rachel,,,
Rebecca.mp4,Rebecca,Olivia,"['lshift', 'o', 'l', 'i', 'v', 'i', 'a']",0
Rebecca.mp4,Rebecca,,,
Sarah.mp4,Sarah,,None,0
Sarah.mp4,Sarah,,,
Shelby.mp4,Shelby,,['lshift'],0
Shelby.mp4,Shelby,,,
Steven.mp4,Steven,,None,0
Steven.mp4,Steven,,,
Taylor.mp4,Taylor,,None,0
Taylor.mp4,Taylor,,,
Thomas.mp4,Thomas,Tomas,"['lshift', 't', 'o', 'm', 'a', 's']",1
Thomas.mp4,Thomas,,,
Timothy.mp4,Timothy,,None,0
Timothy.mp4,Timothy,,,
Trevor.mp4,Trevor,Travor,"['lshift', 't', 'r', 'a', 'v', 'o', 'r']",1
Trevor.mp4,Trevor,,,
Tyler.mp4,Tyler,Josh,"['lshift', 'j', 'o', 's', 'h']",0
Tyler.mp4,Tyler,,,