Video,Name,inputText,key_resp_3.keys,recallRating_F
Aaron.mp4,Aaron,aron,"['a', 'r', 'o', 'n']",1
Aaron.mp4,Aaron,,,
Adam.mp4,Adam,,"['k', 'j', 'backspace', 'backspace', 'j', 'a', 'backspace', 'backspace']",0
Adam.mp4,Adam,,,
Alyssa.mp4,Alyssa,,None,0
Alyssa.mp4,Alyssa,,,
Amanda.mp4,Amanda,1,['1'],0
Amanda.mp4,Amanda,,,
Andrew.mp4,Andrew,,None,0
Andrew.mp4,Andrew,,,
Anna.mp4,Anna,,None,0
Anna.mp4,Anna,,,
Ashley.mp4,Ashley,ashley,"['a', 's', 'h', 'l', 'e', 'y']",1
Ashley.mp4,Ashley,,,
Bradley.mp4,Bradley,,None,0
Bradley.mp4,Bradley,,,
Brandon.mp4,Brandon,jason,"['j', 'a', 's', 'o', 'n']",0
Brandon.mp4,Brandon,,,
Brian.mp4,Brian,,['b'],0
Brian.mp4,Brian,,,
Brianna.mp4,Brianna,,None,0
Brianna.mp4,Brianna,,,
Brittany.mp4,Brittany,,None,0
Brittany.mp4,Brittany,,,
Caleb.mp4,Caleb,dylan,"['d', 'y', 'l', 'a', 'n']",0
Caleb.mp4,Caleb,,,
Cody.mp4,Cody,cody,"['c', 'o', 'd', 'y']",1
Cody.mp4,Cody,,,
Courtney.mp4,Courtney,,None,0
Courtney.mp4,Courtney,,,
Daniel.mp4,Daniel,,None,0
Daniel.mp4,Daniel,,,
Danielle.mp4,Danielle,,None,0
Danielle.mp4,Danielle,,,
David.mp4,David,,None,0
David.mp4,David,,,
Dylan.mp4,Dylan,,None,0
Dylan.mp4,Dylan,,,
Emily.mp4,Emily,,None,0
Emily.mp4,Emily,,,
Eric.mp4,Eric,julian,"['j', 'u', 'l', 'i', 'a', 'n']",0
Eric.mp4,Eric,,,
Ethan.mp4,Ethan,jason,"['j', 'a', 's', 'o', 'n']",0
Ethan.mp4,Ethan,,,
Grace.mp4,Grace,grace,"['g', 'r', 'a', 'c', 'e']",1
Grace.mp4,Grace,,,
Haley.mp4,Haley,,None,0
Haley.mp4,Haley,,,
Hannah.mp4,Hannah,hannah,"['h', 'a', 'n', 'n', 'a', 'h']",1
Hannah.mp4,Hannah,,,
Heather.mp4,Heather,,None,0
Heather.mp4,Heather,,,
Jacob.mp4,Jacob,jacob,"['j', 'a', 'c', 'o', 'b']",1
Jacob.mp4,Jacob,,,
Jason.mp4,Jason,brandon,"['b', 'r', 'a', 'n', 's', 'o', 'n', 'backspace', 'backspace', 'backspace', 'd', 'o', 'n']",0
Jason.mp4,Jason,,,
Jenna.mp4,Jenna,,None,0
Jenna.mp4,Jenna,,,
Jeremy.mp4,Jeremy,jeremy,"['j', 'e', 'r', 'e', 'm', 'y']",1
Jeremy.mp4,Jeremy,,,
Jessica.mp4,Jessica,,None,0
Jessica.mp4,Jessica,,,
Josh.mp4,Josh,josh,"['j', 'o', 's', 'h']",1
Josh.mp4,Josh,,,
Julia.mp4,Julia,,None,0
Julia.mp4,Julia,,,
Justin.mp4,Justin,,None,0
Justin.mp4,Justin,,,
Katie.mp4,Katie,,None,0
Katie.mp4,Katie,,,
Kayla.mp4,Kayla,kyla,"['k', 'y', 'l', 'a']",0
Kayla.mp4,Kayla,,,
Kelsey.mp4,Kelsey,alisha,"['a', 'l', 'i', 's', 'h', 'a']",0
Kelsey.mp4,Kelsey,,,
Kevin.mp4,Kevin,,None,0
Kevin.mp4,Kevin,,,
Kyle.mp4,Kyle,alex,"['a', 'l', 'e', 'x']",0
Kyle.mp4,Kyle,,,
Lauren.mp4,Lauren,,None,0
Lauren.mp4,Lauren,,,
Mark.mp4,Mark,,None,0
Mark.mp4,Mark,,,
Matthew.mp4,Matthew,,None,0
Matthew.mp4,Matthew,,,
Megan.mp4,Megan,britney,"['b', 'r', 'i', 't', 'm', 'e', 'y', 'backspace', 'backspace', 'backspace', 'n', 'e', 'y']",0
Megan.mp4,Megan,,,
Michael.mp4,Michael,michael,"['m', 'i', 'c', 'h', 'a', 'e', 'l']",1
Michael.mp4,Michael,,,
Michelle.mp4,Michelle,,None,0
Michelle.mp4,Michelle,,,
Natalie.mp4,Natalie,,None,0
Natalie.mp4,Natalie,,,
Nathan.mp4,Nathan,nathan,"['n', 'a', 't', 'h', 'a', 'n']",1
Nathan.mp4,Nathan,,,
Nicole.mp4,Nicole,,None,0
Nicole.mp4,Nicole,,,
Noah.mp4,Noah,,None,0
Noah.mp4,Noah,,,
Olivia.mp4,Olivia,olivia,"['o', 'l', 'i', 'v', 'i', 'a', '2', 'backspace']",1
Olivia.mp4,Olivia,,,
Rachel.mp4,Rachel,rachel,"['r', 'a', 'c', 'h', 'e', 'l']",1
Rachel.mp4,Rachel,,,
Rebecca.mp4,Rebecca,,None,0
Rebecca.mp4,Rebecca,,,
Sarah.mp4,Sarah,sarah,"['s', 'a', 'r', 'a', 'h']",1
Sarah.mp4,Sarah,,,
Shelby.mp4,Shelby,shellby,"['s', 'h', 'e', 'l', 'l', 'b', 'y']",1
Shelby.mp4,Shelby,,,
Steven.mp4,Steven,steven,"['s', 't', 'e', 'v', 'e', 'n']",1
Steven.mp4,Steven,,,
Taylor.mp4,Taylor,,None,0
Taylor.mp4,Taylor,,,
Thomas.mp4,Thomas,thomas,"['t', 'h', 'o', 'm', 'a', 's']",1
Thomas.mp4,Thomas,,,
Timothy.mp4,Timothy,,None,0
Timothy.mp4,Timothy,,,
Trevor.mp4,Trevor,,None,0
Trevor.mp4,Trevor,,,
Tyler.mp4,Tyler,tyler,"['t', 'y', 'l', 'e', 'r']",1
Tyler.mp4,Tyler,,,