Video,Name,inputText,key_resp_3.keys,recallRating_F
Aaron.mp4,Aaron,,None,0
Aaron.mp4,Aaron,,,
Adam.mp4,Adam,,"['s', 'backspace', 'lshift']",0
Adam.mp4,Adam,,,
Alyssa.mp4,Alyssa,Courtney,"['lshift', 'c', 'o', 'u', 'r', 't', 'n', 'e', 'y']",0
Alyssa.mp4,Alyssa,,,
Amanda.mp4,Amanda,Amanda,"['rshift', 'a', 'm', 'a', 'n', 'd', 'a', 'return']",1
Amanda.mp4,Amanda,,,
Andrew.mp4,Andrew,,['lshift'],0
Andrew.mp4,Andrew,,,
Anna.mp4,Anna,Kacey1,"['lshift', 'k', 'a', 'c', 'e', 'y', '1']",0
Anna.mp4,Anna,,,
Ashley.mp4,Ashley,Ashley,"['lshift', 'a', 's', 'h', 'l', 'e', 'y']",1
Ashley.mp4,Ashley,,,
Bradley.mp4,Bradley,Daniel,"['lshift', 'd', 'n', 'a', 'backspace', 'backspace', 'a', 'n', 'i', 'e', 'l', 'return']",0
Bradley.mp4,Bradley,,,
Brandon.mp4,Brandon,B,"['lshift', 'b', 'r']",0
Brandon.mp4,Brandon,,,
Brian.mp4,Brian,Bryan,"['lshift', 'b', 'r', 'y', 'a', 'n']",1
Brian.mp4,Brian,,,
Brianna.mp4,Brianna,Brianna,"['lshift', 'b', 'r', 'a', 'i', 'backspace', 'backspace', 'i', 'a', 'n', 'n', 'n', 'backspace', 'a']",1
Brianna.mp4,Brianna,,,
Brittany.mp4,Brittany,Megan2,"['lshift', 'm', 'e', 'g', 'a', 'n', '2']",0
Brittany.mp4,Brittany,,,
Caleb.mp4,Caleb,Ryan,"['lshift', 'r', 'y', 'a', 'n']",0
Caleb.mp4,Caleb,,,
Cody.mp4,Cody,Cody,"['lshift', 'c', 'o', 'd', 'y']",1
Cody.mp4,Cody,,,
Courtney.mp4,Courtney,Nicole,"['lshift', 'n', 'i', 'c', 'h', 'o', 'l', 'e', 'backspace', 'backspace', 'backspace', 'backspace', 'o', 'l', 'e']",0
Courtney.mp4,Courtney,,,
Daniel.mp4,Daniel,Daniel,"['lshift', 'd', 'a', 'n', 'i', 'e', 'l']",1
Daniel.mp4,Daniel,,,
Danielle.mp4,Danielle,Kelsey,"['lshift', 'k', 'e', 'l', 's', 'e', 'y']",0
Danielle.mp4,Danielle,,,
David.mp4,David,Gorge,"['lshift', 'g', 'o', 'r', 'g', 'e']",0
David.mp4,David,,,
Dylan.mp4,Dylan,,None,0
Dylan.mp4,Dylan,,,
Emily.mp4,Emily,Emily,"['lshift', 'e', 'm', 'i', 'l', 'y']",1
Emily.mp4,Emily,,,
Eric.mp4,Eric,Ethan,"['lshift', 'e', 't', 'h', 'a', 'n', 'return', 'space']",0
Eric.mp4,Eric,,,
Ethan.mp4,Ethan,Ethan,"['lshift', 'e', 't', 'h', 'a', 'n']",1
Ethan.mp4,Ethan,,,
Grace.mp4,Grace,Grace,"['lshift', 'g', 'r', 'a', 'c', 'e']",1
Grace.mp4,Grace,,,
Haley.mp4,Haley,Haley,"['lshift', 'h', 'a', 'l', 'e', 'y']",1
Haley.mp4,Haley,,,
Hannah.mp4,Hannah,,"['lshift', 's', 'backspace']",0
Hannah.mp4,Hannah,,,
Heather.mp4,Heather,Ashley,"['lshift', 'a', 's', 'h', 'l', 'e', 'y']",0
Heather.mp4,Heather,,,
Jacob.mp4,Jacob,Wil,"['lshift', 'k', 'e', 'backspace', 'backspace', 'lshift', 'w', 'i', 'l']",0
Jacob.mp4,Jacob,,,
Jason.mp4,Jason,Eric,"['lshift', 'e', 'r', 'i', 'c']",0
Jason.mp4,Jason,,,
Jenna.mp4,Jenna,Julia,"['lshift', 'j', 'u', 'l', 'i', 'a']",0
Jenna.mp4,Jenna,,,
Jeremy.mp4,Jeremy,,"['lshift', 't', 'backspace']",0
Jeremy.mp4,Jeremy,,,
Jessica.mp4,Jessica,Amanda,"['lshift', 'lshift', 'a', 'm', 'a', 'n', 'd', 'a', 'return']",0
Jessica.mp4,Jessica,,,
Josh.mp4,Josh,Josh,"['lshift', 'j', 'o', 's', 'h']",1
Josh.mp4,Josh,,,
Julia.mp4,Julia,Lisa,"['lshift', 'l', 'i', 's', 'a', 'return']",0
Julia.mp4,Julia,,,
Justin.mp4,Justin,Justin,"['lshift', 'j', 'o', 'backspace', 'u', 's', 't', 'i', 'n']",1
Justin.mp4,Justin,,,
Katie.mp4,Katie,Katie,"['lshift', 'k', 'a', 't', 'i', 'e']",1
Katie.mp4,Katie,,,
Kayla.mp4,Kayla,Kayla,"['lshift', 'k', 'a', 'y', 'l', 'a']",1
Kayla.mp4,Kayla,,,
Kelsey.mp4,Kelsey,Li,"['lshift', 'l', 'i']",0
Kelsey.mp4,Kelsey,,,
Kevin.mp4,Kevin,,None,0
Kevin.mp4,Kevin,,,
Kyle.mp4,Kyle,Patrick,"['lshift', 'p', 'a', 't', 'r', 'i', 'c', 'c', 'k', 'backspace', 'backspace', 'k']",0
Kyle.mp4,Kyle,,,
Lauren.mp4,Lauren,Rebecca,"['lshift', 'lshift', 'r', 'e', 'b', 'e', 'c', 'c', 'a']",0
Lauren.mp4,Lauren,,,
Mark.mp4,Mark,,['lshift'],0
Mark.mp4,Mark,,,
Matthew.mp4,Matthew,Matthew,"['lshift', 'm', 'a', 't', 'h', 'h', 'backspace', 'backspace', 't', 'h', 'e', 'w', 'return']",1
Matthew.mp4,Matthew,,,
Megan.mp4,Megan,Rachel,"['lshift', 'r', 'a', 'c', 'h', 'e', 'l']",0
Megan.mp4,Megan,,,
Michael.mp4,Michael,Tyler,"['lshift', 't', 'y', 'l', 'e', 'r']",0
Michael.mp4,Michael,,,
Michelle.mp4,Michelle,Je,"['lshift', 'j', 'e']",0
Michelle.mp4,Michelle,,,
Natalie.mp4,Natalie,Emma,"['lshift', 'e', 'comma', 'comma', 'comma', 'm', 'm', 'a', 'return', 'space']",0
Natalie.mp4,Natalie,,,
Nathan.mp4,Nathan,Thomas,"['lshift', 't', 'h', 'o', 'm', 'a', 's']",0
Nathan.mp4,Nathan,,,
Nicole.mp4,Nicole,Haley,"['lshift', 'h', 'a', 'l', 'e', 'y']",0
Nicole.mp4,Nicole,,,
Noah.mp4,Noah,,['lshift'],0
Noah.mp4,Noah,,,
Olivia.mp4,Olivia,O,"['lshift', 'lshift', 'o']",0
Olivia.mp4,Olivia,,,
Rachel.mp4,Rachel,Brittany,"['lshift', 'b', 'r', 'i', 't', 't', 'a', 'n', 'y']",0
Rachel.mp4,Rachel,,,
Rebecca.mp4,Rebecca,Kayla,"['lshift', 'k', 'a', 'y', 'l', 'a']",0
Rebecca.mp4,Rebecca,,,
Sarah.mp4,Sarah,Sarah,"['lshift', 's', 'a', 'r', 'a', 'h']",1
Sarah.mp4,Sarah,,,
Shelby.mp4,Shelby,Shelby,"['lshift', 's', 'h', 'e', 'l', 'b', 'y']",1
Shelby.mp4,Shelby,,,
Steven.mp4,Steven,Steven,"['lshift', 's', 't', 'e', 'v', 'e', 'n']",1
Steven.mp4,Steven,,,
Taylor.mp4,Taylor,,['lshift'],0
Taylor.mp4,Taylor,,,
Thomas.mp4,Thomas,Noah,"['lshift', 'lshift', 'n', 'o', 'a', 'h']",0
Thomas.mp4,Thomas,,,
Timothy.mp4,Timothy,J,"['lshift', 'j', 'lshift', 'a', 'backspace', 'capslock', 's', 'd', 'd', 'backspace', 'backspace', 'backspace']",0
Timothy.mp4,Timothy,,,
Trevor.mp4,Trevor,Roger,"['lshift', 'r', 'o', 'g', 'e', 'r']",0
Trevor.mp4,Trevor,,,
Tyler.mp4,Tyler,Tyler,"['lshift', 't', 'y', 'l', 'e', 'r']",1
Tyler.mp4,Tyler,,,