Video,Name,inputText,key_resp_3.keys,recallRating_F
Aaron.mp4,Aaron,steven,"['s', 't', 'e', 'v', 'e', 'n', 'return', 'space', '1', 'backspace']",0
Aaron.mp4,Aaron,,,
Adam.mp4,Adam,joe,"['j', 'o', 'e']",0
Adam.mp4,Adam,,,
Alyssa.mp4,Alyssa,lauren,"['l', 'a', 'u', 'r', 'e', 'n']",0
Alyssa.mp4,Alyssa,,,
Amanda.mp4,Amanda,joanna,"['j', 'o', 'a', 'n', 'n', 'a']",0
Amanda.mp4,Amanda,,,
Andrew.mp4,Andrew,matt,"['m', 'a', 't', 't']",0
Andrew.mp4,Andrew,,,
Anna.mp4,Anna,anna,"['a', 'n', 'n', 'a']",1
Anna.mp4,Anna,,,
Ashley.mp4,Ashley,ashley,"['a', 's', 'h', 'l', 'e', 'y']",1
Ashley.mp4,Ashley,,,
Bradley.mp4,Bradley,matt,"['m', 'a', 't', 't']",0
Bradley.mp4,Bradley,,,
Brandon.mp4,Brandon,adam,"['a', 'd', 'a', 'm']",0
Brandon.mp4,Brandon,,,
Brian.mp4,Brian,john,"['j', 'o', 'h', 'n']",0
Brian.mp4,Brian,,,
Brianna.mp4,Brianna,trisha,"['r', 'i', 's', 'h', 'a', 'backspace', 'backspace', 'backspace', 'backspace', 'backspace', 't', 'r', 'i', 's', 'h', 'a']",0
Brianna.mp4,Brianna,,,
Brittany.mp4,Brittany,isabel,"['i', 's', 'a', 'b', 'e', 'l']",0
Brittany.mp4,Brittany,,,
Caleb.mp4,Caleb,joe,"['j', 'o', 'e']",0
Caleb.mp4,Caleb,,,
Cody.mp4,Cody,kurt,"['k', 'u', 'r', 't']",0
Cody.mp4,Cody,,,
Courtney.mp4,Courtney,courtney,"['c', 'o', 'u', 'r', 't', 'n', 'e', 'y', 'space']",1
Courtney.mp4,Courtney,,,
Daniel.mp4,Daniel,,None,0
Daniel.mp4,Daniel,,,
Danielle.mp4,Danielle,,None,0
Danielle.mp4,Danielle,,,
David.mp4,David,chrs,"['c', 'h', 'r', 's', 'backspace', 's']",0
David.mp4,David,,,
Dylan.mp4,Dylan,steven,"['s', 't', 'e', 'v', 'e', 'n', 'space']",0
Dylan.mp4,Dylan,,,
Emily.mp4,Emily,maddie,"['m', 'a', 'd', 'd', 'i', 'e']",0
Emily.mp4,Emily,,,
Eric.mp4,Eric,john,"['j', 'o', 'h', 'n']",0
Eric.mp4,Eric,,,
Ethan.mp4,Ethan,matt,"['m', 'a', 't', 't']",0
Ethan.mp4,Ethan,,,
Grace.mp4,Grace,michelle,"['m', 'i', 'c', 'h', 'e', 'l', 'l', 'e']",0
Grace.mp4,Grace,,,
Haley.mp4,Haley,megan,"['m', 'e', 'g', 'a', 'n']",0
Haley.mp4,Haley,,,
Hannah.mp4,Hannah,elizabeth,"['e', 'l', 'i', 'z', 'a', 'b', 'e', 't', 'h', 'return', '1', 'backspace']",0
Hannah.mp4,Hannah,,,
Heather.mp4,Heather,anna,"['a', 'n', 'n', 'a']",0
Heather.mp4,Heather,,,
Jacob.mp4,Jacob,mark,"['m', 'a', 'r', 'k']",0
Jacob.mp4,Jacob,,,
Jason.mp4,Jason,jacob,"['j', 'a', 'c', 'o', 'b']",0
Jason.mp4,Jason,,,
Jenna.mp4,Jenna,,"['1', 'backspace']",0
Jenna.mp4,Jenna,,,
Jeremy.mp4,Jeremy,joe,"['j', 'o', 'e']",0
Jeremy.mp4,Jeremy,,,
Jessica.mp4,Jessica,hannah  2,"['h', 'a', 'n', 'n', 'a', 'h', 'return', 'space', 'space', '2', 'backspace', '2', 'space', 'return']",0
Jessica.mp4,Jessica,,,
Josh.mp4,Josh,jo,"['j', 'backspace', 'j', 'o']",0
Josh.mp4,Josh,,,
Julia.mp4,Julia,madison,"['m', 'a', 'd', 'i', 's', 'o', 'n']",0
Julia.mp4,Julia,,,
Justin.mp4,Justin,matt,"['m', 'a', 't', 't']",0
Justin.mp4,Justin,,,
Katie.mp4,Katie,olivia,"['o', 'l', 'i', 'v', 'i', 'a']",0
Katie.mp4,Katie,,,
Kayla.mp4,Kayla,olivia,"['o', 'l', 'i', 'v', 'i', 'a']",0
Kayla.mp4,Kayla,,,
Kelsey.mp4,Kelsey,anna 11,"['a', 'n', 'n', 'a', 'space', '1', '1', 'space', 'space', '1', '1', '1', '1', '1', '1', '1', '1', '1', '1', 'backspace', 'backspace', 'backspace', 'backspace', 'backspace', 'backspace', 'backspace', 'backspace', 'backspace', 'backspace', 'backspace', 'backspace']",0
Kelsey.mp4,Kelsey,,,
Kevin.mp4,Kevin,patrick,"['p', 'a', 't', 'r', 'i', 'c', 'k']",0
Kevin.mp4,Kevin,,,
Kyle.mp4,Kyle,justin,"['j', 'u', 's', 't', 'i', 'n', 'space', '1', 'backspace']",0
Kyle.mp4,Kyle,,,
Lauren.mp4,Lauren,courtney,"['a', 's', 'h', 'l', 'e', 'y', 'space', 'backspace', 'backspace', 'backspace', 'backspace', 'backspace', 'backspace', 'backspace', 'c', 'o', 'u', 'r', 't', 'n', 'e', 'y']",0
Lauren.mp4,Lauren,,,
Mark.mp4,Mark,josh,"['j', 'o', 's', 'h', 'space']",0
Mark.mp4,Mark,,,
Matthew.mp4,Matthew,nathan    2,"['n', 'a', 't', 'h', 'a', 'n', 'space', 'return', 'space', 'space', 'space', '1', 'backspace', '1', 'backspace', '2', 'space']",0
Matthew.mp4,Matthew,,,
Megan.mp4,Megan,ashley,"['a', 's', 'h', 'l', 'e', 'y']",0
Megan.mp4,Megan,,,
Michael.mp4,Michael,david,"['d', 'a', 'v', 'i', 'd']",0
Michael.mp4,Michael,,,
Michelle.mp4,Michelle,megan,"['m', 'e', 'g', 'a', 'n']",0
Michelle.mp4,Michelle,,,
Natalie.mp4,Natalie,,None,0
Natalie.mp4,Natalie,,,
Nathan.mp4,Nathan,mark,"['m', 'a', 'r', 'k']",0
Nathan.mp4,Nathan,,,
Nicole.mp4,Nicole,,"['m', 'e', 'g', 'a', 'n', 'backspace', 'backspace', 'backspace', 'backspace', 'backspace']",0
Nicole.mp4,Nicole,,,
Noah.mp4,Noah,justin,"['j', 'o', 'h', 'n', 'backspace', 'backspace', 'backspace', 'u', 's', 't', 'i', 'n']",0
Noah.mp4,Noah,,,
Olivia.mp4,Olivia,ashley,"['a', 's', 'h', 'l', 'e', 'y']",0
Olivia.mp4,Olivia,,,
Rachel.mp4,Rachel,lana,"['l', 'a', 'n', 'a']",0
Rachel.mp4,Rachel,,,
Rebecca.mp4,Rebecca,megan1,"['m', 'e', 'g', 'a', 'n', '1']",0
Rebecca.mp4,Rebecca,,,
Sarah.mp4,Sarah,olivia,"['o', 'l', 'i', 'v', 'i', 'a', 'space']",0
Sarah.mp4,Sarah,,,
Shelby.mp4,Shelby,ashley,"['a', 's', 'h', 'l', 'e', 'y', 'space']",0
Shelby.mp4,Shelby,,,
Steven.mp4,Steven,justin,"['j', 'u', 's', 't', 'i', 'n', 'space']",0
Steven.mp4,Steven,,,
Taylor.mp4,Taylor,alyssa,"['a', 'l', 'y', 's', 's', 'a']",0
Taylor.mp4,Taylor,,,
Thomas.mp4,Thomas,dan,"['d', 'a', 'n']",0
Thomas.mp4,Thomas,,,
Timothy.mp4,Timothy,,"['c', 'backspace']",0
Timothy.mp4,Timothy,,,
Trevor.mp4,Trevor,trevor,"['t', 'r', 'e', 'v', 'o', 'r', 'space']",1
Trevor.mp4,Trevor,,,
Tyler.mp4,Tyler,josh,"['j', 'o', 's', 'h', 'space']",0
Tyler.mp4,Tyler,,,