Video,Name,inputText,key_resp_3.keys,recallRating_F
Aaron.mp4,Aaron,,None,0
Aaron.mp4,Aaron,,,
Adam.mp4,Adam,,None,0
Adam.mp4,Adam,,,
Alyssa.mp4,Alyssa,,None,0
Alyssa.mp4,Alyssa,,,
Amanda.mp4,Amanda,,None,0
Amanda.mp4,Amanda,,,
Andrew.mp4,Andrew,,None,0
Andrew.mp4,Andrew,,,
Anna.mp4,Anna,anna,"['a', 'a', 'backspace', 'n', 'n', 'a']",1
Anna.mp4,Anna,,,
Ashley.mp4,Ashley,,None,0
Ashley.mp4,Ashley,,,
Bradley.mp4,Bradley,,None,0
Bradley.mp4,Bradley,,,
Brandon.mp4,Brandon,jack,"['a', 'backspace', 'j', 'a', 'c', 'k']",0
Brandon.mp4,Brandon,,,
Brian.mp4,Brian,dra,"['d', 'r', 'a']",0
Brian.mp4,Brian,,,
Brianna.mp4,Brianna,,None,0
Brianna.mp4,Brianna,,,
Brittany.mp4,Brittany,,None,0
Brittany.mp4,Brittany,,,
Caleb.mp4,Caleb,,None,0
Caleb.mp4,Caleb,,,
Cody.mp4,Cody,,None,0
Cody.mp4,Cody,,,
Courtney.mp4,Courtney,,None,0
Courtney.mp4,Courtney,,,
Daniel.mp4,Daniel,,None,0
Daniel.mp4,Daniel,,,
Danielle.mp4,Danielle,Dannel,"['lshift', 'd', 'a', 'n', 'n', 'e', 'l']",0
Danielle.mp4,Danielle,,,
David.mp4,David,david,"['d', 'a', 'v', 'i', 'd']",1
David.mp4,David,,,
Dylan.mp4,Dylan,,None,0
Dylan.mp4,Dylan,,,
Emily.mp4,Emily,,None,0
Emily.mp4,Emily,,,
Eric.mp4,Eric,,None,0
Eric.mp4,Eric,,,
Ethan.mp4,Ethan,,None,0
Ethan.mp4,Ethan,,,
Grace.mp4,Grace,,None,0
Grace.mp4,Grace,,,
Haley.mp4,Haley,,None,0
Haley.mp4,Haley,,,
Hannah.mp4,Hannah,,None,0
Hannah.mp4,Hannah,,,
Heather.mp4,Heather,ashley,"['a', 's', 'h', 'l', 'e', 'y']",0
Heather.mp4,Heather,,,
Jacob.mp4,Jacob,jacob,"['j', 'a', 'c', 'o', 'b']",1
Jacob.mp4,Jacob,,,
Jason.mp4,Jason,jason,"['j', 'a', 's', 'o', 'n']",1
Jason.mp4,Jason,,,
Jenna.mp4,Jenna,,None,0
Jenna.mp4,Jenna,,,
Jeremy.mp4,Jeremy,j,['j'],0
Jeremy.mp4,Jeremy,,,
Jessica.mp4,Jessica,monica,"['m', 'o', 'n', 'i', 'c', 'a']",0
Jessica.mp4,Jessica,,,
Josh.mp4,Josh,josh,"['j', 'o', 's', 'h']",1
Josh.mp4,Josh,,,
Julia.mp4,Julia,,None,0
Julia.mp4,Julia,,,
Justin.mp4,Justin,jerrmy,"['j', 'e', 'r', 'r', 'm', 'y']",0
Justin.mp4,Justin,,,
Katie.mp4,Katie,,None,0
Katie.mp4,Katie,,,
Kayla.mp4,Kayla,dannel,"['d', 'a', 'n', 'n', 'e', 'l']",0
Kayla.mp4,Kayla,,,
Kelsey.mp4,Kelsey,annie,"['a', 'n', 'n', 'i', 'e']",0
Kelsey.mp4,Kelsey,,,
Kevin.mp4,Kevin,,None,0
Kevin.mp4,Kevin,,,
Kyle.mp4,Kyle,,None,0
Kyle.mp4,Kyle,,,
Lauren.mp4,Lauren,nicle,"['n', 'i', 'c', 'l', 'e']",0
Lauren.mp4,Lauren,,,
Mark.mp4,Mark,ba,"['b', 'a']",0
Mark.mp4,Mark,,,
Matthew.mp4,Matthew,,None,0
Matthew.mp4,Matthew,,,
Megan.mp4,Megan,mogan,"['m', 'o', 'g', 'a', 'n']",0
Megan.mp4,Megan,,,
Michael.mp4,Michael,macell,"['m', 'a', 'c', 'e', 'l', 'l']",0
Michael.mp4,Michael,,,
Michelle.mp4,Michelle,,None,0
Michelle.mp4,Michelle,,,
Natalie.mp4,Natalie,jessy,"['j', 'e', 's', 's', 'y']",0
Natalie.mp4,Natalie,,,
Nathan.mp4,Nathan,nathen,"['n', 'a', 't', 'h', 'e', 'n']",1
Nathan.mp4,Nathan,,,
Nicole.mp4,Nicole,robica,"['r', 'o', 'b', 'i', 'c', 'a', 'space']",0
Nicole.mp4,Nicole,,,
Noah.mp4,Noah,,None,0
Noah.mp4,Noah,,,
Olivia.mp4,Olivia,,None,0
Olivia.mp4,Olivia,,,
Rachel.mp4,Rachel,,None,0
Rachel.mp4,Rachel,,,
Rebecca.mp4,Rebecca,,None,0
Rebecca.mp4,Rebecca,,,
Sarah.mp4,Sarah,,None,0
Sarah.mp4,Sarah,,,
Shelby.mp4,Shelby,,None,0
Shelby.mp4,Shelby,,,
Steven.mp4,Steven,,None,0
Steven.mp4,Steven,,,
Taylor.mp4,Taylor,taylor,"['t', 'y', 'l', 'backspace', 'backspace', 'a', 'y', 'l', 'o', 'r']",1
Taylor.mp4,Taylor,,,
Thomas.mp4,Thomas,,None,0
Thomas.mp4,Thomas,,,
Timothy.mp4,Timothy,,None,0
Timothy.mp4,Timothy,,,
Trevor.mp4,Trevor,eric,"['e', 'r', 'i', 'c']",0
Trevor.mp4,Trevor,,,
Tyler.mp4,Tyler,justin,"['j', 'u', 's', 't', 'i', 'n']",0
Tyler.mp4,Tyler,,,