Video,Name,inputText,key_resp_3.keys,recallRating_F
Aaron.mp4,Aaron,steven,"['s', 't', 'e', 'v', 'e', 'n']",0
Aaron.mp4,Aaron,,,
Adam.mp4,Adam,,None,0
Adam.mp4,Adam,,,
Alyssa.mp4,Alyssa,emmaly,"['e', 'm', 'm', 'a', 'l', 'i', 'backspace', 'y']",0
Alyssa.mp4,Alyssa,,,
Amanda.mp4,Amanda,,None,0
Amanda.mp4,Amanda,,,
Andrew.mp4,Andrew,andrew,"['a', 'n', 'd', 'r', 'e', 'w']",1
Andrew.mp4,Andrew,,,
Anna.mp4,Anna,t,['t'],0
Anna.mp4,Anna,,,
Ashley.mp4,Ashley,,None,0
Ashley.mp4,Ashley,,,
Bradley.mp4,Bradley,eric,"['e', 'r', 'i', 'c']",0
Bradley.mp4,Bradley,,,
Brandon.mp4,Brandon,micheal,"['m', 'i', 'c', 'h', 'e', 'a', 'l']",0
Brandon.mp4,Brandon,,,
Brian.mp4,Brian,brain,"['b', 'r', 'a', 'i', 'n']",1
Brian.mp4,Brian,,,
Brianna.mp4,Brianna,brari,"['a', 'n', 'n', 'backspace', 'backspace', 'backspace', 'backspace', 'backspace', 'b', 'r', 'a', 'r', 'i']",0
Brianna.mp4,Brianna,,,
Brittany.mp4,Brittany,,None,0
Brittany.mp4,Brittany,,,
Caleb.mp4,Caleb,,None,0
Caleb.mp4,Caleb,,,
Cody.mp4,Cody,cody,"['c', 'o', 'd', 'y']",1
Cody.mp4,Cody,,,
Courtney.mp4,Courtney,lora,"['l', 'o', 'r', 'a']",0
Courtney.mp4,Courtney,,,
Daniel.mp4,Daniel,noah,"['n', 'o', 'a', 'h']",0
Daniel.mp4,Daniel,,,
Danielle.mp4,Danielle,,None,0
Danielle.mp4,Danielle,,,
David.mp4,David,travor,"['t', 'r', 'a', 'v', 'o', 'r']",0
David.mp4,David,,,
Dylan.mp4,Dylan,m,['m'],0
Dylan.mp4,Dylan,,,
Emily.mp4,Emily,anna,"['k', 'backspace', 'k', 'a', 'l', 'backspace', 'backspace', 'backspace', 'a', 'n', 'e', 'n', 'backspace', 'backspace', 'n', 'a']",0
Emily.mp4,Emily,,,
Eric.mp4,Eric,,None,0
Eric.mp4,Eric,,,
Ethan.mp4,Ethan,,None,0
Ethan.mp4,Ethan,,,
Grace.mp4,Grace,grace,"['g', 'r', 'a', 'c', 'e']",1
Grace.mp4,Grace,,,
Haley.mp4,Haley,megan,"['m', 'e', 'g', 'a', 'n']",0
Haley.mp4,Haley,,,
Hannah.mp4,Hannah,,None,0
Hannah.mp4,Hannah,,,
Heather.mp4,Heather,hali,"['h', 'a', 'l', 'i']",0
Heather.mp4,Heather,,,
Jacob.mp4,Jacob,mathen,"['m', 'a', 't', 'h', 'e', 'n']",0
Jacob.mp4,Jacob,,,
Jason.mp4,Jason,d,"['d', 'a', 'l', 'o', 'backspace', 'backspace', 'l', 'o', 'n', 'backspace', 'backspace', 'backspace', 'backspace']",0
Jason.mp4,Jason,,,
Jenna.mp4,Jenna,,None,0
Jenna.mp4,Jenna,,,
Jeremy.mp4,Jeremy,justin,"['j', 'u', 's', 't', 'i', 'n']",0
Jeremy.mp4,Jeremy,,,
Jessica.mp4,Jessica,jassica,"['j', 'a', 's', 's', 'i', 'c', 'a']",1
Jessica.mp4,Jessica,,,
Josh.mp4,Josh,,None,0
Josh.mp4,Josh,,,
Julia.mp4,Julia,,None,0
Julia.mp4,Julia,,,
Justin.mp4,Justin,damon,"['m', 'a', 'n', 'backspace', 'backspace', 'backspace', 'backspace', 'd', 'a', 'm', 'o', 'n']",0
Justin.mp4,Justin,,,
Katie.mp4,Katie,kaley,"['k', 'a', 'l', 'e', 'y']",0
Katie.mp4,Katie,,,
Kayla.mp4,Kayla,lora,"['l', 'o', 'r', 'a']",0
Kayla.mp4,Kayla,,,
Kelsey.mp4,Kelsey,,None,0
Kelsey.mp4,Kelsey,,,
Kevin.mp4,Kevin,kevin,"['k', 'e', 'v', 'i', 'n']",1
Kevin.mp4,Kevin,,,
Kyle.mp4,Kyle,,None,0
Kyle.mp4,Kyle,,,
Lauren.mp4,Lauren,lora,"['l', 'o', 'e', 'backspace', 'r', 'a']",0
Lauren.mp4,Lauren,,,
Mark.mp4,Mark,mark,"['m', 'a', 'r', 'k']",1
Mark.mp4,Mark,,,
Matthew.mp4,Matthew,eric,"['e', 'i', 'backspace', 'r', 'i', 'c']",0
Matthew.mp4,Matthew,,,
Megan.mp4,Megan,megan,"['m', 'e', 'g', 'a', 'n']",1
Megan.mp4,Megan,,,
Michael.mp4,Michael,b,['b'],0
Michael.mp4,Michael,,,
Michelle.mp4,Michelle,,"['l', 'a', 's', 'a', 'backspace', 'backspace', 'backspace', 'backspace']",0
Michelle.mp4,Michelle,,,
Natalie.mp4,Natalie,,None,0
Natalie.mp4,Natalie,,,
Nathan.mp4,Nathan,tomason,"['t', 'o', 'm', 'a', 's', 'i', 'n', 'equal', 'backspace', 'equal', 'backspace', 'o', 'n']",0
Nathan.mp4,Nathan,,,
Nicole.mp4,Nicole,,None,0
Nicole.mp4,Nicole,,,
Noah.mp4,Noah,jacob,"['j', 'a', 'c', 'o', 'b']",0
Noah.mp4,Noah,,,
Olivia.mp4,Olivia,luvia,"['l', 'u', 'v', 'i', 'a']",0
Olivia.mp4,Olivia,,,
Rachel.mp4,Rachel,,None,0
Rachel.mp4,Rachel,,,
Rebecca.mp4,Rebecca,rebacca,"['r', 'e', 'b', 'a', 'c', 'c', 'a']",1
Rebecca.mp4,Rebecca,,,
Sarah.mp4,Sarah,korney,"['k', 'o', 'r', 'n', 'e', 'y']",0
Sarah.mp4,Sarah,,,
Shelby.mp4,Shelby,loa,"['l', 'o', 'a']",0
Shelby.mp4,Shelby,,,
Steven.mp4,Steven,,None,0
Steven.mp4,Steven,,,
Taylor.mp4,Taylor,kaletalo,"['k', 'a', 'l', 'e', 'y', 'backspace', 't', 'a', 'l', 'o']",0
Taylor.mp4,Taylor,,,
Thomas.mp4,Thomas,jacob,"['j', 'a', 'c', 'o', 'b']",0
Thomas.mp4,Thomas,,,
Timothy.mp4,Timothy,,None,0
Timothy.mp4,Timothy,,,
Trevor.mp4,Trevor,justin,"['j', 'u', 's', 't', 'i', 'n']",0
Trevor.mp4,Trevor,,,
Tyler.mp4,Tyler,talor,"['t', 'a', 'y', 'l', 'e', 'backspace', 'o', 'backspace', 'backspace', 'backspace', 'l', 'o', 'r']",0
Tyler.mp4,Tyler,,,
,,,,