Video,Name,inputText,key_resp_3.keys,recallRating_F
Aaron.mp4,Aaron,,None,0
Aaron.mp4,Aaron,,,
Adam.mp4,Adam,Blake,"['lshift', 'b', 'l', 'a', 'k', 'e']",0
Adam.mp4,Adam,,,
Alyssa.mp4,Alyssa,,None,0
Alyssa.mp4,Alyssa,,,
Amanda.mp4,Amanda,Kelsey,"['lshift', 'k', 'e', 'l', 's', 'e', 'y']",0
Amanda.mp4,Amanda,,,
Andrew.mp4,Andrew,andrew,"['a', 'n', 'd', 'r', 'e', 'w']",1
Andrew.mp4,Andrew,,,
Anna.mp4,Anna,anna,"['a', 'n', 'n', 'a']",1
Anna.mp4,Anna,,,
Ashley.mp4,Ashley,michel,"['m', 'i', 'c', 'h', 'e', 'l']",0
Ashley.mp4,Ashley,,,
Bradley.mp4,Bradley,Michael,"['lshift', 'm', 'i', 'c', 'h', 'a', 'e', 'l']",0
Bradley.mp4,Bradley,,,
Brandon.mp4,Brandon,Brandon,"['lshift', 'b', 'r', 'a', 'n', 'd', 'o', 'n']",1
Brandon.mp4,Brandon,,,
Brian.mp4,Brian,Kyle,"['lshift', 'k', 'y', 'l', 'e', 'backspace', 'e']",0
Brian.mp4,Brian,,,
Brianna.mp4,Brianna,,None,0
Brianna.mp4,Brianna,,,
Brittany.mp4,Brittany,Brittney,"['lshift', 'b', 'r', 'i', 't', 't', 'n', 'e', 'y']",1
Brittany.mp4,Brittany,,,
Caleb.mp4,Caleb,caleb,"['c', 'a', 'l', 'e', 'b']",1
Caleb.mp4,Caleb,,,
Cody.mp4,Cody,cody,"['c', 'o', 'd', 'y', 'backspace', 'backspace', 'backspace', 'backspace', 'c', 'o', 'd', 'y']",1
Cody.mp4,Cody,,,
Courtney.mp4,Courtney,courtney,"['c', 'o', 'u', 'r', 't', 'n', 'e', 'y']",1
Courtney.mp4,Courtney,,,
Daniel.mp4,Daniel,,None,0
Daniel.mp4,Daniel,,,
Danielle.mp4,Danielle,,None,0
Danielle.mp4,Danielle,,,
David.mp4,David,Blake,"['lshift', 'b', 'l', 'a', 'k', 'e']",0
David.mp4,David,,,
Dylan.mp4,Dylan,,None,0
Dylan.mp4,Dylan,,,
Emily.mp4,Emily,,None,0
Emily.mp4,Emily,,,
Eric.mp4,Eric,eric,"['e', 'r', 'i', 'c']",1
Eric.mp4,Eric,,,
Ethan.mp4,Ethan,ethan,"['e', 't', 'h', 'a', 'n', 'backspace', 'backspace', 'backspace', 'backspace', 'backspace', 'e', 't', 'h', 'a', 'n']",1
Ethan.mp4,Ethan,,,
Grace.mp4,Grace,grace,"['g', 'r', 'a', 'c', 'e']",1
Grace.mp4,Grace,,,
Haley.mp4,Haley,,None,0
Haley.mp4,Haley,,,
Hannah.mp4,Hannah,Hannah,"['lshift', 'h', 'a', 'n', 'n', 'a', 'h']",1
Hannah.mp4,Hannah,,,
Heather.mp4,Heather,Heather,"['lshift', 'h', 'e', 'a', 't', 'h', 'e', 'r']",1
Heather.mp4,Heather,,,
Jacob.mp4,Jacob,Jacob,"['lshift', 'j', 'a', 'c', 'o', 'b']",1
Jacob.mp4,Jacob,,,
Jason.mp4,Jason,Jason,"['lshift', 'j', 'a', 's', 'o', 'n']",1
Jason.mp4,Jason,,,
Jenna.mp4,Jenna,,None,0
Jenna.mp4,Jenna,,,
Jeremy.mp4,Jeremy,Jeremy,"['lshift', 'j', 'e', 'r', 'e', 'm', 'y']",1
Jeremy.mp4,Jeremy,,,
Jessica.mp4,Jessica,,None,0
Jessica.mp4,Jessica,,,
Josh.mp4,Josh,Josh,"['j', 'o', 's', 'backspace', 'backspace', 'backspace', 'lshift', 'j', 'o', 's', 'h']",1
Josh.mp4,Josh,,,
Julia.mp4,Julia,anna,"['a', 'backspace', 'a', 'n', 'n', 'a']",0
Julia.mp4,Julia,,,
Justin.mp4,Justin,Ja,"['lshift', 'j', 'a', 'c']",0
Justin.mp4,Justin,,,
Katie.mp4,Katie,Katie,"['lshift', 'k', 'a', 't', 'i', 'e']",1
Katie.mp4,Katie,,,
Kayla.mp4,Kayla,Kayla,"['lshift', 'k', 'a', 'y', 'l', 'a']",1
Kayla.mp4,Kayla,,,
Kelsey.mp4,Kelsey,Kelsey,"['lshift', 'k', 'e', 'l', 's', 'e', 'y']",1
Kelsey.mp4,Kelsey,,,
Kevin.mp4,Kevin,kevin,"['k', 'e', 'v', 'i', 'n']",1
Kevin.mp4,Kevin,,,
Kyle.mp4,Kyle,,None,0
Kyle.mp4,Kyle,,,
Lauren.mp4,Lauren,Lauren,"['lshift', 'l', 'a', 'u', 'r', 'e', 'n']",1
Lauren.mp4,Lauren,,,
Mark.mp4,Mark,Mark,"['m', 'a', 'r', 'a', 'k', 'backspace', 'equal', 'backspace', 'backspace', 'backspace', 'backspace', 'lshift', 'm', 'a', 'r', 'k']",1
Mark.mp4,Mark,,,
Matthew.mp4,Matthew,eric,"['e', 'backspace', 'e', 'r', 'backspace', 'backspace', 'e', 'r', 'i', 'c']",0
Matthew.mp4,Matthew,,,
Megan.mp4,Megan,rachel,"['r', 'a', 'c', 'h', 'e', 'l']",0
Megan.mp4,Megan,,,
Michael.mp4,Michael,Michael,"['lshift', 'm', 'i', 'c', 'h', 'a', 'e', 'l']",1
Michael.mp4,Michael,,,
Michelle.mp4,Michelle,Nicole,"['lshift', 'n', 'i', 'c', 'o', 'l', 'e']",0
Michelle.mp4,Michelle,,,
Natalie.mp4,Natalie,a,['a'],0
Natalie.mp4,Natalie,,,
Nathan.mp4,Nathan,na,"['a', 'a', 'r', 'o', 'n', 'backspace', 'backspace', 'backspace', 'backspace', 'backspace', 'backspace', 'n', 'a']",0
Nathan.mp4,Nathan,,,
Nicole.mp4,Nicole,Nicole,"['lshift', 'n', 'i', 'c', 'o', 'l', 'e']",1
Nicole.mp4,Nicole,,,
Noah.mp4,Noah,Noah,"['lshift', 'lshift', 'n', 'o', 'a', 'h']",1
Noah.mp4,Noah,,,
Olivia.mp4,Olivia,Olivia,"['lshift', 'o', 'l', 'i', 'v', 'i', 'a']",1
Olivia.mp4,Olivia,,,
Rachel.mp4,Rachel,,None,0
Rachel.mp4,Rachel,,,
Rebecca.mp4,Rebecca,rachel,"['r', 'a', 'c', 'h', 'e', 'l']",0
Rebecca.mp4,Rebecca,,,
Sarah.mp4,Sarah,sarah,"['s', 'a', 'r', 'a', 'h']",1
Sarah.mp4,Sarah,,,
Shelby.mp4,Shelby,shelby,"['s', 'h', 'e', 'l', 'b', 'y']",1
Shelby.mp4,Shelby,,,
Steven.mp4,Steven,justin,"['j', 'u', 's', 'i', 't', 'backspace', 'backspace', 'backspace', 's', 't', 'i', 'n']",0
Steven.mp4,Steven,,,
Taylor.mp4,Taylor,taylor,"['t', 'a', 'y', 'l', 'o', 'r']",1
Taylor.mp4,Taylor,,,
Thomas.mp4,Thomas,thomas,"['t', 'h', 'o', 'm', 'a', 's']",1
Thomas.mp4,Thomas,,,
Timothy.mp4,Timothy,ethan,"['e', 'backspace', 'e', 't', 'h', 'a', 'n']",0
Timothy.mp4,Timothy,,,
Trevor.mp4,Trevor,aaron,"['a', 'a', 'r', 'o', 'n']",0
Trevor.mp4,Trevor,,,
Tyler.mp4,Tyler,,None,0
Tyler.mp4,Tyler,,,