Video,Name,inputText,key_resp_3.keys,recallRating_F
Aaron.mp4,Aaron,kodcod,"['k', 'o', 'd', 'y', 'backspace', 'c', 'o', 'd', 'y', 'backspace']",0
Aaron.mp4,Aaron,,,
Adam.mp4,Adam,,None,0
Adam.mp4,Adam,,,
Alyssa.mp4,Alyssa,lisa,"['l', 'i', 's', 'a']",0
Alyssa.mp4,Alyssa,,,
Amanda.mp4,Amanda,amanda,"['a', 'm', 'a', 'n', 'd', 'a']",1
Amanda.mp4,Amanda,,,
Andrew.mp4,Andrew,bryan,"['b', 'r', 'y', 'a', 'n']",0
Andrew.mp4,Andrew,,,
Anna.mp4,Anna,,None,0
Anna.mp4,Anna,,,
Ashley.mp4,Ashley,natalie,"['n', 'a', 't', 'a', 'l', 'i', 'e']",0
Ashley.mp4,Ashley,,,
Bradley.mp4,Bradley,,None,0
Bradley.mp4,Bradley,,,
Brandon.mp4,Brandon,,None,0
Brandon.mp4,Brandon,,,
Brian.mp4,Brian,,None,0
Brian.mp4,Brian,,,
Brianna.mp4,Brianna,,None,0
Brianna.mp4,Brianna,,,
Brittany.mp4,Brittany,britney,"['b', 'r', 'i', 't', 'n', 'e', 'y']",1
Brittany.mp4,Brittany,,,
Caleb.mp4,Caleb,,None,0
Caleb.mp4,Caleb,,,
Cody.mp4,Cody,justin,"['j', 'u', 's', 't', 'i', 'n']",0
Cody.mp4,Cody,,,
Courtney.mp4,Courtney,courtney,"['c', 'o', 'u', 'r', 't', 'n', 'e', 'y']",1
Courtney.mp4,Courtney,,,
Daniel.mp4,Daniel,daniel,"['d', 'a', 'n', 'i', 'e', 'l']",1
Daniel.mp4,Daniel,,,
Danielle.mp4,Danielle,natalie,"['n', 'a', 't', 'a', 'l', 'i', 'e']",0
Danielle.mp4,Danielle,,,
David.mp4,David,aaron,"['a', 'a', 'r', 'o', 'n']",0
David.mp4,David,,,
Dylan.mp4,Dylan,,None,0
Dylan.mp4,Dylan,,,
Emily.mp4,Emily,lisa,"['l', 'y', 's', 's', 'a', 'backspace', 'backspace', 'backspace', 'backspace', 'i', 's', 'a']",0
Emily.mp4,Emily,,,
Eric.mp4,Eric,jason,"['j', 'a', 's', 'o', 'n']",0
Eric.mp4,Eric,,,
Ethan.mp4,Ethan,,None,0
Ethan.mp4,Ethan,,,
Grace.mp4,Grace,,None,0
Grace.mp4,Grace,,,
Haley.mp4,Haley,haley,"['h', 'a', 'l', 'e', 'y']",1
Haley.mp4,Haley,,,
Hannah.mp4,Hannah,jessica,"['j', 'e', 's', 's', 'i', 'c', 'a']",0
Hannah.mp4,Hannah,,,
Heather.mp4,Heather,danielle,"['d', 'a', 'n', 'i', 'e', 'l', 'l', 'e']",0
Heather.mp4,Heather,,,
Jacob.mp4,Jacob,jacob,"['j', 'a', 'c', 'o', 'b']",1
Jacob.mp4,Jacob,,,
Jason.mp4,Jason,,None,0
Jason.mp4,Jason,,,
Jenna.mp4,Jenna,amanda,"['a', 'm', 'a', 'n', 'd', 'a']",0
Jenna.mp4,Jenna,,,
Jeremy.mp4,Jeremy,,"['d', 'backspace']",0
Jeremy.mp4,Jeremy,,,
Jessica.mp4,Jessica,,None,0
Jessica.mp4,Jessica,,,
Josh.mp4,Josh,josh,"['j', 'o', 's', 'h']",1
Josh.mp4,Josh,,,
Julia.mp4,Julia,,None,0
Julia.mp4,Julia,,,
Justin.mp4,Justin,steven,"['s', 't', 'e', 'v', 'e', 'n']",0
Justin.mp4,Justin,,,
Katie.mp4,Katie,,None,0
Katie.mp4,Katie,,,
Kayla.mp4,Kayla,,None,0
Kayla.mp4,Kayla,,,
Kelsey.mp4,Kelsey,jessica,"['j', 'e', 's', 's', 'i', 'c', 'a']",0
Kelsey.mp4,Kelsey,,,
Kevin.mp4,Kevin,,None,0
Kevin.mp4,Kevin,,,
Kyle.mp4,Kyle,,None,0
Kyle.mp4,Kyle,,,
Lauren.mp4,Lauren,courtney,"['c', 'o', 'u', 'r', 't', 'n', 'e', 'y']",0
Lauren.mp4,Lauren,,,
Mark.mp4,Mark,,None,0
Mark.mp4,Mark,,,
Matthew.mp4,Matthew,,None,0
Matthew.mp4,Matthew,,,
Megan.mp4,Megan,,None,0
Megan.mp4,Megan,,,
Michael.mp4,Michael,,None,0
Michael.mp4,Michael,,,
Michelle.mp4,Michelle,michelle,"['m', 'i', 'c', 'h', 'e', 'l', 'l', 'e']",1
Michelle.mp4,Michelle,,,
Natalie.mp4,Natalie,,None,0
Natalie.mp4,Natalie,,,
Nathan.mp4,Nathan,nathan,"['n', 'a', 't', 'h', 'a', 'n']",1
Nathan.mp4,Nathan,,,
Nicole.mp4,Nicole,kara,"['k', 'a', 'r', 'a']",0
Nicole.mp4,Nicole,,,
Noah.mp4,Noah,,None,0
Noah.mp4,Noah,,,
Olivia.mp4,Olivia,,None,0
Olivia.mp4,Olivia,,,
Rachel.mp4,Rachel,,None,0
Rachel.mp4,Rachel,,,
Rebecca.mp4,Rebecca,rebecca,"['r', 'e', 'b', 'e', 'c', 'c', 'a']",1
Rebecca.mp4,Rebecca,,,
Sarah.mp4,Sarah,,None,0
Sarah.mp4,Sarah,,,
Shelby.mp4,Shelby,,None,0
Shelby.mp4,Shelby,,,
Steven.mp4,Steven,,None,0
Steven.mp4,Steven,,,
Taylor.mp4,Taylor,,None,0
Taylor.mp4,Taylor,,,
Thomas.mp4,Thomas,,None,0
Thomas.mp4,Thomas,,,
Timothy.mp4,Timothy,,None,0
Timothy.mp4,Timothy,,,
Trevor.mp4,Trevor,justin,"['j', 'u', 's', 't', 'i', 'n']",0
Trevor.mp4,Trevor,,,
Tyler.mp4,Tyler,kody,"['k', 'o', 'd', 'y']",0
Tyler.mp4,Tyler,,,