Video,Name,inputText,key_resp_3.keys,recallRating_F
Aaron.mp4,Aaron,Aaron,"['lshift', 's', 'backspace', 'lshift', 'a', 'a', 'r', 'o', 'y', 'backspace', 'n', 'space']",1
Aaron.mp4,Aaron,,,
Adam.mp4,Adam,,None,0
Adam.mp4,Adam,,,
Alyssa.mp4,Alyssa,Alisa,"['lshift', 'a', 'l', 'l', 's', 'y', 'backspace', 'i', 'backspace', 'backspace', 'backspace', 'i', 's', 'a']",1
Alyssa.mp4,Alyssa,,,
Amanda.mp4,Amanda,,['lshift'],0
Amanda.mp4,Amanda,,,
Andrew.mp4,Andrew,Aric,"['lshift', 'a', 'r', 'i', 'c', 'space']",0
Andrew.mp4,Andrew,,,
Anna.mp4,Anna,Anna,"['lshift', 'a', 'n', 'n', 'a', 'space']",1
Anna.mp4,Anna,,,
Ashley.mp4,Ashley,Rachel,"['lshift', 'r', 'e', 'backspace', 'a', 'c', 'h', 'e', 'l', 'space']",0
Ashley.mp4,Ashley,,,
Bradley.mp4,Bradley,4,"['space', '4']",0
Bradley.mp4,Bradley,,,
Brandon.mp4,Brandon,Jason,"['lshift', 'j', 'a', 's', 'o', 'n', 'space']",0
Brandon.mp4,Brandon,,,
Brian.mp4,Brian,Brand,"['lshift', 'b', 'r', 'a', 'n', 'd', 'space']",0
Brian.mp4,Brian,,,
Brianna.mp4,Brianna,Misky,"['lshift', 'm', 'i', 's', 'k', 'y', 'space', 'space']",0
Brianna.mp4,Brianna,,,
Brittany.mp4,Brittany,Allensh,"['lshift', 'a', 'lshift', 'l', 'l', 'backspace', 'backspace', 'l', 'l', 'e', 'n', 's', 'h']",0
Brittany.mp4,Brittany,,,
Caleb.mp4,Caleb,Jason,"['lshift', 'j', 'a', 's', 'o', 'n', 'space']",0
Caleb.mp4,Caleb,,,
Cody.mp4,Cody,Justin,"['lshift', 'j', 'u', 's', 't', 'i', 'n', 'space']",0
Cody.mp4,Cody,,,
Courtney.mp4,Courtney,Vincy,"['lshift', 'v', 'i', 'n', 'c', 'y', 'space']",0
Courtney.mp4,Courtney,,,
Daniel.mp4,Daniel,Tommars,"['lshift', 't', 'o', 'm', 'm', 'a', 'r', 's', 'space']",0
Daniel.mp4,Daniel,,,
Danielle.mp4,Danielle,Royv,"['lshift', 'r', 'o', 'y', 'v']",0
Danielle.mp4,Danielle,,,
David.mp4,David,Kevin,"['lshift', 'k', 'e', 'v', 'i', 'n', 'space']",0
David.mp4,David,,,
Dylan.mp4,Dylan,Eric,"['lshift', 'e', 'r', 'i', 'c', 'space']",0
Dylan.mp4,Dylan,,,
Emily.mp4,Emily,Mency,"['lshift', 'm', 'e', 'n', 'c', 'y']",0
Emily.mp4,Emily,,,
Eric.mp4,Eric,Eric,"['lshift', 'e', 'r', 'i', 'c', 'return']",1
Eric.mp4,Eric,,,
Ethan.mp4,Ethan,,None,0
Ethan.mp4,Ethan,,,
Grace.mp4,Grace,Emily,"['lshift', 'e', 'm', 'i', 'l', 'y']",0
Grace.mp4,Grace,,,
Haley.mp4,Haley,Nancy,"['lshift', 'n', 'a', 'n', 'c', 'y', 'space', 'space']",0
Haley.mp4,Haley,,,
Hannah.mp4,Hannah,,['space'],0
Hannah.mp4,Hannah,,,
Heather.mp4,Heather,Anty,"['lshift', 'a', 'n', 't', 'y', 'space']",0
Heather.mp4,Heather,,,
Jacob.mp4,Jacob,Mark,"['lshift', 'm', 'a', 'r', 'k', 'space']",0
Jacob.mp4,Jacob,,,
Jason.mp4,Jason,Tommy,"['lshift', 't', 'o', 'm', 'm', 'y', 'space']",0
Jason.mp4,Jason,,,
Jenna.mp4,Jenna,julia,"['j', 'j', 'u', 'l', 'backspace', 'backspace', 'backspace', 'u', 'l', 'i', 'a', 'space']",0
Jenna.mp4,Jenna,,,
Jeremy.mp4,Jeremy,Frank,"['lshift', 'f', 'r', 'a', 'n', 'k', 'space']",0
Jeremy.mp4,Jeremy,,,
Jessica.mp4,Jessica,Juliar,"['lshift', 'j', 'u', 'l', 'i', 'a', 'r', 'space', 'space']",0
Jessica.mp4,Jessica,,,
Josh.mp4,Josh,Raush,"['lshift', 'lshift', 'r', 'a', 'u', 's', 'h', 'space']",0
Josh.mp4,Josh,,,
Julia.mp4,Julia,Julia,"['lshift', 'j', 'u', 'l', 'i', 'a']",1
Julia.mp4,Julia,,,
Justin.mp4,Justin,Justin,"['lshift', 'j', 'u', 's', 't', 'i', 'n', 'space']",1
Justin.mp4,Justin,,,
Katie.mp4,Katie,Emily,"['lshift', 'e', 'm', 'i', 'l', 'y', 'space', 'space']",0
Katie.mp4,Katie,,,
Kayla.mp4,Kayla,Rebeccar,"['lshift', 'r', 'e', 'b', 'e', 'c', 'c', 'a', 'r', 'space']",0
Kayla.mp4,Kayla,,,
Kelsey.mp4,Kelsey,Amada,"['lshift', 'a', 'm', 'a', 'd', 'a', 'space']",0
Kelsey.mp4,Kelsey,,,
Kevin.mp4,Kevin,Kevin,"['lshift', 'k', 'e', 'v', 'i', 'n', 'space']",1
Kevin.mp4,Kevin,,,
Kyle.mp4,Kyle,Antony,"['lshift', 'a', 'n', 't', 'o', 'n', 'y', 'space']",0
Kyle.mp4,Kyle,,,
Lauren.mp4,Lauren,,['space'],0
Lauren.mp4,Lauren,,,
Mark.mp4,Mark,Mark,"['lshift', 'm', 'a', 'r', 'k', 'space', 'space']",1
Mark.mp4,Mark,,,
Matthew.mp4,Matthew,Antony,"['lshift', 'a', 'n', 't', 'o', 'n', 'y', 'return']",0
Matthew.mp4,Matthew,,,
Megan.mp4,Megan,Alishe,"['lshift', 'a', 'l', 'i', 's', 'h', 'e', 'space', 'space']",0
Megan.mp4,Megan,,,
Michael.mp4,Michael,Thomas,"['lshift', 't', 'h', 'o', 'm', 'a', 's']",0
Michael.mp4,Michael,,,
Michelle.mp4,Michelle,Mechich,"['lshift', 'm', 'e', 'c', 'h', 'i', 'c', 'h']",0
Michelle.mp4,Michelle,,,
Natalie.mp4,Natalie,Alice,"['lshift', 'a', 'l', 'i', 'c', 'e', 'space']",0
Natalie.mp4,Natalie,,,
Nathan.mp4,Nathan,Tony,"['lshift', 'lshift', 't', 'o', 'n', 'y', 'space']",0
Nathan.mp4,Nathan,,,
Nicole.mp4,Nicole,Nicole,"['lshift', 'n', 'i', 'c', 'o', 'l', 'e']",1
Nicole.mp4,Nicole,,,
Noah.mp4,Noah,Tommy,"['lshift', 't', 'o', 'm', 'm', 'y', 'space']",0
Noah.mp4,Noah,,,
Olivia.mp4,Olivia,Nancy,"['lshift', 'n', 'a', 'n', 'c', 'y', 'space']",0
Olivia.mp4,Olivia,,,
Rachel.mp4,Rachel,Rechal,"['lshift', 'r', 'e', 'c', 'h', 'a', 'l', 'space']",1
Rachel.mp4,Rachel,,,
Rebecca.mp4,Rebecca,Rebeccar,"['lshift', 'r', 'e', 'b', 'e', 'c', 'x', 'backspace', 'c', 'a', 'r']",1
Rebecca.mp4,Rebecca,,,
Sarah.mp4,Sarah,Sarah,"['lshift', 's', 'a', 'r', 'a', 'h', 'space']",1
Sarah.mp4,Sarah,,,
Shelby.mp4,Shelby,Shallwe,"['s', 'backspace', 'lshift', 's', 'h', 'a', 'l', 'l', 'w', 'e']",0
Shelby.mp4,Shelby,,,
Steven.mp4,Steven,Steven,"['lshift', 's', 't', 'e', 'v', 'e', 'n', 'space']",1
Steven.mp4,Steven,,,
Taylor.mp4,Taylor,Nancy,"['lshift', 'n', 'a', 'n', 'c', 'y', 'space']",0
Taylor.mp4,Taylor,,,
Thomas.mp4,Thomas,,['space'],0
Thomas.mp4,Thomas,,,
Timothy.mp4,Timothy,T,"['t', 'backspace', 'lshift', 't', 't', 'backspace']",0
Timothy.mp4,Timothy,,,
Trevor.mp4,Trevor,Justin,"['lshift', 'lshift', 'lshift', 'j', 'u', 's', 't', 'i', 'n']",0
Trevor.mp4,Trevor,,,
Tyler.mp4,Tyler,Talor,"['lshift', 'lshift', 't', 'a', 'l', 'o', 'r', 'space']",0
Tyler.mp4,Tyler,,,