Video,Name,inputText,key_resp_3.keys,recallRating_F
Aaron.mp4,Aaron,,None,0
Aaron.mp4,Aaron,,,
Adam.mp4,Adam,Edwin,"['lshift', 'e', 'd', 'w', 'i', 'n']",0
Adam.mp4,Adam,,,
Alyssa.mp4,Alyssa,,None,0
Alyssa.mp4,Alyssa,,,
Amanda.mp4,Amanda,Sarah,"['lshift', 's', 'a', 'r', 'a', 'h']",0
Amanda.mp4,Amanda,,,
Andrew.mp4,Andrew,Michael,"['lshift', 'm', 'i', 'h', 'backspace', 'c', 'h', 'a', 'e', 'l']",0
Andrew.mp4,Andrew,,,
Anna.mp4,Anna,Jennifer,"['lshift', 'j', 'e', 'n', 'n', 'i', 'f', 'e', 'r']",0
Anna.mp4,Anna,,,
Ashley.mp4,Ashley,Ashley,"['lshift', 'a', 's', 'h', 'l', 'e', 't', 'backspace', 'y']",1
Ashley.mp4,Ashley,,,
Bradley.mp4,Bradley,John,"['lshift', 'j', 'o', 'h', 'n']",0
Bradley.mp4,Bradley,,,
Brandon.mp4,Brandon,,['lshift'],0
Brandon.mp4,Brandon,,,
Brian.mp4,Brian,,None,0
Brian.mp4,Brian,,,
Brianna.mp4,Brianna,Emily,"['lshift', 'e', 'm', 'i', 'l', 'y']",0
Brianna.mp4,Brianna,,,
Brittany.mp4,Brittany,Bri,"['lshift', 'b', 'r', 'i']",0
Brittany.mp4,Brittany,,,
Caleb.mp4,Caleb,Dylan,"['lshift', 'd', 'y', 'l', 'a', 'n']",0
Caleb.mp4,Caleb,,,
Cody.mp4,Cody,Cody,"['lshift', 't', 'y', 'backspace', 'backspace', 'lshift', 'c', 'o', 'd', 'y']",1
Cody.mp4,Cody,,,
Courtney.mp4,Courtney,Laurn,"['lshift', 'l', 'a', 'u', 'r', 'backspace', 'r', 'n']",0
Courtney.mp4,Courtney,,,
Daniel.mp4,Daniel,Kevin,"['lshift', 'k', 'e', 'v', 'i', 'n']",0
Daniel.mp4,Daniel,,,
Danielle.mp4,Danielle,Ashley,"['lshift', 'a', 's', 'h', 'l', 'e', 'y']",0
Danielle.mp4,Danielle,,,
David.mp4,David,Cody,"['lshift', 'c', 'o', 'd', 'y']",0
David.mp4,David,,,
Dylan.mp4,Dylan,,None,0
Dylan.mp4,Dylan,,,
Emily.mp4,Emily,Emily,"['lshift', 'e', 'm', 'i', 'l', 'y']",1
Emily.mp4,Emily,,,
Eric.mp4,Eric,Brian,"['lshift', 'b', 'r', 'i', 'a', 'n']",0
Eric.mp4,Eric,,,
Ethan.mp4,Ethan,David,"['lshift', 'd', 'a', 'v', 'i', 'd']",0
Ethan.mp4,Ethan,,,
Grace.mp4,Grace,Grace,"['lshift', 'g', 'r', 'a', 'c', 'e']",1
Grace.mp4,Grace,,,
Haley.mp4,Haley,,['lshift'],0
Haley.mp4,Haley,,,
Hannah.mp4,Hannah,Jessica,"['lshift', 'j', 'e', 's', 's', 'i', 'c', 'a']",0
Hannah.mp4,Hannah,,,
Heather.mp4,Heather,Heather,"['lshift', 'h', 'e', 'a', 't', 'h', 'e', 'r']",1
Heather.mp4,Heather,,,
Jacob.mp4,Jacob,Mark,"['lshift', 'm', 'lshift', 'a', 'r', 'k', 'backspace', 'backspace', 'backspace', 'a', 'r', 'k']",0
Jacob.mp4,Jacob,,,
Jason.mp4,Jason,Brian,"['lshift', 'b', 'r', 'i', 'a', 'n']",0
Jason.mp4,Jason,,,
Jenna.mp4,Jenna,Leslie,"['lshift', 'l', 'e', 's', 'l', 'i', 'e']",0
Jenna.mp4,Jenna,,,
Jeremy.mp4,Jeremy,Trever,"['lshift', 't', 'r', 'e', 'v', 'e', 'r']",0
Jeremy.mp4,Jeremy,,,
Jessica.mp4,Jessica,Jessica,"['lshift', 'j', 'e', 's', 's', 'i', 'c', 'a']",1
Jessica.mp4,Jessica,,,
Josh.mp4,Josh,,None,0
Josh.mp4,Josh,,,
Julia.mp4,Julia,,None,0
Julia.mp4,Julia,,,
Justin.mp4,Justin,Michael,"['lshift', 'm', 'i', 'c', 'h', 'a', 'e', 'l']",0
Justin.mp4,Justin,,,
Katie.mp4,Katie,Briana,"['lshift', 'b', 'r', 'i', 'a', 'n', 'a']",0
Katie.mp4,Katie,,,
Kayla.mp4,Kayla,,None,0
Kayla.mp4,Kayla,,,
Kelsey.mp4,Kelsey,,None,0
Kelsey.mp4,Kelsey,,,
Kevin.mp4,Kevin,Jacob,"['lshift', 'j', 'a', 'c', 'o', 'b']",0
Kevin.mp4,Kevin,,,
Kyle.mp4,Kyle,,None,0
Kyle.mp4,Kyle,,,
Lauren.mp4,Lauren,Coutrney,"['lshift', 'c', 'o', 'u', 't', 'r', 'n', 'y', 'backspace', 'e', 'y']",0
Lauren.mp4,Lauren,,,
Mark.mp4,Mark,Mark,"['lshift', 'm', 'a', 'r', 'k']",1
Mark.mp4,Mark,,,
Matthew.mp4,Matthew,Mark,"['lshift', 'm', 'a', 'r', 'k', '1', 'backspace']",0
Matthew.mp4,Matthew,,,
Megan.mp4,Megan,,"['lshift', 'b', 'backspace']",0
Megan.mp4,Megan,,,
Michael.mp4,Michael,Tr,"['lshift', 't', 'r']",0
Michael.mp4,Michael,,,
Michelle.mp4,Michelle,Kimberly,"['lshift', 'k', 'i', 'm', 'b', 'e', 'r', 'l', 'y']",0
Michelle.mp4,Michelle,,,
Natalie.mp4,Natalie,,None,0
Natalie.mp4,Natalie,,,
Nathan.mp4,Nathan,Nathan,"['lshift', 'n', 'a', 't', 'h', 'backspace', 'backspace', 'i', 't', 'h', 'a', 'backspace', 'backspace', 'backspace', 'backspace', 't', 'h', 'a', 'n']",1
Nathan.mp4,Nathan,,,
Nicole.mp4,Nicole,Tonia,"['lshift', 't', 'o', 'n', 'i', 'a']",0
Nicole.mp4,Nicole,,,
Noah.mp4,Noah,Noah,"['lshift', 'n', 'a', 'o', 'h', 'backspace', 'backspace', 'backspace', 'o', 'a', 'h']",1
Noah.mp4,Noah,,,
Olivia.mp4,Olivia,,None,0
Olivia.mp4,Olivia,,,
Rachel.mp4,Rachel,Amanda,"['lshift', 'a', 'm', 'a', 'a', 'n', 'd', 'a', 'backspace', 'backspace', 'backspace', 'backspace', 'n', 'd', 'a']",0
Rachel.mp4,Rachel,,,
Rebecca.mp4,Rebecca,Sar,"['lshift', 's', 'a', 'r', 'a']",0
Rebecca.mp4,Rebecca,,,
Sarah.mp4,Sarah,Sarah,"['lshift', 's', 'a', 'r', 'a', 'h']",1
Sarah.mp4,Sarah,,,
Shelby.mp4,Shelby,Shelby,"['lshift', 's', 'h', 'e', 'l', 'b', 'y']",1
Shelby.mp4,Shelby,,,
Steven.mp4,Steven,,None,0
Steven.mp4,Steven,,,
Taylor.mp4,Taylor,Taylor,"['lshift', 'lshift', 't', 'a', 'y', 'l', 'o', 'r']",1
Taylor.mp4,Taylor,,,
Thomas.mp4,Thomas,Steven,"['lshift', 's', 't', 'e', 'v', 'e', 'n']",0
Thomas.mp4,Thomas,,,
Timothy.mp4,Timothy,Kyle,"['lshift', 'k', 'y', 'l', 'e']",0
Timothy.mp4,Timothy,,,
Trevor.mp4,Trevor,Justin,"['lshift', 'j', 'u', 's', 't', 'i', 'n']",0
Trevor.mp4,Trevor,,,
Tyler.mp4,Tyler,Tyler,"['lshift', 'lshift', 't', 'y', 'l', 'e', 'r']",1
Tyler.mp4,Tyler,,,