Video,Name,inputText,key_resp_3.keys,recallRating_F
Aaron.mp4,Aaron,erick,"['e', 'r', 'i', 's', 'k', 'backspace', 'backspace', 'c', 'k']",0
Aaron.mp4,Aaron,,,
Adam.mp4,Adam,david,"['d', 'a', 'v', 'i', 'd']",0
Adam.mp4,Adam,,,
Alyssa.mp4,Alyssa,alyssa,"['a', 'l', 'y', 's', 's', 'a']",1
Alyssa.mp4,Alyssa,,,
Amanda.mp4,Amanda,maddie,"['m', 'a', 'd', 'd', 'i', 'e']",0
Amanda.mp4,Amanda,,,
Andrew.mp4,Andrew,daniel,"['d', 'a', 'n', 'i', 'e', 'l']",0
Andrew.mp4,Andrew,,,
Anna.mp4,Anna,ema,"['e', 'm', 'a']",0
Anna.mp4,Anna,,,
Ashley.mp4,Ashley,ashel,"['a', 's', 'h', 'e', 'l']",1
Ashley.mp4,Ashley,,,
Bradley.mp4,Bradley,,['space'],0
Bradley.mp4,Bradley,,,
Brandon.mp4,Brandon,kevin,"['k', 'e', 'v', 'i', 'n']",0
Brandon.mp4,Brandon,,,
Brian.mp4,Brian,cody,"['c', 'o', 'd', 'y']",0
Brian.mp4,Brian,,,
Brianna.mp4,Brianna,heathe,"['h', 'e', 'a', 't', 'e', 'backspace', 'h', 'e']",0
Brianna.mp4,Brianna,,,
Brittany.mp4,Brittany,britney,"['b', 'r', 'i', 't', 'n', 'e', 'y']",1
Brittany.mp4,Brittany,,,
Caleb.mp4,Caleb,jason,"['j', 'a', 's', 'o', 'n']",0
Caleb.mp4,Caleb,,,
Cody.mp4,Cody,aaron,"['a', 'a', 'r', 'o', 'n']",0
Cody.mp4,Cody,,,
Courtney.mp4,Courtney,courtney,"['c', 'o', 'u', 'r', 't', 'n', 'e', 'y']",1
Courtney.mp4,Courtney,,,
Daniel.mp4,Daniel,erick,"['e', 'r', 'i', 'c', 'k']",0
Daniel.mp4,Daniel,,,
Danielle.mp4,Danielle,,None,0
Danielle.mp4,Danielle,,,
David.mp4,David,josh,"['j', 'o', 's', 'h']",0
David.mp4,David,,,
Dylan.mp4,Dylan,jake,"['j', 'a', 'c', 'backspace', 'k', 'e']",0
Dylan.mp4,Dylan,,,
Emily.mp4,Emily,emily,"['e', 'm', 'i', 'l', 'y']",1
Emily.mp4,Emily,,,
Eric.mp4,Eric,jake,"['j', 'a', 'k', 'e']",0
Eric.mp4,Eric,,,
Ethan.mp4,Ethan,aron,"['a', 'r', 'o', 'n']",0
Ethan.mp4,Ethan,,,
Grace.mp4,Grace,grace,"['g', 'r', 'a', 'c', 'e']",1
Grace.mp4,Grace,,,
Haley.mp4,Haley,hailey,"['h', 'a', 'i', 'l', 'e', 'y']",1
Haley.mp4,Haley,,,
Hannah.mp4,Hannah,hana,"['h', 'a', 'n', 'a', 'space']",1
Hannah.mp4,Hannah,,,
Heather.mp4,Heather,juli,"['j', 'u', 'l', 'i']",0
Heather.mp4,Heather,,,
Jacob.mp4,Jacob,kevin,"['k', 'e', 'v', 'i', 'n']",0
Jacob.mp4,Jacob,,,
Jason.mp4,Jason,jake,"['j', 'a', 'k', 'e']",0
Jason.mp4,Jason,,,
Jenna.mp4,Jenna,jessica,"['j', 'e', 's', 's', 'i', 'c', 'a']",0
Jenna.mp4,Jenna,,,
Jeremy.mp4,Jeremy,tyler,"['t', 'y', 'l', 'e', 'r']",0
Jeremy.mp4,Jeremy,,,
Jessica.mp4,Jessica,,None,0
Jessica.mp4,Jessica,,,
Josh.mp4,Josh,cody,"['c', 'o', 'd', 'y']",0
Josh.mp4,Josh,,,
Julia.mp4,Julia,julia,"['j', 'u', 'l', 'i', 'a']",1
Julia.mp4,Julia,,,
Justin.mp4,Justin,tyler,"['t', 'y', 'l', 'e', 'r']",0
Justin.mp4,Justin,,,
Katie.mp4,Katie,,None,0
Katie.mp4,Katie,,,
Kayla.mp4,Kayla,,None,0
Kayla.mp4,Kayla,,,
Kelsey.mp4,Kelsey,chelsea,"['c', 'h', 'e', 'l', 's', 'e', 'a']",0
Kelsey.mp4,Kelsey,,,
Kevin.mp4,Kevin,kevin,"['k', 'e', 'v', 'i', 'n']",1
Kevin.mp4,Kevin,,,
Kyle.mp4,Kyle,tom,"['t', 'o', 'm']",0
Kyle.mp4,Kyle,,,
Lauren.mp4,Lauren,lauren,"['l', 'a', 'u', 'r', 'e', 'n']",1
Lauren.mp4,Lauren,,,
Mark.mp4,Mark,cody,"['c', 'o', 'd', 'y']",0
Mark.mp4,Mark,,,
Matthew.mp4,Matthew,timothy,"['t', 'i', 'm', 'o', 't', 'h', 'y']",0
Matthew.mp4,Matthew,,,
Megan.mp4,Megan,meagen,"['m', 'e', 'a', 'g', 'e', 'n']",1
Megan.mp4,Megan,,,
Michael.mp4,Michael,jacob,"['j', 'a', 'c', 'o', 'b']",0
Michael.mp4,Michael,,,
Michelle.mp4,Michelle,meagan,"['m', 'e', 'a', 'g', 'a', 'n']",0
Michelle.mp4,Michelle,,,
Natalie.mp4,Natalie,,None,0
Natalie.mp4,Natalie,,,
Nathan.mp4,Nathan,nathan,"['n', 'a', 't', 'h', 'a', 'n']",1
Nathan.mp4,Nathan,,,
Nicole.mp4,Nicole,ashley,"['a', 's', 'h', 'l', 'e', 'y']",0
Nicole.mp4,Nicole,,,
Noah.mp4,Noah,tyler,"['j', 'backspace', 't', 'y', 'l', 'e', 'r']",0
Noah.mp4,Noah,,,
Olivia.mp4,Olivia,jessica,"['j', 'e', 's', 's', 'i', 'c', 'a']",0
Olivia.mp4,Olivia,,,
Rachel.mp4,Rachel,,None,0
Rachel.mp4,Rachel,,,
Rebecca.mp4,Rebecca,ei,"['e', 'comma', 'i']",0
Rebecca.mp4,Rebecca,,,
Sarah.mp4,Sarah,olivia,"['o', 'l', 'i', 'v', 'i', 'a']",0
Sarah.mp4,Sarah,,,
Shelby.mp4,Shelby,shelby,"['s', 'h', 'e', 'l', 'b', 'y']",1
Shelby.mp4,Shelby,,,
Steven.mp4,Steven,stevan,"['s', 't', 'e', 'v', 'a', 'n']",1
Steven.mp4,Steven,,,
Taylor.mp4,Taylor,taylor,"['t', 'a', 'y', 'l', 'o', 'r']",1
Taylor.mp4,Taylor,,,
Thomas.mp4,Thomas,josh,"['j', 'o', 's', 'h']",0
Thomas.mp4,Thomas,,,
Timothy.mp4,Timothy,timothy,"['t', 'o', 'm', 'o', 'backspace', 'backspace', 'backspace', 'i', 'm', 'o', 't', 'h', 'y']",1
Timothy.mp4,Timothy,,,
Trevor.mp4,Trevor,trevor,"['t', 'r', 'e', 'v', 'o', 'r']",1
Trevor.mp4,Trevor,,,
Tyler.mp4,Tyler,josh,"['j', 'o', 's', 'j', 'backspace', 'f13', 'h']",0
Tyler.mp4,Tyler,,,