Video,Name,inputText,key_resp_3.keys,recallRating_F
Aaron.mp4,Aaron,steven,"['s', 't', 'e', 'v', 'e', 'n']",0
Aaron.mp4,Aaron,,,
Adam.mp4,Adam,martin,"['m', 'a', 'r', 't', 'i', 'n']",0
Adam.mp4,Adam,,,
Alyssa.mp4,Alyssa,brittney,"['b', 'r', 'i', 't', 't', 'n', 'e', 'y']",0
Alyssa.mp4,Alyssa,,,
Amanda.mp4,Amanda,nicole,"['n', 'i', 'c', 'o', 'l', 'e']",0
Amanda.mp4,Amanda,,,
Andrew.mp4,Andrew,,None,0
Andrew.mp4,Andrew,,,
Anna.mp4,Anna,natalie,"['n', 'a', 't', 'a', 'l', 'i', 'e']",0
Anna.mp4,Anna,,,
Ashley.mp4,Ashley,,None,0
Ashley.mp4,Ashley,,,
Bradley.mp4,Bradley,brandon,"['b', 'r', 'a', 'n', 'd', 'o', 'n']",0
Bradley.mp4,Bradley,,,
Brandon.mp4,Brandon,brian,"['b', 'r', 'i', 'a', 'n']",0
Brandon.mp4,Brandon,,,
Brian.mp4,Brian,,None,0
Brian.mp4,Brian,,,
Brianna.mp4,Brianna,alyssa,"['s', 'l', 'y', 'backspace', 'backspace', 'backspace', 'a', 'l', 'y', 's', 's', 'a']",0
Brianna.mp4,Brianna,,,
Brittany.mp4,Brittany,brittney,"['h', 'a', 's', 'l', 'e', 'y', 'backspace', 'backspace', 'backspace', 'backspace', 'backspace', 'backspace', 'b', 'r', 'i', 't', 't', 'n', 'e', 'y']",1
Brittany.mp4,Brittany,,,
Caleb.mp4,Caleb,calvin,"['c', 'a', 'l', 'l', 'u', 'm', 'backspace', 'backspace', 'backspace', 'v', 'i', 'n']",0
Caleb.mp4,Caleb,,,
Cody.mp4,Cody,justin,"['d', 'a', 'v', 'i', 'd', 'backspace', 'backspace', 'backspace', 'backspace', 'backspace', 'backspace', 'j', 'u', 's', 't', 'i', 'n']",0
Cody.mp4,Cody,,,
Courtney.mp4,Courtney,,None,0
Courtney.mp4,Courtney,,,
Daniel.mp4,Daniel,,None,0
Daniel.mp4,Daniel,,,
Danielle.mp4,Danielle,alice,"['a', 'l', 'i', 'c', 'e']",0
Danielle.mp4,Danielle,,,
David.mp4,David,david,"['d', 'a', 'v', 'i', 'd']",1
David.mp4,David,,,
Dylan.mp4,Dylan,michael,"['m', 'i', 'c', 'h', 'a', 'e', 'l']",0
Dylan.mp4,Dylan,,,
Emily.mp4,Emily,brianna,"['b', 'r', 'i', 'a', 'n', 'n', 'a']",0
Emily.mp4,Emily,,,
Eric.mp4,Eric,,None,0
Eric.mp4,Eric,,,
Ethan.mp4,Ethan,,None,0
Ethan.mp4,Ethan,,,
Grace.mp4,Grace,grace,"['g', 'r', 'a', 'c', 'e']",1
Grace.mp4,Grace,,,
Haley.mp4,Haley,ashley,"['a', 's', 'h', 'l', 'e', 'y']",0
Haley.mp4,Haley,,,
Hannah.mp4,Hannah,,None,0
Hannah.mp4,Hannah,,,
Heather.mp4,Heather,heather,"['h', 'e', 'a', 't', 'h', 'e', 'r']",0
Heather.mp4,Heather,,,
Jacob.mp4,Jacob,david,"['d', 'a', 'v', 'i', 'd']",0
Jacob.mp4,Jacob,,,
Jason.mp4,Jason,,None,0
Jason.mp4,Jason,,,
Jenna.mp4,Jenna,,None,0
Jenna.mp4,Jenna,,,
Jeremy.mp4,Jeremy,david,"['d', 'a', 'v', 'i', 'd']",0
Jeremy.mp4,Jeremy,,,
Jessica.mp4,Jessica,,None,0
Jessica.mp4,Jessica,,,
Josh.mp4,Josh,josh,"['j', 'o', 's', 'backspace', 'd', 'h', 'backspace', 'backspace', 's', 'h']",1
Josh.mp4,Josh,,,
Julia.mp4,Julia,jenn,"['n', 'a', 't', 'a', 'l', 'i', 'e', 'backspace', 'backspace', 'backspace', 'backspace', 'backspace', 'backspace', 'backspace', 'backspace', 'j', 'e', 'n', 'n']",0
Julia.mp4,Julia,,,
Justin.mp4,Justin,cody,"['c', 'o', 'd', 'y']",0
Justin.mp4,Justin,,,
Katie.mp4,Katie,katie,"['k', 'a', 't', 'i', 'e']",1
Katie.mp4,Katie,,,
Kayla.mp4,Kayla,jackie,"['j', 'a', 'c', 'k', 'i', 'e']",0
Kayla.mp4,Kayla,,,
Kelsey.mp4,Kelsey,,None,0
Kelsey.mp4,Kelsey,,,
Kevin.mp4,Kevin,nathan 1,"['n', 'a', 't', 'h', 'a', 'n', 'space', '1']",0
Kevin.mp4,Kevin,,,
Kyle.mp4,Kyle,mathew,"['m', 'a', 't', 'h', 'e', 'w']",0
Kyle.mp4,Kyle,,,
Lauren.mp4,Lauren,,None,0
Lauren.mp4,Lauren,,,
Mark.mp4,Mark,jacob,"['j', 'a', 'c', 'o', 'b']",0
Mark.mp4,Mark,,,
Matthew.mp4,Matthew,,None,0
Matthew.mp4,Matthew,,,
Megan.mp4,Megan,,None,0
Megan.mp4,Megan,,,
Michael.mp4,Michael,brian,"['b', 'r', 'i', 'a', 'n']",0
Michael.mp4,Michael,,,
Michelle.mp4,Michelle,cindy,"['c', 'i', 'n', 'd', 'y']",0
Michelle.mp4,Michelle,,,
Natalie.mp4,Natalie,mackenzie,"['m', 'a', 'c', 'k', 'e', 'n', 'z', 'i', 'e']",0
Natalie.mp4,Natalie,,,
Nathan.mp4,Nathan,,None,0
Nathan.mp4,Nathan,,,
Nicole.mp4,Nicole,,None,0
Nicole.mp4,Nicole,,,
Noah.mp4,Noah,jonsthan,"['j', 'o', 'n', 's', 't', 'h', 'a', 'n']",0
Noah.mp4,Noah,,,
Olivia.mp4,Olivia,olivia,"['o', 'l', 'i', 'v', 'i', 'a']",1
Olivia.mp4,Olivia,,,
Rachel.mp4,Rachel,hasley,"['h', 'a', 's', 'l', 'e', 'y']",0
Rachel.mp4,Rachel,,,
Rebecca.mp4,Rebecca,casey,"['c', 'a', 's', 'e', 'y']",0
Rebecca.mp4,Rebecca,,,
Sarah.mp4,Sarah,,None,0
Sarah.mp4,Sarah,,,
Shelby.mp4,Shelby,cid,"['c', 'i', 'n', 'e', 'y', 'backspace', 'backspace', 'backspace', 'd']",0
Shelby.mp4,Shelby,,,
Steven.mp4,Steven,te,"['s', 't', 'e', 'v', 'e', 'n', 'backspace', 'backspace', 'backspace', 'backspace', 'backspace', 'backspace', 'backspace', 't', 'e', 'b', 'backspace', 'v']",0
Steven.mp4,Steven,,,
Taylor.mp4,Taylor,brianna,"['b', 'r', 'i', 'a', 'n', 'n', 'a']",0
Taylor.mp4,Taylor,,,
Thomas.mp4,Thomas,jacob,"['j', 'a', 'c', 'o', 'b']",0
Thomas.mp4,Thomas,,,
Timothy.mp4,Timothy,james,"['j', 'a', 'm', 'e', 's']",0
Timothy.mp4,Timothy,,,
Trevor.mp4,Trevor,trevor,"['t', 'r', 'e', 'v', 'o', 'r']",1
Trevor.mp4,Trevor,,,
Tyler.mp4,Tyler,cody,"['c', 'o', 'd', 'y']",0
Tyler.mp4,Tyler,,,