Video,Name,inputText,key_resp_3.keys,recallRating_F
Aaron.mp4,Aaron,,None,0
Aaron.mp4,Aaron,,,
Adam.mp4,Adam,,None,0
Adam.mp4,Adam,,,
Alyssa.mp4,Alyssa,,None,0
Alyssa.mp4,Alyssa,,,
Amanda.mp4,Amanda,Hannah,"['rshift', 'h', 'a', 'n', 'n', 'a', 'h']",0
Amanda.mp4,Amanda,,,
Andrew.mp4,Andrew,,None,0
Andrew.mp4,Andrew,,,
Anna.mp4,Anna,Anna,"['lshift', 'a', 'n', 'n', 'a']",1
Anna.mp4,Anna,,,
Ashley.mp4,Ashley,Ashley,"['rshift', 'a', 's', 'h', 'l', 'e', 'y']",1
Ashley.mp4,Ashley,,,
Bradley.mp4,Bradley,Bradley,"['rshift', 'b', 'r', 'a', 'd', 'l', 'e', 'y']",1
Bradley.mp4,Bradley,,,
Brandon.mp4,Brandon,Brandon,"['rshift', 'b', 'r', 'a', 'n', 'd', 'o', 'n']",1
Brandon.mp4,Brandon,,,
Brian.mp4,Brian,,None,0
Brian.mp4,Brian,,,
Brianna.mp4,Brianna,Katie,"['rshift', 'k', 'a', 't', 'i', 'e']",0
Brianna.mp4,Brianna,,,
Brittany.mp4,Brittany,Brittany,"['rshift', 'b', 'r', 'i', 't', 't', 'a', 'n', 'y']",1
Brittany.mp4,Brittany,,,
Caleb.mp4,Caleb,Caleb,"['rshift', 'c', 'a', 'l', 'e', 'b']",1
Caleb.mp4,Caleb,,,
Cody.mp4,Cody,Cody,"['rshift', 'c', 'o', 'd', 'y']",1
Cody.mp4,Cody,,,
Courtney.mp4,Courtney,,None,0
Courtney.mp4,Courtney,,,
Daniel.mp4,Daniel,,None,0
Daniel.mp4,Daniel,,,
Danielle.mp4,Danielle,,None,0
Danielle.mp4,Danielle,,,
David.mp4,David,,None,0
David.mp4,David,,,
Dylan.mp4,Dylan,,None,0
Dylan.mp4,Dylan,,,
Emily.mp4,Emily,,None,0
Emily.mp4,Emily,,,
Eric.mp4,Eric,,None,0
Eric.mp4,Eric,,,
Ethan.mp4,Ethan,,None,0
Ethan.mp4,Ethan,,,
Grace.mp4,Grace,Gina,"['rshift', 'g', 'i', 'n', 'a']",0
Grace.mp4,Grace,,,
Haley.mp4,Haley,Megan,"['rshift', 'm', 'e', 'g', 'n', 'a', 'backspace', 'backspace', 'a', 'n']",0
Haley.mp4,Haley,,,
Hannah.mp4,Hannah,,None,0
Hannah.mp4,Hannah,,,
Heather.mp4,Heather,,None,0
Heather.mp4,Heather,,,
Jacob.mp4,Jacob,,None,0
Jacob.mp4,Jacob,,,
Jason.mp4,Jason,,None,0
Jason.mp4,Jason,,,
Jenna.mp4,Jenna,,None,0
Jenna.mp4,Jenna,,,
Jeremy.mp4,Jeremy,,None,0
Jeremy.mp4,Jeremy,,,
Jessica.mp4,Jessica,,None,0
Jessica.mp4,Jessica,,,
Josh.mp4,Josh,Josh,"['rshift', 'j', 'o', 's', 'h']",1
Josh.mp4,Josh,,,
Julia.mp4,Julia,Erica,"['rshift', 'e', 'r', 'i', 'c', 'a']",0
Julia.mp4,Julia,,,
Justin.mp4,Justin,,None,0
Justin.mp4,Justin,,,
Katie.mp4,Katie,,None,0
Katie.mp4,Katie,,,
Kayla.mp4,Kayla,Rachel,"['rshift', 'r', 'a', 'c', 'h', 'e', 'l']",0
Kayla.mp4,Kayla,,,
Kelsey.mp4,Kelsey,Hannah,"['rshift', 'h', 'a', 'n', 'n', 'a', 'h']",0
Kelsey.mp4,Kelsey,,,
Kevin.mp4,Kevin,Kevin,"['rshift', 'k', 'e', 'v', 'i', 'n']",1
Kevin.mp4,Kevin,,,
Kyle.mp4,Kyle,Kyle,"['rshift', 'k', 'y', 'l', 'e']",1
Kyle.mp4,Kyle,,,
Lauren.mp4,Lauren,Olivia,"['rshift', 'o', 'l', 'i', 'v', 'i', 'a']",0
Lauren.mp4,Lauren,,,
Mark.mp4,Mark,,None,0
Mark.mp4,Mark,,,
Matthew.mp4,Matthew,Eric,"['rshift', 'e', 'r', 'i', 'c']",0
Matthew.mp4,Matthew,,,
Megan.mp4,Megan,Sarah,"['rshift', 's', 'a', 'r', 'a', 'h']",0
Megan.mp4,Megan,,,
Michael.mp4,Michael,,None,0
Michael.mp4,Michael,,,
Michelle.mp4,Michelle,Michelle,"['rshift', 'm', 'i', 'c', 'h', 'e', 'l', 'l', 'e']",1
Michelle.mp4,Michelle,,,
Natalie.mp4,Natalie,,None,0
Natalie.mp4,Natalie,,,
Nathan.mp4,Nathan,Tyler,"['rshift', 't', 'y', 'l', 'e', 'r']",0
Nathan.mp4,Nathan,,,
Nicole.mp4,Nicole,Nicole,"['rshift', 'n', 'i', 'c', 'o', 'l', 'e']",1
Nicole.mp4,Nicole,,,
Noah.mp4,Noah,Toby,"['rshift', 't', 'o', 'b', 'y']",0
Noah.mp4,Noah,,,
Olivia.mp4,Olivia,,None,0
Olivia.mp4,Olivia,,,
Rachel.mp4,Rachel,,None,0
Rachel.mp4,Rachel,,,
Rebecca.mp4,Rebecca,,None,0
Rebecca.mp4,Rebecca,,,
Sarah.mp4,Sarah,Kelsey,"['rshift', 'k', 'e', 'l', 's', 'e', 'y']",0
Sarah.mp4,Sarah,,,
Shelby.mp4,Shelby,,None,0
Shelby.mp4,Shelby,,,
Steven.mp4,Steven,,None,0
Steven.mp4,Steven,,,
Taylor.mp4,Taylor,,None,0
Taylor.mp4,Taylor,,,
Thomas.mp4,Thomas,,None,0
Thomas.mp4,Thomas,,,
Timothy.mp4,Timothy,Timothy,"['rshift', 't', 'i', 'm', 'o', 't', 'h', 'y']",1
Timothy.mp4,Timothy,,,
Trevor.mp4,Trevor,,None,0
Trevor.mp4,Trevor,,,
Tyler.mp4,Tyler,,None,0
Tyler.mp4,Tyler,,,