Video,Name,inputText,key_resp_3.keys,recallRating_F
Aaron.mp4,Aaron,aron,"['a', 'r', 'o', 'n']",1
Aaron.mp4,Aaron,,,
Adam.mp4,Adam,,None,0
Adam.mp4,Adam,,,
Alyssa.mp4,Alyssa,,None,0
Alyssa.mp4,Alyssa,,,
Amanda.mp4,Amanda,elizabeth,"['e', 'l', 'i', 'z', 'a', 'b', 'e', 't', 'h']",0
Amanda.mp4,Amanda,,,
Andrew.mp4,Andrew,william,"['w', 'i', 'l', 'l', 'i', 'a', 'm']",0
Andrew.mp4,Andrew,,,
Anna.mp4,Anna,courtney,"['c', 'o', 'u', 'r', 't', 'n', 'e', 'y']",0
Anna.mp4,Anna,,,
Ashley.mp4,Ashley,rachel,"['r', 'a', 'c', 'h', 'e', 'l']",0
Ashley.mp4,Ashley,,,
Bradley.mp4,Bradley,john,"['j', 'o', 'h', 'n']",0
Bradley.mp4,Bradley,,,
Brandon.mp4,Brandon,jason,"['j', 'a', 's', 'o', 'n']",0
Brandon.mp4,Brandon,,,
Brian.mp4,Brian,logan,"['l', 'o', 'g', 'a', 'n']",0
Brian.mp4,Brian,,,
Brianna.mp4,Brianna,sarah,"['s', 'a', 'r', 'a', 'h']",0
Brianna.mp4,Brianna,,,
Brittany.mp4,Brittany,,None,0
Brittany.mp4,Brittany,,,
Caleb.mp4,Caleb,,None,0
Caleb.mp4,Caleb,,,
Cody.mp4,Cody,,None,0
Cody.mp4,Cody,,,
Courtney.mp4,Courtney,courtney,"['c', 'o', 'u', 'r', 't', 'n', 'e', 'y']",1
Courtney.mp4,Courtney,,,
Daniel.mp4,Daniel,,None,0
Daniel.mp4,Daniel,,,
Danielle.mp4,Danielle,rachel,"['r', 'a', 'c', 'h', 'e', 'l']",0
Danielle.mp4,Danielle,,,
David.mp4,David,paul,"['p', 'a', 'u', 'l']",0
David.mp4,David,,,
Dylan.mp4,Dylan,paul,"['p', 'a', 'u', 'l']",0
Dylan.mp4,Dylan,,,
Emily.mp4,Emily,maggie,"['m', 'a', 'g', 'g', 'i', 'e']",0
Emily.mp4,Emily,,,
Eric.mp4,Eric,,None,0
Eric.mp4,Eric,,,
Ethan.mp4,Ethan,brian,"['b', 'r', 'i', 'a', 'n']",0
Ethan.mp4,Ethan,,,
Grace.mp4,Grace,grace,"['g', 'r', 'a', 'c', 'e']",1
Grace.mp4,Grace,,,
Haley.mp4,Haley,,None,0
Haley.mp4,Haley,,,
Hannah.mp4,Hannah,nathalie,"['n', 'a', 't', 'h', 'a', 'l', 'i', 'e']",0
Hannah.mp4,Hannah,,,
Heather.mp4,Heather,,None,0
Heather.mp4,Heather,,,
Jacob.mp4,Jacob,jacob,"['j', 'a', 'c', 'o', 'b', 'space']",1
Jacob.mp4,Jacob,,,
Jason.mp4,Jason,,None,0
Jason.mp4,Jason,,,
Jenna.mp4,Jenna,sarah,"['s', 'a', 'r', 'a', 'h']",0
Jenna.mp4,Jenna,,,
Jeremy.mp4,Jeremy,,"['1', 'backspace']",0
Jeremy.mp4,Jeremy,,,
Jessica.mp4,Jessica,,None,0
Jessica.mp4,Jessica,,,
Josh.mp4,Josh,,None,0
Josh.mp4,Josh,,,
Julia.mp4,Julia,jenna,"['j', 'e', 'n', 'n', 'a']",0
Julia.mp4,Julia,,,
Justin.mp4,Justin,casey,"['c', 'a', 's', 'e', 'y']",0
Justin.mp4,Justin,,,
Katie.mp4,Katie,,None,0
Katie.mp4,Katie,,,
Kayla.mp4,Kayla,kayla,"['k', 'a', 'y', 'l', 'a']",1
Kayla.mp4,Kayla,,,
Kelsey.mp4,Kelsey,,None,0
Kelsey.mp4,Kelsey,,,
Kevin.mp4,Kevin,noah,"['n', 'o', 'a', 'h']",0
Kevin.mp4,Kevin,,,
Kyle.mp4,Kyle,mathew,"['m', 'a', 't', 'h', 'e', 'r', 'backspace', 'w']",0
Kyle.mp4,Kyle,,,
Lauren.mp4,Lauren,courtney,"['c', 'o', 'u', 'r', 't', 'n', 'e', 'y']",0
Lauren.mp4,Lauren,,,
Mark.mp4,Mark,nathan,"['n', 'a', 't', 'h', 'a', 'n']",0
Mark.mp4,Mark,,,
Matthew.mp4,Matthew,ryan,"['r', 'y', 'a', 'n']",0
Matthew.mp4,Matthew,,,
Megan.mp4,Megan,meagan,"['m', 'e', 'g', 'backspace', 'a', 'g', 'n', 'backspace', 'a', 'n']",1
Megan.mp4,Megan,,,
Michael.mp4,Michael,michea,"['m', 'i', 'c', 'h', 'e', 'a']",1
Michael.mp4,Michael,,,
Michelle.mp4,Michelle,,None,0
Michelle.mp4,Michelle,,,
Natalie.mp4,Natalie,maddy,"['m', 'a', 'd', 'd', 'y']",0
Natalie.mp4,Natalie,,,
Nathan.mp4,Nathan,ethan,"['e', 'h', 'a', 'backspace', 'backspace', 't', 'h', 'a', 'n']",0
Nathan.mp4,Nathan,,,
Nicole.mp4,Nicole,courtney,"['c', 'o', 'u', 'r', 't', 'n', 'e', 'y']",0
Nicole.mp4,Nicole,,,
Noah.mp4,Noah,,None,0
Noah.mp4,Noah,,,
Olivia.mp4,Olivia,,None,0
Olivia.mp4,Olivia,,,
Rachel.mp4,Rachel,ashley,"['a', 's', 'h', 'l', 'e', 'y']",0
Rachel.mp4,Rachel,,,
Rebecca.mp4,Rebecca,,None,0
Rebecca.mp4,Rebecca,,,
Sarah.mp4,Sarah,,None,0
Sarah.mp4,Sarah,,,
Shelby.mp4,Shelby,,None,0
Shelby.mp4,Shelby,,,
Steven.mp4,Steven,aron,"['a', 'r', 'o', 'n']",0
Steven.mp4,Steven,,,
Taylor.mp4,Taylor,taylor,"['t', 'a', 'y', 'l', 'o', 'r']",1
Taylor.mp4,Taylor,,,
Thomas.mp4,Thomas,noah,"['n', 'o', 'a', 'h']",0
Thomas.mp4,Thomas,,,
Timothy.mp4,Timothy,jason,"['j', 'a', 's', 'o', 'n']",0
Timothy.mp4,Timothy,,,
Trevor.mp4,Trevor,,None,0
Trevor.mp4,Trevor,,,
Tyler.mp4,Tyler,jacob,"['j', 'a', 'c', 'o', 'b']",0
Tyler.mp4,Tyler,,,