Video,Name,inputText,key_resp_3.keys,recallRating_F
Aaron.mp4,Aaron,,None,0
Aaron.mp4,Aaron,,,
Adam.mp4,Adam,,None,0
Adam.mp4,Adam,,,
Alyssa.mp4,Alyssa,ash,"['a', 's', 'h']",0
Alyssa.mp4,Alyssa,,,
Amanda.mp4,Amanda,jessica,"['j', 'e', 's', 's', 'i', 'c', 'a']",0
Amanda.mp4,Amanda,,,
Andrew.mp4,Andrew,,"['d', 'backspace']",0
Andrew.mp4,Andrew,,,
Anna.mp4,Anna,,None,0
Anna.mp4,Anna,,,
Ashley.mp4,Ashley,,None,0
Ashley.mp4,Ashley,,,
Bradley.mp4,Bradley,,"['1', 'backspace']",0
Bradley.mp4,Bradley,,,
Brandon.mp4,Brandon,dylan,"['d', 'y', 'l', 'a', 'n']",0
Brandon.mp4,Brandon,,,
Brian.mp4,Brian,brian,"['b', 'r', 'i', 'a', 'n']",1
Brian.mp4,Brian,,,
Brianna.mp4,Brianna,,None,0
Brianna.mp4,Brianna,,,
Brittany.mp4,Brittany,racheal,"['r', 'a', 'c', 'h', 'e', 'a', 'l']",0
Brittany.mp4,Brittany,,,
Caleb.mp4,Caleb,caleb,"['c', 'a', 'l', 'e', 'b']",1
Caleb.mp4,Caleb,,,
Cody.mp4,Cody,aaro,"['a', 'a', 'r', 'o']",0
Cody.mp4,Cody,,,
Courtney.mp4,Courtney,,None,0
Courtney.mp4,Courtney,,,
Daniel.mp4,Daniel,daniel,"['d', 'a', 'n', 'i', 'e', 'l']",1
Daniel.mp4,Daniel,,,
Danielle.mp4,Danielle,,None,0
Danielle.mp4,Danielle,,,
David.mp4,David,aaron,"['a', 'a', 'r', 'o', 'n']",0
David.mp4,David,,,
Dylan.mp4,Dylan,,"['1', 'backspace']",0
Dylan.mp4,Dylan,,,
Emily.mp4,Emily,,None,0
Emily.mp4,Emily,,,
Eric.mp4,Eric,,None,0
Eric.mp4,Eric,,,
Ethan.mp4,Ethan,,None,0
Ethan.mp4,Ethan,,,
Grace.mp4,Grace,emily,"['m', 'i', 'backspace', 'backspace', 'e', 'comma', 'i', 'backspace', 'm', 'i', 'l', 'y']",0
Grace.mp4,Grace,,,
Haley.mp4,Haley,hailey,"['h', 'a', 'i', 'l', 'e', 'z', 'backspace', 'y']",1
Haley.mp4,Haley,,,
Hannah.mp4,Hannah,hannah,"['h', 'a', 'n', 'n', 'a', 'h']",1
Hannah.mp4,Hannah,,,
Heather.mp4,Heather,ashley,"['a', 's', 'h', 'l', 'e', 'z', 'backspace', 'y']",0
Heather.mp4,Heather,,,
Jacob.mp4,Jacob,thomathan,"['t', 'h', 'o', 'm', 'a', 't', 'h', 'a', 'n']",0
Jacob.mp4,Jacob,,,
Jason.mp4,Jason,,None,0
Jason.mp4,Jason,,,
Jenna.mp4,Jenna,jessica,"['j', 'e', 's', 's', 'i', 'c', 'a']",0
Jenna.mp4,Jenna,,,
Jeremy.mp4,Jeremy,,None,0
Jeremy.mp4,Jeremy,,,
Jessica.mp4,Jessica,jessica,"['j', 'e', 's', 's', 'i', 'c', 'a']",1
Jessica.mp4,Jessica,,,
Josh.mp4,Josh,,None,0
Josh.mp4,Josh,,,
Julia.mp4,Julia,,None,0
Julia.mp4,Julia,,,
Justin.mp4,Justin,justin,"['j', 'u', 's', 't', 'i', 'n']",1
Justin.mp4,Justin,,,
Katie.mp4,Katie,katie,"['k', 'a', 't', 'i', 'e']",1
Katie.mp4,Katie,,,
Kayla.mp4,Kayla,nicole,"['n', 'i', 'c', 'o', 'l', 'e']",0
Kayla.mp4,Kayla,,,
Kelsey.mp4,Kelsey,,None,0
Kelsey.mp4,Kelsey,,,
Kevin.mp4,Kevin,kevin,"['k', 'e', 'v', 'i', 'n']",1
Kevin.mp4,Kevin,,,
Kyle.mp4,Kyle,,None,0
Kyle.mp4,Kyle,,,
Lauren.mp4,Lauren,,None,0
Lauren.mp4,Lauren,,,
Mark.mp4,Mark,,None,0
Mark.mp4,Mark,,,
Matthew.mp4,Matthew,,None,0
Matthew.mp4,Matthew,,,
Megan.mp4,Megan,britt,"['b', 'r', 'i', 't', 't', 'n', 'a', 'z', 'backspace', 'u', 'backspace', 'u', 'backspace', 'y', 'backspace', 'backspace', 'backspace']",0
Megan.mp4,Megan,,,
Michael.mp4,Michael,,None,0
Michael.mp4,Michael,,,
Michelle.mp4,Michelle,brianna,"['b', 'r', 'i', 'a', 'n', 'n', 'a']",0
Michelle.mp4,Michelle,,,
Natalie.mp4,Natalie,,None,0
Natalie.mp4,Natalie,,,
Nathan.mp4,Nathan,,None,0
Nathan.mp4,Nathan,,,
Nicole.mp4,Nicole,,None,0
Nicole.mp4,Nicole,,,
Noah.mp4,Noah,kevin,"['k', 'e', 'v', 'i', 'n']",0
Noah.mp4,Noah,,,
Olivia.mp4,Olivia,olivia,"['o', 'l', 'i', 'v', 'i', 'a']",1
Olivia.mp4,Olivia,,,
Rachel.mp4,Rachel,hather,"['h', 'a', 't', 'h', 'e', 'r']",0
Rachel.mp4,Rachel,,,
Rebecca.mp4,Rebecca,,"['b', 'i', 'c', 'o', 'l', 'backspace', 'backspace', 'backspace', 'backspace', 'backspace', 'backspace']",0
Rebecca.mp4,Rebecca,,,
Sarah.mp4,Sarah,,None,0
Sarah.mp4,Sarah,,,
Shelby.mp4,Shelby,chia bo,"['c', 'h', 'i', 'b', 'o', 'backspace', 'backspace', 'a', 'space', 'b', 'o']",0
Shelby.mp4,Shelby,,,
Steven.mp4,Steven,trevor,"['t', 'r', 'e', 'backspace', 'e', 'v', 'o', 'r']",0
Steven.mp4,Steven,,,
Taylor.mp4,Taylor,,None,0
Taylor.mp4,Taylor,,,
Thomas.mp4,Thomas,mark,"['m', 'a', 'r', 'k']",0
Thomas.mp4,Thomas,,,
Timothy.mp4,Timothy,eric,"['e', 'r', 'i', 'c']",0
Timothy.mp4,Timothy,,,
Trevor.mp4,Trevor,,None,0
Trevor.mp4,Trevor,,,
Tyler.mp4,Tyler,,None,0
Tyler.mp4,Tyler,,,