Video,Name,inputText,key_resp_3.keys,recallRating_F
Aaron.mp4,Aaron,,None,0
Aaron.mp4,Aaron,,,
Adam.mp4,Adam,michelle,"['m', 'i', 'c', 'h', 'e', 'l', 'l', 'e', 'return']",0
Adam.mp4,Adam,,,
Alyssa.mp4,Alyssa,,None,0
Alyssa.mp4,Alyssa,,,
Amanda.mp4,Amanda,,None,0
Amanda.mp4,Amanda,,,
Andrew.mp4,Andrew,ryan,"['r', 'y', 'a', 'n']",0
Andrew.mp4,Andrew,,,
Anna.mp4,Anna,michelle,"['m', 'i', 'c', 'h', 'e', 'l', 'l', 'e']",0
Anna.mp4,Anna,,,
Ashley.mp4,Ashley,ashley,"['a', 's', 'h', 'l', 'e', 'y']",1
Ashley.mp4,Ashley,,,
Bradley.mp4,Bradley,athen,"['a', 't', 'h', 'e', 'n']",0
Bradley.mp4,Bradley,,,
Brandon.mp4,Brandon,caleb,"['c', 'a', 'l', 'e', 'b', 'v', 'backspace']",0
Brandon.mp4,Brandon,,,
Brian.mp4,Brian,caleb,"['c', 'a', 'l', 'e', 'b']",0
Brian.mp4,Brian,,,
Brianna.mp4,Brianna,bella,"['b', 'e', 'l', 'l', 'a']",0
Brianna.mp4,Brianna,,,
Brittany.mp4,Brittany,meghan,"['m', 'e', 'g', 'h', 'n', 'backspace', 'a', 'n']",0
Brittany.mp4,Brittany,,,
Caleb.mp4,Caleb,caleb,"['c', 'a', 'l', 'e', 'n', 'backspace', 'b']",1
Caleb.mp4,Caleb,,,
Cody.mp4,Cody,john,"['j', 'o', 'n', 'backspace', 'h', 'n']",0
Cody.mp4,Cody,,,
Courtney.mp4,Courtney,courtney,"['c', 'o', 'u', 'r', 't', 'n', 'e', 'y']",1
Courtney.mp4,Courtney,,,
Daniel.mp4,Daniel,daniel,"['d', 'a', 'n', 'i', 'e', 'l']",1
Daniel.mp4,Daniel,,,
Danielle.mp4,Danielle,lisa,"['l', 'i', 's', 'a']",0
Danielle.mp4,Danielle,,,
David.mp4,David,david,"['d', 'a', 'v', 'i', 'd']",1
David.mp4,David,,,
Dylan.mp4,Dylan,ryan,"['r', 'y', 'a', 'n']",0
Dylan.mp4,Dylan,,,
Emily.mp4,Emily,natalie,"['n', 'a', 't', 'a', 'l', 'i', 'e']",0
Emily.mp4,Emily,,,
Eric.mp4,Eric,athen,"['a', 't', 'h', 'e', 'n', 'return']",0
Eric.mp4,Eric,,,
Ethan.mp4,Ethan,,None,0
Ethan.mp4,Ethan,,,
Grace.mp4,Grace,,"['o', 'l', 'i', 'backspace', 'backspace', 'backspace']",0
Grace.mp4,Grace,,,
Haley.mp4,Haley,,None,0
Haley.mp4,Haley,,,
Hannah.mp4,Hannah,,"['2', 'backspace']",0
Hannah.mp4,Hannah,,,
Heather.mp4,Heather,megan,"['m', 'e', 'g', 'a', 'n', 'return']",0
Heather.mp4,Heather,,,
Jacob.mp4,Jacob,jacob,"['j', 'a', 'c', 'o', 'b']",1
Jacob.mp4,Jacob,,,
Jason.mp4,Jason,,None,0
Jason.mp4,Jason,,,
Jenna.mp4,Jenna,michelle,"['m', 'i', 'c', 'h', 'e', 'l', 'l', 'e', 'return']",0
Jenna.mp4,Jenna,,,
Jeremy.mp4,Jeremy,justin,"['j', 'u', 's', 't', 'i', 'n']",0
Jeremy.mp4,Jeremy,,,
Jessica.mp4,Jessica,,None,0
Jessica.mp4,Jessica,,,
Josh.mp4,Josh,ryan,"['r', 'y', 'a', 'n', 'return']",0
Josh.mp4,Josh,,,
Julia.mp4,Julia,,None,0
Julia.mp4,Julia,,,
Justin.mp4,Justin,justin,"['j', 'u', 's', 't', 'i', 'n']",1
Justin.mp4,Justin,,,
Katie.mp4,Katie,michelle,"['comma', 'backspace', 'm', 'i', 'c', 'e', 'l', 'l', 'backspace', 'backspace', 'backspace', 'h', 'e', 'l', 'l', 'e']",0
Katie.mp4,Katie,,,
Kayla.mp4,Kayla,olivia,"['o', 'l', 'l', 'i', 'v', 'i', 'backspace', 'backspace', 'backspace', 'backspace', 'i', 'v', 'i', 'a']",0
Kayla.mp4,Kayla,,,
Kelsey.mp4,Kelsey,,None,0
Kelsey.mp4,Kelsey,,,
Kevin.mp4,Kevin,daniel,"['d', 'a', 'n', 'i', 'e', 'l']",0
Kevin.mp4,Kevin,,,
Kyle.mp4,Kyle,,None,0
Kyle.mp4,Kyle,,,
Lauren.mp4,Lauren,,None,0
Lauren.mp4,Lauren,,,
Mark.mp4,Mark,,None,0
Mark.mp4,Mark,,,
Matthew.mp4,Matthew,ethan,"['e', 't', 'h', 'a', 'n']",0
Matthew.mp4,Matthew,,,
Megan.mp4,Megan,ashley,"['a', 's', 'h', 'l', 'e', 'y']",0
Megan.mp4,Megan,,,
Michael.mp4,Michael,,None,0
Michael.mp4,Michael,,,
Michelle.mp4,Michelle,michelle,"['m', 'i', 'c', 'h', 'e', 'l', 'l', 'e']",1
Michelle.mp4,Michelle,,,
Natalie.mp4,Natalie,julia,"['j', 'u', 'l', 'i', 'a', 'return']",0
Natalie.mp4,Natalie,,,
Nathan.mp4,Nathan,,None,0
Nathan.mp4,Nathan,,,
Nicole.mp4,Nicole,,None,0
Nicole.mp4,Nicole,,,
Noah.mp4,Noah,mathew,"['m', 'a', 't', 'h', 'e', 'w']",0
Noah.mp4,Noah,,,
Olivia.mp4,Olivia,olivia,"['o', 'l', 'i', 'v', 'i', 'a']",1
Olivia.mp4,Olivia,,,
Rachel.mp4,Rachel,,None,0
Rachel.mp4,Rachel,,,
Rebecca.mp4,Rebecca,courtney,"['c', 'o', 'u', 'r', 't', 'n', 'e', 'y']",0
Rebecca.mp4,Rebecca,,,
Sarah.mp4,Sarah,,None,0
Sarah.mp4,Sarah,,,
Shelby.mp4,Shelby,,None,0
Shelby.mp4,Shelby,,,
Steven.mp4,Steven,justin,"['j', 'u', 's', 't', 'i', 'n']",0
Steven.mp4,Steven,,,
Taylor.mp4,Taylor,michelle,"['m', 'i', 'c', 'e', 'backspace', 'h', 'e', 'l', 'l', 'e']",0
Taylor.mp4,Taylor,,,
Thomas.mp4,Thomas,,None,0
Thomas.mp4,Thomas,,,
Timothy.mp4,Timothy,,None,0
Timothy.mp4,Timothy,,,
Trevor.mp4,Trevor,,None,0
Trevor.mp4,Trevor,,,
Tyler.mp4,Tyler,,None,0
Tyler.mp4,Tyler,,,