Video,Name,inputText,key_resp_3.keys,recallRating_F
Aaron.mp4,Aaron,tyler,"['t', 'y', 'l', 'e', 'r']",0
Aaron.mp4,Aaron,,,
Adam.mp4,Adam,joseph1,"['j', 'o', 's', 'e', 'p', 'h', 'return', '1']",0
Adam.mp4,Adam,,,
Alyssa.mp4,Alyssa,1,['1'],0
Alyssa.mp4,Alyssa,,,
Amanda.mp4,Amanda,maya,"['m', 'a', 'y', 'a', 'return', 'space']",0
Amanda.mp4,Amanda,,,
Andrew.mp4,Andrew,joseph,"['j', 'l', 'backspace', 'o', 's', 'e', 'p', 'h']",0
Andrew.mp4,Andrew,,,
Anna.mp4,Anna,,"['1', 'backspace']",0
Anna.mp4,Anna,,,
Ashley.mp4,Ashley,,None,0
Ashley.mp4,Ashley,,,
Bradley.mp4,Bradley,,None,0
Bradley.mp4,Bradley,,,
Brandon.mp4,Brandon,,"['1', 'backspace']",0
Brandon.mp4,Brandon,,,
Brian.mp4,Brian,matheww,"['space', 'm', 'a', 't', 'h', 'e', 'w', 'w']",0
Brian.mp4,Brian,,,
Brianna.mp4,Brianna,,None,0
Brianna.mp4,Brianna,,,
Brittany.mp4,Brittany,britney,"['b', 'r', 'i', 't', 'n', 'e', 'y']",1
Brittany.mp4,Brittany,,,
Caleb.mp4,Caleb,,None,0
Caleb.mp4,Caleb,,,
Cody.mp4,Cody,,None,0
Cody.mp4,Cody,,,
Courtney.mp4,Courtney,,None,0
Courtney.mp4,Courtney,,,
Daniel.mp4,Daniel,,None,0
Daniel.mp4,Daniel,,,
Danielle.mp4,Danielle,naomi,"['n', 'a', 'o', 'm', 'i', 'return']",0
Danielle.mp4,Danielle,,,
David.mp4,David,tyler,"['t', 'y', 'l', 'e', 'r']",0
David.mp4,David,,,
Dylan.mp4,Dylan,tyler,"['t', 'y', 'l', 'e', 'r', 'return', 'return']",0
Dylan.mp4,Dylan,,,
Emily.mp4,Emily,,None,0
Emily.mp4,Emily,,,
Eric.mp4,Eric,brad,"['b', 'r', 'a', 'd', 'left']",0
Eric.mp4,Eric,,,
Ethan.mp4,Ethan,frankk,"['f', 'r', 'a', 'n', 'k', 'k']",0
Ethan.mp4,Ethan,,,
Grace.mp4,Grace,,None,0
Grace.mp4,Grace,,,
Haley.mp4,Haley,ve,"['v', 'e', 'r', 'e', 'n', 'a', 'backspace', 'backspace', 'backspace', 'backspace']",0
Haley.mp4,Haley,,,
Hannah.mp4,Hannah,abigal,"['a', 'b', 'i', 'g', 'a', 'l', 'return', 'lcommand']",0
Hannah.mp4,Hannah,,,
Heather.mp4,Heather,abigal,"['a', 'b', 'i', 'g', 'a', 'l']",0
Heather.mp4,Heather,,,
Jacob.mp4,Jacob,,None,0
Jacob.mp4,Jacob,,,
Jason.mp4,Jason,,"['bracketright', 'bracketright', 'bracketright', 'bracketleft', 'period', 'period']",0
Jason.mp4,Jason,,,
Jenna.mp4,Jenna,jenna,"['j', 'e', 'n', 'n', 'a', 'return']",1
Jenna.mp4,Jenna,,,
Jeremy.mp4,Jeremy,,None,0
Jeremy.mp4,Jeremy,,,
Jessica.mp4,Jessica,skylar,"['s', 'k', 'y', 'l', 'a', 'r']",0
Jessica.mp4,Jessica,,,
Josh.mp4,Josh,,None,0
Josh.mp4,Josh,,,
Julia.mp4,Julia,,None,0
Julia.mp4,Julia,,,
Justin.mp4,Justin,aaron,"['a', 'a', 'roption', 'r', 'o', 'n', 'return', 'return', 'space', 'm', 'backspace']",0
Justin.mp4,Justin,,,
Katie.mp4,Katie,taylor,"['t', 'a', 'y', 'l', 'o', 'r']",0
Katie.mp4,Katie,,,
Kayla.mp4,Kayla,ma,"['m', 'a']",0
Kayla.mp4,Kayla,,,
Kelsey.mp4,Kelsey,,None,0
Kelsey.mp4,Kelsey,,,
Kevin.mp4,Kevin,noah,"['n', 'o', 'a', 'h']",0
Kevin.mp4,Kevin,,,
Kyle.mp4,Kyle,jonathon,"['j', 'o', 'n', 'a', 't', 'h', 'o', 'n']",0
Kyle.mp4,Kyle,,,
Lauren.mp4,Lauren,cortney,"['c', 'o', 'r', 't', 'n', 'e', 'e', 'backspace', 'y']",0
Lauren.mp4,Lauren,,,
Mark.mp4,Mark,mark,"['m', 'a', 'r', 'k']",1
Mark.mp4,Mark,,,
Matthew.mp4,Matthew,max,"['m', 'a', 'x', '2', 'backspace']",0
Matthew.mp4,Matthew,,,
Megan.mp4,Megan,abigal2,"['a', 'b', 'i', 'g', 'a', 'l', '2']",0
Megan.mp4,Megan,,,
Michael.mp4,Michael,mathew,"['m', 'a', 't', 'h', 'e', 'w']",0
Michael.mp4,Michael,,,
Michelle.mp4,Michelle,,None,0
Michelle.mp4,Michelle,,,
Natalie.mp4,Natalie,natalie,"['n', 'a', 't', 'a', 'l', 'i', 'w', 'backspace', 'e']",1
Natalie.mp4,Natalie,,,
Nathan.mp4,Nathan,and,"['a', 'n', 'd']",0
Nathan.mp4,Nathan,,,
Nicole.mp4,Nicole,,"['2', '1', '1', 'backspace', '2', 'backspace', 'backspace', 'backspace', 'backspace']",0
Nicole.mp4,Nicole,,,
Noah.mp4,Noah,noah,"['n', 'o', 'a', 'h']",1
Noah.mp4,Noah,,,
Olivia.mp4,Olivia,stephanie,"['s', 't', 'e', 'p', 'h', 'a', 'n', 'i', 'e']",0
Olivia.mp4,Olivia,,,
Rachel.mp4,Rachel,,None,0
Rachel.mp4,Rachel,,,
Rebecca.mp4,Rebecca,abigal,"['a', 'b', 'i', 'g', 'a', 'l']",0
Rebecca.mp4,Rebecca,,,
Sarah.mp4,Sarah,courtney,"['c', 'o', 'u', 'r', 't', 'n', 'e', 'y', '3', 'backspace']",0
Sarah.mp4,Sarah,,,
Shelby.mp4,Shelby,,None,0
Shelby.mp4,Shelby,,,
Steven.mp4,Steven,matt,"['m', 'a', 't', 't']",0
Steven.mp4,Steven,,,
Taylor.mp4,Taylor,,None,0
Taylor.mp4,Taylor,,,
Thomas.mp4,Thomas,,"['c', 'backspace']",0
Thomas.mp4,Thomas,,,
Timothy.mp4,Timothy,geogr,"['g', 'e', 'o', 'g', 'r']",0
Timothy.mp4,Timothy,,,
Trevor.mp4,Trevor,aaron,"['a', 'a', 'r', 'o', 'n']",0
Trevor.mp4,Trevor,,,
Tyler.mp4,Tyler,,None,0
Tyler.mp4,Tyler,,,