Video,Name,inputText,key_resp_3.keys,recallRating_F
Aaron.mp4,Aaron,,None,0
Aaron.mp4,Aaron,,,
Adam.mp4,Adam,max,"['m', 'a', 'x', 'return']",0
Adam.mp4,Adam,,,
Alyssa.mp4,Alyssa,alyssa,"['a', 'l', 'y', 's', 's', 'a']",1
Alyssa.mp4,Alyssa,,,
Amanda.mp4,Amanda,,None,0
Amanda.mp4,Amanda,,,
Andrew.mp4,Andrew,,None,0
Andrew.mp4,Andrew,,,
Anna.mp4,Anna,anna,"['a', 'n', 'n', 'a']",1
Anna.mp4,Anna,,,
Ashley.mp4,Ashley,ashley,"['a', 's', 'h', 'l', 'e', 'y']",1
Ashley.mp4,Ashley,,,
Bradley.mp4,Bradley,bradley,"['b', 'r', 'a', 'd', 'l', 'e', 'y']",1
Bradley.mp4,Bradley,,,
Brandon.mp4,Brandon,caleb,"['c', 'a', 'l', 'e', 'b']",0
Brandon.mp4,Brandon,,,
Brian.mp4,Brian,,None,0
Brian.mp4,Brian,,,
Brianna.mp4,Brianna,brianna,"['b', 'r', 'i', 'a', 'n', 'n', 'a', 'j', 'backspace']",1
Brianna.mp4,Brianna,,,
Brittany.mp4,Brittany,brittany,"['b', 'r', 'i', 't', 't', 'a', 'n', 'y']",1
Brittany.mp4,Brittany,,,
Caleb.mp4,Caleb,caleb,"['c', 'a', 'l', 'e', 'b']",1
Caleb.mp4,Caleb,,,
Cody.mp4,Cody,josh,"['j', 'o', 's', 'h']",0
Cody.mp4,Cody,,,
Courtney.mp4,Courtney,,"['a', 'c', 'backspace', 'backspace']",0
Courtney.mp4,Courtney,,,
Daniel.mp4,Daniel,,None,0
Daniel.mp4,Daniel,,,
Danielle.mp4,Danielle,sarah,"['s', 'a', 'r', 'a', 'h', 'return']",0
Danielle.mp4,Danielle,,,
David.mp4,David,brandon,"['b', 'r', 'a', 'n', 'd', 'o', 'n']",0
David.mp4,David,,,
Dylan.mp4,Dylan,,None,0
Dylan.mp4,Dylan,,,
Emily.mp4,Emily,brianna,"['b', 'r', 'i', 'a', 'n', 'n', 'a']",0
Emily.mp4,Emily,,,
Eric.mp4,Eric,,None,0
Eric.mp4,Eric,,,
Ethan.mp4,Ethan,max,"['m', 'a', 'x']",0
Ethan.mp4,Ethan,,,
Grace.mp4,Grace,michell,"['m', 'i', 'c', 'h', 'e', 'l', 'l', 'e', 'backspace']",0
Grace.mp4,Grace,,,
Haley.mp4,Haley,,None,0
Haley.mp4,Haley,,,
Hannah.mp4,Hannah,,None,0
Hannah.mp4,Hannah,,,
Heather.mp4,Heather,,None,0
Heather.mp4,Heather,,,
Jacob.mp4,Jacob,josh,"['j', 'backspace', 'd', 'a', 'n', 'i', 'e', 'l', 'backspace', 'backspace', 'backspace', 'backspace', 'backspace', 'backspace', 'j', 'o', 'h', 'backspace', 's', 'h']",1
Jacob.mp4,Jacob,,,
Jason.mp4,Jason,,None,0
Jason.mp4,Jason,,,
Jenna.mp4,Jenna,katie,"['k', 'a', 't', 'i', 'e']",0
Jenna.mp4,Jenna,,,
Jeremy.mp4,Jeremy,,None,0
Jeremy.mp4,Jeremy,,,
Jessica.mp4,Jessica,,None,0
Jessica.mp4,Jessica,,,
Josh.mp4,Josh,josh,"['j', 'o', 's', 'h']",1
Josh.mp4,Josh,,,
Julia.mp4,Julia,,None,0
Julia.mp4,Julia,,,
Justin.mp4,Justin,,None,0
Justin.mp4,Justin,,,
Katie.mp4,Katie,kayleigh,"['k', 'a', 'y', 'l', 'e', 'i', 'g', 'h']",0
Katie.mp4,Katie,,,
Kayla.mp4,Kayla,hannah,"['h', 'a', 'n', 'n', 'a', 'h']",0
Kayla.mp4,Kayla,,,
Kelsey.mp4,Kelsey,,None,0
Kelsey.mp4,Kelsey,,,
Kevin.mp4,Kevin,daniel,"['j', 'o', 's', 'h', 'backspace', 'backspace', 'backspace', 'backspace', 'd', 'a', 'n', 'i', 'e', 'l']",0
Kevin.mp4,Kevin,,,
Kyle.mp4,Kyle,bradley,"['b', 'r', 'a', 'd', 'l', 'e', 'y']",0
Kyle.mp4,Kyle,,,
Lauren.mp4,Lauren,rebecca,"['r', 'e', 'b', 'e', 'c', 'c', 'a']",0
Lauren.mp4,Lauren,,,
Mark.mp4,Mark,,None,0
Mark.mp4,Mark,,,
Matthew.mp4,Matthew,,None,0
Matthew.mp4,Matthew,,,
Megan.mp4,Megan,brittany,"['b', 'r', 'i', 't', 't', 'a', 'n', 'y']",0
Megan.mp4,Megan,,,
Michael.mp4,Michael,,None,0
Michael.mp4,Michael,,,
Michelle.mp4,Michelle,,None,0
Michelle.mp4,Michelle,,,
Natalie.mp4,Natalie,,None,0
Natalie.mp4,Natalie,,,
Nathan.mp4,Nathan,nathan,"['n', 'a', 'h', 'a', 'n', 'backspace', 'backspace', 'backspace', 't', 'h', 'a', 'n']",1
Nathan.mp4,Nathan,,,
Nicole.mp4,Nicole,sarah,"['s', 'a', 'r', 'a', 'h']",0
Nicole.mp4,Nicole,,,
Noah.mp4,Noah,noah,"['n', 'o', 'a', 'h']",1
Noah.mp4,Noah,,,
Olivia.mp4,Olivia,,None,0
Olivia.mp4,Olivia,,,
Rachel.mp4,Rachel,hannah,"['h', 'a', 'n', 'n', 'a', 'h']",0
Rachel.mp4,Rachel,,,
Rebecca.mp4,Rebecca,rebecca,"['r', 'e', 'b', 'e', 'c', 'c', 'a']",1
Rebecca.mp4,Rebecca,,,
Sarah.mp4,Sarah,,None,0
Sarah.mp4,Sarah,,,
Shelby.mp4,Shelby,sarah,"['s', 'a', 'r', 'a', 'h']",0
Shelby.mp4,Shelby,,,
Steven.mp4,Steven,steven,"['s', 't', 'e', 'v', 'e', 'n']",1
Steven.mp4,Steven,,,
Taylor.mp4,Taylor,,None,0
Taylor.mp4,Taylor,,,
Thomas.mp4,Thomas,,None,0
Thomas.mp4,Thomas,,,
Timothy.mp4,Timothy,,None,0
Timothy.mp4,Timothy,,,
Trevor.mp4,Trevor,tyler,"['t', 'y', 'l', 'e', 'r']",0
Trevor.mp4,Trevor,,,
Tyler.mp4,Tyler,tyler,"['t', 'y', 'p', 'backspace', 'l', 'e', 'r']",1
Tyler.mp4,Tyler,,,