Video,Name,inputText,key_resp_3.keys,recallRating_F
Aaron.mp4,Aaron,,None,0
Aaron.mp4,Aaron,,,
Adam.mp4,Adam,Kevin,"['lshift', 'k', 'e', 'v', 'i', 'n']",0
Adam.mp4,Adam,,,
Alyssa.mp4,Alyssa,,None,0
Alyssa.mp4,Alyssa,,,
Amanda.mp4,Amanda,Sarah,"['lshift', 's', 'a', 's', 'h', 'a', 'backspace', 'backspace', 'backspace', 'r', 'a', 'h']",0
Amanda.mp4,Amanda,,,
Andrew.mp4,Andrew,Mike,"['lshift', 'm', 'i', 'k', 'e']",0
Andrew.mp4,Andrew,,,
Anna.mp4,Anna,kayl,"['k', 'a', 'y', 'l', 'semicolon', 'a', 'equal', 'backspace']",0
Anna.mp4,Anna,,,
Ashley.mp4,Ashley,,['lshift'],0
Ashley.mp4,Ashley,,,
Bradley.mp4,Bradley,Micheal,"['lshift', 'm', 'i', 'c', 'h', 'e', 'a', 'l']",0
Bradley.mp4,Bradley,,,
Brandon.mp4,Brandon,michael,"['m', 'i', 'c', 'h', 'a', 'e', 'l']",0
Brandon.mp4,Brandon,,,
Brian.mp4,Brian,andrew,"['a', 'n', 'd', 'e', 'backspace', 'r', 'e', 'w']",0
Brian.mp4,Brian,,,
Brianna.mp4,Brianna,,None,0
Brianna.mp4,Brianna,,,
Brittany.mp4,Brittany,,['lshift'],0
Brittany.mp4,Brittany,,,
Caleb.mp4,Caleb,caleb,"['c', 'a', 'l', 'e', 'b']",1
Caleb.mp4,Caleb,,,
Cody.mp4,Cody,,None,0
Cody.mp4,Cody,,,
Courtney.mp4,Courtney,Shelby,"['lshift', 's', 'h', 'e', 'l', 'b', 'y']",0
Courtney.mp4,Courtney,,,
Daniel.mp4,Daniel,,['lshift'],0
Daniel.mp4,Daniel,,,
Danielle.mp4,Danielle,Kathlyn,"['lshift', 'k', 'a', 't', 'h', 'l', 'y', 'n', 'space']",0
Danielle.mp4,Danielle,,,
David.mp4,David,Justin,"['lshift', 'j', 'u', 's', 't', 'i', 'n', 'backspace', 'n']",0
David.mp4,David,,,
Dylan.mp4,Dylan,,None,0
Dylan.mp4,Dylan,,,
Emily.mp4,Emily,,None,0
Emily.mp4,Emily,,,
Eric.mp4,Eric,Andrew,"['lshift', 'a', 'n', 'd', 'r', 'e', 'w']",0
Eric.mp4,Eric,,,
Ethan.mp4,Ethan,Dennis,"['lshift', 'd', 'e', 'n', 'n', 'i', 's']",0
Ethan.mp4,Ethan,,,
Grace.mp4,Grace,stacy,"['s', 't', 'a', 'c', 'y']",0
Grace.mp4,Grace,,,
Haley.mp4,Haley,Lindsey,"['lshift', 'l', 'i', 'n', 'd', 's', 'e', 'y']",0
Haley.mp4,Haley,,,
Hannah.mp4,Hannah,Mackenzie,"['lshift', 'm', 'a', 'c', 'k', 'e', 'n', 'z', 'i', 'e']",0
Hannah.mp4,Hannah,,,
Heather.mp4,Heather,La,"['lshift', 'l', 'a', 'u', 'r', 'e', 'n', 'backspace', 'backspace', 'backspace', 'backspace', 'backspace', 'backspace', 'backspace', 'lshift', 'l', 'a']",0
Heather.mp4,Heather,,,
Jacob.mp4,Jacob,,None,0
Jacob.mp4,Jacob,,,
Jason.mp4,Jason,jacob,"['d', 'e', 'n', 'n', 'i', 's', 'backspace', 'backspace', 'backspace', 'backspace', 'backspace', 'backspace', 'backspace', 'j', 'a', 'c', 'o', 'b']",0
Jason.mp4,Jason,,,
Jenna.mp4,Jenna,Mika,"['lshift', 'm', 'i', 'c', 'h', 'a', 'e', 'l', 'backspace', 'backspace', 'backspace', 'e', 'backspace', 'backspace', 'backspace', 'k', 'a']",0
Jenna.mp4,Jenna,,,
Jeremy.mp4,Jeremy,,"['lshift', 't', 'r', 'e', 'v', 'backspace', 'backspace', 'backspace', 'backspace']",0
Jeremy.mp4,Jeremy,,,
Jessica.mp4,Jessica,Jennifer,"['lshift', 'j', 'e', 'n', 'n', 'i', 'f', 'e', 'e', 'r', 'backspace', 'backspace', 'r', 'space']",0
Jessica.mp4,Jessica,,,
Josh.mp4,Josh,,"['lshift', 'm', 'i', 'c', 'h', 'a', 'e', 'l', 'backspace', 'backspace', 'backspace', 'backspace', 'backspace', 'backspace', 'backspace']",0
Josh.mp4,Josh,,,
Julia.mp4,Julia,Sonya,"['lshift', 's', 'o', 'n', 'a', 'backspace', 'y', 'a']",0
Julia.mp4,Julia,,,
Justin.mp4,Justin,Justin,"['lshift', 'j', 'u', 's', 't', 'i', 'n']",1
Justin.mp4,Justin,,,
Katie.mp4,Katie,stacy,"['s', 't', 'a', 'c', 'y']",0
Katie.mp4,Katie,,,
Kayla.mp4,Kayla,Nicole,"['lshift', 'n', 'c', 'i', 'backspace', 'backspace', 'i', 'c', 'o', 'e', 'l', 'l', 'backspace', 'backspace', 'backspace', 'l', 'e']",0
Kayla.mp4,Kayla,,,
Kelsey.mp4,Kelsey,Mackenzie,"['lshift', 'k', 'backspace', 'lshift', 'm', 'a', 'c', 'k', 'e', 'n', 'z', 'i', 'e']",0
Kelsey.mp4,Kelsey,,,
Kevin.mp4,Kevin,,None,0
Kevin.mp4,Kevin,,,
Kyle.mp4,Kyle,Matthew,"['lshift', 'm', 'a', 't', 't', 'h', 'e', 'w', 'space', 'return', 'space', 'space']",0
Kyle.mp4,Kyle,,,
Lauren.mp4,Lauren,Lauren,"['lshift', 'l', 'a', 'u', 'r', 'e', 'n']",1
Lauren.mp4,Lauren,,,
Mark.mp4,Mark,Mark,"['lshift', 'm', 'a', 'r', 'k']",1
Mark.mp4,Mark,,,
Matthew.mp4,Matthew,Andrew,"['lshift', 'm', 'e', 'backspace', 'backspace', 'lshift', 'a', 'n', 'd', 'r', 'e', 'w']",0
Matthew.mp4,Matthew,,,
Megan.mp4,Megan,Lauren,"['lshift', 'l', 'a', 'u', 'r', 'e', 'n']",0
Megan.mp4,Megan,,,
Michael.mp4,Michael,dylan,"['d', 'y', 'l', 'a', 'n']",0
Michael.mp4,Michael,,,
Michelle.mp4,Michelle,,None,0
Michelle.mp4,Michelle,,,
Natalie.mp4,Natalie,Jessica,"['lshift', 'j', 'backspace', 'lshift', 'j', 'e', 's', 's', 'i', 'c', 'a', 'return', 'space', 'space', 'return']",0
Natalie.mp4,Natalie,,,
Nathan.mp4,Nathan,Kevi,"['lshift', 'k', 'e', 'i', 'n', 'backspace', 'backspace', 'v', 'i', 'n', 'backspace']",0
Nathan.mp4,Nathan,,,
Nicole.mp4,Nicole,Nicole,"['lshift', 'n', 'i', 'c', 'o', 'l', 'e']",1
Nicole.mp4,Nicole,,,
Noah.mp4,Noah,,None,0
Noah.mp4,Noah,,,
Olivia.mp4,Olivia,,None,0
Olivia.mp4,Olivia,,,
Rachel.mp4,Rachel,Lauren,"['lshift', 'lshift', 'l', 'a', 'u', 'r', 'e', 'n']",0
Rachel.mp4,Rachel,,,
Rebecca.mp4,Rebecca,Olivia,"['lshift', 'o', 'l', 'i', 'v', 'i', 'a']",0
Rebecca.mp4,Rebecca,,,
Sarah.mp4,Sarah,Lauren,"['lshift', 'l', 'a', 'u', 'r', 'e', 'n']",0
Sarah.mp4,Sarah,,,
Shelby.mp4,Shelby,Lauren,"['lshift', 'l', 'a', 'u', 'r', 'e', 'n']",0
Shelby.mp4,Shelby,,,
Steven.mp4,Steven,Steven,"['lshift', 's', 't', 'e', 'v', 'e', 'n']",1
Steven.mp4,Steven,,,
Taylor.mp4,Taylor,,None,0
Taylor.mp4,Taylor,,,
Thomas.mp4,Thomas,Noah,"['lshift', 'n', 'o', 'h', 'backspace', 'a', 'h']",0
Thomas.mp4,Thomas,,,
Timothy.mp4,Timothy,Ethan,"['lshift', 'e', 't', 'h', 'a', 'n', 'space']",0
Timothy.mp4,Timothy,,,
Trevor.mp4,Trevor,Trevor,"['lshift', 't', 'r', 'e', 'v', 'o', 'r']",1
Trevor.mp4,Trevor,,,
Tyler.mp4,Tyler,,None,0
Tyler.mp4,Tyler,,,