Video,Name,inputText,key_resp_3.keys,recallRating_F
Aaron.mp4,Aaron,erin,"['e', 'r', 'i', 'n']",0
Aaron.mp4,Aaron,,,
Adam.mp4,Adam,,None,0
Adam.mp4,Adam,,,
Alyssa.mp4,Alyssa,emily,"['e', 'm', 'i', 'l', 'y']",0
Alyssa.mp4,Alyssa,,,
Amanda.mp4,Amanda,natalie,"['n', 'a', 't', 'a', 'l', 'i', 'e']",0
Amanda.mp4,Amanda,,,
Andrew.mp4,Andrew,micheal,"['m', 'i', 'c', 'h', 'r', 'backspace', 'e', 'a', 'l']",0
Andrew.mp4,Andrew,,,
Anna.mp4,Anna,anna,"['a', 'n', 'n', 'a']",0
Anna.mp4,Anna,,,
Ashley.mp4,Ashley,ashley,"['a', 's', 'h', 'l', 'e', 'y']",1
Ashley.mp4,Ashley,,,
Bradley.mp4,Bradley,n,"['e', 'r', 'i', 'n', 'backspace', 'backspace', 'backspace', 'backspace', 'backspace', 'n']",0
Bradley.mp4,Bradley,,,
Brandon.mp4,Brandon,jason,"['j', 'a', 's', 'o', 'n']",0
Brandon.mp4,Brandon,,,
Brian.mp4,Brian,mark,"['m', 'a', 'r', 'k']",0
Brian.mp4,Brian,,,
Brianna.mp4,Brianna,emily,"['e', 'm', 'i', 'l', 'y']",0
Brianna.mp4,Brianna,,,
Brittany.mp4,Brittany,brittany,"['b', 'r', 'i', 't', 't', 'a', 'n', 'y']",1
Brittany.mp4,Brittany,,,
Caleb.mp4,Caleb,caleb,"['c', 'a', 'l', 'e', 'b']",1
Caleb.mp4,Caleb,,,
Cody.mp4,Cody,erin,"['e', 'r', 'i', 'n']",0
Cody.mp4,Cody,,,
Courtney.mp4,Courtney,courtney,"['c', 'o', 'u', 'r', 't', 'n', 'e', 'y']",1
Courtney.mp4,Courtney,,,
Daniel.mp4,Daniel,jacob,"['j', 'a', 'c', 'o', 'b']",0
Daniel.mp4,Daniel,,,
Danielle.mp4,Danielle,ericka,"['e', 'r', 'i', 'c', 'k', 'a']",0
Danielle.mp4,Danielle,,,
David.mp4,David,mike,"['m', 'i', 'k', 'e']",0
David.mp4,David,,,
Dylan.mp4,Dylan,,None,0
Dylan.mp4,Dylan,,,
Emily.mp4,Emily,hannah,"['h', 'a', 'n', 'n', 'a', 'h']",0
Emily.mp4,Emily,,,
Eric.mp4,Eric,micheal,"['m', 'i', 'c', 'h', 'e', 'a', 'l']",0
Eric.mp4,Eric,,,
Ethan.mp4,Ethan,erin,"['e', 'r', 'i', 'c', 'backspace', 'n']",0
Ethan.mp4,Ethan,,,
Grace.mp4,Grace,grace,"['g', 'r', 'a', 'c', 'e']",1
Grace.mp4,Grace,,,
Haley.mp4,Haley,joj,"['j', 'o', 'e', 'l', 'backspace', 'backspace', 'e', 'backspace', 'j']",0
Haley.mp4,Haley,,,
Hannah.mp4,Hannah,,None,0
Hannah.mp4,Hannah,,,
Heather.mp4,Heather,heather,"['h', 'e', 'a', 't', 'h', 'e', 'r']",1
Heather.mp4,Heather,,,
Jacob.mp4,Jacob,,None,0
Jacob.mp4,Jacob,,,
Jason.mp4,Jason,jason,"['c', 'backspace', 'j', 'a', 's', 'o', 'n']",1
Jason.mp4,Jason,,,
Jenna.mp4,Jenna,janelle,"['j', 'a', 'n', 'e', 'l', 'l', 'e']",0
Jenna.mp4,Jenna,,,
Jeremy.mp4,Jeremy,rick,"['r', 'i', 'c', 'k']",0
Jeremy.mp4,Jeremy,,,
Jessica.mp4,Jessica,natalie,"['n', 'a', 't', 'a', 'l', 'i', 'e']",0
Jessica.mp4,Jessica,,,
Josh.mp4,Josh,josh,"['j', 'o', 's', 'h']",1
Josh.mp4,Josh,,,
Julia.mp4,Julia,,None,0
Julia.mp4,Julia,,,
Justin.mp4,Justin,paul,"['p', 'a', 'u', 'l']",0
Justin.mp4,Justin,,,
Katie.mp4,Katie,nicole,"['n', 'i', 'c', 'o', 'l', 'e']",0
Katie.mp4,Katie,,,
Kayla.mp4,Kayla,,None,0
Kayla.mp4,Kayla,,,
Kelsey.mp4,Kelsey,sara,"['s', 'a', 'r', 'a']",0
Kelsey.mp4,Kelsey,,,
Kevin.mp4,Kevin,erin,"['e', 'r', 'i', 'n']",0
Kevin.mp4,Kevin,,,
Kyle.mp4,Kyle,roger,"['r', 'o', 'g', 'e', 'r']",0
Kyle.mp4,Kyle,,,
Lauren.mp4,Lauren,emily,"['e', 'm', 'i', 'l', 'y']",0
Lauren.mp4,Lauren,,,
Mark.mp4,Mark,mark,"['m', 'a', 'r', 'k']",1
Mark.mp4,Mark,,,
Matthew.mp4,Matthew,micheal,"['m', 'i', 'c', 'h', 'e', 'a', 'l']",0
Matthew.mp4,Matthew,,,
Megan.mp4,Megan,julia,"['j', 'u', 'l', 'i', 'a']",0
Megan.mp4,Megan,,,
Michael.mp4,Michael,,None,0
Michael.mp4,Michael,,,
Michelle.mp4,Michelle,michelle,"['m', 'i', 'c', 'h', 'e', 'l', 'l', 'e']",1
Michelle.mp4,Michelle,,,
Natalie.mp4,Natalie,,None,0
Natalie.mp4,Natalie,,,
Nathan.mp4,Nathan,nathan,"['t', 'h', 'o', 'm', 'a', 's', 'backspace', 'backspace', 'backspace', 'backspace', 'backspace', 'backspace', 'n', 'a', 't', 'h', 'a', 'n']",1
Nathan.mp4,Nathan,,,
Nicole.mp4,Nicole,,None,0
Nicole.mp4,Nicole,,,
Noah.mp4,Noah,,"['t', 'h', 'o', 'm', 'a', 's', 'backspace', 'backspace', 'backspace', 'backspace', 'backspace', 'backspace']",0
Noah.mp4,Noah,,,
Olivia.mp4,Olivia,olivia,"['o', 'l', 'i', 'v', 'i', 'a']",1
Olivia.mp4,Olivia,,,
Rachel.mp4,Rachel,sopho,"['s', 'o', 'p', 'h', 'backspace', 'backspace', 'p', 'h', 'o', 'i', 'a', 'backspace', 'backspace']",0
Rachel.mp4,Rachel,,,
Rebecca.mp4,Rebecca,em,"['e', 'm', 'i', 'backspace', 'm', 'a', 'backspace', 'i', 'backspace', 'backspace']",0
Rebecca.mp4,Rebecca,,,
Sarah.mp4,Sarah,anna,"['a', 'n', 'n', 'a']",0
Sarah.mp4,Sarah,,,
Shelby.mp4,Shelby,shelby,"['s', 'h', 'e', 'l', 'b', 'y']",1
Shelby.mp4,Shelby,,,
Steven.mp4,Steven,erin,"['e', 'r', 'i', 'n']",0
Steven.mp4,Steven,,,
Taylor.mp4,Taylor,taylor,"['t', 'a', 'y', 'l', 'o', 'r']",1
Taylor.mp4,Taylor,,,
Thomas.mp4,Thomas,thomas,"['t', 'h', 'o', 'm', 'a', 's']",1
Thomas.mp4,Thomas,,,
Timothy.mp4,Timothy,erik,"['e', 'r', 'i', 'c', 'k', 'backspace', 'backspace', 'k']",0
Timothy.mp4,Timothy,,,
Trevor.mp4,Trevor,simon,"['s', 'i', 'm', 'o', 'n']",0
Trevor.mp4,Trevor,,,
Tyler.mp4,Tyler,paul,"['p', 'a', 'u', 'l']",0
Tyler.mp4,Tyler,,,