Video,Name,inputText,key_resp_3.keys,recallRating_F
Aaron.mp4,Aaron,,"['i', 'd', 'k', 'backspace', 'backspace', 'backspace']",0
Aaron.mp4,Aaron,,,
Adam.mp4,Adam,,None,0
Adam.mp4,Adam,,,
Alyssa.mp4,Alyssa,,None,0
Alyssa.mp4,Alyssa,,,
Amanda.mp4,Amanda,,None,0
Amanda.mp4,Amanda,,,
Andrew.mp4,Andrew,,None,0
Andrew.mp4,Andrew,,,
Anna.mp4,Anna,,None,0
Anna.mp4,Anna,,,
Ashley.mp4,Ashley,,None,0
Ashley.mp4,Ashley,,,
Bradley.mp4,Bradley,,None,0
Bradley.mp4,Bradley,,,
Brandon.mp4,Brandon,Michael,"['lshift', 'm', 'i', 'c', 'h', 'a', 'e', 'l']",0
Brandon.mp4,Brandon,,,
Brian.mp4,Brian,Brian,"['lshift', 'b', 'r', 'i', 'a', 'n']",1
Brian.mp4,Brian,,,
Brianna.mp4,Brianna,,None,0
Brianna.mp4,Brianna,,,
Brittany.mp4,Brittany,Hailey,"['lshift', 'h', 'a', 'i', 'l', 'e', 'y']",0
Brittany.mp4,Brittany,,,
Caleb.mp4,Caleb,,None,0
Caleb.mp4,Caleb,,,
Cody.mp4,Cody,,None,0
Cody.mp4,Cody,,,
Courtney.mp4,Courtney,Lauren,"['lshift', 'l', 'a', 'u', 'r', 'backspace', 'backspace', 'backspace', 'backspace', 'lshift', 's', 'h', 'e', 'l', 'v', 'backspace', 'b', 'backspace', 'backspace', 'backspace', 'backspace', 'backspace', 'lshift', 'l', 'a', 'u', 'r', 'e', 'n']",0
Courtney.mp4,Courtney,,,
Daniel.mp4,Daniel,,None,0
Daniel.mp4,Daniel,,,
Danielle.mp4,Danielle,,None,0
Danielle.mp4,Danielle,,,
David.mp4,David,,None,0
David.mp4,David,,,
Dylan.mp4,Dylan,David,"['lshift', 'd', 'a', 'v', 'i', 'd']",0
Dylan.mp4,Dylan,,,
Emily.mp4,Emily,,['lshift'],0
Emily.mp4,Emily,,,
Eric.mp4,Eric,,None,0
Eric.mp4,Eric,,,
Ethan.mp4,Ethan,,None,0
Ethan.mp4,Ethan,,,
Grace.mp4,Grace,Grace,"['lshift', 'g', 'r', 'a', 'c', 'e']",1
Grace.mp4,Grace,,,
Haley.mp4,Haley,,None,0
Haley.mp4,Haley,,,
Hannah.mp4,Hannah,,None,0
Hannah.mp4,Hannah,,,
Heather.mp4,Heather,,"['lshift', 'r', 'a', 'c', 'h', 'e', 'l', 'backspace', 'backspace', 'backspace', 'backspace', 'backspace', 'backspace']",0
Heather.mp4,Heather,,,
Jacob.mp4,Jacob,,['lshift'],0
Jacob.mp4,Jacob,,,
Jason.mp4,Jason,,None,0
Jason.mp4,Jason,,,
Jenna.mp4,Jenna,,None,0
Jenna.mp4,Jenna,,,
Jeremy.mp4,Jeremy,,None,0
Jeremy.mp4,Jeremy,,,
Jessica.mp4,Jessica,,None,0
Jessica.mp4,Jessica,,,
Josh.mp4,Josh,Aaron,"['lshift', 'a', 'a', 'r', 'o', 'n']",0
Josh.mp4,Josh,,,
Julia.mp4,Julia,,None,0
Julia.mp4,Julia,,,
Justin.mp4,Justin,,None,0
Justin.mp4,Justin,,,
Katie.mp4,Katie,,None,0
Katie.mp4,Katie,,,
Kayla.mp4,Kayla,,None,0
Kayla.mp4,Kayla,,,
Kelsey.mp4,Kelsey,,None,0
Kelsey.mp4,Kelsey,,,
Kevin.mp4,Kevin,,"['lshift', 'd', 'backspace']",0
Kevin.mp4,Kevin,,,
Kyle.mp4,Kyle,,None,0
Kyle.mp4,Kyle,,,
Lauren.mp4,Lauren,Shelby,"['lshift', 's', 'l', 'e', 'backspace', 'backspace', 'e', 'backspace', 'h', 'e', 'l', 'b', 'y']",0
Lauren.mp4,Lauren,,,
Mark.mp4,Mark,,None,0
Mark.mp4,Mark,,,
Matthew.mp4,Matthew,,None,0
Matthew.mp4,Matthew,,,
Megan.mp4,Megan,,None,0
Megan.mp4,Megan,,,
Michael.mp4,Michael,,None,0
Michael.mp4,Michael,,,
Michelle.mp4,Michelle,Michelle,"['lshift', 'm', 'i', 'c', 'h', 'e', 'l', 'l', 'l', 'e', 'backspace', 'backspace', 'e']",1
Michelle.mp4,Michelle,,,
Natalie.mp4,Natalie,,None,0
Natalie.mp4,Natalie,,,
Nathan.mp4,Nathan,,"['lshift', 'k', 'backspace']",0
Nathan.mp4,Nathan,,,
Nicole.mp4,Nicole,Kayla,"['lshift', 'k', 'a', 'y', 'l', 'a']",0
Nicole.mp4,Nicole,,,
Noah.mp4,Noah,,None,0
Noah.mp4,Noah,,,
Olivia.mp4,Olivia,Olivia,"['lshift', 'o', 'l', 'i', 'v', 'i', 'a']",1
Olivia.mp4,Olivia,,,
Rachel.mp4,Rachel,Rachel,"['lshift', 'r', 'a', 'c', 'h', 'e', 'l']",1
Rachel.mp4,Rachel,,,
Rebecca.mp4,Rebecca,,None,0
Rebecca.mp4,Rebecca,,,
Sarah.mp4,Sarah,,"['lshift', 's', 'h', 'e', 'l', 'backspace', 'backspace', 'backspace', 'backspace']",0
Sarah.mp4,Sarah,,,
Shelby.mp4,Shelby,,None,0
Shelby.mp4,Shelby,,,
Steven.mp4,Steven,,None,0
Steven.mp4,Steven,,,
Taylor.mp4,Taylor,,"['1', 'backspace']",0
Taylor.mp4,Taylor,,,
Thomas.mp4,Thomas,Mark,"['lshift', 'm', 'a', 'r', 'k']",0
Thomas.mp4,Thomas,,,
Timothy.mp4,Timothy,,"['t', 'i', 'backspace', 'backspace', 'lshift']",0
Timothy.mp4,Timothy,,,
Trevor.mp4,Trevor,Trevor,"['lshift', 't', 'r', 'e', 'v', 'o', 'r', 'return']",1
Trevor.mp4,Trevor,,,
Tyler.mp4,Tyler,,None,0
Tyler.mp4,Tyler,,,