Video,Name,inputText,key_resp_3.keys,recallRating_F
Aaron.mp4,Aaron,,None,0
Aaron.mp4,Aaron,,,
Adam.mp4,Adam,eric,"['e', 'r', 'i', 'c']",0
Adam.mp4,Adam,,,
Alyssa.mp4,Alyssa,,None,0
Alyssa.mp4,Alyssa,,,
Amanda.mp4,Amanda,,None,0
Amanda.mp4,Amanda,,,
Andrew.mp4,Andrew,,None,0
Andrew.mp4,Andrew,,,
Anna.mp4,Anna,ana,"['a', 'n', 'a']",1
Anna.mp4,Anna,,,
Ashley.mp4,Ashley,hailey,"['h', 'a', 'i', 'l', 'e', 'y']",0
Ashley.mp4,Ashley,,,
Bradley.mp4,Bradley,bradley,"['b', 'r', 'a', 'd', 'l', 'e', 'y']",1
Bradley.mp4,Bradley,,,
Brandon.mp4,Brandon,,None,0
Brandon.mp4,Brandon,,,
Brian.mp4,Brian,brian,"['b', 'r', 'i', 'a', 'n']",1
Brian.mp4,Brian,,,
Brianna.mp4,Brianna,,None,0
Brianna.mp4,Brianna,,,
Brittany.mp4,Brittany,,None,0
Brittany.mp4,Brittany,,,
Caleb.mp4,Caleb,andrew,"['a', 'n', 'd', 'r', 'e', 'w']",0
Caleb.mp4,Caleb,,,
Cody.mp4,Cody,trevor,"['t', 'r', 'e', 'v', 'o', 'r']",0
Cody.mp4,Cody,,,
Courtney.mp4,Courtney,courtney,"['c', 'o', 'u', 'r', 't', 'n', 'e', 'y']",1
Courtney.mp4,Courtney,,,
Daniel.mp4,Daniel,,None,0
Daniel.mp4,Daniel,,,
Danielle.mp4,Danielle,sarah,"['s', 'a', 'r', 'a', 'h']",0
Danielle.mp4,Danielle,,,
David.mp4,David,david,"['d', 'a', 'v', 'i', 'd']",0
David.mp4,David,,,
Dylan.mp4,Dylan,andrew,"['a', 'n', 'd', 'r', 'e', 'w']",0
Dylan.mp4,Dylan,,,
Emily.mp4,Emily,michelle,"['m', 'i', 'c', 'h', 'e', 'l', 'l', 'e']",0
Emily.mp4,Emily,,,
Eric.mp4,Eric,tom,"['t', 'o', 'm']",0
Eric.mp4,Eric,,,
Ethan.mp4,Ethan,lucas,"['l', 'u', 'c', 'a', 's']",0
Ethan.mp4,Ethan,,,
Grace.mp4,Grace,grace,"['g', 'r', 'a', 'c', 'e']",1
Grace.mp4,Grace,,,
Haley.mp4,Haley,jessica,"['j', 'e', 's', 's', 'i', 'c', 'a']",0
Haley.mp4,Haley,,,
Hannah.mp4,Hannah,sarah,"['s', 'a', 'r', 'a', 'h']",0
Hannah.mp4,Hannah,,,
Heather.mp4,Heather,heather,"['h', 'e', 'a', 't', 'h', 'e', 'r']",1
Heather.mp4,Heather,,,
Jacob.mp4,Jacob,jacob,"['j', 'a', 'c', 'o', 'b']",1
Jacob.mp4,Jacob,,,
Jason.mp4,Jason,,None,0
Jason.mp4,Jason,,,
Jenna.mp4,Jenna,sarah,"['s', 'a', 'r', 'a', 'h']",0
Jenna.mp4,Jenna,,,
Jeremy.mp4,Jeremy,tre,"['d', 'a', 'v', 'backspace', 'backspace', 'backspace', 't', 'r', 'e']",0
Jeremy.mp4,Jeremy,,,
Jessica.mp4,Jessica,,None,0
Jessica.mp4,Jessica,,,
Josh.mp4,Josh,,None,0
Josh.mp4,Josh,,,
Julia.mp4,Julia,sarah,"['s', 'a', 'r', 'a', 'h', 'space']",0
Julia.mp4,Julia,,,
Justin.mp4,Justin,,None,0
Justin.mp4,Justin,,,
Katie.mp4,Katie,katie,"['k', 'a', 't', 'i', 'e']",1
Katie.mp4,Katie,,,
Kayla.mp4,Kayla,rebecca,"['r', 'e', 'b', 'e', 'c', 'c', 'a']",0
Kayla.mp4,Kayla,,,
Kelsey.mp4,Kelsey,jessica,"['j', 'e', 's', 's', 'i', 'c', 'a', 'return']",0
Kelsey.mp4,Kelsey,,,
Kevin.mp4,Kevin,nathan,"['n', 'a', 't', 'h', 'a', 'n']",0
Kevin.mp4,Kevin,,,
Kyle.mp4,Kyle,james,"['j', 'a', 'm', 'e', 's']",0
Kyle.mp4,Kyle,,,
Lauren.mp4,Lauren,lauren,"['l', 'a', 'u', 'r', 'e', 'n']",1
Lauren.mp4,Lauren,,,
Mark.mp4,Mark,,None,0
Mark.mp4,Mark,,,
Matthew.mp4,Matthew,,None,0
Matthew.mp4,Matthew,,,
Megan.mp4,Megan,,None,0
Megan.mp4,Megan,,,
Michael.mp4,Michael,,None,0
Michael.mp4,Michael,,,
Michelle.mp4,Michelle,,None,0
Michelle.mp4,Michelle,,,
Natalie.mp4,Natalie,amy,"['a', 'm', 'y', 'return', 'space']",0
Natalie.mp4,Natalie,,,
Nathan.mp4,Nathan,jason,"['j', 'a', 's', 'o', 'n']",0
Nathan.mp4,Nathan,,,
Nicole.mp4,Nicole,,None,0
Nicole.mp4,Nicole,,,
Noah.mp4,Noah,noah,"['n', 'o', 'a', 'h']",1
Noah.mp4,Noah,,,
Olivia.mp4,Olivia,,None,0
Olivia.mp4,Olivia,,,
Rachel.mp4,Rachel,,None,0
Rachel.mp4,Rachel,,,
Rebecca.mp4,Rebecca,jessica,"['e', 'backspace', 'j', 'e', 's', 's', 'i', 'c', 'a']",0
Rebecca.mp4,Rebecca,,,
Sarah.mp4,Sarah,taylor,"['t', 'a', 'y', 'l', 'o', 'r']",0
Sarah.mp4,Sarah,,,
Shelby.mp4,Shelby,,None,0
Shelby.mp4,Shelby,,,
Steven.mp4,Steven,,None,0
Steven.mp4,Steven,,,
Taylor.mp4,Taylor,,None,0
Taylor.mp4,Taylor,,,
Thomas.mp4,Thomas,thomas,"['t', 'h', 'o', 'm', 'a', 's']",1
Thomas.mp4,Thomas,,,
Timothy.mp4,Timothy,luke,"['l', 'u', 'k', 'e']",0
Timothy.mp4,Timothy,,,
Trevor.mp4,Trevor,noah,"['n', 'o', 'a', 'h']",0
Trevor.mp4,Trevor,,,
Tyler.mp4,Tyler,,None,0
Tyler.mp4,Tyler,,,