Video,Name,inputText,key_resp_3.keys,recallRating_F
Aaron.mp4,Aaron,,None,0
Aaron.mp4,Aaron,,,
Adam.mp4,Adam,,None,0
Adam.mp4,Adam,,,
Alyssa.mp4,Alyssa,,None,0
Alyssa.mp4,Alyssa,,,
Amanda.mp4,Amanda,,None,0
Amanda.mp4,Amanda,,,
Andrew.mp4,Andrew,eason,"['e', 'a', 's', 'o', 'n']",0
Andrew.mp4,Andrew,,,
Anna.mp4,Anna,anna,"['a', 'n', 'n', 'a']",1
Anna.mp4,Anna,,,
Ashley.mp4,Ashley,,None,0
Ashley.mp4,Ashley,,,
Bradley.mp4,Bradley,,None,0
Bradley.mp4,Bradley,,,
Brandon.mp4,Brandon,,None,0
Brandon.mp4,Brandon,,,
Brian.mp4,Brian,jason,"['j', 'a', 's', 'o', 'n']",0
Brian.mp4,Brian,,,
Brianna.mp4,Brianna,,None,0
Brianna.mp4,Brianna,,,
Brittany.mp4,Brittany,,None,0
Brittany.mp4,Brittany,,,
Caleb.mp4,Caleb,,None,0
Caleb.mp4,Caleb,,,
Cody.mp4,Cody,,None,0
Cody.mp4,Cody,,,
Courtney.mp4,Courtney,,None,0
Courtney.mp4,Courtney,,,
Daniel.mp4,Daniel,,None,0
Daniel.mp4,Daniel,,,
Danielle.mp4,Danielle,sarah,"['s', 'a', 'r', 'a', 'h']",0
Danielle.mp4,Danielle,,,
David.mp4,David,,None,0
David.mp4,David,,,
Dylan.mp4,Dylan,dylan,"['d', 'y', 'l', 'a', 'n']",1
Dylan.mp4,Dylan,,,
Emily.mp4,Emily,emily,"['e', 'm', 'i', 'l', 'y']",1
Emily.mp4,Emily,,,
Eric.mp4,Eric,ei,"['capslock', 'e', 'i', 'r', 'c', 'backspace', 'backspace', 'backspace']",0
Eric.mp4,Eric,,,
Ethan.mp4,Ethan,tom,"['t', 'o', 'm']",0
Ethan.mp4,Ethan,,,
Grace.mp4,Grace,grace,"['g', 'r', 'a', 'c', 'e', 'space']",1
Grace.mp4,Grace,,,
Haley.mp4,Haley,haley,"['h', 'a', 'l', 'e', 'y']",1
Haley.mp4,Haley,,,
Hannah.mp4,Hannah,,None,0
Hannah.mp4,Hannah,,,
Heather.mp4,Heather,,None,0
Heather.mp4,Heather,,,
Jacob.mp4,Jacob,jacob,"['j', 'a', 'c', 'o', 'b']",1
Jacob.mp4,Jacob,,,
Jason.mp4,Jason,,None,0
Jason.mp4,Jason,,,
Jenna.mp4,Jenna,,None,0
Jenna.mp4,Jenna,,,
Jeremy.mp4,Jeremy,jeremy,"['j', 'e', 'r', 'm', 'e', 'backspace', 'y', 'backspace', 'backspace', 'backspace', 'r', 'e', 'r', 'backspace', 'm', 'y']",1
Jeremy.mp4,Jeremy,,,
Jessica.mp4,Jessica,,None,0
Jessica.mp4,Jessica,,,
Josh.mp4,Josh,,None,0
Josh.mp4,Josh,,,
Julia.mp4,Julia,,None,0
Julia.mp4,Julia,,,
Justin.mp4,Justin,frank,"['f', 'r', 'a', 'n', 'k']",0
Justin.mp4,Justin,,,
Katie.mp4,Katie,katie,"['k', 'a', 'i', 'e', 'backspace', 'backspace', 't', 'i', 'e']",1
Katie.mp4,Katie,,,
Kayla.mp4,Kayla,cortne,"['c', 'o', 'r', 't', 'n', 'e']",0
Kayla.mp4,Kayla,,,
Kelsey.mp4,Kelsey,danielle,"['d', 'a', 'n', 'i', 'e', 'e', 'l', 'e', 'backspace', 'backspace', 'backspace', 'l', 'l', 'e']",0
Kelsey.mp4,Kelsey,,,
Kevin.mp4,Kevin,,None,0
Kevin.mp4,Kevin,,,
Kyle.mp4,Kyle,,None,0
Kyle.mp4,Kyle,,,
Lauren.mp4,Lauren,lauren,"['l', 'a', 'u', 'r', 'n', 'backspace', 'e', 'n']",1
Lauren.mp4,Lauren,,,
Mark.mp4,Mark,mark,"['a', 'r', 'backspace', 'backspace', 'm', 'a', 'r', 'k']",1
Mark.mp4,Mark,,,
Matthew.mp4,Matthew,,None,0
Matthew.mp4,Matthew,,,
Megan.mp4,Megan,,None,0
Megan.mp4,Megan,,,
Michael.mp4,Michael,jason,"['j', 'a', 's', 'o', 'n']",0
Michael.mp4,Michael,,,
Michelle.mp4,Michelle,michelle,"['comma', 'i', 'backspace', 'm', 'i', 'c', 'h', 'e', 'e', 'backspace', 'l', 'l', 'e']",1
Michelle.mp4,Michelle,,,
Natalie.mp4,Natalie,,None,0
Natalie.mp4,Natalie,,,
Nathan.mp4,Nathan,,None,0
Nathan.mp4,Nathan,,,
Nicole.mp4,Nicole,,None,0
Nicole.mp4,Nicole,,,
Noah.mp4,Noah,thomas,"['t', 'h', 'o', 'm', 'a', 's']",0
Noah.mp4,Noah,,,
Olivia.mp4,Olivia,olivia,"['o', 'l', 'i', 'v', 'i', 'a']",1
Olivia.mp4,Olivia,,,
Rachel.mp4,Rachel,,None,0
Rachel.mp4,Rachel,,,
Rebecca.mp4,Rebecca,,None,0
Rebecca.mp4,Rebecca,,,
Sarah.mp4,Sarah,,None,0
Sarah.mp4,Sarah,,,
Shelby.mp4,Shelby,nicol,"['n', 'i', 'c', 'o', 'l']",0
Shelby.mp4,Shelby,,,
Steven.mp4,Steven,heather,"['h', 'e', 'a', 't', 'h', 'e', 'r']",0
Steven.mp4,Steven,,,
Taylor.mp4,Taylor,,None,0
Taylor.mp4,Taylor,,,
Thomas.mp4,Thomas,mark,"['m', 'r', 'k', 'backspace', 'backspace', 'a', 'r', 'k']",0
Thomas.mp4,Thomas,,,
Timothy.mp4,Timothy,,None,0
Timothy.mp4,Timothy,,,
Trevor.mp4,Trevor,,None,0
Trevor.mp4,Trevor,,,
Tyler.mp4,Tyler,heather,"['h', 'e', 'a', 't', 'h', 'e', 'r']",0
Tyler.mp4,Tyler,,,