Video,Name,inputText,key_resp_3.keys,recallRating_F
Aaron.mp4,Aaron,aaron,"['a', 'a', 'r', 'o', 'n', 'm', 'backspace']",1
Aaron.mp4,Aaron,,,
Adam.mp4,Adam,,None,0
Adam.mp4,Adam,,,
Alyssa.mp4,Alyssa,,None,0
Alyssa.mp4,Alyssa,,,
Amanda.mp4,Amanda,,None,0
Amanda.mp4,Amanda,,,
Andrew.mp4,Andrew,,None,0
Andrew.mp4,Andrew,,,
Anna.mp4,Anna,,None,0
Anna.mp4,Anna,,,
Ashley.mp4,Ashley,,None,0
Ashley.mp4,Ashley,,,
Bradley.mp4,Bradley,joey,"['j', 'o', 'e', 'y']",0
Bradley.mp4,Bradley,,,
Brandon.mp4,Brandon,,None,0
Brandon.mp4,Brandon,,,
Brian.mp4,Brian,,None,0
Brian.mp4,Brian,,,
Brianna.mp4,Brianna,,None,0
Brianna.mp4,Brianna,,,
Brittany.mp4,Brittany,rachel,"['r', 'a', 'c', 'h', 'e', 'l']",0
Brittany.mp4,Brittany,,,
Caleb.mp4,Caleb,,None,0
Caleb.mp4,Caleb,,,
Cody.mp4,Cody,,None,0
Cody.mp4,Cody,,,
Courtney.mp4,Courtney,,None,0
Courtney.mp4,Courtney,,,
Daniel.mp4,Daniel,david,"['d', 'a', 'v', 'o', 'd', 'backspace', 'backspace', 'i', 'd']",0
Daniel.mp4,Daniel,,,
Danielle.mp4,Danielle,laura,"['a', 'u', 'r', 'a', 'backspace', 'backspace', 'backspace', 'backspace', 'backspace', 'l', 'a', 'u', 'r', 'a']",0
Danielle.mp4,Danielle,,,
David.mp4,David,,None,0
David.mp4,David,,,
Dylan.mp4,Dylan,,None,0
Dylan.mp4,Dylan,,,
Emily.mp4,Emily,,None,0
Emily.mp4,Emily,,,
Eric.mp4,Eric,ethan,"['e', 't', 'h', 'a', 'n', 'return', 'space']",0
Eric.mp4,Eric,,,
Ethan.mp4,Ethan,ethan,"['e', 't', 'h', 'a', 'n']",1
Ethan.mp4,Ethan,,,
Grace.mp4,Grace,,None,0
Grace.mp4,Grace,,,
Haley.mp4,Haley,,None,0
Haley.mp4,Haley,,,
Hannah.mp4,Hannah,,None,0
Hannah.mp4,Hannah,,,
Heather.mp4,Heather,,None,0
Heather.mp4,Heather,,,
Jacob.mp4,Jacob,,"['s', 'backspace']",0
Jacob.mp4,Jacob,,,
Jason.mp4,Jason,,None,0
Jason.mp4,Jason,,,
Jenna.mp4,Jenna,,None,0
Jenna.mp4,Jenna,,,
Jeremy.mp4,Jeremy,,None,0
Jeremy.mp4,Jeremy,,,
Jessica.mp4,Jessica,taylor,"['t', 'a', 'y', 'l', 'o', 'r']",0
Jessica.mp4,Jessica,,,
Josh.mp4,Josh,josh,"['j', 'o', 's', 'h']",1
Josh.mp4,Josh,,,
Julia.mp4,Julia,,None,0
Julia.mp4,Julia,,,
Justin.mp4,Justin,aaron,"['a', 'a', 'r', 'o', 'n']",0
Justin.mp4,Justin,,,
Katie.mp4,Katie,,None,0
Katie.mp4,Katie,,,
Kayla.mp4,Kayla,,None,0
Kayla.mp4,Kayla,,,
Kelsey.mp4,Kelsey,,None,0
Kelsey.mp4,Kelsey,,,
Kevin.mp4,Kevin,,None,0
Kevin.mp4,Kevin,,,
Kyle.mp4,Kyle,,None,0
Kyle.mp4,Kyle,,,
Lauren.mp4,Lauren,,None,0
Lauren.mp4,Lauren,,,
Mark.mp4,Mark,mark,"['m', 'a', 'r', 'k']",1
Mark.mp4,Mark,,,
Matthew.mp4,Matthew,ethan,"['e', 't', 'h', 'a', 'n']",0
Matthew.mp4,Matthew,,,
Megan.mp4,Megan,megan,"['m', 'e', 'g', 'a', 'n']",1
Megan.mp4,Megan,,,
Michael.mp4,Michael,,None,0
Michael.mp4,Michael,,,
Michelle.mp4,Michelle,,None,0
Michelle.mp4,Michelle,,,
Natalie.mp4,Natalie,,None,0
Natalie.mp4,Natalie,,,
Nathan.mp4,Nathan,jake,"['j', 'a', 'k', 'e']",0
Nathan.mp4,Nathan,,,
Nicole.mp4,Nicole,,None,0
Nicole.mp4,Nicole,,,
Noah.mp4,Noah,,None,0
Noah.mp4,Noah,,,
Olivia.mp4,Olivia,sarah,"['s', 'a', 'r', 'a', 'h']",0
Olivia.mp4,Olivia,,,
Rachel.mp4,Rachel,,"['y', 'backspace']",0
Rachel.mp4,Rachel,,,
Rebecca.mp4,Rebecca,court,"['s', 'h', 'e', 'backspace', 'backspace', 'backspace', 'c', 'o', 'u', 'r', 't']",0
Rebecca.mp4,Rebecca,,,
Sarah.mp4,Sarah,,None,0
Sarah.mp4,Sarah,,,
Shelby.mp4,Shelby,,None,0
Shelby.mp4,Shelby,,,
Steven.mp4,Steven,,"['1', '2', '3', 'backspace', 'backspace', 'backspace']",0
Steven.mp4,Steven,,,
Taylor.mp4,Taylor,,None,0
Taylor.mp4,Taylor,,,
Thomas.mp4,Thomas,jake,"['j', 'a', 'k', 'e']",0
Thomas.mp4,Thomas,,,
Timothy.mp4,Timothy,timothy,"['t', 'i', 'm', 'o', 't', 'h', 'y']",1
Timothy.mp4,Timothy,,,
Trevor.mp4,Trevor,,"['2', 'backspace']",0
Trevor.mp4,Trevor,,,
Tyler.mp4,Tyler,,None,0
Tyler.mp4,Tyler,,,