Video,Name,inputText,key_resp_3.keys,recallRating_F
Aaron.mp4,Aaron,aaron,"['a', 'a', 'r', 'o', 'n']",1
Aaron.mp4,Aaron,,,
Adam.mp4,Adam,alex,"['a', 'l', 'e', 'x', 'return']",0
Adam.mp4,Adam,,,
Alyssa.mp4,Alyssa,alyssa,"['a', 'l', 'y', 's', 's', 'a']",1
Alyssa.mp4,Alyssa,,,
Amanda.mp4,Amanda,,None,0
Amanda.mp4,Amanda,,,
Andrew.mp4,Andrew,caleb,"['c', 'a', 'l', 'e', 'b']",0
Andrew.mp4,Andrew,,,
Anna.mp4,Anna,,None,0
Anna.mp4,Anna,,,
Ashley.mp4,Ashley,ashley,"['a', 's', 'h', 'e', 'backspace', 'l', 'e', 'y']",1
Ashley.mp4,Ashley,,,
Bradley.mp4,Bradley,,None,0
Bradley.mp4,Bradley,,,
Brandon.mp4,Brandon,,None,0
Brandon.mp4,Brandon,,,
Brian.mp4,Brian,justin,"['j', 'u', 's', 't', 'i', 'n']",0
Brian.mp4,Brian,,,
Brianna.mp4,Brianna,claudia,"['c', 'l', 'a', 'u', 'd', 'i', 'a']",0
Brianna.mp4,Brianna,,,
Brittany.mp4,Brittany,,None,0
Brittany.mp4,Brittany,,,
Caleb.mp4,Caleb,caleb,"['c', 'a', 'l', 'e', 'b']",1
Caleb.mp4,Caleb,,,
Cody.mp4,Cody,tyler,"['t', 'backspace', 'y', 'backspace', 't', 'y', 'l', 'e', 'r']",0
Cody.mp4,Cody,,,
Courtney.mp4,Courtney,shelby,"['s', 'h', 'e', 'l', 'b', 'y', 'y', 'backspace']",0
Courtney.mp4,Courtney,,,
Daniel.mp4,Daniel,,None,0
Daniel.mp4,Daniel,,,
Danielle.mp4,Danielle,,None,0
Danielle.mp4,Danielle,,,
David.mp4,David,,None,0
David.mp4,David,,,
Dylan.mp4,Dylan,,None,0
Dylan.mp4,Dylan,,,
Emily.mp4,Emily,,None,0
Emily.mp4,Emily,,,
Eric.mp4,Eric,,None,0
Eric.mp4,Eric,,,
Ethan.mp4,Ethan,,None,0
Ethan.mp4,Ethan,,,
Grace.mp4,Grace,grace,"['g', 'r', 'a', 'c', 'e']",1
Grace.mp4,Grace,,,
Haley.mp4,Haley,rachael,"['r', 'a', 'c', 'h', 'a', 'e', 'l']",0
Haley.mp4,Haley,,,
Hannah.mp4,Hannah,hannah,"['h', 'a', 'n', 'n', 'a', 'h']",1
Hannah.mp4,Hannah,,,
Heather.mp4,Heather,,None,0
Heather.mp4,Heather,,,
Jacob.mp4,Jacob,,None,0
Jacob.mp4,Jacob,,,
Jason.mp4,Jason,,None,0
Jason.mp4,Jason,,,
Jenna.mp4,Jenna,,"['g', 'e', 'o', 'r', 'backspace', 'backspace', 'backspace', 'backspace', 'backspace']",0
Jenna.mp4,Jenna,,,
Jeremy.mp4,Jeremy,adam,"['a', 'd', 'a', 'm']",0
Jeremy.mp4,Jeremy,,,
Jessica.mp4,Jessica,natalie,"['n', 'a', 't', 'a', 'l', 'i', 'e', 'return']",0
Jessica.mp4,Jessica,,,
Josh.mp4,Josh,,None,0
Josh.mp4,Josh,,,
Julia.mp4,Julia,,None,0
Julia.mp4,Julia,,,
Justin.mp4,Justin,,None,0
Justin.mp4,Justin,,,
Katie.mp4,Katie,katie,"['k', 'a', 't', 'i', 'e']",1
Katie.mp4,Katie,,,
Kayla.mp4,Kayla,,None,0
Kayla.mp4,Kayla,,,
Kelsey.mp4,Kelsey,,None,0
Kelsey.mp4,Kelsey,,,
Kevin.mp4,Kevin,,None,0
Kevin.mp4,Kevin,,,
Kyle.mp4,Kyle,,None,0
Kyle.mp4,Kyle,,,
Lauren.mp4,Lauren,oliv,"['o', 'l', 'i', 'v']",0
Lauren.mp4,Lauren,,,
Mark.mp4,Mark,adam,"['a', 'd', 'a', 'm']",0
Mark.mp4,Mark,,,
Matthew.mp4,Matthew,thomas,"['t', 'h', 'o', 'm', 'a', 's']",0
Matthew.mp4,Matthew,,,
Megan.mp4,Megan,sarah,"['s', 'a', 'r', 'a', 'h']",0
Megan.mp4,Megan,,,
Michael.mp4,Michael,michael,"['m', 'i', 'c', 'h', 'a', 'e', 'l']",1
Michael.mp4,Michael,,,
Michelle.mp4,Michelle,anna,"['a', 'n', 'n', 'a']",0
Michelle.mp4,Michelle,,,
Natalie.mp4,Natalie,,None,0
Natalie.mp4,Natalie,,,
Nathan.mp4,Nathan,ryan,"['r', 'y', 'a', 'm', 'backspace', 'n']",0
Nathan.mp4,Nathan,,,
Nicole.mp4,Nicole,rachael,"['r', 'a', 'c', 'h', 'a', 'e', 'l']",0
Nicole.mp4,Nicole,,,
Noah.mp4,Noah,,None,0
Noah.mp4,Noah,,,
Olivia.mp4,Olivia,hannah,"['h', 'a', 'n', 'n', 'a', 'h']",0
Olivia.mp4,Olivia,,,
Rachel.mp4,Rachel,,None,0
Rachel.mp4,Rachel,,,
Rebecca.mp4,Rebecca,,None,0
Rebecca.mp4,Rebecca,,,
Sarah.mp4,Sarah,rebecca,"['r', 'e', 'b', 'e', 'c', 'c', 'a']",0
Sarah.mp4,Sarah,,,
Shelby.mp4,Shelby,olivia,"['o', 'l', 'i', 'v', 'i', 'a']",0
Shelby.mp4,Shelby,,,
Steven.mp4,Steven,,None,0
Steven.mp4,Steven,,,
Taylor.mp4,Taylor,,None,0
Taylor.mp4,Taylor,,,
Thomas.mp4,Thomas,thomas,"['t', 'h', 'o', 'm', 'a', 's', 'return']",1
Thomas.mp4,Thomas,,,
Timothy.mp4,Timothy,,None,0
Timothy.mp4,Timothy,,,
Trevor.mp4,Trevor,michael,"['m', 'i', 'c', 'h', 'a', 'e', 'l']",0
Trevor.mp4,Trevor,,,
Tyler.mp4,Tyler,thomas,"['t', 'h', 'o', 'm', 'a', 's']",0
Tyler.mp4,Tyler,,,