Video,Name,inputText,key_resp_3.keys,recallRating_F
Aaron.mp4,Aaron,,None,0
Aaron.mp4,Aaron,,,
Adam.mp4,Adam,,"['1', 'backspace', 'return']",0
Adam.mp4,Adam,,,
Alyssa.mp4,Alyssa,,None,0
Alyssa.mp4,Alyssa,,,
Amanda.mp4,Amanda,,None,0
Amanda.mp4,Amanda,,,
Andrew.mp4,Andrew,,None,0
Andrew.mp4,Andrew,,,
Anna.mp4,Anna,,None,0
Anna.mp4,Anna,,,
Ashley.mp4,Ashley,,None,0
Ashley.mp4,Ashley,,,
Bradley.mp4,Bradley,,None,0
Bradley.mp4,Bradley,,,
Brandon.mp4,Brandon,,None,0
Brandon.mp4,Brandon,,,
Brian.mp4,Brian,,None,0
Brian.mp4,Brian,,,
Brianna.mp4,Brianna,,None,0
Brianna.mp4,Brianna,,,
Brittany.mp4,Brittany,recheal,"['r', 'e', 'c', 'h', 'e', 'a', 'l']",0
Brittany.mp4,Brittany,,,
Caleb.mp4,Caleb,mich,"['comma', 'm', 'i', 'c', 'h']",0
Caleb.mp4,Caleb,,,
Cody.mp4,Cody,,None,0
Cody.mp4,Cody,,,
Courtney.mp4,Courtney,,None,0
Courtney.mp4,Courtney,,,
Daniel.mp4,Daniel,,None,0
Daniel.mp4,Daniel,,,
Danielle.mp4,Danielle,,None,0
Danielle.mp4,Danielle,,,
David.mp4,David,david,"['capslock', 'd', 'a', 'v', 'i', 'd']",1
David.mp4,David,,,
Dylan.mp4,Dylan,,None,0
Dylan.mp4,Dylan,,,
Emily.mp4,Emily,,"['n', 'backspace']",0
Emily.mp4,Emily,,,
Eric.mp4,Eric,,None,0
Eric.mp4,Eric,,,
Ethan.mp4,Ethan,,None,0
Ethan.mp4,Ethan,,,
Grace.mp4,Grace,grace,"['g', 'r', 'a', 'c', 'e']",1
Grace.mp4,Grace,,,
Haley.mp4,Haley,,None,0
Haley.mp4,Haley,,,
Hannah.mp4,Hannah,,None,0
Hannah.mp4,Hannah,,,
Heather.mp4,Heather,,None,0
Heather.mp4,Heather,,,
Jacob.mp4,Jacob,,None,0
Jacob.mp4,Jacob,,,
Jason.mp4,Jason,,None,0
Jason.mp4,Jason,,,
Jenna.mp4,Jenna,,None,0
Jenna.mp4,Jenna,,,
Jeremy.mp4,Jeremy,,None,0
Jeremy.mp4,Jeremy,,,
Jessica.mp4,Jessica,,None,0
Jessica.mp4,Jessica,,,
Josh.mp4,Josh,steven,"['s', 't', 'e', 'v', 'e', 'n']",0
Josh.mp4,Josh,,,
Julia.mp4,Julia,k,"['k', 'a']",0
Julia.mp4,Julia,,,
Justin.mp4,Justin,,None,0
Justin.mp4,Justin,,,
Katie.mp4,Katie,kile,"['k', 'i', 'l', 'e']",0
Katie.mp4,Katie,,,
Kayla.mp4,Kayla,shabey,"['s', 'h', 'a', 'b', 'e', 'y']",0
Kayla.mp4,Kayla,,,
Kelsey.mp4,Kelsey,,"['space', 'return']",0
Kelsey.mp4,Kelsey,,,
Kevin.mp4,Kevin,,None,0
Kevin.mp4,Kevin,,,
Kyle.mp4,Kyle,,None,0
Kyle.mp4,Kyle,,,
Lauren.mp4,Lauren,laura,"['l', 'a', 'u', 'r', 'a']",0
Lauren.mp4,Lauren,,,
Mark.mp4,Mark,mark,"['m', 'a', 'r', 'k']",1
Mark.mp4,Mark,,,
Matthew.mp4,Matthew,,None,0
Matthew.mp4,Matthew,,,
Megan.mp4,Megan,rache,"['r', 'a', 'c', 'h', 'e']",0
Megan.mp4,Megan,,,
Michael.mp4,Michael,,None,0
Michael.mp4,Michael,,,
Michelle.mp4,Michelle,,None,0
Michelle.mp4,Michelle,,,
Natalie.mp4,Natalie,,None,0
Natalie.mp4,Natalie,,,
Nathan.mp4,Nathan,nanson,"['n', 'a', 'n', 's', 'a', 'n', 'backspace', 'backspace', 'o', 'm', 'backspace', 'n']",0
Nathan.mp4,Nathan,,,
Nicole.mp4,Nicole,noel,"['n', 'o', 'e', 'l']",0
Nicole.mp4,Nicole,,,
Noah.mp4,Noah,,None,0
Noah.mp4,Noah,,,
Olivia.mp4,Olivia,olivia,"['o', 'l', 'i', 'v', 'a', 'backspace', 'i', 'a']",1
Olivia.mp4,Olivia,,,
Rachel.mp4,Rachel,raley,"['r', 'a', 'l', 'e', 'y']",0
Rachel.mp4,Rachel,,,
Rebecca.mp4,Rebecca,,None,0
Rebecca.mp4,Rebecca,,,
Sarah.mp4,Sarah,sarah,"['s', 'a', 'r', 'a', 'h']",1
Sarah.mp4,Sarah,,,
Shelby.mp4,Shelby,shalbey,"['s', 'h', 'a', 'l', 'b', 'y', 'backspace', 'e', 'y']",1
Shelby.mp4,Shelby,,,
Steven.mp4,Steven,steven,"['s', 't', 'e', 'v', 'e', 'n']",1
Steven.mp4,Steven,,,
Taylor.mp4,Taylor,lisa,"['l', 'i', 's', 'a']",0
Taylor.mp4,Taylor,,,
Thomas.mp4,Thomas,,None,0
Thomas.mp4,Thomas,,,
Timothy.mp4,Timothy,,None,0
Timothy.mp4,Timothy,,,
Trevor.mp4,Trevor,,None,0
Trevor.mp4,Trevor,,,
Tyler.mp4,Tyler,,None,0
Tyler.mp4,Tyler,,,