Video,Name,inputText,key_resp_3.keys,recallRating_F
Aaron.mp4,Aaron,,None,0
Aaron.mp4,Aaron,,,
Adam.mp4,Adam,,None,0
Adam.mp4,Adam,,,
Alyssa.mp4,Alyssa,rachel,"['r', 'a', 'c', 'h', 'e', 'l']",0
Alyssa.mp4,Alyssa,,,
Amanda.mp4,Amanda,,None,0
Amanda.mp4,Amanda,,,
Andrew.mp4,Andrew,david,"['d', 'a', 'v', 'i', 'd']",0
Andrew.mp4,Andrew,,,
Anna.mp4,Anna,silvia,"['s', 'i', 'l', 'v', 'i', 'a']",0
Anna.mp4,Anna,,,
Ashley.mp4,Ashley,,None,0
Ashley.mp4,Ashley,,,
Bradley.mp4,Bradley,,None,0
Bradley.mp4,Bradley,,,
Brandon.mp4,Brandon,josh,"['j', 'o', 's', 'h']",0
Brandon.mp4,Brandon,,,
Brian.mp4,Brian,nathan,"['n', 'a', 't', 'h', 'a', 'n']",0
Brian.mp4,Brian,,,
Brianna.mp4,Brianna,briana,"['b', 'r', 'i', 'a', 'n', 'a']",1
Brianna.mp4,Brianna,,,
Brittany.mp4,Brittany,ashley,"['a', 's', 'h', 'l', 'e', 'y']",0
Brittany.mp4,Brittany,,,
Caleb.mp4,Caleb,brandon,"['b', 'r', 'a', 'n', 'd', 'o', 'n']",0
Caleb.mp4,Caleb,,,
Cody.mp4,Cody,,None,0
Cody.mp4,Cody,,,
Courtney.mp4,Courtney,shelby,"['s', 'h', 'e', 'l', 'b', 'y']",0
Courtney.mp4,Courtney,,,
Daniel.mp4,Daniel,nathan,"['n', 'a', 't', 'h', 'n', 'backspace', 'a', 'n']",0
Daniel.mp4,Daniel,,,
Danielle.mp4,Danielle,,None,0
Danielle.mp4,Danielle,,,
David.mp4,David,nate,"['n', 'a', 't', 'e']",0
David.mp4,David,,,
Dylan.mp4,Dylan,,None,0
Dylan.mp4,Dylan,,,
Emily.mp4,Emily,,None,0
Emily.mp4,Emily,,,
Eric.mp4,Eric,james,"['j', 'a', 'm', 'e', 's']",0
Eric.mp4,Eric,,,
Ethan.mp4,Ethan,,None,0
Ethan.mp4,Ethan,,,
Grace.mp4,Grace,,None,0
Grace.mp4,Grace,,,
Haley.mp4,Haley,,None,0
Haley.mp4,Haley,,,
Hannah.mp4,Hannah,amanda,"['a', 'm', 'a', 'n', 'd', 'a']",0
Hannah.mp4,Hannah,,,
Heather.mp4,Heather,,None,0
Heather.mp4,Heather,,,
Jacob.mp4,Jacob,,None,0
Jacob.mp4,Jacob,,,
Jason.mp4,Jason,,None,0
Jason.mp4,Jason,,,
Jenna.mp4,Jenna,natalie,"['n', 'a', 't', 'a', 'l', 'i', 'e']",0
Jenna.mp4,Jenna,,,
Jeremy.mp4,Jeremy,,None,0
Jeremy.mp4,Jeremy,,,
Jessica.mp4,Jessica,,None,0
Jessica.mp4,Jessica,,,
Josh.mp4,Josh,josh,"['j', 'o', 's', 'h']",1
Josh.mp4,Josh,,,
Julia.mp4,Julia,,None,0
Julia.mp4,Julia,,,
Justin.mp4,Justin,david,"['d', 'a', 'v', 'i', 'd']",0
Justin.mp4,Justin,,,
Katie.mp4,Katie,,None,0
Katie.mp4,Katie,,,
Kayla.mp4,Kayla,hailey,"['h', 'a', 'i', 'l', 'e', 'e', 'y', 'backspace', 'backspace', 'y']",0
Kayla.mp4,Kayla,,,
Kelsey.mp4,Kelsey,,None,0
Kelsey.mp4,Kelsey,,,
Kevin.mp4,Kevin,,None,0
Kevin.mp4,Kevin,,,
Kyle.mp4,Kyle,,None,0
Kyle.mp4,Kyle,,,
Lauren.mp4,Lauren,,None,0
Lauren.mp4,Lauren,,,
Mark.mp4,Mark,,None,0
Mark.mp4,Mark,,,
Matthew.mp4,Matthew,josh,"['j', 'o', 's', 'h']",0
Matthew.mp4,Matthew,,,
Megan.mp4,Megan,hailey,"['h', 'a', 'i', 'l', 'e', 'y']",0
Megan.mp4,Megan,,,
Michael.mp4,Michael,,None,0
Michael.mp4,Michael,,,
Michelle.mp4,Michelle,laura,"['l', 'a', 'u', 'r', 'a']",0
Michelle.mp4,Michelle,,,
Natalie.mp4,Natalie,,None,0
Natalie.mp4,Natalie,,,
Nathan.mp4,Nathan,thomas,"['t', 'h', 'o', 'm', 'a', 's']",0
Nathan.mp4,Nathan,,,
Nicole.mp4,Nicole,nicole,"['n', 'i', 'c', 'o', 'l', 'e']",1
Nicole.mp4,Nicole,,,
Noah.mp4,Noah,,None,0
Noah.mp4,Noah,,,
Olivia.mp4,Olivia,olivia,"['o', 'l', 'i', 'v', 'i', 'a']",1
Olivia.mp4,Olivia,,,
Rachel.mp4,Rachel,aman,"['a', 'm', 'a', 'n']",0
Rachel.mp4,Rachel,,,
Rebecca.mp4,Rebecca,olivia,"['o', 'l', 'i', 'v', 'i', 'a']",0
Rebecca.mp4,Rebecca,,,
Sarah.mp4,Sarah,silvia,"['s', 'i', 'l', 'v', 'i', 'a']",0
Sarah.mp4,Sarah,,,
Shelby.mp4,Shelby,,None,0
Shelby.mp4,Shelby,,,
Steven.mp4,Steven,,None,0
Steven.mp4,Steven,,,
Taylor.mp4,Taylor,ana,"['a', 'n', 'a']",0
Taylor.mp4,Taylor,,,
Thomas.mp4,Thomas,,None,0
Thomas.mp4,Thomas,,,
Timothy.mp4,Timothy,,None,0
Timothy.mp4,Timothy,,,
Trevor.mp4,Trevor,trevor,"['t', 'r', 'e', 'v', 'o', 'r']",1
Trevor.mp4,Trevor,,,
Tyler.mp4,Tyler,,None,0
Tyler.mp4,Tyler,,,