Video,Name,inputText,key_resp_3.keys,recallRating_F
Aaron.mp4,Aaron,,None,0
Aaron.mp4,Aaron,,,
Adam.mp4,Adam,,None,0
Adam.mp4,Adam,,,
Alyssa.mp4,Alyssa,Lisa,"['lshift', 'l', 'i', 's', 'a']",0
Alyssa.mp4,Alyssa,,,
Amanda.mp4,Amanda,,None,0
Amanda.mp4,Amanda,,,
Andrew.mp4,Andrew,Brian,"['lshift', 'b', 'r', 'i', 'a', 'n']",0
Andrew.mp4,Andrew,,,
Anna.mp4,Anna,Anna,"['lshift', 'a', 'n', 'n', 'a']",1
Anna.mp4,Anna,,,
Ashley.mp4,Ashley,Ashley,"['lshift', 'a', 's', 'h', 'l', 'e', 'y']",1
Ashley.mp4,Ashley,,,
Bradley.mp4,Bradley,,None,0
Bradley.mp4,Bradley,,,
Brandon.mp4,Brandon,Br,"['lshift', 'b', 'r']",0
Brandon.mp4,Brandon,,,
Brian.mp4,Brian,,None,0
Brian.mp4,Brian,,,
Brianna.mp4,Brianna,Lisa,"['lshift', 'l', 'i', 's', 'a']",0
Brianna.mp4,Brianna,,,
Brittany.mp4,Brittany,Betty,"['lshift', 'b', 'e', 't', 't', 'y']",0
Brittany.mp4,Brittany,,,
Caleb.mp4,Caleb,Brian,"['lshift', 'b', 'r', 'i', 'a', 'n', 'space']",0
Caleb.mp4,Caleb,,,
Cody.mp4,Cody,David,"['lshift', 'd', 'a', 'v', 'i', 'd']",0
Cody.mp4,Cody,,,
Courtney.mp4,Courtney,Nicole,"['lshift', 'n', 'i', 'c', 'o', 'l', 'e']",0
Courtney.mp4,Courtney,,,
Daniel.mp4,Daniel,N,"['lshift', 'n']",0
Daniel.mp4,Daniel,,,
Danielle.mp4,Danielle,,None,0
Danielle.mp4,Danielle,,,
David.mp4,David,David,"['lshift', 'd', 'a', 'v', 'i', 'd']",1
David.mp4,David,,,
Dylan.mp4,Dylan,,None,0
Dylan.mp4,Dylan,,,
Emily.mp4,Emily,Grace,"['lshift', 'g', 'r', 'a', 'c', 'e']",0
Emily.mp4,Emily,,,
Eric.mp4,Eric,,None,0
Eric.mp4,Eric,,,
Ethan.mp4,Ethan,,None,0
Ethan.mp4,Ethan,,,
Grace.mp4,Grace,Lisa,"['lshift', 'l', 'i', 's', 'a', 'lshift', 'question']",0
Grace.mp4,Grace,,,
Haley.mp4,Haley,S,"['lshift', 's']",0
Haley.mp4,Haley,,,
Hannah.mp4,Hannah,Jessica,"['lshift', 'j', 'e', 's', 's', 'i', 'c', 'a']",0
Hannah.mp4,Hannah,,,
Heather.mp4,Heather,Ashley,"['lshift', 'a', 's', 'h', 'l', 'e', 'y']",0
Heather.mp4,Heather,,,
Jacob.mp4,Jacob,Jacob,"['lshift', 'j', 'a', 'c', 'o', 'b']",1
Jacob.mp4,Jacob,,,
Jason.mp4,Jason,,None,0
Jason.mp4,Jason,,,
Jenna.mp4,Jenna,,None,0
Jenna.mp4,Jenna,,,
Jeremy.mp4,Jeremy,K,"['lshift', 'd', 'a', 'backspace', 'backspace', 'lshift', 'k']",0
Jeremy.mp4,Jeremy,,,
Jessica.mp4,Jessica,Jessica,"['lshift', 'j', 'e', 's', 's', 'i', 'c', 'a']",1
Jessica.mp4,Jessica,,,
Josh.mp4,Josh,Jeremy,"['lshift', 'j', 'e', 'r', 'e', 'y', 'backspace', 'm', 'y']",0
Josh.mp4,Josh,,,
Julia.mp4,Julia,,None,0
Julia.mp4,Julia,,,
Justin.mp4,Justin,,None,0
Justin.mp4,Justin,,,
Katie.mp4,Katie,Sar,"['lshift', 's', 'a', 'e', 'backspace', 'r']",0
Katie.mp4,Katie,,,
Kayla.mp4,Kayla,,None,0
Kayla.mp4,Kayla,,,
Kelsey.mp4,Kelsey,Jessica,"['lshift', 'j', 'e', 's', 's', 'i', 'c', 'a']",0
Kelsey.mp4,Kelsey,,,
Kevin.mp4,Kevin,Kevin,"['lshift', 'k', 'e', 'v', 'i', 'n']",1
Kevin.mp4,Kevin,,,
Kyle.mp4,Kyle,,None,0
Kyle.mp4,Kyle,,,
Lauren.mp4,Lauren,Sa,"['lshift', 's', 'a']",0
Lauren.mp4,Lauren,,,
Mark.mp4,Mark,Nathan,"['lshift', 'n', 'a', 't', 'h', 'a', 'n']",0
Mark.mp4,Mark,,,
Matthew.mp4,Matthew,J,"['lshift', 'j']",0
Matthew.mp4,Matthew,,,
Megan.mp4,Megan,B,"['lshift', 'b']",0
Megan.mp4,Megan,,,
Michael.mp4,Michael,,None,0
Michael.mp4,Michael,,,
Michelle.mp4,Michelle,Michelle,"['lshift', 'm', 'i', 'c', 'h', 'e', 'l', 'l', 'e']",1
Michelle.mp4,Michelle,,,
Natalie.mp4,Natalie,Jessica,"['lshift', 'j', 'e', 's', 's', 'i', 'c', 'a']",0
Natalie.mp4,Natalie,,,
Nathan.mp4,Nathan,,"['lshift', 'j', 'backspace']",0
Nathan.mp4,Nathan,,,
Nicole.mp4,Nicole,,None,0
Nicole.mp4,Nicole,,,
Noah.mp4,Noah,,None,0
Noah.mp4,Noah,,,
Olivia.mp4,Olivia,Nicole,"['lshift', 'n', 'i', 'c', 'o', 'l', 'e']",0
Olivia.mp4,Olivia,,,
Rachel.mp4,Rachel,Betty,"['lshift', 'b', 'e', 't', 't', 'y']",0
Rachel.mp4,Rachel,,,
Rebecca.mp4,Rebecca,Reb,"['lshift', 's', 'a', 'r', 'a', 'h', 'backspace', 'backspace', 'backspace', 'backspace', 'backspace', 'backspace', 'lshift', 'r', 'e', 'b']",0
Rebecca.mp4,Rebecca,,,
Sarah.mp4,Sarah,Tin,"['lshift', 't', 'i', 'n']",0
Sarah.mp4,Sarah,,,
Shelby.mp4,Shelby,Sarah,"['lshift', 's', 'a', 'r', 'a', 'h']",0
Shelby.mp4,Shelby,,,
Steven.mp4,Steven,Tylan,"['lshift', 't', 'y', 'l', 'a', 'n']",0
Steven.mp4,Steven,,,
Taylor.mp4,Taylor,,None,0
Taylor.mp4,Taylor,,,
Thomas.mp4,Thomas,Jacob,"['lshift', 'j', 'a', 'c', 'o', 'b']",0
Thomas.mp4,Thomas,,,
Timothy.mp4,Timothy,Alex,"['lshift', 'a', 'l', 'x', 'backspace', 'e', 'x']",0
Timothy.mp4,Timothy,,,
Trevor.mp4,Trevor,T,"['lshift', 'd', 'backspace', 'lshift', 't']",0
Trevor.mp4,Trevor,,,
Tyler.mp4,Tyler,,None,0
Tyler.mp4,Tyler,,,