Video,Name,inputText,key_resp_3.keys,recallRating_F
Aaron.mp4,Aaron,mathew,"['m', 'a', 't', 'h', 'e', 'w']",0
Aaron.mp4,Aaron,,,
Adam.mp4,Adam,kyle,"['k', 'y', 'l', 'backspace', 'backspace', 'backspace', 'k', 'y', 'l', 'e']",0
Adam.mp4,Adam,,,
Alyssa.mp4,Alyssa,stephanie,"['s', 't', 'e', 'p', 'h', 'a', 'n', 'i', 'e']",0
Alyssa.mp4,Alyssa,,,
Amanda.mp4,Amanda,,None,0
Amanda.mp4,Amanda,,,
Andrew.mp4,Andrew,cody,"['c', 'o', 'd', 'y']",0
Andrew.mp4,Andrew,,,
Anna.mp4,Anna,ann,"['a', 'n', 'n']",0
Anna.mp4,Anna,,,
Ashley.mp4,Ashley,amanda,"['a', 'm', 'n', 'backspace', 'a', 'n', 'd', 'a']",0
Ashley.mp4,Ashley,,,
Bradley.mp4,Bradley,bradley,"['b', 'r', 'a', 'd', 'l', 'e', 'y']",1
Bradley.mp4,Bradley,,,
Brandon.mp4,Brandon,brandon,"['b', 'r', 'a', 'n', 'd', 'o', 'n']",1
Brandon.mp4,Brandon,,,
Brian.mp4,Brian,timothy,"['t', 'i', 'm', 'o', 't', 'h', 'y', 'h', 'backspace']",0
Brian.mp4,Brian,,,
Brianna.mp4,Brianna,anna,"['a', 'n', 'n', 'a']",0
Brianna.mp4,Brianna,,,
Brittany.mp4,Brittany,brittany,"['b', 'r', 'i', 't', 't', 'a', 'n', 'y']",1
Brittany.mp4,Brittany,,,
Caleb.mp4,Caleb,,None,0
Caleb.mp4,Caleb,,,
Cody.mp4,Cody,,None,0
Cody.mp4,Cody,,,
Courtney.mp4,Courtney,courtney,"['c', 'o', 'u', 'r', 't', 'n', 'e', 'y']",1
Courtney.mp4,Courtney,,,
Daniel.mp4,Daniel,trevor,"['t', 'r', 'e', 'v', 'o', 'r']",0
Daniel.mp4,Daniel,,,
Danielle.mp4,Danielle,sara,"['s', 'a', 'r', 'a']",0
Danielle.mp4,Danielle,,,
David.mp4,David,justin,"['j', 'u', 's', 't', 'i', 'n']",0
David.mp4,David,,,
Dylan.mp4,Dylan,cayle,"['c', 'a', 'y', 'l', 'e', 'backspace', 'backspace', 'backspace', 'y', 'l', 'e']",0
Dylan.mp4,Dylan,,,
Emily.mp4,Emily,emily,"['e', 'comma', 'i', 'l', 'y', 'backspace', 'backspace', 'backspace', 'm', 'i', 'l', 'y']",1
Emily.mp4,Emily,,,
Eric.mp4,Eric,nathan,"['n', 'a', 't', 'h', 'a', 'n']",0
Eric.mp4,Eric,,,
Ethan.mp4,Ethan,tyler,"['t', 'y', 'l', 'e', 'r']",0
Ethan.mp4,Ethan,,,
Grace.mp4,Grace,tiffany,"['t', 'i', 'f', 'f', 'n', 'backspace', 'a', 'n', 'y']",0
Grace.mp4,Grace,,,
Haley.mp4,Haley,ashley,"['a', 's', 'h', 'l', 'e', 'y']",0
Haley.mp4,Haley,,,
Hannah.mp4,Hannah,jessica,"['j', 'e', 's', 's', 'i', 'c', 'a']",0
Hannah.mp4,Hannah,,,
Heather.mp4,Heather,amy,"['a', 'm', 'y']",0
Heather.mp4,Heather,,,
Jacob.mp4,Jacob,jacob,"['j', 'a', 'c', 'o', 'b']",1
Jacob.mp4,Jacob,,,
Jason.mp4,Jason,michael,"['m', 'i', 'c', 'h', 'a', 'e', 'l']",0
Jason.mp4,Jason,,,
Jenna.mp4,Jenna,jenna,"['j', 'e', 'n', 'n', 'a']",1
Jenna.mp4,Jenna,,,
Jeremy.mp4,Jeremy,james,"['j', 'a', 'm', 'e', 's']",0
Jeremy.mp4,Jeremy,,,
Jessica.mp4,Jessica,natalie,"['n', 'a', 't', 'a', 'l', 'i', 'e']",0
Jessica.mp4,Jessica,,,
Josh.mp4,Josh,josh,"['j', 'o', 's', 'h']",1
Josh.mp4,Josh,,,
Julia.mp4,Julia,emma,"['e', 'm', 'm', 'a']",0
Julia.mp4,Julia,,,
Justin.mp4,Justin,jeremy,"['j', 'e', 'r', 'e', 'm', 'y']",0
Justin.mp4,Justin,,,
Katie.mp4,Katie,katie,"['k', 'a', 't', 'i', 'e']",1
Katie.mp4,Katie,,,
Kayla.mp4,Kayla,k,"['k', 'backspace', 'k']",0
Kayla.mp4,Kayla,,,
Kelsey.mp4,Kelsey,lily,"['l', 'i', 'l', 'y']",0
Kelsey.mp4,Kelsey,,,
Kevin.mp4,Kevin,,None,0
Kevin.mp4,Kevin,,,
Kyle.mp4,Kyle,,None,0
Kyle.mp4,Kyle,,,
Lauren.mp4,Lauren,laura,"['l', 'a', 'u', 'r', 'a']",0
Lauren.mp4,Lauren,,,
Mark.mp4,Mark,justin,"['j', 'u', 's', 't', 'i', 'n']",0
Mark.mp4,Mark,,,
Matthew.mp4,Matthew,,None,0
Matthew.mp4,Matthew,,,
Megan.mp4,Megan,madeleine,"['m', 'a', 'd', 'e', 'l', 'e', 'e', 'i', 'n', 'backspace', 'backspace', 'backspace', 'i', 'n', 'e']",0
Megan.mp4,Megan,,,
Michael.mp4,Michael,justin,"['j', 'u', 's', 't', 'i', 'n']",0
Michael.mp4,Michael,,,
Michelle.mp4,Michelle,michelle,"['m', 'i', 'c', 'h', 'e', 'l', 'l', 'e']",1
Michelle.mp4,Michelle,,,
Natalie.mp4,Natalie,natasha,"['n', 'a', 'a', 'backspace', 't', 'h', 'backspace', 'a', 's', 'h', 'a']",0
Natalie.mp4,Natalie,,,
Nathan.mp4,Nathan,tr,"['l', 'u', 'backspace', 'backspace', 't', 'r']",0
Nathan.mp4,Nathan,,,
Nicole.mp4,Nicole,shelby,"['s', 'h', 'e', 'l', 'b', 'y']",0
Nicole.mp4,Nicole,,,
Noah.mp4,Noah,noah,"['n', 'o', 'a', 'h']",1
Noah.mp4,Noah,,,
Olivia.mp4,Olivia,,None,0
Olivia.mp4,Olivia,,,
Rachel.mp4,Rachel,megan,"['m', 'e', 'g', 'a', 'n']",0
Rachel.mp4,Rachel,,,
Rebecca.mp4,Rebecca,rebecca,"['r', 'e', 'b', 'e', 'c', 'c', 'a']",1
Rebecca.mp4,Rebecca,,,
Sarah.mp4,Sarah,ashley,"['a', 's', 'h', 'l', 'e', 'y']",0
Sarah.mp4,Sarah,,,
Shelby.mp4,Shelby,melissa,"['m', 'e', 'l', 'i', 's', 's', 'a']",0
Shelby.mp4,Shelby,,,
Steven.mp4,Steven,steven,"['s', 't', 'e', 'v', 'e', 'n']",1
Steven.mp4,Steven,,,
Taylor.mp4,Taylor,taylor,"['t', 'a', 'y', 'l', 'o', 'r']",1
Taylor.mp4,Taylor,,,
Thomas.mp4,Thomas,,None,0
Thomas.mp4,Thomas,,,
Timothy.mp4,Timothy,,None,0
Timothy.mp4,Timothy,,,
Trevor.mp4,Trevor,,"['c', 'o', 'backspace', 'backspace']",0
Trevor.mp4,Trevor,,,
Tyler.mp4,Tyler,fred,"['f', 'r', 'e', 'd']",0
Tyler.mp4,Tyler,,,