,condsBlockFile,Video,Photo,Name,Row,Gender,N1,N2,N3,N4,N5,N6,N7,N8,N9,N10,Row2,blocks.thisRepN,blocks.thisTrialN,blocks.thisN,blocks.thisIndex,presentations.thisRepN,presentations.thisTrialN,presentations.thisN,presentations.thisIndex,testing.thisRepN,testing.thisTrialN,testing.thisN,testing.thisIndex,advance_1.keys,advance_1.rt,currentCond,advance_2.keys,advance_2.rt,inputText,key_resp_3.keys,correctRecogSelection,keyResponse.keys,keyResponse.rt,key_resp_3.rt,end_key.keys,end_key.rt,participant,session,date,expName,psychopyVersion,frameRate,Unnamed: 48,key_resp3_fin
62,Male2Block.csv,Aaron2.mp4,Aaron.JPG,Aaron,30.0,M,Jason,Andrew,Timothy,Mark,Daniel,Dylan,Trevor,Aaron,David,Ethan,7.0,0.0,3.0,3.0,4.0,0.0,1.0,1.0,7.0,,,,,,,1.0,,,,,,,,,,,11,1,2020_Jan_14_1305,FaceNameBlocked_revised,3.0.0,85.05987802873058,,NaN
79,Male2Block.csv,Aaron2.mp4,Aaron.JPG,Aaron,30.0,M,Jason,Andrew,Timothy,Mark,Daniel,Dylan,Trevor,Aaron,David,Ethan,7.0,0.0,3.0,3.0,4.0,,,,,0.0,8.0,8.0,7.0,,,,,, ,None,5.0,5.0,4.399369103000026,,,,11,1,2020_Jan_14_1305,FaceNameBlocked_revised,3.0.0,85.05987802873058,,NaN
33,Male1Block.csv,Adam4.mp4,Adam.JPG,Adam,31.0,M,Matthew,Kevin,Jacob,Michael,Kyle,Adam,Tyler,Steven,Jeremy,Cody,5.0,0.0,1.0,1.0,3.0,,,,,0.0,2.0,2.0,5.0,,,,,, Adam,"['lshift', 'a', 'd', 'a', 'm']",2.0,2.0,2.084158453999976,"[1.718760575000033, 1.8731100999999626, 2.178685730999973, 2.402054489999955, 3.2837280879999753]",,,11,1,2020_Jan_14_1305,FaceNameBlocked_revised,3.0.0,85.05987802873058,,1.7187605
30,Male1Block.csv,Adam4.mp4,Adam.JPG,Adam,31.0,M,Matthew,Kevin,Jacob,Michael,Kyle,Adam,Tyler,Steven,Jeremy,Cody,5.0,0.0,1.0,1.0,3.0,0.0,9.0,9.0,5.0,,,,,,,0.0,,,,,,,,,,,11,1,2020_Jan_14_1305,FaceNameBlocked_revised,3.0.0,85.05987802873058,,NaN
103,Fem2Block.csv,Alyssa3.mp4,Alyssa.JPG,Alyssa,0.0,F,Rachel,Megan,Natalie,Michelle,Jessica,Anna,Katie,Heather,Courtney,Alyssa,9.0,0.0,5.0,5.0,1.0,0.0,2.0,2.0,9.0,,,,,,,0.0,,,,,,,,,,,11,1,2020_Jan_14_1305,FaceNameBlocked_revised,3.0.0,85.05987802873058,,NaN
120,Fem2Block.csv,Alyssa3.mp4,Alyssa.JPG,Alyssa,0.0,F,Rachel,Megan,Natalie,Michelle,Jessica,Anna,Katie,Heather,Courtney,Alyssa,9.0,0.0,5.0,5.0,1.0,,,,,0.0,9.0,9.0,9.0,,,,,, ,None,2.0,2.0,3.3883999990002853,,,,11,1,2020_Jan_14_1305,FaceNameBlocked_revised,3.0.0,85.05987802873058,,NaN
97,Fem1Block.csv,Amanda3.mp4,Amanda.JPG,Amanda,1.0,F,Brittany,Julia,Hannah,Nicole,Grace,Shelby,Kelsey,Rebecca,Jenna,Amanda,9.0,0.0,4.0,4.0,0.0,,,,,0.0,6.0,6.0,9.0,,,,,, je,"['j', 'e', 'n', 'n', 'a', 'backspace', 'backspace', 'backspace']",5.0,5.0,5.9046389710001685,"[4.647338959000081, 4.729043075999925, 4.894026543999644, 5.0469082949998665, 5.153070472999843, 8.469157617999826, 9.574619167000037, 9.762833237999985]",,,11,1,2020_Jan_14_1305,FaceNameBlocked_revised,3.0.0,85.05987802873058,,4.6473389
86,Fem1Block.csv,Amanda3.mp4,Amanda.JPG,Amanda,1.0,F,Brittany,Julia,Hannah,Nicole,Grace,Shelby,Kelsey,Rebecca,Jenna,Amanda,9.0,0.0,4.0,4.0,0.0,0.0,5.0,5.0,9.0,,,,,,,0.0,,,,,,,,,,,11,1,2020_Jan_14_1305,FaceNameBlocked_revised,3.0.0,85.05987802873058,,NaN
74,Male2Block.csv,Andrew2.mp4,Andrew.JPG,Andrew,32.0,M,Jason,Andrew,Timothy,Mark,Daniel,Dylan,Trevor,Aaron,David,Ethan,1.0,0.0,3.0,3.0,4.0,,,,,0.0,3.0,3.0,1.0,,,,,, ,None,1.0,4.0,3.03634318599984,,,,11,1,2020_Jan_14_1305,FaceNameBlocked_revised,3.0.0,85.05987802873058,,NaN
67,Male2Block.csv,Andrew2.mp4,Andrew.JPG,Andrew,32.0,M,Jason,Andrew,Timothy,Mark,Daniel,Dylan,Trevor,Aaron,David,Ethan,1.0,0.0,3.0,3.0,4.0,0.0,6.0,6.0,1.0,,,,,,,1.0,,,,,,,,,,,11,1,2020_Jan_14_1305,FaceNameBlocked_revised,3.0.0,85.05987802873058,,NaN
104,Fem2Block.csv,Anna3.mp4,Anna.JPG,Anna,2.0,F,Rachel,Megan,Natalie,Michelle,Jessica,Anna,Katie,Heather,Courtney,Alyssa,5.0,0.0,5.0,5.0,1.0,0.0,3.0,3.0,5.0,,,,,,,0.0,,,,,,,,,,,11,1,2020_Jan_14_1305,FaceNameBlocked_revised,3.0.0,85.05987802873058,,NaN
117,Fem2Block.csv,Anna3.mp4,Anna.JPG,Anna,2.0,F,Rachel,Megan,Natalie,Michelle,Jessica,Anna,Katie,Heather,Courtney,Alyssa,5.0,0.0,5.0,5.0,1.0,,,,,0.0,6.0,6.0,5.0,,,,,,ana,"['s', 'n', 's', 'backspace', 'backspace', 'backspace', 'backspace', 'a', 'n', 'a']",5.0,5.0,1.8846679469997982,"[4.04864766899982, 4.248671566999747, 4.40159494999989, 5.353197679000004, 5.541990460999841, 5.671141476999765, 5.847584511999685, 6.671809553000003, 6.97746905699978, 7.153384898999775]",,,11,1,2020_Jan_14_1305,FaceNameBlocked_revised,3.0.0,85.05987802873058,,4.0486476
2,Fem3Block.csv,Ashley3.mp4,Ashley.JPG,Ashley,3.0,F,Kayla,Emily,Sarah,Lauren,Haley,Brianna,Olivia,Taylor,Ashley,Danielle,8.0,0.0,0.0,0.0,2.0,0.0,1.0,1.0,8.0,,,,,,,1.0,,,,,,,,,,,11,1,2020_Jan_14_1305,FaceNameBlocked_revised,3.0.0,85.05987802873058,,NaN
12,Fem3Block.csv,Ashley3.mp4,Ashley.JPG,Ashley,3.0,F,Kayla,Emily,Sarah,Lauren,Haley,Brianna,Olivia,Taylor,Ashley,Danielle,8.0,0.0,0.0,0.0,2.0,,,,,0.0,1.0,1.0,8.0,,,,,,  ,"['space', 'return']",4.0,4.0,3.0247569269999985,"[5.329211843999985, 9.798279172000036]",,,11,1,2020_Jan_14_1305,FaceNameBlocked_revised,3.0.0,85.05987802873058,,5.3292118
45,Male3Block.csv,Bradley3.mp4,Bradley.JPG,Bradley,33.0,M,Nathan,Caleb,Thomas,Brandon,Brian,Eric,Josh,Justin,Bradley,Noah,8.0,0.0,2.0,2.0,5.0,0.0,4.0,4.0,8.0,,,,,,,1.0,,,,,,,,,,,11,1,2020_Jan_14_1305,FaceNameBlocked_revised,3.0.0,85.05987802873058,,NaN
57,Male3Block.csv,Bradley3.mp4,Bradley.JPG,Bradley,33.0,M,Nathan,Caleb,Thomas,Brandon,Brian,Eric,Josh,Justin,Bradley,Noah,8.0,0.0,2.0,2.0,5.0,,,,,0.0,6.0,6.0,8.0,,,,,, ,None,1.0,4.0,2.293770736999932,,,,11,1,2020_Jan_14_1305,FaceNameBlocked_revised,3.0.0,85.05987802873058,,NaN
41,Male3Block.csv,Brandon2.mp4,Brandon.JPG,Brandon,34.0,M,Nathan,Caleb,Thomas,Brandon,Brian,Eric,Josh,Justin,Bradley,Noah,3.0,0.0,2.0,2.0,5.0,0.0,0.0,0.0,3.0,,,,,,,0.0,,,,,,,,,,,11,1,2020_Jan_14_1305,FaceNameBlocked_revised,3.0.0,85.05987802873058,,NaN
58,Male3Block.csv,Brandon2.mp4,Brandon.JPG,Brandon,34.0,M,Nathan,Caleb,Thomas,Brandon,Brian,Eric,Josh,Justin,Bradley,Noah,3.0,0.0,2.0,2.0,5.0,,,,,0.0,7.0,7.0,3.0,,,,,, ,None,3.0,4.0,4.107482675000028,,,,11,1,2020_Jan_14_1305,FaceNameBlocked_revised,3.0.0,85.05987802873058,,NaN
49,Male3Block.csv,Brian2.mp4,Brian.JPG,Brian,35.0,M,Nathan,Caleb,Thomas,Brandon,Brian,Eric,Josh,Justin,Bradley,Noah,4.0,0.0,2.0,2.0,5.0,0.0,8.0,8.0,4.0,,,,,,,1.0,,,,,,,,,,,11,1,2020_Jan_14_1305,FaceNameBlocked_revised,3.0.0,85.05987802873058,,NaN
56,Male3Block.csv,Brian2.mp4,Brian.JPG,Brian,35.0,M,Nathan,Caleb,Thomas,Brandon,Brian,Eric,Josh,Justin,Bradley,Noah,4.0,0.0,2.0,2.0,5.0,,,,,0.0,5.0,5.0,4.0,,,,,, ,None,4.0,1.0,5.0481162940000095,,,,11,1,2020_Jan_14_1305,FaceNameBlocked_revised,3.0.0,85.05987802873058,,NaN
7,Fem3Block.csv,Brianna2.mp4,Brianna.JPG,Brianna,4.0,F,Kayla,Emily,Sarah,Lauren,Haley,Brianna,Olivia,Taylor,Ashley,Danielle,5.0,0.0,0.0,0.0,2.0,0.0,6.0,6.0,5.0,,,,,,,0.0,,,,,,,,,,,11,1,2020_Jan_14_1305,FaceNameBlocked_revised,3.0.0,85.05987802873058,,NaN
16,Fem3Block.csv,Brianna2.mp4,Brianna.JPG,Brianna,4.0,F,Kayla,Emily,Sarah,Lauren,Haley,Brianna,Olivia,Taylor,Ashley,Danielle,5.0,0.0,0.0,0.0,2.0,,,,,0.0,5.0,5.0,5.0,,,,,, ,None,2.0,5.0,3.0958684110000263,,,,11,1,2020_Jan_14_1305,FaceNameBlocked_revised,3.0.0,85.05987802873058,,NaN
81,Fem1Block.csv,Brittany2.mp4,Brittany.JPG,Brittany,5.0,F,Brittany,Julia,Hannah,Nicole,Grace,Shelby,Kelsey,Rebecca,Jenna,Amanda,0.0,0.0,4.0,4.0,0.0,0.0,0.0,0.0,0.0,,,,,,,0.0,,,,,,,,,,,11,1,2020_Jan_14_1305,FaceNameBlocked_revised,3.0.0,85.05987802873058,,NaN
94,Fem1Block.csv,Brittany2.mp4,Brittany.JPG,Brittany,5.0,F,Brittany,Julia,Hannah,Nicole,Grace,Shelby,Kelsey,Rebecca,Jenna,Amanda,0.0,0.0,4.0,4.0,0.0,,,,,0.0,3.0,3.0,0.0,,,,,, ,None,4.0,3.0,1.7042071810001294,,,,11,1,2020_Jan_14_1305,FaceNameBlocked_revised,3.0.0,85.05987802873058,,NaN
52,Male3Block.csv,Caleb5.mp4,Caleb.JPG,Caleb,36.0,M,Nathan,Caleb,Thomas,Brandon,Brian,Eric,Josh,Justin,Bradley,Noah,1.0,0.0,2.0,2.0,5.0,,,,,0.0,1.0,1.0,1.0,,,,,, ,None,1.0,2.0,1.6723284479999163,,,,11,1,2020_Jan_14_1305,FaceNameBlocked_revised,3.0.0,85.05987802873058,,NaN
47,Male3Block.csv,Caleb5.mp4,Caleb.JPG,Caleb,36.0,M,Nathan,Caleb,Thomas,Brandon,Brian,Eric,Josh,Justin,Bradley,Noah,1.0,0.0,2.0,2.0,5.0,0.0,6.0,6.0,1.0,,,,,,,1.0,,,,,,,,,,,11,1,2020_Jan_14_1305,FaceNameBlocked_revised,3.0.0,85.05987802873058,,NaN
37,Male1Block.csv,Cody2.mp4,Cody.JPG,Cody,37.0,M,Matthew,Kevin,Jacob,Michael,Kyle,Adam,Tyler,Steven,Jeremy,Cody,9.0,0.0,1.0,1.0,3.0,,,,,0.0,6.0,6.0,9.0,,,,,, ,None,2.0,3.0,1.8959411139999247,,,,11,1,2020_Jan_14_1305,FaceNameBlocked_revised,3.0.0,85.05987802873058,,NaN
22,Male1Block.csv,Cody2.mp4,Cody.JPG,Cody,37.0,M,Matthew,Kevin,Jacob,Michael,Kyle,Adam,Tyler,Steven,Jeremy,Cody,9.0,0.0,1.0,1.0,3.0,0.0,1.0,1.0,9.0,,,,,,,0.0,,,,,,,,,,,11,1,2020_Jan_14_1305,FaceNameBlocked_revised,3.0.0,85.05987802873058,,NaN
112,Fem2Block.csv,Courtney2.mp4,Courtney.JPG,Courtney,6.0,F,Rachel,Megan,Natalie,Michelle,Jessica,Anna,Katie,Heather,Courtney,Alyssa,8.0,0.0,5.0,5.0,1.0,,,,,0.0,1.0,1.0,8.0,,,,,, ,None,3.0,3.0,3.5074632759997257,,,,11,1,2020_Jan_14_1305,FaceNameBlocked_revised,3.0.0,85.05987802873058,,NaN
102,Fem2Block.csv,Courtney2.mp4,Courtney.JPG,Courtney,6.0,F,Rachel,Megan,Natalie,Michelle,Jessica,Anna,Katie,Heather,Courtney,Alyssa,8.0,0.0,5.0,5.0,1.0,0.0,1.0,1.0,8.0,,,,,,,1.0,,,,,,,,,,,11,1,2020_Jan_14_1305,FaceNameBlocked_revised,3.0.0,85.05987802873058,,NaN
80,Male2Block.csv,Daniel3.mp4,Daniel.JPG,Daniel,38.0,M,Jason,Andrew,Timothy,Mark,Daniel,Dylan,Trevor,Aaron,David,Ethan,4.0,0.0,3.0,3.0,4.0,,,,,0.0,9.0,9.0,4.0,,,,,, 3,['3'],2.0,2.0,1.1304720780001392,[8.046969893000096],,,11,1,2020_Jan_14_1305,FaceNameBlocked_revised,3.0.0,85.05987802873058,,8.0469698
64,Male2Block.csv,Daniel3.mp4,Daniel.JPG,Daniel,38.0,M,Jason,Andrew,Timothy,Mark,Daniel,Dylan,Trevor,Aaron,David,Ethan,4.0,0.0,3.0,3.0,4.0,0.0,3.0,3.0,4.0,,,,,,,1.0,,,,,,,,,,,11,1,2020_Jan_14_1305,FaceNameBlocked_revised,3.0.0,85.05987802873058,,NaN
1,Fem3Block.csv,Danielle2.mp4,Danielle.JPG,Danielle,7.0,F,Kayla,Emily,Sarah,Lauren,Haley,Brianna,Olivia,Taylor,Ashley,Danielle,9.0,0.0,0.0,0.0,2.0,0.0,0.0,0.0,9.0,,,,,,,0.0,,,,,,,,,,,11,1,2020_Jan_14_1305,FaceNameBlocked_revised,3.0.0,85.05987802873058,,NaN
13,Fem3Block.csv,Danielle2.mp4,Danielle.JPG,Danielle,7.0,F,Kayla,Emily,Sarah,Lauren,Haley,Brianna,Olivia,Taylor,Ashley,Danielle,9.0,0.0,0.0,0.0,2.0,,,,,0.0,2.0,2.0,9.0,,,,,, Dam,"['return', 'lshift', 'd', 'a', 'm', 'o', 'backspace']",3.0,3.0,1.3555225210000117,"[2.613582774000008, 7.823020977999988, 8.506582266999999, 8.906534368999985, 9.15148604999996, 9.282350772999962, 9.846368885999993]",,,11,1,2020_Jan_14_1305,FaceNameBlocked_revised,3.0.0,85.05987802873058,,2.6135827
78,Male2Block.csv,David2.mp4,David.JPG,David,39.0,M,Jason,Andrew,Timothy,Mark,Daniel,Dylan,Trevor,Aaron,David,Ethan,8.0,0.0,3.0,3.0,4.0,,,,,0.0,7.0,7.0,8.0,,,,,, ,None,2.0,2.0,11.878638806000025,,,,11,1,2020_Jan_14_1305,FaceNameBlocked_revised,3.0.0,85.05987802873058,,NaN
68,Male2Block.csv,David2.mp4,David.JPG,David,39.0,M,Jason,Andrew,Timothy,Mark,Daniel,Dylan,Trevor,Aaron,David,Ethan,8.0,0.0,3.0,3.0,4.0,0.0,7.0,7.0,8.0,,,,,,,1.0,,,,,,,,,,,11,1,2020_Jan_14_1305,FaceNameBlocked_revised,3.0.0,85.05987802873058,,NaN
71,Male2Block.csv,Dylan3.mp4,Dylan.JPG,Dylan,40.0,M,Jason,Andrew,Timothy,Mark,Daniel,Dylan,Trevor,Aaron,David,Ethan,5.0,0.0,3.0,3.0,4.0,,,,,0.0,0.0,0.0,5.0,,,,space,27.876926211999944, ,None,4.0,3.0,2.24628612000015,,,,11,1,2020_Jan_14_1305,FaceNameBlocked_revised,3.0.0,85.05987802873058,,NaN
66,Male2Block.csv,Dylan3.mp4,Dylan.JPG,Dylan,40.0,M,Jason,Andrew,Timothy,Mark,Daniel,Dylan,Trevor,Aaron,David,Ethan,5.0,0.0,3.0,3.0,4.0,0.0,5.0,5.0,5.0,,,,,,,0.0,,,,,,,,,,,11,1,2020_Jan_14_1305,FaceNameBlocked_revised,3.0.0,85.05987802873058,,NaN
3,Fem3Block.csv,Emily5.mp4,Emily.JPG,Emily,8.0,F,Kayla,Emily,Sarah,Lauren,Haley,Brianna,Olivia,Taylor,Ashley,Danielle,1.0,0.0,0.0,0.0,2.0,0.0,2.0,2.0,1.0,,,,,,,1.0,,,,,,,,,,,11,1,2020_Jan_14_1305,FaceNameBlocked_revised,3.0.0,85.05987802873058,,NaN
17,Fem3Block.csv,Emily5.mp4,Emily.JPG,Emily,8.0,F,Kayla,Emily,Sarah,Lauren,Haley,Brianna,Olivia,Taylor,Ashley,Danielle,1.0,0.0,0.0,0.0,2.0,,,,,0.0,6.0,6.0,1.0,,,,,, Emily,"['lshift', 'e', 'm', 'i', 'l', 'y']",2.0,2.0,1.9317880809999792,"[2.787553750000029, 3.0474869259999764, 3.646031123, 3.8010696709999934, 4.012866710000026, 4.223558073999982]",,,11,1,2020_Jan_14_1305,FaceNameBlocked_revised,3.0.0,85.05987802873058,,2.7875537
60,Male3Block.csv,Eric2.mp4,Eric.JPG,Eric,41.0,M,Nathan,Caleb,Thomas,Brandon,Brian,Eric,Josh,Justin,Bradley,Noah,5.0,0.0,2.0,2.0,5.0,,,,,0.0,9.0,9.0,5.0,,,,,, ,None,5.0,3.0,2.9991089909999573,,,,11,1,2020_Jan_14_1305,FaceNameBlocked_revised,3.0.0,85.05987802873058,,NaN
50,Male3Block.csv,Eric2.mp4,Eric.JPG,Eric,41.0,M,Nathan,Caleb,Thomas,Brandon,Brian,Eric,Josh,Justin,Bradley,Noah,5.0,0.0,2.0,2.0,5.0,0.0,9.0,9.0,5.0,,,,,,,0.0,,,,,,,,,,,11,1,2020_Jan_14_1305,FaceNameBlocked_revised,3.0.0,85.05987802873058,,NaN
76,Male2Block.csv,Ethan2.mp4,Ethan.JPG,Ethan,42.0,M,Jason,Andrew,Timothy,Mark,Daniel,Dylan,Trevor,Aaron,David,Ethan,9.0,0.0,3.0,3.0,4.0,,,,,0.0,5.0,5.0,9.0,,,,,, ,None,2.0,2.0,2.8111413879998963,,,,11,1,2020_Jan_14_1305,FaceNameBlocked_revised,3.0.0,85.05987802873058,,NaN
70,Male2Block.csv,Ethan2.mp4,Ethan.JPG,Ethan,42.0,M,Jason,Andrew,Timothy,Mark,Daniel,Dylan,Trevor,Aaron,David,Ethan,9.0,0.0,3.0,3.0,4.0,0.0,9.0,9.0,9.0,,,,,,,0.0,,,,,,,,,,,11,1,2020_Jan_14_1305,FaceNameBlocked_revised,3.0.0,85.05987802873058,,NaN
82,Fem1Block.csv,Grace3.mp4,Grace.JPG,Grace,9.0,F,Brittany,Julia,Hannah,Nicole,Grace,Shelby,Kelsey,Rebecca,Jenna,Amanda,4.0,0.0,4.0,4.0,0.0,0.0,1.0,1.0,4.0,,,,,,,1.0,,,,,,,,,,,11,1,2020_Jan_14_1305,FaceNameBlocked_revised,3.0.0,85.05987802873058,,NaN
93,Fem1Block.csv,Grace3.mp4,Grace.JPG,Grace,9.0,F,Brittany,Julia,Hannah,Nicole,Grace,Shelby,Kelsey,Rebecca,Jenna,Amanda,4.0,0.0,4.0,4.0,0.0,,,,,0.0,2.0,2.0,4.0,,,,,, ,None,1.0,1.0,4.153919877000135,,,,11,1,2020_Jan_14_1305,FaceNameBlocked_revised,3.0.0,85.05987802873058,,NaN
9,Fem3Block.csv,Haley2.mp4,Haley.JPG,Haley,10.0,F,Kayla,Emily,Sarah,Lauren,Haley,Brianna,Olivia,Taylor,Ashley,Danielle,4.0,0.0,0.0,0.0,2.0,0.0,8.0,8.0,4.0,,,,,,,1.0,,,,,,,,,,,11,1,2020_Jan_14_1305,FaceNameBlocked_revised,3.0.0,85.05987802873058,,NaN
19,Fem3Block.csv,Haley2.mp4,Haley.JPG,Haley,10.0,F,Kayla,Emily,Sarah,Lauren,Haley,Brianna,Olivia,Taylor,Ashley,Danielle,4.0,0.0,0.0,0.0,2.0,,,,,0.0,8.0,8.0,4.0,,,,,, Hailey,"['lshift', 'h', 'a', 'i', 'l', 'e', 'y']",1.0,1.0,1.4366806280000333,"[1.1422964619999902, 1.8004424879999874, 1.9781665909999901, 2.131785850999961, 2.849064829999975, 3.0724991440000053, 3.2848266369999806]",,,11,1,2020_Jan_14_1305,FaceNameBlocked_revised,3.0.0,85.05987802873058,,1.1422964
95,Fem1Block.csv,Hannah2.mp4,Hannah.JPG,Hannah,11.0,F,Brittany,Julia,Hannah,Nicole,Grace,Shelby,Kelsey,Rebecca,Jenna,Amanda,2.0,0.0,4.0,4.0,0.0,,,,,0.0,4.0,4.0,2.0,,,,,, ,None,1.0,5.0,3.5640630009997953,,,,11,1,2020_Jan_14_1305,FaceNameBlocked_revised,3.0.0,85.05987802873058,,NaN
88,Fem1Block.csv,Hannah2.mp4,Hannah.JPG,Hannah,11.0,F,Brittany,Julia,Hannah,Nicole,Grace,Shelby,Kelsey,Rebecca,Jenna,Amanda,2.0,0.0,4.0,4.0,0.0,0.0,7.0,7.0,2.0,,,,,,,1.0,,,,,,,,,,,11,1,2020_Jan_14_1305,FaceNameBlocked_revised,3.0.0,85.05987802873058,,NaN
113,Fem2Block.csv,Heather3.mp4,Heather.JPG,Heather,12.0,F,Rachel,Megan,Natalie,Michelle,Jessica,Anna,Katie,Heather,Courtney,Alyssa,7.0,0.0,5.0,5.0,1.0,,,,,0.0,2.0,2.0,7.0,,,,,, ,None,4.0,4.0,3.6964628519999683,,,,11,1,2020_Jan_14_1305,FaceNameBlocked_revised,3.0.0,85.05987802873058,,NaN
101,Fem2Block.csv,Heather3.mp4,Heather.JPG,Heather,12.0,F,Rachel,Megan,Natalie,Michelle,Jessica,Anna,Katie,Heather,Courtney,Alyssa,7.0,0.0,5.0,5.0,1.0,0.0,0.0,0.0,7.0,,,,,,,1.0,,,,,,,,,,,11,1,2020_Jan_14_1305,FaceNameBlocked_revised,3.0.0,85.05987802873058,,NaN
23,Male1Block.csv,Jacob3.mp4,Jacob.JPG,Jacob,43.0,M,Matthew,Kevin,Jacob,Michael,Kyle,Adam,Tyler,Steven,Jeremy,Cody,2.0,0.0,1.0,1.0,3.0,0.0,2.0,2.0,2.0,,,,,,,1.0,,,,,,,,,,,11,1,2020_Jan_14_1305,FaceNameBlocked_revised,3.0.0,85.05987802873058,,NaN
36,Male1Block.csv,Jacob3.mp4,Jacob.JPG,Jacob,43.0,M,Matthew,Kevin,Jacob,Michael,Kyle,Adam,Tyler,Steven,Jeremy,Cody,2.0,0.0,1.0,1.0,3.0,,,,,0.0,5.0,5.0,2.0,,,,,, Jacob,"['rshift', 'j', 'a', 'c', 'o', 'b']",1.0,1.0,1.3312264479999385,"[4.741179181000007, 4.965727822000076, 5.648165109000047, 6.2949988990000065, 6.9775949180000225, 7.4477515639999865]",,,11,1,2020_Jan_14_1305,FaceNameBlocked_revised,3.0.0,85.05987802873058,,4.7411791
63,Male2Block.csv,Jason4.mp4,Jason.JPG,Jason,44.0,M,Jason,Andrew,Timothy,Mark,Daniel,Dylan,Trevor,Aaron,David,Ethan,0.0,0.0,3.0,3.0,4.0,0.0,2.0,2.0,0.0,,,,,,,0.0,,,,,,,,,,,11,1,2020_Jan_14_1305,FaceNameBlocked_revised,3.0.0,85.05987802873058,,NaN
75,Male2Block.csv,Jason4.mp4,Jason.JPG,Jason,44.0,M,Jason,Andrew,Timothy,Mark,Daniel,Dylan,Trevor,Aaron,David,Ethan,0.0,0.0,3.0,3.0,4.0,,,,,0.0,4.0,4.0,0.0,,,,,,  ,['space'],1.0,5.0,1.15334069000005,[4.024715797999988],,,11,1,2020_Jan_14_1305,FaceNameBlocked_revised,3.0.0,85.05987802873058,,4.0247157
91,Fem1Block.csv,Jenna4.mp4,Jenna.JPG,Jenna,13.0,F,Brittany,Julia,Hannah,Nicole,Grace,Shelby,Kelsey,Rebecca,Jenna,Amanda,8.0,0.0,4.0,4.0,0.0,,,,,0.0,0.0,0.0,8.0,,,,space,5.401684797000144,jenna,"['k', 'e', 'backspace', 'backspace', 'backspace', 'k', 'backspace', 'rctrl', 'backspace', 'j', 'e', 'n', 'n', 'a']",3.0,3.0,1.7646442420000312,"[1.7896784839999782, 2.153951854999832, 2.45952734399998, 2.6121263350000845, 2.7410915860000387, 3.177194232999682, 3.481944869000017, 3.496443105999788, 3.6471775629997865, 3.893938138000067, 3.9997625400001198, 4.164402227999744, 4.282582255999841, 4.3769493720001265]",,,11,1,2020_Jan_14_1305,FaceNameBlocked_revised,3.0.0,85.05987802873058,,1.7896784
87,Fem1Block.csv,Jenna4.mp4,Jenna.JPG,Jenna,13.0,F,Brittany,Julia,Hannah,Nicole,Grace,Shelby,Kelsey,Rebecca,Jenna,Amanda,8.0,0.0,4.0,4.0,0.0,0.0,6.0,6.0,8.0,,,,,,,1.0,,,,,,,,,,,11,1,2020_Jan_14_1305,FaceNameBlocked_revised,3.0.0,85.05987802873058,,NaN
39,Male1Block.csv,Jeremy2.mp4,Jeremy.JPG,Jeremy,45.0,M,Matthew,Kevin,Jacob,Michael,Kyle,Adam,Tyler,Steven,Jeremy,Cody,8.0,0.0,1.0,1.0,3.0,,,,,0.0,8.0,8.0,8.0,,,,,, ,None,1.0,2.0,4.1067189579999885,,,,11,1,2020_Jan_14_1305,FaceNameBlocked_revised,3.0.0,85.05987802873058,,NaN
21,Male1Block.csv,Jeremy2.mp4,Jeremy.JPG,Jeremy,45.0,M,Matthew,Kevin,Jacob,Michael,Kyle,Adam,Tyler,Steven,Jeremy,Cody,8.0,0.0,1.0,1.0,3.0,0.0,0.0,0.0,8.0,,,,,,,1.0,,,,,,,,,,,11,1,2020_Jan_14_1305,FaceNameBlocked_revised,3.0.0,85.05987802873058,,NaN
119,Fem2Block.csv,Jessica2.mp4,Jessica.JPG,Jessica,14.0,F,Rachel,Megan,Natalie,Michelle,Jessica,Anna,Katie,Heather,Courtney,Alyssa,4.0,0.0,5.0,5.0,1.0,,,,,0.0,8.0,8.0,4.0,,,,,, kat,"['k', 'a', 't', 'i', 'backspace']",4.0,1.0,7.294730130000062,"[6.516232646999924, 7.092713685000035, 7.705869806999999, 8.305694156999834, 9.552238109999962]",,,11,1,2020_Jan_14_1305,FaceNameBlocked_revised,3.0.0,85.05987802873058,,6.5162326
105,Fem2Block.csv,Jessica2.mp4,Jessica.JPG,Jessica,14.0,F,Rachel,Megan,Natalie,Michelle,Jessica,Anna,Katie,Heather,Courtney,Alyssa,4.0,0.0,5.0,5.0,1.0,0.0,4.0,4.0,4.0,,,,,,,1.0,,,,,,,,,,,11,1,2020_Jan_14_1305,FaceNameBlocked_revised,3.0.0,85.05987802873058,,NaN
53,Male3Block.csv,Josh3.mp4,Josh.JPG,Josh,46.0,M,Nathan,Caleb,Thomas,Brandon,Brian,Eric,Josh,Justin,Bradley,Noah,6.0,0.0,2.0,2.0,5.0,,,,,0.0,2.0,2.0,6.0,,,,,, noah,"['n', 'o', 'a', 'h', 'return']",1.0,4.0,2.517739813000162,"[2.3192244619999656, 2.625453966000123, 3.1078506589999506, 3.860713286999953, 4.2837173109999185]",,,11,1,2020_Jan_14_1305,FaceNameBlocked_revised,3.0.0,85.05987802873058,,2.3192244
42,Male3Block.csv,Josh3.mp4,Josh.JPG,Josh,46.0,M,Nathan,Caleb,Thomas,Brandon,Brian,Eric,Josh,Justin,Bradley,Noah,6.0,0.0,2.0,2.0,5.0,0.0,1.0,1.0,6.0,,,,,,,0.0,,,,,,,,,,,11,1,2020_Jan_14_1305,FaceNameBlocked_revised,3.0.0,85.05987802873058,,NaN
100,Fem1Block.csv,Julia2.mp4,Julia.JPG,Julia,15.0,F,Brittany,Julia,Hannah,Nicole,Grace,Shelby,Kelsey,Rebecca,Jenna,Amanda,1.0,0.0,4.0,4.0,0.0,,,,,0.0,9.0,9.0,1.0,,,,,, ,None,2.0,2.0,4.4218969920002555,,,,11,1,2020_Jan_14_1305,FaceNameBlocked_revised,3.0.0,85.05987802873058,,NaN
83,Fem1Block.csv,Julia2.mp4,Julia.JPG,Julia,15.0,F,Brittany,Julia,Hannah,Nicole,Grace,Shelby,Kelsey,Rebecca,Jenna,Amanda,1.0,0.0,4.0,4.0,0.0,0.0,2.0,2.0,1.0,,,,,,,1.0,,,,,,,,,,,11,1,2020_Jan_14_1305,FaceNameBlocked_revised,3.0.0,85.05987802873058,,NaN
48,Male3Block.csv,Justin2.mp4,Justin.JPG,Justin,47.0,M,Nathan,Caleb,Thomas,Brandon,Brian,Eric,Josh,Justin,Bradley,Noah,7.0,0.0,2.0,2.0,5.0,0.0,7.0,7.0,7.0,,,,,,,1.0,,,,,,,,,,,11,1,2020_Jan_14_1305,FaceNameBlocked_revised,3.0.0,85.05987802873058,,NaN
51,Male3Block.csv,Justin2.mp4,Justin.JPG,Justin,47.0,M,Nathan,Caleb,Thomas,Brandon,Brian,Eric,Josh,Justin,Bradley,Noah,7.0,0.0,2.0,2.0,5.0,,,,,0.0,0.0,0.0,7.0,,,,space,30.123277139000038,  ,['space'],3.0,4.0,4.213699556999926,[1.0254517579999174],,,11,1,2020_Jan_14_1305,FaceNameBlocked_revised,3.0.0,85.05987802873058,,1.0254517
114,Fem2Block.csv,Katie2.mp4,Katie.JPG,Katie,16.0,F,Rachel,Megan,Natalie,Michelle,Jessica,Anna,Katie,Heather,Courtney,Alyssa,6.0,0.0,5.0,5.0,1.0,,,,,0.0,3.0,3.0,6.0,,,,,, ,None,1.0,5.0,4.484138613000141,,,,11,1,2020_Jan_14_1305,FaceNameBlocked_revised,3.0.0,85.05987802873058,,NaN
108,Fem2Block.csv,Katie2.mp4,Katie.JPG,Katie,16.0,F,Rachel,Megan,Natalie,Michelle,Jessica,Anna,Katie,Heather,Courtney,Alyssa,6.0,0.0,5.0,5.0,1.0,0.0,7.0,7.0,6.0,,,,,,,0.0,,,,,,,,,,,11,1,2020_Jan_14_1305,FaceNameBlocked_revised,3.0.0,85.05987802873058,,NaN
6,Fem3Block.csv,Kayla3.mp4,Kayla.JPG,Kayla,17.0,F,Kayla,Emily,Sarah,Lauren,Haley,Brianna,Olivia,Taylor,Ashley,Danielle,0.0,0.0,0.0,0.0,2.0,0.0,5.0,5.0,0.0,,,,,,,0.0,,,,,,,,,,,11,1,2020_Jan_14_1305,FaceNameBlocked_revised,3.0.0,85.05987802873058,,NaN
18,Fem3Block.csv,Kayla3.mp4,Kayla.JPG,Kayla,17.0,F,Kayla,Emily,Sarah,Lauren,Haley,Brianna,Olivia,Taylor,Ashley,Danielle,0.0,0.0,0.0,0.0,2.0,,,,,0.0,7.0,7.0,0.0,,,,,, Briann,"['lshift', 'b', 'r', 'i', 'a', 'space', 'n', 'n', 'backslash', 'backspace', 'backspace', 'backspace', 'n', 'n']",3.0,4.0,2.5196061009999653,"[3.787693802999968, 4.047692600999994, 4.38919657699995, 4.953584499999977, 5.118261989999951, 5.389128385999982, 6.000413761999994, 6.223958623999977, 7.446785537999972, 8.246590787000002, 8.55214837899996, 8.822715346999985, 9.632867255999997, 9.834711445999972]",,,11,1,2020_Jan_14_1305,FaceNameBlocked_revised,3.0.0,85.05987802873058,,3.7876938
96,Fem1Block.csv,Kelsey2.mp4,Kelsey.JPG,Kelsey,18.0,F,Brittany,Julia,Hannah,Nicole,Grace,Shelby,Kelsey,Rebecca,Jenna,Amanda,6.0,0.0,4.0,4.0,0.0,,,,,0.0,5.0,5.0,6.0,,,,,, aman,"['a', 'm', 'a', 'n']",4.0,4.0,4.589884868999889,"[7.835192000000006, 8.574975199000164, 9.305970764999984, 9.870658546999948]",,,11,1,2020_Jan_14_1305,FaceNameBlocked_revised,3.0.0,85.05987802873058,,7.8351920
90,Fem1Block.csv,Kelsey2.mp4,Kelsey.JPG,Kelsey,18.0,F,Brittany,Julia,Hannah,Nicole,Grace,Shelby,Kelsey,Rebecca,Jenna,Amanda,6.0,0.0,4.0,4.0,0.0,0.0,9.0,9.0,6.0,,,,,,,0.0,,,,,,,,,,,11,1,2020_Jan_14_1305,FaceNameBlocked_revised,3.0.0,85.05987802873058,,NaN
24,Male1Block.csv,Kevin2.mp4,Kevin.JPG,Kevin,48.0,M,Matthew,Kevin,Jacob,Michael,Kyle,Adam,Tyler,Steven,Jeremy,Cody,1.0,0.0,1.0,1.0,3.0,0.0,3.0,3.0,1.0,,,,,,,1.0,,,,,,,,,,,11,1,2020_Jan_14_1305,FaceNameBlocked_revised,3.0.0,85.05987802873058,,NaN
35,Male1Block.csv,Kevin2.mp4,Kevin.JPG,Kevin,48.0,M,Matthew,Kevin,Jacob,Michael,Kyle,Adam,Tyler,Steven,Jeremy,Cody,1.0,0.0,1.0,1.0,3.0,,,,,0.0,4.0,4.0,1.0,,,,,, Cody,"['lshift', 'c', 'o', 'd', 'y', 'return']",1.0,3.0,5.986450749000027,"[5.328868035000028, 5.612016493000056, 6.177206963999993, 6.565029733000074, 6.810439905000067, 7.410211317000062]",,,11,1,2020_Jan_14_1305,FaceNameBlocked_revised,3.0.0,85.05987802873058,,5.3288680
38,Male1Block.csv,Kyle3.mp4,Kyle.JPG,Kyle,49.0,M,Matthew,Kevin,Jacob,Michael,Kyle,Adam,Tyler,Steven,Jeremy,Cody,4.0,0.0,1.0,1.0,3.0,,,,,0.0,7.0,7.0,4.0,,,,,, ,None,1.0,3.0,4.858036243999892,,,,11,1,2020_Jan_14_1305,FaceNameBlocked_revised,3.0.0,85.05987802873058,,NaN
28,Male1Block.csv,Kyle3.mp4,Kyle.JPG,Kyle,49.0,M,Matthew,Kevin,Jacob,Michael,Kyle,Adam,Tyler,Steven,Jeremy,Cody,4.0,0.0,1.0,1.0,3.0,0.0,7.0,7.0,4.0,,,,,,,1.0,,,,,,,,,,,11,1,2020_Jan_14_1305,FaceNameBlocked_revised,3.0.0,85.05987802873058,,NaN
10,Fem3Block.csv,Lauren4.mp4,Lauren.JPG,Lauren,19.0,F,Kayla,Emily,Sarah,Lauren,Haley,Brianna,Olivia,Taylor,Ashley,Danielle,3.0,0.0,0.0,0.0,2.0,0.0,9.0,9.0,3.0,,,,,,,0.0,,,,,,,,,,,11,1,2020_Jan_14_1305,FaceNameBlocked_revised,3.0.0,85.05987802873058,,NaN
14,Fem3Block.csv,Lauren4.mp4,Lauren.JPG,Lauren,19.0,F,Kayla,Emily,Sarah,Lauren,Haley,Brianna,Olivia,Taylor,Ashley,Danielle,3.0,0.0,0.0,0.0,2.0,,,,,0.0,3.0,3.0,3.0,,,,,, Ashley,"['lshift', 'a', 's', 'h', 'l', 'e', 'y', 'return']",5.0,4.0,2.166834540000025,"[2.7294789680000235, 2.9429888509999955, 3.1783554699999854, 3.401816611000015, 3.601646907000031, 3.754195619000029, 3.9657083609999972, 4.342284532999997]",,,11,1,2020_Jan_14_1305,FaceNameBlocked_revised,3.0.0,85.05987802873058,,2.7294789
77,Male2Block.csv,Mark3.mp4,Mark.JPG,Mark,50.0,M,Jason,Andrew,Timothy,Mark,Daniel,Dylan,Trevor,Aaron,David,Ethan,3.0,0.0,3.0,3.0,4.0,,,,,0.0,6.0,6.0,3.0,,,,,, ,None,1.0,1.0,2.0115438479999743,,,,11,1,2020_Jan_14_1305,FaceNameBlocked_revised,3.0.0,85.05987802873058,,NaN
65,Male2Block.csv,Mark3.mp4,Mark.JPG,Mark,50.0,M,Jason,Andrew,Timothy,Mark,Daniel,Dylan,Trevor,Aaron,David,Ethan,3.0,0.0,3.0,3.0,4.0,0.0,4.0,4.0,3.0,,,,,,,0.0,,,,,,,,,,,11,1,2020_Jan_14_1305,FaceNameBlocked_revised,3.0.0,85.05987802873058,,NaN
40,Male1Block.csv,Matthew2.mp4,Matthew.JPG,Matthew,51.0,M,Matthew,Kevin,Jacob,Michael,Kyle,Adam,Tyler,Steven,Jeremy,Cody,0.0,0.0,1.0,1.0,3.0,,,,,0.0,9.0,9.0,0.0,,,,,, Matthew,"['lshift', 'm', 'a', 't', 't', 'h', 'e', 'w']",5.0,5.0,2.5891150649999872,"[3.494169399000043, 3.719146441000021, 4.023021551000056, 4.282811939999988, 4.459910552999986, 4.541676339999981, 4.694549792000089, 4.800477027000056]",,,11,1,2020_Jan_14_1305,FaceNameBlocked_revised,3.0.0,85.05987802873058,,3.4941693
29,Male1Block.csv,Matthew2.mp4,Matthew.JPG,Matthew,51.0,M,Matthew,Kevin,Jacob,Michael,Kyle,Adam,Tyler,Steven,Jeremy,Cody,0.0,0.0,1.0,1.0,3.0,0.0,8.0,8.0,0.0,,,,,,,0.0,,,,,,,,,,,11,1,2020_Jan_14_1305,FaceNameBlocked_revised,3.0.0,85.05987802873058,,NaN
116,Fem2Block.csv,Megan2.mp4,Megan.JPG,Megan,20.0,F,Rachel,Megan,Natalie,Michelle,Jessica,Anna,Katie,Heather,Courtney,Alyssa,1.0,0.0,5.0,5.0,1.0,,,,,0.0,5.0,5.0,1.0,,,,,, megan,"['m', 'r', 'backspace', 'e', 'g', 'a', 'n']",2.0,2.0,0.7051410460003353,"[2.331290246000208, 2.8720410730002186, 4.106599044000177, 4.800920376000249, 5.376863670000148, 5.835113875000388, 6.257354281000062]",,,11,1,2020_Jan_14_1305,FaceNameBlocked_revised,3.0.0,85.05987802873058,,2.3312902
110,Fem2Block.csv,Megan2.mp4,Megan.JPG,Megan,20.0,F,Rachel,Megan,Natalie,Michelle,Jessica,Anna,Katie,Heather,Courtney,Alyssa,1.0,0.0,5.0,5.0,1.0,0.0,9.0,9.0,1.0,,,,,,,1.0,,,,,,,,,,,11,1,2020_Jan_14_1305,FaceNameBlocked_revised,3.0.0,85.05987802873058,,NaN
32,Male1Block.csv,Michael2.mp4,Michael.JPG,Michael,52.0,M,Matthew,Kevin,Jacob,Michael,Kyle,Adam,Tyler,Steven,Jeremy,Cody,3.0,0.0,1.0,1.0,3.0,,,,,0.0,1.0,1.0,3.0,,,,,, Stee,"['lshift', 's', 't', 'e', 'e']",4.0,3.0,3.7548589000000447,"[8.022750340999892, 8.153612394999982, 8.471234670999934, 8.67111523099993, 9.71736513399992]",,,11,1,2020_Jan_14_1305,FaceNameBlocked_revised,3.0.0,85.05987802873058,,8.0227503
27,Male1Block.csv,Michael2.mp4,Michael.JPG,Michael,52.0,M,Matthew,Kevin,Jacob,Michael,Kyle,Adam,Tyler,Steven,Jeremy,Cody,3.0,0.0,1.0,1.0,3.0,0.0,6.0,6.0,3.0,,,,,,,0.0,,,,,,,,,,,11,1,2020_Jan_14_1305,FaceNameBlocked_revised,3.0.0,85.05987802873058,,NaN
111,Fem2Block.csv,Michelle2.mp4,Michelle.JPG,Michelle,21.0,F,Rachel,Megan,Natalie,Michelle,Jessica,Anna,Katie,Heather,Courtney,Alyssa,3.0,0.0,5.0,5.0,1.0,,,,,0.0,0.0,0.0,3.0,,,,space,2.5079854919999893, michelle,"['m', 'i', 'c', 'h', 'e', 'l', 'l', 'e']",1.0,1.0,2.119683723999969,"[5.812727945999995, 6.129965371999788, 6.988909783000054, 7.49443908100011, 7.89429744600011, 8.51772797600006, 8.681887650000135, 9.152575786999932]",,,11,1,2020_Jan_14_1305,FaceNameBlocked_revised,3.0.0,85.05987802873058,,5.8127279
107,Fem2Block.csv,Michelle2.mp4,Michelle.JPG,Michelle,21.0,F,Rachel,Megan,Natalie,Michelle,Jessica,Anna,Katie,Heather,Courtney,Alyssa,3.0,0.0,5.0,5.0,1.0,0.0,6.0,6.0,3.0,,,,,,,0.0,,,,,,,,,,,11,1,2020_Jan_14_1305,FaceNameBlocked_revised,3.0.0,85.05987802873058,,NaN
118,Fem2Block.csv,Natalie3.mp4,Natalie.JPG,Natalie,22.0,F,Rachel,Megan,Natalie,Michelle,Jessica,Anna,Katie,Heather,Courtney,Alyssa,2.0,0.0,5.0,5.0,1.0,,,,,0.0,7.0,7.0,2.0,,,,,, ,None,4.0,4.0,4.929884885999853,,,,11,1,2020_Jan_14_1305,FaceNameBlocked_revised,3.0.0,85.05987802873058,,NaN
109,Fem2Block.csv,Natalie3.mp4,Natalie.JPG,Natalie,22.0,F,Rachel,Megan,Natalie,Michelle,Jessica,Anna,Katie,Heather,Courtney,Alyssa,2.0,0.0,5.0,5.0,1.0,0.0,8.0,8.0,2.0,,,,,,,1.0,,,,,,,,,,,11,1,2020_Jan_14_1305,FaceNameBlocked_revised,3.0.0,85.05987802873058,,NaN
46,Male3Block.csv,Nathan3.mp4,Nathan.JPG,Nathan,53.0,M,Nathan,Caleb,Thomas,Brandon,Brian,Eric,Josh,Justin,Bradley,Noah,0.0,0.0,2.0,2.0,5.0,0.0,5.0,5.0,0.0,,,,,,,0.0,,,,,,,,,,,11,1,2020_Jan_14_1305,FaceNameBlocked_revised,3.0.0,85.05987802873058,,NaN
59,Male3Block.csv,Nathan3.mp4,Nathan.JPG,Nathan,53.0,M,Nathan,Caleb,Thomas,Brandon,Brian,Eric,Josh,Justin,Bradley,Noah,0.0,0.0,2.0,2.0,5.0,,,,,0.0,8.0,8.0,0.0,,,,,, ,None,4.0,4.0,10.172312874999989,,,,11,1,2020_Jan_14_1305,FaceNameBlocked_revised,3.0.0,85.05987802873058,,NaN
89,Fem1Block.csv,Nicole2.mp4,Nicole.JPG,Nicole,23.0,F,Brittany,Julia,Hannah,Nicole,Grace,Shelby,Kelsey,Rebecca,Jenna,Amanda,3.0,0.0,4.0,4.0,0.0,0.0,8.0,8.0,3.0,,,,,,,0.0,,,,,,,,,,,11,1,2020_Jan_14_1305,FaceNameBlocked_revised,3.0.0,85.05987802873058,,NaN
92,Fem1Block.csv,Nicole2.mp4,Nicole.JPG,Nicole,23.0,F,Brittany,Julia,Hannah,Nicole,Grace,Shelby,Kelsey,Rebecca,Jenna,Amanda,3.0,0.0,4.0,4.0,0.0,,,,,0.0,1.0,1.0,3.0,,,,,, nicole,"['n', 'i', 'c', 'o', 'l', 'e']",4.0,4.0,1.8371923089998743,"[2.813922795000053, 3.1781824709996727, 3.6490334619998066, 4.178505202999986, 4.529112137000084, 5.248245520999717]",,,11,1,2020_Jan_14_1305,FaceNameBlocked_revised,3.0.0,85.05987802873058,,2.8139227
43,Male3Block.csv,Noah2.mp4,Noah.JPG,Noah,54.0,M,Nathan,Caleb,Thomas,Brandon,Brian,Eric,Josh,Justin,Bradley,Noah,9.0,0.0,2.0,2.0,5.0,0.0,2.0,2.0,9.0,,,,,,,0.0,,,,,,,,,,,11,1,2020_Jan_14_1305,FaceNameBlocked_revised,3.0.0,85.05987802873058,,NaN
54,Male3Block.csv,Noah2.mp4,Noah.JPG,Noah,54.0,M,Nathan,Caleb,Thomas,Brandon,Brian,Eric,Josh,Justin,Bradley,Noah,9.0,0.0,2.0,2.0,5.0,,,,,0.0,3.0,3.0,9.0,,,,,, ,None,2.0,2.0,11.423220471999912,,,,11,1,2020_Jan_14_1305,FaceNameBlocked_revised,3.0.0,85.05987802873058,,NaN
8,Fem3Block.csv,Olivia3.mp4,Olivia.JPG,Olivia,24.0,F,Kayla,Emily,Sarah,Lauren,Haley,Brianna,Olivia,Taylor,Ashley,Danielle,6.0,0.0,0.0,0.0,2.0,0.0,7.0,7.0,6.0,,,,,,,0.0,,,,,,,,,,,11,1,2020_Jan_14_1305,FaceNameBlocked_revised,3.0.0,85.05987802873058,,NaN
11,Fem3Block.csv,Olivia3.mp4,Olivia.JPG,Olivia,24.0,F,Kayla,Emily,Sarah,Lauren,Haley,Brianna,Olivia,Taylor,Ashley,Danielle,6.0,0.0,0.0,0.0,2.0,,,,,0.0,0.0,0.0,6.0,,,,space,14.575721568999993, ,None,4.0,5.0,7.0951104309999655,,,,11,1,2020_Jan_14_1305,FaceNameBlocked_revised,3.0.0,85.05987802873058,,NaN
115,Fem2Block.csv,Rachel3.mp4,Rachel.JPG,Rachel,25.0,F,Rachel,Megan,Natalie,Michelle,Jessica,Anna,Katie,Heather,Courtney,Alyssa,0.0,0.0,5.0,5.0,1.0,,,,,0.0,4.0,4.0,0.0,,,,,, ke,"['k', 'd', 'l', 'backspace', 'backspace', 'e']",3.0,5.0,3.5068352580001374,"[5.717939777000083, 6.729778121999971, 7.258748400000059, 8.281751113000155, 8.622185270000045, 9.76377503699996]",,,11,1,2020_Jan_14_1305,FaceNameBlocked_revised,3.0.0,85.05987802873058,,5.7179397
106,Fem2Block.csv,Rachel3.mp4,Rachel.JPG,Rachel,25.0,F,Rachel,Megan,Natalie,Michelle,Jessica,Anna,Katie,Heather,Courtney,Alyssa,0.0,0.0,5.0,5.0,1.0,0.0,5.0,5.0,0.0,,,,,,,0.0,,,,,,,,,,,11,1,2020_Jan_14_1305,FaceNameBlocked_revised,3.0.0,85.05987802873058,,NaN
85,Fem1Block.csv,Rebecca3.mp4,Rebecca.JPG,Rebecca,26.0,F,Brittany,Julia,Hannah,Nicole,Grace,Shelby,Kelsey,Rebecca,Jenna,Amanda,7.0,0.0,4.0,4.0,0.0,0.0,4.0,4.0,7.0,,,,,,,1.0,,,,,,,,,,,11,1,2020_Jan_14_1305,FaceNameBlocked_revised,3.0.0,85.05987802873058,,NaN
98,Fem1Block.csv,Rebecca3.mp4,Rebecca.JPG,Rebecca,26.0,F,Brittany,Julia,Hannah,Nicole,Grace,Shelby,Kelsey,Rebecca,Jenna,Amanda,7.0,0.0,4.0,4.0,0.0,,,,,0.0,7.0,7.0,7.0,,,,,, ,None,4.0,4.0,10.091769670999838,,,,11,1,2020_Jan_14_1305,FaceNameBlocked_revised,3.0.0,85.05987802873058,,NaN
4,Fem3Block.csv,Sarah2.mp4,Sarah.JPG,Sarah,27.0,F,Kayla,Emily,Sarah,Lauren,Haley,Brianna,Olivia,Taylor,Ashley,Danielle,2.0,0.0,0.0,0.0,2.0,0.0,3.0,3.0,2.0,,,,,,,1.0,,,,,,,,,,,11,1,2020_Jan_14_1305,FaceNameBlocked_revised,3.0.0,85.05987802873058,,NaN
20,Fem3Block.csv,Sarah2.mp4,Sarah.JPG,Sarah,27.0,F,Kayla,Emily,Sarah,Lauren,Haley,Brianna,Olivia,Taylor,Ashley,Danielle,2.0,0.0,0.0,0.0,2.0,,,,,0.0,9.0,9.0,2.0,,,,,, ,"['lshift', 's', 'a', 'r', 'a', 'backspace', 'backspace', 'backspace', 'backspace']",2.0,2.0,1.4959286079999856,"[2.5411751460000005, 2.7896011609999505, 3.036975084000005, 3.1782789579999644, 3.355706869999949, 4.530498418999969, 4.741731902999959, 4.965571885000031, 5.13248965799994]",,,11,1,2020_Jan_14_1305,FaceNameBlocked_revised,3.0.0,85.05987802873058,,2.5411751
99,Fem1Block.csv,Shelby2.mp4,Shelby.JPG,Shelby,28.0,F,Brittany,Julia,Hannah,Nicole,Grace,Shelby,Kelsey,Rebecca,Jenna,Amanda,5.0,0.0,4.0,4.0,0.0,,,,,0.0,8.0,8.0,5.0,,,,,, shelby,"['s', 'h', 'e', 'l', 'b', 'y']",2.0,2.0,1.1314677229997872,"[8.081872368999939, 8.258941571999912, 8.376161000999673, 8.446781513999667, 8.658899884999755, 8.80005234400005]",,,11,1,2020_Jan_14_1305,FaceNameBlocked_revised,3.0.0,85.05987802873058,,8.0818723
84,Fem1Block.csv,Shelby2.mp4,Shelby.JPG,Shelby,28.0,F,Brittany,Julia,Hannah,Nicole,Grace,Shelby,Kelsey,Rebecca,Jenna,Amanda,5.0,0.0,4.0,4.0,0.0,0.0,3.0,3.0,5.0,,,,,,,0.0,,,,,,,,,,,11,1,2020_Jan_14_1305,FaceNameBlocked_revised,3.0.0,85.05987802873058,,NaN
34,Male1Block.csv,Steven2.mp4,Steven.JPG,Steven,55.0,M,Matthew,Kevin,Jacob,Michael,Kyle,Adam,Tyler,Steven,Jeremy,Cody,7.0,0.0,1.0,1.0,3.0,,,,,0.0,3.0,3.0,7.0,,,,,, ,"['lshift', 's', 'backspace']",2.0,3.0,1.908464939000055,"[2.763894368000024, 3.036098215999914, 4.363037179000003]",,,11,1,2020_Jan_14_1305,FaceNameBlocked_revised,3.0.0,85.05987802873058,,2.7638943
26,Male1Block.csv,Steven2.mp4,Steven.JPG,Steven,55.0,M,Matthew,Kevin,Jacob,Michael,Kyle,Adam,Tyler,Steven,Jeremy,Cody,7.0,0.0,1.0,1.0,3.0,0.0,5.0,5.0,7.0,,,,,,,1.0,,,,,,,,,,,11,1,2020_Jan_14_1305,FaceNameBlocked_revised,3.0.0,85.05987802873058,,NaN
15,Fem3Block.csv,Taylor4.mp4,Taylor.JPG,Taylor,29.0,F,Kayla,Emily,Sarah,Lauren,Haley,Brianna,Olivia,Taylor,Ashley,Danielle,7.0,0.0,0.0,0.0,2.0,,,,,0.0,4.0,4.0,7.0,,,,,, Kayla,"['lshift', 'k', 'a', 'y', 'l', 'a', 'return']",2.0,3.0,1.5203352109999742,"[2.0711051279999992, 3.201477281999985, 3.5781106539999996, 3.8133189640000182, 4.059897977999981, 4.234664903000009, 4.7063245020000295]",,,11,1,2020_Jan_14_1305,FaceNameBlocked_revised,3.0.0,85.05987802873058,,2.0711051
5,Fem3Block.csv,Taylor4.mp4,Taylor.JPG,Taylor,29.0,F,Kayla,Emily,Sarah,Lauren,Haley,Brianna,Olivia,Taylor,Ashley,Danielle,7.0,0.0,0.0,0.0,2.0,0.0,4.0,4.0,7.0,,,,,,,1.0,,,,,,,,,,,11,1,2020_Jan_14_1305,FaceNameBlocked_revised,3.0.0,85.05987802873058,,NaN
55,Male3Block.csv,Thomas2.mp4,Thomas.JPG,Thomas,56.0,M,Nathan,Caleb,Thomas,Brandon,Brian,Eric,Josh,Justin,Bradley,Noah,2.0,0.0,2.0,2.0,5.0,,,,,0.0,4.0,4.0,2.0,,,,,, ,None,3.0,1.0,3.670010235000064,,,,11,1,2020_Jan_14_1305,FaceNameBlocked_revised,3.0.0,85.05987802873058,,NaN
44,Male3Block.csv,Thomas2.mp4,Thomas.JPG,Thomas,56.0,M,Nathan,Caleb,Thomas,Brandon,Brian,Eric,Josh,Justin,Bradley,Noah,2.0,0.0,2.0,2.0,5.0,0.0,3.0,3.0,2.0,,,,,,,1.0,,,,,,,,,,,11,1,2020_Jan_14_1305,FaceNameBlocked_revised,3.0.0,85.05987802873058,,NaN
69,Male2Block.csv,Timothy3.mp4,Timothy.JPG,Timothy,57.0,M,Jason,Andrew,Timothy,Mark,Daniel,Dylan,Trevor,Aaron,David,Ethan,2.0,0.0,3.0,3.0,4.0,0.0,8.0,8.0,2.0,,,,,,,1.0,,,,,,,,,,,11,1,2020_Jan_14_1305,FaceNameBlocked_revised,3.0.0,85.05987802873058,,NaN
73,Male2Block.csv,Timothy3.mp4,Timothy.JPG,Timothy,57.0,M,Jason,Andrew,Timothy,Mark,Daniel,Dylan,Trevor,Aaron,David,Ethan,2.0,0.0,3.0,3.0,4.0,,,,,0.0,2.0,2.0,2.0,,,,,, ,None,3.0,2.0,3.9758880290000884,,,,11,1,2020_Jan_14_1305,FaceNameBlocked_revised,3.0.0,85.05987802873058,,NaN
61,Male2Block.csv,Trevor2.mp4,Trevor.JPG,Trevor,58.0,M,Jason,Andrew,Timothy,Mark,Daniel,Dylan,Trevor,Aaron,David,Ethan,6.0,0.0,3.0,3.0,4.0,0.0,0.0,0.0,6.0,,,,,,,0.0,,,,,,,,,,,11,1,2020_Jan_14_1305,FaceNameBlocked_revised,3.0.0,85.05987802873058,,NaN
72,Male2Block.csv,Trevor2.mp4,Trevor.JPG,Trevor,58.0,M,Jason,Andrew,Timothy,Mark,Daniel,Dylan,Trevor,Aaron,David,Ethan,6.0,0.0,3.0,3.0,4.0,,,,,0.0,1.0,1.0,6.0,,,,,, ,None,2.0,2.0,28.441138808,,,,11,1,2020_Jan_14_1305,FaceNameBlocked_revised,3.0.0,85.05987802873058,,NaN
25,Male1Block.csv,Tyler3.mp4,Tyler.JPG,Tyler,59.0,M,Matthew,Kevin,Jacob,Michael,Kyle,Adam,Tyler,Steven,Jeremy,Cody,6.0,0.0,1.0,1.0,3.0,0.0,4.0,4.0,6.0,,,,,,,0.0,,,,,,,,,,,11,1,2020_Jan_14_1305,FaceNameBlocked_revised,3.0.0,85.05987802873058,,NaN
31,Male1Block.csv,Tyler3.mp4,Tyler.JPG,Tyler,59.0,M,Matthew,Kevin,Jacob,Michael,Kyle,Adam,Tyler,Steven,Jeremy,Cody,6.0,0.0,1.0,1.0,3.0,,,,,0.0,0.0,0.0,6.0,,,,space,17.304257527999994, ,['lshift'],1.0,1.0,2.036496093999972,[2.4477486790000285],,,11,1,2020_Jan_14_1305,FaceNameBlocked_revised,3.0.0,85.05987802873058,,2.4477486
0,,,,,,,,,,,,,,,,,,,,,,,,,,,,,,space,20.410304183000008,,,,,,,,,,,,11,1,2020_Jan_14_1305,FaceNameBlocked_revised,3.0.0,85.05987802873058,,NaN
121,,,,,,,,,,,,,,,,,,,,,,,,,,,,,,,,,,,,,,,,,space,94459.028809097,11,1,2020_Jan_14_1305,FaceNameBlocked_revised,3.0.0,85.05987802873058,,NaN
