,condsBlockFile,Video,Photo,Name,Row,Gender,N1,N2,N3,N4,N5,N6,N7,N8,N9,N10,Row2,blocks.thisRepN,blocks.thisTrialN,blocks.thisN,blocks.thisIndex,presentations.thisRepN,presentations.thisTrialN,presentations.thisN,presentations.thisIndex,testing.thisRepN,testing.thisTrialN,testing.thisN,testing.thisIndex,advance_1.keys,advance_1.rt,currentCond,advance_2.keys,advance_2.rt,inputText,key_resp_3.keys,key_resp_3.rt,correctRecogSelection,keyResponse.keys,keyResponse.rt,end_key.keys,end_key.rt,participant,session,date,expName,psychopyVersion,frameRate,Unnamed: 48,key_resp3_fin
81,Male2Block.csv,Aaron2.mp4,Aaron.JPG,Aaron,30.0,M,Cody,Michael,Nathan,Ethan,Aaron,Jacob,Brian,David,Jeremy,Steven,4.0,0.0,4.0,4.0,4.0,0.0,0.0,0.0,4.0,,,,,,,0.0,,,,,,,,,,,12,1,2020_Jan_14_1301,FaceNameBlocked_revised,3.0.0,85.06422811566712,,NaN
96,Male2Block.csv,Aaron2.mp4,Aaron.JPG,Aaron,30.0,M,Cody,Michael,Nathan,Ethan,Aaron,Jacob,Brian,David,Jeremy,Steven,4.0,0.0,4.0,4.0,4.0,,,,,0.0,5.0,5.0,4.0,,,,,, ,None,,4.0,2.0,4.659812615951523,,,12,1,2020_Jan_14_1301,FaceNameBlocked_revised,3.0.0,85.06422811566712,,NaN
120,Male3Block.csv,Adam4.mp4,Adam.JPG,Adam,31.0,M,Dylan,Thomas,Jason,Tyler,Josh,Kevin,Andrew,Caleb,Adam,Kyle,8.0,0.0,5.0,5.0,5.0,,,,,0.0,9.0,9.0,8.0,,,,,, adam,"['a', 'd', 'a', 'm']","[8.66998775897082, 8.787056435015984, 8.987034032004885, 9.563853034982458]",5.0,5.0,3.0225805550580844,,,12,1,2020_Jan_14_1301,FaceNameBlocked_revised,3.0.0,85.06422811566712,,8.6699877
103,Male3Block.csv,Adam4.mp4,Adam.JPG,Adam,31.0,M,Dylan,Thomas,Jason,Tyler,Josh,Kevin,Andrew,Caleb,Adam,Kyle,8.0,0.0,5.0,5.0,5.0,0.0,2.0,2.0,8.0,,,,,,,1.0,,,,,,,,,,,12,1,2020_Jan_14_1301,FaceNameBlocked_revised,3.0.0,85.06422811566712,,NaN
30,Fem1Block.csv,Alyssa3.mp4,Alyssa.JPG,Alyssa,0.0,F,Katie,Grace,Brittany,Alyssa,Heather,Shelby,Ashley,Emily,Haley,Rachel,3.0,0.0,1.0,1.0,0.0,0.0,9.0,9.0,3.0,,,,,,,0.0,,,,,,,,,,,12,1,2020_Jan_14_1301,FaceNameBlocked_revised,3.0.0,85.06422811566712,,NaN
33,Fem1Block.csv,Alyssa3.mp4,Alyssa.JPG,Alyssa,0.0,F,Katie,Grace,Brittany,Alyssa,Heather,Shelby,Ashley,Emily,Haley,Rachel,3.0,0.0,1.0,1.0,0.0,,,,,0.0,2.0,2.0,3.0,,,,,, alyssa,"['a', 'l', 'y', 's', 's', 'a']","[4.719163782894611, 4.978035043925047, 5.353712466894649, 5.624368366901763, 5.800846614991315, 6.153509372961707]",2.0,2.0,1.2617013389244676,,,12,1,2020_Jan_14_1301,FaceNameBlocked_revised,3.0.0,85.06422811566712,,4.7191637
18,Fem2Block.csv,Amanda3.mp4,Amanda.JPG,Amanda,1.0,F,Anna,Kayla,Megan,Lauren,Amanda,Brianna,Natalie,Nicole,Sarah,Courtney,4.0,0.0,0.0,0.0,1.0,,,,,0.0,7.0,7.0,4.0,,,,,, ,None,,1.0,5.0,4.2468040640233085,,,12,1,2020_Jan_14_1301,FaceNameBlocked_revised,3.0.0,85.06422811566712,,NaN
3,Fem2Block.csv,Amanda3.mp4,Amanda.JPG,Amanda,1.0,F,Anna,Kayla,Megan,Lauren,Amanda,Brianna,Natalie,Nicole,Sarah,Courtney,4.0,0.0,0.0,0.0,1.0,0.0,2.0,2.0,4.0,,,,,,,0.0,,,,,,,,,,,12,1,2020_Jan_14_1301,FaceNameBlocked_revised,3.0.0,85.06422811566712,,NaN
114,Male3Block.csv,Andrew2.mp4,Andrew.JPG,Andrew,32.0,M,Dylan,Thomas,Jason,Tyler,Josh,Kevin,Andrew,Caleb,Adam,Kyle,6.0,0.0,5.0,5.0,5.0,,,,,0.0,3.0,3.0,6.0,,,,,, andrew,"['a', 'n', 'd', 'r', 'e', 'w']","[6.835977147915401, 7.470813123974949, 7.658387133968063, 8.000240486930124, 8.223800246953033, 8.399562986916862]",2.0,2.0,1.7429213230498135,,,12,1,2020_Jan_14_1301,FaceNameBlocked_revised,3.0.0,85.06422811566712,,6.8359771
107,Male3Block.csv,Andrew2.mp4,Andrew.JPG,Andrew,32.0,M,Dylan,Thomas,Jason,Tyler,Josh,Kevin,Andrew,Caleb,Adam,Kyle,6.0,0.0,5.0,5.0,5.0,0.0,6.0,6.0,6.0,,,,,,,1.0,,,,,,,,,,,12,1,2020_Jan_14_1301,FaceNameBlocked_revised,3.0.0,85.06422811566712,,NaN
8,Fem2Block.csv,Anna3.mp4,Anna.JPG,Anna,2.0,F,Anna,Kayla,Megan,Lauren,Amanda,Brianna,Natalie,Nicole,Sarah,Courtney,0.0,0.0,0.0,0.0,1.0,0.0,7.0,7.0,0.0,,,,,,,0.0,,,,,,,,,,,12,1,2020_Jan_14_1301,FaceNameBlocked_revised,3.0.0,85.06422811566712,,NaN
20,Fem2Block.csv,Anna3.mp4,Anna.JPG,Anna,2.0,F,Anna,Kayla,Megan,Lauren,Amanda,Brianna,Natalie,Nicole,Sarah,Courtney,0.0,0.0,0.0,0.0,1.0,,,,,0.0,9.0,9.0,0.0,,,,,, ,None,,2.0,1.0,5.457365502021276,,,12,1,2020_Jan_14_1301,FaceNameBlocked_revised,3.0.0,85.06422811566712,,NaN
27,Fem1Block.csv,Ashley3.mp4,Ashley.JPG,Ashley,3.0,F,Katie,Grace,Brittany,Alyssa,Heather,Shelby,Ashley,Emily,Haley,Rachel,6.0,0.0,1.0,1.0,0.0,0.0,6.0,6.0,6.0,,,,,,,1.0,,,,,,,,,,,12,1,2020_Jan_14_1301,FaceNameBlocked_revised,3.0.0,85.06422811566712,,NaN
35,Fem1Block.csv,Ashley3.mp4,Ashley.JPG,Ashley,3.0,F,Katie,Grace,Brittany,Alyssa,Heather,Shelby,Ashley,Emily,Haley,Rachel,6.0,0.0,1.0,1.0,0.0,,,,,0.0,4.0,4.0,6.0,,,,,, ashley,"['a', 's', 'h', 'l', 'e', 'y']","[1.6478378920583054, 1.67115621000994, 2.4102605930529535, 3.0105862530181184, 3.153409001068212, 3.2946417700732127]",1.0,1.0,1.2019391630310563,,,12,1,2020_Jan_14_1301,FaceNameBlocked_revised,3.0.0,85.06422811566712,,1.6478378
43,Male1Block.csv,Bradley3.mp4,Bradley.JPG,Bradley,33.0,M,Matthew,Brandon,Trevor,Timothy,Noah,Mark,Eric,Justin,Bradley,Daniel,8.0,0.0,2.0,2.0,3.0,0.0,2.0,2.0,8.0,,,,,,,1.0,,,,,,,,,,,12,1,2020_Jan_14_1301,FaceNameBlocked_revised,3.0.0,85.06422811566712,,NaN
58,Male1Block.csv,Bradley3.mp4,Bradley.JPG,Bradley,33.0,M,Matthew,Brandon,Trevor,Timothy,Noah,Mark,Eric,Justin,Bradley,Daniel,8.0,0.0,2.0,2.0,3.0,,,,,0.0,7.0,7.0,8.0,,,,,, ,None,,5.0,5.0,1.7547714780084789,,,12,1,2020_Jan_14_1301,FaceNameBlocked_revised,3.0.0,85.06422811566712,,NaN
55,Male1Block.csv,Brandon2.mp4,Brandon.JPG,Brandon,34.0,M,Matthew,Brandon,Trevor,Timothy,Noah,Mark,Eric,Justin,Bradley,Daniel,1.0,0.0,2.0,2.0,3.0,,,,,0.0,4.0,4.0,1.0,,,,,, ,None,,1.0,2.0,2.3896007010480393,,,12,1,2020_Jan_14_1301,FaceNameBlocked_revised,3.0.0,85.06422811566712,,NaN
50,Male1Block.csv,Brandon2.mp4,Brandon.JPG,Brandon,34.0,M,Matthew,Brandon,Trevor,Timothy,Noah,Mark,Eric,Justin,Bradley,Daniel,1.0,0.0,2.0,2.0,3.0,0.0,9.0,9.0,1.0,,,,,,,1.0,,,,,,,,,,,12,1,2020_Jan_14_1301,FaceNameBlocked_revised,3.0.0,85.06422811566712,,NaN
87,Male2Block.csv,Brian2.mp4,Brian.JPG,Brian,35.0,M,Cody,Michael,Nathan,Ethan,Aaron,Jacob,Brian,David,Jeremy,Steven,6.0,0.0,4.0,4.0,4.0,0.0,6.0,6.0,6.0,,,,,,,1.0,,,,,,,,,,,12,1,2020_Jan_14_1301,FaceNameBlocked_revised,3.0.0,85.06422811566712,,NaN
92,Male2Block.csv,Brian2.mp4,Brian.JPG,Brian,35.0,M,Cody,Michael,Nathan,Ethan,Aaron,Jacob,Brian,David,Jeremy,Steven,6.0,0.0,4.0,4.0,4.0,,,,,0.0,1.0,1.0,6.0,,,,,, brian,"['b', 'r', 'i', 'a', 'n']","[1.8256720820209011, 2.1548745840555057, 2.8016505989944562, 3.447854859987274, 4.118593048071489]",2.0,2.0,3.4841928130481388,,,12,1,2020_Jan_14_1301,FaceNameBlocked_revised,3.0.0,85.06422811566712,,1.8256720
16,Fem2Block.csv,Brianna2.mp4,Brianna.JPG,Brianna,4.0,F,Anna,Kayla,Megan,Lauren,Amanda,Brianna,Natalie,Nicole,Sarah,Courtney,5.0,0.0,0.0,0.0,1.0,,,,,0.0,5.0,5.0,5.0,,,,,, brianna,"['b', 'r', 'i', 'a', 'n', 'n', 'a']","[2.166310914908536, 2.4483620289247483, 2.589750121929683, 3.2836139429127797, 3.4834082309389487, 3.69456262991298, 4.200112456921488]",4.0,4.0,2.4376568449661136,,,12,1,2020_Jan_14_1301,FaceNameBlocked_revised,3.0.0,85.06422811566712,,2.1663109
7,Fem2Block.csv,Brianna2.mp4,Brianna.JPG,Brianna,4.0,F,Anna,Kayla,Megan,Lauren,Amanda,Brianna,Natalie,Nicole,Sarah,Courtney,5.0,0.0,0.0,0.0,1.0,0.0,6.0,6.0,5.0,,,,,,,0.0,,,,,,,,,,,12,1,2020_Jan_14_1301,FaceNameBlocked_revised,3.0.0,85.06422811566712,,NaN
22,Fem1Block.csv,Brittany2.mp4,Brittany.JPG,Brittany,5.0,F,Katie,Grace,Brittany,Alyssa,Heather,Shelby,Ashley,Emily,Haley,Rachel,2.0,0.0,1.0,1.0,0.0,0.0,1.0,1.0,2.0,,,,,,,1.0,,,,,,,,,,,12,1,2020_Jan_14_1301,FaceNameBlocked_revised,3.0.0,85.06422811566712,,NaN
37,Fem1Block.csv,Brittany2.mp4,Brittany.JPG,Brittany,5.0,F,Katie,Grace,Brittany,Alyssa,Heather,Shelby,Ashley,Emily,Haley,Rachel,2.0,0.0,1.0,1.0,0.0,,,,,0.0,6.0,6.0,2.0,,,,,, brittney,"['b', 'r', 'i', 't', 't', 'n', 'e', 'y']","[1.766404576948844, 1.9989963650004938, 2.3305432168999687, 2.448468862916343, 2.6718991099623963, 3.3660989399068058, 3.624764061998576, 3.777594717917964]",4.0,4.0,1.5085136409616098,,,12,1,2020_Jan_14_1301,FaceNameBlocked_revised,3.0.0,85.06422811566712,,1.7664045
115,Male3Block.csv,Caleb5.mp4,Caleb.JPG,Caleb,36.0,M,Dylan,Thomas,Jason,Tyler,Josh,Kevin,Andrew,Caleb,Adam,Kyle,7.0,0.0,5.0,5.0,5.0,,,,,0.0,4.0,4.0,7.0,,,,,, calum,"['a', 'backspace', 'c', 'l', 'backspace', 'a', 'l', 'u', 'm', 'n', 'backspace']","[1.8838144739856943, 3.3174889739602804, 4.013422417920083, 4.318255226011388, 4.7643853549379855, 5.130017985939048, 5.5410525349434465, 5.788933238014579, 5.9881222730036825, 6.165060168015771, 6.9760645849164575]",2.0,2.0,3.0826579070417215,,,12,1,2020_Jan_14_1301,FaceNameBlocked_revised,3.0.0,85.06422811566712,,1.8838144
108,Male3Block.csv,Caleb5.mp4,Caleb.JPG,Caleb,36.0,M,Dylan,Thomas,Jason,Tyler,Josh,Kevin,Andrew,Caleb,Adam,Kyle,7.0,0.0,5.0,5.0,5.0,0.0,7.0,7.0,7.0,,,,,,,1.0,,,,,,,,,,,12,1,2020_Jan_14_1301,FaceNameBlocked_revised,3.0.0,85.06422811566712,,NaN
89,Male2Block.csv,Cody2.mp4,Cody.JPG,Cody,37.0,M,Cody,Michael,Nathan,Ethan,Aaron,Jacob,Brian,David,Jeremy,Steven,0.0,0.0,4.0,4.0,4.0,0.0,8.0,8.0,0.0,,,,,,,0.0,,,,,,,,,,,12,1,2020_Jan_14_1301,FaceNameBlocked_revised,3.0.0,85.06422811566712,,NaN
94,Male2Block.csv,Cody2.mp4,Cody.JPG,Cody,37.0,M,Cody,Michael,Nathan,Ethan,Aaron,Jacob,Brian,David,Jeremy,Steven,0.0,0.0,4.0,4.0,4.0,,,,,0.0,3.0,3.0,0.0,,,,,, cody,"['c', 'o', 'd', 'd', 'y', 'backspace', 'backspace', 'y']","[2.166539721074514, 2.507133985054679, 2.836431998061016, 3.0843459630850703, 3.099830946070142, 4.316423686104827, 4.493754466064274, 5.200844614999369]",5.0,4.0,5.812829543021508,,,12,1,2020_Jan_14_1301,FaceNameBlocked_revised,3.0.0,85.06422811566712,,2.1665397
9,Fem2Block.csv,Courtney2.mp4,Courtney.JPG,Courtney,6.0,F,Anna,Kayla,Megan,Lauren,Amanda,Brianna,Natalie,Nicole,Sarah,Courtney,9.0,0.0,0.0,0.0,1.0,0.0,8.0,8.0,9.0,,,,,,,0.0,,,,,,,,,,,12,1,2020_Jan_14_1301,FaceNameBlocked_revised,3.0.0,85.06422811566712,,NaN
15,Fem2Block.csv,Courtney2.mp4,Courtney.JPG,Courtney,6.0,F,Anna,Kayla,Megan,Lauren,Amanda,Brianna,Natalie,Nicole,Sarah,Courtney,9.0,0.0,0.0,0.0,1.0,,,,,0.0,4.0,4.0,9.0,,,,,, megan,"['m', 'e', 'g', 'a', 'n']","[7.15164548298344, 7.269786279997788, 7.469851537956856, 7.598792169010267, 7.750146694947034]",2.0,4.0,4.906803430989385,,,12,1,2020_Jan_14_1301,FaceNameBlocked_revised,3.0.0,85.06422811566712,,7.1516454
44,Male1Block.csv,Daniel3.mp4,Daniel.JPG,Daniel,38.0,M,Matthew,Brandon,Trevor,Timothy,Noah,Mark,Eric,Justin,Bradley,Daniel,9.0,0.0,2.0,2.0,3.0,0.0,3.0,3.0,9.0,,,,,,,0.0,,,,,,,,,,,12,1,2020_Jan_14_1301,FaceNameBlocked_revised,3.0.0,85.06422811566712,,NaN
52,Male1Block.csv,Daniel3.mp4,Daniel.JPG,Daniel,38.0,M,Matthew,Brandon,Trevor,Timothy,Noah,Mark,Eric,Justin,Bradley,Daniel,9.0,0.0,2.0,2.0,3.0,,,,,0.0,1.0,1.0,9.0,,,,,, ,None,,4.0,4.0,2.5530092550907284,,,12,1,2020_Jan_14_1301,FaceNameBlocked_revised,3.0.0,85.06422811566712,,NaN
72,Fem3Block.csv,Danielle2.mp4,Danielle.JPG,Danielle,7.0,F,Jenna,Hannah,Kelsey,Julia,Taylor,Olivia,Rebecca,Michelle,Jessica,Danielle,9.0,0.0,3.0,3.0,2.0,,,,,0.0,1.0,1.0,9.0,,,,,, Daniela,"['lshift', 'd', 'a', 'n', 'i', 'e', 'l', 'a']","[3.317550732055679, 3.424306528060697, 3.6596308320295066, 4.213035942055285, 4.422588514047675, 4.61261832609307, 4.835850636009127, 4.965725111076608]",2.0,2.0,1.86147045600228,,,12,1,2020_Jan_14_1301,FaceNameBlocked_revised,3.0.0,85.06422811566712,,3.3175507
62,Fem3Block.csv,Danielle2.mp4,Danielle.JPG,Danielle,7.0,F,Jenna,Hannah,Kelsey,Julia,Taylor,Olivia,Rebecca,Michelle,Jessica,Danielle,9.0,0.0,3.0,3.0,2.0,0.0,1.0,1.0,9.0,,,,,,,0.0,,,,,,,,,,,12,1,2020_Jan_14_1301,FaceNameBlocked_revised,3.0.0,85.06422811566712,,NaN
91,Male2Block.csv,David2.mp4,David.JPG,David,39.0,M,Cody,Michael,Nathan,Ethan,Aaron,Jacob,Brian,David,Jeremy,Steven,7.0,0.0,4.0,4.0,4.0,,,,,0.0,0.0,0.0,7.0,,,,space,8.094617475988343, ,None,,2.0,3.0,4.373958470998332,,,12,1,2020_Jan_14_1301,FaceNameBlocked_revised,3.0.0,85.06422811566712,,NaN
86,Male2Block.csv,David2.mp4,David.JPG,David,39.0,M,Cody,Michael,Nathan,Ethan,Aaron,Jacob,Brian,David,Jeremy,Steven,7.0,0.0,4.0,4.0,4.0,0.0,5.0,5.0,7.0,,,,,,,1.0,,,,,,,,,,,12,1,2020_Jan_14_1301,FaceNameBlocked_revised,3.0.0,85.06422811566712,,NaN
116,Male3Block.csv,Dylan3.mp4,Dylan.JPG,Dylan,40.0,M,Dylan,Thomas,Jason,Tyler,Josh,Kevin,Andrew,Caleb,Adam,Kyle,0.0,0.0,5.0,5.0,5.0,,,,,0.0,5.0,5.0,0.0,,,,,, Daniel ,"['lshift', 'd', 'a', 'n', 'i', 'e', 'l', 'space']","[2.1183860739693046, 2.2587338290177286, 2.389647920965217, 3.166721201967448, 3.331541739986278, 3.4840268989792094, 3.613672656007111, 3.778402191004716]",4.0,4.0,4.624721388099715,,,12,1,2020_Jan_14_1301,FaceNameBlocked_revised,3.0.0,85.06422811566712,,2.1183860
109,Male3Block.csv,Dylan3.mp4,Dylan.JPG,Dylan,40.0,M,Dylan,Thomas,Jason,Tyler,Josh,Kevin,Andrew,Caleb,Adam,Kyle,0.0,0.0,5.0,5.0,5.0,0.0,8.0,8.0,0.0,,,,,,,0.0,,,,,,,,,,,12,1,2020_Jan_14_1301,FaceNameBlocked_revised,3.0.0,85.06422811566712,,NaN
24,Fem1Block.csv,Emily5.mp4,Emily.JPG,Emily,8.0,F,Katie,Grace,Brittany,Alyssa,Heather,Shelby,Ashley,Emily,Haley,Rachel,7.0,0.0,1.0,1.0,0.0,0.0,3.0,3.0,7.0,,,,,,,1.0,,,,,,,,,,,12,1,2020_Jan_14_1301,FaceNameBlocked_revised,3.0.0,85.06422811566712,,NaN
40,Fem1Block.csv,Emily5.mp4,Emily.JPG,Emily,8.0,F,Katie,Grace,Brittany,Alyssa,Heather,Shelby,Ashley,Emily,Haley,Rachel,7.0,0.0,1.0,1.0,0.0,,,,,0.0,9.0,9.0,7.0,,,,,, emily,"['e', 'm', 'i', 'l', 'y']","[2.790603275061585, 3.331339195021428, 3.5902645100140944, 4.0939302910119295, 4.470212212065235]",3.0,3.0,1.6254149120068178,,,12,1,2020_Jan_14_1301,FaceNameBlocked_revised,3.0.0,85.06422811566712,,2.7906032
54,Male1Block.csv,Eric2.mp4,Eric.JPG,Eric,41.0,M,Matthew,Brandon,Trevor,Timothy,Noah,Mark,Eric,Justin,Bradley,Daniel,6.0,0.0,2.0,2.0,3.0,,,,,0.0,3.0,3.0,6.0,,,,,, ,None,,1.0,1.0,1.7787859650561586,,,12,1,2020_Jan_14_1301,FaceNameBlocked_revised,3.0.0,85.06422811566712,,NaN
42,Male1Block.csv,Eric2.mp4,Eric.JPG,Eric,41.0,M,Matthew,Brandon,Trevor,Timothy,Noah,Mark,Eric,Justin,Bradley,Daniel,6.0,0.0,2.0,2.0,3.0,0.0,1.0,1.0,6.0,,,,,,,1.0,,,,,,,,,,,12,1,2020_Jan_14_1301,FaceNameBlocked_revised,3.0.0,85.06422811566712,,NaN
88,Male2Block.csv,Ethan2.mp4,Ethan.JPG,Ethan,42.0,M,Cody,Michael,Nathan,Ethan,Aaron,Jacob,Brian,David,Jeremy,Steven,3.0,0.0,4.0,4.0,4.0,0.0,7.0,7.0,3.0,,,,,,,0.0,,,,,,,,,,,12,1,2020_Jan_14_1301,FaceNameBlocked_revised,3.0.0,85.06422811566712,,NaN
98,Male2Block.csv,Ethan2.mp4,Ethan.JPG,Ethan,42.0,M,Cody,Michael,Nathan,Ethan,Aaron,Jacob,Brian,David,Jeremy,Steven,3.0,0.0,4.0,4.0,4.0,,,,,0.0,7.0,7.0,3.0,,,,,, ethan,"['e', 't', 'h', 'a', 'n']","[1.355804426013492, 1.8139995960518718, 2.155327094020322, 2.708248696057126, 3.060654022032395]",2.0,2.0,1.578661446925253,,,12,1,2020_Jan_14_1301,FaceNameBlocked_revised,3.0.0,85.06422811566712,,1.3558044
23,Fem1Block.csv,Grace3.mp4,Grace.JPG,Grace,9.0,F,Katie,Grace,Brittany,Alyssa,Heather,Shelby,Ashley,Emily,Haley,Rachel,1.0,0.0,1.0,1.0,0.0,0.0,2.0,2.0,1.0,,,,,,,1.0,,,,,,,,,,,12,1,2020_Jan_14_1301,FaceNameBlocked_revised,3.0.0,85.06422811566712,,NaN
34,Fem1Block.csv,Grace3.mp4,Grace.JPG,Grace,9.0,F,Katie,Grace,Brittany,Alyssa,Heather,Shelby,Ashley,Emily,Haley,Rachel,1.0,0.0,1.0,1.0,0.0,,,,,0.0,3.0,3.0,1.0,,,,,, gracie,"['g', 'a', 'r', 'c', 'i', 'e', 'backspace', 'backspace', 'backspace', 'backspace', 'backspace', 'r', 'a', 'c', 'i', 'e']","[1.7410327940015122, 1.9642393529647961, 2.0844392279395834, 2.531747145927511, 2.8018257579533383, 2.954573092982173, 3.9655411379644647, 4.165025702910498, 4.3179632109822705, 4.516794266994111, 4.788842516951263, 5.460260394960642, 5.612878648913465, 5.742175104911439, 6.153499831911176, 6.330245267949067]",3.0,3.0,3.542199990944937,,,12,1,2020_Jan_14_1301,FaceNameBlocked_revised,3.0.0,85.06422811566712,,1.7410327
29,Fem1Block.csv,Haley2.mp4,Haley.JPG,Haley,10.0,F,Katie,Grace,Brittany,Alyssa,Heather,Shelby,Ashley,Emily,Haley,Rachel,8.0,0.0,1.0,1.0,0.0,0.0,8.0,8.0,8.0,,,,,,,1.0,,,,,,,,,,,12,1,2020_Jan_14_1301,FaceNameBlocked_revised,3.0.0,85.06422811566712,,NaN
38,Fem1Block.csv,Haley2.mp4,Haley.JPG,Haley,10.0,F,Katie,Grace,Brittany,Alyssa,Heather,Shelby,Ashley,Emily,Haley,Rachel,8.0,0.0,1.0,1.0,0.0,,,,,0.0,7.0,7.0,8.0,,,,,, ,None,,1.0,5.0,2.4717526140157133,,,12,1,2020_Jan_14_1301,FaceNameBlocked_revised,3.0.0,85.06422811566712,,NaN
64,Fem3Block.csv,Hannah2.mp4,Hannah.JPG,Hannah,11.0,F,Jenna,Hannah,Kelsey,Julia,Taylor,Olivia,Rebecca,Michelle,Jessica,Danielle,1.0,0.0,3.0,3.0,2.0,0.0,3.0,3.0,1.0,,,,,,,1.0,,,,,,,,,,,12,1,2020_Jan_14_1301,FaceNameBlocked_revised,3.0.0,85.06422811566712,,NaN
74,Fem3Block.csv,Hannah2.mp4,Hannah.JPG,Hannah,11.0,F,Jenna,Hannah,Kelsey,Julia,Taylor,Olivia,Rebecca,Michelle,Jessica,Danielle,1.0,0.0,3.0,3.0,2.0,,,,,0.0,3.0,3.0,1.0,,,,,, ,None,,2.0,2.0,2.8836287560407072,,,12,1,2020_Jan_14_1301,FaceNameBlocked_revised,3.0.0,85.06422811566712,,NaN
39,Fem1Block.csv,Heather3.mp4,Heather.JPG,Heather,12.0,F,Katie,Grace,Brittany,Alyssa,Heather,Shelby,Ashley,Emily,Haley,Rachel,4.0,0.0,1.0,1.0,0.0,,,,,0.0,8.0,8.0,4.0,,,,,, ,None,,5.0,5.0,4.623758164001629,,,12,1,2020_Jan_14_1301,FaceNameBlocked_revised,3.0.0,85.06422811566712,,NaN
25,Fem1Block.csv,Heather3.mp4,Heather.JPG,Heather,12.0,F,Katie,Grace,Brittany,Alyssa,Heather,Shelby,Ashley,Emily,Haley,Rachel,4.0,0.0,1.0,1.0,0.0,0.0,4.0,4.0,4.0,,,,,,,0.0,,,,,,,,,,,12,1,2020_Jan_14_1301,FaceNameBlocked_revised,3.0.0,85.06422811566712,,NaN
100,Male2Block.csv,Jacob3.mp4,Jacob.JPG,Jacob,43.0,M,Cody,Michael,Nathan,Ethan,Aaron,Jacob,Brian,David,Jeremy,Steven,5.0,0.0,4.0,4.0,4.0,,,,,0.0,9.0,9.0,5.0,,,,,, cody,"['c', 'o', 'd', 'y']","[2.8608164170291275, 3.5901309250621125, 4.613229737034999, 5.036641484010033]",4.0,3.0,4.941417419002391,,,12,1,2020_Jan_14_1301,FaceNameBlocked_revised,3.0.0,85.06422811566712,,2.8608164
82,Male2Block.csv,Jacob3.mp4,Jacob.JPG,Jacob,43.0,M,Cody,Michael,Nathan,Ethan,Aaron,Jacob,Brian,David,Jeremy,Steven,5.0,0.0,4.0,4.0,4.0,0.0,1.0,1.0,5.0,,,,,,,0.0,,,,,,,,,,,12,1,2020_Jan_14_1301,FaceNameBlocked_revised,3.0.0,85.06422811566712,,NaN
112,Male3Block.csv,Jason4.mp4,Jason.JPG,Jason,44.0,M,Dylan,Thomas,Jason,Tyler,Josh,Kevin,Andrew,Caleb,Adam,Kyle,2.0,0.0,5.0,5.0,5.0,,,,,0.0,1.0,1.0,2.0,,,,,, ,None,,2.0,2.0,5.586103954934515,,,12,1,2020_Jan_14_1301,FaceNameBlocked_revised,3.0.0,85.06422811566712,,NaN
105,Male3Block.csv,Jason4.mp4,Jason.JPG,Jason,44.0,M,Dylan,Thomas,Jason,Tyler,Josh,Kevin,Andrew,Caleb,Adam,Kyle,2.0,0.0,5.0,5.0,5.0,0.0,4.0,4.0,2.0,,,,,,,1.0,,,,,,,,,,,12,1,2020_Jan_14_1301,FaceNameBlocked_revised,3.0.0,85.06422811566712,,NaN
76,Fem3Block.csv,Jenna4.mp4,Jenna.JPG,Jenna,13.0,F,Jenna,Hannah,Kelsey,Julia,Taylor,Olivia,Rebecca,Michelle,Jessica,Danielle,0.0,0.0,3.0,3.0,2.0,,,,,0.0,5.0,5.0,0.0,,,,,, jenna,"['j', 'e', 'n', 'n', 'a']","[2.7899006019579247, 3.022331067943014, 3.2716092319460586, 3.4004050989169627, 3.4719152309698984]",2.0,2.0,3.331232988042757,,,12,1,2020_Jan_14_1301,FaceNameBlocked_revised,3.0.0,85.06422811566712,,2.7899006
63,Fem3Block.csv,Jenna4.mp4,Jenna.JPG,Jenna,13.0,F,Jenna,Hannah,Kelsey,Julia,Taylor,Olivia,Rebecca,Michelle,Jessica,Danielle,0.0,0.0,3.0,3.0,2.0,0.0,2.0,2.0,0.0,,,,,,,0.0,,,,,,,,,,,12,1,2020_Jan_14_1301,FaceNameBlocked_revised,3.0.0,85.06422811566712,,NaN
85,Male2Block.csv,Jeremy2.mp4,Jeremy.JPG,Jeremy,45.0,M,Cody,Michael,Nathan,Ethan,Aaron,Jacob,Brian,David,Jeremy,Steven,8.0,0.0,4.0,4.0,4.0,0.0,4.0,4.0,8.0,,,,,,,1.0,,,,,,,,,,,12,1,2020_Jan_14_1301,FaceNameBlocked_revised,3.0.0,85.06422811566712,,NaN
99,Male2Block.csv,Jeremy2.mp4,Jeremy.JPG,Jeremy,45.0,M,Cody,Michael,Nathan,Ethan,Aaron,Jacob,Brian,David,Jeremy,Steven,8.0,0.0,4.0,4.0,4.0,,,,,0.0,8.0,8.0,8.0,,,,,, jeremy,"['j', 'e', 'r', 'e', 'm', 'y']","[1.3909085819032043, 1.719601602992043, 1.9674721489427611, 2.1203308789990842, 2.8251570999855176, 3.3202165419934317]",4.0,4.0,1.625749354949221,,,12,1,2020_Jan_14_1301,FaceNameBlocked_revised,3.0.0,85.06422811566712,,1.3909085
65,Fem3Block.csv,Jessica2.mp4,Jessica.JPG,Jessica,14.0,F,Jenna,Hannah,Kelsey,Julia,Taylor,Olivia,Rebecca,Michelle,Jessica,Danielle,8.0,0.0,3.0,3.0,2.0,0.0,4.0,4.0,8.0,,,,,,,1.0,,,,,,,,,,,12,1,2020_Jan_14_1301,FaceNameBlocked_revised,3.0.0,85.06422811566712,,NaN
79,Fem3Block.csv,Jessica2.mp4,Jessica.JPG,Jessica,14.0,F,Jenna,Hannah,Kelsey,Julia,Taylor,Olivia,Rebecca,Michelle,Jessica,Danielle,8.0,0.0,3.0,3.0,2.0,,,,,0.0,8.0,8.0,8.0,,,,,, jessica,"['j', 'e', 's', 's', 'i', 'c', 'a']","[2.084418065031059, 2.317826382932253, 2.5291573129361495, 2.823839065968059, 3.0583085799589753, 3.3407455659471452, 3.681984146940522]",3.0,3.0,2.8129313170211394,,,12,1,2020_Jan_14_1301,FaceNameBlocked_revised,3.0.0,85.06422811566712,,2.0844180
101,Male3Block.csv,Josh3.mp4,Josh.JPG,Josh,46.0,M,Dylan,Thomas,Jason,Tyler,Josh,Kevin,Andrew,Caleb,Adam,Kyle,4.0,0.0,5.0,5.0,5.0,0.0,0.0,0.0,4.0,,,,,,,0.0,,,,,,,,,,,12,1,2020_Jan_14_1301,FaceNameBlocked_revised,3.0.0,85.06422811566712,,NaN
118,Male3Block.csv,Josh3.mp4,Josh.JPG,Josh,46.0,M,Dylan,Thomas,Jason,Tyler,Josh,Kevin,Andrew,Caleb,Adam,Kyle,4.0,0.0,5.0,5.0,5.0,,,,,0.0,7.0,7.0,4.0,,,,,, josh,"['j', 'o', 's', 'h']","[1.3197605489986017, 1.5196499089943245, 1.6491015610517934, 1.7660406100330874]",3.0,3.0,2.1882033339934424,,,12,1,2020_Jan_14_1301,FaceNameBlocked_revised,3.0.0,85.06422811566712,,1.3197605
68,Fem3Block.csv,Julia2.mp4,Julia.JPG,Julia,15.0,F,Jenna,Hannah,Kelsey,Julia,Taylor,Olivia,Rebecca,Michelle,Jessica,Danielle,3.0,0.0,3.0,3.0,2.0,0.0,7.0,7.0,3.0,,,,,,,0.0,,,,,,,,,,,12,1,2020_Jan_14_1301,FaceNameBlocked_revised,3.0.0,85.06422811566712,,NaN
73,Fem3Block.csv,Julia2.mp4,Julia.JPG,Julia,15.0,F,Jenna,Hannah,Kelsey,Julia,Taylor,Olivia,Rebecca,Michelle,Jessica,Danielle,3.0,0.0,3.0,3.0,2.0,,,,,0.0,2.0,2.0,3.0,,,,,, julia,"['j', 'u', 'l', 'i', 'a']","[2.3663726459490135, 2.5068364780163392, 3.1774695080239326, 3.436784088029526, 3.5188121900428087]",3.0,3.0,2.155295794946141,,,12,1,2020_Jan_14_1301,FaceNameBlocked_revised,3.0.0,85.06422811566712,,2.3663726
56,Male1Block.csv,Justin2.mp4,Justin.JPG,Justin,47.0,M,Matthew,Brandon,Trevor,Timothy,Noah,Mark,Eric,Justin,Bradley,Daniel,7.0,0.0,2.0,2.0,3.0,,,,,0.0,5.0,5.0,7.0,,,,,, ,None,,1.0,1.0,2.2702048770152032,,,12,1,2020_Jan_14_1301,FaceNameBlocked_revised,3.0.0,85.06422811566712,,NaN
45,Male1Block.csv,Justin2.mp4,Justin.JPG,Justin,47.0,M,Matthew,Brandon,Trevor,Timothy,Noah,Mark,Eric,Justin,Bradley,Daniel,7.0,0.0,2.0,2.0,3.0,0.0,4.0,4.0,7.0,,,,,,,1.0,,,,,,,,,,,12,1,2020_Jan_14_1301,FaceNameBlocked_revised,3.0.0,85.06422811566712,,NaN
21,Fem1Block.csv,Katie2.mp4,Katie.JPG,Katie,16.0,F,Katie,Grace,Brittany,Alyssa,Heather,Shelby,Ashley,Emily,Haley,Rachel,0.0,0.0,1.0,1.0,0.0,0.0,0.0,0.0,0.0,,,,,,,0.0,,,,,,,,,,,12,1,2020_Jan_14_1301,FaceNameBlocked_revised,3.0.0,85.06422811566712,,NaN
32,Fem1Block.csv,Katie2.mp4,Katie.JPG,Katie,16.0,F,Katie,Grace,Brittany,Alyssa,Heather,Shelby,Ashley,Emily,Haley,Rachel,0.0,0.0,1.0,1.0,0.0,,,,,0.0,1.0,1.0,0.0,,,,,, katey,"['k', 'a', 't', 'e', 'y']","[2.6613065249985084, 3.06066879699938, 3.401714729028754, 3.707140904967673, 3.8485745260259137]",3.0,3.0,2.4136258671060205,,,12,1,2020_Jan_14_1301,FaceNameBlocked_revised,3.0.0,85.06422811566712,,2.6613065
12,Fem2Block.csv,Kayla3.mp4,Kayla.JPG,Kayla,17.0,F,Anna,Kayla,Megan,Lauren,Amanda,Brianna,Natalie,Nicole,Sarah,Courtney,1.0,0.0,0.0,0.0,1.0,,,,,0.0,1.0,1.0,1.0,,,,,, kayla ,"['k', 'a', 'y', 'l', 'a', 'return', 'space']","[2.6607495330972597, 3.8845556169981137, 4.025216231006198, 4.730287525104359, 5.199536128086038, 7.79903617000673, 9.000344550004229]",4.0,4.0,2.2618415451142937,,,12,1,2020_Jan_14_1301,FaceNameBlocked_revised,3.0.0,85.06422811566712,,2.6607495
4,Fem2Block.csv,Kayla3.mp4,Kayla.JPG,Kayla,17.0,F,Anna,Kayla,Megan,Lauren,Amanda,Brianna,Natalie,Nicole,Sarah,Courtney,1.0,0.0,0.0,0.0,1.0,0.0,3.0,3.0,1.0,,,,,,,1.0,,,,,,,,,,,12,1,2020_Jan_14_1301,FaceNameBlocked_revised,3.0.0,85.06422811566712,,NaN
70,Fem3Block.csv,Kelsey2.mp4,Kelsey.JPG,Kelsey,18.0,F,Jenna,Hannah,Kelsey,Julia,Taylor,Olivia,Rebecca,Michelle,Jessica,Danielle,2.0,0.0,3.0,3.0,2.0,0.0,9.0,9.0,2.0,,,,,,,1.0,,,,,,,,,,,12,1,2020_Jan_14_1301,FaceNameBlocked_revised,3.0.0,85.06422811566712,,NaN
78,Fem3Block.csv,Kelsey2.mp4,Kelsey.JPG,Kelsey,18.0,F,Jenna,Hannah,Kelsey,Julia,Taylor,Olivia,Rebecca,Michelle,Jessica,Danielle,2.0,0.0,3.0,3.0,2.0,,,,,0.0,7.0,7.0,2.0,,,,,, kelsey,"['k', 'e', 'l', 's', 'e', 'y']","[2.036695485934615, 2.2961723119951785, 2.5193997969618067, 2.649003432947211, 2.9077084419550374, 3.083907207939774]",3.0,3.0,2.024611822911538,,,12,1,2020_Jan_14_1301,FaceNameBlocked_revised,3.0.0,85.06422811566712,,2.0366954
102,Male3Block.csv,Kevin2.mp4,Kevin.JPG,Kevin,48.0,M,Dylan,Thomas,Jason,Tyler,Josh,Kevin,Andrew,Caleb,Adam,Kyle,5.0,0.0,5.0,5.0,5.0,0.0,1.0,1.0,5.0,,,,,,,0.0,,,,,,,,,,,12,1,2020_Jan_14_1301,FaceNameBlocked_revised,3.0.0,85.06422811566712,,NaN
117,Male3Block.csv,Kevin2.mp4,Kevin.JPG,Kevin,48.0,M,Dylan,Thomas,Jason,Tyler,Josh,Kevin,Andrew,Caleb,Adam,Kyle,5.0,0.0,5.0,5.0,5.0,,,,,0.0,6.0,6.0,5.0,,,,,, kevin,"['k', 'e', 'v', 'i', 'n']","[1.4259377040434629, 1.6375070300418884, 1.84918253403157, 1.9555350940208882, 2.213576775044203]",5.0,5.0,3.2960403990000486,,,12,1,2020_Jan_14_1301,FaceNameBlocked_revised,3.0.0,85.06422811566712,,1.4259377
106,Male3Block.csv,Kyle3.mp4,Kyle.JPG,Kyle,49.0,M,Dylan,Thomas,Jason,Tyler,Josh,Kevin,Andrew,Caleb,Adam,Kyle,9.0,0.0,5.0,5.0,5.0,0.0,5.0,5.0,9.0,,,,,,,0.0,,,,,,,,,,,12,1,2020_Jan_14_1301,FaceNameBlocked_revised,3.0.0,85.06422811566712,,NaN
113,Male3Block.csv,Kyle3.mp4,Kyle.JPG,Kyle,49.0,M,Dylan,Thomas,Jason,Tyler,Josh,Kevin,Andrew,Caleb,Adam,Kyle,9.0,0.0,5.0,5.0,5.0,,,,,0.0,2.0,2.0,9.0,,,,,, kyle,"['k', 'y', 'l', 'e']","[2.4612468210980296, 2.731962949037552, 2.988198401988484, 3.6373556930338964]",4.0,4.0,2.070909217000008,,,12,1,2020_Jan_14_1301,FaceNameBlocked_revised,3.0.0,85.06422811566712,,2.4612468
1,Fem2Block.csv,Lauren4.mp4,Lauren.JPG,Lauren,19.0,F,Anna,Kayla,Megan,Lauren,Amanda,Brianna,Natalie,Nicole,Sarah,Courtney,3.0,0.0,0.0,0.0,1.0,0.0,0.0,0.0,3.0,,,,,,,0.0,,,,,,,,,,,12,1,2020_Jan_14_1301,FaceNameBlocked_revised,3.0.0,85.06422811566712,,NaN
19,Fem2Block.csv,Lauren4.mp4,Lauren.JPG,Lauren,19.0,F,Anna,Kayla,Megan,Lauren,Amanda,Brianna,Natalie,Nicole,Sarah,Courtney,3.0,0.0,0.0,0.0,1.0,,,,,0.0,8.0,8.0,3.0,,,,,, ,None,,1.0,3.0,2.3415079489350314,,,12,1,2020_Jan_14_1301,FaceNameBlocked_revised,3.0.0,85.06422811566712,,NaN
46,Male1Block.csv,Mark3.mp4,Mark.JPG,Mark,50.0,M,Matthew,Brandon,Trevor,Timothy,Noah,Mark,Eric,Justin,Bradley,Daniel,5.0,0.0,2.0,2.0,3.0,0.0,5.0,5.0,5.0,,,,,,,0.0,,,,,,,,,,,12,1,2020_Jan_14_1301,FaceNameBlocked_revised,3.0.0,85.06422811566712,,NaN
57,Male1Block.csv,Mark3.mp4,Mark.JPG,Mark,50.0,M,Matthew,Brandon,Trevor,Timothy,Noah,Mark,Eric,Justin,Bradley,Daniel,5.0,0.0,2.0,2.0,3.0,,,,,0.0,6.0,6.0,5.0,,,,,, ,None,,5.0,5.0,2.813082005013712,,,12,1,2020_Jan_14_1301,FaceNameBlocked_revised,3.0.0,85.06422811566712,,NaN
49,Male1Block.csv,Matthew2.mp4,Matthew.JPG,Matthew,51.0,M,Matthew,Brandon,Trevor,Timothy,Noah,Mark,Eric,Justin,Bradley,Daniel,0.0,0.0,2.0,2.0,3.0,0.0,8.0,8.0,0.0,,,,,,,0.0,,,,,,,,,,,12,1,2020_Jan_14_1301,FaceNameBlocked_revised,3.0.0,85.06422811566712,,NaN
53,Male1Block.csv,Matthew2.mp4,Matthew.JPG,Matthew,51.0,M,Matthew,Brandon,Trevor,Timothy,Noah,Mark,Eric,Justin,Bradley,Daniel,0.0,0.0,2.0,2.0,3.0,,,,,0.0,2.0,2.0,0.0,,,,,, ,None,,5.0,3.0,4.176490026060492,,,12,1,2020_Jan_14_1301,FaceNameBlocked_revised,3.0.0,85.06422811566712,,NaN
17,Fem2Block.csv,Megan2.mp4,Megan.JPG,Megan,20.0,F,Anna,Kayla,Megan,Lauren,Amanda,Brianna,Natalie,Nicole,Sarah,Courtney,2.0,0.0,0.0,0.0,1.0,,,,,0.0,6.0,6.0,2.0,,,,,, megan,"['m', 'e', 'g', 'a', 'n']","[3.9891790479887277, 4.448233747039922, 4.659810082986951, 4.857721250038594, 5.5179886490805075]",1.0,1.0,1.6593140789773315,,,12,1,2020_Jan_14_1301,FaceNameBlocked_revised,3.0.0,85.06422811566712,,3.9891790
2,Fem2Block.csv,Megan2.mp4,Megan.JPG,Megan,20.0,F,Anna,Kayla,Megan,Lauren,Amanda,Brianna,Natalie,Nicole,Sarah,Courtney,2.0,0.0,0.0,0.0,1.0,0.0,1.0,1.0,2.0,,,,,,,1.0,,,,,,,,,,,12,1,2020_Jan_14_1301,FaceNameBlocked_revised,3.0.0,85.06422811566712,,NaN
97,Male2Block.csv,Michael2.mp4,Michael.JPG,Michael,52.0,M,Cody,Michael,Nathan,Ethan,Aaron,Jacob,Brian,David,Jeremy,Steven,1.0,0.0,4.0,4.0,4.0,,,,,0.0,6.0,6.0,1.0,,,,,, david,"['d', 'a', 'v', 'i', 'd']","[5.095095024094917, 5.317748462082818, 6.141902381088585, 6.611460522050038, 6.800798990065232]",5.0,5.0,6.3424933350179336,,,12,1,2020_Jan_14_1301,FaceNameBlocked_revised,3.0.0,85.06422811566712,,5.0950950
83,Male2Block.csv,Michael2.mp4,Michael.JPG,Michael,52.0,M,Cody,Michael,Nathan,Ethan,Aaron,Jacob,Brian,David,Jeremy,Steven,1.0,0.0,4.0,4.0,4.0,0.0,2.0,2.0,1.0,,,,,,,1.0,,,,,,,,,,,12,1,2020_Jan_14_1301,FaceNameBlocked_revised,3.0.0,85.06422811566712,,NaN
67,Fem3Block.csv,Michelle2.mp4,Michelle.JPG,Michelle,21.0,F,Jenna,Hannah,Kelsey,Julia,Taylor,Olivia,Rebecca,Michelle,Jessica,Danielle,7.0,0.0,3.0,3.0,2.0,0.0,6.0,6.0,7.0,,,,,,,1.0,,,,,,,,,,,12,1,2020_Jan_14_1301,FaceNameBlocked_revised,3.0.0,85.06422811566712,,NaN
77,Fem3Block.csv,Michelle2.mp4,Michelle.JPG,Michelle,21.0,F,Jenna,Hannah,Kelsey,Julia,Taylor,Olivia,Rebecca,Michelle,Jessica,Danielle,7.0,0.0,3.0,3.0,2.0,,,,,0.0,6.0,6.0,7.0,,,,,, michelle,"['m', 'i', 'c', 'h', 'e', 'l', 'l', 'e']","[4.61279588600155, 4.7540092940907925, 5.059981133090332, 5.212712839012966, 5.3657788099953905, 5.8127948510227725, 5.953862358001061, 6.0715155630605295]",3.0,3.0,3.859742207918316,,,12,1,2020_Jan_14_1301,FaceNameBlocked_revised,3.0.0,85.06422811566712,,4.6127958
11,Fem2Block.csv,Natalie3.mp4,Natalie.JPG,Natalie,22.0,F,Anna,Kayla,Megan,Lauren,Amanda,Brianna,Natalie,Nicole,Sarah,Courtney,6.0,0.0,0.0,0.0,1.0,,,,,0.0,0.0,0.0,6.0,,,,space,14.504713853937574, Na,"['lshift', 'n', 'a']","[8.810651542968117, 9.071038117981516, 9.671026599011384]",4.0,4.0,3.4369161119684577,,,12,1,2020_Jan_14_1301,FaceNameBlocked_revised,3.0.0,85.06422811566712,,8.8106515
5,Fem2Block.csv,Natalie3.mp4,Natalie.JPG,Natalie,22.0,F,Anna,Kayla,Megan,Lauren,Amanda,Brianna,Natalie,Nicole,Sarah,Courtney,6.0,0.0,0.0,0.0,1.0,0.0,4.0,4.0,6.0,,,,,,,1.0,,,,,,,,,,,12,1,2020_Jan_14_1301,FaceNameBlocked_revised,3.0.0,85.06422811566712,,NaN
84,Male2Block.csv,Nathan3.mp4,Nathan.JPG,Nathan,53.0,M,Cody,Michael,Nathan,Ethan,Aaron,Jacob,Brian,David,Jeremy,Steven,2.0,0.0,4.0,4.0,4.0,0.0,3.0,3.0,2.0,,,,,,,1.0,,,,,,,,,,,12,1,2020_Jan_14_1301,FaceNameBlocked_revised,3.0.0,85.06422811566712,,NaN
95,Male2Block.csv,Nathan3.mp4,Nathan.JPG,Nathan,53.0,M,Cody,Michael,Nathan,Ethan,Aaron,Jacob,Brian,David,Jeremy,Steven,2.0,0.0,4.0,4.0,4.0,,,,,0.0,4.0,4.0,2.0,,,,,, nathan,"['n', 'a', 't', 'h', 'a', 'n']","[1.6017615599557757, 2.0487221549265087, 2.3778129109414294, 2.636279012891464, 2.977746069896966, 3.3777805189602077]",5.0,4.0,2.54085072199814,,,12,1,2020_Jan_14_1301,FaceNameBlocked_revised,3.0.0,85.06422811566712,,1.6017615
14,Fem2Block.csv,Nicole2.mp4,Nicole.JPG,Nicole,23.0,F,Anna,Kayla,Megan,Lauren,Amanda,Brianna,Natalie,Nicole,Sarah,Courtney,7.0,0.0,0.0,0.0,1.0,,,,,0.0,3.0,3.0,7.0,,,,,, nicole ,"['n', 'i', 'c', 'o', 'l', 'e', 'space']","[1.9670430079568177, 2.166597591014579, 2.2951211149338633, 2.4370762209873646, 2.696106189978309, 3.2483654340030625, 3.484290955006145]",4.0,4.0,2.4493310760008167,,,12,1,2020_Jan_14_1301,FaceNameBlocked_revised,3.0.0,85.06422811566712,,1.9670430
10,Fem2Block.csv,Nicole2.mp4,Nicole.JPG,Nicole,23.0,F,Anna,Kayla,Megan,Lauren,Amanda,Brianna,Natalie,Nicole,Sarah,Courtney,7.0,0.0,0.0,0.0,1.0,0.0,9.0,9.0,7.0,,,,,,,1.0,,,,,,,,,,,12,1,2020_Jan_14_1301,FaceNameBlocked_revised,3.0.0,85.06422811566712,,NaN
41,Male1Block.csv,Noah2.mp4,Noah.JPG,Noah,54.0,M,Matthew,Brandon,Trevor,Timothy,Noah,Mark,Eric,Justin,Bradley,Daniel,4.0,0.0,2.0,2.0,3.0,0.0,0.0,0.0,4.0,,,,,,,0.0,,,,,,,,,,,12,1,2020_Jan_14_1301,FaceNameBlocked_revised,3.0.0,85.06422811566712,,NaN
60,Male1Block.csv,Noah2.mp4,Noah.JPG,Noah,54.0,M,Matthew,Brandon,Trevor,Timothy,Noah,Mark,Eric,Justin,Bradley,Daniel,4.0,0.0,2.0,2.0,3.0,,,,,0.0,9.0,9.0,4.0,,,,,, noah,"['n', 'o', 'a', 'h']","[1.6262044120812789, 1.849567172001116, 2.1664873500121757, 2.3437490339856595]",3.0,3.0,2.295912442961708,,,12,1,2020_Jan_14_1301,FaceNameBlocked_revised,3.0.0,85.06422811566712,,1.6262044
80,Fem3Block.csv,Olivia3.mp4,Olivia.JPG,Olivia,24.0,F,Jenna,Hannah,Kelsey,Julia,Taylor,Olivia,Rebecca,Michelle,Jessica,Danielle,5.0,0.0,3.0,3.0,2.0,,,,,0.0,9.0,9.0,5.0,,,,,, olivia,"['o', 'l', 'i', 'v', 'i', 'a']","[1.4489568069111556, 1.6244775069644675, 1.83719149697572, 2.178087309934199, 2.295422452967614, 2.5173730179667473]",1.0,1.0,2.728378043975681,,,12,1,2020_Jan_14_1301,FaceNameBlocked_revised,3.0.0,85.06422811566712,,1.4489568
69,Fem3Block.csv,Olivia3.mp4,Olivia.JPG,Olivia,24.0,F,Jenna,Hannah,Kelsey,Julia,Taylor,Olivia,Rebecca,Michelle,Jessica,Danielle,5.0,0.0,3.0,3.0,2.0,0.0,8.0,8.0,5.0,,,,,,,0.0,,,,,,,,,,,12,1,2020_Jan_14_1301,FaceNameBlocked_revised,3.0.0,85.06422811566712,,NaN
36,Fem1Block.csv,Rachel3.mp4,Rachel.JPG,Rachel,25.0,F,Katie,Grace,Brittany,Alyssa,Heather,Shelby,Ashley,Emily,Haley,Rachel,9.0,0.0,1.0,1.0,0.0,,,,,0.0,5.0,5.0,9.0,,,,,, rachel,"['r', 'a', 'c', 'h', 'e', 'l']","[1.5780776389874518, 2.224906890070997, 2.4843551670201123, 2.767066390020773, 2.90740977099631, 3.578162296093069]",3.0,3.0,1.5063151139765978,,,12,1,2020_Jan_14_1301,FaceNameBlocked_revised,3.0.0,85.06422811566712,,1.5780776
26,Fem1Block.csv,Rachel3.mp4,Rachel.JPG,Rachel,25.0,F,Katie,Grace,Brittany,Alyssa,Heather,Shelby,Ashley,Emily,Haley,Rachel,9.0,0.0,1.0,1.0,0.0,0.0,5.0,5.0,9.0,,,,,,,0.0,,,,,,,,,,,12,1,2020_Jan_14_1301,FaceNameBlocked_revised,3.0.0,85.06422811566712,,NaN
71,Fem3Block.csv,Rebecca3.mp4,Rebecca.JPG,Rebecca,26.0,F,Jenna,Hannah,Kelsey,Julia,Taylor,Olivia,Rebecca,Michelle,Jessica,Danielle,6.0,0.0,3.0,3.0,2.0,,,,,0.0,0.0,0.0,6.0,,,,space,7.800564855104313, ,None,,2.0,2.0,2.4961524889804423,,,12,1,2020_Jan_14_1301,FaceNameBlocked_revised,3.0.0,85.06422811566712,,NaN
61,Fem3Block.csv,Rebecca3.mp4,Rebecca.JPG,Rebecca,26.0,F,Jenna,Hannah,Kelsey,Julia,Taylor,Olivia,Rebecca,Michelle,Jessica,Danielle,6.0,0.0,3.0,3.0,2.0,0.0,0.0,0.0,6.0,,,,,,,1.0,,,,,,,,,,,12,1,2020_Jan_14_1301,FaceNameBlocked_revised,3.0.0,85.06422811566712,,NaN
6,Fem2Block.csv,Sarah2.mp4,Sarah.JPG,Sarah,27.0,F,Anna,Kayla,Megan,Lauren,Amanda,Brianna,Natalie,Nicole,Sarah,Courtney,8.0,0.0,0.0,0.0,1.0,0.0,5.0,5.0,8.0,,,,,,,1.0,,,,,,,,,,,12,1,2020_Jan_14_1301,FaceNameBlocked_revised,3.0.0,85.06422811566712,,NaN
13,Fem2Block.csv,Sarah2.mp4,Sarah.JPG,Sarah,27.0,F,Anna,Kayla,Megan,Lauren,Amanda,Brianna,Natalie,Nicole,Sarah,Courtney,8.0,0.0,0.0,0.0,1.0,,,,,0.0,2.0,2.0,8.0,,,,,, courtney,"['c', 'o', 'u', 'r', 't', 'n', 'e', 'y']","[5.375498121953569, 5.5524147528922185, 5.97519897390157, 6.681484491913579, 6.799001712934114, 6.999135328922421, 7.257828576955944, 7.363700279965997]",5.0,3.0,1.6137332440121102,,,12,1,2020_Jan_14_1301,FaceNameBlocked_revised,3.0.0,85.06422811566712,,5.3754981
31,Fem1Block.csv,Shelby2.mp4,Shelby.JPG,Shelby,28.0,F,Katie,Grace,Brittany,Alyssa,Heather,Shelby,Ashley,Emily,Haley,Rachel,5.0,0.0,1.0,1.0,0.0,,,,,0.0,0.0,0.0,5.0,,,,space,13.116706746048296, shelby,"['s', 'h', 'e', 'l', 'b', 'y']","[1.4733485348988324, 1.7194653420010582, 1.8139302809722722, 2.401460552937351, 2.83716947294306, 3.0490257919300348]",3.0,3.0,2.332161418977193,,,12,1,2020_Jan_14_1301,FaceNameBlocked_revised,3.0.0,85.06422811566712,,1.4733485
28,Fem1Block.csv,Shelby2.mp4,Shelby.JPG,Shelby,28.0,F,Katie,Grace,Brittany,Alyssa,Heather,Shelby,Ashley,Emily,Haley,Rachel,5.0,0.0,1.0,1.0,0.0,0.0,7.0,7.0,5.0,,,,,,,0.0,,,,,,,,,,,12,1,2020_Jan_14_1301,FaceNameBlocked_revised,3.0.0,85.06422811566712,,NaN
93,Male2Block.csv,Steven2.mp4,Steven.JPG,Steven,55.0,M,Cody,Michael,Nathan,Ethan,Aaron,Jacob,Brian,David,Jeremy,Steven,9.0,0.0,4.0,4.0,4.0,,,,,0.0,2.0,2.0,9.0,,,,,, steven,"['s', 't', 'e', 'v', 'e', 'n']","[1.4257684299955145, 2.0252676350064576, 2.8485734360292554, 3.671904991962947, 4.0714887119829655, 4.695683908066712]",2.0,2.0,3.2364025749266148,,,12,1,2020_Jan_14_1301,FaceNameBlocked_revised,3.0.0,85.06422811566712,,1.4257684
90,Male2Block.csv,Steven2.mp4,Steven.JPG,Steven,55.0,M,Cody,Michael,Nathan,Ethan,Aaron,Jacob,Brian,David,Jeremy,Steven,9.0,0.0,4.0,4.0,4.0,0.0,9.0,9.0,9.0,,,,,,,0.0,,,,,,,,,,,12,1,2020_Jan_14_1301,FaceNameBlocked_revised,3.0.0,85.06422811566712,,NaN
75,Fem3Block.csv,Taylor4.mp4,Taylor.JPG,Taylor,29.0,F,Jenna,Hannah,Kelsey,Julia,Taylor,Olivia,Rebecca,Michelle,Jessica,Danielle,4.0,0.0,3.0,3.0,2.0,,,,,0.0,4.0,4.0,4.0,,,,,, taylor,"['t', 'a', 'y', 'l', 'o', 'r']","[1.2602403920609504, 1.6722650110023096, 1.9896307360613719, 2.648451323970221, 2.870216991053894, 3.366084543056786]",2.0,2.0,1.4848464640090242,,,12,1,2020_Jan_14_1301,FaceNameBlocked_revised,3.0.0,85.06422811566712,,1.2602403
66,Fem3Block.csv,Taylor4.mp4,Taylor.JPG,Taylor,29.0,F,Jenna,Hannah,Kelsey,Julia,Taylor,Olivia,Rebecca,Michelle,Jessica,Danielle,4.0,0.0,3.0,3.0,2.0,0.0,5.0,5.0,4.0,,,,,,,0.0,,,,,,,,,,,12,1,2020_Jan_14_1301,FaceNameBlocked_revised,3.0.0,85.06422811566712,,NaN
110,Male3Block.csv,Thomas2.mp4,Thomas.JPG,Thomas,56.0,M,Dylan,Thomas,Jason,Tyler,Josh,Kevin,Andrew,Caleb,Adam,Kyle,1.0,0.0,5.0,5.0,5.0,0.0,9.0,9.0,1.0,,,,,,,1.0,,,,,,,,,,,12,1,2020_Jan_14_1301,FaceNameBlocked_revised,3.0.0,85.06422811566712,,NaN
111,Male3Block.csv,Thomas2.mp4,Thomas.JPG,Thomas,56.0,M,Dylan,Thomas,Jason,Tyler,Josh,Kevin,Andrew,Caleb,Adam,Kyle,1.0,0.0,5.0,5.0,5.0,,,,,0.0,0.0,0.0,1.0,,,,space,3.68371146696154, ,None,,4.0,1.0,6.128917127964088,,,12,1,2020_Jan_14_1301,FaceNameBlocked_revised,3.0.0,85.06422811566712,,NaN
51,Male1Block.csv,Timothy3.mp4,Timothy.JPG,Timothy,57.0,M,Matthew,Brandon,Trevor,Timothy,Noah,Mark,Eric,Justin,Bradley,Daniel,3.0,0.0,2.0,2.0,3.0,,,,,0.0,0.0,0.0,3.0,,,,space,6.965237639960833, ,None,,1.0,1.0,1.343888698029332,,,12,1,2020_Jan_14_1301,FaceNameBlocked_revised,3.0.0,85.06422811566712,,NaN
47,Male1Block.csv,Timothy3.mp4,Timothy.JPG,Timothy,57.0,M,Matthew,Brandon,Trevor,Timothy,Noah,Mark,Eric,Justin,Bradley,Daniel,3.0,0.0,2.0,2.0,3.0,0.0,6.0,6.0,3.0,,,,,,,0.0,,,,,,,,,,,12,1,2020_Jan_14_1301,FaceNameBlocked_revised,3.0.0,85.06422811566712,,NaN
59,Male1Block.csv,Trevor2.mp4,Trevor.JPG,Trevor,58.0,M,Matthew,Brandon,Trevor,Timothy,Noah,Mark,Eric,Justin,Bradley,Daniel,2.0,0.0,2.0,2.0,3.0,,,,,0.0,8.0,8.0,2.0,,,,,, trevor,"['t', 'r', 'e', 'v', 'o', 'r']","[4.164419708075002, 4.281052709091455, 4.423299287096597, 4.611411871039309, 5.151954140048474, 5.210049390094355]",5.0,5.0,3.6368520670803264,,,12,1,2020_Jan_14_1301,FaceNameBlocked_revised,3.0.0,85.06422811566712,,4.1644197
48,Male1Block.csv,Trevor2.mp4,Trevor.JPG,Trevor,58.0,M,Matthew,Brandon,Trevor,Timothy,Noah,Mark,Eric,Justin,Bradley,Daniel,2.0,0.0,2.0,2.0,3.0,0.0,7.0,7.0,2.0,,,,,,,1.0,,,,,,,,,,,12,1,2020_Jan_14_1301,FaceNameBlocked_revised,3.0.0,85.06422811566712,,NaN
119,Male3Block.csv,Tyler3.mp4,Tyler.JPG,Tyler,59.0,M,Dylan,Thomas,Jason,Tyler,Josh,Kevin,Andrew,Caleb,Adam,Kyle,3.0,0.0,5.0,5.0,5.0,,,,,0.0,8.0,8.0,3.0,,,,,, tyler,"['t', 'y', 'l', 'e', 'r']","[1.5872865000274032, 1.707582078059204, 2.236716645071283, 2.401135909021832, 2.507491705007851]",2.0,2.0,2.2351275170221925,,,12,1,2020_Jan_14_1301,FaceNameBlocked_revised,3.0.0,85.06422811566712,,1.5872865
104,Male3Block.csv,Tyler3.mp4,Tyler.JPG,Tyler,59.0,M,Dylan,Thomas,Jason,Tyler,Josh,Kevin,Andrew,Caleb,Adam,Kyle,3.0,0.0,5.0,5.0,5.0,0.0,3.0,3.0,3.0,,,,,,,0.0,,,,,,,,,,,12,1,2020_Jan_14_1301,FaceNameBlocked_revised,3.0.0,85.06422811566712,,NaN
0,,,,,,,,,,,,,,,,,,,,,,,,,,,,,,space,31.947130001033653,,,,,,,,,,,,12,1,2020_Jan_14_1301,FaceNameBlocked_revised,3.0.0,85.06422811566712,,NaN
121,,,,,,,,,,,,,,,,,,,,,,,,,,,,,,,,,,,,,,,,,space,7.529898156994022,12,1,2020_Jan_14_1301,FaceNameBlocked_revised,3.0.0,85.06422811566712,,NaN
