,condsBlockFile,Video,Photo,Name,Row,Gender,N1,N2,N3,N4,N5,N6,N7,N8,N9,N10,Row2,blocks.thisRepN,blocks.thisTrialN,blocks.thisN,blocks.thisIndex,presentations.thisRepN,presentations.thisTrialN,presentations.thisN,presentations.thisIndex,testing.thisRepN,testing.thisTrialN,testing.thisN,testing.thisIndex,advance_1.keys,advance_1.rt,currentCond,advance_2.keys,advance_2.rt,inputText,key_resp_3.keys,key_resp_3.rt,correctRecogSelection,keyResponse.keys,keyResponse.rt,end_key.keys,end_key.rt,participant,session,date,expName,psychopyVersion,frameRate,Unnamed: 48,key_resp3_fin
35,Male2Block.csv,Aaron2.mp4,Aaron.JPG,Aaron,30.0,M,Aaron,Trevor,Brandon,Eric,Ethan,Caleb,Dylan,Michael,Daniel,Tyler,0.0,0.0,1.0,1.0,4.0,,,,,0.0,4.0,4.0,0.0,,,,,, ,None,,5.0,5.0,5.530442855000729,,,13,1,2020_Jan_15_1602,FaceNameBlocked_revised,3.0.0,85.10204168843651,,NaN
30,Male2Block.csv,Aaron2.mp4,Aaron.JPG,Aaron,30.0,M,Aaron,Trevor,Brandon,Eric,Ethan,Caleb,Dylan,Michael,Daniel,Tyler,0.0,0.0,1.0,1.0,4.0,0.0,9.0,9.0,0.0,,,,,,,1.0,,,,,,,,,,,13,1,2020_Jan_15_1602,FaceNameBlocked_revised,3.0.0,85.10204168843651,,NaN
95,Male3Block.csv,Adam4.mp4,Adam.JPG,Adam,31.0,M,Thomas,Kyle,Kevin,Adam,Jeremy,Jacob,Noah,Bradley,Brian,Andrew,3.0,0.0,4.0,4.0,5.0,,,,,0.0,4.0,4.0,3.0,,,,,, ,None,,1.0,2.0,8.82297758400091,,,13,1,2020_Jan_15_1602,FaceNameBlocked_revised,3.0.0,85.10204168843651,,NaN
83,Male3Block.csv,Adam4.mp4,Adam.JPG,Adam,31.0,M,Thomas,Kyle,Kevin,Adam,Jeremy,Jacob,Noah,Bradley,Brian,Andrew,3.0,0.0,4.0,4.0,5.0,0.0,2.0,2.0,3.0,,,,,,,1.0,,,,,,,,,,,13,1,2020_Jan_15_1602,FaceNameBlocked_revised,3.0.0,85.10204168843651,,NaN
50,Fem2Block.csv,Alyssa3.mp4,Alyssa.JPG,Alyssa,0.0,F,Lauren,Julia,Hannah,Olivia,Alyssa,Kayla,Emily,Shelby,Rebecca,Amanda,4.0,0.0,2.0,2.0,1.0,0.0,9.0,9.0,4.0,,,,,,,0.0,,,,,,,,,,,13,1,2020_Jan_15_1602,FaceNameBlocked_revised,3.0.0,85.10204168843651,,NaN
57,Fem2Block.csv,Alyssa3.mp4,Alyssa.JPG,Alyssa,0.0,F,Lauren,Julia,Hannah,Olivia,Alyssa,Kayla,Emily,Shelby,Rebecca,Amanda,4.0,0.0,2.0,2.0,1.0,,,,,0.0,6.0,6.0,4.0,,,,,, alyssa,"['a', 'l', 'y', 's', 's', 'a']","[4.002191894003772, 4.258772979999776, 4.601447120992816, 4.954565387000912, 5.107504215993686, 5.212658914999338]",5.0,5.0,1.9547335310053315,,,13,1,2020_Jan_15_1602,FaceNameBlocked_revised,3.0.0,85.10204168843651,,4.0021918
51,Fem2Block.csv,Amanda3.mp4,Amanda.JPG,Amanda,1.0,F,Lauren,Julia,Hannah,Olivia,Alyssa,Kayla,Emily,Shelby,Rebecca,Amanda,9.0,0.0,2.0,2.0,1.0,,,,,0.0,0.0,0.0,9.0,,,,space,6.130082028001198, amanda,"['a', 'm', 'a', 'n', 'd', 'a']","[3.0476814459980233, 3.2941116360016167, 3.4705370309966384, 3.635831467996468, 3.835729910992086, 3.965157200989779]",3.0,3.0,2.4603702800086467,,,13,1,2020_Jan_15_1602,FaceNameBlocked_revised,3.0.0,85.10204168843651,,3.0476814
44,Fem2Block.csv,Amanda3.mp4,Amanda.JPG,Amanda,1.0,F,Lauren,Julia,Hannah,Olivia,Alyssa,Kayla,Emily,Shelby,Rebecca,Amanda,9.0,0.0,2.0,2.0,1.0,0.0,3.0,3.0,9.0,,,,,,,0.0,,,,,,,,,,,13,1,2020_Jan_15_1602,FaceNameBlocked_revised,3.0.0,85.10204168843651,,NaN
90,Male3Block.csv,Andrew2.mp4,Andrew.JPG,Andrew,32.0,M,Thomas,Kyle,Kevin,Adam,Jeremy,Jacob,Noah,Bradley,Brian,Andrew,9.0,0.0,4.0,4.0,5.0,0.0,9.0,9.0,9.0,,,,,,,0.0,,,,,,,,,,,13,1,2020_Jan_15_1602,FaceNameBlocked_revised,3.0.0,85.10204168843651,,NaN
98,Male3Block.csv,Andrew2.mp4,Andrew.JPG,Andrew,32.0,M,Thomas,Kyle,Kevin,Adam,Jeremy,Jacob,Noah,Bradley,Brian,Andrew,9.0,0.0,4.0,4.0,5.0,,,,,0.0,7.0,7.0,9.0,,,,,, ,None,,2.0,2.0,2.9409246540017198,,,13,1,2020_Jan_15_1602,FaceNameBlocked_revised,3.0.0,85.10204168843651,,NaN
79,Fem3Block.csv,Anna3.mp4,Anna.JPG,Anna,2.0,F,Kelsey,Ashley,Danielle,Michelle,Jenna,Rachel,Taylor,Natalie,Anna,Jessica,8.0,0.0,3.0,3.0,2.0,,,,,0.0,8.0,8.0,8.0,,,,,, ,None,,1.0,1.0,4.966169334991719,,,13,1,2020_Jan_15_1602,FaceNameBlocked_revised,3.0.0,85.10204168843651,,NaN
65,Fem3Block.csv,Anna3.mp4,Anna.JPG,Anna,2.0,F,Kelsey,Ashley,Danielle,Michelle,Jenna,Rachel,Taylor,Natalie,Anna,Jessica,8.0,0.0,3.0,3.0,2.0,0.0,4.0,4.0,8.0,,,,,,,1.0,,,,,,,,,,,13,1,2020_Jan_15_1602,FaceNameBlocked_revised,3.0.0,85.10204168843651,,NaN
69,Fem3Block.csv,Ashley3.mp4,Ashley.JPG,Ashley,3.0,F,Kelsey,Ashley,Danielle,Michelle,Jenna,Rachel,Taylor,Natalie,Anna,Jessica,1.0,0.0,3.0,3.0,2.0,0.0,8.0,8.0,1.0,,,,,,,1.0,,,,,,,,,,,13,1,2020_Jan_15_1602,FaceNameBlocked_revised,3.0.0,85.10204168843651,,NaN
80,Fem3Block.csv,Ashley3.mp4,Ashley.JPG,Ashley,3.0,F,Kelsey,Ashley,Danielle,Michelle,Jenna,Rachel,Taylor,Natalie,Anna,Jessica,1.0,0.0,3.0,3.0,2.0,,,,,0.0,9.0,9.0,1.0,,,,,, michelle,"['m', 'i', 'c', 'h', 'e', 'l', 'l', 'e']","[1.2015348839922808, 1.3659045059903292, 1.577795306002372, 1.7541677379922476, 1.977196551990346, 2.224764875994879, 2.364838362002047, 2.530287966990727]",1.0,1.0,5.2340670750127165,,,13,1,2020_Jan_15_1602,FaceNameBlocked_revised,3.0.0,85.10204168843651,,1.2015348
85,Male3Block.csv,Bradley3.mp4,Bradley.JPG,Bradley,33.0,M,Thomas,Kyle,Kevin,Adam,Jeremy,Jacob,Noah,Bradley,Brian,Andrew,7.0,0.0,4.0,4.0,5.0,0.0,4.0,4.0,7.0,,,,,,,1.0,,,,,,,,,,,13,1,2020_Jan_15_1602,FaceNameBlocked_revised,3.0.0,85.10204168843651,,NaN
92,Male3Block.csv,Bradley3.mp4,Bradley.JPG,Bradley,33.0,M,Thomas,Kyle,Kevin,Adam,Jeremy,Jacob,Noah,Bradley,Brian,Andrew,7.0,0.0,4.0,4.0,5.0,,,,,0.0,1.0,1.0,7.0,,,,,, bradely,"['b', 'r', 'a', 'd', 'e', 'l', 'y']","[1.7180047030124115, 2.026234734003083, 2.1777848769997945, 2.3432152919995133, 2.813588928998797, 2.9667330290103564, 3.2606409170111874]",3.0,3.0,4.060609505002502,,,13,1,2020_Jan_15_1602,FaceNameBlocked_revised,3.0.0,85.10204168843651,,1.7180047
36,Male2Block.csv,Brandon2.mp4,Brandon.JPG,Brandon,34.0,M,Aaron,Trevor,Brandon,Eric,Ethan,Caleb,Dylan,Michael,Daniel,Tyler,2.0,0.0,1.0,1.0,4.0,,,,,0.0,5.0,5.0,2.0,,,,,, ,None,,4.0,5.0,6.483623534004438,,,13,1,2020_Jan_15_1602,FaceNameBlocked_revised,3.0.0,85.10204168843651,,NaN
22,Male2Block.csv,Brandon2.mp4,Brandon.JPG,Brandon,34.0,M,Aaron,Trevor,Brandon,Eric,Ethan,Caleb,Dylan,Michael,Daniel,Tyler,2.0,0.0,1.0,1.0,4.0,0.0,1.0,1.0,2.0,,,,,,,0.0,,,,,,,,,,,13,1,2020_Jan_15_1602,FaceNameBlocked_revised,3.0.0,85.10204168843651,,NaN
93,Male3Block.csv,Brian2.mp4,Brian.JPG,Brian,35.0,M,Thomas,Kyle,Kevin,Adam,Jeremy,Jacob,Noah,Bradley,Brian,Andrew,8.0,0.0,4.0,4.0,5.0,,,,,0.0,2.0,2.0,8.0,,,,,, brian,"['b', 'r', 'i', 'a', 'n']","[2.954826151006273, 3.1893269959982717, 3.4466436359944055, 3.7889986009977292, 3.9894813419959974]",2.0,2.0,1.5665648850117575,,,13,1,2020_Jan_15_1602,FaceNameBlocked_revised,3.0.0,85.10204168843651,,2.9548261
81,Male3Block.csv,Brian2.mp4,Brian.JPG,Brian,35.0,M,Thomas,Kyle,Kevin,Adam,Jeremy,Jacob,Noah,Bradley,Brian,Andrew,8.0,0.0,4.0,4.0,5.0,0.0,0.0,0.0,8.0,,,,,,,1.0,,,,,,,,,,,13,1,2020_Jan_15_1602,FaceNameBlocked_revised,3.0.0,85.10204168843651,,NaN
3,Fem1Block.csv,Brianna2.mp4,Brianna.JPG,Brianna,4.0,F,Courtney,Katie,Haley,Heather,Sarah,Megan,Brianna,Nicole,Brittany,Grace,6.0,0.0,0.0,0.0,0.0,0.0,2.0,2.0,6.0,,,,,,,0.0,,,,,,,,,,,13,1,2020_Jan_15_1602,FaceNameBlocked_revised,3.0.0,85.10204168843651,,NaN
14,Fem1Block.csv,Brianna2.mp4,Brianna.JPG,Brianna,4.0,F,Courtney,Katie,Haley,Heather,Sarah,Megan,Brianna,Nicole,Brittany,Grace,6.0,0.0,0.0,0.0,0.0,,,,,0.0,3.0,3.0,6.0,,,,,, sarah,"['s', 'a', 'r', 'a', 'h']","[3.0944076879968634, 3.3294916769955307, 3.587983229997917, 3.764820102995145, 4.799174037005287]",3.0,5.0,4.025258156005293,,,13,1,2020_Jan_15_1602,FaceNameBlocked_revised,3.0.0,85.10204168843651,,3.0944076
16,Fem1Block.csv,Brittany2.mp4,Brittany.JPG,Brittany,5.0,F,Courtney,Katie,Haley,Heather,Sarah,Megan,Brianna,Nicole,Brittany,Grace,8.0,0.0,0.0,0.0,0.0,,,,,0.0,5.0,5.0,8.0,,,,,, brittny,"['b', 'r', 'i', 't', 't', 'n', 'y']","[3.095698568999069, 3.7539554160030093, 3.9543383039999753, 4.2367147089971695, 4.41269407600339, 6.529791731998557, 7.200569788008579]",3.0,3.0,2.789731622004183,,,13,1,2020_Jan_15_1602,FaceNameBlocked_revised,3.0.0,85.10204168843651,,3.0956985
9,Fem1Block.csv,Brittany2.mp4,Brittany.JPG,Brittany,5.0,F,Courtney,Katie,Haley,Heather,Sarah,Megan,Brianna,Nicole,Brittany,Grace,8.0,0.0,0.0,0.0,0.0,0.0,8.0,8.0,8.0,,,,,,,1.0,,,,,,,,,,,13,1,2020_Jan_15_1602,FaceNameBlocked_revised,3.0.0,85.10204168843651,,NaN
34,Male2Block.csv,Caleb5.mp4,Caleb.JPG,Caleb,36.0,M,Aaron,Trevor,Brandon,Eric,Ethan,Caleb,Dylan,Michael,Daniel,Tyler,5.0,0.0,1.0,1.0,4.0,,,,,0.0,3.0,3.0,5.0,,,,,, ,None,,3.0,3.0,4.588683209003648,,,13,1,2020_Jan_15_1602,FaceNameBlocked_revised,3.0.0,85.10204168843651,,NaN
26,Male2Block.csv,Caleb5.mp4,Caleb.JPG,Caleb,36.0,M,Aaron,Trevor,Brandon,Eric,Ethan,Caleb,Dylan,Michael,Daniel,Tyler,5.0,0.0,1.0,1.0,4.0,0.0,5.0,5.0,5.0,,,,,,,0.0,,,,,,,,,,,13,1,2020_Jan_15_1602,FaceNameBlocked_revised,3.0.0,85.10204168843651,,NaN
115,Male1Block.csv,Cody2.mp4,Cody.JPG,Cody,37.0,M,Justin,Josh,David,Mark,Jason,Timothy,Cody,Matthew,Steven,Nathan,6.0,0.0,5.0,5.0,3.0,,,,,0.0,4.0,4.0,6.0,,,,,, cody,"['c', 'o', 'd', 'y']","[1.766462080006022, 1.9171893870079657, 2.1186456980067305, 2.96586973000376]",4.0,4.0,1.3782394779991591,,,13,1,2020_Jan_15_1602,FaceNameBlocked_revised,3.0.0,85.10204168843651,,1.7664620
106,Male1Block.csv,Cody2.mp4,Cody.JPG,Cody,37.0,M,Justin,Josh,David,Mark,Jason,Timothy,Cody,Matthew,Steven,Nathan,6.0,0.0,5.0,5.0,3.0,0.0,5.0,5.0,6.0,,,,,,,0.0,,,,,,,,,,,13,1,2020_Jan_15_1602,FaceNameBlocked_revised,3.0.0,85.10204168843651,,NaN
12,Fem1Block.csv,Courtney2.mp4,Courtney.JPG,Courtney,6.0,F,Courtney,Katie,Haley,Heather,Sarah,Megan,Brianna,Nicole,Brittany,Grace,0.0,0.0,0.0,0.0,0.0,,,,,0.0,1.0,1.0,0.0,,,,,, megan,"['m', 'e', 'g', 'a', 'n']","[3.153128845995525, 3.506049265997717, 4.033185025997227, 4.3762128179951105, 4.493522880991804]",1.0,5.0,4.107462150001084,,,13,1,2020_Jan_15_1602,FaceNameBlocked_revised,3.0.0,85.10204168843651,,3.1531288
8,Fem1Block.csv,Courtney2.mp4,Courtney.JPG,Courtney,6.0,F,Courtney,Katie,Haley,Heather,Sarah,Megan,Brianna,Nicole,Brittany,Grace,0.0,0.0,0.0,0.0,0.0,0.0,7.0,7.0,0.0,,,,,,,1.0,,,,,,,,,,,13,1,2020_Jan_15_1602,FaceNameBlocked_revised,3.0.0,85.10204168843651,,NaN
33,Male2Block.csv,Daniel3.mp4,Daniel.JPG,Daniel,38.0,M,Aaron,Trevor,Brandon,Eric,Ethan,Caleb,Dylan,Michael,Daniel,Tyler,8.0,0.0,1.0,1.0,4.0,,,,,0.0,2.0,2.0,8.0,,,,,, dyla,"['d', 'y', 'l', 'a']","[8.552350551995914, 8.728426078989287, 9.457590494988835, 9.622778777993517]",3.0,3.0,4.636801738990472,,,13,1,2020_Jan_15_1602,FaceNameBlocked_revised,3.0.0,85.10204168843651,,8.5523505
23,Male2Block.csv,Daniel3.mp4,Daniel.JPG,Daniel,38.0,M,Aaron,Trevor,Brandon,Eric,Ethan,Caleb,Dylan,Michael,Daniel,Tyler,8.0,0.0,1.0,1.0,4.0,0.0,2.0,2.0,8.0,,,,,,,1.0,,,,,,,,,,,13,1,2020_Jan_15_1602,FaceNameBlocked_revised,3.0.0,85.10204168843651,,NaN
71,Fem3Block.csv,Danielle2.mp4,Danielle.JPG,Danielle,7.0,F,Kelsey,Ashley,Danielle,Michelle,Jenna,Rachel,Taylor,Natalie,Anna,Jessica,2.0,0.0,3.0,3.0,2.0,,,,,0.0,0.0,0.0,2.0,,,,space,1.4851861510105664, ,None,,5.0,4.0,4.811072044001777,,,13,1,2020_Jan_15_1602,FaceNameBlocked_revised,3.0.0,85.10204168843651,,NaN
64,Fem3Block.csv,Danielle2.mp4,Danielle.JPG,Danielle,7.0,F,Kelsey,Ashley,Danielle,Michelle,Jenna,Rachel,Taylor,Natalie,Anna,Jessica,2.0,0.0,3.0,3.0,2.0,0.0,3.0,3.0,2.0,,,,,,,0.0,,,,,,,,,,,13,1,2020_Jan_15_1602,FaceNameBlocked_revised,3.0.0,85.10204168843651,,NaN
117,Male1Block.csv,David2.mp4,David.JPG,David,39.0,M,Justin,Josh,David,Mark,Jason,Timothy,Cody,Matthew,Steven,Nathan,2.0,0.0,5.0,5.0,3.0,,,,,0.0,6.0,6.0,2.0,,,,,, david,"['d', 'a', 'v', 'i', 'd']","[3.554536689000088, 3.707574864005437, 3.907418457005406, 4.31896265099931, 4.507562334998511]",3.0,3.0,1.472111134993611,,,13,1,2020_Jan_15_1602,FaceNameBlocked_revised,3.0.0,85.10204168843651,,3.5545366
105,Male1Block.csv,David2.mp4,David.JPG,David,39.0,M,Justin,Josh,David,Mark,Jason,Timothy,Cody,Matthew,Steven,Nathan,2.0,0.0,5.0,5.0,3.0,0.0,4.0,4.0,2.0,,,,,,,0.0,,,,,,,,,,,13,1,2020_Jan_15_1602,FaceNameBlocked_revised,3.0.0,85.10204168843651,,NaN
29,Male2Block.csv,Dylan3.mp4,Dylan.JPG,Dylan,40.0,M,Aaron,Trevor,Brandon,Eric,Ethan,Caleb,Dylan,Michael,Daniel,Tyler,6.0,0.0,1.0,1.0,4.0,0.0,8.0,8.0,6.0,,,,,,,0.0,,,,,,,,,,,13,1,2020_Jan_15_1602,FaceNameBlocked_revised,3.0.0,85.10204168843651,,NaN
38,Male2Block.csv,Dylan3.mp4,Dylan.JPG,Dylan,40.0,M,Aaron,Trevor,Brandon,Eric,Ethan,Caleb,Dylan,Michael,Daniel,Tyler,6.0,0.0,1.0,1.0,4.0,,,,,0.0,7.0,7.0,6.0,,,,,, dan,"['d', 'a', 'n']","[8.365192097000545, 9.034614866002812, 9.37605442799395]",3.0,5.0,3.5427279660070785,,,13,1,2020_Jan_15_1602,FaceNameBlocked_revised,3.0.0,85.10204168843651,,8.3651920
58,Fem2Block.csv,Emily5.mp4,Emily.JPG,Emily,8.0,F,Lauren,Julia,Hannah,Olivia,Alyssa,Kayla,Emily,Shelby,Rebecca,Amanda,6.0,0.0,2.0,2.0,1.0,,,,,0.0,7.0,7.0,6.0,,,,,, ,None,,4.0,2.0,8.705936597994878,,,13,1,2020_Jan_15_1602,FaceNameBlocked_revised,3.0.0,85.10204168843651,,NaN
49,Fem2Block.csv,Emily5.mp4,Emily.JPG,Emily,8.0,F,Lauren,Julia,Hannah,Olivia,Alyssa,Kayla,Emily,Shelby,Rebecca,Amanda,6.0,0.0,2.0,2.0,1.0,0.0,8.0,8.0,6.0,,,,,,,0.0,,,,,,,,,,,13,1,2020_Jan_15_1602,FaceNameBlocked_revised,3.0.0,85.10204168843651,,NaN
28,Male2Block.csv,Eric2.mp4,Eric.JPG,Eric,41.0,M,Aaron,Trevor,Brandon,Eric,Ethan,Caleb,Dylan,Michael,Daniel,Tyler,3.0,0.0,1.0,1.0,4.0,0.0,7.0,7.0,3.0,,,,,,,1.0,,,,,,,,,,,13,1,2020_Jan_15_1602,FaceNameBlocked_revised,3.0.0,85.10204168843651,,NaN
39,Male2Block.csv,Eric2.mp4,Eric.JPG,Eric,41.0,M,Aaron,Trevor,Brandon,Eric,Ethan,Caleb,Dylan,Michael,Daniel,Tyler,3.0,0.0,1.0,1.0,4.0,,,,,0.0,8.0,8.0,3.0,,,,,, ,None,,1.0,3.0,5.683372051993501,,,13,1,2020_Jan_15_1602,FaceNameBlocked_revised,3.0.0,85.10204168843651,,NaN
31,Male2Block.csv,Ethan2.mp4,Ethan.JPG,Ethan,42.0,M,Aaron,Trevor,Brandon,Eric,Ethan,Caleb,Dylan,Michael,Daniel,Tyler,4.0,0.0,1.0,1.0,4.0,,,,,0.0,0.0,0.0,4.0,,,,space,64.0086755319935, ,None,,3.0,2.0,9.963916517997859,,,13,1,2020_Jan_15_1602,FaceNameBlocked_revised,3.0.0,85.10204168843651,,NaN
21,Male2Block.csv,Ethan2.mp4,Ethan.JPG,Ethan,42.0,M,Aaron,Trevor,Brandon,Eric,Ethan,Caleb,Dylan,Michael,Daniel,Tyler,4.0,0.0,1.0,1.0,4.0,0.0,0.0,0.0,4.0,,,,,,,0.0,,,,,,,,,,,13,1,2020_Jan_15_1602,FaceNameBlocked_revised,3.0.0,85.10204168843651,,NaN
17,Fem1Block.csv,Grace3.mp4,Grace.JPG,Grace,9.0,F,Courtney,Katie,Haley,Heather,Sarah,Megan,Brianna,Nicole,Brittany,Grace,9.0,0.0,0.0,0.0,0.0,,,,,0.0,6.0,6.0,9.0,,,,,, ,None,,3.0,4.0,5.589634492993356,,,13,1,2020_Jan_15_1602,FaceNameBlocked_revised,3.0.0,85.10204168843651,,NaN
7,Fem1Block.csv,Grace3.mp4,Grace.JPG,Grace,9.0,F,Courtney,Katie,Haley,Heather,Sarah,Megan,Brianna,Nicole,Brittany,Grace,9.0,0.0,0.0,0.0,0.0,0.0,6.0,6.0,9.0,,,,,,,0.0,,,,,,,,,,,13,1,2020_Jan_15_1602,FaceNameBlocked_revised,3.0.0,85.10204168843651,,NaN
19,Fem1Block.csv,Haley2.mp4,Haley.JPG,Haley,10.0,F,Courtney,Katie,Haley,Heather,Sarah,Megan,Brianna,Nicole,Brittany,Grace,2.0,0.0,0.0,0.0,0.0,,,,,0.0,8.0,8.0,2.0,,,,,, nicole,"['n', 'i', 'c', 'o', 'l', 'e']","[1.754549371995381, 2.0835956939990865, 2.3306653640029253, 2.447315149998758, 2.6592124580056407, 2.789090706006391]",4.0,1.0,9.047713785999806,,,13,1,2020_Jan_15_1602,FaceNameBlocked_revised,3.0.0,85.10204168843651,,1.7545493
10,Fem1Block.csv,Haley2.mp4,Haley.JPG,Haley,10.0,F,Courtney,Katie,Haley,Heather,Sarah,Megan,Brianna,Nicole,Brittany,Grace,2.0,0.0,0.0,0.0,0.0,0.0,9.0,9.0,2.0,,,,,,,0.0,,,,,,,,,,,13,1,2020_Jan_15_1602,FaceNameBlocked_revised,3.0.0,85.10204168843651,,NaN
46,Fem2Block.csv,Hannah2.mp4,Hannah.JPG,Hannah,11.0,F,Lauren,Julia,Hannah,Olivia,Alyssa,Kayla,Emily,Shelby,Rebecca,Amanda,2.0,0.0,2.0,2.0,1.0,0.0,5.0,5.0,2.0,,,,,,,0.0,,,,,,,,,,,13,1,2020_Jan_15_1602,FaceNameBlocked_revised,3.0.0,85.10204168843651,,NaN
52,Fem2Block.csv,Hannah2.mp4,Hannah.JPG,Hannah,11.0,F,Lauren,Julia,Hannah,Olivia,Alyssa,Kayla,Emily,Shelby,Rebecca,Amanda,2.0,0.0,2.0,2.0,1.0,,,,,0.0,1.0,1.0,2.0,,,,,, ,None,,2.0,5.0,6.695025391993113,,,13,1,2020_Jan_15_1602,FaceNameBlocked_revised,3.0.0,85.10204168843651,,NaN
18,Fem1Block.csv,Heather3.mp4,Heather.JPG,Heather,12.0,F,Courtney,Katie,Haley,Heather,Sarah,Megan,Brianna,Nicole,Brittany,Grace,3.0,0.0,0.0,0.0,0.0,,,,,0.0,7.0,7.0,3.0,,,,,, haley,"['h', 'a', 'l', 'e', 'y']","[3.5775474420079263, 3.7304125010123244, 4.1065918340027565, 4.883555717999116, 5.001432396005839]",1.0,1.0,5.200775467004861,,,13,1,2020_Jan_15_1602,FaceNameBlocked_revised,3.0.0,85.10204168843651,,3.5775474
1,Fem1Block.csv,Heather3.mp4,Heather.JPG,Heather,12.0,F,Courtney,Katie,Haley,Heather,Sarah,Megan,Brianna,Nicole,Brittany,Grace,3.0,0.0,0.0,0.0,0.0,0.0,0.0,0.0,3.0,,,,,,,1.0,,,,,,,,,,,13,1,2020_Jan_15_1602,FaceNameBlocked_revised,3.0.0,85.10204168843651,,NaN
97,Male3Block.csv,Jacob3.mp4,Jacob.JPG,Jacob,43.0,M,Thomas,Kyle,Kevin,Adam,Jeremy,Jacob,Noah,Bradley,Brian,Andrew,5.0,0.0,4.0,4.0,5.0,,,,,0.0,6.0,6.0,5.0,,,,,, ,None,,4.0,4.0,5.63624967999931,,,13,1,2020_Jan_15_1602,FaceNameBlocked_revised,3.0.0,85.10204168843651,,NaN
82,Male3Block.csv,Jacob3.mp4,Jacob.JPG,Jacob,43.0,M,Thomas,Kyle,Kevin,Adam,Jeremy,Jacob,Noah,Bradley,Brian,Andrew,5.0,0.0,4.0,4.0,5.0,0.0,1.0,1.0,5.0,,,,,,,0.0,,,,,,,,,,,13,1,2020_Jan_15_1602,FaceNameBlocked_revised,3.0.0,85.10204168843651,,NaN
109,Male1Block.csv,Jason4.mp4,Jason.JPG,Jason,44.0,M,Justin,Josh,David,Mark,Jason,Timothy,Cody,Matthew,Steven,Nathan,4.0,0.0,5.0,5.0,3.0,0.0,8.0,8.0,4.0,,,,,,,0.0,,,,,,,,,,,13,1,2020_Jan_15_1602,FaceNameBlocked_revised,3.0.0,85.10204168843651,,NaN
120,Male1Block.csv,Jason4.mp4,Jason.JPG,Jason,44.0,M,Justin,Josh,David,Mark,Jason,Timothy,Cody,Matthew,Steven,Nathan,4.0,0.0,5.0,5.0,3.0,,,,,0.0,9.0,9.0,4.0,,,,,, ,None,,2.0,4.0,4.447920092003186,,,13,1,2020_Jan_15_1602,FaceNameBlocked_revised,3.0.0,85.10204168843651,,NaN
76,Fem3Block.csv,Jenna4.mp4,Jenna.JPG,Jenna,13.0,F,Kelsey,Ashley,Danielle,Michelle,Jenna,Rachel,Taylor,Natalie,Anna,Jessica,4.0,0.0,3.0,3.0,2.0,,,,,0.0,5.0,5.0,4.0,,,,,, ,None,,4.0,3.0,5.013457831999403,,,13,1,2020_Jan_15_1602,FaceNameBlocked_revised,3.0.0,85.10204168843651,,NaN
68,Fem3Block.csv,Jenna4.mp4,Jenna.JPG,Jenna,13.0,F,Kelsey,Ashley,Danielle,Michelle,Jenna,Rachel,Taylor,Natalie,Anna,Jessica,4.0,0.0,3.0,3.0,2.0,0.0,7.0,7.0,4.0,,,,,,,0.0,,,,,,,,,,,13,1,2020_Jan_15_1602,FaceNameBlocked_revised,3.0.0,85.10204168843651,,NaN
87,Male3Block.csv,Jeremy2.mp4,Jeremy.JPG,Jeremy,45.0,M,Thomas,Kyle,Kevin,Adam,Jeremy,Jacob,Noah,Bradley,Brian,Andrew,4.0,0.0,4.0,4.0,5.0,0.0,6.0,6.0,4.0,,,,,,,0.0,,,,,,,,,,,13,1,2020_Jan_15_1602,FaceNameBlocked_revised,3.0.0,85.10204168843651,,NaN
91,Male3Block.csv,Jeremy2.mp4,Jeremy.JPG,Jeremy,45.0,M,Thomas,Kyle,Kevin,Adam,Jeremy,Jacob,Noah,Bradley,Brian,Andrew,4.0,0.0,4.0,4.0,5.0,,,,,0.0,0.0,0.0,4.0,,,,space,1.1903484030044638, jeremy,"['j', 'e', 'r', 'e', 'm', 'y']","[1.7282307909918018, 1.9890620829974068, 2.200417722997372, 2.351462165999692, 2.505502115993295, 2.8348776339989854]",3.0,3.0,2.6494846010027686,,,13,1,2020_Jan_15_1602,FaceNameBlocked_revised,3.0.0,85.10204168843651,,1.7282307
77,Fem3Block.csv,Jessica2.mp4,Jessica.JPG,Jessica,14.0,F,Kelsey,Ashley,Danielle,Michelle,Jenna,Rachel,Taylor,Natalie,Anna,Jessica,9.0,0.0,3.0,3.0,2.0,,,,,0.0,6.0,6.0,9.0,,,,,, jenna,"['j', 'e', 'n', 'n', 'a']","[1.6377133100031642, 1.7899781979940599, 2.0842897269903915, 2.213987918003113, 2.34239147399785]",5.0,5.0,3.6834957879909775,,,13,1,2020_Jan_15_1602,FaceNameBlocked_revised,3.0.0,85.10204168843651,,1.6377133
66,Fem3Block.csv,Jessica2.mp4,Jessica.JPG,Jessica,14.0,F,Kelsey,Ashley,Danielle,Michelle,Jenna,Rachel,Taylor,Natalie,Anna,Jessica,9.0,0.0,3.0,3.0,2.0,0.0,5.0,5.0,9.0,,,,,,,0.0,,,,,,,,,,,13,1,2020_Jan_15_1602,FaceNameBlocked_revised,3.0.0,85.10204168843651,,NaN
107,Male1Block.csv,Josh3.mp4,Josh.JPG,Josh,46.0,M,Justin,Josh,David,Mark,Jason,Timothy,Cody,Matthew,Steven,Nathan,1.0,0.0,5.0,5.0,3.0,0.0,6.0,6.0,1.0,,,,,,,1.0,,,,,,,,,,,13,1,2020_Jan_15_1602,FaceNameBlocked_revised,3.0.0,85.10204168843651,,NaN
111,Male1Block.csv,Josh3.mp4,Josh.JPG,Josh,46.0,M,Justin,Josh,David,Mark,Jason,Timothy,Cody,Matthew,Steven,Nathan,1.0,0.0,5.0,5.0,3.0,,,,,0.0,0.0,0.0,1.0,,,,space,1.2855112649995135, josh,"['j', 'o', 's', 'h']","[1.6256399220001185, 2.319528261999949, 2.6256652909942204, 3.48410293199413]",4.0,4.0,1.95482029899722,,,13,1,2020_Jan_15_1602,FaceNameBlocked_revised,3.0.0,85.10204168843651,,1.6256399
56,Fem2Block.csv,Julia2.mp4,Julia.JPG,Julia,15.0,F,Lauren,Julia,Hannah,Olivia,Alyssa,Kayla,Emily,Shelby,Rebecca,Amanda,1.0,0.0,2.0,2.0,1.0,,,,,0.0,5.0,5.0,1.0,,,,,, ,None,,1.0,2.0,5.1769547020085165,,,13,1,2020_Jan_15_1602,FaceNameBlocked_revised,3.0.0,85.10204168843651,,NaN
43,Fem2Block.csv,Julia2.mp4,Julia.JPG,Julia,15.0,F,Lauren,Julia,Hannah,Olivia,Alyssa,Kayla,Emily,Shelby,Rebecca,Amanda,1.0,0.0,2.0,2.0,1.0,0.0,2.0,2.0,1.0,,,,,,,1.0,,,,,,,,,,,13,1,2020_Jan_15_1602,FaceNameBlocked_revised,3.0.0,85.10204168843651,,NaN
102,Male1Block.csv,Justin2.mp4,Justin.JPG,Justin,47.0,M,Justin,Josh,David,Mark,Jason,Timothy,Cody,Matthew,Steven,Nathan,0.0,0.0,5.0,5.0,3.0,0.0,1.0,1.0,0.0,,,,,,,1.0,,,,,,,,,,,13,1,2020_Jan_15_1602,FaceNameBlocked_revised,3.0.0,85.10204168843651,,NaN
118,Male1Block.csv,Justin2.mp4,Justin.JPG,Justin,47.0,M,Justin,Josh,David,Mark,Jason,Timothy,Cody,Matthew,Steven,Nathan,0.0,0.0,5.0,5.0,3.0,,,,,0.0,7.0,7.0,0.0,,,,,, ,None,,2.0,2.0,3.8718048469891073,,,13,1,2020_Jan_15_1602,FaceNameBlocked_revised,3.0.0,85.10204168843651,,NaN
5,Fem1Block.csv,Katie2.mp4,Katie.JPG,Katie,16.0,F,Courtney,Katie,Haley,Heather,Sarah,Megan,Brianna,Nicole,Brittany,Grace,1.0,0.0,0.0,0.0,0.0,0.0,4.0,4.0,1.0,,,,,,,1.0,,,,,,,,,,,13,1,2020_Jan_15_1602,FaceNameBlocked_revised,3.0.0,85.10204168843651,,NaN
11,Fem1Block.csv,Katie2.mp4,Katie.JPG,Katie,16.0,F,Courtney,Katie,Haley,Heather,Sarah,Megan,Brianna,Nicole,Brittany,Grace,1.0,0.0,0.0,0.0,0.0,,,,,0.0,0.0,0.0,1.0,,,,space,15.407843181994394, katie,"['k', 'a', 't', 'i', 'e']","[2.143000033000135, 3.366066899005091, 3.7064012960036052, 4.330559459005599, 4.718686809006613]",4.0,4.0,3.035448506998364,,,13,1,2020_Jan_15_1602,FaceNameBlocked_revised,3.0.0,85.10204168843651,,2.1430000
45,Fem2Block.csv,Kayla3.mp4,Kayla.JPG,Kayla,17.0,F,Lauren,Julia,Hannah,Olivia,Alyssa,Kayla,Emily,Shelby,Rebecca,Amanda,5.0,0.0,2.0,2.0,1.0,0.0,4.0,4.0,5.0,,,,,,,0.0,,,,,,,,,,,13,1,2020_Jan_15_1602,FaceNameBlocked_revised,3.0.0,85.10204168843651,,NaN
55,Fem2Block.csv,Kayla3.mp4,Kayla.JPG,Kayla,17.0,F,Lauren,Julia,Hannah,Olivia,Alyssa,Kayla,Emily,Shelby,Rebecca,Amanda,5.0,0.0,2.0,2.0,1.0,,,,,0.0,4.0,4.0,5.0,,,,,, rebecca,"['r', 'e', 'b', 'e', 'c', 'c', 'a']","[1.1185058179980842, 1.4239127229957376, 1.671052111996687, 1.8239947679976467, 2.164841998004704, 2.294700826998451, 2.4236162879969925]",5.0,3.0,2.7310541610058863,,,13,1,2020_Jan_15_1602,FaceNameBlocked_revised,3.0.0,85.10204168843651,,1.1185058
67,Fem3Block.csv,Kelsey2.mp4,Kelsey.JPG,Kelsey,18.0,F,Kelsey,Ashley,Danielle,Michelle,Jenna,Rachel,Taylor,Natalie,Anna,Jessica,0.0,0.0,3.0,3.0,2.0,0.0,6.0,6.0,0.0,,,,,,,1.0,,,,,,,,,,,13,1,2020_Jan_15_1602,FaceNameBlocked_revised,3.0.0,85.10204168843651,,NaN
73,Fem3Block.csv,Kelsey2.mp4,Kelsey.JPG,Kelsey,18.0,F,Kelsey,Ashley,Danielle,Michelle,Jenna,Rachel,Taylor,Natalie,Anna,Jessica,0.0,0.0,3.0,3.0,2.0,,,,,0.0,2.0,2.0,0.0,,,,,, kelsey,"['k', 'e', 'l', 's', 'e', 'y']","[1.7551922620041296, 2.0490416280081263, 2.1550984970090212, 2.342517366996617, 2.519169385996065, 2.6485035820078338]",1.0,1.0,2.7078023020003457,,,13,1,2020_Jan_15_1602,FaceNameBlocked_revised,3.0.0,85.10204168843651,,1.7551922
94,Male3Block.csv,Kevin2.mp4,Kevin.JPG,Kevin,48.0,M,Thomas,Kyle,Kevin,Adam,Jeremy,Jacob,Noah,Bradley,Brian,Andrew,2.0,0.0,4.0,4.0,5.0,,,,,0.0,3.0,3.0,2.0,,,,,, kevin,"['k', 'e', 'v', 'i', 'n']","[3.342897288996028, 3.6012094829929993, 3.8481731670035515, 4.14176415700058, 4.388491916004568]",1.0,1.0,2.484210497001186,,,13,1,2020_Jan_15_1602,FaceNameBlocked_revised,3.0.0,85.10204168843651,,3.3428972
88,Male3Block.csv,Kevin2.mp4,Kevin.JPG,Kevin,48.0,M,Thomas,Kyle,Kevin,Adam,Jeremy,Jacob,Noah,Bradley,Brian,Andrew,2.0,0.0,4.0,4.0,5.0,0.0,7.0,7.0,2.0,,,,,,,0.0,,,,,,,,,,,13,1,2020_Jan_15_1602,FaceNameBlocked_revised,3.0.0,85.10204168843651,,NaN
86,Male3Block.csv,Kyle3.mp4,Kyle.JPG,Kyle,49.0,M,Thomas,Kyle,Kevin,Adam,Jeremy,Jacob,Noah,Bradley,Brian,Andrew,1.0,0.0,4.0,4.0,5.0,0.0,5.0,5.0,1.0,,,,,,,1.0,,,,,,,,,,,13,1,2020_Jan_15_1602,FaceNameBlocked_revised,3.0.0,85.10204168843651,,NaN
99,Male3Block.csv,Kyle3.mp4,Kyle.JPG,Kyle,49.0,M,Thomas,Kyle,Kevin,Adam,Jeremy,Jacob,Noah,Bradley,Brian,Andrew,1.0,0.0,4.0,4.0,5.0,,,,,0.0,8.0,8.0,1.0,,,,,, kyle,"['k', 'y', 'l', 'e']","[1.9068593589909142, 2.2360568149888422, 2.6121079299919074, 2.8588196609925944]",3.0,3.0,1.5881975760130445,,,13,1,2020_Jan_15_1602,FaceNameBlocked_revised,3.0.0,85.10204168843651,,1.9068593
53,Fem2Block.csv,Lauren4.mp4,Lauren.JPG,Lauren,19.0,F,Lauren,Julia,Hannah,Olivia,Alyssa,Kayla,Emily,Shelby,Rebecca,Amanda,0.0,0.0,2.0,2.0,1.0,,,,,0.0,2.0,2.0,0.0,,,,,, ,None,,3.0,3.0,6.6588886579993405,,,13,1,2020_Jan_15_1602,FaceNameBlocked_revised,3.0.0,85.10204168843651,,NaN
47,Fem2Block.csv,Lauren4.mp4,Lauren.JPG,Lauren,19.0,F,Lauren,Julia,Hannah,Olivia,Alyssa,Kayla,Emily,Shelby,Rebecca,Amanda,0.0,0.0,2.0,2.0,1.0,0.0,6.0,6.0,0.0,,,,,,,1.0,,,,,,,,,,,13,1,2020_Jan_15_1602,FaceNameBlocked_revised,3.0.0,85.10204168843651,,NaN
113,Male1Block.csv,Mark3.mp4,Mark.JPG,Mark,50.0,M,Justin,Josh,David,Mark,Jason,Timothy,Cody,Matthew,Steven,Nathan,3.0,0.0,5.0,5.0,3.0,,,,,0.0,2.0,2.0,3.0,,,,,, mark,"['m', 'a', 'r', 'k']","[5.598890231995028, 6.153221050000866, 7.282375139999203, 7.365495834004832]",3.0,3.0,3.9075257969961967,,,13,1,2020_Jan_15_1602,FaceNameBlocked_revised,3.0.0,85.10204168843651,,5.5988902
108,Male1Block.csv,Mark3.mp4,Mark.JPG,Mark,50.0,M,Justin,Josh,David,Mark,Jason,Timothy,Cody,Matthew,Steven,Nathan,3.0,0.0,5.0,5.0,3.0,0.0,7.0,7.0,3.0,,,,,,,1.0,,,,,,,,,,,13,1,2020_Jan_15_1602,FaceNameBlocked_revised,3.0.0,85.10204168843651,,NaN
116,Male1Block.csv,Matthew2.mp4,Matthew.JPG,Matthew,51.0,M,Justin,Josh,David,Mark,Jason,Timothy,Cody,Matthew,Steven,Nathan,7.0,0.0,5.0,5.0,3.0,,,,,0.0,5.0,5.0,7.0,,,,,, matthew,"['m', 'a', 't', 't', 'h', 'e', 'w']","[2.5548614300059853, 2.8013756790023763, 3.237217818008503, 3.3880463560053613, 3.6132987710007, 3.7877141000062693, 3.8953048000112176]",5.0,5.0,2.0368176140036667,,,13,1,2020_Jan_15_1602,FaceNameBlocked_revised,3.0.0,85.10204168843651,,2.5548614
101,Male1Block.csv,Matthew2.mp4,Matthew.JPG,Matthew,51.0,M,Justin,Josh,David,Mark,Jason,Timothy,Cody,Matthew,Steven,Nathan,7.0,0.0,5.0,5.0,3.0,0.0,0.0,0.0,7.0,,,,,,,1.0,,,,,,,,,,,13,1,2020_Jan_15_1602,FaceNameBlocked_revised,3.0.0,85.10204168843651,,NaN
13,Fem1Block.csv,Megan2.mp4,Megan.JPG,Megan,20.0,F,Courtney,Katie,Haley,Heather,Sarah,Megan,Brianna,Nicole,Brittany,Grace,5.0,0.0,0.0,0.0,0.0,,,,,0.0,2.0,2.0,5.0,,,,,, heather,"['h', 'e', 'a', 't', 'h', 'e', 'r']","[6.282168617006391, 6.482833957998082, 6.588817055002437, 6.929520699995919, 7.211272658998496, 7.364188898005523, 8.223581439000554]",3.0,5.0,4.869528859999264,,,13,1,2020_Jan_15_1602,FaceNameBlocked_revised,3.0.0,85.10204168843651,,6.2821686
4,Fem1Block.csv,Megan2.mp4,Megan.JPG,Megan,20.0,F,Courtney,Katie,Haley,Heather,Sarah,Megan,Brianna,Nicole,Brittany,Grace,5.0,0.0,0.0,0.0,0.0,0.0,3.0,3.0,5.0,,,,,,,0.0,,,,,,,,,,,13,1,2020_Jan_15_1602,FaceNameBlocked_revised,3.0.0,85.10204168843651,,NaN
40,Male2Block.csv,Michael2.mp4,Michael.JPG,Michael,52.0,M,Aaron,Trevor,Brandon,Eric,Ethan,Caleb,Dylan,Michael,Daniel,Tyler,7.0,0.0,1.0,1.0,4.0,,,,,0.0,9.0,9.0,7.0,,,,,, michae,"['m', 'i', 'c', 'h', 'a', 'e']","[6.965217524993932, 7.153316968004219, 7.3411683369922685, 8.376595216992428, 9.517181752991746, 9.775751299996045]",4.0,4.0,2.6368044789996934,,,13,1,2020_Jan_15_1602,FaceNameBlocked_revised,3.0.0,85.10204168843651,,6.9652175
24,Male2Block.csv,Michael2.mp4,Michael.JPG,Michael,52.0,M,Aaron,Trevor,Brandon,Eric,Ethan,Caleb,Dylan,Michael,Daniel,Tyler,7.0,0.0,1.0,1.0,4.0,0.0,3.0,3.0,7.0,,,,,,,1.0,,,,,,,,,,,13,1,2020_Jan_15_1602,FaceNameBlocked_revised,3.0.0,85.10204168843651,,NaN
75,Fem3Block.csv,Michelle2.mp4,Michelle.JPG,Michelle,21.0,F,Kelsey,Ashley,Danielle,Michelle,Jenna,Rachel,Taylor,Natalie,Anna,Jessica,3.0,0.0,3.0,3.0,2.0,,,,,0.0,4.0,4.0,3.0,,,,,, ,None,,4.0,1.0,5.0363686210039305,,,13,1,2020_Jan_15_1602,FaceNameBlocked_revised,3.0.0,85.10204168843651,,NaN
61,Fem3Block.csv,Michelle2.mp4,Michelle.JPG,Michelle,21.0,F,Kelsey,Ashley,Danielle,Michelle,Jenna,Rachel,Taylor,Natalie,Anna,Jessica,3.0,0.0,3.0,3.0,2.0,0.0,0.0,0.0,3.0,,,,,,,1.0,,,,,,,,,,,13,1,2020_Jan_15_1602,FaceNameBlocked_revised,3.0.0,85.10204168843651,,NaN
72,Fem3Block.csv,Natalie3.mp4,Natalie.JPG,Natalie,22.0,F,Kelsey,Ashley,Danielle,Michelle,Jenna,Rachel,Taylor,Natalie,Anna,Jessica,7.0,0.0,3.0,3.0,2.0,,,,,0.0,1.0,1.0,7.0,,,,,, ,None,,5.0,1.0,8.375753674001317,,,13,1,2020_Jan_15_1602,FaceNameBlocked_revised,3.0.0,85.10204168843651,,NaN
70,Fem3Block.csv,Natalie3.mp4,Natalie.JPG,Natalie,22.0,F,Kelsey,Ashley,Danielle,Michelle,Jenna,Rachel,Taylor,Natalie,Anna,Jessica,7.0,0.0,3.0,3.0,2.0,0.0,9.0,9.0,7.0,,,,,,,1.0,,,,,,,,,,,13,1,2020_Jan_15_1602,FaceNameBlocked_revised,3.0.0,85.10204168843651,,NaN
104,Male1Block.csv,Nathan3.mp4,Nathan.JPG,Nathan,53.0,M,Justin,Josh,David,Mark,Jason,Timothy,Cody,Matthew,Steven,Nathan,9.0,0.0,5.0,5.0,3.0,0.0,3.0,3.0,9.0,,,,,,,0.0,,,,,,,,,,,13,1,2020_Jan_15_1602,FaceNameBlocked_revised,3.0.0,85.10204168843651,,NaN
119,Male1Block.csv,Nathan3.mp4,Nathan.JPG,Nathan,53.0,M,Justin,Josh,David,Mark,Jason,Timothy,Cody,Matthew,Steven,Nathan,9.0,0.0,5.0,5.0,3.0,,,,,0.0,8.0,8.0,9.0,,,,,, ,None,,3.0,3.0,3.4369197339983657,,,13,1,2020_Jan_15_1602,FaceNameBlocked_revised,3.0.0,85.10204168843651,,NaN
6,Fem1Block.csv,Nicole2.mp4,Nicole.JPG,Nicole,23.0,F,Courtney,Katie,Haley,Heather,Sarah,Megan,Brianna,Nicole,Brittany,Grace,7.0,0.0,0.0,0.0,0.0,0.0,5.0,5.0,7.0,,,,,,,1.0,,,,,,,,,,,13,1,2020_Jan_15_1602,FaceNameBlocked_revised,3.0.0,85.10204168843651,,NaN
20,Fem1Block.csv,Nicole2.mp4,Nicole.JPG,Nicole,23.0,F,Courtney,Katie,Haley,Heather,Sarah,Megan,Brianna,Nicole,Brittany,Grace,7.0,0.0,0.0,0.0,0.0,,,,,0.0,9.0,9.0,7.0,,,,,, nicole,"['n', 'i', 'c', 'o', 'l', 'e']","[1.3901118830108317, 1.5661783890100196, 1.7661058439989574, 1.88367969400133, 2.0587087430030806, 2.178367643005913]",3.0,3.0,2.7662432259967322,,,13,1,2020_Jan_15_1602,FaceNameBlocked_revised,3.0.0,85.10204168843651,,1.3901118
84,Male3Block.csv,Noah2.mp4,Noah.JPG,Noah,54.0,M,Thomas,Kyle,Kevin,Adam,Jeremy,Jacob,Noah,Bradley,Brian,Andrew,6.0,0.0,4.0,4.0,5.0,0.0,3.0,3.0,6.0,,,,,,,0.0,,,,,,,,,,,13,1,2020_Jan_15_1602,FaceNameBlocked_revised,3.0.0,85.10204168843651,,NaN
100,Male3Block.csv,Noah2.mp4,Noah.JPG,Noah,54.0,M,Thomas,Kyle,Kevin,Adam,Jeremy,Jacob,Noah,Bradley,Brian,Andrew,6.0,0.0,4.0,4.0,5.0,,,,,0.0,9.0,9.0,6.0,,,,,, ,None,,1.0,5.0,8.835456547996726,,,13,1,2020_Jan_15_1602,FaceNameBlocked_revised,3.0.0,85.10204168843651,,NaN
60,Fem2Block.csv,Olivia3.mp4,Olivia.JPG,Olivia,24.0,F,Lauren,Julia,Hannah,Olivia,Alyssa,Kayla,Emily,Shelby,Rebecca,Amanda,3.0,0.0,2.0,2.0,1.0,,,,,0.0,9.0,9.0,3.0,,,,,, ,None,,5.0,1.0,5.4244399320014045,,,13,1,2020_Jan_15_1602,FaceNameBlocked_revised,3.0.0,85.10204168843651,,NaN
41,Fem2Block.csv,Olivia3.mp4,Olivia.JPG,Olivia,24.0,F,Lauren,Julia,Hannah,Olivia,Alyssa,Kayla,Emily,Shelby,Rebecca,Amanda,3.0,0.0,2.0,2.0,1.0,0.0,0.0,0.0,3.0,,,,,,,1.0,,,,,,,,,,,13,1,2020_Jan_15_1602,FaceNameBlocked_revised,3.0.0,85.10204168843651,,NaN
62,Fem3Block.csv,Rachel3.mp4,Rachel.JPG,Rachel,25.0,F,Kelsey,Ashley,Danielle,Michelle,Jenna,Rachel,Taylor,Natalie,Anna,Jessica,5.0,0.0,3.0,3.0,2.0,0.0,1.0,1.0,5.0,,,,,,,0.0,,,,,,,,,,,13,1,2020_Jan_15_1602,FaceNameBlocked_revised,3.0.0,85.10204168843651,,NaN
78,Fem3Block.csv,Rachel3.mp4,Rachel.JPG,Rachel,25.0,F,Kelsey,Ashley,Danielle,Michelle,Jenna,Rachel,Taylor,Natalie,Anna,Jessica,5.0,0.0,3.0,3.0,2.0,,,,,0.0,7.0,7.0,5.0,,,,,, rachel,"['r', 'a', 'c', 'h', 'e', 'l']","[2.0253963269933593, 2.2373525299917674, 2.484059727998101, 2.825553921997198, 3.0599632969970116, 3.3782209519995376]",4.0,4.0,1.131517696994706,,,13,1,2020_Jan_15_1602,FaceNameBlocked_revised,3.0.0,85.10204168843651,,2.0253963
48,Fem2Block.csv,Rebecca3.mp4,Rebecca.JPG,Rebecca,26.0,F,Lauren,Julia,Hannah,Olivia,Alyssa,Kayla,Emily,Shelby,Rebecca,Amanda,8.0,0.0,2.0,2.0,1.0,0.0,7.0,7.0,8.0,,,,,,,1.0,,,,,,,,,,,13,1,2020_Jan_15_1602,FaceNameBlocked_revised,3.0.0,85.10204168843651,,NaN
59,Fem2Block.csv,Rebecca3.mp4,Rebecca.JPG,Rebecca,26.0,F,Lauren,Julia,Hannah,Olivia,Alyssa,Kayla,Emily,Shelby,Rebecca,Amanda,8.0,0.0,2.0,2.0,1.0,,,,,0.0,8.0,8.0,8.0,,,,,, olivia,"['o', 'l', 'i', 'v', 'i', 'a']","[6.012200687997392, 6.200634905006154, 6.411908316003974, 6.823884876997909, 7.105309484002646, 7.270864884994808]",5.0,3.0,3.448895527006244,,,13,1,2020_Jan_15_1602,FaceNameBlocked_revised,3.0.0,85.10204168843651,,6.0122006
2,Fem1Block.csv,Sarah2.mp4,Sarah.JPG,Sarah,27.0,F,Courtney,Katie,Haley,Heather,Sarah,Megan,Brianna,Nicole,Brittany,Grace,4.0,0.0,0.0,0.0,0.0,0.0,1.0,1.0,4.0,,,,,,,0.0,,,,,,,,,,,13,1,2020_Jan_15_1602,FaceNameBlocked_revised,3.0.0,85.10204168843651,,NaN
15,Fem1Block.csv,Sarah2.mp4,Sarah.JPG,Sarah,27.0,F,Courtney,Katie,Haley,Heather,Sarah,Megan,Brianna,Nicole,Brittany,Grace,4.0,0.0,0.0,0.0,0.0,,,,,0.0,4.0,4.0,4.0,,,,,, ,None,,1.0,4.0,6.460352385009173,,,13,1,2020_Jan_15_1602,FaceNameBlocked_revised,3.0.0,85.10204168843651,,NaN
54,Fem2Block.csv,Shelby2.mp4,Shelby.JPG,Shelby,28.0,F,Lauren,Julia,Hannah,Olivia,Alyssa,Kayla,Emily,Shelby,Rebecca,Amanda,7.0,0.0,2.0,2.0,1.0,,,,,0.0,3.0,3.0,7.0,,,,,, shelby,"['s', 'h', 'e', 'l', 'b', 'y']","[1.3183416070096428, 1.6015135979978368, 1.834597898996435, 2.4595194090070436, 2.9651990630081855, 3.3302604490017984]",1.0,1.0,2.143709208001382,,,13,1,2020_Jan_15_1602,FaceNameBlocked_revised,3.0.0,85.10204168843651,,1.3183416
42,Fem2Block.csv,Shelby2.mp4,Shelby.JPG,Shelby,28.0,F,Lauren,Julia,Hannah,Olivia,Alyssa,Kayla,Emily,Shelby,Rebecca,Amanda,7.0,0.0,2.0,2.0,1.0,0.0,1.0,1.0,7.0,,,,,,,1.0,,,,,,,,,,,13,1,2020_Jan_15_1602,FaceNameBlocked_revised,3.0.0,85.10204168843651,,NaN
103,Male1Block.csv,Steven2.mp4,Steven.JPG,Steven,55.0,M,Justin,Josh,David,Mark,Jason,Timothy,Cody,Matthew,Steven,Nathan,8.0,0.0,5.0,5.0,3.0,0.0,2.0,2.0,8.0,,,,,,,1.0,,,,,,,,,,,13,1,2020_Jan_15_1602,FaceNameBlocked_revised,3.0.0,85.10204168843651,,NaN
114,Male1Block.csv,Steven2.mp4,Steven.JPG,Steven,55.0,M,Justin,Josh,David,Mark,Jason,Timothy,Cody,Matthew,Steven,Nathan,8.0,0.0,5.0,5.0,3.0,,,,,0.0,3.0,3.0,8.0,,,,,, steven,"['s', 't', 'e', 'v', 'e', 'n']","[4.707567854013178, 4.929811171008623, 5.107247747000656, 5.318618389006588, 5.471606238003005, 5.600565982007538]",5.0,5.0,2.107587421996868,,,13,1,2020_Jan_15_1602,FaceNameBlocked_revised,3.0.0,85.10204168843651,,4.7075678
74,Fem3Block.csv,Taylor4.mp4,Taylor.JPG,Taylor,29.0,F,Kelsey,Ashley,Danielle,Michelle,Jenna,Rachel,Taylor,Natalie,Anna,Jessica,6.0,0.0,3.0,3.0,2.0,,,,,0.0,3.0,3.0,6.0,,,,,, tylor,"['t', 'y', 'l', 'o', 'r']","[5.1645232799928635, 5.63502953099669, 6.316485452989582, 6.505188415991142, 6.681025807993137]",3.0,3.0,2.141170553994016,,,13,1,2020_Jan_15_1602,FaceNameBlocked_revised,3.0.0,85.10204168843651,,5.1645232
63,Fem3Block.csv,Taylor4.mp4,Taylor.JPG,Taylor,29.0,F,Kelsey,Ashley,Danielle,Michelle,Jenna,Rachel,Taylor,Natalie,Anna,Jessica,6.0,0.0,3.0,3.0,2.0,0.0,2.0,2.0,6.0,,,,,,,0.0,,,,,,,,,,,13,1,2020_Jan_15_1602,FaceNameBlocked_revised,3.0.0,85.10204168843651,,NaN
96,Male3Block.csv,Thomas2.mp4,Thomas.JPG,Thomas,56.0,M,Thomas,Kyle,Kevin,Adam,Jeremy,Jacob,Noah,Bradley,Brian,Andrew,0.0,0.0,4.0,4.0,5.0,,,,,0.0,5.0,5.0,0.0,,,,,, ,None,,2.0,5.0,6.765247515009833,,,13,1,2020_Jan_15_1602,FaceNameBlocked_revised,3.0.0,85.10204168843651,,NaN
89,Male3Block.csv,Thomas2.mp4,Thomas.JPG,Thomas,56.0,M,Thomas,Kyle,Kevin,Adam,Jeremy,Jacob,Noah,Bradley,Brian,Andrew,0.0,0.0,4.0,4.0,5.0,0.0,8.0,8.0,0.0,,,,,,,1.0,,,,,,,,,,,13,1,2020_Jan_15_1602,FaceNameBlocked_revised,3.0.0,85.10204168843651,,NaN
112,Male1Block.csv,Timothy3.mp4,Timothy.JPG,Timothy,57.0,M,Justin,Josh,David,Mark,Jason,Timothy,Cody,Matthew,Steven,Nathan,5.0,0.0,5.0,5.0,3.0,,,,,0.0,1.0,1.0,5.0,,,,,, ,None,,4.0,4.0,5.587066698994021,,,13,1,2020_Jan_15_1602,FaceNameBlocked_revised,3.0.0,85.10204168843651,,NaN
110,Male1Block.csv,Timothy3.mp4,Timothy.JPG,Timothy,57.0,M,Justin,Josh,David,Mark,Jason,Timothy,Cody,Matthew,Steven,Nathan,5.0,0.0,5.0,5.0,3.0,0.0,9.0,9.0,5.0,,,,,,,0.0,,,,,,,,,,,13,1,2020_Jan_15_1602,FaceNameBlocked_revised,3.0.0,85.10204168843651,,NaN
37,Male2Block.csv,Trevor2.mp4,Trevor.JPG,Trevor,58.0,M,Aaron,Trevor,Brandon,Eric,Ethan,Caleb,Dylan,Michael,Daniel,Tyler,1.0,0.0,1.0,1.0,4.0,,,,,0.0,6.0,6.0,1.0,,,,,, ,None,,4.0,4.0,4.694798933007405,,,13,1,2020_Jan_15_1602,FaceNameBlocked_revised,3.0.0,85.10204168843651,,NaN
25,Male2Block.csv,Trevor2.mp4,Trevor.JPG,Trevor,58.0,M,Aaron,Trevor,Brandon,Eric,Ethan,Caleb,Dylan,Michael,Daniel,Tyler,1.0,0.0,1.0,1.0,4.0,0.0,4.0,4.0,1.0,,,,,,,1.0,,,,,,,,,,,13,1,2020_Jan_15_1602,FaceNameBlocked_revised,3.0.0,85.10204168843651,,NaN
32,Male2Block.csv,Tyler3.mp4,Tyler.JPG,Tyler,59.0,M,Aaron,Trevor,Brandon,Eric,Ethan,Caleb,Dylan,Michael,Daniel,Tyler,9.0,0.0,1.0,1.0,4.0,,,,,0.0,1.0,1.0,9.0,,,,,, ,None,,2.0,2.0,4.024484237990691,,,13,1,2020_Jan_15_1602,FaceNameBlocked_revised,3.0.0,85.10204168843651,,NaN
27,Male2Block.csv,Tyler3.mp4,Tyler.JPG,Tyler,59.0,M,Aaron,Trevor,Brandon,Eric,Ethan,Caleb,Dylan,Michael,Daniel,Tyler,9.0,0.0,1.0,1.0,4.0,0.0,6.0,6.0,9.0,,,,,,,0.0,,,,,,,,,,,13,1,2020_Jan_15_1602,FaceNameBlocked_revised,3.0.0,85.10204168843651,,NaN
0,,,,,,,,,,,,,,,,,,,,,,,,,,,,,,space,33.934830387006514,,,,,,,,,,,,13,1,2020_Jan_15_1602,FaceNameBlocked_revised,3.0.0,85.10204168843651,,NaN
121,,,,,,,,,,,,,,,,,,,,,,,,,,,,,,,,,,,,,,,,,space,160.733911325995,13,1,2020_Jan_15_1602,FaceNameBlocked_revised,3.0.0,85.10204168843651,,NaN
