,condsBlockFile,Video,Photo,Name,Row,Gender,N1,N2,N3,N4,N5,N6,N7,N8,N9,N10,Row2,blocks.thisRepN,blocks.thisTrialN,blocks.thisN,blocks.thisIndex,presentations.thisRepN,presentations.thisTrialN,presentations.thisN,presentations.thisIndex,testing.thisRepN,testing.thisTrialN,testing.thisN,testing.thisIndex,advance_1.keys,advance_1.rt,currentCond,advance_2.keys,advance_2.rt,inputText,key_resp_3.keys,key_resp_3.rt,correctRecogSelection,keyResponse.keys,keyResponse.rt,end_key.keys,end_key.rt,participant,session,date,expName,psychopyVersion,frameRate,Unnamed: 48,key_resp3_fin
81,Male3Block.csv,Aaron2.mp4,Aaron.JPG,Aaron,30.0,M,Timothy,Dylan,Adam,Josh,Daniel,Aaron,Caleb,Nathan,Brandon,Justin,5.0,0.0,4.0,4.0,5.0,0.0,0.0,0.0,5.0,,,,,,,1.0,,,,,,,,,,,14,1,2020_Jan_15_1605,FaceNameBlocked_revised,3.0.0,85.01319473220191,,NaN
93,Male3Block.csv,Aaron2.mp4,Aaron.JPG,Aaron,30.0,M,Timothy,Dylan,Adam,Josh,Daniel,Aaron,Caleb,Nathan,Brandon,Justin,5.0,0.0,4.0,4.0,5.0,,,,,0.0,2.0,2.0,5.0,,,,,, aaron,"['a', 'a', 'r', 'o', 'n']","[7.341654738993384, 7.529444620013237, 7.741238932008855, 7.941717981011607, 8.070821033907123]",5.0,5.0,3.471466642105952,,,14,1,2020_Jan_15_1605,FaceNameBlocked_revised,3.0.0,85.01319473220191,,7.3416547
98,Male3Block.csv,Adam4.mp4,Adam.JPG,Adam,31.0,M,Timothy,Dylan,Adam,Josh,Daniel,Aaron,Caleb,Nathan,Brandon,Justin,2.0,0.0,4.0,4.0,5.0,,,,,0.0,7.0,7.0,2.0,,,,,, adam,"['a', 'd', 'a', 'm']","[1.6585367390653118, 1.8251437700819224, 1.9310561059974134, 2.142632424016483]",4.0,4.0,4.2340880510164425,,,14,1,2020_Jan_15_1605,FaceNameBlocked_revised,3.0.0,85.01319473220191,,1.6585367
82,Male3Block.csv,Adam4.mp4,Adam.JPG,Adam,31.0,M,Timothy,Dylan,Adam,Josh,Daniel,Aaron,Caleb,Nathan,Brandon,Justin,2.0,0.0,4.0,4.0,5.0,0.0,1.0,1.0,2.0,,,,,,,0.0,,,,,,,,,,,14,1,2020_Jan_15_1605,FaceNameBlocked_revised,3.0.0,85.01319473220191,,NaN
101,Fem2Block.csv,Alyssa3.mp4,Alyssa.JPG,Alyssa,0.0,F,Courtney,Julia,Alyssa,Amanda,Megan,Kelsey,Jenna,Hannah,Rachel,Michelle,2.0,0.0,5.0,5.0,1.0,0.0,0.0,0.0,2.0,,,,,,,0.0,,,,,,,,,,,14,1,2020_Jan_15_1605,FaceNameBlocked_revised,3.0.0,85.01319473220191,,NaN
118,Fem2Block.csv,Alyssa3.mp4,Alyssa.JPG,Alyssa,0.0,F,Courtney,Julia,Alyssa,Amanda,Megan,Kelsey,Jenna,Hannah,Rachel,Michelle,2.0,0.0,5.0,5.0,1.0,,,,,0.0,7.0,7.0,2.0,,,,,, alyssa,"['a', 'l', 'y', 's', 's', 'a']","[4.765552417025901, 4.928250650991686, 5.224114440963604, 5.565423018997535, 5.705927322967909, 6.0593046330614015]",5.0,5.0,1.096778500941582,,,14,1,2020_Jan_15_1605,FaceNameBlocked_revised,3.0.0,85.01319473220191,,4.7655524
104,Fem2Block.csv,Amanda3.mp4,Amanda.JPG,Amanda,1.0,F,Courtney,Julia,Alyssa,Amanda,Megan,Kelsey,Jenna,Hannah,Rachel,Michelle,3.0,0.0,5.0,5.0,1.0,0.0,3.0,3.0,3.0,,,,,,,0.0,,,,,,,,,,,14,1,2020_Jan_15_1605,FaceNameBlocked_revised,3.0.0,85.01319473220191,,NaN
116,Fem2Block.csv,Amanda3.mp4,Amanda.JPG,Amanda,1.0,F,Courtney,Julia,Alyssa,Amanda,Megan,Kelsey,Jenna,Hannah,Rachel,Michelle,3.0,0.0,5.0,5.0,1.0,,,,,0.0,5.0,5.0,3.0,,,,,, amanda,"['a', 'm', 'a', 'n', 'd', 'a']","[7.76521510607563, 7.917841013986617, 8.000179321039468, 8.200132269994356, 8.411796124069951, 8.49241913401056]",4.0,4.0,1.744117473019287,,,14,1,2020_Jan_15_1605,FaceNameBlocked_revised,3.0.0,85.01319473220191,,7.7652151
37,Male2Block.csv,Andrew2.mp4,Andrew.JPG,Andrew,32.0,M,Kyle,Eric,Bradley,Michael,Kevin,Matthew,Andrew,Tyler,Trevor,Cody,6.0,0.0,1.0,1.0,4.0,,,,,0.0,6.0,6.0,6.0,,,,,, trevor,"['t', 'r', 'e', 'v', 'o', 'r']","[3.0349124780623242, 3.072117362054996, 3.189943374018185, 3.9194318630034104, 4.1303277760744095, 4.306823204038665]",2.0,4.0,6.598765200935304,,,14,1,2020_Jan_15_1605,FaceNameBlocked_revised,3.0.0,85.01319473220191,,3.0349124
26,Male2Block.csv,Andrew2.mp4,Andrew.JPG,Andrew,32.0,M,Kyle,Eric,Bradley,Michael,Kevin,Matthew,Andrew,Tyler,Trevor,Cody,6.0,0.0,1.0,1.0,4.0,0.0,5.0,5.0,6.0,,,,,,,0.0,,,,,,,,,,,14,1,2020_Jan_15_1605,FaceNameBlocked_revised,3.0.0,85.01319473220191,,NaN
62,Fem3Block.csv,Anna3.mp4,Anna.JPG,Anna,2.0,F,Danielle,Haley,Taylor,Emily,Natalie,Grace,Heather,Lauren,Sarah,Anna,9.0,0.0,3.0,3.0,2.0,0.0,1.0,1.0,9.0,,,,,,,0.0,,,,,,,,,,,14,1,2020_Jan_15_1605,FaceNameBlocked_revised,3.0.0,85.01319473220191,,NaN
80,Fem3Block.csv,Anna3.mp4,Anna.JPG,Anna,2.0,F,Danielle,Haley,Taylor,Emily,Natalie,Grace,Heather,Lauren,Sarah,Anna,9.0,0.0,3.0,3.0,2.0,,,,,0.0,9.0,9.0,9.0,,,,,, ,None,,3.0,3.0,4.624778316938318,,,14,1,2020_Jan_15_1605,FaceNameBlocked_revised,3.0.0,85.01319473220191,,NaN
16,Fem1Block.csv,Ashley3.mp4,Ashley.JPG,Ashley,3.0,F,Kayla,Olivia,Brianna,Ashley,Shelby,Nicole,Katie,Jessica,Rebecca,Brittany,3.0,0.0,0.0,0.0,0.0,,,,,0.0,5.0,5.0,3.0,,,,,, ,None,,5.0,2.0,3.4019669239642103,,,14,1,2020_Jan_15_1605,FaceNameBlocked_revised,3.0.0,85.01319473220191,,NaN
5,Fem1Block.csv,Ashley3.mp4,Ashley.JPG,Ashley,3.0,F,Kayla,Olivia,Brianna,Ashley,Shelby,Nicole,Katie,Jessica,Rebecca,Brittany,3.0,0.0,0.0,0.0,0.0,0.0,4.0,4.0,3.0,,,,,,,0.0,,,,,,,,,,,14,1,2020_Jan_15_1605,FaceNameBlocked_revised,3.0.0,85.01319473220191,,NaN
27,Male2Block.csv,Bradley3.mp4,Bradley.JPG,Bradley,33.0,M,Kyle,Eric,Bradley,Michael,Kevin,Matthew,Andrew,Tyler,Trevor,Cody,2.0,0.0,1.0,1.0,4.0,0.0,6.0,6.0,2.0,,,,,,,0.0,,,,,,,,,,,14,1,2020_Jan_15_1605,FaceNameBlocked_revised,3.0.0,85.01319473220191,,NaN
40,Male2Block.csv,Bradley3.mp4,Bradley.JPG,Bradley,33.0,M,Kyle,Eric,Bradley,Michael,Kevin,Matthew,Andrew,Tyler,Trevor,Cody,2.0,0.0,1.0,1.0,4.0,,,,,0.0,9.0,9.0,2.0,,,,,, bradley,"['b', 'r', 'a', 'd', 'l', 'e', 'y']","[1.6382055280264467, 2.0023731800029054, 2.178422636934556, 2.4486681759590283, 3.1548574019689113, 3.3192149199312553, 3.531307186000049]",4.0,4.0,1.9313390220049769,,,14,1,2020_Jan_15_1605,FaceNameBlocked_revised,3.0.0,85.01319473220191,,1.6382055
85,Male3Block.csv,Brandon2.mp4,Brandon.JPG,Brandon,34.0,M,Timothy,Dylan,Adam,Josh,Daniel,Aaron,Caleb,Nathan,Brandon,Justin,8.0,0.0,4.0,4.0,5.0,0.0,4.0,4.0,8.0,,,,,,,1.0,,,,,,,,,,,14,1,2020_Jan_15_1605,FaceNameBlocked_revised,3.0.0,85.01319473220191,,NaN
94,Male3Block.csv,Brandon2.mp4,Brandon.JPG,Brandon,34.0,M,Timothy,Dylan,Adam,Josh,Daniel,Aaron,Caleb,Nathan,Brandon,Justin,8.0,0.0,4.0,4.0,5.0,,,,,0.0,3.0,3.0,8.0,,,,,, ,None,,2.0,2.0,5.766031876089983,,,14,1,2020_Jan_15_1605,FaceNameBlocked_revised,3.0.0,85.01319473220191,,NaN
45,Male1Block.csv,Brian2.mp4,Brian.JPG,Brian,35.0,M,Jacob,Thomas,David,Ethan,Brian,Steven,Mark,Noah,Jason,Jeremy,4.0,0.0,2.0,2.0,3.0,0.0,4.0,4.0,4.0,,,,,,,1.0,,,,,,,,,,,14,1,2020_Jan_15_1605,FaceNameBlocked_revised,3.0.0,85.01319473220191,,NaN
54,Male1Block.csv,Brian2.mp4,Brian.JPG,Brian,35.0,M,Jacob,Thomas,David,Ethan,Brian,Steven,Mark,Noah,Jason,Jeremy,4.0,0.0,2.0,2.0,3.0,,,,,0.0,3.0,3.0,4.0,,,,,, ,None,,2.0,3.0,4.258156852913089,,,14,1,2020_Jan_15_1605,FaceNameBlocked_revised,3.0.0,85.01319473220191,,NaN
4,Fem1Block.csv,Brianna2.mp4,Brianna.JPG,Brianna,4.0,F,Kayla,Olivia,Brianna,Ashley,Shelby,Nicole,Katie,Jessica,Rebecca,Brittany,2.0,0.0,0.0,0.0,0.0,0.0,3.0,3.0,2.0,,,,,,,0.0,,,,,,,,,,,14,1,2020_Jan_15_1605,FaceNameBlocked_revised,3.0.0,85.01319473220191,,NaN
19,Fem1Block.csv,Brianna2.mp4,Brianna.JPG,Brianna,4.0,F,Kayla,Olivia,Brianna,Ashley,Shelby,Nicole,Katie,Jessica,Rebecca,Brittany,2.0,0.0,0.0,0.0,0.0,,,,,0.0,8.0,8.0,2.0,,,,,, ,None,,1.0,1.0,4.730335689964704,,,14,1,2020_Jan_15_1605,FaceNameBlocked_revised,3.0.0,85.01319473220191,,NaN
2,Fem1Block.csv,Brittany2.mp4,Brittany.JPG,Brittany,5.0,F,Kayla,Olivia,Brianna,Ashley,Shelby,Nicole,Katie,Jessica,Rebecca,Brittany,9.0,0.0,0.0,0.0,0.0,0.0,1.0,1.0,9.0,,,,,,,0.0,,,,,,,,,,,14,1,2020_Jan_15_1605,FaceNameBlocked_revised,3.0.0,85.01319473220191,,NaN
18,Fem1Block.csv,Brittany2.mp4,Brittany.JPG,Brittany,5.0,F,Kayla,Olivia,Brianna,Ashley,Shelby,Nicole,Katie,Jessica,Rebecca,Brittany,9.0,0.0,0.0,0.0,0.0,,,,,0.0,7.0,7.0,9.0,,,,,, jessica,"['j', 's', 'backspace', 'e', 's', 's', 'i', 'c', 'a']","[3.989802172058262, 4.566015374031849, 5.1414955970831215, 5.422042675083503, 5.518351350096054, 5.941692563006654, 6.174728528014384, 6.575087031000294, 6.765268680057488]",1.0,5.0,2.963796264026314,,,14,1,2020_Jan_15_1605,FaceNameBlocked_revised,3.0.0,85.01319473220191,,3.9898021
97,Male3Block.csv,Caleb5.mp4,Caleb.JPG,Caleb,36.0,M,Timothy,Dylan,Adam,Josh,Daniel,Aaron,Caleb,Nathan,Brandon,Justin,6.0,0.0,4.0,4.0,5.0,,,,,0.0,6.0,6.0,6.0,,,,,, caleb,"['c', 'a', 'l', 'e', 'b']","[3.268508443958126, 3.364398238947615, 3.5528527200222015, 3.9172095459653065, 4.211655261926353]",5.0,5.0,3.036579174920917,,,14,1,2020_Jan_15_1605,FaceNameBlocked_revised,3.0.0,85.01319473220191,,3.2685084
90,Male3Block.csv,Caleb5.mp4,Caleb.JPG,Caleb,36.0,M,Timothy,Dylan,Adam,Josh,Daniel,Aaron,Caleb,Nathan,Brandon,Justin,6.0,0.0,4.0,4.0,5.0,0.0,9.0,9.0,6.0,,,,,,,0.0,,,,,,,,,,,14,1,2020_Jan_15_1605,FaceNameBlocked_revised,3.0.0,85.01319473220191,,NaN
29,Male2Block.csv,Cody2.mp4,Cody.JPG,Cody,37.0,M,Kyle,Eric,Bradley,Michael,Kevin,Matthew,Andrew,Tyler,Trevor,Cody,9.0,0.0,1.0,1.0,4.0,0.0,8.0,8.0,9.0,,,,,,,0.0,,,,,,,,,,,14,1,2020_Jan_15_1605,FaceNameBlocked_revised,3.0.0,85.01319473220191,,NaN
31,Male2Block.csv,Cody2.mp4,Cody.JPG,Cody,37.0,M,Kyle,Eric,Bradley,Michael,Kevin,Matthew,Andrew,Tyler,Trevor,Cody,9.0,0.0,1.0,1.0,4.0,,,,,0.0,0.0,0.0,9.0,,,,space,3.931182773085311, kevin,"['k', 'e', 'v', 'i', 'n']","[6.224599122069776, 6.318529198993929, 6.670773110003211, 6.8354413190390915, 6.952501981053501]",4.0,5.0,5.0834262039279565,,,14,1,2020_Jan_15_1605,FaceNameBlocked_revised,3.0.0,85.01319473220191,,6.2245991
107,Fem2Block.csv,Courtney2.mp4,Courtney.JPG,Courtney,6.0,F,Courtney,Julia,Alyssa,Amanda,Megan,Kelsey,Jenna,Hannah,Rachel,Michelle,0.0,0.0,5.0,5.0,1.0,0.0,6.0,6.0,0.0,,,,,,,1.0,,,,,,,,,,,14,1,2020_Jan_15_1605,FaceNameBlocked_revised,3.0.0,85.01319473220191,,NaN
117,Fem2Block.csv,Courtney2.mp4,Courtney.JPG,Courtney,6.0,F,Courtney,Julia,Alyssa,Amanda,Megan,Kelsey,Jenna,Hannah,Rachel,Michelle,0.0,0.0,5.0,5.0,1.0,,,,,0.0,6.0,6.0,0.0,,,,,, b,['b'],[7.224327708943747],2.0,4.0,4.330048926989548,,,14,1,2020_Jan_15_1605,FaceNameBlocked_revised,3.0.0,85.01319473220191,,7.2243277
83,Male3Block.csv,Daniel3.mp4,Daniel.JPG,Daniel,38.0,M,Timothy,Dylan,Adam,Josh,Daniel,Aaron,Caleb,Nathan,Brandon,Justin,4.0,0.0,4.0,4.0,5.0,0.0,2.0,2.0,4.0,,,,,,,1.0,,,,,,,,,,,14,1,2020_Jan_15_1605,FaceNameBlocked_revised,3.0.0,85.01319473220191,,NaN
95,Male3Block.csv,Daniel3.mp4,Daniel.JPG,Daniel,38.0,M,Timothy,Dylan,Adam,Josh,Daniel,Aaron,Caleb,Nathan,Brandon,Justin,4.0,0.0,4.0,4.0,5.0,,,,,0.0,4.0,4.0,4.0,,,,,, justin,"['j', 'u', 's', 't', 'i', 'n', 'return']","[3.2374896680703387, 3.5077179750660434, 3.660743865999393, 3.9077820259844884, 4.0843299550469965, 4.202341709053144, 7.318259323015809]",2.0,4.0,2.131145684048533,,,14,1,2020_Jan_15_1605,FaceNameBlocked_revised,3.0.0,85.01319473220191,,3.2374896
72,Fem3Block.csv,Danielle2.mp4,Danielle.JPG,Danielle,7.0,F,Danielle,Haley,Taylor,Emily,Natalie,Grace,Heather,Lauren,Sarah,Anna,0.0,0.0,3.0,3.0,2.0,,,,,0.0,1.0,1.0,0.0,,,,,, danielle,"['d', 'a', 'n', 'i', 'e', 'l', 'l', 'e']","[2.0024659889750183, 2.1552813600283116, 2.3527955709723756, 3.01420820702333, 3.179075071006082, 3.436877795960754, 3.566219639033079, 3.8961835249792784]",2.0,2.0,1.342904140939936,,,14,1,2020_Jan_15_1605,FaceNameBlocked_revised,3.0.0,85.01319473220191,,2.0024659
63,Fem3Block.csv,Danielle2.mp4,Danielle.JPG,Danielle,7.0,F,Danielle,Haley,Taylor,Emily,Natalie,Grace,Heather,Lauren,Sarah,Anna,0.0,0.0,3.0,3.0,2.0,0.0,2.0,2.0,0.0,,,,,,,1.0,,,,,,,,,,,14,1,2020_Jan_15_1605,FaceNameBlocked_revised,3.0.0,85.01319473220191,,NaN
42,Male1Block.csv,David2.mp4,David.JPG,David,39.0,M,Jacob,Thomas,David,Ethan,Brian,Steven,Mark,Noah,Jason,Jeremy,2.0,0.0,2.0,2.0,3.0,0.0,1.0,1.0,2.0,,,,,,,0.0,,,,,,,,,,,14,1,2020_Jan_15_1605,FaceNameBlocked_revised,3.0.0,85.01319473220191,,NaN
58,Male1Block.csv,David2.mp4,David.JPG,David,39.0,M,Jacob,Thomas,David,Ethan,Brian,Steven,Mark,Noah,Jason,Jeremy,2.0,0.0,2.0,2.0,3.0,,,,,0.0,7.0,7.0,2.0,,,,,, noah,"['n', 'o', 'a', 'h']","[7.093695229035802, 7.4700739099644125, 7.680967894033529, 7.787512590060942]",4.0,5.0,2.4937570260372013,,,14,1,2020_Jan_15_1605,FaceNameBlocked_revised,3.0.0,85.01319473220191,,7.0936952
91,Male3Block.csv,Dylan3.mp4,Dylan.JPG,Dylan,40.0,M,Timothy,Dylan,Adam,Josh,Daniel,Aaron,Caleb,Nathan,Brandon,Justin,1.0,0.0,4.0,4.0,5.0,,,,,0.0,0.0,0.0,1.0,,,,space,3.002459723036736, dillon,"['d', 'i', 'l', 'l', 'o', 'n']","[1.976960694999434, 2.1909105960512534, 2.425868571968749, 2.578714697039686, 2.813482325989753, 2.896766063058749]",2.0,2.0,5.3775188899599025,,,14,1,2020_Jan_15_1605,FaceNameBlocked_revised,3.0.0,85.01319473220191,,1.9769606
86,Male3Block.csv,Dylan3.mp4,Dylan.JPG,Dylan,40.0,M,Timothy,Dylan,Adam,Josh,Daniel,Aaron,Caleb,Nathan,Brandon,Justin,1.0,0.0,4.0,4.0,5.0,0.0,5.0,5.0,1.0,,,,,,,0.0,,,,,,,,,,,14,1,2020_Jan_15_1605,FaceNameBlocked_revised,3.0.0,85.01319473220191,,NaN
70,Fem3Block.csv,Emily5.mp4,Emily.JPG,Emily,8.0,F,Danielle,Haley,Taylor,Emily,Natalie,Grace,Heather,Lauren,Sarah,Anna,3.0,0.0,3.0,3.0,2.0,0.0,9.0,9.0,3.0,,,,,,,0.0,,,,,,,,,,,14,1,2020_Jan_15_1605,FaceNameBlocked_revised,3.0.0,85.01319473220191,,NaN
78,Fem3Block.csv,Emily5.mp4,Emily.JPG,Emily,8.0,F,Danielle,Haley,Taylor,Emily,Natalie,Grace,Heather,Lauren,Sarah,Anna,3.0,0.0,3.0,3.0,2.0,,,,,0.0,7.0,7.0,3.0,,,,,, emily,"['e', 'm', 'i', 'l', 'y']","[7.542078305967152, 7.704984687035903, 7.801016333047301, 8.024450546014123, 8.260097431018949]",4.0,4.0,1.6843388660345229,,,14,1,2020_Jan_15_1605,FaceNameBlocked_revised,3.0.0,85.01319473220191,,7.5420783
34,Male2Block.csv,Eric2.mp4,Eric.JPG,Eric,41.0,M,Kyle,Eric,Bradley,Michael,Kevin,Matthew,Andrew,Tyler,Trevor,Cody,1.0,0.0,1.0,1.0,4.0,,,,,0.0,3.0,3.0,1.0,,,,,, tyler,"['t', 'y', 'l', 'e', 'r']","[2.613578213029541, 2.6490696399705485, 3.8133807739941403, 3.95480274700094, 4.049074135022238]",4.0,5.0,3.3760619070380926,,,14,1,2020_Jan_15_1605,FaceNameBlocked_revised,3.0.0,85.01319473220191,,2.6135782
30,Male2Block.csv,Eric2.mp4,Eric.JPG,Eric,41.0,M,Kyle,Eric,Bradley,Michael,Kevin,Matthew,Andrew,Tyler,Trevor,Cody,1.0,0.0,1.0,1.0,4.0,0.0,9.0,9.0,1.0,,,,,,,0.0,,,,,,,,,,,14,1,2020_Jan_15_1605,FaceNameBlocked_revised,3.0.0,85.01319473220191,,NaN
59,Male1Block.csv,Ethan2.mp4,Ethan.JPG,Ethan,42.0,M,Jacob,Thomas,David,Ethan,Brian,Steven,Mark,Noah,Jason,Jeremy,3.0,0.0,2.0,2.0,3.0,,,,,0.0,8.0,8.0,3.0,,,,,, jason,"['j', 'a', 's', 'o', 'n']","[3.2953311540186405, 3.4457120979204774, 3.5299379649804905, 3.8950909490231425, 3.9769126910250634]",3.0,3.0,5.012351629091427,,,14,1,2020_Jan_15_1605,FaceNameBlocked_revised,3.0.0,85.01319473220191,,3.2953311
46,Male1Block.csv,Ethan2.mp4,Ethan.JPG,Ethan,42.0,M,Jacob,Thomas,David,Ethan,Brian,Steven,Mark,Noah,Jason,Jeremy,3.0,0.0,2.0,2.0,3.0,0.0,5.0,5.0,3.0,,,,,,,0.0,,,,,,,,,,,14,1,2020_Jan_15_1605,FaceNameBlocked_revised,3.0.0,85.01319473220191,,NaN
74,Fem3Block.csv,Grace3.mp4,Grace.JPG,Grace,9.0,F,Danielle,Haley,Taylor,Emily,Natalie,Grace,Heather,Lauren,Sarah,Anna,5.0,0.0,3.0,3.0,2.0,,,,,0.0,3.0,3.0,5.0,,,,,, gracie,"['g', 'r', 'a', 'c', 'i', 'e']","[1.6940245269797742, 1.7901538860751316, 1.8836915040155873, 2.3666146260220557, 2.5185876650502905, 2.624973678961396]",4.0,4.0,2.6960992659442127,,,14,1,2020_Jan_15_1605,FaceNameBlocked_revised,3.0.0,85.01319473220191,,1.6940245
61,Fem3Block.csv,Grace3.mp4,Grace.JPG,Grace,9.0,F,Danielle,Haley,Taylor,Emily,Natalie,Grace,Heather,Lauren,Sarah,Anna,5.0,0.0,3.0,3.0,2.0,0.0,0.0,0.0,5.0,,,,,,,1.0,,,,,,,,,,,14,1,2020_Jan_15_1605,FaceNameBlocked_revised,3.0.0,85.01319473220191,,NaN
76,Fem3Block.csv,Haley2.mp4,Haley.JPG,Haley,10.0,F,Danielle,Haley,Taylor,Emily,Natalie,Grace,Heather,Lauren,Sarah,Anna,1.0,0.0,3.0,3.0,2.0,,,,,0.0,5.0,5.0,1.0,,,,,, haley,"['h', 'a', 'l', 'e', 'y']","[2.1901982240378857, 2.4248273021075875, 2.731047149049118, 2.904686312074773, 3.1047291380818933]",4.0,4.0,3.4836679720319808,,,14,1,2020_Jan_15_1605,FaceNameBlocked_revised,3.0.0,85.01319473220191,,2.1901982
65,Fem3Block.csv,Haley2.mp4,Haley.JPG,Haley,10.0,F,Danielle,Haley,Taylor,Emily,Natalie,Grace,Heather,Lauren,Sarah,Anna,1.0,0.0,3.0,3.0,2.0,0.0,4.0,4.0,1.0,,,,,,,0.0,,,,,,,,,,,14,1,2020_Jan_15_1605,FaceNameBlocked_revised,3.0.0,85.01319473220191,,NaN
110,Fem2Block.csv,Hannah2.mp4,Hannah.JPG,Hannah,11.0,F,Courtney,Julia,Alyssa,Amanda,Megan,Kelsey,Jenna,Hannah,Rachel,Michelle,7.0,0.0,5.0,5.0,1.0,0.0,9.0,9.0,7.0,,,,,,,1.0,,,,,,,,,,,14,1,2020_Jan_15_1605,FaceNameBlocked_revised,3.0.0,85.01319473220191,,NaN
113,Fem2Block.csv,Hannah2.mp4,Hannah.JPG,Hannah,11.0,F,Courtney,Julia,Alyssa,Amanda,Megan,Kelsey,Jenna,Hannah,Rachel,Michelle,7.0,0.0,5.0,5.0,1.0,,,,,0.0,2.0,2.0,7.0,,,,,, hannah,"['h', 'a', 'n', 'n', 'a', 'h']","[2.7198042690288275, 3.202502249972895, 3.790271418984048, 3.9667381360195577, 4.093500870047137, 4.742818373953924]",3.0,3.0,1.3556634940905496,,,14,1,2020_Jan_15_1605,FaceNameBlocked_revised,3.0.0,85.01319473220191,,2.7198042
69,Fem3Block.csv,Heather3.mp4,Heather.JPG,Heather,12.0,F,Danielle,Haley,Taylor,Emily,Natalie,Grace,Heather,Lauren,Sarah,Anna,6.0,0.0,3.0,3.0,2.0,0.0,8.0,8.0,6.0,,,,,,,0.0,,,,,,,,,,,14,1,2020_Jan_15_1605,FaceNameBlocked_revised,3.0.0,85.01319473220191,,NaN
73,Fem3Block.csv,Heather3.mp4,Heather.JPG,Heather,12.0,F,Danielle,Haley,Taylor,Emily,Natalie,Grace,Heather,Lauren,Sarah,Anna,6.0,0.0,3.0,3.0,2.0,,,,,0.0,2.0,2.0,6.0,,,,,, heather,"['h', 'e', 'a', 't', 'h', 'e', 'r']","[1.614760264987126, 1.8708418159512803, 1.9436666530091316, 2.1906765958992764, 2.3318582070060074, 2.447489872924052, 2.4969345149584115]",2.0,2.0,1.2137948790332302,,,14,1,2020_Jan_15_1605,FaceNameBlocked_revised,3.0.0,85.01319473220191,,1.6147602
49,Male1Block.csv,Jacob3.mp4,Jacob.JPG,Jacob,43.0,M,Jacob,Thomas,David,Ethan,Brian,Steven,Mark,Noah,Jason,Jeremy,0.0,0.0,2.0,2.0,3.0,0.0,8.0,8.0,0.0,,,,,,,1.0,,,,,,,,,,,14,1,2020_Jan_15_1605,FaceNameBlocked_revised,3.0.0,85.01319473220191,,NaN
52,Male1Block.csv,Jacob3.mp4,Jacob.JPG,Jacob,43.0,M,Jacob,Thomas,David,Ethan,Brian,Steven,Mark,Noah,Jason,Jeremy,0.0,0.0,2.0,2.0,3.0,,,,,0.0,1.0,1.0,0.0,,,,,, jacob,"['j', 'a', 'c', 'o', 'b']","[2.884150019963272, 3.1309373889816925, 3.4359457989921793, 3.5891254189191386, 3.929715088917874]",2.0,2.0,0.9906722489977255,,,14,1,2020_Jan_15_1605,FaceNameBlocked_revised,3.0.0,85.01319473220191,,2.8841500
55,Male1Block.csv,Jason4.mp4,Jason.JPG,Jason,44.0,M,Jacob,Thomas,David,Ethan,Brian,Steven,Mark,Noah,Jason,Jeremy,8.0,0.0,2.0,2.0,3.0,,,,,0.0,4.0,4.0,8.0,,,,,, ,None,,1.0,3.0,5.4484168039634815,,,14,1,2020_Jan_15_1605,FaceNameBlocked_revised,3.0.0,85.01319473220191,,NaN
43,Male1Block.csv,Jason4.mp4,Jason.JPG,Jason,44.0,M,Jacob,Thomas,David,Ethan,Brian,Steven,Mark,Noah,Jason,Jeremy,8.0,0.0,2.0,2.0,3.0,0.0,2.0,2.0,8.0,,,,,,,1.0,,,,,,,,,,,14,1,2020_Jan_15_1605,FaceNameBlocked_revised,3.0.0,85.01319473220191,,NaN
120,Fem2Block.csv,Jenna4.mp4,Jenna.JPG,Jenna,13.0,F,Courtney,Julia,Alyssa,Amanda,Megan,Kelsey,Jenna,Hannah,Rachel,Michelle,6.0,0.0,5.0,5.0,1.0,,,,,0.0,9.0,9.0,6.0,,,,,, ,None,,1.0,4.0,4.481757614994422,,,14,1,2020_Jan_15_1605,FaceNameBlocked_revised,3.0.0,85.01319473220191,,NaN
108,Fem2Block.csv,Jenna4.mp4,Jenna.JPG,Jenna,13.0,F,Courtney,Julia,Alyssa,Amanda,Megan,Kelsey,Jenna,Hannah,Rachel,Michelle,6.0,0.0,5.0,5.0,1.0,0.0,7.0,7.0,6.0,,,,,,,0.0,,,,,,,,,,,14,1,2020_Jan_15_1605,FaceNameBlocked_revised,3.0.0,85.01319473220191,,NaN
41,Male1Block.csv,Jeremy2.mp4,Jeremy.JPG,Jeremy,45.0,M,Jacob,Thomas,David,Ethan,Brian,Steven,Mark,Noah,Jason,Jeremy,9.0,0.0,2.0,2.0,3.0,0.0,0.0,0.0,9.0,,,,,,,0.0,,,,,,,,,,,14,1,2020_Jan_15_1605,FaceNameBlocked_revised,3.0.0,85.01319473220191,,NaN
51,Male1Block.csv,Jeremy2.mp4,Jeremy.JPG,Jeremy,45.0,M,Jacob,Thomas,David,Ethan,Brian,Steven,Mark,Noah,Jason,Jeremy,9.0,0.0,2.0,2.0,3.0,,,,,0.0,0.0,0.0,9.0,,,,space,5.0251814449438825, jeremy,"['j', 'e', 'r', 'e', 'y', 'backspace', 'm', 'y']","[6.389363166992553, 6.50642280804459, 6.706579304067418, 6.882680288981646, 7.2943305070512, 7.940581153030507, 8.49416578898672, 8.72965107706841]",1.0,1.0,1.8235734509071333,,,14,1,2020_Jan_15_1605,FaceNameBlocked_revised,3.0.0,85.01319473220191,,6.3893631
20,Fem1Block.csv,Jessica2.mp4,Jessica.JPG,Jessica,14.0,F,Kayla,Olivia,Brianna,Ashley,Shelby,Nicole,Katie,Jessica,Rebecca,Brittany,7.0,0.0,0.0,0.0,0.0,,,,,0.0,9.0,9.0,7.0,,,,,, ,None,,3.0,3.0,3.7048856379697104,,,14,1,2020_Jan_15_1605,FaceNameBlocked_revised,3.0.0,85.01319473220191,,NaN
6,Fem1Block.csv,Jessica2.mp4,Jessica.JPG,Jessica,14.0,F,Kayla,Olivia,Brianna,Ashley,Shelby,Nicole,Katie,Jessica,Rebecca,Brittany,7.0,0.0,0.0,0.0,0.0,0.0,5.0,5.0,7.0,,,,,,,1.0,,,,,,,,,,,14,1,2020_Jan_15_1605,FaceNameBlocked_revised,3.0.0,85.01319473220191,,NaN
87,Male3Block.csv,Josh3.mp4,Josh.JPG,Josh,46.0,M,Timothy,Dylan,Adam,Josh,Daniel,Aaron,Caleb,Nathan,Brandon,Justin,3.0,0.0,4.0,4.0,5.0,0.0,6.0,6.0,3.0,,,,,,,0.0,,,,,,,,,,,14,1,2020_Jan_15_1605,FaceNameBlocked_revised,3.0.0,85.01319473220191,,NaN
100,Male3Block.csv,Josh3.mp4,Josh.JPG,Josh,46.0,M,Timothy,Dylan,Adam,Josh,Daniel,Aaron,Caleb,Nathan,Brandon,Justin,3.0,0.0,4.0,4.0,5.0,,,,,0.0,9.0,9.0,3.0,,,,,, josh,"['j', 'o', 's', 'h']","[1.7673709189984947, 1.870332475984469, 2.096224338049069, 2.519812356098555]",4.0,4.0,2.766963016008958,,,14,1,2020_Jan_15_1605,FaceNameBlocked_revised,3.0.0,85.01319473220191,,1.7673709
114,Fem2Block.csv,Julia2.mp4,Julia.JPG,Julia,15.0,F,Courtney,Julia,Alyssa,Amanda,Megan,Kelsey,Jenna,Hannah,Rachel,Michelle,1.0,0.0,5.0,5.0,1.0,,,,,0.0,3.0,3.0,1.0,,,,,, julia,"['j', 'u', 'l', 'i', 'a']","[1.6010467039886862, 1.8370639130007476, 2.2595578290056437, 2.566143999923952, 2.812681669020094]",5.0,5.0,1.108645076979883,,,14,1,2020_Jan_15_1605,FaceNameBlocked_revised,3.0.0,85.01319473220191,,1.6010467
109,Fem2Block.csv,Julia2.mp4,Julia.JPG,Julia,15.0,F,Courtney,Julia,Alyssa,Amanda,Megan,Kelsey,Jenna,Hannah,Rachel,Michelle,1.0,0.0,5.0,5.0,1.0,0.0,8.0,8.0,1.0,,,,,,,0.0,,,,,,,,,,,14,1,2020_Jan_15_1605,FaceNameBlocked_revised,3.0.0,85.01319473220191,,NaN
92,Male3Block.csv,Justin2.mp4,Justin.JPG,Justin,47.0,M,Timothy,Dylan,Adam,Josh,Daniel,Aaron,Caleb,Nathan,Brandon,Justin,9.0,0.0,4.0,4.0,5.0,,,,,0.0,1.0,1.0,9.0,,,,,, ,None,,2.0,3.0,8.459173710085452,,,14,1,2020_Jan_15_1605,FaceNameBlocked_revised,3.0.0,85.01319473220191,,NaN
84,Male3Block.csv,Justin2.mp4,Justin.JPG,Justin,47.0,M,Timothy,Dylan,Adam,Josh,Daniel,Aaron,Caleb,Nathan,Brandon,Justin,9.0,0.0,4.0,4.0,5.0,0.0,3.0,3.0,9.0,,,,,,,0.0,,,,,,,,,,,14,1,2020_Jan_15_1605,FaceNameBlocked_revised,3.0.0,85.01319473220191,,NaN
3,Fem1Block.csv,Katie2.mp4,Katie.JPG,Katie,16.0,F,Kayla,Olivia,Brianna,Ashley,Shelby,Nicole,Katie,Jessica,Rebecca,Brittany,6.0,0.0,0.0,0.0,0.0,0.0,2.0,2.0,6.0,,,,,,,0.0,,,,,,,,,,,14,1,2020_Jan_15_1605,FaceNameBlocked_revised,3.0.0,85.01319473220191,,NaN
15,Fem1Block.csv,Katie2.mp4,Katie.JPG,Katie,16.0,F,Kayla,Olivia,Brianna,Ashley,Shelby,Nicole,Katie,Jessica,Rebecca,Brittany,6.0,0.0,0.0,0.0,0.0,,,,,0.0,4.0,4.0,6.0,,,,,, k,['k'],[9.833416618057527],4.0,4.0,2.31677546503488,,,14,1,2020_Jan_15_1605,FaceNameBlocked_revised,3.0.0,85.01319473220191,,9.8334166
9,Fem1Block.csv,Kayla3.mp4,Kayla.JPG,Kayla,17.0,F,Kayla,Olivia,Brianna,Ashley,Shelby,Nicole,Katie,Jessica,Rebecca,Brittany,0.0,0.0,0.0,0.0,0.0,0.0,8.0,8.0,0.0,,,,,,,1.0,,,,,,,,,,,14,1,2020_Jan_15_1605,FaceNameBlocked_revised,3.0.0,85.01319473220191,,NaN
14,Fem1Block.csv,Kayla3.mp4,Kayla.JPG,Kayla,17.0,F,Kayla,Olivia,Brianna,Ashley,Shelby,Nicole,Katie,Jessica,Rebecca,Brittany,0.0,0.0,0.0,0.0,0.0,,,,,0.0,3.0,3.0,0.0,,,,,, kayla,"['k', 'a', 'y', 'l', 'a']","[5.91815854399465, 6.071055809035897, 6.270608671009541, 6.846876049996354, 7.056728387018666]",1.0,1.0,2.989986625034362,,,14,1,2020_Jan_15_1605,FaceNameBlocked_revised,3.0.0,85.01319473220191,,5.9181585
111,Fem2Block.csv,Kelsey2.mp4,Kelsey.JPG,Kelsey,18.0,F,Courtney,Julia,Alyssa,Amanda,Megan,Kelsey,Jenna,Hannah,Rachel,Michelle,5.0,0.0,5.0,5.0,1.0,,,,,0.0,0.0,0.0,5.0,,,,space,1.7201130900066346, ,None,,4.0,4.0,4.9423872199840835,,,14,1,2020_Jan_15_1605,FaceNameBlocked_revised,3.0.0,85.01319473220191,,NaN
102,Fem2Block.csv,Kelsey2.mp4,Kelsey.JPG,Kelsey,18.0,F,Courtney,Julia,Alyssa,Amanda,Megan,Kelsey,Jenna,Hannah,Rachel,Michelle,5.0,0.0,5.0,5.0,1.0,0.0,1.0,1.0,5.0,,,,,,,1.0,,,,,,,,,,,14,1,2020_Jan_15_1605,FaceNameBlocked_revised,3.0.0,85.01319473220191,,NaN
36,Male2Block.csv,Kevin2.mp4,Kevin.JPG,Kevin,48.0,M,Kyle,Eric,Bradley,Michael,Kevin,Matthew,Andrew,Tyler,Trevor,Cody,4.0,0.0,1.0,1.0,4.0,,,,,0.0,5.0,5.0,4.0,,,,,, kevin,"['k', 'e', 'v', 'i', 'n']","[4.707647631061263, 4.801389703061432, 5.130381761002354, 5.248439528979361, 5.330664111999795]",3.0,3.0,5.162913758889772,,,14,1,2020_Jan_15_1605,FaceNameBlocked_revised,3.0.0,85.01319473220191,,4.7076476
25,Male2Block.csv,Kevin2.mp4,Kevin.JPG,Kevin,48.0,M,Kyle,Eric,Bradley,Michael,Kevin,Matthew,Andrew,Tyler,Trevor,Cody,4.0,0.0,1.0,1.0,4.0,0.0,4.0,4.0,4.0,,,,,,,1.0,,,,,,,,,,,14,1,2020_Jan_15_1605,FaceNameBlocked_revised,3.0.0,85.01319473220191,,NaN
32,Male2Block.csv,Kyle3.mp4,Kyle.JPG,Kyle,49.0,M,Kyle,Eric,Bradley,Michael,Kevin,Matthew,Andrew,Tyler,Trevor,Cody,0.0,0.0,1.0,1.0,4.0,,,,,0.0,1.0,1.0,0.0,,,,,, kyle,"['k', 'y', 'l', 'e']","[1.283982485998422, 1.6958467579679564, 2.2723498430568725, 2.3897796069504693]",2.0,2.0,1.8375920789549127,,,14,1,2020_Jan_15_1605,FaceNameBlocked_revised,3.0.0,85.01319473220191,,1.2839824
28,Male2Block.csv,Kyle3.mp4,Kyle.JPG,Kyle,49.0,M,Kyle,Eric,Bradley,Michael,Kevin,Matthew,Andrew,Tyler,Trevor,Cody,0.0,0.0,1.0,1.0,4.0,0.0,7.0,7.0,0.0,,,,,,,1.0,,,,,,,,,,,14,1,2020_Jan_15_1605,FaceNameBlocked_revised,3.0.0,85.01319473220191,,NaN
68,Fem3Block.csv,Lauren4.mp4,Lauren.JPG,Lauren,19.0,F,Danielle,Haley,Taylor,Emily,Natalie,Grace,Heather,Lauren,Sarah,Anna,7.0,0.0,3.0,3.0,2.0,0.0,7.0,7.0,7.0,,,,,,,1.0,,,,,,,,,,,14,1,2020_Jan_15_1605,FaceNameBlocked_revised,3.0.0,85.01319473220191,,NaN
77,Fem3Block.csv,Lauren4.mp4,Lauren.JPG,Lauren,19.0,F,Danielle,Haley,Taylor,Emily,Natalie,Grace,Heather,Lauren,Sarah,Anna,7.0,0.0,3.0,3.0,2.0,,,,,0.0,6.0,6.0,7.0,,,,,, lauren,"['l', 'a', 'u', 'r', 'e', 'm', 'backspace', 'n']","[2.7432652200805023, 2.908390387077816, 3.1667276360094547, 3.366979130078107, 3.5432164310477674, 3.7426295010372996, 4.706299587036483, 5.175532120047137]",2.0,2.0,1.4841761959251016,,,14,1,2020_Jan_15_1605,FaceNameBlocked_revised,3.0.0,85.01319473220191,,2.7432652
47,Male1Block.csv,Mark3.mp4,Mark.JPG,Mark,50.0,M,Jacob,Thomas,David,Ethan,Brian,Steven,Mark,Noah,Jason,Jeremy,6.0,0.0,2.0,2.0,3.0,0.0,6.0,6.0,6.0,,,,,,,0.0,,,,,,,,,,,14,1,2020_Jan_15_1605,FaceNameBlocked_revised,3.0.0,85.01319473220191,,NaN
56,Male1Block.csv,Mark3.mp4,Mark.JPG,Mark,50.0,M,Jacob,Thomas,David,Ethan,Brian,Steven,Mark,Noah,Jason,Jeremy,6.0,0.0,2.0,2.0,3.0,,,,,0.0,5.0,5.0,6.0,,,,,, mark,"['m', 'a', 'r', 'k']","[1.4600985440192744, 1.6349527490092441, 1.9309899270301685, 2.1428550969576463]",5.0,5.0,2.188498432049528,,,14,1,2020_Jan_15_1605,FaceNameBlocked_revised,3.0.0,85.01319473220191,,1.4600985
23,Male2Block.csv,Matthew2.mp4,Matthew.JPG,Matthew,51.0,M,Kyle,Eric,Bradley,Michael,Kevin,Matthew,Andrew,Tyler,Trevor,Cody,5.0,0.0,1.0,1.0,4.0,0.0,2.0,2.0,5.0,,,,,,,1.0,,,,,,,,,,,14,1,2020_Jan_15_1605,FaceNameBlocked_revised,3.0.0,85.01319473220191,,NaN
33,Male2Block.csv,Matthew2.mp4,Matthew.JPG,Matthew,51.0,M,Kyle,Eric,Bradley,Michael,Kevin,Matthew,Andrew,Tyler,Trevor,Cody,5.0,0.0,1.0,1.0,4.0,,,,,0.0,2.0,2.0,5.0,,,,,, cody,"['c', 'o', 'd', 'y']","[1.6735115819610655, 1.8845985879888758, 2.1314615909941494, 2.46061656891834]",1.0,4.0,1.870457337005064,,,14,1,2020_Jan_15_1605,FaceNameBlocked_revised,3.0.0,85.01319473220191,,1.6735115
105,Fem2Block.csv,Megan2.mp4,Megan.JPG,Megan,20.0,F,Courtney,Julia,Alyssa,Amanda,Megan,Kelsey,Jenna,Hannah,Rachel,Michelle,4.0,0.0,5.0,5.0,1.0,0.0,4.0,4.0,4.0,,,,,,,1.0,,,,,,,,,,,14,1,2020_Jan_15_1605,FaceNameBlocked_revised,3.0.0,85.01319473220191,,NaN
115,Fem2Block.csv,Megan2.mp4,Megan.JPG,Megan,20.0,F,Courtney,Julia,Alyssa,Amanda,Megan,Kelsey,Jenna,Hannah,Rachel,Michelle,4.0,0.0,5.0,5.0,1.0,,,,,0.0,4.0,4.0,4.0,,,,,, megan,"['m', 'e', 'g', 'a', 'n', 'lshift', 'question']","[5.953068281989545, 6.11841020907741, 6.318254398996942, 6.518019340001047, 6.706249337992631, 8.362742503988557, 8.575945807038806]",1.0,1.0,2.1753668120363727,,,14,1,2020_Jan_15_1605,FaceNameBlocked_revised,3.0.0,85.01319473220191,,5.9530682
21,Male2Block.csv,Michael2.mp4,Michael.JPG,Michael,52.0,M,Kyle,Eric,Bradley,Michael,Kevin,Matthew,Andrew,Tyler,Trevor,Cody,3.0,0.0,1.0,1.0,4.0,0.0,0.0,0.0,3.0,,,,,,,0.0,,,,,,,,,,,14,1,2020_Jan_15_1605,FaceNameBlocked_revised,3.0.0,85.01319473220191,,NaN
35,Male2Block.csv,Michael2.mp4,Michael.JPG,Michael,52.0,M,Kyle,Eric,Bradley,Michael,Kevin,Matthew,Andrew,Tyler,Trevor,Cody,3.0,0.0,1.0,1.0,4.0,,,,,0.0,4.0,4.0,3.0,,,,,, ,None,,4.0,4.0,5.071037646033801,,,14,1,2020_Jan_15_1605,FaceNameBlocked_revised,3.0.0,85.01319473220191,,NaN
106,Fem2Block.csv,Michelle2.mp4,Michelle.JPG,Michelle,21.0,F,Courtney,Julia,Alyssa,Amanda,Megan,Kelsey,Jenna,Hannah,Rachel,Michelle,9.0,0.0,5.0,5.0,1.0,0.0,5.0,5.0,9.0,,,,,,,0.0,,,,,,,,,,,14,1,2020_Jan_15_1605,FaceNameBlocked_revised,3.0.0,85.01319473220191,,NaN
112,Fem2Block.csv,Michelle2.mp4,Michelle.JPG,Michelle,21.0,F,Courtney,Julia,Alyssa,Amanda,Megan,Kelsey,Jenna,Hannah,Rachel,Michelle,9.0,0.0,5.0,5.0,1.0,,,,,0.0,1.0,1.0,9.0,,,,,, michelle,"['m', 'i', 'c', 'h', 'e', 'l', 'l', 'e']","[2.0613086780067533, 2.154997047036886, 2.4489380260929465, 2.6258383840322495, 2.9541448570089415, 3.2836568410275504, 3.4956343340454623, 3.977975923102349]",4.0,4.0,4.67253638303373,,,14,1,2020_Jan_15_1605,FaceNameBlocked_revised,3.0.0,85.01319473220191,,2.0613086
75,Fem3Block.csv,Natalie3.mp4,Natalie.JPG,Natalie,22.0,F,Danielle,Haley,Taylor,Emily,Natalie,Grace,Heather,Lauren,Sarah,Anna,4.0,0.0,3.0,3.0,2.0,,,,,0.0,4.0,4.0,4.0,,,,,, sarah,"['s', 'a', 'r', 'a', 'h']","[6.8590362089453265, 7.035568149993196, 7.482133144978434, 7.762741799931973, 8.305977810989134]",2.0,2.0,4.541669251048006,,,14,1,2020_Jan_15_1605,FaceNameBlocked_revised,3.0.0,85.01319473220191,,6.8590362
64,Fem3Block.csv,Natalie3.mp4,Natalie.JPG,Natalie,22.0,F,Danielle,Haley,Taylor,Emily,Natalie,Grace,Heather,Lauren,Sarah,Anna,4.0,0.0,3.0,3.0,2.0,0.0,3.0,3.0,4.0,,,,,,,1.0,,,,,,,,,,,14,1,2020_Jan_15_1605,FaceNameBlocked_revised,3.0.0,85.01319473220191,,NaN
99,Male3Block.csv,Nathan3.mp4,Nathan.JPG,Nathan,53.0,M,Timothy,Dylan,Adam,Josh,Daniel,Aaron,Caleb,Nathan,Brandon,Justin,7.0,0.0,4.0,4.0,5.0,,,,,0.0,8.0,8.0,7.0,,,,,, nathan,"['n', 'a', 'h', 'backspace', 't', 'a', 'n', 'backspace', 'backspace', 'h', 'a', 'n']","[4.400790117913857, 4.518334241933189, 4.8721784859662876, 5.353244573925622, 5.530061866971664, 5.800316278939135, 5.9539031978929415, 6.4222689679590985, 6.553572326898575, 6.988145884941332, 7.117756058927625, 7.212098229909316]",3.0,3.0,1.8590984840411693,,,14,1,2020_Jan_15_1605,FaceNameBlocked_revised,3.0.0,85.01319473220191,,4.4007901
88,Male3Block.csv,Nathan3.mp4,Nathan.JPG,Nathan,53.0,M,Timothy,Dylan,Adam,Josh,Daniel,Aaron,Caleb,Nathan,Brandon,Justin,7.0,0.0,4.0,4.0,5.0,0.0,7.0,7.0,7.0,,,,,,,1.0,,,,,,,,,,,14,1,2020_Jan_15_1605,FaceNameBlocked_revised,3.0.0,85.01319473220191,,NaN
7,Fem1Block.csv,Nicole2.mp4,Nicole.JPG,Nicole,23.0,F,Kayla,Olivia,Brianna,Ashley,Shelby,Nicole,Katie,Jessica,Rebecca,Brittany,5.0,0.0,0.0,0.0,0.0,0.0,6.0,6.0,5.0,,,,,,,1.0,,,,,,,,,,,14,1,2020_Jan_15_1605,FaceNameBlocked_revised,3.0.0,85.01319473220191,,NaN
11,Fem1Block.csv,Nicole2.mp4,Nicole.JPG,Nicole,23.0,F,Kayla,Olivia,Brianna,Ashley,Shelby,Nicole,Katie,Jessica,Rebecca,Brittany,5.0,0.0,0.0,0.0,0.0,,,,,0.0,0.0,0.0,5.0,,,,space,17.785708162002265, nicole ,"['n', 'i', 'c', 'o', 'l', 'e', 'return', 'space']","[2.613948983955197, 2.861110163037665, 3.448135058977641, 3.648051899042912, 3.8252293380210176, 3.966334694996476, 4.38852727401536, 5.495502308942378]",3.0,3.0,4.565329874982126,,,14,1,2020_Jan_15_1605,FaceNameBlocked_revised,3.0.0,85.01319473220191,,2.6139489
57,Male1Block.csv,Noah2.mp4,Noah.JPG,Noah,54.0,M,Jacob,Thomas,David,Ethan,Brian,Steven,Mark,Noah,Jason,Jeremy,7.0,0.0,2.0,2.0,3.0,,,,,0.0,6.0,6.0,7.0,,,,,, ,None,,1.0,5.0,4.762545010074972,,,14,1,2020_Jan_15_1605,FaceNameBlocked_revised,3.0.0,85.01319473220191,,NaN
44,Male1Block.csv,Noah2.mp4,Noah.JPG,Noah,54.0,M,Jacob,Thomas,David,Ethan,Brian,Steven,Mark,Noah,Jason,Jeremy,7.0,0.0,2.0,2.0,3.0,0.0,3.0,3.0,7.0,,,,,,,1.0,,,,,,,,,,,14,1,2020_Jan_15_1605,FaceNameBlocked_revised,3.0.0,85.01319473220191,,NaN
1,Fem1Block.csv,Olivia3.mp4,Olivia.JPG,Olivia,24.0,F,Kayla,Olivia,Brianna,Ashley,Shelby,Nicole,Katie,Jessica,Rebecca,Brittany,1.0,0.0,0.0,0.0,0.0,0.0,0.0,0.0,1.0,,,,,,,0.0,,,,,,,,,,,14,1,2020_Jan_15_1605,FaceNameBlocked_revised,3.0.0,85.01319473220191,,NaN
12,Fem1Block.csv,Olivia3.mp4,Olivia.JPG,Olivia,24.0,F,Kayla,Olivia,Brianna,Ashley,Shelby,Nicole,Katie,Jessica,Rebecca,Brittany,1.0,0.0,0.0,0.0,0.0,,,,,0.0,1.0,1.0,1.0,,,,,, ,None,,4.0,4.0,4.36528833094053,,,14,1,2020_Jan_15_1605,FaceNameBlocked_revised,3.0.0,85.01319473220191,,NaN
103,Fem2Block.csv,Rachel3.mp4,Rachel.JPG,Rachel,25.0,F,Courtney,Julia,Alyssa,Amanda,Megan,Kelsey,Jenna,Hannah,Rachel,Michelle,8.0,0.0,5.0,5.0,1.0,0.0,2.0,2.0,8.0,,,,,,,1.0,,,,,,,,,,,14,1,2020_Jan_15_1605,FaceNameBlocked_revised,3.0.0,85.01319473220191,,NaN
119,Fem2Block.csv,Rachel3.mp4,Rachel.JPG,Rachel,25.0,F,Courtney,Julia,Alyssa,Amanda,Megan,Kelsey,Jenna,Hannah,Rachel,Michelle,8.0,0.0,5.0,5.0,1.0,,,,,0.0,8.0,8.0,8.0,,,,,, ,None,,3.0,2.0,5.836507042055018,,,14,1,2020_Jan_15_1605,FaceNameBlocked_revised,3.0.0,85.01319473220191,,NaN
8,Fem1Block.csv,Rebecca3.mp4,Rebecca.JPG,Rebecca,26.0,F,Kayla,Olivia,Brianna,Ashley,Shelby,Nicole,Katie,Jessica,Rebecca,Brittany,8.0,0.0,0.0,0.0,0.0,0.0,7.0,7.0,8.0,,,,,,,1.0,,,,,,,,,,,14,1,2020_Jan_15_1605,FaceNameBlocked_revised,3.0.0,85.01319473220191,,NaN
13,Fem1Block.csv,Rebecca3.mp4,Rebecca.JPG,Rebecca,26.0,F,Kayla,Olivia,Brianna,Ashley,Shelby,Nicole,Katie,Jessica,Rebecca,Brittany,8.0,0.0,0.0,0.0,0.0,,,,,0.0,2.0,2.0,8.0,,,,,, rebecca,"['r', 'e', 'b', 'e', 'c', 'c', 'a']","[2.588912148028612, 2.6590834989910945, 2.9171994749922305, 3.035672732978128, 3.4586818990064785, 3.5765635509742424, 3.8701398900011554]",2.0,5.0,5.624739729100837,,,14,1,2020_Jan_15_1605,FaceNameBlocked_revised,3.0.0,85.01319473220191,,2.5889121
79,Fem3Block.csv,Sarah2.mp4,Sarah.JPG,Sarah,27.0,F,Danielle,Haley,Taylor,Emily,Natalie,Grace,Heather,Lauren,Sarah,Anna,8.0,0.0,3.0,3.0,2.0,,,,,0.0,8.0,8.0,8.0,,,,,, sarah,"['s', 'a', 'r', 'a', 'h']","[1.2603746079839766, 1.3551006980706006, 1.5658979350700974, 1.683792466064915, 1.9660403110319749]",5.0,5.0,2.1989966690307483,,,14,1,2020_Jan_15_1605,FaceNameBlocked_revised,3.0.0,85.01319473220191,,1.2603746
66,Fem3Block.csv,Sarah2.mp4,Sarah.JPG,Sarah,27.0,F,Danielle,Haley,Taylor,Emily,Natalie,Grace,Heather,Lauren,Sarah,Anna,8.0,0.0,3.0,3.0,2.0,0.0,5.0,5.0,8.0,,,,,,,1.0,,,,,,,,,,,14,1,2020_Jan_15_1605,FaceNameBlocked_revised,3.0.0,85.01319473220191,,NaN
10,Fem1Block.csv,Shelby2.mp4,Shelby.JPG,Shelby,28.0,F,Kayla,Olivia,Brianna,Ashley,Shelby,Nicole,Katie,Jessica,Rebecca,Brittany,4.0,0.0,0.0,0.0,0.0,0.0,9.0,9.0,4.0,,,,,,,1.0,,,,,,,,,,,14,1,2020_Jan_15_1605,FaceNameBlocked_revised,3.0.0,85.01319473220191,,NaN
17,Fem1Block.csv,Shelby2.mp4,Shelby.JPG,Shelby,28.0,F,Kayla,Olivia,Brianna,Ashley,Shelby,Nicole,Katie,Jessica,Rebecca,Brittany,4.0,0.0,0.0,0.0,0.0,,,,,0.0,6.0,6.0,4.0,,,,,, shelby,"['s', 'h', 'e', 'l', 'b', 'y']","[5.5770111619494855, 5.83320365997497, 6.000793913961388, 6.223366922931746, 6.505431204917841, 6.659132892964408]",1.0,1.0,1.531977007049136,,,14,1,2020_Jan_15_1605,FaceNameBlocked_revised,3.0.0,85.01319473220191,,5.5770111
60,Male1Block.csv,Steven2.mp4,Steven.JPG,Steven,55.0,M,Jacob,Thomas,David,Ethan,Brian,Steven,Mark,Noah,Jason,Jeremy,5.0,0.0,2.0,2.0,3.0,,,,,0.0,9.0,9.0,5.0,,,,,, steven,"['s', 't', 'e', 'v', 'e', 'n']","[1.6491593249375, 2.022642030962743, 2.166503240005113, 2.5193370869383216, 3.0606754139298573, 3.223151184967719]",1.0,1.0,1.4242644580081103,,,14,1,2020_Jan_15_1605,FaceNameBlocked_revised,3.0.0,85.01319473220191,,1.6491593
48,Male1Block.csv,Steven2.mp4,Steven.JPG,Steven,55.0,M,Jacob,Thomas,David,Ethan,Brian,Steven,Mark,Noah,Jason,Jeremy,5.0,0.0,2.0,2.0,3.0,0.0,7.0,7.0,5.0,,,,,,,1.0,,,,,,,,,,,14,1,2020_Jan_15_1605,FaceNameBlocked_revised,3.0.0,85.01319473220191,,NaN
71,Fem3Block.csv,Taylor4.mp4,Taylor.JPG,Taylor,29.0,F,Danielle,Haley,Taylor,Emily,Natalie,Grace,Heather,Lauren,Sarah,Anna,2.0,0.0,3.0,3.0,2.0,,,,,0.0,0.0,0.0,2.0,,,,space,1.77945011400152, ,None,,1.0,1.0,4.554032542975619,,,14,1,2020_Jan_15_1605,FaceNameBlocked_revised,3.0.0,85.01319473220191,,NaN
67,Fem3Block.csv,Taylor4.mp4,Taylor.JPG,Taylor,29.0,F,Danielle,Haley,Taylor,Emily,Natalie,Grace,Heather,Lauren,Sarah,Anna,2.0,0.0,3.0,3.0,2.0,0.0,6.0,6.0,2.0,,,,,,,0.0,,,,,,,,,,,14,1,2020_Jan_15_1605,FaceNameBlocked_revised,3.0.0,85.01319473220191,,NaN
53,Male1Block.csv,Thomas2.mp4,Thomas.JPG,Thomas,56.0,M,Jacob,Thomas,David,Ethan,Brian,Steven,Mark,Noah,Jason,Jeremy,1.0,0.0,2.0,2.0,3.0,,,,,0.0,2.0,2.0,1.0,,,,,, ethan,"['e', 't', 'h', 'a', 'n']","[2.614432450965978, 2.943565616966225, 3.1198145400267094, 3.2848113930085674, 4.107502756989561]",3.0,1.0,4.77584441099316,,,14,1,2020_Jan_15_1605,FaceNameBlocked_revised,3.0.0,85.01319473220191,,2.6144324
50,Male1Block.csv,Thomas2.mp4,Thomas.JPG,Thomas,56.0,M,Jacob,Thomas,David,Ethan,Brian,Steven,Mark,Noah,Jason,Jeremy,1.0,0.0,2.0,2.0,3.0,0.0,9.0,9.0,1.0,,,,,,,0.0,,,,,,,,,,,14,1,2020_Jan_15_1605,FaceNameBlocked_revised,3.0.0,85.01319473220191,,NaN
89,Male3Block.csv,Timothy3.mp4,Timothy.JPG,Timothy,57.0,M,Timothy,Dylan,Adam,Josh,Daniel,Aaron,Caleb,Nathan,Brandon,Justin,0.0,0.0,4.0,4.0,5.0,0.0,8.0,8.0,0.0,,,,,,,1.0,,,,,,,,,,,14,1,2020_Jan_15_1605,FaceNameBlocked_revised,3.0.0,85.01319473220191,,NaN
96,Male3Block.csv,Timothy3.mp4,Timothy.JPG,Timothy,57.0,M,Timothy,Dylan,Adam,Josh,Daniel,Aaron,Caleb,Nathan,Brandon,Justin,0.0,0.0,4.0,4.0,5.0,,,,,0.0,5.0,5.0,0.0,,,,,, timothy,"['t', 'i', 'm', 'o', 't', 'h', 'y']","[1.1777707999572158, 1.4721095899585634, 1.6605548679362983, 1.872101916000247, 2.6246916509699076, 2.7424722879659384, 2.92981070803944]",1.0,1.0,4.492435780004598,,,14,1,2020_Jan_15_1605,FaceNameBlocked_revised,3.0.0,85.01319473220191,,1.1777707
24,Male2Block.csv,Trevor2.mp4,Trevor.JPG,Trevor,58.0,M,Kyle,Eric,Bradley,Michael,Kevin,Matthew,Andrew,Tyler,Trevor,Cody,8.0,0.0,1.0,1.0,4.0,0.0,3.0,3.0,8.0,,,,,,,1.0,,,,,,,,,,,14,1,2020_Jan_15_1605,FaceNameBlocked_revised,3.0.0,85.01319473220191,,NaN
39,Male2Block.csv,Trevor2.mp4,Trevor.JPG,Trevor,58.0,M,Kyle,Eric,Bradley,Michael,Kevin,Matthew,Andrew,Tyler,Trevor,Cody,8.0,0.0,1.0,1.0,4.0,,,,,0.0,8.0,8.0,8.0,,,,,, mich,"['m', 'i', 'c', 'h']","[8.775010791956447, 8.950941842980683, 9.118178687989712, 9.727518091909587]",3.0,2.0,2.1893143160268664,,,14,1,2020_Jan_15_1605,FaceNameBlocked_revised,3.0.0,85.01319473220191,,8.7750107
38,Male2Block.csv,Tyler3.mp4,Tyler.JPG,Tyler,59.0,M,Kyle,Eric,Bradley,Michael,Kevin,Matthew,Andrew,Tyler,Trevor,Cody,7.0,0.0,1.0,1.0,4.0,,,,,0.0,7.0,7.0,7.0,,,,,, tyler,"['t', 'y', 'l', 'e', 'r']","[4.210402710014023, 4.2602327020140365, 4.424641311983578, 5.059431337984279, 5.129537496948615]",5.0,5.0,4.75316818698775,,,14,1,2020_Jan_15_1605,FaceNameBlocked_revised,3.0.0,85.01319473220191,,4.2104027
22,Male2Block.csv,Tyler3.mp4,Tyler.JPG,Tyler,59.0,M,Kyle,Eric,Bradley,Michael,Kevin,Matthew,Andrew,Tyler,Trevor,Cody,7.0,0.0,1.0,1.0,4.0,0.0,1.0,1.0,7.0,,,,,,,1.0,,,,,,,,,,,14,1,2020_Jan_15_1605,FaceNameBlocked_revised,3.0.0,85.01319473220191,,NaN
0,,,,,,,,,,,,,,,,,,,,,,,,,,,,,,space,60.00981113198213,,,,,,,,,,,,14,1,2020_Jan_15_1605,FaceNameBlocked_revised,3.0.0,85.01319473220191,,NaN
121,,,,,,,,,,,,,,,,,,,,,,,,,,,,,,,,,,,,,,,,,space,52.09371223498602,14,1,2020_Jan_15_1605,FaceNameBlocked_revised,3.0.0,85.01319473220191,,NaN
