,condsBlockFile,Video,Photo,Name,Row,Gender,N1,N2,N3,N4,N5,N6,N7,N8,N9,N10,Row2,blocks.thisRepN,blocks.thisTrialN,blocks.thisN,blocks.thisIndex,presentations.thisRepN,presentations.thisTrialN,presentations.thisN,presentations.thisIndex,testing.thisRepN,testing.thisTrialN,testing.thisN,testing.thisIndex,advance_1.keys,advance_1.rt,currentCond,advance_2.keys,advance_2.rt,inputText,key_resp_3.keys,key_resp_3.rt,correctRecogSelection,keyResponse.keys,keyResponse.rt,end_key.keys,end_key.rt,participant,session,date,expName,psychopyVersion,frameRate,Unnamed: 48,key_resp3_fin
109,Male3Block.csv,Aaron2.mp4,Aaron.JPG,Aaron,30.0,M,Mark,Andrew,Steven,Ethan,Kevin,Aaron,Justin,Caleb,Eric,Matthew,5.0,0.0,5.0,5.0,5.0,0.0,8.0,8.0,5.0,,,,,,,1.0,,,,,,,,,,,16,1,2020_Jan_17_0959,FaceNameBlocked_revised,3.0.0,75.08635494380627,,NaN
113,Male3Block.csv,Aaron2.mp4,Aaron.JPG,Aaron,30.0,M,Mark,Andrew,Steven,Ethan,Kevin,Aaron,Justin,Caleb,Eric,Matthew,5.0,0.0,5.0,5.0,5.0,,,,,0.0,2.0,2.0,5.0,,,,,, aaron,"['a', 'r', 'r', 'backspace', 'backspace', 'a', 'r', 'o', 'n']","[5.254680926998844, 5.3480424850131385, 5.494091646018205, 6.040242345014121, 6.426648021006258, 6.62745501101017, 6.707081304019084, 6.8807027639995795, 7.02635684699635]",4.0,4.0,1.9222215629997663,,,16,1,2020_Jan_17_0959,FaceNameBlocked_revised,3.0.0,75.08635494380627,,5.2546809
61,Male1Block.csv,Adam4.mp4,Adam.JPG,Adam,31.0,M,Adam,Cody,Josh,Thomas,David,Jeremy,Trevor,Dylan,Michael,Jacob,0.0,0.0,3.0,3.0,3.0,0.0,0.0,0.0,0.0,,,,,,,1.0,,,,,,,,,,,16,1,2020_Jan_17_0959,FaceNameBlocked_revised,3.0.0,75.08635494380627,,NaN
78,Male1Block.csv,Adam4.mp4,Adam.JPG,Adam,31.0,M,Adam,Cody,Josh,Thomas,David,Jeremy,Trevor,Dylan,Michael,Jacob,0.0,0.0,3.0,3.0,3.0,,,,,0.0,7.0,7.0,0.0,,,,,, adam,"['a', 'd', 'a', 'm']","[1.1082355109974742, 1.1889365530223586, 1.3330756399955135, 1.4688978620106354]",1.0,1.0,0.82896133500617,,,16,1,2020_Jan_17_0959,FaceNameBlocked_revised,3.0.0,75.08635494380627,,1.1082355
100,Fem3Block.csv,Alyssa3.mp4,Alyssa.JPG,Alyssa,0.0,F,Taylor,Brianna,Hannah,Haley,Heather,Shelby,Danielle,Alyssa,Grace,Olivia,7.0,0.0,4.0,4.0,2.0,,,,,0.0,9.0,9.0,7.0,,,,,, taylor,"['t', 'a', 'y', 'l', 'o', 'r']","[7.092433577985503, 7.226122799998848, 7.3726596490014344, 7.585859194980003, 7.985777825990226, 8.092931738996413]",4.0,3.0,1.602157385001192,,,16,1,2020_Jan_17_0959,FaceNameBlocked_revised,3.0.0,75.08635494380627,,7.0924335
87,Fem3Block.csv,Alyssa3.mp4,Alyssa.JPG,Alyssa,0.0,F,Taylor,Brianna,Hannah,Haley,Heather,Shelby,Danielle,Alyssa,Grace,Olivia,7.0,0.0,4.0,4.0,2.0,0.0,6.0,6.0,7.0,,,,,,,0.0,,,,,,,,,,,16,1,2020_Jan_17_0959,FaceNameBlocked_revised,3.0.0,75.08635494380627,,NaN
28,Fem1Block.csv,Amanda3.mp4,Amanda.JPG,Amanda,1.0,F,Natalie,Rachel,Amanda,Anna,Julia,Katie,Brittany,Ashley,Kayla,Emily,2.0,0.0,1.0,1.0,0.0,0.0,7.0,7.0,2.0,,,,,,,1.0,,,,,,,,,,,16,1,2020_Jan_17_0959,FaceNameBlocked_revised,3.0.0,75.08635494380627,,NaN
39,Fem1Block.csv,Amanda3.mp4,Amanda.JPG,Amanda,1.0,F,Natalie,Rachel,Amanda,Anna,Julia,Katie,Brittany,Ashley,Kayla,Emily,2.0,0.0,1.0,1.0,0.0,,,,,0.0,8.0,8.0,2.0,,,,,, katie,"['k', 'a', 't', 'i', 'e']","[8.093066517001716, 8.21262286399724, 8.346472912002355, 8.439412528998218, 8.559527353994781]",2.0,2.0,2.694731731025968,,,16,1,2020_Jan_17_0959,FaceNameBlocked_revised,3.0.0,75.08635494380627,,8.0930665
101,Male3Block.csv,Andrew2.mp4,Andrew.JPG,Andrew,32.0,M,Mark,Andrew,Steven,Ethan,Kevin,Aaron,Justin,Caleb,Eric,Matthew,1.0,0.0,5.0,5.0,5.0,0.0,0.0,0.0,1.0,,,,,,,0.0,,,,,,,,,,,16,1,2020_Jan_17_0959,FaceNameBlocked_revised,3.0.0,75.08635494380627,,NaN
116,Male3Block.csv,Andrew2.mp4,Andrew.JPG,Andrew,32.0,M,Mark,Andrew,Steven,Ethan,Kevin,Aaron,Justin,Caleb,Eric,Matthew,1.0,0.0,5.0,5.0,5.0,,,,,0.0,5.0,5.0,1.0,,,,,, matthew,"['m', 'a', 't', 't', 'h', 'e', 'w', 'backspace', 'w']","[4.001714748999802, 4.068135114008328, 4.414345202007098, 4.574412910005776, 4.7213705019967165, 4.841296957019949, 4.97443415800808, 6.920132918021409, 8.160582534997957]",1.0,1.0,1.6534157890127972,,,16,1,2020_Jan_17_0959,FaceNameBlocked_revised,3.0.0,75.08635494380627,,4.0017147
38,Fem1Block.csv,Anna3.mp4,Anna.JPG,Anna,2.0,F,Natalie,Rachel,Amanda,Anna,Julia,Katie,Brittany,Ashley,Kayla,Emily,3.0,0.0,1.0,1.0,0.0,,,,,0.0,7.0,7.0,3.0,,,,,, amanda,"['a', 'm', 'a', 'n', 'd', 'a']","[5.988273040013155, 7.480698025989113, 7.707229191000806, 7.933389935991727, 8.12054262298625, 8.293324780010153]",5.0,5.0,4.267752957006451,,,16,1,2020_Jan_17_0959,FaceNameBlocked_revised,3.0.0,75.08635494380627,,5.9882730
27,Fem1Block.csv,Anna3.mp4,Anna.JPG,Anna,2.0,F,Natalie,Rachel,Amanda,Anna,Julia,Katie,Brittany,Ashley,Kayla,Emily,3.0,0.0,1.0,1.0,0.0,0.0,6.0,6.0,3.0,,,,,,,1.0,,,,,,,,,,,16,1,2020_Jan_17_0959,FaceNameBlocked_revised,3.0.0,75.08635494380627,,NaN
25,Fem1Block.csv,Ashley3.mp4,Ashley.JPG,Ashley,3.0,F,Natalie,Rachel,Amanda,Anna,Julia,Katie,Brittany,Ashley,Kayla,Emily,7.0,0.0,1.0,1.0,0.0,0.0,4.0,4.0,7.0,,,,,,,0.0,,,,,,,,,,,16,1,2020_Jan_17_0959,FaceNameBlocked_revised,3.0.0,75.08635494380627,,NaN
33,Fem1Block.csv,Ashley3.mp4,Ashley.JPG,Ashley,3.0,F,Natalie,Rachel,Amanda,Anna,Julia,Katie,Brittany,Ashley,Kayla,Emily,7.0,0.0,1.0,1.0,0.0,,,,,0.0,2.0,2.0,7.0,,,,,, ,None,,2.0,2.0,2.161788704979699,,,16,1,2020_Jan_17_0959,FaceNameBlocked_revised,3.0.0,75.08635494380627,,NaN
19,Male2Block.csv,Bradley3.mp4,Bradley.JPG,Bradley,33.0,M,Noah,Brandon,Timothy,Daniel,Bradley,Jason,Nathan,Tyler,Brian,Kyle,4.0,0.0,0.0,0.0,4.0,,,,,0.0,8.0,8.0,4.0,,,,,, b,['b'],[7.6652463100035675],3.0,3.0,3.2136426399811167,,,16,1,2020_Jan_17_0959,FaceNameBlocked_revised,3.0.0,75.08635494380627,,7.6652463
7,Male2Block.csv,Bradley3.mp4,Bradley.JPG,Bradley,33.0,M,Noah,Brandon,Timothy,Daniel,Bradley,Jason,Nathan,Tyler,Brian,Kyle,4.0,0.0,0.0,0.0,4.0,0.0,6.0,6.0,4.0,,,,,,,0.0,,,,,,,,,,,16,1,2020_Jan_17_0959,FaceNameBlocked_revised,3.0.0,75.08635494380627,,NaN
4,Male2Block.csv,Brandon2.mp4,Brandon.JPG,Brandon,34.0,M,Noah,Brandon,Timothy,Daniel,Bradley,Jason,Nathan,Tyler,Brian,Kyle,1.0,0.0,0.0,0.0,4.0,0.0,3.0,3.0,1.0,,,,,,,0.0,,,,,,,,,,,16,1,2020_Jan_17_0959,FaceNameBlocked_revised,3.0.0,75.08635494380627,,NaN
12,Male2Block.csv,Brandon2.mp4,Brandon.JPG,Brandon,34.0,M,Noah,Brandon,Timothy,Daniel,Bradley,Jason,Nathan,Tyler,Brian,Kyle,1.0,0.0,0.0,0.0,4.0,,,,,0.0,1.0,1.0,1.0,,,,,, brian,"['b', 'a', 'i', 'backspace', 'backspace', 'capslock', 'backspace', 'b', 'r', 'a', 'i', 'n', 'backspace', 'backspace', 'backspace', 'i', 'a', 'n']","[3.24122667699703, 3.4944955940009095, 3.641193106013816, 4.026621108991094, 4.173501871002372, 4.932761306001339, 5.145930341997882, 5.666716851992533, 6.506711357011227, 6.613066171004903, 6.720144916005665, 6.839299598999787, 7.439152233011555, 7.572908589994768, 7.705854981002631, 7.973504013993079, 8.10610201000236, 8.186807913996745]",1.0,1.0,11.556399371998848,,,16,1,2020_Jan_17_0959,FaceNameBlocked_revised,3.0.0,75.08635494380627,,3.2412266
13,Male2Block.csv,Brian2.mp4,Brian.JPG,Brian,35.0,M,Noah,Brandon,Timothy,Daniel,Bradley,Jason,Nathan,Tyler,Brian,Kyle,8.0,0.0,0.0,0.0,4.0,,,,,0.0,2.0,2.0,8.0,,,,,, kyle,"['k', 'y', 'l', 'e', 'return']","[7.134328891988844, 7.334030081983656, 7.520105652976781, 7.678789672994753, 8.119965516001685]",3.0,4.0,4.893828002008377,,,16,1,2020_Jan_17_0959,FaceNameBlocked_revised,3.0.0,75.08635494380627,,7.1343288
6,Male2Block.csv,Brian2.mp4,Brian.JPG,Brian,35.0,M,Noah,Brandon,Timothy,Daniel,Bradley,Jason,Nathan,Tyler,Brian,Kyle,8.0,0.0,0.0,0.0,4.0,0.0,5.0,5.0,8.0,,,,,,,1.0,,,,,,,,,,,16,1,2020_Jan_17_0959,FaceNameBlocked_revised,3.0.0,75.08635494380627,,NaN
81,Fem3Block.csv,Brianna2.mp4,Brianna.JPG,Brianna,4.0,F,Taylor,Brianna,Hannah,Haley,Heather,Shelby,Danielle,Alyssa,Grace,Olivia,1.0,0.0,4.0,4.0,2.0,0.0,0.0,0.0,1.0,,,,,,,0.0,,,,,,,,,,,16,1,2020_Jan_17_0959,FaceNameBlocked_revised,3.0.0,75.08635494380627,,NaN
98,Fem3Block.csv,Brianna2.mp4,Brianna.JPG,Brianna,4.0,F,Taylor,Brianna,Hannah,Haley,Heather,Shelby,Danielle,Alyssa,Grace,Olivia,1.0,0.0,4.0,4.0,2.0,,,,,0.0,7.0,7.0,1.0,,,,,, taylor,"['t', 'a', 'l', 'o', 'backspace', 'backspace', 'y', 'l', 'o', 'r']","[2.6416025680082384, 2.774230125010945, 2.9071748800051864, 3.2012099550047424, 3.825670360994991, 4.000293157994747, 4.241149918001611, 4.440812693996122, 4.600721471011639, 4.705278820998501]",2.0,3.0,4.121105176018318,,,16,1,2020_Jan_17_0959,FaceNameBlocked_revised,3.0.0,75.08635494380627,,2.6416025
23,Fem1Block.csv,Brittany2.mp4,Brittany.JPG,Brittany,5.0,F,Natalie,Rachel,Amanda,Anna,Julia,Katie,Brittany,Ashley,Kayla,Emily,6.0,0.0,1.0,1.0,0.0,0.0,2.0,2.0,6.0,,,,,,,0.0,,,,,,,,,,,16,1,2020_Jan_17_0959,FaceNameBlocked_revised,3.0.0,75.08635494380627,,NaN
36,Fem1Block.csv,Brittany2.mp4,Brittany.JPG,Brittany,5.0,F,Natalie,Rachel,Amanda,Anna,Julia,Katie,Brittany,Ashley,Kayla,Emily,6.0,0.0,1.0,1.0,0.0,,,,,0.0,5.0,5.0,6.0,,,,,, emily,"['e', 'm', 'i', 'l', 'y']","[3.2543913630070165, 3.3745573070191313, 3.574138677009614, 3.7203206499980297, 3.8389537900220603]",1.0,4.0,4.574604346998967,,,16,1,2020_Jan_17_0959,FaceNameBlocked_revised,3.0.0,75.08635494380627,,3.2543913
112,Male3Block.csv,Caleb5.mp4,Caleb.JPG,Caleb,36.0,M,Mark,Andrew,Steven,Ethan,Kevin,Aaron,Justin,Caleb,Eric,Matthew,7.0,0.0,5.0,5.0,5.0,,,,,0.0,1.0,1.0,7.0,,,,,, caleb,"['c', 'a', 'l', 'e', 'b']","[1.9067078989755828, 2.0283720239822287, 2.1871894630021416, 2.3068485079857055, 2.402134539996041]",2.0,2.0,0.9487707880034576,,,16,1,2020_Jan_17_0959,FaceNameBlocked_revised,3.0.0,75.08635494380627,,1.9067078
105,Male3Block.csv,Caleb5.mp4,Caleb.JPG,Caleb,36.0,M,Mark,Andrew,Steven,Ethan,Kevin,Aaron,Justin,Caleb,Eric,Matthew,7.0,0.0,5.0,5.0,5.0,0.0,4.0,4.0,7.0,,,,,,,0.0,,,,,,,,,,,16,1,2020_Jan_17_0959,FaceNameBlocked_revised,3.0.0,75.08635494380627,,NaN
63,Male1Block.csv,Cody2.mp4,Cody.JPG,Cody,37.0,M,Adam,Cody,Josh,Thomas,David,Jeremy,Trevor,Dylan,Michael,Jacob,1.0,0.0,3.0,3.0,3.0,0.0,2.0,2.0,1.0,,,,,,,0.0,,,,,,,,,,,16,1,2020_Jan_17_0959,FaceNameBlocked_revised,3.0.0,75.08635494380627,,NaN
76,Male1Block.csv,Cody2.mp4,Cody.JPG,Cody,37.0,M,Adam,Cody,Josh,Thomas,David,Jeremy,Trevor,Dylan,Michael,Jacob,1.0,0.0,3.0,3.0,3.0,,,,,0.0,5.0,5.0,1.0,,,,,, cody,"['c', 'o', 'd', 'y']","[3.814544205990387, 3.934079465980176, 4.067326711985515, 4.14777848799713]",4.0,4.0,2.6013205769995693,,,16,1,2020_Jan_17_0959,FaceNameBlocked_revised,3.0.0,75.08635494380627,,3.8145442
58,Fem2Block.csv,Courtney2.mp4,Courtney.JPG,Courtney,6.0,F,Nicole,Sarah,Courtney,Michelle,Jenna,Rebecca,Megan,Jessica,Lauren,Kelsey,2.0,0.0,2.0,2.0,1.0,,,,,0.0,7.0,7.0,2.0,,,,,, courtney,"['c', 'o', 'u', 'r', 't', 'n', 'e', 'y']","[6.773797697009286, 6.999995579011738, 7.1577134290128015, 7.373303468019003, 8.079058959003305, 8.252982336009154, 8.372827151004458, 8.586389753007097]",1.0,1.0,4.7074956099968395,,,16,1,2020_Jan_17_0959,FaceNameBlocked_revised,3.0.0,75.08635494380627,,6.7737976
46,Fem2Block.csv,Courtney2.mp4,Courtney.JPG,Courtney,6.0,F,Nicole,Sarah,Courtney,Michelle,Jenna,Rebecca,Megan,Jessica,Lauren,Kelsey,2.0,0.0,2.0,2.0,1.0,0.0,5.0,5.0,2.0,,,,,,,1.0,,,,,,,,,,,16,1,2020_Jan_17_0959,FaceNameBlocked_revised,3.0.0,75.08635494380627,,NaN
11,Male2Block.csv,Daniel3.mp4,Daniel.JPG,Daniel,38.0,M,Noah,Brandon,Timothy,Daniel,Bradley,Jason,Nathan,Tyler,Brian,Kyle,3.0,0.0,0.0,0.0,4.0,,,,,0.0,0.0,0.0,3.0,,,,space,15.864129484980365, timothy,"['capslock', 't', 'i', 'backspace', 'backspace', 'capslock', 't', 'i', 'm', 'o', 'n', 'backspace', 't', 'h', 'y']","[4.265133480017539, 4.292261807015166, 4.560589047003305, 5.013497585023288, 5.159928396024043, 5.999390453012893, 6.973404061020119, 7.226951890013879, 7.399185269023292, 7.59931323301862, 7.826361875020666, 8.372194408002542, 8.506318257015664, 8.573229687026469, 8.77276586802327]",4.0,5.0,4.708429183985572,,,16,1,2020_Jan_17_0959,FaceNameBlocked_revised,3.0.0,75.08635494380627,,4.2651334
8,Male2Block.csv,Daniel3.mp4,Daniel.JPG,Daniel,38.0,M,Noah,Brandon,Timothy,Daniel,Bradley,Jason,Nathan,Tyler,Brian,Kyle,3.0,0.0,0.0,0.0,4.0,0.0,7.0,7.0,3.0,,,,,,,1.0,,,,,,,,,,,16,1,2020_Jan_17_0959,FaceNameBlocked_revised,3.0.0,75.08635494380627,,NaN
83,Fem3Block.csv,Danielle2.mp4,Danielle.JPG,Danielle,7.0,F,Taylor,Brianna,Hannah,Haley,Heather,Shelby,Danielle,Alyssa,Grace,Olivia,6.0,0.0,4.0,4.0,2.0,0.0,2.0,2.0,6.0,,,,,,,0.0,,,,,,,,,,,16,1,2020_Jan_17_0959,FaceNameBlocked_revised,3.0.0,75.08635494380627,,NaN
94,Fem3Block.csv,Danielle2.mp4,Danielle.JPG,Danielle,7.0,F,Taylor,Brianna,Hannah,Haley,Heather,Shelby,Danielle,Alyssa,Grace,Olivia,6.0,0.0,4.0,4.0,2.0,,,,,0.0,3.0,3.0,6.0,,,,,, haley,"['h', 'a', 'l', 'e', 'y']","[5.2940165259933565, 5.439796902006492, 6.413253303006059, 6.51997984299669, 6.613494930003071]",1.0,1.0,2.5352817539824173,,,16,1,2020_Jan_17_0959,FaceNameBlocked_revised,3.0.0,75.08635494380627,,5.2940165
62,Male1Block.csv,David2.mp4,David.JPG,David,39.0,M,Adam,Cody,Josh,Thomas,David,Jeremy,Trevor,Dylan,Michael,Jacob,4.0,0.0,3.0,3.0,3.0,0.0,1.0,1.0,4.0,,,,,,,0.0,,,,,,,,,,,16,1,2020_Jan_17_0959,FaceNameBlocked_revised,3.0.0,75.08635494380627,,NaN
71,Male1Block.csv,David2.mp4,David.JPG,David,39.0,M,Adam,Cody,Josh,Thomas,David,Jeremy,Trevor,Dylan,Michael,Jacob,4.0,0.0,3.0,3.0,3.0,,,,,0.0,0.0,0.0,4.0,,,,space,2.946648438984994, david,"['d', 'a', 'v', 'i', 'd']","[4.801125347003108, 4.894043325009989, 5.0277830050035845, 5.093455424008425, 5.213958073989488]",5.0,5.0,2.3474317420041193,,,16,1,2020_Jan_17_0959,FaceNameBlocked_revised,3.0.0,75.08635494380627,,4.8011253
68,Male1Block.csv,Dylan3.mp4,Dylan.JPG,Dylan,40.0,M,Adam,Cody,Josh,Thomas,David,Jeremy,Trevor,Dylan,Michael,Jacob,7.0,0.0,3.0,3.0,3.0,0.0,7.0,7.0,7.0,,,,,,,0.0,,,,,,,,,,,16,1,2020_Jan_17_0959,FaceNameBlocked_revised,3.0.0,75.08635494380627,,NaN
80,Male1Block.csv,Dylan3.mp4,Dylan.JPG,Dylan,40.0,M,Adam,Cody,Josh,Thomas,David,Jeremy,Trevor,Dylan,Michael,Jacob,7.0,0.0,3.0,3.0,3.0,,,,,0.0,9.0,9.0,7.0,,,,,, dylan,"['d', 'y', 'l', 'a', 'n']","[2.775103522988502, 2.934854877006728, 3.1482400399982, 3.2948531119909603, 3.439158511988353]",5.0,5.0,1.7613415149971845,,,16,1,2020_Jan_17_0959,FaceNameBlocked_revised,3.0.0,75.08635494380627,,2.7751035
32,Fem1Block.csv,Emily5.mp4,Emily.JPG,Emily,8.0,F,Natalie,Rachel,Amanda,Anna,Julia,Katie,Brittany,Ashley,Kayla,Emily,9.0,0.0,1.0,1.0,0.0,,,,,0.0,1.0,1.0,9.0,,,,,, brittany,"['b', 'r', 'i', 't', 't', 'a', 'n', 'y']","[3.5733327439811546, 3.6931812159891706, 3.8130967149918433, 4.666218765982194, 4.878766042995267, 6.292794760985998, 6.412422002991661, 6.596910093998304]",3.0,3.0,3.1598076059890445,,,16,1,2020_Jan_17_0959,FaceNameBlocked_revised,3.0.0,75.08635494380627,,3.5733327
26,Fem1Block.csv,Emily5.mp4,Emily.JPG,Emily,8.0,F,Natalie,Rachel,Amanda,Anna,Julia,Katie,Brittany,Ashley,Kayla,Emily,9.0,0.0,1.0,1.0,0.0,0.0,5.0,5.0,9.0,,,,,,,0.0,,,,,,,,,,,16,1,2020_Jan_17_0959,FaceNameBlocked_revised,3.0.0,75.08635494380627,,NaN
104,Male3Block.csv,Eric2.mp4,Eric.JPG,Eric,41.0,M,Mark,Andrew,Steven,Ethan,Kevin,Aaron,Justin,Caleb,Eric,Matthew,8.0,0.0,5.0,5.0,5.0,0.0,3.0,3.0,8.0,,,,,,,1.0,,,,,,,,,,,16,1,2020_Jan_17_0959,FaceNameBlocked_revised,3.0.0,75.08635494380627,,NaN
119,Male3Block.csv,Eric2.mp4,Eric.JPG,Eric,41.0,M,Mark,Andrew,Steven,Ethan,Kevin,Aaron,Justin,Caleb,Eric,Matthew,8.0,0.0,5.0,5.0,5.0,,,,,0.0,8.0,8.0,8.0,,,,,, eric,"['e', 'r', 'i', 'c']","[1.3742618009855505, 1.4694505139777903, 1.5495925869909115, 1.6697068509820383]",1.0,1.0,0.7623579529754352,,,16,1,2020_Jan_17_0959,FaceNameBlocked_revised,3.0.0,75.08635494380627,,1.3742618
115,Male3Block.csv,Ethan2.mp4,Ethan.JPG,Ethan,42.0,M,Mark,Andrew,Steven,Ethan,Kevin,Aaron,Justin,Caleb,Eric,Matthew,3.0,0.0,5.0,5.0,5.0,,,,,0.0,4.0,4.0,3.0,,,,,, ,None,,1.0,1.0,2.7343512600054964,,,16,1,2020_Jan_17_0959,FaceNameBlocked_revised,3.0.0,75.08635494380627,,NaN
107,Male3Block.csv,Ethan2.mp4,Ethan.JPG,Ethan,42.0,M,Mark,Andrew,Steven,Ethan,Kevin,Aaron,Justin,Caleb,Eric,Matthew,3.0,0.0,5.0,5.0,5.0,0.0,6.0,6.0,3.0,,,,,,,1.0,,,,,,,,,,,16,1,2020_Jan_17_0959,FaceNameBlocked_revised,3.0.0,75.08635494380627,,NaN
82,Fem3Block.csv,Grace3.mp4,Grace.JPG,Grace,9.0,F,Taylor,Brianna,Hannah,Haley,Heather,Shelby,Danielle,Alyssa,Grace,Olivia,8.0,0.0,4.0,4.0,2.0,0.0,1.0,1.0,8.0,,,,,,,1.0,,,,,,,,,,,16,1,2020_Jan_17_0959,FaceNameBlocked_revised,3.0.0,75.08635494380627,,NaN
92,Fem3Block.csv,Grace3.mp4,Grace.JPG,Grace,9.0,F,Taylor,Brianna,Hannah,Haley,Heather,Shelby,Danielle,Alyssa,Grace,Olivia,8.0,0.0,4.0,4.0,2.0,,,,,0.0,1.0,1.0,8.0,,,,,, grace,"['g', 'r', 'a', 'c', 'e']","[2.081960990006337, 2.2814658230054192, 2.374724576016888, 2.507713187020272, 2.600756944011664]",1.0,1.0,1.880556913005421,,,16,1,2020_Jan_17_0959,FaceNameBlocked_revised,3.0.0,75.08635494380627,,2.0819609
90,Fem3Block.csv,Haley2.mp4,Haley.JPG,Haley,10.0,F,Taylor,Brianna,Hannah,Haley,Heather,Shelby,Danielle,Alyssa,Grace,Olivia,3.0,0.0,4.0,4.0,2.0,0.0,9.0,9.0,3.0,,,,,,,1.0,,,,,,,,,,,16,1,2020_Jan_17_0959,FaceNameBlocked_revised,3.0.0,75.08635494380627,,NaN
95,Fem3Block.csv,Haley2.mp4,Haley.JPG,Haley,10.0,F,Taylor,Brianna,Hannah,Haley,Heather,Shelby,Danielle,Alyssa,Grace,Olivia,3.0,0.0,4.0,4.0,2.0,,,,,0.0,4.0,4.0,3.0,,,,,, alyssa,"['a', 'l', 'y', 's', 's', 'a']","[2.0278168439981528, 2.1605962379835546, 2.3211857819987927, 2.4409707539889496, 2.5739490980049595, 2.7079566739848815]",3.0,5.0,4.253386145021069,,,16,1,2020_Jan_17_0959,FaceNameBlocked_revised,3.0.0,75.08635494380627,,2.0278168
96,Fem3Block.csv,Hannah2.mp4,Hannah.JPG,Hannah,11.0,F,Taylor,Brianna,Hannah,Haley,Heather,Shelby,Danielle,Alyssa,Grace,Olivia,2.0,0.0,4.0,4.0,2.0,,,,,0.0,5.0,5.0,2.0,,,,,, heather,"['h', 'e', 'a', 't', 'h', 'r', 'backspace', 'e', 'r']","[3.095143459009705, 3.1482809679873753, 3.2547626759915147, 3.3612103190098424, 3.4682349690119736, 3.5880007540108636, 4.160496569995303, 4.268060503003653, 4.373812019999605]",4.0,4.0,4.681231234018924,,,16,1,2020_Jan_17_0959,FaceNameBlocked_revised,3.0.0,75.08635494380627,,3.0951434
84,Fem3Block.csv,Hannah2.mp4,Hannah.JPG,Hannah,11.0,F,Taylor,Brianna,Hannah,Haley,Heather,Shelby,Danielle,Alyssa,Grace,Olivia,2.0,0.0,4.0,4.0,2.0,0.0,3.0,3.0,2.0,,,,,,,1.0,,,,,,,,,,,16,1,2020_Jan_17_0959,FaceNameBlocked_revised,3.0.0,75.08635494380627,,NaN
97,Fem3Block.csv,Heather3.mp4,Heather.JPG,Heather,12.0,F,Taylor,Brianna,Hannah,Haley,Heather,Shelby,Danielle,Alyssa,Grace,Olivia,4.0,0.0,4.0,4.0,2.0,,,,,0.0,6.0,6.0,4.0,,,,,, ,None,,5.0,1.0,2.455346777976956,,,16,1,2020_Jan_17_0959,FaceNameBlocked_revised,3.0.0,75.08635494380627,,NaN
85,Fem3Block.csv,Heather3.mp4,Heather.JPG,Heather,12.0,F,Taylor,Brianna,Hannah,Haley,Heather,Shelby,Danielle,Alyssa,Grace,Olivia,4.0,0.0,4.0,4.0,2.0,0.0,4.0,4.0,4.0,,,,,,,0.0,,,,,,,,,,,16,1,2020_Jan_17_0959,FaceNameBlocked_revised,3.0.0,75.08635494380627,,NaN
70,Male1Block.csv,Jacob3.mp4,Jacob.JPG,Jacob,43.0,M,Adam,Cody,Josh,Thomas,David,Jeremy,Trevor,Dylan,Michael,Jacob,9.0,0.0,3.0,3.0,3.0,0.0,9.0,9.0,9.0,,,,,,,0.0,,,,,,,,,,,16,1,2020_Jan_17_0959,FaceNameBlocked_revised,3.0.0,75.08635494380627,,NaN
72,Male1Block.csv,Jacob3.mp4,Jacob.JPG,Jacob,43.0,M,Adam,Cody,Josh,Thomas,David,Jeremy,Trevor,Dylan,Michael,Jacob,9.0,0.0,3.0,3.0,3.0,,,,,0.0,1.0,1.0,9.0,,,,,, jacob,"['j', 'a', 'c', 'o', 'b']","[1.9084818109986372, 2.0683635479945224, 2.2018052880011965, 2.3326635689882096, 2.508080597006483]",3.0,3.0,1.2664671019883826,,,16,1,2020_Jan_17_0959,FaceNameBlocked_revised,3.0.0,75.08635494380627,,1.9084818
9,Male2Block.csv,Jason4.mp4,Jason.JPG,Jason,44.0,M,Noah,Brandon,Timothy,Daniel,Bradley,Jason,Nathan,Tyler,Brian,Kyle,5.0,0.0,0.0,0.0,4.0,0.0,8.0,8.0,5.0,,,,,,,1.0,,,,,,,,,,,16,1,2020_Jan_17_0959,FaceNameBlocked_revised,3.0.0,75.08635494380627,,NaN
14,Male2Block.csv,Jason4.mp4,Jason.JPG,Jason,44.0,M,Noah,Brandon,Timothy,Daniel,Bradley,Jason,Nathan,Tyler,Brian,Kyle,5.0,0.0,0.0,0.0,4.0,,,,,0.0,3.0,3.0,5.0,,,,,, daniel,"['d', 'a', 'n', 'i', 'e', 'l']","[8.97240044400678, 9.09255316099734, 9.212578138016397, 9.332443149993196, 9.506225963006727, 9.612599067011615]",5.0,4.0,3.5751109950069804,,,16,1,2020_Jan_17_0959,FaceNameBlocked_revised,3.0.0,75.08635494380627,,8.9724004
41,Fem2Block.csv,Jenna4.mp4,Jenna.JPG,Jenna,13.0,F,Nicole,Sarah,Courtney,Michelle,Jenna,Rebecca,Megan,Jessica,Lauren,Kelsey,4.0,0.0,2.0,2.0,1.0,0.0,0.0,0.0,4.0,,,,,,,0.0,,,,,,,,,,,16,1,2020_Jan_17_0959,FaceNameBlocked_revised,3.0.0,75.08635494380627,,NaN
56,Fem2Block.csv,Jenna4.mp4,Jenna.JPG,Jenna,13.0,F,Nicole,Sarah,Courtney,Michelle,Jenna,Rebecca,Megan,Jessica,Lauren,Kelsey,4.0,0.0,2.0,2.0,1.0,,,,,0.0,5.0,5.0,4.0,,,,,, jenna,"['j', 'e', 'n', 'n', 'a']","[5.58760234201327, 5.707010168000124, 5.840620987000875, 6.013456772023346, 6.107019653019961]",1.0,1.0,1.7754685409890951,,,16,1,2020_Jan_17_0959,FaceNameBlocked_revised,3.0.0,75.08635494380627,,5.5876023
79,Male1Block.csv,Jeremy2.mp4,Jeremy.JPG,Jeremy,45.0,M,Adam,Cody,Josh,Thomas,David,Jeremy,Trevor,Dylan,Michael,Jacob,5.0,0.0,3.0,3.0,3.0,,,,,0.0,8.0,8.0,5.0,,,,,, ,None,,1.0,1.0,1.9212783559923992,,,16,1,2020_Jan_17_0959,FaceNameBlocked_revised,3.0.0,75.08635494380627,,NaN
67,Male1Block.csv,Jeremy2.mp4,Jeremy.JPG,Jeremy,45.0,M,Adam,Cody,Josh,Thomas,David,Jeremy,Trevor,Dylan,Michael,Jacob,5.0,0.0,3.0,3.0,3.0,0.0,6.0,6.0,5.0,,,,,,,1.0,,,,,,,,,,,16,1,2020_Jan_17_0959,FaceNameBlocked_revised,3.0.0,75.08635494380627,,NaN
43,Fem2Block.csv,Jessica2.mp4,Jessica.JPG,Jessica,14.0,F,Nicole,Sarah,Courtney,Michelle,Jenna,Rebecca,Megan,Jessica,Lauren,Kelsey,7.0,0.0,2.0,2.0,1.0,0.0,2.0,2.0,7.0,,,,,,,0.0,,,,,,,,,,,16,1,2020_Jan_17_0959,FaceNameBlocked_revised,3.0.0,75.08635494380627,,NaN
54,Fem2Block.csv,Jessica2.mp4,Jessica.JPG,Jessica,14.0,F,Nicole,Sarah,Courtney,Michelle,Jenna,Rebecca,Megan,Jessica,Lauren,Kelsey,7.0,0.0,2.0,2.0,1.0,,,,,0.0,3.0,3.0,7.0,,,,,, meghan,"['m', 'e', 'g', 'h', 'a', 'n']","[1.8807532110076863, 2.0148162039986346, 3.2942332130041905, 3.9599659829982556, 4.094053667009575, 4.2007071590051055]",3.0,4.0,5.14836638700217,,,16,1,2020_Jan_17_0959,FaceNameBlocked_revised,3.0.0,75.08635494380627,,1.8807532
77,Male1Block.csv,Josh3.mp4,Josh.JPG,Josh,46.0,M,Adam,Cody,Josh,Thomas,David,Jeremy,Trevor,Dylan,Michael,Jacob,2.0,0.0,3.0,3.0,3.0,,,,,0.0,6.0,6.0,2.0,,,,,, josh,"['j', 'o', 's', 'h']","[1.1737112400005572, 1.294198553019669, 1.3983150499989279, 1.8536992919980548]",3.0,3.0,1.1487598800158594,,,16,1,2020_Jan_17_0959,FaceNameBlocked_revised,3.0.0,75.08635494380627,,1.1737112
66,Male1Block.csv,Josh3.mp4,Josh.JPG,Josh,46.0,M,Adam,Cody,Josh,Thomas,David,Jeremy,Trevor,Dylan,Michael,Jacob,2.0,0.0,3.0,3.0,3.0,0.0,5.0,5.0,2.0,,,,,,,1.0,,,,,,,,,,,16,1,2020_Jan_17_0959,FaceNameBlocked_revised,3.0.0,75.08635494380627,,NaN
30,Fem1Block.csv,Julia2.mp4,Julia.JPG,Julia,15.0,F,Natalie,Rachel,Amanda,Anna,Julia,Katie,Brittany,Ashley,Kayla,Emily,4.0,0.0,1.0,1.0,0.0,0.0,9.0,9.0,4.0,,,,,,,0.0,,,,,,,,,,,16,1,2020_Jan_17_0959,FaceNameBlocked_revised,3.0.0,75.08635494380627,,NaN
31,Fem1Block.csv,Julia2.mp4,Julia.JPG,Julia,15.0,F,Natalie,Rachel,Amanda,Anna,Julia,Katie,Brittany,Ashley,Kayla,Emily,4.0,0.0,1.0,1.0,0.0,,,,,0.0,0.0,0.0,4.0,,,,space,9.493039494002003, kayla,"['k', 'a', 'y', 'l', 'a', 'return']","[7.200486866000574, 7.32041660201503, 7.440168861008715, 7.599959746992681, 7.707052573008696, 7.985967234009877]",2.0,2.0,3.934870474011405,,,16,1,2020_Jan_17_0959,FaceNameBlocked_revised,3.0.0,75.08635494380627,,7.2004868
111,Male3Block.csv,Justin2.mp4,Justin.JPG,Justin,47.0,M,Mark,Andrew,Steven,Ethan,Kevin,Aaron,Justin,Caleb,Eric,Matthew,6.0,0.0,5.0,5.0,5.0,,,,,0.0,0.0,0.0,6.0,,,,space,1.1897353380045388, justin,"['j', 'u', 's', 't', 'i', 'n']","[2.2022181120119058, 2.3866892130172346, 2.4824233149993233, 2.601891743019223, 2.722013582009822, 2.801910233014496]",2.0,2.0,4.161627439025324,,,16,1,2020_Jan_17_0959,FaceNameBlocked_revised,3.0.0,75.08635494380627,,2.2022181
110,Male3Block.csv,Justin2.mp4,Justin.JPG,Justin,47.0,M,Mark,Andrew,Steven,Ethan,Kevin,Aaron,Justin,Caleb,Eric,Matthew,6.0,0.0,5.0,5.0,5.0,0.0,9.0,9.0,6.0,,,,,,,0.0,,,,,,,,,,,16,1,2020_Jan_17_0959,FaceNameBlocked_revised,3.0.0,75.08635494380627,,NaN
37,Fem1Block.csv,Katie2.mp4,Katie.JPG,Katie,16.0,F,Natalie,Rachel,Amanda,Anna,Julia,Katie,Brittany,Ashley,Kayla,Emily,5.0,0.0,1.0,1.0,0.0,,,,,0.0,6.0,6.0,5.0,,,,,, amanda,"['a', 'm', 'a', 'n', 'd', 'a']","[4.627151975990273, 4.827038616000209, 5.32101401098771, 5.560509457980515, 5.680593036988284, 5.77386265899986]",1.0,2.0,5.787290442007362,,,16,1,2020_Jan_17_0959,FaceNameBlocked_revised,3.0.0,75.08635494380627,,4.6271519
21,Fem1Block.csv,Katie2.mp4,Katie.JPG,Katie,16.0,F,Natalie,Rachel,Amanda,Anna,Julia,Katie,Brittany,Ashley,Kayla,Emily,5.0,0.0,1.0,1.0,0.0,0.0,0.0,0.0,5.0,,,,,,,1.0,,,,,,,,,,,16,1,2020_Jan_17_0959,FaceNameBlocked_revised,3.0.0,75.08635494380627,,NaN
22,Fem1Block.csv,Kayla3.mp4,Kayla.JPG,Kayla,17.0,F,Natalie,Rachel,Amanda,Anna,Julia,Katie,Brittany,Ashley,Kayla,Emily,8.0,0.0,1.0,1.0,0.0,0.0,1.0,1.0,8.0,,,,,,,1.0,,,,,,,,,,,16,1,2020_Jan_17_0959,FaceNameBlocked_revised,3.0.0,75.08635494380627,,NaN
35,Fem1Block.csv,Kayla3.mp4,Kayla.JPG,Kayla,17.0,F,Natalie,Rachel,Amanda,Anna,Julia,Katie,Brittany,Ashley,Kayla,Emily,8.0,0.0,1.0,1.0,0.0,,,,,0.0,4.0,4.0,8.0,,,,,, kayla,"['k', 'a', 'y', 'l', 'a']","[1.7218471950036474, 1.9750725250050891, 2.135205914004473, 2.334689766023075, 2.441486479016021]",3.0,3.0,3.4272213419899344,,,16,1,2020_Jan_17_0959,FaceNameBlocked_revised,3.0.0,75.08635494380627,,1.7218471
45,Fem2Block.csv,Kelsey2.mp4,Kelsey.JPG,Kelsey,18.0,F,Nicole,Sarah,Courtney,Michelle,Jenna,Rebecca,Megan,Jessica,Lauren,Kelsey,9.0,0.0,2.0,2.0,1.0,0.0,4.0,4.0,9.0,,,,,,,0.0,,,,,,,,,,,16,1,2020_Jan_17_0959,FaceNameBlocked_revised,3.0.0,75.08635494380627,,NaN
57,Fem2Block.csv,Kelsey2.mp4,Kelsey.JPG,Kelsey,18.0,F,Nicole,Sarah,Courtney,Michelle,Jenna,Rebecca,Megan,Jessica,Lauren,Kelsey,9.0,0.0,2.0,2.0,1.0,,,,,0.0,6.0,6.0,9.0,,,,,, rebecca,"['r', 'e', 'b', 'e', 'c', 'c', 'a']","[1.4157353079936001, 1.5226837070076726, 1.7090144160029013, 1.855621485010488, 2.4022278870106675, 2.575152134988457, 2.7749987069983035]",5.0,2.0,9.0398373400094,,,16,1,2020_Jan_17_0959,FaceNameBlocked_revised,3.0.0,75.08635494380627,,1.4157353
120,Male3Block.csv,Kevin2.mp4,Kevin.JPG,Kevin,48.0,M,Mark,Andrew,Steven,Ethan,Kevin,Aaron,Justin,Caleb,Eric,Matthew,4.0,0.0,5.0,5.0,5.0,,,,,0.0,9.0,9.0,4.0,,,,,, kevin ,"['k', 'e', 'v', 'i', 'n', 'return', 'space']","[1.4414926999888849, 1.5350720690039452, 1.6955355310055893, 1.8013390880078077, 1.8812239310063887, 2.7870613519917242, 3.294654080993496]",4.0,4.0,1.7354259849817026,,,16,1,2020_Jan_17_0959,FaceNameBlocked_revised,3.0.0,75.08635494380627,,1.4414926
102,Male3Block.csv,Kevin2.mp4,Kevin.JPG,Kevin,48.0,M,Mark,Andrew,Steven,Ethan,Kevin,Aaron,Justin,Caleb,Eric,Matthew,4.0,0.0,5.0,5.0,5.0,0.0,1.0,1.0,4.0,,,,,,,0.0,,,,,,,,,,,16,1,2020_Jan_17_0959,FaceNameBlocked_revised,3.0.0,75.08635494380627,,NaN
18,Male2Block.csv,Kyle3.mp4,Kyle.JPG,Kyle,49.0,M,Noah,Brandon,Timothy,Daniel,Bradley,Jason,Nathan,Tyler,Brian,Kyle,9.0,0.0,0.0,0.0,4.0,,,,,0.0,7.0,7.0,9.0,,,,,, brandon,"['b', 'r', 'a', 'backspace', 'backspace', 'r', 'a', 'n', 'd', 'o', 'n']","[5.947176741989097, 6.027065642992966, 6.147300267999526, 6.626477104000514, 6.8659730139770545, 7.466668153996579, 7.599942031985847, 7.666294281982118, 7.772644181997748, 7.866748367989203, 7.946387379983207]",1.0,1.0,4.987368876027176,,,16,1,2020_Jan_17_0959,FaceNameBlocked_revised,3.0.0,75.08635494380627,,5.9471767
5,Male2Block.csv,Kyle3.mp4,Kyle.JPG,Kyle,49.0,M,Noah,Brandon,Timothy,Daniel,Bradley,Jason,Nathan,Tyler,Brian,Kyle,9.0,0.0,0.0,0.0,4.0,0.0,4.0,4.0,9.0,,,,,,,0.0,,,,,,,,,,,16,1,2020_Jan_17_0959,FaceNameBlocked_revised,3.0.0,75.08635494380627,,NaN
52,Fem2Block.csv,Lauren4.mp4,Lauren.JPG,Lauren,19.0,F,Nicole,Sarah,Courtney,Michelle,Jenna,Rebecca,Megan,Jessica,Lauren,Kelsey,8.0,0.0,2.0,2.0,1.0,,,,,0.0,1.0,1.0,8.0,,,,,, lauren,"['l', 'a', 'u', 'r', 'e', 'n']","[1.2684191840235144, 1.3750555830192752, 1.4952117960201576, 1.6019451360043604, 1.707880322006531, 1.8023976210097317]",5.0,5.0,1.7358466379810125,,,16,1,2020_Jan_17_0959,FaceNameBlocked_revised,3.0.0,75.08635494380627,,1.2684191
44,Fem2Block.csv,Lauren4.mp4,Lauren.JPG,Lauren,19.0,F,Nicole,Sarah,Courtney,Michelle,Jenna,Rebecca,Megan,Jessica,Lauren,Kelsey,8.0,0.0,2.0,2.0,1.0,0.0,3.0,3.0,8.0,,,,,,,1.0,,,,,,,,,,,16,1,2020_Jan_17_0959,FaceNameBlocked_revised,3.0.0,75.08635494380627,,NaN
108,Male3Block.csv,Mark3.mp4,Mark.JPG,Mark,50.0,M,Mark,Andrew,Steven,Ethan,Kevin,Aaron,Justin,Caleb,Eric,Matthew,0.0,0.0,5.0,5.0,5.0,0.0,7.0,7.0,0.0,,,,,,,1.0,,,,,,,,,,,16,1,2020_Jan_17_0959,FaceNameBlocked_revised,3.0.0,75.08635494380627,,NaN
117,Male3Block.csv,Mark3.mp4,Mark.JPG,Mark,50.0,M,Mark,Andrew,Steven,Ethan,Kevin,Aaron,Justin,Caleb,Eric,Matthew,0.0,0.0,5.0,5.0,5.0,,,,,0.0,6.0,6.0,0.0,,,,,, andrew,"['a', 'n', 'd', 'r', 'e', 'w']","[2.415729018015554, 2.522306548024062, 2.695369365013903, 2.8929839190095663, 3.0148040510248393, 3.092971573001705]",5.0,5.0,4.027840129012475,,,16,1,2020_Jan_17_0959,FaceNameBlocked_revised,3.0.0,75.08635494380627,,2.4157290
106,Male3Block.csv,Matthew2.mp4,Matthew.JPG,Matthew,51.0,M,Mark,Andrew,Steven,Ethan,Kevin,Aaron,Justin,Caleb,Eric,Matthew,9.0,0.0,5.0,5.0,5.0,0.0,5.0,5.0,9.0,,,,,,,0.0,,,,,,,,,,,16,1,2020_Jan_17_0959,FaceNameBlocked_revised,3.0.0,75.08635494380627,,NaN
118,Male3Block.csv,Matthew2.mp4,Matthew.JPG,Matthew,51.0,M,Mark,Andrew,Steven,Ethan,Kevin,Aaron,Justin,Caleb,Eric,Matthew,9.0,0.0,5.0,5.0,5.0,,,,,0.0,7.0,7.0,9.0,,,,,, matthew,"['m', 'a', 't', 't', 'h', 'e', 'w']","[5.026346997008659, 5.293863178987522, 6.052516169002047, 6.212596764991758, 6.359905071993126, 6.506372359988745, 6.612414497009013]",5.0,5.0,3.2013882670144085,,,16,1,2020_Jan_17_0959,FaceNameBlocked_revised,3.0.0,75.08635494380627,,5.0263469
51,Fem2Block.csv,Megan2.mp4,Megan.JPG,Megan,20.0,F,Nicole,Sarah,Courtney,Michelle,Jenna,Rebecca,Megan,Jessica,Lauren,Kelsey,6.0,0.0,2.0,2.0,1.0,,,,,0.0,0.0,0.0,6.0,,,,space,3.6818898930214345, ,None,,5.0,4.0,5.2139229839958725,,,16,1,2020_Jan_17_0959,FaceNameBlocked_revised,3.0.0,75.08635494380627,,NaN
50,Fem2Block.csv,Megan2.mp4,Megan.JPG,Megan,20.0,F,Nicole,Sarah,Courtney,Michelle,Jenna,Rebecca,Megan,Jessica,Lauren,Kelsey,6.0,0.0,2.0,2.0,1.0,0.0,9.0,9.0,6.0,,,,,,,0.0,,,,,,,,,,,16,1,2020_Jan_17_0959,FaceNameBlocked_revised,3.0.0,75.08635494380627,,NaN
69,Male1Block.csv,Michael2.mp4,Michael.JPG,Michael,52.0,M,Adam,Cody,Josh,Thomas,David,Jeremy,Trevor,Dylan,Michael,Jacob,8.0,0.0,3.0,3.0,3.0,0.0,8.0,8.0,8.0,,,,,,,1.0,,,,,,,,,,,16,1,2020_Jan_17_0959,FaceNameBlocked_revised,3.0.0,75.08635494380627,,NaN
75,Male1Block.csv,Michael2.mp4,Michael.JPG,Michael,52.0,M,Adam,Cody,Josh,Thomas,David,Jeremy,Trevor,Dylan,Michael,Jacob,8.0,0.0,3.0,3.0,3.0,,,,,0.0,4.0,4.0,8.0,,,,,, thomas,"['t', 'h', 'o', 'm', 'a', 's']","[4.81452450301731, 4.9215303210075945, 5.027843622025102, 5.200727939023636, 5.334331040998222, 5.440926462004427]",3.0,5.0,2.693851860007271,,,16,1,2020_Jan_17_0959,FaceNameBlocked_revised,3.0.0,75.08635494380627,,4.8145245
47,Fem2Block.csv,Michelle2.mp4,Michelle.JPG,Michelle,21.0,F,Nicole,Sarah,Courtney,Michelle,Jenna,Rebecca,Megan,Jessica,Lauren,Kelsey,3.0,0.0,2.0,2.0,1.0,0.0,6.0,6.0,3.0,,,,,,,1.0,,,,,,,,,,,16,1,2020_Jan_17_0959,FaceNameBlocked_revised,3.0.0,75.08635494380627,,NaN
53,Fem2Block.csv,Michelle2.mp4,Michelle.JPG,Michelle,21.0,F,Nicole,Sarah,Courtney,Michelle,Jenna,Rebecca,Megan,Jessica,Lauren,Kelsey,3.0,0.0,2.0,2.0,1.0,,,,,0.0,2.0,2.0,3.0,,,,,, ,None,,4.0,3.0,3.932644746004371,,,16,1,2020_Jan_17_0959,FaceNameBlocked_revised,3.0.0,75.08635494380627,,NaN
24,Fem1Block.csv,Natalie3.mp4,Natalie.JPG,Natalie,22.0,F,Natalie,Rachel,Amanda,Anna,Julia,Katie,Brittany,Ashley,Kayla,Emily,0.0,0.0,1.0,1.0,0.0,0.0,3.0,3.0,0.0,,,,,,,1.0,,,,,,,,,,,16,1,2020_Jan_17_0959,FaceNameBlocked_revised,3.0.0,75.08635494380627,,NaN
40,Fem1Block.csv,Natalie3.mp4,Natalie.JPG,Natalie,22.0,F,Natalie,Rachel,Amanda,Anna,Julia,Katie,Brittany,Ashley,Kayla,Emily,0.0,0.0,1.0,1.0,0.0,,,,,0.0,9.0,9.0,0.0,,,,,, ,None,,4.0,4.0,4.519146388018271,,,16,1,2020_Jan_17_0959,FaceNameBlocked_revised,3.0.0,75.08635494380627,,NaN
17,Male2Block.csv,Nathan3.mp4,Nathan.JPG,Nathan,53.0,M,Noah,Brandon,Timothy,Daniel,Bradley,Jason,Nathan,Tyler,Brian,Kyle,6.0,0.0,0.0,0.0,4.0,,,,,0.0,6.0,6.0,6.0,,,,,, jason,"['j', 'a', 's', 'o', 'n']","[5.427252910012612, 5.547066514991457, 5.627551968005719, 5.735173446009867, 5.774204271991039]",4.0,2.0,6.9474186029983676,,,16,1,2020_Jan_17_0959,FaceNameBlocked_revised,3.0.0,75.08635494380627,,5.4272529
10,Male2Block.csv,Nathan3.mp4,Nathan.JPG,Nathan,53.0,M,Noah,Brandon,Timothy,Daniel,Bradley,Jason,Nathan,Tyler,Brian,Kyle,6.0,0.0,0.0,0.0,4.0,0.0,9.0,9.0,6.0,,,,,,,0.0,,,,,,,,,,,16,1,2020_Jan_17_0959,FaceNameBlocked_revised,3.0.0,75.08635494380627,,NaN
60,Fem2Block.csv,Nicole2.mp4,Nicole.JPG,Nicole,23.0,F,Nicole,Sarah,Courtney,Michelle,Jenna,Rebecca,Megan,Jessica,Lauren,Kelsey,0.0,0.0,2.0,2.0,1.0,,,,,0.0,9.0,9.0,0.0,,,,,, m,"['m', 'i', 'c', 'h', 'e', 'l', 'l', 'e', 'backspace', 'backspace', 'backspace', 'backspace', 'backspace', 'backspace', 'backspace']","[3.067972801014548, 3.307762376003666, 3.558972850005375, 3.720909506024327, 3.9067500170203857, 4.158542957011377, 4.294027001014911, 4.413790731021436, 7.278999811009271, 9.132021665020147, 9.29159890502342, 9.438378098013345, 9.571729659015546, 9.677579282026272, 9.851539321010932]",1.0,5.0,5.134190856013447,,,16,1,2020_Jan_17_0959,FaceNameBlocked_revised,3.0.0,75.08635494380627,,3.0679728
48,Fem2Block.csv,Nicole2.mp4,Nicole.JPG,Nicole,23.0,F,Nicole,Sarah,Courtney,Michelle,Jenna,Rebecca,Megan,Jessica,Lauren,Kelsey,0.0,0.0,2.0,2.0,1.0,0.0,7.0,7.0,0.0,,,,,,,1.0,,,,,,,,,,,16,1,2020_Jan_17_0959,FaceNameBlocked_revised,3.0.0,75.08635494380627,,NaN
1,Male2Block.csv,Noah2.mp4,Noah.JPG,Noah,54.0,M,Noah,Brandon,Timothy,Daniel,Bradley,Jason,Nathan,Tyler,Brian,Kyle,0.0,0.0,0.0,0.0,4.0,0.0,0.0,0.0,0.0,,,,,,,1.0,,,,,,,,,,,16,1,2020_Jan_17_0959,FaceNameBlocked_revised,3.0.0,75.08635494380627,,NaN
20,Male2Block.csv,Noah2.mp4,Noah.JPG,Noah,54.0,M,Noah,Brandon,Timothy,Daniel,Bradley,Jason,Nathan,Tyler,Brian,Kyle,0.0,0.0,0.0,0.0,4.0,,,,,0.0,9.0,9.0,0.0,,,,,, tyler,"['t', 'y', 'l', 'e', 'r']","[5.60009115198045, 5.70719571999507, 5.853473575989483, 5.919841547001852, 5.999458407983184]",1.0,5.0,6.707509646017571,,,16,1,2020_Jan_17_0959,FaceNameBlocked_revised,3.0.0,75.08635494380627,,5.6000911
89,Fem3Block.csv,Olivia3.mp4,Olivia.JPG,Olivia,24.0,F,Taylor,Brianna,Hannah,Haley,Heather,Shelby,Danielle,Alyssa,Grace,Olivia,9.0,0.0,4.0,4.0,2.0,0.0,8.0,8.0,9.0,,,,,,,0.0,,,,,,,,,,,16,1,2020_Jan_17_0959,FaceNameBlocked_revised,3.0.0,75.08635494380627,,NaN
99,Fem3Block.csv,Olivia3.mp4,Olivia.JPG,Olivia,24.0,F,Taylor,Brianna,Hannah,Haley,Heather,Shelby,Danielle,Alyssa,Grace,Olivia,9.0,0.0,4.0,4.0,2.0,,,,,0.0,8.0,8.0,9.0,,,,,, olivia,"['o', 'l', 'i', 'v', 'i', 'a']","[3.5485532940074336, 3.774687716009794, 3.922343415004434, 4.388408969010925, 4.6280989999941085, 4.921213649009587]",2.0,2.0,1.6959913999889975,,,16,1,2020_Jan_17_0959,FaceNameBlocked_revised,3.0.0,75.08635494380627,,3.5485532
29,Fem1Block.csv,Rachel3.mp4,Rachel.JPG,Rachel,25.0,F,Natalie,Rachel,Amanda,Anna,Julia,Katie,Brittany,Ashley,Kayla,Emily,1.0,0.0,1.0,1.0,0.0,0.0,8.0,8.0,1.0,,,,,,,0.0,,,,,,,,,,,16,1,2020_Jan_17_0959,FaceNameBlocked_revised,3.0.0,75.08635494380627,,NaN
34,Fem1Block.csv,Rachel3.mp4,Rachel.JPG,Rachel,25.0,F,Natalie,Rachel,Amanda,Anna,Julia,Katie,Brittany,Ashley,Kayla,Emily,1.0,0.0,1.0,1.0,0.0,,,,,0.0,3.0,3.0,1.0,,,,,,rachel,"['e', 'm', 'i', 'l', 'y', 'backspace', 'backspace', 'backspace', 'backspace', 'backspace', 'backspace', 'r', 'a', 'c', 'h', 'e', 'l']","[1.616130273003364, 1.7359018139832187, 1.9088701180007774, 2.0823469540046062, 2.18874014398898, 5.346825702989008, 5.520808801986277, 5.6668429099954665, 5.80053832300473, 5.920280727994395, 6.0534884840017185, 6.187801544991089, 6.267788375989767, 6.400746464001713, 6.533858203009004, 6.613939411996398, 6.707694687007461]",3.0,3.0,2.2282650530105457,,,16,1,2020_Jan_17_0959,FaceNameBlocked_revised,3.0.0,75.08635494380627,,1.6161302
59,Fem2Block.csv,Rebecca3.mp4,Rebecca.JPG,Rebecca,26.0,F,Nicole,Sarah,Courtney,Michelle,Jenna,Rebecca,Megan,Jessica,Lauren,Kelsey,5.0,0.0,2.0,2.0,1.0,,,,,0.0,8.0,8.0,5.0,,,,,, rebecca,"['r', 'e', 'b', 'e', 'c', 'c', 'a']","[1.2947771470062435, 1.4286545749928337, 1.534800677007297, 1.6547112690168433, 1.8288523700030055, 2.0023784349905327, 2.134776769002201]",3.0,3.0,2.0674811940116338,,,16,1,2020_Jan_17_0959,FaceNameBlocked_revised,3.0.0,75.08635494380627,,1.2947771
49,Fem2Block.csv,Rebecca3.mp4,Rebecca.JPG,Rebecca,26.0,F,Nicole,Sarah,Courtney,Michelle,Jenna,Rebecca,Megan,Jessica,Lauren,Kelsey,5.0,0.0,2.0,2.0,1.0,0.0,8.0,8.0,5.0,,,,,,,1.0,,,,,,,,,,,16,1,2020_Jan_17_0959,FaceNameBlocked_revised,3.0.0,75.08635494380627,,NaN
55,Fem2Block.csv,Sarah2.mp4,Sarah.JPG,Sarah,27.0,F,Nicole,Sarah,Courtney,Michelle,Jenna,Rebecca,Megan,Jessica,Lauren,Kelsey,1.0,0.0,2.0,2.0,1.0,,,,,0.0,4.0,4.0,1.0,,,,,, sarah,"['s', 'a', 'r', 'a', 'h']","[1.1357793569914065, 1.2283181209932081, 1.322031905001495, 1.4285022159747314, 1.549049113993533]",3.0,3.0,1.7598442159942351,,,16,1,2020_Jan_17_0959,FaceNameBlocked_revised,3.0.0,75.08635494380627,,1.1357793
42,Fem2Block.csv,Sarah2.mp4,Sarah.JPG,Sarah,27.0,F,Nicole,Sarah,Courtney,Michelle,Jenna,Rebecca,Megan,Jessica,Lauren,Kelsey,1.0,0.0,2.0,2.0,1.0,0.0,1.0,1.0,1.0,,,,,,,0.0,,,,,,,,,,,16,1,2020_Jan_17_0959,FaceNameBlocked_revised,3.0.0,75.08635494380627,,NaN
93,Fem3Block.csv,Shelby2.mp4,Shelby.JPG,Shelby,28.0,F,Taylor,Brianna,Hannah,Haley,Heather,Shelby,Danielle,Alyssa,Grace,Olivia,5.0,0.0,4.0,4.0,2.0,,,,,0.0,2.0,2.0,5.0,,,,,, shelby,"['s', 'h', 'e', 'l', 'b', 'y']","[4.1087361380050424, 4.188254581007641, 4.30799532099627, 4.388495905004675, 4.5083350889908615, 4.721455204009544]",5.0,5.0,2.868339186999947,,,16,1,2020_Jan_17_0959,FaceNameBlocked_revised,3.0.0,75.08635494380627,,4.1087361
86,Fem3Block.csv,Shelby2.mp4,Shelby.JPG,Shelby,28.0,F,Taylor,Brianna,Hannah,Haley,Heather,Shelby,Danielle,Alyssa,Grace,Olivia,5.0,0.0,4.0,4.0,2.0,0.0,5.0,5.0,5.0,,,,,,,1.0,,,,,,,,,,,16,1,2020_Jan_17_0959,FaceNameBlocked_revised,3.0.0,75.08635494380627,,NaN
103,Male3Block.csv,Steven2.mp4,Steven.JPG,Steven,55.0,M,Mark,Andrew,Steven,Ethan,Kevin,Aaron,Justin,Caleb,Eric,Matthew,2.0,0.0,5.0,5.0,5.0,0.0,2.0,2.0,2.0,,,,,,,1.0,,,,,,,,,,,16,1,2020_Jan_17_0959,FaceNameBlocked_revised,3.0.0,75.08635494380627,,NaN
114,Male3Block.csv,Steven2.mp4,Steven.JPG,Steven,55.0,M,Mark,Andrew,Steven,Ethan,Kevin,Aaron,Justin,Caleb,Eric,Matthew,2.0,0.0,5.0,5.0,5.0,,,,,0.0,3.0,3.0,2.0,,,,,, steven,"['s', 't', 'e', 'v', 'e', 'n']","[0.9087765130097978, 1.0290178110008128, 1.1485108410124667, 1.3348626859951764, 1.441485712013673, 1.546513830020558]",1.0,1.0,1.4263672630186193,,,16,1,2020_Jan_17_0959,FaceNameBlocked_revised,3.0.0,75.08635494380627,,0.9087765
88,Fem3Block.csv,Taylor4.mp4,Taylor.JPG,Taylor,29.0,F,Taylor,Brianna,Hannah,Haley,Heather,Shelby,Danielle,Alyssa,Grace,Olivia,0.0,0.0,4.0,4.0,2.0,0.0,7.0,7.0,0.0,,,,,,,1.0,,,,,,,,,,,16,1,2020_Jan_17_0959,FaceNameBlocked_revised,3.0.0,75.08635494380627,,NaN
91,Fem3Block.csv,Taylor4.mp4,Taylor.JPG,Taylor,29.0,F,Taylor,Brianna,Hannah,Haley,Heather,Shelby,Danielle,Alyssa,Grace,Olivia,0.0,0.0,4.0,4.0,2.0,,,,,0.0,0.0,0.0,0.0,,,,space,1.1629588729992977, kayla,"['k', 'a', 'y', 'l', 'a']","[5.135036159976153, 5.28088526299689, 5.401384718978079, 5.561209137988044, 5.601461784972344]",5.0,4.0,4.014418075006688,,,16,1,2020_Jan_17_0959,FaceNameBlocked_revised,3.0.0,75.08635494380627,,5.1350361
73,Male1Block.csv,Thomas2.mp4,Thomas.JPG,Thomas,56.0,M,Adam,Cody,Josh,Thomas,David,Jeremy,Trevor,Dylan,Michael,Jacob,3.0,0.0,3.0,3.0,3.0,,,,,0.0,2.0,2.0,3.0,,,,,, ,None,,1.0,1.0,2.8676037239783914,,,16,1,2020_Jan_17_0959,FaceNameBlocked_revised,3.0.0,75.08635494380627,,NaN
65,Male1Block.csv,Thomas2.mp4,Thomas.JPG,Thomas,56.0,M,Adam,Cody,Josh,Thomas,David,Jeremy,Trevor,Dylan,Michael,Jacob,3.0,0.0,3.0,3.0,3.0,0.0,4.0,4.0,3.0,,,,,,,1.0,,,,,,,,,,,16,1,2020_Jan_17_0959,FaceNameBlocked_revised,3.0.0,75.08635494380627,,NaN
16,Male2Block.csv,Timothy3.mp4,Timothy.JPG,Timothy,57.0,M,Noah,Brandon,Timothy,Daniel,Bradley,Jason,Nathan,Tyler,Brian,Kyle,2.0,0.0,0.0,0.0,4.0,,,,,0.0,5.0,5.0,2.0,,,,,, nathan,"['n', 'a', 't', 'h', 'a', 'n']","[8.026307056978112, 8.146261165995384, 8.266593551001279, 8.372680914995726, 8.466296044993214, 8.559787795995362]",3.0,2.0,3.93456559398328,,,16,1,2020_Jan_17_0959,FaceNameBlocked_revised,3.0.0,75.08635494380627,,8.0263070
3,Male2Block.csv,Timothy3.mp4,Timothy.JPG,Timothy,57.0,M,Noah,Brandon,Timothy,Daniel,Bradley,Jason,Nathan,Tyler,Brian,Kyle,2.0,0.0,0.0,0.0,4.0,0.0,2.0,2.0,2.0,,,,,,,1.0,,,,,,,,,,,16,1,2020_Jan_17_0959,FaceNameBlocked_revised,3.0.0,75.08635494380627,,NaN
64,Male1Block.csv,Trevor2.mp4,Trevor.JPG,Trevor,58.0,M,Adam,Cody,Josh,Thomas,David,Jeremy,Trevor,Dylan,Michael,Jacob,6.0,0.0,3.0,3.0,3.0,0.0,3.0,3.0,6.0,,,,,,,0.0,,,,,,,,,,,16,1,2020_Jan_17_0959,FaceNameBlocked_revised,3.0.0,75.08635494380627,,NaN
74,Male1Block.csv,Trevor2.mp4,Trevor.JPG,Trevor,58.0,M,Adam,Cody,Josh,Thomas,David,Jeremy,Trevor,Dylan,Michael,Jacob,6.0,0.0,3.0,3.0,3.0,,,,,0.0,3.0,3.0,6.0,,,,,, trevor,"['t', 'r', 'e', 'v', 'o', 'r']","[2.121682819997659, 2.3346389759972226, 2.4280767570016906, 2.6946190430026036, 2.800752304989146, 2.908028917008778]",5.0,5.0,2.0955420119862542,,,16,1,2020_Jan_17_0959,FaceNameBlocked_revised,3.0.0,75.08635494380627,,2.1216828
15,Male2Block.csv,Tyler3.mp4,Tyler.JPG,Tyler,59.0,M,Noah,Brandon,Timothy,Daniel,Bradley,Jason,Nathan,Tyler,Brian,Kyle,7.0,0.0,0.0,0.0,4.0,,,,,0.0,4.0,4.0,7.0,,,,,, noah,"['n', 'o', 'a', 'h']","[2.4944782799866516, 2.6285447779810056, 2.7330299819877837, 2.854426837002393]",3.0,3.0,7.200254747003783,,,16,1,2020_Jan_17_0959,FaceNameBlocked_revised,3.0.0,75.08635494380627,,2.4944782
2,Male2Block.csv,Tyler3.mp4,Tyler.JPG,Tyler,59.0,M,Noah,Brandon,Timothy,Daniel,Bradley,Jason,Nathan,Tyler,Brian,Kyle,7.0,0.0,0.0,0.0,4.0,0.0,1.0,1.0,7.0,,,,,,,0.0,,,,,,,,,,,16,1,2020_Jan_17_0959,FaceNameBlocked_revised,3.0.0,75.08635494380627,,NaN
0,,,,,,,,,,,,,,,,,,,,,,,,,,,,,,space,366.7099982970104,,,,,,,,,,,,16,1,2020_Jan_17_0959,FaceNameBlocked_revised,3.0.0,75.08635494380627,,NaN
121,,,,,,,,,,,,,,,,,,,,,,,,,,,,,,,,,,,,,,,,,space,438.7780313900148,16,1,2020_Jan_17_0959,FaceNameBlocked_revised,3.0.0,75.08635494380627,,NaN
