,condsBlockFile,Video,Photo,Name,Row,Gender,N1,N2,N3,N4,N5,N6,N7,N8,N9,N10,Row2,blocks.thisRepN,blocks.thisTrialN,blocks.thisN,blocks.thisIndex,presentations.thisRepN,presentations.thisTrialN,presentations.thisN,presentations.thisIndex,testing.thisRepN,testing.thisTrialN,testing.thisN,testing.thisIndex,advance_1.keys,advance_1.rt,currentCond,advance_2.keys,advance_2.rt,inputText,key_resp_3.keys,key_resp_3.rt,correctRecogSelection,keyResponse.keys,keyResponse.rt,end_key.keys,end_key.rt,participant,session,date,expName,psychopyVersion,frameRate,Unnamed: 48,key_resp3_fin
66,Male2Block.csv,Aaron2.mp4,Aaron.JPG,Aaron,30.0,M,Brandon,Kevin,Cody,Noah,Justin,Matthew,Aaron,David,Daniel,Tyler,6.0,0.0,3.0,3.0,4.0,0.0,5.0,5.0,6.0,,,,,,,0.0,,,,,,,,,,,17,1,2020_Jan_17_1053,FaceNameBlocked_revised,3.0.0,84.88134627875883,,NaN
77,Male2Block.csv,Aaron2.mp4,Aaron.JPG,Aaron,30.0,M,Brandon,Kevin,Cody,Noah,Justin,Matthew,Aaron,David,Daniel,Tyler,6.0,0.0,3.0,3.0,4.0,,,,,0.0,6.0,6.0,6.0,,,,,, ,None,,5.0,5.0,5.527482297969981,,,17,1,2020_Jan_17_1053,FaceNameBlocked_revised,3.0.0,84.88134627875883,,NaN
18,Male1Block.csv,Adam4.mp4,Adam.JPG,Adam,31.0,M,Josh,Michael,Nathan,Jacob,Bradley,Adam,Steven,Eric,Andrew,Kyle,5.0,0.0,0.0,0.0,3.0,,,,,0.0,7.0,7.0,5.0,,,,,, ,None,,3.0,3.0,5.084007962024772,,,17,1,2020_Jan_17_1053,FaceNameBlocked_revised,3.0.0,84.88134627875883,,NaN
5,Male1Block.csv,Adam4.mp4,Adam.JPG,Adam,31.0,M,Josh,Michael,Nathan,Jacob,Bradley,Adam,Steven,Eric,Andrew,Kyle,5.0,0.0,0.0,0.0,3.0,0.0,4.0,4.0,5.0,,,,,,,1.0,,,,,,,,,,,17,1,2020_Jan_17_1053,FaceNameBlocked_revised,3.0.0,84.88134627875883,,NaN
99,Fem1Block.csv,Alyssa3.mp4,Alyssa.JPG,Alyssa,0.0,F,Brianna,Jessica,Anna,Rachel,Alyssa,Danielle,Rebecca,Julia,Emily,Nicole,4.0,0.0,4.0,4.0,0.0,,,,,0.0,8.0,8.0,4.0,,,,,, alyssa,"['a', 'l', 'y', 's', 's', 'a']","[1.578604570007883, 1.7558765050489455, 2.108491854975, 2.284438590053469, 2.484735719044693, 2.884872238035314]",5.0,5.0,1.4843522160081193,,,17,1,2020_Jan_17_1053,FaceNameBlocked_revised,3.0.0,84.88134627875883,,1.5786045
81,Fem1Block.csv,Alyssa3.mp4,Alyssa.JPG,Alyssa,0.0,F,Brianna,Jessica,Anna,Rachel,Alyssa,Danielle,Rebecca,Julia,Emily,Nicole,4.0,0.0,4.0,4.0,0.0,0.0,0.0,0.0,4.0,,,,,,,0.0,,,,,,,,,,,17,1,2020_Jan_17_1053,FaceNameBlocked_revised,3.0.0,84.88134627875883,,NaN
107,Fem3Block.csv,Amanda3.mp4,Amanda.JPG,Amanda,1.0,F,Kayla,Ashley,Kelsey,Katie,Shelby,Heather,Courtney,Amanda,Megan,Taylor,7.0,0.0,5.0,5.0,2.0,0.0,6.0,6.0,7.0,,,,,,,1.0,,,,,,,,,,,17,1,2020_Jan_17_1053,FaceNameBlocked_revised,3.0.0,84.88134627875883,,NaN
114,Fem3Block.csv,Amanda3.mp4,Amanda.JPG,Amanda,1.0,F,Kayla,Ashley,Kelsey,Katie,Shelby,Heather,Courtney,Amanda,Megan,Taylor,7.0,0.0,5.0,5.0,2.0,,,,,0.0,3.0,3.0,7.0,,,,,, ,None,,5.0,4.0,5.318566103000193,,,17,1,2020_Jan_17_1053,FaceNameBlocked_revised,3.0.0,84.88134627875883,,NaN
6,Male1Block.csv,Andrew2.mp4,Andrew.JPG,Andrew,32.0,M,Josh,Michael,Nathan,Jacob,Bradley,Adam,Steven,Eric,Andrew,Kyle,8.0,0.0,0.0,0.0,3.0,0.0,5.0,5.0,8.0,,,,,,,1.0,,,,,,,,,,,17,1,2020_Jan_17_1053,FaceNameBlocked_revised,3.0.0,84.88134627875883,,NaN
11,Male1Block.csv,Andrew2.mp4,Andrew.JPG,Andrew,32.0,M,Josh,Michael,Nathan,Jacob,Bradley,Adam,Steven,Eric,Andrew,Kyle,8.0,0.0,0.0,0.0,3.0,,,,,0.0,0.0,0.0,8.0,,,,space,19.96316074591596, eric ,"['e', 'r', 'i', 'c', 'return', 'space']","[2.09422422607895, 2.331242326996289, 2.614165486069396, 2.814221577020362, 3.49586620205082, 4.683965668082237]",5.0,1.0,35.95646347198635,,,17,1,2020_Jan_17_1053,FaceNameBlocked_revised,3.0.0,84.88134627875883,,2.0942242
95,Fem1Block.csv,Anna3.mp4,Anna.JPG,Anna,2.0,F,Brianna,Jessica,Anna,Rachel,Alyssa,Danielle,Rebecca,Julia,Emily,Nicole,2.0,0.0,4.0,4.0,0.0,,,,,0.0,4.0,4.0,2.0,,,,,, ,None,,4.0,4.0,5.224280950031243,,,17,1,2020_Jan_17_1053,FaceNameBlocked_revised,3.0.0,84.88134627875883,,NaN
89,Fem1Block.csv,Anna3.mp4,Anna.JPG,Anna,2.0,F,Brianna,Jessica,Anna,Rachel,Alyssa,Danielle,Rebecca,Julia,Emily,Nicole,2.0,0.0,4.0,4.0,0.0,0.0,8.0,8.0,2.0,,,,,,,1.0,,,,,,,,,,,17,1,2020_Jan_17_1053,FaceNameBlocked_revised,3.0.0,84.88134627875883,,NaN
115,Fem3Block.csv,Ashley3.mp4,Ashley.JPG,Ashley,3.0,F,Kayla,Ashley,Kelsey,Katie,Shelby,Heather,Courtney,Amanda,Megan,Taylor,1.0,0.0,5.0,5.0,2.0,,,,,0.0,4.0,4.0,1.0,,,,,, ,None,,5.0,4.0,6.564458559965716,,,17,1,2020_Jan_17_1053,FaceNameBlocked_revised,3.0.0,84.88134627875883,,NaN
104,Fem3Block.csv,Ashley3.mp4,Ashley.JPG,Ashley,3.0,F,Kayla,Ashley,Kelsey,Katie,Shelby,Heather,Courtney,Amanda,Megan,Taylor,1.0,0.0,5.0,5.0,2.0,0.0,3.0,3.0,1.0,,,,,,,1.0,,,,,,,,,,,17,1,2020_Jan_17_1053,FaceNameBlocked_revised,3.0.0,84.88134627875883,,NaN
16,Male1Block.csv,Bradley3.mp4,Bradley.JPG,Bradley,33.0,M,Josh,Michael,Nathan,Jacob,Bradley,Adam,Steven,Eric,Andrew,Kyle,4.0,0.0,0.0,0.0,3.0,,,,,0.0,5.0,5.0,4.0,,,,,, ,None,,2.0,1.0,4.152240113005973,,,17,1,2020_Jan_17_1053,FaceNameBlocked_revised,3.0.0,84.88134627875883,,NaN
7,Male1Block.csv,Bradley3.mp4,Bradley.JPG,Bradley,33.0,M,Josh,Michael,Nathan,Jacob,Bradley,Adam,Steven,Eric,Andrew,Kyle,4.0,0.0,0.0,0.0,3.0,0.0,6.0,6.0,4.0,,,,,,,0.0,,,,,,,,,,,17,1,2020_Jan_17_1053,FaceNameBlocked_revised,3.0.0,84.88134627875883,,NaN
64,Male2Block.csv,Brandon2.mp4,Brandon.JPG,Brandon,34.0,M,Brandon,Kevin,Cody,Noah,Justin,Matthew,Aaron,David,Daniel,Tyler,0.0,0.0,3.0,3.0,4.0,0.0,3.0,3.0,0.0,,,,,,,0.0,,,,,,,,,,,17,1,2020_Jan_17_1053,FaceNameBlocked_revised,3.0.0,84.88134627875883,,NaN
72,Male2Block.csv,Brandon2.mp4,Brandon.JPG,Brandon,34.0,M,Brandon,Kevin,Cody,Noah,Justin,Matthew,Aaron,David,Daniel,Tyler,0.0,0.0,3.0,3.0,4.0,,,,,0.0,1.0,1.0,0.0,,,,,, ,None,,4.0,5.0,8.5524460360175,,,17,1,2020_Jan_17_1053,FaceNameBlocked_revised,3.0.0,84.88134627875883,,NaN
52,Male3Block.csv,Brian2.mp4,Brian.JPG,Brian,35.0,M,Mark,Ethan,Thomas,Dylan,Jason,Brian,Trevor,Caleb,Jeremy,Timothy,5.0,0.0,2.0,2.0,5.0,,,,,0.0,1.0,1.0,5.0,,,,,, caleb,"['c', 'a', 'l', 'e', 'b']","[6.2358624410117045, 6.458885409054346, 6.729979839990847, 6.882621798082255, 7.035540768993087]",5.0,5.0,13.207968087983318,,,17,1,2020_Jan_17_1053,FaceNameBlocked_revised,3.0.0,84.88134627875883,,6.2358624
48,Male3Block.csv,Brian2.mp4,Brian.JPG,Brian,35.0,M,Mark,Ethan,Thomas,Dylan,Jason,Brian,Trevor,Caleb,Jeremy,Timothy,5.0,0.0,2.0,2.0,5.0,0.0,7.0,7.0,5.0,,,,,,,1.0,,,,,,,,,,,17,1,2020_Jan_17_1053,FaceNameBlocked_revised,3.0.0,84.88134627875883,,NaN
84,Fem1Block.csv,Brianna2.mp4,Brianna.JPG,Brianna,4.0,F,Brianna,Jessica,Anna,Rachel,Alyssa,Danielle,Rebecca,Julia,Emily,Nicole,0.0,0.0,4.0,4.0,0.0,0.0,3.0,3.0,0.0,,,,,,,0.0,,,,,,,,,,,17,1,2020_Jan_17_1053,FaceNameBlocked_revised,3.0.0,84.88134627875883,,NaN
96,Fem1Block.csv,Brianna2.mp4,Brianna.JPG,Brianna,4.0,F,Brianna,Jessica,Anna,Rachel,Alyssa,Danielle,Rebecca,Julia,Emily,Nicole,0.0,0.0,4.0,4.0,0.0,,,,,0.0,5.0,5.0,0.0,,,,,, ,None,,4.0,3.0,7.412821991019883,,,17,1,2020_Jan_17_1053,FaceNameBlocked_revised,3.0.0,84.88134627875883,,NaN
38,Fem2Block.csv,Brittany2.mp4,Brittany.JPG,Brittany,5.0,F,Michelle,Grace,Sarah,Jenna,Natalie,Haley,Brittany,Lauren,Hannah,Olivia,6.0,0.0,1.0,1.0,1.0,,,,,0.0,7.0,7.0,6.0,,,,,, ,None,,2.0,2.0,5.59928567300085,,,17,1,2020_Jan_17_1053,FaceNameBlocked_revised,3.0.0,84.88134627875883,,NaN
29,Fem2Block.csv,Brittany2.mp4,Brittany.JPG,Brittany,5.0,F,Michelle,Grace,Sarah,Jenna,Natalie,Haley,Brittany,Lauren,Hannah,Olivia,6.0,0.0,1.0,1.0,1.0,0.0,8.0,8.0,6.0,,,,,,,0.0,,,,,,,,,,,17,1,2020_Jan_17_1053,FaceNameBlocked_revised,3.0.0,84.88134627875883,,NaN
57,Male3Block.csv,Caleb5.mp4,Caleb.JPG,Caleb,36.0,M,Mark,Ethan,Thomas,Dylan,Jason,Brian,Trevor,Caleb,Jeremy,Timothy,7.0,0.0,2.0,2.0,5.0,,,,,0.0,6.0,6.0,7.0,,,,,, ,None,,5.0,2.0,7.247216547024436,,,17,1,2020_Jan_17_1053,FaceNameBlocked_revised,3.0.0,84.88134627875883,,NaN
47,Male3Block.csv,Caleb5.mp4,Caleb.JPG,Caleb,36.0,M,Mark,Ethan,Thomas,Dylan,Jason,Brian,Trevor,Caleb,Jeremy,Timothy,7.0,0.0,2.0,2.0,5.0,0.0,6.0,6.0,7.0,,,,,,,1.0,,,,,,,,,,,17,1,2020_Jan_17_1053,FaceNameBlocked_revised,3.0.0,84.88134627875883,,NaN
75,Male2Block.csv,Cody2.mp4,Cody.JPG,Cody,37.0,M,Brandon,Kevin,Cody,Noah,Justin,Matthew,Aaron,David,Daniel,Tyler,2.0,0.0,3.0,3.0,4.0,,,,,0.0,4.0,4.0,2.0,,,,,, cody,"['c', 'o', 'd', 'y']","[7.14272256300319, 7.330033370992169, 7.448186918045394, 7.636125680059195]",5.0,5.0,2.072917146026157,,,17,1,2020_Jan_17_1053,FaceNameBlocked_revised,3.0.0,84.88134627875883,,7.1427225
63,Male2Block.csv,Cody2.mp4,Cody.JPG,Cody,37.0,M,Brandon,Kevin,Cody,Noah,Justin,Matthew,Aaron,David,Daniel,Tyler,2.0,0.0,3.0,3.0,4.0,0.0,2.0,2.0,2.0,,,,,,,1.0,,,,,,,,,,,17,1,2020_Jan_17_1053,FaceNameBlocked_revised,3.0.0,84.88134627875883,,NaN
101,Fem3Block.csv,Courtney2.mp4,Courtney.JPG,Courtney,6.0,F,Kayla,Ashley,Kelsey,Katie,Shelby,Heather,Courtney,Amanda,Megan,Taylor,6.0,0.0,5.0,5.0,2.0,0.0,0.0,0.0,6.0,,,,,,,0.0,,,,,,,,,,,17,1,2020_Jan_17_1053,FaceNameBlocked_revised,3.0.0,84.88134627875883,,NaN
118,Fem3Block.csv,Courtney2.mp4,Courtney.JPG,Courtney,6.0,F,Kayla,Ashley,Kelsey,Katie,Shelby,Heather,Courtney,Amanda,Megan,Taylor,6.0,0.0,5.0,5.0,2.0,,,,,0.0,7.0,7.0,6.0,,,,,, ,None,,4.0,4.0,6.905760430032388,,,17,1,2020_Jan_17_1053,FaceNameBlocked_revised,3.0.0,84.88134627875883,,NaN
62,Male2Block.csv,Daniel3.mp4,Daniel.JPG,Daniel,38.0,M,Brandon,Kevin,Cody,Noah,Justin,Matthew,Aaron,David,Daniel,Tyler,8.0,0.0,3.0,3.0,4.0,0.0,1.0,1.0,8.0,,,,,,,1.0,,,,,,,,,,,17,1,2020_Jan_17_1053,FaceNameBlocked_revised,3.0.0,84.88134627875883,,NaN
80,Male2Block.csv,Daniel3.mp4,Daniel.JPG,Daniel,38.0,M,Brandon,Kevin,Cody,Noah,Justin,Matthew,Aaron,David,Daniel,Tyler,8.0,0.0,3.0,3.0,4.0,,,,,0.0,9.0,9.0,8.0,,,,,, ,None,,2.0,2.0,5.188771818066017,,,17,1,2020_Jan_17_1053,FaceNameBlocked_revised,3.0.0,84.88134627875883,,NaN
86,Fem1Block.csv,Danielle2.mp4,Danielle.JPG,Danielle,7.0,F,Brianna,Jessica,Anna,Rachel,Alyssa,Danielle,Rebecca,Julia,Emily,Nicole,5.0,0.0,4.0,4.0,0.0,0.0,5.0,5.0,5.0,,,,,,,1.0,,,,,,,,,,,17,1,2020_Jan_17_1053,FaceNameBlocked_revised,3.0.0,84.88134627875883,,NaN
100,Fem1Block.csv,Danielle2.mp4,Danielle.JPG,Danielle,7.0,F,Brianna,Jessica,Anna,Rachel,Alyssa,Danielle,Rebecca,Julia,Emily,Nicole,5.0,0.0,4.0,4.0,0.0,,,,,0.0,9.0,9.0,5.0,,,,,, danielle,"['d', 'a', 'n', 'i', 'e', 'l', 'l', 'e']","[1.9426200779853389, 2.4016103650210425, 2.6134733160724863, 2.9774725990137085, 3.2135778489755467, 3.52861296501942, 3.7306667040102184, 3.906802586046979]",5.0,5.0,1.6719551050337031,,,17,1,2020_Jan_17_1053,FaceNameBlocked_revised,3.0.0,84.88134627875883,,1.9426200
61,Male2Block.csv,David2.mp4,David.JPG,David,39.0,M,Brandon,Kevin,Cody,Noah,Justin,Matthew,Aaron,David,Daniel,Tyler,7.0,0.0,3.0,3.0,4.0,0.0,0.0,0.0,7.0,,,,,,,1.0,,,,,,,,,,,17,1,2020_Jan_17_1053,FaceNameBlocked_revised,3.0.0,84.88134627875883,,NaN
74,Male2Block.csv,David2.mp4,David.JPG,David,39.0,M,Brandon,Kevin,Cody,Noah,Justin,Matthew,Aaron,David,Daniel,Tyler,7.0,0.0,3.0,3.0,4.0,,,,,0.0,3.0,3.0,7.0,,,,,, ,None,,3.0,5.0,7.023236214998177,,,17,1,2020_Jan_17_1053,FaceNameBlocked_revised,3.0.0,84.88134627875883,,NaN
50,Male3Block.csv,Dylan3.mp4,Dylan.JPG,Dylan,40.0,M,Mark,Ethan,Thomas,Dylan,Jason,Brian,Trevor,Caleb,Jeremy,Timothy,3.0,0.0,2.0,2.0,5.0,0.0,9.0,9.0,3.0,,,,,,,0.0,,,,,,,,,,,17,1,2020_Jan_17_1053,FaceNameBlocked_revised,3.0.0,84.88134627875883,,NaN
54,Male3Block.csv,Dylan3.mp4,Dylan.JPG,Dylan,40.0,M,Mark,Ethan,Thomas,Dylan,Jason,Brian,Trevor,Caleb,Jeremy,Timothy,3.0,0.0,2.0,2.0,5.0,,,,,0.0,3.0,3.0,3.0,,,,,, ,None,,2.0,2.0,8.294402975006959,,,17,1,2020_Jan_17_1053,FaceNameBlocked_revised,3.0.0,84.88134627875883,,NaN
92,Fem1Block.csv,Emily5.mp4,Emily.JPG,Emily,8.0,F,Brianna,Jessica,Anna,Rachel,Alyssa,Danielle,Rebecca,Julia,Emily,Nicole,8.0,0.0,4.0,4.0,0.0,,,,,0.0,1.0,1.0,8.0,,,,,, ,None,,1.0,4.0,10.80943155195564,,,17,1,2020_Jan_17_1053,FaceNameBlocked_revised,3.0.0,84.88134627875883,,NaN
90,Fem1Block.csv,Emily5.mp4,Emily.JPG,Emily,8.0,F,Brianna,Jessica,Anna,Rachel,Alyssa,Danielle,Rebecca,Julia,Emily,Nicole,8.0,0.0,4.0,4.0,0.0,0.0,9.0,9.0,8.0,,,,,,,1.0,,,,,,,,,,,17,1,2020_Jan_17_1053,FaceNameBlocked_revised,3.0.0,84.88134627875883,,NaN
1,Male1Block.csv,Eric2.mp4,Eric.JPG,Eric,41.0,M,Josh,Michael,Nathan,Jacob,Bradley,Adam,Steven,Eric,Andrew,Kyle,7.0,0.0,0.0,0.0,3.0,0.0,0.0,0.0,7.0,,,,,,,1.0,,,,,,,,,,,17,1,2020_Jan_17_1053,FaceNameBlocked_revised,3.0.0,84.88134627875883,,NaN
12,Male1Block.csv,Eric2.mp4,Eric.JPG,Eric,41.0,M,Josh,Michael,Nathan,Jacob,Bradley,Adam,Steven,Eric,Andrew,Kyle,7.0,0.0,0.0,0.0,3.0,,,,,0.0,1.0,1.0,7.0,,,,,, michael,"['m', 'i', 'c', 'h', 'a', 'e', 'l', 'return']","[4.424701480078511, 4.660588126047514, 4.790236781002022, 5.024628067039885, 5.648524901014753, 5.954088518046774, 6.154305138043128, 6.541534197051078]",5.0,5.0,6.671374672092497,,,17,1,2020_Jan_17_1053,FaceNameBlocked_revised,3.0.0,84.88134627875883,,4.4247014
42,Male3Block.csv,Ethan2.mp4,Ethan.JPG,Ethan,42.0,M,Mark,Ethan,Thomas,Dylan,Jason,Brian,Trevor,Caleb,Jeremy,Timothy,1.0,0.0,2.0,2.0,5.0,0.0,1.0,1.0,1.0,,,,,,,1.0,,,,,,,,,,,17,1,2020_Jan_17_1053,FaceNameBlocked_revised,3.0.0,84.88134627875883,,NaN
58,Male3Block.csv,Ethan2.mp4,Ethan.JPG,Ethan,42.0,M,Mark,Ethan,Thomas,Dylan,Jason,Brian,Trevor,Caleb,Jeremy,Timothy,1.0,0.0,2.0,2.0,5.0,,,,,0.0,7.0,7.0,1.0,,,,,, ,None,,3.0,3.0,5.752276913030072,,,17,1,2020_Jan_17_1053,FaceNameBlocked_revised,3.0.0,84.88134627875883,,NaN
25,Fem2Block.csv,Grace3.mp4,Grace.JPG,Grace,9.0,F,Michelle,Grace,Sarah,Jenna,Natalie,Haley,Brittany,Lauren,Hannah,Olivia,1.0,0.0,1.0,1.0,1.0,0.0,4.0,4.0,1.0,,,,,,,1.0,,,,,,,,,,,17,1,2020_Jan_17_1053,FaceNameBlocked_revised,3.0.0,84.88134627875883,,NaN
39,Fem2Block.csv,Grace3.mp4,Grace.JPG,Grace,9.0,F,Michelle,Grace,Sarah,Jenna,Natalie,Haley,Brittany,Lauren,Hannah,Olivia,1.0,0.0,1.0,1.0,1.0,,,,,0.0,8.0,8.0,1.0,,,,,, grace,"['g', 'a', 'r', 'backspace', 'backspace', 'r', 'a', 'c', 'e']","[1.8018566840328276, 2.0019169829320163, 2.1434411089867353, 3.0720035809790716, 3.2370192669332027, 3.9901175040286034, 4.460440182941966, 4.684450585977174, 4.836903785937466]",1.0,1.0,1.5198287069797516,,,17,1,2020_Jan_17_1053,FaceNameBlocked_revised,3.0.0,84.88134627875883,,1.8018566
32,Fem2Block.csv,Haley2.mp4,Haley.JPG,Haley,10.0,F,Michelle,Grace,Sarah,Jenna,Natalie,Haley,Brittany,Lauren,Hannah,Olivia,5.0,0.0,1.0,1.0,1.0,,,,,0.0,1.0,1.0,5.0,,,,,, ,None,,2.0,5.0,4.837500368012115,,,17,1,2020_Jan_17_1053,FaceNameBlocked_revised,3.0.0,84.88134627875883,,NaN
24,Fem2Block.csv,Haley2.mp4,Haley.JPG,Haley,10.0,F,Michelle,Grace,Sarah,Jenna,Natalie,Haley,Brittany,Lauren,Hannah,Olivia,5.0,0.0,1.0,1.0,1.0,0.0,3.0,3.0,5.0,,,,,,,1.0,,,,,,,,,,,17,1,2020_Jan_17_1053,FaceNameBlocked_revised,3.0.0,84.88134627875883,,NaN
30,Fem2Block.csv,Hannah2.mp4,Hannah.JPG,Hannah,11.0,F,Michelle,Grace,Sarah,Jenna,Natalie,Haley,Brittany,Lauren,Hannah,Olivia,8.0,0.0,1.0,1.0,1.0,0.0,9.0,9.0,8.0,,,,,,,1.0,,,,,,,,,,,17,1,2020_Jan_17_1053,FaceNameBlocked_revised,3.0.0,84.88134627875883,,NaN
40,Fem2Block.csv,Hannah2.mp4,Hannah.JPG,Hannah,11.0,F,Michelle,Grace,Sarah,Jenna,Natalie,Haley,Brittany,Lauren,Hannah,Olivia,8.0,0.0,1.0,1.0,1.0,,,,,0.0,9.0,9.0,8.0,,,,,, ,None,,4.0,4.0,6.280528462026267,,,17,1,2020_Jan_17_1053,FaceNameBlocked_revised,3.0.0,84.88134627875883,,NaN
109,Fem3Block.csv,Heather3.mp4,Heather.JPG,Heather,12.0,F,Kayla,Ashley,Kelsey,Katie,Shelby,Heather,Courtney,Amanda,Megan,Taylor,5.0,0.0,5.0,5.0,2.0,0.0,8.0,8.0,5.0,,,,,,,1.0,,,,,,,,,,,17,1,2020_Jan_17_1053,FaceNameBlocked_revised,3.0.0,84.88134627875883,,NaN
119,Fem3Block.csv,Heather3.mp4,Heather.JPG,Heather,12.0,F,Kayla,Ashley,Kelsey,Katie,Shelby,Heather,Courtney,Amanda,Megan,Taylor,5.0,0.0,5.0,5.0,2.0,,,,,0.0,8.0,8.0,5.0,,,,,, ,None,,3.0,5.0,5.636828097049147,,,17,1,2020_Jan_17_1053,FaceNameBlocked_revised,3.0.0,84.88134627875883,,NaN
17,Male1Block.csv,Jacob3.mp4,Jacob.JPG,Jacob,43.0,M,Josh,Michael,Nathan,Jacob,Bradley,Adam,Steven,Eric,Andrew,Kyle,3.0,0.0,0.0,0.0,3.0,,,,,0.0,6.0,6.0,3.0,,,,,, kyle,"['k', 'y', 'l', 'e']","[3.354537280043587, 3.5431997780688107, 3.8132561780512333, 3.9546017900574952]",3.0,1.0,2.354875533026643,,,17,1,2020_Jan_17_1053,FaceNameBlocked_revised,3.0.0,84.88134627875883,,3.3545372
9,Male1Block.csv,Jacob3.mp4,Jacob.JPG,Jacob,43.0,M,Josh,Michael,Nathan,Jacob,Bradley,Adam,Steven,Eric,Andrew,Kyle,3.0,0.0,0.0,0.0,3.0,0.0,8.0,8.0,3.0,,,,,,,0.0,,,,,,,,,,,17,1,2020_Jan_17_1053,FaceNameBlocked_revised,3.0.0,84.88134627875883,,NaN
43,Male3Block.csv,Jason4.mp4,Jason.JPG,Jason,44.0,M,Mark,Ethan,Thomas,Dylan,Jason,Brian,Trevor,Caleb,Jeremy,Timothy,4.0,0.0,2.0,2.0,5.0,0.0,2.0,2.0,4.0,,,,,,,0.0,,,,,,,,,,,17,1,2020_Jan_17_1053,FaceNameBlocked_revised,3.0.0,84.88134627875883,,NaN
59,Male3Block.csv,Jason4.mp4,Jason.JPG,Jason,44.0,M,Mark,Ethan,Thomas,Dylan,Jason,Brian,Trevor,Caleb,Jeremy,Timothy,4.0,0.0,2.0,2.0,5.0,,,,,0.0,8.0,8.0,4.0,,,,,, ,None,,3.0,5.0,3.989331793040037,,,17,1,2020_Jan_17_1053,FaceNameBlocked_revised,3.0.0,84.88134627875883,,NaN
33,Fem2Block.csv,Jenna4.mp4,Jenna.JPG,Jenna,13.0,F,Michelle,Grace,Sarah,Jenna,Natalie,Haley,Brittany,Lauren,Hannah,Olivia,3.0,0.0,1.0,1.0,1.0,,,,,0.0,2.0,2.0,3.0,,,,,, ,None,,2.0,3.0,8.42400593601633,,,17,1,2020_Jan_17_1053,FaceNameBlocked_revised,3.0.0,84.88134627875883,,NaN
21,Fem2Block.csv,Jenna4.mp4,Jenna.JPG,Jenna,13.0,F,Michelle,Grace,Sarah,Jenna,Natalie,Haley,Brittany,Lauren,Hannah,Olivia,3.0,0.0,1.0,1.0,1.0,0.0,0.0,0.0,3.0,,,,,,,0.0,,,,,,,,,,,17,1,2020_Jan_17_1053,FaceNameBlocked_revised,3.0.0,84.88134627875883,,NaN
60,Male3Block.csv,Jeremy2.mp4,Jeremy.JPG,Jeremy,45.0,M,Mark,Ethan,Thomas,Dylan,Jason,Brian,Trevor,Caleb,Jeremy,Timothy,8.0,0.0,2.0,2.0,5.0,,,,,0.0,9.0,9.0,8.0,,,,,, jeremy,"['j', 'e', 'r', 'e', 'm', 'y']","[1.9887667080620304, 2.190818592091091, 2.437240397091955, 2.661116515053436, 2.919031822006218, 3.390132472035475]",3.0,3.0,2.1885102610103786,,,17,1,2020_Jan_17_1053,FaceNameBlocked_revised,3.0.0,84.88134627875883,,1.9887667
41,Male3Block.csv,Jeremy2.mp4,Jeremy.JPG,Jeremy,45.0,M,Mark,Ethan,Thomas,Dylan,Jason,Brian,Trevor,Caleb,Jeremy,Timothy,8.0,0.0,2.0,2.0,5.0,0.0,0.0,0.0,8.0,,,,,,,1.0,,,,,,,,,,,17,1,2020_Jan_17_1053,FaceNameBlocked_revised,3.0.0,84.88134627875883,,NaN
97,Fem1Block.csv,Jessica2.mp4,Jessica.JPG,Jessica,14.0,F,Brianna,Jessica,Anna,Rachel,Alyssa,Danielle,Rebecca,Julia,Emily,Nicole,1.0,0.0,4.0,4.0,0.0,,,,,0.0,6.0,6.0,1.0,,,,,, ,None,,4.0,3.0,5.692224995000287,,,17,1,2020_Jan_17_1053,FaceNameBlocked_revised,3.0.0,84.88134627875883,,NaN
83,Fem1Block.csv,Jessica2.mp4,Jessica.JPG,Jessica,14.0,F,Brianna,Jessica,Anna,Rachel,Alyssa,Danielle,Rebecca,Julia,Emily,Nicole,1.0,0.0,4.0,4.0,0.0,0.0,2.0,2.0,1.0,,,,,,,1.0,,,,,,,,,,,17,1,2020_Jan_17_1053,FaceNameBlocked_revised,3.0.0,84.88134627875883,,NaN
8,Male1Block.csv,Josh3.mp4,Josh.JPG,Josh,46.0,M,Josh,Michael,Nathan,Jacob,Bradley,Adam,Steven,Eric,Andrew,Kyle,0.0,0.0,0.0,0.0,3.0,0.0,7.0,7.0,0.0,,,,,,,0.0,,,,,,,,,,,17,1,2020_Jan_17_1053,FaceNameBlocked_revised,3.0.0,84.88134627875883,,NaN
13,Male1Block.csv,Josh3.mp4,Josh.JPG,Josh,46.0,M,Josh,Michael,Nathan,Jacob,Bradley,Adam,Steven,Eric,Andrew,Kyle,0.0,0.0,0.0,0.0,3.0,,,,,0.0,2.0,2.0,0.0,,,,,, bran,"['b', 'r', 'a', 'n']","[8.929090993944556, 9.140102654928342, 9.41119913593866, 9.56385658599902]",3.0,1.0,4.7307265780400485,,,17,1,2020_Jan_17_1053,FaceNameBlocked_revised,3.0.0,84.88134627875883,,8.9290909
93,Fem1Block.csv,Julia2.mp4,Julia.JPG,Julia,15.0,F,Brianna,Jessica,Anna,Rachel,Alyssa,Danielle,Rebecca,Julia,Emily,Nicole,7.0,0.0,4.0,4.0,0.0,,,,,0.0,2.0,2.0,7.0,,,,,, ,None,,1.0,1.0,5.000426884042098,,,17,1,2020_Jan_17_1053,FaceNameBlocked_revised,3.0.0,84.88134627875883,,NaN
88,Fem1Block.csv,Julia2.mp4,Julia.JPG,Julia,15.0,F,Brianna,Jessica,Anna,Rachel,Alyssa,Danielle,Rebecca,Julia,Emily,Nicole,7.0,0.0,4.0,4.0,0.0,0.0,7.0,7.0,7.0,,,,,,,1.0,,,,,,,,,,,17,1,2020_Jan_17_1053,FaceNameBlocked_revised,3.0.0,84.88134627875883,,NaN
65,Male2Block.csv,Justin2.mp4,Justin.JPG,Justin,47.0,M,Brandon,Kevin,Cody,Noah,Justin,Matthew,Aaron,David,Daniel,Tyler,4.0,0.0,3.0,3.0,4.0,0.0,4.0,4.0,4.0,,,,,,,0.0,,,,,,,,,,,17,1,2020_Jan_17_1053,FaceNameBlocked_revised,3.0.0,84.88134627875883,,NaN
79,Male2Block.csv,Justin2.mp4,Justin.JPG,Justin,47.0,M,Brandon,Kevin,Cody,Noah,Justin,Matthew,Aaron,David,Daniel,Tyler,4.0,0.0,3.0,3.0,4.0,,,,,0.0,8.0,8.0,4.0,,,,,, ,None,,2.0,2.0,7.540969784022309,,,17,1,2020_Jan_17_1053,FaceNameBlocked_revised,3.0.0,84.88134627875883,,NaN
103,Fem3Block.csv,Katie2.mp4,Katie.JPG,Katie,16.0,F,Kayla,Ashley,Kelsey,Katie,Shelby,Heather,Courtney,Amanda,Megan,Taylor,3.0,0.0,5.0,5.0,2.0,0.0,2.0,2.0,3.0,,,,,,,0.0,,,,,,,,,,,17,1,2020_Jan_17_1053,FaceNameBlocked_revised,3.0.0,84.88134627875883,,NaN
111,Fem3Block.csv,Katie2.mp4,Katie.JPG,Katie,16.0,F,Kayla,Ashley,Kelsey,Katie,Shelby,Heather,Courtney,Amanda,Megan,Taylor,3.0,0.0,5.0,5.0,2.0,,,,,0.0,0.0,0.0,3.0,,,,space,8.530635547009298, ,None,,4.0,2.0,9.011107477010226,,,17,1,2020_Jan_17_1053,FaceNameBlocked_revised,3.0.0,84.88134627875883,,NaN
113,Fem3Block.csv,Kayla3.mp4,Kayla.JPG,Kayla,17.0,F,Kayla,Ashley,Kelsey,Katie,Shelby,Heather,Courtney,Amanda,Megan,Taylor,0.0,0.0,5.0,5.0,2.0,,,,,0.0,2.0,2.0,0.0,,,,,, ,None,,2.0,2.0,4.4700045520439735,,,17,1,2020_Jan_17_1053,FaceNameBlocked_revised,3.0.0,84.88134627875883,,NaN
106,Fem3Block.csv,Kayla3.mp4,Kayla.JPG,Kayla,17.0,F,Kayla,Ashley,Kelsey,Katie,Shelby,Heather,Courtney,Amanda,Megan,Taylor,0.0,0.0,5.0,5.0,2.0,0.0,5.0,5.0,0.0,,,,,,,0.0,,,,,,,,,,,17,1,2020_Jan_17_1053,FaceNameBlocked_revised,3.0.0,84.88134627875883,,NaN
102,Fem3Block.csv,Kelsey2.mp4,Kelsey.JPG,Kelsey,18.0,F,Kayla,Ashley,Kelsey,Katie,Shelby,Heather,Courtney,Amanda,Megan,Taylor,2.0,0.0,5.0,5.0,2.0,0.0,1.0,1.0,2.0,,,,,,,1.0,,,,,,,,,,,17,1,2020_Jan_17_1053,FaceNameBlocked_revised,3.0.0,84.88134627875883,,NaN
120,Fem3Block.csv,Kelsey2.mp4,Kelsey.JPG,Kelsey,18.0,F,Kayla,Ashley,Kelsey,Katie,Shelby,Heather,Courtney,Amanda,Megan,Taylor,2.0,0.0,5.0,5.0,2.0,,,,,0.0,9.0,9.0,2.0,,,,,, kelsey,"['k', 'e', 'l', 's', 'e', 'y']","[3.0350894540315494, 3.2372689850162715, 3.436962330946699, 3.9196999080013484, 4.178681278019212, 4.378477361984551]",3.0,3.0,1.84987097105477,,,17,1,2020_Jan_17_1053,FaceNameBlocked_revised,3.0.0,84.88134627875883,,3.0350894
76,Male2Block.csv,Kevin2.mp4,Kevin.JPG,Kevin,48.0,M,Brandon,Kevin,Cody,Noah,Justin,Matthew,Aaron,David,Daniel,Tyler,1.0,0.0,3.0,3.0,4.0,,,,,0.0,5.0,5.0,1.0,,,,,, ,None,,1.0,3.0,7.729604767984711,,,17,1,2020_Jan_17_1053,FaceNameBlocked_revised,3.0.0,84.88134627875883,,NaN
69,Male2Block.csv,Kevin2.mp4,Kevin.JPG,Kevin,48.0,M,Brandon,Kevin,Cody,Noah,Justin,Matthew,Aaron,David,Daniel,Tyler,1.0,0.0,3.0,3.0,4.0,0.0,8.0,8.0,1.0,,,,,,,1.0,,,,,,,,,,,17,1,2020_Jan_17_1053,FaceNameBlocked_revised,3.0.0,84.88134627875883,,NaN
10,Male1Block.csv,Kyle3.mp4,Kyle.JPG,Kyle,49.0,M,Josh,Michael,Nathan,Jacob,Bradley,Adam,Steven,Eric,Andrew,Kyle,9.0,0.0,0.0,0.0,3.0,0.0,9.0,9.0,9.0,,,,,,,0.0,,,,,,,,,,,17,1,2020_Jan_17_1053,FaceNameBlocked_revised,3.0.0,84.88134627875883,,NaN
20,Male1Block.csv,Kyle3.mp4,Kyle.JPG,Kyle,49.0,M,Josh,Michael,Nathan,Jacob,Bradley,Adam,Steven,Eric,Andrew,Kyle,9.0,0.0,0.0,0.0,3.0,,,,,0.0,9.0,9.0,9.0,,,,,, andrew,"['a', 'n', 'd', 'r', 'e', 'w']","[2.848065265920013, 3.047575913951732, 3.211947359959595, 3.494245190988295, 3.96521963190753, 4.162648804951459]",4.0,1.0,3.847969813970849,,,17,1,2020_Jan_17_1053,FaceNameBlocked_revised,3.0.0,84.88134627875883,,2.8480652
28,Fem2Block.csv,Lauren4.mp4,Lauren.JPG,Lauren,19.0,F,Michelle,Grace,Sarah,Jenna,Natalie,Haley,Brittany,Lauren,Hannah,Olivia,7.0,0.0,1.0,1.0,1.0,0.0,7.0,7.0,7.0,,,,,,,1.0,,,,,,,,,,,17,1,2020_Jan_17_1053,FaceNameBlocked_revised,3.0.0,84.88134627875883,,NaN
37,Fem2Block.csv,Lauren4.mp4,Lauren.JPG,Lauren,19.0,F,Michelle,Grace,Sarah,Jenna,Natalie,Haley,Brittany,Lauren,Hannah,Olivia,7.0,0.0,1.0,1.0,1.0,,,,,0.0,6.0,6.0,7.0,,,,,, ,None,,2.0,5.0,7.647833496914245,,,17,1,2020_Jan_17_1053,FaceNameBlocked_revised,3.0.0,84.88134627875883,,NaN
49,Male3Block.csv,Mark3.mp4,Mark.JPG,Mark,50.0,M,Mark,Ethan,Thomas,Dylan,Jason,Brian,Trevor,Caleb,Jeremy,Timothy,0.0,0.0,2.0,2.0,5.0,0.0,8.0,8.0,0.0,,,,,,,0.0,,,,,,,,,,,17,1,2020_Jan_17_1053,FaceNameBlocked_revised,3.0.0,84.88134627875883,,NaN
51,Male3Block.csv,Mark3.mp4,Mark.JPG,Mark,50.0,M,Mark,Ethan,Thomas,Dylan,Jason,Brian,Trevor,Caleb,Jeremy,Timothy,0.0,0.0,2.0,2.0,5.0,,,,,0.0,0.0,0.0,0.0,,,,space,2.6960386829450727, ,None,,3.0,1.0,7.753038250957617,,,17,1,2020_Jan_17_1053,FaceNameBlocked_revised,3.0.0,84.88134627875883,,NaN
67,Male2Block.csv,Matthew2.mp4,Matthew.JPG,Matthew,51.0,M,Brandon,Kevin,Cody,Noah,Justin,Matthew,Aaron,David,Daniel,Tyler,5.0,0.0,3.0,3.0,4.0,0.0,6.0,6.0,5.0,,,,,,,1.0,,,,,,,,,,,17,1,2020_Jan_17_1053,FaceNameBlocked_revised,3.0.0,84.88134627875883,,NaN
73,Male2Block.csv,Matthew2.mp4,Matthew.JPG,Matthew,51.0,M,Brandon,Kevin,Cody,Noah,Justin,Matthew,Aaron,David,Daniel,Tyler,5.0,0.0,3.0,3.0,4.0,,,,,0.0,2.0,2.0,5.0,,,,,, ,None,,3.0,1.0,7.953320080996491,,,17,1,2020_Jan_17_1053,FaceNameBlocked_revised,3.0.0,84.88134627875883,,NaN
105,Fem3Block.csv,Megan2.mp4,Megan.JPG,Megan,20.0,F,Kayla,Ashley,Kelsey,Katie,Shelby,Heather,Courtney,Amanda,Megan,Taylor,8.0,0.0,5.0,5.0,2.0,0.0,4.0,4.0,8.0,,,,,,,1.0,,,,,,,,,,,17,1,2020_Jan_17_1053,FaceNameBlocked_revised,3.0.0,84.88134627875883,,NaN
112,Fem3Block.csv,Megan2.mp4,Megan.JPG,Megan,20.0,F,Kayla,Ashley,Kelsey,Katie,Shelby,Heather,Courtney,Amanda,Megan,Taylor,8.0,0.0,5.0,5.0,2.0,,,,,0.0,1.0,1.0,8.0,,,,,, ,None,,1.0,4.0,7.833943563047796,,,17,1,2020_Jan_17_1053,FaceNameBlocked_revised,3.0.0,84.88134627875883,,NaN
15,Male1Block.csv,Michael2.mp4,Michael.JPG,Michael,52.0,M,Josh,Michael,Nathan,Jacob,Bradley,Adam,Steven,Eric,Andrew,Kyle,1.0,0.0,0.0,0.0,3.0,,,,,0.0,4.0,4.0,1.0,,,,,, bradley,"['b', 'r', 'a', 'd', 'l', 'e', 'y']","[3.119653010973707, 3.3660603560274467, 4.013492639060132, 4.283304664073512, 4.565723833977245, 4.763281352003105, 5.0004186920123175]",3.0,2.0,3.1783137890743087,,,17,1,2020_Jan_17_1053,FaceNameBlocked_revised,3.0.0,84.88134627875883,,3.1196530
3,Male1Block.csv,Michael2.mp4,Michael.JPG,Michael,52.0,M,Josh,Michael,Nathan,Jacob,Bradley,Adam,Steven,Eric,Andrew,Kyle,1.0,0.0,0.0,0.0,3.0,0.0,2.0,2.0,1.0,,,,,,,1.0,,,,,,,,,,,17,1,2020_Jan_17_1053,FaceNameBlocked_revised,3.0.0,84.88134627875883,,NaN
27,Fem2Block.csv,Michelle2.mp4,Michelle.JPG,Michelle,21.0,F,Michelle,Grace,Sarah,Jenna,Natalie,Haley,Brittany,Lauren,Hannah,Olivia,0.0,0.0,1.0,1.0,1.0,0.0,6.0,6.0,0.0,,,,,,,0.0,,,,,,,,,,,17,1,2020_Jan_17_1053,FaceNameBlocked_revised,3.0.0,84.88134627875883,,NaN
31,Fem2Block.csv,Michelle2.mp4,Michelle.JPG,Michelle,21.0,F,Michelle,Grace,Sarah,Jenna,Natalie,Haley,Brittany,Lauren,Hannah,Olivia,0.0,0.0,1.0,1.0,1.0,,,,,0.0,0.0,0.0,0.0,,,,space,3.481981475022621, ,None,,1.0,1.0,5.989081872976385,,,17,1,2020_Jan_17_1053,FaceNameBlocked_revised,3.0.0,84.88134627875883,,NaN
26,Fem2Block.csv,Natalie3.mp4,Natalie.JPG,Natalie,22.0,F,Michelle,Grace,Sarah,Jenna,Natalie,Haley,Brittany,Lauren,Hannah,Olivia,4.0,0.0,1.0,1.0,1.0,0.0,5.0,5.0,4.0,,,,,,,0.0,,,,,,,,,,,17,1,2020_Jan_17_1053,FaceNameBlocked_revised,3.0.0,84.88134627875883,,NaN
36,Fem2Block.csv,Natalie3.mp4,Natalie.JPG,Natalie,22.0,F,Michelle,Grace,Sarah,Jenna,Natalie,Haley,Brittany,Lauren,Hannah,Olivia,4.0,0.0,1.0,1.0,1.0,,,,,0.0,5.0,5.0,4.0,,,,,, ,None,,1.0,1.0,3.659899553982541,,,17,1,2020_Jan_17_1053,FaceNameBlocked_revised,3.0.0,84.88134627875883,,NaN
2,Male1Block.csv,Nathan3.mp4,Nathan.JPG,Nathan,53.0,M,Josh,Michael,Nathan,Jacob,Bradley,Adam,Steven,Eric,Andrew,Kyle,2.0,0.0,0.0,0.0,3.0,0.0,1.0,1.0,2.0,,,,,,,1.0,,,,,,,,,,,17,1,2020_Jan_17_1053,FaceNameBlocked_revised,3.0.0,84.88134627875883,,NaN
19,Male1Block.csv,Nathan3.mp4,Nathan.JPG,Nathan,53.0,M,Josh,Michael,Nathan,Jacob,Bradley,Adam,Steven,Eric,Andrew,Kyle,2.0,0.0,0.0,0.0,3.0,,,,,0.0,8.0,8.0,2.0,,,,,, ,None,,3.0,5.0,2.9546322539681564,,,17,1,2020_Jan_17_1053,FaceNameBlocked_revised,3.0.0,84.88134627875883,,NaN
85,Fem1Block.csv,Nicole2.mp4,Nicole.JPG,Nicole,23.0,F,Brianna,Jessica,Anna,Rachel,Alyssa,Danielle,Rebecca,Julia,Emily,Nicole,9.0,0.0,4.0,4.0,0.0,0.0,4.0,4.0,9.0,,,,,,,0.0,,,,,,,,,,,17,1,2020_Jan_17_1053,FaceNameBlocked_revised,3.0.0,84.88134627875883,,NaN
98,Fem1Block.csv,Nicole2.mp4,Nicole.JPG,Nicole,23.0,F,Brianna,Jessica,Anna,Rachel,Alyssa,Danielle,Rebecca,Julia,Emily,Nicole,9.0,0.0,4.0,4.0,0.0,,,,,0.0,7.0,7.0,9.0,,,,,, nicole,"['n', 'i', 'c', 'o', 'l', 'e']","[3.2250810669502243, 3.4832846369827166, 3.7187411779304966, 3.8697583409957588, 4.107011814950965, 4.245388124953024]",4.0,4.0,1.8952568689128384,,,17,1,2020_Jan_17_1053,FaceNameBlocked_revised,3.0.0,84.88134627875883,,3.2250810
70,Male2Block.csv,Noah2.mp4,Noah.JPG,Noah,54.0,M,Brandon,Kevin,Cody,Noah,Justin,Matthew,Aaron,David,Daniel,Tyler,3.0,0.0,3.0,3.0,4.0,0.0,9.0,9.0,3.0,,,,,,,0.0,,,,,,,,,,,17,1,2020_Jan_17_1053,FaceNameBlocked_revised,3.0.0,84.88134627875883,,NaN
71,Male2Block.csv,Noah2.mp4,Noah.JPG,Noah,54.0,M,Brandon,Kevin,Cody,Noah,Justin,Matthew,Aaron,David,Daniel,Tyler,3.0,0.0,3.0,3.0,4.0,,,,,0.0,0.0,0.0,3.0,,,,space,30.94663525198121, ,None,,3.0,4.0,6.189201349974611,,,17,1,2020_Jan_17_1053,FaceNameBlocked_revised,3.0.0,84.88134627875883,,NaN
22,Fem2Block.csv,Olivia3.mp4,Olivia.JPG,Olivia,24.0,F,Michelle,Grace,Sarah,Jenna,Natalie,Haley,Brittany,Lauren,Hannah,Olivia,9.0,0.0,1.0,1.0,1.0,0.0,1.0,1.0,9.0,,,,,,,0.0,,,,,,,,,,,17,1,2020_Jan_17_1053,FaceNameBlocked_revised,3.0.0,84.88134627875883,,NaN
35,Fem2Block.csv,Olivia3.mp4,Olivia.JPG,Olivia,24.0,F,Michelle,Grace,Sarah,Jenna,Natalie,Haley,Brittany,Lauren,Hannah,Olivia,9.0,0.0,1.0,1.0,1.0,,,,,0.0,4.0,4.0,9.0,,,,,, olivia,"['o', 'l', 'i', 'v', 'i', 'a']","[6.423249848885462, 6.670752547914162, 6.894210228929296, 7.235735569964163, 7.41141133394558, 7.57460557599552]",5.0,5.0,2.307007097988389,,,17,1,2020_Jan_17_1053,FaceNameBlocked_revised,3.0.0,84.88134627875883,,6.4232498
94,Fem1Block.csv,Rachel3.mp4,Rachel.JPG,Rachel,25.0,F,Brianna,Jessica,Anna,Rachel,Alyssa,Danielle,Rebecca,Julia,Emily,Nicole,3.0,0.0,4.0,4.0,0.0,,,,,0.0,3.0,3.0,3.0,,,,,, ,None,,4.0,5.0,7.7647669159341595,,,17,1,2020_Jan_17_1053,FaceNameBlocked_revised,3.0.0,84.88134627875883,,NaN
87,Fem1Block.csv,Rachel3.mp4,Rachel.JPG,Rachel,25.0,F,Brianna,Jessica,Anna,Rachel,Alyssa,Danielle,Rebecca,Julia,Emily,Nicole,3.0,0.0,4.0,4.0,0.0,0.0,6.0,6.0,3.0,,,,,,,0.0,,,,,,,,,,,17,1,2020_Jan_17_1053,FaceNameBlocked_revised,3.0.0,84.88134627875883,,NaN
82,Fem1Block.csv,Rebecca3.mp4,Rebecca.JPG,Rebecca,26.0,F,Brianna,Jessica,Anna,Rachel,Alyssa,Danielle,Rebecca,Julia,Emily,Nicole,6.0,0.0,4.0,4.0,0.0,0.0,1.0,1.0,6.0,,,,,,,0.0,,,,,,,,,,,17,1,2020_Jan_17_1053,FaceNameBlocked_revised,3.0.0,84.88134627875883,,NaN
91,Fem1Block.csv,Rebecca3.mp4,Rebecca.JPG,Rebecca,26.0,F,Brianna,Jessica,Anna,Rachel,Alyssa,Danielle,Rebecca,Julia,Emily,Nicole,6.0,0.0,4.0,4.0,0.0,,,,,0.0,0.0,0.0,6.0,,,,space,3.1555471500614662, rebecca,"['r', 'e', 'b', 'e', 'c', 'c', 'a']","[2.861054642009549, 3.0960840970510617, 3.2840503390179947, 3.4483799299923703, 3.8246411019936204, 4.013887981069274, 4.495904549956322]",4.0,4.0,2.7082161729922523,,,17,1,2020_Jan_17_1053,FaceNameBlocked_revised,3.0.0,84.88134627875883,,2.8610546
23,Fem2Block.csv,Sarah2.mp4,Sarah.JPG,Sarah,27.0,F,Michelle,Grace,Sarah,Jenna,Natalie,Haley,Brittany,Lauren,Hannah,Olivia,2.0,0.0,1.0,1.0,1.0,0.0,2.0,2.0,2.0,,,,,,,1.0,,,,,,,,,,,17,1,2020_Jan_17_1053,FaceNameBlocked_revised,3.0.0,84.88134627875883,,NaN
34,Fem2Block.csv,Sarah2.mp4,Sarah.JPG,Sarah,27.0,F,Michelle,Grace,Sarah,Jenna,Natalie,Haley,Brittany,Lauren,Hannah,Olivia,2.0,0.0,1.0,1.0,1.0,,,,,0.0,3.0,3.0,2.0,,,,,, sara,"['s', 'a', 'r', 'a']","[3.2728342580376193, 3.613287004060112, 3.627504607080482, 4.237015923019499]",3.0,3.0,2.190104561042972,,,17,1,2020_Jan_17_1053,FaceNameBlocked_revised,3.0.0,84.88134627875883,,3.2728342
116,Fem3Block.csv,Shelby2.mp4,Shelby.JPG,Shelby,28.0,F,Kayla,Ashley,Kelsey,Katie,Shelby,Heather,Courtney,Amanda,Megan,Taylor,4.0,0.0,5.0,5.0,2.0,,,,,0.0,5.0,5.0,4.0,,,,,, shelby,"['s', 'h', 'e', 'l', 'b', 'y']","[4.415253694052808, 4.601448702975176, 5.365364652010612, 5.577796207042411, 6.236241959035397, 6.506649686023593]",2.0,2.0,2.014086271985434,,,17,1,2020_Jan_17_1053,FaceNameBlocked_revised,3.0.0,84.88134627875883,,4.4152536
110,Fem3Block.csv,Shelby2.mp4,Shelby.JPG,Shelby,28.0,F,Kayla,Ashley,Kelsey,Katie,Shelby,Heather,Courtney,Amanda,Megan,Taylor,4.0,0.0,5.0,5.0,2.0,0.0,9.0,9.0,4.0,,,,,,,0.0,,,,,,,,,,,17,1,2020_Jan_17_1053,FaceNameBlocked_revised,3.0.0,84.88134627875883,,NaN
14,Male1Block.csv,Steven2.mp4,Steven.JPG,Steven,55.0,M,Josh,Michael,Nathan,Jacob,Bradley,Adam,Steven,Eric,Andrew,Kyle,6.0,0.0,0.0,0.0,3.0,,,,,0.0,3.0,3.0,6.0,,,,,, eric,"['e', 'r', 'i', 'c']","[2.8349220670061186, 3.0836421749554574, 3.2366074069868773, 3.6579794279532507]",4.0,1.0,4.271840146044268,,,17,1,2020_Jan_17_1053,FaceNameBlocked_revised,3.0.0,84.88134627875883,,2.8349220
4,Male1Block.csv,Steven2.mp4,Steven.JPG,Steven,55.0,M,Josh,Michael,Nathan,Jacob,Bradley,Adam,Steven,Eric,Andrew,Kyle,6.0,0.0,0.0,0.0,3.0,0.0,3.0,3.0,6.0,,,,,,,0.0,,,,,,,,,,,17,1,2020_Jan_17_1053,FaceNameBlocked_revised,3.0.0,84.88134627875883,,NaN
108,Fem3Block.csv,Taylor4.mp4,Taylor.JPG,Taylor,29.0,F,Kayla,Ashley,Kelsey,Katie,Shelby,Heather,Courtney,Amanda,Megan,Taylor,9.0,0.0,5.0,5.0,2.0,0.0,7.0,7.0,9.0,,,,,,,0.0,,,,,,,,,,,17,1,2020_Jan_17_1053,FaceNameBlocked_revised,3.0.0,84.88134627875883,,NaN
117,Fem3Block.csv,Taylor4.mp4,Taylor.JPG,Taylor,29.0,F,Kayla,Ashley,Kelsey,Katie,Shelby,Heather,Courtney,Amanda,Megan,Taylor,9.0,0.0,5.0,5.0,2.0,,,,,0.0,6.0,6.0,9.0,,,,,, ,None,,2.0,2.0,4.1072095540585,,,17,1,2020_Jan_17_1053,FaceNameBlocked_revised,3.0.0,84.88134627875883,,NaN
55,Male3Block.csv,Thomas2.mp4,Thomas.JPG,Thomas,56.0,M,Mark,Ethan,Thomas,Dylan,Jason,Brian,Trevor,Caleb,Jeremy,Timothy,2.0,0.0,2.0,2.0,5.0,,,,,0.0,4.0,4.0,2.0,,,,,, thomas,"['t', 'h', 'o', 'm', 'a', 's']","[3.023524233023636, 3.2489144660066813, 3.9660060460446402, 4.296011512982659, 4.49550378404092, 4.742782538058236]",5.0,5.0,3.0614271200029184,,,17,1,2020_Jan_17_1053,FaceNameBlocked_revised,3.0.0,84.88134627875883,,3.0235242
46,Male3Block.csv,Thomas2.mp4,Thomas.JPG,Thomas,56.0,M,Mark,Ethan,Thomas,Dylan,Jason,Brian,Trevor,Caleb,Jeremy,Timothy,2.0,0.0,2.0,2.0,5.0,0.0,5.0,5.0,2.0,,,,,,,1.0,,,,,,,,,,,17,1,2020_Jan_17_1053,FaceNameBlocked_revised,3.0.0,84.88134627875883,,NaN
45,Male3Block.csv,Timothy3.mp4,Timothy.JPG,Timothy,57.0,M,Mark,Ethan,Thomas,Dylan,Jason,Brian,Trevor,Caleb,Jeremy,Timothy,9.0,0.0,2.0,2.0,5.0,0.0,4.0,4.0,9.0,,,,,,,0.0,,,,,,,,,,,17,1,2020_Jan_17_1053,FaceNameBlocked_revised,3.0.0,84.88134627875883,,NaN
53,Male3Block.csv,Timothy3.mp4,Timothy.JPG,Timothy,57.0,M,Mark,Ethan,Thomas,Dylan,Jason,Brian,Trevor,Caleb,Jeremy,Timothy,9.0,0.0,2.0,2.0,5.0,,,,,0.0,2.0,2.0,9.0,,,,,, caleb ,"['c', 'a', 'l', 'e', 'b', 'space']","[5.848395153996535, 6.0484860219294205, 6.436304606962949, 6.612450462998822, 6.8244109289953485, 8.083027890999801]",5.0,5.0,6.659408184001223,,,17,1,2020_Jan_17_1053,FaceNameBlocked_revised,3.0.0,84.88134627875883,,5.8483951
56,Male3Block.csv,Trevor2.mp4,Trevor.JPG,Trevor,58.0,M,Mark,Ethan,Thomas,Dylan,Jason,Brian,Trevor,Caleb,Jeremy,Timothy,6.0,0.0,2.0,2.0,5.0,,,,,0.0,5.0,5.0,6.0,,,,,, trevor,"['t', 'r', 'e', 'v', 'o', 'r']","[4.765519581036642, 5.000930175068788, 5.224831660045311, 5.753942943061702, 6.036455358029343, 6.236250970046967]",4.0,4.0,2.3074644020525743,,,17,1,2020_Jan_17_1053,FaceNameBlocked_revised,3.0.0,84.88134627875883,,4.7655195
44,Male3Block.csv,Trevor2.mp4,Trevor.JPG,Trevor,58.0,M,Mark,Ethan,Thomas,Dylan,Jason,Brian,Trevor,Caleb,Jeremy,Timothy,6.0,0.0,2.0,2.0,5.0,0.0,3.0,3.0,6.0,,,,,,,0.0,,,,,,,,,,,17,1,2020_Jan_17_1053,FaceNameBlocked_revised,3.0.0,84.88134627875883,,NaN
68,Male2Block.csv,Tyler3.mp4,Tyler.JPG,Tyler,59.0,M,Brandon,Kevin,Cody,Noah,Justin,Matthew,Aaron,David,Daniel,Tyler,9.0,0.0,3.0,3.0,4.0,0.0,7.0,7.0,9.0,,,,,,,0.0,,,,,,,,,,,17,1,2020_Jan_17_1053,FaceNameBlocked_revised,3.0.0,84.88134627875883,,NaN
78,Male2Block.csv,Tyler3.mp4,Tyler.JPG,Tyler,59.0,M,Brandon,Kevin,Cody,Noah,Justin,Matthew,Aaron,David,Daniel,Tyler,9.0,0.0,3.0,3.0,4.0,,,,,0.0,7.0,7.0,9.0,,,,,, tyler,"['t', 'y', 'l', 'e', 'r']","[2.684271613950841, 3.0346467789495364, 3.307671685004607, 3.5896780740004033, 3.8347108910093084]",3.0,3.0,1.7199905279558152,,,17,1,2020_Jan_17_1053,FaceNameBlocked_revised,3.0.0,84.88134627875883,,2.6842716
0,,,,,,,,,,,,,,,,,,,,,,,,,,,,,,space,146.9016291240696,,,,,,,,,,,,17,1,2020_Jan_17_1053,FaceNameBlocked_revised,3.0.0,84.88134627875883,,NaN
121,,,,,,,,,,,,,,,,,,,,,,,,,,,,,,,,,,,,,,,,,space,496.95620662195137,17,1,2020_Jan_17_1053,FaceNameBlocked_revised,3.0.0,84.88134627875883,,NaN
