,condsBlockFile,Video,Photo,Name,Row,Gender,N1,N2,N3,N4,N5,N6,N7,N8,N9,N10,Row2,blocks.thisRepN,blocks.thisTrialN,blocks.thisN,blocks.thisIndex,presentations.thisRepN,presentations.thisTrialN,presentations.thisN,presentations.thisIndex,testing.thisRepN,testing.thisTrialN,testing.thisN,testing.thisIndex,advance_1.keys,advance_1.rt,currentCond,advance_2.keys,advance_2.rt,inputText,key_resp_3.keys,key_resp_3.rt,correctRecogSelection,keyResponse.keys,keyResponse.rt,end_key.keys,end_key.rt,participant,session,date,expName,psychopyVersion,frameRate,Unnamed: 48,key_resp3_fin
113,Male1Block.csv,Aaron2.mp4,Aaron.JPG,Aaron,30.0,M,Tyler,Steven,Kyle,Bradley,Eric,Adam,Jason,Noah,Justin,Aaron,9.0,0.0,5.0,5.0,3.0,,,,,0.0,2.0,2.0,9.0,,,,,, aaron,"['a', 'a', 'r', 'p', 'backspace', 'o', 'n']","[1.9082875009917188, 2.014634869992733, 2.455133379000472, 2.5879596789891366, 3.6673884489864577, 3.974493571993662, 4.240729174984153]",2.0,2.0,3.625524885981577,,,18,1,2020_Jan_17_1053,FaceNameBlocked_revised,3.0.0,75.07709066139898,,1.9082875
102,Male1Block.csv,Aaron2.mp4,Aaron.JPG,Aaron,30.0,M,Tyler,Steven,Kyle,Bradley,Eric,Adam,Jason,Noah,Justin,Aaron,9.0,0.0,5.0,5.0,3.0,0.0,1.0,1.0,9.0,,,,,,,1.0,,,,,,,,,,,18,1,2020_Jan_17_1053,FaceNameBlocked_revised,3.0.0,75.07709066139898,,NaN
103,Male1Block.csv,Adam4.mp4,Adam.JPG,Adam,31.0,M,Tyler,Steven,Kyle,Bradley,Eric,Adam,Jason,Noah,Justin,Aaron,5.0,0.0,5.0,5.0,3.0,0.0,2.0,2.0,5.0,,,,,,,1.0,,,,,,,,,,,18,1,2020_Jan_17_1053,FaceNameBlocked_revised,3.0.0,75.07709066139898,,NaN
117,Male1Block.csv,Adam4.mp4,Adam.JPG,Adam,31.0,M,Tyler,Steven,Kyle,Bradley,Eric,Adam,Jason,Noah,Justin,Aaron,5.0,0.0,5.0,5.0,3.0,,,,,0.0,6.0,6.0,5.0,,,,,, adam,"['a', 'd', 'a', 'm']","[2.0685483130218927, 2.148767159000272, 2.2681919950118754, 2.8148000400105957]",1.0,1.0,4.868037515989271,,,18,1,2020_Jan_17_1053,FaceNameBlocked_revised,3.0.0,75.07709066139898,,2.0685483
62,Fem3Block.csv,Alyssa3.mp4,Alyssa.JPG,Alyssa,0.0,F,Ashley,Danielle,Kayla,Shelby,Alyssa,Jenna,Natalie,Rachel,Emily,Jessica,4.0,0.0,3.0,3.0,2.0,0.0,1.0,1.0,4.0,,,,,,,0.0,,,,,,,,,,,18,1,2020_Jan_17_1053,FaceNameBlocked_revised,3.0.0,75.07709066139898,,NaN
71,Fem3Block.csv,Alyssa3.mp4,Alyssa.JPG,Alyssa,0.0,F,Ashley,Danielle,Kayla,Shelby,Alyssa,Jenna,Natalie,Rachel,Emily,Jessica,4.0,0.0,3.0,3.0,2.0,,,,,0.0,0.0,0.0,4.0,,,,space,2.3614878780208532, lisa,"['l', 'i', 's', 'a']","[2.1088565610116348, 2.348742514004698, 2.468553528015036, 2.5746095690119546]",2.0,2.0,5.5190836010151525,,,18,1,2020_Jan_17_1053,FaceNameBlocked_revised,3.0.0,75.07709066139898,,2.1088565
57,Fem2Block.csv,Amanda3.mp4,Amanda.JPG,Amanda,1.0,F,Haley,Megan,Amanda,Katie,Courtney,Lauren,Rebecca,Anna,Michelle,Kelsey,2.0,0.0,2.0,2.0,1.0,,,,,0.0,6.0,6.0,2.0,,,,,, ,None,,2.0,2.0,1.6820395410177298,,,18,1,2020_Jan_17_1053,FaceNameBlocked_revised,3.0.0,75.07709066139898,,NaN
41,Fem2Block.csv,Amanda3.mp4,Amanda.JPG,Amanda,1.0,F,Haley,Megan,Amanda,Katie,Courtney,Lauren,Rebecca,Anna,Michelle,Kelsey,2.0,0.0,2.0,2.0,1.0,0.0,0.0,0.0,2.0,,,,,,,1.0,,,,,,,,,,,18,1,2020_Jan_17_1053,FaceNameBlocked_revised,3.0.0,75.07709066139898,,NaN
100,Male2Block.csv,Andrew2.mp4,Andrew.JPG,Andrew,32.0,M,Matthew,Trevor,Kevin,Jacob,Brian,Ethan,Andrew,Dylan,Josh,Daniel,6.0,0.0,4.0,4.0,4.0,,,,,0.0,9.0,9.0,6.0,,,,,, andrew,"['a', 'n', 'd', 'r', 'e', 'w']","[2.175479681987781, 2.3220678090001456, 3.3617465129937045, 3.6950253830000293, 3.9213688999880105, 4.161241246998543]",3.0,3.0,3.574762775999261,,,18,1,2020_Jan_17_1053,FaceNameBlocked_revised,3.0.0,75.07709066139898,,2.1754796
81,Male2Block.csv,Andrew2.mp4,Andrew.JPG,Andrew,32.0,M,Matthew,Trevor,Kevin,Jacob,Brian,Ethan,Andrew,Dylan,Josh,Daniel,6.0,0.0,4.0,4.0,4.0,0.0,0.0,0.0,6.0,,,,,,,0.0,,,,,,,,,,,18,1,2020_Jan_17_1053,FaceNameBlocked_revised,3.0.0,75.07709066139898,,NaN
51,Fem2Block.csv,Anna3.mp4,Anna.JPG,Anna,2.0,F,Haley,Megan,Amanda,Katie,Courtney,Lauren,Rebecca,Anna,Michelle,Kelsey,7.0,0.0,2.0,2.0,1.0,,,,,0.0,0.0,0.0,7.0,,,,space,4.414171120006358, ,None,,4.0,2.0,6.467388177989052,,,18,1,2020_Jan_17_1053,FaceNameBlocked_revised,3.0.0,75.07709066139898,,NaN
42,Fem2Block.csv,Anna3.mp4,Anna.JPG,Anna,2.0,F,Haley,Megan,Amanda,Katie,Courtney,Lauren,Rebecca,Anna,Michelle,Kelsey,7.0,0.0,2.0,2.0,1.0,0.0,1.0,1.0,7.0,,,,,,,0.0,,,,,,,,,,,18,1,2020_Jan_17_1053,FaceNameBlocked_revised,3.0.0,75.07709066139898,,NaN
72,Fem3Block.csv,Ashley3.mp4,Ashley.JPG,Ashley,3.0,F,Ashley,Danielle,Kayla,Shelby,Alyssa,Jenna,Natalie,Rachel,Emily,Jessica,0.0,0.0,3.0,3.0,2.0,,,,,0.0,1.0,1.0,0.0,,,,,, ,None,,5.0,5.0,6.213407950010152,,,18,1,2020_Jan_17_1053,FaceNameBlocked_revised,3.0.0,75.07709066139898,,NaN
66,Fem3Block.csv,Ashley3.mp4,Ashley.JPG,Ashley,3.0,F,Ashley,Danielle,Kayla,Shelby,Alyssa,Jenna,Natalie,Rachel,Emily,Jessica,0.0,0.0,3.0,3.0,2.0,0.0,5.0,5.0,0.0,,,,,,,1.0,,,,,,,,,,,18,1,2020_Jan_17_1053,FaceNameBlocked_revised,3.0.0,75.07709066139898,,NaN
115,Male1Block.csv,Bradley3.mp4,Bradley.JPG,Bradley,33.0,M,Tyler,Steven,Kyle,Bradley,Eric,Adam,Jason,Noah,Justin,Aaron,3.0,0.0,5.0,5.0,3.0,,,,,0.0,4.0,4.0,3.0,,,,,, bradley,"['b', 'r', 'a', 'd', 'l', 'e', 'y']","[5.413272341014817, 6.159061529004248, 6.346012632013299, 6.53293484202004, 7.372269026003778, 7.518285433994606, 7.6653332890127786]",4.0,4.0,5.280796078994172,,,18,1,2020_Jan_17_1053,FaceNameBlocked_revised,3.0.0,75.07709066139898,,5.4132723
110,Male1Block.csv,Bradley3.mp4,Bradley.JPG,Bradley,33.0,M,Tyler,Steven,Kyle,Bradley,Eric,Adam,Jason,Noah,Justin,Aaron,3.0,0.0,5.0,5.0,3.0,0.0,9.0,9.0,3.0,,,,,,,1.0,,,,,,,,,,,18,1,2020_Jan_17_1053,FaceNameBlocked_revised,3.0.0,75.07709066139898,,NaN
37,Male3Block.csv,Brandon2.mp4,Brandon.JPG,Brandon,34.0,M,Nathan,Caleb,Timothy,David,Mark,Brandon,Thomas,Jeremy,Michael,Cody,5.0,0.0,1.0,1.0,5.0,,,,,0.0,6.0,6.0,5.0,,,,,, brandon,"['b', 'r', 'a', 'n', 'd', 'o', 'n']","[3.520895363006275, 3.614196194015676, 3.800953860016307, 3.921053757017944, 4.358563921006862, 4.467021235002903, 4.720901980006602]",2.0,2.0,1.6804602699994575,,,18,1,2020_Jan_17_1053,FaceNameBlocked_revised,3.0.0,75.07709066139898,,3.5208953
30,Male3Block.csv,Brandon2.mp4,Brandon.JPG,Brandon,34.0,M,Nathan,Caleb,Timothy,David,Mark,Brandon,Thomas,Jeremy,Michael,Cody,5.0,0.0,1.0,1.0,5.0,0.0,9.0,9.0,5.0,,,,,,,1.0,,,,,,,,,,,18,1,2020_Jan_17_1053,FaceNameBlocked_revised,3.0.0,75.07709066139898,,NaN
99,Male2Block.csv,Brian2.mp4,Brian.JPG,Brian,35.0,M,Matthew,Trevor,Kevin,Jacob,Brian,Ethan,Andrew,Dylan,Josh,Daniel,4.0,0.0,4.0,4.0,4.0,,,,,0.0,8.0,8.0,4.0,,,,,, brian,"['b', 'r', 'i', 'a', 'n']","[8.399412692000624, 8.639394682017155, 8.81266324801254, 8.919257100002142, 9.039394306018949]",2.0,2.0,1.4140307389898226,,,18,1,2020_Jan_17_1053,FaceNameBlocked_revised,3.0.0,75.07709066139898,,8.3994126
85,Male2Block.csv,Brian2.mp4,Brian.JPG,Brian,35.0,M,Matthew,Trevor,Kevin,Jacob,Brian,Ethan,Andrew,Dylan,Josh,Daniel,4.0,0.0,4.0,4.0,4.0,0.0,4.0,4.0,4.0,,,,,,,0.0,,,,,,,,,,,18,1,2020_Jan_17_1053,FaceNameBlocked_revised,3.0.0,75.07709066139898,,NaN
19,Fem1Block.csv,Brianna2.mp4,Brianna.JPG,Brianna,4.0,F,Taylor,Grace,Heather,Julia,Hannah,Nicole,Brittany,Sarah,Olivia,Brianna,9.0,0.0,0.0,0.0,0.0,,,,,0.0,8.0,8.0,9.0,,,,,, ,None,,5.0,5.0,6.067435003002174,,,18,1,2020_Jan_17_1053,FaceNameBlocked_revised,3.0.0,75.07709066139898,,NaN
6,Fem1Block.csv,Brianna2.mp4,Brianna.JPG,Brianna,4.0,F,Taylor,Grace,Heather,Julia,Hannah,Nicole,Brittany,Sarah,Olivia,Brianna,9.0,0.0,0.0,0.0,0.0,0.0,5.0,5.0,9.0,,,,,,,1.0,,,,,,,,,,,18,1,2020_Jan_17_1053,FaceNameBlocked_revised,3.0.0,75.07709066139898,,NaN
1,Fem1Block.csv,Brittany2.mp4,Brittany.JPG,Brittany,5.0,F,Taylor,Grace,Heather,Julia,Hannah,Nicole,Brittany,Sarah,Olivia,Brianna,6.0,0.0,0.0,0.0,0.0,0.0,0.0,0.0,6.0,,,,,,,0.0,,,,,,,,,,,18,1,2020_Jan_17_1053,FaceNameBlocked_revised,3.0.0,75.07709066139898,,NaN
16,Fem1Block.csv,Brittany2.mp4,Brittany.JPG,Brittany,5.0,F,Taylor,Grace,Heather,Julia,Hannah,Nicole,Brittany,Sarah,Olivia,Brianna,6.0,0.0,0.0,0.0,0.0,,,,,0.0,5.0,5.0,6.0,,,,,, ,None,,1.0,1.0,5.707063193025531,,,18,1,2020_Jan_17_1053,FaceNameBlocked_revised,3.0.0,75.07709066139898,,NaN
21,Male3Block.csv,Caleb5.mp4,Caleb.JPG,Caleb,36.0,M,Nathan,Caleb,Timothy,David,Mark,Brandon,Thomas,Jeremy,Michael,Cody,1.0,0.0,1.0,1.0,5.0,0.0,0.0,0.0,1.0,,,,,,,0.0,,,,,,,,,,,18,1,2020_Jan_17_1053,FaceNameBlocked_revised,3.0.0,75.07709066139898,,NaN
34,Male3Block.csv,Caleb5.mp4,Caleb.JPG,Caleb,36.0,M,Nathan,Caleb,Timothy,David,Mark,Brandon,Thomas,Jeremy,Michael,Cody,1.0,0.0,1.0,1.0,5.0,,,,,0.0,3.0,3.0,1.0,,,,,, cody,"['c', 'o', 'd', 'y']","[4.560853961011162, 4.746776470012264, 4.9339510630234145, 5.106788441014942]",4.0,3.0,1.4686271499958818,,,18,1,2020_Jan_17_1053,FaceNameBlocked_revised,3.0.0,75.07709066139898,,4.5608539
40,Male3Block.csv,Cody2.mp4,Cody.JPG,Cody,37.0,M,Nathan,Caleb,Timothy,David,Mark,Brandon,Thomas,Jeremy,Michael,Cody,9.0,0.0,1.0,1.0,5.0,,,,,0.0,9.0,9.0,9.0,,,,,, ,None,,2.0,4.0,5.599048539996146,,,18,1,2020_Jan_17_1053,FaceNameBlocked_revised,3.0.0,75.07709066139898,,NaN
26,Male3Block.csv,Cody2.mp4,Cody.JPG,Cody,37.0,M,Nathan,Caleb,Timothy,David,Mark,Brandon,Thomas,Jeremy,Michael,Cody,9.0,0.0,1.0,1.0,5.0,0.0,5.0,5.0,9.0,,,,,,,1.0,,,,,,,,,,,18,1,2020_Jan_17_1053,FaceNameBlocked_revised,3.0.0,75.07709066139898,,NaN
56,Fem2Block.csv,Courtney2.mp4,Courtney.JPG,Courtney,6.0,F,Haley,Megan,Amanda,Katie,Courtney,Lauren,Rebecca,Anna,Michelle,Kelsey,4.0,0.0,2.0,2.0,1.0,,,,,0.0,5.0,5.0,4.0,,,,,, cou,"['c', 'o', 'u']","[9.439287765999325, 9.55920943999081, 9.705624135996914]",4.0,4.0,2.2012494670052547,,,18,1,2020_Jan_17_1053,FaceNameBlocked_revised,3.0.0,75.07709066139898,,9.4392877
43,Fem2Block.csv,Courtney2.mp4,Courtney.JPG,Courtney,6.0,F,Haley,Megan,Amanda,Katie,Courtney,Lauren,Rebecca,Anna,Michelle,Kelsey,4.0,0.0,2.0,2.0,1.0,0.0,2.0,2.0,4.0,,,,,,,0.0,,,,,,,,,,,18,1,2020_Jan_17_1053,FaceNameBlocked_revised,3.0.0,75.07709066139898,,NaN
89,Male2Block.csv,Daniel3.mp4,Daniel.JPG,Daniel,38.0,M,Matthew,Trevor,Kevin,Jacob,Brian,Ethan,Andrew,Dylan,Josh,Daniel,9.0,0.0,4.0,4.0,4.0,0.0,8.0,8.0,9.0,,,,,,,1.0,,,,,,,,,,,18,1,2020_Jan_17_1053,FaceNameBlocked_revised,3.0.0,75.07709066139898,,NaN
92,Male2Block.csv,Daniel3.mp4,Daniel.JPG,Daniel,38.0,M,Matthew,Trevor,Kevin,Jacob,Brian,Ethan,Andrew,Dylan,Josh,Daniel,9.0,0.0,4.0,4.0,4.0,,,,,0.0,1.0,1.0,9.0,,,,,, ,None,,1.0,1.0,9.625420241005486,,,18,1,2020_Jan_17_1053,FaceNameBlocked_revised,3.0.0,75.07709066139898,,NaN
61,Fem3Block.csv,Danielle2.mp4,Danielle.JPG,Danielle,7.0,F,Ashley,Danielle,Kayla,Shelby,Alyssa,Jenna,Natalie,Rachel,Emily,Jessica,1.0,0.0,3.0,3.0,2.0,0.0,0.0,0.0,1.0,,,,,,,0.0,,,,,,,,,,,18,1,2020_Jan_17_1053,FaceNameBlocked_revised,3.0.0,75.07709066139898,,NaN
74,Fem3Block.csv,Danielle2.mp4,Danielle.JPG,Danielle,7.0,F,Ashley,Danielle,Kayla,Shelby,Alyssa,Jenna,Natalie,Rachel,Emily,Jessica,1.0,0.0,3.0,3.0,2.0,,,,,0.0,3.0,3.0,1.0,,,,,, cynthia,"['c', 'y', 'n', 't', 'h', 'i', 'a']","[4.721601830009604, 5.174542526016012, 5.40102674200898, 5.50722297601169, 5.614533111016499, 5.880175396014238, 6.000666227017064]",5.0,1.0,4.426064441999189,,,18,1,2020_Jan_17_1053,FaceNameBlocked_revised,3.0.0,75.07709066139898,,4.7216018
27,Male3Block.csv,David2.mp4,David.JPG,David,39.0,M,Nathan,Caleb,Timothy,David,Mark,Brandon,Thomas,Jeremy,Michael,Cody,3.0,0.0,1.0,1.0,5.0,0.0,6.0,6.0,3.0,,,,,,,1.0,,,,,,,,,,,18,1,2020_Jan_17_1053,FaceNameBlocked_revised,3.0.0,75.07709066139898,,NaN
35,Male3Block.csv,David2.mp4,David.JPG,David,39.0,M,Nathan,Caleb,Timothy,David,Mark,Brandon,Thomas,Jeremy,Michael,Cody,3.0,0.0,1.0,1.0,5.0,,,,,0.0,4.0,4.0,3.0,,,,,, david,"['a', 'backspace', 'd', 'a', 'v', 'i', 'd']","[2.681828410975868, 3.0668555079901125, 3.1748056579963304, 3.267337695986498, 3.9879720869939774, 5.280925503990147, 5.706982117000734]",3.0,3.0,1.5602637970005162,,,18,1,2020_Jan_17_1053,FaceNameBlocked_revised,3.0.0,75.07709066139898,,2.6818284
97,Male2Block.csv,Dylan3.mp4,Dylan.JPG,Dylan,40.0,M,Matthew,Trevor,Kevin,Jacob,Brian,Ethan,Andrew,Dylan,Josh,Daniel,7.0,0.0,4.0,4.0,4.0,,,,,0.0,6.0,6.0,7.0,,,,,, ,None,,3.0,3.0,6.946758467995097,,,18,1,2020_Jan_17_1053,FaceNameBlocked_revised,3.0.0,75.07709066139898,,NaN
82,Male2Block.csv,Dylan3.mp4,Dylan.JPG,Dylan,40.0,M,Matthew,Trevor,Kevin,Jacob,Brian,Ethan,Andrew,Dylan,Josh,Daniel,7.0,0.0,4.0,4.0,4.0,0.0,1.0,1.0,7.0,,,,,,,0.0,,,,,,,,,,,18,1,2020_Jan_17_1053,FaceNameBlocked_revised,3.0.0,75.07709066139898,,NaN
80,Fem3Block.csv,Emily5.mp4,Emily.JPG,Emily,8.0,F,Ashley,Danielle,Kayla,Shelby,Alyssa,Jenna,Natalie,Rachel,Emily,Jessica,8.0,0.0,3.0,3.0,2.0,,,,,0.0,9.0,9.0,8.0,,,,,, emily,"['e', 'm', 'i', 'l', 'y']","[1.161952101974748, 1.98822377200122, 2.1882453019788954, 2.5880652769992594, 2.881411719979951]",3.0,3.0,1.7082862310053315,,,18,1,2020_Jan_17_1053,FaceNameBlocked_revised,3.0.0,75.07709066139898,,1.1619521
68,Fem3Block.csv,Emily5.mp4,Emily.JPG,Emily,8.0,F,Ashley,Danielle,Kayla,Shelby,Alyssa,Jenna,Natalie,Rachel,Emily,Jessica,8.0,0.0,3.0,3.0,2.0,0.0,7.0,7.0,8.0,,,,,,,0.0,,,,,,,,,,,18,1,2020_Jan_17_1053,FaceNameBlocked_revised,3.0.0,75.07709066139898,,NaN
119,Male1Block.csv,Eric2.mp4,Eric.JPG,Eric,41.0,M,Tyler,Steven,Kyle,Bradley,Eric,Adam,Jason,Noah,Justin,Aaron,4.0,0.0,5.0,5.0,3.0,,,,,0.0,8.0,8.0,4.0,,,,,, eric,"['e', 'r', 'o', 'backspace', 'i', 'c']","[1.7344379099959042, 1.9351941450149752, 2.0951054820034187, 2.534054306015605, 3.054999059997499, 3.1595229360100348]",1.0,1.0,1.455660017003538,,,18,1,2020_Jan_17_1053,FaceNameBlocked_revised,3.0.0,75.07709066139898,,1.7344379
101,Male1Block.csv,Eric2.mp4,Eric.JPG,Eric,41.0,M,Tyler,Steven,Kyle,Bradley,Eric,Adam,Jason,Noah,Justin,Aaron,4.0,0.0,5.0,5.0,3.0,0.0,0.0,0.0,4.0,,,,,,,0.0,,,,,,,,,,,18,1,2020_Jan_17_1053,FaceNameBlocked_revised,3.0.0,75.07709066139898,,NaN
83,Male2Block.csv,Ethan2.mp4,Ethan.JPG,Ethan,42.0,M,Matthew,Trevor,Kevin,Jacob,Brian,Ethan,Andrew,Dylan,Josh,Daniel,5.0,0.0,4.0,4.0,4.0,0.0,2.0,2.0,5.0,,,,,,,1.0,,,,,,,,,,,18,1,2020_Jan_17_1053,FaceNameBlocked_revised,3.0.0,75.07709066139898,,NaN
95,Male2Block.csv,Ethan2.mp4,Ethan.JPG,Ethan,42.0,M,Matthew,Trevor,Kevin,Jacob,Brian,Ethan,Andrew,Dylan,Josh,Daniel,5.0,0.0,4.0,4.0,4.0,,,,,0.0,4.0,4.0,5.0,,,,,, ethan,"['e', 't', 'h', 'a', 'n']","[1.9748502410075162, 2.16089644501335, 2.334361594024813, 2.4139286310237367, 2.5338723090244457]",3.0,3.0,2.7750109839835204,,,18,1,2020_Jan_17_1053,FaceNameBlocked_revised,3.0.0,75.07709066139898,,1.9748502
10,Fem1Block.csv,Grace3.mp4,Grace.JPG,Grace,9.0,F,Taylor,Grace,Heather,Julia,Hannah,Nicole,Brittany,Sarah,Olivia,Brianna,1.0,0.0,0.0,0.0,0.0,0.0,9.0,9.0,1.0,,,,,,,0.0,,,,,,,,,,,18,1,2020_Jan_17_1053,FaceNameBlocked_revised,3.0.0,75.07709066139898,,NaN
18,Fem1Block.csv,Grace3.mp4,Grace.JPG,Grace,9.0,F,Taylor,Grace,Heather,Julia,Hannah,Nicole,Brittany,Sarah,Olivia,Brianna,1.0,0.0,0.0,0.0,0.0,,,,,0.0,7.0,7.0,1.0,,,,,, ,None,,5.0,5.0,4.146355390024836,,,18,1,2020_Jan_17_1053,FaceNameBlocked_revised,3.0.0,75.07709066139898,,NaN
45,Fem2Block.csv,Haley2.mp4,Haley.JPG,Haley,10.0,F,Haley,Megan,Amanda,Katie,Courtney,Lauren,Rebecca,Anna,Michelle,Kelsey,0.0,0.0,2.0,2.0,1.0,0.0,4.0,4.0,0.0,,,,,,,1.0,,,,,,,,,,,18,1,2020_Jan_17_1053,FaceNameBlocked_revised,3.0.0,75.07709066139898,,NaN
53,Fem2Block.csv,Haley2.mp4,Haley.JPG,Haley,10.0,F,Haley,Megan,Amanda,Katie,Courtney,Lauren,Rebecca,Anna,Michelle,Kelsey,0.0,0.0,2.0,2.0,1.0,,,,,0.0,2.0,2.0,0.0,,,,,, ,None,,2.0,2.0,7.59823192100157,,,18,1,2020_Jan_17_1053,FaceNameBlocked_revised,3.0.0,75.07709066139898,,NaN
2,Fem1Block.csv,Hannah2.mp4,Hannah.JPG,Hannah,11.0,F,Taylor,Grace,Heather,Julia,Hannah,Nicole,Brittany,Sarah,Olivia,Brianna,4.0,0.0,0.0,0.0,0.0,0.0,1.0,1.0,4.0,,,,,,,0.0,,,,,,,,,,,18,1,2020_Jan_17_1053,FaceNameBlocked_revised,3.0.0,75.07709066139898,,NaN
12,Fem1Block.csv,Hannah2.mp4,Hannah.JPG,Hannah,11.0,F,Taylor,Grace,Heather,Julia,Hannah,Nicole,Brittany,Sarah,Olivia,Brianna,4.0,0.0,0.0,0.0,0.0,,,,,0.0,1.0,1.0,4.0,,,,,, hannah,"['h', 'a', 'n', 'n', 'a', 'h']","[4.708123541000532, 5.040750876010861, 5.240696685999865, 5.3744219329964835, 5.5745989109855145, 5.827718796004774]",4.0,4.0,2.627700188982999,,,18,1,2020_Jan_17_1053,FaceNameBlocked_revised,3.0.0,75.07709066139898,,4.7081235
4,Fem1Block.csv,Heather3.mp4,Heather.JPG,Heather,12.0,F,Taylor,Grace,Heather,Julia,Hannah,Nicole,Brittany,Sarah,Olivia,Brianna,2.0,0.0,0.0,0.0,0.0,0.0,3.0,3.0,2.0,,,,,,,1.0,,,,,,,,,,,18,1,2020_Jan_17_1053,FaceNameBlocked_revised,3.0.0,75.07709066139898,,NaN
15,Fem1Block.csv,Heather3.mp4,Heather.JPG,Heather,12.0,F,Taylor,Grace,Heather,Julia,Hannah,Nicole,Brittany,Sarah,Olivia,Brianna,2.0,0.0,0.0,0.0,0.0,,,,,0.0,4.0,4.0,2.0,,,,,, heather,"['h', 'e', 'a', 't', 'h', 'e', 'r']","[4.440555608976865, 4.560473625984741, 4.720537524000974, 5.4003557689720765, 5.600112114974763, 5.706219978979789, 5.920056238974212]",3.0,3.0,3.8136974860099135,,,18,1,2020_Jan_17_1053,FaceNameBlocked_revised,3.0.0,75.07709066139898,,4.4405556
88,Male2Block.csv,Jacob3.mp4,Jacob.JPG,Jacob,43.0,M,Matthew,Trevor,Kevin,Jacob,Brian,Ethan,Andrew,Dylan,Josh,Daniel,3.0,0.0,4.0,4.0,4.0,0.0,7.0,7.0,3.0,,,,,,,1.0,,,,,,,,,,,18,1,2020_Jan_17_1053,FaceNameBlocked_revised,3.0.0,75.07709066139898,,NaN
94,Male2Block.csv,Jacob3.mp4,Jacob.JPG,Jacob,43.0,M,Matthew,Trevor,Kevin,Jacob,Brian,Ethan,Andrew,Dylan,Josh,Daniel,3.0,0.0,4.0,4.0,4.0,,,,,0.0,3.0,3.0,3.0,,,,,, ,None,,3.0,3.0,2.280826901987893,,,18,1,2020_Jan_17_1053,FaceNameBlocked_revised,3.0.0,75.07709066139898,,NaN
114,Male1Block.csv,Jason4.mp4,Jason.JPG,Jason,44.0,M,Tyler,Steven,Kyle,Bradley,Eric,Adam,Jason,Noah,Justin,Aaron,6.0,0.0,5.0,5.0,3.0,,,,,0.0,3.0,3.0,6.0,,,,,, josh,"['j', 'o', 's', 'h']","[1.6277051939978264, 1.854676028015092, 2.000909001013497, 2.98780957001145]",3.0,3.0,3.8683595239999695,,,18,1,2020_Jan_17_1053,FaceNameBlocked_revised,3.0.0,75.07709066139898,,1.6277051
106,Male1Block.csv,Jason4.mp4,Jason.JPG,Jason,44.0,M,Tyler,Steven,Kyle,Bradley,Eric,Adam,Jason,Noah,Justin,Aaron,6.0,0.0,5.0,5.0,3.0,0.0,5.0,5.0,6.0,,,,,,,0.0,,,,,,,,,,,18,1,2020_Jan_17_1053,FaceNameBlocked_revised,3.0.0,75.07709066139898,,NaN
65,Fem3Block.csv,Jenna4.mp4,Jenna.JPG,Jenna,13.0,F,Ashley,Danielle,Kayla,Shelby,Alyssa,Jenna,Natalie,Rachel,Emily,Jessica,5.0,0.0,3.0,3.0,2.0,0.0,4.0,4.0,5.0,,,,,,,1.0,,,,,,,,,,,18,1,2020_Jan_17_1053,FaceNameBlocked_revised,3.0.0,75.07709066139898,,NaN
79,Fem3Block.csv,Jenna4.mp4,Jenna.JPG,Jenna,13.0,F,Ashley,Danielle,Kayla,Shelby,Alyssa,Jenna,Natalie,Rachel,Emily,Jessica,5.0,0.0,3.0,3.0,2.0,,,,,0.0,8.0,8.0,5.0,,,,,, jenna,"['j', 'e', 'n', 'n', 'a']","[2.01533301800373, 2.081540486018639, 2.2148585990071297, 2.3349851200182457, 2.401460640016012]",1.0,1.0,3.732596356014256,,,18,1,2020_Jan_17_1053,FaceNameBlocked_revised,3.0.0,75.07709066139898,,2.0153330
31,Male3Block.csv,Jeremy2.mp4,Jeremy.JPG,Jeremy,45.0,M,Nathan,Caleb,Timothy,David,Mark,Brandon,Thomas,Jeremy,Michael,Cody,7.0,0.0,1.0,1.0,5.0,,,,,0.0,0.0,0.0,7.0,,,,space,11.0126903509954, tim,"['t', 'i', 'm']","[5.534628054010682, 5.601182799000526, 5.814747852011351]",4.0,5.0,6.747436788020423,,,18,1,2020_Jan_17_1053,FaceNameBlocked_revised,3.0.0,75.07709066139898,,5.5346280
25,Male3Block.csv,Jeremy2.mp4,Jeremy.JPG,Jeremy,45.0,M,Nathan,Caleb,Timothy,David,Mark,Brandon,Thomas,Jeremy,Michael,Cody,7.0,0.0,1.0,1.0,5.0,0.0,4.0,4.0,7.0,,,,,,,0.0,,,,,,,,,,,18,1,2020_Jan_17_1053,FaceNameBlocked_revised,3.0.0,75.07709066139898,,NaN
73,Fem3Block.csv,Jessica2.mp4,Jessica.JPG,Jessica,14.0,F,Ashley,Danielle,Kayla,Shelby,Alyssa,Jenna,Natalie,Rachel,Emily,Jessica,9.0,0.0,3.0,3.0,2.0,,,,,0.0,2.0,2.0,9.0,,,,,, ,None,,5.0,5.0,6.386537933984072,,,18,1,2020_Jan_17_1053,FaceNameBlocked_revised,3.0.0,75.07709066139898,,NaN
69,Fem3Block.csv,Jessica2.mp4,Jessica.JPG,Jessica,14.0,F,Ashley,Danielle,Kayla,Shelby,Alyssa,Jenna,Natalie,Rachel,Emily,Jessica,9.0,0.0,3.0,3.0,2.0,0.0,8.0,8.0,9.0,,,,,,,1.0,,,,,,,,,,,18,1,2020_Jan_17_1053,FaceNameBlocked_revised,3.0.0,75.07709066139898,,NaN
96,Male2Block.csv,Josh3.mp4,Josh.JPG,Josh,46.0,M,Matthew,Trevor,Kevin,Jacob,Brian,Ethan,Andrew,Dylan,Josh,Daniel,8.0,0.0,4.0,4.0,4.0,,,,,0.0,5.0,5.0,8.0,,,,,, josh,"['j', 'o', 's', 'h']","[1.8134087189973798, 1.9068576699937694, 2.067019004985923, 2.1869704599957913]",1.0,1.0,1.6270594090165105,,,18,1,2020_Jan_17_1053,FaceNameBlocked_revised,3.0.0,75.07709066139898,,1.8134087
84,Male2Block.csv,Josh3.mp4,Josh.JPG,Josh,46.0,M,Matthew,Trevor,Kevin,Jacob,Brian,Ethan,Andrew,Dylan,Josh,Daniel,8.0,0.0,4.0,4.0,4.0,0.0,3.0,3.0,8.0,,,,,,,0.0,,,,,,,,,,,18,1,2020_Jan_17_1053,FaceNameBlocked_revised,3.0.0,75.07709066139898,,NaN
3,Fem1Block.csv,Julia2.mp4,Julia.JPG,Julia,15.0,F,Taylor,Grace,Heather,Julia,Hannah,Nicole,Brittany,Sarah,Olivia,Brianna,3.0,0.0,0.0,0.0,0.0,0.0,2.0,2.0,3.0,,,,,,,1.0,,,,,,,,,,,18,1,2020_Jan_17_1053,FaceNameBlocked_revised,3.0.0,75.07709066139898,,NaN
20,Fem1Block.csv,Julia2.mp4,Julia.JPG,Julia,15.0,F,Taylor,Grace,Heather,Julia,Hannah,Nicole,Brittany,Sarah,Olivia,Brianna,3.0,0.0,0.0,0.0,0.0,,,,,0.0,9.0,9.0,3.0,,,,,, julia,"['j', 'u', 'l', 'i', 'a']","[2.1483732479973696, 2.3213658470194787, 2.961231885012239, 3.1345779040129855, 3.2274000759935006]",2.0,2.0,2.1613978119858075,,,18,1,2020_Jan_17_1053,FaceNameBlocked_revised,3.0.0,75.07709066139898,,2.1483732
107,Male1Block.csv,Justin2.mp4,Justin.JPG,Justin,47.0,M,Tyler,Steven,Kyle,Bradley,Eric,Adam,Jason,Noah,Justin,Aaron,8.0,0.0,5.0,5.0,3.0,0.0,6.0,6.0,8.0,,,,,,,0.0,,,,,,,,,,,18,1,2020_Jan_17_1053,FaceNameBlocked_revised,3.0.0,75.07709066139898,,NaN
111,Male1Block.csv,Justin2.mp4,Justin.JPG,Justin,47.0,M,Tyler,Steven,Kyle,Bradley,Eric,Adam,Jason,Noah,Justin,Aaron,8.0,0.0,5.0,5.0,3.0,,,,,0.0,0.0,0.0,8.0,,,,space,2.2161419320036657, justin,"['u', 'backspace', 'j', 'u', 's', 't', 'i', 'n']","[1.86843238901929, 2.2548458439996466, 2.5755305140046403, 2.7351681910222396, 2.8286605790199246, 3.494207687006565, 3.5888009020127356, 3.748068103013793]",4.0,4.0,3.655318745004479,,,18,1,2020_Jan_17_1053,FaceNameBlocked_revised,3.0.0,75.07709066139898,,1.8684323
58,Fem2Block.csv,Katie2.mp4,Katie.JPG,Katie,16.0,F,Haley,Megan,Amanda,Katie,Courtney,Lauren,Rebecca,Anna,Michelle,Kelsey,3.0,0.0,2.0,2.0,1.0,,,,,0.0,7.0,7.0,3.0,,,,,, ,None,,3.0,2.0,3.2677931320213247,,,18,1,2020_Jan_17_1053,FaceNameBlocked_revised,3.0.0,75.07709066139898,,NaN
48,Fem2Block.csv,Katie2.mp4,Katie.JPG,Katie,16.0,F,Haley,Megan,Amanda,Katie,Courtney,Lauren,Rebecca,Anna,Michelle,Kelsey,3.0,0.0,2.0,2.0,1.0,0.0,7.0,7.0,3.0,,,,,,,1.0,,,,,,,,,,,18,1,2020_Jan_17_1053,FaceNameBlocked_revised,3.0.0,75.07709066139898,,NaN
63,Fem3Block.csv,Kayla3.mp4,Kayla.JPG,Kayla,17.0,F,Ashley,Danielle,Kayla,Shelby,Alyssa,Jenna,Natalie,Rachel,Emily,Jessica,2.0,0.0,3.0,3.0,2.0,0.0,2.0,2.0,2.0,,,,,,,1.0,,,,,,,,,,,18,1,2020_Jan_17_1053,FaceNameBlocked_revised,3.0.0,75.07709066139898,,NaN
75,Fem3Block.csv,Kayla3.mp4,Kayla.JPG,Kayla,17.0,F,Ashley,Danielle,Kayla,Shelby,Alyssa,Jenna,Natalie,Rachel,Emily,Jessica,2.0,0.0,3.0,3.0,2.0,,,,,0.0,4.0,4.0,2.0,,,,,, ,None,,2.0,2.0,2.5885179280012385,,,18,1,2020_Jan_17_1053,FaceNameBlocked_revised,3.0.0,75.07709066139898,,NaN
54,Fem2Block.csv,Kelsey2.mp4,Kelsey.JPG,Kelsey,18.0,F,Haley,Megan,Amanda,Katie,Courtney,Lauren,Rebecca,Anna,Michelle,Kelsey,9.0,0.0,2.0,2.0,1.0,,,,,0.0,3.0,3.0,9.0,,,,,, ,None,,2.0,2.0,4.0550766219967045,,,18,1,2020_Jan_17_1053,FaceNameBlocked_revised,3.0.0,75.07709066139898,,NaN
46,Fem2Block.csv,Kelsey2.mp4,Kelsey.JPG,Kelsey,18.0,F,Haley,Megan,Amanda,Katie,Courtney,Lauren,Rebecca,Anna,Michelle,Kelsey,9.0,0.0,2.0,2.0,1.0,0.0,5.0,5.0,9.0,,,,,,,1.0,,,,,,,,,,,18,1,2020_Jan_17_1053,FaceNameBlocked_revised,3.0.0,75.07709066139898,,NaN
93,Male2Block.csv,Kevin2.mp4,Kevin.JPG,Kevin,48.0,M,Matthew,Trevor,Kevin,Jacob,Brian,Ethan,Andrew,Dylan,Josh,Daniel,2.0,0.0,4.0,4.0,4.0,,,,,0.0,2.0,2.0,2.0,,,,,, kevin,"['k', 'e', 'v', 'i', 'n']","[2.2147085049946327, 2.3612094660056755, 2.587466320983367, 2.6811329899937846, 2.947248448996106]",4.0,4.0,2.4542702150065447,,,18,1,2020_Jan_17_1053,FaceNameBlocked_revised,3.0.0,75.07709066139898,,2.2147085
87,Male2Block.csv,Kevin2.mp4,Kevin.JPG,Kevin,48.0,M,Matthew,Trevor,Kevin,Jacob,Brian,Ethan,Andrew,Dylan,Josh,Daniel,2.0,0.0,4.0,4.0,4.0,0.0,6.0,6.0,2.0,,,,,,,1.0,,,,,,,,,,,18,1,2020_Jan_17_1053,FaceNameBlocked_revised,3.0.0,75.07709066139898,,NaN
116,Male1Block.csv,Kyle3.mp4,Kyle.JPG,Kyle,49.0,M,Tyler,Steven,Kyle,Bradley,Eric,Adam,Jason,Noah,Justin,Aaron,2.0,0.0,5.0,5.0,3.0,,,,,0.0,5.0,5.0,2.0,,,,,, kyle,"['k', 'y', 'l', 'e']","[1.7750886770081706, 2.0278440120164305, 2.7478601780021563, 2.8414067170233466]",3.0,3.0,2.0669734650000464,,,18,1,2020_Jan_17_1053,FaceNameBlocked_revised,3.0.0,75.07709066139898,,1.7750886
108,Male1Block.csv,Kyle3.mp4,Kyle.JPG,Kyle,49.0,M,Tyler,Steven,Kyle,Bradley,Eric,Adam,Jason,Noah,Justin,Aaron,2.0,0.0,5.0,5.0,3.0,0.0,7.0,7.0,2.0,,,,,,,1.0,,,,,,,,,,,18,1,2020_Jan_17_1053,FaceNameBlocked_revised,3.0.0,75.07709066139898,,NaN
60,Fem2Block.csv,Lauren4.mp4,Lauren.JPG,Lauren,19.0,F,Haley,Megan,Amanda,Katie,Courtney,Lauren,Rebecca,Anna,Michelle,Kelsey,5.0,0.0,2.0,2.0,1.0,,,,,0.0,9.0,9.0,5.0,,,,,, lauren,"['l', 'a', 'u', 'r', 'e', 'n']","[1.7754647699766792, 1.9753668139746878, 2.7081000009784475, 2.8280883299885318, 2.9220299779844936, 3.054172372998437]",3.0,3.0,1.6551431590050925,,,18,1,2020_Jan_17_1053,FaceNameBlocked_revised,3.0.0,75.07709066139898,,1.7754647
49,Fem2Block.csv,Lauren4.mp4,Lauren.JPG,Lauren,19.0,F,Haley,Megan,Amanda,Katie,Courtney,Lauren,Rebecca,Anna,Michelle,Kelsey,5.0,0.0,2.0,2.0,1.0,0.0,8.0,8.0,5.0,,,,,,,1.0,,,,,,,,,,,18,1,2020_Jan_17_1053,FaceNameBlocked_revised,3.0.0,75.07709066139898,,NaN
23,Male3Block.csv,Mark3.mp4,Mark.JPG,Mark,50.0,M,Nathan,Caleb,Timothy,David,Mark,Brandon,Thomas,Jeremy,Michael,Cody,4.0,0.0,1.0,1.0,5.0,0.0,2.0,2.0,4.0,,,,,,,0.0,,,,,,,,,,,18,1,2020_Jan_17_1053,FaceNameBlocked_revised,3.0.0,75.07709066139898,,NaN
39,Male3Block.csv,Mark3.mp4,Mark.JPG,Mark,50.0,M,Nathan,Caleb,Timothy,David,Mark,Brandon,Thomas,Jeremy,Michael,Cody,4.0,0.0,1.0,1.0,5.0,,,,,0.0,8.0,8.0,4.0,,,,,, ,None,,4.0,4.0,6.5074334789824215,,,18,1,2020_Jan_17_1053,FaceNameBlocked_revised,3.0.0,75.07709066139898,,NaN
86,Male2Block.csv,Matthew2.mp4,Matthew.JPG,Matthew,51.0,M,Matthew,Trevor,Kevin,Jacob,Brian,Ethan,Andrew,Dylan,Josh,Daniel,0.0,0.0,4.0,4.0,4.0,0.0,5.0,5.0,0.0,,,,,,,1.0,,,,,,,,,,,18,1,2020_Jan_17_1053,FaceNameBlocked_revised,3.0.0,75.07709066139898,,NaN
98,Male2Block.csv,Matthew2.mp4,Matthew.JPG,Matthew,51.0,M,Matthew,Trevor,Kevin,Jacob,Brian,Ethan,Andrew,Dylan,Josh,Daniel,0.0,0.0,4.0,4.0,4.0,,,,,0.0,7.0,7.0,0.0,,,,,, matthew,"['a', 'backspace', 'm', 'a', 't', 't', 'h', 'e', 'w']","[2.5622453349933494, 3.241190891014412, 3.7482084119983483, 3.8148910099989735, 4.01517848399817, 4.1350394890177995, 4.334703795990208, 4.908081736008171, 4.999657295003999]",1.0,1.0,1.5617365640064236,,,18,1,2020_Jan_17_1053,FaceNameBlocked_revised,3.0.0,75.07709066139898,,2.5622453
52,Fem2Block.csv,Megan2.mp4,Megan.JPG,Megan,20.0,F,Haley,Megan,Amanda,Katie,Courtney,Lauren,Rebecca,Anna,Michelle,Kelsey,1.0,0.0,2.0,2.0,1.0,,,,,0.0,1.0,1.0,1.0,,,,,, ,None,,2.0,2.0,10.317254241002956,,,18,1,2020_Jan_17_1053,FaceNameBlocked_revised,3.0.0,75.07709066139898,,NaN
47,Fem2Block.csv,Megan2.mp4,Megan.JPG,Megan,20.0,F,Haley,Megan,Amanda,Katie,Courtney,Lauren,Rebecca,Anna,Michelle,Kelsey,1.0,0.0,2.0,2.0,1.0,0.0,6.0,6.0,1.0,,,,,,,0.0,,,,,,,,,,,18,1,2020_Jan_17_1053,FaceNameBlocked_revised,3.0.0,75.07709066139898,,NaN
29,Male3Block.csv,Michael2.mp4,Michael.JPG,Michael,52.0,M,Nathan,Caleb,Timothy,David,Mark,Brandon,Thomas,Jeremy,Michael,Cody,8.0,0.0,1.0,1.0,5.0,0.0,8.0,8.0,8.0,,,,,,,0.0,,,,,,,,,,,18,1,2020_Jan_17_1053,FaceNameBlocked_revised,3.0.0,75.07709066139898,,NaN
33,Male3Block.csv,Michael2.mp4,Michael.JPG,Michael,52.0,M,Nathan,Caleb,Timothy,David,Mark,Brandon,Thomas,Jeremy,Michael,Cody,8.0,0.0,1.0,1.0,5.0,,,,,0.0,2.0,2.0,8.0,,,,,, michael,"['m', 'i', 'c', 'h', 'a', 'e', 'l']","[2.7874498589953873, 2.9878727330069523, 3.067242941004224, 3.20113520801533, 3.294628395990003, 3.9468909990100656, 4.293532073003007]",2.0,2.0,1.709006279008463,,,18,1,2020_Jan_17_1053,FaceNameBlocked_revised,3.0.0,75.07709066139898,,2.7874498
55,Fem2Block.csv,Michelle2.mp4,Michelle.JPG,Michelle,21.0,F,Haley,Megan,Amanda,Katie,Courtney,Lauren,Rebecca,Anna,Michelle,Kelsey,8.0,0.0,2.0,2.0,1.0,,,,,0.0,4.0,4.0,8.0,,,,,, michelle,"['m', 'i', 'space', 'h', 'backspace', 'backspace', 'c', 'h', 'e', 'l', 'l', 'e']","[2.361459968989948, 2.521431716013467, 2.7476745590101928, 2.8544325180118904, 3.506159472017316, 3.787156826001592, 4.147566881001694, 4.707321816997137, 4.827297372015892, 4.947122581012081, 5.066792999015888, 5.440439483005321]",5.0,5.0,2.548157363984501,,,18,1,2020_Jan_17_1053,FaceNameBlocked_revised,3.0.0,75.07709066139898,,2.3614599
44,Fem2Block.csv,Michelle2.mp4,Michelle.JPG,Michelle,21.0,F,Haley,Megan,Amanda,Katie,Courtney,Lauren,Rebecca,Anna,Michelle,Kelsey,8.0,0.0,2.0,2.0,1.0,0.0,3.0,3.0,8.0,,,,,,,0.0,,,,,,,,,,,18,1,2020_Jan_17_1053,FaceNameBlocked_revised,3.0.0,75.07709066139898,,NaN
77,Fem3Block.csv,Natalie3.mp4,Natalie.JPG,Natalie,22.0,F,Ashley,Danielle,Kayla,Shelby,Alyssa,Jenna,Natalie,Rachel,Emily,Jessica,6.0,0.0,3.0,3.0,2.0,,,,,0.0,6.0,6.0,6.0,,,,,, ,None,,2.0,1.0,6.773900275991764,,,18,1,2020_Jan_17_1053,FaceNameBlocked_revised,3.0.0,75.07709066139898,,NaN
64,Fem3Block.csv,Natalie3.mp4,Natalie.JPG,Natalie,22.0,F,Ashley,Danielle,Kayla,Shelby,Alyssa,Jenna,Natalie,Rachel,Emily,Jessica,6.0,0.0,3.0,3.0,2.0,0.0,3.0,3.0,6.0,,,,,,,0.0,,,,,,,,,,,18,1,2020_Jan_17_1053,FaceNameBlocked_revised,3.0.0,75.07709066139898,,NaN
22,Male3Block.csv,Nathan3.mp4,Nathan.JPG,Nathan,53.0,M,Nathan,Caleb,Timothy,David,Mark,Brandon,Thomas,Jeremy,Michael,Cody,0.0,0.0,1.0,1.0,5.0,0.0,1.0,1.0,0.0,,,,,,,1.0,,,,,,,,,,,18,1,2020_Jan_17_1053,FaceNameBlocked_revised,3.0.0,75.07709066139898,,NaN
36,Male3Block.csv,Nathan3.mp4,Nathan.JPG,Nathan,53.0,M,Nathan,Caleb,Timothy,David,Mark,Brandon,Thomas,Jeremy,Michael,Cody,0.0,0.0,1.0,1.0,5.0,,,,,0.0,5.0,5.0,0.0,,,,,, ,None,,3.0,4.0,8.545961952011567,,,18,1,2020_Jan_17_1053,FaceNameBlocked_revised,3.0.0,75.07709066139898,,NaN
8,Fem1Block.csv,Nicole2.mp4,Nicole.JPG,Nicole,23.0,F,Taylor,Grace,Heather,Julia,Hannah,Nicole,Brittany,Sarah,Olivia,Brianna,5.0,0.0,0.0,0.0,0.0,0.0,7.0,7.0,5.0,,,,,,,1.0,,,,,,,,,,,18,1,2020_Jan_17_1053,FaceNameBlocked_revised,3.0.0,75.07709066139898,,NaN
13,Fem1Block.csv,Nicole2.mp4,Nicole.JPG,Nicole,23.0,F,Taylor,Grace,Heather,Julia,Hannah,Nicole,Brittany,Sarah,Olivia,Brianna,5.0,0.0,0.0,0.0,0.0,,,,,0.0,2.0,2.0,5.0,,,,,, ,None,,1.0,1.0,3.452279578981688,,,18,1,2020_Jan_17_1053,FaceNameBlocked_revised,3.0.0,75.07709066139898,,NaN
112,Male1Block.csv,Noah2.mp4,Noah.JPG,Noah,54.0,M,Tyler,Steven,Kyle,Bradley,Eric,Adam,Jason,Noah,Justin,Aaron,7.0,0.0,5.0,5.0,3.0,,,,,0.0,1.0,1.0,7.0,,,,,, ,None,,5.0,5.0,5.174356862000423,,,18,1,2020_Jan_17_1053,FaceNameBlocked_revised,3.0.0,75.07709066139898,,NaN
105,Male1Block.csv,Noah2.mp4,Noah.JPG,Noah,54.0,M,Tyler,Steven,Kyle,Bradley,Eric,Adam,Jason,Noah,Justin,Aaron,7.0,0.0,5.0,5.0,3.0,0.0,4.0,4.0,7.0,,,,,,,0.0,,,,,,,,,,,18,1,2020_Jan_17_1053,FaceNameBlocked_revised,3.0.0,75.07709066139898,,NaN
9,Fem1Block.csv,Olivia3.mp4,Olivia.JPG,Olivia,24.0,F,Taylor,Grace,Heather,Julia,Hannah,Nicole,Brittany,Sarah,Olivia,Brianna,8.0,0.0,0.0,0.0,0.0,0.0,8.0,8.0,8.0,,,,,,,0.0,,,,,,,,,,,18,1,2020_Jan_17_1053,FaceNameBlocked_revised,3.0.0,75.07709066139898,,NaN
11,Fem1Block.csv,Olivia3.mp4,Olivia.JPG,Olivia,24.0,F,Taylor,Grace,Heather,Julia,Hannah,Nicole,Brittany,Sarah,Olivia,Brianna,8.0,0.0,0.0,0.0,0.0,,,,,0.0,0.0,0.0,8.0,,,,space,14.545014406001426, olivia,"['capslock', 'o', 'l', 'i', 'v', 'i', 'a']","[6.426196396991145, 6.759697605011752, 7.012770141009241, 7.239142239006469, 7.479456814005971, 7.612821551010711, 7.772911914013093]",5.0,5.0,4.041378645983059,,,18,1,2020_Jan_17_1053,FaceNameBlocked_revised,3.0.0,75.07709066139898,,6.4261963
78,Fem3Block.csv,Rachel3.mp4,Rachel.JPG,Rachel,25.0,F,Ashley,Danielle,Kayla,Shelby,Alyssa,Jenna,Natalie,Rachel,Emily,Jessica,7.0,0.0,3.0,3.0,2.0,,,,,0.0,7.0,7.0,7.0,,,,,, jenna,"['j', 'e', 'n', 'n', 'a']","[2.04266734799603, 2.1623640279867686, 2.293314604990883, 2.4154092709941324, 2.495140660990728]",5.0,4.0,7.067261522985064,,,18,1,2020_Jan_17_1053,FaceNameBlocked_revised,3.0.0,75.07709066139898,,2.0426673
70,Fem3Block.csv,Rachel3.mp4,Rachel.JPG,Rachel,25.0,F,Ashley,Danielle,Kayla,Shelby,Alyssa,Jenna,Natalie,Rachel,Emily,Jessica,7.0,0.0,3.0,3.0,2.0,0.0,9.0,9.0,7.0,,,,,,,0.0,,,,,,,,,,,18,1,2020_Jan_17_1053,FaceNameBlocked_revised,3.0.0,75.07709066139898,,NaN
50,Fem2Block.csv,Rebecca3.mp4,Rebecca.JPG,Rebecca,26.0,F,Haley,Megan,Amanda,Katie,Courtney,Lauren,Rebecca,Anna,Michelle,Kelsey,6.0,0.0,2.0,2.0,1.0,0.0,9.0,9.0,6.0,,,,,,,0.0,,,,,,,,,,,18,1,2020_Jan_17_1053,FaceNameBlocked_revised,3.0.0,75.07709066139898,,NaN
59,Fem2Block.csv,Rebecca3.mp4,Rebecca.JPG,Rebecca,26.0,F,Haley,Megan,Amanda,Katie,Courtney,Lauren,Rebecca,Anna,Michelle,Kelsey,6.0,0.0,2.0,2.0,1.0,,,,,0.0,8.0,8.0,6.0,,,,,, rebecca,"['r', 'e', 'b', 'e', 'c', 'c', 'a']","[1.8151306999789085, 1.8957230569794774, 2.055689018976409, 2.136063682992244, 2.8013063829857856, 2.935039425996365, 3.041790041985223]",5.0,5.0,1.8958949939988088,,,18,1,2020_Jan_17_1053,FaceNameBlocked_revised,3.0.0,75.07709066139898,,1.8151306
7,Fem1Block.csv,Sarah2.mp4,Sarah.JPG,Sarah,27.0,F,Taylor,Grace,Heather,Julia,Hannah,Nicole,Brittany,Sarah,Olivia,Brianna,7.0,0.0,0.0,0.0,0.0,0.0,6.0,6.0,7.0,,,,,,,0.0,,,,,,,,,,,18,1,2020_Jan_17_1053,FaceNameBlocked_revised,3.0.0,75.07709066139898,,NaN
14,Fem1Block.csv,Sarah2.mp4,Sarah.JPG,Sarah,27.0,F,Taylor,Grace,Heather,Julia,Hannah,Nicole,Brittany,Sarah,Olivia,Brianna,7.0,0.0,0.0,0.0,0.0,,,,,0.0,3.0,3.0,7.0,,,,,, sarah,"['s', 'a', 'r', 'a', 'h']","[2.842150265991222, 3.0417564639938064, 3.721368526981678, 3.9745864139986224, 4.0946189899987075]",4.0,4.0,3.468231217993889,,,18,1,2020_Jan_17_1053,FaceNameBlocked_revised,3.0.0,75.07709066139898,,2.8421502
67,Fem3Block.csv,Shelby2.mp4,Shelby.JPG,Shelby,28.0,F,Ashley,Danielle,Kayla,Shelby,Alyssa,Jenna,Natalie,Rachel,Emily,Jessica,3.0,0.0,3.0,3.0,2.0,0.0,6.0,6.0,3.0,,,,,,,1.0,,,,,,,,,,,18,1,2020_Jan_17_1053,FaceNameBlocked_revised,3.0.0,75.07709066139898,,NaN
76,Fem3Block.csv,Shelby2.mp4,Shelby.JPG,Shelby,28.0,F,Ashley,Danielle,Kayla,Shelby,Alyssa,Jenna,Natalie,Rachel,Emily,Jessica,3.0,0.0,3.0,3.0,2.0,,,,,0.0,5.0,5.0,3.0,,,,,, shelby,"['s', 'h', 'e', 'l', 'b', 'y']","[4.946048340993002, 5.3598238860140555, 5.466180674993666, 7.038563939015148, 7.225644916004967, 7.532613473013043]",3.0,3.0,4.86772394698346,,,18,1,2020_Jan_17_1053,FaceNameBlocked_revised,3.0.0,75.07709066139898,,4.9460483
109,Male1Block.csv,Steven2.mp4,Steven.JPG,Steven,55.0,M,Tyler,Steven,Kyle,Bradley,Eric,Adam,Jason,Noah,Justin,Aaron,1.0,0.0,5.0,5.0,3.0,0.0,8.0,8.0,1.0,,,,,,,0.0,,,,,,,,,,,18,1,2020_Jan_17_1053,FaceNameBlocked_revised,3.0.0,75.07709066139898,,NaN
118,Male1Block.csv,Steven2.mp4,Steven.JPG,Steven,55.0,M,Tyler,Steven,Kyle,Bradley,Eric,Adam,Jason,Noah,Justin,Aaron,1.0,0.0,5.0,5.0,3.0,,,,,0.0,7.0,7.0,1.0,,,,,, steven,"['s', 't', 'e', 'v', 'e', 'n']","[1.839845456997864, 1.9738270440138876, 2.0797137409972493, 2.6261516970116645, 2.719977683009347, 2.919354587007547]",2.0,2.0,1.9878130810102448,,,18,1,2020_Jan_17_1053,FaceNameBlocked_revised,3.0.0,75.07709066139898,,1.8398454
5,Fem1Block.csv,Taylor4.mp4,Taylor.JPG,Taylor,29.0,F,Taylor,Grace,Heather,Julia,Hannah,Nicole,Brittany,Sarah,Olivia,Brianna,0.0,0.0,0.0,0.0,0.0,0.0,4.0,4.0,0.0,,,,,,,1.0,,,,,,,,,,,18,1,2020_Jan_17_1053,FaceNameBlocked_revised,3.0.0,75.07709066139898,,NaN
17,Fem1Block.csv,Taylor4.mp4,Taylor.JPG,Taylor,29.0,F,Taylor,Grace,Heather,Julia,Hannah,Nicole,Brittany,Sarah,Olivia,Brianna,0.0,0.0,0.0,0.0,0.0,,,,,0.0,6.0,6.0,0.0,,,,,, ,None,,2.0,2.0,6.959550886007492,,,18,1,2020_Jan_17_1053,FaceNameBlocked_revised,3.0.0,75.07709066139898,,NaN
24,Male3Block.csv,Thomas2.mp4,Thomas.JPG,Thomas,56.0,M,Nathan,Caleb,Timothy,David,Mark,Brandon,Thomas,Jeremy,Michael,Cody,6.0,0.0,1.0,1.0,5.0,0.0,3.0,3.0,6.0,,,,,,,0.0,,,,,,,,,,,18,1,2020_Jan_17_1053,FaceNameBlocked_revised,3.0.0,75.07709066139898,,NaN
38,Male3Block.csv,Thomas2.mp4,Thomas.JPG,Thomas,56.0,M,Nathan,Caleb,Timothy,David,Mark,Brandon,Thomas,Jeremy,Michael,Cody,6.0,0.0,1.0,1.0,5.0,,,,,0.0,7.0,7.0,6.0,,,,,, ,None,,4.0,4.0,6.06647818099009,,,18,1,2020_Jan_17_1053,FaceNameBlocked_revised,3.0.0,75.07709066139898,,NaN
32,Male3Block.csv,Timothy3.mp4,Timothy.JPG,Timothy,57.0,M,Nathan,Caleb,Timothy,David,Mark,Brandon,Thomas,Jeremy,Michael,Cody,2.0,0.0,1.0,1.0,5.0,,,,,0.0,1.0,1.0,2.0,,,,,, ,None,,1.0,3.0,6.280910934001441,,,18,1,2020_Jan_17_1053,FaceNameBlocked_revised,3.0.0,75.07709066139898,,NaN
28,Male3Block.csv,Timothy3.mp4,Timothy.JPG,Timothy,57.0,M,Nathan,Caleb,Timothy,David,Mark,Brandon,Thomas,Jeremy,Michael,Cody,2.0,0.0,1.0,1.0,5.0,0.0,7.0,7.0,2.0,,,,,,,1.0,,,,,,,,,,,18,1,2020_Jan_17_1053,FaceNameBlocked_revised,3.0.0,75.07709066139898,,NaN
91,Male2Block.csv,Trevor2.mp4,Trevor.JPG,Trevor,58.0,M,Matthew,Trevor,Kevin,Jacob,Brian,Ethan,Andrew,Dylan,Josh,Daniel,1.0,0.0,4.0,4.0,4.0,,,,,0.0,0.0,0.0,1.0,,,,space,31.499435928999446, nathan,"['n', 'a', 't', 'h', 'a', 'n']","[8.705068498005858, 8.824928636982804, 8.971762209985172, 9.224853539984906, 9.410577854985604, 9.517971964000026]",4.0,3.0,7.1332172279944634,,,18,1,2020_Jan_17_1053,FaceNameBlocked_revised,3.0.0,75.07709066139898,,8.7050684
90,Male2Block.csv,Trevor2.mp4,Trevor.JPG,Trevor,58.0,M,Matthew,Trevor,Kevin,Jacob,Brian,Ethan,Andrew,Dylan,Josh,Daniel,1.0,0.0,4.0,4.0,4.0,0.0,9.0,9.0,1.0,,,,,,,0.0,,,,,,,,,,,18,1,2020_Jan_17_1053,FaceNameBlocked_revised,3.0.0,75.07709066139898,,NaN
104,Male1Block.csv,Tyler3.mp4,Tyler.JPG,Tyler,59.0,M,Tyler,Steven,Kyle,Bradley,Eric,Adam,Jason,Noah,Justin,Aaron,0.0,0.0,5.0,5.0,3.0,0.0,3.0,3.0,0.0,,,,,,,1.0,,,,,,,,,,,18,1,2020_Jan_17_1053,FaceNameBlocked_revised,3.0.0,75.07709066139898,,NaN
120,Male1Block.csv,Tyler3.mp4,Tyler.JPG,Tyler,59.0,M,Tyler,Steven,Kyle,Bradley,Eric,Adam,Jason,Noah,Justin,Aaron,0.0,0.0,5.0,5.0,3.0,,,,,0.0,9.0,9.0,0.0,,,,,, ,None,,1.0,1.0,6.14487514999928,,,18,1,2020_Jan_17_1053,FaceNameBlocked_revised,3.0.0,75.07709066139898,,NaN
0,,,,,,,,,,,,,,,,,,,,,,,,,,,,,,space,594.84884684399,,,,,,,,,,,,18,1,2020_Jan_17_1053,FaceNameBlocked_revised,3.0.0,75.07709066139898,,NaN
121,,,,,,,,,,,,,,,,,,,,,,,,,,,,,,,,,,,,,,,,,space,138.8503771670221,18,1,2020_Jan_17_1053,FaceNameBlocked_revised,3.0.0,75.07709066139898,,NaN
