,condsBlockFile,Video,Photo,Name,Row,Gender,N1,N2,N3,N4,N5,N6,N7,N8,N9,N10,Row2,blocks.thisRepN,blocks.thisTrialN,blocks.thisN,blocks.thisIndex,presentations.thisRepN,presentations.thisTrialN,presentations.thisN,presentations.thisIndex,testing.thisRepN,testing.thisTrialN,testing.thisN,testing.thisIndex,advance_1.keys,advance_1.rt,currentCond,advance_2.keys,advance_2.rt,inputText,key_resp_3.keys,key_resp_3.rt,correctRecogSelection,keyResponse.keys,keyResponse.rt,end_key.keys,end_key.rt,participant,session,date,expName,psychopyVersion,frameRate,Unnamed: 48,key_resp3_fin
70,Male1Block.csv,Aaron2.mp4,Aaron.JPG,Aaron,30.0,M,Aaron,Eric,Trevor,Kyle,Daniel,Jeremy,Kevin,Timothy,Steven,David,0.0,0.0,3.0,3.0,3.0,0.0,9.0,9.0,0.0,,,,,,,0.0,,,,,,,,,,,19,1,2020_Jan_17_1147,FaceNameBlocked_revised,3.0.0,84.57780119901633,,NaN
73,Male1Block.csv,Aaron2.mp4,Aaron.JPG,Aaron,30.0,M,Aaron,Eric,Trevor,Kyle,Daniel,Jeremy,Kevin,Timothy,Steven,David,0.0,0.0,3.0,3.0,3.0,,,,,0.0,2.0,2.0,0.0,,,,,, Jeremy,"['lshift', 'lshift', 'j', 'e', 'r', 'e', 'm', 'y']","[1.6705574090592563, 6.904018635977991, 7.458658367977478, 7.788219569018111, 8.10615810006857, 8.211401642067358, 8.776615086011589, 9.810860019992106]",2.0,3.0,4.036537683918141,,,19,1,2020_Jan_17_1147,FaceNameBlocked_revised,3.0.0,84.57780119901633,,1.6705574
7,Male2Block.csv,Adam4.mp4,Adam.JPG,Adam,31.0,M,Mark,Thomas,Justin,Matthew,Noah,Dylan,Nathan,Jacob,Andrew,Adam,9.0,0.0,0.0,0.0,4.0,0.0,6.0,6.0,9.0,,,,,,,1.0,,,,,,,,,,,19,1,2020_Jan_17_1147,FaceNameBlocked_revised,3.0.0,84.57780119901633,,NaN
11,Male2Block.csv,Adam4.mp4,Adam.JPG,Adam,31.0,M,Mark,Thomas,Justin,Matthew,Noah,Dylan,Nathan,Jacob,Andrew,Adam,9.0,0.0,0.0,0.0,4.0,,,,,0.0,0.0,0.0,9.0,,,,space,24.65439494408201, Adam,"['a', 'd', 'backspace', 'backspace', 'lshift', 'a', 'd', 'a', 'comma', 'm']","[5.316149604972452, 5.741408264031634, 6.670242284075357, 6.823196265031584, 7.081071068067104, 7.353408190072514, 7.646384634077549, 7.868204059079289, 8.598826747969724, 9.729019724065438]",4.0,4.0,3.7051514280028637,,,19,1,2020_Jan_17_1147,FaceNameBlocked_revised,3.0.0,84.57780119901633,,5.3161496
37,Fem2Block.csv,Alyssa3.mp4,Alyssa.JPG,Alyssa,0.0,F,Jenna,Jessica,Grace,Shelby,Danielle,Sarah,Nicole,Natalie,Courtney,Alyssa,9.0,0.0,1.0,1.0,1.0,,,,,0.0,6.0,6.0,9.0,,,,,, Jessica,"['lshift', 'j', 'e', 's', 's', 'i', 'c', 'a']","[2.752865454996936, 2.919962873100303, 3.131743124104105, 3.3661067750072107, 3.5522501280065626, 3.8486897880211473, 4.037131391000003, 4.2252635940676555]",3.0,4.0,2.083975572953932,,,19,1,2020_Jan_17_1147,FaceNameBlocked_revised,3.0.0,84.57780119901633,,2.7528654
27,Fem2Block.csv,Alyssa3.mp4,Alyssa.JPG,Alyssa,0.0,F,Jenna,Jessica,Grace,Shelby,Danielle,Sarah,Nicole,Natalie,Courtney,Alyssa,9.0,0.0,1.0,1.0,1.0,0.0,6.0,6.0,9.0,,,,,,,1.0,,,,,,,,,,,19,1,2020_Jan_17_1147,FaceNameBlocked_revised,3.0.0,84.57780119901633,,NaN
58,Fem3Block.csv,Amanda3.mp4,Amanda.JPG,Amanda,1.0,F,Ashley,Kayla,Lauren,Anna,Olivia,Hannah,Michelle,Amanda,Brittany,Emily,7.0,0.0,2.0,2.0,2.0,,,,,0.0,7.0,7.0,7.0,,,,,, Kayla,"['lshift', 'k', 'a', 'y', 'l', 'a']","[6.798823234974407, 6.918631464941427, 7.16548678802792, 7.294985073036514, 7.951295914012007, 8.094960112008266]",2.0,1.0,5.353902969043702,,,19,1,2020_Jan_17_1147,FaceNameBlocked_revised,3.0.0,84.57780119901633,,6.7988232
43,Fem3Block.csv,Amanda3.mp4,Amanda.JPG,Amanda,1.0,F,Ashley,Kayla,Lauren,Anna,Olivia,Hannah,Michelle,Amanda,Brittany,Emily,7.0,0.0,2.0,2.0,2.0,0.0,2.0,2.0,7.0,,,,,,,0.0,,,,,,,,,,,19,1,2020_Jan_17_1147,FaceNameBlocked_revised,3.0.0,84.57780119901633,,NaN
4,Male2Block.csv,Andrew2.mp4,Andrew.JPG,Andrew,32.0,M,Mark,Thomas,Justin,Matthew,Noah,Dylan,Nathan,Jacob,Andrew,Adam,8.0,0.0,0.0,0.0,4.0,0.0,3.0,3.0,8.0,,,,,,,0.0,,,,,,,,,,,19,1,2020_Jan_17_1147,FaceNameBlocked_revised,3.0.0,84.57780119901633,,NaN
17,Male2Block.csv,Andrew2.mp4,Andrew.JPG,Andrew,32.0,M,Mark,Thomas,Justin,Matthew,Noah,Dylan,Nathan,Jacob,Andrew,Adam,8.0,0.0,0.0,0.0,4.0,,,,,0.0,6.0,6.0,8.0,,,,,, Noah,"['lshift', 'n', 'o', 'a', 'h']","[8.18639940500725, 8.362740408978425, 8.999418128049001, 9.19933197798673, 9.33863414102234]",3.0,1.0,2.9899007569765668,,,19,1,2020_Jan_17_1147,FaceNameBlocked_revised,3.0.0,84.57780119901633,,8.1863994
54,Fem3Block.csv,Anna3.mp4,Anna.JPG,Anna,2.0,F,Ashley,Kayla,Lauren,Anna,Olivia,Hannah,Michelle,Amanda,Brittany,Emily,3.0,0.0,2.0,2.0,2.0,,,,,0.0,3.0,3.0,3.0,,,,,, ,None,,5.0,4.0,8.765585819957778,,,19,1,2020_Jan_17_1147,FaceNameBlocked_revised,3.0.0,84.57780119901633,,NaN
44,Fem3Block.csv,Anna3.mp4,Anna.JPG,Anna,2.0,F,Ashley,Kayla,Lauren,Anna,Olivia,Hannah,Michelle,Amanda,Brittany,Emily,3.0,0.0,2.0,2.0,2.0,0.0,3.0,3.0,3.0,,,,,,,1.0,,,,,,,,,,,19,1,2020_Jan_17_1147,FaceNameBlocked_revised,3.0.0,84.57780119901633,,NaN
46,Fem3Block.csv,Ashley3.mp4,Ashley.JPG,Ashley,3.0,F,Ashley,Kayla,Lauren,Anna,Olivia,Hannah,Michelle,Amanda,Brittany,Emily,0.0,0.0,2.0,2.0,2.0,0.0,5.0,5.0,0.0,,,,,,,0.0,,,,,,,,,,,19,1,2020_Jan_17_1147,FaceNameBlocked_revised,3.0.0,84.57780119901633,,NaN
60,Fem3Block.csv,Ashley3.mp4,Ashley.JPG,Ashley,3.0,F,Ashley,Kayla,Lauren,Anna,Olivia,Hannah,Michelle,Amanda,Brittany,Emily,0.0,0.0,2.0,2.0,2.0,,,,,0.0,9.0,9.0,0.0,,,,,, Lauren,"['lshift', 'l', 'a', 'u', 'r', 'e', 'n']","[2.04517410392873, 2.246512116980739, 2.6589812450110912, 2.859226063010283, 3.058756969985552, 3.2702803909778595, 3.5528445380041376]",4.0,1.0,2.070035049924627,,,19,1,2020_Jan_17_1147,FaceNameBlocked_revised,3.0.0,84.57780119901633,,2.0451741
93,Male3Block.csv,Bradley3.mp4,Bradley.JPG,Bradley,33.0,M,Tyler,Ethan,Josh,Jason,Cody,Brian,Bradley,Brandon,Michael,Caleb,6.0,0.0,4.0,4.0,5.0,,,,,0.0,2.0,2.0,6.0,,,,,, Bradley,"['lshift', 'b', 'r', 'a', 'd', 'e', 'backspace', 'l', 'e', 'y']","[2.351927674957551, 2.5176248979987577, 2.798108763061464, 2.965400750981644, 3.2705798109527677, 3.741051957011223, 4.269962502992712, 4.717797911027446, 4.951934179989621, 5.799478268017992]",5.0,4.0,2.8581617659656335,,,19,1,2020_Jan_17_1147,FaceNameBlocked_revised,3.0.0,84.57780119901633,,2.3519276
89,Male3Block.csv,Bradley3.mp4,Bradley.JPG,Bradley,33.0,M,Tyler,Ethan,Josh,Jason,Cody,Brian,Bradley,Brandon,Michael,Caleb,6.0,0.0,4.0,4.0,5.0,0.0,8.0,8.0,6.0,,,,,,,1.0,,,,,,,,,,,19,1,2020_Jan_17_1147,FaceNameBlocked_revised,3.0.0,84.57780119901633,,NaN
92,Male3Block.csv,Brandon2.mp4,Brandon.JPG,Brandon,34.0,M,Tyler,Ethan,Josh,Jason,Cody,Brian,Bradley,Brandon,Michael,Caleb,7.0,0.0,4.0,4.0,5.0,,,,,0.0,1.0,1.0,7.0,,,,,, Co,"['lshift', 'c', 'o']","[7.575663083000109, 7.835810270044021, 7.9865801280830055]",4.0,1.0,5.2602144200354815,,,19,1,2020_Jan_17_1147,FaceNameBlocked_revised,3.0.0,84.57780119901633,,7.5756630
87,Male3Block.csv,Brandon2.mp4,Brandon.JPG,Brandon,34.0,M,Tyler,Ethan,Josh,Jason,Cody,Brian,Bradley,Brandon,Michael,Caleb,7.0,0.0,4.0,4.0,5.0,0.0,6.0,6.0,7.0,,,,,,,0.0,,,,,,,,,,,19,1,2020_Jan_17_1147,FaceNameBlocked_revised,3.0.0,84.57780119901633,,NaN
82,Male3Block.csv,Brian2.mp4,Brian.JPG,Brian,35.0,M,Tyler,Ethan,Josh,Jason,Cody,Brian,Bradley,Brandon,Michael,Caleb,5.0,0.0,4.0,4.0,5.0,0.0,1.0,1.0,5.0,,,,,,,0.0,,,,,,,,,,,19,1,2020_Jan_17_1147,FaceNameBlocked_revised,3.0.0,84.57780119901633,,NaN
100,Male3Block.csv,Brian2.mp4,Brian.JPG,Brian,35.0,M,Tyler,Ethan,Josh,Jason,Cody,Brian,Bradley,Brandon,Michael,Caleb,5.0,0.0,4.0,4.0,5.0,,,,,0.0,9.0,9.0,5.0,,,,,, ,None,,3.0,3.0,3.918593300972134,,,19,1,2020_Jan_17_1147,FaceNameBlocked_revised,3.0.0,84.57780119901633,,NaN
118,Fem1Block.csv,Brianna2.mp4,Brianna.JPG,Brianna,4.0,F,Rachel,Taylor,Megan,Rebecca,Kelsey,Heather,Brianna,Haley,Katie,Julia,6.0,0.0,5.0,5.0,0.0,,,,,0.0,7.0,7.0,6.0,,,,,, Rebecca,"['lshift', 'r', 'e', 'b', 'e', 'c', 'c', 'a']","[1.8940679259831086, 2.060915002017282, 2.2933067050762475, 2.6368836200563237, 2.860491133062169, 3.2486993999918923, 3.44870729802642, 3.647734904079698]",3.0,4.0,5.24725874804426,,,19,1,2020_Jan_17_1147,FaceNameBlocked_revised,3.0.0,84.57780119901633,,1.8940679
106,Fem1Block.csv,Brianna2.mp4,Brianna.JPG,Brianna,4.0,F,Rachel,Taylor,Megan,Rebecca,Kelsey,Heather,Brianna,Haley,Katie,Julia,6.0,0.0,5.0,5.0,0.0,0.0,5.0,5.0,6.0,,,,,,,1.0,,,,,,,,,,,19,1,2020_Jan_17_1147,FaceNameBlocked_revised,3.0.0,84.57780119901633,,NaN
41,Fem3Block.csv,Brittany2.mp4,Brittany.JPG,Brittany,5.0,F,Ashley,Kayla,Lauren,Anna,Olivia,Hannah,Michelle,Amanda,Brittany,Emily,8.0,0.0,2.0,2.0,2.0,0.0,0.0,0.0,8.0,,,,,,,0.0,,,,,,,,,,,19,1,2020_Jan_17_1147,FaceNameBlocked_revised,3.0.0,84.57780119901633,,NaN
55,Fem3Block.csv,Brittany2.mp4,Brittany.JPG,Brittany,5.0,F,Ashley,Kayla,Lauren,Anna,Olivia,Hannah,Michelle,Amanda,Brittany,Emily,8.0,0.0,2.0,2.0,2.0,,,,,0.0,4.0,4.0,8.0,,,,,, Olivv,"['lshift', 'o', 'l', 'i', 'v', 'v']","[3.6238617709605023, 3.7994253389770165, 4.224955922923982, 4.495138127938844, 5.190002820920199, 5.352238064981066]",1.0,3.0,7.492116542998701,,,19,1,2020_Jan_17_1147,FaceNameBlocked_revised,3.0.0,84.57780119901633,,3.6238617
95,Male3Block.csv,Caleb5.mp4,Caleb.JPG,Caleb,36.0,M,Tyler,Ethan,Josh,Jason,Cody,Brian,Bradley,Brandon,Michael,Caleb,9.0,0.0,4.0,4.0,5.0,,,,,0.0,4.0,4.0,9.0,,,,,, Michael,"['lshift', 'm', 'i', 'c', 'h', 'a', 'e', 'l']","[5.762261572992429, 5.8928726450540125, 6.211227594059892, 6.540855713072233, 6.6110044290544465, 6.975059458985925, 7.304779791040346, 7.610754344030283]",3.0,1.0,3.0589103989768773,,,19,1,2020_Jan_17_1147,FaceNameBlocked_revised,3.0.0,84.57780119901633,,5.7622615
88,Male3Block.csv,Caleb5.mp4,Caleb.JPG,Caleb,36.0,M,Tyler,Ethan,Josh,Jason,Cody,Brian,Bradley,Brandon,Michael,Caleb,9.0,0.0,4.0,4.0,5.0,0.0,7.0,7.0,9.0,,,,,,,1.0,,,,,,,,,,,19,1,2020_Jan_17_1147,FaceNameBlocked_revised,3.0.0,84.57780119901633,,NaN
99,Male3Block.csv,Cody2.mp4,Cody.JPG,Cody,37.0,M,Tyler,Ethan,Josh,Jason,Cody,Brian,Bradley,Brandon,Michael,Caleb,4.0,0.0,4.0,4.0,5.0,,,,,0.0,8.0,8.0,4.0,,,,,, ,None,,1.0,2.0,3.3657467010198165,,,19,1,2020_Jan_17_1147,FaceNameBlocked_revised,3.0.0,84.57780119901633,,NaN
81,Male3Block.csv,Cody2.mp4,Cody.JPG,Cody,37.0,M,Tyler,Ethan,Josh,Jason,Cody,Brian,Bradley,Brandon,Michael,Caleb,4.0,0.0,4.0,4.0,5.0,0.0,0.0,0.0,4.0,,,,,,,1.0,,,,,,,,,,,19,1,2020_Jan_17_1147,FaceNameBlocked_revised,3.0.0,84.57780119901633,,NaN
23,Fem2Block.csv,Courtney2.mp4,Courtney.JPG,Courtney,6.0,F,Jenna,Jessica,Grace,Shelby,Danielle,Sarah,Nicole,Natalie,Courtney,Alyssa,8.0,0.0,1.0,1.0,1.0,0.0,2.0,2.0,8.0,,,,,,,0.0,,,,,,,,,,,19,1,2020_Jan_17_1147,FaceNameBlocked_revised,3.0.0,84.57780119901633,,NaN
32,Fem2Block.csv,Courtney2.mp4,Courtney.JPG,Courtney,6.0,F,Jenna,Jessica,Grace,Shelby,Danielle,Sarah,Nicole,Natalie,Courtney,Alyssa,8.0,0.0,1.0,1.0,1.0,,,,,0.0,1.0,1.0,8.0,,,,,, ,None,,4.0,1.0,5.3165779470000425,,,19,1,2020_Jan_17_1147,FaceNameBlocked_revised,3.0.0,84.57780119901633,,NaN
67,Male1Block.csv,Daniel3.mp4,Daniel.JPG,Daniel,38.0,M,Aaron,Eric,Trevor,Kyle,Daniel,Jeremy,Kevin,Timothy,Steven,David,4.0,0.0,3.0,3.0,3.0,0.0,6.0,6.0,4.0,,,,,,,1.0,,,,,,,,,,,19,1,2020_Jan_17_1147,FaceNameBlocked_revised,3.0.0,84.57780119901633,,NaN
75,Male1Block.csv,Daniel3.mp4,Daniel.JPG,Daniel,38.0,M,Aaron,Eric,Trevor,Kyle,Daniel,Jeremy,Kevin,Timothy,Steven,David,4.0,0.0,3.0,3.0,3.0,,,,,0.0,4.0,4.0,4.0,,,,,, Steven,"['lshift', 's', 't', 'e', 'v', 'e', 'n']","[1.9056711220182478, 2.2259114229818806, 2.4840871340129524, 2.625803472008556, 3.225462313974276, 3.5074578589992598, 3.719757017912343]",5.0,1.0,2.390185479074717,,,19,1,2020_Jan_17_1147,FaceNameBlocked_revised,3.0.0,84.57780119901633,,1.9056711
36,Fem2Block.csv,Danielle2.mp4,Danielle.JPG,Danielle,7.0,F,Jenna,Jessica,Grace,Shelby,Danielle,Sarah,Nicole,Natalie,Courtney,Alyssa,4.0,0.0,1.0,1.0,1.0,,,,,0.0,5.0,5.0,4.0,,,,,, Danielle,"['lshift', 'd', 'a', 'n', 'i', 'e', 'l', 'l', 'e']","[1.9189206400187686, 2.10873402596917, 2.35597679996863, 2.5669583149719983, 2.8378632250241935, 3.0138035159325227, 3.1528777779312804, 3.3199805489275604, 3.602496412000619]",4.0,4.0,1.2375480009941384,,,19,1,2020_Jan_17_1147,FaceNameBlocked_revised,3.0.0,84.57780119901633,,1.9189206
24,Fem2Block.csv,Danielle2.mp4,Danielle.JPG,Danielle,7.0,F,Jenna,Jessica,Grace,Shelby,Danielle,Sarah,Nicole,Natalie,Courtney,Alyssa,4.0,0.0,1.0,1.0,1.0,0.0,3.0,3.0,4.0,,,,,,,1.0,,,,,,,,,,,19,1,2020_Jan_17_1147,FaceNameBlocked_revised,3.0.0,84.57780119901633,,NaN
68,Male1Block.csv,David2.mp4,David.JPG,David,39.0,M,Aaron,Eric,Trevor,Kyle,Daniel,Jeremy,Kevin,Timothy,Steven,David,9.0,0.0,3.0,3.0,3.0,0.0,7.0,7.0,9.0,,,,,,,1.0,,,,,,,,,,,19,1,2020_Jan_17_1147,FaceNameBlocked_revised,3.0.0,84.57780119901633,,NaN
71,Male1Block.csv,David2.mp4,David.JPG,David,39.0,M,Aaron,Eric,Trevor,Kyle,Daniel,Jeremy,Kevin,Timothy,Steven,David,9.0,0.0,3.0,3.0,3.0,,,,,0.0,0.0,0.0,9.0,,,,space,2.77867890195921, ,None,,3.0,4.0,6.0928572739940146,,,19,1,2020_Jan_17_1147,FaceNameBlocked_revised,3.0.0,84.57780119901633,,NaN
3,Male2Block.csv,Dylan3.mp4,Dylan.JPG,Dylan,40.0,M,Mark,Thomas,Justin,Matthew,Noah,Dylan,Nathan,Jacob,Andrew,Adam,5.0,0.0,0.0,0.0,4.0,0.0,2.0,2.0,5.0,,,,,,,0.0,,,,,,,,,,,19,1,2020_Jan_17_1147,FaceNameBlocked_revised,3.0.0,84.57780119901633,,NaN
13,Male2Block.csv,Dylan3.mp4,Dylan.JPG,Dylan,40.0,M,Mark,Thomas,Justin,Matthew,Noah,Dylan,Nathan,Jacob,Andrew,Adam,5.0,0.0,0.0,0.0,4.0,,,,,0.0,2.0,2.0,5.0,,,,,, Jacob,"['lshift', 'j', 'a', 'c', 'o', 'b']","[5.093102857004851, 5.670366742066108, 5.964432036038488, 6.950671161990613, 7.2231302610598505, 7.4465669869678095]",1.0,4.0,4.730642646085472,,,19,1,2020_Jan_17_1147,FaceNameBlocked_revised,3.0.0,84.57780119901633,,5.0931028
45,Fem3Block.csv,Emily5.mp4,Emily.JPG,Emily,8.0,F,Ashley,Kayla,Lauren,Anna,Olivia,Hannah,Michelle,Amanda,Brittany,Emily,9.0,0.0,2.0,2.0,2.0,0.0,4.0,4.0,9.0,,,,,,,1.0,,,,,,,,,,,19,1,2020_Jan_17_1147,FaceNameBlocked_revised,3.0.0,84.57780119901633,,NaN
56,Fem3Block.csv,Emily5.mp4,Emily.JPG,Emily,8.0,F,Ashley,Kayla,Lauren,Anna,Olivia,Hannah,Michelle,Amanda,Brittany,Emily,9.0,0.0,2.0,2.0,2.0,,,,,0.0,5.0,5.0,9.0,,,,,, Emily,"['lshift', 'e', 'm', 'i', 'l', 'y']","[2.0119731300510466, 2.4838944310322404, 2.9662344499956816, 3.4134959200164303, 3.6477599299978465, 3.84771181398537]",3.0,3.0,3.060530316084624,,,19,1,2020_Jan_17_1147,FaceNameBlocked_revised,3.0.0,84.57780119901633,,2.0119731
61,Male1Block.csv,Eric2.mp4,Eric.JPG,Eric,41.0,M,Aaron,Eric,Trevor,Kyle,Daniel,Jeremy,Kevin,Timothy,Steven,David,1.0,0.0,3.0,3.0,3.0,0.0,0.0,0.0,1.0,,,,,,,1.0,,,,,,,,,,,19,1,2020_Jan_17_1147,FaceNameBlocked_revised,3.0.0,84.57780119901633,,NaN
77,Male1Block.csv,Eric2.mp4,Eric.JPG,Eric,41.0,M,Aaron,Eric,Trevor,Kyle,Daniel,Jeremy,Kevin,Timothy,Steven,David,1.0,0.0,3.0,3.0,3.0,,,,,0.0,6.0,6.0,1.0,,,,,, Kyle,"['lshift', 'k', 'l', 'backspace', 'y', 'l', 'e']","[4.6123285830253735, 4.707222342025489, 5.222794346045703, 6.09499119000975, 6.729988088016398, 7.000705534941517, 7.224712125957012]",3.0,4.0,2.1313383700326085,,,19,1,2020_Jan_17_1147,FaceNameBlocked_revised,3.0.0,84.57780119901633,,4.6123285
86,Male3Block.csv,Ethan2.mp4,Ethan.JPG,Ethan,42.0,M,Tyler,Ethan,Josh,Jason,Cody,Brian,Bradley,Brandon,Michael,Caleb,1.0,0.0,4.0,4.0,5.0,0.0,5.0,5.0,1.0,,,,,,,1.0,,,,,,,,,,,19,1,2020_Jan_17_1147,FaceNameBlocked_revised,3.0.0,84.57780119901633,,NaN
96,Male3Block.csv,Ethan2.mp4,Ethan.JPG,Ethan,42.0,M,Tyler,Ethan,Josh,Jason,Cody,Brian,Bradley,Brandon,Michael,Caleb,1.0,0.0,4.0,4.0,5.0,,,,,0.0,5.0,5.0,1.0,,,,,, ,None,,5.0,5.0,5.5303981610341,,,19,1,2020_Jan_17_1147,FaceNameBlocked_revised,3.0.0,84.57780119901633,,NaN
22,Fem2Block.csv,Grace3.mp4,Grace.JPG,Grace,9.0,F,Jenna,Jessica,Grace,Shelby,Danielle,Sarah,Nicole,Natalie,Courtney,Alyssa,2.0,0.0,1.0,1.0,1.0,0.0,1.0,1.0,2.0,,,,,,,0.0,,,,,,,,,,,19,1,2020_Jan_17_1147,FaceNameBlocked_revised,3.0.0,84.57780119901633,,NaN
38,Fem2Block.csv,Grace3.mp4,Grace.JPG,Grace,9.0,F,Jenna,Jessica,Grace,Shelby,Danielle,Sarah,Nicole,Natalie,Courtney,Alyssa,2.0,0.0,1.0,1.0,1.0,,,,,0.0,7.0,7.0,2.0,,,,,, Corney,"['lshift', 'c', 'o', 'r', 'n', 'e', 'y']","[2.6006451320135966, 2.802021802053787, 2.9527126230532303, 3.34259728807956, 3.75386753201019, 3.953384716063738, 4.107110413024202]",2.0,1.0,2.7081154859624803,,,19,1,2020_Jan_17_1147,FaceNameBlocked_revised,3.0.0,84.57780119901633,,2.6006451
102,Fem1Block.csv,Haley2.mp4,Haley.JPG,Haley,10.0,F,Rachel,Taylor,Megan,Rebecca,Kelsey,Heather,Brianna,Haley,Katie,Julia,7.0,0.0,5.0,5.0,0.0,0.0,1.0,1.0,7.0,,,,,,,0.0,,,,,,,,,,,19,1,2020_Jan_17_1147,FaceNameBlocked_revised,3.0.0,84.57780119901633,,NaN
116,Fem1Block.csv,Haley2.mp4,Haley.JPG,Haley,10.0,F,Rachel,Taylor,Megan,Rebecca,Kelsey,Heather,Brianna,Haley,Katie,Julia,7.0,0.0,5.0,5.0,0.0,,,,,0.0,5.0,5.0,7.0,,,,,, Heather,"['lshift', 'h', 'e', 'a', 't', 'h', 'e', 'r']","[2.565045424969867, 2.79021540901158, 3.0231267840135843, 3.2013785720337182, 3.4957910920493305, 3.6724533030064777, 3.846870171953924, 3.9191991339903325]",2.0,2.0,7.141419593943282,,,19,1,2020_Jan_17_1147,FaceNameBlocked_revised,3.0.0,84.57780119901633,,2.5650454
42,Fem3Block.csv,Hannah2.mp4,Hannah.JPG,Hannah,11.0,F,Ashley,Kayla,Lauren,Anna,Olivia,Hannah,Michelle,Amanda,Brittany,Emily,5.0,0.0,2.0,2.0,2.0,0.0,1.0,1.0,5.0,,,,,,,0.0,,,,,,,,,,,19,1,2020_Jan_17_1147,FaceNameBlocked_revised,3.0.0,84.57780119901633,,NaN
57,Fem3Block.csv,Hannah2.mp4,Hannah.JPG,Hannah,11.0,F,Ashley,Kayla,Lauren,Anna,Olivia,Hannah,Michelle,Amanda,Brittany,Emily,5.0,0.0,2.0,2.0,2.0,,,,,0.0,6.0,6.0,5.0,,,,,, Brittany,"['lshift', 'b', 'r', 'i', 't', 't', 'a', 'n', 'y']","[7.481298255035654, 7.753174658049829, 8.082347915042192, 8.459889804013073, 8.647815609001555, 8.823943214025348, 9.047385164070874, 9.21220579999499, 9.62383487902116]",4.0,5.0,3.2256101510720327,,,19,1,2020_Jan_17_1147,FaceNameBlocked_revised,3.0.0,84.57780119901633,,7.4812982
119,Fem1Block.csv,Heather3.mp4,Heather.JPG,Heather,12.0,F,Rachel,Taylor,Megan,Rebecca,Kelsey,Heather,Brianna,Haley,Katie,Julia,5.0,0.0,5.0,5.0,0.0,,,,,0.0,8.0,8.0,5.0,,,,,, K,"['lshift', 'k']","[4.800531122949906, 7.459430246963166]",4.0,4.0,6.530258639017121,,,19,1,2020_Jan_17_1147,FaceNameBlocked_revised,3.0.0,84.57780119901633,,4.8005311
109,Fem1Block.csv,Heather3.mp4,Heather.JPG,Heather,12.0,F,Rachel,Taylor,Megan,Rebecca,Kelsey,Heather,Brianna,Haley,Katie,Julia,5.0,0.0,5.0,5.0,0.0,0.0,8.0,8.0,5.0,,,,,,,0.0,,,,,,,,,,,19,1,2020_Jan_17_1147,FaceNameBlocked_revised,3.0.0,84.57780119901633,,NaN
1,Male2Block.csv,Jacob3.mp4,Jacob.JPG,Jacob,43.0,M,Mark,Thomas,Justin,Matthew,Noah,Dylan,Nathan,Jacob,Andrew,Adam,7.0,0.0,0.0,0.0,4.0,0.0,0.0,0.0,7.0,,,,,,,0.0,,,,,,,,,,,19,1,2020_Jan_17_1147,FaceNameBlocked_revised,3.0.0,84.57780119901633,,NaN
12,Male2Block.csv,Jacob3.mp4,Jacob.JPG,Jacob,43.0,M,Mark,Thomas,Justin,Matthew,Noah,Dylan,Nathan,Jacob,Andrew,Adam,7.0,0.0,0.0,0.0,4.0,,,,,0.0,1.0,1.0,7.0,,,,,, Mathew,"['lshift', 'm', 'a', 't', 'h', 'e', 'w']","[3.893028042977676, 4.165293628931977, 5.023459940915927, 5.365042205899954, 5.553181923925877, 5.951997109921649, 6.095056370948441]",5.0,1.0,4.824642181978561,,,19,1,2020_Jan_17_1147,FaceNameBlocked_revised,3.0.0,84.57780119901633,,3.8930280
83,Male3Block.csv,Jason4.mp4,Jason.JPG,Jason,44.0,M,Tyler,Ethan,Josh,Jason,Cody,Brian,Bradley,Brandon,Michael,Caleb,3.0,0.0,4.0,4.0,5.0,0.0,2.0,2.0,3.0,,,,,,,1.0,,,,,,,,,,,19,1,2020_Jan_17_1147,FaceNameBlocked_revised,3.0.0,84.57780119901633,,NaN
97,Male3Block.csv,Jason4.mp4,Jason.JPG,Jason,44.0,M,Tyler,Ethan,Josh,Jason,Cody,Brian,Bradley,Brandon,Michael,Caleb,3.0,0.0,4.0,4.0,5.0,,,,,0.0,6.0,6.0,3.0,,,,,, ,None,,4.0,2.0,5.883518346934579,,,19,1,2020_Jan_17_1147,FaceNameBlocked_revised,3.0.0,84.57780119901633,,NaN
35,Fem2Block.csv,Jenna4.mp4,Jenna.JPG,Jenna,13.0,F,Jenna,Jessica,Grace,Shelby,Danielle,Sarah,Nicole,Natalie,Courtney,Alyssa,0.0,0.0,1.0,1.0,1.0,,,,,0.0,4.0,4.0,0.0,,,,,, Je,"['lshift', 'j', 'e']","[9.479773957980797, 9.68204441096168, 9.905478179920465]",2.0,4.0,6.588540788041429,,,19,1,2020_Jan_17_1147,FaceNameBlocked_revised,3.0.0,84.57780119901633,,9.4797739
30,Fem2Block.csv,Jenna4.mp4,Jenna.JPG,Jenna,13.0,F,Jenna,Jessica,Grace,Shelby,Danielle,Sarah,Nicole,Natalie,Courtney,Alyssa,0.0,0.0,1.0,1.0,1.0,0.0,9.0,9.0,0.0,,,,,,,0.0,,,,,,,,,,,19,1,2020_Jan_17_1147,FaceNameBlocked_revised,3.0.0,84.57780119901633,,NaN
79,Male1Block.csv,Jeremy2.mp4,Jeremy.JPG,Jeremy,45.0,M,Aaron,Eric,Trevor,Kyle,Daniel,Jeremy,Kevin,Timothy,Steven,David,5.0,0.0,3.0,3.0,3.0,,,,,0.0,8.0,8.0,5.0,,,,,, Jacob,"['lshift', 'j', 'a', 'c', 'o', 'b']","[2.4349388050613925, 2.6602961210301146, 4.917424552026205, 5.283459922997281, 5.539711270015687, 6.165135581046343]",2.0,2.0,5.366226734942757,,,19,1,2020_Jan_17_1147,FaceNameBlocked_revised,3.0.0,84.57780119901633,,2.4349388
65,Male1Block.csv,Jeremy2.mp4,Jeremy.JPG,Jeremy,45.0,M,Aaron,Eric,Trevor,Kyle,Daniel,Jeremy,Kevin,Timothy,Steven,David,5.0,0.0,3.0,3.0,3.0,0.0,4.0,4.0,5.0,,,,,,,0.0,,,,,,,,,,,19,1,2020_Jan_17_1147,FaceNameBlocked_revised,3.0.0,84.57780119901633,,NaN
26,Fem2Block.csv,Jessica2.mp4,Jessica.JPG,Jessica,14.0,F,Jenna,Jessica,Grace,Shelby,Danielle,Sarah,Nicole,Natalie,Courtney,Alyssa,1.0,0.0,1.0,1.0,1.0,0.0,5.0,5.0,1.0,,,,,,,1.0,,,,,,,,,,,19,1,2020_Jan_17_1147,FaceNameBlocked_revised,3.0.0,84.57780119901633,,NaN
39,Fem2Block.csv,Jessica2.mp4,Jessica.JPG,Jessica,14.0,F,Jenna,Jessica,Grace,Shelby,Danielle,Sarah,Nicole,Natalie,Courtney,Alyssa,1.0,0.0,1.0,1.0,1.0,,,,,0.0,8.0,8.0,1.0,,,,,, Jessica,"['lshift', 'j', 'e', 's', 's', 'i', 'c', 'a']","[2.8350842690560967, 3.024361773976125, 3.2949363730149344, 3.518143647001125, 3.682649692054838, 3.859773845062591, 4.012911802972667, 4.998145389021374]",1.0,1.0,3.1190899449866265,,,19,1,2020_Jan_17_1147,FaceNameBlocked_revised,3.0.0,84.57780119901633,,2.8350842
91,Male3Block.csv,Josh3.mp4,Josh.JPG,Josh,46.0,M,Tyler,Ethan,Josh,Jason,Cody,Brian,Bradley,Brandon,Michael,Caleb,2.0,0.0,4.0,4.0,5.0,,,,,0.0,0.0,0.0,2.0,,,,space,2.061222224030644, ,None,,2.0,2.0,3.754719550022856,,,19,1,2020_Jan_17_1147,FaceNameBlocked_revised,3.0.0,84.57780119901633,,NaN
84,Male3Block.csv,Josh3.mp4,Josh.JPG,Josh,46.0,M,Tyler,Ethan,Josh,Jason,Cody,Brian,Bradley,Brandon,Michael,Caleb,2.0,0.0,4.0,4.0,5.0,0.0,3.0,3.0,2.0,,,,,,,0.0,,,,,,,,,,,19,1,2020_Jan_17_1147,FaceNameBlocked_revised,3.0.0,84.57780119901633,,NaN
101,Fem1Block.csv,Julia2.mp4,Julia.JPG,Julia,15.0,F,Rachel,Taylor,Megan,Rebecca,Kelsey,Heather,Brianna,Haley,Katie,Julia,9.0,0.0,5.0,5.0,0.0,0.0,0.0,0.0,9.0,,,,,,,1.0,,,,,,,,,,,19,1,2020_Jan_17_1147,FaceNameBlocked_revised,3.0.0,84.57780119901633,,NaN
114,Fem1Block.csv,Julia2.mp4,Julia.JPG,Julia,15.0,F,Rachel,Taylor,Megan,Rebecca,Kelsey,Heather,Brianna,Haley,Katie,Julia,9.0,0.0,5.0,5.0,0.0,,,,,0.0,3.0,3.0,9.0,,,,,, Julia,"['lshift', 'j', 'u', 'l', 'i', 'a']","[2.1758636640151963, 2.798995435005054, 3.236737005994655, 3.4955196999944746, 3.601016190019436, 3.7662716979393736]",5.0,5.0,1.8837064019171519,,,19,1,2020_Jan_17_1147,FaceNameBlocked_revised,3.0.0,84.57780119901633,,2.1758636
10,Male2Block.csv,Justin2.mp4,Justin.JPG,Justin,47.0,M,Mark,Thomas,Justin,Matthew,Noah,Dylan,Nathan,Jacob,Andrew,Adam,2.0,0.0,0.0,0.0,4.0,0.0,9.0,9.0,2.0,,,,,,,0.0,,,,,,,,,,,19,1,2020_Jan_17_1147,FaceNameBlocked_revised,3.0.0,84.57780119901633,,NaN
16,Male2Block.csv,Justin2.mp4,Justin.JPG,Justin,47.0,M,Mark,Thomas,Justin,Matthew,Noah,Dylan,Nathan,Jacob,Andrew,Adam,2.0,0.0,0.0,0.0,4.0,,,,,0.0,5.0,5.0,2.0,,,,,, Dylan,"['lshift', 'd', 'y', 'l', 'a', 'n']","[2.529993712087162, 3.1287317120004445, 3.3053021320374683, 3.719316740054637, 4.105563403107226, 4.281506010098383]",5.0,5.0,4.670000231009908,,,19,1,2020_Jan_17_1147,FaceNameBlocked_revised,3.0.0,84.57780119901633,,2.5299937
110,Fem1Block.csv,Katie2.mp4,Katie.JPG,Katie,16.0,F,Rachel,Taylor,Megan,Rebecca,Kelsey,Heather,Brianna,Haley,Katie,Julia,8.0,0.0,5.0,5.0,0.0,0.0,9.0,9.0,8.0,,,,,,,0.0,,,,,,,,,,,19,1,2020_Jan_17_1147,FaceNameBlocked_revised,3.0.0,84.57780119901633,,NaN
112,Fem1Block.csv,Katie2.mp4,Katie.JPG,Katie,16.0,F,Rachel,Taylor,Megan,Rebecca,Kelsey,Heather,Brianna,Haley,Katie,Julia,8.0,0.0,5.0,5.0,0.0,,,,,0.0,1.0,1.0,8.0,,,,,, Kayly,"['lshift', 'k', 'a', 'y', 'l', 'y']","[4.046663866960444, 4.178117360919714, 4.471571472939104, 4.612386614899151, 4.859052043990232, 5.224535585963167]",3.0,3.0,5.1531675760634235,,,19,1,2020_Jan_17_1147,FaceNameBlocked_revised,3.0.0,84.57780119901633,,4.0466638
52,Fem3Block.csv,Kayla3.mp4,Kayla.JPG,Kayla,17.0,F,Ashley,Kayla,Lauren,Anna,Olivia,Hannah,Michelle,Amanda,Brittany,Emily,1.0,0.0,2.0,2.0,2.0,,,,,0.0,1.0,1.0,1.0,,,,,, Amy,"['lshift', 'a', 'm', 'y']","[4.352273516007699, 4.565764285041951, 4.7538074750918895, 5.141823249985464]",4.0,4.0,7.045687968027778,,,19,1,2020_Jan_17_1147,FaceNameBlocked_revised,3.0.0,84.57780119901633,,4.3522735
47,Fem3Block.csv,Kayla3.mp4,Kayla.JPG,Kayla,17.0,F,Ashley,Kayla,Lauren,Anna,Olivia,Hannah,Michelle,Amanda,Brittany,Emily,1.0,0.0,2.0,2.0,2.0,0.0,6.0,6.0,1.0,,,,,,,1.0,,,,,,,,,,,19,1,2020_Jan_17_1147,FaceNameBlocked_revised,3.0.0,84.57780119901633,,NaN
117,Fem1Block.csv,Kelsey2.mp4,Kelsey.JPG,Kelsey,18.0,F,Rachel,Taylor,Megan,Rebecca,Kelsey,Heather,Brianna,Haley,Katie,Julia,4.0,0.0,5.0,5.0,0.0,,,,,0.0,6.0,6.0,4.0,,,,,, ,"['lshift', 'r', 'e', 'backspace', 'backspace']","[7.398746435996145, 7.623467297060415, 7.834628237062134, 8.798623998998664, 9.163741505006328]",1.0,3.0,4.175507122068666,,,19,1,2020_Jan_17_1147,FaceNameBlocked_revised,3.0.0,84.57780119901633,,7.3987464
104,Fem1Block.csv,Kelsey2.mp4,Kelsey.JPG,Kelsey,18.0,F,Rachel,Taylor,Megan,Rebecca,Kelsey,Heather,Brianna,Haley,Katie,Julia,4.0,0.0,5.0,5.0,0.0,0.0,3.0,3.0,4.0,,,,,,,1.0,,,,,,,,,,,19,1,2020_Jan_17_1147,FaceNameBlocked_revised,3.0.0,84.57780119901633,,NaN
69,Male1Block.csv,Kevin2.mp4,Kevin.JPG,Kevin,48.0,M,Aaron,Eric,Trevor,Kyle,Daniel,Jeremy,Kevin,Timothy,Steven,David,6.0,0.0,3.0,3.0,3.0,0.0,8.0,8.0,6.0,,,,,,,1.0,,,,,,,,,,,19,1,2020_Jan_17_1147,FaceNameBlocked_revised,3.0.0,84.57780119901633,,NaN
76,Male1Block.csv,Kevin2.mp4,Kevin.JPG,Kevin,48.0,M,Aaron,Eric,Trevor,Kyle,Daniel,Jeremy,Kevin,Timothy,Steven,David,6.0,0.0,3.0,3.0,3.0,,,,,0.0,5.0,5.0,6.0,,,,,, Kevin,"['lshift', 'k', 'e', 'v', 'i', 'n']","[1.8711735109100118, 2.0728160329163074, 2.343866645009257, 2.6491876669460908, 3.8258153710048646, 4.166543512954377]",3.0,3.0,3.1076125799445435,,,19,1,2020_Jan_17_1147,FaceNameBlocked_revised,3.0.0,84.57780119901633,,1.8711735
72,Male1Block.csv,Kyle3.mp4,Kyle.JPG,Kyle,49.0,M,Aaron,Eric,Trevor,Kyle,Daniel,Jeremy,Kevin,Timothy,Steven,David,3.0,0.0,3.0,3.0,3.0,,,,,0.0,1.0,1.0,3.0,,,,,, ,['lshift'],[9.786808817996643],2.0,1.0,3.978330051060766,,,19,1,2020_Jan_17_1147,FaceNameBlocked_revised,3.0.0,84.57780119901633,,9.7868088
66,Male1Block.csv,Kyle3.mp4,Kyle.JPG,Kyle,49.0,M,Aaron,Eric,Trevor,Kyle,Daniel,Jeremy,Kevin,Timothy,Steven,David,3.0,0.0,3.0,3.0,3.0,0.0,5.0,5.0,3.0,,,,,,,1.0,,,,,,,,,,,19,1,2020_Jan_17_1147,FaceNameBlocked_revised,3.0.0,84.57780119901633,,NaN
53,Fem3Block.csv,Lauren4.mp4,Lauren.JPG,Lauren,19.0,F,Ashley,Kayla,Lauren,Anna,Olivia,Hannah,Michelle,Amanda,Brittany,Emily,2.0,0.0,2.0,2.0,2.0,,,,,0.0,2.0,2.0,2.0,,,,,, Michelle,"['lshift', 'm', 'i', 'c', 'h', 'e', 'l', 'l', 'e']","[3.847823987947777, 4.014497565920465, 4.21373187401332, 4.399540719925426, 4.519506025011651, 4.790327662951313, 5.00187607598491, 5.177952817990445, 5.295844272011891]",3.0,4.0,4.000914018019103,,,19,1,2020_Jan_17_1147,FaceNameBlocked_revised,3.0.0,84.57780119901633,,3.8478239
48,Fem3Block.csv,Lauren4.mp4,Lauren.JPG,Lauren,19.0,F,Ashley,Kayla,Lauren,Anna,Olivia,Hannah,Michelle,Amanda,Brittany,Emily,2.0,0.0,2.0,2.0,2.0,0.0,7.0,7.0,2.0,,,,,,,0.0,,,,,,,,,,,19,1,2020_Jan_17_1147,FaceNameBlocked_revised,3.0.0,84.57780119901633,,NaN
19,Male2Block.csv,Mark3.mp4,Mark.JPG,Mark,50.0,M,Mark,Thomas,Justin,Matthew,Noah,Dylan,Nathan,Jacob,Andrew,Adam,0.0,0.0,0.0,0.0,4.0,,,,,0.0,8.0,8.0,0.0,,,,,, ,None,,2.0,2.0,2.9172939099371438,,,19,1,2020_Jan_17_1147,FaceNameBlocked_revised,3.0.0,84.57780119901633,,NaN
8,Male2Block.csv,Mark3.mp4,Mark.JPG,Mark,50.0,M,Mark,Thomas,Justin,Matthew,Noah,Dylan,Nathan,Jacob,Andrew,Adam,0.0,0.0,0.0,0.0,4.0,0.0,7.0,7.0,0.0,,,,,,,0.0,,,,,,,,,,,19,1,2020_Jan_17_1147,FaceNameBlocked_revised,3.0.0,84.57780119901633,,NaN
6,Male2Block.csv,Matthew2.mp4,Matthew.JPG,Matthew,51.0,M,Mark,Thomas,Justin,Matthew,Noah,Dylan,Nathan,Jacob,Andrew,Adam,3.0,0.0,0.0,0.0,4.0,0.0,5.0,5.0,3.0,,,,,,,1.0,,,,,,,,,,,19,1,2020_Jan_17_1147,FaceNameBlocked_revised,3.0.0,84.57780119901633,,NaN
14,Male2Block.csv,Matthew2.mp4,Matthew.JPG,Matthew,51.0,M,Mark,Thomas,Justin,Matthew,Noah,Dylan,Nathan,Jacob,Andrew,Adam,3.0,0.0,0.0,0.0,4.0,,,,,0.0,3.0,3.0,3.0,,,,,, Mat,"['lshift', 'm', 'a', 't']","[5.858583729946986, 6.199018304934725, 7.176450080005452, 7.421888866927475]",3.0,3.0,4.412970762932673,,,19,1,2020_Jan_17_1147,FaceNameBlocked_revised,3.0.0,84.57780119901633,,5.8585837
115,Fem1Block.csv,Megan2.mp4,Megan.JPG,Megan,20.0,F,Rachel,Taylor,Megan,Rebecca,Kelsey,Heather,Brianna,Haley,Katie,Julia,2.0,0.0,5.0,5.0,0.0,,,,,0.0,4.0,4.0,2.0,,,,,, Megan,"['lshift', 'm', 'e', 'g', 'a', 'n']","[2.4479594379663467, 2.7553554240148515, 3.0249668080359697, 3.295890679000877, 3.7173291660146788, 3.9188393929507583]",2.0,2.0,4.142038245918228,,,19,1,2020_Jan_17_1147,FaceNameBlocked_revised,3.0.0,84.57780119901633,,2.4479594
103,Fem1Block.csv,Megan2.mp4,Megan.JPG,Megan,20.0,F,Rachel,Taylor,Megan,Rebecca,Kelsey,Heather,Brianna,Haley,Katie,Julia,2.0,0.0,5.0,5.0,0.0,0.0,2.0,2.0,2.0,,,,,,,0.0,,,,,,,,,,,19,1,2020_Jan_17_1147,FaceNameBlocked_revised,3.0.0,84.57780119901633,,NaN
85,Male3Block.csv,Michael2.mp4,Michael.JPG,Michael,52.0,M,Tyler,Ethan,Josh,Jason,Cody,Brian,Bradley,Brandon,Michael,Caleb,8.0,0.0,4.0,4.0,5.0,0.0,4.0,4.0,8.0,,,,,,,0.0,,,,,,,,,,,19,1,2020_Jan_17_1147,FaceNameBlocked_revised,3.0.0,84.57780119901633,,NaN
98,Male3Block.csv,Michael2.mp4,Michael.JPG,Michael,52.0,M,Tyler,Ethan,Josh,Jason,Cody,Brian,Bradley,Brandon,Michael,Caleb,8.0,0.0,4.0,4.0,5.0,,,,,0.0,7.0,7.0,8.0,,,,,, Brandon,"['lshift', 'b', 'r', 'n', 'a', 'backspace', 'backspace', 'backspace', 'r', 'a', 'n', 'd', 'o', 'n']","[3.6101647219620645, 3.8713651850121096, 4.4471105670090765, 5.047130548977293, 5.152815056964755, 5.669722539954819, 5.833141420967877, 6.010824969038367, 7.128734458005056, 7.234787293011323, 7.563489070977084, 7.810330325970426, 8.3520925140474, 8.83393951295875]",3.0,1.0,3.8611634139670064,,,19,1,2020_Jan_17_1147,FaceNameBlocked_revised,3.0.0,84.57780119901633,,3.6101647
49,Fem3Block.csv,Michelle2.mp4,Michelle.JPG,Michelle,21.0,F,Ashley,Kayla,Lauren,Anna,Olivia,Hannah,Michelle,Amanda,Brittany,Emily,6.0,0.0,2.0,2.0,2.0,0.0,8.0,8.0,6.0,,,,,,,1.0,,,,,,,,,,,19,1,2020_Jan_17_1147,FaceNameBlocked_revised,3.0.0,84.57780119901633,,NaN
59,Fem3Block.csv,Michelle2.mp4,Michelle.JPG,Michelle,21.0,F,Ashley,Kayla,Lauren,Anna,Olivia,Hannah,Michelle,Amanda,Brittany,Emily,6.0,0.0,2.0,2.0,2.0,,,,,0.0,8.0,8.0,6.0,,,,,, Michelle,"['lshift', 'm', 'i', 'c', 'h', 'e', 'l', 'l', 'e']","[4.906231103930622, 6.166138297994621, 6.742604107945226, 7.259281634935178, 7.436350589967333, 7.695070310961455, 7.894876907928847, 8.094711628975347, 8.247917325934395]",3.0,3.0,2.3662602130789314,,,19,1,2020_Jan_17_1147,FaceNameBlocked_revised,3.0.0,84.57780119901633,,4.9062311
21,Fem2Block.csv,Natalie3.mp4,Natalie.JPG,Natalie,22.0,F,Jenna,Jessica,Grace,Shelby,Danielle,Sarah,Nicole,Natalie,Courtney,Alyssa,7.0,0.0,1.0,1.0,1.0,0.0,0.0,0.0,7.0,,,,,,,0.0,,,,,,,,,,,19,1,2020_Jan_17_1147,FaceNameBlocked_revised,3.0.0,84.57780119901633,,NaN
31,Fem2Block.csv,Natalie3.mp4,Natalie.JPG,Natalie,22.0,F,Jenna,Jessica,Grace,Shelby,Danielle,Sarah,Nicole,Natalie,Courtney,Alyssa,7.0,0.0,1.0,1.0,1.0,,,,,0.0,0.0,0.0,7.0,,,,space,19.256224834010933, ,None,,5.0,5.0,3.7657498229527846,,,19,1,2020_Jan_17_1147,FaceNameBlocked_revised,3.0.0,84.57780119901633,,NaN
15,Male2Block.csv,Nathan3.mp4,Nathan.JPG,Nathan,53.0,M,Mark,Thomas,Justin,Matthew,Noah,Dylan,Nathan,Jacob,Andrew,Adam,6.0,0.0,0.0,0.0,4.0,,,,,0.0,4.0,4.0,6.0,,,,,, Dylan,"['lshift', 'd', 'y', 'l', 'a', 'n']","[4.880837951088324, 5.953044522088021, 6.25895639101509, 6.635365827009082, 6.823405110044405, 7.0113019910641015]",3.0,3.0,5.753658571979032,,,19,1,2020_Jan_17_1147,FaceNameBlocked_revised,3.0.0,84.57780119901633,,4.8808379
9,Male2Block.csv,Nathan3.mp4,Nathan.JPG,Nathan,53.0,M,Mark,Thomas,Justin,Matthew,Noah,Dylan,Nathan,Jacob,Andrew,Adam,6.0,0.0,0.0,0.0,4.0,0.0,8.0,8.0,6.0,,,,,,,1.0,,,,,,,,,,,19,1,2020_Jan_17_1147,FaceNameBlocked_revised,3.0.0,84.57780119901633,,NaN
34,Fem2Block.csv,Nicole2.mp4,Nicole.JPG,Nicole,23.0,F,Jenna,Jessica,Grace,Shelby,Danielle,Sarah,Nicole,Natalie,Courtney,Alyssa,6.0,0.0,1.0,1.0,1.0,,,,,0.0,3.0,3.0,6.0,,,,,, Nicole,"['lshift', 'n', 'i', 'c', 'o', 'l', 'e']","[3.0703499829396605, 3.260186882922426, 3.55443307897076, 3.8718253219267353, 4.436272055027075, 4.683179643936455, 4.916585635975935]",4.0,4.0,2.0258846801007167,,,19,1,2020_Jan_17_1147,FaceNameBlocked_revised,3.0.0,84.57780119901633,,3.0703499
28,Fem2Block.csv,Nicole2.mp4,Nicole.JPG,Nicole,23.0,F,Jenna,Jessica,Grace,Shelby,Danielle,Sarah,Nicole,Natalie,Courtney,Alyssa,6.0,0.0,1.0,1.0,1.0,0.0,7.0,7.0,6.0,,,,,,,1.0,,,,,,,,,,,19,1,2020_Jan_17_1147,FaceNameBlocked_revised,3.0.0,84.57780119901633,,NaN
20,Male2Block.csv,Noah2.mp4,Noah.JPG,Noah,54.0,M,Mark,Thomas,Justin,Matthew,Noah,Dylan,Nathan,Jacob,Andrew,Adam,4.0,0.0,0.0,0.0,4.0,,,,,0.0,9.0,9.0,4.0,,,,,, ,['lshift'],[3.412103172042407],4.0,4.0,2.6487397410674016,,,19,1,2020_Jan_17_1147,FaceNameBlocked_revised,3.0.0,84.57780119901633,,3.4121031
2,Male2Block.csv,Noah2.mp4,Noah.JPG,Noah,54.0,M,Mark,Thomas,Justin,Matthew,Noah,Dylan,Nathan,Jacob,Andrew,Adam,4.0,0.0,0.0,0.0,4.0,0.0,1.0,1.0,4.0,,,,,,,1.0,,,,,,,,,,,19,1,2020_Jan_17_1147,FaceNameBlocked_revised,3.0.0,84.57780119901633,,NaN
51,Fem3Block.csv,Olivia3.mp4,Olivia.JPG,Olivia,24.0,F,Ashley,Kayla,Lauren,Anna,Olivia,Hannah,Michelle,Amanda,Brittany,Emily,4.0,0.0,2.0,2.0,2.0,,,,,0.0,0.0,0.0,4.0,,,,space,5.0947345190215865,  Olivia,"['space', 'lshift', 'o', 'l', 'i', 'v', 'i', 'a']","[0.21415973699185997, 3.5992767810821533, 3.84785839705728, 4.154090418014675, 4.269402331090532, 4.742242977023125, 4.989162594079971, 5.200841648038477]",5.0,5.0,2.6256562089547515,,,19,1,2020_Jan_17_1147,FaceNameBlocked_revised,3.0.0,84.57780119901633,,0.2141597
50,Fem3Block.csv,Olivia3.mp4,Olivia.JPG,Olivia,24.0,F,Ashley,Kayla,Lauren,Anna,Olivia,Hannah,Michelle,Amanda,Brittany,Emily,4.0,0.0,2.0,2.0,2.0,0.0,9.0,9.0,4.0,,,,,,,1.0,,,,,,,,,,,19,1,2020_Jan_17_1147,FaceNameBlocked_revised,3.0.0,84.57780119901633,,NaN
111,Fem1Block.csv,Rachel3.mp4,Rachel.JPG,Rachel,25.0,F,Rachel,Taylor,Megan,Rebecca,Kelsey,Heather,Brianna,Haley,Katie,Julia,0.0,0.0,5.0,5.0,0.0,,,,,0.0,0.0,0.0,0.0,,,,space,31.288800887065012, K,"['lshift', 'k', 'k', 'backspace']","[6.209781701909378, 6.364379978971556, 6.5178015909623355, 7.293225173954852]",1.0,1.0,5.377377765951677,,,19,1,2020_Jan_17_1147,FaceNameBlocked_revised,3.0.0,84.57780119901633,,6.2097817
105,Fem1Block.csv,Rachel3.mp4,Rachel.JPG,Rachel,25.0,F,Rachel,Taylor,Megan,Rebecca,Kelsey,Heather,Brianna,Haley,Katie,Julia,0.0,0.0,5.0,5.0,0.0,0.0,4.0,4.0,0.0,,,,,,,0.0,,,,,,,,,,,19,1,2020_Jan_17_1147,FaceNameBlocked_revised,3.0.0,84.57780119901633,,NaN
107,Fem1Block.csv,Rebecca3.mp4,Rebecca.JPG,Rebecca,26.0,F,Rachel,Taylor,Megan,Rebecca,Kelsey,Heather,Brianna,Haley,Katie,Julia,3.0,0.0,5.0,5.0,0.0,0.0,6.0,6.0,3.0,,,,,,,1.0,,,,,,,,,,,19,1,2020_Jan_17_1147,FaceNameBlocked_revised,3.0.0,84.57780119901633,,NaN
120,Fem1Block.csv,Rebecca3.mp4,Rebecca.JPG,Rebecca,26.0,F,Rachel,Taylor,Megan,Rebecca,Kelsey,Heather,Brianna,Haley,Katie,Julia,3.0,0.0,5.0,5.0,0.0,,,,,0.0,9.0,9.0,3.0,,,,,, Rebecca,"['lshift', 'r', 'e', 'b', 'e', 'c', 'c', 'a']","[2.07087155606132, 2.2709878960158676, 2.46126821404323, 2.741763383965008, 2.942938824999146, 3.2139657370280474, 3.425183699000627, 3.589996560011059]",3.0,3.0,1.306459496030584,,,19,1,2020_Jan_17_1147,FaceNameBlocked_revised,3.0.0,84.57780119901633,,2.0708715
40,Fem2Block.csv,Sarah2.mp4,Sarah.JPG,Sarah,27.0,F,Jenna,Jessica,Grace,Shelby,Danielle,Sarah,Nicole,Natalie,Courtney,Alyssa,5.0,0.0,1.0,1.0,1.0,,,,,0.0,9.0,9.0,5.0,,,,,, Sarah,"['lshift', 's', 'a', 'r', 'a', 'h']","[1.9187188170617446, 2.2002055380726233, 2.4961381159955636, 3.613501460989937, 3.919786595972255, 4.119383721030317]",2.0,2.0,1.1549454670166597,,,19,1,2020_Jan_17_1147,FaceNameBlocked_revised,3.0.0,84.57780119901633,,1.9187188
25,Fem2Block.csv,Sarah2.mp4,Sarah.JPG,Sarah,27.0,F,Jenna,Jessica,Grace,Shelby,Danielle,Sarah,Nicole,Natalie,Courtney,Alyssa,5.0,0.0,1.0,1.0,1.0,0.0,4.0,4.0,5.0,,,,,,,0.0,,,,,,,,,,,19,1,2020_Jan_17_1147,FaceNameBlocked_revised,3.0.0,84.57780119901633,,NaN
29,Fem2Block.csv,Shelby2.mp4,Shelby.JPG,Shelby,28.0,F,Jenna,Jessica,Grace,Shelby,Danielle,Sarah,Nicole,Natalie,Courtney,Alyssa,3.0,0.0,1.0,1.0,1.0,0.0,8.0,8.0,3.0,,,,,,,1.0,,,,,,,,,,,19,1,2020_Jan_17_1147,FaceNameBlocked_revised,3.0.0,84.57780119901633,,NaN
33,Fem2Block.csv,Shelby2.mp4,Shelby.JPG,Shelby,28.0,F,Jenna,Jessica,Grace,Shelby,Danielle,Sarah,Nicole,Natalie,Courtney,Alyssa,3.0,0.0,1.0,1.0,1.0,,,,,0.0,2.0,2.0,3.0,,,,,, Danielle,"['lshift', 'd', 'a', 'n', 'i', 'e', 'l', 'l', 'e']","[2.6470537579152733, 3.2705506769707426, 3.766440694918856, 4.624435383011587, 4.871797741972841, 5.048403954016976, 5.246431733947247, 5.412300884956494, 5.6229644909035414]",2.0,2.0,8.682350878953002,,,19,1,2020_Jan_17_1147,FaceNameBlocked_revised,3.0.0,84.57780119901633,,2.6470537
63,Male1Block.csv,Steven2.mp4,Steven.JPG,Steven,55.0,M,Aaron,Eric,Trevor,Kyle,Daniel,Jeremy,Kevin,Timothy,Steven,David,8.0,0.0,3.0,3.0,3.0,0.0,2.0,2.0,8.0,,,,,,,0.0,,,,,,,,,,,19,1,2020_Jan_17_1147,FaceNameBlocked_revised,3.0.0,84.57780119901633,,NaN
80,Male1Block.csv,Steven2.mp4,Steven.JPG,Steven,55.0,M,Aaron,Eric,Trevor,Kyle,Daniel,Jeremy,Kevin,Timothy,Steven,David,8.0,0.0,3.0,3.0,3.0,,,,,0.0,9.0,9.0,8.0,,,,,, ,None,,3.0,1.0,4.823400449939072,,,19,1,2020_Jan_17_1147,FaceNameBlocked_revised,3.0.0,84.57780119901633,,NaN
108,Fem1Block.csv,Taylor4.mp4,Taylor.JPG,Taylor,29.0,F,Rachel,Taylor,Megan,Rebecca,Kelsey,Heather,Brianna,Haley,Katie,Julia,1.0,0.0,5.0,5.0,0.0,0.0,7.0,7.0,1.0,,,,,,,1.0,,,,,,,,,,,19,1,2020_Jan_17_1147,FaceNameBlocked_revised,3.0.0,84.57780119901633,,NaN
113,Fem1Block.csv,Taylor4.mp4,Taylor.JPG,Taylor,29.0,F,Rachel,Taylor,Megan,Rebecca,Kelsey,Heather,Brianna,Haley,Katie,Julia,1.0,0.0,5.0,5.0,0.0,,,,,0.0,2.0,2.0,1.0,,,,,, Re,"['lshift', 'j', 'backspace', 'lshift', 'r', 'e']","[3.6243014900246635, 3.8969357350142673, 5.812482258072123, 8.95206609601155, 9.259401406045072, 9.658991913078353]",3.0,1.0,4.542795593035407,,,19,1,2020_Jan_17_1147,FaceNameBlocked_revised,3.0.0,84.57780119901633,,3.6243014
5,Male2Block.csv,Thomas2.mp4,Thomas.JPG,Thomas,56.0,M,Mark,Thomas,Justin,Matthew,Noah,Dylan,Nathan,Jacob,Andrew,Adam,1.0,0.0,0.0,0.0,4.0,0.0,4.0,4.0,1.0,,,,,,,1.0,,,,,,,,,,,19,1,2020_Jan_17_1147,FaceNameBlocked_revised,3.0.0,84.57780119901633,,NaN
18,Male2Block.csv,Thomas2.mp4,Thomas.JPG,Thomas,56.0,M,Mark,Thomas,Justin,Matthew,Noah,Dylan,Nathan,Jacob,Andrew,Adam,1.0,0.0,0.0,0.0,4.0,,,,,0.0,7.0,7.0,1.0,,,,,, Noah,"['lshift', 'n', 'o', 'a', 'h']","[3.422804287984036, 3.5417051959084347, 4.09471436496824, 4.905739772948436, 5.4565530439140275]",5.0,4.0,1.4478569939965382,,,19,1,2020_Jan_17_1147,FaceNameBlocked_revised,3.0.0,84.57780119901633,,3.4228042
78,Male1Block.csv,Timothy3.mp4,Timothy.JPG,Timothy,57.0,M,Aaron,Eric,Trevor,Kyle,Daniel,Jeremy,Kevin,Timothy,Steven,David,7.0,0.0,3.0,3.0,3.0,,,,,0.0,7.0,7.0,7.0,,,,,, ,['lshift'],[6.327667133999057],3.0,3.0,2.0493587750243023,,,19,1,2020_Jan_17_1147,FaceNameBlocked_revised,3.0.0,84.57780119901633,,6.3276671
62,Male1Block.csv,Timothy3.mp4,Timothy.JPG,Timothy,57.0,M,Aaron,Eric,Trevor,Kyle,Daniel,Jeremy,Kevin,Timothy,Steven,David,7.0,0.0,3.0,3.0,3.0,0.0,1.0,1.0,7.0,,,,,,,0.0,,,,,,,,,,,19,1,2020_Jan_17_1147,FaceNameBlocked_revised,3.0.0,84.57780119901633,,NaN
74,Male1Block.csv,Trevor2.mp4,Trevor.JPG,Trevor,58.0,M,Aaron,Eric,Trevor,Kyle,Daniel,Jeremy,Kevin,Timothy,Steven,David,2.0,0.0,3.0,3.0,3.0,,,,,0.0,3.0,3.0,2.0,,,,,, ,None,,5.0,1.0,3.1199481460498646,,,19,1,2020_Jan_17_1147,FaceNameBlocked_revised,3.0.0,84.57780119901633,,NaN
64,Male1Block.csv,Trevor2.mp4,Trevor.JPG,Trevor,58.0,M,Aaron,Eric,Trevor,Kyle,Daniel,Jeremy,Kevin,Timothy,Steven,David,2.0,0.0,3.0,3.0,3.0,0.0,3.0,3.0,2.0,,,,,,,0.0,,,,,,,,,,,19,1,2020_Jan_17_1147,FaceNameBlocked_revised,3.0.0,84.57780119901633,,NaN
90,Male3Block.csv,Tyler3.mp4,Tyler.JPG,Tyler,59.0,M,Tyler,Ethan,Josh,Jason,Cody,Brian,Bradley,Brandon,Michael,Caleb,0.0,0.0,4.0,4.0,5.0,0.0,9.0,9.0,0.0,,,,,,,0.0,,,,,,,,,,,19,1,2020_Jan_17_1147,FaceNameBlocked_revised,3.0.0,84.57780119901633,,NaN
94,Male3Block.csv,Tyler3.mp4,Tyler.JPG,Tyler,59.0,M,Tyler,Ethan,Josh,Jason,Cody,Brian,Bradley,Brandon,Michael,Caleb,0.0,0.0,4.0,4.0,5.0,,,,,0.0,3.0,3.0,0.0,,,,,,,"['lshift', 'k', 'a', 'backspace', 'backspace', 'backspace']","[2.717949904035777, 2.941755636013113, 3.237508086953312, 3.83635920798406, 4.059623445966281, 4.259860725956969]",4.0,4.0,8.081784160109237,,,19,1,2020_Jan_17_1147,FaceNameBlocked_revised,3.0.0,84.57780119901633,,2.7179499
0,,,,,,,,,,,,,,,,,,,,,,,,,,,,,,space,679.0006860459689,,,,,,,,,,,,19,1,2020_Jan_17_1147,FaceNameBlocked_revised,3.0.0,84.57780119901633,,NaN
121,,,,,,,,,,,,,,,,,,,,,,,,,,,,,,,,,,,,,,,,,space,5.271436601062305,19,1,2020_Jan_17_1147,FaceNameBlocked_revised,3.0.0,84.57780119901633,,NaN
