,condsBlockFile,Video,Photo,Name,Row,Gender,N1,N2,N3,N4,N5,N6,N7,N8,N9,N10,Row2,blocks.thisRepN,blocks.thisTrialN,blocks.thisN,blocks.thisIndex,presentations.thisRepN,presentations.thisTrialN,presentations.thisN,presentations.thisIndex,testing.thisRepN,testing.thisTrialN,testing.thisN,testing.thisIndex,advance_1.keys,advance_1.rt,currentCond,advance_2.keys,advance_2.rt,inputText,key_resp_3.keys,key_resp_3.rt,correctRecogSelection,keyResponse.keys,keyResponse.rt,end_key.keys,end_key.rt,participant,session,date,expName,psychopyVersion,frameRate,Unnamed: 48,key_resp3_fin
4,Male2Block.csv,Aaron2.mp4,Aaron.JPG,Aaron,30.0,M,Mark,Tyler,Justin,David,Eric,Aaron,Josh,Noah,Ethan,Thomas,5.0,0.0,0.0,0.0,4.0,0.0,3.0,3.0,5.0,,,,,,,1.0,,,,,,,,,,,51,1,2020_Feb_07_1109,FaceNameBlocked_revised,3.0.0,85.14770460021545,,NaN
12,Male2Block.csv,Aaron2.mp4,Aaron.JPG,Aaron,30.0,M,Mark,Tyler,Justin,David,Eric,Aaron,Josh,Noah,Ethan,Thomas,5.0,0.0,0.0,0.0,4.0,,,,,0.0,1.0,1.0,5.0,,,,,, tyler,"['t', 'y', 'l', 'e', 'r']","[5.375665367988404, 5.834382108005229, 6.175382811983582, 6.481518701999448, 6.916589697997551]",2.0,4.0,4.8246615350362845,,,51,1,2020_Feb_07_1109,FaceNameBlocked_revised,3.0.0,85.14770460021545,,5.3756653
74,Male1Block.csv,Adam4.mp4,Adam.JPG,Adam,31.0,M,Timothy,Caleb,Bradley,Michael,Matthew,Jason,Adam,Jacob,Brian,Cody,6.0,0.0,3.0,3.0,3.0,,,,,0.0,3.0,3.0,6.0,,,,,, ,None,,1.0,1.0,3.975727223965805,,,51,1,2020_Feb_07_1109,FaceNameBlocked_revised,3.0.0,85.14770460021545,,NaN
69,Male1Block.csv,Adam4.mp4,Adam.JPG,Adam,31.0,M,Timothy,Caleb,Bradley,Michael,Matthew,Jason,Adam,Jacob,Brian,Cody,6.0,0.0,3.0,3.0,3.0,0.0,8.0,8.0,6.0,,,,,,,1.0,,,,,,,,,,,51,1,2020_Feb_07_1109,FaceNameBlocked_revised,3.0.0,85.14770460021545,,NaN
37,Fem3Block.csv,Alyssa3.mp4,Alyssa.JPG,Alyssa,0.0,F,Shelby,Brianna,Natalie,Jenna,Lauren,Hannah,Nicole,Kayla,Alyssa,Jessica,8.0,0.0,1.0,1.0,2.0,,,,,0.0,6.0,6.0,8.0,,,,,, hannah,"['h', 'a', 'n', 'n', 'a', 'h']","[2.8606572950375266, 4.519299101026263, 4.836789089022204, 5.036747293022927, 5.295206219016109, 5.5417683140258305]",2.0,3.0,7.400737153016963,,,51,1,2020_Feb_07_1109,FaceNameBlocked_revised,3.0.0,85.14770460021545,,2.8606572
24,Fem3Block.csv,Alyssa3.mp4,Alyssa.JPG,Alyssa,0.0,F,Shelby,Brianna,Natalie,Jenna,Lauren,Hannah,Nicole,Kayla,Alyssa,Jessica,8.0,0.0,1.0,1.0,2.0,0.0,3.0,3.0,8.0,,,,,,,0.0,,,,,,,,,,,51,1,2020_Feb_07_1109,FaceNameBlocked_revised,3.0.0,85.14770460021545,,NaN
46,Fem1Block.csv,Amanda3.mp4,Amanda.JPG,Amanda,1.0,F,Rachel,Heather,Haley,Kelsey,Taylor,Emily,Courtney,Amanda,Olivia,Ashley,7.0,0.0,2.0,2.0,0.0,0.0,5.0,5.0,7.0,,,,,,,1.0,,,,,,,,,,,51,1,2020_Feb_07_1109,FaceNameBlocked_revised,3.0.0,85.14770460021545,,NaN
56,Fem1Block.csv,Amanda3.mp4,Amanda.JPG,Amanda,1.0,F,Rachel,Heather,Haley,Kelsey,Taylor,Emily,Courtney,Amanda,Olivia,Ashley,7.0,0.0,2.0,2.0,0.0,,,,,0.0,5.0,5.0,7.0,,,,,, ,None,,1.0,5.0,9.823156686965378,,,51,1,2020_Feb_07_1109,FaceNameBlocked_revised,3.0.0,85.14770460021545,,NaN
109,Male3Block.csv,Andrew2.mp4,Andrew.JPG,Andrew,32.0,M,Brandon,Andrew,Trevor,Jeremy,Kevin,Steven,Kyle,Nathan,Daniel,Dylan,1.0,0.0,5.0,5.0,5.0,0.0,8.0,8.0,1.0,,,,,,,0.0,,,,,,,,,,,51,1,2020_Feb_07_1109,FaceNameBlocked_revised,3.0.0,85.14770460021545,,NaN
117,Male3Block.csv,Andrew2.mp4,Andrew.JPG,Andrew,32.0,M,Brandon,Andrew,Trevor,Jeremy,Kevin,Steven,Kyle,Nathan,Daniel,Dylan,1.0,0.0,5.0,5.0,5.0,,,,,0.0,6.0,6.0,1.0,,,,,, aaron,"['a', 'a', 'r', 'o', 'n']","[1.69588599097915, 1.8956621519755572, 4.000715683971066, 4.175506583007518, 5.294898903986905]",5.0,5.0,2.927853187022265,,,51,1,2020_Feb_07_1109,FaceNameBlocked_revised,3.0.0,85.14770460021545,,1.6958859
82,Fem2Block.csv,Anna3.mp4,Anna.JPG,Anna,2.0,F,Anna,Brittany,Grace,Michelle,Rebecca,Julia,Katie,Sarah,Megan,Danielle,0.0,0.0,4.0,4.0,1.0,0.0,1.0,1.0,0.0,,,,,,,0.0,,,,,,,,,,,51,1,2020_Feb_07_1109,FaceNameBlocked_revised,3.0.0,85.14770460021545,,NaN
94,Fem2Block.csv,Anna3.mp4,Anna.JPG,Anna,2.0,F,Anna,Brittany,Grace,Michelle,Rebecca,Julia,Katie,Sarah,Megan,Danielle,0.0,0.0,4.0,4.0,1.0,,,,,0.0,3.0,3.0,0.0,,,,,, amanda,"['a', 'm', 'a', 'n', 'd', 'a']","[2.3408996670041233, 2.7900073690107092, 3.025222013005987, 3.2947573630372062, 3.542504077020567, 3.96617830300238]",4.0,4.0,3.62163412704831,,,51,1,2020_Feb_07_1109,FaceNameBlocked_revised,3.0.0,85.14770460021545,,2.3408996
59,Fem1Block.csv,Ashley3.mp4,Ashley.JPG,Ashley,3.0,F,Rachel,Heather,Haley,Kelsey,Taylor,Emily,Courtney,Amanda,Olivia,Ashley,9.0,0.0,2.0,2.0,0.0,,,,,0.0,8.0,8.0,9.0,,,,,, ,None,,2.0,5.0,3.8468485579942353,,,51,1,2020_Feb_07_1109,FaceNameBlocked_revised,3.0.0,85.14770460021545,,NaN
45,Fem1Block.csv,Ashley3.mp4,Ashley.JPG,Ashley,3.0,F,Rachel,Heather,Haley,Kelsey,Taylor,Emily,Courtney,Amanda,Olivia,Ashley,9.0,0.0,2.0,2.0,0.0,0.0,4.0,4.0,9.0,,,,,,,1.0,,,,,,,,,,,51,1,2020_Feb_07_1109,FaceNameBlocked_revised,3.0.0,85.14770460021545,,NaN
63,Male1Block.csv,Bradley3.mp4,Bradley.JPG,Bradley,33.0,M,Timothy,Caleb,Bradley,Michael,Matthew,Jason,Adam,Jacob,Brian,Cody,2.0,0.0,3.0,3.0,3.0,0.0,2.0,2.0,2.0,,,,,,,0.0,,,,,,,,,,,51,1,2020_Feb_07_1109,FaceNameBlocked_revised,3.0.0,85.14770460021545,,NaN
77,Male1Block.csv,Bradley3.mp4,Bradley.JPG,Bradley,33.0,M,Timothy,Caleb,Bradley,Michael,Matthew,Jason,Adam,Jacob,Brian,Cody,2.0,0.0,3.0,3.0,3.0,,,,,0.0,6.0,6.0,2.0,,,,,, ,None,,4.0,2.0,7.3293178509920835,,,51,1,2020_Feb_07_1109,FaceNameBlocked_revised,3.0.0,85.14770460021545,,NaN
102,Male3Block.csv,Brandon2.mp4,Brandon.JPG,Brandon,34.0,M,Brandon,Andrew,Trevor,Jeremy,Kevin,Steven,Kyle,Nathan,Daniel,Dylan,0.0,0.0,5.0,5.0,5.0,0.0,1.0,1.0,0.0,,,,,,,0.0,,,,,,,,,,,51,1,2020_Feb_07_1109,FaceNameBlocked_revised,3.0.0,85.14770460021545,,NaN
113,Male3Block.csv,Brandon2.mp4,Brandon.JPG,Brandon,34.0,M,Brandon,Andrew,Trevor,Jeremy,Kevin,Steven,Kyle,Nathan,Daniel,Dylan,0.0,0.0,5.0,5.0,5.0,,,,,0.0,2.0,2.0,0.0,,,,,, trevor,"['t', 'r', 'e', 'v', 'o', 'r']","[8.30599818500923, 8.57682462001685, 8.835938501986675, 9.023554652987514, 9.716140089032706, 9.905941026983783]",2.0,4.0,4.366416069038679,,,51,1,2020_Feb_07_1109,FaceNameBlocked_revised,3.0.0,85.14770460021545,,8.3059981
62,Male1Block.csv,Brian2.mp4,Brian.JPG,Brian,35.0,M,Timothy,Caleb,Bradley,Michael,Matthew,Jason,Adam,Jacob,Brian,Cody,8.0,0.0,3.0,3.0,3.0,0.0,1.0,1.0,8.0,,,,,,,0.0,,,,,,,,,,,51,1,2020_Feb_07_1109,FaceNameBlocked_revised,3.0.0,85.14770460021545,,NaN
75,Male1Block.csv,Brian2.mp4,Brian.JPG,Brian,35.0,M,Timothy,Caleb,Bradley,Michael,Matthew,Jason,Adam,Jacob,Brian,Cody,8.0,0.0,3.0,3.0,3.0,,,,,0.0,4.0,4.0,8.0,,,,,, ,None,,5.0,5.0,4.410873829969205,,,51,1,2020_Feb_07_1109,FaceNameBlocked_revised,3.0.0,85.14770460021545,,NaN
40,Fem3Block.csv,Brianna2.mp4,Brianna.JPG,Brianna,4.0,F,Shelby,Brianna,Natalie,Jenna,Lauren,Hannah,Nicole,Kayla,Alyssa,Jessica,1.0,0.0,1.0,1.0,2.0,,,,,0.0,9.0,9.0,1.0,,,,,, brianna,"['b', 'r', 'i', 'a', 'n', 'n', 'a']","[3.1312055570306256, 3.613475404039491, 3.860538295004517, 4.354989233019296, 4.554907247016672, 4.718787286023144, 4.8247851190390065]",3.0,3.0,2.5652774140471597,,,51,1,2020_Feb_07_1109,FaceNameBlocked_revised,3.0.0,85.14770460021545,,3.1312055
21,Fem3Block.csv,Brianna2.mp4,Brianna.JPG,Brianna,4.0,F,Shelby,Brianna,Natalie,Jenna,Lauren,Hannah,Nicole,Kayla,Alyssa,Jessica,1.0,0.0,1.0,1.0,2.0,0.0,0.0,0.0,1.0,,,,,,,0.0,,,,,,,,,,,51,1,2020_Feb_07_1109,FaceNameBlocked_revised,3.0.0,85.14770460021545,,NaN
84,Fem2Block.csv,Brittany2.mp4,Brittany.JPG,Brittany,5.0,F,Anna,Brittany,Grace,Michelle,Rebecca,Julia,Katie,Sarah,Megan,Danielle,1.0,0.0,4.0,4.0,1.0,0.0,3.0,3.0,1.0,,,,,,,0.0,,,,,,,,,,,51,1,2020_Feb_07_1109,FaceNameBlocked_revised,3.0.0,85.14770460021545,,NaN
100,Fem2Block.csv,Brittany2.mp4,Brittany.JPG,Brittany,5.0,F,Anna,Brittany,Grace,Michelle,Rebecca,Julia,Katie,Sarah,Megan,Danielle,1.0,0.0,4.0,4.0,1.0,,,,,0.0,9.0,9.0,1.0,,,,,, ,None,,4.0,1.0,7.447364392981398,,,51,1,2020_Feb_07_1109,FaceNameBlocked_revised,3.0.0,85.14770460021545,,NaN
72,Male1Block.csv,Caleb5.mp4,Caleb.JPG,Caleb,36.0,M,Timothy,Caleb,Bradley,Michael,Matthew,Jason,Adam,Jacob,Brian,Cody,1.0,0.0,3.0,3.0,3.0,,,,,0.0,1.0,1.0,1.0,,,,,, ,None,,5.0,3.0,5.010300680005456,,,51,1,2020_Feb_07_1109,FaceNameBlocked_revised,3.0.0,85.14770460021545,,NaN
68,Male1Block.csv,Caleb5.mp4,Caleb.JPG,Caleb,36.0,M,Timothy,Caleb,Bradley,Michael,Matthew,Jason,Adam,Jacob,Brian,Cody,1.0,0.0,3.0,3.0,3.0,0.0,7.0,7.0,1.0,,,,,,,0.0,,,,,,,,,,,51,1,2020_Feb_07_1109,FaceNameBlocked_revised,3.0.0,85.14770460021545,,NaN
80,Male1Block.csv,Cody2.mp4,Cody.JPG,Cody,37.0,M,Timothy,Caleb,Bradley,Michael,Matthew,Jason,Adam,Jacob,Brian,Cody,9.0,0.0,3.0,3.0,3.0,,,,,0.0,9.0,9.0,9.0,,,,,, ,None,,1.0,5.0,5.976854650012682,,,51,1,2020_Feb_07_1109,FaceNameBlocked_revised,3.0.0,85.14770460021545,,NaN
64,Male1Block.csv,Cody2.mp4,Cody.JPG,Cody,37.0,M,Timothy,Caleb,Bradley,Michael,Matthew,Jason,Adam,Jacob,Brian,Cody,9.0,0.0,3.0,3.0,3.0,0.0,3.0,3.0,9.0,,,,,,,1.0,,,,,,,,,,,51,1,2020_Feb_07_1109,FaceNameBlocked_revised,3.0.0,85.14770460021545,,NaN
44,Fem1Block.csv,Courtney2.mp4,Courtney.JPG,Courtney,6.0,F,Rachel,Heather,Haley,Kelsey,Taylor,Emily,Courtney,Amanda,Olivia,Ashley,6.0,0.0,2.0,2.0,0.0,0.0,3.0,3.0,6.0,,,,,,,1.0,,,,,,,,,,,51,1,2020_Feb_07_1109,FaceNameBlocked_revised,3.0.0,85.14770460021545,,NaN
58,Fem1Block.csv,Courtney2.mp4,Courtney.JPG,Courtney,6.0,F,Rachel,Heather,Haley,Kelsey,Taylor,Emily,Courtney,Amanda,Olivia,Ashley,6.0,0.0,2.0,2.0,0.0,,,,,0.0,7.0,7.0,6.0,,,,,, ,None,,1.0,5.0,8.785671299032401,,,51,1,2020_Feb_07_1109,FaceNameBlocked_revised,3.0.0,85.14770460021545,,NaN
115,Male3Block.csv,Daniel3.mp4,Daniel.JPG,Daniel,38.0,M,Brandon,Andrew,Trevor,Jeremy,Kevin,Steven,Kyle,Nathan,Daniel,Dylan,8.0,0.0,5.0,5.0,5.0,,,,,0.0,4.0,4.0,8.0,,,,,, ,None,,3.0,3.0,5.809991892951075,,,51,1,2020_Feb_07_1109,FaceNameBlocked_revised,3.0.0,85.14770460021545,,NaN
108,Male3Block.csv,Daniel3.mp4,Daniel.JPG,Daniel,38.0,M,Brandon,Andrew,Trevor,Jeremy,Kevin,Steven,Kyle,Nathan,Daniel,Dylan,8.0,0.0,5.0,5.0,5.0,0.0,7.0,7.0,8.0,,,,,,,0.0,,,,,,,,,,,51,1,2020_Feb_07_1109,FaceNameBlocked_revised,3.0.0,85.14770460021545,,NaN
83,Fem2Block.csv,Danielle2.mp4,Danielle.JPG,Danielle,7.0,F,Anna,Brittany,Grace,Michelle,Rebecca,Julia,Katie,Sarah,Megan,Danielle,9.0,0.0,4.0,4.0,1.0,0.0,2.0,2.0,9.0,,,,,,,1.0,,,,,,,,,,,51,1,2020_Feb_07_1109,FaceNameBlocked_revised,3.0.0,85.14770460021545,,NaN
98,Fem2Block.csv,Danielle2.mp4,Danielle.JPG,Danielle,7.0,F,Anna,Brittany,Grace,Michelle,Rebecca,Julia,Katie,Sarah,Megan,Danielle,9.0,0.0,4.0,4.0,1.0,,,,,0.0,7.0,7.0,9.0,,,,,, danielle,"['d', 'a', 'n', 'i', 'e', 'l', 'l', 'e']","[2.0720513410051353, 2.4012688889633864, 2.6367279819678515, 3.141937012958806, 3.5658996870042756, 4.247986929956824, 4.483546412957367, 4.682517758978065]",2.0,2.0,1.8023336509941144,,,51,1,2020_Feb_07_1109,FaceNameBlocked_revised,3.0.0,85.14770460021545,,2.0720513
17,Male2Block.csv,David2.mp4,David.JPG,David,39.0,M,Mark,Tyler,Justin,David,Eric,Aaron,Josh,Noah,Ethan,Thomas,3.0,0.0,0.0,0.0,4.0,,,,,0.0,6.0,6.0,3.0,,,,,, ,None,,3.0,3.0,4.389901955029927,,,51,1,2020_Feb_07_1109,FaceNameBlocked_revised,3.0.0,85.14770460021545,,NaN
2,Male2Block.csv,David2.mp4,David.JPG,David,39.0,M,Mark,Tyler,Justin,David,Eric,Aaron,Josh,Noah,Ethan,Thomas,3.0,0.0,0.0,0.0,4.0,0.0,1.0,1.0,3.0,,,,,,,1.0,,,,,,,,,,,51,1,2020_Feb_07_1109,FaceNameBlocked_revised,3.0.0,85.14770460021545,,NaN
105,Male3Block.csv,Dylan3.mp4,Dylan.JPG,Dylan,40.0,M,Brandon,Andrew,Trevor,Jeremy,Kevin,Steven,Kyle,Nathan,Daniel,Dylan,9.0,0.0,5.0,5.0,5.0,0.0,4.0,4.0,9.0,,,,,,,1.0,,,,,,,,,,,51,1,2020_Feb_07_1109,FaceNameBlocked_revised,3.0.0,85.14770460021545,,NaN
114,Male3Block.csv,Dylan3.mp4,Dylan.JPG,Dylan,40.0,M,Brandon,Andrew,Trevor,Jeremy,Kevin,Steven,Kyle,Nathan,Daniel,Dylan,9.0,0.0,5.0,5.0,5.0,,,,,0.0,3.0,3.0,9.0,,,,,, kyle,"['k', 'y', 'l', 'e']","[4.918503852037247, 5.365501419000793, 6.023755333037116, 6.270932339015417]",3.0,2.0,3.9425784560153265,,,51,1,2020_Feb_07_1109,FaceNameBlocked_revised,3.0.0,85.14770460021545,,4.9185038
50,Fem1Block.csv,Emily5.mp4,Emily.JPG,Emily,8.0,F,Rachel,Heather,Haley,Kelsey,Taylor,Emily,Courtney,Amanda,Olivia,Ashley,5.0,0.0,2.0,2.0,0.0,0.0,9.0,9.0,5.0,,,,,,,1.0,,,,,,,,,,,51,1,2020_Feb_07_1109,FaceNameBlocked_revised,3.0.0,85.14770460021545,,NaN
55,Fem1Block.csv,Emily5.mp4,Emily.JPG,Emily,8.0,F,Rachel,Heather,Haley,Kelsey,Taylor,Emily,Courtney,Amanda,Olivia,Ashley,5.0,0.0,2.0,2.0,0.0,,,,,0.0,4.0,4.0,5.0,,,,,, ,None,,3.0,1.0,4.695997075003107,,,51,1,2020_Feb_07_1109,FaceNameBlocked_revised,3.0.0,85.14770460021545,,NaN
1,Male2Block.csv,Eric2.mp4,Eric.JPG,Eric,41.0,M,Mark,Tyler,Justin,David,Eric,Aaron,Josh,Noah,Ethan,Thomas,4.0,0.0,0.0,0.0,4.0,0.0,0.0,0.0,4.0,,,,,,,0.0,,,,,,,,,,,51,1,2020_Feb_07_1109,FaceNameBlocked_revised,3.0.0,85.14770460021545,,NaN
20,Male2Block.csv,Eric2.mp4,Eric.JPG,Eric,41.0,M,Mark,Tyler,Justin,David,Eric,Aaron,Josh,Noah,Ethan,Thomas,4.0,0.0,0.0,0.0,4.0,,,,,0.0,9.0,9.0,4.0,,,,,, ,None,,5.0,3.0,7.612767026992514,,,51,1,2020_Feb_07_1109,FaceNameBlocked_revised,3.0.0,85.14770460021545,,NaN
6,Male2Block.csv,Ethan2.mp4,Ethan.JPG,Ethan,42.0,M,Mark,Tyler,Justin,David,Eric,Aaron,Josh,Noah,Ethan,Thomas,8.0,0.0,0.0,0.0,4.0,0.0,5.0,5.0,8.0,,,,,,,0.0,,,,,,,,,,,51,1,2020_Feb_07_1109,FaceNameBlocked_revised,3.0.0,85.14770460021545,,NaN
11,Male2Block.csv,Ethan2.mp4,Ethan.JPG,Ethan,42.0,M,Mark,Tyler,Justin,David,Eric,Aaron,Josh,Noah,Ethan,Thomas,8.0,0.0,0.0,0.0,4.0,,,,,0.0,0.0,0.0,8.0,,,,space,20.209915286977772, ethan,"['e', 't', 'h', 'a', 'n', 'num_enter']","[2.8940239879884757, 3.260512941982597, 3.4134985939599574, 4.589576039987151, 4.847543595999014, 6.306257999967784]",1.0,1.0,4.7422047819709405,,,51,1,2020_Feb_07_1109,FaceNameBlocked_revised,3.0.0,85.14770460021545,,2.8940239
95,Fem2Block.csv,Grace3.mp4,Grace.JPG,Grace,9.0,F,Anna,Brittany,Grace,Michelle,Rebecca,Julia,Katie,Sarah,Megan,Danielle,2.0,0.0,4.0,4.0,1.0,,,,,0.0,4.0,4.0,2.0,,,,,, ,None,,1.0,2.0,4.7998661439633,,,51,1,2020_Feb_07_1109,FaceNameBlocked_revised,3.0.0,85.14770460021545,,NaN
89,Fem2Block.csv,Grace3.mp4,Grace.JPG,Grace,9.0,F,Anna,Brittany,Grace,Michelle,Rebecca,Julia,Katie,Sarah,Megan,Danielle,2.0,0.0,4.0,4.0,1.0,0.0,8.0,8.0,2.0,,,,,,,0.0,,,,,,,,,,,51,1,2020_Feb_07_1109,FaceNameBlocked_revised,3.0.0,85.14770460021545,,NaN
57,Fem1Block.csv,Haley2.mp4,Haley.JPG,Haley,10.0,F,Rachel,Heather,Haley,Kelsey,Taylor,Emily,Courtney,Amanda,Olivia,Ashley,2.0,0.0,2.0,2.0,0.0,,,,,0.0,6.0,6.0,2.0,,,,,, ,None,,3.0,5.0,10.082912202982698,,,51,1,2020_Feb_07_1109,FaceNameBlocked_revised,3.0.0,85.14770460021545,,NaN
48,Fem1Block.csv,Haley2.mp4,Haley.JPG,Haley,10.0,F,Rachel,Heather,Haley,Kelsey,Taylor,Emily,Courtney,Amanda,Olivia,Ashley,2.0,0.0,2.0,2.0,0.0,0.0,7.0,7.0,2.0,,,,,,,0.0,,,,,,,,,,,51,1,2020_Feb_07_1109,FaceNameBlocked_revised,3.0.0,85.14770460021545,,NaN
28,Fem3Block.csv,Hannah2.mp4,Hannah.JPG,Hannah,11.0,F,Shelby,Brianna,Natalie,Jenna,Lauren,Hannah,Nicole,Kayla,Alyssa,Jessica,5.0,0.0,1.0,1.0,2.0,0.0,7.0,7.0,5.0,,,,,,,1.0,,,,,,,,,,,51,1,2020_Feb_07_1109,FaceNameBlocked_revised,3.0.0,85.14770460021545,,NaN
39,Fem3Block.csv,Hannah2.mp4,Hannah.JPG,Hannah,11.0,F,Shelby,Brianna,Natalie,Jenna,Lauren,Hannah,Nicole,Kayla,Alyssa,Jessica,5.0,0.0,1.0,1.0,2.0,,,,,0.0,8.0,8.0,5.0,,,,,, ,None,,3.0,4.0,7.495344967988785,,,51,1,2020_Feb_07_1109,FaceNameBlocked_revised,3.0.0,85.14770460021545,,NaN
43,Fem1Block.csv,Heather3.mp4,Heather.JPG,Heather,12.0,F,Rachel,Heather,Haley,Kelsey,Taylor,Emily,Courtney,Amanda,Olivia,Ashley,1.0,0.0,2.0,2.0,0.0,0.0,2.0,2.0,1.0,,,,,,,0.0,,,,,,,,,,,51,1,2020_Feb_07_1109,FaceNameBlocked_revised,3.0.0,85.14770460021545,,NaN
54,Fem1Block.csv,Heather3.mp4,Heather.JPG,Heather,12.0,F,Rachel,Heather,Haley,Kelsey,Taylor,Emily,Courtney,Amanda,Olivia,Ashley,1.0,0.0,2.0,2.0,0.0,,,,,0.0,3.0,3.0,1.0,,,,,, heather,"['h', 'e', 'a', 't', 'h', 'e', 'r']","[1.9903594719944522, 2.3545601739897393, 2.966438366973307, 3.2840947639779188, 3.684057113947347, 3.9401512149488553, 4.28362580796238]",2.0,2.0,3.718677989963908,,,51,1,2020_Feb_07_1109,FaceNameBlocked_revised,3.0.0,85.14770460021545,,1.9903594
61,Male1Block.csv,Jacob3.mp4,Jacob.JPG,Jacob,43.0,M,Timothy,Caleb,Bradley,Michael,Matthew,Jason,Adam,Jacob,Brian,Cody,7.0,0.0,3.0,3.0,3.0,0.0,0.0,0.0,7.0,,,,,,,1.0,,,,,,,,,,,51,1,2020_Feb_07_1109,FaceNameBlocked_revised,3.0.0,85.14770460021545,,NaN
78,Male1Block.csv,Jacob3.mp4,Jacob.JPG,Jacob,43.0,M,Timothy,Caleb,Bradley,Michael,Matthew,Jason,Adam,Jacob,Brian,Cody,7.0,0.0,3.0,3.0,3.0,,,,,0.0,7.0,7.0,7.0,,,,,, ,None,,4.0,4.0,5.730000688985457,,,51,1,2020_Feb_07_1109,FaceNameBlocked_revised,3.0.0,85.14770460021545,,NaN
79,Male1Block.csv,Jason4.mp4,Jason.JPG,Jason,44.0,M,Timothy,Caleb,Bradley,Michael,Matthew,Jason,Adam,Jacob,Brian,Cody,5.0,0.0,3.0,3.0,3.0,,,,,0.0,8.0,8.0,5.0,,,,,, ,None,,1.0,1.0,3.423663366993424,,,51,1,2020_Feb_07_1109,FaceNameBlocked_revised,3.0.0,85.14770460021545,,NaN
70,Male1Block.csv,Jason4.mp4,Jason.JPG,Jason,44.0,M,Timothy,Caleb,Bradley,Michael,Matthew,Jason,Adam,Jacob,Brian,Cody,5.0,0.0,3.0,3.0,3.0,0.0,9.0,9.0,5.0,,,,,,,1.0,,,,,,,,,,,51,1,2020_Feb_07_1109,FaceNameBlocked_revised,3.0.0,85.14770460021545,,NaN
35,Fem3Block.csv,Jenna4.mp4,Jenna.JPG,Jenna,13.0,F,Shelby,Brianna,Natalie,Jenna,Lauren,Hannah,Nicole,Kayla,Alyssa,Jessica,3.0,0.0,1.0,1.0,2.0,,,,,0.0,4.0,4.0,3.0,,,,,, ,None,,5.0,3.0,7.070533636026084,,,51,1,2020_Feb_07_1109,FaceNameBlocked_revised,3.0.0,85.14770460021545,,NaN
23,Fem3Block.csv,Jenna4.mp4,Jenna.JPG,Jenna,13.0,F,Shelby,Brianna,Natalie,Jenna,Lauren,Hannah,Nicole,Kayla,Alyssa,Jessica,3.0,0.0,1.0,1.0,2.0,0.0,2.0,2.0,3.0,,,,,,,1.0,,,,,,,,,,,51,1,2020_Feb_07_1109,FaceNameBlocked_revised,3.0.0,85.14770460021545,,NaN
119,Male3Block.csv,Jeremy2.mp4,Jeremy.JPG,Jeremy,45.0,M,Brandon,Andrew,Trevor,Jeremy,Kevin,Steven,Kyle,Nathan,Daniel,Dylan,3.0,0.0,5.0,5.0,5.0,,,,,0.0,8.0,8.0,3.0,,,,,, jeremy,"['j', 'e', 'r', 'e', 'm', 'y']","[2.378153325000312, 2.6245723150204867, 3.6465889959945343, 4.012876699038316, 4.236303921032231, 4.706179378030356]",4.0,4.0,4.953729234985076,,,51,1,2020_Feb_07_1109,FaceNameBlocked_revised,3.0.0,85.14770460021545,,2.3781533
103,Male3Block.csv,Jeremy2.mp4,Jeremy.JPG,Jeremy,45.0,M,Brandon,Andrew,Trevor,Jeremy,Kevin,Steven,Kyle,Nathan,Daniel,Dylan,3.0,0.0,5.0,5.0,5.0,0.0,2.0,2.0,3.0,,,,,,,1.0,,,,,,,,,,,51,1,2020_Feb_07_1109,FaceNameBlocked_revised,3.0.0,85.14770460021545,,NaN
36,Fem3Block.csv,Jessica2.mp4,Jessica.JPG,Jessica,14.0,F,Shelby,Brianna,Natalie,Jenna,Lauren,Hannah,Nicole,Kayla,Alyssa,Jessica,9.0,0.0,1.0,1.0,2.0,,,,,0.0,5.0,5.0,9.0,,,,,, ,None,,5.0,1.0,4.718791245948523,,,51,1,2020_Feb_07_1109,FaceNameBlocked_revised,3.0.0,85.14770460021545,,NaN
25,Fem3Block.csv,Jessica2.mp4,Jessica.JPG,Jessica,14.0,F,Shelby,Brianna,Natalie,Jenna,Lauren,Hannah,Nicole,Kayla,Alyssa,Jessica,9.0,0.0,1.0,1.0,2.0,0.0,4.0,4.0,9.0,,,,,,,1.0,,,,,,,,,,,51,1,2020_Feb_07_1109,FaceNameBlocked_revised,3.0.0,85.14770460021545,,NaN
7,Male2Block.csv,Josh3.mp4,Josh.JPG,Josh,46.0,M,Mark,Tyler,Justin,David,Eric,Aaron,Josh,Noah,Ethan,Thomas,6.0,0.0,0.0,0.0,4.0,0.0,6.0,6.0,6.0,,,,,,,1.0,,,,,,,,,,,51,1,2020_Feb_07_1109,FaceNameBlocked_revised,3.0.0,85.14770460021545,,NaN
13,Male2Block.csv,Josh3.mp4,Josh.JPG,Josh,46.0,M,Mark,Tyler,Justin,David,Eric,Aaron,Josh,Noah,Ethan,Thomas,6.0,0.0,0.0,0.0,4.0,,,,,0.0,2.0,2.0,6.0,,,,,, josh,"['j', 'o', 's', 'h']","[3.496213248989079, 3.9431216010125354, 5.013641792989802, 5.38980832597008]",2.0,2.0,2.2367935509537347,,,51,1,2020_Feb_07_1109,FaceNameBlocked_revised,3.0.0,85.14770460021545,,3.4962132
81,Fem2Block.csv,Julia2.mp4,Julia.JPG,Julia,15.0,F,Anna,Brittany,Grace,Michelle,Rebecca,Julia,Katie,Sarah,Megan,Danielle,5.0,0.0,4.0,4.0,1.0,0.0,0.0,0.0,5.0,,,,,,,1.0,,,,,,,,,,,51,1,2020_Feb_07_1109,FaceNameBlocked_revised,3.0.0,85.14770460021545,,NaN
93,Fem2Block.csv,Julia2.mp4,Julia.JPG,Julia,15.0,F,Anna,Brittany,Grace,Michelle,Rebecca,Julia,Katie,Sarah,Megan,Danielle,5.0,0.0,4.0,4.0,1.0,,,,,0.0,2.0,2.0,5.0,,,,,, ,None,,3.0,1.0,3.378577397030313,,,51,1,2020_Feb_07_1109,FaceNameBlocked_revised,3.0.0,85.14770460021545,,NaN
8,Male2Block.csv,Justin2.mp4,Justin.JPG,Justin,47.0,M,Mark,Tyler,Justin,David,Eric,Aaron,Josh,Noah,Ethan,Thomas,2.0,0.0,0.0,0.0,4.0,0.0,7.0,7.0,2.0,,,,,,,0.0,,,,,,,,,,,51,1,2020_Feb_07_1109,FaceNameBlocked_revised,3.0.0,85.14770460021545,,NaN
16,Male2Block.csv,Justin2.mp4,Justin.JPG,Justin,47.0,M,Mark,Tyler,Justin,David,Eric,Aaron,Josh,Noah,Ethan,Thomas,2.0,0.0,0.0,0.0,4.0,,,,,0.0,5.0,5.0,2.0,,,,,, ,None,,1.0,4.0,4.895147433038801,,,51,1,2020_Feb_07_1109,FaceNameBlocked_revised,3.0.0,85.14770460021545,,NaN
91,Fem2Block.csv,Katie2.mp4,Katie.JPG,Katie,16.0,F,Anna,Brittany,Grace,Michelle,Rebecca,Julia,Katie,Sarah,Megan,Danielle,6.0,0.0,4.0,4.0,1.0,,,,,0.0,0.0,0.0,6.0,,,,space,15.69294199103024, katie,"['k', 'a', 't', 'i', 'e']","[2.7647979600005783, 3.164663213014137, 3.8355395880062133, 4.259250904025976, 5.505618916009553]",4.0,4.0,2.672986386984121,,,51,1,2020_Feb_07_1109,FaceNameBlocked_revised,3.0.0,85.14770460021545,,2.7647979
90,Fem2Block.csv,Katie2.mp4,Katie.JPG,Katie,16.0,F,Anna,Brittany,Grace,Michelle,Rebecca,Julia,Katie,Sarah,Megan,Danielle,6.0,0.0,4.0,4.0,1.0,0.0,9.0,9.0,6.0,,,,,,,1.0,,,,,,,,,,,51,1,2020_Feb_07_1109,FaceNameBlocked_revised,3.0.0,85.14770460021545,,NaN
33,Fem3Block.csv,Kayla3.mp4,Kayla.JPG,Kayla,17.0,F,Shelby,Brianna,Natalie,Jenna,Lauren,Hannah,Nicole,Kayla,Alyssa,Jessica,7.0,0.0,1.0,1.0,2.0,,,,,0.0,2.0,2.0,7.0,,,,,, kayla,"['k', 'a', 'y', 'l', 'a']","[2.2122680239845067, 2.720057945989538, 3.0845560869784094, 3.6607484130072407, 3.8371254169614986]",3.0,3.0,2.5426204340183176,,,51,1,2020_Feb_07_1109,FaceNameBlocked_revised,3.0.0,85.14770460021545,,2.2122680
27,Fem3Block.csv,Kayla3.mp4,Kayla.JPG,Kayla,17.0,F,Shelby,Brianna,Natalie,Jenna,Lauren,Hannah,Nicole,Kayla,Alyssa,Jessica,7.0,0.0,1.0,1.0,2.0,0.0,6.0,6.0,7.0,,,,,,,1.0,,,,,,,,,,,51,1,2020_Feb_07_1109,FaceNameBlocked_revised,3.0.0,85.14770460021545,,NaN
53,Fem1Block.csv,Kelsey2.mp4,Kelsey.JPG,Kelsey,18.0,F,Rachel,Heather,Haley,Kelsey,Taylor,Emily,Courtney,Amanda,Olivia,Ashley,3.0,0.0,2.0,2.0,0.0,,,,,0.0,2.0,2.0,3.0,,,,,, ,None,,2.0,4.0,6.142435742018279,,,51,1,2020_Feb_07_1109,FaceNameBlocked_revised,3.0.0,85.14770460021545,,NaN
42,Fem1Block.csv,Kelsey2.mp4,Kelsey.JPG,Kelsey,18.0,F,Rachel,Heather,Haley,Kelsey,Taylor,Emily,Courtney,Amanda,Olivia,Ashley,3.0,0.0,2.0,2.0,0.0,0.0,1.0,1.0,3.0,,,,,,,1.0,,,,,,,,,,,51,1,2020_Feb_07_1109,FaceNameBlocked_revised,3.0.0,85.14770460021545,,NaN
112,Male3Block.csv,Kevin2.mp4,Kevin.JPG,Kevin,48.0,M,Brandon,Andrew,Trevor,Jeremy,Kevin,Steven,Kyle,Nathan,Daniel,Dylan,4.0,0.0,5.0,5.0,5.0,,,,,0.0,1.0,1.0,4.0,,,,,, kevin,"['k', 'e', 'v', 'i', 'n']","[2.989816705987323, 3.378689536009915, 3.7077566430089064, 4.683806062035728, 5.130460929009132]",2.0,2.0,3.120206806983333,,,51,1,2020_Feb_07_1109,FaceNameBlocked_revised,3.0.0,85.14770460021545,,2.9898167
110,Male3Block.csv,Kevin2.mp4,Kevin.JPG,Kevin,48.0,M,Brandon,Andrew,Trevor,Jeremy,Kevin,Steven,Kyle,Nathan,Daniel,Dylan,4.0,0.0,5.0,5.0,5.0,0.0,9.0,9.0,4.0,,,,,,,0.0,,,,,,,,,,,51,1,2020_Feb_07_1109,FaceNameBlocked_revised,3.0.0,85.14770460021545,,NaN
104,Male3Block.csv,Kyle3.mp4,Kyle.JPG,Kyle,49.0,M,Brandon,Andrew,Trevor,Jeremy,Kevin,Steven,Kyle,Nathan,Daniel,Dylan,6.0,0.0,5.0,5.0,5.0,0.0,3.0,3.0,6.0,,,,,,,1.0,,,,,,,,,,,51,1,2020_Feb_07_1109,FaceNameBlocked_revised,3.0.0,85.14770460021545,,NaN
111,Male3Block.csv,Kyle3.mp4,Kyle.JPG,Kyle,49.0,M,Brandon,Andrew,Trevor,Jeremy,Kevin,Steven,Kyle,Nathan,Daniel,Dylan,6.0,0.0,5.0,5.0,5.0,,,,,0.0,0.0,0.0,6.0,,,,space,2.9670692759682424, ,None,,2.0,1.0,6.188288079982157,,,51,1,2020_Feb_07_1109,FaceNameBlocked_revised,3.0.0,85.14770460021545,,NaN
34,Fem3Block.csv,Lauren4.mp4,Lauren.JPG,Lauren,19.0,F,Shelby,Brianna,Natalie,Jenna,Lauren,Hannah,Nicole,Kayla,Alyssa,Jessica,4.0,0.0,1.0,1.0,2.0,,,,,0.0,3.0,3.0,4.0,,,,,, hannah,"['h', 'a', 'n', 'n', 'a', 'h']","[3.6245090610464104, 3.965446960006375, 4.306658223038539, 4.565416200028267, 4.788282032008283, 5.1064619940007105]",2.0,3.0,9.399703226052225,,,51,1,2020_Feb_07_1109,FaceNameBlocked_revised,3.0.0,85.14770460021545,,3.6245090
29,Fem3Block.csv,Lauren4.mp4,Lauren.JPG,Lauren,19.0,F,Shelby,Brianna,Natalie,Jenna,Lauren,Hannah,Nicole,Kayla,Alyssa,Jessica,4.0,0.0,1.0,1.0,2.0,0.0,8.0,8.0,4.0,,,,,,,0.0,,,,,,,,,,,51,1,2020_Feb_07_1109,FaceNameBlocked_revised,3.0.0,85.14770460021545,,NaN
18,Male2Block.csv,Mark3.mp4,Mark.JPG,Mark,50.0,M,Mark,Tyler,Justin,David,Eric,Aaron,Josh,Noah,Ethan,Thomas,0.0,0.0,0.0,0.0,4.0,,,,,0.0,7.0,7.0,0.0,,,,,, ,None,,2.0,3.0,7.035758165991865,,,51,1,2020_Feb_07_1109,FaceNameBlocked_revised,3.0.0,85.14770460021545,,NaN
10,Male2Block.csv,Mark3.mp4,Mark.JPG,Mark,50.0,M,Mark,Tyler,Justin,David,Eric,Aaron,Josh,Noah,Ethan,Thomas,0.0,0.0,0.0,0.0,4.0,0.0,9.0,9.0,0.0,,,,,,,0.0,,,,,,,,,,,51,1,2020_Feb_07_1109,FaceNameBlocked_revised,3.0.0,85.14770460021545,,NaN
65,Male1Block.csv,Matthew2.mp4,Matthew.JPG,Matthew,51.0,M,Timothy,Caleb,Bradley,Michael,Matthew,Jason,Adam,Jacob,Brian,Cody,4.0,0.0,3.0,3.0,3.0,0.0,4.0,4.0,4.0,,,,,,,0.0,,,,,,,,,,,51,1,2020_Feb_07_1109,FaceNameBlocked_revised,3.0.0,85.14770460021545,,NaN
76,Male1Block.csv,Matthew2.mp4,Matthew.JPG,Matthew,51.0,M,Timothy,Caleb,Bradley,Michael,Matthew,Jason,Adam,Jacob,Brian,Cody,4.0,0.0,3.0,3.0,3.0,,,,,0.0,5.0,5.0,4.0,,,,,, ,None,,5.0,3.0,9.552639547968283,,,51,1,2020_Feb_07_1109,FaceNameBlocked_revised,3.0.0,85.14770460021545,,NaN
85,Fem2Block.csv,Megan2.mp4,Megan.JPG,Megan,20.0,F,Anna,Brittany,Grace,Michelle,Rebecca,Julia,Katie,Sarah,Megan,Danielle,8.0,0.0,4.0,4.0,1.0,0.0,4.0,4.0,8.0,,,,,,,0.0,,,,,,,,,,,51,1,2020_Feb_07_1109,FaceNameBlocked_revised,3.0.0,85.14770460021545,,NaN
99,Fem2Block.csv,Megan2.mp4,Megan.JPG,Megan,20.0,F,Anna,Brittany,Grace,Michelle,Rebecca,Julia,Katie,Sarah,Megan,Danielle,8.0,0.0,4.0,4.0,1.0,,,,,0.0,8.0,8.0,8.0,,,,,, megan,"['m', 'e', 'g', 'a', 'n']","[8.447594209981617, 8.694745742017403, 8.976753839990124, 9.34168780199252, 9.553276182967238]",5.0,5.0,3.966471682011616,,,51,1,2020_Feb_07_1109,FaceNameBlocked_revised,3.0.0,85.14770460021545,,8.4475942
67,Male1Block.csv,Michael2.mp4,Michael.JPG,Michael,52.0,M,Timothy,Caleb,Bradley,Michael,Matthew,Jason,Adam,Jacob,Brian,Cody,3.0,0.0,3.0,3.0,3.0,0.0,6.0,6.0,3.0,,,,,,,1.0,,,,,,,,,,,51,1,2020_Feb_07_1109,FaceNameBlocked_revised,3.0.0,85.14770460021545,,NaN
73,Male1Block.csv,Michael2.mp4,Michael.JPG,Michael,52.0,M,Timothy,Caleb,Bradley,Michael,Matthew,Jason,Adam,Jacob,Brian,Cody,3.0,0.0,3.0,3.0,3.0,,,,,0.0,2.0,2.0,3.0,,,,,, ,None,,1.0,5.0,7.905594050011133,,,51,1,2020_Feb_07_1109,FaceNameBlocked_revised,3.0.0,85.14770460021545,,NaN
88,Fem2Block.csv,Michelle2.mp4,Michelle.JPG,Michelle,21.0,F,Anna,Brittany,Grace,Michelle,Rebecca,Julia,Katie,Sarah,Megan,Danielle,3.0,0.0,4.0,4.0,1.0,0.0,7.0,7.0,3.0,,,,,,,1.0,,,,,,,,,,,51,1,2020_Feb_07_1109,FaceNameBlocked_revised,3.0.0,85.14770460021545,,NaN
97,Fem2Block.csv,Michelle2.mp4,Michelle.JPG,Michelle,21.0,F,Anna,Brittany,Grace,Michelle,Rebecca,Julia,Katie,Sarah,Megan,Danielle,3.0,0.0,4.0,4.0,1.0,,,,,0.0,6.0,6.0,3.0,,,,,, ,None,,5.0,5.0,9.16466099396348,,,51,1,2020_Feb_07_1109,FaceNameBlocked_revised,3.0.0,85.14770460021545,,NaN
32,Fem3Block.csv,Natalie3.mp4,Natalie.JPG,Natalie,22.0,F,Shelby,Brianna,Natalie,Jenna,Lauren,Hannah,Nicole,Kayla,Alyssa,Jessica,2.0,0.0,1.0,1.0,2.0,,,,,0.0,1.0,1.0,2.0,,,,,, alyssa,"['a', 'l', 'y', 's', 's', 'a']","[5.460185072035529, 5.671475009992719, 6.1422018299927, 6.388622838014271, 6.542106910026632, 7.269623147032689]",4.0,1.0,3.918529719056096,,,51,1,2020_Feb_07_1109,FaceNameBlocked_revised,3.0.0,85.14770460021545,,5.4601850
22,Fem3Block.csv,Natalie3.mp4,Natalie.JPG,Natalie,22.0,F,Shelby,Brianna,Natalie,Jenna,Lauren,Hannah,Nicole,Kayla,Alyssa,Jessica,2.0,0.0,1.0,1.0,2.0,0.0,1.0,1.0,2.0,,,,,,,0.0,,,,,,,,,,,51,1,2020_Feb_07_1109,FaceNameBlocked_revised,3.0.0,85.14770460021545,,NaN
106,Male3Block.csv,Nathan3.mp4,Nathan.JPG,Nathan,53.0,M,Brandon,Andrew,Trevor,Jeremy,Kevin,Steven,Kyle,Nathan,Daniel,Dylan,7.0,0.0,5.0,5.0,5.0,0.0,5.0,5.0,7.0,,,,,,,1.0,,,,,,,,,,,51,1,2020_Feb_07_1109,FaceNameBlocked_revised,3.0.0,85.14770460021545,,NaN
120,Male3Block.csv,Nathan3.mp4,Nathan.JPG,Nathan,53.0,M,Brandon,Andrew,Trevor,Jeremy,Kevin,Steven,Kyle,Nathan,Daniel,Dylan,7.0,0.0,5.0,5.0,5.0,,,,,0.0,9.0,9.0,7.0,,,,,, brandon,"['b', 'r', 'a', 'n', 'd', 'o', 'n']","[3.3293145060306415, 3.552662219037302, 4.256432498048525, 4.481704838050064, 4.95176819403423, 5.375565592024941, 5.822694169997703]",3.0,3.0,7.071517203992697,,,51,1,2020_Feb_07_1109,FaceNameBlocked_revised,3.0.0,85.14770460021545,,3.3293145
26,Fem3Block.csv,Nicole2.mp4,Nicole.JPG,Nicole,23.0,F,Shelby,Brianna,Natalie,Jenna,Lauren,Hannah,Nicole,Kayla,Alyssa,Jessica,6.0,0.0,1.0,1.0,2.0,0.0,5.0,5.0,6.0,,,,,,,1.0,,,,,,,,,,,51,1,2020_Feb_07_1109,FaceNameBlocked_revised,3.0.0,85.14770460021545,,NaN
31,Fem3Block.csv,Nicole2.mp4,Nicole.JPG,Nicole,23.0,F,Shelby,Brianna,Natalie,Jenna,Lauren,Hannah,Nicole,Kayla,Alyssa,Jessica,6.0,0.0,1.0,1.0,2.0,,,,,0.0,0.0,0.0,6.0,,,,space,12.352578959020322, nicole,"['n', 'i', 'c', 'o', 'l', 'e']","[2.3543334120186046, 2.7071981230401434, 3.1070691680070013, 3.7181423490401357, 4.659514267055783, 5.1299465670017526]",5.0,5.0,4.095931017014664,,,51,1,2020_Feb_07_1109,FaceNameBlocked_revised,3.0.0,85.14770460021545,,2.3543334
3,Male2Block.csv,Noah2.mp4,Noah.JPG,Noah,54.0,M,Mark,Tyler,Justin,David,Eric,Aaron,Josh,Noah,Ethan,Thomas,7.0,0.0,0.0,0.0,4.0,0.0,2.0,2.0,7.0,,,,,,,1.0,,,,,,,,,,,51,1,2020_Feb_07_1109,FaceNameBlocked_revised,3.0.0,85.14770460021545,,NaN
19,Male2Block.csv,Noah2.mp4,Noah.JPG,Noah,54.0,M,Mark,Tyler,Justin,David,Eric,Aaron,Josh,Noah,Ethan,Thomas,7.0,0.0,0.0,0.0,4.0,,,,,0.0,8.0,8.0,7.0,,,,,, ,None,,3.0,5.0,8.246143610973379,,,51,1,2020_Feb_07_1109,FaceNameBlocked_revised,3.0.0,85.14770460021545,,NaN
52,Fem1Block.csv,Olivia3.mp4,Olivia.JPG,Olivia,24.0,F,Rachel,Heather,Haley,Kelsey,Taylor,Emily,Courtney,Amanda,Olivia,Ashley,8.0,0.0,2.0,2.0,0.0,,,,,0.0,1.0,1.0,8.0,,,,,, amanda,"['a', 'm', 'a', 'n', 'd', 'a']","[5.919187238032464, 6.200333897024393, 6.447881811996922, 6.894768159021623, 7.200036055990495, 7.447797445987817]",3.0,1.0,4.576348509988748,,,51,1,2020_Feb_07_1109,FaceNameBlocked_revised,3.0.0,85.14770460021545,,5.9191872
47,Fem1Block.csv,Olivia3.mp4,Olivia.JPG,Olivia,24.0,F,Rachel,Heather,Haley,Kelsey,Taylor,Emily,Courtney,Amanda,Olivia,Ashley,8.0,0.0,2.0,2.0,0.0,0.0,6.0,6.0,8.0,,,,,,,0.0,,,,,,,,,,,51,1,2020_Feb_07_1109,FaceNameBlocked_revised,3.0.0,85.14770460021545,,NaN
60,Fem1Block.csv,Rachel3.mp4,Rachel.JPG,Rachel,25.0,F,Rachel,Heather,Haley,Kelsey,Taylor,Emily,Courtney,Amanda,Olivia,Ashley,0.0,0.0,2.0,2.0,0.0,,,,,0.0,9.0,9.0,0.0,,,,,, ,None,,5.0,2.0,6.658698846003972,,,51,1,2020_Feb_07_1109,FaceNameBlocked_revised,3.0.0,85.14770460021545,,NaN
41,Fem1Block.csv,Rachel3.mp4,Rachel.JPG,Rachel,25.0,F,Rachel,Heather,Haley,Kelsey,Taylor,Emily,Courtney,Amanda,Olivia,Ashley,0.0,0.0,2.0,2.0,0.0,0.0,0.0,0.0,0.0,,,,,,,0.0,,,,,,,,,,,51,1,2020_Feb_07_1109,FaceNameBlocked_revised,3.0.0,85.14770460021545,,NaN
87,Fem2Block.csv,Rebecca3.mp4,Rebecca.JPG,Rebecca,26.0,F,Anna,Brittany,Grace,Michelle,Rebecca,Julia,Katie,Sarah,Megan,Danielle,4.0,0.0,4.0,4.0,1.0,0.0,6.0,6.0,4.0,,,,,,,0.0,,,,,,,,,,,51,1,2020_Feb_07_1109,FaceNameBlocked_revised,3.0.0,85.14770460021545,,NaN
96,Fem2Block.csv,Rebecca3.mp4,Rebecca.JPG,Rebecca,26.0,F,Anna,Brittany,Grace,Michelle,Rebecca,Julia,Katie,Sarah,Megan,Danielle,4.0,0.0,4.0,4.0,1.0,,,,,0.0,5.0,5.0,4.0,,,,,, ,None,,5.0,5.0,2.5310794910183176,,,51,1,2020_Feb_07_1109,FaceNameBlocked_revised,3.0.0,85.14770460021545,,NaN
92,Fem2Block.csv,Sarah2.mp4,Sarah.JPG,Sarah,27.0,F,Anna,Brittany,Grace,Michelle,Rebecca,Julia,Katie,Sarah,Megan,Danielle,7.0,0.0,4.0,4.0,1.0,,,,,0.0,1.0,1.0,7.0,,,,,, ,None,,1.0,1.0,1.7539758100174367,,,51,1,2020_Feb_07_1109,FaceNameBlocked_revised,3.0.0,85.14770460021545,,NaN
86,Fem2Block.csv,Sarah2.mp4,Sarah.JPG,Sarah,27.0,F,Anna,Brittany,Grace,Michelle,Rebecca,Julia,Katie,Sarah,Megan,Danielle,7.0,0.0,4.0,4.0,1.0,0.0,5.0,5.0,7.0,,,,,,,1.0,,,,,,,,,,,51,1,2020_Feb_07_1109,FaceNameBlocked_revised,3.0.0,85.14770460021545,,NaN
38,Fem3Block.csv,Shelby2.mp4,Shelby.JPG,Shelby,28.0,F,Shelby,Brianna,Natalie,Jenna,Lauren,Hannah,Nicole,Kayla,Alyssa,Jessica,0.0,0.0,1.0,1.0,2.0,,,,,0.0,7.0,7.0,0.0,,,,,, shelby,"['s', 'h', 'e', 'l', 'b', 'y']","[2.4964212409686297, 2.765626035979949, 3.272264255967457, 3.6127237170003355, 4.059900068969, 4.377327082969714]",4.0,4.0,2.940775650960859,,,51,1,2020_Feb_07_1109,FaceNameBlocked_revised,3.0.0,85.14770460021545,,2.4964212
30,Fem3Block.csv,Shelby2.mp4,Shelby.JPG,Shelby,28.0,F,Shelby,Brianna,Natalie,Jenna,Lauren,Hannah,Nicole,Kayla,Alyssa,Jessica,0.0,0.0,1.0,1.0,2.0,0.0,9.0,9.0,0.0,,,,,,,0.0,,,,,,,,,,,51,1,2020_Feb_07_1109,FaceNameBlocked_revised,3.0.0,85.14770460021545,,NaN
101,Male3Block.csv,Steven2.mp4,Steven.JPG,Steven,55.0,M,Brandon,Andrew,Trevor,Jeremy,Kevin,Steven,Kyle,Nathan,Daniel,Dylan,5.0,0.0,5.0,5.0,5.0,0.0,0.0,0.0,5.0,,,,,,,1.0,,,,,,,,,,,51,1,2020_Feb_07_1109,FaceNameBlocked_revised,3.0.0,85.14770460021545,,NaN
116,Male3Block.csv,Steven2.mp4,Steven.JPG,Steven,55.0,M,Brandon,Andrew,Trevor,Jeremy,Kevin,Steven,Kyle,Nathan,Daniel,Dylan,5.0,0.0,5.0,5.0,5.0,,,,,0.0,5.0,5.0,5.0,,,,,, ,None,,2.0,2.0,2.7548616789863445,,,51,1,2020_Feb_07_1109,FaceNameBlocked_revised,3.0.0,85.14770460021545,,NaN
51,Fem1Block.csv,Taylor4.mp4,Taylor.JPG,Taylor,29.0,F,Rachel,Heather,Haley,Kelsey,Taylor,Emily,Courtney,Amanda,Olivia,Ashley,4.0,0.0,2.0,2.0,0.0,,,,,0.0,0.0,0.0,4.0,,,,space,30.618087038979866, taylor,"['t', 'a', 'y', 'l', 'o', 'r']","[3.9895460669649765, 4.237082456005737, 5.6242619449622, 5.988497896993067, 6.353139413986355, 6.823831082961988]",4.0,4.0,4.3426319930003965,,,51,1,2020_Feb_07_1109,FaceNameBlocked_revised,3.0.0,85.14770460021545,,3.9895460
49,Fem1Block.csv,Taylor4.mp4,Taylor.JPG,Taylor,29.0,F,Rachel,Heather,Haley,Kelsey,Taylor,Emily,Courtney,Amanda,Olivia,Ashley,4.0,0.0,2.0,2.0,0.0,0.0,8.0,8.0,4.0,,,,,,,0.0,,,,,,,,,,,51,1,2020_Feb_07_1109,FaceNameBlocked_revised,3.0.0,85.14770460021545,,NaN
5,Male2Block.csv,Thomas2.mp4,Thomas.JPG,Thomas,56.0,M,Mark,Tyler,Justin,David,Eric,Aaron,Josh,Noah,Ethan,Thomas,9.0,0.0,0.0,0.0,4.0,0.0,4.0,4.0,9.0,,,,,,,1.0,,,,,,,,,,,51,1,2020_Feb_07_1109,FaceNameBlocked_revised,3.0.0,85.14770460021545,,NaN
15,Male2Block.csv,Thomas2.mp4,Thomas.JPG,Thomas,56.0,M,Mark,Tyler,Justin,David,Eric,Aaron,Josh,Noah,Ethan,Thomas,9.0,0.0,0.0,0.0,4.0,,,,,0.0,4.0,4.0,9.0,,,,,, ethan,"['e', 't', 'h', 'a', 'n']","[4.472655380959623, 4.907684383972082, 5.271406957006548, 5.80059145600535, 6.212595015997067]",3.0,2.0,1.79985144501552,,,51,1,2020_Feb_07_1109,FaceNameBlocked_revised,3.0.0,85.14770460021545,,4.4726553
71,Male1Block.csv,Timothy3.mp4,Timothy.JPG,Timothy,57.0,M,Timothy,Caleb,Bradley,Michael,Matthew,Jason,Adam,Jacob,Brian,Cody,0.0,0.0,3.0,3.0,3.0,,,,,0.0,0.0,0.0,0.0,,,,space,3.5315660989726894, ,None,,5.0,2.0,3.98992325499421,,,51,1,2020_Feb_07_1109,FaceNameBlocked_revised,3.0.0,85.14770460021545,,NaN
66,Male1Block.csv,Timothy3.mp4,Timothy.JPG,Timothy,57.0,M,Timothy,Caleb,Bradley,Michael,Matthew,Jason,Adam,Jacob,Brian,Cody,0.0,0.0,3.0,3.0,3.0,0.0,5.0,5.0,0.0,,,,,,,0.0,,,,,,,,,,,51,1,2020_Feb_07_1109,FaceNameBlocked_revised,3.0.0,85.14770460021545,,NaN
118,Male3Block.csv,Trevor2.mp4,Trevor.JPG,Trevor,58.0,M,Brandon,Andrew,Trevor,Jeremy,Kevin,Steven,Kyle,Nathan,Daniel,Dylan,2.0,0.0,5.0,5.0,5.0,,,,,0.0,7.0,7.0,2.0,,,,,, ,"['k', 'y', 'l', 'backspace', 'backspace', 'backspace', 't', 'r', 'e', 'v', 'backspace', 'backspace', 'backspace', 'backspace']","[2.6945983140030876, 3.4918756170081906, 4.141794768976979, 5.574886978021823, 5.798907117976341, 5.9989941290114075, 6.917022424982861, 7.234736095007975, 7.563331223966088, 7.833946124010254, 8.963088106014766, 9.197756046021823, 9.421342618006747, 9.77392729301937]",5.0,4.0,2.306820350000635,,,51,1,2020_Feb_07_1109,FaceNameBlocked_revised,3.0.0,85.14770460021545,,2.6945983
107,Male3Block.csv,Trevor2.mp4,Trevor.JPG,Trevor,58.0,M,Brandon,Andrew,Trevor,Jeremy,Kevin,Steven,Kyle,Nathan,Daniel,Dylan,2.0,0.0,5.0,5.0,5.0,0.0,6.0,6.0,2.0,,,,,,,0.0,,,,,,,,,,,51,1,2020_Feb_07_1109,FaceNameBlocked_revised,3.0.0,85.14770460021545,,NaN
14,Male2Block.csv,Tyler3.mp4,Tyler.JPG,Tyler,59.0,M,Mark,Tyler,Justin,David,Eric,Aaron,Josh,Noah,Ethan,Thomas,1.0,0.0,0.0,0.0,4.0,,,,,0.0,3.0,3.0,1.0,,,,,, mark,"['m', 'a', 'r', 'k']","[5.469415515020955, 5.824278628977481, 6.165179985982832, 6.4126811739988625]",4.0,5.0,10.84611845202744,,,51,1,2020_Feb_07_1109,FaceNameBlocked_revised,3.0.0,85.14770460021545,,5.4694155
9,Male2Block.csv,Tyler3.mp4,Tyler.JPG,Tyler,59.0,M,Mark,Tyler,Justin,David,Eric,Aaron,Josh,Noah,Ethan,Thomas,1.0,0.0,0.0,0.0,4.0,0.0,8.0,8.0,1.0,,,,,,,0.0,,,,,,,,,,,51,1,2020_Feb_07_1109,FaceNameBlocked_revised,3.0.0,85.14770460021545,,NaN
0,,,,,,,,,,,,,,,,,,,,,,,,,,,,,,space,104.64448339096269,,,,,,,,,,,,51,1,2020_Feb_07_1109,FaceNameBlocked_revised,3.0.0,85.14770460021545,,NaN
121,,,,,,,,,,,,,,,,,,,,,,,,,,,,,,,,,,,,,,,,,space,3.5073099169530906,51,1,2020_Feb_07_1109,FaceNameBlocked_revised,3.0.0,85.14770460021545,,NaN
