,condsBlockFile,Video,Photo,Name,Row,Gender,N1,N2,N3,N4,N5,N6,N7,N8,N9,N10,Row2,blocks.thisRepN,blocks.thisTrialN,blocks.thisN,blocks.thisIndex,presentations.thisRepN,presentations.thisTrialN,presentations.thisN,presentations.thisIndex,testing.thisRepN,testing.thisTrialN,testing.thisN,testing.thisIndex,advance_1.keys,advance_1.rt,currentCond,advance_2.keys,advance_2.rt,inputText,key_resp_3.keys,key_resp_3.rt,correctRecogSelection,keyResponse.keys,keyResponse.rt,end_key.keys,end_key.rt,participant,session,date,expName,psychopyVersion,frameRate,Unnamed: 48,key_resp3_fin
28,Male1Block.csv,Aaron2.mp4,Aaron.JPG,Aaron,30.0,M,Michael,Aaron,Caleb,Mark,Kevin,Bradley,Andrew,Adam,Jason,Daniel,1.0,0.0,1.0,1.0,3.0,0.0,7.0,7.0,1.0,,,,,,,0.0,,,,,,,,,,,20,1,2020_Jan_17_1147,FaceNameBlocked_revised,3.0.0,75.03717849269133,,NaN
34,Male1Block.csv,Aaron2.mp4,Aaron.JPG,Aaron,30.0,M,Michael,Aaron,Caleb,Mark,Kevin,Bradley,Andrew,Adam,Jason,Daniel,1.0,0.0,1.0,1.0,3.0,,,,,0.0,3.0,3.0,1.0,,,,,, mike,"['m', 'i', 'k', 'e']","[7.427235411974834, 9.051180921000196, 9.546712244977243, 9.746512493002228]",4.0,3.0,4.12068559799809,,,20,1,2020_Jan_17_1147,FaceNameBlocked_revised,3.0.0,75.03717849269133,,7.4272354
30,Male1Block.csv,Adam4.mp4,Adam.JPG,Adam,31.0,M,Michael,Aaron,Caleb,Mark,Kevin,Bradley,Andrew,Adam,Jason,Daniel,7.0,0.0,1.0,1.0,3.0,0.0,9.0,9.0,7.0,,,,,,,1.0,,,,,,,,,,,20,1,2020_Jan_17_1147,FaceNameBlocked_revised,3.0.0,75.03717849269133,,NaN
37,Male1Block.csv,Adam4.mp4,Adam.JPG,Adam,31.0,M,Michael,Aaron,Caleb,Mark,Kevin,Bradley,Andrew,Adam,Jason,Daniel,7.0,0.0,1.0,1.0,3.0,,,,,0.0,6.0,6.0,7.0,,,,,, st,"['s', 't']","[9.67921409299015, 9.878964853007346]",3.0,2.0,3.598861020989716,,,20,1,2020_Jan_17_1147,FaceNameBlocked_revised,3.0.0,75.03717849269133,,9.6792140
58,Fem2Block.csv,Alyssa3.mp4,Alyssa.JPG,Alyssa,0.0,F,Nicole,Rebecca,Kelsey,Alyssa,Lauren,Anna,Haley,Brianna,Megan,Rachel,3.0,0.0,2.0,2.0,1.0,,,,,0.0,7.0,7.0,3.0,,,,,, alyssa,"['a', 'l', 'y', 's', 's', 'a', 'return', 'return']","[3.0680123830097727, 3.3739995770156384, 3.62818433099892, 3.8412761540093925, 3.9881093520089053, 4.161202270013746, 4.5739173970068805, 9.345965394022642]",4.0,4.0,2.2811570760095488,,,20,1,2020_Jan_17_1147,FaceNameBlocked_revised,3.0.0,75.03717849269133,,3.0680123
43,Fem2Block.csv,Alyssa3.mp4,Alyssa.JPG,Alyssa,0.0,F,Nicole,Rebecca,Kelsey,Alyssa,Lauren,Anna,Haley,Brianna,Megan,Rachel,3.0,0.0,2.0,2.0,1.0,0.0,2.0,2.0,3.0,,,,,,,1.0,,,,,,,,,,,20,1,2020_Jan_17_1147,FaceNameBlocked_revised,3.0.0,75.03717849269133,,NaN
81,Fem1Block.csv,Amanda3.mp4,Amanda.JPG,Amanda,1.0,F,Natalie,Amanda,Danielle,Michelle,Hannah,Ashley,Brittany,Kayla,Sarah,Jessica,1.0,0.0,4.0,4.0,0.0,0.0,0.0,0.0,1.0,,,,,,,0.0,,,,,,,,,,,20,1,2020_Jan_17_1147,FaceNameBlocked_revised,3.0.0,75.03717849269133,,NaN
100,Fem1Block.csv,Amanda3.mp4,Amanda.JPG,Amanda,1.0,F,Natalie,Amanda,Danielle,Michelle,Hannah,Ashley,Brittany,Kayla,Sarah,Jessica,1.0,0.0,4.0,4.0,0.0,,,,,0.0,9.0,9.0,1.0,,,,,, danielle,"['d', 'a', 'n', 'i', 'e', 'l', 'l', 'e', 'return']","[3.227612152986694, 3.360667981003644, 3.493794626003364, 3.600911351997638, 3.7209884929761756, 4.69390254697646, 4.827154720987892, 4.96000386797823, 6.6126168109767605]",4.0,3.0,5.720499034010572,,,20,1,2020_Jan_17_1147,FaceNameBlocked_revised,3.0.0,75.03717849269133,,3.2276121
32,Male1Block.csv,Andrew2.mp4,Andrew.JPG,Andrew,32.0,M,Michael,Aaron,Caleb,Mark,Kevin,Bradley,Andrew,Adam,Jason,Daniel,6.0,0.0,1.0,1.0,3.0,,,,,0.0,1.0,1.0,6.0,,,,,, andrea,"['a', 'n', 'd', 'r', 'e', 'a', 'return']","[4.801771392027149, 4.975195442006225, 6.134486887021922, 6.320845439011464, 6.467506504006451, 6.705548458005069, 7.040270218014484]",1.0,1.0,4.733714285015593,,,20,1,2020_Jan_17_1147,FaceNameBlocked_revised,3.0.0,75.03717849269133,,4.8017713
29,Male1Block.csv,Andrew2.mp4,Andrew.JPG,Andrew,32.0,M,Michael,Aaron,Caleb,Mark,Kevin,Bradley,Andrew,Adam,Jason,Daniel,6.0,0.0,1.0,1.0,3.0,0.0,8.0,8.0,6.0,,,,,,,0.0,,,,,,,,,,,20,1,2020_Jan_17_1147,FaceNameBlocked_revised,3.0.0,75.03717849269133,,NaN
53,Fem2Block.csv,Anna3.mp4,Anna.JPG,Anna,2.0,F,Nicole,Rebecca,Kelsey,Alyssa,Lauren,Anna,Haley,Brianna,Megan,Rachel,5.0,0.0,2.0,2.0,1.0,,,,,0.0,2.0,2.0,5.0,,,,,, anna,"['a', 'n', 'n', 'a', 'return', 'return']","[1.6663932299998123, 1.8154790280095767, 1.9621501660149079, 2.1223208350129426, 3.2411286960123107, 5.600604225008283]",4.0,4.0,1.9222414690011649,,,20,1,2020_Jan_17_1147,FaceNameBlocked_revised,3.0.0,75.03717849269133,,1.6663932
44,Fem2Block.csv,Anna3.mp4,Anna.JPG,Anna,2.0,F,Nicole,Rebecca,Kelsey,Alyssa,Lauren,Anna,Haley,Brianna,Megan,Rachel,5.0,0.0,2.0,2.0,1.0,0.0,3.0,3.0,5.0,,,,,,,0.0,,,,,,,,,,,20,1,2020_Jan_17_1147,FaceNameBlocked_revised,3.0.0,75.03717849269133,,NaN
91,Fem1Block.csv,Ashley3.mp4,Ashley.JPG,Ashley,3.0,F,Natalie,Amanda,Danielle,Michelle,Hannah,Ashley,Brittany,Kayla,Sarah,Jessica,5.0,0.0,4.0,4.0,0.0,,,,,0.0,0.0,0.0,5.0,,,,space,6.294018852990121, nicole,"['n', 'i', 'c', 'k', 'backspace', 'o', 'l', 'e']","[4.773713778005913, 5.4403707049787045, 6.85306992099504, 7.679067547986051, 8.424956433998886, 8.678847078001127, 8.8391863819852, 8.931498816993553]",2.0,3.0,4.8797637360112285,,,20,1,2020_Jan_17_1147,FaceNameBlocked_revised,3.0.0,75.03717849269133,,4.7737137
82,Fem1Block.csv,Ashley3.mp4,Ashley.JPG,Ashley,3.0,F,Natalie,Amanda,Danielle,Michelle,Hannah,Ashley,Brittany,Kayla,Sarah,Jessica,5.0,0.0,4.0,4.0,0.0,0.0,1.0,1.0,5.0,,,,,,,0.0,,,,,,,,,,,20,1,2020_Jan_17_1147,FaceNameBlocked_revised,3.0.0,75.03717849269133,,NaN
38,Male1Block.csv,Bradley3.mp4,Bradley.JPG,Bradley,33.0,M,Michael,Aaron,Caleb,Mark,Kevin,Bradley,Andrew,Adam,Jason,Daniel,5.0,0.0,1.0,1.0,3.0,,,,,0.0,7.0,7.0,5.0,,,,,, bradley,"['b', 'r', 'a', 'd', 'l', 'e', 'y', 'return', 'return']","[4.10638454099535, 4.226122892985586, 4.426622347004013, 4.586294048989657, 4.6924094920104835, 4.810859574005008, 4.920123143994715, 5.265624202991603, 7.330841855990002]",2.0,2.0,1.508489506988553,,,20,1,2020_Jan_17_1147,FaceNameBlocked_revised,3.0.0,75.03717849269133,,4.1063845
24,Male1Block.csv,Bradley3.mp4,Bradley.JPG,Bradley,33.0,M,Michael,Aaron,Caleb,Mark,Kevin,Bradley,Andrew,Adam,Jason,Daniel,5.0,0.0,1.0,1.0,3.0,0.0,3.0,3.0,5.0,,,,,,,0.0,,,,,,,,,,,20,1,2020_Jan_17_1147,FaceNameBlocked_revised,3.0.0,75.03717849269133,,NaN
105,Male2Block.csv,Brandon2.mp4,Brandon.JPG,Brandon,34.0,M,Ethan,Brian,Brandon,Jacob,Jeremy,Josh,Matthew,Noah,Kyle,David,2.0,0.0,5.0,5.0,4.0,0.0,4.0,4.0,2.0,,,,,,,1.0,,,,,,,,,,,20,1,2020_Jan_17_1147,FaceNameBlocked_revised,3.0.0,75.03717849269133,,NaN
112,Male2Block.csv,Brandon2.mp4,Brandon.JPG,Brandon,34.0,M,Ethan,Brian,Brandon,Jacob,Jeremy,Josh,Matthew,Noah,Kyle,David,2.0,0.0,5.0,5.0,4.0,,,,,0.0,1.0,1.0,2.0,,,,,, brandon,"['b', 'r', 'a', 'n', 'd', 'o', 'n', 'return']","[2.4278197520179674, 2.5323095560015645, 2.7208144330070354, 3.1871051650086883, 3.33190184601699, 3.4405106640188023, 3.5471654669963755, 8.731447375001153]",1.0,1.0,2.0940249930135906,,,20,1,2020_Jan_17_1147,FaceNameBlocked_revised,3.0.0,75.03717849269133,,2.4278197
116,Male2Block.csv,Brian2.mp4,Brian.JPG,Brian,35.0,M,Ethan,Brian,Brandon,Jacob,Jeremy,Josh,Matthew,Noah,Kyle,David,1.0,0.0,5.0,5.0,4.0,,,,,0.0,5.0,5.0,1.0,,,,,, kyle,"['k', 'y', 'l', 'e', 'return']","[2.0814382859971374, 2.268140305997804, 2.508318362000864, 5.106939004996093, 8.385474638984306]",2.0,3.0,4.187806208996335,,,20,1,2020_Jan_17_1147,FaceNameBlocked_revised,3.0.0,75.03717849269133,,2.0814382
102,Male2Block.csv,Brian2.mp4,Brian.JPG,Brian,35.0,M,Ethan,Brian,Brandon,Jacob,Jeremy,Josh,Matthew,Noah,Kyle,David,1.0,0.0,5.0,5.0,4.0,0.0,1.0,1.0,1.0,,,,,,,0.0,,,,,,,,,,,20,1,2020_Jan_17_1147,FaceNameBlocked_revised,3.0.0,75.03717849269133,,NaN
56,Fem2Block.csv,Brianna2.mp4,Brianna.JPG,Brianna,4.0,F,Nicole,Rebecca,Kelsey,Alyssa,Lauren,Anna,Haley,Brianna,Megan,Rachel,7.0,0.0,2.0,2.0,1.0,,,,,0.0,5.0,5.0,7.0,,,,,, lauren,"['l', 'a', 'u', 'r', 'e', 'n', 'return', 'return']","[1.4288110290071927, 1.521656383993104, 1.7087616749922745, 2.2819083200010937, 2.4815130089991726, 2.601754606992472, 3.093751141015673, 5.799888462002855]",1.0,1.0,6.760179596021771,,,20,1,2020_Jan_17_1147,FaceNameBlocked_revised,3.0.0,75.03717849269133,,1.4288110
46,Fem2Block.csv,Brianna2.mp4,Brianna.JPG,Brianna,4.0,F,Nicole,Rebecca,Kelsey,Alyssa,Lauren,Anna,Haley,Brianna,Megan,Rachel,7.0,0.0,2.0,2.0,1.0,0.0,5.0,5.0,7.0,,,,,,,1.0,,,,,,,,,,,20,1,2020_Jan_17_1147,FaceNameBlocked_revised,3.0.0,75.03717849269133,,NaN
93,Fem1Block.csv,Brittany2.mp4,Brittany.JPG,Brittany,5.0,F,Natalie,Amanda,Danielle,Michelle,Hannah,Ashley,Brittany,Kayla,Sarah,Jessica,6.0,0.0,4.0,4.0,0.0,,,,,0.0,2.0,2.0,6.0,,,,,, brittney,"['b', 'r', 'i', 't', 't', 'n', 'e', 'y', 'return']","[1.4819572599953972, 1.6547318920202088, 2.388299773010658, 2.5347467070096172, 2.694622109993361, 2.8006980450008996, 3.0277271179948, 3.161400233017048, 3.6008023990143556]",4.0,4.0,1.948554456001148,,,20,1,2020_Jan_17_1147,FaceNameBlocked_revised,3.0.0,75.03717849269133,,1.4819572
86,Fem1Block.csv,Brittany2.mp4,Brittany.JPG,Brittany,5.0,F,Natalie,Amanda,Danielle,Michelle,Hannah,Ashley,Brittany,Kayla,Sarah,Jessica,6.0,0.0,4.0,4.0,0.0,0.0,5.0,5.0,6.0,,,,,,,0.0,,,,,,,,,,,20,1,2020_Jan_17_1147,FaceNameBlocked_revised,3.0.0,75.03717849269133,,NaN
36,Male1Block.csv,Caleb5.mp4,Caleb.JPG,Caleb,36.0,M,Michael,Aaron,Caleb,Mark,Kevin,Bradley,Andrew,Adam,Jason,Daniel,2.0,0.0,1.0,1.0,3.0,,,,,0.0,5.0,5.0,2.0,,,,,, caleb,"['c', 'a', 'l', 'e', 'b', 'return']","[5.881017141015036, 5.987533667997923, 6.120614293002291, 6.305696933006402, 6.707405334018404, 7.185378713998944]",4.0,4.0,4.717963870003587,,,20,1,2020_Jan_17_1147,FaceNameBlocked_revised,3.0.0,75.03717849269133,,5.8810171
23,Male1Block.csv,Caleb5.mp4,Caleb.JPG,Caleb,36.0,M,Michael,Aaron,Caleb,Mark,Kevin,Bradley,Andrew,Adam,Jason,Daniel,2.0,0.0,1.0,1.0,3.0,0.0,2.0,2.0,2.0,,,,,,,1.0,,,,,,,,,,,20,1,2020_Jan_17_1147,FaceNameBlocked_revised,3.0.0,75.03717849269133,,NaN
6,Male3Block.csv,Cody2.mp4,Cody.JPG,Cody,37.0,M,Trevor,Justin,Nathan,Cody,Eric,Thomas,Tyler,Dylan,Steven,Timothy,3.0,0.0,0.0,0.0,5.0,0.0,5.0,5.0,3.0,,,,,,,1.0,,,,,,,,,,,20,1,2020_Jan_17_1147,FaceNameBlocked_revised,3.0.0,75.03717849269133,,NaN
13,Male3Block.csv,Cody2.mp4,Cody.JPG,Cody,37.0,M,Trevor,Justin,Nathan,Cody,Eric,Thomas,Tyler,Dylan,Steven,Timothy,3.0,0.0,0.0,0.0,5.0,,,,,0.0,2.0,2.0,3.0,,,,,, cole,"['c', 'o', 'l', 'e', 'return', 'return', 'return', 'return']","[1.6286220400070306, 1.748595752986148, 1.8808899959840346, 1.9883702140068635, 2.267048371984856, 3.334314339008415, 6.332668229995761, 9.212202320981305]",1.0,1.0,6.678173524996963,,,20,1,2020_Jan_17_1147,FaceNameBlocked_revised,3.0.0,75.03717849269133,,1.6286220
79,Fem3Block.csv,Courtney2.mp4,Courtney.JPG,Courtney,6.0,F,Katie,Grace,Emily,Taylor,Julia,Heather,Olivia,Jenna,Shelby,Courtney,9.0,0.0,3.0,3.0,2.0,,,,,0.0,8.0,8.0,9.0,,,,,, oliv,"['o', 'l', 'i', 'v', 'i', 'a', 'return', 'backspace', 'backspace']","[1.562836694996804, 1.7624651399964932, 1.9088407439994626, 2.441686732985545, 2.5228945489798207, 2.6813016569940373, 3.0146355780016165, 9.31944760098122, 9.79899299700628]",1.0,1.0,2.228270693012746,,,20,1,2020_Jan_17_1147,FaceNameBlocked_revised,3.0.0,75.03717849269133,,1.5628366
68,Fem3Block.csv,Courtney2.mp4,Courtney.JPG,Courtney,6.0,F,Katie,Grace,Emily,Taylor,Julia,Heather,Olivia,Jenna,Shelby,Courtney,9.0,0.0,3.0,3.0,2.0,0.0,7.0,7.0,9.0,,,,,,,0.0,,,,,,,,,,,20,1,2020_Jan_17_1147,FaceNameBlocked_revised,3.0.0,75.03717849269133,,NaN
27,Male1Block.csv,Daniel3.mp4,Daniel.JPG,Daniel,38.0,M,Michael,Aaron,Caleb,Mark,Kevin,Bradley,Andrew,Adam,Jason,Daniel,9.0,0.0,1.0,1.0,3.0,0.0,6.0,6.0,9.0,,,,,,,0.0,,,,,,,,,,,20,1,2020_Jan_17_1147,FaceNameBlocked_revised,3.0.0,75.03717849269133,,NaN
31,Male1Block.csv,Daniel3.mp4,Daniel.JPG,Daniel,38.0,M,Michael,Aaron,Caleb,Mark,Kevin,Bradley,Andrew,Adam,Jason,Daniel,9.0,0.0,1.0,1.0,3.0,,,,,0.0,0.0,0.0,9.0,,,,space,5.120900558977155, tom,"['t', 'o', 'm', 'return']","[7.905361240991624, 8.159099877986591, 8.252649923000718, 8.638557152007706]",5.0,5.0,5.5873110269894815,,,20,1,2020_Jan_17_1147,FaceNameBlocked_revised,3.0.0,75.03717849269133,,7.9053612
88,Fem1Block.csv,Danielle2.mp4,Danielle.JPG,Danielle,7.0,F,Natalie,Amanda,Danielle,Michelle,Hannah,Ashley,Brittany,Kayla,Sarah,Jessica,2.0,0.0,4.0,4.0,0.0,0.0,7.0,7.0,2.0,,,,,,,1.0,,,,,,,,,,,20,1,2020_Jan_17_1147,FaceNameBlocked_revised,3.0.0,75.03717849269133,,NaN
97,Fem1Block.csv,Danielle2.mp4,Danielle.JPG,Danielle,7.0,F,Natalie,Amanda,Danielle,Michelle,Hannah,Ashley,Brittany,Kayla,Sarah,Jessica,2.0,0.0,4.0,4.0,0.0,,,,,0.0,6.0,6.0,2.0,,,,,, kayla,"['k', 'a', 'y', 'semicolon', 'l', 'a']","[4.933627751976019, 5.080409325979417, 6.625532576988917, 6.986610884981928, 8.279314930987312, 8.399195263977163]",1.0,1.0,3.372789287008345,,,20,1,2020_Jan_17_1147,FaceNameBlocked_revised,3.0.0,75.03717849269133,,4.9336277
113,Male2Block.csv,David2.mp4,David.JPG,David,39.0,M,Ethan,Brian,Brandon,Jacob,Jeremy,Josh,Matthew,Noah,Kyle,David,9.0,0.0,5.0,5.0,4.0,,,,,0.0,2.0,2.0,9.0,,,,,, david,"['d', 'a', 'b', 'backspace', 'v', 'i', 'd']","[4.361584149999544, 4.694912430015393, 5.107603611017112, 5.613503088010475, 5.774359828006709, 5.880552935006563, 6.02757871200447]",4.0,2.0,6.187692177976714,,,20,1,2020_Jan_17_1147,FaceNameBlocked_revised,3.0.0,75.03717849269133,,4.3615841
103,Male2Block.csv,David2.mp4,David.JPG,David,39.0,M,Ethan,Brian,Brandon,Jacob,Jeremy,Josh,Matthew,Noah,Kyle,David,9.0,0.0,5.0,5.0,4.0,0.0,2.0,2.0,9.0,,,,,,,0.0,,,,,,,,,,,20,1,2020_Jan_17_1147,FaceNameBlocked_revised,3.0.0,75.03717849269133,,NaN
1,Male3Block.csv,Dylan3.mp4,Dylan.JPG,Dylan,40.0,M,Trevor,Justin,Nathan,Cody,Eric,Thomas,Tyler,Dylan,Steven,Timothy,7.0,0.0,0.0,0.0,5.0,0.0,0.0,0.0,7.0,,,,,,,1.0,,,,,,,,,,,20,1,2020_Jan_17_1147,FaceNameBlocked_revised,3.0.0,75.03717849269133,,NaN
20,Male3Block.csv,Dylan3.mp4,Dylan.JPG,Dylan,40.0,M,Trevor,Justin,Nathan,Cody,Eric,Thomas,Tyler,Dylan,Steven,Timothy,7.0,0.0,0.0,0.0,5.0,,,,,0.0,9.0,9.0,7.0,,,,,, justin,"['j', 'u', 's', 't', 'i', 'n', 'return']","[3.8663566279865336, 4.02585742098745, 4.120960807980737, 4.561107045999961, 4.907543628971325, 5.0138765429728664, 6.493079400999704]",2.0,2.0,6.679440098989288,,,20,1,2020_Jan_17_1147,FaceNameBlocked_revised,3.0.0,75.03717849269133,,3.8663566
66,Fem3Block.csv,Emily5.mp4,Emily.JPG,Emily,8.0,F,Katie,Grace,Emily,Taylor,Julia,Heather,Olivia,Jenna,Shelby,Courtney,2.0,0.0,3.0,3.0,2.0,0.0,5.0,5.0,2.0,,,,,,,1.0,,,,,,,,,,,20,1,2020_Jan_17_1147,FaceNameBlocked_revised,3.0.0,75.03717849269133,,NaN
73,Fem3Block.csv,Emily5.mp4,Emily.JPG,Emily,8.0,F,Katie,Grace,Emily,Taylor,Julia,Heather,Olivia,Jenna,Shelby,Courtney,2.0,0.0,3.0,3.0,2.0,,,,,0.0,2.0,2.0,2.0,,,,,, katie,"['k', 'a', 't', 'i', 'e', 'return']","[5.400787105987547, 5.520457976002945, 5.747404321999056, 5.946865628007799, 6.053767706005601, 8.212922439997783]",2.0,2.0,5.014185478998115,,,20,1,2020_Jan_17_1147,FaceNameBlocked_revised,3.0.0,75.03717849269133,,5.4007871
2,Male3Block.csv,Eric2.mp4,Eric.JPG,Eric,41.0,M,Trevor,Justin,Nathan,Cody,Eric,Thomas,Tyler,Dylan,Steven,Timothy,4.0,0.0,0.0,0.0,5.0,0.0,1.0,1.0,4.0,,,,,,,1.0,,,,,,,,,,,20,1,2020_Jan_17_1147,FaceNameBlocked_revised,3.0.0,75.03717849269133,,NaN
17,Male3Block.csv,Eric2.mp4,Eric.JPG,Eric,41.0,M,Trevor,Justin,Nathan,Cody,Eric,Thomas,Tyler,Dylan,Steven,Timothy,4.0,0.0,0.0,0.0,5.0,,,,,0.0,6.0,6.0,4.0,,,,,, thomas,"['t', 'h', 'o', 'm', 'a', 's', 'return', 'return']","[2.335124523000559, 2.441858134989161, 2.7215917099965736, 2.8549718059948646, 3.1213602109928615, 3.4947500150010455, 3.6940817330032587, 8.318625123007223]",1.0,5.0,5.7050919260073,,,20,1,2020_Jan_17_1147,FaceNameBlocked_revised,3.0.0,75.03717849269133,,2.3351245
115,Male2Block.csv,Ethan2.mp4,Ethan.JPG,Ethan,42.0,M,Ethan,Brian,Brandon,Jacob,Jeremy,Josh,Matthew,Noah,Kyle,David,0.0,0.0,5.0,5.0,4.0,,,,,0.0,4.0,4.0,0.0,,,,,, kyle,"['k', 'y', 'l', 'e', 'backspace', 'backspace', 'backspace', 'y', 'l', 'e']","[4.533915788982995, 4.893085510004312, 5.213637377979467, 5.453637491998961, 8.238684613985242, 8.411880490981275, 8.571669094002573, 9.438965287990868, 9.599074940982973, 9.732211266004015]",2.0,2.0,5.147423385991715,,,20,1,2020_Jan_17_1147,FaceNameBlocked_revised,3.0.0,75.03717849269133,,4.5339157
101,Male2Block.csv,Ethan2.mp4,Ethan.JPG,Ethan,42.0,M,Ethan,Brian,Brandon,Jacob,Jeremy,Josh,Matthew,Noah,Kyle,David,0.0,0.0,5.0,5.0,4.0,0.0,0.0,0.0,0.0,,,,,,,1.0,,,,,,,,,,,20,1,2020_Jan_17_1147,FaceNameBlocked_revised,3.0.0,75.03717849269133,,NaN
78,Fem3Block.csv,Grace3.mp4,Grace.JPG,Grace,9.0,F,Katie,Grace,Emily,Taylor,Julia,Heather,Olivia,Jenna,Shelby,Courtney,1.0,0.0,3.0,3.0,2.0,,,,,0.0,7.0,7.0,1.0,,,,,, grace,"['g', 'r', 'a', 'c', 'e', 'return']","[1.402526875026524, 1.481765210017329, 1.6556829980108887, 1.7621239220025018, 1.8824748800252564, 2.6017873090167996]",2.0,2.0,1.1090678299951833,,,20,1,2020_Jan_17_1147,FaceNameBlocked_revised,3.0.0,75.03717849269133,,1.4025268
64,Fem3Block.csv,Grace3.mp4,Grace.JPG,Grace,9.0,F,Katie,Grace,Emily,Taylor,Julia,Heather,Olivia,Jenna,Shelby,Courtney,1.0,0.0,3.0,3.0,2.0,0.0,3.0,3.0,1.0,,,,,,,0.0,,,,,,,,,,,20,1,2020_Jan_17_1147,FaceNameBlocked_revised,3.0.0,75.03717849269133,,NaN
45,Fem2Block.csv,Haley2.mp4,Haley.JPG,Haley,10.0,F,Nicole,Rebecca,Kelsey,Alyssa,Lauren,Anna,Haley,Brianna,Megan,Rachel,6.0,0.0,2.0,2.0,1.0,0.0,4.0,4.0,6.0,,,,,,,0.0,,,,,,,,,,,20,1,2020_Jan_17_1147,FaceNameBlocked_revised,3.0.0,75.03717849269133,,NaN
55,Fem2Block.csv,Haley2.mp4,Haley.JPG,Haley,10.0,F,Nicole,Rebecca,Kelsey,Alyssa,Lauren,Anna,Haley,Brianna,Megan,Rachel,6.0,0.0,2.0,2.0,1.0,,,,,0.0,4.0,4.0,6.0,,,,,, haley,"['h', 'a', 'l', 'e', 'y', 'return']","[2.388581848994363, 2.494550489995163, 2.5891001259733457, 2.72170587698929, 2.8022265729960054, 3.4541614089976065]",5.0,5.0,3.027191536006285,,,20,1,2020_Jan_17_1147,FaceNameBlocked_revised,3.0.0,75.03717849269133,,2.3885818
98,Fem1Block.csv,Hannah2.mp4,Hannah.JPG,Hannah,11.0,F,Natalie,Amanda,Danielle,Michelle,Hannah,Ashley,Brittany,Kayla,Sarah,Jessica,4.0,0.0,4.0,4.0,0.0,,,,,0.0,7.0,7.0,4.0,,,,,, na,"['n', 'backspace', 'n', 'a']","[6.600705809978535, 7.573044995981036, 8.532306743989466, 9.13222248799866]",3.0,5.0,3.8408421310014087,,,20,1,2020_Jan_17_1147,FaceNameBlocked_revised,3.0.0,75.03717849269133,,6.6007058
87,Fem1Block.csv,Hannah2.mp4,Hannah.JPG,Hannah,11.0,F,Natalie,Amanda,Danielle,Michelle,Hannah,Ashley,Brittany,Kayla,Sarah,Jessica,4.0,0.0,4.0,4.0,0.0,0.0,6.0,6.0,4.0,,,,,,,1.0,,,,,,,,,,,20,1,2020_Jan_17_1147,FaceNameBlocked_revised,3.0.0,75.03717849269133,,NaN
77,Fem3Block.csv,Heather3.mp4,Heather.JPG,Heather,12.0,F,Katie,Grace,Emily,Taylor,Julia,Heather,Olivia,Jenna,Shelby,Courtney,5.0,0.0,3.0,3.0,2.0,,,,,0.0,6.0,6.0,5.0,,,,,, heather,"['h', 'e', 'a', 't', 'h', 'e', 'r', 'return', 'return']","[3.095742801990127, 3.2153351379965898, 3.4281661399872974, 3.62849105001078, 3.721736614999827, 3.814394694985822, 3.961879567010328, 5.293890815984923, 9.29266211000504]",4.0,4.0,3.9346981010166933,,,20,1,2020_Jan_17_1147,FaceNameBlocked_revised,3.0.0,75.03717849269133,,3.0957428
63,Fem3Block.csv,Heather3.mp4,Heather.JPG,Heather,12.0,F,Katie,Grace,Emily,Taylor,Julia,Heather,Olivia,Jenna,Shelby,Courtney,5.0,0.0,3.0,3.0,2.0,0.0,2.0,2.0,5.0,,,,,,,0.0,,,,,,,,,,,20,1,2020_Jan_17_1147,FaceNameBlocked_revised,3.0.0,75.03717849269133,,NaN
104,Male2Block.csv,Jacob3.mp4,Jacob.JPG,Jacob,43.0,M,Ethan,Brian,Brandon,Jacob,Jeremy,Josh,Matthew,Noah,Kyle,David,3.0,0.0,5.0,5.0,4.0,0.0,3.0,3.0,3.0,,,,,,,1.0,,,,,,,,,,,20,1,2020_Jan_17_1147,FaceNameBlocked_revised,3.0.0,75.03717849269133,,NaN
120,Male2Block.csv,Jacob3.mp4,Jacob.JPG,Jacob,43.0,M,Ethan,Brian,Brandon,Jacob,Jeremy,Josh,Matthew,Noah,Kyle,David,3.0,0.0,5.0,5.0,4.0,,,,,0.0,9.0,9.0,3.0,,,,,, jacob,"['j', 'a', 'c', 'o', 'b', 'return']","[3.227250041003572, 3.3608686520019546, 3.7879363230022136, 3.9208207970077638, 4.014184563013259, 4.666818419005722]",5.0,5.0,1.5868680160201618,,,20,1,2020_Jan_17_1147,FaceNameBlocked_revised,3.0.0,75.03717849269133,,3.2272500
26,Male1Block.csv,Jason4.mp4,Jason.JPG,Jason,44.0,M,Michael,Aaron,Caleb,Mark,Kevin,Bradley,Andrew,Adam,Jason,Daniel,8.0,0.0,1.0,1.0,3.0,0.0,5.0,5.0,8.0,,,,,,,0.0,,,,,,,,,,,20,1,2020_Jan_17_1147,FaceNameBlocked_revised,3.0.0,75.03717849269133,,NaN
35,Male1Block.csv,Jason4.mp4,Jason.JPG,Jason,44.0,M,Michael,Aaron,Caleb,Mark,Kevin,Bradley,Andrew,Adam,Jason,Daniel,8.0,0.0,1.0,1.0,3.0,,,,,0.0,4.0,4.0,8.0,,,,,, jason,"['j', 'a', 's', 'o', 'n', 'return', 'return', 'return']","[3.1872864839970134, 3.307437270996161, 3.4807317379745655, 3.586936922976747, 3.721142828988377, 4.560027938976418, 7.851058443979127, 9.650580221990822]",2.0,2.0,2.159920031990623,,,20,1,2020_Jan_17_1147,FaceNameBlocked_revised,3.0.0,75.03717849269133,,3.1872864
76,Fem3Block.csv,Jenna4.mp4,Jenna.JPG,Jenna,13.0,F,Katie,Grace,Emily,Taylor,Julia,Heather,Olivia,Jenna,Shelby,Courtney,7.0,0.0,3.0,3.0,2.0,,,,,0.0,5.0,5.0,7.0,,,,,, jenna,"['j', 'e', 'n', 'n', 'a', 'return', 'return']","[4.932794855994871, 5.065573547995882, 5.332570981001481, 5.479002220992697, 5.612667137989774, 6.8115693499858025, 6.838404376001563]",3.0,3.0,5.28070367698092,,,20,1,2020_Jan_17_1147,FaceNameBlocked_revised,3.0.0,75.03717849269133,,4.9327948
67,Fem3Block.csv,Jenna4.mp4,Jenna.JPG,Jenna,13.0,F,Katie,Grace,Emily,Taylor,Julia,Heather,Olivia,Jenna,Shelby,Courtney,7.0,0.0,3.0,3.0,2.0,0.0,6.0,6.0,7.0,,,,,,,1.0,,,,,,,,,,,20,1,2020_Jan_17_1147,FaceNameBlocked_revised,3.0.0,75.03717849269133,,NaN
111,Male2Block.csv,Jeremy2.mp4,Jeremy.JPG,Jeremy,45.0,M,Ethan,Brian,Brandon,Jacob,Jeremy,Josh,Matthew,Noah,Kyle,David,4.0,0.0,5.0,5.0,4.0,,,,,0.0,0.0,0.0,4.0,,,,space,1.7359488039801363, jeremy,"['j', 'e', 'r', 'e', 'm', 'y']","[2.0149357709742617, 2.14843601998291, 2.3220295349892695, 2.4822083689796273, 2.547786789975362, 3.015096103976248]",4.0,4.0,4.144025720015634,,,20,1,2020_Jan_17_1147,FaceNameBlocked_revised,3.0.0,75.03717849269133,,2.0149357
109,Male2Block.csv,Jeremy2.mp4,Jeremy.JPG,Jeremy,45.0,M,Ethan,Brian,Brandon,Jacob,Jeremy,Josh,Matthew,Noah,Kyle,David,4.0,0.0,5.0,5.0,4.0,0.0,8.0,8.0,4.0,,,,,,,1.0,,,,,,,,,,,20,1,2020_Jan_17_1147,FaceNameBlocked_revised,3.0.0,75.03717849269133,,NaN
84,Fem1Block.csv,Jessica2.mp4,Jessica.JPG,Jessica,14.0,F,Natalie,Amanda,Danielle,Michelle,Hannah,Ashley,Brittany,Kayla,Sarah,Jessica,9.0,0.0,4.0,4.0,0.0,0.0,3.0,3.0,9.0,,,,,,,0.0,,,,,,,,,,,20,1,2020_Jan_17_1147,FaceNameBlocked_revised,3.0.0,75.03717849269133,,NaN
94,Fem1Block.csv,Jessica2.mp4,Jessica.JPG,Jessica,14.0,F,Natalie,Amanda,Danielle,Michelle,Hannah,Ashley,Brittany,Kayla,Sarah,Jessica,9.0,0.0,4.0,4.0,0.0,,,,,0.0,3.0,3.0,9.0,,,,,, hannah,"['h', 'a', 'n', 'n', 'a', 'h']","[5.599993787007406, 5.693760645022849, 5.985088007000741, 6.319760687008966, 6.452831283007981, 8.452917096001329]",4.0,3.0,5.051986978010973,,,20,1,2020_Jan_17_1147,FaceNameBlocked_revised,3.0.0,75.03717849269133,,5.5999937
119,Male2Block.csv,Josh3.mp4,Josh.JPG,Josh,46.0,M,Ethan,Brian,Brandon,Jacob,Jeremy,Josh,Matthew,Noah,Kyle,David,5.0,0.0,5.0,5.0,4.0,,,,,0.0,8.0,8.0,5.0,,,,,, josh,"['j', 'o', 's', 'h', 'return']","[1.6532433349930216, 1.759432692982955, 1.8668274439987727, 1.9599870739912149, 2.572770409984514]",1.0,1.0,2.7345340249885344,,,20,1,2020_Jan_17_1147,FaceNameBlocked_revised,3.0.0,75.03717849269133,,1.6532433
106,Male2Block.csv,Josh3.mp4,Josh.JPG,Josh,46.0,M,Ethan,Brian,Brandon,Jacob,Jeremy,Josh,Matthew,Noah,Kyle,David,5.0,0.0,5.0,5.0,4.0,0.0,5.0,5.0,5.0,,,,,,,0.0,,,,,,,,,,,20,1,2020_Jan_17_1147,FaceNameBlocked_revised,3.0.0,75.03717849269133,,NaN
65,Fem3Block.csv,Julia2.mp4,Julia.JPG,Julia,15.0,F,Katie,Grace,Emily,Taylor,Julia,Heather,Olivia,Jenna,Shelby,Courtney,4.0,0.0,3.0,3.0,2.0,0.0,4.0,4.0,4.0,,,,,,,1.0,,,,,,,,,,,20,1,2020_Jan_17_1147,FaceNameBlocked_revised,3.0.0,75.03717849269133,,NaN
72,Fem3Block.csv,Julia2.mp4,Julia.JPG,Julia,15.0,F,Katie,Grace,Emily,Taylor,Julia,Heather,Olivia,Jenna,Shelby,Courtney,4.0,0.0,3.0,3.0,2.0,,,,,0.0,1.0,1.0,4.0,,,,,, shel,"['t', 'backspace', 's', 'h', 'e', 'l']","[3.3216155330010224, 4.040801744005876, 8.02665122502367, 8.546481463999953, 9.610593557008542, 9.812790613010293]",2.0,2.0,4.879092754999874,,,20,1,2020_Jan_17_1147,FaceNameBlocked_revised,3.0.0,75.03717849269133,,3.3216155
14,Male3Block.csv,Justin2.mp4,Justin.JPG,Justin,47.0,M,Trevor,Justin,Nathan,Cody,Eric,Thomas,Tyler,Dylan,Steven,Timothy,1.0,0.0,0.0,0.0,5.0,,,,,0.0,3.0,3.0,1.0,,,,,, ,None,,5.0,2.0,6.1871836929931305,,,20,1,2020_Jan_17_1147,FaceNameBlocked_revised,3.0.0,75.03717849269133,,NaN
3,Male3Block.csv,Justin2.mp4,Justin.JPG,Justin,47.0,M,Trevor,Justin,Nathan,Cody,Eric,Thomas,Tyler,Dylan,Steven,Timothy,1.0,0.0,0.0,0.0,5.0,0.0,2.0,2.0,1.0,,,,,,,0.0,,,,,,,,,,,20,1,2020_Jan_17_1147,FaceNameBlocked_revised,3.0.0,75.03717849269133,,NaN
62,Fem3Block.csv,Katie2.mp4,Katie.JPG,Katie,16.0,F,Katie,Grace,Emily,Taylor,Julia,Heather,Olivia,Jenna,Shelby,Courtney,0.0,0.0,3.0,3.0,2.0,0.0,1.0,1.0,0.0,,,,,,,1.0,,,,,,,,,,,20,1,2020_Jan_17_1147,FaceNameBlocked_revised,3.0.0,75.03717849269133,,NaN
74,Fem3Block.csv,Katie2.mp4,Katie.JPG,Katie,16.0,F,Katie,Grace,Emily,Taylor,Julia,Heather,Olivia,Jenna,Shelby,Courtney,0.0,0.0,3.0,3.0,2.0,,,,,0.0,3.0,3.0,0.0,,,,,, kati,"['k', 'a', 't', 'i']","[5.173224476980977, 6.24019511899678, 8.119591444992693, 8.57311764699989]",1.0,1.0,4.6281139769998845,,,20,1,2020_Jan_17_1147,FaceNameBlocked_revised,3.0.0,75.03717849269133,,5.1732244
96,Fem1Block.csv,Kayla3.mp4,Kayla.JPG,Kayla,17.0,F,Natalie,Amanda,Danielle,Michelle,Hannah,Ashley,Brittany,Kayla,Sarah,Jessica,7.0,0.0,4.0,4.0,0.0,,,,,0.0,5.0,5.0,7.0,,,,,, kay,"['k', 'a', 'y', 'semicolon', 'a', 'backspace']","[7.894148796010995, 8.053832853009226, 8.213709607021883, 8.720204573008232, 8.853499477001606, 9.518877930007875]",4.0,1.0,2.2946089339966425,,,20,1,2020_Jan_17_1147,FaceNameBlocked_revised,3.0.0,75.03717849269133,,7.8941487
89,Fem1Block.csv,Kayla3.mp4,Kayla.JPG,Kayla,17.0,F,Natalie,Amanda,Danielle,Michelle,Hannah,Ashley,Brittany,Kayla,Sarah,Jessica,7.0,0.0,4.0,4.0,0.0,0.0,8.0,8.0,7.0,,,,,,,1.0,,,,,,,,,,,20,1,2020_Jan_17_1147,FaceNameBlocked_revised,3.0.0,75.03717849269133,,NaN
47,Fem2Block.csv,Kelsey2.mp4,Kelsey.JPG,Kelsey,18.0,F,Nicole,Rebecca,Kelsey,Alyssa,Lauren,Anna,Haley,Brianna,Megan,Rachel,2.0,0.0,2.0,2.0,1.0,0.0,6.0,6.0,2.0,,,,,,,1.0,,,,,,,,,,,20,1,2020_Jan_17_1147,FaceNameBlocked_revised,3.0.0,75.03717849269133,,NaN
52,Fem2Block.csv,Kelsey2.mp4,Kelsey.JPG,Kelsey,18.0,F,Nicole,Rebecca,Kelsey,Alyssa,Lauren,Anna,Haley,Brianna,Megan,Rachel,2.0,0.0,2.0,2.0,1.0,,,,,0.0,1.0,1.0,2.0,,,,,, kelsey,"['k', 'e', 'e', 'l', 'backspace', 'backspace', 'l', 's', 'e', 'y', 'return', 'return', 'return', 'return', 'return']","[2.441880684986245, 2.6281471459951717, 2.6951869250042364, 2.8400389879825525, 3.2813082539942116, 3.401053518988192, 3.5882765550049953, 3.761761954985559, 3.934829745994648, 4.0409954139904585, 4.507771916978527, 5.440543283999432, 6.639575057983166, 7.680114101996878, 9.199206380988471]",2.0,2.0,1.601606978016207,,,20,1,2020_Jan_17_1147,FaceNameBlocked_revised,3.0.0,75.03717849269133,,2.4418806
25,Male1Block.csv,Kevin2.mp4,Kevin.JPG,Kevin,48.0,M,Michael,Aaron,Caleb,Mark,Kevin,Bradley,Andrew,Adam,Jason,Daniel,4.0,0.0,1.0,1.0,3.0,0.0,4.0,4.0,4.0,,,,,,,1.0,,,,,,,,,,,20,1,2020_Jan_17_1147,FaceNameBlocked_revised,3.0.0,75.03717849269133,,NaN
39,Male1Block.csv,Kevin2.mp4,Kevin.JPG,Kevin,48.0,M,Michael,Aaron,Caleb,Mark,Kevin,Bradley,Andrew,Adam,Jason,Daniel,4.0,0.0,1.0,1.0,3.0,,,,,0.0,8.0,8.0,4.0,,,,,, kevin,"['k', 'e', 'v', 'i', 'n', 'return', 'return', 'return']","[1.8014367640134878, 1.9077885480073746, 2.041171860008035, 2.241171914996812, 2.347757575014839, 2.7336422330117784, 5.039878896001028, 6.959146209992468]",3.0,3.0,1.5614554680068975,,,20,1,2020_Jan_17_1147,FaceNameBlocked_revised,3.0.0,75.03717849269133,,1.8014367
118,Male2Block.csv,Kyle3.mp4,Kyle.JPG,Kyle,49.0,M,Ethan,Brian,Brandon,Jacob,Jeremy,Josh,Matthew,Noah,Kyle,David,8.0,0.0,5.0,5.0,4.0,,,,,0.0,7.0,7.0,8.0,,,,,, kyle,"['k', 'y', 'l', 'e']","[6.213171259005321, 6.5336431530013215, 6.8393284259946086, 7.4394312869990245]",5.0,5.0,2.6147710759832985,,,20,1,2020_Jan_17_1147,FaceNameBlocked_revised,3.0.0,75.03717849269133,,6.2131712
108,Male2Block.csv,Kyle3.mp4,Kyle.JPG,Kyle,49.0,M,Ethan,Brian,Brandon,Jacob,Jeremy,Josh,Matthew,Noah,Kyle,David,8.0,0.0,5.0,5.0,4.0,0.0,7.0,7.0,8.0,,,,,,,0.0,,,,,,,,,,,20,1,2020_Jan_17_1147,FaceNameBlocked_revised,3.0.0,75.03717849269133,,NaN
57,Fem2Block.csv,Lauren4.mp4,Lauren.JPG,Lauren,19.0,F,Nicole,Rebecca,Kelsey,Alyssa,Lauren,Anna,Haley,Brianna,Megan,Rachel,4.0,0.0,2.0,2.0,1.0,,,,,0.0,6.0,6.0,4.0,,,,,, rebecca,"['r', 'e', 'b', 'e', 'c', 'c', 'a', 'return']","[7.786170891020447, 7.946434468001826, 8.039881391014205, 8.173312699014787, 8.359982908004895, 8.519988980027847, 8.799739287002012, 9.279092488024617]",5.0,2.0,4.388075630005916,,,20,1,2020_Jan_17_1147,FaceNameBlocked_revised,3.0.0,75.03717849269133,,7.7861708
41,Fem2Block.csv,Lauren4.mp4,Lauren.JPG,Lauren,19.0,F,Nicole,Rebecca,Kelsey,Alyssa,Lauren,Anna,Haley,Brianna,Megan,Rachel,4.0,0.0,2.0,2.0,1.0,0.0,0.0,0.0,4.0,,,,,,,1.0,,,,,,,,,,,20,1,2020_Jan_17_1147,FaceNameBlocked_revised,3.0.0,75.03717849269133,,NaN
22,Male1Block.csv,Mark3.mp4,Mark.JPG,Mark,50.0,M,Michael,Aaron,Caleb,Mark,Kevin,Bradley,Andrew,Adam,Jason,Daniel,3.0,0.0,1.0,1.0,3.0,0.0,1.0,1.0,3.0,,,,,,,1.0,,,,,,,,,,,20,1,2020_Jan_17_1147,FaceNameBlocked_revised,3.0.0,75.03717849269133,,NaN
40,Male1Block.csv,Mark3.mp4,Mark.JPG,Mark,50.0,M,Michael,Aaron,Caleb,Mark,Kevin,Bradley,Andrew,Adam,Jason,Daniel,3.0,0.0,1.0,1.0,3.0,,,,,0.0,9.0,9.0,3.0,,,,,, thom,"['m', 'i', 'k', 'backspace', 'backspace', 'backspace', 't', 'h', 'o', 'm']","[2.2686987460183445, 2.7086035500105936, 2.9478051900223363, 3.8410975850129034, 4.027486890001455, 4.774303756013978, 6.454258457000833, 6.6805875950085465, 7.133815691020573, 7.5204207049973775]",5.0,5.0,6.200106456002686,,,20,1,2020_Jan_17_1147,FaceNameBlocked_revised,3.0.0,75.03717849269133,,2.2686987
114,Male2Block.csv,Matthew2.mp4,Matthew.JPG,Matthew,51.0,M,Ethan,Brian,Brandon,Jacob,Jeremy,Josh,Matthew,Noah,Kyle,David,6.0,0.0,5.0,5.0,4.0,,,,,0.0,3.0,3.0,6.0,,,,,, mathew,"['m', 'a', 't', 'h', 'e', 'w']","[4.734034901979612, 4.825216356985038, 5.040296983992448, 5.160219055978814, 5.5051559940038715, 5.8132802009931765]",2.0,2.0,2.1729983650147915,,,20,1,2020_Jan_17_1147,FaceNameBlocked_revised,3.0.0,75.03717849269133,,4.7340349
110,Male2Block.csv,Matthew2.mp4,Matthew.JPG,Matthew,51.0,M,Ethan,Brian,Brandon,Jacob,Jeremy,Josh,Matthew,Noah,Kyle,David,6.0,0.0,5.0,5.0,4.0,0.0,9.0,9.0,6.0,,,,,,,0.0,,,,,,,,,,,20,1,2020_Jan_17_1147,FaceNameBlocked_revised,3.0.0,75.03717849269133,,NaN
59,Fem2Block.csv,Megan2.mp4,Megan.JPG,Megan,20.0,F,Nicole,Rebecca,Kelsey,Alyssa,Lauren,Anna,Haley,Brianna,Megan,Rachel,8.0,0.0,2.0,2.0,1.0,,,,,0.0,8.0,8.0,8.0,,,,,, megan,"['m', 'e', 'g', 'a', 'n', 'return']","[1.6948636050219648, 1.774910517007811, 1.8950823660125025, 1.9993521900032647, 2.0941776859981474, 3.32020863800426]",4.0,4.0,1.6410166959976775,,,20,1,2020_Jan_17_1147,FaceNameBlocked_revised,3.0.0,75.03717849269133,,1.6948636
48,Fem2Block.csv,Megan2.mp4,Megan.JPG,Megan,20.0,F,Nicole,Rebecca,Kelsey,Alyssa,Lauren,Anna,Haley,Brianna,Megan,Rachel,8.0,0.0,2.0,2.0,1.0,0.0,7.0,7.0,8.0,,,,,,,0.0,,,,,,,,,,,20,1,2020_Jan_17_1147,FaceNameBlocked_revised,3.0.0,75.03717849269133,,NaN
33,Male1Block.csv,Michael2.mp4,Michael.JPG,Michael,52.0,M,Michael,Aaron,Caleb,Mark,Kevin,Bradley,Andrew,Adam,Jason,Daniel,0.0,0.0,1.0,1.0,3.0,,,,,0.0,2.0,2.0,0.0,,,,,, ,None,,4.0,1.0,5.213321693998296,,,20,1,2020_Jan_17_1147,FaceNameBlocked_revised,3.0.0,75.03717849269133,,NaN
21,Male1Block.csv,Michael2.mp4,Michael.JPG,Michael,52.0,M,Michael,Aaron,Caleb,Mark,Kevin,Bradley,Andrew,Adam,Jason,Daniel,0.0,0.0,1.0,1.0,3.0,0.0,0.0,0.0,0.0,,,,,,,1.0,,,,,,,,,,,20,1,2020_Jan_17_1147,FaceNameBlocked_revised,3.0.0,75.03717849269133,,NaN
85,Fem1Block.csv,Michelle2.mp4,Michelle.JPG,Michelle,21.0,F,Natalie,Amanda,Danielle,Michelle,Hannah,Ashley,Brittany,Kayla,Sarah,Jessica,3.0,0.0,4.0,4.0,0.0,0.0,4.0,4.0,3.0,,,,,,,1.0,,,,,,,,,,,20,1,2020_Jan_17_1147,FaceNameBlocked_revised,3.0.0,75.03717849269133,,NaN
99,Fem1Block.csv,Michelle2.mp4,Michelle.JPG,Michelle,21.0,F,Natalie,Amanda,Danielle,Michelle,Hannah,Ashley,Brittany,Kayla,Sarah,Jessica,3.0,0.0,4.0,4.0,0.0,,,,,0.0,8.0,8.0,3.0,,,,,, michelle,"['m', 'i', 'c', 'h', 'e', 'l', 'l', 'e', 'return', 'return']","[1.3614498650131281, 1.5216162049910054, 1.6259407220059074, 1.6815187460160814, 1.841309948998969, 1.9477350060187746, 2.161305916000856, 2.4677770679991227, 2.88037282199366, 6.639294746011728]",5.0,5.0,2.614386517001549,,,20,1,2020_Jan_17_1147,FaceNameBlocked_revised,3.0.0,75.03717849269133,,1.3614498
83,Fem1Block.csv,Natalie3.mp4,Natalie.JPG,Natalie,22.0,F,Natalie,Amanda,Danielle,Michelle,Hannah,Ashley,Brittany,Kayla,Sarah,Jessica,0.0,0.0,4.0,4.0,0.0,0.0,2.0,2.0,0.0,,,,,,,1.0,,,,,,,,,,,20,1,2020_Jan_17_1147,FaceNameBlocked_revised,3.0.0,75.03717849269133,,NaN
95,Fem1Block.csv,Natalie3.mp4,Natalie.JPG,Natalie,22.0,F,Natalie,Amanda,Danielle,Michelle,Hannah,Ashley,Brittany,Kayla,Sarah,Jessica,0.0,0.0,4.0,4.0,0.0,,,,,0.0,4.0,4.0,0.0,,,,,, jessica,"['j', 'e', 's', 's', 'i', 'c', 'a', 'return']","[2.9885854839812964, 3.1080626049952116, 3.308047714002896, 3.4013109609950334, 3.5081393779837526, 3.6410458629834466, 3.8680738209804986, 7.639332107006339]",2.0,4.0,3.7328607999952514,,,20,1,2020_Jan_17_1147,FaceNameBlocked_revised,3.0.0,75.03717849269133,,2.9885854
8,Male3Block.csv,Nathan3.mp4,Nathan.JPG,Nathan,53.0,M,Trevor,Justin,Nathan,Cody,Eric,Thomas,Tyler,Dylan,Steven,Timothy,2.0,0.0,0.0,0.0,5.0,0.0,7.0,7.0,2.0,,,,,,,1.0,,,,,,,,,,,20,1,2020_Jan_17_1147,FaceNameBlocked_revised,3.0.0,75.03717849269133,,NaN
11,Male3Block.csv,Nathan3.mp4,Nathan.JPG,Nathan,53.0,M,Trevor,Justin,Nathan,Cody,Eric,Thomas,Tyler,Dylan,Steven,Timothy,2.0,0.0,0.0,0.0,5.0,,,,,0.0,0.0,0.0,2.0,,,,space,23.994898201024622, nathan,"['n', 'a', 'backspace', 'backspace', 'capslock', 'n', 'capslock', 'backspace', 'n', 'a', 't', 'h', 'a', 'n', 'return']","[4.200743496010546, 4.560568078013603, 5.132929566025268, 5.292729035019875, 5.493464124010643, 5.560720335022779, 6.785547912004404, 7.359043431002647, 7.572476754023228, 8.439316398027586, 8.67912831401918, 8.78608472601627, 8.919296527019469, 9.0266387250158, 9.772056882007746]",4.0,4.0,12.11800704197958,,,20,1,2020_Jan_17_1147,FaceNameBlocked_revised,3.0.0,75.03717849269133,,4.2007434
50,Fem2Block.csv,Nicole2.mp4,Nicole.JPG,Nicole,23.0,F,Nicole,Rebecca,Kelsey,Alyssa,Lauren,Anna,Haley,Brianna,Megan,Rachel,0.0,0.0,2.0,2.0,1.0,0.0,9.0,9.0,0.0,,,,,,,1.0,,,,,,,,,,,20,1,2020_Jan_17_1147,FaceNameBlocked_revised,3.0.0,75.03717849269133,,NaN
54,Fem2Block.csv,Nicole2.mp4,Nicole.JPG,Nicole,23.0,F,Nicole,Rebecca,Kelsey,Alyssa,Lauren,Anna,Haley,Brianna,Megan,Rachel,0.0,0.0,2.0,2.0,1.0,,,,,0.0,3.0,3.0,0.0,,,,,, nicole,"['n', 'i', 'c', 'o', 'l', 'e', 'return', 'return', 'return']","[1.749023940996267, 2.0022456110164057, 2.2422508370073047, 2.346566520020133, 2.4822701700031757, 2.58844051300548, 2.9867238180013373, 4.62781424401328, 7.679592586995568]",1.0,1.0,1.5864916010177694,,,20,1,2020_Jan_17_1147,FaceNameBlocked_revised,3.0.0,75.03717849269133,,1.7490239
107,Male2Block.csv,Noah2.mp4,Noah.JPG,Noah,54.0,M,Ethan,Brian,Brandon,Jacob,Jeremy,Josh,Matthew,Noah,Kyle,David,7.0,0.0,5.0,5.0,4.0,0.0,6.0,6.0,7.0,,,,,,,1.0,,,,,,,,,,,20,1,2020_Jan_17_1147,FaceNameBlocked_revised,3.0.0,75.03717849269133,,NaN
117,Male2Block.csv,Noah2.mp4,Noah.JPG,Noah,54.0,M,Ethan,Brian,Brandon,Jacob,Jeremy,Josh,Matthew,Noah,Kyle,David,7.0,0.0,5.0,5.0,4.0,,,,,0.0,6.0,6.0,7.0,,,,,, noah,"['n', 'o', 'a', 'h', 'return']","[4.107493457006058, 4.201465165009722, 5.12038532900624, 5.320595750992652, 7.573041171010118]",2.0,2.0,1.3357818500080612,,,20,1,2020_Jan_17_1147,FaceNameBlocked_revised,3.0.0,75.03717849269133,,4.1074934
70,Fem3Block.csv,Olivia3.mp4,Olivia.JPG,Olivia,24.0,F,Katie,Grace,Emily,Taylor,Julia,Heather,Olivia,Jenna,Shelby,Courtney,6.0,0.0,3.0,3.0,2.0,0.0,9.0,9.0,6.0,,,,,,,0.0,,,,,,,,,,,20,1,2020_Jan_17_1147,FaceNameBlocked_revised,3.0.0,75.03717849269133,,NaN
80,Fem3Block.csv,Olivia3.mp4,Olivia.JPG,Olivia,24.0,F,Katie,Grace,Emily,Taylor,Julia,Heather,Olivia,Jenna,Shelby,Courtney,6.0,0.0,3.0,3.0,2.0,,,,,0.0,9.0,9.0,6.0,,,,,, olivia,"['p', 'backspace', 'o', 'l', 'i', 'v', 'i', 'a', 'return']","[1.095429918001173, 1.521641669998644, 1.6951227049867157, 1.8809615919890348, 2.0688805419777054, 2.6410068749974016, 2.73529926899937, 2.854929273977177, 3.306886131002102]",5.0,5.0,1.4820984920079354,,,20,1,2020_Jan_17_1147,FaceNameBlocked_revised,3.0.0,75.03717849269133,,1.0954299
42,Fem2Block.csv,Rachel3.mp4,Rachel.JPG,Rachel,25.0,F,Nicole,Rebecca,Kelsey,Alyssa,Lauren,Anna,Haley,Brianna,Megan,Rachel,9.0,0.0,2.0,2.0,1.0,0.0,1.0,1.0,9.0,,,,,,,0.0,,,,,,,,,,,20,1,2020_Jan_17_1147,FaceNameBlocked_revised,3.0.0,75.03717849269133,,NaN
51,Fem2Block.csv,Rachel3.mp4,Rachel.JPG,Rachel,25.0,F,Nicole,Rebecca,Kelsey,Alyssa,Lauren,Anna,Haley,Brianna,Megan,Rachel,9.0,0.0,2.0,2.0,1.0,,,,,0.0,0.0,0.0,9.0,,,,space,10.959134526987329, rachel,"['r', 'a', 'c', 'v', 'h', 'backspace', 'backspace', 'h', 'e', 'semicolon', 'l', 'return']","[3.026584966981318, 3.3198720529908314, 3.5612802589894272, 3.6395601419790182, 4.024817537982017, 4.159105302998796, 4.358977305993903, 4.505398514971603, 4.639231197972549, 5.3717035399749875, 5.784699700976489]",5.0,5.0,1.9352985320147127,,,20,1,2020_Jan_17_1147,FaceNameBlocked_revised,3.0.0,75.03717849269133,,3.0265849
49,Fem2Block.csv,Rebecca3.mp4,Rebecca.JPG,Rebecca,26.0,F,Nicole,Rebecca,Kelsey,Alyssa,Lauren,Anna,Haley,Brianna,Megan,Rachel,1.0,0.0,2.0,2.0,1.0,0.0,8.0,8.0,1.0,,,,,,,0.0,,,,,,,,,,,20,1,2020_Jan_17_1147,FaceNameBlocked_revised,3.0.0,75.03717849269133,,NaN
60,Fem2Block.csv,Rebecca3.mp4,Rebecca.JPG,Rebecca,26.0,F,Nicole,Rebecca,Kelsey,Alyssa,Lauren,Anna,Haley,Brianna,Megan,Rachel,1.0,0.0,2.0,2.0,1.0,,,,,0.0,9.0,9.0,1.0,,,,,, st,"['s', 't', 'w', 'backspace']","[6.786527975986246, 7.359788836009102, 8.918963278993033, 9.570669109991286]",1.0,1.0,7.294117808982263,,,20,1,2020_Jan_17_1147,FaceNameBlocked_revised,3.0.0,75.03717849269133,,6.7865279
92,Fem1Block.csv,Sarah2.mp4,Sarah.JPG,Sarah,27.0,F,Natalie,Amanda,Danielle,Michelle,Hannah,Ashley,Brittany,Kayla,Sarah,Jessica,8.0,0.0,4.0,4.0,0.0,,,,,0.0,1.0,1.0,8.0,,,,,, sara,"['a', 'backspace', 's', 'capslock', 'r', 'backspace', 'a', 'r', 'a', 'return']","[1.1222734329930972, 1.5214638320030645, 1.6829813689982984, 1.9872420559986494, 2.028673697001068, 2.442027571989456, 2.575421171000926, 3.1885612409969326, 3.295460611989256, 4.334520623990102]",4.0,4.0,1.894737725000596,,,20,1,2020_Jan_17_1147,FaceNameBlocked_revised,3.0.0,75.03717849269133,,1.1222734
90,Fem1Block.csv,Sarah2.mp4,Sarah.JPG,Sarah,27.0,F,Natalie,Amanda,Danielle,Michelle,Hannah,Ashley,Brittany,Kayla,Sarah,Jessica,8.0,0.0,4.0,4.0,0.0,0.0,9.0,9.0,8.0,,,,,,,0.0,,,,,,,,,,,20,1,2020_Jan_17_1147,FaceNameBlocked_revised,3.0.0,75.03717849269133,,NaN
61,Fem3Block.csv,Shelby2.mp4,Shelby.JPG,Shelby,28.0,F,Katie,Grace,Emily,Taylor,Julia,Heather,Olivia,Jenna,Shelby,Courtney,8.0,0.0,3.0,3.0,2.0,0.0,0.0,0.0,8.0,,,,,,,0.0,,,,,,,,,,,20,1,2020_Jan_17_1147,FaceNameBlocked_revised,3.0.0,75.03717849269133,,NaN
75,Fem3Block.csv,Shelby2.mp4,Shelby.JPG,Shelby,28.0,F,Katie,Grace,Emily,Taylor,Julia,Heather,Olivia,Jenna,Shelby,Courtney,8.0,0.0,3.0,3.0,2.0,,,,,0.0,4.0,4.0,8.0,,,,,, shelby,"['s', 'h', 'e', 'l', 'b', 'y', 'return']","[2.8144547019910533, 2.9743267619924154, 3.120336388994474, 3.2401170750090387, 3.4941332270100247, 3.7073614840046503, 4.119640010991134]",2.0,2.0,1.4954047210048884,,,20,1,2020_Jan_17_1147,FaceNameBlocked_revised,3.0.0,75.03717849269133,,2.8144547
7,Male3Block.csv,Steven2.mp4,Steven.JPG,Steven,55.0,M,Trevor,Justin,Nathan,Cody,Eric,Thomas,Tyler,Dylan,Steven,Timothy,8.0,0.0,0.0,0.0,5.0,0.0,6.0,6.0,8.0,,,,,,,0.0,,,,,,,,,,,20,1,2020_Jan_17_1147,FaceNameBlocked_revised,3.0.0,75.03717849269133,,NaN
19,Male3Block.csv,Steven2.mp4,Steven.JPG,Steven,55.0,M,Trevor,Justin,Nathan,Cody,Eric,Thomas,Tyler,Dylan,Steven,Timothy,8.0,0.0,0.0,0.0,5.0,,,,,0.0,8.0,8.0,8.0,,,,,, dylan,"['d', 'y', 'l', 'a', 'n', 'return', 'return']","[2.7751740780076943, 2.9881759790005162, 3.161629042995628, 3.2553661330020986, 3.3490342769946437, 3.9347302929963917, 7.146221864008112]",1.0,1.0,3.4952240910206456,,,20,1,2020_Jan_17_1147,FaceNameBlocked_revised,3.0.0,75.03717849269133,,2.7751740
69,Fem3Block.csv,Taylor4.mp4,Taylor.JPG,Taylor,29.0,F,Katie,Grace,Emily,Taylor,Julia,Heather,Olivia,Jenna,Shelby,Courtney,3.0,0.0,3.0,3.0,2.0,0.0,8.0,8.0,3.0,,,,,,,1.0,,,,,,,,,,,20,1,2020_Jan_17_1147,FaceNameBlocked_revised,3.0.0,75.03717849269133,,NaN
71,Fem3Block.csv,Taylor4.mp4,Taylor.JPG,Taylor,29.0,F,Katie,Grace,Emily,Taylor,Julia,Heather,Olivia,Jenna,Shelby,Courtney,3.0,0.0,3.0,3.0,2.0,,,,,0.0,0.0,0.0,3.0,,,,space,2.880985868017888, taylor,"['t', 'lshift', 'y', 'backspace', 'a', 'y', 'l', 'o', 'r', 'return', 'return']","[1.375339056015946, 1.5868810980173294, 1.69528150401311, 2.214622266998049, 3.081401810020907, 3.188141104998067, 3.4011327199987136, 3.5863298250187654, 3.8946637790068053, 4.280179924011463, 6.319843528006459]",2.0,2.0,3.628447645984125,,,20,1,2020_Jan_17_1147,FaceNameBlocked_revised,3.0.0,75.03717849269133,,1.3753390
15,Male3Block.csv,Thomas2.mp4,Thomas.JPG,Thomas,56.0,M,Trevor,Justin,Nathan,Cody,Eric,Thomas,Tyler,Dylan,Steven,Timothy,5.0,0.0,0.0,0.0,5.0,,,,,0.0,4.0,4.0,5.0,,,,,, cody,"['c', 'o', 'd', 'y', 'return', 'return']","[4.868107507005334, 5.027917645988055, 5.400597246014513, 5.50798299399321, 5.787184123008046, 9.145406917989021]",5.0,5.0,6.838042413990478,,,20,1,2020_Jan_17_1147,FaceNameBlocked_revised,3.0.0,75.03717849269133,,4.8681075
4,Male3Block.csv,Thomas2.mp4,Thomas.JPG,Thomas,56.0,M,Trevor,Justin,Nathan,Cody,Eric,Thomas,Tyler,Dylan,Steven,Timothy,5.0,0.0,0.0,0.0,5.0,0.0,3.0,3.0,5.0,,,,,,,0.0,,,,,,,,,,,20,1,2020_Jan_17_1147,FaceNameBlocked_revised,3.0.0,75.03717849269133,,NaN
16,Male3Block.csv,Timothy3.mp4,Timothy.JPG,Timothy,57.0,M,Trevor,Justin,Nathan,Cody,Eric,Thomas,Tyler,Dylan,Steven,Timothy,9.0,0.0,0.0,0.0,5.0,,,,,0.0,5.0,5.0,9.0,,,,,, timo,"['t', 'backspace', 't', 'i', 'm', 'o']","[4.481350338988705, 5.6398213479842525, 8.679911389976041, 8.904904495982919, 9.03985245997319, 9.626462432992412]",5.0,1.0,5.3615693539904905,,,20,1,2020_Jan_17_1147,FaceNameBlocked_revised,3.0.0,75.03717849269133,,4.4813503
5,Male3Block.csv,Timothy3.mp4,Timothy.JPG,Timothy,57.0,M,Trevor,Justin,Nathan,Cody,Eric,Thomas,Tyler,Dylan,Steven,Timothy,9.0,0.0,0.0,0.0,5.0,0.0,4.0,4.0,9.0,,,,,,,0.0,,,,,,,,,,,20,1,2020_Jan_17_1147,FaceNameBlocked_revised,3.0.0,75.03717849269133,,NaN
18,Male3Block.csv,Trevor2.mp4,Trevor.JPG,Trevor,58.0,M,Trevor,Justin,Nathan,Cody,Eric,Thomas,Tyler,Dylan,Steven,Timothy,0.0,0.0,0.0,0.0,5.0,,,,,0.0,7.0,7.0,0.0,,,,,, trevor,"['t', 'r', 'e', 'b', 'backspace', 'o', 'backspace', 'v', 'o', 'r', 'return', 'return', 'return']","[2.468188627011841, 2.6010277350142132, 2.787985782022588, 2.9474766200000886, 3.2791955930006225, 3.534434728004271, 3.8936815909983125, 4.147627387021203, 4.267432538996218, 4.387437006022083, 4.826628629001789, 7.172490427008597, 9.651976317021763]",1.0,1.0,1.8819353730068544,,,20,1,2020_Jan_17_1147,FaceNameBlocked_revised,3.0.0,75.03717849269133,,2.4681886
9,Male3Block.csv,Trevor2.mp4,Trevor.JPG,Trevor,58.0,M,Trevor,Justin,Nathan,Cody,Eric,Thomas,Tyler,Dylan,Steven,Timothy,0.0,0.0,0.0,0.0,5.0,0.0,8.0,8.0,0.0,,,,,,,1.0,,,,,,,,,,,20,1,2020_Jan_17_1147,FaceNameBlocked_revised,3.0.0,75.03717849269133,,NaN
10,Male3Block.csv,Tyler3.mp4,Tyler.JPG,Tyler,59.0,M,Trevor,Justin,Nathan,Cody,Eric,Thomas,Tyler,Dylan,Steven,Timothy,6.0,0.0,0.0,0.0,5.0,0.0,9.0,9.0,6.0,,,,,,,0.0,,,,,,,,,,,20,1,2020_Jan_17_1147,FaceNameBlocked_revised,3.0.0,75.03717849269133,,NaN
12,Male3Block.csv,Tyler3.mp4,Tyler.JPG,Tyler,59.0,M,Trevor,Justin,Nathan,Cody,Eric,Thomas,Tyler,Dylan,Steven,Timothy,6.0,0.0,0.0,0.0,5.0,,,,,0.0,1.0,1.0,6.0,,,,,, tyler,"['t', 'y', 'l', 'e', 'r', 'return', 'return']","[6.533751953014871, 6.680960091005545, 7.40042791000451, 7.559225255012279, 7.679350823018467, 7.838716130994726, 9.838967752992176]",3.0,3.0,6.027426946995548,,,20,1,2020_Jan_17_1147,FaceNameBlocked_revised,3.0.0,75.03717849269133,,6.5337519
0,,,,,,,,,,,,,,,,,,,,,,,,,,,,,,space,4355.304113244027,,,,,,,,,,,,20,1,2020_Jan_17_1147,FaceNameBlocked_revised,3.0.0,75.03717849269133,,NaN
121,,,,,,,,,,,,,,,,,,,,,,,,,,,,,,,,,,,,,,,,,space,4.7604996410082085,20,1,2020_Jan_17_1147,FaceNameBlocked_revised,3.0.0,75.03717849269133,,NaN
