,condsBlockFile,Video,Photo,Name,Row,Gender,N1,N2,N3,N4,N5,N6,N7,N8,N9,N10,Row2,blocks.thisRepN,blocks.thisTrialN,blocks.thisN,blocks.thisIndex,presentations.thisRepN,presentations.thisTrialN,presentations.thisN,presentations.thisIndex,testing.thisRepN,testing.thisTrialN,testing.thisN,testing.thisIndex,advance_1.keys,advance_1.rt,currentCond,advance_2.keys,advance_2.rt,inputText,key_resp_3.keys,key_resp_3.rt,correctRecogSelection,keyResponse.keys,keyResponse.rt,end_key.keys,end_key.rt,participant,session,date,expName,psychopyVersion,frameRate,Unnamed: 48,key_resp3_fin
47,Male1Block.csv,Aaron2.mp4,Aaron.JPG,Aaron,30.0,M,Caleb,Ethan,Jason,Trevor,Brandon,Michael,Andrew,Jeremy,Kevin,Aaron,9.0,0.0,2.0,2.0,3.0,0.0,6.0,6.0,9.0,,,,,,,1.0,,,,,,,,,,,22,1,2020_Jan_20_1004,FaceNameBlocked_revised,3.0.0,74.97453544048336,,NaN
57,Male1Block.csv,Aaron2.mp4,Aaron.JPG,Aaron,30.0,M,Caleb,Ethan,Jason,Trevor,Brandon,Michael,Andrew,Jeremy,Kevin,Aaron,9.0,0.0,2.0,2.0,3.0,,,,,0.0,6.0,6.0,9.0,,,,,, ,None,,2.0,3.0,4.175029463018291,,,22,1,2020_Jan_20_1004,FaceNameBlocked_revised,3.0.0,74.97453544048336,,NaN
100,Male2Block.csv,Adam4.mp4,Adam.JPG,Adam,31.0,M,Brian,Adam,Steven,Nathan,Daniel,Mark,Jacob,Bradley,David,Noah,1.0,0.0,4.0,4.0,4.0,,,,,0.0,9.0,9.0,1.0,,,,,, ,None,,1.0,2.0,3.4398946999572217,,,22,1,2020_Jan_20_1004,FaceNameBlocked_revised,3.0.0,74.97453544048336,,NaN
86,Male2Block.csv,Adam4.mp4,Adam.JPG,Adam,31.0,M,Brian,Adam,Steven,Nathan,Daniel,Mark,Jacob,Bradley,David,Noah,1.0,0.0,4.0,4.0,4.0,0.0,5.0,5.0,1.0,,,,,,,0.0,,,,,,,,,,,22,1,2020_Jan_20_1004,FaceNameBlocked_revised,3.0.0,74.97453544048336,,NaN
39,Fem2Block.csv,Alyssa3.mp4,Alyssa.JPG,Alyssa,0.0,F,Shelby,Rebecca,Amanda,Danielle,Anna,Jenna,Brianna,Alyssa,Kelsey,Grace,7.0,0.0,1.0,1.0,1.0,,,,,0.0,8.0,8.0,7.0,,,,,, ,None,,5.0,1.0,5.747251747001427,,,22,1,2020_Jan_20_1004,FaceNameBlocked_revised,3.0.0,74.97453544048336,,NaN
26,Fem2Block.csv,Alyssa3.mp4,Alyssa.JPG,Alyssa,0.0,F,Shelby,Rebecca,Amanda,Danielle,Anna,Jenna,Brianna,Alyssa,Kelsey,Grace,7.0,0.0,1.0,1.0,1.0,0.0,5.0,5.0,7.0,,,,,,,0.0,,,,,,,,,,,22,1,2020_Jan_20_1004,FaceNameBlocked_revised,3.0.0,74.97453544048336,,NaN
38,Fem2Block.csv,Amanda3.mp4,Amanda.JPG,Amanda,1.0,F,Shelby,Rebecca,Amanda,Danielle,Anna,Jenna,Brianna,Alyssa,Kelsey,Grace,2.0,0.0,1.0,1.0,1.0,,,,,0.0,7.0,7.0,2.0,,,,,, Amanda,"['rshift', 'a', 'm', 'a', 'n', 'd', 'a']","[1.7059967190143652, 1.961272735032253, 2.268072545994073, 2.520918158988934, 2.721263636020012, 2.8813051740289666, 3.0673985790344886]",5.0,5.0,2.8791501250234437,,,22,1,2020_Jan_20_1004,FaceNameBlocked_revised,3.0.0,74.97453544048336,,1.7059967
25,Fem2Block.csv,Amanda3.mp4,Amanda.JPG,Amanda,1.0,F,Shelby,Rebecca,Amanda,Danielle,Anna,Jenna,Brianna,Alyssa,Kelsey,Grace,2.0,0.0,1.0,1.0,1.0,0.0,4.0,4.0,2.0,,,,,,,0.0,,,,,,,,,,,22,1,2020_Jan_20_1004,FaceNameBlocked_revised,3.0.0,74.97453544048336,,NaN
41,Male1Block.csv,Andrew2.mp4,Andrew.JPG,Andrew,32.0,M,Caleb,Ethan,Jason,Trevor,Brandon,Michael,Andrew,Jeremy,Kevin,Aaron,6.0,0.0,2.0,2.0,3.0,0.0,0.0,0.0,6.0,,,,,,,1.0,,,,,,,,,,,22,1,2020_Jan_20_1004,FaceNameBlocked_revised,3.0.0,74.97453544048336,,NaN
56,Male1Block.csv,Andrew2.mp4,Andrew.JPG,Andrew,32.0,M,Caleb,Ethan,Jason,Trevor,Brandon,Michael,Andrew,Jeremy,Kevin,Aaron,6.0,0.0,2.0,2.0,3.0,,,,,0.0,5.0,5.0,6.0,,,,,, Brandon,"['rshift', 'b', 'r', 'a', 'n', 'd', 'o', 'n']","[5.972906860988587, 6.158086711016949, 6.653539875987917, 6.670001186023001, 6.880157817038707, 7.159959596989211, 7.266762449988164, 7.386162907001562]",3.0,5.0,2.17560533399228,,,22,1,2020_Jan_20_1004,FaceNameBlocked_revised,3.0.0,74.97453544048336,,5.9729068
32,Fem2Block.csv,Anna3.mp4,Anna.JPG,Anna,2.0,F,Shelby,Rebecca,Amanda,Danielle,Anna,Jenna,Brianna,Alyssa,Kelsey,Grace,4.0,0.0,1.0,1.0,1.0,,,,,0.0,1.0,1.0,4.0,,,,,, ,None,,3.0,4.0,6.105186673987192,,,22,1,2020_Jan_20_1004,FaceNameBlocked_revised,3.0.0,74.97453544048336,,NaN
24,Fem2Block.csv,Anna3.mp4,Anna.JPG,Anna,2.0,F,Shelby,Rebecca,Amanda,Danielle,Anna,Jenna,Brianna,Alyssa,Kelsey,Grace,4.0,0.0,1.0,1.0,1.0,0.0,3.0,3.0,4.0,,,,,,,0.0,,,,,,,,,,,22,1,2020_Jan_20_1004,FaceNameBlocked_revised,3.0.0,74.97453544048336,,NaN
15,Fem3Block.csv,Ashley3.mp4,Ashley.JPG,Ashley,3.0,F,Courtney,Natalie,Hannah,Jessica,Ashley,Haley,Nicole,Heather,Michelle,Rachel,4.0,0.0,0.0,0.0,2.0,,,,,0.0,4.0,4.0,4.0,,,,,, ,None,,2.0,1.0,6.81073462695349,,,22,1,2020_Jan_20_1004,FaceNameBlocked_revised,3.0.0,74.97453544048336,,NaN
1,Fem3Block.csv,Ashley3.mp4,Ashley.JPG,Ashley,3.0,F,Courtney,Natalie,Hannah,Jessica,Ashley,Haley,Nicole,Heather,Michelle,Rachel,4.0,0.0,0.0,0.0,2.0,0.0,0.0,0.0,4.0,,,,,,,0.0,,,,,,,,,,,22,1,2020_Jan_20_1004,FaceNameBlocked_revised,3.0.0,74.97453544048336,,NaN
83,Male2Block.csv,Bradley3.mp4,Bradley.JPG,Bradley,33.0,M,Brian,Adam,Steven,Nathan,Daniel,Mark,Jacob,Bradley,David,Noah,7.0,0.0,4.0,4.0,4.0,0.0,2.0,2.0,7.0,,,,,,,0.0,,,,,,,,,,,22,1,2020_Jan_20_1004,FaceNameBlocked_revised,3.0.0,74.97453544048336,,NaN
98,Male2Block.csv,Bradley3.mp4,Bradley.JPG,Bradley,33.0,M,Brian,Adam,Steven,Nathan,Daniel,Mark,Jacob,Bradley,David,Noah,7.0,0.0,4.0,4.0,4.0,,,,,0.0,7.0,7.0,7.0,,,,,, ,None,,2.0,4.0,4.2256461679935455,,,22,1,2020_Jan_20_1004,FaceNameBlocked_revised,3.0.0,74.97453544048336,,NaN
48,Male1Block.csv,Brandon2.mp4,Brandon.JPG,Brandon,34.0,M,Caleb,Ethan,Jason,Trevor,Brandon,Michael,Andrew,Jeremy,Kevin,Aaron,4.0,0.0,2.0,2.0,3.0,0.0,7.0,7.0,4.0,,,,,,,0.0,,,,,,,,,,,22,1,2020_Jan_20_1004,FaceNameBlocked_revised,3.0.0,74.97453544048336,,NaN
55,Male1Block.csv,Brandon2.mp4,Brandon.JPG,Brandon,34.0,M,Caleb,Ethan,Jason,Trevor,Brandon,Michael,Andrew,Jeremy,Kevin,Aaron,4.0,0.0,2.0,2.0,3.0,,,,,0.0,4.0,4.0,4.0,,,,,, Caleb,"['rshift', 'c', 'a', 'l', 'e', 'b']","[4.2111020990414545, 4.479589420021512, 5.14555289898999, 5.34526802401524, 5.598275274038315, 5.865253503026906]",1.0,5.0,5.236665708012879,,,22,1,2020_Jan_20_1004,FaceNameBlocked_revised,3.0.0,74.97453544048336,,4.2111020
81,Male2Block.csv,Brian2.mp4,Brian.JPG,Brian,35.0,M,Brian,Adam,Steven,Nathan,Daniel,Mark,Jacob,Bradley,David,Noah,0.0,0.0,4.0,4.0,4.0,0.0,0.0,0.0,0.0,,,,,,,1.0,,,,,,,,,,,22,1,2020_Jan_20_1004,FaceNameBlocked_revised,3.0.0,74.97453544048336,,NaN
97,Male2Block.csv,Brian2.mp4,Brian.JPG,Brian,35.0,M,Brian,Adam,Steven,Nathan,Daniel,Mark,Jacob,Bradley,David,Noah,0.0,0.0,4.0,4.0,4.0,,,,,0.0,6.0,6.0,0.0,,,,,, ,None,,1.0,3.0,5.133865971001796,,,22,1,2020_Jan_20_1004,FaceNameBlocked_revised,3.0.0,74.97453544048336,,NaN
21,Fem2Block.csv,Brianna2.mp4,Brianna.JPG,Brianna,4.0,F,Shelby,Rebecca,Amanda,Danielle,Anna,Jenna,Brianna,Alyssa,Kelsey,Grace,6.0,0.0,1.0,1.0,1.0,0.0,0.0,0.0,6.0,,,,,,,1.0,,,,,,,,,,,22,1,2020_Jan_20_1004,FaceNameBlocked_revised,3.0.0,74.97453544048336,,NaN
31,Fem2Block.csv,Brianna2.mp4,Brianna.JPG,Brianna,4.0,F,Shelby,Rebecca,Amanda,Danielle,Anna,Jenna,Brianna,Alyssa,Kelsey,Grace,6.0,0.0,1.0,1.0,1.0,,,,,0.0,0.0,0.0,6.0,,,,space,3.9085364210186526, ,None,,4.0,1.0,6.027512435975949,,,22,1,2020_Jan_20_1004,FaceNameBlocked_revised,3.0.0,74.97453544048336,,NaN
61,Fem1Block.csv,Brittany2.mp4,Brittany.JPG,Brittany,5.0,F,Julia,Kayla,Olivia,Emily,Taylor,Megan,Lauren,Sarah,Katie,Brittany,9.0,0.0,3.0,3.0,0.0,0.0,0.0,0.0,9.0,,,,,,,1.0,,,,,,,,,,,22,1,2020_Jan_20_1004,FaceNameBlocked_revised,3.0.0,74.97453544048336,,NaN
73,Fem1Block.csv,Brittany2.mp4,Brittany.JPG,Brittany,5.0,F,Julia,Kayla,Olivia,Emily,Taylor,Megan,Lauren,Sarah,Katie,Brittany,9.0,0.0,3.0,3.0,0.0,,,,,0.0,2.0,2.0,9.0,,,,,, Brittany,"['rshift', 'b', 'r', 'i', 't', 't', 'a', 'n', 'y']","[1.3067434360273182, 1.5750170780229382, 2.0416405490250327, 2.241629598021973, 2.4944370390148833, 2.69414618704468, 2.8940759940305725, 3.0145089860307053, 3.347823870019056]",4.0,4.0,2.0792164119775407,,,22,1,2020_Jan_20_1004,FaceNameBlocked_revised,3.0.0,74.97453544048336,,1.3067434
58,Male1Block.csv,Caleb5.mp4,Caleb.JPG,Caleb,36.0,M,Caleb,Ethan,Jason,Trevor,Brandon,Michael,Andrew,Jeremy,Kevin,Aaron,0.0,0.0,2.0,2.0,3.0,,,,,0.0,7.0,7.0,0.0,,,,,, Trevor,"['rshift', 't', 'r', 'e', 'v', 'o', 'r']","[4.853077056992333, 5.147844824998174, 5.614279855974019, 5.827436386956833, 6.426927849010099, 6.9070618620025925, 7.107100182969589]",3.0,4.0,3.652570386999287,,,22,1,2020_Jan_20_1004,FaceNameBlocked_revised,3.0.0,74.97453544048336,,4.8530770
44,Male1Block.csv,Caleb5.mp4,Caleb.JPG,Caleb,36.0,M,Caleb,Ethan,Jason,Trevor,Brandon,Michael,Andrew,Jeremy,Kevin,Aaron,0.0,0.0,2.0,2.0,3.0,0.0,3.0,3.0,0.0,,,,,,,1.0,,,,,,,,,,,22,1,2020_Jan_20_1004,FaceNameBlocked_revised,3.0.0,74.97453544048336,,NaN
113,Male3Block.csv,Cody2.mp4,Cody.JPG,Cody,37.0,M,Josh,Matthew,Tyler,Kyle,Justin,Dylan,Thomas,Timothy,Cody,Eric,8.0,0.0,5.0,5.0,5.0,,,,,0.0,2.0,2.0,8.0,,,,,, ,None,,2.0,1.0,4.814907313033473,,,22,1,2020_Jan_20_1004,FaceNameBlocked_revised,3.0.0,74.97453544048336,,NaN
102,Male3Block.csv,Cody2.mp4,Cody.JPG,Cody,37.0,M,Josh,Matthew,Tyler,Kyle,Justin,Dylan,Thomas,Timothy,Cody,Eric,8.0,0.0,5.0,5.0,5.0,0.0,1.0,1.0,8.0,,,,,,,1.0,,,,,,,,,,,22,1,2020_Jan_20_1004,FaceNameBlocked_revised,3.0.0,74.97453544048336,,NaN
10,Fem3Block.csv,Courtney2.mp4,Courtney.JPG,Courtney,6.0,F,Courtney,Natalie,Hannah,Jessica,Ashley,Haley,Nicole,Heather,Michelle,Rachel,0.0,0.0,0.0,0.0,2.0,0.0,9.0,9.0,0.0,,,,,,,1.0,,,,,,,,,,,22,1,2020_Jan_20_1004,FaceNameBlocked_revised,3.0.0,74.97453544048336,,NaN
12,Fem3Block.csv,Courtney2.mp4,Courtney.JPG,Courtney,6.0,F,Courtney,Natalie,Hannah,Jessica,Ashley,Haley,Nicole,Heather,Michelle,Rachel,0.0,0.0,0.0,0.0,2.0,,,,,0.0,1.0,1.0,0.0,,,,,, Hannah,"['lshift', 'h', 'a', 'n', 'n', 'a', 'h', 'return']","[1.5073911730432883, 1.7075657970272005, 2.0014707800000906, 2.214811444049701, 2.3612879430293106, 2.521000378008466, 2.747527177038137, 5.319784775027074]",5.0,4.0,2.215260495024268,,,22,1,2020_Jan_20_1004,FaceNameBlocked_revised,3.0.0,74.97453544048336,,1.5073911
94,Male2Block.csv,Daniel3.mp4,Daniel.JPG,Daniel,38.0,M,Brian,Adam,Steven,Nathan,Daniel,Mark,Jacob,Bradley,David,Noah,4.0,0.0,4.0,4.0,4.0,,,,,0.0,3.0,3.0,4.0,,,,,, ,None,,3.0,3.0,5.960293370997532,,,22,1,2020_Jan_20_1004,FaceNameBlocked_revised,3.0.0,74.97453544048336,,NaN
82,Male2Block.csv,Daniel3.mp4,Daniel.JPG,Daniel,38.0,M,Brian,Adam,Steven,Nathan,Daniel,Mark,Jacob,Bradley,David,Noah,4.0,0.0,4.0,4.0,4.0,0.0,1.0,1.0,4.0,,,,,,,0.0,,,,,,,,,,,22,1,2020_Jan_20_1004,FaceNameBlocked_revised,3.0.0,74.97453544048336,,NaN
22,Fem2Block.csv,Danielle2.mp4,Danielle.JPG,Danielle,7.0,F,Shelby,Rebecca,Amanda,Danielle,Anna,Jenna,Brianna,Alyssa,Kelsey,Grace,3.0,0.0,1.0,1.0,1.0,0.0,1.0,1.0,3.0,,,,,,,0.0,,,,,,,,,,,22,1,2020_Jan_20_1004,FaceNameBlocked_revised,3.0.0,74.97453544048336,,NaN
33,Fem2Block.csv,Danielle2.mp4,Danielle.JPG,Danielle,7.0,F,Shelby,Rebecca,Amanda,Danielle,Anna,Jenna,Brianna,Alyssa,Kelsey,Grace,3.0,0.0,1.0,1.0,1.0,,,,,0.0,2.0,2.0,3.0,,,,,, Brianna,"['b', 'backspace', 'rshift', 'b', 'r', 'i', 'a', 'n', 'n', 'a']","[4.694906531018205, 5.294032822013833, 5.639698143990245, 5.773807655030396, 6.480979842017405, 6.694191630987916, 6.947318786988035, 7.120841110998299, 7.319630007026717, 7.506803889002185]",3.0,4.0,6.640819702995942,,,22,1,2020_Jan_20_1004,FaceNameBlocked_revised,3.0.0,74.97453544048336,,4.6949065
96,Male2Block.csv,David2.mp4,David.JPG,David,39.0,M,Brian,Adam,Steven,Nathan,Daniel,Mark,Jacob,Bradley,David,Noah,8.0,0.0,4.0,4.0,4.0,,,,,0.0,5.0,5.0,8.0,,,,,, ,None,,4.0,1.0,4.707884128030856,,,22,1,2020_Jan_20_1004,FaceNameBlocked_revised,3.0.0,74.97453544048336,,NaN
88,Male2Block.csv,David2.mp4,David.JPG,David,39.0,M,Brian,Adam,Steven,Nathan,Daniel,Mark,Jacob,Bradley,David,Noah,8.0,0.0,4.0,4.0,4.0,0.0,7.0,7.0,8.0,,,,,,,1.0,,,,,,,,,,,22,1,2020_Jan_20_1004,FaceNameBlocked_revised,3.0.0,74.97453544048336,,NaN
116,Male3Block.csv,Dylan3.mp4,Dylan.JPG,Dylan,40.0,M,Josh,Matthew,Tyler,Kyle,Justin,Dylan,Thomas,Timothy,Cody,Eric,5.0,0.0,5.0,5.0,5.0,,,,,0.0,5.0,5.0,5.0,,,,,, Dylan,"['rshift', 'd', 'y', 'k', 'backspace', 'l', 'a', 'n']","[3.0134136540000327, 3.239362994034309, 3.667994248040486, 3.8138981009833515, 4.319525880040601, 4.918989725003485, 5.094199014012702, 5.200187093985733]",4.0,4.0,2.387524437974207,,,22,1,2020_Jan_20_1004,FaceNameBlocked_revised,3.0.0,74.97453544048336,,3.0134136
101,Male3Block.csv,Dylan3.mp4,Dylan.JPG,Dylan,40.0,M,Josh,Matthew,Tyler,Kyle,Justin,Dylan,Thomas,Timothy,Cody,Eric,5.0,0.0,5.0,5.0,5.0,0.0,0.0,0.0,5.0,,,,,,,1.0,,,,,,,,,,,22,1,2020_Jan_20_1004,FaceNameBlocked_revised,3.0.0,74.97453544048336,,NaN
63,Fem1Block.csv,Emily5.mp4,Emily.JPG,Emily,8.0,F,Julia,Kayla,Olivia,Emily,Taylor,Megan,Lauren,Sarah,Katie,Brittany,3.0,0.0,3.0,3.0,0.0,0.0,2.0,2.0,3.0,,,,,,,0.0,,,,,,,,,,,22,1,2020_Jan_20_1004,FaceNameBlocked_revised,3.0.0,74.97453544048336,,NaN
79,Fem1Block.csv,Emily5.mp4,Emily.JPG,Emily,8.0,F,Julia,Kayla,Olivia,Emily,Taylor,Megan,Lauren,Sarah,Katie,Brittany,3.0,0.0,3.0,3.0,0.0,,,,,0.0,8.0,8.0,3.0,,,,,, ,None,,2.0,2.0,6.440289376012514,,,22,1,2020_Jan_20_1004,FaceNameBlocked_revised,3.0.0,74.97453544048336,,NaN
104,Male3Block.csv,Eric2.mp4,Eric.JPG,Eric,41.0,M,Josh,Matthew,Tyler,Kyle,Justin,Dylan,Thomas,Timothy,Cody,Eric,9.0,0.0,5.0,5.0,5.0,0.0,3.0,3.0,9.0,,,,,,,1.0,,,,,,,,,,,22,1,2020_Jan_20_1004,FaceNameBlocked_revised,3.0.0,74.97453544048336,,NaN
120,Male3Block.csv,Eric2.mp4,Eric.JPG,Eric,41.0,M,Josh,Matthew,Tyler,Kyle,Justin,Dylan,Thomas,Timothy,Cody,Eric,9.0,0.0,5.0,5.0,5.0,,,,,0.0,9.0,9.0,9.0,,,,,, ,None,,4.0,2.0,3.85419602697948,,,22,1,2020_Jan_20_1004,FaceNameBlocked_revised,3.0.0,74.97453544048336,,NaN
54,Male1Block.csv,Ethan2.mp4,Ethan.JPG,Ethan,42.0,M,Caleb,Ethan,Jason,Trevor,Brandon,Michael,Andrew,Jeremy,Kevin,Aaron,1.0,0.0,2.0,2.0,3.0,,,,,0.0,3.0,3.0,1.0,,,,,, Brandon,"['rshift', 'b', 'r', 'a', 'n', 'd', 'o', 'n']","[3.892548074014485, 4.707575673004612, 5.133976775978226, 5.238893778005149, 5.374008217011578, 5.9981740830116905, 6.147748066985514, 6.333589433983434]",5.0,5.0,6.519823205017018,,,22,1,2020_Jan_20_1004,FaceNameBlocked_revised,3.0.0,74.97453544048336,,3.8925480
46,Male1Block.csv,Ethan2.mp4,Ethan.JPG,Ethan,42.0,M,Caleb,Ethan,Jason,Trevor,Brandon,Michael,Andrew,Jeremy,Kevin,Aaron,1.0,0.0,2.0,2.0,3.0,0.0,5.0,5.0,1.0,,,,,,,0.0,,,,,,,,,,,22,1,2020_Jan_20_1004,FaceNameBlocked_revised,3.0.0,74.97453544048336,,NaN
29,Fem2Block.csv,Grace3.mp4,Grace.JPG,Grace,9.0,F,Shelby,Rebecca,Amanda,Danielle,Anna,Jenna,Brianna,Alyssa,Kelsey,Grace,9.0,0.0,1.0,1.0,1.0,0.0,8.0,8.0,9.0,,,,,,,1.0,,,,,,,,,,,22,1,2020_Jan_20_1004,FaceNameBlocked_revised,3.0.0,74.97453544048336,,NaN
37,Fem2Block.csv,Grace3.mp4,Grace.JPG,Grace,9.0,F,Shelby,Rebecca,Amanda,Danielle,Anna,Jenna,Brianna,Alyssa,Kelsey,Grace,9.0,0.0,1.0,1.0,1.0,,,,,0.0,6.0,6.0,9.0,,,,,, Grace,"['rshift', 'g', 'r', 'a', 'c', 'e']","[1.9335701030213386, 2.108529029006604, 2.414791529008653, 2.508466987987049, 2.719619830022566, 2.9607952760416083]",2.0,2.0,1.4954537479788996,,,22,1,2020_Jan_20_1004,FaceNameBlocked_revised,3.0.0,74.97453544048336,,1.9335701
20,Fem3Block.csv,Haley2.mp4,Haley.JPG,Haley,10.0,F,Courtney,Natalie,Hannah,Jessica,Ashley,Haley,Nicole,Heather,Michelle,Rachel,5.0,0.0,0.0,0.0,2.0,,,,,0.0,9.0,9.0,5.0,,,,,, Haley,"['lshift', 'h', 'a', 'l', 'e', 'y']","[3.4534369930042885, 3.7060618340037763, 3.921079210995231, 4.134016041003633, 4.480873022985179, 4.721082053030841]",5.0,5.0,2.5865066699916497,,,22,1,2020_Jan_20_1004,FaceNameBlocked_revised,3.0.0,74.97453544048336,,3.4534369
5,Fem3Block.csv,Haley2.mp4,Haley.JPG,Haley,10.0,F,Courtney,Natalie,Hannah,Jessica,Ashley,Haley,Nicole,Heather,Michelle,Rachel,5.0,0.0,0.0,0.0,2.0,0.0,4.0,4.0,5.0,,,,,,,1.0,,,,,,,,,,,22,1,2020_Jan_20_1004,FaceNameBlocked_revised,3.0.0,74.97453544048336,,NaN
18,Fem3Block.csv,Hannah2.mp4,Hannah.JPG,Hannah,11.0,F,Courtney,Natalie,Hannah,Jessica,Ashley,Haley,Nicole,Heather,Michelle,Rachel,2.0,0.0,0.0,0.0,2.0,,,,,0.0,7.0,7.0,2.0,,,,,, ,None,,3.0,3.0,5.147522740997374,,,22,1,2020_Jan_20_1004,FaceNameBlocked_revised,3.0.0,74.97453544048336,,NaN
8,Fem3Block.csv,Hannah2.mp4,Hannah.JPG,Hannah,11.0,F,Courtney,Natalie,Hannah,Jessica,Ashley,Haley,Nicole,Heather,Michelle,Rachel,2.0,0.0,0.0,0.0,2.0,0.0,7.0,7.0,2.0,,,,,,,0.0,,,,,,,,,,,22,1,2020_Jan_20_1004,FaceNameBlocked_revised,3.0.0,74.97453544048336,,NaN
11,Fem3Block.csv,Heather3.mp4,Heather.JPG,Heather,12.0,F,Courtney,Natalie,Hannah,Jessica,Ashley,Haley,Nicole,Heather,Michelle,Rachel,7.0,0.0,0.0,0.0,2.0,,,,,0.0,0.0,0.0,7.0,,,,space,15.863813835021574, F,"['lshift', 'question', 'slash', 'f', 'return']","[3.7855947210337035, 4.06538259703666, 5.533380805049092, 5.893314439046662, 7.559356301033404]",3.0,5.0,6.920681860996409,,,22,1,2020_Jan_20_1004,FaceNameBlocked_revised,3.0.0,74.97453544048336,,3.7855947
3,Fem3Block.csv,Heather3.mp4,Heather.JPG,Heather,12.0,F,Courtney,Natalie,Hannah,Jessica,Ashley,Haley,Nicole,Heather,Michelle,Rachel,7.0,0.0,0.0,0.0,2.0,0.0,2.0,2.0,7.0,,,,,,,0.0,,,,,,,,,,,22,1,2020_Jan_20_1004,FaceNameBlocked_revised,3.0.0,74.97453544048336,,NaN
95,Male2Block.csv,Jacob3.mp4,Jacob.JPG,Jacob,43.0,M,Brian,Adam,Steven,Nathan,Daniel,Mark,Jacob,Bradley,David,Noah,6.0,0.0,4.0,4.0,4.0,,,,,0.0,4.0,4.0,6.0,,,,,, ,None,,3.0,5.0,4.187579060031567,,,22,1,2020_Jan_20_1004,FaceNameBlocked_revised,3.0.0,74.97453544048336,,NaN
87,Male2Block.csv,Jacob3.mp4,Jacob.JPG,Jacob,43.0,M,Brian,Adam,Steven,Nathan,Daniel,Mark,Jacob,Bradley,David,Noah,6.0,0.0,4.0,4.0,4.0,0.0,6.0,6.0,6.0,,,,,,,1.0,,,,,,,,,,,22,1,2020_Jan_20_1004,FaceNameBlocked_revised,3.0.0,74.97453544048336,,NaN
45,Male1Block.csv,Jason4.mp4,Jason.JPG,Jason,44.0,M,Caleb,Ethan,Jason,Trevor,Brandon,Michael,Andrew,Jeremy,Kevin,Aaron,2.0,0.0,2.0,2.0,3.0,0.0,4.0,4.0,2.0,,,,,,,0.0,,,,,,,,,,,22,1,2020_Jan_20_1004,FaceNameBlocked_revised,3.0.0,74.97453544048336,,NaN
60,Male1Block.csv,Jason4.mp4,Jason.JPG,Jason,44.0,M,Caleb,Ethan,Jason,Trevor,Brandon,Michael,Andrew,Jeremy,Kevin,Aaron,2.0,0.0,2.0,2.0,3.0,,,,,0.0,9.0,9.0,2.0,,,,,, ,None,,5.0,4.0,4.253562393016182,,,22,1,2020_Jan_20_1004,FaceNameBlocked_revised,3.0.0,74.97453544048336,,NaN
35,Fem2Block.csv,Jenna4.mp4,Jenna.JPG,Jenna,13.0,F,Shelby,Rebecca,Amanda,Danielle,Anna,Jenna,Brianna,Alyssa,Kelsey,Grace,5.0,0.0,1.0,1.0,1.0,,,,,0.0,4.0,4.0,5.0,,,,,, Jenna,"['lshift', 'j', 'e', 'n', 'n', 'a']","[2.33322865300579, 2.641422693966888, 2.9746765139861964, 3.1608954640105367, 3.3481350009678863, 3.4812836199998856]",5.0,5.0,1.9349078540108169,,,22,1,2020_Jan_20_1004,FaceNameBlocked_revised,3.0.0,74.97453544048336,,2.3332286
30,Fem2Block.csv,Jenna4.mp4,Jenna.JPG,Jenna,13.0,F,Shelby,Rebecca,Amanda,Danielle,Anna,Jenna,Brianna,Alyssa,Kelsey,Grace,5.0,0.0,1.0,1.0,1.0,0.0,9.0,9.0,5.0,,,,,,,1.0,,,,,,,,,,,22,1,2020_Jan_20_1004,FaceNameBlocked_revised,3.0.0,74.97453544048336,,NaN
51,Male1Block.csv,Jeremy2.mp4,Jeremy.JPG,Jeremy,45.0,M,Caleb,Ethan,Jason,Trevor,Brandon,Michael,Andrew,Jeremy,Kevin,Aaron,7.0,0.0,2.0,2.0,3.0,,,,,0.0,0.0,0.0,7.0,,,,space,3.0541031860047947, Jason,"['lshift', 'j', 'a', 's', 'o', 'n']","[5.718467003956903, 7.026967239973601, 7.5192152870004065, 7.746778125001583, 7.959770214976743, 8.199398921977263]",4.0,5.0,8.464808043965602,,,22,1,2020_Jan_20_1004,FaceNameBlocked_revised,3.0.0,74.97453544048336,,5.7184670
49,Male1Block.csv,Jeremy2.mp4,Jeremy.JPG,Jeremy,45.0,M,Caleb,Ethan,Jason,Trevor,Brandon,Michael,Andrew,Jeremy,Kevin,Aaron,7.0,0.0,2.0,2.0,3.0,0.0,8.0,8.0,7.0,,,,,,,0.0,,,,,,,,,,,22,1,2020_Jan_20_1004,FaceNameBlocked_revised,3.0.0,74.97453544048336,,NaN
6,Fem3Block.csv,Jessica2.mp4,Jessica.JPG,Jessica,14.0,F,Courtney,Natalie,Hannah,Jessica,Ashley,Haley,Nicole,Heather,Michelle,Rachel,3.0,0.0,0.0,0.0,2.0,0.0,5.0,5.0,3.0,,,,,,,0.0,,,,,,,,,,,22,1,2020_Jan_20_1004,FaceNameBlocked_revised,3.0.0,74.97453544048336,,NaN
19,Fem3Block.csv,Jessica2.mp4,Jessica.JPG,Jessica,14.0,F,Courtney,Natalie,Hannah,Jessica,Ashley,Haley,Nicole,Heather,Michelle,Rachel,3.0,0.0,0.0,0.0,2.0,,,,,0.0,8.0,8.0,3.0,,,,,, ,None,,2.0,3.0,4.480924275005236,,,22,1,2020_Jan_20_1004,FaceNameBlocked_revised,3.0.0,74.97453544048336,,NaN
114,Male3Block.csv,Josh3.mp4,Josh.JPG,Josh,46.0,M,Josh,Matthew,Tyler,Kyle,Justin,Dylan,Thomas,Timothy,Cody,Eric,0.0,0.0,5.0,5.0,5.0,,,,,0.0,3.0,3.0,0.0,,,,,, Josh,"['lshift', 'j', 'o', 's', 'h']","[1.761100472009275, 1.935611292021349, 2.0817913800128736, 2.2153036990202963, 2.3622431360417977]",3.0,3.0,1.8145448089926504,,,22,1,2020_Jan_20_1004,FaceNameBlocked_revised,3.0.0,74.97453544048336,,1.7611004
108,Male3Block.csv,Josh3.mp4,Josh.JPG,Josh,46.0,M,Josh,Matthew,Tyler,Kyle,Justin,Dylan,Thomas,Timothy,Cody,Eric,0.0,0.0,5.0,5.0,5.0,0.0,7.0,7.0,0.0,,,,,,,1.0,,,,,,,,,,,22,1,2020_Jan_20_1004,FaceNameBlocked_revised,3.0.0,74.97453544048336,,NaN
69,Fem1Block.csv,Julia2.mp4,Julia.JPG,Julia,15.0,F,Julia,Kayla,Olivia,Emily,Taylor,Megan,Lauren,Sarah,Katie,Brittany,0.0,0.0,3.0,3.0,0.0,0.0,8.0,8.0,0.0,,,,,,,1.0,,,,,,,,,,,22,1,2020_Jan_20_1004,FaceNameBlocked_revised,3.0.0,74.97453544048336,,NaN
72,Fem1Block.csv,Julia2.mp4,Julia.JPG,Julia,15.0,F,Julia,Kayla,Olivia,Emily,Taylor,Megan,Lauren,Sarah,Katie,Brittany,0.0,0.0,3.0,3.0,0.0,,,,,0.0,1.0,1.0,0.0,,,,,, Kayla,"['lshift', 'k', 'a', 'y', 'l', 'a']","[4.09332138299942, 4.374486793007236, 5.120194696006365, 5.37377613701392, 5.574023218010552, 5.813942069013137]",3.0,3.0,3.827917360991705,,,22,1,2020_Jan_20_1004,FaceNameBlocked_revised,3.0.0,74.97453544048336,,4.0933213
115,Male3Block.csv,Justin2.mp4,Justin.JPG,Justin,47.0,M,Josh,Matthew,Tyler,Kyle,Justin,Dylan,Thomas,Timothy,Cody,Eric,4.0,0.0,5.0,5.0,5.0,,,,,0.0,4.0,4.0,4.0,,,,,, ,"['rshift', 'd', 'backspace']","[4.412607848993503, 4.653984323027544, 5.506369388021994]",5.0,4.0,5.1613713830010965,,,22,1,2020_Jan_20_1004,FaceNameBlocked_revised,3.0.0,74.97453544048336,,4.4126078
110,Male3Block.csv,Justin2.mp4,Justin.JPG,Justin,47.0,M,Josh,Matthew,Tyler,Kyle,Justin,Dylan,Thomas,Timothy,Cody,Eric,4.0,0.0,5.0,5.0,5.0,0.0,9.0,9.0,4.0,,,,,,,0.0,,,,,,,,,,,22,1,2020_Jan_20_1004,FaceNameBlocked_revised,3.0.0,74.97453544048336,,NaN
67,Fem1Block.csv,Katie2.mp4,Katie.JPG,Katie,16.0,F,Julia,Kayla,Olivia,Emily,Taylor,Megan,Lauren,Sarah,Katie,Brittany,8.0,0.0,3.0,3.0,0.0,0.0,6.0,6.0,8.0,,,,,,,1.0,,,,,,,,,,,22,1,2020_Jan_20_1004,FaceNameBlocked_revised,3.0.0,74.97453544048336,,NaN
74,Fem1Block.csv,Katie2.mp4,Katie.JPG,Katie,16.0,F,Julia,Kayla,Olivia,Emily,Taylor,Megan,Lauren,Sarah,Katie,Brittany,8.0,0.0,3.0,3.0,0.0,,,,,0.0,3.0,3.0,8.0,,,,,, Katie,"['lshift', 'k', 'a', 't', 'i', 'e']","[2.5463403000030667, 2.7615637910203077, 3.0140598580474034, 3.227849345013965, 3.375081519014202, 3.587826537026558]",3.0,3.0,2.587959645956289,,,22,1,2020_Jan_20_1004,FaceNameBlocked_revised,3.0.0,74.97453544048336,,2.5463403
68,Fem1Block.csv,Kayla3.mp4,Kayla.JPG,Kayla,17.0,F,Julia,Kayla,Olivia,Emily,Taylor,Megan,Lauren,Sarah,Katie,Brittany,1.0,0.0,3.0,3.0,0.0,0.0,7.0,7.0,1.0,,,,,,,0.0,,,,,,,,,,,22,1,2020_Jan_20_1004,FaceNameBlocked_revised,3.0.0,74.97453544048336,,NaN
76,Fem1Block.csv,Kayla3.mp4,Kayla.JPG,Kayla,17.0,F,Julia,Kayla,Olivia,Emily,Taylor,Megan,Lauren,Sarah,Katie,Brittany,1.0,0.0,3.0,3.0,0.0,,,,,0.0,5.0,5.0,1.0,,,,,, ,None,,4.0,4.0,5.093861002009363,,,22,1,2020_Jan_20_1004,FaceNameBlocked_revised,3.0.0,74.97453544048336,,NaN
34,Fem2Block.csv,Kelsey2.mp4,Kelsey.JPG,Kelsey,18.0,F,Shelby,Rebecca,Amanda,Danielle,Anna,Jenna,Brianna,Alyssa,Kelsey,Grace,8.0,0.0,1.0,1.0,1.0,,,,,0.0,3.0,3.0,8.0,,,,,, Kelsey,"['rshift', 'a', 'backspace', 'lshift', 'k', 'e', 'l', 's', 'e', 'y']","[4.680007866001688, 4.921229814004619, 5.560346275975462, 8.437878968019504, 8.639700711006299, 8.772894726018421, 8.933157771010883, 9.026160411012825, 9.11897107202094, 9.266166271001566]",5.0,4.0,3.881268931028899,,,22,1,2020_Jan_20_1004,FaceNameBlocked_revised,3.0.0,74.97453544048336,,4.6800078
23,Fem2Block.csv,Kelsey2.mp4,Kelsey.JPG,Kelsey,18.0,F,Shelby,Rebecca,Amanda,Danielle,Anna,Jenna,Brianna,Alyssa,Kelsey,Grace,8.0,0.0,1.0,1.0,1.0,0.0,2.0,2.0,8.0,,,,,,,1.0,,,,,,,,,,,22,1,2020_Jan_20_1004,FaceNameBlocked_revised,3.0.0,74.97453544048336,,NaN
42,Male1Block.csv,Kevin2.mp4,Kevin.JPG,Kevin,48.0,M,Caleb,Ethan,Jason,Trevor,Brandon,Michael,Andrew,Jeremy,Kevin,Aaron,8.0,0.0,2.0,2.0,3.0,0.0,1.0,1.0,8.0,,,,,,,1.0,,,,,,,,,,,22,1,2020_Jan_20_1004,FaceNameBlocked_revised,3.0.0,74.97453544048336,,NaN
53,Male1Block.csv,Kevin2.mp4,Kevin.JPG,Kevin,48.0,M,Caleb,Ethan,Jason,Trevor,Brandon,Michael,Andrew,Jeremy,Kevin,Aaron,8.0,0.0,2.0,2.0,3.0,,,,,0.0,2.0,2.0,8.0,,,,,, Kevin,"['lshift', 'k', 'e', 'v', 'i', 'n']","[0.986498836951796, 1.4151482169982046, 1.8678335819859058, 2.2150172969559208, 2.3863146269577555, 2.5615166219649836]",4.0,4.0,2.359833882015664,,,22,1,2020_Jan_20_1004,FaceNameBlocked_revised,3.0.0,74.97453544048336,,0.9864988
118,Male3Block.csv,Kyle3.mp4,Kyle.JPG,Kyle,49.0,M,Josh,Matthew,Tyler,Kyle,Justin,Dylan,Thomas,Timothy,Cody,Eric,3.0,0.0,5.0,5.0,5.0,,,,,0.0,7.0,7.0,3.0,,,,,, Kyle,"['lshift', 'k', 'y', 'l', 'e']","[2.3332794129964896, 2.708323572005611, 3.4391211289912462, 3.601615103019867, 3.7878791409893893]",2.0,2.0,2.1359605980105703,,,22,1,2020_Jan_20_1004,FaceNameBlocked_revised,3.0.0,74.97453544048336,,2.3332794
106,Male3Block.csv,Kyle3.mp4,Kyle.JPG,Kyle,49.0,M,Josh,Matthew,Tyler,Kyle,Justin,Dylan,Thomas,Timothy,Cody,Eric,3.0,0.0,5.0,5.0,5.0,0.0,5.0,5.0,3.0,,,,,,,0.0,,,,,,,,,,,22,1,2020_Jan_20_1004,FaceNameBlocked_revised,3.0.0,74.97453544048336,,NaN
71,Fem1Block.csv,Lauren4.mp4,Lauren.JPG,Lauren,19.0,F,Julia,Kayla,Olivia,Emily,Taylor,Megan,Lauren,Sarah,Katie,Brittany,6.0,0.0,3.0,3.0,0.0,,,,,0.0,0.0,0.0,6.0,,,,space,3.947382133046631, ,None,,4.0,3.0,5.49472038494423,,,22,1,2020_Jan_20_1004,FaceNameBlocked_revised,3.0.0,74.97453544048336,,NaN
64,Fem1Block.csv,Lauren4.mp4,Lauren.JPG,Lauren,19.0,F,Julia,Kayla,Olivia,Emily,Taylor,Megan,Lauren,Sarah,Katie,Brittany,6.0,0.0,3.0,3.0,0.0,0.0,3.0,3.0,6.0,,,,,,,1.0,,,,,,,,,,,22,1,2020_Jan_20_1004,FaceNameBlocked_revised,3.0.0,74.97453544048336,,NaN
92,Male2Block.csv,Mark3.mp4,Mark.JPG,Mark,50.0,M,Brian,Adam,Steven,Nathan,Daniel,Mark,Jacob,Bradley,David,Noah,5.0,0.0,4.0,4.0,4.0,,,,,0.0,1.0,1.0,5.0,,,,,, ,None,,2.0,1.0,4.747378405998461,,,22,1,2020_Jan_20_1004,FaceNameBlocked_revised,3.0.0,74.97453544048336,,NaN
84,Male2Block.csv,Mark3.mp4,Mark.JPG,Mark,50.0,M,Brian,Adam,Steven,Nathan,Daniel,Mark,Jacob,Bradley,David,Noah,5.0,0.0,4.0,4.0,4.0,0.0,3.0,3.0,5.0,,,,,,,1.0,,,,,,,,,,,22,1,2020_Jan_20_1004,FaceNameBlocked_revised,3.0.0,74.97453544048336,,NaN
103,Male3Block.csv,Matthew2.mp4,Matthew.JPG,Matthew,51.0,M,Josh,Matthew,Tyler,Kyle,Justin,Dylan,Thomas,Timothy,Cody,Eric,1.0,0.0,5.0,5.0,5.0,0.0,2.0,2.0,1.0,,,,,,,0.0,,,,,,,,,,,22,1,2020_Jan_20_1004,FaceNameBlocked_revised,3.0.0,74.97453544048336,,NaN
117,Male3Block.csv,Matthew2.mp4,Matthew.JPG,Matthew,51.0,M,Josh,Matthew,Tyler,Kyle,Justin,Dylan,Thomas,Timothy,Cody,Eric,1.0,0.0,5.0,5.0,5.0,,,,,0.0,6.0,6.0,1.0,,,,,, Thomas,"['rshift', 't', 'h', 'o', 'm', 'a', 's']","[3.5206057470059022, 3.8022778650047258, 4.241711518960074, 4.401715645974036, 4.641604386968538, 4.746260067971889, 4.86758318496868]",5.0,4.0,2.4945964019862004,,,22,1,2020_Jan_20_1004,FaceNameBlocked_revised,3.0.0,74.97453544048336,,3.5206057
80,Fem1Block.csv,Megan2.mp4,Megan.JPG,Megan,20.0,F,Julia,Kayla,Olivia,Emily,Taylor,Megan,Lauren,Sarah,Katie,Brittany,5.0,0.0,3.0,3.0,0.0,,,,,0.0,9.0,9.0,5.0,,,,,, ,None,,3.0,3.0,4.492416923050769,,,22,1,2020_Jan_20_1004,FaceNameBlocked_revised,3.0.0,74.97453544048336,,NaN
66,Fem1Block.csv,Megan2.mp4,Megan.JPG,Megan,20.0,F,Julia,Kayla,Olivia,Emily,Taylor,Megan,Lauren,Sarah,Katie,Brittany,5.0,0.0,3.0,3.0,0.0,0.0,5.0,5.0,5.0,,,,,,,1.0,,,,,,,,,,,22,1,2020_Jan_20_1004,FaceNameBlocked_revised,3.0.0,74.97453544048336,,NaN
50,Male1Block.csv,Michael2.mp4,Michael.JPG,Michael,52.0,M,Caleb,Ethan,Jason,Trevor,Brandon,Michael,Andrew,Jeremy,Kevin,Aaron,5.0,0.0,2.0,2.0,3.0,0.0,9.0,9.0,5.0,,,,,,,1.0,,,,,,,,,,,22,1,2020_Jan_20_1004,FaceNameBlocked_revised,3.0.0,74.97453544048336,,NaN
52,Male1Block.csv,Michael2.mp4,Michael.JPG,Michael,52.0,M,Caleb,Ethan,Jason,Trevor,Brandon,Michael,Andrew,Jeremy,Kevin,Aaron,5.0,0.0,2.0,2.0,3.0,,,,,0.0,1.0,1.0,5.0,,,,,, Michael,"['lshift', 'm', 'i', 'c', 'h', 'a', 'e', 'l']","[1.0535911560291424, 1.3489168729865924, 1.7215003879973665, 1.8551325920270756, 2.041439044987783, 3.08129555900814, 3.3346577510237694, 3.521286337985657]",1.0,1.0,2.7746333530521947,,,22,1,2020_Jan_20_1004,FaceNameBlocked_revised,3.0.0,74.97453544048336,,1.0535911
16,Fem3Block.csv,Michelle2.mp4,Michelle.JPG,Michelle,21.0,F,Courtney,Natalie,Hannah,Jessica,Ashley,Haley,Nicole,Heather,Michelle,Rachel,8.0,0.0,0.0,0.0,2.0,,,,,0.0,5.0,5.0,8.0,,,,,, Haley,"['lshift', 'h', 'a', 'l', 'e', 'y']","[1.8268134309910238, 2.0545325570274144, 3.0144101069890894, 3.2145616629859433, 5.733838975022081, 5.960122302989475]",2.0,5.0,9.078845368989278,,,22,1,2020_Jan_20_1004,FaceNameBlocked_revised,3.0.0,74.97453544048336,,1.8268134
9,Fem3Block.csv,Michelle2.mp4,Michelle.JPG,Michelle,21.0,F,Courtney,Natalie,Hannah,Jessica,Ashley,Haley,Nicole,Heather,Michelle,Rachel,8.0,0.0,0.0,0.0,2.0,0.0,8.0,8.0,8.0,,,,,,,1.0,,,,,,,,,,,22,1,2020_Jan_20_1004,FaceNameBlocked_revised,3.0.0,74.97453544048336,,NaN
7,Fem3Block.csv,Natalie3.mp4,Natalie.JPG,Natalie,22.0,F,Courtney,Natalie,Hannah,Jessica,Ashley,Haley,Nicole,Heather,Michelle,Rachel,1.0,0.0,0.0,0.0,2.0,0.0,6.0,6.0,1.0,,,,,,,0.0,,,,,,,,,,,22,1,2020_Jan_20_1004,FaceNameBlocked_revised,3.0.0,74.97453544048336,,NaN
17,Fem3Block.csv,Natalie3.mp4,Natalie.JPG,Natalie,22.0,F,Courtney,Natalie,Hannah,Jessica,Ashley,Haley,Nicole,Heather,Michelle,Rachel,1.0,0.0,0.0,0.0,2.0,,,,,0.0,6.0,6.0,1.0,,,,,, ,None,,2.0,2.0,3.921159540012013,,,22,1,2020_Jan_20_1004,FaceNameBlocked_revised,3.0.0,74.97453544048336,,NaN
93,Male2Block.csv,Nathan3.mp4,Nathan.JPG,Nathan,53.0,M,Brian,Adam,Steven,Nathan,Daniel,Mark,Jacob,Bradley,David,Noah,3.0,0.0,4.0,4.0,4.0,,,,,0.0,2.0,2.0,3.0,,,,,,  ,['space'],[3.4812869610032067],2.0,4.0,5.052089104021434,,,22,1,2020_Jan_20_1004,FaceNameBlocked_revised,3.0.0,74.97453544048336,,3.4812869
85,Male2Block.csv,Nathan3.mp4,Nathan.JPG,Nathan,53.0,M,Brian,Adam,Steven,Nathan,Daniel,Mark,Jacob,Bradley,David,Noah,3.0,0.0,4.0,4.0,4.0,0.0,4.0,4.0,3.0,,,,,,,0.0,,,,,,,,,,,22,1,2020_Jan_20_1004,FaceNameBlocked_revised,3.0.0,74.97453544048336,,NaN
14,Fem3Block.csv,Nicole2.mp4,Nicole.JPG,Nicole,23.0,F,Courtney,Natalie,Hannah,Jessica,Ashley,Haley,Nicole,Heather,Michelle,Rachel,6.0,0.0,0.0,0.0,2.0,,,,,0.0,3.0,3.0,6.0,,,,,, Michelle,"['lshift', 'm', 'i', 'c', 'h', 'e', 'l', 'l', 'e', 'lshift', 'lshift', 'question']","[4.093302109045908, 4.280710042046849, 4.534313990036026, 4.6790594769991, 4.814354103000369, 4.974188179010525, 5.161118215997703, 5.320785395044368, 5.45389594201697, 7.812084103003144, 7.958376560010947, 8.212653329013847]",3.0,1.0,3.681379478017334,,,22,1,2020_Jan_20_1004,FaceNameBlocked_revised,3.0.0,74.97453544048336,,4.0933021
4,Fem3Block.csv,Nicole2.mp4,Nicole.JPG,Nicole,23.0,F,Courtney,Natalie,Hannah,Jessica,Ashley,Haley,Nicole,Heather,Michelle,Rachel,6.0,0.0,0.0,0.0,2.0,0.0,3.0,3.0,6.0,,,,,,,1.0,,,,,,,,,,,22,1,2020_Jan_20_1004,FaceNameBlocked_revised,3.0.0,74.97453544048336,,NaN
90,Male2Block.csv,Noah2.mp4,Noah.JPG,Noah,54.0,M,Brian,Adam,Steven,Nathan,Daniel,Mark,Jacob,Bradley,David,Noah,9.0,0.0,4.0,4.0,4.0,0.0,9.0,9.0,9.0,,,,,,,1.0,,,,,,,,,,,22,1,2020_Jan_20_1004,FaceNameBlocked_revised,3.0.0,74.97453544048336,,NaN
91,Male2Block.csv,Noah2.mp4,Noah.JPG,Noah,54.0,M,Brian,Adam,Steven,Nathan,Daniel,Mark,Jacob,Bradley,David,Noah,9.0,0.0,4.0,4.0,4.0,,,,,0.0,0.0,0.0,9.0,,,,space,2.2157793090445916, Bradley,"['rshift', 'b', 'r', 'a', 'd', 'l', 'e', 'y']","[2.0532170279766433, 2.22845542000141, 2.574846418981906, 2.894907673005946, 3.1218263799673878, 3.295368477003649, 3.532525043003261, 3.8015049649984576]",2.0,4.0,3.907347639964428,,,22,1,2020_Jan_20_1004,FaceNameBlocked_revised,3.0.0,74.97453544048336,,2.0532170
70,Fem1Block.csv,Olivia3.mp4,Olivia.JPG,Olivia,24.0,F,Julia,Kayla,Olivia,Emily,Taylor,Megan,Lauren,Sarah,Katie,Brittany,2.0,0.0,3.0,3.0,0.0,0.0,9.0,9.0,2.0,,,,,,,0.0,,,,,,,,,,,22,1,2020_Jan_20_1004,FaceNameBlocked_revised,3.0.0,74.97453544048336,,NaN
75,Fem1Block.csv,Olivia3.mp4,Olivia.JPG,Olivia,24.0,F,Julia,Kayla,Olivia,Emily,Taylor,Megan,Lauren,Sarah,Katie,Brittany,2.0,0.0,3.0,3.0,0.0,,,,,0.0,4.0,4.0,2.0,,,,,, Olivia,"['lshift', 'o', 'l', 'i', 'i', 'a', 'backspace', 'backspace', 'v', 'i', 'a']","[2.6938679160084575, 2.841967910004314, 3.1078487560153008, 3.3084770620334893, 4.28157489100704, 4.4680116070085205, 5.2270718200015835, 5.466953246039338, 6.067280644027051, 6.374458346050233, 6.547501638007816]",5.0,5.0,2.748660589044448,,,22,1,2020_Jan_20_1004,FaceNameBlocked_revised,3.0.0,74.97453544048336,,2.6938679
13,Fem3Block.csv,Rachel3.mp4,Rachel.JPG,Rachel,25.0,F,Courtney,Natalie,Hannah,Jessica,Ashley,Haley,Nicole,Heather,Michelle,Rachel,9.0,0.0,0.0,0.0,2.0,,,,,0.0,2.0,2.0,9.0,,,,,, ,None,,1.0,3.0,6.533721516025253,,,22,1,2020_Jan_20_1004,FaceNameBlocked_revised,3.0.0,74.97453544048336,,NaN
2,Fem3Block.csv,Rachel3.mp4,Rachel.JPG,Rachel,25.0,F,Courtney,Natalie,Hannah,Jessica,Ashley,Haley,Nicole,Heather,Michelle,Rachel,9.0,0.0,0.0,0.0,2.0,0.0,1.0,1.0,9.0,,,,,,,1.0,,,,,,,,,,,22,1,2020_Jan_20_1004,FaceNameBlocked_revised,3.0.0,74.97453544048336,,NaN
27,Fem2Block.csv,Rebecca3.mp4,Rebecca.JPG,Rebecca,26.0,F,Shelby,Rebecca,Amanda,Danielle,Anna,Jenna,Brianna,Alyssa,Kelsey,Grace,1.0,0.0,1.0,1.0,1.0,0.0,6.0,6.0,1.0,,,,,,,0.0,,,,,,,,,,,22,1,2020_Jan_20_1004,FaceNameBlocked_revised,3.0.0,74.97453544048336,,NaN
36,Fem2Block.csv,Rebecca3.mp4,Rebecca.JPG,Rebecca,26.0,F,Shelby,Rebecca,Amanda,Danielle,Anna,Jenna,Brianna,Alyssa,Kelsey,Grace,1.0,0.0,1.0,1.0,1.0,,,,,0.0,5.0,5.0,1.0,,,,,, Alyssa,"['rshift', 'a', 'l', 'y', 's', 's', 'a']","[3.853353579004761, 4.17418513802113, 5.080820714996662, 5.333876346005127, 5.706530406023376, 5.840451831987593, 6.0137584960320964]",3.0,4.0,1.69317147199763,,,22,1,2020_Jan_20_1004,FaceNameBlocked_revised,3.0.0,74.97453544048336,,3.8533535
62,Fem1Block.csv,Sarah2.mp4,Sarah.JPG,Sarah,27.0,F,Julia,Kayla,Olivia,Emily,Taylor,Megan,Lauren,Sarah,Katie,Brittany,7.0,0.0,3.0,3.0,0.0,0.0,1.0,1.0,7.0,,,,,,,0.0,,,,,,,,,,,22,1,2020_Jan_20_1004,FaceNameBlocked_revised,3.0.0,74.97453544048336,,NaN
77,Fem1Block.csv,Sarah2.mp4,Sarah.JPG,Sarah,27.0,F,Julia,Kayla,Olivia,Emily,Taylor,Megan,Lauren,Sarah,Katie,Brittany,7.0,0.0,3.0,3.0,0.0,,,,,0.0,6.0,6.0,7.0,,,,,, Sarah,"['rshift', 's', 'a', 'r', 'a', 'h']","[1.3464315820019692, 1.5349739820230752, 1.852994802989997, 1.9482657199841924, 2.108263602014631, 2.281098089995794]",1.0,1.0,1.6686131969909184,,,22,1,2020_Jan_20_1004,FaceNameBlocked_revised,3.0.0,74.97453544048336,,1.3464315
40,Fem2Block.csv,Shelby2.mp4,Shelby.JPG,Shelby,28.0,F,Shelby,Rebecca,Amanda,Danielle,Anna,Jenna,Brianna,Alyssa,Kelsey,Grace,0.0,0.0,1.0,1.0,1.0,,,,,0.0,9.0,9.0,0.0,,,,,, ,None,,1.0,3.0,7.440052421006839,,,22,1,2020_Jan_20_1004,FaceNameBlocked_revised,3.0.0,74.97453544048336,,NaN
28,Fem2Block.csv,Shelby2.mp4,Shelby.JPG,Shelby,28.0,F,Shelby,Rebecca,Amanda,Danielle,Anna,Jenna,Brianna,Alyssa,Kelsey,Grace,0.0,0.0,1.0,1.0,1.0,0.0,7.0,7.0,0.0,,,,,,,1.0,,,,,,,,,,,22,1,2020_Jan_20_1004,FaceNameBlocked_revised,3.0.0,74.97453544048336,,NaN
99,Male2Block.csv,Steven2.mp4,Steven.JPG,Steven,55.0,M,Brian,Adam,Steven,Nathan,Daniel,Mark,Jacob,Bradley,David,Noah,2.0,0.0,4.0,4.0,4.0,,,,,0.0,8.0,8.0,2.0,,,,,, ,None,,5.0,3.0,6.051831976976246,,,22,1,2020_Jan_20_1004,FaceNameBlocked_revised,3.0.0,74.97453544048336,,NaN
89,Male2Block.csv,Steven2.mp4,Steven.JPG,Steven,55.0,M,Brian,Adam,Steven,Nathan,Daniel,Mark,Jacob,Bradley,David,Noah,2.0,0.0,4.0,4.0,4.0,0.0,8.0,8.0,2.0,,,,,,,0.0,,,,,,,,,,,22,1,2020_Jan_20_1004,FaceNameBlocked_revised,3.0.0,74.97453544048336,,NaN
65,Fem1Block.csv,Taylor4.mp4,Taylor.JPG,Taylor,29.0,F,Julia,Kayla,Olivia,Emily,Taylor,Megan,Lauren,Sarah,Katie,Brittany,4.0,0.0,3.0,3.0,0.0,0.0,4.0,4.0,4.0,,,,,,,0.0,,,,,,,,,,,22,1,2020_Jan_20_1004,FaceNameBlocked_revised,3.0.0,74.97453544048336,,NaN
78,Fem1Block.csv,Taylor4.mp4,Taylor.JPG,Taylor,29.0,F,Julia,Kayla,Olivia,Emily,Taylor,Megan,Lauren,Sarah,Katie,Brittany,4.0,0.0,3.0,3.0,0.0,,,,,0.0,7.0,7.0,4.0,,,,,, ,None,,1.0,1.0,2.9885488329455256,,,22,1,2020_Jan_20_1004,FaceNameBlocked_revised,3.0.0,74.97453544048336,,NaN
105,Male3Block.csv,Thomas2.mp4,Thomas.JPG,Thomas,56.0,M,Josh,Matthew,Tyler,Kyle,Justin,Dylan,Thomas,Timothy,Cody,Eric,6.0,0.0,5.0,5.0,5.0,0.0,4.0,4.0,6.0,,,,,,,1.0,,,,,,,,,,,22,1,2020_Jan_20_1004,FaceNameBlocked_revised,3.0.0,74.97453544048336,,NaN
119,Male3Block.csv,Thomas2.mp4,Thomas.JPG,Thomas,56.0,M,Josh,Matthew,Tyler,Kyle,Justin,Dylan,Thomas,Timothy,Cody,Eric,6.0,0.0,5.0,5.0,5.0,,,,,0.0,8.0,8.0,6.0,,,,,, ,None,,5.0,4.0,3.5344885990489274,,,22,1,2020_Jan_20_1004,FaceNameBlocked_revised,3.0.0,74.97453544048336,,NaN
107,Male3Block.csv,Timothy3.mp4,Timothy.JPG,Timothy,57.0,M,Josh,Matthew,Tyler,Kyle,Justin,Dylan,Thomas,Timothy,Cody,Eric,7.0,0.0,5.0,5.0,5.0,0.0,6.0,6.0,7.0,,,,,,,0.0,,,,,,,,,,,22,1,2020_Jan_20_1004,FaceNameBlocked_revised,3.0.0,74.97453544048336,,NaN
111,Male3Block.csv,Timothy3.mp4,Timothy.JPG,Timothy,57.0,M,Josh,Matthew,Tyler,Kyle,Justin,Dylan,Thomas,Timothy,Cody,Eric,7.0,0.0,5.0,5.0,5.0,,,,,0.0,0.0,0.0,7.0,,,,space,2.3355993690202013, Timothy,"['rshift', 't', 'i', 'm', 'o', 't', 'h', 'y']","[1.961242121993564, 2.186238306981977, 2.5065194069757126, 2.6666900099953637, 2.8554612459847704, 3.041199153987691, 3.2265261879656464, 3.78628535696771]",5.0,5.0,1.8128124130307697,,,22,1,2020_Jan_20_1004,FaceNameBlocked_revised,3.0.0,74.97453544048336,,1.9612421
43,Male1Block.csv,Trevor2.mp4,Trevor.JPG,Trevor,58.0,M,Caleb,Ethan,Jason,Trevor,Brandon,Michael,Andrew,Jeremy,Kevin,Aaron,3.0,0.0,2.0,2.0,3.0,0.0,2.0,2.0,3.0,,,,,,,0.0,,,,,,,,,,,22,1,2020_Jan_20_1004,FaceNameBlocked_revised,3.0.0,74.97453544048336,,NaN
59,Male1Block.csv,Trevor2.mp4,Trevor.JPG,Trevor,58.0,M,Caleb,Ethan,Jason,Trevor,Brandon,Michael,Andrew,Jeremy,Kevin,Aaron,3.0,0.0,2.0,2.0,3.0,,,,,0.0,8.0,8.0,3.0,,,,,, Trevor,"['rshift', 't', 'r', 'e', 'o', 'r', 'backspace', 'backspace', 'v', 'o', 'r']","[1.7472151989932172, 1.9728115129983053, 2.3883572019985877, 2.600923160032835, 3.2140760350157507, 3.4146530390135013, 3.880354252993129, 4.066721952985972, 4.227080175012816, 4.494021544000134, 4.7070194450207055]",1.0,1.0,2.8529263800010085,,,22,1,2020_Jan_20_1004,FaceNameBlocked_revised,3.0.0,74.97453544048336,,1.7472151
109,Male3Block.csv,Tyler3.mp4,Tyler.JPG,Tyler,59.0,M,Josh,Matthew,Tyler,Kyle,Justin,Dylan,Thomas,Timothy,Cody,Eric,2.0,0.0,5.0,5.0,5.0,0.0,8.0,8.0,2.0,,,,,,,0.0,,,,,,,,,,,22,1,2020_Jan_20_1004,FaceNameBlocked_revised,3.0.0,74.97453544048336,,NaN
112,Male3Block.csv,Tyler3.mp4,Tyler.JPG,Tyler,59.0,M,Josh,Matthew,Tyler,Kyle,Justin,Dylan,Thomas,Timothy,Cody,Eric,2.0,0.0,5.0,5.0,5.0,,,,,0.0,1.0,1.0,2.0,,,,,, Tyler,"['rshift', 't', 'y', 'l', 'e', 'r']","[3.1997609160025604, 3.534392678004224, 4.4410162920248695, 4.601045157993212, 4.7340728410054, 4.854127241007518]",4.0,4.0,1.8947269499767567,,,22,1,2020_Jan_20_1004,FaceNameBlocked_revised,3.0.0,74.97453544048336,,3.1997609
0,,,,,,,,,,,,,,,,,,,,,,,,,,,,,,space,30.220502104028128,,,,,,,,,,,,22,1,2020_Jan_20_1004,FaceNameBlocked_revised,3.0.0,74.97453544048336,,NaN
121,,,,,,,,,,,,,,,,,,,,,,,,,,,,,,,,,,,,,,,,,space,5.987059974984732,22,1,2020_Jan_20_1004,FaceNameBlocked_revised,3.0.0,74.97453544048336,,NaN
