,condsBlockFile,Video,Photo,Name,Row,Gender,N1,N2,N3,N4,N5,N6,N7,N8,N9,N10,Row2,blocks.thisRepN,blocks.thisTrialN,blocks.thisN,blocks.thisIndex,presentations.thisRepN,presentations.thisTrialN,presentations.thisN,presentations.thisIndex,testing.thisRepN,testing.thisTrialN,testing.thisN,testing.thisIndex,advance_1.keys,advance_1.rt,currentCond,advance_2.keys,advance_2.rt,inputText,key_resp_3.keys,key_resp_3.rt,correctRecogSelection,keyResponse.keys,keyResponse.rt,end_key.keys,end_key.rt,participant,session,date,expName,psychopyVersion,frameRate,Unnamed: 48,key_resp3_fin
32,Male3Block.csv,Aaron2.mp4,Aaron.JPG,Aaron,30.0,M,Eric,Bradley,Noah,Mark,Jacob,Andrew,Caleb,Josh,Aaron,Ethan,8.0,0.0,1.0,1.0,5.0,,,,,0.0,1.0,1.0,8.0,,,,,, eric,"['d', 'backspace', 'e', 'r', 'i', 'c', 'return']","[2.6126229260116816, 3.552882018033415, 7.220939185004681, 7.398971042828634, 7.611659736838192, 7.834731613053009, 8.327794732060283]",3.0,1.0,2.6602684811223303,,,24,1,2020_Jan_21_1002,FaceNameBlocked_revised,3.0.0,85.0430978237848,,2.6126229
22,Male3Block.csv,Aaron2.mp4,Aaron.JPG,Aaron,30.0,M,Eric,Bradley,Noah,Mark,Jacob,Andrew,Caleb,Josh,Aaron,Ethan,8.0,0.0,1.0,1.0,5.0,0.0,1.0,1.0,8.0,,,,,,,0.0,,,,,,,,,,,24,1,2020_Jan_21_1002,FaceNameBlocked_revised,3.0.0,85.0430978237848,,NaN
106,Male1Block.csv,Adam4.mp4,Adam.JPG,Adam,31.0,M,Timothy,Dylan,Justin,Cody,Jason,Thomas,Brian,David,Adam,Steven,8.0,0.0,5.0,5.0,3.0,0.0,5.0,5.0,8.0,,,,,,,0.0,,,,,,,,,,,24,1,2020_Jan_21_1002,FaceNameBlocked_revised,3.0.0,85.0430978237848,,NaN
111,Male1Block.csv,Adam4.mp4,Adam.JPG,Adam,31.0,M,Timothy,Dylan,Justin,Cody,Jason,Thomas,Brian,David,Adam,Steven,8.0,0.0,5.0,5.0,3.0,,,,,0.0,0.0,0.0,8.0,,,,space,8.789061360992491, daniel,"['d', 'a', 'n', 'i', 'e', 'l']","[6.201080914819613, 6.389396494952962, 6.575300117954612, 6.800944152986631, 7.001153507968411, 7.212387815816328]",2.0,2.0,3.610762740951032,,,24,1,2020_Jan_21_1002,FaceNameBlocked_revised,3.0.0,85.0430978237848,,6.2010809
45,Fem2Block.csv,Alyssa3.mp4,Alyssa.JPG,Alyssa,0.0,F,Alyssa,Jenna,Nicole,Emily,Anna,Brianna,Olivia,Ashley,Kelsey,Taylor,0.0,0.0,2.0,2.0,1.0,0.0,4.0,4.0,0.0,,,,,,,1.0,,,,,,,,,,,24,1,2020_Jan_21_1002,FaceNameBlocked_revised,3.0.0,85.0430978237848,,NaN
55,Fem2Block.csv,Alyssa3.mp4,Alyssa.JPG,Alyssa,0.0,F,Alyssa,Jenna,Nicole,Emily,Anna,Brianna,Olivia,Ashley,Kelsey,Taylor,0.0,0.0,2.0,2.0,1.0,,,,,0.0,4.0,4.0,0.0,,,,,, ashley,"['a', 's', 'h', 'l', 'e', 'y']","[1.8608205190394074, 2.166745064081624, 2.3667391180060804, 2.5305685880593956, 2.743071367032826, 3.119479669025168]",1.0,5.0,8.611756901955232,,,24,1,2020_Jan_21_1002,FaceNameBlocked_revised,3.0.0,85.0430978237848,,1.8608205
5,Fem3Block.csv,Amanda3.mp4,Amanda.JPG,Amanda,1.0,F,Michelle,Danielle,Megan,Rachel,Hannah,Natalie,Jessica,Kayla,Grace,Amanda,9.0,0.0,0.0,0.0,2.0,0.0,4.0,4.0,9.0,,,,,,,1.0,,,,,,,,,,,24,1,2020_Jan_21_1002,FaceNameBlocked_revised,3.0.0,85.0430978237848,,NaN
17,Fem3Block.csv,Amanda3.mp4,Amanda.JPG,Amanda,1.0,F,Michelle,Danielle,Megan,Rachel,Hannah,Natalie,Jessica,Kayla,Grace,Amanda,9.0,0.0,0.0,0.0,2.0,,,,,0.0,6.0,6.0,9.0,,,,,, amanda,"['a', 'm', 'a', 'n', 'd', 'a']","[5.847948787966743, 6.024338481016457, 6.142131261061877, 6.306074389023706, 6.44797561597079, 6.600817796075717]",2.0,1.0,2.0262954740319397,,,24,1,2020_Jan_21_1002,FaceNameBlocked_revised,3.0.0,85.0430978237848,,5.8479487
31,Male3Block.csv,Andrew2.mp4,Andrew.JPG,Andrew,32.0,M,Eric,Bradley,Noah,Mark,Jacob,Andrew,Caleb,Josh,Aaron,Ethan,5.0,0.0,1.0,1.0,5.0,,,,,0.0,0.0,0.0,5.0,,,,space,21.98485132795759, daniel ,"['d', 'a', 'n', 'i', 'e', 'l', 'return', 'space']","[2.059455479029566, 2.235844647977501, 2.331941767130047, 2.437433128943667, 2.5549319251440465, 2.7318532220087945, 3.0367495850659907, 4.154879470122978]",3.0,3.0,3.165462509030476,,,24,1,2020_Jan_21_1002,FaceNameBlocked_revised,3.0.0,85.0430978237848,,2.0594554
28,Male3Block.csv,Andrew2.mp4,Andrew.JPG,Andrew,32.0,M,Eric,Bradley,Noah,Mark,Jacob,Andrew,Caleb,Josh,Aaron,Ethan,5.0,0.0,1.0,1.0,5.0,0.0,7.0,7.0,5.0,,,,,,,1.0,,,,,,,,,,,24,1,2020_Jan_21_1002,FaceNameBlocked_revised,3.0.0,85.0430978237848,,NaN
46,Fem2Block.csv,Anna3.mp4,Anna.JPG,Anna,2.0,F,Alyssa,Jenna,Nicole,Emily,Anna,Brianna,Olivia,Ashley,Kelsey,Taylor,4.0,0.0,2.0,2.0,1.0,0.0,5.0,5.0,4.0,,,,,,,0.0,,,,,,,,,,,24,1,2020_Jan_21_1002,FaceNameBlocked_revised,3.0.0,85.0430978237848,,NaN
52,Fem2Block.csv,Anna3.mp4,Anna.JPG,Anna,2.0,F,Alyssa,Jenna,Nicole,Emily,Anna,Brianna,Olivia,Ashley,Kelsey,Taylor,4.0,0.0,2.0,2.0,1.0,,,,,0.0,1.0,1.0,4.0,,,,,, ashley,"['a', 's', 'h', 'l', 'e', 'y']","[2.7894341740757227, 2.9319277880713344, 3.3312396390829235, 5.095857905922458, 5.330955293029547, 5.635899543063715]",1.0,2.0,3.3643183710519224,,,24,1,2020_Jan_21_1002,FaceNameBlocked_revised,3.0.0,85.0430978237848,,2.7894341
41,Fem2Block.csv,Ashley3.mp4,Ashley.JPG,Ashley,3.0,F,Alyssa,Jenna,Nicole,Emily,Anna,Brianna,Olivia,Ashley,Kelsey,Taylor,7.0,0.0,2.0,2.0,1.0,0.0,0.0,0.0,7.0,,,,,,,0.0,,,,,,,,,,,24,1,2020_Jan_21_1002,FaceNameBlocked_revised,3.0.0,85.0430978237848,,NaN
51,Fem2Block.csv,Ashley3.mp4,Ashley.JPG,Ashley,3.0,F,Alyssa,Jenna,Nicole,Emily,Anna,Brianna,Olivia,Ashley,Kelsey,Taylor,7.0,0.0,2.0,2.0,1.0,,,,,0.0,0.0,0.0,7.0,,,,space,5.2603277610614905, anna,"['a', 'n', 'n', 'a']","[3.954374889843166, 4.119279749924317, 4.2837774369399995, 4.354048165958375]",5.0,4.0,3.6356622769963,,,24,1,2020_Jan_21_1002,FaceNameBlocked_revised,3.0.0,85.0430978237848,,3.9543748
40,Male3Block.csv,Bradley3.mp4,Bradley.JPG,Bradley,33.0,M,Eric,Bradley,Noah,Mark,Jacob,Andrew,Caleb,Josh,Aaron,Ethan,1.0,0.0,1.0,1.0,5.0,,,,,0.0,9.0,9.0,1.0,,,,,, bra,"['b', 'r', 'backspace', 'backspace', 'b', 'r', 'd', 'l', 'backspace', 'backspace', 'a']","[3.8718044250272214, 4.013355524977669, 4.448405048111454, 4.648194085108116, 7.694421638036147, 7.765157116111368, 8.517984216101468, 8.847037661122158, 9.222933059092611, 9.39798359409906, 9.694184354972094]",2.0,2.0,2.9897057360503823,,,24,1,2020_Jan_21_1002,FaceNameBlocked_revised,3.0.0,85.0430978237848,,3.8718044
21,Male3Block.csv,Bradley3.mp4,Bradley.JPG,Bradley,33.0,M,Eric,Bradley,Noah,Mark,Jacob,Andrew,Caleb,Josh,Aaron,Ethan,1.0,0.0,1.0,1.0,5.0,0.0,0.0,0.0,1.0,,,,,,,0.0,,,,,,,,,,,24,1,2020_Jan_21_1002,FaceNameBlocked_revised,3.0.0,85.0430978237848,,NaN
87,Male2Block.csv,Brandon2.mp4,Brandon.JPG,Brandon,34.0,M,Daniel,Matthew,Jeremy,Brandon,Tyler,Kyle,Nathan,Trevor,Kevin,Michael,3.0,0.0,4.0,4.0,4.0,0.0,6.0,6.0,3.0,,,,,,,1.0,,,,,,,,,,,24,1,2020_Jan_21_1002,FaceNameBlocked_revised,3.0.0,85.0430978237848,,NaN
99,Male2Block.csv,Brandon2.mp4,Brandon.JPG,Brandon,34.0,M,Daniel,Matthew,Jeremy,Brandon,Tyler,Kyle,Nathan,Trevor,Kevin,Michael,3.0,0.0,4.0,4.0,4.0,,,,,0.0,8.0,8.0,3.0,,,,,, michael,"['m', 'i', 'c', 'h', 'a', 'e', 'l']","[4.26149959792383, 4.378227800130844, 4.660926932003349, 4.766604779986665, 4.978246629936621, 5.190118104917929, 5.2957548529375345]",1.0,1.0,2.2022922199685127,,,24,1,2020_Jan_21_1002,FaceNameBlocked_revised,3.0.0,85.0430978237848,,4.2614995
104,Male1Block.csv,Brian2.mp4,Brian.JPG,Brian,35.0,M,Timothy,Dylan,Justin,Cody,Jason,Thomas,Brian,David,Adam,Steven,6.0,0.0,5.0,5.0,3.0,0.0,3.0,3.0,6.0,,,,,,,0.0,,,,,,,,,,,24,1,2020_Jan_21_1002,FaceNameBlocked_revised,3.0.0,85.0430978237848,,NaN
112,Male1Block.csv,Brian2.mp4,Brian.JPG,Brian,35.0,M,Timothy,Dylan,Justin,Cody,Jason,Thomas,Brian,David,Adam,Steven,6.0,0.0,5.0,5.0,3.0,,,,,0.0,1.0,1.0,6.0,,,,,,,"['a', 'a', 'backspace', 'backspace', 'backspace']","[4.022265166975558, 4.365756309125572, 4.917501827934757, 5.1054934579879045, 5.281530943932012]",2.0,5.0,3.4228320161346346,,,24,1,2020_Jan_21_1002,FaceNameBlocked_revised,3.0.0,85.0430978237848,,4.0222651
47,Fem2Block.csv,Brianna2.mp4,Brianna.JPG,Brianna,4.0,F,Alyssa,Jenna,Nicole,Emily,Anna,Brianna,Olivia,Ashley,Kelsey,Taylor,5.0,0.0,2.0,2.0,1.0,0.0,6.0,6.0,5.0,,,,,,,1.0,,,,,,,,,,,24,1,2020_Jan_21_1002,FaceNameBlocked_revised,3.0.0,85.0430978237848,,NaN
56,Fem2Block.csv,Brianna2.mp4,Brianna.JPG,Brianna,4.0,F,Alyssa,Jenna,Nicole,Emily,Anna,Brianna,Olivia,Ashley,Kelsey,Taylor,5.0,0.0,2.0,2.0,1.0,,,,,0.0,5.0,5.0,5.0,,,,,, grace,"['g', 'r', 'a', 'c', 'e']","[1.8844290010165423, 2.131335270125419, 2.390482156071812, 2.7423027630429715, 2.942373703001067]",3.0,3.0,9.903902062913405,,,24,1,2020_Jan_21_1002,FaceNameBlocked_revised,3.0.0,85.0430978237848,,1.8844290
75,Fem1Block.csv,Brittany2.mp4,Brittany.JPG,Brittany,5.0,F,Lauren,Katie,Rebecca,Shelby,Julia,Sarah,Brittany,Haley,Heather,Courtney,6.0,0.0,3.0,3.0,0.0,,,,,0.0,4.0,4.0,6.0,,,,,, julia,"['j', 'u', 'l', 'i', 'a']","[4.554381849011406, 4.730649085948244, 5.141500626923516, 5.305247307987884, 5.612443337915465]",1.0,1.0,5.094847831875086,,,24,1,2020_Jan_21_1002,FaceNameBlocked_revised,3.0.0,85.0430978237848,,4.5543818
64,Fem1Block.csv,Brittany2.mp4,Brittany.JPG,Brittany,5.0,F,Lauren,Katie,Rebecca,Shelby,Julia,Sarah,Brittany,Haley,Heather,Courtney,6.0,0.0,3.0,3.0,0.0,0.0,3.0,3.0,6.0,,,,,,,0.0,,,,,,,,,,,24,1,2020_Jan_21_1002,FaceNameBlocked_revised,3.0.0,85.0430978237848,,NaN
39,Male3Block.csv,Caleb5.mp4,Caleb.JPG,Caleb,36.0,M,Eric,Bradley,Noah,Mark,Jacob,Andrew,Caleb,Josh,Aaron,Ethan,6.0,0.0,1.0,1.0,5.0,,,,,0.0,8.0,8.0,6.0,,,,,, ethan,"['e', 't', 'h', 'a', 'n']","[2.3310166620649397, 2.4957112199626863, 2.6487476939801127, 2.8488868409767747, 2.929105418967083]",4.0,4.0,8.776292735012248,,,24,1,2020_Jan_21_1002,FaceNameBlocked_revised,3.0.0,85.0430978237848,,2.3310166
25,Male3Block.csv,Caleb5.mp4,Caleb.JPG,Caleb,36.0,M,Eric,Bradley,Noah,Mark,Jacob,Andrew,Caleb,Josh,Aaron,Ethan,6.0,0.0,1.0,1.0,5.0,0.0,4.0,4.0,6.0,,,,,,,0.0,,,,,,,,,,,24,1,2020_Jan_21_1002,FaceNameBlocked_revised,3.0.0,85.0430978237848,,NaN
115,Male1Block.csv,Cody2.mp4,Cody.JPG,Cody,37.0,M,Timothy,Dylan,Justin,Cody,Jason,Thomas,Brian,David,Adam,Steven,3.0,0.0,5.0,5.0,3.0,,,,,0.0,4.0,4.0,3.0,,,,,, cody,"['c', 'o', 'd', 'y', 'return', 'return', 'return', 'num_enter', 'down', 'right', 'left', 'up', 'left', 'down', 'right']","[2.9431882628705353, 3.049232517834753, 3.1998867709189653, 3.307575847953558, 3.9657749368343502, 4.153876230819151, 4.307061427971348, 5.071305884979665, 5.906226438935846, 6.047803762834519, 6.117827023845166, 6.3653722268063575, 6.541580826975405, 6.751363329822198, 7.481969483895227]",1.0,1.0,2.648472040891648,,,24,1,2020_Jan_21_1002,FaceNameBlocked_revised,3.0.0,85.0430978237848,,2.9431882
110,Male1Block.csv,Cody2.mp4,Cody.JPG,Cody,37.0,M,Timothy,Dylan,Justin,Cody,Jason,Thomas,Brian,David,Adam,Steven,3.0,0.0,5.0,5.0,3.0,0.0,9.0,9.0,3.0,,,,,,,1.0,,,,,,,,,,,24,1,2020_Jan_21_1002,FaceNameBlocked_revised,3.0.0,85.0430978237848,,NaN
69,Fem1Block.csv,Courtney2.mp4,Courtney.JPG,Courtney,6.0,F,Lauren,Katie,Rebecca,Shelby,Julia,Sarah,Brittany,Haley,Heather,Courtney,9.0,0.0,3.0,3.0,0.0,0.0,8.0,8.0,9.0,,,,,,,1.0,,,,,,,,,,,24,1,2020_Jan_21_1002,FaceNameBlocked_revised,3.0.0,85.0430978237848,,NaN
74,Fem1Block.csv,Courtney2.mp4,Courtney.JPG,Courtney,6.0,F,Lauren,Katie,Rebecca,Shelby,Julia,Sarah,Brittany,Haley,Heather,Courtney,9.0,0.0,3.0,3.0,0.0,,,,,0.0,3.0,3.0,9.0,,,,,, courtney,"['c', 'o', 'u', 'r', 't', 'n', 'e', 'y', 'return']","[3.1406045630574226, 3.2834378010593355, 3.4603362111374736, 3.5653195809572935, 4.260229210136458, 4.42449872312136, 4.647536623990163, 4.739918899023905, 5.471045710146427]",1.0,1.0,1.2963028929661962,,,24,1,2020_Jan_21_1002,FaceNameBlocked_revised,3.0.0,85.0430978237848,,3.1406045
96,Male2Block.csv,Daniel3.mp4,Daniel.JPG,Daniel,38.0,M,Daniel,Matthew,Jeremy,Brandon,Tyler,Kyle,Nathan,Trevor,Kevin,Michael,0.0,0.0,4.0,4.0,4.0,,,,,0.0,5.0,5.0,0.0,,,,,, m,['m'],[9.494439875008538],5.0,2.0,2.590503155020997,,,24,1,2020_Jan_21_1002,FaceNameBlocked_revised,3.0.0,85.0430978237848,,9.4944398
83,Male2Block.csv,Daniel3.mp4,Daniel.JPG,Daniel,38.0,M,Daniel,Matthew,Jeremy,Brandon,Tyler,Kyle,Nathan,Trevor,Kevin,Michael,0.0,0.0,4.0,4.0,4.0,0.0,2.0,2.0,0.0,,,,,,,1.0,,,,,,,,,,,24,1,2020_Jan_21_1002,FaceNameBlocked_revised,3.0.0,85.0430978237848,,NaN
11,Fem3Block.csv,Danielle2.mp4,Danielle.JPG,Danielle,7.0,F,Michelle,Danielle,Megan,Rachel,Hannah,Natalie,Jessica,Kayla,Grace,Amanda,1.0,0.0,0.0,0.0,2.0,,,,,0.0,0.0,0.0,1.0,,,,space,13.657092894194648, rachel ,"['r', 'a', 'c', 'h', 'e', 'l', 'return', 'space']","[5.530254330020398, 5.7041019110474735, 6.2713291039690375, 6.4007272340822965, 6.576894304947928, 6.693947670981288, 7.023853633087128, 8.435841429978609]",5.0,2.0,6.341955900192262,,,24,1,2020_Jan_21_1002,FaceNameBlocked_revised,3.0.0,85.0430978237848,,5.5302543
3,Fem3Block.csv,Danielle2.mp4,Danielle.JPG,Danielle,7.0,F,Michelle,Danielle,Megan,Rachel,Hannah,Natalie,Jessica,Kayla,Grace,Amanda,1.0,0.0,0.0,0.0,2.0,0.0,2.0,2.0,1.0,,,,,,,0.0,,,,,,,,,,,24,1,2020_Jan_21_1002,FaceNameBlocked_revised,3.0.0,85.0430978237848,,NaN
109,Male1Block.csv,David2.mp4,David.JPG,David,39.0,M,Timothy,Dylan,Justin,Cody,Jason,Thomas,Brian,David,Adam,Steven,7.0,0.0,5.0,5.0,3.0,0.0,8.0,8.0,7.0,,,,,,,0.0,,,,,,,,,,,24,1,2020_Jan_21_1002,FaceNameBlocked_revised,3.0.0,85.0430978237848,,NaN
116,Male1Block.csv,David2.mp4,David.JPG,David,39.0,M,Timothy,Dylan,Justin,Cody,Jason,Thomas,Brian,David,Adam,Steven,7.0,0.0,5.0,5.0,3.0,,,,,0.0,5.0,5.0,7.0,,,,,, justin,"['j', 'u', 's', 't', 'i', 'n']","[1.259464561007917, 1.4340422491077334, 1.5539763430133462, 1.718227470992133, 1.8943407631013542, 2.036241793073714]",2.0,3.0,1.6219346101861447,,,24,1,2020_Jan_21_1002,FaceNameBlocked_revised,3.0.0,85.0430978237848,,1.2594645
108,Male1Block.csv,Dylan3.mp4,Dylan.JPG,Dylan,40.0,M,Timothy,Dylan,Justin,Cody,Jason,Thomas,Brian,David,Adam,Steven,1.0,0.0,5.0,5.0,3.0,0.0,7.0,7.0,1.0,,,,,,,0.0,,,,,,,,,,,24,1,2020_Jan_21_1002,FaceNameBlocked_revised,3.0.0,85.0430978237848,,NaN
120,Male1Block.csv,Dylan3.mp4,Dylan.JPG,Dylan,40.0,M,Timothy,Dylan,Justin,Cody,Jason,Thomas,Brian,David,Adam,Steven,1.0,0.0,5.0,5.0,3.0,,,,,0.0,9.0,9.0,1.0,,,,,, timothy,"['j', 'backspace', 't', 'i', 'm', 'o', 't', 'h', 'y']","[2.3872974538244307, 3.3767569998744875, 3.6838880598079413, 3.7892757419031113, 3.9632067438215017, 4.083222607849166, 4.37734842998907, 4.78892934997566, 4.9895023859571666]",2.0,1.0,1.5431496701203289,,,24,1,2020_Jan_21_1002,FaceNameBlocked_revised,3.0.0,85.0430978237848,,2.3872974
59,Fem2Block.csv,Emily5.mp4,Emily.JPG,Emily,8.0,F,Alyssa,Jenna,Nicole,Emily,Anna,Brianna,Olivia,Ashley,Kelsey,Taylor,3.0,0.0,2.0,2.0,1.0,,,,,0.0,8.0,8.0,3.0,,,,,, natalie,"['n', 'a', 't', 'a', 'l', 'i', 'e']","[6.43573452392593, 6.729677933035418, 7.058165404014289, 7.3296799240633845, 7.480633056955412, 7.647055731154978, 7.788596765138209]",4.0,5.0,3.305227540899068,,,24,1,2020_Jan_21_1002,FaceNameBlocked_revised,3.0.0,85.0430978237848,,6.4357345
50,Fem2Block.csv,Emily5.mp4,Emily.JPG,Emily,8.0,F,Alyssa,Jenna,Nicole,Emily,Anna,Brianna,Olivia,Ashley,Kelsey,Taylor,3.0,0.0,2.0,2.0,1.0,0.0,9.0,9.0,3.0,,,,,,,1.0,,,,,,,,,,,24,1,2020_Jan_21_1002,FaceNameBlocked_revised,3.0.0,85.0430978237848,,NaN
36,Male3Block.csv,Eric2.mp4,Eric.JPG,Eric,41.0,M,Eric,Bradley,Noah,Mark,Jacob,Andrew,Caleb,Josh,Aaron,Ethan,0.0,0.0,1.0,1.0,5.0,,,,,0.0,5.0,5.0,0.0,,,,,, aaron,"['a', 'a', 'r', 'o', 'n']","[4.319048010976985, 4.612708705011755, 4.930980867007747, 5.107501023914665, 5.259984384989366]",5.0,2.0,5.704048692015932,,,24,1,2020_Jan_21_1002,FaceNameBlocked_revised,3.0.0,85.0430978237848,,4.3190480
30,Male3Block.csv,Eric2.mp4,Eric.JPG,Eric,41.0,M,Eric,Bradley,Noah,Mark,Jacob,Andrew,Caleb,Josh,Aaron,Ethan,0.0,0.0,1.0,1.0,5.0,0.0,9.0,9.0,0.0,,,,,,,1.0,,,,,,,,,,,24,1,2020_Jan_21_1002,FaceNameBlocked_revised,3.0.0,85.0430978237848,,NaN
24,Male3Block.csv,Ethan2.mp4,Ethan.JPG,Ethan,42.0,M,Eric,Bradley,Noah,Mark,Jacob,Andrew,Caleb,Josh,Aaron,Ethan,9.0,0.0,1.0,1.0,5.0,0.0,3.0,3.0,9.0,,,,,,,1.0,,,,,,,,,,,24,1,2020_Jan_21_1002,FaceNameBlocked_revised,3.0.0,85.0430978237848,,NaN
37,Male3Block.csv,Ethan2.mp4,Ethan.JPG,Ethan,42.0,M,Eric,Bradley,Noah,Mark,Jacob,Andrew,Caleb,Josh,Aaron,Ethan,9.0,0.0,1.0,1.0,5.0,,,,,0.0,6.0,6.0,9.0,,,,,, andrew,"['a', 'n', 'd', 'r', 'e', 'w', 'return']","[3.718760499963537, 3.895254446892068, 4.119360837852582, 4.671557393856347, 4.871699868934229, 5.095108418958262, 5.835823389934376]",4.0,4.0,13.384775348007679,,,24,1,2020_Jan_21_1002,FaceNameBlocked_revised,3.0.0,85.0430978237848,,3.7187604
15,Fem3Block.csv,Grace3.mp4,Grace.JPG,Grace,9.0,F,Michelle,Danielle,Megan,Rachel,Hannah,Natalie,Jessica,Kayla,Grace,Amanda,8.0,0.0,0.0,0.0,2.0,,,,,0.0,4.0,4.0,8.0,,,,,, rachel,"['r', 'a', 'c', 'h', 'e', 'l']","[2.5551662258803844, 2.8373262169770896, 3.18847589683719, 3.4013413719367236, 3.5077336428221315, 3.8012561658397317]",4.0,5.0,4.800527535146101,,,24,1,2020_Jan_21_1002,FaceNameBlocked_revised,3.0.0,85.0430978237848,,2.5551662
6,Fem3Block.csv,Grace3.mp4,Grace.JPG,Grace,9.0,F,Michelle,Danielle,Megan,Rachel,Hannah,Natalie,Jessica,Kayla,Grace,Amanda,8.0,0.0,0.0,0.0,2.0,0.0,5.0,5.0,8.0,,,,,,,0.0,,,,,,,,,,,24,1,2020_Jan_21_1002,FaceNameBlocked_revised,3.0.0,85.0430978237848,,NaN
78,Fem1Block.csv,Haley2.mp4,Haley.JPG,Haley,10.0,F,Lauren,Katie,Rebecca,Shelby,Julia,Sarah,Brittany,Haley,Heather,Courtney,7.0,0.0,3.0,3.0,0.0,,,,,0.0,7.0,7.0,7.0,,,,,, haley,"['h', 'a', 'l', 'e', 'y']","[1.3205770619679242, 1.484028321923688, 1.6733164640609175, 1.8234065189026296, 1.9432755620218813]",2.0,2.0,1.8817122711334375,,,24,1,2020_Jan_21_1002,FaceNameBlocked_revised,3.0.0,85.0430978237848,,1.3205770
67,Fem1Block.csv,Haley2.mp4,Haley.JPG,Haley,10.0,F,Lauren,Katie,Rebecca,Shelby,Julia,Sarah,Brittany,Haley,Heather,Courtney,7.0,0.0,3.0,3.0,0.0,0.0,6.0,6.0,7.0,,,,,,,0.0,,,,,,,,,,,24,1,2020_Jan_21_1002,FaceNameBlocked_revised,3.0.0,85.0430978237848,,NaN
12,Fem3Block.csv,Hannah2.mp4,Hannah.JPG,Hannah,11.0,F,Michelle,Danielle,Megan,Rachel,Hannah,Natalie,Jessica,Kayla,Grace,Amanda,4.0,0.0,0.0,0.0,2.0,,,,,0.0,1.0,1.0,4.0,,,,,, natalie,"['n', 'a', 't', 'a', 'l', 'i', 'e']","[3.8482701601460576, 4.271784011973068, 4.495189967099577, 4.7422137330286205, 5.0831525470130146, 5.224548207130283, 5.37731869216077]",3.0,2.0,2.8847603471949697,,,24,1,2020_Jan_21_1002,FaceNameBlocked_revised,3.0.0,85.0430978237848,,3.8482701
9,Fem3Block.csv,Hannah2.mp4,Hannah.JPG,Hannah,11.0,F,Michelle,Danielle,Megan,Rachel,Hannah,Natalie,Jessica,Kayla,Grace,Amanda,4.0,0.0,0.0,0.0,2.0,0.0,8.0,8.0,4.0,,,,,,,0.0,,,,,,,,,,,24,1,2020_Jan_21_1002,FaceNameBlocked_revised,3.0.0,85.0430978237848,,NaN
71,Fem1Block.csv,Heather3.mp4,Heather.JPG,Heather,12.0,F,Lauren,Katie,Rebecca,Shelby,Julia,Sarah,Brittany,Haley,Heather,Courtney,8.0,0.0,3.0,3.0,0.0,,,,,0.0,0.0,0.0,8.0,,,,space,1.5308937358204275, heather,"['h', 'e', 'a', 't', 'h', 'e', 'r', 'return']","[2.1200833648908883, 2.167073077056557, 2.308289971901104, 2.473099015885964, 2.5898581058718264, 2.6847152828704566, 2.8134401079732925, 3.06031904486008]",5.0,5.0,2.2488509370014067,,,24,1,2020_Jan_21_1002,FaceNameBlocked_revised,3.0.0,85.0430978237848,,2.1200833
61,Fem1Block.csv,Heather3.mp4,Heather.JPG,Heather,12.0,F,Lauren,Katie,Rebecca,Shelby,Julia,Sarah,Brittany,Haley,Heather,Courtney,8.0,0.0,3.0,3.0,0.0,0.0,0.0,0.0,8.0,,,,,,,0.0,,,,,,,,,,,24,1,2020_Jan_21_1002,FaceNameBlocked_revised,3.0.0,85.0430978237848,,NaN
26,Male3Block.csv,Jacob3.mp4,Jacob.JPG,Jacob,43.0,M,Eric,Bradley,Noah,Mark,Jacob,Andrew,Caleb,Josh,Aaron,Ethan,4.0,0.0,1.0,1.0,5.0,0.0,5.0,5.0,4.0,,,,,,,0.0,,,,,,,,,,,24,1,2020_Jan_21_1002,FaceNameBlocked_revised,3.0.0,85.0430978237848,,NaN
38,Male3Block.csv,Jacob3.mp4,Jacob.JPG,Jacob,43.0,M,Eric,Bradley,Noah,Mark,Jacob,Andrew,Caleb,Josh,Aaron,Ethan,4.0,0.0,1.0,1.0,5.0,,,,,0.0,7.0,7.0,4.0,,,,,, jacob,"['j', 'a', 'c', 'o', 'b']","[1.7312704930081964, 1.8733273360412568, 2.176753319101408, 2.3198419630061835, 2.4726272930856794]",3.0,3.0,6.047266209963709,,,24,1,2020_Jan_21_1002,FaceNameBlocked_revised,3.0.0,85.0430978237848,,1.7312704
103,Male1Block.csv,Jason4.mp4,Jason.JPG,Jason,44.0,M,Timothy,Dylan,Justin,Cody,Jason,Thomas,Brian,David,Adam,Steven,4.0,0.0,5.0,5.0,3.0,0.0,2.0,2.0,4.0,,,,,,,0.0,,,,,,,,,,,24,1,2020_Jan_21_1002,FaceNameBlocked_revised,3.0.0,85.0430978237848,,NaN
114,Male1Block.csv,Jason4.mp4,Jason.JPG,Jason,44.0,M,Timothy,Dylan,Justin,Cody,Jason,Thomas,Brian,David,Adam,Steven,4.0,0.0,5.0,5.0,3.0,,,,,0.0,3.0,3.0,4.0,,,,,, dylan,"['d', 'y', 'l', 'a', 'n', 'return']","[2.342197299003601, 2.4843839269597083, 2.672682330943644, 2.849098925013095, 3.025276618078351, 3.448222978040576]",2.0,2.0,5.731008270988242,,,24,1,2020_Jan_21_1002,FaceNameBlocked_revised,3.0.0,85.0430978237848,,2.3421972
48,Fem2Block.csv,Jenna4.mp4,Jenna.JPG,Jenna,13.0,F,Alyssa,Jenna,Nicole,Emily,Anna,Brianna,Olivia,Ashley,Kelsey,Taylor,1.0,0.0,2.0,2.0,1.0,0.0,7.0,7.0,1.0,,,,,,,0.0,,,,,,,,,,,24,1,2020_Jan_21_1002,FaceNameBlocked_revised,3.0.0,85.0430978237848,,NaN
53,Fem2Block.csv,Jenna4.mp4,Jenna.JPG,Jenna,13.0,F,Alyssa,Jenna,Nicole,Emily,Anna,Brianna,Olivia,Ashley,Kelsey,Taylor,1.0,0.0,2.0,2.0,1.0,,,,,0.0,2.0,2.0,1.0,,,,,, taylor,"['t', 'a', 'y', 'l', 'o', 'r']","[4.246208610013127, 4.541698406916112, 4.777245115954429, 5.118364288005978, 5.4947130479849875, 5.599854398984462]",2.0,4.0,9.634615337941797,,,24,1,2020_Jan_21_1002,FaceNameBlocked_revised,3.0.0,85.0430978237848,,4.2462086
95,Male2Block.csv,Jeremy2.mp4,Jeremy.JPG,Jeremy,45.0,M,Daniel,Matthew,Jeremy,Brandon,Tyler,Kyle,Nathan,Trevor,Kevin,Michael,2.0,0.0,4.0,4.0,4.0,,,,,0.0,4.0,4.0,2.0,,,,,, jeremy,"['j', 'r', 'e', 'm', 'backspace', 'backspace', 'backspace', 'e', 'r', 'e', 'm', 'y']","[1.590236193034798, 1.9072943278588355, 2.11986019089818, 2.260227605002001, 2.742300088983029, 2.942157808924094, 3.118798359995708, 3.3758384988177568, 3.495862602023408, 3.62472060485743, 3.977927786996588, 4.272065138909966]",3.0,3.0,1.1430576839484274,,,24,1,2020_Jan_21_1002,FaceNameBlocked_revised,3.0.0,85.0430978237848,,1.5902361
88,Male2Block.csv,Jeremy2.mp4,Jeremy.JPG,Jeremy,45.0,M,Daniel,Matthew,Jeremy,Brandon,Tyler,Kyle,Nathan,Trevor,Kevin,Michael,2.0,0.0,4.0,4.0,4.0,0.0,7.0,7.0,2.0,,,,,,,1.0,,,,,,,,,,,24,1,2020_Jan_21_1002,FaceNameBlocked_revised,3.0.0,85.0430978237848,,NaN
14,Fem3Block.csv,Jessica2.mp4,Jessica.JPG,Jessica,14.0,F,Michelle,Danielle,Megan,Rachel,Hannah,Natalie,Jessica,Kayla,Grace,Amanda,6.0,0.0,0.0,0.0,2.0,,,,,0.0,3.0,3.0,6.0,,,,,, grace,"['g', 'r', 'a', 'c', 'e']","[1.5902025031391531, 1.8728961700107902, 2.0612084791064262, 2.3666229390073568, 2.5081599440891296]",4.0,3.0,2.0015748171135783,,,24,1,2020_Jan_21_1002,FaceNameBlocked_revised,3.0.0,85.0430978237848,,1.5902025
4,Fem3Block.csv,Jessica2.mp4,Jessica.JPG,Jessica,14.0,F,Michelle,Danielle,Megan,Rachel,Hannah,Natalie,Jessica,Kayla,Grace,Amanda,6.0,0.0,0.0,0.0,2.0,0.0,3.0,3.0,6.0,,,,,,,0.0,,,,,,,,,,,24,1,2020_Jan_21_1002,FaceNameBlocked_revised,3.0.0,85.0430978237848,,NaN
27,Male3Block.csv,Josh3.mp4,Josh.JPG,Josh,46.0,M,Eric,Bradley,Noah,Mark,Jacob,Andrew,Caleb,Josh,Aaron,Ethan,7.0,0.0,1.0,1.0,5.0,0.0,6.0,6.0,7.0,,,,,,,0.0,,,,,,,,,,,24,1,2020_Jan_21_1002,FaceNameBlocked_revised,3.0.0,85.0430978237848,,NaN
33,Male3Block.csv,Josh3.mp4,Josh.JPG,Josh,46.0,M,Eric,Bradley,Noah,Mark,Jacob,Andrew,Caleb,Josh,Aaron,Ethan,7.0,0.0,1.0,1.0,5.0,,,,,0.0,2.0,2.0,7.0,,,,,, josh,"['j', 'a', 'c', 'o', 'b', 'backspace', 'backspace', 'backspace', 'backspace', 'o', 's', 'h']","[2.660441424930468, 3.2837113130372018, 3.742997068911791, 4.554764247965068, 4.777293334016576, 7.129490518942475, 7.341120030963793, 7.4825243500526994, 7.635241114068776, 8.306449339957908, 8.92972724698484, 9.0935935289599]",3.0,3.0,2.2958872290328145,,,24,1,2020_Jan_21_1002,FaceNameBlocked_revised,3.0.0,85.0430978237848,,2.6604414
62,Fem1Block.csv,Julia2.mp4,Julia.JPG,Julia,15.0,F,Lauren,Katie,Rebecca,Shelby,Julia,Sarah,Brittany,Haley,Heather,Courtney,4.0,0.0,3.0,3.0,0.0,0.0,1.0,1.0,4.0,,,,,,,0.0,,,,,,,,,,,24,1,2020_Jan_21_1002,FaceNameBlocked_revised,3.0.0,85.0430978237848,,NaN
72,Fem1Block.csv,Julia2.mp4,Julia.JPG,Julia,15.0,F,Lauren,Katie,Rebecca,Shelby,Julia,Sarah,Brittany,Haley,Heather,Courtney,4.0,0.0,3.0,3.0,0.0,,,,,0.0,1.0,1.0,4.0,,,,,, rebecca,"['r', 'e', 'b', 'e', 'c', 'c', 'a', 'return', 'return', 'return', 'return']","[1.707981124985963, 1.8021426110062748, 2.011468921089545, 2.131494161905721, 2.4602004159241915, 2.63707790710032, 2.8840926429256797, 6.294500207994133, 6.529914159094915, 6.7061775990296155, 6.905957109993324]",3.0,2.0,2.2231194418855007,,,24,1,2020_Jan_21_1002,FaceNameBlocked_revised,3.0.0,85.0430978237848,,1.7079811
118,Male1Block.csv,Justin2.mp4,Justin.JPG,Justin,47.0,M,Timothy,Dylan,Justin,Cody,Jason,Thomas,Brian,David,Adam,Steven,2.0,0.0,5.0,5.0,3.0,,,,,0.0,7.0,7.0,2.0,,,,,, justin,"['j', 'u', 's', 't', 'i', 'n']","[8.645063982810825, 8.858701881021261, 9.011901667807251, 9.221482389839366, 9.281837900867686, 9.42296402901411]",2.0,5.0,3.3187714891973883,,,24,1,2020_Jan_21_1002,FaceNameBlocked_revised,3.0.0,85.0430978237848,,8.6450639
101,Male1Block.csv,Justin2.mp4,Justin.JPG,Justin,47.0,M,Timothy,Dylan,Justin,Cody,Jason,Thomas,Brian,David,Adam,Steven,2.0,0.0,5.0,5.0,3.0,0.0,0.0,0.0,2.0,,,,,,,1.0,,,,,,,,,,,24,1,2020_Jan_21_1002,FaceNameBlocked_revised,3.0.0,85.0430978237848,,NaN
65,Fem1Block.csv,Katie2.mp4,Katie.JPG,Katie,16.0,F,Lauren,Katie,Rebecca,Shelby,Julia,Sarah,Brittany,Haley,Heather,Courtney,1.0,0.0,3.0,3.0,0.0,0.0,4.0,4.0,1.0,,,,,,,0.0,,,,,,,,,,,24,1,2020_Jan_21_1002,FaceNameBlocked_revised,3.0.0,85.0430978237848,,NaN
79,Fem1Block.csv,Katie2.mp4,Katie.JPG,Katie,16.0,F,Lauren,Katie,Rebecca,Shelby,Julia,Sarah,Brittany,Haley,Heather,Courtney,1.0,0.0,3.0,3.0,0.0,,,,,0.0,8.0,8.0,1.0,,,,,,julia,"['b', 'r', 'i', 'n', 't', 'e', 'backspace', 'backspace', 'backspace', 'backspace', 'backspace', 'backspace', 'backspace', 'j', 'u', 'l', 'i', 'a']","[3.0961943410802633, 3.2612967209424824, 3.3318817110266536, 3.483664652099833, 3.576729465974495, 3.7528503290377557, 4.236566198058426, 4.448516973061487, 4.6123152419459075, 4.801166827091947, 4.98907608888112, 5.166104652918875, 5.352459822082892, 6.2485568560659885, 6.728651087032631, 7.071969741024077, 7.236231395043433, 7.401103481883183]",1.0,1.0,1.2721885479986668,,,24,1,2020_Jan_21_1002,FaceNameBlocked_revised,3.0.0,85.0430978237848,,3.0961943
7,Fem3Block.csv,Kayla3.mp4,Kayla.JPG,Kayla,17.0,F,Michelle,Danielle,Megan,Rachel,Hannah,Natalie,Jessica,Kayla,Grace,Amanda,7.0,0.0,0.0,0.0,2.0,0.0,6.0,6.0,7.0,,,,,,,0.0,,,,,,,,,,,24,1,2020_Jan_21_1002,FaceNameBlocked_revised,3.0.0,85.0430978237848,,NaN
13,Fem3Block.csv,Kayla3.mp4,Kayla.JPG,Kayla,17.0,F,Michelle,Danielle,Megan,Rachel,Hannah,Natalie,Jessica,Kayla,Grace,Amanda,7.0,0.0,0.0,0.0,2.0,,,,,0.0,2.0,2.0,7.0,,,,,, michelle,"['m', 'i', 'c', 'h', 'e', 'l', 'l', 'e']","[1.0614710950758308, 1.226192400092259, 1.391090570949018, 1.5436000449117273, 1.7081879798788577, 1.9434760520234704, 2.1194457639940083, 2.2500914179254323]",5.0,3.0,1.578426681924611,,,24,1,2020_Jan_21_1002,FaceNameBlocked_revised,3.0.0,85.0430978237848,,1.0614710
49,Fem2Block.csv,Kelsey2.mp4,Kelsey.JPG,Kelsey,18.0,F,Alyssa,Jenna,Nicole,Emily,Anna,Brianna,Olivia,Ashley,Kelsey,Taylor,8.0,0.0,2.0,2.0,1.0,0.0,8.0,8.0,8.0,,,,,,,0.0,,,,,,,,,,,24,1,2020_Jan_21_1002,FaceNameBlocked_revised,3.0.0,85.0430978237848,,NaN
54,Fem2Block.csv,Kelsey2.mp4,Kelsey.JPG,Kelsey,18.0,F,Alyssa,Jenna,Nicole,Emily,Anna,Brianna,Olivia,Ashley,Kelsey,Taylor,8.0,0.0,2.0,2.0,1.0,,,,,0.0,3.0,3.0,8.0,,,,,,k,"['a', 's', 'h', 'l', 'e', 'y', 'backspace', 'backspace', 'backspace', 'backspace', 'backspace', 'backspace', 'backspace', 'k']","[1.7899801491294056, 1.9899131590500474, 2.1078960429877043, 2.2726541000884026, 2.413474694127217, 2.6485960809513927, 4.235826008953154, 5.424141169991344, 5.600269898073748, 5.765023584943265, 5.941560906125233, 6.129116985015571, 6.306214506039396, 7.315478747012094]",3.0,3.0,2.131201877025888,,,24,1,2020_Jan_21_1002,FaceNameBlocked_revised,3.0.0,85.0430978237848,,1.7899801
97,Male2Block.csv,Kevin2.mp4,Kevin.JPG,Kevin,48.0,M,Daniel,Matthew,Jeremy,Brandon,Tyler,Kyle,Nathan,Trevor,Kevin,Michael,8.0,0.0,4.0,4.0,4.0,,,,,0.0,6.0,6.0,8.0,,,,,, kevin,"['k', 'e', 'v', 'i', 'n']","[1.049184893956408, 1.1664272169582546, 1.4488635109737515, 1.6254757829010487, 1.766882587922737]",4.0,4.0,1.4968679340090605,,,24,1,2020_Jan_21_1002,FaceNameBlocked_revised,3.0.0,85.0430978237848,,1.0491848
85,Male2Block.csv,Kevin2.mp4,Kevin.JPG,Kevin,48.0,M,Daniel,Matthew,Jeremy,Brandon,Tyler,Kyle,Nathan,Trevor,Kevin,Michael,8.0,0.0,4.0,4.0,4.0,0.0,4.0,4.0,8.0,,,,,,,0.0,,,,,,,,,,,24,1,2020_Jan_21_1002,FaceNameBlocked_revised,3.0.0,85.0430978237848,,NaN
94,Male2Block.csv,Kyle3.mp4,Kyle.JPG,Kyle,49.0,M,Daniel,Matthew,Jeremy,Brandon,Tyler,Kyle,Nathan,Trevor,Kevin,Michael,5.0,0.0,4.0,4.0,4.0,,,,,0.0,3.0,3.0,5.0,,,,,, daniel,"['d', 'a', 'n', 'i', 'e', 'l']","[8.26930212508887, 8.481088673928753, 8.633022488094866, 8.751932013081387, 8.880973100895062, 9.057403048034757]",2.0,4.0,2.658993565011769,,,24,1,2020_Jan_21_1002,FaceNameBlocked_revised,3.0.0,85.0430978237848,,8.2693021
89,Male2Block.csv,Kyle3.mp4,Kyle.JPG,Kyle,49.0,M,Daniel,Matthew,Jeremy,Brandon,Tyler,Kyle,Nathan,Trevor,Kevin,Michael,5.0,0.0,4.0,4.0,4.0,0.0,8.0,8.0,5.0,,,,,,,1.0,,,,,,,,,,,24,1,2020_Jan_21_1002,FaceNameBlocked_revised,3.0.0,85.0430978237848,,NaN
80,Fem1Block.csv,Lauren4.mp4,Lauren.JPG,Lauren,19.0,F,Lauren,Katie,Rebecca,Shelby,Julia,Sarah,Brittany,Haley,Heather,Courtney,0.0,0.0,3.0,3.0,0.0,,,,,0.0,9.0,9.0,0.0,,,,,, nicole,"['n', 'i', 'c', 'o', 'l', 'e']","[4.789928185986355, 4.883951031137258, 5.001329301157966, 5.1421424760483205, 5.41305731004104, 5.518810902023688]",5.0,5.0,3.4000944858416915,,,24,1,2020_Jan_21_1002,FaceNameBlocked_revised,3.0.0,85.0430978237848,,4.7899281
63,Fem1Block.csv,Lauren4.mp4,Lauren.JPG,Lauren,19.0,F,Lauren,Katie,Rebecca,Shelby,Julia,Sarah,Brittany,Haley,Heather,Courtney,0.0,0.0,3.0,3.0,0.0,0.0,2.0,2.0,0.0,,,,,,,1.0,,,,,,,,,,,24,1,2020_Jan_21_1002,FaceNameBlocked_revised,3.0.0,85.0430978237848,,NaN
34,Male3Block.csv,Mark3.mp4,Mark.JPG,Mark,50.0,M,Eric,Bradley,Noah,Mark,Jacob,Andrew,Caleb,Josh,Aaron,Ethan,3.0,0.0,1.0,1.0,5.0,,,,,0.0,3.0,3.0,3.0,,,,,, eric,"['e', 'r', 'i', 'c', 'return']","[7.682683060877025, 7.823403317015618, 7.976481114979833, 8.14092820789665, 8.975295037031174]",2.0,5.0,2.963868066901341,,,24,1,2020_Jan_21_1002,FaceNameBlocked_revised,3.0.0,85.0430978237848,,7.6826830
23,Male3Block.csv,Mark3.mp4,Mark.JPG,Mark,50.0,M,Eric,Bradley,Noah,Mark,Jacob,Andrew,Caleb,Josh,Aaron,Ethan,3.0,0.0,1.0,1.0,5.0,0.0,2.0,2.0,3.0,,,,,,,1.0,,,,,,,,,,,24,1,2020_Jan_21_1002,FaceNameBlocked_revised,3.0.0,85.0430978237848,,NaN
98,Male2Block.csv,Matthew2.mp4,Matthew.JPG,Matthew,51.0,M,Daniel,Matthew,Jeremy,Brandon,Tyler,Kyle,Nathan,Trevor,Kevin,Michael,1.0,0.0,4.0,4.0,4.0,,,,,0.0,7.0,7.0,1.0,,,,,, ,None,,1.0,2.0,1.049920505145565,,,24,1,2020_Jan_21_1002,FaceNameBlocked_revised,3.0.0,85.0430978237848,,NaN
86,Male2Block.csv,Matthew2.mp4,Matthew.JPG,Matthew,51.0,M,Daniel,Matthew,Jeremy,Brandon,Tyler,Kyle,Nathan,Trevor,Kevin,Michael,1.0,0.0,4.0,4.0,4.0,0.0,5.0,5.0,1.0,,,,,,,0.0,,,,,,,,,,,24,1,2020_Jan_21_1002,FaceNameBlocked_revised,3.0.0,85.0430978237848,,NaN
19,Fem3Block.csv,Megan2.mp4,Megan.JPG,Megan,20.0,F,Michelle,Danielle,Megan,Rachel,Hannah,Natalie,Jessica,Kayla,Grace,Amanda,2.0,0.0,0.0,0.0,2.0,,,,,0.0,8.0,8.0,2.0,,,,,, grace,"['g', 'r', 'a', 'c', 'e']","[1.5086799110285938, 1.755467158043757, 1.9198162991087884, 2.284899567021057, 2.4262221709359437]",2.0,5.0,2.199807785917073,,,24,1,2020_Jan_21_1002,FaceNameBlocked_revised,3.0.0,85.0430978237848,,1.5086799
10,Fem3Block.csv,Megan2.mp4,Megan.JPG,Megan,20.0,F,Michelle,Danielle,Megan,Rachel,Hannah,Natalie,Jessica,Kayla,Grace,Amanda,2.0,0.0,0.0,0.0,2.0,0.0,9.0,9.0,2.0,,,,,,,1.0,,,,,,,,,,,24,1,2020_Jan_21_1002,FaceNameBlocked_revised,3.0.0,85.0430978237848,,NaN
92,Male2Block.csv,Michael2.mp4,Michael.JPG,Michael,52.0,M,Daniel,Matthew,Jeremy,Brandon,Tyler,Kyle,Nathan,Trevor,Kevin,Michael,9.0,0.0,4.0,4.0,4.0,,,,,0.0,1.0,1.0,9.0,,,,,, daniel,"['d', 'a', 'n', 'i', 'e', 'l']","[6.374075994826853, 6.70548783079721, 6.799977653892711, 6.90568418498151, 7.094593751011416, 7.110448258928955]",3.0,1.0,2.0605229928623885,,,24,1,2020_Jan_21_1002,FaceNameBlocked_revised,3.0.0,85.0430978237848,,6.3740759
84,Male2Block.csv,Michael2.mp4,Michael.JPG,Michael,52.0,M,Daniel,Matthew,Jeremy,Brandon,Tyler,Kyle,Nathan,Trevor,Kevin,Michael,9.0,0.0,4.0,4.0,4.0,0.0,3.0,3.0,9.0,,,,,,,1.0,,,,,,,,,,,24,1,2020_Jan_21_1002,FaceNameBlocked_revised,3.0.0,85.0430978237848,,NaN
1,Fem3Block.csv,Michelle2.mp4,Michelle.JPG,Michelle,21.0,F,Michelle,Danielle,Megan,Rachel,Hannah,Natalie,Jessica,Kayla,Grace,Amanda,0.0,0.0,0.0,0.0,2.0,0.0,0.0,0.0,0.0,,,,,,,1.0,,,,,,,,,,,24,1,2020_Jan_21_1002,FaceNameBlocked_revised,3.0.0,85.0430978237848,,NaN
20,Fem3Block.csv,Michelle2.mp4,Michelle.JPG,Michelle,21.0,F,Michelle,Danielle,Megan,Rachel,Hannah,Natalie,Jessica,Kayla,Grace,Amanda,0.0,0.0,0.0,0.0,2.0,,,,,0.0,9.0,9.0,0.0,,,,,, amandda,"['g', 'backspace', 'a', 'm', 'a', 'n', 'd', 'd', 'a']","[2.245416949968785, 3.3285679700784385, 8.316609774017707, 8.469426767900586, 8.598785289097577, 8.70512301591225, 8.82258813502267, 9.022826286032796, 9.038418049924076]",1.0,4.0,5.342864478006959,,,24,1,2020_Jan_21_1002,FaceNameBlocked_revised,3.0.0,85.0430978237848,,2.2454169
8,Fem3Block.csv,Natalie3.mp4,Natalie.JPG,Natalie,22.0,F,Michelle,Danielle,Megan,Rachel,Hannah,Natalie,Jessica,Kayla,Grace,Amanda,5.0,0.0,0.0,0.0,2.0,0.0,7.0,7.0,5.0,,,,,,,1.0,,,,,,,,,,,24,1,2020_Jan_21_1002,FaceNameBlocked_revised,3.0.0,85.0430978237848,,NaN
18,Fem3Block.csv,Natalie3.mp4,Natalie.JPG,Natalie,22.0,F,Michelle,Danielle,Megan,Rachel,Hannah,Natalie,Jessica,Kayla,Grace,Amanda,5.0,0.0,0.0,0.0,2.0,,,,,0.0,7.0,7.0,5.0,,,,,, amanda,"['a', 'm', 'a', 'n', 'd', 'a']","[3.2488634451292455, 3.3897994079161435, 3.554264065111056, 3.705447887070477, 3.824837459018454, 3.9777255600783974]",3.0,2.0,2.2957366569899023,,,24,1,2020_Jan_21_1002,FaceNameBlocked_revised,3.0.0,85.0430978237848,,3.2488634
91,Male2Block.csv,Nathan3.mp4,Nathan.JPG,Nathan,53.0,M,Daniel,Matthew,Jeremy,Brandon,Tyler,Kyle,Nathan,Trevor,Kevin,Michael,6.0,0.0,4.0,4.0,4.0,,,,,0.0,0.0,0.0,6.0,,,,space,8.118954607984051, nathan,"['n', 'a', 't', 'a', 'backspace', 'h', 'a', 'n', 'return']","[1.779203437967226, 1.9061679190490395, 2.1085522030480206, 2.37901041097939, 2.884348339168355, 3.2025093431584537, 3.331710685044527, 3.436796072172001, 4.389787620166317]",5.0,5.0,2.2719201489817347,,,24,1,2020_Jan_21_1002,FaceNameBlocked_revised,3.0.0,85.0430978237848,,1.7792034
81,Male2Block.csv,Nathan3.mp4,Nathan.JPG,Nathan,53.0,M,Daniel,Matthew,Jeremy,Brandon,Tyler,Kyle,Nathan,Trevor,Kevin,Michael,6.0,0.0,4.0,4.0,4.0,0.0,0.0,0.0,6.0,,,,,,,0.0,,,,,,,,,,,24,1,2020_Jan_21_1002,FaceNameBlocked_revised,3.0.0,85.0430978237848,,NaN
60,Fem2Block.csv,Nicole2.mp4,Nicole.JPG,Nicole,23.0,F,Alyssa,Jenna,Nicole,Emily,Anna,Brianna,Olivia,Ashley,Kelsey,Taylor,2.0,0.0,2.0,2.0,1.0,,,,,0.0,9.0,9.0,2.0,,,,,, brianna,"['n', 'i', 'c', 'backspace', 'backspace', 'backspace', 'b', 'r', 'a', 'i', 'n', 'backspace', 'backspace', 'backspace', 'i', 'a', 'n', 'n', 'a']","[2.753934793174267, 2.871246990049258, 3.07135993312113, 3.5760419031139463, 3.7650827690958977, 3.9182119220495224, 5.468914328143001, 5.611976656131446, 5.834833416156471, 6.011922060977668, 6.165289171040058, 6.5644090180285275, 6.740024985047057, 6.881294029997662, 7.517307820962742, 7.764761256985366, 7.9173423810862005, 8.105822537094355, 8.305685620056465]",2.0,1.0,2.378133795922622,,,24,1,2020_Jan_21_1002,FaceNameBlocked_revised,3.0.0,85.0430978237848,,2.7539347
44,Fem2Block.csv,Nicole2.mp4,Nicole.JPG,Nicole,23.0,F,Alyssa,Jenna,Nicole,Emily,Anna,Brianna,Olivia,Ashley,Kelsey,Taylor,2.0,0.0,2.0,2.0,1.0,0.0,3.0,3.0,2.0,,,,,,,1.0,,,,,,,,,,,24,1,2020_Jan_21_1002,FaceNameBlocked_revised,3.0.0,85.0430978237848,,NaN
29,Male3Block.csv,Noah2.mp4,Noah.JPG,Noah,54.0,M,Eric,Bradley,Noah,Mark,Jacob,Andrew,Caleb,Josh,Aaron,Ethan,2.0,0.0,1.0,1.0,5.0,0.0,8.0,8.0,2.0,,,,,,,1.0,,,,,,,,,,,24,1,2020_Jan_21_1002,FaceNameBlocked_revised,3.0.0,85.0430978237848,,NaN
35,Male3Block.csv,Noah2.mp4,Noah.JPG,Noah,54.0,M,Eric,Bradley,Noah,Mark,Jacob,Andrew,Caleb,Josh,Aaron,Ethan,2.0,0.0,1.0,1.0,5.0,,,,,0.0,4.0,4.0,2.0,,,,,, noah,"['n', 'a', 'o', 'h', 'backspace', 'backspace', 'backspace', 'o', 'a', 'h']","[2.5079510908108205, 2.6841204478405416, 2.895744106033817, 3.1897953909356147, 3.530081670032814, 3.70665155001916, 3.859705382026732, 4.165652822935954, 4.31899863993749, 4.483603885862976]",5.0,1.0,6.223583396989852,,,24,1,2020_Jan_21_1002,FaceNameBlocked_revised,3.0.0,85.0430978237848,,2.5079510
42,Fem2Block.csv,Olivia3.mp4,Olivia.JPG,Olivia,24.0,F,Alyssa,Jenna,Nicole,Emily,Anna,Brianna,Olivia,Ashley,Kelsey,Taylor,6.0,0.0,2.0,2.0,1.0,0.0,1.0,1.0,6.0,,,,,,,0.0,,,,,,,,,,,24,1,2020_Jan_21_1002,FaceNameBlocked_revised,3.0.0,85.0430978237848,,NaN
57,Fem2Block.csv,Olivia3.mp4,Olivia.JPG,Olivia,24.0,F,Alyssa,Jenna,Nicole,Emily,Anna,Brianna,Olivia,Ashley,Kelsey,Taylor,6.0,0.0,2.0,2.0,1.0,,,,,0.0,6.0,6.0,6.0,,,,,, nicole,"['n', 'i', 'c', 'o', 'l', 'e']","[2.272670987062156, 2.4020100489724427, 2.5672465190291405, 2.7311390868853778, 3.048370163887739, 3.0641615940257907]",3.0,3.0,11.105613545980306,,,24,1,2020_Jan_21_1002,FaceNameBlocked_revised,3.0.0,85.0430978237848,,2.2726709
16,Fem3Block.csv,Rachel3.mp4,Rachel.JPG,Rachel,25.0,F,Michelle,Danielle,Megan,Rachel,Hannah,Natalie,Jessica,Kayla,Grace,Amanda,3.0,0.0,0.0,0.0,2.0,,,,,0.0,5.0,5.0,3.0,,,,,, amanda,"['a', 'm', 'a', 'n', 'd', 'a']","[3.3788641889113933, 3.5435400009155273, 3.6843232410028577, 3.8372314900625497, 3.95466556889005, 4.131396969081834]",3.0,4.0,3.5075195541139688,,,24,1,2020_Jan_21_1002,FaceNameBlocked_revised,3.0.0,85.0430978237848,,3.3788641
2,Fem3Block.csv,Rachel3.mp4,Rachel.JPG,Rachel,25.0,F,Michelle,Danielle,Megan,Rachel,Hannah,Natalie,Jessica,Kayla,Grace,Amanda,3.0,0.0,0.0,0.0,2.0,0.0,1.0,1.0,3.0,,,,,,,1.0,,,,,,,,,,,24,1,2020_Jan_21_1002,FaceNameBlocked_revised,3.0.0,85.0430978237848,,NaN
66,Fem1Block.csv,Rebecca3.mp4,Rebecca.JPG,Rebecca,26.0,F,Lauren,Katie,Rebecca,Shelby,Julia,Sarah,Brittany,Haley,Heather,Courtney,2.0,0.0,3.0,3.0,0.0,0.0,5.0,5.0,2.0,,,,,,,1.0,,,,,,,,,,,24,1,2020_Jan_21_1002,FaceNameBlocked_revised,3.0.0,85.0430978237848,,NaN
77,Fem1Block.csv,Rebecca3.mp4,Rebecca.JPG,Rebecca,26.0,F,Lauren,Katie,Rebecca,Shelby,Julia,Sarah,Brittany,Haley,Heather,Courtney,2.0,0.0,3.0,3.0,0.0,,,,,0.0,6.0,6.0,2.0,,,,,, julia,"['j', 'u', 'l', 'i', 'l', 'a', 'backspace', 'backspace', 'a', 'return']","[6.8363371239975095, 7.094460105057806, 7.282053563045338, 7.435990899102762, 7.57643244205974, 7.694511874113232, 8.694197134114802, 8.905550931114703, 9.350769193144515, 9.599328080192208]",2.0,4.0,4.2370312090497455,,,24,1,2020_Jan_21_1002,FaceNameBlocked_revised,3.0.0,85.0430978237848,,6.8363371
68,Fem1Block.csv,Sarah2.mp4,Sarah.JPG,Sarah,27.0,F,Lauren,Katie,Rebecca,Shelby,Julia,Sarah,Brittany,Haley,Heather,Courtney,5.0,0.0,3.0,3.0,0.0,0.0,7.0,7.0,5.0,,,,,,,1.0,,,,,,,,,,,24,1,2020_Jan_21_1002,FaceNameBlocked_revised,3.0.0,85.0430978237848,,NaN
73,Fem1Block.csv,Sarah2.mp4,Sarah.JPG,Sarah,27.0,F,Lauren,Katie,Rebecca,Shelby,Julia,Sarah,Brittany,Haley,Heather,Courtney,5.0,0.0,3.0,3.0,0.0,,,,,0.0,2.0,2.0,5.0,,,,,, sara,"['s', 'a', 'r', 'a']","[2.1193838310427964, 2.3425385621376336, 2.554000352974981, 2.742927808081731]",2.0,2.0,1.7070412170141935,,,24,1,2020_Jan_21_1002,FaceNameBlocked_revised,3.0.0,85.0430978237848,,2.1193838
70,Fem1Block.csv,Shelby2.mp4,Shelby.JPG,Shelby,28.0,F,Lauren,Katie,Rebecca,Shelby,Julia,Sarah,Brittany,Haley,Heather,Courtney,3.0,0.0,3.0,3.0,0.0,0.0,9.0,9.0,3.0,,,,,,,1.0,,,,,,,,,,,24,1,2020_Jan_21_1002,FaceNameBlocked_revised,3.0.0,85.0430978237848,,NaN
76,Fem1Block.csv,Shelby2.mp4,Shelby.JPG,Shelby,28.0,F,Lauren,Katie,Rebecca,Shelby,Julia,Sarah,Brittany,Haley,Heather,Courtney,3.0,0.0,3.0,3.0,0.0,,,,,0.0,5.0,5.0,3.0,,,,,, shelby,"['s', 'h', 'e', 'l', 'b', 'y']","[1.5789886810816824, 1.731648970162496, 1.8612672151066363, 1.955490472028032, 2.2254381510429084, 2.3669976349920034]",2.0,2.0,1.4135188220534474,,,24,1,2020_Jan_21_1002,FaceNameBlocked_revised,3.0.0,85.0430978237848,,1.5789886
107,Male1Block.csv,Steven2.mp4,Steven.JPG,Steven,55.0,M,Timothy,Dylan,Justin,Cody,Jason,Thomas,Brian,David,Adam,Steven,9.0,0.0,5.0,5.0,3.0,0.0,6.0,6.0,9.0,,,,,,,1.0,,,,,,,,,,,24,1,2020_Jan_21_1002,FaceNameBlocked_revised,3.0.0,85.0430978237848,,NaN
119,Male1Block.csv,Steven2.mp4,Steven.JPG,Steven,55.0,M,Timothy,Dylan,Justin,Cody,Jason,Thomas,Brian,David,Adam,Steven,9.0,0.0,5.0,5.0,3.0,,,,,0.0,8.0,8.0,9.0,,,,,, ccody,"['c', 'c', 'o', 'd', 'y']","[1.8839622288942337, 1.9784777578897774, 2.012937385821715, 2.1548889849800617, 2.3781548920087516]",5.0,4.0,1.496943203965202,,,24,1,2020_Jan_21_1002,FaceNameBlocked_revised,3.0.0,85.0430978237848,,1.8839622
58,Fem2Block.csv,Taylor4.mp4,Taylor.JPG,Taylor,29.0,F,Alyssa,Jenna,Nicole,Emily,Anna,Brianna,Olivia,Ashley,Kelsey,Taylor,9.0,0.0,2.0,2.0,1.0,,,,,0.0,7.0,7.0,9.0,,,,,, grace,"['g', 'r', 'a', 'c', 'e']","[2.472516101086512, 2.7195485739503056, 2.9665552880614996, 3.2370382470544428, 3.4136195599567145]",3.0,5.0,9.434802125906572,,,24,1,2020_Jan_21_1002,FaceNameBlocked_revised,3.0.0,85.0430978237848,,2.4725161
43,Fem2Block.csv,Taylor4.mp4,Taylor.JPG,Taylor,29.0,F,Alyssa,Jenna,Nicole,Emily,Anna,Brianna,Olivia,Ashley,Kelsey,Taylor,9.0,0.0,2.0,2.0,1.0,0.0,2.0,2.0,9.0,,,,,,,1.0,,,,,,,,,,,24,1,2020_Jan_21_1002,FaceNameBlocked_revised,3.0.0,85.0430978237848,,NaN
113,Male1Block.csv,Thomas2.mp4,Thomas.JPG,Thomas,56.0,M,Timothy,Dylan,Justin,Cody,Jason,Thomas,Brian,David,Adam,Steven,5.0,0.0,5.0,5.0,3.0,,,,,0.0,2.0,2.0,5.0,,,,,, dylan,"['d', 'y', 'l', 'a', 'n', 'return']","[3.435830475995317, 3.612726727966219, 3.941638787975535, 4.212104364065453, 4.3529233280569315, 4.6347845159471035]",4.0,3.0,7.245600832160562,,,24,1,2020_Jan_21_1002,FaceNameBlocked_revised,3.0.0,85.0430978237848,,3.4358304
102,Male1Block.csv,Thomas2.mp4,Thomas.JPG,Thomas,56.0,M,Timothy,Dylan,Justin,Cody,Jason,Thomas,Brian,David,Adam,Steven,5.0,0.0,5.0,5.0,3.0,0.0,1.0,1.0,5.0,,,,,,,1.0,,,,,,,,,,,24,1,2020_Jan_21_1002,FaceNameBlocked_revised,3.0.0,85.0430978237848,,NaN
117,Male1Block.csv,Timothy3.mp4,Timothy.JPG,Timothy,57.0,M,Timothy,Dylan,Justin,Cody,Jason,Thomas,Brian,David,Adam,Steven,0.0,0.0,5.0,5.0,3.0,,,,,0.0,6.0,6.0,0.0,,,,,, justin,"['j', 'u', 's', 't', 'i', 'n']","[1.8375516119413078, 2.013687076047063, 2.119666618993506, 2.2958049799781293, 2.4364557159133255, 2.470358222955838]",4.0,5.0,6.316333394031973,,,24,1,2020_Jan_21_1002,FaceNameBlocked_revised,3.0.0,85.0430978237848,,1.8375516
105,Male1Block.csv,Timothy3.mp4,Timothy.JPG,Timothy,57.0,M,Timothy,Dylan,Justin,Cody,Jason,Thomas,Brian,David,Adam,Steven,0.0,0.0,5.0,5.0,3.0,0.0,4.0,4.0,0.0,,,,,,,1.0,,,,,,,,,,,24,1,2020_Jan_21_1002,FaceNameBlocked_revised,3.0.0,85.0430978237848,,NaN
100,Male2Block.csv,Trevor2.mp4,Trevor.JPG,Trevor,58.0,M,Daniel,Matthew,Jeremy,Brandon,Tyler,Kyle,Nathan,Trevor,Kevin,Michael,7.0,0.0,4.0,4.0,4.0,,,,,0.0,9.0,9.0,7.0,,,,,, daniel,"['d', 'a', 'n', 'i', 'e', 'l']","[3.3434796980582178, 3.5666136720683426, 3.7206916310824454, 3.8494865249376744, 3.976770718116313, 4.178712296998128]",2.0,2.0,2.2109806379303336,,,24,1,2020_Jan_21_1002,FaceNameBlocked_revised,3.0.0,85.0430978237848,,3.3434796
82,Male2Block.csv,Trevor2.mp4,Trevor.JPG,Trevor,58.0,M,Daniel,Matthew,Jeremy,Brandon,Tyler,Kyle,Nathan,Trevor,Kevin,Michael,7.0,0.0,4.0,4.0,4.0,0.0,1.0,1.0,7.0,,,,,,,0.0,,,,,,,,,,,24,1,2020_Jan_21_1002,FaceNameBlocked_revised,3.0.0,85.0430978237848,,NaN
93,Male2Block.csv,Tyler3.mp4,Tyler.JPG,Tyler,59.0,M,Daniel,Matthew,Jeremy,Brandon,Tyler,Kyle,Nathan,Trevor,Kevin,Michael,4.0,0.0,4.0,4.0,4.0,,,,,0.0,2.0,2.0,4.0,,,,,, michael,"['m', 'i', 'c', 'h', 'a', 'e', 'l', 'return']","[2.6956324910279363, 2.8343845668714494, 2.9664717458654195, 3.0718364238273352, 3.3309249598532915, 3.554552710847929, 3.718213798943907, 4.306519303005189]",5.0,2.0,16.433547411113974,,,24,1,2020_Jan_21_1002,FaceNameBlocked_revised,3.0.0,85.0430978237848,,2.6956324
90,Male2Block.csv,Tyler3.mp4,Tyler.JPG,Tyler,59.0,M,Daniel,Matthew,Jeremy,Brandon,Tyler,Kyle,Nathan,Trevor,Kevin,Michael,4.0,0.0,4.0,4.0,4.0,0.0,9.0,9.0,4.0,,,,,,,0.0,,,,,,,,,,,24,1,2020_Jan_21_1002,FaceNameBlocked_revised,3.0.0,85.0430978237848,,NaN
0,,,,,,,,,,,,,,,,,,,,,,,,,,,,,,space,133.45940579101443,,,,,,,,,,,,24,1,2020_Jan_21_1002,FaceNameBlocked_revised,3.0.0,85.0430978237848,,NaN
121,,,,,,,,,,,,,,,,,,,,,,,,,,,,,,,,,,,,,,,,,space,1.4845617390237749,24,1,2020_Jan_21_1002,FaceNameBlocked_revised,3.0.0,85.0430978237848,,NaN
