,condsBlockFile,Video,Photo,Name,Row,Gender,N1,N2,N3,N4,N5,N6,N7,N8,N9,N10,Row2,blocks.thisRepN,blocks.thisTrialN,blocks.thisN,blocks.thisIndex,presentations.thisRepN,presentations.thisTrialN,presentations.thisN,presentations.thisIndex,testing.thisRepN,testing.thisTrialN,testing.thisN,testing.thisIndex,advance_1.keys,advance_1.rt,currentCond,advance_2.keys,advance_2.rt,inputText,key_resp_3.keys,key_resp_3.rt,correctRecogSelection,keyResponse.keys,keyResponse.rt,end_key.keys,end_key.rt,participant,session,date,expName,psychopyVersion,frameRate,Unnamed: 48,key_resp3_fin
98,Male2Block.csv,Aaron2.mp4,Aaron.JPG,Aaron,30.0,M,Jeremy,Aaron,Thomas,Eric,Tyler,Michael,Bradley,Kevin,Timothy,Kyle,1.0,0.0,4.0,4.0,4.0,,,,,0.0,7.0,7.0,1.0,,,,,, Aaron,"['lshift', 'a', 'a', 'r', 'o', 'n']","[0.8108732411637902, 1.0707390140742064, 1.3883848099503666, 1.706589609151706, 1.9299709959886968, 2.070959636941552]",2.0,2.0,1.9313867350574585,,,26,1,2020_Jan_21_1047,FaceNameBlocked_revised,3.0.0,85.06837742278688,,0.8108732
84,Male2Block.csv,Aaron2.mp4,Aaron.JPG,Aaron,30.0,M,Jeremy,Aaron,Thomas,Eric,Tyler,Michael,Bradley,Kevin,Timothy,Kyle,1.0,0.0,4.0,4.0,4.0,0.0,3.0,3.0,1.0,,,,,,,1.0,,,,,,,,,,,26,1,2020_Jan_21_1047,FaceNameBlocked_revised,3.0.0,85.06837742278688,,NaN
4,Male3Block.csv,Adam4.mp4,Adam.JPG,Adam,31.0,M,Ethan,Justin,Mark,David,Noah,Jacob,Steven,Adam,Brandon,Josh,7.0,0.0,0.0,0.0,5.0,0.0,3.0,3.0,7.0,,,,,,,1.0,,,,,,,,,,,26,1,2020_Jan_21_1047,FaceNameBlocked_revised,3.0.0,85.06837742278688,,NaN
18,Male3Block.csv,Adam4.mp4,Adam.JPG,Adam,31.0,M,Ethan,Justin,Mark,David,Noah,Jacob,Steven,Adam,Brandon,Josh,7.0,0.0,0.0,0.0,5.0,,,,,0.0,7.0,7.0,7.0,,,,,, Josh,"['lshift', 'j', 'o', 's', 'h']","[2.0346308979205787, 2.8576130899600685, 3.7297138560097665, 3.9070193788502365, 4.094628599938005]",4.0,1.0,3.198615295113996,,,26,1,2020_Jan_21_1047,FaceNameBlocked_revised,3.0.0,85.06837742278688,,2.0346308
116,Fem2Block.csv,Alyssa3.mp4,Alyssa.JPG,Alyssa,0.0,F,Kelsey,Jenna,Julia,Heather,Anna,Olivia,Jessica,Brianna,Alyssa,Lauren,8.0,0.0,5.0,5.0,1.0,,,,,0.0,5.0,5.0,8.0,,,,,, Alyssa,"['lshift', 'a', 'l', 'y', 's', 's', 'a']","[1.260088845854625, 2.8024590129498392, 3.0490249199792743, 3.437652280787006, 3.649532660841942, 3.8364059519954026, 4.234914897941053]",5.0,5.0,2.5653351549990475,,,26,1,2020_Jan_21_1047,FaceNameBlocked_revised,3.0.0,85.06837742278688,,1.2600888
104,Fem2Block.csv,Alyssa3.mp4,Alyssa.JPG,Alyssa,0.0,F,Kelsey,Jenna,Julia,Heather,Anna,Olivia,Jessica,Brianna,Alyssa,Lauren,8.0,0.0,5.0,5.0,1.0,0.0,3.0,3.0,8.0,,,,,,,0.0,,,,,,,,,,,26,1,2020_Jan_21_1047,FaceNameBlocked_revised,3.0.0,85.06837742278688,,NaN
27,Fem1Block.csv,Amanda3.mp4,Amanda.JPG,Amanda,1.0,F,Haley,Taylor,Ashley,Courtney,Shelby,Hannah,Katie,Amanda,Kayla,Michelle,7.0,0.0,1.0,1.0,0.0,0.0,6.0,6.0,7.0,,,,,,,1.0,,,,,,,,,,,26,1,2020_Jan_21_1047,FaceNameBlocked_revised,3.0.0,85.06837742278688,,NaN
40,Fem1Block.csv,Amanda3.mp4,Amanda.JPG,Amanda,1.0,F,Haley,Taylor,Ashley,Courtney,Shelby,Hannah,Katie,Amanda,Kayla,Michelle,7.0,0.0,1.0,1.0,0.0,,,,,0.0,9.0,9.0,7.0,,,,,, Amanda,"['lshift', 'a', 'm', 'a', 'n', 'd', 'a']","[1.9649937879294157, 2.166493511060253, 2.4135598270222545, 2.5775943910703063, 2.812678966904059, 2.8839180020149797, 3.0469121490605175]",3.0,3.0,1.4130493360571563,,,26,1,2020_Jan_21_1047,FaceNameBlocked_revised,3.0.0,85.06837742278688,,1.9649937
60,Male1Block.csv,Andrew2.mp4,Andrew.JPG,Andrew,32.0,M,Caleb,Dylan,Jason,Trevor,Cody,Nathan,Brian,Matthew,Andrew,Daniel,8.0,0.0,2.0,2.0,3.0,,,,,0.0,9.0,9.0,8.0,,,,,, Dylan,"['lshift', 'lshift', 'd', 'y', 'l', 'a', 'n']","[3.5184309899341315, 4.847246810095385, 5.3195325611159205, 5.919062564149499, 6.835558759979904, 6.952660060953349, 7.15152624505572]",3.0,4.0,3.1986685241572563,,,26,1,2020_Jan_21_1047,FaceNameBlocked_revised,3.0.0,85.06837742278688,,3.5184309
50,Male1Block.csv,Andrew2.mp4,Andrew.JPG,Andrew,32.0,M,Caleb,Dylan,Jason,Trevor,Cody,Nathan,Brian,Matthew,Andrew,Daniel,8.0,0.0,2.0,2.0,3.0,0.0,9.0,9.0,8.0,,,,,,,0.0,,,,,,,,,,,26,1,2020_Jan_21_1047,FaceNameBlocked_revised,3.0.0,85.06837742278688,,NaN
112,Fem2Block.csv,Anna3.mp4,Anna.JPG,Anna,2.0,F,Kelsey,Jenna,Julia,Heather,Anna,Olivia,Jessica,Brianna,Alyssa,Lauren,4.0,0.0,5.0,5.0,1.0,,,,,0.0,1.0,1.0,4.0,,,,,, Anna,"['lshift', 'a', 'n', 'n', 'a']","[1.1418121568858624, 1.3311550528742373, 1.6253870928194374, 1.8017952688969672, 1.9545149619225413]",3.0,3.0,2.4214112609624863,,,26,1,2020_Jan_21_1047,FaceNameBlocked_revised,3.0.0,85.06837742278688,,1.1418121
101,Fem2Block.csv,Anna3.mp4,Anna.JPG,Anna,2.0,F,Kelsey,Jenna,Julia,Heather,Anna,Olivia,Jessica,Brianna,Alyssa,Lauren,4.0,0.0,5.0,5.0,1.0,0.0,0.0,0.0,4.0,,,,,,,1.0,,,,,,,,,,,26,1,2020_Jan_21_1047,FaceNameBlocked_revised,3.0.0,85.06837742278688,,NaN
21,Fem1Block.csv,Ashley3.mp4,Ashley.JPG,Ashley,3.0,F,Haley,Taylor,Ashley,Courtney,Shelby,Hannah,Katie,Amanda,Kayla,Michelle,2.0,0.0,1.0,1.0,0.0,0.0,0.0,0.0,2.0,,,,,,,1.0,,,,,,,,,,,26,1,2020_Jan_21_1047,FaceNameBlocked_revised,3.0.0,85.06837742278688,,NaN
34,Fem1Block.csv,Ashley3.mp4,Ashley.JPG,Ashley,3.0,F,Haley,Taylor,Ashley,Courtney,Shelby,Hannah,Katie,Amanda,Kayla,Michelle,2.0,0.0,1.0,1.0,0.0,,,,,0.0,3.0,3.0,2.0,,,,,, Katie,"['lshift', 'lshift', 'k', 'a', 't', 'i', 'e']","[2.5639850047882646, 6.644225197844207, 6.835274267010391, 7.45746012381278, 8.1869410648942, 8.32821159879677, 8.457338983891532]",3.0,3.0,4.8482935370411715,,,26,1,2020_Jan_21_1047,FaceNameBlocked_revised,3.0.0,85.06837742278688,,2.5639850
83,Male2Block.csv,Bradley3.mp4,Bradley.JPG,Bradley,33.0,M,Jeremy,Aaron,Thomas,Eric,Tyler,Michael,Bradley,Kevin,Timothy,Kyle,6.0,0.0,4.0,4.0,4.0,0.0,2.0,2.0,6.0,,,,,,,1.0,,,,,,,,,,,26,1,2020_Jan_21_1047,FaceNameBlocked_revised,3.0.0,85.06837742278688,,NaN
91,Male2Block.csv,Bradley3.mp4,Bradley.JPG,Bradley,33.0,M,Jeremy,Aaron,Thomas,Eric,Tyler,Michael,Bradley,Kevin,Timothy,Kyle,6.0,0.0,4.0,4.0,4.0,,,,,0.0,0.0,0.0,6.0,,,,space,3.0960698649287224, Michael,"['lshift', 'm', 'i', 'c', 'h', 'a', 'e', 'l']","[1.6356492831837386, 1.8721712459810078, 2.2725967480801046, 2.448198039084673, 2.588889711070806, 2.8951777999754995, 3.0946885810699314, 3.31852492201142]",2.0,3.0,5.0223274549935,,,26,1,2020_Jan_21_1047,FaceNameBlocked_revised,3.0.0,85.06837742278688,,1.6356492
19,Male3Block.csv,Brandon2.mp4,Brandon.JPG,Brandon,34.0,M,Ethan,Justin,Mark,David,Noah,Jacob,Steven,Adam,Brandon,Josh,8.0,0.0,0.0,0.0,5.0,,,,,0.0,8.0,8.0,8.0,,,,,, David,"['lshift', 'd', 'a', 'v', 'i', 'd']","[2.8590941701550037, 4.4458397990092635, 4.671550068072975, 4.895121535984799, 5.530380661133677, 5.659374765120447]",5.0,5.0,5.8483465800527465,,,26,1,2020_Jan_21_1047,FaceNameBlocked_revised,3.0.0,85.06837742278688,,2.8590941
9,Male3Block.csv,Brandon2.mp4,Brandon.JPG,Brandon,34.0,M,Ethan,Justin,Mark,David,Noah,Jacob,Steven,Adam,Brandon,Josh,8.0,0.0,0.0,0.0,5.0,0.0,8.0,8.0,8.0,,,,,,,0.0,,,,,,,,,,,26,1,2020_Jan_21_1047,FaceNameBlocked_revised,3.0.0,85.06837742278688,,NaN
52,Male1Block.csv,Brian2.mp4,Brian.JPG,Brian,35.0,M,Caleb,Dylan,Jason,Trevor,Cody,Nathan,Brian,Matthew,Andrew,Daniel,6.0,0.0,2.0,2.0,3.0,,,,,0.0,1.0,1.0,6.0,,,,,, Brian,"['lshift', 'b', 'r', 'i', 'a', 'n']","[1.2110215530265123, 1.3894337241072208, 1.7774830909911543, 1.9632799930404872, 2.1541247460991144, 2.3414783370681107]",3.0,3.0,2.8014351420570165,,,26,1,2020_Jan_21_1047,FaceNameBlocked_revised,3.0.0,85.06837742278688,,1.2110215
49,Male1Block.csv,Brian2.mp4,Brian.JPG,Brian,35.0,M,Caleb,Dylan,Jason,Trevor,Cody,Nathan,Brian,Matthew,Andrew,Daniel,6.0,0.0,2.0,2.0,3.0,0.0,8.0,8.0,6.0,,,,,,,1.0,,,,,,,,,,,26,1,2020_Jan_21_1047,FaceNameBlocked_revised,3.0.0,85.06837742278688,,NaN
115,Fem2Block.csv,Brianna2.mp4,Brianna.JPG,Brianna,4.0,F,Kelsey,Jenna,Julia,Heather,Anna,Olivia,Jessica,Brianna,Alyssa,Lauren,7.0,0.0,5.0,5.0,1.0,,,,,0.0,4.0,4.0,7.0,,,,,, Brianna,"['lshift', 'b', 'r', 'i', 'a', 'n', 'n', 'a']","[1.1651699738577008, 1.483181320829317, 1.8720587228890508, 2.0722491568885744, 2.2719303709454834, 2.423011139035225, 2.5898907899390906, 2.75441456399858]",5.0,5.0,2.954564041923732,,,26,1,2020_Jan_21_1047,FaceNameBlocked_revised,3.0.0,85.06837742278688,,1.1651699
102,Fem2Block.csv,Brianna2.mp4,Brianna.JPG,Brianna,4.0,F,Kelsey,Jenna,Julia,Heather,Anna,Olivia,Jessica,Brianna,Alyssa,Lauren,7.0,0.0,5.0,5.0,1.0,0.0,1.0,1.0,7.0,,,,,,,1.0,,,,,,,,,,,26,1,2020_Jan_21_1047,FaceNameBlocked_revised,3.0.0,85.06837742278688,,NaN
69,Fem3Block.csv,Brittany2.mp4,Brittany.JPG,Brittany,5.0,F,Rebecca,Natalie,Rachel,Emily,Megan,Nicole,Danielle,Brittany,Grace,Sarah,7.0,0.0,3.0,3.0,2.0,0.0,8.0,8.0,7.0,,,,,,,1.0,,,,,,,,,,,26,1,2020_Jan_21_1047,FaceNameBlocked_revised,3.0.0,85.06837742278688,,NaN
72,Fem3Block.csv,Brittany2.mp4,Brittany.JPG,Brittany,5.0,F,Rebecca,Natalie,Rachel,Emily,Megan,Nicole,Danielle,Brittany,Grace,Sarah,7.0,0.0,3.0,3.0,2.0,,,,,0.0,1.0,1.0,7.0,,,,,, Brittany,"['lshift', 'b', 'r', 'i', 't', 't', 'a', 'n', 'y']","[1.3284120461903512, 1.5408243951387703, 2.0100406461860985, 2.2116123971063644, 2.3860620150808245, 2.5531891810242087, 2.8230421179905534, 3.2350292860064656, 3.517012387048453]",5.0,5.0,3.8374711049254975,,,26,1,2020_Jan_21_1047,FaceNameBlocked_revised,3.0.0,85.06837742278688,,1.3284120
54,Male1Block.csv,Caleb5.mp4,Caleb.JPG,Caleb,36.0,M,Caleb,Dylan,Jason,Trevor,Cody,Nathan,Brian,Matthew,Andrew,Daniel,0.0,0.0,2.0,2.0,3.0,,,,,0.0,3.0,3.0,0.0,,,,,, ,"['lshift', 'm', 'backspace', 'lshift']","[1.6833185020368546, 6.012540015857667, 7.776950157014653, 9.034296656958759]",5.0,2.0,4.89551291288808,,,26,1,2020_Jan_21_1047,FaceNameBlocked_revised,3.0.0,85.06837742278688,,1.6833185
41,Male1Block.csv,Caleb5.mp4,Caleb.JPG,Caleb,36.0,M,Caleb,Dylan,Jason,Trevor,Cody,Nathan,Brian,Matthew,Andrew,Daniel,0.0,0.0,2.0,2.0,3.0,0.0,0.0,0.0,0.0,,,,,,,0.0,,,,,,,,,,,26,1,2020_Jan_21_1047,FaceNameBlocked_revised,3.0.0,85.06837742278688,,NaN
55,Male1Block.csv,Cody2.mp4,Cody.JPG,Cody,37.0,M,Caleb,Dylan,Jason,Trevor,Cody,Nathan,Brian,Matthew,Andrew,Daniel,4.0,0.0,2.0,2.0,3.0,,,,,0.0,4.0,4.0,4.0,,,,,, Cody,"['lshift', 'c', 'o', 'd', 'y']","[1.1189070800319314, 1.3552848948165774, 1.6024977108463645, 1.7779694870114326, 1.9782567529473454]",4.0,4.0,3.589692180976272,,,26,1,2020_Jan_21_1047,FaceNameBlocked_revised,3.0.0,85.06837742278688,,1.1189070
44,Male1Block.csv,Cody2.mp4,Cody.JPG,Cody,37.0,M,Caleb,Dylan,Jason,Trevor,Cody,Nathan,Brian,Matthew,Andrew,Daniel,4.0,0.0,2.0,2.0,3.0,0.0,3.0,3.0,4.0,,,,,,,1.0,,,,,,,,,,,26,1,2020_Jan_21_1047,FaceNameBlocked_revised,3.0.0,85.06837742278688,,NaN
28,Fem1Block.csv,Courtney2.mp4,Courtney.JPG,Courtney,6.0,F,Haley,Taylor,Ashley,Courtney,Shelby,Hannah,Katie,Amanda,Kayla,Michelle,3.0,0.0,1.0,1.0,0.0,0.0,7.0,7.0,3.0,,,,,,,0.0,,,,,,,,,,,26,1,2020_Jan_21_1047,FaceNameBlocked_revised,3.0.0,85.06837742278688,,NaN
32,Fem1Block.csv,Courtney2.mp4,Courtney.JPG,Courtney,6.0,F,Haley,Taylor,Ashley,Courtney,Shelby,Hannah,Katie,Amanda,Kayla,Michelle,3.0,0.0,1.0,1.0,0.0,,,,,0.0,1.0,1.0,3.0,,,,,, Courtney,"['lshift', 'c', 'o', 'u', 'r', 't', 'n', 'e', 'y']","[1.129792891908437, 1.2725280979648232, 1.602001957129687, 1.6582976770587265, 1.9194186930544674, 2.154347229981795, 2.3901489430572838, 2.5195206950884312, 2.730548737104982]",3.0,3.0,2.873015915043652,,,26,1,2020_Jan_21_1047,FaceNameBlocked_revised,3.0.0,85.06837742278688,,1.1297928
59,Male1Block.csv,Daniel3.mp4,Daniel.JPG,Daniel,38.0,M,Caleb,Dylan,Jason,Trevor,Cody,Nathan,Brian,Matthew,Andrew,Daniel,9.0,0.0,2.0,2.0,3.0,,,,,0.0,8.0,8.0,9.0,,,,,, Daniel,"['lshift', 'd', 'a', 'n', 'i', 'e', 'l']","[2.1407571849413216, 2.5186117538250983, 2.7777084838598967, 3.0247070249170065, 3.80094816791825, 3.942106120986864, 4.118746312800795]",2.0,2.0,2.3900612629950047,,,26,1,2020_Jan_21_1047,FaceNameBlocked_revised,3.0.0,85.06837742278688,,2.1407571
45,Male1Block.csv,Daniel3.mp4,Daniel.JPG,Daniel,38.0,M,Caleb,Dylan,Jason,Trevor,Cody,Nathan,Brian,Matthew,Andrew,Daniel,9.0,0.0,2.0,2.0,3.0,0.0,4.0,4.0,9.0,,,,,,,0.0,,,,,,,,,,,26,1,2020_Jan_21_1047,FaceNameBlocked_revised,3.0.0,85.06837742278688,,NaN
71,Fem3Block.csv,Danielle2.mp4,Danielle.JPG,Danielle,7.0,F,Rebecca,Natalie,Rachel,Emily,Megan,Nicole,Danielle,Brittany,Grace,Sarah,6.0,0.0,3.0,3.0,2.0,,,,,0.0,0.0,0.0,6.0,,,,space,4.601596374996007, Danielle,"['lshift', 'd', 'a', 'n', 'i', 'e', 'l', 'l', 'a', 'backspace', 'e']","[1.3066008270252496, 1.4727508299984038, 1.7197337381076068, 2.049069644184783, 2.5528504219837487, 2.7785970310214907, 2.930614717071876, 3.095960980048403, 3.2372845611535013, 4.377183808013797, 4.472201453056186]",1.0,1.0,2.9663556120358407,,,26,1,2020_Jan_21_1047,FaceNameBlocked_revised,3.0.0,85.06837742278688,,1.3066008
65,Fem3Block.csv,Danielle2.mp4,Danielle.JPG,Danielle,7.0,F,Rebecca,Natalie,Rachel,Emily,Megan,Nicole,Danielle,Brittany,Grace,Sarah,6.0,0.0,3.0,3.0,2.0,0.0,4.0,4.0,6.0,,,,,,,1.0,,,,,,,,,,,26,1,2020_Jan_21_1047,FaceNameBlocked_revised,3.0.0,85.06837742278688,,NaN
1,Male3Block.csv,David2.mp4,David.JPG,David,39.0,M,Ethan,Justin,Mark,David,Noah,Jacob,Steven,Adam,Brandon,Josh,3.0,0.0,0.0,0.0,5.0,0.0,0.0,0.0,3.0,,,,,,,0.0,,,,,,,,,,,26,1,2020_Jan_21_1047,FaceNameBlocked_revised,3.0.0,85.06837742278688,,NaN
13,Male3Block.csv,David2.mp4,David.JPG,David,39.0,M,Ethan,Justin,Mark,David,Noah,Jacob,Steven,Adam,Brandon,Josh,3.0,0.0,0.0,0.0,5.0,,,,,0.0,2.0,2.0,3.0,,,,,, Steven,"['lshift', 's', 't', 'e', 'v', 'e', 'n']","[2.1997647618409246, 2.4019244788214564, 2.6718626900110394, 3.201699096010998, 3.8017689648550004, 3.931005538906902, 4.107273027999327]",4.0,1.0,2.566489122109488,,,26,1,2020_Jan_21_1047,FaceNameBlocked_revised,3.0.0,85.06837742278688,,2.1997647
56,Male1Block.csv,Dylan3.mp4,Dylan.JPG,Dylan,40.0,M,Caleb,Dylan,Jason,Trevor,Cody,Nathan,Brian,Matthew,Andrew,Daniel,1.0,0.0,2.0,2.0,3.0,,,,,0.0,5.0,5.0,1.0,,,,,, Daniel,"['lshift', 'd', 'a', 'n', 'i', 'e', 'l']","[1.212073823902756, 1.40135144488886, 1.6833679839037359, 1.8833164998795837, 2.095879776868969, 2.4008800028823316, 2.9190703378990293]",1.0,1.0,3.684229633072391,,,26,1,2020_Jan_21_1047,FaceNameBlocked_revised,3.0.0,85.06837742278688,,1.2120738
46,Male1Block.csv,Dylan3.mp4,Dylan.JPG,Dylan,40.0,M,Caleb,Dylan,Jason,Trevor,Cody,Nathan,Brian,Matthew,Andrew,Daniel,1.0,0.0,2.0,2.0,3.0,0.0,5.0,5.0,1.0,,,,,,,1.0,,,,,,,,,,,26,1,2020_Jan_21_1047,FaceNameBlocked_revised,3.0.0,85.06837742278688,,NaN
78,Fem3Block.csv,Emily5.mp4,Emily.JPG,Emily,8.0,F,Rebecca,Natalie,Rachel,Emily,Megan,Nicole,Danielle,Brittany,Grace,Sarah,3.0,0.0,3.0,3.0,2.0,,,,,0.0,7.0,7.0,3.0,,,,,, Emily,"['lshift', 'e', 'm', 'i', 'l', 'y']","[1.6115403370931745, 1.9787439950741827, 2.187377847963944, 2.4603525509592146, 3.1189652560278773, 3.3537227360066026]",1.0,1.0,2.5550245370250195,,,26,1,2020_Jan_21_1047,FaceNameBlocked_revised,3.0.0,85.06837742278688,,1.6115403
61,Fem3Block.csv,Emily5.mp4,Emily.JPG,Emily,8.0,F,Rebecca,Natalie,Rachel,Emily,Megan,Nicole,Danielle,Brittany,Grace,Sarah,3.0,0.0,3.0,3.0,2.0,0.0,0.0,0.0,3.0,,,,,,,0.0,,,,,,,,,,,26,1,2020_Jan_21_1047,FaceNameBlocked_revised,3.0.0,85.06837742278688,,NaN
90,Male2Block.csv,Eric2.mp4,Eric.JPG,Eric,41.0,M,Jeremy,Aaron,Thomas,Eric,Tyler,Michael,Bradley,Kevin,Timothy,Kyle,3.0,0.0,4.0,4.0,4.0,0.0,9.0,9.0,3.0,,,,,,,0.0,,,,,,,,,,,26,1,2020_Jan_21_1047,FaceNameBlocked_revised,3.0.0,85.06837742278688,,NaN
100,Male2Block.csv,Eric2.mp4,Eric.JPG,Eric,41.0,M,Jeremy,Aaron,Thomas,Eric,Tyler,Michael,Bradley,Kevin,Timothy,Kyle,3.0,0.0,4.0,4.0,4.0,,,,,0.0,9.0,9.0,3.0,,,,,, Thomas,"['lshift', 't', 'h', 'o', 'm', 's', 'backspace', 'a', 's']","[1.7190180770121515, 3.4485238790512085, 3.6952968740370125, 3.942816572031006, 4.107897376874462, 4.283695374848321, 5.412326292833313, 5.542221372947097, 5.707222376950085]",2.0,2.0,5.045505682937801,,,26,1,2020_Jan_21_1047,FaceNameBlocked_revised,3.0.0,85.06837742278688,,1.7190180
15,Male3Block.csv,Ethan2.mp4,Ethan.JPG,Ethan,42.0,M,Ethan,Justin,Mark,David,Noah,Jacob,Steven,Adam,Brandon,Josh,0.0,0.0,0.0,0.0,5.0,,,,,0.0,4.0,4.0,0.0,,,,,, Mark,"['lshift', 'm', 'a', 'r', 'k']","[3.599807273829356, 3.9422193488571793, 5.083654842805117, 5.317609925987199, 5.542020092951134]",5.0,5.0,6.471034885849804,,,26,1,2020_Jan_21_1047,FaceNameBlocked_revised,3.0.0,85.06837742278688,,3.5998072
10,Male3Block.csv,Ethan2.mp4,Ethan.JPG,Ethan,42.0,M,Ethan,Justin,Mark,David,Noah,Jacob,Steven,Adam,Brandon,Josh,0.0,0.0,0.0,0.0,5.0,0.0,9.0,9.0,0.0,,,,,,,0.0,,,,,,,,,,,26,1,2020_Jan_21_1047,FaceNameBlocked_revised,3.0.0,85.06837742278688,,NaN
66,Fem3Block.csv,Grace3.mp4,Grace.JPG,Grace,9.0,F,Rebecca,Natalie,Rachel,Emily,Megan,Nicole,Danielle,Brittany,Grace,Sarah,8.0,0.0,3.0,3.0,2.0,0.0,5.0,5.0,8.0,,,,,,,0.0,,,,,,,,,,,26,1,2020_Jan_21_1047,FaceNameBlocked_revised,3.0.0,85.06837742278688,,NaN
76,Fem3Block.csv,Grace3.mp4,Grace.JPG,Grace,9.0,F,Rebecca,Natalie,Rachel,Emily,Megan,Nicole,Danielle,Brittany,Grace,Sarah,8.0,0.0,3.0,3.0,2.0,,,,,0.0,5.0,5.0,8.0,,,,,, Gracer,"['lshift', 'g', 'r', 'a', 'c', 'e', 'r']","[1.0824833000078797, 1.6131676048971713, 1.9314116730820388, 2.154802540084347, 2.4599729659967124, 2.8022076869383454, 9.658344560069963]",4.0,4.0,2.7669430891983207,,,26,1,2020_Jan_21_1047,FaceNameBlocked_revised,3.0.0,85.06837742278688,,1.0824833
35,Fem1Block.csv,Haley2.mp4,Haley.JPG,Haley,10.0,F,Haley,Taylor,Ashley,Courtney,Shelby,Hannah,Katie,Amanda,Kayla,Michelle,0.0,0.0,1.0,1.0,0.0,,,,,0.0,4.0,4.0,0.0,,,,,, K,"['lshift', 'k']","[6.117238892940804, 8.96554888994433]",4.0,3.0,2.364811941981316,,,26,1,2020_Jan_21_1047,FaceNameBlocked_revised,3.0.0,85.06837742278688,,6.1172388
24,Fem1Block.csv,Haley2.mp4,Haley.JPG,Haley,10.0,F,Haley,Taylor,Ashley,Courtney,Shelby,Hannah,Katie,Amanda,Kayla,Michelle,0.0,0.0,1.0,1.0,0.0,0.0,3.0,3.0,0.0,,,,,,,0.0,,,,,,,,,,,26,1,2020_Jan_21_1047,FaceNameBlocked_revised,3.0.0,85.06837742278688,,NaN
33,Fem1Block.csv,Hannah2.mp4,Hannah.JPG,Hannah,11.0,F,Haley,Taylor,Ashley,Courtney,Shelby,Hannah,Katie,Amanda,Kayla,Michelle,5.0,0.0,1.0,1.0,0.0,,,,,0.0,2.0,2.0,5.0,,,,,, Amanda,"['lshift', 'a', 'm', 'a', 'n', 'd', 'a']","[2.3293756449129432, 2.6493174529168755, 3.5306224969681352, 4.2958291419781744, 4.495817678049207, 4.613054336048663, 4.966459587914869]",4.0,1.0,3.187269882997498,,,26,1,2020_Jan_21_1047,FaceNameBlocked_revised,3.0.0,85.06837742278688,,2.3293756
30,Fem1Block.csv,Hannah2.mp4,Hannah.JPG,Hannah,11.0,F,Haley,Taylor,Ashley,Courtney,Shelby,Hannah,Katie,Amanda,Kayla,Michelle,5.0,0.0,1.0,1.0,0.0,0.0,9.0,9.0,5.0,,,,,,,0.0,,,,,,,,,,,26,1,2020_Jan_21_1047,FaceNameBlocked_revised,3.0.0,85.06837742278688,,NaN
114,Fem2Block.csv,Heather3.mp4,Heather.JPG,Heather,12.0,F,Kelsey,Jenna,Julia,Heather,Anna,Olivia,Jessica,Brianna,Alyssa,Lauren,3.0,0.0,5.0,5.0,1.0,,,,,0.0,3.0,3.0,3.0,,,,,, Heather,"['lshift', 'h', 'e', 'a', 't', 'h', 'e', 'r']","[1.3419295060448349, 1.5542659789789468, 1.896253984188661, 2.1661374801769853, 2.436992504168302, 2.6489288290031254, 3.095883002039045, 3.2374135570134968]",1.0,1.0,2.412029594182968,,,26,1,2020_Jan_21_1047,FaceNameBlocked_revised,3.0.0,85.06837742278688,,1.3419295
107,Fem2Block.csv,Heather3.mp4,Heather.JPG,Heather,12.0,F,Kelsey,Jenna,Julia,Heather,Anna,Olivia,Jessica,Brianna,Alyssa,Lauren,3.0,0.0,5.0,5.0,1.0,0.0,6.0,6.0,3.0,,,,,,,0.0,,,,,,,,,,,26,1,2020_Jan_21_1047,FaceNameBlocked_revised,3.0.0,85.06837742278688,,NaN
11,Male3Block.csv,Jacob3.mp4,Jacob.JPG,Jacob,43.0,M,Ethan,Justin,Mark,David,Noah,Jacob,Steven,Adam,Brandon,Josh,5.0,0.0,0.0,0.0,5.0,,,,,0.0,0.0,0.0,5.0,,,,space,21.37335804314353, Justin,"['lshift', 'j', 'u', 's', 't', 'i', 'n']","[4.305395822972059, 4.471922907978296, 4.730458241887391, 4.871821298962459, 5.106989056803286, 6.376818747958168, 7.186090932926163]",5.0,1.0,7.386072044959293,,,26,1,2020_Jan_21_1047,FaceNameBlocked_revised,3.0.0,85.06837742278688,,4.3053958
8,Male3Block.csv,Jacob3.mp4,Jacob.JPG,Jacob,43.0,M,Ethan,Justin,Mark,David,Noah,Jacob,Steven,Adam,Brandon,Josh,5.0,0.0,0.0,0.0,5.0,0.0,7.0,7.0,5.0,,,,,,,0.0,,,,,,,,,,,26,1,2020_Jan_21_1047,FaceNameBlocked_revised,3.0.0,85.06837742278688,,NaN
47,Male1Block.csv,Jason4.mp4,Jason.JPG,Jason,44.0,M,Caleb,Dylan,Jason,Trevor,Cody,Nathan,Brian,Matthew,Andrew,Daniel,2.0,0.0,2.0,2.0,3.0,0.0,6.0,6.0,2.0,,,,,,,1.0,,,,,,,,,,,26,1,2020_Jan_21_1047,FaceNameBlocked_revised,3.0.0,85.06837742278688,,NaN
57,Male1Block.csv,Jason4.mp4,Jason.JPG,Jason,44.0,M,Caleb,Dylan,Jason,Trevor,Cody,Nathan,Brian,Matthew,Andrew,Daniel,2.0,0.0,2.0,2.0,3.0,,,,,0.0,6.0,6.0,2.0,,,,,, Jason,"['lshift', 'j', 'a', 's', 'o', 'n']","[1.5661066009197384, 1.8026720660272986, 2.2026376128196716, 2.402849166886881, 2.578821773873642, 2.696781608974561]",5.0,5.0,2.613412194885313,,,26,1,2020_Jan_21_1047,FaceNameBlocked_revised,3.0.0,85.06837742278688,,1.5661066
111,Fem2Block.csv,Jenna4.mp4,Jenna.JPG,Jenna,13.0,F,Kelsey,Jenna,Julia,Heather,Anna,Olivia,Jessica,Brianna,Alyssa,Lauren,1.0,0.0,5.0,5.0,1.0,,,,,0.0,0.0,0.0,1.0,,,,space,9.835418151924387, Melissa,"['lshift', 'm', 'e', 'l', 'i', 's', 's', 'a']","[4.706129162106663, 6.224907283904031, 6.671612133039162, 6.918826841050759, 7.670924359001219, 8.023542990908027, 8.306552414083853, 8.518567428924143]",5.0,5.0,6.328968584071845,,,26,1,2020_Jan_21_1047,FaceNameBlocked_revised,3.0.0,85.06837742278688,,4.7061291
108,Fem2Block.csv,Jenna4.mp4,Jenna.JPG,Jenna,13.0,F,Kelsey,Jenna,Julia,Heather,Anna,Olivia,Jessica,Brianna,Alyssa,Lauren,1.0,0.0,5.0,5.0,1.0,0.0,7.0,7.0,1.0,,,,,,,1.0,,,,,,,,,,,26,1,2020_Jan_21_1047,FaceNameBlocked_revised,3.0.0,85.06837742278688,,NaN
95,Male2Block.csv,Jeremy2.mp4,Jeremy.JPG,Jeremy,45.0,M,Jeremy,Aaron,Thomas,Eric,Tyler,Michael,Bradley,Kevin,Timothy,Kyle,0.0,0.0,4.0,4.0,4.0,,,,,0.0,4.0,4.0,0.0,,,,,, Jeremy,"['lshift', 'j', 'e', 'r', 'e', 'm', 'y']","[1.8124735169112682, 2.3424852238968015, 2.7662843698635697, 2.9423272339627147, 3.0717804508749396, 3.318734040018171, 3.484237703960389]",3.0,3.0,4.563344651833177,,,26,1,2020_Jan_21_1047,FaceNameBlocked_revised,3.0.0,85.06837742278688,,1.8124735
85,Male2Block.csv,Jeremy2.mp4,Jeremy.JPG,Jeremy,45.0,M,Jeremy,Aaron,Thomas,Eric,Tyler,Michael,Bradley,Kevin,Timothy,Kyle,0.0,0.0,4.0,4.0,4.0,0.0,4.0,4.0,0.0,,,,,,,0.0,,,,,,,,,,,26,1,2020_Jan_21_1047,FaceNameBlocked_revised,3.0.0,85.06837742278688,,NaN
117,Fem2Block.csv,Jessica2.mp4,Jessica.JPG,Jessica,14.0,F,Kelsey,Jenna,Julia,Heather,Anna,Olivia,Jessica,Brianna,Alyssa,Lauren,6.0,0.0,5.0,5.0,1.0,,,,,0.0,6.0,6.0,6.0,,,,,, Jessica,"['lshift', 'j', 'e', 's', 's', 'i', 'c', 'a']","[1.2100089041050524, 1.40930824005045, 1.7057078960351646, 1.952907833037898, 2.1059504651930183, 2.305832547135651, 2.4820527031552047, 2.6108128970954567]",4.0,4.0,2.5054578569252044,,,26,1,2020_Jan_21_1047,FaceNameBlocked_revised,3.0.0,85.06837742278688,,1.2100089
109,Fem2Block.csv,Jessica2.mp4,Jessica.JPG,Jessica,14.0,F,Kelsey,Jenna,Julia,Heather,Anna,Olivia,Jessica,Brianna,Alyssa,Lauren,6.0,0.0,5.0,5.0,1.0,0.0,8.0,8.0,6.0,,,,,,,1.0,,,,,,,,,,,26,1,2020_Jan_21_1047,FaceNameBlocked_revised,3.0.0,85.06837742278688,,NaN
7,Male3Block.csv,Josh3.mp4,Josh.JPG,Josh,46.0,M,Ethan,Justin,Mark,David,Noah,Jacob,Steven,Adam,Brandon,Josh,9.0,0.0,0.0,0.0,5.0,0.0,6.0,6.0,9.0,,,,,,,0.0,,,,,,,,,,,26,1,2020_Jan_21_1047,FaceNameBlocked_revised,3.0.0,85.06837742278688,,NaN
14,Male3Block.csv,Josh3.mp4,Josh.JPG,Josh,46.0,M,Ethan,Justin,Mark,David,Noah,Jacob,Steven,Adam,Brandon,Josh,9.0,0.0,0.0,0.0,5.0,,,,,0.0,3.0,3.0,9.0,,,,,, Ethan,"['lshift', 'e', 't', 'h', 'a', 'n']","[2.282507616095245, 3.1665873620659113, 3.6718686539679766, 4.330545666161925, 4.542141158133745, 4.742172491038218]",4.0,3.0,5.906478701857849,,,26,1,2020_Jan_21_1047,FaceNameBlocked_revised,3.0.0,85.06837742278688,,2.2825076
113,Fem2Block.csv,Julia2.mp4,Julia.JPG,Julia,15.0,F,Kelsey,Jenna,Julia,Heather,Anna,Olivia,Jessica,Brianna,Alyssa,Lauren,2.0,0.0,5.0,5.0,1.0,,,,,0.0,2.0,2.0,2.0,,,,,, Julia,"['lshift', 'j', 'u', 'l', 'i', 'a']","[1.4823559918440878, 1.75420509185642, 2.0122872430365533, 2.3177029290236533, 2.588772461982444, 2.6928035479504615]",5.0,5.0,2.965805446030572,,,26,1,2020_Jan_21_1047,FaceNameBlocked_revised,3.0.0,85.06837742278688,,1.4823559
103,Fem2Block.csv,Julia2.mp4,Julia.JPG,Julia,15.0,F,Kelsey,Jenna,Julia,Heather,Anna,Olivia,Jessica,Brianna,Alyssa,Lauren,2.0,0.0,5.0,5.0,1.0,0.0,2.0,2.0,2.0,,,,,,,1.0,,,,,,,,,,,26,1,2020_Jan_21_1047,FaceNameBlocked_revised,3.0.0,85.06837742278688,,NaN
6,Male3Block.csv,Justin2.mp4,Justin.JPG,Justin,47.0,M,Ethan,Justin,Mark,David,Noah,Jacob,Steven,Adam,Brandon,Josh,1.0,0.0,0.0,0.0,5.0,0.0,5.0,5.0,1.0,,,,,,,1.0,,,,,,,,,,,26,1,2020_Jan_21_1047,FaceNameBlocked_revised,3.0.0,85.06837742278688,,NaN
12,Male3Block.csv,Justin2.mp4,Justin.JPG,Justin,47.0,M,Ethan,Justin,Mark,David,Noah,Jacob,Steven,Adam,Brandon,Josh,1.0,0.0,0.0,0.0,5.0,,,,,0.0,1.0,1.0,1.0,,,,,, Adam,"['lshift', 'a', 'd', 'a', 'm']","[2.965811795089394, 4.975518182152882, 5.918953424086794, 6.024664099095389, 6.175839381990954]",2.0,3.0,4.7419272968545565,,,26,1,2020_Jan_21_1047,FaceNameBlocked_revised,3.0.0,85.06837742278688,,2.9658117
29,Fem1Block.csv,Katie2.mp4,Katie.JPG,Katie,16.0,F,Haley,Taylor,Ashley,Courtney,Shelby,Hannah,Katie,Amanda,Kayla,Michelle,6.0,0.0,1.0,1.0,0.0,0.0,8.0,8.0,6.0,,,,,,,1.0,,,,,,,,,,,26,1,2020_Jan_21_1047,FaceNameBlocked_revised,3.0.0,85.06837742278688,,NaN
37,Fem1Block.csv,Katie2.mp4,Katie.JPG,Katie,16.0,F,Haley,Taylor,Ashley,Courtney,Shelby,Hannah,Katie,Amanda,Kayla,Michelle,6.0,0.0,1.0,1.0,0.0,,,,,0.0,6.0,6.0,6.0,,,,,, Ashlie,"['lshift', 'a', 's', 'h', 'l', 'i', 'e']","[1.8715649140067399, 4.318544220877811, 5.07175595802255, 5.2246352538932115, 5.682830645004287, 5.812053958885372, 6.0011629718355834]",1.0,3.0,6.059740741038696,,,26,1,2020_Jan_21_1047,FaceNameBlocked_revised,3.0.0,85.06837742278688,,1.8715649
31,Fem1Block.csv,Kayla3.mp4,Kayla.JPG,Kayla,17.0,F,Haley,Taylor,Ashley,Courtney,Shelby,Hannah,Katie,Amanda,Kayla,Michelle,8.0,0.0,1.0,1.0,0.0,,,,,0.0,0.0,0.0,8.0,,,,space,5.730960769113152, Kayla,"['lshift', 'k', 'a', 'y', 'l', 'a']","[1.881997497053817, 2.178430102998391, 2.565784309990704, 2.6724679961334914, 3.3780457691755146, 3.4606823320500553]",5.0,5.0,3.495767113985494,,,26,1,2020_Jan_21_1047,FaceNameBlocked_revised,3.0.0,85.06837742278688,,1.8819974
22,Fem1Block.csv,Kayla3.mp4,Kayla.JPG,Kayla,17.0,F,Haley,Taylor,Ashley,Courtney,Shelby,Hannah,Katie,Amanda,Kayla,Michelle,8.0,0.0,1.0,1.0,0.0,0.0,1.0,1.0,8.0,,,,,,,0.0,,,,,,,,,,,26,1,2020_Jan_21_1047,FaceNameBlocked_revised,3.0.0,85.06837742278688,,NaN
106,Fem2Block.csv,Kelsey2.mp4,Kelsey.JPG,Kelsey,18.0,F,Kelsey,Jenna,Julia,Heather,Anna,Olivia,Jessica,Brianna,Alyssa,Lauren,0.0,0.0,5.0,5.0,1.0,0.0,5.0,5.0,0.0,,,,,,,0.0,,,,,,,,,,,26,1,2020_Jan_21_1047,FaceNameBlocked_revised,3.0.0,85.06837742278688,,NaN
120,Fem2Block.csv,Kelsey2.mp4,Kelsey.JPG,Kelsey,18.0,F,Kelsey,Jenna,Julia,Heather,Anna,Olivia,Jessica,Brianna,Alyssa,Lauren,0.0,0.0,5.0,5.0,1.0,,,,,0.0,9.0,9.0,0.0,,,,,, Kelsey,"['lshift', 'k', 'e', 'l', 's', 'e', 'y']","[2.564572509843856, 3.7186814749147743, 4.223703464958817, 4.470734503818676, 4.742055327864364, 4.9418922460172325, 5.141974368831143]",5.0,5.0,2.6020808999892324,,,26,1,2020_Jan_21_1047,FaceNameBlocked_revised,3.0.0,85.06837742278688,,2.5645725
93,Male2Block.csv,Kevin2.mp4,Kevin.JPG,Kevin,48.0,M,Jeremy,Aaron,Thomas,Eric,Tyler,Michael,Bradley,Kevin,Timothy,Kyle,7.0,0.0,4.0,4.0,4.0,,,,,0.0,2.0,2.0,7.0,,,,,, Kevin,"['lshift', 'k', 'e', 'v', 'i', 'n']","[1.577455059858039, 2.119771688943729, 2.6132434618193656, 4.3664103948976845, 4.624445545952767, 4.731081144884229]",4.0,4.0,4.493790745967999,,,26,1,2020_Jan_21_1047,FaceNameBlocked_revised,3.0.0,85.06837742278688,,1.5774550
89,Male2Block.csv,Kevin2.mp4,Kevin.JPG,Kevin,48.0,M,Jeremy,Aaron,Thomas,Eric,Tyler,Michael,Bradley,Kevin,Timothy,Kyle,7.0,0.0,4.0,4.0,4.0,0.0,8.0,8.0,7.0,,,,,,,1.0,,,,,,,,,,,26,1,2020_Jan_21_1047,FaceNameBlocked_revised,3.0.0,85.06837742278688,,NaN
96,Male2Block.csv,Kyle3.mp4,Kyle.JPG,Kyle,49.0,M,Jeremy,Aaron,Thomas,Eric,Tyler,Michael,Bradley,Kevin,Timothy,Kyle,9.0,0.0,4.0,4.0,4.0,,,,,0.0,5.0,5.0,9.0,,,,,, Kyle,"['lshift', 'k', 'y', 'l', 'e']","[1.9538818870205432, 3.587890241993591, 4.859619294991717, 6.036030221963301, 6.165257446933538]",5.0,5.0,3.001801301026717,,,26,1,2020_Jan_21_1047,FaceNameBlocked_revised,3.0.0,85.06837742278688,,1.9538818
86,Male2Block.csv,Kyle3.mp4,Kyle.JPG,Kyle,49.0,M,Jeremy,Aaron,Thomas,Eric,Tyler,Michael,Bradley,Kevin,Timothy,Kyle,9.0,0.0,4.0,4.0,4.0,0.0,5.0,5.0,9.0,,,,,,,0.0,,,,,,,,,,,26,1,2020_Jan_21_1047,FaceNameBlocked_revised,3.0.0,85.06837742278688,,NaN
110,Fem2Block.csv,Lauren4.mp4,Lauren.JPG,Lauren,19.0,F,Kelsey,Jenna,Julia,Heather,Anna,Olivia,Jessica,Brianna,Alyssa,Lauren,9.0,0.0,5.0,5.0,1.0,0.0,9.0,9.0,9.0,,,,,,,0.0,,,,,,,,,,,26,1,2020_Jan_21_1047,FaceNameBlocked_revised,3.0.0,85.06837742278688,,NaN
118,Fem2Block.csv,Lauren4.mp4,Lauren.JPG,Lauren,19.0,F,Kelsey,Jenna,Julia,Heather,Anna,Olivia,Jessica,Brianna,Alyssa,Lauren,9.0,0.0,5.0,5.0,1.0,,,,,0.0,7.0,7.0,9.0,,,,,, Olivia,"['lshift', 'o', 'l', 'i', 'v', 'i', 'a']","[2.4003995899111032, 4.601485288934782, 4.964910754002631, 5.401040902826935, 6.0119591020047665, 6.153734125895426, 6.3422209289856255]",3.0,1.0,2.6700872599612917,,,26,1,2020_Jan_21_1047,FaceNameBlocked_revised,3.0.0,85.06837742278688,,2.4003995
20,Male3Block.csv,Mark3.mp4,Mark.JPG,Mark,50.0,M,Ethan,Justin,Mark,David,Noah,Jacob,Steven,Adam,Brandon,Josh,2.0,0.0,0.0,0.0,5.0,,,,,0.0,9.0,9.0,2.0,,,,,, Adam,"['lshift', 'lshift', 'lshift', 'a', 'd', 'a', 'm']","[2.5059223352000117, 4.446560143027455, 4.8465046510100365, 4.906470648013055, 5.798648601165041, 5.9182104910723865, 6.151572365080938]",4.0,3.0,5.82418800587766,,,26,1,2020_Jan_21_1047,FaceNameBlocked_revised,3.0.0,85.06837742278688,,2.5059223
3,Male3Block.csv,Mark3.mp4,Mark.JPG,Mark,50.0,M,Ethan,Justin,Mark,David,Noah,Jacob,Steven,Adam,Brandon,Josh,2.0,0.0,0.0,0.0,5.0,0.0,2.0,2.0,2.0,,,,,,,1.0,,,,,,,,,,,26,1,2020_Jan_21_1047,FaceNameBlocked_revised,3.0.0,85.06837742278688,,NaN
48,Male1Block.csv,Matthew2.mp4,Matthew.JPG,Matthew,51.0,M,Caleb,Dylan,Jason,Trevor,Cody,Nathan,Brian,Matthew,Andrew,Daniel,7.0,0.0,2.0,2.0,3.0,0.0,7.0,7.0,7.0,,,,,,,1.0,,,,,,,,,,,26,1,2020_Jan_21_1047,FaceNameBlocked_revised,3.0.0,85.06837742278688,,NaN
58,Male1Block.csv,Matthew2.mp4,Matthew.JPG,Matthew,51.0,M,Caleb,Dylan,Jason,Trevor,Cody,Nathan,Brian,Matthew,Andrew,Daniel,7.0,0.0,2.0,2.0,3.0,,,,,0.0,7.0,7.0,7.0,,,,,, Mark,"['lshift', 'm', 'a', 'r', 'k']","[1.3763978169299662, 1.6371888150461018, 2.248413698049262, 2.377557158935815, 2.6248964839614928]",2.0,2.0,4.025193358073011,,,26,1,2020_Jan_21_1047,FaceNameBlocked_revised,3.0.0,85.06837742278688,,1.3763978
80,Fem3Block.csv,Megan2.mp4,Megan.JPG,Megan,20.0,F,Rebecca,Natalie,Rachel,Emily,Megan,Nicole,Danielle,Brittany,Grace,Sarah,4.0,0.0,3.0,3.0,2.0,,,,,0.0,9.0,9.0,4.0,,,,,, Rachel,"['lshift', 'r', 'a', 'c', 'h', 'e', 'l']","[3.48242116603069, 3.8012459981255233, 4.142790531972423, 4.424161346163601, 4.636793117970228, 4.789234015159309, 5.459679526975378]",4.0,4.0,4.624741415958852,,,26,1,2020_Jan_21_1047,FaceNameBlocked_revised,3.0.0,85.06837742278688,,3.4824211
63,Fem3Block.csv,Megan2.mp4,Megan.JPG,Megan,20.0,F,Rebecca,Natalie,Rachel,Emily,Megan,Nicole,Danielle,Brittany,Grace,Sarah,4.0,0.0,3.0,3.0,2.0,0.0,2.0,2.0,4.0,,,,,,,1.0,,,,,,,,,,,26,1,2020_Jan_21_1047,FaceNameBlocked_revised,3.0.0,85.06837742278688,,NaN
99,Male2Block.csv,Michael2.mp4,Michael.JPG,Michael,52.0,M,Jeremy,Aaron,Thomas,Eric,Tyler,Michael,Bradley,Kevin,Timothy,Kyle,5.0,0.0,4.0,4.0,4.0,,,,,0.0,8.0,8.0,5.0,,,,,, Eric,"['lshift', 'e', 'r', 'i', 'c']","[3.0582800039555877, 3.364113874034956, 3.66033968096599, 3.93046023696661, 4.048082371940836]",2.0,5.0,6.069913521874696,,,26,1,2020_Jan_21_1047,FaceNameBlocked_revised,3.0.0,85.06837742278688,,3.0582800
88,Male2Block.csv,Michael2.mp4,Michael.JPG,Michael,52.0,M,Jeremy,Aaron,Thomas,Eric,Tyler,Michael,Bradley,Kevin,Timothy,Kyle,5.0,0.0,4.0,4.0,4.0,0.0,7.0,7.0,5.0,,,,,,,0.0,,,,,,,,,,,26,1,2020_Jan_21_1047,FaceNameBlocked_revised,3.0.0,85.06837742278688,,NaN
26,Fem1Block.csv,Michelle2.mp4,Michelle.JPG,Michelle,21.0,F,Haley,Taylor,Ashley,Courtney,Shelby,Hannah,Katie,Amanda,Kayla,Michelle,9.0,0.0,1.0,1.0,0.0,0.0,5.0,5.0,9.0,,,,,,,0.0,,,,,,,,,,,26,1,2020_Jan_21_1047,FaceNameBlocked_revised,3.0.0,85.06837742278688,,NaN
38,Fem1Block.csv,Michelle2.mp4,Michelle.JPG,Michelle,21.0,F,Haley,Taylor,Ashley,Courtney,Shelby,Hannah,Katie,Amanda,Kayla,Michelle,9.0,0.0,1.0,1.0,0.0,,,,,0.0,7.0,7.0,9.0,,,,,, Michelle,"['lshift', 'm', 'i', 'c', 'h', 'e', 'l', 'l', 'e']","[1.6478411590214819, 1.882712237071246, 2.1784143659751862, 2.331863397033885, 2.4723772581201047, 2.6826360661070794, 3.0588526530191302, 3.1897216700017452, 3.425455573014915]",1.0,1.0,2.0697720220778137,,,26,1,2020_Jan_21_1047,FaceNameBlocked_revised,3.0.0,85.06837742278688,,1.6478411
70,Fem3Block.csv,Natalie3.mp4,Natalie.JPG,Natalie,22.0,F,Rebecca,Natalie,Rachel,Emily,Megan,Nicole,Danielle,Brittany,Grace,Sarah,1.0,0.0,3.0,3.0,2.0,0.0,9.0,9.0,1.0,,,,,,,1.0,,,,,,,,,,,26,1,2020_Jan_21_1047,FaceNameBlocked_revised,3.0.0,85.06837742278688,,NaN
77,Fem3Block.csv,Natalie3.mp4,Natalie.JPG,Natalie,22.0,F,Rebecca,Natalie,Rachel,Emily,Megan,Nicole,Danielle,Brittany,Grace,Sarah,1.0,0.0,3.0,3.0,2.0,,,,,0.0,6.0,6.0,1.0,,,,,, Natalie,"['lshift', 'n', 'a', 't', 'a', 'l', 'i', 'e']","[2.5640865929890424, 2.895429932978004, 4.505808364134282, 4.927854954032227, 5.129784082993865, 5.694595152977854, 6.153237976133823, 6.281710639130324]",3.0,3.0,3.37796768383123,,,26,1,2020_Jan_21_1047,FaceNameBlocked_revised,3.0.0,85.06837742278688,,2.5640865
43,Male1Block.csv,Nathan3.mp4,Nathan.JPG,Nathan,53.0,M,Caleb,Dylan,Jason,Trevor,Cody,Nathan,Brian,Matthew,Andrew,Daniel,5.0,0.0,2.0,2.0,3.0,0.0,2.0,2.0,5.0,,,,,,,0.0,,,,,,,,,,,26,1,2020_Jan_21_1047,FaceNameBlocked_revised,3.0.0,85.06837742278688,,NaN
51,Male1Block.csv,Nathan3.mp4,Nathan.JPG,Nathan,53.0,M,Caleb,Dylan,Jason,Trevor,Cody,Nathan,Brian,Matthew,Andrew,Daniel,5.0,0.0,2.0,2.0,3.0,,,,,0.0,0.0,0.0,5.0,,,,space,6.177599021932111, Nathan,"['lshift', 'n', 'a', 't', 'h', 'a', 'n']","[2.4115391061641276, 3.6476145619526505, 4.0835642230231315, 4.542465065140277, 4.812873617047444, 5.0361058921553195, 5.259740308159962]",3.0,3.0,3.483140982920304,,,26,1,2020_Jan_21_1047,FaceNameBlocked_revised,3.0.0,85.06837742278688,,2.4115391
73,Fem3Block.csv,Nicole2.mp4,Nicole.JPG,Nicole,23.0,F,Rebecca,Natalie,Rachel,Emily,Megan,Nicole,Danielle,Brittany,Grace,Sarah,5.0,0.0,3.0,3.0,2.0,,,,,0.0,2.0,2.0,5.0,,,,,, Nicole,"['lshift', 'lshift', 'n', 'i', 'c', 'o', 'l', 'e']","[2.940174805931747, 5.727944239974022, 5.835938591044396, 6.139512380119413, 6.329206298105419, 6.541119818110019, 6.7883698081132025, 6.917370178969577]",2.0,2.0,2.8489372769836336,,,26,1,2020_Jan_21_1047,FaceNameBlocked_revised,3.0.0,85.06837742278688,,2.9401748
68,Fem3Block.csv,Nicole2.mp4,Nicole.JPG,Nicole,23.0,F,Rebecca,Natalie,Rachel,Emily,Megan,Nicole,Danielle,Brittany,Grace,Sarah,5.0,0.0,3.0,3.0,2.0,0.0,7.0,7.0,5.0,,,,,,,0.0,,,,,,,,,,,26,1,2020_Jan_21_1047,FaceNameBlocked_revised,3.0.0,85.06837742278688,,NaN
17,Male3Block.csv,Noah2.mp4,Noah.JPG,Noah,54.0,M,Ethan,Justin,Mark,David,Noah,Jacob,Steven,Adam,Brandon,Josh,4.0,0.0,0.0,0.0,5.0,,,,,0.0,6.0,6.0,4.0,,,,,, Noah,"['lshift', 'n', 'o', 'a', 'h']","[2.0008201878517866, 2.5309630688279867, 2.9780642099212855, 3.1541275719646364, 3.306883639888838]",3.0,3.0,3.6015345309861004,,,26,1,2020_Jan_21_1047,FaceNameBlocked_revised,3.0.0,85.06837742278688,,2.0008201
5,Male3Block.csv,Noah2.mp4,Noah.JPG,Noah,54.0,M,Ethan,Justin,Mark,David,Noah,Jacob,Steven,Adam,Brandon,Josh,4.0,0.0,0.0,0.0,5.0,0.0,4.0,4.0,4.0,,,,,,,1.0,,,,,,,,,,,26,1,2020_Jan_21_1047,FaceNameBlocked_revised,3.0.0,85.06837742278688,,NaN
119,Fem2Block.csv,Olivia3.mp4,Olivia.JPG,Olivia,24.0,F,Kelsey,Jenna,Julia,Heather,Anna,Olivia,Jessica,Brianna,Alyssa,Lauren,5.0,0.0,5.0,5.0,1.0,,,,,0.0,8.0,8.0,5.0,,,,,, Jenna,"['lshift', 'j', 'e', 'n', 'n', 'a']","[1.1291482402011752, 3.2607499160803854, 3.742254375014454, 4.518225118052214, 4.730637952219695, 4.8948790822178125]",3.0,5.0,5.1070814500562856,,,26,1,2020_Jan_21_1047,FaceNameBlocked_revised,3.0.0,85.06837742278688,,1.1291482
105,Fem2Block.csv,Olivia3.mp4,Olivia.JPG,Olivia,24.0,F,Kelsey,Jenna,Julia,Heather,Anna,Olivia,Jessica,Brianna,Alyssa,Lauren,5.0,0.0,5.0,5.0,1.0,0.0,4.0,4.0,5.0,,,,,,,0.0,,,,,,,,,,,26,1,2020_Jan_21_1047,FaceNameBlocked_revised,3.0.0,85.06837742278688,,NaN
79,Fem3Block.csv,Rachel3.mp4,Rachel.JPG,Rachel,25.0,F,Rebecca,Natalie,Rachel,Emily,Megan,Nicole,Danielle,Brittany,Grace,Sarah,2.0,0.0,3.0,3.0,2.0,,,,,0.0,8.0,8.0,2.0,,,,,, Megan,"['lshift', 'm', 'e', 'g', 'a', 'n']","[3.2703322330489755, 4.070297411875799, 4.613346430938691, 5.165772087872028, 5.353402390843257, 5.577270349953324]",2.0,2.0,4.280776033177972,,,26,1,2020_Jan_21_1047,FaceNameBlocked_revised,3.0.0,85.06837742278688,,3.2703322
62,Fem3Block.csv,Rachel3.mp4,Rachel.JPG,Rachel,25.0,F,Rebecca,Natalie,Rachel,Emily,Megan,Nicole,Danielle,Brittany,Grace,Sarah,2.0,0.0,3.0,3.0,2.0,0.0,1.0,1.0,2.0,,,,,,,1.0,,,,,,,,,,,26,1,2020_Jan_21_1047,FaceNameBlocked_revised,3.0.0,85.06837742278688,,NaN
75,Fem3Block.csv,Rebecca3.mp4,Rebecca.JPG,Rebecca,26.0,F,Rebecca,Natalie,Rachel,Emily,Megan,Nicole,Danielle,Brittany,Grace,Sarah,0.0,0.0,3.0,3.0,2.0,,,,,0.0,4.0,4.0,0.0,,,,,, Rebecca,"['lshift', 'r', 'e', 'b', 'e', 'c', 'c', 'a']","[1.1417896221391857, 1.437710358062759, 1.7787965990137309, 2.0376432901248336, 2.2025640001520514, 2.532018597004935, 2.7545730581041425, 3.072156443959102]",3.0,3.0,2.8841453639324754,,,26,1,2020_Jan_21_1047,FaceNameBlocked_revised,3.0.0,85.06837742278688,,1.1417896
67,Fem3Block.csv,Rebecca3.mp4,Rebecca.JPG,Rebecca,26.0,F,Rebecca,Natalie,Rachel,Emily,Megan,Nicole,Danielle,Brittany,Grace,Sarah,0.0,0.0,3.0,3.0,2.0,0.0,6.0,6.0,0.0,,,,,,,0.0,,,,,,,,,,,26,1,2020_Jan_21_1047,FaceNameBlocked_revised,3.0.0,85.06837742278688,,NaN
64,Fem3Block.csv,Sarah2.mp4,Sarah.JPG,Sarah,27.0,F,Rebecca,Natalie,Rachel,Emily,Megan,Nicole,Danielle,Brittany,Grace,Sarah,9.0,0.0,3.0,3.0,2.0,0.0,3.0,3.0,9.0,,,,,,,0.0,,,,,,,,,,,26,1,2020_Jan_21_1047,FaceNameBlocked_revised,3.0.0,85.06837742278688,,NaN
74,Fem3Block.csv,Sarah2.mp4,Sarah.JPG,Sarah,27.0,F,Rebecca,Natalie,Rachel,Emily,Megan,Nicole,Danielle,Brittany,Grace,Sarah,9.0,0.0,3.0,3.0,2.0,,,,,0.0,3.0,3.0,9.0,,,,,, Sarah,"['lshift', 's', 'a', 'r', 'a', 'h']","[1.3180220879148692, 1.5537561539094895, 2.048673902871087, 2.3776314679998904, 2.589550022035837, 2.847933877957985]",5.0,5.0,2.837048989953473,,,26,1,2020_Jan_21_1047,FaceNameBlocked_revised,3.0.0,85.06837742278688,,1.3180220
39,Fem1Block.csv,Shelby2.mp4,Shelby.JPG,Shelby,28.0,F,Haley,Taylor,Ashley,Courtney,Shelby,Hannah,Katie,Amanda,Kayla,Michelle,4.0,0.0,1.0,1.0,0.0,,,,,0.0,8.0,8.0,4.0,,,,,, Shelby,"['lshift', 's', 'h', 'e', 'b', 'y', 'backspace', 'backspace', 'l', 'b', 'y']","[1.3416260879021138, 1.483851407887414, 1.6836470828857273, 2.2240933128632605, 3.3311593788675964, 3.589573275996372, 4.565139062004164, 4.917578802909702, 5.471023316029459, 5.729351072805002, 5.929351286962628]",3.0,3.0,3.413405786966905,,,26,1,2020_Jan_21_1047,FaceNameBlocked_revised,3.0.0,85.06837742278688,,1.3416260
25,Fem1Block.csv,Shelby2.mp4,Shelby.JPG,Shelby,28.0,F,Haley,Taylor,Ashley,Courtney,Shelby,Hannah,Katie,Amanda,Kayla,Michelle,4.0,0.0,1.0,1.0,0.0,0.0,4.0,4.0,4.0,,,,,,,1.0,,,,,,,,,,,26,1,2020_Jan_21_1047,FaceNameBlocked_revised,3.0.0,85.06837742278688,,NaN
2,Male3Block.csv,Steven2.mp4,Steven.JPG,Steven,55.0,M,Ethan,Justin,Mark,David,Noah,Jacob,Steven,Adam,Brandon,Josh,6.0,0.0,0.0,0.0,5.0,0.0,1.0,1.0,6.0,,,,,,,1.0,,,,,,,,,,,26,1,2020_Jan_21_1047,FaceNameBlocked_revised,3.0.0,85.06837742278688,,NaN
16,Male3Block.csv,Steven2.mp4,Steven.JPG,Steven,55.0,M,Ethan,Justin,Mark,David,Noah,Jacob,Steven,Adam,Brandon,Josh,6.0,0.0,0.0,0.0,5.0,,,,,0.0,5.0,5.0,6.0,,,,,, Steven,"['lshift', 's', 't', 'e', 'v', 'e', 'n']","[1.823981984052807, 2.0250056381337345, 2.448772851144895, 2.730545744067058, 3.0252194651402533, 3.175647034076974, 3.354133749147877]",1.0,1.0,2.1550087339710444,,,26,1,2020_Jan_21_1047,FaceNameBlocked_revised,3.0.0,85.06837742278688,,1.8239819
36,Fem1Block.csv,Taylor4.mp4,Taylor.JPG,Taylor,29.0,F,Haley,Taylor,Ashley,Courtney,Shelby,Hannah,Katie,Amanda,Kayla,Michelle,1.0,0.0,1.0,1.0,0.0,,,,,0.0,5.0,5.0,1.0,,,,,, Taylor,"['lshift', 't', 'a', 'y', 'l', 'o', 'r']","[1.4351812009699643, 1.7304422920569777, 2.4107541150879115, 2.6953673178795725, 2.9422597880475223, 3.3542077620513737, 3.5307063839863986]",4.0,4.0,1.530440371017903,,,26,1,2020_Jan_21_1047,FaceNameBlocked_revised,3.0.0,85.06837742278688,,1.4351812
23,Fem1Block.csv,Taylor4.mp4,Taylor.JPG,Taylor,29.0,F,Haley,Taylor,Ashley,Courtney,Shelby,Hannah,Katie,Amanda,Kayla,Michelle,1.0,0.0,1.0,1.0,0.0,0.0,2.0,2.0,1.0,,,,,,,1.0,,,,,,,,,,,26,1,2020_Jan_21_1047,FaceNameBlocked_revised,3.0.0,85.06837742278688,,NaN
94,Male2Block.csv,Thomas2.mp4,Thomas.JPG,Thomas,56.0,M,Jeremy,Aaron,Thomas,Eric,Tyler,Michael,Bradley,Kevin,Timothy,Kyle,2.0,0.0,4.0,4.0,4.0,,,,,0.0,3.0,3.0,2.0,,,,,, Kyle,"['lshift', 'k', 'y', 'l', 'e']","[1.835345232160762, 4.130871968111023, 4.598989672027528, 5.294699516147375, 5.4477428800892085]",5.0,2.0,3.870332159101963,,,26,1,2020_Jan_21_1047,FaceNameBlocked_revised,3.0.0,85.06837742278688,,1.8353452
87,Male2Block.csv,Thomas2.mp4,Thomas.JPG,Thomas,56.0,M,Jeremy,Aaron,Thomas,Eric,Tyler,Michael,Bradley,Kevin,Timothy,Kyle,2.0,0.0,4.0,4.0,4.0,0.0,6.0,6.0,2.0,,,,,,,1.0,,,,,,,,,,,26,1,2020_Jan_21_1047,FaceNameBlocked_revised,3.0.0,85.06837742278688,,NaN
92,Male2Block.csv,Timothy3.mp4,Timothy.JPG,Timothy,57.0,M,Jeremy,Aaron,Thomas,Eric,Tyler,Michael,Bradley,Kevin,Timothy,Kyle,8.0,0.0,4.0,4.0,4.0,,,,,0.0,1.0,1.0,8.0,,,,,, Timothy,"['lshift', 't', 'i', 'm', 'o', 't', 'h', 'y']","[1.3294690330512822, 1.5899540360551327, 1.8022252800874412, 2.0368578201159835, 2.2606350420974195, 2.4726099639665335, 2.6605047550983727, 2.86056426493451]",5.0,5.0,3.1080996580421925,,,26,1,2020_Jan_21_1047,FaceNameBlocked_revised,3.0.0,85.06837742278688,,1.3294690
82,Male2Block.csv,Timothy3.mp4,Timothy.JPG,Timothy,57.0,M,Jeremy,Aaron,Thomas,Eric,Tyler,Michael,Bradley,Kevin,Timothy,Kyle,8.0,0.0,4.0,4.0,4.0,0.0,1.0,1.0,8.0,,,,,,,0.0,,,,,,,,,,,26,1,2020_Jan_21_1047,FaceNameBlocked_revised,3.0.0,85.06837742278688,,NaN
42,Male1Block.csv,Trevor2.mp4,Trevor.JPG,Trevor,58.0,M,Caleb,Dylan,Jason,Trevor,Cody,Nathan,Brian,Matthew,Andrew,Daniel,3.0,0.0,2.0,2.0,3.0,0.0,1.0,1.0,3.0,,,,,,,0.0,,,,,,,,,,,26,1,2020_Jan_21_1047,FaceNameBlocked_revised,3.0.0,85.06837742278688,,NaN
53,Male1Block.csv,Trevor2.mp4,Trevor.JPG,Trevor,58.0,M,Caleb,Dylan,Jason,Trevor,Cody,Nathan,Brian,Matthew,Andrew,Daniel,3.0,0.0,2.0,2.0,3.0,,,,,0.0,2.0,2.0,3.0,,,,,, Trevor,"['lshift', 't', 'r', 'e', 'v', 'o', 'r']","[1.7520934180356562, 2.374937796033919, 2.683518329169601, 3.1184839359484613, 3.541470160940662, 3.9883961451705545, 4.106271042022854]",5.0,5.0,3.5169654469937086,,,26,1,2020_Jan_21_1047,FaceNameBlocked_revised,3.0.0,85.06837742278688,,1.7520934
81,Male2Block.csv,Tyler3.mp4,Tyler.JPG,Tyler,59.0,M,Jeremy,Aaron,Thomas,Eric,Tyler,Michael,Bradley,Kevin,Timothy,Kyle,4.0,0.0,4.0,4.0,4.0,0.0,0.0,0.0,4.0,,,,,,,1.0,,,,,,,,,,,26,1,2020_Jan_21_1047,FaceNameBlocked_revised,3.0.0,85.06837742278688,,NaN
97,Male2Block.csv,Tyler3.mp4,Tyler.JPG,Tyler,59.0,M,Jeremy,Aaron,Thomas,Eric,Tyler,Michael,Bradley,Kevin,Timothy,Kyle,4.0,0.0,4.0,4.0,4.0,,,,,0.0,6.0,6.0,4.0,,,,,, Tyler,"['lshift', 't', 'y', 'l', 'e', 'r']","[1.4116881820373237, 3.695656012976542, 5.259825465967879, 6.186688177054748, 6.318472029874101, 6.482845871010795]",3.0,3.0,2.4258994460105896,,,26,1,2020_Jan_21_1047,FaceNameBlocked_revised,3.0.0,85.06837742278688,,1.4116881
0,,,,,,,,,,,,,,,,,,,,,,,,,,,,,,space,853.2818680149503,,,,,,,,,,,,26,1,2020_Jan_21_1047,FaceNameBlocked_revised,3.0.0,85.06837742278688,,NaN
121,,,,,,,,,,,,,,,,,,,,,,,,,,,,,,,,,,,,,,,,,space,44.179508554050706,26,1,2020_Jan_21_1047,FaceNameBlocked_revised,3.0.0,85.06837742278688,,NaN
