,condsBlockFile,Video,Photo,Name,Row,Gender,N1,N2,N3,N4,N5,N6,N7,N8,N9,N10,Row2,blocks.thisRepN,blocks.thisTrialN,blocks.thisN,blocks.thisIndex,presentations.thisRepN,presentations.thisTrialN,presentations.thisN,presentations.thisIndex,testing.thisRepN,testing.thisTrialN,testing.thisN,testing.thisIndex,advance_1.keys,advance_1.rt,currentCond,advance_2.keys,advance_2.rt,inputText,key_resp_3.keys,key_resp_3.rt,correctRecogSelection,keyResponse.keys,keyResponse.rt,end_key.keys,end_key.rt,participant,session,date,expName,psychopyVersion,frameRate,Unnamed: 48,key_resp3_fin
15,Male1Block.csv,Aaron2.mp4,Aaron.JPG,Aaron,30.0,M,Kevin,Brian,Ethan,Eric,Cody,Andrew,Aaron,Daniel,Matthew,Caleb,6.0,0.0,0.0,0.0,3.0,,,,,0.0,4.0,4.0,6.0,,,,,, Cody,"['lshift', 'c', 'o', 'd', 'y', 'return']","[4.066161404945888, 4.281084807938896, 4.4535621859831735, 4.600897435913794, 5.453910885960795, 8.584236325928941]",1.0,3.0,3.1078994629206136,,,27,1,2020_Jan_21_1048,FaceNameBlocked_revised,3.0.0,75.11369772865196,,4.0661614
5,Male1Block.csv,Aaron2.mp4,Aaron.JPG,Aaron,30.0,M,Kevin,Brian,Ethan,Eric,Cody,Andrew,Aaron,Daniel,Matthew,Caleb,6.0,0.0,0.0,0.0,3.0,0.0,4.0,4.0,6.0,,,,,,,0.0,,,,,,,,,,,27,1,2020_Jan_21_1048,FaceNameBlocked_revised,3.0.0,75.11369772865196,,NaN
22,Male2Block.csv,Adam4.mp4,Adam.JPG,Adam,31.0,M,Timothy,Adam,Kyle,Justin,Steven,Bradley,Noah,Thomas,David,Dylan,1.0,0.0,1.0,1.0,4.0,0.0,1.0,1.0,1.0,,,,,,,0.0,,,,,,,,,,,27,1,2020_Jan_21_1048,FaceNameBlocked_revised,3.0.0,75.11369772865196,,NaN
34,Male2Block.csv,Adam4.mp4,Adam.JPG,Adam,31.0,M,Timothy,Adam,Kyle,Justin,Steven,Bradley,Noah,Thomas,David,Dylan,1.0,0.0,1.0,1.0,4.0,,,,,0.0,3.0,3.0,1.0,,,,,, Noah,"['lshift', 'n', 'o', 'a', 'h', 'return']","[1.5593309269752353, 1.8397461120039225, 1.986907514045015, 2.147088409983553, 2.22649953502696, 3.6263683850411326]",2.0,3.0,6.293768443050793,,,27,1,2020_Jan_21_1048,FaceNameBlocked_revised,3.0.0,75.11369772865196,,1.5593309
42,Fem1Block.csv,Alyssa3.mp4,Alyssa.JPG,Alyssa,0.0,F,Courtney,Lauren,Alyssa,Natalie,Nicole,Brittany,Kayla,Sarah,Emily,Kelsey,2.0,0.0,2.0,2.0,0.0,0.0,1.0,1.0,2.0,,,,,,,1.0,,,,,,,,,,,27,1,2020_Jan_21_1048,FaceNameBlocked_revised,3.0.0,75.11369772865196,,NaN
57,Fem1Block.csv,Alyssa3.mp4,Alyssa.JPG,Alyssa,0.0,F,Courtney,Lauren,Alyssa,Natalie,Nicole,Brittany,Kayla,Sarah,Emily,Kelsey,2.0,0.0,2.0,2.0,0.0,,,,,0.0,6.0,6.0,2.0,,,,,, Lauren,"['lshift', 'l', 'a', 'u', 'r', 'a', 'backspace', 'backspace', 'r', 'e', 'n', 'return']","[1.7731509869918227, 1.9221949799684808, 2.08215697389096, 2.214528388925828, 2.374423931934871, 2.521791204926558, 2.9073695759288967, 3.081178771913983, 3.6805799389258027, 3.8277572859078646, 3.934650333947502, 5.052029836922884]",5.0,2.0,5.799088080995716,,,27,1,2020_Jan_21_1048,FaceNameBlocked_revised,3.0.0,75.11369772865196,,1.7731509
82,Fem2Block.csv,Amanda3.mp4,Amanda.JPG,Amanda,1.0,F,Amanda,Julia,Rebecca,Shelby,Michelle,Brianna,Anna,Danielle,Rachel,Jessica,0.0,0.0,4.0,4.0,1.0,0.0,1.0,1.0,0.0,,,,,,,1.0,,,,,,,,,,,27,1,2020_Jan_21_1048,FaceNameBlocked_revised,3.0.0,75.11369772865196,,NaN
95,Fem2Block.csv,Amanda3.mp4,Amanda.JPG,Amanda,1.0,F,Amanda,Julia,Rebecca,Shelby,Michelle,Brianna,Anna,Danielle,Rachel,Jessica,0.0,0.0,4.0,4.0,1.0,,,,,0.0,4.0,4.0,0.0,,,,,, Olivia,"['lshift', 'o', 'l', 'i', 'v', 'i', 'a']","[2.0403947409940884, 2.5089489340316504, 2.7885469150496647, 2.9487309510586783, 3.095578058040701, 3.175578205031343, 3.334467814071104]",5.0,5.0,5.227938967989758,,,27,1,2020_Jan_21_1048,FaceNameBlocked_revised,3.0.0,75.11369772865196,,2.0403947
3,Male1Block.csv,Andrew2.mp4,Andrew.JPG,Andrew,32.0,M,Kevin,Brian,Ethan,Eric,Cody,Andrew,Aaron,Daniel,Matthew,Caleb,5.0,0.0,0.0,0.0,3.0,0.0,2.0,2.0,5.0,,,,,,,1.0,,,,,,,,,,,27,1,2020_Jan_21_1048,FaceNameBlocked_revised,3.0.0,75.11369772865196,,NaN
12,Male1Block.csv,Andrew2.mp4,Andrew.JPG,Andrew,32.0,M,Kevin,Brian,Ethan,Eric,Cody,Andrew,Aaron,Daniel,Matthew,Caleb,5.0,0.0,0.0,0.0,3.0,,,,,0.0,1.0,1.0,5.0,,,,,, ,"['lshift', 'c', 'o', 'd', 'backspace', 'backspace', 'backspace', 'lshift', 'a', 'backspace', 'lshift']","[2.4667954089818522, 2.681841399986297, 2.8680571030126885, 3.0282496330328286, 4.453102843021043, 4.667371051036753, 4.826306189992465, 7.052402787026949, 7.213048111065291, 7.931830303976312, 8.770961450063623]",3.0,2.0,5.067386075970717,,,27,1,2020_Jan_21_1048,FaceNameBlocked_revised,3.0.0,75.11369772865196,,2.4667954
85,Fem2Block.csv,Anna3.mp4,Anna.JPG,Anna,2.0,F,Amanda,Julia,Rebecca,Shelby,Michelle,Brianna,Anna,Danielle,Rachel,Jessica,6.0,0.0,4.0,4.0,1.0,0.0,4.0,4.0,6.0,,,,,,,0.0,,,,,,,,,,,27,1,2020_Jan_21_1048,FaceNameBlocked_revised,3.0.0,75.11369772865196,,NaN
97,Fem2Block.csv,Anna3.mp4,Anna.JPG,Anna,2.0,F,Amanda,Julia,Rebecca,Shelby,Michelle,Brianna,Anna,Danielle,Rachel,Jessica,6.0,0.0,4.0,4.0,1.0,,,,,0.0,6.0,6.0,6.0,,,,,, Shelby,"['lshift', 's', 'h', 'e', 'l', 'b', 'y']","[1.7336825999664143, 1.921962721971795, 2.082666993024759, 2.215388020966202, 2.3481752009829506, 2.8680983789963648, 3.161673297989182]",5.0,1.0,3.3884188830852513,,,27,1,2020_Jan_21_1048,FaceNameBlocked_revised,3.0.0,75.11369772865196,,1.7336825
67,Fem3Block.csv,Ashley3.mp4,Ashley.JPG,Ashley,3.0,F,Taylor,Katie,Hannah,Ashley,Olivia,Haley,Megan,Heather,Jenna,Grace,3.0,0.0,3.0,3.0,2.0,0.0,6.0,6.0,3.0,,,,,,,1.0,,,,,,,,,,,27,1,2020_Jan_21_1048,FaceNameBlocked_revised,3.0.0,75.11369772865196,,NaN
75,Fem3Block.csv,Ashley3.mp4,Ashley.JPG,Ashley,3.0,F,Taylor,Katie,Hannah,Ashley,Olivia,Haley,Megan,Heather,Jenna,Grace,3.0,0.0,3.0,3.0,2.0,,,,,0.0,4.0,4.0,3.0,,,,,, Elizabeth,"['lshift', 'e', 'l', 'i', 'z', 'a', 'b', 'backspace', 'backspace', 'backspace', 'backspace', 'backspace', 'l', 'i', 'z', 'a', 't', 'h', 'backspace', 'backspace', 'backspace', 'a', 'b', 'e', 't', 'h']","[1.8539337440161034, 2.0284324620151892, 2.241458247997798, 2.3866003029979765, 2.52190310403239, 2.666034974041395, 3.0413375550415367, 3.946689039003104, 4.107678608037531, 4.240548389032483, 4.413988090003841, 4.546358064049855, 5.266751407994889, 5.400720195029862, 5.74673386500217, 5.8533311650389805, 6.106737553025596, 6.240813949960284, 6.559789624996483, 6.70661374903284, 6.852580104954541, 7.3995617519831285, 7.546669278061017, 7.746390245039947, 7.866587216034532, 7.959407287999056]",1.0,3.0,3.2009893640642986,,,27,1,2020_Jan_21_1048,FaceNameBlocked_revised,3.0.0,75.11369772865196,,1.8539337
37,Male2Block.csv,Bradley3.mp4,Bradley.JPG,Bradley,33.0,M,Timothy,Adam,Kyle,Justin,Steven,Bradley,Noah,Thomas,David,Dylan,5.0,0.0,1.0,1.0,4.0,,,,,0.0,6.0,6.0,5.0,,,,,, David ,"['lshift', 'd', 'a', 'v', 'i', 'd', 'space']","[2.678073668968864, 6.052277270006016, 6.236344277043827, 6.451634802040644, 6.6245761789614335, 6.798564390977845, 9.224258520989679]",2.0,3.0,1.798990728915669,,,27,1,2020_Jan_21_1048,FaceNameBlocked_revised,3.0.0,75.11369772865196,,2.6780736
28,Male2Block.csv,Bradley3.mp4,Bradley.JPG,Bradley,33.0,M,Timothy,Adam,Kyle,Justin,Steven,Bradley,Noah,Thomas,David,Dylan,5.0,0.0,1.0,1.0,4.0,0.0,7.0,7.0,5.0,,,,,,,1.0,,,,,,,,,,,27,1,2020_Jan_21_1048,FaceNameBlocked_revised,3.0.0,75.11369772865196,,NaN
114,Male3Block.csv,Brandon2.mp4,Brandon.JPG,Brandon,34.0,M,Josh,Michael,Nathan,Tyler,Mark,Jacob,Brandon,Jeremy,Jason,Trevor,6.0,0.0,5.0,5.0,5.0,,,,,0.0,3.0,3.0,6.0,,,,,, Nathan,"['lshift', 'a', 'n', 'backspace', 'backspace', 'lshift', 'n', 'a', 't', 'a', 'backspace', 'h', 'a', 'n']","[2.2254611200187355, 2.561544507043436, 3.0529133999953046, 3.18614979297854, 3.2917792149819434, 3.4929874090012163, 3.626690521952696, 3.7597925720037892, 3.972375276964158, 4.425598207046278, 4.706124410964549, 4.8661696909694, 4.9729169009951875]",2.0,1.0,3.2548819360090424,,,27,1,2020_Jan_21_1048,FaceNameBlocked_revised,3.0.0,75.11369772865196,,2.2254611
101,Male3Block.csv,Brandon2.mp4,Brandon.JPG,Brandon,34.0,M,Josh,Michael,Nathan,Tyler,Mark,Jacob,Brandon,Jeremy,Jason,Trevor,6.0,0.0,5.0,5.0,5.0,0.0,0.0,0.0,6.0,,,,,,,0.0,,,,,,,,,,,27,1,2020_Jan_21_1048,FaceNameBlocked_revised,3.0.0,75.11369772865196,,NaN
1,Male1Block.csv,Brian2.mp4,Brian.JPG,Brian,35.0,M,Kevin,Brian,Ethan,Eric,Cody,Andrew,Aaron,Daniel,Matthew,Caleb,1.0,0.0,0.0,0.0,3.0,0.0,0.0,0.0,1.0,,,,,,,0.0,,,,,,,,,,,27,1,2020_Jan_21_1048,FaceNameBlocked_revised,3.0.0,75.11369772865196,,NaN
13,Male1Block.csv,Brian2.mp4,Brian.JPG,Brian,35.0,M,Kevin,Brian,Ethan,Eric,Cody,Andrew,Aaron,Daniel,Matthew,Caleb,1.0,0.0,0.0,0.0,3.0,,,,,0.0,2.0,2.0,1.0,,,,,, Brian,"['lshift', 'b', 'r', 'i', 'a', 'n', 'return', 'return']","[1.4666014900431037, 1.7476123980013654, 1.9061487390426919, 2.055190979037434, 2.201472348999232, 2.321654733037576, 3.0405927191022784, 6.385382427019067]",5.0,5.0,2.8555842679925263,,,27,1,2020_Jan_21_1048,FaceNameBlocked_revised,3.0.0,75.11369772865196,,1.4666014
86,Fem2Block.csv,Brianna2.mp4,Brianna.JPG,Brianna,4.0,F,Amanda,Julia,Rebecca,Shelby,Michelle,Brianna,Anna,Danielle,Rachel,Jessica,5.0,0.0,4.0,4.0,1.0,0.0,5.0,5.0,5.0,,,,,,,1.0,,,,,,,,,,,27,1,2020_Jan_21_1048,FaceNameBlocked_revised,3.0.0,75.11369772865196,,NaN
96,Fem2Block.csv,Brianna2.mp4,Brianna.JPG,Brianna,4.0,F,Amanda,Julia,Rebecca,Shelby,Michelle,Brianna,Anna,Danielle,Rachel,Jessica,5.0,0.0,4.0,4.0,1.0,,,,,0.0,5.0,5.0,5.0,,,,,, Brianna,"['lshift', 'b', 'r', 'i', 'a', 'n', 'n', 'a']","[4.02588680095505, 4.441234771977179, 4.614785796962678, 4.694725497975014, 4.881033802055754, 4.987493796041235, 5.1058600400574505, 5.201076913042925]",1.0,1.0,1.9331975090317428,,,27,1,2020_Jan_21_1048,FaceNameBlocked_revised,3.0.0,75.11369772865196,,4.0258868
54,Fem1Block.csv,Brittany2.mp4,Brittany.JPG,Brittany,5.0,F,Courtney,Lauren,Alyssa,Natalie,Nicole,Brittany,Kayla,Sarah,Emily,Kelsey,5.0,0.0,2.0,2.0,0.0,,,,,0.0,3.0,3.0,5.0,,,,,,,"['lshift', 'lshift', 't', 'i', 'f', 'f', 'a', 'backspace', 'backspace', 'backspace', 'backspace', 'backspace', 'backspace', 'lshift']","[1.8400039960397407, 4.826280276058242, 6.786522823036648, 7.279970939038321, 7.466727443039417, 7.746503900038078, 8.426250503980555, 9.038174955057912, 9.17206727201119, 9.305217626970261, 9.451762113021687, 9.572023750981316, 9.718339964048937, 9.837568143033423]",5.0,5.0,1.921528042992577,,,27,1,2020_Jan_21_1048,FaceNameBlocked_revised,3.0.0,75.11369772865196,,1.8400039
45,Fem1Block.csv,Brittany2.mp4,Brittany.JPG,Brittany,5.0,F,Courtney,Lauren,Alyssa,Natalie,Nicole,Brittany,Kayla,Sarah,Emily,Kelsey,5.0,0.0,2.0,2.0,0.0,0.0,4.0,4.0,5.0,,,,,,,1.0,,,,,,,,,,,27,1,2020_Jan_21_1048,FaceNameBlocked_revised,3.0.0,75.11369772865196,,NaN
14,Male1Block.csv,Caleb5.mp4,Caleb.JPG,Caleb,36.0,M,Kevin,Brian,Ethan,Eric,Cody,Andrew,Aaron,Daniel,Matthew,Caleb,9.0,0.0,0.0,0.0,3.0,,,,,0.0,3.0,3.0,9.0,,,,,, Ethan,"['lshift', 'e', 't', 'h', 'a', 'n', 'return']","[3.786054771975614, 4.014044857933186, 4.200497663929127, 4.400122848921455, 4.786345502012409, 4.947288646013476, 5.7057320069288835]",4.0,1.0,1.8541467000031844,,,27,1,2020_Jan_21_1048,FaceNameBlocked_revised,3.0.0,75.11369772865196,,3.7860547
6,Male1Block.csv,Caleb5.mp4,Caleb.JPG,Caleb,36.0,M,Kevin,Brian,Ethan,Eric,Cody,Andrew,Aaron,Daniel,Matthew,Caleb,9.0,0.0,0.0,0.0,3.0,0.0,5.0,5.0,9.0,,,,,,,1.0,,,,,,,,,,,27,1,2020_Jan_21_1048,FaceNameBlocked_revised,3.0.0,75.11369772865196,,NaN
16,Male1Block.csv,Cody2.mp4,Cody.JPG,Cody,37.0,M,Kevin,Brian,Ethan,Eric,Cody,Andrew,Aaron,Daniel,Matthew,Caleb,4.0,0.0,0.0,0.0,3.0,,,,,0.0,5.0,5.0,4.0,,,,,, Ethan,"['lshift', 'lshift', 'lshift', 'e', 'backspace', 'lshift', 'e', 't', 'h', 'a', 'n', 'return']","[3.746612224029377, 4.372690664953552, 4.973151981947012, 5.187786350026727, 6.053752445965074, 6.55912117799744, 6.733325058943592, 6.86671104002744, 7.24079939594958, 7.413702756981365, 7.519209926016629, 8.158161789993756]",4.0,1.0,6.518519573961385,,,27,1,2020_Jan_21_1048,FaceNameBlocked_revised,3.0.0,75.11369772865196,,3.7466122
8,Male1Block.csv,Cody2.mp4,Cody.JPG,Cody,37.0,M,Kevin,Brian,Ethan,Eric,Cody,Andrew,Aaron,Daniel,Matthew,Caleb,4.0,0.0,0.0,0.0,3.0,0.0,7.0,7.0,4.0,,,,,,,0.0,,,,,,,,,,,27,1,2020_Jan_21_1048,FaceNameBlocked_revised,3.0.0,75.11369772865196,,NaN
46,Fem1Block.csv,Courtney2.mp4,Courtney.JPG,Courtney,6.0,F,Courtney,Lauren,Alyssa,Natalie,Nicole,Brittany,Kayla,Sarah,Emily,Kelsey,0.0,0.0,2.0,2.0,0.0,0.0,5.0,5.0,0.0,,,,,,,1.0,,,,,,,,,,,27,1,2020_Jan_21_1048,FaceNameBlocked_revised,3.0.0,75.11369772865196,,NaN
60,Fem1Block.csv,Courtney2.mp4,Courtney.JPG,Courtney,6.0,F,Courtney,Lauren,Alyssa,Natalie,Nicole,Brittany,Kayla,Sarah,Emily,Kelsey,0.0,0.0,2.0,2.0,0.0,,,,,0.0,9.0,9.0,0.0,,,,,, Sarah,"['lshift', 's', 'a', 'r', 'a', 'h']","[2.586896156077273, 2.801708164042793, 2.9748924060259014, 3.054417388048023, 3.22834154299926, 4.161330269067548]",3.0,2.0,1.7344299870310351,,,27,1,2020_Jan_21_1048,FaceNameBlocked_revised,3.0.0,75.11369772865196,,2.5868961
9,Male1Block.csv,Daniel3.mp4,Daniel.JPG,Daniel,38.0,M,Kevin,Brian,Ethan,Eric,Cody,Andrew,Aaron,Daniel,Matthew,Caleb,7.0,0.0,0.0,0.0,3.0,0.0,8.0,8.0,7.0,,,,,,,0.0,,,,,,,,,,,27,1,2020_Jan_21_1048,FaceNameBlocked_revised,3.0.0,75.11369772865196,,NaN
18,Male1Block.csv,Daniel3.mp4,Daniel.JPG,Daniel,38.0,M,Kevin,Brian,Ethan,Eric,Cody,Andrew,Aaron,Daniel,Matthew,Caleb,7.0,0.0,0.0,0.0,3.0,,,,,0.0,7.0,7.0,7.0,,,,,, Andrew,"['lshift', 'lshift', 'a', 'n', 'd', 'e', 'backspace', 'r', 'e', 'q', 'space', 'backspace', 'w', 'backspace', 'backspace', 'w', 'return']","[4.399328741012141, 4.559740912984125, 4.655015544965863, 4.959026742959395, 5.16064560203813, 5.387938052997924, 6.2799841290107, 6.586794049013406, 6.720692532020621, 6.960738166002557, 7.133758267038502, 7.493045003968291, 7.627017255988903, 8.052958672051318, 8.198843728052452, 8.333730318001471, 9.052902303053997]",1.0,3.0,3.680884714005515,,,27,1,2020_Jan_21_1048,FaceNameBlocked_revised,3.0.0,75.11369772865196,,4.3993287
91,Fem2Block.csv,Danielle2.mp4,Danielle.JPG,Danielle,7.0,F,Amanda,Julia,Rebecca,Shelby,Michelle,Brianna,Anna,Danielle,Rachel,Jessica,7.0,0.0,4.0,4.0,1.0,,,,,0.0,0.0,0.0,7.0,,,,space,3.0816548850853, Brianna,"['lshift', 'b', 'r', 'i', 'a', 'n', 'n', 'a', 'return']","[2.0381916080368683, 2.3731902800500393, 2.558967188000679, 2.679999093990773, 2.8266283239936456, 2.95993532508146, 3.039447645074688, 3.519494423060678, 4.877789834979922]",3.0,3.0,4.6546197519637635,,,27,1,2020_Jan_21_1048,FaceNameBlocked_revised,3.0.0,75.11369772865196,,2.0381916
89,Fem2Block.csv,Danielle2.mp4,Danielle.JPG,Danielle,7.0,F,Amanda,Julia,Rebecca,Shelby,Michelle,Brianna,Anna,Danielle,Rachel,Jessica,7.0,0.0,4.0,4.0,1.0,0.0,8.0,8.0,7.0,,,,,,,0.0,,,,,,,,,,,27,1,2020_Jan_21_1048,FaceNameBlocked_revised,3.0.0,75.11369772865196,,NaN
36,Male2Block.csv,David2.mp4,David.JPG,David,39.0,M,Timothy,Adam,Kyle,Justin,Steven,Bradley,Noah,Thomas,David,Dylan,8.0,0.0,1.0,1.0,4.0,,,,,0.0,5.0,5.0,8.0,,,,,, Andrew,"['lshift', 'a', 'n', 'd', 'r', 'e', 'w']","[1.4673422569176182, 1.6278985529206693, 2.1482797008939087, 2.2676753889536485, 2.481722986907698, 2.641770031885244, 2.7745392749784514]",1.0,2.0,2.3888332119677216,,,27,1,2020_Jan_21_1048,FaceNameBlocked_revised,3.0.0,75.11369772865196,,1.4673422
25,Male2Block.csv,David2.mp4,David.JPG,David,39.0,M,Timothy,Adam,Kyle,Justin,Steven,Bradley,Noah,Thomas,David,Dylan,8.0,0.0,1.0,1.0,4.0,0.0,4.0,4.0,8.0,,,,,,,0.0,,,,,,,,,,,27,1,2020_Jan_21_1048,FaceNameBlocked_revised,3.0.0,75.11369772865196,,NaN
33,Male2Block.csv,Dylan3.mp4,Dylan.JPG,Dylan,40.0,M,Timothy,Adam,Kyle,Justin,Steven,Bradley,Noah,Thomas,David,Dylan,9.0,0.0,1.0,1.0,4.0,,,,,0.0,2.0,2.0,9.0,,,,,, ,"['lshift', 't', 'o', 'm', 'backspace', 'backspace', 'i', 'm', 'o', 't', 'h', 'y', 'backspace', 'backspace', 'backspace', 'backspace', 'backspace', 'backspace', 'backspace', 'lshift']","[2.440778819960542, 2.562350997934118, 2.882282552891411, 3.0824336418882012, 3.399960785987787, 3.5598649219609797, 4.039719140972011, 4.20113645598758, 4.348471545963548, 4.575145424925722, 4.67929794092197, 4.867522727930918, 8.385601931950077, 8.759445317904465, 9.079516239929944, 9.212717818911187, 9.359371414990164, 9.492873755982146, 9.639371102908626, 9.91819435695652]",2.0,2.0,4.7479402059689155,,,27,1,2020_Jan_21_1048,FaceNameBlocked_revised,3.0.0,75.11369772865196,,2.4407788
29,Male2Block.csv,Dylan3.mp4,Dylan.JPG,Dylan,40.0,M,Timothy,Adam,Kyle,Justin,Steven,Bradley,Noah,Thomas,David,Dylan,9.0,0.0,1.0,1.0,4.0,0.0,8.0,8.0,9.0,,,,,,,1.0,,,,,,,,,,,27,1,2020_Jan_21_1048,FaceNameBlocked_revised,3.0.0,75.11369772865196,,NaN
51,Fem1Block.csv,Emily5.mp4,Emily.JPG,Emily,8.0,F,Courtney,Lauren,Alyssa,Natalie,Nicole,Brittany,Kayla,Sarah,Emily,Kelsey,8.0,0.0,2.0,2.0,0.0,,,,,0.0,0.0,0.0,8.0,,,,space,10.399189213989304, Kayla,"['lshift', 'k', 'a', 'y', 'l', 'a', 'return']","[2.56030066893436, 2.6947235979605466, 2.9351040099281818, 3.054979086969979, 3.427493816940114, 3.574908769922331, 4.760412195930257]",1.0,3.0,4.748095211922191,,,27,1,2020_Jan_21_1048,FaceNameBlocked_revised,3.0.0,75.11369772865196,,2.5603006
50,Fem1Block.csv,Emily5.mp4,Emily.JPG,Emily,8.0,F,Courtney,Lauren,Alyssa,Natalie,Nicole,Brittany,Kayla,Sarah,Emily,Kelsey,8.0,0.0,2.0,2.0,0.0,0.0,9.0,9.0,8.0,,,,,,,0.0,,,,,,,,,,,27,1,2020_Jan_21_1048,FaceNameBlocked_revised,3.0.0,75.11369772865196,,NaN
10,Male1Block.csv,Eric2.mp4,Eric.JPG,Eric,41.0,M,Kevin,Brian,Ethan,Eric,Cody,Andrew,Aaron,Daniel,Matthew,Caleb,3.0,0.0,0.0,0.0,3.0,0.0,9.0,9.0,3.0,,,,,,,1.0,,,,,,,,,,,27,1,2020_Jan_21_1048,FaceNameBlocked_revised,3.0.0,75.11369772865196,,NaN
19,Male1Block.csv,Eric2.mp4,Eric.JPG,Eric,41.0,M,Kevin,Brian,Ethan,Eric,Cody,Andrew,Aaron,Daniel,Matthew,Caleb,3.0,0.0,0.0,0.0,3.0,,,,,0.0,8.0,8.0,3.0,,,,,,,"['lshift', 'a', 'r', 'o', 'n', 'backspace', 'backspace', 'backspace', 'a', 'r', 'o', 'n', 'return', 'backspace', 'backspace', 'backspace', 'backspace', 'backspace', 'backspace', 'lshift']","[2.760455707088113, 2.975480847992003, 3.2015684350626543, 3.361567256040871, 3.5749093440826982, 4.146152142086066, 4.267061175080016, 4.400801395997405, 4.5348726460943, 4.66624316200614, 4.800987379043363, 4.97403717704583, 5.507179422071204, 8.999253477086313, 9.198451870004646, 9.345711995032616, 9.505596031085588, 9.665561725036241, 9.812461534980685, 9.904835583060049]",5.0,5.0,2.4530774820595984,,,27,1,2020_Jan_21_1048,FaceNameBlocked_revised,3.0.0,75.11369772865196,,2.7604557
2,Male1Block.csv,Ethan2.mp4,Ethan.JPG,Ethan,42.0,M,Kevin,Brian,Ethan,Eric,Cody,Andrew,Aaron,Daniel,Matthew,Caleb,2.0,0.0,0.0,0.0,3.0,0.0,1.0,1.0,2.0,,,,,,,1.0,,,,,,,,,,,27,1,2020_Jan_21_1048,FaceNameBlocked_revised,3.0.0,75.11369772865196,,NaN
17,Male1Block.csv,Ethan2.mp4,Ethan.JPG,Ethan,42.0,M,Kevin,Brian,Ethan,Eric,Cody,Andrew,Aaron,Daniel,Matthew,Caleb,2.0,0.0,0.0,0.0,3.0,,,,,0.0,6.0,6.0,2.0,,,,,, Matthew,"['lshift', 'm', 'a', 't', 't', 'h', 'e', 'w']","[4.7190837959060445, 5.160284378915094, 5.558347302954644, 5.76042615598999, 5.960222261957824, 6.240472917910665, 6.426669116946869, 6.786630743998103]",3.0,1.0,1.2819639910012484,,,27,1,2020_Jan_21_1048,FaceNameBlocked_revised,3.0.0,75.11369772865196,,4.7190837
70,Fem3Block.csv,Grace3.mp4,Grace.JPG,Grace,9.0,F,Taylor,Katie,Hannah,Ashley,Olivia,Haley,Megan,Heather,Jenna,Grace,9.0,0.0,3.0,3.0,2.0,0.0,9.0,9.0,9.0,,,,,,,1.0,,,,,,,,,,,27,1,2020_Jan_21_1048,FaceNameBlocked_revised,3.0.0,75.11369772865196,,NaN
77,Fem3Block.csv,Grace3.mp4,Grace.JPG,Grace,9.0,F,Taylor,Katie,Hannah,Ashley,Olivia,Haley,Megan,Heather,Jenna,Grace,9.0,0.0,3.0,3.0,2.0,,,,,0.0,6.0,6.0,9.0,,,,,,Grace,"['lshift', 'o', 'l', 'i', 'backspace', 'backspace', 'backspace', 'lshift', 'e', 'backspace', 'backspace', 'lshift', 'g', 'r', 'a', 'c', 'e', 'return']","[1.881280507077463, 2.135739575023763, 2.6416525340173393, 2.868463412974961, 3.2146154639776796, 3.361028195009567, 3.5074655059725046, 3.6129544300492853, 3.7616910020587966, 5.493713770061731, 5.64082564599812, 5.733461281051859, 5.9611651779850945, 6.492196560022421, 6.652214267989621, 6.814517310005613, 6.920689177000895, 7.092825456988066]",4.0,4.0,2.45580133702606,,,27,1,2020_Jan_21_1048,FaceNameBlocked_revised,3.0.0,75.11369772865196,,1.8812805
69,Fem3Block.csv,Haley2.mp4,Haley.JPG,Haley,10.0,F,Taylor,Katie,Hannah,Ashley,Olivia,Haley,Megan,Heather,Jenna,Grace,5.0,0.0,3.0,3.0,2.0,0.0,8.0,8.0,5.0,,,,,,,1.0,,,,,,,,,,,27,1,2020_Jan_21_1048,FaceNameBlocked_revised,3.0.0,75.11369772865196,,NaN
80,Fem3Block.csv,Haley2.mp4,Haley.JPG,Haley,10.0,F,Taylor,Katie,Hannah,Ashley,Olivia,Haley,Megan,Heather,Jenna,Grace,5.0,0.0,3.0,3.0,2.0,,,,,0.0,9.0,9.0,5.0,,,,,, K,"['lshift', 'o', 'backspace', 'lshift', 's', 'a', 'r', 'backspace', 'backspace', 'backspace', 'lshift', 'k']","[3.0005912840133533, 3.4418192430166528, 3.8144898149184883, 4.000400073011406, 5.561702347011305, 5.774180028936826, 5.947994967922568, 6.426828566007316, 6.573539458913729, 6.720358361955732, 7.678946222993545, 9.14685328595806]",3.0,3.0,5.905381728080101,,,27,1,2020_Jan_21_1048,FaceNameBlocked_revised,3.0.0,75.11369772865196,,3.0005912
76,Fem3Block.csv,Hannah2.mp4,Hannah.JPG,Hannah,11.0,F,Taylor,Katie,Hannah,Ashley,Olivia,Haley,Megan,Heather,Jenna,Grace,2.0,0.0,3.0,3.0,2.0,,,,,0.0,5.0,5.0,2.0,,,,,, Meghan,"['lshift', 'm', 'e', 'g', 'h', 'a', 'n', 'return']","[1.680537445936352, 1.8950585690326989, 2.001757550984621, 2.2680447140010074, 2.414820806006901, 2.6542588479351252, 2.815024534938857, 3.8399303660262376]",3.0,4.0,3.1211626619333397,,,27,1,2020_Jan_21_1048,FaceNameBlocked_revised,3.0.0,75.11369772865196,,1.6805374
63,Fem3Block.csv,Hannah2.mp4,Hannah.JPG,Hannah,11.0,F,Taylor,Katie,Hannah,Ashley,Olivia,Haley,Megan,Heather,Jenna,Grace,2.0,0.0,3.0,3.0,2.0,0.0,2.0,2.0,2.0,,,,,,,1.0,,,,,,,,,,,27,1,2020_Jan_21_1048,FaceNameBlocked_revised,3.0.0,75.11369772865196,,NaN
74,Fem3Block.csv,Heather3.mp4,Heather.JPG,Heather,12.0,F,Taylor,Katie,Hannah,Ashley,Olivia,Haley,Megan,Heather,Jenna,Grace,7.0,0.0,3.0,3.0,2.0,,,,,0.0,3.0,3.0,7.0,,,,,, Elizabeth,"['lshift', 'e', 'l', 'i', 'z', 'a', 'b', 'e', 't', 'h']","[1.7600802349625155, 1.9217108979355544, 2.174467417993583, 2.6683779979357496, 2.974570333957672, 3.0818234370090067, 3.2819048889214173, 3.481372608919628, 3.6680574759375304, 3.7215539360186085]",2.0,2.0,4.814061864977703,,,27,1,2020_Jan_21_1048,FaceNameBlocked_revised,3.0.0,75.11369772865196,,1.7600802
62,Fem3Block.csv,Heather3.mp4,Heather.JPG,Heather,12.0,F,Taylor,Katie,Hannah,Ashley,Olivia,Haley,Megan,Heather,Jenna,Grace,7.0,0.0,3.0,3.0,2.0,0.0,1.0,1.0,7.0,,,,,,,0.0,,,,,,,,,,,27,1,2020_Jan_21_1048,FaceNameBlocked_revised,3.0.0,75.11369772865196,,NaN
107,Male3Block.csv,Jacob3.mp4,Jacob.JPG,Jacob,43.0,M,Josh,Michael,Nathan,Tyler,Mark,Jacob,Brandon,Jeremy,Jason,Trevor,5.0,0.0,5.0,5.0,5.0,0.0,6.0,6.0,5.0,,,,,,,1.0,,,,,,,,,,,27,1,2020_Jan_21_1048,FaceNameBlocked_revised,3.0.0,75.11369772865196,,NaN
118,Male3Block.csv,Jacob3.mp4,Jacob.JPG,Jacob,43.0,M,Josh,Michael,Nathan,Tyler,Mark,Jacob,Brandon,Jeremy,Jason,Trevor,5.0,0.0,5.0,5.0,5.0,,,,,0.0,7.0,7.0,5.0,,,,,, Jason,"['lshift', 'j', 'a', 'c', 'backspace', 's', 'o', 'n']","[3.973388039972633, 5.440891516045667, 5.680984906037338, 6.173960795043968, 7.86604160501156, 8.000188112957403, 8.839683750993572, 9.17269907798618]",3.0,2.0,5.2138905769679695,,,27,1,2020_Jan_21_1048,FaceNameBlocked_revised,3.0.0,75.11369772865196,,3.9733880
113,Male3Block.csv,Jason4.mp4,Jason.JPG,Jason,44.0,M,Josh,Michael,Nathan,Tyler,Mark,Jacob,Brandon,Jeremy,Jason,Trevor,8.0,0.0,5.0,5.0,5.0,,,,,0.0,2.0,2.0,8.0,,,,,, Mark,"['lshift', 'm', 'a', 'r', 'k']","[3.6538884999463335, 3.828178594005294, 3.961619653040543, 4.108318755985238, 4.1861882420489565]",4.0,5.0,4.267756129032932,,,27,1,2020_Jan_21_1048,FaceNameBlocked_revised,3.0.0,75.11369772865196,,3.6538884
110,Male3Block.csv,Jason4.mp4,Jason.JPG,Jason,44.0,M,Josh,Michael,Nathan,Tyler,Mark,Jacob,Brandon,Jeremy,Jason,Trevor,8.0,0.0,5.0,5.0,5.0,0.0,9.0,9.0,8.0,,,,,,,0.0,,,,,,,,,,,27,1,2020_Jan_21_1048,FaceNameBlocked_revised,3.0.0,75.11369772865196,,NaN
79,Fem3Block.csv,Jenna4.mp4,Jenna.JPG,Jenna,13.0,F,Taylor,Katie,Hannah,Ashley,Olivia,Haley,Megan,Heather,Jenna,Grace,8.0,0.0,3.0,3.0,2.0,,,,,0.0,8.0,8.0,8.0,,,,,, Hannah,"['lshift', 'h', 'a', 'n', 'n', 'a', 'h']","[3.2669065620284528, 3.574902042048052, 3.788043197011575, 3.9350594790885225, 4.068038041004911, 4.214994054986164, 4.281097267055884]",1.0,4.0,3.60169285396114,,,27,1,2020_Jan_21_1048,FaceNameBlocked_revised,3.0.0,75.11369772865196,,3.2669065
64,Fem3Block.csv,Jenna4.mp4,Jenna.JPG,Jenna,13.0,F,Taylor,Katie,Hannah,Ashley,Olivia,Haley,Megan,Heather,Jenna,Grace,8.0,0.0,3.0,3.0,2.0,0.0,3.0,3.0,8.0,,,,,,,0.0,,,,,,,,,,,27,1,2020_Jan_21_1048,FaceNameBlocked_revised,3.0.0,75.11369772865196,,NaN
112,Male3Block.csv,Jeremy2.mp4,Jeremy.JPG,Jeremy,45.0,M,Josh,Michael,Nathan,Tyler,Mark,Jacob,Brandon,Jeremy,Jason,Trevor,7.0,0.0,5.0,5.0,5.0,,,,,0.0,1.0,1.0,7.0,,,,,, Timothy,"['lshift', 't', 'i', 'm', 'o', 'n', 'backspace', 't', 'h', 'y']","[1.3334461080376059, 1.5484140950720757, 1.6817111680284142, 1.854700866038911, 2.0815066680079326, 2.2281307419762015, 2.6139912670478225, 2.800824709003791, 3.0008750130655244, 3.2403402840718627]",2.0,3.0,5.572421828052028,,,27,1,2020_Jan_21_1048,FaceNameBlocked_revised,3.0.0,75.11369772865196,,1.3334461
104,Male3Block.csv,Jeremy2.mp4,Jeremy.JPG,Jeremy,45.0,M,Josh,Michael,Nathan,Tyler,Mark,Jacob,Brandon,Jeremy,Jason,Trevor,7.0,0.0,5.0,5.0,5.0,0.0,3.0,3.0,7.0,,,,,,,0.0,,,,,,,,,,,27,1,2020_Jan_21_1048,FaceNameBlocked_revised,3.0.0,75.11369772865196,,NaN
90,Fem2Block.csv,Jessica2.mp4,Jessica.JPG,Jessica,14.0,F,Amanda,Julia,Rebecca,Shelby,Michelle,Brianna,Anna,Danielle,Rachel,Jessica,9.0,0.0,4.0,4.0,1.0,0.0,9.0,9.0,9.0,,,,,,,1.0,,,,,,,,,,,27,1,2020_Jan_21_1048,FaceNameBlocked_revised,3.0.0,75.11369772865196,,NaN
100,Fem2Block.csv,Jessica2.mp4,Jessica.JPG,Jessica,14.0,F,Amanda,Julia,Rebecca,Shelby,Michelle,Brianna,Anna,Danielle,Rachel,Jessica,9.0,0.0,4.0,4.0,1.0,,,,,0.0,9.0,9.0,9.0,,,,,, Rach,"['lshift', 'r', 'e', 'b', 'e', 'backspace', 'backspace', 'a', 'backspace', 'backspace', 'a', 'c', 'h', 'e', 'a', 'l', 'backspace', 'backspace', 'a', 'e', 'backspace', 'backspace', 'backspace', 'a', 'e', 'l', 'return', 'backspace', 'backspace', 'backspace']","[1.4798432600218803, 1.6555231979582459, 1.7746061279904097, 2.001727315946482, 2.1355806129286066, 3.0261009780224413, 3.1865501640131697, 3.601461624028161, 3.985906444955617, 4.293744003982283, 4.427660811925307, 4.625294039025903, 4.8134746389696375, 4.961498321965337, 5.640319813974202, 5.747217433992773, 6.465742288972251, 6.599178866948932, 6.680073985015042, 6.79996534192469, 7.159247305942699, 7.305263848975301, 7.4393696170300245, 7.546582004986703, 7.665843453025445, 7.786621061968617, 8.83913690294139, 9.585327306995168, 9.745483257924207, 9.878143165027723]",5.0,1.0,3.347701908904128,,,27,1,2020_Jan_21_1048,FaceNameBlocked_revised,3.0.0,75.11369772865196,,1.4798432
103,Male3Block.csv,Josh3.mp4,Josh.JPG,Josh,46.0,M,Josh,Michael,Nathan,Tyler,Mark,Jacob,Brandon,Jeremy,Jason,Trevor,0.0,0.0,5.0,5.0,5.0,0.0,2.0,2.0,0.0,,,,,,,1.0,,,,,,,,,,,27,1,2020_Jan_21_1048,FaceNameBlocked_revised,3.0.0,75.11369772865196,,NaN
116,Male3Block.csv,Josh3.mp4,Josh.JPG,Josh,46.0,M,Josh,Michael,Nathan,Tyler,Mark,Jacob,Brandon,Jeremy,Jason,Trevor,0.0,0.0,5.0,5.0,5.0,,,,,0.0,5.0,5.0,0.0,,,,,, Jacob,"['lshift', 'j', 'a', 'c', 'o', 'b', 'return']","[1.7594405990093946, 2.427534398972057, 2.6272509379778057, 2.85367258801125, 2.933721264009364, 3.2263466289732605, 4.372980526066385]",1.0,1.0,5.453332090983166,,,27,1,2020_Jan_21_1048,FaceNameBlocked_revised,3.0.0,75.11369772865196,,1.7594405
87,Fem2Block.csv,Julia2.mp4,Julia.JPG,Julia,15.0,F,Amanda,Julia,Rebecca,Shelby,Michelle,Brianna,Anna,Danielle,Rachel,Jessica,1.0,0.0,4.0,4.0,1.0,0.0,6.0,6.0,1.0,,,,,,,0.0,,,,,,,,,,,27,1,2020_Jan_21_1048,FaceNameBlocked_revised,3.0.0,75.11369772865196,,NaN
93,Fem2Block.csv,Julia2.mp4,Julia.JPG,Julia,15.0,F,Amanda,Julia,Rebecca,Shelby,Michelle,Brianna,Anna,Danielle,Rachel,Jessica,1.0,0.0,4.0,4.0,1.0,,,,,0.0,2.0,2.0,1.0,,,,,, H,"['lshift', 'h']","[3.8394847590243444, 8.34607607498765]",2.0,3.0,4.681104850023986,,,27,1,2020_Jan_21_1048,FaceNameBlocked_revised,3.0.0,75.11369772865196,,3.8394847
30,Male2Block.csv,Justin2.mp4,Justin.JPG,Justin,47.0,M,Timothy,Adam,Kyle,Justin,Steven,Bradley,Noah,Thomas,David,Dylan,3.0,0.0,1.0,1.0,4.0,0.0,9.0,9.0,3.0,,,,,,,1.0,,,,,,,,,,,27,1,2020_Jan_21_1048,FaceNameBlocked_revised,3.0.0,75.11369772865196,,NaN
39,Male2Block.csv,Justin2.mp4,Justin.JPG,Justin,47.0,M,Timothy,Adam,Kyle,Justin,Steven,Bradley,Noah,Thomas,David,Dylan,3.0,0.0,1.0,1.0,4.0,,,,,0.0,8.0,8.0,3.0,,,,,, Thomas,"['lshift', 't', 'h', 'o', 'm', 'a', 's', 'return']","[2.626399044995196, 3.026145440991968, 3.1617769789882004, 3.4415763679426163, 3.601415997953154, 3.7215152949793264, 4.187809619004838, 5.519730044994503]",4.0,4.0,3.6273725590435784,,,27,1,2020_Jan_21_1048,FaceNameBlocked_revised,3.0.0,75.11369772865196,,2.6263990
71,Fem3Block.csv,Katie2.mp4,Katie.JPG,Katie,16.0,F,Taylor,Katie,Hannah,Ashley,Olivia,Haley,Megan,Heather,Jenna,Grace,1.0,0.0,3.0,3.0,2.0,,,,,0.0,0.0,0.0,1.0,,,,space,3.014824155019596, Taylor,"['lshift', 't', 'a', 'y', 'l', 'o', 'r', 'return']","[2.2404705689987168, 2.4418625560356304, 2.5885041740257293, 3.8410185230895877, 4.0947734450455755, 4.321105321054347, 4.427267900086008, 5.120591801009141]",2.0,5.0,4.095083110034467,,,27,1,2020_Jan_21_1048,FaceNameBlocked_revised,3.0.0,75.11369772865196,,2.2404705
66,Fem3Block.csv,Katie2.mp4,Katie.JPG,Katie,16.0,F,Taylor,Katie,Hannah,Ashley,Olivia,Haley,Megan,Heather,Jenna,Grace,1.0,0.0,3.0,3.0,2.0,0.0,5.0,5.0,1.0,,,,,,,0.0,,,,,,,,,,,27,1,2020_Jan_21_1048,FaceNameBlocked_revised,3.0.0,75.11369772865196,,NaN
48,Fem1Block.csv,Kayla3.mp4,Kayla.JPG,Kayla,17.0,F,Courtney,Lauren,Alyssa,Natalie,Nicole,Brittany,Kayla,Sarah,Emily,Kelsey,6.0,0.0,2.0,2.0,0.0,0.0,7.0,7.0,6.0,,,,,,,0.0,,,,,,,,,,,27,1,2020_Jan_21_1048,FaceNameBlocked_revised,3.0.0,75.11369772865196,,NaN
58,Fem1Block.csv,Kayla3.mp4,Kayla.JPG,Kayla,17.0,F,Courtney,Lauren,Alyssa,Natalie,Nicole,Brittany,Kayla,Sarah,Emily,Kelsey,6.0,0.0,2.0,2.0,0.0,,,,,0.0,7.0,7.0,6.0,,,,,, Courtney,"['lshift', 'c', 'o', 'u', 'r', 't', 'n', 'e', 'y']","[2.320280962041579, 2.601675654994324, 2.747408041032031, 3.161360961967148, 3.347594878054224, 3.787646297016181, 4.227404957055114, 4.387430188013241, 4.521030934061855]",2.0,5.0,1.9870972839416936,,,27,1,2020_Jan_21_1048,FaceNameBlocked_revised,3.0.0,75.11369772865196,,2.3202809
47,Fem1Block.csv,Kelsey2.mp4,Kelsey.JPG,Kelsey,18.0,F,Courtney,Lauren,Alyssa,Natalie,Nicole,Brittany,Kayla,Sarah,Emily,Kelsey,9.0,0.0,2.0,2.0,0.0,0.0,6.0,6.0,9.0,,,,,,,1.0,,,,,,,,,,,27,1,2020_Jan_21_1048,FaceNameBlocked_revised,3.0.0,75.11369772865196,,NaN
55,Fem1Block.csv,Kelsey2.mp4,Kelsey.JPG,Kelsey,18.0,F,Courtney,Lauren,Alyssa,Natalie,Nicole,Brittany,Kayla,Sarah,Emily,Kelsey,9.0,0.0,2.0,2.0,0.0,,,,,0.0,4.0,4.0,9.0,,,,,, Nicole,"['lshift', 'n', 'i', 'c', 'o', 'l', 'e']","[1.6657976820133626, 1.974356263061054, 2.294012140017003, 2.4403130899881944, 2.5477368569700047, 2.721005024970509, 2.8008645880036056]",1.0,1.0,3.8541434659855436,,,27,1,2020_Jan_21_1048,FaceNameBlocked_revised,3.0.0,75.11369772865196,,1.6657976
4,Male1Block.csv,Kevin2.mp4,Kevin.JPG,Kevin,48.0,M,Kevin,Brian,Ethan,Eric,Cody,Andrew,Aaron,Daniel,Matthew,Caleb,0.0,0.0,0.0,0.0,3.0,0.0,3.0,3.0,0.0,,,,,,,1.0,,,,,,,,,,,27,1,2020_Jan_21_1048,FaceNameBlocked_revised,3.0.0,75.11369772865196,,NaN
11,Male1Block.csv,Kevin2.mp4,Kevin.JPG,Kevin,48.0,M,Kevin,Brian,Ethan,Eric,Cody,Andrew,Aaron,Daniel,Matthew,Caleb,0.0,0.0,0.0,0.0,3.0,,,,,0.0,0.0,0.0,0.0,,,,space,14.21049863297958, Cody,"['lshift', 'c', 'o', 'd', 'u', 'backspace', 'y', 'return']","[2.2801329530775547, 2.4683376700850204, 2.5880857890006155, 2.7875050770817325, 2.9217724640620872, 3.77222654200159, 4.360624083084986, 8.812059569056146]",3.0,5.0,9.532868613954632,,,27,1,2020_Jan_21_1048,FaceNameBlocked_revised,3.0.0,75.11369772865196,,2.2801329
38,Male2Block.csv,Kyle3.mp4,Kyle.JPG,Kyle,49.0,M,Timothy,Adam,Kyle,Justin,Steven,Bradley,Noah,Thomas,David,Dylan,2.0,0.0,1.0,1.0,4.0,,,,,0.0,7.0,7.0,2.0,,,,,,Ke,"['lshift', 't', 'h', 'backspace', 'backspace', 'backspace', 'lshift', 't', 'h', 'o', 'backspace', 'backspace', 'backspace', 'backspace', 'lshift', 'k', 'e']","[3.5335587710142136, 6.038787701050751, 6.2405698749935254, 6.81407461699564, 6.986243764986284, 7.133692214032635, 7.372559968032874, 7.9332921190653, 8.040649850969203, 8.280482792062685, 8.999621466035023, 9.133070147014223, 9.29233013803605, 9.426207066047937, 9.505374814965762, 9.693212645011954, 9.85337534698192]",3.0,2.0,5.3743488159962,,,27,1,2020_Jan_21_1048,FaceNameBlocked_revised,3.0.0,75.11369772865196,,3.5335587
21,Male2Block.csv,Kyle3.mp4,Kyle.JPG,Kyle,49.0,M,Timothy,Adam,Kyle,Justin,Steven,Bradley,Noah,Thomas,David,Dylan,2.0,0.0,1.0,1.0,4.0,0.0,0.0,0.0,2.0,,,,,,,1.0,,,,,,,,,,,27,1,2020_Jan_21_1048,FaceNameBlocked_revised,3.0.0,75.11369772865196,,NaN
49,Fem1Block.csv,Lauren4.mp4,Lauren.JPG,Lauren,19.0,F,Courtney,Lauren,Alyssa,Natalie,Nicole,Brittany,Kayla,Sarah,Emily,Kelsey,1.0,0.0,2.0,2.0,0.0,0.0,8.0,8.0,1.0,,,,,,,0.0,,,,,,,,,,,27,1,2020_Jan_21_1048,FaceNameBlocked_revised,3.0.0,75.11369772865196,,NaN
56,Fem1Block.csv,Lauren4.mp4,Lauren.JPG,Lauren,19.0,F,Courtney,Lauren,Alyssa,Natalie,Nicole,Brittany,Kayla,Sarah,Emily,Kelsey,1.0,0.0,2.0,2.0,0.0,,,,,0.0,5.0,5.0,1.0,,,,,, Sarah,"['lshift', 's', 'a', 'r', 'a', 'h']","[2.8265418980736285, 3.0417090960545465, 3.1880283940117806, 3.3081871330505237, 3.507683693082072, 3.6015046630054712]",3.0,4.0,2.2691099350340664,,,27,1,2020_Jan_21_1048,FaceNameBlocked_revised,3.0.0,75.11369772865196,,2.8265418
111,Male3Block.csv,Mark3.mp4,Mark.JPG,Mark,50.0,M,Josh,Michael,Nathan,Tyler,Mark,Jacob,Brandon,Jeremy,Jason,Trevor,4.0,0.0,5.0,5.0,5.0,,,,,0.0,0.0,0.0,4.0,,,,space,5.6812699490692475, Brandon,"['lshift', 'b', 'r', 'a', 'n', 'd', 'o', 'n']","[2.9333326959749684, 3.254745353013277, 3.4010589339304715, 3.520662587019615, 3.5741875040112063, 3.734383346978575, 3.800651616998948, 4.000838472973555]",4.0,3.0,3.5610216099303216,,,27,1,2020_Jan_21_1048,FaceNameBlocked_revised,3.0.0,75.11369772865196,,2.9333326
105,Male3Block.csv,Mark3.mp4,Mark.JPG,Mark,50.0,M,Josh,Michael,Nathan,Tyler,Mark,Jacob,Brandon,Jeremy,Jason,Trevor,4.0,0.0,5.0,5.0,5.0,0.0,4.0,4.0,4.0,,,,,,,0.0,,,,,,,,,,,27,1,2020_Jan_21_1048,FaceNameBlocked_revised,3.0.0,75.11369772865196,,NaN
20,Male1Block.csv,Matthew2.mp4,Matthew.JPG,Matthew,51.0,M,Kevin,Brian,Ethan,Eric,Cody,Andrew,Aaron,Daniel,Matthew,Caleb,8.0,0.0,0.0,0.0,3.0,,,,,0.0,9.0,9.0,8.0,,,,,, Aaron,"['lshift', 'a', 'a', 'r', 'o', 'n', 'return']","[2.5065744699677452, 2.654705964960158, 2.97451198392082, 3.173563411924988, 3.2678565779933706, 3.454257261939347, 6.318790418910794]",3.0,5.0,4.520411108969711,,,27,1,2020_Jan_21_1048,FaceNameBlocked_revised,3.0.0,75.11369772865196,,2.5065744
7,Male1Block.csv,Matthew2.mp4,Matthew.JPG,Matthew,51.0,M,Kevin,Brian,Ethan,Eric,Cody,Andrew,Aaron,Daniel,Matthew,Caleb,8.0,0.0,0.0,0.0,3.0,0.0,6.0,6.0,8.0,,,,,,,0.0,,,,,,,,,,,27,1,2020_Jan_21_1048,FaceNameBlocked_revised,3.0.0,75.11369772865196,,NaN
73,Fem3Block.csv,Megan2.mp4,Megan.JPG,Megan,20.0,F,Taylor,Katie,Hannah,Ashley,Olivia,Haley,Megan,Heather,Jenna,Grace,6.0,0.0,3.0,3.0,2.0,,,,,0.0,2.0,2.0,6.0,,,,,, Olivia,"['lshift', 'o', 'l', 'i', 'v', 'i', 'a', 'return']","[2.120254346053116, 2.361077839974314, 2.627329844981432, 2.801567006041296, 2.9072543289512396, 3.4012885049451143, 3.547913554008119, 3.786760948947631]",3.0,3.0,5.291837353026494,,,27,1,2020_Jan_21_1048,FaceNameBlocked_revised,3.0.0,75.11369772865196,,2.1202543
68,Fem3Block.csv,Megan2.mp4,Megan.JPG,Megan,20.0,F,Taylor,Katie,Hannah,Ashley,Olivia,Haley,Megan,Heather,Jenna,Grace,6.0,0.0,3.0,3.0,2.0,0.0,7.0,7.0,6.0,,,,,,,0.0,,,,,,,,,,,27,1,2020_Jan_21_1048,FaceNameBlocked_revised,3.0.0,75.11369772865196,,NaN
117,Male3Block.csv,Michael2.mp4,Michael.JPG,Michael,52.0,M,Josh,Michael,Nathan,Tyler,Mark,Jacob,Brandon,Jeremy,Jason,Trevor,1.0,0.0,5.0,5.0,5.0,,,,,0.0,6.0,6.0,1.0,,,,,, Josh,"['lshift', 'j', 'o', 's', 'h']","[2.013727040030062, 2.188895963015966, 2.2685733020771295, 2.428765189019032, 2.508886111085303]",2.0,1.0,6.905448207980952,,,27,1,2020_Jan_21_1048,FaceNameBlocked_revised,3.0.0,75.11369772865196,,2.0137270
108,Male3Block.csv,Michael2.mp4,Michael.JPG,Michael,52.0,M,Josh,Michael,Nathan,Tyler,Mark,Jacob,Brandon,Jeremy,Jason,Trevor,1.0,0.0,5.0,5.0,5.0,0.0,7.0,7.0,1.0,,,,,,,0.0,,,,,,,,,,,27,1,2020_Jan_21_1048,FaceNameBlocked_revised,3.0.0,75.11369772865196,,NaN
81,Fem2Block.csv,Michelle2.mp4,Michelle.JPG,Michelle,21.0,F,Amanda,Julia,Rebecca,Shelby,Michelle,Brianna,Anna,Danielle,Rachel,Jessica,4.0,0.0,4.0,4.0,1.0,0.0,0.0,0.0,4.0,,,,,,,0.0,,,,,,,,,,,27,1,2020_Jan_21_1048,FaceNameBlocked_revised,3.0.0,75.11369772865196,,NaN
98,Fem2Block.csv,Michelle2.mp4,Michelle.JPG,Michelle,21.0,F,Amanda,Julia,Rebecca,Shelby,Michelle,Brianna,Anna,Danielle,Rachel,Jessica,4.0,0.0,4.0,4.0,1.0,,,,,0.0,7.0,7.0,4.0,,,,,, Jessica ,"['lshift', 'j', 'e', 's', 's', 'i', 'c', 'a', 'space']","[1.3204401769908145, 1.4958946210099384, 1.6159056259784847, 1.8415844610426575, 1.9758714300114661, 2.096090766019188, 2.4693202179623768, 2.562218350940384, 8.6669860399561]",2.0,5.0,3.9741127419983973,,,27,1,2020_Jan_21_1048,FaceNameBlocked_revised,3.0.0,75.11369772865196,,1.3204401
43,Fem1Block.csv,Natalie3.mp4,Natalie.JPG,Natalie,22.0,F,Courtney,Lauren,Alyssa,Natalie,Nicole,Brittany,Kayla,Sarah,Emily,Kelsey,3.0,0.0,2.0,2.0,0.0,0.0,2.0,2.0,3.0,,,,,,,1.0,,,,,,,,,,,27,1,2020_Jan_21_1048,FaceNameBlocked_revised,3.0.0,75.11369772865196,,NaN
52,Fem1Block.csv,Natalie3.mp4,Natalie.JPG,Natalie,22.0,F,Courtney,Lauren,Alyssa,Natalie,Nicole,Brittany,Kayla,Sarah,Emily,Kelsey,3.0,0.0,2.0,2.0,0.0,,,,,0.0,1.0,1.0,3.0,,,,,, Natalie,"['lshift', 'n', 'a', 't', 'a', 'l', 'i', 'e', 'return']","[1.4932800979586318, 1.8148095179349184, 2.094846293912269, 2.2683638139860705, 2.4414924829034135, 3.2147721078945324, 3.347887775977142, 3.494549833936617, 3.853893630905077]",5.0,5.0,4.307756981928833,,,27,1,2020_Jan_21_1048,FaceNameBlocked_revised,3.0.0,75.11369772865196,,1.4932800
102,Male3Block.csv,Nathan3.mp4,Nathan.JPG,Nathan,53.0,M,Josh,Michael,Nathan,Tyler,Mark,Jacob,Brandon,Jeremy,Jason,Trevor,2.0,0.0,5.0,5.0,5.0,0.0,1.0,1.0,2.0,,,,,,,1.0,,,,,,,,,,,27,1,2020_Jan_21_1048,FaceNameBlocked_revised,3.0.0,75.11369772865196,,NaN
120,Male3Block.csv,Nathan3.mp4,Nathan.JPG,Nathan,53.0,M,Josh,Michael,Nathan,Tyler,Mark,Jacob,Brandon,Jeremy,Jason,Trevor,2.0,0.0,5.0,5.0,5.0,,,,,0.0,9.0,9.0,2.0,,,,,, Brandon,"['lshift', 'b', 'a', 'backspace', 'r', 'a', 'n', 'd', 'o', 'n']","[2.306787727982737, 2.535676790983416, 2.721897026989609, 3.0816759059671313, 3.2421295209787786, 3.3620969799812883, 3.4544905509101227, 3.641990656964481, 3.7081573019968346, 3.8821862909244373]",4.0,1.0,7.53369732608553,,,27,1,2020_Jan_21_1048,FaceNameBlocked_revised,3.0.0,75.11369772865196,,2.3067877
41,Fem1Block.csv,Nicole2.mp4,Nicole.JPG,Nicole,23.0,F,Courtney,Lauren,Alyssa,Natalie,Nicole,Brittany,Kayla,Sarah,Emily,Kelsey,4.0,0.0,2.0,2.0,0.0,0.0,0.0,0.0,4.0,,,,,,,0.0,,,,,,,,,,,27,1,2020_Jan_21_1048,FaceNameBlocked_revised,3.0.0,75.11369772865196,,NaN
53,Fem1Block.csv,Nicole2.mp4,Nicole.JPG,Nicole,23.0,F,Courtney,Lauren,Alyssa,Natalie,Nicole,Brittany,Kayla,Sarah,Emily,Kelsey,4.0,0.0,2.0,2.0,0.0,,,,,0.0,2.0,2.0,4.0,,,,,, Courtney,"['c', 'lshift', 'p', 'i', 'backspace', 'backspace', 'backspace', 'lshift', 'c', 'p', 'u', 'r', 'backspace', 'backspace', 'backspace', 'o', 'u', 'r', 'n', 'backspace', 't', 'n', 'e', 'y', 'return']","[2.214697908028029, 2.2539110450306907, 2.6551658880198374, 2.855227082967758, 3.2269868180155754, 3.4272765710484236, 3.54704248404596, 3.6799884990323335, 3.8151012000162154, 4.8802091350080445, 4.9741982370615005, 5.160936629981734, 5.413793817977421, 5.5593927829759195, 5.693360142991878, 6.280869042035192, 6.640165789984167, 6.760273045045324, 7.026802437962033, 7.426018462050706, 7.560092882020399, 7.7998299959581345, 7.973413459956646, 8.119457987020724, 8.958886001026258]",4.0,3.0,4.426911507034673,,,27,1,2020_Jan_21_1048,FaceNameBlocked_revised,3.0.0,75.11369772865196,,2.2146979
23,Male2Block.csv,Noah2.mp4,Noah.JPG,Noah,54.0,M,Timothy,Adam,Kyle,Justin,Steven,Bradley,Noah,Thomas,David,Dylan,6.0,0.0,1.0,1.0,4.0,0.0,2.0,2.0,6.0,,,,,,,0.0,,,,,,,,,,,27,1,2020_Jan_21_1048,FaceNameBlocked_revised,3.0.0,75.11369772865196,,NaN
31,Male2Block.csv,Noah2.mp4,Noah.JPG,Noah,54.0,M,Timothy,Adam,Kyle,Justin,Steven,Bradley,Noah,Thomas,David,Dylan,6.0,0.0,1.0,1.0,4.0,,,,,0.0,0.0,0.0,6.0,,,,space,11.052489357069136, Stephen ,"['lshift', 's', 't', 'e', 'p', 'h', 'e', 'n', 'space', 'return', 'return']","[2.999515636009164, 3.1879417730960995, 3.374759240075946, 3.520971611025743, 4.347651586052962, 4.6534877580124885, 5.040674549061805, 5.146885181078687, 5.240565501037054, 6.53119254601188, 8.079091802006587]",2.0,5.0,5.733622957020997,,,27,1,2020_Jan_21_1048,FaceNameBlocked_revised,3.0.0,75.11369772865196,,2.9995156
72,Fem3Block.csv,Olivia3.mp4,Olivia.JPG,Olivia,24.0,F,Taylor,Katie,Hannah,Ashley,Olivia,Haley,Megan,Heather,Jenna,Grace,4.0,0.0,3.0,3.0,2.0,,,,,0.0,1.0,1.0,4.0,,,,,, Ashley,"['a', 's', 'equal', 'backspace', 'backspace', 'lshift', 'a', 's', 'h', 'e', 'l', 'y', 'backspace', 'backspace', 'backspace', 'l', 'e', 'y', 'return']","[1.2820164730073884, 1.5887270090170205, 1.9081622570520267, 2.2815717949997634, 2.4537866230821237, 2.88042264606338, 3.2018997949780896, 3.3878643240313977, 3.5610182189848274, 3.734511202084832, 3.8946297930087894, 4.14831137098372, 5.254038298036903, 5.40003866807092, 6.080229327082634, 6.571972901001573, 6.7472179180476815, 6.881147606996819, 7.971637630020268]",5.0,4.0,8.640117484028451,,,27,1,2020_Jan_21_1048,FaceNameBlocked_revised,3.0.0,75.11369772865196,,1.2820164
65,Fem3Block.csv,Olivia3.mp4,Olivia.JPG,Olivia,24.0,F,Taylor,Katie,Hannah,Ashley,Olivia,Haley,Megan,Heather,Jenna,Grace,4.0,0.0,3.0,3.0,2.0,0.0,4.0,4.0,4.0,,,,,,,0.0,,,,,,,,,,,27,1,2020_Jan_21_1048,FaceNameBlocked_revised,3.0.0,75.11369772865196,,NaN
88,Fem2Block.csv,Rachel3.mp4,Rachel.JPG,Rachel,25.0,F,Amanda,Julia,Rebecca,Shelby,Michelle,Brianna,Anna,Danielle,Rachel,Jessica,8.0,0.0,4.0,4.0,1.0,0.0,7.0,7.0,8.0,,,,,,,0.0,,,,,,,,,,,27,1,2020_Jan_21_1048,FaceNameBlocked_revised,3.0.0,75.11369772865196,,NaN
94,Fem2Block.csv,Rachel3.mp4,Rachel.JPG,Rachel,25.0,F,Amanda,Julia,Rebecca,Shelby,Michelle,Brianna,Anna,Danielle,Rachel,Jessica,8.0,0.0,4.0,4.0,1.0,,,,,0.0,3.0,3.0,8.0,,,,,, Michelle,"['lshift', 'm', 'i', 'c', 'h', 'e', 'l', 'l', 'e']","[1.2139385909540579, 1.3881004150025547, 1.615750642027706, 1.7353664719266817, 1.8682616209844127, 2.041281590005383, 2.228382029919885, 2.361609863000922, 2.441668601008132]",5.0,3.0,3.6142977779963994,,,27,1,2020_Jan_21_1048,FaceNameBlocked_revised,3.0.0,75.11369772865196,,1.2139385
92,Fem2Block.csv,Rebecca3.mp4,Rebecca.JPG,Rebecca,26.0,F,Amanda,Julia,Rebecca,Shelby,Michelle,Brianna,Anna,Danielle,Rachel,Jessica,2.0,0.0,4.0,4.0,1.0,,,,,0.0,1.0,1.0,2.0,,,,,, Anna,"['lshift', 'a', 'n', 'n', 'a']","[3.4531462349696085, 3.9611032359534875, 4.13365635892842, 4.267519316985272, 4.399957249988802]",3.0,2.0,3.907940638950095,,,27,1,2020_Jan_21_1048,FaceNameBlocked_revised,3.0.0,75.11369772865196,,3.4531462
84,Fem2Block.csv,Rebecca3.mp4,Rebecca.JPG,Rebecca,26.0,F,Amanda,Julia,Rebecca,Shelby,Michelle,Brianna,Anna,Danielle,Rachel,Jessica,2.0,0.0,4.0,4.0,1.0,0.0,3.0,3.0,2.0,,,,,,,1.0,,,,,,,,,,,27,1,2020_Jan_21_1048,FaceNameBlocked_revised,3.0.0,75.11369772865196,,NaN
44,Fem1Block.csv,Sarah2.mp4,Sarah.JPG,Sarah,27.0,F,Courtney,Lauren,Alyssa,Natalie,Nicole,Brittany,Kayla,Sarah,Emily,Kelsey,7.0,0.0,2.0,2.0,0.0,0.0,3.0,3.0,7.0,,,,,,,0.0,,,,,,,,,,,27,1,2020_Jan_21_1048,FaceNameBlocked_revised,3.0.0,75.11369772865196,,NaN
59,Fem1Block.csv,Sarah2.mp4,Sarah.JPG,Sarah,27.0,F,Courtney,Lauren,Alyssa,Natalie,Nicole,Brittany,Kayla,Sarah,Emily,Kelsey,7.0,0.0,2.0,2.0,0.0,,,,,0.0,8.0,8.0,7.0,,,,,, Rachael,"['lshift', 'lshift', 'r', 'a', 'c', 'h', 'e', 'l', 'backspace', 'backspace', 'a', 'backspace', 'e', 'a', 'l', 'backspace', 'backspace', 'backspace', 'e', 'a', 'backspace', 'backspace', 'a', 'e', 'l']","[2.5594684979878366, 2.9732591320062056, 4.001449272036552, 4.173512045992538, 4.307406970998272, 4.441453772014938, 4.560937767033465, 4.747293193009682, 5.373105140053667, 5.532850344083272, 5.759647035039961, 6.199047166039236, 6.30664494400844, 6.400054923025891, 6.545953602064401, 7.519033465068787, 7.89244248601608, 8.011832765070722, 8.159967399085872, 8.293121769092977, 8.598944714991376, 8.719090832048096, 8.785996876074933, 8.866016515064985, 8.983770999009721]",1.0,4.0,3.6654995869612317,,,27,1,2020_Jan_21_1048,FaceNameBlocked_revised,3.0.0,75.11369772865196,,2.5594684
83,Fem2Block.csv,Shelby2.mp4,Shelby.JPG,Shelby,28.0,F,Amanda,Julia,Rebecca,Shelby,Michelle,Brianna,Anna,Danielle,Rachel,Jessica,3.0,0.0,4.0,4.0,1.0,0.0,2.0,2.0,3.0,,,,,,,1.0,,,,,,,,,,,27,1,2020_Jan_21_1048,FaceNameBlocked_revised,3.0.0,75.11369772865196,,NaN
99,Fem2Block.csv,Shelby2.mp4,Shelby.JPG,Shelby,28.0,F,Amanda,Julia,Rebecca,Shelby,Michelle,Brianna,Anna,Danielle,Rachel,Jessica,3.0,0.0,4.0,4.0,1.0,,,,,0.0,8.0,8.0,3.0,,,,,, Shelby,"['lshift', 'a', 'backspace', 'lshift', 's', 'h', 'e', 'l', 'b', 'y']","[1.4138334909221157, 1.5489881269168109, 2.4946109779411927, 2.8536608099238947, 3.028140351991169, 3.1751501789549366, 3.3350503689143807, 3.48167862102855, 3.81501144496724, 4.0948461189400405]",4.0,4.0,3.254352763062343,,,27,1,2020_Jan_21_1048,FaceNameBlocked_revised,3.0.0,75.11369772865196,,1.4138334
24,Male2Block.csv,Steven2.mp4,Steven.JPG,Steven,55.0,M,Timothy,Adam,Kyle,Justin,Steven,Bradley,Noah,Thomas,David,Dylan,4.0,0.0,1.0,1.0,4.0,0.0,3.0,3.0,4.0,,,,,,,0.0,,,,,,,,,,,27,1,2020_Jan_21_1048,FaceNameBlocked_revised,3.0.0,75.11369772865196,,NaN
32,Male2Block.csv,Steven2.mp4,Steven.JPG,Steven,55.0,M,Timothy,Adam,Kyle,Justin,Steven,Bradley,Noah,Thomas,David,Dylan,4.0,0.0,1.0,1.0,4.0,,,,,0.0,1.0,1.0,4.0,,,,,,Bradl,"['lshift', 'd', 'a', 'v', 'i', 'd', 'backspace', 'backspace', 'backspace', 'backspace', 'backspace', 'backspace', 'lshift', 'd', 'f', 'backspace', 'backspace', 'lshift', 'b', 'r', 'a', 'd', 'e', 'l', 'backspace', 'backspace', 'l']","[1.3603279980598018, 1.5616673100739717, 1.706449271994643, 2.281601106049493, 2.426196879008785, 2.6014588869875297, 3.880335991969332, 4.065225920989178, 4.2137319090543315, 4.386096186004579, 4.545480155036785, 4.680008345050737, 4.985599128063768, 6.308457487029955, 6.71961041004397, 6.865266176988371, 7.344499684055336, 7.71964841906447, 7.879816084983759, 7.972526222001761, 8.185906233033165, 8.305651267059147, 8.532055575982668, 9.131389803020284, 9.25163038703613, 9.479471874074079]",1.0,2.0,2.1219449740601704,,,27,1,2020_Jan_21_1048,FaceNameBlocked_revised,3.0.0,75.11369772865196,,1.3603279
61,Fem3Block.csv,Taylor4.mp4,Taylor.JPG,Taylor,29.0,F,Taylor,Katie,Hannah,Ashley,Olivia,Haley,Megan,Heather,Jenna,Grace,0.0,0.0,3.0,3.0,2.0,0.0,0.0,0.0,0.0,,,,,,,1.0,,,,,,,,,,,27,1,2020_Jan_21_1048,FaceNameBlocked_revised,3.0.0,75.11369772865196,,NaN
78,Fem3Block.csv,Taylor4.mp4,Taylor.JPG,Taylor,29.0,F,Taylor,Katie,Hannah,Ashley,Olivia,Haley,Megan,Heather,Jenna,Grace,0.0,0.0,3.0,3.0,2.0,,,,,0.0,7.0,7.0,0.0,,,,,, Elizabeth,"['lshift', 'e', 'l', 'i', 'z', 'a', 'b', 'e', 't', 'h', 'lcommand']","[2.612937142024748, 3.0005835100309923, 3.2812145999632776, 3.413974898052402, 4.8652282289694995, 5.027676149038598, 5.973923390964046, 6.359916668967344, 6.493154225987382, 6.799860376981087, 7.224486959981732]",2.0,2.0,7.3338879209477446,,,27,1,2020_Jan_21_1048,FaceNameBlocked_revised,3.0.0,75.11369772865196,,2.6129371
27,Male2Block.csv,Thomas2.mp4,Thomas.JPG,Thomas,56.0,M,Timothy,Adam,Kyle,Justin,Steven,Bradley,Noah,Thomas,David,Dylan,7.0,0.0,1.0,1.0,4.0,0.0,6.0,6.0,7.0,,,,,,,0.0,,,,,,,,,,,27,1,2020_Jan_21_1048,FaceNameBlocked_revised,3.0.0,75.11369772865196,,NaN
35,Male2Block.csv,Thomas2.mp4,Thomas.JPG,Thomas,56.0,M,Timothy,Adam,Kyle,Justin,Steven,Bradley,Noah,Thomas,David,Dylan,7.0,0.0,1.0,1.0,4.0,,,,,0.0,4.0,4.0,7.0,,,,,, Dylan,"['lshift', 'd', 'y', 'l', 'a', 'n']","[1.627172981039621, 1.7887450720882043, 1.89483614906203, 2.1619743530172855, 2.322205973090604, 2.4279995700344443]",2.0,1.0,1.4022622240008786,,,27,1,2020_Jan_21_1048,FaceNameBlocked_revised,3.0.0,75.11369772865196,,1.6271729
26,Male2Block.csv,Timothy3.mp4,Timothy.JPG,Timothy,57.0,M,Timothy,Adam,Kyle,Justin,Steven,Bradley,Noah,Thomas,David,Dylan,0.0,0.0,1.0,1.0,4.0,0.0,5.0,5.0,0.0,,,,,,,1.0,,,,,,,,,,,27,1,2020_Jan_21_1048,FaceNameBlocked_revised,3.0.0,75.11369772865196,,NaN
40,Male2Block.csv,Timothy3.mp4,Timothy.JPG,Timothy,57.0,M,Timothy,Adam,Kyle,Justin,Steven,Bradley,Noah,Thomas,David,Dylan,0.0,0.0,1.0,1.0,4.0,,,,,0.0,9.0,9.0,0.0,,,,,, Justin ,"['lshift', 'j', 'u', 's', 't', 'i', 'n', 'return', 'space']","[3.173602711991407, 3.3349824720062315, 3.4950066129676998, 3.627595652011223, 3.921131085953675, 3.9874702179804444, 4.267670245957561, 4.907285080989823, 5.387266131001525]",5.0,3.0,4.255018834024668,,,27,1,2020_Jan_21_1048,FaceNameBlocked_revised,3.0.0,75.11369772865196,,3.1736027
115,Male3Block.csv,Trevor2.mp4,Trevor.JPG,Trevor,58.0,M,Josh,Michael,Nathan,Tyler,Mark,Jacob,Brandon,Jeremy,Jason,Trevor,9.0,0.0,5.0,5.0,5.0,,,,,0.0,4.0,4.0,9.0,,,,,, Trevor,"['lshift', 't', 'r', 'e', 'v', 'o', 'r']","[1.8136461660033092, 2.0013468449469656, 2.1354664259124547, 2.282260827952996, 3.335153225925751, 3.6949104039231315, 3.8662935459287837]",2.0,2.0,2.7219235090306033,,,27,1,2020_Jan_21_1048,FaceNameBlocked_revised,3.0.0,75.11369772865196,,1.8136461
106,Male3Block.csv,Trevor2.mp4,Trevor.JPG,Trevor,58.0,M,Josh,Michael,Nathan,Tyler,Mark,Jacob,Brandon,Jeremy,Jason,Trevor,9.0,0.0,5.0,5.0,5.0,0.0,5.0,5.0,9.0,,,,,,,1.0,,,,,,,,,,,27,1,2020_Jan_21_1048,FaceNameBlocked_revised,3.0.0,75.11369772865196,,NaN
119,Male3Block.csv,Tyler3.mp4,Tyler.JPG,Tyler,59.0,M,Josh,Michael,Nathan,Tyler,Mark,Jacob,Brandon,Jeremy,Jason,Trevor,3.0,0.0,5.0,5.0,5.0,,,,,0.0,8.0,8.0,3.0,,,,,, Trevor,"['lshift', 't', 'r', 'e', 'v', 'v', 'backspace', 'o', 'r']","[1.7861906660255045, 2.161194068961777, 2.3212294740369543, 2.4548533560009673, 2.6145287529798225, 2.6812574269715697, 3.4934208480408415, 3.734176115016453, 3.880662968964316]",4.0,4.0,6.239803401054815,,,27,1,2020_Jan_21_1048,FaceNameBlocked_revised,3.0.0,75.11369772865196,,1.7861906
109,Male3Block.csv,Tyler3.mp4,Tyler.JPG,Tyler,59.0,M,Josh,Michael,Nathan,Tyler,Mark,Jacob,Brandon,Jeremy,Jason,Trevor,3.0,0.0,5.0,5.0,5.0,0.0,8.0,8.0,3.0,,,,,,,1.0,,,,,,,,,,,27,1,2020_Jan_21_1048,FaceNameBlocked_revised,3.0.0,75.11369772865196,,NaN
0,,,,,,,,,,,,,,,,,,,,,,,,,,,,,,space,866.9325895099901,,,,,,,,,,,,27,1,2020_Jan_21_1048,FaceNameBlocked_revised,3.0.0,75.11369772865196,,NaN
121,,,,,,,,,,,,,,,,,,,,,,,,,,,,,,,,,,,,,,,,,space,1.53444068308454,27,1,2020_Jan_21_1048,FaceNameBlocked_revised,3.0.0,75.11369772865196,,NaN
