,condsBlockFile,Video,Photo,Name,Row,Gender,N1,N2,N3,N4,N5,N6,N7,N8,N9,N10,Row2,blocks.thisRepN,blocks.thisTrialN,blocks.thisN,blocks.thisIndex,presentations.thisRepN,presentations.thisTrialN,presentations.thisN,presentations.thisIndex,testing.thisRepN,testing.thisTrialN,testing.thisN,testing.thisIndex,advance_1.keys,advance_1.rt,currentCond,advance_2.keys,advance_2.rt,inputText,key_resp_3.keys,key_resp_3.rt,correctRecogSelection,keyResponse.keys,keyResponse.rt,end_key.keys,end_key.rt,participant,session,date,expName,psychopyVersion,frameRate,Unnamed: 48,key_resp3_fin
112,Male3Block.csv,Aaron2.mp4,Aaron.JPG,Aaron,30.0,M,Brandon,Jason,Daniel,David,Justin,Mark,Aaron,Caleb,Cody,Timothy,6.0,0.0,5.0,5.0,5.0,,,,,0.0,1.0,1.0,6.0,,,,,, aaron,"['a', 'a', 'r', 'o', 'n', 'return']","[1.8286341950297356, 1.9882680949522182, 2.334895294974558, 2.4552774199983105, 2.548189483000897, 3.0004964959807694]",2.0,2.0,1.600279375910759,,,29,1,2020_Jan_21_1152,FaceNameBlocked_revised,3.0.0,75.0264813790655,,1.8286341
110,Male3Block.csv,Aaron2.mp4,Aaron.JPG,Aaron,30.0,M,Brandon,Jason,Daniel,David,Justin,Mark,Aaron,Caleb,Cody,Timothy,6.0,0.0,5.0,5.0,5.0,0.0,9.0,9.0,6.0,,,,,,,0.0,,,,,,,,,,,29,1,2020_Jan_21_1152,FaceNameBlocked_revised,3.0.0,75.0264813790655,,NaN
21,Male1Block.csv,Adam4.mp4,Adam.JPG,Adam,31.0,M,Brian,Matthew,Andrew,Adam,Josh,Noah,Tyler,Steven,Jeremy,Bradley,3.0,0.0,1.0,1.0,3.0,0.0,0.0,0.0,3.0,,,,,,,1.0,,,,,,,,,,,29,1,2020_Jan_21_1152,FaceNameBlocked_revised,3.0.0,75.0264813790655,,NaN
40,Male1Block.csv,Adam4.mp4,Adam.JPG,Adam,31.0,M,Brian,Matthew,Andrew,Adam,Josh,Noah,Tyler,Steven,Jeremy,Bradley,3.0,0.0,1.0,1.0,3.0,,,,,0.0,9.0,9.0,3.0,,,,,, noah,"['n', 'o', 'a', 'h']","[2.6682174099842086, 2.947728598024696, 3.068220096058212, 3.1881641460349783]",5.0,1.0,2.7744498850079253,,,29,1,2020_Jan_21_1152,FaceNameBlocked_revised,3.0.0,75.0264813790655,,2.6682174
9,Fem2Block.csv,Alyssa3.mp4,Alyssa.JPG,Alyssa,0.0,F,Taylor,Brianna,Alyssa,Natalie,Haley,Rebecca,Shelby,Anna,Nicole,Michelle,2.0,0.0,0.0,0.0,1.0,0.0,8.0,8.0,2.0,,,,,,,1.0,,,,,,,,,,,29,1,2020_Jan_21_1152,FaceNameBlocked_revised,3.0.0,75.0264813790655,,NaN
14,Fem2Block.csv,Alyssa3.mp4,Alyssa.JPG,Alyssa,0.0,F,Taylor,Brianna,Alyssa,Natalie,Haley,Rebecca,Shelby,Anna,Nicole,Michelle,2.0,0.0,0.0,0.0,1.0,,,,,0.0,3.0,3.0,2.0,,,,,, rebecca,"['r', 'e', 'b', 'e', 'c', 'c', 'a', 'return']","[2.841631510993466, 3.121553662000224, 3.3479406440164894, 3.6016786210238934, 3.907821482978761, 4.081279051024467, 4.347863617935218, 5.3203582799760625]",1.0,4.0,3.9206570800160985,,,29,1,2020_Jan_21_1152,FaceNameBlocked_revised,3.0.0,75.0264813790655,,2.8416315
82,Fem1Block.csv,Amanda3.mp4,Amanda.JPG,Amanda,1.0,F,Megan,Katie,Jessica,Julia,Brittany,Sarah,Heather,Amanda,Danielle,Emily,7.0,0.0,4.0,4.0,0.0,0.0,1.0,1.0,7.0,,,,,,,1.0,,,,,,,,,,,29,1,2020_Jan_21_1152,FaceNameBlocked_revised,3.0.0,75.0264813790655,,NaN
96,Fem1Block.csv,Amanda3.mp4,Amanda.JPG,Amanda,1.0,F,Megan,Katie,Jessica,Julia,Brittany,Sarah,Heather,Amanda,Danielle,Emily,7.0,0.0,4.0,4.0,0.0,,,,,0.0,5.0,5.0,7.0,,,,,, sa ,"['s', 'a', 'space']","[6.253203807049431, 6.920590530033223, 8.78546119807288]",4.0,2.0,2.4149807200301443,,,29,1,2020_Jan_21_1152,FaceNameBlocked_revised,3.0.0,75.0264813790655,,6.2532038
38,Male1Block.csv,Andrew2.mp4,Andrew.JPG,Andrew,32.0,M,Brian,Matthew,Andrew,Adam,Josh,Noah,Tyler,Steven,Jeremy,Bradley,2.0,0.0,1.0,1.0,3.0,,,,,0.0,7.0,7.0,2.0,,,,,, ty,"['t', 'y']","[8.066784522961825, 8.746501262066886]",3.0,5.0,2.9748050980269913,,,29,1,2020_Jan_21_1152,FaceNameBlocked_revised,3.0.0,75.0264813790655,,8.0667845
30,Male1Block.csv,Andrew2.mp4,Andrew.JPG,Andrew,32.0,M,Brian,Matthew,Andrew,Adam,Josh,Noah,Tyler,Steven,Jeremy,Bradley,2.0,0.0,1.0,1.0,3.0,0.0,9.0,9.0,2.0,,,,,,,1.0,,,,,,,,,,,29,1,2020_Jan_21_1152,FaceNameBlocked_revised,3.0.0,75.0264813790655,,NaN
20,Fem2Block.csv,Anna3.mp4,Anna.JPG,Anna,2.0,F,Taylor,Brianna,Alyssa,Natalie,Haley,Rebecca,Shelby,Anna,Nicole,Michelle,7.0,0.0,0.0,0.0,1.0,,,,,0.0,9.0,9.0,7.0,,,,,, anna,"['a', 'n', 'n', 'a', 'return']","[2.162032683030702, 2.361941301031038, 2.521901707048528, 2.6816852430347353, 2.9594831950962543]",5.0,5.0,1.8020584010519087,,,29,1,2020_Jan_21_1152,FaceNameBlocked_revised,3.0.0,75.0264813790655,,2.1620326
7,Fem2Block.csv,Anna3.mp4,Anna.JPG,Anna,2.0,F,Taylor,Brianna,Alyssa,Natalie,Haley,Rebecca,Shelby,Anna,Nicole,Michelle,7.0,0.0,0.0,0.0,1.0,0.0,6.0,6.0,7.0,,,,,,,1.0,,,,,,,,,,,29,1,2020_Jan_21_1152,FaceNameBlocked_revised,3.0.0,75.0264813790655,,NaN
64,Fem3Block.csv,Ashley3.mp4,Ashley.JPG,Ashley,3.0,F,Hannah,Olivia,Courtney,Rachel,Kayla,Kelsey,Ashley,Lauren,Grace,Jenna,6.0,0.0,3.0,3.0,2.0,0.0,3.0,3.0,6.0,,,,,,,0.0,,,,,,,,,,,29,1,2020_Jan_21_1152,FaceNameBlocked_revised,3.0.0,75.0264813790655,,NaN
80,Fem3Block.csv,Ashley3.mp4,Ashley.JPG,Ashley,3.0,F,Hannah,Olivia,Courtney,Rachel,Kayla,Kelsey,Ashley,Lauren,Grace,Jenna,6.0,0.0,3.0,3.0,2.0,,,,,0.0,9.0,9.0,6.0,,,,,, ashley,"['a', 's', 'h', 'l', 'e', 'y']","[2.6664454879937693, 2.8818133629392833, 3.0017179138958454, 3.3349425069754943, 3.4678927899803966, 3.8140513479011133]",2.0,2.0,2.175741601036861,,,29,1,2020_Jan_21_1152,FaceNameBlocked_revised,3.0.0,75.0264813790655,,2.6664454
23,Male1Block.csv,Bradley3.mp4,Bradley.JPG,Bradley,33.0,M,Brian,Matthew,Andrew,Adam,Josh,Noah,Tyler,Steven,Jeremy,Bradley,9.0,0.0,1.0,1.0,3.0,0.0,2.0,2.0,9.0,,,,,,,0.0,,,,,,,,,,,29,1,2020_Jan_21_1152,FaceNameBlocked_revised,3.0.0,75.0264813790655,,NaN
39,Male1Block.csv,Bradley3.mp4,Bradley.JPG,Bradley,33.0,M,Brian,Matthew,Andrew,Adam,Josh,Noah,Tyler,Steven,Jeremy,Bradley,9.0,0.0,1.0,1.0,3.0,,,,,0.0,8.0,8.0,9.0,,,,,, bradley,"['b', 'r', 'a', 'd', 'l', 'e', 'y']","[2.015450624981895, 2.162115864921361, 2.4151300579542294, 2.682053369935602, 2.841357060940936, 3.015170775935985, 3.187930266954936]",5.0,5.0,1.6679912499384957,,,29,1,2020_Jan_21_1152,FaceNameBlocked_revised,3.0.0,75.0264813790655,,2.0154506
116,Male3Block.csv,Brandon2.mp4,Brandon.JPG,Brandon,34.0,M,Brandon,Jason,Daniel,David,Justin,Mark,Aaron,Caleb,Cody,Timothy,0.0,0.0,5.0,5.0,5.0,,,,,0.0,5.0,5.0,0.0,,,,,, timothy,"['t', 'i', 'm', 'o', 't', 'h', 'y']","[4.547521387110464, 5.053833321086131, 5.200780944083817, 5.560709567042068, 5.799915657029487, 5.907252561999485, 6.266667083022185]",3.0,3.0,8.638068125001155,,,29,1,2020_Jan_21_1152,FaceNameBlocked_revised,3.0.0,75.0264813790655,,4.5475213
104,Male3Block.csv,Brandon2.mp4,Brandon.JPG,Brandon,34.0,M,Brandon,Jason,Daniel,David,Justin,Mark,Aaron,Caleb,Cody,Timothy,0.0,0.0,5.0,5.0,5.0,0.0,3.0,3.0,0.0,,,,,,,1.0,,,,,,,,,,,29,1,2020_Jan_21_1152,FaceNameBlocked_revised,3.0.0,75.0264813790655,,NaN
22,Male1Block.csv,Brian2.mp4,Brian.JPG,Brian,35.0,M,Brian,Matthew,Andrew,Adam,Josh,Noah,Tyler,Steven,Jeremy,Bradley,0.0,0.0,1.0,1.0,3.0,0.0,1.0,1.0,0.0,,,,,,,1.0,,,,,,,,,,,29,1,2020_Jan_21_1152,FaceNameBlocked_revised,3.0.0,75.0264813790655,,NaN
33,Male1Block.csv,Brian2.mp4,Brian.JPG,Brian,35.0,M,Brian,Matthew,Andrew,Adam,Josh,Noah,Tyler,Steven,Jeremy,Bradley,0.0,0.0,1.0,1.0,3.0,,,,,0.0,2.0,2.0,0.0,,,,,, steven,"['s', 't', 'e', 'v', 'e', 'n']","[1.4161672800546512, 1.642672488000244, 1.8285376239800826, 1.9487434229813516, 2.1224009089637548, 2.362243977957405]",5.0,5.0,2.000274710007943,,,29,1,2020_Jan_21_1152,FaceNameBlocked_revised,3.0.0,75.0264813790655,,1.4161672
16,Fem2Block.csv,Brianna2.mp4,Brianna.JPG,Brianna,4.0,F,Taylor,Brianna,Alyssa,Natalie,Haley,Rebecca,Shelby,Anna,Nicole,Michelle,1.0,0.0,0.0,0.0,1.0,,,,,0.0,5.0,5.0,1.0,,,,,, brianna,"['b', 'r', 'i', 'a', 'n', 'n', 'a', 'return']","[3.641225512023084, 3.840922838076949, 4.040842359070666, 4.346922333003022, 4.5733333710813895, 4.733197669032961, 4.867116920999251, 5.1864933740580454]",4.0,4.0,2.9347643520450224,,,29,1,2020_Jan_21_1152,FaceNameBlocked_revised,3.0.0,75.0264813790655,,3.6412255
2,Fem2Block.csv,Brianna2.mp4,Brianna.JPG,Brianna,4.0,F,Taylor,Brianna,Alyssa,Natalie,Haley,Rebecca,Shelby,Anna,Nicole,Michelle,1.0,0.0,0.0,0.0,1.0,0.0,1.0,1.0,1.0,,,,,,,1.0,,,,,,,,,,,29,1,2020_Jan_21_1152,FaceNameBlocked_revised,3.0.0,75.0264813790655,,NaN
97,Fem1Block.csv,Brittany2.mp4,Brittany.JPG,Brittany,5.0,F,Megan,Katie,Jessica,Julia,Brittany,Sarah,Heather,Amanda,Danielle,Emily,4.0,0.0,4.0,4.0,0.0,,,,,0.0,6.0,6.0,4.0,,,,,, brittany,"['b', 'r', 'i', 't', 't', 'a', 'n', 'y']","[2.412471847026609, 2.9728637830121443, 3.2682476340560243, 3.561349834082648, 3.708103341050446, 4.041208622977138, 4.612260761088692, 4.961244109086692]",1.0,1.0,3.5470328700030223,,,29,1,2020_Jan_21_1152,FaceNameBlocked_revised,3.0.0,75.0264813790655,,2.4124718
85,Fem1Block.csv,Brittany2.mp4,Brittany.JPG,Brittany,5.0,F,Megan,Katie,Jessica,Julia,Brittany,Sarah,Heather,Amanda,Danielle,Emily,4.0,0.0,4.0,4.0,0.0,0.0,4.0,4.0,4.0,,,,,,,0.0,,,,,,,,,,,29,1,2020_Jan_21_1152,FaceNameBlocked_revised,3.0.0,75.0264813790655,,NaN
107,Male3Block.csv,Caleb5.mp4,Caleb.JPG,Caleb,36.0,M,Brandon,Jason,Daniel,David,Justin,Mark,Aaron,Caleb,Cody,Timothy,7.0,0.0,5.0,5.0,5.0,0.0,6.0,6.0,7.0,,,,,,,1.0,,,,,,,,,,,29,1,2020_Jan_21_1152,FaceNameBlocked_revised,3.0.0,75.0264813790655,,NaN
119,Male3Block.csv,Caleb5.mp4,Caleb.JPG,Caleb,36.0,M,Brandon,Jason,Daniel,David,Justin,Mark,Aaron,Caleb,Cody,Timothy,7.0,0.0,5.0,5.0,5.0,,,,,0.0,8.0,8.0,7.0,,,,,, brandon,"['b', 'r', 'a', 'n', 'd', 'o', 'n']","[5.560493808006868, 5.734141209977679, 6.0267189589794725, 6.467203725012951, 6.680333919939585, 6.867092627915554, 6.971092416904867]",2.0,2.0,1.2417637739563359,,,29,1,2020_Jan_21_1152,FaceNameBlocked_revised,3.0.0,75.0264813790655,,5.5604938
120,Male3Block.csv,Cody2.mp4,Cody.JPG,Cody,37.0,M,Brandon,Jason,Daniel,David,Justin,Mark,Aaron,Caleb,Cody,Timothy,8.0,0.0,5.0,5.0,5.0,,,,,0.0,9.0,9.0,8.0,,,,,, cody,"['c', 'o', 'd', 'y']","[1.7226451280293986, 1.8426577659556642, 2.0295989989535883, 2.162753982003778]",5.0,5.0,1.5740312250563877,,,29,1,2020_Jan_21_1152,FaceNameBlocked_revised,3.0.0,75.0264813790655,,1.7226451
108,Male3Block.csv,Cody2.mp4,Cody.JPG,Cody,37.0,M,Brandon,Jason,Daniel,David,Justin,Mark,Aaron,Caleb,Cody,Timothy,8.0,0.0,5.0,5.0,5.0,0.0,7.0,7.0,8.0,,,,,,,0.0,,,,,,,,,,,29,1,2020_Jan_21_1152,FaceNameBlocked_revised,3.0.0,75.0264813790655,,NaN
76,Fem3Block.csv,Courtney2.mp4,Courtney.JPG,Courtney,6.0,F,Hannah,Olivia,Courtney,Rachel,Kayla,Kelsey,Ashley,Lauren,Grace,Jenna,2.0,0.0,3.0,3.0,2.0,,,,,0.0,5.0,5.0,2.0,,,,,, courtney,"['c', 'o', 'u', 'r', 't', 'n', 'e', 'y']","[1.7756564519368112, 1.9361289939843118, 2.0814618680160493, 2.2015670019900426, 2.415234984946437, 2.535431435913779, 2.69545532297343, 2.855270760017447]",4.0,4.0,2.0286528690485284,,,29,1,2020_Jan_21_1152,FaceNameBlocked_revised,3.0.0,75.0264813790655,,1.7756564
65,Fem3Block.csv,Courtney2.mp4,Courtney.JPG,Courtney,6.0,F,Hannah,Olivia,Courtney,Rachel,Kayla,Kelsey,Ashley,Lauren,Grace,Jenna,2.0,0.0,3.0,3.0,2.0,0.0,4.0,4.0,2.0,,,,,,,1.0,,,,,,,,,,,29,1,2020_Jan_21_1152,FaceNameBlocked_revised,3.0.0,75.0264813790655,,NaN
109,Male3Block.csv,Daniel3.mp4,Daniel.JPG,Daniel,38.0,M,Brandon,Jason,Daniel,David,Justin,Mark,Aaron,Caleb,Cody,Timothy,2.0,0.0,5.0,5.0,5.0,0.0,8.0,8.0,2.0,,,,,,,1.0,,,,,,,,,,,29,1,2020_Jan_21_1152,FaceNameBlocked_revised,3.0.0,75.0264813790655,,NaN
113,Male3Block.csv,Daniel3.mp4,Daniel.JPG,Daniel,38.0,M,Brandon,Jason,Daniel,David,Justin,Mark,Aaron,Caleb,Cody,Timothy,2.0,0.0,5.0,5.0,5.0,,,,,0.0,2.0,2.0,2.0,,,,,, tim,"['t', 'i', 'm', 'o', 't', 'h', 'y', 'backspace', 'backspace', 'backspace', 'backspace']","[3.4144339240156114, 3.653911662986502, 3.7736845910549164, 4.067650496028364, 4.294035771046765, 4.426920957979746, 4.626952326041646, 9.278952531982213, 9.478636257001199, 9.66509153705556, 9.837725772056729]",4.0,3.0,4.625918477075175,,,29,1,2020_Jan_21_1152,FaceNameBlocked_revised,3.0.0,75.0264813790655,,3.4144339
81,Fem1Block.csv,Danielle2.mp4,Danielle.JPG,Danielle,7.0,F,Megan,Katie,Jessica,Julia,Brittany,Sarah,Heather,Amanda,Danielle,Emily,8.0,0.0,4.0,4.0,0.0,0.0,0.0,0.0,8.0,,,,,,,0.0,,,,,,,,,,,29,1,2020_Jan_21_1152,FaceNameBlocked_revised,3.0.0,75.0264813790655,,NaN
93,Fem1Block.csv,Danielle2.mp4,Danielle.JPG,Danielle,7.0,F,Megan,Katie,Jessica,Julia,Brittany,Sarah,Heather,Amanda,Danielle,Emily,8.0,0.0,4.0,4.0,0.0,,,,,0.0,2.0,2.0,8.0,,,,,, danielle,"['d', 'a', 'n', 'i', 'e', 'l', 'l', 'l', 'backspace', 'e']","[1.348571153008379, 1.6283635779982433, 2.256125228945166, 2.469418196938932, 2.814808259019628, 3.2021269550314173, 3.388460315996781, 3.588094418984838, 4.2812620520126075, 4.88183232198935]",4.0,4.0,3.1209087469615038,,,29,1,2020_Jan_21_1152,FaceNameBlocked_revised,3.0.0,75.0264813790655,,1.3485711
103,Male3Block.csv,David2.mp4,David.JPG,David,39.0,M,Brandon,Jason,Daniel,David,Justin,Mark,Aaron,Caleb,Cody,Timothy,3.0,0.0,5.0,5.0,5.0,0.0,2.0,2.0,3.0,,,,,,,1.0,,,,,,,,,,,29,1,2020_Jan_21_1152,FaceNameBlocked_revised,3.0.0,75.0264813790655,,NaN
111,Male3Block.csv,David2.mp4,David.JPG,David,39.0,M,Brandon,Jason,Daniel,David,Justin,Mark,Aaron,Caleb,Cody,Timothy,3.0,0.0,5.0,5.0,5.0,,,,,0.0,0.0,0.0,3.0,,,,space,11.612460589967668, mark,"['m', 'a', 'r', 'k', 'return']","[3.8812723690643907, 4.091999329975806, 4.480873750988394, 4.651914231013507, 5.1595390640432015]",4.0,2.0,7.785245994920842,,,29,1,2020_Jan_21_1152,FaceNameBlocked_revised,3.0.0,75.0264813790655,,3.8812723
53,Male2Block.csv,Dylan3.mp4,Dylan.JPG,Dylan,40.0,M,Nathan,Thomas,Kevin,Dylan,Ethan,Eric,Kyle,Jacob,Michael,Trevor,3.0,0.0,2.0,2.0,4.0,,,,,0.0,2.0,2.0,3.0,,,,,, noa,"['n', 'o', 'a']","[8.799944125115871, 9.079634401015937, 9.719449492054991]",4.0,4.0,4.587850103038363,,,29,1,2020_Jan_21_1152,FaceNameBlocked_revised,3.0.0,75.0264813790655,,8.7999441
47,Male2Block.csv,Dylan3.mp4,Dylan.JPG,Dylan,40.0,M,Nathan,Thomas,Kevin,Dylan,Ethan,Eric,Kyle,Jacob,Michael,Trevor,3.0,0.0,2.0,2.0,4.0,0.0,6.0,6.0,3.0,,,,,,,1.0,,,,,,,,,,,29,1,2020_Jan_21_1152,FaceNameBlocked_revised,3.0.0,75.0264813790655,,NaN
99,Fem1Block.csv,Emily5.mp4,Emily.JPG,Emily,8.0,F,Megan,Katie,Jessica,Julia,Brittany,Sarah,Heather,Amanda,Danielle,Emily,9.0,0.0,4.0,4.0,0.0,,,,,0.0,8.0,8.0,9.0,,,,,, co,"['c', 'o', 'u', 'backspace']","[7.599300186964683, 8.545965455006808, 8.730703501030803, 9.370870362967253]",3.0,3.0,4.4809736360330135,,,29,1,2020_Jan_21_1152,FaceNameBlocked_revised,3.0.0,75.0264813790655,,7.5993001
88,Fem1Block.csv,Emily5.mp4,Emily.JPG,Emily,8.0,F,Megan,Katie,Jessica,Julia,Brittany,Sarah,Heather,Amanda,Danielle,Emily,9.0,0.0,4.0,4.0,0.0,0.0,7.0,7.0,9.0,,,,,,,0.0,,,,,,,,,,,29,1,2020_Jan_21_1152,FaceNameBlocked_revised,3.0.0,75.0264813790655,,NaN
58,Male2Block.csv,Eric2.mp4,Eric.JPG,Eric,41.0,M,Nathan,Thomas,Kevin,Dylan,Ethan,Eric,Kyle,Jacob,Michael,Trevor,5.0,0.0,2.0,2.0,4.0,,,,,0.0,7.0,7.0,5.0,,,,,, thomas,"['t', 'h', 'o', 'm', 'a', 's']","[4.6941009749425575, 4.960484750918113, 5.2666795830009505, 5.573814014904201, 6.120200559962541, 6.319869276951067]",3.0,3.0,4.21430552599486,,,29,1,2020_Jan_21_1152,FaceNameBlocked_revised,3.0.0,75.0264813790655,,4.6941009
41,Male2Block.csv,Eric2.mp4,Eric.JPG,Eric,41.0,M,Nathan,Thomas,Kevin,Dylan,Ethan,Eric,Kyle,Jacob,Michael,Trevor,5.0,0.0,2.0,2.0,4.0,0.0,0.0,0.0,5.0,,,,,,,0.0,,,,,,,,,,,29,1,2020_Jan_21_1152,FaceNameBlocked_revised,3.0.0,75.0264813790655,,NaN
48,Male2Block.csv,Ethan2.mp4,Ethan.JPG,Ethan,42.0,M,Nathan,Thomas,Kevin,Dylan,Ethan,Eric,Kyle,Jacob,Michael,Trevor,4.0,0.0,2.0,2.0,4.0,0.0,7.0,7.0,4.0,,,,,,,0.0,,,,,,,,,,,29,1,2020_Jan_21_1152,FaceNameBlocked_revised,3.0.0,75.0264813790655,,NaN
60,Male2Block.csv,Ethan2.mp4,Ethan.JPG,Ethan,42.0,M,Nathan,Thomas,Kevin,Dylan,Ethan,Eric,Kyle,Jacob,Michael,Trevor,4.0,0.0,2.0,2.0,4.0,,,,,0.0,9.0,9.0,4.0,,,,,, thom,"['t', 'h', 'o', 'm']","[7.413751341984607, 7.866669522947632, 8.506453488022089, 8.879675352945924]",5.0,2.0,7.906328067067079,,,29,1,2020_Jan_21_1152,FaceNameBlocked_revised,3.0.0,75.0264813790655,,7.4137513
69,Fem3Block.csv,Grace3.mp4,Grace.JPG,Grace,9.0,F,Hannah,Olivia,Courtney,Rachel,Kayla,Kelsey,Ashley,Lauren,Grace,Jenna,8.0,0.0,3.0,3.0,2.0,0.0,8.0,8.0,8.0,,,,,,,0.0,,,,,,,,,,,29,1,2020_Jan_21_1152,FaceNameBlocked_revised,3.0.0,75.0264813790655,,NaN
72,Fem3Block.csv,Grace3.mp4,Grace.JPG,Grace,9.0,F,Hannah,Olivia,Courtney,Rachel,Kayla,Kelsey,Ashley,Lauren,Grace,Jenna,8.0,0.0,3.0,3.0,2.0,,,,,0.0,1.0,1.0,8.0,,,,,, grace,"['g', 'r', 'a', 'c', 'e']","[1.269496046938002, 1.4556326979072765, 1.735374346957542, 2.308175790007226, 2.588072785991244]",4.0,4.0,1.469274913077243,,,29,1,2020_Jan_21_1152,FaceNameBlocked_revised,3.0.0,75.0264813790655,,1.2694960
1,Fem2Block.csv,Haley2.mp4,Haley.JPG,Haley,10.0,F,Taylor,Brianna,Alyssa,Natalie,Haley,Rebecca,Shelby,Anna,Nicole,Michelle,4.0,0.0,0.0,0.0,1.0,0.0,0.0,0.0,4.0,,,,,,,0.0,,,,,,,,,,,29,1,2020_Jan_21_1152,FaceNameBlocked_revised,3.0.0,75.0264813790655,,NaN
19,Fem2Block.csv,Haley2.mp4,Haley.JPG,Haley,10.0,F,Taylor,Brianna,Alyssa,Natalie,Haley,Rebecca,Shelby,Anna,Nicole,Michelle,4.0,0.0,0.0,0.0,1.0,,,,,0.0,8.0,8.0,4.0,,,,,, brianna,"['b', 'r', 'i', 'a', 'n', 'n', 'a', 'return']","[5.027317326981574, 5.187265704968013, 5.360098625998944, 5.573220337973908, 5.760120795923285, 5.89361349993851, 5.9870816939510405, 6.212919859914109]",2.0,2.0,7.331287372042425,,,29,1,2020_Jan_21_1152,FaceNameBlocked_revised,3.0.0,75.0264813790655,,5.0273173
67,Fem3Block.csv,Hannah2.mp4,Hannah.JPG,Hannah,11.0,F,Hannah,Olivia,Courtney,Rachel,Kayla,Kelsey,Ashley,Lauren,Grace,Jenna,0.0,0.0,3.0,3.0,2.0,0.0,6.0,6.0,0.0,,,,,,,1.0,,,,,,,,,,,29,1,2020_Jan_21_1152,FaceNameBlocked_revised,3.0.0,75.0264813790655,,NaN
77,Fem3Block.csv,Hannah2.mp4,Hannah.JPG,Hannah,11.0,F,Hannah,Olivia,Courtney,Rachel,Kayla,Kelsey,Ashley,Lauren,Grace,Jenna,0.0,0.0,3.0,3.0,2.0,,,,,0.0,6.0,6.0,0.0,,,,,, hannah,"['h', 'a', 'n', 'n', 'a', 'h']","[1.7611291309585795, 1.948423818917945, 2.1350565348984674, 2.2548323338851333, 2.428177433903329, 2.5484509479720145]",2.0,2.0,1.561798396985978,,,29,1,2020_Jan_21_1152,FaceNameBlocked_revised,3.0.0,75.0264813790655,,1.7611291
91,Fem1Block.csv,Heather3.mp4,Heather.JPG,Heather,12.0,F,Megan,Katie,Jessica,Julia,Brittany,Sarah,Heather,Amanda,Danielle,Emily,6.0,0.0,4.0,4.0,0.0,,,,,0.0,0.0,0.0,6.0,,,,space,1.5492755660088733, heather,"['h', 'e', 'a', 't', 'h', 'e', 'r']","[2.468476273934357, 2.961066304007545, 3.2140579019906, 3.5325066089862958, 3.9873862229287624, 4.373891711002216, 4.640260307933204]",1.0,1.0,2.105059404042549,,,29,1,2020_Jan_21_1152,FaceNameBlocked_revised,3.0.0,75.0264813790655,,2.4684762
86,Fem1Block.csv,Heather3.mp4,Heather.JPG,Heather,12.0,F,Megan,Katie,Jessica,Julia,Brittany,Sarah,Heather,Amanda,Danielle,Emily,6.0,0.0,4.0,4.0,0.0,0.0,5.0,5.0,6.0,,,,,,,0.0,,,,,,,,,,,29,1,2020_Jan_21_1152,FaceNameBlocked_revised,3.0.0,75.0264813790655,,NaN
54,Male2Block.csv,Jacob3.mp4,Jacob.JPG,Jacob,43.0,M,Nathan,Thomas,Kevin,Dylan,Ethan,Eric,Kyle,Jacob,Michael,Trevor,7.0,0.0,2.0,2.0,4.0,,,,,0.0,3.0,3.0,7.0,,,,,, joe,"['j', 'o', 'e', 'l', 'backspace']","[6.3336977759609, 6.800286942976527, 7.546360468026251, 7.93302502296865, 8.958410067018121]",4.0,1.0,3.2269619639264415,,,29,1,2020_Jan_21_1152,FaceNameBlocked_revised,3.0.0,75.0264813790655,,6.3336977
46,Male2Block.csv,Jacob3.mp4,Jacob.JPG,Jacob,43.0,M,Nathan,Thomas,Kevin,Dylan,Ethan,Eric,Kyle,Jacob,Michael,Trevor,7.0,0.0,2.0,2.0,4.0,0.0,5.0,5.0,7.0,,,,,,,1.0,,,,,,,,,,,29,1,2020_Jan_21_1152,FaceNameBlocked_revised,3.0.0,75.0264813790655,,NaN
105,Male3Block.csv,Jason4.mp4,Jason.JPG,Jason,44.0,M,Brandon,Jason,Daniel,David,Justin,Mark,Aaron,Caleb,Cody,Timothy,1.0,0.0,5.0,5.0,5.0,0.0,4.0,4.0,1.0,,,,,,,1.0,,,,,,,,,,,29,1,2020_Jan_21_1152,FaceNameBlocked_revised,3.0.0,75.0264813790655,,NaN
114,Male3Block.csv,Jason4.mp4,Jason.JPG,Jason,44.0,M,Brandon,Jason,Daniel,David,Justin,Mark,Aaron,Caleb,Cody,Timothy,1.0,0.0,5.0,5.0,5.0,,,,,0.0,3.0,3.0,1.0,,,,,, d,['d'],[9.786331879091449],2.0,5.0,6.334038630011492,,,29,1,2020_Jan_21_1152,FaceNameBlocked_revised,3.0.0,75.0264813790655,,9.7863318
66,Fem3Block.csv,Jenna4.mp4,Jenna.JPG,Jenna,13.0,F,Hannah,Olivia,Courtney,Rachel,Kayla,Kelsey,Ashley,Lauren,Grace,Jenna,9.0,0.0,3.0,3.0,2.0,0.0,5.0,5.0,9.0,,,,,,,0.0,,,,,,,,,,,29,1,2020_Jan_21_1152,FaceNameBlocked_revised,3.0.0,75.0264813790655,,NaN
79,Fem3Block.csv,Jenna4.mp4,Jenna.JPG,Jenna,13.0,F,Hannah,Olivia,Courtney,Rachel,Kayla,Kelsey,Ashley,Lauren,Grace,Jenna,9.0,0.0,3.0,3.0,2.0,,,,,0.0,8.0,8.0,9.0,,,,,, jenna,"['j', 'e', 'n', 'n', 'a']","[4.161113591049798, 4.373348961002193, 4.546692628064193, 4.694343899958767, 4.787891353014857]",4.0,4.0,4.187941855983809,,,29,1,2020_Jan_21_1152,FaceNameBlocked_revised,3.0.0,75.0264813790655,,4.1611135
29,Male1Block.csv,Jeremy2.mp4,Jeremy.JPG,Jeremy,45.0,M,Brian,Matthew,Andrew,Adam,Josh,Noah,Tyler,Steven,Jeremy,Bradley,8.0,0.0,1.0,1.0,3.0,0.0,8.0,8.0,8.0,,,,,,,0.0,,,,,,,,,,,29,1,2020_Jan_21_1152,FaceNameBlocked_revised,3.0.0,75.0264813790655,,NaN
36,Male1Block.csv,Jeremy2.mp4,Jeremy.JPG,Jeremy,45.0,M,Brian,Matthew,Andrew,Adam,Josh,Noah,Tyler,Steven,Jeremy,Bradley,8.0,0.0,1.0,1.0,3.0,,,,,0.0,5.0,5.0,8.0,,,,,, tyler,"['t', 'y', 'l', 'e', 'r', 'return']","[3.9346338430186734, 4.161870404030196, 4.3343823129544035, 4.507901062024757, 4.720539633999579, 4.933994940016419]",3.0,3.0,3.747070576995611,,,29,1,2020_Jan_21_1152,FaceNameBlocked_revised,3.0.0,75.0264813790655,,3.9346338
100,Fem1Block.csv,Jessica2.mp4,Jessica.JPG,Jessica,14.0,F,Megan,Katie,Jessica,Julia,Brittany,Sarah,Heather,Amanda,Danielle,Emily,2.0,0.0,4.0,4.0,0.0,,,,,0.0,9.0,9.0,2.0,,,,,, jessica,"['j', 'e', 's', 's', 'i', 'c', 'a']","[2.6690352809382603, 3.188631279976107, 3.547860831953585, 3.6677272389642894, 4.214533786987886, 4.601514990907162, 5.027544551994652]",5.0,5.0,4.026990694925189,,,29,1,2020_Jan_21_1152,FaceNameBlocked_revised,3.0.0,75.0264813790655,,2.6690352
87,Fem1Block.csv,Jessica2.mp4,Jessica.JPG,Jessica,14.0,F,Megan,Katie,Jessica,Julia,Brittany,Sarah,Heather,Amanda,Danielle,Emily,2.0,0.0,4.0,4.0,0.0,0.0,6.0,6.0,2.0,,,,,,,1.0,,,,,,,,,,,29,1,2020_Jan_21_1152,FaceNameBlocked_revised,3.0.0,75.0264813790655,,NaN
32,Male1Block.csv,Josh3.mp4,Josh.JPG,Josh,46.0,M,Brian,Matthew,Andrew,Adam,Josh,Noah,Tyler,Steven,Jeremy,Bradley,4.0,0.0,1.0,1.0,3.0,,,,,0.0,1.0,1.0,4.0,,,,,, josh,"['j', 'o', 's', 'h', 'return']","[1.908344999072142, 2.0816294819815084, 2.2154950730036944, 2.3757484400412068, 2.65495371108409]",3.0,3.0,1.628546088002622,,,29,1,2020_Jan_21_1152,FaceNameBlocked_revised,3.0.0,75.0264813790655,,1.9083449
27,Male1Block.csv,Josh3.mp4,Josh.JPG,Josh,46.0,M,Brian,Matthew,Andrew,Adam,Josh,Noah,Tyler,Steven,Jeremy,Bradley,4.0,0.0,1.0,1.0,3.0,0.0,6.0,6.0,4.0,,,,,,,0.0,,,,,,,,,,,29,1,2020_Jan_21_1152,FaceNameBlocked_revised,3.0.0,75.0264813790655,,NaN
98,Fem1Block.csv,Julia2.mp4,Julia.JPG,Julia,15.0,F,Megan,Katie,Jessica,Julia,Brittany,Sarah,Heather,Amanda,Danielle,Emily,3.0,0.0,4.0,4.0,0.0,,,,,0.0,7.0,7.0,3.0,,,,,, julia,"['j', 'u', 'l', 'i', 'a']","[1.8559263999341056, 2.1358168569859117, 2.520246583968401, 2.8017683880170807, 3.200051079969853]",3.0,3.0,2.748123591998592,,,29,1,2020_Jan_21_1152,FaceNameBlocked_revised,3.0.0,75.0264813790655,,1.8559263
84,Fem1Block.csv,Julia2.mp4,Julia.JPG,Julia,15.0,F,Megan,Katie,Jessica,Julia,Brittany,Sarah,Heather,Amanda,Danielle,Emily,3.0,0.0,4.0,4.0,0.0,0.0,3.0,3.0,3.0,,,,,,,1.0,,,,,,,,,,,29,1,2020_Jan_21_1152,FaceNameBlocked_revised,3.0.0,75.0264813790655,,NaN
117,Male3Block.csv,Justin2.mp4,Justin.JPG,Justin,47.0,M,Brandon,Jason,Daniel,David,Justin,Mark,Aaron,Caleb,Cody,Timothy,4.0,0.0,5.0,5.0,5.0,,,,,0.0,6.0,6.0,4.0,,,,,, daniel,"['d', 'a', 'n', 'i', 'e', 'l']","[5.800285637029447, 6.626606030040421, 6.9063576880143955, 7.240141098038293, 7.853100129053928, 8.010724229039624]",1.0,2.0,4.103792629088275,,,29,1,2020_Jan_21_1152,FaceNameBlocked_revised,3.0.0,75.0264813790655,,5.8002856
102,Male3Block.csv,Justin2.mp4,Justin.JPG,Justin,47.0,M,Brandon,Jason,Daniel,David,Justin,Mark,Aaron,Caleb,Cody,Timothy,4.0,0.0,5.0,5.0,5.0,0.0,1.0,1.0,4.0,,,,,,,0.0,,,,,,,,,,,29,1,2020_Jan_21_1152,FaceNameBlocked_revised,3.0.0,75.0264813790655,,NaN
89,Fem1Block.csv,Katie2.mp4,Katie.JPG,Katie,16.0,F,Megan,Katie,Jessica,Julia,Brittany,Sarah,Heather,Amanda,Danielle,Emily,1.0,0.0,4.0,4.0,0.0,0.0,8.0,8.0,1.0,,,,,,,1.0,,,,,,,,,,,29,1,2020_Jan_21_1152,FaceNameBlocked_revised,3.0.0,75.0264813790655,,NaN
94,Fem1Block.csv,Katie2.mp4,Katie.JPG,Katie,16.0,F,Megan,Katie,Jessica,Julia,Brittany,Sarah,Heather,Amanda,Danielle,Emily,1.0,0.0,4.0,4.0,0.0,,,,,0.0,3.0,3.0,1.0,,,,,, sarah,"['s', 'a', 'r', 'a', 'h']","[2.9758987989043817, 3.268788843997754, 3.5346121379407123, 3.7087749439524487, 4.628079731948674]",1.0,5.0,8.840131067088803,,,29,1,2020_Jan_21_1152,FaceNameBlocked_revised,3.0.0,75.0264813790655,,2.9758987
62,Fem3Block.csv,Kayla3.mp4,Kayla.JPG,Kayla,17.0,F,Hannah,Olivia,Courtney,Rachel,Kayla,Kelsey,Ashley,Lauren,Grace,Jenna,4.0,0.0,3.0,3.0,2.0,0.0,1.0,1.0,4.0,,,,,,,0.0,,,,,,,,,,,29,1,2020_Jan_21_1152,FaceNameBlocked_revised,3.0.0,75.0264813790655,,NaN
73,Fem3Block.csv,Kayla3.mp4,Kayla.JPG,Kayla,17.0,F,Hannah,Olivia,Courtney,Rachel,Kayla,Kelsey,Ashley,Lauren,Grace,Jenna,4.0,0.0,3.0,3.0,2.0,,,,,0.0,2.0,2.0,4.0,,,,,, kayla ,"['j', 'backspace', 'k', 'a', 'y', 'semicolon', 'a', 'backspace', 'l', 'a', 'space', 'return']","[1.5622372989309952, 2.506391957984306, 2.8279251089552417, 3.0416213689604774, 3.2277073009172454, 3.801571992924437, 3.9344032428925857, 4.6800598439294845, 5.187758203945123, 5.294465838000178, 5.973900933982804, 8.279603402945213]",2.0,2.0,1.506747139967047,,,29,1,2020_Jan_21_1152,FaceNameBlocked_revised,3.0.0,75.0264813790655,,1.5622372
74,Fem3Block.csv,Kelsey2.mp4,Kelsey.JPG,Kelsey,18.0,F,Hannah,Olivia,Courtney,Rachel,Kayla,Kelsey,Ashley,Lauren,Grace,Jenna,5.0,0.0,3.0,3.0,2.0,,,,,0.0,3.0,3.0,5.0,,,,,, kelsey,"['c', 'backspace', 'k', 'e', 'l', 's', 'e', 'y']","[4.747203305945732, 5.640600757906213, 6.867365326965228, 7.080391586991027, 7.2404296569293365, 7.440348324016668, 7.667118047946133, 7.813854874926619]",2.0,2.0,8.666941081057303,,,29,1,2020_Jan_21_1152,FaceNameBlocked_revised,3.0.0,75.0264813790655,,4.7472033
63,Fem3Block.csv,Kelsey2.mp4,Kelsey.JPG,Kelsey,18.0,F,Hannah,Olivia,Courtney,Rachel,Kayla,Kelsey,Ashley,Lauren,Grace,Jenna,5.0,0.0,3.0,3.0,2.0,0.0,2.0,2.0,5.0,,,,,,,0.0,,,,,,,,,,,29,1,2020_Jan_21_1152,FaceNameBlocked_revised,3.0.0,75.0264813790655,,NaN
42,Male2Block.csv,Kevin2.mp4,Kevin.JPG,Kevin,48.0,M,Nathan,Thomas,Kevin,Dylan,Ethan,Eric,Kyle,Jacob,Michael,Trevor,2.0,0.0,2.0,2.0,4.0,0.0,1.0,1.0,2.0,,,,,,,1.0,,,,,,,,,,,29,1,2020_Jan_21_1152,FaceNameBlocked_revised,3.0.0,75.0264813790655,,NaN
56,Male2Block.csv,Kevin2.mp4,Kevin.JPG,Kevin,48.0,M,Nathan,Thomas,Kevin,Dylan,Ethan,Eric,Kyle,Jacob,Michael,Trevor,2.0,0.0,2.0,2.0,4.0,,,,,0.0,5.0,5.0,2.0,,,,,, kevin,"['k', 'e', 'v', 'i', 'n']","[1.8820395939983428, 2.108456386020407, 2.614987845066935, 3.01537602301687, 3.1209188969805837]",4.0,4.0,1.839927794993855,,,29,1,2020_Jan_21_1152,FaceNameBlocked_revised,3.0.0,75.0264813790655,,1.8820395
44,Male2Block.csv,Kyle3.mp4,Kyle.JPG,Kyle,49.0,M,Nathan,Thomas,Kevin,Dylan,Ethan,Eric,Kyle,Jacob,Michael,Trevor,6.0,0.0,2.0,2.0,4.0,0.0,3.0,3.0,6.0,,,,,,,0.0,,,,,,,,,,,29,1,2020_Jan_21_1152,FaceNameBlocked_revised,3.0.0,75.0264813790655,,NaN
52,Male2Block.csv,Kyle3.mp4,Kyle.JPG,Kyle,49.0,M,Nathan,Thomas,Kevin,Dylan,Ethan,Eric,Kyle,Jacob,Michael,Trevor,6.0,0.0,2.0,2.0,4.0,,,,,0.0,1.0,1.0,6.0,,,,,, kyle,"['k', 'y', 'l', 'e']","[1.7461881769122556, 2.0682677269214764, 2.548090757918544, 3.694079544977285]",1.0,1.0,1.4532268450129775,,,29,1,2020_Jan_21_1152,FaceNameBlocked_revised,3.0.0,75.0264813790655,,1.7461881
70,Fem3Block.csv,Lauren4.mp4,Lauren.JPG,Lauren,19.0,F,Hannah,Olivia,Courtney,Rachel,Kayla,Kelsey,Ashley,Lauren,Grace,Jenna,7.0,0.0,3.0,3.0,2.0,0.0,9.0,9.0,7.0,,,,,,,1.0,,,,,,,,,,,29,1,2020_Jan_21_1152,FaceNameBlocked_revised,3.0.0,75.0264813790655,,NaN
78,Fem3Block.csv,Lauren4.mp4,Lauren.JPG,Lauren,19.0,F,Hannah,Olivia,Courtney,Rachel,Kayla,Kelsey,Ashley,Lauren,Grace,Jenna,7.0,0.0,3.0,3.0,2.0,,,,,0.0,7.0,7.0,7.0,,,,,, lauren,"['l', 'a', 'u', 'r', 'e', 'n']","[2.0823151050135493, 2.2682243949966505, 2.5354077499359846, 2.8020834400085732, 2.9753284639446065, 3.4153238480212167]",4.0,4.0,2.3206170559860766,,,29,1,2020_Jan_21_1152,FaceNameBlocked_revised,3.0.0,75.0264813790655,,2.0823151
115,Male3Block.csv,Mark3.mp4,Mark.JPG,Mark,50.0,M,Brandon,Jason,Daniel,David,Justin,Mark,Aaron,Caleb,Cody,Timothy,5.0,0.0,5.0,5.0,5.0,,,,,0.0,4.0,4.0,5.0,,,,,, mark,"['m', 'a', 'r', 'k']","[2.388281391002238, 2.549134823027998, 3.0556427480187267, 3.2281714050332084]",2.0,2.0,2.5623906980035827,,,29,1,2020_Jan_21_1152,FaceNameBlocked_revised,3.0.0,75.0264813790655,,2.3882813
101,Male3Block.csv,Mark3.mp4,Mark.JPG,Mark,50.0,M,Brandon,Jason,Daniel,David,Justin,Mark,Aaron,Caleb,Cody,Timothy,5.0,0.0,5.0,5.0,5.0,0.0,0.0,0.0,5.0,,,,,,,0.0,,,,,,,,,,,29,1,2020_Jan_21_1152,FaceNameBlocked_revised,3.0.0,75.0264813790655,,NaN
31,Male1Block.csv,Matthew2.mp4,Matthew.JPG,Matthew,51.0,M,Brian,Matthew,Andrew,Adam,Josh,Noah,Tyler,Steven,Jeremy,Bradley,1.0,0.0,1.0,1.0,3.0,,,,,0.0,0.0,0.0,1.0,,,,space,2.5348656539572403, matthew,"['m', 'a', 't', 't', 'h', 'e', 'w', 'return']","[7.465873426059261, 7.626294334069826, 8.02566119004041, 8.199462352087721, 8.345329418079928, 8.54563866800163, 8.799294074997306, 9.038906604982913]",1.0,1.0,7.933847698033787,,,29,1,2020_Jan_21_1152,FaceNameBlocked_revised,3.0.0,75.0264813790655,,7.4658734
25,Male1Block.csv,Matthew2.mp4,Matthew.JPG,Matthew,51.0,M,Brian,Matthew,Andrew,Adam,Josh,Noah,Tyler,Steven,Jeremy,Bradley,1.0,0.0,1.0,1.0,3.0,0.0,4.0,4.0,1.0,,,,,,,1.0,,,,,,,,,,,29,1,2020_Jan_21_1152,FaceNameBlocked_revised,3.0.0,75.0264813790655,,NaN
90,Fem1Block.csv,Megan2.mp4,Megan.JPG,Megan,20.0,F,Megan,Katie,Jessica,Julia,Brittany,Sarah,Heather,Amanda,Danielle,Emily,0.0,0.0,4.0,4.0,0.0,0.0,9.0,9.0,0.0,,,,,,,1.0,,,,,,,,,,,29,1,2020_Jan_21_1152,FaceNameBlocked_revised,3.0.0,75.0264813790655,,NaN
92,Fem1Block.csv,Megan2.mp4,Megan.JPG,Megan,20.0,F,Megan,Katie,Jessica,Julia,Brittany,Sarah,Heather,Amanda,Danielle,Emily,0.0,0.0,4.0,4.0,0.0,,,,,0.0,1.0,1.0,0.0,,,,,, ,None,,1.0,5.0,7.319750934024341,,,29,1,2020_Jan_21_1152,FaceNameBlocked_revised,3.0.0,75.0264813790655,,NaN
45,Male2Block.csv,Michael2.mp4,Michael.JPG,Michael,52.0,M,Nathan,Thomas,Kevin,Dylan,Ethan,Eric,Kyle,Jacob,Michael,Trevor,8.0,0.0,2.0,2.0,4.0,0.0,4.0,4.0,8.0,,,,,,,0.0,,,,,,,,,,,29,1,2020_Jan_21_1152,FaceNameBlocked_revised,3.0.0,75.0264813790655,,NaN
51,Male2Block.csv,Michael2.mp4,Michael.JPG,Michael,52.0,M,Nathan,Thomas,Kevin,Dylan,Ethan,Eric,Kyle,Jacob,Michael,Trevor,8.0,0.0,2.0,2.0,4.0,,,,,0.0,0.0,0.0,8.0,,,,space,4.708179317996837, michael,"['m', 'i', 'c', 'h', 'a', 'backspace', 'backspace', 'h', 'a', 'l', 'backspace', 'e', 'l']","[3.2553906718967482, 3.5484430589713156, 3.7614820479648188, 4.081452588899992, 4.267189011909068, 4.945547405979596, 5.173640918917954, 6.213331983890384, 6.533528743893839, 6.9070443318923935, 7.372724248911254, 7.559912181925029, 7.745841407915577]",4.0,4.0,5.3074308859650055,,,29,1,2020_Jan_21_1152,FaceNameBlocked_revised,3.0.0,75.0264813790655,,3.2553906
6,Fem2Block.csv,Michelle2.mp4,Michelle.JPG,Michelle,21.0,F,Taylor,Brianna,Alyssa,Natalie,Haley,Rebecca,Shelby,Anna,Nicole,Michelle,9.0,0.0,0.0,0.0,1.0,0.0,5.0,5.0,9.0,,,,,,,0.0,,,,,,,,,,,29,1,2020_Jan_21_1152,FaceNameBlocked_revised,3.0.0,75.0264813790655,,NaN
13,Fem2Block.csv,Michelle2.mp4,Michelle.JPG,Michelle,21.0,F,Taylor,Brianna,Alyssa,Natalie,Haley,Rebecca,Shelby,Anna,Nicole,Michelle,9.0,0.0,0.0,0.0,1.0,,,,,0.0,2.0,2.0,9.0,,,,,, michelle,"['m', 'i', 'c', 'h', 'e', 'l', 'l', 'e', 'return', 'return']","[2.2684842930175364, 2.5087987220613286, 2.708656406030059, 2.855191145092249, 3.0684487520484254, 3.267613845062442, 3.3877039660001174, 3.5347123719984666, 3.734654161031358, 4.8664319140370935]",3.0,3.0,1.694987543975003,,,29,1,2020_Jan_21_1152,FaceNameBlocked_revised,3.0.0,75.0264813790655,,2.2684842
5,Fem2Block.csv,Natalie3.mp4,Natalie.JPG,Natalie,22.0,F,Taylor,Brianna,Alyssa,Natalie,Haley,Rebecca,Shelby,Anna,Nicole,Michelle,3.0,0.0,0.0,0.0,1.0,0.0,4.0,4.0,3.0,,,,,,,1.0,,,,,,,,,,,29,1,2020_Jan_21_1152,FaceNameBlocked_revised,3.0.0,75.0264813790655,,NaN
18,Fem2Block.csv,Natalie3.mp4,Natalie.JPG,Natalie,22.0,F,Taylor,Brianna,Alyssa,Natalie,Haley,Rebecca,Shelby,Anna,Nicole,Michelle,3.0,0.0,0.0,0.0,1.0,,,,,0.0,7.0,7.0,3.0,,,,,, haley,"['h', 'a', 'l', 'e', 'y']","[7.893103489070199, 8.185654759057797, 8.399103017989546, 8.652664444060065, 8.8260711140465]",2.0,5.0,7.98595647001639,,,29,1,2020_Jan_21_1152,FaceNameBlocked_revised,3.0.0,75.0264813790655,,7.8931034
43,Male2Block.csv,Nathan3.mp4,Nathan.JPG,Nathan,53.0,M,Nathan,Thomas,Kevin,Dylan,Ethan,Eric,Kyle,Jacob,Michael,Trevor,0.0,0.0,2.0,2.0,4.0,0.0,2.0,2.0,0.0,,,,,,,1.0,,,,,,,,,,,29,1,2020_Jan_21_1152,FaceNameBlocked_revised,3.0.0,75.0264813790655,,NaN
55,Male2Block.csv,Nathan3.mp4,Nathan.JPG,Nathan,53.0,M,Nathan,Thomas,Kevin,Dylan,Ethan,Eric,Kyle,Jacob,Michael,Trevor,0.0,0.0,2.0,2.0,4.0,,,,,0.0,4.0,4.0,0.0,,,,,, nathan,"['n', 'a', 't', 'h', 'a', 'n']","[3.8411877730395645, 4.025460142991506, 4.320498083950952, 4.5333000449463725, 4.680432443041354, 4.800628531957045]",1.0,1.0,8.665973669034429,,,29,1,2020_Jan_21_1152,FaceNameBlocked_revised,3.0.0,75.0264813790655,,3.8411877
10,Fem2Block.csv,Nicole2.mp4,Nicole.JPG,Nicole,23.0,F,Taylor,Brianna,Alyssa,Natalie,Haley,Rebecca,Shelby,Anna,Nicole,Michelle,8.0,0.0,0.0,0.0,1.0,0.0,9.0,9.0,8.0,,,,,,,0.0,,,,,,,,,,,29,1,2020_Jan_21_1152,FaceNameBlocked_revised,3.0.0,75.0264813790655,,NaN
11,Fem2Block.csv,Nicole2.mp4,Nicole.JPG,Nicole,23.0,F,Taylor,Brianna,Alyssa,Natalie,Haley,Rebecca,Shelby,Anna,Nicole,Michelle,8.0,0.0,0.0,0.0,1.0,,,,,0.0,0.0,0.0,8.0,,,,space,15.197907370049505, nicole,"['n', 'i', 'c', 'o', 'l', 'e', 'return', 'return']","[2.9888273329706863, 3.2814670149236917, 3.548516373964958, 3.7351839368930086, 3.9083316029282287, 4.09486642293632, 4.507588903885335, 9.22628664993681]",4.0,4.0,2.7212532010162254,,,29,1,2020_Jan_21_1152,FaceNameBlocked_revised,3.0.0,75.0264813790655,,2.9888273
28,Male1Block.csv,Noah2.mp4,Noah.JPG,Noah,54.0,M,Brian,Matthew,Andrew,Adam,Josh,Noah,Tyler,Steven,Jeremy,Bradley,5.0,0.0,1.0,1.0,3.0,0.0,7.0,7.0,5.0,,,,,,,0.0,,,,,,,,,,,29,1,2020_Jan_21_1152,FaceNameBlocked_revised,3.0.0,75.0264813790655,,NaN
34,Male1Block.csv,Noah2.mp4,Noah.JPG,Noah,54.0,M,Brian,Matthew,Andrew,Adam,Josh,Noah,Tyler,Steven,Jeremy,Bradley,5.0,0.0,1.0,1.0,3.0,,,,,0.0,3.0,3.0,5.0,,,,,, noah,"['n', 'o', 'a', 'h']","[3.1349746730411425, 3.3345278090564534, 3.5743124780710787, 3.814389556995593]",5.0,5.0,2.0149892419576645,,,29,1,2020_Jan_21_1152,FaceNameBlocked_revised,3.0.0,75.0264813790655,,3.1349746
68,Fem3Block.csv,Olivia3.mp4,Olivia.JPG,Olivia,24.0,F,Hannah,Olivia,Courtney,Rachel,Kayla,Kelsey,Ashley,Lauren,Grace,Jenna,1.0,0.0,3.0,3.0,2.0,0.0,7.0,7.0,1.0,,,,,,,1.0,,,,,,,,,,,29,1,2020_Jan_21_1152,FaceNameBlocked_revised,3.0.0,75.0264813790655,,NaN
75,Fem3Block.csv,Olivia3.mp4,Olivia.JPG,Olivia,24.0,F,Hannah,Olivia,Courtney,Rachel,Kayla,Kelsey,Ashley,Lauren,Grace,Jenna,1.0,0.0,3.0,3.0,2.0,,,,,0.0,4.0,4.0,1.0,,,,,, hannah,"['h', 'a', 'n', 'n', 'a', 'h']","[5.001014788984321, 5.227092004963197, 5.545463806949556, 5.680958497920074, 5.866783541976474, 6.01390596490819]",3.0,2.0,2.161811240017414,,,29,1,2020_Jan_21_1152,FaceNameBlocked_revised,3.0.0,75.0264813790655,,5.0010147
61,Fem3Block.csv,Rachel3.mp4,Rachel.JPG,Rachel,25.0,F,Hannah,Olivia,Courtney,Rachel,Kayla,Kelsey,Ashley,Lauren,Grace,Jenna,3.0,0.0,3.0,3.0,2.0,0.0,0.0,0.0,3.0,,,,,,,1.0,,,,,,,,,,,29,1,2020_Jan_21_1152,FaceNameBlocked_revised,3.0.0,75.0264813790655,,NaN
71,Fem3Block.csv,Rachel3.mp4,Rachel.JPG,Rachel,25.0,F,Hannah,Olivia,Courtney,Rachel,Kayla,Kelsey,Ashley,Lauren,Grace,Jenna,3.0,0.0,3.0,3.0,2.0,,,,,0.0,0.0,0.0,3.0,,,,space,2.3753013130044565, co,"['c', 'o']","[9.506794998073019, 9.853345092036761]",2.0,2.0,2.8813313699793066,,,29,1,2020_Jan_21_1152,FaceNameBlocked_revised,3.0.0,75.0264813790655,,9.5067949
17,Fem2Block.csv,Rebecca3.mp4,Rebecca.JPG,Rebecca,26.0,F,Taylor,Brianna,Alyssa,Natalie,Haley,Rebecca,Shelby,Anna,Nicole,Michelle,5.0,0.0,0.0,0.0,1.0,,,,,0.0,6.0,6.0,5.0,,,,,, alyssa,"['a', 'l', 'y', 's', 's', 'a', 'return']","[5.7737622749991715, 5.986571088898927, 6.333862265921198, 6.492715848959051, 6.626806392916478, 6.82602258794941, 7.038497919915244]",4.0,1.0,6.2939649620093405,,,29,1,2020_Jan_21_1152,FaceNameBlocked_revised,3.0.0,75.0264813790655,,5.7737622
4,Fem2Block.csv,Rebecca3.mp4,Rebecca.JPG,Rebecca,26.0,F,Taylor,Brianna,Alyssa,Natalie,Haley,Rebecca,Shelby,Anna,Nicole,Michelle,5.0,0.0,0.0,0.0,1.0,0.0,3.0,3.0,5.0,,,,,,,0.0,,,,,,,,,,,29,1,2020_Jan_21_1152,FaceNameBlocked_revised,3.0.0,75.0264813790655,,NaN
95,Fem1Block.csv,Sarah2.mp4,Sarah.JPG,Sarah,27.0,F,Megan,Katie,Jessica,Julia,Brittany,Sarah,Heather,Amanda,Danielle,Emily,5.0,0.0,4.0,4.0,0.0,,,,,0.0,4.0,4.0,5.0,,,,,, jessica,"['j', 'e', 's', 's', 'i', 'c', 'a']","[1.9358720669988543, 2.32243166398257, 2.641982406959869, 2.761512306984514, 3.2154624180402607, 3.5353432380361483, 3.9614413080271333]",4.0,5.0,4.347683280939236,,,29,1,2020_Jan_21_1152,FaceNameBlocked_revised,3.0.0,75.0264813790655,,1.9358720
83,Fem1Block.csv,Sarah2.mp4,Sarah.JPG,Sarah,27.0,F,Megan,Katie,Jessica,Julia,Brittany,Sarah,Heather,Amanda,Danielle,Emily,5.0,0.0,4.0,4.0,0.0,0.0,2.0,2.0,5.0,,,,,,,0.0,,,,,,,,,,,29,1,2020_Jan_21_1152,FaceNameBlocked_revised,3.0.0,75.0264813790655,,NaN
3,Fem2Block.csv,Shelby2.mp4,Shelby.JPG,Shelby,28.0,F,Taylor,Brianna,Alyssa,Natalie,Haley,Rebecca,Shelby,Anna,Nicole,Michelle,6.0,0.0,0.0,0.0,1.0,0.0,2.0,2.0,6.0,,,,,,,0.0,,,,,,,,,,,29,1,2020_Jan_21_1152,FaceNameBlocked_revised,3.0.0,75.0264813790655,,NaN
15,Fem2Block.csv,Shelby2.mp4,Shelby.JPG,Shelby,28.0,F,Taylor,Brianna,Alyssa,Natalie,Haley,Rebecca,Shelby,Anna,Nicole,Michelle,6.0,0.0,0.0,0.0,1.0,,,,,0.0,4.0,4.0,6.0,,,,,, haley,"['h', 'a', 'l', 'e', 'y', 'return']","[3.2409913080045953, 3.7740118260262534, 4.027408224996179, 4.253587356070057, 4.507305490085855, 5.933052882086486]",3.0,3.0,6.266770898015237,,,29,1,2020_Jan_21_1152,FaceNameBlocked_revised,3.0.0,75.0264813790655,,3.2409913
37,Male1Block.csv,Steven2.mp4,Steven.JPG,Steven,55.0,M,Brian,Matthew,Andrew,Adam,Josh,Noah,Tyler,Steven,Jeremy,Bradley,7.0,0.0,1.0,1.0,3.0,,,,,0.0,6.0,6.0,7.0,,,,,, ,None,,4.0,2.0,2.9348572819726537,,,29,1,2020_Jan_21_1152,FaceNameBlocked_revised,3.0.0,75.0264813790655,,NaN
26,Male1Block.csv,Steven2.mp4,Steven.JPG,Steven,55.0,M,Brian,Matthew,Andrew,Adam,Josh,Noah,Tyler,Steven,Jeremy,Bradley,7.0,0.0,1.0,1.0,3.0,0.0,5.0,5.0,7.0,,,,,,,1.0,,,,,,,,,,,29,1,2020_Jan_21_1152,FaceNameBlocked_revised,3.0.0,75.0264813790655,,NaN
8,Fem2Block.csv,Taylor4.mp4,Taylor.JPG,Taylor,29.0,F,Taylor,Brianna,Alyssa,Natalie,Haley,Rebecca,Shelby,Anna,Nicole,Michelle,0.0,0.0,0.0,0.0,1.0,0.0,7.0,7.0,0.0,,,,,,,1.0,,,,,,,,,,,29,1,2020_Jan_21_1152,FaceNameBlocked_revised,3.0.0,75.0264813790655,,NaN
12,Fem2Block.csv,Taylor4.mp4,Taylor.JPG,Taylor,29.0,F,Taylor,Brianna,Alyssa,Natalie,Haley,Rebecca,Shelby,Anna,Nicole,Michelle,0.0,0.0,0.0,0.0,1.0,,,,,0.0,1.0,1.0,0.0,,,,,, taylor ,"['t', 'a', 'y', 'l', 'o', 'r', 'return', 'space', 'return']","[1.7747705590445548, 1.9747175939846784, 2.214651811053045, 2.7472260940121487, 3.00117694796063, 3.161094233044423, 3.4405685539823025, 5.599864596966654, 9.438469948945567]",4.0,4.0,2.0275476910173893,,,29,1,2020_Jan_21_1152,FaceNameBlocked_revised,3.0.0,75.0264813790655,,1.7747705
59,Male2Block.csv,Thomas2.mp4,Thomas.JPG,Thomas,56.0,M,Nathan,Thomas,Kevin,Dylan,Ethan,Eric,Kyle,Jacob,Michael,Trevor,1.0,0.0,2.0,2.0,4.0,,,,,0.0,8.0,8.0,1.0,,,,,, dylan,"['d', 'y', 'l', 'a', 'n']","[4.228202202939428, 4.441054938011803, 4.732668829965405, 5.081132450024597, 5.707215606002137]",5.0,1.0,3.9085793800186366,,,29,1,2020_Jan_21_1152,FaceNameBlocked_revised,3.0.0,75.0264813790655,,4.2282022
50,Male2Block.csv,Thomas2.mp4,Thomas.JPG,Thomas,56.0,M,Nathan,Thomas,Kevin,Dylan,Ethan,Eric,Kyle,Jacob,Michael,Trevor,1.0,0.0,2.0,2.0,4.0,0.0,9.0,9.0,1.0,,,,,,,1.0,,,,,,,,,,,29,1,2020_Jan_21_1152,FaceNameBlocked_revised,3.0.0,75.0264813790655,,NaN
106,Male3Block.csv,Timothy3.mp4,Timothy.JPG,Timothy,57.0,M,Brandon,Jason,Daniel,David,Justin,Mark,Aaron,Caleb,Cody,Timothy,9.0,0.0,5.0,5.0,5.0,0.0,5.0,5.0,9.0,,,,,,,0.0,,,,,,,,,,,29,1,2020_Jan_21_1152,FaceNameBlocked_revised,3.0.0,75.0264813790655,,NaN
118,Male3Block.csv,Timothy3.mp4,Timothy.JPG,Timothy,57.0,M,Brandon,Jason,Daniel,David,Justin,Mark,Aaron,Caleb,Cody,Timothy,9.0,0.0,5.0,5.0,5.0,,,,,0.0,7.0,7.0,9.0,,,,,, timothy,"['t', 'i', 'm', 'o', 't', 'h', 'y']","[3.228884176001884, 3.468746972968802, 3.668657426023856, 3.9484501120168716, 4.174925466999412, 4.295093616005033, 4.654784169048071]",3.0,5.0,1.9495316969696432,,,29,1,2020_Jan_21_1152,FaceNameBlocked_revised,3.0.0,75.0264813790655,,3.2288841
49,Male2Block.csv,Trevor2.mp4,Trevor.JPG,Trevor,58.0,M,Nathan,Thomas,Kevin,Dylan,Ethan,Eric,Kyle,Jacob,Michael,Trevor,9.0,0.0,2.0,2.0,4.0,0.0,8.0,8.0,9.0,,,,,,,0.0,,,,,,,,,,,29,1,2020_Jan_21_1152,FaceNameBlocked_revised,3.0.0,75.0264813790655,,NaN
57,Male2Block.csv,Trevor2.mp4,Trevor.JPG,Trevor,58.0,M,Nathan,Thomas,Kevin,Dylan,Ethan,Eric,Kyle,Jacob,Michael,Trevor,9.0,0.0,2.0,2.0,4.0,,,,,0.0,6.0,6.0,9.0,,,,,, ethan,"['e', 't', 'h', 'a', 'n']","[8.47985880007036, 8.8240609819768, 9.053369672968984, 9.399404571042396, 9.891932197031565]",2.0,2.0,5.32089996302966,,,29,1,2020_Jan_21_1152,FaceNameBlocked_revised,3.0.0,75.0264813790655,,8.4798588
35,Male1Block.csv,Tyler3.mp4,Tyler.JPG,Tyler,59.0,M,Brian,Matthew,Andrew,Adam,Josh,Noah,Tyler,Steven,Jeremy,Bradley,6.0,0.0,1.0,1.0,3.0,,,,,0.0,4.0,4.0,6.0,,,,,, steven,"['s', 't', 'e', 'v', 'e', 'n']","[2.575530589092523, 2.735457455040887, 2.9479565790388733, 3.5351584519958124, 3.895046516088769, 4.28116785408929]",4.0,2.0,6.173293375992216,,,29,1,2020_Jan_21_1152,FaceNameBlocked_revised,3.0.0,75.0264813790655,,2.5755305
24,Male1Block.csv,Tyler3.mp4,Tyler.JPG,Tyler,59.0,M,Brian,Matthew,Andrew,Adam,Josh,Noah,Tyler,Steven,Jeremy,Bradley,6.0,0.0,1.0,1.0,3.0,0.0,3.0,3.0,6.0,,,,,,,0.0,,,,,,,,,,,29,1,2020_Jan_21_1152,FaceNameBlocked_revised,3.0.0,75.0264813790655,,NaN
0,,,,,,,,,,,,,,,,,,,,,,,,,,,,,,space,416.7339875210309,,,,,,,,,,,,29,1,2020_Jan_21_1152,FaceNameBlocked_revised,3.0.0,75.0264813790655,,NaN
121,,,,,,,,,,,,,,,,,,,,,,,,,,,,,,,,,,,,,,,,,space,649.2557031320175,29,1,2020_Jan_21_1152,FaceNameBlocked_revised,3.0.0,75.0264813790655,,NaN
