,condsBlockFile,Video,Photo,Name,Row,Gender,N1,N2,N3,N4,N5,N6,N7,N8,N9,N10,Row2,blocks.thisRepN,blocks.thisTrialN,blocks.thisN,blocks.thisIndex,presentations.thisRepN,presentations.thisTrialN,presentations.thisN,presentations.thisIndex,testing.thisRepN,testing.thisTrialN,testing.thisN,testing.thisIndex,advance_1.keys,advance_1.rt,currentCond,advance_2.keys,advance_2.rt,inputText,key_resp_3.keys,key_resp_3.rt,correctRecogSelection,keyResponse.keys,keyResponse.rt,end_key.keys,end_key.rt,participant,session,date,expName,psychopyVersion,frameRate,Unnamed: 48,key_resp3_fin
32,Male3Block.csv,Aaron2.mp4,Aaron.JPG,Aaron,30.0,M,David,Brian,Cody,Trevor,Kevin,Timothy,Adam,Thomas,Aaron,Jeremy,8.0,0.0,1.0,1.0,5.0,,,,,0.0,1.0,1.0,8.0,,,,,, David,"['rshift', 'd', 'a', 'v', 'i', 'd']","[2.8930038689868525, 3.0945650769863278, 3.2363061209907755, 3.447691094945185, 3.6478101620450616, 3.8125742620322853]",4.0,3.0,1.8719003959558904,,,52,1,2020_Feb_07_1108,FaceNameBlocked_revised,3.0.0,84.96355015667264,,2.8930038
28,Male3Block.csv,Aaron2.mp4,Aaron.JPG,Aaron,30.0,M,David,Brian,Cody,Trevor,Kevin,Timothy,Adam,Thomas,Aaron,Jeremy,8.0,0.0,1.0,1.0,5.0,0.0,7.0,7.0,8.0,,,,,,,1.0,,,,,,,,,,,52,1,2020_Feb_07_1108,FaceNameBlocked_revised,3.0.0,84.96355015667264,,NaN
27,Male3Block.csv,Adam4.mp4,Adam.JPG,Adam,31.0,M,David,Brian,Cody,Trevor,Kevin,Timothy,Adam,Thomas,Aaron,Jeremy,6.0,0.0,1.0,1.0,5.0,0.0,6.0,6.0,6.0,,,,,,,1.0,,,,,,,,,,,52,1,2020_Feb_07_1108,FaceNameBlocked_revised,3.0.0,84.96355015667264,,NaN
31,Male3Block.csv,Adam4.mp4,Adam.JPG,Adam,31.0,M,David,Brian,Cody,Trevor,Kevin,Timothy,Adam,Thomas,Aaron,Jeremy,6.0,0.0,1.0,1.0,5.0,,,,,0.0,0.0,0.0,6.0,,,,space,3.0490380950504914, Adam,"['rshift', 'a', 'd', 'a', 'm']","[2.9527072820346802, 3.107340425020084, 3.342201384017244, 3.4835699510294944, 4.295133601059206]",1.0,1.0,1.4016957889543846,,,52,1,2020_Feb_07_1108,FaceNameBlocked_revised,3.0.0,84.96355015667264,,2.9527072
78,Fem2Block.csv,Alyssa3.mp4,Alyssa.JPG,Alyssa,0.0,F,Michelle,Kelsey,Ashley,Shelby,Brittany,Haley,Sarah,Alyssa,Kayla,Rebecca,7.0,0.0,3.0,3.0,1.0,,,,,0.0,7.0,7.0,7.0,,,,,, ,None,,1.0,3.0,5.048009496997111,,,52,1,2020_Feb_07_1108,FaceNameBlocked_revised,3.0.0,84.96355015667264,,NaN
62,Fem2Block.csv,Alyssa3.mp4,Alyssa.JPG,Alyssa,0.0,F,Michelle,Kelsey,Ashley,Shelby,Brittany,Haley,Sarah,Alyssa,Kayla,Rebecca,7.0,0.0,3.0,3.0,1.0,0.0,1.0,1.0,7.0,,,,,,,0.0,,,,,,,,,,,52,1,2020_Feb_07_1108,FaceNameBlocked_revised,3.0.0,84.96355015667264,,NaN
14,Fem1Block.csv,Amanda3.mp4,Amanda.JPG,Amanda,1.0,F,Amanda,Julia,Danielle,Brianna,Hannah,Nicole,Katie,Olivia,Rachel,Emily,0.0,0.0,0.0,0.0,0.0,,,,,0.0,3.0,3.0,0.0,,,,,, ,None,,4.0,4.0,3.0252898699836805,,,52,1,2020_Feb_07_1108,FaceNameBlocked_revised,3.0.0,84.96355015667264,,NaN
2,Fem1Block.csv,Amanda3.mp4,Amanda.JPG,Amanda,1.0,F,Amanda,Julia,Danielle,Brianna,Hannah,Nicole,Katie,Olivia,Rachel,Emily,0.0,0.0,0.0,0.0,0.0,0.0,1.0,1.0,0.0,,,,,,,0.0,,,,,,,,,,,52,1,2020_Feb_07_1108,FaceNameBlocked_revised,3.0.0,84.96355015667264,,NaN
98,Male2Block.csv,Andrew2.mp4,Andrew.JPG,Andrew,32.0,M,Eric,Justin,Daniel,Andrew,Brandon,Kyle,Ethan,Nathan,Steven,Josh,3.0,0.0,4.0,4.0,4.0,,,,,0.0,7.0,7.0,3.0,,,,,, ,None,,4.0,4.0,2.6352788009680808,,,52,1,2020_Feb_07_1108,FaceNameBlocked_revised,3.0.0,84.96355015667264,,NaN
88,Male2Block.csv,Andrew2.mp4,Andrew.JPG,Andrew,32.0,M,Eric,Justin,Daniel,Andrew,Brandon,Kyle,Ethan,Nathan,Steven,Josh,3.0,0.0,4.0,4.0,4.0,0.0,7.0,7.0,3.0,,,,,,,0.0,,,,,,,,,,,52,1,2020_Feb_07_1108,FaceNameBlocked_revised,3.0.0,84.96355015667264,,NaN
56,Fem3Block.csv,Anna3.mp4,Anna.JPG,Anna,2.0,F,Jessica,Natalie,Courtney,Megan,Anna,Jenna,Lauren,Taylor,Heather,Grace,4.0,0.0,2.0,2.0,2.0,,,,,0.0,5.0,5.0,4.0,,,,,, Anna,"['rshift', 'a', 'n', 'n', 'a']","[1.258846850018017, 1.506401531980373, 2.012883257935755, 2.2013513559941202, 2.4128198359394446]",4.0,4.0,2.5428831219905987,,,52,1,2020_Feb_07_1108,FaceNameBlocked_revised,3.0.0,84.96355015667264,,1.2588468
47,Fem3Block.csv,Anna3.mp4,Anna.JPG,Anna,2.0,F,Jessica,Natalie,Courtney,Megan,Anna,Jenna,Lauren,Taylor,Heather,Grace,4.0,0.0,2.0,2.0,2.0,0.0,6.0,6.0,4.0,,,,,,,0.0,,,,,,,,,,,52,1,2020_Feb_07_1108,FaceNameBlocked_revised,3.0.0,84.96355015667264,,NaN
65,Fem2Block.csv,Ashley3.mp4,Ashley.JPG,Ashley,3.0,F,Michelle,Kelsey,Ashley,Shelby,Brittany,Haley,Sarah,Alyssa,Kayla,Rebecca,2.0,0.0,3.0,3.0,1.0,0.0,4.0,4.0,2.0,,,,,,,1.0,,,,,,,,,,,52,1,2020_Feb_07_1108,FaceNameBlocked_revised,3.0.0,84.96355015667264,,NaN
77,Fem2Block.csv,Ashley3.mp4,Ashley.JPG,Ashley,3.0,F,Michelle,Kelsey,Ashley,Shelby,Brittany,Haley,Sarah,Alyssa,Kayla,Rebecca,2.0,0.0,3.0,3.0,1.0,,,,,0.0,6.0,6.0,2.0,,,,,, ,None,,1.0,1.0,3.6574357609497374,,,52,1,2020_Feb_07_1108,FaceNameBlocked_revised,3.0.0,84.96355015667264,,NaN
108,Male1Block.csv,Bradley3.mp4,Bradley.JPG,Bradley,33.0,M,Tyler,Matthew,Dylan,Caleb,Jason,Michael,Mark,Bradley,Jacob,Noah,7.0,0.0,5.0,5.0,3.0,0.0,7.0,7.0,7.0,,,,,,,0.0,,,,,,,,,,,52,1,2020_Feb_07_1108,FaceNameBlocked_revised,3.0.0,84.96355015667264,,NaN
112,Male1Block.csv,Bradley3.mp4,Bradley.JPG,Bradley,33.0,M,Tyler,Matthew,Dylan,Caleb,Jason,Michael,Mark,Bradley,Jacob,Noah,7.0,0.0,5.0,5.0,3.0,,,,,0.0,1.0,1.0,7.0,,,,,, Bradley,"['rshift', 'b', 'r', 'a', 'd', 'l', 'e', 'y']","[1.271758678019978, 1.4606426900718361, 1.6027637720108032, 1.7087892700219527, 1.908736524055712, 2.049372873036191, 2.1786386109888554, 2.3292993400245905]",4.0,4.0,2.8498893879586835,,,52,1,2020_Feb_07_1108,FaceNameBlocked_revised,3.0.0,84.96355015667264,,1.2717586
95,Male2Block.csv,Brandon2.mp4,Brandon.JPG,Brandon,34.0,M,Eric,Justin,Daniel,Andrew,Brandon,Kyle,Ethan,Nathan,Steven,Josh,4.0,0.0,4.0,4.0,4.0,,,,,0.0,4.0,4.0,4.0,,,,,, Ethan,"['rshift', 'e', 't', 'h', 'a', 'n']","[4.95324041810818, 5.1522183490451425, 5.389730007038452, 5.460689612082206, 5.871475153020583, 6.001168265007436]",1.0,1.0,3.0722751830471684,,,52,1,2020_Feb_07_1108,FaceNameBlocked_revised,3.0.0,84.96355015667264,,4.9532404
85,Male2Block.csv,Brandon2.mp4,Brandon.JPG,Brandon,34.0,M,Eric,Justin,Daniel,Andrew,Brandon,Kyle,Ethan,Nathan,Steven,Josh,4.0,0.0,4.0,4.0,4.0,0.0,4.0,4.0,4.0,,,,,,,0.0,,,,,,,,,,,52,1,2020_Feb_07_1108,FaceNameBlocked_revised,3.0.0,84.96355015667264,,NaN
24,Male3Block.csv,Brian2.mp4,Brian.JPG,Brian,35.0,M,David,Brian,Cody,Trevor,Kevin,Timothy,Adam,Thomas,Aaron,Jeremy,1.0,0.0,1.0,1.0,5.0,0.0,3.0,3.0,1.0,,,,,,,1.0,,,,,,,,,,,52,1,2020_Feb_07_1108,FaceNameBlocked_revised,3.0.0,84.96355015667264,,NaN
34,Male3Block.csv,Brian2.mp4,Brian.JPG,Brian,35.0,M,David,Brian,Cody,Trevor,Kevin,Timothy,Adam,Thomas,Aaron,Jeremy,1.0,0.0,1.0,1.0,5.0,,,,,0.0,3.0,3.0,1.0,,,,,, Thomas,"['rshift', 't', 'h', 'o', 'm', 'a', 's']","[5.329176489962265, 5.577826950000599, 5.977816347964108, 6.200684102019295, 6.459753202041611, 6.624701280030422, 6.765187570010312]",1.0,4.0,3.5194092999445274,,,52,1,2020_Feb_07_1108,FaceNameBlocked_revised,3.0.0,84.96355015667264,,5.3291764
12,Fem1Block.csv,Brianna2.mp4,Brianna.JPG,Brianna,4.0,F,Amanda,Julia,Danielle,Brianna,Hannah,Nicole,Katie,Olivia,Rachel,Emily,3.0,0.0,0.0,0.0,0.0,,,,,0.0,1.0,1.0,3.0,,,,,, Emily ,"['rshift', 'e', 'm', 'i', 'l', 'y', 'space']","[2.0458169180201367, 2.247558622038923, 2.505883833975531, 2.7511865210253745, 2.8819684910122305, 3.141264676931314, 6.799185115960427]",5.0,2.0,6.2946419280488035,,,52,1,2020_Feb_07_1108,FaceNameBlocked_revised,3.0.0,84.96355015667264,,2.0458169
6,Fem1Block.csv,Brianna2.mp4,Brianna.JPG,Brianna,4.0,F,Amanda,Julia,Danielle,Brianna,Hannah,Nicole,Katie,Olivia,Rachel,Emily,3.0,0.0,0.0,0.0,0.0,0.0,5.0,5.0,3.0,,,,,,,0.0,,,,,,,,,,,52,1,2020_Feb_07_1108,FaceNameBlocked_revised,3.0.0,84.96355015667264,,NaN
72,Fem2Block.csv,Brittany2.mp4,Brittany.JPG,Brittany,5.0,F,Michelle,Kelsey,Ashley,Shelby,Brittany,Haley,Sarah,Alyssa,Kayla,Rebecca,4.0,0.0,3.0,3.0,1.0,,,,,0.0,1.0,1.0,4.0,,,,,, ,['rshift'],[1.6107289920328185],4.0,4.0,1.7429549710359424,,,52,1,2020_Feb_07_1108,FaceNameBlocked_revised,3.0.0,84.96355015667264,,1.6107289
64,Fem2Block.csv,Brittany2.mp4,Brittany.JPG,Brittany,5.0,F,Michelle,Kelsey,Ashley,Shelby,Brittany,Haley,Sarah,Alyssa,Kayla,Rebecca,4.0,0.0,3.0,3.0,1.0,0.0,3.0,3.0,4.0,,,,,,,0.0,,,,,,,,,,,52,1,2020_Feb_07_1108,FaceNameBlocked_revised,3.0.0,84.96355015667264,,NaN
114,Male1Block.csv,Caleb5.mp4,Caleb.JPG,Caleb,36.0,M,Tyler,Matthew,Dylan,Caleb,Jason,Michael,Mark,Bradley,Jacob,Noah,3.0,0.0,5.0,5.0,3.0,,,,,0.0,3.0,3.0,3.0,,,,,, Caleb,"['rshift', 'c', 'a', 'l', 'e', 'b']","[1.5996783289592713, 1.8475268969777972, 1.9539866319391876, 2.1306468619732186, 2.3299638679018244, 2.4714542869478464]",1.0,1.0,3.291801296989433,,,52,1,2020_Feb_07_1108,FaceNameBlocked_revised,3.0.0,84.96355015667264,,1.5996783
109,Male1Block.csv,Caleb5.mp4,Caleb.JPG,Caleb,36.0,M,Tyler,Matthew,Dylan,Caleb,Jason,Michael,Mark,Bradley,Jacob,Noah,3.0,0.0,5.0,5.0,3.0,0.0,8.0,8.0,3.0,,,,,,,0.0,,,,,,,,,,,52,1,2020_Feb_07_1108,FaceNameBlocked_revised,3.0.0,84.96355015667264,,NaN
33,Male3Block.csv,Cody2.mp4,Cody.JPG,Cody,37.0,M,David,Brian,Cody,Trevor,Kevin,Timothy,Adam,Thomas,Aaron,Jeremy,2.0,0.0,1.0,1.0,5.0,,,,,0.0,2.0,2.0,2.0,,,,,, Cody,"['rshift', 'c', 'o', 'd', 'y']","[2.3772828379878774, 2.5672280519502237, 2.8372651969548315, 2.9427966909715906, 3.0610695829382166]",2.0,2.0,1.9546769290464,,,52,1,2020_Feb_07_1108,FaceNameBlocked_revised,3.0.0,84.96355015667264,,2.3772828
30,Male3Block.csv,Cody2.mp4,Cody.JPG,Cody,37.0,M,David,Brian,Cody,Trevor,Kevin,Timothy,Adam,Thomas,Aaron,Jeremy,2.0,0.0,1.0,1.0,5.0,0.0,9.0,9.0,2.0,,,,,,,1.0,,,,,,,,,,,52,1,2020_Feb_07_1108,FaceNameBlocked_revised,3.0.0,84.96355015667264,,NaN
55,Fem3Block.csv,Courtney2.mp4,Courtney.JPG,Courtney,6.0,F,Jessica,Natalie,Courtney,Megan,Anna,Jenna,Lauren,Taylor,Heather,Grace,2.0,0.0,2.0,2.0,2.0,,,,,0.0,4.0,4.0,2.0,,,,,, Courtney,"['rshift', 'c', 'o', 'i', 'u', 'backspace', 'backspace', 'u', 'r', 't', 'n', 'e', 'y']","[3.329327180981636, 4.1305526189971715, 4.495036681066267, 4.510646062088199, 4.7182739729760215, 5.106280461070128, 5.2473485940136015, 5.730212901020423, 5.858817648026161, 6.057495132088661, 6.153880713973194, 6.281322630005889, 6.95333282800857]",2.0,2.0,1.2938782989513131,,,52,1,2020_Feb_07_1108,FaceNameBlocked_revised,3.0.0,84.96355015667264,,3.3293271
46,Fem3Block.csv,Courtney2.mp4,Courtney.JPG,Courtney,6.0,F,Jessica,Natalie,Courtney,Megan,Anna,Jenna,Lauren,Taylor,Heather,Grace,2.0,0.0,2.0,2.0,2.0,0.0,5.0,5.0,2.0,,,,,,,1.0,,,,,,,,,,,52,1,2020_Feb_07_1108,FaceNameBlocked_revised,3.0.0,84.96355015667264,,NaN
97,Male2Block.csv,Daniel3.mp4,Daniel.JPG,Daniel,38.0,M,Eric,Justin,Daniel,Andrew,Brandon,Kyle,Ethan,Nathan,Steven,Josh,2.0,0.0,4.0,4.0,4.0,,,,,0.0,6.0,6.0,2.0,,,,,, Daniel,"['rshift', 'd', 'a', 'n', 'i', 'e', 'l']","[2.4576291259145364, 2.6249941419810057, 2.8367634179303423, 2.942386690992862, 3.1778166119474918, 3.353887347970158, 3.4833027080167085]",1.0,1.0,1.5905738780274987,,,52,1,2020_Feb_07_1108,FaceNameBlocked_revised,3.0.0,84.96355015667264,,2.4576291
89,Male2Block.csv,Daniel3.mp4,Daniel.JPG,Daniel,38.0,M,Eric,Justin,Daniel,Andrew,Brandon,Kyle,Ethan,Nathan,Steven,Josh,2.0,0.0,4.0,4.0,4.0,0.0,8.0,8.0,2.0,,,,,,,1.0,,,,,,,,,,,52,1,2020_Feb_07_1108,FaceNameBlocked_revised,3.0.0,84.96355015667264,,NaN
11,Fem1Block.csv,Danielle2.mp4,Danielle.JPG,Danielle,7.0,F,Amanda,Julia,Danielle,Brianna,Hannah,Nicole,Katie,Olivia,Rachel,Emily,2.0,0.0,0.0,0.0,0.0,,,,,0.0,0.0,0.0,2.0,,,,space,11.25806776492391, Katie ,"['rshift', 'k', 'a', 't', 'i', 'e', 'return', 'space']","[3.3996624330757186, 3.6252078680554405, 4.012953115976416, 5.4123145720222965, 5.56523556006141, 5.835153168998659, 8.140671406057663, 8.882272790069692]",3.0,3.0,5.295673921937123,,,52,1,2020_Feb_07_1108,FaceNameBlocked_revised,3.0.0,84.96355015667264,,3.3996624
7,Fem1Block.csv,Danielle2.mp4,Danielle.JPG,Danielle,7.0,F,Amanda,Julia,Danielle,Brianna,Hannah,Nicole,Katie,Olivia,Rachel,Emily,2.0,0.0,0.0,0.0,0.0,0.0,6.0,6.0,2.0,,,,,,,1.0,,,,,,,,,,,52,1,2020_Feb_07_1108,FaceNameBlocked_revised,3.0.0,84.96355015667264,,NaN
29,Male3Block.csv,David2.mp4,David.JPG,David,39.0,M,David,Brian,Cody,Trevor,Kevin,Timothy,Adam,Thomas,Aaron,Jeremy,0.0,0.0,1.0,1.0,5.0,0.0,8.0,8.0,0.0,,,,,,,0.0,,,,,,,,,,,52,1,2020_Feb_07_1108,FaceNameBlocked_revised,3.0.0,84.96355015667264,,NaN
37,Male3Block.csv,David2.mp4,David.JPG,David,39.0,M,David,Brian,Cody,Trevor,Kevin,Timothy,Adam,Thomas,Aaron,Jeremy,0.0,0.0,1.0,1.0,5.0,,,,,0.0,6.0,6.0,0.0,,,,,, Aaron,"['rshift', 'a', 'a', 'r', 'o', 'n']","[4.2685570899629965, 4.552465202985331, 4.811365413945168, 4.976443881983869, 5.469915110967122, 5.623044632957317]",3.0,1.0,5.069648806937039,,,52,1,2020_Feb_07_1108,FaceNameBlocked_revised,3.0.0,84.96355015667264,,4.2685570
113,Male1Block.csv,Dylan3.mp4,Dylan.JPG,Dylan,40.0,M,Tyler,Matthew,Dylan,Caleb,Jason,Michael,Mark,Bradley,Jacob,Noah,2.0,0.0,5.0,5.0,3.0,,,,,0.0,2.0,2.0,2.0,,,,,, Matthew,"['rshift', 'm', 'a', 't', 'h', 'r', 'e', 'w', 'backspace', 'backspace', 'backspace', 'e', 'w', 'backspace', 'backspace', 'backspace', 't', 'e', 'backspace', 'h', 'e', 'w']","[2.0237547570141032, 2.225115967914462, 2.389650658937171, 2.52904401300475, 3.0485078169731423, 3.189027569955215, 3.272045681020245, 3.354176867986098, 3.7647276259958744, 3.9048732559895143, 4.024096234003082, 4.213329266989604, 4.305032696924172, 5.047506925999187, 5.199731513974257, 5.329459275002591, 5.777174538932741, 5.976942960987799, 6.399362933007069, 6.753517771954648, 6.856718395021744, 7.50595268199686]",1.0,1.0,7.788434134912678,,,52,1,2020_Feb_07_1108,FaceNameBlocked_revised,3.0.0,84.96355015667264,,2.0237547
102,Male1Block.csv,Dylan3.mp4,Dylan.JPG,Dylan,40.0,M,Tyler,Matthew,Dylan,Caleb,Jason,Michael,Mark,Bradley,Jacob,Noah,2.0,0.0,5.0,5.0,3.0,0.0,1.0,1.0,2.0,,,,,,,1.0,,,,,,,,,,,52,1,2020_Feb_07_1108,FaceNameBlocked_revised,3.0.0,84.96355015667264,,NaN
18,Fem1Block.csv,Emily5.mp4,Emily.JPG,Emily,8.0,F,Amanda,Julia,Danielle,Brianna,Hannah,Nicole,Katie,Olivia,Rachel,Emily,9.0,0.0,0.0,0.0,0.0,,,,,0.0,7.0,7.0,9.0,,,,,, ,None,,1.0,4.0,7.576897294027732,,,52,1,2020_Feb_07_1108,FaceNameBlocked_revised,3.0.0,84.96355015667264,,NaN
9,Fem1Block.csv,Emily5.mp4,Emily.JPG,Emily,8.0,F,Amanda,Julia,Danielle,Brianna,Hannah,Nicole,Katie,Olivia,Rachel,Emily,9.0,0.0,0.0,0.0,0.0,0.0,8.0,8.0,9.0,,,,,,,0.0,,,,,,,,,,,52,1,2020_Feb_07_1108,FaceNameBlocked_revised,3.0.0,84.96355015667264,,NaN
87,Male2Block.csv,Eric2.mp4,Eric.JPG,Eric,41.0,M,Eric,Justin,Daniel,Andrew,Brandon,Kyle,Ethan,Nathan,Steven,Josh,0.0,0.0,4.0,4.0,4.0,0.0,6.0,6.0,0.0,,,,,,,0.0,,,,,,,,,,,52,1,2020_Feb_07_1108,FaceNameBlocked_revised,3.0.0,84.96355015667264,,NaN
99,Male2Block.csv,Eric2.mp4,Eric.JPG,Eric,41.0,M,Eric,Justin,Daniel,Andrew,Brandon,Kyle,Ethan,Nathan,Steven,Josh,0.0,0.0,4.0,4.0,4.0,,,,,0.0,8.0,8.0,0.0,,,,,, ,None,,4.0,2.0,3.6013313889270653,,,52,1,2020_Feb_07_1108,FaceNameBlocked_revised,3.0.0,84.96355015667264,,NaN
83,Male2Block.csv,Ethan2.mp4,Ethan.JPG,Ethan,42.0,M,Eric,Justin,Daniel,Andrew,Brandon,Kyle,Ethan,Nathan,Steven,Josh,6.0,0.0,4.0,4.0,4.0,0.0,2.0,2.0,6.0,,,,,,,1.0,,,,,,,,,,,52,1,2020_Feb_07_1108,FaceNameBlocked_revised,3.0.0,84.96355015667264,,NaN
93,Male2Block.csv,Ethan2.mp4,Ethan.JPG,Ethan,42.0,M,Eric,Justin,Daniel,Andrew,Brandon,Kyle,Ethan,Nathan,Steven,Josh,6.0,0.0,4.0,4.0,4.0,,,,,0.0,2.0,2.0,6.0,,,,,, ,None,,4.0,2.0,3.731142062926665,,,52,1,2020_Feb_07_1108,FaceNameBlocked_revised,3.0.0,84.96355015667264,,NaN
52,Fem3Block.csv,Grace3.mp4,Grace.JPG,Grace,9.0,F,Jessica,Natalie,Courtney,Megan,Anna,Jenna,Lauren,Taylor,Heather,Grace,9.0,0.0,2.0,2.0,2.0,,,,,0.0,1.0,1.0,9.0,,,,,, ,None,,3.0,4.0,2.7898707230342548,,,52,1,2020_Feb_07_1108,FaceNameBlocked_revised,3.0.0,84.96355015667264,,NaN
44,Fem3Block.csv,Grace3.mp4,Grace.JPG,Grace,9.0,F,Jessica,Natalie,Courtney,Megan,Anna,Jenna,Lauren,Taylor,Heather,Grace,9.0,0.0,2.0,2.0,2.0,0.0,3.0,3.0,9.0,,,,,,,0.0,,,,,,,,,,,52,1,2020_Feb_07_1108,FaceNameBlocked_revised,3.0.0,84.96355015667264,,NaN
73,Fem2Block.csv,Haley2.mp4,Haley.JPG,Haley,10.0,F,Michelle,Kelsey,Ashley,Shelby,Brittany,Haley,Sarah,Alyssa,Kayla,Rebecca,5.0,0.0,3.0,3.0,1.0,,,,,0.0,2.0,2.0,5.0,,,,,, ,None,,1.0,3.0,4.24822316900827,,,52,1,2020_Feb_07_1108,FaceNameBlocked_revised,3.0.0,84.96355015667264,,NaN
69,Fem2Block.csv,Haley2.mp4,Haley.JPG,Haley,10.0,F,Michelle,Kelsey,Ashley,Shelby,Brittany,Haley,Sarah,Alyssa,Kayla,Rebecca,5.0,0.0,3.0,3.0,1.0,0.0,8.0,8.0,5.0,,,,,,,1.0,,,,,,,,,,,52,1,2020_Feb_07_1108,FaceNameBlocked_revised,3.0.0,84.96355015667264,,NaN
17,Fem1Block.csv,Hannah2.mp4,Hannah.JPG,Hannah,11.0,F,Amanda,Julia,Danielle,Brianna,Hannah,Nicole,Katie,Olivia,Rachel,Emily,4.0,0.0,0.0,0.0,0.0,,,,,0.0,6.0,6.0,4.0,,,,,, Hannah,"['rshift', 'h', 'a', 'n', 'n', 'a', 'h']","[2.106989471009001, 2.2610965319909155, 2.4843239809852093, 2.5784828070318326, 2.91890593606513, 3.142981125973165, 3.237284568953328]",5.0,1.0,6.353585507022218,,,52,1,2020_Feb_07_1108,FaceNameBlocked_revised,3.0.0,84.96355015667264,,2.1069894
1,Fem1Block.csv,Hannah2.mp4,Hannah.JPG,Hannah,11.0,F,Amanda,Julia,Danielle,Brianna,Hannah,Nicole,Katie,Olivia,Rachel,Emily,4.0,0.0,0.0,0.0,0.0,0.0,0.0,0.0,4.0,,,,,,,0.0,,,,,,,,,,,52,1,2020_Feb_07_1108,FaceNameBlocked_revised,3.0.0,84.96355015667264,,NaN
42,Fem3Block.csv,Heather3.mp4,Heather.JPG,Heather,12.0,F,Jessica,Natalie,Courtney,Megan,Anna,Jenna,Lauren,Taylor,Heather,Grace,8.0,0.0,2.0,2.0,2.0,0.0,1.0,1.0,8.0,,,,,,,1.0,,,,,,,,,,,52,1,2020_Feb_07_1108,FaceNameBlocked_revised,3.0.0,84.96355015667264,,NaN
53,Fem3Block.csv,Heather3.mp4,Heather.JPG,Heather,12.0,F,Jessica,Natalie,Courtney,Megan,Anna,Jenna,Lauren,Taylor,Heather,Grace,8.0,0.0,2.0,2.0,2.0,,,,,0.0,2.0,2.0,8.0,,,,,, Heather,"['rshift', 'h', 'e', 'a', 't', 'h', 'e', 'r']","[1.0244107360485941, 1.2492500160587952, 1.4485000009881333, 2.3196533350273967, 2.707446926040575, 2.848827189998701, 2.978148475056514, 3.083242518012412]",4.0,4.0,1.4255943039897832,,,52,1,2020_Feb_07_1108,FaceNameBlocked_revised,3.0.0,84.96355015667264,,1.0244107
107,Male1Block.csv,Jacob3.mp4,Jacob.JPG,Jacob,43.0,M,Tyler,Matthew,Dylan,Caleb,Jason,Michael,Mark,Bradley,Jacob,Noah,8.0,0.0,5.0,5.0,3.0,0.0,6.0,6.0,8.0,,,,,,,1.0,,,,,,,,,,,52,1,2020_Feb_07_1108,FaceNameBlocked_revised,3.0.0,84.96355015667264,,NaN
118,Male1Block.csv,Jacob3.mp4,Jacob.JPG,Jacob,43.0,M,Tyler,Matthew,Dylan,Caleb,Jason,Michael,Mark,Bradley,Jacob,Noah,8.0,0.0,5.0,5.0,3.0,,,,,0.0,7.0,7.0,8.0,,,,,, Tyler,"['rshift', 't', 'y', 'l', 'e', 'r']","[2.0123219749657437, 2.166148060001433, 2.366163959959522, 2.613713562954217, 2.790215709945187, 2.836834811954759]",2.0,3.0,2.2017566260183234,,,52,1,2020_Feb_07_1108,FaceNameBlocked_revised,3.0.0,84.96355015667264,,2.0123219
111,Male1Block.csv,Jason4.mp4,Jason.JPG,Jason,44.0,M,Tyler,Matthew,Dylan,Caleb,Jason,Michael,Mark,Bradley,Jacob,Noah,4.0,0.0,5.0,5.0,3.0,,,,,0.0,0.0,0.0,4.0,,,,space,2.508195869042538, Matthew,"['rshift', 'm', 'a', 't', 't', 'h', 'e', 'w']","[1.4349869269644842, 1.5897175889695063, 1.7310351339401677, 2.1426122789271176, 2.7776779379928485, 2.930947348009795, 3.1067512329900637, 3.224652968929149]",5.0,1.0,4.0013453389983615,,,52,1,2020_Feb_07_1108,FaceNameBlocked_revised,3.0.0,84.96355015667264,,1.4349869
103,Male1Block.csv,Jason4.mp4,Jason.JPG,Jason,44.0,M,Tyler,Matthew,Dylan,Caleb,Jason,Michael,Mark,Bradley,Jacob,Noah,4.0,0.0,5.0,5.0,3.0,0.0,2.0,2.0,4.0,,,,,,,0.0,,,,,,,,,,,52,1,2020_Feb_07_1108,FaceNameBlocked_revised,3.0.0,84.96355015667264,,NaN
48,Fem3Block.csv,Jenna4.mp4,Jenna.JPG,Jenna,13.0,F,Jessica,Natalie,Courtney,Megan,Anna,Jenna,Lauren,Taylor,Heather,Grace,5.0,0.0,2.0,2.0,2.0,0.0,7.0,7.0,5.0,,,,,,,1.0,,,,,,,,,,,52,1,2020_Feb_07_1108,FaceNameBlocked_revised,3.0.0,84.96355015667264,,NaN
54,Fem3Block.csv,Jenna4.mp4,Jenna.JPG,Jenna,13.0,F,Jessica,Natalie,Courtney,Megan,Anna,Jenna,Lauren,Taylor,Heather,Grace,5.0,0.0,2.0,2.0,2.0,,,,,0.0,3.0,3.0,5.0,,,,,, Lauren,"['rshift', 'rshift', 'l', 'a', 'u', 'r', 'e', 'n']","[1.248317671008408, 3.177346496959217, 3.495842156931758, 3.801371035980992, 3.954676599940285, 4.142509520985186, 4.295877771917731, 4.437399995978922]",3.0,1.0,4.224532195948996,,,52,1,2020_Feb_07_1108,FaceNameBlocked_revised,3.0.0,84.96355015667264,,1.2483176
38,Male3Block.csv,Jeremy2.mp4,Jeremy.JPG,Jeremy,45.0,M,David,Brian,Cody,Trevor,Kevin,Timothy,Adam,Thomas,Aaron,Jeremy,9.0,0.0,1.0,1.0,5.0,,,,,0.0,7.0,7.0,9.0,,,,,, ,None,,3.0,3.0,5.988627903047018,,,52,1,2020_Feb_07_1108,FaceNameBlocked_revised,3.0.0,84.96355015667264,,NaN
26,Male3Block.csv,Jeremy2.mp4,Jeremy.JPG,Jeremy,45.0,M,David,Brian,Cody,Trevor,Kevin,Timothy,Adam,Thomas,Aaron,Jeremy,9.0,0.0,1.0,1.0,5.0,0.0,5.0,5.0,9.0,,,,,,,0.0,,,,,,,,,,,52,1,2020_Feb_07_1108,FaceNameBlocked_revised,3.0.0,84.96355015667264,,NaN
60,Fem3Block.csv,Jessica2.mp4,Jessica.JPG,Jessica,14.0,F,Jessica,Natalie,Courtney,Megan,Anna,Jenna,Lauren,Taylor,Heather,Grace,0.0,0.0,2.0,2.0,2.0,,,,,0.0,9.0,9.0,0.0,,,,,, ,None,,5.0,5.0,3.1073778440477327,,,52,1,2020_Feb_07_1108,FaceNameBlocked_revised,3.0.0,84.96355015667264,,NaN
45,Fem3Block.csv,Jessica2.mp4,Jessica.JPG,Jessica,14.0,F,Jessica,Natalie,Courtney,Megan,Anna,Jenna,Lauren,Taylor,Heather,Grace,0.0,0.0,2.0,2.0,2.0,0.0,4.0,4.0,0.0,,,,,,,0.0,,,,,,,,,,,52,1,2020_Feb_07_1108,FaceNameBlocked_revised,3.0.0,84.96355015667264,,NaN
96,Male2Block.csv,Josh3.mp4,Josh.JPG,Josh,46.0,M,Eric,Justin,Daniel,Andrew,Brandon,Kyle,Ethan,Nathan,Steven,Josh,9.0,0.0,4.0,4.0,4.0,,,,,0.0,5.0,5.0,9.0,,,,,, Josh,"['rshift', 'j', 'o', 's', 'h']","[1.1524605329614133, 1.3194800750352442, 1.47223298298195, 1.6959198859985918, 1.9537918790010735]",2.0,2.0,1.5285051009850577,,,52,1,2020_Feb_07_1108,FaceNameBlocked_revised,3.0.0,84.96355015667264,,1.1524605
82,Male2Block.csv,Josh3.mp4,Josh.JPG,Josh,46.0,M,Eric,Justin,Daniel,Andrew,Brandon,Kyle,Ethan,Nathan,Steven,Josh,9.0,0.0,4.0,4.0,4.0,0.0,1.0,1.0,9.0,,,,,,,0.0,,,,,,,,,,,52,1,2020_Feb_07_1108,FaceNameBlocked_revised,3.0.0,84.96355015667264,,NaN
8,Fem1Block.csv,Julia2.mp4,Julia.JPG,Julia,15.0,F,Amanda,Julia,Danielle,Brianna,Hannah,Nicole,Katie,Olivia,Rachel,Emily,1.0,0.0,0.0,0.0,0.0,0.0,7.0,7.0,1.0,,,,,,,1.0,,,,,,,,,,,52,1,2020_Feb_07_1108,FaceNameBlocked_revised,3.0.0,84.96355015667264,,NaN
15,Fem1Block.csv,Julia2.mp4,Julia.JPG,Julia,15.0,F,Amanda,Julia,Danielle,Brianna,Hannah,Nicole,Katie,Olivia,Rachel,Emily,1.0,0.0,0.0,0.0,0.0,,,,,0.0,4.0,4.0,1.0,,,,,, Julia,"['rshift', 'j', 'u', 'l', 'i', 'a']","[4.869581406004727, 5.001154180965386, 5.2477942439727485, 5.527972669922747, 5.751358186942525, 6.776746477931738]",1.0,1.0,1.7672698190435767,,,52,1,2020_Feb_07_1108,FaceNameBlocked_revised,3.0.0,84.96355015667264,,4.8695814
90,Male2Block.csv,Justin2.mp4,Justin.JPG,Justin,47.0,M,Eric,Justin,Daniel,Andrew,Brandon,Kyle,Ethan,Nathan,Steven,Josh,1.0,0.0,4.0,4.0,4.0,0.0,9.0,9.0,1.0,,,,,,,1.0,,,,,,,,,,,52,1,2020_Feb_07_1108,FaceNameBlocked_revised,3.0.0,84.96355015667264,,NaN
100,Male2Block.csv,Justin2.mp4,Justin.JPG,Justin,47.0,M,Eric,Justin,Daniel,Andrew,Brandon,Kyle,Ethan,Nathan,Steven,Josh,1.0,0.0,4.0,4.0,4.0,,,,,0.0,9.0,9.0,1.0,,,,,, Nathan,"['rshift', 'n', 'a', 't', 'h', 'a', 'n']","[2.553010310046375, 2.7187799810199067, 2.860437439987436, 3.1542782729957253, 3.283167066052556, 3.378126156050712, 3.519518541987054]",2.0,1.0,3.058236025972292,,,52,1,2020_Feb_07_1108,FaceNameBlocked_revised,3.0.0,84.96355015667264,,2.5530103
5,Fem1Block.csv,Katie2.mp4,Katie.JPG,Katie,16.0,F,Amanda,Julia,Danielle,Brianna,Hannah,Nicole,Katie,Olivia,Rachel,Emily,6.0,0.0,0.0,0.0,0.0,0.0,4.0,4.0,6.0,,,,,,,1.0,,,,,,,,,,,52,1,2020_Feb_07_1108,FaceNameBlocked_revised,3.0.0,84.96355015667264,,NaN
19,Fem1Block.csv,Katie2.mp4,Katie.JPG,Katie,16.0,F,Amanda,Julia,Danielle,Brianna,Hannah,Nicole,Katie,Olivia,Rachel,Emily,6.0,0.0,0.0,0.0,0.0,,,,,0.0,8.0,8.0,6.0,,,,,, Julia,"['rshift', 'j', 'u', 'l', 'i', 'a']","[8.56382500496693, 8.647309466032311, 8.929895957000554, 9.211814000969753, 9.576736966962926, 9.717653225990944]",3.0,5.0,5.260761665995234,,,52,1,2020_Feb_07_1108,FaceNameBlocked_revised,3.0.0,84.96355015667264,,8.5638250
75,Fem2Block.csv,Kayla3.mp4,Kayla.JPG,Kayla,17.0,F,Michelle,Kelsey,Ashley,Shelby,Brittany,Haley,Sarah,Alyssa,Kayla,Rebecca,8.0,0.0,3.0,3.0,1.0,,,,,0.0,4.0,4.0,8.0,,,,,, ,None,,5.0,5.0,3.7656073969556023,,,52,1,2020_Feb_07_1108,FaceNameBlocked_revised,3.0.0,84.96355015667264,,NaN
70,Fem2Block.csv,Kayla3.mp4,Kayla.JPG,Kayla,17.0,F,Michelle,Kelsey,Ashley,Shelby,Brittany,Haley,Sarah,Alyssa,Kayla,Rebecca,8.0,0.0,3.0,3.0,1.0,0.0,9.0,9.0,8.0,,,,,,,1.0,,,,,,,,,,,52,1,2020_Feb_07_1108,FaceNameBlocked_revised,3.0.0,84.96355015667264,,NaN
67,Fem2Block.csv,Kelsey2.mp4,Kelsey.JPG,Kelsey,18.0,F,Michelle,Kelsey,Ashley,Shelby,Brittany,Haley,Sarah,Alyssa,Kayla,Rebecca,1.0,0.0,3.0,3.0,1.0,0.0,6.0,6.0,1.0,,,,,,,1.0,,,,,,,,,,,52,1,2020_Feb_07_1108,FaceNameBlocked_revised,3.0.0,84.96355015667264,,NaN
76,Fem2Block.csv,Kelsey2.mp4,Kelsey.JPG,Kelsey,18.0,F,Michelle,Kelsey,Ashley,Shelby,Brittany,Haley,Sarah,Alyssa,Kayla,Rebecca,1.0,0.0,3.0,3.0,1.0,,,,,0.0,5.0,5.0,1.0,,,,,, Kelsey,"['rshift', 'k', 'e', 'l', 's', 'e', 'y']","[1.5525710800429806, 1.6956671250518411, 2.106708689010702, 2.2955495279747993, 2.6954889280023053, 2.847922825952992, 3.13094528100919]",4.0,4.0,2.1667141780490056,,,52,1,2020_Feb_07_1108,FaceNameBlocked_revised,3.0.0,84.96355015667264,,1.5525710
21,Male3Block.csv,Kevin2.mp4,Kevin.JPG,Kevin,48.0,M,David,Brian,Cody,Trevor,Kevin,Timothy,Adam,Thomas,Aaron,Jeremy,4.0,0.0,1.0,1.0,5.0,0.0,0.0,0.0,4.0,,,,,,,0.0,,,,,,,,,,,52,1,2020_Feb_07_1108,FaceNameBlocked_revised,3.0.0,84.96355015667264,,NaN
40,Male3Block.csv,Kevin2.mp4,Kevin.JPG,Kevin,48.0,M,David,Brian,Cody,Trevor,Kevin,Timothy,Adam,Thomas,Aaron,Jeremy,4.0,0.0,1.0,1.0,5.0,,,,,0.0,9.0,9.0,4.0,,,,,, Aaron,"['rshift', 'a', 'a', 'r', 'o', 'm', 'n', 'backspace', 'backspace', 'n']","[3.282193136983551, 3.5775883949827403, 3.801029850030318, 3.9420822630636394, 4.130254089017399, 4.332051770063117, 4.870689093018882, 5.023587690084241, 5.695067093009129]",4.0,2.0,2.7199552210513502,,,52,1,2020_Feb_07_1108,FaceNameBlocked_revised,3.0.0,84.96355015667264,,3.2821931
81,Male2Block.csv,Kyle3.mp4,Kyle.JPG,Kyle,49.0,M,Eric,Justin,Daniel,Andrew,Brandon,Kyle,Ethan,Nathan,Steven,Josh,5.0,0.0,4.0,4.0,4.0,0.0,0.0,0.0,5.0,,,,,,,1.0,,,,,,,,,,,52,1,2020_Feb_07_1108,FaceNameBlocked_revised,3.0.0,84.96355015667264,,NaN
94,Male2Block.csv,Kyle3.mp4,Kyle.JPG,Kyle,49.0,M,Eric,Justin,Daniel,Andrew,Brandon,Kyle,Ethan,Nathan,Steven,Josh,5.0,0.0,4.0,4.0,4.0,,,,,0.0,3.0,3.0,5.0,,,,,, ,None,,4.0,3.0,4.013362942961976,,,52,1,2020_Feb_07_1108,FaceNameBlocked_revised,3.0.0,84.96355015667264,,NaN
51,Fem3Block.csv,Lauren4.mp4,Lauren.JPG,Lauren,19.0,F,Jessica,Natalie,Courtney,Megan,Anna,Jenna,Lauren,Taylor,Heather,Grace,6.0,0.0,2.0,2.0,2.0,,,,,0.0,0.0,0.0,6.0,,,,space,40.35642142407596, Courtney,"['rshift', 'c', 'o', 'u', 'r', 't', 'n', 'e', 'y']","[3.32845842896495, 3.4948400279972702, 3.694296180969104, 3.776038883952424, 3.9298795679351315, 4.15137216297444, 4.270842625992373, 4.41183995094616, 4.518120744032785]",3.0,2.0,1.3546198930125684,,,52,1,2020_Feb_07_1108,FaceNameBlocked_revised,3.0.0,84.96355015667264,,3.3284584
49,Fem3Block.csv,Lauren4.mp4,Lauren.JPG,Lauren,19.0,F,Jessica,Natalie,Courtney,Megan,Anna,Jenna,Lauren,Taylor,Heather,Grace,6.0,0.0,2.0,2.0,2.0,0.0,8.0,8.0,6.0,,,,,,,1.0,,,,,,,,,,,52,1,2020_Feb_07_1108,FaceNameBlocked_revised,3.0.0,84.96355015667264,,NaN
105,Male1Block.csv,Mark3.mp4,Mark.JPG,Mark,50.0,M,Tyler,Matthew,Dylan,Caleb,Jason,Michael,Mark,Bradley,Jacob,Noah,6.0,0.0,5.0,5.0,3.0,0.0,4.0,4.0,6.0,,,,,,,1.0,,,,,,,,,,,52,1,2020_Feb_07_1108,FaceNameBlocked_revised,3.0.0,84.96355015667264,,NaN
120,Male1Block.csv,Mark3.mp4,Mark.JPG,Mark,50.0,M,Tyler,Matthew,Dylan,Caleb,Jason,Michael,Mark,Bradley,Jacob,Noah,6.0,0.0,5.0,5.0,3.0,,,,,0.0,9.0,9.0,6.0,,,,,, Caleb,"['rshift', 'c', 'a', 'l', 'e', 'b']","[3.0239479020237923, 3.225391580024734, 3.352864405955188, 3.4723207670031115, 3.6487591540208086, 3.778144543990493]",3.0,2.0,7.165163283003493,,,52,1,2020_Feb_07_1108,FaceNameBlocked_revised,3.0.0,84.96355015667264,,3.0239479
101,Male1Block.csv,Matthew2.mp4,Matthew.JPG,Matthew,51.0,M,Tyler,Matthew,Dylan,Caleb,Jason,Michael,Mark,Bradley,Jacob,Noah,1.0,0.0,5.0,5.0,3.0,0.0,0.0,0.0,1.0,,,,,,,1.0,,,,,,,,,,,52,1,2020_Feb_07_1108,FaceNameBlocked_revised,3.0.0,84.96355015667264,,NaN
119,Male1Block.csv,Matthew2.mp4,Matthew.JPG,Matthew,51.0,M,Tyler,Matthew,Dylan,Caleb,Jason,Michael,Mark,Bradley,Jacob,Noah,1.0,0.0,5.0,5.0,3.0,,,,,0.0,8.0,8.0,1.0,,,,,, Jacob,"['rshift', 'j', 'a', 'c', 'o', 'b']","[2.57663772709202, 2.7545679800678045, 2.9074261790374294, 3.1077103880234063, 3.2370320360641927, 3.365324835991487]",1.0,5.0,3.471743833972141,,,52,1,2020_Feb_07_1108,FaceNameBlocked_revised,3.0.0,84.96355015667264,,2.5766377
43,Fem3Block.csv,Megan2.mp4,Megan.JPG,Megan,20.0,F,Jessica,Natalie,Courtney,Megan,Anna,Jenna,Lauren,Taylor,Heather,Grace,3.0,0.0,2.0,2.0,2.0,0.0,2.0,2.0,3.0,,,,,,,0.0,,,,,,,,,,,52,1,2020_Feb_07_1108,FaceNameBlocked_revised,3.0.0,84.96355015667264,,NaN
58,Fem3Block.csv,Megan2.mp4,Megan.JPG,Megan,20.0,F,Jessica,Natalie,Courtney,Megan,Anna,Jenna,Lauren,Taylor,Heather,Grace,3.0,0.0,2.0,2.0,2.0,,,,,0.0,7.0,7.0,3.0,,,,,, Anna,"['rshift', 'a', 'n', 'n', 'a']","[6.810260907979682, 8.528712772997096, 8.705643296940252, 8.858012234908529, 8.939910907996818]",4.0,1.0,3.4015451009618123,,,52,1,2020_Feb_07_1108,FaceNameBlocked_revised,3.0.0,84.96355015667264,,6.8102609
115,Male1Block.csv,Michael2.mp4,Michael.JPG,Michael,52.0,M,Tyler,Matthew,Dylan,Caleb,Jason,Michael,Mark,Bradley,Jacob,Noah,5.0,0.0,5.0,5.0,3.0,,,,,0.0,4.0,4.0,5.0,,,,,, David,"['rshift', 'd', 'a', 'v', 'i', 'd']","[3.5995542120654136, 3.9308106600074098, 4.166549878078513, 4.659886276000179, 4.848777926992625, 4.97617976705078]",5.0,5.0,4.564747038995846,,,52,1,2020_Feb_07_1108,FaceNameBlocked_revised,3.0.0,84.96355015667264,,3.5995542
106,Male1Block.csv,Michael2.mp4,Michael.JPG,Michael,52.0,M,Tyler,Matthew,Dylan,Caleb,Jason,Michael,Mark,Bradley,Jacob,Noah,5.0,0.0,5.0,5.0,3.0,0.0,5.0,5.0,5.0,,,,,,,1.0,,,,,,,,,,,52,1,2020_Feb_07_1108,FaceNameBlocked_revised,3.0.0,84.96355015667264,,NaN
68,Fem2Block.csv,Michelle2.mp4,Michelle.JPG,Michelle,21.0,F,Michelle,Kelsey,Ashley,Shelby,Brittany,Haley,Sarah,Alyssa,Kayla,Rebecca,0.0,0.0,3.0,3.0,1.0,0.0,7.0,7.0,0.0,,,,,,,0.0,,,,,,,,,,,52,1,2020_Feb_07_1108,FaceNameBlocked_revised,3.0.0,84.96355015667264,,NaN
71,Fem2Block.csv,Michelle2.mp4,Michelle.JPG,Michelle,21.0,F,Michelle,Kelsey,Ashley,Shelby,Brittany,Haley,Sarah,Alyssa,Kayla,Rebecca,0.0,0.0,3.0,3.0,1.0,,,,,0.0,0.0,0.0,0.0,,,,space,8.411972200032325, Michelle,"['rshift', 'm', 'i', 'c', 'h', 'e', 'l', 'l', 'e']","[2.1060755549697205, 2.319519946933724, 2.5998464489821345, 2.7543033729307353, 2.8611594839021564, 2.999538991949521, 3.1191488889744505, 3.236437974963337, 3.3545711549231783]",2.0,2.0,1.5888098439900205,,,52,1,2020_Feb_07_1108,FaceNameBlocked_revised,3.0.0,84.96355015667264,,2.1060755
41,Fem3Block.csv,Natalie3.mp4,Natalie.JPG,Natalie,22.0,F,Jessica,Natalie,Courtney,Megan,Anna,Jenna,Lauren,Taylor,Heather,Grace,1.0,0.0,2.0,2.0,2.0,0.0,0.0,0.0,1.0,,,,,,,1.0,,,,,,,,,,,52,1,2020_Feb_07_1108,FaceNameBlocked_revised,3.0.0,84.96355015667264,,NaN
59,Fem3Block.csv,Natalie3.mp4,Natalie.JPG,Natalie,22.0,F,Jessica,Natalie,Courtney,Megan,Anna,Jenna,Lauren,Taylor,Heather,Grace,1.0,0.0,2.0,2.0,2.0,,,,,0.0,8.0,8.0,1.0,,,,,, Natalie,"['rshift', 'n', 'a', 't', 'a', 'l', 'i', 'e']","[1.7995787980034947, 2.0355150310788304, 2.2123107940424234, 2.5649954200489447, 2.95273406105116, 3.070745909004472, 3.18796332704369, 3.317485015024431]",2.0,2.0,1.5061321100220084,,,52,1,2020_Feb_07_1108,FaceNameBlocked_revised,3.0.0,84.96355015667264,,1.7995787
86,Male2Block.csv,Nathan3.mp4,Nathan.JPG,Nathan,53.0,M,Eric,Justin,Daniel,Andrew,Brandon,Kyle,Ethan,Nathan,Steven,Josh,7.0,0.0,4.0,4.0,4.0,0.0,5.0,5.0,7.0,,,,,,,0.0,,,,,,,,,,,52,1,2020_Feb_07_1108,FaceNameBlocked_revised,3.0.0,84.96355015667264,,NaN
92,Male2Block.csv,Nathan3.mp4,Nathan.JPG,Nathan,53.0,M,Eric,Justin,Daniel,Andrew,Brandon,Kyle,Ethan,Nathan,Steven,Josh,7.0,0.0,4.0,4.0,4.0,,,,,0.0,1.0,1.0,7.0,,,,,, Ryan,"['rshift', 'r', 'y', 'a', 'n']","[3.776393539039418, 4.012980996049009, 4.29520917404443, 4.436154676019214, 4.589063492021523]",2.0,4.0,4.201524022035302,,,52,1,2020_Feb_07_1108,FaceNameBlocked_revised,3.0.0,84.96355015667264,,3.7763935
3,Fem1Block.csv,Nicole2.mp4,Nicole.JPG,Nicole,23.0,F,Amanda,Julia,Danielle,Brianna,Hannah,Nicole,Katie,Olivia,Rachel,Emily,5.0,0.0,0.0,0.0,0.0,0.0,2.0,2.0,5.0,,,,,,,1.0,,,,,,,,,,,52,1,2020_Feb_07_1108,FaceNameBlocked_revised,3.0.0,84.96355015667264,,NaN
16,Fem1Block.csv,Nicole2.mp4,Nicole.JPG,Nicole,23.0,F,Amanda,Julia,Danielle,Brianna,Hannah,Nicole,Katie,Olivia,Rachel,Emily,5.0,0.0,0.0,0.0,0.0,,,,,0.0,5.0,5.0,5.0,,,,,, Nicole,"['rshift', 'n', 'i', 'c', 'o', 'l', 'e']","[1.2359591369749978, 1.401803222950548, 1.6017250180011615, 2.366266428027302, 2.507377228932455, 2.719508960028179, 2.8830760419368744]",2.0,2.0,1.566981901996769,,,52,1,2020_Feb_07_1108,FaceNameBlocked_revised,3.0.0,84.96355015667264,,1.2359591
117,Male1Block.csv,Noah2.mp4,Noah.JPG,Noah,54.0,M,Tyler,Matthew,Dylan,Caleb,Jason,Michael,Mark,Bradley,Jacob,Noah,9.0,0.0,5.0,5.0,3.0,,,,,0.0,6.0,6.0,9.0,,,,,, ,None,,4.0,2.0,1.9546008449979129,,,52,1,2020_Feb_07_1108,FaceNameBlocked_revised,3.0.0,84.96355015667264,,NaN
104,Male1Block.csv,Noah2.mp4,Noah.JPG,Noah,54.0,M,Tyler,Matthew,Dylan,Caleb,Jason,Michael,Mark,Bradley,Jacob,Noah,9.0,0.0,5.0,5.0,3.0,0.0,3.0,3.0,9.0,,,,,,,0.0,,,,,,,,,,,52,1,2020_Feb_07_1108,FaceNameBlocked_revised,3.0.0,84.96355015667264,,NaN
4,Fem1Block.csv,Olivia3.mp4,Olivia.JPG,Olivia,24.0,F,Amanda,Julia,Danielle,Brianna,Hannah,Nicole,Katie,Olivia,Rachel,Emily,7.0,0.0,0.0,0.0,0.0,0.0,3.0,3.0,7.0,,,,,,,0.0,,,,,,,,,,,52,1,2020_Feb_07_1108,FaceNameBlocked_revised,3.0.0,84.96355015667264,,NaN
20,Fem1Block.csv,Olivia3.mp4,Olivia.JPG,Olivia,24.0,F,Amanda,Julia,Danielle,Brianna,Hannah,Nicole,Katie,Olivia,Rachel,Emily,7.0,0.0,0.0,0.0,0.0,,,,,0.0,9.0,9.0,7.0,,,,,, Katie,"['rshift', 'k', 'a', 't', 'i', 'e']","[1.9284163940465078, 2.165822316077538, 2.4596654820488766, 3.304472228977829, 3.424165779026225, 3.5769109870307148]",5.0,2.0,4.683202930027619,,,52,1,2020_Feb_07_1108,FaceNameBlocked_revised,3.0.0,84.96355015667264,,1.9284163
13,Fem1Block.csv,Rachel3.mp4,Rachel.JPG,Rachel,25.0,F,Amanda,Julia,Danielle,Brianna,Hannah,Nicole,Katie,Olivia,Rachel,Emily,8.0,0.0,0.0,0.0,0.0,,,,,0.0,2.0,2.0,8.0,,,,,, Emily,"['rshift', 'e', 'm', 'i', 'l', 'y']","[4.610161081072874, 4.930220896028914, 5.212355704978108, 5.436172151006758, 5.541415982996114, 5.788170258980244]",1.0,1.0,6.62407829600852,,,52,1,2020_Feb_07_1108,FaceNameBlocked_revised,3.0.0,84.96355015667264,,4.6101610
10,Fem1Block.csv,Rachel3.mp4,Rachel.JPG,Rachel,25.0,F,Amanda,Julia,Danielle,Brianna,Hannah,Nicole,Katie,Olivia,Rachel,Emily,8.0,0.0,0.0,0.0,0.0,0.0,9.0,9.0,8.0,,,,,,,1.0,,,,,,,,,,,52,1,2020_Feb_07_1108,FaceNameBlocked_revised,3.0.0,84.96355015667264,,NaN
80,Fem2Block.csv,Rebecca3.mp4,Rebecca.JPG,Rebecca,26.0,F,Michelle,Kelsey,Ashley,Shelby,Brittany,Haley,Sarah,Alyssa,Kayla,Rebecca,9.0,0.0,3.0,3.0,1.0,,,,,0.0,9.0,9.0,9.0,,,,,, Brittany,"['rshift', 'b', 'r', 'i', 't', 't', 'a', 'n', 'y']","[2.294871074031107, 2.4611996170133352, 2.896370308008045, 3.0964587919879705, 3.2612329060211778, 3.414116359082982, 3.789819048019126, 3.91977382497862, 4.342925393022597]",2.0,3.0,5.03695451898966,,,52,1,2020_Feb_07_1108,FaceNameBlocked_revised,3.0.0,84.96355015667264,,2.2948710
61,Fem2Block.csv,Rebecca3.mp4,Rebecca.JPG,Rebecca,26.0,F,Michelle,Kelsey,Ashley,Shelby,Brittany,Haley,Sarah,Alyssa,Kayla,Rebecca,9.0,0.0,3.0,3.0,1.0,0.0,0.0,0.0,9.0,,,,,,,0.0,,,,,,,,,,,52,1,2020_Feb_07_1108,FaceNameBlocked_revised,3.0.0,84.96355015667264,,NaN
63,Fem2Block.csv,Sarah2.mp4,Sarah.JPG,Sarah,27.0,F,Michelle,Kelsey,Ashley,Shelby,Brittany,Haley,Sarah,Alyssa,Kayla,Rebecca,6.0,0.0,3.0,3.0,1.0,0.0,2.0,2.0,6.0,,,,,,,1.0,,,,,,,,,,,52,1,2020_Feb_07_1108,FaceNameBlocked_revised,3.0.0,84.96355015667264,,NaN
79,Fem2Block.csv,Sarah2.mp4,Sarah.JPG,Sarah,27.0,F,Michelle,Kelsey,Ashley,Shelby,Brittany,Haley,Sarah,Alyssa,Kayla,Rebecca,6.0,0.0,3.0,3.0,1.0,,,,,0.0,8.0,8.0,6.0,,,,,, Sarah,"['rshift', 's', 'a', 'r', 'a', 'h']","[1.6476640719920397, 1.8601183359278366, 2.166363319964148, 2.3193880249746144, 2.518991897930391, 2.671818631934002]",2.0,2.0,1.3554237389471382,,,52,1,2020_Feb_07_1108,FaceNameBlocked_revised,3.0.0,84.96355015667264,,1.6476640
66,Fem2Block.csv,Shelby2.mp4,Shelby.JPG,Shelby,28.0,F,Michelle,Kelsey,Ashley,Shelby,Brittany,Haley,Sarah,Alyssa,Kayla,Rebecca,3.0,0.0,3.0,3.0,1.0,0.0,5.0,5.0,3.0,,,,,,,0.0,,,,,,,,,,,52,1,2020_Feb_07_1108,FaceNameBlocked_revised,3.0.0,84.96355015667264,,NaN
74,Fem2Block.csv,Shelby2.mp4,Shelby.JPG,Shelby,28.0,F,Michelle,Kelsey,Ashley,Shelby,Brittany,Haley,Sarah,Alyssa,Kayla,Rebecca,3.0,0.0,3.0,3.0,1.0,,,,,0.0,3.0,3.0,3.0,,,,,, Shelby,"['rshift', 's', 'h', 'e', 'l', 'b', 'y']","[2.0470082710962743, 2.2949216180713847, 2.5187785720918328, 2.6244731990154833, 2.7757084250915796, 2.965337807079777, 3.248023860040121]",2.0,2.0,1.4613477650564164,,,52,1,2020_Feb_07_1108,FaceNameBlocked_revised,3.0.0,84.96355015667264,,2.0470082
91,Male2Block.csv,Steven2.mp4,Steven.JPG,Steven,55.0,M,Eric,Justin,Daniel,Andrew,Brandon,Kyle,Ethan,Nathan,Steven,Josh,8.0,0.0,4.0,4.0,4.0,,,,,0.0,0.0,0.0,8.0,,,,space,3.1674690799554814, ,None,,4.0,2.0,2.965849205036648,,,52,1,2020_Feb_07_1108,FaceNameBlocked_revised,3.0.0,84.96355015667264,,NaN
84,Male2Block.csv,Steven2.mp4,Steven.JPG,Steven,55.0,M,Eric,Justin,Daniel,Andrew,Brandon,Kyle,Ethan,Nathan,Steven,Josh,8.0,0.0,4.0,4.0,4.0,0.0,3.0,3.0,8.0,,,,,,,1.0,,,,,,,,,,,52,1,2020_Feb_07_1108,FaceNameBlocked_revised,3.0.0,84.96355015667264,,NaN
57,Fem3Block.csv,Taylor4.mp4,Taylor.JPG,Taylor,29.0,F,Jessica,Natalie,Courtney,Megan,Anna,Jenna,Lauren,Taylor,Heather,Grace,7.0,0.0,2.0,2.0,2.0,,,,,0.0,6.0,6.0,7.0,,,,,, ,None,,3.0,4.0,2.7316877570701763,,,52,1,2020_Feb_07_1108,FaceNameBlocked_revised,3.0.0,84.96355015667264,,NaN
50,Fem3Block.csv,Taylor4.mp4,Taylor.JPG,Taylor,29.0,F,Jessica,Natalie,Courtney,Megan,Anna,Jenna,Lauren,Taylor,Heather,Grace,7.0,0.0,2.0,2.0,2.0,0.0,9.0,9.0,7.0,,,,,,,0.0,,,,,,,,,,,52,1,2020_Feb_07_1108,FaceNameBlocked_revised,3.0.0,84.96355015667264,,NaN
35,Male3Block.csv,Thomas2.mp4,Thomas.JPG,Thomas,56.0,M,David,Brian,Cody,Trevor,Kevin,Timothy,Adam,Thomas,Aaron,Jeremy,7.0,0.0,1.0,1.0,5.0,,,,,0.0,4.0,4.0,7.0,,,,,, ,None,,1.0,5.0,3.38868206506595,,,52,1,2020_Feb_07_1108,FaceNameBlocked_revised,3.0.0,84.96355015667264,,NaN
23,Male3Block.csv,Thomas2.mp4,Thomas.JPG,Thomas,56.0,M,David,Brian,Cody,Trevor,Kevin,Timothy,Adam,Thomas,Aaron,Jeremy,7.0,0.0,1.0,1.0,5.0,0.0,2.0,2.0,7.0,,,,,,,0.0,,,,,,,,,,,52,1,2020_Feb_07_1108,FaceNameBlocked_revised,3.0.0,84.96355015667264,,NaN
25,Male3Block.csv,Timothy3.mp4,Timothy.JPG,Timothy,57.0,M,David,Brian,Cody,Trevor,Kevin,Timothy,Adam,Thomas,Aaron,Jeremy,5.0,0.0,1.0,1.0,5.0,0.0,4.0,4.0,5.0,,,,,,,1.0,,,,,,,,,,,52,1,2020_Feb_07_1108,FaceNameBlocked_revised,3.0.0,84.96355015667264,,NaN
39,Male3Block.csv,Timothy3.mp4,Timothy.JPG,Timothy,57.0,M,David,Brian,Cody,Trevor,Kevin,Timothy,Adam,Thomas,Aaron,Jeremy,5.0,0.0,1.0,1.0,5.0,,,,,0.0,8.0,8.0,5.0,,,,,, Timothy,"['rshift', 't', 'i', 'm', 'o', 't', 'h', 'y']","[7.175993129028939, 7.398460187017918, 7.565130769042298, 7.741845519980416, 7.91854277101811, 8.071342127979733, 8.165445670951158, 8.506632786011323]",4.0,4.0,2.4484849820146337,,,52,1,2020_Feb_07_1108,FaceNameBlocked_revised,3.0.0,84.96355015667264,,7.1759931
22,Male3Block.csv,Trevor2.mp4,Trevor.JPG,Trevor,58.0,M,David,Brian,Cody,Trevor,Kevin,Timothy,Adam,Thomas,Aaron,Jeremy,3.0,0.0,1.0,1.0,5.0,0.0,1.0,1.0,3.0,,,,,,,0.0,,,,,,,,,,,52,1,2020_Feb_07_1108,FaceNameBlocked_revised,3.0.0,84.96355015667264,,NaN
36,Male3Block.csv,Trevor2.mp4,Trevor.JPG,Trevor,58.0,M,David,Brian,Cody,Trevor,Kevin,Timothy,Adam,Thomas,Aaron,Jeremy,3.0,0.0,1.0,1.0,5.0,,,,,0.0,5.0,5.0,3.0,,,,,, Thomas,"['rshift', 't', 'h', 'o', 'm', 'a', 's']","[2.7748387809842825, 2.9878375810803846, 3.1639931140234694, 3.329008884029463, 3.5289564300328493, 3.670728041091934, 3.7993824100121856]",1.0,3.0,3.765038877958432,,,52,1,2020_Feb_07_1108,FaceNameBlocked_revised,3.0.0,84.96355015667264,,2.7748387
116,Male1Block.csv,Tyler3.mp4,Tyler.JPG,Tyler,59.0,M,Tyler,Matthew,Dylan,Caleb,Jason,Michael,Mark,Bradley,Jacob,Noah,0.0,0.0,5.0,5.0,3.0,,,,,0.0,5.0,5.0,0.0,,,,,, Dylan,"['rshift', 'd', 'y', 'l', 'a', 'n']","[2.541831733076833, 2.755235678050667, 3.013982089003548, 3.308236527023837, 3.565951412077993, 3.696415606071241]",1.0,2.0,1.8252559459069744,,,52,1,2020_Feb_07_1108,FaceNameBlocked_revised,3.0.0,84.96355015667264,,2.5418317
110,Male1Block.csv,Tyler3.mp4,Tyler.JPG,Tyler,59.0,M,Tyler,Matthew,Dylan,Caleb,Jason,Michael,Mark,Bradley,Jacob,Noah,0.0,0.0,5.0,5.0,3.0,0.0,9.0,9.0,0.0,,,,,,,0.0,,,,,,,,,,,52,1,2020_Feb_07_1108,FaceNameBlocked_revised,3.0.0,84.96355015667264,,NaN
0,,,,,,,,,,,,,,,,,,,,,,,,,,,,,,space,92.9532821769826,,,,,,,,,,,,52,1,2020_Feb_07_1108,FaceNameBlocked_revised,3.0.0,84.96355015667264,,NaN
121,,,,,,,,,,,,,,,,,,,,,,,,,,,,,,,,,,,,,,,,,space,7.788168598082848,52,1,2020_Feb_07_1108,FaceNameBlocked_revised,3.0.0,84.96355015667264,,NaN
