,condsBlockFile,Video,Photo,Name,Row,Gender,N1,N2,N3,N4,N5,N6,N7,N8,N9,N10,Row2,blocks.thisRepN,blocks.thisTrialN,blocks.thisN,blocks.thisIndex,presentations.thisRepN,presentations.thisTrialN,presentations.thisN,presentations.thisIndex,testing.thisRepN,testing.thisTrialN,testing.thisN,testing.thisIndex,advance_1.keys,advance_1.rt,currentCond,advance_2.keys,advance_2.rt,inputText,key_resp_3.keys,key_resp_3.rt,correctRecogSelection,keyResponse.keys,keyResponse.rt,end_key.keys,end_key.rt,participant,session,date,expName,psychopyVersion,frameRate,Unnamed: 48,key_resp3_fin
53,Male3Block.csv,Aaron2.mp4,Aaron.JPG,Aaron,30.0,M,Steven,Mark,David,Timothy,Jeremy,Dylan,Cody,Aaron,Andrew,Matthew,7.0,0.0,2.0,2.0,5.0,,,,,0.0,2.0,2.0,7.0,,,,,, Mark,"['lshift', 'm', 'a', 'r', 'k']","[2.76016318006441, 2.9876719430321828, 4.213841321063228, 5.0803009000374, 5.253806930035353]",1.0,4.0,5.4926667399704465,,,30,1,2020_Jan_21_1250,FaceNameBlocked_revised,3.0.0,74.94511615240897,,2.7601631
47,Male3Block.csv,Aaron2.mp4,Aaron.JPG,Aaron,30.0,M,Steven,Mark,David,Timothy,Jeremy,Dylan,Cody,Aaron,Andrew,Matthew,7.0,0.0,2.0,2.0,5.0,0.0,6.0,6.0,7.0,,,,,,,1.0,,,,,,,,,,,30,1,2020_Jan_21_1250,FaceNameBlocked_revised,3.0.0,74.94511615240897,,NaN
10,Male1Block.csv,Adam4.mp4,Adam.JPG,Adam,31.0,M,Noah,Jason,Justin,Thomas,Kevin,Bradley,Brandon,Adam,Brian,Michael,7.0,0.0,0.0,0.0,3.0,0.0,9.0,9.0,7.0,,,,,,,1.0,,,,,,,,,,,30,1,2020_Jan_21_1250,FaceNameBlocked_revised,3.0.0,74.94511615240897,,NaN
20,Male1Block.csv,Adam4.mp4,Adam.JPG,Adam,31.0,M,Noah,Jason,Justin,Thomas,Kevin,Bradley,Brandon,Adam,Brian,Michael,7.0,0.0,0.0,0.0,3.0,,,,,0.0,9.0,9.0,7.0,,,,,, ,None,,2.0,1.0,3.1211528710555285,,,30,1,2020_Jan_21_1250,FaceNameBlocked_revised,3.0.0,74.94511615240897,,NaN
25,Fem3Block.csv,Alyssa3.mp4,Alyssa.JPG,Alyssa,0.0,F,Jessica,Alyssa,Michelle,Emily,Rachel,Haley,Brianna,Kayla,Nicole,Olivia,1.0,0.0,1.0,1.0,2.0,0.0,4.0,4.0,1.0,,,,,,,0.0,,,,,,,,,,,30,1,2020_Jan_21_1250,FaceNameBlocked_revised,3.0.0,74.94511615240897,,NaN
33,Fem3Block.csv,Alyssa3.mp4,Alyssa.JPG,Alyssa,0.0,F,Jessica,Alyssa,Michelle,Emily,Rachel,Haley,Brianna,Kayla,Nicole,Olivia,1.0,0.0,1.0,1.0,2.0,,,,,0.0,2.0,2.0,1.0,,,,,, Olivia,"['lshift', 'o', 'l', 'i', 'v', 'i', 'a']","[2.1737330419709906, 3.707590462989174, 3.9746402390301228, 4.174761172034778, 4.294593758997507, 4.374600850977004, 4.494486195966601]",1.0,2.0,5.520617378060706,,,30,1,2020_Jan_21_1250,FaceNameBlocked_revised,3.0.0,74.94511615240897,,2.1737330
100,Fem1Block.csv,Amanda3.mp4,Amanda.JPG,Amanda,1.0,F,Jenna,Katie,Hannah,Ashley,Amanda,Heather,Kelsey,Sarah,Natalie,Brittany,4.0,0.0,4.0,4.0,0.0,,,,,0.0,9.0,9.0,4.0,,,,,, Amanda,"['lshift', 'a', 'm', 'a', 'n', 'd', 'a']","[8.37130606896244, 8.50658707797993, 8.733340517967008, 8.920348727027886, 9.039067759993486, 9.319022375973873, 9.626213695970364]",4.0,4.0,3.5191611800109968,,,30,1,2020_Jan_21_1250,FaceNameBlocked_revised,3.0.0,74.94511615240897,,8.3713060
82,Fem1Block.csv,Amanda3.mp4,Amanda.JPG,Amanda,1.0,F,Jenna,Katie,Hannah,Ashley,Amanda,Heather,Kelsey,Sarah,Natalie,Brittany,4.0,0.0,4.0,4.0,0.0,0.0,1.0,1.0,4.0,,,,,,,0.0,,,,,,,,,,,30,1,2020_Jan_21_1250,FaceNameBlocked_revised,3.0.0,74.94511615240897,,NaN
50,Male3Block.csv,Andrew2.mp4,Andrew.JPG,Andrew,32.0,M,Steven,Mark,David,Timothy,Jeremy,Dylan,Cody,Aaron,Andrew,Matthew,8.0,0.0,2.0,2.0,5.0,0.0,9.0,9.0,8.0,,,,,,,0.0,,,,,,,,,,,30,1,2020_Jan_21_1250,FaceNameBlocked_revised,3.0.0,74.94511615240897,,NaN
60,Male3Block.csv,Andrew2.mp4,Andrew.JPG,Andrew,32.0,M,Steven,Mark,David,Timothy,Jeremy,Dylan,Cody,Aaron,Andrew,Matthew,8.0,0.0,2.0,2.0,5.0,,,,,0.0,9.0,9.0,8.0,,,,,, Aaron,"['lshift', 'a', 'a', 'o', 'backspace', 'r', 'o', 'n']","[4.772499642916955, 4.933742513996549, 5.200539630954154, 5.733404828933999, 6.439322747988626, 6.626481548999436, 6.746246088994667, 6.933448429917917]",4.0,4.0,6.425458517973311,,,30,1,2020_Jan_21_1250,FaceNameBlocked_revised,3.0.0,74.94511615240897,,4.7724996
105,Fem2Block.csv,Anna3.mp4,Anna.JPG,Anna,2.0,F,Julia,Megan,Lauren,Courtney,Taylor,Anna,Shelby,Grace,Rebecca,Danielle,5.0,0.0,5.0,5.0,1.0,0.0,4.0,4.0,5.0,,,,,,,1.0,,,,,,,,,,,30,1,2020_Jan_21_1250,FaceNameBlocked_revised,3.0.0,74.94511615240897,,NaN
111,Fem2Block.csv,Anna3.mp4,Anna.JPG,Anna,2.0,F,Julia,Megan,Lauren,Courtney,Taylor,Anna,Shelby,Grace,Rebecca,Danielle,5.0,0.0,5.0,5.0,1.0,,,,,0.0,0.0,0.0,5.0,,,,space,1.6956073209876197, Anna,"['lshift', 'a', 'n', 'n', 'a']","[2.813322691945359, 3.1212701440090314, 3.4653959509450942, 3.627227628021501, 3.745417273021303]",4.0,5.0,7.506596766063013,,,30,1,2020_Jan_21_1250,FaceNameBlocked_revised,3.0.0,74.94511615240897,,2.8133226
99,Fem1Block.csv,Ashley3.mp4,Ashley.JPG,Ashley,3.0,F,Jenna,Katie,Hannah,Ashley,Amanda,Heather,Kelsey,Sarah,Natalie,Brittany,3.0,0.0,4.0,4.0,0.0,,,,,0.0,8.0,8.0,3.0,,,,,, ,None,,2.0,3.0,5.293894150061534,,,30,1,2020_Jan_21_1250,FaceNameBlocked_revised,3.0.0,74.94511615240897,,NaN
87,Fem1Block.csv,Ashley3.mp4,Ashley.JPG,Ashley,3.0,F,Jenna,Katie,Hannah,Ashley,Amanda,Heather,Kelsey,Sarah,Natalie,Brittany,3.0,0.0,4.0,4.0,0.0,0.0,6.0,6.0,3.0,,,,,,,1.0,,,,,,,,,,,30,1,2020_Jan_21_1250,FaceNameBlocked_revised,3.0.0,74.94511615240897,,NaN
2,Male1Block.csv,Bradley3.mp4,Bradley.JPG,Bradley,33.0,M,Noah,Jason,Justin,Thomas,Kevin,Bradley,Brandon,Adam,Brian,Michael,5.0,0.0,0.0,0.0,3.0,0.0,1.0,1.0,5.0,,,,,,,1.0,,,,,,,,,,,30,1,2020_Jan_21_1250,FaceNameBlocked_revised,3.0.0,74.94511615240897,,NaN
15,Male1Block.csv,Bradley3.mp4,Bradley.JPG,Bradley,33.0,M,Noah,Jason,Justin,Thomas,Kevin,Bradley,Brandon,Adam,Brian,Michael,5.0,0.0,0.0,0.0,3.0,,,,,0.0,4.0,4.0,5.0,,,,,, Michae,"['lshift', 'lshift', 'm', 'i', 'c', 'a', 'backspace', 'h', 'a', 'e']","[2.933620329014957, 3.0793412290513515, 6.560582417994738, 7.240197821054608, 7.5196617629844695, 8.039044755045325, 8.798924486036412, 9.45261410297826, 9.572656120057218, 9.812942070071585]",4.0,2.0,4.4790215169778085,,,30,1,2020_Jan_21_1250,FaceNameBlocked_revised,3.0.0,74.94511615240897,,2.9336203
18,Male1Block.csv,Brandon2.mp4,Brandon.JPG,Brandon,34.0,M,Noah,Jason,Justin,Thomas,Kevin,Bradley,Brandon,Adam,Brian,Michael,6.0,0.0,0.0,0.0,3.0,,,,,0.0,7.0,7.0,6.0,,,,,, Noah,"['lshift', 'n', 'o', 'a', 'h']","[3.067215212038718, 3.65508054709062, 4.33447367104236, 4.987324989051558, 5.201019096071832]",5.0,3.0,3.4399901500437413,,,30,1,2020_Jan_21_1250,FaceNameBlocked_revised,3.0.0,74.94511615240897,,3.0672152
1,Male1Block.csv,Brandon2.mp4,Brandon.JPG,Brandon,34.0,M,Noah,Jason,Justin,Thomas,Kevin,Bradley,Brandon,Adam,Brian,Michael,6.0,0.0,0.0,0.0,3.0,0.0,0.0,0.0,6.0,,,,,,,1.0,,,,,,,,,,,30,1,2020_Jan_21_1250,FaceNameBlocked_revised,3.0.0,74.94511615240897,,NaN
19,Male1Block.csv,Brian2.mp4,Brian.JPG,Brian,35.0,M,Noah,Jason,Justin,Thomas,Kevin,Bradley,Brandon,Adam,Brian,Michael,8.0,0.0,0.0,0.0,3.0,,,,,0.0,8.0,8.0,8.0,,,,,, Brandon,"['lshift', 'b', 'r', 'a', 'n', 'd', 'o', 'n']","[4.770961945061572, 6.345202008029446, 6.9579002590617165, 7.3558089199941605, 7.715928757097572, 7.915999427088536, 9.357539542019367, 9.59783987607807]",2.0,2.0,4.56154022004921,,,30,1,2020_Jan_21_1250,FaceNameBlocked_revised,3.0.0,74.94511615240897,,4.7709619
8,Male1Block.csv,Brian2.mp4,Brian.JPG,Brian,35.0,M,Noah,Jason,Justin,Thomas,Kevin,Bradley,Brandon,Adam,Brian,Michael,8.0,0.0,0.0,0.0,3.0,0.0,7.0,7.0,8.0,,,,,,,0.0,,,,,,,,,,,30,1,2020_Jan_21_1250,FaceNameBlocked_revised,3.0.0,74.94511615240897,,NaN
38,Fem3Block.csv,Brianna2.mp4,Brianna.JPG,Brianna,4.0,F,Jessica,Alyssa,Michelle,Emily,Rachel,Haley,Brianna,Kayla,Nicole,Olivia,6.0,0.0,1.0,1.0,2.0,,,,,0.0,7.0,7.0,6.0,,,,,, ,None,,2.0,2.0,3.4399598350282763,,,30,1,2020_Jan_21_1250,FaceNameBlocked_revised,3.0.0,74.94511615240897,,NaN
26,Fem3Block.csv,Brianna2.mp4,Brianna.JPG,Brianna,4.0,F,Jessica,Alyssa,Michelle,Emily,Rachel,Haley,Brianna,Kayla,Nicole,Olivia,6.0,0.0,1.0,1.0,2.0,0.0,5.0,5.0,6.0,,,,,,,1.0,,,,,,,,,,,30,1,2020_Jan_21_1250,FaceNameBlocked_revised,3.0.0,74.94511615240897,,NaN
95,Fem1Block.csv,Brittany2.mp4,Brittany.JPG,Brittany,5.0,F,Jenna,Katie,Hannah,Ashley,Amanda,Heather,Kelsey,Sarah,Natalie,Brittany,9.0,0.0,4.0,4.0,0.0,,,,,0.0,4.0,4.0,9.0,,,,,, ,"['lshift', 'b', 'backspace']","[1.9070314879063517, 4.175287657999434, 5.480675676953979]",1.0,1.0,3.26677391002886,,,30,1,2020_Jan_21_1250,FaceNameBlocked_revised,3.0.0,74.94511615240897,,1.9070314
89,Fem1Block.csv,Brittany2.mp4,Brittany.JPG,Brittany,5.0,F,Jenna,Katie,Hannah,Ashley,Amanda,Heather,Kelsey,Sarah,Natalie,Brittany,9.0,0.0,4.0,4.0,0.0,0.0,8.0,8.0,9.0,,,,,,,0.0,,,,,,,,,,,30,1,2020_Jan_21_1250,FaceNameBlocked_revised,3.0.0,74.94511615240897,,NaN
67,Male2Block.csv,Caleb5.mp4,Caleb.JPG,Caleb,36.0,M,Tyler,Kyle,Daniel,Eric,Nathan,Ethan,Jacob,Josh,Caleb,Trevor,8.0,0.0,3.0,3.0,4.0,0.0,6.0,6.0,8.0,,,,,,,0.0,,,,,,,,,,,30,1,2020_Jan_21_1250,FaceNameBlocked_revised,3.0.0,74.94511615240897,,NaN
76,Male2Block.csv,Caleb5.mp4,Caleb.JPG,Caleb,36.0,M,Tyler,Kyle,Daniel,Eric,Nathan,Ethan,Jacob,Josh,Caleb,Trevor,8.0,0.0,3.0,3.0,4.0,,,,,0.0,5.0,5.0,8.0,,,,,, ,None,,5.0,1.0,7.706612064968795,,,30,1,2020_Jan_21_1250,FaceNameBlocked_revised,3.0.0,74.94511615240897,,NaN
51,Male3Block.csv,Cody2.mp4,Cody.JPG,Cody,37.0,M,Steven,Mark,David,Timothy,Jeremy,Dylan,Cody,Aaron,Andrew,Matthew,6.0,0.0,2.0,2.0,5.0,,,,,0.0,0.0,0.0,6.0,,,,space,2.908897918998264, Cody,"['lshift', 'c', 'o', 'd', 'y']","[1.6136003260035068, 2.162216049968265, 2.4285180879523978, 2.561674330965616, 2.8418304279912263]",3.0,3.0,1.1493676529498769,,,30,1,2020_Jan_21_1250,FaceNameBlocked_revised,3.0.0,74.94511615240897,,1.6136003
48,Male3Block.csv,Cody2.mp4,Cody.JPG,Cody,37.0,M,Steven,Mark,David,Timothy,Jeremy,Dylan,Cody,Aaron,Andrew,Matthew,6.0,0.0,2.0,2.0,5.0,0.0,7.0,7.0,6.0,,,,,,,1.0,,,,,,,,,,,30,1,2020_Jan_21_1250,FaceNameBlocked_revised,3.0.0,74.94511615240897,,NaN
109,Fem2Block.csv,Courtney2.mp4,Courtney.JPG,Courtney,6.0,F,Julia,Megan,Lauren,Courtney,Taylor,Anna,Shelby,Grace,Rebecca,Danielle,3.0,0.0,5.0,5.0,1.0,0.0,8.0,8.0,3.0,,,,,,,1.0,,,,,,,,,,,30,1,2020_Jan_21_1250,FaceNameBlocked_revised,3.0.0,74.94511615240897,,NaN
115,Fem2Block.csv,Courtney2.mp4,Courtney.JPG,Courtney,6.0,F,Julia,Megan,Lauren,Courtney,Taylor,Anna,Shelby,Grace,Rebecca,Danielle,3.0,0.0,5.0,5.0,1.0,,,,,0.0,4.0,4.0,3.0,,,,,, Courtney,"['lshift', 'c', 'o', 'u', 'r', 't', 'n', 'e', 'y']","[1.4672640518983826, 1.7225335269467905, 2.202462487970479, 2.5221793439704925, 2.694873301894404, 2.9484761559870094, 3.2149307009531185, 3.3885832289233804, 3.6682477860013023]",5.0,5.0,1.6248764930060131,,,30,1,2020_Jan_21_1250,FaceNameBlocked_revised,3.0.0,74.94511615240897,,1.4672640
77,Male2Block.csv,Daniel3.mp4,Daniel.JPG,Daniel,38.0,M,Tyler,Kyle,Daniel,Eric,Nathan,Ethan,Jacob,Josh,Caleb,Trevor,2.0,0.0,3.0,3.0,4.0,,,,,0.0,6.0,6.0,2.0,,,,,, Caleb,"['lshift', 'c', 'a', 'l', 'e', 'b']","[3.825830533984117, 6.427126370952465, 7.039431856945157, 7.200473885983229, 7.560362113988958, 7.706843495951034]",1.0,2.0,4.373261986998841,,,30,1,2020_Jan_21_1250,FaceNameBlocked_revised,3.0.0,74.94511615240897,,3.8258305
68,Male2Block.csv,Daniel3.mp4,Daniel.JPG,Daniel,38.0,M,Tyler,Kyle,Daniel,Eric,Nathan,Ethan,Jacob,Josh,Caleb,Trevor,2.0,0.0,3.0,3.0,4.0,0.0,7.0,7.0,2.0,,,,,,,0.0,,,,,,,,,,,30,1,2020_Jan_21_1250,FaceNameBlocked_revised,3.0.0,74.94511615240897,,NaN
113,Fem2Block.csv,Danielle2.mp4,Danielle.JPG,Danielle,7.0,F,Julia,Megan,Lauren,Courtney,Taylor,Anna,Shelby,Grace,Rebecca,Danielle,9.0,0.0,5.0,5.0,1.0,,,,,0.0,2.0,2.0,9.0,,,,,, Danielle,"['lshift', 'd', 'a', 'n', 'i', 'e', 'l', 'l', 'e']","[1.3344058910151944, 1.5358306920388713, 1.7885603359900415, 1.9359150440432131, 2.1224140130216256, 2.28205647401046, 2.4264029500773177, 2.5622401940636337, 2.6946039930917323]",5.0,5.0,1.5490260620135814,,,30,1,2020_Jan_21_1250,FaceNameBlocked_revised,3.0.0,74.94511615240897,,1.3344058
101,Fem2Block.csv,Danielle2.mp4,Danielle.JPG,Danielle,7.0,F,Julia,Megan,Lauren,Courtney,Taylor,Anna,Shelby,Grace,Rebecca,Danielle,9.0,0.0,5.0,5.0,1.0,0.0,0.0,0.0,9.0,,,,,,,0.0,,,,,,,,,,,30,1,2020_Jan_21_1250,FaceNameBlocked_revised,3.0.0,74.94511615240897,,NaN
43,Male3Block.csv,David2.mp4,David.JPG,David,39.0,M,Steven,Mark,David,Timothy,Jeremy,Dylan,Cody,Aaron,Andrew,Matthew,2.0,0.0,2.0,2.0,5.0,0.0,2.0,2.0,2.0,,,,,,,0.0,,,,,,,,,,,30,1,2020_Jan_21_1250,FaceNameBlocked_revised,3.0.0,74.94511615240897,,NaN
58,Male3Block.csv,David2.mp4,David.JPG,David,39.0,M,Steven,Mark,David,Timothy,Jeremy,Dylan,Cody,Aaron,Andrew,Matthew,2.0,0.0,2.0,2.0,5.0,,,,,0.0,7.0,7.0,2.0,,,,,, Dylan,"['lshift', 'd', 'y', 'l', 'a', 'n']","[1.6144811530830339, 1.9087859350256622, 2.32161264505703, 3.175092461053282, 3.7215233619790524, 4.067404343979433]",5.0,2.0,2.7878188240574677,,,30,1,2020_Jan_21_1250,FaceNameBlocked_revised,3.0.0,74.94511615240897,,1.6144811
59,Male3Block.csv,Dylan3.mp4,Dylan.JPG,Dylan,40.0,M,Steven,Mark,David,Timothy,Jeremy,Dylan,Cody,Aaron,Andrew,Matthew,5.0,0.0,2.0,2.0,5.0,,,,,0.0,8.0,8.0,5.0,,,,,, ,"['lshift', 'd', 'backspace']","[2.6261794469319284, 3.600291047943756, 4.639565638964996]",4.0,2.0,4.094544432940893,,,30,1,2020_Jan_21_1250,FaceNameBlocked_revised,3.0.0,74.94511615240897,,2.6261794
41,Male3Block.csv,Dylan3.mp4,Dylan.JPG,Dylan,40.0,M,Steven,Mark,David,Timothy,Jeremy,Dylan,Cody,Aaron,Andrew,Matthew,5.0,0.0,2.0,2.0,5.0,0.0,0.0,0.0,5.0,,,,,,,1.0,,,,,,,,,,,30,1,2020_Jan_21_1250,FaceNameBlocked_revised,3.0.0,74.94511615240897,,NaN
29,Fem3Block.csv,Emily5.mp4,Emily.JPG,Emily,8.0,F,Jessica,Alyssa,Michelle,Emily,Rachel,Haley,Brianna,Kayla,Nicole,Olivia,3.0,0.0,1.0,1.0,2.0,0.0,8.0,8.0,3.0,,,,,,,1.0,,,,,,,,,,,30,1,2020_Jan_21_1250,FaceNameBlocked_revised,3.0.0,74.94511615240897,,NaN
31,Fem3Block.csv,Emily5.mp4,Emily.JPG,Emily,8.0,F,Jessica,Alyssa,Michelle,Emily,Rachel,Haley,Brianna,Kayla,Nicole,Olivia,3.0,0.0,1.0,1.0,2.0,,,,,0.0,0.0,0.0,3.0,,,,space,3.8947285229805857, Emily,"['lshift', 'e', 'm', 'i', 'l', 'y']","[1.1610709830420092, 1.5226110169896856, 2.855340910027735, 3.0681055809836835, 3.294641530024819, 3.66847700800281]",3.0,3.0,1.1619063389953226,,,30,1,2020_Jan_21_1250,FaceNameBlocked_revised,3.0.0,74.94511615240897,,1.1610709
72,Male2Block.csv,Eric2.mp4,Eric.JPG,Eric,41.0,M,Tyler,Kyle,Daniel,Eric,Nathan,Ethan,Jacob,Josh,Caleb,Trevor,3.0,0.0,3.0,3.0,4.0,,,,,0.0,1.0,1.0,3.0,,,,,, tyler,"['lshift', 'j', 'o', 's', 'h', 'backspace', 'backspace', 'backspace', 'backspace', 't', 'y', 'l', 'e', 'r']","[1.4129781449446455, 1.5608618529513478, 1.7211470649344847, 1.9346050089225173, 2.066816058009863, 3.493081418913789, 5.119426155928522, 5.278688797960058, 5.412648292956874, 5.879203334916383, 5.9859535719733685, 6.318945708917454, 6.532314152922481, 6.6528768870048225]",1.0,3.0,1.2263106949394569,,,30,1,2020_Jan_21_1250,FaceNameBlocked_revised,3.0.0,74.94511615240897,,1.4129781
69,Male2Block.csv,Eric2.mp4,Eric.JPG,Eric,41.0,M,Tyler,Kyle,Daniel,Eric,Nathan,Ethan,Jacob,Josh,Caleb,Trevor,3.0,0.0,3.0,3.0,4.0,0.0,8.0,8.0,3.0,,,,,,,1.0,,,,,,,,,,,30,1,2020_Jan_21_1250,FaceNameBlocked_revised,3.0.0,74.94511615240897,,NaN
61,Male2Block.csv,Ethan2.mp4,Ethan.JPG,Ethan,42.0,M,Tyler,Kyle,Daniel,Eric,Nathan,Ethan,Jacob,Josh,Caleb,Trevor,5.0,0.0,3.0,3.0,4.0,0.0,0.0,0.0,5.0,,,,,,,1.0,,,,,,,,,,,30,1,2020_Jan_21_1250,FaceNameBlocked_revised,3.0.0,74.94511615240897,,NaN
73,Male2Block.csv,Ethan2.mp4,Ethan.JPG,Ethan,42.0,M,Tyler,Kyle,Daniel,Eric,Nathan,Ethan,Jacob,Josh,Caleb,Trevor,5.0,0.0,3.0,3.0,4.0,,,,,0.0,2.0,2.0,5.0,,,,,, Josh,"['lshift', 'j', 'o', 's', 'h']","[2.0527360930573195, 3.094453408033587, 3.493934047059156, 3.8142372460570186, 4.253599615069106]",3.0,5.0,5.8139565309975305,,,30,1,2020_Jan_21_1250,FaceNameBlocked_revised,3.0.0,74.94511615240897,,2.0527360
107,Fem2Block.csv,Grace3.mp4,Grace.JPG,Grace,9.0,F,Julia,Megan,Lauren,Courtney,Taylor,Anna,Shelby,Grace,Rebecca,Danielle,7.0,0.0,5.0,5.0,1.0,0.0,6.0,6.0,7.0,,,,,,,1.0,,,,,,,,,,,30,1,2020_Jan_21_1250,FaceNameBlocked_revised,3.0.0,74.94511615240897,,NaN
118,Fem2Block.csv,Grace3.mp4,Grace.JPG,Grace,9.0,F,Julia,Megan,Lauren,Courtney,Taylor,Anna,Shelby,Grace,Rebecca,Danielle,7.0,0.0,5.0,5.0,1.0,,,,,0.0,7.0,7.0,7.0,,,,,, Grace,"['lshift', 'g', 'r', 'a', 'c', 'e']","[0.9207426210632548, 1.2277816290734336, 1.4951937070582062, 1.6277033850783482, 1.7877912580734119, 1.9750130590982735]",1.0,1.0,2.612406307947822,,,30,1,2020_Jan_21_1250,FaceNameBlocked_revised,3.0.0,74.94511615240897,,0.9207426
36,Fem3Block.csv,Haley2.mp4,Haley.JPG,Haley,10.0,F,Jessica,Alyssa,Michelle,Emily,Rachel,Haley,Brianna,Kayla,Nicole,Olivia,5.0,0.0,1.0,1.0,2.0,,,,,0.0,5.0,5.0,5.0,,,,,, nicole,"['n', 'i', 'c', 'o', 'l', 'e']","[4.454765230999328, 6.613776964950375, 6.733464987017214, 6.840409914031625, 7.000114326947369, 7.0936292299302295]",5.0,1.0,5.081243950990029,,,30,1,2020_Jan_21_1250,FaceNameBlocked_revised,3.0.0,74.94511615240897,,4.4547652
23,Fem3Block.csv,Haley2.mp4,Haley.JPG,Haley,10.0,F,Jessica,Alyssa,Michelle,Emily,Rachel,Haley,Brianna,Kayla,Nicole,Olivia,5.0,0.0,1.0,1.0,2.0,0.0,2.0,2.0,5.0,,,,,,,1.0,,,,,,,,,,,30,1,2020_Jan_21_1250,FaceNameBlocked_revised,3.0.0,74.94511615240897,,NaN
85,Fem1Block.csv,Hannah2.mp4,Hannah.JPG,Hannah,11.0,F,Jenna,Katie,Hannah,Ashley,Amanda,Heather,Kelsey,Sarah,Natalie,Brittany,2.0,0.0,4.0,4.0,0.0,0.0,4.0,4.0,2.0,,,,,,,0.0,,,,,,,,,,,30,1,2020_Jan_21_1250,FaceNameBlocked_revised,3.0.0,74.94511615240897,,NaN
96,Fem1Block.csv,Hannah2.mp4,Hannah.JPG,Hannah,11.0,F,Jenna,Katie,Hannah,Ashley,Amanda,Heather,Kelsey,Sarah,Natalie,Brittany,2.0,0.0,4.0,4.0,0.0,,,,,0.0,5.0,5.0,2.0,,,,,, Hannah,"['lshift', 'h', 'a', 'n', 'n', 'a', 'h']","[0.9338091810932383, 2.095081545994617, 2.4817206719890237, 2.7744381109951064, 2.9479990700492635, 3.228413335978985, 3.5481493880506605]",1.0,1.0,2.6154557010158896,,,30,1,2020_Jan_21_1250,FaceNameBlocked_revised,3.0.0,74.94511615240897,,0.9338091
88,Fem1Block.csv,Heather3.mp4,Heather.JPG,Heather,12.0,F,Jenna,Katie,Hannah,Ashley,Amanda,Heather,Kelsey,Sarah,Natalie,Brittany,5.0,0.0,4.0,4.0,0.0,0.0,7.0,7.0,5.0,,,,,,,1.0,,,,,,,,,,,30,1,2020_Jan_21_1250,FaceNameBlocked_revised,3.0.0,74.94511615240897,,NaN
98,Fem1Block.csv,Heather3.mp4,Heather.JPG,Heather,12.0,F,Jenna,Katie,Hannah,Ashley,Amanda,Heather,Kelsey,Sarah,Natalie,Brittany,5.0,0.0,4.0,4.0,0.0,,,,,0.0,7.0,7.0,5.0,,,,,, Heather,"['lshift', 'h', 'e', 'a', 't', 'h', 'e', 'r']","[1.133595547056757, 1.294940841034986, 1.574572399025783, 2.0938385169720277, 2.3078897109953687, 2.627357898047194, 3.000918184989132, 3.1208695579553023]",3.0,3.0,1.6137577730696648,,,30,1,2020_Jan_21_1250,FaceNameBlocked_revised,3.0.0,74.94511615240897,,1.1335955
71,Male2Block.csv,Jacob3.mp4,Jacob.JPG,Jacob,43.0,M,Tyler,Kyle,Daniel,Eric,Nathan,Ethan,Jacob,Josh,Caleb,Trevor,6.0,0.0,3.0,3.0,4.0,,,,,0.0,0.0,0.0,6.0,,,,space,3.095203635049984, Eric,"['lshift', 'e', 'r', 'i', 'c']","[2.786406287108548, 5.320019453996792, 5.6136314700124785, 5.73363984702155, 5.8667423480656]",3.0,1.0,6.160356744076124,,,30,1,2020_Jan_21_1250,FaceNameBlocked_revised,3.0.0,74.94511615240897,,2.7864062
63,Male2Block.csv,Jacob3.mp4,Jacob.JPG,Jacob,43.0,M,Tyler,Kyle,Daniel,Eric,Nathan,Ethan,Jacob,Josh,Caleb,Trevor,6.0,0.0,3.0,3.0,4.0,0.0,2.0,2.0,6.0,,,,,,,1.0,,,,,,,,,,,30,1,2020_Jan_21_1250,FaceNameBlocked_revised,3.0.0,74.94511615240897,,NaN
6,Male1Block.csv,Jason4.mp4,Jason.JPG,Jason,44.0,M,Noah,Jason,Justin,Thomas,Kevin,Bradley,Brandon,Adam,Brian,Michael,1.0,0.0,0.0,0.0,3.0,0.0,5.0,5.0,1.0,,,,,,,0.0,,,,,,,,,,,30,1,2020_Jan_21_1250,FaceNameBlocked_revised,3.0.0,74.94511615240897,,NaN
12,Male1Block.csv,Jason4.mp4,Jason.JPG,Jason,44.0,M,Noah,Jason,Justin,Thomas,Kevin,Bradley,Brandon,Adam,Brian,Michael,1.0,0.0,0.0,0.0,3.0,,,,,0.0,1.0,1.0,1.0,,,,,, Noah,"['lshift', 'n', 'o', 'a', 'h']","[4.746366046951152, 5.478613225976005, 5.680645968997851, 5.840924230986275, 5.933298913994804]",2.0,3.0,6.347093416959979,,,30,1,2020_Jan_21_1250,FaceNameBlocked_revised,3.0.0,74.94511615240897,,4.7463660
92,Fem1Block.csv,Jenna4.mp4,Jenna.JPG,Jenna,13.0,F,Jenna,Katie,Hannah,Ashley,Amanda,Heather,Kelsey,Sarah,Natalie,Brittany,0.0,0.0,4.0,4.0,0.0,,,,,0.0,1.0,1.0,0.0,,,,,, Jenna,"['lshift', 'j', 'e', 'n', 'n', 'a']","[0.7738152670208365, 0.9890214579645544, 1.108363131992519, 1.42845900694374, 1.8417298789136112, 1.9752964549697936]",5.0,5.0,1.2288890409981832,,,30,1,2020_Jan_21_1250,FaceNameBlocked_revised,3.0.0,74.94511615240897,,0.7738152
90,Fem1Block.csv,Jenna4.mp4,Jenna.JPG,Jenna,13.0,F,Jenna,Katie,Hannah,Ashley,Amanda,Heather,Kelsey,Sarah,Natalie,Brittany,0.0,0.0,4.0,4.0,0.0,0.0,9.0,9.0,0.0,,,,,,,1.0,,,,,,,,,,,30,1,2020_Jan_21_1250,FaceNameBlocked_revised,3.0.0,74.94511615240897,,NaN
54,Male3Block.csv,Jeremy2.mp4,Jeremy.JPG,Jeremy,45.0,M,Steven,Mark,David,Timothy,Jeremy,Dylan,Cody,Aaron,Andrew,Matthew,4.0,0.0,2.0,2.0,5.0,,,,,0.0,3.0,3.0,4.0,,,,,, Steven,"['lshift', 's', 't', 'e', 'v', 'e', 'n']","[5.211210694978945, 5.5326631519710645, 5.732439071987756, 5.93248491093982, 6.412516728974879, 6.638826921000145, 6.958750050980598]",1.0,3.0,3.266561606898904,,,30,1,2020_Jan_21_1250,FaceNameBlocked_revised,3.0.0,74.94511615240897,,5.2112106
45,Male3Block.csv,Jeremy2.mp4,Jeremy.JPG,Jeremy,45.0,M,Steven,Mark,David,Timothy,Jeremy,Dylan,Cody,Aaron,Andrew,Matthew,4.0,0.0,2.0,2.0,5.0,0.0,4.0,4.0,4.0,,,,,,,0.0,,,,,,,,,,,30,1,2020_Jan_21_1250,FaceNameBlocked_revised,3.0.0,74.94511615240897,,NaN
22,Fem3Block.csv,Jessica2.mp4,Jessica.JPG,Jessica,14.0,F,Jessica,Alyssa,Michelle,Emily,Rachel,Haley,Brianna,Kayla,Nicole,Olivia,0.0,0.0,1.0,1.0,2.0,0.0,1.0,1.0,0.0,,,,,,,1.0,,,,,,,,,,,30,1,2020_Jan_21_1250,FaceNameBlocked_revised,3.0.0,74.94511615240897,,NaN
39,Fem3Block.csv,Jessica2.mp4,Jessica.JPG,Jessica,14.0,F,Jessica,Alyssa,Michelle,Emily,Rachel,Haley,Brianna,Kayla,Nicole,Olivia,0.0,0.0,1.0,1.0,2.0,,,,,0.0,8.0,8.0,0.0,,,,,, Nicole,"['lshift', 'n', 'i', 'c', 'o', 'l', 'e']","[3.8794074050383642, 4.054160076077096, 4.373869232018478, 4.533804038073868, 4.960070013999939, 5.1867653540102765, 5.372655880986713]",4.0,4.0,5.774225462926553,,,30,1,2020_Jan_21_1250,FaceNameBlocked_revised,3.0.0,74.94511615240897,,3.8794074
79,Male2Block.csv,Josh3.mp4,Josh.JPG,Josh,46.0,M,Tyler,Kyle,Daniel,Eric,Nathan,Ethan,Jacob,Josh,Caleb,Trevor,7.0,0.0,3.0,3.0,4.0,,,,,0.0,8.0,8.0,7.0,,,,,, Josh,"['lshift', 'j', 'o', 's', 'h']","[1.3731314230244607, 1.5485806029755622, 1.8150276909582317, 2.0544661299791187, 2.454607240972109]",1.0,1.0,1.4683423680253327,,,30,1,2020_Jan_21_1250,FaceNameBlocked_revised,3.0.0,74.94511615240897,,1.3731314
65,Male2Block.csv,Josh3.mp4,Josh.JPG,Josh,46.0,M,Tyler,Kyle,Daniel,Eric,Nathan,Ethan,Jacob,Josh,Caleb,Trevor,7.0,0.0,3.0,3.0,4.0,0.0,4.0,4.0,7.0,,,,,,,1.0,,,,,,,,,,,30,1,2020_Jan_21_1250,FaceNameBlocked_revised,3.0.0,74.94511615240897,,NaN
103,Fem2Block.csv,Julia2.mp4,Julia.JPG,Julia,15.0,F,Julia,Megan,Lauren,Courtney,Taylor,Anna,Shelby,Grace,Rebecca,Danielle,0.0,0.0,5.0,5.0,1.0,0.0,2.0,2.0,0.0,,,,,,,1.0,,,,,,,,,,,30,1,2020_Jan_21_1250,FaceNameBlocked_revised,3.0.0,74.94511615240897,,NaN
114,Fem2Block.csv,Julia2.mp4,Julia.JPG,Julia,15.0,F,Julia,Megan,Lauren,Courtney,Taylor,Anna,Shelby,Grace,Rebecca,Danielle,0.0,0.0,5.0,5.0,1.0,,,,,0.0,3.0,3.0,0.0,,,,,, Julia,"['lshift', 'j', 'u', 'l', 'i', 'a']","[0.6145561650628224, 1.0025680210674182, 1.2427751290379092, 1.5492947159800678, 1.8424929260509089, 2.6665953510673717]",3.0,3.0,2.2817864170065154,,,30,1,2020_Jan_21_1250,FaceNameBlocked_revised,3.0.0,74.94511615240897,,0.6145561
3,Male1Block.csv,Justin2.mp4,Justin.JPG,Justin,47.0,M,Noah,Jason,Justin,Thomas,Kevin,Bradley,Brandon,Adam,Brian,Michael,2.0,0.0,0.0,0.0,3.0,0.0,2.0,2.0,2.0,,,,,,,0.0,,,,,,,,,,,30,1,2020_Jan_21_1250,FaceNameBlocked_revised,3.0.0,74.94511615240897,,NaN
17,Male1Block.csv,Justin2.mp4,Justin.JPG,Justin,47.0,M,Noah,Jason,Justin,Thomas,Kevin,Bradley,Brandon,Adam,Brian,Michael,2.0,0.0,0.0,0.0,3.0,,,,,0.0,6.0,6.0,2.0,,,,,, ,None,,1.0,1.0,4.613961164955981,,,30,1,2020_Jan_21_1250,FaceNameBlocked_revised,3.0.0,74.94511615240897,,NaN
86,Fem1Block.csv,Katie2.mp4,Katie.JPG,Katie,16.0,F,Jenna,Katie,Hannah,Ashley,Amanda,Heather,Kelsey,Sarah,Natalie,Brittany,1.0,0.0,4.0,4.0,0.0,0.0,5.0,5.0,1.0,,,,,,,0.0,,,,,,,,,,,30,1,2020_Jan_21_1250,FaceNameBlocked_revised,3.0.0,74.94511615240897,,NaN
91,Fem1Block.csv,Katie2.mp4,Katie.JPG,Katie,16.0,F,Jenna,Katie,Hannah,Ashley,Amanda,Heather,Kelsey,Sarah,Natalie,Brittany,1.0,0.0,4.0,4.0,0.0,,,,,0.0,0.0,0.0,1.0,,,,space,3.1624385780887683, Katie,"['lshift', 'k', 'a', 't', 'i', 'e']","[0.9469513000221923, 1.2421844580676407, 1.4019828110467643, 1.721667019999586, 1.8412112810183316, 1.948136911028996]",3.0,3.0,2.1613581529818475,,,30,1,2020_Jan_21_1250,FaceNameBlocked_revised,3.0.0,74.94511615240897,,0.9469513
35,Fem3Block.csv,Kayla3.mp4,Kayla.JPG,Kayla,17.0,F,Jessica,Alyssa,Michelle,Emily,Rachel,Haley,Brianna,Kayla,Nicole,Olivia,7.0,0.0,1.0,1.0,2.0,,,,,0.0,4.0,4.0,7.0,,,,,, Kayla,"['lshift', 'k', 'a', 'y', 'l', 'a']","[3.2664211619412526, 4.880329497973435, 5.280241918982938, 5.358656917931512, 6.133658280945383, 6.4402291079750285]",3.0,3.0,4.146258489927277,,,30,1,2020_Jan_21_1250,FaceNameBlocked_revised,3.0.0,74.94511615240897,,3.2664211
24,Fem3Block.csv,Kayla3.mp4,Kayla.JPG,Kayla,17.0,F,Jessica,Alyssa,Michelle,Emily,Rachel,Haley,Brianna,Kayla,Nicole,Olivia,7.0,0.0,1.0,1.0,2.0,0.0,3.0,3.0,7.0,,,,,,,1.0,,,,,,,,,,,30,1,2020_Jan_21_1250,FaceNameBlocked_revised,3.0.0,74.94511615240897,,NaN
94,Fem1Block.csv,Kelsey2.mp4,Kelsey.JPG,Kelsey,18.0,F,Jenna,Katie,Hannah,Ashley,Amanda,Heather,Kelsey,Sarah,Natalie,Brittany,6.0,0.0,4.0,4.0,0.0,,,,,0.0,3.0,3.0,6.0,,,,,, Kelsey,"['lshift', 'k', 'l', 'backspace', 'e', 'l', 's', 'e', 'y']","[2.6663517559645697, 2.8408437790349126, 3.120707157999277, 3.7732337589841336, 3.960664713056758, 4.2806099760346115, 4.53399253601674, 4.733811439014971, 4.893935754080303]",1.0,1.0,1.6410147689748555,,,30,1,2020_Jan_21_1250,FaceNameBlocked_revised,3.0.0,74.94511615240897,,2.6663517
81,Fem1Block.csv,Kelsey2.mp4,Kelsey.JPG,Kelsey,18.0,F,Jenna,Katie,Hannah,Ashley,Amanda,Heather,Kelsey,Sarah,Natalie,Brittany,6.0,0.0,4.0,4.0,0.0,0.0,0.0,0.0,6.0,,,,,,,1.0,,,,,,,,,,,30,1,2020_Jan_21_1250,FaceNameBlocked_revised,3.0.0,74.94511615240897,,NaN
13,Male1Block.csv,Kevin2.mp4,Kevin.JPG,Kevin,48.0,M,Noah,Jason,Justin,Thomas,Kevin,Bradley,Brandon,Adam,Brian,Michael,4.0,0.0,0.0,0.0,3.0,,,,,0.0,2.0,2.0,4.0,,,,,, Kevin,"['lshift', 'k', 'e', 'v', 'i', 'n']","[1.1603659889660776, 1.4150849269935861, 1.628144667018205, 1.8281564339995384, 2.0010099289938807, 2.214047661051154]",1.0,1.0,1.3322723209857938,,,30,1,2020_Jan_21_1250,FaceNameBlocked_revised,3.0.0,74.94511615240897,,1.1603659
7,Male1Block.csv,Kevin2.mp4,Kevin.JPG,Kevin,48.0,M,Noah,Jason,Justin,Thomas,Kevin,Bradley,Brandon,Adam,Brian,Michael,4.0,0.0,0.0,0.0,3.0,0.0,6.0,6.0,4.0,,,,,,,0.0,,,,,,,,,,,30,1,2020_Jan_21_1250,FaceNameBlocked_revised,3.0.0,74.94511615240897,,NaN
75,Male2Block.csv,Kyle3.mp4,Kyle.JPG,Kyle,49.0,M,Tyler,Kyle,Daniel,Eric,Nathan,Ethan,Jacob,Josh,Caleb,Trevor,1.0,0.0,3.0,3.0,4.0,,,,,0.0,4.0,4.0,1.0,,,,,, Caleb,"['lshift', 'c', 'a', 'l', 'e', 'b']","[5.985737111070193, 6.440205733058974, 7.227218216052279, 7.426931939087808, 7.719994483049959, 8.026860837009735]",3.0,1.0,6.720347187947482,,,30,1,2020_Jan_21_1250,FaceNameBlocked_revised,3.0.0,74.94511615240897,,5.9857371
62,Male2Block.csv,Kyle3.mp4,Kyle.JPG,Kyle,49.0,M,Tyler,Kyle,Daniel,Eric,Nathan,Ethan,Jacob,Josh,Caleb,Trevor,1.0,0.0,3.0,3.0,4.0,0.0,1.0,1.0,1.0,,,,,,,0.0,,,,,,,,,,,30,1,2020_Jan_21_1250,FaceNameBlocked_revised,3.0.0,74.94511615240897,,NaN
110,Fem2Block.csv,Lauren4.mp4,Lauren.JPG,Lauren,19.0,F,Julia,Megan,Lauren,Courtney,Taylor,Anna,Shelby,Grace,Rebecca,Danielle,2.0,0.0,5.0,5.0,1.0,0.0,9.0,9.0,2.0,,,,,,,0.0,,,,,,,,,,,30,1,2020_Jan_21_1250,FaceNameBlocked_revised,3.0.0,74.94511615240897,,NaN
119,Fem2Block.csv,Lauren4.mp4,Lauren.JPG,Lauren,19.0,F,Julia,Megan,Lauren,Courtney,Taylor,Anna,Shelby,Grace,Rebecca,Danielle,2.0,0.0,5.0,5.0,1.0,,,,,0.0,8.0,8.0,2.0,,,,,, ,None,,4.0,4.0,6.761124833952636,,,30,1,2020_Jan_21_1250,FaceNameBlocked_revised,3.0.0,74.94511615240897,,NaN
57,Male3Block.csv,Mark3.mp4,Mark.JPG,Mark,50.0,M,Steven,Mark,David,Timothy,Jeremy,Dylan,Cody,Aaron,Andrew,Matthew,1.0,0.0,2.0,2.0,5.0,,,,,0.0,6.0,6.0,1.0,,,,,, Mark,"['lshift', 'm', 'a', 'k', 'backspace', 'r', 'k']","[5.450964540010318, 6.345660943072289, 6.705155425006524, 7.251170013099909, 7.918122125091031, 8.13149635703303, 8.331072109052911]",1.0,1.0,1.735160617972724,,,30,1,2020_Jan_21_1250,FaceNameBlocked_revised,3.0.0,74.94511615240897,,5.4509645
46,Male3Block.csv,Mark3.mp4,Mark.JPG,Mark,50.0,M,Steven,Mark,David,Timothy,Jeremy,Dylan,Cody,Aaron,Andrew,Matthew,1.0,0.0,2.0,2.0,5.0,0.0,5.0,5.0,1.0,,,,,,,0.0,,,,,,,,,,,30,1,2020_Jan_21_1250,FaceNameBlocked_revised,3.0.0,74.94511615240897,,NaN
52,Male3Block.csv,Matthew2.mp4,Matthew.JPG,Matthew,51.0,M,Steven,Mark,David,Timothy,Jeremy,Dylan,Cody,Aaron,Andrew,Matthew,9.0,0.0,2.0,2.0,5.0,,,,,0.0,1.0,1.0,9.0,,,,,, Matthew,"['lshift', 'm', 'a', 't', 't', 'h', 'e', 'w']","[2.0123867000220343, 3.653125472017564, 3.9597914930200204, 4.092856799019501, 4.265394469955936, 4.479683130048215, 4.612596011953428, 4.839563657995313]",2.0,2.0,2.693424082011916,,,30,1,2020_Jan_21_1250,FaceNameBlocked_revised,3.0.0,74.94511615240897,,2.0123867
44,Male3Block.csv,Matthew2.mp4,Matthew.JPG,Matthew,51.0,M,Steven,Mark,David,Timothy,Jeremy,Dylan,Cody,Aaron,Andrew,Matthew,9.0,0.0,2.0,2.0,5.0,0.0,3.0,3.0,9.0,,,,,,,0.0,,,,,,,,,,,30,1,2020_Jan_21_1250,FaceNameBlocked_revised,3.0.0,74.94511615240897,,NaN
116,Fem2Block.csv,Megan2.mp4,Megan.JPG,Megan,20.0,F,Julia,Megan,Lauren,Courtney,Taylor,Anna,Shelby,Grace,Rebecca,Danielle,1.0,0.0,5.0,5.0,1.0,,,,,0.0,5.0,5.0,1.0,,,,,, Taylor,"['lshift', 't', 'a', 'y', 'l', 'o', 'r']","[6.3590670839184895, 6.826915073907003, 7.040835110936314, 7.147068950929679, 7.6670331408968195, 7.946933896979317, 8.079921801923774]",1.0,1.0,4.387590377940796,,,30,1,2020_Jan_21_1250,FaceNameBlocked_revised,3.0.0,74.94511615240897,,6.3590670
108,Fem2Block.csv,Megan2.mp4,Megan.JPG,Megan,20.0,F,Julia,Megan,Lauren,Courtney,Taylor,Anna,Shelby,Grace,Rebecca,Danielle,1.0,0.0,5.0,5.0,1.0,0.0,7.0,7.0,1.0,,,,,,,0.0,,,,,,,,,,,30,1,2020_Jan_21_1250,FaceNameBlocked_revised,3.0.0,74.94511615240897,,NaN
16,Male1Block.csv,Michael2.mp4,Michael.JPG,Michael,52.0,M,Noah,Jason,Justin,Thomas,Kevin,Bradley,Brandon,Adam,Brian,Michael,9.0,0.0,0.0,0.0,3.0,,,,,0.0,5.0,5.0,9.0,,,,,, Bradley,"['lshift', 'b', 'r', 'a', 'd', 'l', 'e', 'y']","[4.279421641025692, 5.86644423706457, 6.199778886977583, 6.413111562957056, 7.306340869050473, 7.452759310021065, 7.5858041499741375, 7.746002424042672]",1.0,3.0,1.175114840036258,,,30,1,2020_Jan_21_1250,FaceNameBlocked_revised,3.0.0,74.94511615240897,,4.2794216
5,Male1Block.csv,Michael2.mp4,Michael.JPG,Michael,52.0,M,Noah,Jason,Justin,Thomas,Kevin,Bradley,Brandon,Adam,Brian,Michael,9.0,0.0,0.0,0.0,3.0,0.0,4.0,4.0,9.0,,,,,,,0.0,,,,,,,,,,,30,1,2020_Jan_21_1250,FaceNameBlocked_revised,3.0.0,74.94511615240897,,NaN
40,Fem3Block.csv,Michelle2.mp4,Michelle.JPG,Michelle,21.0,F,Jessica,Alyssa,Michelle,Emily,Rachel,Haley,Brianna,Kayla,Nicole,Olivia,2.0,0.0,1.0,1.0,2.0,,,,,0.0,9.0,9.0,2.0,,,,,, Kayla,"['lshift', 'k', 'a', 'y', 'l', 'a']","[4.999304456054233, 5.1608889430062845, 5.520639961003326, 5.614332528086379, 6.214013835065998, 6.320637417025864]",5.0,2.0,5.454706659074873,,,30,1,2020_Jan_21_1250,FaceNameBlocked_revised,3.0.0,74.94511615240897,,4.9993044
27,Fem3Block.csv,Michelle2.mp4,Michelle.JPG,Michelle,21.0,F,Jessica,Alyssa,Michelle,Emily,Rachel,Haley,Brianna,Kayla,Nicole,Olivia,2.0,0.0,1.0,1.0,2.0,0.0,6.0,6.0,2.0,,,,,,,0.0,,,,,,,,,,,30,1,2020_Jan_21_1250,FaceNameBlocked_revised,3.0.0,74.94511615240897,,NaN
83,Fem1Block.csv,Natalie3.mp4,Natalie.JPG,Natalie,22.0,F,Jenna,Katie,Hannah,Ashley,Amanda,Heather,Kelsey,Sarah,Natalie,Brittany,8.0,0.0,4.0,4.0,0.0,0.0,2.0,2.0,8.0,,,,,,,0.0,,,,,,,,,,,30,1,2020_Jan_21_1250,FaceNameBlocked_revised,3.0.0,74.94511615240897,,NaN
97,Fem1Block.csv,Natalie3.mp4,Natalie.JPG,Natalie,22.0,F,Jenna,Katie,Hannah,Ashley,Amanda,Heather,Kelsey,Sarah,Natalie,Brittany,8.0,0.0,4.0,4.0,0.0,,,,,0.0,6.0,6.0,8.0,,,,,, Hannah,"['lshift', 'h', 'a', 'n', 'n', 'a', 'h']","[3.4926372710615396, 3.707516081049107, 4.012066764989868, 4.280649201013148, 4.467235772055574, 4.747355675091967, 4.920626817038283]",1.0,4.0,6.4534463699674225,,,30,1,2020_Jan_21_1250,FaceNameBlocked_revised,3.0.0,74.94511615240897,,3.4926372
74,Male2Block.csv,Nathan3.mp4,Nathan.JPG,Nathan,53.0,M,Tyler,Kyle,Daniel,Eric,Nathan,Ethan,Jacob,Josh,Caleb,Trevor,4.0,0.0,3.0,3.0,4.0,,,,,0.0,3.0,3.0,4.0,,,,,, Nathan,"['lshift', 'n', 'a', 't', 'h', 'a', 'n']","[0.9750554519705474, 1.1488481189589947, 1.4563600530382246, 1.536325323046185, 1.7225729069905356, 1.8426759409485385, 1.9494017719989643]",5.0,5.0,1.829470769967884,,,30,1,2020_Jan_21_1250,FaceNameBlocked_revised,3.0.0,74.94511615240897,,0.9750554
70,Male2Block.csv,Nathan3.mp4,Nathan.JPG,Nathan,53.0,M,Tyler,Kyle,Daniel,Eric,Nathan,Ethan,Jacob,Josh,Caleb,Trevor,4.0,0.0,3.0,3.0,4.0,0.0,9.0,9.0,4.0,,,,,,,0.0,,,,,,,,,,,30,1,2020_Jan_21_1250,FaceNameBlocked_revised,3.0.0,74.94511615240897,,NaN
21,Fem3Block.csv,Nicole2.mp4,Nicole.JPG,Nicole,23.0,F,Jessica,Alyssa,Michelle,Emily,Rachel,Haley,Brianna,Kayla,Nicole,Olivia,8.0,0.0,1.0,1.0,2.0,0.0,0.0,0.0,8.0,,,,,,,0.0,,,,,,,,,,,30,1,2020_Jan_21_1250,FaceNameBlocked_revised,3.0.0,74.94511615240897,,NaN
32,Fem3Block.csv,Nicole2.mp4,Nicole.JPG,Nicole,23.0,F,Jessica,Alyssa,Michelle,Emily,Rachel,Haley,Brianna,Kayla,Nicole,Olivia,8.0,0.0,1.0,1.0,2.0,,,,,0.0,1.0,1.0,8.0,,,,,, Alyssa,"['lshift', 'a', 'l', 'y', 's', 's', 'a']","[2.8273041310021654, 4.012846483034082, 4.187692284001969, 4.547665192047134, 4.748241767054424, 4.907640740042552, 5.121227617026307]",3.0,4.0,4.32160084694624,,,30,1,2020_Jan_21_1250,FaceNameBlocked_revised,3.0.0,74.94511615240897,,2.8273041
4,Male1Block.csv,Noah2.mp4,Noah.JPG,Noah,54.0,M,Noah,Jason,Justin,Thomas,Kevin,Bradley,Brandon,Adam,Brian,Michael,0.0,0.0,0.0,0.0,3.0,0.0,3.0,3.0,0.0,,,,,,,1.0,,,,,,,,,,,30,1,2020_Jan_21_1250,FaceNameBlocked_revised,3.0.0,74.94511615240897,,NaN
14,Male1Block.csv,Noah2.mp4,Noah.JPG,Noah,54.0,M,Noah,Jason,Justin,Thomas,Kevin,Bradley,Brandon,Adam,Brian,Michael,0.0,0.0,0.0,0.0,3.0,,,,,0.0,3.0,3.0,0.0,,,,,, Michael,"['lshift', 'less', 'lshift', 'm', 'i', 'c', 'h', 'a', 'e', 'l']","[3.812122276984155, 4.2133235150249675, 5.011568485992029, 5.145967514952645, 6.198416342027485, 6.359366071992554, 6.479122160002589, 6.572171533014625, 6.812431624974124, 7.012220782926306]",1.0,4.0,9.572840944980273,,,30,1,2020_Jan_21_1250,FaceNameBlocked_revised,3.0.0,74.94511615240897,,3.8121222
34,Fem3Block.csv,Olivia3.mp4,Olivia.JPG,Olivia,24.0,F,Jessica,Alyssa,Michelle,Emily,Rachel,Haley,Brianna,Kayla,Nicole,Olivia,9.0,0.0,1.0,1.0,2.0,,,,,0.0,3.0,3.0,9.0,,,,,, Olivia,"['lshift', 'o', 'l', 'i', 'v', 'i', 'a']","[2.4400517750764266, 2.6685975990258157, 2.8814570819959044, 3.0947410910157487, 3.201636304031126, 3.2815672090509906, 3.4258664899971336]",2.0,2.0,1.4133936769794673,,,30,1,2020_Jan_21_1250,FaceNameBlocked_revised,3.0.0,74.94511615240897,,2.4400517
30,Fem3Block.csv,Olivia3.mp4,Olivia.JPG,Olivia,24.0,F,Jessica,Alyssa,Michelle,Emily,Rachel,Haley,Brianna,Kayla,Nicole,Olivia,9.0,0.0,1.0,1.0,2.0,0.0,9.0,9.0,9.0,,,,,,,0.0,,,,,,,,,,,30,1,2020_Jan_21_1250,FaceNameBlocked_revised,3.0.0,74.94511615240897,,NaN
37,Fem3Block.csv,Rachel3.mp4,Rachel.JPG,Rachel,25.0,F,Jessica,Alyssa,Michelle,Emily,Rachel,Haley,Brianna,Kayla,Nicole,Olivia,4.0,0.0,1.0,1.0,2.0,,,,,0.0,6.0,6.0,4.0,,,,,, Brianna,"['lshift', 'b', 'r', 'i', 'a', 'n', 'n', 'a']","[4.703991702990606, 5.172976981033571, 5.8117502520326525, 5.93190671200864, 6.1453638260718435, 6.371803267975338, 6.518301837029867, 6.623547157971188]",3.0,1.0,9.026632803957911,,,30,1,2020_Jan_21_1250,FaceNameBlocked_revised,3.0.0,74.94511615240897,,4.7039917
28,Fem3Block.csv,Rachel3.mp4,Rachel.JPG,Rachel,25.0,F,Jessica,Alyssa,Michelle,Emily,Rachel,Haley,Brianna,Kayla,Nicole,Olivia,4.0,0.0,1.0,1.0,2.0,0.0,7.0,7.0,4.0,,,,,,,0.0,,,,,,,,,,,30,1,2020_Jan_21_1250,FaceNameBlocked_revised,3.0.0,74.94511615240897,,NaN
112,Fem2Block.csv,Rebecca3.mp4,Rebecca.JPG,Rebecca,26.0,F,Julia,Megan,Lauren,Courtney,Taylor,Anna,Shelby,Grace,Rebecca,Danielle,8.0,0.0,5.0,5.0,1.0,,,,,0.0,1.0,1.0,8.0,,,,,, Brittany,"['lshift', 'b', 'r', 'i', 't', 't', 'a', 'n', 'y']","[2.6532318480312824, 3.44178010802716, 4.241629156982526, 4.401589327026159, 4.6006366070359945, 6.1873948680004105, 6.586837180075236, 6.720783923985437, 6.986939624068327]",3.0,3.0,6.774175520986319,,,30,1,2020_Jan_21_1250,FaceNameBlocked_revised,3.0.0,74.94511615240897,,2.6532318
102,Fem2Block.csv,Rebecca3.mp4,Rebecca.JPG,Rebecca,26.0,F,Julia,Megan,Lauren,Courtney,Taylor,Anna,Shelby,Grace,Rebecca,Danielle,8.0,0.0,5.0,5.0,1.0,0.0,1.0,1.0,8.0,,,,,,,0.0,,,,,,,,,,,30,1,2020_Jan_21_1250,FaceNameBlocked_revised,3.0.0,74.94511615240897,,NaN
84,Fem1Block.csv,Sarah2.mp4,Sarah.JPG,Sarah,27.0,F,Jenna,Katie,Hannah,Ashley,Amanda,Heather,Kelsey,Sarah,Natalie,Brittany,7.0,0.0,4.0,4.0,0.0,0.0,3.0,3.0,7.0,,,,,,,1.0,,,,,,,,,,,30,1,2020_Jan_21_1250,FaceNameBlocked_revised,3.0.0,74.94511615240897,,NaN
93,Fem1Block.csv,Sarah2.mp4,Sarah.JPG,Sarah,27.0,F,Jenna,Katie,Hannah,Ashley,Amanda,Heather,Kelsey,Sarah,Natalie,Brittany,7.0,0.0,4.0,4.0,0.0,,,,,0.0,2.0,2.0,7.0,,,,,,,"['lshift', 'lshift', 'h', 'e', 'a', 't', 'h', 'e', 'r', 'backspace', 'backspace', 'backspace', 'backspace', 'backspace', 'backspace', 'backspace', 'backspace']","[0.920746467076242, 1.4827487140428275, 2.055857203085907, 2.228464358020574, 2.3492895470699295, 2.575805096072145, 2.642229891032912, 2.7485121320933104, 7.639159067999572, 8.959809273015708, 9.158979348023422, 9.358788731042296, 9.492670269100927, 9.638898592093028, 9.785542413010262, 9.86588343209587]",1.0,1.0,1.3088140359614044,,,30,1,2020_Jan_21_1250,FaceNameBlocked_revised,3.0.0,74.94511615240897,,0.9207464
106,Fem2Block.csv,Shelby2.mp4,Shelby.JPG,Shelby,28.0,F,Julia,Megan,Lauren,Courtney,Taylor,Anna,Shelby,Grace,Rebecca,Danielle,6.0,0.0,5.0,5.0,1.0,0.0,5.0,5.0,6.0,,,,,,,1.0,,,,,,,,,,,30,1,2020_Jan_21_1250,FaceNameBlocked_revised,3.0.0,74.94511615240897,,NaN
117,Fem2Block.csv,Shelby2.mp4,Shelby.JPG,Shelby,28.0,F,Julia,Megan,Lauren,Courtney,Taylor,Anna,Shelby,Grace,Rebecca,Danielle,6.0,0.0,5.0,5.0,1.0,,,,,0.0,6.0,6.0,6.0,,,,,, Anna,"['lshift', 'a', 'n', 'n', 'a']","[1.8402712949318811, 2.0417730669723824, 2.374365866999142, 2.547849591006525, 2.8403002959676087]",2.0,2.0,4.814913723967038,,,30,1,2020_Jan_21_1250,FaceNameBlocked_revised,3.0.0,74.94511615240897,,1.8402712
56,Male3Block.csv,Steven2.mp4,Steven.JPG,Steven,55.0,M,Steven,Mark,David,Timothy,Jeremy,Dylan,Cody,Aaron,Andrew,Matthew,0.0,0.0,2.0,2.0,5.0,,,,,0.0,5.0,5.0,0.0,,,,,, Mark,"['lshift', 'm', 'a', 'r', 'k']","[1.0406809349078685, 1.2021414819173515, 1.4283637729240581, 1.6818863289663568, 1.8281599299516529]",2.0,3.0,2.4150808580452576,,,30,1,2020_Jan_21_1250,FaceNameBlocked_revised,3.0.0,74.94511615240897,,1.0406809
49,Male3Block.csv,Steven2.mp4,Steven.JPG,Steven,55.0,M,Steven,Mark,David,Timothy,Jeremy,Dylan,Cody,Aaron,Andrew,Matthew,0.0,0.0,2.0,2.0,5.0,0.0,8.0,8.0,0.0,,,,,,,1.0,,,,,,,,,,,30,1,2020_Jan_21_1250,FaceNameBlocked_revised,3.0.0,74.94511615240897,,NaN
104,Fem2Block.csv,Taylor4.mp4,Taylor.JPG,Taylor,29.0,F,Julia,Megan,Lauren,Courtney,Taylor,Anna,Shelby,Grace,Rebecca,Danielle,4.0,0.0,5.0,5.0,1.0,0.0,3.0,3.0,4.0,,,,,,,0.0,,,,,,,,,,,30,1,2020_Jan_21_1250,FaceNameBlocked_revised,3.0.0,74.94511615240897,,NaN
120,Fem2Block.csv,Taylor4.mp4,Taylor.JPG,Taylor,29.0,F,Julia,Megan,Lauren,Courtney,Taylor,Anna,Shelby,Grace,Rebecca,Danielle,4.0,0.0,5.0,5.0,1.0,,,,,0.0,9.0,9.0,4.0,,,,,, Julia,"['lshift', 'j', 'u', 'l', 'i', 'a']","[3.3998008409980685, 3.521400260971859, 3.7739937249571085, 4.041296896990389, 4.241562215960585, 4.401437746011652]",4.0,2.0,3.1608303049579263,,,30,1,2020_Jan_21_1250,FaceNameBlocked_revised,3.0.0,74.94511615240897,,3.3998008
9,Male1Block.csv,Thomas2.mp4,Thomas.JPG,Thomas,56.0,M,Noah,Jason,Justin,Thomas,Kevin,Bradley,Brandon,Adam,Brian,Michael,3.0,0.0,0.0,0.0,3.0,0.0,8.0,8.0,3.0,,,,,,,1.0,,,,,,,,,,,30,1,2020_Jan_21_1250,FaceNameBlocked_revised,3.0.0,74.94511615240897,,NaN
11,Male1Block.csv,Thomas2.mp4,Thomas.JPG,Thomas,56.0,M,Noah,Jason,Justin,Thomas,Kevin,Bradley,Brandon,Adam,Brian,Michael,3.0,0.0,0.0,0.0,3.0,,,,,0.0,0.0,0.0,3.0,,,,space,15.971352678956466, kevin ,"['k', 'e', 'v', 'i', 'n', 'space', 'return']","[4.827651911065914, 4.920197105035186, 5.13412826997228, 5.214309238013811, 5.387243616976775, 6.639907552977093, 7.412894038017839]",1.0,3.0,3.680368105997331,,,30,1,2020_Jan_21_1250,FaceNameBlocked_revised,3.0.0,74.94511615240897,,4.8276519
55,Male3Block.csv,Timothy3.mp4,Timothy.JPG,Timothy,57.0,M,Steven,Mark,David,Timothy,Jeremy,Dylan,Cody,Aaron,Andrew,Matthew,3.0,0.0,2.0,2.0,5.0,,,,,0.0,4.0,4.0,3.0,,,,,, Timothy,"['lshift', 't', 'i', 'm', 'o', 't', 'h', 'y']","[3.932383624953218, 3.961173927062191, 4.3477685960242525, 4.600785457063466, 4.867718296009116, 5.107113715959713, 5.159980857046321, 5.360798213048838]",4.0,4.0,2.0950363649753854,,,30,1,2020_Jan_21_1250,FaceNameBlocked_revised,3.0.0,74.94511615240897,,3.9323836
42,Male3Block.csv,Timothy3.mp4,Timothy.JPG,Timothy,57.0,M,Steven,Mark,David,Timothy,Jeremy,Dylan,Cody,Aaron,Andrew,Matthew,3.0,0.0,2.0,2.0,5.0,0.0,1.0,1.0,3.0,,,,,,,1.0,,,,,,,,,,,30,1,2020_Jan_21_1250,FaceNameBlocked_revised,3.0.0,74.94511615240897,,NaN
66,Male2Block.csv,Trevor2.mp4,Trevor.JPG,Trevor,58.0,M,Tyler,Kyle,Daniel,Eric,Nathan,Ethan,Jacob,Josh,Caleb,Trevor,9.0,0.0,3.0,3.0,4.0,0.0,5.0,5.0,9.0,,,,,,,0.0,,,,,,,,,,,30,1,2020_Jan_21_1250,FaceNameBlocked_revised,3.0.0,74.94511615240897,,NaN
80,Male2Block.csv,Trevor2.mp4,Trevor.JPG,Trevor,58.0,M,Tyler,Kyle,Daniel,Eric,Nathan,Ethan,Jacob,Josh,Caleb,Trevor,9.0,0.0,3.0,3.0,4.0,,,,,0.0,9.0,9.0,9.0,,,,,, Mark,"['lshift', 'm', 'a', 'r', 'k']","[3.34660494804848, 3.521852383040823, 3.907909678062424, 5.867442189017311, 6.067359134089202]",5.0,4.0,3.9749370060162614,,,30,1,2020_Jan_21_1250,FaceNameBlocked_revised,3.0.0,74.94511615240897,,3.3466049
78,Male2Block.csv,Tyler3.mp4,Tyler.JPG,Tyler,59.0,M,Tyler,Kyle,Daniel,Eric,Nathan,Ethan,Jacob,Josh,Caleb,Trevor,0.0,0.0,3.0,3.0,4.0,,,,,0.0,7.0,7.0,0.0,,,,,, ,None,,1.0,3.0,5.7079181330045685,,,30,1,2020_Jan_21_1250,FaceNameBlocked_revised,3.0.0,74.94511615240897,,NaN
64,Male2Block.csv,Tyler3.mp4,Tyler.JPG,Tyler,59.0,M,Tyler,Kyle,Daniel,Eric,Nathan,Ethan,Jacob,Josh,Caleb,Trevor,0.0,0.0,3.0,3.0,4.0,0.0,3.0,3.0,0.0,,,,,,,1.0,,,,,,,,,,,30,1,2020_Jan_21_1250,FaceNameBlocked_revised,3.0.0,74.94511615240897,,NaN
0,,,,,,,,,,,,,,,,,,,,,,,,,,,,,,space,207.31927415297832,,,,,,,,,,,,30,1,2020_Jan_21_1250,FaceNameBlocked_revised,3.0.0,74.94511615240897,,NaN
121,,,,,,,,,,,,,,,,,,,,,,,,,,,,,,,,,,,,,,,,,space,629.0367558459984,30,1,2020_Jan_21_1250,FaceNameBlocked_revised,3.0.0,74.94511615240897,,NaN
