,condsBlockFile,Video,Photo,Name,Row,Gender,N1,N2,N3,N4,N5,N6,N7,N8,N9,N10,Row2,blocks.thisRepN,blocks.thisTrialN,blocks.thisN,blocks.thisIndex,presentations.thisRepN,presentations.thisTrialN,presentations.thisN,presentations.thisIndex,testing.thisRepN,testing.thisTrialN,testing.thisN,testing.thisIndex,advance_1.keys,advance_1.rt,currentCond,advance_2.keys,advance_2.rt,inputText,key_resp_3.keys,key_resp_3.rt,correctRecogSelection,keyResponse.keys,keyResponse.rt,end_key.keys,end_key.rt,participant,session,date,expName,psychopyVersion,frameRate,Unnamed: 48,key_resp3_fin
43,Male2Block.csv,Aaron2.mp4,Aaron.JPG,Aaron,30.0,M,Dylan,Daniel,Adam,Kevin,Timothy,Aaron,Caleb,Jacob,Trevor,Kyle,5.0,0.0,2.0,2.0,4.0,0.0,2.0,2.0,5.0,,,,,,,0.0,,,,,,,,,,,31,1,2020_Jan_21_1251,FaceNameBlocked_revised,3.0.0,84.72435183833723,,NaN
59,Male2Block.csv,Aaron2.mp4,Aaron.JPG,Aaron,30.0,M,Dylan,Daniel,Adam,Kevin,Timothy,Aaron,Caleb,Jacob,Trevor,Kyle,5.0,0.0,2.0,2.0,4.0,,,,,0.0,8.0,8.0,5.0,,,,,, caleb,"['c', 'a', 'l', 'e', 'b']","[1.9897973728366196, 2.2718905839137733, 2.646220866823569, 2.9660328309983015, 3.1190667988266796]",3.0,3.0,3.883917880943045,,,31,1,2020_Jan_21_1251,FaceNameBlocked_revised,3.0.0,84.72435183833723,,1.9897973
44,Male2Block.csv,Adam4.mp4,Adam.JPG,Adam,31.0,M,Dylan,Daniel,Adam,Kevin,Timothy,Aaron,Caleb,Jacob,Trevor,Kyle,2.0,0.0,2.0,2.0,4.0,0.0,3.0,3.0,2.0,,,,,,,0.0,,,,,,,,,,,31,1,2020_Jan_21_1251,FaceNameBlocked_revised,3.0.0,84.72435183833723,,NaN
53,Male2Block.csv,Adam4.mp4,Adam.JPG,Adam,31.0,M,Dylan,Daniel,Adam,Kevin,Timothy,Aaron,Caleb,Jacob,Trevor,Kyle,2.0,0.0,2.0,2.0,4.0,,,,,0.0,2.0,2.0,2.0,,,,,, adam,"['a', 'd', 'a', 'm']","[1.6372010649647564, 1.918470503995195, 2.118568771984428, 2.554264217847958]",1.0,1.0,3.1784375179558992,,,31,1,2020_Jan_21_1251,FaceNameBlocked_revised,3.0.0,84.72435183833723,,1.6372010
100,Fem1Block.csv,Alyssa3.mp4,Alyssa.JPG,Alyssa,0.0,F,Rebecca,Rachel,Emily,Hannah,Alyssa,Haley,Brianna,Jenna,Kayla,Nicole,4.0,0.0,4.0,4.0,0.0,,,,,0.0,9.0,9.0,4.0,,,,,, alyssa,"['a', 'l', 'y', 's', 's', 'a']","[2.212562005966902, 2.3657220830209553, 2.789807464927435, 3.1658169869333506, 3.3071638389956206, 3.5073748570866883]",1.0,1.0,2.1424744040705264,,,31,1,2020_Jan_21_1251,FaceNameBlocked_revised,3.0.0,84.72435183833723,,2.2125620
85,Fem1Block.csv,Alyssa3.mp4,Alyssa.JPG,Alyssa,0.0,F,Rebecca,Rachel,Emily,Hannah,Alyssa,Haley,Brianna,Jenna,Kayla,Nicole,4.0,0.0,4.0,4.0,0.0,0.0,4.0,4.0,4.0,,,,,,,0.0,,,,,,,,,,,31,1,2020_Jan_21_1251,FaceNameBlocked_revised,3.0.0,84.72435183833723,,NaN
23,Fem3Block.csv,Amanda3.mp4,Amanda.JPG,Amanda,1.0,F,Amanda,Shelby,Olivia,Michelle,Jessica,Katie,Julia,Sarah,Brittany,Taylor,0.0,0.0,1.0,1.0,2.0,0.0,2.0,2.0,0.0,,,,,,,1.0,,,,,,,,,,,31,1,2020_Jan_21_1251,FaceNameBlocked_revised,3.0.0,84.72435183833723,,NaN
38,Fem3Block.csv,Amanda3.mp4,Amanda.JPG,Amanda,1.0,F,Amanda,Shelby,Olivia,Michelle,Jessica,Katie,Julia,Sarah,Brittany,Taylor,0.0,0.0,1.0,1.0,2.0,,,,,0.0,7.0,7.0,0.0,,,,,, amanda,"['a', 'm', 'a', 'n', 'd', 'a']","[4.130860174074769, 4.377822471084073, 4.541644778102636, 4.75383702898398, 5.130301997996867, 5.2578162350691855]",4.0,4.0,2.91978171793744,,,31,1,2020_Jan_21_1251,FaceNameBlocked_revised,3.0.0,84.72435183833723,,4.1308601
77,Male3Block.csv,Andrew2.mp4,Andrew.JPG,Andrew,32.0,M,Jason,Brandon,Matthew,Mark,Tyler,David,Brian,Andrew,Cody,Josh,7.0,0.0,3.0,3.0,5.0,,,,,0.0,6.0,6.0,7.0,,,,,, andrew,"['a', 'n', 'd', 'r', 'e', 'w']","[3.4725941990036517, 4.719358128029853, 5.154577552108094, 5.425128495087847, 5.659486630000174, 5.824839890934527]",3.0,3.0,2.660010065883398,,,31,1,2020_Jan_21_1251,FaceNameBlocked_revised,3.0.0,84.72435183833723,,3.4725941
65,Male3Block.csv,Andrew2.mp4,Andrew.JPG,Andrew,32.0,M,Jason,Brandon,Matthew,Mark,Tyler,David,Brian,Andrew,Cody,Josh,7.0,0.0,3.0,3.0,5.0,0.0,4.0,4.0,7.0,,,,,,,1.0,,,,,,,,,,,31,1,2020_Jan_21_1251,FaceNameBlocked_revised,3.0.0,84.72435183833723,,NaN
7,Fem2Block.csv,Anna3.mp4,Anna.JPG,Anna,2.0,F,Natalie,Megan,Grace,Kelsey,Anna,Ashley,Danielle,Lauren,Courtney,Heather,4.0,0.0,0.0,0.0,1.0,0.0,6.0,6.0,4.0,,,,,,,0.0,,,,,,,,,,,31,1,2020_Jan_21_1251,FaceNameBlocked_revised,3.0.0,84.72435183833723,,NaN
13,Fem2Block.csv,Anna3.mp4,Anna.JPG,Anna,2.0,F,Natalie,Megan,Grace,Kelsey,Anna,Ashley,Danielle,Lauren,Courtney,Heather,4.0,0.0,0.0,0.0,1.0,,,,,0.0,2.0,2.0,4.0,,,,,, ana,"['a', 'n', 'a']","[1.8364732700865716, 2.048595240106806, 2.2127304791938514]",1.0,1.0,2.660247643012553,,,31,1,2020_Jan_21_1251,FaceNameBlocked_revised,3.0.0,84.72435183833723,,1.8364732
16,Fem2Block.csv,Ashley3.mp4,Ashley.JPG,Ashley,3.0,F,Natalie,Megan,Grace,Kelsey,Anna,Ashley,Danielle,Lauren,Courtney,Heather,5.0,0.0,0.0,0.0,1.0,,,,,0.0,5.0,5.0,5.0,,,,,, hether,"['h', 'e', 't', 'h', 'e', 'r']","[2.7774503680411726, 3.1538675790652633, 4.200481652049348, 4.541738968109712, 4.704682447016239, 4.871233416954055]",1.0,2.0,4.528799750842153,,,31,1,2020_Jan_21_1251,FaceNameBlocked_revised,3.0.0,84.72435183833723,,2.7774503
4,Fem2Block.csv,Ashley3.mp4,Ashley.JPG,Ashley,3.0,F,Natalie,Megan,Grace,Kelsey,Anna,Ashley,Danielle,Lauren,Courtney,Heather,5.0,0.0,0.0,0.0,1.0,0.0,3.0,3.0,5.0,,,,,,,0.0,,,,,,,,,,,31,1,2020_Jan_21_1251,FaceNameBlocked_revised,3.0.0,84.72435183833723,,NaN
108,Male1Block.csv,Bradley3.mp4,Bradley.JPG,Bradley,33.0,M,Thomas,Eric,Steven,Michael,Noah,Bradley,Nathan,Ethan,Justin,Jeremy,5.0,0.0,5.0,5.0,3.0,0.0,7.0,7.0,5.0,,,,,,,0.0,,,,,,,,,,,31,1,2020_Jan_21_1251,FaceNameBlocked_revised,3.0.0,84.72435183833723,,NaN
118,Male1Block.csv,Bradley3.mp4,Bradley.JPG,Bradley,33.0,M,Thomas,Eric,Steven,Michael,Noah,Bradley,Nathan,Ethan,Justin,Jeremy,5.0,0.0,5.0,5.0,3.0,,,,,0.0,7.0,7.0,5.0,,,,,, jeremy,"['j', 'e', 'r', 'e', 'm', 'y']","[2.3787644610274583, 3.8368774780537933, 4.037045215955004, 4.695090861991048, 4.989559127949178, 5.413014571880922]",2.0,2.0,2.131496991030872,,,31,1,2020_Jan_21_1251,FaceNameBlocked_revised,3.0.0,84.72435183833723,,2.3787644
67,Male3Block.csv,Brandon2.mp4,Brandon.JPG,Brandon,34.0,M,Jason,Brandon,Matthew,Mark,Tyler,David,Brian,Andrew,Cody,Josh,1.0,0.0,3.0,3.0,5.0,0.0,6.0,6.0,1.0,,,,,,,1.0,,,,,,,,,,,31,1,2020_Jan_21_1251,FaceNameBlocked_revised,3.0.0,84.72435183833723,,NaN
78,Male3Block.csv,Brandon2.mp4,Brandon.JPG,Brandon,34.0,M,Jason,Brandon,Matthew,Mark,Tyler,David,Brian,Andrew,Cody,Josh,1.0,0.0,3.0,3.0,5.0,,,,,0.0,7.0,7.0,1.0,,,,,, david,"['d', 'a', 'v', 'i', 'd']","[2.460964296013117, 2.7759939171373844, 3.283444446977228, 3.6010900631081313, 3.9301063099410385]",5.0,4.0,4.896029815077783,,,31,1,2020_Jan_21_1251,FaceNameBlocked_revised,3.0.0,84.72435183833723,,2.4609642
64,Male3Block.csv,Brian2.mp4,Brian.JPG,Brian,35.0,M,Jason,Brandon,Matthew,Mark,Tyler,David,Brian,Andrew,Cody,Josh,6.0,0.0,3.0,3.0,5.0,0.0,3.0,3.0,6.0,,,,,,,1.0,,,,,,,,,,,31,1,2020_Jan_21_1251,FaceNameBlocked_revised,3.0.0,84.72435183833723,,NaN
76,Male3Block.csv,Brian2.mp4,Brian.JPG,Brian,35.0,M,Jason,Brandon,Matthew,Mark,Tyler,David,Brian,Andrew,Cody,Josh,6.0,0.0,3.0,3.0,5.0,,,,,0.0,5.0,5.0,6.0,,,,,, brian,"['b', 'r', 'i', 'a', 'n']","[2.9402495420072228, 3.3772987958509475, 3.5423614168539643, 3.883282679831609, 4.070721613010392]",3.0,3.0,2.1665660818107426,,,31,1,2020_Jan_21_1251,FaceNameBlocked_revised,3.0.0,84.72435183833723,,2.9402495
82,Fem1Block.csv,Brianna2.mp4,Brianna.JPG,Brianna,4.0,F,Rebecca,Rachel,Emily,Hannah,Alyssa,Haley,Brianna,Jenna,Kayla,Nicole,6.0,0.0,4.0,4.0,0.0,0.0,1.0,1.0,6.0,,,,,,,1.0,,,,,,,,,,,31,1,2020_Jan_21_1251,FaceNameBlocked_revised,3.0.0,84.72435183833723,,NaN
93,Fem1Block.csv,Brianna2.mp4,Brianna.JPG,Brianna,4.0,F,Rebecca,Rachel,Emily,Hannah,Alyssa,Haley,Brianna,Jenna,Kayla,Nicole,6.0,0.0,4.0,4.0,0.0,,,,,0.0,2.0,2.0,6.0,,,,,, kayla,"['k', 'a', 'y', 'l', 'a']","[3.7775374059565365, 4.084125275956467, 5.519292820012197, 5.9068834378849715, 6.059796134009957]",1.0,2.0,4.284002785105258,,,31,1,2020_Jan_21_1251,FaceNameBlocked_revised,3.0.0,84.72435183833723,,3.7775374
31,Fem3Block.csv,Brittany2.mp4,Brittany.JPG,Brittany,5.0,F,Amanda,Shelby,Olivia,Michelle,Jessica,Katie,Julia,Sarah,Brittany,Taylor,8.0,0.0,1.0,1.0,2.0,,,,,0.0,0.0,0.0,8.0,,,,space,14.952589579857886, britney,"['b', 'r', 'i', 't', 'n', 'e', 'y']","[1.4146321038715541, 1.8967345629353076, 2.120410511037335, 2.4729885638225824, 3.4961997508071363, 3.696135471807793, 3.80200939392671]",5.0,5.0,3.657984863966704,,,31,1,2020_Jan_21_1251,FaceNameBlocked_revised,3.0.0,84.72435183833723,,1.4146321
26,Fem3Block.csv,Brittany2.mp4,Brittany.JPG,Brittany,5.0,F,Amanda,Shelby,Olivia,Michelle,Jessica,Katie,Julia,Sarah,Brittany,Taylor,8.0,0.0,1.0,1.0,2.0,0.0,5.0,5.0,8.0,,,,,,,0.0,,,,,,,,,,,31,1,2020_Jan_21_1251,FaceNameBlocked_revised,3.0.0,84.72435183833723,,NaN
48,Male2Block.csv,Caleb5.mp4,Caleb.JPG,Caleb,36.0,M,Dylan,Daniel,Adam,Kevin,Timothy,Aaron,Caleb,Jacob,Trevor,Kyle,6.0,0.0,2.0,2.0,4.0,0.0,7.0,7.0,6.0,,,,,,,1.0,,,,,,,,,,,31,1,2020_Jan_21_1251,FaceNameBlocked_revised,3.0.0,84.72435183833723,,NaN
60,Male2Block.csv,Caleb5.mp4,Caleb.JPG,Caleb,36.0,M,Dylan,Daniel,Adam,Kevin,Timothy,Aaron,Caleb,Jacob,Trevor,Kyle,6.0,0.0,2.0,2.0,4.0,,,,,0.0,9.0,9.0,6.0,,,,,, caleb,"['c', 'a', 'l', 'a', 'b', 'backspace', 'backspace', 'e', 'b']","[2.002045395085588, 2.3086653349455446, 2.484802291961387, 2.719903975026682, 3.9200355040375143, 5.036694799084216, 5.247810452943668, 5.91913537401706, 6.072058823890984]",5.0,4.0,6.316110210027546,,,31,1,2020_Jan_21_1251,FaceNameBlocked_revised,3.0.0,84.72435183833723,,2.0020453
72,Male3Block.csv,Cody2.mp4,Cody.JPG,Cody,37.0,M,Jason,Brandon,Matthew,Mark,Tyler,David,Brian,Andrew,Cody,Josh,8.0,0.0,3.0,3.0,5.0,,,,,0.0,1.0,1.0,8.0,,,,,, matthew,"['m', 'a', 't', 't', 'h', 'e', 'w']","[4.742997654946521, 4.954499087063596, 5.281220105942339, 5.448573142057285, 5.754457500996068, 5.954072329914197, 6.201174715068191]",4.0,4.0,7.1652235880028465,,,31,1,2020_Jan_21_1251,FaceNameBlocked_revised,3.0.0,84.72435183833723,,4.7429976
63,Male3Block.csv,Cody2.mp4,Cody.JPG,Cody,37.0,M,Jason,Brandon,Matthew,Mark,Tyler,David,Brian,Andrew,Cody,Josh,8.0,0.0,3.0,3.0,5.0,0.0,2.0,2.0,8.0,,,,,,,0.0,,,,,,,,,,,31,1,2020_Jan_21_1251,FaceNameBlocked_revised,3.0.0,84.72435183833723,,NaN
5,Fem2Block.csv,Courtney2.mp4,Courtney.JPG,Courtney,6.0,F,Natalie,Megan,Grace,Kelsey,Anna,Ashley,Danielle,Lauren,Courtney,Heather,8.0,0.0,0.0,0.0,1.0,0.0,4.0,4.0,8.0,,,,,,,0.0,,,,,,,,,,,31,1,2020_Jan_21_1251,FaceNameBlocked_revised,3.0.0,84.72435183833723,,NaN
19,Fem2Block.csv,Courtney2.mp4,Courtney.JPG,Courtney,6.0,F,Natalie,Megan,Grace,Kelsey,Anna,Ashley,Danielle,Lauren,Courtney,Heather,8.0,0.0,0.0,0.0,1.0,,,,,0.0,8.0,8.0,8.0,,,,,, grace,"['g', 'r', 'a', 'c', 'e']","[2.037291608983651, 2.3543098820373416, 2.5896710648667067, 2.763867211062461, 3.0366576639935374]",5.0,3.0,1.5428125199396163,,,31,1,2020_Jan_21_1251,FaceNameBlocked_revised,3.0.0,84.72435183833723,,2.0372916
54,Male2Block.csv,Daniel3.mp4,Daniel.JPG,Daniel,38.0,M,Dylan,Daniel,Adam,Kevin,Timothy,Aaron,Caleb,Jacob,Trevor,Kyle,1.0,0.0,2.0,2.0,4.0,,,,,0.0,3.0,3.0,1.0,,,,,, kevin,"['k', 'e', 'v', 'i', 'n']","[4.918932809960097, 5.224667506059632, 5.800800166092813, 6.388988293940201, 6.741843070136383]",2.0,2.0,3.7050967349205166,,,31,1,2020_Jan_21_1251,FaceNameBlocked_revised,3.0.0,84.72435183833723,,4.9189328
49,Male2Block.csv,Daniel3.mp4,Daniel.JPG,Daniel,38.0,M,Dylan,Daniel,Adam,Kevin,Timothy,Aaron,Caleb,Jacob,Trevor,Kyle,1.0,0.0,2.0,2.0,4.0,0.0,8.0,8.0,1.0,,,,,,,1.0,,,,,,,,,,,31,1,2020_Jan_21_1251,FaceNameBlocked_revised,3.0.0,84.72435183833723,,NaN
9,Fem2Block.csv,Danielle2.mp4,Danielle.JPG,Danielle,7.0,F,Natalie,Megan,Grace,Kelsey,Anna,Ashley,Danielle,Lauren,Courtney,Heather,6.0,0.0,0.0,0.0,1.0,0.0,8.0,8.0,6.0,,,,,,,1.0,,,,,,,,,,,31,1,2020_Jan_21_1251,FaceNameBlocked_revised,3.0.0,84.72435183833723,,NaN
15,Fem2Block.csv,Danielle2.mp4,Danielle.JPG,Danielle,7.0,F,Natalie,Megan,Grace,Kelsey,Anna,Ashley,Danielle,Lauren,Courtney,Heather,6.0,0.0,0.0,0.0,1.0,,,,,0.0,4.0,4.0,6.0,,,,,, courtney,"['c', 'o', 'u', 'r', 't', 'n', 'e', 'y']","[3.731564779067412, 3.988969624042511, 4.400853638071567, 4.659825188107789, 4.871422555996105, 5.742191520053893, 6.048149042064324, 6.177098406013101]",3.0,4.0,3.4002394240815192,,,31,1,2020_Jan_21_1251,FaceNameBlocked_revised,3.0.0,84.72435183833723,,3.7315647
68,Male3Block.csv,David2.mp4,David.JPG,David,39.0,M,Jason,Brandon,Matthew,Mark,Tyler,David,Brian,Andrew,Cody,Josh,5.0,0.0,3.0,3.0,5.0,0.0,7.0,7.0,5.0,,,,,,,0.0,,,,,,,,,,,31,1,2020_Jan_21_1251,FaceNameBlocked_revised,3.0.0,84.72435183833723,,NaN
71,Male3Block.csv,David2.mp4,David.JPG,David,39.0,M,Jason,Brandon,Matthew,Mark,Tyler,David,Brian,Andrew,Cody,Josh,5.0,0.0,3.0,3.0,5.0,,,,,0.0,0.0,0.0,5.0,,,,space,7.353773678885772, mark,"['m', 'a', 'r', 'k']","[2.0720783369615674, 2.446258465992287, 2.646691899979487, 3.2483189911581576]",1.0,2.0,4.707631791010499,,,31,1,2020_Jan_21_1251,FaceNameBlocked_revised,3.0.0,84.72435183833723,,2.0720783
56,Male2Block.csv,Dylan3.mp4,Dylan.JPG,Dylan,40.0,M,Dylan,Daniel,Adam,Kevin,Timothy,Aaron,Caleb,Jacob,Trevor,Kyle,0.0,0.0,2.0,2.0,4.0,,,,,0.0,5.0,5.0,0.0,,,,,, aaron,"['a', 'a', 'r', 'o', 'n']","[3.060038572875783, 3.260519837960601, 3.7075336799025536, 4.16377611993812, 4.5075930380262434]",5.0,5.0,5.259774809004738,,,31,1,2020_Jan_21_1251,FaceNameBlocked_revised,3.0.0,84.72435183833723,,3.0600385
47,Male2Block.csv,Dylan3.mp4,Dylan.JPG,Dylan,40.0,M,Dylan,Daniel,Adam,Kevin,Timothy,Aaron,Caleb,Jacob,Trevor,Kyle,0.0,0.0,2.0,2.0,4.0,0.0,6.0,6.0,0.0,,,,,,,1.0,,,,,,,,,,,31,1,2020_Jan_21_1251,FaceNameBlocked_revised,3.0.0,84.72435183833723,,NaN
99,Fem1Block.csv,Emily5.mp4,Emily.JPG,Emily,8.0,F,Rebecca,Rachel,Emily,Hannah,Alyssa,Haley,Brianna,Jenna,Kayla,Nicole,2.0,0.0,4.0,4.0,0.0,,,,,0.0,8.0,8.0,2.0,,,,,, emily,"['e', 'm', 'i', 'l', 'y']","[1.5077780890278518, 1.7198566128499806, 2.0138720460236073, 2.2842218820005655, 2.660735226003453]",2.0,2.0,2.7785811258945614,,,31,1,2020_Jan_21_1251,FaceNameBlocked_revised,3.0.0,84.72435183833723,,1.5077780
84,Fem1Block.csv,Emily5.mp4,Emily.JPG,Emily,8.0,F,Rebecca,Rachel,Emily,Hannah,Alyssa,Haley,Brianna,Jenna,Kayla,Nicole,2.0,0.0,4.0,4.0,0.0,0.0,3.0,3.0,2.0,,,,,,,0.0,,,,,,,,,,,31,1,2020_Jan_21_1251,FaceNameBlocked_revised,3.0.0,84.72435183833723,,NaN
101,Male1Block.csv,Eric2.mp4,Eric.JPG,Eric,41.0,M,Thomas,Eric,Steven,Michael,Noah,Bradley,Nathan,Ethan,Justin,Jeremy,1.0,0.0,5.0,5.0,3.0,0.0,0.0,0.0,1.0,,,,,,,1.0,,,,,,,,,,,31,1,2020_Jan_21_1251,FaceNameBlocked_revised,3.0.0,84.72435183833723,,NaN
111,Male1Block.csv,Eric2.mp4,Eric.JPG,Eric,41.0,M,Thomas,Eric,Steven,Michael,Noah,Bradley,Nathan,Ethan,Justin,Jeremy,1.0,0.0,5.0,5.0,3.0,,,,,0.0,0.0,0.0,1.0,,,,space,4.5779972129967055, david,"['d', 'a', 'v', 'i', 'd']","[3.942996270954609, 4.166311100823805, 4.401548015885055, 4.695708635030314, 4.9664943038951606]",5.0,1.0,3.5191873048897837,,,31,1,2020_Jan_21_1251,FaceNameBlocked_revised,3.0.0,84.72435183833723,,3.9429962
116,Male1Block.csv,Ethan2.mp4,Ethan.JPG,Ethan,42.0,M,Thomas,Eric,Steven,Michael,Noah,Bradley,Nathan,Ethan,Justin,Jeremy,7.0,0.0,5.0,5.0,3.0,,,,,0.0,5.0,5.0,7.0,,,,,, michael,"['m', 'i', 'c', 'h', 'a', 'e', 'l']","[3.0259032750036567, 3.3191626940388232, 3.7076073940843344, 4.16577438195236, 4.869247291004285, 5.012660038890317, 5.9999139320570976]",4.0,2.0,4.402074372861534,,,31,1,2020_Jan_21_1251,FaceNameBlocked_revised,3.0.0,84.72435183833723,,3.0259032
102,Male1Block.csv,Ethan2.mp4,Ethan.JPG,Ethan,42.0,M,Thomas,Eric,Steven,Michael,Noah,Bradley,Nathan,Ethan,Justin,Jeremy,7.0,0.0,5.0,5.0,3.0,0.0,1.0,1.0,7.0,,,,,,,1.0,,,,,,,,,,,31,1,2020_Jan_21_1251,FaceNameBlocked_revised,3.0.0,84.72435183833723,,NaN
1,Fem2Block.csv,Grace3.mp4,Grace.JPG,Grace,9.0,F,Natalie,Megan,Grace,Kelsey,Anna,Ashley,Danielle,Lauren,Courtney,Heather,2.0,0.0,0.0,0.0,1.0,0.0,0.0,0.0,2.0,,,,,,,0.0,,,,,,,,,,,31,1,2020_Jan_21_1251,FaceNameBlocked_revised,3.0.0,84.72435183833723,,NaN
11,Fem2Block.csv,Grace3.mp4,Grace.JPG,Grace,9.0,F,Natalie,Megan,Grace,Kelsey,Anna,Ashley,Danielle,Lauren,Courtney,Heather,2.0,0.0,0.0,0.0,1.0,,,,,0.0,0.0,0.0,2.0,,,,space,30.07712429598905, natalie,"['n', 'a', 't', 'a', 'l', 'i', 'e']","[7.81211373093538, 8.058925702003762, 8.234291008906439, 8.527769381878898, 8.751990082906559, 8.999116980005056, 9.173377251951024]",5.0,4.0,7.224433635128663,,,31,1,2020_Jan_21_1251,FaceNameBlocked_revised,3.0.0,84.72435183833723,,7.8121137
83,Fem1Block.csv,Haley2.mp4,Haley.JPG,Haley,10.0,F,Rebecca,Rachel,Emily,Hannah,Alyssa,Haley,Brianna,Jenna,Kayla,Nicole,5.0,0.0,4.0,4.0,0.0,0.0,2.0,2.0,5.0,,,,,,,0.0,,,,,,,,,,,31,1,2020_Jan_21_1251,FaceNameBlocked_revised,3.0.0,84.72435183833723,,NaN
96,Fem1Block.csv,Haley2.mp4,Haley.JPG,Haley,10.0,F,Rebecca,Rachel,Emily,Hannah,Alyssa,Haley,Brianna,Jenna,Kayla,Nicole,5.0,0.0,4.0,4.0,0.0,,,,,0.0,5.0,5.0,5.0,,,,,, jenna,"['j', 'e', 'n', 'n', 'a']","[4.190316357882693, 4.4129424397833645, 4.64839877281338, 4.801635911921039, 5.389236111892387]",2.0,1.0,2.7664019921794534,,,31,1,2020_Jan_21_1251,FaceNameBlocked_revised,3.0.0,84.72435183833723,,4.1903163
91,Fem1Block.csv,Hannah2.mp4,Hannah.JPG,Hannah,11.0,F,Rebecca,Rachel,Emily,Hannah,Alyssa,Haley,Brianna,Jenna,Kayla,Nicole,3.0,0.0,4.0,4.0,0.0,,,,,0.0,0.0,0.0,3.0,,,,space,11.094020148972051, hannah,"['h', 'a', 'n', 'n', 'a', 'h']","[1.3784887380897999, 1.6725673631299287, 1.8370326049625874, 2.00133012002334, 2.1781638220418245, 2.354626519139856]",1.0,1.0,2.2820736549329013,,,31,1,2020_Jan_21_1251,FaceNameBlocked_revised,3.0.0,84.72435183833723,,1.3784887
88,Fem1Block.csv,Hannah2.mp4,Hannah.JPG,Hannah,11.0,F,Rebecca,Rachel,Emily,Hannah,Alyssa,Haley,Brianna,Jenna,Kayla,Nicole,3.0,0.0,4.0,4.0,0.0,0.0,7.0,7.0,3.0,,,,,,,0.0,,,,,,,,,,,31,1,2020_Jan_21_1251,FaceNameBlocked_revised,3.0.0,84.72435183833723,,NaN
6,Fem2Block.csv,Heather3.mp4,Heather.JPG,Heather,12.0,F,Natalie,Megan,Grace,Kelsey,Anna,Ashley,Danielle,Lauren,Courtney,Heather,9.0,0.0,0.0,0.0,1.0,0.0,5.0,5.0,9.0,,,,,,,1.0,,,,,,,,,,,31,1,2020_Jan_21_1251,FaceNameBlocked_revised,3.0.0,84.72435183833723,,NaN
14,Fem2Block.csv,Heather3.mp4,Heather.JPG,Heather,12.0,F,Natalie,Megan,Grace,Kelsey,Anna,Ashley,Danielle,Lauren,Courtney,Heather,9.0,0.0,0.0,0.0,1.0,,,,,0.0,3.0,3.0,9.0,,,,,, anna,"['a', 'n', 'n', 'a']","[4.260638052830473, 4.566104623954743, 4.731096729869023, 4.954510919982567]",1.0,1.0,2.989087798865512,,,31,1,2020_Jan_21_1251,FaceNameBlocked_revised,3.0.0,84.72435183833723,,4.2606380
41,Male2Block.csv,Jacob3.mp4,Jacob.JPG,Jacob,43.0,M,Dylan,Daniel,Adam,Kevin,Timothy,Aaron,Caleb,Jacob,Trevor,Kyle,7.0,0.0,2.0,2.0,4.0,0.0,0.0,0.0,7.0,,,,,,,1.0,,,,,,,,,,,31,1,2020_Jan_21_1251,FaceNameBlocked_revised,3.0.0,84.72435183833723,,NaN
55,Male2Block.csv,Jacob3.mp4,Jacob.JPG,Jacob,43.0,M,Dylan,Daniel,Adam,Kevin,Timothy,Aaron,Caleb,Jacob,Trevor,Kyle,7.0,0.0,2.0,2.0,4.0,,,,,0.0,4.0,4.0,7.0,,,,,, jacob,"['j', 'a', 'c', 'o', 'b']","[2.3901105888653547, 2.6719718507956713, 2.907434337772429, 3.3192011408973485, 3.66019285377115]",1.0,1.0,2.4722303699236363,,,31,1,2020_Jan_21_1251,FaceNameBlocked_revised,3.0.0,84.72435183833723,,2.3901105
73,Male3Block.csv,Jason4.mp4,Jason.JPG,Jason,44.0,M,Jason,Brandon,Matthew,Mark,Tyler,David,Brian,Andrew,Cody,Josh,0.0,0.0,3.0,3.0,5.0,,,,,0.0,2.0,2.0,0.0,,,,,, jason,"['j', 'a', 'o', 'backspace', 's', 'o', 'n']","[3.071985271992162, 3.4480522468220443, 3.9063182298559695, 5.24714690586552, 5.648063782835379, 5.811739413999021, 6.1886136420071125]",5.0,5.0,3.6699586580507457,,,31,1,2020_Jan_21_1251,FaceNameBlocked_revised,3.0.0,84.72435183833723,,3.0719852
69,Male3Block.csv,Jason4.mp4,Jason.JPG,Jason,44.0,M,Jason,Brandon,Matthew,Mark,Tyler,David,Brian,Andrew,Cody,Josh,0.0,0.0,3.0,3.0,5.0,0.0,8.0,8.0,0.0,,,,,,,1.0,,,,,,,,,,,31,1,2020_Jan_21_1251,FaceNameBlocked_revised,3.0.0,84.72435183833723,,NaN
97,Fem1Block.csv,Jenna4.mp4,Jenna.JPG,Jenna,13.0,F,Rebecca,Rachel,Emily,Hannah,Alyssa,Haley,Brianna,Jenna,Kayla,Nicole,7.0,0.0,4.0,4.0,0.0,,,,,0.0,6.0,6.0,7.0,,,,,, hayley,"['h', 'a', 'y', 'l', 'e', 'y']","[2.931404351023957, 3.248405609978363, 3.3317183619365096, 3.7314929119311273, 3.95473973499611, 4.131236410932615]",4.0,2.0,4.269393407041207,,,31,1,2020_Jan_21_1251,FaceNameBlocked_revised,3.0.0,84.72435183833723,,2.9314043
87,Fem1Block.csv,Jenna4.mp4,Jenna.JPG,Jenna,13.0,F,Rebecca,Rachel,Emily,Hannah,Alyssa,Haley,Brianna,Jenna,Kayla,Nicole,7.0,0.0,4.0,4.0,0.0,0.0,6.0,6.0,7.0,,,,,,,1.0,,,,,,,,,,,31,1,2020_Jan_21_1251,FaceNameBlocked_revised,3.0.0,84.72435183833723,,NaN
107,Male1Block.csv,Jeremy2.mp4,Jeremy.JPG,Jeremy,45.0,M,Thomas,Eric,Steven,Michael,Noah,Bradley,Nathan,Ethan,Justin,Jeremy,9.0,0.0,5.0,5.0,3.0,0.0,6.0,6.0,9.0,,,,,,,1.0,,,,,,,,,,,31,1,2020_Jan_21_1251,FaceNameBlocked_revised,3.0.0,84.72435183833723,,NaN
120,Male1Block.csv,Jeremy2.mp4,Jeremy.JPG,Jeremy,45.0,M,Thomas,Eric,Steven,Michael,Noah,Bradley,Nathan,Ethan,Justin,Jeremy,9.0,0.0,5.0,5.0,3.0,,,,,0.0,9.0,9.0,9.0,,,,,, jeremy,"['j', 'e', 'r', 'e', 'm', 'y']","[3.249313480919227, 3.448825211962685, 3.8020510911010206, 4.107484767911956, 4.284415046917275, 4.637020953930914]",5.0,5.0,4.330595488892868,,,31,1,2020_Jan_21_1251,FaceNameBlocked_revised,3.0.0,84.72435183833723,,3.2493134
22,Fem3Block.csv,Jessica2.mp4,Jessica.JPG,Jessica,14.0,F,Amanda,Shelby,Olivia,Michelle,Jessica,Katie,Julia,Sarah,Brittany,Taylor,4.0,0.0,1.0,1.0,2.0,0.0,1.0,1.0,4.0,,,,,,,0.0,,,,,,,,,,,31,1,2020_Jan_21_1251,FaceNameBlocked_revised,3.0.0,84.72435183833723,,NaN
37,Fem3Block.csv,Jessica2.mp4,Jessica.JPG,Jessica,14.0,F,Amanda,Shelby,Olivia,Michelle,Jessica,Katie,Julia,Sarah,Brittany,Taylor,4.0,0.0,1.0,1.0,2.0,,,,,0.0,6.0,6.0,4.0,,,,,, katie,"['k', 'a', 't', 'i', 'e']","[3.5042795799672604, 3.79987596697174, 3.9642992010340095, 4.364487796090543, 4.529850510181859]",3.0,3.0,5.398700916906818,,,31,1,2020_Jan_21_1251,FaceNameBlocked_revised,3.0.0,84.72435183833723,,3.5042795
70,Male3Block.csv,Josh3.mp4,Josh.JPG,Josh,46.0,M,Jason,Brandon,Matthew,Mark,Tyler,David,Brian,Andrew,Cody,Josh,9.0,0.0,3.0,3.0,5.0,0.0,9.0,9.0,9.0,,,,,,,1.0,,,,,,,,,,,31,1,2020_Jan_21_1251,FaceNameBlocked_revised,3.0.0,84.72435183833723,,NaN
74,Male3Block.csv,Josh3.mp4,Josh.JPG,Josh,46.0,M,Jason,Brandon,Matthew,Mark,Tyler,David,Brian,Andrew,Cody,Josh,9.0,0.0,3.0,3.0,5.0,,,,,0.0,3.0,3.0,9.0,,,,,, jason,"['j', 'a', 's', 'o', 'n']","[3.9663350828923285, 4.236840235069394, 4.542216622969136, 4.789419954875484, 5.176899835933]",2.0,2.0,3.460637212963775,,,31,1,2020_Jan_21_1251,FaceNameBlocked_revised,3.0.0,84.72435183833723,,3.9663350
28,Fem3Block.csv,Julia2.mp4,Julia.JPG,Julia,15.0,F,Amanda,Shelby,Olivia,Michelle,Jessica,Katie,Julia,Sarah,Brittany,Taylor,6.0,0.0,1.0,1.0,2.0,0.0,7.0,7.0,6.0,,,,,,,1.0,,,,,,,,,,,31,1,2020_Jan_21_1251,FaceNameBlocked_revised,3.0.0,84.72435183833723,,NaN
35,Fem3Block.csv,Julia2.mp4,Julia.JPG,Julia,15.0,F,Amanda,Shelby,Olivia,Michelle,Jessica,Katie,Julia,Sarah,Brittany,Taylor,6.0,0.0,1.0,1.0,2.0,,,,,0.0,4.0,4.0,6.0,,,,,, taylor,"['t', 'a', 'y', 'l', 'o', 'r']","[4.435611478984356, 4.800843529170379, 5.423802053090185, 6.094639986986294, 6.411999091040343, 6.893839637050405]",2.0,5.0,4.5887933678459385,,,31,1,2020_Jan_21_1251,FaceNameBlocked_revised,3.0.0,84.72435183833723,,4.4356114
115,Male1Block.csv,Justin2.mp4,Justin.JPG,Justin,47.0,M,Thomas,Eric,Steven,Michael,Noah,Bradley,Nathan,Ethan,Justin,Jeremy,8.0,0.0,5.0,5.0,3.0,,,,,0.0,4.0,4.0,8.0,,,,,, thomas,"['t', 'h', 'o', 'm', 'a', 's']","[3.248647187836468, 4.624455717857927, 4.9068022458814085, 5.224562222836539, 5.76488680485636, 6.471045593963936]",3.0,3.0,3.872301596915349,,,31,1,2020_Jan_21_1251,FaceNameBlocked_revised,3.0.0,84.72435183833723,,3.2486471
105,Male1Block.csv,Justin2.mp4,Justin.JPG,Justin,47.0,M,Thomas,Eric,Steven,Michael,Noah,Bradley,Nathan,Ethan,Justin,Jeremy,8.0,0.0,5.0,5.0,3.0,0.0,4.0,4.0,8.0,,,,,,,0.0,,,,,,,,,,,31,1,2020_Jan_21_1251,FaceNameBlocked_revised,3.0.0,84.72435183833723,,NaN
34,Fem3Block.csv,Katie2.mp4,Katie.JPG,Katie,16.0,F,Amanda,Shelby,Olivia,Michelle,Jessica,Katie,Julia,Sarah,Brittany,Taylor,5.0,0.0,1.0,1.0,2.0,,,,,0.0,3.0,3.0,5.0,,,,,, ,None,,4.0,1.0,1.8970086160115895,,,31,1,2020_Jan_21_1251,FaceNameBlocked_revised,3.0.0,84.72435183833723,,NaN
27,Fem3Block.csv,Katie2.mp4,Katie.JPG,Katie,16.0,F,Amanda,Shelby,Olivia,Michelle,Jessica,Katie,Julia,Sarah,Brittany,Taylor,5.0,0.0,1.0,1.0,2.0,0.0,6.0,6.0,5.0,,,,,,,0.0,,,,,,,,,,,31,1,2020_Jan_21_1251,FaceNameBlocked_revised,3.0.0,84.72435183833723,,NaN
98,Fem1Block.csv,Kayla3.mp4,Kayla.JPG,Kayla,17.0,F,Rebecca,Rachel,Emily,Hannah,Alyssa,Haley,Brianna,Jenna,Kayla,Nicole,8.0,0.0,4.0,4.0,0.0,,,,,0.0,7.0,7.0,8.0,,,,,, jenna,"['j', 'e', 'n', 'n', 'a']","[3.047876246040687, 3.305970177985728, 3.5182683980092406, 3.694557145005092, 3.8714209189638495]",3.0,1.0,3.8474793091882016,,,31,1,2020_Jan_21_1251,FaceNameBlocked_revised,3.0.0,84.72435183833723,,3.0478762
86,Fem1Block.csv,Kayla3.mp4,Kayla.JPG,Kayla,17.0,F,Rebecca,Rachel,Emily,Hannah,Alyssa,Haley,Brianna,Jenna,Kayla,Nicole,8.0,0.0,4.0,4.0,0.0,0.0,5.0,5.0,8.0,,,,,,,0.0,,,,,,,,,,,31,1,2020_Jan_21_1251,FaceNameBlocked_revised,3.0.0,84.72435183833723,,NaN
8,Fem2Block.csv,Kelsey2.mp4,Kelsey.JPG,Kelsey,18.0,F,Natalie,Megan,Grace,Kelsey,Anna,Ashley,Danielle,Lauren,Courtney,Heather,3.0,0.0,0.0,0.0,1.0,0.0,7.0,7.0,3.0,,,,,,,0.0,,,,,,,,,,,31,1,2020_Jan_21_1251,FaceNameBlocked_revised,3.0.0,84.72435183833723,,NaN
12,Fem2Block.csv,Kelsey2.mp4,Kelsey.JPG,Kelsey,18.0,F,Natalie,Megan,Grace,Kelsey,Anna,Ashley,Danielle,Lauren,Courtney,Heather,3.0,0.0,0.0,0.0,1.0,,,,,0.0,1.0,1.0,3.0,,,,,, ashleey,"['a', 's', 'h', 'l', 'e', 'e', 'y']","[6.562392184976488, 6.881737913936377, 7.291085429023951, 7.646318159997463, 7.857933511026204, 8.034585434012115, 8.092626330908388]",3.0,4.0,7.644620890030638,,,31,1,2020_Jan_21_1251,FaceNameBlocked_revised,3.0.0,84.72435183833723,,6.5623921
46,Male2Block.csv,Kevin2.mp4,Kevin.JPG,Kevin,48.0,M,Dylan,Daniel,Adam,Kevin,Timothy,Aaron,Caleb,Jacob,Trevor,Kyle,3.0,0.0,2.0,2.0,4.0,0.0,5.0,5.0,3.0,,,,,,,0.0,,,,,,,,,,,31,1,2020_Jan_21_1251,FaceNameBlocked_revised,3.0.0,84.72435183833723,,NaN
58,Male2Block.csv,Kevin2.mp4,Kevin.JPG,Kevin,48.0,M,Dylan,Daniel,Adam,Kevin,Timothy,Aaron,Caleb,Jacob,Trevor,Kyle,3.0,0.0,2.0,2.0,4.0,,,,,0.0,7.0,7.0,3.0,,,,,, kevin,"['k', 'e', 'v', 'i', 'n']","[1.954821771942079, 2.257930645952001, 2.471864868886769, 2.7778692739084363, 3.1424164630007]",3.0,3.0,2.246854761848226,,,31,1,2020_Jan_21_1251,FaceNameBlocked_revised,3.0.0,84.72435183833723,,1.9548217
42,Male2Block.csv,Kyle3.mp4,Kyle.JPG,Kyle,49.0,M,Dylan,Daniel,Adam,Kevin,Timothy,Aaron,Caleb,Jacob,Trevor,Kyle,9.0,0.0,2.0,2.0,4.0,0.0,1.0,1.0,9.0,,,,,,,1.0,,,,,,,,,,,31,1,2020_Jan_21_1251,FaceNameBlocked_revised,3.0.0,84.72435183833723,,NaN
57,Male2Block.csv,Kyle3.mp4,Kyle.JPG,Kyle,49.0,M,Dylan,Daniel,Adam,Kevin,Timothy,Aaron,Caleb,Jacob,Trevor,Kyle,9.0,0.0,2.0,2.0,4.0,,,,,0.0,6.0,6.0,9.0,,,,,, dylan,"['d', 'y', 'l', 'a', 'n']","[6.130323393968865, 6.33048092504032, 6.801189285935834, 7.059174655936658, 7.200332920067012]",4.0,4.0,2.8842600458301604,,,31,1,2020_Jan_21_1251,FaceNameBlocked_revised,3.0.0,84.72435183833723,,6.1303233
3,Fem2Block.csv,Lauren4.mp4,Lauren.JPG,Lauren,19.0,F,Natalie,Megan,Grace,Kelsey,Anna,Ashley,Danielle,Lauren,Courtney,Heather,7.0,0.0,0.0,0.0,1.0,0.0,2.0,2.0,7.0,,,,,,,1.0,,,,,,,,,,,31,1,2020_Jan_21_1251,FaceNameBlocked_revised,3.0.0,84.72435183833723,,NaN
20,Fem2Block.csv,Lauren4.mp4,Lauren.JPG,Lauren,19.0,F,Natalie,Megan,Grace,Kelsey,Anna,Ashley,Danielle,Lauren,Courtney,Heather,7.0,0.0,0.0,0.0,1.0,,,,,0.0,9.0,9.0,7.0,,,,,, megan,"['m', 'e', 'g', 'a', 'n']","[2.520701332949102, 2.824931437848136, 3.0959697228390723, 3.5541044459678233, 3.9542141139972955]",2.0,5.0,2.8351499699056153,,,31,1,2020_Jan_21_1251,FaceNameBlocked_revised,3.0.0,84.72435183833723,,2.5207013
66,Male3Block.csv,Mark3.mp4,Mark.JPG,Mark,50.0,M,Jason,Brandon,Matthew,Mark,Tyler,David,Brian,Andrew,Cody,Josh,3.0,0.0,3.0,3.0,5.0,0.0,5.0,5.0,3.0,,,,,,,0.0,,,,,,,,,,,31,1,2020_Jan_21_1251,FaceNameBlocked_revised,3.0.0,84.72435183833723,,NaN
79,Male3Block.csv,Mark3.mp4,Mark.JPG,Mark,50.0,M,Jason,Brandon,Matthew,Mark,Tyler,David,Brian,Andrew,Cody,Josh,3.0,0.0,3.0,3.0,5.0,,,,,0.0,8.0,8.0,3.0,,,,,, cody,"['c', 'o', 'd', 'y']","[2.755027787061408, 3.1547881739679724, 3.671427929075435, 4.154326786985621]",4.0,1.0,6.306817998876794,,,31,1,2020_Jan_21_1251,FaceNameBlocked_revised,3.0.0,84.72435183833723,,2.7550277
61,Male3Block.csv,Matthew2.mp4,Matthew.JPG,Matthew,51.0,M,Jason,Brandon,Matthew,Mark,Tyler,David,Brian,Andrew,Cody,Josh,2.0,0.0,3.0,3.0,5.0,0.0,0.0,0.0,2.0,,,,,,,0.0,,,,,,,,,,,31,1,2020_Jan_21_1251,FaceNameBlocked_revised,3.0.0,84.72435183833723,,NaN
75,Male3Block.csv,Matthew2.mp4,Matthew.JPG,Matthew,51.0,M,Jason,Brandon,Matthew,Mark,Tyler,David,Brian,Andrew,Cody,Josh,2.0,0.0,3.0,3.0,5.0,,,,,0.0,4.0,4.0,2.0,,,,,, matthew,"['m', 'a', 't', 't', 'h', 'e', 'w']","[3.1428156190086156, 3.448148398194462, 3.7189316609874368, 3.872218542965129, 4.1773442381527275, 4.353448798181489, 4.598970527993515]",2.0,2.0,3.1545249258633703,,,31,1,2020_Jan_21_1251,FaceNameBlocked_revised,3.0.0,84.72435183833723,,3.1428156
2,Fem2Block.csv,Megan2.mp4,Megan.JPG,Megan,20.0,F,Natalie,Megan,Grace,Kelsey,Anna,Ashley,Danielle,Lauren,Courtney,Heather,1.0,0.0,0.0,0.0,1.0,0.0,1.0,1.0,1.0,,,,,,,1.0,,,,,,,,,,,31,1,2020_Jan_21_1251,FaceNameBlocked_revised,3.0.0,84.72435183833723,,NaN
17,Fem2Block.csv,Megan2.mp4,Megan.JPG,Megan,20.0,F,Natalie,Megan,Grace,Kelsey,Anna,Ashley,Danielle,Lauren,Courtney,Heather,1.0,0.0,0.0,0.0,1.0,,,,,0.0,6.0,6.0,1.0,,,,,, grace,"['g', 'r', 'a', 'c', 'e']","[1.4350395069923252, 1.7060932458844036, 1.8939970759674907, 2.1288650918286294, 2.397346831858158]",5.0,4.0,4.011284841923043,,,31,1,2020_Jan_21_1251,FaceNameBlocked_revised,3.0.0,84.72435183833723,,1.4350395
114,Male1Block.csv,Michael2.mp4,Michael.JPG,Michael,52.0,M,Thomas,Eric,Steven,Michael,Noah,Bradley,Nathan,Ethan,Justin,Jeremy,3.0,0.0,5.0,5.0,3.0,,,,,0.0,3.0,3.0,3.0,,,,,, eric,"['e', 'r', 'i', 'c']","[2.5885314780753106, 2.847079398110509, 3.4238328230567276, 4.234575719106942]",2.0,4.0,4.681329408893363,,,31,1,2020_Jan_21_1251,FaceNameBlocked_revised,3.0.0,84.72435183833723,,2.5885314
104,Male1Block.csv,Michael2.mp4,Michael.JPG,Michael,52.0,M,Thomas,Eric,Steven,Michael,Noah,Bradley,Nathan,Ethan,Justin,Jeremy,3.0,0.0,5.0,5.0,3.0,0.0,3.0,3.0,3.0,,,,,,,0.0,,,,,,,,,,,31,1,2020_Jan_21_1251,FaceNameBlocked_revised,3.0.0,84.72435183833723,,NaN
30,Fem3Block.csv,Michelle2.mp4,Michelle.JPG,Michelle,21.0,F,Amanda,Shelby,Olivia,Michelle,Jessica,Katie,Julia,Sarah,Brittany,Taylor,3.0,0.0,1.0,1.0,2.0,0.0,9.0,9.0,3.0,,,,,,,0.0,,,,,,,,,,,31,1,2020_Jan_21_1251,FaceNameBlocked_revised,3.0.0,84.72435183833723,,NaN
39,Fem3Block.csv,Michelle2.mp4,Michelle.JPG,Michelle,21.0,F,Amanda,Shelby,Olivia,Michelle,Jessica,Katie,Julia,Sarah,Brittany,Taylor,3.0,0.0,1.0,1.0,2.0,,,,,0.0,8.0,8.0,3.0,,,,,, olivia,"['o', 'l', 'i', 'v', 'i', 'a']","[3.906719408929348, 4.223762474022806, 4.470750574953854, 4.82350690709427, 5.2354960180819035, 5.482294189045206]",2.0,2.0,4.5900779601652175,,,31,1,2020_Jan_21_1251,FaceNameBlocked_revised,3.0.0,84.72435183833723,,3.9067194
10,Fem2Block.csv,Natalie3.mp4,Natalie.JPG,Natalie,22.0,F,Natalie,Megan,Grace,Kelsey,Anna,Ashley,Danielle,Lauren,Courtney,Heather,0.0,0.0,0.0,0.0,1.0,0.0,9.0,9.0,0.0,,,,,,,1.0,,,,,,,,,,,31,1,2020_Jan_21_1251,FaceNameBlocked_revised,3.0.0,84.72435183833723,,NaN
18,Fem2Block.csv,Natalie3.mp4,Natalie.JPG,Natalie,22.0,F,Natalie,Megan,Grace,Kelsey,Anna,Ashley,Danielle,Lauren,Courtney,Heather,0.0,0.0,0.0,0.0,1.0,,,,,0.0,7.0,7.0,0.0,,,,,, kelsy,"['k', 'e', 'l', 's', 'y']","[6.5291195679456, 6.752929866081104, 7.446959516964853, 7.894110386027023, 8.282374402042478]",5.0,4.0,2.2840163989458238,,,31,1,2020_Jan_21_1251,FaceNameBlocked_revised,3.0.0,84.72435183833723,,6.5291195
117,Male1Block.csv,Nathan3.mp4,Nathan.JPG,Nathan,53.0,M,Thomas,Eric,Steven,Michael,Noah,Bradley,Nathan,Ethan,Justin,Jeremy,6.0,0.0,5.0,5.0,3.0,,,,,0.0,6.0,6.0,6.0,,,,,, nathan,"['n', 'a', 't', 'h', 'a', 'n']","[5.060240120161325, 5.366165009094402, 5.9072125549428165, 6.190036213025451, 6.3658783989958465, 6.506898905150592]",1.0,1.0,2.0486805159598593,,,31,1,2020_Jan_21_1251,FaceNameBlocked_revised,3.0.0,84.72435183833723,,5.0602401
106,Male1Block.csv,Nathan3.mp4,Nathan.JPG,Nathan,53.0,M,Thomas,Eric,Steven,Michael,Noah,Bradley,Nathan,Ethan,Justin,Jeremy,6.0,0.0,5.0,5.0,3.0,0.0,5.0,5.0,6.0,,,,,,,1.0,,,,,,,,,,,31,1,2020_Jan_21_1251,FaceNameBlocked_revised,3.0.0,84.72435183833723,,NaN
90,Fem1Block.csv,Nicole2.mp4,Nicole.JPG,Nicole,23.0,F,Rebecca,Rachel,Emily,Hannah,Alyssa,Haley,Brianna,Jenna,Kayla,Nicole,9.0,0.0,4.0,4.0,0.0,0.0,9.0,9.0,9.0,,,,,,,1.0,,,,,,,,,,,31,1,2020_Jan_21_1251,FaceNameBlocked_revised,3.0.0,84.72435183833723,,NaN
92,Fem1Block.csv,Nicole2.mp4,Nicole.JPG,Nicole,23.0,F,Rebecca,Rachel,Emily,Hannah,Alyssa,Haley,Brianna,Jenna,Kayla,Nicole,9.0,0.0,4.0,4.0,0.0,,,,,0.0,1.0,1.0,9.0,,,,,, nicole,"['n', 'i', 'c', 'o', 'l', 'e']","[2.4692935890052468, 2.789409617893398, 3.082433726871386, 3.636083557968959, 3.9884321680292487, 4.7765008779242635]",2.0,2.0,3.6832540498580784,,,31,1,2020_Jan_21_1251,FaceNameBlocked_revised,3.0.0,84.72435183833723,,2.4692935
113,Male1Block.csv,Noah2.mp4,Noah.JPG,Noah,54.0,M,Thomas,Eric,Steven,Michael,Noah,Bradley,Nathan,Ethan,Justin,Jeremy,4.0,0.0,5.0,5.0,3.0,,,,,0.0,2.0,2.0,4.0,,,,,, noah,"['n', 'o', 'a', 'h']","[1.7424471729900688, 2.0113204470835626, 2.436812191037461, 2.9077506919857115]",4.0,4.0,2.6491860391106457,,,31,1,2020_Jan_21_1251,FaceNameBlocked_revised,3.0.0,84.72435183833723,,1.7424471
110,Male1Block.csv,Noah2.mp4,Noah.JPG,Noah,54.0,M,Thomas,Eric,Steven,Michael,Noah,Bradley,Nathan,Ethan,Justin,Jeremy,4.0,0.0,5.0,5.0,3.0,0.0,9.0,9.0,4.0,,,,,,,0.0,,,,,,,,,,,31,1,2020_Jan_21_1251,FaceNameBlocked_revised,3.0.0,84.72435183833723,,NaN
25,Fem3Block.csv,Olivia3.mp4,Olivia.JPG,Olivia,24.0,F,Amanda,Shelby,Olivia,Michelle,Jessica,Katie,Julia,Sarah,Brittany,Taylor,2.0,0.0,1.0,1.0,2.0,0.0,4.0,4.0,2.0,,,,,,,0.0,,,,,,,,,,,31,1,2020_Jan_21_1251,FaceNameBlocked_revised,3.0.0,84.72435183833723,,NaN
32,Fem3Block.csv,Olivia3.mp4,Olivia.JPG,Olivia,24.0,F,Amanda,Shelby,Olivia,Michelle,Jessica,Katie,Julia,Sarah,Brittany,Taylor,2.0,0.0,1.0,1.0,2.0,,,,,0.0,1.0,1.0,2.0,,,,,, taylor,"['t', 'a', 'y', 'l', 'o', 'r']","[6.213062593946233, 6.424078945070505, 6.647896528011188, 7.11819464713335, 7.3767949340399355, 7.565270275110379]",1.0,5.0,3.31848437897861,,,31,1,2020_Jan_21_1251,FaceNameBlocked_revised,3.0.0,84.72435183833723,,6.2130625
94,Fem1Block.csv,Rachel3.mp4,Rachel.JPG,Rachel,25.0,F,Rebecca,Rachel,Emily,Hannah,Alyssa,Haley,Brianna,Jenna,Kayla,Nicole,1.0,0.0,4.0,4.0,0.0,,,,,0.0,3.0,3.0,1.0,,,,,, rebecca,"['r', 'e', 'b', 'e', 'c', 'c', 'a']","[6.742144146002829, 7.0127410150598735, 7.5890446689445525, 7.788742447970435, 8.03671982488595, 8.200788465095684, 8.353778508957475]",2.0,1.0,3.518412084085867,,,31,1,2020_Jan_21_1251,FaceNameBlocked_revised,3.0.0,84.72435183833723,,6.7421441
81,Fem1Block.csv,Rachel3.mp4,Rachel.JPG,Rachel,25.0,F,Rebecca,Rachel,Emily,Hannah,Alyssa,Haley,Brianna,Jenna,Kayla,Nicole,1.0,0.0,4.0,4.0,0.0,0.0,0.0,0.0,1.0,,,,,,,1.0,,,,,,,,,,,31,1,2020_Jan_21_1251,FaceNameBlocked_revised,3.0.0,84.72435183833723,,NaN
95,Fem1Block.csv,Rebecca3.mp4,Rebecca.JPG,Rebecca,26.0,F,Rebecca,Rachel,Emily,Hannah,Alyssa,Haley,Brianna,Jenna,Kayla,Nicole,0.0,0.0,4.0,4.0,0.0,,,,,0.0,4.0,4.0,0.0,,,,,, rebecca,"['r', 'e', 'b', 'e', 'c', 'c', 'a']","[1.7430417470168322, 1.9664715500548482, 2.2829726580530405, 2.44645225815475, 2.754099337151274, 2.907340387115255, 3.095477279042825]",3.0,3.0,3.071940516121685,,,31,1,2020_Jan_21_1251,FaceNameBlocked_revised,3.0.0,84.72435183833723,,1.7430417
89,Fem1Block.csv,Rebecca3.mp4,Rebecca.JPG,Rebecca,26.0,F,Rebecca,Rachel,Emily,Hannah,Alyssa,Haley,Brianna,Jenna,Kayla,Nicole,0.0,0.0,4.0,4.0,0.0,0.0,8.0,8.0,0.0,,,,,,,1.0,,,,,,,,,,,31,1,2020_Jan_21_1251,FaceNameBlocked_revised,3.0.0,84.72435183833723,,NaN
33,Fem3Block.csv,Sarah2.mp4,Sarah.JPG,Sarah,27.0,F,Amanda,Shelby,Olivia,Michelle,Jessica,Katie,Julia,Sarah,Brittany,Taylor,7.0,0.0,1.0,1.0,2.0,,,,,0.0,2.0,2.0,7.0,,,,,, katie,"['k', 'a', 't', 'i', 'e']","[2.7900226491037756, 3.0364743180107325, 3.9536684721242636, 4.554729578085244, 4.883505318081006]",3.0,3.0,4.296338559128343,,,31,1,2020_Jan_21_1251,FaceNameBlocked_revised,3.0.0,84.72435183833723,,2.7900226
24,Fem3Block.csv,Sarah2.mp4,Sarah.JPG,Sarah,27.0,F,Amanda,Shelby,Olivia,Michelle,Jessica,Katie,Julia,Sarah,Brittany,Taylor,7.0,0.0,1.0,1.0,2.0,0.0,3.0,3.0,7.0,,,,,,,1.0,,,,,,,,,,,31,1,2020_Jan_21_1251,FaceNameBlocked_revised,3.0.0,84.72435183833723,,NaN
29,Fem3Block.csv,Shelby2.mp4,Shelby.JPG,Shelby,28.0,F,Amanda,Shelby,Olivia,Michelle,Jessica,Katie,Julia,Sarah,Brittany,Taylor,1.0,0.0,1.0,1.0,2.0,0.0,8.0,8.0,1.0,,,,,,,1.0,,,,,,,,,,,31,1,2020_Jan_21_1251,FaceNameBlocked_revised,3.0.0,84.72435183833723,,NaN
40,Fem3Block.csv,Shelby2.mp4,Shelby.JPG,Shelby,28.0,F,Amanda,Shelby,Olivia,Michelle,Jessica,Katie,Julia,Sarah,Brittany,Taylor,1.0,0.0,1.0,1.0,2.0,,,,,0.0,9.0,9.0,1.0,,,,,, olivia,"['o', 'l', 'i', 'v', 'i', 'a']","[2.5903117151465267, 2.919506423175335, 3.199635276105255, 3.5664529809728265, 3.846625786041841, 4.0719657491426915]",2.0,5.0,5.095066668931395,,,31,1,2020_Jan_21_1251,FaceNameBlocked_revised,3.0.0,84.72435183833723,,2.5903117
119,Male1Block.csv,Steven2.mp4,Steven.JPG,Steven,55.0,M,Thomas,Eric,Steven,Michael,Noah,Bradley,Nathan,Ethan,Justin,Jeremy,2.0,0.0,5.0,5.0,3.0,,,,,0.0,8.0,8.0,2.0,,,,,, jeremy,"['j', 'e', 'r', 'e', 'm', 'y']","[3.7643025380093604, 4.001302839955315, 4.363639577059075, 4.694921568967402, 4.883499010000378, 5.330574389081448]",2.0,2.0,3.201398477191105,,,31,1,2020_Jan_21_1251,FaceNameBlocked_revised,3.0.0,84.72435183833723,,3.7643025
103,Male1Block.csv,Steven2.mp4,Steven.JPG,Steven,55.0,M,Thomas,Eric,Steven,Michael,Noah,Bradley,Nathan,Ethan,Justin,Jeremy,2.0,0.0,5.0,5.0,3.0,0.0,2.0,2.0,2.0,,,,,,,0.0,,,,,,,,,,,31,1,2020_Jan_21_1251,FaceNameBlocked_revised,3.0.0,84.72435183833723,,NaN
36,Fem3Block.csv,Taylor4.mp4,Taylor.JPG,Taylor,29.0,F,Amanda,Shelby,Olivia,Michelle,Jessica,Katie,Julia,Sarah,Brittany,Taylor,9.0,0.0,1.0,1.0,2.0,,,,,0.0,5.0,5.0,9.0,,,,,, julia,"['j', 'u', 'l', 'i', 'a']","[4.566622748970985, 5.400880614994094, 5.906275321962312, 6.248006317997351, 6.470713094109669]",1.0,2.0,3.6368097960948944,,,31,1,2020_Jan_21_1251,FaceNameBlocked_revised,3.0.0,84.72435183833723,,4.5666227
21,Fem3Block.csv,Taylor4.mp4,Taylor.JPG,Taylor,29.0,F,Amanda,Shelby,Olivia,Michelle,Jessica,Katie,Julia,Sarah,Brittany,Taylor,9.0,0.0,1.0,1.0,2.0,0.0,0.0,0.0,9.0,,,,,,,1.0,,,,,,,,,,,31,1,2020_Jan_21_1251,FaceNameBlocked_revised,3.0.0,84.72435183833723,,NaN
109,Male1Block.csv,Thomas2.mp4,Thomas.JPG,Thomas,56.0,M,Thomas,Eric,Steven,Michael,Noah,Bradley,Nathan,Ethan,Justin,Jeremy,0.0,0.0,5.0,5.0,3.0,0.0,8.0,8.0,0.0,,,,,,,1.0,,,,,,,,,,,31,1,2020_Jan_21_1251,FaceNameBlocked_revised,3.0.0,84.72435183833723,,NaN
112,Male1Block.csv,Thomas2.mp4,Thomas.JPG,Thomas,56.0,M,Thomas,Eric,Steven,Michael,Noah,Bradley,Nathan,Ethan,Justin,Jeremy,0.0,0.0,5.0,5.0,3.0,,,,,0.0,1.0,1.0,0.0,,,,,, eric,"['e', 'r', 'i', 'c']","[3.9192821190226823, 4.306867806939408, 4.648422597907484, 4.930793144972995]",2.0,2.0,4.093166384845971,,,31,1,2020_Jan_21_1251,FaceNameBlocked_revised,3.0.0,84.72435183833723,,3.9192821
45,Male2Block.csv,Timothy3.mp4,Timothy.JPG,Timothy,57.0,M,Dylan,Daniel,Adam,Kevin,Timothy,Aaron,Caleb,Jacob,Trevor,Kyle,4.0,0.0,2.0,2.0,4.0,0.0,4.0,4.0,4.0,,,,,,,0.0,,,,,,,,,,,31,1,2020_Jan_21_1251,FaceNameBlocked_revised,3.0.0,84.72435183833723,,NaN
51,Male2Block.csv,Timothy3.mp4,Timothy.JPG,Timothy,57.0,M,Dylan,Daniel,Adam,Kevin,Timothy,Aaron,Caleb,Jacob,Trevor,Kyle,4.0,0.0,2.0,2.0,4.0,,,,,0.0,0.0,0.0,4.0,,,,space,10.376843629870566, dylan,"['d', 'y', 'l', 'a', 'n']","[2.7437448678538203, 2.9079376440495253, 3.319925770862028, 3.7306870829779655, 3.8960646770428866]",4.0,1.0,3.413127805106342,,,31,1,2020_Jan_21_1251,FaceNameBlocked_revised,3.0.0,84.72435183833723,,2.7437448
50,Male2Block.csv,Trevor2.mp4,Trevor.JPG,Trevor,58.0,M,Dylan,Daniel,Adam,Kevin,Timothy,Aaron,Caleb,Jacob,Trevor,Kyle,8.0,0.0,2.0,2.0,4.0,0.0,9.0,9.0,8.0,,,,,,,0.0,,,,,,,,,,,31,1,2020_Jan_21_1251,FaceNameBlocked_revised,3.0.0,84.72435183833723,,NaN
52,Male2Block.csv,Trevor2.mp4,Trevor.JPG,Trevor,58.0,M,Dylan,Daniel,Adam,Kevin,Timothy,Aaron,Caleb,Jacob,Trevor,Kyle,8.0,0.0,2.0,2.0,4.0,,,,,0.0,1.0,1.0,8.0,,,,,, trevor,"['t', 'r', 'e', 'v', 'o', 'r']","[1.6375950740184635, 1.8377881341148168, 2.164993098936975, 2.3203903790563345, 2.613181655993685, 3.013676272938028]",1.0,1.0,1.5534566598944366,,,31,1,2020_Jan_21_1251,FaceNameBlocked_revised,3.0.0,84.72435183833723,,1.6375950
62,Male3Block.csv,Tyler3.mp4,Tyler.JPG,Tyler,59.0,M,Jason,Brandon,Matthew,Mark,Tyler,David,Brian,Andrew,Cody,Josh,4.0,0.0,3.0,3.0,5.0,0.0,1.0,1.0,4.0,,,,,,,0.0,,,,,,,,,,,31,1,2020_Jan_21_1251,FaceNameBlocked_revised,3.0.0,84.72435183833723,,NaN
80,Male3Block.csv,Tyler3.mp4,Tyler.JPG,Tyler,59.0,M,Jason,Brandon,Matthew,Mark,Tyler,David,Brian,Andrew,Cody,Josh,4.0,0.0,3.0,3.0,5.0,,,,,0.0,9.0,9.0,4.0,,,,,, david,"['d', 'a', 'v', 'i', 'd']","[1.5316019000019878, 1.8375929300673306, 2.308065043995157, 2.5903165510389954, 2.8843028228729963]",5.0,5.0,5.152944152941926,,,31,1,2020_Jan_21_1251,FaceNameBlocked_revised,3.0.0,84.72435183833723,,1.5316019
0,,,,,,,,,,,,,,,,,,,,,,,,,,,,,,space,167.83882242394608,,,,,,,,,,,,31,1,2020_Jan_21_1251,FaceNameBlocked_revised,3.0.0,84.72435183833723,,NaN
121,,,,,,,,,,,,,,,,,,,,,,,,,,,,,,,,,,,,,,,,,space,607.12605699501,31,1,2020_Jan_21_1251,FaceNameBlocked_revised,3.0.0,84.72435183833723,,NaN
