,condsBlockFile,Video,Photo,Name,Row,Gender,N1,N2,N3,N4,N5,N6,N7,N8,N9,N10,Row2,blocks.thisRepN,blocks.thisTrialN,blocks.thisN,blocks.thisIndex,presentations.thisRepN,presentations.thisTrialN,presentations.thisN,presentations.thisIndex,testing.thisRepN,testing.thisTrialN,testing.thisN,testing.thisIndex,advance_1.keys,advance_1.rt,currentCond,advance_2.keys,advance_2.rt,inputText,key_resp_3.keys,key_resp_3.rt,correctRecogSelection,keyResponse.keys,keyResponse.rt,end_key.keys,end_key.rt,participant,session,date,expName,psychopyVersion,frameRate,Unnamed: 48,key_resp3_fin
100,Male3Block.csv,Aaron2.mp4,Aaron.JPG,Aaron,30.0,M,Cody,Noah,Thomas,Bradley,Brian,Jacob,Ethan,Aaron,Andrew,Matthew,7.0,0.0,4.0,4.0,5.0,,,,,0.0,9.0,9.0,7.0,,,,,, ,"['n', 'o', 'a', 'h', 'backspace', 'backspace', 'backspace', 'backspace']","[6.320101018063724, 6.440035435021855, 6.613652538973838, 6.76013663597405, 9.17178941203747, 9.318097910028882, 9.438547770958394, 9.691061486955732]",2.0,2.0,9.466171059990302,,,32,1,2020_Jan_22_1502,FaceNameBlocked_revised,3.0.0,75.05565750974877,,6.3201010
83,Male3Block.csv,Aaron2.mp4,Aaron.JPG,Aaron,30.0,M,Cody,Noah,Thomas,Bradley,Brian,Jacob,Ethan,Aaron,Andrew,Matthew,7.0,0.0,4.0,4.0,5.0,0.0,2.0,2.0,7.0,,,,,,,0.0,,,,,,,,,,,32,1,2020_Jan_22_1502,FaceNameBlocked_revised,3.0.0,75.05565750974877,,NaN
107,Male2Block.csv,Adam4.mp4,Adam.JPG,Adam,31.0,M,Justin,Trevor,Jeremy,Adam,Mark,Jason,David,Josh,Eric,Nathan,3.0,0.0,5.0,5.0,4.0,0.0,6.0,6.0,3.0,,,,,,,1.0,,,,,,,,,,,32,1,2020_Jan_22_1502,FaceNameBlocked_revised,3.0.0,75.05565750974877,,NaN
111,Male2Block.csv,Adam4.mp4,Adam.JPG,Adam,31.0,M,Justin,Trevor,Jeremy,Adam,Mark,Jason,David,Josh,Eric,Nathan,3.0,0.0,5.0,5.0,4.0,,,,,0.0,0.0,0.0,3.0,,,,space,3.9321251269429918, ,None,,5.0,5.0,13.491450145025738,,,32,1,2020_Jan_22_1502,FaceNameBlocked_revised,3.0.0,75.05565750974877,,NaN
40,Fem1Block.csv,Alyssa3.mp4,Alyssa.JPG,Alyssa,0.0,F,Rebecca,Jessica,Hannah,Grace,Natalie,Sarah,Julia,Alyssa,Lauren,Brittany,7.0,0.0,1.0,1.0,0.0,,,,,0.0,9.0,9.0,7.0,,,,,, alyssa,"['a', 'l', 'y', 's', 's', 's', 'a', 'backspace', 'backspace', 'a']","[3.1873603330459446, 3.480304890079424, 3.721059170085937, 3.8408592690248042, 3.960897620068863, 4.09417418402154, 4.280481789028272, 4.97347762004938, 5.11995193909388, 5.266543158097193]",2.0,2.0,2.001083721057512,,,32,1,2020_Jan_22_1502,FaceNameBlocked_revised,3.0.0,75.05565750974877,,3.1873603
30,Fem1Block.csv,Alyssa3.mp4,Alyssa.JPG,Alyssa,0.0,F,Rebecca,Jessica,Hannah,Grace,Natalie,Sarah,Julia,Alyssa,Lauren,Brittany,7.0,0.0,1.0,1.0,0.0,0.0,9.0,9.0,7.0,,,,,,,0.0,,,,,,,,,,,32,1,2020_Jan_22_1502,FaceNameBlocked_revised,3.0.0,75.05565750974877,,NaN
49,Fem2Block.csv,Amanda3.mp4,Amanda.JPG,Amanda,1.0,F,Jenna,Ashley,Danielle,Kelsey,Taylor,Amanda,Olivia,Shelby,Katie,Kayla,5.0,0.0,2.0,2.0,1.0,0.0,8.0,8.0,5.0,,,,,,,1.0,,,,,,,,,,,32,1,2020_Jan_22_1502,FaceNameBlocked_revised,3.0.0,75.05565750974877,,NaN
57,Fem2Block.csv,Amanda3.mp4,Amanda.JPG,Amanda,1.0,F,Jenna,Ashley,Danielle,Kelsey,Taylor,Amanda,Olivia,Shelby,Katie,Kayla,5.0,0.0,2.0,2.0,1.0,,,,,0.0,6.0,6.0,5.0,,,,,, ,None,,4.0,1.0,13.598398029920645,,,32,1,2020_Jan_22_1502,FaceNameBlocked_revised,3.0.0,75.05565750974877,,NaN
81,Male3Block.csv,Andrew2.mp4,Andrew.JPG,Andrew,32.0,M,Cody,Noah,Thomas,Bradley,Brian,Jacob,Ethan,Aaron,Andrew,Matthew,8.0,0.0,4.0,4.0,5.0,0.0,0.0,0.0,8.0,,,,,,,0.0,,,,,,,,,,,32,1,2020_Jan_22_1502,FaceNameBlocked_revised,3.0.0,75.05565750974877,,NaN
93,Male3Block.csv,Andrew2.mp4,Andrew.JPG,Andrew,32.0,M,Cody,Noah,Thomas,Bradley,Brian,Jacob,Ethan,Aaron,Andrew,Matthew,8.0,0.0,4.0,4.0,5.0,,,,,0.0,2.0,2.0,8.0,,,,,, ,None,,5.0,1.0,9.132766184979117,,,32,1,2020_Jan_22_1502,FaceNameBlocked_revised,3.0.0,75.05565750974877,,NaN
6,Fem3Block.csv,Anna3.mp4,Anna.JPG,Anna,2.0,F,Heather,Courtney,Rachel,Brianna,Haley,Emily,Nicole,Anna,Michelle,Megan,7.0,0.0,0.0,0.0,2.0,0.0,5.0,5.0,7.0,,,,,,,0.0,,,,,,,,,,,32,1,2020_Jan_22_1502,FaceNameBlocked_revised,3.0.0,75.05565750974877,,NaN
17,Fem3Block.csv,Anna3.mp4,Anna.JPG,Anna,2.0,F,Heather,Courtney,Rachel,Brianna,Haley,Emily,Nicole,Anna,Michelle,Megan,7.0,0.0,0.0,0.0,2.0,,,,,0.0,6.0,6.0,7.0,,,,,, ,None,,1.0,5.0,3.4541558759519826,,,32,1,2020_Jan_22_1502,FaceNameBlocked_revised,3.0.0,75.05565750974877,,NaN
48,Fem2Block.csv,Ashley3.mp4,Ashley.JPG,Ashley,3.0,F,Jenna,Ashley,Danielle,Kelsey,Taylor,Amanda,Olivia,Shelby,Katie,Kayla,1.0,0.0,2.0,2.0,1.0,0.0,7.0,7.0,1.0,,,,,,,0.0,,,,,,,,,,,32,1,2020_Jan_22_1502,FaceNameBlocked_revised,3.0.0,75.05565750974877,,NaN
53,Fem2Block.csv,Ashley3.mp4,Ashley.JPG,Ashley,3.0,F,Jenna,Ashley,Danielle,Kelsey,Taylor,Amanda,Olivia,Shelby,Katie,Kayla,1.0,0.0,2.0,2.0,1.0,,,,,0.0,2.0,2.0,1.0,,,,,, ,None,,5.0,4.0,5.427417970960961,,,32,1,2020_Jan_22_1502,FaceNameBlocked_revised,3.0.0,75.05565750974877,,NaN
84,Male3Block.csv,Bradley3.mp4,Bradley.JPG,Bradley,33.0,M,Cody,Noah,Thomas,Bradley,Brian,Jacob,Ethan,Aaron,Andrew,Matthew,3.0,0.0,4.0,4.0,5.0,0.0,3.0,3.0,3.0,,,,,,,1.0,,,,,,,,,,,32,1,2020_Jan_22_1502,FaceNameBlocked_revised,3.0.0,75.05565750974877,,NaN
91,Male3Block.csv,Bradley3.mp4,Bradley.JPG,Bradley,33.0,M,Cody,Noah,Thomas,Bradley,Brian,Jacob,Ethan,Aaron,Andrew,Matthew,3.0,0.0,4.0,4.0,5.0,,,,,0.0,0.0,0.0,3.0,,,,space,3.401515220059082, ,None,,5.0,5.0,5.401186157949269,,,32,1,2020_Jan_22_1502,FaceNameBlocked_revised,3.0.0,75.05565750974877,,NaN
71,Male1Block.csv,Brandon2.mp4,Brandon.JPG,Brandon,34.0,M,Tyler,Kevin,Timothy,Caleb,Dylan,Kyle,Michael,Steven,Daniel,Brandon,9.0,0.0,3.0,3.0,3.0,,,,,0.0,0.0,0.0,9.0,,,,space,3.7752078990451987, michael,"['m', 'i', 'c', 'h', 'a', 'e', 'l', 'backspace', 'l']","[6.187987070996314, 6.294411087059416, 6.401280799997039, 6.558705794042908, 6.6678463210118935, 6.974056771025062, 7.214045437052846, 7.613232020055875, 8.773459452087991]",5.0,5.0,7.93289937695954,,,32,1,2020_Jan_22_1502,FaceNameBlocked_revised,3.0.0,75.05565750974877,,6.1879870
69,Male1Block.csv,Brandon2.mp4,Brandon.JPG,Brandon,34.0,M,Tyler,Kevin,Timothy,Caleb,Dylan,Kyle,Michael,Steven,Daniel,Brandon,9.0,0.0,3.0,3.0,3.0,0.0,8.0,8.0,9.0,,,,,,,1.0,,,,,,,,,,,32,1,2020_Jan_22_1502,FaceNameBlocked_revised,3.0.0,75.05565750974877,,NaN
95,Male3Block.csv,Brian2.mp4,Brian.JPG,Brian,35.0,M,Cody,Noah,Thomas,Bradley,Brian,Jacob,Ethan,Aaron,Andrew,Matthew,4.0,0.0,4.0,4.0,5.0,,,,,0.0,4.0,4.0,4.0,,,,,, ,None,,3.0,1.0,7.599300674977712,,,32,1,2020_Jan_22_1502,FaceNameBlocked_revised,3.0.0,75.05565750974877,,NaN
82,Male3Block.csv,Brian2.mp4,Brian.JPG,Brian,35.0,M,Cody,Noah,Thomas,Bradley,Brian,Jacob,Ethan,Aaron,Andrew,Matthew,4.0,0.0,4.0,4.0,5.0,0.0,1.0,1.0,4.0,,,,,,,0.0,,,,,,,,,,,32,1,2020_Jan_22_1502,FaceNameBlocked_revised,3.0.0,75.05565750974877,,NaN
15,Fem3Block.csv,Brianna2.mp4,Brianna.JPG,Brianna,4.0,F,Heather,Courtney,Rachel,Brianna,Haley,Emily,Nicole,Anna,Michelle,Megan,3.0,0.0,0.0,0.0,2.0,,,,,0.0,4.0,4.0,3.0,,,,,, courtney,"['c', 'o', 'u', 'r', 't', 'n', 'e', 'y']","[3.8405436129542068, 4.214146064943634, 4.373782287933864, 4.614014252903871, 5.093441767967306, 5.293834801996127, 5.42680252797436, 5.574111817986704]",2.0,2.0,9.250324530992655,,,32,1,2020_Jan_22_1502,FaceNameBlocked_revised,3.0.0,75.05565750974877,,3.8405436
9,Fem3Block.csv,Brianna2.mp4,Brianna.JPG,Brianna,4.0,F,Heather,Courtney,Rachel,Brianna,Haley,Emily,Nicole,Anna,Michelle,Megan,3.0,0.0,0.0,0.0,2.0,0.0,8.0,8.0,3.0,,,,,,,1.0,,,,,,,,,,,32,1,2020_Jan_22_1502,FaceNameBlocked_revised,3.0.0,75.05565750974877,,NaN
27,Fem1Block.csv,Brittany2.mp4,Brittany.JPG,Brittany,5.0,F,Rebecca,Jessica,Hannah,Grace,Natalie,Sarah,Julia,Alyssa,Lauren,Brittany,9.0,0.0,1.0,1.0,0.0,0.0,6.0,6.0,9.0,,,,,,,1.0,,,,,,,,,,,32,1,2020_Jan_22_1502,FaceNameBlocked_revised,3.0.0,75.05565750974877,,NaN
32,Fem1Block.csv,Brittany2.mp4,Brittany.JPG,Brittany,5.0,F,Rebecca,Jessica,Hannah,Grace,Natalie,Sarah,Julia,Alyssa,Lauren,Brittany,9.0,0.0,1.0,1.0,0.0,,,,,0.0,1.0,1.0,9.0,,,,,, brittany,"['b', 'r', 'i', 't', 't', 'a', 'n', 'y']","[3.601336471037939, 4.107338946079835, 4.240188173018396, 4.494036381016485, 4.6404347030911595, 4.787193302065134, 4.987239376059733, 5.147233632043935]",4.0,4.0,2.908359138062224,,,32,1,2020_Jan_22_1502,FaceNameBlocked_revised,3.0.0,75.05565750974877,,3.6013364
70,Male1Block.csv,Caleb5.mp4,Caleb.JPG,Caleb,36.0,M,Tyler,Kevin,Timothy,Caleb,Dylan,Kyle,Michael,Steven,Daniel,Brandon,3.0,0.0,3.0,3.0,3.0,0.0,9.0,9.0,3.0,,,,,,,1.0,,,,,,,,,,,32,1,2020_Jan_22_1502,FaceNameBlocked_revised,3.0.0,75.05565750974877,,NaN
74,Male1Block.csv,Caleb5.mp4,Caleb.JPG,Caleb,36.0,M,Tyler,Kevin,Timothy,Caleb,Dylan,Kyle,Michael,Steven,Daniel,Brandon,3.0,0.0,3.0,3.0,3.0,,,,,0.0,3.0,3.0,3.0,,,,,, caleb,"['c', 'a', 'l', 'e', 'b']","[2.3218202489661053, 2.5617514309706166, 2.908524379017763, 3.121594025986269, 3.3213658820604905]",1.0,1.0,1.613521437975578,,,32,1,2020_Jan_22_1502,FaceNameBlocked_revised,3.0.0,75.05565750974877,,2.3218202
87,Male3Block.csv,Cody2.mp4,Cody.JPG,Cody,37.0,M,Cody,Noah,Thomas,Bradley,Brian,Jacob,Ethan,Aaron,Andrew,Matthew,0.0,0.0,4.0,4.0,5.0,0.0,6.0,6.0,0.0,,,,,,,0.0,,,,,,,,,,,32,1,2020_Jan_22_1502,FaceNameBlocked_revised,3.0.0,75.05565750974877,,NaN
96,Male3Block.csv,Cody2.mp4,Cody.JPG,Cody,37.0,M,Cody,Noah,Thomas,Bradley,Brian,Jacob,Ethan,Aaron,Andrew,Matthew,0.0,0.0,4.0,4.0,5.0,,,,,0.0,5.0,5.0,0.0,,,,,, cody,"['c', 'o', 'd', 'y']","[2.3751173780765384, 2.5220898070838302, 2.9459891320439056, 3.1062029110034928]",2.0,2.0,1.627938924008049,,,32,1,2020_Jan_22_1502,FaceNameBlocked_revised,3.0.0,75.05565750974877,,2.3751173
20,Fem3Block.csv,Courtney2.mp4,Courtney.JPG,Courtney,6.0,F,Heather,Courtney,Rachel,Brianna,Haley,Emily,Nicole,Anna,Michelle,Megan,1.0,0.0,0.0,0.0,2.0,,,,,0.0,9.0,9.0,1.0,,,,,, ,None,,4.0,5.0,4.360187245998532,,,32,1,2020_Jan_22_1502,FaceNameBlocked_revised,3.0.0,75.05565750974877,,NaN
10,Fem3Block.csv,Courtney2.mp4,Courtney.JPG,Courtney,6.0,F,Heather,Courtney,Rachel,Brianna,Haley,Emily,Nicole,Anna,Michelle,Megan,1.0,0.0,0.0,0.0,2.0,0.0,9.0,9.0,1.0,,,,,,,0.0,,,,,,,,,,,32,1,2020_Jan_22_1502,FaceNameBlocked_revised,3.0.0,75.05565750974877,,NaN
76,Male1Block.csv,Daniel3.mp4,Daniel.JPG,Daniel,38.0,M,Tyler,Kevin,Timothy,Caleb,Dylan,Kyle,Michael,Steven,Daniel,Brandon,8.0,0.0,3.0,3.0,3.0,,,,,0.0,5.0,5.0,8.0,,,,,, t,['t'],[9.892981388024054],3.0,5.0,2.1336679919622843,,,32,1,2020_Jan_22_1502,FaceNameBlocked_revised,3.0.0,75.05565750974877,,9.8929813
68,Male1Block.csv,Daniel3.mp4,Daniel.JPG,Daniel,38.0,M,Tyler,Kevin,Timothy,Caleb,Dylan,Kyle,Michael,Steven,Daniel,Brandon,8.0,0.0,3.0,3.0,3.0,0.0,7.0,7.0,8.0,,,,,,,0.0,,,,,,,,,,,32,1,2020_Jan_22_1502,FaceNameBlocked_revised,3.0.0,75.05565750974877,,NaN
44,Fem2Block.csv,Danielle2.mp4,Danielle.JPG,Danielle,7.0,F,Jenna,Ashley,Danielle,Kelsey,Taylor,Amanda,Olivia,Shelby,Katie,Kayla,2.0,0.0,2.0,2.0,1.0,0.0,3.0,3.0,2.0,,,,,,,1.0,,,,,,,,,,,32,1,2020_Jan_22_1502,FaceNameBlocked_revised,3.0.0,75.05565750974877,,NaN
58,Fem2Block.csv,Danielle2.mp4,Danielle.JPG,Danielle,7.0,F,Jenna,Ashley,Danielle,Kelsey,Taylor,Amanda,Olivia,Shelby,Katie,Kayla,2.0,0.0,2.0,2.0,1.0,,,,,0.0,7.0,7.0,2.0,,,,,, dinella,"['d', 'i', 'a', 'backspace', 'n', 'e', 'l', 'l', 'a']","[2.34843389200978, 2.8549431080464274, 5.36110953707248, 7.693088742089458, 8.186130584101193, 8.37297812604811, 8.533425872097723, 8.705964414053597, 8.893362314091064]",3.0,3.0,1.9883432619972157,,,32,1,2020_Jan_22_1502,FaceNameBlocked_revised,3.0.0,75.05565750974877,,2.3484338
110,Male2Block.csv,David2.mp4,David.JPG,David,39.0,M,Justin,Trevor,Jeremy,Adam,Mark,Jason,David,Josh,Eric,Nathan,6.0,0.0,5.0,5.0,4.0,0.0,9.0,9.0,6.0,,,,,,,1.0,,,,,,,,,,,32,1,2020_Jan_22_1502,FaceNameBlocked_revised,3.0.0,75.05565750974877,,NaN
112,Male2Block.csv,David2.mp4,David.JPG,David,39.0,M,Justin,Trevor,Jeremy,Adam,Mark,Jason,David,Josh,Eric,Nathan,6.0,0.0,5.0,5.0,4.0,,,,,0.0,1.0,1.0,6.0,,,,,, ,None,,4.0,5.0,13.3048311190214,,,32,1,2020_Jan_22_1502,FaceNameBlocked_revised,3.0.0,75.05565750974877,,NaN
66,Male1Block.csv,Dylan3.mp4,Dylan.JPG,Dylan,40.0,M,Tyler,Kevin,Timothy,Caleb,Dylan,Kyle,Michael,Steven,Daniel,Brandon,4.0,0.0,3.0,3.0,3.0,0.0,5.0,5.0,4.0,,,,,,,0.0,,,,,,,,,,,32,1,2020_Jan_22_1502,FaceNameBlocked_revised,3.0.0,75.05565750974877,,NaN
73,Male1Block.csv,Dylan3.mp4,Dylan.JPG,Dylan,40.0,M,Tyler,Kevin,Timothy,Caleb,Dylan,Kyle,Michael,Steven,Daniel,Brandon,4.0,0.0,3.0,3.0,3.0,,,,,0.0,2.0,2.0,4.0,,,,,, timony,"['t', 'i', 'o', 'backspace', 'm', 'o', 'n', 'y']","[4.121001477935351, 4.375071756890975, 4.708010854898021, 5.654067393974401, 6.160651616984978, 6.254451785003766, 6.520598159986548, 7.040450350963511]",5.0,3.0,6.120879655005409,,,32,1,2020_Jan_22_1502,FaceNameBlocked_revised,3.0.0,75.05565750974877,,4.1210014
7,Fem3Block.csv,Emily5.mp4,Emily.JPG,Emily,8.0,F,Heather,Courtney,Rachel,Brianna,Haley,Emily,Nicole,Anna,Michelle,Megan,5.0,0.0,0.0,0.0,2.0,0.0,6.0,6.0,5.0,,,,,,,1.0,,,,,,,,,,,32,1,2020_Jan_22_1502,FaceNameBlocked_revised,3.0.0,75.05565750974877,,NaN
14,Fem3Block.csv,Emily5.mp4,Emily.JPG,Emily,8.0,F,Heather,Courtney,Rachel,Brianna,Haley,Emily,Nicole,Anna,Michelle,Megan,5.0,0.0,0.0,0.0,2.0,,,,,0.0,3.0,3.0,5.0,,,,,, rachel,"['r', 'a', 'c', 'h', 'e', 'l']","[4.319510831963271, 5.025863550952636, 5.42573811893817, 5.598995597916655, 5.8134648179402575, 6.399277025950141]",3.0,1.0,7.664062844007276,,,32,1,2020_Jan_22_1502,FaceNameBlocked_revised,3.0.0,75.05565750974877,,4.3195108
103,Male2Block.csv,Eric2.mp4,Eric.JPG,Eric,41.0,M,Justin,Trevor,Jeremy,Adam,Mark,Jason,David,Josh,Eric,Nathan,8.0,0.0,5.0,5.0,4.0,0.0,2.0,2.0,8.0,,,,,,,0.0,,,,,,,,,,,32,1,2020_Jan_22_1502,FaceNameBlocked_revised,3.0.0,75.05565750974877,,NaN
113,Male2Block.csv,Eric2.mp4,Eric.JPG,Eric,41.0,M,Justin,Trevor,Jeremy,Adam,Mark,Jason,David,Josh,Eric,Nathan,8.0,0.0,5.0,5.0,4.0,,,,,0.0,2.0,2.0,8.0,,,,,, ,None,,5.0,5.0,6.641122780973093,,,32,1,2020_Jan_22_1502,FaceNameBlocked_revised,3.0.0,75.05565750974877,,NaN
89,Male3Block.csv,Ethan2.mp4,Ethan.JPG,Ethan,42.0,M,Cody,Noah,Thomas,Bradley,Brian,Jacob,Ethan,Aaron,Andrew,Matthew,6.0,0.0,4.0,4.0,5.0,0.0,8.0,8.0,6.0,,,,,,,1.0,,,,,,,,,,,32,1,2020_Jan_22_1502,FaceNameBlocked_revised,3.0.0,75.05565750974877,,NaN
99,Male3Block.csv,Ethan2.mp4,Ethan.JPG,Ethan,42.0,M,Cody,Noah,Thomas,Bradley,Brian,Jacob,Ethan,Aaron,Andrew,Matthew,6.0,0.0,4.0,4.0,5.0,,,,,0.0,8.0,8.0,6.0,,,,,, ethan,"['e', 't', 'h', 'a', 'n']","[2.7883701029932126, 3.055060023907572, 3.201250637997873, 3.294636685983278, 3.468241060967557]",1.0,1.0,2.1487215569941327,,,32,1,2020_Jan_22_1502,FaceNameBlocked_revised,3.0.0,75.05565750974877,,2.7883701
39,Fem1Block.csv,Grace3.mp4,Grace.JPG,Grace,9.0,F,Rebecca,Jessica,Hannah,Grace,Natalie,Sarah,Julia,Alyssa,Lauren,Brittany,3.0,0.0,1.0,1.0,0.0,,,,,0.0,8.0,8.0,3.0,,,,,, grace,"['g', 'r', 'a', 'c', 'e']","[1.6554012710694224, 1.815079374006018, 1.959701604093425, 2.1750852490076795, 2.3350411950377747]",4.0,4.0,1.6420342690544203,,,32,1,2020_Jan_22_1502,FaceNameBlocked_revised,3.0.0,75.05565750974877,,1.6554012
29,Fem1Block.csv,Grace3.mp4,Grace.JPG,Grace,9.0,F,Rebecca,Jessica,Hannah,Grace,Natalie,Sarah,Julia,Alyssa,Lauren,Brittany,3.0,0.0,1.0,1.0,0.0,0.0,8.0,8.0,3.0,,,,,,,1.0,,,,,,,,,,,32,1,2020_Jan_22_1502,FaceNameBlocked_revised,3.0.0,75.05565750974877,,NaN
8,Fem3Block.csv,Haley2.mp4,Haley.JPG,Haley,10.0,F,Heather,Courtney,Rachel,Brianna,Haley,Emily,Nicole,Anna,Michelle,Megan,4.0,0.0,0.0,0.0,2.0,0.0,7.0,7.0,4.0,,,,,,,0.0,,,,,,,,,,,32,1,2020_Jan_22_1502,FaceNameBlocked_revised,3.0.0,75.05565750974877,,NaN
12,Fem3Block.csv,Haley2.mp4,Haley.JPG,Haley,10.0,F,Heather,Courtney,Rachel,Brianna,Haley,Emily,Nicole,Anna,Michelle,Megan,4.0,0.0,0.0,0.0,2.0,,,,,0.0,1.0,1.0,4.0,,,,,, idk,"['i', 'd', 'k']","[4.294457587995566, 4.6143562329234555, 4.918388700927608]",2.0,1.0,6.438325862050988,,,32,1,2020_Jan_22_1502,FaceNameBlocked_revised,3.0.0,75.05565750974877,,4.2944575
35,Fem1Block.csv,Hannah2.mp4,Hannah.JPG,Hannah,11.0,F,Rebecca,Jessica,Hannah,Grace,Natalie,Sarah,Julia,Alyssa,Lauren,Brittany,2.0,0.0,1.0,1.0,0.0,,,,,0.0,4.0,4.0,2.0,,,,,, hannah,"['h', 'a', 'n', 'n', 'a', 'h']","[2.707689028000459, 3.001036348985508, 3.334817948983982, 4.507281013997272, 4.64070448896382, 4.787160075036809]",5.0,5.0,6.2533256449969485,,,32,1,2020_Jan_22_1502,FaceNameBlocked_revised,3.0.0,75.05565750974877,,2.7076890
28,Fem1Block.csv,Hannah2.mp4,Hannah.JPG,Hannah,11.0,F,Rebecca,Jessica,Hannah,Grace,Natalie,Sarah,Julia,Alyssa,Lauren,Brittany,2.0,0.0,1.0,1.0,0.0,0.0,7.0,7.0,2.0,,,,,,,1.0,,,,,,,,,,,32,1,2020_Jan_22_1502,FaceNameBlocked_revised,3.0.0,75.05565750974877,,NaN
4,Fem3Block.csv,Heather3.mp4,Heather.JPG,Heather,12.0,F,Heather,Courtney,Rachel,Brianna,Haley,Emily,Nicole,Anna,Michelle,Megan,0.0,0.0,0.0,0.0,2.0,0.0,3.0,3.0,0.0,,,,,,,0.0,,,,,,,,,,,32,1,2020_Jan_22_1502,FaceNameBlocked_revised,3.0.0,75.05565750974877,,NaN
13,Fem3Block.csv,Heather3.mp4,Heather.JPG,Heather,12.0,F,Heather,Courtney,Rachel,Brianna,Haley,Emily,Nicole,Anna,Michelle,Megan,0.0,0.0,0.0,0.0,2.0,,,,,0.0,2.0,2.0,0.0,,,,,, ,None,,4.0,3.0,10.83895202993881,,,32,1,2020_Jan_22_1502,FaceNameBlocked_revised,3.0.0,75.05565750974877,,NaN
98,Male3Block.csv,Jacob3.mp4,Jacob.JPG,Jacob,43.0,M,Cody,Noah,Thomas,Bradley,Brian,Jacob,Ethan,Aaron,Andrew,Matthew,5.0,0.0,4.0,4.0,5.0,,,,,0.0,7.0,7.0,5.0,,,,,, jacob,"['j', 'a', 'c', 'o', 'b']","[4.213999256957322, 4.386497672996484, 4.83982971298974, 4.999779732897878, 5.1334579199319705]",5.0,5.0,1.828867777949199,,,32,1,2020_Jan_22_1502,FaceNameBlocked_revised,3.0.0,75.05565750974877,,4.2139992
90,Male3Block.csv,Jacob3.mp4,Jacob.JPG,Jacob,43.0,M,Cody,Noah,Thomas,Bradley,Brian,Jacob,Ethan,Aaron,Andrew,Matthew,5.0,0.0,4.0,4.0,5.0,0.0,9.0,9.0,5.0,,,,,,,1.0,,,,,,,,,,,32,1,2020_Jan_22_1502,FaceNameBlocked_revised,3.0.0,75.05565750974877,,NaN
108,Male2Block.csv,Jason4.mp4,Jason.JPG,Jason,44.0,M,Justin,Trevor,Jeremy,Adam,Mark,Jason,David,Josh,Eric,Nathan,5.0,0.0,5.0,5.0,4.0,0.0,7.0,7.0,5.0,,,,,,,1.0,,,,,,,,,,,32,1,2020_Jan_22_1502,FaceNameBlocked_revised,3.0.0,75.05565750974877,,NaN
116,Male2Block.csv,Jason4.mp4,Jason.JPG,Jason,44.0,M,Justin,Trevor,Jeremy,Adam,Mark,Jason,David,Josh,Eric,Nathan,5.0,0.0,5.0,5.0,4.0,,,,,0.0,5.0,5.0,5.0,,,,,, adam,"['a', 'd', 'a', 'm']","[8.17293844697997, 8.425288169994019, 8.599154994008131, 8.759161056950688]",1.0,2.0,5.90706348302774,,,32,1,2020_Jan_22_1502,FaceNameBlocked_revised,3.0.0,75.05565750974877,,8.1729384
51,Fem2Block.csv,Jenna4.mp4,Jenna.JPG,Jenna,13.0,F,Jenna,Ashley,Danielle,Kelsey,Taylor,Amanda,Olivia,Shelby,Katie,Kayla,0.0,0.0,2.0,2.0,1.0,,,,,0.0,0.0,0.0,0.0,,,,space,4.254987930995412, o,"['o', 'l', 'i', 'v', 'i', 'a', 'backspace', 'backspace', 'backspace', 'backspace', 'backspace']","[4.840699344989844, 5.107759070931934, 5.281286673969589, 5.571970870019868, 5.627765365992673, 5.771970066940412, 7.586349767982028, 9.132763850968331, 9.34496025997214, 9.545167037984356, 9.745353041915223]",5.0,1.0,7.171823559096082,,,32,1,2020_Jan_22_1502,FaceNameBlocked_revised,3.0.0,75.05565750974877,,4.8406993
45,Fem2Block.csv,Jenna4.mp4,Jenna.JPG,Jenna,13.0,F,Jenna,Ashley,Danielle,Kelsey,Taylor,Amanda,Olivia,Shelby,Katie,Kayla,0.0,0.0,2.0,2.0,1.0,0.0,4.0,4.0,0.0,,,,,,,0.0,,,,,,,,,,,32,1,2020_Jan_22_1502,FaceNameBlocked_revised,3.0.0,75.05565750974877,,NaN
118,Male2Block.csv,Jeremy2.mp4,Jeremy.JPG,Jeremy,45.0,M,Justin,Trevor,Jeremy,Adam,Mark,Jason,David,Josh,Eric,Nathan,2.0,0.0,5.0,5.0,4.0,,,,,0.0,7.0,7.0,2.0,,,,,, jeremy,"['j', 'e', 'r', 'e', 'm', 'u', 'backspace', 'y']","[3.492910539964214, 3.5729450910585, 3.8526534830452874, 4.0389242810197175, 4.2927102310350165, 4.572861602995545, 5.677580915973522, 6.092362430994399]",2.0,2.0,1.3089830209501088,,,32,1,2020_Jan_22_1502,FaceNameBlocked_revised,3.0.0,75.05565750974877,,3.4929105
106,Male2Block.csv,Jeremy2.mp4,Jeremy.JPG,Jeremy,45.0,M,Justin,Trevor,Jeremy,Adam,Mark,Jason,David,Josh,Eric,Nathan,2.0,0.0,5.0,5.0,4.0,0.0,5.0,5.0,2.0,,,,,,,1.0,,,,,,,,,,,32,1,2020_Jan_22_1502,FaceNameBlocked_revised,3.0.0,75.05565750974877,,NaN
23,Fem1Block.csv,Jessica2.mp4,Jessica.JPG,Jessica,14.0,F,Rebecca,Jessica,Hannah,Grace,Natalie,Sarah,Julia,Alyssa,Lauren,Brittany,1.0,0.0,1.0,1.0,0.0,0.0,2.0,2.0,1.0,,,,,,,0.0,,,,,,,,,,,32,1,2020_Jan_22_1502,FaceNameBlocked_revised,3.0.0,75.05565750974877,,NaN
37,Fem1Block.csv,Jessica2.mp4,Jessica.JPG,Jessica,14.0,F,Rebecca,Jessica,Hannah,Grace,Natalie,Sarah,Julia,Alyssa,Lauren,Brittany,1.0,0.0,1.0,1.0,0.0,,,,,0.0,6.0,6.0,1.0,,,,,, rebecca,"['r', 'e', 'b', 'e', 'c', 'c', 'a']","[5.215139594045468, 5.359247589018196, 5.534963965998031, 5.639294681022875, 5.894643159001134, 6.014988359063864, 6.494228919036686]",2.0,1.0,7.198887760983781,,,32,1,2020_Jan_22_1502,FaceNameBlocked_revised,3.0.0,75.05565750974877,,5.2151395
109,Male2Block.csv,Josh3.mp4,Josh.JPG,Josh,46.0,M,Justin,Trevor,Jeremy,Adam,Mark,Jason,David,Josh,Eric,Nathan,7.0,0.0,5.0,5.0,4.0,0.0,8.0,8.0,7.0,,,,,,,0.0,,,,,,,,,,,32,1,2020_Jan_22_1502,FaceNameBlocked_revised,3.0.0,75.05565750974877,,NaN
114,Male2Block.csv,Josh3.mp4,Josh.JPG,Josh,46.0,M,Justin,Trevor,Jeremy,Adam,Mark,Jason,David,Josh,Eric,Nathan,7.0,0.0,5.0,5.0,4.0,,,,,0.0,3.0,3.0,7.0,,,,,, ,None,,3.0,3.0,4.4810113781131795,,,32,1,2020_Jan_22_1502,FaceNameBlocked_revised,3.0.0,75.05565750974877,,NaN
31,Fem1Block.csv,Julia2.mp4,Julia.JPG,Julia,15.0,F,Rebecca,Jessica,Hannah,Grace,Natalie,Sarah,Julia,Alyssa,Lauren,Brittany,6.0,0.0,1.0,1.0,0.0,,,,,0.0,0.0,0.0,6.0,,,,space,11.503275532042608, ,None,,2.0,2.0,3.9752040259772907,,,32,1,2020_Jan_22_1502,FaceNameBlocked_revised,3.0.0,75.05565750974877,,NaN
25,Fem1Block.csv,Julia2.mp4,Julia.JPG,Julia,15.0,F,Rebecca,Jessica,Hannah,Grace,Natalie,Sarah,Julia,Alyssa,Lauren,Brittany,6.0,0.0,1.0,1.0,0.0,0.0,4.0,4.0,6.0,,,,,,,1.0,,,,,,,,,,,32,1,2020_Jan_22_1502,FaceNameBlocked_revised,3.0.0,75.05565750974877,,NaN
102,Male2Block.csv,Justin2.mp4,Justin.JPG,Justin,47.0,M,Justin,Trevor,Jeremy,Adam,Mark,Jason,David,Josh,Eric,Nathan,0.0,0.0,5.0,5.0,4.0,0.0,1.0,1.0,0.0,,,,,,,0.0,,,,,,,,,,,32,1,2020_Jan_22_1502,FaceNameBlocked_revised,3.0.0,75.05565750974877,,NaN
115,Male2Block.csv,Justin2.mp4,Justin.JPG,Justin,47.0,M,Justin,Trevor,Jeremy,Adam,Mark,Jason,David,Josh,Eric,Nathan,0.0,0.0,5.0,5.0,4.0,,,,,0.0,4.0,4.0,0.0,,,,,, ,None,,4.0,4.0,6.920158489025197,,,32,1,2020_Jan_22_1502,FaceNameBlocked_revised,3.0.0,75.05565750974877,,NaN
59,Fem2Block.csv,Katie2.mp4,Katie.JPG,Katie,16.0,F,Jenna,Ashley,Danielle,Kelsey,Taylor,Amanda,Olivia,Shelby,Katie,Kayla,8.0,0.0,2.0,2.0,1.0,,,,,0.0,8.0,8.0,8.0,,,,,, ashley,"['a', 's', 'h', 'l', 'e', 'y']","[2.4143720919964835, 2.6017904330510646, 2.841701315017417, 4.254093060037121, 4.520801242091693, 4.680703100049868]",4.0,1.0,15.170969418017194,,,32,1,2020_Jan_22_1502,FaceNameBlocked_revised,3.0.0,75.05565750974877,,2.4143720
41,Fem2Block.csv,Katie2.mp4,Katie.JPG,Katie,16.0,F,Jenna,Ashley,Danielle,Kelsey,Taylor,Amanda,Olivia,Shelby,Katie,Kayla,8.0,0.0,2.0,2.0,1.0,0.0,0.0,0.0,8.0,,,,,,,0.0,,,,,,,,,,,32,1,2020_Jan_22_1502,FaceNameBlocked_revised,3.0.0,75.05565750974877,,NaN
43,Fem2Block.csv,Kayla3.mp4,Kayla.JPG,Kayla,17.0,F,Jenna,Ashley,Danielle,Kelsey,Taylor,Amanda,Olivia,Shelby,Katie,Kayla,9.0,0.0,2.0,2.0,1.0,0.0,2.0,2.0,9.0,,,,,,,1.0,,,,,,,,,,,32,1,2020_Jan_22_1502,FaceNameBlocked_revised,3.0.0,75.05565750974877,,NaN
52,Fem2Block.csv,Kayla3.mp4,Kayla.JPG,Kayla,17.0,F,Jenna,Ashley,Danielle,Kelsey,Taylor,Amanda,Olivia,Shelby,Katie,Kayla,9.0,0.0,2.0,2.0,1.0,,,,,0.0,1.0,1.0,9.0,,,,,, ,None,,5.0,5.0,4.8275438230484715,,,32,1,2020_Jan_22_1502,FaceNameBlocked_revised,3.0.0,75.05565750974877,,NaN
42,Fem2Block.csv,Kelsey2.mp4,Kelsey.JPG,Kelsey,18.0,F,Jenna,Ashley,Danielle,Kelsey,Taylor,Amanda,Olivia,Shelby,Katie,Kayla,3.0,0.0,2.0,2.0,1.0,0.0,1.0,1.0,3.0,,,,,,,1.0,,,,,,,,,,,32,1,2020_Jan_22_1502,FaceNameBlocked_revised,3.0.0,75.05565750974877,,NaN
54,Fem2Block.csv,Kelsey2.mp4,Kelsey.JPG,Kelsey,18.0,F,Jenna,Ashley,Danielle,Kelsey,Taylor,Amanda,Olivia,Shelby,Katie,Kayla,3.0,0.0,2.0,2.0,1.0,,,,,0.0,3.0,3.0,3.0,,,,,, ,None,,2.0,4.0,9.091041135019623,,,32,1,2020_Jan_22_1502,FaceNameBlocked_revised,3.0.0,75.05565750974877,,NaN
62,Male1Block.csv,Kevin2.mp4,Kevin.JPG,Kevin,48.0,M,Tyler,Kevin,Timothy,Caleb,Dylan,Kyle,Michael,Steven,Daniel,Brandon,1.0,0.0,3.0,3.0,3.0,0.0,1.0,1.0,1.0,,,,,,,0.0,,,,,,,,,,,32,1,2020_Jan_22_1502,FaceNameBlocked_revised,3.0.0,75.05565750974877,,NaN
77,Male1Block.csv,Kevin2.mp4,Kevin.JPG,Kevin,48.0,M,Tyler,Kevin,Timothy,Caleb,Dylan,Kyle,Michael,Steven,Daniel,Brandon,1.0,0.0,3.0,3.0,3.0,,,,,0.0,6.0,6.0,1.0,,,,,, ,None,,3.0,3.0,6.080410748021678,,,32,1,2020_Jan_22_1502,FaceNameBlocked_revised,3.0.0,75.05565750974877,,NaN
80,Male1Block.csv,Kyle3.mp4,Kyle.JPG,Kyle,49.0,M,Tyler,Kevin,Timothy,Caleb,Dylan,Kyle,Michael,Steven,Daniel,Brandon,5.0,0.0,3.0,3.0,3.0,,,,,0.0,9.0,9.0,5.0,,,,,, ,None,,4.0,5.0,3.3736547520384192,,,32,1,2020_Jan_22_1502,FaceNameBlocked_revised,3.0.0,75.05565750974877,,NaN
67,Male1Block.csv,Kyle3.mp4,Kyle.JPG,Kyle,49.0,M,Tyler,Kevin,Timothy,Caleb,Dylan,Kyle,Michael,Steven,Daniel,Brandon,5.0,0.0,3.0,3.0,3.0,0.0,6.0,6.0,5.0,,,,,,,1.0,,,,,,,,,,,32,1,2020_Jan_22_1502,FaceNameBlocked_revised,3.0.0,75.05565750974877,,NaN
38,Fem1Block.csv,Lauren4.mp4,Lauren.JPG,Lauren,19.0,F,Rebecca,Jessica,Hannah,Grace,Natalie,Sarah,Julia,Alyssa,Lauren,Brittany,8.0,0.0,1.0,1.0,0.0,,,,,0.0,7.0,7.0,8.0,,,,,, natalie,"['n', 'a', 't', 'a', 'l', 'i', 'e']","[4.534295907011256, 4.707653804915026, 4.960788787924685, 5.120972560951486, 5.254579324973747, 5.373619307996705, 5.520327903912403]",1.0,2.0,2.34796579007525,,,32,1,2020_Jan_22_1502,FaceNameBlocked_revised,3.0.0,75.05565750974877,,4.5342959
26,Fem1Block.csv,Lauren4.mp4,Lauren.JPG,Lauren,19.0,F,Rebecca,Jessica,Hannah,Grace,Natalie,Sarah,Julia,Alyssa,Lauren,Brittany,8.0,0.0,1.0,1.0,0.0,0.0,5.0,5.0,8.0,,,,,,,0.0,,,,,,,,,,,32,1,2020_Jan_22_1502,FaceNameBlocked_revised,3.0.0,75.05565750974877,,NaN
101,Male2Block.csv,Mark3.mp4,Mark.JPG,Mark,50.0,M,Justin,Trevor,Jeremy,Adam,Mark,Jason,David,Josh,Eric,Nathan,4.0,0.0,5.0,5.0,4.0,0.0,0.0,0.0,4.0,,,,,,,0.0,,,,,,,,,,,32,1,2020_Jan_22_1502,FaceNameBlocked_revised,3.0.0,75.05565750974877,,NaN
120,Male2Block.csv,Mark3.mp4,Mark.JPG,Mark,50.0,M,Justin,Trevor,Jeremy,Adam,Mark,Jason,David,Josh,Eric,Nathan,4.0,0.0,5.0,5.0,4.0,,,,,0.0,9.0,9.0,4.0,,,,,, ,None,,2.0,2.0,17.37078234099317,,,32,1,2020_Jan_22_1502,FaceNameBlocked_revised,3.0.0,75.05565750974877,,NaN
92,Male3Block.csv,Matthew2.mp4,Matthew.JPG,Matthew,51.0,M,Cody,Noah,Thomas,Bradley,Brian,Jacob,Ethan,Aaron,Andrew,Matthew,9.0,0.0,4.0,4.0,5.0,,,,,0.0,1.0,1.0,9.0,,,,,, jacob,"['j', 'a', 'c', 'o', 'b']","[5.4123334649484605, 5.599367178045213, 5.918920111027546, 6.039357003988698, 6.252335750032216]",4.0,1.0,8.598708405974321,,,32,1,2020_Jan_22_1502,FaceNameBlocked_revised,3.0.0,75.05565750974877,,5.4123334
85,Male3Block.csv,Matthew2.mp4,Matthew.JPG,Matthew,51.0,M,Cody,Noah,Thomas,Bradley,Brian,Jacob,Ethan,Aaron,Andrew,Matthew,9.0,0.0,4.0,4.0,5.0,0.0,4.0,4.0,9.0,,,,,,,1.0,,,,,,,,,,,32,1,2020_Jan_22_1502,FaceNameBlocked_revised,3.0.0,75.05565750974877,,NaN
1,Fem3Block.csv,Megan2.mp4,Megan.JPG,Megan,20.0,F,Heather,Courtney,Rachel,Brianna,Haley,Emily,Nicole,Anna,Michelle,Megan,9.0,0.0,0.0,0.0,2.0,0.0,0.0,0.0,9.0,,,,,,,1.0,,,,,,,,,,,32,1,2020_Jan_22_1502,FaceNameBlocked_revised,3.0.0,75.05565750974877,,NaN
18,Fem3Block.csv,Megan2.mp4,Megan.JPG,Megan,20.0,F,Heather,Courtney,Rachel,Brianna,Haley,Emily,Nicole,Anna,Michelle,Megan,9.0,0.0,0.0,0.0,2.0,,,,,0.0,7.0,7.0,9.0,,,,,, briana,"['b', 'r', 'i', 'a', 'n', 'a']","[6.147152777994052, 6.639117466052994, 6.786671668989584, 7.066075494978577, 7.252693554968573, 7.332713774987496]",1.0,2.0,3.4420489330077544,,,32,1,2020_Jan_22_1502,FaceNameBlocked_revised,3.0.0,75.05565750974877,,6.1471527
72,Male1Block.csv,Michael2.mp4,Michael.JPG,Michael,52.0,M,Tyler,Kevin,Timothy,Caleb,Dylan,Kyle,Michael,Steven,Daniel,Brandon,6.0,0.0,3.0,3.0,3.0,,,,,0.0,1.0,1.0,6.0,,,,,, michael,"['m', 'k', 'backspace', 'i', 'c', 'h', 'a', 'e', 'l']","[2.854366454994306, 2.9889914309605956, 3.5212691789492965, 4.454636815004051, 4.627860018052161, 4.787734735989943, 4.96078646404203, 5.201071318006143, 5.400553817045875]",3.0,3.0,2.5734429369913414,,,32,1,2020_Jan_22_1502,FaceNameBlocked_revised,3.0.0,75.05565750974877,,2.8543664
64,Male1Block.csv,Michael2.mp4,Michael.JPG,Michael,52.0,M,Tyler,Kevin,Timothy,Caleb,Dylan,Kyle,Michael,Steven,Daniel,Brandon,6.0,0.0,3.0,3.0,3.0,0.0,3.0,3.0,6.0,,,,,,,1.0,,,,,,,,,,,32,1,2020_Jan_22_1502,FaceNameBlocked_revised,3.0.0,75.05565750974877,,NaN
3,Fem3Block.csv,Michelle2.mp4,Michelle.JPG,Michelle,21.0,F,Heather,Courtney,Rachel,Brianna,Haley,Emily,Nicole,Anna,Michelle,Megan,8.0,0.0,0.0,0.0,2.0,0.0,2.0,2.0,8.0,,,,,,,0.0,,,,,,,,,,,32,1,2020_Jan_22_1502,FaceNameBlocked_revised,3.0.0,75.05565750974877,,NaN
19,Fem3Block.csv,Michelle2.mp4,Michelle.JPG,Michelle,21.0,F,Heather,Courtney,Rachel,Brianna,Haley,Emily,Nicole,Anna,Michelle,Megan,8.0,0.0,0.0,0.0,2.0,,,,,0.0,8.0,8.0,8.0,,,,,, nicole,"['n', 'i', 'c', 'o', 'l', 'e']","[3.0275411170441657, 3.161117374082096, 3.3211253540357575, 3.4401543739950284, 3.6141969109885395, 3.7475327900610864]",4.0,4.0,7.0649267620174205,,,32,1,2020_Jan_22_1502,FaceNameBlocked_revised,3.0.0,75.05565750974877,,3.0275411
36,Fem1Block.csv,Natalie3.mp4,Natalie.JPG,Natalie,22.0,F,Rebecca,Jessica,Hannah,Grace,Natalie,Sarah,Julia,Alyssa,Lauren,Brittany,4.0,0.0,1.0,1.0,0.0,,,,,0.0,5.0,5.0,4.0,,,,,, ,None,,2.0,4.0,7.2928078959230325,,,32,1,2020_Jan_22_1502,FaceNameBlocked_revised,3.0.0,75.05565750974877,,NaN
21,Fem1Block.csv,Natalie3.mp4,Natalie.JPG,Natalie,22.0,F,Rebecca,Jessica,Hannah,Grace,Natalie,Sarah,Julia,Alyssa,Lauren,Brittany,4.0,0.0,1.0,1.0,0.0,0.0,0.0,0.0,4.0,,,,,,,0.0,,,,,,,,,,,32,1,2020_Jan_22_1502,FaceNameBlocked_revised,3.0.0,75.05565750974877,,NaN
119,Male2Block.csv,Nathan3.mp4,Nathan.JPG,Nathan,53.0,M,Justin,Trevor,Jeremy,Adam,Mark,Jason,David,Josh,Eric,Nathan,9.0,0.0,5.0,5.0,4.0,,,,,0.0,8.0,8.0,9.0,,,,,, ,None,,5.0,1.0,2.2817985940491785,,,32,1,2020_Jan_22_1502,FaceNameBlocked_revised,3.0.0,75.05565750974877,,NaN
104,Male2Block.csv,Nathan3.mp4,Nathan.JPG,Nathan,53.0,M,Justin,Trevor,Jeremy,Adam,Mark,Jason,David,Josh,Eric,Nathan,9.0,0.0,5.0,5.0,4.0,0.0,3.0,3.0,9.0,,,,,,,1.0,,,,,,,,,,,32,1,2020_Jan_22_1502,FaceNameBlocked_revised,3.0.0,75.05565750974877,,NaN
2,Fem3Block.csv,Nicole2.mp4,Nicole.JPG,Nicole,23.0,F,Heather,Courtney,Rachel,Brianna,Haley,Emily,Nicole,Anna,Michelle,Megan,6.0,0.0,0.0,0.0,2.0,0.0,1.0,1.0,6.0,,,,,,,1.0,,,,,,,,,,,32,1,2020_Jan_22_1502,FaceNameBlocked_revised,3.0.0,75.05565750974877,,NaN
11,Fem3Block.csv,Nicole2.mp4,Nicole.JPG,Nicole,23.0,F,Heather,Courtney,Rachel,Brianna,Haley,Emily,Nicole,Anna,Michelle,Megan,6.0,0.0,0.0,0.0,2.0,,,,,0.0,0.0,0.0,6.0,,,,space,25.90080057503656, emily,"['e', 'm', 'i', 'l', 'y']","[2.0816789569798857, 2.654552854015492, 2.814790708012879, 3.0144470849772915, 3.294527572928928]",2.0,4.0,3.452361105009913,,,32,1,2020_Jan_22_1502,FaceNameBlocked_revised,3.0.0,75.05565750974877,,2.0816789
88,Male3Block.csv,Noah2.mp4,Noah.JPG,Noah,54.0,M,Cody,Noah,Thomas,Bradley,Brian,Jacob,Ethan,Aaron,Andrew,Matthew,1.0,0.0,4.0,4.0,5.0,0.0,7.0,7.0,1.0,,,,,,,0.0,,,,,,,,,,,32,1,2020_Jan_22_1502,FaceNameBlocked_revised,3.0.0,75.05565750974877,,NaN
94,Male3Block.csv,Noah2.mp4,Noah.JPG,Noah,54.0,M,Cody,Noah,Thomas,Bradley,Brian,Jacob,Ethan,Aaron,Andrew,Matthew,1.0,0.0,4.0,4.0,5.0,,,,,0.0,3.0,3.0,1.0,,,,,, ,None,,5.0,2.0,6.6937913979636505,,,32,1,2020_Jan_22_1502,FaceNameBlocked_revised,3.0.0,75.05565750974877,,NaN
47,Fem2Block.csv,Olivia3.mp4,Olivia.JPG,Olivia,24.0,F,Jenna,Ashley,Danielle,Kelsey,Taylor,Amanda,Olivia,Shelby,Katie,Kayla,6.0,0.0,2.0,2.0,1.0,0.0,6.0,6.0,6.0,,,,,,,1.0,,,,,,,,,,,32,1,2020_Jan_22_1502,FaceNameBlocked_revised,3.0.0,75.05565750974877,,NaN
60,Fem2Block.csv,Olivia3.mp4,Olivia.JPG,Olivia,24.0,F,Jenna,Ashley,Danielle,Kelsey,Taylor,Amanda,Olivia,Shelby,Katie,Kayla,6.0,0.0,2.0,2.0,1.0,,,,,0.0,9.0,9.0,6.0,,,,,, daniella,"['d', 'a', 'n', 'i', 'e', 'l', 'l', 'a']","[5.281351870042272, 5.5210460720118135, 5.6674082829849795, 5.786995126050897, 5.987283146008849, 6.2136365249753, 6.347480979049578, 6.5874864789657295]",5.0,5.0,11.717432067962365,,,32,1,2020_Jan_22_1502,FaceNameBlocked_revised,3.0.0,75.05565750974877,,5.2813518
5,Fem3Block.csv,Rachel3.mp4,Rachel.JPG,Rachel,25.0,F,Heather,Courtney,Rachel,Brianna,Haley,Emily,Nicole,Anna,Michelle,Megan,2.0,0.0,0.0,0.0,2.0,0.0,4.0,4.0,2.0,,,,,,,1.0,,,,,,,,,,,32,1,2020_Jan_22_1502,FaceNameBlocked_revised,3.0.0,75.05565750974877,,NaN
16,Fem3Block.csv,Rachel3.mp4,Rachel.JPG,Rachel,25.0,F,Heather,Courtney,Rachel,Brianna,Haley,Emily,Nicole,Anna,Michelle,Megan,2.0,0.0,0.0,0.0,2.0,,,,,0.0,5.0,5.0,2.0,,,,,, haley,"['h', 'a', 'l', 'e', 'y']","[8.505418131011538, 9.052046488039196, 9.199052737094462, 9.319091189070605, 9.464843575027771]",3.0,5.0,2.7622347819851707,,,32,1,2020_Jan_22_1502,FaceNameBlocked_revised,3.0.0,75.05565750974877,,8.5054181
34,Fem1Block.csv,Rebecca3.mp4,Rebecca.JPG,Rebecca,26.0,F,Rebecca,Jessica,Hannah,Grace,Natalie,Sarah,Julia,Alyssa,Lauren,Brittany,0.0,0.0,1.0,1.0,0.0,,,,,0.0,3.0,3.0,0.0,,,,,, alisa,"['a', 'l', 'i', 's', 'a']","[5.294112949050032, 5.440827339072712, 5.560159575077705, 5.667071890085936, 5.786777056986466]",3.0,5.0,3.720747818937525,,,32,1,2020_Jan_22_1502,FaceNameBlocked_revised,3.0.0,75.05565750974877,,5.2941129
22,Fem1Block.csv,Rebecca3.mp4,Rebecca.JPG,Rebecca,26.0,F,Rebecca,Jessica,Hannah,Grace,Natalie,Sarah,Julia,Alyssa,Lauren,Brittany,0.0,0.0,1.0,1.0,0.0,0.0,1.0,1.0,0.0,,,,,,,0.0,,,,,,,,,,,32,1,2020_Jan_22_1502,FaceNameBlocked_revised,3.0.0,75.05565750974877,,NaN
33,Fem1Block.csv,Sarah2.mp4,Sarah.JPG,Sarah,27.0,F,Rebecca,Jessica,Hannah,Grace,Natalie,Sarah,Julia,Alyssa,Lauren,Brittany,5.0,0.0,1.0,1.0,0.0,,,,,0.0,2.0,2.0,5.0,,,,,, ,None,,1.0,1.0,6.4545588579494515,,,32,1,2020_Jan_22_1502,FaceNameBlocked_revised,3.0.0,75.05565750974877,,NaN
24,Fem1Block.csv,Sarah2.mp4,Sarah.JPG,Sarah,27.0,F,Rebecca,Jessica,Hannah,Grace,Natalie,Sarah,Julia,Alyssa,Lauren,Brittany,5.0,0.0,1.0,1.0,0.0,0.0,3.0,3.0,5.0,,,,,,,1.0,,,,,,,,,,,32,1,2020_Jan_22_1502,FaceNameBlocked_revised,3.0.0,75.05565750974877,,NaN
55,Fem2Block.csv,Shelby2.mp4,Shelby.JPG,Shelby,28.0,F,Jenna,Ashley,Danielle,Kelsey,Taylor,Amanda,Olivia,Shelby,Katie,Kayla,7.0,0.0,2.0,2.0,1.0,,,,,0.0,4.0,4.0,7.0,,,,,, dienal,"['d', 'i', 'n', 'e', 'l', 'l', 'a', 'backspace', 'backspace', 'backspace', 'backspace', 'backspace', 'e', 'n', 'a', 'l']","[3.387824701028876, 3.587260109023191, 5.467014153022319, 5.798391451011412, 6.705828847014345, 6.813134433934465, 6.906341854017228, 7.837921857018955, 8.118779683019966, 8.29197211493738, 8.478779052966274, 8.61206263792701, 8.879299102933146, 9.359007403953001, 9.558671433012933, 9.798324701027013]",2.0,2.0,9.479139175033195,,,32,1,2020_Jan_22_1502,FaceNameBlocked_revised,3.0.0,75.05565750974877,,3.3878247
46,Fem2Block.csv,Shelby2.mp4,Shelby.JPG,Shelby,28.0,F,Jenna,Ashley,Danielle,Kelsey,Taylor,Amanda,Olivia,Shelby,Katie,Kayla,7.0,0.0,2.0,2.0,1.0,0.0,5.0,5.0,7.0,,,,,,,0.0,,,,,,,,,,,32,1,2020_Jan_22_1502,FaceNameBlocked_revised,3.0.0,75.05565750974877,,NaN
78,Male1Block.csv,Steven2.mp4,Steven.JPG,Steven,55.0,M,Tyler,Kevin,Timothy,Caleb,Dylan,Kyle,Michael,Steven,Daniel,Brandon,7.0,0.0,3.0,3.0,3.0,,,,,0.0,7.0,7.0,7.0,,,,,, kyle,"['k', 'y', 'l', 'e']","[7.572575019905344, 7.985398010001518, 8.438083592918701, 8.946702120010741]",5.0,5.0,5.5612092410447085,,,32,1,2020_Jan_22_1502,FaceNameBlocked_revised,3.0.0,75.05565750974877,,7.5725750
61,Male1Block.csv,Steven2.mp4,Steven.JPG,Steven,55.0,M,Tyler,Kevin,Timothy,Caleb,Dylan,Kyle,Michael,Steven,Daniel,Brandon,7.0,0.0,3.0,3.0,3.0,0.0,0.0,0.0,7.0,,,,,,,0.0,,,,,,,,,,,32,1,2020_Jan_22_1502,FaceNameBlocked_revised,3.0.0,75.05565750974877,,NaN
56,Fem2Block.csv,Taylor4.mp4,Taylor.JPG,Taylor,29.0,F,Jenna,Ashley,Danielle,Kelsey,Taylor,Amanda,Olivia,Shelby,Katie,Kayla,4.0,0.0,2.0,2.0,1.0,,,,,0.0,5.0,5.0,4.0,,,,,, ,None,,1.0,2.0,12.916280679986814,,,32,1,2020_Jan_22_1502,FaceNameBlocked_revised,3.0.0,75.05565750974877,,NaN
50,Fem2Block.csv,Taylor4.mp4,Taylor.JPG,Taylor,29.0,F,Jenna,Ashley,Danielle,Kelsey,Taylor,Amanda,Olivia,Shelby,Katie,Kayla,4.0,0.0,2.0,2.0,1.0,0.0,9.0,9.0,4.0,,,,,,,0.0,,,,,,,,,,,32,1,2020_Jan_22_1502,FaceNameBlocked_revised,3.0.0,75.05565750974877,,NaN
97,Male3Block.csv,Thomas2.mp4,Thomas.JPG,Thomas,56.0,M,Cody,Noah,Thomas,Bradley,Brian,Jacob,Ethan,Aaron,Andrew,Matthew,2.0,0.0,4.0,4.0,5.0,,,,,0.0,6.0,6.0,2.0,,,,,, ,None,,1.0,2.0,4.760250266990624,,,32,1,2020_Jan_22_1502,FaceNameBlocked_revised,3.0.0,75.05565750974877,,NaN
86,Male3Block.csv,Thomas2.mp4,Thomas.JPG,Thomas,56.0,M,Cody,Noah,Thomas,Bradley,Brian,Jacob,Ethan,Aaron,Andrew,Matthew,2.0,0.0,4.0,4.0,5.0,0.0,5.0,5.0,2.0,,,,,,,1.0,,,,,,,,,,,32,1,2020_Jan_22_1502,FaceNameBlocked_revised,3.0.0,75.05565750974877,,NaN
75,Male1Block.csv,Timothy3.mp4,Timothy.JPG,Timothy,57.0,M,Tyler,Kevin,Timothy,Caleb,Dylan,Kyle,Michael,Steven,Daniel,Brandon,2.0,0.0,3.0,3.0,3.0,,,,,0.0,4.0,4.0,2.0,,,,,, daniel,"['d', 'a', 'n', 'i', 'e', 'l']","[2.522160151042044, 2.6684768120758235, 2.815636172075756, 2.96178149105981, 3.1884162360802293, 3.3616868630051613]",2.0,3.0,2.122355457046069,,,32,1,2020_Jan_22_1502,FaceNameBlocked_revised,3.0.0,75.05565750974877,,2.5221601
63,Male1Block.csv,Timothy3.mp4,Timothy.JPG,Timothy,57.0,M,Tyler,Kevin,Timothy,Caleb,Dylan,Kyle,Michael,Steven,Daniel,Brandon,2.0,0.0,3.0,3.0,3.0,0.0,2.0,2.0,2.0,,,,,,,1.0,,,,,,,,,,,32,1,2020_Jan_22_1502,FaceNameBlocked_revised,3.0.0,75.05565750974877,,NaN
105,Male2Block.csv,Trevor2.mp4,Trevor.JPG,Trevor,58.0,M,Justin,Trevor,Jeremy,Adam,Mark,Jason,David,Josh,Eric,Nathan,1.0,0.0,5.0,5.0,4.0,0.0,4.0,4.0,1.0,,,,,,,0.0,,,,,,,,,,,32,1,2020_Jan_22_1502,FaceNameBlocked_revised,3.0.0,75.05565750974877,,NaN
117,Male2Block.csv,Trevor2.mp4,Trevor.JPG,Trevor,58.0,M,Justin,Trevor,Jeremy,Adam,Mark,Jason,David,Josh,Eric,Nathan,1.0,0.0,5.0,5.0,4.0,,,,,0.0,6.0,6.0,1.0,,,,,, trevor,"['t', 'r', 'e', 'o', 'r', 'backspace', 'backspace', 'v', 'o', 'r']","[3.960375854978338, 4.053863249020651, 4.280041543999687, 4.7336923270486295, 4.840167899033986, 6.533134981058538, 6.679259930970147, 6.960392371984199, 7.213563250959851, 7.384735084022395]",5.0,5.0,3.694568259059452,,,32,1,2020_Jan_22_1502,FaceNameBlocked_revised,3.0.0,75.05565750974877,,3.9603758
65,Male1Block.csv,Tyler3.mp4,Tyler.JPG,Tyler,59.0,M,Tyler,Kevin,Timothy,Caleb,Dylan,Kyle,Michael,Steven,Daniel,Brandon,0.0,0.0,3.0,3.0,3.0,0.0,4.0,4.0,0.0,,,,,,,0.0,,,,,,,,,,,32,1,2020_Jan_22_1502,FaceNameBlocked_revised,3.0.0,75.05565750974877,,NaN
79,Male1Block.csv,Tyler3.mp4,Tyler.JPG,Tyler,59.0,M,Tyler,Kevin,Timothy,Caleb,Dylan,Kyle,Michael,Steven,Daniel,Brandon,0.0,0.0,3.0,3.0,3.0,,,,,0.0,8.0,8.0,0.0,,,,,, tyler,"['t', 'y', 'l', 'e', 'r']","[3.054652001010254, 3.188162341946736, 3.774671014980413, 3.8545762529829517, 4.014464613981545]",4.0,4.0,1.4531958240550011,,,32,1,2020_Jan_22_1502,FaceNameBlocked_revised,3.0.0,75.05565750974877,,3.0546520
0,,,,,,,,,,,,,,,,,,,,,,,,,,,,,,space,118.87107084598392,,,,,,,,,,,,32,1,2020_Jan_22_1502,FaceNameBlocked_revised,3.0.0,75.05565750974877,,NaN
121,,,,,,,,,,,,,,,,,,,,,,,,,,,,,,,,,,,,,,,,,space,820.8402141869301,32,1,2020_Jan_22_1502,FaceNameBlocked_revised,3.0.0,75.05565750974877,,NaN
