,condsBlockFile,Video,Photo,Name,Row,Gender,N1,N2,N3,N4,N5,N6,N7,N8,N9,N10,Row2,blocks.thisRepN,blocks.thisTrialN,blocks.thisN,blocks.thisIndex,presentations.thisRepN,presentations.thisTrialN,presentations.thisN,presentations.thisIndex,testing.thisRepN,testing.thisTrialN,testing.thisN,testing.thisIndex,advance_1.keys,advance_1.rt,currentCond,advance_2.keys,advance_2.rt,inputText,key_resp_3.keys,key_resp_3.rt,correctRecogSelection,keyResponse.keys,keyResponse.rt,end_key.keys,end_key.rt,participant,session,date,expName,psychopyVersion,frameRate,Unnamed: 48,key_resp3_fin
15,Male2Block.csv,Aaron2.mp4,Aaron.JPG,Aaron,30.0,M,Michael,Brian,Kevin,Caleb,Noah,Mark,Ethan,Bradley,Aaron,Justin,8.0,0.0,0.0,0.0,4.0,,,,,0.0,4.0,4.0,8.0,,,,,, aaron,"['a', 'a', 'o', 'r', 'backspace', 'backspace', 'r', 'o', 'n']","[2.6377162779681385, 2.861175023019314, 3.530941497068852, 3.637062134919688, 4.2361914271023124, 4.436484226025641, 4.600738768931478, 4.917001998052001, 5.0835239419247955]",3.0,3.0,1.7190391800832003,,,35,1,2020_Jan_22_1618,FaceNameBlocked_revised,3.0.0,84.42283262004604,,2.6377162
10,Male2Block.csv,Aaron2.mp4,Aaron.JPG,Aaron,30.0,M,Michael,Brian,Kevin,Caleb,Noah,Mark,Ethan,Bradley,Aaron,Justin,8.0,0.0,0.0,0.0,4.0,0.0,9.0,9.0,8.0,,,,,,,1.0,,,,,,,,,,,35,1,2020_Jan_22_1618,FaceNameBlocked_revised,3.0.0,84.42283262004604,,NaN
47,Male1Block.csv,Adam4.mp4,Adam.JPG,Adam,31.0,M,Trevor,Tyler,Josh,David,Kyle,Timothy,Eric,Adam,Dylan,Daniel,7.0,0.0,2.0,2.0,3.0,0.0,6.0,6.0,7.0,,,,,,,0.0,,,,,,,,,,,35,1,2020_Jan_22_1618,FaceNameBlocked_revised,3.0.0,84.42283262004604,,NaN
51,Male1Block.csv,Adam4.mp4,Adam.JPG,Adam,31.0,M,Trevor,Tyler,Josh,David,Kyle,Timothy,Eric,Adam,Dylan,Daniel,7.0,0.0,2.0,2.0,3.0,,,,,0.0,0.0,0.0,7.0,,,,space,10.87073084479198, noah,"['m', 'o', 's', 'h', 'backspace', 'backspace', 'equal', 'equal', 'backspace', 'backspace', 'n', 'o', 'a', 'h']","[2.2604050890076905, 3.119353369111195, 3.2953154591377825, 3.495385092217475, 4.823960453039035, 5.023817187175155, 5.906116953119636, 6.071720105130225, 6.2236447730101645, 6.399940338218585, 7.000479780137539, 7.294533449225128, 7.424115645000711, 7.636037999065593]",5.0,1.0,2.2494871960952882,,,35,1,2020_Jan_22_1618,FaceNameBlocked_revised,3.0.0,84.42283262004604,,2.2604050
61,Fem3Block.csv,Alyssa3.mp4,Alyssa.JPG,Alyssa,0.0,F,Brianna,Rebecca,Danielle,Hannah,Brittany,Natalie,Rachel,Jenna,Alyssa,Shelby,8.0,0.0,3.0,3.0,2.0,0.0,0.0,0.0,8.0,,,,,,,1.0,,,,,,,,,,,35,1,2020_Jan_22_1618,FaceNameBlocked_revised,3.0.0,84.42283262004604,,NaN
74,Fem3Block.csv,Alyssa3.mp4,Alyssa.JPG,Alyssa,0.0,F,Brianna,Rebecca,Danielle,Hannah,Brittany,Natalie,Rachel,Jenna,Alyssa,Shelby,8.0,0.0,3.0,3.0,2.0,,,,,0.0,3.0,3.0,8.0,,,,,, nicole,"['n', 'i', 'c', 'i', 'backslash', 'backspace', 'o', 'l', 'e']","[3.037256471114233, 3.8130986471660435, 4.7195651861839, 5.131315350998193, 6.155796976061538, 6.530780459055677, 6.812979107024148, 7.1309598160441965]",3.0,2.0,17.527428817003965,,,35,1,2020_Jan_22_1618,FaceNameBlocked_revised,3.0.0,84.42283262004604,,3.0372564
105,Fem2Block.csv,Amanda3.mp4,Amanda.JPG,Amanda,1.0,F,Lauren,Anna,Megan,Kelsey,Haley,Amanda,Katie,Courtney,Michelle,Jessica,5.0,0.0,5.0,5.0,1.0,0.0,4.0,4.0,5.0,,,,,,,0.0,,,,,,,,,,,35,1,2020_Jan_22_1618,FaceNameBlocked_revised,3.0.0,84.42283262004604,,NaN
118,Fem2Block.csv,Amanda3.mp4,Amanda.JPG,Amanda,1.0,F,Lauren,Anna,Megan,Kelsey,Haley,Amanda,Katie,Courtney,Michelle,Jessica,5.0,0.0,5.0,5.0,1.0,,,,,0.0,7.0,7.0,5.0,,,,,, amanda,"['a', 'm', 'a', 'n', 'd', 'a']","[1.895341662922874, 2.1777743068523705, 2.366131120827049, 2.8713181340135634, 2.9777183749247342, 3.7536411739420146]",1.0,5.0,6.070797180058434,,,35,1,2020_Jan_22_1618,FaceNameBlocked_revised,3.0.0,84.42283262004604,,1.8953416
85,Male3Block.csv,Andrew2.mp4,Andrew.JPG,Andrew,32.0,M,Nathan,Andrew,Jacob,Jason,Steven,Cody,Thomas,Matthew,Brandon,Jeremy,1.0,0.0,4.0,4.0,5.0,0.0,4.0,4.0,1.0,,,,,,,1.0,,,,,,,,,,,35,1,2020_Jan_22_1618,FaceNameBlocked_revised,3.0.0,84.42283262004604,,NaN
92,Male3Block.csv,Andrew2.mp4,Andrew.JPG,Andrew,32.0,M,Nathan,Andrew,Jacob,Jason,Steven,Cody,Thomas,Matthew,Brandon,Jeremy,1.0,0.0,4.0,4.0,5.0,,,,,0.0,1.0,1.0,1.0,,,,,, johnny,"['j', 'o', 'h', 'n', 'n', 'y']","[2.837136118905619, 3.2718613899778575, 3.6610688439104706, 3.8370985030196607, 3.9904655260033906, 4.201126063009724]",3.0,3.0,2.0262353359721597,,,35,1,2020_Jan_22_1618,FaceNameBlocked_revised,3.0.0,84.42283262004604,,2.8371361
116,Fem2Block.csv,Anna3.mp4,Anna.JPG,Anna,2.0,F,Lauren,Anna,Megan,Kelsey,Haley,Amanda,Katie,Courtney,Michelle,Jessica,1.0,0.0,5.0,5.0,1.0,,,,,0.0,5.0,5.0,1.0,,,,,, katie,"['k', 'a', 't', 'i', 'e']","[1.555846838047728, 1.908211570000276, 2.2959085300099105, 2.3902313229627907, 2.5426055109128356]",4.0,5.0,1.954713350860402,,,35,1,2020_Jan_22_1618,FaceNameBlocked_revised,3.0.0,84.42283262004604,,1.5558468
107,Fem2Block.csv,Anna3.mp4,Anna.JPG,Anna,2.0,F,Lauren,Anna,Megan,Kelsey,Haley,Amanda,Katie,Courtney,Michelle,Jessica,1.0,0.0,5.0,5.0,1.0,0.0,6.0,6.0,1.0,,,,,,,1.0,,,,,,,,,,,35,1,2020_Jan_22_1618,FaceNameBlocked_revised,3.0.0,84.42283262004604,,NaN
27,Fem1Block.csv,Ashley3.mp4,Ashley.JPG,Ashley,3.0,F,Julia,Emily,Kayla,Olivia,Taylor,Grace,Nicole,Ashley,Sarah,Heather,7.0,0.0,1.0,1.0,0.0,0.0,6.0,6.0,7.0,,,,,,,0.0,,,,,,,,,,,35,1,2020_Jan_22_1618,FaceNameBlocked_revised,3.0.0,84.42283262004604,,NaN
39,Fem1Block.csv,Ashley3.mp4,Ashley.JPG,Ashley,3.0,F,Julia,Emily,Kayla,Olivia,Taylor,Grace,Nicole,Ashley,Sarah,Heather,7.0,0.0,1.0,1.0,0.0,,,,,0.0,8.0,8.0,7.0,,,,,,  nicole,"['space', 'n', 'c', 'i', 'u', 'backspace', 'backspace', 'backspace', 'i', 'c', 'o', 'l', 'e']","[2.119708684971556, 3.8954952300991863, 4.154557598056272, 4.191828981041908, 4.824001353001222, 4.965146286180243, 5.283049883088097, 5.753813137067482, 5.883700784062967, 6.139823741978034, 6.329714165069163, 6.4940684721805155]",4.0,5.0,3.2851181000005454,,,35,1,2020_Jan_22_1618,FaceNameBlocked_revised,3.0.0,84.42283262004604,,2.1197086
13,Male2Block.csv,Bradley3.mp4,Bradley.JPG,Bradley,33.0,M,Michael,Brian,Kevin,Caleb,Noah,Mark,Ethan,Bradley,Aaron,Justin,7.0,0.0,0.0,0.0,4.0,,,,,0.0,2.0,2.0,7.0,,,,,, micheal,"['m', 'i', 'c', 'c', 'h', 'backspace', 'backspace', 'h', 'e', 'a', 'l']","[5.329738001106307, 5.800920298090205, 6.564619698096067, 6.694598457077518, 6.882725170115009, 7.399770359043032, 7.646152436034754, 8.444644727976993, 8.597944434033707, 9.140844757901505, 9.376518066041172]",2.0,1.0,1.9303943580016492,,,35,1,2020_Jan_22_1618,FaceNameBlocked_revised,3.0.0,84.42283262004604,,5.3297380
4,Male2Block.csv,Bradley3.mp4,Bradley.JPG,Bradley,33.0,M,Michael,Brian,Kevin,Caleb,Noah,Mark,Ethan,Bradley,Aaron,Justin,7.0,0.0,0.0,0.0,4.0,0.0,3.0,3.0,7.0,,,,,,,0.0,,,,,,,,,,,35,1,2020_Jan_22_1618,FaceNameBlocked_revised,3.0.0,84.42283262004604,,NaN
96,Male3Block.csv,Brandon2.mp4,Brandon.JPG,Brandon,34.0,M,Nathan,Andrew,Jacob,Jason,Steven,Cody,Thomas,Matthew,Brandon,Jeremy,8.0,0.0,4.0,4.0,5.0,,,,,0.0,5.0,5.0,8.0,,,,,, jacob,"['k', 'a', 'c', 'backspace', 'backspace', 'backspace', 'j', 'a', 'c', 'o', 'b']","[2.1548026599921286, 2.4959702289197594, 2.789480617037043, 3.0946282548829913, 3.235597292892635, 3.3888084350619465, 4.060511065879837, 4.188680799910799, 4.4720090720802546, 4.847528897924349, 5.247485046973452]",2.0,3.0,3.2472704260144383,,,35,1,2020_Jan_22_1618,FaceNameBlocked_revised,3.0.0,84.42283262004604,,2.1548026
83,Male3Block.csv,Brandon2.mp4,Brandon.JPG,Brandon,34.0,M,Nathan,Andrew,Jacob,Jason,Steven,Cody,Thomas,Matthew,Brandon,Jeremy,8.0,0.0,4.0,4.0,5.0,0.0,2.0,2.0,8.0,,,,,,,1.0,,,,,,,,,,,35,1,2020_Jan_22_1618,FaceNameBlocked_revised,3.0.0,84.42283262004604,,NaN
16,Male2Block.csv,Brian2.mp4,Brian.JPG,Brian,35.0,M,Michael,Brian,Kevin,Caleb,Noah,Mark,Ethan,Bradley,Aaron,Justin,1.0,0.0,0.0,0.0,4.0,,,,,0.0,5.0,5.0,1.0,,,,,, brian,"['a', 'a', 'backspace', 'backspace', 'b', 'r', 'backspace', 't', 'backspace', 'r', 'a', 'i', 'n', 'backspace', 'backspace', 'backspace', 'i', 'a', 'n']","[1.5550043750554323, 1.7546699771191925, 3.96503675612621, 4.271151215070859, 5.1773783180397, 5.376842226134613, 5.857261802069843, 5.988575786119327, 6.634508408140391, 7.000570498174056, 7.552963308990002, 7.706017208984122, 7.976633538957685, 8.552330933045596, 8.76419619913213, 8.927833489142358, 9.585999639006332, 9.682091695955023, 9.800311749102548]",2.0,2.0,2.0605931701138616,,,35,1,2020_Jan_22_1618,FaceNameBlocked_revised,3.0.0,84.42283262004604,,1.5550043
8,Male2Block.csv,Brian2.mp4,Brian.JPG,Brian,35.0,M,Michael,Brian,Kevin,Caleb,Noah,Mark,Ethan,Bradley,Aaron,Justin,1.0,0.0,0.0,0.0,4.0,0.0,7.0,7.0,1.0,,,,,,,1.0,,,,,,,,,,,35,1,2020_Jan_22_1618,FaceNameBlocked_revised,3.0.0,84.42283262004604,,NaN
72,Fem3Block.csv,Brianna2.mp4,Brianna.JPG,Brianna,4.0,F,Brianna,Rebecca,Danielle,Hannah,Brittany,Natalie,Rachel,Jenna,Alyssa,Shelby,0.0,0.0,3.0,3.0,2.0,,,,,0.0,1.0,1.0,0.0,,,,,, nocolce,"['n', 'o', 'c', 'o', 'semicolon', 'e', 'backspace', 'l', 'e', 'l', 'backspace', 'backspace', 'c', 'e']","[1.7673930490855128, 2.496261009015143, 2.7428305440116674, 3.01271631103009, 3.5072745189536363, 3.6834614591207355, 4.577032630098984, 5.434486254118383, 6.388451235136017, 7.2360163510311395, 7.929180742008612, 8.517250112025067, 9.564420900074765, 9.88220176496543]",1.0,3.0,2.4603781318292017,,,35,1,2020_Jan_22_1618,FaceNameBlocked_revised,3.0.0,84.42283262004604,,1.7673930
67,Fem3Block.csv,Brianna2.mp4,Brianna.JPG,Brianna,4.0,F,Brianna,Rebecca,Danielle,Hannah,Brittany,Natalie,Rachel,Jenna,Alyssa,Shelby,0.0,0.0,3.0,3.0,2.0,0.0,6.0,6.0,0.0,,,,,,,1.0,,,,,,,,,,,35,1,2020_Jan_22_1618,FaceNameBlocked_revised,3.0.0,84.42283262004604,,NaN
71,Fem3Block.csv,Brittany2.mp4,Brittany.JPG,Brittany,5.0,F,Brianna,Rebecca,Danielle,Hannah,Brittany,Natalie,Rachel,Jenna,Alyssa,Shelby,4.0,0.0,3.0,3.0,2.0,,,,,0.0,0.0,0.0,4.0,,,,space,2.508194678928703, racheal,"['lcommand', 'r', 'a', 'c', 'h', 'e', 'a', 'l']","[0.0010551400482654572, 2.1668576691299677, 2.613619943149388, 3.0606492289807647, 3.3556302031502128, 3.4719112960156053, 3.908430953975767, 4.884120443137363]",4.0,4.0,4.400782259181142,,,35,1,2020_Jan_22_1618,FaceNameBlocked_revised,3.0.0,84.42283262004604,,0.0010551
64,Fem3Block.csv,Brittany2.mp4,Brittany.JPG,Brittany,5.0,F,Brianna,Rebecca,Danielle,Hannah,Brittany,Natalie,Rachel,Jenna,Alyssa,Shelby,4.0,0.0,3.0,3.0,2.0,0.0,3.0,3.0,4.0,,,,,,,1.0,,,,,,,,,,,35,1,2020_Jan_22_1618,FaceNameBlocked_revised,3.0.0,84.42283262004604,,NaN
6,Male2Block.csv,Caleb5.mp4,Caleb.JPG,Caleb,36.0,M,Michael,Brian,Kevin,Caleb,Noah,Mark,Ethan,Bradley,Aaron,Justin,3.0,0.0,0.0,0.0,4.0,0.0,5.0,5.0,3.0,,,,,,,0.0,,,,,,,,,,,35,1,2020_Jan_22_1618,FaceNameBlocked_revised,3.0.0,84.42283262004604,,NaN
17,Male2Block.csv,Caleb5.mp4,Caleb.JPG,Caleb,36.0,M,Michael,Brian,Kevin,Caleb,Noah,Mark,Ethan,Bradley,Aaron,Justin,3.0,0.0,0.0,0.0,4.0,,,,,0.0,6.0,6.0,3.0,,,,,, ethan,"['e', 'h', 't', 'n', 'backspace', 'backspace', 'backspace', 't', 'h', 'a', 'n']","[2.0129251978360116, 2.2812921840231866, 2.3775343589950353, 2.7053293099161237, 3.0591044558677822, 3.2828862860333174, 3.4583139228634536, 3.8953349138610065, 4.130529126850888, 4.353546341881156, 4.424905397929251]",2.0,1.0,2.907003368018195,,,35,1,2020_Jan_22_1618,FaceNameBlocked_revised,3.0.0,84.42283262004604,,2.0129251
88,Male3Block.csv,Cody2.mp4,Cody.JPG,Cody,37.0,M,Nathan,Andrew,Jacob,Jason,Steven,Cody,Thomas,Matthew,Brandon,Jeremy,5.0,0.0,4.0,4.0,5.0,0.0,7.0,7.0,5.0,,,,,,,0.0,,,,,,,,,,,35,1,2020_Jan_22_1618,FaceNameBlocked_revised,3.0.0,84.42283262004604,,NaN
99,Male3Block.csv,Cody2.mp4,Cody.JPG,Cody,37.0,M,Nathan,Andrew,Jacob,Jason,Steven,Cody,Thomas,Matthew,Brandon,Jeremy,5.0,0.0,4.0,4.0,5.0,,,,,0.0,8.0,8.0,5.0,,,,,, noah ,"['n', 'o', 'a', 'h', 'space']","[4.459864492993802, 4.989485847996548, 6.305719865951687, 7.388041042955592, 8.140912046888843]",4.0,5.0,4.0483113238587976,,,35,1,2020_Jan_22_1618,FaceNameBlocked_revised,3.0.0,84.42283262004604,,4.4598644
102,Fem2Block.csv,Courtney2.mp4,Courtney.JPG,Courtney,6.0,F,Lauren,Anna,Megan,Kelsey,Haley,Amanda,Katie,Courtney,Michelle,Jessica,7.0,0.0,5.0,5.0,1.0,0.0,1.0,1.0,7.0,,,,,,,0.0,,,,,,,,,,,35,1,2020_Jan_22_1618,FaceNameBlocked_revised,3.0.0,84.42283262004604,,NaN
117,Fem2Block.csv,Courtney2.mp4,Courtney.JPG,Courtney,6.0,F,Lauren,Anna,Megan,Kelsey,Haley,Amanda,Katie,Courtney,Michelle,Jessica,7.0,0.0,5.0,5.0,1.0,,,,,0.0,6.0,6.0,7.0,,,,,, emily,"['e', 'm', 'i', 'l', 'y']","[2.154491269029677, 2.4599997631739825, 2.6015501900110394, 2.9182922521140426, 3.2360629320610315]",3.0,1.0,2.3897995310835545,,,35,1,2020_Jan_22_1618,FaceNameBlocked_revised,3.0.0,84.42283262004604,,2.1544912
49,Male1Block.csv,Daniel3.mp4,Daniel.JPG,Daniel,38.0,M,Trevor,Tyler,Josh,David,Kyle,Timothy,Eric,Adam,Dylan,Daniel,9.0,0.0,2.0,2.0,3.0,0.0,8.0,8.0,9.0,,,,,,,1.0,,,,,,,,,,,35,1,2020_Jan_22_1618,FaceNameBlocked_revised,3.0.0,84.42283262004604,,NaN
56,Male1Block.csv,Daniel3.mp4,Daniel.JPG,Daniel,38.0,M,Trevor,Tyler,Josh,David,Kyle,Timothy,Eric,Adam,Dylan,Daniel,9.0,0.0,2.0,2.0,3.0,,,,,0.0,5.0,5.0,9.0,,,,,, tim,"['t', 'i', 'm']","[3.3176634861156344, 3.4469024119898677, 3.682796098990366]",3.0,5.0,3.330619361018762,,,35,1,2020_Jan_22_1618,FaceNameBlocked_revised,3.0.0,84.42283262004604,,3.3176634
65,Fem3Block.csv,Danielle2.mp4,Danielle.JPG,Danielle,7.0,F,Brianna,Rebecca,Danielle,Hannah,Brittany,Natalie,Rachel,Jenna,Alyssa,Shelby,2.0,0.0,3.0,3.0,2.0,0.0,4.0,4.0,2.0,,,,,,,0.0,,,,,,,,,,,35,1,2020_Jan_22_1618,FaceNameBlocked_revised,3.0.0,84.42283262004604,,NaN
78,Fem3Block.csv,Danielle2.mp4,Danielle.JPG,Danielle,7.0,F,Brianna,Rebecca,Danielle,Hannah,Brittany,Natalie,Rachel,Jenna,Alyssa,Shelby,2.0,0.0,3.0,3.0,2.0,,,,,0.0,7.0,7.0,2.0,,,,,, debbie,"['d', 'e', 'b', 'b', 'e', 'backspace', 'i', 'e']","[2.225577076897025, 2.3086435759905726, 2.5192468860186636, 3.1083762948401272, 3.3901206760201603, 3.942568097030744, 4.2605027998797596, 4.695066472981125]",2.0,2.0,4.0255743940360835,,,35,1,2020_Jan_22_1618,FaceNameBlocked_revised,3.0.0,84.42283262004604,,2.2255770
59,Male1Block.csv,David2.mp4,David.JPG,David,39.0,M,Trevor,Tyler,Josh,David,Kyle,Timothy,Eric,Adam,Dylan,Daniel,3.0,0.0,2.0,2.0,3.0,,,,,0.0,8.0,8.0,3.0,,,,,, adam,"['a', 'd', 'a', 'm']","[2.2364917539525777, 2.683351641986519, 3.07214094302617, 3.1302318261004984]",5.0,2.0,5.506175530143082,,,35,1,2020_Jan_22_1618,FaceNameBlocked_revised,3.0.0,84.42283262004604,,2.2364917
46,Male1Block.csv,David2.mp4,David.JPG,David,39.0,M,Trevor,Tyler,Josh,David,Kyle,Timothy,Eric,Adam,Dylan,Daniel,3.0,0.0,2.0,2.0,3.0,0.0,5.0,5.0,3.0,,,,,,,0.0,,,,,,,,,,,35,1,2020_Jan_22_1618,FaceNameBlocked_revised,3.0.0,84.42283262004604,,NaN
44,Male1Block.csv,Dylan3.mp4,Dylan.JPG,Dylan,40.0,M,Trevor,Tyler,Josh,David,Kyle,Timothy,Eric,Adam,Dylan,Daniel,8.0,0.0,2.0,2.0,3.0,0.0,3.0,3.0,8.0,,,,,,,1.0,,,,,,,,,,,35,1,2020_Jan_22_1618,FaceNameBlocked_revised,3.0.0,84.42283262004604,,NaN
57,Male1Block.csv,Dylan3.mp4,Dylan.JPG,Dylan,40.0,M,Trevor,Tyler,Josh,David,Kyle,Timothy,Eric,Adam,Dylan,Daniel,8.0,0.0,2.0,2.0,3.0,,,,,0.0,6.0,6.0,8.0,,,,,, timothy,"['t', 'i', 'm', 'o', 't', 'h', 'y']","[3.5783501868136227, 3.766717417864129, 3.9426061778794974, 4.413445950951427, 4.612831380916759, 5.094905863981694, 6.306301420787349]",1.0,3.0,1.789449832169339,,,35,1,2020_Jan_22_1618,FaceNameBlocked_revised,3.0.0,84.42283262004604,,3.5783501
24,Fem1Block.csv,Emily5.mp4,Emily.JPG,Emily,8.0,F,Julia,Emily,Kayla,Olivia,Taylor,Grace,Nicole,Ashley,Sarah,Heather,1.0,0.0,1.0,1.0,0.0,0.0,3.0,3.0,1.0,,,,,,,1.0,,,,,,,,,,,35,1,2020_Jan_22_1618,FaceNameBlocked_revised,3.0.0,84.42283262004604,,NaN
40,Fem1Block.csv,Emily5.mp4,Emily.JPG,Emily,8.0,F,Julia,Emily,Kayla,Olivia,Taylor,Grace,Nicole,Ashley,Sarah,Heather,1.0,0.0,1.0,1.0,0.0,,,,,0.0,9.0,9.0,1.0,,,,,, emily,"['e', 'm', 'i', 'l', 'y']","[2.037083406932652, 2.201406222069636, 2.413366714026779, 3.4365948119666427, 3.5774912629276514]",4.0,4.0,1.7197068280074743,,,35,1,2020_Jan_22_1618,FaceNameBlocked_revised,3.0.0,84.42283262004604,,2.0370834
52,Male1Block.csv,Eric2.mp4,Eric.JPG,Eric,41.0,M,Trevor,Tyler,Josh,David,Kyle,Timothy,Eric,Adam,Dylan,Daniel,6.0,0.0,2.0,2.0,3.0,,,,,0.0,1.0,1.0,6.0,,,,,, tim,"['t', 'i', 'm']","[2.260962937027216, 2.6730398419313133, 3.0254637140315026]",2.0,3.0,2.532147109974176,,,35,1,2020_Jan_22_1618,FaceNameBlocked_revised,3.0.0,84.42283262004604,,2.2609629
48,Male1Block.csv,Eric2.mp4,Eric.JPG,Eric,41.0,M,Trevor,Tyler,Josh,David,Kyle,Timothy,Eric,Adam,Dylan,Daniel,6.0,0.0,2.0,2.0,3.0,0.0,7.0,7.0,6.0,,,,,,,0.0,,,,,,,,,,,35,1,2020_Jan_22_1618,FaceNameBlocked_revised,3.0.0,84.42283262004604,,NaN
19,Male2Block.csv,Ethan2.mp4,Ethan.JPG,Ethan,42.0,M,Michael,Brian,Kevin,Caleb,Noah,Mark,Ethan,Bradley,Aaron,Justin,6.0,0.0,0.0,0.0,4.0,,,,,0.0,8.0,8.0,6.0,,,,,, kevin,"['k', 'e', 'v', 'i', 'n']","[1.1180948859546334, 1.5530501389876008, 1.9061898598447442, 2.1180196688510478, 2.4354552319273353]",3.0,2.0,4.516972532030196,,,35,1,2020_Jan_22_1618,FaceNameBlocked_revised,3.0.0,84.42283262004604,,1.1180948
7,Male2Block.csv,Ethan2.mp4,Ethan.JPG,Ethan,42.0,M,Michael,Brian,Kevin,Caleb,Noah,Mark,Ethan,Bradley,Aaron,Justin,6.0,0.0,0.0,0.0,4.0,0.0,6.0,6.0,6.0,,,,,,,0.0,,,,,,,,,,,35,1,2020_Jan_22_1618,FaceNameBlocked_revised,3.0.0,84.42283262004604,,NaN
36,Fem1Block.csv,Grace3.mp4,Grace.JPG,Grace,9.0,F,Julia,Emily,Kayla,Olivia,Taylor,Grace,Nicole,Ashley,Sarah,Heather,5.0,0.0,1.0,1.0,0.0,,,,,0.0,5.0,5.0,5.0,,,,,, grace,"['g', 'r', 'a', 'c', 'e']","[2.942876294022426, 3.236458991887048, 3.519303936045617, 3.6957469938788563, 3.9425911610014737]",2.0,2.0,2.1651556680444632,,,35,1,2020_Jan_22_1618,FaceNameBlocked_revised,3.0.0,84.42283262004604,,2.9428762
28,Fem1Block.csv,Grace3.mp4,Grace.JPG,Grace,9.0,F,Julia,Emily,Kayla,Olivia,Taylor,Grace,Nicole,Ashley,Sarah,Heather,5.0,0.0,1.0,1.0,0.0,0.0,7.0,7.0,5.0,,,,,,,0.0,,,,,,,,,,,35,1,2020_Jan_22_1618,FaceNameBlocked_revised,3.0.0,84.42283262004604,,NaN
104,Fem2Block.csv,Haley2.mp4,Haley.JPG,Haley,10.0,F,Lauren,Anna,Megan,Kelsey,Haley,Amanda,Katie,Courtney,Michelle,Jessica,4.0,0.0,5.0,5.0,1.0,0.0,3.0,3.0,4.0,,,,,,,1.0,,,,,,,,,,,35,1,2020_Jan_22_1618,FaceNameBlocked_revised,3.0.0,84.42283262004604,,NaN
112,Fem2Block.csv,Haley2.mp4,Haley.JPG,Haley,10.0,F,Lauren,Anna,Megan,Kelsey,Haley,Amanda,Katie,Courtney,Michelle,Jessica,4.0,0.0,5.0,5.0,1.0,,,,,0.0,1.0,1.0,4.0,,,,,, emily,"['e', 'm', 'i', 'l', 't', 'backspace', 'y']","[1.2139137519989163, 1.3310067150741816, 1.578010194003582, 1.8840987558942288, 2.1780908240471035, 2.6360460980795324, 3.177653650054708]",5.0,4.0,2.4600121949333698,,,35,1,2020_Jan_22_1618,FaceNameBlocked_revised,3.0.0,84.42283262004604,,1.2139137
79,Fem3Block.csv,Hannah2.mp4,Hannah.JPG,Hannah,11.0,F,Brianna,Rebecca,Danielle,Hannah,Brittany,Natalie,Rachel,Jenna,Alyssa,Shelby,3.0,0.0,3.0,3.0,2.0,,,,,0.0,8.0,8.0,3.0,,,,,, emily,"['e', 'm', 'i', 'y', 'backspace', 'l', 'y']","[2.6612805910408497, 2.9430302451364696, 3.178940141107887, 3.519696339033544, 4.223928482970223, 4.602005272172391, 4.743282931158319]",2.0,4.0,14.160918547073381,,,35,1,2020_Jan_22_1618,FaceNameBlocked_revised,3.0.0,84.42283262004604,,2.6612805
70,Fem3Block.csv,Hannah2.mp4,Hannah.JPG,Hannah,11.0,F,Brianna,Rebecca,Danielle,Hannah,Brittany,Natalie,Rachel,Jenna,Alyssa,Shelby,3.0,0.0,3.0,3.0,2.0,0.0,9.0,9.0,3.0,,,,,,,0.0,,,,,,,,,,,35,1,2020_Jan_22_1618,FaceNameBlocked_revised,3.0.0,84.42283262004604,,NaN
23,Fem1Block.csv,Heather3.mp4,Heather.JPG,Heather,12.0,F,Julia,Emily,Kayla,Olivia,Taylor,Grace,Nicole,Ashley,Sarah,Heather,9.0,0.0,1.0,1.0,0.0,0.0,2.0,2.0,9.0,,,,,,,1.0,,,,,,,,,,,35,1,2020_Jan_22_1618,FaceNameBlocked_revised,3.0.0,84.42283262004604,,NaN
34,Fem1Block.csv,Heather3.mp4,Heather.JPG,Heather,12.0,F,Julia,Emily,Kayla,Olivia,Taylor,Grace,Nicole,Ashley,Sarah,Heather,9.0,0.0,1.0,1.0,0.0,,,,,0.0,3.0,3.0,9.0,,,,,, nicole,"['n', 'i', 'v', 'backspace', 'c', 'o', 'l', 'e']","[2.3192948759533465, 3.2959121228195727, 3.4364001729991287, 4.330518333008513, 4.483091532951221, 4.695533204823732, 5.048689232906327, 5.648261229041964]",5.0,4.0,4.600830709096043,,,35,1,2020_Jan_22_1618,FaceNameBlocked_revised,3.0.0,84.42283262004604,,2.3192948
84,Male3Block.csv,Jacob3.mp4,Jacob.JPG,Jacob,43.0,M,Nathan,Andrew,Jacob,Jason,Steven,Cody,Thomas,Matthew,Brandon,Jeremy,2.0,0.0,4.0,4.0,5.0,0.0,3.0,3.0,2.0,,,,,,,0.0,,,,,,,,,,,35,1,2020_Jan_22_1618,FaceNameBlocked_revised,3.0.0,84.42283262004604,,NaN
95,Male3Block.csv,Jacob3.mp4,Jacob.JPG,Jacob,43.0,M,Nathan,Andrew,Jacob,Jason,Steven,Cody,Thomas,Matthew,Brandon,Jeremy,2.0,0.0,4.0,4.0,5.0,,,,,0.0,4.0,4.0,2.0,,,,,, noah,"['o', 'j', 'backspace', 'backspace', 'n', 'o', 'a', 'h']","[2.813814276829362, 3.1434188028797507, 3.4607977808918804, 3.589627012843266, 4.272764634806663, 4.425376386847347, 4.554834893904626, 4.637137034907937]",2.0,2.0,2.9077822151593864,,,35,1,2020_Jan_22_1618,FaceNameBlocked_revised,3.0.0,84.42283262004604,,2.8138142
81,Male3Block.csv,Jason4.mp4,Jason.JPG,Jason,44.0,M,Nathan,Andrew,Jacob,Jason,Steven,Cody,Thomas,Matthew,Brandon,Jeremy,3.0,0.0,4.0,4.0,5.0,0.0,0.0,0.0,3.0,,,,,,,0.0,,,,,,,,,,,35,1,2020_Jan_22_1618,FaceNameBlocked_revised,3.0.0,84.42283262004604,,NaN
93,Male3Block.csv,Jason4.mp4,Jason.JPG,Jason,44.0,M,Nathan,Andrew,Jacob,Jason,Steven,Cody,Thomas,Matthew,Brandon,Jeremy,3.0,0.0,4.0,4.0,5.0,,,,,0.0,2.0,2.0,3.0,,,,,, brian,"['b', 'r', 'i', 'a', 'm', 'backspace', 'n']","[1.7534575529862195, 1.954902424942702, 2.424967873841524, 2.766355706844479, 2.872449677903205, 3.472038632957265, 4.048601981950924]",5.0,4.0,11.880387298995625,,,35,1,2020_Jan_22_1618,FaceNameBlocked_revised,3.0.0,84.42283262004604,,1.7534575
62,Fem3Block.csv,Jenna4.mp4,Jenna.JPG,Jenna,13.0,F,Brianna,Rebecca,Danielle,Hannah,Brittany,Natalie,Rachel,Jenna,Alyssa,Shelby,7.0,0.0,3.0,3.0,2.0,0.0,1.0,1.0,7.0,,,,,,,0.0,,,,,,,,,,,35,1,2020_Jan_22_1618,FaceNameBlocked_revised,3.0.0,84.42283262004604,,NaN
75,Fem3Block.csv,Jenna4.mp4,Jenna.JPG,Jenna,13.0,F,Brianna,Rebecca,Danielle,Hannah,Brittany,Natalie,Rachel,Jenna,Alyssa,Shelby,7.0,0.0,3.0,3.0,2.0,,,,,0.0,4.0,4.0,7.0,,,,,, beck,"['b', 'e', 'space', 'c', 'j', 'backspace', 'backspace', 'backspace', 'c', 'k']","[3.002378497971222, 3.684172330889851, 3.6992208070587367, 4.201821171911433, 5.2489450860302895, 6.576802382944152, 7.02428837493062, 7.504353867843747, 8.082653102930635, 9.424136756919324]",5.0,3.0,2.5087139238603413,,,35,1,2020_Jan_22_1618,FaceNameBlocked_revised,3.0.0,84.42283262004604,,3.0023784
82,Male3Block.csv,Jeremy2.mp4,Jeremy.JPG,Jeremy,45.0,M,Nathan,Andrew,Jacob,Jason,Steven,Cody,Thomas,Matthew,Brandon,Jeremy,9.0,0.0,4.0,4.0,5.0,0.0,1.0,1.0,9.0,,,,,,,1.0,,,,,,,,,,,35,1,2020_Jan_22_1618,FaceNameBlocked_revised,3.0.0,84.42283262004604,,NaN
94,Male3Block.csv,Jeremy2.mp4,Jeremy.JPG,Jeremy,45.0,M,Nathan,Andrew,Jacob,Jason,Steven,Cody,Thomas,Matthew,Brandon,Jeremy,9.0,0.0,4.0,4.0,5.0,,,,,0.0,3.0,3.0,9.0,,,,,, keven,"['k', 'e', 'v', 'e', 'n']","[1.7642795210704207, 1.9659718391485512, 2.3313825360964984, 2.5079538042191416, 3.3075712812133133]",4.0,3.0,1.8607824421487749,,,35,1,2020_Jan_22_1618,FaceNameBlocked_revised,3.0.0,84.42283262004604,,1.7642795
108,Fem2Block.csv,Jessica2.mp4,Jessica.JPG,Jessica,14.0,F,Lauren,Anna,Megan,Kelsey,Haley,Amanda,Katie,Courtney,Michelle,Jessica,9.0,0.0,5.0,5.0,1.0,0.0,7.0,7.0,9.0,,,,,,,1.0,,,,,,,,,,,35,1,2020_Jan_22_1618,FaceNameBlocked_revised,3.0.0,84.42283262004604,,NaN
113,Fem2Block.csv,Jessica2.mp4,Jessica.JPG,Jessica,14.0,F,Lauren,Anna,Megan,Kelsey,Haley,Amanda,Katie,Courtney,Michelle,Jessica,9.0,0.0,5.0,5.0,1.0,,,,,0.0,2.0,2.0,9.0,,,,,, megan ,"['m', 'e', 'g', 'a', 'n', 'space']","[1.4837677790783346, 1.742790182121098, 1.8958852631039917, 2.6251828060485423, 2.7897206970956177, 5.05987316602841]",1.0,5.0,2.707505441037938,,,35,1,2020_Jan_22_1618,FaceNameBlocked_revised,3.0.0,84.42283262004604,,1.4837677
42,Male1Block.csv,Josh3.mp4,Josh.JPG,Josh,46.0,M,Trevor,Tyler,Josh,David,Kyle,Timothy,Eric,Adam,Dylan,Daniel,2.0,0.0,2.0,2.0,3.0,0.0,1.0,1.0,2.0,,,,,,,0.0,,,,,,,,,,,35,1,2020_Jan_22_1618,FaceNameBlocked_revised,3.0.0,84.42283262004604,,NaN
54,Male1Block.csv,Josh3.mp4,Josh.JPG,Josh,46.0,M,Trevor,Tyler,Josh,David,Kyle,Timothy,Eric,Adam,Dylan,Daniel,2.0,0.0,2.0,2.0,3.0,,,,,0.0,3.0,3.0,2.0,,,,,, chad,"['c', 'h', 'a', 'd', 'return']","[4.496042466955259, 5.095414525829256, 5.742302821949124, 6.3187054339796305, 7.176598463905975]",3.0,2.0,3.4362161450553685,,,35,1,2020_Jan_22_1618,FaceNameBlocked_revised,3.0.0,84.42283262004604,,4.4960424
30,Fem1Block.csv,Julia2.mp4,Julia.JPG,Julia,15.0,F,Julia,Emily,Kayla,Olivia,Taylor,Grace,Nicole,Ashley,Sarah,Heather,0.0,0.0,1.0,1.0,0.0,0.0,9.0,9.0,0.0,,,,,,,1.0,,,,,,,,,,,35,1,2020_Jan_22_1618,FaceNameBlocked_revised,3.0.0,84.42283262004604,,NaN
35,Fem1Block.csv,Julia2.mp4,Julia.JPG,Julia,15.0,F,Julia,Emily,Kayla,Olivia,Taylor,Grace,Nicole,Ashley,Sarah,Heather,0.0,0.0,1.0,1.0,0.0,,,,,0.0,4.0,4.0,0.0,,,,,, nicole,"['n', 'i', 'c', 'o', 'l', 'e']","[2.13188697793521, 2.308170262956992, 2.343266564887017, 3.2119626870844513, 3.389881609007716, 3.4612657169345766]",4.0,1.0,2.1907139329705387,,,35,1,2020_Jan_22_1618,FaceNameBlocked_revised,3.0.0,84.42283262004604,,2.1318869
9,Male2Block.csv,Justin2.mp4,Justin.JPG,Justin,47.0,M,Michael,Brian,Kevin,Caleb,Noah,Mark,Ethan,Bradley,Aaron,Justin,9.0,0.0,0.0,0.0,4.0,0.0,8.0,8.0,9.0,,,,,,,1.0,,,,,,,,,,,35,1,2020_Jan_22_1618,FaceNameBlocked_revised,3.0.0,84.42283262004604,,NaN
20,Male2Block.csv,Justin2.mp4,Justin.JPG,Justin,47.0,M,Michael,Brian,Kevin,Caleb,Noah,Mark,Ethan,Bradley,Aaron,Justin,9.0,0.0,0.0,0.0,4.0,,,,,0.0,9.0,9.0,9.0,,,,,, keven,"['k', 'e', 'v', 'e', 'backspace', 'i', 'n', 'backspace', 'backspace', 'e', 'b', 'backspace', 'n']","[2.4845680131111294, 2.6367413019761443, 2.989637491060421, 3.1664649290032685, 3.612956785131246, 3.9427943110931665, 4.236767455004156, 4.836045491974801, 5.046980035956949, 5.0951594221405685, 5.6249210010282695, 6.0356415580026805, 6.1184752190019935]",2.0,4.0,5.1183735879603764,,,35,1,2020_Jan_22_1618,FaceNameBlocked_revised,3.0.0,84.42283262004604,,2.4845680
115,Fem2Block.csv,Katie2.mp4,Katie.JPG,Katie,16.0,F,Lauren,Anna,Megan,Kelsey,Haley,Amanda,Katie,Courtney,Michelle,Jessica,6.0,0.0,5.0,5.0,1.0,,,,,0.0,4.0,4.0,6.0,,,,,, nicole,"['n', 'i', 'c', 'o', 'l', 'e']","[1.8611767371185124, 2.1078863099683076, 2.213876383146271, 2.8353896799962968, 3.1330273440107703]",2.0,1.0,3.448612267849967,,,35,1,2020_Jan_22_1618,FaceNameBlocked_revised,3.0.0,84.42283262004604,,1.8611767
101,Fem2Block.csv,Katie2.mp4,Katie.JPG,Katie,16.0,F,Lauren,Anna,Megan,Kelsey,Haley,Amanda,Katie,Courtney,Michelle,Jessica,6.0,0.0,5.0,5.0,1.0,0.0,0.0,0.0,6.0,,,,,,,0.0,,,,,,,,,,,35,1,2020_Jan_22_1618,FaceNameBlocked_revised,3.0.0,84.42283262004604,,NaN
25,Fem1Block.csv,Kayla3.mp4,Kayla.JPG,Kayla,17.0,F,Julia,Emily,Kayla,Olivia,Taylor,Grace,Nicole,Ashley,Sarah,Heather,2.0,0.0,1.0,1.0,0.0,0.0,4.0,4.0,2.0,,,,,,,0.0,,,,,,,,,,,35,1,2020_Jan_22_1618,FaceNameBlocked_revised,3.0.0,84.42283262004604,,NaN
37,Fem1Block.csv,Kayla3.mp4,Kayla.JPG,Kayla,17.0,F,Julia,Emily,Kayla,Olivia,Taylor,Grace,Nicole,Ashley,Sarah,Heather,2.0,0.0,1.0,1.0,0.0,,,,,0.0,6.0,6.0,2.0,,,,,, jessica,"['j', 'e', 'e', 'backspace', 's', 's', 'i', 'c', 'a']","[3.8945020739920437, 4.4120785989798605, 6.375745088094845, 7.479767385171726, 7.916381142102182, 8.151752531994134, 8.340429292991757, 8.704759364016354, 9.38710889709182]",2.0,4.0,11.86946859396994,,,35,1,2020_Jan_22_1618,FaceNameBlocked_revised,3.0.0,84.42283262004604,,3.8945020
111,Fem2Block.csv,Kelsey2.mp4,Kelsey.JPG,Kelsey,18.0,F,Lauren,Anna,Megan,Kelsey,Haley,Amanda,Katie,Courtney,Michelle,Jessica,3.0,0.0,5.0,5.0,1.0,,,,,0.0,0.0,0.0,3.0,,,,space,57.528815762838356, emily,"['e', 'm', 'i', 'l', 'y', 'return']","[2.5410456941463053, 2.6100054800044745, 2.7297755870968103, 2.882834275951609, 3.353279981063679, 3.8817746471613646]",4.0,5.0,2.225573973963037,,,35,1,2020_Jan_22_1618,FaceNameBlocked_revised,3.0.0,84.42283262004604,,2.5410456
110,Fem2Block.csv,Kelsey2.mp4,Kelsey.JPG,Kelsey,18.0,F,Lauren,Anna,Megan,Kelsey,Haley,Amanda,Katie,Courtney,Michelle,Jessica,3.0,0.0,5.0,5.0,1.0,0.0,9.0,9.0,3.0,,,,,,,0.0,,,,,,,,,,,35,1,2020_Jan_22_1618,FaceNameBlocked_revised,3.0.0,84.42283262004604,,NaN
2,Male2Block.csv,Kevin2.mp4,Kevin.JPG,Kevin,48.0,M,Michael,Brian,Kevin,Caleb,Noah,Mark,Ethan,Bradley,Aaron,Justin,2.0,0.0,0.0,0.0,4.0,0.0,1.0,1.0,2.0,,,,,,,0.0,,,,,,,,,,,35,1,2020_Jan_22_1618,FaceNameBlocked_revised,3.0.0,84.42283262004604,,NaN
14,Male2Block.csv,Kevin2.mp4,Kevin.JPG,Kevin,48.0,M,Michael,Brian,Kevin,Caleb,Noah,Mark,Ethan,Bradley,Aaron,Justin,2.0,0.0,0.0,0.0,4.0,,,,,0.0,3.0,3.0,2.0,,,,,, micheal,"['m', 'i', 'c', 'h', 'e', 'a', 'l']","[2.5668578220065683, 2.979002299020067, 3.4230992440134287, 4.272354336222634, 4.401248271111399, 4.906484492123127, 5.166146192001179]",1.0,3.0,3.872709562070668,,,35,1,2020_Jan_22_1618,FaceNameBlocked_revised,3.0.0,84.42283262004604,,2.5668578
50,Male1Block.csv,Kyle3.mp4,Kyle.JPG,Kyle,49.0,M,Trevor,Tyler,Josh,David,Kyle,Timothy,Eric,Adam,Dylan,Daniel,4.0,0.0,2.0,2.0,3.0,0.0,9.0,9.0,4.0,,,,,,,1.0,,,,,,,,,,,35,1,2020_Jan_22_1618,FaceNameBlocked_revised,3.0.0,84.42283262004604,,NaN
58,Male1Block.csv,Kyle3.mp4,Kyle.JPG,Kyle,49.0,M,Trevor,Tyler,Josh,David,Kyle,Timothy,Eric,Adam,Dylan,Daniel,4.0,0.0,2.0,2.0,3.0,,,,,0.0,7.0,7.0,4.0,,,,,, kyle,"['a', 'backspace', 'k', 'y', 'l', 'e']","[2.824801160953939, 3.7654389820527285, 4.225466691888869, 4.496356301009655, 5.095807974925265, 5.2603254618588835]",5.0,5.0,7.103674513986333,,,35,1,2020_Jan_22_1618,FaceNameBlocked_revised,3.0.0,84.42283262004604,,2.8248011
114,Fem2Block.csv,Lauren4.mp4,Lauren.JPG,Lauren,19.0,F,Lauren,Anna,Megan,Kelsey,Haley,Amanda,Katie,Courtney,Michelle,Jessica,0.0,0.0,5.0,5.0,1.0,,,,,0.0,3.0,3.0,0.0,,,,,, katie,"['k', 'a', 't', 'i', 'e']","[1.2850927768740803, 1.5084327249787748, 1.861177298007533, 1.9317940720357, 2.3430530368350446]",2.0,4.0,2.3428089211229235,,,35,1,2020_Jan_22_1618,FaceNameBlocked_revised,3.0.0,84.42283262004604,,1.2850927
109,Fem2Block.csv,Lauren4.mp4,Lauren.JPG,Lauren,19.0,F,Lauren,Anna,Megan,Kelsey,Haley,Amanda,Katie,Courtney,Michelle,Jessica,0.0,0.0,5.0,5.0,1.0,0.0,8.0,8.0,0.0,,,,,,,1.0,,,,,,,,,,,35,1,2020_Jan_22_1618,FaceNameBlocked_revised,3.0.0,84.42283262004604,,NaN
12,Male2Block.csv,Mark3.mp4,Mark.JPG,Mark,50.0,M,Michael,Brian,Kevin,Caleb,Noah,Mark,Ethan,Bradley,Aaron,Justin,5.0,0.0,0.0,0.0,4.0,,,,,0.0,1.0,1.0,5.0,,,,,, noah,"['n', 'o', 'a', 'h']","[2.719108500983566, 2.9896736938972026, 4.3891945839859545, 4.706593269947916]",4.0,4.0,6.9413883599918345,,,35,1,2020_Jan_22_1618,FaceNameBlocked_revised,3.0.0,84.42283262004604,,2.7191085
1,Male2Block.csv,Mark3.mp4,Mark.JPG,Mark,50.0,M,Michael,Brian,Kevin,Caleb,Noah,Mark,Ethan,Bradley,Aaron,Justin,5.0,0.0,0.0,0.0,4.0,0.0,0.0,0.0,5.0,,,,,,,0.0,,,,,,,,,,,35,1,2020_Jan_22_1618,FaceNameBlocked_revised,3.0.0,84.42283262004604,,NaN
91,Male3Block.csv,Matthew2.mp4,Matthew.JPG,Matthew,51.0,M,Nathan,Andrew,Jacob,Jason,Steven,Cody,Thomas,Matthew,Brandon,Jeremy,7.0,0.0,4.0,4.0,5.0,,,,,0.0,0.0,0.0,7.0,,,,space,37.933140449225895, noah,"['n', 'o', 'a', 'h']","[1.767375942086801, 1.9897141689434648, 2.1315088539849967, 3.837086870102212]",2.0,5.0,3.1074694178532813,,,35,1,2020_Jan_22_1618,FaceNameBlocked_revised,3.0.0,84.42283262004604,,1.7673759
87,Male3Block.csv,Matthew2.mp4,Matthew.JPG,Matthew,51.0,M,Nathan,Andrew,Jacob,Jason,Steven,Cody,Thomas,Matthew,Brandon,Jeremy,7.0,0.0,4.0,4.0,5.0,0.0,6.0,6.0,7.0,,,,,,,0.0,,,,,,,,,,,35,1,2020_Jan_22_1618,FaceNameBlocked_revised,3.0.0,84.42283262004604,,NaN
103,Fem2Block.csv,Megan2.mp4,Megan.JPG,Megan,20.0,F,Lauren,Anna,Megan,Kelsey,Haley,Amanda,Katie,Courtney,Michelle,Jessica,2.0,0.0,5.0,5.0,1.0,0.0,2.0,2.0,2.0,,,,,,,0.0,,,,,,,,,,,35,1,2020_Jan_22_1618,FaceNameBlocked_revised,3.0.0,84.42283262004604,,NaN
120,Fem2Block.csv,Megan2.mp4,Megan.JPG,Megan,20.0,F,Lauren,Anna,Megan,Kelsey,Haley,Amanda,Katie,Courtney,Michelle,Jessica,2.0,0.0,5.0,5.0,1.0,,,,,0.0,9.0,9.0,2.0,,,,,, megan,"['m', 'e', 'a', 'backspace', 'g', 'a', 'n', 'return']","[2.187064970145002, 2.2593960501253605, 2.753567493055016, 3.729253988014534, 4.093954987125471, 4.176401456119493, 4.31786476704292, 4.716377246193588]",4.0,4.0,1.775855956133455,,,35,1,2020_Jan_22_1618,FaceNameBlocked_revised,3.0.0,84.42283262004604,,2.1870649
11,Male2Block.csv,Michael2.mp4,Michael.JPG,Michael,52.0,M,Michael,Brian,Kevin,Caleb,Noah,Mark,Ethan,Bradley,Aaron,Justin,0.0,0.0,0.0,0.0,4.0,,,,,0.0,0.0,0.0,0.0,,,,space,24.902064795838672, mike,"['m', 'i', 'k', 'e', 'return']","[2.248433285858482, 2.70783121092245, 3.62438694993034, 3.9066409058868885, 4.223798502003774]",3.0,5.0,5.587154397973792,,,35,1,2020_Jan_22_1618,FaceNameBlocked_revised,3.0.0,84.42283262004604,,2.2484332
3,Male2Block.csv,Michael2.mp4,Michael.JPG,Michael,52.0,M,Michael,Brian,Kevin,Caleb,Noah,Mark,Ethan,Bradley,Aaron,Justin,0.0,0.0,0.0,0.0,4.0,0.0,2.0,2.0,0.0,,,,,,,1.0,,,,,,,,,,,35,1,2020_Jan_22_1618,FaceNameBlocked_revised,3.0.0,84.42283262004604,,NaN
106,Fem2Block.csv,Michelle2.mp4,Michelle.JPG,Michelle,21.0,F,Lauren,Anna,Megan,Kelsey,Haley,Amanda,Katie,Courtney,Michelle,Jessica,8.0,0.0,5.0,5.0,1.0,0.0,5.0,5.0,8.0,,,,,,,1.0,,,,,,,,,,,35,1,2020_Jan_22_1618,FaceNameBlocked_revised,3.0.0,84.42283262004604,,NaN
119,Fem2Block.csv,Michelle2.mp4,Michelle.JPG,Michelle,21.0,F,Lauren,Anna,Megan,Kelsey,Haley,Amanda,Katie,Courtney,Michelle,Jessica,8.0,0.0,5.0,5.0,1.0,,,,,0.0,8.0,8.0,8.0,,,,,, katie,"['k', 'a', 't', 'i', 'e']","[2.330903321970254, 3.1654595909640193, 3.529608055949211, 3.6120701779145747, 3.742075481917709]",1.0,4.0,2.871076866984368,,,35,1,2020_Jan_22_1618,FaceNameBlocked_revised,3.0.0,84.42283262004604,,2.3309033
77,Fem3Block.csv,Natalie3.mp4,Natalie.JPG,Natalie,22.0,F,Brianna,Rebecca,Danielle,Hannah,Brittany,Natalie,Rachel,Jenna,Alyssa,Shelby,5.0,0.0,3.0,3.0,2.0,,,,,0.0,6.0,6.0,5.0,,,,,, emily,"['e', 'i', 'lctrl', 'backspace', 'm', 'i', 'l', 'y']","[4.411542162997648, 4.9877234229352325, 5.38630610704422, 5.481446518097073, 5.952242403058335, 6.1056540629360825, 6.32898707408458, 6.38766602310352]",3.0,1.0,2.1064759590663016,,,35,1,2020_Jan_22_1618,FaceNameBlocked_revised,3.0.0,84.42283262004604,,4.4115421
68,Fem3Block.csv,Natalie3.mp4,Natalie.JPG,Natalie,22.0,F,Brianna,Rebecca,Danielle,Hannah,Brittany,Natalie,Rachel,Jenna,Alyssa,Shelby,5.0,0.0,3.0,3.0,2.0,0.0,7.0,7.0,5.0,,,,,,,0.0,,,,,,,,,,,35,1,2020_Jan_22_1618,FaceNameBlocked_revised,3.0.0,84.42283262004604,,NaN
89,Male3Block.csv,Nathan3.mp4,Nathan.JPG,Nathan,53.0,M,Nathan,Andrew,Jacob,Jason,Steven,Cody,Thomas,Matthew,Brandon,Jeremy,0.0,0.0,4.0,4.0,5.0,0.0,8.0,8.0,0.0,,,,,,,1.0,,,,,,,,,,,35,1,2020_Jan_22_1618,FaceNameBlocked_revised,3.0.0,84.42283262004604,,NaN
97,Male3Block.csv,Nathan3.mp4,Nathan.JPG,Nathan,53.0,M,Nathan,Andrew,Jacob,Jason,Steven,Cody,Thomas,Matthew,Brandon,Jeremy,0.0,0.0,4.0,4.0,5.0,,,,,0.0,6.0,6.0,0.0,,,,,, brian,"['k', 'y', 'l', 'e', 'backspace', 'backspace', 'backspace', 'backspace', 'b', 'r', 'a', 'i', 'n', 'backspace', 'backspace', 'backspace', 'i', 'a', 'n']","[3.401928670005873, 3.684222470037639, 4.119575711898506, 4.20226940093562, 5.1177504600491375, 5.270917471963912, 5.459378808969632, 5.587574719917029, 6.071779686957598, 6.212696972070262, 6.601158109959215, 6.730547403916717, 6.859550734050572, 7.28259385493584, 7.411148967919871, 7.529535403009504, 7.859764878870919, 8.013438172871247, 8.118300281930715]",2.0,3.0,2.4242042070254683,,,35,1,2020_Jan_22_1618,FaceNameBlocked_revised,3.0.0,84.42283262004604,,3.4019286
26,Fem1Block.csv,Nicole2.mp4,Nicole.JPG,Nicole,23.0,F,Julia,Emily,Kayla,Olivia,Taylor,Grace,Nicole,Ashley,Sarah,Heather,6.0,0.0,1.0,1.0,0.0,0.0,5.0,5.0,6.0,,,,,,,0.0,,,,,,,,,,,35,1,2020_Jan_22_1618,FaceNameBlocked_revised,3.0.0,84.42283262004604,,NaN
38,Fem1Block.csv,Nicole2.mp4,Nicole.JPG,Nicole,23.0,F,Julia,Emily,Kayla,Olivia,Taylor,Grace,Nicole,Ashley,Sarah,Heather,6.0,0.0,1.0,1.0,0.0,,,,,0.0,7.0,7.0,6.0,,,,,, nicole,"['n', 'u', 'backspace', 'i', 'c', 'o', 'l', 'e']","[1.2381732889916748, 1.6495795219670981, 2.260255689965561, 2.743187074083835, 2.9432512409985065, 3.1416115621104836, 3.4373875251039863, 3.684439950156957]",1.0,1.0,11.094002414960412,,,35,1,2020_Jan_22_1618,FaceNameBlocked_revised,3.0.0,84.42283262004604,,1.2381732
18,Male2Block.csv,Noah2.mp4,Noah.JPG,Noah,54.0,M,Michael,Brian,Kevin,Caleb,Noah,Mark,Ethan,Bradley,Aaron,Justin,4.0,0.0,0.0,0.0,4.0,,,,,0.0,7.0,7.0,4.0,,,,,, bradley,"['b', 'r', 'a', 'd', 'l', 'e', 'y']","[1.4848401139024645, 1.5315724147949368, 2.520283941878006, 2.872950242832303, 3.860476740868762, 3.91960347793065, 4.731419904856011]",5.0,1.0,3.013359491014853,,,35,1,2020_Jan_22_1618,FaceNameBlocked_revised,3.0.0,84.42283262004604,,1.4848401
5,Male2Block.csv,Noah2.mp4,Noah.JPG,Noah,54.0,M,Michael,Brian,Kevin,Caleb,Noah,Mark,Ethan,Bradley,Aaron,Justin,4.0,0.0,0.0,0.0,4.0,0.0,4.0,4.0,4.0,,,,,,,1.0,,,,,,,,,,,35,1,2020_Jan_22_1618,FaceNameBlocked_revised,3.0.0,84.42283262004604,,NaN
29,Fem1Block.csv,Olivia3.mp4,Olivia.JPG,Olivia,24.0,F,Julia,Emily,Kayla,Olivia,Taylor,Grace,Nicole,Ashley,Sarah,Heather,3.0,0.0,1.0,1.0,0.0,0.0,8.0,8.0,3.0,,,,,,,0.0,,,,,,,,,,,35,1,2020_Jan_22_1618,FaceNameBlocked_revised,3.0.0,84.42283262004604,,NaN
33,Fem1Block.csv,Olivia3.mp4,Olivia.JPG,Olivia,24.0,F,Julia,Emily,Kayla,Olivia,Taylor,Grace,Nicole,Ashley,Sarah,Heather,3.0,0.0,1.0,1.0,0.0,,,,,0.0,2.0,2.0,3.0,,,,,, eglgnor,"['e', 'g', 'l', 'g', 'n', 'o', 't', 'backspace', 'r']","[2.8955510649830103, 3.98896326799877, 5.470982064027339, 6.470532553968951, 6.647176607046276, 7.14110599597916, 7.658465211978182, 8.822259278967977, 8.951550036901608]",3.0,5.0,5.458066476974636,,,35,1,2020_Jan_22_1618,FaceNameBlocked_revised,3.0.0,84.42283262004604,,2.8955510
76,Fem3Block.csv,Rachel3.mp4,Rachel.JPG,Rachel,25.0,F,Brianna,Rebecca,Danielle,Hannah,Brittany,Natalie,Rachel,Jenna,Alyssa,Shelby,6.0,0.0,3.0,3.0,2.0,,,,,0.0,5.0,5.0,6.0,,,,,, ,None,,2.0,2.0,6.411568646086379,,,35,1,2020_Jan_22_1618,FaceNameBlocked_revised,3.0.0,84.42283262004604,,NaN
66,Fem3Block.csv,Rachel3.mp4,Rachel.JPG,Rachel,25.0,F,Brianna,Rebecca,Danielle,Hannah,Brittany,Natalie,Rachel,Jenna,Alyssa,Shelby,6.0,0.0,3.0,3.0,2.0,0.0,5.0,5.0,6.0,,,,,,,0.0,,,,,,,,,,,35,1,2020_Jan_22_1618,FaceNameBlocked_revised,3.0.0,84.42283262004604,,NaN
80,Fem3Block.csv,Rebecca3.mp4,Rebecca.JPG,Rebecca,26.0,F,Brianna,Rebecca,Danielle,Hannah,Brittany,Natalie,Rachel,Jenna,Alyssa,Shelby,1.0,0.0,3.0,3.0,2.0,,,,,0.0,9.0,9.0,1.0,,,,,, emlil,"['r', 'm', 'i', 'l', 'y', 'u', 'backspace', 'backspace', 'backspace', 'backspace', 'backspace', 'backspace', 'e', 'm', 'l', 'y', 'backspace', 'o', 'backspace', 'i', 'l', 'y', 'backspace']","[3.0961478578392416, 3.2723528798669577, 3.437357416842133, 3.589432833949104, 3.7199864799622446, 3.7340555139817297, 4.130756380036473, 4.2953571018297225, 4.4364228448830545, 4.5881815978791565, 4.730812230845913, 4.848567495821044, 5.764061433030292, 5.918914002832025, 6.894825347932056, 6.977169604040682, 7.600546537898481, 8.165577625855803, 8.506206560879946, 9.024529037997127, 9.235843898029998, 9.307000741828233, 9.846205170964822]",4.0,2.0,4.096188144059852,,,35,1,2020_Jan_22_1618,FaceNameBlocked_revised,3.0.0,84.42283262004604,,3.0961478
63,Fem3Block.csv,Rebecca3.mp4,Rebecca.JPG,Rebecca,26.0,F,Brianna,Rebecca,Danielle,Hannah,Brittany,Natalie,Rachel,Jenna,Alyssa,Shelby,1.0,0.0,3.0,3.0,2.0,0.0,2.0,2.0,1.0,,,,,,,1.0,,,,,,,,,,,35,1,2020_Jan_22_1618,FaceNameBlocked_revised,3.0.0,84.42283262004604,,NaN
31,Fem1Block.csv,Sarah2.mp4,Sarah.JPG,Sarah,27.0,F,Julia,Emily,Kayla,Olivia,Taylor,Grace,Nicole,Ashley,Sarah,Heather,8.0,0.0,1.0,1.0,0.0,,,,,0.0,0.0,0.0,8.0,,,,space,39.356614599004395, ashley,"['a', 's', 'h', 'l', 'e', 'y']","[3.2838204000145197, 3.446931018959731, 4.189378825947642, 5.095093957846984, 5.212842024862766, 5.895093886880204]",4.0,1.0,1.625698632793501,,,35,1,2020_Jan_22_1618,FaceNameBlocked_revised,3.0.0,84.42283262004604,,3.2838204
21,Fem1Block.csv,Sarah2.mp4,Sarah.JPG,Sarah,27.0,F,Julia,Emily,Kayla,Olivia,Taylor,Grace,Nicole,Ashley,Sarah,Heather,8.0,0.0,1.0,1.0,0.0,0.0,0.0,0.0,8.0,,,,,,,1.0,,,,,,,,,,,35,1,2020_Jan_22_1618,FaceNameBlocked_revised,3.0.0,84.42283262004604,,NaN
69,Fem3Block.csv,Shelby2.mp4,Shelby.JPG,Shelby,28.0,F,Brianna,Rebecca,Danielle,Hannah,Brittany,Natalie,Rachel,Jenna,Alyssa,Shelby,9.0,0.0,3.0,3.0,2.0,0.0,8.0,8.0,9.0,,,,,,,1.0,,,,,,,,,,,35,1,2020_Jan_22_1618,FaceNameBlocked_revised,3.0.0,84.42283262004604,,NaN
73,Fem3Block.csv,Shelby2.mp4,Shelby.JPG,Shelby,28.0,F,Brianna,Rebecca,Danielle,Hannah,Brittany,Natalie,Rachel,Jenna,Alyssa,Shelby,9.0,0.0,3.0,3.0,2.0,,,,,0.0,2.0,2.0,9.0,,,,,, shelby,"['s', 'h', 'e', 'd', 'backspace', 'l', 'b', 'y']","[1.7786292389500886, 2.412891278974712, 2.531087429029867, 2.766059805871919, 3.459797046845779, 3.8341137869283557, 4.236473485827446, 4.437000858830288]",3.0,3.0,15.033666032832114,,,35,1,2020_Jan_22_1618,FaceNameBlocked_revised,3.0.0,84.42283262004604,,1.7786292
98,Male3Block.csv,Steven2.mp4,Steven.JPG,Steven,55.0,M,Nathan,Andrew,Jacob,Jason,Steven,Cody,Thomas,Matthew,Brandon,Jeremy,4.0,0.0,4.0,4.0,5.0,,,,,0.0,7.0,7.0,4.0,,,,,, jacob,"['j', 'a', 'c', 'o', 'b']","[4.836613503983244, 5.389825464924797, 5.648567603901029, 6.399071927880868, 7.212703520897776]",4.0,3.0,4.130242530955002,,,35,1,2020_Jan_22_1618,FaceNameBlocked_revised,3.0.0,84.42283262004604,,4.8366135
86,Male3Block.csv,Steven2.mp4,Steven.JPG,Steven,55.0,M,Nathan,Andrew,Jacob,Jason,Steven,Cody,Thomas,Matthew,Brandon,Jeremy,4.0,0.0,4.0,4.0,5.0,0.0,5.0,5.0,4.0,,,,,,,1.0,,,,,,,,,,,35,1,2020_Jan_22_1618,FaceNameBlocked_revised,3.0.0,84.42283262004604,,NaN
22,Fem1Block.csv,Taylor4.mp4,Taylor.JPG,Taylor,29.0,F,Julia,Emily,Kayla,Olivia,Taylor,Grace,Nicole,Ashley,Sarah,Heather,4.0,0.0,1.0,1.0,0.0,0.0,1.0,1.0,4.0,,,,,,,1.0,,,,,,,,,,,35,1,2020_Jan_22_1618,FaceNameBlocked_revised,3.0.0,84.42283262004604,,NaN
32,Fem1Block.csv,Taylor4.mp4,Taylor.JPG,Taylor,29.0,F,Julia,Emily,Kayla,Olivia,Taylor,Grace,Nicole,Ashley,Sarah,Heather,4.0,0.0,1.0,1.0,0.0,,,,,0.0,1.0,1.0,4.0,,,,,, rachel,"['r', 'a', 'c', 'h', 'e', 'l']","[2.5673358507920057, 2.9197757148649544, 3.4711101287975907, 3.6725616769399494, 4.1311233369633555, 5.201831045793369]",4.0,1.0,4.02342183701694,,,35,1,2020_Jan_22_1618,FaceNameBlocked_revised,3.0.0,84.42283262004604,,2.5673358
90,Male3Block.csv,Thomas2.mp4,Thomas.JPG,Thomas,56.0,M,Nathan,Andrew,Jacob,Jason,Steven,Cody,Thomas,Matthew,Brandon,Jeremy,6.0,0.0,4.0,4.0,5.0,0.0,9.0,9.0,6.0,,,,,,,0.0,,,,,,,,,,,35,1,2020_Jan_22_1618,FaceNameBlocked_revised,3.0.0,84.42283262004604,,NaN
100,Male3Block.csv,Thomas2.mp4,Thomas.JPG,Thomas,56.0,M,Nathan,Andrew,Jacob,Jason,Steven,Cody,Thomas,Matthew,Brandon,Jeremy,6.0,0.0,4.0,4.0,5.0,,,,,0.0,9.0,9.0,6.0,,,,,, jason,"['n', 'j', 'backspace', 'backspace', 'j', 'a', 's', 'o', 'n']","[2.355135941877961, 2.370598408859223, 3.5537715619429946, 3.76568878791295, 4.848262739833444, 5.741617020918056, 6.753416714025661, 7.588344120886177, 8.058716102968901]",2.0,3.0,2.76393655105494,,,35,1,2020_Jan_22_1618,FaceNameBlocked_revised,3.0.0,84.42283262004604,,2.3551359
45,Male1Block.csv,Timothy3.mp4,Timothy.JPG,Timothy,57.0,M,Trevor,Tyler,Josh,David,Kyle,Timothy,Eric,Adam,Dylan,Daniel,5.0,0.0,2.0,2.0,3.0,0.0,4.0,4.0,5.0,,,,,,,0.0,,,,,,,,,,,35,1,2020_Jan_22_1618,FaceNameBlocked_revised,3.0.0,84.42283262004604,,NaN
53,Male1Block.csv,Timothy3.mp4,Timothy.JPG,Timothy,57.0,M,Trevor,Tyler,Josh,David,Kyle,Timothy,Eric,Adam,Dylan,Daniel,5.0,0.0,2.0,2.0,3.0,,,,,0.0,2.0,2.0,5.0,,,,,, david,"['d', 'a', 'v', 'i', 'd']","[2.6015872890129685, 2.9190026922151446, 3.3658075521234423, 3.6597495910245925, 3.7424071221612394]",2.0,1.0,4.245313606923446,,,35,1,2020_Jan_22_1618,FaceNameBlocked_revised,3.0.0,84.42283262004604,,2.6015872
55,Male1Block.csv,Trevor2.mp4,Trevor.JPG,Trevor,58.0,M,Trevor,Tyler,Josh,David,Kyle,Timothy,Eric,Adam,Dylan,Daniel,0.0,0.0,2.0,2.0,3.0,,,,,0.0,4.0,4.0,0.0,,,,,, dylan,"['d', 'y', 'l', 'a', 'n', 'return']","[5.941825948189944, 6.083016147138551, 6.681572578148916, 6.871308632194996, 7.023681175196543, 7.681135085178539]",3.0,2.0,3.848520257044584,,,35,1,2020_Jan_22_1618,FaceNameBlocked_revised,3.0.0,84.42283262004604,,5.9418259
41,Male1Block.csv,Trevor2.mp4,Trevor.JPG,Trevor,58.0,M,Trevor,Tyler,Josh,David,Kyle,Timothy,Eric,Adam,Dylan,Daniel,0.0,0.0,2.0,2.0,3.0,0.0,0.0,0.0,0.0,,,,,,,1.0,,,,,,,,,,,35,1,2020_Jan_22_1618,FaceNameBlocked_revised,3.0.0,84.42283262004604,,NaN
43,Male1Block.csv,Tyler3.mp4,Tyler.JPG,Tyler,59.0,M,Trevor,Tyler,Josh,David,Kyle,Timothy,Eric,Adam,Dylan,Daniel,1.0,0.0,2.0,2.0,3.0,0.0,2.0,2.0,1.0,,,,,,,1.0,,,,,,,,,,,35,1,2020_Jan_22_1618,FaceNameBlocked_revised,3.0.0,84.42283262004604,,NaN
60,Male1Block.csv,Tyler3.mp4,Tyler.JPG,Tyler,59.0,M,Trevor,Tyler,Josh,David,Kyle,Timothy,Eric,Adam,Dylan,Daniel,1.0,0.0,2.0,2.0,3.0,,,,,0.0,9.0,9.0,1.0,,,,,, keven,"['j', 'backspace', 'k', 'e', 'v', 'e', 'n']","[5.869964350946248, 7.717677209991962, 9.047563032945618, 9.153152964776382, 9.694535409798846, 9.812438021879643, 9.835197722772136]",5.0,2.0,4.081497468985616,,,35,1,2020_Jan_22_1618,FaceNameBlocked_revised,3.0.0,84.42283262004604,,5.8699643
0,,,,,,,,,,,,,,,,,,,,,,,,,,,,,,space,32.79428619099781,,,,,,,,,,,,35,1,2020_Jan_22_1618,FaceNameBlocked_revised,3.0.0,84.42283262004604,,NaN
121,,,,,,,,,,,,,,,,,,,,,,,,,,,,,,,,,,,,,,,,,space,2690.09271515999,35,1,2020_Jan_22_1618,FaceNameBlocked_revised,3.0.0,84.42283262004604,,NaN
