,condsBlockFile,Video,Photo,Name,Row,Gender,N1,N2,N3,N4,N5,N6,N7,N8,N9,N10,Row2,blocks.thisRepN,blocks.thisTrialN,blocks.thisN,blocks.thisIndex,presentations.thisRepN,presentations.thisTrialN,presentations.thisN,presentations.thisIndex,testing.thisRepN,testing.thisTrialN,testing.thisN,testing.thisIndex,advance_1.keys,advance_1.rt,currentCond,advance_2.keys,advance_2.rt,inputText,key_resp_3.keys,key_resp_3.rt,correctRecogSelection,keyResponse.keys,keyResponse.rt,end_key.keys,end_key.rt,participant,session,date,expName,psychopyVersion,frameRate,Unnamed: 48,key_resp3_fin
70,Male3Block.csv,Aaron2.mp4,Aaron.JPG,Aaron,30.0,M,Timothy,Trevor,David,Aaron,Steven,Adam,Noah,Josh,Brian,Matthew,3.0,0.0,3.0,3.0,5.0,0.0,9.0,9.0,3.0,,,,,,,0.0,,,,,,,,,,,36,1,2020_Jan_23_1659,FaceNameBlocked_revised,3.0.0,75.02219177697381,,NaN
78,Male3Block.csv,Aaron2.mp4,Aaron.JPG,Aaron,30.0,M,Timothy,Trevor,David,Aaron,Steven,Adam,Noah,Josh,Brian,Matthew,3.0,0.0,3.0,3.0,5.0,,,,,0.0,7.0,7.0,3.0,,,,,, noah,"['n', 'o', 'a', 'h']","[1.9220026899129152, 2.189240710926242, 2.2955793949076906, 2.5218815479893237]",5.0,4.0,7.291311171953566,,,36,1,2020_Jan_23_1659,FaceNameBlocked_revised,3.0.0,75.02219177697381,,1.9220026
65,Male3Block.csv,Adam4.mp4,Adam.JPG,Adam,31.0,M,Timothy,Trevor,David,Aaron,Steven,Adam,Noah,Josh,Brian,Matthew,5.0,0.0,3.0,3.0,5.0,0.0,4.0,4.0,5.0,,,,,,,0.0,,,,,,,,,,,36,1,2020_Jan_23_1659,FaceNameBlocked_revised,3.0.0,75.02219177697381,,NaN
74,Male3Block.csv,Adam4.mp4,Adam.JPG,Adam,31.0,M,Timothy,Trevor,David,Aaron,Steven,Adam,Noah,Josh,Brian,Matthew,5.0,0.0,3.0,3.0,5.0,,,,,0.0,3.0,3.0,5.0,,,,,, adam,"['a', 'd', 'a', 'm', 'backslash']","[5.760175425908528, 5.906761113903485, 6.0539679049979895, 6.239792125998065, 6.904400120954961]",2.0,2.0,1.6286663559731096,,,36,1,2020_Jan_23_1659,FaceNameBlocked_revised,3.0.0,75.02219177697381,,5.7601754
26,Fem1Block.csv,Alyssa3.mp4,Alyssa.JPG,Alyssa,0.0,F,Emily,Shelby,Megan,Taylor,Sarah,Michelle,Brittany,Nicole,Alyssa,Amanda,8.0,0.0,1.0,1.0,0.0,0.0,5.0,5.0,8.0,,,,,,,0.0,,,,,,,,,,,36,1,2020_Jan_23_1659,FaceNameBlocked_revised,3.0.0,75.02219177697381,,NaN
35,Fem1Block.csv,Alyssa3.mp4,Alyssa.JPG,Alyssa,0.0,F,Emily,Shelby,Megan,Taylor,Sarah,Michelle,Brittany,Nicole,Alyssa,Amanda,8.0,0.0,1.0,1.0,0.0,,,,,0.0,4.0,4.0,8.0,,,,,, melissa,"['m', 'e', 'l', 'i', 's', 's', 'a']","[4.041409828001633, 4.2810865110950544, 4.534040532074869, 4.761286558001302, 4.920679774018936, 5.067638867069036, 5.387180090066977]",2.0,2.0,3.7203401370206852,,,36,1,2020_Jan_23_1659,FaceNameBlocked_revised,3.0.0,75.02219177697381,,4.0414098
39,Fem1Block.csv,Amanda3.mp4,Amanda.JPG,Amanda,1.0,F,Emily,Shelby,Megan,Taylor,Sarah,Michelle,Brittany,Nicole,Alyssa,Amanda,9.0,0.0,1.0,1.0,0.0,,,,,0.0,8.0,8.0,9.0,,,,,, emily,"['e', 'm', 'i', 'l', 'y']","[6.041034174035303, 6.280914508039132, 6.6410299759591, 6.907165365060791, 7.052125605056062]",3.0,1.0,4.095214055967517,,,36,1,2020_Jan_23_1659,FaceNameBlocked_revised,3.0.0,75.02219177697381,,6.0410341
24,Fem1Block.csv,Amanda3.mp4,Amanda.JPG,Amanda,1.0,F,Emily,Shelby,Megan,Taylor,Sarah,Michelle,Brittany,Nicole,Alyssa,Amanda,9.0,0.0,1.0,1.0,0.0,0.0,3.0,3.0,9.0,,,,,,,1.0,,,,,,,,,,,36,1,2020_Jan_23_1659,FaceNameBlocked_revised,3.0.0,75.02219177697381,,NaN
2,Male1Block.csv,Andrew2.mp4,Andrew.JPG,Andrew,32.0,M,Mark,Jason,Andrew,Tyler,Jacob,Eric,Justin,Bradley,Thomas,Jeremy,2.0,0.0,0.0,0.0,3.0,0.0,1.0,1.0,2.0,,,,,,,1.0,,,,,,,,,,,36,1,2020_Jan_23_1659,FaceNameBlocked_revised,3.0.0,75.02219177697381,,NaN
16,Male1Block.csv,Andrew2.mp4,Andrew.JPG,Andrew,32.0,M,Mark,Jason,Andrew,Tyler,Jacob,Eric,Justin,Bradley,Thomas,Jeremy,2.0,0.0,0.0,0.0,3.0,,,,,0.0,5.0,5.0,2.0,,,,,, kevin,"['k', 'e', 'v', 'i', 'n']","[8.799907746026292, 9.106300474028103, 9.504387628985569, 9.585750811034814, 9.839607896050438]",2.0,1.0,3.9077982039889316,,,36,1,2020_Jan_23_1659,FaceNameBlocked_revised,3.0.0,75.02219177697381,,8.7999077
94,Fem3Block.csv,Anna3.mp4,Anna.JPG,Anna,2.0,F,Natalie,Katie,Heather,Jessica,Julia,Grace,Lauren,Haley,Anna,Danielle,8.0,0.0,4.0,4.0,2.0,,,,,0.0,3.0,3.0,8.0,,,,,, alysa,"['a', 'l', 'y', 's', 'a']","[2.1355170760070905, 2.83980492700357, 3.18839841010049, 3.6012418949976563, 3.9075858080759645]",1.0,1.0,2.162009159103036,,,36,1,2020_Jan_23_1659,FaceNameBlocked_revised,3.0.0,75.02219177697381,,2.1355170
82,Fem3Block.csv,Anna3.mp4,Anna.JPG,Anna,2.0,F,Natalie,Katie,Heather,Jessica,Julia,Grace,Lauren,Haley,Anna,Danielle,8.0,0.0,4.0,4.0,2.0,0.0,1.0,1.0,8.0,,,,,,,0.0,,,,,,,,,,,36,1,2020_Jan_23_1659,FaceNameBlocked_revised,3.0.0,75.02219177697381,,NaN
118,Fem2Block.csv,Ashley3.mp4,Ashley.JPG,Ashley,3.0,F,Jenna,Ashley,Rebecca,Rachel,Kelsey,Kayla,Hannah,Courtney,Olivia,Brianna,1.0,0.0,5.0,5.0,1.0,,,,,0.0,7.0,7.0,1.0,,,,,, kelsey,"['k', 'e', 'l', 's', 'e', 'y']","[3.8947313990211114, 4.05443026300054, 4.294322849949822, 4.734245709027164, 4.934160219039768, 5.560624714009464]",5.0,5.0,3.7600116210523993,,,36,1,2020_Jan_23_1659,FaceNameBlocked_revised,3.0.0,75.02219177697381,,3.8947313
106,Fem2Block.csv,Ashley3.mp4,Ashley.JPG,Ashley,3.0,F,Jenna,Ashley,Rebecca,Rachel,Kelsey,Kayla,Hannah,Courtney,Olivia,Brianna,1.0,0.0,5.0,5.0,1.0,0.0,5.0,5.0,1.0,,,,,,,1.0,,,,,,,,,,,36,1,2020_Jan_23_1659,FaceNameBlocked_revised,3.0.0,75.02219177697381,,NaN
9,Male1Block.csv,Bradley3.mp4,Bradley.JPG,Bradley,33.0,M,Mark,Jason,Andrew,Tyler,Jacob,Eric,Justin,Bradley,Thomas,Jeremy,7.0,0.0,0.0,0.0,3.0,0.0,8.0,8.0,7.0,,,,,,,0.0,,,,,,,,,,,36,1,2020_Jan_23_1659,FaceNameBlocked_revised,3.0.0,75.02219177697381,,NaN
17,Male1Block.csv,Bradley3.mp4,Bradley.JPG,Bradley,33.0,M,Mark,Jason,Andrew,Tyler,Jacob,Eric,Justin,Bradley,Thomas,Jeremy,7.0,0.0,0.0,0.0,3.0,,,,,0.0,6.0,6.0,7.0,,,,,, ty,"['t', 'l', 'backspace', 'y', 'semicolon']","[8.386686827987432, 8.705633198958822, 9.185068677994423, 9.506224254961126, 9.705771456938237]",4.0,5.0,4.517975692055188,,,36,1,2020_Jan_23_1659,FaceNameBlocked_revised,3.0.0,75.02219177697381,,8.3866868
44,Male2Block.csv,Brandon2.mp4,Brandon.JPG,Brandon,34.0,M,Cody,Ethan,Caleb,Dylan,Nathan,Daniel,Kevin,Kyle,Brandon,Michael,8.0,0.0,2.0,2.0,4.0,0.0,3.0,3.0,8.0,,,,,,,0.0,,,,,,,,,,,36,1,2020_Jan_23_1659,FaceNameBlocked_revised,3.0.0,75.02219177697381,,NaN
53,Male2Block.csv,Brandon2.mp4,Brandon.JPG,Brandon,34.0,M,Cody,Ethan,Caleb,Dylan,Nathan,Daniel,Kevin,Kyle,Brandon,Michael,8.0,0.0,2.0,2.0,4.0,,,,,0.0,2.0,2.0,8.0,,,,,, brandon,"['b', 'r', 'a', 'n', 'd', 'o', 'n']","[1.7745381110580638, 2.094366493052803, 2.2942090400028974, 2.43890475097578, 2.5609662720235065, 2.7581979549722746, 3.0140528939664364]",4.0,4.0,2.29556594893802,,,36,1,2020_Jan_23_1659,FaceNameBlocked_revised,3.0.0,75.02219177697381,,1.7745381
79,Male3Block.csv,Brian2.mp4,Brian.JPG,Brian,35.0,M,Timothy,Trevor,David,Aaron,Steven,Adam,Noah,Josh,Brian,Matthew,8.0,0.0,3.0,3.0,5.0,,,,,0.0,8.0,8.0,8.0,,,,,, timothy,"['t', 'i', 'comma', 'comma', 'm', 'o', 't', 'h', 'y']","[4.454079197021201, 4.533355187042616, 5.067442834959365, 5.973034193972126, 6.693093313020654, 7.597979426966049, 7.972858763998374, 8.106891673989594, 8.599793753935955]",2.0,3.0,3.534850107971579,,,36,1,2020_Jan_23_1659,FaceNameBlocked_revised,3.0.0,75.02219177697381,,4.4540791
61,Male3Block.csv,Brian2.mp4,Brian.JPG,Brian,35.0,M,Timothy,Trevor,David,Aaron,Steven,Adam,Noah,Josh,Brian,Matthew,8.0,0.0,3.0,3.0,5.0,0.0,0.0,0.0,8.0,,,,,,,0.0,,,,,,,,,,,36,1,2020_Jan_23_1659,FaceNameBlocked_revised,3.0.0,75.02219177697381,,NaN
115,Fem2Block.csv,Brianna2.mp4,Brianna.JPG,Brianna,4.0,F,Jenna,Ashley,Rebecca,Rachel,Kelsey,Kayla,Hannah,Courtney,Olivia,Brianna,9.0,0.0,5.0,5.0,1.0,,,,,0.0,4.0,4.0,9.0,,,,,, brianna,"['b', 'r', 'i', 'a', 'm', 'm', 'a', 'backspace', 'backspace', 'backspace', 'n', 'n', 'a']","[2.6546844579279423, 3.373708678991534, 3.827643021941185, 4.174050156958401, 4.706755465012975, 4.906880554975942, 5.08066672203131, 6.012957504019141, 6.23989188298583, 6.372605839977041, 7.133090280927718, 7.3188464399427176, 7.519649591995403]",5.0,5.0,2.32072362897452,,,36,1,2020_Jan_23_1659,FaceNameBlocked_revised,3.0.0,75.02219177697381,,2.6546844
102,Fem2Block.csv,Brianna2.mp4,Brianna.JPG,Brianna,4.0,F,Jenna,Ashley,Rebecca,Rachel,Kelsey,Kayla,Hannah,Courtney,Olivia,Brianna,9.0,0.0,5.0,5.0,1.0,0.0,1.0,1.0,9.0,,,,,,,1.0,,,,,,,,,,,36,1,2020_Jan_23_1659,FaceNameBlocked_revised,3.0.0,75.02219177697381,,NaN
23,Fem1Block.csv,Brittany2.mp4,Brittany.JPG,Brittany,5.0,F,Emily,Shelby,Megan,Taylor,Sarah,Michelle,Brittany,Nicole,Alyssa,Amanda,6.0,0.0,1.0,1.0,0.0,0.0,2.0,2.0,6.0,,,,,,,0.0,,,,,,,,,,,36,1,2020_Jan_23_1659,FaceNameBlocked_revised,3.0.0,75.02219177697381,,NaN
36,Fem1Block.csv,Brittany2.mp4,Brittany.JPG,Brittany,5.0,F,Emily,Shelby,Megan,Taylor,Sarah,Michelle,Brittany,Nicole,Alyssa,Amanda,6.0,0.0,1.0,1.0,0.0,,,,,0.0,5.0,5.0,6.0,,,,,, britney,"['b', 'r', 'i', 't', 'n', 'e', 'y']","[3.201635216944851, 3.4014542299555615, 3.8017372209578753, 3.9207097529433668, 4.10573268996086, 4.254406685009599, 4.465622675954364]",1.0,1.0,1.8548314769286665,,,36,1,2020_Jan_23_1659,FaceNameBlocked_revised,3.0.0,75.02219177697381,,3.2016352
43,Male2Block.csv,Caleb5.mp4,Caleb.JPG,Caleb,36.0,M,Cody,Ethan,Caleb,Dylan,Nathan,Daniel,Kevin,Kyle,Brandon,Michael,2.0,0.0,2.0,2.0,4.0,0.0,2.0,2.0,2.0,,,,,,,1.0,,,,,,,,,,,36,1,2020_Jan_23_1659,FaceNameBlocked_revised,3.0.0,75.02219177697381,,NaN
60,Male2Block.csv,Caleb5.mp4,Caleb.JPG,Caleb,36.0,M,Cody,Ethan,Caleb,Dylan,Nathan,Daniel,Kevin,Kyle,Brandon,Michael,2.0,0.0,2.0,2.0,4.0,,,,,0.0,9.0,9.0,2.0,,,,,, kevin,"['k', 'e', 'v', 'i', 'n']","[4.748055140022188, 5.440802861005068, 6.747370338998735, 7.133888512966223, 7.5736484579974785]",2.0,3.0,1.71981734293513,,,36,1,2020_Jan_23_1659,FaceNameBlocked_revised,3.0.0,75.02219177697381,,4.7480551
59,Male2Block.csv,Cody2.mp4,Cody.JPG,Cody,37.0,M,Cody,Ethan,Caleb,Dylan,Nathan,Daniel,Kevin,Kyle,Brandon,Michael,0.0,0.0,2.0,2.0,4.0,,,,,0.0,8.0,8.0,0.0,,,,,, cody,"['c', 'o', 'd', 'y']","[3.1744987530400977, 3.720653873984702, 4.480342641938478, 4.694004219956696]",4.0,4.0,5.317572447005659,,,36,1,2020_Jan_23_1659,FaceNameBlocked_revised,3.0.0,75.02219177697381,,3.1744987
49,Male2Block.csv,Cody2.mp4,Cody.JPG,Cody,37.0,M,Cody,Ethan,Caleb,Dylan,Nathan,Daniel,Kevin,Kyle,Brandon,Michael,0.0,0.0,2.0,2.0,4.0,0.0,8.0,8.0,0.0,,,,,,,1.0,,,,,,,,,,,36,1,2020_Jan_23_1659,FaceNameBlocked_revised,3.0.0,75.02219177697381,,NaN
110,Fem2Block.csv,Courtney2.mp4,Courtney.JPG,Courtney,6.0,F,Jenna,Ashley,Rebecca,Rachel,Kelsey,Kayla,Hannah,Courtney,Olivia,Brianna,7.0,0.0,5.0,5.0,1.0,0.0,9.0,9.0,7.0,,,,,,,0.0,,,,,,,,,,,36,1,2020_Jan_23_1659,FaceNameBlocked_revised,3.0.0,75.02219177697381,,NaN
117,Fem2Block.csv,Courtney2.mp4,Courtney.JPG,Courtney,6.0,F,Jenna,Ashley,Rebecca,Rachel,Kelsey,Kayla,Hannah,Courtney,Olivia,Brianna,7.0,0.0,5.0,5.0,1.0,,,,,0.0,6.0,6.0,7.0,,,,,, court,"['c', 'o', 'u', 'r', 't', 'backspace', 'n', 'e', 'y', 'backspace', 'backspace', 'backspace', 't']","[2.5891790540190414, 3.0689606830710545, 3.534894798998721, 3.975026087020524, 4.268744016997516, 5.22746654401999, 5.694641691981815, 6.148017768980935, 6.440580458031036, 7.639995228033513, 8.120041997055523, 8.306279659969732, 9.039547006017528]",2.0,2.0,1.1219746730057525,,,36,1,2020_Jan_23_1659,FaceNameBlocked_revised,3.0.0,75.02219177697381,,2.5891790
57,Male2Block.csv,Daniel3.mp4,Daniel.JPG,Daniel,38.0,M,Cody,Ethan,Caleb,Dylan,Nathan,Daniel,Kevin,Kyle,Brandon,Michael,5.0,0.0,2.0,2.0,4.0,,,,,0.0,6.0,6.0,5.0,,,,,, ethan,"['t', 'h', 'a', 'n', 'backspace', 'backspace', 'backspace', 'backspace', 'e', 't', 'h', 'a', 'n']","[3.800925762974657, 3.9606612659990788, 4.094167751027271, 4.227125894045457, 4.733165206969716, 4.879826117074117, 5.012338574044406, 5.1463801469653845, 5.50639166100882, 5.772750311065465, 6.066823592060246, 6.332908218028024, 6.477953830966726]",1.0,5.0,7.052769288071432,,,36,1,2020_Jan_23_1659,FaceNameBlocked_revised,3.0.0,75.02219177697381,,3.8009257
46,Male2Block.csv,Daniel3.mp4,Daniel.JPG,Daniel,38.0,M,Cody,Ethan,Caleb,Dylan,Nathan,Daniel,Kevin,Kyle,Brandon,Michael,5.0,0.0,2.0,2.0,4.0,0.0,5.0,5.0,5.0,,,,,,,0.0,,,,,,,,,,,36,1,2020_Jan_23_1659,FaceNameBlocked_revised,3.0.0,75.02219177697381,,NaN
97,Fem3Block.csv,Danielle2.mp4,Danielle.JPG,Danielle,7.0,F,Natalie,Katie,Heather,Jessica,Julia,Grace,Lauren,Haley,Anna,Danielle,9.0,0.0,4.0,4.0,2.0,,,,,0.0,6.0,6.0,9.0,,,,,, julie,"['j', 'u', 'l', 'i', 'e']","[2.401467773015611, 2.5344764109468088, 2.7213129800511524, 2.934511973988265, 3.3875052969669923]",1.0,2.0,2.122086173971184,,,36,1,2020_Jan_23_1659,FaceNameBlocked_revised,3.0.0,75.02219177697381,,2.4014677
81,Fem3Block.csv,Danielle2.mp4,Danielle.JPG,Danielle,7.0,F,Natalie,Katie,Heather,Jessica,Julia,Grace,Lauren,Haley,Anna,Danielle,9.0,0.0,4.0,4.0,2.0,0.0,0.0,0.0,9.0,,,,,,,1.0,,,,,,,,,,,36,1,2020_Jan_23_1659,FaceNameBlocked_revised,3.0.0,75.02219177697381,,NaN
62,Male3Block.csv,David2.mp4,David.JPG,David,39.0,M,Timothy,Trevor,David,Aaron,Steven,Adam,Noah,Josh,Brian,Matthew,2.0,0.0,3.0,3.0,5.0,0.0,1.0,1.0,2.0,,,,,,,1.0,,,,,,,,,,,36,1,2020_Jan_23_1659,FaceNameBlocked_revised,3.0.0,75.02219177697381,,NaN
76,Male3Block.csv,David2.mp4,David.JPG,David,39.0,M,Timothy,Trevor,David,Aaron,Steven,Adam,Noah,Josh,Brian,Matthew,2.0,0.0,3.0,3.0,5.0,,,,,0.0,5.0,5.0,2.0,,,,,, anthony,"['a', 'n', 't', 'h', 'o', 'n', 'y']","[4.80097866395954, 5.240669749910012, 5.426841501961462, 5.7606221459573135, 6.866748425993137, 7.000367622007616, 7.439861477003433]",2.0,4.0,4.414023463963531,,,36,1,2020_Jan_23_1659,FaceNameBlocked_revised,3.0.0,75.02219177697381,,4.8009786
50,Male2Block.csv,Dylan3.mp4,Dylan.JPG,Dylan,40.0,M,Cody,Ethan,Caleb,Dylan,Nathan,Daniel,Kevin,Kyle,Brandon,Michael,3.0,0.0,2.0,2.0,4.0,0.0,9.0,9.0,3.0,,,,,,,0.0,,,,,,,,,,,36,1,2020_Jan_23_1659,FaceNameBlocked_revised,3.0.0,75.02219177697381,,NaN
56,Male2Block.csv,Dylan3.mp4,Dylan.JPG,Dylan,40.0,M,Cody,Ethan,Caleb,Dylan,Nathan,Daniel,Kevin,Kyle,Brandon,Michael,3.0,0.0,2.0,2.0,4.0,,,,,0.0,5.0,5.0,3.0,,,,,, nathan,"['n', 'a', 't', 'h', 'a', 'n']","[3.15929926908575, 3.268498455057852, 3.639672568999231, 3.7878473279997706, 3.9076994720380753, 4.081688578007743]",2.0,2.0,3.6006648039910942,,,36,1,2020_Jan_23_1659,FaceNameBlocked_revised,3.0.0,75.02219177697381,,3.1592992
40,Fem1Block.csv,Emily5.mp4,Emily.JPG,Emily,8.0,F,Emily,Shelby,Megan,Taylor,Sarah,Michelle,Brittany,Nicole,Alyssa,Amanda,0.0,0.0,1.0,1.0,0.0,,,,,0.0,9.0,9.0,0.0,,,,,, e,['e'],[9.719652303960174],3.0,4.0,4.907630497938953,,,36,1,2020_Jan_23_1659,FaceNameBlocked_revised,3.0.0,75.02219177697381,,9.7196523
22,Fem1Block.csv,Emily5.mp4,Emily.JPG,Emily,8.0,F,Emily,Shelby,Megan,Taylor,Sarah,Michelle,Brittany,Nicole,Alyssa,Amanda,0.0,0.0,1.0,1.0,0.0,0.0,1.0,1.0,0.0,,,,,,,1.0,,,,,,,,,,,36,1,2020_Jan_23_1659,FaceNameBlocked_revised,3.0.0,75.02219177697381,,NaN
11,Male1Block.csv,Eric2.mp4,Eric.JPG,Eric,41.0,M,Mark,Jason,Andrew,Tyler,Jacob,Eric,Justin,Bradley,Thomas,Jeremy,5.0,0.0,0.0,0.0,3.0,,,,,0.0,0.0,0.0,5.0,,,,space,13.971742736990564, kyle,"['k', 'y', 'l', 'r', 'backspace', 'e', 'return']","[6.093751320964657, 6.267323320033029, 6.466301365988329, 6.653766419040039, 7.146544108050875, 7.586669615004212, 9.291700139991008]",3.0,2.0,6.560358733986504,,,36,1,2020_Jan_23_1659,FaceNameBlocked_revised,3.0.0,75.02219177697381,,6.0937513
7,Male1Block.csv,Eric2.mp4,Eric.JPG,Eric,41.0,M,Mark,Jason,Andrew,Tyler,Jacob,Eric,Justin,Bradley,Thomas,Jeremy,5.0,0.0,0.0,0.0,3.0,0.0,6.0,6.0,5.0,,,,,,,0.0,,,,,,,,,,,36,1,2020_Jan_23_1659,FaceNameBlocked_revised,3.0.0,75.02219177697381,,NaN
42,Male2Block.csv,Ethan2.mp4,Ethan.JPG,Ethan,42.0,M,Cody,Ethan,Caleb,Dylan,Nathan,Daniel,Kevin,Kyle,Brandon,Michael,1.0,0.0,2.0,2.0,4.0,0.0,1.0,1.0,1.0,,,,,,,1.0,,,,,,,,,,,36,1,2020_Jan_23_1659,FaceNameBlocked_revised,3.0.0,75.02219177697381,,NaN
54,Male2Block.csv,Ethan2.mp4,Ethan.JPG,Ethan,42.0,M,Cody,Ethan,Caleb,Dylan,Nathan,Daniel,Kevin,Kyle,Brandon,Michael,1.0,0.0,2.0,2.0,4.0,,,,,0.0,3.0,3.0,1.0,,,,,, kyle ,"['k', 'y', 'l', 'r', 'backspace', 'e', 'space']","[3.707144924090244, 3.826944461092353, 3.9867441800888628, 4.1604756460292265, 5.03974052099511, 5.359964893083088, 6.026467904099263]",4.0,1.0,1.3874069169396537,,,36,1,2020_Jan_23_1659,FaceNameBlocked_revised,3.0.0,75.02219177697381,,3.7071449
88,Fem3Block.csv,Grace3.mp4,Grace.JPG,Grace,9.0,F,Natalie,Katie,Heather,Jessica,Julia,Grace,Lauren,Haley,Anna,Danielle,5.0,0.0,4.0,4.0,2.0,0.0,7.0,7.0,5.0,,,,,,,0.0,,,,,,,,,,,36,1,2020_Jan_23_1659,FaceNameBlocked_revised,3.0.0,75.02219177697381,,NaN
92,Fem3Block.csv,Grace3.mp4,Grace.JPG,Grace,9.0,F,Natalie,Katie,Heather,Jessica,Julia,Grace,Lauren,Haley,Anna,Danielle,5.0,0.0,4.0,4.0,2.0,,,,,0.0,1.0,1.0,5.0,,,,,, taylor,"['t', 'a', 'y', 'l', 'o', 'r']","[3.840650334022939, 4.12052932404913, 4.54458595905453, 5.21305244800169, 5.426962609984912, 5.866775308037177]",4.0,5.0,3.6145005540456623,,,36,1,2020_Jan_23_1659,FaceNameBlocked_revised,3.0.0,75.02219177697381,,3.8406503
96,Fem3Block.csv,Haley2.mp4,Haley.JPG,Haley,10.0,F,Natalie,Katie,Heather,Jessica,Julia,Grace,Lauren,Haley,Anna,Danielle,7.0,0.0,4.0,4.0,2.0,,,,,0.0,5.0,5.0,7.0,,,,,, halsey,"['h', 'a', 'l', 's', 'r', 'backspace', 'e', 'u', 'backspace', 'y']","[1.6153405050281435, 2.175303058931604, 2.679426452028565, 3.254942246945575, 3.4792605539551005, 4.560368277947418, 5.174256286933087, 6.14650122798048, 7.052933330996893, 7.693120333948173]",3.0,3.0,2.4813475121045485,,,36,1,2020_Jan_23_1659,FaceNameBlocked_revised,3.0.0,75.02219177697381,,1.6153405
90,Fem3Block.csv,Haley2.mp4,Haley.JPG,Haley,10.0,F,Natalie,Katie,Heather,Jessica,Julia,Grace,Lauren,Haley,Anna,Danielle,7.0,0.0,4.0,4.0,2.0,0.0,9.0,9.0,7.0,,,,,,,0.0,,,,,,,,,,,36,1,2020_Jan_23_1659,FaceNameBlocked_revised,3.0.0,75.02219177697381,,NaN
116,Fem2Block.csv,Hannah2.mp4,Hannah.JPG,Hannah,11.0,F,Jenna,Ashley,Rebecca,Rachel,Kelsey,Kayla,Hannah,Courtney,Olivia,Brianna,6.0,0.0,5.0,5.0,1.0,,,,,0.0,5.0,5.0,6.0,,,,,, olivia,"['o', 'l', 'i', 'v', 'i', 'a']","[4.681573675014079, 5.334494267008267, 5.774396404041909, 6.627772522973828, 7.346365656936541, 8.039819229044951]",2.0,5.0,6.693723472068085,,,36,1,2020_Jan_23_1659,FaceNameBlocked_revised,3.0.0,75.02219177697381,,4.6815736
103,Fem2Block.csv,Hannah2.mp4,Hannah.JPG,Hannah,11.0,F,Jenna,Ashley,Rebecca,Rachel,Kelsey,Kayla,Hannah,Courtney,Olivia,Brianna,6.0,0.0,5.0,5.0,1.0,0.0,2.0,2.0,6.0,,,,,,,0.0,,,,,,,,,,,36,1,2020_Jan_23_1659,FaceNameBlocked_revised,3.0.0,75.02219177697381,,NaN
93,Fem3Block.csv,Heather3.mp4,Heather.JPG,Heather,12.0,F,Natalie,Katie,Heather,Jessica,Julia,Grace,Lauren,Haley,Anna,Danielle,2.0,0.0,4.0,4.0,2.0,,,,,0.0,2.0,2.0,2.0,,,,,, heather,"['h', 'e', 'a', 't', 'h', 'r', 't', 'backspace', 'backspace', 'e', 'r']","[2.508564298041165, 3.6418019260745496, 3.98855714709498, 4.58802112902049, 5.148117209086195, 5.760620897053741, 6.067710605100729, 7.58632263506297, 7.906050944002345, 8.960393543005921, 9.333550811046734]",1.0,1.0,1.588472297065891,,,36,1,2020_Jan_23_1659,FaceNameBlocked_revised,3.0.0,75.02219177697381,,2.5085642
85,Fem3Block.csv,Heather3.mp4,Heather.JPG,Heather,12.0,F,Natalie,Katie,Heather,Jessica,Julia,Grace,Lauren,Haley,Anna,Danielle,2.0,0.0,4.0,4.0,2.0,0.0,4.0,4.0,2.0,,,,,,,1.0,,,,,,,,,,,36,1,2020_Jan_23_1659,FaceNameBlocked_revised,3.0.0,75.02219177697381,,NaN
13,Male1Block.csv,Jacob3.mp4,Jacob.JPG,Jacob,43.0,M,Mark,Jason,Andrew,Tyler,Jacob,Eric,Justin,Bradley,Thomas,Jeremy,4.0,0.0,0.0,0.0,3.0,,,,,0.0,2.0,2.0,4.0,,,,,, bradley,"['b', 'r', 'a', 'd', 'l', 'e', 'y', 'return']","[3.854381441953592, 4.254414372961037, 4.467422549962066, 4.718749742954969, 5.013866601977497, 5.159975484013557, 5.427326572011225, 6.2396785450400785]",2.0,2.0,9.411098356940784,,,36,1,2020_Jan_23_1659,FaceNameBlocked_revised,3.0.0,75.02219177697381,,3.8543814
10,Male1Block.csv,Jacob3.mp4,Jacob.JPG,Jacob,43.0,M,Mark,Jason,Andrew,Tyler,Jacob,Eric,Justin,Bradley,Thomas,Jeremy,4.0,0.0,0.0,0.0,3.0,0.0,9.0,9.0,4.0,,,,,,,1.0,,,,,,,,,,,36,1,2020_Jan_23_1659,FaceNameBlocked_revised,3.0.0,75.02219177697381,,NaN
18,Male1Block.csv,Jason4.mp4,Jason.JPG,Jason,44.0,M,Mark,Jason,Andrew,Tyler,Jacob,Eric,Justin,Bradley,Thomas,Jeremy,1.0,0.0,0.0,0.0,3.0,,,,,0.0,7.0,7.0,1.0,,,,,, ,None,,2.0,4.0,3.3750367760658264,,,36,1,2020_Jan_23_1659,FaceNameBlocked_revised,3.0.0,75.02219177697381,,NaN
4,Male1Block.csv,Jason4.mp4,Jason.JPG,Jason,44.0,M,Mark,Jason,Andrew,Tyler,Jacob,Eric,Justin,Bradley,Thomas,Jeremy,1.0,0.0,0.0,0.0,3.0,0.0,3.0,3.0,1.0,,,,,,,1.0,,,,,,,,,,,36,1,2020_Jan_23_1659,FaceNameBlocked_revised,3.0.0,75.02219177697381,,NaN
104,Fem2Block.csv,Jenna4.mp4,Jenna.JPG,Jenna,13.0,F,Jenna,Ashley,Rebecca,Rachel,Kelsey,Kayla,Hannah,Courtney,Olivia,Brianna,0.0,0.0,5.0,5.0,1.0,0.0,3.0,3.0,0.0,,,,,,,1.0,,,,,,,,,,,36,1,2020_Jan_23_1659,FaceNameBlocked_revised,3.0.0,75.02219177697381,,NaN
112,Fem2Block.csv,Jenna4.mp4,Jenna.JPG,Jenna,13.0,F,Jenna,Ashley,Rebecca,Rachel,Kelsey,Kayla,Hannah,Courtney,Olivia,Brianna,0.0,0.0,5.0,5.0,1.0,,,,,0.0,1.0,1.0,0.0,,,,,, rachel,"['r', 'a', 'c', 'h', 'e', 'l', 'return']","[4.401489903917536, 4.587762366980314, 4.7613780699903145, 4.921481693978421, 5.041185014997609, 6.574175839894451, 7.6664259230019525]",2.0,3.0,3.0267710509942845,,,36,1,2020_Jan_23_1659,FaceNameBlocked_revised,3.0.0,75.02219177697381,,4.4014899
19,Male1Block.csv,Jeremy2.mp4,Jeremy.JPG,Jeremy,45.0,M,Mark,Jason,Andrew,Tyler,Jacob,Eric,Justin,Bradley,Thomas,Jeremy,9.0,0.0,0.0,0.0,3.0,,,,,0.0,8.0,8.0,9.0,,,,,, bradley,"['c', 'o', 'backspace', 'backspace', 'b', 'r', 'a', 'd', 'e', 'backspace', 'l', 'e', 'y']","[3.0817933169892058, 3.4943142470438033, 4.173863730975427, 4.320356819080189, 4.987716739997268, 5.266571197076701, 5.440017916029319, 5.626501289079897, 6.000377112068236, 6.705718831042759, 6.987083986052312, 7.560385178076103, 7.76025574398227]",1.0,3.0,1.6956582020502535,,,36,1,2020_Jan_23_1659,FaceNameBlocked_revised,3.0.0,75.02219177697381,,3.0817933
8,Male1Block.csv,Jeremy2.mp4,Jeremy.JPG,Jeremy,45.0,M,Mark,Jason,Andrew,Tyler,Jacob,Eric,Justin,Bradley,Thomas,Jeremy,9.0,0.0,0.0,0.0,3.0,0.0,7.0,7.0,9.0,,,,,,,1.0,,,,,,,,,,,36,1,2020_Jan_23_1659,FaceNameBlocked_revised,3.0.0,75.02219177697381,,NaN
86,Fem3Block.csv,Jessica2.mp4,Jessica.JPG,Jessica,14.0,F,Natalie,Katie,Heather,Jessica,Julia,Grace,Lauren,Haley,Anna,Danielle,3.0,0.0,4.0,4.0,2.0,0.0,5.0,5.0,3.0,,,,,,,0.0,,,,,,,,,,,36,1,2020_Jan_23_1659,FaceNameBlocked_revised,3.0.0,75.02219177697381,,NaN
99,Fem3Block.csv,Jessica2.mp4,Jessica.JPG,Jessica,14.0,F,Natalie,Katie,Heather,Jessica,Julia,Grace,Lauren,Haley,Anna,Danielle,3.0,0.0,4.0,4.0,2.0,,,,,0.0,8.0,8.0,3.0,,,,,, julia,"['l', 'u', 'backspace', 'backspace', 'j', 'u', 'l', 'i', 'a']","[3.1605483889579773, 3.4812245860230178, 4.533736950950697, 4.693784784991294, 5.2940335320308805, 5.720256922999397, 6.373816139064729, 6.800287151010707, 7.346589116030373]",4.0,1.0,7.519962555030362,,,36,1,2020_Jan_23_1659,FaceNameBlocked_revised,3.0.0,75.02219177697381,,3.1605483
75,Male3Block.csv,Josh3.mp4,Josh.JPG,Josh,46.0,M,Timothy,Trevor,David,Aaron,Steven,Adam,Noah,Josh,Brian,Matthew,7.0,0.0,3.0,3.0,5.0,,,,,0.0,4.0,4.0,7.0,,,,,, josh,"['j', 'o', 's', 'b', 'backspace', 'h']","[1.3218357870355248, 1.7616594369756058, 1.9216250480385497, 2.188410546979867, 2.893842409015633, 3.427273044944741]",1.0,1.0,1.9739266950637104,,,36,1,2020_Jan_23_1659,FaceNameBlocked_revised,3.0.0,75.02219177697381,,1.3218357
67,Male3Block.csv,Josh3.mp4,Josh.JPG,Josh,46.0,M,Timothy,Trevor,David,Aaron,Steven,Adam,Noah,Josh,Brian,Matthew,7.0,0.0,3.0,3.0,5.0,0.0,6.0,6.0,7.0,,,,,,,0.0,,,,,,,,,,,36,1,2020_Jan_23_1659,FaceNameBlocked_revised,3.0.0,75.02219177697381,,NaN
98,Fem3Block.csv,Julia2.mp4,Julia.JPG,Julia,15.0,F,Natalie,Katie,Heather,Jessica,Julia,Grace,Lauren,Haley,Anna,Danielle,4.0,0.0,4.0,4.0,2.0,,,,,0.0,7.0,7.0,4.0,,,,,, ,None,,5.0,4.0,4.147888880921529,,,36,1,2020_Jan_23_1659,FaceNameBlocked_revised,3.0.0,75.02219177697381,,NaN
84,Fem3Block.csv,Julia2.mp4,Julia.JPG,Julia,15.0,F,Natalie,Katie,Heather,Jessica,Julia,Grace,Lauren,Haley,Anna,Danielle,4.0,0.0,4.0,4.0,2.0,0.0,3.0,3.0,4.0,,,,,,,1.0,,,,,,,,,,,36,1,2020_Jan_23_1659,FaceNameBlocked_revised,3.0.0,75.02219177697381,,NaN
1,Male1Block.csv,Justin2.mp4,Justin.JPG,Justin,47.0,M,Mark,Jason,Andrew,Tyler,Jacob,Eric,Justin,Bradley,Thomas,Jeremy,6.0,0.0,0.0,0.0,3.0,0.0,0.0,0.0,6.0,,,,,,,0.0,,,,,,,,,,,36,1,2020_Jan_23_1659,FaceNameBlocked_revised,3.0.0,75.02219177697381,,NaN
14,Male1Block.csv,Justin2.mp4,Justin.JPG,Justin,47.0,M,Mark,Jason,Andrew,Tyler,Jacob,Eric,Justin,Bradley,Thomas,Jeremy,6.0,0.0,0.0,0.0,3.0,,,,,0.0,3.0,3.0,6.0,,,,,, mathew,"['m', 'a', 't', 'h', 'e', 'w']","[3.6147895109606907, 3.815381253953092, 4.267992298002355, 5.7345826890086755, 5.987168536987156, 6.146028219955042]",1.0,4.0,6.853515494032763,,,36,1,2020_Jan_23_1659,FaceNameBlocked_revised,3.0.0,75.02219177697381,,3.6147895
91,Fem3Block.csv,Katie2.mp4,Katie.JPG,Katie,16.0,F,Natalie,Katie,Heather,Jessica,Julia,Grace,Lauren,Haley,Anna,Danielle,1.0,0.0,4.0,4.0,2.0,,,,,0.0,0.0,0.0,1.0,,,,space,3.6146162869408727, kate,"['k', 'a', 't', 'e']","[5.947420884971507, 6.320146074984223, 6.974023128976114, 7.160337487002835]",4.0,4.0,3.1355142869288097,,,36,1,2020_Jan_23_1659,FaceNameBlocked_revised,3.0.0,75.02219177697381,,5.9474208
83,Fem3Block.csv,Katie2.mp4,Katie.JPG,Katie,16.0,F,Natalie,Katie,Heather,Jessica,Julia,Grace,Lauren,Haley,Anna,Danielle,1.0,0.0,4.0,4.0,2.0,0.0,2.0,2.0,1.0,,,,,,,1.0,,,,,,,,,,,36,1,2020_Jan_23_1659,FaceNameBlocked_revised,3.0.0,75.02219177697381,,NaN
101,Fem2Block.csv,Kayla3.mp4,Kayla.JPG,Kayla,17.0,F,Jenna,Ashley,Rebecca,Rachel,Kelsey,Kayla,Hannah,Courtney,Olivia,Brianna,5.0,0.0,5.0,5.0,1.0,0.0,0.0,0.0,5.0,,,,,,,0.0,,,,,,,,,,,36,1,2020_Jan_23_1659,FaceNameBlocked_revised,3.0.0,75.02219177697381,,NaN
119,Fem2Block.csv,Kayla3.mp4,Kayla.JPG,Kayla,17.0,F,Jenna,Ashley,Rebecca,Rachel,Kelsey,Kayla,Hannah,Courtney,Olivia,Brianna,5.0,0.0,5.0,5.0,1.0,,,,,0.0,8.0,8.0,5.0,,,,,, hannah,"['h', 'a', 'n', 'n', 'a', 'g', 'backspace', 'h']","[3.4549526689806953, 4.36171726800967, 4.641568330000155, 4.878951366990805, 4.934724926948547, 5.374734590994194, 6.838708807947114, 7.453487891005352]",4.0,5.0,2.9486545890104026,,,36,1,2020_Jan_23_1659,FaceNameBlocked_revised,3.0.0,75.02219177697381,,3.4549526
105,Fem2Block.csv,Kelsey2.mp4,Kelsey.JPG,Kelsey,18.0,F,Jenna,Ashley,Rebecca,Rachel,Kelsey,Kayla,Hannah,Courtney,Olivia,Brianna,4.0,0.0,5.0,5.0,1.0,0.0,4.0,4.0,4.0,,,,,,,1.0,,,,,,,,,,,36,1,2020_Jan_23_1659,FaceNameBlocked_revised,3.0.0,75.02219177697381,,NaN
113,Fem2Block.csv,Kelsey2.mp4,Kelsey.JPG,Kelsey,18.0,F,Jenna,Ashley,Rebecca,Rachel,Kelsey,Kayla,Hannah,Courtney,Olivia,Brianna,4.0,0.0,5.0,5.0,1.0,,,,,0.0,2.0,2.0,4.0,,,,,, kayla,"['k', 'a', 'y', 'l', 'a']","[2.95988972496707, 3.3862469010055065, 3.6907107660081238, 4.1585142239928246, 4.918700629961677]",1.0,1.0,1.5089277619263155,,,36,1,2020_Jan_23_1659,FaceNameBlocked_revised,3.0.0,75.02219177697381,,2.9598897
47,Male2Block.csv,Kevin2.mp4,Kevin.JPG,Kevin,48.0,M,Cody,Ethan,Caleb,Dylan,Nathan,Daniel,Kevin,Kyle,Brandon,Michael,6.0,0.0,2.0,2.0,4.0,0.0,6.0,6.0,6.0,,,,,,,0.0,,,,,,,,,,,36,1,2020_Jan_23_1659,FaceNameBlocked_revised,3.0.0,75.02219177697381,,NaN
51,Male2Block.csv,Kevin2.mp4,Kevin.JPG,Kevin,48.0,M,Cody,Ethan,Caleb,Dylan,Nathan,Daniel,Kevin,Kyle,Brandon,Michael,6.0,0.0,2.0,2.0,4.0,,,,,0.0,0.0,0.0,6.0,,,,space,16.464183134958148, kyle ,"['n', 'backspace', 'k', 'y', 'l', 'e', 'return', 'space']","[2.6818174599902704, 4.120671644923277, 5.454439815948717, 5.601333388010971, 5.734527036896907, 5.86751316790469, 6.212981805903837, 6.773237671935931]",5.0,3.0,5.188067919109017,,,36,1,2020_Jan_23_1659,FaceNameBlocked_revised,3.0.0,75.02219177697381,,2.6818174
45,Male2Block.csv,Kyle3.mp4,Kyle.JPG,Kyle,49.0,M,Cody,Ethan,Caleb,Dylan,Nathan,Daniel,Kevin,Kyle,Brandon,Michael,7.0,0.0,2.0,2.0,4.0,0.0,4.0,4.0,7.0,,,,,,,0.0,,,,,,,,,,,36,1,2020_Jan_23_1659,FaceNameBlocked_revised,3.0.0,75.02219177697381,,NaN
55,Male2Block.csv,Kyle3.mp4,Kyle.JPG,Kyle,49.0,M,Cody,Ethan,Caleb,Dylan,Nathan,Daniel,Kevin,Kyle,Brandon,Michael,7.0,0.0,2.0,2.0,4.0,,,,,0.0,4.0,4.0,7.0,,,,,, cody,"['c', 'o', 'd', 'y']","[5.0542545430362225, 5.254100457997993, 5.400905683054589, 5.680842036032118]",3.0,3.0,2.947876303922385,,,36,1,2020_Jan_23_1659,FaceNameBlocked_revised,3.0.0,75.02219177697381,,5.0542545
95,Fem3Block.csv,Lauren4.mp4,Lauren.JPG,Lauren,19.0,F,Natalie,Katie,Heather,Jessica,Julia,Grace,Lauren,Haley,Anna,Danielle,6.0,0.0,4.0,4.0,2.0,,,,,0.0,4.0,4.0,6.0,,,,,, grace,"['g', 'r', 'a', 'c', 'e']","[5.786788323079236, 6.040348106063902, 6.320602335035801, 7.520547174033709, 7.800343286013231]",2.0,3.0,2.6528949210187416,,,36,1,2020_Jan_23_1659,FaceNameBlocked_revised,3.0.0,75.02219177697381,,5.7867883
89,Fem3Block.csv,Lauren4.mp4,Lauren.JPG,Lauren,19.0,F,Natalie,Katie,Heather,Jessica,Julia,Grace,Lauren,Haley,Anna,Danielle,6.0,0.0,4.0,4.0,2.0,0.0,8.0,8.0,6.0,,,,,,,0.0,,,,,,,,,,,36,1,2020_Jan_23_1659,FaceNameBlocked_revised,3.0.0,75.02219177697381,,NaN
5,Male1Block.csv,Mark3.mp4,Mark.JPG,Mark,50.0,M,Mark,Jason,Andrew,Tyler,Jacob,Eric,Justin,Bradley,Thomas,Jeremy,0.0,0.0,0.0,0.0,3.0,0.0,4.0,4.0,0.0,,,,,,,1.0,,,,,,,,,,,36,1,2020_Jan_23_1659,FaceNameBlocked_revised,3.0.0,75.02219177697381,,NaN
12,Male1Block.csv,Mark3.mp4,Mark.JPG,Mark,50.0,M,Mark,Jason,Andrew,Tyler,Jacob,Eric,Justin,Bradley,Thomas,Jeremy,0.0,0.0,0.0,0.0,3.0,,,,,0.0,1.0,1.0,0.0,,,,,, kenny ,"['k', 'e', 'n', 'n', 'y', 'return', 'space']","[2.8398518710164353, 3.015140585019253, 3.199770902050659, 3.361882018041797, 3.561696110991761, 5.933892937959172, 6.574102162965573]",4.0,2.0,6.427318328991532,,,36,1,2020_Jan_23_1659,FaceNameBlocked_revised,3.0.0,75.02219177697381,,2.8398518
68,Male3Block.csv,Matthew2.mp4,Matthew.JPG,Matthew,51.0,M,Timothy,Trevor,David,Aaron,Steven,Adam,Noah,Josh,Brian,Matthew,9.0,0.0,3.0,3.0,5.0,0.0,7.0,7.0,9.0,,,,,,,1.0,,,,,,,,,,,36,1,2020_Jan_23_1659,FaceNameBlocked_revised,3.0.0,75.02219177697381,,NaN
73,Male3Block.csv,Matthew2.mp4,Matthew.JPG,Matthew,51.0,M,Timothy,Trevor,David,Aaron,Steven,Adam,Noah,Josh,Brian,Matthew,9.0,0.0,3.0,3.0,5.0,,,,,0.0,2.0,2.0,9.0,,,,,, matthew,"['m', 'a', 't', 't', 'h', 'e', 'w']","[2.2285097800195217, 3.2808270530076697, 3.6547317830845714, 4.601128083071671, 4.8807735160226, 5.000564724090509, 5.373709887033328]",1.0,1.0,1.748888373025693,,,36,1,2020_Jan_23_1659,FaceNameBlocked_revised,3.0.0,75.02219177697381,,2.2285097
21,Fem1Block.csv,Megan2.mp4,Megan.JPG,Megan,20.0,F,Emily,Shelby,Megan,Taylor,Sarah,Michelle,Brittany,Nicole,Alyssa,Amanda,2.0,0.0,1.0,1.0,0.0,0.0,0.0,0.0,2.0,,,,,,,1.0,,,,,,,,,,,36,1,2020_Jan_23_1659,FaceNameBlocked_revised,3.0.0,75.02219177697381,,NaN
34,Fem1Block.csv,Megan2.mp4,Megan.JPG,Megan,20.0,F,Emily,Shelby,Megan,Taylor,Sarah,Michelle,Brittany,Nicole,Alyssa,Amanda,2.0,0.0,1.0,1.0,0.0,,,,,0.0,3.0,3.0,2.0,,,,,, nicole,"['n', 'i', 'c', 'o', 'l', 'e']","[1.787903880001977, 2.054754845914431, 2.228527915896848, 2.3478234380017966, 2.548204230959527, 2.64227575995028]",1.0,5.0,1.5889070719713343,,,36,1,2020_Jan_23_1659,FaceNameBlocked_revised,3.0.0,75.02219177697381,,1.7879038
58,Male2Block.csv,Michael2.mp4,Michael.JPG,Michael,52.0,M,Cody,Ethan,Caleb,Dylan,Nathan,Daniel,Kevin,Kyle,Brandon,Michael,9.0,0.0,2.0,2.0,4.0,,,,,0.0,7.0,7.0,9.0,,,,,, kevin,"['k', 'e', 'i', 'v', 'n', 'backspace', 'backspace', 'backspace', 'v', 'i', 'n']","[3.6017201439244673, 3.854659406002611, 4.425841636955738, 4.50579912296962, 5.1871079239062965, 5.545575106982142, 5.705387245980091, 5.8794836949091405, 6.120265664998442, 6.267536401981488, 6.467187994974665]",4.0,2.0,7.080030775046907,,,36,1,2020_Jan_23_1659,FaceNameBlocked_revised,3.0.0,75.02219177697381,,3.6017201
48,Male2Block.csv,Michael2.mp4,Michael.JPG,Michael,52.0,M,Cody,Ethan,Caleb,Dylan,Nathan,Daniel,Kevin,Kyle,Brandon,Michael,9.0,0.0,2.0,2.0,4.0,0.0,7.0,7.0,9.0,,,,,,,1.0,,,,,,,,,,,36,1,2020_Jan_23_1659,FaceNameBlocked_revised,3.0.0,75.02219177697381,,NaN
25,Fem1Block.csv,Michelle2.mp4,Michelle.JPG,Michelle,21.0,F,Emily,Shelby,Megan,Taylor,Sarah,Michelle,Brittany,Nicole,Alyssa,Amanda,5.0,0.0,1.0,1.0,0.0,0.0,4.0,4.0,5.0,,,,,,,0.0,,,,,,,,,,,36,1,2020_Jan_23_1659,FaceNameBlocked_revised,3.0.0,75.02219177697381,,NaN
37,Fem1Block.csv,Michelle2.mp4,Michelle.JPG,Michelle,21.0,F,Emily,Shelby,Megan,Taylor,Sarah,Michelle,Brittany,Nicole,Alyssa,Amanda,5.0,0.0,1.0,1.0,0.0,,,,,0.0,6.0,6.0,5.0,,,,,, melissa,"['m', 'e', 'l', 'i', 's', 's', 'a']","[2.90800657204818, 3.065897147054784, 3.254156854003668, 3.4946534350747243, 3.7213592840125784, 3.9080272710416466, 4.0410906210308895]",1.0,1.0,5.573518036981113,,,36,1,2020_Jan_23_1659,FaceNameBlocked_revised,3.0.0,75.02219177697381,,2.9080065
87,Fem3Block.csv,Natalie3.mp4,Natalie.JPG,Natalie,22.0,F,Natalie,Katie,Heather,Jessica,Julia,Grace,Lauren,Haley,Anna,Danielle,0.0,0.0,4.0,4.0,2.0,0.0,6.0,6.0,0.0,,,,,,,1.0,,,,,,,,,,,36,1,2020_Jan_23_1659,FaceNameBlocked_revised,3.0.0,75.02219177697381,,NaN
100,Fem3Block.csv,Natalie3.mp4,Natalie.JPG,Natalie,22.0,F,Natalie,Katie,Heather,Jessica,Julia,Grace,Lauren,Haley,Anna,Danielle,0.0,0.0,4.0,4.0,2.0,,,,,0.0,9.0,9.0,0.0,,,,,, natali,"['n', 'a', 't', 'a', 'l', 'i']","[6.386762295966037, 7.439635148039088, 8.172381507931277, 8.39950365794357, 9.250678151962347, 9.809779805014841]",1.0,1.0,1.5214450610801578,,,36,1,2020_Jan_23_1659,FaceNameBlocked_revised,3.0.0,75.02219177697381,,6.3867622
41,Male2Block.csv,Nathan3.mp4,Nathan.JPG,Nathan,53.0,M,Cody,Ethan,Caleb,Dylan,Nathan,Daniel,Kevin,Kyle,Brandon,Michael,4.0,0.0,2.0,2.0,4.0,0.0,0.0,0.0,4.0,,,,,,,1.0,,,,,,,,,,,36,1,2020_Jan_23_1659,FaceNameBlocked_revised,3.0.0,75.02219177697381,,NaN
52,Male2Block.csv,Nathan3.mp4,Nathan.JPG,Nathan,53.0,M,Cody,Ethan,Caleb,Dylan,Nathan,Daniel,Kevin,Kyle,Brandon,Michael,4.0,0.0,2.0,2.0,4.0,,,,,0.0,1.0,1.0,4.0,,,,,, caleb,"['c', 'a', 'l', 'e', 'b']","[5.292068876908161, 5.466799107962288, 5.867287338012829, 6.106545756920241, 6.280285020940937]",2.0,3.0,2.455340435029939,,,36,1,2020_Jan_23_1659,FaceNameBlocked_revised,3.0.0,75.02219177697381,,5.2920688
31,Fem1Block.csv,Nicole2.mp4,Nicole.JPG,Nicole,23.0,F,Emily,Shelby,Megan,Taylor,Sarah,Michelle,Brittany,Nicole,Alyssa,Amanda,7.0,0.0,1.0,1.0,0.0,,,,,0.0,0.0,0.0,7.0,,,,space,4.748332603019662, nicole ,"['n', 'i', 'c', 'o', 'l', 'e', 'space']","[1.4291386859258637, 1.6553408579202369, 1.7885889819590375, 1.947595041943714, 2.1618504399666563, 2.268175212899223, 2.6409671319415793]",5.0,5.0,2.375408385065384,,,36,1,2020_Jan_23_1659,FaceNameBlocked_revised,3.0.0,75.02219177697381,,1.4291386
29,Fem1Block.csv,Nicole2.mp4,Nicole.JPG,Nicole,23.0,F,Emily,Shelby,Megan,Taylor,Sarah,Michelle,Brittany,Nicole,Alyssa,Amanda,7.0,0.0,1.0,1.0,0.0,0.0,8.0,8.0,7.0,,,,,,,0.0,,,,,,,,,,,36,1,2020_Jan_23_1659,FaceNameBlocked_revised,3.0.0,75.02219177697381,,NaN
71,Male3Block.csv,Noah2.mp4,Noah.JPG,Noah,54.0,M,Timothy,Trevor,David,Aaron,Steven,Adam,Noah,Josh,Brian,Matthew,6.0,0.0,3.0,3.0,5.0,,,,,0.0,0.0,0.0,6.0,,,,space,7.373640652047469, josh ,"['j', 'o', 's', 'h', 'space']","[3.4808383650379255, 3.6808633420150727, 4.014933201018721, 4.681195445009507, 5.640866255038418]",5.0,2.0,1.7489494120236486,,,36,1,2020_Jan_23_1659,FaceNameBlocked_revised,3.0.0,75.02219177697381,,3.4808383
66,Male3Block.csv,Noah2.mp4,Noah.JPG,Noah,54.0,M,Timothy,Trevor,David,Aaron,Steven,Adam,Noah,Josh,Brian,Matthew,6.0,0.0,3.0,3.0,5.0,0.0,5.0,5.0,6.0,,,,,,,0.0,,,,,,,,,,,36,1,2020_Jan_23_1659,FaceNameBlocked_revised,3.0.0,75.02219177697381,,NaN
111,Fem2Block.csv,Olivia3.mp4,Olivia.JPG,Olivia,24.0,F,Jenna,Ashley,Rebecca,Rachel,Kelsey,Kayla,Hannah,Courtney,Olivia,Brianna,8.0,0.0,5.0,5.0,1.0,,,,,0.0,0.0,0.0,8.0,,,,space,1.8157477899221703, hannah,"['h', 'a', 'n', 'n', 'a', 'h']","[5.627609918010421, 5.787674625986256, 5.894582998007536, 6.000553257064894, 6.05350493802689, 6.160504988045432]",4.0,1.0,1.4018628490157423,,,36,1,2020_Jan_23_1659,FaceNameBlocked_revised,3.0.0,75.02219177697381,,5.6276099
107,Fem2Block.csv,Olivia3.mp4,Olivia.JPG,Olivia,24.0,F,Jenna,Ashley,Rebecca,Rachel,Kelsey,Kayla,Hannah,Courtney,Olivia,Brianna,8.0,0.0,5.0,5.0,1.0,0.0,6.0,6.0,8.0,,,,,,,0.0,,,,,,,,,,,36,1,2020_Jan_23_1659,FaceNameBlocked_revised,3.0.0,75.02219177697381,,NaN
109,Fem2Block.csv,Rachel3.mp4,Rachel.JPG,Rachel,25.0,F,Jenna,Ashley,Rebecca,Rachel,Kelsey,Kayla,Hannah,Courtney,Olivia,Brianna,3.0,0.0,5.0,5.0,1.0,0.0,8.0,8.0,3.0,,,,,,,0.0,,,,,,,,,,,36,1,2020_Jan_23_1659,FaceNameBlocked_revised,3.0.0,75.02219177697381,,NaN
114,Fem2Block.csv,Rachel3.mp4,Rachel.JPG,Rachel,25.0,F,Jenna,Ashley,Rebecca,Rachel,Kelsey,Kayla,Hannah,Courtney,Olivia,Brianna,3.0,0.0,5.0,5.0,1.0,,,,,0.0,3.0,3.0,3.0,,,,,, taylo,"['t', 'a', 'y', 'l', 'o']","[6.507141413050704, 6.973527970025316, 8.093173236004077, 8.586153896991163, 8.97262010909617]",3.0,1.0,2.4803965309401974,,,36,1,2020_Jan_23_1659,FaceNameBlocked_revised,3.0.0,75.02219177697381,,6.5071414
108,Fem2Block.csv,Rebecca3.mp4,Rebecca.JPG,Rebecca,26.0,F,Jenna,Ashley,Rebecca,Rachel,Kelsey,Kayla,Hannah,Courtney,Olivia,Brianna,2.0,0.0,5.0,5.0,1.0,0.0,7.0,7.0,2.0,,,,,,,1.0,,,,,,,,,,,36,1,2020_Jan_23_1659,FaceNameBlocked_revised,3.0.0,75.02219177697381,,NaN
120,Fem2Block.csv,Rebecca3.mp4,Rebecca.JPG,Rebecca,26.0,F,Jenna,Ashley,Rebecca,Rachel,Kelsey,Kayla,Hannah,Courtney,Olivia,Brianna,2.0,0.0,5.0,5.0,1.0,,,,,0.0,9.0,9.0,2.0,,,,,, kayla,"['k', 'a', 'y', 'l', 'a']","[4.066322067985311, 5.465925435069948, 6.2936653409851715, 8.57351431704592, 9.561104861088097]",5.0,1.0,2.0527024989714846,,,36,1,2020_Jan_23_1659,FaceNameBlocked_revised,3.0.0,75.02219177697381,,4.0663220
28,Fem1Block.csv,Sarah2.mp4,Sarah.JPG,Sarah,27.0,F,Emily,Shelby,Megan,Taylor,Sarah,Michelle,Brittany,Nicole,Alyssa,Amanda,4.0,0.0,1.0,1.0,0.0,0.0,7.0,7.0,4.0,,,,,,,1.0,,,,,,,,,,,36,1,2020_Jan_23_1659,FaceNameBlocked_revised,3.0.0,75.02219177697381,,NaN
38,Fem1Block.csv,Sarah2.mp4,Sarah.JPG,Sarah,27.0,F,Emily,Shelby,Megan,Taylor,Sarah,Michelle,Brittany,Nicole,Alyssa,Amanda,4.0,0.0,1.0,1.0,0.0,,,,,0.0,7.0,7.0,4.0,,,,,, samman,"['t', 'a', 'y', 'backspace', 'f11', 'backspace', 'backspace', 's', 'a', 'm', 'm', 'a', 'n']","[3.1750412629917264, 3.334528329083696, 3.5214457800611854, 4.31980736204423, 4.346538013080135, 4.506992900045589, 4.613591190078296, 4.920753885991871, 5.133721327059902, 5.360339696984738, 8.87963178602513, 8.972928410978056, 9.719057999085635]",1.0,1.0,1.6281867598881945,,,36,1,2020_Jan_23_1659,FaceNameBlocked_revised,3.0.0,75.02219177697381,,3.1750412
27,Fem1Block.csv,Shelby2.mp4,Shelby.JPG,Shelby,28.0,F,Emily,Shelby,Megan,Taylor,Sarah,Michelle,Brittany,Nicole,Alyssa,Amanda,1.0,0.0,1.0,1.0,0.0,0.0,6.0,6.0,1.0,,,,,,,1.0,,,,,,,,,,,36,1,2020_Jan_23_1659,FaceNameBlocked_revised,3.0.0,75.02219177697381,,NaN
32,Fem1Block.csv,Shelby2.mp4,Shelby.JPG,Shelby,28.0,F,Emily,Shelby,Megan,Taylor,Sarah,Michelle,Brittany,Nicole,Alyssa,Amanda,1.0,0.0,1.0,1.0,0.0,,,,,0.0,1.0,1.0,1.0,,,,,, shelby ,"['s', 'h', 'e', 'l', 'b', 'y', 'space']","[1.9618157849181443, 2.215499378973618, 2.441889869980514, 2.6154331360012293, 2.815496610943228, 3.202045658021234, 4.254260038957]",5.0,5.0,3.2278016029158607,,,36,1,2020_Jan_23_1659,FaceNameBlocked_revised,3.0.0,75.02219177697381,,1.9618157
77,Male3Block.csv,Steven2.mp4,Steven.JPG,Steven,55.0,M,Timothy,Trevor,David,Aaron,Steven,Adam,Noah,Josh,Brian,Matthew,4.0,0.0,3.0,3.0,5.0,,,,,0.0,6.0,6.0,4.0,,,,,, stevek,"['s', 't', 'e', 'v', 'e', 'slash', 'slash', 'k', 'r', 'b', 'backspace', 'backspace', 'r', 'backspace']","[2.761140084010549, 2.987296890001744, 3.1609827420907095, 3.307054565055296, 3.4268103720387444, 4.427117694052868, 5.732621731003746, 6.572576628066599, 6.6663599230814725, 6.932847072021104, 7.798244950012304, 7.985335092060268, 8.745790494023822, 9.904655613005161]",1.0,1.0,1.8283692550612611,,,36,1,2020_Jan_23_1659,FaceNameBlocked_revised,3.0.0,75.02219177697381,,2.7611400
69,Male3Block.csv,Steven2.mp4,Steven.JPG,Steven,55.0,M,Timothy,Trevor,David,Aaron,Steven,Adam,Noah,Josh,Brian,Matthew,4.0,0.0,3.0,3.0,5.0,0.0,8.0,8.0,4.0,,,,,,,1.0,,,,,,,,,,,36,1,2020_Jan_23_1659,FaceNameBlocked_revised,3.0.0,75.02219177697381,,NaN
30,Fem1Block.csv,Taylor4.mp4,Taylor.JPG,Taylor,29.0,F,Emily,Shelby,Megan,Taylor,Sarah,Michelle,Brittany,Nicole,Alyssa,Amanda,3.0,0.0,1.0,1.0,0.0,0.0,9.0,9.0,3.0,,,,,,,0.0,,,,,,,,,,,36,1,2020_Jan_23_1659,FaceNameBlocked_revised,3.0.0,75.02219177697381,,NaN
33,Fem1Block.csv,Taylor4.mp4,Taylor.JPG,Taylor,29.0,F,Emily,Shelby,Megan,Taylor,Sarah,Michelle,Brittany,Nicole,Alyssa,Amanda,3.0,0.0,1.0,1.0,0.0,,,,,0.0,2.0,2.0,3.0,,,,,, taylor,"['t', 'a', 'y', 'l', 'o', 'r']","[3.4533183079911396, 3.772808115929365, 4.146225414937362, 4.599736196920276, 4.81291614798829, 4.986042842967436]",2.0,2.0,1.895977354957722,,,36,1,2020_Jan_23_1659,FaceNameBlocked_revised,3.0.0,75.02219177697381,,3.4533183
15,Male1Block.csv,Thomas2.mp4,Thomas.JPG,Thomas,56.0,M,Mark,Jason,Andrew,Tyler,Jacob,Eric,Justin,Bradley,Thomas,Jeremy,8.0,0.0,0.0,0.0,3.0,,,,,0.0,4.0,4.0,8.0,,,,,, kevin,"['k', 'e', 'i', 'backspace', 'v', 'i', 'n', 'backslash', 'return']","[3.54836576001253, 3.721446948009543, 4.42700408201199, 5.200478660990484, 5.400904509006068, 6.186965408967808, 6.413583947927691, 7.50672535400372, 8.891139727900736]",1.0,2.0,3.548254055902362,,,36,1,2020_Jan_23_1659,FaceNameBlocked_revised,3.0.0,75.02219177697381,,3.5483657
3,Male1Block.csv,Thomas2.mp4,Thomas.JPG,Thomas,56.0,M,Mark,Jason,Andrew,Tyler,Jacob,Eric,Justin,Bradley,Thomas,Jeremy,8.0,0.0,0.0,0.0,3.0,0.0,2.0,2.0,8.0,,,,,,,0.0,,,,,,,,,,,36,1,2020_Jan_23_1659,FaceNameBlocked_revised,3.0.0,75.02219177697381,,NaN
80,Male3Block.csv,Timothy3.mp4,Timothy.JPG,Timothy,57.0,M,Timothy,Trevor,David,Aaron,Steven,Adam,Noah,Josh,Brian,Matthew,0.0,0.0,3.0,3.0,5.0,,,,,0.0,9.0,9.0,0.0,,,,,, david,"['d', 'a', 'v', 'i', 'd']","[1.9216263559646904, 2.0687484859954566, 2.3217026609927416, 2.455535609042272, 2.5475589809939265]",2.0,4.0,3.5337889000074933,,,36,1,2020_Jan_23_1659,FaceNameBlocked_revised,3.0.0,75.02219177697381,,1.9216263
64,Male3Block.csv,Timothy3.mp4,Timothy.JPG,Timothy,57.0,M,Timothy,Trevor,David,Aaron,Steven,Adam,Noah,Josh,Brian,Matthew,0.0,0.0,3.0,3.0,5.0,0.0,3.0,3.0,0.0,,,,,,,1.0,,,,,,,,,,,36,1,2020_Jan_23_1659,FaceNameBlocked_revised,3.0.0,75.02219177697381,,NaN
63,Male3Block.csv,Trevor2.mp4,Trevor.JPG,Trevor,58.0,M,Timothy,Trevor,David,Aaron,Steven,Adam,Noah,Josh,Brian,Matthew,1.0,0.0,3.0,3.0,5.0,0.0,2.0,2.0,1.0,,,,,,,1.0,,,,,,,,,,,36,1,2020_Jan_23_1659,FaceNameBlocked_revised,3.0.0,75.02219177697381,,NaN
72,Male3Block.csv,Trevor2.mp4,Trevor.JPG,Trevor,58.0,M,Timothy,Trevor,David,Aaron,Steven,Adam,Noah,Josh,Brian,Matthew,1.0,0.0,3.0,3.0,5.0,,,,,0.0,1.0,1.0,1.0,,,,,, kevi,"['k', 'e', 'v', 'i']","[7.492730938014574, 8.103697360027581, 8.412769804010168, 9.411405713064596]",1.0,1.0,2.587413028930314,,,36,1,2020_Jan_23_1659,FaceNameBlocked_revised,3.0.0,75.02219177697381,,7.4927309
20,Male1Block.csv,Tyler3.mp4,Tyler.JPG,Tyler,59.0,M,Mark,Jason,Andrew,Tyler,Jacob,Eric,Justin,Bradley,Thomas,Jeremy,3.0,0.0,0.0,0.0,3.0,,,,,0.0,9.0,9.0,3.0,,,,,, eric ,"['e', 'r', 'i', 'c', 'return', 'space']","[2.5464771559927613, 2.7752169229788706, 3.2661119400290772, 3.3862299349857494, 4.0002437910297886, 4.773975420044735]",5.0,4.0,2.5886802669847384,,,36,1,2020_Jan_23_1659,FaceNameBlocked_revised,3.0.0,75.02219177697381,,2.5464771
6,Male1Block.csv,Tyler3.mp4,Tyler.JPG,Tyler,59.0,M,Mark,Jason,Andrew,Tyler,Jacob,Eric,Justin,Bradley,Thomas,Jeremy,3.0,0.0,0.0,0.0,3.0,0.0,5.0,5.0,3.0,,,,,,,0.0,,,,,,,,,,,36,1,2020_Jan_23_1659,FaceNameBlocked_revised,3.0.0,75.02219177697381,,NaN
0,,,,,,,,,,,,,,,,,,,,,,,,,,,,,,space,59.95677674503531,,,,,,,,,,,,36,1,2020_Jan_23_1659,FaceNameBlocked_revised,3.0.0,75.02219177697381,,NaN
121,,,,,,,,,,,,,,,,,,,,,,,,,,,,,,,,,,,,,,,,,space,61.31532171997242,36,1,2020_Jan_23_1659,FaceNameBlocked_revised,3.0.0,75.02219177697381,,NaN
