,condsBlockFile,Video,Photo,Name,Row,Gender,N1,N2,N3,N4,N5,N6,N7,N8,N9,N10,Row2,blocks.thisRepN,blocks.thisTrialN,blocks.thisN,blocks.thisIndex,presentations.thisRepN,presentations.thisTrialN,presentations.thisN,presentations.thisIndex,testing.thisRepN,testing.thisTrialN,testing.thisN,testing.thisIndex,advance_1.keys,advance_1.rt,currentCond,advance_2.keys,advance_2.rt,inputText,key_resp_3.keys,key_resp_3.rt,correctRecogSelection,keyResponse.keys,keyResponse.rt,end_key.keys,end_key.rt,participant,session,date,expName,psychopyVersion,frameRate,Unnamed: 48,key_resp3_fin
16,Male2Block.csv,Aaron2.mp4,Aaron.JPG,Aaron,30.0,M,Thomas,Jason,David,Aaron,Cody,Caleb,Matthew,Tyler,Kyle,Bradley,3.0,0.0,0.0,0.0,4.0,,,,,0.0,5.0,5.0,3.0,,,,,, Greg,"['lshift', 'g', 'r', 'e', 'g']","[3.692905517993495, 3.8544098660349846, 4.120817759074271, 4.2267852750374, 4.480739688035101]",5.0,3.0,4.493914944003336,,,37,1,2020_Jan_24_1101,FaceNameBlocked_revised,3.0.0,75.05458383550716,,3.6929055
5,Male2Block.csv,Aaron2.mp4,Aaron.JPG,Aaron,30.0,M,Thomas,Jason,David,Aaron,Cody,Caleb,Matthew,Tyler,Kyle,Bradley,3.0,0.0,0.0,0.0,4.0,0.0,4.0,4.0,3.0,,,,,,,0.0,,,,,,,,,,,37,1,2020_Jan_24_1101,FaceNameBlocked_revised,3.0.0,75.05458383550716,,NaN
99,Male1Block.csv,Adam4.mp4,Adam.JPG,Adam,31.0,M,Daniel,Trevor,Timothy,Eric,Jeremy,Brandon,Andrew,Nathan,Michael,Adam,9.0,0.0,4.0,4.0,3.0,,,,,0.0,8.0,8.0,9.0,,,,,, Adam,"['lshift', 'a', 'd', 'a', 'm']","[1.7602253659861162, 1.8540564440190792, 2.0413091389928013, 2.0814158610301092, 2.188255036016926]",4.0,4.0,1.8400012189522383,,,37,1,2020_Jan_24_1101,FaceNameBlocked_revised,3.0.0,75.05458383550716,,1.7602253
86,Male1Block.csv,Adam4.mp4,Adam.JPG,Adam,31.0,M,Daniel,Trevor,Timothy,Eric,Jeremy,Brandon,Andrew,Nathan,Michael,Adam,9.0,0.0,4.0,4.0,3.0,0.0,5.0,5.0,9.0,,,,,,,0.0,,,,,,,,,,,37,1,2020_Jan_24_1101,FaceNameBlocked_revised,3.0.0,75.05458383550716,,NaN
107,Fem1Block.csv,Alyssa3.mp4,Alyssa.JPG,Alyssa,0.0,F,Jessica,Sarah,Danielle,Megan,Nicole,Shelby,Alyssa,Brittany,Katie,Heather,6.0,0.0,5.0,5.0,0.0,0.0,6.0,6.0,6.0,,,,,,,1.0,,,,,,,,,,,37,1,2020_Jan_24_1101,FaceNameBlocked_revised,3.0.0,75.05458383550716,,NaN
114,Fem1Block.csv,Alyssa3.mp4,Alyssa.JPG,Alyssa,0.0,F,Jessica,Sarah,Danielle,Megan,Nicole,Shelby,Alyssa,Brittany,Katie,Heather,6.0,0.0,5.0,5.0,0.0,,,,,0.0,3.0,3.0,6.0,,,,,, Megan,"['lshift', 'm', 'e', 'g', 'a', 'n']","[1.8401998810004443, 2.0675144280539826, 2.161511359969154, 2.3218880869681016, 2.547261064988561, 2.6812692979583517]",2.0,3.0,2.9081142200157046,,,37,1,2020_Jan_24_1101,FaceNameBlocked_revised,3.0.0,75.05458383550716,,1.8401998
40,Fem2Block.csv,Amanda3.mp4,Amanda.JPG,Amanda,1.0,F,Ashley,Hannah,Amanda,Lauren,Emily,Michelle,Natalie,Kelsey,Olivia,Jenna,2.0,0.0,1.0,1.0,1.0,,,,,0.0,9.0,9.0,2.0,,,,,, Lauren,"['lshift', 'colon', 'a', 'backspace', 'lshift', 'l', 'a', 'u', 'r', 'e', 'n']","[2.1738580379169434, 2.3621450199279934, 2.5481834328966215, 3.054424549918622, 3.413583255955018, 3.7354438859038055, 3.8945132879307494, 4.015026966924779, 4.254443054902367, 4.32159890094772, 4.4015574409859255]",4.0,4.0,7.0003224529791614,,,37,1,2020_Jan_24_1101,FaceNameBlocked_revised,3.0.0,75.05458383550716,,2.1738580
23,Fem2Block.csv,Amanda3.mp4,Amanda.JPG,Amanda,1.0,F,Ashley,Hannah,Amanda,Lauren,Emily,Michelle,Natalie,Kelsey,Olivia,Jenna,2.0,0.0,1.0,1.0,1.0,0.0,2.0,2.0,2.0,,,,,,,0.0,,,,,,,,,,,37,1,2020_Jan_24_1101,FaceNameBlocked_revised,3.0.0,75.05458383550716,,NaN
89,Male1Block.csv,Andrew2.mp4,Andrew.JPG,Andrew,32.0,M,Daniel,Trevor,Timothy,Eric,Jeremy,Brandon,Andrew,Nathan,Michael,Adam,6.0,0.0,4.0,4.0,3.0,0.0,8.0,8.0,6.0,,,,,,,1.0,,,,,,,,,,,37,1,2020_Jan_24_1101,FaceNameBlocked_revised,3.0.0,75.05458383550716,,NaN
94,Male1Block.csv,Andrew2.mp4,Andrew.JPG,Andrew,32.0,M,Daniel,Trevor,Timothy,Eric,Jeremy,Brandon,Andrew,Nathan,Michael,Adam,6.0,0.0,4.0,4.0,3.0,,,,,0.0,3.0,3.0,6.0,,,,,, Jeremy,"['lshift', 'j', 'e', 'r', 'e', 'm', 'y']","[3.079672238091007, 3.2811929950257763, 3.4669255880871788, 3.6008051310200244, 3.680990451015532, 3.774660796043463, 3.9341518920846283]",4.0,5.0,2.0263742549577732,,,37,1,2020_Jan_24_1101,FaceNameBlocked_revised,3.0.0,75.05458383550716,,3.0796722
80,Fem3Block.csv,Anna3.mp4,Anna.JPG,Anna,2.0,F,Grace,Rachel,Kayla,Rebecca,Haley,Taylor,Julia,Courtney,Anna,Brianna,8.0,0.0,3.0,3.0,2.0,,,,,0.0,9.0,9.0,8.0,,,,,, Hale,"['lshift', 'lshift', 'h', 'a', 'l', 'e']","[8.50473928800784, 8.584813295048662, 8.759351446060464, 8.918992141028866, 8.97306926199235, 9.143598402966745]",3.0,4.0,3.72168605204206,,,37,1,2020_Jan_24_1101,FaceNameBlocked_revised,3.0.0,75.05458383550716,,8.5047392
65,Fem3Block.csv,Anna3.mp4,Anna.JPG,Anna,2.0,F,Grace,Rachel,Kayla,Rebecca,Haley,Taylor,Julia,Courtney,Anna,Brianna,8.0,0.0,3.0,3.0,2.0,0.0,4.0,4.0,8.0,,,,,,,1.0,,,,,,,,,,,37,1,2020_Jan_24_1101,FaceNameBlocked_revised,3.0.0,75.05458383550716,,NaN
34,Fem2Block.csv,Ashley3.mp4,Ashley.JPG,Ashley,3.0,F,Ashley,Hannah,Amanda,Lauren,Emily,Michelle,Natalie,Kelsey,Olivia,Jenna,0.0,0.0,1.0,1.0,1.0,,,,,0.0,3.0,3.0,0.0,,,,,, Olivia,"['lshift', 'o', 'l', 'i', 'v', 'i', 'a', 'return']","[2.6672219020547345, 2.7987802090356126, 2.9481234150007367, 3.134469471988268, 3.24062567204237, 3.347919540014118, 3.454837401979603, 9.67885034903884]",5.0,4.0,4.279598367982544,,,37,1,2020_Jan_24_1101,FaceNameBlocked_revised,3.0.0,75.05458383550716,,2.6672219
22,Fem2Block.csv,Ashley3.mp4,Ashley.JPG,Ashley,3.0,F,Ashley,Hannah,Amanda,Lauren,Emily,Michelle,Natalie,Kelsey,Olivia,Jenna,0.0,0.0,1.0,1.0,1.0,0.0,1.0,1.0,0.0,,,,,,,1.0,,,,,,,,,,,37,1,2020_Jan_24_1101,FaceNameBlocked_revised,3.0.0,75.05458383550716,,NaN
7,Male2Block.csv,Bradley3.mp4,Bradley.JPG,Bradley,33.0,M,Thomas,Jason,David,Aaron,Cody,Caleb,Matthew,Tyler,Kyle,Bradley,9.0,0.0,0.0,0.0,4.0,0.0,6.0,6.0,9.0,,,,,,,0.0,,,,,,,,,,,37,1,2020_Jan_24_1101,FaceNameBlocked_revised,3.0.0,75.05458383550716,,NaN
19,Male2Block.csv,Bradley3.mp4,Bradley.JPG,Bradley,33.0,M,Thomas,Jason,David,Aaron,Cody,Caleb,Matthew,Tyler,Kyle,Bradley,9.0,0.0,0.0,0.0,4.0,,,,,0.0,8.0,8.0,9.0,,,,,, Greg,"['lshift', 'g', 'r', 'e', 'g']","[4.8242886459920555, 5.025772150955163, 5.5855640639783815, 5.705611365963705, 5.905358782969415]",2.0,2.0,2.706760506960564,,,37,1,2020_Jan_24_1101,FaceNameBlocked_revised,3.0.0,75.05458383550716,,4.8242886
92,Male1Block.csv,Brandon2.mp4,Brandon.JPG,Brandon,34.0,M,Daniel,Trevor,Timothy,Eric,Jeremy,Brandon,Andrew,Nathan,Michael,Adam,5.0,0.0,4.0,4.0,3.0,,,,,0.0,1.0,1.0,5.0,,,,,, Trevor,"['lshift', 't', 'r', 'e', 'v', 'p', 'backspace', 'p', 'r', 'backspace', 'backspace', 'o', 'r']","[2.5203927480615675, 2.6951416300144047, 2.8285799940349534, 2.894894685014151, 3.3083167920121923, 3.6944373790174723, 4.413664206978865, 5.718760063056834, 6.000726288999431, 6.306527471984737, 6.693078462034464, 7.038285898976028, 7.133536853012629]",2.0,2.0,3.3350162650458515,,,37,1,2020_Jan_24_1101,FaceNameBlocked_revised,3.0.0,75.05458383550716,,2.5203927
83,Male1Block.csv,Brandon2.mp4,Brandon.JPG,Brandon,34.0,M,Daniel,Trevor,Timothy,Eric,Jeremy,Brandon,Andrew,Nathan,Michael,Adam,5.0,0.0,4.0,4.0,3.0,0.0,2.0,2.0,5.0,,,,,,,0.0,,,,,,,,,,,37,1,2020_Jan_24_1101,FaceNameBlocked_revised,3.0.0,75.05458383550716,,NaN
55,Male3Block.csv,Brian2.mp4,Brian.JPG,Brian,35.0,M,Brian,Jacob,Noah,Kevin,Josh,Steven,Ethan,Justin,Mark,Dylan,0.0,0.0,2.0,2.0,5.0,,,,,0.0,4.0,4.0,0.0,,,,,, Brian,"['lshift', 'n', 't', 'o', 'backspace', 'backspace', 'backspace', 'lshift', 'b', 'r', 'i', 'a', 'n']","[3.0136329089291394, 3.174594782991335, 3.2675322499126196, 3.3616182189434767, 3.973476810962893, 4.106915629003197, 4.253767566988245, 4.6262004629243165, 4.814001085003838, 5.573681126930751, 6.000319361919537, 6.174009467009455, 6.333764337934554]",5.0,5.0,2.5853528380393977,,,37,1,2020_Jan_24_1101,FaceNameBlocked_revised,3.0.0,75.05458383550716,,3.0136329
44,Male3Block.csv,Brian2.mp4,Brian.JPG,Brian,35.0,M,Brian,Jacob,Noah,Kevin,Josh,Steven,Ethan,Justin,Mark,Dylan,0.0,0.0,2.0,2.0,5.0,0.0,3.0,3.0,0.0,,,,,,,1.0,,,,,,,,,,,37,1,2020_Jan_24_1101,FaceNameBlocked_revised,3.0.0,75.05458383550716,,NaN
76,Fem3Block.csv,Brianna2.mp4,Brianna.JPG,Brianna,4.0,F,Grace,Rachel,Kayla,Rebecca,Haley,Taylor,Julia,Courtney,Anna,Brianna,9.0,0.0,3.0,3.0,2.0,,,,,0.0,5.0,5.0,9.0,,,,,, Brianna,"['lshift', 'b', 'r', 'i', 'a', 'n', 'n', 'a']","[1.6932641280582175, 1.854216463980265, 1.9348118280759081, 2.054908573976718, 2.13479732000269, 2.6146462539909407, 2.721331592067145, 2.8007261160528287]",3.0,3.0,3.3476990000344813,,,37,1,2020_Jan_24_1101,FaceNameBlocked_revised,3.0.0,75.05458383550716,,1.6932641
70,Fem3Block.csv,Brianna2.mp4,Brianna.JPG,Brianna,4.0,F,Grace,Rachel,Kayla,Rebecca,Haley,Taylor,Julia,Courtney,Anna,Brianna,9.0,0.0,3.0,3.0,2.0,0.0,9.0,9.0,9.0,,,,,,,0.0,,,,,,,,,,,37,1,2020_Jan_24_1101,FaceNameBlocked_revised,3.0.0,75.05458383550716,,NaN
115,Fem1Block.csv,Brittany2.mp4,Brittany.JPG,Brittany,5.0,F,Jessica,Sarah,Danielle,Megan,Nicole,Shelby,Alyssa,Brittany,Katie,Heather,7.0,0.0,5.0,5.0,0.0,,,,,0.0,4.0,4.0,7.0,,,,,, Lauren,"['lshift', 'l', 'a', 'u', 'r', 'e', 'n']","[2.1340391288977116, 2.9484259899472818, 3.0930267348885536, 3.1887129358947277, 3.281406626920216, 3.3491364979417995, 3.4150645019253716]",5.0,3.0,3.2415922119980682,,,37,1,2020_Jan_24_1101,FaceNameBlocked_revised,3.0.0,75.05458383550716,,2.1340391
103,Fem1Block.csv,Brittany2.mp4,Brittany.JPG,Brittany,5.0,F,Jessica,Sarah,Danielle,Megan,Nicole,Shelby,Alyssa,Brittany,Katie,Heather,7.0,0.0,5.0,5.0,0.0,0.0,2.0,2.0,7.0,,,,,,,1.0,,,,,,,,,,,37,1,2020_Jan_24_1101,FaceNameBlocked_revised,3.0.0,75.05458383550716,,NaN
20,Male2Block.csv,Caleb5.mp4,Caleb.JPG,Caleb,36.0,M,Thomas,Jason,David,Aaron,Cody,Caleb,Matthew,Tyler,Kyle,Bradley,5.0,0.0,0.0,0.0,4.0,,,,,0.0,9.0,9.0,5.0,,,,,, Kyle,"['lshift', 'k', 'y', 'l', 'e']","[2.533206728985533, 2.681710186996497, 2.8681645039469004, 3.0142961749807, 3.1210216959007084]",5.0,3.0,3.560792811913416,,,37,1,2020_Jan_24_1101,FaceNameBlocked_revised,3.0.0,75.05458383550716,,2.5332067
3,Male2Block.csv,Caleb5.mp4,Caleb.JPG,Caleb,36.0,M,Thomas,Jason,David,Aaron,Cody,Caleb,Matthew,Tyler,Kyle,Bradley,5.0,0.0,0.0,0.0,4.0,0.0,2.0,2.0,5.0,,,,,,,0.0,,,,,,,,,,,37,1,2020_Jan_24_1101,FaceNameBlocked_revised,3.0.0,75.05458383550716,,NaN
2,Male2Block.csv,Cody2.mp4,Cody.JPG,Cody,37.0,M,Thomas,Jason,David,Aaron,Cody,Caleb,Matthew,Tyler,Kyle,Bradley,4.0,0.0,0.0,0.0,4.0,0.0,1.0,1.0,4.0,,,,,,,0.0,,,,,,,,,,,37,1,2020_Jan_24_1101,FaceNameBlocked_revised,3.0.0,75.05458383550716,,NaN
12,Male2Block.csv,Cody2.mp4,Cody.JPG,Cody,37.0,M,Thomas,Jason,David,Aaron,Cody,Caleb,Matthew,Tyler,Kyle,Bradley,4.0,0.0,0.0,0.0,4.0,,,,,0.0,1.0,1.0,4.0,,,,,, David,"['lshift', 'd', 'a', 'v', 'o', 'd', 'backspace', 'backspace', 'i', 'd']","[1.9598195769358426, 3.001480033970438, 3.294438687968068, 4.254029660951346, 4.678494410007261, 4.986600767937489, 5.293160581029952, 5.438994801952504, 6.053080221987329, 6.400087115936913]",3.0,2.0,3.9213219770463184,,,37,1,2020_Jan_24_1101,FaceNameBlocked_revised,3.0.0,75.05458383550716,,1.9598195
77,Fem3Block.csv,Courtney2.mp4,Courtney.JPG,Courtney,6.0,F,Grace,Rachel,Kayla,Rebecca,Haley,Taylor,Julia,Courtney,Anna,Brianna,7.0,0.0,3.0,3.0,2.0,,,,,0.0,6.0,6.0,7.0,,,,,, Courtney,"['lshift', 'c', 'o', 'u', 'r', 't', 'n', 'e', 'y']","[1.9331757499603555, 2.028246068977751, 2.1882503259694204, 2.3480650109704584, 2.4280657769413665, 2.721066558966413, 3.2545543420128524, 3.493979665916413, 3.5876080389134586]",3.0,3.0,2.4021466559497644,,,37,1,2020_Jan_24_1101,FaceNameBlocked_revised,3.0.0,75.05458383550716,,1.9331757
61,Fem3Block.csv,Courtney2.mp4,Courtney.JPG,Courtney,6.0,F,Grace,Rachel,Kayla,Rebecca,Haley,Taylor,Julia,Courtney,Anna,Brianna,7.0,0.0,3.0,3.0,2.0,0.0,0.0,0.0,7.0,,,,,,,1.0,,,,,,,,,,,37,1,2020_Jan_24_1101,FaceNameBlocked_revised,3.0.0,75.05458383550716,,NaN
88,Male1Block.csv,Daniel3.mp4,Daniel.JPG,Daniel,38.0,M,Daniel,Trevor,Timothy,Eric,Jeremy,Brandon,Andrew,Nathan,Michael,Adam,0.0,0.0,4.0,4.0,3.0,0.0,7.0,7.0,0.0,,,,,,,1.0,,,,,,,,,,,37,1,2020_Jan_24_1101,FaceNameBlocked_revised,3.0.0,75.05458383550716,,NaN
91,Male1Block.csv,Daniel3.mp4,Daniel.JPG,Daniel,38.0,M,Daniel,Trevor,Timothy,Eric,Jeremy,Brandon,Andrew,Nathan,Michael,Adam,0.0,0.0,4.0,4.0,3.0,,,,,0.0,0.0,0.0,0.0,,,,space,1.1891475060256198, David,"['lshift', 'd', 'a', 'v', 'i', 'd']","[1.6542457450414076, 1.7748653589515015, 1.8681306110229343, 1.9877749580191448, 2.1616211199434474, 2.2414881800068542]",1.0,1.0,4.054964586975984,,,37,1,2020_Jan_24_1101,FaceNameBlocked_revised,3.0.0,75.05458383550716,,1.6542457
120,Fem1Block.csv,Danielle2.mp4,Danielle.JPG,Danielle,7.0,F,Jessica,Sarah,Danielle,Megan,Nicole,Shelby,Alyssa,Brittany,Katie,Heather,2.0,0.0,5.0,5.0,0.0,,,,,0.0,9.0,9.0,2.0,,,,,, Danielle,"['lshift', 'd', 'a', 'n', 'i', 'e', 'l', 'l', 'e']","[1.4001280330121517, 1.58849700295832, 1.7218726390274242, 1.841743128024973, 2.0543058019829914, 2.492798696970567, 2.6417019829386845, 2.761301370919682, 2.841317326994613]",1.0,1.0,1.108431493048556,,,37,1,2020_Jan_24_1101,FaceNameBlocked_revised,3.0.0,75.05458383550716,,1.4001280
108,Fem1Block.csv,Danielle2.mp4,Danielle.JPG,Danielle,7.0,F,Jessica,Sarah,Danielle,Megan,Nicole,Shelby,Alyssa,Brittany,Katie,Heather,2.0,0.0,5.0,5.0,0.0,0.0,7.0,7.0,2.0,,,,,,,0.0,,,,,,,,,,,37,1,2020_Jan_24_1101,FaceNameBlocked_revised,3.0.0,75.05458383550716,,NaN
9,Male2Block.csv,David2.mp4,David.JPG,David,39.0,M,Thomas,Jason,David,Aaron,Cody,Caleb,Matthew,Tyler,Kyle,Bradley,2.0,0.0,0.0,0.0,4.0,0.0,8.0,8.0,2.0,,,,,,,0.0,,,,,,,,,,,37,1,2020_Jan_24_1101,FaceNameBlocked_revised,3.0.0,75.05458383550716,,NaN
17,Male2Block.csv,David2.mp4,David.JPG,David,39.0,M,Thomas,Jason,David,Aaron,Cody,Caleb,Matthew,Tyler,Kyle,Bradley,2.0,0.0,0.0,0.0,4.0,,,,,0.0,6.0,6.0,2.0,,,,,, Cody,"['lshift', 't', 'backspace', 'lshift', 'c', 'o', 'd', 'y']","[3.026551104034297, 4.1589354580501094, 5.013430485036224, 5.132579843048006, 5.397840662975796, 5.573565863072872, 5.946485992986709, 6.386646048980765]",5.0,1.0,5.5582322840346015,,,37,1,2020_Jan_24_1101,FaceNameBlocked_revised,3.0.0,75.05458383550716,,3.0265511
56,Male3Block.csv,Dylan3.mp4,Dylan.JPG,Dylan,40.0,M,Brian,Jacob,Noah,Kevin,Josh,Steven,Ethan,Justin,Mark,Dylan,9.0,0.0,2.0,2.0,5.0,,,,,0.0,5.0,5.0,9.0,,,,,, Dylan,"['lshift', 'd', 'y', 'l', 'a', 'n']","[3.5587261570617557, 3.680446159094572, 3.77435713307932, 4.001130175078288, 4.107410081080161, 4.213723887107335]",1.0,1.0,2.520547350984998,,,37,1,2020_Jan_24_1101,FaceNameBlocked_revised,3.0.0,75.05458383550716,,3.5587261
42,Male3Block.csv,Dylan3.mp4,Dylan.JPG,Dylan,40.0,M,Brian,Jacob,Noah,Kevin,Josh,Steven,Ethan,Justin,Mark,Dylan,9.0,0.0,2.0,2.0,5.0,0.0,1.0,1.0,9.0,,,,,,,0.0,,,,,,,,,,,37,1,2020_Jan_24_1101,FaceNameBlocked_revised,3.0.0,75.05458383550716,,NaN
28,Fem2Block.csv,Emily5.mp4,Emily.JPG,Emily,8.0,F,Ashley,Hannah,Amanda,Lauren,Emily,Michelle,Natalie,Kelsey,Olivia,Jenna,4.0,0.0,1.0,1.0,1.0,0.0,7.0,7.0,4.0,,,,,,,0.0,,,,,,,,,,,37,1,2020_Jan_24_1101,FaceNameBlocked_revised,3.0.0,75.05458383550716,,NaN
31,Fem2Block.csv,Emily5.mp4,Emily.JPG,Emily,8.0,F,Ashley,Hannah,Amanda,Lauren,Emily,Michelle,Natalie,Kelsey,Olivia,Jenna,4.0,0.0,1.0,1.0,1.0,,,,,0.0,0.0,0.0,4.0,,,,space,9.346476018079557, Michelle ,"['lshift', 'm', 'i', 'c', 'h', 'e', 'l', 'l', 'e', 'space']","[1.6935879120137542, 2.814270843984559, 2.894925993983634, 3.02791539800819, 3.095154228969477, 3.214258073014207, 3.294400315033272, 3.414398247958161, 3.507706364034675, 5.173731061979197]",5.0,2.0,4.240348884020932,,,37,1,2020_Jan_24_1101,FaceNameBlocked_revised,3.0.0,75.05458383550716,,1.6935879
100,Male1Block.csv,Eric2.mp4,Eric.JPG,Eric,41.0,M,Daniel,Trevor,Timothy,Eric,Jeremy,Brandon,Andrew,Nathan,Michael,Adam,3.0,0.0,4.0,4.0,3.0,,,,,0.0,9.0,9.0,3.0,,,,,, Daniel,"['lshift', 'd', 'a', 'n', 'i', 'e', 'l']","[1.8944563099648803, 2.0024606300285086, 2.1089942819671705, 2.1889420009683818, 2.2549883369356394, 2.3755642339820042, 2.481943556922488]",2.0,4.0,4.401491365977563,,,37,1,2020_Jan_24_1101,FaceNameBlocked_revised,3.0.0,75.05458383550716,,1.8944563
85,Male1Block.csv,Eric2.mp4,Eric.JPG,Eric,41.0,M,Daniel,Trevor,Timothy,Eric,Jeremy,Brandon,Andrew,Nathan,Michael,Adam,3.0,0.0,4.0,4.0,3.0,0.0,4.0,4.0,3.0,,,,,,,0.0,,,,,,,,,,,37,1,2020_Jan_24_1101,FaceNameBlocked_revised,3.0.0,75.05458383550716,,NaN
52,Male3Block.csv,Ethan2.mp4,Ethan.JPG,Ethan,42.0,M,Brian,Jacob,Noah,Kevin,Josh,Steven,Ethan,Justin,Mark,Dylan,6.0,0.0,2.0,2.0,5.0,,,,,0.0,1.0,1.0,6.0,,,,,, Ethan,"['lshift', 'e', 't', 'h', 'a', 'n']","[1.7611954651074484, 1.8954661590978503, 2.0552613300969824, 2.1756206169957295, 2.2557738500181586, 2.361336143105291]",4.0,4.0,2.4277612669393416,,,37,1,2020_Jan_24_1101,FaceNameBlocked_revised,3.0.0,75.05458383550716,,1.7611954
46,Male3Block.csv,Ethan2.mp4,Ethan.JPG,Ethan,42.0,M,Brian,Jacob,Noah,Kevin,Josh,Steven,Ethan,Justin,Mark,Dylan,6.0,0.0,2.0,2.0,5.0,0.0,5.0,5.0,6.0,,,,,,,1.0,,,,,,,,,,,37,1,2020_Jan_24_1101,FaceNameBlocked_revised,3.0.0,75.05458383550716,,NaN
62,Fem3Block.csv,Grace3.mp4,Grace.JPG,Grace,9.0,F,Grace,Rachel,Kayla,Rebecca,Haley,Taylor,Julia,Courtney,Anna,Brianna,0.0,0.0,3.0,3.0,2.0,0.0,1.0,1.0,0.0,,,,,,,1.0,,,,,,,,,,,37,1,2020_Jan_24_1101,FaceNameBlocked_revised,3.0.0,75.05458383550716,,NaN
71,Fem3Block.csv,Grace3.mp4,Grace.JPG,Grace,9.0,F,Grace,Rachel,Kayla,Rebecca,Haley,Taylor,Julia,Courtney,Anna,Brianna,0.0,0.0,3.0,3.0,2.0,,,,,0.0,0.0,0.0,0.0,,,,space,1.2829000920755789, Chloe,"['lshift', 'c', 'h', 'l', 'o', 'e', 'return']","[1.7340777550125495, 3.0554790960159153, 3.1490024140803143, 3.348559850011952, 3.5214452940272167, 3.66841891000513, 4.214495896012522]",3.0,2.0,1.8688447499880567,,,37,1,2020_Jan_24_1101,FaceNameBlocked_revised,3.0.0,75.05458383550716,,1.7340777
68,Fem3Block.csv,Haley2.mp4,Haley.JPG,Haley,10.0,F,Grace,Rachel,Kayla,Rebecca,Haley,Taylor,Julia,Courtney,Anna,Brianna,4.0,0.0,3.0,3.0,2.0,0.0,7.0,7.0,4.0,,,,,,,0.0,,,,,,,,,,,37,1,2020_Jan_24_1101,FaceNameBlocked_revised,3.0.0,75.05458383550716,,NaN
72,Fem3Block.csv,Haley2.mp4,Haley.JPG,Haley,10.0,F,Grace,Rachel,Kayla,Rebecca,Haley,Taylor,Julia,Courtney,Anna,Brianna,4.0,0.0,3.0,3.0,2.0,,,,,0.0,1.0,1.0,4.0,,,,,, Hannah,"['lshift', 'h', 'a', 'n', 'n', 'a', 'h']","[4.7452781880274415, 5.240280402009375, 5.399915977031924, 5.4807812760118395, 5.612748609040864, 5.692891751998104, 5.759924073005095]",2.0,5.0,3.668274058029056,,,37,1,2020_Jan_24_1101,FaceNameBlocked_revised,3.0.0,75.05458383550716,,4.7452781
30,Fem2Block.csv,Hannah2.mp4,Hannah.JPG,Hannah,11.0,F,Ashley,Hannah,Amanda,Lauren,Emily,Michelle,Natalie,Kelsey,Olivia,Jenna,1.0,0.0,1.0,1.0,1.0,0.0,9.0,9.0,1.0,,,,,,,1.0,,,,,,,,,,,37,1,2020_Jan_24_1101,FaceNameBlocked_revised,3.0.0,75.05458383550716,,NaN
35,Fem2Block.csv,Hannah2.mp4,Hannah.JPG,Hannah,11.0,F,Ashley,Hannah,Amanda,Lauren,Emily,Michelle,Natalie,Kelsey,Olivia,Jenna,1.0,0.0,1.0,1.0,1.0,,,,,0.0,4.0,4.0,1.0,,,,,, Hannah,"['lshift', 'h', 'a', 'n', 'n', 'a', 'h', 'return']","[1.534145905985497, 1.721508292015642, 1.8547357720090076, 1.93552521802485, 2.039772321935743, 2.1351402540458366, 2.2154960859334096, 2.5072481379611418]",1.0,1.0,2.413613299024292,,,37,1,2020_Jan_24_1101,FaceNameBlocked_revised,3.0.0,75.05458383550716,,1.5341459
116,Fem1Block.csv,Heather3.mp4,Heather.JPG,Heather,12.0,F,Jessica,Sarah,Danielle,Megan,Nicole,Shelby,Alyssa,Brittany,Katie,Heather,9.0,0.0,5.0,5.0,0.0,,,,,0.0,5.0,5.0,9.0,,,,,, Heather,"['lshift', 'h', 'e', 'a', 't', 'h', 'e', 'r']","[2.8123767480719835, 3.0007293990347534, 3.107337809051387, 3.187419888097793, 3.293372987071052, 3.400723747094162, 3.480543371057138, 3.520630561048165]",3.0,3.0,1.9077667410019783,,,37,1,2020_Jan_24_1101,FaceNameBlocked_revised,3.0.0,75.05458383550716,,2.8123767
110,Fem1Block.csv,Heather3.mp4,Heather.JPG,Heather,12.0,F,Jessica,Sarah,Danielle,Megan,Nicole,Shelby,Alyssa,Brittany,Katie,Heather,9.0,0.0,5.0,5.0,0.0,0.0,9.0,9.0,9.0,,,,,,,0.0,,,,,,,,,,,37,1,2020_Jan_24_1101,FaceNameBlocked_revised,3.0.0,75.05458383550716,,NaN
45,Male3Block.csv,Jacob3.mp4,Jacob.JPG,Jacob,43.0,M,Brian,Jacob,Noah,Kevin,Josh,Steven,Ethan,Justin,Mark,Dylan,1.0,0.0,2.0,2.0,5.0,0.0,4.0,4.0,1.0,,,,,,,1.0,,,,,,,,,,,37,1,2020_Jan_24_1101,FaceNameBlocked_revised,3.0.0,75.05458383550716,,NaN
57,Male3Block.csv,Jacob3.mp4,Jacob.JPG,Jacob,43.0,M,Brian,Jacob,Noah,Kevin,Josh,Steven,Ethan,Justin,Mark,Dylan,1.0,0.0,2.0,2.0,5.0,,,,,0.0,6.0,6.0,1.0,,,,,, Jacob,"['lshift', 'j', 'a', 'c', 'o', 'b']","[3.853000227943994, 4.0018850999185815, 4.200516497949138, 4.254603635985404, 4.347010585013777, 4.814568407018669]",1.0,1.0,2.1747472849674523,,,37,1,2020_Jan_24_1101,FaceNameBlocked_revised,3.0.0,75.05458383550716,,3.8530002
6,Male2Block.csv,Jason4.mp4,Jason.JPG,Jason,44.0,M,Thomas,Jason,David,Aaron,Cody,Caleb,Matthew,Tyler,Kyle,Bradley,1.0,0.0,0.0,0.0,4.0,0.0,5.0,5.0,1.0,,,,,,,1.0,,,,,,,,,,,37,1,2020_Jan_24_1101,FaceNameBlocked_revised,3.0.0,75.05458383550716,,NaN
14,Male2Block.csv,Jason4.mp4,Jason.JPG,Jason,44.0,M,Thomas,Jason,David,Aaron,Cody,Caleb,Matthew,Tyler,Kyle,Bradley,1.0,0.0,0.0,0.0,4.0,,,,,0.0,3.0,3.0,1.0,,,,,, David,"['lshift', 'd', 'a', 'v', 'i', 'd']","[2.893205964937806, 3.2143182709114626, 3.547710203914903, 3.867927331943065, 4.307634976925328, 4.707606856012717]",1.0,4.0,6.1334994819480935,,,37,1,2020_Jan_24_1101,FaceNameBlocked_revised,3.0.0,75.05458383550716,,2.8932059
36,Fem2Block.csv,Jenna4.mp4,Jenna.JPG,Jenna,13.0,F,Ashley,Hannah,Amanda,Lauren,Emily,Michelle,Natalie,Kelsey,Olivia,Jenna,9.0,0.0,1.0,1.0,1.0,,,,,0.0,5.0,5.0,9.0,,,,,, Kelsey,"['lshift', 'k', 'e', 'l', 's', 'e', 'y']","[3.6266474439762533, 4.121333669056185, 4.33446751406882, 4.441125474055298, 4.881057688035071, 4.93459244503174, 5.00150911998935]",2.0,1.0,2.827431692974642,,,37,1,2020_Jan_24_1101,FaceNameBlocked_revised,3.0.0,75.05458383550716,,3.6266474
25,Fem2Block.csv,Jenna4.mp4,Jenna.JPG,Jenna,13.0,F,Ashley,Hannah,Amanda,Lauren,Emily,Michelle,Natalie,Kelsey,Olivia,Jenna,9.0,0.0,1.0,1.0,1.0,0.0,4.0,4.0,9.0,,,,,,,0.0,,,,,,,,,,,37,1,2020_Jan_24_1101,FaceNameBlocked_revised,3.0.0,75.05458383550716,,NaN
90,Male1Block.csv,Jeremy2.mp4,Jeremy.JPG,Jeremy,45.0,M,Daniel,Trevor,Timothy,Eric,Jeremy,Brandon,Andrew,Nathan,Michael,Adam,4.0,0.0,4.0,4.0,3.0,0.0,9.0,9.0,4.0,,,,,,,0.0,,,,,,,,,,,37,1,2020_Jan_24_1101,FaceNameBlocked_revised,3.0.0,75.05458383550716,,NaN
97,Male1Block.csv,Jeremy2.mp4,Jeremy.JPG,Jeremy,45.0,M,Daniel,Trevor,Timothy,Eric,Jeremy,Brandon,Andrew,Nathan,Michael,Adam,4.0,0.0,4.0,4.0,3.0,,,,,0.0,6.0,6.0,4.0,,,,,, Trevor,"['lshift', 't', 'r', 'e', 'v', 'o', 'r']","[2.53220112004783, 2.7599144130945206, 2.9865151629783213, 3.0798390400595963, 3.252773827058263, 3.3723691729828715, 3.4661736510461196]",1.0,5.0,5.2407419679220775,,,37,1,2020_Jan_24_1101,FaceNameBlocked_revised,3.0.0,75.05458383550716,,2.5322011
113,Fem1Block.csv,Jessica2.mp4,Jessica.JPG,Jessica,14.0,F,Jessica,Sarah,Danielle,Megan,Nicole,Shelby,Alyssa,Brittany,Katie,Heather,0.0,0.0,5.0,5.0,0.0,,,,,0.0,2.0,2.0,0.0,,,,,, Heather,"['lshift', 'n', 'backspace', 'lshift', 'h', 'e', 'a', 't', 'h', 'e', 'r', 'return']","[1.893229231936857, 2.0394330729031935, 2.6007257839664817, 2.7462068638997152, 3.118621813948266, 3.280483918963, 3.3740944719174877, 3.54675288090948, 3.6142036149976775, 3.6943472309503704, 3.7339149409672245, 4.47851045592688]",1.0,3.0,1.8414047380210832,,,37,1,2020_Jan_24_1101,FaceNameBlocked_revised,3.0.0,75.05458383550716,,1.8932292
101,Fem1Block.csv,Jessica2.mp4,Jessica.JPG,Jessica,14.0,F,Jessica,Sarah,Danielle,Megan,Nicole,Shelby,Alyssa,Brittany,Katie,Heather,0.0,0.0,5.0,5.0,0.0,0.0,0.0,0.0,0.0,,,,,,,1.0,,,,,,,,,,,37,1,2020_Jan_24_1101,FaceNameBlocked_revised,3.0.0,75.05458383550716,,NaN
51,Male3Block.csv,Josh3.mp4,Josh.JPG,Josh,46.0,M,Brian,Jacob,Noah,Kevin,Josh,Steven,Ethan,Justin,Mark,Dylan,4.0,0.0,2.0,2.0,5.0,,,,,0.0,0.0,0.0,4.0,,,,space,2.8691752610029653, Josh,"['lshift', 'j', 'o', 's', 'h', 'return']","[1.4666109969839454, 1.6282572649652138, 1.9881350389914587, 2.148153653019108, 2.294730679015629, 4.280422025942244]",4.0,4.0,2.2940255840076134,,,37,1,2020_Jan_24_1101,FaceNameBlocked_revised,3.0.0,75.05458383550716,,1.4666109
50,Male3Block.csv,Josh3.mp4,Josh.JPG,Josh,46.0,M,Brian,Jacob,Noah,Kevin,Josh,Steven,Ethan,Justin,Mark,Dylan,4.0,0.0,2.0,2.0,5.0,0.0,9.0,9.0,4.0,,,,,,,0.0,,,,,,,,,,,37,1,2020_Jan_24_1101,FaceNameBlocked_revised,3.0.0,75.05458383550716,,NaN
78,Fem3Block.csv,Julia2.mp4,Julia.JPG,Julia,15.0,F,Grace,Rachel,Kayla,Rebecca,Haley,Taylor,Julia,Courtney,Anna,Brianna,6.0,0.0,3.0,3.0,2.0,,,,,0.0,7.0,7.0,6.0,,,,,, Julia,"['lshift', 'j', 'u', 'l', 'i', 'a']","[2.945313462987542, 3.945078770047985, 4.066576809971593, 4.293916990980506, 4.481027178000659, 5.346960401977412]",2.0,4.0,2.309238207060844,,,37,1,2020_Jan_24_1101,FaceNameBlocked_revised,3.0.0,75.05458383550716,,2.9453134
69,Fem3Block.csv,Julia2.mp4,Julia.JPG,Julia,15.0,F,Grace,Rachel,Kayla,Rebecca,Haley,Taylor,Julia,Courtney,Anna,Brianna,6.0,0.0,3.0,3.0,2.0,0.0,8.0,8.0,6.0,,,,,,,1.0,,,,,,,,,,,37,1,2020_Jan_24_1101,FaceNameBlocked_revised,3.0.0,75.05458383550716,,NaN
60,Male3Block.csv,Justin2.mp4,Justin.JPG,Justin,47.0,M,Brian,Jacob,Noah,Kevin,Josh,Steven,Ethan,Justin,Mark,Dylan,7.0,0.0,2.0,2.0,5.0,,,,,0.0,9.0,9.0,7.0,,,,,, Dylan,"['lshift', 'd', 'l', 'y', 'a', 'n', 'backspace', 'backspace', 'backspace', 'backspace', 'y', 'l', 'a', 'n']","[7.052150059957057, 7.1202968849102035, 7.680360057973303, 7.747364399954677, 7.986370546976104, 8.079165436909534, 8.49272280500736, 8.637744804960676, 8.75832498690579, 8.917976856930181, 9.037217618897557, 9.157446643919684, 9.292925735004246, 9.39684615295846]",2.0,5.0,2.8290535919368267,,,37,1,2020_Jan_24_1101,FaceNameBlocked_revised,3.0.0,75.05458383550716,,7.0521500
49,Male3Block.csv,Justin2.mp4,Justin.JPG,Justin,47.0,M,Brian,Jacob,Noah,Kevin,Josh,Steven,Ethan,Justin,Mark,Dylan,7.0,0.0,2.0,2.0,5.0,0.0,8.0,8.0,7.0,,,,,,,1.0,,,,,,,,,,,37,1,2020_Jan_24_1101,FaceNameBlocked_revised,3.0.0,75.05458383550716,,NaN
112,Fem1Block.csv,Katie2.mp4,Katie.JPG,Katie,16.0,F,Jessica,Sarah,Danielle,Megan,Nicole,Shelby,Alyssa,Brittany,Katie,Heather,8.0,0.0,5.0,5.0,0.0,,,,,0.0,1.0,1.0,8.0,,,,,, Katie,"['lshift', 'k', 'a', 't', 'i', 'e']","[3.280177082051523, 3.4547597659984604, 3.5728684500791132, 3.7218495670240372, 3.7879764870740473, 3.868084758054465]",2.0,2.0,5.585062914993613,,,37,1,2020_Jan_24_1101,FaceNameBlocked_revised,3.0.0,75.05458383550716,,3.2801770
104,Fem1Block.csv,Katie2.mp4,Katie.JPG,Katie,16.0,F,Jessica,Sarah,Danielle,Megan,Nicole,Shelby,Alyssa,Brittany,Katie,Heather,8.0,0.0,5.0,5.0,0.0,0.0,3.0,3.0,8.0,,,,,,,1.0,,,,,,,,,,,37,1,2020_Jan_24_1101,FaceNameBlocked_revised,3.0.0,75.05458383550716,,NaN
66,Fem3Block.csv,Kayla3.mp4,Kayla.JPG,Kayla,17.0,F,Grace,Rachel,Kayla,Rebecca,Haley,Taylor,Julia,Courtney,Anna,Brianna,2.0,0.0,3.0,3.0,2.0,0.0,5.0,5.0,2.0,,,,,,,0.0,,,,,,,,,,,37,1,2020_Jan_24_1101,FaceNameBlocked_revised,3.0.0,75.05458383550716,,NaN
74,Fem3Block.csv,Kayla3.mp4,Kayla.JPG,Kayla,17.0,F,Grace,Rachel,Kayla,Rebecca,Haley,Taylor,Julia,Courtney,Anna,Brianna,2.0,0.0,3.0,3.0,2.0,,,,,0.0,3.0,3.0,2.0,,,,,, Julia,"['lshift', 'j', 'u', 'l', 'i', 'a']","[1.9199314230354503, 2.081868730019778, 2.1885482149664313, 2.415106273954734, 2.588482533930801, 3.1614518649876118]",4.0,1.0,2.0402955079916865,,,37,1,2020_Jan_24_1101,FaceNameBlocked_revised,3.0.0,75.05458383550716,,1.9199314
27,Fem2Block.csv,Kelsey2.mp4,Kelsey.JPG,Kelsey,18.0,F,Ashley,Hannah,Amanda,Lauren,Emily,Michelle,Natalie,Kelsey,Olivia,Jenna,7.0,0.0,1.0,1.0,1.0,0.0,6.0,6.0,7.0,,,,,,,1.0,,,,,,,,,,,37,1,2020_Jan_24_1101,FaceNameBlocked_revised,3.0.0,75.05458383550716,,NaN
32,Fem2Block.csv,Kelsey2.mp4,Kelsey.JPG,Kelsey,18.0,F,Ashley,Hannah,Amanda,Lauren,Emily,Michelle,Natalie,Kelsey,Olivia,Jenna,7.0,0.0,1.0,1.0,1.0,,,,,0.0,1.0,1.0,7.0,,,,,, Jenna,"['lshift', 'h', 'a', 'n', 'n', 'backspace', 'backspace', 'backspace', 'backspace', 'lshift', 'j', 'e', 'n', 'n', 'a']","[2.132352738059126, 4.612962273065932, 4.826472007087432, 4.959439140977338, 5.092847136082128, 5.758729433990084, 5.905511858058162, 6.0783590379869565, 6.304715131991543, 7.636555987061001, 8.158620249014348, 8.30494160298258, 8.465365895070136, 8.598081486066803, 8.678461868083104]",4.0,1.0,4.533770530950278,,,37,1,2020_Jan_24_1101,FaceNameBlocked_revised,3.0.0,75.05458383550716,,2.1323527
59,Male3Block.csv,Kevin2.mp4,Kevin.JPG,Kevin,48.0,M,Brian,Jacob,Noah,Kevin,Josh,Steven,Ethan,Justin,Mark,Dylan,3.0,0.0,2.0,2.0,5.0,,,,,0.0,8.0,8.0,3.0,,,,,, Kevin,"['lshift', 'k', 'e', 'v', 'i', 'n']","[2.1198741788975894, 2.347699076985009, 2.600574292941019, 2.8804101169807836, 2.94800406799186, 3.0276152649894357]",1.0,1.0,1.3202466929797083,,,37,1,2020_Jan_24_1101,FaceNameBlocked_revised,3.0.0,75.05458383550716,,2.1198741
47,Male3Block.csv,Kevin2.mp4,Kevin.JPG,Kevin,48.0,M,Brian,Jacob,Noah,Kevin,Josh,Steven,Ethan,Justin,Mark,Dylan,3.0,0.0,2.0,2.0,5.0,0.0,6.0,6.0,3.0,,,,,,,0.0,,,,,,,,,,,37,1,2020_Jan_24_1101,FaceNameBlocked_revised,3.0.0,75.05458383550716,,NaN
8,Male2Block.csv,Kyle3.mp4,Kyle.JPG,Kyle,49.0,M,Thomas,Jason,David,Aaron,Cody,Caleb,Matthew,Tyler,Kyle,Bradley,8.0,0.0,0.0,0.0,4.0,0.0,7.0,7.0,8.0,,,,,,,1.0,,,,,,,,,,,37,1,2020_Jan_24_1101,FaceNameBlocked_revised,3.0.0,75.05458383550716,,NaN
11,Male2Block.csv,Kyle3.mp4,Kyle.JPG,Kyle,49.0,M,Thomas,Jason,David,Aaron,Cody,Caleb,Matthew,Tyler,Kyle,Bradley,8.0,0.0,0.0,0.0,4.0,,,,,0.0,0.0,0.0,8.0,,,,space,11.86623306607362, Tyler  ,"['lshift', 't', 'y', 'semicolon', 'e', 'r', 'backspace', 'backspace', 'l', 'e', 'r', 'space', 'return', 'space']","[2.89314654096961, 3.174652945017442, 3.388500591972843, 3.614197426009923, 3.828276500920765, 3.908211287925951, 4.440570452949032, 4.613750356016681, 5.534308149944991, 5.774196545011364, 5.827941688941792, 6.1211226439336315, 7.252859656931832, 9.386309781926684]",4.0,2.0,5.745705527951942,,,37,1,2020_Jan_24_1101,FaceNameBlocked_revised,3.0.0,75.05458383550716,,2.8931465
21,Fem2Block.csv,Lauren4.mp4,Lauren.JPG,Lauren,19.0,F,Ashley,Hannah,Amanda,Lauren,Emily,Michelle,Natalie,Kelsey,Olivia,Jenna,3.0,0.0,1.0,1.0,1.0,0.0,0.0,0.0,3.0,,,,,,,0.0,,,,,,,,,,,37,1,2020_Jan_24_1101,FaceNameBlocked_revised,3.0.0,75.05458383550716,,NaN
33,Fem2Block.csv,Lauren4.mp4,Lauren.JPG,Lauren,19.0,F,Ashley,Hannah,Amanda,Lauren,Emily,Michelle,Natalie,Kelsey,Olivia,Jenna,3.0,0.0,1.0,1.0,1.0,,,,,0.0,2.0,2.0,3.0,,,,,, Jenna,"['lshift', 'j', 'e', 'n', 'n', 'a']","[2.8540424599777907, 3.001728798961267, 3.081197078921832, 3.1997476948890835, 3.3213873138884082, 3.3885014599654824]",4.0,2.0,1.7865831119706854,,,37,1,2020_Jan_24_1101,FaceNameBlocked_revised,3.0.0,75.05458383550716,,2.8540424
58,Male3Block.csv,Mark3.mp4,Mark.JPG,Mark,50.0,M,Brian,Jacob,Noah,Kevin,Josh,Steven,Ethan,Justin,Mark,Dylan,8.0,0.0,2.0,2.0,5.0,,,,,0.0,7.0,7.0,8.0,,,,,, Brian,"['lshift', 'b', 'r', 'i', 'a', 'n']","[3.1588445780798793, 4.585708897095174, 5.759211317053996, 5.959050197037868, 6.105841165059246, 6.239128336077556]",5.0,1.0,2.4420745349489152,,,37,1,2020_Jan_24_1101,FaceNameBlocked_revised,3.0.0,75.05458383550716,,3.1588445
43,Male3Block.csv,Mark3.mp4,Mark.JPG,Mark,50.0,M,Brian,Jacob,Noah,Kevin,Josh,Steven,Ethan,Justin,Mark,Dylan,8.0,0.0,2.0,2.0,5.0,0.0,2.0,2.0,8.0,,,,,,,1.0,,,,,,,,,,,37,1,2020_Jan_24_1101,FaceNameBlocked_revised,3.0.0,75.05458383550716,,NaN
18,Male2Block.csv,Matthew2.mp4,Matthew.JPG,Matthew,51.0,M,Thomas,Jason,David,Aaron,Cody,Caleb,Matthew,Tyler,Kyle,Bradley,6.0,0.0,0.0,0.0,4.0,,,,,0.0,7.0,7.0,6.0,,,,,, Aaron,"['lshift', 'a', 'a', 'r', 'p', 'm', 'backspace', 'backspace', 'o', 'm', 'backspace', 'n']","[5.279707083944231, 5.427500262972899, 5.707129720947705, 6.054017682909034, 6.201016386970878, 6.4005811649840325, 6.773246592958458, 6.95976894593332, 7.213262520963326, 7.466245087911375, 7.879144961945713, 8.199589908006601]",4.0,5.0,4.267866059090011,,,37,1,2020_Jan_24_1101,FaceNameBlocked_revised,3.0.0,75.05458383550716,,5.2797070
10,Male2Block.csv,Matthew2.mp4,Matthew.JPG,Matthew,51.0,M,Thomas,Jason,David,Aaron,Cody,Caleb,Matthew,Tyler,Kyle,Bradley,6.0,0.0,0.0,0.0,4.0,0.0,9.0,9.0,6.0,,,,,,,1.0,,,,,,,,,,,37,1,2020_Jan_24_1101,FaceNameBlocked_revised,3.0.0,75.05458383550716,,NaN
109,Fem1Block.csv,Megan2.mp4,Megan.JPG,Megan,20.0,F,Jessica,Sarah,Danielle,Megan,Nicole,Shelby,Alyssa,Brittany,Katie,Heather,3.0,0.0,5.0,5.0,0.0,0.0,8.0,8.0,3.0,,,,,,,0.0,,,,,,,,,,,37,1,2020_Jan_24_1101,FaceNameBlocked_revised,3.0.0,75.05458383550716,,NaN
117,Fem1Block.csv,Megan2.mp4,Megan.JPG,Megan,20.0,F,Jessica,Sarah,Danielle,Megan,Nicole,Shelby,Alyssa,Brittany,Katie,Heather,3.0,0.0,5.0,5.0,0.0,,,,,0.0,6.0,6.0,3.0,,,,,, Katie,"['lshift', 'k', 'a', 't', 'i', 'e']","[1.9465025740209967, 3.2681435520062223, 3.5612002230482176, 3.840918236062862, 4.16046542301774, 4.2676325580105186]",4.0,3.0,1.9485061150044205,,,37,1,2020_Jan_24_1101,FaceNameBlocked_revised,3.0.0,75.05458383550716,,1.9465025
82,Male1Block.csv,Michael2.mp4,Michael.JPG,Michael,52.0,M,Daniel,Trevor,Timothy,Eric,Jeremy,Brandon,Andrew,Nathan,Michael,Adam,8.0,0.0,4.0,4.0,3.0,0.0,1.0,1.0,8.0,,,,,,,1.0,,,,,,,,,,,37,1,2020_Jan_24_1101,FaceNameBlocked_revised,3.0.0,75.05458383550716,,NaN
96,Male1Block.csv,Michael2.mp4,Michael.JPG,Michael,52.0,M,Daniel,Trevor,Timothy,Eric,Jeremy,Brandon,Andrew,Nathan,Michael,Adam,8.0,0.0,4.0,4.0,3.0,,,,,0.0,5.0,5.0,8.0,,,,,, Jonathan,"['lshift', 'j', 'o', 'n', 'a', 't', 'h', 'a', 'n']","[3.7598192029399797, 4.427883149008267, 4.573856657021679, 4.787600361043587, 4.892013025935739, 5.093636221019551, 5.227524789981544, 5.332052215002477, 5.427488237037323]",1.0,1.0,2.65276403806638,,,37,1,2020_Jan_24_1101,FaceNameBlocked_revised,3.0.0,75.05458383550716,,3.7598192
26,Fem2Block.csv,Michelle2.mp4,Michelle.JPG,Michelle,21.0,F,Ashley,Hannah,Amanda,Lauren,Emily,Michelle,Natalie,Kelsey,Olivia,Jenna,5.0,0.0,1.0,1.0,1.0,0.0,5.0,5.0,5.0,,,,,,,0.0,,,,,,,,,,,37,1,2020_Jan_24_1101,FaceNameBlocked_revised,3.0.0,75.05458383550716,,NaN
37,Fem2Block.csv,Michelle2.mp4,Michelle.JPG,Michelle,21.0,F,Ashley,Hannah,Amanda,Lauren,Emily,Michelle,Natalie,Kelsey,Olivia,Jenna,5.0,0.0,1.0,1.0,1.0,,,,,0.0,6.0,6.0,5.0,,,,,, Chloe,"['lshift', 'c', 'h', 'l', 'o', 'e']","[2.0007650289917365, 2.121280034072697, 2.33522994001396, 2.628233307041228, 2.8544791280291975, 3.174838126054965]",4.0,5.0,8.158806747989729,,,37,1,2020_Jan_24_1101,FaceNameBlocked_revised,3.0.0,75.05458383550716,,2.0007650
29,Fem2Block.csv,Natalie3.mp4,Natalie.JPG,Natalie,22.0,F,Ashley,Hannah,Amanda,Lauren,Emily,Michelle,Natalie,Kelsey,Olivia,Jenna,6.0,0.0,1.0,1.0,1.0,0.0,8.0,8.0,6.0,,,,,,,1.0,,,,,,,,,,,37,1,2020_Jan_24_1101,FaceNameBlocked_revised,3.0.0,75.05458383550716,,NaN
39,Fem2Block.csv,Natalie3.mp4,Natalie.JPG,Natalie,22.0,F,Ashley,Hannah,Amanda,Lauren,Emily,Michelle,Natalie,Kelsey,Olivia,Jenna,6.0,0.0,1.0,1.0,1.0,,,,,0.0,8.0,8.0,6.0,,,,,, Natalie,"['lshift', 'n', 'a', 't', 'a', 'l', 'i', 'e']","[3.6529615479521453, 3.8016928599681705, 3.933734501944855, 4.06702408392448, 4.174487554002553, 4.254167931969278, 4.414325434016064, 4.480923546943814]",1.0,1.0,1.7617789329960942,,,37,1,2020_Jan_24_1101,FaceNameBlocked_revised,3.0.0,75.05458383550716,,3.6529615
93,Male1Block.csv,Nathan3.mp4,Nathan.JPG,Nathan,53.0,M,Daniel,Trevor,Timothy,Eric,Jeremy,Brandon,Andrew,Nathan,Michael,Adam,7.0,0.0,4.0,4.0,3.0,,,,,0.0,2.0,2.0,7.0,,,,,, Nathan,"['lshift', 'n', 'a', 't', 'h', 'a', 'n']","[1.5076047269394621, 1.9620563290081918, 2.2418816569261253, 2.455072114011273, 2.5479390709660947, 2.6550199720077217, 3.388166943914257]",5.0,5.0,2.748050709022209,,,37,1,2020_Jan_24_1101,FaceNameBlocked_revised,3.0.0,75.05458383550716,,1.5076047
87,Male1Block.csv,Nathan3.mp4,Nathan.JPG,Nathan,53.0,M,Daniel,Trevor,Timothy,Eric,Jeremy,Brandon,Andrew,Nathan,Michael,Adam,7.0,0.0,4.0,4.0,3.0,0.0,6.0,6.0,7.0,,,,,,,1.0,,,,,,,,,,,37,1,2020_Jan_24_1101,FaceNameBlocked_revised,3.0.0,75.05458383550716,,NaN
106,Fem1Block.csv,Nicole2.mp4,Nicole.JPG,Nicole,23.0,F,Jessica,Sarah,Danielle,Megan,Nicole,Shelby,Alyssa,Brittany,Katie,Heather,4.0,0.0,5.0,5.0,0.0,0.0,5.0,5.0,4.0,,,,,,,0.0,,,,,,,,,,,37,1,2020_Jan_24_1101,FaceNameBlocked_revised,3.0.0,75.05458383550716,,NaN
118,Fem1Block.csv,Nicole2.mp4,Nicole.JPG,Nicole,23.0,F,Jessica,Sarah,Danielle,Megan,Nicole,Shelby,Alyssa,Brittany,Katie,Heather,4.0,0.0,5.0,5.0,0.0,,,,,0.0,7.0,7.0,4.0,,,,,, Katie,"['lshift', 'lshift', 'k', 'a', 't', 'i', 'e']","[3.5198967769974843, 5.599813957931474, 5.787333554006182, 6.0010488639818504, 7.66703009000048, 7.8671579719521105, 7.946538278949447]",3.0,4.0,5.067331199999899,,,37,1,2020_Jan_24_1101,FaceNameBlocked_revised,3.0.0,75.05458383550716,,3.5198967
41,Male3Block.csv,Noah2.mp4,Noah.JPG,Noah,54.0,M,Brian,Jacob,Noah,Kevin,Josh,Steven,Ethan,Justin,Mark,Dylan,2.0,0.0,2.0,2.0,5.0,0.0,0.0,0.0,2.0,,,,,,,0.0,,,,,,,,,,,37,1,2020_Jan_24_1101,FaceNameBlocked_revised,3.0.0,75.05458383550716,,NaN
53,Male3Block.csv,Noah2.mp4,Noah.JPG,Noah,54.0,M,Brian,Jacob,Noah,Kevin,Josh,Steven,Ethan,Justin,Mark,Dylan,2.0,0.0,2.0,2.0,5.0,,,,,0.0,2.0,2.0,2.0,,,,,, Mark,"['lshift', 'm', 'a', 'r', 'k']","[2.919179492047988, 3.414053083048202, 3.6142664740327746, 3.6942807770101354, 3.7587914580944926]",5.0,2.0,9.77024074702058,,,37,1,2020_Jan_24_1101,FaceNameBlocked_revised,3.0.0,75.05458383550716,,2.9191794
24,Fem2Block.csv,Olivia3.mp4,Olivia.JPG,Olivia,24.0,F,Ashley,Hannah,Amanda,Lauren,Emily,Michelle,Natalie,Kelsey,Olivia,Jenna,8.0,0.0,1.0,1.0,1.0,0.0,3.0,3.0,8.0,,,,,,,1.0,,,,,,,,,,,37,1,2020_Jan_24_1101,FaceNameBlocked_revised,3.0.0,75.05458383550716,,NaN
38,Fem2Block.csv,Olivia3.mp4,Olivia.JPG,Olivia,24.0,F,Ashley,Hannah,Amanda,Lauren,Emily,Michelle,Natalie,Kelsey,Olivia,Jenna,8.0,0.0,1.0,1.0,1.0,,,,,0.0,7.0,7.0,8.0,,,,,, Ashley,"['lshift', 'a', 's', 'h', 'l', 'e', 'y', 'return']","[4.145838644937612, 4.947570208925754, 5.346767513896339, 5.452905806945637, 5.652775847935118, 5.746751234983094, 5.906949835945852, 7.118706982000731]",5.0,5.0,4.214308080030605,,,37,1,2020_Jan_24_1101,FaceNameBlocked_revised,3.0.0,75.05458383550716,,4.1458386
67,Fem3Block.csv,Rachel3.mp4,Rachel.JPG,Rachel,25.0,F,Grace,Rachel,Kayla,Rebecca,Haley,Taylor,Julia,Courtney,Anna,Brianna,1.0,0.0,3.0,3.0,2.0,0.0,6.0,6.0,1.0,,,,,,,1.0,,,,,,,,,,,37,1,2020_Jan_24_1101,FaceNameBlocked_revised,3.0.0,75.05458383550716,,NaN
79,Fem3Block.csv,Rachel3.mp4,Rachel.JPG,Rachel,25.0,F,Grace,Rachel,Kayla,Rebecca,Haley,Taylor,Julia,Courtney,Anna,Brianna,1.0,0.0,3.0,3.0,2.0,,,,,0.0,8.0,8.0,1.0,,,,,, Grace,"['lshift', 'g', 'r', 'a', 'c', 'e']","[6.332792644039728, 6.494205476017669, 6.6006359660532326, 6.693878346006386, 6.839845445007086, 6.880367806996219]",3.0,4.0,4.827079853974284,,,37,1,2020_Jan_24_1101,FaceNameBlocked_revised,3.0.0,75.05458383550716,,6.3327926
64,Fem3Block.csv,Rebecca3.mp4,Rebecca.JPG,Rebecca,26.0,F,Grace,Rachel,Kayla,Rebecca,Haley,Taylor,Julia,Courtney,Anna,Brianna,3.0,0.0,3.0,3.0,2.0,0.0,3.0,3.0,3.0,,,,,,,0.0,,,,,,,,,,,37,1,2020_Jan_24_1101,FaceNameBlocked_revised,3.0.0,75.05458383550716,,NaN
75,Fem3Block.csv,Rebecca3.mp4,Rebecca.JPG,Rebecca,26.0,F,Grace,Rachel,Kayla,Rebecca,Haley,Taylor,Julia,Courtney,Anna,Brianna,3.0,0.0,3.0,3.0,2.0,,,,,0.0,4.0,4.0,3.0,,,,,,Julia,"['lshift', 'c', 'backspace', 'backspace', 'lshift', 'j', 'u', 'l', 'i', 'a']","[2.533287068014033, 2.6683801600011066, 3.7074016109108925, 3.880641500931233, 4.053070483962074, 4.214499622932635, 4.334213154972531, 4.547791126999073, 4.7079860009253025, 4.799138711998239]",3.0,1.0,2.8812121968949214,,,37,1,2020_Jan_24_1101,FaceNameBlocked_revised,3.0.0,75.05458383550716,,2.5332870
105,Fem1Block.csv,Sarah2.mp4,Sarah.JPG,Sarah,27.0,F,Jessica,Sarah,Danielle,Megan,Nicole,Shelby,Alyssa,Brittany,Katie,Heather,1.0,0.0,5.0,5.0,0.0,0.0,4.0,4.0,1.0,,,,,,,1.0,,,,,,,,,,,37,1,2020_Jan_24_1101,FaceNameBlocked_revised,3.0.0,75.05458383550716,,NaN
119,Fem1Block.csv,Sarah2.mp4,Sarah.JPG,Sarah,27.0,F,Jessica,Sarah,Danielle,Megan,Nicole,Shelby,Alyssa,Brittany,Katie,Heather,1.0,0.0,5.0,5.0,0.0,,,,,0.0,8.0,8.0,1.0,,,,,, Sarah,"['lshift', 's', 'a', 'r', 'a', 'h']","[1.7473455539438874, 1.8153162579983473, 1.9613171459641308, 2.121306568966247, 2.2148412649985403, 3.1215601679868996]",2.0,2.0,3.494394063949585,,,37,1,2020_Jan_24_1101,FaceNameBlocked_revised,3.0.0,75.05458383550716,,1.7473455
102,Fem1Block.csv,Shelby2.mp4,Shelby.JPG,Shelby,28.0,F,Jessica,Sarah,Danielle,Megan,Nicole,Shelby,Alyssa,Brittany,Katie,Heather,5.0,0.0,5.0,5.0,0.0,0.0,1.0,1.0,5.0,,,,,,,0.0,,,,,,,,,,,37,1,2020_Jan_24_1101,FaceNameBlocked_revised,3.0.0,75.05458383550716,,NaN
111,Fem1Block.csv,Shelby2.mp4,Shelby.JPG,Shelby,28.0,F,Jessica,Sarah,Danielle,Megan,Nicole,Shelby,Alyssa,Brittany,Katie,Heather,5.0,0.0,5.0,5.0,0.0,,,,,0.0,0.0,0.0,5.0,,,,space,1.1197706679813564, Shelby,"['lshift', 'h', 'backspace', 'lshift', 's', 'h', 'e', 'l', 'b', 'y']","[1.4405312009621412, 1.6552306109806523, 2.080779285985045, 2.334277059067972, 2.4551919479854405, 2.575347480014898, 2.668064540019259, 2.7753565970342606, 2.881679152022116, 2.9883913280209526]",5.0,5.0,1.5356107439147308,,,37,1,2020_Jan_24_1101,FaceNameBlocked_revised,3.0.0,75.05458383550716,,1.4405312
48,Male3Block.csv,Steven2.mp4,Steven.JPG,Steven,55.0,M,Brian,Jacob,Noah,Kevin,Josh,Steven,Ethan,Justin,Mark,Dylan,5.0,0.0,2.0,2.0,5.0,0.0,7.0,7.0,5.0,,,,,,,0.0,,,,,,,,,,,37,1,2020_Jan_24_1101,FaceNameBlocked_revised,3.0.0,75.05458383550716,,NaN
54,Male3Block.csv,Steven2.mp4,Steven.JPG,Steven,55.0,M,Brian,Jacob,Noah,Kevin,Josh,Steven,Ethan,Justin,Mark,Dylan,5.0,0.0,2.0,2.0,5.0,,,,,0.0,3.0,3.0,5.0,,,,,, Dylan,"['lshift', 'd', 'y', 'l', 'a', 'n']","[4.772758475039154, 4.9472124830354005, 5.614105722052045, 6.146965362946503, 6.293526645982638, 6.400112034054473]",2.0,2.0,3.8937622150406237,,,37,1,2020_Jan_24_1101,FaceNameBlocked_revised,3.0.0,75.05458383550716,,4.7727584
73,Fem3Block.csv,Taylor4.mp4,Taylor.JPG,Taylor,29.0,F,Grace,Rachel,Kayla,Rebecca,Haley,Taylor,Julia,Courtney,Anna,Brianna,5.0,0.0,3.0,3.0,2.0,,,,,0.0,2.0,2.0,5.0,,,,,, Rebecca,"['lshift', 'r', 'e', 'b', 'e', 'c', 'c', 'a']","[1.8399901300435886, 2.10936726804357, 2.2411331239854917, 2.508696642005816, 2.694677931955084, 2.8808957040309906, 3.0409779080655426, 3.1222128870431334]",5.0,5.0,2.5886927089886735,,,37,1,2020_Jan_24_1101,FaceNameBlocked_revised,3.0.0,75.05458383550716,,1.8399901
63,Fem3Block.csv,Taylor4.mp4,Taylor.JPG,Taylor,29.0,F,Grace,Rachel,Kayla,Rebecca,Haley,Taylor,Julia,Courtney,Anna,Brianna,5.0,0.0,3.0,3.0,2.0,0.0,2.0,2.0,5.0,,,,,,,0.0,,,,,,,,,,,37,1,2020_Jan_24_1101,FaceNameBlocked_revised,3.0.0,75.05458383550716,,NaN
15,Male2Block.csv,Thomas2.mp4,Thomas.JPG,Thomas,56.0,M,Thomas,Jason,David,Aaron,Cody,Caleb,Matthew,Tyler,Kyle,Bradley,0.0,0.0,0.0,0.0,4.0,,,,,0.0,4.0,4.0,0.0,,,,,, Bradley,"['lshift', 'b', 'r', 'a', 'd', 'l', 'e', 'y']","[2.9741944030392915, 3.255434673046693, 3.5219888950232416, 3.82809717906639, 3.974327697069384, 4.294292862061411, 4.5879812280181795, 5.161572582088411]",5.0,1.0,4.1335045179585,,,37,1,2020_Jan_24_1101,FaceNameBlocked_revised,3.0.0,75.05458383550716,,2.9741944
4,Male2Block.csv,Thomas2.mp4,Thomas.JPG,Thomas,56.0,M,Thomas,Jason,David,Aaron,Cody,Caleb,Matthew,Tyler,Kyle,Bradley,0.0,0.0,0.0,0.0,4.0,0.0,3.0,3.0,0.0,,,,,,,1.0,,,,,,,,,,,37,1,2020_Jan_24_1101,FaceNameBlocked_revised,3.0.0,75.05458383550716,,NaN
95,Male1Block.csv,Timothy3.mp4,Timothy.JPG,Timothy,57.0,M,Daniel,Trevor,Timothy,Eric,Jeremy,Brandon,Andrew,Nathan,Michael,Adam,2.0,0.0,4.0,4.0,3.0,,,,,0.0,4.0,4.0,2.0,,,,,, Matthew,"['lshift', 'm', 'a', 't', 't', 'h', 'e', 'w']","[3.439553171978332, 3.707246299018152, 3.82735264999792, 4.014285639976151, 4.147785498062149, 4.374158519087359, 4.598553928080946, 4.653921102057211]",2.0,2.0,2.9883391259936616,,,37,1,2020_Jan_24_1101,FaceNameBlocked_revised,3.0.0,75.05458383550716,,3.4395531
84,Male1Block.csv,Timothy3.mp4,Timothy.JPG,Timothy,57.0,M,Daniel,Trevor,Timothy,Eric,Jeremy,Brandon,Andrew,Nathan,Michael,Adam,2.0,0.0,4.0,4.0,3.0,0.0,3.0,3.0,2.0,,,,,,,0.0,,,,,,,,,,,37,1,2020_Jan_24_1101,FaceNameBlocked_revised,3.0.0,75.05458383550716,,NaN
98,Male1Block.csv,Trevor2.mp4,Trevor.JPG,Trevor,58.0,M,Daniel,Trevor,Timothy,Eric,Jeremy,Brandon,Andrew,Nathan,Michael,Adam,1.0,0.0,4.0,4.0,3.0,,,,,0.0,7.0,7.0,1.0,,,,,,Jack,"['lshift', 'n', 'backspace', 'backspace', 'lshift', 'lshift', 'j', 'a', 'c', 'k']","[2.587085147970356, 3.5213791449787095, 4.493288822937757, 4.627374353003688, 5.332820105017163, 6.359113512909971, 6.880495399935171, 7.146549950935878, 7.200467457994819, 7.293605729937553]",3.0,2.0,3.6399812380550434,,,37,1,2020_Jan_24_1101,FaceNameBlocked_revised,3.0.0,75.05458383550716,,2.5870851
81,Male1Block.csv,Trevor2.mp4,Trevor.JPG,Trevor,58.0,M,Daniel,Trevor,Timothy,Eric,Jeremy,Brandon,Andrew,Nathan,Michael,Adam,1.0,0.0,4.0,4.0,3.0,0.0,0.0,0.0,1.0,,,,,,,1.0,,,,,,,,,,,37,1,2020_Jan_24_1101,FaceNameBlocked_revised,3.0.0,75.05458383550716,,NaN
13,Male2Block.csv,Tyler3.mp4,Tyler.JPG,Tyler,59.0,M,Thomas,Jason,David,Aaron,Cody,Caleb,Matthew,Tyler,Kyle,Bradley,7.0,0.0,0.0,0.0,4.0,,,,,0.0,2.0,2.0,7.0,,,,,, Thomas,"['lshift', 't', 'h', 'o', 'm', 'a', 's']","[3.240395735949278, 3.5351802789373323, 4.000801977934316, 4.336011704988778, 4.841471359948628, 5.200801085913554, 5.534383844933473]",2.0,1.0,4.932390493922867,,,37,1,2020_Jan_24_1101,FaceNameBlocked_revised,3.0.0,75.05458383550716,,3.2403957
1,Male2Block.csv,Tyler3.mp4,Tyler.JPG,Tyler,59.0,M,Thomas,Jason,David,Aaron,Cody,Caleb,Matthew,Tyler,Kyle,Bradley,7.0,0.0,0.0,0.0,4.0,0.0,0.0,0.0,7.0,,,,,,,1.0,,,,,,,,,,,37,1,2020_Jan_24_1101,FaceNameBlocked_revised,3.0.0,75.05458383550716,,NaN
0,,,,,,,,,,,,,,,,,,,,,,,,,,,,,,space,140.26366361009426,,,,,,,,,,,,37,1,2020_Jan_24_1101,FaceNameBlocked_revised,3.0.0,75.05458383550716,,NaN
121,,,,,,,,,,,,,,,,,,,,,,,,,,,,,,,,,,,,,,,,,space,663.9839617800899,37,1,2020_Jan_24_1101,FaceNameBlocked_revised,3.0.0,75.05458383550716,,NaN
