,condsBlockFile,Video,Photo,Name,Row,Gender,N1,N2,N3,N4,N5,N6,N7,N8,N9,N10,Row2,blocks.thisRepN,blocks.thisTrialN,blocks.thisN,blocks.thisIndex,presentations.thisRepN,presentations.thisTrialN,presentations.thisN,presentations.thisIndex,testing.thisRepN,testing.thisTrialN,testing.thisN,testing.thisIndex,advance_1.keys,advance_1.rt,currentCond,advance_2.keys,advance_2.rt,inputText,key_resp_3.keys,key_resp_3.rt,correctRecogSelection,keyResponse.keys,keyResponse.rt,end_key.keys,end_key.rt,participant,session,date,expName,psychopyVersion,frameRate,Unnamed: 48,key_resp3_fin
23,Male3Block.csv,Aaron2.mp4,Aaron.JPG,Aaron,30.0,M,Andrew,Trevor,Kevin,Eric,Cody,Jeremy,Caleb,Matthew,Aaron,Noah,8.0,0.0,1.0,1.0,5.0,0.0,2.0,2.0,8.0,,,,,,,1.0,,,,,,,,,,,38,1,2020_Jan_24_1102,FaceNameBlocked_revised,3.0.0,85.0411250032935,,NaN
39,Male3Block.csv,Aaron2.mp4,Aaron.JPG,Aaron,30.0,M,Andrew,Trevor,Kevin,Eric,Cody,Jeremy,Caleb,Matthew,Aaron,Noah,8.0,0.0,1.0,1.0,5.0,,,,,0.0,8.0,8.0,8.0,,,,,, ,None,,2.0,1.0,3.693098371848464,,,38,1,2020_Jan_24_1102,FaceNameBlocked_revised,3.0.0,85.0411250032935,,NaN
85,Male1Block.csv,Adam4.mp4,Adam.JPG,Adam,31.0,M,Josh,Ethan,Bradley,Adam,Michael,Nathan,Timothy,Jacob,Brian,Justin,3.0,0.0,4.0,4.0,3.0,0.0,4.0,4.0,3.0,,,,,,,1.0,,,,,,,,,,,38,1,2020_Jan_24_1102,FaceNameBlocked_revised,3.0.0,85.0411250032935,,NaN
94,Male1Block.csv,Adam4.mp4,Adam.JPG,Adam,31.0,M,Josh,Ethan,Bradley,Adam,Michael,Nathan,Timothy,Jacob,Brian,Justin,3.0,0.0,4.0,4.0,3.0,,,,,0.0,3.0,3.0,3.0,,,,,, ,None,,4.0,2.0,2.3901888299733396,,,38,1,2020_Jan_24_1102,FaceNameBlocked_revised,3.0.0,85.0411250032935,,NaN
54,Fem2Block.csv,Alyssa3.mp4,Alyssa.JPG,Alyssa,0.0,F,Katie,Nicole,Danielle,Olivia,Sarah,Courtney,Haley,Taylor,Alyssa,Jenna,8.0,0.0,2.0,2.0,1.0,,,,,0.0,3.0,3.0,8.0,,,,,, courtney,"['c', 'o', 'u', 'r', 't', 'n', 'e', 'y']","[1.813857943052426, 2.2367538220714778, 2.3427311521954834, 2.565827660029754, 2.86964371916838, 3.1660190131515265, 3.3077580879908055, 3.601339572109282]",4.0,1.0,4.542423238046466,,,38,1,2020_Jan_24_1102,FaceNameBlocked_revised,3.0.0,85.0411250032935,,1.8138579
50,Fem2Block.csv,Alyssa3.mp4,Alyssa.JPG,Alyssa,0.0,F,Katie,Nicole,Danielle,Olivia,Sarah,Courtney,Haley,Taylor,Alyssa,Jenna,8.0,0.0,2.0,2.0,1.0,0.0,9.0,9.0,8.0,,,,,,,1.0,,,,,,,,,,,38,1,2020_Jan_24_1102,FaceNameBlocked_revised,3.0.0,85.0411250032935,,NaN
1,Fem3Block.csv,Amanda3.mp4,Amanda.JPG,Amanda,1.0,F,Megan,Lauren,Emily,Amanda,Hannah,Brittany,Brianna,Rebecca,Shelby,Natalie,3.0,0.0,0.0,0.0,2.0,0.0,0.0,0.0,3.0,,,,,,,1.0,,,,,,,,,,,38,1,2020_Jan_24_1102,FaceNameBlocked_revised,3.0.0,85.0411250032935,,NaN
19,Fem3Block.csv,Amanda3.mp4,Amanda.JPG,Amanda,1.0,F,Megan,Lauren,Emily,Amanda,Hannah,Brittany,Brianna,Rebecca,Shelby,Natalie,3.0,0.0,0.0,0.0,2.0,,,,,0.0,8.0,8.0,3.0,,,,,, ,None,,5.0,1.0,4.5890162219293416,,,38,1,2020_Jan_24_1102,FaceNameBlocked_revised,3.0.0,85.0411250032935,,NaN
34,Male3Block.csv,Andrew2.mp4,Andrew.JPG,Andrew,32.0,M,Andrew,Trevor,Kevin,Eric,Cody,Jeremy,Caleb,Matthew,Aaron,Noah,0.0,0.0,1.0,1.0,5.0,,,,,0.0,3.0,3.0,0.0,,,,,, andrew,"['a', 'n', 'd', 'r', 'e', 'w']","[1.908387045841664, 2.601990622933954, 3.0487955359276384, 3.566843330860138, 3.671570230042562, 3.8368744149338454]",4.0,4.0,1.9430826120078564,,,38,1,2020_Jan_24_1102,FaceNameBlocked_revised,3.0.0,85.0411250032935,,1.9083870
25,Male3Block.csv,Andrew2.mp4,Andrew.JPG,Andrew,32.0,M,Andrew,Trevor,Kevin,Eric,Cody,Jeremy,Caleb,Matthew,Aaron,Noah,0.0,0.0,1.0,1.0,5.0,0.0,4.0,4.0,0.0,,,,,,,0.0,,,,,,,,,,,38,1,2020_Jan_24_1102,FaceNameBlocked_revised,3.0.0,85.0411250032935,,NaN
63,Fem1Block.csv,Anna3.mp4,Anna.JPG,Anna,2.0,F,Rachel,Jessica,Kayla,Michelle,Ashley,Heather,Kelsey,Anna,Grace,Julia,7.0,0.0,3.0,3.0,0.0,0.0,2.0,2.0,7.0,,,,,,,0.0,,,,,,,,,,,38,1,2020_Jan_24_1102,FaceNameBlocked_revised,3.0.0,85.0411250032935,,NaN
77,Fem1Block.csv,Anna3.mp4,Anna.JPG,Anna,2.0,F,Rachel,Jessica,Kayla,Michelle,Ashley,Heather,Kelsey,Anna,Grace,Julia,7.0,0.0,3.0,3.0,0.0,,,,,0.0,6.0,6.0,7.0,,,,,, ,None,,5.0,1.0,2.4262797040864825,,,38,1,2020_Jan_24_1102,FaceNameBlocked_revised,3.0.0,85.0411250032935,,NaN
67,Fem1Block.csv,Ashley3.mp4,Ashley.JPG,Ashley,3.0,F,Rachel,Jessica,Kayla,Michelle,Ashley,Heather,Kelsey,Anna,Grace,Julia,4.0,0.0,3.0,3.0,0.0,0.0,6.0,6.0,4.0,,,,,,,0.0,,,,,,,,,,,38,1,2020_Jan_24_1102,FaceNameBlocked_revised,3.0.0,85.0411250032935,,NaN
76,Fem1Block.csv,Ashley3.mp4,Ashley.JPG,Ashley,3.0,F,Rachel,Jessica,Kayla,Michelle,Ashley,Heather,Kelsey,Anna,Grace,Julia,4.0,0.0,3.0,3.0,0.0,,,,,0.0,5.0,5.0,4.0,,,,,, ,None,,1.0,4.0,2.3790401248261333,,,38,1,2020_Jan_24_1102,FaceNameBlocked_revised,3.0.0,85.0411250032935,,NaN
84,Male1Block.csv,Bradley3.mp4,Bradley.JPG,Bradley,33.0,M,Josh,Ethan,Bradley,Adam,Michael,Nathan,Timothy,Jacob,Brian,Justin,2.0,0.0,4.0,4.0,3.0,0.0,3.0,3.0,2.0,,,,,,,0.0,,,,,,,,,,,38,1,2020_Jan_24_1102,FaceNameBlocked_revised,3.0.0,85.0411250032935,,NaN
98,Male1Block.csv,Bradley3.mp4,Bradley.JPG,Bradley,33.0,M,Josh,Ethan,Bradley,Adam,Michael,Nathan,Timothy,Jacob,Brian,Justin,2.0,0.0,4.0,4.0,3.0,,,,,0.0,7.0,7.0,2.0,,,,,, bradley,"['b', 'r', 'a', 'd', 'l', 'e', 'y']","[1.872859172988683, 2.248782400973141, 2.6471285740844905, 2.8841946311295033, 3.5780926919542253, 3.6726698731072247, 4.060760163934901]",2.0,2.0,1.9319501859135928,,,38,1,2020_Jan_24_1102,FaceNameBlocked_revised,3.0.0,85.0411250032935,,1.8728591
112,Male2Block.csv,Brandon2.mp4,Brandon.JPG,Brandon,34.0,M,Dylan,Tyler,Thomas,Steven,Brandon,Kyle,Mark,David,Daniel,Jason,4.0,0.0,5.0,5.0,4.0,,,,,0.0,1.0,1.0,4.0,,,,,, ,None,,4.0,5.0,3.225330580957234,,,38,1,2020_Jan_24_1102,FaceNameBlocked_revised,3.0.0,85.0411250032935,,NaN
110,Male2Block.csv,Brandon2.mp4,Brandon.JPG,Brandon,34.0,M,Dylan,Tyler,Thomas,Steven,Brandon,Kyle,Mark,David,Daniel,Jason,4.0,0.0,5.0,5.0,4.0,0.0,9.0,9.0,4.0,,,,,,,0.0,,,,,,,,,,,38,1,2020_Jan_24_1102,FaceNameBlocked_revised,3.0.0,85.0411250032935,,NaN
97,Male1Block.csv,Brian2.mp4,Brian.JPG,Brian,35.0,M,Josh,Ethan,Bradley,Adam,Michael,Nathan,Timothy,Jacob,Brian,Justin,8.0,0.0,4.0,4.0,3.0,,,,,0.0,6.0,6.0,8.0,,,,,, ,None,,4.0,1.0,3.0703370950650424,,,38,1,2020_Jan_24_1102,FaceNameBlocked_revised,3.0.0,85.0411250032935,,NaN
90,Male1Block.csv,Brian2.mp4,Brian.JPG,Brian,35.0,M,Josh,Ethan,Bradley,Adam,Michael,Nathan,Timothy,Jacob,Brian,Justin,8.0,0.0,4.0,4.0,3.0,0.0,9.0,9.0,8.0,,,,,,,1.0,,,,,,,,,,,38,1,2020_Jan_24_1102,FaceNameBlocked_revised,3.0.0,85.0411250032935,,NaN
9,Fem3Block.csv,Brianna2.mp4,Brianna.JPG,Brianna,4.0,F,Megan,Lauren,Emily,Amanda,Hannah,Brittany,Brianna,Rebecca,Shelby,Natalie,6.0,0.0,0.0,0.0,2.0,0.0,8.0,8.0,6.0,,,,,,,0.0,,,,,,,,,,,38,1,2020_Jan_24_1102,FaceNameBlocked_revised,3.0.0,85.0411250032935,,NaN
15,Fem3Block.csv,Brianna2.mp4,Brianna.JPG,Brianna,4.0,F,Megan,Lauren,Emily,Amanda,Hannah,Brittany,Brianna,Rebecca,Shelby,Natalie,6.0,0.0,0.0,0.0,2.0,,,,,0.0,4.0,4.0,6.0,,,,,, ,None,,1.0,1.0,3.5672820750623937,,,38,1,2020_Jan_24_1102,FaceNameBlocked_revised,3.0.0,85.0411250032935,,NaN
8,Fem3Block.csv,Brittany2.mp4,Brittany.JPG,Brittany,5.0,F,Megan,Lauren,Emily,Amanda,Hannah,Brittany,Brianna,Rebecca,Shelby,Natalie,5.0,0.0,0.0,0.0,2.0,0.0,7.0,7.0,5.0,,,,,,,1.0,,,,,,,,,,,38,1,2020_Jan_24_1102,FaceNameBlocked_revised,3.0.0,85.0411250032935,,NaN
11,Fem3Block.csv,Brittany2.mp4,Brittany.JPG,Brittany,5.0,F,Megan,Lauren,Emily,Amanda,Hannah,Brittany,Brianna,Rebecca,Shelby,Natalie,5.0,0.0,0.0,0.0,2.0,,,,,0.0,0.0,0.0,5.0,,,,space,17.433194680139422, hannah,"['h', 'a', 'n', 'n', 'a', 'h']","[4.353915060870349, 4.941411759937182, 5.259501969907433, 5.447877669008449, 5.530062254983932, 5.716001452878118]",5.0,1.0,6.798428671900183,,,38,1,2020_Jan_24_1102,FaceNameBlocked_revised,3.0.0,85.0411250032935,,4.3539150
36,Male3Block.csv,Caleb5.mp4,Caleb.JPG,Caleb,36.0,M,Andrew,Trevor,Kevin,Eric,Cody,Jeremy,Caleb,Matthew,Aaron,Noah,6.0,0.0,1.0,1.0,5.0,,,,,0.0,5.0,5.0,6.0,,,,,, ,"['c', 'backspace']","[2.2842846401035786, 3.435283089056611]",5.0,5.0,2.69661339209415,,,38,1,2020_Jan_24_1102,FaceNameBlocked_revised,3.0.0,85.0411250032935,,2.2842846
26,Male3Block.csv,Caleb5.mp4,Caleb.JPG,Caleb,36.0,M,Andrew,Trevor,Kevin,Eric,Cody,Jeremy,Caleb,Matthew,Aaron,Noah,6.0,0.0,1.0,1.0,5.0,0.0,5.0,5.0,6.0,,,,,,,0.0,,,,,,,,,,,38,1,2020_Jan_24_1102,FaceNameBlocked_revised,3.0.0,85.0411250032935,,NaN
22,Male3Block.csv,Cody2.mp4,Cody.JPG,Cody,37.0,M,Andrew,Trevor,Kevin,Eric,Cody,Jeremy,Caleb,Matthew,Aaron,Noah,4.0,0.0,1.0,1.0,5.0,0.0,1.0,1.0,4.0,,,,,,,0.0,,,,,,,,,,,38,1,2020_Jan_24_1102,FaceNameBlocked_revised,3.0.0,85.0411250032935,,NaN
35,Male3Block.csv,Cody2.mp4,Cody.JPG,Cody,37.0,M,Andrew,Trevor,Kevin,Eric,Cody,Jeremy,Caleb,Matthew,Aaron,Noah,4.0,0.0,1.0,1.0,5.0,,,,,0.0,4.0,4.0,4.0,,,,,, cody,"['c', 'o', 'd', 'y']","[2.3789972809609026, 3.08434628485702, 3.7668559569865465, 4.284389926819131]",2.0,2.0,1.776901429053396,,,38,1,2020_Jan_24_1102,FaceNameBlocked_revised,3.0.0,85.0411250032935,,2.3789972
56,Fem2Block.csv,Courtney2.mp4,Courtney.JPG,Courtney,6.0,F,Katie,Nicole,Danielle,Olivia,Sarah,Courtney,Haley,Taylor,Alyssa,Jenna,5.0,0.0,2.0,2.0,1.0,,,,,0.0,5.0,5.0,5.0,,,,,, cc,"['c', 'c', 'o', 'u', 'r', 't', 'n', 'e', 'y', 'backspace', 'backspace', 'backspace', 'backspace', 'backspace', 'backspace', 'backspace']","[2.2024004589766264, 2.260478086071089, 2.7200131160207093, 3.8479468810837716, 4.469600802985951, 4.846441409084946, 5.246200456051156, 5.812999820103869, 6.341738785151392, 7.7177388339769095, 8.787948510143906, 8.987753550056368, 9.187423883005977, 9.388412893051282, 9.575137489940971, 9.775386724155396]",4.0,4.0,2.426092884037644,,,38,1,2020_Jan_24_1102,FaceNameBlocked_revised,3.0.0,85.0411250032935,,2.2024004
41,Fem2Block.csv,Courtney2.mp4,Courtney.JPG,Courtney,6.0,F,Katie,Nicole,Danielle,Olivia,Sarah,Courtney,Haley,Taylor,Alyssa,Jenna,5.0,0.0,2.0,2.0,1.0,0.0,0.0,0.0,5.0,,,,,,,1.0,,,,,,,,,,,38,1,2020_Jan_24_1102,FaceNameBlocked_revised,3.0.0,85.0411250032935,,NaN
104,Male2Block.csv,Daniel3.mp4,Daniel.JPG,Daniel,38.0,M,Dylan,Tyler,Thomas,Steven,Brandon,Kyle,Mark,David,Daniel,Jason,8.0,0.0,5.0,5.0,4.0,0.0,3.0,3.0,8.0,,,,,,,1.0,,,,,,,,,,,38,1,2020_Jan_24_1102,FaceNameBlocked_revised,3.0.0,85.0411250032935,,NaN
118,Male2Block.csv,Daniel3.mp4,Daniel.JPG,Daniel,38.0,M,Dylan,Tyler,Thomas,Steven,Brandon,Kyle,Mark,David,Daniel,Jason,8.0,0.0,5.0,5.0,4.0,,,,,0.0,7.0,7.0,8.0,,,,,, ,None,,5.0,4.0,4.131307089002803,,,38,1,2020_Jan_24_1102,FaceNameBlocked_revised,3.0.0,85.0411250032935,,NaN
45,Fem2Block.csv,Danielle2.mp4,Danielle.JPG,Danielle,7.0,F,Katie,Nicole,Danielle,Olivia,Sarah,Courtney,Haley,Taylor,Alyssa,Jenna,2.0,0.0,2.0,2.0,1.0,0.0,4.0,4.0,2.0,,,,,,,0.0,,,,,,,,,,,38,1,2020_Jan_24_1102,FaceNameBlocked_revised,3.0.0,85.0411250032935,,NaN
55,Fem2Block.csv,Danielle2.mp4,Danielle.JPG,Danielle,7.0,F,Katie,Nicole,Danielle,Olivia,Sarah,Courtney,Haley,Taylor,Alyssa,Jenna,2.0,0.0,2.0,2.0,1.0,,,,,0.0,4.0,4.0,2.0,,,,,, danielle,"['d', 'a', 'n', 'i', 'e', 'l', 'l', 'e']","[2.060250404989347, 2.1788404430262744, 2.5643378149252385, 2.895333477994427, 3.2370762650389224, 3.9304668449331075, 4.166043252917007, 4.492928738007322]",3.0,3.0,1.8724837638437748,,,38,1,2020_Jan_24_1102,FaceNameBlocked_revised,3.0.0,85.0411250032935,,2.0602504
101,Male2Block.csv,David2.mp4,David.JPG,David,39.0,M,Dylan,Tyler,Thomas,Steven,Brandon,Kyle,Mark,David,Daniel,Jason,7.0,0.0,5.0,5.0,4.0,0.0,0.0,0.0,7.0,,,,,,,0.0,,,,,,,,,,,38,1,2020_Jan_24_1102,FaceNameBlocked_revised,3.0.0,85.0411250032935,,NaN
114,Male2Block.csv,David2.mp4,David.JPG,David,39.0,M,Dylan,Tyler,Thomas,Steven,Brandon,Kyle,Mark,David,Daniel,Jason,7.0,0.0,5.0,5.0,4.0,,,,,0.0,3.0,3.0,7.0,,,,,, ,None,,4.0,1.0,3.3876645360141997,,,38,1,2020_Jan_24_1102,FaceNameBlocked_revised,3.0.0,85.0411250032935,,NaN
106,Male2Block.csv,Dylan3.mp4,Dylan.JPG,Dylan,40.0,M,Dylan,Tyler,Thomas,Steven,Brandon,Kyle,Mark,David,Daniel,Jason,0.0,0.0,5.0,5.0,4.0,0.0,5.0,5.0,0.0,,,,,,,0.0,,,,,,,,,,,38,1,2020_Jan_24_1102,FaceNameBlocked_revised,3.0.0,85.0411250032935,,NaN
117,Male2Block.csv,Dylan3.mp4,Dylan.JPG,Dylan,40.0,M,Dylan,Tyler,Thomas,Steven,Brandon,Kyle,Mark,David,Daniel,Jason,0.0,0.0,5.0,5.0,4.0,,,,,0.0,6.0,6.0,0.0,,,,,, dylan,"['d', 'y', 'l', 's', 'backspace', 'a', 'n']","[2.966328898910433, 3.3889507909771055, 3.859872395871207, 4.271303873043507, 5.12960556987673, 5.8709979630075395, 6.200597770046443]",5.0,5.0,2.4846245190128684,,,38,1,2020_Jan_24_1102,FaceNameBlocked_revised,3.0.0,85.0411250032935,,2.9663288
17,Fem3Block.csv,Emily5.mp4,Emily.JPG,Emily,8.0,F,Megan,Lauren,Emily,Amanda,Hannah,Brittany,Brianna,Rebecca,Shelby,Natalie,2.0,0.0,0.0,0.0,2.0,,,,,0.0,6.0,6.0,2.0,,,,,, lauren,"['l', 'a', 'u', 'r', 'e', 'n']","[1.7180366478860378, 1.9434932959266007, 2.2020556298084557, 2.379363820888102, 2.4611328018363565, 2.6943521657958627]",2.0,1.0,5.693007190944628,,,38,1,2020_Jan_24_1102,FaceNameBlocked_revised,3.0.0,85.0411250032935,,1.7180366
3,Fem3Block.csv,Emily5.mp4,Emily.JPG,Emily,8.0,F,Megan,Lauren,Emily,Amanda,Hannah,Brittany,Brianna,Rebecca,Shelby,Natalie,2.0,0.0,0.0,0.0,2.0,0.0,2.0,2.0,2.0,,,,,,,0.0,,,,,,,,,,,38,1,2020_Jan_24_1102,FaceNameBlocked_revised,3.0.0,85.0411250032935,,NaN
40,Male3Block.csv,Eric2.mp4,Eric.JPG,Eric,41.0,M,Andrew,Trevor,Kevin,Eric,Cody,Jeremy,Caleb,Matthew,Aaron,Noah,3.0,0.0,1.0,1.0,5.0,,,,,0.0,9.0,9.0,3.0,,,,,, ,None,,4.0,5.0,2.6960246248636395,,,38,1,2020_Jan_24_1102,FaceNameBlocked_revised,3.0.0,85.0411250032935,,NaN
21,Male3Block.csv,Eric2.mp4,Eric.JPG,Eric,41.0,M,Andrew,Trevor,Kevin,Eric,Cody,Jeremy,Caleb,Matthew,Aaron,Noah,3.0,0.0,1.0,1.0,5.0,0.0,0.0,0.0,3.0,,,,,,,1.0,,,,,,,,,,,38,1,2020_Jan_24_1102,FaceNameBlocked_revised,3.0.0,85.0411250032935,,NaN
89,Male1Block.csv,Ethan2.mp4,Ethan.JPG,Ethan,42.0,M,Josh,Ethan,Bradley,Adam,Michael,Nathan,Timothy,Jacob,Brian,Justin,1.0,0.0,4.0,4.0,3.0,0.0,8.0,8.0,1.0,,,,,,,1.0,,,,,,,,,,,38,1,2020_Jan_24_1102,FaceNameBlocked_revised,3.0.0,85.0411250032935,,NaN
100,Male1Block.csv,Ethan2.mp4,Ethan.JPG,Ethan,42.0,M,Josh,Ethan,Bradley,Adam,Michael,Nathan,Timothy,Jacob,Brian,Justin,1.0,0.0,4.0,4.0,3.0,,,,,0.0,9.0,9.0,1.0,,,,,, ,None,,2.0,4.0,3.707202109042555,,,38,1,2020_Jan_24_1102,FaceNameBlocked_revised,3.0.0,85.0411250032935,,NaN
69,Fem1Block.csv,Grace3.mp4,Grace.JPG,Grace,9.0,F,Rachel,Jessica,Kayla,Michelle,Ashley,Heather,Kelsey,Anna,Grace,Julia,8.0,0.0,3.0,3.0,0.0,0.0,8.0,8.0,8.0,,,,,,,1.0,,,,,,,,,,,38,1,2020_Jan_24_1102,FaceNameBlocked_revised,3.0.0,85.0411250032935,,NaN
75,Fem1Block.csv,Grace3.mp4,Grace.JPG,Grace,9.0,F,Rachel,Jessica,Kayla,Michelle,Ashley,Heather,Kelsey,Anna,Grace,Julia,8.0,0.0,3.0,3.0,0.0,,,,,0.0,4.0,4.0,8.0,,,,,, grace,"['g', 'r', 'a', 'c', 'e']","[8.894375920994207, 8.999385457951576, 9.12983209011145, 9.29416416096501, 9.423108193092048]",1.0,1.0,1.8502611801959572,,,38,1,2020_Jan_24_1102,FaceNameBlocked_revised,3.0.0,85.0411250032935,,8.8943759
60,Fem2Block.csv,Haley2.mp4,Haley.JPG,Haley,10.0,F,Katie,Nicole,Danielle,Olivia,Sarah,Courtney,Haley,Taylor,Alyssa,Jenna,6.0,0.0,2.0,2.0,1.0,,,,,0.0,9.0,9.0,6.0,,,,,, ,None,,3.0,2.0,2.202288747066632,,,38,1,2020_Jan_24_1102,FaceNameBlocked_revised,3.0.0,85.0411250032935,,NaN
43,Fem2Block.csv,Haley2.mp4,Haley.JPG,Haley,10.0,F,Katie,Nicole,Danielle,Olivia,Sarah,Courtney,Haley,Taylor,Alyssa,Jenna,6.0,0.0,2.0,2.0,1.0,0.0,2.0,2.0,6.0,,,,,,,0.0,,,,,,,,,,,38,1,2020_Jan_24_1102,FaceNameBlocked_revised,3.0.0,85.0411250032935,,NaN
6,Fem3Block.csv,Hannah2.mp4,Hannah.JPG,Hannah,11.0,F,Megan,Lauren,Emily,Amanda,Hannah,Brittany,Brianna,Rebecca,Shelby,Natalie,4.0,0.0,0.0,0.0,2.0,0.0,5.0,5.0,4.0,,,,,,,0.0,,,,,,,,,,,38,1,2020_Jan_24_1102,FaceNameBlocked_revised,3.0.0,85.0411250032935,,NaN
18,Fem3Block.csv,Hannah2.mp4,Hannah.JPG,Hannah,11.0,F,Megan,Lauren,Emily,Amanda,Hannah,Brittany,Brianna,Rebecca,Shelby,Natalie,4.0,0.0,0.0,0.0,2.0,,,,,0.0,7.0,7.0,4.0,,,,,, lauren,"['l', 'a', 'u', 'r', 'e', 'n']","[2.849125480046496, 2.979215156985447, 3.2492606518790126, 3.3880667549092323, 3.496042154962197, 3.588927363976836]",2.0,4.0,3.3992970660328865,,,38,1,2020_Jan_24_1102,FaceNameBlocked_revised,3.0.0,85.0411250032935,,2.8491254
65,Fem1Block.csv,Heather3.mp4,Heather.JPG,Heather,12.0,F,Rachel,Jessica,Kayla,Michelle,Ashley,Heather,Kelsey,Anna,Grace,Julia,5.0,0.0,3.0,3.0,0.0,0.0,4.0,4.0,5.0,,,,,,,1.0,,,,,,,,,,,38,1,2020_Jan_24_1102,FaceNameBlocked_revised,3.0.0,85.0411250032935,,NaN
80,Fem1Block.csv,Heather3.mp4,Heather.JPG,Heather,12.0,F,Rachel,Jessica,Kayla,Michelle,Ashley,Heather,Kelsey,Anna,Grace,Julia,5.0,0.0,3.0,3.0,0.0,,,,,0.0,9.0,9.0,5.0,,,,,, ,None,,4.0,3.0,5.952589901862667,,,38,1,2020_Jan_24_1102,FaceNameBlocked_revised,3.0.0,85.0411250032935,,NaN
99,Male1Block.csv,Jacob3.mp4,Jacob.JPG,Jacob,43.0,M,Josh,Ethan,Bradley,Adam,Michael,Nathan,Timothy,Jacob,Brian,Justin,7.0,0.0,4.0,4.0,3.0,,,,,0.0,8.0,8.0,7.0,,,,,, ,None,,4.0,4.0,2.9778946018777788,,,38,1,2020_Jan_24_1102,FaceNameBlocked_revised,3.0.0,85.0411250032935,,NaN
86,Male1Block.csv,Jacob3.mp4,Jacob.JPG,Jacob,43.0,M,Josh,Ethan,Bradley,Adam,Michael,Nathan,Timothy,Jacob,Brian,Justin,7.0,0.0,4.0,4.0,3.0,0.0,5.0,5.0,7.0,,,,,,,0.0,,,,,,,,,,,38,1,2020_Jan_24_1102,FaceNameBlocked_revised,3.0.0,85.0411250032935,,NaN
115,Male2Block.csv,Jason4.mp4,Jason.JPG,Jason,44.0,M,Dylan,Tyler,Thomas,Steven,Brandon,Kyle,Mark,David,Daniel,Jason,9.0,0.0,5.0,5.0,4.0,,,,,0.0,4.0,4.0,9.0,,,,,, ,None,,5.0,2.0,6.906017719069497,,,38,1,2020_Jan_24_1102,FaceNameBlocked_revised,3.0.0,85.0411250032935,,NaN
109,Male2Block.csv,Jason4.mp4,Jason.JPG,Jason,44.0,M,Dylan,Tyler,Thomas,Steven,Brandon,Kyle,Mark,David,Daniel,Jason,9.0,0.0,5.0,5.0,4.0,0.0,8.0,8.0,9.0,,,,,,,1.0,,,,,,,,,,,38,1,2020_Jan_24_1102,FaceNameBlocked_revised,3.0.0,85.0411250032935,,NaN
44,Fem2Block.csv,Jenna4.mp4,Jenna.JPG,Jenna,13.0,F,Katie,Nicole,Danielle,Olivia,Sarah,Courtney,Haley,Taylor,Alyssa,Jenna,9.0,0.0,2.0,2.0,1.0,0.0,3.0,3.0,9.0,,,,,,,1.0,,,,,,,,,,,38,1,2020_Jan_24_1102,FaceNameBlocked_revised,3.0.0,85.0411250032935,,NaN
59,Fem2Block.csv,Jenna4.mp4,Jenna.JPG,Jenna,13.0,F,Katie,Nicole,Danielle,Olivia,Sarah,Courtney,Haley,Taylor,Alyssa,Jenna,9.0,0.0,2.0,2.0,1.0,,,,,0.0,8.0,8.0,9.0,,,,,, ,None,,5.0,5.0,5.1420073460321865,,,38,1,2020_Jan_24_1102,FaceNameBlocked_revised,3.0.0,85.0411250032935,,NaN
30,Male3Block.csv,Jeremy2.mp4,Jeremy.JPG,Jeremy,45.0,M,Andrew,Trevor,Kevin,Eric,Cody,Jeremy,Caleb,Matthew,Aaron,Noah,5.0,0.0,1.0,1.0,5.0,0.0,9.0,9.0,5.0,,,,,,,1.0,,,,,,,,,,,38,1,2020_Jan_24_1102,FaceNameBlocked_revised,3.0.0,85.0411250032935,,NaN
38,Male3Block.csv,Jeremy2.mp4,Jeremy.JPG,Jeremy,45.0,M,Andrew,Trevor,Kevin,Eric,Cody,Jeremy,Caleb,Matthew,Aaron,Noah,5.0,0.0,1.0,1.0,5.0,,,,,0.0,7.0,7.0,5.0,,,,,, ,None,,2.0,2.0,2.6137477939482783,,,38,1,2020_Jan_24_1102,FaceNameBlocked_revised,3.0.0,85.0411250032935,,NaN
64,Fem1Block.csv,Jessica2.mp4,Jessica.JPG,Jessica,14.0,F,Rachel,Jessica,Kayla,Michelle,Ashley,Heather,Kelsey,Anna,Grace,Julia,1.0,0.0,3.0,3.0,0.0,0.0,3.0,3.0,1.0,,,,,,,1.0,,,,,,,,,,,38,1,2020_Jan_24_1102,FaceNameBlocked_revised,3.0.0,85.0411250032935,,NaN
74,Fem1Block.csv,Jessica2.mp4,Jessica.JPG,Jessica,14.0,F,Rachel,Jessica,Kayla,Michelle,Ashley,Heather,Kelsey,Anna,Grace,Julia,1.0,0.0,3.0,3.0,0.0,,,,,0.0,3.0,3.0,1.0,,,,,, ,None,,1.0,3.0,3.613500098930672,,,38,1,2020_Jan_24_1102,FaceNameBlocked_revised,3.0.0,85.0411250032935,,NaN
83,Male1Block.csv,Josh3.mp4,Josh.JPG,Josh,46.0,M,Josh,Ethan,Bradley,Adam,Michael,Nathan,Timothy,Jacob,Brian,Justin,0.0,0.0,4.0,4.0,3.0,0.0,2.0,2.0,0.0,,,,,,,0.0,,,,,,,,,,,38,1,2020_Jan_24_1102,FaceNameBlocked_revised,3.0.0,85.0411250032935,,NaN
93,Male1Block.csv,Josh3.mp4,Josh.JPG,Josh,46.0,M,Josh,Ethan,Bradley,Adam,Michael,Nathan,Timothy,Jacob,Brian,Justin,0.0,0.0,4.0,4.0,3.0,,,,,0.0,2.0,2.0,0.0,,,,,, josh,"['j', 'o', 's', 'h']","[1.694868857972324, 1.7676315458957106, 1.944225492887199, 2.0964205448981375]",4.0,4.0,2.0146965149324387,,,38,1,2020_Jan_24_1102,FaceNameBlocked_revised,3.0.0,85.0411250032935,,1.6948688
78,Fem1Block.csv,Julia2.mp4,Julia.JPG,Julia,15.0,F,Rachel,Jessica,Kayla,Michelle,Ashley,Heather,Kelsey,Anna,Grace,Julia,9.0,0.0,3.0,3.0,0.0,,,,,0.0,7.0,7.0,9.0,,,,,, ,None,,5.0,1.0,12.081799829844384,,,38,1,2020_Jan_24_1102,FaceNameBlocked_revised,3.0.0,85.0411250032935,,NaN
70,Fem1Block.csv,Julia2.mp4,Julia.JPG,Julia,15.0,F,Rachel,Jessica,Kayla,Michelle,Ashley,Heather,Kelsey,Anna,Grace,Julia,9.0,0.0,3.0,3.0,0.0,0.0,9.0,9.0,9.0,,,,,,,1.0,,,,,,,,,,,38,1,2020_Jan_24_1102,FaceNameBlocked_revised,3.0.0,85.0411250032935,,NaN
92,Male1Block.csv,Justin2.mp4,Justin.JPG,Justin,47.0,M,Josh,Ethan,Bradley,Adam,Michael,Nathan,Timothy,Jacob,Brian,Justin,9.0,0.0,4.0,4.0,3.0,,,,,0.0,1.0,1.0,9.0,,,,,, justin,"['j', 'u', 's', 't', 'i', 'n']","[2.694225159008056, 2.919581823050976, 3.108362543862313, 3.4137601119000465, 3.731891928007826, 3.8481054978910834]",2.0,2.0,2.0946919980924577,,,38,1,2020_Jan_24_1102,FaceNameBlocked_revised,3.0.0,85.0411250032935,,2.6942251
81,Male1Block.csv,Justin2.mp4,Justin.JPG,Justin,47.0,M,Josh,Ethan,Bradley,Adam,Michael,Nathan,Timothy,Jacob,Brian,Justin,9.0,0.0,4.0,4.0,3.0,0.0,0.0,0.0,9.0,,,,,,,1.0,,,,,,,,,,,38,1,2020_Jan_24_1102,FaceNameBlocked_revised,3.0.0,85.0411250032935,,NaN
48,Fem2Block.csv,Katie2.mp4,Katie.JPG,Katie,16.0,F,Katie,Nicole,Danielle,Olivia,Sarah,Courtney,Haley,Taylor,Alyssa,Jenna,0.0,0.0,2.0,2.0,1.0,0.0,7.0,7.0,0.0,,,,,,,0.0,,,,,,,,,,,38,1,2020_Jan_24_1102,FaceNameBlocked_revised,3.0.0,85.0411250032935,,NaN
58,Fem2Block.csv,Katie2.mp4,Katie.JPG,Katie,16.0,F,Katie,Nicole,Danielle,Olivia,Sarah,Courtney,Haley,Taylor,Alyssa,Jenna,0.0,0.0,2.0,2.0,1.0,,,,,0.0,7.0,7.0,0.0,,,,,, katie,"['k', 'a', 't', 'i', 'e']","[1.9566773830447346, 2.1435707309283316, 2.2144203970674425, 2.4256602621171623, 2.543747462099418]",1.0,1.0,2.2138394601643085,,,38,1,2020_Jan_24_1102,FaceNameBlocked_revised,3.0.0,85.0411250032935,,1.9566773
66,Fem1Block.csv,Kayla3.mp4,Kayla.JPG,Kayla,17.0,F,Rachel,Jessica,Kayla,Michelle,Ashley,Heather,Kelsey,Anna,Grace,Julia,2.0,0.0,3.0,3.0,0.0,0.0,5.0,5.0,2.0,,,,,,,0.0,,,,,,,,,,,38,1,2020_Jan_24_1102,FaceNameBlocked_revised,3.0.0,85.0411250032935,,NaN
71,Fem1Block.csv,Kayla3.mp4,Kayla.JPG,Kayla,17.0,F,Rachel,Jessica,Kayla,Michelle,Ashley,Heather,Kelsey,Anna,Grace,Julia,2.0,0.0,3.0,3.0,0.0,,,,,0.0,0.0,0.0,2.0,,,,space,9.376484426204117, ,None,,2.0,3.0,2.755920300958678,,,38,1,2020_Jan_24_1102,FaceNameBlocked_revised,3.0.0,85.0411250032935,,NaN
73,Fem1Block.csv,Kelsey2.mp4,Kelsey.JPG,Kelsey,18.0,F,Rachel,Jessica,Kayla,Michelle,Ashley,Heather,Kelsey,Anna,Grace,Julia,6.0,0.0,3.0,3.0,0.0,,,,,0.0,2.0,2.0,6.0,,,,,, ,None,,5.0,4.0,4.283760805847123,,,38,1,2020_Jan_24_1102,FaceNameBlocked_revised,3.0.0,85.0411250032935,,NaN
68,Fem1Block.csv,Kelsey2.mp4,Kelsey.JPG,Kelsey,18.0,F,Rachel,Jessica,Kayla,Michelle,Ashley,Heather,Kelsey,Anna,Grace,Julia,6.0,0.0,3.0,3.0,0.0,0.0,7.0,7.0,6.0,,,,,,,0.0,,,,,,,,,,,38,1,2020_Jan_24_1102,FaceNameBlocked_revised,3.0.0,85.0411250032935,,NaN
31,Male3Block.csv,Kevin2.mp4,Kevin.JPG,Kevin,48.0,M,Andrew,Trevor,Kevin,Eric,Cody,Jeremy,Caleb,Matthew,Aaron,Noah,2.0,0.0,1.0,1.0,5.0,,,,,0.0,0.0,0.0,2.0,,,,space,10.5411544800736, noah,"['n', 'o', 'a', 'h']","[3.0842045119497925, 3.5652687149122357, 3.9776718229986727, 4.70716903405264]",4.0,3.0,3.975577826844528,,,38,1,2020_Jan_24_1102,FaceNameBlocked_revised,3.0.0,85.0411250032935,,3.0842045
28,Male3Block.csv,Kevin2.mp4,Kevin.JPG,Kevin,48.0,M,Andrew,Trevor,Kevin,Eric,Cody,Jeremy,Caleb,Matthew,Aaron,Noah,2.0,0.0,1.0,1.0,5.0,0.0,7.0,7.0,2.0,,,,,,,0.0,,,,,,,,,,,38,1,2020_Jan_24_1102,FaceNameBlocked_revised,3.0.0,85.0411250032935,,NaN
108,Male2Block.csv,Kyle3.mp4,Kyle.JPG,Kyle,49.0,M,Dylan,Tyler,Thomas,Steven,Brandon,Kyle,Mark,David,Daniel,Jason,5.0,0.0,5.0,5.0,4.0,0.0,7.0,7.0,5.0,,,,,,,1.0,,,,,,,,,,,38,1,2020_Jan_24_1102,FaceNameBlocked_revised,3.0.0,85.0411250032935,,NaN
120,Male2Block.csv,Kyle3.mp4,Kyle.JPG,Kyle,49.0,M,Dylan,Tyler,Thomas,Steven,Brandon,Kyle,Mark,David,Daniel,Jason,5.0,0.0,5.0,5.0,4.0,,,,,0.0,9.0,9.0,5.0,,,,,, kyle,"['k', 'y', 'l', 'e']","[2.260414454853162, 3.1078231169376522, 4.092687368858606, 4.706416934961453]",3.0,3.0,2.2369139939546585,,,38,1,2020_Jan_24_1102,FaceNameBlocked_revised,3.0.0,85.0411250032935,,2.2604144
20,Fem3Block.csv,Lauren4.mp4,Lauren.JPG,Lauren,19.0,F,Megan,Lauren,Emily,Amanda,Hannah,Brittany,Brianna,Rebecca,Shelby,Natalie,1.0,0.0,0.0,0.0,2.0,,,,,0.0,9.0,9.0,1.0,,,,,, megan,"['m', 'e', 'g', 'a', 'n']","[5.801622001919895, 6.295265401015058, 6.895098191918805, 7.388564790831879, 8.306354098021984]",5.0,1.0,5.966058779973537,,,38,1,2020_Jan_24_1102,FaceNameBlocked_revised,3.0.0,85.0411250032935,,5.8016220
10,Fem3Block.csv,Lauren4.mp4,Lauren.JPG,Lauren,19.0,F,Megan,Lauren,Emily,Amanda,Hannah,Brittany,Brianna,Rebecca,Shelby,Natalie,1.0,0.0,0.0,0.0,2.0,0.0,9.0,9.0,1.0,,,,,,,1.0,,,,,,,,,,,38,1,2020_Jan_24_1102,FaceNameBlocked_revised,3.0.0,85.0411250032935,,NaN
107,Male2Block.csv,Mark3.mp4,Mark.JPG,Mark,50.0,M,Dylan,Tyler,Thomas,Steven,Brandon,Kyle,Mark,David,Daniel,Jason,6.0,0.0,5.0,5.0,4.0,0.0,6.0,6.0,6.0,,,,,,,0.0,,,,,,,,,,,38,1,2020_Jan_24_1102,FaceNameBlocked_revised,3.0.0,85.0411250032935,,NaN
116,Male2Block.csv,Mark3.mp4,Mark.JPG,Mark,50.0,M,Dylan,Tyler,Thomas,Steven,Brandon,Kyle,Mark,David,Daniel,Jason,6.0,0.0,5.0,5.0,4.0,,,,,0.0,5.0,5.0,6.0,,,,,, ms,"['m', 's']","[9.422701585106552, 9.905029424931854]",3.0,3.0,1.3080383990891278,,,38,1,2020_Jan_24_1102,FaceNameBlocked_revised,3.0.0,85.0411250032935,,9.4227015
33,Male3Block.csv,Matthew2.mp4,Matthew.JPG,Matthew,51.0,M,Andrew,Trevor,Kevin,Eric,Cody,Jeremy,Caleb,Matthew,Aaron,Noah,7.0,0.0,1.0,1.0,5.0,,,,,0.0,2.0,2.0,7.0,,,,,, noah,"['n', 'o', 'a', 'h']","[3.026614563772455, 3.143695469945669, 3.332136657787487, 3.460929288994521]",1.0,4.0,4.483261338202284,,,38,1,2020_Jan_24_1102,FaceNameBlocked_revised,3.0.0,85.0411250032935,,3.0266145
27,Male3Block.csv,Matthew2.mp4,Matthew.JPG,Matthew,51.0,M,Andrew,Trevor,Kevin,Eric,Cody,Jeremy,Caleb,Matthew,Aaron,Noah,7.0,0.0,1.0,1.0,5.0,0.0,6.0,6.0,7.0,,,,,,,0.0,,,,,,,,,,,38,1,2020_Jan_24_1102,FaceNameBlocked_revised,3.0.0,85.0411250032935,,NaN
4,Fem3Block.csv,Megan2.mp4,Megan.JPG,Megan,20.0,F,Megan,Lauren,Emily,Amanda,Hannah,Brittany,Brianna,Rebecca,Shelby,Natalie,0.0,0.0,0.0,0.0,2.0,0.0,3.0,3.0,0.0,,,,,,,0.0,,,,,,,,,,,38,1,2020_Jan_24_1102,FaceNameBlocked_revised,3.0.0,85.0411250032935,,NaN
16,Fem3Block.csv,Megan2.mp4,Megan.JPG,Megan,20.0,F,Megan,Lauren,Emily,Amanda,Hannah,Brittany,Brianna,Rebecca,Shelby,Natalie,0.0,0.0,0.0,0.0,2.0,,,,,0.0,5.0,5.0,0.0,,,,,, hannah,"['h', 'a', 'n', 'n', 'a', 'h']","[2.3882370970677584, 2.637175261043012, 2.849275805056095, 3.014077658066526, 3.2138574551790953, 3.5322416101116687]",1.0,2.0,4.506981580052526,,,38,1,2020_Jan_24_1102,FaceNameBlocked_revised,3.0.0,85.0411250032935,,2.3882370
96,Male1Block.csv,Michael2.mp4,Michael.JPG,Michael,52.0,M,Josh,Ethan,Bradley,Adam,Michael,Nathan,Timothy,Jacob,Brian,Justin,4.0,0.0,4.0,4.0,3.0,,,,,0.0,5.0,5.0,4.0,,,,,, ,None,,4.0,2.0,1.494730588980019,,,38,1,2020_Jan_24_1102,FaceNameBlocked_revised,3.0.0,85.0411250032935,,NaN
82,Male1Block.csv,Michael2.mp4,Michael.JPG,Michael,52.0,M,Josh,Ethan,Bradley,Adam,Michael,Nathan,Timothy,Jacob,Brian,Justin,4.0,0.0,4.0,4.0,3.0,0.0,1.0,1.0,4.0,,,,,,,0.0,,,,,,,,,,,38,1,2020_Jan_24_1102,FaceNameBlocked_revised,3.0.0,85.0411250032935,,NaN
61,Fem1Block.csv,Michelle2.mp4,Michelle.JPG,Michelle,21.0,F,Rachel,Jessica,Kayla,Michelle,Ashley,Heather,Kelsey,Anna,Grace,Julia,3.0,0.0,3.0,3.0,0.0,0.0,0.0,0.0,3.0,,,,,,,1.0,,,,,,,,,,,38,1,2020_Jan_24_1102,FaceNameBlocked_revised,3.0.0,85.0411250032935,,NaN
79,Fem1Block.csv,Michelle2.mp4,Michelle.JPG,Michelle,21.0,F,Rachel,Jessica,Kayla,Michelle,Ashley,Heather,Kelsey,Anna,Grace,Julia,3.0,0.0,3.0,3.0,0.0,,,,,0.0,8.0,8.0,3.0,,,,,, ,None,,4.0,1.0,2.998730420833453,,,38,1,2020_Jan_24_1102,FaceNameBlocked_revised,3.0.0,85.0411250032935,,NaN
7,Fem3Block.csv,Natalie3.mp4,Natalie.JPG,Natalie,22.0,F,Megan,Lauren,Emily,Amanda,Hannah,Brittany,Brianna,Rebecca,Shelby,Natalie,9.0,0.0,0.0,0.0,2.0,0.0,6.0,6.0,9.0,,,,,,,1.0,,,,,,,,,,,38,1,2020_Jan_24_1102,FaceNameBlocked_revised,3.0.0,85.0411250032935,,NaN
14,Fem3Block.csv,Natalie3.mp4,Natalie.JPG,Natalie,22.0,F,Megan,Lauren,Emily,Amanda,Hannah,Brittany,Brianna,Rebecca,Shelby,Natalie,9.0,0.0,0.0,0.0,2.0,,,,,0.0,3.0,3.0,9.0,,,,,, natalie,"['n', 't', 'backspace', 'a', 't', 'a', 'l', 'i', 'e']","[2.154131912160665, 3.0835222201421857, 4.012174731120467, 4.270981106208637, 4.433755679987371, 4.588569325162098, 5.576983114005998, 6.1420337851159275, 6.482750752009451]",2.0,2.0,1.8258123160339887,,,38,1,2020_Jan_24_1102,FaceNameBlocked_revised,3.0.0,85.0411250032935,,2.1541319
88,Male1Block.csv,Nathan3.mp4,Nathan.JPG,Nathan,53.0,M,Josh,Ethan,Bradley,Adam,Michael,Nathan,Timothy,Jacob,Brian,Justin,5.0,0.0,4.0,4.0,3.0,0.0,7.0,7.0,5.0,,,,,,,1.0,,,,,,,,,,,38,1,2020_Jan_24_1102,FaceNameBlocked_revised,3.0.0,85.0411250032935,,NaN
95,Male1Block.csv,Nathan3.mp4,Nathan.JPG,Nathan,53.0,M,Josh,Ethan,Bradley,Adam,Michael,Nathan,Timothy,Jacob,Brian,Justin,5.0,0.0,4.0,4.0,3.0,,,,,0.0,4.0,4.0,5.0,,,,,, nathan,"['n', 'a', 'h', 'a', 'backspace', 'backspace', 't', 'h', 'a', 'm', 'backspace', 'm', 'backspace', 'm', 'backspace', 'n']","[2.542000124929473, 2.930457365931943, 3.366406267043203, 3.5777443659026176, 4.576778857037425, 4.824093713890761, 5.07224805187434, 5.164906926918775, 5.248594116885215, 5.436212092870846, 6.081821179017425, 6.424346274929121, 6.880724295973778, 7.576744668884203, 8.05815424094908, 8.552592835854739]",5.0,5.0,1.8256353707984092,,,38,1,2020_Jan_24_1102,FaceNameBlocked_revised,3.0.0,85.0411250032935,,2.5420001
49,Fem2Block.csv,Nicole2.mp4,Nicole.JPG,Nicole,23.0,F,Katie,Nicole,Danielle,Olivia,Sarah,Courtney,Haley,Taylor,Alyssa,Jenna,1.0,0.0,2.0,2.0,1.0,0.0,8.0,8.0,1.0,,,,,,,1.0,,,,,,,,,,,38,1,2020_Jan_24_1102,FaceNameBlocked_revised,3.0.0,85.0411250032935,,NaN
57,Fem2Block.csv,Nicole2.mp4,Nicole.JPG,Nicole,23.0,F,Katie,Nicole,Danielle,Olivia,Sarah,Courtney,Haley,Taylor,Alyssa,Jenna,1.0,0.0,2.0,2.0,1.0,,,,,0.0,6.0,6.0,1.0,,,,,, katie,"['k', 'a', 't', 'i', 'e']","[1.6027219260577112, 1.7562133639585227, 1.8033498749136925, 2.049496698891744, 2.143784126965329]",5.0,5.0,6.7746315819676965,,,38,1,2020_Jan_24_1102,FaceNameBlocked_revised,3.0.0,85.0411250032935,,1.6027219
29,Male3Block.csv,Noah2.mp4,Noah.JPG,Noah,54.0,M,Andrew,Trevor,Kevin,Eric,Cody,Jeremy,Caleb,Matthew,Aaron,Noah,9.0,0.0,1.0,1.0,5.0,0.0,8.0,8.0,9.0,,,,,,,1.0,,,,,,,,,,,38,1,2020_Jan_24_1102,FaceNameBlocked_revised,3.0.0,85.0411250032935,,NaN
37,Male3Block.csv,Noah2.mp4,Noah.JPG,Noah,54.0,M,Andrew,Trevor,Kevin,Eric,Cody,Jeremy,Caleb,Matthew,Aaron,Noah,9.0,0.0,1.0,1.0,5.0,,,,,0.0,6.0,6.0,9.0,,,,,, ,None,,1.0,4.0,3.9080692038405687,,,38,1,2020_Jan_24_1102,FaceNameBlocked_revised,3.0.0,85.0411250032935,,NaN
51,Fem2Block.csv,Olivia3.mp4,Olivia.JPG,Olivia,24.0,F,Katie,Nicole,Danielle,Olivia,Sarah,Courtney,Haley,Taylor,Alyssa,Jenna,3.0,0.0,2.0,2.0,1.0,,,,,0.0,0.0,0.0,3.0,,,,space,2.6606785829644646, olivia,"['o', 'l', 'i', 'v', 'i', 'a']","[5.7667133051436394, 6.094703984213993, 6.341657130047679, 6.542212126078084, 6.645891156047583, 6.789149617077783]",1.0,1.0,1.6832318340893837,,,38,1,2020_Jan_24_1102,FaceNameBlocked_revised,3.0.0,85.0411250032935,,5.7667133
42,Fem2Block.csv,Olivia3.mp4,Olivia.JPG,Olivia,24.0,F,Katie,Nicole,Danielle,Olivia,Sarah,Courtney,Haley,Taylor,Alyssa,Jenna,3.0,0.0,2.0,2.0,1.0,0.0,1.0,1.0,3.0,,,,,,,1.0,,,,,,,,,,,38,1,2020_Jan_24_1102,FaceNameBlocked_revised,3.0.0,85.0411250032935,,NaN
72,Fem1Block.csv,Rachel3.mp4,Rachel.JPG,Rachel,25.0,F,Rachel,Jessica,Kayla,Michelle,Ashley,Heather,Kelsey,Anna,Grace,Julia,0.0,0.0,3.0,3.0,0.0,,,,,0.0,1.0,1.0,0.0,,,,,, ,None,,5.0,5.0,5.695974462898447,,,38,1,2020_Jan_24_1102,FaceNameBlocked_revised,3.0.0,85.0411250032935,,NaN
62,Fem1Block.csv,Rachel3.mp4,Rachel.JPG,Rachel,25.0,F,Rachel,Jessica,Kayla,Michelle,Ashley,Heather,Kelsey,Anna,Grace,Julia,0.0,0.0,3.0,3.0,0.0,0.0,1.0,1.0,0.0,,,,,,,0.0,,,,,,,,,,,38,1,2020_Jan_24_1102,FaceNameBlocked_revised,3.0.0,85.0411250032935,,NaN
13,Fem3Block.csv,Rebecca3.mp4,Rebecca.JPG,Rebecca,26.0,F,Megan,Lauren,Emily,Amanda,Hannah,Brittany,Brianna,Rebecca,Shelby,Natalie,7.0,0.0,0.0,0.0,2.0,,,,,0.0,2.0,2.0,7.0,,,,,, rebecca,"['r', 'e', 'b', 'e', 'c', 'c', 'a']","[2.199535194085911, 2.4822644621599466, 2.8230412879493088, 3.0234243220184, 3.341296568978578, 3.6229756879620254, 3.7293895450420678]",1.0,1.0,1.9302858950104564,,,38,1,2020_Jan_24_1102,FaceNameBlocked_revised,3.0.0,85.0411250032935,,2.1995351
5,Fem3Block.csv,Rebecca3.mp4,Rebecca.JPG,Rebecca,26.0,F,Megan,Lauren,Emily,Amanda,Hannah,Brittany,Brianna,Rebecca,Shelby,Natalie,7.0,0.0,0.0,0.0,2.0,0.0,4.0,4.0,7.0,,,,,,,0.0,,,,,,,,,,,38,1,2020_Jan_24_1102,FaceNameBlocked_revised,3.0.0,85.0411250032935,,NaN
46,Fem2Block.csv,Sarah2.mp4,Sarah.JPG,Sarah,27.0,F,Katie,Nicole,Danielle,Olivia,Sarah,Courtney,Haley,Taylor,Alyssa,Jenna,4.0,0.0,2.0,2.0,1.0,0.0,5.0,5.0,4.0,,,,,,,0.0,,,,,,,,,,,38,1,2020_Jan_24_1102,FaceNameBlocked_revised,3.0.0,85.0411250032935,,NaN
53,Fem2Block.csv,Sarah2.mp4,Sarah.JPG,Sarah,27.0,F,Katie,Nicole,Danielle,Olivia,Sarah,Courtney,Haley,Taylor,Alyssa,Jenna,4.0,0.0,2.0,2.0,1.0,,,,,0.0,2.0,2.0,4.0,,,,,, sarah,"['s', 'a', 'r', 'a', 'h']","[1.5552220880053937, 1.8140944230835885, 2.0030392319895327, 2.1532231809105724, 2.4484621949959546]",1.0,1.0,1.7175176050513985,,,38,1,2020_Jan_24_1102,FaceNameBlocked_revised,3.0.0,85.0411250032935,,1.5552220
12,Fem3Block.csv,Shelby2.mp4,Shelby.JPG,Shelby,28.0,F,Megan,Lauren,Emily,Amanda,Hannah,Brittany,Brianna,Rebecca,Shelby,Natalie,8.0,0.0,0.0,0.0,2.0,,,,,0.0,1.0,1.0,8.0,,,,,, shelby,"['s', 'h', 'e', 'l', 'b', 'y']","[3.1193503509275615, 3.401164809940383, 3.6596311079338193, 4.55333276395686, 5.024539954960346, 5.1768596498295665]",1.0,1.0,1.3895505988039076,,,38,1,2020_Jan_24_1102,FaceNameBlocked_revised,3.0.0,85.0411250032935,,3.1193503
2,Fem3Block.csv,Shelby2.mp4,Shelby.JPG,Shelby,28.0,F,Megan,Lauren,Emily,Amanda,Hannah,Brittany,Brianna,Rebecca,Shelby,Natalie,8.0,0.0,0.0,0.0,2.0,0.0,1.0,1.0,8.0,,,,,,,1.0,,,,,,,,,,,38,1,2020_Jan_24_1102,FaceNameBlocked_revised,3.0.0,85.0411250032935,,NaN
111,Male2Block.csv,Steven2.mp4,Steven.JPG,Steven,55.0,M,Dylan,Tyler,Thomas,Steven,Brandon,Kyle,Mark,David,Daniel,Jason,3.0,0.0,5.0,5.0,4.0,,,,,0.0,0.0,0.0,3.0,,,,space,2.3410032950341697, ,None,,4.0,1.0,2.4138870988972485,,,38,1,2020_Jan_24_1102,FaceNameBlocked_revised,3.0.0,85.0411250032935,,NaN
103,Male2Block.csv,Steven2.mp4,Steven.JPG,Steven,55.0,M,Dylan,Tyler,Thomas,Steven,Brandon,Kyle,Mark,David,Daniel,Jason,3.0,0.0,5.0,5.0,4.0,0.0,2.0,2.0,3.0,,,,,,,1.0,,,,,,,,,,,38,1,2020_Jan_24_1102,FaceNameBlocked_revised,3.0.0,85.0411250032935,,NaN
52,Fem2Block.csv,Taylor4.mp4,Taylor.JPG,Taylor,29.0,F,Katie,Nicole,Danielle,Olivia,Sarah,Courtney,Haley,Taylor,Alyssa,Jenna,7.0,0.0,2.0,2.0,1.0,,,,,0.0,1.0,1.0,7.0,,,,,, alyssa,"['a', 'l', 'y', 's', 's', 'a']","[2.236363320145756, 2.601679292973131, 3.0125851340126246, 3.2025730710010976, 3.5310100510250777, 3.7539089899510145]",1.0,1.0,1.5562494229525328,,,38,1,2020_Jan_24_1102,FaceNameBlocked_revised,3.0.0,85.0411250032935,,2.2363633
47,Fem2Block.csv,Taylor4.mp4,Taylor.JPG,Taylor,29.0,F,Katie,Nicole,Danielle,Olivia,Sarah,Courtney,Haley,Taylor,Alyssa,Jenna,7.0,0.0,2.0,2.0,1.0,0.0,6.0,6.0,7.0,,,,,,,0.0,,,,,,,,,,,38,1,2020_Jan_24_1102,FaceNameBlocked_revised,3.0.0,85.0411250032935,,NaN
105,Male2Block.csv,Thomas2.mp4,Thomas.JPG,Thomas,56.0,M,Dylan,Tyler,Thomas,Steven,Brandon,Kyle,Mark,David,Daniel,Jason,2.0,0.0,5.0,5.0,4.0,0.0,4.0,4.0,2.0,,,,,,,0.0,,,,,,,,,,,38,1,2020_Jan_24_1102,FaceNameBlocked_revised,3.0.0,85.0411250032935,,NaN
119,Male2Block.csv,Thomas2.mp4,Thomas.JPG,Thomas,56.0,M,Dylan,Tyler,Thomas,Steven,Brandon,Kyle,Mark,David,Daniel,Jason,2.0,0.0,5.0,5.0,4.0,,,,,0.0,8.0,8.0,2.0,,,,,, ,None,,1.0,4.0,4.389749621041118,,,38,1,2020_Jan_24_1102,FaceNameBlocked_revised,3.0.0,85.0411250032935,,NaN
87,Male1Block.csv,Timothy3.mp4,Timothy.JPG,Timothy,57.0,M,Josh,Ethan,Bradley,Adam,Michael,Nathan,Timothy,Jacob,Brian,Justin,6.0,0.0,4.0,4.0,3.0,0.0,6.0,6.0,6.0,,,,,,,0.0,,,,,,,,,,,38,1,2020_Jan_24_1102,FaceNameBlocked_revised,3.0.0,85.0411250032935,,NaN
91,Male1Block.csv,Timothy3.mp4,Timothy.JPG,Timothy,57.0,M,Josh,Ethan,Bradley,Adam,Michael,Nathan,Timothy,Jacob,Brian,Justin,6.0,0.0,4.0,4.0,3.0,,,,,0.0,0.0,0.0,6.0,,,,space,15.810488192131743, ,None,,4.0,4.0,2.22516223997809,,,38,1,2020_Jan_24_1102,FaceNameBlocked_revised,3.0.0,85.0411250032935,,NaN
32,Male3Block.csv,Trevor2.mp4,Trevor.JPG,Trevor,58.0,M,Andrew,Trevor,Kevin,Eric,Cody,Jeremy,Caleb,Matthew,Aaron,Noah,1.0,0.0,1.0,1.0,5.0,,,,,0.0,1.0,1.0,1.0,,,,,, ,"['t', 'r', 'v', 'o', 'r', 'backspace', 'backspace', 'backspace', 'backspace', 'backspace']","[4.271686332998797, 4.330806574784219, 5.3070891899988055, 5.49539389484562, 5.811964644817635, 6.835469624958932, 7.047343524871394, 7.682124375831336, 7.928777757799253, 8.269782964838669]",4.0,4.0,3.1058990501333033,,,38,1,2020_Jan_24_1102,FaceNameBlocked_revised,3.0.0,85.0411250032935,,4.2716863
24,Male3Block.csv,Trevor2.mp4,Trevor.JPG,Trevor,58.0,M,Andrew,Trevor,Kevin,Eric,Cody,Jeremy,Caleb,Matthew,Aaron,Noah,1.0,0.0,1.0,1.0,5.0,0.0,3.0,3.0,1.0,,,,,,,1.0,,,,,,,,,,,38,1,2020_Jan_24_1102,FaceNameBlocked_revised,3.0.0,85.0411250032935,,NaN
113,Male2Block.csv,Tyler3.mp4,Tyler.JPG,Tyler,59.0,M,Dylan,Tyler,Thomas,Steven,Brandon,Kyle,Mark,David,Daniel,Jason,1.0,0.0,5.0,5.0,4.0,,,,,0.0,2.0,2.0,1.0,,,,,, tyler,"['t', 'y', 'l', 'e', 'r', 't', 'backspace']","[6.8470339509658515, 7.023827112978324, 7.4349586989264935, 7.98853828990832, 8.23532238486223, 9.209195154020563]",4.0,4.0,2.5183518521953374,,,38,1,2020_Jan_24_1102,FaceNameBlocked_revised,3.0.0,85.0411250032935,,6.8470339
102,Male2Block.csv,Tyler3.mp4,Tyler.JPG,Tyler,59.0,M,Dylan,Tyler,Thomas,Steven,Brandon,Kyle,Mark,David,Daniel,Jason,1.0,0.0,5.0,5.0,4.0,0.0,1.0,1.0,1.0,,,,,,,1.0,,,,,,,,,,,38,1,2020_Jan_24_1102,FaceNameBlocked_revised,3.0.0,85.0411250032935,,NaN
0,,,,,,,,,,,,,,,,,,,,,,,,,,,,,,space,142.4693429148756,,,,,,,,,,,,38,1,2020_Jan_24_1102,FaceNameBlocked_revised,3.0.0,85.0411250032935,,NaN
121,,,,,,,,,,,,,,,,,,,,,,,,,,,,,,,,,,,,,,,,,space,638.2700420899782,38,1,2020_Jan_24_1102,FaceNameBlocked_revised,3.0.0,85.0411250032935,,NaN
