,condsBlockFile,Video,Photo,Name,Row,Gender,N1,N2,N3,N4,N5,N6,N7,N8,N9,N10,Row2,blocks.thisRepN,blocks.thisTrialN,blocks.thisN,blocks.thisIndex,presentations.thisRepN,presentations.thisTrialN,presentations.thisN,presentations.thisIndex,testing.thisRepN,testing.thisTrialN,testing.thisN,testing.thisIndex,advance_1.keys,advance_1.rt,currentCond,advance_2.keys,advance_2.rt,inputText,key_resp_3.keys,key_resp_3.rt,correctRecogSelection,keyResponse.keys,keyResponse.rt,end_key.keys,end_key.rt,participant,session,date,expName,psychopyVersion,frameRate,Unnamed: 48,key_resp3_fin
113,Male2Block.csv,Aaron2.mp4,Aaron.JPG,Aaron,30.0,M,Dylan,Timothy,Tyler,Josh,Mark,Ethan,Aaron,Jason,Kevin,Jeremy,6.0,0.0,5.0,5.0,4.0,,,,,0.0,2.0,2.0,6.0,,,,,, Jason,"['lshift', 'j', 'a', 's', 'o', 'n']","[2.772815207950771, 2.8942007640143856, 3.2940354319289327, 3.4122174499789253, 3.667430775007233, 3.8001619250280783]",3.0,2.0,3.0548991430550814,,,39,1,2020_Jan_24_1155,FaceNameBlocked_revised,3.0.0,74.91927334062561,,2.7728152
103,Male2Block.csv,Aaron2.mp4,Aaron.JPG,Aaron,30.0,M,Dylan,Timothy,Tyler,Josh,Mark,Ethan,Aaron,Jason,Kevin,Jeremy,6.0,0.0,5.0,5.0,4.0,0.0,2.0,2.0,6.0,,,,,,,0.0,,,,,,,,,,,39,1,2020_Jan_24_1155,FaceNameBlocked_revised,3.0.0,74.91927334062561,,NaN
41,Male3Block.csv,Adam4.mp4,Adam.JPG,Adam,31.0,M,Jacob,Matthew,Adam,Noah,Eric,Kyle,Andrew,Caleb,Cody,Bradley,2.0,0.0,2.0,2.0,5.0,0.0,0.0,0.0,2.0,,,,,,,0.0,,,,,,,,,,,39,1,2020_Jan_24_1155,FaceNameBlocked_revised,3.0.0,74.91927334062561,,NaN
56,Male3Block.csv,Adam4.mp4,Adam.JPG,Adam,31.0,M,Jacob,Matthew,Adam,Noah,Eric,Kyle,Andrew,Caleb,Cody,Bradley,2.0,0.0,2.0,2.0,5.0,,,,,0.0,5.0,5.0,2.0,,,,,, ,None,,4.0,1.0,4.906465206993745,,,39,1,2020_Jan_24_1155,FaceNameBlocked_revised,3.0.0,74.91927334062561,,NaN
61,Fem3Block.csv,Alyssa3.mp4,Alyssa.JPG,Alyssa,0.0,F,Heather,Taylor,Jenna,Katie,Olivia,Courtney,Ashley,Alyssa,Hannah,Danielle,7.0,0.0,3.0,3.0,2.0,0.0,0.0,0.0,7.0,,,,,,,1.0,,,,,,,,,,,39,1,2020_Jan_24_1155,FaceNameBlocked_revised,3.0.0,74.91927334062561,,NaN
75,Fem3Block.csv,Alyssa3.mp4,Alyssa.JPG,Alyssa,0.0,F,Heather,Taylor,Jenna,Katie,Olivia,Courtney,Ashley,Alyssa,Hannah,Danielle,7.0,0.0,3.0,3.0,2.0,,,,,0.0,4.0,4.0,7.0,,,,,, Alyssa,"['lshift', 'a', 'l', 'y', 's', 's', 'a']","[1.9856309649767354, 2.2397933449828997, 2.4800005339784548, 2.8934013380203396, 3.040055599063635, 3.280079534975812, 3.413510918035172]",1.0,1.0,1.1330365049652755,,,39,1,2020_Jan_24_1155,FaceNameBlocked_revised,3.0.0,74.91927334062561,,1.9856309
6,Fem2Block.csv,Amanda3.mp4,Amanda.JPG,Amanda,1.0,F,Michelle,Megan,Brianna,Julia,Jessica,Rachel,Amanda,Kayla,Lauren,Anna,6.0,0.0,0.0,0.0,1.0,0.0,5.0,5.0,6.0,,,,,,,0.0,,,,,,,,,,,39,1,2020_Jan_24_1155,FaceNameBlocked_revised,3.0.0,74.91927334062561,,NaN
12,Fem2Block.csv,Amanda3.mp4,Amanda.JPG,Amanda,1.0,F,Michelle,Megan,Brianna,Julia,Jessica,Rachel,Amanda,Kayla,Lauren,Anna,6.0,0.0,0.0,0.0,1.0,,,,,0.0,1.0,1.0,6.0,,,,,, Julia,"['lshift', 'j', 'u', 'l', 'i', 'a']","[1.9865169929107651, 2.6409490829100832, 2.9869855149881914, 3.4945254198974, 3.626919084927067, 3.8277948229806498]",5.0,3.0,2.998868164024316,,,39,1,2020_Jan_24_1155,FaceNameBlocked_revised,3.0.0,74.91927334062561,,1.9865169
57,Male3Block.csv,Andrew2.mp4,Andrew.JPG,Andrew,32.0,M,Jacob,Matthew,Adam,Noah,Eric,Kyle,Andrew,Caleb,Cody,Bradley,6.0,0.0,2.0,2.0,5.0,,,,,0.0,6.0,6.0,6.0,,,,,, ,None,,1.0,5.0,4.507359078968875,,,39,1,2020_Jan_24_1155,FaceNameBlocked_revised,3.0.0,74.91927334062561,,NaN
42,Male3Block.csv,Andrew2.mp4,Andrew.JPG,Andrew,32.0,M,Jacob,Matthew,Adam,Noah,Eric,Kyle,Andrew,Caleb,Cody,Bradley,6.0,0.0,2.0,2.0,5.0,0.0,1.0,1.0,6.0,,,,,,,0.0,,,,,,,,,,,39,1,2020_Jan_24_1155,FaceNameBlocked_revised,3.0.0,74.91927334062561,,NaN
18,Fem2Block.csv,Anna3.mp4,Anna.JPG,Anna,2.0,F,Michelle,Megan,Brianna,Julia,Jessica,Rachel,Amanda,Kayla,Lauren,Anna,9.0,0.0,0.0,0.0,1.0,,,,,0.0,7.0,7.0,9.0,,,,,, ,None,,5.0,1.0,3.9478581310249865,,,39,1,2020_Jan_24_1155,FaceNameBlocked_revised,3.0.0,74.91927334062561,,NaN
10,Fem2Block.csv,Anna3.mp4,Anna.JPG,Anna,2.0,F,Michelle,Megan,Brianna,Julia,Jessica,Rachel,Amanda,Kayla,Lauren,Anna,9.0,0.0,0.0,0.0,1.0,0.0,9.0,9.0,9.0,,,,,,,1.0,,,,,,,,,,,39,1,2020_Jan_24_1155,FaceNameBlocked_revised,3.0.0,74.91927334062561,,NaN
64,Fem3Block.csv,Ashley3.mp4,Ashley.JPG,Ashley,3.0,F,Heather,Taylor,Jenna,Katie,Olivia,Courtney,Ashley,Alyssa,Hannah,Danielle,6.0,0.0,3.0,3.0,2.0,0.0,3.0,3.0,6.0,,,,,,,0.0,,,,,,,,,,,39,1,2020_Jan_24_1155,FaceNameBlocked_revised,3.0.0,74.91927334062561,,NaN
79,Fem3Block.csv,Ashley3.mp4,Ashley.JPG,Ashley,3.0,F,Heather,Taylor,Jenna,Katie,Olivia,Courtney,Ashley,Alyssa,Hannah,Danielle,6.0,0.0,3.0,3.0,2.0,,,,,0.0,8.0,8.0,6.0,,,,,, ,None,,1.0,4.0,4.145921727991663,,,39,1,2020_Jan_24_1155,FaceNameBlocked_revised,3.0.0,74.91927334062561,,NaN
49,Male3Block.csv,Bradley3.mp4,Bradley.JPG,Bradley,33.0,M,Jacob,Matthew,Adam,Noah,Eric,Kyle,Andrew,Caleb,Cody,Bradley,9.0,0.0,2.0,2.0,5.0,0.0,8.0,8.0,9.0,,,,,,,1.0,,,,,,,,,,,39,1,2020_Jan_24_1155,FaceNameBlocked_revised,3.0.0,74.91927334062561,,NaN
60,Male3Block.csv,Bradley3.mp4,Bradley.JPG,Bradley,33.0,M,Jacob,Matthew,Adam,Noah,Eric,Kyle,Andrew,Caleb,Cody,Bradley,9.0,0.0,2.0,2.0,5.0,,,,,0.0,9.0,9.0,9.0,,,,,, ,None,,5.0,5.0,18.87490233697463,,,39,1,2020_Jan_24_1155,FaceNameBlocked_revised,3.0.0,74.91927334062561,,NaN
84,Male1Block.csv,Brandon2.mp4,Brandon.JPG,Brandon,34.0,M,Justin,Brian,Michael,Daniel,Brandon,Steven,Thomas,Trevor,Nathan,David,4.0,0.0,4.0,4.0,3.0,0.0,3.0,3.0,4.0,,,,,,,1.0,,,,,,,,,,,39,1,2020_Jan_24_1155,FaceNameBlocked_revised,3.0.0,74.91927334062561,,NaN
95,Male1Block.csv,Brandon2.mp4,Brandon.JPG,Brandon,34.0,M,Justin,Brian,Michael,Daniel,Brandon,Steven,Thomas,Trevor,Nathan,David,4.0,0.0,4.0,4.0,3.0,,,,,0.0,4.0,4.0,4.0,,,,,, ,None,,4.0,4.0,3.3210024459986016,,,39,1,2020_Jan_24_1155,FaceNameBlocked_revised,3.0.0,74.91927334062561,,NaN
85,Male1Block.csv,Brian2.mp4,Brian.JPG,Brian,35.0,M,Justin,Brian,Michael,Daniel,Brandon,Steven,Thomas,Trevor,Nathan,David,1.0,0.0,4.0,4.0,3.0,0.0,4.0,4.0,1.0,,,,,,,1.0,,,,,,,,,,,39,1,2020_Jan_24_1155,FaceNameBlocked_revised,3.0.0,74.91927334062561,,NaN
99,Male1Block.csv,Brian2.mp4,Brian.JPG,Brian,35.0,M,Justin,Brian,Michael,Daniel,Brandon,Steven,Thomas,Trevor,Nathan,David,1.0,0.0,4.0,4.0,3.0,,,,,0.0,8.0,8.0,1.0,,,,,, ,None,,3.0,3.0,6.945907199056818,,,39,1,2020_Jan_24_1155,FaceNameBlocked_revised,3.0.0,74.91927334062561,,NaN
1,Fem2Block.csv,Brianna2.mp4,Brianna.JPG,Brianna,4.0,F,Michelle,Megan,Brianna,Julia,Jessica,Rachel,Amanda,Kayla,Lauren,Anna,2.0,0.0,0.0,0.0,1.0,0.0,0.0,0.0,2.0,,,,,,,0.0,,,,,,,,,,,39,1,2020_Jan_24_1155,FaceNameBlocked_revised,3.0.0,74.91927334062561,,NaN
14,Fem2Block.csv,Brianna2.mp4,Brianna.JPG,Brianna,4.0,F,Michelle,Megan,Brianna,Julia,Jessica,Rachel,Amanda,Kayla,Lauren,Anna,2.0,0.0,0.0,0.0,1.0,,,,,0.0,3.0,3.0,2.0,,,,,, Brianna,"['lshift', 'b', 'r', 'i', 'a', 'n', 'n', 'a']","[3.2928576749982312, 3.467562988982536, 3.7586312480270863, 3.878874168964103, 4.080055863945745, 4.158508055959828, 4.279852634994313, 4.400537495035678]",2.0,2.0,1.948741775006056,,,39,1,2020_Jan_24_1155,FaceNameBlocked_revised,3.0.0,74.91927334062561,,3.2928576
23,Fem1Block.csv,Brittany2.mp4,Brittany.JPG,Brittany,5.0,F,Emily,Brittany,Kelsey,Natalie,Sarah,Rebecca,Shelby,Haley,Grace,Nicole,1.0,0.0,1.0,1.0,0.0,0.0,2.0,2.0,1.0,,,,,,,1.0,,,,,,,,,,,39,1,2020_Jan_24_1155,FaceNameBlocked_revised,3.0.0,74.91927334062561,,NaN
32,Fem1Block.csv,Brittany2.mp4,Brittany.JPG,Brittany,5.0,F,Emily,Brittany,Kelsey,Natalie,Sarah,Rebecca,Shelby,Haley,Grace,Nicole,1.0,0.0,1.0,1.0,0.0,,,,,0.0,1.0,1.0,1.0,,,,,, ,None,,5.0,2.0,4.025860255933367,,,39,1,2020_Jan_24_1155,FaceNameBlocked_revised,3.0.0,74.91927334062561,,NaN
46,Male3Block.csv,Caleb5.mp4,Caleb.JPG,Caleb,36.0,M,Jacob,Matthew,Adam,Noah,Eric,Kyle,Andrew,Caleb,Cody,Bradley,7.0,0.0,2.0,2.0,5.0,0.0,5.0,5.0,7.0,,,,,,,1.0,,,,,,,,,,,39,1,2020_Jan_24_1155,FaceNameBlocked_revised,3.0.0,74.91927334062561,,NaN
52,Male3Block.csv,Caleb5.mp4,Caleb.JPG,Caleb,36.0,M,Jacob,Matthew,Adam,Noah,Eric,Kyle,Andrew,Caleb,Cody,Bradley,7.0,0.0,2.0,2.0,5.0,,,,,0.0,1.0,1.0,7.0,,,,,, ,None,,1.0,3.0,4.732204683008604,,,39,1,2020_Jan_24_1155,FaceNameBlocked_revised,3.0.0,74.91927334062561,,NaN
51,Male3Block.csv,Cody2.mp4,Cody.JPG,Cody,37.0,M,Jacob,Matthew,Adam,Noah,Eric,Kyle,Andrew,Caleb,Cody,Bradley,8.0,0.0,2.0,2.0,5.0,,,,,0.0,0.0,0.0,8.0,,,,space,7.4398663740139455, Kyle,"['lshift', 'k', 'y', 'l', 'e']","[4.533009584993124, 4.880560735007748, 5.2405077329603955, 5.733542149071582, 5.773778956965543]",5.0,4.0,3.440607534023002,,,39,1,2020_Jan_24_1155,FaceNameBlocked_revised,3.0.0,74.91927334062561,,4.5330095
43,Male3Block.csv,Cody2.mp4,Cody.JPG,Cody,37.0,M,Jacob,Matthew,Adam,Noah,Eric,Kyle,Andrew,Caleb,Cody,Bradley,8.0,0.0,2.0,2.0,5.0,0.0,2.0,2.0,8.0,,,,,,,0.0,,,,,,,,,,,39,1,2020_Jan_24_1155,FaceNameBlocked_revised,3.0.0,74.91927334062561,,NaN
80,Fem3Block.csv,Courtney2.mp4,Courtney.JPG,Courtney,6.0,F,Heather,Taylor,Jenna,Katie,Olivia,Courtney,Ashley,Alyssa,Hannah,Danielle,5.0,0.0,3.0,3.0,2.0,,,,,0.0,9.0,9.0,5.0,,,,,, ,None,,2.0,2.0,5.320844580070116,,,39,1,2020_Jan_24_1155,FaceNameBlocked_revised,3.0.0,74.91927334062561,,NaN
63,Fem3Block.csv,Courtney2.mp4,Courtney.JPG,Courtney,6.0,F,Heather,Taylor,Jenna,Katie,Olivia,Courtney,Ashley,Alyssa,Hannah,Danielle,5.0,0.0,3.0,3.0,2.0,0.0,2.0,2.0,5.0,,,,,,,0.0,,,,,,,,,,,39,1,2020_Jan_24_1155,FaceNameBlocked_revised,3.0.0,74.91927334062561,,NaN
94,Male1Block.csv,Daniel3.mp4,Daniel.JPG,Daniel,38.0,M,Justin,Brian,Michael,Daniel,Brandon,Steven,Thomas,Trevor,Nathan,David,3.0,0.0,4.0,4.0,3.0,,,,,0.0,3.0,3.0,3.0,,,,,, Thomas,"['lshift', 't', 'h', 'o', 'm', 'a', 's']","[2.239943507942371, 2.4951093049021438, 2.748524635913782, 3.1749294589972124, 3.761505780974403, 3.9612742429599166, 4.040955252945423]",1.0,2.0,6.027779096039013,,,39,1,2020_Jan_24_1155,FaceNameBlocked_revised,3.0.0,74.91927334062561,,2.2399435
88,Male1Block.csv,Daniel3.mp4,Daniel.JPG,Daniel,38.0,M,Justin,Brian,Michael,Daniel,Brandon,Steven,Thomas,Trevor,Nathan,David,3.0,0.0,4.0,4.0,3.0,0.0,7.0,7.0,3.0,,,,,,,0.0,,,,,,,,,,,39,1,2020_Jan_24_1155,FaceNameBlocked_revised,3.0.0,74.91927334062561,,NaN
74,Fem3Block.csv,Danielle2.mp4,Danielle.JPG,Danielle,7.0,F,Heather,Taylor,Jenna,Katie,Olivia,Courtney,Ashley,Alyssa,Hannah,Danielle,9.0,0.0,3.0,3.0,2.0,,,,,0.0,3.0,3.0,9.0,,,,,, ,None,,4.0,4.0,2.5346356970258057,,,39,1,2020_Jan_24_1155,FaceNameBlocked_revised,3.0.0,74.91927334062561,,NaN
70,Fem3Block.csv,Danielle2.mp4,Danielle.JPG,Danielle,7.0,F,Heather,Taylor,Jenna,Katie,Olivia,Courtney,Ashley,Alyssa,Hannah,Danielle,9.0,0.0,3.0,3.0,2.0,0.0,9.0,9.0,9.0,,,,,,,1.0,,,,,,,,,,,39,1,2020_Jan_24_1155,FaceNameBlocked_revised,3.0.0,74.91927334062561,,NaN
83,Male1Block.csv,David2.mp4,David.JPG,David,39.0,M,Justin,Brian,Michael,Daniel,Brandon,Steven,Thomas,Trevor,Nathan,David,9.0,0.0,4.0,4.0,3.0,0.0,2.0,2.0,9.0,,,,,,,1.0,,,,,,,,,,,39,1,2020_Jan_24_1155,FaceNameBlocked_revised,3.0.0,74.91927334062561,,NaN
100,Male1Block.csv,David2.mp4,David.JPG,David,39.0,M,Justin,Brian,Michael,Daniel,Brandon,Steven,Thomas,Trevor,Nathan,David,9.0,0.0,4.0,4.0,3.0,,,,,0.0,9.0,9.0,9.0,,,,,, ,None,,5.0,2.0,9.799187452998012,,,39,1,2020_Jan_24_1155,FaceNameBlocked_revised,3.0.0,74.91927334062561,,NaN
112,Male2Block.csv,Dylan3.mp4,Dylan.JPG,Dylan,40.0,M,Dylan,Timothy,Tyler,Josh,Mark,Ethan,Aaron,Jason,Kevin,Jeremy,0.0,0.0,5.0,5.0,4.0,,,,,0.0,1.0,1.0,0.0,,,,,, ,None,,5.0,3.0,4.868306622025557,,,39,1,2020_Jan_24_1155,FaceNameBlocked_revised,3.0.0,74.91927334062561,,NaN
106,Male2Block.csv,Dylan3.mp4,Dylan.JPG,Dylan,40.0,M,Dylan,Timothy,Tyler,Josh,Mark,Ethan,Aaron,Jason,Kevin,Jeremy,0.0,0.0,5.0,5.0,4.0,0.0,5.0,5.0,0.0,,,,,,,1.0,,,,,,,,,,,39,1,2020_Jan_24_1155,FaceNameBlocked_revised,3.0.0,74.91927334062561,,NaN
34,Fem1Block.csv,Emily5.mp4,Emily.JPG,Emily,8.0,F,Emily,Brittany,Kelsey,Natalie,Sarah,Rebecca,Shelby,Haley,Grace,Nicole,0.0,0.0,1.0,1.0,0.0,,,,,0.0,3.0,3.0,0.0,,,,,, ,None,,5.0,5.0,2.8945487890159716,,,39,1,2020_Jan_24_1155,FaceNameBlocked_revised,3.0.0,74.91927334062561,,NaN
27,Fem1Block.csv,Emily5.mp4,Emily.JPG,Emily,8.0,F,Emily,Brittany,Kelsey,Natalie,Sarah,Rebecca,Shelby,Haley,Grace,Nicole,0.0,0.0,1.0,1.0,0.0,0.0,6.0,6.0,0.0,,,,,,,1.0,,,,,,,,,,,39,1,2020_Jan_24_1155,FaceNameBlocked_revised,3.0.0,74.91927334062561,,NaN
45,Male3Block.csv,Eric2.mp4,Eric.JPG,Eric,41.0,M,Jacob,Matthew,Adam,Noah,Eric,Kyle,Andrew,Caleb,Cody,Bradley,4.0,0.0,2.0,2.0,5.0,0.0,4.0,4.0,4.0,,,,,,,1.0,,,,,,,,,,,39,1,2020_Jan_24_1155,FaceNameBlocked_revised,3.0.0,74.91927334062561,,NaN
58,Male3Block.csv,Eric2.mp4,Eric.JPG,Eric,41.0,M,Jacob,Matthew,Adam,Noah,Eric,Kyle,Andrew,Caleb,Cody,Bradley,4.0,0.0,2.0,2.0,5.0,,,,,0.0,7.0,7.0,4.0,,,,,, ,None,,2.0,2.0,2.2016512160189445,,,39,1,2020_Jan_24_1155,FaceNameBlocked_revised,3.0.0,74.91927334062561,,NaN
102,Male2Block.csv,Ethan2.mp4,Ethan.JPG,Ethan,42.0,M,Dylan,Timothy,Tyler,Josh,Mark,Ethan,Aaron,Jason,Kevin,Jeremy,5.0,0.0,5.0,5.0,4.0,0.0,1.0,1.0,5.0,,,,,,,0.0,,,,,,,,,,,39,1,2020_Jan_24_1155,FaceNameBlocked_revised,3.0.0,74.91927334062561,,NaN
115,Male2Block.csv,Ethan2.mp4,Ethan.JPG,Ethan,42.0,M,Dylan,Timothy,Tyler,Josh,Mark,Ethan,Aaron,Jason,Kevin,Jeremy,5.0,0.0,5.0,5.0,4.0,,,,,0.0,4.0,4.0,5.0,,,,,, ,None,,5.0,4.0,3.2129335979698226,,,39,1,2020_Jan_24_1155,FaceNameBlocked_revised,3.0.0,74.91927334062561,,NaN
40,Fem1Block.csv,Grace3.mp4,Grace.JPG,Grace,9.0,F,Emily,Brittany,Kelsey,Natalie,Sarah,Rebecca,Shelby,Haley,Grace,Nicole,8.0,0.0,1.0,1.0,0.0,,,,,0.0,9.0,9.0,8.0,,,,,, Grace,"['lshift', 'g', 'r', 'a', 'c', 'e']","[6.439123307005502, 6.694080062909052, 7.027434490970336, 7.198652316001244, 7.318568333983421, 7.598709276993759]",4.0,4.0,3.3210721220821138,,,39,1,2020_Jan_24_1155,FaceNameBlocked_revised,3.0.0,74.91927334062561,,6.4391233
29,Fem1Block.csv,Grace3.mp4,Grace.JPG,Grace,9.0,F,Emily,Brittany,Kelsey,Natalie,Sarah,Rebecca,Shelby,Haley,Grace,Nicole,8.0,0.0,1.0,1.0,0.0,0.0,8.0,8.0,8.0,,,,,,,0.0,,,,,,,,,,,39,1,2020_Jan_24_1155,FaceNameBlocked_revised,3.0.0,74.91927334062561,,NaN
22,Fem1Block.csv,Haley2.mp4,Haley.JPG,Haley,10.0,F,Emily,Brittany,Kelsey,Natalie,Sarah,Rebecca,Shelby,Haley,Grace,Nicole,7.0,0.0,1.0,1.0,0.0,0.0,1.0,1.0,7.0,,,,,,,1.0,,,,,,,,,,,39,1,2020_Jan_24_1155,FaceNameBlocked_revised,3.0.0,74.91927334062561,,NaN
39,Fem1Block.csv,Haley2.mp4,Haley.JPG,Haley,10.0,F,Emily,Brittany,Kelsey,Natalie,Sarah,Rebecca,Shelby,Haley,Grace,Nicole,7.0,0.0,1.0,1.0,0.0,,,,,0.0,8.0,8.0,7.0,,,,,, ,None,,2.0,3.0,5.172525614965707,,,39,1,2020_Jan_24_1155,FaceNameBlocked_revised,3.0.0,74.91927334062561,,NaN
69,Fem3Block.csv,Hannah2.mp4,Hannah.JPG,Hannah,11.0,F,Heather,Taylor,Jenna,Katie,Olivia,Courtney,Ashley,Alyssa,Hannah,Danielle,8.0,0.0,3.0,3.0,2.0,0.0,8.0,8.0,8.0,,,,,,,0.0,,,,,,,,,,,39,1,2020_Jan_24_1155,FaceNameBlocked_revised,3.0.0,74.91927334062561,,NaN
77,Fem3Block.csv,Hannah2.mp4,Hannah.JPG,Hannah,11.0,F,Heather,Taylor,Jenna,Katie,Olivia,Courtney,Ashley,Alyssa,Hannah,Danielle,8.0,0.0,3.0,3.0,2.0,,,,,0.0,6.0,6.0,8.0,,,,,, ,None,,1.0,1.0,6.773745832964777,,,39,1,2020_Jan_24_1155,FaceNameBlocked_revised,3.0.0,74.91927334062561,,NaN
76,Fem3Block.csv,Heather3.mp4,Heather.JPG,Heather,12.0,F,Heather,Taylor,Jenna,Katie,Olivia,Courtney,Ashley,Alyssa,Hannah,Danielle,0.0,0.0,3.0,3.0,2.0,,,,,0.0,5.0,5.0,0.0,,,,,, Heather,"['lshift', 'h', 'e', 'a', 'h', 'backspace', 't', 'h', 'e', 'r']","[1.7471621689619496, 1.8530270690098405, 2.1347753999289125, 2.3081961770076305, 2.734852541005239, 3.280566497007385, 3.4949802570044994, 3.7344136929605156, 3.8410672809695825, 3.9338355530053377]",4.0,4.0,1.8020852779736745,,,39,1,2020_Jan_24_1155,FaceNameBlocked_revised,3.0.0,74.91927334062561,,1.7471621
66,Fem3Block.csv,Heather3.mp4,Heather.JPG,Heather,12.0,F,Heather,Taylor,Jenna,Katie,Olivia,Courtney,Ashley,Alyssa,Hannah,Danielle,0.0,0.0,3.0,3.0,2.0,0.0,5.0,5.0,0.0,,,,,,,1.0,,,,,,,,,,,39,1,2020_Jan_24_1155,FaceNameBlocked_revised,3.0.0,74.91927334062561,,NaN
55,Male3Block.csv,Jacob3.mp4,Jacob.JPG,Jacob,43.0,M,Jacob,Matthew,Adam,Noah,Eric,Kyle,Andrew,Caleb,Cody,Bradley,0.0,0.0,2.0,2.0,5.0,,,,,0.0,4.0,4.0,0.0,,,,,, ,None,,4.0,4.0,4.439637994975783,,,39,1,2020_Jan_24_1155,FaceNameBlocked_revised,3.0.0,74.91927334062561,,NaN
44,Male3Block.csv,Jacob3.mp4,Jacob.JPG,Jacob,43.0,M,Jacob,Matthew,Adam,Noah,Eric,Kyle,Andrew,Caleb,Cody,Bradley,0.0,0.0,2.0,2.0,5.0,0.0,3.0,3.0,0.0,,,,,,,1.0,,,,,,,,,,,39,1,2020_Jan_24_1155,FaceNameBlocked_revised,3.0.0,74.91927334062561,,NaN
110,Male2Block.csv,Jason4.mp4,Jason.JPG,Jason,44.0,M,Dylan,Timothy,Tyler,Josh,Mark,Ethan,Aaron,Jason,Kevin,Jeremy,7.0,0.0,5.0,5.0,4.0,0.0,9.0,9.0,7.0,,,,,,,1.0,,,,,,,,,,,39,1,2020_Jan_24_1155,FaceNameBlocked_revised,3.0.0,74.91927334062561,,NaN
111,Male2Block.csv,Jason4.mp4,Jason.JPG,Jason,44.0,M,Dylan,Timothy,Tyler,Josh,Mark,Ethan,Aaron,Jason,Kevin,Jeremy,7.0,0.0,5.0,5.0,4.0,,,,,0.0,0.0,0.0,7.0,,,,space,3.574884430039674, ,None,,3.0,2.0,2.053939903038554,,,39,1,2020_Jan_24_1155,FaceNameBlocked_revised,3.0.0,74.91927334062561,,NaN
68,Fem3Block.csv,Jenna4.mp4,Jenna.JPG,Jenna,13.0,F,Heather,Taylor,Jenna,Katie,Olivia,Courtney,Ashley,Alyssa,Hannah,Danielle,2.0,0.0,3.0,3.0,2.0,0.0,7.0,7.0,2.0,,,,,,,0.0,,,,,,,,,,,39,1,2020_Jan_24_1155,FaceNameBlocked_revised,3.0.0,74.91927334062561,,NaN
71,Fem3Block.csv,Jenna4.mp4,Jenna.JPG,Jenna,13.0,F,Heather,Taylor,Jenna,Katie,Olivia,Courtney,Ashley,Alyssa,Hannah,Danielle,2.0,0.0,3.0,3.0,2.0,,,,,0.0,0.0,0.0,2.0,,,,space,2.799073435016908, ,None,,3.0,2.0,4.7852177519816905,,,39,1,2020_Jan_24_1155,FaceNameBlocked_revised,3.0.0,74.91927334062561,,NaN
117,Male2Block.csv,Jeremy2.mp4,Jeremy.JPG,Jeremy,45.0,M,Dylan,Timothy,Tyler,Josh,Mark,Ethan,Aaron,Jason,Kevin,Jeremy,9.0,0.0,5.0,5.0,4.0,,,,,0.0,6.0,6.0,9.0,,,,,, ,None,,1.0,4.0,6.1461151679977775,,,39,1,2020_Jan_24_1155,FaceNameBlocked_revised,3.0.0,74.91927334062561,,NaN
107,Male2Block.csv,Jeremy2.mp4,Jeremy.JPG,Jeremy,45.0,M,Dylan,Timothy,Tyler,Josh,Mark,Ethan,Aaron,Jason,Kevin,Jeremy,9.0,0.0,5.0,5.0,4.0,0.0,6.0,6.0,9.0,,,,,,,1.0,,,,,,,,,,,39,1,2020_Jan_24_1155,FaceNameBlocked_revised,3.0.0,74.91927334062561,,NaN
20,Fem2Block.csv,Jessica2.mp4,Jessica.JPG,Jessica,14.0,F,Michelle,Megan,Brianna,Julia,Jessica,Rachel,Amanda,Kayla,Lauren,Anna,4.0,0.0,0.0,0.0,1.0,,,,,0.0,9.0,9.0,4.0,,,,,, ,None,,4.0,1.0,2.7734437360195443,,,39,1,2020_Jan_24_1155,FaceNameBlocked_revised,3.0.0,74.91927334062561,,NaN
2,Fem2Block.csv,Jessica2.mp4,Jessica.JPG,Jessica,14.0,F,Michelle,Megan,Brianna,Julia,Jessica,Rachel,Amanda,Kayla,Lauren,Anna,4.0,0.0,0.0,0.0,1.0,0.0,1.0,1.0,4.0,,,,,,,1.0,,,,,,,,,,,39,1,2020_Jan_24_1155,FaceNameBlocked_revised,3.0.0,74.91927334062561,,NaN
120,Male2Block.csv,Josh3.mp4,Josh.JPG,Josh,46.0,M,Dylan,Timothy,Tyler,Josh,Mark,Ethan,Aaron,Jason,Kevin,Jeremy,3.0,0.0,5.0,5.0,4.0,,,,,0.0,9.0,9.0,3.0,,,,,, Josh,"['lshift', 'j', 'o', 's', 'h']","[1.6270622829906642, 1.8953154460759833, 2.1482854309724644, 2.4282680470496416, 2.548431603005156]",4.0,4.0,1.9748626470100132,,,39,1,2020_Jan_24_1155,FaceNameBlocked_revised,3.0.0,74.91927334062561,,1.6270622
101,Male2Block.csv,Josh3.mp4,Josh.JPG,Josh,46.0,M,Dylan,Timothy,Tyler,Josh,Mark,Ethan,Aaron,Jason,Kevin,Jeremy,3.0,0.0,5.0,5.0,4.0,0.0,0.0,0.0,3.0,,,,,,,0.0,,,,,,,,,,,39,1,2020_Jan_24_1155,FaceNameBlocked_revised,3.0.0,74.91927334062561,,NaN
16,Fem2Block.csv,Julia2.mp4,Julia.JPG,Julia,15.0,F,Michelle,Megan,Brianna,Julia,Jessica,Rachel,Amanda,Kayla,Lauren,Anna,3.0,0.0,0.0,0.0,1.0,,,,,0.0,5.0,5.0,3.0,,,,,, Kayla,"['lshift', 'k', 'a', 'y', 'l', 'a']","[1.4273160060402006, 1.8270124020054936, 2.4825303480029106, 2.7624271829845384, 3.6955248130252585, 3.7864141350146383]",4.0,4.0,4.148226039018482,,,39,1,2020_Jan_24_1155,FaceNameBlocked_revised,3.0.0,74.91927334062561,,1.4273160
4,Fem2Block.csv,Julia2.mp4,Julia.JPG,Julia,15.0,F,Michelle,Megan,Brianna,Julia,Jessica,Rachel,Amanda,Kayla,Lauren,Anna,3.0,0.0,0.0,0.0,1.0,0.0,3.0,3.0,3.0,,,,,,,0.0,,,,,,,,,,,39,1,2020_Jan_24_1155,FaceNameBlocked_revised,3.0.0,74.91927334062561,,NaN
91,Male1Block.csv,Justin2.mp4,Justin.JPG,Justin,47.0,M,Justin,Brian,Michael,Daniel,Brandon,Steven,Thomas,Trevor,Nathan,David,0.0,0.0,4.0,4.0,3.0,,,,,0.0,0.0,0.0,0.0,,,,space,2.641859521972947, Brandon,"['lshift', 'b', 'r', 'a', 'n', 'd', 'o', 'n']","[2.426353996968828, 2.5878419768996537, 2.9476058239815757, 3.281162697938271, 3.4273990349611267, 3.9873649429064244, 4.081066443934105, 4.160383688984439]",2.0,5.0,3.5084304930642247,,,39,1,2020_Jan_24_1155,FaceNameBlocked_revised,3.0.0,74.91927334062561,,2.4263539
82,Male1Block.csv,Justin2.mp4,Justin.JPG,Justin,47.0,M,Justin,Brian,Michael,Daniel,Brandon,Steven,Thomas,Trevor,Nathan,David,0.0,0.0,4.0,4.0,3.0,0.0,1.0,1.0,0.0,,,,,,,1.0,,,,,,,,,,,39,1,2020_Jan_24_1155,FaceNameBlocked_revised,3.0.0,74.91927334062561,,NaN
78,Fem3Block.csv,Katie2.mp4,Katie.JPG,Katie,16.0,F,Heather,Taylor,Jenna,Katie,Olivia,Courtney,Ashley,Alyssa,Hannah,Danielle,3.0,0.0,3.0,3.0,2.0,,,,,0.0,7.0,7.0,3.0,,,,,, ,['lshift'],[8.957336171064526],1.0,2.0,4.174283670959993,,,39,1,2020_Jan_24_1155,FaceNameBlocked_revised,3.0.0,74.91927334062561,,8.9573361
62,Fem3Block.csv,Katie2.mp4,Katie.JPG,Katie,16.0,F,Heather,Taylor,Jenna,Katie,Olivia,Courtney,Ashley,Alyssa,Hannah,Danielle,3.0,0.0,3.0,3.0,2.0,0.0,1.0,1.0,3.0,,,,,,,0.0,,,,,,,,,,,39,1,2020_Jan_24_1155,FaceNameBlocked_revised,3.0.0,74.91927334062561,,NaN
17,Fem2Block.csv,Kayla3.mp4,Kayla.JPG,Kayla,17.0,F,Michelle,Megan,Brianna,Julia,Jessica,Rachel,Amanda,Kayla,Lauren,Anna,7.0,0.0,0.0,0.0,1.0,,,,,0.0,6.0,6.0,7.0,,,,,, Kayla,"['lshift', 'k', 'a', 'y', 'l', 'a']","[1.3743646360235289, 1.5360140060074627, 1.8293000780977309, 1.9884093150030822, 2.921954859048128, 3.002028927090578]",2.0,2.0,1.5226355659542603,,,39,1,2020_Jan_24_1155,FaceNameBlocked_revised,3.0.0,74.91927334062561,,1.3743646
7,Fem2Block.csv,Kayla3.mp4,Kayla.JPG,Kayla,17.0,F,Michelle,Megan,Brianna,Julia,Jessica,Rachel,Amanda,Kayla,Lauren,Anna,7.0,0.0,0.0,0.0,1.0,0.0,6.0,6.0,7.0,,,,,,,1.0,,,,,,,,,,,39,1,2020_Jan_24_1155,FaceNameBlocked_revised,3.0.0,74.91927334062561,,NaN
31,Fem1Block.csv,Kelsey2.mp4,Kelsey.JPG,Kelsey,18.0,F,Emily,Brittany,Kelsey,Natalie,Sarah,Rebecca,Shelby,Haley,Grace,Nicole,2.0,0.0,1.0,1.0,0.0,,,,,0.0,0.0,0.0,2.0,,,,space,13.211309383972546, ,None,,5.0,4.0,5.494066826999188,,,39,1,2020_Jan_24_1155,FaceNameBlocked_revised,3.0.0,74.91927334062561,,NaN
28,Fem1Block.csv,Kelsey2.mp4,Kelsey.JPG,Kelsey,18.0,F,Emily,Brittany,Kelsey,Natalie,Sarah,Rebecca,Shelby,Haley,Grace,Nicole,2.0,0.0,1.0,1.0,0.0,0.0,7.0,7.0,2.0,,,,,,,0.0,,,,,,,,,,,39,1,2020_Jan_24_1155,FaceNameBlocked_revised,3.0.0,74.91927334062561,,NaN
105,Male2Block.csv,Kevin2.mp4,Kevin.JPG,Kevin,48.0,M,Dylan,Timothy,Tyler,Josh,Mark,Ethan,Aaron,Jason,Kevin,Jeremy,8.0,0.0,5.0,5.0,4.0,0.0,4.0,4.0,8.0,,,,,,,0.0,,,,,,,,,,,39,1,2020_Jan_24_1155,FaceNameBlocked_revised,3.0.0,74.91927334062561,,NaN
118,Male2Block.csv,Kevin2.mp4,Kevin.JPG,Kevin,48.0,M,Dylan,Timothy,Tyler,Josh,Mark,Ethan,Aaron,Jason,Kevin,Jeremy,8.0,0.0,5.0,5.0,4.0,,,,,0.0,7.0,7.0,8.0,,,,,, ,None,,4.0,5.0,4.147699794964866,,,39,1,2020_Jan_24_1155,FaceNameBlocked_revised,3.0.0,74.91927334062561,,NaN
54,Male3Block.csv,Kyle3.mp4,Kyle.JPG,Kyle,49.0,M,Jacob,Matthew,Adam,Noah,Eric,Kyle,Andrew,Caleb,Cody,Bradley,5.0,0.0,2.0,2.0,5.0,,,,,0.0,3.0,3.0,5.0,,,,,, Kyle,"['lshift', 'k', 'y', 'l', 'e']","[1.6407594219781458, 1.9888988290913403, 2.2820242610760033, 2.6820059870369732, 2.7486713170073926]",1.0,1.0,2.321848770021461,,,39,1,2020_Jan_24_1155,FaceNameBlocked_revised,3.0.0,74.91927334062561,,1.6407594
48,Male3Block.csv,Kyle3.mp4,Kyle.JPG,Kyle,49.0,M,Jacob,Matthew,Adam,Noah,Eric,Kyle,Andrew,Caleb,Cody,Bradley,5.0,0.0,2.0,2.0,5.0,0.0,7.0,7.0,5.0,,,,,,,0.0,,,,,,,,,,,39,1,2020_Jan_24_1155,FaceNameBlocked_revised,3.0.0,74.91927334062561,,NaN
3,Fem2Block.csv,Lauren4.mp4,Lauren.JPG,Lauren,19.0,F,Michelle,Megan,Brianna,Julia,Jessica,Rachel,Amanda,Kayla,Lauren,Anna,8.0,0.0,0.0,0.0,1.0,0.0,2.0,2.0,8.0,,,,,,,0.0,,,,,,,,,,,39,1,2020_Jan_24_1155,FaceNameBlocked_revised,3.0.0,74.91927334062561,,NaN
19,Fem2Block.csv,Lauren4.mp4,Lauren.JPG,Lauren,19.0,F,Michelle,Megan,Brianna,Julia,Jessica,Rachel,Amanda,Kayla,Lauren,Anna,8.0,0.0,0.0,0.0,1.0,,,,,0.0,8.0,8.0,8.0,,,,,, Megan,"['lshift', 'm', 'e', 'g', 'a', 'n']","[1.8142049179878086, 2.135192070971243, 2.601456322008744, 2.6956930939340964, 3.0011416409397498, 3.0950801639119163]",2.0,3.0,1.5214270920259878,,,39,1,2020_Jan_24_1155,FaceNameBlocked_revised,3.0.0,74.91927334062561,,1.8142049
104,Male2Block.csv,Mark3.mp4,Mark.JPG,Mark,50.0,M,Dylan,Timothy,Tyler,Josh,Mark,Ethan,Aaron,Jason,Kevin,Jeremy,4.0,0.0,5.0,5.0,4.0,0.0,3.0,3.0,4.0,,,,,,,1.0,,,,,,,,,,,39,1,2020_Jan_24_1155,FaceNameBlocked_revised,3.0.0,74.91927334062561,,NaN
114,Male2Block.csv,Mark3.mp4,Mark.JPG,Mark,50.0,M,Dylan,Timothy,Tyler,Josh,Mark,Ethan,Aaron,Jason,Kevin,Jeremy,4.0,0.0,5.0,5.0,4.0,,,,,0.0,3.0,3.0,4.0,,,,,, ,None,,5.0,1.0,6.1056674499996015,,,39,1,2020_Jan_24_1155,FaceNameBlocked_revised,3.0.0,74.91927334062561,,NaN
59,Male3Block.csv,Matthew2.mp4,Matthew.JPG,Matthew,51.0,M,Jacob,Matthew,Adam,Noah,Eric,Kyle,Andrew,Caleb,Cody,Bradley,1.0,0.0,2.0,2.0,5.0,,,,,0.0,8.0,8.0,1.0,,,,,, ,None,,3.0,3.0,7.6127891689538965,,,39,1,2020_Jan_24_1155,FaceNameBlocked_revised,3.0.0,74.91927334062561,,NaN
50,Male3Block.csv,Matthew2.mp4,Matthew.JPG,Matthew,51.0,M,Jacob,Matthew,Adam,Noah,Eric,Kyle,Andrew,Caleb,Cody,Bradley,1.0,0.0,2.0,2.0,5.0,0.0,9.0,9.0,1.0,,,,,,,1.0,,,,,,,,,,,39,1,2020_Jan_24_1155,FaceNameBlocked_revised,3.0.0,74.91927334062561,,NaN
15,Fem2Block.csv,Megan2.mp4,Megan.JPG,Megan,20.0,F,Michelle,Megan,Brianna,Julia,Jessica,Rachel,Amanda,Kayla,Lauren,Anna,1.0,0.0,0.0,0.0,1.0,,,,,0.0,4.0,4.0,1.0,,,,,, Michelle,"['lshift', 'l', 'a', 'u', 'r', 'backspace', 'backspace', 'backspace', 'backspace', 'lshift', 'm', 'i', 'c', 'h', 'e', 'l', 'l', 'e']","[1.9200323059922084, 3.4127399540739134, 3.7340697060571983, 4.028026274987496, 4.468033023062162, 5.173968926072121, 5.332363749039359, 5.493590375059284, 5.693596541066654, 6.012573736021295, 6.1873840760672465, 6.400521998060867, 6.57420421903953, 6.693592451047152, 6.907231613062322, 7.0134762970265, 7.186530261998996, 7.306642552022822]",2.0,5.0,3.655353885958903,,,39,1,2020_Jan_24_1155,FaceNameBlocked_revised,3.0.0,74.91927334062561,,1.9200323
5,Fem2Block.csv,Megan2.mp4,Megan.JPG,Megan,20.0,F,Michelle,Megan,Brianna,Julia,Jessica,Rachel,Amanda,Kayla,Lauren,Anna,1.0,0.0,0.0,0.0,1.0,0.0,4.0,4.0,1.0,,,,,,,1.0,,,,,,,,,,,39,1,2020_Jan_24_1155,FaceNameBlocked_revised,3.0.0,74.91927334062561,,NaN
90,Male1Block.csv,Michael2.mp4,Michael.JPG,Michael,52.0,M,Justin,Brian,Michael,Daniel,Brandon,Steven,Thomas,Trevor,Nathan,David,2.0,0.0,4.0,4.0,3.0,0.0,9.0,9.0,2.0,,,,,,,0.0,,,,,,,,,,,39,1,2020_Jan_24_1155,FaceNameBlocked_revised,3.0.0,74.91927334062561,,NaN
93,Male1Block.csv,Michael2.mp4,Michael.JPG,Michael,52.0,M,Justin,Brian,Michael,Daniel,Brandon,Steven,Thomas,Trevor,Nathan,David,2.0,0.0,4.0,4.0,3.0,,,,,0.0,2.0,2.0,2.0,,,,,, ,None,,2.0,5.0,3.4014408279908817,,,39,1,2020_Jan_24_1155,FaceNameBlocked_revised,3.0.0,74.91927334062561,,NaN
8,Fem2Block.csv,Michelle2.mp4,Michelle.JPG,Michelle,21.0,F,Michelle,Megan,Brianna,Julia,Jessica,Rachel,Amanda,Kayla,Lauren,Anna,0.0,0.0,0.0,0.0,1.0,0.0,7.0,7.0,0.0,,,,,,,1.0,,,,,,,,,,,39,1,2020_Jan_24_1155,FaceNameBlocked_revised,3.0.0,74.91927334062561,,NaN
13,Fem2Block.csv,Michelle2.mp4,Michelle.JPG,Michelle,21.0,F,Michelle,Megan,Brianna,Julia,Jessica,Rachel,Amanda,Kayla,Lauren,Anna,0.0,0.0,0.0,0.0,1.0,,,,,0.0,2.0,2.0,0.0,,,,,, Julia,"['lshift', 'j', 'u', 'l', 'i', 'a']","[3.1998677160590887, 3.294658450060524, 3.53446321003139, 4.66705493000336, 4.841212826082483, 5.014687396003865]",2.0,3.0,4.838661352987401,,,39,1,2020_Jan_24_1155,FaceNameBlocked_revised,3.0.0,74.91927334062561,,3.1998677
30,Fem1Block.csv,Natalie3.mp4,Natalie.JPG,Natalie,22.0,F,Emily,Brittany,Kelsey,Natalie,Sarah,Rebecca,Shelby,Haley,Grace,Nicole,3.0,0.0,1.0,1.0,0.0,0.0,9.0,9.0,3.0,,,,,,,0.0,,,,,,,,,,,39,1,2020_Jan_24_1155,FaceNameBlocked_revised,3.0.0,74.91927334062561,,NaN
37,Fem1Block.csv,Natalie3.mp4,Natalie.JPG,Natalie,22.0,F,Emily,Brittany,Kelsey,Natalie,Sarah,Rebecca,Shelby,Haley,Grace,Nicole,3.0,0.0,1.0,1.0,0.0,,,,,0.0,6.0,6.0,3.0,,,,,, ,None,,2.0,4.0,3.5212555289035663,,,39,1,2020_Jan_24_1155,FaceNameBlocked_revised,3.0.0,74.91927334062561,,NaN
86,Male1Block.csv,Nathan3.mp4,Nathan.JPG,Nathan,53.0,M,Justin,Brian,Michael,Daniel,Brandon,Steven,Thomas,Trevor,Nathan,David,8.0,0.0,4.0,4.0,3.0,0.0,5.0,5.0,8.0,,,,,,,0.0,,,,,,,,,,,39,1,2020_Jan_24_1155,FaceNameBlocked_revised,3.0.0,74.91927334062561,,NaN
97,Male1Block.csv,Nathan3.mp4,Nathan.JPG,Nathan,53.0,M,Justin,Brian,Michael,Daniel,Brandon,Steven,Thomas,Trevor,Nathan,David,8.0,0.0,4.0,4.0,3.0,,,,,0.0,6.0,6.0,8.0,,,,,, Nathan,"['lshift', 'n', 'a', 't', 'h', 'a', 'n']","[1.4409960260381922, 1.935616163071245, 2.3090878530638292, 2.415316454018466, 2.695408692001365, 2.999508882057853, 3.319736942066811]",1.0,1.0,1.5480566460173577,,,39,1,2020_Jan_24_1155,FaceNameBlocked_revised,3.0.0,74.91927334062561,,1.4409960
38,Fem1Block.csv,Nicole2.mp4,Nicole.JPG,Nicole,23.0,F,Emily,Brittany,Kelsey,Natalie,Sarah,Rebecca,Shelby,Haley,Grace,Nicole,9.0,0.0,1.0,1.0,0.0,,,,,0.0,7.0,7.0,9.0,,,,,, ,None,,4.0,5.0,4.441211180994287,,,39,1,2020_Jan_24_1155,FaceNameBlocked_revised,3.0.0,74.91927334062561,,NaN
21,Fem1Block.csv,Nicole2.mp4,Nicole.JPG,Nicole,23.0,F,Emily,Brittany,Kelsey,Natalie,Sarah,Rebecca,Shelby,Haley,Grace,Nicole,9.0,0.0,1.0,1.0,0.0,0.0,0.0,0.0,9.0,,,,,,,1.0,,,,,,,,,,,39,1,2020_Jan_24_1155,FaceNameBlocked_revised,3.0.0,74.91927334062561,,NaN
53,Male3Block.csv,Noah2.mp4,Noah.JPG,Noah,54.0,M,Jacob,Matthew,Adam,Noah,Eric,Kyle,Andrew,Caleb,Cody,Bradley,3.0,0.0,2.0,2.0,5.0,,,,,0.0,2.0,2.0,3.0,,,,,, ,None,,3.0,4.0,5.347947474918328,,,39,1,2020_Jan_24_1155,FaceNameBlocked_revised,3.0.0,74.91927334062561,,NaN
47,Male3Block.csv,Noah2.mp4,Noah.JPG,Noah,54.0,M,Jacob,Matthew,Adam,Noah,Eric,Kyle,Andrew,Caleb,Cody,Bradley,3.0,0.0,2.0,2.0,5.0,0.0,6.0,6.0,3.0,,,,,,,0.0,,,,,,,,,,,39,1,2020_Jan_24_1155,FaceNameBlocked_revised,3.0.0,74.91927334062561,,NaN
73,Fem3Block.csv,Olivia3.mp4,Olivia.JPG,Olivia,24.0,F,Heather,Taylor,Jenna,Katie,Olivia,Courtney,Ashley,Alyssa,Hannah,Danielle,4.0,0.0,3.0,3.0,2.0,,,,,0.0,2.0,2.0,4.0,,,,,, ,None,,2.0,5.0,17.862934579025023,,,39,1,2020_Jan_24_1155,FaceNameBlocked_revised,3.0.0,74.91927334062561,,NaN
65,Fem3Block.csv,Olivia3.mp4,Olivia.JPG,Olivia,24.0,F,Heather,Taylor,Jenna,Katie,Olivia,Courtney,Ashley,Alyssa,Hannah,Danielle,4.0,0.0,3.0,3.0,2.0,0.0,4.0,4.0,4.0,,,,,,,1.0,,,,,,,,,,,39,1,2020_Jan_24_1155,FaceNameBlocked_revised,3.0.0,74.91927334062561,,NaN
9,Fem2Block.csv,Rachel3.mp4,Rachel.JPG,Rachel,25.0,F,Michelle,Megan,Brianna,Julia,Jessica,Rachel,Amanda,Kayla,Lauren,Anna,5.0,0.0,0.0,0.0,1.0,0.0,8.0,8.0,5.0,,,,,,,0.0,,,,,,,,,,,39,1,2020_Jan_24_1155,FaceNameBlocked_revised,3.0.0,74.91927334062561,,NaN
11,Fem2Block.csv,Rachel3.mp4,Rachel.JPG,Rachel,25.0,F,Michelle,Megan,Brianna,Julia,Jessica,Rachel,Amanda,Kayla,Lauren,Anna,5.0,0.0,0.0,0.0,1.0,,,,,0.0,0.0,0.0,5.0,,,,space,45.8816065210849, Megan,"['lshift', 'm', 'e', 'g', 'a', 'n']","[3.0130724239861593, 3.1478084370028228, 3.7743294190149754, 3.9868091909447685, 4.187174575985409, 4.280870975926518]",3.0,2.0,2.9879400070058186,,,39,1,2020_Jan_24_1155,FaceNameBlocked_revised,3.0.0,74.91927334062561,,3.0130724
35,Fem1Block.csv,Rebecca3.mp4,Rebecca.JPG,Rebecca,26.0,F,Emily,Brittany,Kelsey,Natalie,Sarah,Rebecca,Shelby,Haley,Grace,Nicole,5.0,0.0,1.0,1.0,0.0,,,,,0.0,4.0,4.0,5.0,,,,,, Kelsey,"['lshift', 'k', 'e', 'l', 's', 'e', 'y']","[1.840737254009582, 2.0152541340794414, 2.3748878720216453, 2.4550373090896755, 2.814640369033441, 2.8949341770494357, 3.4937957990914583]",1.0,2.0,4.41489722894039,,,39,1,2020_Jan_24_1155,FaceNameBlocked_revised,3.0.0,74.91927334062561,,1.8407372
26,Fem1Block.csv,Rebecca3.mp4,Rebecca.JPG,Rebecca,26.0,F,Emily,Brittany,Kelsey,Natalie,Sarah,Rebecca,Shelby,Haley,Grace,Nicole,5.0,0.0,1.0,1.0,0.0,0.0,5.0,5.0,5.0,,,,,,,0.0,,,,,,,,,,,39,1,2020_Jan_24_1155,FaceNameBlocked_revised,3.0.0,74.91927334062561,,NaN
33,Fem1Block.csv,Sarah2.mp4,Sarah.JPG,Sarah,27.0,F,Emily,Brittany,Kelsey,Natalie,Sarah,Rebecca,Shelby,Haley,Grace,Nicole,4.0,0.0,1.0,1.0,0.0,,,,,0.0,2.0,2.0,4.0,,,,,, ,None,,5.0,1.0,4.627729446045123,,,39,1,2020_Jan_24_1155,FaceNameBlocked_revised,3.0.0,74.91927334062561,,NaN
25,Fem1Block.csv,Sarah2.mp4,Sarah.JPG,Sarah,27.0,F,Emily,Brittany,Kelsey,Natalie,Sarah,Rebecca,Shelby,Haley,Grace,Nicole,4.0,0.0,1.0,1.0,0.0,0.0,4.0,4.0,4.0,,,,,,,1.0,,,,,,,,,,,39,1,2020_Jan_24_1155,FaceNameBlocked_revised,3.0.0,74.91927334062561,,NaN
24,Fem1Block.csv,Shelby2.mp4,Shelby.JPG,Shelby,28.0,F,Emily,Brittany,Kelsey,Natalie,Sarah,Rebecca,Shelby,Haley,Grace,Nicole,6.0,0.0,1.0,1.0,0.0,0.0,3.0,3.0,6.0,,,,,,,0.0,,,,,,,,,,,39,1,2020_Jan_24_1155,FaceNameBlocked_revised,3.0.0,74.91927334062561,,NaN
36,Fem1Block.csv,Shelby2.mp4,Shelby.JPG,Shelby,28.0,F,Emily,Brittany,Kelsey,Natalie,Sarah,Rebecca,Shelby,Haley,Grace,Nicole,6.0,0.0,1.0,1.0,0.0,,,,,0.0,5.0,5.0,6.0,,,,,, Nicole,"['lshift', 'n', 'i', 'c', 'o', 'l', 'e']","[4.678762973053381, 5.00206289999187, 5.187752083060332, 5.360151835018769, 5.493863012990914, 5.733438645023853, 5.867493179044686]",3.0,4.0,5.599715580930934,,,39,1,2020_Jan_24_1155,FaceNameBlocked_revised,3.0.0,74.91927334062561,,4.6787629
89,Male1Block.csv,Steven2.mp4,Steven.JPG,Steven,55.0,M,Justin,Brian,Michael,Daniel,Brandon,Steven,Thomas,Trevor,Nathan,David,5.0,0.0,4.0,4.0,3.0,0.0,8.0,8.0,5.0,,,,,,,0.0,,,,,,,,,,,39,1,2020_Jan_24_1155,FaceNameBlocked_revised,3.0.0,74.91927334062561,,NaN
96,Male1Block.csv,Steven2.mp4,Steven.JPG,Steven,55.0,M,Justin,Brian,Michael,Daniel,Brandon,Steven,Thomas,Trevor,Nathan,David,5.0,0.0,4.0,4.0,3.0,,,,,0.0,5.0,5.0,5.0,,,,,, Steven,"['lshift', 's', 't', 'e', 'v', 'e', 'n']","[1.7600095990346745, 1.8942556700203568, 2.081341765006073, 2.2280578860081732, 2.5080398760037497, 2.921406010980718, 3.3340899490285665]",3.0,3.0,1.66759245400317,,,39,1,2020_Jan_24_1155,FaceNameBlocked_revised,3.0.0,74.91927334062561,,1.7600095
67,Fem3Block.csv,Taylor4.mp4,Taylor.JPG,Taylor,29.0,F,Heather,Taylor,Jenna,Katie,Olivia,Courtney,Ashley,Alyssa,Hannah,Danielle,1.0,0.0,3.0,3.0,2.0,0.0,6.0,6.0,1.0,,,,,,,1.0,,,,,,,,,,,39,1,2020_Jan_24_1155,FaceNameBlocked_revised,3.0.0,74.91927334062561,,NaN
72,Fem3Block.csv,Taylor4.mp4,Taylor.JPG,Taylor,29.0,F,Heather,Taylor,Jenna,Katie,Olivia,Courtney,Ashley,Alyssa,Hannah,Danielle,1.0,0.0,3.0,3.0,2.0,,,,,0.0,1.0,1.0,1.0,,,,,, Jenna,"['lshift', 'j', 'e', 'n', 'n', 'a']","[1.9851563629927114, 2.18694191693794, 2.492696180008352, 2.586400492931716, 2.772875246941112, 2.8798137840349227]",5.0,3.0,1.2418819760205224,,,39,1,2020_Jan_24_1155,FaceNameBlocked_revised,3.0.0,74.91927334062561,,1.9851563
92,Male1Block.csv,Thomas2.mp4,Thomas.JPG,Thomas,56.0,M,Justin,Brian,Michael,Daniel,Brandon,Steven,Thomas,Trevor,Nathan,David,6.0,0.0,4.0,4.0,3.0,,,,,0.0,1.0,1.0,6.0,,,,,, Thomas,"['lshift', 't', 'h', 'o', 'a', 's', 'backspace', 'backspace', 'm', 'a', 's']","[1.3743796769995242, 1.642111836001277, 1.9487584000453353, 2.4417679390171543, 2.826523998985067, 2.9489905709633604, 3.28125221200753, 3.454139581997879, 3.7216801119502634, 3.867641931050457, 3.9615287280175835]",5.0,2.0,3.7594666410004716,,,39,1,2020_Jan_24_1155,FaceNameBlocked_revised,3.0.0,74.91927334062561,,1.3743796
81,Male1Block.csv,Thomas2.mp4,Thomas.JPG,Thomas,56.0,M,Justin,Brian,Michael,Daniel,Brandon,Steven,Thomas,Trevor,Nathan,David,6.0,0.0,4.0,4.0,3.0,0.0,0.0,0.0,6.0,,,,,,,0.0,,,,,,,,,,,39,1,2020_Jan_24_1155,FaceNameBlocked_revised,3.0.0,74.91927334062561,,NaN
108,Male2Block.csv,Timothy3.mp4,Timothy.JPG,Timothy,57.0,M,Dylan,Timothy,Tyler,Josh,Mark,Ethan,Aaron,Jason,Kevin,Jeremy,1.0,0.0,5.0,5.0,4.0,0.0,7.0,7.0,1.0,,,,,,,1.0,,,,,,,,,,,39,1,2020_Jan_24_1155,FaceNameBlocked_revised,3.0.0,74.91927334062561,,NaN
119,Male2Block.csv,Timothy3.mp4,Timothy.JPG,Timothy,57.0,M,Dylan,Timothy,Tyler,Josh,Mark,Ethan,Aaron,Jason,Kevin,Jeremy,1.0,0.0,5.0,5.0,4.0,,,,,0.0,8.0,8.0,1.0,,,,,, ,None,,2.0,2.0,7.9067565540317455,,,39,1,2020_Jan_24_1155,FaceNameBlocked_revised,3.0.0,74.91927334062561,,NaN
87,Male1Block.csv,Trevor2.mp4,Trevor.JPG,Trevor,58.0,M,Justin,Brian,Michael,Daniel,Brandon,Steven,Thomas,Trevor,Nathan,David,7.0,0.0,4.0,4.0,3.0,0.0,6.0,6.0,7.0,,,,,,,1.0,,,,,,,,,,,39,1,2020_Jan_24_1155,FaceNameBlocked_revised,3.0.0,74.91927334062561,,NaN
98,Male1Block.csv,Trevor2.mp4,Trevor.JPG,Trevor,58.0,M,Justin,Brian,Michael,Daniel,Brandon,Steven,Thomas,Trevor,Nathan,David,7.0,0.0,4.0,4.0,3.0,,,,,0.0,7.0,7.0,7.0,,,,,, ,None,,3.0,3.0,4.388069999986328,,,39,1,2020_Jan_24_1155,FaceNameBlocked_revised,3.0.0,74.91927334062561,,NaN
116,Male2Block.csv,Tyler3.mp4,Tyler.JPG,Tyler,59.0,M,Dylan,Timothy,Tyler,Josh,Mark,Ethan,Aaron,Jason,Kevin,Jeremy,2.0,0.0,5.0,5.0,4.0,,,,,0.0,5.0,5.0,2.0,,,,,, ,None,,5.0,3.0,2.667378801037557,,,39,1,2020_Jan_24_1155,FaceNameBlocked_revised,3.0.0,74.91927334062561,,NaN
109,Male2Block.csv,Tyler3.mp4,Tyler.JPG,Tyler,59.0,M,Dylan,Timothy,Tyler,Josh,Mark,Ethan,Aaron,Jason,Kevin,Jeremy,2.0,0.0,5.0,5.0,4.0,0.0,8.0,8.0,2.0,,,,,,,0.0,,,,,,,,,,,39,1,2020_Jan_24_1155,FaceNameBlocked_revised,3.0.0,74.91927334062561,,NaN
0,,,,,,,,,,,,,,,,,,,,,,,,,,,,,,space,406.74978232500143,,,,,,,,,,,,39,1,2020_Jan_24_1155,FaceNameBlocked_revised,3.0.0,74.91927334062561,,NaN
121,,,,,,,,,,,,,,,,,,,,,,,,,,,,,,,,,,,,,,,,,space,345.1570486309938,39,1,2020_Jan_24_1155,FaceNameBlocked_revised,3.0.0,74.91927334062561,,NaN
