,condsBlockFile,Video,Photo,Name,Row,Gender,N1,N2,N3,N4,N5,N6,N7,N8,N9,N10,Row2,blocks.thisRepN,blocks.thisTrialN,blocks.thisN,blocks.thisIndex,presentations.thisRepN,presentations.thisTrialN,presentations.thisN,presentations.thisIndex,testing.thisRepN,testing.thisTrialN,testing.thisN,testing.thisIndex,advance_1.keys,advance_1.rt,currentCond,advance_2.keys,advance_2.rt,inputText,key_resp_3.keys,key_resp_3.rt,correctRecogSelection,keyResponse.keys,keyResponse.rt,end_key.keys,end_key.rt,participant,session,date,expName,psychopyVersion,frameRate,Unnamed: 48,key_resp3_fin
69,Male2Block.csv,Aaron2.mp4,Aaron.JPG,Aaron,30.0,M,Aaron,Matthew,Michael,Steven,Andrew,Josh,Adam,Jeremy,Eric,Justin,0.0,0.0,3.0,3.0,4.0,0.0,8.0,8.0,0.0,,,,,,,0.0,,,,,,,,,,,53,1,2020_Feb_07_1155,FaceNameBlocked_revised,3.0.0,85.10965336287333,,NaN
79,Male2Block.csv,Aaron2.mp4,Aaron.JPG,Aaron,30.0,M,Aaron,Matthew,Michael,Steven,Andrew,Josh,Adam,Jeremy,Eric,Justin,0.0,0.0,3.0,3.0,4.0,,,,,0.0,8.0,8.0,0.0,,,,,, ,None,,5.0,5.0,6.2363940849900255,,,53,1,2020_Feb_07_1155,FaceNameBlocked_revised,3.0.0,85.10965336287333,,NaN
72,Male2Block.csv,Adam4.mp4,Adam.JPG,Adam,31.0,M,Aaron,Matthew,Michael,Steven,Andrew,Josh,Adam,Jeremy,Eric,Justin,6.0,0.0,3.0,3.0,4.0,,,,,0.0,1.0,1.0,6.0,,,,,, ,None,,1.0,1.0,5.176869427028578,,,53,1,2020_Feb_07_1155,FaceNameBlocked_revised,3.0.0,85.10965336287333,,NaN
61,Male2Block.csv,Adam4.mp4,Adam.JPG,Adam,31.0,M,Aaron,Matthew,Michael,Steven,Andrew,Josh,Adam,Jeremy,Eric,Justin,6.0,0.0,3.0,3.0,4.0,0.0,0.0,0.0,6.0,,,,,,,1.0,,,,,,,,,,,53,1,2020_Feb_07_1155,FaceNameBlocked_revised,3.0.0,85.10965336287333,,NaN
90,Fem1Block.csv,Alyssa3.mp4,Alyssa.JPG,Alyssa,0.0,F,Natalie,Rachel,Amanda,Shelby,Katie,Olivia,Kelsey,Alyssa,Megan,Sarah,7.0,0.0,4.0,4.0,0.0,0.0,9.0,9.0,7.0,,,,,,,0.0,,,,,,,,,,,53,1,2020_Feb_07_1155,FaceNameBlocked_revised,3.0.0,85.10965336287333,,NaN
93,Fem1Block.csv,Alyssa3.mp4,Alyssa.JPG,Alyssa,0.0,F,Natalie,Rachel,Amanda,Shelby,Katie,Olivia,Kelsey,Alyssa,Megan,Sarah,7.0,0.0,4.0,4.0,0.0,,,,,0.0,2.0,2.0,7.0,,,,,, ,None,,3.0,3.0,5.306866466009523,,,53,1,2020_Feb_07_1155,FaceNameBlocked_revised,3.0.0,85.10965336287333,,NaN
84,Fem1Block.csv,Amanda3.mp4,Amanda.JPG,Amanda,1.0,F,Natalie,Rachel,Amanda,Shelby,Katie,Olivia,Kelsey,Alyssa,Megan,Sarah,2.0,0.0,4.0,4.0,0.0,0.0,3.0,3.0,2.0,,,,,,,1.0,,,,,,,,,,,53,1,2020_Feb_07_1155,FaceNameBlocked_revised,3.0.0,85.10965336287333,,NaN
91,Fem1Block.csv,Amanda3.mp4,Amanda.JPG,Amanda,1.0,F,Natalie,Rachel,Amanda,Shelby,Katie,Olivia,Kelsey,Alyssa,Megan,Sarah,2.0,0.0,4.0,4.0,0.0,,,,,0.0,0.0,0.0,2.0,,,,space,1.426253198995255, ,None,,2.0,5.0,6.081033800030128,,,53,1,2020_Feb_07_1155,FaceNameBlocked_revised,3.0.0,85.10965336287333,,NaN
63,Male2Block.csv,Andrew2.mp4,Andrew.JPG,Andrew,32.0,M,Aaron,Matthew,Michael,Steven,Andrew,Josh,Adam,Jeremy,Eric,Justin,4.0,0.0,3.0,3.0,4.0,0.0,2.0,2.0,4.0,,,,,,,1.0,,,,,,,,,,,53,1,2020_Feb_07_1155,FaceNameBlocked_revised,3.0.0,85.10965336287333,,NaN
71,Male2Block.csv,Andrew2.mp4,Andrew.JPG,Andrew,32.0,M,Aaron,Matthew,Michael,Steven,Andrew,Josh,Adam,Jeremy,Eric,Justin,4.0,0.0,3.0,3.0,4.0,,,,,0.0,0.0,0.0,4.0,,,,space,1.615018968004733, ,None,,2.0,2.0,5.294013181992341,,,53,1,2020_Feb_07_1155,FaceNameBlocked_revised,3.0.0,85.10965336287333,,NaN
50,Fem2Block.csv,Anna3.mp4,Anna.JPG,Anna,2.0,F,Michelle,Emily,Courtney,Ashley,Brianna,Jenna,Julia,Anna,Hannah,Kayla,7.0,0.0,2.0,2.0,1.0,0.0,9.0,9.0,7.0,,,,,,,0.0,,,,,,,,,,,53,1,2020_Feb_07_1155,FaceNameBlocked_revised,3.0.0,85.10965336287333,,NaN
58,Fem2Block.csv,Anna3.mp4,Anna.JPG,Anna,2.0,F,Michelle,Emily,Courtney,Ashley,Brianna,Jenna,Julia,Anna,Hannah,Kayla,7.0,0.0,2.0,2.0,1.0,,,,,0.0,7.0,7.0,7.0,,,,,, ,None,,3.0,2.0,6.5043557600001805,,,53,1,2020_Feb_07_1155,FaceNameBlocked_revised,3.0.0,85.10965336287333,,NaN
52,Fem2Block.csv,Ashley3.mp4,Ashley.JPG,Ashley,3.0,F,Michelle,Emily,Courtney,Ashley,Brianna,Jenna,Julia,Anna,Hannah,Kayla,3.0,0.0,2.0,2.0,1.0,,,,,0.0,1.0,1.0,3.0,,,,,, ,None,,4.0,1.0,5.2697074539610185,,,53,1,2020_Feb_07_1155,FaceNameBlocked_revised,3.0.0,85.10965336287333,,NaN
46,Fem2Block.csv,Ashley3.mp4,Ashley.JPG,Ashley,3.0,F,Michelle,Emily,Courtney,Ashley,Brianna,Jenna,Julia,Anna,Hannah,Kayla,3.0,0.0,2.0,2.0,1.0,0.0,5.0,5.0,3.0,,,,,,,1.0,,,,,,,,,,,53,1,2020_Feb_07_1155,FaceNameBlocked_revised,3.0.0,85.10965336287333,,NaN
39,Male3Block.csv,Bradley3.mp4,Bradley.JPG,Bradley,33.0,M,Bradley,Daniel,Ethan,Thomas,Jason,Mark,David,Kyle,Tyler,Dylan,0.0,0.0,1.0,1.0,5.0,,,,,0.0,8.0,8.0,0.0,,,,,, ,None,,4.0,3.0,10.644279911008198,,,53,1,2020_Feb_07_1155,FaceNameBlocked_revised,3.0.0,85.10965336287333,,NaN
26,Male3Block.csv,Bradley3.mp4,Bradley.JPG,Bradley,33.0,M,Bradley,Daniel,Ethan,Thomas,Jason,Mark,David,Kyle,Tyler,Dylan,0.0,0.0,1.0,1.0,5.0,0.0,5.0,5.0,0.0,,,,,,,0.0,,,,,,,,,,,53,1,2020_Feb_07_1155,FaceNameBlocked_revised,3.0.0,85.10965336287333,,NaN
5,Male1Block.csv,Brandon2.mp4,Brandon.JPG,Brandon,34.0,M,Cody,Nathan,Timothy,Brandon,Brian,Kevin,Caleb,Trevor,Jacob,Noah,3.0,0.0,0.0,0.0,3.0,0.0,4.0,4.0,3.0,,,,,,,1.0,,,,,,,,,,,53,1,2020_Feb_07_1155,FaceNameBlocked_revised,3.0.0,85.10965336287333,,NaN
15,Male1Block.csv,Brandon2.mp4,Brandon.JPG,Brandon,34.0,M,Cody,Nathan,Timothy,Brandon,Brian,Kevin,Caleb,Trevor,Jacob,Noah,3.0,0.0,0.0,0.0,3.0,,,,,0.0,4.0,4.0,3.0,,,,,, kevin,"['k', 'e', 'v', 'i', 'n', 'return']","[5.741798202972859, 5.892495410982519, 6.117965170997195, 6.259953505999874, 6.506140001001768, 7.352671383996494]",5.0,2.0,5.459428582980762,,,53,1,2020_Feb_07_1155,FaceNameBlocked_revised,3.0.0,85.10965336287333,,5.7417982
10,Male1Block.csv,Brian2.mp4,Brian.JPG,Brian,35.0,M,Cody,Nathan,Timothy,Brandon,Brian,Kevin,Caleb,Trevor,Jacob,Noah,4.0,0.0,0.0,0.0,3.0,0.0,9.0,9.0,4.0,,,,,,,1.0,,,,,,,,,,,53,1,2020_Feb_07_1155,FaceNameBlocked_revised,3.0.0,85.10965336287333,,NaN
14,Male1Block.csv,Brian2.mp4,Brian.JPG,Brian,35.0,M,Cody,Nathan,Timothy,Brandon,Brian,Kevin,Caleb,Trevor,Jacob,Noah,4.0,0.0,0.0,0.0,3.0,,,,,0.0,3.0,3.0,4.0,,,,,, nathan,"['n', 'a', 't', 'h', 'n', 'backspace', 'a', 'n', 'return']","[4.483598509046715, 4.718921046995092, 4.977177427033894, 5.095270563033409, 5.35428489203332, 6.198793476040009, 6.553136165020987, 6.6950849129934795, 7.000375765026547]",1.0,1.0,6.107193644973449,,,53,1,2020_Feb_07_1155,FaceNameBlocked_revised,3.0.0,85.10965336287333,,4.4835985
44,Fem2Block.csv,Brianna2.mp4,Brianna.JPG,Brianna,4.0,F,Michelle,Emily,Courtney,Ashley,Brianna,Jenna,Julia,Anna,Hannah,Kayla,4.0,0.0,2.0,2.0,1.0,0.0,3.0,3.0,4.0,,,,,,,1.0,,,,,,,,,,,53,1,2020_Feb_07_1155,FaceNameBlocked_revised,3.0.0,85.10965336287333,,NaN
56,Fem2Block.csv,Brianna2.mp4,Brianna.JPG,Brianna,4.0,F,Michelle,Emily,Courtney,Ashley,Brianna,Jenna,Julia,Anna,Hannah,Kayla,4.0,0.0,2.0,2.0,1.0,,,,,0.0,5.0,5.0,4.0,,,,,, ,None,,1.0,3.0,6.730550416978077,,,53,1,2020_Feb_07_1155,FaceNameBlocked_revised,3.0.0,85.10965336287333,,NaN
117,Fem3Block.csv,Brittany2.mp4,Brittany.JPG,Brittany,5.0,F,Jessica,Nicole,Lauren,Heather,Rebecca,Taylor,Brittany,Danielle,Haley,Grace,6.0,0.0,5.0,5.0,2.0,,,,,0.0,6.0,6.0,6.0,,,,,, ,None,,5.0,4.0,1.3899807729758322,,,53,1,2020_Feb_07_1155,FaceNameBlocked_revised,3.0.0,85.10965336287333,,NaN
102,Fem3Block.csv,Brittany2.mp4,Brittany.JPG,Brittany,5.0,F,Jessica,Nicole,Lauren,Heather,Rebecca,Taylor,Brittany,Danielle,Haley,Grace,6.0,0.0,5.0,5.0,2.0,0.0,1.0,1.0,6.0,,,,,,,1.0,,,,,,,,,,,53,1,2020_Feb_07_1155,FaceNameBlocked_revised,3.0.0,85.10965336287333,,NaN
19,Male1Block.csv,Caleb5.mp4,Caleb.JPG,Caleb,36.0,M,Cody,Nathan,Timothy,Brandon,Brian,Kevin,Caleb,Trevor,Jacob,Noah,6.0,0.0,0.0,0.0,3.0,,,,,0.0,8.0,8.0,6.0,,,,,, ,None,,2.0,1.0,6.868798372976017,,,53,1,2020_Feb_07_1155,FaceNameBlocked_revised,3.0.0,85.10965336287333,,NaN
4,Male1Block.csv,Caleb5.mp4,Caleb.JPG,Caleb,36.0,M,Cody,Nathan,Timothy,Brandon,Brian,Kevin,Caleb,Trevor,Jacob,Noah,6.0,0.0,0.0,0.0,3.0,0.0,3.0,3.0,6.0,,,,,,,1.0,,,,,,,,,,,53,1,2020_Feb_07_1155,FaceNameBlocked_revised,3.0.0,85.10965336287333,,NaN
7,Male1Block.csv,Cody2.mp4,Cody.JPG,Cody,37.0,M,Cody,Nathan,Timothy,Brandon,Brian,Kevin,Caleb,Trevor,Jacob,Noah,0.0,0.0,0.0,0.0,3.0,0.0,6.0,6.0,0.0,,,,,,,0.0,,,,,,,,,,,53,1,2020_Feb_07_1155,FaceNameBlocked_revised,3.0.0,85.10965336287333,,NaN
13,Male1Block.csv,Cody2.mp4,Cody.JPG,Cody,37.0,M,Cody,Nathan,Timothy,Brandon,Brian,Kevin,Caleb,Trevor,Jacob,Noah,0.0,0.0,0.0,0.0,3.0,,,,,0.0,2.0,2.0,0.0,,,,,, jacob,"['j', 'a', 'c', 'o', 'b', 'return']","[1.883604845032096, 2.260340881999582, 2.413533905055374, 2.5423722530249506, 2.824870513053611, 3.6713332240469754]",5.0,2.0,9.623446408018935,,,53,1,2020_Feb_07_1155,FaceNameBlocked_revised,3.0.0,85.10965336287333,,1.8836048
53,Fem2Block.csv,Courtney2.mp4,Courtney.JPG,Courtney,6.0,F,Michelle,Emily,Courtney,Ashley,Brianna,Jenna,Julia,Anna,Hannah,Kayla,2.0,0.0,2.0,2.0,1.0,,,,,0.0,2.0,2.0,2.0,,,,,, hannah,"['h', 'a', 'n', 'n', 'a', 'h']","[3.0377223849645816, 3.142735785979312, 3.272769716975745, 3.4133499859599397, 3.529797355993651, 3.6491715369629674]",1.0,2.0,1.4827677970170043,,,53,1,2020_Feb_07_1155,FaceNameBlocked_revised,3.0.0,85.10965336287333,,3.0377223
41,Fem2Block.csv,Courtney2.mp4,Courtney.JPG,Courtney,6.0,F,Michelle,Emily,Courtney,Ashley,Brianna,Jenna,Julia,Anna,Hannah,Kayla,2.0,0.0,2.0,2.0,1.0,0.0,0.0,0.0,2.0,,,,,,,1.0,,,,,,,,,,,53,1,2020_Feb_07_1155,FaceNameBlocked_revised,3.0.0,85.10965336287333,,NaN
24,Male3Block.csv,Daniel3.mp4,Daniel.JPG,Daniel,38.0,M,Bradley,Daniel,Ethan,Thomas,Jason,Mark,David,Kyle,Tyler,Dylan,1.0,0.0,1.0,1.0,5.0,0.0,3.0,3.0,1.0,,,,,,,0.0,,,,,,,,,,,53,1,2020_Feb_07_1155,FaceNameBlocked_revised,3.0.0,85.10965336287333,,NaN
38,Male3Block.csv,Daniel3.mp4,Daniel.JPG,Daniel,38.0,M,Bradley,Daniel,Ethan,Thomas,Jason,Mark,David,Kyle,Tyler,Dylan,1.0,0.0,1.0,1.0,5.0,,,,,0.0,7.0,7.0,1.0,,,,,, ,None,,3.0,4.0,8.29347154602874,,,53,1,2020_Feb_07_1155,FaceNameBlocked_revised,3.0.0,85.10965336287333,,NaN
107,Fem3Block.csv,Danielle2.mp4,Danielle.JPG,Danielle,7.0,F,Jessica,Nicole,Lauren,Heather,Rebecca,Taylor,Brittany,Danielle,Haley,Grace,7.0,0.0,5.0,5.0,2.0,0.0,6.0,6.0,7.0,,,,,,,0.0,,,,,,,,,,,53,1,2020_Feb_07_1155,FaceNameBlocked_revised,3.0.0,85.10965336287333,,NaN
119,Fem3Block.csv,Danielle2.mp4,Danielle.JPG,Danielle,7.0,F,Jessica,Nicole,Lauren,Heather,Rebecca,Taylor,Brittany,Danielle,Haley,Grace,7.0,0.0,5.0,5.0,2.0,,,,,0.0,8.0,8.0,7.0,,,,,, danielle,"['d', 'a', 'n', 'i', 'e', 'l', 'l', 'e']","[3.0374496469739825, 3.1309279769775458, 3.2956341659883037, 3.519108715991024, 3.672070800967049, 3.8370559479808435, 3.965991718985606, 4.037400766974315]",4.0,4.0,1.4607817730284296,,,53,1,2020_Feb_07_1155,FaceNameBlocked_revised,3.0.0,85.10965336287333,,3.0374496
34,Male3Block.csv,David2.mp4,David.JPG,David,39.0,M,Bradley,Daniel,Ethan,Thomas,Jason,Mark,David,Kyle,Tyler,Dylan,6.0,0.0,1.0,1.0,5.0,,,,,0.0,3.0,3.0,6.0,,,,,, ,None,,3.0,3.0,5.460353201953693,,,53,1,2020_Feb_07_1155,FaceNameBlocked_revised,3.0.0,85.10965336287333,,NaN
29,Male3Block.csv,David2.mp4,David.JPG,David,39.0,M,Bradley,Daniel,Ethan,Thomas,Jason,Mark,David,Kyle,Tyler,Dylan,6.0,0.0,1.0,1.0,5.0,0.0,8.0,8.0,6.0,,,,,,,1.0,,,,,,,,,,,53,1,2020_Feb_07_1155,FaceNameBlocked_revised,3.0.0,85.10965336287333,,NaN
32,Male3Block.csv,Dylan3.mp4,Dylan.JPG,Dylan,40.0,M,Bradley,Daniel,Ethan,Thomas,Jason,Mark,David,Kyle,Tyler,Dylan,9.0,0.0,1.0,1.0,5.0,,,,,0.0,1.0,1.0,9.0,,,,,, ,None,,1.0,1.0,4.884278151963373,,,53,1,2020_Feb_07_1155,FaceNameBlocked_revised,3.0.0,85.10965336287333,,NaN
23,Male3Block.csv,Dylan3.mp4,Dylan.JPG,Dylan,40.0,M,Bradley,Daniel,Ethan,Thomas,Jason,Mark,David,Kyle,Tyler,Dylan,9.0,0.0,1.0,1.0,5.0,0.0,2.0,2.0,9.0,,,,,,,0.0,,,,,,,,,,,53,1,2020_Feb_07_1155,FaceNameBlocked_revised,3.0.0,85.10965336287333,,NaN
59,Fem2Block.csv,Emily5.mp4,Emily.JPG,Emily,8.0,F,Michelle,Emily,Courtney,Ashley,Brianna,Jenna,Julia,Anna,Hannah,Kayla,1.0,0.0,2.0,2.0,1.0,,,,,0.0,8.0,8.0,1.0,,,,,, emily,"['e', 'm', 'i', 'l', 'y']","[1.9666980930487625, 2.1437751930207014, 2.3436292320257053, 2.613572632020805, 2.695975372043904]",5.0,5.0,2.4695657480042428,,,53,1,2020_Feb_07_1155,FaceNameBlocked_revised,3.0.0,85.10965336287333,,1.9666980
43,Fem2Block.csv,Emily5.mp4,Emily.JPG,Emily,8.0,F,Michelle,Emily,Courtney,Ashley,Brianna,Jenna,Julia,Anna,Hannah,Kayla,1.0,0.0,2.0,2.0,1.0,0.0,2.0,2.0,1.0,,,,,,,0.0,,,,,,,,,,,53,1,2020_Feb_07_1155,FaceNameBlocked_revised,3.0.0,85.10965336287333,,NaN
80,Male2Block.csv,Eric2.mp4,Eric.JPG,Eric,41.0,M,Aaron,Matthew,Michael,Steven,Andrew,Josh,Adam,Jeremy,Eric,Justin,8.0,0.0,3.0,3.0,4.0,,,,,0.0,9.0,9.0,8.0,,,,,, eric,"['e', 'r', 'i', 'c']","[4.0369999799877405, 4.084185092011467, 4.237047387985513, 4.4370483760139905]",3.0,3.0,1.543033775000367,,,53,1,2020_Feb_07_1155,FaceNameBlocked_revised,3.0.0,85.10965336287333,,4.0369999
62,Male2Block.csv,Eric2.mp4,Eric.JPG,Eric,41.0,M,Aaron,Matthew,Michael,Steven,Andrew,Josh,Adam,Jeremy,Eric,Justin,8.0,0.0,3.0,3.0,4.0,0.0,1.0,1.0,8.0,,,,,,,0.0,,,,,,,,,,,53,1,2020_Feb_07_1155,FaceNameBlocked_revised,3.0.0,85.10965336287333,,NaN
37,Male3Block.csv,Ethan2.mp4,Ethan.JPG,Ethan,42.0,M,Bradley,Daniel,Ethan,Thomas,Jason,Mark,David,Kyle,Tyler,Dylan,2.0,0.0,1.0,1.0,5.0,,,,,0.0,6.0,6.0,2.0,,,,,, ,None,,2.0,3.0,7.812241997977253,,,53,1,2020_Feb_07_1155,FaceNameBlocked_revised,3.0.0,85.10965336287333,,NaN
27,Male3Block.csv,Ethan2.mp4,Ethan.JPG,Ethan,42.0,M,Bradley,Daniel,Ethan,Thomas,Jason,Mark,David,Kyle,Tyler,Dylan,2.0,0.0,1.0,1.0,5.0,0.0,6.0,6.0,2.0,,,,,,,1.0,,,,,,,,,,,53,1,2020_Feb_07_1155,FaceNameBlocked_revised,3.0.0,85.10965336287333,,NaN
118,Fem3Block.csv,Grace3.mp4,Grace.JPG,Grace,9.0,F,Jessica,Nicole,Lauren,Heather,Rebecca,Taylor,Brittany,Danielle,Haley,Grace,9.0,0.0,5.0,5.0,2.0,,,,,0.0,7.0,7.0,9.0,,,,,, grace,"['g', 'r', 'a', 'c', 'e', 'return']","[1.932113527029287, 2.1664958160254173, 2.343687343993224, 2.6262526370119303, 2.7317565490375273, 4.189040944038425]",3.0,3.0,2.0135828549973667,,,53,1,2020_Feb_07_1155,FaceNameBlocked_revised,3.0.0,85.10965336287333,,1.9321135
109,Fem3Block.csv,Grace3.mp4,Grace.JPG,Grace,9.0,F,Jessica,Nicole,Lauren,Heather,Rebecca,Taylor,Brittany,Danielle,Haley,Grace,9.0,0.0,5.0,5.0,2.0,0.0,8.0,8.0,9.0,,,,,,,0.0,,,,,,,,,,,53,1,2020_Feb_07_1155,FaceNameBlocked_revised,3.0.0,85.10965336287333,,NaN
106,Fem3Block.csv,Haley2.mp4,Haley.JPG,Haley,10.0,F,Jessica,Nicole,Lauren,Heather,Rebecca,Taylor,Brittany,Danielle,Haley,Grace,8.0,0.0,5.0,5.0,2.0,0.0,5.0,5.0,8.0,,,,,,,0.0,,,,,,,,,,,53,1,2020_Feb_07_1155,FaceNameBlocked_revised,3.0.0,85.10965336287333,,NaN
115,Fem3Block.csv,Haley2.mp4,Haley.JPG,Haley,10.0,F,Jessica,Nicole,Lauren,Heather,Rebecca,Taylor,Brittany,Danielle,Haley,Grace,8.0,0.0,5.0,5.0,2.0,,,,,0.0,4.0,4.0,8.0,,,,,, ,None,,2.0,3.0,4.6476065359893255,,,53,1,2020_Feb_07_1155,FaceNameBlocked_revised,3.0.0,85.10965336287333,,NaN
49,Fem2Block.csv,Hannah2.mp4,Hannah.JPG,Hannah,11.0,F,Michelle,Emily,Courtney,Ashley,Brianna,Jenna,Julia,Anna,Hannah,Kayla,8.0,0.0,2.0,2.0,1.0,0.0,8.0,8.0,8.0,,,,,,,0.0,,,,,,,,,,,53,1,2020_Feb_07_1155,FaceNameBlocked_revised,3.0.0,85.10965336287333,,NaN
57,Fem2Block.csv,Hannah2.mp4,Hannah.JPG,Hannah,11.0,F,Michelle,Emily,Courtney,Ashley,Brianna,Jenna,Julia,Anna,Hannah,Kayla,8.0,0.0,2.0,2.0,1.0,,,,,0.0,6.0,6.0,8.0,,,,,, ,None,,3.0,3.0,6.4219759720144785,,,53,1,2020_Feb_07_1155,FaceNameBlocked_revised,3.0.0,85.10965336287333,,NaN
105,Fem3Block.csv,Heather3.mp4,Heather.JPG,Heather,12.0,F,Jessica,Nicole,Lauren,Heather,Rebecca,Taylor,Brittany,Danielle,Haley,Grace,3.0,0.0,5.0,5.0,2.0,0.0,4.0,4.0,3.0,,,,,,,1.0,,,,,,,,,,,53,1,2020_Feb_07_1155,FaceNameBlocked_revised,3.0.0,85.10965336287333,,NaN
120,Fem3Block.csv,Heather3.mp4,Heather.JPG,Heather,12.0,F,Jessica,Nicole,Lauren,Heather,Rebecca,Taylor,Brittany,Danielle,Haley,Grace,3.0,0.0,5.0,5.0,2.0,,,,,0.0,9.0,9.0,3.0,,,,,, heather,"['h', 'e', 'a', 't', 'h', 'e', 'r']","[3.5430483130039647, 3.6957327120471746, 3.8604158440139145, 4.013625323015731, 4.165997970034368, 4.295670759049244, 4.472300106019247]",3.0,3.0,1.3431931840023026,,,53,1,2020_Feb_07_1155,FaceNameBlocked_revised,3.0.0,85.10965336287333,,3.5430483
18,Male1Block.csv,Jacob3.mp4,Jacob.JPG,Jacob,43.0,M,Cody,Nathan,Timothy,Brandon,Brian,Kevin,Caleb,Trevor,Jacob,Noah,8.0,0.0,0.0,0.0,3.0,,,,,0.0,7.0,7.0,8.0,,,,,, jacob,"['j', 'a', 'c', 'o', 'b']","[3.8254690719768405, 4.142678376985714, 4.27246126398677, 4.471731671947055, 4.753970332967583]",5.0,5.0,2.236824819003232,,,53,1,2020_Feb_07_1155,FaceNameBlocked_revised,3.0.0,85.10965336287333,,3.8254690
2,Male1Block.csv,Jacob3.mp4,Jacob.JPG,Jacob,43.0,M,Cody,Nathan,Timothy,Brandon,Brian,Kevin,Caleb,Trevor,Jacob,Noah,8.0,0.0,0.0,0.0,3.0,0.0,1.0,1.0,8.0,,,,,,,0.0,,,,,,,,,,,53,1,2020_Feb_07_1155,FaceNameBlocked_revised,3.0.0,85.10965336287333,,NaN
21,Male3Block.csv,Jason4.mp4,Jason.JPG,Jason,44.0,M,Bradley,Daniel,Ethan,Thomas,Jason,Mark,David,Kyle,Tyler,Dylan,4.0,0.0,1.0,1.0,5.0,0.0,0.0,0.0,4.0,,,,,,,1.0,,,,,,,,,,,53,1,2020_Feb_07_1155,FaceNameBlocked_revised,3.0.0,85.10965336287333,,NaN
36,Male3Block.csv,Jason4.mp4,Jason.JPG,Jason,44.0,M,Bradley,Daniel,Ethan,Thomas,Jason,Mark,David,Kyle,Tyler,Dylan,4.0,0.0,1.0,1.0,5.0,,,,,0.0,5.0,5.0,4.0,,,,,, ,None,,1.0,5.0,4.4360312189674005,,,53,1,2020_Feb_07_1155,FaceNameBlocked_revised,3.0.0,85.10965336287333,,NaN
60,Fem2Block.csv,Jenna4.mp4,Jenna.JPG,Jenna,13.0,F,Michelle,Emily,Courtney,Ashley,Brianna,Jenna,Julia,Anna,Hannah,Kayla,5.0,0.0,2.0,2.0,1.0,,,,,0.0,9.0,9.0,5.0,,,,,, ,None,,4.0,4.0,3.813688084017485,,,53,1,2020_Feb_07_1155,FaceNameBlocked_revised,3.0.0,85.10965336287333,,NaN
42,Fem2Block.csv,Jenna4.mp4,Jenna.JPG,Jenna,13.0,F,Michelle,Emily,Courtney,Ashley,Brianna,Jenna,Julia,Anna,Hannah,Kayla,5.0,0.0,2.0,2.0,1.0,0.0,1.0,1.0,5.0,,,,,,,1.0,,,,,,,,,,,53,1,2020_Feb_07_1155,FaceNameBlocked_revised,3.0.0,85.10965336287333,,NaN
73,Male2Block.csv,Jeremy2.mp4,Jeremy.JPG,Jeremy,45.0,M,Aaron,Matthew,Michael,Steven,Andrew,Josh,Adam,Jeremy,Eric,Justin,7.0,0.0,3.0,3.0,4.0,,,,,0.0,2.0,2.0,7.0,,,,,, ,None,,3.0,3.0,3.001751527015585,,,53,1,2020_Feb_07_1155,FaceNameBlocked_revised,3.0.0,85.10965336287333,,NaN
65,Male2Block.csv,Jeremy2.mp4,Jeremy.JPG,Jeremy,45.0,M,Aaron,Matthew,Michael,Steven,Andrew,Josh,Adam,Jeremy,Eric,Justin,7.0,0.0,3.0,3.0,4.0,0.0,4.0,4.0,7.0,,,,,,,0.0,,,,,,,,,,,53,1,2020_Feb_07_1155,FaceNameBlocked_revised,3.0.0,85.10965336287333,,NaN
103,Fem3Block.csv,Jessica2.mp4,Jessica.JPG,Jessica,14.0,F,Jessica,Nicole,Lauren,Heather,Rebecca,Taylor,Brittany,Danielle,Haley,Grace,0.0,0.0,5.0,5.0,2.0,0.0,2.0,2.0,0.0,,,,,,,0.0,,,,,,,,,,,53,1,2020_Feb_07_1155,FaceNameBlocked_revised,3.0.0,85.10965336287333,,NaN
111,Fem3Block.csv,Jessica2.mp4,Jessica.JPG,Jessica,14.0,F,Jessica,Nicole,Lauren,Heather,Rebecca,Taylor,Brittany,Danielle,Haley,Grace,0.0,0.0,5.0,5.0,2.0,,,,,0.0,0.0,0.0,0.0,,,,space,1.7904146690270863, ,None,,2.0,1.0,6.236115601961501,,,53,1,2020_Feb_07_1155,FaceNameBlocked_revised,3.0.0,85.10965336287333,,NaN
77,Male2Block.csv,Josh3.mp4,Josh.JPG,Josh,46.0,M,Aaron,Matthew,Michael,Steven,Andrew,Josh,Adam,Jeremy,Eric,Justin,5.0,0.0,3.0,3.0,4.0,,,,,0.0,6.0,6.0,5.0,,,,,, josh,"['j', 'o', 's', 'h', 'return']","[2.282245473994408, 2.402158883982338, 2.8491095129866153, 3.0261009460082278, 3.507170024968218]",5.0,5.0,2.1196069950237866,,,53,1,2020_Feb_07_1155,FaceNameBlocked_revised,3.0.0,85.10965336287333,,2.2822454
67,Male2Block.csv,Josh3.mp4,Josh.JPG,Josh,46.0,M,Aaron,Matthew,Michael,Steven,Andrew,Josh,Adam,Jeremy,Eric,Justin,5.0,0.0,3.0,3.0,4.0,0.0,6.0,6.0,5.0,,,,,,,1.0,,,,,,,,,,,53,1,2020_Feb_07_1155,FaceNameBlocked_revised,3.0.0,85.10965336287333,,NaN
54,Fem2Block.csv,Julia2.mp4,Julia.JPG,Julia,15.0,F,Michelle,Emily,Courtney,Ashley,Brianna,Jenna,Julia,Anna,Hannah,Kayla,6.0,0.0,2.0,2.0,1.0,,,,,0.0,3.0,3.0,6.0,,,,,, ,None,,1.0,5.0,4.354620216006879,,,53,1,2020_Feb_07_1155,FaceNameBlocked_revised,3.0.0,85.10965336287333,,NaN
48,Fem2Block.csv,Julia2.mp4,Julia.JPG,Julia,15.0,F,Michelle,Emily,Courtney,Ashley,Brianna,Jenna,Julia,Anna,Hannah,Kayla,6.0,0.0,2.0,2.0,1.0,0.0,7.0,7.0,6.0,,,,,,,1.0,,,,,,,,,,,53,1,2020_Feb_07_1155,FaceNameBlocked_revised,3.0.0,85.10965336287333,,NaN
74,Male2Block.csv,Justin2.mp4,Justin.JPG,Justin,47.0,M,Aaron,Matthew,Michael,Steven,Andrew,Josh,Adam,Jeremy,Eric,Justin,9.0,0.0,3.0,3.0,4.0,,,,,0.0,3.0,3.0,9.0,,,,,, ,None,,3.0,1.0,4.0929889389662995,,,53,1,2020_Feb_07_1155,FaceNameBlocked_revised,3.0.0,85.10965336287333,,NaN
64,Male2Block.csv,Justin2.mp4,Justin.JPG,Justin,47.0,M,Aaron,Matthew,Michael,Steven,Andrew,Josh,Adam,Jeremy,Eric,Justin,9.0,0.0,3.0,3.0,4.0,0.0,3.0,3.0,9.0,,,,,,,0.0,,,,,,,,,,,53,1,2020_Feb_07_1155,FaceNameBlocked_revised,3.0.0,85.10965336287333,,NaN
92,Fem1Block.csv,Katie2.mp4,Katie.JPG,Katie,16.0,F,Natalie,Rachel,Amanda,Shelby,Katie,Olivia,Kelsey,Alyssa,Megan,Sarah,4.0,0.0,4.0,4.0,0.0,,,,,0.0,1.0,1.0,4.0,,,,,, katie,"['k', 'a', 't', 'i', 'e']","[2.507596714014653, 2.6845897379680537, 3.0140151719679125, 3.1314833799842745, 3.578415347961709]",3.0,3.0,1.4017416030401364,,,53,1,2020_Feb_07_1155,FaceNameBlocked_revised,3.0.0,85.10965336287333,,2.5075967
82,Fem1Block.csv,Katie2.mp4,Katie.JPG,Katie,16.0,F,Natalie,Rachel,Amanda,Shelby,Katie,Olivia,Kelsey,Alyssa,Megan,Sarah,4.0,0.0,4.0,4.0,0.0,0.0,1.0,1.0,4.0,,,,,,,1.0,,,,,,,,,,,53,1,2020_Feb_07_1155,FaceNameBlocked_revised,3.0.0,85.10965336287333,,NaN
45,Fem2Block.csv,Kayla3.mp4,Kayla.JPG,Kayla,17.0,F,Michelle,Emily,Courtney,Ashley,Brianna,Jenna,Julia,Anna,Hannah,Kayla,9.0,0.0,2.0,2.0,1.0,0.0,4.0,4.0,9.0,,,,,,,0.0,,,,,,,,,,,53,1,2020_Feb_07_1155,FaceNameBlocked_revised,3.0.0,85.10965336287333,,NaN
51,Fem2Block.csv,Kayla3.mp4,Kayla.JPG,Kayla,17.0,F,Michelle,Emily,Courtney,Ashley,Brianna,Jenna,Julia,Anna,Hannah,Kayla,9.0,0.0,2.0,2.0,1.0,,,,,0.0,0.0,0.0,9.0,,,,space,4.400955333956516, katie,"['k', 'a', 't', 'i', 'e']","[2.295659269031603, 2.7876316540059634, 2.930110640008934, 3.0717546390369534, 3.24749952100683]",2.0,2.0,4.777645497000776,,,53,1,2020_Feb_07_1155,FaceNameBlocked_revised,3.0.0,85.10965336287333,,2.2956592
99,Fem1Block.csv,Kelsey2.mp4,Kelsey.JPG,Kelsey,18.0,F,Natalie,Rachel,Amanda,Shelby,Katie,Olivia,Kelsey,Alyssa,Megan,Sarah,6.0,0.0,4.0,4.0,0.0,,,,,0.0,8.0,8.0,6.0,,,,,, kelsey,"['k', 'e', 'l', 's', 'e', 'y']","[3.131252803024836, 3.3308284369995818, 3.6133146220236085, 3.7661675300332718, 4.140799860004336, 4.2837980090407655]",4.0,4.0,1.6963172730174847,,,53,1,2020_Feb_07_1155,FaceNameBlocked_revised,3.0.0,85.10965336287333,,3.1312528
86,Fem1Block.csv,Kelsey2.mp4,Kelsey.JPG,Kelsey,18.0,F,Natalie,Rachel,Amanda,Shelby,Katie,Olivia,Kelsey,Alyssa,Megan,Sarah,6.0,0.0,4.0,4.0,0.0,0.0,5.0,5.0,6.0,,,,,,,1.0,,,,,,,,,,,53,1,2020_Feb_07_1155,FaceNameBlocked_revised,3.0.0,85.10965336287333,,NaN
11,Male1Block.csv,Kevin2.mp4,Kevin.JPG,Kevin,48.0,M,Cody,Nathan,Timothy,Brandon,Brian,Kevin,Caleb,Trevor,Jacob,Noah,5.0,0.0,0.0,0.0,3.0,,,,,0.0,0.0,0.0,5.0,,,,space,25.09024332795525, timothy,"['t', 'i', 'm', 'o', 'y', 'backspace', 't', 'h', 'backspace', 'backspace', 'backspace', 'o', 't', 'h', 'y', 'return']","[4.754122012003791, 4.930184503027704, 5.130127591022756, 5.281091405020561, 5.400811067025643, 6.0703525400022045, 6.564316225994844, 6.656722045037895, 7.140030254027806, 7.340023459983058, 7.634532364027109, 8.306232826027554, 8.599770920001902, 8.752405026985798, 8.985828228003811, 9.363047185994219]",4.0,5.0,11.035496371041518,,,53,1,2020_Feb_07_1155,FaceNameBlocked_revised,3.0.0,85.10965336287333,,4.7541220
6,Male1Block.csv,Kevin2.mp4,Kevin.JPG,Kevin,48.0,M,Cody,Nathan,Timothy,Brandon,Brian,Kevin,Caleb,Trevor,Jacob,Noah,5.0,0.0,0.0,0.0,3.0,0.0,5.0,5.0,5.0,,,,,,,1.0,,,,,,,,,,,53,1,2020_Feb_07_1155,FaceNameBlocked_revised,3.0.0,85.10965336287333,,NaN
40,Male3Block.csv,Kyle3.mp4,Kyle.JPG,Kyle,49.0,M,Bradley,Daniel,Ethan,Thomas,Jason,Mark,David,Kyle,Tyler,Dylan,7.0,0.0,1.0,1.0,5.0,,,,,0.0,9.0,9.0,7.0,,,,,, ,None,,2.0,2.0,6.964088087028358,,,53,1,2020_Feb_07_1155,FaceNameBlocked_revised,3.0.0,85.10965336287333,,NaN
30,Male3Block.csv,Kyle3.mp4,Kyle.JPG,Kyle,49.0,M,Bradley,Daniel,Ethan,Thomas,Jason,Mark,David,Kyle,Tyler,Dylan,7.0,0.0,1.0,1.0,5.0,0.0,9.0,9.0,7.0,,,,,,,0.0,,,,,,,,,,,53,1,2020_Feb_07_1155,FaceNameBlocked_revised,3.0.0,85.10965336287333,,NaN
113,Fem3Block.csv,Lauren4.mp4,Lauren.JPG,Lauren,19.0,F,Jessica,Nicole,Lauren,Heather,Rebecca,Taylor,Brittany,Danielle,Haley,Grace,2.0,0.0,5.0,5.0,2.0,,,,,0.0,2.0,2.0,2.0,,,,,, ,None,,5.0,4.0,4.142805336043239,,,53,1,2020_Feb_07_1155,FaceNameBlocked_revised,3.0.0,85.10965336287333,,NaN
110,Fem3Block.csv,Lauren4.mp4,Lauren.JPG,Lauren,19.0,F,Jessica,Nicole,Lauren,Heather,Rebecca,Taylor,Brittany,Danielle,Haley,Grace,2.0,0.0,5.0,5.0,2.0,0.0,9.0,9.0,2.0,,,,,,,1.0,,,,,,,,,,,53,1,2020_Feb_07_1155,FaceNameBlocked_revised,3.0.0,85.10965336287333,,NaN
25,Male3Block.csv,Mark3.mp4,Mark.JPG,Mark,50.0,M,Bradley,Daniel,Ethan,Thomas,Jason,Mark,David,Kyle,Tyler,Dylan,5.0,0.0,1.0,1.0,5.0,0.0,4.0,4.0,5.0,,,,,,,1.0,,,,,,,,,,,53,1,2020_Feb_07_1155,FaceNameBlocked_revised,3.0.0,85.10965336287333,,NaN
31,Male3Block.csv,Mark3.mp4,Mark.JPG,Mark,50.0,M,Bradley,Daniel,Ethan,Thomas,Jason,Mark,David,Kyle,Tyler,Dylan,5.0,0.0,1.0,1.0,5.0,,,,,0.0,0.0,0.0,5.0,,,,space,11.612355502031276, ,None,,1.0,5.0,6.495517183037009,,,53,1,2020_Feb_07_1155,FaceNameBlocked_revised,3.0.0,85.10965336287333,,NaN
70,Male2Block.csv,Matthew2.mp4,Matthew.JPG,Matthew,51.0,M,Aaron,Matthew,Michael,Steven,Andrew,Josh,Adam,Jeremy,Eric,Justin,1.0,0.0,3.0,3.0,4.0,0.0,9.0,9.0,1.0,,,,,,,0.0,,,,,,,,,,,53,1,2020_Feb_07_1155,FaceNameBlocked_revised,3.0.0,85.10965336287333,,NaN
78,Male2Block.csv,Matthew2.mp4,Matthew.JPG,Matthew,51.0,M,Aaron,Matthew,Michael,Steven,Andrew,Josh,Adam,Jeremy,Eric,Justin,1.0,0.0,3.0,3.0,4.0,,,,,0.0,7.0,7.0,1.0,,,,,, ,None,,1.0,2.0,4.787599769013468,,,53,1,2020_Feb_07_1155,FaceNameBlocked_revised,3.0.0,85.10965336287333,,NaN
95,Fem1Block.csv,Megan2.mp4,Megan.JPG,Megan,20.0,F,Natalie,Rachel,Amanda,Shelby,Katie,Olivia,Kelsey,Alyssa,Megan,Sarah,8.0,0.0,4.0,4.0,0.0,,,,,0.0,4.0,4.0,8.0,,,,,, ,None,,5.0,3.0,4.846929900988472,,,53,1,2020_Feb_07_1155,FaceNameBlocked_revised,3.0.0,85.10965336287333,,NaN
85,Fem1Block.csv,Megan2.mp4,Megan.JPG,Megan,20.0,F,Natalie,Rachel,Amanda,Shelby,Katie,Olivia,Kelsey,Alyssa,Megan,Sarah,8.0,0.0,4.0,4.0,0.0,0.0,4.0,4.0,8.0,,,,,,,0.0,,,,,,,,,,,53,1,2020_Feb_07_1155,FaceNameBlocked_revised,3.0.0,85.10965336287333,,NaN
75,Male2Block.csv,Michael2.mp4,Michael.JPG,Michael,52.0,M,Aaron,Matthew,Michael,Steven,Andrew,Josh,Adam,Jeremy,Eric,Justin,2.0,0.0,3.0,3.0,4.0,,,,,0.0,4.0,4.0,2.0,,,,,, ,None,,2.0,2.0,6.789296432980336,,,53,1,2020_Feb_07_1155,FaceNameBlocked_revised,3.0.0,85.10965336287333,,NaN
68,Male2Block.csv,Michael2.mp4,Michael.JPG,Michael,52.0,M,Aaron,Matthew,Michael,Steven,Andrew,Josh,Adam,Jeremy,Eric,Justin,2.0,0.0,3.0,3.0,4.0,0.0,7.0,7.0,2.0,,,,,,,1.0,,,,,,,,,,,53,1,2020_Feb_07_1155,FaceNameBlocked_revised,3.0.0,85.10965336287333,,NaN
55,Fem2Block.csv,Michelle2.mp4,Michelle.JPG,Michelle,21.0,F,Michelle,Emily,Courtney,Ashley,Brianna,Jenna,Julia,Anna,Hannah,Kayla,0.0,0.0,2.0,2.0,1.0,,,,,0.0,4.0,4.0,0.0,,,,,, michelle,"['m', 'i', 'c', 'e', 'h', 'backspace', 'backspace', 'h', 'e', 'l', 'l', 'e', 'return']","[3.8375101989950053, 4.048333529965021, 4.166652922984213, 4.43702500796644, 4.636399278999306, 4.942237104987726, 5.094303736987058, 5.589689936954528, 5.813013645994943, 6.0951989039895125, 6.212947425956372, 6.342556565999985, 6.718440058000851]",2.0,2.0,1.7667028749710882,,,53,1,2020_Feb_07_1155,FaceNameBlocked_revised,3.0.0,85.10965336287333,,3.8375101
47,Fem2Block.csv,Michelle2.mp4,Michelle.JPG,Michelle,21.0,F,Michelle,Emily,Courtney,Ashley,Brianna,Jenna,Julia,Anna,Hannah,Kayla,0.0,0.0,2.0,2.0,1.0,0.0,6.0,6.0,0.0,,,,,,,0.0,,,,,,,,,,,53,1,2020_Feb_07_1155,FaceNameBlocked_revised,3.0.0,85.10965336287333,,NaN
96,Fem1Block.csv,Natalie3.mp4,Natalie.JPG,Natalie,22.0,F,Natalie,Rachel,Amanda,Shelby,Katie,Olivia,Kelsey,Alyssa,Megan,Sarah,0.0,0.0,4.0,4.0,0.0,,,,,0.0,5.0,5.0,0.0,,,,,, natalie,"['n', 'a', 't', 'l', 'i', 'backspace', 'backspace', 'backspace', 't', 'a', 'l', 'i', 'e']","[1.895597453985829, 2.048866177967284, 2.319364883005619, 2.7193203599890694, 2.9897268299828283, 3.447756653011311, 3.6241346420138143, 3.776075868983753, 4.353953849989921, 4.471360103983898, 4.718629870971199, 4.8945268469979055, 5.047649051994085]",3.0,3.0,2.9313250320265065,,,53,1,2020_Feb_07_1155,FaceNameBlocked_revised,3.0.0,85.10965336287333,,1.8955974
87,Fem1Block.csv,Natalie3.mp4,Natalie.JPG,Natalie,22.0,F,Natalie,Rachel,Amanda,Shelby,Katie,Olivia,Kelsey,Alyssa,Megan,Sarah,0.0,0.0,4.0,4.0,0.0,0.0,6.0,6.0,0.0,,,,,,,0.0,,,,,,,,,,,53,1,2020_Feb_07_1155,FaceNameBlocked_revised,3.0.0,85.10965336287333,,NaN
12,Male1Block.csv,Nathan3.mp4,Nathan.JPG,Nathan,53.0,M,Cody,Nathan,Timothy,Brandon,Brian,Kevin,Caleb,Trevor,Jacob,Noah,1.0,0.0,0.0,0.0,3.0,,,,,0.0,1.0,1.0,1.0,,,,,, cody,"['c', 'o', 'd', 'y', 'return']","[2.318820186017547, 2.448264146980364, 2.624551106011495, 2.776966784032993, 3.1064376900321804]",3.0,2.0,5.412906407029368,,,53,1,2020_Feb_07_1155,FaceNameBlocked_revised,3.0.0,85.10965336287333,,2.3188201
3,Male1Block.csv,Nathan3.mp4,Nathan.JPG,Nathan,53.0,M,Cody,Nathan,Timothy,Brandon,Brian,Kevin,Caleb,Trevor,Jacob,Noah,1.0,0.0,0.0,0.0,3.0,0.0,2.0,2.0,1.0,,,,,,,0.0,,,,,,,,,,,53,1,2020_Feb_07_1155,FaceNameBlocked_revised,3.0.0,85.10965336287333,,NaN
108,Fem3Block.csv,Nicole2.mp4,Nicole.JPG,Nicole,23.0,F,Jessica,Nicole,Lauren,Heather,Rebecca,Taylor,Brittany,Danielle,Haley,Grace,1.0,0.0,5.0,5.0,2.0,0.0,7.0,7.0,1.0,,,,,,,0.0,,,,,,,,,,,53,1,2020_Feb_07_1155,FaceNameBlocked_revised,3.0.0,85.10965336287333,,NaN
116,Fem3Block.csv,Nicole2.mp4,Nicole.JPG,Nicole,23.0,F,Jessica,Nicole,Lauren,Heather,Rebecca,Taylor,Brittany,Danielle,Haley,Grace,1.0,0.0,5.0,5.0,2.0,,,,,0.0,5.0,5.0,1.0,,,,,, ,None,,1.0,1.0,4.1064697829424395,,,53,1,2020_Feb_07_1155,FaceNameBlocked_revised,3.0.0,85.10965336287333,,NaN
1,Male1Block.csv,Noah2.mp4,Noah.JPG,Noah,54.0,M,Cody,Nathan,Timothy,Brandon,Brian,Kevin,Caleb,Trevor,Jacob,Noah,9.0,0.0,0.0,0.0,3.0,0.0,0.0,0.0,9.0,,,,,,,0.0,,,,,,,,,,,53,1,2020_Feb_07_1155,FaceNameBlocked_revised,3.0.0,85.10965336287333,,NaN
20,Male1Block.csv,Noah2.mp4,Noah.JPG,Noah,54.0,M,Cody,Nathan,Timothy,Brandon,Brian,Kevin,Caleb,Trevor,Jacob,Noah,9.0,0.0,0.0,0.0,3.0,,,,,0.0,9.0,9.0,9.0,,,,,, ,None,,1.0,1.0,2.813583286013454,,,53,1,2020_Feb_07_1155,FaceNameBlocked_revised,3.0.0,85.10965336287333,,NaN
89,Fem1Block.csv,Olivia3.mp4,Olivia.JPG,Olivia,24.0,F,Natalie,Rachel,Amanda,Shelby,Katie,Olivia,Kelsey,Alyssa,Megan,Sarah,5.0,0.0,4.0,4.0,0.0,0.0,8.0,8.0,5.0,,,,,,,1.0,,,,,,,,,,,53,1,2020_Feb_07_1155,FaceNameBlocked_revised,3.0.0,85.10965336287333,,NaN
97,Fem1Block.csv,Olivia3.mp4,Olivia.JPG,Olivia,24.0,F,Natalie,Rachel,Amanda,Shelby,Katie,Olivia,Kelsey,Alyssa,Megan,Sarah,5.0,0.0,4.0,4.0,0.0,,,,,0.0,6.0,6.0,5.0,,,,,, olivia,"['o', 'l', 'i', 'v', 'i', 'a']","[2.5075867839623243, 2.7190062269801274, 2.954674102948047, 3.2836584949982353, 3.4254417769843712, 4.154508773994166]",3.0,3.0,1.3196213719784282,,,53,1,2020_Feb_07_1155,FaceNameBlocked_revised,3.0.0,85.10965336287333,,2.5075867
100,Fem1Block.csv,Rachel3.mp4,Rachel.JPG,Rachel,25.0,F,Natalie,Rachel,Amanda,Shelby,Katie,Olivia,Kelsey,Alyssa,Megan,Sarah,1.0,0.0,4.0,4.0,0.0,,,,,0.0,9.0,9.0,1.0,,,,,, ,None,,3.0,3.0,5.507000188983512,,,53,1,2020_Feb_07_1155,FaceNameBlocked_revised,3.0.0,85.10965336287333,,NaN
83,Fem1Block.csv,Rachel3.mp4,Rachel.JPG,Rachel,25.0,F,Natalie,Rachel,Amanda,Shelby,Katie,Olivia,Kelsey,Alyssa,Megan,Sarah,1.0,0.0,4.0,4.0,0.0,0.0,2.0,2.0,1.0,,,,,,,0.0,,,,,,,,,,,53,1,2020_Feb_07_1155,FaceNameBlocked_revised,3.0.0,85.10965336287333,,NaN
112,Fem3Block.csv,Rebecca3.mp4,Rebecca.JPG,Rebecca,26.0,F,Jessica,Nicole,Lauren,Heather,Rebecca,Taylor,Brittany,Danielle,Haley,Grace,4.0,0.0,5.0,5.0,2.0,,,,,0.0,1.0,1.0,4.0,,,,,, ,None,,2.0,2.0,4.766151157033164,,,53,1,2020_Feb_07_1155,FaceNameBlocked_revised,3.0.0,85.10965336287333,,NaN
104,Fem3Block.csv,Rebecca3.mp4,Rebecca.JPG,Rebecca,26.0,F,Jessica,Nicole,Lauren,Heather,Rebecca,Taylor,Brittany,Danielle,Haley,Grace,4.0,0.0,5.0,5.0,2.0,0.0,3.0,3.0,4.0,,,,,,,1.0,,,,,,,,,,,53,1,2020_Feb_07_1155,FaceNameBlocked_revised,3.0.0,85.10965336287333,,NaN
81,Fem1Block.csv,Sarah2.mp4,Sarah.JPG,Sarah,27.0,F,Natalie,Rachel,Amanda,Shelby,Katie,Olivia,Kelsey,Alyssa,Megan,Sarah,9.0,0.0,4.0,4.0,0.0,0.0,0.0,0.0,9.0,,,,,,,0.0,,,,,,,,,,,53,1,2020_Feb_07_1155,FaceNameBlocked_revised,3.0.0,85.10965336287333,,NaN
98,Fem1Block.csv,Sarah2.mp4,Sarah.JPG,Sarah,27.0,F,Natalie,Rachel,Amanda,Shelby,Katie,Olivia,Kelsey,Alyssa,Megan,Sarah,9.0,0.0,4.0,4.0,0.0,,,,,0.0,7.0,7.0,9.0,,,,,, ,None,,4.0,4.0,9.740269733010793,,,53,1,2020_Feb_07_1155,FaceNameBlocked_revised,3.0.0,85.10965336287333,,NaN
88,Fem1Block.csv,Shelby2.mp4,Shelby.JPG,Shelby,28.0,F,Natalie,Rachel,Amanda,Shelby,Katie,Olivia,Kelsey,Alyssa,Megan,Sarah,3.0,0.0,4.0,4.0,0.0,0.0,7.0,7.0,3.0,,,,,,,1.0,,,,,,,,,,,53,1,2020_Feb_07_1155,FaceNameBlocked_revised,3.0.0,85.10965336287333,,NaN
94,Fem1Block.csv,Shelby2.mp4,Shelby.JPG,Shelby,28.0,F,Natalie,Rachel,Amanda,Shelby,Katie,Olivia,Kelsey,Alyssa,Megan,Sarah,3.0,0.0,4.0,4.0,0.0,,,,,0.0,3.0,3.0,3.0,,,,,, shelby,"['s', 'h', 'e', 'l', 'b', 'y']","[1.8141887559904717, 2.1317249189596623, 2.3902126619941555, 2.625413251982536, 2.9544414629926905, 3.1903684639837593]",4.0,4.0,2.6108203869662248,,,53,1,2020_Feb_07_1155,FaceNameBlocked_revised,3.0.0,85.10965336287333,,1.8141887
76,Male2Block.csv,Steven2.mp4,Steven.JPG,Steven,55.0,M,Aaron,Matthew,Michael,Steven,Andrew,Josh,Adam,Jeremy,Eric,Justin,3.0,0.0,3.0,3.0,4.0,,,,,0.0,5.0,5.0,3.0,,,,,, ,None,,5.0,3.0,6.154295296000782,,,53,1,2020_Feb_07_1155,FaceNameBlocked_revised,3.0.0,85.10965336287333,,NaN
66,Male2Block.csv,Steven2.mp4,Steven.JPG,Steven,55.0,M,Aaron,Matthew,Michael,Steven,Andrew,Josh,Adam,Jeremy,Eric,Justin,3.0,0.0,3.0,3.0,4.0,0.0,5.0,5.0,3.0,,,,,,,1.0,,,,,,,,,,,53,1,2020_Feb_07_1155,FaceNameBlocked_revised,3.0.0,85.10965336287333,,NaN
101,Fem3Block.csv,Taylor4.mp4,Taylor.JPG,Taylor,29.0,F,Jessica,Nicole,Lauren,Heather,Rebecca,Taylor,Brittany,Danielle,Haley,Grace,5.0,0.0,5.0,5.0,2.0,0.0,0.0,0.0,5.0,,,,,,,1.0,,,,,,,,,,,53,1,2020_Feb_07_1155,FaceNameBlocked_revised,3.0.0,85.10965336287333,,NaN
114,Fem3Block.csv,Taylor4.mp4,Taylor.JPG,Taylor,29.0,F,Jessica,Nicole,Lauren,Heather,Rebecca,Taylor,Brittany,Danielle,Haley,Grace,5.0,0.0,5.0,5.0,2.0,,,,,0.0,3.0,3.0,5.0,,,,,, ,None,,1.0,4.0,1.4027644839952702,,,53,1,2020_Feb_07_1155,FaceNameBlocked_revised,3.0.0,85.10965336287333,,NaN
28,Male3Block.csv,Thomas2.mp4,Thomas.JPG,Thomas,56.0,M,Bradley,Daniel,Ethan,Thomas,Jason,Mark,David,Kyle,Tyler,Dylan,3.0,0.0,1.0,1.0,5.0,0.0,7.0,7.0,3.0,,,,,,,1.0,,,,,,,,,,,53,1,2020_Feb_07_1155,FaceNameBlocked_revised,3.0.0,85.10965336287333,,NaN
35,Male3Block.csv,Thomas2.mp4,Thomas.JPG,Thomas,56.0,M,Bradley,Daniel,Ethan,Thomas,Jason,Mark,David,Kyle,Tyler,Dylan,3.0,0.0,1.0,1.0,5.0,,,,,0.0,4.0,4.0,3.0,,,,,, ,None,,2.0,2.0,6.058645394979976,,,53,1,2020_Feb_07_1155,FaceNameBlocked_revised,3.0.0,85.10965336287333,,NaN
17,Male1Block.csv,Timothy3.mp4,Timothy.JPG,Timothy,57.0,M,Cody,Nathan,Timothy,Brandon,Brian,Kevin,Caleb,Trevor,Jacob,Noah,2.0,0.0,0.0,0.0,3.0,,,,,0.0,6.0,6.0,2.0,,,,,, ,None,,5.0,5.0,4.799243929970544,,,53,1,2020_Feb_07_1155,FaceNameBlocked_revised,3.0.0,85.10965336287333,,NaN
9,Male1Block.csv,Timothy3.mp4,Timothy.JPG,Timothy,57.0,M,Cody,Nathan,Timothy,Brandon,Brian,Kevin,Caleb,Trevor,Jacob,Noah,2.0,0.0,0.0,0.0,3.0,0.0,8.0,8.0,2.0,,,,,,,1.0,,,,,,,,,,,53,1,2020_Feb_07_1155,FaceNameBlocked_revised,3.0.0,85.10965336287333,,NaN
16,Male1Block.csv,Trevor2.mp4,Trevor.JPG,Trevor,58.0,M,Cody,Nathan,Timothy,Brandon,Brian,Kevin,Caleb,Trevor,Jacob,Noah,7.0,0.0,0.0,0.0,3.0,,,,,0.0,5.0,5.0,7.0,,,,,, ,None,,4.0,4.0,3.598639841016848,,,53,1,2020_Feb_07_1155,FaceNameBlocked_revised,3.0.0,85.10965336287333,,NaN
8,Male1Block.csv,Trevor2.mp4,Trevor.JPG,Trevor,58.0,M,Cody,Nathan,Timothy,Brandon,Brian,Kevin,Caleb,Trevor,Jacob,Noah,7.0,0.0,0.0,0.0,3.0,0.0,7.0,7.0,7.0,,,,,,,0.0,,,,,,,,,,,53,1,2020_Feb_07_1155,FaceNameBlocked_revised,3.0.0,85.10965336287333,,NaN
33,Male3Block.csv,Tyler3.mp4,Tyler.JPG,Tyler,59.0,M,Bradley,Daniel,Ethan,Thomas,Jason,Mark,David,Kyle,Tyler,Dylan,8.0,0.0,1.0,1.0,5.0,,,,,0.0,2.0,2.0,8.0,,,,,, ,None,,1.0,4.0,2.096553960989695,,,53,1,2020_Feb_07_1155,FaceNameBlocked_revised,3.0.0,85.10965336287333,,NaN
22,Male3Block.csv,Tyler3.mp4,Tyler.JPG,Tyler,59.0,M,Bradley,Daniel,Ethan,Thomas,Jason,Mark,David,Kyle,Tyler,Dylan,8.0,0.0,1.0,1.0,5.0,0.0,1.0,1.0,8.0,,,,,,,0.0,,,,,,,,,,,53,1,2020_Feb_07_1155,FaceNameBlocked_revised,3.0.0,85.10965336287333,,NaN
0,,,,,,,,,,,,,,,,,,,,,,,,,,,,,,space,154.84278091602027,,,,,,,,,,,,53,1,2020_Feb_07_1155,FaceNameBlocked_revised,3.0.0,85.10965336287333,,NaN
121,,,,,,,,,,,,,,,,,,,,,,,,,,,,,,,,,,,,,,,,,space,1116.0063345779781,53,1,2020_Feb_07_1155,FaceNameBlocked_revised,3.0.0,85.10965336287333,,NaN
