,condsBlockFile,Video,Photo,Name,Row,Gender,N1,N2,N3,N4,N5,N6,N7,N8,N9,N10,Row2,blocks.thisRepN,blocks.thisTrialN,blocks.thisN,blocks.thisIndex,presentations.thisRepN,presentations.thisTrialN,presentations.thisN,presentations.thisIndex,testing.thisRepN,testing.thisTrialN,testing.thisN,testing.thisIndex,advance_1.keys,advance_1.rt,currentCond,advance_2.keys,advance_2.rt,inputText,key_resp_3.keys,key_resp_3.rt,correctRecogSelection,keyResponse.keys,keyResponse.rt,end_key.keys,end_key.rt,participant,session,date,expName,psychopyVersion,frameRate,Unnamed: 48,key_resp3_fin
60,Male3Block.csv,Aaron2.mp4,Aaron.JPG,Aaron,30.0,M,Nathan,Dylan,Kyle,Steven,Aaron,Caleb,Cody,Mark,David,Matthew,4.0,0.0,2.0,2.0,5.0,,,,,0.0,9.0,9.0,4.0,,,,,, mark,"['m', 'a', 'r', 'k']","[7.188039005966857, 7.858881863998249, 8.14101121807471, 8.352421126095578]",5.0,4.0,4.446308418875559,,,40,1,2020_Jan_24_1155,FaceNameBlocked_revised,3.0.0,85.1009726766515,,7.1880390
49,Male3Block.csv,Aaron2.mp4,Aaron.JPG,Aaron,30.0,M,Nathan,Dylan,Kyle,Steven,Aaron,Caleb,Cody,Mark,David,Matthew,4.0,0.0,2.0,2.0,5.0,0.0,8.0,8.0,4.0,,,,,,,1.0,,,,,,,,,,,40,1,2020_Jan_24_1155,FaceNameBlocked_revised,3.0.0,85.1009726766515,,NaN
4,Male1Block.csv,Adam4.mp4,Adam.JPG,Adam,31.0,M,Jacob,Timothy,Brian,Kevin,Brandon,Jeremy,Josh,Bradley,Adam,Noah,8.0,0.0,0.0,0.0,3.0,0.0,3.0,3.0,8.0,,,,,,,0.0,,,,,,,,,,,40,1,2020_Jan_24_1155,FaceNameBlocked_revised,3.0.0,85.1009726766515,,NaN
20,Male1Block.csv,Adam4.mp4,Adam.JPG,Adam,31.0,M,Jacob,Timothy,Brian,Kevin,Brandon,Jeremy,Josh,Bradley,Adam,Noah,8.0,0.0,0.0,0.0,3.0,,,,,0.0,9.0,9.0,8.0,,,,,, john,"['j', 'o', 'h', 'n']","[4.660112656885758, 4.778121412033215, 5.024019225034863, 5.260111764073372]",1.0,2.0,3.4013955709524453,,,40,1,2020_Jan_24_1155,FaceNameBlocked_revised,3.0.0,85.1009726766515,,4.6601126
39,Fem1Block.csv,Alyssa3.mp4,Alyssa.JPG,Alyssa,0.0,F,Haley,Alyssa,Katie,Megan,Sarah,Rachel,Kelsey,Anna,Brittany,Danielle,1.0,0.0,1.0,1.0,0.0,,,,,0.0,8.0,8.0,1.0,,,,,, laura,"['l', 'a', 'u', 'r', 'a']","[4.471263368846849, 4.660679830005392, 4.836826181039214, 5.036489886930212, 5.224319510860369]",4.0,3.0,4.2840308661106965,,,40,1,2020_Jan_24_1155,FaceNameBlocked_revised,3.0.0,85.1009726766515,,4.4712633
26,Fem1Block.csv,Alyssa3.mp4,Alyssa.JPG,Alyssa,0.0,F,Haley,Alyssa,Katie,Megan,Sarah,Rachel,Kelsey,Anna,Brittany,Danielle,1.0,0.0,1.0,1.0,0.0,0.0,5.0,5.0,1.0,,,,,,,0.0,,,,,,,,,,,40,1,2020_Jan_24_1155,FaceNameBlocked_revised,3.0.0,85.1009726766515,,NaN
64,Fem2Block.csv,Amanda3.mp4,Amanda.JPG,Amanda,1.0,F,Amanda,Rebecca,Courtney,Julia,Shelby,Grace,Olivia,Nicole,Natalie,Heather,0.0,0.0,3.0,3.0,1.0,0.0,3.0,3.0,0.0,,,,,,,0.0,,,,,,,,,,,40,1,2020_Jan_24_1155,FaceNameBlocked_revised,3.0.0,85.1009726766515,,NaN
74,Fem2Block.csv,Amanda3.mp4,Amanda.JPG,Amanda,1.0,F,Amanda,Rebecca,Courtney,Julia,Shelby,Grace,Olivia,Nicole,Natalie,Heather,0.0,0.0,3.0,3.0,1.0,,,,,0.0,3.0,3.0,0.0,,,,,, olivia,"['o', 'l', 'i', 'v', 'i', 'a']","[2.6368403821252286, 3.4362926681060344, 3.837178888032213, 4.448306898120791, 4.600296646123752, 4.77736462908797]",2.0,2.0,3.7287190800998364,,,40,1,2020_Jan_24_1155,FaceNameBlocked_revised,3.0.0,85.1009726766515,,2.6368403
112,Male2Block.csv,Andrew2.mp4,Andrew.JPG,Andrew,32.0,M,Thomas,Daniel,Eric,Ethan,Andrew,Tyler,Jason,Michael,Justin,Trevor,4.0,0.0,5.0,5.0,4.0,,,,,0.0,1.0,1.0,4.0,,,,,, andrew,"['a', 'n', 'd', 'r', 'e', 'w']","[1.5669620579574257, 1.7192052551545203, 1.9075674819760025, 2.166765724075958, 2.6840841160155833, 3.0601648380979896]",3.0,3.0,1.2610370649490503,,,40,1,2020_Jan_24_1155,FaceNameBlocked_revised,3.0.0,85.1009726766515,,1.5669620
109,Male2Block.csv,Andrew2.mp4,Andrew.JPG,Andrew,32.0,M,Thomas,Daniel,Eric,Ethan,Andrew,Tyler,Jason,Michael,Justin,Trevor,4.0,0.0,5.0,5.0,4.0,0.0,8.0,8.0,4.0,,,,,,,1.0,,,,,,,,,,,40,1,2020_Jan_24_1155,FaceNameBlocked_revised,3.0.0,85.1009726766515,,NaN
22,Fem1Block.csv,Anna3.mp4,Anna.JPG,Anna,2.0,F,Haley,Alyssa,Katie,Megan,Sarah,Rachel,Kelsey,Anna,Brittany,Danielle,7.0,0.0,1.0,1.0,0.0,0.0,1.0,1.0,7.0,,,,,,,1.0,,,,,,,,,,,40,1,2020_Jan_24_1155,FaceNameBlocked_revised,3.0.0,85.1009726766515,,NaN
33,Fem1Block.csv,Anna3.mp4,Anna.JPG,Anna,2.0,F,Haley,Alyssa,Katie,Megan,Sarah,Rachel,Kelsey,Anna,Brittany,Danielle,7.0,0.0,1.0,1.0,0.0,,,,,0.0,2.0,2.0,7.0,,,,,, anna,"['a', 'n', 'n', 'a']","[2.08363716583699, 2.2133415290154517, 2.3658182888757437, 2.471617830917239]",3.0,2.0,2.578302890062332,,,40,1,2020_Jan_24_1155,FaceNameBlocked_revised,3.0.0,85.1009726766515,,2.0836371
90,Fem3Block.csv,Ashley3.mp4,Ashley.JPG,Ashley,3.0,F,Brianna,Kayla,Lauren,Taylor,Michelle,Ashley,Jessica,Jenna,Hannah,Emily,5.0,0.0,4.0,4.0,2.0,0.0,9.0,9.0,5.0,,,,,,,1.0,,,,,,,,,,,40,1,2020_Jan_24_1155,FaceNameBlocked_revised,3.0.0,85.1009726766515,,NaN
93,Fem3Block.csv,Ashley3.mp4,Ashley.JPG,Ashley,3.0,F,Brianna,Kayla,Lauren,Taylor,Michelle,Ashley,Jessica,Jenna,Hannah,Emily,5.0,0.0,4.0,4.0,2.0,,,,,0.0,2.0,2.0,5.0,,,,,, anna,"['a', 'n', 'n', 'a']","[2.0930546508170664, 2.2127080359496176, 2.33102935901843, 2.707428763853386]",2.0,5.0,4.483010611962528,,,40,1,2020_Jan_24_1155,FaceNameBlocked_revised,3.0.0,85.1009726766515,,2.0930546
6,Male1Block.csv,Bradley3.mp4,Bradley.JPG,Bradley,33.0,M,Jacob,Timothy,Brian,Kevin,Brandon,Jeremy,Josh,Bradley,Adam,Noah,7.0,0.0,0.0,0.0,3.0,0.0,5.0,5.0,7.0,,,,,,,1.0,,,,,,,,,,,40,1,2020_Jan_24_1155,FaceNameBlocked_revised,3.0.0,85.1009726766515,,NaN
12,Male1Block.csv,Bradley3.mp4,Bradley.JPG,Bradley,33.0,M,Jacob,Timothy,Brian,Kevin,Brandon,Jeremy,Josh,Bradley,Adam,Noah,7.0,0.0,0.0,0.0,3.0,,,,,0.0,1.0,1.0,7.0,,,,,, ben,"['b', 'e', 'n']","[5.8013097289949656, 6.458835801109672, 6.623641008976847]",2.0,2.0,1.9899037398863584,,,40,1,2020_Jan_24_1155,FaceNameBlocked_revised,3.0.0,85.1009726766515,,5.8013097
17,Male1Block.csv,Brandon2.mp4,Brandon.JPG,Brandon,34.0,M,Jacob,Timothy,Brian,Kevin,Brandon,Jeremy,Josh,Bradley,Adam,Noah,4.0,0.0,0.0,0.0,3.0,,,,,0.0,6.0,6.0,4.0,,,,,, noah,"['n', 'o', 'n', 'a', 'h', 'backspace', 'backspace', 'backspace', 'a', 'h']","[2.719943819800392, 2.836848175851628, 2.9312786979135126, 2.9672112078405917, 3.096513349795714, 4.071671498008072, 4.223374731838703, 4.36594674596563, 4.942692501004785, 5.060524171916768]",4.0,1.0,3.7316194870509207,,,40,1,2020_Jan_24_1155,FaceNameBlocked_revised,3.0.0,85.1009726766515,,2.7199438
10,Male1Block.csv,Brandon2.mp4,Brandon.JPG,Brandon,34.0,M,Jacob,Timothy,Brian,Kevin,Brandon,Jeremy,Josh,Bradley,Adam,Noah,4.0,0.0,0.0,0.0,3.0,0.0,9.0,9.0,4.0,,,,,,,1.0,,,,,,,,,,,40,1,2020_Jan_24_1155,FaceNameBlocked_revised,3.0.0,85.1009726766515,,NaN
15,Male1Block.csv,Brian2.mp4,Brian.JPG,Brian,35.0,M,Jacob,Timothy,Brian,Kevin,Brandon,Jeremy,Josh,Bradley,Adam,Noah,2.0,0.0,0.0,0.0,3.0,,,,,0.0,4.0,4.0,2.0,,,,,, kris,"['k', 'r', 'i', 's']","[3.0125637350138277, 3.3069762280210853, 3.4107338360045105, 3.565813533961773]",3.0,1.0,3.6109610409475854,,,40,1,2020_Jan_24_1155,FaceNameBlocked_revised,3.0.0,85.1009726766515,,3.0125637
3,Male1Block.csv,Brian2.mp4,Brian.JPG,Brian,35.0,M,Jacob,Timothy,Brian,Kevin,Brandon,Jeremy,Josh,Bradley,Adam,Noah,2.0,0.0,0.0,0.0,3.0,0.0,2.0,2.0,2.0,,,,,,,0.0,,,,,,,,,,,40,1,2020_Jan_24_1155,FaceNameBlocked_revised,3.0.0,85.1009726766515,,NaN
86,Fem3Block.csv,Brianna2.mp4,Brianna.JPG,Brianna,4.0,F,Brianna,Kayla,Lauren,Taylor,Michelle,Ashley,Jessica,Jenna,Hannah,Emily,0.0,0.0,4.0,4.0,2.0,0.0,5.0,5.0,0.0,,,,,,,0.0,,,,,,,,,,,40,1,2020_Jan_24_1155,FaceNameBlocked_revised,3.0.0,85.1009726766515,,NaN
98,Fem3Block.csv,Brianna2.mp4,Brianna.JPG,Brianna,4.0,F,Brianna,Kayla,Lauren,Taylor,Michelle,Ashley,Jessica,Jenna,Hannah,Emily,0.0,0.0,4.0,4.0,2.0,,,,,0.0,7.0,7.0,0.0,,,,,, asheley,"['a', 's', 'h', 'e', 'l', 'e', 'y']","[2.801622362108901, 2.930772162042558, 3.0359349311329424, 3.1658296110108495, 3.294555837986991, 3.4128994131460786, 3.5774889329914004]",5.0,2.0,3.4374145560432225,,,40,1,2020_Jan_24_1155,FaceNameBlocked_revised,3.0.0,85.1009726766515,,2.8016223
25,Fem1Block.csv,Brittany2.mp4,Brittany.JPG,Brittany,5.0,F,Haley,Alyssa,Katie,Megan,Sarah,Rachel,Kelsey,Anna,Brittany,Danielle,8.0,0.0,1.0,1.0,0.0,0.0,4.0,4.0,8.0,,,,,,,0.0,,,,,,,,,,,40,1,2020_Jan_24_1155,FaceNameBlocked_revised,3.0.0,85.1009726766515,,NaN
38,Fem1Block.csv,Brittany2.mp4,Brittany.JPG,Brittany,5.0,F,Haley,Alyssa,Katie,Megan,Sarah,Rachel,Kelsey,Anna,Brittany,Danielle,8.0,0.0,1.0,1.0,0.0,,,,,0.0,7.0,7.0,8.0,,,,,, hally,"['j', 'backspace', 'g', 'backspace', 'h', 'a', 'l', 'l', 'y']","[6.871629581786692, 7.234970679972321, 7.741773359011859, 8.105349792866036, 8.62362416088581, 8.800116438884288, 9.023417758988217, 9.164626519894227, 9.43461422296241]",4.0,4.0,4.4488011540379375,,,40,1,2020_Jan_24_1155,FaceNameBlocked_revised,3.0.0,85.1009726766515,,6.8716295
42,Male3Block.csv,Caleb5.mp4,Caleb.JPG,Caleb,36.0,M,Nathan,Dylan,Kyle,Steven,Aaron,Caleb,Cody,Mark,David,Matthew,5.0,0.0,2.0,2.0,5.0,0.0,1.0,1.0,5.0,,,,,,,1.0,,,,,,,,,,,40,1,2020_Jan_24_1155,FaceNameBlocked_revised,3.0.0,85.1009726766515,,NaN
57,Male3Block.csv,Caleb5.mp4,Caleb.JPG,Caleb,36.0,M,Nathan,Dylan,Kyle,Steven,Aaron,Caleb,Cody,Mark,David,Matthew,5.0,0.0,2.0,2.0,5.0,,,,,0.0,6.0,6.0,5.0,,,,,, cain,"['c', 'a', 'i', 'n']","[5.726970434188843, 6.140407314058393, 6.293896842980757, 6.527134884148836]",2.0,1.0,4.9286299999803305,,,40,1,2020_Jan_24_1155,FaceNameBlocked_revised,3.0.0,85.1009726766515,,5.7269704
54,Male3Block.csv,Cody2.mp4,Cody.JPG,Cody,37.0,M,Nathan,Dylan,Kyle,Steven,Aaron,Caleb,Cody,Mark,David,Matthew,6.0,0.0,2.0,2.0,5.0,,,,,0.0,3.0,3.0,6.0,,,,,, nathan,"['n', 'a', 't', 'h', 'a', 'n']","[2.7072853229474276, 2.907090150984004, 3.1069771009497344, 3.3665258719120175, 3.5193779959809035, 4.224607180804014]",3.0,2.0,3.7548236469738185,,,40,1,2020_Jan_24_1155,FaceNameBlocked_revised,3.0.0,85.1009726766515,,2.7072853
46,Male3Block.csv,Cody2.mp4,Cody.JPG,Cody,37.0,M,Nathan,Dylan,Kyle,Steven,Aaron,Caleb,Cody,Mark,David,Matthew,6.0,0.0,2.0,2.0,5.0,0.0,5.0,5.0,6.0,,,,,,,1.0,,,,,,,,,,,40,1,2020_Jan_24_1155,FaceNameBlocked_revised,3.0.0,85.1009726766515,,NaN
69,Fem2Block.csv,Courtney2.mp4,Courtney.JPG,Courtney,6.0,F,Amanda,Rebecca,Courtney,Julia,Shelby,Grace,Olivia,Nicole,Natalie,Heather,2.0,0.0,3.0,3.0,1.0,0.0,8.0,8.0,2.0,,,,,,,0.0,,,,,,,,,,,40,1,2020_Jan_24_1155,FaceNameBlocked_revised,3.0.0,85.1009726766515,,NaN
71,Fem2Block.csv,Courtney2.mp4,Courtney.JPG,Courtney,6.0,F,Amanda,Rebecca,Courtney,Julia,Shelby,Grace,Olivia,Nicole,Natalie,Heather,2.0,0.0,3.0,3.0,1.0,,,,,0.0,0.0,0.0,2.0,,,,space,2.0848009609617293, jessica,"['j', 'e', 'c', 'c', 'backspace', 'backspace', 's', 's', 'i', 'c', 'a']","[4.695487614022568, 4.87176014482975, 5.2004855058621615, 5.38927444582805, 5.929585873847827, 6.117866124026477, 6.4124027928337455, 6.705913248937577, 6.882127942983061, 7.035729703959078, 7.19865224394016]",2.0,1.0,3.3674425052013253,,,40,1,2020_Jan_24_1155,FaceNameBlocked_revised,3.0.0,85.1009726766515,,4.6954876
107,Male2Block.csv,Daniel3.mp4,Daniel.JPG,Daniel,38.0,M,Thomas,Daniel,Eric,Ethan,Andrew,Tyler,Jason,Michael,Justin,Trevor,1.0,0.0,5.0,5.0,4.0,0.0,6.0,6.0,1.0,,,,,,,0.0,,,,,,,,,,,40,1,2020_Jan_24_1155,FaceNameBlocked_revised,3.0.0,85.1009726766515,,NaN
120,Male2Block.csv,Daniel3.mp4,Daniel.JPG,Daniel,38.0,M,Thomas,Daniel,Eric,Ethan,Andrew,Tyler,Jason,Michael,Justin,Trevor,1.0,0.0,5.0,5.0,4.0,,,,,0.0,9.0,9.0,1.0,,,,,, l,"['a', 'n', 'backspace', 'backspace', 'l', 'a', 'backspace']","[3.9424256100319326, 4.060147769981995, 4.764680596999824, 4.941554357064888, 7.823076881002635, 7.98881500097923, 9.197726977989078]",1.0,1.0,1.9664928240235893,,,40,1,2020_Jan_24_1155,FaceNameBlocked_revised,3.0.0,85.1009726766515,,3.9424256
35,Fem1Block.csv,Danielle2.mp4,Danielle.JPG,Danielle,7.0,F,Haley,Alyssa,Katie,Megan,Sarah,Rachel,Kelsey,Anna,Brittany,Danielle,9.0,0.0,1.0,1.0,0.0,,,,,0.0,4.0,4.0,9.0,,,,,, daniel,"['d', 'a', 'n', 'i', 'e', 'l']","[1.7661558911204338, 1.9080453121569008, 2.0129708640743047, 2.2367085909936577, 2.4132078390102834, 2.554413469042629]",1.0,1.0,2.213989385869354,,,40,1,2020_Jan_24_1155,FaceNameBlocked_revised,3.0.0,85.1009726766515,,1.7661558
30,Fem1Block.csv,Danielle2.mp4,Danielle.JPG,Danielle,7.0,F,Haley,Alyssa,Katie,Megan,Sarah,Rachel,Kelsey,Anna,Brittany,Danielle,9.0,0.0,1.0,1.0,0.0,0.0,9.0,9.0,9.0,,,,,,,1.0,,,,,,,,,,,40,1,2020_Jan_24_1155,FaceNameBlocked_revised,3.0.0,85.1009726766515,,NaN
56,Male3Block.csv,David2.mp4,David.JPG,David,39.0,M,Nathan,Dylan,Kyle,Steven,Aaron,Caleb,Cody,Mark,David,Matthew,8.0,0.0,2.0,2.0,5.0,,,,,0.0,5.0,5.0,8.0,,,,,, mathew,"['m', 'a', 't', 'h', 'e', 'w']","[6.847739876015112, 7.341221204958856, 7.588329407852143, 7.85865410300903, 8.38787375180982, 8.587892620824277]",5.0,3.0,2.5998745749238883,,,40,1,2020_Jan_24_1155,FaceNameBlocked_revised,3.0.0,85.1009726766515,,6.8477398
50,Male3Block.csv,David2.mp4,David.JPG,David,39.0,M,Nathan,Dylan,Kyle,Steven,Aaron,Caleb,Cody,Mark,David,Matthew,8.0,0.0,2.0,2.0,5.0,0.0,9.0,9.0,8.0,,,,,,,0.0,,,,,,,,,,,40,1,2020_Jan_24_1155,FaceNameBlocked_revised,3.0.0,85.1009726766515,,NaN
47,Male3Block.csv,Dylan3.mp4,Dylan.JPG,Dylan,40.0,M,Nathan,Dylan,Kyle,Steven,Aaron,Caleb,Cody,Mark,David,Matthew,1.0,0.0,2.0,2.0,5.0,0.0,6.0,6.0,1.0,,,,,,,0.0,,,,,,,,,,,40,1,2020_Jan_24_1155,FaceNameBlocked_revised,3.0.0,85.1009726766515,,NaN
59,Male3Block.csv,Dylan3.mp4,Dylan.JPG,Dylan,40.0,M,Nathan,Dylan,Kyle,Steven,Aaron,Caleb,Cody,Mark,David,Matthew,1.0,0.0,2.0,2.0,5.0,,,,,0.0,8.0,8.0,1.0,,,,,, dylan,"['d', 'y', 'l', 'a', 'n']","[1.4850161101203412, 1.9557515811175108, 2.5437388150021434, 2.8845902010798454, 3.166353499982506]",5.0,5.0,2.1909659050870687,,,40,1,2020_Jan_24_1155,FaceNameBlocked_revised,3.0.0,85.1009726766515,,1.4850161
85,Fem3Block.csv,Emily5.mp4,Emily.JPG,Emily,8.0,F,Brianna,Kayla,Lauren,Taylor,Michelle,Ashley,Jessica,Jenna,Hannah,Emily,9.0,0.0,4.0,4.0,2.0,0.0,4.0,4.0,9.0,,,,,,,1.0,,,,,,,,,,,40,1,2020_Jan_24_1155,FaceNameBlocked_revised,3.0.0,85.1009726766515,,NaN
94,Fem3Block.csv,Emily5.mp4,Emily.JPG,Emily,8.0,F,Brianna,Kayla,Lauren,Taylor,Michelle,Ashley,Jessica,Jenna,Hannah,Emily,9.0,0.0,4.0,4.0,2.0,,,,,0.0,3.0,3.0,9.0,,,,,, kayla,"['k', 'a', 'y', 'l', 'a']","[1.7667578130494803, 1.9430267051793635, 2.1308384351432323, 2.507541853003204, 2.765690910164267]",5.0,5.0,3.975761682027951,,,40,1,2020_Jan_24_1155,FaceNameBlocked_revised,3.0.0,85.1009726766515,,1.7667578
104,Male2Block.csv,Eric2.mp4,Eric.JPG,Eric,41.0,M,Thomas,Daniel,Eric,Ethan,Andrew,Tyler,Jason,Michael,Justin,Trevor,2.0,0.0,5.0,5.0,4.0,0.0,3.0,3.0,2.0,,,,,,,0.0,,,,,,,,,,,40,1,2020_Jan_24_1155,FaceNameBlocked_revised,3.0.0,85.1009726766515,,NaN
118,Male2Block.csv,Eric2.mp4,Eric.JPG,Eric,41.0,M,Thomas,Daniel,Eric,Ethan,Andrew,Tyler,Jason,Michael,Justin,Trevor,2.0,0.0,5.0,5.0,4.0,,,,,0.0,7.0,7.0,2.0,,,,,, eric,"['e', 'r', 'i', 'c']","[2.8608127939514816, 2.989565290044993, 3.4839192000217736, 4.083892846014351]",2.0,2.0,1.4025903339497745,,,40,1,2020_Jan_24_1155,FaceNameBlocked_revised,3.0.0,85.1009726766515,,2.8608127
119,Male2Block.csv,Ethan2.mp4,Ethan.JPG,Ethan,42.0,M,Thomas,Daniel,Eric,Ethan,Andrew,Tyler,Jason,Michael,Justin,Trevor,3.0,0.0,5.0,5.0,4.0,,,,,0.0,8.0,8.0,3.0,,,,,, dylan,"['d', 'y', 'l', 'a', 'n', 'n', 'backspace']","[3.5660109161399305, 4.295124592026696, 4.598943229066208, 4.965486807050183, 5.305467959027737, 5.412008177954704, 6.187358847120777]",2.0,1.0,4.330432870890944,,,40,1,2020_Jan_24_1155,FaceNameBlocked_revised,3.0.0,85.1009726766515,,3.5660109
110,Male2Block.csv,Ethan2.mp4,Ethan.JPG,Ethan,42.0,M,Thomas,Daniel,Eric,Ethan,Andrew,Tyler,Jason,Michael,Justin,Trevor,3.0,0.0,5.0,5.0,4.0,0.0,9.0,9.0,3.0,,,,,,,0.0,,,,,,,,,,,40,1,2020_Jan_24_1155,FaceNameBlocked_revised,3.0.0,85.1009726766515,,NaN
79,Fem2Block.csv,Grace3.mp4,Grace.JPG,Grace,9.0,F,Amanda,Rebecca,Courtney,Julia,Shelby,Grace,Olivia,Nicole,Natalie,Heather,5.0,0.0,3.0,3.0,1.0,,,,,0.0,8.0,8.0,5.0,,,,,, grace,"['g', 'r', 'a', 'c', 'e']","[1.8612745290156454, 2.1672342480160296, 2.484443583060056, 2.7902038949541748, 3.0610868700314313]",4.0,4.0,1.4265403021126986,,,40,1,2020_Jan_24_1155,FaceNameBlocked_revised,3.0.0,85.1009726766515,,1.8612745
65,Fem2Block.csv,Grace3.mp4,Grace.JPG,Grace,9.0,F,Amanda,Rebecca,Courtney,Julia,Shelby,Grace,Olivia,Nicole,Natalie,Heather,5.0,0.0,3.0,3.0,1.0,0.0,4.0,4.0,5.0,,,,,,,1.0,,,,,,,,,,,40,1,2020_Jan_24_1155,FaceNameBlocked_revised,3.0.0,85.1009726766515,,NaN
40,Fem1Block.csv,Haley2.mp4,Haley.JPG,Haley,10.0,F,Haley,Alyssa,Katie,Megan,Sarah,Rachel,Kelsey,Anna,Brittany,Danielle,0.0,0.0,1.0,1.0,0.0,,,,,0.0,9.0,9.0,0.0,,,,,, alysia,"['a', 'l', 'y', 's', 'a', 'backspace', 'i', 'a']","[6.295120080001652, 6.44787294883281, 6.789021987002343, 7.047761433990672, 7.41205003997311, 8.917368002934381, 9.411138611845672, 9.541772096883506]",2.0,3.0,4.6831049961037925,,,40,1,2020_Jan_24_1155,FaceNameBlocked_revised,3.0.0,85.1009726766515,,6.2951200
29,Fem1Block.csv,Haley2.mp4,Haley.JPG,Haley,10.0,F,Haley,Alyssa,Katie,Megan,Sarah,Rachel,Kelsey,Anna,Brittany,Danielle,0.0,0.0,1.0,1.0,0.0,0.0,8.0,8.0,0.0,,,,,,,0.0,,,,,,,,,,,40,1,2020_Jan_24_1155,FaceNameBlocked_revised,3.0.0,85.1009726766515,,NaN
92,Fem3Block.csv,Hannah2.mp4,Hannah.JPG,Hannah,11.0,F,Brianna,Kayla,Lauren,Taylor,Michelle,Ashley,Jessica,Jenna,Hannah,Emily,8.0,0.0,4.0,4.0,2.0,,,,,0.0,1.0,1.0,8.0,,,,,, brianna,"['b', 'r', 'i', 'a', 'n', 'n', 'a']","[2.236441430170089, 2.4020002700854093, 2.6012557670474052, 2.9543125370983034, 3.095206600148231, 3.3418085081502795, 3.495171260088682]",3.0,2.0,2.4835887302178894,,,40,1,2020_Jan_24_1155,FaceNameBlocked_revised,3.0.0,85.1009726766515,,2.2364414
84,Fem3Block.csv,Hannah2.mp4,Hannah.JPG,Hannah,11.0,F,Brianna,Kayla,Lauren,Taylor,Michelle,Ashley,Jessica,Jenna,Hannah,Emily,8.0,0.0,4.0,4.0,2.0,0.0,3.0,3.0,8.0,,,,,,,0.0,,,,,,,,,,,40,1,2020_Jan_24_1155,FaceNameBlocked_revised,3.0.0,85.1009726766515,,NaN
73,Fem2Block.csv,Heather3.mp4,Heather.JPG,Heather,12.0,F,Amanda,Rebecca,Courtney,Julia,Shelby,Grace,Olivia,Nicole,Natalie,Heather,9.0,0.0,3.0,3.0,1.0,,,,,0.0,2.0,2.0,9.0,,,,,, olivia,"['o', 'l', 'i', 'v', 'i', 'a']","[3.918506541987881, 4.153249226976186, 4.577217764919624, 4.85953712486662, 5.001032521016896, 5.118503599893302]",4.0,3.0,5.1420008139684805,,,40,1,2020_Jan_24_1155,FaceNameBlocked_revised,3.0.0,85.1009726766515,,3.9185065
68,Fem2Block.csv,Heather3.mp4,Heather.JPG,Heather,12.0,F,Amanda,Rebecca,Courtney,Julia,Shelby,Grace,Olivia,Nicole,Natalie,Heather,9.0,0.0,3.0,3.0,1.0,0.0,7.0,7.0,9.0,,,,,,,1.0,,,,,,,,,,,40,1,2020_Jan_24_1155,FaceNameBlocked_revised,3.0.0,85.1009726766515,,NaN
7,Male1Block.csv,Jacob3.mp4,Jacob.JPG,Jacob,43.0,M,Jacob,Timothy,Brian,Kevin,Brandon,Jeremy,Josh,Bradley,Adam,Noah,0.0,0.0,0.0,0.0,3.0,0.0,6.0,6.0,0.0,,,,,,,0.0,,,,,,,,,,,40,1,2020_Jan_24_1155,FaceNameBlocked_revised,3.0.0,85.1009726766515,,NaN
11,Male1Block.csv,Jacob3.mp4,Jacob.JPG,Jacob,43.0,M,Jacob,Timothy,Brian,Kevin,Brandon,Jeremy,Josh,Bradley,Adam,Noah,0.0,0.0,0.0,0.0,3.0,,,,,0.0,0.0,0.0,0.0,,,,space,16.61038296786137, josh,"['j', 'o', 's', 'h', 'return']","[2.6132562439888716, 2.742739712120965, 2.8834468650165945, 3.0253850361332297, 3.7425718859303743]",2.0,3.0,6.964656572090463,,,40,1,2020_Jan_24_1155,FaceNameBlocked_revised,3.0.0,85.1009726766515,,2.6132562
116,Male2Block.csv,Jason4.mp4,Jason.JPG,Jason,44.0,M,Thomas,Daniel,Eric,Ethan,Andrew,Tyler,Jason,Michael,Justin,Trevor,6.0,0.0,5.0,5.0,4.0,,,,,0.0,5.0,5.0,6.0,,,,,, trevor,"['t', 'r', 'e', 'v', 'o', 't', 'backspace', 'r']","[6.2481792089529335, 6.412446507019922, 6.753783073974773, 6.988365458091721, 7.259498161030933, 7.435775933088735, 7.929301002062857, 8.459173605078831]",5.0,3.0,4.4930342668667445,,,40,1,2020_Jan_24_1155,FaceNameBlocked_revised,3.0.0,85.1009726766515,,6.2481792
106,Male2Block.csv,Jason4.mp4,Jason.JPG,Jason,44.0,M,Thomas,Daniel,Eric,Ethan,Andrew,Tyler,Jason,Michael,Justin,Trevor,6.0,0.0,5.0,5.0,4.0,0.0,5.0,5.0,6.0,,,,,,,1.0,,,,,,,,,,,40,1,2020_Jan_24_1155,FaceNameBlocked_revised,3.0.0,85.1009726766515,,NaN
81,Fem3Block.csv,Jenna4.mp4,Jenna.JPG,Jenna,13.0,F,Brianna,Kayla,Lauren,Taylor,Michelle,Ashley,Jessica,Jenna,Hannah,Emily,7.0,0.0,4.0,4.0,2.0,0.0,0.0,0.0,7.0,,,,,,,1.0,,,,,,,,,,,40,1,2020_Jan_24_1155,FaceNameBlocked_revised,3.0.0,85.1009726766515,,NaN
91,Fem3Block.csv,Jenna4.mp4,Jenna.JPG,Jenna,13.0,F,Brianna,Kayla,Lauren,Taylor,Michelle,Ashley,Jessica,Jenna,Hannah,Emily,7.0,0.0,4.0,4.0,2.0,,,,,0.0,0.0,0.0,7.0,,,,space,1.3561443560756743, dontknow,"['d', 'o', 'n', 't', 'k', 'n', 'o', 'w']","[3.141289551043883, 3.2948955909814686, 3.5649771871976554, 3.84454875998199, 4.420477179111913, 4.6117500201798975, 4.846691505983472, 4.998796086991206]",5.0,2.0,5.083579236874356,,,40,1,2020_Jan_24_1155,FaceNameBlocked_revised,3.0.0,85.1009726766515,,3.1412895
8,Male1Block.csv,Jeremy2.mp4,Jeremy.JPG,Jeremy,45.0,M,Jacob,Timothy,Brian,Kevin,Brandon,Jeremy,Josh,Bradley,Adam,Noah,5.0,0.0,0.0,0.0,3.0,0.0,7.0,7.0,5.0,,,,,,,1.0,,,,,,,,,,,40,1,2020_Jan_24_1155,FaceNameBlocked_revised,3.0.0,85.1009726766515,,NaN
19,Male1Block.csv,Jeremy2.mp4,Jeremy.JPG,Jeremy,45.0,M,Jacob,Timothy,Brian,Kevin,Brandon,Jeremy,Josh,Bradley,Adam,Noah,5.0,0.0,0.0,0.0,3.0,,,,,0.0,8.0,8.0,5.0,,,,,, kelvin,"['k', 'e', 'l', 'v', 'i', 'n']","[5.248725616838783, 5.813234420027584, 6.472175339004025, 6.8143364689312875, 7.001425788039342, 7.305161244934425]",5.0,2.0,2.177176368888468,,,40,1,2020_Jan_24_1155,FaceNameBlocked_revised,3.0.0,85.1009726766515,,5.2487256
89,Fem3Block.csv,Jessica2.mp4,Jessica.JPG,Jessica,14.0,F,Brianna,Kayla,Lauren,Taylor,Michelle,Ashley,Jessica,Jenna,Hannah,Emily,6.0,0.0,4.0,4.0,2.0,0.0,8.0,8.0,6.0,,,,,,,1.0,,,,,,,,,,,40,1,2020_Jan_24_1155,FaceNameBlocked_revised,3.0.0,85.1009726766515,,NaN
100,Fem3Block.csv,Jessica2.mp4,Jessica.JPG,Jessica,14.0,F,Brianna,Kayla,Lauren,Taylor,Michelle,Ashley,Jessica,Jenna,Hannah,Emily,6.0,0.0,4.0,4.0,2.0,,,,,0.0,9.0,9.0,6.0,,,,,, lauren,"['l', 'a', 'u', 'r', 'e', 'n']","[6.541309408843517, 6.670604871818796, 6.858014700002968, 6.988812530878931, 7.175726072862744, 7.281993038952351]",3.0,1.0,2.45792780793272,,,40,1,2020_Jan_24_1155,FaceNameBlocked_revised,3.0.0,85.1009726766515,,6.5413094
1,Male1Block.csv,Josh3.mp4,Josh.JPG,Josh,46.0,M,Jacob,Timothy,Brian,Kevin,Brandon,Jeremy,Josh,Bradley,Adam,Noah,6.0,0.0,0.0,0.0,3.0,0.0,0.0,0.0,6.0,,,,,,,1.0,,,,,,,,,,,40,1,2020_Jan_24_1155,FaceNameBlocked_revised,3.0.0,85.1009726766515,,NaN
16,Male1Block.csv,Josh3.mp4,Josh.JPG,Josh,46.0,M,Jacob,Timothy,Brian,Kevin,Brandon,Jeremy,Josh,Bradley,Adam,Noah,6.0,0.0,0.0,0.0,3.0,,,,,0.0,5.0,5.0,6.0,,,,,, josh,"['j', 'o', 's', 'h']","[2.11926740501076, 2.249021276133135, 2.4957970620598644, 2.6366810861509293]",3.0,3.0,1.6374621030408891,,,40,1,2020_Jan_24_1155,FaceNameBlocked_revised,3.0.0,85.1009726766515,,2.1192674
77,Fem2Block.csv,Julia2.mp4,Julia.JPG,Julia,15.0,F,Amanda,Rebecca,Courtney,Julia,Shelby,Grace,Olivia,Nicole,Natalie,Heather,3.0,0.0,3.0,3.0,1.0,,,,,0.0,6.0,6.0,3.0,,,,,, juliet,"['j', 'u', 'l', 'i', 'e', 't']","[4.352936843875796, 4.787599647883326, 5.470350387971848, 5.634500365005806, 6.787653101840988, 7.011174951912835]",1.0,1.0,3.484642487950623,,,40,1,2020_Jan_24_1155,FaceNameBlocked_revised,3.0.0,85.1009726766515,,4.3529368
67,Fem2Block.csv,Julia2.mp4,Julia.JPG,Julia,15.0,F,Amanda,Rebecca,Courtney,Julia,Shelby,Grace,Olivia,Nicole,Natalie,Heather,3.0,0.0,3.0,3.0,1.0,0.0,6.0,6.0,3.0,,,,,,,0.0,,,,,,,,,,,40,1,2020_Jan_24_1155,FaceNameBlocked_revised,3.0.0,85.1009726766515,,NaN
113,Male2Block.csv,Justin2.mp4,Justin.JPG,Justin,47.0,M,Thomas,Daniel,Eric,Ethan,Andrew,Tyler,Jason,Michael,Justin,Trevor,8.0,0.0,5.0,5.0,4.0,,,,,0.0,2.0,2.0,8.0,,,,,, eason,"['e', 'a', 's', 'o', 'n']","[3.778244263958186, 3.9781463539693505, 4.248702195007354, 4.554450599942356, 4.8370030811056495]",5.0,1.0,1.4490442480891943,,,40,1,2020_Jan_24_1155,FaceNameBlocked_revised,3.0.0,85.1009726766515,,3.7782442
105,Male2Block.csv,Justin2.mp4,Justin.JPG,Justin,47.0,M,Thomas,Daniel,Eric,Ethan,Andrew,Tyler,Jason,Michael,Justin,Trevor,8.0,0.0,5.0,5.0,4.0,0.0,4.0,4.0,8.0,,,,,,,0.0,,,,,,,,,,,40,1,2020_Jan_24_1155,FaceNameBlocked_revised,3.0.0,85.1009726766515,,NaN
27,Fem1Block.csv,Katie2.mp4,Katie.JPG,Katie,16.0,F,Haley,Alyssa,Katie,Megan,Sarah,Rachel,Kelsey,Anna,Brittany,Danielle,2.0,0.0,1.0,1.0,0.0,0.0,6.0,6.0,2.0,,,,,,,0.0,,,,,,,,,,,40,1,2020_Jan_24_1155,FaceNameBlocked_revised,3.0.0,85.1009726766515,,NaN
37,Fem1Block.csv,Katie2.mp4,Katie.JPG,Katie,16.0,F,Haley,Alyssa,Katie,Megan,Sarah,Rachel,Kelsey,Anna,Brittany,Danielle,2.0,0.0,1.0,1.0,0.0,,,,,0.0,6.0,6.0,2.0,,,,,, tasley,"['t', 's', 'backspace', 'a', 's', 'l', 'e', 'u', 'backspace', 'y']","[5.166430474957451, 5.590004975907505, 6.070767235942185, 6.224587579024956, 6.319494186900556, 6.589229773031548, 6.6841827218886465, 6.87136223888956, 7.188802391989157, 7.671383628854528]",1.0,2.0,4.660133129917085,,,40,1,2020_Jan_24_1155,FaceNameBlocked_revised,3.0.0,85.1009726766515,,5.1664304
95,Fem3Block.csv,Kayla3.mp4,Kayla.JPG,Kayla,17.0,F,Brianna,Kayla,Lauren,Taylor,Michelle,Ashley,Jessica,Jenna,Hannah,Emily,1.0,0.0,4.0,4.0,2.0,,,,,0.0,4.0,4.0,1.0,,,,,, lauren,"['l', 'a', 'u', 'r', 'e', 'n']","[2.412030250998214, 2.5178717898670584, 2.6706837629899383, 2.858969595981762, 3.0686874098610133, 3.1640637228265405]",5.0,3.0,6.882129693869501,,,40,1,2020_Jan_24_1155,FaceNameBlocked_revised,3.0.0,85.1009726766515,,2.4120302
87,Fem3Block.csv,Kayla3.mp4,Kayla.JPG,Kayla,17.0,F,Brianna,Kayla,Lauren,Taylor,Michelle,Ashley,Jessica,Jenna,Hannah,Emily,1.0,0.0,4.0,4.0,2.0,0.0,6.0,6.0,1.0,,,,,,,0.0,,,,,,,,,,,40,1,2020_Jan_24_1155,FaceNameBlocked_revised,3.0.0,85.1009726766515,,NaN
28,Fem1Block.csv,Kelsey2.mp4,Kelsey.JPG,Kelsey,18.0,F,Haley,Alyssa,Katie,Megan,Sarah,Rachel,Kelsey,Anna,Brittany,Danielle,6.0,0.0,1.0,1.0,0.0,0.0,7.0,7.0,6.0,,,,,,,1.0,,,,,,,,,,,40,1,2020_Jan_24_1155,FaceNameBlocked_revised,3.0.0,85.1009726766515,,NaN
32,Fem1Block.csv,Kelsey2.mp4,Kelsey.JPG,Kelsey,18.0,F,Haley,Alyssa,Katie,Megan,Sarah,Rachel,Kelsey,Anna,Brittany,Danielle,6.0,0.0,1.0,1.0,0.0,,,,,0.0,1.0,1.0,6.0,,,,,, sarah,"['s', 'a', 'r', 'e', 'a', 'h', 'backspace', 'backspace', 'backspace', 'a', 'h']","[1.3088497060816735, 1.4265566521789879, 1.7336689110379666, 1.9909394241403788, 2.1418436511885375, 2.543125047115609, 2.8372256490401924, 2.9893667330034077, 3.637522420147434, 3.719722702167928]",3.0,3.0,4.213667772943154,,,40,1,2020_Jan_24_1155,FaceNameBlocked_revised,3.0.0,85.1009726766515,,1.3088497
18,Male1Block.csv,Kevin2.mp4,Kevin.JPG,Kevin,48.0,M,Jacob,Timothy,Brian,Kevin,Brandon,Jeremy,Josh,Bradley,Adam,Noah,3.0,0.0,0.0,0.0,3.0,,,,,0.0,7.0,7.0,3.0,,,,,, sam,"['s', 'a', 'm']","[4.377608532086015, 4.507486812071875, 4.6013309471309185]",2.0,2.0,4.363293905043975,,,40,1,2020_Jan_24_1155,FaceNameBlocked_revised,3.0.0,85.1009726766515,,4.3776085
2,Male1Block.csv,Kevin2.mp4,Kevin.JPG,Kevin,48.0,M,Jacob,Timothy,Brian,Kevin,Brandon,Jeremy,Josh,Bradley,Adam,Noah,3.0,0.0,0.0,0.0,3.0,0.0,1.0,1.0,3.0,,,,,,,0.0,,,,,,,,,,,40,1,2020_Jan_24_1155,FaceNameBlocked_revised,3.0.0,85.1009726766515,,NaN
43,Male3Block.csv,Kyle3.mp4,Kyle.JPG,Kyle,49.0,M,Nathan,Dylan,Kyle,Steven,Aaron,Caleb,Cody,Mark,David,Matthew,2.0,0.0,2.0,2.0,5.0,0.0,2.0,2.0,2.0,,,,,,,0.0,,,,,,,,,,,40,1,2020_Jan_24_1155,FaceNameBlocked_revised,3.0.0,85.1009726766515,,NaN
52,Male3Block.csv,Kyle3.mp4,Kyle.JPG,Kyle,49.0,M,Nathan,Dylan,Kyle,Steven,Aaron,Caleb,Cody,Mark,David,Matthew,2.0,0.0,2.0,2.0,5.0,,,,,0.0,1.0,1.0,2.0,,,,,, mark,"['m', 'a', 'r', 'k']","[2.293890394968912, 2.4718000069260597, 2.7538327760994434, 3.142416117945686]",3.0,2.0,2.3193247779272497,,,40,1,2020_Jan_24_1155,FaceNameBlocked_revised,3.0.0,85.1009726766515,,2.2938903
83,Fem3Block.csv,Lauren4.mp4,Lauren.JPG,Lauren,19.0,F,Brianna,Kayla,Lauren,Taylor,Michelle,Ashley,Jessica,Jenna,Hannah,Emily,2.0,0.0,4.0,4.0,2.0,0.0,2.0,2.0,2.0,,,,,,,0.0,,,,,,,,,,,40,1,2020_Jan_24_1155,FaceNameBlocked_revised,3.0.0,85.1009726766515,,NaN
97,Fem3Block.csv,Lauren4.mp4,Lauren.JPG,Lauren,19.0,F,Brianna,Kayla,Lauren,Taylor,Michelle,Ashley,Jessica,Jenna,Hannah,Emily,2.0,0.0,4.0,4.0,2.0,,,,,0.0,6.0,6.0,2.0,,,,,, ashely,"['a', 's', 'h', 'e', 'l', 'y']","[1.708054417045787, 1.837578420061618, 1.940675477962941, 2.0846681729890406, 2.225480265915394, 2.648837571963668]",3.0,4.0,1.9286736780777571,,,40,1,2020_Jan_24_1155,FaceNameBlocked_revised,3.0.0,85.1009726766515,,1.7080544
51,Male3Block.csv,Mark3.mp4,Mark.JPG,Mark,50.0,M,Nathan,Dylan,Kyle,Steven,Aaron,Caleb,Cody,Mark,David,Matthew,7.0,0.0,2.0,2.0,5.0,,,,,0.0,0.0,0.0,7.0,,,,space,2.0028425068594515, jacob,"['j', 'a', 'c', 'o', 'b']","[4.048456963850185, 4.436505920020863, 4.918871949892491, 5.154373986879364, 5.800568118924275]",5.0,4.0,3.354652913985774,,,40,1,2020_Jan_24_1155,FaceNameBlocked_revised,3.0.0,85.1009726766515,,4.0484569
44,Male3Block.csv,Mark3.mp4,Mark.JPG,Mark,50.0,M,Nathan,Dylan,Kyle,Steven,Aaron,Caleb,Cody,Mark,David,Matthew,7.0,0.0,2.0,2.0,5.0,0.0,3.0,3.0,7.0,,,,,,,1.0,,,,,,,,,,,40,1,2020_Jan_24_1155,FaceNameBlocked_revised,3.0.0,85.1009726766515,,NaN
55,Male3Block.csv,Matthew2.mp4,Matthew.JPG,Matthew,51.0,M,Nathan,Dylan,Kyle,Steven,Aaron,Caleb,Cody,Mark,David,Matthew,9.0,0.0,2.0,2.0,5.0,,,,,0.0,4.0,4.0,9.0,,,,,, kyle,"['k', 'y', 'l', 'e']","[2.917351100128144, 3.260778842959553, 3.5895821100566536, 4.118755889125168]",3.0,2.0,4.565520762931556,,,40,1,2020_Jan_24_1155,FaceNameBlocked_revised,3.0.0,85.1009726766515,,2.9173511
48,Male3Block.csv,Matthew2.mp4,Matthew.JPG,Matthew,51.0,M,Nathan,Dylan,Kyle,Steven,Aaron,Caleb,Cody,Mark,David,Matthew,9.0,0.0,2.0,2.0,5.0,0.0,7.0,7.0,9.0,,,,,,,1.0,,,,,,,,,,,40,1,2020_Jan_24_1155,FaceNameBlocked_revised,3.0.0,85.1009726766515,,NaN
31,Fem1Block.csv,Megan2.mp4,Megan.JPG,Megan,20.0,F,Haley,Alyssa,Katie,Megan,Sarah,Rachel,Kelsey,Anna,Brittany,Danielle,3.0,0.0,1.0,1.0,0.0,,,,,0.0,0.0,0.0,3.0,,,,space,3.531594929052517, megan,"['m', 'e', 'g', 'a', 'n']","[2.4949031739961356, 2.6601121828425676, 2.883818833855912, 3.024352000793442, 3.165588981937617]",3.0,3.0,1.3194770219270142,,,40,1,2020_Jan_24_1155,FaceNameBlocked_revised,3.0.0,85.1009726766515,,2.4949031
21,Fem1Block.csv,Megan2.mp4,Megan.JPG,Megan,20.0,F,Haley,Alyssa,Katie,Megan,Sarah,Rachel,Kelsey,Anna,Brittany,Danielle,3.0,0.0,1.0,1.0,0.0,0.0,0.0,0.0,3.0,,,,,,,0.0,,,,,,,,,,,40,1,2020_Jan_24_1155,FaceNameBlocked_revised,3.0.0,85.1009726766515,,NaN
111,Male2Block.csv,Michael2.mp4,Michael.JPG,Michael,52.0,M,Thomas,Daniel,Eric,Ethan,Andrew,Tyler,Jason,Michael,Justin,Trevor,7.0,0.0,5.0,5.0,4.0,,,,,0.0,0.0,0.0,7.0,,,,space,3.625740176066756, mache,"['m', 'a', 'c', 'h', 'e']","[6.330406198976561, 6.612048351904377, 9.211702416883782, 9.340180781902745, 9.729337726952508]",1.0,1.0,1.3782070050947368,,,40,1,2020_Jan_24_1155,FaceNameBlocked_revised,3.0.0,85.1009726766515,,6.3304061
108,Male2Block.csv,Michael2.mp4,Michael.JPG,Michael,52.0,M,Thomas,Daniel,Eric,Ethan,Andrew,Tyler,Jason,Michael,Justin,Trevor,7.0,0.0,5.0,5.0,4.0,0.0,7.0,7.0,7.0,,,,,,,1.0,,,,,,,,,,,40,1,2020_Jan_24_1155,FaceNameBlocked_revised,3.0.0,85.1009726766515,,NaN
82,Fem3Block.csv,Michelle2.mp4,Michelle.JPG,Michelle,21.0,F,Brianna,Kayla,Lauren,Taylor,Michelle,Ashley,Jessica,Jenna,Hannah,Emily,4.0,0.0,4.0,4.0,2.0,0.0,1.0,1.0,4.0,,,,,,,1.0,,,,,,,,,,,40,1,2020_Jan_24_1155,FaceNameBlocked_revised,3.0.0,85.1009726766515,,NaN
99,Fem3Block.csv,Michelle2.mp4,Michelle.JPG,Michelle,21.0,F,Brianna,Kayla,Lauren,Taylor,Michelle,Ashley,Jessica,Jenna,Hannah,Emily,4.0,0.0,4.0,4.0,2.0,,,,,0.0,8.0,8.0,4.0,,,,,, taylor,"['t', 'a', 'y', 'l', 'o', 'r']","[3.484168044058606, 3.649280482903123, 3.74274770100601, 4.131108873989433, 4.96561464201659, 5.106789734913036]",1.0,2.0,6.552020394941793,,,40,1,2020_Jan_24_1155,FaceNameBlocked_revised,3.0.0,85.1009726766515,,3.4841680
80,Fem2Block.csv,Natalie3.mp4,Natalie.JPG,Natalie,22.0,F,Amanda,Rebecca,Courtney,Julia,Shelby,Grace,Olivia,Nicole,Natalie,Heather,8.0,0.0,3.0,3.0,1.0,,,,,0.0,9.0,9.0,8.0,,,,,, natalle,"['n', 'a', 't', 'a', 'l', 'l', 'e']","[5.422841991996393, 6.070054882904515, 6.376183319836855, 6.775658818893135, 7.457252859836444, 7.702342795906588, 8.05689652194269]",5.0,3.0,2.6585325580090284,,,40,1,2020_Jan_24_1155,FaceNameBlocked_revised,3.0.0,85.1009726766515,,5.4228419
66,Fem2Block.csv,Natalie3.mp4,Natalie.JPG,Natalie,22.0,F,Amanda,Rebecca,Courtney,Julia,Shelby,Grace,Olivia,Nicole,Natalie,Heather,8.0,0.0,3.0,3.0,1.0,0.0,5.0,5.0,8.0,,,,,,,0.0,,,,,,,,,,,40,1,2020_Jan_24_1155,FaceNameBlocked_revised,3.0.0,85.1009726766515,,NaN
41,Male3Block.csv,Nathan3.mp4,Nathan.JPG,Nathan,53.0,M,Nathan,Dylan,Kyle,Steven,Aaron,Caleb,Cody,Mark,David,Matthew,0.0,0.0,2.0,2.0,5.0,0.0,0.0,0.0,0.0,,,,,,,0.0,,,,,,,,,,,40,1,2020_Jan_24_1155,FaceNameBlocked_revised,3.0.0,85.1009726766515,,NaN
53,Male3Block.csv,Nathan3.mp4,Nathan.JPG,Nathan,53.0,M,Nathan,Dylan,Kyle,Steven,Aaron,Caleb,Cody,Mark,David,Matthew,0.0,0.0,2.0,2.0,5.0,,,,,0.0,2.0,2.0,0.0,,,,,, coby,"['c', 'o', 'b', 'y']","[2.410981144057587, 2.56650173291564, 2.848578873090446, 3.0368206531275064]",4.0,2.0,4.766675414983184,,,40,1,2020_Jan_24_1155,FaceNameBlocked_revised,3.0.0,85.1009726766515,,2.4109811
76,Fem2Block.csv,Nicole2.mp4,Nicole.JPG,Nicole,23.0,F,Amanda,Rebecca,Courtney,Julia,Shelby,Grace,Olivia,Nicole,Natalie,Heather,7.0,0.0,3.0,3.0,1.0,,,,,0.0,5.0,5.0,7.0,,,,,, amanda,"['a', 'm', 'a', 'n', 'd', 'a']","[3.695352765964344, 3.871697001857683, 4.024897161871195, 4.259145986987278, 4.741402341984212, 4.8711898769252]",1.0,2.0,3.624312181025744,,,40,1,2020_Jan_24_1155,FaceNameBlocked_revised,3.0.0,85.1009726766515,,3.6953527
61,Fem2Block.csv,Nicole2.mp4,Nicole.JPG,Nicole,23.0,F,Amanda,Rebecca,Courtney,Julia,Shelby,Grace,Olivia,Nicole,Natalie,Heather,7.0,0.0,3.0,3.0,1.0,0.0,0.0,0.0,7.0,,,,,,,1.0,,,,,,,,,,,40,1,2020_Jan_24_1155,FaceNameBlocked_revised,3.0.0,85.1009726766515,,NaN
13,Male1Block.csv,Noah2.mp4,Noah.JPG,Noah,54.0,M,Jacob,Timothy,Brian,Kevin,Brandon,Jeremy,Josh,Bradley,Adam,Noah,9.0,0.0,0.0,0.0,3.0,,,,,0.0,2.0,2.0,9.0,,,,,, tally,"['y', 'a', 'backspace', 'backspace', 't', 'a', 'l', 'l', 'y']","[4.436026751995087, 4.824185350909829, 5.375828818883747, 5.5292166620492935, 5.929832031950355, 6.176716305082664, 6.741397954057902, 6.858555868966505, 7.376513994066045]",4.0,1.0,3.6575151518918574,,,40,1,2020_Jan_24_1155,FaceNameBlocked_revised,3.0.0,85.1009726766515,,4.4360267
9,Male1Block.csv,Noah2.mp4,Noah.JPG,Noah,54.0,M,Jacob,Timothy,Brian,Kevin,Brandon,Jeremy,Josh,Bradley,Adam,Noah,9.0,0.0,0.0,0.0,3.0,0.0,8.0,8.0,9.0,,,,,,,1.0,,,,,,,,,,,40,1,2020_Jan_24_1155,FaceNameBlocked_revised,3.0.0,85.1009726766515,,NaN
62,Fem2Block.csv,Olivia3.mp4,Olivia.JPG,Olivia,24.0,F,Amanda,Rebecca,Courtney,Julia,Shelby,Grace,Olivia,Nicole,Natalie,Heather,6.0,0.0,3.0,3.0,1.0,0.0,1.0,1.0,6.0,,,,,,,1.0,,,,,,,,,,,40,1,2020_Jan_24_1155,FaceNameBlocked_revised,3.0.0,85.1009726766515,,NaN
75,Fem2Block.csv,Olivia3.mp4,Olivia.JPG,Olivia,24.0,F,Amanda,Rebecca,Courtney,Julia,Shelby,Grace,Olivia,Nicole,Natalie,Heather,6.0,0.0,3.0,3.0,1.0,,,,,0.0,4.0,4.0,6.0,,,,,, olivia,"['o', 'l', 'i', 'v', 'i', 'a']","[2.5997700169682503, 3.072499459143728, 3.3550975180696696, 3.672850240021944, 3.8726447811350226, 4.201450416119769]",1.0,1.0,1.3066326468251646,,,40,1,2020_Jan_24_1155,FaceNameBlocked_revised,3.0.0,85.1009726766515,,2.5997700
34,Fem1Block.csv,Rachel3.mp4,Rachel.JPG,Rachel,25.0,F,Haley,Alyssa,Katie,Megan,Sarah,Rachel,Kelsey,Anna,Brittany,Danielle,5.0,0.0,1.0,1.0,0.0,,,,,0.0,3.0,3.0,5.0,,,,,, anna,"['a', 'n', 'n', 'a']","[5.601138263009489, 5.730616049142554, 5.894352684030309, 5.988946344004944]",5.0,3.0,3.436496512964368,,,40,1,2020_Jan_24_1155,FaceNameBlocked_revised,3.0.0,85.1009726766515,,5.6011382
23,Fem1Block.csv,Rachel3.mp4,Rachel.JPG,Rachel,25.0,F,Haley,Alyssa,Katie,Megan,Sarah,Rachel,Kelsey,Anna,Brittany,Danielle,5.0,0.0,1.0,1.0,0.0,0.0,2.0,2.0,5.0,,,,,,,1.0,,,,,,,,,,,40,1,2020_Jan_24_1155,FaceNameBlocked_revised,3.0.0,85.1009726766515,,NaN
70,Fem2Block.csv,Rebecca3.mp4,Rebecca.JPG,Rebecca,26.0,F,Amanda,Rebecca,Courtney,Julia,Shelby,Grace,Olivia,Nicole,Natalie,Heather,1.0,0.0,3.0,3.0,1.0,0.0,9.0,9.0,1.0,,,,,,,0.0,,,,,,,,,,,40,1,2020_Jan_24_1155,FaceNameBlocked_revised,3.0.0,85.1009726766515,,NaN
78,Fem2Block.csv,Rebecca3.mp4,Rebecca.JPG,Rebecca,26.0,F,Amanda,Rebecca,Courtney,Julia,Shelby,Grace,Olivia,Nicole,Natalie,Heather,1.0,0.0,3.0,3.0,1.0,,,,,0.0,7.0,7.0,1.0,,,,,, rebecca,"['r', 'e', 'b', 'e', 'c', 'c', 'a']","[1.4940158878453076, 1.6720990489702672, 2.143254203023389, 2.437225105939433, 2.6958659088704735, 2.83726403885521, 3.083584612933919]",1.0,1.0,1.7787021500989797,,,40,1,2020_Jan_24_1155,FaceNameBlocked_revised,3.0.0,85.1009726766515,,1.4940158
36,Fem1Block.csv,Sarah2.mp4,Sarah.JPG,Sarah,27.0,F,Haley,Alyssa,Katie,Megan,Sarah,Rachel,Kelsey,Anna,Brittany,Danielle,4.0,0.0,1.0,1.0,0.0,,,,,0.0,5.0,5.0,4.0,,,,,, sarah,"['s', 'a', 'r', 'a', 'h']","[3.718881807057187, 3.9664888931438327, 4.494840746046975, 5.048116846010089, 5.236659061163664]",2.0,2.0,3.553705625003204,,,40,1,2020_Jan_24_1155,FaceNameBlocked_revised,3.0.0,85.1009726766515,,3.7188818
24,Fem1Block.csv,Sarah2.mp4,Sarah.JPG,Sarah,27.0,F,Haley,Alyssa,Katie,Megan,Sarah,Rachel,Kelsey,Anna,Brittany,Danielle,4.0,0.0,1.0,1.0,0.0,0.0,3.0,3.0,4.0,,,,,,,1.0,,,,,,,,,,,40,1,2020_Jan_24_1155,FaceNameBlocked_revised,3.0.0,85.1009726766515,,NaN
72,Fem2Block.csv,Shelby2.mp4,Shelby.JPG,Shelby,28.0,F,Amanda,Rebecca,Courtney,Julia,Shelby,Grace,Olivia,Nicole,Natalie,Heather,4.0,0.0,3.0,3.0,1.0,,,,,0.0,1.0,1.0,4.0,,,,,, shelby,"['s', 'h', 'e', 'l', 'b', 'y']","[1.273094501113519, 1.4967483449727297, 1.6974148990120739, 2.273097787052393, 2.9429762500803918, 3.2023796651046723]",1.0,1.0,1.6814966299571097,,,40,1,2020_Jan_24_1155,FaceNameBlocked_revised,3.0.0,85.1009726766515,,1.2730945
63,Fem2Block.csv,Shelby2.mp4,Shelby.JPG,Shelby,28.0,F,Amanda,Rebecca,Courtney,Julia,Shelby,Grace,Olivia,Nicole,Natalie,Heather,4.0,0.0,3.0,3.0,1.0,0.0,2.0,2.0,4.0,,,,,,,1.0,,,,,,,,,,,40,1,2020_Jan_24_1155,FaceNameBlocked_revised,3.0.0,85.1009726766515,,NaN
58,Male3Block.csv,Steven2.mp4,Steven.JPG,Steven,55.0,M,Nathan,Dylan,Kyle,Steven,Aaron,Caleb,Cody,Mark,David,Matthew,3.0,0.0,2.0,2.0,5.0,,,,,0.0,7.0,7.0,3.0,,,,,, matt,"['m', 'a', 't', 't']","[2.8580610011704266, 3.271338873077184, 3.6344104211311787, 3.8010087329894304]",5.0,3.0,3.51973420009017,,,40,1,2020_Jan_24_1155,FaceNameBlocked_revised,3.0.0,85.1009726766515,,2.8580610
45,Male3Block.csv,Steven2.mp4,Steven.JPG,Steven,55.0,M,Nathan,Dylan,Kyle,Steven,Aaron,Caleb,Cody,Mark,David,Matthew,3.0,0.0,2.0,2.0,5.0,0.0,4.0,4.0,3.0,,,,,,,0.0,,,,,,,,,,,40,1,2020_Jan_24_1155,FaceNameBlocked_revised,3.0.0,85.1009726766515,,NaN
88,Fem3Block.csv,Taylor4.mp4,Taylor.JPG,Taylor,29.0,F,Brianna,Kayla,Lauren,Taylor,Michelle,Ashley,Jessica,Jenna,Hannah,Emily,3.0,0.0,4.0,4.0,2.0,0.0,7.0,7.0,3.0,,,,,,,0.0,,,,,,,,,,,40,1,2020_Jan_24_1155,FaceNameBlocked_revised,3.0.0,85.1009726766515,,NaN
96,Fem3Block.csv,Taylor4.mp4,Taylor.JPG,Taylor,29.0,F,Brianna,Kayla,Lauren,Taylor,Michelle,Ashley,Jessica,Jenna,Hannah,Emily,3.0,0.0,4.0,4.0,2.0,,,,,0.0,5.0,5.0,3.0,,,,,, hannah,"['h', 'a', 'n', 'n', 'a', 'h']","[5.648311024066061, 5.824880328960717, 6.224709213012829, 6.40062028192915, 6.624748250935227, 7.741605550982058]",1.0,5.0,9.141984220826998,,,40,1,2020_Jan_24_1155,FaceNameBlocked_revised,3.0.0,85.1009726766515,,5.6483110
101,Male2Block.csv,Thomas2.mp4,Thomas.JPG,Thomas,56.0,M,Thomas,Daniel,Eric,Ethan,Andrew,Tyler,Jason,Michael,Justin,Trevor,0.0,0.0,5.0,5.0,4.0,0.0,0.0,0.0,0.0,,,,,,,0.0,,,,,,,,,,,40,1,2020_Jan_24_1155,FaceNameBlocked_revised,3.0.0,85.1009726766515,,NaN
115,Male2Block.csv,Thomas2.mp4,Thomas.JPG,Thomas,56.0,M,Thomas,Daniel,Eric,Ethan,Andrew,Tyler,Jason,Michael,Justin,Trevor,0.0,0.0,5.0,5.0,4.0,,,,,0.0,4.0,4.0,0.0,,,,,, thomas,"['t', 'h', 'o', 'm', 'a', 's']","[1.6149031179957092, 1.6971780851017684, 1.8263038790319115, 2.106458033900708, 2.3791426129173487, 2.484382743947208]",5.0,5.0,2.059241401962936,,,40,1,2020_Jan_24_1155,FaceNameBlocked_revised,3.0.0,85.1009726766515,,1.6149031
5,Male1Block.csv,Timothy3.mp4,Timothy.JPG,Timothy,57.0,M,Jacob,Timothy,Brian,Kevin,Brandon,Jeremy,Josh,Bradley,Adam,Noah,1.0,0.0,0.0,0.0,3.0,0.0,4.0,4.0,1.0,,,,,,,0.0,,,,,,,,,,,40,1,2020_Jan_24_1155,FaceNameBlocked_revised,3.0.0,85.1009726766515,,NaN
14,Male1Block.csv,Timothy3.mp4,Timothy.JPG,Timothy,57.0,M,Jacob,Timothy,Brian,Kevin,Brandon,Jeremy,Josh,Bradley,Adam,Noah,1.0,0.0,0.0,0.0,3.0,,,,,0.0,3.0,3.0,1.0,,,,,, mellinan,"['m', 'e', 'l', 'l', 'i', 'n', 'a', 'n']","[4.025691296905279, 5.0821635709144175, 5.295913870912045, 5.507230015005916, 5.825094650965184, 6.930642192950472, 7.0835552860517055, 8.001086707925424]",3.0,3.0,4.069928406039253,,,40,1,2020_Jan_24_1155,FaceNameBlocked_revised,3.0.0,85.1009726766515,,4.0256912
117,Male2Block.csv,Trevor2.mp4,Trevor.JPG,Trevor,58.0,M,Thomas,Daniel,Eric,Ethan,Andrew,Tyler,Jason,Michael,Justin,Trevor,9.0,0.0,5.0,5.0,4.0,,,,,0.0,6.0,6.0,9.0,,,,,, trevor,"['t', 'r', 'e', 'v', 'o', 'r']","[2.06160270399414, 2.1891629309393466, 2.3904982849489897, 2.5318246588576585, 2.94284257106483, 3.024972307961434]",3.0,3.0,1.4376379451714456,,,40,1,2020_Jan_24_1155,FaceNameBlocked_revised,3.0.0,85.1009726766515,,2.0616027
102,Male2Block.csv,Trevor2.mp4,Trevor.JPG,Trevor,58.0,M,Thomas,Daniel,Eric,Ethan,Andrew,Tyler,Jason,Michael,Justin,Trevor,9.0,0.0,5.0,5.0,4.0,0.0,1.0,1.0,9.0,,,,,,,1.0,,,,,,,,,,,40,1,2020_Jan_24_1155,FaceNameBlocked_revised,3.0.0,85.1009726766515,,NaN
114,Male2Block.csv,Tyler3.mp4,Tyler.JPG,Tyler,59.0,M,Thomas,Daniel,Eric,Ethan,Andrew,Tyler,Jason,Michael,Justin,Trevor,5.0,0.0,5.0,5.0,4.0,,,,,0.0,3.0,3.0,5.0,,,,,, michalle,"['m', 'space', 'i', 'backspace', 'backspace', 'i', 'c', 'h', 'e', 'backspace', 'a', 'l', 'l', 'e']","[6.118232835782692, 6.133862408809364, 6.223296608775854, 6.846617539878935, 7.034398642834276, 7.3184355108533055, 7.517822839785367, 7.621617593802512, 7.812134084990248, 8.316940989810973, 8.541117830900475, 8.940726883942261, 9.093743504956365, 9.117829551920295]",5.0,2.0,3.4484081000555307,,,40,1,2020_Jan_24_1155,FaceNameBlocked_revised,3.0.0,85.1009726766515,,6.1182328
103,Male2Block.csv,Tyler3.mp4,Tyler.JPG,Tyler,59.0,M,Thomas,Daniel,Eric,Ethan,Andrew,Tyler,Jason,Michael,Justin,Trevor,5.0,0.0,5.0,5.0,4.0,0.0,2.0,2.0,5.0,,,,,,,1.0,,,,,,,,,,,40,1,2020_Jan_24_1155,FaceNameBlocked_revised,3.0.0,85.1009726766515,,NaN
0,,,,,,,,,,,,,,,,,,,,,,,,,,,,,,space,790.7230987178627,,,,,,,,,,,,40,1,2020_Jan_24_1155,FaceNameBlocked_revised,3.0.0,85.1009726766515,,NaN
121,,,,,,,,,,,,,,,,,,,,,,,,,,,,,,,,,,,,,,,,,space,35.07497875695117,40,1,2020_Jan_24_1155,FaceNameBlocked_revised,3.0.0,85.1009726766515,,NaN
