,condsBlockFile,Video,Photo,Name,Row,Gender,N1,N2,N3,N4,N5,N6,N7,N8,N9,N10,Row2,blocks.thisRepN,blocks.thisTrialN,blocks.thisN,blocks.thisIndex,presentations.thisRepN,presentations.thisTrialN,presentations.thisN,presentations.thisIndex,testing.thisRepN,testing.thisTrialN,testing.thisN,testing.thisIndex,advance_1.keys,advance_1.rt,currentCond,advance_2.keys,advance_2.rt,inputText,key_resp_3.keys,correctRecogSelection,keyResponse.keys,keyResponse.rt,key_resp_3.rt,end_key.keys,end_key.rt,participant,session,date,expName,psychopyVersion,frameRate,Unnamed: 48,key_resp3_fin
51,Male2Block.csv,Aaron2.mp4,Aaron.JPG,Aaron,30.0,M,Adam,Aaron,Jacob,Kevin,Ethan,Timothy,Tyler,Jeremy,Matthew,Noah,1.0,0.0,2.0,2.0,4.0,,,,,0.0,0.0,0.0,1.0,,,,space,11.291833494000453, ,None,3.0,4.0,6.410324173000845,,,,44,1,2020_Jan_28_1158,FaceNameBlocked_revised,3.0.0,85.04586072523969,,NaN
42,Male2Block.csv,Aaron2.mp4,Aaron.JPG,Aaron,30.0,M,Adam,Aaron,Jacob,Kevin,Ethan,Timothy,Tyler,Jeremy,Matthew,Noah,1.0,0.0,2.0,2.0,4.0,0.0,1.0,1.0,1.0,,,,,,,0.0,,,,,,,,,,,44,1,2020_Jan_28_1158,FaceNameBlocked_revised,3.0.0,85.04586072523969,,NaN
55,Male2Block.csv,Adam4.mp4,Adam.JPG,Adam,31.0,M,Adam,Aaron,Jacob,Kevin,Ethan,Timothy,Tyler,Jeremy,Matthew,Noah,0.0,0.0,2.0,2.0,4.0,,,,,0.0,4.0,4.0,0.0,,,,,, Adam,"['lshift', 'a', 'd', 'a', 'm']",1.0,1.0,1.4257850850008251,"[2.5419979139987845, 2.766283527998894, 3.131676200999209, 3.2487570519988367, 3.6612202059986885]",,,44,1,2020_Jan_28_1158,FaceNameBlocked_revised,3.0.0,85.04586072523969,,2.5419979
43,Male2Block.csv,Adam4.mp4,Adam.JPG,Adam,31.0,M,Adam,Aaron,Jacob,Kevin,Ethan,Timothy,Tyler,Jeremy,Matthew,Noah,0.0,0.0,2.0,2.0,4.0,0.0,2.0,2.0,0.0,,,,,,,1.0,,,,,,,,,,,44,1,2020_Jan_28_1158,FaceNameBlocked_revised,3.0.0,85.04586072523969,,NaN
9,Fem3Block.csv,Alyssa3.mp4,Alyssa.JPG,Alyssa,0.0,F,Ashley,Lauren,Alyssa,Rebecca,Nicole,Jenna,Amanda,Danielle,Courtney,Julia,2.0,0.0,0.0,0.0,2.0,0.0,8.0,8.0,2.0,,,,,,,0.0,,,,,,,,,,,44,1,2020_Jan_28_1158,FaceNameBlocked_revised,3.0.0,85.04586072523969,,NaN
15,Fem3Block.csv,Alyssa3.mp4,Alyssa.JPG,Alyssa,0.0,F,Ashley,Lauren,Alyssa,Rebecca,Nicole,Jenna,Amanda,Danielle,Courtney,Julia,2.0,0.0,0.0,0.0,2.0,,,,,0.0,4.0,4.0,2.0,,,,,, Alyssa,"['lshift', 'a', 'l', 'y', 's', 's', 'a']",5.0,5.0,2.566745996999998,"[3.3292049749998114, 3.718704846000037, 4.106963373999861, 4.459894179999537, 4.706206484000177, 4.858892780999668, 4.988138149999941]",,,44,1,2020_Jan_28_1158,FaceNameBlocked_revised,3.0.0,85.04586072523969,,3.3292049
6,Fem3Block.csv,Amanda3.mp4,Amanda.JPG,Amanda,1.0,F,Ashley,Lauren,Alyssa,Rebecca,Nicole,Jenna,Amanda,Danielle,Courtney,Julia,6.0,0.0,0.0,0.0,2.0,0.0,5.0,5.0,6.0,,,,,,,0.0,,,,,,,,,,,44,1,2020_Jan_28_1158,FaceNameBlocked_revised,3.0.0,85.04586072523969,,NaN
11,Fem3Block.csv,Amanda3.mp4,Amanda.JPG,Amanda,1.0,F,Ashley,Lauren,Alyssa,Rebecca,Nicole,Jenna,Amanda,Danielle,Courtney,Julia,6.0,0.0,0.0,0.0,2.0,,,,,0.0,0.0,0.0,6.0,,,,space,30.452929215000037, ,None,2.0,1.0,5.436315091000324,,,,44,1,2020_Jan_28_1158,FaceNameBlocked_revised,3.0.0,85.04586072523969,,NaN
105,Male1Block.csv,Andrew2.mp4,Andrew.JPG,Andrew,32.0,M,Kyle,Dylan,Jason,David,Andrew,Brandon,Eric,Cody,Nathan,Caleb,4.0,0.0,5.0,5.0,3.0,0.0,4.0,4.0,4.0,,,,,,,1.0,,,,,,,,,,,44,1,2020_Jan_28_1158,FaceNameBlocked_revised,3.0.0,85.04586072523969,,NaN
113,Male1Block.csv,Andrew2.mp4,Andrew.JPG,Andrew,32.0,M,Kyle,Dylan,Jason,David,Andrew,Brandon,Eric,Cody,Nathan,Caleb,4.0,0.0,5.0,5.0,3.0,,,,,0.0,2.0,2.0,4.0,,,,,, ,None,1.0,1.0,1.8936789340004907,,,,44,1,2020_Jan_28_1158,FaceNameBlocked_revised,3.0.0,85.04586072523969,,NaN
100,Fem1Block.csv,Anna3.mp4,Anna.JPG,Anna,2.0,F,Brittany,Heather,Kelsey,Megan,Katie,Brianna,Sarah,Anna,Haley,Kayla,7.0,0.0,4.0,4.0,0.0,,,,,0.0,9.0,9.0,7.0,,,,,, ,None,2.0,2.0,4.3427629559992065,,,,44,1,2020_Jan_28_1158,FaceNameBlocked_revised,3.0.0,85.04586072523969,,NaN
87,Fem1Block.csv,Anna3.mp4,Anna.JPG,Anna,2.0,F,Brittany,Heather,Kelsey,Megan,Katie,Brianna,Sarah,Anna,Haley,Kayla,7.0,0.0,4.0,4.0,0.0,0.0,6.0,6.0,7.0,,,,,,,1.0,,,,,,,,,,,44,1,2020_Jan_28_1158,FaceNameBlocked_revised,3.0.0,85.04586072523969,,NaN
3,Fem3Block.csv,Ashley3.mp4,Ashley.JPG,Ashley,3.0,F,Ashley,Lauren,Alyssa,Rebecca,Nicole,Jenna,Amanda,Danielle,Courtney,Julia,0.0,0.0,0.0,0.0,2.0,0.0,2.0,2.0,0.0,,,,,,,1.0,,,,,,,,,,,44,1,2020_Jan_28_1158,FaceNameBlocked_revised,3.0.0,85.04586072523969,,NaN
19,Fem3Block.csv,Ashley3.mp4,Ashley.JPG,Ashley,3.0,F,Ashley,Lauren,Alyssa,Rebecca,Nicole,Jenna,Amanda,Danielle,Courtney,Julia,0.0,0.0,0.0,0.0,2.0,,,,,0.0,8.0,8.0,0.0,,,,,, Jenna,"['lshift', 'j', 'e', 'n', 'n', 'a']",5.0,4.0,2.907135819999893,"[3.682202860999496, 3.8579829729997073, 4.213160407000032, 4.365045530999851, 4.495001866999701, 4.613118702000065]",,,44,1,2020_Jan_28_1158,FaceNameBlocked_revised,3.0.0,85.04586072523969,,3.6822028
26,Male3Block.csv,Bradley3.mp4,Bradley.JPG,Bradley,33.0,M,Josh,Steven,Bradley,Brian,Trevor,Michael,Mark,Daniel,Thomas,Justin,2.0,0.0,1.0,1.0,5.0,0.0,5.0,5.0,2.0,,,,,,,0.0,,,,,,,,,,,44,1,2020_Jan_28_1158,FaceNameBlocked_revised,3.0.0,85.04586072523969,,NaN
36,Male3Block.csv,Bradley3.mp4,Bradley.JPG,Bradley,33.0,M,Josh,Steven,Bradley,Brian,Trevor,Michael,Mark,Daniel,Thomas,Justin,2.0,0.0,1.0,1.0,5.0,,,,,0.0,5.0,5.0,2.0,,,,,, Thomas,"['lshift', 't', 'h', 'o', 'm', 'a', 's']",1.0,4.0,2.8257580600002257,"[3.41176671500034, 3.9427930629999537, 4.413344016000337, 4.81331432099978, 5.601462155999798, 5.718581097000424, 5.813432752999688]",,,44,1,2020_Jan_28_1158,FaceNameBlocked_revised,3.0.0,85.04586072523969,,3.4117667
101,Male1Block.csv,Brandon2.mp4,Brandon.JPG,Brandon,34.0,M,Kyle,Dylan,Jason,David,Andrew,Brandon,Eric,Cody,Nathan,Caleb,5.0,0.0,5.0,5.0,3.0,0.0,0.0,0.0,5.0,,,,,,,1.0,,,,,,,,,,,44,1,2020_Jan_28_1158,FaceNameBlocked_revised,3.0.0,85.04586072523969,,NaN
112,Male1Block.csv,Brandon2.mp4,Brandon.JPG,Brandon,34.0,M,Kyle,Dylan,Jason,David,Andrew,Brandon,Eric,Cody,Nathan,Caleb,5.0,0.0,5.0,5.0,3.0,,,,,0.0,1.0,1.0,5.0,,,,,, ,None,3.0,2.0,8.118354719999843,,,,44,1,2020_Jan_28_1158,FaceNameBlocked_revised,3.0.0,85.04586072523969,,NaN
27,Male3Block.csv,Brian2.mp4,Brian.JPG,Brian,35.0,M,Josh,Steven,Bradley,Brian,Trevor,Michael,Mark,Daniel,Thomas,Justin,3.0,0.0,1.0,1.0,5.0,0.0,6.0,6.0,3.0,,,,,,,0.0,,,,,,,,,,,44,1,2020_Jan_28_1158,FaceNameBlocked_revised,3.0.0,85.04586072523969,,NaN
34,Male3Block.csv,Brian2.mp4,Brian.JPG,Brian,35.0,M,Josh,Steven,Bradley,Brian,Trevor,Michael,Mark,Daniel,Thomas,Justin,3.0,0.0,1.0,1.0,5.0,,,,,0.0,3.0,3.0,3.0,,,,,, ,None,3.0,1.0,5.36583362500005,,,,44,1,2020_Jan_28_1158,FaceNameBlocked_revised,3.0.0,85.04586072523969,,NaN
95,Fem1Block.csv,Brianna2.mp4,Brianna.JPG,Brianna,4.0,F,Brittany,Heather,Kelsey,Megan,Katie,Brianna,Sarah,Anna,Haley,Kayla,5.0,0.0,4.0,4.0,0.0,,,,,0.0,4.0,4.0,5.0,,,,,, ,None,3.0,2.0,6.857201774000714,,,,44,1,2020_Jan_28_1158,FaceNameBlocked_revised,3.0.0,85.04586072523969,,NaN
82,Fem1Block.csv,Brianna2.mp4,Brianna.JPG,Brianna,4.0,F,Brittany,Heather,Kelsey,Megan,Katie,Brianna,Sarah,Anna,Haley,Kayla,5.0,0.0,4.0,4.0,0.0,0.0,1.0,1.0,5.0,,,,,,,1.0,,,,,,,,,,,44,1,2020_Jan_28_1158,FaceNameBlocked_revised,3.0.0,85.04586072523969,,NaN
93,Fem1Block.csv,Brittany2.mp4,Brittany.JPG,Brittany,5.0,F,Brittany,Heather,Kelsey,Megan,Katie,Brianna,Sarah,Anna,Haley,Kayla,0.0,0.0,4.0,4.0,0.0,,,,,0.0,2.0,2.0,0.0,,,,,, Brianna,"['lshift', 'b', 'r', 'i', 'a', 'n', 'n', 'a']",5.0,2.0,1.6256039459985914,"[1.7881859370008897, 2.083524640000178, 2.506559573999766, 2.63645321399963, 2.906807684001251, 3.1165317810009583, 3.2362206440011505, 3.365560963000462]",,,44,1,2020_Jan_28_1158,FaceNameBlocked_revised,3.0.0,85.04586072523969,,1.7881859
86,Fem1Block.csv,Brittany2.mp4,Brittany.JPG,Brittany,5.0,F,Brittany,Heather,Kelsey,Megan,Katie,Brianna,Sarah,Anna,Haley,Kayla,0.0,0.0,4.0,4.0,0.0,0.0,5.0,5.0,0.0,,,,,,,1.0,,,,,,,,,,,44,1,2020_Jan_28_1158,FaceNameBlocked_revised,3.0.0,85.04586072523969,,NaN
111,Male1Block.csv,Caleb5.mp4,Caleb.JPG,Caleb,36.0,M,Kyle,Dylan,Jason,David,Andrew,Brandon,Eric,Cody,Nathan,Caleb,9.0,0.0,5.0,5.0,3.0,,,,,0.0,0.0,0.0,9.0,,,,space,5.050080246001016, ,None,3.0,1.0,5.752818008000759,,,,44,1,2020_Jan_28_1158,FaceNameBlocked_revised,3.0.0,85.04586072523969,,NaN
106,Male1Block.csv,Caleb5.mp4,Caleb.JPG,Caleb,36.0,M,Kyle,Dylan,Jason,David,Andrew,Brandon,Eric,Cody,Nathan,Caleb,9.0,0.0,5.0,5.0,3.0,0.0,5.0,5.0,9.0,,,,,,,1.0,,,,,,,,,,,44,1,2020_Jan_28_1158,FaceNameBlocked_revised,3.0.0,85.04586072523969,,NaN
110,Male1Block.csv,Cody2.mp4,Cody.JPG,Cody,37.0,M,Kyle,Dylan,Jason,David,Andrew,Brandon,Eric,Cody,Nathan,Caleb,7.0,0.0,5.0,5.0,3.0,0.0,9.0,9.0,7.0,,,,,,,1.0,,,,,,,,,,,44,1,2020_Jan_28_1158,FaceNameBlocked_revised,3.0.0,85.04586072523969,,NaN
115,Male1Block.csv,Cody2.mp4,Cody.JPG,Cody,37.0,M,Kyle,Dylan,Jason,David,Andrew,Brandon,Eric,Cody,Nathan,Caleb,7.0,0.0,5.0,5.0,3.0,,,,,0.0,4.0,4.0,7.0,,,,,, Cody,"['lshift', 'c', 'o', 'd', 'y']",1.0,1.0,1.5052044419990125,"[2.799951113998759, 3.178102953999769, 4.55392009499883, 4.835534704998281, 5.283270816998993]",,,44,1,2020_Jan_28_1158,FaceNameBlocked_revised,3.0.0,85.04586072523969,,2.7999511
10,Fem3Block.csv,Courtney2.mp4,Courtney.JPG,Courtney,6.0,F,Ashley,Lauren,Alyssa,Rebecca,Nicole,Jenna,Amanda,Danielle,Courtney,Julia,8.0,0.0,0.0,0.0,2.0,0.0,9.0,9.0,8.0,,,,,,,0.0,,,,,,,,,,,44,1,2020_Jan_28_1158,FaceNameBlocked_revised,3.0.0,85.04586072523969,,NaN
17,Fem3Block.csv,Courtney2.mp4,Courtney.JPG,Courtney,6.0,F,Ashley,Lauren,Alyssa,Rebecca,Nicole,Jenna,Amanda,Danielle,Courtney,Julia,8.0,0.0,0.0,0.0,2.0,,,,,0.0,6.0,6.0,8.0,,,,,, Courtney,"['lshift', 'c', 'o', 'u', 'r', 'n', 'backspace', 't', 'n', 'e', 'y']",3.0,3.0,2.2372008899992584,"[3.15203137699973, 3.5419031299998096, 4.317849117000151, 4.423967573000482, 4.659166360000199, 5.000308083999698, 5.374809042999914, 5.551122626000506, 6.011042864000046, 6.223370653000529, 6.399373033000302]",,,44,1,2020_Jan_28_1158,FaceNameBlocked_revised,3.0.0,85.04586072523969,,3.1520313
39,Male3Block.csv,Daniel3.mp4,Daniel.JPG,Daniel,38.0,M,Josh,Steven,Bradley,Brian,Trevor,Michael,Mark,Daniel,Thomas,Justin,7.0,0.0,1.0,1.0,5.0,,,,,0.0,8.0,8.0,7.0,,,,,, ,None,5.0,5.0,6.6479207090014825,,,,44,1,2020_Jan_28_1158,FaceNameBlocked_revised,3.0.0,85.04586072523969,,NaN
25,Male3Block.csv,Daniel3.mp4,Daniel.JPG,Daniel,38.0,M,Josh,Steven,Bradley,Brian,Trevor,Michael,Mark,Daniel,Thomas,Justin,7.0,0.0,1.0,1.0,5.0,0.0,4.0,4.0,7.0,,,,,,,1.0,,,,,,,,,,,44,1,2020_Jan_28_1158,FaceNameBlocked_revised,3.0.0,85.04586072523969,,NaN
5,Fem3Block.csv,Danielle2.mp4,Danielle.JPG,Danielle,7.0,F,Ashley,Lauren,Alyssa,Rebecca,Nicole,Jenna,Amanda,Danielle,Courtney,Julia,7.0,0.0,0.0,0.0,2.0,0.0,4.0,4.0,7.0,,,,,,,1.0,,,,,,,,,,,44,1,2020_Jan_28_1158,FaceNameBlocked_revised,3.0.0,85.04586072523969,,NaN
16,Fem3Block.csv,Danielle2.mp4,Danielle.JPG,Danielle,7.0,F,Ashley,Lauren,Alyssa,Rebecca,Nicole,Jenna,Amanda,Danielle,Courtney,Julia,7.0,0.0,0.0,0.0,2.0,,,,,0.0,5.0,5.0,7.0,,,,,, ,None,3.0,3.0,3.0604737459998432,,,,44,1,2020_Jan_28_1158,FaceNameBlocked_revised,3.0.0,85.04586072523969,,NaN
107,Male1Block.csv,David2.mp4,David.JPG,David,39.0,M,Kyle,Dylan,Jason,David,Andrew,Brandon,Eric,Cody,Nathan,Caleb,3.0,0.0,5.0,5.0,3.0,0.0,6.0,6.0,3.0,,,,,,,0.0,,,,,,,,,,,44,1,2020_Jan_28_1158,FaceNameBlocked_revised,3.0.0,85.04586072523969,,NaN
117,Male1Block.csv,David2.mp4,David.JPG,David,39.0,M,Kyle,Dylan,Jason,David,Andrew,Brandon,Eric,Cody,Nathan,Caleb,3.0,0.0,5.0,5.0,3.0,,,,,0.0,6.0,6.0,3.0,,,,,, ,None,3.0,1.0,2.5404513180001227,,,,44,1,2020_Jan_28_1158,FaceNameBlocked_revised,3.0.0,85.04586072523969,,NaN
116,Male1Block.csv,Dylan3.mp4,Dylan.JPG,Dylan,40.0,M,Kyle,Dylan,Jason,David,Andrew,Brandon,Eric,Cody,Nathan,Caleb,1.0,0.0,5.0,5.0,3.0,,,,,0.0,5.0,5.0,1.0,,,,,, ,None,2.0,1.0,5.68253170800017,,,,44,1,2020_Jan_28_1158,FaceNameBlocked_revised,3.0.0,85.04586072523969,,NaN
104,Male1Block.csv,Dylan3.mp4,Dylan.JPG,Dylan,40.0,M,Kyle,Dylan,Jason,David,Andrew,Brandon,Eric,Cody,Nathan,Caleb,1.0,0.0,5.0,5.0,3.0,0.0,3.0,3.0,1.0,,,,,,,0.0,,,,,,,,,,,44,1,2020_Jan_28_1158,FaceNameBlocked_revised,3.0.0,85.04586072523969,,NaN
76,Fem2Block.csv,Emily5.mp4,Emily.JPG,Emily,8.0,F,Natalie,Emily,Shelby,Hannah,Rachel,Taylor,Grace,Olivia,Jessica,Michelle,1.0,0.0,3.0,3.0,1.0,,,,,0.0,5.0,5.0,1.0,,,,,, ,None,3.0,3.0,3.1764992059997894,,,,44,1,2020_Jan_28_1158,FaceNameBlocked_revised,3.0.0,85.04586072523969,,NaN
64,Fem2Block.csv,Emily5.mp4,Emily.JPG,Emily,8.0,F,Natalie,Emily,Shelby,Hannah,Rachel,Taylor,Grace,Olivia,Jessica,Michelle,1.0,0.0,3.0,3.0,1.0,0.0,3.0,3.0,1.0,,,,,,,0.0,,,,,,,,,,,44,1,2020_Jan_28_1158,FaceNameBlocked_revised,3.0.0,85.04586072523969,,NaN
102,Male1Block.csv,Eric2.mp4,Eric.JPG,Eric,41.0,M,Kyle,Dylan,Jason,David,Andrew,Brandon,Eric,Cody,Nathan,Caleb,6.0,0.0,5.0,5.0,3.0,0.0,1.0,1.0,6.0,,,,,,,0.0,,,,,,,,,,,44,1,2020_Jan_28_1158,FaceNameBlocked_revised,3.0.0,85.04586072523969,,NaN
118,Male1Block.csv,Eric2.mp4,Eric.JPG,Eric,41.0,M,Kyle,Dylan,Jason,David,Andrew,Brandon,Eric,Cody,Nathan,Caleb,6.0,0.0,5.0,5.0,3.0,,,,,0.0,7.0,7.0,6.0,,,,,, Eric,"['lshift', 'e', 'r', 'i', 'c']",2.0,2.0,1.3542087790010555,"[2.3298575629996776, 2.787827723001101, 3.0600753990001976, 3.507480509000743, 4.0719056140005705]",,,44,1,2020_Jan_28_1158,FaceNameBlocked_revised,3.0.0,85.04586072523969,,2.3298575
48,Male2Block.csv,Ethan2.mp4,Ethan.JPG,Ethan,42.0,M,Adam,Aaron,Jacob,Kevin,Ethan,Timothy,Tyler,Jeremy,Matthew,Noah,4.0,0.0,2.0,2.0,4.0,0.0,7.0,7.0,4.0,,,,,,,1.0,,,,,,,,,,,44,1,2020_Jan_28_1158,FaceNameBlocked_revised,3.0.0,85.04586072523969,,NaN
58,Male2Block.csv,Ethan2.mp4,Ethan.JPG,Ethan,42.0,M,Adam,Aaron,Jacob,Kevin,Ethan,Timothy,Tyler,Jeremy,Matthew,Noah,4.0,0.0,2.0,2.0,4.0,,,,,0.0,7.0,7.0,4.0,,,,,, Ethan,"['lshift', 'e', 't', 'h', 'a', 'n']",2.0,2.0,3.2960408279996045,"[6.0694944789993315, 6.717803259998618, 7.117787921999479, 7.846739551998326, 7.975989148999361, 8.105388002999462]",,,44,1,2020_Jan_28_1158,FaceNameBlocked_revised,3.0.0,85.04586072523969,,6.0694944
73,Fem2Block.csv,Grace3.mp4,Grace.JPG,Grace,9.0,F,Natalie,Emily,Shelby,Hannah,Rachel,Taylor,Grace,Olivia,Jessica,Michelle,6.0,0.0,3.0,3.0,1.0,,,,,0.0,2.0,2.0,6.0,,,,,, Grace,"['lshift', 'g', 'r', 'a', 'c', 'e']",1.0,1.0,1.649089020998872,"[2.1416507080011797, 2.331440948000818, 2.6939865439999267, 2.8135482460002095, 2.942923361000794, 3.0958415230015817]",,,44,1,2020_Jan_28_1158,FaceNameBlocked_revised,3.0.0,85.04586072523969,,2.1416507
69,Fem2Block.csv,Grace3.mp4,Grace.JPG,Grace,9.0,F,Natalie,Emily,Shelby,Hannah,Rachel,Taylor,Grace,Olivia,Jessica,Michelle,6.0,0.0,3.0,3.0,1.0,0.0,8.0,8.0,6.0,,,,,,,0.0,,,,,,,,,,,44,1,2020_Jan_28_1158,FaceNameBlocked_revised,3.0.0,85.04586072523969,,NaN
83,Fem1Block.csv,Haley2.mp4,Haley.JPG,Haley,10.0,F,Brittany,Heather,Kelsey,Megan,Katie,Brianna,Sarah,Anna,Haley,Kayla,8.0,0.0,4.0,4.0,0.0,0.0,2.0,2.0,8.0,,,,,,,0.0,,,,,,,,,,,44,1,2020_Jan_28_1158,FaceNameBlocked_revised,3.0.0,85.04586072523969,,NaN
97,Fem1Block.csv,Haley2.mp4,Haley.JPG,Haley,10.0,F,Brittany,Heather,Kelsey,Megan,Katie,Brianna,Sarah,Anna,Haley,Kayla,8.0,0.0,4.0,4.0,0.0,,,,,0.0,6.0,6.0,8.0,,,,,, ,None,1.0,1.0,4.647794137999881,,,,44,1,2020_Jan_28_1158,FaceNameBlocked_revised,3.0.0,85.04586072523969,,NaN
78,Fem2Block.csv,Hannah2.mp4,Hannah.JPG,Hannah,11.0,F,Natalie,Emily,Shelby,Hannah,Rachel,Taylor,Grace,Olivia,Jessica,Michelle,3.0,0.0,3.0,3.0,1.0,,,,,0.0,7.0,7.0,3.0,,,,,, Hannah,"['lshift', 'h', 'a', 'n', 'n', 'a', 'h']",4.0,4.0,2.0603916039999604,"[1.8695136110000021, 2.104423250999389, 2.40031974699923, 2.5406302899991715, 2.680602184998861, 2.9177756899989618, 3.105975208998643]",,,44,1,2020_Jan_28_1158,FaceNameBlocked_revised,3.0.0,85.04586072523969,,1.8695136
68,Fem2Block.csv,Hannah2.mp4,Hannah.JPG,Hannah,11.0,F,Natalie,Emily,Shelby,Hannah,Rachel,Taylor,Grace,Olivia,Jessica,Michelle,3.0,0.0,3.0,3.0,1.0,0.0,7.0,7.0,3.0,,,,,,,0.0,,,,,,,,,,,44,1,2020_Jan_28_1158,FaceNameBlocked_revised,3.0.0,85.04586072523969,,NaN
99,Fem1Block.csv,Heather3.mp4,Heather.JPG,Heather,12.0,F,Brittany,Heather,Kelsey,Megan,Katie,Brianna,Sarah,Anna,Haley,Kayla,1.0,0.0,4.0,4.0,0.0,,,,,0.0,8.0,8.0,1.0,,,,,, ,None,2.0,4.0,6.211806815999807,,,,44,1,2020_Jan_28_1158,FaceNameBlocked_revised,3.0.0,85.04586072523969,,NaN
84,Fem1Block.csv,Heather3.mp4,Heather.JPG,Heather,12.0,F,Brittany,Heather,Kelsey,Megan,Katie,Brianna,Sarah,Anna,Haley,Kayla,1.0,0.0,4.0,4.0,0.0,0.0,3.0,3.0,1.0,,,,,,,0.0,,,,,,,,,,,44,1,2020_Jan_28_1158,FaceNameBlocked_revised,3.0.0,85.04586072523969,,NaN
47,Male2Block.csv,Jacob3.mp4,Jacob.JPG,Jacob,43.0,M,Adam,Aaron,Jacob,Kevin,Ethan,Timothy,Tyler,Jeremy,Matthew,Noah,2.0,0.0,2.0,2.0,4.0,0.0,6.0,6.0,2.0,,,,,,,0.0,,,,,,,,,,,44,1,2020_Jan_28_1158,FaceNameBlocked_revised,3.0.0,85.04586072523969,,NaN
57,Male2Block.csv,Jacob3.mp4,Jacob.JPG,Jacob,43.0,M,Adam,Aaron,Jacob,Kevin,Ethan,Timothy,Tyler,Jeremy,Matthew,Noah,2.0,0.0,2.0,2.0,4.0,,,,,0.0,6.0,6.0,2.0,,,,,, ,None,4.0,4.0,7.515903864999927,,,,44,1,2020_Jan_28_1158,FaceNameBlocked_revised,3.0.0,85.04586072523969,,NaN
108,Male1Block.csv,Jason4.mp4,Jason.JPG,Jason,44.0,M,Kyle,Dylan,Jason,David,Andrew,Brandon,Eric,Cody,Nathan,Caleb,2.0,0.0,5.0,5.0,3.0,0.0,7.0,7.0,2.0,,,,,,,0.0,,,,,,,,,,,44,1,2020_Jan_28_1158,FaceNameBlocked_revised,3.0.0,85.04586072523969,,NaN
120,Male1Block.csv,Jason4.mp4,Jason.JPG,Jason,44.0,M,Kyle,Dylan,Jason,David,Andrew,Brandon,Eric,Cody,Nathan,Caleb,2.0,0.0,5.0,5.0,3.0,,,,,0.0,9.0,9.0,2.0,,,,,, ,None,3.0,1.0,8.153464612998505,,,,44,1,2020_Jan_28_1158,FaceNameBlocked_revised,3.0.0,85.04586072523969,,NaN
12,Fem3Block.csv,Jenna4.mp4,Jenna.JPG,Jenna,13.0,F,Ashley,Lauren,Alyssa,Rebecca,Nicole,Jenna,Amanda,Danielle,Courtney,Julia,5.0,0.0,0.0,0.0,2.0,,,,,0.0,1.0,1.0,5.0,,,,,, Courtney,"['lshift', 'c', 'o', 'u', 'r', 't', 'n', 'e', 'y']",1.0,3.0,4.706994584999848,"[3.3527094659993963, 3.6592487809994054, 4.082516712999677, 4.188194475999808, 4.377079283999592, 4.624571180999737, 4.858787270999528, 5.094614048999574, 5.270487355999649]",,,44,1,2020_Jan_28_1158,FaceNameBlocked_revised,3.0.0,85.04586072523969,,3.3527094
4,Fem3Block.csv,Jenna4.mp4,Jenna.JPG,Jenna,13.0,F,Ashley,Lauren,Alyssa,Rebecca,Nicole,Jenna,Amanda,Danielle,Courtney,Julia,5.0,0.0,0.0,0.0,2.0,0.0,3.0,3.0,5.0,,,,,,,1.0,,,,,,,,,,,44,1,2020_Jan_28_1158,FaceNameBlocked_revised,3.0.0,85.04586072523969,,NaN
60,Male2Block.csv,Jeremy2.mp4,Jeremy.JPG,Jeremy,45.0,M,Adam,Aaron,Jacob,Kevin,Ethan,Timothy,Tyler,Jeremy,Matthew,Noah,7.0,0.0,2.0,2.0,4.0,,,,,0.0,9.0,9.0,7.0,,,,,, ,None,3.0,3.0,10.893943151999338,,,,44,1,2020_Jan_28_1158,FaceNameBlocked_revised,3.0.0,85.04586072523969,,NaN
50,Male2Block.csv,Jeremy2.mp4,Jeremy.JPG,Jeremy,45.0,M,Adam,Aaron,Jacob,Kevin,Ethan,Timothy,Tyler,Jeremy,Matthew,Noah,7.0,0.0,2.0,2.0,4.0,0.0,9.0,9.0,7.0,,,,,,,1.0,,,,,,,,,,,44,1,2020_Jan_28_1158,FaceNameBlocked_revised,3.0.0,85.04586072523969,,NaN
62,Fem2Block.csv,Jessica2.mp4,Jessica.JPG,Jessica,14.0,F,Natalie,Emily,Shelby,Hannah,Rachel,Taylor,Grace,Olivia,Jessica,Michelle,8.0,0.0,3.0,3.0,1.0,0.0,1.0,1.0,8.0,,,,,,,0.0,,,,,,,,,,,44,1,2020_Jan_28_1158,FaceNameBlocked_revised,3.0.0,85.04586072523969,,NaN
71,Fem2Block.csv,Jessica2.mp4,Jessica.JPG,Jessica,14.0,F,Natalie,Emily,Shelby,Hannah,Rachel,Taylor,Grace,Olivia,Jessica,Michelle,8.0,0.0,3.0,3.0,1.0,,,,,0.0,0.0,0.0,8.0,,,,space,2.7668078719998457, ,None,5.0,5.0,7.021611419000692,,,,44,1,2020_Jan_28_1158,FaceNameBlocked_revised,3.0.0,85.04586072523969,,NaN
31,Male3Block.csv,Josh3.mp4,Josh.JPG,Josh,46.0,M,Josh,Steven,Bradley,Brian,Trevor,Michael,Mark,Daniel,Thomas,Justin,0.0,0.0,1.0,1.0,5.0,,,,,0.0,0.0,0.0,0.0,,,,space,11.387648209999494, Josh ,"['lshift', 'j', 'o', 's', 'h', 'space']",3.0,3.0,2.177786074999858,"[3.2466117390004, 3.683912712000165, 4.577344063000055, 5.118245407999893, 5.259887291000268, 6.117986434000159]",,,44,1,2020_Jan_28_1158,FaceNameBlocked_revised,3.0.0,85.04586072523969,,3.2466117
21,Male3Block.csv,Josh3.mp4,Josh.JPG,Josh,46.0,M,Josh,Steven,Bradley,Brian,Trevor,Michael,Mark,Daniel,Thomas,Justin,0.0,0.0,1.0,1.0,5.0,0.0,0.0,0.0,0.0,,,,,,,1.0,,,,,,,,,,,44,1,2020_Jan_28_1158,FaceNameBlocked_revised,3.0.0,85.04586072523969,,NaN
2,Fem3Block.csv,Julia2.mp4,Julia.JPG,Julia,15.0,F,Ashley,Lauren,Alyssa,Rebecca,Nicole,Jenna,Amanda,Danielle,Courtney,Julia,9.0,0.0,0.0,0.0,2.0,0.0,1.0,1.0,9.0,,,,,,,1.0,,,,,,,,,,,44,1,2020_Jan_28_1158,FaceNameBlocked_revised,3.0.0,85.04586072523969,,NaN
20,Fem3Block.csv,Julia2.mp4,Julia.JPG,Julia,15.0,F,Ashley,Lauren,Alyssa,Rebecca,Nicole,Jenna,Amanda,Danielle,Courtney,Julia,9.0,0.0,0.0,0.0,2.0,,,,,0.0,9.0,9.0,9.0,,,,,, ,None,1.0,1.0,3.2812353799999983,,,,44,1,2020_Jan_28_1158,FaceNameBlocked_revised,3.0.0,85.04586072523969,,NaN
22,Male3Block.csv,Justin2.mp4,Justin.JPG,Justin,47.0,M,Josh,Steven,Bradley,Brian,Trevor,Michael,Mark,Daniel,Thomas,Justin,9.0,0.0,1.0,1.0,5.0,0.0,1.0,1.0,9.0,,,,,,,1.0,,,,,,,,,,,44,1,2020_Jan_28_1158,FaceNameBlocked_revised,3.0.0,85.04586072523969,,NaN
32,Male3Block.csv,Justin2.mp4,Justin.JPG,Justin,47.0,M,Josh,Steven,Bradley,Brian,Trevor,Michael,Mark,Daniel,Thomas,Justin,9.0,0.0,1.0,1.0,5.0,,,,,0.0,1.0,1.0,9.0,,,,,, Justin,"['lshift', 'j', 'u', 's', 't', 'i', 'n']",5.0,5.0,1.7897227510002267,"[1.6006583879998288, 1.8131801730005463, 2.1308888140001727, 2.272739662999811, 2.4717658139998093, 2.590529812000568, 2.7423003740004788]",,,44,1,2020_Jan_28_1158,FaceNameBlocked_revised,3.0.0,85.04586072523969,,1.6006583
96,Fem1Block.csv,Katie2.mp4,Katie.JPG,Katie,16.0,F,Brittany,Heather,Kelsey,Megan,Katie,Brianna,Sarah,Anna,Haley,Kayla,4.0,0.0,4.0,4.0,0.0,,,,,0.0,5.0,5.0,4.0,,,,,, K,"['lshift', 'k', 'e', 'l', 's', 'e', 'y', 'backspace', 'backspace', 'backspace', 'backspace', 'backspace']",4.0,4.0,2.7556136120001615,"[4.823814746001517, 5.048375175001638, 5.448265295000965, 6.94220160200166, 7.10697825400166, 7.272267408001426, 7.482807261001653, 8.951036744001613, 9.104396973001712, 9.246249875001013, 9.352708255000834, 9.705175616001725]",,,44,1,2020_Jan_28_1158,FaceNameBlocked_revised,3.0.0,85.04586072523969,,4.8238147
88,Fem1Block.csv,Katie2.mp4,Katie.JPG,Katie,16.0,F,Brittany,Heather,Kelsey,Megan,Katie,Brianna,Sarah,Anna,Haley,Kayla,4.0,0.0,4.0,4.0,0.0,0.0,7.0,7.0,4.0,,,,,,,1.0,,,,,,,,,,,44,1,2020_Jan_28_1158,FaceNameBlocked_revised,3.0.0,85.04586072523969,,NaN
92,Fem1Block.csv,Kayla3.mp4,Kayla.JPG,Kayla,17.0,F,Brittany,Heather,Kelsey,Megan,Katie,Brianna,Sarah,Anna,Haley,Kayla,9.0,0.0,4.0,4.0,0.0,,,,,0.0,1.0,1.0,9.0,,,,,, ,None,4.0,4.0,7.4361868819996735,,,,44,1,2020_Jan_28_1158,FaceNameBlocked_revised,3.0.0,85.04586072523969,,NaN
89,Fem1Block.csv,Kayla3.mp4,Kayla.JPG,Kayla,17.0,F,Brittany,Heather,Kelsey,Megan,Katie,Brianna,Sarah,Anna,Haley,Kayla,9.0,0.0,4.0,4.0,0.0,0.0,8.0,8.0,9.0,,,,,,,1.0,,,,,,,,,,,44,1,2020_Jan_28_1158,FaceNameBlocked_revised,3.0.0,85.04586072523969,,NaN
98,Fem1Block.csv,Kelsey2.mp4,Kelsey.JPG,Kelsey,18.0,F,Brittany,Heather,Kelsey,Megan,Katie,Brianna,Sarah,Anna,Haley,Kayla,2.0,0.0,4.0,4.0,0.0,,,,,0.0,7.0,7.0,2.0,,,,,, ,None,5.0,4.0,4.342587305000052,,,,44,1,2020_Jan_28_1158,FaceNameBlocked_revised,3.0.0,85.04586072523969,,NaN
90,Fem1Block.csv,Kelsey2.mp4,Kelsey.JPG,Kelsey,18.0,F,Brittany,Heather,Kelsey,Megan,Katie,Brianna,Sarah,Anna,Haley,Kayla,2.0,0.0,4.0,4.0,0.0,0.0,9.0,9.0,2.0,,,,,,,0.0,,,,,,,,,,,44,1,2020_Jan_28_1158,FaceNameBlocked_revised,3.0.0,85.04586072523969,,NaN
52,Male2Block.csv,Kevin2.mp4,Kevin.JPG,Kevin,48.0,M,Adam,Aaron,Jacob,Kevin,Ethan,Timothy,Tyler,Jeremy,Matthew,Noah,3.0,0.0,2.0,2.0,4.0,,,,,0.0,1.0,1.0,3.0,,,,,, Kevin,"['lshift', 'k', 'e', 'v', 'i', 'n']",5.0,5.0,2.28366768900014,"[3.270785495000382, 3.4723215530011657, 4.13015876999998, 4.318675288999657, 4.695668514999852, 4.942696891999731]",,,44,1,2020_Jan_28_1158,FaceNameBlocked_revised,3.0.0,85.04586072523969,,3.2707854
49,Male2Block.csv,Kevin2.mp4,Kevin.JPG,Kevin,48.0,M,Adam,Aaron,Jacob,Kevin,Ethan,Timothy,Tyler,Jeremy,Matthew,Noah,3.0,0.0,2.0,2.0,4.0,0.0,8.0,8.0,3.0,,,,,,,0.0,,,,,,,,,,,44,1,2020_Jan_28_1158,FaceNameBlocked_revised,3.0.0,85.04586072523969,,NaN
103,Male1Block.csv,Kyle3.mp4,Kyle.JPG,Kyle,49.0,M,Kyle,Dylan,Jason,David,Andrew,Brandon,Eric,Cody,Nathan,Caleb,0.0,0.0,5.0,5.0,3.0,0.0,2.0,2.0,0.0,,,,,,,1.0,,,,,,,,,,,44,1,2020_Jan_28_1158,FaceNameBlocked_revised,3.0.0,85.04586072523969,,NaN
114,Male1Block.csv,Kyle3.mp4,Kyle.JPG,Kyle,49.0,M,Kyle,Dylan,Jason,David,Andrew,Brandon,Eric,Cody,Nathan,Caleb,0.0,0.0,5.0,5.0,3.0,,,,,0.0,3.0,3.0,0.0,,,,,, Kyle,"['lshift', 'k', 'y', 'l', 'e']",1.0,1.0,1.119862000001376,"[2.5533430879986554, 2.884176033998301, 4.577742818999468, 5.001529382998342, 5.460203786999045]",,,44,1,2020_Jan_28_1158,FaceNameBlocked_revised,3.0.0,85.04586072523969,,2.5533430
14,Fem3Block.csv,Lauren4.mp4,Lauren.JPG,Lauren,19.0,F,Ashley,Lauren,Alyssa,Rebecca,Nicole,Jenna,Amanda,Danielle,Courtney,Julia,1.0,0.0,0.0,0.0,2.0,,,,,0.0,3.0,3.0,1.0,,,,,, Courtney,"['lshift', 'c', 'o', 'u', 'r', 't', 'n', 'e', 'y']",3.0,5.0,7.7739619399999365,"[7.174689104000208, 7.282421779000288, 8.258475745999931, 8.38696556800005, 8.634904510000524, 8.985912027000268, 9.211014238000644, 9.375843124999847, 9.51641143300003]",,,44,1,2020_Jan_28_1158,FaceNameBlocked_revised,3.0.0,85.04586072523969,,7.1746891
1,Fem3Block.csv,Lauren4.mp4,Lauren.JPG,Lauren,19.0,F,Ashley,Lauren,Alyssa,Rebecca,Nicole,Jenna,Amanda,Danielle,Courtney,Julia,1.0,0.0,0.0,0.0,2.0,0.0,0.0,0.0,1.0,,,,,,,0.0,,,,,,,,,,,44,1,2020_Jan_28_1158,FaceNameBlocked_revised,3.0.0,85.04586072523969,,NaN
28,Male3Block.csv,Mark3.mp4,Mark.JPG,Mark,50.0,M,Josh,Steven,Bradley,Brian,Trevor,Michael,Mark,Daniel,Thomas,Justin,6.0,0.0,1.0,1.0,5.0,0.0,7.0,7.0,6.0,,,,,,,0.0,,,,,,,,,,,44,1,2020_Jan_28_1158,FaceNameBlocked_revised,3.0.0,85.04586072523969,,NaN
37,Male3Block.csv,Mark3.mp4,Mark.JPG,Mark,50.0,M,Josh,Steven,Bradley,Brian,Trevor,Michael,Mark,Daniel,Thomas,Justin,6.0,0.0,1.0,1.0,5.0,,,,,0.0,6.0,6.0,6.0,,,,,, Bradley,"['lshift', 'b', 'r', 'a', 'd', 'l', 'e', 'y']",5.0,1.0,2.5316104739995358,"[4.516335662000529, 4.693213310000829, 5.081433956000183, 5.222979023000335, 5.387161394000032, 5.83202238100057, 5.939932648000649, 6.1518447690004905]",,,44,1,2020_Jan_28_1158,FaceNameBlocked_revised,3.0.0,85.04586072523969,,4.5163356
41,Male2Block.csv,Matthew2.mp4,Matthew.JPG,Matthew,51.0,M,Adam,Aaron,Jacob,Kevin,Ethan,Timothy,Tyler,Jeremy,Matthew,Noah,8.0,0.0,2.0,2.0,4.0,0.0,0.0,0.0,8.0,,,,,,,0.0,,,,,,,,,,,44,1,2020_Jan_28_1158,FaceNameBlocked_revised,3.0.0,85.04586072523969,,NaN
59,Male2Block.csv,Matthew2.mp4,Matthew.JPG,Matthew,51.0,M,Adam,Aaron,Jacob,Kevin,Ethan,Timothy,Tyler,Jeremy,Matthew,Noah,8.0,0.0,2.0,2.0,4.0,,,,,0.0,8.0,8.0,8.0,,,,,, ,None,2.0,1.0,3.3775624049994803,,,,44,1,2020_Jan_28_1158,FaceNameBlocked_revised,3.0.0,85.04586072523969,,NaN
85,Fem1Block.csv,Megan2.mp4,Megan.JPG,Megan,20.0,F,Brittany,Heather,Kelsey,Megan,Katie,Brianna,Sarah,Anna,Haley,Kayla,3.0,0.0,4.0,4.0,0.0,0.0,4.0,4.0,3.0,,,,,,,0.0,,,,,,,,,,,44,1,2020_Jan_28_1158,FaceNameBlocked_revised,3.0.0,85.04586072523969,,NaN
91,Fem1Block.csv,Megan2.mp4,Megan.JPG,Megan,20.0,F,Brittany,Heather,Kelsey,Megan,Katie,Brianna,Sarah,Anna,Haley,Kayla,3.0,0.0,4.0,4.0,0.0,,,,,0.0,0.0,0.0,3.0,,,,space,12.76435629200023, ,None,2.0,2.0,2.4139437209996686,,,,44,1,2020_Jan_28_1158,FaceNameBlocked_revised,3.0.0,85.04586072523969,,NaN
23,Male3Block.csv,Michael2.mp4,Michael.JPG,Michael,52.0,M,Josh,Steven,Bradley,Brian,Trevor,Michael,Mark,Daniel,Thomas,Justin,5.0,0.0,1.0,1.0,5.0,0.0,2.0,2.0,5.0,,,,,,,1.0,,,,,,,,,,,44,1,2020_Jan_28_1158,FaceNameBlocked_revised,3.0.0,85.04586072523969,,NaN
35,Male3Block.csv,Michael2.mp4,Michael.JPG,Michael,52.0,M,Josh,Steven,Bradley,Brian,Trevor,Michael,Mark,Daniel,Thomas,Justin,5.0,0.0,1.0,1.0,5.0,,,,,0.0,4.0,4.0,5.0,,,,,, Michael,"['lshift', 'm', 'i', 'c', 'h', 'a', 'e', 'l']",3.0,3.0,2.072580648999974,"[3.0116886209998484, 3.36378742099987, 3.8360209259999465, 4.012717124999654, 4.2594942300002, 4.483211707999544, 4.706823450999764, 4.859307575999992]",,,44,1,2020_Jan_28_1158,FaceNameBlocked_revised,3.0.0,85.04586072523969,,3.0116886
70,Fem2Block.csv,Michelle2.mp4,Michelle.JPG,Michelle,21.0,F,Natalie,Emily,Shelby,Hannah,Rachel,Taylor,Grace,Olivia,Jessica,Michelle,9.0,0.0,3.0,3.0,1.0,0.0,9.0,9.0,9.0,,,,,,,1.0,,,,,,,,,,,44,1,2020_Jan_28_1158,FaceNameBlocked_revised,3.0.0,85.04586072523969,,NaN
80,Fem2Block.csv,Michelle2.mp4,Michelle.JPG,Michelle,21.0,F,Natalie,Emily,Shelby,Hannah,Rachel,Taylor,Grace,Olivia,Jessica,Michelle,9.0,0.0,3.0,3.0,1.0,,,,,0.0,9.0,9.0,9.0,,,,,, Michelle,"['lshift', 'm', 'i', 'c', 'h', 'e', 'l', 'l', 'e']",5.0,5.0,2.2356678679989272,"[2.0709760570007347, 2.389893266999934, 2.777956923000602, 2.9542853720013227, 3.0957094700006564, 3.2838453719996323, 3.4950942089999444, 3.6245328390014038, 3.7777468870008306]",,,44,1,2020_Jan_28_1158,FaceNameBlocked_revised,3.0.0,85.04586072523969,,2.0709760
65,Fem2Block.csv,Natalie3.mp4,Natalie.JPG,Natalie,22.0,F,Natalie,Emily,Shelby,Hannah,Rachel,Taylor,Grace,Olivia,Jessica,Michelle,0.0,0.0,3.0,3.0,1.0,0.0,4.0,4.0,0.0,,,,,,,1.0,,,,,,,,,,,44,1,2020_Jan_28_1158,FaceNameBlocked_revised,3.0.0,85.04586072523969,,NaN
75,Fem2Block.csv,Natalie3.mp4,Natalie.JPG,Natalie,22.0,F,Natalie,Emily,Shelby,Hannah,Rachel,Taylor,Grace,Olivia,Jessica,Michelle,0.0,0.0,3.0,3.0,1.0,,,,,0.0,4.0,4.0,0.0,,,,,, ,None,4.0,5.0,3.5274352350006666,,,,44,1,2020_Jan_28_1158,FaceNameBlocked_revised,3.0.0,85.04586072523969,,NaN
109,Male1Block.csv,Nathan3.mp4,Nathan.JPG,Nathan,53.0,M,Kyle,Dylan,Jason,David,Andrew,Brandon,Eric,Cody,Nathan,Caleb,8.0,0.0,5.0,5.0,3.0,0.0,8.0,8.0,8.0,,,,,,,0.0,,,,,,,,,,,44,1,2020_Jan_28_1158,FaceNameBlocked_revised,3.0.0,85.04586072523969,,NaN
119,Male1Block.csv,Nathan3.mp4,Nathan.JPG,Nathan,53.0,M,Kyle,Dylan,Jason,David,Andrew,Brandon,Eric,Cody,Nathan,Caleb,8.0,0.0,5.0,5.0,3.0,,,,,0.0,8.0,8.0,8.0,,,,,, ,None,2.0,1.0,5.505776050998975,,,,44,1,2020_Jan_28_1158,FaceNameBlocked_revised,3.0.0,85.04586072523969,,NaN
7,Fem3Block.csv,Nicole2.mp4,Nicole.JPG,Nicole,23.0,F,Ashley,Lauren,Alyssa,Rebecca,Nicole,Jenna,Amanda,Danielle,Courtney,Julia,4.0,0.0,0.0,0.0,2.0,0.0,6.0,6.0,4.0,,,,,,,1.0,,,,,,,,,,,44,1,2020_Jan_28_1158,FaceNameBlocked_revised,3.0.0,85.04586072523969,,NaN
18,Fem3Block.csv,Nicole2.mp4,Nicole.JPG,Nicole,23.0,F,Ashley,Lauren,Alyssa,Rebecca,Nicole,Jenna,Amanda,Danielle,Courtney,Julia,4.0,0.0,0.0,0.0,2.0,,,,,0.0,7.0,7.0,4.0,,,,,, Nicole,"['lshift', 'n', 'i', 'c', 'o', 'l', 'e']",5.0,5.0,3.2483987800005707,"[1.5069092849998924, 1.8135253990003548, 2.2721504620003543, 2.460794129000533, 2.578288378000252, 2.7662861879998673, 2.8606694219997735]",,,44,1,2020_Jan_28_1158,FaceNameBlocked_revised,3.0.0,85.04586072523969,,1.5069092
53,Male2Block.csv,Noah2.mp4,Noah.JPG,Noah,54.0,M,Adam,Aaron,Jacob,Kevin,Ethan,Timothy,Tyler,Jeremy,Matthew,Noah,9.0,0.0,2.0,2.0,4.0,,,,,0.0,2.0,2.0,9.0,,,,,, ,None,4.0,4.0,3.5431205660006526,,,,44,1,2020_Jan_28_1158,FaceNameBlocked_revised,3.0.0,85.04586072523969,,NaN
46,Male2Block.csv,Noah2.mp4,Noah.JPG,Noah,54.0,M,Adam,Aaron,Jacob,Kevin,Ethan,Timothy,Tyler,Jeremy,Matthew,Noah,9.0,0.0,2.0,2.0,4.0,0.0,5.0,5.0,9.0,,,,,,,1.0,,,,,,,,,,,44,1,2020_Jan_28_1158,FaceNameBlocked_revised,3.0.0,85.04586072523969,,NaN
79,Fem2Block.csv,Olivia3.mp4,Olivia.JPG,Olivia,24.0,F,Natalie,Emily,Shelby,Hannah,Rachel,Taylor,Grace,Olivia,Jessica,Michelle,7.0,0.0,3.0,3.0,1.0,,,,,0.0,8.0,8.0,7.0,,,,,, Olivia,"['lshift', 'o', 'l', 'i', 'v', 'i', 'a']",3.0,3.0,1.659582369000418,"[6.364247650999459, 6.648336530999586, 6.977650114999051, 7.201120011999592, 7.4590909049984475, 7.601139417998638, 7.730008590999205]",,,44,1,2020_Jan_28_1158,FaceNameBlocked_revised,3.0.0,85.04586072523969,,6.3642476
66,Fem2Block.csv,Olivia3.mp4,Olivia.JPG,Olivia,24.0,F,Natalie,Emily,Shelby,Hannah,Rachel,Taylor,Grace,Olivia,Jessica,Michelle,7.0,0.0,3.0,3.0,1.0,0.0,5.0,5.0,7.0,,,,,,,1.0,,,,,,,,,,,44,1,2020_Jan_28_1158,FaceNameBlocked_revised,3.0.0,85.04586072523969,,NaN
61,Fem2Block.csv,Rachel3.mp4,Rachel.JPG,Rachel,25.0,F,Natalie,Emily,Shelby,Hannah,Rachel,Taylor,Grace,Olivia,Jessica,Michelle,4.0,0.0,3.0,3.0,1.0,0.0,0.0,0.0,4.0,,,,,,,1.0,,,,,,,,,,,44,1,2020_Jan_28_1158,FaceNameBlocked_revised,3.0.0,85.04586072523969,,NaN
72,Fem2Block.csv,Rachel3.mp4,Rachel.JPG,Rachel,25.0,F,Natalie,Emily,Shelby,Hannah,Rachel,Taylor,Grace,Olivia,Jessica,Michelle,4.0,0.0,3.0,3.0,1.0,,,,,0.0,1.0,1.0,4.0,,,,,, ,None,2.0,2.0,5.3052216289997896,,,,44,1,2020_Jan_28_1158,FaceNameBlocked_revised,3.0.0,85.04586072523969,,NaN
8,Fem3Block.csv,Rebecca3.mp4,Rebecca.JPG,Rebecca,26.0,F,Ashley,Lauren,Alyssa,Rebecca,Nicole,Jenna,Amanda,Danielle,Courtney,Julia,3.0,0.0,0.0,0.0,2.0,0.0,7.0,7.0,3.0,,,,,,,0.0,,,,,,,,,,,44,1,2020_Jan_28_1158,FaceNameBlocked_revised,3.0.0,85.04586072523969,,NaN
13,Fem3Block.csv,Rebecca3.mp4,Rebecca.JPG,Rebecca,26.0,F,Ashley,Lauren,Alyssa,Rebecca,Nicole,Jenna,Amanda,Danielle,Courtney,Julia,3.0,0.0,0.0,0.0,2.0,,,,,0.0,2.0,2.0,3.0,,,,,, Amanda,"['lshift', 'a', 'l', 'y', 's', 's', 'a', 'backspace', 'backspace', 'backspace', 'backspace', 'backspace', 'm', 'a', 'n', 'd', 'a']",5.0,5.0,5.788240773999861,"[1.6594390669997665, 1.966221300000143, 2.4841431060003742, 2.8132721860001766, 3.0011572209996302, 3.189987106999979, 3.54038086699984, 6.329810207000264, 6.492820446999758, 6.623292983999818, 6.741201085999819, 7.176348357999814, 8.0355023660004, 8.164768130999619, 8.269971458999862, 8.588502636000158, 8.693999799000267]",,,44,1,2020_Jan_28_1158,FaceNameBlocked_revised,3.0.0,85.04586072523969,,1.6594390
81,Fem1Block.csv,Sarah2.mp4,Sarah.JPG,Sarah,27.0,F,Brittany,Heather,Kelsey,Megan,Katie,Brianna,Sarah,Anna,Haley,Kayla,6.0,0.0,4.0,4.0,0.0,0.0,0.0,0.0,6.0,,,,,,,0.0,,,,,,,,,,,44,1,2020_Jan_28_1158,FaceNameBlocked_revised,3.0.0,85.04586072523969,,NaN
94,Fem1Block.csv,Sarah2.mp4,Sarah.JPG,Sarah,27.0,F,Brittany,Heather,Kelsey,Megan,Katie,Brianna,Sarah,Anna,Haley,Kayla,6.0,0.0,4.0,4.0,0.0,,,,,0.0,3.0,3.0,6.0,,,,,, Sarah,"['lshift', 's', 'a', 'r', 'a', 'h']",4.0,4.0,1.6495583739997528,"[1.6716325349989347, 1.8962161999988894, 2.1781859929997154, 2.343264573999477, 2.46125469099934, 2.8728065759987658]",,,44,1,2020_Jan_28_1158,FaceNameBlocked_revised,3.0.0,85.04586072523969,,1.6716325
77,Fem2Block.csv,Shelby2.mp4,Shelby.JPG,Shelby,28.0,F,Natalie,Emily,Shelby,Hannah,Rachel,Taylor,Grace,Olivia,Jessica,Michelle,2.0,0.0,3.0,3.0,1.0,,,,,0.0,6.0,6.0,2.0,,,,,, Shelby,"['lshift', 's', 'h', 'e', 'l', 'b', 'y']",5.0,5.0,2.578627073999087,"[1.8938221899989003, 2.248030994000146, 2.836622757000441, 3.1657747520002886, 3.3770966150004824, 3.5653737140000885, 3.789367540999592]",,,44,1,2020_Jan_28_1158,FaceNameBlocked_revised,3.0.0,85.04586072523969,,1.8938221
63,Fem2Block.csv,Shelby2.mp4,Shelby.JPG,Shelby,28.0,F,Natalie,Emily,Shelby,Hannah,Rachel,Taylor,Grace,Olivia,Jessica,Michelle,2.0,0.0,3.0,3.0,1.0,0.0,2.0,2.0,2.0,,,,,,,0.0,,,,,,,,,,,44,1,2020_Jan_28_1158,FaceNameBlocked_revised,3.0.0,85.04586072523969,,NaN
38,Male3Block.csv,Steven2.mp4,Steven.JPG,Steven,55.0,M,Josh,Steven,Bradley,Brian,Trevor,Michael,Mark,Daniel,Thomas,Justin,1.0,0.0,1.0,1.0,5.0,,,,,0.0,7.0,7.0,1.0,,,,,, ,None,4.0,2.0,3.7186468969994166,,,,44,1,2020_Jan_28_1158,FaceNameBlocked_revised,3.0.0,85.04586072523969,,NaN
24,Male3Block.csv,Steven2.mp4,Steven.JPG,Steven,55.0,M,Josh,Steven,Bradley,Brian,Trevor,Michael,Mark,Daniel,Thomas,Justin,1.0,0.0,1.0,1.0,5.0,0.0,3.0,3.0,1.0,,,,,,,0.0,,,,,,,,,,,44,1,2020_Jan_28_1158,FaceNameBlocked_revised,3.0.0,85.04586072523969,,NaN
67,Fem2Block.csv,Taylor4.mp4,Taylor.JPG,Taylor,29.0,F,Natalie,Emily,Shelby,Hannah,Rachel,Taylor,Grace,Olivia,Jessica,Michelle,5.0,0.0,3.0,3.0,1.0,0.0,6.0,6.0,5.0,,,,,,,1.0,,,,,,,,,,,44,1,2020_Jan_28_1158,FaceNameBlocked_revised,3.0.0,85.04586072523969,,NaN
74,Fem2Block.csv,Taylor4.mp4,Taylor.JPG,Taylor,29.0,F,Natalie,Emily,Shelby,Hannah,Rachel,Taylor,Grace,Olivia,Jessica,Michelle,5.0,0.0,3.0,3.0,1.0,,,,,0.0,3.0,3.0,5.0,,,,,, ,None,3.0,5.0,3.800577899000928,,,,44,1,2020_Jan_28_1158,FaceNameBlocked_revised,3.0.0,85.04586072523969,,NaN
40,Male3Block.csv,Thomas2.mp4,Thomas.JPG,Thomas,56.0,M,Josh,Steven,Bradley,Brian,Trevor,Michael,Mark,Daniel,Thomas,Justin,8.0,0.0,1.0,1.0,5.0,,,,,0.0,9.0,9.0,8.0,,,,,, Mark,"['lshift', 'm', 'a', 'r', 'k']",2.0,4.0,4.036989322999943,"[2.282552814000155, 2.4361610430005385, 2.660079033999864, 2.919171217999974, 3.060324263000439]",,,44,1,2020_Jan_28_1158,FaceNameBlocked_revised,3.0.0,85.04586072523969,,2.2825528
30,Male3Block.csv,Thomas2.mp4,Thomas.JPG,Thomas,56.0,M,Josh,Steven,Bradley,Brian,Trevor,Michael,Mark,Daniel,Thomas,Justin,8.0,0.0,1.0,1.0,5.0,0.0,9.0,9.0,8.0,,,,,,,0.0,,,,,,,,,,,44,1,2020_Jan_28_1158,FaceNameBlocked_revised,3.0.0,85.04586072523969,,NaN
56,Male2Block.csv,Timothy3.mp4,Timothy.JPG,Timothy,57.0,M,Adam,Aaron,Jacob,Kevin,Ethan,Timothy,Tyler,Jeremy,Matthew,Noah,5.0,0.0,2.0,2.0,4.0,,,,,0.0,5.0,5.0,5.0,,,,,, ,None,1.0,3.0,3.8600381010001006,,,,44,1,2020_Jan_28_1158,FaceNameBlocked_revised,3.0.0,85.04586072523969,,NaN
44,Male2Block.csv,Timothy3.mp4,Timothy.JPG,Timothy,57.0,M,Adam,Aaron,Jacob,Kevin,Ethan,Timothy,Tyler,Jeremy,Matthew,Noah,5.0,0.0,2.0,2.0,4.0,0.0,3.0,3.0,5.0,,,,,,,1.0,,,,,,,,,,,44,1,2020_Jan_28_1158,FaceNameBlocked_revised,3.0.0,85.04586072523969,,NaN
29,Male3Block.csv,Trevor2.mp4,Trevor.JPG,Trevor,58.0,M,Josh,Steven,Bradley,Brian,Trevor,Michael,Mark,Daniel,Thomas,Justin,4.0,0.0,1.0,1.0,5.0,0.0,8.0,8.0,4.0,,,,,,,1.0,,,,,,,,,,,44,1,2020_Jan_28_1158,FaceNameBlocked_revised,3.0.0,85.04586072523969,,NaN
33,Male3Block.csv,Trevor2.mp4,Trevor.JPG,Trevor,58.0,M,Josh,Steven,Bradley,Brian,Trevor,Michael,Mark,Daniel,Thomas,Justin,4.0,0.0,1.0,1.0,5.0,,,,,0.0,2.0,2.0,4.0,,,,,, Trevor,"['lshift', 't', 'r', 'e', 'v', 'o', 'r']",2.0,2.0,1.5675650339999263,"[2.1061610919996383, 2.6252406450003036, 3.0947751300000164, 3.3543822499996168, 3.9182878350002284, 4.283536764000019, 4.54220905999955]",,,44,1,2020_Jan_28_1158,FaceNameBlocked_revised,3.0.0,85.04586072523969,,2.1061610
54,Male2Block.csv,Tyler3.mp4,Tyler.JPG,Tyler,59.0,M,Adam,Aaron,Jacob,Kevin,Ethan,Timothy,Tyler,Jeremy,Matthew,Noah,6.0,0.0,2.0,2.0,4.0,,,,,0.0,3.0,3.0,6.0,,,,,, ,None,2.0,4.0,6.366091952000716,,,,44,1,2020_Jan_28_1158,FaceNameBlocked_revised,3.0.0,85.04586072523969,,NaN
45,Male2Block.csv,Tyler3.mp4,Tyler.JPG,Tyler,59.0,M,Adam,Aaron,Jacob,Kevin,Ethan,Timothy,Tyler,Jeremy,Matthew,Noah,6.0,0.0,2.0,2.0,4.0,0.0,4.0,4.0,6.0,,,,,,,0.0,,,,,,,,,,,44,1,2020_Jan_28_1158,FaceNameBlocked_revised,3.0.0,85.04586072523969,,NaN
0,,,,,,,,,,,,,,,,,,,,,,,,,,,,,,space,38.61643553700014,,,,,,,,,,,,44,1,2020_Jan_28_1158,FaceNameBlocked_revised,3.0.0,85.04586072523969,,NaN
121,,,,,,,,,,,,,,,,,,,,,,,,,,,,,,,,,,,,,,,,,space,117.039582667001,44,1,2020_Jan_28_1158,FaceNameBlocked_revised,3.0.0,85.04586072523969,,NaN
