,condsBlockFile,Video,Photo,Name,Row,Gender,N1,N2,N3,N4,N5,N6,N7,N8,N9,N10,Row2,blocks.thisRepN,blocks.thisTrialN,blocks.thisN,blocks.thisIndex,presentations.thisRepN,presentations.thisTrialN,presentations.thisN,presentations.thisIndex,testing.thisRepN,testing.thisTrialN,testing.thisN,testing.thisIndex,advance_1.keys,advance_1.rt,currentCond,advance_2.keys,advance_2.rt,inputText,key_resp_3.keys,key_resp_3.rt,correctRecogSelection,keyResponse.keys,keyResponse.rt,end_key.keys,end_key.rt,participant,session,date,expName,psychopyVersion,frameRate,Unnamed: 48,key_resp3_fin
32,Male2Block.csv,Aaron2.mp4,Aaron.JPG,Aaron,30.0,M,Aaron,Thomas,Josh,Daniel,Caleb,Brian,Mark,Ethan,Jason,Tyler,0.0,0.0,1.0,1.0,4.0,,,,,0.0,1.0,1.0,0.0,,,,,, aaron,"['a', 'a', 'e', 'backspace', 'r', 'o', 'n']","[1.6137837369460613, 1.8723646859871224, 2.7426394389476627, 3.212718043010682, 3.5188274739775807, 3.800740930950269, 4.024965883931145]",3.0,3.0,1.8017025199951604,,,46,1,2020_Feb_03_1102,FaceNameBlocked_revised,3.0.0,85.09466814538287,,1.6137837
25,Male2Block.csv,Aaron2.mp4,Aaron.JPG,Aaron,30.0,M,Aaron,Thomas,Josh,Daniel,Caleb,Brian,Mark,Ethan,Jason,Tyler,0.0,0.0,1.0,1.0,4.0,0.0,4.0,4.0,0.0,,,,,,,1.0,,,,,,,,,,,46,1,2020_Feb_03_1102,FaceNameBlocked_revised,3.0.0,85.09466814538287,,NaN
91,Male1Block.csv,Adam4.mp4,Adam.JPG,Adam,31.0,M,Jacob,Adam,Steven,Timothy,Noah,Kyle,Cody,Bradley,Dylan,Trevor,1.0,0.0,4.0,4.0,3.0,,,,,0.0,0.0,0.0,1.0,,,,space,3.14057716797106, ,None,,3.0,1.0,2.5794197079958394,,,46,1,2020_Feb_03_1102,FaceNameBlocked_revised,3.0.0,85.09466814538287,,NaN
90,Male1Block.csv,Adam4.mp4,Adam.JPG,Adam,31.0,M,Jacob,Adam,Steven,Timothy,Noah,Kyle,Cody,Bradley,Dylan,Trevor,1.0,0.0,4.0,4.0,3.0,0.0,9.0,9.0,1.0,,,,,,,0.0,,,,,,,,,,,46,1,2020_Feb_03_1102,FaceNameBlocked_revised,3.0.0,85.09466814538287,,NaN
120,Fem2Block.csv,Alyssa3.mp4,Alyssa.JPG,Alyssa,0.0,F,Amanda,Sarah,Alyssa,Kelsey,Kayla,Heather,Jenna,Jessica,Courtney,Rebecca,2.0,0.0,5.0,5.0,1.0,,,,,0.0,9.0,9.0,2.0,,,,,, ,None,,4.0,1.0,2.4595272269798443,,,46,1,2020_Feb_03_1102,FaceNameBlocked_revised,3.0.0,85.09466814538287,,NaN
105,Fem2Block.csv,Alyssa3.mp4,Alyssa.JPG,Alyssa,0.0,F,Amanda,Sarah,Alyssa,Kelsey,Kayla,Heather,Jenna,Jessica,Courtney,Rebecca,2.0,0.0,5.0,5.0,1.0,0.0,4.0,4.0,2.0,,,,,,,0.0,,,,,,,,,,,46,1,2020_Feb_03_1102,FaceNameBlocked_revised,3.0.0,85.09466814538287,,NaN
115,Fem2Block.csv,Amanda3.mp4,Amanda.JPG,Amanda,1.0,F,Amanda,Sarah,Alyssa,Kelsey,Kayla,Heather,Jenna,Jessica,Courtney,Rebecca,0.0,0.0,5.0,5.0,1.0,,,,,0.0,4.0,4.0,0.0,,,,,, ,None,,3.0,4.0,4.731198588968255,,,46,1,2020_Feb_03_1102,FaceNameBlocked_revised,3.0.0,85.09466814538287,,NaN
109,Fem2Block.csv,Amanda3.mp4,Amanda.JPG,Amanda,1.0,F,Amanda,Sarah,Alyssa,Kelsey,Kayla,Heather,Jenna,Jessica,Courtney,Rebecca,0.0,0.0,5.0,5.0,1.0,0.0,8.0,8.0,0.0,,,,,,,1.0,,,,,,,,,,,46,1,2020_Feb_03_1102,FaceNameBlocked_revised,3.0.0,85.09466814538287,,NaN
47,Male3Block.csv,Andrew2.mp4,Andrew.JPG,Andrew,32.0,M,Eric,Michael,Nathan,Jeremy,Matthew,David,Andrew,Justin,Brandon,Kevin,6.0,0.0,2.0,2.0,5.0,0.0,6.0,6.0,6.0,,,,,,,1.0,,,,,,,,,,,46,1,2020_Feb_03_1102,FaceNameBlocked_revised,3.0.0,85.09466814538287,,NaN
56,Male3Block.csv,Andrew2.mp4,Andrew.JPG,Andrew,32.0,M,Eric,Michael,Nathan,Jeremy,Matthew,David,Andrew,Justin,Brandon,Kevin,6.0,0.0,2.0,2.0,5.0,,,,,0.0,5.0,5.0,6.0,,,,,, eric,"['e', 'r', 'i', 'c']","[2.461758241057396, 2.720590137061663, 3.1916074210312217, 3.955685007967986]",3.0,3.0,6.904500503907912,,,46,1,2020_Feb_03_1102,FaceNameBlocked_revised,3.0.0,85.09466814538287,,2.4617582
78,Fem3Block.csv,Anna3.mp4,Anna.JPG,Anna,2.0,F,Ashley,Grace,Lauren,Nicole,Anna,Natalie,Katie,Shelby,Megan,Rachel,4.0,0.0,3.0,3.0,2.0,,,,,0.0,7.0,7.0,4.0,,,,,, anna,"['a', 'n', 'n', 'a']","[5.777496655005962, 6.189638716052286, 6.388982938951813, 6.56559733801987]",1.0,1.0,3.578822013922036,,,46,1,2020_Feb_03_1102,FaceNameBlocked_revised,3.0.0,85.09466814538287,,5.7774966
66,Fem3Block.csv,Anna3.mp4,Anna.JPG,Anna,2.0,F,Ashley,Grace,Lauren,Nicole,Anna,Natalie,Katie,Shelby,Megan,Rachel,4.0,0.0,3.0,3.0,2.0,0.0,5.0,5.0,4.0,,,,,,,0.0,,,,,,,,,,,46,1,2020_Feb_03_1102,FaceNameBlocked_revised,3.0.0,85.09466814538287,,NaN
71,Fem3Block.csv,Ashley3.mp4,Ashley.JPG,Ashley,3.0,F,Ashley,Grace,Lauren,Nicole,Anna,Natalie,Katie,Shelby,Megan,Rachel,0.0,0.0,3.0,3.0,2.0,,,,,0.0,0.0,0.0,0.0,,,,space,2.0391169389477, ,['f8'],[3.507416045991704],5.0,4.0,4.3198872979264715,,,46,1,2020_Feb_03_1102,FaceNameBlocked_revised,3.0.0,85.09466814538287,,3.5074160
65,Fem3Block.csv,Ashley3.mp4,Ashley.JPG,Ashley,3.0,F,Ashley,Grace,Lauren,Nicole,Anna,Natalie,Katie,Shelby,Megan,Rachel,0.0,0.0,3.0,3.0,2.0,0.0,4.0,4.0,0.0,,,,,,,1.0,,,,,,,,,,,46,1,2020_Feb_03_1102,FaceNameBlocked_revised,3.0.0,85.09466814538287,,NaN
89,Male1Block.csv,Bradley3.mp4,Bradley.JPG,Bradley,33.0,M,Jacob,Adam,Steven,Timothy,Noah,Kyle,Cody,Bradley,Dylan,Trevor,7.0,0.0,4.0,4.0,3.0,0.0,8.0,8.0,7.0,,,,,,,1.0,,,,,,,,,,,46,1,2020_Feb_03_1102,FaceNameBlocked_revised,3.0.0,85.09466814538287,,NaN
100,Male1Block.csv,Bradley3.mp4,Bradley.JPG,Bradley,33.0,M,Jacob,Adam,Steven,Timothy,Noah,Kyle,Cody,Bradley,Dylan,Trevor,7.0,0.0,4.0,4.0,3.0,,,,,0.0,9.0,9.0,7.0,,,,,, bradley,"['b', 'r', 'a', 'd', 'l', 'e', 'y', 't', 'backspace']","[2.2377516229171306, 2.590460428968072, 2.9316181549802423, 3.26086369890254, 3.97859003697522, 5.543337429990061, 6.166664469987154, 6.182813455001451, 7.129938433994539]",2.0,2.0,2.0264464810024947,,,46,1,2020_Feb_03_1102,FaceNameBlocked_revised,3.0.0,85.09466814538287,,2.2377516
53,Male3Block.csv,Brandon2.mp4,Brandon.JPG,Brandon,34.0,M,Eric,Michael,Nathan,Jeremy,Matthew,David,Andrew,Justin,Brandon,Kevin,8.0,0.0,2.0,2.0,5.0,,,,,0.0,2.0,2.0,8.0,,,,,, ,None,,1.0,1.0,5.413435360998847,,,46,1,2020_Feb_03_1102,FaceNameBlocked_revised,3.0.0,85.09466814538287,,NaN
42,Male3Block.csv,Brandon2.mp4,Brandon.JPG,Brandon,34.0,M,Eric,Michael,Nathan,Jeremy,Matthew,David,Andrew,Justin,Brandon,Kevin,8.0,0.0,2.0,2.0,5.0,0.0,1.0,1.0,8.0,,,,,,,1.0,,,,,,,,,,,46,1,2020_Feb_03_1102,FaceNameBlocked_revised,3.0.0,85.09466814538287,,NaN
31,Male2Block.csv,Brian2.mp4,Brian.JPG,Brian,35.0,M,Aaron,Thomas,Josh,Daniel,Caleb,Brian,Mark,Ethan,Jason,Tyler,5.0,0.0,1.0,1.0,4.0,,,,,0.0,0.0,0.0,5.0,,,,space,3.5660706899361685, caleb,"['c', 'a', 'l', 'e', 'b']","[8.139283242053352, 8.364668716094457, 8.576440460979939, 8.72837712103501, 9.011360557051376]",5.0,2.0,4.786933680996299,,,46,1,2020_Feb_03_1102,FaceNameBlocked_revised,3.0.0,85.09466814538287,,8.1392832
22,Male2Block.csv,Brian2.mp4,Brian.JPG,Brian,35.0,M,Aaron,Thomas,Josh,Daniel,Caleb,Brian,Mark,Ethan,Jason,Tyler,5.0,0.0,1.0,1.0,4.0,0.0,1.0,1.0,5.0,,,,,,,0.0,,,,,,,,,,,46,1,2020_Feb_03_1102,FaceNameBlocked_revised,3.0.0,85.09466814538287,,NaN
1,Fem1Block.csv,Brianna2.mp4,Brianna.JPG,Brianna,4.0,F,Olivia,Danielle,Julia,Michelle,Brittany,Taylor,Emily,Brianna,Hannah,Haley,7.0,0.0,0.0,0.0,0.0,0.0,0.0,0.0,7.0,,,,,,,1.0,,,,,,,,,,,46,1,2020_Feb_03_1102,FaceNameBlocked_revised,3.0.0,85.09466814538287,,NaN
20,Fem1Block.csv,Brianna2.mp4,Brianna.JPG,Brianna,4.0,F,Olivia,Danielle,Julia,Michelle,Brittany,Taylor,Emily,Brianna,Hannah,Haley,7.0,0.0,0.0,0.0,0.0,,,,,0.0,9.0,9.0,7.0,,,,,, ,None,,1.0,1.0,3.070564965950325,,,46,1,2020_Feb_03_1102,FaceNameBlocked_revised,3.0.0,85.09466814538287,,NaN
9,Fem1Block.csv,Brittany2.mp4,Brittany.JPG,Brittany,5.0,F,Olivia,Danielle,Julia,Michelle,Brittany,Taylor,Emily,Brianna,Hannah,Haley,4.0,0.0,0.0,0.0,0.0,0.0,8.0,8.0,4.0,,,,,,,0.0,,,,,,,,,,,46,1,2020_Feb_03_1102,FaceNameBlocked_revised,3.0.0,85.09466814538287,,NaN
17,Fem1Block.csv,Brittany2.mp4,Brittany.JPG,Brittany,5.0,F,Olivia,Danielle,Julia,Michelle,Brittany,Taylor,Emily,Brianna,Hannah,Haley,4.0,0.0,0.0,0.0,0.0,,,,,0.0,6.0,6.0,4.0,,,,,, brittany,"['b', 'r', 'i', 't', 't', 'a', 'n', 'y']","[2.49561416299548, 2.671677556936629, 2.8130809479625896, 3.2481915219686925, 3.494582535000518, 3.69523357891012, 3.882637097965926, 4.471445880946703]",3.0,3.0,3.516884200973436,,,46,1,2020_Feb_03_1102,FaceNameBlocked_revised,3.0.0,85.09466814538287,,2.4956141
21,Male2Block.csv,Caleb5.mp4,Caleb.JPG,Caleb,36.0,M,Aaron,Thomas,Josh,Daniel,Caleb,Brian,Mark,Ethan,Jason,Tyler,4.0,0.0,1.0,1.0,4.0,0.0,0.0,0.0,4.0,,,,,,,0.0,,,,,,,,,,,46,1,2020_Feb_03_1102,FaceNameBlocked_revised,3.0.0,85.09466814538287,,NaN
39,Male2Block.csv,Caleb5.mp4,Caleb.JPG,Caleb,36.0,M,Aaron,Thomas,Josh,Daniel,Caleb,Brian,Mark,Ethan,Jason,Tyler,4.0,0.0,1.0,1.0,4.0,,,,,0.0,8.0,8.0,4.0,,,,,, ,None,,1.0,2.0,8.282650901004674,,,46,1,2020_Feb_03_1102,FaceNameBlocked_revised,3.0.0,85.09466814538287,,NaN
85,Male1Block.csv,Cody2.mp4,Cody.JPG,Cody,37.0,M,Jacob,Adam,Steven,Timothy,Noah,Kyle,Cody,Bradley,Dylan,Trevor,6.0,0.0,4.0,4.0,3.0,0.0,4.0,4.0,6.0,,,,,,,1.0,,,,,,,,,,,46,1,2020_Feb_03_1102,FaceNameBlocked_revised,3.0.0,85.09466814538287,,NaN
93,Male1Block.csv,Cody2.mp4,Cody.JPG,Cody,37.0,M,Jacob,Adam,Steven,Timothy,Noah,Kyle,Cody,Bradley,Dylan,Trevor,6.0,0.0,4.0,4.0,3.0,,,,,0.0,2.0,2.0,6.0,,,,,, ,None,,1.0,1.0,5.660746817942709,,,46,1,2020_Feb_03_1102,FaceNameBlocked_revised,3.0.0,85.09466814538287,,NaN
119,Fem2Block.csv,Courtney2.mp4,Courtney.JPG,Courtney,6.0,F,Amanda,Sarah,Alyssa,Kelsey,Kayla,Heather,Jenna,Jessica,Courtney,Rebecca,8.0,0.0,5.0,5.0,1.0,,,,,0.0,8.0,8.0,8.0,,,,,, courtney,"['c', 'o', 'u', 'r', 't', 'm', 'e', 'y', 'backspace', 'backspace', 'backspace', 'n', 'e', 'y']","[2.0354704139754176, 2.8373139220057055, 3.261115418979898, 3.5665092879207805, 3.8584907529875636, 4.234764308901504, 4.542730101966299, 4.742584992898628, 6.036712071974762, 6.187068956904113, 6.366218610899523, 7.048785720951855, 7.624949382967316, 7.813067936920561]",1.0,1.0,2.0489553570514545,,,46,1,2020_Feb_03_1102,FaceNameBlocked_revised,3.0.0,85.09466814538287,,2.0354704
106,Fem2Block.csv,Courtney2.mp4,Courtney.JPG,Courtney,6.0,F,Amanda,Sarah,Alyssa,Kelsey,Kayla,Heather,Jenna,Jessica,Courtney,Rebecca,8.0,0.0,5.0,5.0,1.0,0.0,5.0,5.0,8.0,,,,,,,1.0,,,,,,,,,,,46,1,2020_Feb_03_1102,FaceNameBlocked_revised,3.0.0,85.09466814538287,,NaN
33,Male2Block.csv,Daniel3.mp4,Daniel.JPG,Daniel,38.0,M,Aaron,Thomas,Josh,Daniel,Caleb,Brian,Mark,Ethan,Jason,Tyler,3.0,0.0,1.0,1.0,4.0,,,,,0.0,2.0,2.0,3.0,,,,,, ethan,"['e', 't', 'h', 'a', 'n']","[4.775821906980127, 5.056334989960305, 5.281778041040525, 5.43438712193165, 5.6697936250129715]",1.0,3.0,7.881875336053781,,,46,1,2020_Feb_03_1102,FaceNameBlocked_revised,3.0.0,85.09466814538287,,4.7758219
30,Male2Block.csv,Daniel3.mp4,Daniel.JPG,Daniel,38.0,M,Aaron,Thomas,Josh,Daniel,Caleb,Brian,Mark,Ethan,Jason,Tyler,3.0,0.0,1.0,1.0,4.0,0.0,9.0,9.0,3.0,,,,,,,1.0,,,,,,,,,,,46,1,2020_Feb_03_1102,FaceNameBlocked_revised,3.0.0,85.09466814538287,,NaN
3,Fem1Block.csv,Danielle2.mp4,Danielle.JPG,Danielle,7.0,F,Olivia,Danielle,Julia,Michelle,Brittany,Taylor,Emily,Brianna,Hannah,Haley,1.0,0.0,0.0,0.0,0.0,0.0,2.0,2.0,1.0,,,,,,,0.0,,,,,,,,,,,46,1,2020_Feb_03_1102,FaceNameBlocked_revised,3.0.0,85.09466814538287,,NaN
14,Fem1Block.csv,Danielle2.mp4,Danielle.JPG,Danielle,7.0,F,Olivia,Danielle,Julia,Michelle,Brittany,Taylor,Emily,Brianna,Hannah,Haley,1.0,0.0,0.0,0.0,0.0,,,,,0.0,3.0,3.0,1.0,,,,,, ,"['j', 'backspace']","[4.741979055921547, 5.447371746995486]",4.0,4.0,4.3757457309402525,,,46,1,2020_Feb_03_1102,FaceNameBlocked_revised,3.0.0,85.09466814538287,,4.7419790
54,Male3Block.csv,David2.mp4,David.JPG,David,39.0,M,Eric,Michael,Nathan,Jeremy,Matthew,David,Andrew,Justin,Brandon,Kevin,5.0,0.0,2.0,2.0,5.0,,,,,0.0,3.0,3.0,5.0,,,,,, mich,"['m', 'i', 'c', 'h']","[8.977557339007035, 9.271509590093046, 9.670398808084428, 9.918444192036986]",4.0,1.0,4.646675259922631,,,46,1,2020_Feb_03_1102,FaceNameBlocked_revised,3.0.0,85.09466814538287,,8.9775573
41,Male3Block.csv,David2.mp4,David.JPG,David,39.0,M,Eric,Michael,Nathan,Jeremy,Matthew,David,Andrew,Justin,Brandon,Kevin,5.0,0.0,2.0,2.0,5.0,0.0,0.0,0.0,5.0,,,,,,,0.0,,,,,,,,,,,46,1,2020_Feb_03_1102,FaceNameBlocked_revised,3.0.0,85.09466814538287,,NaN
95,Male1Block.csv,Dylan3.mp4,Dylan.JPG,Dylan,40.0,M,Jacob,Adam,Steven,Timothy,Noah,Kyle,Cody,Bradley,Dylan,Trevor,8.0,0.0,4.0,4.0,3.0,,,,,0.0,4.0,4.0,8.0,,,,,, bry,"['b', 'r', 'u', 'backspace', 'y']","[6.896399125922471, 7.399204337969422, 8.095718921977095, 8.883454003953375, 9.519073878997006]",4.0,4.0,3.0138232760364185,,,46,1,2020_Feb_03_1102,FaceNameBlocked_revised,3.0.0,85.09466814538287,,6.8963991
82,Male1Block.csv,Dylan3.mp4,Dylan.JPG,Dylan,40.0,M,Jacob,Adam,Steven,Timothy,Noah,Kyle,Cody,Bradley,Dylan,Trevor,8.0,0.0,4.0,4.0,3.0,0.0,1.0,1.0,8.0,,,,,,,1.0,,,,,,,,,,,46,1,2020_Feb_03_1102,FaceNameBlocked_revised,3.0.0,85.09466814538287,,NaN
19,Fem1Block.csv,Emily5.mp4,Emily.JPG,Emily,8.0,F,Olivia,Danielle,Julia,Michelle,Brittany,Taylor,Emily,Brianna,Hannah,Haley,6.0,0.0,0.0,0.0,0.0,,,,,0.0,8.0,8.0,6.0,,,,,, hannah,"['h', 'a', 'n', 'n', 'a', 'h']","[1.6256251980084926, 1.8484215789940208, 2.0484114040154964, 2.236482020933181, 2.3306028629885986, 2.508067798917182]",3.0,1.0,3.3658643739763647,,,46,1,2020_Feb_03_1102,FaceNameBlocked_revised,3.0.0,85.09466814538287,,1.6256251
6,Fem1Block.csv,Emily5.mp4,Emily.JPG,Emily,8.0,F,Olivia,Danielle,Julia,Michelle,Brittany,Taylor,Emily,Brianna,Hannah,Haley,6.0,0.0,0.0,0.0,0.0,0.0,5.0,5.0,6.0,,,,,,,1.0,,,,,,,,,,,46,1,2020_Feb_03_1102,FaceNameBlocked_revised,3.0.0,85.09466814538287,,NaN
59,Male3Block.csv,Eric2.mp4,Eric.JPG,Eric,41.0,M,Eric,Michael,Nathan,Jeremy,Matthew,David,Andrew,Justin,Brandon,Kevin,0.0,0.0,2.0,2.0,5.0,,,,,0.0,8.0,8.0,0.0,,,,,, ,None,,5.0,5.0,3.587051725946367,,,46,1,2020_Feb_03_1102,FaceNameBlocked_revised,3.0.0,85.09466814538287,,NaN
44,Male3Block.csv,Eric2.mp4,Eric.JPG,Eric,41.0,M,Eric,Michael,Nathan,Jeremy,Matthew,David,Andrew,Justin,Brandon,Kevin,0.0,0.0,2.0,2.0,5.0,0.0,3.0,3.0,0.0,,,,,,,1.0,,,,,,,,,,,46,1,2020_Feb_03_1102,FaceNameBlocked_revised,3.0.0,85.09466814538287,,NaN
35,Male2Block.csv,Ethan2.mp4,Ethan.JPG,Ethan,42.0,M,Aaron,Thomas,Josh,Daniel,Caleb,Brian,Mark,Ethan,Jason,Tyler,7.0,0.0,1.0,1.0,4.0,,,,,0.0,4.0,4.0,7.0,,,,,, ethan ,"['e', 't', 'h', 'a', 'n', 'space']","[5.50595840101596, 5.85869913501665, 6.081970924977213, 6.329358653980307, 6.552687425981276, 9.151705370983109]",4.0,2.0,4.46910020604264,,,46,1,2020_Feb_03_1102,FaceNameBlocked_revised,3.0.0,85.09466814538287,,5.5059584
26,Male2Block.csv,Ethan2.mp4,Ethan.JPG,Ethan,42.0,M,Aaron,Thomas,Josh,Daniel,Caleb,Brian,Mark,Ethan,Jason,Tyler,7.0,0.0,1.0,1.0,4.0,0.0,5.0,5.0,7.0,,,,,,,1.0,,,,,,,,,,,46,1,2020_Feb_03_1102,FaceNameBlocked_revised,3.0.0,85.09466814538287,,NaN
73,Fem3Block.csv,Grace3.mp4,Grace.JPG,Grace,9.0,F,Ashley,Grace,Lauren,Nicole,Anna,Natalie,Katie,Shelby,Megan,Rachel,1.0,0.0,3.0,3.0,2.0,,,,,0.0,2.0,2.0,1.0,,,,,, grace,"['g', 'r', 'a', 'c', 'x', 'backspace', 'e']","[1.4031515879323706, 1.5794049769174308, 1.7795871329726651, 2.0824657559860498, 2.1012533759931102, 3.2018573669483885, 3.9078166409162804]",1.0,1.0,1.1680894570890814,,,46,1,2020_Feb_03_1102,FaceNameBlocked_revised,3.0.0,85.09466814538287,,1.4031515
64,Fem3Block.csv,Grace3.mp4,Grace.JPG,Grace,9.0,F,Ashley,Grace,Lauren,Nicole,Anna,Natalie,Katie,Shelby,Megan,Rachel,1.0,0.0,3.0,3.0,2.0,0.0,3.0,3.0,1.0,,,,,,,0.0,,,,,,,,,,,46,1,2020_Feb_03_1102,FaceNameBlocked_revised,3.0.0,85.09466814538287,,NaN
7,Fem1Block.csv,Haley2.mp4,Haley.JPG,Haley,10.0,F,Olivia,Danielle,Julia,Michelle,Brittany,Taylor,Emily,Brianna,Hannah,Haley,9.0,0.0,0.0,0.0,0.0,0.0,6.0,6.0,9.0,,,,,,,0.0,,,,,,,,,,,46,1,2020_Feb_03_1102,FaceNameBlocked_revised,3.0.0,85.09466814538287,,NaN
16,Fem1Block.csv,Haley2.mp4,Haley.JPG,Haley,10.0,F,Olivia,Danielle,Julia,Michelle,Brittany,Taylor,Emily,Brianna,Hannah,Haley,9.0,0.0,0.0,0.0,0.0,,,,,0.0,5.0,5.0,9.0,,,,,, hailey,"['h', 'a', 'i', 'l', 'e', 'y']","[2.8714207839220762, 3.1776397669455037, 3.647526238928549, 4.012546757003292, 4.423550667939708, 5.059489315957762]",3.0,3.0,2.8473813020391385,,,46,1,2020_Feb_03_1102,FaceNameBlocked_revised,3.0.0,85.09466814538287,,2.8714207
2,Fem1Block.csv,Hannah2.mp4,Hannah.JPG,Hannah,11.0,F,Olivia,Danielle,Julia,Michelle,Brittany,Taylor,Emily,Brianna,Hannah,Haley,8.0,0.0,0.0,0.0,0.0,0.0,1.0,1.0,8.0,,,,,,,1.0,,,,,,,,,,,46,1,2020_Feb_03_1102,FaceNameBlocked_revised,3.0.0,85.09466814538287,,NaN
12,Fem1Block.csv,Hannah2.mp4,Hannah.JPG,Hannah,11.0,F,Olivia,Danielle,Julia,Michelle,Brittany,Taylor,Emily,Brianna,Hannah,Haley,8.0,0.0,0.0,0.0,0.0,,,,,0.0,1.0,1.0,8.0,,,,,, brittany,"['b', 'r', 'i', 't', 't', 'a', 'n', 'y', 'return']","[2.330969235044904, 2.600997129105963, 3.378258480108343, 3.5070106270723045, 3.728879354079254, 3.965945057105273, 4.1422469899989665, 4.352152783074416, 9.48194734507706]",1.0,1.0,4.869808166986331,,,46,1,2020_Feb_03_1102,FaceNameBlocked_revised,3.0.0,85.09466814538287,,2.3309692
113,Fem2Block.csv,Heather3.mp4,Heather.JPG,Heather,12.0,F,Amanda,Sarah,Alyssa,Kelsey,Kayla,Heather,Jenna,Jessica,Courtney,Rebecca,5.0,0.0,5.0,5.0,1.0,,,,,0.0,2.0,2.0,5.0,,,,,, heather,"['h', 'e', 'a', 't', 'h', 'e', 'r']","[1.5676896258955821, 1.9206091789528728, 2.1557473049033433, 2.3910384479677305, 2.6966514779487625, 2.9786197539651766, 3.2966246359283105]",3.0,3.0,2.070839628111571,,,46,1,2020_Feb_03_1102,FaceNameBlocked_revised,3.0.0,85.09466814538287,,1.5676896
108,Fem2Block.csv,Heather3.mp4,Heather.JPG,Heather,12.0,F,Amanda,Sarah,Alyssa,Kelsey,Kayla,Heather,Jenna,Jessica,Courtney,Rebecca,5.0,0.0,5.0,5.0,1.0,0.0,7.0,7.0,5.0,,,,,,,0.0,,,,,,,,,,,46,1,2020_Feb_03_1102,FaceNameBlocked_revised,3.0.0,85.09466814538287,,NaN
88,Male1Block.csv,Jacob3.mp4,Jacob.JPG,Jacob,43.0,M,Jacob,Adam,Steven,Timothy,Noah,Kyle,Cody,Bradley,Dylan,Trevor,0.0,0.0,4.0,4.0,3.0,0.0,7.0,7.0,0.0,,,,,,,1.0,,,,,,,,,,,46,1,2020_Feb_03_1102,FaceNameBlocked_revised,3.0.0,85.09466814538287,,NaN
98,Male1Block.csv,Jacob3.mp4,Jacob.JPG,Jacob,43.0,M,Jacob,Adam,Steven,Timothy,Noah,Kyle,Cody,Bradley,Dylan,Trevor,0.0,0.0,4.0,4.0,3.0,,,,,0.0,7.0,7.0,0.0,,,,,, ,None,,1.0,1.0,3.7553923689993103,,,46,1,2020_Feb_03_1102,FaceNameBlocked_revised,3.0.0,85.09466814538287,,NaN
24,Male2Block.csv,Jason4.mp4,Jason.JPG,Jason,44.0,M,Aaron,Thomas,Josh,Daniel,Caleb,Brian,Mark,Ethan,Jason,Tyler,8.0,0.0,1.0,1.0,4.0,0.0,3.0,3.0,8.0,,,,,,,1.0,,,,,,,,,,,46,1,2020_Feb_03_1102,FaceNameBlocked_revised,3.0.0,85.09466814538287,,NaN
36,Male2Block.csv,Jason4.mp4,Jason.JPG,Jason,44.0,M,Aaron,Thomas,Josh,Daniel,Caleb,Brian,Mark,Ethan,Jason,Tyler,8.0,0.0,1.0,1.0,4.0,,,,,0.0,5.0,5.0,8.0,,,,,, thomas,"['t', 'h', 'o', 'm', 'a', 's']","[5.353905995027162, 5.5192242480115965, 5.695701890042983, 6.0246165950084105, 6.153652807930484, 6.352080155978911]",1.0,3.0,6.223443788010628,,,46,1,2020_Feb_03_1102,FaceNameBlocked_revised,3.0.0,85.09466814538287,,5.3539059
111,Fem2Block.csv,Jenna4.mp4,Jenna.JPG,Jenna,13.0,F,Amanda,Sarah,Alyssa,Kelsey,Kayla,Heather,Jenna,Jessica,Courtney,Rebecca,6.0,0.0,5.0,5.0,1.0,,,,,0.0,0.0,0.0,6.0,,,,space,2.216080558020621, ,None,,1.0,2.0,4.260820328025146,,,46,1,2020_Feb_03_1102,FaceNameBlocked_revised,3.0.0,85.09466814538287,,NaN
110,Fem2Block.csv,Jenna4.mp4,Jenna.JPG,Jenna,13.0,F,Amanda,Sarah,Alyssa,Kelsey,Kayla,Heather,Jenna,Jessica,Courtney,Rebecca,6.0,0.0,5.0,5.0,1.0,0.0,9.0,9.0,6.0,,,,,,,1.0,,,,,,,,,,,46,1,2020_Feb_03_1102,FaceNameBlocked_revised,3.0.0,85.09466814538287,,NaN
51,Male3Block.csv,Jeremy2.mp4,Jeremy.JPG,Jeremy,45.0,M,Eric,Michael,Nathan,Jeremy,Matthew,David,Andrew,Justin,Brandon,Kevin,3.0,0.0,2.0,2.0,5.0,,,,,0.0,0.0,0.0,3.0,,,,space,33.18365833791904, ,None,,1.0,1.0,1.8001014289911836,,,46,1,2020_Feb_03_1102,FaceNameBlocked_revised,3.0.0,85.09466814538287,,NaN
49,Male3Block.csv,Jeremy2.mp4,Jeremy.JPG,Jeremy,45.0,M,Eric,Michael,Nathan,Jeremy,Matthew,David,Andrew,Justin,Brandon,Kevin,3.0,0.0,2.0,2.0,5.0,0.0,8.0,8.0,3.0,,,,,,,1.0,,,,,,,,,,,46,1,2020_Feb_03_1102,FaceNameBlocked_revised,3.0.0,85.09466814538287,,NaN
117,Fem2Block.csv,Jessica2.mp4,Jessica.JPG,Jessica,14.0,F,Amanda,Sarah,Alyssa,Kelsey,Kayla,Heather,Jenna,Jessica,Courtney,Rebecca,7.0,0.0,5.0,5.0,1.0,,,,,0.0,6.0,6.0,7.0,,,,,, jenna,"['j', 'e', 'n', 'n', 'a']","[3.7420427430188283, 3.9652127190493047, 4.705482871038839, 5.047418163041584, 5.717736221035011]",3.0,5.0,2.7322472629603,,,46,1,2020_Feb_03_1102,FaceNameBlocked_revised,3.0.0,85.09466814538287,,3.7420427
104,Fem2Block.csv,Jessica2.mp4,Jessica.JPG,Jessica,14.0,F,Amanda,Sarah,Alyssa,Kelsey,Kayla,Heather,Jenna,Jessica,Courtney,Rebecca,7.0,0.0,5.0,5.0,1.0,0.0,3.0,3.0,7.0,,,,,,,1.0,,,,,,,,,,,46,1,2020_Feb_03_1102,FaceNameBlocked_revised,3.0.0,85.09466814538287,,NaN
28,Male2Block.csv,Josh3.mp4,Josh.JPG,Josh,46.0,M,Aaron,Thomas,Josh,Daniel,Caleb,Brian,Mark,Ethan,Jason,Tyler,2.0,0.0,1.0,1.0,4.0,0.0,7.0,7.0,2.0,,,,,,,0.0,,,,,,,,,,,46,1,2020_Feb_03_1102,FaceNameBlocked_revised,3.0.0,85.09466814538287,,NaN
34,Male2Block.csv,Josh3.mp4,Josh.JPG,Josh,46.0,M,Aaron,Thomas,Josh,Daniel,Caleb,Brian,Mark,Ethan,Jason,Tyler,2.0,0.0,1.0,1.0,4.0,,,,,0.0,3.0,3.0,2.0,,,,,, josh,"['j', 'o', 's', 'h']","[2.3081939360126853, 2.4841728979954496, 2.672005567001179, 2.9312071300810203]",4.0,4.0,2.7201318669831385,,,46,1,2020_Feb_03_1102,FaceNameBlocked_revised,3.0.0,85.09466814538287,,2.3081939
10,Fem1Block.csv,Julia2.mp4,Julia.JPG,Julia,15.0,F,Olivia,Danielle,Julia,Michelle,Brittany,Taylor,Emily,Brianna,Hannah,Haley,2.0,0.0,0.0,0.0,0.0,0.0,9.0,9.0,2.0,,,,,,,0.0,,,,,,,,,,,46,1,2020_Feb_03_1102,FaceNameBlocked_revised,3.0.0,85.09466814538287,,NaN
18,Fem1Block.csv,Julia2.mp4,Julia.JPG,Julia,15.0,F,Olivia,Danielle,Julia,Michelle,Brittany,Taylor,Emily,Brianna,Hannah,Haley,2.0,0.0,0.0,0.0,0.0,,,,,0.0,7.0,7.0,2.0,,,,,, olivia,"['o', 'l', 'i', 'i', 'backspace', 'i', 'a', 'backspace', 'backspace', 'v', 'i', 'a']","[2.270366057055071, 2.576776186004281, 2.8119974770816043, 3.1529723370913416, 3.7051896870834753, 4.317526012076996, 4.564359821029939, 4.975174023071304, 5.18719221802894, 5.504912736010738, 6.093397460062988, 6.3285587570862845]",1.0,3.0,4.0604393100366005,,,46,1,2020_Feb_03_1102,FaceNameBlocked_revised,3.0.0,85.09466814538287,,2.2703660
60,Male3Block.csv,Justin2.mp4,Justin.JPG,Justin,47.0,M,Eric,Michael,Nathan,Jeremy,Matthew,David,Andrew,Justin,Brandon,Kevin,7.0,0.0,2.0,2.0,5.0,,,,,0.0,9.0,9.0,7.0,,,,,, justin,"['j', 'u', 's', 't', 'i', 'n']","[7.143182747066021, 7.366325848037377, 7.683503994019702, 7.942884769989178, 8.695564717054367, 9.00096958107315]",4.0,4.0,1.543650415027514,,,46,1,2020_Feb_03_1102,FaceNameBlocked_revised,3.0.0,85.09466814538287,,7.1431827
50,Male3Block.csv,Justin2.mp4,Justin.JPG,Justin,47.0,M,Eric,Michael,Nathan,Jeremy,Matthew,David,Andrew,Justin,Brandon,Kevin,7.0,0.0,2.0,2.0,5.0,0.0,9.0,9.0,7.0,,,,,,,1.0,,,,,,,,,,,46,1,2020_Feb_03_1102,FaceNameBlocked_revised,3.0.0,85.09466814538287,,NaN
79,Fem3Block.csv,Katie2.mp4,Katie.JPG,Katie,16.0,F,Ashley,Grace,Lauren,Nicole,Anna,Natalie,Katie,Shelby,Megan,Rachel,6.0,0.0,3.0,3.0,2.0,,,,,0.0,8.0,8.0,6.0,,,,,, katie,"['k', 'a', 't', 'i', 'e']","[2.508380000013858, 3.0494281569262967, 3.4253064759541303, 3.7784848969895393, 4.128387989010662]",2.0,2.0,1.7413307380629703,,,46,1,2020_Feb_03_1102,FaceNameBlocked_revised,3.0.0,85.09466814538287,,2.5083800
69,Fem3Block.csv,Katie2.mp4,Katie.JPG,Katie,16.0,F,Ashley,Grace,Lauren,Nicole,Anna,Natalie,Katie,Shelby,Megan,Rachel,6.0,0.0,3.0,3.0,2.0,0.0,8.0,8.0,6.0,,,,,,,1.0,,,,,,,,,,,46,1,2020_Feb_03_1102,FaceNameBlocked_revised,3.0.0,85.09466814538287,,NaN
112,Fem2Block.csv,Kayla3.mp4,Kayla.JPG,Kayla,17.0,F,Amanda,Sarah,Alyssa,Kelsey,Kayla,Heather,Jenna,Jessica,Courtney,Rebecca,4.0,0.0,5.0,5.0,1.0,,,,,0.0,1.0,1.0,4.0,,,,,, ,None,,2.0,4.0,4.36708211095538,,,46,1,2020_Feb_03_1102,FaceNameBlocked_revised,3.0.0,85.09466814538287,,NaN
101,Fem2Block.csv,Kayla3.mp4,Kayla.JPG,Kayla,17.0,F,Amanda,Sarah,Alyssa,Kelsey,Kayla,Heather,Jenna,Jessica,Courtney,Rebecca,4.0,0.0,5.0,5.0,1.0,0.0,0.0,0.0,4.0,,,,,,,0.0,,,,,,,,,,,46,1,2020_Feb_03_1102,FaceNameBlocked_revised,3.0.0,85.09466814538287,,NaN
103,Fem2Block.csv,Kelsey2.mp4,Kelsey.JPG,Kelsey,18.0,F,Amanda,Sarah,Alyssa,Kelsey,Kayla,Heather,Jenna,Jessica,Courtney,Rebecca,3.0,0.0,5.0,5.0,1.0,0.0,2.0,2.0,3.0,,,,,,,1.0,,,,,,,,,,,46,1,2020_Feb_03_1102,FaceNameBlocked_revised,3.0.0,85.09466814538287,,NaN
118,Fem2Block.csv,Kelsey2.mp4,Kelsey.JPG,Kelsey,18.0,F,Amanda,Sarah,Alyssa,Kelsey,Kayla,Heather,Jenna,Jessica,Courtney,Rebecca,3.0,0.0,5.0,5.0,1.0,,,,,0.0,7.0,7.0,3.0,,,,,, ,None,,2.0,2.0,3.1316307899542157,,,46,1,2020_Feb_03_1102,FaceNameBlocked_revised,3.0.0,85.09466814538287,,NaN
57,Male3Block.csv,Kevin2.mp4,Kevin.JPG,Kevin,48.0,M,Eric,Michael,Nathan,Jeremy,Matthew,David,Andrew,Justin,Brandon,Kevin,9.0,0.0,2.0,2.0,5.0,,,,,0.0,6.0,6.0,9.0,,,,,, ,None,,2.0,5.0,4.777565311058424,,,46,1,2020_Feb_03_1102,FaceNameBlocked_revised,3.0.0,85.09466814538287,,NaN
46,Male3Block.csv,Kevin2.mp4,Kevin.JPG,Kevin,48.0,M,Eric,Michael,Nathan,Jeremy,Matthew,David,Andrew,Justin,Brandon,Kevin,9.0,0.0,2.0,2.0,5.0,0.0,5.0,5.0,9.0,,,,,,,0.0,,,,,,,,,,,46,1,2020_Feb_03_1102,FaceNameBlocked_revised,3.0.0,85.09466814538287,,NaN
99,Male1Block.csv,Kyle3.mp4,Kyle.JPG,Kyle,49.0,M,Jacob,Adam,Steven,Timothy,Noah,Kyle,Cody,Bradley,Dylan,Trevor,5.0,0.0,4.0,4.0,3.0,,,,,0.0,8.0,8.0,5.0,,,,,, kyle,"['k', 'y', 'semicolon', 'e', 'backspace', 'l', 'e']","[4.78974976495374, 5.165737967006862, 5.624345768010244, 6.741877291002311, 7.964660265948623, 8.811747533967718, 9.800367188057862]",3.0,3.0,3.5057452269829814,,,46,1,2020_Feb_03_1102,FaceNameBlocked_revised,3.0.0,85.09466814538287,,4.7897497
84,Male1Block.csv,Kyle3.mp4,Kyle.JPG,Kyle,49.0,M,Jacob,Adam,Steven,Timothy,Noah,Kyle,Cody,Bradley,Dylan,Trevor,5.0,0.0,4.0,4.0,3.0,0.0,3.0,3.0,5.0,,,,,,,0.0,,,,,,,,,,,46,1,2020_Feb_03_1102,FaceNameBlocked_revised,3.0.0,85.09466814538287,,NaN
80,Fem3Block.csv,Lauren4.mp4,Lauren.JPG,Lauren,19.0,F,Ashley,Grace,Lauren,Nicole,Anna,Natalie,Katie,Shelby,Megan,Rachel,2.0,0.0,3.0,3.0,2.0,,,,,0.0,9.0,9.0,2.0,,,,,, megan,"['m', 'e', 'g', 'a', 'n']","[2.5086307630408555, 3.2382610839558765, 3.6137659810483456, 3.8496317169629037, 4.225515373982489]",5.0,5.0,3.7443726009223615,,,46,1,2020_Feb_03_1102,FaceNameBlocked_revised,3.0.0,85.09466814538287,,2.5086307
61,Fem3Block.csv,Lauren4.mp4,Lauren.JPG,Lauren,19.0,F,Ashley,Grace,Lauren,Nicole,Anna,Natalie,Katie,Shelby,Megan,Rachel,2.0,0.0,3.0,3.0,2.0,0.0,0.0,0.0,2.0,,,,,,,0.0,,,,,,,,,,,46,1,2020_Feb_03_1102,FaceNameBlocked_revised,3.0.0,85.09466814538287,,NaN
37,Male2Block.csv,Mark3.mp4,Mark.JPG,Mark,50.0,M,Aaron,Thomas,Josh,Daniel,Caleb,Brian,Mark,Ethan,Jason,Tyler,6.0,0.0,1.0,1.0,4.0,,,,,0.0,6.0,6.0,6.0,,,,,, tyler,"['t', 'y', 'l', 'e', 'r']","[8.235571013996378, 8.447639580932446, 9.28176323196385, 9.388527584960684, 9.469799669925123]",4.0,4.0,5.823679176042787,,,46,1,2020_Feb_03_1102,FaceNameBlocked_revised,3.0.0,85.09466814538287,,8.2355710
29,Male2Block.csv,Mark3.mp4,Mark.JPG,Mark,50.0,M,Aaron,Thomas,Josh,Daniel,Caleb,Brian,Mark,Ethan,Jason,Tyler,6.0,0.0,1.0,1.0,4.0,0.0,8.0,8.0,6.0,,,,,,,1.0,,,,,,,,,,,46,1,2020_Feb_03_1102,FaceNameBlocked_revised,3.0.0,85.09466814538287,,NaN
52,Male3Block.csv,Matthew2.mp4,Matthew.JPG,Matthew,51.0,M,Eric,Michael,Nathan,Jeremy,Matthew,David,Andrew,Justin,Brandon,Kevin,4.0,0.0,2.0,2.0,5.0,,,,,0.0,1.0,1.0,4.0,,,,,, matthew,"['m', 'a', 't', 't', 'h', 'e', 'w']","[2.803258063038811, 3.344076952082105, 3.7907652370631695, 4.061216708039865, 4.308119675028138, 4.908434106037021, 5.210807782015763]",3.0,3.0,3.76697013201192,,,46,1,2020_Feb_03_1102,FaceNameBlocked_revised,3.0.0,85.09466814538287,,2.8032580
48,Male3Block.csv,Matthew2.mp4,Matthew.JPG,Matthew,51.0,M,Eric,Michael,Nathan,Jeremy,Matthew,David,Andrew,Justin,Brandon,Kevin,4.0,0.0,2.0,2.0,5.0,0.0,7.0,7.0,4.0,,,,,,,0.0,,,,,,,,,,,46,1,2020_Feb_03_1102,FaceNameBlocked_revised,3.0.0,85.09466814538287,,NaN
67,Fem3Block.csv,Megan2.mp4,Megan.JPG,Megan,20.0,F,Ashley,Grace,Lauren,Nicole,Anna,Natalie,Katie,Shelby,Megan,Rachel,8.0,0.0,3.0,3.0,2.0,0.0,6.0,6.0,8.0,,,,,,,1.0,,,,,,,,,,,46,1,2020_Feb_03_1102,FaceNameBlocked_revised,3.0.0,85.09466814538287,,NaN
77,Fem3Block.csv,Megan2.mp4,Megan.JPG,Megan,20.0,F,Ashley,Grace,Lauren,Nicole,Anna,Natalie,Katie,Shelby,Megan,Rachel,8.0,0.0,3.0,3.0,2.0,,,,,0.0,6.0,6.0,8.0,,,,,, ,None,,1.0,2.0,3.4725168839795515,,,46,1,2020_Feb_03_1102,FaceNameBlocked_revised,3.0.0,85.09466814538287,,NaN
45,Male3Block.csv,Michael2.mp4,Michael.JPG,Michael,52.0,M,Eric,Michael,Nathan,Jeremy,Matthew,David,Andrew,Justin,Brandon,Kevin,1.0,0.0,2.0,2.0,5.0,0.0,4.0,4.0,1.0,,,,,,,0.0,,,,,,,,,,,46,1,2020_Feb_03_1102,FaceNameBlocked_revised,3.0.0,85.09466814538287,,NaN
58,Male3Block.csv,Michael2.mp4,Michael.JPG,Michael,52.0,M,Eric,Michael,Nathan,Jeremy,Matthew,David,Andrew,Justin,Brandon,Kevin,1.0,0.0,2.0,2.0,5.0,,,,,0.0,7.0,7.0,1.0,,,,,, ,None,,1.0,1.0,3.2850828579394147,,,46,1,2020_Feb_03_1102,FaceNameBlocked_revised,3.0.0,85.09466814538287,,NaN
13,Fem1Block.csv,Michelle2.mp4,Michelle.JPG,Michelle,21.0,F,Olivia,Danielle,Julia,Michelle,Brittany,Taylor,Emily,Brianna,Hannah,Haley,3.0,0.0,0.0,0.0,0.0,,,,,0.0,2.0,2.0,3.0,,,,,, julia ,"['j', 'u', 'l', 'i', 'a', 'return', 'space']","[3.1888742049923167, 3.541453773039393, 3.7651350889354944, 3.8947039819322526, 4.105733821983449, 4.447023379965685, 5.741153193986975]",5.0,1.0,5.400908624054863,,,46,1,2020_Feb_03_1102,FaceNameBlocked_revised,3.0.0,85.09466814538287,,3.1888742
5,Fem1Block.csv,Michelle2.mp4,Michelle.JPG,Michelle,21.0,F,Olivia,Danielle,Julia,Michelle,Brittany,Taylor,Emily,Brianna,Hannah,Haley,3.0,0.0,0.0,0.0,0.0,0.0,4.0,4.0,3.0,,,,,,,1.0,,,,,,,,,,,46,1,2020_Feb_03_1102,FaceNameBlocked_revised,3.0.0,85.09466814538287,,NaN
62,Fem3Block.csv,Natalie3.mp4,Natalie.JPG,Natalie,22.0,F,Ashley,Grace,Lauren,Nicole,Anna,Natalie,Katie,Shelby,Megan,Rachel,5.0,0.0,3.0,3.0,2.0,0.0,1.0,1.0,5.0,,,,,,,0.0,,,,,,,,,,,46,1,2020_Feb_03_1102,FaceNameBlocked_revised,3.0.0,85.09466814538287,,NaN
74,Fem3Block.csv,Natalie3.mp4,Natalie.JPG,Natalie,22.0,F,Ashley,Grace,Lauren,Nicole,Anna,Natalie,Katie,Shelby,Megan,Rachel,5.0,0.0,3.0,3.0,2.0,,,,,0.0,3.0,3.0,5.0,,,,,, ,None,,2.0,4.0,6.010864409036003,,,46,1,2020_Feb_03_1102,FaceNameBlocked_revised,3.0.0,85.09466814538287,,NaN
55,Male3Block.csv,Nathan3.mp4,Nathan.JPG,Nathan,53.0,M,Eric,Michael,Nathan,Jeremy,Matthew,David,Andrew,Justin,Brandon,Kevin,2.0,0.0,2.0,2.0,5.0,,,,,0.0,4.0,4.0,2.0,,,,,, nathan,"['n', 'a', 't', 'h', 'a', 'n']","[1.684159383061342, 2.037225518026389, 2.42537335306406, 2.684343887027353, 2.989633003016934, 3.8476736310403794]",5.0,5.0,2.6466730360407382,,,46,1,2020_Feb_03_1102,FaceNameBlocked_revised,3.0.0,85.09466814538287,,1.6841593
43,Male3Block.csv,Nathan3.mp4,Nathan.JPG,Nathan,53.0,M,Eric,Michael,Nathan,Jeremy,Matthew,David,Andrew,Justin,Brandon,Kevin,2.0,0.0,2.0,2.0,5.0,0.0,2.0,2.0,2.0,,,,,,,0.0,,,,,,,,,,,46,1,2020_Feb_03_1102,FaceNameBlocked_revised,3.0.0,85.09466814538287,,NaN
68,Fem3Block.csv,Nicole2.mp4,Nicole.JPG,Nicole,23.0,F,Ashley,Grace,Lauren,Nicole,Anna,Natalie,Katie,Shelby,Megan,Rachel,3.0,0.0,3.0,3.0,2.0,0.0,7.0,7.0,3.0,,,,,,,1.0,,,,,,,,,,,46,1,2020_Feb_03_1102,FaceNameBlocked_revised,3.0.0,85.09466814538287,,NaN
72,Fem3Block.csv,Nicole2.mp4,Nicole.JPG,Nicole,23.0,F,Ashley,Grace,Lauren,Nicole,Anna,Natalie,Katie,Shelby,Megan,Rachel,3.0,0.0,3.0,3.0,2.0,,,,,0.0,1.0,1.0,3.0,,,,,, ,None,,3.0,3.0,2.4471686499891803,,,46,1,2020_Feb_03_1102,FaceNameBlocked_revised,3.0.0,85.09466814538287,,NaN
86,Male1Block.csv,Noah2.mp4,Noah.JPG,Noah,54.0,M,Jacob,Adam,Steven,Timothy,Noah,Kyle,Cody,Bradley,Dylan,Trevor,4.0,0.0,4.0,4.0,3.0,0.0,5.0,5.0,4.0,,,,,,,0.0,,,,,,,,,,,46,1,2020_Feb_03_1102,FaceNameBlocked_revised,3.0.0,85.09466814538287,,NaN
92,Male1Block.csv,Noah2.mp4,Noah.JPG,Noah,54.0,M,Jacob,Adam,Steven,Timothy,Noah,Kyle,Cody,Bradley,Dylan,Trevor,4.0,0.0,4.0,4.0,3.0,,,,,0.0,1.0,1.0,4.0,,,,,, trvo,"['t', 'r', 'v', 'o', 'r', 'backspace']","[5.660942760994658, 5.943025658023544, 7.2714500250294805, 7.507304533966817, 8.024895561044104, 9.11793073604349]",5.0,5.0,7.659960538963787,,,46,1,2020_Feb_03_1102,FaceNameBlocked_revised,3.0.0,85.09466814538287,,5.6609427
15,Fem1Block.csv,Olivia3.mp4,Olivia.JPG,Olivia,24.0,F,Olivia,Danielle,Julia,Michelle,Brittany,Taylor,Emily,Brianna,Hannah,Haley,0.0,0.0,0.0,0.0,0.0,,,,,0.0,4.0,4.0,0.0,,,,,, ,None,,1.0,4.0,4.283097013947554,,,46,1,2020_Feb_03_1102,FaceNameBlocked_revised,3.0.0,85.09466814538287,,NaN
8,Fem1Block.csv,Olivia3.mp4,Olivia.JPG,Olivia,24.0,F,Olivia,Danielle,Julia,Michelle,Brittany,Taylor,Emily,Brianna,Hannah,Haley,0.0,0.0,0.0,0.0,0.0,0.0,7.0,7.0,0.0,,,,,,,1.0,,,,,,,,,,,46,1,2020_Feb_03_1102,FaceNameBlocked_revised,3.0.0,85.09466814538287,,NaN
76,Fem3Block.csv,Rachel3.mp4,Rachel.JPG,Rachel,25.0,F,Ashley,Grace,Lauren,Nicole,Anna,Natalie,Katie,Shelby,Megan,Rachel,9.0,0.0,3.0,3.0,2.0,,,,,0.0,5.0,5.0,9.0,,,,,, ,None,,1.0,1.0,1.955449971021153,,,46,1,2020_Feb_03_1102,FaceNameBlocked_revised,3.0.0,85.09466814538287,,NaN
70,Fem3Block.csv,Rachel3.mp4,Rachel.JPG,Rachel,25.0,F,Ashley,Grace,Lauren,Nicole,Anna,Natalie,Katie,Shelby,Megan,Rachel,9.0,0.0,3.0,3.0,2.0,0.0,9.0,9.0,9.0,,,,,,,0.0,,,,,,,,,,,46,1,2020_Feb_03_1102,FaceNameBlocked_revised,3.0.0,85.09466814538287,,NaN
114,Fem2Block.csv,Rebecca3.mp4,Rebecca.JPG,Rebecca,26.0,F,Amanda,Sarah,Alyssa,Kelsey,Kayla,Heather,Jenna,Jessica,Courtney,Rebecca,9.0,0.0,5.0,5.0,1.0,,,,,0.0,3.0,3.0,9.0,,,,,, ,None,,3.0,4.0,2.838372502010316,,,46,1,2020_Feb_03_1102,FaceNameBlocked_revised,3.0.0,85.09466814538287,,NaN
102,Fem2Block.csv,Rebecca3.mp4,Rebecca.JPG,Rebecca,26.0,F,Amanda,Sarah,Alyssa,Kelsey,Kayla,Heather,Jenna,Jessica,Courtney,Rebecca,9.0,0.0,5.0,5.0,1.0,0.0,1.0,1.0,9.0,,,,,,,0.0,,,,,,,,,,,46,1,2020_Feb_03_1102,FaceNameBlocked_revised,3.0.0,85.09466814538287,,NaN
107,Fem2Block.csv,Sarah2.mp4,Sarah.JPG,Sarah,27.0,F,Amanda,Sarah,Alyssa,Kelsey,Kayla,Heather,Jenna,Jessica,Courtney,Rebecca,1.0,0.0,5.0,5.0,1.0,0.0,6.0,6.0,1.0,,,,,,,0.0,,,,,,,,,,,46,1,2020_Feb_03_1102,FaceNameBlocked_revised,3.0.0,85.09466814538287,,NaN
116,Fem2Block.csv,Sarah2.mp4,Sarah.JPG,Sarah,27.0,F,Amanda,Sarah,Alyssa,Kelsey,Kayla,Heather,Jenna,Jessica,Courtney,Rebecca,1.0,0.0,5.0,5.0,1.0,,,,,0.0,5.0,5.0,1.0,,,,,, ,None,,3.0,1.0,4.166566362953745,,,46,1,2020_Feb_03_1102,FaceNameBlocked_revised,3.0.0,85.09466814538287,,NaN
75,Fem3Block.csv,Shelby2.mp4,Shelby.JPG,Shelby,28.0,F,Ashley,Grace,Lauren,Nicole,Anna,Natalie,Katie,Shelby,Megan,Rachel,7.0,0.0,3.0,3.0,2.0,,,,,0.0,4.0,4.0,7.0,,,,,, shelby,"['s', 'h', 'e', 'l', 'b', 'y']","[1.720599265070632, 1.9916523060528561, 2.2625338709913194, 2.661833496997133, 3.049802415072918, 3.2739179380005226]",1.0,1.0,1.683088124031201,,,46,1,2020_Feb_03_1102,FaceNameBlocked_revised,3.0.0,85.09466814538287,,1.7205992
63,Fem3Block.csv,Shelby2.mp4,Shelby.JPG,Shelby,28.0,F,Ashley,Grace,Lauren,Nicole,Anna,Natalie,Katie,Shelby,Megan,Rachel,7.0,0.0,3.0,3.0,2.0,0.0,2.0,2.0,7.0,,,,,,,1.0,,,,,,,,,,,46,1,2020_Feb_03_1102,FaceNameBlocked_revised,3.0.0,85.09466814538287,,NaN
96,Male1Block.csv,Steven2.mp4,Steven.JPG,Steven,55.0,M,Jacob,Adam,Steven,Timothy,Noah,Kyle,Cody,Bradley,Dylan,Trevor,2.0,0.0,4.0,4.0,3.0,,,,,0.0,5.0,5.0,2.0,,,,,, ,None,,1.0,1.0,2.7049517210107297,,,46,1,2020_Feb_03_1102,FaceNameBlocked_revised,3.0.0,85.09466814538287,,NaN
81,Male1Block.csv,Steven2.mp4,Steven.JPG,Steven,55.0,M,Jacob,Adam,Steven,Timothy,Noah,Kyle,Cody,Bradley,Dylan,Trevor,2.0,0.0,4.0,4.0,3.0,0.0,0.0,0.0,2.0,,,,,,,0.0,,,,,,,,,,,46,1,2020_Feb_03_1102,FaceNameBlocked_revised,3.0.0,85.09466814538287,,NaN
4,Fem1Block.csv,Taylor4.mp4,Taylor.JPG,Taylor,29.0,F,Olivia,Danielle,Julia,Michelle,Brittany,Taylor,Emily,Brianna,Hannah,Haley,5.0,0.0,0.0,0.0,0.0,0.0,3.0,3.0,5.0,,,,,,,0.0,,,,,,,,,,,46,1,2020_Feb_03_1102,FaceNameBlocked_revised,3.0.0,85.09466814538287,,NaN
11,Fem1Block.csv,Taylor4.mp4,Taylor.JPG,Taylor,29.0,F,Olivia,Danielle,Julia,Michelle,Brittany,Taylor,Emily,Brianna,Hannah,Haley,5.0,0.0,0.0,0.0,0.0,,,,,0.0,0.0,0.0,5.0,,,,space,15.210626341984609,  ,"['space', 'f', 'backspace']","[3.61356122198049, 6.907443977077492, 7.670178989996202]",1.0,5.0,6.9534734330372885,,,46,1,2020_Feb_03_1102,FaceNameBlocked_revised,3.0.0,85.09466814538287,,3.6135612
40,Male2Block.csv,Thomas2.mp4,Thomas.JPG,Thomas,56.0,M,Aaron,Thomas,Josh,Daniel,Caleb,Brian,Mark,Ethan,Jason,Tyler,1.0,0.0,1.0,1.0,4.0,,,,,0.0,9.0,9.0,1.0,,,,,, ,"['c', 'backspace']","[4.800868817954324, 6.0605456290068105]",1.0,4.0,6.5076251870486885,,,46,1,2020_Feb_03_1102,FaceNameBlocked_revised,3.0.0,85.09466814538287,,4.8008688
27,Male2Block.csv,Thomas2.mp4,Thomas.JPG,Thomas,56.0,M,Aaron,Thomas,Josh,Daniel,Caleb,Brian,Mark,Ethan,Jason,Tyler,1.0,0.0,1.0,1.0,4.0,0.0,6.0,6.0,1.0,,,,,,,0.0,,,,,,,,,,,46,1,2020_Feb_03_1102,FaceNameBlocked_revised,3.0.0,85.09466814538287,,NaN
97,Male1Block.csv,Timothy3.mp4,Timothy.JPG,Timothy,57.0,M,Jacob,Adam,Steven,Timothy,Noah,Kyle,Cody,Bradley,Dylan,Trevor,3.0,0.0,4.0,4.0,3.0,,,,,0.0,6.0,6.0,3.0,,,,,, ,None,,2.0,2.0,3.762987568043173,,,46,1,2020_Feb_03_1102,FaceNameBlocked_revised,3.0.0,85.09466814538287,,NaN
83,Male1Block.csv,Timothy3.mp4,Timothy.JPG,Timothy,57.0,M,Jacob,Adam,Steven,Timothy,Noah,Kyle,Cody,Bradley,Dylan,Trevor,3.0,0.0,4.0,4.0,3.0,0.0,2.0,2.0,3.0,,,,,,,1.0,,,,,,,,,,,46,1,2020_Feb_03_1102,FaceNameBlocked_revised,3.0.0,85.09466814538287,,NaN
94,Male1Block.csv,Trevor2.mp4,Trevor.JPG,Trevor,58.0,M,Jacob,Adam,Steven,Timothy,Noah,Kyle,Cody,Bradley,Dylan,Trevor,9.0,0.0,4.0,4.0,3.0,,,,,0.0,3.0,3.0,9.0,,,,,, trevor,"['t', 'r', 'v', 'o', 'r', 'backspace', 'backspace', 'backspace', 'e', 'v', 'o', 'r']","[3.0031809859210625, 3.20302398793865, 6.613735237973742, 6.8371994469780475, 7.177495185984299, 7.7659557609586045, 7.989005603943951, 8.14199135999661, 8.494775186991319, 9.060006715008058, 9.341831455007195, 9.635764265898615]",5.0,5.0,3.331912433030084,,,46,1,2020_Feb_03_1102,FaceNameBlocked_revised,3.0.0,85.09466814538287,,3.0031809
87,Male1Block.csv,Trevor2.mp4,Trevor.JPG,Trevor,58.0,M,Jacob,Adam,Steven,Timothy,Noah,Kyle,Cody,Bradley,Dylan,Trevor,9.0,0.0,4.0,4.0,3.0,0.0,6.0,6.0,9.0,,,,,,,0.0,,,,,,,,,,,46,1,2020_Feb_03_1102,FaceNameBlocked_revised,3.0.0,85.09466814538287,,NaN
38,Male2Block.csv,Tyler3.mp4,Tyler.JPG,Tyler,59.0,M,Aaron,Thomas,Josh,Daniel,Caleb,Brian,Mark,Ethan,Jason,Tyler,9.0,0.0,1.0,1.0,4.0,,,,,0.0,7.0,7.0,9.0,,,,,, ,None,,1.0,5.0,4.742194621008821,,,46,1,2020_Feb_03_1102,FaceNameBlocked_revised,3.0.0,85.09466814538287,,NaN
23,Male2Block.csv,Tyler3.mp4,Tyler.JPG,Tyler,59.0,M,Aaron,Thomas,Josh,Daniel,Caleb,Brian,Mark,Ethan,Jason,Tyler,9.0,0.0,1.0,1.0,4.0,0.0,2.0,2.0,9.0,,,,,,,0.0,,,,,,,,,,,46,1,2020_Feb_03_1102,FaceNameBlocked_revised,3.0.0,85.09466814538287,,NaN
0,,,,,,,,,,,,,,,,,,,,,,,,,,,,,,space,2575.502960151003,,,,,,,,,,,,46,1,2020_Feb_03_1102,FaceNameBlocked_revised,3.0.0,85.09466814538287,,NaN
121,,,,,,,,,,,,,,,,,,,,,,,,,,,,,,,,,,,,,,,,,space,19401.909450462088,46,1,2020_Feb_03_1102,FaceNameBlocked_revised,3.0.0,85.09466814538287,,NaN
