,condsBlockFile,Video,Photo,Name,Row,Gender,N1,N2,N3,N4,N5,N6,N7,N8,N9,N10,Row2,blocks.thisRepN,blocks.thisTrialN,blocks.thisN,blocks.thisIndex,presentations.thisRepN,presentations.thisTrialN,presentations.thisN,presentations.thisIndex,testing.thisRepN,testing.thisTrialN,testing.thisN,testing.thisIndex,advance_1.keys,advance_1.rt,currentCond,advance_2.keys,advance_2.rt,inputText,key_resp_3.keys,key_resp_3.rt,correctRecogSelection,keyResponse.keys,keyResponse.rt,end_key.keys,end_key.rt,participant,session,date,expName,psychopyVersion,frameRate,Unnamed: 48,key_resp3_fin
86,Male2Block.csv,Aaron2.mp4,Aaron.JPG,Aaron,30.0,M,Jason,Tyler,Brandon,Aaron,Jeremy,Mark,David,Steven,Andrew,Bradley,3.0,0.0,4.0,4.0,4.0,0.0,5.0,5.0,3.0,,,,,,,0.0,,,,,,,,,,,47,1,2020_Feb_04_1057,FaceNameBlocked_revised,3.0.0,99.63676817126041,,NaN
94,Male2Block.csv,Aaron2.mp4,Aaron.JPG,Aaron,30.0,M,Jason,Tyler,Brandon,Aaron,Jeremy,Mark,David,Steven,Andrew,Bradley,3.0,0.0,4.0,4.0,4.0,,,,,0.0,3.0,3.0,3.0,,,,,, ty,"['t', 'y']","[9.353994863995467, 9.644495183994877]",2.0,2.0,5.270649647995015,,,47,1,2020_Feb_04_1057,FaceNameBlocked_revised,3.0.0,99.63676817126041,,9.3539948
49,Male3Block.csv,Adam4.mp4,Adam.JPG,Adam,31.0,M,Matthew,Michael,Cody,Trevor,Thomas,Kevin,Brian,Adam,Jacob,Caleb,7.0,0.0,2.0,2.0,5.0,0.0,8.0,8.0,7.0,,,,,,,1.0,,,,,,,,,,,47,1,2020_Feb_04_1057,FaceNameBlocked_revised,3.0.0,99.63676817126041,,NaN
57,Male3Block.csv,Adam4.mp4,Adam.JPG,Adam,31.0,M,Matthew,Michael,Cody,Trevor,Thomas,Kevin,Brian,Adam,Jacob,Caleb,7.0,0.0,2.0,2.0,5.0,,,,,0.0,6.0,6.0,7.0,,,,,, adam,"['a', 'd', 'a', 'm']","[1.757785937996232, 1.898224336997373, 2.0390829179959837, 2.2477071870089276]",4.0,4.0,2.039324735000264,,,47,1,2020_Feb_04_1057,FaceNameBlocked_revised,3.0.0,99.63676817126041,,1.7577859
1,Fem2Block.csv,Alyssa3.mp4,Alyssa.JPG,Alyssa,0.0,F,Natalie,Alyssa,Jenna,Rachel,Anna,Olivia,Kelsey,Heather,Julia,Nicole,1.0,0.0,0.0,0.0,1.0,0.0,0.0,0.0,1.0,,,,,,,1.0,,,,,,,,,,,47,1,2020_Feb_04_1057,FaceNameBlocked_revised,3.0.0,99.63676817126041,,NaN
20,Fem2Block.csv,Alyssa3.mp4,Alyssa.JPG,Alyssa,0.0,F,Natalie,Alyssa,Jenna,Rachel,Anna,Olivia,Kelsey,Heather,Julia,Nicole,1.0,0.0,0.0,0.0,1.0,,,,,0.0,9.0,9.0,1.0,,,,,, ,None,,2.0,2.0,3.082371734999469,,,47,1,2020_Feb_04_1057,FaceNameBlocked_revised,3.0.0,99.63676817126041,,NaN
80,Fem1Block.csv,Amanda3.mp4,Amanda.JPG,Amanda,1.0,F,Taylor,Haley,Megan,Jessica,Sarah,Courtney,Amanda,Shelby,Emily,Danielle,6.0,0.0,3.0,3.0,0.0,,,,,0.0,9.0,9.0,6.0,,,,,, amanda,"['a', 'm', 'a', 'n', 'd', 'a']","[4.497577103000367, 4.628776892001042, 4.739019722997909, 4.889316536005936, 5.01924162900832, 5.160076095999102]",2.0,2.0,3.0730444590008124,,,47,1,2020_Feb_04_1057,FaceNameBlocked_revised,3.0.0,99.63676817126041,,4.4975771
65,Fem1Block.csv,Amanda3.mp4,Amanda.JPG,Amanda,1.0,F,Taylor,Haley,Megan,Jessica,Sarah,Courtney,Amanda,Shelby,Emily,Danielle,6.0,0.0,3.0,3.0,0.0,0.0,4.0,4.0,6.0,,,,,,,0.0,,,,,,,,,,,47,1,2020_Feb_04_1057,FaceNameBlocked_revised,3.0.0,99.63676817126041,,NaN
95,Male2Block.csv,Andrew2.mp4,Andrew.JPG,Andrew,32.0,M,Jason,Tyler,Brandon,Aaron,Jeremy,Mark,David,Steven,Andrew,Bradley,8.0,0.0,4.0,4.0,4.0,,,,,0.0,4.0,4.0,8.0,,,,,, andrew,"['a', 'n', 'd', 'r', 'e', 'w']","[1.567584664997412, 1.738132016005693, 1.918416796004749, 2.249888086997089, 2.64122031100851, 2.781529808009509]",3.0,3.0,3.4344329070008826,,,47,1,2020_Feb_04_1057,FaceNameBlocked_revised,3.0.0,99.63676817126041,,1.5675846
84,Male2Block.csv,Andrew2.mp4,Andrew.JPG,Andrew,32.0,M,Jason,Tyler,Brandon,Aaron,Jeremy,Mark,David,Steven,Andrew,Bradley,8.0,0.0,4.0,4.0,4.0,0.0,3.0,3.0,8.0,,,,,,,0.0,,,,,,,,,,,47,1,2020_Feb_04_1057,FaceNameBlocked_revised,3.0.0,99.63676817126041,,NaN
15,Fem2Block.csv,Anna3.mp4,Anna.JPG,Anna,2.0,F,Natalie,Alyssa,Jenna,Rachel,Anna,Olivia,Kelsey,Heather,Julia,Nicole,4.0,0.0,0.0,0.0,1.0,,,,,0.0,4.0,4.0,4.0,,,,,, sarah,"['s', 'a', 'r', 'a', 'h']","[3.795380789990304, 3.975871893999283, 4.3345083079912, 4.838678472995525, 5.571186599001521]",5.0,5.0,6.2938150340050925,,,47,1,2020_Feb_04_1057,FaceNameBlocked_revised,3.0.0,99.63676817126041,,3.7953807
10,Fem2Block.csv,Anna3.mp4,Anna.JPG,Anna,2.0,F,Natalie,Alyssa,Jenna,Rachel,Anna,Olivia,Kelsey,Heather,Julia,Nicole,4.0,0.0,0.0,0.0,1.0,0.0,9.0,9.0,4.0,,,,,,,1.0,,,,,,,,,,,47,1,2020_Feb_04_1057,FaceNameBlocked_revised,3.0.0,99.63676817126041,,NaN
25,Fem3Block.csv,Ashley3.mp4,Ashley.JPG,Ashley,3.0,F,Brianna,Grace,Lauren,Hannah,Ashley,Rebecca,Michelle,Katie,Kayla,Brittany,4.0,0.0,1.0,1.0,2.0,0.0,4.0,4.0,4.0,,,,,,,1.0,,,,,,,,,,,47,1,2020_Feb_04_1057,FaceNameBlocked_revised,3.0.0,99.63676817126041,,NaN
37,Fem3Block.csv,Ashley3.mp4,Ashley.JPG,Ashley,3.0,F,Brianna,Grace,Lauren,Hannah,Ashley,Rebecca,Michelle,Katie,Kayla,Brittany,4.0,0.0,1.0,1.0,2.0,,,,,0.0,6.0,6.0,4.0,,,,,, jasmine,"['j', 'a', 's', 'm', 'i', 'n', 'e']","[5.56173811100598, 5.681451701995684, 5.802678064996144, 6.00258215800568, 6.524637519003591, 7.145023161006975, 7.377810186997522]",3.0,4.0,6.012590113998157,,,47,1,2020_Feb_04_1057,FaceNameBlocked_revised,3.0.0,99.63676817126041,,5.5617381
85,Male2Block.csv,Bradley3.mp4,Bradley.JPG,Bradley,33.0,M,Jason,Tyler,Brandon,Aaron,Jeremy,Mark,David,Steven,Andrew,Bradley,9.0,0.0,4.0,4.0,4.0,0.0,4.0,4.0,9.0,,,,,,,1.0,,,,,,,,,,,47,1,2020_Feb_04_1057,FaceNameBlocked_revised,3.0.0,99.63676817126041,,NaN
98,Male2Block.csv,Bradley3.mp4,Bradley.JPG,Bradley,33.0,M,Jason,Tyler,Brandon,Aaron,Jeremy,Mark,David,Steven,Andrew,Bradley,9.0,0.0,4.0,4.0,4.0,,,,,0.0,7.0,7.0,9.0,,,,,, bradley,"['b', 'r', 'a', 'd', 'e', 'l', 'backspace', 'backspace', 'l', 'e', 'y']","[1.185822838000604, 1.3366524129960453, 1.4570697619928978, 1.7358460190007463, 1.8981537660001777, 2.1895022289972985, 2.669996374999755, 2.83108693799295, 3.4533394250029232, 3.4739064239984145, 3.684415865005576]",3.0,3.0,2.9526082739903368,,,47,1,2020_Feb_04_1057,FaceNameBlocked_revised,3.0.0,99.63676817126041,,1.1858228
96,Male2Block.csv,Brandon2.mp4,Brandon.JPG,Brandon,34.0,M,Jason,Tyler,Brandon,Aaron,Jeremy,Mark,David,Steven,Andrew,Bradley,2.0,0.0,4.0,4.0,4.0,,,,,0.0,5.0,5.0,2.0,,,,,, aaron,"['a', 'a', 'r', 'o', 'n']","[6.334180745994672, 6.574861079003313, 6.745544179007993, 6.855661417008378, 7.59799237200059]",1.0,4.0,6.334239987001637,,,47,1,2020_Feb_04_1057,FaceNameBlocked_revised,3.0.0,99.63676817126041,,6.3341807
90,Male2Block.csv,Brandon2.mp4,Brandon.JPG,Brandon,34.0,M,Jason,Tyler,Brandon,Aaron,Jeremy,Mark,David,Steven,Andrew,Bradley,2.0,0.0,4.0,4.0,4.0,0.0,9.0,9.0,2.0,,,,,,,1.0,,,,,,,,,,,47,1,2020_Feb_04_1057,FaceNameBlocked_revised,3.0.0,99.63676817126041,,NaN
41,Male3Block.csv,Brian2.mp4,Brian.JPG,Brian,35.0,M,Matthew,Michael,Cody,Trevor,Thomas,Kevin,Brian,Adam,Jacob,Caleb,6.0,0.0,2.0,2.0,5.0,0.0,0.0,0.0,6.0,,,,,,,0.0,,,,,,,,,,,47,1,2020_Feb_04_1057,FaceNameBlocked_revised,3.0.0,99.63676817126041,,NaN
60,Male3Block.csv,Brian2.mp4,Brian.JPG,Brian,35.0,M,Matthew,Michael,Cody,Trevor,Thomas,Kevin,Brian,Adam,Jacob,Caleb,6.0,0.0,2.0,2.0,5.0,,,,,0.0,9.0,9.0,6.0,,,,,, b,['b'],[9.042884374997811],4.0,4.0,4.344809898000676,,,47,1,2020_Feb_04_1057,FaceNameBlocked_revised,3.0.0,99.63676817126041,,9.0428843
34,Fem3Block.csv,Brianna2.mp4,Brianna.JPG,Brianna,4.0,F,Brianna,Grace,Lauren,Hannah,Ashley,Rebecca,Michelle,Katie,Kayla,Brittany,0.0,0.0,1.0,1.0,2.0,,,,,0.0,3.0,3.0,0.0,,,,,, briann,"['b', 'r', 'i', 'a', 'n', 'n']","[6.251332166008069, 6.815169178007636, 7.778638855001191, 8.681327325000893, 9.072523513998021, 9.283546359001775]",3.0,3.0,6.945693737012334,,,47,1,2020_Feb_04_1057,FaceNameBlocked_revised,3.0.0,99.63676817126041,,6.2513321
24,Fem3Block.csv,Brianna2.mp4,Brianna.JPG,Brianna,4.0,F,Brianna,Grace,Lauren,Hannah,Ashley,Rebecca,Michelle,Katie,Kayla,Brittany,0.0,0.0,1.0,1.0,2.0,0.0,3.0,3.0,0.0,,,,,,,0.0,,,,,,,,,,,47,1,2020_Feb_04_1057,FaceNameBlocked_revised,3.0.0,99.63676817126041,,NaN
23,Fem3Block.csv,Brittany2.mp4,Brittany.JPG,Brittany,5.0,F,Brianna,Grace,Lauren,Hannah,Ashley,Rebecca,Michelle,Katie,Kayla,Brittany,9.0,0.0,1.0,1.0,2.0,0.0,2.0,2.0,9.0,,,,,,,1.0,,,,,,,,,,,47,1,2020_Feb_04_1057,FaceNameBlocked_revised,3.0.0,99.63676817126041,,NaN
31,Fem3Block.csv,Brittany2.mp4,Brittany.JPG,Brittany,5.0,F,Brianna,Grace,Lauren,Hannah,Ashley,Rebecca,Michelle,Katie,Kayla,Brittany,9.0,0.0,1.0,1.0,2.0,,,,,0.0,0.0,0.0,9.0,,,,space,7.398202295007651, ,None,,5.0,3.0,9.152844935000758,,,47,1,2020_Feb_04_1057,FaceNameBlocked_revised,3.0.0,99.63676817126041,,NaN
44,Male3Block.csv,Caleb5.mp4,Caleb.JPG,Caleb,36.0,M,Matthew,Michael,Cody,Trevor,Thomas,Kevin,Brian,Adam,Jacob,Caleb,9.0,0.0,2.0,2.0,5.0,0.0,3.0,3.0,9.0,,,,,,,1.0,,,,,,,,,,,47,1,2020_Feb_04_1057,FaceNameBlocked_revised,3.0.0,99.63676817126041,,NaN
52,Male3Block.csv,Caleb5.mp4,Caleb.JPG,Caleb,36.0,M,Matthew,Michael,Cody,Trevor,Thomas,Kevin,Brian,Adam,Jacob,Caleb,9.0,0.0,2.0,2.0,5.0,,,,,0.0,1.0,1.0,9.0,,,,,, trevo,"['t', 'r', 'e', 'v', 'o', 'backspace', 'o']","[1.8478271490021143, 1.9786634920019424, 2.078588383999886, 2.2286997199989855, 3.0314220959990053, 4.8975675420078915, 9.774428188000456]",4.0,1.0,10.659100735996617,,,47,1,2020_Feb_04_1057,FaceNameBlocked_revised,3.0.0,99.63676817126041,,1.8478271
45,Male3Block.csv,Cody2.mp4,Cody.JPG,Cody,37.0,M,Matthew,Michael,Cody,Trevor,Thomas,Kevin,Brian,Adam,Jacob,Caleb,2.0,0.0,2.0,2.0,5.0,0.0,4.0,4.0,2.0,,,,,,,1.0,,,,,,,,,,,47,1,2020_Feb_04_1057,FaceNameBlocked_revised,3.0.0,99.63676817126041,,NaN
51,Male3Block.csv,Cody2.mp4,Cody.JPG,Cody,37.0,M,Matthew,Michael,Cody,Trevor,Thomas,Kevin,Brian,Adam,Jacob,Caleb,2.0,0.0,2.0,2.0,5.0,,,,,0.0,0.0,0.0,2.0,,,,space,4.267383730999427, mathew,"['m', 'a', 't', 'h', 'e', 'w']","[5.400981720988057, 5.540731627988862, 5.700756251986604, 5.852000365994172, 6.132753469995805, 6.252890380987083]",5.0,1.0,6.44382281199796,,,47,1,2020_Feb_04_1057,FaceNameBlocked_revised,3.0.0,99.63676817126041,,5.4009817
72,Fem1Block.csv,Courtney2.mp4,Courtney.JPG,Courtney,6.0,F,Taylor,Haley,Megan,Jessica,Sarah,Courtney,Amanda,Shelby,Emily,Danielle,5.0,0.0,3.0,3.0,0.0,,,,,0.0,1.0,1.0,5.0,,,,,, courtney,"['c', 'o', 'u', 'r', 't', 'n', 'e', 'y']","[3.8957483200065326, 4.055566651004483, 4.356744030999835, 4.556931397004519, 4.8587001220003, 5.0690635640057735, 5.220102353996481, 5.400822980009252]",4.0,4.0,4.706023523991462,,,47,1,2020_Feb_04_1057,FaceNameBlocked_revised,3.0.0,99.63676817126041,,3.8957483
62,Fem1Block.csv,Courtney2.mp4,Courtney.JPG,Courtney,6.0,F,Taylor,Haley,Megan,Jessica,Sarah,Courtney,Amanda,Shelby,Emily,Danielle,5.0,0.0,3.0,3.0,0.0,0.0,1.0,1.0,5.0,,,,,,,0.0,,,,,,,,,,,47,1,2020_Feb_04_1057,FaceNameBlocked_revised,3.0.0,99.63676817126041,,NaN
112,Male1Block.csv,Daniel3.mp4,Daniel.JPG,Daniel,38.0,M,Daniel,Timothy,Nathan,Dylan,Justin,Josh,Ethan,Noah,Eric,Kyle,0.0,0.0,5.0,5.0,3.0,,,,,0.0,1.0,1.0,0.0,,,,,, daniel,"['d', 'a', 'n', 'e', 'backspace', 'i', 'e', 'l']","[5.150371491006808, 5.290901551008574, 5.682145003011101, 6.052853690009215, 6.633373365009902, 6.9556652220053365, 7.075967101001879, 7.186439505007002]",3.0,3.0,4.6486283270060085,,,47,1,2020_Feb_04_1057,FaceNameBlocked_revised,3.0.0,99.63676817126041,,5.1503714
102,Male1Block.csv,Daniel3.mp4,Daniel.JPG,Daniel,38.0,M,Daniel,Timothy,Nathan,Dylan,Justin,Josh,Ethan,Noah,Eric,Kyle,0.0,0.0,5.0,5.0,3.0,0.0,1.0,1.0,0.0,,,,,,,0.0,,,,,,,,,,,47,1,2020_Feb_04_1057,FaceNameBlocked_revised,3.0.0,99.63676817126041,,NaN
76,Fem1Block.csv,Danielle2.mp4,Danielle.JPG,Danielle,7.0,F,Taylor,Haley,Megan,Jessica,Sarah,Courtney,Amanda,Shelby,Emily,Danielle,9.0,0.0,3.0,3.0,0.0,,,,,0.0,5.0,5.0,9.0,,,,,, danielle,"['d', 'a', 'n', 'i', 'e', 'l', 'l', 'e']","[2.189083303004736, 2.347831936000148, 2.449588956005755, 2.84164213600161, 3.092430629010778, 3.2205888129974483, 3.3627989329979755, 3.4336281410069205]",5.0,5.0,4.698399200002314,,,47,1,2020_Feb_04_1057,FaceNameBlocked_revised,3.0.0,99.63676817126041,,2.1890833
69,Fem1Block.csv,Danielle2.mp4,Danielle.JPG,Danielle,7.0,F,Taylor,Haley,Megan,Jessica,Sarah,Courtney,Amanda,Shelby,Emily,Danielle,9.0,0.0,3.0,3.0,0.0,0.0,8.0,8.0,9.0,,,,,,,1.0,,,,,,,,,,,47,1,2020_Feb_04_1057,FaceNameBlocked_revised,3.0.0,99.63676817126041,,NaN
82,Male2Block.csv,David2.mp4,David.JPG,David,39.0,M,Jason,Tyler,Brandon,Aaron,Jeremy,Mark,David,Steven,Andrew,Bradley,6.0,0.0,4.0,4.0,4.0,0.0,1.0,1.0,6.0,,,,,,,0.0,,,,,,,,,,,47,1,2020_Feb_04_1057,FaceNameBlocked_revised,3.0.0,99.63676817126041,,NaN
93,Male2Block.csv,David2.mp4,David.JPG,David,39.0,M,Jason,Tyler,Brandon,Aaron,Jeremy,Mark,David,Steven,Andrew,Bradley,6.0,0.0,4.0,4.0,4.0,,,,,0.0,2.0,2.0,6.0,,,,,, mark,"['m', 'a', 'r', 'k']","[2.129544684998109, 2.3101686970039736, 2.4584381050080992, 2.5406145349988947]",3.0,3.0,10.197406279999996,,,47,1,2020_Feb_04_1057,FaceNameBlocked_revised,3.0.0,99.63676817126041,,2.1295446
103,Male1Block.csv,Dylan3.mp4,Dylan.JPG,Dylan,40.0,M,Daniel,Timothy,Nathan,Dylan,Justin,Josh,Ethan,Noah,Eric,Kyle,3.0,0.0,5.0,5.0,3.0,0.0,2.0,2.0,3.0,,,,,,,0.0,,,,,,,,,,,47,1,2020_Feb_04_1057,FaceNameBlocked_revised,3.0.0,99.63676817126041,,NaN
111,Male1Block.csv,Dylan3.mp4,Dylan.JPG,Dylan,40.0,M,Daniel,Timothy,Nathan,Dylan,Justin,Josh,Ethan,Noah,Eric,Kyle,3.0,0.0,5.0,5.0,3.0,,,,,0.0,0.0,0.0,3.0,,,,space,1.5854195749998323, ,"['a', 'a', 'backspace', 'backspace']","[6.163096188000054, 6.785568767998484, 8.721377994006616, 8.951786035002442]",5.0,4.0,9.55541926799924,,,47,1,2020_Feb_04_1057,FaceNameBlocked_revised,3.0.0,99.63676817126041,,6.1630961
75,Fem1Block.csv,Emily5.mp4,Emily.JPG,Emily,8.0,F,Taylor,Haley,Megan,Jessica,Sarah,Courtney,Amanda,Shelby,Emily,Danielle,8.0,0.0,3.0,3.0,0.0,,,,,0.0,4.0,4.0,8.0,,,,,, emily,"['e', 'm', 'i', 'l', 'y']","[1.7680638930032728, 1.8564936790062347, 1.988898091003648, 3.4431492809962947, 3.524526177003281]",1.0,1.0,3.9859988109965343,,,47,1,2020_Feb_04_1057,FaceNameBlocked_revised,3.0.0,99.63676817126041,,1.7680638
63,Fem1Block.csv,Emily5.mp4,Emily.JPG,Emily,8.0,F,Taylor,Haley,Megan,Jessica,Sarah,Courtney,Amanda,Shelby,Emily,Danielle,8.0,0.0,3.0,3.0,0.0,0.0,2.0,2.0,8.0,,,,,,,0.0,,,,,,,,,,,47,1,2020_Feb_04_1057,FaceNameBlocked_revised,3.0.0,99.63676817126041,,NaN
113,Male1Block.csv,Eric2.mp4,Eric.JPG,Eric,41.0,M,Daniel,Timothy,Nathan,Dylan,Justin,Josh,Ethan,Noah,Eric,Kyle,8.0,0.0,5.0,5.0,3.0,,,,,0.0,2.0,2.0,8.0,,,,,, justin,"['j', 'u', 's', 't', 'i', 'n']","[5.480305279997992, 5.641201043006731, 5.772365967000951, 5.941508831005194, 6.0418499689985765, 6.202662744006375]",3.0,5.0,6.733505994008738,,,47,1,2020_Feb_04_1057,FaceNameBlocked_revised,3.0.0,99.63676817126041,,5.4803052
107,Male1Block.csv,Eric2.mp4,Eric.JPG,Eric,41.0,M,Daniel,Timothy,Nathan,Dylan,Justin,Josh,Ethan,Noah,Eric,Kyle,8.0,0.0,5.0,5.0,3.0,0.0,6.0,6.0,8.0,,,,,,,0.0,,,,,,,,,,,47,1,2020_Feb_04_1057,FaceNameBlocked_revised,3.0.0,99.63676817126041,,NaN
110,Male1Block.csv,Ethan2.mp4,Ethan.JPG,Ethan,42.0,M,Daniel,Timothy,Nathan,Dylan,Justin,Josh,Ethan,Noah,Eric,Kyle,6.0,0.0,5.0,5.0,3.0,0.0,9.0,9.0,6.0,,,,,,,0.0,,,,,,,,,,,47,1,2020_Feb_04_1057,FaceNameBlocked_revised,3.0.0,99.63676817126041,,NaN
117,Male1Block.csv,Ethan2.mp4,Ethan.JPG,Ethan,42.0,M,Daniel,Timothy,Nathan,Dylan,Justin,Josh,Ethan,Noah,Eric,Kyle,6.0,0.0,5.0,5.0,3.0,,,,,0.0,6.0,6.0,6.0,,,,,, eric,"['e', 'r', 'i', 'c']","[7.767029088005074, 7.887435791009921, 8.240678440997726, 8.471439678003662]",2.0,4.0,3.3835388870065803,,,47,1,2020_Feb_04_1057,FaceNameBlocked_revised,3.0.0,99.63676817126041,,7.7670290
40,Fem3Block.csv,Grace3.mp4,Grace.JPG,Grace,9.0,F,Brianna,Grace,Lauren,Hannah,Ashley,Rebecca,Michelle,Katie,Kayla,Brittany,1.0,0.0,1.0,1.0,2.0,,,,,0.0,9.0,9.0,1.0,,,,,, ,None,,2.0,2.0,4.357085530005862,,,47,1,2020_Feb_04_1057,FaceNameBlocked_revised,3.0.0,99.63676817126041,,NaN
28,Fem3Block.csv,Grace3.mp4,Grace.JPG,Grace,9.0,F,Brianna,Grace,Lauren,Hannah,Ashley,Rebecca,Michelle,Katie,Kayla,Brittany,1.0,0.0,1.0,1.0,2.0,0.0,7.0,7.0,1.0,,,,,,,1.0,,,,,,,,,,,47,1,2020_Feb_04_1057,FaceNameBlocked_revised,3.0.0,99.63676817126041,,NaN
61,Fem1Block.csv,Haley2.mp4,Haley.JPG,Haley,10.0,F,Taylor,Haley,Megan,Jessica,Sarah,Courtney,Amanda,Shelby,Emily,Danielle,1.0,0.0,3.0,3.0,0.0,0.0,0.0,0.0,1.0,,,,,,,1.0,,,,,,,,,,,47,1,2020_Feb_04_1057,FaceNameBlocked_revised,3.0.0,99.63676817126041,,NaN
78,Fem1Block.csv,Haley2.mp4,Haley.JPG,Haley,10.0,F,Taylor,Haley,Megan,Jessica,Sarah,Courtney,Amanda,Shelby,Emily,Danielle,1.0,0.0,3.0,3.0,0.0,,,,,0.0,7.0,7.0,1.0,,,,,, jessica,"['j', 'e', 's', 's', 'i', 'c', 'a']","[6.723345876001986, 6.803553585006739, 7.045538863007096, 7.196776012002374, 7.28692940500332, 7.637625568997464, 7.819001333002234]",4.0,1.0,3.863160754001002,,,47,1,2020_Feb_04_1057,FaceNameBlocked_revised,3.0.0,99.63676817126041,,6.7233458
32,Fem3Block.csv,Hannah2.mp4,Hannah.JPG,Hannah,11.0,F,Brianna,Grace,Lauren,Hannah,Ashley,Rebecca,Michelle,Katie,Kayla,Brittany,3.0,0.0,1.0,1.0,2.0,,,,,0.0,1.0,1.0,3.0,,,,,, ,None,,1.0,3.0,7.7587404339865325,,,47,1,2020_Feb_04_1057,FaceNameBlocked_revised,3.0.0,99.63676817126041,,NaN
27,Fem3Block.csv,Hannah2.mp4,Hannah.JPG,Hannah,11.0,F,Brianna,Grace,Lauren,Hannah,Ashley,Rebecca,Michelle,Katie,Kayla,Brittany,3.0,0.0,1.0,1.0,2.0,0.0,6.0,6.0,3.0,,,,,,,0.0,,,,,,,,,,,47,1,2020_Feb_04_1057,FaceNameBlocked_revised,3.0.0,99.63676817126041,,NaN
11,Fem2Block.csv,Heather3.mp4,Heather.JPG,Heather,12.0,F,Natalie,Alyssa,Jenna,Rachel,Anna,Olivia,Kelsey,Heather,Julia,Nicole,7.0,0.0,0.0,0.0,1.0,,,,,0.0,0.0,0.0,7.0,,,,space,16.670396991001326, heather ,"['h', 'e', 'a', 't', 'h', 'e', 'r', 'return', 'space']","[2.0196373290091287, 2.3301538320083637, 2.74200325399579, 2.990717267995933, 3.604675702008535, 3.7956309059954947, 3.936069609000697, 6.9952793039992684, 8.671644504007418]",1.0,1.0,5.32059461499739,,,47,1,2020_Feb_04_1057,FaceNameBlocked_revised,3.0.0,99.63676817126041,,2.0196373
4,Fem2Block.csv,Heather3.mp4,Heather.JPG,Heather,12.0,F,Natalie,Alyssa,Jenna,Rachel,Anna,Olivia,Kelsey,Heather,Julia,Nicole,7.0,0.0,0.0,0.0,1.0,0.0,3.0,3.0,7.0,,,,,,,1.0,,,,,,,,,,,47,1,2020_Feb_04_1057,FaceNameBlocked_revised,3.0.0,99.63676817126041,,NaN
43,Male3Block.csv,Jacob3.mp4,Jacob.JPG,Jacob,43.0,M,Matthew,Michael,Cody,Trevor,Thomas,Kevin,Brian,Adam,Jacob,Caleb,8.0,0.0,2.0,2.0,5.0,0.0,2.0,2.0,8.0,,,,,,,0.0,,,,,,,,,,,47,1,2020_Feb_04_1057,FaceNameBlocked_revised,3.0.0,99.63676817126041,,NaN
58,Male3Block.csv,Jacob3.mp4,Jacob.JPG,Jacob,43.0,M,Matthew,Michael,Cody,Trevor,Thomas,Kevin,Brian,Adam,Jacob,Caleb,8.0,0.0,2.0,2.0,5.0,,,,,0.0,7.0,7.0,8.0,,,,,, jacob,"['j', 'a', 'c', 'o', 'b']","[2.391065162999439, 2.4711912229977315, 3.3134043159952853, 3.4241185239952756, 3.905239793995861]",1.0,1.0,1.6165984279941767,,,47,1,2020_Feb_04_1057,FaceNameBlocked_revised,3.0.0,99.63676817126041,,2.3910651
83,Male2Block.csv,Jason4.mp4,Jason.JPG,Jason,44.0,M,Jason,Tyler,Brandon,Aaron,Jeremy,Mark,David,Steven,Andrew,Bradley,0.0,0.0,4.0,4.0,4.0,0.0,2.0,2.0,0.0,,,,,,,0.0,,,,,,,,,,,47,1,2020_Feb_04_1057,FaceNameBlocked_revised,3.0.0,99.63676817126041,,NaN
99,Male2Block.csv,Jason4.mp4,Jason.JPG,Jason,44.0,M,Jason,Tyler,Brandon,Aaron,Jeremy,Mark,David,Steven,Andrew,Bradley,0.0,0.0,4.0,4.0,4.0,,,,,0.0,8.0,8.0,0.0,,,,,, mark,"['m', 'a', 'k', 'r', 'backspace', 'backspace', 'r', 'k']","[7.528407812002115, 7.647642405005172, 7.768985711009009, 7.799265299006947, 8.590434179001022, 8.75147361800191, 9.364504712008056, 9.403890404006233]",4.0,4.0,5.069278162001866,,,47,1,2020_Feb_04_1057,FaceNameBlocked_revised,3.0.0,99.63676817126041,,7.5284078
19,Fem2Block.csv,Jenna4.mp4,Jenna.JPG,Jenna,13.0,F,Natalie,Alyssa,Jenna,Rachel,Anna,Olivia,Kelsey,Heather,Julia,Nicole,2.0,0.0,0.0,0.0,1.0,,,,,0.0,8.0,8.0,2.0,,,,,, kelsey,"['k', 'e', 'l', 's', 'e', 'y']","[3.584901289010304, 3.8459448640060145, 4.044805665005697, 4.9799247790069785, 5.269971943998826, 5.371119722010917]",3.0,3.0,6.524462660003338,,,47,1,2020_Feb_04_1057,FaceNameBlocked_revised,3.0.0,99.63676817126041,,3.5849012
6,Fem2Block.csv,Jenna4.mp4,Jenna.JPG,Jenna,13.0,F,Natalie,Alyssa,Jenna,Rachel,Anna,Olivia,Kelsey,Heather,Julia,Nicole,2.0,0.0,0.0,0.0,1.0,0.0,5.0,5.0,2.0,,,,,,,1.0,,,,,,,,,,,47,1,2020_Feb_04_1057,FaceNameBlocked_revised,3.0.0,99.63676817126041,,NaN
91,Male2Block.csv,Jeremy2.mp4,Jeremy.JPG,Jeremy,45.0,M,Jason,Tyler,Brandon,Aaron,Jeremy,Mark,David,Steven,Andrew,Bradley,4.0,0.0,4.0,4.0,4.0,,,,,0.0,0.0,0.0,4.0,,,,space,0.9956808519928018, jeremy,"['j', 'e', 'r', 'e', 'm', 'y']","[2.3806305850011995, 2.5409193340019556, 2.6409663090016693, 2.7809486589976586, 2.9015155870001763, 3.0924491949990625]",1.0,1.0,4.667846333002672,,,47,1,2020_Feb_04_1057,FaceNameBlocked_revised,3.0.0,99.63676817126041,,2.3806305
88,Male2Block.csv,Jeremy2.mp4,Jeremy.JPG,Jeremy,45.0,M,Jason,Tyler,Brandon,Aaron,Jeremy,Mark,David,Steven,Andrew,Bradley,4.0,0.0,4.0,4.0,4.0,0.0,7.0,7.0,4.0,,,,,,,1.0,,,,,,,,,,,47,1,2020_Feb_04_1057,FaceNameBlocked_revised,3.0.0,99.63676817126041,,NaN
73,Fem1Block.csv,Jessica2.mp4,Jessica.JPG,Jessica,14.0,F,Taylor,Haley,Megan,Jessica,Sarah,Courtney,Amanda,Shelby,Emily,Danielle,3.0,0.0,3.0,3.0,0.0,,,,,0.0,2.0,2.0,3.0,,,,,, kay,"['k', 'a', 'y']","[7.7386505369941005, 8.170130480997614, 9.512710850001895]",5.0,4.0,4.568087959996774,,,47,1,2020_Feb_04_1057,FaceNameBlocked_revised,3.0.0,99.63676817126041,,7.7386505
66,Fem1Block.csv,Jessica2.mp4,Jessica.JPG,Jessica,14.0,F,Taylor,Haley,Megan,Jessica,Sarah,Courtney,Amanda,Shelby,Emily,Danielle,3.0,0.0,3.0,3.0,0.0,0.0,5.0,5.0,3.0,,,,,,,0.0,,,,,,,,,,,47,1,2020_Feb_04_1057,FaceNameBlocked_revised,3.0.0,99.63676817126041,,NaN
114,Male1Block.csv,Josh3.mp4,Josh.JPG,Josh,46.0,M,Daniel,Timothy,Nathan,Dylan,Justin,Josh,Ethan,Noah,Eric,Kyle,5.0,0.0,5.0,5.0,3.0,,,,,0.0,3.0,3.0,5.0,,,,,, josh,"['j', 'o', 's', 'h']","[1.146761461001006, 1.3381113640061812, 1.4381707880093018, 1.5685290719993645]",5.0,5.0,5.198656617998495,,,47,1,2020_Feb_04_1057,FaceNameBlocked_revised,3.0.0,99.63676817126041,,1.1467614
106,Male1Block.csv,Josh3.mp4,Josh.JPG,Josh,46.0,M,Daniel,Timothy,Nathan,Dylan,Justin,Josh,Ethan,Noah,Eric,Kyle,5.0,0.0,5.0,5.0,3.0,0.0,5.0,5.0,5.0,,,,,,,0.0,,,,,,,,,,,47,1,2020_Feb_04_1057,FaceNameBlocked_revised,3.0.0,99.63676817126041,,NaN
5,Fem2Block.csv,Julia2.mp4,Julia.JPG,Julia,15.0,F,Natalie,Alyssa,Jenna,Rachel,Anna,Olivia,Kelsey,Heather,Julia,Nicole,8.0,0.0,0.0,0.0,1.0,0.0,4.0,4.0,8.0,,,,,,,0.0,,,,,,,,,,,47,1,2020_Feb_04_1057,FaceNameBlocked_revised,3.0.0,99.63676817126041,,NaN
12,Fem2Block.csv,Julia2.mp4,Julia.JPG,Julia,15.0,F,Natalie,Alyssa,Jenna,Rachel,Anna,Olivia,Kelsey,Heather,Julia,Nicole,8.0,0.0,0.0,0.0,1.0,,,,,0.0,1.0,1.0,8.0,,,,,, julia,"['j', 'u', 'l', 'i', 'a']","[1.8280969860061305, 1.938827471996774, 2.0486183629982406, 2.4183480680076173, 3.092464293993544]",4.0,4.0,2.048624645001837,,,47,1,2020_Feb_04_1057,FaceNameBlocked_revised,3.0.0,99.63676817126041,,1.8280969
120,Male1Block.csv,Justin2.mp4,Justin.JPG,Justin,47.0,M,Daniel,Timothy,Nathan,Dylan,Justin,Josh,Ethan,Noah,Eric,Kyle,4.0,0.0,5.0,5.0,3.0,,,,,0.0,9.0,9.0,4.0,,,,,, noah,"['n', 'o', 'a', 'h']","[5.863044331999845, 6.613215506004053, 7.378245275001973, 7.4476874789979775]",5.0,5.0,2.01976953499252,,,47,1,2020_Feb_04_1057,FaceNameBlocked_revised,3.0.0,99.63676817126041,,5.8630443
108,Male1Block.csv,Justin2.mp4,Justin.JPG,Justin,47.0,M,Daniel,Timothy,Nathan,Dylan,Justin,Josh,Ethan,Noah,Eric,Kyle,4.0,0.0,5.0,5.0,3.0,0.0,7.0,7.0,4.0,,,,,,,1.0,,,,,,,,,,,47,1,2020_Feb_04_1057,FaceNameBlocked_revised,3.0.0,99.63676817126041,,NaN
39,Fem3Block.csv,Katie2.mp4,Katie.JPG,Katie,16.0,F,Brianna,Grace,Lauren,Hannah,Ashley,Rebecca,Michelle,Katie,Kayla,Brittany,7.0,0.0,1.0,1.0,2.0,,,,,0.0,8.0,8.0,7.0,,,,,, kayla,"['k', 'a', 'y', 'l', 'a']","[4.376875009998912, 4.898841909991461, 5.03990102399257, 6.112383626998053, 6.224091657990357]",3.0,3.0,5.859324988996378,,,47,1,2020_Feb_04_1057,FaceNameBlocked_revised,3.0.0,99.63676817126041,,4.3768750
29,Fem3Block.csv,Katie2.mp4,Katie.JPG,Katie,16.0,F,Brianna,Grace,Lauren,Hannah,Ashley,Rebecca,Michelle,Katie,Kayla,Brittany,7.0,0.0,1.0,1.0,2.0,0.0,8.0,8.0,7.0,,,,,,,1.0,,,,,,,,,,,47,1,2020_Feb_04_1057,FaceNameBlocked_revised,3.0.0,99.63676817126041,,NaN
22,Fem3Block.csv,Kayla3.mp4,Kayla.JPG,Kayla,17.0,F,Brianna,Grace,Lauren,Hannah,Ashley,Rebecca,Michelle,Katie,Kayla,Brittany,8.0,0.0,1.0,1.0,2.0,0.0,1.0,1.0,8.0,,,,,,,0.0,,,,,,,,,,,47,1,2020_Feb_04_1057,FaceNameBlocked_revised,3.0.0,99.63676817126041,,NaN
36,Fem3Block.csv,Kayla3.mp4,Kayla.JPG,Kayla,17.0,F,Brianna,Grace,Lauren,Hannah,Ashley,Rebecca,Michelle,Katie,Kayla,Brittany,8.0,0.0,1.0,1.0,2.0,,,,,0.0,5.0,5.0,8.0,,,,,, ,None,,1.0,1.0,2.9628500910039293,,,47,1,2020_Feb_04_1057,FaceNameBlocked_revised,3.0.0,99.63676817126041,,NaN
9,Fem2Block.csv,Kelsey2.mp4,Kelsey.JPG,Kelsey,18.0,F,Natalie,Alyssa,Jenna,Rachel,Anna,Olivia,Kelsey,Heather,Julia,Nicole,6.0,0.0,0.0,0.0,1.0,0.0,8.0,8.0,6.0,,,,,,,0.0,,,,,,,,,,,47,1,2020_Feb_04_1057,FaceNameBlocked_revised,3.0.0,99.63676817126041,,NaN
17,Fem2Block.csv,Kelsey2.mp4,Kelsey.JPG,Kelsey,18.0,F,Natalie,Alyssa,Jenna,Rachel,Anna,Olivia,Kelsey,Heather,Julia,Nicole,6.0,0.0,0.0,0.0,1.0,,,,,0.0,6.0,6.0,6.0,,,,,, rachel,"['r', 'a', 'c', 'h', 'e', 'l']","[7.225795602993458, 7.3658362360001775, 7.727106838996406, 8.369614135997836, 8.65074649399321, 8.961507610991248]",1.0,5.0,7.537871941996856,,,47,1,2020_Feb_04_1057,FaceNameBlocked_revised,3.0.0,99.63676817126041,,7.2257956
54,Male3Block.csv,Kevin2.mp4,Kevin.JPG,Kevin,48.0,M,Matthew,Michael,Cody,Trevor,Thomas,Kevin,Brian,Adam,Jacob,Caleb,5.0,0.0,2.0,2.0,5.0,,,,,0.0,3.0,3.0,5.0,,,,,, adam,"['a', 'd', 'a', 'm']","[6.073278095005662, 6.1827150489989435, 6.35368415999983, 6.664925880002556]",2.0,2.0,7.306993203004823,,,47,1,2020_Feb_04_1057,FaceNameBlocked_revised,3.0.0,99.63676817126041,,6.0732780
46,Male3Block.csv,Kevin2.mp4,Kevin.JPG,Kevin,48.0,M,Matthew,Michael,Cody,Trevor,Thomas,Kevin,Brian,Adam,Jacob,Caleb,5.0,0.0,2.0,2.0,5.0,0.0,5.0,5.0,5.0,,,,,,,0.0,,,,,,,,,,,47,1,2020_Feb_04_1057,FaceNameBlocked_revised,3.0.0,99.63676817126041,,NaN
119,Male1Block.csv,Kyle3.mp4,Kyle.JPG,Kyle,49.0,M,Daniel,Timothy,Nathan,Dylan,Justin,Josh,Ethan,Noah,Eric,Kyle,9.0,0.0,5.0,5.0,3.0,,,,,0.0,8.0,8.0,9.0,,,,,, kyle,"['k', 'y', 'l', 'e']","[6.454843764993711, 6.725372884000535, 6.905956023998442, 7.297127878991887]",2.0,2.0,2.240367912003421,,,47,1,2020_Feb_04_1057,FaceNameBlocked_revised,3.0.0,99.63676817126041,,6.4548437
109,Male1Block.csv,Kyle3.mp4,Kyle.JPG,Kyle,49.0,M,Daniel,Timothy,Nathan,Dylan,Justin,Josh,Ethan,Noah,Eric,Kyle,9.0,0.0,5.0,5.0,3.0,0.0,8.0,8.0,9.0,,,,,,,1.0,,,,,,,,,,,47,1,2020_Feb_04_1057,FaceNameBlocked_revised,3.0.0,99.63676817126041,,NaN
21,Fem3Block.csv,Lauren4.mp4,Lauren.JPG,Lauren,19.0,F,Brianna,Grace,Lauren,Hannah,Ashley,Rebecca,Michelle,Katie,Kayla,Brittany,2.0,0.0,1.0,1.0,2.0,0.0,0.0,0.0,2.0,,,,,,,1.0,,,,,,,,,,,47,1,2020_Feb_04_1057,FaceNameBlocked_revised,3.0.0,99.63676817126041,,NaN
33,Fem3Block.csv,Lauren4.mp4,Lauren.JPG,Lauren,19.0,F,Brianna,Grace,Lauren,Hannah,Ashley,Rebecca,Michelle,Katie,Kayla,Brittany,2.0,0.0,1.0,1.0,2.0,,,,,0.0,2.0,2.0,2.0,,,,,, hannah,"['h', 'a', 'n', 'n', 'a', 'h']","[5.350325402992894, 5.5609794259944465, 5.699207735990058, 5.8519504360010615, 5.962063094993937, 6.072776531000272]",5.0,1.0,4.4979970139975185,,,47,1,2020_Feb_04_1057,FaceNameBlocked_revised,3.0.0,99.63676817126041,,5.3503254
100,Male2Block.csv,Mark3.mp4,Mark.JPG,Mark,50.0,M,Jason,Tyler,Brandon,Aaron,Jeremy,Mark,David,Steven,Andrew,Bradley,5.0,0.0,4.0,4.0,4.0,,,,,0.0,9.0,9.0,5.0,,,,,, tyler,"['t', 'y', 'l', 'e', 'r']","[7.668048331004684, 7.9190583170129685, 8.039187832007883, 8.320367781008827, 8.431185339009971]",2.0,1.0,7.899108331999741,,,47,1,2020_Feb_04_1057,FaceNameBlocked_revised,3.0.0,99.63676817126041,,7.6680483
81,Male2Block.csv,Mark3.mp4,Mark.JPG,Mark,50.0,M,Jason,Tyler,Brandon,Aaron,Jeremy,Mark,David,Steven,Andrew,Bradley,5.0,0.0,4.0,4.0,4.0,0.0,0.0,0.0,5.0,,,,,,,0.0,,,,,,,,,,,47,1,2020_Feb_04_1057,FaceNameBlocked_revised,3.0.0,99.63676817126041,,NaN
42,Male3Block.csv,Matthew2.mp4,Matthew.JPG,Matthew,51.0,M,Matthew,Michael,Cody,Trevor,Thomas,Kevin,Brian,Adam,Jacob,Caleb,0.0,0.0,2.0,2.0,5.0,0.0,1.0,1.0,0.0,,,,,,,0.0,,,,,,,,,,,47,1,2020_Feb_04_1057,FaceNameBlocked_revised,3.0.0,99.63676817126041,,NaN
56,Male3Block.csv,Matthew2.mp4,Matthew.JPG,Matthew,51.0,M,Matthew,Michael,Cody,Trevor,Thomas,Kevin,Brian,Adam,Jacob,Caleb,0.0,0.0,2.0,2.0,5.0,,,,,0.0,5.0,5.0,0.0,,,,,, bria,"['b', 'r', 'i', 'a', 'n', 'f13', 'f13', 'backspace']","[6.553779508001753, 6.735114840004826, 6.965830266999546, 7.086511290995986, 7.949042713997187, 8.811266140997759, 8.981817010004306, 9.74354656500509]",2.0,1.0,7.134619613992982,,,47,1,2020_Feb_04_1057,FaceNameBlocked_revised,3.0.0,99.63676817126041,,6.5537795
70,Fem1Block.csv,Megan2.mp4,Megan.JPG,Megan,20.0,F,Taylor,Haley,Megan,Jessica,Sarah,Courtney,Amanda,Shelby,Emily,Danielle,2.0,0.0,3.0,3.0,0.0,0.0,9.0,9.0,2.0,,,,,,,1.0,,,,,,,,,,,47,1,2020_Feb_04_1057,FaceNameBlocked_revised,3.0.0,99.63676817126041,,NaN
74,Fem1Block.csv,Megan2.mp4,Megan.JPG,Megan,20.0,F,Taylor,Haley,Megan,Jessica,Sarah,Courtney,Amanda,Shelby,Emily,Danielle,2.0,0.0,3.0,3.0,0.0,,,,,0.0,3.0,3.0,2.0,,,,,, megan,"['m', 'e', 'g', 'a', 'n']","[1.635965257009957, 1.758247123012552, 1.9597269990044879, 2.1076353670068784, 2.1996356100135017]",1.0,1.0,4.1249110310018295,,,47,1,2020_Feb_04_1057,FaceNameBlocked_revised,3.0.0,99.63676817126041,,1.6359652
59,Male3Block.csv,Michael2.mp4,Michael.JPG,Michael,52.0,M,Matthew,Michael,Cody,Trevor,Thomas,Kevin,Brian,Adam,Jacob,Caleb,1.0,0.0,2.0,2.0,5.0,,,,,0.0,8.0,8.0,1.0,,,,,, m,['m'],[9.41425719500694],4.0,4.0,4.196527384003275,,,47,1,2020_Feb_04_1057,FaceNameBlocked_revised,3.0.0,99.63676817126041,,9.4142571
50,Male3Block.csv,Michael2.mp4,Michael.JPG,Michael,52.0,M,Matthew,Michael,Cody,Trevor,Thomas,Kevin,Brian,Adam,Jacob,Caleb,1.0,0.0,2.0,2.0,5.0,0.0,9.0,9.0,1.0,,,,,,,1.0,,,,,,,,,,,47,1,2020_Feb_04_1057,FaceNameBlocked_revised,3.0.0,99.63676817126041,,NaN
26,Fem3Block.csv,Michelle2.mp4,Michelle.JPG,Michelle,21.0,F,Brianna,Grace,Lauren,Hannah,Ashley,Rebecca,Michelle,Katie,Kayla,Brittany,6.0,0.0,1.0,1.0,2.0,0.0,5.0,5.0,6.0,,,,,,,0.0,,,,,,,,,,,47,1,2020_Feb_04_1057,FaceNameBlocked_revised,3.0.0,99.63676817126041,,NaN
35,Fem3Block.csv,Michelle2.mp4,Michelle.JPG,Michelle,21.0,F,Brianna,Grace,Lauren,Hannah,Ashley,Rebecca,Michelle,Katie,Kayla,Brittany,6.0,0.0,1.0,1.0,2.0,,,,,0.0,4.0,4.0,6.0,,,,,, ,None,,4.0,5.0,4.236472129996399,,,47,1,2020_Feb_04_1057,FaceNameBlocked_revised,3.0.0,99.63676817126041,,NaN
14,Fem2Block.csv,Natalie3.mp4,Natalie.JPG,Natalie,22.0,F,Natalie,Alyssa,Jenna,Rachel,Anna,Olivia,Kelsey,Heather,Julia,Nicole,0.0,0.0,0.0,0.0,1.0,,,,,0.0,3.0,3.0,0.0,,,,,, olivia,"['o', 'l', 'i', 'v', 'i', 'a']","[3.744995771005051, 4.106139829003951, 4.538155223010108, 4.858988904001308, 4.999065536001581, 5.5711713890050305]",4.0,1.0,9.082333411992296,,,47,1,2020_Feb_04_1057,FaceNameBlocked_revised,3.0.0,99.63676817126041,,3.7449957
3,Fem2Block.csv,Natalie3.mp4,Natalie.JPG,Natalie,22.0,F,Natalie,Alyssa,Jenna,Rachel,Anna,Olivia,Kelsey,Heather,Julia,Nicole,0.0,0.0,0.0,0.0,1.0,0.0,2.0,2.0,0.0,,,,,,,0.0,,,,,,,,,,,47,1,2020_Feb_04_1057,FaceNameBlocked_revised,3.0.0,99.63676817126041,,NaN
118,Male1Block.csv,Nathan3.mp4,Nathan.JPG,Nathan,53.0,M,Daniel,Timothy,Nathan,Dylan,Justin,Josh,Ethan,Noah,Eric,Kyle,2.0,0.0,5.0,5.0,3.0,,,,,0.0,7.0,7.0,2.0,,,,,, ,"['j', 'backspace']","[8.952087142999517, 9.774762934990576]",3.0,3.0,9.392649950998019,,,47,1,2020_Feb_04_1057,FaceNameBlocked_revised,3.0.0,99.63676817126041,,8.9520871
101,Male1Block.csv,Nathan3.mp4,Nathan.JPG,Nathan,53.0,M,Daniel,Timothy,Nathan,Dylan,Justin,Josh,Ethan,Noah,Eric,Kyle,2.0,0.0,5.0,5.0,3.0,0.0,0.0,0.0,2.0,,,,,,,1.0,,,,,,,,,,,47,1,2020_Feb_04_1057,FaceNameBlocked_revised,3.0.0,99.63676817126041,,NaN
16,Fem2Block.csv,Nicole2.mp4,Nicole.JPG,Nicole,23.0,F,Natalie,Alyssa,Jenna,Rachel,Anna,Olivia,Kelsey,Heather,Julia,Nicole,9.0,0.0,0.0,0.0,1.0,,,,,0.0,5.0,5.0,9.0,,,,,, nicole,"['n', 'i', 'c', 'o', 'l', 'e']","[1.4056182780041127, 1.6685794920049375, 1.979750069003785, 2.109765082001104, 2.3489362110121874, 2.47053025700734]",3.0,3.0,1.5173029869911259,,,47,1,2020_Feb_04_1057,FaceNameBlocked_revised,3.0.0,99.63676817126041,,1.4056182
8,Fem2Block.csv,Nicole2.mp4,Nicole.JPG,Nicole,23.0,F,Natalie,Alyssa,Jenna,Rachel,Anna,Olivia,Kelsey,Heather,Julia,Nicole,9.0,0.0,0.0,0.0,1.0,0.0,7.0,7.0,9.0,,,,,,,1.0,,,,,,,,,,,47,1,2020_Feb_04_1057,FaceNameBlocked_revised,3.0.0,99.63676817126041,,NaN
115,Male1Block.csv,Noah2.mp4,Noah.JPG,Noah,54.0,M,Daniel,Timothy,Nathan,Dylan,Justin,Josh,Ethan,Noah,Eric,Kyle,7.0,0.0,5.0,5.0,3.0,,,,,0.0,4.0,4.0,7.0,,,,,, dy,"['d', 'y']","[9.67610193300061, 9.906417844002135]",2.0,1.0,4.706007211992984,,,47,1,2020_Feb_04_1057,FaceNameBlocked_revised,3.0.0,99.63676817126041,,9.6761019
105,Male1Block.csv,Noah2.mp4,Noah.JPG,Noah,54.0,M,Daniel,Timothy,Nathan,Dylan,Justin,Josh,Ethan,Noah,Eric,Kyle,7.0,0.0,5.0,5.0,3.0,0.0,4.0,4.0,7.0,,,,,,,1.0,,,,,,,,,,,47,1,2020_Feb_04_1057,FaceNameBlocked_revised,3.0.0,99.63676817126041,,NaN
18,Fem2Block.csv,Olivia3.mp4,Olivia.JPG,Olivia,24.0,F,Natalie,Alyssa,Jenna,Rachel,Anna,Olivia,Kelsey,Heather,Julia,Nicole,5.0,0.0,0.0,0.0,1.0,,,,,0.0,7.0,7.0,5.0,,,,,, ,None,,3.0,3.0,6.9966168499959185,,,47,1,2020_Feb_04_1057,FaceNameBlocked_revised,3.0.0,99.63676817126041,,NaN
7,Fem2Block.csv,Olivia3.mp4,Olivia.JPG,Olivia,24.0,F,Natalie,Alyssa,Jenna,Rachel,Anna,Olivia,Kelsey,Heather,Julia,Nicole,5.0,0.0,0.0,0.0,1.0,0.0,6.0,6.0,5.0,,,,,,,0.0,,,,,,,,,,,47,1,2020_Feb_04_1057,FaceNameBlocked_revised,3.0.0,99.63676817126041,,NaN
2,Fem2Block.csv,Rachel3.mp4,Rachel.JPG,Rachel,25.0,F,Natalie,Alyssa,Jenna,Rachel,Anna,Olivia,Kelsey,Heather,Julia,Nicole,3.0,0.0,0.0,0.0,1.0,0.0,1.0,1.0,3.0,,,,,,,0.0,,,,,,,,,,,47,1,2020_Feb_04_1057,FaceNameBlocked_revised,3.0.0,99.63676817126041,,NaN
13,Fem2Block.csv,Rachel3.mp4,Rachel.JPG,Rachel,25.0,F,Natalie,Alyssa,Jenna,Rachel,Anna,Olivia,Kelsey,Heather,Julia,Nicole,3.0,0.0,0.0,0.0,1.0,,,,,0.0,2.0,2.0,3.0,,,,,, rachel,"['r', 'a', 'c', 'h', 'e', 'l']","[2.881526650991873, 3.0723681719973683, 3.4227493079961278, 3.955193767993478, 4.23618338900269, 4.747808312997222]",3.0,3.0,3.814926146005746,,,47,1,2020_Feb_04_1057,FaceNameBlocked_revised,3.0.0,99.63676817126041,,2.8815266
38,Fem3Block.csv,Rebecca3.mp4,Rebecca.JPG,Rebecca,26.0,F,Brianna,Grace,Lauren,Hannah,Ashley,Rebecca,Michelle,Katie,Kayla,Brittany,5.0,0.0,1.0,1.0,2.0,,,,,0.0,7.0,7.0,5.0,,,,,, rebecca,"['r', 'e', 'b', 'e', 'c', 'c', 'a']","[1.735457717004465, 1.8963500820100307, 2.049136688001454, 2.167187498009298, 2.4099352630000794, 2.6007042590063065, 2.7713844440004323]",4.0,4.0,1.6354685850092208,,,47,1,2020_Feb_04_1057,FaceNameBlocked_revised,3.0.0,99.63676817126041,,1.7354577
30,Fem3Block.csv,Rebecca3.mp4,Rebecca.JPG,Rebecca,26.0,F,Brianna,Grace,Lauren,Hannah,Ashley,Rebecca,Michelle,Katie,Kayla,Brittany,5.0,0.0,1.0,1.0,2.0,0.0,9.0,9.0,5.0,,,,,,,0.0,,,,,,,,,,,47,1,2020_Feb_04_1057,FaceNameBlocked_revised,3.0.0,99.63676817126041,,NaN
67,Fem1Block.csv,Sarah2.mp4,Sarah.JPG,Sarah,27.0,F,Taylor,Haley,Megan,Jessica,Sarah,Courtney,Amanda,Shelby,Emily,Danielle,4.0,0.0,3.0,3.0,0.0,0.0,6.0,6.0,4.0,,,,,,,1.0,,,,,,,,,,,47,1,2020_Feb_04_1057,FaceNameBlocked_revised,3.0.0,99.63676817126041,,NaN
77,Fem1Block.csv,Sarah2.mp4,Sarah.JPG,Sarah,27.0,F,Taylor,Haley,Megan,Jessica,Sarah,Courtney,Amanda,Shelby,Emily,Danielle,4.0,0.0,3.0,3.0,0.0,,,,,0.0,6.0,6.0,4.0,,,,,, amanda,"['a', 'm', 'a', 'n', 'd', 'a']","[6.060801982006524, 6.17350374799571, 6.322946030006278, 6.493844679003814, 7.096179443993606, 7.215885836005327]",1.0,4.0,3.3738705980067607,,,47,1,2020_Feb_04_1057,FaceNameBlocked_revised,3.0.0,99.63676817126041,,6.0608019
68,Fem1Block.csv,Shelby2.mp4,Shelby.JPG,Shelby,28.0,F,Taylor,Haley,Megan,Jessica,Sarah,Courtney,Amanda,Shelby,Emily,Danielle,7.0,0.0,3.0,3.0,0.0,0.0,7.0,7.0,7.0,,,,,,,1.0,,,,,,,,,,,47,1,2020_Feb_04_1057,FaceNameBlocked_revised,3.0.0,99.63676817126041,,NaN
79,Fem1Block.csv,Shelby2.mp4,Shelby.JPG,Shelby,28.0,F,Taylor,Haley,Megan,Jessica,Sarah,Courtney,Amanda,Shelby,Emily,Danielle,7.0,0.0,3.0,3.0,0.0,,,,,0.0,8.0,8.0,7.0,,,,,, sar,"['s', 'a', 'r']","[9.173584913995, 9.364382661005948, 9.494666696002241]",5.0,5.0,3.1122760930011277,,,47,1,2020_Feb_04_1057,FaceNameBlocked_revised,3.0.0,99.63676817126041,,9.1735849
97,Male2Block.csv,Steven2.mp4,Steven.JPG,Steven,55.0,M,Jason,Tyler,Brandon,Aaron,Jeremy,Mark,David,Steven,Andrew,Bradley,7.0,0.0,4.0,4.0,4.0,,,,,0.0,6.0,6.0,7.0,,,,,, steven,"['s', 't', 'e', 'v', 'e', 'n']","[5.169639595012995, 5.4609072860039305, 5.641487615008373, 6.223194256002898, 6.364044379006373, 6.5146619160077535]",1.0,1.0,4.337639699995634,,,47,1,2020_Feb_04_1057,FaceNameBlocked_revised,3.0.0,99.63676817126041,,5.1696395
87,Male2Block.csv,Steven2.mp4,Steven.JPG,Steven,55.0,M,Jason,Tyler,Brandon,Aaron,Jeremy,Mark,David,Steven,Andrew,Bradley,7.0,0.0,4.0,4.0,4.0,0.0,6.0,6.0,7.0,,,,,,,1.0,,,,,,,,,,,47,1,2020_Feb_04_1057,FaceNameBlocked_revised,3.0.0,99.63676817126041,,NaN
71,Fem1Block.csv,Taylor4.mp4,Taylor.JPG,Taylor,29.0,F,Taylor,Haley,Megan,Jessica,Sarah,Courtney,Amanda,Shelby,Emily,Danielle,0.0,0.0,3.0,3.0,0.0,,,,,0.0,0.0,0.0,0.0,,,,space,2.8199220639944533, taylor,"['t', 'a', 'y', 'l', 'o', 'r']","[1.697682812999119, 1.908441286010202, 2.229472514009103, 2.430518031003885, 2.912295244008419, 3.062753853999311]",3.0,3.0,5.039579265998327,,,47,1,2020_Feb_04_1057,FaceNameBlocked_revised,3.0.0,99.63676817126041,,1.6976828
64,Fem1Block.csv,Taylor4.mp4,Taylor.JPG,Taylor,29.0,F,Taylor,Haley,Megan,Jessica,Sarah,Courtney,Amanda,Shelby,Emily,Danielle,0.0,0.0,3.0,3.0,0.0,0.0,3.0,3.0,0.0,,,,,,,0.0,,,,,,,,,,,47,1,2020_Feb_04_1057,FaceNameBlocked_revised,3.0.0,99.63676817126041,,NaN
47,Male3Block.csv,Thomas2.mp4,Thomas.JPG,Thomas,56.0,M,Matthew,Michael,Cody,Trevor,Thomas,Kevin,Brian,Adam,Jacob,Caleb,4.0,0.0,2.0,2.0,5.0,0.0,6.0,6.0,4.0,,,,,,,1.0,,,,,,,,,,,47,1,2020_Feb_04_1057,FaceNameBlocked_revised,3.0.0,99.63676817126041,,NaN
55,Male3Block.csv,Thomas2.mp4,Thomas.JPG,Thomas,56.0,M,Matthew,Michael,Cody,Trevor,Thomas,Kevin,Brian,Adam,Jacob,Caleb,4.0,0.0,2.0,2.0,5.0,,,,,0.0,4.0,4.0,4.0,,,,,, michael,"['m', 'i', 'c', 'h', 'a', 'e', 'l']","[7.578317400999367, 7.738384334996226, 7.868329866003478, 7.988893765999819, 8.310984219002421, 8.69169867799792, 8.812283883002237]",5.0,1.0,8.640693462992202,,,47,1,2020_Feb_04_1057,FaceNameBlocked_revised,3.0.0,99.63676817126041,,7.5783174
104,Male1Block.csv,Timothy3.mp4,Timothy.JPG,Timothy,57.0,M,Daniel,Timothy,Nathan,Dylan,Justin,Josh,Ethan,Noah,Eric,Kyle,1.0,0.0,5.0,5.0,3.0,0.0,3.0,3.0,1.0,,,,,,,1.0,,,,,,,,,,,47,1,2020_Feb_04_1057,FaceNameBlocked_revised,3.0.0,99.63676817126041,,NaN
116,Male1Block.csv,Timothy3.mp4,Timothy.JPG,Timothy,57.0,M,Daniel,Timothy,Nathan,Dylan,Justin,Josh,Ethan,Noah,Eric,Kyle,1.0,0.0,5.0,5.0,3.0,,,,,0.0,5.0,5.0,1.0,,,,,, nathan,"['n', 'a', 't', 'h', 'a', 'n']","[3.2233412970090285, 3.4132798640057445, 3.6241752979985904, 3.8225488860043697, 4.126072085011401, 4.23596388399892]",4.0,4.0,7.866790810003295,,,47,1,2020_Feb_04_1057,FaceNameBlocked_revised,3.0.0,99.63676817126041,,3.2233412
48,Male3Block.csv,Trevor2.mp4,Trevor.JPG,Trevor,58.0,M,Matthew,Michael,Cody,Trevor,Thomas,Kevin,Brian,Adam,Jacob,Caleb,3.0,0.0,2.0,2.0,5.0,0.0,7.0,7.0,3.0,,,,,,,0.0,,,,,,,,,,,47,1,2020_Feb_04_1057,FaceNameBlocked_revised,3.0.0,99.63676817126041,,NaN
53,Male3Block.csv,Trevor2.mp4,Trevor.JPG,Trevor,58.0,M,Matthew,Michael,Cody,Trevor,Thomas,Kevin,Brian,Adam,Jacob,Caleb,3.0,0.0,2.0,2.0,5.0,,,,,0.0,2.0,2.0,3.0,,,,,, trevor,"['t', 'r', 'e', 'v', 'o', 'r']","[1.6274677890032763, 2.026788685005158, 2.128754139004741, 2.239515779001522, 2.731187381010386, 2.8515690620115492]",4.0,4.0,2.8824980420031343,,,47,1,2020_Feb_04_1057,FaceNameBlocked_revised,3.0.0,99.63676817126041,,1.6274677
92,Male2Block.csv,Tyler3.mp4,Tyler.JPG,Tyler,59.0,M,Jason,Tyler,Brandon,Aaron,Jeremy,Mark,David,Steven,Andrew,Bradley,1.0,0.0,4.0,4.0,4.0,,,,,0.0,1.0,1.0,1.0,,,,,, brandon,"['b', 'r', 'a', 'n', 'd', 'o', 'n']","[4.44798671999888, 4.617856708995532, 4.778506963994005, 5.019443968994892, 5.240153664999525, 7.035423305002041, 7.24729541799752]",5.0,2.0,7.929075241991086,,,47,1,2020_Feb_04_1057,FaceNameBlocked_revised,3.0.0,99.63676817126041,,4.4479867
89,Male2Block.csv,Tyler3.mp4,Tyler.JPG,Tyler,59.0,M,Jason,Tyler,Brandon,Aaron,Jeremy,Mark,David,Steven,Andrew,Bradley,1.0,0.0,4.0,4.0,4.0,0.0,8.0,8.0,1.0,,,,,,,1.0,,,,,,,,,,,47,1,2020_Feb_04_1057,FaceNameBlocked_revised,3.0.0,99.63676817126041,,NaN
0,,,,,,,,,,,,,,,,,,,,,,,,,,,,,,space,93.43002568899828,,,,,,,,,,,,47,1,2020_Feb_04_1057,FaceNameBlocked_revised,3.0.0,99.63676817126041,,NaN
121,,,,,,,,,,,,,,,,,,,,,,,,,,,,,,,,,,,,,,,,,space,1.7687852849921908,47,1,2020_Feb_04_1057,FaceNameBlocked_revised,3.0.0,99.63676817126041,,NaN
