,condsBlockFile,Video,Photo,Name,Row,Gender,N1,N2,N3,N4,N5,N6,N7,N8,N9,N10,Row2,blocks.thisRepN,blocks.thisTrialN,blocks.thisN,blocks.thisIndex,presentations.thisRepN,presentations.thisTrialN,presentations.thisN,presentations.thisIndex,testing.thisRepN,testing.thisTrialN,testing.thisN,testing.thisIndex,advance_1.keys,advance_1.rt,currentCond,advance_2.keys,advance_2.rt,inputText,key_resp_3.keys,key_resp_3.rt,correctRecogSelection,keyResponse.keys,keyResponse.rt,end_key.keys,end_key.rt,participant,session,date,expName,psychopyVersion,frameRate,Unnamed: 48,key_resp3_fin
71,Male1Block.csv,Aaron2.mp4,Aaron.JPG,Aaron,30.0,M,Bradley,Brian,Daniel,Trevor,Nathan,Cody,Tyler,Aaron,Timothy,Steven,7.0,0.0,3.0,3.0,3.0,,,,,0.0,0.0,0.0,7.0,,,,space,6.847820903989486, brad,"['b', 'r', 'a', 'd']","[4.895817838027142, 5.07025574403815, 5.307395530049689, 5.471395442960784]",1.0,3.0,2.4484469039598484,,,48,1,2020_Feb_04_1057,FaceNameBlocked_revised,3.0.0,84.99620480645146,,4.8958178
69,Male1Block.csv,Aaron2.mp4,Aaron.JPG,Aaron,30.0,M,Bradley,Brian,Daniel,Trevor,Nathan,Cody,Tyler,Aaron,Timothy,Steven,7.0,0.0,3.0,3.0,3.0,0.0,8.0,8.0,7.0,,,,,,,1.0,,,,,,,,,,,48,1,2020_Feb_04_1057,FaceNameBlocked_revised,3.0.0,84.99620480645146,,NaN
51,Male2Block.csv,Adam4.mp4,Adam.JPG,Adam,31.0,M,Dylan,Adam,Jason,Michael,Justin,Jacob,Josh,Eric,Noah,David,1.0,0.0,2.0,2.0,4.0,,,,,0.0,0.0,0.0,1.0,,,,space,2.8143848950276156, ,None,,1.0,2.0,2.1875136429443955,,,48,1,2020_Feb_04_1057,FaceNameBlocked_revised,3.0.0,84.99620480645146,,NaN
47,Male2Block.csv,Adam4.mp4,Adam.JPG,Adam,31.0,M,Dylan,Adam,Jason,Michael,Justin,Jacob,Josh,Eric,Noah,David,1.0,0.0,2.0,2.0,4.0,0.0,6.0,6.0,1.0,,,,,,,0.0,,,,,,,,,,,48,1,2020_Feb_04_1057,FaceNameBlocked_revised,3.0.0,84.99620480645146,,NaN
87,Fem1Block.csv,Alyssa3.mp4,Alyssa.JPG,Alyssa,0.0,F,Katie,Rebecca,Alyssa,Grace,Olivia,Michelle,Emily,Jenna,Danielle,Heather,2.0,0.0,4.0,4.0,0.0,0.0,6.0,6.0,2.0,,,,,,,0.0,,,,,,,,,,,48,1,2020_Feb_04_1057,FaceNameBlocked_revised,3.0.0,84.99620480645146,,NaN
92,Fem1Block.csv,Alyssa3.mp4,Alyssa.JPG,Alyssa,0.0,F,Katie,Rebecca,Alyssa,Grace,Olivia,Michelle,Emily,Jenna,Danielle,Heather,2.0,0.0,4.0,4.0,0.0,,,,,0.0,1.0,1.0,2.0,,,,,, elisabeth,"['e', 'l', 'i', 's', 'a', 'b', 'e', 't', 'h']","[1.672415695968084, 1.8604720330331475, 2.072523141046986, 2.2727269160095602, 2.4135900490218773, 2.554886488011107, 2.717399675049819, 2.8369596659904346, 3.0371800659922883]",1.0,2.0,4.245357225998305,,,48,1,2020_Feb_04_1057,FaceNameBlocked_revised,3.0.0,84.99620480645146,,1.6724156
7,Fem3Block.csv,Amanda3.mp4,Amanda.JPG,Amanda,1.0,F,Megan,Brianna,Julia,Amanda,Shelby,Hannah,Lauren,Haley,Jessica,Courtney,3.0,0.0,0.0,0.0,2.0,0.0,6.0,6.0,3.0,,,,,,,0.0,,,,,,,,,,,48,1,2020_Feb_04_1057,FaceNameBlocked_revised,3.0.0,84.99620480645146,,NaN
14,Fem3Block.csv,Amanda3.mp4,Amanda.JPG,Amanda,1.0,F,Megan,Brianna,Julia,Amanda,Shelby,Hannah,Lauren,Haley,Jessica,Courtney,3.0,0.0,0.0,0.0,2.0,,,,,0.0,3.0,3.0,3.0,,,,,, kate,"['k', 'a', 't', 'e']","[6.753737078048289, 6.917357208090834, 7.082780173048377, 7.258585671079345]",4.0,2.0,2.9662178769940515,,,48,1,2020_Feb_04_1057,FaceNameBlocked_revised,3.0.0,84.99620480645146,,6.7537370
115,Male3Block.csv,Andrew2.mp4,Andrew.JPG,Andrew,32.0,M,Thomas,Kevin,Brandon,Caleb,Kyle,Matthew,Andrew,Jeremy,Ethan,Mark,6.0,0.0,5.0,5.0,5.0,,,,,0.0,4.0,4.0,6.0,,,,,, ethan,"['e', 't', 'h', 'a', 'n']","[3.6023081509629264, 4.131288906908594, 4.43721733498387, 4.8834377699531615, 5.519337587989867]",1.0,5.0,2.8359279839787632,,,48,1,2020_Feb_04_1057,FaceNameBlocked_revised,3.0.0,84.99620480645146,,3.6023081
109,Male3Block.csv,Andrew2.mp4,Andrew.JPG,Andrew,32.0,M,Thomas,Kevin,Brandon,Caleb,Kyle,Matthew,Andrew,Jeremy,Ethan,Mark,6.0,0.0,5.0,5.0,5.0,0.0,8.0,8.0,6.0,,,,,,,1.0,,,,,,,,,,,48,1,2020_Feb_04_1057,FaceNameBlocked_revised,3.0.0,84.99620480645146,,NaN
32,Fem2Block.csv,Anna3.mp4,Anna.JPG,Anna,2.0,F,Rachel,Sarah,Natalie,Kelsey,Ashley,Brittany,Taylor,Nicole,Anna,Kayla,8.0,0.0,1.0,1.0,1.0,,,,,0.0,1.0,1.0,8.0,,,,,, anna,"['a', 'n', 'n', 'a']","[2.0606399480020627, 2.1775249189231545, 2.353869395912625, 2.507381514995359]",4.0,4.0,1.86139538907446,,,48,1,2020_Feb_04_1057,FaceNameBlocked_revised,3.0.0,84.99620480645146,,2.0606399
27,Fem2Block.csv,Anna3.mp4,Anna.JPG,Anna,2.0,F,Rachel,Sarah,Natalie,Kelsey,Ashley,Brittany,Taylor,Nicole,Anna,Kayla,8.0,0.0,1.0,1.0,1.0,0.0,6.0,6.0,8.0,,,,,,,0.0,,,,,,,,,,,48,1,2020_Feb_04_1057,FaceNameBlocked_revised,3.0.0,84.99620480645146,,NaN
22,Fem2Block.csv,Ashley3.mp4,Ashley.JPG,Ashley,3.0,F,Rachel,Sarah,Natalie,Kelsey,Ashley,Brittany,Taylor,Nicole,Anna,Kayla,4.0,0.0,1.0,1.0,1.0,0.0,1.0,1.0,4.0,,,,,,,1.0,,,,,,,,,,,48,1,2020_Feb_04_1057,FaceNameBlocked_revised,3.0.0,84.99620480645146,,NaN
31,Fem2Block.csv,Ashley3.mp4,Ashley.JPG,Ashley,3.0,F,Rachel,Sarah,Natalie,Kelsey,Ashley,Brittany,Taylor,Nicole,Anna,Kayla,4.0,0.0,1.0,1.0,1.0,,,,,0.0,0.0,0.0,4.0,,,,space,17.174570746021345, kayla,"['k', 'a', 'y', 'l', 'a']","[3.083284999942407, 3.2247712679672986, 4.588595317909494, 5.105954160913825, 5.271267837961204]",4.0,3.0,1.6369592919945717,,,48,1,2020_Feb_04_1057,FaceNameBlocked_revised,3.0.0,84.99620480645146,,3.0832849
68,Male1Block.csv,Bradley3.mp4,Bradley.JPG,Bradley,33.0,M,Bradley,Brian,Daniel,Trevor,Nathan,Cody,Tyler,Aaron,Timothy,Steven,0.0,0.0,3.0,3.0,3.0,0.0,7.0,7.0,0.0,,,,,,,1.0,,,,,,,,,,,48,1,2020_Feb_04_1057,FaceNameBlocked_revised,3.0.0,84.99620480645146,,NaN
80,Male1Block.csv,Bradley3.mp4,Bradley.JPG,Bradley,33.0,M,Bradley,Brian,Daniel,Trevor,Nathan,Cody,Tyler,Aaron,Timothy,Steven,0.0,0.0,3.0,3.0,3.0,,,,,0.0,9.0,9.0,0.0,,,,,, cody,"['c', 'o', 'd', 'y']","[4.143305061967112, 4.683819356025197, 4.964307892951183, 5.530434109969065]",2.0,3.0,2.8716732929460704,,,48,1,2020_Feb_04_1057,FaceNameBlocked_revised,3.0.0,84.99620480645146,,4.1433050
110,Male3Block.csv,Brandon2.mp4,Brandon.JPG,Brandon,34.0,M,Thomas,Kevin,Brandon,Caleb,Kyle,Matthew,Andrew,Jeremy,Ethan,Mark,2.0,0.0,5.0,5.0,5.0,0.0,9.0,9.0,2.0,,,,,,,0.0,,,,,,,,,,,48,1,2020_Feb_04_1057,FaceNameBlocked_revised,3.0.0,84.99620480645146,,NaN
119,Male3Block.csv,Brandon2.mp4,Brandon.JPG,Brandon,34.0,M,Thomas,Kevin,Brandon,Caleb,Kyle,Matthew,Andrew,Jeremy,Ethan,Mark,2.0,0.0,5.0,5.0,5.0,,,,,0.0,8.0,8.0,2.0,,,,,, ,None,,2.0,4.0,4.26063269993756,,,48,1,2020_Feb_04_1057,FaceNameBlocked_revised,3.0.0,84.99620480645146,,NaN
63,Male1Block.csv,Brian2.mp4,Brian.JPG,Brian,35.0,M,Bradley,Brian,Daniel,Trevor,Nathan,Cody,Tyler,Aaron,Timothy,Steven,1.0,0.0,3.0,3.0,3.0,0.0,2.0,2.0,1.0,,,,,,,0.0,,,,,,,,,,,48,1,2020_Feb_04_1057,FaceNameBlocked_revised,3.0.0,84.99620480645146,,NaN
73,Male1Block.csv,Brian2.mp4,Brian.JPG,Brian,35.0,M,Bradley,Brian,Daniel,Trevor,Nathan,Cody,Tyler,Aaron,Timothy,Steven,1.0,0.0,3.0,3.0,3.0,,,,,0.0,2.0,2.0,1.0,,,,,, brock,"['b', 'r', 'o', 'c', 'k']","[1.8369259450118989, 2.1662341780029237, 2.753535549971275, 3.1069644739618525, 3.4362216510344297]",3.0,3.0,4.3784507639938965,,,48,1,2020_Feb_04_1057,FaceNameBlocked_revised,3.0.0,84.99620480645146,,1.8369259
9,Fem3Block.csv,Brianna2.mp4,Brianna.JPG,Brianna,4.0,F,Megan,Brianna,Julia,Amanda,Shelby,Hannah,Lauren,Haley,Jessica,Courtney,1.0,0.0,0.0,0.0,2.0,0.0,8.0,8.0,1.0,,,,,,,0.0,,,,,,,,,,,48,1,2020_Feb_04_1057,FaceNameBlocked_revised,3.0.0,84.99620480645146,,NaN
15,Fem3Block.csv,Brianna2.mp4,Brianna.JPG,Brianna,4.0,F,Megan,Brianna,Julia,Amanda,Shelby,Hannah,Lauren,Haley,Jessica,Courtney,1.0,0.0,0.0,0.0,2.0,,,,,0.0,4.0,4.0,1.0,,,,,, brianna,"['b', 'r', 'i', 'a', 'n', 'n', 'a']","[1.2476859119487926, 1.4361423179507256, 1.6708323019556701, 1.836027496960014, 2.0239868629723787, 2.164896682021208, 2.2709695799276233]",2.0,2.0,1.907962359022349,,,48,1,2020_Feb_04_1057,FaceNameBlocked_revised,3.0.0,84.99620480645146,,1.2476859
24,Fem2Block.csv,Brittany2.mp4,Brittany.JPG,Brittany,5.0,F,Rachel,Sarah,Natalie,Kelsey,Ashley,Brittany,Taylor,Nicole,Anna,Kayla,5.0,0.0,1.0,1.0,1.0,0.0,3.0,3.0,5.0,,,,,,,1.0,,,,,,,,,,,48,1,2020_Feb_04_1057,FaceNameBlocked_revised,3.0.0,84.99620480645146,,NaN
39,Fem2Block.csv,Brittany2.mp4,Brittany.JPG,Brittany,5.0,F,Rachel,Sarah,Natalie,Kelsey,Ashley,Brittany,Taylor,Nicole,Anna,Kayla,5.0,0.0,1.0,1.0,1.0,,,,,0.0,8.0,8.0,5.0,,,,,, emma,"['e', 'm', 'm', 'a']","[3.014054349041544, 3.190513610956259, 3.3544994039693847, 3.4373135350178927]",5.0,5.0,4.094778628903441,,,48,1,2020_Feb_04_1057,FaceNameBlocked_revised,3.0.0,84.99620480645146,,3.0140543
118,Male3Block.csv,Caleb5.mp4,Caleb.JPG,Caleb,36.0,M,Thomas,Kevin,Brandon,Caleb,Kyle,Matthew,Andrew,Jeremy,Ethan,Mark,3.0,0.0,5.0,5.0,5.0,,,,,0.0,7.0,7.0,3.0,,,,,, mark,"['m', 'a', 'r', 'k']","[2.977496591047384, 3.448399135028012, 3.9303627220215276, 4.589078904013149]",4.0,3.0,1.9289388470351696,,,48,1,2020_Feb_04_1057,FaceNameBlocked_revised,3.0.0,84.99620480645146,,2.9774965
101,Male3Block.csv,Caleb5.mp4,Caleb.JPG,Caleb,36.0,M,Thomas,Kevin,Brandon,Caleb,Kyle,Matthew,Andrew,Jeremy,Ethan,Mark,3.0,0.0,5.0,5.0,5.0,0.0,0.0,0.0,3.0,,,,,,,0.0,,,,,,,,,,,48,1,2020_Feb_04_1057,FaceNameBlocked_revised,3.0.0,84.99620480645146,,NaN
75,Male1Block.csv,Cody2.mp4,Cody.JPG,Cody,37.0,M,Bradley,Brian,Daniel,Trevor,Nathan,Cody,Tyler,Aaron,Timothy,Steven,5.0,0.0,3.0,3.0,3.0,,,,,0.0,4.0,4.0,5.0,,,,,, ,None,,4.0,3.0,2.7636814259458333,,,48,1,2020_Feb_04_1057,FaceNameBlocked_revised,3.0.0,84.99620480645146,,NaN
64,Male1Block.csv,Cody2.mp4,Cody.JPG,Cody,37.0,M,Bradley,Brian,Daniel,Trevor,Nathan,Cody,Tyler,Aaron,Timothy,Steven,5.0,0.0,3.0,3.0,3.0,0.0,3.0,3.0,5.0,,,,,,,1.0,,,,,,,,,,,48,1,2020_Feb_04_1057,FaceNameBlocked_revised,3.0.0,84.99620480645146,,NaN
2,Fem3Block.csv,Courtney2.mp4,Courtney.JPG,Courtney,6.0,F,Megan,Brianna,Julia,Amanda,Shelby,Hannah,Lauren,Haley,Jessica,Courtney,9.0,0.0,0.0,0.0,2.0,0.0,1.0,1.0,9.0,,,,,,,0.0,,,,,,,,,,,48,1,2020_Feb_04_1057,FaceNameBlocked_revised,3.0.0,84.99620480645146,,NaN
17,Fem3Block.csv,Courtney2.mp4,Courtney.JPG,Courtney,6.0,F,Megan,Brianna,Julia,Amanda,Shelby,Hannah,Lauren,Haley,Jessica,Courtney,9.0,0.0,0.0,0.0,2.0,,,,,0.0,6.0,6.0,9.0,,,,,, shelby,"['s', 'h', 'e', 'l', 'b', 'y']","[8.035102487076074, 8.164861471974291, 8.341434277012013, 8.764671756071039, 9.188033067039214, 9.341293313074857]",2.0,5.0,1.860132410074584,,,48,1,2020_Feb_04_1057,FaceNameBlocked_revised,3.0.0,84.99620480645146,,8.0351024
76,Male1Block.csv,Daniel3.mp4,Daniel.JPG,Daniel,38.0,M,Bradley,Brian,Daniel,Trevor,Nathan,Cody,Tyler,Aaron,Timothy,Steven,2.0,0.0,3.0,3.0,3.0,,,,,0.0,5.0,5.0,2.0,,,,,, daniel,"['d', 'a', 'n', 'i', 'e', 'l']","[3.2248944570310414, 3.505588427069597, 4.048231649096124, 4.412486430024728, 4.89483432599809, 5.471290750079788]",4.0,4.0,2.214517778949812,,,48,1,2020_Feb_04_1057,FaceNameBlocked_revised,3.0.0,84.99620480645146,,3.2248944
62,Male1Block.csv,Daniel3.mp4,Daniel.JPG,Daniel,38.0,M,Bradley,Brian,Daniel,Trevor,Nathan,Cody,Tyler,Aaron,Timothy,Steven,2.0,0.0,3.0,3.0,3.0,0.0,1.0,1.0,2.0,,,,,,,0.0,,,,,,,,,,,48,1,2020_Feb_04_1057,FaceNameBlocked_revised,3.0.0,84.99620480645146,,NaN
100,Fem1Block.csv,Danielle2.mp4,Danielle.JPG,Danielle,7.0,F,Katie,Rebecca,Alyssa,Grace,Olivia,Michelle,Emily,Jenna,Danielle,Heather,8.0,0.0,4.0,4.0,0.0,,,,,0.0,9.0,9.0,8.0,,,,,, emily,"['e', 'm', 'i', 'l', 'y']","[4.448763716965914, 4.57801911898423, 4.742780499975197, 5.013364286976866, 5.177762417937629]",5.0,5.0,4.530040893005207,,,48,1,2020_Feb_04_1057,FaceNameBlocked_revised,3.0.0,84.99620480645146,,4.4487637
84,Fem1Block.csv,Danielle2.mp4,Danielle.JPG,Danielle,7.0,F,Katie,Rebecca,Alyssa,Grace,Olivia,Michelle,Emily,Jenna,Danielle,Heather,8.0,0.0,4.0,4.0,0.0,0.0,3.0,3.0,8.0,,,,,,,0.0,,,,,,,,,,,48,1,2020_Feb_04_1057,FaceNameBlocked_revised,3.0.0,84.99620480645146,,NaN
56,Male2Block.csv,David2.mp4,David.JPG,David,39.0,M,Dylan,Adam,Jason,Michael,Justin,Jacob,Josh,Eric,Noah,David,9.0,0.0,2.0,2.0,4.0,,,,,0.0,5.0,5.0,9.0,,,,,, ,None,,4.0,2.0,3.8368601709371433,,,48,1,2020_Feb_04_1057,FaceNameBlocked_revised,3.0.0,84.99620480645146,,NaN
48,Male2Block.csv,David2.mp4,David.JPG,David,39.0,M,Dylan,Adam,Jason,Michael,Justin,Jacob,Josh,Eric,Noah,David,9.0,0.0,2.0,2.0,4.0,0.0,7.0,7.0,9.0,,,,,,,0.0,,,,,,,,,,,48,1,2020_Feb_04_1057,FaceNameBlocked_revised,3.0.0,84.99620480645146,,NaN
42,Male2Block.csv,Dylan3.mp4,Dylan.JPG,Dylan,40.0,M,Dylan,Adam,Jason,Michael,Justin,Jacob,Josh,Eric,Noah,David,0.0,0.0,2.0,2.0,4.0,0.0,1.0,1.0,0.0,,,,,,,1.0,,,,,,,,,,,48,1,2020_Feb_04_1057,FaceNameBlocked_revised,3.0.0,84.99620480645146,,NaN
53,Male2Block.csv,Dylan3.mp4,Dylan.JPG,Dylan,40.0,M,Dylan,Adam,Jason,Michael,Justin,Jacob,Josh,Eric,Noah,David,0.0,0.0,2.0,2.0,4.0,,,,,0.0,2.0,2.0,0.0,,,,,, brandon,"['b', 'r', 'a', 'n', 'd', 'o', 'n']","[1.8371540170628577, 2.1192280960967764, 2.353772310074419, 2.9308415451087058, 3.269969534012489, 3.8133070680778474, 4.129832330043428]",4.0,3.0,2.6814046970102936,,,48,1,2020_Feb_04_1057,FaceNameBlocked_revised,3.0.0,84.99620480645146,,1.8371540
96,Fem1Block.csv,Emily5.mp4,Emily.JPG,Emily,8.0,F,Katie,Rebecca,Alyssa,Grace,Olivia,Michelle,Emily,Jenna,Danielle,Heather,6.0,0.0,4.0,4.0,0.0,,,,,0.0,5.0,5.0,6.0,,,,,, olivia,"['o', 'l', 'i', 'v', 'i', 'a']","[2.742552376934327, 2.9545219920109957, 3.1546885889256373, 3.35467965900898, 3.4722488299012184, 3.8475710309576243]",1.0,2.0,1.3433975330553949,,,48,1,2020_Feb_04_1057,FaceNameBlocked_revised,3.0.0,84.99620480645146,,2.7425523
90,Fem1Block.csv,Emily5.mp4,Emily.JPG,Emily,8.0,F,Katie,Rebecca,Alyssa,Grace,Olivia,Michelle,Emily,Jenna,Danielle,Heather,6.0,0.0,4.0,4.0,0.0,0.0,9.0,9.0,6.0,,,,,,,1.0,,,,,,,,,,,48,1,2020_Feb_04_1057,FaceNameBlocked_revised,3.0.0,84.99620480645146,,NaN
54,Male2Block.csv,Eric2.mp4,Eric.JPG,Eric,41.0,M,Dylan,Adam,Jason,Michael,Justin,Jacob,Josh,Eric,Noah,David,7.0,0.0,2.0,2.0,4.0,,,,,0.0,3.0,3.0,7.0,,,,,, eric,"['e', 'r', 'i', 'c']","[1.5783988600596786, 1.718994991038926, 1.9191999089671299, 2.2368442179867998]",5.0,5.0,1.6601306529482829,,,48,1,2020_Feb_04_1057,FaceNameBlocked_revised,3.0.0,84.99620480645146,,1.5783988
46,Male2Block.csv,Eric2.mp4,Eric.JPG,Eric,41.0,M,Dylan,Adam,Jason,Michael,Justin,Jacob,Josh,Eric,Noah,David,7.0,0.0,2.0,2.0,4.0,0.0,5.0,5.0,7.0,,,,,,,1.0,,,,,,,,,,,48,1,2020_Feb_04_1057,FaceNameBlocked_revised,3.0.0,84.99620480645146,,NaN
103,Male3Block.csv,Ethan2.mp4,Ethan.JPG,Ethan,42.0,M,Thomas,Kevin,Brandon,Caleb,Kyle,Matthew,Andrew,Jeremy,Ethan,Mark,8.0,0.0,5.0,5.0,5.0,0.0,2.0,2.0,8.0,,,,,,,0.0,,,,,,,,,,,48,1,2020_Feb_04_1057,FaceNameBlocked_revised,3.0.0,84.99620480645146,,NaN
113,Male3Block.csv,Ethan2.mp4,Ethan.JPG,Ethan,42.0,M,Thomas,Kevin,Brandon,Caleb,Kyle,Matthew,Andrew,Jeremy,Ethan,Mark,8.0,0.0,5.0,5.0,5.0,,,,,0.0,2.0,2.0,8.0,,,,,, kevin,"['k', 'e', 'v', 'i', 'n']","[2.165841819019988, 2.566289482987486, 2.8952062589814886, 3.4130457589635625, 3.694853722001426]",1.0,4.0,1.552349547971971,,,48,1,2020_Feb_04_1057,FaceNameBlocked_revised,3.0.0,84.99620480645146,,2.1658418
94,Fem1Block.csv,Grace3.mp4,Grace.JPG,Grace,9.0,F,Katie,Rebecca,Alyssa,Grace,Olivia,Michelle,Emily,Jenna,Danielle,Heather,3.0,0.0,4.0,4.0,0.0,,,,,0.0,3.0,3.0,3.0,,,,,, grace,"['g', 'r', 'a', 'c', 'e']","[1.2958628750639036, 1.4606098249787465, 1.9552364699775353, 2.6252101419959217, 2.813455442083068]",3.0,3.0,1.6839758900459856,,,48,1,2020_Feb_04_1057,FaceNameBlocked_revised,3.0.0,84.99620480645146,,1.2958628
86,Fem1Block.csv,Grace3.mp4,Grace.JPG,Grace,9.0,F,Katie,Rebecca,Alyssa,Grace,Olivia,Michelle,Emily,Jenna,Danielle,Heather,3.0,0.0,4.0,4.0,0.0,0.0,5.0,5.0,3.0,,,,,,,0.0,,,,,,,,,,,48,1,2020_Feb_04_1057,FaceNameBlocked_revised,3.0.0,84.99620480645146,,NaN
11,Fem3Block.csv,Haley2.mp4,Haley.JPG,Haley,10.0,F,Megan,Brianna,Julia,Amanda,Shelby,Hannah,Lauren,Haley,Jessica,Courtney,7.0,0.0,0.0,0.0,2.0,,,,,0.0,0.0,0.0,7.0,,,,space,24.090245092986148, shelby ,"['s', 'h', 'e', 'semicolon', 'l', 'b', 'y', 'space']","[2.7786728990031406, 2.8844957610126585, 3.0840146590489894, 3.2963084960356355, 4.260647974093445, 5.072389275068417, 5.35444600705523, 8.047049574088305]",3.0,3.0,5.495399973005989,,,48,1,2020_Feb_04_1057,FaceNameBlocked_revised,3.0.0,84.99620480645146,,2.7786728
4,Fem3Block.csv,Haley2.mp4,Haley.JPG,Haley,10.0,F,Megan,Brianna,Julia,Amanda,Shelby,Hannah,Lauren,Haley,Jessica,Courtney,7.0,0.0,0.0,0.0,2.0,0.0,3.0,3.0,7.0,,,,,,,1.0,,,,,,,,,,,48,1,2020_Feb_04_1057,FaceNameBlocked_revised,3.0.0,84.99620480645146,,NaN
1,Fem3Block.csv,Hannah2.mp4,Hannah.JPG,Hannah,11.0,F,Megan,Brianna,Julia,Amanda,Shelby,Hannah,Lauren,Haley,Jessica,Courtney,5.0,0.0,0.0,0.0,2.0,0.0,0.0,0.0,5.0,,,,,,,1.0,,,,,,,,,,,48,1,2020_Feb_04_1057,FaceNameBlocked_revised,3.0.0,84.99620480645146,,NaN
12,Fem3Block.csv,Hannah2.mp4,Hannah.JPG,Hannah,11.0,F,Megan,Brianna,Julia,Amanda,Shelby,Hannah,Lauren,Haley,Jessica,Courtney,5.0,0.0,0.0,0.0,2.0,,,,,0.0,1.0,1.0,5.0,,,,,, aa,"['a', 'a']","[8.612247199052945, 8.823651505052112]",3.0,4.0,2.1762842810712755,,,48,1,2020_Feb_04_1057,FaceNameBlocked_revised,3.0.0,84.99620480645146,,8.6122471
88,Fem1Block.csv,Heather3.mp4,Heather.JPG,Heather,12.0,F,Katie,Rebecca,Alyssa,Grace,Olivia,Michelle,Emily,Jenna,Danielle,Heather,9.0,0.0,4.0,4.0,0.0,0.0,7.0,7.0,9.0,,,,,,,0.0,,,,,,,,,,,48,1,2020_Feb_04_1057,FaceNameBlocked_revised,3.0.0,84.99620480645146,,NaN
91,Fem1Block.csv,Heather3.mp4,Heather.JPG,Heather,12.0,F,Katie,Rebecca,Alyssa,Grace,Olivia,Michelle,Emily,Jenna,Danielle,Heather,9.0,0.0,4.0,4.0,0.0,,,,,0.0,0.0,0.0,9.0,,,,space,2.061325632967055, heather,"['h', 'e', 'a', 't', 'h', 'e', 'r']","[1.3676425219746307, 1.95531542703975, 2.2020860619377345, 3.131549810990691, 3.3780468229670078, 3.7422745160292834, 4.001853386987932]",5.0,5.0,1.7664130850462243,,,48,1,2020_Feb_04_1057,FaceNameBlocked_revised,3.0.0,84.99620480645146,,1.3676425
52,Male2Block.csv,Jacob3.mp4,Jacob.JPG,Jacob,43.0,M,Dylan,Adam,Jason,Michael,Justin,Jacob,Josh,Eric,Noah,David,5.0,0.0,2.0,2.0,4.0,,,,,0.0,1.0,1.0,5.0,,,,,, dylan,"['d', 'y', 'l', 'a', 'n']","[1.189828512025997, 1.6251301909796894, 2.295601995079778, 2.7182181170210242, 3.2241838270565495]",5.0,4.0,2.1430330079747364,,,48,1,2020_Feb_04_1057,FaceNameBlocked_revised,3.0.0,84.99620480645146,,1.1898285
41,Male2Block.csv,Jacob3.mp4,Jacob.JPG,Jacob,43.0,M,Dylan,Adam,Jason,Michael,Justin,Jacob,Josh,Eric,Noah,David,5.0,0.0,2.0,2.0,4.0,0.0,0.0,0.0,5.0,,,,,,,1.0,,,,,,,,,,,48,1,2020_Feb_04_1057,FaceNameBlocked_revised,3.0.0,84.99620480645146,,NaN
44,Male2Block.csv,Jason4.mp4,Jason.JPG,Jason,44.0,M,Dylan,Adam,Jason,Michael,Justin,Jacob,Josh,Eric,Noah,David,2.0,0.0,2.0,2.0,4.0,0.0,3.0,3.0,2.0,,,,,,,0.0,,,,,,,,,,,48,1,2020_Feb_04_1057,FaceNameBlocked_revised,3.0.0,84.99620480645146,,NaN
58,Male2Block.csv,Jason4.mp4,Jason.JPG,Jason,44.0,M,Dylan,Adam,Jason,Michael,Justin,Jacob,Josh,Eric,Noah,David,2.0,0.0,2.0,2.0,4.0,,,,,0.0,7.0,7.0,2.0,,,,,, ,None,,4.0,2.0,2.181164936046116,,,48,1,2020_Feb_04_1057,FaceNameBlocked_revised,3.0.0,84.99620480645146,,NaN
81,Fem1Block.csv,Jenna4.mp4,Jenna.JPG,Jenna,13.0,F,Katie,Rebecca,Alyssa,Grace,Olivia,Michelle,Emily,Jenna,Danielle,Heather,7.0,0.0,4.0,4.0,0.0,0.0,0.0,0.0,7.0,,,,,,,1.0,,,,,,,,,,,48,1,2020_Feb_04_1057,FaceNameBlocked_revised,3.0.0,84.99620480645146,,NaN
93,Fem1Block.csv,Jenna4.mp4,Jenna.JPG,Jenna,13.0,F,Katie,Rebecca,Alyssa,Grace,Olivia,Michelle,Emily,Jenna,Danielle,Heather,7.0,0.0,4.0,4.0,0.0,,,,,0.0,2.0,2.0,7.0,,,,,, danielle,"['d', 'a', 'n', 'e', 'backspace', 'i', 'e', 'l', 'l', 'e']","[4.118254306958988, 4.341505817952566, 4.488489437033422, 4.635451848967932, 5.140489147044718, 5.694263488985598, 5.894045099965297, 6.200253566959873, 6.376154487021267, 6.50521460804157]",4.0,3.0,4.083204432972707,,,48,1,2020_Feb_04_1057,FaceNameBlocked_revised,3.0.0,84.99620480645146,,4.1182543
104,Male3Block.csv,Jeremy2.mp4,Jeremy.JPG,Jeremy,45.0,M,Thomas,Kevin,Brandon,Caleb,Kyle,Matthew,Andrew,Jeremy,Ethan,Mark,7.0,0.0,5.0,5.0,5.0,0.0,3.0,3.0,7.0,,,,,,,1.0,,,,,,,,,,,48,1,2020_Feb_04_1057,FaceNameBlocked_revised,3.0.0,84.99620480645146,,NaN
114,Male3Block.csv,Jeremy2.mp4,Jeremy.JPG,Jeremy,45.0,M,Thomas,Kevin,Brandon,Caleb,Kyle,Matthew,Andrew,Jeremy,Ethan,Mark,7.0,0.0,5.0,5.0,5.0,,,,,0.0,3.0,3.0,7.0,,,,,, jeremy,"['j', 'e', 'r', 'e', 'm', 'y']","[1.8726987059926614, 2.2603796079056337, 2.507132518920116, 2.6725059039890766, 3.354227697942406, 3.672569775953889]",1.0,1.0,1.1441510120639578,,,48,1,2020_Feb_04_1057,FaceNameBlocked_revised,3.0.0,84.99620480645146,,1.8726987
18,Fem3Block.csv,Jessica2.mp4,Jessica.JPG,Jessica,14.0,F,Megan,Brianna,Julia,Amanda,Shelby,Hannah,Lauren,Haley,Jessica,Courtney,8.0,0.0,0.0,0.0,2.0,,,,,0.0,7.0,7.0,8.0,,,,,, ,None,,5.0,1.0,2.0008691690163687,,,48,1,2020_Feb_04_1057,FaceNameBlocked_revised,3.0.0,84.99620480645146,,NaN
8,Fem3Block.csv,Jessica2.mp4,Jessica.JPG,Jessica,14.0,F,Megan,Brianna,Julia,Amanda,Shelby,Hannah,Lauren,Haley,Jessica,Courtney,8.0,0.0,0.0,0.0,2.0,0.0,7.0,7.0,8.0,,,,,,,0.0,,,,,,,,,,,48,1,2020_Feb_04_1057,FaceNameBlocked_revised,3.0.0,84.99620480645146,,NaN
57,Male2Block.csv,Josh3.mp4,Josh.JPG,Josh,46.0,M,Dylan,Adam,Jason,Michael,Justin,Jacob,Josh,Eric,Noah,David,6.0,0.0,2.0,2.0,4.0,,,,,0.0,6.0,6.0,6.0,,,,,, noah,"['n', 'o', 'a', 'h']","[1.7789516260381788, 2.1667147130938247, 2.6369721851078793, 3.672314087045379]",5.0,3.0,1.271487080026418,,,48,1,2020_Feb_04_1057,FaceNameBlocked_revised,3.0.0,84.99620480645146,,1.7789516
43,Male2Block.csv,Josh3.mp4,Josh.JPG,Josh,46.0,M,Dylan,Adam,Jason,Michael,Justin,Jacob,Josh,Eric,Noah,David,6.0,0.0,2.0,2.0,4.0,0.0,2.0,2.0,6.0,,,,,,,1.0,,,,,,,,,,,48,1,2020_Feb_04_1057,FaceNameBlocked_revised,3.0.0,84.99620480645146,,NaN
16,Fem3Block.csv,Julia2.mp4,Julia.JPG,Julia,15.0,F,Megan,Brianna,Julia,Amanda,Shelby,Hannah,Lauren,Haley,Jessica,Courtney,2.0,0.0,0.0,0.0,2.0,,,,,0.0,5.0,5.0,2.0,,,,,, lauren,"['l', 'a', 'u', 'r', 'e', 'n']","[2.590471788076684, 3.143392938072793, 3.3783957969862968, 3.578297791071236, 3.801805470022373, 3.9310930400388315]",4.0,2.0,1.7777472930029037,,,48,1,2020_Feb_04_1057,FaceNameBlocked_revised,3.0.0,84.99620480645146,,2.5904717
5,Fem3Block.csv,Julia2.mp4,Julia.JPG,Julia,15.0,F,Megan,Brianna,Julia,Amanda,Shelby,Hannah,Lauren,Haley,Jessica,Courtney,2.0,0.0,0.0,0.0,2.0,0.0,4.0,4.0,2.0,,,,,,,0.0,,,,,,,,,,,48,1,2020_Feb_04_1057,FaceNameBlocked_revised,3.0.0,84.99620480645146,,NaN
49,Male2Block.csv,Justin2.mp4,Justin.JPG,Justin,47.0,M,Dylan,Adam,Jason,Michael,Justin,Jacob,Josh,Eric,Noah,David,4.0,0.0,2.0,2.0,4.0,0.0,8.0,8.0,4.0,,,,,,,1.0,,,,,,,,,,,48,1,2020_Feb_04_1057,FaceNameBlocked_revised,3.0.0,84.99620480645146,,NaN
55,Male2Block.csv,Justin2.mp4,Justin.JPG,Justin,47.0,M,Dylan,Adam,Jason,Michael,Justin,Jacob,Josh,Eric,Noah,David,4.0,0.0,2.0,2.0,4.0,,,,,0.0,4.0,4.0,4.0,,,,,, ,None,,1.0,2.0,1.6586079490371048,,,48,1,2020_Feb_04_1057,FaceNameBlocked_revised,3.0.0,84.99620480645146,,NaN
97,Fem1Block.csv,Katie2.mp4,Katie.JPG,Katie,16.0,F,Katie,Rebecca,Alyssa,Grace,Olivia,Michelle,Emily,Jenna,Danielle,Heather,0.0,0.0,4.0,4.0,0.0,,,,,0.0,6.0,6.0,0.0,,,,,, katie,"['k', 'a', 't', 'i', 'e']","[2.2134291720576584, 2.740942863980308, 2.965808702982031, 3.2840409430209547, 3.401133937994018]",1.0,1.0,1.7200748280156404,,,48,1,2020_Feb_04_1057,FaceNameBlocked_revised,3.0.0,84.99620480645146,,2.2134291
85,Fem1Block.csv,Katie2.mp4,Katie.JPG,Katie,16.0,F,Katie,Rebecca,Alyssa,Grace,Olivia,Michelle,Emily,Jenna,Danielle,Heather,0.0,0.0,4.0,4.0,0.0,0.0,4.0,4.0,0.0,,,,,,,1.0,,,,,,,,,,,48,1,2020_Feb_04_1057,FaceNameBlocked_revised,3.0.0,84.99620480645146,,NaN
25,Fem2Block.csv,Kayla3.mp4,Kayla.JPG,Kayla,17.0,F,Rachel,Sarah,Natalie,Kelsey,Ashley,Brittany,Taylor,Nicole,Anna,Kayla,9.0,0.0,1.0,1.0,1.0,0.0,4.0,4.0,9.0,,,,,,,0.0,,,,,,,,,,,48,1,2020_Feb_04_1057,FaceNameBlocked_revised,3.0.0,84.99620480645146,,NaN
33,Fem2Block.csv,Kayla3.mp4,Kayla.JPG,Kayla,17.0,F,Rachel,Sarah,Natalie,Kelsey,Ashley,Brittany,Taylor,Nicole,Anna,Kayla,9.0,0.0,1.0,1.0,1.0,,,,,0.0,2.0,2.0,9.0,,,,,, kayla,"['k', 'a', 'y', 'l', 'a']","[3.9075695630162954, 4.072235941071995, 4.237040992011316, 5.001619602087885, 5.1539012170396745]",2.0,2.0,1.5194596969522536,,,48,1,2020_Feb_04_1057,FaceNameBlocked_revised,3.0.0,84.99620480645146,,3.9075695
28,Fem2Block.csv,Kelsey2.mp4,Kelsey.JPG,Kelsey,18.0,F,Rachel,Sarah,Natalie,Kelsey,Ashley,Brittany,Taylor,Nicole,Anna,Kayla,3.0,0.0,1.0,1.0,1.0,0.0,7.0,7.0,3.0,,,,,,,0.0,,,,,,,,,,,48,1,2020_Feb_04_1057,FaceNameBlocked_revised,3.0.0,84.99620480645146,,NaN
35,Fem2Block.csv,Kelsey2.mp4,Kelsey.JPG,Kelsey,18.0,F,Rachel,Sarah,Natalie,Kelsey,Ashley,Brittany,Taylor,Nicole,Anna,Kayla,3.0,0.0,1.0,1.0,1.0,,,,,0.0,4.0,4.0,3.0,,,,,, ashley,"['a', 'a', 'backspace', 's', 'h', 'l', 'e', 'y']","[2.0601415819255635, 2.1658033409621567, 3.0829658169532195, 3.236638962989673, 3.7657139549264684, 4.1179912919178605, 4.24702673102729, 4.494242936954834]",5.0,4.0,3.4583250780124217,,,48,1,2020_Feb_04_1057,FaceNameBlocked_revised,3.0.0,84.99620480645146,,2.0601415
102,Male3Block.csv,Kevin2.mp4,Kevin.JPG,Kevin,48.0,M,Thomas,Kevin,Brandon,Caleb,Kyle,Matthew,Andrew,Jeremy,Ethan,Mark,1.0,0.0,5.0,5.0,5.0,0.0,1.0,1.0,1.0,,,,,,,0.0,,,,,,,,,,,48,1,2020_Feb_04_1057,FaceNameBlocked_revised,3.0.0,84.99620480645146,,NaN
117,Male3Block.csv,Kevin2.mp4,Kevin.JPG,Kevin,48.0,M,Thomas,Kevin,Brandon,Caleb,Kyle,Matthew,Andrew,Jeremy,Ethan,Mark,1.0,0.0,5.0,5.0,5.0,,,,,0.0,6.0,6.0,1.0,,,,,, caleb,"['c', 'a', 'l', 'e', 'b']","[1.9547244539717212, 2.2839584610192105, 2.836592035018839, 3.165906748967245, 3.683692933060229]",5.0,1.0,4.057141770957969,,,48,1,2020_Feb_04_1057,FaceNameBlocked_revised,3.0.0,84.99620480645146,,1.9547244
111,Male3Block.csv,Kyle3.mp4,Kyle.JPG,Kyle,49.0,M,Thomas,Kevin,Brandon,Caleb,Kyle,Matthew,Andrew,Jeremy,Ethan,Mark,4.0,0.0,5.0,5.0,5.0,,,,,0.0,0.0,0.0,4.0,,,,space,5.484285920043477, ethan,"['e', 't', 'h', 'a', 'n']","[2.3316626941086724, 2.484613706008531, 3.025222402997315, 3.260769176064059, 3.719404273084365]",4.0,1.0,1.4843326929258185,,,48,1,2020_Feb_04_1057,FaceNameBlocked_revised,3.0.0,84.99620480645146,,2.3316626
105,Male3Block.csv,Kyle3.mp4,Kyle.JPG,Kyle,49.0,M,Thomas,Kevin,Brandon,Caleb,Kyle,Matthew,Andrew,Jeremy,Ethan,Mark,4.0,0.0,5.0,5.0,5.0,0.0,4.0,4.0,4.0,,,,,,,1.0,,,,,,,,,,,48,1,2020_Feb_04_1057,FaceNameBlocked_revised,3.0.0,84.99620480645146,,NaN
13,Fem3Block.csv,Lauren4.mp4,Lauren.JPG,Lauren,19.0,F,Megan,Brianna,Julia,Amanda,Shelby,Hannah,Lauren,Haley,Jessica,Courtney,6.0,0.0,0.0,0.0,2.0,,,,,0.0,2.0,2.0,6.0,,,,,, hannah,"['h', 'a', 'n', 'n', 'a', 'h']","[3.483791025937535, 3.848347031045705, 4.0013102979864925, 4.318041760008782, 4.648152068955824, 5.047401066985913]",3.0,5.0,2.6488310449058186,,,48,1,2020_Feb_04_1057,FaceNameBlocked_revised,3.0.0,84.99620480645146,,3.4837910
6,Fem3Block.csv,Lauren4.mp4,Lauren.JPG,Lauren,19.0,F,Megan,Brianna,Julia,Amanda,Shelby,Hannah,Lauren,Haley,Jessica,Courtney,6.0,0.0,0.0,0.0,2.0,0.0,5.0,5.0,6.0,,,,,,,1.0,,,,,,,,,,,48,1,2020_Feb_04_1057,FaceNameBlocked_revised,3.0.0,84.99620480645146,,NaN
106,Male3Block.csv,Mark3.mp4,Mark.JPG,Mark,50.0,M,Thomas,Kevin,Brandon,Caleb,Kyle,Matthew,Andrew,Jeremy,Ethan,Mark,9.0,0.0,5.0,5.0,5.0,0.0,5.0,5.0,9.0,,,,,,,0.0,,,,,,,,,,,48,1,2020_Feb_04_1057,FaceNameBlocked_revised,3.0.0,84.99620480645146,,NaN
112,Male3Block.csv,Mark3.mp4,Mark.JPG,Mark,50.0,M,Thomas,Kevin,Brandon,Caleb,Kyle,Matthew,Andrew,Jeremy,Ethan,Mark,9.0,0.0,5.0,5.0,5.0,,,,,0.0,1.0,1.0,9.0,,,,,, kyle,"['k', 'y', 'l', 'e']","[3.140715670073405, 3.6600881119957194, 4.212979873060249, 4.824774302076548]",4.0,4.0,2.8939631580142304,,,48,1,2020_Feb_04_1057,FaceNameBlocked_revised,3.0.0,84.99620480645146,,3.1407156
108,Male3Block.csv,Matthew2.mp4,Matthew.JPG,Matthew,51.0,M,Thomas,Kevin,Brandon,Caleb,Kyle,Matthew,Andrew,Jeremy,Ethan,Mark,5.0,0.0,5.0,5.0,5.0,0.0,7.0,7.0,5.0,,,,,,,1.0,,,,,,,,,,,48,1,2020_Feb_04_1057,FaceNameBlocked_revised,3.0.0,84.99620480645146,,NaN
116,Male3Block.csv,Matthew2.mp4,Matthew.JPG,Matthew,51.0,M,Thomas,Kevin,Brandon,Caleb,Kyle,Matthew,Andrew,Jeremy,Ethan,Mark,5.0,0.0,5.0,5.0,5.0,,,,,0.0,5.0,5.0,5.0,,,,,, brandon,"['b', 'r', 'a', 'n', 'd', 'o', 'm', 'backspace', 'n']","[2.754885929985903, 3.0821871369844303, 3.378231965005398, 4.081787255010568, 4.495270558050834, 4.976838088943623, 5.235559946973808, 6.810555672040209, 7.600457145948894]",5.0,1.0,3.177958050975576,,,48,1,2020_Feb_04_1057,FaceNameBlocked_revised,3.0.0,84.99620480645146,,2.7548859
19,Fem3Block.csv,Megan2.mp4,Megan.JPG,Megan,20.0,F,Megan,Brianna,Julia,Amanda,Shelby,Hannah,Lauren,Haley,Jessica,Courtney,0.0,0.0,0.0,0.0,2.0,,,,,0.0,8.0,8.0,0.0,,,,,, hannah,"['h', 'a', 'n', 'n', 'a', 'h']","[3.389998233062215, 3.730730223003775, 3.907025731052272, 4.060434211976826, 4.154492644011043, 4.342368751997128]",4.0,4.0,3.789482014952228,,,48,1,2020_Feb_04_1057,FaceNameBlocked_revised,3.0.0,84.99620480645146,,3.3899982
3,Fem3Block.csv,Megan2.mp4,Megan.JPG,Megan,20.0,F,Megan,Brianna,Julia,Amanda,Shelby,Hannah,Lauren,Haley,Jessica,Courtney,0.0,0.0,0.0,0.0,2.0,0.0,2.0,2.0,0.0,,,,,,,1.0,,,,,,,,,,,48,1,2020_Feb_04_1057,FaceNameBlocked_revised,3.0.0,84.99620480645146,,NaN
60,Male2Block.csv,Michael2.mp4,Michael.JPG,Michael,52.0,M,Dylan,Adam,Jason,Michael,Justin,Jacob,Josh,Eric,Noah,David,3.0,0.0,2.0,2.0,4.0,,,,,0.0,9.0,9.0,3.0,,,,,, micheal,"['m', 'i', 'c', 'h', 'e', 'a', 'l']","[2.2586945130024105, 2.5294009749777615, 2.706044812919572, 2.892436248017475, 3.024044206016697, 3.388017877936363, 3.8001439339714125]",1.0,1.0,1.5421365230577069,,,48,1,2020_Feb_04_1057,FaceNameBlocked_revised,3.0.0,84.99620480645146,,2.2586945
45,Male2Block.csv,Michael2.mp4,Michael.JPG,Michael,52.0,M,Dylan,Adam,Jason,Michael,Justin,Jacob,Josh,Eric,Noah,David,3.0,0.0,2.0,2.0,4.0,0.0,4.0,4.0,3.0,,,,,,,0.0,,,,,,,,,,,48,1,2020_Feb_04_1057,FaceNameBlocked_revised,3.0.0,84.99620480645146,,NaN
82,Fem1Block.csv,Michelle2.mp4,Michelle.JPG,Michelle,21.0,F,Katie,Rebecca,Alyssa,Grace,Olivia,Michelle,Emily,Jenna,Danielle,Heather,5.0,0.0,4.0,4.0,0.0,0.0,1.0,1.0,5.0,,,,,,,1.0,,,,,,,,,,,48,1,2020_Feb_04_1057,FaceNameBlocked_revised,3.0.0,84.99620480645146,,NaN
95,Fem1Block.csv,Michelle2.mp4,Michelle.JPG,Michelle,21.0,F,Katie,Rebecca,Alyssa,Grace,Olivia,Michelle,Emily,Jenna,Danielle,Heather,5.0,0.0,4.0,4.0,0.0,,,,,0.0,4.0,4.0,5.0,,,,,, michelle,"['m', 'i', 'c', 'h', 'e', 'l', 'l', 'e']","[2.188717623008415, 2.400994996074587, 2.624104436021298, 2.8713740539969876, 3.0596324810758233, 3.3418046040460467, 3.4946187040768564, 3.6117040819954127]",4.0,4.0,2.0015709499130026,,,48,1,2020_Feb_04_1057,FaceNameBlocked_revised,3.0.0,84.99620480645146,,2.1887176
26,Fem2Block.csv,Natalie3.mp4,Natalie.JPG,Natalie,22.0,F,Rachel,Sarah,Natalie,Kelsey,Ashley,Brittany,Taylor,Nicole,Anna,Kayla,2.0,0.0,1.0,1.0,1.0,0.0,5.0,5.0,2.0,,,,,,,0.0,,,,,,,,,,,48,1,2020_Feb_04_1057,FaceNameBlocked_revised,3.0.0,84.99620480645146,,NaN
37,Fem2Block.csv,Natalie3.mp4,Natalie.JPG,Natalie,22.0,F,Rachel,Sarah,Natalie,Kelsey,Ashley,Brittany,Taylor,Nicole,Anna,Kayla,2.0,0.0,1.0,1.0,1.0,,,,,0.0,6.0,6.0,2.0,,,,,, sarah,"['s', 'a', 'r', 'a', 'h']","[2.3899581029545516, 2.6369564079213887, 2.7661628489149734, 3.3189035248942673, 3.5773336068959907]",2.0,2.0,3.353753173025325,,,48,1,2020_Feb_04_1057,FaceNameBlocked_revised,3.0.0,84.99620480645146,,2.3899581
78,Male1Block.csv,Nathan3.mp4,Nathan.JPG,Nathan,53.0,M,Bradley,Brian,Daniel,Trevor,Nathan,Cody,Tyler,Aaron,Timothy,Steven,4.0,0.0,3.0,3.0,3.0,,,,,0.0,7.0,7.0,4.0,,,,,, nathan,"['n', 'a', 't', 'h', 'a', 'n']","[2.4235314700054005, 2.8479862730018795, 3.400917417020537, 3.611953451996669, 4.0121827949769795, 4.552945483941585]",5.0,5.0,1.8473880029050636,,,48,1,2020_Feb_04_1057,FaceNameBlocked_revised,3.0.0,84.99620480645146,,2.4235314
61,Male1Block.csv,Nathan3.mp4,Nathan.JPG,Nathan,53.0,M,Bradley,Brian,Daniel,Trevor,Nathan,Cody,Tyler,Aaron,Timothy,Steven,4.0,0.0,3.0,3.0,3.0,0.0,0.0,0.0,4.0,,,,,,,1.0,,,,,,,,,,,48,1,2020_Feb_04_1057,FaceNameBlocked_revised,3.0.0,84.99620480645146,,NaN
23,Fem2Block.csv,Nicole2.mp4,Nicole.JPG,Nicole,23.0,F,Rachel,Sarah,Natalie,Kelsey,Ashley,Brittany,Taylor,Nicole,Anna,Kayla,7.0,0.0,1.0,1.0,1.0,0.0,2.0,2.0,7.0,,,,,,,1.0,,,,,,,,,,,48,1,2020_Feb_04_1057,FaceNameBlocked_revised,3.0.0,84.99620480645146,,NaN
36,Fem2Block.csv,Nicole2.mp4,Nicole.JPG,Nicole,23.0,F,Rachel,Sarah,Natalie,Kelsey,Ashley,Brittany,Taylor,Nicole,Anna,Kayla,7.0,0.0,1.0,1.0,1.0,,,,,0.0,5.0,5.0,7.0,,,,,, nicole,"['n', 'i', 'c', 'o', 'l', 'e']","[2.9664546289714053, 3.0961562359007075, 3.4598589868983254, 3.589671589899808, 3.7893262929283082, 3.9187956429086626]",1.0,1.0,1.7789287510095164,,,48,1,2020_Feb_04_1057,FaceNameBlocked_revised,3.0.0,84.99620480645146,,2.9664546
59,Male2Block.csv,Noah2.mp4,Noah.JPG,Noah,54.0,M,Dylan,Adam,Jason,Michael,Justin,Jacob,Josh,Eric,Noah,David,8.0,0.0,2.0,2.0,4.0,,,,,0.0,8.0,8.0,8.0,,,,,, ,None,,2.0,5.0,3.1654024709714577,,,48,1,2020_Feb_04_1057,FaceNameBlocked_revised,3.0.0,84.99620480645146,,NaN
50,Male2Block.csv,Noah2.mp4,Noah.JPG,Noah,54.0,M,Dylan,Adam,Jason,Michael,Justin,Jacob,Josh,Eric,Noah,David,8.0,0.0,2.0,2.0,4.0,0.0,9.0,9.0,8.0,,,,,,,0.0,,,,,,,,,,,48,1,2020_Feb_04_1057,FaceNameBlocked_revised,3.0.0,84.99620480645146,,NaN
89,Fem1Block.csv,Olivia3.mp4,Olivia.JPG,Olivia,24.0,F,Katie,Rebecca,Alyssa,Grace,Olivia,Michelle,Emily,Jenna,Danielle,Heather,4.0,0.0,4.0,4.0,0.0,0.0,8.0,8.0,4.0,,,,,,,1.0,,,,,,,,,,,48,1,2020_Feb_04_1057,FaceNameBlocked_revised,3.0.0,84.99620480645146,,NaN
98,Fem1Block.csv,Olivia3.mp4,Olivia.JPG,Olivia,24.0,F,Katie,Rebecca,Alyssa,Grace,Olivia,Michelle,Emily,Jenna,Danielle,Heather,4.0,0.0,4.0,4.0,0.0,,,,,0.0,7.0,7.0,4.0,,,,,, emily,"['e', 'm', 'i', 'l', 'y']","[2.5432041339809075, 2.6139004909200594, 2.8377173750195652, 3.0377190279541537, 3.225792672019452]",5.0,4.0,1.5792198580456898,,,48,1,2020_Feb_04_1057,FaceNameBlocked_revised,3.0.0,84.99620480645146,,2.5432041
21,Fem2Block.csv,Rachel3.mp4,Rachel.JPG,Rachel,25.0,F,Rachel,Sarah,Natalie,Kelsey,Ashley,Brittany,Taylor,Nicole,Anna,Kayla,0.0,0.0,1.0,1.0,1.0,0.0,0.0,0.0,0.0,,,,,,,1.0,,,,,,,,,,,48,1,2020_Feb_04_1057,FaceNameBlocked_revised,3.0.0,84.99620480645146,,NaN
40,Fem2Block.csv,Rachel3.mp4,Rachel.JPG,Rachel,25.0,F,Rachel,Sarah,Natalie,Kelsey,Ashley,Brittany,Taylor,Nicole,Anna,Kayla,0.0,0.0,1.0,1.0,1.0,,,,,0.0,9.0,9.0,0.0,,,,,, ,None,,4.0,4.0,2.7646760989446197,,,48,1,2020_Feb_04_1057,FaceNameBlocked_revised,3.0.0,84.99620480645146,,NaN
99,Fem1Block.csv,Rebecca3.mp4,Rebecca.JPG,Rebecca,26.0,F,Katie,Rebecca,Alyssa,Grace,Olivia,Michelle,Emily,Jenna,Danielle,Heather,1.0,0.0,4.0,4.0,0.0,,,,,0.0,8.0,8.0,1.0,,,,,, rebecca,"['r', 'e', 'b', 'e', 'c', 'c', 'a']","[1.614417698001489, 1.7669081760104746, 1.9190535149537027, 2.120140401995741, 2.460811550030485, 2.6609502979554236, 3.0842370899626985]",4.0,4.0,1.6369192120619118,,,48,1,2020_Feb_04_1057,FaceNameBlocked_revised,3.0.0,84.99620480645146,,1.6144176
83,Fem1Block.csv,Rebecca3.mp4,Rebecca.JPG,Rebecca,26.0,F,Katie,Rebecca,Alyssa,Grace,Olivia,Michelle,Emily,Jenna,Danielle,Heather,1.0,0.0,4.0,4.0,0.0,0.0,2.0,2.0,1.0,,,,,,,0.0,,,,,,,,,,,48,1,2020_Feb_04_1057,FaceNameBlocked_revised,3.0.0,84.99620480645146,,NaN
38,Fem2Block.csv,Sarah2.mp4,Sarah.JPG,Sarah,27.0,F,Rachel,Sarah,Natalie,Kelsey,Ashley,Brittany,Taylor,Nicole,Anna,Kayla,1.0,0.0,1.0,1.0,1.0,,,,,0.0,7.0,7.0,1.0,,,,,, ,None,,2.0,2.0,2.929935225052759,,,48,1,2020_Feb_04_1057,FaceNameBlocked_revised,3.0.0,84.99620480645146,,NaN
29,Fem2Block.csv,Sarah2.mp4,Sarah.JPG,Sarah,27.0,F,Rachel,Sarah,Natalie,Kelsey,Ashley,Brittany,Taylor,Nicole,Anna,Kayla,1.0,0.0,1.0,1.0,1.0,0.0,8.0,8.0,1.0,,,,,,,0.0,,,,,,,,,,,48,1,2020_Feb_04_1057,FaceNameBlocked_revised,3.0.0,84.99620480645146,,NaN
10,Fem3Block.csv,Shelby2.mp4,Shelby.JPG,Shelby,28.0,F,Megan,Brianna,Julia,Amanda,Shelby,Hannah,Lauren,Haley,Jessica,Courtney,4.0,0.0,0.0,0.0,2.0,0.0,9.0,9.0,4.0,,,,,,,1.0,,,,,,,,,,,48,1,2020_Feb_04_1057,FaceNameBlocked_revised,3.0.0,84.99620480645146,,NaN
20,Fem3Block.csv,Shelby2.mp4,Shelby.JPG,Shelby,28.0,F,Megan,Brianna,Julia,Amanda,Shelby,Hannah,Lauren,Haley,Jessica,Courtney,4.0,0.0,0.0,0.0,2.0,,,,,0.0,9.0,9.0,4.0,,,,,, ,None,,1.0,3.0,3.0132022589677945,,,48,1,2020_Feb_04_1057,FaceNameBlocked_revised,3.0.0,84.99620480645146,,NaN
66,Male1Block.csv,Steven2.mp4,Steven.JPG,Steven,55.0,M,Bradley,Brian,Daniel,Trevor,Nathan,Cody,Tyler,Aaron,Timothy,Steven,9.0,0.0,3.0,3.0,3.0,0.0,5.0,5.0,9.0,,,,,,,0.0,,,,,,,,,,,48,1,2020_Feb_04_1057,FaceNameBlocked_revised,3.0.0,84.99620480645146,,NaN
72,Male1Block.csv,Steven2.mp4,Steven.JPG,Steven,55.0,M,Bradley,Brian,Daniel,Trevor,Nathan,Cody,Tyler,Aaron,Timothy,Steven,9.0,0.0,3.0,3.0,3.0,,,,,0.0,1.0,1.0,9.0,,,,,, bradley,"['b', 'r', 'a', 'd', 'l', 'e', 'y']","[3.2837920980527997, 3.4836369460681453, 3.7548337500775233, 3.931224583997391, 4.131321961060166, 4.272901521995664, 4.5193323590792716]",5.0,4.0,3.3771156440488994,,,48,1,2020_Feb_04_1057,FaceNameBlocked_revised,3.0.0,84.99620480645146,,3.2837920
34,Fem2Block.csv,Taylor4.mp4,Taylor.JPG,Taylor,29.0,F,Rachel,Sarah,Natalie,Kelsey,Ashley,Brittany,Taylor,Nicole,Anna,Kayla,6.0,0.0,1.0,1.0,1.0,,,,,0.0,3.0,3.0,6.0,,,,,, taylor,"['t', 'r', 'backspace', 'a', 'y', 'l', 'o', 'r']","[1.2138084240723401, 1.2295405170880258, 2.2477559470571578, 2.5775176690658554, 3.0605947260046378, 3.2137168870540336, 3.3896185050252825, 3.789966240990907]",2.0,2.0,1.4723090890329331,,,48,1,2020_Feb_04_1057,FaceNameBlocked_revised,3.0.0,84.99620480645146,,1.2138084
30,Fem2Block.csv,Taylor4.mp4,Taylor.JPG,Taylor,29.0,F,Rachel,Sarah,Natalie,Kelsey,Ashley,Brittany,Taylor,Nicole,Anna,Kayla,6.0,0.0,1.0,1.0,1.0,0.0,9.0,9.0,6.0,,,,,,,1.0,,,,,,,,,,,48,1,2020_Feb_04_1057,FaceNameBlocked_revised,3.0.0,84.99620480645146,,NaN
120,Male3Block.csv,Thomas2.mp4,Thomas.JPG,Thomas,56.0,M,Thomas,Kevin,Brandon,Caleb,Kyle,Matthew,Andrew,Jeremy,Ethan,Mark,0.0,0.0,5.0,5.0,5.0,,,,,0.0,9.0,9.0,0.0,,,,,, kevin,"['k', 'e', 'v', 'i', 'n']","[4.684214484062977, 5.048175974050537, 5.765737622976303, 6.316202008049004, 6.988881977042183]",3.0,5.0,2.1301153149688616,,,48,1,2020_Feb_04_1057,FaceNameBlocked_revised,3.0.0,84.99620480645146,,4.6842144
107,Male3Block.csv,Thomas2.mp4,Thomas.JPG,Thomas,56.0,M,Thomas,Kevin,Brandon,Caleb,Kyle,Matthew,Andrew,Jeremy,Ethan,Mark,0.0,0.0,5.0,5.0,5.0,0.0,6.0,6.0,0.0,,,,,,,1.0,,,,,,,,,,,48,1,2020_Feb_04_1057,FaceNameBlocked_revised,3.0.0,84.99620480645146,,NaN
67,Male1Block.csv,Timothy3.mp4,Timothy.JPG,Timothy,57.0,M,Bradley,Brian,Daniel,Trevor,Nathan,Cody,Tyler,Aaron,Timothy,Steven,8.0,0.0,3.0,3.0,3.0,0.0,6.0,6.0,8.0,,,,,,,0.0,,,,,,,,,,,48,1,2020_Feb_04_1057,FaceNameBlocked_revised,3.0.0,84.99620480645146,,NaN
74,Male1Block.csv,Timothy3.mp4,Timothy.JPG,Timothy,57.0,M,Bradley,Brian,Daniel,Trevor,Nathan,Cody,Tyler,Aaron,Timothy,Steven,8.0,0.0,3.0,3.0,3.0,,,,,0.0,3.0,3.0,8.0,,,,,, timothee,"['t', 'i', 'm', 'o', 't', 'h', 'e', 'e']","[1.6723778028972447, 2.4013852189527825, 2.599203804973513, 2.812715452979319, 3.1428077429300174, 3.3425481769954786, 3.671567472978495, 3.824733776971698]",2.0,2.0,1.589874246972613,,,48,1,2020_Feb_04_1057,FaceNameBlocked_revised,3.0.0,84.99620480645146,,1.6723778
79,Male1Block.csv,Trevor2.mp4,Trevor.JPG,Trevor,58.0,M,Bradley,Brian,Daniel,Trevor,Nathan,Cody,Tyler,Aaron,Timothy,Steven,3.0,0.0,3.0,3.0,3.0,,,,,0.0,8.0,8.0,3.0,,,,,, cody,"['c', 'o', 'd', 'y']","[2.2246723499847576, 2.742049732012674, 3.164991214987822, 3.3890049860347062]",4.0,2.0,5.107194661046378,,,48,1,2020_Feb_04_1057,FaceNameBlocked_revised,3.0.0,84.99620480645146,,2.2246723
70,Male1Block.csv,Trevor2.mp4,Trevor.JPG,Trevor,58.0,M,Bradley,Brian,Daniel,Trevor,Nathan,Cody,Tyler,Aaron,Timothy,Steven,3.0,0.0,3.0,3.0,3.0,0.0,9.0,9.0,3.0,,,,,,,0.0,,,,,,,,,,,48,1,2020_Feb_04_1057,FaceNameBlocked_revised,3.0.0,84.99620480645146,,NaN
65,Male1Block.csv,Tyler3.mp4,Tyler.JPG,Tyler,59.0,M,Bradley,Brian,Daniel,Trevor,Nathan,Cody,Tyler,Aaron,Timothy,Steven,6.0,0.0,3.0,3.0,3.0,0.0,4.0,4.0,6.0,,,,,,,1.0,,,,,,,,,,,48,1,2020_Feb_04_1057,FaceNameBlocked_revised,3.0.0,84.99620480645146,,NaN
77,Male1Block.csv,Tyler3.mp4,Tyler.JPG,Tyler,59.0,M,Bradley,Brian,Daniel,Trevor,Nathan,Cody,Tyler,Aaron,Timothy,Steven,6.0,0.0,3.0,3.0,3.0,,,,,0.0,6.0,6.0,6.0,,,,,, ,None,,4.0,1.0,2.4702798759099096,,,48,1,2020_Feb_04_1057,FaceNameBlocked_revised,3.0.0,84.99620480645146,,NaN
0,,,,,,,,,,,,,,,,,,,,,,,,,,,,,,space,220.54119799996258,,,,,,,,,,,,48,1,2020_Feb_04_1057,FaceNameBlocked_revised,3.0.0,84.99620480645146,,NaN
121,,,,,,,,,,,,,,,,,,,,,,,,,,,,,,,,,,,,,,,,,space,85.06055304198526,48,1,2020_Feb_04_1057,FaceNameBlocked_revised,3.0.0,84.99620480645146,,NaN
