,condsBlockFile,Video,Photo,Name,Row,Gender,N1,N2,N3,N4,N5,N6,N7,N8,N9,N10,Row2,blocks.thisRepN,blocks.thisTrialN,blocks.thisN,blocks.thisIndex,presentations.thisRepN,presentations.thisTrialN,presentations.thisN,presentations.thisIndex,testing.thisRepN,testing.thisTrialN,testing.thisN,testing.thisIndex,advance_1.keys,advance_1.rt,currentCond,advance_2.keys,advance_2.rt,inputText,key_resp_3.keys,key_resp_3.rt,correctRecogSelection,keyResponse.keys,keyResponse.rt,end_key.keys,end_key.rt,participant,session,date,expName,psychopyVersion,frameRate,Unnamed: 48,key_resp3_fin
60,Male3Block.csv,Aaron2.mp4,Aaron.JPG,Aaron,30.0,M,Trevor,Bradley,Daniel,Cody,Justin,Andrew,Ethan,Aaron,Josh,Brandon,7.0,0.0,2.0,2.0,5.0,,,,,0.0,9.0,9.0,7.0,,,,,, trevor,"['t', 'r', 'e', 'v', 'o', 'r']","[1.4774399919988355, 1.6574395959905814, 1.7887622739945073, 1.9684060979925562, 2.4401763419882627, 2.6209782599908067]",2.0,2.0,2.9231307839945657,,,49,1,2020_Feb_04_1143,FaceNameBlocked_revised,3.0.0,99.88965688467371,,1.4774399
41,Male3Block.csv,Aaron2.mp4,Aaron.JPG,Aaron,30.0,M,Trevor,Bradley,Daniel,Cody,Justin,Andrew,Ethan,Aaron,Josh,Brandon,7.0,0.0,2.0,2.0,5.0,0.0,0.0,0.0,7.0,,,,,,,1.0,,,,,,,,,,,49,1,2020_Feb_04_1143,FaceNameBlocked_revised,3.0.0,99.88965688467371,,NaN
4,Male2Block.csv,Adam4.mp4,Adam.JPG,Adam,31.0,M,Adam,Nathan,Steven,Timothy,Jason,Dylan,Thomas,Jeremy,Noah,Kevin,0.0,0.0,0.0,0.0,4.0,0.0,3.0,3.0,0.0,,,,,,,1.0,,,,,,,,,,,49,1,2020_Feb_04_1143,FaceNameBlocked_revised,3.0.0,99.88965688467371,,NaN
13,Male2Block.csv,Adam4.mp4,Adam.JPG,Adam,31.0,M,Adam,Nathan,Steven,Timothy,Jason,Dylan,Thomas,Jeremy,Noah,Kevin,0.0,0.0,0.0,0.0,4.0,,,,,0.0,2.0,2.0,0.0,,,,,, anth,"['a', 'n', 't', 'h']","[8.180046880006557, 8.350209381009336, 9.30313639101223, 9.65274965800927]",4.0,4.0,2.668614162990707,,,49,1,2020_Feb_04_1143,FaceNameBlocked_revised,3.0.0,99.88965688467371,,8.1800468
114,Fem2Block.csv,Alyssa3.mp4,Alyssa.JPG,Alyssa,0.0,F,Alyssa,Olivia,Brittany,Danielle,Katie,Emily,Megan,Shelby,Natalie,Sarah,0.0,0.0,5.0,5.0,1.0,,,,,0.0,3.0,3.0,0.0,,,,,, natalie,"['n', 'a', 't', 'a', 'l', 'i', 'e']","[4.7291269569977885, 5.009100534996833, 5.1600308990018675, 5.378667272001621, 5.712276562990155, 5.962832642995636, 6.131984311999986]",1.0,3.0,7.076517030000105,,,49,1,2020_Feb_04_1143,FaceNameBlocked_revised,3.0.0,99.88965688467371,,4.7291269
106,Fem2Block.csv,Alyssa3.mp4,Alyssa.JPG,Alyssa,0.0,F,Alyssa,Olivia,Brittany,Danielle,Katie,Emily,Megan,Shelby,Natalie,Sarah,0.0,0.0,5.0,5.0,1.0,0.0,5.0,5.0,0.0,,,,,,,1.0,,,,,,,,,,,49,1,2020_Feb_04_1143,FaceNameBlocked_revised,3.0.0,99.88965688467371,,NaN
99,Fem1Block.csv,Amanda3.mp4,Amanda.JPG,Amanda,1.0,F,Jenna,Nicole,Amanda,Haley,Brianna,Michelle,Taylor,Jessica,Grace,Hannah,2.0,0.0,4.0,4.0,0.0,,,,,0.0,8.0,8.0,2.0,,,,,, am,"['a', 'm']","[9.444656485007727, 9.74466634100827]",3.0,4.0,6.58397900800628,,,49,1,2020_Feb_04_1143,FaceNameBlocked_revised,3.0.0,99.88965688467371,,9.4446564
81,Fem1Block.csv,Amanda3.mp4,Amanda.JPG,Amanda,1.0,F,Jenna,Nicole,Amanda,Haley,Brianna,Michelle,Taylor,Jessica,Grace,Hannah,2.0,0.0,4.0,4.0,0.0,0.0,0.0,0.0,2.0,,,,,,,0.0,,,,,,,,,,,49,1,2020_Feb_04_1143,FaceNameBlocked_revised,3.0.0,99.88965688467371,,NaN
50,Male3Block.csv,Andrew2.mp4,Andrew.JPG,Andrew,32.0,M,Trevor,Bradley,Daniel,Cody,Justin,Andrew,Ethan,Aaron,Josh,Brandon,5.0,0.0,2.0,2.0,5.0,0.0,9.0,9.0,5.0,,,,,,,0.0,,,,,,,,,,,49,1,2020_Feb_04_1143,FaceNameBlocked_revised,3.0.0,99.88965688467371,,NaN
51,Male3Block.csv,Andrew2.mp4,Andrew.JPG,Andrew,32.0,M,Trevor,Bradley,Daniel,Cody,Justin,Andrew,Ethan,Aaron,Josh,Brandon,5.0,0.0,2.0,2.0,5.0,,,,,0.0,0.0,0.0,5.0,,,,space,2.3609527929947944, jason ,"['j', 'a', 's', 'o', 'n', 'space']","[1.5377741319971392, 1.7877815929969074, 2.0592329899955075, 2.310200961001101, 2.5012205920065753, 3.8248021640029037]",3.0,3.0,4.086987182003213,,,49,1,2020_Feb_04_1143,FaceNameBlocked_revised,3.0.0,99.88965688467371,,1.5377741
22,Fem3Block.csv,Anna3.mp4,Anna.JPG,Anna,2.0,F,Anna,Rebecca,Kelsey,Heather,Julia,Lauren,Rachel,Ashley,Kayla,Courtney,0.0,0.0,1.0,1.0,2.0,0.0,1.0,1.0,0.0,,,,,,,1.0,,,,,,,,,,,49,1,2020_Feb_04_1143,FaceNameBlocked_revised,3.0.0,99.88965688467371,,NaN
34,Fem3Block.csv,Anna3.mp4,Anna.JPG,Anna,2.0,F,Anna,Rebecca,Kelsey,Heather,Julia,Lauren,Rachel,Ashley,Kayla,Courtney,0.0,0.0,1.0,1.0,2.0,,,,,0.0,3.0,3.0,0.0,,,,,, anna,"['a', 'n', 'n', 'a']","[6.524674929998582, 7.1665256440028315, 7.67826230499486, 7.978717246995075]",4.0,4.0,4.294773970992537,,,49,1,2020_Feb_04_1143,FaceNameBlocked_revised,3.0.0,99.88965688467371,,6.5246749
36,Fem3Block.csv,Ashley3.mp4,Ashley.JPG,Ashley,3.0,F,Anna,Rebecca,Kelsey,Heather,Julia,Lauren,Rachel,Ashley,Kayla,Courtney,7.0,0.0,1.0,1.0,2.0,,,,,0.0,5.0,5.0,7.0,,,,,, ,None,,1.0,5.0,5.480443774999004,,,49,1,2020_Feb_04_1143,FaceNameBlocked_revised,3.0.0,99.88965688467371,,NaN
26,Fem3Block.csv,Ashley3.mp4,Ashley.JPG,Ashley,3.0,F,Anna,Rebecca,Kelsey,Heather,Julia,Lauren,Rachel,Ashley,Kayla,Courtney,7.0,0.0,1.0,1.0,2.0,0.0,5.0,5.0,7.0,,,,,,,1.0,,,,,,,,,,,49,1,2020_Feb_04_1143,FaceNameBlocked_revised,3.0.0,99.88965688467371,,NaN
45,Male3Block.csv,Bradley3.mp4,Bradley.JPG,Bradley,33.0,M,Trevor,Bradley,Daniel,Cody,Justin,Andrew,Ethan,Aaron,Josh,Brandon,1.0,0.0,2.0,2.0,5.0,0.0,4.0,4.0,1.0,,,,,,,0.0,,,,,,,,,,,49,1,2020_Feb_04_1143,FaceNameBlocked_revised,3.0.0,99.88965688467371,,NaN
54,Male3Block.csv,Bradley3.mp4,Bradley.JPG,Bradley,33.0,M,Trevor,Bradley,Daniel,Cody,Justin,Andrew,Ethan,Aaron,Josh,Brandon,1.0,0.0,2.0,2.0,5.0,,,,,0.0,3.0,3.0,1.0,,,,,, bradley,"['b', 'r', 'a', 'd', 'l', 'e', 'y']","[4.54765333099931, 4.8178434380097315, 5.05934690500726, 5.25000251000165, 6.142811357000028, 6.373589859998901, 6.624574300003587]",3.0,3.0,2.1808982329966966,,,49,1,2020_Feb_04_1143,FaceNameBlocked_revised,3.0.0,99.88965688467371,,4.5476533
59,Male3Block.csv,Brandon2.mp4,Brandon.JPG,Brandon,34.0,M,Trevor,Bradley,Daniel,Cody,Justin,Andrew,Ethan,Aaron,Josh,Brandon,9.0,0.0,2.0,2.0,5.0,,,,,0.0,8.0,8.0,9.0,,,,,, brandon,"['b', 'r', 'a', 'n', 'd', 'o', 'n']","[3.695479803995113, 3.965950557991164, 4.1864765789941885, 4.377252819991554, 4.63797979800438, 4.866833926993422, 5.0791466560040135]",4.0,4.0,2.0202431090001483,,,49,1,2020_Feb_04_1143,FaceNameBlocked_revised,3.0.0,99.88965688467371,,3.6954798
46,Male3Block.csv,Brandon2.mp4,Brandon.JPG,Brandon,34.0,M,Trevor,Bradley,Daniel,Cody,Justin,Andrew,Ethan,Aaron,Josh,Brandon,9.0,0.0,2.0,2.0,5.0,0.0,5.0,5.0,9.0,,,,,,,1.0,,,,,,,,,,,49,1,2020_Feb_04_1143,FaceNameBlocked_revised,3.0.0,99.88965688467371,,NaN
73,Male1Block.csv,Brian2.mp4,Brian.JPG,Brian,35.0,M,Mark,Matthew,David,Tyler,Eric,Caleb,Kyle,Jacob,Michael,Brian,9.0,0.0,3.0,3.0,3.0,,,,,0.0,2.0,2.0,9.0,,,,,, brandon,"['b', 'r', 'a', 'n', 'd', 'o', 'n']","[1.3876247729931492, 1.6885955829930026, 1.9296552839950891, 2.1606070019915933, 2.381018387997756, 2.651884078004514, 2.9022351110033924]",2.0,2.0,2.1795408230100293,,,49,1,2020_Feb_04_1143,FaceNameBlocked_revised,3.0.0,99.88965688467371,,1.3876247
66,Male1Block.csv,Brian2.mp4,Brian.JPG,Brian,35.0,M,Mark,Matthew,David,Tyler,Eric,Caleb,Kyle,Jacob,Michael,Brian,9.0,0.0,3.0,3.0,3.0,0.0,5.0,5.0,9.0,,,,,,,1.0,,,,,,,,,,,49,1,2020_Feb_04_1143,FaceNameBlocked_revised,3.0.0,99.88965688467371,,NaN
96,Fem1Block.csv,Brianna2.mp4,Brianna.JPG,Brianna,4.0,F,Jenna,Nicole,Amanda,Haley,Brianna,Michelle,Taylor,Jessica,Grace,Hannah,4.0,0.0,4.0,4.0,0.0,,,,,0.0,5.0,5.0,4.0,,,,,, jenna,"['j', 'e', 'n', 'n', 'a']","[6.834781095996732, 7.086379731001216, 7.396574783997494, 7.556968352000695, 7.8783965640031965]",4.0,2.0,1.3573940789938206,,,49,1,2020_Feb_04_1143,FaceNameBlocked_revised,3.0.0,99.88965688467371,,6.8347810
88,Fem1Block.csv,Brianna2.mp4,Brianna.JPG,Brianna,4.0,F,Jenna,Nicole,Amanda,Haley,Brianna,Michelle,Taylor,Jessica,Grace,Hannah,4.0,0.0,4.0,4.0,0.0,0.0,7.0,7.0,4.0,,,,,,,1.0,,,,,,,,,,,49,1,2020_Feb_04_1143,FaceNameBlocked_revised,3.0.0,99.88965688467371,,NaN
117,Fem2Block.csv,Brittany2.mp4,Brittany.JPG,Brittany,5.0,F,Alyssa,Olivia,Brittany,Danielle,Katie,Emily,Megan,Shelby,Natalie,Sarah,2.0,0.0,5.0,5.0,1.0,,,,,0.0,6.0,6.0,2.0,,,,,, natalie,"['n', 'a', 't', 'a', 'l', 'i', 'e']","[4.21702032200119, 4.497913801998948, 4.668369288003305, 5.21038984900224, 5.470815820997814, 5.6721000830002595, 5.84235509300197]",4.0,4.0,4.448169759998564,,,49,1,2020_Feb_04_1143,FaceNameBlocked_revised,3.0.0,99.88965688467371,,4.2170203
102,Fem2Block.csv,Brittany2.mp4,Brittany.JPG,Brittany,5.0,F,Alyssa,Olivia,Brittany,Danielle,Katie,Emily,Megan,Shelby,Natalie,Sarah,2.0,0.0,5.0,5.0,1.0,0.0,1.0,1.0,2.0,,,,,,,0.0,,,,,,,,,,,49,1,2020_Feb_04_1143,FaceNameBlocked_revised,3.0.0,99.88965688467371,,NaN
79,Male1Block.csv,Caleb5.mp4,Caleb.JPG,Caleb,36.0,M,Mark,Matthew,David,Tyler,Eric,Caleb,Kyle,Jacob,Michael,Brian,5.0,0.0,3.0,3.0,3.0,,,,,0.0,8.0,8.0,5.0,,,,,, david,"['d', 'a', 'v', 'i', 'd']","[7.116169984990847, 7.698109183998895, 8.119320226003765, 8.328404464991763, 8.521355552002206]",2.0,3.0,7.0766367049945975,,,49,1,2020_Feb_04_1143,FaceNameBlocked_revised,3.0.0,99.88965688467371,,7.1161699
62,Male1Block.csv,Caleb5.mp4,Caleb.JPG,Caleb,36.0,M,Mark,Matthew,David,Tyler,Eric,Caleb,Kyle,Jacob,Michael,Brian,5.0,0.0,3.0,3.0,3.0,0.0,1.0,1.0,5.0,,,,,,,0.0,,,,,,,,,,,49,1,2020_Feb_04_1143,FaceNameBlocked_revised,3.0.0,99.88965688467371,,NaN
55,Male3Block.csv,Cody2.mp4,Cody.JPG,Cody,37.0,M,Trevor,Bradley,Daniel,Cody,Justin,Andrew,Ethan,Aaron,Josh,Brandon,3.0,0.0,2.0,2.0,5.0,,,,,0.0,4.0,4.0,3.0,,,,,, brandon,"['b', 'r', 'a', 'n', 'd', 'o', 'n']","[2.3600657880015206, 2.620266156998696, 2.881536797998706, 3.0626902660005726, 3.232852068002103, 3.483300328007317, 3.704504547000397]",5.0,1.0,5.2578847169934315,,,49,1,2020_Feb_04_1143,FaceNameBlocked_revised,3.0.0,99.88965688467371,,2.3600657
44,Male3Block.csv,Cody2.mp4,Cody.JPG,Cody,37.0,M,Trevor,Bradley,Daniel,Cody,Justin,Andrew,Ethan,Aaron,Josh,Brandon,3.0,0.0,2.0,2.0,5.0,0.0,3.0,3.0,3.0,,,,,,,0.0,,,,,,,,,,,49,1,2020_Feb_04_1143,FaceNameBlocked_revised,3.0.0,99.88965688467371,,NaN
32,Fem3Block.csv,Courtney2.mp4,Courtney.JPG,Courtney,6.0,F,Anna,Rebecca,Kelsey,Heather,Julia,Lauren,Rachel,Ashley,Kayla,Courtney,9.0,0.0,1.0,1.0,2.0,,,,,0.0,1.0,1.0,9.0,,,,,, rachel,"['r', 'a', 'c', 'h', 'e', 'l']","[3.323149365998688, 3.5139483969978755, 3.672655993999797, 5.149561238999013, 5.399685729003977, 5.670480864995625]",4.0,4.0,3.6432000089989742,,,49,1,2020_Feb_04_1143,FaceNameBlocked_revised,3.0.0,99.88965688467371,,3.3231493
21,Fem3Block.csv,Courtney2.mp4,Courtney.JPG,Courtney,6.0,F,Anna,Rebecca,Kelsey,Heather,Julia,Lauren,Rachel,Ashley,Kayla,Courtney,9.0,0.0,1.0,1.0,2.0,0.0,0.0,0.0,9.0,,,,,,,1.0,,,,,,,,,,,49,1,2020_Feb_04_1143,FaceNameBlocked_revised,3.0.0,99.88965688467371,,NaN
53,Male3Block.csv,Daniel3.mp4,Daniel.JPG,Daniel,38.0,M,Trevor,Bradley,Daniel,Cody,Justin,Andrew,Ethan,Aaron,Josh,Brandon,2.0,0.0,2.0,2.0,5.0,,,,,0.0,2.0,2.0,2.0,,,,,, kevin,"['k', 'e', 'v', 'i', 'n']","[6.313339294996695, 6.6522508560010465, 7.065879825007869, 7.297128560006968, 7.477032656010124]",5.0,1.0,3.70474757401098,,,49,1,2020_Feb_04_1143,FaceNameBlocked_revised,3.0.0,99.88965688467371,,6.3133392
42,Male3Block.csv,Daniel3.mp4,Daniel.JPG,Daniel,38.0,M,Trevor,Bradley,Daniel,Cody,Justin,Andrew,Ethan,Aaron,Josh,Brandon,2.0,0.0,2.0,2.0,5.0,0.0,1.0,1.0,2.0,,,,,,,0.0,,,,,,,,,,,49,1,2020_Feb_04_1143,FaceNameBlocked_revised,3.0.0,99.88965688467371,,NaN
108,Fem2Block.csv,Danielle2.mp4,Danielle.JPG,Danielle,7.0,F,Alyssa,Olivia,Brittany,Danielle,Katie,Emily,Megan,Shelby,Natalie,Sarah,3.0,0.0,5.0,5.0,1.0,0.0,7.0,7.0,3.0,,,,,,,0.0,,,,,,,,,,,49,1,2020_Feb_04_1143,FaceNameBlocked_revised,3.0.0,99.88965688467371,,NaN
120,Fem2Block.csv,Danielle2.mp4,Danielle.JPG,Danielle,7.0,F,Alyssa,Olivia,Brittany,Danielle,Katie,Emily,Megan,Shelby,Natalie,Sarah,3.0,0.0,5.0,5.0,1.0,,,,,0.0,9.0,9.0,3.0,,,,,, sarah,"['s', 'a', 'r', 'a', 'h']","[5.530719528003829, 5.802690462995088, 6.022880097996676, 6.443920828998671, 6.664385313008097]",1.0,2.0,5.711834756002644,,,49,1,2020_Feb_04_1143,FaceNameBlocked_revised,3.0.0,99.88965688467371,,5.5307195
78,Male1Block.csv,David2.mp4,David.JPG,David,39.0,M,Mark,Matthew,David,Tyler,Eric,Caleb,Kyle,Jacob,Michael,Brian,2.0,0.0,3.0,3.0,3.0,,,,,0.0,7.0,7.0,2.0,,,,,, ,None,,3.0,5.0,8.361537235003198,,,49,1,2020_Feb_04_1143,FaceNameBlocked_revised,3.0.0,99.88965688467371,,NaN
69,Male1Block.csv,David2.mp4,David.JPG,David,39.0,M,Mark,Matthew,David,Tyler,Eric,Caleb,Kyle,Jacob,Michael,Brian,2.0,0.0,3.0,3.0,3.0,0.0,8.0,8.0,2.0,,,,,,,0.0,,,,,,,,,,,49,1,2020_Feb_04_1143,FaceNameBlocked_revised,3.0.0,99.88965688467371,,NaN
1,Male2Block.csv,Dylan3.mp4,Dylan.JPG,Dylan,40.0,M,Adam,Nathan,Steven,Timothy,Jason,Dylan,Thomas,Jeremy,Noah,Kevin,5.0,0.0,0.0,0.0,4.0,0.0,0.0,0.0,5.0,,,,,,,0.0,,,,,,,,,,,49,1,2020_Feb_04_1143,FaceNameBlocked_revised,3.0.0,99.88965688467371,,NaN
11,Male2Block.csv,Dylan3.mp4,Dylan.JPG,Dylan,40.0,M,Adam,Nathan,Steven,Timothy,Jason,Dylan,Thomas,Jeremy,Noah,Kevin,5.0,0.0,0.0,0.0,4.0,,,,,0.0,0.0,0.0,5.0,,,,space,20.88345823599957, Nick ,"['lshift', 'n', 'i', 'c', 'k', 'space']","[4.5673435859935125, 4.69812135900429, 4.8786937090044376, 5.321039090995328, 5.521536393003771, 8.741905891001807]",4.0,2.0,11.931000394004517,,,49,1,2020_Feb_04_1143,FaceNameBlocked_revised,3.0.0,99.88965688467371,,4.5673435
109,Fem2Block.csv,Emily5.mp4,Emily.JPG,Emily,8.0,F,Alyssa,Olivia,Brittany,Danielle,Katie,Emily,Megan,Shelby,Natalie,Sarah,5.0,0.0,5.0,5.0,1.0,0.0,8.0,8.0,5.0,,,,,,,0.0,,,,,,,,,,,49,1,2020_Feb_04_1143,FaceNameBlocked_revised,3.0.0,99.88965688467371,,NaN
119,Fem2Block.csv,Emily5.mp4,Emily.JPG,Emily,8.0,F,Alyssa,Olivia,Brittany,Danielle,Katie,Emily,Megan,Shelby,Natalie,Sarah,5.0,0.0,5.0,5.0,1.0,,,,,0.0,8.0,8.0,5.0,,,,,, rachel,"['r', 'a', 'c', 'h', 'e', 'l']","[7.598045158010791, 7.757955215012771, 7.959141183004249, 8.249697651001043, 8.450455550002516, 8.811146716005169]",4.0,1.0,6.153161408001324,,,49,1,2020_Feb_04_1143,FaceNameBlocked_revised,3.0.0,99.88965688467371,,7.5980451
65,Male1Block.csv,Eric2.mp4,Eric.JPG,Eric,41.0,M,Mark,Matthew,David,Tyler,Eric,Caleb,Kyle,Jacob,Michael,Brian,4.0,0.0,3.0,3.0,3.0,0.0,4.0,4.0,4.0,,,,,,,1.0,,,,,,,,,,,49,1,2020_Feb_04_1143,FaceNameBlocked_revised,3.0.0,99.88965688467371,,NaN
71,Male1Block.csv,Eric2.mp4,Eric.JPG,Eric,41.0,M,Mark,Matthew,David,Tyler,Eric,Caleb,Kyle,Jacob,Michael,Brian,4.0,0.0,3.0,3.0,3.0,,,,,0.0,0.0,0.0,4.0,,,,space,4.870631395999227, ick,"['i', 'c', 'k']","[7.265410956999403, 7.47854198999994, 7.68917994700314]",2.0,4.0,8.551227457006464,,,49,1,2020_Feb_04_1143,FaceNameBlocked_revised,3.0.0,99.88965688467371,,7.2654109
43,Male3Block.csv,Ethan2.mp4,Ethan.JPG,Ethan,42.0,M,Trevor,Bradley,Daniel,Cody,Justin,Andrew,Ethan,Aaron,Josh,Brandon,6.0,0.0,2.0,2.0,5.0,0.0,2.0,2.0,6.0,,,,,,,0.0,,,,,,,,,,,49,1,2020_Feb_04_1143,FaceNameBlocked_revised,3.0.0,99.88965688467371,,NaN
57,Male3Block.csv,Ethan2.mp4,Ethan.JPG,Ethan,42.0,M,Trevor,Bradley,Daniel,Cody,Justin,Andrew,Ethan,Aaron,Josh,Brandon,6.0,0.0,2.0,2.0,5.0,,,,,0.0,6.0,6.0,6.0,,,,,, justin,"['j', 'u', 's', 't', 'i', 'n']","[4.978963798988843, 5.190501831995789, 5.451080654995167, 5.681170570998802, 6.073060031994828, 6.321974291000515]",4.0,3.0,1.2470460000040475,,,49,1,2020_Feb_04_1143,FaceNameBlocked_revised,3.0.0,99.88965688467371,,4.9789637
87,Fem1Block.csv,Grace3.mp4,Grace.JPG,Grace,9.0,F,Jenna,Nicole,Amanda,Haley,Brianna,Michelle,Taylor,Jessica,Grace,Hannah,8.0,0.0,4.0,4.0,0.0,0.0,6.0,6.0,8.0,,,,,,,1.0,,,,,,,,,,,49,1,2020_Feb_04_1143,FaceNameBlocked_revised,3.0.0,99.88965688467371,,NaN
91,Fem1Block.csv,Grace3.mp4,Grace.JPG,Grace,9.0,F,Jenna,Nicole,Amanda,Haley,Brianna,Michelle,Taylor,Jessica,Grace,Hannah,8.0,0.0,4.0,4.0,0.0,,,,,0.0,0.0,0.0,8.0,,,,space,3.916810198003077, Meg,"['lshift', 'm', 'e', 'g']","[8.258553912994103, 8.450676932989154, 9.202722517002258, 9.725201460998505]",4.0,1.0,5.531056769003045,,,49,1,2020_Feb_04_1143,FaceNameBlocked_revised,3.0.0,99.88965688467371,,8.2585539
93,Fem1Block.csv,Haley2.mp4,Haley.JPG,Haley,10.0,F,Jenna,Nicole,Amanda,Haley,Brianna,Michelle,Taylor,Jessica,Grace,Hannah,3.0,0.0,4.0,4.0,0.0,,,,,0.0,2.0,2.0,3.0,,,,,, michelle,"['m', 'i', 'c', 'h', 'e', 'l', 'l', 'e']","[5.561370062001515, 5.942021401991951, 6.12271491199499, 6.363789438997628, 6.634953065993614, 7.306864575992222, 7.547658472001785, 7.7581254779943265]",2.0,2.0,9.455269871003113,,,49,1,2020_Feb_04_1143,FaceNameBlocked_revised,3.0.0,99.88965688467371,,5.5613700
89,Fem1Block.csv,Haley2.mp4,Haley.JPG,Haley,10.0,F,Jenna,Nicole,Amanda,Haley,Brianna,Michelle,Taylor,Jessica,Grace,Hannah,3.0,0.0,4.0,4.0,0.0,0.0,8.0,8.0,3.0,,,,,,,0.0,,,,,,,,,,,49,1,2020_Feb_04_1143,FaceNameBlocked_revised,3.0.0,99.88965688467371,,NaN
84,Fem1Block.csv,Hannah2.mp4,Hannah.JPG,Hannah,11.0,F,Jenna,Nicole,Amanda,Haley,Brianna,Michelle,Taylor,Jessica,Grace,Hannah,9.0,0.0,4.0,4.0,0.0,0.0,3.0,3.0,9.0,,,,,,,1.0,,,,,,,,,,,49,1,2020_Feb_04_1143,FaceNameBlocked_revised,3.0.0,99.88965688467371,,NaN
100,Fem1Block.csv,Hannah2.mp4,Hannah.JPG,Hannah,11.0,F,Jenna,Nicole,Amanda,Haley,Brianna,Michelle,Taylor,Jessica,Grace,Hannah,9.0,0.0,4.0,4.0,0.0,,,,,0.0,9.0,9.0,9.0,,,,,, hannah,"['h', 'a', 'n', 'n', 'a', 'h']","[2.781907000011415, 2.9818655070121167, 3.1829804360022536, 3.312878796001314, 3.403798529005144, 3.5223828490125015]",4.0,4.0,1.6185216799931368,,,49,1,2020_Feb_04_1143,FaceNameBlocked_revised,3.0.0,99.88965688467371,,2.7819070
28,Fem3Block.csv,Heather3.mp4,Heather.JPG,Heather,12.0,F,Anna,Rebecca,Kelsey,Heather,Julia,Lauren,Rachel,Ashley,Kayla,Courtney,3.0,0.0,1.0,1.0,2.0,0.0,7.0,7.0,3.0,,,,,,,0.0,,,,,,,,,,,49,1,2020_Feb_04_1143,FaceNameBlocked_revised,3.0.0,99.88965688467371,,NaN
37,Fem3Block.csv,Heather3.mp4,Heather.JPG,Heather,12.0,F,Anna,Rebecca,Kelsey,Heather,Julia,Lauren,Rachel,Ashley,Kayla,Courtney,3.0,0.0,1.0,1.0,2.0,,,,,0.0,6.0,6.0,3.0,,,,,, heather,"['h', 'e', 'a', 't', 'h', 'e', 'r']","[1.9069346269970993, 2.39051974999893, 2.711798670992721, 4.196854294001241, 4.396926353991148, 4.588187803994515, 4.798535237991018]",3.0,3.0,2.0067177379969507,,,49,1,2020_Feb_04_1143,FaceNameBlocked_revised,3.0.0,99.88965688467371,,1.9069346
63,Male1Block.csv,Jacob3.mp4,Jacob.JPG,Jacob,43.0,M,Mark,Matthew,David,Tyler,Eric,Caleb,Kyle,Jacob,Michael,Brian,7.0,0.0,3.0,3.0,3.0,0.0,2.0,2.0,7.0,,,,,,,1.0,,,,,,,,,,,49,1,2020_Feb_04_1143,FaceNameBlocked_revised,3.0.0,99.88965688467371,,NaN
76,Male1Block.csv,Jacob3.mp4,Jacob.JPG,Jacob,43.0,M,Mark,Matthew,David,Tyler,Eric,Caleb,Kyle,Jacob,Michael,Brian,7.0,0.0,3.0,3.0,3.0,,,,,0.0,5.0,5.0,7.0,,,,,, jacob,"['j', 'a', 'c', 'o', 'b']","[4.357462120009586, 4.617630047010607, 5.149623417004477, 6.353533625006094, 6.584787678002613]",4.0,4.0,1.6880174510006327,,,49,1,2020_Feb_04_1143,FaceNameBlocked_revised,3.0.0,99.88965688467371,,4.3574621
14,Male2Block.csv,Jason4.mp4,Jason.JPG,Jason,44.0,M,Adam,Nathan,Steven,Timothy,Jason,Dylan,Thomas,Jeremy,Noah,Kevin,4.0,0.0,0.0,0.0,4.0,,,,,0.0,3.0,3.0,4.0,,,,,, jason,"['j', 'a', 's', 'o', 'n']","[1.3373750699975062, 1.6562479340063874, 1.8692952709970996, 2.1402734269940993, 2.408543063007528]",4.0,4.0,2.561619497995707,,,49,1,2020_Feb_04_1143,FaceNameBlocked_revised,3.0.0,99.88965688467371,,1.3373750
2,Male2Block.csv,Jason4.mp4,Jason.JPG,Jason,44.0,M,Adam,Nathan,Steven,Timothy,Jason,Dylan,Thomas,Jeremy,Noah,Kevin,4.0,0.0,0.0,0.0,4.0,0.0,1.0,1.0,4.0,,,,,,,1.0,,,,,,,,,,,49,1,2020_Feb_04_1143,FaceNameBlocked_revised,3.0.0,99.88965688467371,,NaN
83,Fem1Block.csv,Jenna4.mp4,Jenna.JPG,Jenna,13.0,F,Jenna,Nicole,Amanda,Haley,Brianna,Michelle,Taylor,Jessica,Grace,Hannah,0.0,0.0,4.0,4.0,0.0,0.0,2.0,2.0,0.0,,,,,,,1.0,,,,,,,,,,,49,1,2020_Feb_04_1143,FaceNameBlocked_revised,3.0.0,99.88965688467371,,NaN
94,Fem1Block.csv,Jenna4.mp4,Jenna.JPG,Jenna,13.0,F,Jenna,Nicole,Amanda,Haley,Brianna,Michelle,Taylor,Jessica,Grace,Hannah,0.0,0.0,4.0,4.0,0.0,,,,,0.0,3.0,3.0,0.0,,,,,, amanda,"['a', 'm', 'a', 'n', 'd', 'a']","[2.4109810379886767, 2.601717101992108, 2.762160658996436, 2.852636628987966, 3.0734693269914715, 3.3141077589971246]",2.0,5.0,2.9519692470057635,,,49,1,2020_Feb_04_1143,FaceNameBlocked_revised,3.0.0,99.88965688467371,,2.4109810
17,Male2Block.csv,Jeremy2.mp4,Jeremy.JPG,Jeremy,45.0,M,Adam,Nathan,Steven,Timothy,Jason,Dylan,Thomas,Jeremy,Noah,Kevin,7.0,0.0,0.0,0.0,4.0,,,,,0.0,6.0,6.0,7.0,,,,,, jeremy,"['j', 'e', 'r', 'e', 'm', 'y']","[2.069073782011401, 2.3496831000084057, 2.6111151430086466, 2.801593148004031, 3.021719601005316, 3.323679933004314]",2.0,2.0,2.4215402610134333,,,49,1,2020_Feb_04_1143,FaceNameBlocked_revised,3.0.0,99.88965688467371,,2.0690737
7,Male2Block.csv,Jeremy2.mp4,Jeremy.JPG,Jeremy,45.0,M,Adam,Nathan,Steven,Timothy,Jason,Dylan,Thomas,Jeremy,Noah,Kevin,7.0,0.0,0.0,0.0,4.0,0.0,6.0,6.0,7.0,,,,,,,1.0,,,,,,,,,,,49,1,2020_Feb_04_1143,FaceNameBlocked_revised,3.0.0,99.88965688467371,,NaN
85,Fem1Block.csv,Jessica2.mp4,Jessica.JPG,Jessica,14.0,F,Jenna,Nicole,Amanda,Haley,Brianna,Michelle,Taylor,Jessica,Grace,Hannah,7.0,0.0,4.0,4.0,0.0,0.0,4.0,4.0,7.0,,,,,,,1.0,,,,,,,,,,,49,1,2020_Feb_04_1143,FaceNameBlocked_revised,3.0.0,99.88965688467371,,NaN
97,Fem1Block.csv,Jessica2.mp4,Jessica.JPG,Jessica,14.0,F,Jenna,Nicole,Amanda,Haley,Brianna,Michelle,Taylor,Jessica,Grace,Hannah,7.0,0.0,4.0,4.0,0.0,,,,,0.0,6.0,6.0,7.0,,,,,, ,None,,4.0,4.0,7.276338397001384,,,49,1,2020_Feb_04_1143,FaceNameBlocked_revised,3.0.0,99.88965688467371,,NaN
47,Male3Block.csv,Josh3.mp4,Josh.JPG,Josh,46.0,M,Trevor,Bradley,Daniel,Cody,Justin,Andrew,Ethan,Aaron,Josh,Brandon,8.0,0.0,2.0,2.0,5.0,0.0,6.0,6.0,8.0,,,,,,,1.0,,,,,,,,,,,49,1,2020_Feb_04_1143,FaceNameBlocked_revised,3.0.0,99.88965688467371,,NaN
58,Male3Block.csv,Josh3.mp4,Josh.JPG,Josh,46.0,M,Trevor,Bradley,Daniel,Cody,Justin,Andrew,Ethan,Aaron,Josh,Brandon,8.0,0.0,2.0,2.0,5.0,,,,,0.0,7.0,7.0,8.0,,,,,, josh,"['j', 'o', 's', 'h']","[2.9223947649879847, 3.1440418109996244, 3.4648830209916923, 3.6851524480007356]",4.0,4.0,2.772858763986733,,,49,1,2020_Feb_04_1143,FaceNameBlocked_revised,3.0.0,99.88965688467371,,2.9223947
27,Fem3Block.csv,Julia2.mp4,Julia.JPG,Julia,15.0,F,Anna,Rebecca,Kelsey,Heather,Julia,Lauren,Rachel,Ashley,Kayla,Courtney,4.0,0.0,1.0,1.0,2.0,0.0,6.0,6.0,4.0,,,,,,,1.0,,,,,,,,,,,49,1,2020_Feb_04_1143,FaceNameBlocked_revised,3.0.0,99.88965688467371,,NaN
33,Fem3Block.csv,Julia2.mp4,Julia.JPG,Julia,15.0,F,Anna,Rebecca,Kelsey,Heather,Julia,Lauren,Rachel,Ashley,Kayla,Courtney,4.0,0.0,1.0,1.0,2.0,,,,,0.0,2.0,2.0,4.0,,,,,, ashley,"['a', 's', 'h', 'k', 'backspace', 'l', 'e', 'y']","[3.7032930580026004, 3.966324455002905, 4.246516783008701, 4.708016078002402, 5.871913438997581, 6.263697429007152, 6.424280186998658, 6.674978352006292]",2.0,5.0,3.9956010809983127,,,49,1,2020_Feb_04_1143,FaceNameBlocked_revised,3.0.0,99.88965688467371,,3.7032930
49,Male3Block.csv,Justin2.mp4,Justin.JPG,Justin,47.0,M,Trevor,Bradley,Daniel,Cody,Justin,Andrew,Ethan,Aaron,Josh,Brandon,4.0,0.0,2.0,2.0,5.0,0.0,8.0,8.0,4.0,,,,,,,1.0,,,,,,,,,,,49,1,2020_Feb_04_1143,FaceNameBlocked_revised,3.0.0,99.88965688467371,,NaN
56,Male3Block.csv,Justin2.mp4,Justin.JPG,Justin,47.0,M,Trevor,Bradley,Daniel,Cody,Justin,Andrew,Ethan,Aaron,Josh,Brandon,4.0,0.0,2.0,2.0,5.0,,,,,0.0,5.0,5.0,4.0,,,,,, cody,"['c', 'o', 'd', 'y']","[2.0177686300012283, 2.250345346998074, 2.530732832994545, 2.7616190550033934]",2.0,5.0,8.18983970800764,,,49,1,2020_Feb_04_1143,FaceNameBlocked_revised,3.0.0,99.88965688467371,,2.0177686
103,Fem2Block.csv,Katie2.mp4,Katie.JPG,Katie,16.0,F,Alyssa,Olivia,Brittany,Danielle,Katie,Emily,Megan,Shelby,Natalie,Sarah,4.0,0.0,5.0,5.0,1.0,0.0,2.0,2.0,4.0,,,,,,,1.0,,,,,,,,,,,49,1,2020_Feb_04_1143,FaceNameBlocked_revised,3.0.0,99.88965688467371,,NaN
115,Fem2Block.csv,Katie2.mp4,Katie.JPG,Katie,16.0,F,Alyssa,Olivia,Brittany,Danielle,Katie,Emily,Megan,Shelby,Natalie,Sarah,4.0,0.0,5.0,5.0,1.0,,,,,0.0,4.0,4.0,4.0,,,,,, ,None,,1.0,5.0,5.40106317900063,,,49,1,2020_Feb_04_1143,FaceNameBlocked_revised,3.0.0,99.88965688467371,,NaN
35,Fem3Block.csv,Kayla3.mp4,Kayla.JPG,Kayla,17.0,F,Anna,Rebecca,Kelsey,Heather,Julia,Lauren,Rachel,Ashley,Kayla,Courtney,8.0,0.0,1.0,1.0,2.0,,,,,0.0,4.0,4.0,8.0,,,,,, kayla,"['k', 'a', 'y', 'l', 'a']","[1.5274512780015357, 1.797886289001326, 2.059130797002581, 2.481279198997072, 2.651162818990997]",2.0,2.0,3.575071939005284,,,49,1,2020_Feb_04_1143,FaceNameBlocked_revised,3.0.0,99.88965688467371,,1.5274512
25,Fem3Block.csv,Kayla3.mp4,Kayla.JPG,Kayla,17.0,F,Anna,Rebecca,Kelsey,Heather,Julia,Lauren,Rachel,Ashley,Kayla,Courtney,8.0,0.0,1.0,1.0,2.0,0.0,4.0,4.0,8.0,,,,,,,1.0,,,,,,,,,,,49,1,2020_Feb_04_1143,FaceNameBlocked_revised,3.0.0,99.88965688467371,,NaN
40,Fem3Block.csv,Kelsey2.mp4,Kelsey.JPG,Kelsey,18.0,F,Anna,Rebecca,Kelsey,Heather,Julia,Lauren,Rachel,Ashley,Kayla,Courtney,2.0,0.0,1.0,1.0,2.0,,,,,0.0,9.0,9.0,2.0,,,,,, kelsey,"['k', 'e', 'l', 's', 'e', 'y']","[7.187273064992041, 7.47710726299556, 7.746742357994663, 7.899263040992082, 8.189811265998287, 8.380291430992656]",4.0,4.0,2.3197146669990616,,,49,1,2020_Feb_04_1143,FaceNameBlocked_revised,3.0.0,99.88965688467371,,7.1872730
23,Fem3Block.csv,Kelsey2.mp4,Kelsey.JPG,Kelsey,18.0,F,Anna,Rebecca,Kelsey,Heather,Julia,Lauren,Rachel,Ashley,Kayla,Courtney,2.0,0.0,1.0,1.0,2.0,0.0,2.0,2.0,2.0,,,,,,,0.0,,,,,,,,,,,49,1,2020_Feb_04_1143,FaceNameBlocked_revised,3.0.0,99.88965688467371,,NaN
3,Male2Block.csv,Kevin2.mp4,Kevin.JPG,Kevin,48.0,M,Adam,Nathan,Steven,Timothy,Jason,Dylan,Thomas,Jeremy,Noah,Kevin,9.0,0.0,0.0,0.0,4.0,0.0,2.0,2.0,9.0,,,,,,,1.0,,,,,,,,,,,49,1,2020_Feb_04_1143,FaceNameBlocked_revised,3.0.0,99.88965688467371,,NaN
19,Male2Block.csv,Kevin2.mp4,Kevin.JPG,Kevin,48.0,M,Adam,Nathan,Steven,Timothy,Jason,Dylan,Thomas,Jeremy,Noah,Kevin,9.0,0.0,0.0,0.0,4.0,,,,,0.0,8.0,8.0,9.0,,,,,, steven,"['s', 't', 'e', 'v', 'e', 'n']","[2.9322127790073864, 3.1329661540075904, 3.363711116995546, 3.654854983993573, 3.7752819129964337, 3.9857361479953397]",1.0,1.0,5.841562762987452,,,49,1,2020_Feb_04_1143,FaceNameBlocked_revised,3.0.0,99.88965688467371,,2.9322127
77,Male1Block.csv,Kyle3.mp4,Kyle.JPG,Kyle,49.0,M,Mark,Matthew,David,Tyler,Eric,Caleb,Kyle,Jacob,Michael,Brian,6.0,0.0,3.0,3.0,3.0,,,,,0.0,6.0,6.0,6.0,,,,,, kyle,"['k', 'y', 'l', 'e']","[1.394200656999601, 1.7777911129960557, 2.2392588740040082, 2.4803838990046643]",2.0,2.0,2.772096560001956,,,49,1,2020_Feb_04_1143,FaceNameBlocked_revised,3.0.0,99.88965688467371,,1.3942006
67,Male1Block.csv,Kyle3.mp4,Kyle.JPG,Kyle,49.0,M,Mark,Matthew,David,Tyler,Eric,Caleb,Kyle,Jacob,Michael,Brian,6.0,0.0,3.0,3.0,3.0,0.0,6.0,6.0,6.0,,,,,,,0.0,,,,,,,,,,,49,1,2020_Feb_04_1143,FaceNameBlocked_revised,3.0.0,99.88965688467371,,NaN
39,Fem3Block.csv,Lauren4.mp4,Lauren.JPG,Lauren,19.0,F,Anna,Rebecca,Kelsey,Heather,Julia,Lauren,Rachel,Ashley,Kayla,Courtney,5.0,0.0,1.0,1.0,2.0,,,,,0.0,8.0,8.0,5.0,,,,,, lauren,"['l', 'a', 'u', 'r', 'e', 'n']","[2.2096331709908554, 2.550529041996924, 3.0626895030000014, 3.424040682002669, 3.714807012001984, 3.995075137994718]",3.0,3.0,1.6578420659934636,,,49,1,2020_Feb_04_1143,FaceNameBlocked_revised,3.0.0,99.88965688467371,,2.2096331
29,Fem3Block.csv,Lauren4.mp4,Lauren.JPG,Lauren,19.0,F,Anna,Rebecca,Kelsey,Heather,Julia,Lauren,Rachel,Ashley,Kayla,Courtney,5.0,0.0,1.0,1.0,2.0,0.0,8.0,8.0,5.0,,,,,,,0.0,,,,,,,,,,,49,1,2020_Feb_04_1143,FaceNameBlocked_revised,3.0.0,99.88965688467371,,NaN
75,Male1Block.csv,Mark3.mp4,Mark.JPG,Mark,50.0,M,Mark,Matthew,David,Tyler,Eric,Caleb,Kyle,Jacob,Michael,Brian,0.0,0.0,3.0,3.0,3.0,,,,,0.0,4.0,4.0,0.0,,,,,, kyle,"['k', 'y', 'l', 'e']","[2.3582825799967395, 2.7822011839889456, 3.2634041229903232, 3.9548082539986353]",2.0,2.0,3.2438563309988235,,,49,1,2020_Feb_04_1143,FaceNameBlocked_revised,3.0.0,99.88965688467371,,2.3582825
61,Male1Block.csv,Mark3.mp4,Mark.JPG,Mark,50.0,M,Mark,Matthew,David,Tyler,Eric,Caleb,Kyle,Jacob,Michael,Brian,0.0,0.0,3.0,3.0,3.0,0.0,0.0,0.0,0.0,,,,,,,1.0,,,,,,,,,,,49,1,2020_Feb_04_1143,FaceNameBlocked_revised,3.0.0,99.88965688467371,,NaN
74,Male1Block.csv,Matthew2.mp4,Matthew.JPG,Matthew,51.0,M,Mark,Matthew,David,Tyler,Eric,Caleb,Kyle,Jacob,Michael,Brian,1.0,0.0,3.0,3.0,3.0,,,,,0.0,3.0,3.0,1.0,,,,,, matthew,"['m', 'a', 't', 't', 'h', 'e', 'w']","[1.6284173060121248, 1.878915068009519, 2.109362007002346, 2.2598766860028263, 2.5007475200109184, 3.2438402070110897, 3.4936799069982953]",4.0,4.0,2.0085073999944143,,,49,1,2020_Feb_04_1143,FaceNameBlocked_revised,3.0.0,99.88965688467371,,1.6284173
64,Male1Block.csv,Matthew2.mp4,Matthew.JPG,Matthew,51.0,M,Mark,Matthew,David,Tyler,Eric,Caleb,Kyle,Jacob,Michael,Brian,1.0,0.0,3.0,3.0,3.0,0.0,3.0,3.0,1.0,,,,,,,0.0,,,,,,,,,,,49,1,2020_Feb_04_1143,FaceNameBlocked_revised,3.0.0,99.88965688467371,,NaN
118,Fem2Block.csv,Megan2.mp4,Megan.JPG,Megan,20.0,F,Alyssa,Olivia,Brittany,Danielle,Katie,Emily,Megan,Shelby,Natalie,Sarah,6.0,0.0,5.0,5.0,1.0,,,,,0.0,7.0,7.0,6.0,,,,,, emily,"['e', 'm', 'i', 'l', 'y']","[2.570751396997366, 2.9719292310037417, 3.1630557519965805, 3.4244909260014538, 3.675221657002112]",5.0,1.0,5.4184993829985615,,,49,1,2020_Feb_04_1143,FaceNameBlocked_revised,3.0.0,99.88965688467371,,2.5707513
105,Fem2Block.csv,Megan2.mp4,Megan.JPG,Megan,20.0,F,Alyssa,Olivia,Brittany,Danielle,Katie,Emily,Megan,Shelby,Natalie,Sarah,6.0,0.0,5.0,5.0,1.0,0.0,4.0,4.0,6.0,,,,,,,0.0,,,,,,,,,,,49,1,2020_Feb_04_1143,FaceNameBlocked_revised,3.0.0,99.88965688467371,,NaN
70,Male1Block.csv,Michael2.mp4,Michael.JPG,Michael,52.0,M,Mark,Matthew,David,Tyler,Eric,Caleb,Kyle,Jacob,Michael,Brian,8.0,0.0,3.0,3.0,3.0,0.0,9.0,9.0,8.0,,,,,,,1.0,,,,,,,,,,,49,1,2020_Feb_04_1143,FaceNameBlocked_revised,3.0.0,99.88965688467371,,NaN
72,Male1Block.csv,Michael2.mp4,Michael.JPG,Michael,52.0,M,Mark,Matthew,David,Tyler,Eric,Caleb,Kyle,Jacob,Michael,Brian,8.0,0.0,3.0,3.0,3.0,,,,,0.0,1.0,1.0,8.0,,,,,, da,"['d', 'v', 'backspace', 'a']","[7.919243388008908, 8.309251152997604, 9.354337491007755, 9.856744072996662]",3.0,2.0,6.525229047998438,,,49,1,2020_Feb_04_1143,FaceNameBlocked_revised,3.0.0,99.88965688467371,,7.9192433
90,Fem1Block.csv,Michelle2.mp4,Michelle.JPG,Michelle,21.0,F,Jenna,Nicole,Amanda,Haley,Brianna,Michelle,Taylor,Jessica,Grace,Hannah,5.0,0.0,4.0,4.0,0.0,0.0,9.0,9.0,5.0,,,,,,,0.0,,,,,,,,,,,49,1,2020_Feb_04_1143,FaceNameBlocked_revised,3.0.0,99.88965688467371,,NaN
98,Fem1Block.csv,Michelle2.mp4,Michelle.JPG,Michelle,21.0,F,Jenna,Nicole,Amanda,Haley,Brianna,Michelle,Taylor,Jessica,Grace,Hannah,5.0,0.0,4.0,4.0,0.0,,,,,0.0,7.0,7.0,5.0,,,,,, michelle,"['m', 'i', 'c', 'h', 'e', 'l', 'l', 'e']","[2.3192395089863567, 2.5407696339971153, 2.71128270898771, 2.9110775189910783, 3.140770406986121, 3.503038000999368, 3.664548033993924, 3.7446614439977566]",1.0,1.0,1.457898184002261,,,49,1,2020_Feb_04_1143,FaceNameBlocked_revised,3.0.0,99.88965688467371,,2.3192395
113,Fem2Block.csv,Natalie3.mp4,Natalie.JPG,Natalie,22.0,F,Alyssa,Olivia,Brittany,Danielle,Katie,Emily,Megan,Shelby,Natalie,Sarah,8.0,0.0,5.0,5.0,1.0,,,,,0.0,2.0,2.0,8.0,,,,,, shelby,"['s', 'h', 'e', 'l', 'b', 'y']","[3.3242643659905298, 3.645248877990525, 3.916255017000367, 4.296723710998776, 4.70894352599862, 4.8990072250016965]",1.0,5.0,5.631075231998692,,,49,1,2020_Feb_04_1143,FaceNameBlocked_revised,3.0.0,99.88965688467371,,3.3242643
107,Fem2Block.csv,Natalie3.mp4,Natalie.JPG,Natalie,22.0,F,Alyssa,Olivia,Brittany,Danielle,Katie,Emily,Megan,Shelby,Natalie,Sarah,8.0,0.0,5.0,5.0,1.0,0.0,6.0,6.0,8.0,,,,,,,1.0,,,,,,,,,,,49,1,2020_Feb_04_1143,FaceNameBlocked_revised,3.0.0,99.88965688467371,,NaN
6,Male2Block.csv,Nathan3.mp4,Nathan.JPG,Nathan,53.0,M,Adam,Nathan,Steven,Timothy,Jason,Dylan,Thomas,Jeremy,Noah,Kevin,1.0,0.0,0.0,0.0,4.0,0.0,5.0,5.0,1.0,,,,,,,0.0,,,,,,,,,,,49,1,2020_Feb_04_1143,FaceNameBlocked_revised,3.0.0,99.88965688467371,,NaN
16,Male2Block.csv,Nathan3.mp4,Nathan.JPG,Nathan,53.0,M,Adam,Nathan,Steven,Timothy,Jason,Dylan,Thomas,Jeremy,Noah,Kevin,1.0,0.0,0.0,0.0,4.0,,,,,0.0,5.0,5.0,1.0,,,,,, nathan,"['n', 'a', 't', 'h', 'a', 'n']","[5.481932719994802, 5.792216162997647, 6.001210221002111, 6.254206527999486, 6.484982073001447, 6.67378556499898]",2.0,2.0,1.4980768179957522,,,49,1,2020_Feb_04_1143,FaceNameBlocked_revised,3.0.0,99.88965688467371,,5.4819327
92,Fem1Block.csv,Nicole2.mp4,Nicole.JPG,Nicole,23.0,F,Jenna,Nicole,Amanda,Haley,Brianna,Michelle,Taylor,Jessica,Grace,Hannah,1.0,0.0,4.0,4.0,0.0,,,,,0.0,1.0,1.0,1.0,,,,,, ,None,,4.0,4.0,6.433788224007003,,,49,1,2020_Feb_04_1143,FaceNameBlocked_revised,3.0.0,99.88965688467371,,NaN
86,Fem1Block.csv,Nicole2.mp4,Nicole.JPG,Nicole,23.0,F,Jenna,Nicole,Amanda,Haley,Brianna,Michelle,Taylor,Jessica,Grace,Hannah,1.0,0.0,4.0,4.0,0.0,0.0,5.0,5.0,1.0,,,,,,,0.0,,,,,,,,,,,49,1,2020_Feb_04_1143,FaceNameBlocked_revised,3.0.0,99.88965688467371,,NaN
9,Male2Block.csv,Noah2.mp4,Noah.JPG,Noah,54.0,M,Adam,Nathan,Steven,Timothy,Jason,Dylan,Thomas,Jeremy,Noah,Kevin,8.0,0.0,0.0,0.0,4.0,0.0,8.0,8.0,8.0,,,,,,,1.0,,,,,,,,,,,49,1,2020_Feb_04_1143,FaceNameBlocked_revised,3.0.0,99.88965688467371,,NaN
18,Male2Block.csv,Noah2.mp4,Noah.JPG,Noah,54.0,M,Adam,Nathan,Steven,Timothy,Jason,Dylan,Thomas,Jeremy,Noah,Kevin,8.0,0.0,0.0,0.0,4.0,,,,,0.0,7.0,7.0,8.0,,,,,, adam,"['a', 'd', 'a', 'm']","[4.276740899993456, 4.677364607996424, 5.109326869001961, 5.540914141995017]",3.0,5.0,4.015363521000837,,,49,1,2020_Feb_04_1143,FaceNameBlocked_revised,3.0.0,99.88965688467371,,4.2767408
111,Fem2Block.csv,Olivia3.mp4,Olivia.JPG,Olivia,24.0,F,Alyssa,Olivia,Brittany,Danielle,Katie,Emily,Megan,Shelby,Natalie,Sarah,1.0,0.0,5.0,5.0,1.0,,,,,0.0,0.0,0.0,1.0,,,,space,9.746515342994826, olivia,"['o', 'l', 'i', 'v', 'i', 'a']","[1.877204464006354, 2.0700502320105443, 2.291084241005592, 2.6922195000079228, 2.8226192180009093, 3.1736987850017613]",1.0,1.0,1.835997194997617,,,49,1,2020_Feb_04_1143,FaceNameBlocked_revised,3.0.0,99.88965688467371,,1.8772044
104,Fem2Block.csv,Olivia3.mp4,Olivia.JPG,Olivia,24.0,F,Alyssa,Olivia,Brittany,Danielle,Katie,Emily,Megan,Shelby,Natalie,Sarah,1.0,0.0,5.0,5.0,1.0,0.0,3.0,3.0,1.0,,,,,,,0.0,,,,,,,,,,,49,1,2020_Feb_04_1143,FaceNameBlocked_revised,3.0.0,99.88965688467371,,NaN
30,Fem3Block.csv,Rachel3.mp4,Rachel.JPG,Rachel,25.0,F,Anna,Rebecca,Kelsey,Heather,Julia,Lauren,Rachel,Ashley,Kayla,Courtney,6.0,0.0,1.0,1.0,2.0,0.0,9.0,9.0,6.0,,,,,,,0.0,,,,,,,,,,,49,1,2020_Feb_04_1143,FaceNameBlocked_revised,3.0.0,99.88965688467371,,NaN
31,Fem3Block.csv,Rachel3.mp4,Rachel.JPG,Rachel,25.0,F,Anna,Rebecca,Kelsey,Heather,Julia,Lauren,Rachel,Ashley,Kayla,Courtney,6.0,0.0,1.0,1.0,2.0,,,,,0.0,0.0,0.0,6.0,,,,space,6.836967964991344, rachel,"['r', 'a', 'c', 'h', 'e', 'l']","[2.691202825997607, 2.8896293330035405, 3.042252956001903, 3.3533966740069445, 3.5941473090060754, 3.9246137800073484]",4.0,4.0,2.2172389320039656,,,49,1,2020_Feb_04_1143,FaceNameBlocked_revised,3.0.0,99.88965688467371,,2.6912028
38,Fem3Block.csv,Rebecca3.mp4,Rebecca.JPG,Rebecca,26.0,F,Anna,Rebecca,Kelsey,Heather,Julia,Lauren,Rachel,Ashley,Kayla,Courtney,1.0,0.0,1.0,1.0,2.0,,,,,0.0,7.0,7.0,1.0,,,,,, rebecca,"['r', 'e', 'b', 'e', 'c', 'c', 'a']","[1.6373837260034634, 1.858761028997833, 2.190211086999625, 2.3804450939933304, 2.9800605359923793, 3.152972162992228, 3.634113444990362]",4.0,4.0,2.511076777998824,,,49,1,2020_Feb_04_1143,FaceNameBlocked_revised,3.0.0,99.88965688467371,,1.6373837
24,Fem3Block.csv,Rebecca3.mp4,Rebecca.JPG,Rebecca,26.0,F,Anna,Rebecca,Kelsey,Heather,Julia,Lauren,Rachel,Ashley,Kayla,Courtney,1.0,0.0,1.0,1.0,2.0,0.0,3.0,3.0,1.0,,,,,,,0.0,,,,,,,,,,,49,1,2020_Feb_04_1143,FaceNameBlocked_revised,3.0.0,99.88965688467371,,NaN
110,Fem2Block.csv,Sarah2.mp4,Sarah.JPG,Sarah,27.0,F,Alyssa,Olivia,Brittany,Danielle,Katie,Emily,Megan,Shelby,Natalie,Sarah,9.0,0.0,5.0,5.0,1.0,0.0,9.0,9.0,9.0,,,,,,,1.0,,,,,,,,,,,49,1,2020_Feb_04_1143,FaceNameBlocked_revised,3.0.0,99.88965688467371,,NaN
112,Fem2Block.csv,Sarah2.mp4,Sarah.JPG,Sarah,27.0,F,Alyssa,Olivia,Brittany,Danielle,Katie,Emily,Megan,Shelby,Natalie,Sarah,9.0,0.0,5.0,5.0,1.0,,,,,0.0,1.0,1.0,9.0,,,,,, jessica,"['j', 'e', 's', 's', 'i', 'c', 'a']","[1.78768556000432, 2.0583626910083694, 2.329998245011666, 2.5908680020074826, 3.0020919650123687, 3.15314006000699, 3.9050227080006152]",4.0,1.0,6.10369988399907,,,49,1,2020_Feb_04_1143,FaceNameBlocked_revised,3.0.0,99.88965688467371,,1.7876855
116,Fem2Block.csv,Shelby2.mp4,Shelby.JPG,Shelby,28.0,F,Alyssa,Olivia,Brittany,Danielle,Katie,Emily,Megan,Shelby,Natalie,Sarah,7.0,0.0,5.0,5.0,1.0,,,,,0.0,5.0,5.0,7.0,,,,,, she,"['s', 'h', 'e']","[9.253279254000518, 9.564615743001923, 9.704881853991537]",3.0,3.0,1.3748451919964282,,,49,1,2020_Feb_04_1143,FaceNameBlocked_revised,3.0.0,99.88965688467371,,9.2532792
101,Fem2Block.csv,Shelby2.mp4,Shelby.JPG,Shelby,28.0,F,Alyssa,Olivia,Brittany,Danielle,Katie,Emily,Megan,Shelby,Natalie,Sarah,7.0,0.0,5.0,5.0,1.0,0.0,0.0,0.0,7.0,,,,,,,1.0,,,,,,,,,,,49,1,2020_Feb_04_1143,FaceNameBlocked_revised,3.0.0,99.88965688467371,,NaN
20,Male2Block.csv,Steven2.mp4,Steven.JPG,Steven,55.0,M,Adam,Nathan,Steven,Timothy,Jason,Dylan,Thomas,Jeremy,Noah,Kevin,2.0,0.0,0.0,0.0,4.0,,,,,0.0,9.0,9.0,2.0,,,,,, thomas,"['t', 'h', 'o', 'm', 'a', 's']","[1.3873444209893933, 1.537609014994814, 1.8585724659933476, 2.0993212109897286, 2.8820910609938437, 3.1326673829898937]",3.0,5.0,3.2123845019959845,,,49,1,2020_Feb_04_1143,FaceNameBlocked_revised,3.0.0,99.88965688467371,,1.3873444
8,Male2Block.csv,Steven2.mp4,Steven.JPG,Steven,55.0,M,Adam,Nathan,Steven,Timothy,Jason,Dylan,Thomas,Jeremy,Noah,Kevin,2.0,0.0,0.0,0.0,4.0,0.0,7.0,7.0,2.0,,,,,,,0.0,,,,,,,,,,,49,1,2020_Feb_04_1143,FaceNameBlocked_revised,3.0.0,99.88965688467371,,NaN
82,Fem1Block.csv,Taylor4.mp4,Taylor.JPG,Taylor,29.0,F,Jenna,Nicole,Amanda,Haley,Brianna,Michelle,Taylor,Jessica,Grace,Hannah,6.0,0.0,4.0,4.0,0.0,0.0,1.0,1.0,6.0,,,,,,,0.0,,,,,,,,,,,49,1,2020_Feb_04_1143,FaceNameBlocked_revised,3.0.0,99.88965688467371,,NaN
95,Fem1Block.csv,Taylor4.mp4,Taylor.JPG,Taylor,29.0,F,Jenna,Nicole,Amanda,Haley,Brianna,Michelle,Taylor,Jessica,Grace,Hannah,6.0,0.0,4.0,4.0,0.0,,,,,0.0,4.0,4.0,6.0,,,,,, taylor,"['t', 'a', 'y', 'l', 'o', 'r']","[2.300085656999727, 2.4602942950004945, 2.5902405249944422, 3.062032949994318, 3.222956609999528, 3.3432051679992583]",4.0,4.0,1.8979111920052676,,,49,1,2020_Feb_04_1143,FaceNameBlocked_revised,3.0.0,99.88965688467371,,2.3000856
15,Male2Block.csv,Thomas2.mp4,Thomas.JPG,Thomas,56.0,M,Adam,Nathan,Steven,Timothy,Jason,Dylan,Thomas,Jeremy,Noah,Kevin,6.0,0.0,0.0,0.0,4.0,,,,,0.0,4.0,4.0,6.0,,,,,, noah,"['n', 'o', 'a', 'h']","[7.41754170099739, 7.756628882998484, 8.027491086002556, 8.400517330999719]",2.0,5.0,3.895956923995982,,,49,1,2020_Feb_04_1143,FaceNameBlocked_revised,3.0.0,99.88965688467371,,7.4175417
10,Male2Block.csv,Thomas2.mp4,Thomas.JPG,Thomas,56.0,M,Adam,Nathan,Steven,Timothy,Jason,Dylan,Thomas,Jeremy,Noah,Kevin,6.0,0.0,0.0,0.0,4.0,0.0,9.0,9.0,6.0,,,,,,,0.0,,,,,,,,,,,49,1,2020_Feb_04_1143,FaceNameBlocked_revised,3.0.0,99.88965688467371,,NaN
12,Male2Block.csv,Timothy3.mp4,Timothy.JPG,Timothy,57.0,M,Adam,Nathan,Steven,Timothy,Jason,Dylan,Thomas,Jeremy,Noah,Kevin,3.0,0.0,0.0,0.0,4.0,,,,,0.0,1.0,1.0,3.0,,,,,, t,"['t', 'o', 'm', 'backspace', 'backspace']","[4.327756337996107, 4.647978460998274, 4.959923087997595, 6.815416708996054, 7.206241202991805]",1.0,1.0,1.848209408999537,,,49,1,2020_Feb_04_1143,FaceNameBlocked_revised,3.0.0,99.88965688467371,,4.3277563
5,Male2Block.csv,Timothy3.mp4,Timothy.JPG,Timothy,57.0,M,Adam,Nathan,Steven,Timothy,Jason,Dylan,Thomas,Jeremy,Noah,Kevin,3.0,0.0,0.0,0.0,4.0,0.0,4.0,4.0,3.0,,,,,,,0.0,,,,,,,,,,,49,1,2020_Feb_04_1143,FaceNameBlocked_revised,3.0.0,99.88965688467371,,NaN
48,Male3Block.csv,Trevor2.mp4,Trevor.JPG,Trevor,58.0,M,Trevor,Bradley,Daniel,Cody,Justin,Andrew,Ethan,Aaron,Josh,Brandon,0.0,0.0,2.0,2.0,5.0,0.0,7.0,7.0,0.0,,,,,,,1.0,,,,,,,,,,,49,1,2020_Feb_04_1143,FaceNameBlocked_revised,3.0.0,99.88965688467371,,NaN
52,Male3Block.csv,Trevor2.mp4,Trevor.JPG,Trevor,58.0,M,Trevor,Bradley,Daniel,Cody,Justin,Andrew,Ethan,Aaron,Josh,Brandon,0.0,0.0,2.0,2.0,5.0,,,,,0.0,1.0,1.0,0.0,,,,,, trevor,"['t', 'r', 'e', 'v', 'o', 'r']","[1.3468633000011323, 1.5374995190068148, 1.7078837809967808, 1.9898394110059598, 2.4802132080076262, 2.7496241250046296]",2.0,2.0,1.587999117997242,,,49,1,2020_Feb_04_1143,FaceNameBlocked_revised,3.0.0,99.88965688467371,,1.3468633
80,Male1Block.csv,Tyler3.mp4,Tyler.JPG,Tyler,59.0,M,Mark,Matthew,David,Tyler,Eric,Caleb,Kyle,Jacob,Michael,Brian,3.0,0.0,3.0,3.0,3.0,,,,,0.0,9.0,9.0,3.0,,,,,, d,['d'],[9.826445421000244],2.0,2.0,3.7441970549989487,,,49,1,2020_Feb_04_1143,FaceNameBlocked_revised,3.0.0,99.88965688467371,,9.8264454
68,Male1Block.csv,Tyler3.mp4,Tyler.JPG,Tyler,59.0,M,Mark,Matthew,David,Tyler,Eric,Caleb,Kyle,Jacob,Michael,Brian,3.0,0.0,3.0,3.0,3.0,0.0,7.0,7.0,3.0,,,,,,,0.0,,,,,,,,,,,49,1,2020_Feb_04_1143,FaceNameBlocked_revised,3.0.0,99.88965688467371,,NaN
0,,,,,,,,,,,,,,,,,,,,,,,,,,,,,,space,947.234321002994,,,,,,,,,,,,49,1,2020_Feb_04_1143,FaceNameBlocked_revised,3.0.0,99.88965688467371,,NaN
121,,,,,,,,,,,,,,,,,,,,,,,,,,,,,,,,,,,,,,,,,space,226.06915040800232,49,1,2020_Feb_04_1143,FaceNameBlocked_revised,3.0.0,99.88965688467371,,NaN
