,condsBlockFile,Video,Photo,Name,Row,Gender,N1,N2,N3,N4,N5,N6,N7,N8,N9,N10,Row2,blocks.thisRepN,blocks.thisTrialN,blocks.thisN,blocks.thisIndex,presentations.thisRepN,presentations.thisTrialN,presentations.thisN,presentations.thisIndex,testing.thisRepN,testing.thisTrialN,testing.thisN,testing.thisIndex,advance_1.keys,advance_1.rt,currentCond,advance_2.keys,advance_2.rt,inputText,key_resp_3.keys,key_resp_3.rt,correctRecogSelection,keyResponse.keys,keyResponse.rt,end_key.keys,end_key.rt,participant,session,date,expName,psychopyVersion,frameRate,Unnamed: 48,key_resp3_fin
24,Male3Block.csv,Aaron2.mp4,Aaron.JPG,Aaron,30.0,M,Tyler,Cody,Kevin,Matthew,Jeremy,Noah,Eric,David,Aaron,Brandon,8.0,0.0,1.0,1.0,5.0,0.0,3.0,3.0,8.0,,,,,,,0.0,,,,,,,,,,,50,1,2020_Feb_04_1142,FaceNameBlocked_revised,3.0.0,85.00215951659177,,NaN
37,Male3Block.csv,Aaron2.mp4,Aaron.JPG,Aaron,30.0,M,Tyler,Cody,Kevin,Matthew,Jeremy,Noah,Eric,David,Aaron,Brandon,8.0,0.0,1.0,1.0,5.0,,,,,0.0,6.0,6.0,8.0,,,,,, ,"['m', 'a', 'backspace', 'backspace']","[3.9185928240185603, 4.2365242360392585, 5.234654788044281, 5.447029423085041]",5.0,4.0,1.8011014410294592,,,50,1,2020_Feb_04_1142,FaceNameBlocked_revised,3.0.0,85.00215951659177,,3.9185928
52,Male2Block.csv,Adam4.mp4,Adam.JPG,Adam,31.0,M,Nathan,Jacob,Brian,Kyle,Michael,Adam,Thomas,Jason,Justin,Daniel,5.0,0.0,2.0,2.0,4.0,,,,,0.0,1.0,1.0,5.0,,,,,, kyle,"['k', 'y', 'l', 'e']","[1.6486952389823273, 1.9308381759328768, 2.177923485985957, 2.342288885032758]",3.0,3.0,5.7298808969790125,,,50,1,2020_Feb_04_1142,FaceNameBlocked_revised,3.0.0,85.00215951659177,,1.6486952
47,Male2Block.csv,Adam4.mp4,Adam.JPG,Adam,31.0,M,Nathan,Jacob,Brian,Kyle,Michael,Adam,Thomas,Jason,Justin,Daniel,5.0,0.0,2.0,2.0,4.0,0.0,6.0,6.0,5.0,,,,,,,0.0,,,,,,,,,,,50,1,2020_Feb_04_1142,FaceNameBlocked_revised,3.0.0,85.00215951659177,,NaN
15,Fem3Block.csv,Alyssa3.mp4,Alyssa.JPG,Alyssa,0.0,F,Alyssa,Taylor,Brittany,Shelby,Emily,Megan,Sarah,Amanda,Haley,Katie,0.0,0.0,0.0,0.0,2.0,,,,,0.0,4.0,4.0,0.0,,,,,, Alyssa,"['lshift', 'a', 'l', 'y', 's', 's', 'a', 'return']","[7.409853341989219, 7.682272888021544, 8.128773640026338, 8.481667913962156, 8.681756788981147, 8.928616179036908, 9.105269370018505, 9.362686311011203]",5.0,5.0,3.0727827800437812,,,50,1,2020_Feb_04_1142,FaceNameBlocked_revised,3.0.0,85.00215951659177,,7.4098533
4,Fem3Block.csv,Alyssa3.mp4,Alyssa.JPG,Alyssa,0.0,F,Alyssa,Taylor,Brittany,Shelby,Emily,Megan,Sarah,Amanda,Haley,Katie,0.0,0.0,0.0,0.0,2.0,0.0,3.0,3.0,0.0,,,,,,,0.0,,,,,,,,,,,50,1,2020_Feb_04_1142,FaceNameBlocked_revised,3.0.0,85.00215951659177,,NaN
5,Fem3Block.csv,Amanda3.mp4,Amanda.JPG,Amanda,1.0,F,Alyssa,Taylor,Brittany,Shelby,Emily,Megan,Sarah,Amanda,Haley,Katie,7.0,0.0,0.0,0.0,2.0,0.0,4.0,4.0,7.0,,,,,,,0.0,,,,,,,,,,,50,1,2020_Feb_04_1142,FaceNameBlocked_revised,3.0.0,85.00215951659177,,NaN
13,Fem3Block.csv,Amanda3.mp4,Amanda.JPG,Amanda,1.0,F,Alyssa,Taylor,Brittany,Shelby,Emily,Megan,Sarah,Amanda,Haley,Katie,7.0,0.0,0.0,0.0,2.0,,,,,0.0,2.0,2.0,7.0,,,,,, Britanny  ,"['lshift', 'b', 'r', 'i', 't', 'a', 'n', 'n', 'y', 'return', 'space', 'space', 'return']","[1.941788324038498, 2.143362011993304, 2.4015934029594064, 2.543323233956471, 2.694270915002562, 2.801696807029657, 2.8958645849488676, 3.0723073829431087, 3.2254585929913446, 3.354061224963516, 4.624100188957527, 7.118276790017262, 8.493622825015336]",4.0,3.0,4.70657402893994,,,50,1,2020_Feb_04_1142,FaceNameBlocked_revised,3.0.0,85.00215951659177,,1.9417883
94,Male1Block.csv,Andrew2.mp4,Andrew.JPG,Andrew,32.0,M,Dylan,Andrew,Timothy,Mark,Trevor,Steven,Bradley,Josh,Caleb,Ethan,1.0,0.0,4.0,4.0,3.0,,,,,0.0,3.0,3.0,1.0,,,,,, ,None,,4.0,2.0,3.6946969409473236,,,50,1,2020_Feb_04_1142,FaceNameBlocked_revised,3.0.0,85.00215951659177,,NaN
88,Male1Block.csv,Andrew2.mp4,Andrew.JPG,Andrew,32.0,M,Dylan,Andrew,Timothy,Mark,Trevor,Steven,Bradley,Josh,Caleb,Ethan,1.0,0.0,4.0,4.0,3.0,0.0,7.0,7.0,1.0,,,,,,,0.0,,,,,,,,,,,50,1,2020_Feb_04_1142,FaceNameBlocked_revised,3.0.0,85.00215951659177,,NaN
104,Fem1Block.csv,Anna3.mp4,Anna.JPG,Anna,2.0,F,Danielle,Kelsey,Courtney,Michelle,Natalie,Rebecca,Grace,Kayla,Anna,Olivia,8.0,0.0,5.0,5.0,0.0,0.0,3.0,3.0,8.0,,,,,,,0.0,,,,,,,,,,,50,1,2020_Feb_04_1142,FaceNameBlocked_revised,3.0.0,85.00215951659177,,NaN
113,Fem1Block.csv,Anna3.mp4,Anna.JPG,Anna,2.0,F,Danielle,Kelsey,Courtney,Michelle,Natalie,Rebecca,Grace,Kayla,Anna,Olivia,8.0,0.0,5.0,5.0,0.0,,,,,0.0,2.0,2.0,8.0,,,,,, Danielle,"['lshift', 'd', 'a', 'n', 'i', 'e', 'l', 'l', 'e']","[2.047184725990519, 2.813771131914109, 3.060593131929636, 3.2600687469821423, 3.565980498911813, 3.764438821002841, 3.9896958679892123, 4.1897770059295, 4.377479400951415]",2.0,1.0,2.013771709986031,,,50,1,2020_Feb_04_1142,FaceNameBlocked_revised,3.0.0,85.00215951659177,,2.0471847
66,Fem2Block.csv,Ashley3.mp4,Ashley.JPG,Ashley,3.0,F,Hannah,Jessica,Lauren,Ashley,Jenna,Rachel,Julia,Heather,Nicole,Brianna,3.0,0.0,3.0,3.0,1.0,0.0,5.0,5.0,3.0,,,,,,,1.0,,,,,,,,,,,50,1,2020_Feb_04_1142,FaceNameBlocked_revised,3.0.0,85.00215951659177,,NaN
79,Fem2Block.csv,Ashley3.mp4,Ashley.JPG,Ashley,3.0,F,Hannah,Jessica,Lauren,Ashley,Jenna,Rachel,Julia,Heather,Nicole,Brianna,3.0,0.0,3.0,3.0,1.0,,,,,0.0,8.0,8.0,3.0,,,,,, jenna,"['j', 'e', 'n', 'n', 'a']","[3.894279415020719, 4.129147198051214, 4.3761707820231095, 4.576161656994373, 4.776067516999319]",5.0,1.0,3.1665635550161824,,,50,1,2020_Feb_04_1142,FaceNameBlocked_revised,3.0.0,85.00215951659177,,3.8942794
95,Male1Block.csv,Bradley3.mp4,Bradley.JPG,Bradley,33.0,M,Dylan,Andrew,Timothy,Mark,Trevor,Steven,Bradley,Josh,Caleb,Ethan,6.0,0.0,4.0,4.0,3.0,,,,,0.0,4.0,4.0,6.0,,,,,, Jacob,"['lshift', 'j', 'a', 'c', 'o', 'b']","[7.905081182019785, 8.32975598203484, 8.505867087980732, 8.647036461974494, 8.940703523927368, 9.047118591959588]",5.0,5.0,3.5885078359860927,,,50,1,2020_Feb_04_1142,FaceNameBlocked_revised,3.0.0,85.00215951659177,,7.9050811
90,Male1Block.csv,Bradley3.mp4,Bradley.JPG,Bradley,33.0,M,Dylan,Andrew,Timothy,Mark,Trevor,Steven,Bradley,Josh,Caleb,Ethan,6.0,0.0,4.0,4.0,3.0,0.0,9.0,9.0,6.0,,,,,,,1.0,,,,,,,,,,,50,1,2020_Feb_04_1142,FaceNameBlocked_revised,3.0.0,85.00215951659177,,NaN
25,Male3Block.csv,Brandon2.mp4,Brandon.JPG,Brandon,34.0,M,Tyler,Cody,Kevin,Matthew,Jeremy,Noah,Eric,David,Aaron,Brandon,9.0,0.0,1.0,1.0,5.0,0.0,4.0,4.0,9.0,,,,,,,1.0,,,,,,,,,,,50,1,2020_Feb_04_1142,FaceNameBlocked_revised,3.0.0,85.00215951659177,,NaN
36,Male3Block.csv,Brandon2.mp4,Brandon.JPG,Brandon,34.0,M,Tyler,Cody,Kevin,Matthew,Jeremy,Noah,Eric,David,Aaron,Brandon,9.0,0.0,1.0,1.0,5.0,,,,,0.0,5.0,5.0,9.0,,,,,, ,None,,3.0,1.0,3.0374685289571066,,,50,1,2020_Feb_04_1142,FaceNameBlocked_revised,3.0.0,85.00215951659177,,NaN
43,Male2Block.csv,Brian2.mp4,Brian.JPG,Brian,35.0,M,Nathan,Jacob,Brian,Kyle,Michael,Adam,Thomas,Jason,Justin,Daniel,2.0,0.0,2.0,2.0,4.0,0.0,2.0,2.0,2.0,,,,,,,1.0,,,,,,,,,,,50,1,2020_Feb_04_1142,FaceNameBlocked_revised,3.0.0,85.00215951659177,,NaN
55,Male2Block.csv,Brian2.mp4,Brian.JPG,Brian,35.0,M,Nathan,Jacob,Brian,Kyle,Michael,Adam,Thomas,Jason,Justin,Daniel,2.0,0.0,2.0,2.0,4.0,,,,,0.0,4.0,4.0,2.0,,,,,, jacbo,"['a', 'j', 'backspace', 'backspace', 'j', 'a', 'c', 'b', 'o']","[8.44501617201604, 8.517052729032002, 8.857700136024505, 9.069696533028036, 9.28210360603407, 9.421193983987905, 9.51723316393327, 9.740842798026279, 9.82127778395079]",1.0,5.0,2.802159412065521,,,50,1,2020_Feb_04_1142,FaceNameBlocked_revised,3.0.0,85.00215951659177,,8.4450161
77,Fem2Block.csv,Brianna2.mp4,Brianna.JPG,Brianna,4.0,F,Hannah,Jessica,Lauren,Ashley,Jenna,Rachel,Julia,Heather,Nicole,Brianna,9.0,0.0,3.0,3.0,1.0,,,,,0.0,6.0,6.0,9.0,,,,,, ,None,,2.0,3.0,3.446388165000826,,,50,1,2020_Feb_04_1142,FaceNameBlocked_revised,3.0.0,85.00215951659177,,NaN
63,Fem2Block.csv,Brianna2.mp4,Brianna.JPG,Brianna,4.0,F,Hannah,Jessica,Lauren,Ashley,Jenna,Rachel,Julia,Heather,Nicole,Brianna,9.0,0.0,3.0,3.0,1.0,0.0,2.0,2.0,9.0,,,,,,,1.0,,,,,,,,,,,50,1,2020_Feb_04_1142,FaceNameBlocked_revised,3.0.0,85.00215951659177,,NaN
19,Fem3Block.csv,Brittany2.mp4,Brittany.JPG,Brittany,5.0,F,Alyssa,Taylor,Brittany,Shelby,Emily,Megan,Sarah,Amanda,Haley,Katie,2.0,0.0,0.0,0.0,2.0,,,,,0.0,8.0,8.0,2.0,,,,,, sarah,"['lshift', 'a', 'l', 'y', 's', 'backspace', 'backspace', 'backspace', 'backspace', 's', 'a', 'r', 'a', 'h', 'return']","[5.787336348090321, 6.012735181022435, 6.329673691070639, 6.904192618094385, 7.211593262036331, 7.680676409043372, 8.164009178057313, 8.35216087300796, 8.528592044021934, 8.81184134806972, 8.975661589065567, 9.046759321005084, 9.234313260996714, 9.505094337044284, 9.704783529043198]",3.0,5.0,3.31852300092578,,,50,1,2020_Feb_04_1142,FaceNameBlocked_revised,3.0.0,85.00215951659177,,5.7873363
6,Fem3Block.csv,Brittany2.mp4,Brittany.JPG,Brittany,5.0,F,Alyssa,Taylor,Brittany,Shelby,Emily,Megan,Sarah,Amanda,Haley,Katie,2.0,0.0,0.0,0.0,2.0,0.0,5.0,5.0,2.0,,,,,,,1.0,,,,,,,,,,,50,1,2020_Feb_04_1142,FaceNameBlocked_revised,3.0.0,85.00215951659177,,NaN
92,Male1Block.csv,Caleb5.mp4,Caleb.JPG,Caleb,36.0,M,Dylan,Andrew,Timothy,Mark,Trevor,Steven,Bradley,Josh,Caleb,Ethan,8.0,0.0,4.0,4.0,3.0,,,,,0.0,1.0,1.0,8.0,,,,,, Andrew,"['lshift', 'a', 'n', 'd', 'r', 'e', 'w', 'return']","[3.633800223004073, 3.9290432690177113, 4.128856610041112, 4.282252649078146, 4.482039781054482, 4.64785546308849, 4.717594754998572, 4.821451205993071]",5.0,1.0,0.755198806989938,,,50,1,2020_Feb_04_1142,FaceNameBlocked_revised,3.0.0,85.00215951659177,,3.6338002
81,Male1Block.csv,Caleb5.mp4,Caleb.JPG,Caleb,36.0,M,Dylan,Andrew,Timothy,Mark,Trevor,Steven,Bradley,Josh,Caleb,Ethan,8.0,0.0,4.0,4.0,3.0,0.0,0.0,0.0,8.0,,,,,,,0.0,,,,,,,,,,,50,1,2020_Feb_04_1142,FaceNameBlocked_revised,3.0.0,85.00215951659177,,NaN
40,Male3Block.csv,Cody2.mp4,Cody.JPG,Cody,37.0,M,Tyler,Cody,Kevin,Matthew,Jeremy,Noah,Eric,David,Aaron,Brandon,1.0,0.0,1.0,1.0,5.0,,,,,0.0,9.0,9.0,1.0,,,,,, ,None,,3.0,4.0,3.730565557954833,,,50,1,2020_Feb_04_1142,FaceNameBlocked_revised,3.0.0,85.00215951659177,,NaN
27,Male3Block.csv,Cody2.mp4,Cody.JPG,Cody,37.0,M,Tyler,Cody,Kevin,Matthew,Jeremy,Noah,Eric,David,Aaron,Brandon,1.0,0.0,1.0,1.0,5.0,0.0,6.0,6.0,1.0,,,,,,,0.0,,,,,,,,,,,50,1,2020_Feb_04_1142,FaceNameBlocked_revised,3.0.0,85.00215951659177,,NaN
107,Fem1Block.csv,Courtney2.mp4,Courtney.JPG,Courtney,6.0,F,Danielle,Kelsey,Courtney,Michelle,Natalie,Rebecca,Grace,Kayla,Anna,Olivia,2.0,0.0,5.0,5.0,0.0,0.0,6.0,6.0,2.0,,,,,,,1.0,,,,,,,,,,,50,1,2020_Feb_04_1142,FaceNameBlocked_revised,3.0.0,85.00215951659177,,NaN
111,Fem1Block.csv,Courtney2.mp4,Courtney.JPG,Courtney,6.0,F,Danielle,Kelsey,Courtney,Michelle,Natalie,Rebecca,Grace,Kayla,Anna,Olivia,2.0,0.0,5.0,5.0,0.0,,,,,0.0,0.0,0.0,2.0,,,,space,2.4612942739622667, ,"['lshift', 'k', 'backspace']","[4.304691846948117, 4.600242377957329, 6.962936965981498]",1.0,1.0,4.036112510948442,,,50,1,2020_Feb_04_1142,FaceNameBlocked_revised,3.0.0,85.00215951659177,,4.3046918
59,Male2Block.csv,Daniel3.mp4,Daniel.JPG,Daniel,38.0,M,Nathan,Jacob,Brian,Kyle,Michael,Adam,Thomas,Jason,Justin,Daniel,9.0,0.0,2.0,2.0,4.0,,,,,0.0,8.0,8.0,9.0,,,,,, adam,"['a', 'd', 'a', 'm']","[2.6609616100322455, 2.8257949149701744, 2.9897234099917114, 3.166525784996338]",1.0,1.0,2.5644739400595427,,,50,1,2020_Feb_04_1142,FaceNameBlocked_revised,3.0.0,85.00215951659177,,2.6609616
45,Male2Block.csv,Daniel3.mp4,Daniel.JPG,Daniel,38.0,M,Nathan,Jacob,Brian,Kyle,Michael,Adam,Thomas,Jason,Justin,Daniel,9.0,0.0,2.0,2.0,4.0,0.0,4.0,4.0,9.0,,,,,,,1.0,,,,,,,,,,,50,1,2020_Feb_04_1142,FaceNameBlocked_revised,3.0.0,85.00215951659177,,NaN
114,Fem1Block.csv,Danielle2.mp4,Danielle.JPG,Danielle,7.0,F,Danielle,Kelsey,Courtney,Michelle,Natalie,Rebecca,Grace,Kayla,Anna,Olivia,0.0,0.0,5.0,5.0,0.0,,,,,0.0,3.0,3.0,0.0,,,,,, Anna,"['lshift', 'a', 'n', 'n', 'a']","[1.6122505710227415, 1.7426469780039042, 1.9301705079851672, 2.1187463300302625, 2.2367129659978673]",1.0,2.0,1.4851634500082582,,,50,1,2020_Feb_04_1142,FaceNameBlocked_revised,3.0.0,85.00215951659177,,1.6122505
102,Fem1Block.csv,Danielle2.mp4,Danielle.JPG,Danielle,7.0,F,Danielle,Kelsey,Courtney,Michelle,Natalie,Rebecca,Grace,Kayla,Anna,Olivia,0.0,0.0,5.0,5.0,0.0,0.0,1.0,1.0,0.0,,,,,,,0.0,,,,,,,,,,,50,1,2020_Feb_04_1142,FaceNameBlocked_revised,3.0.0,85.00215951659177,,NaN
22,Male3Block.csv,David2.mp4,David.JPG,David,39.0,M,Tyler,Cody,Kevin,Matthew,Jeremy,Noah,Eric,David,Aaron,Brandon,7.0,0.0,1.0,1.0,5.0,0.0,1.0,1.0,7.0,,,,,,,0.0,,,,,,,,,,,50,1,2020_Feb_04_1142,FaceNameBlocked_revised,3.0.0,85.00215951659177,,NaN
35,Male3Block.csv,David2.mp4,David.JPG,David,39.0,M,Tyler,Cody,Kevin,Matthew,Jeremy,Noah,Eric,David,Aaron,Brandon,7.0,0.0,1.0,1.0,5.0,,,,,0.0,4.0,4.0,7.0,,,,,, aaron,"['a', 'a', 'r', 'o', 'n']","[3.953093471005559, 4.233312917058356, 4.364170238026418, 4.540162101038732, 4.658321948023513]",3.0,4.0,6.212292060023175,,,50,1,2020_Feb_04_1142,FaceNameBlocked_revised,3.0.0,85.00215951659177,,3.9530934
100,Male1Block.csv,Dylan3.mp4,Dylan.JPG,Dylan,40.0,M,Dylan,Andrew,Timothy,Mark,Trevor,Steven,Bradley,Josh,Caleb,Ethan,0.0,0.0,4.0,4.0,3.0,,,,,0.0,9.0,9.0,0.0,,,,,, m,"['m', 'a', 'r', 'backspace', 'backspace']","[8.646647270070389, 8.764114534016699, 8.870095181046054, 9.574411365087144, 9.775090848095715]",2.0,4.0,2.610923980013468,,,50,1,2020_Feb_04_1142,FaceNameBlocked_revised,3.0.0,85.00215951659177,,8.6466472
86,Male1Block.csv,Dylan3.mp4,Dylan.JPG,Dylan,40.0,M,Dylan,Andrew,Timothy,Mark,Trevor,Steven,Bradley,Josh,Caleb,Ethan,0.0,0.0,4.0,4.0,3.0,0.0,5.0,5.0,0.0,,,,,,,0.0,,,,,,,,,,,50,1,2020_Feb_04_1142,FaceNameBlocked_revised,3.0.0,85.00215951659177,,NaN
7,Fem3Block.csv,Emily5.mp4,Emily.JPG,Emily,8.0,F,Alyssa,Taylor,Brittany,Shelby,Emily,Megan,Sarah,Amanda,Haley,Katie,4.0,0.0,0.0,0.0,2.0,0.0,6.0,6.0,4.0,,,,,,,1.0,,,,,,,,,,,50,1,2020_Feb_04_1142,FaceNameBlocked_revised,3.0.0,85.00215951659177,,NaN
11,Fem3Block.csv,Emily5.mp4,Emily.JPG,Emily,8.0,F,Alyssa,Taylor,Brittany,Shelby,Emily,Megan,Sarah,Amanda,Haley,Katie,4.0,0.0,0.0,0.0,2.0,,,,,0.0,0.0,0.0,4.0,,,,space,13.38792706397362, Erica,"['lshift', 'e', 'r', 'i', 'c', 'a', 'return']","[5.963443954940885, 6.1178592069773, 6.235256543965079, 6.458697107969783, 6.691880797035992, 6.823674067039974, 9.763562330976129]",4.0,4.0,8.35392275697086,,,50,1,2020_Feb_04_1142,FaceNameBlocked_revised,3.0.0,85.00215951659177,,5.9634439
29,Male3Block.csv,Eric2.mp4,Eric.JPG,Eric,41.0,M,Tyler,Cody,Kevin,Matthew,Jeremy,Noah,Eric,David,Aaron,Brandon,6.0,0.0,1.0,1.0,5.0,0.0,8.0,8.0,6.0,,,,,,,1.0,,,,,,,,,,,50,1,2020_Feb_04_1142,FaceNameBlocked_revised,3.0.0,85.00215951659177,,NaN
39,Male3Block.csv,Eric2.mp4,Eric.JPG,Eric,41.0,M,Tyler,Cody,Kevin,Matthew,Jeremy,Noah,Eric,David,Aaron,Brandon,6.0,0.0,1.0,1.0,5.0,,,,,0.0,8.0,8.0,6.0,,,,,, David,"['lshift', 'd', 'a', 'v', 'i', 'd']","[1.776542188017629, 4.954078451031819, 5.353305571014062, 5.6122143369866535, 5.776467227959074, 5.953352879034355]",2.0,4.0,1.1073620150564238,,,50,1,2020_Feb_04_1142,FaceNameBlocked_revised,3.0.0,85.00215951659177,,1.7765421
85,Male1Block.csv,Ethan2.mp4,Ethan.JPG,Ethan,42.0,M,Dylan,Andrew,Timothy,Mark,Trevor,Steven,Bradley,Josh,Caleb,Ethan,9.0,0.0,4.0,4.0,3.0,0.0,4.0,4.0,9.0,,,,,,,1.0,,,,,,,,,,,50,1,2020_Feb_04_1142,FaceNameBlocked_revised,3.0.0,85.00215951659177,,NaN
91,Male1Block.csv,Ethan2.mp4,Ethan.JPG,Ethan,42.0,M,Dylan,Andrew,Timothy,Mark,Trevor,Steven,Bradley,Josh,Caleb,Ethan,9.0,0.0,4.0,4.0,3.0,,,,,0.0,0.0,0.0,9.0,,,,space,5.5665166589897135, Evan,"['lshift', 'e', 'v', 'n', 'a', 'backspace', 'backspace', 'a', 'n']","[6.5046343869762495, 6.681094664963894, 6.800778670003638, 7.153429547906853, 7.271099337958731, 7.835005306988023, 8.022717599989846, 8.176607555011287, 8.376584525918588]",1.0,1.0,2.774288150947541,,,50,1,2020_Feb_04_1142,FaceNameBlocked_revised,3.0.0,85.00215951659177,,6.5046343
108,Fem1Block.csv,Grace3.mp4,Grace.JPG,Grace,9.0,F,Danielle,Kelsey,Courtney,Michelle,Natalie,Rebecca,Grace,Kayla,Anna,Olivia,6.0,0.0,5.0,5.0,0.0,0.0,7.0,7.0,6.0,,,,,,,1.0,,,,,,,,,,,50,1,2020_Feb_04_1142,FaceNameBlocked_revised,3.0.0,85.00215951659177,,NaN
118,Fem1Block.csv,Grace3.mp4,Grace.JPG,Grace,9.0,F,Danielle,Kelsey,Courtney,Michelle,Natalie,Rebecca,Grace,Kayla,Anna,Olivia,6.0,0.0,5.0,5.0,0.0,,,,,0.0,7.0,7.0,6.0,,,,,, kelsey,"['k', 'e', 'l', 's', 'e', 'y', 'backspace', 'y']","[4.107373644015752, 4.3896132910158485, 4.566197749925777, 4.823871835018508, 4.977073421003297, 5.154620702029206, 7.998252762015909, 9.317100193002261]",2.0,1.0,2.3655991839477792,,,50,1,2020_Feb_04_1142,FaceNameBlocked_revised,3.0.0,85.00215951659177,,4.1073736
12,Fem3Block.csv,Haley2.mp4,Haley.JPG,Haley,10.0,F,Alyssa,Taylor,Brittany,Shelby,Emily,Megan,Sarah,Amanda,Haley,Katie,8.0,0.0,0.0,0.0,2.0,,,,,0.0,1.0,1.0,8.0,,,,,, Alys,"['lshift', 'a', 'l', 'y', 's']","[8.86921492300462, 9.035110229975544, 9.364355216966942, 9.564449554076418, 9.740841254009865]",2.0,3.0,3.6575485019711778,,,50,1,2020_Feb_04_1142,FaceNameBlocked_revised,3.0.0,85.00215951659177,,8.8692149
10,Fem3Block.csv,Haley2.mp4,Haley.JPG,Haley,10.0,F,Alyssa,Taylor,Brittany,Shelby,Emily,Megan,Sarah,Amanda,Haley,Katie,8.0,0.0,0.0,0.0,2.0,0.0,9.0,9.0,8.0,,,,,,,0.0,,,,,,,,,,,50,1,2020_Feb_04_1142,FaceNameBlocked_revised,3.0.0,85.00215951659177,,NaN
75,Fem2Block.csv,Hannah2.mp4,Hannah.JPG,Hannah,11.0,F,Hannah,Jessica,Lauren,Ashley,Jenna,Rachel,Julia,Heather,Nicole,Brianna,0.0,0.0,3.0,3.0,1.0,,,,,0.0,4.0,4.0,0.0,,,,,, Lauren ,"['lshift', 'j', 'backspace', 'lshift', 'l', 'a', 'u', 'r', 'e', 'n', 'space']","[5.022780294995755, 5.283151185954921, 6.023833231069148, 6.234370407066308, 6.4121284619905055, 6.682219233014621, 6.940464326995425, 7.19997410196811, 7.435188484028913, 7.611380201065913, 8.410718947998248]",2.0,1.0,2.3764822880038987,,,50,1,2020_Feb_04_1142,FaceNameBlocked_revised,3.0.0,85.00215951659177,,5.0227802
69,Fem2Block.csv,Hannah2.mp4,Hannah.JPG,Hannah,11.0,F,Hannah,Jessica,Lauren,Ashley,Jenna,Rachel,Julia,Heather,Nicole,Brianna,0.0,0.0,3.0,3.0,1.0,0.0,8.0,8.0,0.0,,,,,,,0.0,,,,,,,,,,,50,1,2020_Feb_04_1142,FaceNameBlocked_revised,3.0.0,85.00215951659177,,NaN
72,Fem2Block.csv,Heather3.mp4,Heather.JPG,Heather,12.0,F,Hannah,Jessica,Lauren,Ashley,Jenna,Rachel,Julia,Heather,Nicole,Brianna,7.0,0.0,3.0,3.0,1.0,,,,,0.0,1.0,1.0,7.0,,,,,, Rach,"['lshift', 'r', 'a', 'c', 'h', 'e', 'l', 'backspace', 'backspace']","[1.635720195947215, 1.7902074339799583, 2.06095810898114, 2.2493979580467567, 2.376175230019726, 2.506349919945933, 2.6724521099822596, 7.975903387996368, 9.564351264969446]",4.0,2.0,4.824809781042858,,,50,1,2020_Feb_04_1142,FaceNameBlocked_revised,3.0.0,85.00215951659177,,1.6357201
65,Fem2Block.csv,Heather3.mp4,Heather.JPG,Heather,12.0,F,Hannah,Jessica,Lauren,Ashley,Jenna,Rachel,Julia,Heather,Nicole,Brianna,7.0,0.0,3.0,3.0,1.0,0.0,4.0,4.0,7.0,,,,,,,0.0,,,,,,,,,,,50,1,2020_Feb_04_1142,FaceNameBlocked_revised,3.0.0,85.00215951659177,,NaN
42,Male2Block.csv,Jacob3.mp4,Jacob.JPG,Jacob,43.0,M,Nathan,Jacob,Brian,Kyle,Michael,Adam,Thomas,Jason,Justin,Daniel,1.0,0.0,2.0,2.0,4.0,0.0,1.0,1.0,1.0,,,,,,,0.0,,,,,,,,,,,50,1,2020_Feb_04_1142,FaceNameBlocked_revised,3.0.0,85.00215951659177,,NaN
58,Male2Block.csv,Jacob3.mp4,Jacob.JPG,Jacob,43.0,M,Nathan,Jacob,Brian,Kyle,Michael,Adam,Thomas,Jason,Justin,Daniel,1.0,0.0,2.0,2.0,4.0,,,,,0.0,7.0,7.0,1.0,,,,,, jason ,"['j', 'a', 'backspace', 'backspace', 'j', 'a', 's', 'o', 'n', 'space', 'return']","[2.9546686339890584, 3.5416177220176905, 4.4704053720925, 4.67059426009655, 5.89412363502197, 6.092848074040376, 6.212611853028648, 6.63567344006151, 6.78898230008781, 7.517784276045859, 9.05823904008139]",3.0,4.0,1.673049813020043,,,50,1,2020_Feb_04_1142,FaceNameBlocked_revised,3.0.0,85.00215951659177,,2.9546686
60,Male2Block.csv,Jason4.mp4,Jason.JPG,Jason,44.0,M,Nathan,Jacob,Brian,Kyle,Michael,Adam,Thomas,Jason,Justin,Daniel,7.0,0.0,2.0,2.0,4.0,,,,,0.0,9.0,9.0,7.0,,,,,, ,None,,4.0,3.0,1.857963319984265,,,50,1,2020_Feb_04_1142,FaceNameBlocked_revised,3.0.0,85.00215951659177,,NaN
48,Male2Block.csv,Jason4.mp4,Jason.JPG,Jason,44.0,M,Nathan,Jacob,Brian,Kyle,Michael,Adam,Thomas,Jason,Justin,Daniel,7.0,0.0,2.0,2.0,4.0,0.0,7.0,7.0,7.0,,,,,,,0.0,,,,,,,,,,,50,1,2020_Feb_04_1142,FaceNameBlocked_revised,3.0.0,85.00215951659177,,NaN
67,Fem2Block.csv,Jenna4.mp4,Jenna.JPG,Jenna,13.0,F,Hannah,Jessica,Lauren,Ashley,Jenna,Rachel,Julia,Heather,Nicole,Brianna,4.0,0.0,3.0,3.0,1.0,0.0,6.0,6.0,4.0,,,,,,,1.0,,,,,,,,,,,50,1,2020_Feb_04_1142,FaceNameBlocked_revised,3.0.0,85.00215951659177,,NaN
78,Fem2Block.csv,Jenna4.mp4,Jenna.JPG,Jenna,13.0,F,Hannah,Jessica,Lauren,Ashley,Jenna,Rachel,Julia,Heather,Nicole,Brianna,4.0,0.0,3.0,3.0,1.0,,,,,0.0,7.0,7.0,4.0,,,,,, britanny,"['b', 'r', 'i', 't', 'a', 'n', 'n', 'y']","[5.694215127965435, 5.905909296940081, 6.034915080992505, 6.129828381934203, 6.2587424729717895, 6.341253645950928, 6.482750008930452, 6.58854792593047]",5.0,2.0,4.800868487916887,,,50,1,2020_Feb_04_1142,FaceNameBlocked_revised,3.0.0,85.00215951659177,,5.6942151
21,Male3Block.csv,Jeremy2.mp4,Jeremy.JPG,Jeremy,45.0,M,Tyler,Cody,Kevin,Matthew,Jeremy,Noah,Eric,David,Aaron,Brandon,4.0,0.0,1.0,1.0,5.0,0.0,0.0,0.0,4.0,,,,,,,1.0,,,,,,,,,,,50,1,2020_Feb_04_1142,FaceNameBlocked_revised,3.0.0,85.00215951659177,,NaN
34,Male3Block.csv,Jeremy2.mp4,Jeremy.JPG,Jeremy,45.0,M,Tyler,Cody,Kevin,Matthew,Jeremy,Noah,Eric,David,Aaron,Brandon,4.0,0.0,1.0,1.0,5.0,,,,,0.0,3.0,3.0,4.0,,,,,, noah ,"['n', 'o', 'a', 'h', 'space']","[1.5435992769198492, 1.6257713038939983, 1.7788297379156575, 1.9531961719039828, 2.2137593548977748]",4.0,1.0,3.107357962988317,,,50,1,2020_Feb_04_1142,FaceNameBlocked_revised,3.0.0,85.00215951659177,,1.5435992
80,Fem2Block.csv,Jessica2.mp4,Jessica.JPG,Jessica,14.0,F,Hannah,Jessica,Lauren,Ashley,Jenna,Rachel,Julia,Heather,Nicole,Brianna,1.0,0.0,3.0,3.0,1.0,,,,,0.0,9.0,9.0,1.0,,,,,, ,None,,2.0,5.0,3.8138848949456583,,,50,1,2020_Feb_04_1142,FaceNameBlocked_revised,3.0.0,85.00215951659177,,NaN
64,Fem2Block.csv,Jessica2.mp4,Jessica.JPG,Jessica,14.0,F,Hannah,Jessica,Lauren,Ashley,Jenna,Rachel,Julia,Heather,Nicole,Brianna,1.0,0.0,3.0,3.0,1.0,0.0,3.0,3.0,1.0,,,,,,,0.0,,,,,,,,,,,50,1,2020_Feb_04_1142,FaceNameBlocked_revised,3.0.0,85.00215951659177,,NaN
83,Male1Block.csv,Josh3.mp4,Josh.JPG,Josh,46.0,M,Dylan,Andrew,Timothy,Mark,Trevor,Steven,Bradley,Josh,Caleb,Ethan,7.0,0.0,4.0,4.0,3.0,0.0,2.0,2.0,7.0,,,,,,,0.0,,,,,,,,,,,50,1,2020_Feb_04_1142,FaceNameBlocked_revised,3.0.0,85.00215951659177,,NaN
96,Male1Block.csv,Josh3.mp4,Josh.JPG,Josh,46.0,M,Dylan,Andrew,Timothy,Mark,Trevor,Steven,Bradley,Josh,Caleb,Ethan,7.0,0.0,4.0,4.0,3.0,,,,,0.0,5.0,5.0,7.0,,,,,, ,None,,3.0,3.0,3.5763573480071496,,,50,1,2020_Feb_04_1142,FaceNameBlocked_revised,3.0.0,85.00215951659177,,NaN
74,Fem2Block.csv,Julia2.mp4,Julia.JPG,Julia,15.0,F,Hannah,Jessica,Lauren,Ashley,Jenna,Rachel,Julia,Heather,Nicole,Brianna,6.0,0.0,3.0,3.0,1.0,,,,,0.0,3.0,3.0,6.0,,,,,, Anna,"['lshift', 'a', 'n', 'n', 'a']","[1.199964773026295, 1.3423220929689705, 1.5539903619792312, 1.7537334179505706, 1.8835895280353725]",3.0,4.0,5.965963580063544,,,50,1,2020_Feb_04_1142,FaceNameBlocked_revised,3.0.0,85.00215951659177,,1.1999647
62,Fem2Block.csv,Julia2.mp4,Julia.JPG,Julia,15.0,F,Hannah,Jessica,Lauren,Ashley,Jenna,Rachel,Julia,Heather,Nicole,Brianna,6.0,0.0,3.0,3.0,1.0,0.0,1.0,1.0,6.0,,,,,,,1.0,,,,,,,,,,,50,1,2020_Feb_04_1142,FaceNameBlocked_revised,3.0.0,85.00215951659177,,NaN
51,Male2Block.csv,Justin2.mp4,Justin.JPG,Justin,47.0,M,Nathan,Jacob,Brian,Kyle,Michael,Adam,Thomas,Jason,Justin,Daniel,8.0,0.0,2.0,2.0,4.0,,,,,0.0,0.0,0.0,8.0,,,,space,4.163947910070418, brian ,"['b', 'r', 'i', 'a', 'n', 'space']","[5.471114687039517, 5.706643596990034, 5.834140805993229, 5.930135856033303, 6.047022782033309, 7.023906997055747]",4.0,2.0,2.8725732140010223,,,50,1,2020_Feb_04_1142,FaceNameBlocked_revised,3.0.0,85.00215951659177,,5.4711146
49,Male2Block.csv,Justin2.mp4,Justin.JPG,Justin,47.0,M,Nathan,Jacob,Brian,Kyle,Michael,Adam,Thomas,Jason,Justin,Daniel,8.0,0.0,2.0,2.0,4.0,0.0,8.0,8.0,8.0,,,,,,,0.0,,,,,,,,,,,50,1,2020_Feb_04_1142,FaceNameBlocked_revised,3.0.0,85.00215951659177,,NaN
1,Fem3Block.csv,Katie2.mp4,Katie.JPG,Katie,16.0,F,Alyssa,Taylor,Brittany,Shelby,Emily,Megan,Sarah,Amanda,Haley,Katie,9.0,0.0,0.0,0.0,2.0,0.0,0.0,0.0,9.0,,,,,,,1.0,,,,,,,,,,,50,1,2020_Feb_04_1142,FaceNameBlocked_revised,3.0.0,85.00215951659177,,NaN
17,Fem3Block.csv,Katie2.mp4,Katie.JPG,Katie,16.0,F,Alyssa,Taylor,Brittany,Shelby,Emily,Megan,Sarah,Amanda,Haley,Katie,9.0,0.0,0.0,0.0,2.0,,,,,0.0,6.0,6.0,9.0,,,,,, ,None,,2.0,1.0,4.672203399939463,,,50,1,2020_Feb_04_1142,FaceNameBlocked_revised,3.0.0,85.00215951659177,,NaN
106,Fem1Block.csv,Kayla3.mp4,Kayla.JPG,Kayla,17.0,F,Danielle,Kelsey,Courtney,Michelle,Natalie,Rebecca,Grace,Kayla,Anna,Olivia,7.0,0.0,5.0,5.0,0.0,0.0,5.0,5.0,7.0,,,,,,,0.0,,,,,,,,,,,50,1,2020_Feb_04_1142,FaceNameBlocked_revised,3.0.0,85.00215951659177,,NaN
119,Fem1Block.csv,Kayla3.mp4,Kayla.JPG,Kayla,17.0,F,Danielle,Kelsey,Courtney,Michelle,Natalie,Rebecca,Grace,Kayla,Anna,Olivia,7.0,0.0,5.0,5.0,0.0,,,,,0.0,8.0,8.0,7.0,,,,,, ,None,,3.0,4.0,6.106494028936139,,,50,1,2020_Feb_04_1142,FaceNameBlocked_revised,3.0.0,85.00215951659177,,NaN
112,Fem1Block.csv,Kelsey2.mp4,Kelsey.JPG,Kelsey,18.0,F,Danielle,Kelsey,Courtney,Michelle,Natalie,Rebecca,Grace,Kayla,Anna,Olivia,1.0,0.0,5.0,5.0,0.0,,,,,0.0,1.0,1.0,1.0,,,,,, Grace,"['lshift', 'g', 'r', 'a', 'c', 'e']","[1.506544254021719, 2.330658828956075, 2.5899836840108037, 2.7758084849920124, 2.9195414279820397, 3.0010954010067508]",1.0,1.0,3.4131103929830715,,,50,1,2020_Feb_04_1142,FaceNameBlocked_revised,3.0.0,85.00215951659177,,1.5065442
109,Fem1Block.csv,Kelsey2.mp4,Kelsey.JPG,Kelsey,18.0,F,Danielle,Kelsey,Courtney,Michelle,Natalie,Rebecca,Grace,Kayla,Anna,Olivia,1.0,0.0,5.0,5.0,0.0,0.0,8.0,8.0,1.0,,,,,,,0.0,,,,,,,,,,,50,1,2020_Feb_04_1142,FaceNameBlocked_revised,3.0.0,85.00215951659177,,NaN
30,Male3Block.csv,Kevin2.mp4,Kevin.JPG,Kevin,48.0,M,Tyler,Cody,Kevin,Matthew,Jeremy,Noah,Eric,David,Aaron,Brandon,2.0,0.0,1.0,1.0,5.0,0.0,9.0,9.0,2.0,,,,,,,1.0,,,,,,,,,,,50,1,2020_Feb_04_1142,FaceNameBlocked_revised,3.0.0,85.00215951659177,,NaN
32,Male3Block.csv,Kevin2.mp4,Kevin.JPG,Kevin,48.0,M,Tyler,Cody,Kevin,Matthew,Jeremy,Noah,Eric,David,Aaron,Brandon,2.0,0.0,1.0,1.0,5.0,,,,,0.0,1.0,1.0,2.0,,,,,, kevin                      ,"['z', 'backspace', 'k', 'e', 'v', 'i', 'n', 'space', 'space', 'space', 'space', 'space', 'space', 'return', 'return', 'return', 'space', 'space', 'space', 'space', 'space', 'space', 'space', 'space', 'space', 'space', 'space', 'space', 'space', 'space', 'space', 'space']","[1.7425779290497303, 2.7185263630235568, 3.0719135680701584, 3.224481017095968, 3.400348321069032, 3.495210724999197, 3.600497277104296, 4.047122224001214, 4.400229079066776, 4.600270136026666, 4.798400037107058, 4.965151727083139, 5.1181654810206965, 5.42351574706845, 5.6350981030846015, 5.82342512102332, 6.1409657230833545, 6.352273870026693, 6.57460556703154, 6.764580700080842, 6.974527378100902, 7.199755037087016, 7.423015333013609, 7.610857154009864, 7.834803366102278, 8.058818174060434, 8.257539845071733, 8.470045228023082, 8.69372123805806, 8.916640052106231, 9.152055751997977, 9.352056382107548]",2.0,2.0,2.0490187769755717,,,50,1,2020_Feb_04_1142,FaceNameBlocked_revised,3.0.0,85.00215951659177,,1.7425779
46,Male2Block.csv,Kyle3.mp4,Kyle.JPG,Kyle,49.0,M,Nathan,Jacob,Brian,Kyle,Michael,Adam,Thomas,Jason,Justin,Daniel,3.0,0.0,2.0,2.0,4.0,0.0,5.0,5.0,3.0,,,,,,,1.0,,,,,,,,,,,50,1,2020_Feb_04_1142,FaceNameBlocked_revised,3.0.0,85.00215951659177,,NaN
56,Male2Block.csv,Kyle3.mp4,Kyle.JPG,Kyle,49.0,M,Nathan,Jacob,Brian,Kyle,Michael,Adam,Thomas,Jason,Justin,Daniel,3.0,0.0,2.0,2.0,4.0,,,,,0.0,5.0,5.0,3.0,,,,,, kyle,"['k', 'y', 'l', 'e', 'w', 'backspace']","[4.211648153956048, 4.6116472269641235, 5.376401386922225, 5.8231408019782975, 5.838736011995934, 7.198568094987422]",5.0,5.0,1.2354628629982471,,,50,1,2020_Feb_04_1142,FaceNameBlocked_revised,3.0.0,85.00215951659177,,4.2116481
70,Fem2Block.csv,Lauren4.mp4,Lauren.JPG,Lauren,19.0,F,Hannah,Jessica,Lauren,Ashley,Jenna,Rachel,Julia,Heather,Nicole,Brianna,2.0,0.0,3.0,3.0,1.0,0.0,9.0,9.0,2.0,,,,,,,1.0,,,,,,,,,,,50,1,2020_Feb_04_1142,FaceNameBlocked_revised,3.0.0,85.00215951659177,,NaN
73,Fem2Block.csv,Lauren4.mp4,Lauren.JPG,Lauren,19.0,F,Hannah,Jessica,Lauren,Ashley,Jenna,Rachel,Julia,Heather,Nicole,Brianna,2.0,0.0,3.0,3.0,1.0,,,,,0.0,2.0,2.0,2.0,,,,,, Heather ,"['lshift', 'lshift', 'h', 'e', 'a', 't', 'h', 'e', 'r', 'space']","[2.5059949799906462, 6.092105600051582, 6.1299991549458355, 6.30616304394789, 6.4478303249925375, 6.5768884510034695, 6.670210310956463, 6.811996664968319, 6.918365963036194, 8.89382715895772]",3.0,3.0,2.5318485170137137,,,50,1,2020_Feb_04_1142,FaceNameBlocked_revised,3.0.0,85.00215951659177,,2.5059949
97,Male1Block.csv,Mark3.mp4,Mark.JPG,Mark,50.0,M,Dylan,Andrew,Timothy,Mark,Trevor,Steven,Bradley,Josh,Caleb,Ethan,3.0,0.0,4.0,4.0,3.0,,,,,0.0,6.0,6.0,3.0,,,,,, Mark,"['lshift', 'm', 'a', 'r', 'k', 'return']","[1.7069237149553373, 2.001987791969441, 2.167075608042069, 2.27193799498491, 2.390491222962737, 2.999683724017814]",3.0,3.0,1.1079069990664718,,,50,1,2020_Feb_04_1142,FaceNameBlocked_revised,3.0.0,85.00215951659177,,1.7069237
89,Male1Block.csv,Mark3.mp4,Mark.JPG,Mark,50.0,M,Dylan,Andrew,Timothy,Mark,Trevor,Steven,Bradley,Josh,Caleb,Ethan,3.0,0.0,4.0,4.0,3.0,0.0,8.0,8.0,3.0,,,,,,,1.0,,,,,,,,,,,50,1,2020_Feb_04_1142,FaceNameBlocked_revised,3.0.0,85.00215951659177,,NaN
28,Male3Block.csv,Matthew2.mp4,Matthew.JPG,Matthew,51.0,M,Tyler,Cody,Kevin,Matthew,Jeremy,Noah,Eric,David,Aaron,Brandon,3.0,0.0,1.0,1.0,5.0,0.0,7.0,7.0,3.0,,,,,,,1.0,,,,,,,,,,,50,1,2020_Feb_04_1142,FaceNameBlocked_revised,3.0.0,85.00215951659177,,NaN
31,Male3Block.csv,Matthew2.mp4,Matthew.JPG,Matthew,51.0,M,Tyler,Cody,Kevin,Matthew,Jeremy,Noah,Eric,David,Aaron,Brandon,3.0,0.0,1.0,1.0,5.0,,,,,0.0,0.0,0.0,3.0,,,,space,49.79806669603568, Matthew       ,"['lshift', 'm', 'a', 't', 't', 'h', 'e', 'w', 'space', 'return', 'space', 'return', 'space', 'return', 'space', 'return', 'space', 'return', 'return', 'space', 'space']","[1.9421563359210268, 2.4142582699423656, 2.696443011984229, 3.060224520973861, 3.2259038999909535, 3.34319045196753, 3.53122462995816, 3.813460672972724, 3.9668007879517972, 4.4130108850076795, 4.801960435928777, 5.118855408974923, 5.389781721984036, 5.622769696987234, 5.848437016014941, 6.094970955979079, 6.342699080007151, 6.565456980955787, 8.751272168010473, 9.435425160918385, 9.87063409294933]",2.0,3.0,1.6817167020635682,,,50,1,2020_Feb_04_1142,FaceNameBlocked_revised,3.0.0,85.00215951659177,,1.9421563
18,Fem3Block.csv,Megan2.mp4,Megan.JPG,Megan,20.0,F,Alyssa,Taylor,Brittany,Shelby,Emily,Megan,Sarah,Amanda,Haley,Katie,5.0,0.0,0.0,0.0,2.0,,,,,0.0,7.0,7.0,5.0,,,,,, amanda  ,"['a', 'm', 'a', 'n', 'd', 'a', 'return', 'space', 'space', 'return']","[4.68085808493197, 4.8699420699849725, 5.033979807980359, 5.199106738902628, 5.351632982958108, 5.446597829926759, 5.5507484909612685, 6.102819861960597, 7.855173619929701, 8.973518688930199]",3.0,4.0,3.401246469002217,,,50,1,2020_Feb_04_1142,FaceNameBlocked_revised,3.0.0,85.00215951659177,,4.6808580
2,Fem3Block.csv,Megan2.mp4,Megan.JPG,Megan,20.0,F,Alyssa,Taylor,Brittany,Shelby,Emily,Megan,Sarah,Amanda,Haley,Katie,5.0,0.0,0.0,0.0,2.0,0.0,1.0,1.0,5.0,,,,,,,0.0,,,,,,,,,,,50,1,2020_Feb_04_1142,FaceNameBlocked_revised,3.0.0,85.00215951659177,,NaN
44,Male2Block.csv,Michael2.mp4,Michael.JPG,Michael,52.0,M,Nathan,Jacob,Brian,Kyle,Michael,Adam,Thomas,Jason,Justin,Daniel,4.0,0.0,2.0,2.0,4.0,0.0,3.0,3.0,4.0,,,,,,,1.0,,,,,,,,,,,50,1,2020_Feb_04_1142,FaceNameBlocked_revised,3.0.0,85.00215951659177,,NaN
53,Male2Block.csv,Michael2.mp4,Michael.JPG,Michael,52.0,M,Nathan,Jacob,Brian,Kyle,Michael,Adam,Thomas,Jason,Justin,Daniel,4.0,0.0,2.0,2.0,4.0,,,,,0.0,2.0,2.0,4.0,,,,,, ,None,,4.0,1.0,2.4946766999782994,,,50,1,2020_Feb_04_1142,FaceNameBlocked_revised,3.0.0,85.00215951659177,,NaN
110,Fem1Block.csv,Michelle2.mp4,Michelle.JPG,Michelle,21.0,F,Danielle,Kelsey,Courtney,Michelle,Natalie,Rebecca,Grace,Kayla,Anna,Olivia,3.0,0.0,5.0,5.0,0.0,0.0,9.0,9.0,3.0,,,,,,,1.0,,,,,,,,,,,50,1,2020_Feb_04_1142,FaceNameBlocked_revised,3.0.0,85.00215951659177,,NaN
116,Fem1Block.csv,Michelle2.mp4,Michelle.JPG,Michelle,21.0,F,Danielle,Kelsey,Courtney,Michelle,Natalie,Rebecca,Grace,Kayla,Anna,Olivia,3.0,0.0,5.0,5.0,0.0,,,,,0.0,5.0,5.0,3.0,,,,,, emily,"['lshift', 'b', 'r', 'i', 't', 'a', 'n', 'backspace', 'backspace', 'backspace', 't', 'backspace', 'backspace', 'backspace', 'backspace', 'e', 'm', 'i', 'l', 'y']","[3.7049101820448413, 3.8943894499680027, 4.129145296057686, 4.364569077966735, 4.553177534020506, 4.682255872990936, 4.917451882967725, 6.173916809959337, 6.998697375063784, 7.19877641799394, 7.8932741599855945, 8.397844598046504, 8.57472868799232, 8.751054255058989, 8.938670800998807, 9.222094414988533, 9.502595287980512, 9.55141374503728, 9.73928772797808, 9.892649463028647]",4.0,4.0,3.6366639420157303,,,50,1,2020_Feb_04_1142,FaceNameBlocked_revised,3.0.0,85.00215951659177,,3.7049101
103,Fem1Block.csv,Natalie3.mp4,Natalie.JPG,Natalie,22.0,F,Danielle,Kelsey,Courtney,Michelle,Natalie,Rebecca,Grace,Kayla,Anna,Olivia,4.0,0.0,5.0,5.0,0.0,0.0,2.0,2.0,4.0,,,,,,,1.0,,,,,,,,,,,50,1,2020_Feb_04_1142,FaceNameBlocked_revised,3.0.0,85.00215951659177,,NaN
120,Fem1Block.csv,Natalie3.mp4,Natalie.JPG,Natalie,22.0,F,Danielle,Kelsey,Courtney,Michelle,Natalie,Rebecca,Grace,Kayla,Anna,Olivia,4.0,0.0,5.0,5.0,0.0,,,,,0.0,9.0,9.0,4.0,,,,,, ,None,,3.0,4.0,2.0601678980747242,,,50,1,2020_Feb_04_1142,FaceNameBlocked_revised,3.0.0,85.00215951659177,,NaN
50,Male2Block.csv,Nathan3.mp4,Nathan.JPG,Nathan,53.0,M,Nathan,Jacob,Brian,Kyle,Michael,Adam,Thomas,Jason,Justin,Daniel,0.0,0.0,2.0,2.0,4.0,0.0,9.0,9.0,0.0,,,,,,,0.0,,,,,,,,,,,50,1,2020_Feb_04_1142,FaceNameBlocked_revised,3.0.0,85.00215951659177,,NaN
54,Male2Block.csv,Nathan3.mp4,Nathan.JPG,Nathan,53.0,M,Nathan,Jacob,Brian,Kyle,Michael,Adam,Thomas,Jason,Justin,Daniel,0.0,0.0,2.0,2.0,4.0,,,,,0.0,3.0,3.0,0.0,,,,,, ,None,,3.0,4.0,3.9190925069851805,,,50,1,2020_Feb_04_1142,FaceNameBlocked_revised,3.0.0,85.00215951659177,,NaN
71,Fem2Block.csv,Nicole2.mp4,Nicole.JPG,Nicole,23.0,F,Hannah,Jessica,Lauren,Ashley,Jenna,Rachel,Julia,Heather,Nicole,Brianna,8.0,0.0,3.0,3.0,1.0,,,,,0.0,0.0,0.0,8.0,,,,space,22.855314161046408, Anna ,"['lshift', 'a', 'n', 'n', 'a', 'space']","[2.835950637003407, 3.0252385650528595, 3.5423420590814203, 3.801558229024522, 4.236197444028221, 5.9775111640337855]",3.0,3.0,1.2951652529882267,,,50,1,2020_Feb_04_1142,FaceNameBlocked_revised,3.0.0,85.00215951659177,,2.8359506
61,Fem2Block.csv,Nicole2.mp4,Nicole.JPG,Nicole,23.0,F,Hannah,Jessica,Lauren,Ashley,Jenna,Rachel,Julia,Heather,Nicole,Brianna,8.0,0.0,3.0,3.0,1.0,0.0,0.0,0.0,8.0,,,,,,,0.0,,,,,,,,,,,50,1,2020_Feb_04_1142,FaceNameBlocked_revised,3.0.0,85.00215951659177,,NaN
23,Male3Block.csv,Noah2.mp4,Noah.JPG,Noah,54.0,M,Tyler,Cody,Kevin,Matthew,Jeremy,Noah,Eric,David,Aaron,Brandon,5.0,0.0,1.0,1.0,5.0,0.0,2.0,2.0,5.0,,,,,,,0.0,,,,,,,,,,,50,1,2020_Feb_04_1142,FaceNameBlocked_revised,3.0.0,85.00215951659177,,NaN
33,Male3Block.csv,Noah2.mp4,Noah.JPG,Noah,54.0,M,Tyler,Cody,Kevin,Matthew,Jeremy,Noah,Eric,David,Aaron,Brandon,5.0,0.0,1.0,1.0,5.0,,,,,0.0,2.0,2.0,5.0,,,,,, cody ,"['c', 'o', 'd', 'y', 'space', 'left']","[1.4722593310289085, 1.5896015190519392, 2.023147832020186, 2.142739227041602, 2.3995073480764404, 7.799989802064374]",4.0,2.0,1.94315201905556,,,50,1,2020_Feb_04_1142,FaceNameBlocked_revised,3.0.0,85.00215951659177,,1.4722593
117,Fem1Block.csv,Olivia3.mp4,Olivia.JPG,Olivia,24.0,F,Danielle,Kelsey,Courtney,Michelle,Natalie,Rebecca,Grace,Kayla,Anna,Olivia,9.0,0.0,5.0,5.0,0.0,,,,,0.0,6.0,6.0,9.0,,,,,, Anna,"['lshift', 'a', 'n', 'n', 'a']","[3.7638892609393224, 3.941681438940577, 4.141359361005016, 4.318706412916072, 4.412968314951286]",5.0,1.0,1.943541468004696,,,50,1,2020_Feb_04_1142,FaceNameBlocked_revised,3.0.0,85.00215951659177,,3.7638892
105,Fem1Block.csv,Olivia3.mp4,Olivia.JPG,Olivia,24.0,F,Danielle,Kelsey,Courtney,Michelle,Natalie,Rebecca,Grace,Kayla,Anna,Olivia,9.0,0.0,5.0,5.0,0.0,0.0,4.0,4.0,9.0,,,,,,,1.0,,,,,,,,,,,50,1,2020_Feb_04_1142,FaceNameBlocked_revised,3.0.0,85.00215951659177,,NaN
68,Fem2Block.csv,Rachel3.mp4,Rachel.JPG,Rachel,25.0,F,Hannah,Jessica,Lauren,Ashley,Jenna,Rachel,Julia,Heather,Nicole,Brianna,5.0,0.0,3.0,3.0,1.0,0.0,7.0,7.0,5.0,,,,,,,0.0,,,,,,,,,,,50,1,2020_Feb_04_1142,FaceNameBlocked_revised,3.0.0,85.00215951659177,,NaN
76,Fem2Block.csv,Rachel3.mp4,Rachel.JPG,Rachel,25.0,F,Hannah,Jessica,Lauren,Ashley,Jenna,Rachel,Julia,Heather,Nicole,Brianna,5.0,0.0,3.0,3.0,1.0,,,,,0.0,5.0,5.0,5.0,,,,,, Ashley,"['lshift', 'a', 's', 'h', 'l', 'e', 'y']","[3.224300622008741, 3.3782422349322587, 3.5891972279641777, 3.705215263995342, 3.8599344259127975, 3.9779703989624977, 4.095828915014863]",2.0,4.0,2.6137215719791134,,,50,1,2020_Feb_04_1142,FaceNameBlocked_revised,3.0.0,85.00215951659177,,3.2243006
101,Fem1Block.csv,Rebecca3.mp4,Rebecca.JPG,Rebecca,26.0,F,Danielle,Kelsey,Courtney,Michelle,Natalie,Rebecca,Grace,Kayla,Anna,Olivia,5.0,0.0,5.0,5.0,0.0,0.0,0.0,0.0,5.0,,,,,,,0.0,,,,,,,,,,,50,1,2020_Feb_04_1142,FaceNameBlocked_revised,3.0.0,85.00215951659177,,NaN
115,Fem1Block.csv,Rebecca3.mp4,Rebecca.JPG,Rebecca,26.0,F,Danielle,Kelsey,Courtney,Michelle,Natalie,Rebecca,Grace,Kayla,Anna,Olivia,5.0,0.0,5.0,5.0,0.0,,,,,0.0,4.0,4.0,5.0,,,,,, Olivia,"['lshift', 'o', 'l', 'i', 'v', 'i', 'a']","[3.6703271709848195, 3.8830102909123525, 4.106954383896664, 4.282839071936905, 4.389023419935256, 4.551959118922241, 4.671386627946049]",2.0,5.0,2.9884984099771827,,,50,1,2020_Feb_04_1142,FaceNameBlocked_revised,3.0.0,85.00215951659177,,3.6703271
16,Fem3Block.csv,Sarah2.mp4,Sarah.JPG,Sarah,27.0,F,Alyssa,Taylor,Brittany,Shelby,Emily,Megan,Sarah,Amanda,Haley,Katie,6.0,0.0,0.0,0.0,2.0,,,,,0.0,5.0,5.0,6.0,,,,,, Stacy ,"['lshift', 's', 't', 'a', 'c', 'y', 'space']","[6.940575813991018, 7.071273552021012, 7.188139772973955, 7.365058504976332, 7.5888036580290645, 7.800711050978862, 8.317817143979482]",4.0,4.0,2.5543054130394007,,,50,1,2020_Feb_04_1142,FaceNameBlocked_revised,3.0.0,85.00215951659177,,6.9405758
3,Fem3Block.csv,Sarah2.mp4,Sarah.JPG,Sarah,27.0,F,Alyssa,Taylor,Brittany,Shelby,Emily,Megan,Sarah,Amanda,Haley,Katie,6.0,0.0,0.0,0.0,2.0,0.0,2.0,2.0,6.0,,,,,,,1.0,,,,,,,,,,,50,1,2020_Feb_04_1142,FaceNameBlocked_revised,3.0.0,85.00215951659177,,NaN
20,Fem3Block.csv,Shelby2.mp4,Shelby.JPG,Shelby,28.0,F,Alyssa,Taylor,Brittany,Shelby,Emily,Megan,Sarah,Amanda,Haley,Katie,3.0,0.0,0.0,0.0,2.0,,,,,0.0,9.0,9.0,3.0,,,,,, Shelby ,"['lshift', 's', 'h', 'e', 'l', 'b', 'y', 'space', 'return']","[2.0940570529783145, 2.2699922339525074, 2.471797364996746, 2.647495985031128, 2.7890006799716502, 2.930351795977913, 3.3770365349482745, 3.7771136380033568, 4.318064320948906]",1.0,1.0,2.28408835909795,,,50,1,2020_Feb_04_1142,FaceNameBlocked_revised,3.0.0,85.00215951659177,,2.0940570
8,Fem3Block.csv,Shelby2.mp4,Shelby.JPG,Shelby,28.0,F,Alyssa,Taylor,Brittany,Shelby,Emily,Megan,Sarah,Amanda,Haley,Katie,3.0,0.0,0.0,0.0,2.0,0.0,7.0,7.0,3.0,,,,,,,1.0,,,,,,,,,,,50,1,2020_Feb_04_1142,FaceNameBlocked_revised,3.0.0,85.00215951659177,,NaN
99,Male1Block.csv,Steven2.mp4,Steven.JPG,Steven,55.0,M,Dylan,Andrew,Timothy,Mark,Trevor,Steven,Bradley,Josh,Caleb,Ethan,5.0,0.0,4.0,4.0,3.0,,,,,0.0,8.0,8.0,5.0,,,,,, Trevor,"['lshift', 't', 'r', 'e', 'v', 'o', 'r']","[1.2950705509865656, 1.543503146036528, 1.8368827189551666, 2.0018829780165106, 2.354816142935306, 2.611836991040036, 2.7071236110059544]",5.0,4.0,3.0610538009786983,,,50,1,2020_Feb_04_1142,FaceNameBlocked_revised,3.0.0,85.00215951659177,,1.2950705
84,Male1Block.csv,Steven2.mp4,Steven.JPG,Steven,55.0,M,Dylan,Andrew,Timothy,Mark,Trevor,Steven,Bradley,Josh,Caleb,Ethan,5.0,0.0,4.0,4.0,3.0,0.0,3.0,3.0,5.0,,,,,,,0.0,,,,,,,,,,,50,1,2020_Feb_04_1142,FaceNameBlocked_revised,3.0.0,85.00215951659177,,NaN
14,Fem3Block.csv,Taylor4.mp4,Taylor.JPG,Taylor,29.0,F,Alyssa,Taylor,Brittany,Shelby,Emily,Megan,Sarah,Amanda,Haley,Katie,1.0,0.0,0.0,0.0,2.0,,,,,0.0,3.0,3.0,1.0,,,,,, Amanda ,"['lshift', 'a', 'm', 'a', 'n', 'd', 'a', 'space', 'return']","[2.999366576084867, 3.175169500056654, 3.3766168580623344, 3.552941803005524, 3.6946614320622757, 3.823315115994774, 4.000569376046769, 5.047046684077941, 5.587858868995681]",4.0,2.0,4.225540094077587,,,50,1,2020_Feb_04_1142,FaceNameBlocked_revised,3.0.0,85.00215951659177,,2.9993665
9,Fem3Block.csv,Taylor4.mp4,Taylor.JPG,Taylor,29.0,F,Alyssa,Taylor,Brittany,Shelby,Emily,Megan,Sarah,Amanda,Haley,Katie,1.0,0.0,0.0,0.0,2.0,0.0,8.0,8.0,1.0,,,,,,,0.0,,,,,,,,,,,50,1,2020_Feb_04_1142,FaceNameBlocked_revised,3.0.0,85.00215951659177,,NaN
41,Male2Block.csv,Thomas2.mp4,Thomas.JPG,Thomas,56.0,M,Nathan,Jacob,Brian,Kyle,Michael,Adam,Thomas,Jason,Justin,Daniel,6.0,0.0,2.0,2.0,4.0,0.0,0.0,0.0,6.0,,,,,,,1.0,,,,,,,,,,,50,1,2020_Feb_04_1142,FaceNameBlocked_revised,3.0.0,85.00215951659177,,NaN
57,Male2Block.csv,Thomas2.mp4,Thomas.JPG,Thomas,56.0,M,Nathan,Jacob,Brian,Kyle,Michael,Adam,Thomas,Jason,Justin,Daniel,6.0,0.0,2.0,2.0,4.0,,,,,0.0,6.0,6.0,6.0,,,,,, ,None,,5.0,4.0,1.4713876349851491,,,50,1,2020_Feb_04_1142,FaceNameBlocked_revised,3.0.0,85.00215951659177,,NaN
93,Male1Block.csv,Timothy3.mp4,Timothy.JPG,Timothy,57.0,M,Dylan,Andrew,Timothy,Mark,Trevor,Steven,Bradley,Josh,Caleb,Ethan,2.0,0.0,4.0,4.0,3.0,,,,,0.0,2.0,2.0,2.0,,,,,, Andrew ,"['lshift', 'a', 'n', 'd', 'r', 'e', 'w', 'space']","[2.470306242001243, 2.848360725096427, 5.08234948804602, 5.447778948000632, 6.0355792220216244, 6.176874311058782, 6.282216629013419, 8.893992417026311]",4.0,3.0,3.36293227202259,,,50,1,2020_Feb_04_1142,FaceNameBlocked_revised,3.0.0,85.00215951659177,,2.4703062
82,Male1Block.csv,Timothy3.mp4,Timothy.JPG,Timothy,57.0,M,Dylan,Andrew,Timothy,Mark,Trevor,Steven,Bradley,Josh,Caleb,Ethan,2.0,0.0,4.0,4.0,3.0,0.0,1.0,1.0,2.0,,,,,,,1.0,,,,,,,,,,,50,1,2020_Feb_04_1142,FaceNameBlocked_revised,3.0.0,85.00215951659177,,NaN
98,Male1Block.csv,Trevor2.mp4,Trevor.JPG,Trevor,58.0,M,Dylan,Andrew,Timothy,Mark,Trevor,Steven,Bradley,Josh,Caleb,Ethan,4.0,0.0,4.0,4.0,3.0,,,,,0.0,7.0,7.0,4.0,,,,,,,"['m', 'a', 'r', 'k', 'backspace', 'backspace', 'backspace', 'backspace', 'backspace']","[3.6482236930169165, 3.753794430056587, 3.847836225060746, 3.9894012110307813, 5.305367490043864, 6.023259414010681, 6.246589401038364, 6.4462868550326675, 6.681284225080162]",3.0,3.0,2.7542888080934063,,,50,1,2020_Feb_04_1142,FaceNameBlocked_revised,3.0.0,85.00215951659177,,3.6482236
87,Male1Block.csv,Trevor2.mp4,Trevor.JPG,Trevor,58.0,M,Dylan,Andrew,Timothy,Mark,Trevor,Steven,Bradley,Josh,Caleb,Ethan,4.0,0.0,4.0,4.0,3.0,0.0,6.0,6.0,4.0,,,,,,,1.0,,,,,,,,,,,50,1,2020_Feb_04_1142,FaceNameBlocked_revised,3.0.0,85.00215951659177,,NaN
38,Male3Block.csv,Tyler3.mp4,Tyler.JPG,Tyler,59.0,M,Tyler,Cody,Kevin,Matthew,Jeremy,Noah,Eric,David,Aaron,Brandon,0.0,0.0,1.0,1.0,5.0,,,,,0.0,7.0,7.0,0.0,,,,,, ,None,,2.0,3.0,2.060648719081655,,,50,1,2020_Feb_04_1142,FaceNameBlocked_revised,3.0.0,85.00215951659177,,NaN
26,Male3Block.csv,Tyler3.mp4,Tyler.JPG,Tyler,59.0,M,Tyler,Cody,Kevin,Matthew,Jeremy,Noah,Eric,David,Aaron,Brandon,0.0,0.0,1.0,1.0,5.0,0.0,5.0,5.0,0.0,,,,,,,0.0,,,,,,,,,,,50,1,2020_Feb_04_1142,FaceNameBlocked_revised,3.0.0,85.00215951659177,,NaN
0,,,,,,,,,,,,,,,,,,,,,,,,,,,,,,space,1026.6452340920223,,,,,,,,,,,,50,1,2020_Feb_04_1142,FaceNameBlocked_revised,3.0.0,85.00215951659177,,NaN
121,,,,,,,,,,,,,,,,,,,,,,,,,,,,,,,,,,,,,,,,,space,171.03599211003166,50,1,2020_Feb_04_1142,FaceNameBlocked_revised,3.0.0,85.00215951659177,,NaN
