,condsBlockFile,Video,Photo,Name,Row,Gender,N1,N2,N3,N4,N5,N6,N7,N8,N9,N10,Row2,blocks.thisRepN,blocks.thisTrialN,blocks.thisN,blocks.thisIndex,presentations.thisRepN,presentations.thisTrialN,presentations.thisN,presentations.thisIndex,testing.thisRepN,testing.thisTrialN,testing.thisN,testing.thisIndex,advance_1.keys,advance_1.rt,currentCond,advance_2.keys,advance_2.rt,inputText,key_resp_3.keys,key_resp_3.rt,correctRecogSelection,keyResponse.keys,keyResponse.rt,end_key.keys,end_key.rt,participant,session,date,expName,psychopyVersion,frameRate,key_resp3_fin
0,Male3Block.csv,Aaron2.mp4,Aaron.JPG,Aaron,30.0,M,Thomas,Josh,Aaron,Trevor,Kyle,Eric,Dylan,Justin,Jason,Brian,2.0,0.0,4.0,4.0,5.0,0.0,6.0,6.0,2.0,,,,,,,1.0,,,,,,,,,,,5,1,2020_Jan_14_0958,FaceNameBlocked_revised,3.0.0,86.42442982,NaN
1,Male3Block.csv,Aaron2.mp4,Aaron.JPG,Aaron,30.0,M,Thomas,Josh,Aaron,Trevor,Kyle,Eric,Dylan,Justin,Jason,Brian,2.0,0.0,4.0,4.0,5.0,,,,,0.0,5.0,5.0,2.0,,,,,, Aaron,"['lshift', 'a', 'a', 'r', 'o', 'n']","[1.8350121759576723, 2.035922160022892, 2.247446612920612, 2.471103964955546, 2.6244951739208773, 2.836423425935209]",4.0,4.0,1.413527626,,,5,1,2020_Jan_14_0958,FaceNameBlocked_revised,3.0.0,86.42442982,1.8350121
2,Male2Block.csv,Adam4.mp4,Adam.JPG,Adam,31.0,M,Michael,Mark,Adam,Daniel,Caleb,Cody,Steven,Noah,Brandon,Andrew,2.0,0.0,3.0,3.0,4.0,0.0,5.0,5.0,2.0,,,,,,,1.0,,,,,,,,,,,5,1,2020_Jan_14_0958,FaceNameBlocked_revised,3.0.0,86.42442982,NaN
3,Male2Block.csv,Adam4.mp4,Adam.JPG,Adam,31.0,M,Michael,Mark,Adam,Daniel,Caleb,Cody,Steven,Noah,Brandon,Andrew,2.0,0.0,3.0,3.0,4.0,,,,,0.0,4.0,4.0,2.0,,,,,, Cody,"['lshift', 'lshift', 'c', 'o', 'd', 'y']","[2.4825344500131905, 4.8105976389488205, 5.353812274988741, 5.541359868948348, 5.730390124022961, 7.058987683034502]",2.0,5.0,5.44819464,,,5,1,2020_Jan_14_0958,FaceNameBlocked_revised,3.0.0,86.42442982,2.4825344
4,Fem2Block.csv,Alyssa3.mp4,Alyssa.JPG,Alyssa,0.0,F,Ashley,Haley,Katie,Alyssa,Anna,Rachel,Brianna,Hannah,Rebecca,Natalie,3.0,0.0,1.0,1.0,1.0,0.0,8.0,8.0,3.0,,,,,,,0.0,,,,,,,,,,,5,1,2020_Jan_14_0958,FaceNameBlocked_revised,3.0.0,86.42442982,NaN
5,Fem2Block.csv,Alyssa3.mp4,Alyssa.JPG,Alyssa,0.0,F,Ashley,Haley,Katie,Alyssa,Anna,Rachel,Brianna,Hannah,Rebecca,Natalie,3.0,0.0,1.0,1.0,1.0,,,,,0.0,7.0,7.0,3.0,,,,,, Natalie,"['lshift', 'n', 'a', 't', 'a', 'l', 'i', 'e']","[6.47025203704834, 6.565208556014113, 6.73053149599582, 6.883648270973936, 7.436133617069572, 7.542297885054722, 7.730423461995088, 7.810048701008782]",3.0,3.0,2.858332975,,,5,1,2020_Jan_14_0958,FaceNameBlocked_revised,3.0.0,86.42442982,6.4702520
6,Fem1Block.csv,Amanda3.mp4,Amanda.JPG,Amanda,1.0,F,Amanda,Kayla,Taylor,Olivia,Shelby,Kelsey,Grace,Sarah,Lauren,Megan,0.0,0.0,2.0,2.0,0.0,0.0,8.0,8.0,0.0,,,,,,,0.0,,,,,,,,,,,5,1,2020_Jan_14_0958,FaceNameBlocked_revised,3.0.0,86.42442982,NaN
7,Fem1Block.csv,Amanda3.mp4,Amanda.JPG,Amanda,1.0,F,Amanda,Kayla,Taylor,Olivia,Shelby,Kelsey,Grace,Sarah,Lauren,Megan,0.0,0.0,2.0,2.0,0.0,,,,,0.0,0.0,0.0,0.0,,,,space,1.296537737, Amanda,"['lshift', 'a', 'm', 'a', 'n', 'd', 'a']","[2.7056873550172895, 2.872120651998557, 2.9779997629811987, 3.483085340936668, 3.5757044110214338, 3.707633413025178, 4.1776258029276505]",2.0,2.0,1.4025364740000001,,,5,1,2020_Jan_14_0958,FaceNameBlocked_revised,3.0.0,86.42442982,2.7056873
8,Male2Block.csv,Andrew2.mp4,Andrew.JPG,Andrew,32.0,M,Michael,Mark,Adam,Daniel,Caleb,Cody,Steven,Noah,Brandon,Andrew,9.0,0.0,3.0,3.0,4.0,0.0,4.0,4.0,9.0,,,,,,,0.0,,,,,,,,,,,5,1,2020_Jan_14_0958,FaceNameBlocked_revised,3.0.0,86.42442982,NaN
9,Male2Block.csv,Andrew2.mp4,Andrew.JPG,Andrew,32.0,M,Michael,Mark,Adam,Daniel,Caleb,Cody,Steven,Noah,Brandon,Andrew,9.0,0.0,3.0,3.0,4.0,,,,,0.0,7.0,7.0,9.0,,,,,, Daniel,"['lshift', 'd', 'a', 'n', 'i', 'e', 'l']","[1.7883267900906503, 2.4023298090323806, 2.55496865499299, 2.6837313669966534, 2.9170221450040117, 3.4367825610097498, 3.625383340055123]",5.0,1.0,1.849541221,,,5,1,2020_Jan_14_0958,FaceNameBlocked_revised,3.0.0,86.42442982,1.7883267
10,Fem2Block.csv,Anna3.mp4,Anna.JPG,Anna,2.0,F,Ashley,Haley,Katie,Alyssa,Anna,Rachel,Brianna,Hannah,Rebecca,Natalie,4.0,0.0,1.0,1.0,1.0,0.0,7.0,7.0,4.0,,,,,,,0.0,,,,,,,,,,,5,1,2020_Jan_14_0958,FaceNameBlocked_revised,3.0.0,86.42442982,NaN
11,Fem2Block.csv,Anna3.mp4,Anna.JPG,Anna,2.0,F,Ashley,Haley,Katie,Alyssa,Anna,Rachel,Brianna,Hannah,Rebecca,Natalie,4.0,0.0,1.0,1.0,1.0,,,,,0.0,1.0,1.0,4.0,,,,,, Anna,"['lshift', 'a', 'n', 'n', 'a']","[1.5883868290111423, 1.7662512690294534, 2.072332111070864, 2.224931756965816, 2.3896461620461196]",3.0,3.0,1.952938759,,,5,1,2020_Jan_14_0958,FaceNameBlocked_revised,3.0.0,86.42442982,1.5883868
12,Fem2Block.csv,Ashley3.mp4,Ashley.JPG,Ashley,3.0,F,Ashley,Haley,Katie,Alyssa,Anna,Rachel,Brianna,Hannah,Rebecca,Natalie,0.0,0.0,1.0,1.0,1.0,0.0,3.0,3.0,0.0,,,,,,,0.0,,,,,,,,,,,5,1,2020_Jan_14_0958,FaceNameBlocked_revised,3.0.0,86.42442982,NaN
13,Fem2Block.csv,Ashley3.mp4,Ashley.JPG,Ashley,3.0,F,Ashley,Haley,Katie,Alyssa,Anna,Rachel,Brianna,Hannah,Rebecca,Natalie,0.0,0.0,1.0,1.0,1.0,,,,,0.0,5.0,5.0,0.0,,,,,, Haley,"['lshift', 'h', 'a', 'l', 'e', 'y']","[4.774119185982272, 4.905800797976553, 5.16474743001163, 5.399436256033368, 5.63460740505252, 5.752921339008026]",3.0,2.0,5.388171087999999,,,5,1,2020_Jan_14_0958,FaceNameBlocked_revised,3.0.0,86.42442982,4.7741191
15,Male1Block.csv,Bradley3.mp4,Bradley.JPG,Bradley,33.0,M,David,Jeremy,Ethan,Bradley,Matthew,Jacob,Nathan,Timothy,Tyler,Kevin,3.0,0.0,5.0,5.0,3.0,,,,,0.0,3.0,3.0,3.0,,,,,, Bradley,"['lshift', 'b', 'r', 'a', 'd', 'l', 'e', 'y']","[1.2251584170153365, 1.3901912990259007, 1.5666150620672852, 1.8021316260565072, 1.9310146580683067, 2.2142262120032683, 2.366547449026257, 2.543430378078483]",4.0,4.0,1.0961177009999998,,,5,1,2020_Jan_14_0958,FaceNameBlocked_revised,3.0.0,86.42442982,1.2251584
14,Male1Block.csv,Bradley3.mp4,Bradley.JPG,Bradley,33.0,M,David,Jeremy,Ethan,Bradley,Matthew,Jacob,Nathan,Timothy,Tyler,Kevin,3.0,0.0,5.0,5.0,3.0,0.0,5.0,5.0,3.0,,,,,,,0.0,,,,,,,,,,,5,1,2020_Jan_14_0958,FaceNameBlocked_revised,3.0.0,86.42442982,NaN
16,Male2Block.csv,Brandon2.mp4,Brandon.JPG,Brandon,34.0,M,Michael,Mark,Adam,Daniel,Caleb,Cody,Steven,Noah,Brandon,Andrew,8.0,0.0,3.0,3.0,4.0,0.0,7.0,7.0,8.0,,,,,,,1.0,,,,,,,,,,,5,1,2020_Jan_14_0958,FaceNameBlocked_revised,3.0.0,86.42442982,NaN
17,Male2Block.csv,Brandon2.mp4,Brandon.JPG,Brandon,34.0,M,Michael,Mark,Adam,Daniel,Caleb,Cody,Steven,Noah,Brandon,Andrew,8.0,0.0,3.0,3.0,4.0,,,,,0.0,9.0,9.0,8.0,,,,,, Brandon,"['lshift', 'b', 'r', 'a', 'n', 'd', 'o', 'n']","[1.6712888260371983, 1.8257586950203404, 2.0024780820822343, 2.154281803057529, 2.272731587057933, 2.4002256341045722, 2.5198791350703686, 2.5998284000670537]",2.0,2.0,1.0726280129999999,,,5,1,2020_Jan_14_0958,FaceNameBlocked_revised,3.0.0,86.42442982,1.6712888
18,Male3Block.csv,Brian2.mp4,Brian.JPG,Brian,35.0,M,Thomas,Josh,Aaron,Trevor,Kyle,Eric,Dylan,Justin,Jason,Brian,9.0,0.0,4.0,4.0,5.0,0.0,2.0,2.0,9.0,,,,,,,0.0,,,,,,,,,,,5,1,2020_Jan_14_0958,FaceNameBlocked_revised,3.0.0,86.42442982,NaN
19,Male3Block.csv,Brian2.mp4,Brian.JPG,Brian,35.0,M,Thomas,Josh,Aaron,Trevor,Kyle,Eric,Dylan,Justin,Jason,Brian,9.0,0.0,4.0,4.0,5.0,,,,,0.0,2.0,2.0,9.0,,,,,, Mark,"['lshift', 'm', 'a', 'r', 'k']","[2.6007949709892273, 2.860774074913934, 3.5186963479500264, 3.754581189947203, 3.9874200948979706]",1.0,1.0,7.715598907,,,5,1,2020_Jan_14_0958,FaceNameBlocked_revised,3.0.0,86.42442982,2.6007949
20,Fem2Block.csv,Brianna2.mp4,Brianna.JPG,Brianna,4.0,F,Ashley,Haley,Katie,Alyssa,Anna,Rachel,Brianna,Hannah,Rebecca,Natalie,6.0,0.0,1.0,1.0,1.0,0.0,5.0,5.0,6.0,,,,,,,1.0,,,,,,,,,,,5,1,2020_Jan_14_0958,FaceNameBlocked_revised,3.0.0,86.42442982,NaN
21,Fem2Block.csv,Brianna2.mp4,Brianna.JPG,Brianna,4.0,F,Ashley,Haley,Katie,Alyssa,Anna,Rachel,Brianna,Hannah,Rebecca,Natalie,6.0,0.0,1.0,1.0,1.0,,,,,0.0,2.0,2.0,6.0,,,,,, Brianna,"['lshift', 'b', 'r', 'i', 'a', 'n', 'n', 'a']","[1.7656199259217829, 1.8608708949759603, 2.07228237495292, 2.5312729049474, 2.7186329199466854, 3.011161901988089, 3.178057448938489, 3.283702924964018]",4.0,4.0,1.613928923,,,5,1,2020_Jan_14_0958,FaceNameBlocked_revised,3.0.0,86.42442982,1.7656199
22,Fem3Block.csv,Brittany2.mp4,Brittany.JPG,Brittany,5.0,F,Courtney,Heather,Danielle,Michelle,Nicole,Brittany,Julia,Emily,Jenna,Jessica,5.0,0.0,0.0,0.0,2.0,0.0,6.0,6.0,5.0,,,,,,,1.0,,,,,,,,,,,5,1,2020_Jan_14_0958,FaceNameBlocked_revised,3.0.0,86.42442982,NaN
23,Fem3Block.csv,Brittany2.mp4,Brittany.JPG,Brittany,5.0,F,Courtney,Heather,Danielle,Michelle,Nicole,Brittany,Julia,Emily,Jenna,Jessica,5.0,0.0,0.0,0.0,2.0,,,,,0.0,0.0,0.0,5.0,,,,space,13.23411838, Courtn,"['lshift', 'c', 'o', 'u', 'r', 'n', 't', 'e', 'y', 'backspace', 'backspace', 'backspace', 'backspace', 't', 'n']","[4.788057249970734, 4.942161562037654, 5.142348424997181, 5.6475664069876075, 6.247675457037985, 6.447535088984296, 6.6945781640242785, 6.917428115033545, 7.035795637988485, 8.257812486961484, 8.3990599749377, 8.540621939930134, 8.846103203017265, 9.37406799395103, 9.70511955092661]",3.0,1.0,8.635844455,,,5,1,2020_Jan_14_0958,FaceNameBlocked_revised,3.0.0,86.42442982,4.7880572
24,Male2Block.csv,Caleb5.mp4,Caleb.JPG,Caleb,36.0,M,Michael,Mark,Adam,Daniel,Caleb,Cody,Steven,Noah,Brandon,Andrew,4.0,0.0,3.0,3.0,4.0,0.0,1.0,1.0,4.0,,,,,,,0.0,,,,,,,,,,,5,1,2020_Jan_14_0958,FaceNameBlocked_revised,3.0.0,86.42442982,NaN
25,Male2Block.csv,Caleb5.mp4,Caleb.JPG,Caleb,36.0,M,Michael,Mark,Adam,Daniel,Caleb,Cody,Steven,Noah,Brandon,Andrew,4.0,0.0,3.0,3.0,4.0,,,,,0.0,3.0,3.0,4.0,,,,,, Daniel,"['lshift', 'd', 'n', 'backspace', 'a', 'n', 'i', 'e', 'l']","[3.2576539900619537, 3.4473651150474325, 3.7032618860248476, 4.587752358987927, 4.7524287580745295, 4.952547486987896, 5.211084356997162, 5.340325350989588, 5.493363126064651]",4.0,1.0,10.95013128,,,5,1,2020_Jan_14_0958,FaceNameBlocked_revised,3.0.0,86.42442982,3.2576539
26,Male2Block.csv,Cody2.mp4,Cody.JPG,Cody,37.0,M,Michael,Mark,Adam,Daniel,Caleb,Cody,Steven,Noah,Brandon,Andrew,5.0,0.0,3.0,3.0,4.0,0.0,6.0,6.0,5.0,,,,,,,1.0,,,,,,,,,,,5,1,2020_Jan_14_0958,FaceNameBlocked_revised,3.0.0,86.42442982,NaN
27,Male2Block.csv,Cody2.mp4,Cody.JPG,Cody,37.0,M,Michael,Mark,Adam,Daniel,Caleb,Cody,Steven,Noah,Brandon,Andrew,5.0,0.0,3.0,3.0,4.0,,,,,0.0,5.0,5.0,5.0,,,,,, Cody,"['lshift', 'c', 'o', 'd', 'y']","[3.917837619083002, 4.060431777033955, 4.199986589024775, 4.366140756057575, 4.543008894077502]",3.0,3.0,1.189056678,,,5,1,2020_Jan_14_0958,FaceNameBlocked_revised,3.0.0,86.42442982,3.9178376
29,Fem3Block.csv,Courtney2.mp4,Courtney.JPG,Courtney,6.0,F,Courtney,Heather,Danielle,Michelle,Nicole,Brittany,Julia,Emily,Jenna,Jessica,0.0,0.0,0.0,0.0,2.0,,,,,0.0,9.0,9.0,0.0,,,,,, ,None,,2.0,4.0,3.554357154,,,5,1,2020_Jan_14_0958,FaceNameBlocked_revised,3.0.0,86.42442982,NaN
28,Fem3Block.csv,Courtney2.mp4,Courtney.JPG,Courtney,6.0,F,Courtney,Heather,Danielle,Michelle,Nicole,Brittany,Julia,Emily,Jenna,Jessica,0.0,0.0,0.0,0.0,2.0,0.0,5.0,5.0,0.0,,,,,,,0.0,,,,,,,,,,,5,1,2020_Jan_14_0958,FaceNameBlocked_revised,3.0.0,86.42442982,NaN
30,Male2Block.csv,Daniel3.mp4,Daniel.JPG,Daniel,38.0,M,Michael,Mark,Adam,Daniel,Caleb,Cody,Steven,Noah,Brandon,Andrew,3.0,0.0,3.0,3.0,4.0,0.0,9.0,9.0,3.0,,,,,,,0.0,,,,,,,,,,,5,1,2020_Jan_14_0958,FaceNameBlocked_revised,3.0.0,86.42442982,NaN
31,Male2Block.csv,Daniel3.mp4,Daniel.JPG,Daniel,38.0,M,Michael,Mark,Adam,Daniel,Caleb,Cody,Steven,Noah,Brandon,Andrew,3.0,0.0,3.0,3.0,4.0,,,,,0.0,8.0,8.0,3.0,,,,,, Brandon,"['lshift', 'lshift', 'b', 'r', 'a', 'n', 'd', 'o', 'n']","[4.611241318983957, 6.1875537789892405, 7.05851713498123, 7.211981339962222, 7.517542205983773, 7.929614681983367, 8.068855769000947, 8.600138791021891, 8.894045399036258]",1.0,1.0,5.5647821870000005,,,5,1,2020_Jan_14_0958,FaceNameBlocked_revised,3.0.0,86.42442982,4.6112413
32,Fem3Block.csv,Danielle2.mp4,Danielle.JPG,Danielle,7.0,F,Courtney,Heather,Danielle,Michelle,Nicole,Brittany,Julia,Emily,Jenna,Jessica,2.0,0.0,0.0,0.0,2.0,0.0,3.0,3.0,2.0,,,,,,,1.0,,,,,,,,,,,5,1,2020_Jan_14_0958,FaceNameBlocked_revised,3.0.0,86.42442982,NaN
33,Fem3Block.csv,Danielle2.mp4,Danielle.JPG,Danielle,7.0,F,Courtney,Heather,Danielle,Michelle,Nicole,Brittany,Julia,Emily,Jenna,Jessica,2.0,0.0,0.0,0.0,2.0,,,,,0.0,6.0,6.0,2.0,,,,,, ,None,,3.0,1.0,8.341586637999999,,,5,1,2020_Jan_14_0958,FaceNameBlocked_revised,3.0.0,86.42442982,NaN
34,Male1Block.csv,David2.mp4,David.JPG,David,39.0,M,David,Jeremy,Ethan,Bradley,Matthew,Jacob,Nathan,Timothy,Tyler,Kevin,0.0,0.0,5.0,5.0,3.0,0.0,9.0,9.0,0.0,,,,,,,0.0,,,,,,,,,,,5,1,2020_Jan_14_0958,FaceNameBlocked_revised,3.0.0,86.42442982,NaN
35,Male1Block.csv,David2.mp4,David.JPG,David,39.0,M,David,Jeremy,Ethan,Bradley,Matthew,Jacob,Nathan,Timothy,Tyler,Kevin,0.0,0.0,5.0,5.0,3.0,,,,,0.0,7.0,7.0,0.0,,,,,, Jacob,"['lshift', 'j', 'a', 'c', 'o', 'b']","[2.68195224693045, 3.1543044209247455, 3.3888889469671994, 3.554644646937959, 3.6363007329637185, 3.7869268319336697]",1.0,5.0,2.848933293,,,5,1,2020_Jan_14_0958,FaceNameBlocked_revised,3.0.0,86.42442982,2.6819522
36,Male3Block.csv,Dylan3.mp4,Dylan.JPG,Dylan,40.0,M,Thomas,Josh,Aaron,Trevor,Kyle,Eric,Dylan,Justin,Jason,Brian,6.0,0.0,4.0,4.0,5.0,0.0,3.0,3.0,6.0,,,,,,,1.0,,,,,,,,,,,5,1,2020_Jan_14_0958,FaceNameBlocked_revised,3.0.0,86.42442982,NaN
37,Male3Block.csv,Dylan3.mp4,Dylan.JPG,Dylan,40.0,M,Thomas,Josh,Aaron,Trevor,Kyle,Eric,Dylan,Justin,Jason,Brian,6.0,0.0,4.0,4.0,5.0,,,,,0.0,1.0,1.0,6.0,,,,,, Kyle,"['lshift', 'k', 'y', 'l', 'e']","[5.787090342026204, 5.893276549060829, 6.318172526080161, 6.6118602260248736, 6.988441755995154]",3.0,3.0,2.705535977,,,5,1,2020_Jan_14_0958,FaceNameBlocked_revised,3.0.0,86.42442982,5.7870903
38,Fem3Block.csv,Emily5.mp4,Emily.JPG,Emily,8.0,F,Courtney,Heather,Danielle,Michelle,Nicole,Brittany,Julia,Emily,Jenna,Jessica,7.0,0.0,0.0,0.0,2.0,0.0,7.0,7.0,7.0,,,,,,,1.0,,,,,,,,,,,5,1,2020_Jan_14_0958,FaceNameBlocked_revised,3.0.0,86.42442982,NaN
39,Fem3Block.csv,Emily5.mp4,Emily.JPG,Emily,8.0,F,Courtney,Heather,Danielle,Michelle,Nicole,Brittany,Julia,Emily,Jenna,Jessica,7.0,0.0,0.0,0.0,2.0,,,,,0.0,3.0,3.0,7.0,,,,,, Courtney,"['lshift', 'c', 'o', 'r', 'u', 't', 'backspace', 'backspace', 'backspace', 'u', 'r', 't', 'n', 'e', 'y']","[5.481959914090112, 5.930617052013986, 6.070891173090786, 6.295023667044006, 6.470589393051341, 6.648320559994318, 8.05701486300677, 8.246976313996129, 8.363665703102015, 9.000174712040462, 9.153225221089087, 9.410893184016459, 9.599948264076374, 9.776891626999713, 9.917697679018602]",5.0,4.0,5.87200338,,,5,1,2020_Jan_14_0958,FaceNameBlocked_revised,3.0.0,86.42442982,5.4819599
40,Male3Block.csv,Eric2.mp4,Eric.JPG,Eric,41.0,M,Thomas,Josh,Aaron,Trevor,Kyle,Eric,Dylan,Justin,Jason,Brian,5.0,0.0,4.0,4.0,5.0,0.0,7.0,7.0,5.0,,,,,,,1.0,,,,,,,,,,,5,1,2020_Jan_14_0958,FaceNameBlocked_revised,3.0.0,86.42442982,NaN
41,Male3Block.csv,Eric2.mp4,Eric.JPG,Eric,41.0,M,Thomas,Josh,Aaron,Trevor,Kyle,Eric,Dylan,Justin,Jason,Brian,5.0,0.0,4.0,4.0,5.0,,,,,0.0,3.0,3.0,5.0,,,,,, Eric,"['lshift', 'e', 'r', 'i', 'c']","[3.0119805220747367, 3.248845406109467, 3.45816946902778, 3.5772539511090145, 3.8955303790280595]",1.0,1.0,3.072113307,,,5,1,2020_Jan_14_0958,FaceNameBlocked_revised,3.0.0,86.42442982,3.0119805
43,Male1Block.csv,Ethan2.mp4,Ethan.JPG,Ethan,42.0,M,David,Jeremy,Ethan,Bradley,Matthew,Jacob,Nathan,Timothy,Tyler,Kevin,2.0,0.0,5.0,5.0,3.0,,,,,0.0,1.0,1.0,2.0,,,,,, Ethan,"['lshift', 'e', 't', 'h', 'n', 'backspace', 'a', 'n']","[2.693310614908114, 2.872086889925413, 3.1418587039224803, 3.2359385709278286, 3.516703754896298, 4.352241771994159, 4.68248707591556, 4.835919827921316]",1.0,1.0,3.9173042000000002,,,5,1,2020_Jan_14_0958,FaceNameBlocked_revised,3.0.0,86.42442982,2.6933106
42,Male1Block.csv,Ethan2.mp4,Ethan.JPG,Ethan,42.0,M,David,Jeremy,Ethan,Bradley,Matthew,Jacob,Nathan,Timothy,Tyler,Kevin,2.0,0.0,5.0,5.0,3.0,0.0,4.0,4.0,2.0,,,,,,,1.0,,,,,,,,,,,5,1,2020_Jan_14_0958,FaceNameBlocked_revised,3.0.0,86.42442982,NaN
44,Fem1Block.csv,Grace3.mp4,Grace.JPG,Grace,9.0,F,Amanda,Kayla,Taylor,Olivia,Shelby,Kelsey,Grace,Sarah,Lauren,Megan,6.0,0.0,2.0,2.0,0.0,0.0,7.0,7.0,6.0,,,,,,,1.0,,,,,,,,,,,5,1,2020_Jan_14_0958,FaceNameBlocked_revised,3.0.0,86.42442982,NaN
45,Fem1Block.csv,Grace3.mp4,Grace.JPG,Grace,9.0,F,Amanda,Kayla,Taylor,Olivia,Shelby,Kelsey,Grace,Sarah,Lauren,Megan,6.0,0.0,2.0,2.0,0.0,,,,,0.0,4.0,4.0,6.0,,,,,, Grace,"['lshift', 'g', 'r', 'a', 'c', 'e']","[1.6362204540055245, 1.731519335997291, 2.0021853980142623, 2.281916923006065, 2.4375979270553216, 2.5547385880490765]",3.0,3.0,1.5199214019999998,,,5,1,2020_Jan_14_0958,FaceNameBlocked_revised,3.0.0,86.42442982,1.6362204
46,Fem2Block.csv,Haley2.mp4,Haley.JPG,Haley,10.0,F,Ashley,Haley,Katie,Alyssa,Anna,Rachel,Brianna,Hannah,Rebecca,Natalie,1.0,0.0,1.0,1.0,1.0,0.0,2.0,2.0,1.0,,,,,,,0.0,,,,,,,,,,,5,1,2020_Jan_14_0958,FaceNameBlocked_revised,3.0.0,86.42442982,NaN
47,Fem2Block.csv,Haley2.mp4,Haley.JPG,Haley,10.0,F,Ashley,Haley,Katie,Alyssa,Anna,Rachel,Brianna,Hannah,Rebecca,Natalie,1.0,0.0,1.0,1.0,1.0,,,,,0.0,4.0,4.0,1.0,,,,,, Ashley,"['lshift', 'a', 's', 'h', 'l', 'e', 'y']","[3.5527412039227784, 3.7663664349820465, 4.293564746971242, 4.390032580937259, 5.0701505379984155, 5.319095596903935, 5.471718777902424]",5.0,4.0,3.049395301,,,5,1,2020_Jan_14_0958,FaceNameBlocked_revised,3.0.0,86.42442982,3.5527412
48,Fem2Block.csv,Hannah2.mp4,Hannah.JPG,Hannah,11.0,F,Ashley,Haley,Katie,Alyssa,Anna,Rachel,Brianna,Hannah,Rebecca,Natalie,7.0,0.0,1.0,1.0,1.0,0.0,0.0,0.0,7.0,,,,,,,1.0,,,,,,,,,,,5,1,2020_Jan_14_0958,FaceNameBlocked_revised,3.0.0,86.42442982,NaN
49,Fem2Block.csv,Hannah2.mp4,Hannah.JPG,Hannah,11.0,F,Ashley,Haley,Katie,Alyssa,Anna,Rachel,Brianna,Hannah,Rebecca,Natalie,7.0,0.0,1.0,1.0,1.0,,,,,0.0,9.0,9.0,7.0,,,,,, Jessica,"['lshift', 'j', 'e', 's', 's', 'i', 'c', 'a']","[7.3520005729515105, 7.506699807941914, 7.753257512929849, 7.965497934026644, 8.105998739018105, 8.247369354008697, 8.353229661937803, 8.49433377594687]",4.0,4.0,3.001955011,,,5,1,2020_Jan_14_0958,FaceNameBlocked_revised,3.0.0,86.42442982,7.3520005
50,Fem3Block.csv,Heather3.mp4,Heather.JPG,Heather,12.0,F,Courtney,Heather,Danielle,Michelle,Nicole,Brittany,Julia,Emily,Jenna,Jessica,1.0,0.0,0.0,0.0,2.0,0.0,9.0,9.0,1.0,,,,,,,0.0,,,,,,,,,,,5,1,2020_Jan_14_0958,FaceNameBlocked_revised,3.0.0,86.42442982,NaN
51,Fem3Block.csv,Heather3.mp4,Heather.JPG,Heather,12.0,F,Courtney,Heather,Danielle,Michelle,Nicole,Brittany,Julia,Emily,Jenna,Jessica,1.0,0.0,0.0,0.0,2.0,,,,,0.0,1.0,1.0,1.0,,,,,, Heather,"['lshift', 'lshift', 'h', 'e', 'a', 't', 'h', 'e', 'r']","[1.4000673519913107, 1.9179029129445553, 2.0727128019789234, 2.80126192397438, 3.224827375030145, 3.4955185459693894, 3.613007779000327, 3.7775077190017328, 3.8709113240474835]",2.0,2.0,1.225085275,,,5,1,2020_Jan_14_0958,FaceNameBlocked_revised,3.0.0,86.42442982,1.4000673
52,Male1Block.csv,Jacob3.mp4,Jacob.JPG,Jacob,43.0,M,David,Jeremy,Ethan,Bradley,Matthew,Jacob,Nathan,Timothy,Tyler,Kevin,5.0,0.0,5.0,5.0,3.0,0.0,2.0,2.0,5.0,,,,,,,1.0,,,,,,,,,,,5,1,2020_Jan_14_0958,FaceNameBlocked_revised,3.0.0,86.42442982,NaN
53,Male1Block.csv,Jacob3.mp4,Jacob.JPG,Jacob,43.0,M,David,Jeremy,Ethan,Bradley,Matthew,Jacob,Nathan,Timothy,Tyler,Kevin,5.0,0.0,5.0,5.0,3.0,,,,,0.0,0.0,0.0,5.0,,,,space,4.060520778, Noah,"['lshift', 'n', 'o', 'a', 'h']","[2.8587014300283045, 2.9776743659749627, 3.166415896033868, 3.283973059966229, 3.366207410930656]",1.0,4.0,5.8601998470000005,,,5,1,2020_Jan_14_0958,FaceNameBlocked_revised,3.0.0,86.42442982,2.8587014
54,Male3Block.csv,Jason4.mp4,Jason.JPG,Jason,44.0,M,Thomas,Josh,Aaron,Trevor,Kyle,Eric,Dylan,Justin,Jason,Brian,8.0,0.0,4.0,4.0,5.0,0.0,8.0,8.0,8.0,,,,,,,1.0,,,,,,,,,,,5,1,2020_Jan_14_0958,FaceNameBlocked_revised,3.0.0,86.42442982,NaN
55,Male3Block.csv,Jason4.mp4,Jason.JPG,Jason,44.0,M,Thomas,Josh,Aaron,Trevor,Kyle,Eric,Dylan,Justin,Jason,Brian,8.0,0.0,4.0,4.0,5.0,,,,,0.0,6.0,6.0,8.0,,,,,, Jason,"['lshift', 'j', 'a', 's', 'o', 'n']","[4.669676523073576, 5.059157666983083, 5.305716413073242, 5.434920080006123, 5.57669239200186, 5.727822132059373]",5.0,5.0,5.492264487999999,,,5,1,2020_Jan_14_0958,FaceNameBlocked_revised,3.0.0,86.42442982,4.6696765
56,Fem3Block.csv,Jenna4.mp4,Jenna.JPG,Jenna,13.0,F,Courtney,Heather,Danielle,Michelle,Nicole,Brittany,Julia,Emily,Jenna,Jessica,8.0,0.0,0.0,0.0,2.0,0.0,4.0,4.0,8.0,,,,,,,1.0,,,,,,,,,,,5,1,2020_Jan_14_0958,FaceNameBlocked_revised,3.0.0,86.42442982,NaN
57,Fem3Block.csv,Jenna4.mp4,Jenna.JPG,Jenna,13.0,F,Courtney,Heather,Danielle,Michelle,Nicole,Brittany,Julia,Emily,Jenna,Jessica,8.0,0.0,0.0,0.0,2.0,,,,,0.0,2.0,2.0,8.0,,,,,, Jessica,"['lshift', 'j', 'e', 's', 's', 'i', 'c', 'a']","[5.905578747973777, 6.036669977940619, 6.330295296967961, 6.589063529972918, 6.763327108928934, 6.894381397985853, 7.18681546789594, 7.38843964994885]",2.0,2.0,2.9070762230000002,,,5,1,2020_Jan_14_0958,FaceNameBlocked_revised,3.0.0,86.42442982,5.9055787
59,Male1Block.csv,Jeremy2.mp4,Jeremy.JPG,Jeremy,45.0,M,David,Jeremy,Ethan,Bradley,Matthew,Jacob,Nathan,Timothy,Tyler,Kevin,1.0,0.0,5.0,5.0,3.0,,,,,0.0,4.0,4.0,1.0,,,,,, Kevin ,"['lshift', 'k', 'e', 'v', 'i', 'n', 'space']","[1.671616793028079, 1.8852698390837759, 2.0261549500282854, 2.3077645220328122, 2.402268817066215, 2.4607244100188836, 6.024886325001717]",2.0,4.0,4.388994729,,,5,1,2020_Jan_14_0958,FaceNameBlocked_revised,3.0.0,86.42442982,1.6716167
58,Male1Block.csv,Jeremy2.mp4,Jeremy.JPG,Jeremy,45.0,M,David,Jeremy,Ethan,Bradley,Matthew,Jacob,Nathan,Timothy,Tyler,Kevin,1.0,0.0,5.0,5.0,3.0,0.0,8.0,8.0,1.0,,,,,,,0.0,,,,,,,,,,,5,1,2020_Jan_14_0958,FaceNameBlocked_revised,3.0.0,86.42442982,NaN
60,Fem3Block.csv,Jessica2.mp4,Jessica.JPG,Jessica,14.0,F,Courtney,Heather,Danielle,Michelle,Nicole,Brittany,Julia,Emily,Jenna,Jessica,9.0,0.0,0.0,0.0,2.0,0.0,1.0,1.0,9.0,,,,,,,0.0,,,,,,,,,,,5,1,2020_Jan_14_0958,FaceNameBlocked_revised,3.0.0,86.42442982,NaN
61,Fem3Block.csv,Jessica2.mp4,Jessica.JPG,Jessica,14.0,F,Courtney,Heather,Danielle,Michelle,Nicole,Brittany,Julia,Emily,Jenna,Jessica,9.0,0.0,0.0,0.0,2.0,,,,,0.0,8.0,8.0,9.0,,,,,, Jessica,"['lshift', 'j', 'e', 's', 's', 'i', 'c', 'a']","[7.9867783120134845, 8.069553834968247, 8.247413272038102, 8.447104551945813, 8.588581318967044, 8.77681576705072, 9.164887433988042, 9.352631211047992]",1.0,3.0,2.071992241,,,5,1,2020_Jan_14_0958,FaceNameBlocked_revised,3.0.0,86.42442982,7.9867783
62,Male3Block.csv,Josh3.mp4,Josh.JPG,Josh,46.0,M,Thomas,Josh,Aaron,Trevor,Kyle,Eric,Dylan,Justin,Jason,Brian,1.0,0.0,4.0,4.0,5.0,0.0,9.0,9.0,1.0,,,,,,,0.0,,,,,,,,,,,5,1,2020_Jan_14_0958,FaceNameBlocked_revised,3.0.0,86.42442982,NaN
63,Male3Block.csv,Josh3.mp4,Josh.JPG,Josh,46.0,M,Thomas,Josh,Aaron,Trevor,Kyle,Eric,Dylan,Justin,Jason,Brian,1.0,0.0,4.0,4.0,5.0,,,,,0.0,9.0,9.0,1.0,,,,,, Josh,"['lshift', 'j', 'o', 's', 'h']","[1.4122589790495113, 1.473686893004924, 1.5908574350178242, 1.7203325210139155, 1.8137375749647617]",1.0,1.0,1.5192206659999998,,,5,1,2020_Jan_14_0958,FaceNameBlocked_revised,3.0.0,86.42442982,1.4122589
64,Fem3Block.csv,Julia2.mp4,Julia.JPG,Julia,15.0,F,Courtney,Heather,Danielle,Michelle,Nicole,Brittany,Julia,Emily,Jenna,Jessica,6.0,0.0,0.0,0.0,2.0,0.0,8.0,8.0,6.0,,,,,,,1.0,,,,,,,,,,,5,1,2020_Jan_14_0958,FaceNameBlocked_revised,3.0.0,86.42442982,NaN
65,Fem3Block.csv,Julia2.mp4,Julia.JPG,Julia,15.0,F,Courtney,Heather,Danielle,Michelle,Nicole,Brittany,Julia,Emily,Jenna,Jessica,6.0,0.0,0.0,0.0,2.0,,,,,0.0,4.0,4.0,6.0,,,,,, Emily,"['lshift', 'e', 'm', 'i', 'l', 'y']","[3.058639341033995, 3.3192301579983905, 3.530491973971948, 5.7185852699913085, 6.024050245992839, 6.1761578529840335]",4.0,2.0,4.942327148,,,5,1,2020_Jan_14_0958,FaceNameBlocked_revised,3.0.0,86.42442982,3.0586393
66,Male3Block.csv,Justin2.mp4,Justin.JPG,Justin,47.0,M,Thomas,Josh,Aaron,Trevor,Kyle,Eric,Dylan,Justin,Jason,Brian,7.0,0.0,4.0,4.0,5.0,0.0,1.0,1.0,7.0,,,,,,,1.0,,,,,,,,,,,5,1,2020_Jan_14_0958,FaceNameBlocked_revised,3.0.0,86.42442982,NaN
67,Male3Block.csv,Justin2.mp4,Justin.JPG,Justin,47.0,M,Thomas,Josh,Aaron,Trevor,Kyle,Eric,Dylan,Justin,Jason,Brian,7.0,0.0,4.0,4.0,5.0,,,,,0.0,7.0,7.0,7.0,,,,,, Josh,"['lshift', 'j', 'o', 's', 'h']","[2.387997468933463, 2.4479220289504156, 2.6125133939785883, 2.7196295759640634, 3.7064835130004212]",1.0,1.0,5.069770355,,,5,1,2020_Jan_14_0958,FaceNameBlocked_revised,3.0.0,86.42442982,2.3879974
68,Fem2Block.csv,Katie2.mp4,Katie.JPG,Katie,16.0,F,Ashley,Haley,Katie,Alyssa,Anna,Rachel,Brianna,Hannah,Rebecca,Natalie,2.0,0.0,1.0,1.0,1.0,0.0,6.0,6.0,2.0,,,,,,,1.0,,,,,,,,,,,5,1,2020_Jan_14_0958,FaceNameBlocked_revised,3.0.0,86.42442982,NaN
69,Fem2Block.csv,Katie2.mp4,Katie.JPG,Katie,16.0,F,Ashley,Haley,Katie,Alyssa,Anna,Rachel,Brianna,Hannah,Rebecca,Natalie,2.0,0.0,1.0,1.0,1.0,,,,,0.0,6.0,6.0,2.0,,,,,, Katie,"['lshift', 'k', 'a', 't', 'i', 'e']","[1.4354393809335306, 1.5193973029963672, 2.060565062914975, 2.201976715005003, 2.3897858599666506, 2.5540092529263347]",5.0,5.0,1.707040961,,,5,1,2020_Jan_14_0958,FaceNameBlocked_revised,3.0.0,86.42442982,1.4354393
70,Fem1Block.csv,Kayla3.mp4,Kayla.JPG,Kayla,17.0,F,Amanda,Kayla,Taylor,Olivia,Shelby,Kelsey,Grace,Sarah,Lauren,Megan,1.0,0.0,2.0,2.0,0.0,0.0,9.0,9.0,1.0,,,,,,,0.0,,,,,,,,,,,5,1,2020_Jan_14_0958,FaceNameBlocked_revised,3.0.0,86.42442982,NaN
71,Fem1Block.csv,Kayla3.mp4,Kayla.JPG,Kayla,17.0,F,Amanda,Kayla,Taylor,Olivia,Shelby,Kelsey,Grace,Sarah,Lauren,Megan,1.0,0.0,2.0,2.0,0.0,,,,,0.0,5.0,5.0,1.0,,,,,, Olivia,"['lshift', 'o', 'i', 'l', 'backspace', 'backspace', 'l', 'i', 'v', 'i', 'a']","[4.963726880028844, 5.072110002976842, 5.3304728789953515, 5.541472636046819, 7.0824092329712585, 7.223256385070272, 7.859360895003192, 8.400074501987547, 8.58827112801373, 8.682532896986231, 9.022702362970449]",3.0,3.0,6.185709373,,,5,1,2020_Jan_14_0958,FaceNameBlocked_revised,3.0.0,86.42442982,4.9637268
73,Fem1Block.csv,Kelsey2.mp4,Kelsey.JPG,Kelsey,18.0,F,Amanda,Kayla,Taylor,Olivia,Shelby,Kelsey,Grace,Sarah,Lauren,Megan,5.0,0.0,2.0,2.0,0.0,,,,,0.0,1.0,1.0,5.0,,,,,, ,None,,2.0,2.0,2.599118074,,,5,1,2020_Jan_14_0958,FaceNameBlocked_revised,3.0.0,86.42442982,NaN
72,Fem1Block.csv,Kelsey2.mp4,Kelsey.JPG,Kelsey,18.0,F,Amanda,Kayla,Taylor,Olivia,Shelby,Kelsey,Grace,Sarah,Lauren,Megan,5.0,0.0,2.0,2.0,0.0,0.0,3.0,3.0,5.0,,,,,,,1.0,,,,,,,,,,,5,1,2020_Jan_14_0958,FaceNameBlocked_revised,3.0.0,86.42442982,NaN
74,Male1Block.csv,Kevin2.mp4,Kevin.JPG,Kevin,48.0,M,David,Jeremy,Ethan,Bradley,Matthew,Jacob,Nathan,Timothy,Tyler,Kevin,9.0,0.0,5.0,5.0,3.0,0.0,0.0,0.0,9.0,,,,,,,0.0,,,,,,,,,,,5,1,2020_Jan_14_0958,FaceNameBlocked_revised,3.0.0,86.42442982,NaN
75,Male1Block.csv,Kevin2.mp4,Kevin.JPG,Kevin,48.0,M,David,Jeremy,Ethan,Bradley,Matthew,Jacob,Nathan,Timothy,Tyler,Kevin,9.0,0.0,5.0,5.0,3.0,,,,,0.0,9.0,9.0,9.0,,,,,, Kevin,"['lshift', 'k', 'e', 'v', 'i', 'n']","[1.1996266670757905, 1.3314128030324355, 1.575891216052696, 1.7665931980591267, 1.8722257850458845, 1.9663770670304075]",2.0,2.0,0.991303058,,,5,1,2020_Jan_14_0958,FaceNameBlocked_revised,3.0.0,86.42442982,1.1996266
76,Male3Block.csv,Kyle3.mp4,Kyle.JPG,Kyle,49.0,M,Thomas,Josh,Aaron,Trevor,Kyle,Eric,Dylan,Justin,Jason,Brian,4.0,0.0,4.0,4.0,5.0,0.0,5.0,5.0,4.0,,,,,,,0.0,,,,,,,,,,,5,1,2020_Jan_14_0958,FaceNameBlocked_revised,3.0.0,86.42442982,NaN
77,Male3Block.csv,Kyle3.mp4,Kyle.JPG,Kyle,49.0,M,Thomas,Josh,Aaron,Trevor,Kyle,Eric,Dylan,Justin,Jason,Brian,4.0,0.0,4.0,4.0,5.0,,,,,0.0,8.0,8.0,4.0,,,,,, Eric,"['lshift', 'e', 'i', 'c', 'backspace', 'backspace', 'e', 'r', 'i', 'backspace', 'backspace', 'backspace', 'r', 'i', 'c']","[6.505039138020948, 6.670839654980227, 6.917422269005328, 7.141126970062032, 7.658582220086828, 7.858351299073547, 8.023747993982397, 8.09322898404207, 8.235438858042471, 8.599366717040539, 8.752228479017504, 8.870050032041036, 9.293516890029423, 9.491500544012524, 9.646806041011587]",4.0,3.0,6.493692332999999,,,5,1,2020_Jan_14_0958,FaceNameBlocked_revised,3.0.0,86.42442982,6.5050391
78,Fem1Block.csv,Lauren4.mp4,Lauren.JPG,Lauren,19.0,F,Amanda,Kayla,Taylor,Olivia,Shelby,Kelsey,Grace,Sarah,Lauren,Megan,8.0,0.0,2.0,2.0,0.0,0.0,2.0,2.0,8.0,,,,,,,1.0,,,,,,,,,,,5,1,2020_Jan_14_0958,FaceNameBlocked_revised,3.0.0,86.42442982,NaN
79,Fem1Block.csv,Lauren4.mp4,Lauren.JPG,Lauren,19.0,F,Amanda,Kayla,Taylor,Olivia,Shelby,Kelsey,Grace,Sarah,Lauren,Megan,8.0,0.0,2.0,2.0,0.0,,,,,0.0,8.0,8.0,8.0,,,,,, Britanny,"['lshift', 'lshift', 'lshift', 'b', 'r', 'i', 't', 'a', 'n', 'n', 'y']","[5.669667512062006, 6.505091625964269, 7.445559323998168, 7.611733359983191, 7.859627695987001, 8.011723477044143, 8.25901605701074, 8.61149306804873, 8.763888260000385, 8.894178690039553, 9.305501696071588]",3.0,3.0,5.9999775070000005,,,5,1,2020_Jan_14_0958,FaceNameBlocked_revised,3.0.0,86.42442982,5.6696675
80,Male2Block.csv,Mark3.mp4,Mark.JPG,Mark,50.0,M,Michael,Mark,Adam,Daniel,Caleb,Cody,Steven,Noah,Brandon,Andrew,1.0,0.0,3.0,3.0,4.0,0.0,8.0,8.0,1.0,,,,,,,0.0,,,,,,,,,,,5,1,2020_Jan_14_0958,FaceNameBlocked_revised,3.0.0,86.42442982,NaN
81,Male2Block.csv,Mark3.mp4,Mark.JPG,Mark,50.0,M,Michael,Mark,Adam,Daniel,Caleb,Cody,Steven,Noah,Brandon,Andrew,1.0,0.0,3.0,3.0,4.0,,,,,0.0,1.0,1.0,1.0,,,,,, Mark,"['lshift', 'm', 'a', 'r', 'k']","[1.3539891900727525, 1.4608145990641788, 1.8255854500457644, 1.9901967250043526, 2.107557089999318]",5.0,5.0,1.5671035569999998,,,5,1,2020_Jan_14_0958,FaceNameBlocked_revised,3.0.0,86.42442982,1.3539891
82,Male1Block.csv,Matthew2.mp4,Matthew.JPG,Matthew,51.0,M,David,Jeremy,Ethan,Bradley,Matthew,Jacob,Nathan,Timothy,Tyler,Kevin,4.0,0.0,5.0,5.0,3.0,0.0,6.0,6.0,4.0,,,,,,,0.0,,,,,,,,,,,5,1,2020_Jan_14_0958,FaceNameBlocked_revised,3.0.0,86.42442982,NaN
83,Male1Block.csv,Matthew2.mp4,Matthew.JPG,Matthew,51.0,M,David,Jeremy,Ethan,Bradley,Matthew,Jacob,Nathan,Timothy,Tyler,Kevin,4.0,0.0,5.0,5.0,3.0,,,,,0.0,2.0,2.0,4.0,,,,,, Tyler,"['lshift', 't', 'y', 'l', 'e', 'r']","[2.965106526040472, 3.2115708930650726, 3.436758657102473, 3.5664716300088912, 3.73105832899455, 3.83681530400645]",2.0,5.0,4.859585138,,,5,1,2020_Jan_14_0958,FaceNameBlocked_revised,3.0.0,86.42442982,2.9651065
84,Fem1Block.csv,Megan2.mp4,Megan.JPG,Megan,20.0,F,Amanda,Kayla,Taylor,Olivia,Shelby,Kelsey,Grace,Sarah,Lauren,Megan,9.0,0.0,2.0,2.0,0.0,0.0,6.0,6.0,9.0,,,,,,,0.0,,,,,,,,,,,5,1,2020_Jan_14_0958,FaceNameBlocked_revised,3.0.0,86.42442982,NaN
85,Fem1Block.csv,Megan2.mp4,Megan.JPG,Megan,20.0,F,Amanda,Kayla,Taylor,Olivia,Shelby,Kelsey,Grace,Sarah,Lauren,Megan,9.0,0.0,2.0,2.0,0.0,,,,,0.0,9.0,9.0,9.0,,,,,, Megan,"['lshift', 'm', 'e', 'g', 'a', 'n']","[1.259178402950056, 1.3557670100126415, 1.4842771459370852, 1.6959054119652137, 1.8493425339693204, 1.966762245981954]",5.0,5.0,1.859712311,,,5,1,2020_Jan_14_0958,FaceNameBlocked_revised,3.0.0,86.42442982,1.2591784
87,Male2Block.csv,Michael2.mp4,Michael.JPG,Michael,52.0,M,Michael,Mark,Adam,Daniel,Caleb,Cody,Steven,Noah,Brandon,Andrew,0.0,0.0,3.0,3.0,4.0,,,,,0.0,6.0,6.0,0.0,,,,,, Daniel,"['lshift', 'd', 'a', 'n', 'i', 'e', 'l']","[3.917053869110532, 4.1654235071036965, 4.353609856101684, 4.52966620400548, 4.847167518106289, 4.953562024049461, 5.105637948028743]",5.0,5.0,3.554756738,,,5,1,2020_Jan_14_0958,FaceNameBlocked_revised,3.0.0,86.42442982,3.9170538
86,Male2Block.csv,Michael2.mp4,Michael.JPG,Michael,52.0,M,Michael,Mark,Adam,Daniel,Caleb,Cody,Steven,Noah,Brandon,Andrew,0.0,0.0,3.0,3.0,4.0,0.0,3.0,3.0,0.0,,,,,,,0.0,,,,,,,,,,,5,1,2020_Jan_14_0958,FaceNameBlocked_revised,3.0.0,86.42442982,NaN
89,Fem3Block.csv,Michelle2.mp4,Michelle.JPG,Michelle,21.0,F,Courtney,Heather,Danielle,Michelle,Nicole,Brittany,Julia,Emily,Jenna,Jessica,3.0,0.0,0.0,0.0,2.0,,,,,0.0,5.0,5.0,3.0,,,,,, Jenna,"['lshift', 'j', 'e', 'n', 'n', 'a']","[7.0798537420341745, 7.1995336030377075, 7.469678136985749, 7.622977197985165, 7.799131697975099, 8.551868953043595]",2.0,5.0,7.141142625,,,5,1,2020_Jan_14_0958,FaceNameBlocked_revised,3.0.0,86.42442982,7.0798537
88,Fem3Block.csv,Michelle2.mp4,Michelle.JPG,Michelle,21.0,F,Courtney,Heather,Danielle,Michelle,Nicole,Brittany,Julia,Emily,Jenna,Jessica,3.0,0.0,0.0,0.0,2.0,0.0,2.0,2.0,3.0,,,,,,,0.0,,,,,,,,,,,5,1,2020_Jan_14_0958,FaceNameBlocked_revised,3.0.0,86.42442982,NaN
90,Fem2Block.csv,Natalie3.mp4,Natalie.JPG,Natalie,22.0,F,Ashley,Haley,Katie,Alyssa,Anna,Rachel,Brianna,Hannah,Rebecca,Natalie,9.0,0.0,1.0,1.0,1.0,0.0,4.0,4.0,9.0,,,,,,,0.0,,,,,,,,,,,5,1,2020_Jan_14_0958,FaceNameBlocked_revised,3.0.0,86.42442982,NaN
91,Fem2Block.csv,Natalie3.mp4,Natalie.JPG,Natalie,22.0,F,Ashley,Haley,Katie,Alyssa,Anna,Rachel,Brianna,Hannah,Rebecca,Natalie,9.0,0.0,1.0,1.0,1.0,,,,,0.0,8.0,8.0,9.0,,,,,, Natalie,"['z', 'n', 'backspace', 'backspace', 'lshift', 'n', 'a', 't', 'a', 'l', 'i', 'e']","[2.5903125329641625, 2.6248862330103293, 3.5656622059177607, 3.729426231002435, 3.999712817952968, 4.3540995789226145, 4.648022128967568, 4.824462176999077, 4.942705545923673, 5.68330396595411, 5.930036089965142, 6.0592782099265605]",3.0,3.0,3.166235093,,,5,1,2020_Jan_14_0958,FaceNameBlocked_revised,3.0.0,86.42442982,2.5903125
92,Male1Block.csv,Nathan3.mp4,Nathan.JPG,Nathan,53.0,M,David,Jeremy,Ethan,Bradley,Matthew,Jacob,Nathan,Timothy,Tyler,Kevin,6.0,0.0,5.0,5.0,3.0,0.0,1.0,1.0,6.0,,,,,,,1.0,,,,,,,,,,,5,1,2020_Jan_14_0958,FaceNameBlocked_revised,3.0.0,86.42442982,NaN
93,Male1Block.csv,Nathan3.mp4,Nathan.JPG,Nathan,53.0,M,David,Jeremy,Ethan,Bradley,Matthew,Jacob,Nathan,Timothy,Tyler,Kevin,6.0,0.0,5.0,5.0,3.0,,,,,0.0,5.0,5.0,6.0,,,,,, Nathan,"['lshift', 'n', 'a', 't', 'h', 'a', 'n']","[1.6710877809673548, 1.8022518599173054, 1.966349673923105, 2.083886411972344, 2.200694928993471, 2.32009966194164, 2.4255097839049995]",3.0,3.0,3.2929409130000002,,,5,1,2020_Jan_14_0958,FaceNameBlocked_revised,3.0.0,86.42442982,1.6710877
94,Fem3Block.csv,Nicole2.mp4,Nicole.JPG,Nicole,23.0,F,Courtney,Heather,Danielle,Michelle,Nicole,Brittany,Julia,Emily,Jenna,Jessica,4.0,0.0,0.0,0.0,2.0,0.0,0.0,0.0,4.0,,,,,,,0.0,,,,,,,,,,,5,1,2020_Jan_14_0958,FaceNameBlocked_revised,3.0.0,86.42442982,NaN
95,Fem3Block.csv,Nicole2.mp4,Nicole.JPG,Nicole,23.0,F,Courtney,Heather,Danielle,Michelle,Nicole,Brittany,Julia,Emily,Jenna,Jessica,4.0,0.0,0.0,0.0,2.0,,,,,0.0,7.0,7.0,4.0,,,,,, Brittany,"['lshift', 'b', 'r', 'i', 't', 't', 'a', 'n', 'y']","[4.517314942087978, 4.6137609160505235, 4.870487978099845, 5.0134631471009925, 5.295594290015288, 7.471604375052266, 7.623956406023353, 7.7890553660690784, 7.918685268028639]",5.0,2.0,3.202408315,,,5,1,2020_Jan_14_0958,FaceNameBlocked_revised,3.0.0,86.42442982,4.5173149
96,Male2Block.csv,Noah2.mp4,Noah.JPG,Noah,54.0,M,Michael,Mark,Adam,Daniel,Caleb,Cody,Steven,Noah,Brandon,Andrew,7.0,0.0,3.0,3.0,4.0,0.0,2.0,2.0,7.0,,,,,,,1.0,,,,,,,,,,,5,1,2020_Jan_14_0958,FaceNameBlocked_revised,3.0.0,86.42442982,NaN
97,Male2Block.csv,Noah2.mp4,Noah.JPG,Noah,54.0,M,Michael,Mark,Adam,Daniel,Caleb,Cody,Steven,Noah,Brandon,Andrew,7.0,0.0,3.0,3.0,4.0,,,,,0.0,0.0,0.0,7.0,,,,space,3.613040827, Cody,"['lshift', 'lshift', 'c', 'o', 'd', 'y']","[4.681719365995377, 5.210521975997835, 5.341612163931131, 5.435857833945192, 5.588635389925912, 5.765320276957937]",2.0,2.0,7.942438888,,,5,1,2020_Jan_14_0958,FaceNameBlocked_revised,3.0.0,86.42442982,4.6817193
98,Fem1Block.csv,Olivia3.mp4,Olivia.JPG,Olivia,24.0,F,Amanda,Kayla,Taylor,Olivia,Shelby,Kelsey,Grace,Sarah,Lauren,Megan,3.0,0.0,2.0,2.0,0.0,0.0,4.0,4.0,3.0,,,,,,,0.0,,,,,,,,,,,5,1,2020_Jan_14_0958,FaceNameBlocked_revised,3.0.0,86.42442982,NaN
99,Fem1Block.csv,Olivia3.mp4,Olivia.JPG,Olivia,24.0,F,Amanda,Kayla,Taylor,Olivia,Shelby,Kelsey,Grace,Sarah,Lauren,Megan,3.0,0.0,2.0,2.0,0.0,,,,,0.0,7.0,7.0,3.0,,,,,, Olivia,"['lshift', 'o', 'l', 'i', 'v', 'i', 'a']","[2.882189113064669, 2.9781212490051985, 3.483432627050206, 3.707330387085676, 3.8128489300142974, 3.9418823580490425, 4.212570842006244]",4.0,4.0,2.681974275,,,5,1,2020_Jan_14_0958,FaceNameBlocked_revised,3.0.0,86.42442982,2.8821891
100,Fem2Block.csv,Rachel3.mp4,Rachel.JPG,Rachel,25.0,F,Ashley,Haley,Katie,Alyssa,Anna,Rachel,Brianna,Hannah,Rebecca,Natalie,5.0,0.0,1.0,1.0,1.0,0.0,1.0,1.0,5.0,,,,,,,1.0,,,,,,,,,,,5,1,2020_Jan_14_0958,FaceNameBlocked_revised,3.0.0,86.42442982,NaN
101,Fem2Block.csv,Rachel3.mp4,Rachel.JPG,Rachel,25.0,F,Ashley,Haley,Katie,Alyssa,Anna,Rachel,Brianna,Hannah,Rebecca,Natalie,5.0,0.0,1.0,1.0,1.0,,,,,0.0,3.0,3.0,5.0,,,,,, Rachel,"['lshift', 'r', 'a', 'c', 'h', 'e', 'l']","[1.4951104120118544, 1.649515811004676, 2.023931478965096, 2.1321260060649365, 2.849218660965562, 2.943345712032169, 3.507905367994681]",5.0,5.0,1.567270386,,,5,1,2020_Jan_14_0958,FaceNameBlocked_revised,3.0.0,86.42442982,1.4951104
103,Fem2Block.csv,Rebecca3.mp4,Rebecca.JPG,Rebecca,26.0,F,Ashley,Haley,Katie,Alyssa,Anna,Rachel,Brianna,Hannah,Rebecca,Natalie,8.0,0.0,1.0,1.0,1.0,,,,,0.0,0.0,0.0,8.0,,,,space,9.150876633, Rebecca,"['lshift', 'r', 'e', 'b', 'e', 'c', 'c', 'a']","[4.341278766049072, 4.554403626942076, 4.7658178800484166, 4.990039709024131, 5.213095573941246, 5.471739909029566, 6.494674306013621, 6.871557482983917]",1.0,1.0,3.777811687,,,5,1,2020_Jan_14_0958,FaceNameBlocked_revised,3.0.0,86.42442982,4.3412787
102,Fem2Block.csv,Rebecca3.mp4,Rebecca.JPG,Rebecca,26.0,F,Ashley,Haley,Katie,Alyssa,Anna,Rachel,Brianna,Hannah,Rebecca,Natalie,8.0,0.0,1.0,1.0,1.0,0.0,9.0,9.0,8.0,,,,,,,1.0,,,,,,,,,,,5,1,2020_Jan_14_0958,FaceNameBlocked_revised,3.0.0,86.42442982,NaN
104,Fem1Block.csv,Sarah2.mp4,Sarah.JPG,Sarah,27.0,F,Amanda,Kayla,Taylor,Olivia,Shelby,Kelsey,Grace,Sarah,Lauren,Megan,7.0,0.0,2.0,2.0,0.0,0.0,1.0,1.0,7.0,,,,,,,1.0,,,,,,,,,,,5,1,2020_Jan_14_0958,FaceNameBlocked_revised,3.0.0,86.42442982,NaN
105,Fem1Block.csv,Sarah2.mp4,Sarah.JPG,Sarah,27.0,F,Amanda,Kayla,Taylor,Olivia,Shelby,Kelsey,Grace,Sarah,Lauren,Megan,7.0,0.0,2.0,2.0,0.0,,,,,0.0,2.0,2.0,7.0,,,,,, Sarah,"['lshift', 's', 'a', 'r', 'a', 'h']","[1.3881583500187844, 1.5544393550371751, 1.8131718609947711, 1.9656975390389562, 2.0955139960860834, 2.2832845730008557]",4.0,4.0,1.507381861,,,5,1,2020_Jan_14_0958,FaceNameBlocked_revised,3.0.0,86.42442982,1.3881583
106,Fem1Block.csv,Shelby2.mp4,Shelby.JPG,Shelby,28.0,F,Amanda,Kayla,Taylor,Olivia,Shelby,Kelsey,Grace,Sarah,Lauren,Megan,4.0,0.0,2.0,2.0,0.0,0.0,5.0,5.0,4.0,,,,,,,0.0,,,,,,,,,,,5,1,2020_Jan_14_0958,FaceNameBlocked_revised,3.0.0,86.42442982,NaN
107,Fem1Block.csv,Shelby2.mp4,Shelby.JPG,Shelby,28.0,F,Amanda,Kayla,Taylor,Olivia,Shelby,Kelsey,Grace,Sarah,Lauren,Megan,4.0,0.0,2.0,2.0,0.0,,,,,0.0,6.0,6.0,4.0,,,,,, Shelbyy,"['lshift', 's', 'h', 'e', 'l', 'b', 'y', 'y']","[4.011429492966272, 4.200847067986615, 4.318622855003923, 8.564473510952666, 8.694345696014352, 9.305013309931383, 9.458431917941198, 9.703388739028014]",3.0,3.0,4.060340699,,,5,1,2020_Jan_14_0958,FaceNameBlocked_revised,3.0.0,86.42442982,4.0114294
108,Male2Block.csv,Steven2.mp4,Steven.JPG,Steven,55.0,M,Michael,Mark,Adam,Daniel,Caleb,Cody,Steven,Noah,Brandon,Andrew,6.0,0.0,3.0,3.0,4.0,0.0,0.0,0.0,6.0,,,,,,,1.0,,,,,,,,,,,5,1,2020_Jan_14_0958,FaceNameBlocked_revised,3.0.0,86.42442982,NaN
109,Male2Block.csv,Steven2.mp4,Steven.JPG,Steven,55.0,M,Michael,Mark,Adam,Daniel,Caleb,Cody,Steven,Noah,Brandon,Andrew,6.0,0.0,3.0,3.0,4.0,,,,,0.0,2.0,2.0,6.0,,,,,, Alexander,"['lshift', 'a', 'l', 'e', 'x', 'a', 'n', 'd', 'e', 'r']","[1.765253906021826, 1.9781369980191812, 2.1313082929700613, 2.4022098190616816, 2.6840950699988753, 2.86005133704748, 3.0580196710070595, 3.2017860100604594, 3.260387424961664, 3.4137230910127982]",4.0,1.0,9.305625632,,,5,1,2020_Jan_14_0958,FaceNameBlocked_revised,3.0.0,86.42442982,1.7652539
110,Fem1Block.csv,Taylor4.mp4,Taylor.JPG,Taylor,29.0,F,Amanda,Kayla,Taylor,Olivia,Shelby,Kelsey,Grace,Sarah,Lauren,Megan,2.0,0.0,2.0,2.0,0.0,0.0,0.0,0.0,2.0,,,,,,,1.0,,,,,,,,,,,5,1,2020_Jan_14_0958,FaceNameBlocked_revised,3.0.0,86.42442982,NaN
111,Fem1Block.csv,Taylor4.mp4,Taylor.JPG,Taylor,29.0,F,Amanda,Kayla,Taylor,Olivia,Shelby,Kelsey,Grace,Sarah,Lauren,Megan,2.0,0.0,2.0,2.0,0.0,,,,,0.0,3.0,3.0,2.0,,,,,, Taylor,"['lshift', 't', 'a', 'y', 'l', 'o', 'r']","[1.6122983819805086, 1.8016611729981378, 1.9898487159516662, 2.1201985069783404, 2.5879097109427676, 2.7661650949157774, 2.9421168440021574]",2.0,2.0,3.7070297660000002,,,5,1,2020_Jan_14_0958,FaceNameBlocked_revised,3.0.0,86.42442982,1.6122983
112,Male3Block.csv,Thomas2.mp4,Thomas.JPG,Thomas,56.0,M,Thomas,Josh,Aaron,Trevor,Kyle,Eric,Dylan,Justin,Jason,Brian,0.0,0.0,4.0,4.0,5.0,0.0,0.0,0.0,0.0,,,,,,,0.0,,,,,,,,,,,5,1,2020_Jan_14_0958,FaceNameBlocked_revised,3.0.0,86.42442982,NaN
113,Male3Block.csv,Thomas2.mp4,Thomas.JPG,Thomas,56.0,M,Thomas,Josh,Aaron,Trevor,Kyle,Eric,Dylan,Justin,Jason,Brian,0.0,0.0,4.0,4.0,5.0,,,,,0.0,0.0,0.0,0.0,,,,space,1.143793719, Andrew,"['lshift', 'lshift', 'a', 'n', 'd', 'r', 'e', 'w']","[3.671225926023908, 4.494674960034899, 4.566380118019879, 4.800665548071265, 5.2602469810517505, 5.4956370970467106, 5.741976525983773, 5.883022360038012]",4.0,3.0,4.776289519,,,5,1,2020_Jan_14_0958,FaceNameBlocked_revised,3.0.0,86.42442982,3.6712259
114,Male1Block.csv,Timothy3.mp4,Timothy.JPG,Timothy,57.0,M,David,Jeremy,Ethan,Bradley,Matthew,Jacob,Nathan,Timothy,Tyler,Kevin,7.0,0.0,5.0,5.0,3.0,0.0,7.0,7.0,7.0,,,,,,,1.0,,,,,,,,,,,5,1,2020_Jan_14_0958,FaceNameBlocked_revised,3.0.0,86.42442982,NaN
115,Male1Block.csv,Timothy3.mp4,Timothy.JPG,Timothy,57.0,M,David,Jeremy,Ethan,Bradley,Matthew,Jacob,Nathan,Timothy,Tyler,Kevin,7.0,0.0,5.0,5.0,3.0,,,,,0.0,8.0,8.0,7.0,,,,,, Timothy,"['lshift', 't', 'i', 'm', 'o', 't', 'h', 'y']","[1.5411902220221236, 1.742432523984462, 1.8250523919705302, 3.012844834011048, 3.199111772933975, 3.2956964779878035, 3.7769727259874344, 3.8713217040058225]",4.0,4.0,1.2849856579999999,,,5,1,2020_Jan_14_0958,FaceNameBlocked_revised,3.0.0,86.42442982,1.5411902
116,Male3Block.csv,Trevor2.mp4,Trevor.JPG,Trevor,58.0,M,Thomas,Josh,Aaron,Trevor,Kyle,Eric,Dylan,Justin,Jason,Brian,3.0,0.0,4.0,4.0,5.0,0.0,4.0,4.0,3.0,,,,,,,0.0,,,,,,,,,,,5,1,2020_Jan_14_0958,FaceNameBlocked_revised,3.0.0,86.42442982,NaN
117,Male3Block.csv,Trevor2.mp4,Trevor.JPG,Trevor,58.0,M,Thomas,Josh,Aaron,Trevor,Kyle,Eric,Dylan,Justin,Jason,Brian,3.0,0.0,4.0,4.0,5.0,,,,,0.0,4.0,4.0,3.0,,,,,, Trevor,"['lshift', 't', 'r', 'e', 'v', 'o', 'r']","[1.7181149739772081, 1.8605854719644412, 2.0954109709709883, 2.1656341839116067, 2.2842729459516704, 2.707186525920406, 2.800667152972892]",2.0,2.0,1.33176307,,,5,1,2020_Jan_14_0958,FaceNameBlocked_revised,3.0.0,86.42442982,1.7181149
118,Male1Block.csv,Tyler3.mp4,Tyler.JPG,Tyler,59.0,M,David,Jeremy,Ethan,Bradley,Matthew,Jacob,Nathan,Timothy,Tyler,Kevin,8.0,0.0,5.0,5.0,3.0,0.0,3.0,3.0,8.0,,,,,,,1.0,,,,,,,,,,,5,1,2020_Jan_14_0958,FaceNameBlocked_revised,3.0.0,86.42442982,NaN
119,Male1Block.csv,Tyler3.mp4,Tyler.JPG,Tyler,59.0,M,David,Jeremy,Ethan,Bradley,Matthew,Jacob,Nathan,Timothy,Tyler,Kevin,8.0,0.0,5.0,5.0,3.0,,,,,0.0,6.0,6.0,8.0,,,,,, Kevin,"['lshift', 'k', 'e', 'i', 'n', 'backspace', 'backspace', 'v', 'i', 'n']","[3.5516470429720357, 4.211877856985666, 4.400037999963388, 4.705174300004728, 4.870549515006132, 5.599281333968975, 5.787231103982776, 6.020952814025804, 6.31708422198426, 6.494653217960149]",1.0,4.0,3.484247559,,,5,1,2020_Jan_14_0958,FaceNameBlocked_revised,3.0.0,86.42442982,3.5516470
120,,,,,,,,,,,,,,,,,,,,,,,,,,,,,,space,206.94587380000002,,,,,,,,,,,,5,1,2020_Jan_14_0958,FaceNameBlocked_revised,3.0.0,86.42442982,NaN
121,,,,,,,,,,,,,,,,,,,,,,,,,,,,,,,,,,,,,,,,,space,147.3255469,5,1,2020_Jan_14_0958,FaceNameBlocked_revised,3.0.0,86.42442982,NaN
