,condsBlockFile,Video,Photo,Name,Row,Gender,N1,N2,N3,N4,N5,N6,N7,N8,N9,N10,Row2,blocks.thisRepN,blocks.thisTrialN,blocks.thisN,blocks.thisIndex,presentations.thisRepN,presentations.thisTrialN,presentations.thisN,presentations.thisIndex,testing.thisRepN,testing.thisTrialN,testing.thisN,testing.thisIndex,advance_1.keys,advance_1.rt,currentCond,advance_2.keys,advance_2.rt,inputText,key_resp_3.keys,key_resp_3.rt,correctRecogSelection,keyResponse.keys,keyResponse.rt,end_key.keys,end_key.rt,participant,session,date,expName,psychopyVersion,frameRate,Unnamed: 48,key_resp3_fin
1,Male1Block.csv,Aaron2.mp4,Aaron.JPG,Aaron,30.0,M,Bradley,Aaron,Steven,Kevin,David,Matthew,Brian,Nathan,Tyler,Adam,1.0,0.0,0.0,0.0,3.0,0.0,0.0,0.0,1.0,,,,,,,0.0,,,,,,,,,,,8,1,2020_Jan_14_1048,FaceNameBlocked_revised,3.0.0,75.02720073651884,,NaN
15,Male1Block.csv,Aaron2.mp4,Aaron.JPG,Aaron,30.0,M,Bradley,Aaron,Steven,Kevin,David,Matthew,Brian,Nathan,Tyler,Adam,1.0,0.0,0.0,0.0,3.0,,,,,0.0,4.0,4.0,1.0,,,,,, ,None,,4.0,3.0,4.360729654000352,,,8,1,2020_Jan_14_1048,FaceNameBlocked_revised,3.0.0,75.02720073651884,,NaN
5,Male1Block.csv,Adam4.mp4,Adam.JPG,Adam,31.0,M,Bradley,Aaron,Steven,Kevin,David,Matthew,Brian,Nathan,Tyler,Adam,9.0,0.0,0.0,0.0,3.0,0.0,4.0,4.0,9.0,,,,,,,1.0,,,,,,,,,,,8,1,2020_Jan_14_1048,FaceNameBlocked_revised,3.0.0,75.02720073651884,,NaN
17,Male1Block.csv,Adam4.mp4,Adam.JPG,Adam,31.0,M,Bradley,Aaron,Steven,Kevin,David,Matthew,Brian,Nathan,Tyler,Adam,9.0,0.0,0.0,0.0,3.0,,,,,0.0,6.0,6.0,9.0,,,,,, adam,"['a', 'd', 'a', 'm']","[1.3485384030000205, 1.5350526240004, 1.6423500790001526, 1.7483097460003592]",1.0,1.0,1.5993759429998136,,,8,1,2020_Jan_14_1048,FaceNameBlocked_revised,3.0.0,75.02720073651884,,1.3485384
98,Fem3Block.csv,Alyssa3.mp4,Alyssa.JPG,Alyssa,0.0,F,Danielle,Kayla,Alyssa,Brittany,Natalie,Megan,Sarah,Nicole,Courtney,Julia,2.0,0.0,4.0,4.0,2.0,,,,,0.0,7.0,7.0,2.0,,,,,, alyssa,"['a', 'l', 'y', 's', 's', 'a']","[1.7753394599994863, 1.8804738239996368, 2.1625658289995044, 2.3888661299997693, 2.5356289969995487, 2.682242777999818]",4.0,4.0,2.201576690000365,,,8,1,2020_Jan_14_1048,FaceNameBlocked_revised,3.0.0,75.02720073651884,,1.7753394
87,Fem3Block.csv,Alyssa3.mp4,Alyssa.JPG,Alyssa,0.0,F,Danielle,Kayla,Alyssa,Brittany,Natalie,Megan,Sarah,Nicole,Courtney,Julia,2.0,0.0,4.0,4.0,2.0,0.0,6.0,6.0,2.0,,,,,,,1.0,,,,,,,,,,,8,1,2020_Jan_14_1048,FaceNameBlocked_revised,3.0.0,75.02720073651884,,NaN
30,Fem2Block.csv,Amanda3.mp4,Amanda.JPG,Amanda,1.0,F,Jessica,Rachel,Amanda,Olivia,Katie,Grace,Brianna,Kelsey,Jenna,Haley,2.0,0.0,1.0,1.0,1.0,0.0,9.0,9.0,2.0,,,,,,,1.0,,,,,,,,,,,8,1,2020_Jan_14_1048,FaceNameBlocked_revised,3.0.0,75.02720073651884,,NaN
36,Fem2Block.csv,Amanda3.mp4,Amanda.JPG,Amanda,1.0,F,Jessica,Rachel,Amanda,Olivia,Katie,Grace,Brianna,Kelsey,Jenna,Haley,2.0,0.0,1.0,1.0,1.0,,,,,0.0,5.0,5.0,2.0,,,,,, jenna,"['j', 'e', 'n', 'n', 'a']","[3.5619632260004437, 3.7349229210003614, 3.8948794489997454, 4.067332437000005, 4.1872882580000805]",4.0,5.0,6.773725967000246,,,8,1,2020_Jan_14_1048,FaceNameBlocked_revised,3.0.0,75.02720073651884,,3.5619632
49,Male2Block.csv,Andrew2.mp4,Andrew.JPG,Andrew,32.0,M,Jeremy,Jason,Noah,Caleb,Michael,Daniel,Brandon,Eric,Andrew,Thomas,8.0,0.0,2.0,2.0,4.0,0.0,8.0,8.0,8.0,,,,,,,1.0,,,,,,,,,,,8,1,2020_Jan_14_1048,FaceNameBlocked_revised,3.0.0,75.02720073651884,,NaN
55,Male2Block.csv,Andrew2.mp4,Andrew.JPG,Andrew,32.0,M,Jeremy,Jason,Noah,Caleb,Michael,Daniel,Brandon,Eric,Andrew,Thomas,8.0,0.0,2.0,2.0,4.0,,,,,0.0,4.0,4.0,8.0,,,,,, andrew,"['a', 'n', 'd', 'r', 'e', 'w']","[4.027704952000022, 4.255086619000394, 4.414066786999683, 4.707535188000293, 4.9612514150003335, 5.0813122709996605]",1.0,1.0,2.014605481000217,,,8,1,2020_Jan_14_1048,FaceNameBlocked_revised,3.0.0,75.02720073651884,,4.0277049
65,Fem1Block.csv,Anna3.mp4,Anna.JPG,Anna,2.0,F,Heather,Hannah,Rebecca,Emily,Taylor,Ashley,Michelle,Lauren,Shelby,Anna,9.0,0.0,3.0,3.0,0.0,0.0,4.0,4.0,9.0,,,,,,,1.0,,,,,,,,,,,8,1,2020_Jan_14_1048,FaceNameBlocked_revised,3.0.0,75.02720073651884,,NaN
75,Fem1Block.csv,Anna3.mp4,Anna.JPG,Anna,2.0,F,Heather,Hannah,Rebecca,Emily,Taylor,Ashley,Michelle,Lauren,Shelby,Anna,9.0,0.0,3.0,3.0,0.0,,,,,0.0,4.0,4.0,9.0,,,,,, anna,"['a', 'n', 'n', 'a']","[9.279981503000272, 9.399917837999965, 9.532610057999591, 9.599803598000108]",3.0,3.0,2.573071042000265,,,8,1,2020_Jan_14_1048,FaceNameBlocked_revised,3.0.0,75.02720073651884,,9.2799815
73,Fem1Block.csv,Ashley3.mp4,Ashley.JPG,Ashley,3.0,F,Heather,Hannah,Rebecca,Emily,Taylor,Ashley,Michelle,Lauren,Shelby,Anna,5.0,0.0,3.0,3.0,0.0,,,,,0.0,2.0,2.0,5.0,,,,,, heather,"['h', 'e', 'a', 't', 'h', 'e', 'r']","[4.454642896000223, 4.588454660000025, 4.734782987000472, 5.014134588000161, 5.174626913000793, 5.334426760000497, 5.494017798000641]",2.0,2.0,10.572767898000166,,,8,1,2020_Jan_14_1048,FaceNameBlocked_revised,3.0.0,75.02720073651884,,4.4546428
67,Fem1Block.csv,Ashley3.mp4,Ashley.JPG,Ashley,3.0,F,Heather,Hannah,Rebecca,Emily,Taylor,Ashley,Michelle,Lauren,Shelby,Anna,5.0,0.0,3.0,3.0,0.0,0.0,6.0,6.0,5.0,,,,,,,0.0,,,,,,,,,,,8,1,2020_Jan_14_1048,FaceNameBlocked_revised,3.0.0,75.02720073651884,,NaN
6,Male1Block.csv,Bradley3.mp4,Bradley.JPG,Bradley,33.0,M,Bradley,Aaron,Steven,Kevin,David,Matthew,Brian,Nathan,Tyler,Adam,0.0,0.0,0.0,0.0,3.0,0.0,5.0,5.0,0.0,,,,,,,1.0,,,,,,,,,,,8,1,2020_Jan_14_1048,FaceNameBlocked_revised,3.0.0,75.02720073651884,,NaN
12,Male1Block.csv,Bradley3.mp4,Bradley.JPG,Bradley,33.0,M,Bradley,Aaron,Steven,Kevin,David,Matthew,Brian,Nathan,Tyler,Adam,0.0,0.0,0.0,0.0,3.0,,,,,0.0,1.0,1.0,0.0,,,,,, damien,"['d', 'a', 'm', 'i', 'n', 'e', 'backspace', 'backspace', 'e', 'n', 'return']","[1.9884263980002288, 2.0942185130002144, 2.2153035340002134, 2.428210515000046, 2.7080783639999026, 2.7745294619999186, 3.0540412640002614, 3.2274408470002527, 3.334593383000083, 3.4545647670001927, 4.266505259000041]",1.0,1.0,6.013510630000383,,,8,1,2020_Jan_14_1048,FaceNameBlocked_revised,3.0.0,75.02720073651884,,1.9884263
54,Male2Block.csv,Brandon2.mp4,Brandon.JPG,Brandon,34.0,M,Jeremy,Jason,Noah,Caleb,Michael,Daniel,Brandon,Eric,Andrew,Thomas,6.0,0.0,2.0,2.0,4.0,,,,,0.0,3.0,3.0,6.0,,,,,, brandon,"['b', 'r', 'n', 'backspace', 'a', 'n', 'd', 'o', 'n']","[1.960416508999515, 2.133294506999846, 2.4403828149997935, 2.799650240000119, 2.986921906999669, 3.1600645700000314, 3.3331867139995666, 3.8659381549996397, 4.053190470000118]",3.0,3.0,1.0551860730001863,,,8,1,2020_Jan_14_1048,FaceNameBlocked_revised,3.0.0,75.02720073651884,,1.9604165
41,Male2Block.csv,Brandon2.mp4,Brandon.JPG,Brandon,34.0,M,Jeremy,Jason,Noah,Caleb,Michael,Daniel,Brandon,Eric,Andrew,Thomas,6.0,0.0,2.0,2.0,4.0,0.0,0.0,0.0,6.0,,,,,,,0.0,,,,,,,,,,,8,1,2020_Jan_14_1048,FaceNameBlocked_revised,3.0.0,75.02720073651884,,NaN
20,Male1Block.csv,Brian2.mp4,Brian.JPG,Brian,35.0,M,Bradley,Aaron,Steven,Kevin,David,Matthew,Brian,Nathan,Tyler,Adam,6.0,0.0,0.0,0.0,3.0,,,,,0.0,9.0,9.0,6.0,,,,,, bradley,"['b', 'r', 'a', 'd', 'l', 'e', 'y']","[1.5882545839999693, 1.787629277999713, 2.0548529799998505, 2.2548876709997785, 2.400853268999981, 2.521008554999753, 2.6814325149998695]",3.0,1.0,1.654370941000252,,,8,1,2020_Jan_14_1048,FaceNameBlocked_revised,3.0.0,75.02720073651884,,1.5882545
10,Male1Block.csv,Brian2.mp4,Brian.JPG,Brian,35.0,M,Bradley,Aaron,Steven,Kevin,David,Matthew,Brian,Nathan,Tyler,Adam,6.0,0.0,0.0,0.0,3.0,0.0,9.0,9.0,6.0,,,,,,,0.0,,,,,,,,,,,8,1,2020_Jan_14_1048,FaceNameBlocked_revised,3.0.0,75.02720073651884,,NaN
21,Fem2Block.csv,Brianna2.mp4,Brianna.JPG,Brianna,4.0,F,Jessica,Rachel,Amanda,Olivia,Katie,Grace,Brianna,Kelsey,Jenna,Haley,6.0,0.0,1.0,1.0,1.0,0.0,0.0,0.0,6.0,,,,,,,0.0,,,,,,,,,,,8,1,2020_Jan_14_1048,FaceNameBlocked_revised,3.0.0,75.02720073651884,,NaN
35,Fem2Block.csv,Brianna2.mp4,Brianna.JPG,Brianna,4.0,F,Jessica,Rachel,Amanda,Olivia,Katie,Grace,Brianna,Kelsey,Jenna,Haley,6.0,0.0,1.0,1.0,1.0,,,,,0.0,4.0,4.0,6.0,,,,,, ,None,,2.0,2.0,4.547091404000639,,,8,1,2020_Jan_14_1048,FaceNameBlocked_revised,3.0.0,75.02720073651884,,NaN
82,Fem3Block.csv,Brittany2.mp4,Brittany.JPG,Brittany,5.0,F,Danielle,Kayla,Alyssa,Brittany,Natalie,Megan,Sarah,Nicole,Courtney,Julia,3.0,0.0,4.0,4.0,2.0,0.0,1.0,1.0,3.0,,,,,,,1.0,,,,,,,,,,,8,1,2020_Jan_14_1048,FaceNameBlocked_revised,3.0.0,75.02720073651884,,NaN
94,Fem3Block.csv,Brittany2.mp4,Brittany.JPG,Brittany,5.0,F,Danielle,Kayla,Alyssa,Brittany,Natalie,Megan,Sarah,Nicole,Courtney,Julia,3.0,0.0,4.0,4.0,2.0,,,,,0.0,3.0,3.0,3.0,,,,,, britney,"['b', 'r', 'i', 't', 'n', 'e', 'y']","[4.281441150000319, 4.626098433000152, 4.787903256000391, 4.905688818000272, 5.014883792000546, 5.174055075000069, 5.3453143240003556]",3.0,3.0,2.3078513390000808,,,8,1,2020_Jan_14_1048,FaceNameBlocked_revised,3.0.0,75.02720073651884,,4.2814411
47,Male2Block.csv,Caleb5.mp4,Caleb.JPG,Caleb,36.0,M,Jeremy,Jason,Noah,Caleb,Michael,Daniel,Brandon,Eric,Andrew,Thomas,3.0,0.0,2.0,2.0,4.0,0.0,6.0,6.0,3.0,,,,,,,1.0,,,,,,,,,,,8,1,2020_Jan_14_1048,FaceNameBlocked_revised,3.0.0,75.02720073651884,,NaN
56,Male2Block.csv,Caleb5.mp4,Caleb.JPG,Caleb,36.0,M,Jeremy,Jason,Noah,Caleb,Michael,Daniel,Brandon,Eric,Andrew,Thomas,3.0,0.0,2.0,2.0,4.0,,,,,0.0,5.0,5.0,3.0,,,,,, ,None,,3.0,3.0,7.666009920999386,,,8,1,2020_Jan_14_1048,FaceNameBlocked_revised,3.0.0,75.02720073651884,,NaN
103,Male3Block.csv,Cody2.mp4,Cody.JPG,Cody,37.0,M,Josh,Timothy,Cody,Mark,Jacob,Trevor,Kyle,Dylan,Justin,Ethan,2.0,0.0,5.0,5.0,5.0,0.0,2.0,2.0,2.0,,,,,,,1.0,,,,,,,,,,,8,1,2020_Jan_14_1048,FaceNameBlocked_revised,3.0.0,75.02720073651884,,NaN
111,Male3Block.csv,Cody2.mp4,Cody.JPG,Cody,37.0,M,Josh,Timothy,Cody,Mark,Jacob,Trevor,Kyle,Dylan,Justin,Ethan,2.0,0.0,5.0,5.0,5.0,,,,,0.0,0.0,0.0,2.0,,,,space,2.255292009999721, cody,"['c', 'o', 'd', 'y']","[1.5337086750005255, 1.893307088000256, 2.1735925370003315, 2.333568688000014]",1.0,1.0,1.5738797940002769,,,8,1,2020_Jan_14_1048,FaceNameBlocked_revised,3.0.0,75.02720073651884,,1.5337086
95,Fem3Block.csv,Courtney2.mp4,Courtney.JPG,Courtney,6.0,F,Danielle,Kayla,Alyssa,Brittany,Natalie,Megan,Sarah,Nicole,Courtney,Julia,8.0,0.0,4.0,4.0,2.0,,,,,0.0,4.0,4.0,8.0,,,,,, ,None,,4.0,4.0,5.0651356220005255,,,8,1,2020_Jan_14_1048,FaceNameBlocked_revised,3.0.0,75.02720073651884,,NaN
84,Fem3Block.csv,Courtney2.mp4,Courtney.JPG,Courtney,6.0,F,Danielle,Kayla,Alyssa,Brittany,Natalie,Megan,Sarah,Nicole,Courtney,Julia,8.0,0.0,4.0,4.0,2.0,0.0,3.0,3.0,8.0,,,,,,,1.0,,,,,,,,,,,8,1,2020_Jan_14_1048,FaceNameBlocked_revised,3.0.0,75.02720073651884,,NaN
48,Male2Block.csv,Daniel3.mp4,Daniel.JPG,Daniel,38.0,M,Jeremy,Jason,Noah,Caleb,Michael,Daniel,Brandon,Eric,Andrew,Thomas,5.0,0.0,2.0,2.0,4.0,0.0,7.0,7.0,5.0,,,,,,,0.0,,,,,,,,,,,8,1,2020_Jan_14_1048,FaceNameBlocked_revised,3.0.0,75.02720073651884,,NaN
52,Male2Block.csv,Daniel3.mp4,Daniel.JPG,Daniel,38.0,M,Jeremy,Jason,Noah,Caleb,Michael,Daniel,Brandon,Eric,Andrew,Thomas,5.0,0.0,2.0,2.0,4.0,,,,,0.0,1.0,1.0,5.0,,,,,, ,None,,5.0,5.0,5.134583630000634,,,8,1,2020_Jan_14_1048,FaceNameBlocked_revised,3.0.0,75.02720073651884,,NaN
83,Fem3Block.csv,Danielle2.mp4,Danielle.JPG,Danielle,7.0,F,Danielle,Kayla,Alyssa,Brittany,Natalie,Megan,Sarah,Nicole,Courtney,Julia,0.0,0.0,4.0,4.0,2.0,0.0,2.0,2.0,0.0,,,,,,,1.0,,,,,,,,,,,8,1,2020_Jan_14_1048,FaceNameBlocked_revised,3.0.0,75.02720073651884,,NaN
97,Fem3Block.csv,Danielle2.mp4,Danielle.JPG,Danielle,7.0,F,Danielle,Kayla,Alyssa,Brittany,Natalie,Megan,Sarah,Nicole,Courtney,Julia,0.0,0.0,4.0,4.0,2.0,,,,,0.0,6.0,6.0,0.0,,,,,, danielle,"['d', 'a', 'n', 'i', 'e', 'l', 'l', 'e']","[3.987827101000221, 4.454044921000786, 4.653701662000458, 4.814191122000011, 4.9879160570008025, 5.133869287999914, 5.267884628000502, 5.387538754000161]",2.0,2.0,1.4948388729999351,,,8,1,2020_Jan_14_1048,FaceNameBlocked_revised,3.0.0,75.02720073651884,,3.9878271
2,Male1Block.csv,David2.mp4,David.JPG,David,39.0,M,Bradley,Aaron,Steven,Kevin,David,Matthew,Brian,Nathan,Tyler,Adam,4.0,0.0,0.0,0.0,3.0,0.0,1.0,1.0,4.0,,,,,,,0.0,,,,,,,,,,,8,1,2020_Jan_14_1048,FaceNameBlocked_revised,3.0.0,75.02720073651884,,NaN
16,Male1Block.csv,David2.mp4,David.JPG,David,39.0,M,Bradley,Aaron,Steven,Kevin,David,Matthew,Brian,Nathan,Tyler,Adam,4.0,0.0,0.0,0.0,3.0,,,,,0.0,5.0,5.0,4.0,,,,,, ,None,,3.0,3.0,6.053215910999825,,,8,1,2020_Jan_14_1048,FaceNameBlocked_revised,3.0.0,75.02720073651884,,NaN
106,Male3Block.csv,Dylan3.mp4,Dylan.JPG,Dylan,40.0,M,Josh,Timothy,Cody,Mark,Jacob,Trevor,Kyle,Dylan,Justin,Ethan,7.0,0.0,5.0,5.0,5.0,0.0,5.0,5.0,7.0,,,,,,,0.0,,,,,,,,,,,8,1,2020_Jan_14_1048,FaceNameBlocked_revised,3.0.0,75.02720073651884,,NaN
115,Male3Block.csv,Dylan3.mp4,Dylan.JPG,Dylan,40.0,M,Josh,Timothy,Cody,Mark,Jacob,Trevor,Kyle,Dylan,Justin,Ethan,7.0,0.0,5.0,5.0,5.0,,,,,0.0,4.0,4.0,7.0,,,,,, ,None,,2.0,5.0,9.532974424999338,,,8,1,2020_Jan_14_1048,FaceNameBlocked_revised,3.0.0,75.02720073651884,,NaN
64,Fem1Block.csv,Emily5.mp4,Emily.JPG,Emily,8.0,F,Heather,Hannah,Rebecca,Emily,Taylor,Ashley,Michelle,Lauren,Shelby,Anna,3.0,0.0,3.0,3.0,0.0,0.0,3.0,3.0,3.0,,,,,,,1.0,,,,,,,,,,,8,1,2020_Jan_14_1048,FaceNameBlocked_revised,3.0.0,75.02720073651884,,NaN
74,Fem1Block.csv,Emily5.mp4,Emily.JPG,Emily,8.0,F,Heather,Hannah,Rebecca,Emily,Taylor,Ashley,Michelle,Lauren,Shelby,Anna,3.0,0.0,3.0,3.0,0.0,,,,,0.0,3.0,3.0,3.0,,,,,, emily,"['e', 'm', 'm', 'backspace', 'i', 'l', 'y']","[7.385506810999686, 7.5454763509997065, 7.705820729999687, 8.317737622000095, 8.505161233999388, 8.705058235999786, 8.87854858999981]",4.0,4.0,3.719793750999997,,,8,1,2020_Jan_14_1048,FaceNameBlocked_revised,3.0.0,75.02720073651884,,7.3855068
57,Male2Block.csv,Eric2.mp4,Eric.JPG,Eric,41.0,M,Jeremy,Jason,Noah,Caleb,Michael,Daniel,Brandon,Eric,Andrew,Thomas,7.0,0.0,2.0,2.0,4.0,,,,,0.0,6.0,6.0,7.0,,,,,, eric,"['e', 'r', 'i', 'c']","[2.8795618599997397, 3.0146538770004554, 3.1991916309998487, 3.374602234000122]",3.0,3.0,1.4279319429997486,,,8,1,2020_Jan_14_1048,FaceNameBlocked_revised,3.0.0,75.02720073651884,,2.8795618
50,Male2Block.csv,Eric2.mp4,Eric.JPG,Eric,41.0,M,Jeremy,Jason,Noah,Caleb,Michael,Daniel,Brandon,Eric,Andrew,Thomas,7.0,0.0,2.0,2.0,4.0,0.0,9.0,9.0,7.0,,,,,,,0.0,,,,,,,,,,,8,1,2020_Jan_14_1048,FaceNameBlocked_revised,3.0.0,75.02720073651884,,NaN
114,Male3Block.csv,Ethan2.mp4,Ethan.JPG,Ethan,42.0,M,Josh,Timothy,Cody,Mark,Jacob,Trevor,Kyle,Dylan,Justin,Ethan,9.0,0.0,5.0,5.0,5.0,,,,,0.0,3.0,3.0,9.0,,,,,, ethan,"['e', 't', 'h', 'a', 'n']","[4.601329328000247, 4.8274447029998555, 5.041320961000565, 5.293582344000242, 5.69403358100044]",5.0,5.0,3.3590850729997332,,,8,1,2020_Jan_14_1048,FaceNameBlocked_revised,3.0.0,75.02720073651884,,4.6013293
109,Male3Block.csv,Ethan2.mp4,Ethan.JPG,Ethan,42.0,M,Josh,Timothy,Cody,Mark,Jacob,Trevor,Kyle,Dylan,Justin,Ethan,9.0,0.0,5.0,5.0,5.0,0.0,8.0,8.0,9.0,,,,,,,1.0,,,,,,,,,,,8,1,2020_Jan_14_1048,FaceNameBlocked_revised,3.0.0,75.02720073651884,,NaN
27,Fem2Block.csv,Grace3.mp4,Grace.JPG,Grace,9.0,F,Jessica,Rachel,Amanda,Olivia,Katie,Grace,Brianna,Kelsey,Jenna,Haley,5.0,0.0,1.0,1.0,1.0,0.0,6.0,6.0,5.0,,,,,,,0.0,,,,,,,,,,,8,1,2020_Jan_14_1048,FaceNameBlocked_revised,3.0.0,75.02720073651884,,NaN
37,Fem2Block.csv,Grace3.mp4,Grace.JPG,Grace,9.0,F,Jessica,Rachel,Amanda,Olivia,Katie,Grace,Brianna,Kelsey,Jenna,Haley,5.0,0.0,1.0,1.0,1.0,,,,,0.0,6.0,6.0,5.0,,,,,, grace,"['g', 'r', 'a', 'c', 'e']","[1.735316297999816, 1.8416532679993907, 1.9352230939994115, 2.2150426509997487, 2.454878197999278]",3.0,3.0,1.213300946000345,,,8,1,2020_Jan_14_1048,FaceNameBlocked_revised,3.0.0,75.02720073651884,,1.7353162
34,Fem2Block.csv,Haley2.mp4,Haley.JPG,Haley,10.0,F,Jessica,Rachel,Amanda,Olivia,Katie,Grace,Brianna,Kelsey,Jenna,Haley,9.0,0.0,1.0,1.0,1.0,,,,,0.0,3.0,3.0,9.0,,,,,, ,"['a', 'b', 'i', 'g', 'a', 'i', 'semicolon', 'backspace', 'backspace', 'backspace', 'backspace', 'backspace', 'backspace']","[3.8937126200007697, 4.080558217000544, 4.200863865999963, 4.399729289000788, 4.440449393000563, 4.587178628000402, 5.052970893000747, 5.478880479000509, 6.518844991000151, 6.732728848000079, 6.878688613000122, 7.064398270000311, 7.21255728899996]",3.0,1.0,7.50629656000001,,,8,1,2020_Jan_14_1048,FaceNameBlocked_revised,3.0.0,75.02720073651884,,3.8937126
22,Fem2Block.csv,Haley2.mp4,Haley.JPG,Haley,10.0,F,Jessica,Rachel,Amanda,Olivia,Katie,Grace,Brianna,Kelsey,Jenna,Haley,9.0,0.0,1.0,1.0,1.0,0.0,1.0,1.0,9.0,,,,,,,1.0,,,,,,,,,,,8,1,2020_Jan_14_1048,FaceNameBlocked_revised,3.0.0,75.02720073651884,,NaN
68,Fem1Block.csv,Hannah2.mp4,Hannah.JPG,Hannah,11.0,F,Heather,Hannah,Rebecca,Emily,Taylor,Ashley,Michelle,Lauren,Shelby,Anna,1.0,0.0,3.0,3.0,0.0,0.0,7.0,7.0,1.0,,,,,,,0.0,,,,,,,,,,,8,1,2020_Jan_14_1048,FaceNameBlocked_revised,3.0.0,75.02720073651884,,NaN
77,Fem1Block.csv,Hannah2.mp4,Hannah.JPG,Hannah,11.0,F,Heather,Hannah,Rebecca,Emily,Taylor,Ashley,Michelle,Lauren,Shelby,Anna,1.0,0.0,3.0,3.0,0.0,,,,,0.0,6.0,6.0,1.0,,,,,, anna,"['a', 'n', 'n', 'a']","[4.507569483000225, 4.654011050000008, 4.800215261000631, 4.894086346999757]",3.0,3.0,8.000005826000233,,,8,1,2020_Jan_14_1048,FaceNameBlocked_revised,3.0.0,75.02720073651884,,4.5075694
69,Fem1Block.csv,Heather3.mp4,Heather.JPG,Heather,12.0,F,Heather,Hannah,Rebecca,Emily,Taylor,Ashley,Michelle,Lauren,Shelby,Anna,0.0,0.0,3.0,3.0,0.0,0.0,8.0,8.0,0.0,,,,,,,1.0,,,,,,,,,,,8,1,2020_Jan_14_1048,FaceNameBlocked_revised,3.0.0,75.02720073651884,,NaN
80,Fem1Block.csv,Heather3.mp4,Heather.JPG,Heather,12.0,F,Heather,Hannah,Rebecca,Emily,Taylor,Ashley,Michelle,Lauren,Shelby,Anna,0.0,0.0,3.0,3.0,0.0,,,,,0.0,9.0,9.0,0.0,,,,,, heather,"['h', 'e', 'a', 't', 'h', 'e', 'r']","[1.5485320730003878, 1.6547777759997189, 1.7617270119999375, 2.0817166619999625, 2.2417230780001773, 2.3749225569999908, 2.494813921000059]",2.0,2.0,2.1882443790000248,,,8,1,2020_Jan_14_1048,FaceNameBlocked_revised,3.0.0,75.02720073651884,,1.5485320
119,Male3Block.csv,Jacob3.mp4,Jacob.JPG,Jacob,43.0,M,Josh,Timothy,Cody,Mark,Jacob,Trevor,Kyle,Dylan,Justin,Ethan,4.0,0.0,5.0,5.0,5.0,,,,,0.0,8.0,8.0,4.0,,,,,, ,None,,4.0,5.0,5.8937207239996505,,,8,1,2020_Jan_14_1048,FaceNameBlocked_revised,3.0.0,75.02720073651884,,NaN
108,Male3Block.csv,Jacob3.mp4,Jacob.JPG,Jacob,43.0,M,Josh,Timothy,Cody,Mark,Jacob,Trevor,Kyle,Dylan,Justin,Ethan,4.0,0.0,5.0,5.0,5.0,0.0,7.0,7.0,4.0,,,,,,,0.0,,,,,,,,,,,8,1,2020_Jan_14_1048,FaceNameBlocked_revised,3.0.0,75.02720073651884,,NaN
44,Male2Block.csv,Jason4.mp4,Jason.JPG,Jason,44.0,M,Jeremy,Jason,Noah,Caleb,Michael,Daniel,Brandon,Eric,Andrew,Thomas,1.0,0.0,2.0,2.0,4.0,0.0,3.0,3.0,1.0,,,,,,,0.0,,,,,,,,,,,8,1,2020_Jan_14_1048,FaceNameBlocked_revised,3.0.0,75.02720073651884,,NaN
58,Male2Block.csv,Jason4.mp4,Jason.JPG,Jason,44.0,M,Jeremy,Jason,Noah,Caleb,Michael,Daniel,Brandon,Eric,Andrew,Thomas,1.0,0.0,2.0,2.0,4.0,,,,,0.0,7.0,7.0,1.0,,,,,, jason,"['j', 'a', 's', 'o', 'n']","[2.6401365560004706, 2.855204811000476, 3.041213434999918, 3.148623494000276, 3.2949456289998125]",2.0,2.0,1.3885632649999025,,,8,1,2020_Jan_14_1048,FaceNameBlocked_revised,3.0.0,75.02720073651884,,2.6401365
33,Fem2Block.csv,Jenna4.mp4,Jenna.JPG,Jenna,13.0,F,Jessica,Rachel,Amanda,Olivia,Katie,Grace,Brianna,Kelsey,Jenna,Haley,8.0,0.0,1.0,1.0,1.0,,,,,0.0,2.0,2.0,8.0,,,,,, jenna,"['j', 'e', 'n', 'n', 'a']","[3.295564607000415, 4.174668573000417, 4.467296916000123, 4.654719922999902, 4.814514573999986]",3.0,3.0,4.839051617000223,,,8,1,2020_Jan_14_1048,FaceNameBlocked_revised,3.0.0,75.02720073651884,,3.2955646
29,Fem2Block.csv,Jenna4.mp4,Jenna.JPG,Jenna,13.0,F,Jessica,Rachel,Amanda,Olivia,Katie,Grace,Brianna,Kelsey,Jenna,Haley,8.0,0.0,1.0,1.0,1.0,0.0,8.0,8.0,8.0,,,,,,,1.0,,,,,,,,,,,8,1,2020_Jan_14_1048,FaceNameBlocked_revised,3.0.0,75.02720073651884,,NaN
46,Male2Block.csv,Jeremy2.mp4,Jeremy.JPG,Jeremy,45.0,M,Jeremy,Jason,Noah,Caleb,Michael,Daniel,Brandon,Eric,Andrew,Thomas,0.0,0.0,2.0,2.0,4.0,0.0,5.0,5.0,0.0,,,,,,,1.0,,,,,,,,,,,8,1,2020_Jan_14_1048,FaceNameBlocked_revised,3.0.0,75.02720073651884,,NaN
53,Male2Block.csv,Jeremy2.mp4,Jeremy.JPG,Jeremy,45.0,M,Jeremy,Jason,Noah,Caleb,Michael,Daniel,Brandon,Eric,Andrew,Thomas,0.0,0.0,2.0,2.0,4.0,,,,,0.0,2.0,2.0,0.0,,,,,, jeremy,"['j', 'e', 'r', 'e', 'm', 'y']","[1.932737516999623, 2.132653798999854, 2.2801361259998885, 2.4931744159994196, 2.626535888000035, 3.092856813000253]",3.0,3.0,1.1495968499993978,,,8,1,2020_Jan_14_1048,FaceNameBlocked_revised,3.0.0,75.02720073651884,,1.9327375
38,Fem2Block.csv,Jessica2.mp4,Jessica.JPG,Jessica,14.0,F,Jessica,Rachel,Amanda,Olivia,Katie,Grace,Brianna,Kelsey,Jenna,Haley,0.0,0.0,1.0,1.0,1.0,,,,,0.0,7.0,7.0,0.0,,,,,, jessica,"['j', 'e', 's', 's', 'i', 'c', 'a']","[1.9352010190004876, 2.1087811899997178, 2.30879903999994, 2.4419449630004237, 2.5489149280001584, 2.668710756999644, 2.8022242460001507]",4.0,4.0,1.682632890000605,,,8,1,2020_Jan_14_1048,FaceNameBlocked_revised,3.0.0,75.02720073651884,,1.9352010
23,Fem2Block.csv,Jessica2.mp4,Jessica.JPG,Jessica,14.0,F,Jessica,Rachel,Amanda,Olivia,Katie,Grace,Brianna,Kelsey,Jenna,Haley,0.0,0.0,1.0,1.0,1.0,0.0,2.0,2.0,0.0,,,,,,,1.0,,,,,,,,,,,8,1,2020_Jan_14_1048,FaceNameBlocked_revised,3.0.0,75.02720073651884,,NaN
116,Male3Block.csv,Josh3.mp4,Josh.JPG,Josh,46.0,M,Josh,Timothy,Cody,Mark,Jacob,Trevor,Kyle,Dylan,Justin,Ethan,0.0,0.0,5.0,5.0,5.0,,,,,0.0,5.0,5.0,0.0,,,,,, ,None,,2.0,2.0,8.3323172599994,,,8,1,2020_Jan_14_1048,FaceNameBlocked_revised,3.0.0,75.02720073651884,,NaN
107,Male3Block.csv,Josh3.mp4,Josh.JPG,Josh,46.0,M,Josh,Timothy,Cody,Mark,Jacob,Trevor,Kyle,Dylan,Justin,Ethan,0.0,0.0,5.0,5.0,5.0,0.0,6.0,6.0,0.0,,,,,,,1.0,,,,,,,,,,,8,1,2020_Jan_14_1048,FaceNameBlocked_revised,3.0.0,75.02720073651884,,NaN
100,Fem3Block.csv,Julia2.mp4,Julia.JPG,Julia,15.0,F,Danielle,Kayla,Alyssa,Brittany,Natalie,Megan,Sarah,Nicole,Courtney,Julia,9.0,0.0,4.0,4.0,2.0,,,,,0.0,9.0,9.0,9.0,,,,,, ,None,,4.0,4.0,8.638880606999919,,,8,1,2020_Jan_14_1048,FaceNameBlocked_revised,3.0.0,75.02720073651884,,NaN
81,Fem3Block.csv,Julia2.mp4,Julia.JPG,Julia,15.0,F,Danielle,Kayla,Alyssa,Brittany,Natalie,Megan,Sarah,Nicole,Courtney,Julia,9.0,0.0,4.0,4.0,2.0,0.0,0.0,0.0,9.0,,,,,,,1.0,,,,,,,,,,,8,1,2020_Jan_14_1048,FaceNameBlocked_revised,3.0.0,75.02720073651884,,NaN
113,Male3Block.csv,Justin2.mp4,Justin.JPG,Justin,47.0,M,Josh,Timothy,Cody,Mark,Jacob,Trevor,Kyle,Dylan,Justin,Ethan,8.0,0.0,5.0,5.0,5.0,,,,,0.0,2.0,2.0,8.0,,,,,, trevor,"['t', 'r', 'e', 'v', 'o', 'r']","[6.226994319999903, 6.413011470000129, 6.584567840000091, 7.692746949000139, 8.025797312000577, 8.30572522500006]",2.0,2.0,1.972120827999788,,,8,1,2020_Jan_14_1048,FaceNameBlocked_revised,3.0.0,75.02720073651884,,6.2269943
101,Male3Block.csv,Justin2.mp4,Justin.JPG,Justin,47.0,M,Josh,Timothy,Cody,Mark,Jacob,Trevor,Kyle,Dylan,Justin,Ethan,8.0,0.0,5.0,5.0,5.0,0.0,0.0,0.0,8.0,,,,,,,1.0,,,,,,,,,,,8,1,2020_Jan_14_1048,FaceNameBlocked_revised,3.0.0,75.02720073651884,,NaN
28,Fem2Block.csv,Katie2.mp4,Katie.JPG,Katie,16.0,F,Jessica,Rachel,Amanda,Olivia,Katie,Grace,Brianna,Kelsey,Jenna,Haley,4.0,0.0,1.0,1.0,1.0,0.0,7.0,7.0,4.0,,,,,,,0.0,,,,,,,,,,,8,1,2020_Jan_14_1048,FaceNameBlocked_revised,3.0.0,75.02720073651884,,NaN
39,Fem2Block.csv,Katie2.mp4,Katie.JPG,Katie,16.0,F,Jessica,Rachel,Amanda,Olivia,Katie,Grace,Brianna,Kelsey,Jenna,Haley,4.0,0.0,1.0,1.0,1.0,,,,,0.0,8.0,8.0,4.0,,,,,, ,None,,3.0,4.0,9.062316922999344,,,8,1,2020_Jan_14_1048,FaceNameBlocked_revised,3.0.0,75.02720073651884,,NaN
89,Fem3Block.csv,Kayla3.mp4,Kayla.JPG,Kayla,17.0,F,Danielle,Kayla,Alyssa,Brittany,Natalie,Megan,Sarah,Nicole,Courtney,Julia,1.0,0.0,4.0,4.0,2.0,0.0,8.0,8.0,1.0,,,,,,,0.0,,,,,,,,,,,8,1,2020_Jan_14_1048,FaceNameBlocked_revised,3.0.0,75.02720073651884,,NaN
92,Fem3Block.csv,Kayla3.mp4,Kayla.JPG,Kayla,17.0,F,Danielle,Kayla,Alyssa,Brittany,Natalie,Megan,Sarah,Nicole,Courtney,Julia,1.0,0.0,4.0,4.0,2.0,,,,,0.0,1.0,1.0,1.0,,,,,, kayla,"['k', 'a', 'y', 'l', 'a']","[1.6154390629999398, 2.734917936999409, 3.0016239340002357, 3.3078594909993626, 3.4418366660001993]",3.0,3.0,1.6947503409992353,,,8,1,2020_Jan_14_1048,FaceNameBlocked_revised,3.0.0,75.02720073651884,,1.6154390
32,Fem2Block.csv,Kelsey2.mp4,Kelsey.JPG,Kelsey,18.0,F,Jessica,Rachel,Amanda,Olivia,Katie,Grace,Brianna,Kelsey,Jenna,Haley,7.0,0.0,1.0,1.0,1.0,,,,,0.0,1.0,1.0,7.0,,,,,, kelsey,"['k', 'e', 'l', 's', 'i', 'backspace', 'e', 'y', 'backspace', 'backspace', 'i', 'backspace', 'e', 'y']","[1.547149879999779, 1.7608458430004248, 1.893759487999887, 2.1318553979999706, 2.2269708570001967, 2.9860551020001367, 3.199932584000635, 3.332839215000604, 3.9457974130000366, 4.132160383000155, 4.306296454000403, 6.7581241890002275, 7.4519496210004945, 7.545663289000004]",3.0,3.0,1.6805812249995142,,,8,1,2020_Jan_14_1048,FaceNameBlocked_revised,3.0.0,75.02720073651884,,1.5471498
26,Fem2Block.csv,Kelsey2.mp4,Kelsey.JPG,Kelsey,18.0,F,Jessica,Rachel,Amanda,Olivia,Katie,Grace,Brianna,Kelsey,Jenna,Haley,7.0,0.0,1.0,1.0,1.0,0.0,5.0,5.0,7.0,,,,,,,0.0,,,,,,,,,,,8,1,2020_Jan_14_1048,FaceNameBlocked_revised,3.0.0,75.02720073651884,,NaN
8,Male1Block.csv,Kevin2.mp4,Kevin.JPG,Kevin,48.0,M,Bradley,Aaron,Steven,Kevin,David,Matthew,Brian,Nathan,Tyler,Adam,3.0,0.0,0.0,0.0,3.0,0.0,7.0,7.0,3.0,,,,,,,1.0,,,,,,,,,,,8,1,2020_Jan_14_1048,FaceNameBlocked_revised,3.0.0,75.02720073651884,,NaN
14,Male1Block.csv,Kevin2.mp4,Kevin.JPG,Kevin,48.0,M,Bradley,Aaron,Steven,Kevin,David,Matthew,Brian,Nathan,Tyler,Adam,3.0,0.0,0.0,0.0,3.0,,,,,0.0,3.0,3.0,3.0,,,,,, steven,"['s', 't', 'e', 'e', 'backspace', 'v', 'e', 'n']","[2.720747214000312, 2.9482799249999516, 3.0015799880002305, 3.867817465999906, 4.27961139800027, 4.428046297000037, 4.520346601000256, 4.666586450000068]",2.0,2.0,8.438437149000036,,,8,1,2020_Jan_14_1048,FaceNameBlocked_revised,3.0.0,75.02720073651884,,2.7207472
112,Male3Block.csv,Kyle3.mp4,Kyle.JPG,Kyle,49.0,M,Josh,Timothy,Cody,Mark,Jacob,Trevor,Kyle,Dylan,Justin,Ethan,6.0,0.0,5.0,5.0,5.0,,,,,0.0,1.0,1.0,6.0,,,,,, kyle,"['k', 'y', 'l', 'e']","[2.494166084000426, 2.8148716340001556, 3.0392512570006147, 3.3209063889999015]",4.0,4.0,1.7074499689997538,,,8,1,2020_Jan_14_1048,FaceNameBlocked_revised,3.0.0,75.02720073651884,,2.4941660
110,Male3Block.csv,Kyle3.mp4,Kyle.JPG,Kyle,49.0,M,Josh,Timothy,Cody,Mark,Jacob,Trevor,Kyle,Dylan,Justin,Ethan,6.0,0.0,5.0,5.0,5.0,0.0,9.0,9.0,6.0,,,,,,,0.0,,,,,,,,,,,8,1,2020_Jan_14_1048,FaceNameBlocked_revised,3.0.0,75.02720073651884,,NaN
79,Fem1Block.csv,Lauren4.mp4,Lauren.JPG,Lauren,19.0,F,Heather,Hannah,Rebecca,Emily,Taylor,Ashley,Michelle,Lauren,Shelby,Anna,7.0,0.0,3.0,3.0,0.0,,,,,0.0,8.0,8.0,7.0,,,,,,lauren,"['a', 'n', 'n', 'backspace', 'backspace', 'backspace', 'backspace', 'a', 'l', 'backspace', 'backspace', 'l', 'a', 'u', 'r', 'e', 'n']","[1.2825886569999057, 1.442534335000346, 1.5752720159998717, 1.9618805340005565, 2.1086957710003844, 2.255059314999926, 2.361471586999869, 2.669066326000575, 2.7359399550005037, 2.9473506510003062, 3.0947554730000775, 3.3358204940004725, 3.48180183400018, 3.6019275870003185, 3.761743819000003, 3.842167772000721, 3.9080781450002178]",4.0,4.0,1.6413345250002749,,,8,1,2020_Jan_14_1048,FaceNameBlocked_revised,3.0.0,75.02720073651884,,1.2825886
63,Fem1Block.csv,Lauren4.mp4,Lauren.JPG,Lauren,19.0,F,Heather,Hannah,Rebecca,Emily,Taylor,Ashley,Michelle,Lauren,Shelby,Anna,7.0,0.0,3.0,3.0,0.0,0.0,2.0,2.0,7.0,,,,,,,0.0,,,,,,,,,,,8,1,2020_Jan_14_1048,FaceNameBlocked_revised,3.0.0,75.02720073651884,,NaN
104,Male3Block.csv,Mark3.mp4,Mark.JPG,Mark,50.0,M,Josh,Timothy,Cody,Mark,Jacob,Trevor,Kyle,Dylan,Justin,Ethan,3.0,0.0,5.0,5.0,5.0,0.0,3.0,3.0,3.0,,,,,,,1.0,,,,,,,,,,,8,1,2020_Jan_14_1048,FaceNameBlocked_revised,3.0.0,75.02720073651884,,NaN
120,Male3Block.csv,Mark3.mp4,Mark.JPG,Mark,50.0,M,Josh,Timothy,Cody,Mark,Jacob,Trevor,Kyle,Dylan,Justin,Ethan,3.0,0.0,5.0,5.0,5.0,,,,,0.0,9.0,9.0,3.0,,,,,, mark,"['m', 'a', 'r', 'k']","[1.78768755100009, 2.4416362170004504, 2.639904538999872, 3.359890465000717]",2.0,2.0,1.442433477999657,,,8,1,2020_Jan_14_1048,FaceNameBlocked_revised,3.0.0,75.02720073651884,,1.7876875
4,Male1Block.csv,Matthew2.mp4,Matthew.JPG,Matthew,51.0,M,Bradley,Aaron,Steven,Kevin,David,Matthew,Brian,Nathan,Tyler,Adam,5.0,0.0,0.0,0.0,3.0,0.0,3.0,3.0,5.0,,,,,,,0.0,,,,,,,,,,,8,1,2020_Jan_14_1048,FaceNameBlocked_revised,3.0.0,75.02720073651884,,NaN
13,Male1Block.csv,Matthew2.mp4,Matthew.JPG,Matthew,51.0,M,Bradley,Aaron,Steven,Kevin,David,Matthew,Brian,Nathan,Tyler,Adam,5.0,0.0,0.0,0.0,3.0,,,,,0.0,2.0,2.0,5.0,,,,,, ,None,,5.0,2.0,10.731484564999846,,,8,1,2020_Jan_14_1048,FaceNameBlocked_revised,3.0.0,75.02720073651884,,NaN
99,Fem3Block.csv,Megan2.mp4,Megan.JPG,Megan,20.0,F,Danielle,Kayla,Alyssa,Brittany,Natalie,Megan,Sarah,Nicole,Courtney,Julia,5.0,0.0,4.0,4.0,2.0,,,,,0.0,8.0,8.0,5.0,,,,,, ,None,,3.0,3.0,5.3610672349996085,,,8,1,2020_Jan_14_1048,FaceNameBlocked_revised,3.0.0,75.02720073651884,,NaN
86,Fem3Block.csv,Megan2.mp4,Megan.JPG,Megan,20.0,F,Danielle,Kayla,Alyssa,Brittany,Natalie,Megan,Sarah,Nicole,Courtney,Julia,5.0,0.0,4.0,4.0,2.0,0.0,5.0,5.0,5.0,,,,,,,0.0,,,,,,,,,,,8,1,2020_Jan_14_1048,FaceNameBlocked_revised,3.0.0,75.02720073651884,,NaN
59,Male2Block.csv,Michael2.mp4,Michael.JPG,Michael,52.0,M,Jeremy,Jason,Noah,Caleb,Michael,Daniel,Brandon,Eric,Andrew,Thomas,4.0,0.0,2.0,2.0,4.0,,,,,0.0,8.0,8.0,4.0,,,,,, michael,"['m', 'i', 'c', 'h', 'a', 'e', 'l']","[1.735521098999925, 1.9356279839994386, 2.095470622999528, 2.215253577999647, 2.3217201190000196, 2.5218151299995952, 2.6145399469996846]",2.0,2.0,1.3343001360008202,,,8,1,2020_Jan_14_1048,FaceNameBlocked_revised,3.0.0,75.02720073651884,,1.7355210
43,Male2Block.csv,Michael2.mp4,Michael.JPG,Michael,52.0,M,Jeremy,Jason,Noah,Caleb,Michael,Daniel,Brandon,Eric,Andrew,Thomas,4.0,0.0,2.0,2.0,4.0,0.0,2.0,2.0,4.0,,,,,,,0.0,,,,,,,,,,,8,1,2020_Jan_14_1048,FaceNameBlocked_revised,3.0.0,75.02720073651884,,NaN
71,Fem1Block.csv,Michelle2.mp4,Michelle.JPG,Michelle,21.0,F,Heather,Hannah,Rebecca,Emily,Taylor,Ashley,Michelle,Lauren,Shelby,Anna,6.0,0.0,3.0,3.0,0.0,,,,,0.0,0.0,0.0,6.0,,,,space,2.8948307849996127, ichel,"['i', 'c', 'h', 'e', 'l']","[9.332947253999919, 9.519939289999456, 9.639911683999344, 9.74577990599937, 9.879712760000075]",3.0,3.0,1.1893385610001133,,,8,1,2020_Jan_14_1048,FaceNameBlocked_revised,3.0.0,75.02720073651884,,9.3329472
66,Fem1Block.csv,Michelle2.mp4,Michelle.JPG,Michelle,21.0,F,Heather,Hannah,Rebecca,Emily,Taylor,Ashley,Michelle,Lauren,Shelby,Anna,6.0,0.0,3.0,3.0,0.0,0.0,5.0,5.0,6.0,,,,,,,0.0,,,,,,,,,,,8,1,2020_Jan_14_1048,FaceNameBlocked_revised,3.0.0,75.02720073651884,,NaN
93,Fem3Block.csv,Natalie3.mp4,Natalie.JPG,Natalie,22.0,F,Danielle,Kayla,Alyssa,Brittany,Natalie,Megan,Sarah,Nicole,Courtney,Julia,4.0,0.0,4.0,4.0,2.0,,,,,0.0,2.0,2.0,4.0,,,,,, natalie,"['n', 'a', 't', 'a', 'l', 'i', 'e']","[5.3336631840002156, 5.640611089000231, 5.800520105000032, 5.920540543000243, 6.053435267999703, 6.1871670780001295, 6.294263251999837]",1.0,3.0,9.517751006999788,,,8,1,2020_Jan_14_1048,FaceNameBlocked_revised,3.0.0,75.02720073651884,,5.3336631
85,Fem3Block.csv,Natalie3.mp4,Natalie.JPG,Natalie,22.0,F,Danielle,Kayla,Alyssa,Brittany,Natalie,Megan,Sarah,Nicole,Courtney,Julia,4.0,0.0,4.0,4.0,2.0,0.0,4.0,4.0,4.0,,,,,,,0.0,,,,,,,,,,,8,1,2020_Jan_14_1048,FaceNameBlocked_revised,3.0.0,75.02720073651884,,NaN
7,Male1Block.csv,Nathan3.mp4,Nathan.JPG,Nathan,53.0,M,Bradley,Aaron,Steven,Kevin,David,Matthew,Brian,Nathan,Tyler,Adam,7.0,0.0,0.0,0.0,3.0,0.0,6.0,6.0,7.0,,,,,,,0.0,,,,,,,,,,,8,1,2020_Jan_14_1048,FaceNameBlocked_revised,3.0.0,75.02720073651884,,NaN
18,Male1Block.csv,Nathan3.mp4,Nathan.JPG,Nathan,53.0,M,Bradley,Aaron,Steven,Kevin,David,Matthew,Brian,Nathan,Tyler,Adam,7.0,0.0,0.0,0.0,3.0,,,,,0.0,7.0,7.0,7.0,,,,,, matthew,"['m', 'a', 't', 't', 'h', 'e', 'w']","[1.8946421099999498, 2.014190359999702, 2.6945130599997356, 2.907707515999846, 3.014128733999769, 3.2545135989998926, 3.3744269069998154]",1.0,3.0,7.836038962999737,,,8,1,2020_Jan_14_1048,FaceNameBlocked_revised,3.0.0,75.02720073651884,,1.8946421
90,Fem3Block.csv,Nicole2.mp4,Nicole.JPG,Nicole,23.0,F,Danielle,Kayla,Alyssa,Brittany,Natalie,Megan,Sarah,Nicole,Courtney,Julia,7.0,0.0,4.0,4.0,2.0,0.0,9.0,9.0,7.0,,,,,,,0.0,,,,,,,,,,,8,1,2020_Jan_14_1048,FaceNameBlocked_revised,3.0.0,75.02720073651884,,NaN
91,Fem3Block.csv,Nicole2.mp4,Nicole.JPG,Nicole,23.0,F,Danielle,Kayla,Alyssa,Brittany,Natalie,Megan,Sarah,Nicole,Courtney,Julia,7.0,0.0,4.0,4.0,2.0,,,,,0.0,0.0,0.0,7.0,,,,space,1.9090017359994815, natalie,"['n', 'a', 't', 'a', 'l', 'i', 'e']","[2.5081072000002678, 2.6937486209999406, 2.8677167919995554, 3.001162866999948, 3.160995727000227, 3.3343920480001543, 3.466831751999962]",4.0,5.0,4.9051487859997005,,,8,1,2020_Jan_14_1048,FaceNameBlocked_revised,3.0.0,75.02720073651884,,2.5081072
45,Male2Block.csv,Noah2.mp4,Noah.JPG,Noah,54.0,M,Jeremy,Jason,Noah,Caleb,Michael,Daniel,Brandon,Eric,Andrew,Thomas,2.0,0.0,2.0,2.0,4.0,0.0,4.0,4.0,2.0,,,,,,,1.0,,,,,,,,,,,8,1,2020_Jan_14_1048,FaceNameBlocked_revised,3.0.0,75.02720073651884,,NaN
51,Male2Block.csv,Noah2.mp4,Noah.JPG,Noah,54.0,M,Jeremy,Jason,Noah,Caleb,Michael,Daniel,Brandon,Eric,Andrew,Thomas,2.0,0.0,2.0,2.0,4.0,,,,,0.0,0.0,0.0,2.0,,,,space,3.2817532680001023, ,None,,3.0,5.0,6.5598927879991615,,,8,1,2020_Jan_14_1048,FaceNameBlocked_revised,3.0.0,75.02720073651884,,NaN
24,Fem2Block.csv,Olivia3.mp4,Olivia.JPG,Olivia,24.0,F,Jessica,Rachel,Amanda,Olivia,Katie,Grace,Brianna,Kelsey,Jenna,Haley,3.0,0.0,1.0,1.0,1.0,0.0,3.0,3.0,3.0,,,,,,,1.0,,,,,,,,,,,8,1,2020_Jan_14_1048,FaceNameBlocked_revised,3.0.0,75.02720073651884,,NaN
31,Fem2Block.csv,Olivia3.mp4,Olivia.JPG,Olivia,24.0,F,Jessica,Rachel,Amanda,Olivia,Katie,Grace,Brianna,Kelsey,Jenna,Haley,3.0,0.0,1.0,1.0,1.0,,,,,0.0,0.0,0.0,3.0,,,,space,11.159144612999627, ,None,,1.0,5.0,4.3346333290000985,,,8,1,2020_Jan_14_1048,FaceNameBlocked_revised,3.0.0,75.02720073651884,,NaN
25,Fem2Block.csv,Rachel3.mp4,Rachel.JPG,Rachel,25.0,F,Jessica,Rachel,Amanda,Olivia,Katie,Grace,Brianna,Kelsey,Jenna,Haley,1.0,0.0,1.0,1.0,1.0,0.0,4.0,4.0,1.0,,,,,,,0.0,,,,,,,,,,,8,1,2020_Jan_14_1048,FaceNameBlocked_revised,3.0.0,75.02720073651884,,NaN
40,Fem2Block.csv,Rachel3.mp4,Rachel.JPG,Rachel,25.0,F,Jessica,Rachel,Amanda,Olivia,Katie,Grace,Brianna,Kelsey,Jenna,Haley,1.0,0.0,1.0,1.0,1.0,,,,,0.0,9.0,9.0,1.0,,,,,, jenna,"['j', 'e', 'n', 'n', 'a']","[1.6817970869997225, 1.8417383770001834, 1.9746250319994942, 2.095385587000237, 2.188036331999683]",2.0,1.0,1.9351862270004856,,,8,1,2020_Jan_14_1048,FaceNameBlocked_revised,3.0.0,75.02720073651884,,1.6817970
72,Fem1Block.csv,Rebecca3.mp4,Rebecca.JPG,Rebecca,26.0,F,Heather,Hannah,Rebecca,Emily,Taylor,Ashley,Michelle,Lauren,Shelby,Anna,2.0,0.0,3.0,3.0,0.0,,,,,0.0,1.0,1.0,2.0,,,,,, rebecca,"['r', 'e', 'b', 'e', 'c', 'c', 'a']","[3.761538592000761, 3.974411054000484, 4.0944975520005755, 4.2413589340003455, 4.468249082000511, 4.628576049000003, 4.774418259999948]",3.0,3.0,1.093194334000145,,,8,1,2020_Jan_14_1048,FaceNameBlocked_revised,3.0.0,75.02720073651884,,3.7615385
70,Fem1Block.csv,Rebecca3.mp4,Rebecca.JPG,Rebecca,26.0,F,Heather,Hannah,Rebecca,Emily,Taylor,Ashley,Michelle,Lauren,Shelby,Anna,2.0,0.0,3.0,3.0,0.0,0.0,9.0,9.0,2.0,,,,,,,1.0,,,,,,,,,,,8,1,2020_Jan_14_1048,FaceNameBlocked_revised,3.0.0,75.02720073651884,,NaN
96,Fem3Block.csv,Sarah2.mp4,Sarah.JPG,Sarah,27.0,F,Danielle,Kayla,Alyssa,Brittany,Natalie,Megan,Sarah,Nicole,Courtney,Julia,6.0,0.0,4.0,4.0,2.0,,,,,0.0,5.0,5.0,6.0,,,,,, sarah,"['s', 'a', 'r', 'a', 'h']","[3.87953076300073, 4.135026939999989, 4.334741439000027, 4.521499523000784, 4.841484101000788]",5.0,5.0,1.815834735999488,,,8,1,2020_Jan_14_1048,FaceNameBlocked_revised,3.0.0,75.02720073651884,,3.8795307
88,Fem3Block.csv,Sarah2.mp4,Sarah.JPG,Sarah,27.0,F,Danielle,Kayla,Alyssa,Brittany,Natalie,Megan,Sarah,Nicole,Courtney,Julia,6.0,0.0,4.0,4.0,2.0,0.0,7.0,7.0,6.0,,,,,,,0.0,,,,,,,,,,,8,1,2020_Jan_14_1048,FaceNameBlocked_revised,3.0.0,75.02720073651884,,NaN
76,Fem1Block.csv,Shelby2.mp4,Shelby.JPG,Shelby,28.0,F,Heather,Hannah,Rebecca,Emily,Taylor,Ashley,Michelle,Lauren,Shelby,Anna,8.0,0.0,3.0,3.0,0.0,,,,,0.0,5.0,5.0,8.0,,,,,, shelby,"['s', 'h', 'e', 'l', 'b', 'y']","[1.2414554619999763, 1.4013731439999901, 1.5745623709999563, 1.708100949999789, 2.052509877000375, 2.214235980000012]",4.0,4.0,1.6937787239994575,,,8,1,2020_Jan_14_1048,FaceNameBlocked_revised,3.0.0,75.02720073651884,,1.2414554
62,Fem1Block.csv,Shelby2.mp4,Shelby.JPG,Shelby,28.0,F,Heather,Hannah,Rebecca,Emily,Taylor,Ashley,Michelle,Lauren,Shelby,Anna,8.0,0.0,3.0,3.0,0.0,0.0,1.0,1.0,8.0,,,,,,,1.0,,,,,,,,,,,8,1,2020_Jan_14_1048,FaceNameBlocked_revised,3.0.0,75.02720073651884,,NaN
19,Male1Block.csv,Steven2.mp4,Steven.JPG,Steven,55.0,M,Bradley,Aaron,Steven,Kevin,David,Matthew,Brian,Nathan,Tyler,Adam,2.0,0.0,0.0,0.0,3.0,,,,,0.0,8.0,8.0,2.0,,,,,, ,None,,1.0,5.0,4.387545786999908,,,8,1,2020_Jan_14_1048,FaceNameBlocked_revised,3.0.0,75.02720073651884,,NaN
3,Male1Block.csv,Steven2.mp4,Steven.JPG,Steven,55.0,M,Bradley,Aaron,Steven,Kevin,David,Matthew,Brian,Nathan,Tyler,Adam,2.0,0.0,0.0,0.0,3.0,0.0,2.0,2.0,2.0,,,,,,,1.0,,,,,,,,,,,8,1,2020_Jan_14_1048,FaceNameBlocked_revised,3.0.0,75.02720073651884,,NaN
78,Fem1Block.csv,Taylor4.mp4,Taylor.JPG,Taylor,29.0,F,Heather,Hannah,Rebecca,Emily,Taylor,Ashley,Michelle,Lauren,Shelby,Anna,4.0,0.0,3.0,3.0,0.0,,,,,0.0,7.0,7.0,4.0,,,,,, taylor,"['t', 'a', 'y', 'l', 'o', 't', 'backspace', 'r']","[2.134963333000087, 2.3608711240003686, 2.694917295000778, 2.8537902430007307, 3.08107999799995, 3.3476981250005338, 4.3464588300003015, 4.480160114000682]",2.0,2.0,1.0416883429998052,,,8,1,2020_Jan_14_1048,FaceNameBlocked_revised,3.0.0,75.02720073651884,,2.1349633
61,Fem1Block.csv,Taylor4.mp4,Taylor.JPG,Taylor,29.0,F,Heather,Hannah,Rebecca,Emily,Taylor,Ashley,Michelle,Lauren,Shelby,Anna,4.0,0.0,3.0,3.0,0.0,0.0,0.0,0.0,4.0,,,,,,,0.0,,,,,,,,,,,8,1,2020_Jan_14_1048,FaceNameBlocked_revised,3.0.0,75.02720073651884,,NaN
42,Male2Block.csv,Thomas2.mp4,Thomas.JPG,Thomas,56.0,M,Jeremy,Jason,Noah,Caleb,Michael,Daniel,Brandon,Eric,Andrew,Thomas,9.0,0.0,2.0,2.0,4.0,0.0,1.0,1.0,9.0,,,,,,,1.0,,,,,,,,,,,8,1,2020_Jan_14_1048,FaceNameBlocked_revised,3.0.0,75.02720073651884,,NaN
60,Male2Block.csv,Thomas2.mp4,Thomas.JPG,Thomas,56.0,M,Jeremy,Jason,Noah,Caleb,Michael,Daniel,Brandon,Eric,Andrew,Thomas,9.0,0.0,2.0,2.0,4.0,,,,,0.0,9.0,9.0,9.0,,,,,, thomas,"['t', 'h', 'o', 'm', 'a', 's']","[2.988253335999616, 3.14812776799954, 3.3347611270000925, 3.6279467509993992, 3.907818386999679, 4.1322327369998675]",4.0,4.0,1.547993717999816,,,8,1,2020_Jan_14_1048,FaceNameBlocked_revised,3.0.0,75.02720073651884,,2.9882533
118,Male3Block.csv,Timothy3.mp4,Timothy.JPG,Timothy,57.0,M,Josh,Timothy,Cody,Mark,Jacob,Trevor,Kyle,Dylan,Justin,Ethan,1.0,0.0,5.0,5.0,5.0,,,,,0.0,7.0,7.0,1.0,,,,,, ,None,,5.0,5.0,5.121091456000614,,,8,1,2020_Jan_14_1048,FaceNameBlocked_revised,3.0.0,75.02720073651884,,NaN
105,Male3Block.csv,Timothy3.mp4,Timothy.JPG,Timothy,57.0,M,Josh,Timothy,Cody,Mark,Jacob,Trevor,Kyle,Dylan,Justin,Ethan,1.0,0.0,5.0,5.0,5.0,0.0,4.0,4.0,1.0,,,,,,,0.0,,,,,,,,,,,8,1,2020_Jan_14_1048,FaceNameBlocked_revised,3.0.0,75.02720073651884,,NaN
102,Male3Block.csv,Trevor2.mp4,Trevor.JPG,Trevor,58.0,M,Josh,Timothy,Cody,Mark,Jacob,Trevor,Kyle,Dylan,Justin,Ethan,5.0,0.0,5.0,5.0,5.0,0.0,1.0,1.0,5.0,,,,,,,0.0,,,,,,,,,,,8,1,2020_Jan_14_1048,FaceNameBlocked_revised,3.0.0,75.02720073651884,,NaN
117,Male3Block.csv,Trevor2.mp4,Trevor.JPG,Trevor,58.0,M,Josh,Timothy,Cody,Mark,Jacob,Trevor,Kyle,Dylan,Justin,Ethan,5.0,0.0,5.0,5.0,5.0,,,,,0.0,6.0,6.0,5.0,,,,,, ,None,,4.0,2.0,5.148342831000264,,,8,1,2020_Jan_14_1048,FaceNameBlocked_revised,3.0.0,75.02720073651884,,NaN
11,Male1Block.csv,Tyler3.mp4,Tyler.JPG,Tyler,59.0,M,Bradley,Aaron,Steven,Kevin,David,Matthew,Brian,Nathan,Tyler,Adam,8.0,0.0,0.0,0.0,3.0,,,,,0.0,0.0,0.0,8.0,,,,space,13.092235126000107, damen,"['d', 'a', 'm', 'e', 'd', 'backspace', 'n', 'return']","[6.9062843680003425, 6.987066577000405, 7.183987920000163, 7.319580359000156, 7.44001287600031, 7.985967308999989, 8.319776349000222, 9.024213126000177]",3.0,5.0,11.996707632999914,,,8,1,2020_Jan_14_1048,FaceNameBlocked_revised,3.0.0,75.02720073651884,,6.9062843
9,Male1Block.csv,Tyler3.mp4,Tyler.JPG,Tyler,59.0,M,Bradley,Aaron,Steven,Kevin,David,Matthew,Brian,Nathan,Tyler,Adam,8.0,0.0,0.0,0.0,3.0,0.0,8.0,8.0,8.0,,,,,,,1.0,,,,,,,,,,,8,1,2020_Jan_14_1048,FaceNameBlocked_revised,3.0.0,75.02720073651884,,NaN
0,,,,,,,,,,,,,,,,,,,,,,,,,,,,,,space,796.9024750110002,,,,,,,,,,,,8,1,2020_Jan_14_1048,FaceNameBlocked_revised,3.0.0,75.02720073651884,,NaN
121,,,,,,,,,,,,,,,,,,,,,,,,,,,,,,,,,,,,,,,,,space,125.54792385500059,8,1,2020_Jan_14_1048,FaceNameBlocked_revised,3.0.0,75.02720073651884,,NaN
