,condsFile,Video,Photo,Name,Row,Name2,blocks.thisRepN,blocks.thisTrialN,blocks.thisN,blocks.thisIndex,presentations.thisRepN,presentations.thisTrialN,presentations.thisN,presentations.thisIndex,testing.thisRepN,testing.thisTrialN,testing.thisN,testing.thisIndex,advance_1.keys,advance_1.rt,currentCond,judgementResp.keys,judgementResp.rt,advance_2.keys,advance_2.rt,inputText,key_resp_3.keys,key_resp_3.rt,,key_resp3_fin,rating_resp.keys,rating_resp.rt,end_key.keys,end_key.rt,participant,session,date,expName,psychopyVersion,frameRate,Unnamed: 38
44,FacesBlock2_v2.xlsx,Aaron.mp4,Aaron.JPG,Aaron,18,Աարոն,0,1,1,1,0,13,13,3,,,,,,,0,1,1.235620742,,,,,,,,,,,,10,1,2019_Aug_09_1240,FaceNameBlocked,3.0.0,60.07630123,
53,FacesBlock2_v2.xlsx,Aaron.mp4,Aaron.JPG,Aaron,18,Աարոն,0,1,1,1,,,,,0,7,7,3,,,,,,,,josh,"['j', 'o', 's', 'h']","[6.300447586007067, 6.583519542007707, 7.832674210003461, 7.933972027007258]",[6.30044,6.30044,1,0.802077524,,,10,1,2019_Aug_09_1240,FaceNameBlocked,3.0.0,60.07630123,
2,FacesBlock1_v2.xlsx,Adam.mp4,Adam.JPG,Adam,5,Ատամ,0,0,0,0,0,1,1,5,,,,,,,0,1,1.669083725,,,,,,,,,,,,10,1,2019_Aug_09_1240,FaceNameBlocked,3.0.0,60.07630123,
22,FacesBlock1_v2.xlsx,Adam.mp4,Adam.JPG,Adam,5,Ատամ,0,0,0,0,,,,,0,6,6,5,,,,,,,,adam,"['a', 'd', 'a', 'm']","[1.9192219249962363, 2.069121449996601, 2.1859374079940608, 2.9020515480078757]",[1.91922,1.91922,4,1.451922309,,,10,1,2019_Aug_09_1240,FaceNameBlocked,3.0.0,60.07630123,
116,FacesBlock4_v2.xlsx,Alyssa.mp4,Alyssa.JPG,Alyssa,55,Ալեսսա,0,3,3,3,,,,,0,10,10,10,,,,,,,,alyssa,"['a', 'l', 'y', 's', 's', 'a']","[1.135715768992668, 1.3520706599956611, 1.6684996789990691, 1.8356947799911723, 2.0023732429981465, 2.2020013029978145]",[1.13571,1.13571,4,0.518310592,,,10,1,2019_Aug_09_1240,FaceNameBlocked,3.0.0,60.07630123,
91,FacesBlock4_v2.xlsx,Alyssa.mp4,Alyssa.JPG,Alyssa,55,Ալեսսա,0,3,3,3,0,0,0,10,,,,,,,0,2,3.935099646,,,,,,,,,,,,10,1,2019_Aug_09_1240,FaceNameBlocked,3.0.0,60.07630123,
13,FacesBlock1_v2.xlsx,Amanda.mp4,Amanda.JPG,Amanda,2,Ամանտա,0,0,0,0,0,12,12,2,,,,,,,0,2,1.219438842,,,,,,,,,,,,10,1,2019_Aug_09_1240,FaceNameBlocked,3.0.0,60.07630123,
23,FacesBlock1_v2.xlsx,Amanda.mp4,Amanda.JPG,Amanda,2,Ամանտա,0,0,0,0,,,,,0,7,7,2,,,,,,,,melissa,"['m', 'e', 'l', 'i', 's', 's', 'a']","[2.2853670430049533, 2.433309187006671, 2.634601041994756, 2.935295085000689, 3.534161507996032, 3.7016325820004568, 3.9513372340006754]",[2.28536,2.28536,1,0.851944673,,,10,1,2019_Aug_09_1240,FaceNameBlocked,3.0.0,60.07630123,
100,FacesBlock4_v2.xlsx,Andrew.mp4,Andrew.JPG,Andrew,51,Անտրէվ,0,3,3,3,0,9,9,6,,,,,,,0,1,0.986322122,,,,,,,,,,,,10,1,2019_Aug_09_1240,FaceNameBlocked,3.0.0,60.07630123,
109,FacesBlock4_v2.xlsx,Andrew.mp4,Andrew.JPG,Andrew,51,Անտրէվ,0,3,3,3,,,,,0,3,3,6,,,,,,,,andrew,"['a', 'n', 'd', 'r', 'e', 'w']","[7.25001452100696, 7.350059482007055, 7.533092159006628, 7.733051489994978, 7.882683600997552, 7.999689894000767]",[7.25001,7.25001,1,0.935358558,,,10,1,2019_Aug_09_1240,FaceNameBlocked,3.0.0,60.07630123,
93,FacesBlock4_v2.xlsx,Anna.mp4,Anna.JPG,Anna,47,Աննա,0,3,3,3,0,2,2,2,,,,,,,0,2,3.285538996,,,,,,,,,,,,10,1,2019_Aug_09_1240,FaceNameBlocked,3.0.0,60.07630123,
110,FacesBlock4_v2.xlsx,Anna.mp4,Anna.JPG,Anna,47,Աննա,0,3,3,3,,,,,0,4,4,2,,,,,,,,anna,"['a', 'n', 'n', 'a']","[1.6856046770117246, 1.8352415920089697, 1.9354188139986945, 2.051477959001204]",[1.68560,1.68560,4,0.566501025,,,10,1,2019_Aug_09_1240,FaceNameBlocked,3.0.0,60.07630123,
58,FacesBlock2_v2.xlsx,Ashley.mp4,Ashley.JPG,Ashley,24,Ասհլէե,0,1,1,1,,,,,0,12,12,9,,,,,,,,ashley,"['a', 's', 'h', 'l', 'e', 'y']","[3.1682716080104, 3.3347501890093554, 3.5679452780022984, 4.517748990998371, 4.63452152699756, 4.834351940007764]",[3.16827,3.16827,4,0.618989467,,,10,1,2019_Aug_09_1240,FaceNameBlocked,3.0.0,60.07630123,
45,FacesBlock2_v2.xlsx,Ashley.mp4,Ashley.JPG,Ashley,24,Ասհլէե,0,1,1,1,0,14,14,9,,,,,,,0,2,1.936430477,,,,,,,,,,,,10,1,2019_Aug_09_1240,FaceNameBlocked,3.0.0,60.07630123,
4,FacesBlock1_v2.xlsx,Bradley.mp4,Bradley.JPG,Bradley,14,Բրատլէե,0,0,0,0,0,3,3,14,,,,,,,1,1,1.835303144,,,,,,,,,,,,10,1,2019_Aug_09_1240,FaceNameBlocked,3.0.0,60.07630123,
19,FacesBlock1_v2.xlsx,Bradley.mp4,Bradley.JPG,Bradley,14,Բրատլէե,0,0,0,0,,,,,0,3,3,14,,,,,,,,jason,"['j', 'a', 's', 'o', 'n']","[3.3675205430045025, 3.5183018010138767, 3.734879446012201, 3.867826658010017, 4.183545189007418]",[3.36752,3.36752,1,0.885158895,,,10,1,2019_Aug_09_1240,FaceNameBlocked,3.0.0,60.07630123,
99,FacesBlock4_v2.xlsx,Brandon.mp4,Brandon.JPG,Brandon,56,Բրանտոն,0,3,3,3,0,8,8,11,,,,,,,1,1,4.501927829,,,,,,,,,,,,10,1,2019_Aug_09_1240,FaceNameBlocked,3.0.0,60.07630123,
112,FacesBlock4_v2.xlsx,Brandon.mp4,Brandon.JPG,Brandon,56,Բրանտոն,0,3,3,3,,,,,0,6,6,11,,,,,,,,,None,,,,1,0.683010024,,,10,1,2019_Aug_09_1240,FaceNameBlocked,3.0.0,60.07630123,
114,FacesBlock4_v2.xlsx,Brian.mp4,Brian.JPG,Brian,53,Բրիան,0,3,3,3,,,,,0,8,8,8,,,,,,,,bryce,"['b', 'r', 'y', 'c', 'e']","[6.216888184993877, 6.516645321986289, 6.8164485699962825, 7.2833766369876685, 7.416736381986993]",[6.21688,6.21688,4,1.33541861,,,10,1,2019_Aug_09_1240,FaceNameBlocked,3.0.0,60.07630123,
92,FacesBlock4_v2.xlsx,Brian.mp4,Brian.JPG,Brian,53,Բրիան,0,3,3,3,0,1,1,8,,,,,,,1,1,2.918790596,,,,,,,,,,,,10,1,2019_Aug_09_1240,FaceNameBlocked,3.0.0,60.07630123,
102,FacesBlock4_v2.xlsx,Brianna.mp4,Brianna.JPG,Brianna,48,Բրիաննա,0,3,3,3,0,11,11,3,,,,,,,1,2,2.552546753,,,,,,,,,,,,10,1,2019_Aug_09_1240,FaceNameBlocked,3.0.0,60.07630123,
117,FacesBlock4_v2.xlsx,Brianna.mp4,Brianna.JPG,Brianna,48,Բրիաննա,0,3,3,3,,,,,0,11,11,3,,,,,,,,,None,,,,1,0.568751327,,,10,1,2019_Aug_09_1240,FaceNameBlocked,3.0.0,60.07630123,
47,FacesBlock2_v2.xlsx,Brittany.mp4,Brittany.JPG,Brittany,28,Բրիդդանե,0,1,1,1,,,,,0,1,1,13,,,,,,,,britney,"['b', 'r', 'i', 't', 'h', 'm', 'e', 'backspace', 'backspace', 'backspace', 'n', 'e', 'y']","[2.1023107649962185, 2.4352829529962037, 2.635286152988556, 2.9353248069965048, 3.1519071779912338, 3.8017567309871083, 3.9675744049891364, 5.084131055991747, 5.284044420986902, 5.499359199995524, 6.251058966998244, 6.367790367992711, 6.534226927993586]",[2.10231,2.10231,4,2.184968404,,,10,1,2019_Aug_09_1240,FaceNameBlocked,3.0.0,60.07630123,
34,FacesBlock2_v2.xlsx,Brittany.mp4,Brittany.JPG,Brittany,28,Բրիդդանե,0,1,1,1,0,3,3,13,,,,,,,1,2,2.651920171,,,,,,,,,,,,10,1,2019_Aug_09_1240,FaceNameBlocked,3.0.0,60.07630123,
111,FacesBlock4_v2.xlsx,Caleb.mp4,Caleb.JPG,Caleb,59,Գալէբ,0,3,3,3,,,,,0,5,5,14,,,,,,,,,None,,,,1,0.784999207,,,10,1,2019_Aug_09_1240,FaceNameBlocked,3.0.0,60.07630123,
97,FacesBlock4_v2.xlsx,Caleb.mp4,Caleb.JPG,Caleb,59,Գալէբ,0,3,3,3,0,6,6,14,,,,,,,0,1,3.252081796,,,,,,,,,,,,10,1,2019_Aug_09_1240,FaceNameBlocked,3.0.0,60.07630123,
60,FacesBlock2_v2.xlsx,Cody.mp4,Cody.JPG,Cody,23,Գոտե,0,1,1,1,,,,,0,14,14,8,,,,,,,,cody,"['c', 'o', 'd', 'y']","[1.1353273019922199, 1.9517288850038312, 2.2182414349954342, 2.367956021000282]",[1.13532,1.13532,4,0.93525814,,,10,1,2019_Aug_09_1240,FaceNameBlocked,3.0.0,60.07630123,
39,FacesBlock2_v2.xlsx,Cody.mp4,Cody.JPG,Cody,23,Գոտե,0,1,1,1,0,8,8,8,,,,,,,0,1,1.2021291,,,,,,,,,,,,10,1,2019_Aug_09_1240,FaceNameBlocked,3.0.0,60.07630123,
77,FacesBlock3_v2.xlsx,Courtney.mp4,Courtney.JPG,Courtney,42,Գոըրդնէե,0,2,2,2,,,,,0,1,1,12,,,,,,,,corthey,"['c', 'o', 'r', 'h', 'backspace', 't', 'h', 'e', 'y']","[6.616763750993414, 6.816651158995228, 7.049001251987647, 7.516050514997914, 8.048232121989713, 8.248820975990384, 8.598999023990473, 8.698708367999643, 8.815790491993539]",[6.61676,6.61676,4,3.734613537,,,10,1,2019_Aug_09_1240,FaceNameBlocked,3.0.0,60.07630123,
64,FacesBlock3_v2.xlsx,Courtney.mp4,Courtney.JPG,Courtney,42,Գոըրդնէե,0,2,2,2,0,3,3,12,,,,,,,1,2,3.652212729,,,,,,,,,,,,10,1,2019_Aug_09_1240,FaceNameBlocked,3.0.0,60.07630123,
61,FacesBlock3_v2.xlsx,Daniel.mp4,Daniel.JPG,Daniel,30,Տանիէլ,0,2,2,2,0,0,0,0,,,,,,,1,1,5.41773574,,,,,,,,,,,,10,1,2019_Aug_09_1240,FaceNameBlocked,3.0.0,60.07630123,
85,FacesBlock3_v2.xlsx,Daniel.mp4,Daniel.JPG,Daniel,30,Տանիէլ,0,2,2,2,,,,,0,9,9,0,,,,,,,,,None,,,,1,0.818461138,,,10,1,2019_Aug_09_1240,FaceNameBlocked,3.0.0,60.07630123,
25,FacesBlock1_v2.xlsx,Danielle.mp4,Danielle.JPG,Danielle,3,Տանիէլլէ,0,0,0,0,,,,,0,9,9,3,,,,,,,,,None,,,,1,1.901666881,,,10,1,2019_Aug_09_1240,FaceNameBlocked,3.0.0,60.07630123,
6,FacesBlock1_v2.xlsx,Danielle.mp4,Danielle.JPG,Danielle,3,Տանիէլլէ,0,0,0,0,0,5,5,3,,,,,,,1,2,0.669135437,,,,,,,,,,,,10,1,2019_Aug_09_1240,FaceNameBlocked,3.0.0,60.07630123,
46,FacesBlock2_v2.xlsx,David.mp4,David.JPG,David,16,Տաւիտ,0,1,1,1,,,,,0,0,0,1,,,,,,space,6.466596358,,None,,,,1,12.06433733,,,10,1,2019_Aug_09_1240,FaceNameBlocked,3.0.0,60.07630123,
33,FacesBlock2_v2.xlsx,David.mp4,David.JPG,David,16,Տաւիտ,0,1,1,1,0,2,2,1,,,,,,,0,1,1.68564846,,,,,,,,,,,,10,1,2019_Aug_09_1240,FaceNameBlocked,3.0.0,60.07630123,
105,FacesBlock4_v2.xlsx,Dylan.mp4,Dylan.JPG,Dylan,50,Տելան,0,3,3,3,0,14,14,5,,,,,,,0,1,1.452378289,,,,,,,,,,,,10,1,2019_Aug_09_1240,FaceNameBlocked,3.0.0,60.07630123,
120,FacesBlock4_v2.xlsx,Dylan.mp4,Dylan.JPG,Dylan,50,Տելան,0,3,3,3,,,,,0,14,14,5,,,,,,,,,None,,,,1,0.452300342,,,10,1,2019_Aug_09_1240,FaceNameBlocked,3.0.0,60.07630123,
118,FacesBlock4_v2.xlsx,Emily.mp4,Emily.JPG,Emily,57,Էմիլե,0,3,3,3,,,,,0,12,12,12,,,,,,,,,None,,,,1,0.599628227,,,10,1,2019_Aug_09_1240,FaceNameBlocked,3.0.0,60.07630123,
104,FacesBlock4_v2.xlsx,Emily.mp4,Emily.JPG,Emily,57,Էմիլե,0,3,3,3,0,13,13,12,,,,,,,0,2,1.269136784,,,,,,,,,,,,10,1,2019_Aug_09_1240,FaceNameBlocked,3.0.0,60.07630123,
3,FacesBlock1_v2.xlsx,Eric.mp4,Eric.JPG,Eric,0,Էրիգ,0,0,0,0,0,2,2,0,,,,,,,1,1,2.118619961,,,,,,,,,,,,10,1,2019_Aug_09_1240,FaceNameBlocked,3.0.0,60.07630123,
27,FacesBlock1_v2.xlsx,Eric.mp4,Eric.JPG,Eric,0,Էրիգ,0,0,0,0,,,,,0,11,11,0,,,,,,,,,None,,,,1,1.152007149,,,10,1,2019_Aug_09_1240,FaceNameBlocked,3.0.0,60.07630123,
1,FacesBlock1_v2.xlsx,Ethan.mp4,Ethan.JPG,Ethan,11,Էդհան,0,0,0,0,0,0,0,11,,,,,,,0,1,2.735326577,,,,,,,,,,,,10,1,2019_Aug_09_1240,FaceNameBlocked,3.0.0,60.07630123,
17,FacesBlock1_v2.xlsx,Ethan.mp4,Ethan.JPG,Ethan,11,Էդհան,0,0,0,0,,,,,0,1,1,11,,,,,,,,,None,,,,1,6.467151737,,,10,1,2019_Aug_09_1240,FaceNameBlocked,3.0.0,60.07630123,
115,FacesBlock4_v2.xlsx,Grace.mp4,Grace.JPG,Grace,58,Կրագէ,0,3,3,3,,,,,0,9,9,13,,,,,,,,grace,"['g', 'r', 'a', 'c', 'e']","[3.750994059999357, 4.234181121006259, 4.318312388000777, 4.4679252130008535, 4.650725669998792]",[3.75099,3.75099,4,0.369039451,,,10,1,2019_Aug_09_1240,FaceNameBlocked,3.0.0,60.07630123,
95,FacesBlock4_v2.xlsx,Grace.mp4,Grace.JPG,Grace,58,Կրագէ,0,3,3,3,0,4,4,13,,,,,,,1,2,2.319538155,,,,,,,,,,,,10,1,2019_Aug_09_1240,FaceNameBlocked,3.0.0,60.07630123,
51,FacesBlock2_v2.xlsx,Haley.mp4,Haley.JPG,Haley,20,Հալէե,0,1,1,1,,,,,0,5,5,5,,,,,,,,haley,"['h', 'a', 'l', 'e', 'y']","[5.383788456005277, 5.500589927993133, 6.500741046998883, 6.617332569003338, 6.8340056860033656]",[5.38378,5.38378,1,0.46840918,,,10,1,2019_Aug_09_1240,FaceNameBlocked,3.0.0,60.07630123,
37,FacesBlock2_v2.xlsx,Haley.mp4,Haley.JPG,Haley,20,Հալէե,0,1,1,1,0,6,6,5,,,,,,,0,2,1.286190664,,,,,,,,,,,,10,1,2019_Aug_09_1240,FaceNameBlocked,3.0.0,60.07630123,
21,FacesBlock1_v2.xlsx,Hannah.mp4,Hannah.JPG,Hannah,1,Հաննահ,0,0,0,0,,,,,0,5,5,1,,,,,,,,,None,,,,1,1.018775947,,,10,1,2019_Aug_09_1240,FaceNameBlocked,3.0.0,60.07630123,
15,FacesBlock1_v2.xlsx,Hannah.mp4,Hannah.JPG,Hannah,1,Հաննահ,0,0,0,0,0,14,14,1,,,,,,,1,2,0.752183921,,,,,,,,,,,,10,1,2019_Aug_09_1240,FaceNameBlocked,3.0.0,60.07630123,
43,FacesBlock2_v2.xlsx,Heather.mp4,Heather.JPG,Heather,26,Հէադհէր,0,1,1,1,0,12,12,11,,,,,,,1,2,2.818019905,,,,,,,,,,,,10,1,2019_Aug_09_1240,FaceNameBlocked,3.0.0,60.07630123,
56,FacesBlock2_v2.xlsx,Heather.mp4,Heather.JPG,Heather,26,Հէադհէր,0,1,1,1,,,,,0,10,10,11,,,,,,,,heather,"['h', 'e', 'a', 't', 'h', 'e', 'r']","[2.3013754790008534, 2.418498439990799, 2.668469758995343, 2.801806339994073, 3.1517062969942344, 3.6015116030030185, 3.8348668069957057]",[2.30137,2.30137,4,1.135462637,,,10,1,2019_Aug_09_1240,FaceNameBlocked,3.0.0,60.07630123,
67,FacesBlock3_v2.xlsx,Jacob.mp4,Jacob.JPG,Jacob,39,Ճագոբ,0,2,2,2,0,6,6,9,,,,,,,0,1,5.634592134,,,,,,,,,,,,10,1,2019_Aug_09_1240,FaceNameBlocked,3.0.0,60.07630123,
86,FacesBlock3_v2.xlsx,Jacob.mp4,Jacob.JPG,Jacob,39,Ճագոբ,0,2,2,2,,,,,0,10,10,9,,,,,,,,jacob,"['j', 'a', 'b', 'backspace', 'c', 'o', 'b']","[2.6186067539965734, 2.7180991130007897, 2.968605378002394, 3.567972124001244, 3.8189649209962226, 4.40194486999826, 4.7179397139989305]",[2.61860,2.61860,4,0.53508279,,,10,1,2019_Aug_09_1240,FaceNameBlocked,3.0.0,60.07630123,
108,FacesBlock4_v2.xlsx,Jason.mp4,Jason.JPG,Jason,49,Ճասոն,0,3,3,3,,,,,0,2,2,4,,,,,,,,,None,,,,1,0.269101529,,,10,1,2019_Aug_09_1240,FaceNameBlocked,3.0.0,60.07630123,
103,FacesBlock4_v2.xlsx,Jason.mp4,Jason.JPG,Jason,49,Ճասոն,0,3,3,3,0,12,12,4,,,,,,,1,1,1.96879309,,,,,,,,,,,,10,1,2019_Aug_09_1240,FaceNameBlocked,3.0.0,60.07630123,
5,FacesBlock1_v2.xlsx,Jenna.mp4,Jenna.JPG,Jenna,6,Ճէննա,0,0,0,0,0,4,4,6,,,,,,,0,2,0.919567467,,,,,,,,,,,,10,1,2019_Aug_09_1240,FaceNameBlocked,3.0.0,60.07630123,
20,FacesBlock1_v2.xlsx,Jenna.mp4,Jenna.JPG,Jenna,6,Ճէննա,0,0,0,0,,,,,0,4,4,6,,,,,,,,,None,,,,1,0.501418023,,,10,1,2019_Aug_09_1240,FaceNameBlocked,3.0.0,60.07630123,
38,FacesBlock2_v2.xlsx,Jeremy.mp4,Jeremy.JPG,Jeremy,15,Ճէրէմե,0,1,1,1,0,7,7,0,,,,,,,0,1,3.982805811,,,,,,,,,,,,10,1,2019_Aug_09_1240,FaceNameBlocked,3.0.0,60.07630123,
50,FacesBlock2_v2.xlsx,Jeremy.mp4,Jeremy.JPG,Jeremy,15,Ճէրէմե,0,1,1,1,,,,,0,4,4,0,,,,,,,,,None,,,,1,0.866767233,,,10,1,2019_Aug_09_1240,FaceNameBlocked,3.0.0,60.07630123,
16,FacesBlock1_v2.xlsx,Jessica.mp4,Jessica.JPG,Jessica,8,Ճէսսիգա,0,0,0,0,,,,,0,0,0,8,,,,,,space,35.39082305,natalie,"['n', 's', 'backspace', 'a', 't', 'a', 'l', 'i', 'e']","[4.515670919994591, 4.900825076998444, 5.666501161002088, 6.03314718400361, 6.217226680993917, 6.316951462998986, 6.933419683002285, 7.166712274993188, 7.316567560003023]",[4.51567,4.51567,3,3.201259309,,,10,1,2019_Aug_09_1240,FaceNameBlocked,3.0.0,60.07630123,
14,FacesBlock1_v2.xlsx,Jessica.mp4,Jessica.JPG,Jessica,8,Ճէսսիգա,0,0,0,0,0,13,13,8,,,,,,,1,2,1.035739179,,,,,,,,,,,,10,1,2019_Aug_09_1240,FaceNameBlocked,3.0.0,60.07630123,
36,FacesBlock2_v2.xlsx,Josh.mp4,Josh.JPG,Josh,19,Ճոսհ,0,1,1,1,0,5,5,4,,,,,,,1,1,2.802024765,,,,,,,,,,,,10,1,2019_Aug_09_1240,FaceNameBlocked,3.0.0,60.07630123,
57,FacesBlock2_v2.xlsx,Josh.mp4,Josh.JPG,Josh,19,Ճոսհ,0,1,1,1,,,,,0,11,11,4,,,,,,,,,None,,,,1,1.184973016,,,10,1,2019_Aug_09_1240,FaceNameBlocked,3.0.0,60.07630123,
10,FacesBlock1_v2.xlsx,Julia.mp4,Julia.JPG,Julia,13,Ճըլիա,0,0,0,0,0,9,9,13,,,,,,,1,1,0.852905193,,,,,,,,,,,,10,1,2019_Aug_09_1240,FaceNameBlocked,3.0.0,60.07630123,
28,FacesBlock1_v2.xlsx,Julia.mp4,Julia.JPG,Julia,13,Ճըլիա,0,0,0,0,,,,,0,12,12,13,,,,,,,,,None,,,,1,0.683650949,,,10,1,2019_Aug_09_1240,FaceNameBlocked,3.0.0,60.07630123,
35,FacesBlock2_v2.xlsx,Justin.mp4,Justin.JPG,Justin,27,Ճըսդին,0,1,1,1,0,4,4,12,,,,,,,1,1,1.952608212,,,,,,,,,,,,10,1,2019_Aug_09_1240,FaceNameBlocked,3.0.0,60.07630123,
49,FacesBlock2_v2.xlsx,Justin.mp4,Justin.JPG,Justin,27,Ճըսդին,0,1,1,1,,,,,0,3,3,12,,,,,,,,,None,,,,1,1.318617487,,,10,1,2019_Aug_09_1240,FaceNameBlocked,3.0.0,60.07630123,
94,FacesBlock4_v2.xlsx,Katie.mp4,Katie.JPG,Katie,54,Քադիէ,0,3,3,3,0,3,3,9,,,,,,,1,2,2.518800668,,,,,,,,,,,,10,1,2019_Aug_09_1240,FaceNameBlocked,3.0.0,60.07630123,
107,FacesBlock4_v2.xlsx,Katie.mp4,Katie.JPG,Katie,54,Քադիէ,0,3,3,3,,,,,0,1,1,9,,,,,,,,kathy,"['k', 'a', 't', 'h', 'y']","[3.068383662000997, 3.2012925580056617, 3.817784976999974, 4.1006147250009235, 4.300896763001219]",[3.06838,3.06838,4,0.901642337,,,10,1,2019_Aug_09_1240,FaceNameBlocked,3.0.0,60.07630123,
79,FacesBlock3_v2.xlsx,Kayla.mp4,Kayla.JPG,Kayla,34,Սարահ,0,2,2,2,,,,,0,3,3,4,,,,,,,,kyla,"['k', 'y', 'l', 'a']","[5.400843691997579, 5.7004254659987055, 6.0003668290009955, 6.167066162990523]",[5.40084,5.40084,2,0.800667081,,,10,1,2019_Aug_09_1240,FaceNameBlocked,3.0.0,60.07630123,
63,FacesBlock3_v2.xlsx,Kayla.mp4,Kayla.JPG,Kayla,34,Սարահ,0,2,2,2,0,2,2,4,,,,,,,1,2,3.136045635,,,,,,,,,,,,10,1,2019_Aug_09_1240,FaceNameBlocked,3.0.0,60.07630123,
8,FacesBlock1_v2.xlsx,Kelsey.mp4,Kelsey.JPG,Kelsey,12,Քէլսէե,0,0,0,0,0,7,7,12,,,,,,,0,2,1.485883827,,,,,,,,,,,,10,1,2019_Aug_09_1240,FaceNameBlocked,3.0.0,60.07630123,
18,FacesBlock1_v2.xlsx,Kelsey.mp4,Kelsey.JPG,Kelsey,12,Քէլսէե,0,0,0,0,,,,,0,2,2,12,,,,,,,,jessica,"['j', 'e', 's', 's', 'i', 'c', 'a']","[5.000406013001339, 5.183193164004479, 6.316990885999985, 7.499905331002083, 7.616231321997475, 8.215992815996287, 8.33266653100145]",[5.00040,5.00040,1,1.368227746,,,10,1,2019_Aug_09_1240,FaceNameBlocked,3.0.0,60.07630123,
72,FacesBlock3_v2.xlsx,Kevin.mp4,Kevin.JPG,Kevin,41,Քէւին,0,2,2,2,0,11,11,11,,,,,,,1,1,3.818098228,,,,,,,,,,,,10,1,2019_Aug_09_1240,FaceNameBlocked,3.0.0,60.07630123,
87,FacesBlock3_v2.xlsx,Kevin.mp4,Kevin.JPG,Kevin,41,Քէւին,0,2,2,2,,,,,0,11,11,11,,,,,,,,kevin,"['k', 'e', 'v', 'i', 'n']","[2.4187229170056526, 2.517628447007155, 2.901788221002789, 3.18511530100659, 3.4173333940125303]",[2.41872,2.41872,4,0.583011001,,,10,1,2019_Aug_09_1240,FaceNameBlocked,3.0.0,60.07630123,
7,FacesBlock1_v2.xlsx,Kyle.mp4,Kyle.JPG,Kyle,4,Քելէ,0,0,0,0,0,6,6,4,,,,,,,0,1,0.786266854,,,,,,,,,,,,10,1,2019_Aug_09_1240,FaceNameBlocked,3.0.0,60.07630123,
29,FacesBlock1_v2.xlsx,Kyle.mp4,Kyle.JPG,Kyle,4,Քելէ,0,0,0,0,,,,,0,13,13,4,,,,,,,,,None,,,,1,0.5996035,,,10,1,2019_Aug_09_1240,FaceNameBlocked,3.0.0,60.07630123,
84,FacesBlock3_v2.xlsx,Lauren.mp4,Lauren.JPG,Lauren,38,Լաըրէն,0,2,2,2,,,,,0,8,8,8,,,,,,,,lauren,"['l', 'a', 'u', 'r', 'e', 'n']","[4.167606910006725, 4.284332971001277, 4.534331216011196, 5.100659392002854, 5.281735166005092, 5.450242020000587]",[4.16760,4.16760,4,0.652375046,,,10,1,2019_Aug_09_1240,FaceNameBlocked,3.0.0,60.07630123,
75,FacesBlock3_v2.xlsx,Lauren.mp4,Lauren.JPG,Lauren,38,Լաըրէն,0,2,2,2,0,14,14,8,,,,,,,0,2,3.369337591,,,,,,,,,,,,10,1,2019_Aug_09_1240,FaceNameBlocked,3.0.0,60.07630123,
73,FacesBlock3_v2.xlsx,Mark.mp4,Mark.JPG,Mark,40,Մարք,0,2,2,2,0,12,12,10,,,,,,,0,1,2.152579002,,,,,,,,,,,,10,1,2019_Aug_09_1240,FaceNameBlocked,3.0.0,60.07630123,
76,FacesBlock3_v2.xlsx,Mark.mp4,Mark.JPG,Mark,40,Մարք,0,2,2,2,,,,,0,0,0,10,,,,,,space,2.151863516,,None,,,,1,1.435198797,,,10,1,2019_Aug_09_1240,FaceNameBlocked,3.0.0,60.07630123,
30,FacesBlock1_v2.xlsx,Matthew.mp4,Matthew.JPG,Matthew,9,Մադդհէվ,0,0,0,0,,,,,0,14,14,9,,,,,,,,peter,"['p', 'e', 't', 'e', 'r']","[1.8189020569989225, 2.0353598770016106, 2.168804328000988, 2.2853889859979972, 2.468491494000773]",[1.81890,1.81890,2,2.400959176,,,10,1,2019_Aug_09_1240,FaceNameBlocked,3.0.0,60.07630123,
12,FacesBlock1_v2.xlsx,Matthew.mp4,Matthew.JPG,Matthew,9,Մադդհէվ,0,0,0,0,0,11,11,9,,,,,,,1,1,1.135924441,,,,,,,,,,,,10,1,2019_Aug_09_1240,FaceNameBlocked,3.0.0,60.07630123,
59,FacesBlock2_v2.xlsx,Megan.mp4,Megan.JPG,Megan,25,Մէկան,0,1,1,1,,,,,0,13,13,10,,,,,,,,rachel,"['r', 'a', 'c', 'h', 'e', 'l']","[3.1013205879862653, 3.218242463990464, 3.784579245999339, 4.4845189259940526, 4.600922118988819, 4.817606667988002]",[3.10132,3.10132,4,0.618757295,,,10,1,2019_Aug_09_1240,FaceNameBlocked,3.0.0,60.07630123,
32,FacesBlock2_v2.xlsx,Megan.mp4,Megan.JPG,Megan,25,Մէկան,0,1,1,1,0,1,1,10,,,,,,,1,2,2.902538496,,,,,,,,,,,,10,1,2019_Aug_09_1240,FaceNameBlocked,3.0.0,60.07630123,
119,FacesBlock4_v2.xlsx,Michael.mp4,Michael.JPG,Michael,46,Միգհաէլ,0,3,3,3,,,,,0,13,13,1,,,,,,,,jason,"['j', 'a', 's', 'o', 'n']","[5.200981464993674, 5.2674768260039855, 5.501017033006065, 5.6011372939974535, 5.867297042001155]",[5.20098,5.20098,2,0.535021772,,,10,1,2019_Aug_09_1240,FaceNameBlocked,3.0.0,60.07630123,
101,FacesBlock4_v2.xlsx,Michael.mp4,Michael.JPG,Michael,46,Միգհաէլ,0,3,3,3,0,10,10,1,,,,,,,0,1,1.153269722,,,,,,,,,,,,10,1,2019_Aug_09_1240,FaceNameBlocked,3.0.0,60.07630123,
113,FacesBlock4_v2.xlsx,Michelle.mp4,Michelle.JPG,Michelle,52,Միգհէլլէ,0,3,3,3,,,,,0,7,7,7,,,,,,,,,None,,,,1,0.569291957,,,10,1,2019_Aug_09_1240,FaceNameBlocked,3.0.0,60.07630123,
96,FacesBlock4_v2.xlsx,Michelle.mp4,Michelle.JPG,Michelle,52,Միգհէլլէ,0,3,3,3,0,5,5,7,,,,,,,1,2,4.185234973,,,,,,,,,,,,10,1,2019_Aug_09_1240,FaceNameBlocked,3.0.0,60.07630123,
26,FacesBlock1_v2.xlsx,Natalie.mp4,Natalie.JPG,Natalie,7,Նադալիէ,0,0,0,0,,,,,0,10,10,7,,,,,,,,amanda,"['a', 'm', 'a', 'n', 'd', 'a']","[4.1512983690045075, 4.351448290006374, 4.800869352999143, 5.00085531300283, 5.63433094600623, 5.98425131100521]",[4.15129,4.15129,1,0.818764064,,,10,1,2019_Aug_09_1240,FaceNameBlocked,3.0.0,60.07630123,
9,FacesBlock1_v2.xlsx,Natalie.mp4,Natalie.JPG,Natalie,7,Նադալիէ,0,0,0,0,0,8,8,7,,,,,,,0,2,0.419711527,,,,,,,,,,,,10,1,2019_Aug_09_1240,FaceNameBlocked,3.0.0,60.07630123,
89,FacesBlock3_v2.xlsx,Nathan.mp4,Nathan.JPG,Nathan,37,Նադհան,0,2,2,2,,,,,0,13,13,7,,,,,,,,nathan,"['n', 'a', 't', 'h', 'a', 'n']","[1.26865626500512, 1.3352981330099283, 1.5357116550003411, 1.7016918000008445, 1.7693134270084556, 1.9520139710075455]",[1.26865,1.26865,4,0.918577399,,,10,1,2019_Aug_09_1240,FaceNameBlocked,3.0.0,60.07630123,
70,FacesBlock3_v2.xlsx,Nathan.mp4,Nathan.JPG,Nathan,37,Նադհան,0,2,2,2,0,9,9,7,,,,,,,0,1,2.602434647,,,,,,,,,,,,10,1,2019_Aug_09_1240,FaceNameBlocked,3.0.0,60.07630123,
71,FacesBlock3_v2.xlsx,Nicole.mp4,Nicole.JPG,Nicole,43,Նիգոլէ,0,2,2,2,0,10,10,13,,,,,,,0,2,5.485367617,,,,,,,,,,,,10,1,2019_Aug_09_1240,FaceNameBlocked,3.0.0,60.07630123,
83,FacesBlock3_v2.xlsx,Nicole.mp4,Nicole.JPG,Nicole,43,Նիգոլէ,0,2,2,2,,,,,0,7,7,13,,,,,,,,olivia,"['o', 'l', 'i', 'v', 'i', 'a']","[2.7338722220010823, 3.7840079740126384, 4.017180096008815, 4.7337327350105625, 4.900488612998743, 5.499649081000825]",[2.73387,2.73387,4,0.902182043,,,10,1,2019_Aug_09_1240,FaceNameBlocked,3.0.0,60.07630123,
68,FacesBlock3_v2.xlsx,Noah.mp4,Noah.JPG,Noah,31,Նոահ,0,2,2,2,0,7,7,1,,,,,,,0,1,3.201416641,,,,,,,,,,,,10,1,2019_Aug_09_1240,FaceNameBlocked,3.0.0,60.07630123,
90,FacesBlock3_v2.xlsx,Noah.mp4,Noah.JPG,Noah,31,Նոահ,0,2,2,2,,,,,0,14,14,1,,,,,,,,noah,"['n', 'o', 'a', 'h']","[3.2012618189910427, 3.434665138993296, 3.5507414089952363, 3.750999897994916]",[3.20126,3.20126,4,0.419046246,,,10,1,2019_Aug_09_1240,FaceNameBlocked,3.0.0,60.07630123,
88,FacesBlock3_v2.xlsx,Olivia.mp4,Olivia.JPG,Olivia,35,Ոլիւիա,0,2,2,2,,,,,0,12,12,5,,,,,,,,shelbey,"['s', 'h', 'e', 'l', 'b', 'i', 'backspace', 'e', 'y']","[6.283970613993006, 6.483353065006668, 6.633762123994529, 6.867045146995224, 7.16724575299304, 7.516429308001534, 8.214603746993816, 8.366578489003587, 8.599846719997004]",[6.28397,6.28397,2,1.252238513,,,10,1,2019_Aug_09_1240,FaceNameBlocked,3.0.0,60.07630123,
69,FacesBlock3_v2.xlsx,Olivia.mp4,Olivia.JPG,Olivia,35,Ոլիւիա,0,2,2,2,0,8,8,5,,,,,,,1,2,4.35153026,,,,,,,,,,,,10,1,2019_Aug_09_1240,FaceNameBlocked,3.0.0,60.07630123,
31,FacesBlock2_v2.xlsx,Rachel.mp4,Rachel.JPG,Rachel,29,Րագհէլ,0,1,1,1,0,0,0,14,,,,,,,0,2,3.902138522,,,,,,,,,,,,10,1,2019_Aug_09_1240,FaceNameBlocked,3.0.0,60.07630123,
48,FacesBlock2_v2.xlsx,Rachel.mp4,Rachel.JPG,Rachel,29,Րագհէլ,0,1,1,1,,,,,0,2,2,14,,,,,,,,rachel,"['r', 'a', 'c', 'h', 'e', 'l']","[4.732792127004359, 4.834272264997708, 5.451353525000741, 5.800953104000655, 5.950829477005755, 6.150751848996151]",[4.73279,4.73279,1,1.667697569,,,10,1,2019_Aug_09_1240,FaceNameBlocked,3.0.0,60.07630123,
62,FacesBlock3_v2.xlsx,Rebecca.mp4,Rebecca.JPG,Rebecca,32,Րէբէգգա,0,2,2,2,0,1,1,2,,,,,,,1,2,5.634373853,,,,,,,,,,,,10,1,2019_Aug_09_1240,FaceNameBlocked,3.0.0,60.07630123,
81,FacesBlock3_v2.xlsx,Rebecca.mp4,Rebecca.JPG,Rebecca,32,Րէբէգգա,0,2,2,2,,,,,0,5,5,2,,,,,,,,,None,,,,1,0.535671139,,,10,1,2019_Aug_09_1240,FaceNameBlocked,3.0.0,60.07630123,
66,FacesBlock3_v2.xlsx,Sarah.mp4,Sarah.JPG,Sarah,33,Սարահ,0,2,2,2,0,5,5,3,,,,,,,0,2,4.867604485,,,,,,,,,,,,10,1,2019_Aug_09_1240,FaceNameBlocked,3.0.0,60.07630123,
82,FacesBlock3_v2.xlsx,Sarah.mp4,Sarah.JPG,Sarah,33,Սարահ,0,2,2,2,,,,,0,6,6,3,,,,,,,,,None,,,,1,0.535430436,,,10,1,2019_Aug_09_1240,FaceNameBlocked,3.0.0,60.07630123,
78,FacesBlock3_v2.xlsx,Shelby.mp4,Shelby.JPG,Shelby,36,Սհէլբե,0,2,2,2,,,,,0,2,2,6,,,,,,,,,None,,,,1,1.266554573,,,10,1,2019_Aug_09_1240,FaceNameBlocked,3.0.0,60.07630123,
74,FacesBlock3_v2.xlsx,Shelby.mp4,Shelby.JPG,Shelby,36,Սհէլբե,0,2,2,2,0,13,13,6,,,,,,,1,2,2.535686255,,,,,,,,,,,,10,1,2019_Aug_09_1240,FaceNameBlocked,3.0.0,60.07630123,
40,FacesBlock2_v2.xlsx,Steven.mp4,Steven.JPG,Steven,17,Սդէւէն,0,1,1,1,0,9,9,2,,,,,,,0,1,1.935432869,,,,,,,,,,,,10,1,2019_Aug_09_1240,FaceNameBlocked,3.0.0,60.07630123,
54,FacesBlock2_v2.xlsx,Steven.mp4,Steven.JPG,Steven,17,Սդէւէն,0,1,1,1,,,,,0,8,8,2,,,,,,,,josh,"['j', 'o', 's', 'h']","[4.150812230989686, 4.383798270995612, 4.532025305001298, 4.800403543995344]",[4.15081,4.15081,4,0.452294619,,,10,1,2019_Aug_09_1240,FaceNameBlocked,3.0.0,60.07630123,
106,FacesBlock4_v2.xlsx,Taylor.mp4,Taylor.JPG,Taylor,45,Դաելոր,0,3,3,3,,,,,0,0,0,0,,,,,,space,1.801407624,,None,,,,1,1.101769053,,,10,1,2019_Aug_09_1240,FaceNameBlocked,3.0.0,60.07630123,
98,FacesBlock4_v2.xlsx,Taylor.mp4,Taylor.JPG,Taylor,45,Դաելոր,0,3,3,3,0,7,7,0,,,,,,,0,2,4.900921381,,,,,,,,,,,,10,1,2019_Aug_09_1240,FaceNameBlocked,3.0.0,60.07630123,
65,FacesBlock3_v2.xlsx,Thomas.mp4,Thomas.JPG,Thomas,44,Դհոմաս,0,2,2,2,0,4,4,14,,,,,,,1,1,4.885352609,,,,,,,,,,,,10,1,2019_Aug_09_1240,FaceNameBlocked,3.0.0,60.07630123,
80,FacesBlock3_v2.xlsx,Thomas.mp4,Thomas.JPG,Thomas,44,Դհոմաս,0,2,2,2,,,,,0,4,4,14,,,,,,,,,None,,,,1,1.068493031,,,10,1,2019_Aug_09_1240,FaceNameBlocked,3.0.0,60.07630123,
11,FacesBlock1_v2.xlsx,Timothy.mp4,Timothy.JPG,Timothy,10,Դիմոդհե,0,0,0,0,0,10,10,10,,,,,,,1,1,2.135535843,,,,,,,,,,,,10,1,2019_Aug_09_1240,FaceNameBlocked,3.0.0,60.07630123,
24,FacesBlock1_v2.xlsx,Timothy.mp4,Timothy.JPG,Timothy,10,Դիմոդհե,0,0,0,0,,,,,0,8,8,10,,,,,,,,,None,,,,1,1.385200402,,,10,1,2019_Aug_09_1240,FaceNameBlocked,3.0.0,60.07630123,
41,FacesBlock2_v2.xlsx,Trevor.mp4,Trevor.JPG,Trevor,21,Դրէւոր,0,1,1,1,0,10,10,6,,,,,,,1,1,1.71855774,,,,,,,,,,,,10,1,2019_Aug_09_1240,FaceNameBlocked,3.0.0,60.07630123,
52,FacesBlock2_v2.xlsx,Trevor.mp4,Trevor.JPG,Trevor,21,Դրէւոր,0,1,1,1,,,,,0,6,6,6,,,,,,,,trever,"['t', 'r', 'e', 'v', 'e', 'r']","[3.0013889230031054, 3.2012877210072475, 3.3179037560039433, 4.101107980997767, 4.183538545999909, 4.517033280004398]",[3.00138,3.00138,4,0.635569466,,,10,1,2019_Aug_09_1240,FaceNameBlocked,3.0.0,60.07630123,
42,FacesBlock2_v2.xlsx,Tyler.mp4,Tyler.JPG,Tyler,22,Դելէր,0,1,1,1,0,11,11,7,,,,,,,1,1,1.652909953,,,,,,,,,,,,10,1,2019_Aug_09_1240,FaceNameBlocked,3.0.0,60.07630123,
55,FacesBlock2_v2.xlsx,Tyler.mp4,Tyler.JPG,Tyler,22,Դելէր,0,1,1,1,,,,,0,9,9,7,,,,,,,,,None,,,,1,0.552694175,,,10,1,2019_Aug_09_1240,FaceNameBlocked,3.0.0,60.07630123,
0,,,,,,,,,,,,,,,,,,,space,1193.645846,,,,,,,,,,,,,,,10,1,2019_Aug_09_1240,FaceNameBlocked,3.0.0,60.07630123,
121,,,,,,,,,,,,,,,,,,,,,,,,,,,,,,,,,space,1093.043975,10,1,2019_Aug_09_1240,FaceNameBlocked,3.0.0,60.07630123,