,condsFile,Video,Photo,Name,Row,Name2,blocks.thisRepN,blocks.thisTrialN,blocks.thisN,blocks.thisIndex,presentations.thisRepN,presentations.thisTrialN,presentations.thisN,presentations.thisIndex,testing.thisRepN,testing.thisTrialN,testing.thisN,testing.thisIndex,advance_1.keys,advance_1.rt,currentCond,judgementResp.keys,judgementResp.rt,advance_2.keys,advance_2.rt,inputText,key_resp_3.keys,key_resp_3.rt,,key_resp3_fin,rating_resp.keys,rating_resp.rt,end_key.keys,end_key.rt,participant,session,date,expName,psychopyVersion,frameRate,Unnamed: 38
52,FacesBlock2_v2.xlsx,Aaron.mp4,Aaron.JPG,Aaron,18,Աարոն,0,1,1,1,,,,,0,6,6,3,,,,,,,,,None,,,,1,1.151869508,,,11,1,2019_Aug_09_1350,FaceNameBlocked,3.0.0,59.99143383,
42,FacesBlock2_v2.xlsx,Aaron.mp4,Aaron.JPG,Aaron,18,Աարոն,0,1,1,1,0,11,11,3,,,,,,,1,1,1.099548478,,,,,,,,,,,,11,1,2019_Aug_09_1350,FaceNameBlocked,3.0.0,59.99143383,
20,FacesBlock1_v2.xlsx,Adam.mp4,Adam.JPG,Adam,5,Ատամ,0,0,0,0,,,,,0,4,4,5,,,,,,,,,None,,,,1,2.284249678,,,11,1,2019_Aug_09_1350,FaceNameBlocked,3.0.0,59.99143383,
9,FacesBlock1_v2.xlsx,Adam.mp4,Adam.JPG,Adam,5,Ատամ,0,0,0,0,0,8,8,5,,,,,,,0,1,0.852418075,,,,,,,,,,,,11,1,2019_Aug_09_1350,FaceNameBlocked,3.0.0,59.99143383,
111,FacesBlock4_v2.xlsx,Alyssa.mp4,Alyssa.JPG,Alyssa,55,Ալեսսա,0,3,3,3,,,,,0,5,5,10,,,,,,,,alyessa,"['a', 'l', 'y', 'e', 's', 's', 'a']","[2.068352358008269, 2.251151193995611, 2.617768120006076, 3.0677362800051924, 4.134010934998514, 4.333302568004001, 4.500241828005528]",[2.06835,2.06835,2,1.585218514,,,11,1,2019_Aug_09_1350,FaceNameBlocked,3.0.0,59.99143383,
103,FacesBlock4_v2.xlsx,Alyssa.mp4,Alyssa.JPG,Alyssa,55,Ալեսսա,0,3,3,3,0,12,12,10,,,,,,,0,2,1.00366333,,,,,,,,,,,,11,1,2019_Aug_09_1350,FaceNameBlocked,3.0.0,59.99143383,
18,FacesBlock1_v2.xlsx,Amanda.mp4,Amanda.JPG,Amanda,2,Ամանտա,0,0,0,0,,,,,0,2,2,2,,,,,,,,,None,,,,1,0.83567291,,,11,1,2019_Aug_09_1350,FaceNameBlocked,3.0.0,59.99143383,
13,FacesBlock1_v2.xlsx,Amanda.mp4,Amanda.JPG,Amanda,2,Ամանտա,0,0,0,0,0,12,12,2,,,,,,,0,2,0.37052274,,,,,,,,,,,,11,1,2019_Aug_09_1350,FaceNameBlocked,3.0.0,59.99143383,
112,FacesBlock4_v2.xlsx,Andrew.mp4,Andrew.JPG,Andrew,51,Անտրէվ,0,3,3,3,,,,,0,6,6,6,,,,,,,, ,['space'],[9.882609185995534],[9.88260,9.88260,1,1.085262498,,,11,1,2019_Aug_09_1350,FaceNameBlocked,3.0.0,59.99143383,
92,FacesBlock4_v2.xlsx,Andrew.mp4,Andrew.JPG,Andrew,51,Անտրէվ,0,3,3,3,0,1,1,6,,,,,,,1,1,4.25111774,,,,,,,,,,,,11,1,2019_Aug_09_1350,FaceNameBlocked,3.0.0,59.99143383,
108,FacesBlock4_v2.xlsx,Anna.mp4,Anna.JPG,Anna,47,Աննա,0,3,3,3,,,,,0,2,2,2,,,,,,,,,None,,,,1,1.335188873,,,11,1,2019_Aug_09_1350,FaceNameBlocked,3.0.0,59.99143383,
104,FacesBlock4_v2.xlsx,Anna.mp4,Anna.JPG,Anna,47,Աննա,0,3,3,3,0,13,13,2,,,,,,,0,2,1.75267386,,,,,,,,,,,,11,1,2019_Aug_09_1350,FaceNameBlocked,3.0.0,59.99143383,
51,FacesBlock2_v2.xlsx,Ashley.mp4,Ashley.JPG,Ashley,24,Ասհլէե,0,1,1,1,,,,,0,5,5,9,,,,,,,,ashley,"['a', 's', 'h', 'l', 'e', 'y']","[2.1176595330034615, 2.2843197799957125, 2.384609779997845, 2.5014507199957734, 2.599106166002457, 2.8012503359932452]",[2.11765,2.11765,1,1.018935883,,,11,1,2019_Aug_09_1350,FaceNameBlocked,3.0.0,59.99143383,
39,FacesBlock2_v2.xlsx,Ashley.mp4,Ashley.JPG,Ashley,24,Ասհլէե,0,1,1,1,0,8,8,9,,,,,,,1,2,0.783549557,,,,,,,,,,,,11,1,2019_Aug_09_1350,FaceNameBlocked,3.0.0,59.99143383,
25,FacesBlock1_v2.xlsx,Bradley.mp4,Bradley.JPG,Bradley,14,Բրատլէե,0,0,0,0,,,,,0,9,9,14,,,,,,,,,None,,,,1,0.852013664,,,11,1,2019_Aug_09_1350,FaceNameBlocked,3.0.0,59.99143383,
11,FacesBlock1_v2.xlsx,Bradley.mp4,Bradley.JPG,Bradley,14,Բրատլէե,0,0,0,0,0,10,10,14,,,,,,,1,1,1.135362815,,,,,,,,,,,,11,1,2019_Aug_09_1350,FaceNameBlocked,3.0.0,59.99143383,
101,FacesBlock4_v2.xlsx,Brandon.mp4,Brandon.JPG,Brandon,56,Բրանտոն,0,3,3,3,0,10,10,11,,,,,,,1,1,1.249693555,,,,,,,,,,,,11,1,2019_Aug_09_1350,FaceNameBlocked,3.0.0,59.99143383,
109,FacesBlock4_v2.xlsx,Brandon.mp4,Brandon.JPG,Brandon,56,Բրանտոն,0,3,3,3,,,,,0,3,3,11,,,,,,,,  ,"['space', 'space']","[7.9997519069875125, 8.832708809990436]",[7.99975,7.99975,1,0.566795166,,,11,1,2019_Aug_09_1350,FaceNameBlocked,3.0.0,59.99143383,
99,FacesBlock4_v2.xlsx,Brian.mp4,Brian.JPG,Brian,53,Բրիան,0,3,3,3,0,8,8,8,,,,,,,0,1,0.686714647,,,,,,,,,,,,11,1,2019_Aug_09_1350,FaceNameBlocked,3.0.0,59.99143383,
110,FacesBlock4_v2.xlsx,Brian.mp4,Brian.JPG,Brian,53,Բրիան,0,3,3,3,,,,,0,4,4,8,,,,,,,,bryan,"['b', 'y', 'r', 'a', 'n', 'backspace', 'backspace', 'backspace', 'r', 'backspace', 'backspace', 'r', 'y', 'a', 'n']","[2.1355548680003267, 2.5353641110123135, 2.618440634003491, 3.1845064600056503, 3.501225667001563, 5.400530464001349, 5.599258745001862, 5.916918653005268, 6.850378245013417, 7.798771366011351, 8.099548811005661, 8.266699400002835, 8.83114978201047, 9.066358633004711, 9.349751708999975]",[2.13555,2.13555,3,2.668142741,,,11,1,2019_Aug_09_1350,FaceNameBlocked,3.0.0,59.99143383,
117,FacesBlock4_v2.xlsx,Brianna.mp4,Brianna.JPG,Brianna,48,Բրիաննա,0,3,3,3,,,,,0,11,11,3,,,,,,,,,None,,,,1,1.584834289,,,11,1,2019_Aug_09_1350,FaceNameBlocked,3.0.0,59.99143383,
100,FacesBlock4_v2.xlsx,Brianna.mp4,Brianna.JPG,Brianna,48,Բրիաննա,0,3,3,3,0,9,9,3,,,,,,,1,2,2.569122133,,,,,,,,,,,,11,1,2019_Aug_09_1350,FaceNameBlocked,3.0.0,59.99143383,
36,FacesBlock2_v2.xlsx,Brittany.mp4,Brittany.JPG,Brittany,28,Բրիդդանե,0,1,1,1,0,5,5,13,,,,,,,0,2,1.368942501,,,,,,,,,,,,11,1,2019_Aug_09_1350,FaceNameBlocked,3.0.0,59.99143383,
57,FacesBlock2_v2.xlsx,Brittany.mp4,Brittany.JPG,Brittany,28,Բրիդդանե,0,1,1,1,,,,,0,11,11,13,,,,,,,,brittney,"['b', 'r', 'i', 't', 't', 'n', 'e', 'y']","[3.6018433030112647, 3.7683965420001186, 4.018211245012935, 4.451381663006032, 4.632556426004157, 5.167463796009542, 5.300567091006087, 5.56690102200082]",[3.60184,3.60184,3,1.302014478,,,11,1,2019_Aug_09_1350,FaceNameBlocked,3.0.0,59.99143383,
107,FacesBlock4_v2.xlsx,Caleb.mp4,Caleb.JPG,Caleb,59,Գալէբ,0,3,3,3,,,,,0,1,1,14,,,,,,,,caleb,"['c', 'a', 'l', 'e', 'b']","[1.5850254149991088, 1.9506259740010137, 2.3012235529895406, 2.534617724988493, 4.816627225998673]",[1.58502,1.58502,2,1.652750073,,,11,1,2019_Aug_09_1350,FaceNameBlocked,3.0.0,59.99143383,
98,FacesBlock4_v2.xlsx,Caleb.mp4,Caleb.JPG,Caleb,59,Գալէբ,0,3,3,3,0,7,7,14,,,,,,,0,1,1.103077383,,,,,,,,,,,,11,1,2019_Aug_09_1350,FaceNameBlocked,3.0.0,59.99143383,
41,FacesBlock2_v2.xlsx,Cody.mp4,Cody.JPG,Cody,23,Գոտե,0,1,1,1,0,10,10,8,,,,,,,0,1,0.986199303,,,,,,,,,,,,11,1,2019_Aug_09_1350,FaceNameBlocked,3.0.0,59.99143383,
50,FacesBlock2_v2.xlsx,Cody.mp4,Cody.JPG,Cody,23,Գոտե,0,1,1,1,,,,,0,4,4,8,,,,,,,,aaron,"['a', 'r', 'backspace', 'a', 'r', 'o', 'n']","[4.566726973003824, 5.016839335003169, 5.5830982030020095, 5.9497381020046305, 6.0994695739937015, 6.299862492000102, 6.5332161219994305]",[4.56672,4.56672,1,1.235115932,,,11,1,2019_Aug_09_1350,FaceNameBlocked,3.0.0,59.99143383,
87,FacesBlock3_v2.xlsx,Courtney.mp4,Courtney.JPG,Courtney,42,Գոըրդնէե,0,2,2,2,,,,,0,11,11,12,,,,,,,,,None,,,,1,1.166774894,,,11,1,2019_Aug_09_1350,FaceNameBlocked,3.0.0,59.99143383,
61,FacesBlock3_v2.xlsx,Courtney.mp4,Courtney.JPG,Courtney,42,Գոըրդնէե,0,2,2,2,0,0,0,12,,,,,,,0,2,2.635428609,,,,,,,,,,,,11,1,2019_Aug_09_1350,FaceNameBlocked,3.0.0,59.99143383,
77,FacesBlock3_v2.xlsx,Daniel.mp4,Daniel.JPG,Daniel,30,Տանիէլ,0,2,2,2,,,,,0,1,1,0,,,,,,,,jacob,"['j', 'a', 'c', 'o', 'b']","[6.81700730099692, 6.98383178000222, 7.614792063002824, 8.116052640005364, 8.383032034005737]",[6.81700,6.81700,2,0.968705141,,,11,1,2019_Aug_09_1350,FaceNameBlocked,3.0.0,59.99143383,
74,FacesBlock3_v2.xlsx,Daniel.mp4,Daniel.JPG,Daniel,30,Տանիէլ,0,2,2,2,0,13,13,0,,,,,,,0,1,2.302132119,,,,,,,,,,,,11,1,2019_Aug_09_1350,FaceNameBlocked,3.0.0,59.99143383,
7,FacesBlock1_v2.xlsx,Danielle.mp4,Danielle.JPG,Danielle,3,Տանիէլլէ,0,0,0,0,0,6,6,3,,,,,,,0,2,0.869267661,,,,,,,,,,,,11,1,2019_Aug_09_1350,FaceNameBlocked,3.0.0,59.99143383,
28,FacesBlock1_v2.xlsx,Danielle.mp4,Danielle.JPG,Danielle,3,Տանիէլլէ,0,0,0,0,,,,,0,12,12,3,,,,,,,,,None,,,,1,0.735665109,,,11,1,2019_Aug_09_1350,FaceNameBlocked,3.0.0,59.99143383,
56,FacesBlock2_v2.xlsx,David.mp4,David.JPG,David,16,Տաւիտ,0,1,1,1,,,,,0,10,10,1,,,,,,,,michael,"['m', 'i', 'c', 'h', 'a', 'l', 'backspace', 'e', 'l']","[4.267734904991812, 4.383352296994417, 4.98298241700104, 5.116826368001057, 5.199902214997564, 5.433758828003192, 5.881449259992223, 6.59998446899408, 6.749627073004376]",[4.26773,4.26773,1,1.085682612,,,11,1,2019_Aug_09_1350,FaceNameBlocked,3.0.0,59.99143383,
32,FacesBlock2_v2.xlsx,David.mp4,David.JPG,David,16,Տաւիտ,0,1,1,1,0,1,1,1,,,,,,,0,1,1.052729955,,,,,,,,,,,,11,1,2019_Aug_09_1350,FaceNameBlocked,3.0.0,59.99143383,
115,FacesBlock4_v2.xlsx,Dylan.mp4,Dylan.JPG,Dylan,50,Տելան,0,3,3,3,,,,,0,9,9,5,,,,,,,,  dylan,"['space', 'space', 'd', 'y', 'l', 'a', 'n']","[3.0680302639957517, 3.4661578969971742, 4.867011404989171, 4.96730058400135, 5.316838412996731, 5.45059379999293, 5.566680631993222]",[3.06803,3.06803,3,0.300635701,,,11,1,2019_Aug_09_1350,FaceNameBlocked,3.0.0,59.99143383,
93,FacesBlock4_v2.xlsx,Dylan.mp4,Dylan.JPG,Dylan,50,Տելան,0,3,3,3,0,2,2,5,,,,,,,1,1,4.085020677,,,,,,,,,,,,11,1,2019_Aug_09_1350,FaceNameBlocked,3.0.0,59.99143383,
113,FacesBlock4_v2.xlsx,Emily.mp4,Emily.JPG,Emily,57,Էմիլե,0,3,3,3,,,,,0,7,7,12,,,,,,,,emily ,"['e', 'm', 'i', 'l', 'y', 'space']","[1.6521016739861807, 1.835627766995458, 1.935585599989281, 2.1357076919957763, 2.2180081329861423, 7.217146665992914]",[1.65210,1.65210,4,0.718272823,,,11,1,2019_Aug_09_1350,FaceNameBlocked,3.0.0,59.99143383,
95,FacesBlock4_v2.xlsx,Emily.mp4,Emily.JPG,Emily,57,Էմիլե,0,3,3,3,0,4,4,12,,,,,,,0,2,2.369291814,,,,,,,,,,,,11,1,2019_Aug_09_1350,FaceNameBlocked,3.0.0,59.99143383,
24,FacesBlock1_v2.xlsx,Eric.mp4,Eric.JPG,Eric,0,Էրիգ,0,0,0,0,,,,,0,8,8,0,,,,,,,,,None,,,,1,0.785294487,,,11,1,2019_Aug_09_1350,FaceNameBlocked,3.0.0,59.99143383,
5,FacesBlock1_v2.xlsx,Eric.mp4,Eric.JPG,Eric,0,Էրիգ,0,0,0,0,0,4,4,0,,,,,,,1,1,1.519068437,,,,,,,,,,,,11,1,2019_Aug_09_1350,FaceNameBlocked,3.0.0,59.99143383,
26,FacesBlock1_v2.xlsx,Ethan.mp4,Ethan.JPG,Ethan,11,Էդհան,0,0,0,0,,,,,0,10,10,11,,,,,,,,,"['1', 'backspace']","[8.200441639011842, 9.915508512000088]",[8.20044,8.20044,1,1.252031849,,,11,1,2019_Aug_09_1350,FaceNameBlocked,3.0.0,59.99143383,
6,FacesBlock1_v2.xlsx,Ethan.mp4,Ethan.JPG,Ethan,11,Էդհան,0,0,0,0,0,5,5,11,,,,,,,1,1,1.21961355,,,,,,,,,,,,11,1,2019_Aug_09_1350,FaceNameBlocked,3.0.0,59.99143383,
106,FacesBlock4_v2.xlsx,Grace.mp4,Grace.JPG,Grace,58,Կրագէ,0,3,3,3,,,,,0,0,0,13,,,,,,space,2.051094499, ,['space'],[5.5335167680023005],[5.53351,5.53351,1,1.16891095,,,11,1,2019_Aug_09_1350,FaceNameBlocked,3.0.0,59.99143383,
102,FacesBlock4_v2.xlsx,Grace.mp4,Grace.JPG,Grace,58,Կրագէ,0,3,3,3,0,11,11,13,,,,,,,1,2,1.885606688,,,,,,,,,,,,11,1,2019_Aug_09_1350,FaceNameBlocked,3.0.0,59.99143383,
47,FacesBlock2_v2.xlsx,Haley.mp4,Haley.JPG,Haley,20,Հալէե,0,1,1,1,,,,,0,1,1,5,,,,,,,,rachel,"['r', 'a', 'c', 'h', 'e', 'l']","[7.616369039009442, 7.899049205007032, 8.132874073999119, 8.249871020001592, 8.365853470008005, 8.3993027539982]",[7.61636,7.61636,1,3.201034886,,,11,1,2019_Aug_09_1350,FaceNameBlocked,3.0.0,59.99143383,
37,FacesBlock2_v2.xlsx,Haley.mp4,Haley.JPG,Haley,20,Հալէե,0,1,1,1,0,6,6,5,,,,,,,0,2,1.286150701,,,,,,,,,,,,11,1,2019_Aug_09_1350,FaceNameBlocked,3.0.0,59.99143383,
30,FacesBlock1_v2.xlsx,Hannah.mp4,Hannah.JPG,Hannah,1,Հաննահ,0,0,0,0,,,,,0,14,14,1,,,,,,,,,None,,,,1,0.652100972,,,11,1,2019_Aug_09_1350,FaceNameBlocked,3.0.0,59.99143383,
4,FacesBlock1_v2.xlsx,Hannah.mp4,Hannah.JPG,Hannah,1,Հաննահ,0,0,0,0,0,3,3,1,,,,,,,1,2,1.752771907,,,,,,,,,,,,11,1,2019_Aug_09_1350,FaceNameBlocked,3.0.0,59.99143383,
44,FacesBlock2_v2.xlsx,Heather.mp4,Heather.JPG,Heather,26,Հէադհէր,0,1,1,1,0,13,13,11,,,,,,,0,2,0.716798262,,,,,,,,,,,,11,1,2019_Aug_09_1350,FaceNameBlocked,3.0.0,59.99143383,
53,FacesBlock2_v2.xlsx,Heather.mp4,Heather.JPG,Heather,26,Հէադհէր,0,1,1,1,,,,,0,7,7,11,,,,,,,,,None,,,,1,2.034625963,,,11,1,2019_Aug_09_1350,FaceNameBlocked,3.0.0,59.99143383,
71,FacesBlock3_v2.xlsx,Jacob.mp4,Jacob.JPG,Jacob,39,Ճագոբ,0,2,2,2,0,10,10,9,,,,,,,1,1,2.21919687,,,,,,,,,,,,11,1,2019_Aug_09_1350,FaceNameBlocked,3.0.0,59.99143383,
85,FacesBlock3_v2.xlsx,Jacob.mp4,Jacob.JPG,Jacob,39,Ճագոբ,0,2,2,2,,,,,0,9,9,9,,,,,,,,jacob,"['j', 'a', 'c', 'o', 'b']","[5.384610217006411, 6.08395926700905, 6.534187040000688, 7.033587302008527, 7.3839984990045195]",[5.38461,5.38461,2,1.985007664,,,11,1,2019_Aug_09_1350,FaceNameBlocked,3.0.0,59.99143383,
114,FacesBlock4_v2.xlsx,Jason.mp4,Jason.JPG,Jason,49,Ճասոն,0,3,3,3,,,,,0,8,8,4,,,,,,,,jason ,"['j', 'a', 's', 'o', 'n', 'space']","[2.5688276610017056, 2.6853290400031256, 2.934225556004094, 3.068294276992674, 3.168010053996113, 9.249587450991385]",[2.56882,2.56882,4,1.035297956,,,11,1,2019_Aug_09_1350,FaceNameBlocked,3.0.0,59.99143383,
105,FacesBlock4_v2.xlsx,Jason.mp4,Jason.JPG,Jason,49,Ճասոն,0,3,3,3,0,14,14,4,,,,,,,1,1,1.002637848,,,,,,,,,,,,11,1,2019_Aug_09_1350,FaceNameBlocked,3.0.0,59.99143383,
12,FacesBlock1_v2.xlsx,Jenna.mp4,Jenna.JPG,Jenna,6,Ճէննա,0,0,0,0,0,11,11,6,,,,,,,0,2,0.519428006,,,,,,,,,,,,11,1,2019_Aug_09_1350,FaceNameBlocked,3.0.0,59.99143383,
29,FacesBlock1_v2.xlsx,Jenna.mp4,Jenna.JPG,Jenna,6,Ճէննա,0,0,0,0,,,,,0,13,13,6,,,,,,,,sarah,"['s', 'a', 'r', 'a', 'h']","[3.067984621011419, 3.6516611890110653, 4.167425168008776, 4.367960022005718, 5.167917894999846]",[3.06798,3.06798,2,0.418243331,,,11,1,2019_Aug_09_1350,FaceNameBlocked,3.0.0,59.99143383,
54,FacesBlock2_v2.xlsx,Jeremy.mp4,Jeremy.JPG,Jeremy,15,Ճէրէմե,0,1,1,1,,,,,0,8,8,0,,,,,,,,jeremy,"['j', 'e', 'r', 'e', 'm', 'y']","[2.3844963790033944, 2.534762697003316, 2.7512229760031914, 2.885008684999775, 3.9340992749930592, 4.050685676003923]",[2.38449,2.38449,3,0.752225744,,,11,1,2019_Aug_09_1350,FaceNameBlocked,3.0.0,59.99143383,
43,FacesBlock2_v2.xlsx,Jeremy.mp4,Jeremy.JPG,Jeremy,15,Ճէրէմե,0,1,1,1,0,12,12,0,,,,,,,1,1,0.686294986,,,,,,,,,,,,11,1,2019_Aug_09_1350,FaceNameBlocked,3.0.0,59.99143383,
2,FacesBlock1_v2.xlsx,Jessica.mp4,Jessica.JPG,Jessica,8,Ճէսսիգա,0,0,0,0,0,1,1,8,,,,,,,1,2,1.569480328,,,,,,,,,,,,11,1,2019_Aug_09_1350,FaceNameBlocked,3.0.0,59.99143383,
23,FacesBlock1_v2.xlsx,Jessica.mp4,Jessica.JPG,Jessica,8,Ճէսսիգա,0,0,0,0,,,,,0,7,7,8,,,,,,,, ,['space'],[8.016839596995851],[8.01683,8.01683,1,0.617954759,,,11,1,2019_Aug_09_1350,FaceNameBlocked,3.0.0,59.99143383,
55,FacesBlock2_v2.xlsx,Josh.mp4,Josh.JPG,Josh,19,Ճոսհ,0,1,1,1,,,,,0,9,9,4,,,,,,,,josh,"['j', 'o', 's', 'h']","[6.3670300639932975, 6.484032407999621, 6.800688934003119, 8.033334585998091]",[6.36703,6.36703,3,1.118693744,,,11,1,2019_Aug_09_1350,FaceNameBlocked,3.0.0,59.99143383,
40,FacesBlock2_v2.xlsx,Josh.mp4,Josh.JPG,Josh,19,Ճոսհ,0,1,1,1,0,9,9,4,,,,,,,0,1,0.719367921,,,,,,,,,,,,11,1,2019_Aug_09_1350,FaceNameBlocked,3.0.0,59.99143383,
8,FacesBlock1_v2.xlsx,Julia.mp4,Julia.JPG,Julia,13,Ճըլիա,0,0,0,0,0,7,7,13,,,,,,,0,2,0.719516733,,,,,,,,,,,,11,1,2019_Aug_09_1350,FaceNameBlocked,3.0.0,59.99143383,
22,FacesBlock1_v2.xlsx,Julia.mp4,Julia.JPG,Julia,13,Ճըլիա,0,0,0,0,,,,,0,6,6,13,,,,,,,,,None,,,,1,2.78472523,,,11,1,2019_Aug_09_1350,FaceNameBlocked,3.0.0,59.99143383,
49,FacesBlock2_v2.xlsx,Justin.mp4,Justin.JPG,Justin,27,Ճըսդին,0,1,1,1,,,,,0,3,3,12,,,,,,,,,None,,,,1,1.118754895,,,11,1,2019_Aug_09_1350,FaceNameBlocked,3.0.0,59.99143383,
34,FacesBlock2_v2.xlsx,Justin.mp4,Justin.JPG,Justin,27,Ճըսդին,0,1,1,1,0,3,3,12,,,,,,,1,1,1.302985928,,,,,,,,,,,,11,1,2019_Aug_09_1350,FaceNameBlocked,3.0.0,59.99143383,
119,FacesBlock4_v2.xlsx,Katie.mp4,Katie.JPG,Katie,54,Քադիէ,0,3,3,3,,,,,0,13,13,9,,,,,,,,catty,"['c', 'a', 't', 'h', 'i', 'e', 'backspace', 'backspace', 'backspace', 'backspace', 'backspace', 'a', 't', 't', 'y']","[3.567779575008899, 3.7847871740086703, 4.018051828010357, 4.168063986013294, 4.2339861240034224, 4.317982019012561, 7.099732116010273, 7.36593240100774, 7.533201274010935, 7.649300948003656, 7.81633744201099, 8.1500940380065, 8.683115169013035, 8.849736345000565, 8.949678958000732]",[3.56777,3.56777,2,1.21841147,,,11,1,2019_Aug_09_1350,FaceNameBlocked,3.0.0,59.99143383,
96,FacesBlock4_v2.xlsx,Katie.mp4,Katie.JPG,Katie,54,Քադիէ,0,3,3,3,0,5,5,9,,,,,,,1,2,7.10071408,,,,,,,,,,,,11,1,2019_Aug_09_1350,FaceNameBlocked,3.0.0,59.99143383,
72,FacesBlock3_v2.xlsx,Kayla.mp4,Kayla.JPG,Kayla,34,Սարահ,0,2,2,2,0,11,11,4,,,,,,,0,2,3.201950787,,,,,,,,,,,,11,1,2019_Aug_09_1350,FaceNameBlocked,3.0.0,59.99143383,
84,FacesBlock3_v2.xlsx,Kayla.mp4,Kayla.JPG,Kayla,34,Սարահ,0,2,2,2,,,,,0,8,8,4,,,,,,,,kayla,"['k', 'a', 'y', 'l', 'a']","[2.7017225140007213, 2.885529666004004, 3.034746716002701, 3.58531369100092, 3.8346962859941414]",[2.70172,2.70172,4,1.168290675,,,11,1,2019_Aug_09_1350,FaceNameBlocked,3.0.0,59.99143383,
1,FacesBlock1_v2.xlsx,Kelsey.mp4,Kelsey.JPG,Kelsey,12,Քէլսէե,0,0,0,0,0,0,0,12,,,,,,,1,2,2.535095536,,,,,,,,,,,,11,1,2019_Aug_09_1350,FaceNameBlocked,3.0.0,59.99143383,
27,FacesBlock1_v2.xlsx,Kelsey.mp4,Kelsey.JPG,Kelsey,12,Քէլսէե,0,0,0,0,,,,,0,11,11,12,,,,,,,,,None,,,,1,0.785372186,,,11,1,2019_Aug_09_1350,FaceNameBlocked,3.0.0,59.99143383,
76,FacesBlock3_v2.xlsx,Kevin.mp4,Kevin.JPG,Kevin,41,Քէւին,0,2,2,2,,,,,0,0,0,11,,,,,,space,9.731746469,kevin,"['k', 'e', 'v', 'i', 'n']","[3.5187445170013234, 3.6344328529958148, 4.05158450199815, 4.201181723998161, 4.31764031999046]",[3.51874,3.51874,2,1.349943543,,,11,1,2019_Aug_09_1350,FaceNameBlocked,3.0.0,59.99143383,
73,FacesBlock3_v2.xlsx,Kevin.mp4,Kevin.JPG,Kevin,41,Քէւին,0,2,2,2,0,12,12,11,,,,,,,1,1,1.502904041,,,,,,,,,,,,11,1,2019_Aug_09_1350,FaceNameBlocked,3.0.0,59.99143383,
3,FacesBlock1_v2.xlsx,Kyle.mp4,Kyle.JPG,Kyle,4,Քելէ,0,0,0,0,0,2,2,4,,,,,,,1,1,1.036535612,,,,,,,,,,,,11,1,2019_Aug_09_1350,FaceNameBlocked,3.0.0,59.99143383,
21,FacesBlock1_v2.xlsx,Kyle.mp4,Kyle.JPG,Kyle,4,Քելէ,0,0,0,0,,,,,0,5,5,4,,,,,,,,,None,,,,1,1.751222679,,,11,1,2019_Aug_09_1350,FaceNameBlocked,3.0.0,59.99143383,
67,FacesBlock3_v2.xlsx,Lauren.mp4,Lauren.JPG,Lauren,38,Լաըրէն,0,2,2,2,0,6,6,8,,,,,,,1,2,2.135624709,,,,,,,,,,,,11,1,2019_Aug_09_1350,FaceNameBlocked,3.0.0,59.99143383,
81,FacesBlock3_v2.xlsx,Lauren.mp4,Lauren.JPG,Lauren,38,Լաըրէն,0,2,2,2,,,,,0,5,5,8,,,,,,,,,None,,,,1,1.534962622,,,11,1,2019_Aug_09_1350,FaceNameBlocked,3.0.0,59.99143383,
62,FacesBlock3_v2.xlsx,Mark.mp4,Mark.JPG,Mark,40,Մարք,0,2,2,2,0,1,1,10,,,,,,,1,1,4.051060325,,,,,,,,,,,,11,1,2019_Aug_09_1350,FaceNameBlocked,3.0.0,59.99143383,
88,FacesBlock3_v2.xlsx,Mark.mp4,Mark.JPG,Mark,40,Մարք,0,2,2,2,,,,,0,12,12,10,,,,,,,,,None,,,,1,1.434851684,,,11,1,2019_Aug_09_1350,FaceNameBlocked,3.0.0,59.99143383,
14,FacesBlock1_v2.xlsx,Matthew.mp4,Matthew.JPG,Matthew,9,Մադդհէվ,0,0,0,0,0,13,13,9,,,,,,,0,1,0.619658655,,,,,,,,,,,,11,1,2019_Aug_09_1350,FaceNameBlocked,3.0.0,59.99143383,
17,FacesBlock1_v2.xlsx,Matthew.mp4,Matthew.JPG,Matthew,9,Մադդհէվ,0,0,0,0,,,,,0,1,1,9,,,,,,,,,None,,,,1,1.301183899,,,11,1,2019_Aug_09_1350,FaceNameBlocked,3.0.0,59.99143383,
35,FacesBlock2_v2.xlsx,Megan.mp4,Megan.JPG,Megan,25,Մէկան,0,1,1,1,0,4,4,10,,,,,,,1,2,1.136110979,,,,,,,,,,,,11,1,2019_Aug_09_1350,FaceNameBlocked,3.0.0,59.99143383,
48,FacesBlock2_v2.xlsx,Megan.mp4,Megan.JPG,Megan,25,Մէկան,0,1,1,1,,,,,0,2,2,10,,,,,,,,ashley,"['a', 's', 'h', 'l', 'e', 'y']","[5.533282934004092, 5.74850950500695, 5.8830686709989095, 6.0501229649962625, 6.07133825100027, 6.333820460000425]",[5.53328,5.53328,1,1.068212187,,,11,1,2019_Aug_09_1350,FaceNameBlocked,3.0.0,59.99143383,
116,FacesBlock4_v2.xlsx,Michael.mp4,Michael.JPG,Michael,46,Միգհաէլ,0,3,3,3,,,,,0,10,10,1,,,,,,,,michael,"['m', 'i', 'c', 'h', 'a', 'e', 'l']","[4.31750261799607, 4.416876977993525, 4.666824860003544, 5.033717792000971, 5.566538066996145, 5.950070856997627, 6.066596371005289]",[4.31750,4.31750,2,2.201421874,,,11,1,2019_Aug_09_1350,FaceNameBlocked,3.0.0,59.99143383,
94,FacesBlock4_v2.xlsx,Michael.mp4,Michael.JPG,Michael,46,Միգհաէլ,0,3,3,3,0,3,3,1,,,,,,,0,1,1.602794763,,,,,,,,,,,,11,1,2019_Aug_09_1350,FaceNameBlocked,3.0.0,59.99143383,
118,FacesBlock4_v2.xlsx,Michelle.mp4,Michelle.JPG,Michelle,52,Միգհէլլէ,0,3,3,3,,,,,0,12,12,7,,,,,,,,,None,,,,1,0.419134171,,,11,1,2019_Aug_09_1350,FaceNameBlocked,3.0.0,59.99143383,
91,FacesBlock4_v2.xlsx,Michelle.mp4,Michelle.JPG,Michelle,52,Միգհէլլէ,0,3,3,3,0,0,0,7,,,,,,,0,2,2.285821097,,,,,,,,,,,,11,1,2019_Aug_09_1350,FaceNameBlocked,3.0.0,59.99143383,
10,FacesBlock1_v2.xlsx,Natalie.mp4,Natalie.JPG,Natalie,7,Նադալիէ,0,0,0,0,0,9,9,7,,,,,,,1,2,0.370387591,,,,,,,,,,,,11,1,2019_Aug_09_1350,FaceNameBlocked,3.0.0,59.99143383,
19,FacesBlock1_v2.xlsx,Natalie.mp4,Natalie.JPG,Natalie,7,Նադալիէ,0,0,0,0,,,,,0,3,3,7,,,,,,,,,"['1', 'backspace']","[5.816914809009177, 8.865840986007242]",[5.81691,5.81691,1,2.351374651,,,11,1,2019_Aug_09_1350,FaceNameBlocked,3.0.0,59.99143383,
70,FacesBlock3_v2.xlsx,Nathan.mp4,Nathan.JPG,Nathan,37,Նադհան,0,2,2,2,0,9,9,7,,,,,,,0,1,2.402482936,,,,,,,,,,,,11,1,2019_Aug_09_1350,FaceNameBlocked,3.0.0,59.99143383,
80,FacesBlock3_v2.xlsx,Nathan.mp4,Nathan.JPG,Nathan,37,Նադհան,0,2,2,2,,,,,0,4,4,7,,,,,,,,nathan,"['n', 'a', 't', 'h', 'a', 'n']","[1.3188079609972192, 1.685535060998518, 1.8689976729947375, 2.0023667280038353, 2.102998350994312, 2.252143450998119]",[1.31880,1.31880,4,2.417974758,,,11,1,2019_Aug_09_1350,FaceNameBlocked,3.0.0,59.99143383,
69,FacesBlock3_v2.xlsx,Nicole.mp4,Nicole.JPG,Nicole,43,Նիգոլէ,0,2,2,2,0,8,8,13,,,,,,,0,2,2.33305731,,,,,,,,,,,,11,1,2019_Aug_09_1350,FaceNameBlocked,3.0.0,59.99143383,
82,FacesBlock3_v2.xlsx,Nicole.mp4,Nicole.JPG,Nicole,43,Նիգոլէ,0,2,2,2,,,,,0,6,6,13,,,,,,,,nicola,"['n', 'i', 'c', 'o', 'l', 'a']","[1.8678371449932456, 2.034765142001561, 2.317889166995883, 2.4506515359971672, 2.6986951860017143, 2.851143908002996]",[1.86783,1.86783,4,1.618766536,,,11,1,2019_Aug_09_1350,FaceNameBlocked,3.0.0,59.99143383,
68,FacesBlock3_v2.xlsx,Noah.mp4,Noah.JPG,Noah,31,Նոահ,0,2,2,2,0,7,7,1,,,,,,,0,1,0.95217414,,,,,,,,,,,,11,1,2019_Aug_09_1350,FaceNameBlocked,3.0.0,59.99143383,
79,FacesBlock3_v2.xlsx,Noah.mp4,Noah.JPG,Noah,31,Նոահ,0,2,2,2,,,,,0,3,3,1,,,,,,,,,None,,,,1,1.102052356,,,11,1,2019_Aug_09_1350,FaceNameBlocked,3.0.0,59.99143383,
65,FacesBlock3_v2.xlsx,Olivia.mp4,Olivia.JPG,Olivia,35,Ոլիւիա,0,2,2,2,0,4,4,5,,,,,,,1,2,4.051904133,,,,,,,,,,,,11,1,2019_Aug_09_1350,FaceNameBlocked,3.0.0,59.99143383,
78,FacesBlock3_v2.xlsx,Olivia.mp4,Olivia.JPG,Olivia,35,Ոլիւիա,0,2,2,2,,,,,0,2,2,5,,,,,,,,shelby,"['s', 'h', 'e', 'l', 'b', 'y']","[6.266626582000754, 6.400809568993282, 6.567245191996335, 6.899667126999702, 7.1835356389929075, 7.283949549993849]",[6.26662,6.26662,3,2.168107422,,,11,1,2019_Aug_09_1350,FaceNameBlocked,3.0.0,59.99143383,
58,FacesBlock2_v2.xlsx,Rachel.mp4,Rachel.JPG,Rachel,29,Րագհէլ,0,1,1,1,,,,,0,12,12,14,,,,,,,,,None,,,,1,1.101371931,,,11,1,2019_Aug_09_1350,FaceNameBlocked,3.0.0,59.99143383,
33,FacesBlock2_v2.xlsx,Rachel.mp4,Rachel.JPG,Rachel,29,Րագհէլ,0,1,1,1,0,2,2,14,,,,,,,1,2,1.102419767,,,,,,,,,,,,11,1,2019_Aug_09_1350,FaceNameBlocked,3.0.0,59.99143383,
64,FacesBlock3_v2.xlsx,Rebecca.mp4,Rebecca.JPG,Rebecca,32,Րէբէգգա,0,2,2,2,0,3,3,2,,,,,,,0,2,0.903261833,,,,,,,,,,,,11,1,2019_Aug_09_1350,FaceNameBlocked,3.0.0,59.99143383,
89,FacesBlock3_v2.xlsx,Rebecca.mp4,Rebecca.JPG,Rebecca,32,Րէբէգգա,0,2,2,2,,,,,0,13,13,2,,,,,,,,rebbecca,"['r', 'e', 'b', 'b', 'e', 'c', 'c', 'a']","[2.2013586389948614, 2.3678553310019197, 2.550820135991671, 3.101177011994878, 3.784206438998808, 4.350803009001538, 4.566994552995311, 4.699921938998159]",[2.20135,2.20135,4,1.067979792,,,11,1,2019_Aug_09_1350,FaceNameBlocked,3.0.0,59.99143383,
86,FacesBlock3_v2.xlsx,Sarah.mp4,Sarah.JPG,Sarah,33,Սարահ,0,2,2,2,,,,,0,10,10,3,,,,,,,,sarah,"['r', 'a', 'r', 'backspace', 'backspace', 'backspace', 's', 'r', 'backspace', 'a', 'r', 'a', 'h']","[1.9847806729958393, 2.250445130994194, 2.601062544999877, 3.1836527369887335, 3.3501181109895697, 3.4836027289857157, 3.667061982996529, 3.8168459679873195, 4.149919469986344, 4.300020586990286, 4.433641018986236, 4.60039785898698, 4.733545218987274]",[1.98478,1.98478,4,1.301627814,,,11,1,2019_Aug_09_1350,FaceNameBlocked,3.0.0,59.99143383,
63,FacesBlock3_v2.xlsx,Sarah.mp4,Sarah.JPG,Sarah,33,Սարահ,0,2,2,2,0,2,2,3,,,,,,,1,2,2.419327901,,,,,,,,,,,,11,1,2019_Aug_09_1350,FaceNameBlocked,3.0.0,59.99143383,
83,FacesBlock3_v2.xlsx,Shelby.mp4,Shelby.JPG,Shelby,36,Սհէլբե,0,2,2,2,,,,,0,7,7,6,,,,,,,,,None,,,,1,1.285346979,,,11,1,2019_Aug_09_1350,FaceNameBlocked,3.0.0,59.99143383,
75,FacesBlock3_v2.xlsx,Shelby.mp4,Shelby.JPG,Shelby,36,Սհէլբե,0,2,2,2,0,14,14,6,,,,,,,1,2,1.017460491,,,,,,,,,,,,11,1,2019_Aug_09_1350,FaceNameBlocked,3.0.0,59.99143383,
60,FacesBlock2_v2.xlsx,Steven.mp4,Steven.JPG,Steven,17,Սդէւէն,0,1,1,1,,,,,0,14,14,2,,,,,,,, ,['space'],[9.78289245099586],[9.78289,9.78289,1,1.384882667,,,11,1,2019_Aug_09_1350,FaceNameBlocked,3.0.0,59.99143383,
38,FacesBlock2_v2.xlsx,Steven.mp4,Steven.JPG,Steven,17,Սդէւէն,0,1,1,1,0,7,7,2,,,,,,,1,1,1.485688268,,,,,,,,,,,,11,1,2019_Aug_09_1350,FaceNameBlocked,3.0.0,59.99143383,
97,FacesBlock4_v2.xlsx,Taylor.mp4,Taylor.JPG,Taylor,45,Դաելոր,0,3,3,3,0,6,6,0,,,,,,,0,2,0.801861684,,,,,,,,,,,,11,1,2019_Aug_09_1350,FaceNameBlocked,3.0.0,59.99143383,
120,FacesBlock4_v2.xlsx,Taylor.mp4,Taylor.JPG,Taylor,45,Դաելոր,0,3,3,3,,,,,0,14,14,0,,,,,,,,,None,,,,1,1.635296757,,,11,1,2019_Aug_09_1350,FaceNameBlocked,3.0.0,59.99143383,
90,FacesBlock3_v2.xlsx,Thomas.mp4,Thomas.JPG,Thomas,44,Դհոմաս,0,2,2,2,,,,,0,14,14,14,,,,,,,,jason,"['j', 'a', 's', 'o', 'n']","[7.683956073000445, 8.033309043996269, 8.300496973999543, 8.381547233992023, 8.48253546799242]",[7.68395,7.68395,1,1.285088456,,,11,1,2019_Aug_09_1350,FaceNameBlocked,3.0.0,59.99143383,
66,FacesBlock3_v2.xlsx,Thomas.mp4,Thomas.JPG,Thomas,44,Դհոմաս,0,2,2,2,0,5,5,14,,,,,,,1,1,3.035133063,,,,,,,,,,,,11,1,2019_Aug_09_1350,FaceNameBlocked,3.0.0,59.99143383,
16,FacesBlock1_v2.xlsx,Timothy.mp4,Timothy.JPG,Timothy,10,Դիմոդհե,0,0,0,0,,,,,0,0,0,10,,,,,,space,49.6861822,timothe,"['t', 'i', 'm', 'o', 't', 'h', 'r', 'backspace', 'backspace', 'e', 'backspace', 'h', 'e']","[2.7521250739955576, 2.9186034299927996, 3.0848584649938857, 3.2850461560010444, 4.418134075996932, 4.501210888993228, 4.601317191001726, 5.267043311992893, 6.1838330189930275, 6.333858425990911, 7.4666295899951365, 8.181544078994193, 8.283367777999956]",[2.75212,2.75212,2,3.034536134,,,11,1,2019_Aug_09_1350,FaceNameBlocked,3.0.0,59.99143383,
15,FacesBlock1_v2.xlsx,Timothy.mp4,Timothy.JPG,Timothy,10,Դիմոդհե,0,0,0,0,0,14,14,10,,,,,,,0,1,0.986510066,,,,,,,,,,,,11,1,2019_Aug_09_1350,FaceNameBlocked,3.0.0,59.99143383,
59,FacesBlock2_v2.xlsx,Trevor.mp4,Trevor.JPG,Trevor,21,Դրէւոր,0,1,1,1,,,,,0,13,13,6,,,,,,,,trevor,"['t', 'r', 'v', 'o', 'r', 'backspace', 'backspace', 'backspace', 'e', 'v', 'o', 'r']","[2.1514216529903933, 2.334949919997598, 2.8513328959961655, 2.9849926239985507, 3.1009857919998467, 4.217323935998138, 4.400445800987654, 4.483761556999525, 4.767300395993516, 5.2167929869901855, 5.667062246997375, 5.83376589899126]",[2.15142,2.15142,2,1.751476464,,,11,1,2019_Aug_09_1350,FaceNameBlocked,3.0.0,59.99143383,
45,FacesBlock2_v2.xlsx,Trevor.mp4,Trevor.JPG,Trevor,21,Դրէւոր,0,1,1,1,0,14,14,6,,,,,,,0,1,0.303068418,,,,,,,,,,,,11,1,2019_Aug_09_1350,FaceNameBlocked,3.0.0,59.99143383,
46,FacesBlock2_v2.xlsx,Tyler.mp4,Tyler.JPG,Tyler,22,Դելէր,0,1,1,1,,,,,0,0,0,7,,,,,,space,22.51140787,david,"['d', 'a', 'v', 'i', 'd']","[3.8512766859930707, 4.118192235997412, 4.834569783997722, 5.018150187999709, 5.183907402999466]",[3.85127,3.85127,1,4.183756235,,,11,1,2019_Aug_09_1350,FaceNameBlocked,3.0.0,59.99143383,
31,FacesBlock2_v2.xlsx,Tyler.mp4,Tyler.JPG,Tyler,22,Դելէր,0,1,1,1,0,0,0,7,,,,,,,0,1,3.485388311,,,,,,,,,,,,11,1,2019_Aug_09_1350,FaceNameBlocked,3.0.0,59.99143383,
0,,,,,,,,,,,,,,,,,,,space,608.6054571,,,,,,,,,,,,,,,11,1,2019_Aug_09_1350,FaceNameBlocked,3.0.0,59.99143383,
121,,,,,,,,,,,,,,,,,,,,,,,,,,,,,,,,,space,1.884740633,11,1,2019_Aug_09_1350,FaceNameBlocked,3.0.0,59.99143383,