,condsFile,Video,Photo,Name,Row,Name2,blocks.thisRepN,blocks.thisTrialN,blocks.thisN,blocks.thisIndex,presentations.thisRepN,presentations.thisTrialN,presentations.thisN,presentations.thisIndex,testing.thisRepN,testing.thisTrialN,testing.thisN,testing.thisIndex,advance_1.keys,advance_1.rt,currentCond,judgementResp.keys,judgementResp.rt,advance_2.keys,advance_2.rt,inputText,key_resp_3.keys,rating_resp.keys,rating_resp.rt,key_resp_3.rt,,key_resp3_fin,end_key.keys,end_key.rt,participant,session,date,expName,psychopyVersion,frameRate,Unnamed: 38
60,FacesBlock2_v2.xlsx,Aaron.mp4,Aaron.JPG,Aaron,18,Աարոն,0,1,1,1,,,,,0,14,14,3,,,,,,,,,None,1,0.50210683,,,,,,12,1,2019_Aug_12_1004,FaceNameBlocked,3.0.0,60.04171578,
36,FacesBlock2_v2.xlsx,Aaron.mp4,Aaron.JPG,Aaron,18,Աարոն,0,1,1,1,0,5,5,3,,,,,,,1,1,0.71871082,,,,,,,,,,,,12,1,2019_Aug_12_1004,FaceNameBlocked,3.0.0,60.04171578,
5,FacesBlock1_v2.xlsx,Adam.mp4,Adam.JPG,Adam,5,Ատամ,0,0,0,0,0,4,4,5,,,,,,,1,1,0.370105803,,,,,,,,,,,,12,1,2019_Aug_12_1004,FaceNameBlocked,3.0.0,60.04171578,
26,FacesBlock1_v2.xlsx,Adam.mp4,Adam.JPG,Adam,5,Ատամ,0,0,0,0,,,,,0,10,10,5,,,,,,,,,None,1,0.552417861,,,,,,12,1,2019_Aug_12_1004,FaceNameBlocked,3.0.0,60.04171578,
107,FacesBlock4_v2.xlsx,Alyssa.mp4,Alyssa.JPG,Alyssa,55,Ալեսսա,0,3,3,3,,,,,0,1,1,10,,,,,,,,,None,1,0.400159137,,,,,,12,1,2019_Aug_12_1004,FaceNameBlocked,3.0.0,60.04171578,
104,FacesBlock4_v2.xlsx,Alyssa.mp4,Alyssa.JPG,Alyssa,55,Ալեսսա,0,3,3,3,0,13,13,10,,,,,,,0,2,0.852651141,,,,,,,,,,,,12,1,2019_Aug_12_1004,FaceNameBlocked,3.0.0,60.04171578,
23,FacesBlock1_v2.xlsx,Amanda.mp4,Amanda.JPG,Amanda,2,Ամանտա,0,0,0,0,,,,,0,7,7,2,,,,,,,,,None,1,0.452291543,,,,,,12,1,2019_Aug_12_1004,FaceNameBlocked,3.0.0,60.04171578,
3,FacesBlock1_v2.xlsx,Amanda.mp4,Amanda.JPG,Amanda,2,Ամանտա,0,0,0,0,0,2,2,2,,,,,,,1,2,0.670176051,,,,,,,,,,,,12,1,2019_Aug_12_1004,FaceNameBlocked,3.0.0,60.04171578,
119,FacesBlock4_v2.xlsx,Andrew.mp4,Andrew.JPG,Andrew,51,Անտրէվ,0,3,3,3,,,,,0,13,13,6,,,,,,,,,None,1,0.518922521,,,,,,12,1,2019_Aug_12_1004,FaceNameBlocked,3.0.0,60.04171578,
99,FacesBlock4_v2.xlsx,Andrew.mp4,Andrew.JPG,Andrew,51,Անտրէվ,0,3,3,3,0,8,8,6,,,,,,,1,1,1.299898156,,,,,,,,,,,,12,1,2019_Aug_12_1004,FaceNameBlocked,3.0.0,60.04171578,
116,FacesBlock4_v2.xlsx,Anna.mp4,Anna.JPG,Anna,47,Աննա,0,3,3,3,,,,,0,10,10,2,,,,,,,,,None,1,0.367982394,,,,,,12,1,2019_Aug_12_1004,FaceNameBlocked,3.0.0,60.04171578,
100,FacesBlock4_v2.xlsx,Anna.mp4,Anna.JPG,Anna,47,Աննա,0,3,3,3,0,9,9,2,,,,,,,1,2,1.28586048,,,,,,,,,,,,12,1,2019_Aug_12_1004,FaceNameBlocked,3.0.0,60.04171578,
52,FacesBlock2_v2.xlsx,Ashley.mp4,Ashley.JPG,Ashley,24,Ասհլէե,0,1,1,1,,,,,0,6,6,9,,,,,,,,,None,1,1.269308046,,,,,,12,1,2019_Aug_12_1004,FaceNameBlocked,3.0.0,60.04171578,
34,FacesBlock2_v2.xlsx,Ashley.mp4,Ashley.JPG,Ashley,24,Ասհլէե,0,1,1,1,0,3,3,9,,,,,,,1,2,0.669491339,,,,,,,,,,,,12,1,2019_Aug_12_1004,FaceNameBlocked,3.0.0,60.04171578,
6,FacesBlock1_v2.xlsx,Bradley.mp4,Bradley.JPG,Bradley,14,Բրատլէե,0,0,0,0,0,5,5,14,,,,,,,0,1,0.518636745,,,,,,,,,,,,12,1,2019_Aug_12_1004,FaceNameBlocked,3.0.0,60.04171578,
22,FacesBlock1_v2.xlsx,Bradley.mp4,Bradley.JPG,Bradley,14,Բրատլէե,0,0,0,0,,,,,0,6,6,14,,,,,,,,,None,1,0.535728592,,,,,,12,1,2019_Aug_12_1004,FaceNameBlocked,3.0.0,60.04171578,
110,FacesBlock4_v2.xlsx,Brandon.mp4,Brandon.JPG,Brandon,56,Բրանտոն,0,3,3,3,,,,,0,4,4,11,,,,,,,,,None,1,0.485710896,,,,,,12,1,2019_Aug_12_1004,FaceNameBlocked,3.0.0,60.04171578,
96,FacesBlock4_v2.xlsx,Brandon.mp4,Brandon.JPG,Brandon,56,Բրանտոն,0,3,3,3,0,5,5,11,,,,,,,0,1,1.336365706,,,,,,,,,,,,12,1,2019_Aug_12_1004,FaceNameBlocked,3.0.0,60.04171578,
115,FacesBlock4_v2.xlsx,Brian.mp4,Brian.JPG,Brian,53,Բրիան,0,3,3,3,,,,,0,9,9,8,,,,,,,,,None,1,0.302209733,,,,,,12,1,2019_Aug_12_1004,FaceNameBlocked,3.0.0,60.04171578,
95,FacesBlock4_v2.xlsx,Brian.mp4,Brian.JPG,Brian,53,Բրիան,0,3,3,3,0,4,4,8,,,,,,,1,1,1.285893627,,,,,,,,,,,,12,1,2019_Aug_12_1004,FaceNameBlocked,3.0.0,60.04171578,
97,FacesBlock4_v2.xlsx,Brianna.mp4,Brianna.JPG,Brianna,48,Բրիաննա,0,3,3,3,0,6,6,3,,,,,,,0,2,1.01958524,,,,,,,,,,,,12,1,2019_Aug_12_1004,FaceNameBlocked,3.0.0,60.04171578,
114,FacesBlock4_v2.xlsx,Brianna.mp4,Brianna.JPG,Brianna,48,Բրիաննա,0,3,3,3,,,,,0,8,8,3,,,,,,,,,None,1,0.302656374,,,,,,12,1,2019_Aug_12_1004,FaceNameBlocked,3.0.0,60.04171578,
50,FacesBlock2_v2.xlsx,Brittany.mp4,Brittany.JPG,Brittany,28,Բրիդդանե,0,1,1,1,,,,,0,4,4,13,,,,,,,,,None,1,0.54999062,,,,,,12,1,2019_Aug_12_1004,FaceNameBlocked,3.0.0,60.04171578,
33,FacesBlock2_v2.xlsx,Brittany.mp4,Brittany.JPG,Brittany,28,Բրիդդանե,0,1,1,1,0,2,2,13,,,,,,,0,2,0.85068205,,,,,,,,,,,,12,1,2019_Aug_12_1004,FaceNameBlocked,3.0.0,60.04171578,
103,FacesBlock4_v2.xlsx,Caleb.mp4,Caleb.JPG,Caleb,59,Գալէբ,0,3,3,3,0,12,12,14,,,,,,,0,1,1.26970632,,,,,,,,,,,,12,1,2019_Aug_12_1004,FaceNameBlocked,3.0.0,60.04171578,
109,FacesBlock4_v2.xlsx,Caleb.mp4,Caleb.JPG,Caleb,59,Գալէբ,0,3,3,3,,,,,0,3,3,14,,,,,,,,Caleb,"['lshift', 'c', 'a', 'l', 'e', 'b']",1,0.884890486,"[1.0331875830015633, 1.2850555999903008, 2.201396905002184, 2.5511558599973796, 2.801234680999187, 3.234641488001216]",[1.03318,1.03318,,,12,1,2019_Aug_12_1004,FaceNameBlocked,3.0.0,60.04171578,
48,FacesBlock2_v2.xlsx,Cody.mp4,Cody.JPG,Cody,23,Գոտե,0,1,1,1,,,,,0,2,2,8,,,,,,,,Justin,"['lshift', 'j', 'u', 's', 't', 'i', 'n']",1,0.36819707,"[2.43349480300094, 2.7683965920004994, 3.06855497599463, 3.2682718349969946, 3.518358317000093, 3.6346853760041995, 3.7845806679979432]",[2.43349,2.43349,,,12,1,2019_Aug_12_1004,FaceNameBlocked,3.0.0,60.04171578,
37,FacesBlock2_v2.xlsx,Cody.mp4,Cody.JPG,Cody,23,Գոտե,0,1,1,1,0,6,6,8,,,,,,,0,1,0.253098664,,,,,,,,,,,,12,1,2019_Aug_12_1004,FaceNameBlocked,3.0.0,60.04171578,
73,FacesBlock3_v2.xlsx,Courtney.mp4,Courtney.JPG,Courtney,42,Գոըրդնէե,0,2,2,2,0,12,12,12,,,,,,,1,2,0.536351615,,,,,,,,,,,,12,1,2019_Aug_12_1004,FaceNameBlocked,3.0.0,60.04171578,
87,FacesBlock3_v2.xlsx,Courtney.mp4,Courtney.JPG,Courtney,42,Գոըրդնէե,0,2,2,2,,,,,0,11,11,12,,,,,,,,,None,1,0.618712348,,,,,,12,1,2019_Aug_12_1004,FaceNameBlocked,3.0.0,60.04171578,
74,FacesBlock3_v2.xlsx,Daniel.mp4,Daniel.JPG,Daniel,30,Տանիէլ,0,2,2,2,0,13,13,0,,,,,,,1,1,0.700275272,,,,,,,,,,,,12,1,2019_Aug_12_1004,FaceNameBlocked,3.0.0,60.04171578,
86,FacesBlock3_v2.xlsx,Daniel.mp4,Daniel.JPG,Daniel,30,Տանիէլ,0,2,2,2,,,,,0,10,10,0,,,,,,,,,None,1,0.752378803,,,,,,12,1,2019_Aug_12_1004,FaceNameBlocked,3.0.0,60.04171578,
8,FacesBlock1_v2.xlsx,Danielle.mp4,Danielle.JPG,Danielle,3,Տանիէլլէ,0,0,0,0,0,7,7,3,,,,,,,0,2,0.453182254,,,,,,,,,,,,12,1,2019_Aug_12_1004,FaceNameBlocked,3.0.0,60.04171578,
27,FacesBlock1_v2.xlsx,Danielle.mp4,Danielle.JPG,Danielle,3,Տանիէլլէ,0,0,0,0,,,,,0,11,11,3,,,,,,,,,None,1,0.286639241,,,,,,12,1,2019_Aug_12_1004,FaceNameBlocked,3.0.0,60.04171578,
39,FacesBlock2_v2.xlsx,David.mp4,David.JPG,David,16,Տաւիտ,0,1,1,1,0,8,8,1,,,,,,,0,1,0.503446452,,,,,,,,,,,,12,1,2019_Aug_12_1004,FaceNameBlocked,3.0.0,60.04171578,
55,FacesBlock2_v2.xlsx,David.mp4,David.JPG,David,16,Տաւիտ,0,1,1,1,,,,,0,9,9,1,,,,,,,,,None,1,0.918844955,,,,,,12,1,2019_Aug_12_1004,FaceNameBlocked,3.0.0,60.04171578,
108,FacesBlock4_v2.xlsx,Dylan.mp4,Dylan.JPG,Dylan,50,Տելան,0,3,3,3,,,,,0,2,2,5,,,,,,,,,None,1,0.368937702,,,,,,12,1,2019_Aug_12_1004,FaceNameBlocked,3.0.0,60.04171578,
92,FacesBlock4_v2.xlsx,Dylan.mp4,Dylan.JPG,Dylan,50,Տելան,0,3,3,3,0,1,1,5,,,,,,,1,1,1.302481787,,,,,,,,,,,,12,1,2019_Aug_12_1004,FaceNameBlocked,3.0.0,60.04171578,
118,FacesBlock4_v2.xlsx,Emily.mp4,Emily.JPG,Emily,57,Էմիլե,0,3,3,3,,,,,0,12,12,12,,,,,,,,Emily,"['lshift', 'e', 'm', 'i', 'l', 'y']",1,0.31920581,"[2.0336978710111, 2.3669513519998873, 2.768978075007908, 2.8681957090011565, 3.11807888399926, 3.535415215010289]",[2.03369,2.03369,,,12,1,2019_Aug_12_1004,FaceNameBlocked,3.0.0,60.04171578,
93,FacesBlock4_v2.xlsx,Emily.mp4,Emily.JPG,Emily,57,Էմիլե,0,3,3,3,0,2,2,12,,,,,,,1,2,1.352920416,,,,,,,,,,,,12,1,2019_Aug_12_1004,FaceNameBlocked,3.0.0,60.04171578,
12,FacesBlock1_v2.xlsx,Eric.mp4,Eric.JPG,Eric,0,Էրիգ,0,0,0,0,0,11,11,0,,,,,,,0,1,0.33713454,,,,,,,,,,,,12,1,2019_Aug_12_1004,FaceNameBlocked,3.0.0,60.04171578,
24,FacesBlock1_v2.xlsx,Eric.mp4,Eric.JPG,Eric,0,Էրիգ,0,0,0,0,,,,,0,8,8,0,,,,,,,,Eric,"['lshift', 'e', 'r', 'i', 'c']",1,1.116824491,"[1.134254628996132, 1.4185426100011682, 1.7685389510006644, 1.9518727679969743, 2.618210872999043]",[1.13425,1.13425,,,12,1,2019_Aug_12_1004,FaceNameBlocked,3.0.0,60.04171578,
2,FacesBlock1_v2.xlsx,Ethan.mp4,Ethan.JPG,Ethan,11,Էդհան,0,0,0,0,0,1,1,11,,,,,,,1,1,0.569787638,,,,,,,,,,,,12,1,2019_Aug_12_1004,FaceNameBlocked,3.0.0,60.04171578,
18,FacesBlock1_v2.xlsx,Ethan.mp4,Ethan.JPG,Ethan,11,Էդհան,0,0,0,0,,,,,0,2,2,11,,,,,,,,,None,1,1.533145577,,,,,,12,1,2019_Aug_12_1004,FaceNameBlocked,3.0.0,60.04171578,
98,FacesBlock4_v2.xlsx,Grace.mp4,Grace.JPG,Grace,58,Կրագէ,0,3,3,3,0,7,7,13,,,,,,,0,2,0.786474456,,,,,,,,,,,,12,1,2019_Aug_12_1004,FaceNameBlocked,3.0.0,60.04171578,
111,FacesBlock4_v2.xlsx,Grace.mp4,Grace.JPG,Grace,58,Կրագէ,0,3,3,3,,,,,0,5,5,13,,,,,,,,,None,1,0.968701916,,,,,,12,1,2019_Aug_12_1004,FaceNameBlocked,3.0.0,60.04171578,
49,FacesBlock2_v2.xlsx,Haley.mp4,Haley.JPG,Haley,20,Հալէե,0,1,1,1,,,,,0,3,3,5,,,,,,,,Ashley,"['lshift', 'a', 's', 'h', 'l', 'e', 'y']",1,0.401908284,"[6.748888469999656, 6.966617690006387, 7.314723909003078, 7.45027136799763, 7.599270530001377, 7.716734601999633, 7.883028505995753]",[6.74888,6.74888,,,12,1,2019_Aug_12_1004,FaceNameBlocked,3.0.0,60.04171578,
43,FacesBlock2_v2.xlsx,Haley.mp4,Haley.JPG,Haley,20,Հալէե,0,1,1,1,0,12,12,5,,,,,,,0,2,0.568723623,,,,,,,,,,,,12,1,2019_Aug_12_1004,FaceNameBlocked,3.0.0,60.04171578,
20,FacesBlock1_v2.xlsx,Hannah.mp4,Hannah.JPG,Hannah,1,Հաննահ,0,0,0,0,,,,,0,4,4,1,,,,,,,,Hannah,"['lshift', 'h', 'h', 'backspace', 'backspace', 'lshift', 'h', 'a', 'n', 'n', 'a', 'h']",1,0.485564451,"[3.983469826009241, 4.234597621005378, 4.385218299008557, 5.349641544002225, 5.766361986999982, 6.63224784200429, 6.8998938940058, 7.250395130002289, 7.61496369499946, 8.332868522003992, 8.799633506001555, 8.883040573011385]",[3.98346,3.98346,,,12,1,2019_Aug_12_1004,FaceNameBlocked,3.0.0,60.04171578,
7,FacesBlock1_v2.xlsx,Hannah.mp4,Hannah.JPG,Hannah,1,Հաննահ,0,0,0,0,0,6,6,1,,,,,,,1,2,0.369107675,,,,,,,,,,,,12,1,2019_Aug_12_1004,FaceNameBlocked,3.0.0,60.04171578,
51,FacesBlock2_v2.xlsx,Heather.mp4,Heather.JPG,Heather,26,Հէադհէր,0,1,1,1,,,,,0,5,5,11,,,,,,,,,None,1,0.335956572,,,,,,12,1,2019_Aug_12_1004,FaceNameBlocked,3.0.0,60.04171578,
42,FacesBlock2_v2.xlsx,Heather.mp4,Heather.JPG,Heather,26,Հէադհէր,0,1,1,1,0,11,11,11,,,,,,,1,2,0.602331798,,,,,,,,,,,,12,1,2019_Aug_12_1004,FaceNameBlocked,3.0.0,60.04171578,
79,FacesBlock3_v2.xlsx,Jacob.mp4,Jacob.JPG,Jacob,39,Ճագոբ,0,2,2,2,,,,,0,3,3,9,,,,,,,,,None,1,1.085272541,,,,,,12,1,2019_Aug_12_1004,FaceNameBlocked,3.0.0,60.04171578,
65,FacesBlock3_v2.xlsx,Jacob.mp4,Jacob.JPG,Jacob,39,Ճագոբ,0,2,2,2,0,4,4,9,,,,,,,0,1,0.786148422,,,,,,,,,,,,12,1,2019_Aug_12_1004,FaceNameBlocked,3.0.0,60.04171578,
101,FacesBlock4_v2.xlsx,Jason.mp4,Jason.JPG,Jason,49,Ճասոն,0,3,3,3,0,10,10,4,,,,,,,0,1,0.952405528,,,,,,,,,,,,12,1,2019_Aug_12_1004,FaceNameBlocked,3.0.0,60.04171578,
106,FacesBlock4_v2.xlsx,Jason.mp4,Jason.JPG,Jason,49,Ճասոն,0,3,3,3,,,,,0,0,0,4,,,,,,space,6.133428931,,"['lshift', 'c', 'a', 'l', 'backspace', 'backspace', 'backspace']",1,1.186168223,"[7.064631379995262, 7.266263340003206, 7.730835255002603, 7.9655924240069, 8.89850727999874, 9.181571531997179, 9.947486157005187]",[7.06463,7.06463,,,12,1,2019_Aug_12_1004,FaceNameBlocked,3.0.0,60.04171578,
19,FacesBlock1_v2.xlsx,Jenna.mp4,Jenna.JPG,Jenna,6,Ճէննա,0,0,0,0,,,,,0,3,3,6,,,,,,,,,None,1,0.402167989,,,,,,12,1,2019_Aug_12_1004,FaceNameBlocked,3.0.0,60.04171578,
13,FacesBlock1_v2.xlsx,Jenna.mp4,Jenna.JPG,Jenna,6,Ճէննա,0,0,0,0,0,12,12,6,,,,,,,1,2,0.836327461,,,,,,,,,,,,12,1,2019_Aug_12_1004,FaceNameBlocked,3.0.0,60.04171578,
38,FacesBlock2_v2.xlsx,Jeremy.mp4,Jeremy.JPG,Jeremy,15,Ճէրէմե,0,1,1,1,0,7,7,0,,,,,,,0,1,0.402964415,,,,,,,,,,,,12,1,2019_Aug_12_1004,FaceNameBlocked,3.0.0,60.04171578,
46,FacesBlock2_v2.xlsx,Jeremy.mp4,Jeremy.JPG,Jeremy,15,Ճէրէմե,0,1,1,1,,,,,0,0,0,0,,,,,,space,27.61011787,,None,1,3.867743338,,,,,,12,1,2019_Aug_12_1004,FaceNameBlocked,3.0.0,60.04171578,
11,FacesBlock1_v2.xlsx,Jessica.mp4,Jessica.JPG,Jessica,8,Ճէսսիգա,0,0,0,0,0,10,10,8,,,,,,,1,2,0.386641081,,,,,,,,,,,,12,1,2019_Aug_12_1004,FaceNameBlocked,3.0.0,60.04171578,
28,FacesBlock1_v2.xlsx,Jessica.mp4,Jessica.JPG,Jessica,8,Ճէսսիգա,0,0,0,0,,,,,0,12,12,8,,,,,,,,,None,1,0.318736694,,,,,,12,1,2019_Aug_12_1004,FaceNameBlocked,3.0.0,60.04171578,
40,FacesBlock2_v2.xlsx,Josh.mp4,Josh.JPG,Josh,19,Ճոսհ,0,1,1,1,0,9,9,4,,,,,,,0,1,0.466683346,,,,,,,,,,,,12,1,2019_Aug_12_1004,FaceNameBlocked,3.0.0,60.04171578,
53,FacesBlock2_v2.xlsx,Josh.mp4,Josh.JPG,Josh,19,Ճոսհ,0,1,1,1,,,,,0,7,7,4,,,,,,,,,None,1,0.501743995,,,,,,12,1,2019_Aug_12_1004,FaceNameBlocked,3.0.0,60.04171578,
29,FacesBlock1_v2.xlsx,Julia.mp4,Julia.JPG,Julia,13,Ճըլիա,0,0,0,0,,,,,0,13,13,13,,,,,,,,Julia,"['lshift', 'j', 'u', 'l', 'i', 'a']",3,0.402282205,"[1.567088039999362, 1.7185526910034241, 2.1346974490006687, 2.401555135002127, 2.4683754090074217, 2.7014466330001596]",[1.56708,1.56708,,,12,1,2019_Aug_12_1004,FaceNameBlocked,3.0.0,60.04171578,
9,FacesBlock1_v2.xlsx,Julia.mp4,Julia.JPG,Julia,13,Ճըլիա,0,0,0,0,0,8,8,13,,,,,,,1,2,0.75309207,,,,,,,,,,,,12,1,2019_Aug_12_1004,FaceNameBlocked,3.0.0,60.04171578,
32,FacesBlock2_v2.xlsx,Justin.mp4,Justin.JPG,Justin,27,Ճըսդին,0,1,1,1,0,1,1,12,,,,,,,1,1,1.60212798,,,,,,,,,,,,12,1,2019_Aug_12_1004,FaceNameBlocked,3.0.0,60.04171578,
54,FacesBlock2_v2.xlsx,Justin.mp4,Justin.JPG,Justin,27,Ճըսդին,0,1,1,1,,,,,0,8,8,12,,,,,,,,,None,1,0.401449804,,,,,,12,1,2019_Aug_12_1004,FaceNameBlocked,3.0.0,60.04171578,
105,FacesBlock4_v2.xlsx,Katie.mp4,Katie.JPG,Katie,54,Քադիէ,0,3,3,3,0,14,14,9,,,,,,,0,2,0.918866139,,,,,,,,,,,,12,1,2019_Aug_12_1004,FaceNameBlocked,3.0.0,60.04171578,
112,FacesBlock4_v2.xlsx,Katie.mp4,Katie.JPG,Katie,54,Քադիէ,0,3,3,3,,,,,0,6,6,9,,,,,,,,,None,1,0.301758243,,,,,,12,1,2019_Aug_12_1004,FaceNameBlocked,3.0.0,60.04171578,
85,FacesBlock3_v2.xlsx,Kayla.mp4,Kayla.JPG,Kayla,34,Սարահ,0,2,2,2,,,,,0,9,9,4,,,,,,,,,None,1,0.433931086,,,,,,12,1,2019_Aug_12_1004,FaceNameBlocked,3.0.0,60.04171578,
67,FacesBlock3_v2.xlsx,Kayla.mp4,Kayla.JPG,Kayla,34,Սարահ,0,2,2,2,0,6,6,4,,,,,,,0,2,0.63605114,,,,,,,,,,,,12,1,2019_Aug_12_1004,FaceNameBlocked,3.0.0,60.04171578,
4,FacesBlock1_v2.xlsx,Kelsey.mp4,Kelsey.JPG,Kelsey,12,Քէլսէե,0,0,0,0,0,3,3,12,,,,,,,0,2,0.683742746,,,,,,,,,,,,12,1,2019_Aug_12_1004,FaceNameBlocked,3.0.0,60.04171578,
21,FacesBlock1_v2.xlsx,Kelsey.mp4,Kelsey.JPG,Kelsey,12,Քէլսէե,0,0,0,0,,,,,0,5,5,12,,,,,,,,,None,1,0.333506732,,,,,,12,1,2019_Aug_12_1004,FaceNameBlocked,3.0.0,60.04171578,
76,FacesBlock3_v2.xlsx,Kevin.mp4,Kevin.JPG,Kevin,41,Քէւին,0,2,2,2,,,,,0,0,0,11,,,,,,space,8.433358273,Noah,"['lshift', 'n', 'o', 'a', 'h']",1,0.601712211,"[3.2661443969991524, 3.5006115200085333, 4.015523605005001, 4.300223241996719, 4.483927248002146]",[3.26614,3.26614,,,12,1,2019_Aug_12_1004,FaceNameBlocked,3.0.0,60.04171578,
72,FacesBlock3_v2.xlsx,Kevin.mp4,Kevin.JPG,Kevin,41,Քէւին,0,2,2,2,0,11,11,11,,,,,,,0,1,0.919533248,,,,,,,,,,,,12,1,2019_Aug_12_1004,FaceNameBlocked,3.0.0,60.04171578,
14,FacesBlock1_v2.xlsx,Kyle.mp4,Kyle.JPG,Kyle,4,Քելէ,0,0,0,0,0,13,13,4,,,,,,,0,1,0.401178608,,,,,,,,,,,,12,1,2019_Aug_12_1004,FaceNameBlocked,3.0.0,60.04171578,
16,FacesBlock1_v2.xlsx,Kyle.mp4,Kyle.JPG,Kyle,4,Քելէ,0,0,0,0,,,,,0,0,0,4,,,,,,space,31.50851067,,None,1,5.383302343,,,,,,12,1,2019_Aug_12_1004,FaceNameBlocked,3.0.0,60.04171578,
80,FacesBlock3_v2.xlsx,Lauren.mp4,Lauren.JPG,Lauren,38,Լաըրէն,0,2,2,2,,,,,0,4,4,8,,,,,,,,,None,1,0.818887248,,,,,,12,1,2019_Aug_12_1004,FaceNameBlocked,3.0.0,60.04171578,
64,FacesBlock3_v2.xlsx,Lauren.mp4,Lauren.JPG,Lauren,38,Լաըրէն,0,2,2,2,0,3,3,8,,,,,,,1,2,0.785325144,,,,,,,,,,,,12,1,2019_Aug_12_1004,FaceNameBlocked,3.0.0,60.04171578,
63,FacesBlock3_v2.xlsx,Mark.mp4,Mark.JPG,Mark,40,Մարք,0,2,2,2,0,2,2,10,,,,,,,1,1,1.033409066,,,,,,,,,,,,12,1,2019_Aug_12_1004,FaceNameBlocked,3.0.0,60.04171578,
88,FacesBlock3_v2.xlsx,Mark.mp4,Mark.JPG,Mark,40,Մարք,0,2,2,2,,,,,0,12,12,10,,,,,,,,,None,1,0.568888214,,,,,,12,1,2019_Aug_12_1004,FaceNameBlocked,3.0.0,60.04171578,
25,FacesBlock1_v2.xlsx,Matthew.mp4,Matthew.JPG,Matthew,9,Մադդհէվ,0,0,0,0,,,,,0,9,9,9,,,,,,,,,None,1,0.600584395,,,,,,12,1,2019_Aug_12_1004,FaceNameBlocked,3.0.0,60.04171578,
15,FacesBlock1_v2.xlsx,Matthew.mp4,Matthew.JPG,Matthew,9,Մադդհէվ,0,0,0,0,0,14,14,9,,,,,,,1,1,0.603164254,,,,,,,,,,,,12,1,2019_Aug_12_1004,FaceNameBlocked,3.0.0,60.04171578,
59,FacesBlock2_v2.xlsx,Megan.mp4,Megan.JPG,Megan,25,Մէկան,0,1,1,1,,,,,0,13,13,10,,,,,,,,,None,1,0.385311516,,,,,,12,1,2019_Aug_12_1004,FaceNameBlocked,3.0.0,60.04171578,
35,FacesBlock2_v2.xlsx,Megan.mp4,Megan.JPG,Megan,25,Մէկան,0,1,1,1,0,4,4,10,,,,,,,0,2,0.302686976,,,,,,,,,,,,12,1,2019_Aug_12_1004,FaceNameBlocked,3.0.0,60.04171578,
117,FacesBlock4_v2.xlsx,Michael.mp4,Michael.JPG,Michael,46,Միգհաէլ,0,3,3,3,,,,,0,11,11,1,,,,,,,,,None,1,0.318886924,,,,,,12,1,2019_Aug_12_1004,FaceNameBlocked,3.0.0,60.04171578,
102,FacesBlock4_v2.xlsx,Michael.mp4,Michael.JPG,Michael,46,Միգհաէլ,0,3,3,3,0,11,11,1,,,,,,,1,1,1.28631924,,,,,,,,,,,,12,1,2019_Aug_12_1004,FaceNameBlocked,3.0.0,60.04171578,
91,FacesBlock4_v2.xlsx,Michelle.mp4,Michelle.JPG,Michelle,52,Միգհէլլէ,0,3,3,3,0,0,0,7,,,,,,,1,2,1.835819773,,,,,,,,,,,,12,1,2019_Aug_12_1004,FaceNameBlocked,3.0.0,60.04171578,
120,FacesBlock4_v2.xlsx,Michelle.mp4,Michelle.JPG,Michelle,52,Միգհէլլէ,0,3,3,3,,,,,0,14,14,7,,,,,,,,Michelle,"['lshift', 'm', 'i', 'c', 'h', 'a', 'e', 'l', 'l', 'e', 'backspace', 'backspace', 'backspace', 'backspace', 'backspace', 'e', 'l', 'l', 'e']",1,1.184376767,"[2.3004707880027127, 2.6183168120041955, 3.1662342470081057, 3.834703119006008, 3.984029573999578, 4.267724548000842, 4.467649170997902, 4.68456269800663, 4.867556465003872, 5.167594377009664, 7.014906565003912, 7.232776721008122, 7.414189032002469, 7.566201977999299, 7.715889255996444, 8.066261376996408, 8.283065363008063, 8.416377048008144, 8.516508681001142]",[2.30047,2.30047,,,12,1,2019_Aug_12_1004,FaceNameBlocked,3.0.0,60.04171578,
1,FacesBlock1_v2.xlsx,Natalie.mp4,Natalie.JPG,Natalie,7,Նադալիէ,0,0,0,0,0,0,0,7,,,,,,,0,2,1.369134659,,,,,,,,,,,,12,1,2019_Aug_12_1004,FaceNameBlocked,3.0.0,60.04171578,
17,FacesBlock1_v2.xlsx,Natalie.mp4,Natalie.JPG,Natalie,7,Նադալիէ,0,0,0,0,,,,,0,1,1,7,,,,,,,,,None,1,1.968711025,,,,,,12,1,2019_Aug_12_1004,FaceNameBlocked,3.0.0,60.04171578,
78,FacesBlock3_v2.xlsx,Nathan.mp4,Nathan.JPG,Nathan,37,Նադհան,0,2,2,2,,,,,0,2,2,7,,,,,,,,Mark,"['lshift', 'm', 'a', 'r', 'k']",1,0.418546646,"[0.950639777991455, 1.1679476419958519, 1.6184529930033023, 1.8018002019962296, 1.9521607780043269]",[0.95063,0.95063,,,12,1,2019_Aug_12_1004,FaceNameBlocked,3.0.0,60.04171578,
62,FacesBlock3_v2.xlsx,Nathan.mp4,Nathan.JPG,Nathan,37,Նադհան,0,2,2,2,0,1,1,7,,,,,,,1,1,1.352500725,,,,,,,,,,,,12,1,2019_Aug_12_1004,FaceNameBlocked,3.0.0,60.04171578,
83,FacesBlock3_v2.xlsx,Nicole.mp4,Nicole.JPG,Nicole,43,Նիգոլէ,0,2,2,2,,,,,0,7,7,13,,,,,,,,Olivia,"['lshift', 'o', 'b', 'backspace', 'l', 'i', 'v', 'i', 'a']",1,0.318857829,"[1.434414192000986, 1.6685008430067683, 2.0171046150062466, 2.8510642269975506, 3.2345916670019506, 3.318374277994735, 4.001805684005376, 4.168334810005035, 4.31838854799571]",[1.43441,1.43441,,,12,1,2019_Aug_12_1004,FaceNameBlocked,3.0.0,60.04171578,
69,FacesBlock3_v2.xlsx,Nicole.mp4,Nicole.JPG,Nicole,43,Նիգոլէ,0,2,2,2,0,8,8,13,,,,,,,1,2,0.736493223,,,,,,,,,,,,12,1,2019_Aug_12_1004,FaceNameBlocked,3.0.0,60.04171578,
77,FacesBlock3_v2.xlsx,Noah.mp4,Noah.JPG,Noah,31,Նոահ,0,2,2,2,,,,,0,1,1,1,,,,,,,,,None,1,0.968890476,,,,,,12,1,2019_Aug_12_1004,FaceNameBlocked,3.0.0,60.04171578,
61,FacesBlock3_v2.xlsx,Noah.mp4,Noah.JPG,Noah,31,Նոահ,0,2,2,2,0,0,0,1,,,,,,,0,1,1.135512353,,,,,,,,,,,,12,1,2019_Aug_12_1004,FaceNameBlocked,3.0.0,60.04171578,
89,FacesBlock3_v2.xlsx,Olivia.mp4,Olivia.JPG,Olivia,35,Ոլիւիա,0,2,2,2,,,,,0,13,13,5,,,,,,,,Shelby,"['lshift', 's', 'h', 'e', 'l', 'b', 'y']",1,0.30003658,"[1.6007755830069073, 1.8506017920008162, 2.135459669007105, 2.70187188500131, 3.0521227840072243, 3.935144811999635, 4.051347386004636]",[1.60077,1.60077,,,12,1,2019_Aug_12_1004,FaceNameBlocked,3.0.0,60.04171578,
68,FacesBlock3_v2.xlsx,Olivia.mp4,Olivia.JPG,Olivia,35,Ոլիւիա,0,2,2,2,0,7,7,5,,,,,,,0,2,0.71923561,,,,,,,,,,,,12,1,2019_Aug_12_1004,FaceNameBlocked,3.0.0,60.04171578,
31,FacesBlock2_v2.xlsx,Rachel.mp4,Rachel.JPG,Rachel,29,Րագհէլ,0,1,1,1,0,0,0,14,,,,,,,0,2,1.786041475,,,,,,,,,,,,12,1,2019_Aug_12_1004,FaceNameBlocked,3.0.0,60.04171578,
47,FacesBlock2_v2.xlsx,Rachel.mp4,Rachel.JPG,Rachel,29,Րագհէլ,0,1,1,1,,,,,0,1,1,14,,,,,,,,Rac,"['lshift', 'r', 'a', 'c']",1,1.284894773,"[8.914546672007418, 9.083078604002367, 9.565993534997688, 9.916155901999446]",[8.91454,8.91454,,,12,1,2019_Aug_12_1004,FaceNameBlocked,3.0.0,60.04171578,
84,FacesBlock3_v2.xlsx,Rebecca.mp4,Rebecca.JPG,Rebecca,32,Րէբէգգա,0,2,2,2,,,,,0,8,8,2,,,,,,,,Olivia,"['lshift', 'o', 'l', 'i', 'v', 'i', 'a']",2,1.401772288,"[5.615726767995511, 5.8005692360020475, 6.250072252005339, 6.366984548993059, 6.999996607002686, 7.116033465994406, 7.249604205993819]",[5.61572,5.61572,,,12,1,2019_Aug_12_1004,FaceNameBlocked,3.0.0,60.04171578,
75,FacesBlock3_v2.xlsx,Rebecca.mp4,Rebecca.JPG,Rebecca,32,Րէբէգգա,0,2,2,2,0,14,14,2,,,,,,,0,2,0.58625932,,,,,,,,,,,,12,1,2019_Aug_12_1004,FaceNameBlocked,3.0.0,60.04171578,
82,FacesBlock3_v2.xlsx,Sarah.mp4,Sarah.JPG,Sarah,33,Սարահ,0,2,2,2,,,,,0,6,6,3,,,,,,,,,None,1,1.018725672,,,,,,12,1,2019_Aug_12_1004,FaceNameBlocked,3.0.0,60.04171578,
66,FacesBlock3_v2.xlsx,Sarah.mp4,Sarah.JPG,Sarah,33,Սարահ,0,2,2,2,0,5,5,3,,,,,,,1,2,0.703204143,,,,,,,,,,,,12,1,2019_Aug_12_1004,FaceNameBlocked,3.0.0,60.04171578,
71,FacesBlock3_v2.xlsx,Shelby.mp4,Shelby.JPG,Shelby,36,Սհէլբե,0,2,2,2,0,10,10,6,,,,,,,0,2,0.803056778,,,,,,,,,,,,12,1,2019_Aug_12_1004,FaceNameBlocked,3.0.0,60.04171578,
90,FacesBlock3_v2.xlsx,Shelby.mp4,Shelby.JPG,Shelby,36,Սհէլբե,0,2,2,2,,,,,0,14,14,6,,,,,,,,,['lshift'],1,0.302511308,[1.5834711990028154],[1.58347,1.58347,,,12,1,2019_Aug_12_1004,FaceNameBlocked,3.0.0,60.04171578,
57,FacesBlock2_v2.xlsx,Steven.mp4,Steven.JPG,Steven,17,Սդէւէն,0,1,1,1,,,,,0,11,11,2,,,,,,,,,None,1,1.618339405,,,,,,12,1,2019_Aug_12_1004,FaceNameBlocked,3.0.0,60.04171578,
41,FacesBlock2_v2.xlsx,Steven.mp4,Steven.JPG,Steven,17,Սդէւէն,0,1,1,1,0,10,10,2,,,,,,,1,1,0.769414819,,,,,,,,,,,,12,1,2019_Aug_12_1004,FaceNameBlocked,3.0.0,60.04171578,
94,FacesBlock4_v2.xlsx,Taylor.mp4,Taylor.JPG,Taylor,45,Դաելոր,0,3,3,3,0,3,3,0,,,,,,,0,2,1.218352315,,,,,,,,,,,,12,1,2019_Aug_12_1004,FaceNameBlocked,3.0.0,60.04171578,
113,FacesBlock4_v2.xlsx,Taylor.mp4,Taylor.JPG,Taylor,45,Դաելոր,0,3,3,3,,,,,0,7,7,0,,,,,,,,,None,1,0.301976729,,,,,,12,1,2019_Aug_12_1004,FaceNameBlocked,3.0.0,60.04171578,
70,FacesBlock3_v2.xlsx,Thomas.mp4,Thomas.JPG,Thomas,44,Դհոմաս,0,2,2,2,0,9,9,14,,,,,,,1,1,0.716885166,,,,,,,,,,,,12,1,2019_Aug_12_1004,FaceNameBlocked,3.0.0,60.04171578,
81,FacesBlock3_v2.xlsx,Thomas.mp4,Thomas.JPG,Thomas,44,Դհոմաս,0,2,2,2,,,,,0,5,5,14,,,,,,,,Tomas,"['lshift', 't', 'o', 'm', 'a', 's']",1,0.252236928,"[4.365805098001147, 4.867729524994502, 5.217801366001368, 5.467419566994067, 5.617246106005041, 5.800343894996331]",[4.36580,4.36580,,,12,1,2019_Aug_12_1004,FaceNameBlocked,3.0.0,60.04171578,
30,FacesBlock1_v2.xlsx,Timothy.mp4,Timothy.JPG,Timothy,10,Դիմոդհե,0,0,0,0,,,,,0,14,14,10,,,,,,,,,None,1,0.535083098,,,,,,12,1,2019_Aug_12_1004,FaceNameBlocked,3.0.0,60.04171578,
10,FacesBlock1_v2.xlsx,Timothy.mp4,Timothy.JPG,Timothy,10,Դիմոդհե,0,0,0,0,0,9,9,10,,,,,,,0,1,0.303037467,,,,,,,,,,,,12,1,2019_Aug_12_1004,FaceNameBlocked,3.0.0,60.04171578,
56,FacesBlock2_v2.xlsx,Trevor.mp4,Trevor.JPG,Trevor,21,Դրէւոր,0,1,1,1,,,,,0,10,10,6,,,,,,,,Travor,"['lshift', 't', 'r', 'a', 'v', 'o', 'r']",1,0.517247611,"[1.1512677979917498, 2.1183404240000527, 2.6520974779996322, 2.801885865992517, 3.351489637992927, 3.5183216799923684, 3.6682191169966245]",[1.15126,1.15126,,,12,1,2019_Aug_12_1004,FaceNameBlocked,3.0.0,60.04171578,
44,FacesBlock2_v2.xlsx,Trevor.mp4,Trevor.JPG,Trevor,21,Դրէւոր,0,1,1,1,0,13,13,6,,,,,,,1,1,0.602408252,,,,,,,,,,,,12,1,2019_Aug_12_1004,FaceNameBlocked,3.0.0,60.04171578,
45,FacesBlock2_v2.xlsx,Tyler.mp4,Tyler.JPG,Tyler,22,Դելէր,0,1,1,1,0,14,14,7,,,,,,,1,1,0.685862503,,,,,,,,,,,,12,1,2019_Aug_12_1004,FaceNameBlocked,3.0.0,60.04171578,
58,FacesBlock2_v2.xlsx,Tyler.mp4,Tyler.JPG,Tyler,22,Դելէր,0,1,1,1,,,,,0,12,12,7,,,,,,,,Josh,"['lshift', 'j', 'o', 's', 'h']",1,0.385811248,"[3.549235395999858, 3.85092185800022, 4.300230556997121, 4.517377524985932, 4.631661405990599]",[3.54923,3.54923,,,12,1,2019_Aug_12_1004,FaceNameBlocked,3.0.0,60.04171578,
0,,,,,,,,,,,,,,,,,,,space,84.10937428,,,,,,,,,,,,,,,12,1,2019_Aug_12_1004,FaceNameBlocked,3.0.0,60.04171578,
121,,,,,,,,,,,,,,,,,,,,,,,,,,,,,,,,,space,493.7418082,12,1,2019_Aug_12_1004,FaceNameBlocked,3.0.0,60.04171578,