,condsFile,Video,Photo,Name,Row,Name2,blocks.thisRepN,blocks.thisTrialN,blocks.thisN,blocks.thisIndex,presentations.thisRepN,presentations.thisTrialN,presentations.thisN,presentations.thisIndex,testing.thisRepN,testing.thisTrialN,testing.thisN,testing.thisIndex,advance_1.keys,advance_1.rt,currentCond,judgementResp.keys,judgementResp.rt,advance_2.keys,advance_2.rt,inputText,key_resp_3.keys,rating_resp.keys,rating_resp.rt,key_resp_3.rt,,key_resp3_fin,end_key.keys,end_key.rt,participant,session,date,expName,psychopyVersion,frameRate,Unnamed: 38
50,FacesBlock2_v2.xlsx,Aaron.mp4,Aaron.JPG,Aaron,18,Աարոն,0,1,1,1,,,,,0,4,4,3,,,,,,,,aron,"['a', 'r', 'o', 'n']",2,1.285213069,"[3.5508768861182034, 3.8837150461040437, 4.134137573186308, 4.35059441998601]",[3.55087,3.55087,,,43,1,2019_Oct_16_1412,FaceNameBlocked,3.0.0,60.03660435,
33,FacesBlock2_v2.xlsx,Aaron.mp4,Aaron.JPG,Aaron,18,Աարոն,0,1,1,1,0,2,2,3,,,,,,,0,1,2.7855525,,,,,,,,,,,,43,1,2019_Oct_16_1412,FaceNameBlocked,3.0.0,60.03660435,
19,FacesBlock1_v2.xlsx,Adam.mp4,Adam.JPG,Adam,5,Ատամ,0,0,0,0,,,,,0,3,3,5,,,,,,,,,"['k', 'j', 'backspace', 'backspace', 'j', 'a', 'backspace', 'backspace']",3,2.717536803,"[4.233847473049536, 4.253730722004548, 5.033464428968728, 5.199999820906669, 6.600469848839566, 6.714897579047829, 8.06487586000003, 8.215047993930057]",[4.23384,4.23384,,,43,1,2019_Oct_16_1412,FaceNameBlocked,3.0.0,60.03660435,
6,FacesBlock1_v2.xlsx,Adam.mp4,Adam.JPG,Adam,5,Ատամ,0,0,0,0,0,5,5,5,,,,,,,0,1,6.18358113,,,,,,,,,,,,43,1,2019_Oct_16_1412,FaceNameBlocked,3.0.0,60.03660435,
96,FacesBlock4_v2.xlsx,Alyssa.mp4,Alyssa.JPG,Alyssa,55,Ալեսսա,0,3,3,3,0,5,5,10,,,,,,,0,2,2.435668021,,,,,,,,,,,,43,1,2019_Oct_16_1412,FaceNameBlocked,3.0.0,60.03660435,
109,FacesBlock4_v2.xlsx,Alyssa.mp4,Alyssa.JPG,Alyssa,55,Ալեսսա,0,3,3,3,,,,,0,3,3,10,,,,,,,,,None,1,1.950109435,,,,,,43,1,2019_Oct_16_1412,FaceNameBlocked,3.0.0,60.03660435,
25,FacesBlock1_v2.xlsx,Amanda.mp4,Amanda.JPG,Amanda,2,Ամանտա,0,0,0,0,,,,,0,9,9,2,,,,,,,,1,['1'],1,1.200283873,[2.1012267349287868],[2.10122,2.10122,,,43,1,2019_Oct_16_1412,FaceNameBlocked,3.0.0,60.03660435,
12,FacesBlock1_v2.xlsx,Amanda.mp4,Amanda.JPG,Amanda,2,Ամանտա,0,0,0,0,0,11,11,2,,,,,,,1,2,0.8358675,,,,,,,,,,,,43,1,2019_Oct_16_1412,FaceNameBlocked,3.0.0,60.03660435,
97,FacesBlock4_v2.xlsx,Andrew.mp4,Andrew.JPG,Andrew,51,Անտրէվ,0,3,3,3,0,6,6,6,,,,,,,0,1,2.535031986,,,,,,,,,,,,43,1,2019_Oct_16_1412,FaceNameBlocked,3.0.0,60.03660435,
107,FacesBlock4_v2.xlsx,Andrew.mp4,Andrew.JPG,Andrew,51,Անտրէվ,0,3,3,3,,,,,0,1,1,6,,,,,,,,,None,1,1.019580704,,,,,,43,1,2019_Oct_16_1412,FaceNameBlocked,3.0.0,60.03660435,
101,FacesBlock4_v2.xlsx,Anna.mp4,Anna.JPG,Anna,47,Աննա,0,3,3,3,0,10,10,2,,,,,,,1,2,2.00274104,,,,,,,,,,,,43,1,2019_Oct_16_1412,FaceNameBlocked,3.0.0,60.03660435,
113,FacesBlock4_v2.xlsx,Anna.mp4,Anna.JPG,Anna,47,Աննա,0,3,3,3,,,,,0,7,7,2,,,,,,,,,None,1,0.86859095,,,,,,43,1,2019_Oct_16_1412,FaceNameBlocked,3.0.0,60.03660435,
47,FacesBlock2_v2.xlsx,Ashley.mp4,Ashley.JPG,Ashley,24,Ասհլէե,0,1,1,1,,,,,0,1,1,9,,,,,,,,ashley,"['a', 's', 'h', 'l', 'e', 'y']",3,1.767963096,"[3.4179542791098356, 3.6010335320606828, 4.051172432024032, 4.631675085052848, 4.766962717054412, 5.567461946979165]",[3.41795,3.41795,,,43,1,2019_Oct_16_1412,FaceNameBlocked,3.0.0,60.03660435,
39,FacesBlock2_v2.xlsx,Ashley.mp4,Ashley.JPG,Ashley,24,Ասհլէե,0,1,1,1,0,8,8,9,,,,,,,1,2,3.868415286,,,,,,,,,,,,43,1,2019_Oct_16_1412,FaceNameBlocked,3.0.0,60.03660435,
8,FacesBlock1_v2.xlsx,Bradley.mp4,Bradley.JPG,Bradley,14,Բրատլէե,0,0,0,0,0,7,7,14,,,,,,,1,1,0.019817786,,,,,,,,,,,,43,1,2019_Oct_16_1412,FaceNameBlocked,3.0.0,60.03660435,
16,FacesBlock1_v2.xlsx,Bradley.mp4,Bradley.JPG,Bradley,14,Բրատլէե,0,0,0,0,,,,,0,0,0,14,,,,,,space,34.77415035,,None,2,3.151382517,,,,,,43,1,2019_Oct_16_1412,FaceNameBlocked,3.0.0,60.03660435,
92,FacesBlock4_v2.xlsx,Brandon.mp4,Brandon.JPG,Brandon,56,Բրանտոն,0,3,3,3,0,1,1,11,,,,,,,0,1,4.068713056,,,,,,,,,,,,43,1,2019_Oct_16_1412,FaceNameBlocked,3.0.0,60.03660435,
116,FacesBlock4_v2.xlsx,Brandon.mp4,Brandon.JPG,Brandon,56,Բրանտոն,0,3,3,3,,,,,0,10,10,11,,,,,,,,jason,"['j', 'a', 's', 'o', 'n']",1,0.785441843,"[5.333122526993975, 5.483601081883535, 5.650470905005932, 5.866844903910533, 6.066688051912934]",[5.33312,5.33312,,,43,1,2019_Oct_16_1412,FaceNameBlocked,3.0.0,60.03660435,
108,FacesBlock4_v2.xlsx,Brian.mp4,Brian.JPG,Brian,53,Բրիան,0,3,3,3,,,,,0,2,2,8,,,,,,,,,['b'],2,1.235352706,[9.999667609110475],[9.99966,9.99966,,,43,1,2019_Oct_16_1412,FaceNameBlocked,3.0.0,60.03660435,
94,FacesBlock4_v2.xlsx,Brian.mp4,Brian.JPG,Brian,53,Բրիան,0,3,3,3,0,3,3,8,,,,,,,0,1,2.702096694,,,,,,,,,,,,43,1,2019_Oct_16_1412,FaceNameBlocked,3.0.0,60.03660435,
99,FacesBlock4_v2.xlsx,Brianna.mp4,Brianna.JPG,Brianna,48,Բրիաննա,0,3,3,3,0,8,8,3,,,,,,,1,2,1.203174667,,,,,,,,,,,,43,1,2019_Oct_16_1412,FaceNameBlocked,3.0.0,60.03660435,
110,FacesBlock4_v2.xlsx,Brianna.mp4,Brianna.JPG,Brianna,48,Բրիաննա,0,3,3,3,,,,,0,4,4,3,,,,,,,,,None,2,0.835422356,,,,,,43,1,2019_Oct_16_1412,FaceNameBlocked,3.0.0,60.03660435,
45,FacesBlock2_v2.xlsx,Brittany.mp4,Brittany.JPG,Brittany,28,Բրիդդանե,0,1,1,1,0,14,14,13,,,,,,,1,2,8.149865698,,,,,,,,,,,,43,1,2019_Oct_16_1412,FaceNameBlocked,3.0.0,60.03660435,
60,FacesBlock2_v2.xlsx,Brittany.mp4,Brittany.JPG,Brittany,28,Բրիդդանե,0,1,1,1,,,,,0,14,14,13,,,,,,,,,None,1,1.15184689,,,,,,43,1,2019_Oct_16_1412,FaceNameBlocked,3.0.0,60.03660435,
95,FacesBlock4_v2.xlsx,Caleb.mp4,Caleb.JPG,Caleb,59,Գալէբ,0,3,3,3,0,4,4,14,,,,,,,1,1,1.569446265,,,,,,,,,,,,43,1,2019_Oct_16_1412,FaceNameBlocked,3.0.0,60.03660435,
120,FacesBlock4_v2.xlsx,Caleb.mp4,Caleb.JPG,Caleb,59,Գալէբ,0,3,3,3,,,,,0,14,14,14,,,,,,,,dylan,"['d', 'y', 'l', 'a', 'n']",2,1.185169819,"[7.814296989003196, 8.466095980955288, 9.048797951079905, 9.165588724892586, 9.28249657806009]",[7.81429,7.81429,,,43,1,2019_Oct_16_1412,FaceNameBlocked,3.0.0,60.03660435,
34,FacesBlock2_v2.xlsx,Cody.mp4,Cody.JPG,Cody,23,Գոտե,0,1,1,1,0,3,3,8,,,,,,,0,1,2.951847977,,,,,,,,,,,,43,1,2019_Oct_16_1412,FaceNameBlocked,3.0.0,60.03660435,
58,FacesBlock2_v2.xlsx,Cody.mp4,Cody.JPG,Cody,23,Գոտե,0,1,1,1,,,,,0,12,12,8,,,,,,,,cody,"['c', 'o', 'd', 'y']",2,1.051717291,"[4.784433156019077, 4.834284109994769, 5.966839771019295, 6.01653929008171]",[4.78443,4.78443,,,43,1,2019_Oct_16_1412,FaceNameBlocked,3.0.0,60.03660435,
78,FacesBlock3_v2.xlsx,Courtney.mp4,Courtney.JPG,Courtney,42,Գոըրդնէե,0,2,2,2,,,,,0,2,2,12,,,,,,,,,None,1,1.818460893,,,,,,43,1,2019_Oct_16_1412,FaceNameBlocked,3.0.0,60.03660435,
61,FacesBlock3_v2.xlsx,Courtney.mp4,Courtney.JPG,Courtney,42,Գոըրդնէե,0,2,2,2,0,0,0,12,,,,,,,1,2,2.984963385,,,,,,,,,,,,43,1,2019_Oct_16_1412,FaceNameBlocked,3.0.0,60.03660435,
86,FacesBlock3_v2.xlsx,Daniel.mp4,Daniel.JPG,Daniel,30,Տանիէլ,0,2,2,2,,,,,0,10,10,0,,,,,,,,,None,2,1.135637277,,,,,,43,1,2019_Oct_16_1412,FaceNameBlocked,3.0.0,60.03660435,
64,FacesBlock3_v2.xlsx,Daniel.mp4,Daniel.JPG,Daniel,30,Տանիէլ,0,2,2,2,0,3,3,0,,,,,,,1,1,2.685693151,,,,,,,,,,,,43,1,2019_Oct_16_1412,FaceNameBlocked,3.0.0,60.03660435,
28,FacesBlock1_v2.xlsx,Danielle.mp4,Danielle.JPG,Danielle,3,Տանիէլլէ,0,0,0,0,,,,,0,12,12,3,,,,,,,,,None,2,1.368484997,,,,,,43,1,2019_Oct_16_1412,FaceNameBlocked,3.0.0,60.03660435,
3,FacesBlock1_v2.xlsx,Danielle.mp4,Danielle.JPG,Danielle,3,Տանիէլլէ,0,0,0,0,0,2,2,3,,,,,,,1,2,4.184927661,,,,,,,,,,,,43,1,2019_Oct_16_1412,FaceNameBlocked,3.0.0,60.03660435,
59,FacesBlock2_v2.xlsx,David.mp4,David.JPG,David,16,Տաւիտ,0,1,1,1,,,,,0,13,13,1,,,,,,,,,None,2,1.2686227,,,,,,43,1,2019_Oct_16_1412,FaceNameBlocked,3.0.0,60.03660435,
43,FacesBlock2_v2.xlsx,David.mp4,David.JPG,David,16,Տաւիտ,0,1,1,1,0,12,12,1,,,,,,,0,1,1.653124841,,,,,,,,,,,,43,1,2019_Oct_16_1412,FaceNameBlocked,3.0.0,60.03660435,
91,FacesBlock4_v2.xlsx,Dylan.mp4,Dylan.JPG,Dylan,50,Տելան,0,3,3,3,0,0,0,5,,,,,,,1,1,2.802626594,,,,,,,,,,,,43,1,2019_Oct_16_1412,FaceNameBlocked,3.0.0,60.03660435,
106,FacesBlock4_v2.xlsx,Dylan.mp4,Dylan.JPG,Dylan,50,Տելան,0,3,3,3,,,,,0,0,0,5,,,,,,space,2.401442791,,None,1,0.751087624,,,,,,43,1,2019_Oct_16_1412,FaceNameBlocked,3.0.0,60.03660435,
114,FacesBlock4_v2.xlsx,Emily.mp4,Emily.JPG,Emily,57,Էմիլե,0,3,3,3,,,,,0,8,8,12,,,,,,,,,None,2,1.018305302,,,,,,43,1,2019_Oct_16_1412,FaceNameBlocked,3.0.0,60.03660435,
102,FacesBlock4_v2.xlsx,Emily.mp4,Emily.JPG,Emily,57,Էմիլե,0,3,3,3,0,11,11,12,,,,,,,0,2,3.801427205,,,,,,,,,,,,43,1,2019_Oct_16_1412,FaceNameBlocked,3.0.0,60.03660435,
11,FacesBlock1_v2.xlsx,Eric.mp4,Eric.JPG,Eric,0,Էրիգ,0,0,0,0,0,10,10,0,,,,,,,1,1,4.117712397,,,,,,,,,,,,43,1,2019_Oct_16_1412,FaceNameBlocked,3.0.0,60.03660435,
27,FacesBlock1_v2.xlsx,Eric.mp4,Eric.JPG,Eric,0,Էրիգ,0,0,0,0,,,,,0,11,11,0,,,,,,,,julian,"['j', 'u', 'l', 'i', 'a', 'n']",1,0.419067651,"[5.083604329964146, 5.250012823846191, 5.467604006873444, 5.684116582851857, 5.81676420988515, 6.016275363974273]",[5.08360,5.08360,,,43,1,2019_Oct_16_1412,FaceNameBlocked,3.0.0,60.03660435,
14,FacesBlock1_v2.xlsx,Ethan.mp4,Ethan.JPG,Ethan,11,Էդհան,0,0,0,0,0,13,13,11,,,,,,,1,1,3.834441159,,,,,,,,,,,,43,1,2019_Oct_16_1412,FaceNameBlocked,3.0.0,60.03660435,
22,FacesBlock1_v2.xlsx,Ethan.mp4,Ethan.JPG,Ethan,11,Էդհան,0,0,0,0,,,,,0,6,6,11,,,,,,,,jason,"['j', 'a', 's', 'o', 'n']",3,1.18555225,"[5.168180379085243, 5.6504870150238276, 5.801022622035816, 5.900220154086128, 6.83379637519829]",[5.16818,5.16818,,,43,1,2019_Oct_16_1412,FaceNameBlocked,3.0.0,60.03660435,
93,FacesBlock4_v2.xlsx,Grace.mp4,Grace.JPG,Grace,58,Կրագէ,0,3,3,3,0,2,2,13,,,,,,,0,2,4.917860632,,,,,,,,,,,,43,1,2019_Oct_16_1412,FaceNameBlocked,3.0.0,60.03660435,
111,FacesBlock4_v2.xlsx,Grace.mp4,Grace.JPG,Grace,58,Կրագէ,0,3,3,3,,,,,0,5,5,13,,,,,,,,grace,"['g', 'r', 'a', 'c', 'e']",1,0.434961494,"[4.768066779943183, 4.951439162017778, 5.667084516957402, 5.9511107068974525, 6.051073329988867]",[4.76806,4.76806,,,43,1,2019_Oct_16_1412,FaceNameBlocked,3.0.0,60.03660435,
32,FacesBlock2_v2.xlsx,Haley.mp4,Haley.JPG,Haley,20,Հալէե,0,1,1,1,0,1,1,5,,,,,,,1,2,2.352247215,,,,,,,,,,,,43,1,2019_Oct_16_1412,FaceNameBlocked,3.0.0,60.03660435,
54,FacesBlock2_v2.xlsx,Haley.mp4,Haley.JPG,Haley,20,Հալէե,0,1,1,1,,,,,0,8,8,5,,,,,,,,,None,1,1.218883314,,,,,,43,1,2019_Oct_16_1412,FaceNameBlocked,3.0.0,60.03660435,
17,FacesBlock1_v2.xlsx,Hannah.mp4,Hannah.JPG,Hannah,1,Հաննահ,0,0,0,0,,,,,0,1,1,1,,,,,,,,hannah,"['h', 'a', 'n', 'n', 'a', 'h']",2,4.117234635,"[2.301533168880269, 2.5018780280370265, 2.8681501129176468, 2.99979329505004, 3.1993372349534184, 4.234697998035699]",[2.30153,2.30153,,,43,1,2019_Oct_16_1412,FaceNameBlocked,3.0.0,60.03660435,
5,FacesBlock1_v2.xlsx,Hannah.mp4,Hannah.JPG,Hannah,1,Հաննահ,0,0,0,0,0,4,4,1,,,,,,,0,2,1.40314476,,,,,,,,,,,,43,1,2019_Oct_16_1412,FaceNameBlocked,3.0.0,60.03660435,
48,FacesBlock2_v2.xlsx,Heather.mp4,Heather.JPG,Heather,26,Հէադհէր,0,1,1,1,,,,,0,2,2,11,,,,,,,,,None,2,2.218022594,,,,,,43,1,2019_Oct_16_1412,FaceNameBlocked,3.0.0,60.03660435,
40,FacesBlock2_v2.xlsx,Heather.mp4,Heather.JPG,Heather,26,Հէադհէր,0,1,1,1,0,9,9,11,,,,,,,0,2,5.335329781,,,,,,,,,,,,43,1,2019_Oct_16_1412,FaceNameBlocked,3.0.0,60.03660435,
84,FacesBlock3_v2.xlsx,Jacob.mp4,Jacob.JPG,Jacob,39,Ճագոբ,0,2,2,2,,,,,0,8,8,9,,,,,,,,jacob,"['j', 'a', 'c', 'o', 'b']",3,1.80139086,"[2.651025083847344, 2.851227252976969, 3.267432279884815, 3.4670909598935395, 3.900761178927496]",[2.65102,2.65102,,,43,1,2019_Oct_16_1412,FaceNameBlocked,3.0.0,60.03660435,
65,FacesBlock3_v2.xlsx,Jacob.mp4,Jacob.JPG,Jacob,39,Ճագոբ,0,2,2,2,0,4,4,9,,,,,,,0,1,3.517704627,,,,,,,,,,,,43,1,2019_Oct_16_1412,FaceNameBlocked,3.0.0,60.03660435,
118,FacesBlock4_v2.xlsx,Jason.mp4,Jason.JPG,Jason,49,Ճասոն,0,3,3,3,,,,,0,12,12,4,,,,,,,,brandon,"['b', 'r', 'a', 'n', 's', 'o', 'n', 'backspace', 'backspace', 'backspace', 'd', 'o', 'n']",2,0.8687015,"[2.767822556896135, 2.9510716039221734, 3.1510085200425237, 3.283636352047324, 3.517576183890924, 3.7321541050914675, 3.9174092130269855, 4.599627932999283, 4.76628973800689, 4.916210582014173, 5.699659894919023, 5.766969316871837, 5.9830908419098705]",[2.76782,2.76782,,,43,1,2019_Oct_16_1412,FaceNameBlocked,3.0.0,60.03660435,
100,FacesBlock4_v2.xlsx,Jason.mp4,Jason.JPG,Jason,49,Ճասոն,0,3,3,3,0,9,9,4,,,,,,,1,1,5.651051563,,,,,,,,,,,,43,1,2019_Oct_16_1412,FaceNameBlocked,3.0.0,60.03660435,
26,FacesBlock1_v2.xlsx,Jenna.mp4,Jenna.JPG,Jenna,6,Ճէննա,0,0,0,0,,,,,0,10,10,6,,,,,,,,,None,2,1.268276102,,,,,,43,1,2019_Oct_16_1412,FaceNameBlocked,3.0.0,60.03660435,
10,FacesBlock1_v2.xlsx,Jenna.mp4,Jenna.JPG,Jenna,6,Ճէննա,0,0,0,0,0,9,9,6,,,,,,,0,2,0.069725489,,,,,,,,,,,,43,1,2019_Oct_16_1412,FaceNameBlocked,3.0.0,60.03660435,
49,FacesBlock2_v2.xlsx,Jeremy.mp4,Jeremy.JPG,Jeremy,15,Ճէրէմե,0,1,1,1,,,,,0,3,3,0,,,,,,,,jeremy,"['j', 'e', 'r', 'e', 'm', 'y']",2,2.549667967,"[2.3184375069104135, 2.4521543770097196, 2.6356334399897605, 2.7020846579689533, 5.251476367935538, 5.3513474320061505]",[2.31843,2.31843,,,43,1,2019_Oct_16_1412,FaceNameBlocked,3.0.0,60.03660435,
42,FacesBlock2_v2.xlsx,Jeremy.mp4,Jeremy.JPG,Jeremy,15,Ճէրէմե,0,1,1,1,0,11,11,0,,,,,,,0,1,2.569215876,,,,,,,,,,,,43,1,2019_Oct_16_1412,FaceNameBlocked,3.0.0,60.03660435,
4,FacesBlock1_v2.xlsx,Jessica.mp4,Jessica.JPG,Jessica,8,Ճէսսիգա,0,0,0,0,0,3,3,8,,,,,,,0,2,3.302183871,,,,,,,,,,,,43,1,2019_Oct_16_1412,FaceNameBlocked,3.0.0,60.03660435,
23,FacesBlock1_v2.xlsx,Jessica.mp4,Jessica.JPG,Jessica,8,Ճէսսիգա,0,0,0,0,,,,,0,7,7,8,,,,,,,,,None,1,1.167327427,,,,,,43,1,2019_Oct_16_1412,FaceNameBlocked,3.0.0,60.03660435,
36,FacesBlock2_v2.xlsx,Josh.mp4,Josh.JPG,Josh,19,Ճոսհ,0,1,1,1,0,5,5,4,,,,,,,1,1,4.568738203,,,,,,,,,,,,43,1,2019_Oct_16_1412,FaceNameBlocked,3.0.0,60.03660435,
57,FacesBlock2_v2.xlsx,Josh.mp4,Josh.JPG,Josh,19,Ճոսհ,0,1,1,1,,,,,0,11,11,4,,,,,,,,josh,"['j', 'o', 's', 'h']",1,0.867773534,"[5.45040801493451, 5.533801038982347, 5.916994030121714, 5.966964804101735]",[5.45040,5.45040,,,43,1,2019_Oct_16_1412,FaceNameBlocked,3.0.0,60.03660435,
30,FacesBlock1_v2.xlsx,Julia.mp4,Julia.JPG,Julia,13,Ճըլիա,0,0,0,0,,,,,0,14,14,13,,,,,,,,,None,1,0.385644937,,,,,,43,1,2019_Oct_16_1412,FaceNameBlocked,3.0.0,60.03660435,
2,FacesBlock1_v2.xlsx,Julia.mp4,Julia.JPG,Julia,13,Ճըլիա,0,0,0,0,0,1,1,13,,,,,,,0,2,1.219669524,,,,,,,,,,,,43,1,2019_Oct_16_1412,FaceNameBlocked,3.0.0,60.03660435,
38,FacesBlock2_v2.xlsx,Justin.mp4,Justin.JPG,Justin,27,Ճըսդին,0,1,1,1,0,7,7,12,,,,,,,0,1,2.901689502,,,,,,,,,,,,43,1,2019_Oct_16_1412,FaceNameBlocked,3.0.0,60.03660435,
53,FacesBlock2_v2.xlsx,Justin.mp4,Justin.JPG,Justin,27,Ճըսդին,0,1,1,1,,,,,0,7,7,12,,,,,,,,,None,1,1.08564141,,,,,,43,1,2019_Oct_16_1412,FaceNameBlocked,3.0.0,60.03660435,
117,FacesBlock4_v2.xlsx,Katie.mp4,Katie.JPG,Katie,54,Քադիէ,0,3,3,3,,,,,0,11,11,9,,,,,,,,,None,2,0.801902086,,,,,,43,1,2019_Oct_16_1412,FaceNameBlocked,3.0.0,60.03660435,
104,FacesBlock4_v2.xlsx,Katie.mp4,Katie.JPG,Katie,54,Քադիէ,0,3,3,3,0,13,13,9,,,,,,,1,2,3.252271684,,,,,,,,,,,,43,1,2019_Oct_16_1412,FaceNameBlocked,3.0.0,60.03660435,
72,FacesBlock3_v2.xlsx,Kayla.mp4,Kayla.JPG,Kayla,34,Սարահ,0,2,2,2,0,11,11,4,,,,,,,1,2,3.518485795,,,,,,,,,,,,43,1,2019_Oct_16_1412,FaceNameBlocked,3.0.0,60.03660435,
80,FacesBlock3_v2.xlsx,Kayla.mp4,Kayla.JPG,Kayla,34,Սարահ,0,2,2,2,,,,,0,4,4,4,,,,,,,,kyla,"['k', 'y', 'l', 'a']",2,3.000852719,"[3.018431852106005, 3.801686719059944, 4.4015419280622154, 4.500937310047448]",[3.01843,3.01843,,,43,1,2019_Oct_16_1412,FaceNameBlocked,3.0.0,60.03660435,
18,FacesBlock1_v2.xlsx,Kelsey.mp4,Kelsey.JPG,Kelsey,12,Քէլսէե,0,0,0,0,,,,,0,2,2,12,,,,,,,,alisha,"['a', 'l', 'i', 's', 'h', 'a']",1,0.818801919,"[5.600907495943829, 5.700857924995944, 5.934102565981448, 6.084198629949242, 6.348523061024025, 7.933274252107367]",[5.60090,5.60090,,,43,1,2019_Oct_16_1412,FaceNameBlocked,3.0.0,60.03660435,
9,FacesBlock1_v2.xlsx,Kelsey.mp4,Kelsey.JPG,Kelsey,12,Քէլսէե,0,0,0,0,0,8,8,12,,,,,,,1,2,1.552807095,,,,,,,,,,,,43,1,2019_Oct_16_1412,FaceNameBlocked,3.0.0,60.03660435,
88,FacesBlock3_v2.xlsx,Kevin.mp4,Kevin.JPG,Kevin,41,Քէւին,0,2,2,2,,,,,0,12,12,11,,,,,,,,,None,2,1.318730464,,,,,,43,1,2019_Oct_16_1412,FaceNameBlocked,3.0.0,60.03660435,
70,FacesBlock3_v2.xlsx,Kevin.mp4,Kevin.JPG,Kevin,41,Քէւին,0,2,2,2,0,9,9,11,,,,,,,0,1,1.985345428,,,,,,,,,,,,43,1,2019_Oct_16_1412,FaceNameBlocked,3.0.0,60.03660435,
1,FacesBlock1_v2.xlsx,Kyle.mp4,Kyle.JPG,Kyle,4,Քելէ,0,0,0,0,0,0,0,4,,,,,,,0,1,11.74867994,,,,,,,,,,,,43,1,2019_Oct_16_1412,FaceNameBlocked,3.0.0,60.03660435,
20,FacesBlock1_v2.xlsx,Kyle.mp4,Kyle.JPG,Kyle,4,Քելէ,0,0,0,0,,,,,0,4,4,4,,,,,,,,alex,"['a', 'l', 'e', 'x']",1,1.551900429,"[2.4685173670295626, 2.5516588180325925, 2.7519171449821442, 3.5341125659178942]",[2.46851,2.46851,,,43,1,2019_Oct_16_1412,FaceNameBlocked,3.0.0,60.03660435,
81,FacesBlock3_v2.xlsx,Lauren.mp4,Lauren.JPG,Lauren,38,Լաըրէն,0,2,2,2,,,,,0,5,5,8,,,,,,,,,None,1,1.185500828,,,,,,43,1,2019_Oct_16_1412,FaceNameBlocked,3.0.0,60.03660435,
62,FacesBlock3_v2.xlsx,Lauren.mp4,Lauren.JPG,Lauren,38,Լաըրէն,0,2,2,2,0,1,1,8,,,,,,,0,2,2.085917034,,,,,,,,,,,,43,1,2019_Oct_16_1412,FaceNameBlocked,3.0.0,60.03660435,
67,FacesBlock3_v2.xlsx,Mark.mp4,Mark.JPG,Mark,40,Մարք,0,2,2,2,0,6,6,10,,,,,,,0,1,1.402549884,,,,,,,,,,,,43,1,2019_Oct_16_1412,FaceNameBlocked,3.0.0,60.03660435,
89,FacesBlock3_v2.xlsx,Mark.mp4,Mark.JPG,Mark,40,Մարք,0,2,2,2,,,,,0,13,13,10,,,,,,,,,None,2,1.251227383,,,,,,43,1,2019_Oct_16_1412,FaceNameBlocked,3.0.0,60.03660435,
29,FacesBlock1_v2.xlsx,Matthew.mp4,Matthew.JPG,Matthew,9,Մադդհէվ,0,0,0,0,,,,,0,13,13,9,,,,,,,,,None,2,1.33556108,,,,,,43,1,2019_Oct_16_1412,FaceNameBlocked,3.0.0,60.03660435,
7,FacesBlock1_v2.xlsx,Matthew.mp4,Matthew.JPG,Matthew,9,Մադդհէվ,0,0,0,0,0,6,6,9,,,,,,,1,1,0.352610016,,,,,,,,,,,,43,1,2019_Oct_16_1412,FaceNameBlocked,3.0.0,60.03660435,
31,FacesBlock2_v2.xlsx,Megan.mp4,Megan.JPG,Megan,25,Մէկան,0,1,1,1,0,0,0,10,,,,,,,0,2,3.934490355,,,,,,,,,,,,43,1,2019_Oct_16_1412,FaceNameBlocked,3.0.0,60.03660435,
52,FacesBlock2_v2.xlsx,Megan.mp4,Megan.JPG,Megan,25,Մէկան,0,1,1,1,,,,,0,6,6,10,,,,,,,,britney,"['b', 'r', 'i', 't', 'm', 'e', 'y', 'backspace', 'backspace', 'backspace', 'n', 'e', 'y']",2,1.633088136,"[4.616956943878904, 5.033725344808772, 5.398135151015595, 5.566693920874968, 6.049761916976422, 6.216412791982293, 6.300039991969243, 7.715488472022116, 7.848662049975246, 8.015250711934641, 9.36562430090271, 9.831969985971227, 9.864847510820255]",[4.61695,4.61695,,,43,1,2019_Oct_16_1412,FaceNameBlocked,3.0.0,60.03660435,
119,FacesBlock4_v2.xlsx,Michael.mp4,Michael.JPG,Michael,46,Միգհաէլ,0,3,3,3,,,,,0,13,13,1,,,,,,,,michael,"['m', 'i', 'c', 'h', 'a', 'e', 'l']",2,0.733204958,"[2.301604527980089, 2.4516143270302564, 2.784007121110335, 2.8679051080252975, 3.317985757952556, 4.317607061937451, 4.4176192111335695]",[2.30160,2.30160,,,43,1,2019_Oct_16_1412,FaceNameBlocked,3.0.0,60.03660435,
105,FacesBlock4_v2.xlsx,Michael.mp4,Michael.JPG,Michael,46,Միգհաէլ,0,3,3,3,0,14,14,1,,,,,,,0,1,3.684604574,,,,,,,,,,,,43,1,2019_Oct_16_1412,FaceNameBlocked,3.0.0,60.03660435,
115,FacesBlock4_v2.xlsx,Michelle.mp4,Michelle.JPG,Michelle,52,Միգհէլլէ,0,3,3,3,,,,,0,9,9,7,,,,,,,,,None,3,0.968546272,,,,,,43,1,2019_Oct_16_1412,FaceNameBlocked,3.0.0,60.03660435,
98,FacesBlock4_v2.xlsx,Michelle.mp4,Michelle.JPG,Michelle,52,Միգհէլլէ,0,3,3,3,0,7,7,7,,,,,,,0,2,2.26963507,,,,,,,,,,,,43,1,2019_Oct_16_1412,FaceNameBlocked,3.0.0,60.03660435,
24,FacesBlock1_v2.xlsx,Natalie.mp4,Natalie.JPG,Natalie,7,Նադալիէ,0,0,0,0,,,,,0,8,8,7,,,,,,,,,None,1,1.000128513,,,,,,43,1,2019_Oct_16_1412,FaceNameBlocked,3.0.0,60.03660435,
15,FacesBlock1_v2.xlsx,Natalie.mp4,Natalie.JPG,Natalie,7,Նադալիէ,0,0,0,0,0,14,14,7,,,,,,,0,2,1.318705992,,,,,,,,,,,,43,1,2019_Oct_16_1412,FaceNameBlocked,3.0.0,60.03660435,
68,FacesBlock3_v2.xlsx,Nathan.mp4,Nathan.JPG,Nathan,37,Նադհան,0,2,2,2,0,7,7,7,,,,,,,1,1,4.20171196,,,,,,,,,,,,43,1,2019_Oct_16_1412,FaceNameBlocked,3.0.0,60.03660435,
77,FacesBlock3_v2.xlsx,Nathan.mp4,Nathan.JPG,Nathan,37,Նադհան,0,2,2,2,,,,,0,1,1,7,,,,,,,,nathan,"['n', 'a', 't', 'h', 'a', 'n']",4,2.101505532,"[1.7350266559515148, 1.8849617359228432, 2.0517601459287107, 2.285199326928705, 2.417489083018154, 2.817807829938829]",[1.73502,1.73502,,,43,1,2019_Oct_16_1412,FaceNameBlocked,3.0.0,60.03660435,
76,FacesBlock3_v2.xlsx,Nicole.mp4,Nicole.JPG,Nicole,43,Նիգոլէ,0,2,2,2,,,,,0,0,0,13,,,,,,space,13.330844,,None,1,3.117463857,,,,,,43,1,2019_Oct_16_1412,FaceNameBlocked,3.0.0,60.03660435,
73,FacesBlock3_v2.xlsx,Nicole.mp4,Nicole.JPG,Nicole,43,Նիգոլէ,0,2,2,2,0,12,12,13,,,,,,,0,2,2.235099259,,,,,,,,,,,,43,1,2019_Oct_16_1412,FaceNameBlocked,3.0.0,60.03660435,
63,FacesBlock3_v2.xlsx,Noah.mp4,Noah.JPG,Noah,31,Նոահ,0,2,2,2,0,2,2,1,,,,,,,1,1,3.168661468,,,,,,,,,,,,43,1,2019_Oct_16_1412,FaceNameBlocked,3.0.0,60.03660435,
85,FacesBlock3_v2.xlsx,Noah.mp4,Noah.JPG,Noah,31,Նոահ,0,2,2,2,,,,,0,9,9,1,,,,,,,,,None,2,1.285086512,,,,,,43,1,2019_Oct_16_1412,FaceNameBlocked,3.0.0,60.03660435,
83,FacesBlock3_v2.xlsx,Olivia.mp4,Olivia.JPG,Olivia,35,Ոլիւիա,0,2,2,2,,,,,0,7,7,5,,,,,,,,olivia,"['o', 'l', 'i', 'v', 'i', 'a', '2', 'backspace']",3,1.335248265,"[2.1687868100125343, 2.3679068500641733, 2.551907437155023, 2.8021536690648645, 2.8854551611002535, 3.118317913962528, 3.6185196430888027, 4.650524409953505]",[2.16878,2.16878,,,43,1,2019_Oct_16_1412,FaceNameBlocked,3.0.0,60.03660435,
66,FacesBlock3_v2.xlsx,Olivia.mp4,Olivia.JPG,Olivia,35,Ոլիւիա,0,2,2,2,0,5,5,5,,,,,,,0,2,3.118221794,,,,,,,,,,,,43,1,2019_Oct_16_1412,FaceNameBlocked,3.0.0,60.03660435,
51,FacesBlock2_v2.xlsx,Rachel.mp4,Rachel.JPG,Rachel,29,Րագհէլ,0,1,1,1,,,,,0,5,5,14,,,,,,,,rachel,"['r', 'a', 'c', 'h', 'e', 'l']",3,1.51639155,"[3.367851813090965, 3.5177034460939467, 3.8008592831902206, 4.134074999019504, 4.284282769076526, 5.233839460182935]",[3.36785,3.36785,,,43,1,2019_Oct_16_1412,FaceNameBlocked,3.0.0,60.03660435,
37,FacesBlock2_v2.xlsx,Rachel.mp4,Rachel.JPG,Rachel,29,Րագհէլ,0,1,1,1,0,6,6,14,,,,,,,1,2,4.201183988,,,,,,,,,,,,43,1,2019_Oct_16_1412,FaceNameBlocked,3.0.0,60.03660435,
75,FacesBlock3_v2.xlsx,Rebecca.mp4,Rebecca.JPG,Rebecca,32,Րէբէգգա,0,2,2,2,0,14,14,2,,,,,,,0,2,1.736069075,,,,,,,,,,,,43,1,2019_Oct_16_1412,FaceNameBlocked,3.0.0,60.03660435,
90,FacesBlock3_v2.xlsx,Rebecca.mp4,Rebecca.JPG,Rebecca,32,Րէբէգգա,0,2,2,2,,,,,0,14,14,2,,,,,,,,,None,2,1.318443741,,,,,,43,1,2019_Oct_16_1412,FaceNameBlocked,3.0.0,60.03660435,
74,FacesBlock3_v2.xlsx,Sarah.mp4,Sarah.JPG,Sarah,33,Սարահ,0,2,2,2,0,13,13,3,,,,,,,1,2,1.985718932,,,,,,,,,,,,43,1,2019_Oct_16_1412,FaceNameBlocked,3.0.0,60.03660435,
82,FacesBlock3_v2.xlsx,Sarah.mp4,Sarah.JPG,Sarah,33,Սարահ,0,2,2,2,,,,,0,6,6,3,,,,,,,,sarah,"['s', 'a', 'r', 'a', 'h']",3,1.817463497,"[1.5852341330610216, 1.8185471440665424, 1.9683280771132559, 2.084652756107971, 2.8014980531297624]",[1.58523,1.58523,,,43,1,2019_Oct_16_1412,FaceNameBlocked,3.0.0,60.03660435,
79,FacesBlock3_v2.xlsx,Shelby.mp4,Shelby.JPG,Shelby,36,Սհէլբե,0,2,2,2,,,,,0,3,3,6,,,,,,,,shellby,"['s', 'h', 'e', 'l', 'l', 'b', 'y']",4,1.501977195,"[2.0350717219989747, 2.1184894018806517, 2.300906202988699, 3.284690279047936, 3.4178785989061, 3.8177954428829253, 3.9507127590477467]",[2.03507,2.03507,,,43,1,2019_Oct_16_1412,FaceNameBlocked,3.0.0,60.03660435,
71,FacesBlock3_v2.xlsx,Shelby.mp4,Shelby.JPG,Shelby,36,Սհէլբե,0,2,2,2,0,10,10,6,,,,,,,1,2,5.318125585,,,,,,,,,,,,43,1,2019_Oct_16_1412,FaceNameBlocked,3.0.0,60.03660435,
56,FacesBlock2_v2.xlsx,Steven.mp4,Steven.JPG,Steven,17,Սդէւէն,0,1,1,1,,,,,0,10,10,2,,,,,,,,steven,"['s', 't', 'e', 'v', 'e', 'n']",2,1.185286026,"[3.968108387896791, 4.350624620914459, 4.500351409893483, 5.249972152989358, 5.317590337013826, 5.733553237980232]",[3.96810,3.96810,,,43,1,2019_Oct_16_1412,FaceNameBlocked,3.0.0,60.03660435,
44,FacesBlock2_v2.xlsx,Steven.mp4,Steven.JPG,Steven,17,Սդէւէն,0,1,1,1,0,13,13,2,,,,,,,0,1,2.486347344,,,,,,,,,,,,43,1,2019_Oct_16_1412,FaceNameBlocked,3.0.0,60.03660435,
112,FacesBlock4_v2.xlsx,Taylor.mp4,Taylor.JPG,Taylor,45,Դաելոր,0,3,3,3,,,,,0,6,6,0,,,,,,,,,None,1,1.835115102,,,,,,43,1,2019_Oct_16_1412,FaceNameBlocked,3.0.0,60.03660435,
103,FacesBlock4_v2.xlsx,Taylor.mp4,Taylor.JPG,Taylor,45,Դաելոր,0,3,3,3,0,12,12,0,,,,,,,1,2,2.483047734,,,,,,,,,,,,43,1,2019_Oct_16_1412,FaceNameBlocked,3.0.0,60.03660435,
69,FacesBlock3_v2.xlsx,Thomas.mp4,Thomas.JPG,Thomas,44,Դհոմաս,0,2,2,2,0,8,8,14,,,,,,,1,1,2.052258488,,,,,,,,,,,,43,1,2019_Oct_16_1412,FaceNameBlocked,3.0.0,60.03660435,
87,FacesBlock3_v2.xlsx,Thomas.mp4,Thomas.JPG,Thomas,44,Դհոմաս,0,2,2,2,,,,,0,11,11,14,,,,,,,,thomas,"['t', 'h', 'o', 'm', 'a', 's']",3,4.017602461,"[2.0188526019919664, 2.184888602932915, 2.6851607910357416, 2.9687938860151917, 3.101885434007272, 3.2850092200096697]",[2.01885,2.01885,,,43,1,2019_Oct_16_1412,FaceNameBlocked,3.0.0,60.03660435,
21,FacesBlock1_v2.xlsx,Timothy.mp4,Timothy.JPG,Timothy,10,Դիմոդհե,0,0,0,0,,,,,0,5,5,10,,,,,,,,,None,2,2.051185499,,,,,,43,1,2019_Oct_16_1412,FaceNameBlocked,3.0.0,60.03660435,
13,FacesBlock1_v2.xlsx,Timothy.mp4,Timothy.JPG,Timothy,10,Դիմոդհե,0,0,0,0,0,12,12,10,,,,,,,1,1,2.451725941,,,,,,,,,,,,43,1,2019_Oct_16_1412,FaceNameBlocked,3.0.0,60.03660435,
41,FacesBlock2_v2.xlsx,Trevor.mp4,Trevor.JPG,Trevor,21,Դրէւոր,0,1,1,1,0,10,10,6,,,,,,,1,1,7.616426771,,,,,,,,,,,,43,1,2019_Oct_16_1412,FaceNameBlocked,3.0.0,60.03660435,
46,FacesBlock2_v2.xlsx,Trevor.mp4,Trevor.JPG,Trevor,21,Դրէւոր,0,1,1,1,,,,,0,0,0,6,,,,,,space,7.116652829,,None,1,1.335191413,,,,,,43,1,2019_Oct_16_1412,FaceNameBlocked,3.0.0,60.03660435,
35,FacesBlock2_v2.xlsx,Tyler.mp4,Tyler.JPG,Tyler,22,Դելէր,0,1,1,1,0,4,4,7,,,,,,,1,1,3.734935368,,,,,,,,,,,,43,1,2019_Oct_16_1412,FaceNameBlocked,3.0.0,60.03660435,
55,FacesBlock2_v2.xlsx,Tyler.mp4,Tyler.JPG,Tyler,22,Դելէր,0,1,1,1,,,,,0,9,9,7,,,,,,,,tyler,"['t', 'y', 'l', 'e', 'r']",2,1.102075187,"[2.3685282091610134, 2.4520299681462348, 3.085231870179996, 3.1350647581275553, 3.2352142902091146]",[2.36852,2.36852,,,43,1,2019_Oct_16_1412,FaceNameBlocked,3.0.0,60.03660435,
0,,,,,,,,,,,,,,,,,,,space,84.92558299,,,,,,,,,,,,,,,43,1,2019_Oct_16_1412,FaceNameBlocked,3.0.0,60.03660435,
121,,,,,,,,,,,,,,,,,,,,,,,,,,,,,,,,,space,2.168418457,43,1,2019_Oct_16_1412,FaceNameBlocked,3.0.0,60.03660435,