,condsFile,Video,Photo,Name,Row,Name2,blocks.thisRepN,blocks.thisTrialN,blocks.thisN,blocks.thisIndex,presentations.thisRepN,presentations.thisTrialN,presentations.thisN,presentations.thisIndex,testing.thisRepN,testing.thisTrialN,testing.thisN,testing.thisIndex,advance_1.keys,advance_1.rt,currentCond,judgementResp.keys,judgementResp.rt,advance_2.keys,advance_2.rt,inputText,key_resp_3.keys,key_resp_3.rt,,key_resp3_fin,rating_resp.keys,rating_resp.rt,end_key.keys,end_key.rt,participant,session,date,expName,psychopyVersion,frameRate,Unnamed: 38
60,FacesBlock2_v2.xlsx,Aaron.mp4,Aaron.JPG,Aaron,18,Աարոն,0,1,1,1,,,,,0,14,14,3,,,,,,,,,None,,,,1,0.834591091,,,14,1,2019_Aug_13_1255,FaceNameBlocked,3.0.0,60.07230254,
40,FacesBlock2_v2.xlsx,Aaron.mp4,Aaron.JPG,Aaron,18,Աարոն,0,1,1,1,0,9,9,3,,,,,,,1,1,0.819729225,,,,,,,,,,,,14,1,2019_Aug_13_1255,FaceNameBlocked,3.0.0,60.07230254,
28,FacesBlock1_v2.xlsx,Adam.mp4,Adam.JPG,Adam,5,Ատամ,0,0,0,0,,,,,0,12,12,5,,,,,,,,,"['s', 'backspace', 'lshift']","[7.533478003984783, 8.382371340005193, 9.264979163010139]",[7.53347,7.53347,1,0.968756847,,,14,1,2019_Aug_13_1255,FaceNameBlocked,3.0.0,60.07230254,
1,FacesBlock1_v2.xlsx,Adam.mp4,Adam.JPG,Adam,5,Ատամ,0,0,0,0,0,0,0,5,,,,,,,0,1,1.619382015,,,,,,,,,,,,14,1,2019_Aug_13_1255,FaceNameBlocked,3.0.0,60.07230254,
102,FacesBlock4_v2.xlsx,Alyssa.mp4,Alyssa.JPG,Alyssa,55,Ալեսսա,0,3,3,3,0,11,11,10,,,,,,,1,2,0.636357409,,,,,,,,,,,,14,1,2019_Aug_13_1255,FaceNameBlocked,3.0.0,60.07230254,
114,FacesBlock4_v2.xlsx,Alyssa.mp4,Alyssa.JPG,Alyssa,55,Ալեսսա,0,3,3,3,,,,,0,8,8,10,,,,,,,,Courtney,"['lshift', 'c', 'o', 'u', 'r', 't', 'n', 'e', 'y']","[3.933679484995082, 4.134971444989787, 4.517974744987441, 4.601290133985458, 4.70102552199387, 5.2010107550013345, 5.584276728011901, 5.867699032998644, 6.133892443991499]",[3.93367,3.93367,1,0.285364546,,,14,1,2019_Aug_13_1255,FaceNameBlocked,3.0.0,60.07230254,
19,FacesBlock1_v2.xlsx,Amanda.mp4,Amanda.JPG,Amanda,2,Ամանտա,0,0,0,0,,,,,0,3,3,2,,,,,,,,Amanda,"['rshift', 'a', 'm', 'a', 'n', 'd', 'a', 'return']","[2.5169025269860867, 2.668113171006553, 2.9180360210011713, 3.034750272985548, 3.21808164101094, 3.4510947029921226, 3.600744550989475, 3.8676471569924615]",[2.51690,2.51690,4,0.402434654,,,14,1,2019_Aug_13_1255,FaceNameBlocked,3.0.0,60.07230254,
14,FacesBlock1_v2.xlsx,Amanda.mp4,Amanda.JPG,Amanda,2,Ամանտա,0,0,0,0,0,13,13,2,,,,,,,1,2,0.386218939,,,,,,,,,,,,14,1,2019_Aug_13_1255,FaceNameBlocked,3.0.0,60.07230254,
101,FacesBlock4_v2.xlsx,Andrew.mp4,Andrew.JPG,Andrew,51,Անտրէվ,0,3,3,3,0,10,10,6,,,,,,,0,1,0.552233286,,,,,,,,,,,,14,1,2019_Aug_13_1255,FaceNameBlocked,3.0.0,60.07230254,
108,FacesBlock4_v2.xlsx,Andrew.mp4,Andrew.JPG,Andrew,51,Անտրէվ,0,3,3,3,,,,,0,2,2,6,,,,,,,,,['lshift'],[7.098223745007999],[7.09822,7.09822,1,0.768397095,,,14,1,2019_Aug_13_1255,FaceNameBlocked,3.0.0,60.07230254,
112,FacesBlock4_v2.xlsx,Anna.mp4,Anna.JPG,Anna,47,Աննա,0,3,3,3,,,,,0,6,6,2,,,,,,,,Kacey1,"['lshift', 'k', 'a', 'c', 'e', 'y', '1']","[4.133634683006676, 4.551722114003496, 5.134723155002575, 6.417935119010508, 6.7174369629938155, 6.8177394320082385, 9.416755262995139]",[4.13363,4.13363,1,1.467764864,,,14,1,2019_Aug_13_1255,FaceNameBlocked,3.0.0,60.07230254,
103,FacesBlock4_v2.xlsx,Anna.mp4,Anna.JPG,Anna,47,Աննա,0,3,3,3,0,12,12,2,,,,,,,0,2,0.619507394,,,,,,,,,,,,14,1,2019_Aug_13_1255,FaceNameBlocked,3.0.0,60.07230254,
32,FacesBlock2_v2.xlsx,Ashley.mp4,Ashley.JPG,Ashley,24,Ասհլէե,0,1,1,1,0,1,1,9,,,,,,,1,2,0.652240716,,,,,,,,,,,,14,1,2019_Aug_13_1255,FaceNameBlocked,3.0.0,60.07230254,
47,FacesBlock2_v2.xlsx,Ashley.mp4,Ashley.JPG,Ashley,24,Ասհլէե,0,1,1,1,,,,,0,1,1,9,,,,,,,,Ashley,"['lshift', 'a', 's', 'h', 'l', 'e', 'y']","[1.7836038329987787, 5.933037611015607, 6.516302171017742, 6.850023634004174, 7.14968557501561, 7.332821537012933, 7.532822295994265]",[1.78360,1.78360,1,0.568554618,,,14,1,2019_Aug_13_1255,FaceNameBlocked,3.0.0,60.07230254,
9,FacesBlock1_v2.xlsx,Bradley.mp4,Bradley.JPG,Bradley,14,Բրատլէե,0,0,0,0,0,8,8,14,,,,,,,1,1,0.369361126,,,,,,,,,,,,14,1,2019_Aug_13_1255,FaceNameBlocked,3.0.0,60.07230254,
29,FacesBlock1_v2.xlsx,Bradley.mp4,Bradley.JPG,Bradley,14,Բրատլէե,0,0,0,0,,,,,0,13,13,14,,,,,,,,Daniel,"['lshift', 'd', 'n', 'a', 'backspace', 'backspace', 'a', 'n', 'i', 'e', 'l', 'return']","[3.816374565998558, 5.450119436020032, 5.900100325001404, 6.033575897017727, 6.316321993013844, 6.432831542013446, 6.799822505010525, 6.966904241009615, 7.183262927021133, 7.332993357005762, 7.4993663750065025, 7.832550518010976]",[3.81637,3.81637,1,0.351818758,,,14,1,2019_Aug_13_1255,FaceNameBlocked,3.0.0,60.07230254,
113,FacesBlock4_v2.xlsx,Brandon.mp4,Brandon.JPG,Brandon,56,Բրանտոն,0,3,3,3,,,,,0,7,7,11,,,,,,,,B,"['lshift', 'b', 'r']","[9.431160284002544, 9.732775540003786, 9.982682094007032]",[9.43116,9.43116,1,0.701647444,,,14,1,2019_Aug_13_1255,FaceNameBlocked,3.0.0,60.07230254,
93,FacesBlock4_v2.xlsx,Brandon.mp4,Brandon.JPG,Brandon,56,Բրանտոն,0,3,3,3,0,2,2,11,,,,,,,1,1,1.019647405,,,,,,,,,,,,14,1,2019_Aug_13_1255,FaceNameBlocked,3.0.0,60.07230254,
94,FacesBlock4_v2.xlsx,Brian.mp4,Brian.JPG,Brian,53,Բրիան,0,3,3,3,0,3,3,8,,,,,,,0,1,0.935493515,,,,,,,,,,,,14,1,2019_Aug_13_1255,FaceNameBlocked,3.0.0,60.07230254,
117,FacesBlock4_v2.xlsx,Brian.mp4,Brian.JPG,Brian,53,Բրիան,0,3,3,3,,,,,0,11,11,8,,,,,,,,Bryan,"['lshift', 'b', 'r', 'y', 'a', 'n']","[0.7999498769931961, 1.0333537450060248, 1.3013940159871709, 1.449686523003038, 1.5841509680030867, 1.8182052269985434]",[0.79994,0.79994,4,0.501515678,,,14,1,2019_Aug_13_1255,FaceNameBlocked,3.0.0,60.07230254,
115,FacesBlock4_v2.xlsx,Brianna.mp4,Brianna.JPG,Brianna,48,Բրիաննա,0,3,3,3,,,,,0,9,9,3,,,,,,,,Brianna,"['lshift', 'b', 'r', 'a', 'i', 'backspace', 'backspace', 'i', 'a', 'n', 'n', 'n', 'backspace', 'a']","[3.8495002340059727, 4.067298377020052, 4.383991347014671, 4.767058855009964, 4.884120821021497, 5.416439167020144, 5.566317877994152, 5.849783148994902, 6.0165517660207115, 6.1834469830209855, 6.3161595500132535, 6.516734870005166, 6.965835014008917, 7.249866063008085]",[3.84950,3.84950,1,0.368743235,,,14,1,2019_Aug_13_1255,FaceNameBlocked,3.0.0,60.07230254,
92,FacesBlock4_v2.xlsx,Brianna.mp4,Brianna.JPG,Brianna,48,Բրիաննա,0,3,3,3,0,1,1,3,,,,,,,0,2,0.402884867,,,,,,,,,,,,14,1,2019_Aug_13_1255,FaceNameBlocked,3.0.0,60.07230254,
48,FacesBlock2_v2.xlsx,Brittany.mp4,Brittany.JPG,Brittany,28,Բրիդդանե,0,1,1,1,,,,,0,2,2,13,,,,,,,,Megan2,"['lshift', 'm', 'e', 'g', 'a', 'n', '2']","[0.9843693980074022, 1.1023820680275094, 1.4022463720175438, 1.6188431059999857, 1.7837593580188695, 1.9019561710010748, 9.516773115028627]",[0.98436,0.98436,2,1.334898857,,,14,1,2019_Aug_13_1255,FaceNameBlocked,3.0.0,60.07230254,
45,FacesBlock2_v2.xlsx,Brittany.mp4,Brittany.JPG,Brittany,28,Բրիդդանե,0,1,1,1,0,14,14,13,,,,,,,1,2,0.620184746,,,,,,,,,,,,14,1,2019_Aug_13_1255,FaceNameBlocked,3.0.0,60.07230254,
110,FacesBlock4_v2.xlsx,Caleb.mp4,Caleb.JPG,Caleb,59,Գալէբ,0,3,3,3,,,,,0,4,4,14,,,,,,,,Ryan,"['lshift', 'r', 'y', 'a', 'n']","[7.781977781996829, 7.883161792997271, 8.03341921500396, 8.266063054994447, 8.41686167701846]",[7.78197,7.78197,1,0.269165939,,,14,1,2019_Aug_13_1255,FaceNameBlocked,3.0.0,60.07230254,
96,FacesBlock4_v2.xlsx,Caleb.mp4,Caleb.JPG,Caleb,59,Գալէբ,0,3,3,3,0,5,5,14,,,,,,,1,1,0.702916531,,,,,,,,,,,,14,1,2019_Aug_13_1255,FaceNameBlocked,3.0.0,60.07230254,
54,FacesBlock2_v2.xlsx,Cody.mp4,Cody.JPG,Cody,23,Գոտե,0,1,1,1,,,,,0,8,8,8,,,,,,,,Cody,"['lshift', 'c', 'o', 'd', 'y']","[1.4841470510000363, 1.7028908529900946, 1.9868973419943359, 2.168707317003282, 2.4669963530031964]",[1.48414,1.48414,4,0.385406423,,,14,1,2019_Aug_13_1255,FaceNameBlocked,3.0.0,60.07230254,
34,FacesBlock2_v2.xlsx,Cody.mp4,Cody.JPG,Cody,23,Գոտե,0,1,1,1,0,3,3,8,,,,,,,1,1,0.719609036,,,,,,,,,,,,14,1,2019_Aug_13_1255,FaceNameBlocked,3.0.0,60.07230254,
69,FacesBlock3_v2.xlsx,Courtney.mp4,Courtney.JPG,Courtney,42,Գոըրդնէե,0,2,2,2,0,8,8,12,,,,,,,1,2,0.802831145,,,,,,,,,,,,14,1,2019_Aug_13_1255,FaceNameBlocked,3.0.0,60.07230254,
80,FacesBlock3_v2.xlsx,Courtney.mp4,Courtney.JPG,Courtney,42,Գոըրդնէե,0,2,2,2,,,,,0,4,4,12,,,,,,,,Nicole,"['lshift', 'n', 'i', 'c', 'h', 'o', 'l', 'e', 'backspace', 'backspace', 'backspace', 'backspace', 'o', 'l', 'e']","[5.949254737992305, 6.050385270995321, 6.233713811991038, 6.383018027991056, 6.516252650995739, 6.600261930987472, 6.8166760799940675, 6.91726934700273, 7.249600248003844, 7.382711336977081, 7.482965823990526, 7.61595284199575, 8.131394868978532, 8.547574783995515, 8.699668254994322]",[5.94925,5.94925,1,0.518222588,,,14,1,2019_Aug_13_1255,FaceNameBlocked,3.0.0,60.07230254,
74,FacesBlock3_v2.xlsx,Daniel.mp4,Daniel.JPG,Daniel,30,Տանիէլ,0,2,2,2,0,13,13,0,,,,,,,0,1,0.319470913,,,,,,,,,,,,14,1,2019_Aug_13_1255,FaceNameBlocked,3.0.0,60.07230254,
86,FacesBlock3_v2.xlsx,Daniel.mp4,Daniel.JPG,Daniel,30,Տանիէլ,0,2,2,2,,,,,0,10,10,0,,,,,,,,Daniel,"['lshift', 'd', 'a', 'n', 'i', 'e', 'l']","[0.98322737502167, 1.2018712300050538, 1.6998134390159976, 1.8513377790222876, 2.1517816240084358, 2.318169160018442, 2.7171100470004603]",[0.98322,0.98322,3,0.218909582,,,14,1,2019_Aug_13_1255,FaceNameBlocked,3.0.0,60.07230254,
7,FacesBlock1_v2.xlsx,Danielle.mp4,Danielle.JPG,Danielle,3,Տանիէլլէ,0,0,0,0,0,6,6,3,,,,,,,1,2,0.56983574,,,,,,,,,,,,14,1,2019_Aug_13_1255,FaceNameBlocked,3.0.0,60.07230254,
25,FacesBlock1_v2.xlsx,Danielle.mp4,Danielle.JPG,Danielle,3,Տանիէլլէ,0,0,0,0,,,,,0,9,9,3,,,,,,,,Kelsey,"['lshift', 'k', 'e', 'l', 's', 'e', 'y']","[2.3498037249955814, 2.4347023679874837, 2.6677242309961002, 2.9510191660083365, 3.3010797050083056, 3.7169988180103246, 4.4005774699908216]",[2.34980,2.34980,1,0.335603912,,,14,1,2019_Aug_13_1255,FaceNameBlocked,3.0.0,60.07230254,
58,FacesBlock2_v2.xlsx,David.mp4,David.JPG,David,16,Տաւիտ,0,1,1,1,,,,,0,12,12,1,,,,,,,,Gorge,"['lshift', 'g', 'o', 'r', 'g', 'e']","[7.931094378000125, 8.200425690010889, 8.415952114009997, 8.499536521005211, 8.832836174988188, 8.949820603011176]",[7.93109,7.93109,1,0.501668233,,,14,1,2019_Aug_13_1255,FaceNameBlocked,3.0.0,60.07230254,
39,FacesBlock2_v2.xlsx,David.mp4,David.JPG,David,16,Տաւիտ,0,1,1,1,0,8,8,1,,,,,,,1,1,0.635758558,,,,,,,,,,,,14,1,2019_Aug_13_1255,FaceNameBlocked,3.0.0,60.07230254,
97,FacesBlock4_v2.xlsx,Dylan.mp4,Dylan.JPG,Dylan,50,Տելան,0,3,3,3,0,6,6,5,,,,,,,0,1,0.736210189,,,,,,,,,,,,14,1,2019_Aug_13_1255,FaceNameBlocked,3.0.0,60.07230254,
111,FacesBlock4_v2.xlsx,Dylan.mp4,Dylan.JPG,Dylan,50,Տելան,0,3,3,3,,,,,0,5,5,5,,,,,,,,,None,,,,1,0.685673905,,,14,1,2019_Aug_13_1255,FaceNameBlocked,3.0.0,60.07230254,
95,FacesBlock4_v2.xlsx,Emily.mp4,Emily.JPG,Emily,57,Էմիլե,0,3,3,3,0,4,4,12,,,,,,,1,2,0.60299948,,,,,,,,,,,,14,1,2019_Aug_13_1255,FaceNameBlocked,3.0.0,60.07230254,
116,FacesBlock4_v2.xlsx,Emily.mp4,Emily.JPG,Emily,57,Էմիլե,0,3,3,3,,,,,0,10,10,12,,,,,,,,Emily,"['lshift', 'e', 'm', 'i', 'l', 'y']","[4.6335134750115685, 4.7344701060210355, 4.984256846015342, 5.283839083014755, 5.501044377015205, 5.801188159006415]",[4.63351,4.63351,1,0.33524997,,,14,1,2019_Aug_13_1255,FaceNameBlocked,3.0.0,60.07230254,
17,FacesBlock1_v2.xlsx,Eric.mp4,Eric.JPG,Eric,0,Էրիգ,0,0,0,0,,,,,0,1,1,0,,,,,,,,Ethan ,"['lshift', 'e', 't', 'h', 'a', 'n', 'return', 'space']","[1.733714672998758, 1.918236148019787, 2.2680365279957186, 2.5180574349942617, 3.0844110250181984, 3.2684313700010534, 3.7172544710047077, 5.300314207008341]",[1.73371,1.73371,1,1.685841464,,,14,1,2019_Aug_13_1255,FaceNameBlocked,3.0.0,60.07230254,
10,FacesBlock1_v2.xlsx,Eric.mp4,Eric.JPG,Eric,0,Էրիգ,0,0,0,0,0,9,9,0,,,,,,,1,1,0.603823558,,,,,,,,,,,,14,1,2019_Aug_13_1255,FaceNameBlocked,3.0.0,60.07230254,
11,FacesBlock1_v2.xlsx,Ethan.mp4,Ethan.JPG,Ethan,11,Էդհան,0,0,0,0,0,10,10,11,,,,,,,1,1,0.269484093,,,,,,,,,,,,14,1,2019_Aug_13_1255,FaceNameBlocked,3.0.0,60.07230254,
20,FacesBlock1_v2.xlsx,Ethan.mp4,Ethan.JPG,Ethan,11,Էդհան,0,0,0,0,,,,,0,4,4,11,,,,,,,,Ethan,"['lshift', 'e', 't', 'h', 'a', 'n']","[3.0664190519892145, 5.7506963329797145, 6.117086305981502, 6.383664109976962, 6.8333389579784125, 7.099787124985596]",[3.06641,3.06641,3,0.301505618,,,14,1,2019_Aug_13_1255,FaceNameBlocked,3.0.0,60.07230254,
118,FacesBlock4_v2.xlsx,Grace.mp4,Grace.JPG,Grace,58,Կրագէ,0,3,3,3,,,,,0,12,12,13,,,,,,,,Grace,"['lshift', 'g', 'r', 'a', 'c', 'e']","[1.8331213509954978, 2.002081115002511, 2.3019726689963136, 2.349885693984106, 2.6016701109765563, 3.318191897997167]",[1.83312,1.83312,4,0.501676943,,,14,1,2019_Aug_13_1255,FaceNameBlocked,3.0.0,60.07230254,
100,FacesBlock4_v2.xlsx,Grace.mp4,Grace.JPG,Grace,58,Կրագէ,0,3,3,3,0,9,9,13,,,,,,,1,2,0.753052203,,,,,,,,,,,,14,1,2019_Aug_13_1255,FaceNameBlocked,3.0.0,60.07230254,
41,FacesBlock2_v2.xlsx,Haley.mp4,Haley.JPG,Haley,20,Հալէե,0,1,1,1,0,10,10,5,,,,,,,0,2,0.46984479,,,,,,,,,,,,14,1,2019_Aug_13_1255,FaceNameBlocked,3.0.0,60.07230254,
50,FacesBlock2_v2.xlsx,Haley.mp4,Haley.JPG,Haley,20,Հալէե,0,1,1,1,,,,,0,4,4,5,,,,,,,,Haley,"['lshift', 'h', 'a', 'l', 'e', 'y']","[2.649969288002467, 4.8987196770031005, 5.166655045002699, 5.449605014000554, 5.766782635007985, 5.950289405009244]",[2.64996,2.64996,1,0.285109105,,,14,1,2019_Aug_13_1255,FaceNameBlocked,3.0.0,60.07230254,
22,FacesBlock1_v2.xlsx,Hannah.mp4,Hannah.JPG,Hannah,1,Հաննահ,0,0,0,0,,,,,0,6,6,1,,,,,,,,,"['lshift', 's', 'backspace']","[8.981681888981257, 9.382789299997967, 9.71471980100614]",[8.98168,8.98168,1,1.502619131,,,14,1,2019_Aug_13_1255,FaceNameBlocked,3.0.0,60.07230254,
6,FacesBlock1_v2.xlsx,Hannah.mp4,Hannah.JPG,Hannah,1,Հաննահ,0,0,0,0,0,5,5,1,,,,,,,1,2,0.270023829,,,,,,,,,,,,14,1,2019_Aug_13_1255,FaceNameBlocked,3.0.0,60.07230254,
36,FacesBlock2_v2.xlsx,Heather.mp4,Heather.JPG,Heather,26,Հէադհէր,0,1,1,1,0,5,5,11,,,,,,,0,2,0.536822644,,,,,,,,,,,,14,1,2019_Aug_13_1255,FaceNameBlocked,3.0.0,60.07230254,
51,FacesBlock2_v2.xlsx,Heather.mp4,Heather.JPG,Heather,26,Հէադհէր,0,1,1,1,,,,,0,5,5,11,,,,,,,,Ashley,"['lshift', 'a', 's', 'h', 'l', 'e', 'y']","[2.4838149010029156, 3.4516660159861203, 3.8351131069939584, 4.001754517987138, 4.384405697986949, 4.618271927989554, 4.968316677986877]",[2.48381,2.48381,1,0.218793651,,,14,1,2019_Aug_13_1255,FaceNameBlocked,3.0.0,60.07230254,
87,FacesBlock3_v2.xlsx,Jacob.mp4,Jacob.JPG,Jacob,39,Ճագոբ,0,2,2,2,,,,,0,11,11,9,,,,,,,,Wil,"['lshift', 'k', 'e', 'backspace', 'backspace', 'lshift', 'w', 'i', 'l']","[4.282766168995295, 4.367169802018907, 4.583846185007133, 5.415619905019412, 5.766276625014143, 8.397941477014683, 8.615744372014888, 8.89899019501172, 9.746804513997631]",[4.28276,4.28276,1,0.851634371,,,14,1,2019_Aug_13_1255,FaceNameBlocked,3.0.0,60.07230254,
63,FacesBlock3_v2.xlsx,Jacob.mp4,Jacob.JPG,Jacob,39,Ճագոբ,0,2,2,2,0,2,2,9,,,,,,,0,1,0.902826108,,,,,,,,,,,,14,1,2019_Aug_13_1255,FaceNameBlocked,3.0.0,60.07230254,
119,FacesBlock4_v2.xlsx,Jason.mp4,Jason.JPG,Jason,49,Ճասոն,0,3,3,3,,,,,0,13,13,4,,,,,,,,Eric,"['lshift', 'e', 'r', 'i', 'c']","[5.149064677010756, 5.316924459009897, 5.566398210008629, 6.29999634399428, 6.466572233999614]",[5.14906,5.14906,1,0.301698126,,,14,1,2019_Aug_13_1255,FaceNameBlocked,3.0.0,60.07230254,
105,FacesBlock4_v2.xlsx,Jason.mp4,Jason.JPG,Jason,49,Ճասոն,0,3,3,3,0,14,14,4,,,,,,,1,1,0.519051984,,,,,,,,,,,,14,1,2019_Aug_13_1255,FaceNameBlocked,3.0.0,60.07230254,
3,FacesBlock1_v2.xlsx,Jenna.mp4,Jenna.JPG,Jenna,6,Ճէննա,0,0,0,0,0,2,2,6,,,,,,,0,2,0.270090522,,,,,,,,,,,,14,1,2019_Aug_13_1255,FaceNameBlocked,3.0.0,60.07230254,
21,FacesBlock1_v2.xlsx,Jenna.mp4,Jenna.JPG,Jenna,6,Ճէննա,0,0,0,0,,,,,0,5,5,6,,,,,,,,Julia,"['lshift', 'j', 'u', 'l', 'i', 'a']","[3.0495295140135568, 3.151478510990273, 3.501387992000673, 3.801167849014746, 3.9180592939956114, 4.084713868011022]",[3.04952,3.04952,3,0.318723987,,,14,1,2019_Aug_13_1255,FaceNameBlocked,3.0.0,60.07230254,
38,FacesBlock2_v2.xlsx,Jeremy.mp4,Jeremy.JPG,Jeremy,15,Ճէրէմե,0,1,1,1,0,7,7,0,,,,,,,0,1,0.58609528,,,,,,,,,,,,14,1,2019_Aug_13_1255,FaceNameBlocked,3.0.0,60.07230254,
52,FacesBlock2_v2.xlsx,Jeremy.mp4,Jeremy.JPG,Jeremy,15,Ճէրէմե,0,1,1,1,,,,,0,6,6,0,,,,,,,,,"['lshift', 't', 'backspace']","[4.899169501004508, 5.500546844006749, 5.999727276997874]",[4.89916,4.89916,1,0.899909212,,,14,1,2019_Aug_13_1255,FaceNameBlocked,3.0.0,60.07230254,
18,FacesBlock1_v2.xlsx,Jessica.mp4,Jessica.JPG,Jessica,8,Ճէսսիգա,0,0,0,0,,,,,0,2,2,8,,,,,,,,Amanda,"['lshift', 'lshift', 'a', 'm', 'a', 'n', 'd', 'a', 'return']","[4.182554355007596, 4.815460554993479, 4.8667772480112035, 5.982833985995967, 6.215753253985895, 6.349433057010174, 6.516342424991308, 6.649712240003282, 6.882564600993646]",[4.18255,4.18255,1,1.518641585,,,14,1,2019_Aug_13_1255,FaceNameBlocked,3.0.0,60.07230254,
4,FacesBlock1_v2.xlsx,Jessica.mp4,Jessica.JPG,Jessica,8,Ճէսսիգա,0,0,0,0,0,3,3,8,,,,,,,0,2,0.153037621,,,,,,,,,,,,14,1,2019_Aug_13_1255,FaceNameBlocked,3.0.0,60.07230254,
42,FacesBlock2_v2.xlsx,Josh.mp4,Josh.JPG,Josh,19,Ճոսհ,0,1,1,1,0,11,11,4,,,,,,,0,1,0.386126402,,,,,,,,,,,,14,1,2019_Aug_13_1255,FaceNameBlocked,3.0.0,60.07230254,
56,FacesBlock2_v2.xlsx,Josh.mp4,Josh.JPG,Josh,19,Ճոսհ,0,1,1,1,,,,,0,10,10,4,,,,,,,,Josh,"['lshift', 'j', 'o', 's', 'h']","[1.1174318440025672, 1.2187526659981813, 1.6518935589992907, 1.901900091994321, 2.0521509909885935]",[1.11743,1.11743,4,0.935308207,,,14,1,2019_Aug_13_1255,FaceNameBlocked,3.0.0,60.07230254,
23,FacesBlock1_v2.xlsx,Julia.mp4,Julia.JPG,Julia,13,Ճըլիա,0,0,0,0,,,,,0,7,7,13,,,,,,,,Lisa,"['lshift', 'l', 'i', 's', 'a', 'return']","[4.317012091982178, 7.284109666972654, 8.150295561994426, 8.45048087197938, 8.599555323977256, 8.716632695985027]",[4.31701,4.31701,1,0.717058564,,,14,1,2019_Aug_13_1255,FaceNameBlocked,3.0.0,60.07230254,
13,FacesBlock1_v2.xlsx,Julia.mp4,Julia.JPG,Julia,13,Ճըլիա,0,0,0,0,0,12,12,13,,,,,,,0,2,0.269392706,,,,,,,,,,,,14,1,2019_Aug_13_1255,FaceNameBlocked,3.0.0,60.07230254,
46,FacesBlock2_v2.xlsx,Justin.mp4,Justin.JPG,Justin,27,Ճըսդին,0,1,1,1,,,,,0,0,0,12,,,,,,space,2.984180999,Justin,"['lshift', 'j', 'o', 'backspace', 'u', 's', 't', 'i', 'n']","[2.1172646649938542, 2.268741794017842, 2.589651065005455, 4.1176045710162725, 5.517806221992942, 5.617712111008586, 5.683238207013346, 5.767350768001052, 5.851144293003017]",[2.11726,2.11726,4,2.05137155,,,14,1,2019_Aug_13_1255,FaceNameBlocked,3.0.0,60.07230254,
44,FacesBlock2_v2.xlsx,Justin.mp4,Justin.JPG,Justin,27,Ճըսդին,0,1,1,1,0,13,13,12,,,,,,,0,1,0.436803388,,,,,,,,,,,,14,1,2019_Aug_13_1255,FaceNameBlocked,3.0.0,60.07230254,
99,FacesBlock4_v2.xlsx,Katie.mp4,Katie.JPG,Katie,54,Քադիէ,0,3,3,3,0,8,8,9,,,,,,,1,2,0.80310221,,,,,,,,,,,,14,1,2019_Aug_13_1255,FaceNameBlocked,3.0.0,60.07230254,
106,FacesBlock4_v2.xlsx,Katie.mp4,Katie.JPG,Katie,54,Քադիէ,0,3,3,3,,,,,0,0,0,9,,,,,,space,3.201607593,Katie,"['lshift', 'k', 'a', 't', 'i', 'e']","[1.6837688380037434, 1.835078303993214, 2.2850659929972608, 2.484934495005291, 2.6020890359941404, 2.751089496014174]",[1.68376,1.68376,3,0.384682445,,,14,1,2019_Aug_13_1255,FaceNameBlocked,3.0.0,60.07230254,
84,FacesBlock3_v2.xlsx,Kayla.mp4,Kayla.JPG,Kayla,34,Սարահ,0,2,2,2,,,,,0,8,8,4,,,,,,,,Kayla,"['lshift', 'k', 'a', 'y', 'l', 'a']","[1.301344995998079, 1.4358851869765203, 1.7837237089988776, 1.951737315976061, 2.251822784979595, 2.551434030989185]",[1.30134,1.30134,2,0.685347948,,,14,1,2019_Aug_13_1255,FaceNameBlocked,3.0.0,60.07230254,
73,FacesBlock3_v2.xlsx,Kayla.mp4,Kayla.JPG,Kayla,34,Սարահ,0,2,2,2,0,12,12,4,,,,,,,1,2,0.802637671,,,,,,,,,,,,14,1,2019_Aug_13_1255,FaceNameBlocked,3.0.0,60.07230254,
12,FacesBlock1_v2.xlsx,Kelsey.mp4,Kelsey.JPG,Kelsey,12,Քէլսէե,0,0,0,0,0,11,11,12,,,,,,,1,2,0.503552484,,,,,,,,,,,,14,1,2019_Aug_13_1255,FaceNameBlocked,3.0.0,60.07230254,
27,FacesBlock1_v2.xlsx,Kelsey.mp4,Kelsey.JPG,Kelsey,12,Քէլսէե,0,0,0,0,,,,,0,11,11,12,,,,,,,,Li,"['lshift', 'l', 'i']","[7.598284556006547, 8.733429932995932, 9.066447497985791]",[7.59828,7.59828,1,0.901542605,,,14,1,2019_Aug_13_1255,FaceNameBlocked,3.0.0,60.07230254,
85,FacesBlock3_v2.xlsx,Kevin.mp4,Kevin.JPG,Kevin,41,Քէւին,0,2,2,2,,,,,0,9,9,11,,,,,,,,,None,,,,1,1.435820245,,,14,1,2019_Aug_13_1255,FaceNameBlocked,3.0.0,60.07230254,
65,FacesBlock3_v2.xlsx,Kevin.mp4,Kevin.JPG,Kevin,41,Քէւին,0,2,2,2,0,4,4,11,,,,,,,1,1,0.969646084,,,,,,,,,,,,14,1,2019_Aug_13_1255,FaceNameBlocked,3.0.0,60.07230254,
30,FacesBlock1_v2.xlsx,Kyle.mp4,Kyle.JPG,Kyle,4,Քելէ,0,0,0,0,,,,,0,14,14,4,,,,,,,,Patrick,"['lshift', 'p', 'a', 't', 'r', 'i', 'c', 'c', 'k', 'backspace', 'backspace', 'k']","[5.448182273015846, 5.648739046999253, 6.716999885014957, 6.900177878997056, 7.050030231999699, 7.166520444996422, 7.464444665005431, 7.517098775017075, 7.616696138022235, 8.115945849014679, 8.248356659023557, 8.532946501014521]",[5.44818,5.44818,1,0.218725377,,,14,1,2019_Aug_13_1255,FaceNameBlocked,3.0.0,60.07230254,
8,FacesBlock1_v2.xlsx,Kyle.mp4,Kyle.JPG,Kyle,4,Քելէ,0,0,0,0,0,7,7,4,,,,,,,0,1,0.202822421,,,,,,,,,,,,14,1,2019_Aug_13_1255,FaceNameBlocked,3.0.0,60.07230254,
64,FacesBlock3_v2.xlsx,Lauren.mp4,Lauren.JPG,Lauren,38,Լաըրէն,0,2,2,2,0,3,3,8,,,,,,,1,2,0.816585712,,,,,,,,,,,,14,1,2019_Aug_13_1255,FaceNameBlocked,3.0.0,60.07230254,
79,FacesBlock3_v2.xlsx,Lauren.mp4,Lauren.JPG,Lauren,38,Լաըրէն,0,2,2,2,,,,,0,3,3,8,,,,,,,,Rebecca,"['lshift', 'lshift', 'r', 'e', 'b', 'e', 'c', 'c', 'a']","[3.21677670799545, 3.883899945009034, 4.001227546017617, 4.251522972015664, 4.433441091008717, 4.585056178999366, 4.851426345005166, 5.032839099992998, 5.168384124001022]",[3.21677,3.21677,1,0.352212663,,,14,1,2019_Aug_13_1255,FaceNameBlocked,3.0.0,60.07230254,
76,FacesBlock3_v2.xlsx,Mark.mp4,Mark.JPG,Mark,40,Մարք,0,2,2,2,,,,,0,0,0,10,,,,,,space,2.318036866,,['lshift'],[5.915975089010317],[5.91597,5.91597,1,0.334746977,,,14,1,2019_Aug_13_1255,FaceNameBlocked,3.0.0,60.07230254,
68,FacesBlock3_v2.xlsx,Mark.mp4,Mark.JPG,Mark,40,Մարք,0,2,2,2,0,7,7,10,,,,,,,1,1,0.419700728,,,,,,,,,,,,14,1,2019_Aug_13_1255,FaceNameBlocked,3.0.0,60.07230254,
15,FacesBlock1_v2.xlsx,Matthew.mp4,Matthew.JPG,Matthew,9,Մադդհէվ,0,0,0,0,0,14,14,9,,,,,,,0,1,0.335822433,,,,,,,,,,,,14,1,2019_Aug_13_1255,FaceNameBlocked,3.0.0,60.07230254,
24,FacesBlock1_v2.xlsx,Matthew.mp4,Matthew.JPG,Matthew,9,Մադդհէվ,0,0,0,0,,,,,0,8,8,9,,,,,,,,Matthew,"['lshift', 'm', 'a', 't', 'h', 'h', 'backspace', 'backspace', 't', 'h', 'e', 'w', 'return']","[2.9332750129979104, 3.0179660099965986, 3.2839030220056884, 3.434544524003286, 3.583964552002726, 3.7510354070109315, 4.133821886003716, 4.283334753999952, 4.617377643997315, 4.784077408985468, 4.917078181984834, 5.000572479009861, 5.283285243989667]",[2.93327,2.93327,2,0.284989243,,,14,1,2019_Aug_13_1255,FaceNameBlocked,3.0.0,60.07230254,
35,FacesBlock2_v2.xlsx,Megan.mp4,Megan.JPG,Megan,25,Մէկան,0,1,1,1,0,4,4,10,,,,,,,1,2,0.986160154,,,,,,,,,,,,14,1,2019_Aug_13_1255,FaceNameBlocked,3.0.0,60.07230254,
59,FacesBlock2_v2.xlsx,Megan.mp4,Megan.JPG,Megan,25,Մէկան,0,1,1,1,,,,,0,13,13,10,,,,,,,,Rachel,"['lshift', 'r', 'a', 'c', 'h', 'e', 'l']","[4.433121948008193, 6.534360991005087, 7.0164714620041195, 7.316472838021582, 7.5669294010149315, 7.899352487002034, 8.266697503015166]",[4.43312,4.43312,1,0.301636406,,,14,1,2019_Aug_13_1255,FaceNameBlocked,3.0.0,60.07230254,
109,FacesBlock4_v2.xlsx,Michael.mp4,Michael.JPG,Michael,46,Միգհաէլ,0,3,3,3,,,,,0,3,3,1,,,,,,,,Tyler,"['lshift', 't', 'y', 'l', 'e', 'r']","[4.916775160992984, 5.600634895003168, 5.91813759400975, 6.250850445998367, 6.350885471998481, 6.667861211986747]",[4.91677,4.91677,2,1.335109501,,,14,1,2019_Aug_13_1255,FaceNameBlocked,3.0.0,60.07230254,
104,FacesBlock4_v2.xlsx,Michael.mp4,Michael.JPG,Michael,46,Միգհաէլ,0,3,3,3,0,13,13,1,,,,,,,0,1,0.503283864,,,,,,,,,,,,14,1,2019_Aug_13_1255,FaceNameBlocked,3.0.0,60.07230254,
98,FacesBlock4_v2.xlsx,Michelle.mp4,Michelle.JPG,Michelle,52,Միգհէլլէ,0,3,3,3,0,7,7,7,,,,,,,0,2,0.502481156,,,,,,,,,,,,14,1,2019_Aug_13_1255,FaceNameBlocked,3.0.0,60.07230254,
120,FacesBlock4_v2.xlsx,Michelle.mp4,Michelle.JPG,Michelle,52,Միգհէլլէ,0,3,3,3,,,,,0,14,14,7,,,,,,,,Je,"['lshift', 'j', 'e']","[6.448588222992839, 8.632713297003647, 9.682472852990031]",[6.44858,6.44858,1,0.785135055,,,14,1,2019_Aug_13_1255,FaceNameBlocked,3.0.0,60.07230254,
5,FacesBlock1_v2.xlsx,Natalie.mp4,Natalie.JPG,Natalie,7,Նադալիէ,0,0,0,0,0,4,4,7,,,,,,,0,2,0.286186505,,,,,,,,,,,,14,1,2019_Aug_13_1255,FaceNameBlocked,3.0.0,60.07230254,
16,FacesBlock1_v2.xlsx,Natalie.mp4,Natalie.JPG,Natalie,7,Նադալիէ,0,0,0,0,,,,,0,0,0,7,,,,,,space,16.04690348,Emma ,"['lshift', 'e', 'comma', 'comma', 'comma', 'm', 'm', 'a', 'return', 'space']","[4.633323724003276, 4.801240461005364, 5.184134208015166, 5.334216306015151, 5.634255231008865, 6.366690677998122, 6.517090389010264, 6.7170687160105444, 7.133393068012083, 8.766373188002035]",[4.63332,4.63332,2,1.417724183,,,14,1,2019_Aug_13_1255,FaceNameBlocked,3.0.0,60.07230254,
70,FacesBlock3_v2.xlsx,Nathan.mp4,Nathan.JPG,Nathan,37,Նադհան,0,2,2,2,0,9,9,7,,,,,,,1,1,0.783748307,,,,,,,,,,,,14,1,2019_Aug_13_1255,FaceNameBlocked,3.0.0,60.07230254,
81,FacesBlock3_v2.xlsx,Nathan.mp4,Nathan.JPG,Nathan,37,Նադհան,0,2,2,2,,,,,0,5,5,7,,,,,,,,Thomas,"['lshift', 't', 'h', 'o', 'm', 'a', 's']","[2.932573621015763, 5.932558796019293, 6.299088830011897, 6.416322091012262, 7.082778248004615, 7.265782038011821, 7.732581217016559]",[2.93257,2.93257,1,0.15129827,,,14,1,2019_Aug_13_1255,FaceNameBlocked,3.0.0,60.07230254,
61,FacesBlock3_v2.xlsx,Nicole.mp4,Nicole.JPG,Nicole,43,Նիգոլէ,0,2,2,2,0,0,0,13,,,,,,,1,2,1.36933961,,,,,,,,,,,,14,1,2019_Aug_13_1255,FaceNameBlocked,3.0.0,60.07230254,
89,FacesBlock3_v2.xlsx,Nicole.mp4,Nicole.JPG,Nicole,43,Նիգոլէ,0,2,2,2,,,,,0,13,13,13,,,,,,,,Haley,"['lshift', 'h', 'a', 'l', 'e', 'y']","[5.748975929018343, 6.100078187999316, 6.749661398003809, 6.916812123992713, 7.116919404012151, 7.366736991010839]",[5.74897,5.74897,1,3.467930271,,,14,1,2019_Aug_13_1255,FaceNameBlocked,3.0.0,60.07230254,
62,FacesBlock3_v2.xlsx,Noah.mp4,Noah.JPG,Noah,31,Նոահ,0,2,2,2,0,1,1,1,,,,,,,0,1,0.835777596,,,,,,,,,,,,14,1,2019_Aug_13_1255,FaceNameBlocked,3.0.0,60.07230254,
88,FacesBlock3_v2.xlsx,Noah.mp4,Noah.JPG,Noah,31,Նոահ,0,2,2,2,,,,,0,12,12,1,,,,,,,,,['lshift'],[5.098836211982416],[5.09883,5.09883,1,0.752043855,,,14,1,2019_Aug_13_1255,FaceNameBlocked,3.0.0,60.07230254,
83,FacesBlock3_v2.xlsx,Olivia.mp4,Olivia.JPG,Olivia,35,Ոլիւիա,0,2,2,2,,,,,0,7,7,5,,,,,,,,O,"['lshift', 'lshift', 'o']","[6.216299774008803, 9.798119708022568, 9.8666849360161]",[6.21629,6.21629,2,1.7688231,,,14,1,2019_Aug_13_1255,FaceNameBlocked,3.0.0,60.07230254,
67,FacesBlock3_v2.xlsx,Olivia.mp4,Olivia.JPG,Olivia,35,Ոլիւիա,0,2,2,2,0,6,6,5,,,,,,,1,2,0.69997213,,,,,,,,,,,,14,1,2019_Aug_13_1255,FaceNameBlocked,3.0.0,60.07230254,
55,FacesBlock2_v2.xlsx,Rachel.mp4,Rachel.JPG,Rachel,29,Րագհէլ,0,1,1,1,,,,,0,9,9,14,,,,,,,,Brittany,"['lshift', 'b', 'r', 'i', 't', 't', 'a', 'n', 'y']","[6.048688567010686, 6.183853966998868, 6.434080976003315, 6.767155094014015, 6.983793477003928, 7.283906897006091, 7.849995608994504, 7.933665479009505, 8.283562466007425]",[6.04868,6.04868,1,1.251199749,,,14,1,2019_Aug_13_1255,FaceNameBlocked,3.0.0,60.07230254,
33,FacesBlock2_v2.xlsx,Rachel.mp4,Rachel.JPG,Rachel,29,Րագհէլ,0,1,1,1,0,2,2,14,,,,,,,1,2,0.686413493,,,,,,,,,,,,14,1,2019_Aug_13_1255,FaceNameBlocked,3.0.0,60.07230254,
71,FacesBlock3_v2.xlsx,Rebecca.mp4,Rebecca.JPG,Rebecca,32,Րէբէգգա,0,2,2,2,0,10,10,2,,,,,,,0,2,0.50344948,,,,,,,,,,,,14,1,2019_Aug_13_1255,FaceNameBlocked,3.0.0,60.07230254,
82,FacesBlock3_v2.xlsx,Rebecca.mp4,Rebecca.JPG,Rebecca,32,Րէբէգգա,0,2,2,2,,,,,0,6,6,2,,,,,,,,Kayla,"['lshift', 'k', 'a', 'y', 'l', 'a']","[2.45082098201965, 2.5858747500169557, 2.8686186910199467, 3.002880678017391, 3.318731042003492, 3.6682273960032035]",[2.45082,2.45082,1,0.952065684,,,14,1,2019_Aug_13_1255,FaceNameBlocked,3.0.0,60.07230254,
77,FacesBlock3_v2.xlsx,Sarah.mp4,Sarah.JPG,Sarah,33,Սարահ,0,2,2,2,,,,,0,1,1,3,,,,,,,,Sarah,"['lshift', 's', 'a', 'r', 'a', 'h']","[1.8832751979934983, 2.0351264890050516, 2.334575268003391, 2.4684227739926428, 2.751554627000587, 3.001155949983513]",[1.88327,1.88327,4,0.283714594,,,14,1,2019_Aug_13_1255,FaceNameBlocked,3.0.0,60.07230254,
72,FacesBlock3_v2.xlsx,Sarah.mp4,Sarah.JPG,Sarah,33,Սարահ,0,2,2,2,0,11,11,3,,,,,,,0,2,1.036038534,,,,,,,,,,,,14,1,2019_Aug_13_1255,FaceNameBlocked,3.0.0,60.07230254,
90,FacesBlock3_v2.xlsx,Shelby.mp4,Shelby.JPG,Shelby,36,Սհէլբե,0,2,2,2,,,,,0,14,14,6,,,,,,,,Shelby,"['lshift', 's', 'h', 'e', 'l', 'b', 'y']","[0.9511319939920213, 1.3026919800031465, 1.5340253959875554, 1.7022681189992, 1.8522724969952833, 2.1521302859764546, 2.8352546519890893]",[0.95113,0.95113,4,0.684768345,,,14,1,2019_Aug_13_1255,FaceNameBlocked,3.0.0,60.07230254,
75,FacesBlock3_v2.xlsx,Shelby.mp4,Shelby.JPG,Shelby,36,Սհէլբե,0,2,2,2,0,14,14,6,,,,,,,0,2,0.785963685,,,,,,,,,,,,14,1,2019_Aug_13_1255,FaceNameBlocked,3.0.0,60.07230254,
53,FacesBlock2_v2.xlsx,Steven.mp4,Steven.JPG,Steven,17,Սդէւէն,0,1,1,1,,,,,0,7,7,2,,,,,,,,Steven,"['lshift', 's', 't', 'e', 'v', 'e', 'n']","[1.5175983970111702, 1.6021871190168895, 1.968880138010718, 2.0843505520024337, 2.384914435009705, 2.701896370999748, 2.9183409590041265]",[1.51759,1.51759,4,0.336091288,,,14,1,2019_Aug_13_1255,FaceNameBlocked,3.0.0,60.07230254,
37,FacesBlock2_v2.xlsx,Steven.mp4,Steven.JPG,Steven,17,Սդէւէն,0,1,1,1,0,6,6,2,,,,,,,0,1,0.36919746,,,,,,,,,,,,14,1,2019_Aug_13_1255,FaceNameBlocked,3.0.0,60.07230254,
91,FacesBlock4_v2.xlsx,Taylor.mp4,Taylor.JPG,Taylor,45,Դաելոր,0,3,3,3,0,0,0,0,,,,,,,0,2,0.919472229,,,,,,,,,,,,14,1,2019_Aug_13_1255,FaceNameBlocked,3.0.0,60.07230254,
107,FacesBlock4_v2.xlsx,Taylor.mp4,Taylor.JPG,Taylor,45,Դաելոր,0,3,3,3,,,,,0,1,1,0,,,,,,,,,['lshift'],[4.515070633991854],[4.51507,4.51507,1,2.300856993,,,14,1,2019_Aug_13_1255,FaceNameBlocked,3.0.0,60.07230254,
66,FacesBlock3_v2.xlsx,Thomas.mp4,Thomas.JPG,Thomas,44,Դհոմաս,0,2,2,2,0,5,5,14,,,,,,,0,1,0.502406034,,,,,,,,,,,,14,1,2019_Aug_13_1255,FaceNameBlocked,3.0.0,60.07230254,
78,FacesBlock3_v2.xlsx,Thomas.mp4,Thomas.JPG,Thomas,44,Դհոմաս,0,2,2,2,,,,,0,2,2,14,,,,,,,,Noah,"['lshift', 'lshift', 'n', 'o', 'a', 'h']","[2.350375990004977, 4.366362598986598, 4.599238241993589, 4.8177958719898015, 5.183553131006192, 5.500166999001522]",[2.35037,2.35037,2,0.36866401,,,14,1,2019_Aug_13_1255,FaceNameBlocked,3.0.0,60.07230254,
2,FacesBlock1_v2.xlsx,Timothy.mp4,Timothy.JPG,Timothy,10,Դիմոդհե,0,0,0,0,0,1,1,10,,,,,,,1,1,0.852425884,,,,,,,,,,,,14,1,2019_Aug_13_1255,FaceNameBlocked,3.0.0,60.07230254,
26,FacesBlock1_v2.xlsx,Timothy.mp4,Timothy.JPG,Timothy,10,Դիմոդհե,0,0,0,0,,,,,0,10,10,10,,,,,,,,J,"['lshift', 'j', 'lshift', 'a', 'backspace', 'capslock', 's', 'd', 'd', 'backspace', 'backspace', 'backspace']","[5.065671435004333, 5.51731538499007, 5.564988475001883, 6.96632889600005, 7.632207013986772, 8.131246645003557, 8.515676062001148, 8.582305422984064, 8.749298835988156, 9.265118228009669, 9.448518975987099, 9.581762365996838]",[5.06567,5.06567,1,1.39955111,,,14,1,2019_Aug_13_1255,FaceNameBlocked,3.0.0,60.07230254,
49,FacesBlock2_v2.xlsx,Trevor.mp4,Trevor.JPG,Trevor,21,Դրէւոր,0,1,1,1,,,,,0,3,3,6,,,,,,,,Roger,"['lshift', 'r', 'o', 'g', 'e', 'r']","[7.614994953997666, 7.800548183993669, 8.516079180990346, 8.7665783999837, 8.999756378994789, 9.166185622976627]",[7.61499,7.61499,1,0.234874877,,,14,1,2019_Aug_13_1255,FaceNameBlocked,3.0.0,60.07230254,
31,FacesBlock2_v2.xlsx,Trevor.mp4,Trevor.JPG,Trevor,21,Դրէւոր,0,1,1,1,0,0,0,6,,,,,,,0,1,1.669184669,,,,,,,,,,,,14,1,2019_Aug_13_1255,FaceNameBlocked,3.0.0,60.07230254,
57,FacesBlock2_v2.xlsx,Tyler.mp4,Tyler.JPG,Tyler,22,Դելէր,0,1,1,1,,,,,0,11,11,7,,,,,,,,Tyler,"['lshift', 't', 'y', 'l', 'e', 'r']","[5.182586619979702, 5.450431501987623, 5.750030324998079, 6.149935028981417, 6.333095226989826, 6.633369629998924]",[5.18258,5.18258,2,0.383295376,,,14,1,2019_Aug_13_1255,FaceNameBlocked,3.0.0,60.07230254,
43,FacesBlock2_v2.xlsx,Tyler.mp4,Tyler.JPG,Tyler,22,Դելէր,0,1,1,1,0,12,12,7,,,,,,,0,1,0.335914889,,,,,,,,,,,,14,1,2019_Aug_13_1255,FaceNameBlocked,3.0.0,60.07230254,
0,,,,,,,,,,,,,,,,,,,space,29.97683643,,,,,,,,,,,,,,,14,1,2019_Aug_13_1255,FaceNameBlocked,3.0.0,60.07230254,
121,,,,,,,,,,,,,,,,,,,,,,,,,,,,,,,,,space,1.351847238,14,1,2019_Aug_13_1255,FaceNameBlocked,3.0.0,60.07230254,