﻿condsFile,Video,Photo,Name,Row,Name2,blocks.thisRepN,blocks.thisTrialN,blocks.thisN,blocks.thisIndex,presentations.thisRepN,presentations.thisTrialN,presentations.thisN,presentations.thisIndex,testing.thisRepN,testing.thisTrialN,testing.thisN,testing.thisIndex,advance_1.keys,advance_1.rt,currentCond,judgementResp.keys,judgementResp.rt,advance_2.keys,advance_2.rt,inputText,key_resp_3.keys,key_resp_3.rt,,key_resp3_fin,rating_resp.keys,rating_resp.rt,end_key.keys,end_key.rt,participant,session,date,expName,psychopyVersion,frameRate
FacesBlock2_v2.xlsx,Aaron.mp4,Aaron.JPG,Aaron,18,Աարոն,0,1,1,1,0,1,1,3,,,,,,,1,1,5.267989238,,,,,,,,,,,,15,1,2019_Aug_13_1409,FaceNameBlocked,3.0.0,60.01392648
FacesBlock2_v2.xlsx,Aaron.mp4,Aaron.JPG,Aaron,18,Աարոն,0,1,1,1,,,,,0,0,0,3,,,,,,space,5.601129859,steven ,"['s', 't', 'e', 'v', 'e', 'n', 'return', 'space', '1', 'backspace']","[3.035722792003071, 3.284745282988297, 3.434925790003035, 3.701397786993766, 3.8010651119984686, 3.9349699820159003, 4.867572863993701, 5.600957741989987, 6.10070518401335, 6.682913591997931]",[3.03572,3.03572,1,0.418706125,,,15,1,2019_Aug_13_1409,FaceNameBlocked,3.0.0,60.01392648
FacesBlock1_v2.xlsx,Adam.mp4,Adam.JPG,Adam,5,Ատամ,0,0,0,0,0,12,12,5,,,,,,,1,1,0.269316641,,,,,,,,,,,,15,1,2019_Aug_13_1409,FaceNameBlocked,3.0.0,60.01392648
FacesBlock1_v2.xlsx,Adam.mp4,Adam.JPG,Adam,5,Ատամ,0,0,0,0,,,,,0,5,5,5,,,,,,,,joe,"['j', 'o', 'e']","[1.334982188011054, 1.56806839001365, 1.9847941210027784]",[1.33498,1.33498,1,0.550008721,,,15,1,2019_Aug_13_1409,FaceNameBlocked,3.0.0,60.01392648
FacesBlock4_v2.xlsx,Alyssa.mp4,Alyssa.JPG,Alyssa,55,Ալեսսա,0,3,3,3,0,11,11,10,,,,,,,1,2,2.783642857,,,,,,,,,,,,15,1,2019_Aug_13_1409,FaceNameBlocked,3.0.0,60.01392648
FacesBlock4_v2.xlsx,Alyssa.mp4,Alyssa.JPG,Alyssa,55,Ալեսսա,0,3,3,3,,,,,0,0,0,10,,,,,,space,1.93509918,lauren,"['l', 'a', 'u', 'r', 'e', 'n']","[2.434943527012365, 2.5497350560035557, 2.684782078024, 2.868336971005192, 3.0014097000239417, 3.1015948569984175]",[2.43494,2.43494,1,0.985932717,,,15,1,2019_Aug_13_1409,FaceNameBlocked,3.0.0,60.01392648
FacesBlock1_v2.xlsx,Amanda.mp4,Amanda.JPG,Amanda,2,Ամանտա,0,0,0,0,0,2,2,2,,,,,,,0,2,0.335452175,,,,,,,,,,,,15,1,2019_Aug_13_1409,FaceNameBlocked,3.0.0,60.01392648
FacesBlock1_v2.xlsx,Amanda.mp4,Amanda.JPG,Amanda,2,Ամանտա,0,0,0,0,,,,,0,7,7,2,,,,,,,,joanna,"['j', 'o', 'a', 'n', 'n', 'a']","[6.281693232012913, 6.516316646011546, 7.000135139998747, 7.18253427601303, 7.3502145600214135, 7.483171930012759]",[6.28169,6.28169,1,0.300141878,,,15,1,2019_Aug_13_1409,FaceNameBlocked,3.0.0,60.01392648
FacesBlock4_v2.xlsx,Andrew.mp4,Andrew.JPG,Andrew,51,Անտրէվ,0,3,3,3,0,0,0,6,,,,,,,0,1,1.452558478,,,,,,,,,,,,15,1,2019_Aug_13_1409,FaceNameBlocked,3.0.0,60.01392648
FacesBlock4_v2.xlsx,Andrew.mp4,Andrew.JPG,Andrew,51,Անտրէվ,0,3,3,3,,,,,0,10,10,6,,,,,,,,matt,"['m', 'a', 't', 't']","[2.268252781010233, 2.7679135799990036, 2.9985780980205163, 3.1671586309967097]",[2.26825,2.26825,1,0.934579589,,,15,1,2019_Aug_13_1409,FaceNameBlocked,3.0.0,60.01392648
FacesBlock4_v2.xlsx,Anna.mp4,Anna.JPG,Anna,47,Աննա,0,3,3,3,0,3,3,2,,,,,,,0,2,0.353448561,,,,,,,,,,,,15,1,2019_Aug_13_1409,FaceNameBlocked,3.0.0,60.01392648
FacesBlock4_v2.xlsx,Anna.mp4,Anna.JPG,Anna,47,Աննա,0,3,3,3,,,,,0,4,4,2,,,,,,,,anna,"['a', 'n', 'n', 'a']","[2.7687012779933866, 3.2019980199984275, 3.351829633989837, 3.7516958760097623]",[2.76870,2.76870,1,1.134793988,,,15,1,2019_Aug_13_1409,FaceNameBlocked,3.0.0,60.01392648
FacesBlock2_v2.xlsx,Ashley.mp4,Ashley.JPG,Ashley,24,Ասհլէե,0,1,1,1,0,4,4,9,,,,,,,1,2,0.386334559,,,,,,,,,,,,15,1,2019_Aug_13_1409,FaceNameBlocked,3.0.0,60.01392648
FacesBlock2_v2.xlsx,Ashley.mp4,Ashley.JPG,Ashley,24,Ասհլէե,0,1,1,1,,,,,0,1,1,9,,,,,,,,ashley,"['a', 's', 'h', 'l', 'e', 'y']","[1.501967080985196, 1.7184215640008915, 2.234873818990309, 2.6014151829876937, 2.768252272013342, 2.9846696100139525]",[1.50196,1.50196,2,0.368525452,,,15,1,2019_Aug_13_1409,FaceNameBlocked,3.0.0,60.01392648
FacesBlock1_v2.xlsx,Bradley.mp4,Bradley.JPG,Bradley,14,Բրատլէե,0,0,0,0,0,8,8,14,,,,,,,0,1,0.501594653,,,,,,,,,,,,15,1,2019_Aug_13_1409,FaceNameBlocked,3.0.0,60.01392648
FacesBlock1_v2.xlsx,Bradley.mp4,Bradley.JPG,Bradley,14,Բրատլէե,0,0,0,0,,,,,0,14,14,14,,,,,,,,matt,"['m', 'a', 't', 't']","[6.883338428015122, 7.499491772992769, 7.783006856014254, 8.032672419998562]",[6.88333,6.88333,1,0.551750541,,,15,1,2019_Aug_13_1409,FaceNameBlocked,3.0.0,60.01392648
FacesBlock4_v2.xlsx,Brandon.mp4,Brandon.JPG,Brandon,56,Բրանտոն,0,3,3,3,0,4,4,11,,,,,,,0,1,0.952980339,,,,,,,,,,,,15,1,2019_Aug_13_1409,FaceNameBlocked,3.0.0,60.01392648
FacesBlock4_v2.xlsx,Brandon.mp4,Brandon.JPG,Brandon,56,Բրանտոն,0,3,3,3,,,,,0,6,6,11,,,,,,,,adam,"['a', 'd', 'a', 'm']","[7.783172098977957, 7.932955685973866, 8.081984491989715, 8.365950951993]",[7.78317,7.78317,1,2.683861276,,,15,1,2019_Aug_13_1409,FaceNameBlocked,3.0.0,60.01392648
FacesBlock4_v2.xlsx,Brian.mp4,Brian.JPG,Brian,53,Բրիան,0,3,3,3,0,7,7,8,,,,,,,0,1,1.401587542,,,,,,,,,,,,15,1,2019_Aug_13_1409,FaceNameBlocked,3.0.0,60.01392648
FacesBlock4_v2.xlsx,Brian.mp4,Brian.JPG,Brian,53,Բրիան,0,3,3,3,,,,,0,11,11,8,,,,,,,,john,"['j', 'o', 'h', 'n']","[4.0512072519923095, 4.317587294994155, 4.716940824990161, 5.250852583005326]",[4.05120,4.05120,1,0.352110821,,,15,1,2019_Aug_13_1409,FaceNameBlocked,3.0.0,60.01392648
FacesBlock4_v2.xlsx,Brianna.mp4,Brianna.JPG,Brianna,48,Բրիաննա,0,3,3,3,0,5,5,3,,,,,,,0,2,1.069806448,,,,,,,,,,,,15,1,2019_Aug_13_1409,FaceNameBlocked,3.0.0,60.01392648
FacesBlock4_v2.xlsx,Brianna.mp4,Brianna.JPG,Brianna,48,Բրիաննա,0,3,3,3,,,,,0,8,8,3,,,,,,,,trisha,"['r', 'i', 's', 'h', 'a', 'backspace', 'backspace', 'backspace', 'backspace', 'backspace', 't', 'r', 'i', 's', 'h', 'a']","[4.550411112984875, 4.867629724991275, 5.2677796309872065, 5.60062432900304, 6.05077830699156, 7.083119201997761, 7.315547273989068, 7.4991549419937655, 7.682816012005787, 7.849155593983596, 8.433543438994093, 8.630999254004564, 8.982291129010264, 9.299596089986153, 9.531878390989732, 9.830510539002717]",[4.55041,4.55041,1,0.435904881,,,15,1,2019_Aug_13_1409,FaceNameBlocked,3.0.0,60.01392648
FacesBlock2_v2.xlsx,Brittany.mp4,Brittany.JPG,Brittany,28,Բրիդդանե,0,1,1,1,0,9,9,13,,,,,,,0,2,0.26922621,,,,,,,,,,,,15,1,2019_Aug_13_1409,FaceNameBlocked,3.0.0,60.01392648
FacesBlock2_v2.xlsx,Brittany.mp4,Brittany.JPG,Brittany,28,Բրիդդանե,0,1,1,1,,,,,0,8,8,13,,,,,,,,isabel,"['i', 's', 'a', 'b', 'e', 'l']","[6.300838724011555, 6.933863579004537, 7.183102645009058, 7.549919092998607, 7.783660132990917, 8.216405081999255]",[6.30083,6.30083,1,0.335175958,,,15,1,2019_Aug_13_1409,FaceNameBlocked,3.0.0,60.01392648
FacesBlock4_v2.xlsx,Caleb.mp4,Caleb.JPG,Caleb,59,Գալէբ,0,3,3,3,0,2,2,14,,,,,,,1,1,0.43621031,,,,,,,,,,,,15,1,2019_Aug_13_1409,FaceNameBlocked,3.0.0,60.01392648
FacesBlock4_v2.xlsx,Caleb.mp4,Caleb.JPG,Caleb,59,Գալէբ,0,3,3,3,,,,,0,5,5,14,,,,,,,,joe,"['j', 'o', 'e']","[2.151816155994311, 2.4854274620010983, 2.884404446987901]",[2.15181,2.15181,1,1.385047868,,,15,1,2019_Aug_13_1409,FaceNameBlocked,3.0.0,60.01392648
FacesBlock2_v2.xlsx,Cody.mp4,Cody.JPG,Cody,23,Գոտե,0,1,1,1,0,10,10,8,,,,,,,1,1,0.23697856,,,,,,,,,,,,15,1,2019_Aug_13_1409,FaceNameBlocked,3.0.0,60.01392648
FacesBlock2_v2.xlsx,Cody.mp4,Cody.JPG,Cody,23,Գոտե,0,1,1,1,,,,,0,11,11,8,,,,,,,,kurt,"['k', 'u', 'r', 't']","[5.283093383011874, 5.5162806950102095, 6.049863455991726, 6.26646181801334]",[5.28309,5.28309,1,0.668496025,,,15,1,2019_Aug_13_1409,FaceNameBlocked,3.0.0,60.01392648
FacesBlock3_v2.xlsx,Courtney.mp4,Courtney.JPG,Courtney,42,Գոըրդնէե,0,2,2,2,0,3,3,12,,,,,,,1,2,0.386129956,,,,,,,,,,,,15,1,2019_Aug_13_1409,FaceNameBlocked,3.0.0,60.01392648
FacesBlock3_v2.xlsx,Courtney.mp4,Courtney.JPG,Courtney,42,Գոըրդնէե,0,2,2,2,,,,,0,11,11,12,,,,,,,,courtney ,"['c', 'o', 'u', 'r', 't', 'n', 'e', 'y', 'space']","[1.883446593012195, 1.9681148210074753, 2.3686876709980424, 2.551329920999706, 2.984182865009643, 3.0061291030142456, 3.951269573997706, 4.950987460004399, 5.266812690009829]",[1.88344,1.88344,1,0.235353271,,,15,1,2019_Aug_13_1409,FaceNameBlocked,3.0.0,60.01392648
FacesBlock3_v2.xlsx,Daniel.mp4,Daniel.JPG,Daniel,30,Տանիէլ,0,2,2,2,0,7,7,0,,,,,,,1,1,0.200721479,,,,,,,,,,,,15,1,2019_Aug_13_1409,FaceNameBlocked,3.0.0,60.01392648
FacesBlock3_v2.xlsx,Daniel.mp4,Daniel.JPG,Daniel,30,Տանիէլ,0,2,2,2,,,,,0,10,10,0,,,,,,,,,None,,,,1,0.751781026,,,15,1,2019_Aug_13_1409,FaceNameBlocked,3.0.0,60.01392648
FacesBlock1_v2.xlsx,Danielle.mp4,Danielle.JPG,Danielle,3,Տանիէլլէ,0,0,0,0,0,7,7,3,,,,,,,0,2,0.303199407,,,,,,,,,,,,15,1,2019_Aug_13_1409,FaceNameBlocked,3.0.0,60.01392648
FacesBlock1_v2.xlsx,Danielle.mp4,Danielle.JPG,Danielle,3,Տանիէլլէ,0,0,0,0,,,,,0,9,9,3,,,,,,,,,None,,,,1,0.31853444,,,15,1,2019_Aug_13_1409,FaceNameBlocked,3.0.0,60.01392648
FacesBlock2_v2.xlsx,David.mp4,David.JPG,David,16,Տաւիտ,0,1,1,1,0,11,11,1,,,,,,,1,1,0.719451095,,,,,,,,,,,,15,1,2019_Aug_13_1409,FaceNameBlocked,3.0.0,60.01392648
FacesBlock2_v2.xlsx,David.mp4,David.JPG,David,16,Տաւիտ,0,1,1,1,,,,,0,10,10,1,,,,,,,,chrs,"['c', 'h', 'r', 's', 'backspace', 's']","[3.4518357960041612, 3.8842597370094154, 4.151373856991995, 5.400948104012059, 6.450100798014319, 7.366583252995042]",[3.45183,3.45183,1,1.169087288,,,15,1,2019_Aug_13_1409,FaceNameBlocked,3.0.0,60.01392648
FacesBlock4_v2.xlsx,Dylan.mp4,Dylan.JPG,Dylan,50,Տելան,0,3,3,3,0,14,14,5,,,,,,,1,1,0.786233698,,,,,,,,,,,,15,1,2019_Aug_13_1409,FaceNameBlocked,3.0.0,60.01392648
FacesBlock4_v2.xlsx,Dylan.mp4,Dylan.JPG,Dylan,50,Տելան,0,3,3,3,,,,,0,2,2,5,,,,,,,,steven ,"['s', 't', 'e', 'v', 'e', 'n', 'space']","[1.5187427630007733, 2.3849326180061325, 2.518822785001248, 2.8183497639838606, 2.9519659130019136, 3.2515421439893544, 3.8346693310013507]",[1.51874,1.51874,1,0.635639847,,,15,1,2019_Aug_13_1409,FaceNameBlocked,3.0.0,60.01392648
FacesBlock4_v2.xlsx,Emily.mp4,Emily.JPG,Emily,57,Էմիլե,0,3,3,3,0,6,6,12,,,,,,,0,2,0.536494659,,,,,,,,,,,,15,1,2019_Aug_13_1409,FaceNameBlocked,3.0.0,60.01392648
FacesBlock4_v2.xlsx,Emily.mp4,Emily.JPG,Emily,57,Էմիլե,0,3,3,3,,,,,0,9,9,12,,,,,,,,maddie,"['m', 'a', 'd', 'd', 'i', 'e']","[2.4351264869910665, 2.851808028994128, 3.035475317010423, 3.218215800006874, 3.5842871899949387, 4.068015689001186]",[2.43512,2.43512,1,0.816357015,,,15,1,2019_Aug_13_1409,FaceNameBlocked,3.0.0,60.01392648
FacesBlock1_v2.xlsx,Eric.mp4,Eric.JPG,Eric,0,Էրիգ,0,0,0,0,0,9,9,0,,,,,,,1,1,0.286191555,,,,,,,,,,,,15,1,2019_Aug_13_1409,FaceNameBlocked,3.0.0,60.01392648
FacesBlock1_v2.xlsx,Eric.mp4,Eric.JPG,Eric,0,Էրիգ,0,0,0,0,,,,,0,12,12,0,,,,,,,,john,"['j', 'o', 'h', 'n']","[3.617912626999896, 3.90046872899984, 4.417103480984224, 4.8508743589918595]",[3.61791,3.61791,1,0.884428777,,,15,1,2019_Aug_13_1409,FaceNameBlocked,3.0.0,60.01392648
FacesBlock1_v2.xlsx,Ethan.mp4,Ethan.JPG,Ethan,11,Էդհան,0,0,0,0,0,3,3,11,,,,,,,0,1,0.202457205,,,,,,,,,,,,15,1,2019_Aug_13_1409,FaceNameBlocked,3.0.0,60.01392648
FacesBlock1_v2.xlsx,Ethan.mp4,Ethan.JPG,Ethan,11,Էդհան,0,0,0,0,,,,,0,11,11,11,,,,,,,,matt,"['m', 'a', 't', 't']","[1.5688122179999482, 1.9684123999904841, 2.2021791170118377, 2.3854859890125226]",[1.56881,1.56881,1,1.035363586,,,15,1,2019_Aug_13_1409,FaceNameBlocked,3.0.0,60.01392648
FacesBlock4_v2.xlsx,Grace.mp4,Grace.JPG,Grace,58,Կրագէ,0,3,3,3,0,9,9,13,,,,,,,1,2,0.385970331,,,,,,,,,,,,15,1,2019_Aug_13_1409,FaceNameBlocked,3.0.0,60.01392648
FacesBlock4_v2.xlsx,Grace.mp4,Grace.JPG,Grace,58,Կրագէ,0,3,3,3,,,,,0,3,3,13,,,,,,,,michelle,"['m', 'i', 'c', 'h', 'e', 'l', 'l', 'e']","[4.000597625010414, 4.183780495019164, 4.36457587199402, 4.683251301001292, 4.949836497020442, 5.099450812995201, 5.249707328010118, 5.866584157018224]",[4.00059,4.00059,1,0.66875813,,,15,1,2019_Aug_13_1409,FaceNameBlocked,3.0.0,60.01392648
FacesBlock2_v2.xlsx,Haley.mp4,Haley.JPG,Haley,20,Հալէե,0,1,1,1,0,12,12,5,,,,,,,1,2,0.369712824,,,,,,,,,,,,15,1,2019_Aug_13_1409,FaceNameBlocked,3.0.0,60.01392648
FacesBlock2_v2.xlsx,Haley.mp4,Haley.JPG,Haley,20,Հալէե,0,1,1,1,,,,,0,14,14,5,,,,,,,,megan,"['m', 'e', 'g', 'a', 'n']","[2.7184829239849932, 3.102074382972205, 3.3019136839720886, 3.5361506119952537, 3.8342951769882347]",[2.71848,2.71848,1,0.335649258,,,15,1,2019_Aug_13_1409,FaceNameBlocked,3.0.0,60.01392648
FacesBlock1_v2.xlsx,Hannah.mp4,Hannah.JPG,Hannah,1,Հաննահ,0,0,0,0,0,1,1,1,,,,,,,1,2,1.685241092,,,,,,,,,,,,15,1,2019_Aug_13_1409,FaceNameBlocked,3.0.0,60.01392648
FacesBlock1_v2.xlsx,Hannah.mp4,Hannah.JPG,Hannah,1,Հաննահ,0,0,0,0,,,,,0,3,3,1,,,,,,,,elizabeth,"['e', 'l', 'i', 'z', 'a', 'b', 'e', 't', 'h', 'return', '1', 'backspace']","[1.7680517690023407, 3.101745353982551, 3.301605107000796, 3.9014711089839693, 4.217939314985415, 4.534637434000615, 4.801239466003608, 4.98402846098179, 5.284271729993634, 5.799627264001174, 6.467247888998827, 7.433201612002449]",[1.76805,1.76805,1,0.935580375,,,15,1,2019_Aug_13_1409,FaceNameBlocked,3.0.0,60.01392648
FacesBlock2_v2.xlsx,Heather.mp4,Heather.JPG,Heather,26,Հէադհէր,0,1,1,1,0,6,6,11,,,,,,,0,2,0.269322301,,,,,,,,,,,,15,1,2019_Aug_13_1409,FaceNameBlocked,3.0.0,60.01392648
FacesBlock2_v2.xlsx,Heather.mp4,Heather.JPG,Heather,26,Հէադհէր,0,1,1,1,,,,,0,9,9,11,,,,,,,,anna,"['a', 'n', 'n', 'a']","[3.0016795819974504, 3.3846058880153578, 4.100806411006488, 4.567225202015834]",[3.00167,3.00167,1,0.635663516,,,15,1,2019_Aug_13_1409,FaceNameBlocked,3.0.0,60.01392648
FacesBlock3_v2.xlsx,Jacob.mp4,Jacob.JPG,Jacob,39,Ճագոբ,0,2,2,2,0,1,1,9,,,,,,,1,1,0.452509252,,,,,,,,,,,,15,1,2019_Aug_13_1409,FaceNameBlocked,3.0.0,60.01392648
FacesBlock3_v2.xlsx,Jacob.mp4,Jacob.JPG,Jacob,39,Ճագոբ,0,2,2,2,,,,,0,3,3,9,,,,,,,,mark,"['m', 'a', 'r', 'k']","[4.5682954380172305, 4.684574293001788, 4.934617758000968, 5.101181210018694]",[4.56829,4.56829,1,0.252200793,,,15,1,2019_Aug_13_1409,FaceNameBlocked,3.0.0,60.01392648
FacesBlock4_v2.xlsx,Jason.mp4,Jason.JPG,Jason,49,Ճասոն,0,3,3,3,0,1,1,4,,,,,,,1,1,0.786053429,,,,,,,,,,,,15,1,2019_Aug_13_1409,FaceNameBlocked,3.0.0,60.01392648
FacesBlock4_v2.xlsx,Jason.mp4,Jason.JPG,Jason,49,Ճասոն,0,3,3,3,,,,,0,1,1,4,,,,,,,,jacob,"['j', 'a', 'c', 'o', 'b']","[2.0855832310044207, 2.435549412999535, 2.751390477991663, 3.1684655089920852, 3.7853894449945074]",[2.08558,2.08558,1,1.049852045,,,15,1,2019_Aug_13_1409,FaceNameBlocked,3.0.0,60.01392648
FacesBlock1_v2.xlsx,Jenna.mp4,Jenna.JPG,Jenna,6,Ճէննա,0,0,0,0,0,6,6,6,,,,,,,1,2,0.269544072,,,,,,,,,,,,15,1,2019_Aug_13_1409,FaceNameBlocked,3.0.0,60.01392648
FacesBlock1_v2.xlsx,Jenna.mp4,Jenna.JPG,Jenna,6,Ճէննա,0,0,0,0,,,,,0,4,4,6,,,,,,,,,"['1', 'backspace']","[6.38400944499881, 7.349669927993091]",[6.38400,6.38400,1,1.0689505,,,15,1,2019_Aug_13_1409,FaceNameBlocked,3.0.0,60.01392648
FacesBlock2_v2.xlsx,Jeremy.mp4,Jeremy.JPG,Jeremy,15,Ճէրէմե,0,1,1,1,0,3,3,0,,,,,,,0,1,0.302460014,,,,,,,,,,,,15,1,2019_Aug_13_1409,FaceNameBlocked,3.0.0,60.01392648
FacesBlock2_v2.xlsx,Jeremy.mp4,Jeremy.JPG,Jeremy,15,Ճէրէմե,0,1,1,1,,,,,0,12,12,0,,,,,,,,joe,"['j', 'o', 'e']","[2.4183318759896792, 2.7846107250079513, 3.2174727790115867]",[2.41833,2.41833,1,1.434321181,,,15,1,2019_Aug_13_1409,FaceNameBlocked,3.0.0,60.01392648
FacesBlock1_v2.xlsx,Jessica.mp4,Jessica.JPG,Jessica,8,Ճէսսիգա,0,0,0,0,0,10,10,8,,,,,,,1,2,0.236626053,,,,,,,,,,,,15,1,2019_Aug_13_1409,FaceNameBlocked,3.0.0,60.01392648
FacesBlock1_v2.xlsx,Jessica.mp4,Jessica.JPG,Jessica,8,Ճէսսիգա,0,0,0,0,,,,,0,0,0,8,,,,,,space,8.649751152,hannah  2 ,"['h', 'a', 'n', 'n', 'a', 'h', 'return', 'space', 'space', '2', 'backspace', '2', 'space', 'return']","[2.2692414250050206, 2.433843454986345, 2.6522143420006614, 2.8518249320040923, 2.9353192519920412, 3.184723276004661, 3.7183546909946017, 4.2351995070057455, 6.084359017986571, 7.117455767001957, 7.982873308996204, 8.550418167986209, 8.816653888003202, 9.916050267987885]",[2.26924,2.26924,2,2.851711356,,,15,1,2019_Aug_13_1409,FaceNameBlocked,3.0.0,60.01392648
FacesBlock2_v2.xlsx,Josh.mp4,Josh.JPG,Josh,19,Ճոսհ,0,1,1,1,0,8,8,4,,,,,,,0,1,0.25080578,,,,,,,,,,,,15,1,2019_Aug_13_1409,FaceNameBlocked,3.0.0,60.01392648
FacesBlock2_v2.xlsx,Josh.mp4,Josh.JPG,Josh,19,Ճոսհ,0,1,1,1,,,,,0,7,7,4,,,,,,,,jo,"['j', 'backspace', 'j', 'o']","[7.4332920180168, 8.732304586999817, 9.648379866994219, 9.898953360010637]",[7.43329,7.43329,1,1.1020278,,,15,1,2019_Aug_13_1409,FaceNameBlocked,3.0.0,60.01392648
FacesBlock1_v2.xlsx,Julia.mp4,Julia.JPG,Julia,13,Ճըլիա,0,0,0,0,0,13,13,13,,,,,,,1,2,0.252964086,,,,,,,,,,,,15,1,2019_Aug_13_1409,FaceNameBlocked,3.0.0,60.01392648
FacesBlock1_v2.xlsx,Julia.mp4,Julia.JPG,Julia,13,Ճըլիա,0,0,0,0,,,,,0,8,8,13,,,,,,,,madison,"['m', 'a', 'd', 'i', 's', 'o', 'n']","[4.234020759002306, 4.368122426996706, 4.567051881022053, 4.666698116023326, 4.850541070016334, 5.033581474010134, 5.350372439017519]",[4.23402,4.23402,1,0.28541938,,,15,1,2019_Aug_13_1409,FaceNameBlocked,3.0.0,60.01392648
FacesBlock2_v2.xlsx,Justin.mp4,Justin.JPG,Justin,27,Ճըսդին,0,1,1,1,0,14,14,12,,,,,,,0,1,0.20328658,,,,,,,,,,,,15,1,2019_Aug_13_1409,FaceNameBlocked,3.0.0,60.01392648
FacesBlock2_v2.xlsx,Justin.mp4,Justin.JPG,Justin,27,Ճըսդին,0,1,1,1,,,,,0,5,5,12,,,,,,,,matt,"['m', 'a', 't', 't']","[5.966999704018235, 6.499850201013032, 6.716865543014137, 6.899899743992137]",[5.96699,5.96699,1,1.951058531,,,15,1,2019_Aug_13_1409,FaceNameBlocked,3.0.0,60.01392648
FacesBlock4_v2.xlsx,Katie.mp4,Katie.JPG,Katie,54,Քադիէ,0,3,3,3,0,13,13,9,,,,,,,1,2,0.286773092,,,,,,,,,,,,15,1,2019_Aug_13_1409,FaceNameBlocked,3.0.0,60.01392648
FacesBlock4_v2.xlsx,Katie.mp4,Katie.JPG,Katie,54,Քադիէ,0,3,3,3,,,,,0,7,7,9,,,,,,,,olivia,"['o', 'l', 'i', 'v', 'i', 'a']","[6.6003326359787025, 6.815017739980249, 7.033511475980049, 7.483746027981397, 7.74956927599851, 8.231232610996813]",[6.60033,6.60033,1,0.636040551,,,15,1,2019_Aug_13_1409,FaceNameBlocked,3.0.0,60.01392648
FacesBlock3_v2.xlsx,Kayla.mp4,Kayla.JPG,Kayla,34,Սարահ,0,2,2,2,0,4,4,4,,,,,,,1,2,0.701882803,,,,,,,,,,,,15,1,2019_Aug_13_1409,FaceNameBlocked,3.0.0,60.01392648
FacesBlock3_v2.xlsx,Kayla.mp4,Kayla.JPG,Kayla,34,Սարահ,0,2,2,2,,,,,0,13,13,4,,,,,,,,olivia,"['o', 'l', 'i', 'v', 'i', 'a']","[3.818152936990373, 4.067946543975268, 4.301425059995381, 4.434047925984487, 4.551318250974873, 4.717304141988279]",[3.81815,3.81815,1,0.319024706,,,15,1,2019_Aug_13_1409,FaceNameBlocked,3.0.0,60.01392648
FacesBlock1_v2.xlsx,Kelsey.mp4,Kelsey.JPG,Kelsey,12,Քէլսէե,0,0,0,0,0,14,14,12,,,,,,,0,2,0.21962995,,,,,,,,,,,,15,1,2019_Aug_13_1409,FaceNameBlocked,3.0.0,60.01392648
FacesBlock1_v2.xlsx,Kelsey.mp4,Kelsey.JPG,Kelsey,12,Քէլսէե,0,0,0,0,,,,,0,2,2,12,,,,,,,,anna 11,"['a', 'n', 'n', 'a', 'space', '1', '1', 'space', 'space', '1', '1', '1', '1', '1', '1', '1', '1', '1', '1', 'backspace', 'backspace', 'backspace', 'backspace', 'backspace', 'backspace', 'backspace', 'backspace', 'backspace', 'backspace', 'backspace', 'backspace']","[1.6518786369997542, 1.8014954150130507, 1.9684766200080048, 2.0522312319953926, 2.434721844008891, 2.917014196020318, 3.4343286600196734, 3.8334732619987335, 4.134019951015944, 4.2505458650121, 4.550280971016036, 4.783861383009935, 4.983864857000299, 5.200498370017158, 5.416609777021222, 5.750315229000989, 6.049706140998751, 6.3333105010096915, 6.549743590992875, 7.08259358201758, 7.982345454016468, 8.182327296002768, 8.364927595015615, 8.5489015810017, 8.715622200019425, 8.931956757995067, 9.115323086007265, 9.315030538011342, 9.530239756015362, 9.714925655018305, 9.915022558998317]",[1.65187,1.65187,1,0.635047485,,,15,1,2019_Aug_13_1409,FaceNameBlocked,3.0.0,60.01392648
FacesBlock3_v2.xlsx,Kevin.mp4,Kevin.JPG,Kevin,41,Քէւին,0,2,2,2,0,12,12,11,,,,,,,0,1,0.3861008,,,,,,,,,,,,15,1,2019_Aug_13_1409,FaceNameBlocked,3.0.0,60.01392648
FacesBlock3_v2.xlsx,Kevin.mp4,Kevin.JPG,Kevin,41,Քէւին,0,2,2,2,,,,,0,12,12,11,,,,,,,,patrick,"['p', 'a', 't', 'r', 'i', 'c', 'k']","[3.7181497379788198, 3.884685883997008, 4.1341226259828545, 4.334456768992823, 4.450989034987288, 4.783636426000157, 4.934522837982513]",[3.71814,3.71814,1,0.48538948,,,15,1,2019_Aug_13_1409,FaceNameBlocked,3.0.0,60.01392648
FacesBlock1_v2.xlsx,Kyle.mp4,Kyle.JPG,Kyle,4,Քելէ,0,0,0,0,0,11,11,4,,,,,,,0,1,0.202941029,,,,,,,,,,,,15,1,2019_Aug_13_1409,FaceNameBlocked,3.0.0,60.01392648
FacesBlock1_v2.xlsx,Kyle.mp4,Kyle.JPG,Kyle,4,Քելէ,0,0,0,0,,,,,0,10,10,4,,,,,,,,justin ,"['j', 'u', 's', 't', 'i', 'n', 'space', '1', 'backspace']","[2.5347849869867787, 2.751538379001431, 2.851535737980157, 3.0680421209835913, 3.199570953991497, 3.3839927979861386, 3.7840663389943074, 4.283895522996318, 5.366735944000538]",[2.53478,2.53478,1,0.68573839,,,15,1,2019_Aug_13_1409,FaceNameBlocked,3.0.0,60.01392648
FacesBlock3_v2.xlsx,Lauren.mp4,Lauren.JPG,Lauren,38,Լաըրէն,0,2,2,2,0,0,0,8,,,,,,,1,2,1.036557189,,,,,,,,,,,,15,1,2019_Aug_13_1409,FaceNameBlocked,3.0.0,60.01392648
FacesBlock3_v2.xlsx,Lauren.mp4,Lauren.JPG,Lauren,38,Լաըրէն,0,2,2,2,,,,,0,1,1,8,,,,,,,,courtney,"['a', 's', 'h', 'l', 'e', 'y', 'space', 'backspace', 'backspace', 'backspace', 'backspace', 'backspace', 'backspace', 'backspace', 'c', 'o', 'u', 'r', 't', 'n', 'e', 'y']","[3.868644709000364, 4.068364920996828, 4.23475866400986, 4.601597831991967, 4.701642889005598, 5.034871673997259, 5.301407070015557, 6.250412886001868, 6.517027457011864, 6.700285129016265, 6.882407413999317, 7.033532002998982, 7.166052008018596, 7.4996825470007025, 7.800037117995089, 7.900508876016829, 8.11697610700503, 8.234318900998915, 8.399752719007665, 8.481653710012324, 8.666089575010119, 8.799871280003572]",[3.86864,3.86864,2,0.552066065,,,15,1,2019_Aug_13_1409,FaceNameBlocked,3.0.0,60.01392648
FacesBlock3_v2.xlsx,Mark.mp4,Mark.JPG,Mark,40,Մարք,0,2,2,2,0,6,6,10,,,,,,,1,1,0.219565865,,,,,,,,,,,,15,1,2019_Aug_13_1409,FaceNameBlocked,3.0.0,60.01392648
FacesBlock3_v2.xlsx,Mark.mp4,Mark.JPG,Mark,40,Մարք,0,2,2,2,,,,,0,8,8,10,,,,,,,,josh ,"['j', 'o', 's', 'h', 'space']","[1.6178816260071471, 1.8014943700109143, 1.9515566930058412, 2.1515512760088313, 2.351247062004404]",[1.61788,1.61788,1,0.402479977,,,15,1,2019_Aug_13_1409,FaceNameBlocked,3.0.0,60.01392648
FacesBlock1_v2.xlsx,Matthew.mp4,Matthew.JPG,Matthew,9,Մադդհէվ,0,0,0,0,0,5,5,9,,,,,,,1,1,0.269141713,,,,,,,,,,,,15,1,2019_Aug_13_1409,FaceNameBlocked,3.0.0,60.01392648
FacesBlock1_v2.xlsx,Matthew.mp4,Matthew.JPG,Matthew,9,Մադդհէվ,0,0,0,0,,,,,0,1,1,9,,,,,,,,nathan    2 ,"['n', 'a', 't', 'h', 'a', 'n', 'space', 'return', 'space', 'space', 'space', '1', 'backspace', '1', 'backspace', '2', 'space']","[1.4520742090244312, 1.551931424997747, 1.7689514350204263, 1.8689129810081795, 2.0188383040076587, 2.152317325002514, 2.501269943022635, 4.234419033018639, 5.134559608006384, 5.801038991019595, 6.317027236014837, 6.516959393018624, 7.099820709001506, 8.133593948005, 8.8825720520108, 9.116403168998659, 9.399511557014193]",[1.45207,1.45207,1,0.751353936,,,15,1,2019_Aug_13_1409,FaceNameBlocked,3.0.0,60.01392648
FacesBlock2_v2.xlsx,Megan.mp4,Megan.JPG,Megan,25,Մէկան,0,1,1,1,0,0,0,10,,,,,,,0,2,1.683213597,,,,,,,,,,,,15,1,2019_Aug_13_1409,FaceNameBlocked,3.0.0,60.01392648
FacesBlock2_v2.xlsx,Megan.mp4,Megan.JPG,Megan,25,Մէկան,0,1,1,1,,,,,0,4,4,10,,,,,,,,ashley,"['a', 's', 'h', 'l', 'e', 'y']","[3.0682448059960734, 3.2844851599948015, 3.418331674009096, 3.70144327901653, 3.852191511017736, 4.184995395014994]",[3.06824,3.06824,1,0.568717852,,,15,1,2019_Aug_13_1409,FaceNameBlocked,3.0.0,60.01392648
FacesBlock4_v2.xlsx,Michael.mp4,Michael.JPG,Michael,46,Միգհաէլ,0,3,3,3,0,10,10,1,,,,,,,0,1,1.152670361,,,,,,,,,,,,15,1,2019_Aug_13_1409,FaceNameBlocked,3.0.0,60.01392648
FacesBlock4_v2.xlsx,Michael.mp4,Michael.JPG,Michael,46,Միգհաէլ,0,3,3,3,,,,,0,13,13,1,,,,,,,,david,"['d', 'a', 'v', 'i', 'd']","[2.051672753994353, 2.2018525550083723, 2.4186871190031525, 2.7683765969995875, 3.2178430140193086]",[2.05167,2.05167,1,0.318134309,,,15,1,2019_Aug_13_1409,FaceNameBlocked,3.0.0,60.01392648
FacesBlock4_v2.xlsx,Michelle.mp4,Michelle.JPG,Michelle,52,Միգհէլլէ,0,3,3,3,0,8,8,7,,,,,,,1,2,1.786065124,,,,,,,,,,,,15,1,2019_Aug_13_1409,FaceNameBlocked,3.0.0,60.01392648
FacesBlock4_v2.xlsx,Michelle.mp4,Michelle.JPG,Michelle,52,Միգհէլլէ,0,3,3,3,,,,,0,12,12,7,,,,,,,,megan,"['m', 'e', 'g', 'a', 'n']","[1.7683519220154267, 2.1516008120088372, 2.4508124950225465, 2.6181840770004783, 2.932694317016285]",[1.76835,1.76835,1,0.401729013,,,15,1,2019_Aug_13_1409,FaceNameBlocked,3.0.0,60.01392648
FacesBlock1_v2.xlsx,Natalie.mp4,Natalie.JPG,Natalie,7,Նադալիէ,0,0,0,0,0,0,0,7,,,,,,,0,2,1.001935322,,,,,,,,,,,,15,1,2019_Aug_13_1409,FaceNameBlocked,3.0.0,60.01392648
FacesBlock1_v2.xlsx,Natalie.mp4,Natalie.JPG,Natalie,7,Նադալիէ,0,0,0,0,,,,,0,6,6,7,,,,,,,,,None,,,,1,0.518930577,,,15,1,2019_Aug_13_1409,FaceNameBlocked,3.0.0,60.01392648
FacesBlock3_v2.xlsx,Nathan.mp4,Nathan.JPG,Nathan,37,Նադհան,0,2,2,2,0,14,14,7,,,,,,,0,1,0.303763568,,,,,,,,,,,,15,1,2019_Aug_13_1409,FaceNameBlocked,3.0.0,60.01392648
FacesBlock3_v2.xlsx,Nathan.mp4,Nathan.JPG,Nathan,37,Նադհան,0,2,2,2,,,,,0,7,7,7,,,,,,,,mark,"['m', 'a', 'r', 'k']","[4.833759361994453, 5.016927286982536, 5.267132468987256, 5.816772019985365]",[4.83375,4.83375,1,0.469838222,,,15,1,2019_Aug_13_1409,FaceNameBlocked,3.0.0,60.01392648
FacesBlock3_v2.xlsx,Nicole.mp4,Nicole.JPG,Nicole,43,Նիգոլէ,0,2,2,2,0,2,2,13,,,,,,,0,2,0.736123313,,,,,,,,,,,,15,1,2019_Aug_13_1409,FaceNameBlocked,3.0.0,60.01392648
FacesBlock3_v2.xlsx,Nicole.mp4,Nicole.JPG,Nicole,43,Նիգոլէ,0,2,2,2,,,,,0,6,6,13,,,,,,,,,"['m', 'e', 'g', 'a', 'n', 'backspace', 'backspace', 'backspace', 'backspace', 'backspace']","[6.799715984001523, 6.93362546802382, 7.166460106003797, 7.39953894802602, 7.483499231020687, 8.899083434022032, 9.165245072013931, 9.348715260013705, 9.531850866012974, 9.83205039400491]",[6.79971,6.79971,1,0.384825577,,,15,1,2019_Aug_13_1409,FaceNameBlocked,3.0.0,60.01392648
FacesBlock3_v2.xlsx,Noah.mp4,Noah.JPG,Noah,31,Նոահ,0,2,2,2,0,10,10,1,,,,,,,0,1,0.186289366,,,,,,,,,,,,15,1,2019_Aug_13_1409,FaceNameBlocked,3.0.0,60.01392648
FacesBlock3_v2.xlsx,Noah.mp4,Noah.JPG,Noah,31,Նոահ,0,2,2,2,,,,,0,5,5,1,,,,,,,,justin,"['j', 'o', 'h', 'n', 'backspace', 'backspace', 'backspace', 'u', 's', 't', 'i', 'n']","[1.5682466209982522, 1.901819609978702, 2.0841936329961754, 2.3344317699957173, 3.066697526985081, 3.2668348629958928, 3.500418423995143, 3.9512010909966193, 4.051029082998866, 4.334453259973088, 4.833773249993101, 5.183669899997767]",[1.56824,1.56824,1,0.333345249,,,15,1,2019_Aug_13_1409,FaceNameBlocked,3.0.0,60.01392648
FacesBlock3_v2.xlsx,Olivia.mp4,Olivia.JPG,Olivia,35,Ոլիւիա,0,2,2,2,0,5,5,5,,,,,,,1,2,0.219360231,,,,,,,,,,,,15,1,2019_Aug_13_1409,FaceNameBlocked,3.0.0,60.01392648
FacesBlock3_v2.xlsx,Olivia.mp4,Olivia.JPG,Olivia,35,Ոլիւիա,0,2,2,2,,,,,0,14,14,5,,,,,,,,ashley,"['a', 's', 'h', 'l', 'e', 'y']","[2.1165161940152757, 2.35202618301264, 2.685379247996025, 2.9354219380184077, 3.0855361580033787, 3.302154092991259]",[2.11651,2.11651,1,0.602496126,,,15,1,2019_Aug_13_1409,FaceNameBlocked,3.0.0,60.01392648
FacesBlock2_v2.xlsx,Rachel.mp4,Rachel.JPG,Rachel,29,Րագհէլ,0,1,1,1,0,5,5,14,,,,,,,1,2,1.053165933,,,,,,,,,,,,15,1,2019_Aug_13_1409,FaceNameBlocked,3.0.0,60.01392648
FacesBlock2_v2.xlsx,Rachel.mp4,Rachel.JPG,Rachel,29,Րագհէլ,0,1,1,1,,,,,0,13,13,14,,,,,,,,lana,"['l', 'a', 'n', 'a']","[5.418202505999943, 5.901269728987245, 6.234118592983577, 6.567314173997147]",[5.41820,5.41820,1,0.818460996,,,15,1,2019_Aug_13_1409,FaceNameBlocked,3.0.0,60.01392648
FacesBlock3_v2.xlsx,Rebecca.mp4,Rebecca.JPG,Rebecca,32,Րէբէգգա,0,2,2,2,0,9,9,2,,,,,,,0,2,0.320073039,,,,,,,,,,,,15,1,2019_Aug_13_1409,FaceNameBlocked,3.0.0,60.01392648
FacesBlock3_v2.xlsx,Rebecca.mp4,Rebecca.JPG,Rebecca,32,Րէբէգգա,0,2,2,2,,,,,0,0,0,2,,,,,,space,5.167550516,megan1,"['m', 'e', 'g', 'a', 'n', '1']","[3.167211413005134, 3.2839094569790177, 3.5319881679897662, 3.731663196987938, 3.816347861982649, 9.548184007988311]",[3.16721,3.16721,1,0.501624969,,,15,1,2019_Aug_13_1409,FaceNameBlocked,3.0.0,60.01392648
FacesBlock3_v2.xlsx,Sarah.mp4,Sarah.JPG,Sarah,33,Սարահ,0,2,2,2,0,11,11,3,,,,,,,0,2,0.219341127,,,,,,,,,,,,15,1,2019_Aug_13_1409,FaceNameBlocked,3.0.0,60.01392648
FacesBlock3_v2.xlsx,Sarah.mp4,Sarah.JPG,Sarah,33,Սարահ,0,2,2,2,,,,,0,2,2,3,,,,,,,,olivia ,"['o', 'l', 'i', 'v', 'i', 'a', 'space']","[4.383859649999067, 4.967402485985076, 5.217504355998244, 5.384139442001469, 5.550858344999142, 5.950235373980831, 6.400339430983877]",[4.38385,4.38385,1,0.252284717,,,15,1,2019_Aug_13_1409,FaceNameBlocked,3.0.0,60.01392648
FacesBlock3_v2.xlsx,Shelby.mp4,Shelby.JPG,Shelby,36,Սհէլբե,0,2,2,2,0,8,8,6,,,,,,,1,2,0.136599517,,,,,,,,,,,,15,1,2019_Aug_13_1409,FaceNameBlocked,3.0.0,60.01392648
FacesBlock3_v2.xlsx,Shelby.mp4,Shelby.JPG,Shelby,36,Սհէլբե,0,2,2,2,,,,,0,4,4,6,,,,,,,,ashley ,"['a', 's', 'h', 'l', 'e', 'y', 'space']","[2.0515279470128007, 3.2517301159969065, 3.4515451139886864, 3.8847535980166867, 4.033091487013735, 4.551136511989171, 5.483714091998991]",[2.05152,2.05152,1,0.352345188,,,15,1,2019_Aug_13_1409,FaceNameBlocked,3.0.0,60.01392648
FacesBlock2_v2.xlsx,Steven.mp4,Steven.JPG,Steven,17,Սդէւէն,0,1,1,1,0,2,2,2,,,,,,,0,1,0.269548471,,,,,,,,,,,,15,1,2019_Aug_13_1409,FaceNameBlocked,3.0.0,60.01392648
FacesBlock2_v2.xlsx,Steven.mp4,Steven.JPG,Steven,17,Սդէւէն,0,1,1,1,,,,,0,3,3,2,,,,,,,,justin ,"['j', 'u', 's', 't', 'i', 'n', 'space']","[1.9854416400194168, 2.201313202007441, 2.335467460012296, 2.552166428999044, 2.634931520005921, 2.801487952005118, 3.0186846470169257]",[1.98544,1.98544,1,1.366398011,,,15,1,2019_Aug_13_1409,FaceNameBlocked,3.0.0,60.01392648
FacesBlock4_v2.xlsx,Taylor.mp4,Taylor.JPG,Taylor,45,Դաելոր,0,3,3,3,0,12,12,0,,,,,,,0,2,2.219158902,,,,,,,,,,,,15,1,2019_Aug_13_1409,FaceNameBlocked,3.0.0,60.01392648
FacesBlock4_v2.xlsx,Taylor.mp4,Taylor.JPG,Taylor,45,Դաելոր,0,3,3,3,,,,,0,14,14,0,,,,,,,,alyssa,"['a', 'l', 'y', 's', 's', 'a']","[1.9348542299994733, 3.0344932139851153, 3.3840443980006967, 3.767037370009348, 3.9511369639949407, 4.100267492001876]",[1.93485,1.93485,1,0.318879013,,,15,1,2019_Aug_13_1409,FaceNameBlocked,3.0.0,60.01392648
FacesBlock3_v2.xlsx,Thomas.mp4,Thomas.JPG,Thomas,44,Դհոմաս,0,2,2,2,0,13,13,14,,,,,,,0,1,0.187032029,,,,,,,,,,,,15,1,2019_Aug_13_1409,FaceNameBlocked,3.0.0,60.01392648
FacesBlock3_v2.xlsx,Thomas.mp4,Thomas.JPG,Thomas,44,Դհոմաս,0,2,2,2,,,,,0,9,9,14,,,,,,,,dan,"['d', 'a', 'n']","[2.8183606379898265, 3.001973045989871, 3.434810175007442]",[2.81836,2.81836,1,0.368883489,,,15,1,2019_Aug_13_1409,FaceNameBlocked,3.0.0,60.01392648
FacesBlock1_v2.xlsx,Timothy.mp4,Timothy.JPG,Timothy,10,Դիմոդհե,0,0,0,0,0,4,4,10,,,,,,,1,1,0.351357455,,,,,,,,,,,,15,1,2019_Aug_13_1409,FaceNameBlocked,3.0.0,60.01392648
FacesBlock1_v2.xlsx,Timothy.mp4,Timothy.JPG,Timothy,10,Դիմոդհե,0,0,0,0,,,,,0,13,13,10,,,,,,,,,"['c', 'backspace']","[2.735109289002139, 3.850347931002034]",[2.73510,2.73510,1,0.785584287,,,15,1,2019_Aug_13_1409,FaceNameBlocked,3.0.0,60.01392648
FacesBlock2_v2.xlsx,Trevor.mp4,Trevor.JPG,Trevor,21,Դրէւոր,0,1,1,1,0,13,13,6,,,,,,,0,1,0.186286954,,,,,,,,,,,,15,1,2019_Aug_13_1409,FaceNameBlocked,3.0.0,60.01392648
FacesBlock2_v2.xlsx,Trevor.mp4,Trevor.JPG,Trevor,21,Դրէւոր,0,1,1,1,,,,,0,2,2,6,,,,,,,,trevor ,"['t', 'r', 'e', 'v', 'o', 'r', 'space']","[1.3836739230027888, 1.6847687090048566, 1.9353894400119316, 2.1522995489940513, 2.3182968359906226, 2.4849319090135396, 2.7685783290071413]",[1.38367,1.38367,3,0.502362245,,,15,1,2019_Aug_13_1409,FaceNameBlocked,3.0.0,60.01392648
FacesBlock2_v2.xlsx,Tyler.mp4,Tyler.JPG,Tyler,22,Դելէր,0,1,1,1,0,7,7,7,,,,,,,1,1,0.78567468,,,,,,,,,,,,15,1,2019_Aug_13_1409,FaceNameBlocked,3.0.0,60.01392648
FacesBlock2_v2.xlsx,Tyler.mp4,Tyler.JPG,Tyler,22,Դելէր,0,1,1,1,,,,,0,6,6,7,,,,,,,,josh ,"['j', 'o', 's', 'h', 'space']","[3.434964945015963, 3.684708312008297, 4.11807820800459, 4.384417506022146, 4.583895788004156]",[3.43496,3.43496,1,1.235457435,,,15,1,2019_Aug_13_1409,FaceNameBlocked,3.0.0,60.01392648
,,,,,,,,,,,,,,,,,,space,21.56259175,,,,,,,,,,,,,,,15,1,2019_Aug_13_1409,FaceNameBlocked,3.0.0,60.01392648
,,,,,,,,,,,,,,,,,,,,,,,,,,,,,,,,space,6.650160516,15,1,2019_Aug_13_1409,FaceNameBlocked,3.0.0,60.01392648