,condsFile,Video,Photo,Name,Row,Name2,blocks.thisRepN,blocks.thisTrialN,blocks.thisN,blocks.thisIndex,presentations.thisRepN,presentations.thisTrialN,presentations.thisN,presentations.thisIndex,testing.thisRepN,testing.thisTrialN,testing.thisN,testing.thisIndex,advance_1.keys,advance_1.rt,currentCond,judgementResp.keys,judgementResp.rt,advance_2.keys,advance_2.rt,inputText,key_resp_3.keys,rating_resp.keys,rating_resp.rt,key_resp_3.rt,,key_resp3_fin,end_key.keys,end_key.rt,participant,session,date,expName,psychopyVersion,frameRate,Unnamed: 38
57,FacesBlock2_v2.xlsx,Aaron.mp4,Aaron.JPG,Aaron,18,Աարոն,0,1,1,1,,,,,0,11,11,3,,,,,,,,,None,1,1.268199977,,,,,,16,1,2019_Aug_13_1452,FaceNameBlocked,3.0.0,59.97319402,
43,FacesBlock2_v2.xlsx,Aaron.mp4,Aaron.JPG,Aaron,18,Աարոն,0,1,1,1,0,12,12,3,,,,,,,1,1,1.269492584,,,,,,,,,,,,16,1,2019_Aug_13_1452,FaceNameBlocked,3.0.0,59.97319402,
7,FacesBlock1_v2.xlsx,Adam.mp4,Adam.JPG,Adam,5,Ատամ,0,0,0,0,0,6,6,5,,,,,,,0,1,0.65231646,,,,,,,,,,,,16,1,2019_Aug_13_1452,FaceNameBlocked,3.0.0,59.97319402,
27,FacesBlock1_v2.xlsx,Adam.mp4,Adam.JPG,Adam,5,Ատամ,0,0,0,0,,,,,0,11,11,5,,,,,,,,,None,1,1.335930327,,,,,,16,1,2019_Aug_13_1452,FaceNameBlocked,3.0.0,59.97319402,
95,FacesBlock4_v2.xlsx,Alyssa.mp4,Alyssa.JPG,Alyssa,55,Ալեսսա,0,3,3,3,0,4,4,10,,,,,,,0,2,1.752565293,,,,,,,,,,,,16,1,2019_Aug_13_1452,FaceNameBlocked,3.0.0,59.97319402,
115,FacesBlock4_v2.xlsx,Alyssa.mp4,Alyssa.JPG,Alyssa,55,Ալեսսա,0,3,3,3,,,,,0,9,9,10,,,,,,,,,None,1,5.383819858,,,,,,16,1,2019_Aug_13_1452,FaceNameBlocked,3.0.0,59.97319402,
6,FacesBlock1_v2.xlsx,Amanda.mp4,Amanda.JPG,Amanda,2,Ամանտա,0,0,0,0,0,5,5,2,,,,,,,1,2,0.83599253,,,,,,,,,,,,16,1,2019_Aug_13_1452,FaceNameBlocked,3.0.0,59.97319402,
19,FacesBlock1_v2.xlsx,Amanda.mp4,Amanda.JPG,Amanda,2,Ամանտա,0,0,0,0,,,,,0,3,3,2,,,,,,,,,None,1,3.182842368,,,,,,16,1,2019_Aug_13_1452,FaceNameBlocked,3.0.0,59.97319402,
109,FacesBlock4_v2.xlsx,Andrew.mp4,Andrew.JPG,Andrew,51,Անտրէվ,0,3,3,3,,,,,0,3,3,6,,,,,,,,,None,1,1.485395652,,,,,,16,1,2019_Aug_13_1452,FaceNameBlocked,3.0.0,59.97319402,
97,FacesBlock4_v2.xlsx,Andrew.mp4,Andrew.JPG,Andrew,51,Անտրէվ,0,3,3,3,0,6,6,6,,,,,,,0,1,0.669755467,,,,,,,,,,,,16,1,2019_Aug_13_1452,FaceNameBlocked,3.0.0,59.97319402,
114,FacesBlock4_v2.xlsx,Anna.mp4,Anna.JPG,Anna,47,Աննա,0,3,3,3,,,,,0,8,8,2,,,,,,,,anna,"['a', 'a', 'backspace', 'n', 'n', 'a']",3,2.299427379,"[2.8686032770201564, 3.2681043409975246, 4.1508364909968805, 4.601544391014613, 4.7681559460179415, 4.900967576017138]",[2.86860,2.86860,,,16,1,2019_Aug_13_1452,FaceNameBlocked,3.0.0,59.97319402,
102,FacesBlock4_v2.xlsx,Anna.mp4,Anna.JPG,Anna,47,Աննա,0,3,3,3,0,11,11,2,,,,,,,0,2,0.6528458,,,,,,,,,,,,16,1,2019_Aug_13_1452,FaceNameBlocked,3.0.0,59.97319402,
42,FacesBlock2_v2.xlsx,Ashley.mp4,Ashley.JPG,Ashley,24,Ասհլէե,0,1,1,1,0,11,11,9,,,,,,,1,2,1.76900194,,,,,,,,,,,,16,1,2019_Aug_13_1452,FaceNameBlocked,3.0.0,59.97319402,
56,FacesBlock2_v2.xlsx,Ashley.mp4,Ashley.JPG,Ashley,24,Ասհլէե,0,1,1,1,,,,,0,10,10,9,,,,,,,,,None,1,5.483849792,,,,,,16,1,2019_Aug_13_1452,FaceNameBlocked,3.0.0,59.97319402,
23,FacesBlock1_v2.xlsx,Bradley.mp4,Bradley.JPG,Bradley,14,Բրատլէե,0,0,0,0,,,,,0,7,7,14,,,,,,,,,None,1,1.468037598,,,,,,16,1,2019_Aug_13_1452,FaceNameBlocked,3.0.0,59.97319402,
2,FacesBlock1_v2.xlsx,Bradley.mp4,Bradley.JPG,Bradley,14,Բրատլէե,0,0,0,0,0,1,1,14,,,,,,,1,1,2.76890229,,,,,,,,,,,,16,1,2019_Aug_13_1452,FaceNameBlocked,3.0.0,59.97319402,
100,FacesBlock4_v2.xlsx,Brandon.mp4,Brandon.JPG,Brandon,56,Բրանտոն,0,3,3,3,0,9,9,11,,,,,,,0,1,1.052435101,,,,,,,,,,,,16,1,2019_Aug_13_1452,FaceNameBlocked,3.0.0,59.97319402,
118,FacesBlock4_v2.xlsx,Brandon.mp4,Brandon.JPG,Brandon,56,Բրանտոն,0,3,3,3,,,,,0,12,12,11,,,,,,,,jack,"['a', 'backspace', 'j', 'a', 'c', 'k']",1,2.401241249,"[7.765507979027461, 8.781803620018763, 9.315634184022201, 9.48215866900864, 9.64843268902041, 9.915403514023637]",[7.76550,7.76550,,,16,1,2019_Aug_13_1452,FaceNameBlocked,3.0.0,59.97319402,
99,FacesBlock4_v2.xlsx,Brian.mp4,Brian.JPG,Brian,53,Բրիան,0,3,3,3,0,8,8,8,,,,,,,1,1,1.185885595,,,,,,,,,,,,16,1,2019_Aug_13_1452,FaceNameBlocked,3.0.0,59.97319402,
112,FacesBlock4_v2.xlsx,Brian.mp4,Brian.JPG,Brian,53,Բրիան,0,3,3,3,,,,,0,6,6,8,,,,,,,,dra,"['d', 'r', 'a']",1,9.116058036,"[5.750958296994213, 6.533801245997893, 7.16680698300479]",[5.75095,5.75095,,,16,1,2019_Aug_13_1452,FaceNameBlocked,3.0.0,59.97319402,
94,FacesBlock4_v2.xlsx,Brianna.mp4,Brianna.JPG,Brianna,48,Բրիաննա,0,3,3,3,0,3,3,3,,,,,,,0,2,1.35209784,,,,,,,,,,,,16,1,2019_Aug_13_1452,FaceNameBlocked,3.0.0,59.97319402,
117,FacesBlock4_v2.xlsx,Brianna.mp4,Brianna.JPG,Brianna,48,Բրիաննա,0,3,3,3,,,,,0,11,11,3,,,,,,,,,None,1,1.68481157,,,,,,16,1,2019_Aug_13_1452,FaceNameBlocked,3.0.0,59.97319402,
40,FacesBlock2_v2.xlsx,Brittany.mp4,Brittany.JPG,Brittany,28,Բրիդդանե,0,1,1,1,0,9,9,13,,,,,,,1,2,1.369717062,,,,,,,,,,,,16,1,2019_Aug_13_1452,FaceNameBlocked,3.0.0,59.97319402,
59,FacesBlock2_v2.xlsx,Brittany.mp4,Brittany.JPG,Brittany,28,Բրիդդանե,0,1,1,1,,,,,0,13,13,13,,,,,,,,,None,1,1.385894907,,,,,,16,1,2019_Aug_13_1452,FaceNameBlocked,3.0.0,59.97319402,
93,FacesBlock4_v2.xlsx,Caleb.mp4,Caleb.JPG,Caleb,59,Գալէբ,0,3,3,3,0,2,2,14,,,,,,,1,1,0.702963137,,,,,,,,,,,,16,1,2019_Aug_13_1452,FaceNameBlocked,3.0.0,59.97319402,
110,FacesBlock4_v2.xlsx,Caleb.mp4,Caleb.JPG,Caleb,59,Գալէբ,0,3,3,3,,,,,0,4,4,14,,,,,,,,,None,1,1.351424243,,,,,,16,1,2019_Aug_13_1452,FaceNameBlocked,3.0.0,59.97319402,
53,FacesBlock2_v2.xlsx,Cody.mp4,Cody.JPG,Cody,23,Գոտե,0,1,1,1,,,,,0,7,7,8,,,,,,,,,None,1,2.218002367,,,,,,16,1,2019_Aug_13_1452,FaceNameBlocked,3.0.0,59.97319402,
36,FacesBlock2_v2.xlsx,Cody.mp4,Cody.JPG,Cody,23,Գոտե,0,1,1,1,0,5,5,8,,,,,,,0,1,0.753068328,,,,,,,,,,,,16,1,2019_Aug_13_1452,FaceNameBlocked,3.0.0,59.97319402,
82,FacesBlock3_v2.xlsx,Courtney.mp4,Courtney.JPG,Courtney,42,Գոըրդնէե,0,2,2,2,,,,,0,6,6,12,,,,,,,,,None,1,3.35060819,,,,,,16,1,2019_Aug_13_1452,FaceNameBlocked,3.0.0,59.97319402,
70,FacesBlock3_v2.xlsx,Courtney.mp4,Courtney.JPG,Courtney,42,Գոըրդնէե,0,2,2,2,0,9,9,12,,,,,,,1,2,0.802740339,,,,,,,,,,,,16,1,2019_Aug_13_1452,FaceNameBlocked,3.0.0,59.97319402,
68,FacesBlock3_v2.xlsx,Daniel.mp4,Daniel.JPG,Daniel,30,Տանիէլ,0,2,2,2,0,7,7,0,,,,,,,1,1,1.602135244,,,,,,,,,,,,16,1,2019_Aug_13_1452,FaceNameBlocked,3.0.0,59.97319402,
77,FacesBlock3_v2.xlsx,Daniel.mp4,Daniel.JPG,Daniel,30,Տանիէլ,0,2,2,2,,,,,0,1,1,0,,,,,,,,,None,1,1.701217326,,,,,,16,1,2019_Aug_13_1452,FaceNameBlocked,3.0.0,59.97319402,
25,FacesBlock1_v2.xlsx,Danielle.mp4,Danielle.JPG,Danielle,3,Տանիէլլէ,0,0,0,0,,,,,0,9,9,3,,,,,,,,Dannel,"['lshift', 'd', 'a', 'n', 'n', 'e', 'l']",4,3.551362511,"[4.049398272996768, 4.151123874995392, 5.366505837999284, 5.550193017988931, 7.216196403984213, 8.582332877995213, 9.982279002986616]",[4.04939,4.04939,,,16,1,2019_Aug_13_1452,FaceNameBlocked,3.0.0,59.97319402,
14,FacesBlock1_v2.xlsx,Danielle.mp4,Danielle.JPG,Danielle,3,Տանիէլլէ,0,0,0,0,0,13,13,3,,,,,,,0,2,0.686128436,,,,,,,,,,,,16,1,2019_Aug_13_1452,FaceNameBlocked,3.0.0,59.97319402,
55,FacesBlock2_v2.xlsx,David.mp4,David.JPG,David,16,Տաւիտ,0,1,1,1,,,,,0,9,9,1,,,,,,,,david,"['d', 'a', 'v', 'i', 'd']",4,1.884883848,"[2.6515741889888886, 2.8346050059772097, 3.3344884339894634, 3.551361483987421, 3.6839929829875473]",[2.65157,2.65157,,,16,1,2019_Aug_13_1452,FaceNameBlocked,3.0.0,59.97319402,
38,FacesBlock2_v2.xlsx,David.mp4,David.JPG,David,16,Տաւիտ,0,1,1,1,0,7,7,1,,,,,,,0,1,0.918544276,,,,,,,,,,,,16,1,2019_Aug_13_1452,FaceNameBlocked,3.0.0,59.97319402,
120,FacesBlock4_v2.xlsx,Dylan.mp4,Dylan.JPG,Dylan,50,Տելան,0,3,3,3,,,,,0,14,14,5,,,,,,,,,None,1,3.900835173,,,,,,16,1,2019_Aug_13_1452,FaceNameBlocked,3.0.0,59.97319402,
101,FacesBlock4_v2.xlsx,Dylan.mp4,Dylan.JPG,Dylan,50,Տելան,0,3,3,3,0,10,10,5,,,,,,,1,1,1.286222863,,,,,,,,,,,,16,1,2019_Aug_13_1452,FaceNameBlocked,3.0.0,59.97319402,
98,FacesBlock4_v2.xlsx,Emily.mp4,Emily.JPG,Emily,57,Էմիլե,0,3,3,3,0,7,7,12,,,,,,,0,2,1.635588702,,,,,,,,,,,,16,1,2019_Aug_13_1452,FaceNameBlocked,3.0.0,59.97319402,
113,FacesBlock4_v2.xlsx,Emily.mp4,Emily.JPG,Emily,57,Էմիլե,0,3,3,3,,,,,0,7,7,12,,,,,,,,,None,1,2.716319087,,,,,,16,1,2019_Aug_13_1452,FaceNameBlocked,3.0.0,59.97319402,
16,FacesBlock1_v2.xlsx,Eric.mp4,Eric.JPG,Eric,0,Էրիգ,0,0,0,0,,,,,0,0,0,0,,,,,,space,31.37517216,,None,1,4.917560617,,,,,,16,1,2019_Aug_13_1452,FaceNameBlocked,3.0.0,59.97319402,
8,FacesBlock1_v2.xlsx,Eric.mp4,Eric.JPG,Eric,0,Էրիգ,0,0,0,0,0,7,7,0,,,,,,,0,1,1.152573328,,,,,,,,,,,,16,1,2019_Aug_13_1452,FaceNameBlocked,3.0.0,59.97319402,
26,FacesBlock1_v2.xlsx,Ethan.mp4,Ethan.JPG,Ethan,11,Էդհան,0,0,0,0,,,,,0,10,10,11,,,,,,,,,None,1,3.351466001,,,,,,16,1,2019_Aug_13_1452,FaceNameBlocked,3.0.0,59.97319402,
5,FacesBlock1_v2.xlsx,Ethan.mp4,Ethan.JPG,Ethan,11,Էդհան,0,0,0,0,0,4,4,11,,,,,,,0,1,0.452776001,,,,,,,,,,,,16,1,2019_Aug_13_1452,FaceNameBlocked,3.0.0,59.97319402,
104,FacesBlock4_v2.xlsx,Grace.mp4,Grace.JPG,Grace,58,Կրագէ,0,3,3,3,0,13,13,13,,,,,,,1,2,0.886089814,,,,,,,,,,,,16,1,2019_Aug_13_1452,FaceNameBlocked,3.0.0,59.97319402,
111,FacesBlock4_v2.xlsx,Grace.mp4,Grace.JPG,Grace,58,Կրագէ,0,3,3,3,,,,,0,5,5,13,,,,,,,,,None,1,1.218216387,,,,,,16,1,2019_Aug_13_1452,FaceNameBlocked,3.0.0,59.97319402,
45,FacesBlock2_v2.xlsx,Haley.mp4,Haley.JPG,Haley,20,Հալէե,0,1,1,1,0,14,14,5,,,,,,,1,2,0.853285808,,,,,,,,,,,,16,1,2019_Aug_13_1452,FaceNameBlocked,3.0.0,59.97319402,
46,FacesBlock2_v2.xlsx,Haley.mp4,Haley.JPG,Haley,20,Հալէե,0,1,1,1,,,,,0,0,0,5,,,,,,space,12.06509696,,None,1,1.568402528,,,,,,16,1,2019_Aug_13_1452,FaceNameBlocked,3.0.0,59.97319402,
15,FacesBlock1_v2.xlsx,Hannah.mp4,Hannah.JPG,Hannah,1,Հաննահ,0,0,0,0,0,14,14,1,,,,,,,1,2,0.585418126,,,,,,,,,,,,16,1,2019_Aug_13_1452,FaceNameBlocked,3.0.0,59.97319402,
20,FacesBlock1_v2.xlsx,Hannah.mp4,Hannah.JPG,Hannah,1,Հաննահ,0,0,0,0,,,,,0,4,4,1,,,,,,,,,None,1,2.484526303,,,,,,16,1,2019_Aug_13_1452,FaceNameBlocked,3.0.0,59.97319402,
52,FacesBlock2_v2.xlsx,Heather.mp4,Heather.JPG,Heather,26,Հէադհէր,0,1,1,1,,,,,0,6,6,11,,,,,,,,ashley,"['a', 's', 'h', 'l', 'e', 'y']",2,2.501323372,"[6.7004187460115645, 6.983569081989117, 7.13357075600652, 7.599809856998036, 8.066018526995322, 8.249786430998938]",[6.70041,6.70041,,,16,1,2019_Aug_13_1452,FaceNameBlocked,3.0.0,59.97319402,
34,FacesBlock2_v2.xlsx,Heather.mp4,Heather.JPG,Heather,26,Հէադհէր,0,1,1,1,0,3,3,11,,,,,,,1,2,2.30209599,,,,,,,,,,,,16,1,2019_Aug_13_1452,FaceNameBlocked,3.0.0,59.97319402,
81,FacesBlock3_v2.xlsx,Jacob.mp4,Jacob.JPG,Jacob,39,Ճագոբ,0,2,2,2,,,,,0,5,5,9,,,,,,,,jacob,"['j', 'a', 'c', 'o', 'b']",4,1.485087687,"[4.817463896004483, 6.58310327300569, 6.832855346001452, 7.016476276010508, 7.4822198869951535]",[4.81746,4.81746,,,16,1,2019_Aug_13_1452,FaceNameBlocked,3.0.0,59.97319402,
63,FacesBlock3_v2.xlsx,Jacob.mp4,Jacob.JPG,Jacob,39,Ճագոբ,0,2,2,2,0,2,2,9,,,,,,,0,1,3.051603663,,,,,,,,,,,,16,1,2019_Aug_13_1452,FaceNameBlocked,3.0.0,59.97319402,
96,FacesBlock4_v2.xlsx,Jason.mp4,Jason.JPG,Jason,49,Ճասոն,0,3,3,3,0,5,5,4,,,,,,,0,1,2.119438256,,,,,,,,,,,,16,1,2019_Aug_13_1452,FaceNameBlocked,3.0.0,59.97319402,
108,FacesBlock4_v2.xlsx,Jason.mp4,Jason.JPG,Jason,49,Ճասոն,0,3,3,3,,,,,0,2,2,4,,,,,,,,jason,"['j', 'a', 's', 'o', 'n']",4,1.335365908,"[3.067847530997824, 3.3014114150137175, 4.38376301000244, 4.550694581994321, 4.800679169013165]",[3.06784,3.06784,,,16,1,2019_Aug_13_1452,FaceNameBlocked,3.0.0,59.97319402,
29,FacesBlock1_v2.xlsx,Jenna.mp4,Jenna.JPG,Jenna,6,Ճէննա,0,0,0,0,,,,,0,13,13,6,,,,,,,,,None,1,0.96807168,,,,,,16,1,2019_Aug_13_1452,FaceNameBlocked,3.0.0,59.97319402,
4,FacesBlock1_v2.xlsx,Jenna.mp4,Jenna.JPG,Jenna,6,Ճէննա,0,0,0,0,0,3,3,6,,,,,,,1,2,1.30297869,,,,,,,,,,,,16,1,2019_Aug_13_1452,FaceNameBlocked,3.0.0,59.97319402,
39,FacesBlock2_v2.xlsx,Jeremy.mp4,Jeremy.JPG,Jeremy,15,Ճէրէմե,0,1,1,1,0,8,8,0,,,,,,,0,1,1.036609788,,,,,,,,,,,,16,1,2019_Aug_13_1452,FaceNameBlocked,3.0.0,59.97319402,
49,FacesBlock2_v2.xlsx,Jeremy.mp4,Jeremy.JPG,Jeremy,15,Ճէրէմե,0,1,1,1,,,,,0,3,3,0,,,,,,,,j,['j'],2,9.232902369,[4.499896268011071],[4.49989,4.49989,,,16,1,2019_Aug_13_1452,FaceNameBlocked,3.0.0,59.97319402,
11,FacesBlock1_v2.xlsx,Jessica.mp4,Jessica.JPG,Jessica,8,Ճէսսիգա,0,0,0,0,0,10,10,8,,,,,,,1,2,0.636038755,,,,,,,,,,,,16,1,2019_Aug_13_1452,FaceNameBlocked,3.0.0,59.97319402,
21,FacesBlock1_v2.xlsx,Jessica.mp4,Jessica.JPG,Jessica,8,Ճէսսիգա,0,0,0,0,,,,,0,5,5,8,,,,,,,,monica,"['m', 'o', 'n', 'i', 'c', 'a']",1,1.93547563,"[5.3840794089774136, 5.7006636319856625, 6.067365796974627, 6.217433758982224, 6.6500963529979344, 8.033446274988819]",[5.38407,5.38407,,,16,1,2019_Aug_13_1452,FaceNameBlocked,3.0.0,59.97319402,
35,FacesBlock2_v2.xlsx,Josh.mp4,Josh.JPG,Josh,19,Ճոսհ,0,1,1,1,0,4,4,4,,,,,,,0,1,0.736178205,,,,,,,,,,,,16,1,2019_Aug_13_1452,FaceNameBlocked,3.0.0,59.97319402,
51,FacesBlock2_v2.xlsx,Josh.mp4,Josh.JPG,Josh,19,Ճոսհ,0,1,1,1,,,,,0,5,5,4,,,,,,,,josh,"['j', 'o', 's', 'h']",4,1.468237042,"[1.8516329170088284, 2.118753952003317, 2.3356305589841213, 2.5522381649934687]",[1.85163,1.85163,,,16,1,2019_Aug_13_1452,FaceNameBlocked,3.0.0,59.97319402,
3,FacesBlock1_v2.xlsx,Julia.mp4,Julia.JPG,Julia,13,Ճըլիա,0,0,0,0,0,2,2,13,,,,,,,1,2,0.88593928,,,,,,,,,,,,16,1,2019_Aug_13_1452,FaceNameBlocked,3.0.0,59.97319402,
18,FacesBlock1_v2.xlsx,Julia.mp4,Julia.JPG,Julia,13,Ճըլիա,0,0,0,0,,,,,0,2,2,13,,,,,,,,,None,1,1.868389107,,,,,,16,1,2019_Aug_13_1452,FaceNameBlocked,3.0.0,59.97319402,
41,FacesBlock2_v2.xlsx,Justin.mp4,Justin.JPG,Justin,27,Ճըսդին,0,1,1,1,0,10,10,12,,,,,,,1,1,0.669073223,,,,,,,,,,,,16,1,2019_Aug_13_1452,FaceNameBlocked,3.0.0,59.97319402,
50,FacesBlock2_v2.xlsx,Justin.mp4,Justin.JPG,Justin,27,Ճըսդին,0,1,1,1,,,,,0,4,4,12,,,,,,,,jerrmy,"['j', 'e', 'r', 'r', 'm', 'y']",1,2.101920651,"[6.299616803007666, 6.749622816016199, 7.36630748200696, 7.58235851401696, 8.332600999012357, 8.666015276015969]",[6.29961,6.29961,,,16,1,2019_Aug_13_1452,FaceNameBlocked,3.0.0,59.97319402,
105,FacesBlock4_v2.xlsx,Katie.mp4,Katie.JPG,Katie,54,Քադիէ,0,3,3,3,0,14,14,9,,,,,,,1,2,1.485667064,,,,,,,,,,,,16,1,2019_Aug_13_1452,FaceNameBlocked,3.0.0,59.97319402,
116,FacesBlock4_v2.xlsx,Katie.mp4,Katie.JPG,Katie,54,Քադիէ,0,3,3,3,,,,,0,10,10,9,,,,,,,,,None,1,0.951663099,,,,,,16,1,2019_Aug_13_1452,FaceNameBlocked,3.0.0,59.97319402,
79,FacesBlock3_v2.xlsx,Kayla.mp4,Kayla.JPG,Kayla,34,Սարահ,0,2,2,2,,,,,0,3,3,4,,,,,,,,dannel,"['d', 'a', 'n', 'n', 'e', 'l']",1,3.617913995,"[6.034654748975299, 6.1838699679938145, 6.400819753995165, 7.267170146980789, 8.34960552098346, 8.633443153987173]",[6.03465,6.03465,,,16,1,2019_Aug_13_1452,FaceNameBlocked,3.0.0,59.97319402,
62,FacesBlock3_v2.xlsx,Kayla.mp4,Kayla.JPG,Kayla,34,Սարահ,0,2,2,2,0,1,1,4,,,,,,,0,2,1.703185164,,,,,,,,,,,,16,1,2019_Aug_13_1452,FaceNameBlocked,3.0.0,59.97319402,
12,FacesBlock1_v2.xlsx,Kelsey.mp4,Kelsey.JPG,Kelsey,12,Քէլսէե,0,0,0,0,0,11,11,12,,,,,,,0,2,0.552814954,,,,,,,,,,,,16,1,2019_Aug_13_1452,FaceNameBlocked,3.0.0,59.97319402,
22,FacesBlock1_v2.xlsx,Kelsey.mp4,Kelsey.JPG,Kelsey,12,Քէլսէե,0,0,0,0,,,,,0,6,6,12,,,,,,,,annie,"['a', 'n', 'n', 'i', 'e']",1,1.15235104,"[3.2674184940115083, 3.867566322995117, 4.400116387987509, 4.750982438999927, 4.917188605002593]",[3.26741,3.26741,,,16,1,2019_Aug_13_1452,FaceNameBlocked,3.0.0,59.97319402,
71,FacesBlock3_v2.xlsx,Kevin.mp4,Kevin.JPG,Kevin,41,Քէւին,0,2,2,2,0,10,10,11,,,,,,,0,1,0.786080228,,,,,,,,,,,,16,1,2019_Aug_13_1452,FaceNameBlocked,3.0.0,59.97319402,
85,FacesBlock3_v2.xlsx,Kevin.mp4,Kevin.JPG,Kevin,41,Քէւին,0,2,2,2,,,,,0,9,9,11,,,,,,,,,None,1,1.968661063,,,,,,16,1,2019_Aug_13_1452,FaceNameBlocked,3.0.0,59.97319402,
24,FacesBlock1_v2.xlsx,Kyle.mp4,Kyle.JPG,Kyle,4,Քելէ,0,0,0,0,,,,,0,8,8,4,,,,,,,,,None,1,2.251833908,,,,,,16,1,2019_Aug_13_1452,FaceNameBlocked,3.0.0,59.97319402,
10,FacesBlock1_v2.xlsx,Kyle.mp4,Kyle.JPG,Kyle,4,Քելէ,0,0,0,0,0,9,9,4,,,,,,,0,1,0.91934398,,,,,,,,,,,,16,1,2019_Aug_13_1452,FaceNameBlocked,3.0.0,59.97319402,
67,FacesBlock3_v2.xlsx,Lauren.mp4,Lauren.JPG,Lauren,38,Լաըրէն,0,2,2,2,0,6,6,8,,,,,,,1,2,2.699771595,,,,,,,,,,,,16,1,2019_Aug_13_1452,FaceNameBlocked,3.0.0,59.97319402,
87,FacesBlock3_v2.xlsx,Lauren.mp4,Lauren.JPG,Lauren,38,Լաըրէն,0,2,2,2,,,,,0,11,11,8,,,,,,,,nicle,"['n', 'i', 'c', 'l', 'e']",2,1.417935852,"[3.3007196209800895, 3.5178520109911915, 3.983787109988043, 4.3005580320023, 4.517139850999229]",[3.30071,3.30071,,,16,1,2019_Aug_13_1452,FaceNameBlocked,3.0.0,59.97319402,
69,FacesBlock3_v2.xlsx,Mark.mp4,Mark.JPG,Mark,40,Մարք,0,2,2,2,0,8,8,10,,,,,,,0,1,0.969503446,,,,,,,,,,,,16,1,2019_Aug_13_1452,FaceNameBlocked,3.0.0,59.97319402,
84,FacesBlock3_v2.xlsx,Mark.mp4,Mark.JPG,Mark,40,Մարք,0,2,2,2,,,,,0,8,8,10,,,,,,,,ba,"['b', 'a']",1,4.434771274,"[9.132761446002405, 9.282282239990309]",[9.13276,9.13276,,,16,1,2019_Aug_13_1452,FaceNameBlocked,3.0.0,59.97319402,
13,FacesBlock1_v2.xlsx,Matthew.mp4,Matthew.JPG,Matthew,9,Մադդհէվ,0,0,0,0,0,12,12,9,,,,,,,0,1,0.537137066,,,,,,,,,,,,16,1,2019_Aug_13_1452,FaceNameBlocked,3.0.0,59.97319402,
28,FacesBlock1_v2.xlsx,Matthew.mp4,Matthew.JPG,Matthew,9,Մադդհէվ,0,0,0,0,,,,,0,12,12,9,,,,,,,,,None,1,1.268472481,,,,,,16,1,2019_Aug_13_1452,FaceNameBlocked,3.0.0,59.97319402,
44,FacesBlock2_v2.xlsx,Megan.mp4,Megan.JPG,Megan,25,Մէկան,0,1,1,1,0,13,13,10,,,,,,,0,2,0.836419793,,,,,,,,,,,,16,1,2019_Aug_13_1452,FaceNameBlocked,3.0.0,59.97319402,
54,FacesBlock2_v2.xlsx,Megan.mp4,Megan.JPG,Megan,25,Մէկան,0,1,1,1,,,,,0,8,8,10,,,,,,,,mogan,"['m', 'o', 'g', 'a', 'n']",4,1.335055684,"[3.0180108640051913, 3.4005070800194517, 3.6668788350070827, 3.9675597060122527, 4.217505070002517]",[3.01801,3.01801,,,16,1,2019_Aug_13_1452,FaceNameBlocked,3.0.0,59.97319402,
106,FacesBlock4_v2.xlsx,Michael.mp4,Michael.JPG,Michael,46,Միգհաէլ,0,3,3,3,,,,,0,0,0,1,,,,,,space,3.650790889,macell,"['m', 'a', 'c', 'e', 'l', 'l']",2,1.70226901,"[7.91611003599246, 8.149865432991646, 8.466659107012674, 9.16544378400431, 9.382723396003712, 9.548721013008617]",[7.91611,7.91611,,,16,1,2019_Aug_13_1452,FaceNameBlocked,3.0.0,59.97319402,
91,FacesBlock4_v2.xlsx,Michael.mp4,Michael.JPG,Michael,46,Միգհաէլ,0,3,3,3,0,0,0,1,,,,,,,0,1,1.653223538,,,,,,,,,,,,16,1,2019_Aug_13_1452,FaceNameBlocked,3.0.0,59.97319402,
119,FacesBlock4_v2.xlsx,Michelle.mp4,Michelle.JPG,Michelle,52,Միգհէլլէ,0,3,3,3,,,,,0,13,13,7,,,,,,,,,None,1,3.851074747,,,,,,16,1,2019_Aug_13_1452,FaceNameBlocked,3.0.0,59.97319402,
103,FacesBlock4_v2.xlsx,Michelle.mp4,Michelle.JPG,Michelle,52,Միգհէլլէ,0,3,3,3,0,12,12,7,,,,,,,1,2,0.736272762,,,,,,,,,,,,16,1,2019_Aug_13_1452,FaceNameBlocked,3.0.0,59.97319402,
1,FacesBlock1_v2.xlsx,Natalie.mp4,Natalie.JPG,Natalie,7,Նադալիէ,0,0,0,0,0,0,0,7,,,,,,,1,2,5.051358078,,,,,,,,,,,,16,1,2019_Aug_13_1452,FaceNameBlocked,3.0.0,59.97319402,
30,FacesBlock1_v2.xlsx,Natalie.mp4,Natalie.JPG,Natalie,7,Նադալիէ,0,0,0,0,,,,,0,14,14,7,,,,,,,,jessy,"['j', 'e', 's', 's', 'y']",1,1.551613056,"[4.417954939010087, 6.450560029014014, 6.934053328994196, 7.100269940012367, 8.533417958009522]",[4.41795,4.41795,,,16,1,2019_Aug_13_1452,FaceNameBlocked,3.0.0,59.97319402,
86,FacesBlock3_v2.xlsx,Nathan.mp4,Nathan.JPG,Nathan,37,Նադհան,0,2,2,2,,,,,0,10,10,7,,,,,,,,nathen,"['n', 'a', 't', 'h', 'e', 'n']",1,4.617729496,"[2.0344021460041404, 2.249809767003171, 2.817188877990702, 3.0179013829911128, 3.2511138469853904, 3.517520360997878]",[2.03440,2.03440,,,16,1,2019_Aug_13_1452,FaceNameBlocked,3.0.0,59.97319402,
74,FacesBlock3_v2.xlsx,Nathan.mp4,Nathan.JPG,Nathan,37,Նադհան,0,2,2,2,0,13,13,7,,,,,,,1,1,1.802607778,,,,,,,,,,,,16,1,2019_Aug_13_1452,FaceNameBlocked,3.0.0,59.97319402,
66,FacesBlock3_v2.xlsx,Nicole.mp4,Nicole.JPG,Nicole,43,Նիգոլէ,0,2,2,2,0,5,5,13,,,,,,,0,2,1.83381267,,,,,,,,,,,,16,1,2019_Aug_13_1452,FaceNameBlocked,3.0.0,59.97319402,
76,FacesBlock3_v2.xlsx,Nicole.mp4,Nicole.JPG,Nicole,43,Նիգոլէ,0,2,2,2,,,,,0,0,0,13,,,,,,space,10.34869848,robica ,"['r', 'o', 'b', 'i', 'c', 'a', 'space']",2,1.801775292,"[4.834227803978138, 5.0171920099819545, 5.617372349981451, 5.866512408974813, 6.150514241977362, 6.300283705990296, 7.733226753975032]",[4.83422,4.83422,,,16,1,2019_Aug_13_1452,FaceNameBlocked,3.0.0,59.97319402,
65,FacesBlock3_v2.xlsx,Noah.mp4,Noah.JPG,Noah,31,Նոահ,0,2,2,2,0,4,4,1,,,,,,,1,1,1.319854507,,,,,,,,,,,,16,1,2019_Aug_13_1452,FaceNameBlocked,3.0.0,59.97319402,
78,FacesBlock3_v2.xlsx,Noah.mp4,Noah.JPG,Noah,31,Նոահ,0,2,2,2,,,,,0,2,2,1,,,,,,,,,None,1,1.418805433,,,,,,16,1,2019_Aug_13_1452,FaceNameBlocked,3.0.0,59.97319402,
64,FacesBlock3_v2.xlsx,Olivia.mp4,Olivia.JPG,Olivia,35,Ոլիւիա,0,2,2,2,0,3,3,5,,,,,,,1,2,1.08603622,,,,,,,,,,,,16,1,2019_Aug_13_1452,FaceNameBlocked,3.0.0,59.97319402,
80,FacesBlock3_v2.xlsx,Olivia.mp4,Olivia.JPG,Olivia,35,Ոլիւիա,0,2,2,2,,,,,0,4,4,5,,,,,,,,,None,1,6.183851189,,,,,,16,1,2019_Aug_13_1452,FaceNameBlocked,3.0.0,59.97319402,
32,FacesBlock2_v2.xlsx,Rachel.mp4,Rachel.JPG,Rachel,29,Րագհէլ,0,1,1,1,0,1,1,14,,,,,,,1,2,1.869545741,,,,,,,,,,,,16,1,2019_Aug_13_1452,FaceNameBlocked,3.0.0,59.97319402,
47,FacesBlock2_v2.xlsx,Rachel.mp4,Rachel.JPG,Rachel,29,Րագհէլ,0,1,1,1,,,,,0,1,1,14,,,,,,,,,None,1,1.168412068,,,,,,16,1,2019_Aug_13_1452,FaceNameBlocked,3.0.0,59.97319402,
61,FacesBlock3_v2.xlsx,Rebecca.mp4,Rebecca.JPG,Rebecca,32,Րէբէգգա,0,2,2,2,0,0,0,2,,,,,,,1,2,2.052626152,,,,,,,,,,,,16,1,2019_Aug_13_1452,FaceNameBlocked,3.0.0,59.97319402,
90,FacesBlock3_v2.xlsx,Rebecca.mp4,Rebecca.JPG,Rebecca,32,Րէբէգգա,0,2,2,2,,,,,0,14,14,2,,,,,,,,,None,1,1.85151509,,,,,,16,1,2019_Aug_13_1452,FaceNameBlocked,3.0.0,59.97319402,
89,FacesBlock3_v2.xlsx,Sarah.mp4,Sarah.JPG,Sarah,33,Սարահ,0,2,2,2,,,,,0,13,13,3,,,,,,,,,None,1,1.851603366,,,,,,16,1,2019_Aug_13_1452,FaceNameBlocked,3.0.0,59.97319402,
75,FacesBlock3_v2.xlsx,Sarah.mp4,Sarah.JPG,Sarah,33,Սարահ,0,2,2,2,0,14,14,3,,,,,,,0,2,0.486413708,,,,,,,,,,,,16,1,2019_Aug_13_1452,FaceNameBlocked,3.0.0,59.97319402,
83,FacesBlock3_v2.xlsx,Shelby.mp4,Shelby.JPG,Shelby,36,Սհէլբե,0,2,2,2,,,,,0,7,7,6,,,,,,,,,None,1,2.667809644,,,,,,16,1,2019_Aug_13_1452,FaceNameBlocked,3.0.0,59.97319402,
73,FacesBlock3_v2.xlsx,Shelby.mp4,Shelby.JPG,Shelby,36,Սհէլբե,0,2,2,2,0,12,12,6,,,,,,,1,2,0.702164012,,,,,,,,,,,,16,1,2019_Aug_13_1452,FaceNameBlocked,3.0.0,59.97319402,
33,FacesBlock2_v2.xlsx,Steven.mp4,Steven.JPG,Steven,17,Սդէւէն,0,1,1,1,0,2,2,2,,,,,,,0,1,2.518324716,,,,,,,,,,,,16,1,2019_Aug_13_1452,FaceNameBlocked,3.0.0,59.97319402,
60,FacesBlock2_v2.xlsx,Steven.mp4,Steven.JPG,Steven,17,Սդէւէն,0,1,1,1,,,,,0,14,14,2,,,,,,,,,None,1,2.26847746,,,,,,16,1,2019_Aug_13_1452,FaceNameBlocked,3.0.0,59.97319402,
107,FacesBlock4_v2.xlsx,Taylor.mp4,Taylor.JPG,Taylor,45,Դաելոր,0,3,3,3,,,,,0,1,1,0,,,,,,,,taylor,"['t', 'y', 'l', 'backspace', 'backspace', 'a', 'y', 'l', 'o', 'r']",4,1.051836252,"[2.284552614990389, 2.465926586999558, 3.0841995300143026, 4.200189419992967, 4.483229086996289, 5.232859195995843, 5.383824738994008, 5.88310974300839, 6.583185399998911, 6.749111107987119]",[2.28455,2.28455,,,16,1,2019_Aug_13_1452,FaceNameBlocked,3.0.0,59.97319402,
92,FacesBlock4_v2.xlsx,Taylor.mp4,Taylor.JPG,Taylor,45,Դաելոր,0,3,3,3,0,1,1,0,,,,,,,1,2,1.269374531,,,,,,,,,,,,16,1,2019_Aug_13_1452,FaceNameBlocked,3.0.0,59.97319402,
72,FacesBlock3_v2.xlsx,Thomas.mp4,Thomas.JPG,Thomas,44,Դհոմաս,0,2,2,2,0,11,11,14,,,,,,,0,1,1.535968805,,,,,,,,,,,,16,1,2019_Aug_13_1452,FaceNameBlocked,3.0.0,59.97319402,
88,FacesBlock3_v2.xlsx,Thomas.mp4,Thomas.JPG,Thomas,44,Դհոմաս,0,2,2,2,,,,,0,12,12,14,,,,,,,,,None,1,1.734608096,,,,,,16,1,2019_Aug_13_1452,FaceNameBlocked,3.0.0,59.97319402,
17,FacesBlock1_v2.xlsx,Timothy.mp4,Timothy.JPG,Timothy,10,Դիմոդհե,0,0,0,0,,,,,0,1,1,10,,,,,,,,,None,1,1.868658979,,,,,,16,1,2019_Aug_13_1452,FaceNameBlocked,3.0.0,59.97319402,
9,FacesBlock1_v2.xlsx,Timothy.mp4,Timothy.JPG,Timothy,10,Դիմոդհե,0,0,0,0,0,8,8,10,,,,,,,1,1,1.003066314,,,,,,,,,,,,16,1,2019_Aug_13_1452,FaceNameBlocked,3.0.0,59.97319402,
37,FacesBlock2_v2.xlsx,Trevor.mp4,Trevor.JPG,Trevor,21,Դրէւոր,0,1,1,1,0,6,6,6,,,,,,,0,1,0.653014559,,,,,,,,,,,,16,1,2019_Aug_13_1452,FaceNameBlocked,3.0.0,59.97319402,
48,FacesBlock2_v2.xlsx,Trevor.mp4,Trevor.JPG,Trevor,21,Դրէւոր,0,1,1,1,,,,,0,2,2,6,,,,,,,,eric,"['e', 'r', 'i', 'c']",2,2.968021427,"[5.783756704011466, 5.966899338993244, 6.249361071008025, 6.549893677991349]",[5.78375,5.78375,,,16,1,2019_Aug_13_1452,FaceNameBlocked,3.0.0,59.97319402,
58,FacesBlock2_v2.xlsx,Tyler.mp4,Tyler.JPG,Tyler,22,Դելէր,0,1,1,1,,,,,0,12,12,7,,,,,,,,justin,"['j', 'u', 's', 't', 'i', 'n']",1,2.234320979,"[7.683097176020965, 7.9158008780214, 8.316160271002445, 8.799126277997857, 8.998496367014013, 9.182336994999787]",[7.68309,7.68309,,,16,1,2019_Aug_13_1452,FaceNameBlocked,3.0.0,59.97319402,
31,FacesBlock2_v2.xlsx,Tyler.mp4,Tyler.JPG,Tyler,22,Դելէր,0,1,1,1,0,0,0,7,,,,,,,0,1,3.335362052,,,,,,,,,,,,16,1,2019_Aug_13_1452,FaceNameBlocked,3.0.0,59.97319402,
0,,,,,,,,,,,,,,,,,,,space,367.1846823,,,,,,,,,,,,,,,16,1,2019_Aug_13_1452,FaceNameBlocked,3.0.0,59.97319402,
121,,,,,,,,,,,,,,,,,,,,,,,,,,,,,,,,,space,7.166581872,16,1,2019_Aug_13_1452,FaceNameBlocked,3.0.0,59.97319402,