,condsFile,Video,Photo,Name,Row,Name2,blocks.thisRepN,blocks.thisTrialN,blocks.thisN,blocks.thisIndex,presentations.thisRepN,presentations.thisTrialN,presentations.thisN,presentations.thisIndex,testing.thisRepN,testing.thisTrialN,testing.thisN,testing.thisIndex,advance_1.keys,advance_1.rt,currentCond,judgementResp.keys,judgementResp.rt,advance_2.keys,advance_2.rt,inputText,key_resp_3.keys,rating_resp.keys,rating_resp.rt,key_resp_3.rt,,key_resp3_fin,end_key.keys,end_key.rt,participant,session,date,expName,psychopyVersion,frameRate,Unnamed: 38
48,FacesBlock2_v2.xlsx,Aaron.mp4,Aaron.JPG,Aaron,18,Աարոն,0,1,1,1,,,,,0,2,2,3,,,,,,,,steven,"['s', 't', 'e', 'v', 'e', 'n']",3,0.584922451,"[4.38383231399348, 4.534093183989171, 5.40034637300414, 5.91661141399527, 6.098584377003135, 6.382928034989163]",[4.38383,4.38383,,,17,1,2019_Aug_13_1559,FaceNameBlocked,3.0.0,60.07702343,
39,FacesBlock2_v2.xlsx,Aaron.mp4,Aaron.JPG,Aaron,18,Աարոն,0,1,1,1,0,8,8,3,,,,,,,0,1,5.834292794,,,,,,,,,,,,17,1,2019_Aug_13_1559,FaceNameBlocked,3.0.0,60.07702343,
28,FacesBlock1_v2.xlsx,Adam.mp4,Adam.JPG,Adam,5,Ատամ,0,0,0,0,,,,,0,12,12,5,,,,,,,,,None,1,1.251911274,,,,,,17,1,2019_Aug_13_1559,FaceNameBlocked,3.0.0,60.07702343,
15,FacesBlock1_v2.xlsx,Adam.mp4,Adam.JPG,Adam,5,Ատամ,0,0,0,0,0,14,14,5,,,,,,,1,1,0.302186381,,,,,,,,,,,,17,1,2019_Aug_13_1559,FaceNameBlocked,3.0.0,60.07702343,
108,FacesBlock4_v2.xlsx,Alyssa.mp4,Alyssa.JPG,Alyssa,55,Ալեսսա,0,3,3,3,,,,,0,2,2,10,,,,,,,,emmaly,"['e', 'm', 'm', 'a', 'l', 'i', 'backspace', 'y']",4,0.652256704,"[2.3019343449850567, 2.6010466490115505, 2.8185166270122863, 3.6342005589976907, 4.384135700005572, 4.8672612459922675, 5.299675996007863, 5.798837147012819]",[2.30193,2.30193,,,17,1,2019_Aug_13_1559,FaceNameBlocked,3.0.0,60.07702343,
100,FacesBlock4_v2.xlsx,Alyssa.mp4,Alyssa.JPG,Alyssa,55,Ալեսսա,0,3,3,3,0,9,9,10,,,,,,,1,2,5.334170382,,,,,,,,,,,,17,1,2019_Aug_13_1559,FaceNameBlocked,3.0.0,60.07702343,
2,FacesBlock1_v2.xlsx,Amanda.mp4,Amanda.JPG,Amanda,2,Ամանտա,0,0,0,0,0,1,1,2,,,,,,,0,2,1.186777493,,,,,,,,,,,,17,1,2019_Aug_13_1559,FaceNameBlocked,3.0.0,60.07702343,
25,FacesBlock1_v2.xlsx,Amanda.mp4,Amanda.JPG,Amanda,2,Ամանտա,0,0,0,0,,,,,0,9,9,2,,,,,,,,,None,1,1.935038135,,,,,,17,1,2019_Aug_13_1559,FaceNameBlocked,3.0.0,60.07702343,
112,FacesBlock4_v2.xlsx,Andrew.mp4,Andrew.JPG,Andrew,51,Անտրէվ,0,3,3,3,,,,,0,6,6,6,,,,,,,,andrew,"['a', 'n', 'd', 'r', 'e', 'w']",4,0.351608643,"[2.5009804029832594, 2.9012758969911374, 3.1011484109913, 3.501086049975129, 3.734394559985958, 3.95036032499047]",[2.50098,2.50098,,,17,1,2019_Aug_13_1559,FaceNameBlocked,3.0.0,60.07702343,
101,FacesBlock4_v2.xlsx,Andrew.mp4,Andrew.JPG,Andrew,51,Անտրէվ,0,3,3,3,0,10,10,6,,,,,,,0,1,5.751205937,,,,,,,,,,,,17,1,2019_Aug_13_1559,FaceNameBlocked,3.0.0,60.07702343,
104,FacesBlock4_v2.xlsx,Anna.mp4,Anna.JPG,Anna,47,Աննա,0,3,3,3,0,13,13,2,,,,,,,1,2,5.352075619,,,,,,,,,,,,17,1,2019_Aug_13_1559,FaceNameBlocked,3.0.0,60.07702343,
113,FacesBlock4_v2.xlsx,Anna.mp4,Anna.JPG,Anna,47,Աննա,0,3,3,3,,,,,0,7,7,2,,,,,,,,t,['t'],1,1.568033153,[9.499473572999705],[9.49947,9.49947,,,17,1,2019_Aug_13_1559,FaceNameBlocked,3.0.0,60.07702343,
57,FacesBlock2_v2.xlsx,Ashley.mp4,Ashley.JPG,Ashley,24,Ասհլէե,0,1,1,1,,,,,0,11,11,9,,,,,,,,,None,1,0.701962241,,,,,,17,1,2019_Aug_13_1559,FaceNameBlocked,3.0.0,60.07702343,
33,FacesBlock2_v2.xlsx,Ashley.mp4,Ashley.JPG,Ashley,24,Ասհլէե,0,1,1,1,0,2,2,9,,,,,,,0,2,5.800807041,,,,,,,,,,,,17,1,2019_Aug_13_1559,FaceNameBlocked,3.0.0,60.07702343,
19,FacesBlock1_v2.xlsx,Bradley.mp4,Bradley.JPG,Bradley,14,Բրատլէե,0,0,0,0,,,,,0,3,3,14,,,,,,,,eric,"['e', 'r', 'i', 'c']",2,2.767433248,"[4.066942934994586, 4.333770763012581, 4.517241507011931, 4.70002379201469]",[4.06694,4.06694,,,17,1,2019_Aug_13_1559,FaceNameBlocked,3.0.0,60.07702343,
14,FacesBlock1_v2.xlsx,Bradley.mp4,Bradley.JPG,Bradley,14,Բրատլէե,0,0,0,0,0,13,13,14,,,,,,,1,1,0.333443542,,,,,,,,,,,,17,1,2019_Aug_13_1559,FaceNameBlocked,3.0.0,60.07702343,
94,FacesBlock4_v2.xlsx,Brandon.mp4,Brandon.JPG,Brandon,56,Բրանտոն,0,3,3,3,0,3,3,11,,,,,,,0,1,6.683665435,,,,,,,,,,,,17,1,2019_Aug_13_1559,FaceNameBlocked,3.0.0,60.07702343,
107,FacesBlock4_v2.xlsx,Brandon.mp4,Brandon.JPG,Brandon,56,Բրանտոն,0,3,3,3,,,,,0,1,1,11,,,,,,,,micheal,"['m', 'i', 'c', 'h', 'e', 'a', 'l']",3,3.149203253,"[4.1345129840192385, 4.417446250008652, 5.000808052020147, 5.24966806001612, 6.11693460601964, 6.4329743630078156, 6.716226150019793]",[4.13451,4.13451,,,17,1,2019_Aug_13_1559,FaceNameBlocked,3.0.0,60.07702343,
116,FacesBlock4_v2.xlsx,Brian.mp4,Brian.JPG,Brian,53,Բրիան,0,3,3,3,,,,,0,10,10,8,,,,,,,,brain,"['b', 'r', 'a', 'i', 'n']",4,2.801925276,"[1.5019234889768995, 2.2509840019920375, 2.5681060279894155, 2.6183441059838515, 2.851035649975529]",[1.50192,1.50192,,,17,1,2019_Aug_13_1559,FaceNameBlocked,3.0.0,60.07702343,
99,FacesBlock4_v2.xlsx,Brian.mp4,Brian.JPG,Brian,53,Բրիան,0,3,3,3,0,8,8,8,,,,,,,0,1,10.53285674,,,,,,,,,,,,17,1,2019_Aug_13_1559,FaceNameBlocked,3.0.0,60.07702343,
117,FacesBlock4_v2.xlsx,Brianna.mp4,Brianna.JPG,Brianna,48,Բրիաննա,0,3,3,3,,,,,0,11,11,3,,,,,,,,brari,"['a', 'n', 'n', 'backspace', 'backspace', 'backspace', 'backspace', 'backspace', 'b', 'r', 'a', 'r', 'i']",4,1.534721204,"[5.484082898008637, 5.600199559994508, 5.867311005014926, 6.8493221389944665, 7.0162212070135865, 7.182638591999421, 7.29947841601097, 7.432752900000196, 7.833372888009762, 8.116557927016402, 8.382780838001054, 9.732981706998544, 9.899107783014188]",[5.48408,5.48408,,,17,1,2019_Aug_13_1559,FaceNameBlocked,3.0.0,60.07702343,
98,FacesBlock4_v2.xlsx,Brianna.mp4,Brianna.JPG,Brianna,48,Բրիաննա,0,3,3,3,0,7,7,3,,,,,,,0,2,93.23885795,,,,,,,,,,,,17,1,2019_Aug_13_1559,FaceNameBlocked,3.0.0,60.07702343,
59,FacesBlock2_v2.xlsx,Brittany.mp4,Brittany.JPG,Brittany,28,Բրիդդանե,0,1,1,1,,,,,0,13,13,13,,,,,,,,,None,1,1.235237814,,,,,,17,1,2019_Aug_13_1559,FaceNameBlocked,3.0.0,60.07702343,
43,FacesBlock2_v2.xlsx,Brittany.mp4,Brittany.JPG,Brittany,28,Բրիդդանե,0,1,1,1,0,12,12,13,,,,,,,1,2,2.136507297,,,,,,,,,,,,17,1,2019_Aug_13_1559,FaceNameBlocked,3.0.0,60.07702343,
103,FacesBlock4_v2.xlsx,Caleb.mp4,Caleb.JPG,Caleb,59,Գալէբ,0,3,3,3,0,12,12,14,,,,,,,1,2,60.61684106,,,,,,,,,,,,17,1,2019_Aug_13_1559,FaceNameBlocked,3.0.0,60.07702343,
115,FacesBlock4_v2.xlsx,Caleb.mp4,Caleb.JPG,Caleb,59,Գալէբ,0,3,3,3,,,,,0,9,9,14,,,,,,,,,None,1,2.051324863,,,,,,17,1,2019_Aug_13_1559,FaceNameBlocked,3.0.0,60.07702343,
53,FacesBlock2_v2.xlsx,Cody.mp4,Cody.JPG,Cody,23,Գոտե,0,1,1,1,,,,,0,7,7,8,,,,,,,,cody,"['c', 'o', 'd', 'y']",4,0.685562077,"[1.48451597901294, 1.7176647310261615, 1.8513634710106999, 2.4512889010075014]",[1.48451,1.48451,,,17,1,2019_Aug_13_1559,FaceNameBlocked,3.0.0,60.07702343,
37,FacesBlock2_v2.xlsx,Cody.mp4,Cody.JPG,Cody,23,Գոտե,0,1,1,1,0,6,6,8,,,,,,,0,1,2.516342843,,,,,,,,,,,,17,1,2019_Aug_13_1559,FaceNameBlocked,3.0.0,60.07702343,
82,FacesBlock3_v2.xlsx,Courtney.mp4,Courtney.JPG,Courtney,42,Գոըրդնէե,0,2,2,2,,,,,0,6,6,12,,,,,,,,lora,"['l', 'o', 'r', 'a']",2,1.001523458,"[4.050932415993884, 4.316701030998956, 4.6006150389730465, 4.933645560988225]",[4.05093,4.05093,,,17,1,2019_Aug_13_1559,FaceNameBlocked,3.0.0,60.07702343,
69,FacesBlock3_v2.xlsx,Courtney.mp4,Courtney.JPG,Courtney,42,Գոըրդնէե,0,2,2,2,0,8,8,12,,,,,,,1,2,12.56565186,,,,,,,,,,,,17,1,2019_Aug_13_1559,FaceNameBlocked,3.0.0,60.07702343,
89,FacesBlock3_v2.xlsx,Daniel.mp4,Daniel.JPG,Daniel,30,Տանիէլ,0,2,2,2,,,,,0,13,13,0,,,,,,,,noah,"['n', 'o', 'a', 'h']",4,0.368800664,"[3.3659702339791693, 3.618190863984637, 3.9182700389937963, 4.067394234996755]",[3.36597,3.36597,,,17,1,2019_Aug_13_1559,FaceNameBlocked,3.0.0,60.07702343,
65,FacesBlock3_v2.xlsx,Daniel.mp4,Daniel.JPG,Daniel,30,Տանիէլ,0,2,2,2,0,4,4,0,,,,,,,0,1,17.88095943,,,,,,,,,,,,17,1,2019_Aug_13_1559,FaceNameBlocked,3.0.0,60.07702343,
21,FacesBlock1_v2.xlsx,Danielle.mp4,Danielle.JPG,Danielle,3,Տանիէլլէ,0,0,0,0,,,,,0,5,5,3,,,,,,,,,None,2,1.135334296,,,,,,17,1,2019_Aug_13_1559,FaceNameBlocked,3.0.0,60.07702343,
13,FacesBlock1_v2.xlsx,Danielle.mp4,Danielle.JPG,Danielle,3,Տանիէլլէ,0,0,0,0,0,12,12,3,,,,,,,0,2,0.33712678,,,,,,,,,,,,17,1,2019_Aug_13_1559,FaceNameBlocked,3.0.0,60.07702343,
47,FacesBlock2_v2.xlsx,David.mp4,David.JPG,David,16,Տաւիտ,0,1,1,1,,,,,0,1,1,1,,,,,,,,travor,"['t', 'r', 'a', 'v', 'o', 'r']",4,0.618322892,"[3.2341254389903042, 3.5505521609738935, 3.9156767939857673, 4.25062489398988, 4.93355191097362, 5.133832341991365]",[3.23412,3.23412,,,17,1,2019_Aug_13_1559,FaceNameBlocked,3.0.0,60.07702343,
31,FacesBlock2_v2.xlsx,David.mp4,David.JPG,David,16,Տաւիտ,0,1,1,1,0,0,0,1,,,,,,,1,1,3.635000564,,,,,,,,,,,,17,1,2019_Aug_13_1559,FaceNameBlocked,3.0.0,60.07702343,
91,FacesBlock4_v2.xlsx,Dylan.mp4,Dylan.JPG,Dylan,50,Տելան,0,3,3,3,0,0,0,5,,,,,,,0,1,10.91621468,,,,,,,,,,,,17,1,2019_Aug_13_1559,FaceNameBlocked,3.0.0,60.07702343,
120,FacesBlock4_v2.xlsx,Dylan.mp4,Dylan.JPG,Dylan,50,Տելան,0,3,3,3,,,,,0,14,14,5,,,,,,,,m,['m'],1,1.73488567,[9.883071929012658],[9.88307,9.88307,,,17,1,2019_Aug_13_1559,FaceNameBlocked,3.0.0,60.07702343,
95,FacesBlock4_v2.xlsx,Emily.mp4,Emily.JPG,Emily,57,Էմիլե,0,3,3,3,0,4,4,12,,,,,,,1,2,16.16457329,,,,,,,,,,,,17,1,2019_Aug_13_1559,FaceNameBlocked,3.0.0,60.07702343,
111,FacesBlock4_v2.xlsx,Emily.mp4,Emily.JPG,Emily,57,Էմիլե,0,3,3,3,,,,,0,5,5,12,,,,,,,,anna,"['k', 'backspace', 'k', 'a', 'l', 'backspace', 'backspace', 'backspace', 'a', 'n', 'e', 'n', 'backspace', 'backspace', 'n', 'a']",2,2.434765469,"[4.717958791006822, 5.750323239015415, 6.13419858601992, 6.350301041005878, 6.717038088012487, 7.299706310004694, 7.482386949006468, 7.648286630021175, 7.816942258999916, 7.966575680009555, 8.13329224800691, 8.16629768902203, 8.449569192016497, 8.632206920010503, 8.849880156019935, 9.166406331001781]",[4.71795,4.71795,,,17,1,2019_Aug_13_1559,FaceNameBlocked,3.0.0,60.07702343,
29,FacesBlock1_v2.xlsx,Eric.mp4,Eric.JPG,Eric,0,Էրիգ,0,0,0,0,,,,,0,13,13,0,,,,,,,,,None,1,0.835335705,,,,,,17,1,2019_Aug_13_1559,FaceNameBlocked,3.0.0,60.07702343,
6,FacesBlock1_v2.xlsx,Eric.mp4,Eric.JPG,Eric,0,Էրիգ,0,0,0,0,0,5,5,0,,,,,,,1,1,0.419392234,,,,,,,,,,,,17,1,2019_Aug_13_1559,FaceNameBlocked,3.0.0,60.07702343,
1,FacesBlock1_v2.xlsx,Ethan.mp4,Ethan.JPG,Ethan,11,Էդհան,0,0,0,0,0,0,0,11,,,,,,,0,1,1.635976103,,,,,,,,,,,,17,1,2019_Aug_13_1559,FaceNameBlocked,3.0.0,60.07702343,
26,FacesBlock1_v2.xlsx,Ethan.mp4,Ethan.JPG,Ethan,11,Էդհան,0,0,0,0,,,,,0,10,10,11,,,,,,,,,None,1,1.218843742,,,,,,17,1,2019_Aug_13_1559,FaceNameBlocked,3.0.0,60.07702343,
109,FacesBlock4_v2.xlsx,Grace.mp4,Grace.JPG,Grace,58,Կրագէ,0,3,3,3,,,,,0,3,3,13,,,,,,,,grace,"['g', 'r', 'a', 'c', 'e']",4,0.285798946,"[3.001320582028711, 3.3006471510161646, 3.6340853000001516, 3.850995591026731, 3.9336263240256812]",[3.00132,3.00132,,,17,1,2019_Aug_13_1559,FaceNameBlocked,3.0.0,60.07702343,
105,FacesBlock4_v2.xlsx,Grace.mp4,Grace.JPG,Grace,58,Կրագէ,0,3,3,3,0,14,14,13,,,,,,,1,2,4.435088581,,,,,,,,,,,,17,1,2019_Aug_13_1559,FaceNameBlocked,3.0.0,60.07702343,
41,FacesBlock2_v2.xlsx,Haley.mp4,Haley.JPG,Haley,20,Հալէե,0,1,1,1,0,10,10,5,,,,,,,1,2,5.651269365,,,,,,,,,,,,17,1,2019_Aug_13_1559,FaceNameBlocked,3.0.0,60.07702343,
51,FacesBlock2_v2.xlsx,Haley.mp4,Haley.JPG,Haley,20,Հալէե,0,1,1,1,,,,,0,5,5,5,,,,,,,,megan,"['m', 'e', 'g', 'a', 'n']",1,1.752054583,"[1.6332017759850714, 1.8682666389795486, 2.118155389005551, 2.53468524600612, 2.6341368870052975]",[1.63320,1.63320,,,17,1,2019_Aug_13_1559,FaceNameBlocked,3.0.0,60.07702343,
11,FacesBlock1_v2.xlsx,Hannah.mp4,Hannah.JPG,Hannah,1,Հաննահ,0,0,0,0,0,10,10,1,,,,,,,0,2,0.253156786,,,,,,,,,,,,17,1,2019_Aug_13_1559,FaceNameBlocked,3.0.0,60.07702343,
16,FacesBlock1_v2.xlsx,Hannah.mp4,Hannah.JPG,Hannah,1,Հաննահ,0,0,0,0,,,,,0,0,0,1,,,,,,space,45.15408247,,None,1,4.867587203,,,,,,17,1,2019_Aug_13_1559,FaceNameBlocked,3.0.0,60.07702343,
60,FacesBlock2_v2.xlsx,Heather.mp4,Heather.JPG,Heather,26,Հէադհէր,0,1,1,1,,,,,0,14,14,11,,,,,,,,hali,"['h', 'a', 'l', 'i']",3,2.19950094,"[4.033274247020017, 4.316729611018673, 4.517304523993516, 4.683990513003664]",[4.03327,4.03327,,,17,1,2019_Aug_13_1559,FaceNameBlocked,3.0.0,60.07702343,
45,FacesBlock2_v2.xlsx,Heather.mp4,Heather.JPG,Heather,26,Հէադհէր,0,1,1,1,0,14,14,11,,,,,,,1,2,5.800114268,,,,,,,,,,,,17,1,2019_Aug_13_1559,FaceNameBlocked,3.0.0,60.07702343,
63,FacesBlock3_v2.xlsx,Jacob.mp4,Jacob.JPG,Jacob,39,Ճագոբ,0,2,2,2,0,2,2,9,,,,,,,0,1,32.82557964,,,,,,,,,,,,17,1,2019_Aug_13_1559,FaceNameBlocked,3.0.0,60.07702343,
86,FacesBlock3_v2.xlsx,Jacob.mp4,Jacob.JPG,Jacob,39,Ճագոբ,0,2,2,2,,,,,0,10,10,9,,,,,,,,mathen,"['m', 'a', 't', 'h', 'e', 'n']",2,4.284371471,"[5.666958585003158, 5.800319694011705, 6.433160910004517, 7.499949780991301, 7.7162678460008465, 7.949577577004675]",[5.66695,5.66695,,,17,1,2019_Aug_13_1559,FaceNameBlocked,3.0.0,60.07702343,
93,FacesBlock4_v2.xlsx,Jason.mp4,Jason.JPG,Jason,49,Ճասոն,0,3,3,3,0,2,2,4,,,,,,,1,1,11.49966146,,,,,,,,,,,,17,1,2019_Aug_13_1559,FaceNameBlocked,3.0.0,60.07702343,
106,FacesBlock4_v2.xlsx,Jason.mp4,Jason.JPG,Jason,49,Ճասոն,0,3,3,3,,,,,0,0,0,4,,,,,,space,3.532839509,d,"['d', 'a', 'l', 'o', 'backspace', 'backspace', 'l', 'o', 'n', 'backspace', 'backspace', 'backspace', 'backspace']",2,2.2847626,"[5.86635073000798, 6.1001845890132245, 6.383420705009485, 6.8666379490168765, 7.215380878013093, 7.482488880021265, 8.099215072026709, 8.432876122009475, 8.766218484001001, 9.265403279016027, 9.498577671009116, 9.681652750005014, 9.86501361601404]",[5.86635,5.86635,,,17,1,2019_Aug_13_1559,FaceNameBlocked,3.0.0,60.07702343,
18,FacesBlock1_v2.xlsx,Jenna.mp4,Jenna.JPG,Jenna,6,Ճէննա,0,0,0,0,,,,,0,2,2,6,,,,,,,,,None,1,0.86833418,,,,,,17,1,2019_Aug_13_1559,FaceNameBlocked,3.0.0,60.07702343,
3,FacesBlock1_v2.xlsx,Jenna.mp4,Jenna.JPG,Jenna,6,Ճէննա,0,0,0,0,0,2,2,6,,,,,,,0,2,0.885685864,,,,,,,,,,,,17,1,2019_Aug_13_1559,FaceNameBlocked,3.0.0,60.07702343,
49,FacesBlock2_v2.xlsx,Jeremy.mp4,Jeremy.JPG,Jeremy,15,Ճէրէմե,0,1,1,1,,,,,0,3,3,0,,,,,,,,justin,"['j', 'u', 's', 't', 'i', 'n']",1,2.300643015,"[3.5329478819912765, 3.7516385759809054, 3.9178777640045155, 4.334736128977966, 4.750919093989069, 4.96785761899082]",[3.53294,3.53294,,,17,1,2019_Aug_13_1559,FaceNameBlocked,3.0.0,60.07702343,
34,FacesBlock2_v2.xlsx,Jeremy.mp4,Jeremy.JPG,Jeremy,15,Ճէրէմե,0,1,1,1,0,3,3,0,,,,,,,1,1,10.36687327,,,,,,,,,,,,17,1,2019_Aug_13_1559,FaceNameBlocked,3.0.0,60.07702343,
20,FacesBlock1_v2.xlsx,Jessica.mp4,Jessica.JPG,Jessica,8,Ճէսսիգա,0,0,0,0,,,,,0,4,4,8,,,,,,,,jassica,"['j', 'a', 's', 's', 'i', 'c', 'a']",2,0.999745648,"[2.818096669012448, 3.0684822979965247, 3.4685964589880314, 3.6677422570064664, 4.051233172009233, 4.201323501009028, 4.551237355015473]",[2.81809,2.81809,,,17,1,2019_Aug_13_1559,FaceNameBlocked,3.0.0,60.07702343,
10,FacesBlock1_v2.xlsx,Jessica.mp4,Jessica.JPG,Jessica,8,Ճէսսիգա,0,0,0,0,0,9,9,8,,,,,,,1,2,0.103211442,,,,,,,,,,,,17,1,2019_Aug_13_1559,FaceNameBlocked,3.0.0,60.07702343,
50,FacesBlock2_v2.xlsx,Josh.mp4,Josh.JPG,Josh,19,Ճոսհ,0,1,1,1,,,,,0,4,4,4,,,,,,,,,None,1,1.285270472,,,,,,17,1,2019_Aug_13_1559,FaceNameBlocked,3.0.0,60.07702343,
36,FacesBlock2_v2.xlsx,Josh.mp4,Josh.JPG,Josh,19,Ճոսհ,0,1,1,1,0,5,5,4,,,,,,,1,1,2.934770829,,,,,,,,,,,,17,1,2019_Aug_13_1559,FaceNameBlocked,3.0.0,60.07702343,
23,FacesBlock1_v2.xlsx,Julia.mp4,Julia.JPG,Julia,13,Ճըլիա,0,0,0,0,,,,,0,7,7,13,,,,,,,,,None,1,0.418534903,,,,,,17,1,2019_Aug_13_1559,FaceNameBlocked,3.0.0,60.07702343,
5,FacesBlock1_v2.xlsx,Julia.mp4,Julia.JPG,Julia,13,Ճըլիա,0,0,0,0,0,4,4,13,,,,,,,1,2,0.636526524,,,,,,,,,,,,17,1,2019_Aug_13_1559,FaceNameBlocked,3.0.0,60.07702343,
38,FacesBlock2_v2.xlsx,Justin.mp4,Justin.JPG,Justin,27,Ճըսդին,0,1,1,1,0,7,7,12,,,,,,,0,1,3.485236728,,,,,,,,,,,,17,1,2019_Aug_13_1559,FaceNameBlocked,3.0.0,60.07702343,
46,FacesBlock2_v2.xlsx,Justin.mp4,Justin.JPG,Justin,27,Ճըսդին,0,1,1,1,,,,,0,0,0,12,,,,,,space,4.750550523,damon,"['m', 'a', 'n', 'backspace', 'backspace', 'backspace', 'backspace', 'd', 'a', 'm', 'o', 'n']",4,1.902436773,"[2.134564270003466, 2.417799307993846, 2.8843934329925105, 3.1834575599932577, 3.7668024279992096, 4.000026074994821, 4.116006027994445, 4.14888180498383, 4.383883698988939, 4.7837063769984525, 4.933609651983716, 5.099913084006403]",[2.13456,2.13456,,,17,1,2019_Aug_13_1559,FaceNameBlocked,3.0.0,60.07702343,
119,FacesBlock4_v2.xlsx,Katie.mp4,Katie.JPG,Katie,54,Քադիէ,0,3,3,3,,,,,0,13,13,9,,,,,,,,kaley,"['k', 'a', 'l', 'e', 'y']",4,0.252229711,"[1.269133409979986, 2.3025850800040644, 2.4188782519777305, 3.269026430993108, 3.3686529340047855]",[1.26913,1.26913,,,17,1,2019_Aug_13_1559,FaceNameBlocked,3.0.0,60.07702343,
96,FacesBlock4_v2.xlsx,Katie.mp4,Katie.JPG,Katie,54,Քադիէ,0,3,3,3,0,5,5,9,,,,,,,0,2,5.33406609,,,,,,,,,,,,17,1,2019_Aug_13_1559,FaceNameBlocked,3.0.0,60.07702343,
72,FacesBlock3_v2.xlsx,Kayla.mp4,Kayla.JPG,Kayla,34,Սարահ,0,2,2,2,0,11,11,4,,,,,,,0,2,6.034029241,,,,,,,,,,,,17,1,2019_Aug_13_1559,FaceNameBlocked,3.0.0,60.07702343,
83,FacesBlock3_v2.xlsx,Kayla.mp4,Kayla.JPG,Kayla,34,Սարահ,0,2,2,2,,,,,0,7,7,4,,,,,,,,lora,"['l', 'o', 'r', 'a']",3,1.318481793,"[3.1007959219859913, 3.3345610779942945, 3.7678415139962453, 4.217768764006905]",[3.10079,3.10079,,,17,1,2019_Aug_13_1559,FaceNameBlocked,3.0.0,60.07702343,
8,FacesBlock1_v2.xlsx,Kelsey.mp4,Kelsey.JPG,Kelsey,12,Քէլսէե,0,0,0,0,0,7,7,12,,,,,,,0,2,0.719281953,,,,,,,,,,,,17,1,2019_Aug_13_1559,FaceNameBlocked,3.0.0,60.07702343,
17,FacesBlock1_v2.xlsx,Kelsey.mp4,Kelsey.JPG,Kelsey,12,Քէլսէե,0,0,0,0,,,,,0,1,1,12,,,,,,,,,None,1,2.201161088,,,,,,17,1,2019_Aug_13_1559,FaceNameBlocked,3.0.0,60.07702343,
70,FacesBlock3_v2.xlsx,Kevin.mp4,Kevin.JPG,Kevin,41,Քէւին,0,2,2,2,0,9,9,11,,,,,,,0,2,55.56880394,,,,,,,,,,,,17,1,2019_Aug_13_1559,FaceNameBlocked,3.0.0,60.07702343,
76,FacesBlock3_v2.xlsx,Kevin.mp4,Kevin.JPG,Kevin,41,Քէւին,0,2,2,2,,,,,0,0,0,11,,,,,,space,3.984129196,kevin,"['k', 'e', 'v', 'i', 'n']",4,0.452152565,"[2.5684728650085162, 2.7356464639888145, 3.235409156011883, 3.385178439988522, 3.6017445210018195]",[2.56847,2.56847,,,17,1,2019_Aug_13_1559,FaceNameBlocked,3.0.0,60.07702343,
7,FacesBlock1_v2.xlsx,Kyle.mp4,Kyle.JPG,Kyle,4,Քելէ,0,0,0,0,0,6,6,4,,,,,,,1,1,0.536104672,,,,,,,,,,,,17,1,2019_Aug_13_1559,FaceNameBlocked,3.0.0,60.07702343,
27,FacesBlock1_v2.xlsx,Kyle.mp4,Kyle.JPG,Kyle,4,Քելէ,0,0,0,0,,,,,0,11,11,4,,,,,,,,,None,1,1.585133563,,,,,,17,1,2019_Aug_13_1559,FaceNameBlocked,3.0.0,60.07702343,
88,FacesBlock3_v2.xlsx,Lauren.mp4,Lauren.JPG,Lauren,38,Լաըրէն,0,2,2,2,,,,,0,12,12,8,,,,,,,,lora,"['l', 'o', 'e', 'backspace', 'r', 'a']",3,0.250518668,"[2.269092905014986, 2.485324031993514, 2.7016204230021685, 3.0844184840098023, 3.185449080017861, 3.5018802150152624]",[2.26909,2.26909,,,17,1,2019_Aug_13_1559,FaceNameBlocked,3.0.0,60.07702343,
66,FacesBlock3_v2.xlsx,Lauren.mp4,Lauren.JPG,Lauren,38,Լաըրէն,0,2,2,2,0,5,5,8,,,,,,,1,2,81.1427686,,,,,,,,,,,,17,1,2019_Aug_13_1559,FaceNameBlocked,3.0.0,60.07702343,
79,FacesBlock3_v2.xlsx,Mark.mp4,Mark.JPG,Mark,40,Մարք,0,2,2,2,,,,,0,3,3,10,,,,,,,,mark,"['m', 'a', 'r', 'k']",4,0.452248635,"[1.968714918999467, 2.10253590499633, 2.3688242299831472, 2.852312406990677]",[1.96871,1.96871,,,17,1,2019_Aug_13_1559,FaceNameBlocked,3.0.0,60.07702343,
74,FacesBlock3_v2.xlsx,Mark.mp4,Mark.JPG,Mark,40,Մարք,0,2,2,2,0,13,13,10,,,,,,,0,1,16.46448433,,,,,,,,,,,,17,1,2019_Aug_13_1559,FaceNameBlocked,3.0.0,60.07702343,
9,FacesBlock1_v2.xlsx,Matthew.mp4,Matthew.JPG,Matthew,9,Մադդհէվ,0,0,0,0,0,8,8,9,,,,,,,1,1,0.48668135,,,,,,,,,,,,17,1,2019_Aug_13_1559,FaceNameBlocked,3.0.0,60.07702343,
24,FacesBlock1_v2.xlsx,Matthew.mp4,Matthew.JPG,Matthew,9,Մադդհէվ,0,0,0,0,,,,,0,8,8,9,,,,,,,,eric,"['e', 'i', 'backspace', 'r', 'i', 'c']",3,1.218678812,"[2.785402029985562, 3.084842182986904, 4.284224817005452, 4.618115703982767, 4.818193130980944, 5.001674925995758]",[2.78540,2.78540,,,17,1,2019_Aug_13_1559,FaceNameBlocked,3.0.0,60.07702343,
55,FacesBlock2_v2.xlsx,Megan.mp4,Megan.JPG,Megan,25,Մէկան,0,1,1,1,,,,,0,9,9,10,,,,,,,,megan,"['m', 'e', 'g', 'a', 'n']",4,1.268556496,"[3.135229926003376, 3.318292065989226, 4.451702058984665, 4.600807568000164, 4.734414745995309]",[3.13522,3.13522,,,17,1,2019_Aug_13_1559,FaceNameBlocked,3.0.0,60.07702343,
40,FacesBlock2_v2.xlsx,Megan.mp4,Megan.JPG,Megan,25,Մէկան,0,1,1,1,0,9,9,10,,,,,,,0,2,3.051885555,,,,,,,,,,,,17,1,2019_Aug_13_1559,FaceNameBlocked,3.0.0,60.07702343,
110,FacesBlock4_v2.xlsx,Michael.mp4,Michael.JPG,Michael,46,Միգհաէլ,0,3,3,3,,,,,0,4,4,1,,,,,,,,b,['b'],1,2.284886832,[8.699392400012584],[8.69939,8.69939,,,17,1,2019_Aug_13_1559,FaceNameBlocked,3.0.0,60.07702343,
92,FacesBlock4_v2.xlsx,Michael.mp4,Michael.JPG,Michael,46,Միգհաէլ,0,3,3,3,0,1,1,1,,,,,,,0,1,7.814621548,,,,,,,,,,,,17,1,2019_Aug_13_1559,FaceNameBlocked,3.0.0,60.07702343,
102,FacesBlock4_v2.xlsx,Michelle.mp4,Michelle.JPG,Michelle,52,Միգհէլլէ,0,3,3,3,0,11,11,7,,,,,,,1,2,11.74874895,,,,,,,,,,,,17,1,2019_Aug_13_1559,FaceNameBlocked,3.0.0,60.07702343,
118,FacesBlock4_v2.xlsx,Michelle.mp4,Michelle.JPG,Michelle,52,Միգհէլլէ,0,3,3,3,,,,,0,12,12,7,,,,,,,,,"['l', 'a', 's', 'a', 'backspace', 'backspace', 'backspace', 'backspace']",3,3.283267784,"[7.7333417759800795, 7.8502717409865, 8.100033180991886, 8.332890725985635, 9.26460821297951, 9.415547686978243, 9.581664254976204, 9.680492263985798]",[7.73334,7.73334,,,17,1,2019_Aug_13_1559,FaceNameBlocked,3.0.0,60.07702343,
22,FacesBlock1_v2.xlsx,Natalie.mp4,Natalie.JPG,Natalie,7,Նադալիէ,0,0,0,0,,,,,0,6,6,7,,,,,,,,,None,1,0.619057035,,,,,,17,1,2019_Aug_13_1559,FaceNameBlocked,3.0.0,60.07702343,
12,FacesBlock1_v2.xlsx,Natalie.mp4,Natalie.JPG,Natalie,7,Նադալիէ,0,0,0,0,0,11,11,7,,,,,,,0,2,0.50282882,,,,,,,,,,,,17,1,2019_Aug_13_1559,FaceNameBlocked,3.0.0,60.07702343,
62,FacesBlock3_v2.xlsx,Nathan.mp4,Nathan.JPG,Nathan,37,Նադհան,0,2,2,2,0,1,1,7,,,,,,,1,1,9.449654607,,,,,,,,,,,,17,1,2019_Aug_13_1559,FaceNameBlocked,3.0.0,60.07702343,
90,FacesBlock3_v2.xlsx,Nathan.mp4,Nathan.JPG,Nathan,37,Նադհան,0,2,2,2,,,,,0,14,14,7,,,,,,,,tomason,"['t', 'o', 'm', 'a', 's', 'i', 'n', 'equal', 'backspace', 'equal', 'backspace', 'o', 'n']",4,4.868124355,"[5.1514459130121395, 5.551548838993767, 5.783808356994996, 5.934443567995913, 6.600871027010726, 6.68433392100269, 6.933325700985733, 7.25098174699815, 7.433719461987494, 7.4548437600024045, 7.850135604006937, 8.16626921200077, 8.383191397006158]",[5.15144,5.15144,,,17,1,2019_Aug_13_1559,FaceNameBlocked,3.0.0,60.07702343,
71,FacesBlock3_v2.xlsx,Nicole.mp4,Nicole.JPG,Nicole,43,Նիգոլէ,0,2,2,2,0,10,10,13,,,,,,,1,2,3.118733245,,,,,,,,,,,,17,1,2019_Aug_13_1559,FaceNameBlocked,3.0.0,60.07702343,
84,FacesBlock3_v2.xlsx,Nicole.mp4,Nicole.JPG,Nicole,43,Նիգոլէ,0,2,2,2,,,,,0,8,8,13,,,,,,,,,None,1,0.319133461,,,,,,17,1,2019_Aug_13_1559,FaceNameBlocked,3.0.0,60.07702343,
77,FacesBlock3_v2.xlsx,Noah.mp4,Noah.JPG,Noah,31,Նոահ,0,2,2,2,,,,,0,1,1,1,,,,,,,,jacob,"['j', 'a', 'c', 'o', 'b']",2,0.351266497,"[4.134285887004808, 4.867031725007109, 5.283720284991432, 6.149474953010213, 6.649452540994389]",[4.13428,4.13428,,,17,1,2019_Aug_13_1559,FaceNameBlocked,3.0.0,60.07702343,
61,FacesBlock3_v2.xlsx,Noah.mp4,Noah.JPG,Noah,31,Նոահ,0,2,2,2,0,0,0,1,,,,,,,0,1,8.316968945,,,,,,,,,,,,17,1,2019_Aug_13_1559,FaceNameBlocked,3.0.0,60.07702343,
73,FacesBlock3_v2.xlsx,Olivia.mp4,Olivia.JPG,Olivia,35,Ոլիւիա,0,2,2,2,0,12,12,5,,,,,,,1,2,4.985149029,,,,,,,,,,,,17,1,2019_Aug_13_1559,FaceNameBlocked,3.0.0,60.07702343,
78,FacesBlock3_v2.xlsx,Olivia.mp4,Olivia.JPG,Olivia,35,Ոլիւիա,0,2,2,2,,,,,0,2,2,5,,,,,,,,luvia,"['l', 'u', 'v', 'i', 'a']",4,0.302359018,"[2.0686096150020603, 2.401000641984865, 2.88471911198576, 3.300813570007449, 3.9677294889988843]",[2.06860,2.06860,,,17,1,2019_Aug_13_1559,FaceNameBlocked,3.0.0,60.07702343,
58,FacesBlock2_v2.xlsx,Rachel.mp4,Rachel.JPG,Rachel,29,Րագհէլ,0,1,1,1,,,,,0,12,12,14,,,,,,,,,None,1,1.168444522,,,,,,17,1,2019_Aug_13_1559,FaceNameBlocked,3.0.0,60.07702343,
42,FacesBlock2_v2.xlsx,Rachel.mp4,Rachel.JPG,Rachel,29,Րագհէլ,0,1,1,1,0,11,11,14,,,,,,,0,2,4.20070096,,,,,,,,,,,,17,1,2019_Aug_13_1559,FaceNameBlocked,3.0.0,60.07702343,
68,FacesBlock3_v2.xlsx,Rebecca.mp4,Rebecca.JPG,Rebecca,32,Րէբէգգա,0,2,2,2,0,7,7,2,,,,,,,1,2,1.766329618,,,,,,,,,,,,17,1,2019_Aug_13_1559,FaceNameBlocked,3.0.0,60.07702343,
85,FacesBlock3_v2.xlsx,Rebecca.mp4,Rebecca.JPG,Rebecca,32,Րէբէգգա,0,2,2,2,,,,,0,9,9,2,,,,,,,,rebacca,"['r', 'e', 'b', 'a', 'c', 'c', 'a']",4,0.368184312,"[1.4026601990044583, 1.6188181400066242, 1.8357881180127151, 2.18586101999972, 2.518416146020172, 2.718888744013384, 3.00198452200857]",[1.40266,1.40266,,,17,1,2019_Aug_13_1559,FaceNameBlocked,3.0.0,60.07702343,
75,FacesBlock3_v2.xlsx,Sarah.mp4,Sarah.JPG,Sarah,33,Սարահ,0,2,2,2,0,14,14,3,,,,,,,1,2,7.284066633,,,,,,,,,,,,17,1,2019_Aug_13_1559,FaceNameBlocked,3.0.0,60.07702343,
80,FacesBlock3_v2.xlsx,Sarah.mp4,Sarah.JPG,Sarah,33,Սարահ,0,2,2,2,,,,,0,4,4,3,,,,,,,,korney,"['k', 'o', 'r', 'n', 'e', 'y']",2,3.350860051,"[6.833617366006365, 7.150158952979837, 7.682995084993308, 7.999169291986618, 8.599153150978964, 8.765983160003088]",[6.83361,6.83361,,,17,1,2019_Aug_13_1559,FaceNameBlocked,3.0.0,60.07702343,
81,FacesBlock3_v2.xlsx,Shelby.mp4,Shelby.JPG,Shelby,36,Սհէլբե,0,2,2,2,,,,,0,5,5,6,,,,,,,,loa,"['l', 'o', 'a']",2,2.518541692,"[5.018157799000619, 5.18442147001042, 6.217517358018085]",[5.01815,5.01815,,,17,1,2019_Aug_13_1559,FaceNameBlocked,3.0.0,60.07702343,
67,FacesBlock3_v2.xlsx,Shelby.mp4,Shelby.JPG,Shelby,36,Սհէլբե,0,2,2,2,0,6,6,6,,,,,,,0,2,10.08317597,,,,,,,,,,,,17,1,2019_Aug_13_1559,FaceNameBlocked,3.0.0,60.07702343,
56,FacesBlock2_v2.xlsx,Steven.mp4,Steven.JPG,Steven,17,Սդէւէն,0,1,1,1,,,,,0,10,10,2,,,,,,,,,None,1,0.285717291,,,,,,17,1,2019_Aug_13_1559,FaceNameBlocked,3.0.0,60.07702343,
35,FacesBlock2_v2.xlsx,Steven.mp4,Steven.JPG,Steven,17,Սդէւէն,0,1,1,1,0,4,4,2,,,,,,,1,1,24.09574544,,,,,,,,,,,,17,1,2019_Aug_13_1559,FaceNameBlocked,3.0.0,60.07702343,
97,FacesBlock4_v2.xlsx,Taylor.mp4,Taylor.JPG,Taylor,45,Դաելոր,0,3,3,3,0,6,6,0,,,,,,,0,2,4.635113796,,,,,,,,,,,,17,1,2019_Aug_13_1559,FaceNameBlocked,3.0.0,60.07702343,
114,FacesBlock4_v2.xlsx,Taylor.mp4,Taylor.JPG,Taylor,45,Դաելոր,0,3,3,3,,,,,0,8,8,0,,,,,,,,kaletalo,"['k', 'a', 'l', 'e', 'y', 'backspace', 't', 'a', 'l', 'o']",4,1.468235485,"[4.132935162982903, 4.284631051006727, 4.418094933003886, 5.617723161005415, 5.784367273008684, 7.665632488991832, 8.716431289998582, 8.81679417999112, 9.200061395007651, 9.683069366001291]",[4.13293,4.13293,,,17,1,2019_Aug_13_1559,FaceNameBlocked,3.0.0,60.07702343,
64,FacesBlock3_v2.xlsx,Thomas.mp4,Thomas.JPG,Thomas,44,Դհոմաս,0,2,2,2,0,3,3,14,,,,,,,1,1,14.6987102,,,,,,,,,,,,17,1,2019_Aug_13_1559,FaceNameBlocked,3.0.0,60.07702343,
87,FacesBlock3_v2.xlsx,Thomas.mp4,Thomas.JPG,Thomas,44,Դհոմաս,0,2,2,2,,,,,0,11,11,14,,,,,,,,jacob,"['j', 'a', 'c', 'o', 'b']",3,0.285502503,"[3.8847150079964194, 4.066087620012695, 5.034520871995483, 5.784293862991035, 6.133847666991642]",[3.88471,3.88471,,,17,1,2019_Aug_13_1559,FaceNameBlocked,3.0.0,60.07702343,
4,FacesBlock1_v2.xlsx,Timothy.mp4,Timothy.JPG,Timothy,10,Դիմոդհե,0,0,0,0,0,3,3,10,,,,,,,1,1,1.552610811,,,,,,,,,,,,17,1,2019_Aug_13_1559,FaceNameBlocked,3.0.0,60.07702343,
30,FacesBlock1_v2.xlsx,Timothy.mp4,Timothy.JPG,Timothy,10,Դիմոդհե,0,0,0,0,,,,,0,14,14,10,,,,,,,,,None,1,1.48560322,,,,,,17,1,2019_Aug_13_1559,FaceNameBlocked,3.0.0,60.07702343,
54,FacesBlock2_v2.xlsx,Trevor.mp4,Trevor.JPG,Trevor,21,Դրէւոր,0,1,1,1,,,,,0,8,8,6,,,,,,,,justin,"['j', 'u', 's', 't', 'i', 'n']",3,1.018423045,"[2.819243674981408, 3.002005153975915, 3.118882875976851, 3.601881387992762, 4.018583172000945, 4.235305902984692]",[2.81924,2.81924,,,17,1,2019_Aug_13_1559,FaceNameBlocked,3.0.0,60.07702343,
32,FacesBlock2_v2.xlsx,Trevor.mp4,Trevor.JPG,Trevor,21,Դրէւոր,0,1,1,1,0,1,1,6,,,,,,,0,1,7.384035359,,,,,,,,,,,,17,1,2019_Aug_13_1559,FaceNameBlocked,3.0.0,60.07702343,
52,FacesBlock2_v2.xlsx,Tyler.mp4,Tyler.JPG,Tyler,22,Դելէր,0,1,1,1,,,,,0,6,6,7,,,,,,,,talor,"['t', 'a', 'y', 'l', 'e', 'backspace', 'o', 'backspace', 'backspace', 'backspace', 'l', 'o', 'r']",4,3.834221726,"[2.985621219006134, 4.134947412996553, 4.6517070539994165, 5.084036297019338, 5.251154099009, 5.983409575012047, 6.70081528701121, 7.149036843999056, 7.333431681006914, 7.699616552010411, 8.133741124009248, 8.316642418008996, 8.40029712600517]",[2.98562,2.98562,,,17,1,2019_Aug_13_1559,FaceNameBlocked,3.0.0,60.07702343,
44,FacesBlock2_v2.xlsx,Tyler.mp4,Tyler.JPG,Tyler,22,Դելէր,0,1,1,1,0,13,13,7,,,,,,,0,1,2.934862325,,,,,,,,,,,,17,1,2019_Aug_13_1559,FaceNameBlocked,3.0.0,60.07702343,
0,,,,,,,,,,,,,,,,,,,space,55.53538984,,,,,,,,,,,,,,,17,1,2019_Aug_13_1559,FaceNameBlocked,3.0.0,60.07702343,
121,,,,,,,,,,,,,,,,,,,,,,,,,,,,,,,,,space,5.734698231,17,1,2019_Aug_13_1559,FaceNameBlocked,3.0.0,60.07702343,