,condsFile,Video,Photo,Name,Row,Name2,blocks.thisRepN,blocks.thisTrialN,blocks.thisN,blocks.thisIndex,presentations.thisRepN,presentations.thisTrialN,presentations.thisN,presentations.thisIndex,testing.thisRepN,testing.thisTrialN,testing.thisN,testing.thisIndex,advance_1.keys,advance_1.rt,currentCond,judgementResp.keys,judgementResp.rt,advance_2.keys,advance_2.rt,inputText,key_resp_3.keys,key_resp_3.rt,,key_resp3_fin,rating_resp.keys,rating_resp.rt,end_key.keys,end_key.rt,participant,session,date,expName,psychopyVersion,frameRate,Unnamed: 38
31,FacesBlock2_v2.xlsx,Aaron.mp4,Aaron.JPG,Aaron,18,Աարոն,0,1,1,1,0,0,0,3,,,,,,,1,1,2.035049826,,,,,,,,,,,,44,1,2019_Oct_16_1505,FaceNameBlocked,3.0.0,60.08194938,
49,FacesBlock2_v2.xlsx,Aaron.mp4,Aaron.JPG,Aaron,18,Աարոն,0,1,1,1,,,,,0,3,3,3,,,,,,,,,None,,,,1,0.885477014,,,44,1,2019_Oct_16_1505,FaceNameBlocked,3.0.0,60.08194938,
24,FacesBlock1_v2.xlsx,Adam.mp4,Adam.JPG,Adam,5,Ատամ,0,0,0,0,,,,,0,8,8,5,,,,,,,,Blake,"['lshift', 'b', 'l', 'a', 'k', 'e']","[5.54944873182103, 5.732234971830621, 6.0006948839873075, 6.3508445548359305, 6.5834245649166405, 6.783955921884626]",[5.54944,5.54944,1,0.95219606,,,44,1,2019_Oct_16_1505,FaceNameBlocked,3.0.0,60.08194938,
11,FacesBlock1_v2.xlsx,Adam.mp4,Adam.JPG,Adam,5,Ատամ,0,0,0,0,0,10,10,5,,,,,,,0,1,0.635902248,,,,,,,,,,,,44,1,2019_Oct_16_1505,FaceNameBlocked,3.0.0,60.08194938,
102,FacesBlock4_v2.xlsx,Alyssa.mp4,Alyssa.JPG,Alyssa,55,Ալեսսա,0,3,3,3,0,11,11,10,,,,,,,1,2,16.11443335,,,,,,,,,,,,44,1,2019_Oct_16_1505,FaceNameBlocked,3.0.0,60.08194938,
110,FacesBlock4_v2.xlsx,Alyssa.mp4,Alyssa.JPG,Alyssa,55,Ալեսսա,0,3,3,3,,,,,0,4,4,10,,,,,,,,,None,,,,1,4.600757854,,,44,1,2019_Oct_16_1505,FaceNameBlocked,3.0.0,60.08194938,
1,FacesBlock1_v2.xlsx,Amanda.mp4,Amanda.JPG,Amanda,2,Ամանտա,0,0,0,0,0,0,0,2,,,,,,,1,2,1.636474556,,,,,,,,,,,,44,1,2019_Oct_16_1505,FaceNameBlocked,3.0.0,60.08194938,
19,FacesBlock1_v2.xlsx,Amanda.mp4,Amanda.JPG,Amanda,2,Ամանտա,0,0,0,0,,,,,0,3,3,2,,,,,,,,Kelsey,"['lshift', 'k', 'e', 'l', 's', 'e', 'y']","[3.4664997439831495, 3.5843922428321093, 3.817544399993494, 3.901290582958609, 4.151038942858577, 4.4677734188735485, 4.5507662310265005]",[3.46649,3.46649,1,0.451646752,,,44,1,2019_Oct_16_1505,FaceNameBlocked,3.0.0,60.08194938,
105,FacesBlock4_v2.xlsx,Andrew.mp4,Andrew.JPG,Andrew,51,Անտրէվ,0,3,3,3,0,14,14,6,,,,,,,0,1,9.599741702,,,,,,,,,,,,44,1,2019_Oct_16_1505,FaceNameBlocked,3.0.0,60.08194938,
118,FacesBlock4_v2.xlsx,Andrew.mp4,Andrew.JPG,Andrew,51,Անտրէվ,0,3,3,3,,,,,0,12,12,6,,,,,,,,andrew,"['a', 'n', 'd', 'r', 'e', 'w']","[1.3693219718988985, 1.5681330810766667, 1.685497477883473, 1.8848437229171395, 1.9690577399451286, 2.102126305922866]",[1.36932,1.36932,4,1.801514318,,,44,1,2019_Oct_16_1505,FaceNameBlocked,3.0.0,60.08194938,
115,FacesBlock4_v2.xlsx,Anna.mp4,Anna.JPG,Anna,47,Աննա,0,3,3,3,,,,,0,9,9,2,,,,,,,,anna,"['a', 'n', 'n', 'a']","[1.5347409488167614, 1.7518199449405074, 1.9680721969343722, 2.1181034080218524]",[1.53474,1.53474,4,1.267859795,,,44,1,2019_Oct_16_1505,FaceNameBlocked,3.0.0,60.08194938,
91,FacesBlock4_v2.xlsx,Anna.mp4,Anna.JPG,Anna,47,Աննա,0,3,3,3,0,0,0,2,,,,,,,1,2,3.168701004,,,,,,,,,,,,44,1,2019_Oct_16_1505,FaceNameBlocked,3.0.0,60.08194938,
50,FacesBlock2_v2.xlsx,Ashley.mp4,Ashley.JPG,Ashley,24,Ասհլէե,0,1,1,1,,,,,0,4,4,9,,,,,,,,michel,"['m', 'i', 'c', 'h', 'e', 'l']","[9.432964257197455, 9.566064546117559, 9.682461274089292, 9.76670702919364, 9.866080691106617, 9.949425023049116]",[9.43296,9.43296,2,1.95150147,,,44,1,2019_Oct_16_1505,FaceNameBlocked,3.0.0,60.08194938,
32,FacesBlock2_v2.xlsx,Ashley.mp4,Ashley.JPG,Ashley,24,Ասհլէե,0,1,1,1,0,1,1,9,,,,,,,0,1,2.718699813,,,,,,,,,,,,44,1,2019_Oct_16_1505,FaceNameBlocked,3.0.0,60.08194938,
25,FacesBlock1_v2.xlsx,Bradley.mp4,Bradley.JPG,Bradley,14,Բրատլէե,0,0,0,0,,,,,0,9,9,14,,,,,,,,Michael,"['lshift', 'm', 'i', 'c', 'h', 'a', 'e', 'l']","[1.8831756219733506, 1.9682341248262674, 2.1343955299817026, 2.251075757900253, 2.3519130998756737, 2.6012481648940593, 2.817298299865797, 2.917969277827069]",[1.88317,1.88317,1,0.86839902,,,44,1,2019_Oct_16_1505,FaceNameBlocked,3.0.0,60.08194938,
8,FacesBlock1_v2.xlsx,Bradley.mp4,Bradley.JPG,Bradley,14,Բրատլէե,0,0,0,0,0,7,7,14,,,,,,,1,1,0.66971331,,,,,,,,,,,,44,1,2019_Oct_16_1505,FaceNameBlocked,3.0.0,60.08194938,
109,FacesBlock4_v2.xlsx,Brandon.mp4,Brandon.JPG,Brandon,56,Բրանտոն,0,3,3,3,,,,,0,3,3,11,,,,,,,,Brandon,"['lshift', 'b', 'r', 'a', 'n', 'd', 'o', 'n']","[2.5160290831699967, 2.584952857112512, 2.7677886930759996, 2.9011995571199805, 3.0013124770484865, 3.167636417085305, 3.284823470050469, 3.383930310141295]",[2.51602,2.51602,4,4.583646524,,,44,1,2019_Oct_16_1505,FaceNameBlocked,3.0.0,60.08194938,
96,FacesBlock4_v2.xlsx,Brandon.mp4,Brandon.JPG,Brandon,56,Բրանտոն,0,3,3,3,0,5,5,11,,,,,,,0,1,7.200809097,,,,,,,,,,,,44,1,2019_Oct_16_1505,FaceNameBlocked,3.0.0,60.08194938,
99,FacesBlock4_v2.xlsx,Brian.mp4,Brian.JPG,Brian,53,Բրիան,0,3,3,3,0,8,8,8,,,,,,,1,1,4.934956089,,,,,,,,,,,,44,1,2019_Oct_16_1505,FaceNameBlocked,3.0.0,60.08194938,
116,FacesBlock4_v2.xlsx,Brian.mp4,Brian.JPG,Brian,53,Բրիան,0,3,3,3,,,,,0,10,10,8,,,,,,,,Kyle,"['lshift', 'k', 'y', 'l', 'e', 'backspace', 'e']","[3.6500193879473954, 3.7341949630063027, 3.984450072981417, 4.1503563828300685, 4.234381458023563, 5.066872481955215, 7.350105156889185]",[3.65001,3.65001,2,1.268480847,,,44,1,2019_Oct_16_1505,FaceNameBlocked,3.0.0,60.08194938,
112,FacesBlock4_v2.xlsx,Brianna.mp4,Brianna.JPG,Brianna,48,Բրիաննա,0,3,3,3,,,,,0,6,6,3,,,,,,,,,None,,,,1,0.56850003,,,44,1,2019_Oct_16_1505,FaceNameBlocked,3.0.0,60.08194938,
94,FacesBlock4_v2.xlsx,Brianna.mp4,Brianna.JPG,Brianna,48,Բրիաննա,0,3,3,3,0,3,3,3,,,,,,,1,2,6.517441486,,,,,,,,,,,,44,1,2019_Oct_16_1505,FaceNameBlocked,3.0.0,60.08194938,
53,FacesBlock2_v2.xlsx,Brittany.mp4,Brittany.JPG,Brittany,28,Բրիդդանե,0,1,1,1,,,,,0,7,7,13,,,,,,,,Brittney,"['lshift', 'b', 'r', 'i', 't', 't', 'n', 'e', 'y']","[2.2664356960449368, 2.4012323319911957, 2.6846352799329907, 2.8512081790249795, 3.016927408054471, 3.217465261928737, 3.416684804018587, 3.5339258620515466, 3.7505274289287627]",[2.26643,2.26643,4,5.983146649,,,44,1,2019_Oct_16_1505,FaceNameBlocked,3.0.0,60.08194938,
35,FacesBlock2_v2.xlsx,Brittany.mp4,Brittany.JPG,Brittany,28,Բրիդդանե,0,1,1,1,0,4,4,13,,,,,,,1,2,1.702228514,,,,,,,,,,,,44,1,2019_Oct_16_1505,FaceNameBlocked,3.0.0,60.08194938,
113,FacesBlock4_v2.xlsx,Caleb.mp4,Caleb.JPG,Caleb,59,Գալէբ,0,3,3,3,,,,,0,7,7,14,,,,,,,,caleb,"['c', 'a', 'l', 'e', 'b']","[5.083779940847307, 5.316904803970829, 5.566756051965058, 5.716902588028461, 5.833624641876668]",[5.08377,5.08377,2,0.319047382,,,44,1,2019_Oct_16_1505,FaceNameBlocked,3.0.0,60.08194938,
104,FacesBlock4_v2.xlsx,Caleb.mp4,Caleb.JPG,Caleb,59,Գալէբ,0,3,3,3,0,13,13,14,,,,,,,1,1,11.13029081,,,,,,,,,,,,44,1,2019_Oct_16_1505,FaceNameBlocked,3.0.0,60.08194938,
45,FacesBlock2_v2.xlsx,Cody.mp4,Cody.JPG,Cody,23,Գոտե,0,1,1,1,0,14,14,8,,,,,,,0,1,0.667037781,,,,,,,,,,,,44,1,2019_Oct_16_1505,FaceNameBlocked,3.0.0,60.08194938,
47,FacesBlock2_v2.xlsx,Cody.mp4,Cody.JPG,Cody,23,Գոտե,0,1,1,1,,,,,0,1,1,8,,,,,,,,cody,"['c', 'o', 'd', 'y', 'backspace', 'backspace', 'backspace', 'backspace', 'c', 'o', 'd', 'y']","[1.3000351060181856, 1.5018953550606966, 1.5521413821261376, 1.8019052790477872, 2.334451940143481, 2.500998627161607, 2.666874104179442, 2.8003622540272772, 3.0516755271237344, 3.4344051701482385, 3.5845526880584657, 3.7347730931360275]",[1.30003,1.30003,4,0.668123609,,,44,1,2019_Oct_16_1505,FaceNameBlocked,3.0.0,60.08194938,
67,FacesBlock3_v2.xlsx,Courtney.mp4,Courtney.JPG,Courtney,42,Գոըրդնէե,0,2,2,2,0,6,6,12,,,,,,,1,2,3.949238964,,,,,,,,,,,,44,1,2019_Oct_16_1505,FaceNameBlocked,3.0.0,60.08194938,
77,FacesBlock3_v2.xlsx,Courtney.mp4,Courtney.JPG,Courtney,42,Գոըրդնէե,0,2,2,2,,,,,0,1,1,12,,,,,,,,courtney,"['c', 'o', 'u', 'r', 't', 'n', 'e', 'y']","[1.5018013550434262, 1.6018119030632079, 1.6841949720401317, 1.7851125851739198, 2.0350022870115936, 2.301716397050768, 2.399753354024142, 2.584758290089667]",[1.50180,1.50180,4,1.049501495,,,44,1,2019_Oct_16_1505,FaceNameBlocked,3.0.0,60.08194938,
86,FacesBlock3_v2.xlsx,Daniel.mp4,Daniel.JPG,Daniel,30,Տանիէլ,0,2,2,2,,,,,0,10,10,0,,,,,,,,,None,,,,1,1.56831072,,,44,1,2019_Oct_16_1505,FaceNameBlocked,3.0.0,60.08194938,
61,FacesBlock3_v2.xlsx,Daniel.mp4,Daniel.JPG,Daniel,30,Տանիէլ,0,2,2,2,0,0,0,0,,,,,,,1,1,7.631285178,,,,,,,,,,,,44,1,2019_Oct_16_1505,FaceNameBlocked,3.0.0,60.08194938,
30,FacesBlock1_v2.xlsx,Danielle.mp4,Danielle.JPG,Danielle,3,Տանիէլլէ,0,0,0,0,,,,,0,14,14,3,,,,,,,,,None,,,,1,4.217366994,,,44,1,2019_Oct_16_1505,FaceNameBlocked,3.0.0,60.08194938,
13,FacesBlock1_v2.xlsx,Danielle.mp4,Danielle.JPG,Danielle,3,Տանիէլլէ,0,0,0,0,0,12,12,3,,,,,,,1,2,0.502944033,,,,,,,,,,,,44,1,2019_Oct_16_1505,FaceNameBlocked,3.0.0,60.08194938,
48,FacesBlock2_v2.xlsx,David.mp4,David.JPG,David,16,Տաւիտ,0,1,1,1,,,,,0,2,2,1,,,,,,,,Blake,"['lshift', 'b', 'l', 'a', 'k', 'e']","[5.7820909400470555, 5.966508125187829, 8.232896224129945, 8.698932356201112, 8.93210656219162, 9.249214753042907]",[5.78209,5.78209,1,1.102302573,,,44,1,2019_Oct_16_1505,FaceNameBlocked,3.0.0,60.08194938,
41,FacesBlock2_v2.xlsx,David.mp4,David.JPG,David,16,Տաւիտ,0,1,1,1,0,10,10,1,,,,,,,1,1,2.802310108,,,,,,,,,,,,44,1,2019_Oct_16_1505,FaceNameBlocked,3.0.0,60.08194938,
97,FacesBlock4_v2.xlsx,Dylan.mp4,Dylan.JPG,Dylan,50,Տելան,0,3,3,3,0,6,6,5,,,,,,,0,1,19.0793969,,,,,,,,,,,,44,1,2019_Oct_16_1505,FaceNameBlocked,3.0.0,60.08194938,
120,FacesBlock4_v2.xlsx,Dylan.mp4,Dylan.JPG,Dylan,50,Տելան,0,3,3,3,,,,,0,14,14,5,,,,,,,,,None,,,,1,0.385689221,,,44,1,2019_Oct_16_1505,FaceNameBlocked,3.0.0,60.08194938,
98,FacesBlock4_v2.xlsx,Emily.mp4,Emily.JPG,Emily,57,Էմիլե,0,3,3,3,0,7,7,12,,,,,,,0,2,10.86619884,,,,,,,,,,,,44,1,2019_Oct_16_1505,FaceNameBlocked,3.0.0,60.08194938,
106,FacesBlock4_v2.xlsx,Emily.mp4,Emily.JPG,Emily,57,Էմիլե,0,3,3,3,,,,,0,0,0,12,,,,,,space,8.099567564,,None,,,,1,0.902184618,,,44,1,2019_Oct_16_1505,FaceNameBlocked,3.0.0,60.08194938,
14,FacesBlock1_v2.xlsx,Eric.mp4,Eric.JPG,Eric,0,Էրիգ,0,0,0,0,0,13,13,0,,,,,,,1,1,0.618699282,,,,,,,,,,,,44,1,2019_Oct_16_1505,FaceNameBlocked,3.0.0,60.08194938,
28,FacesBlock1_v2.xlsx,Eric.mp4,Eric.JPG,Eric,0,Էրիգ,0,0,0,0,,,,,0,12,12,0,,,,,,,,eric,"['e', 'r', 'i', 'c']","[1.5524047480430454, 1.7523886568378657, 1.8691614049021155, 1.9856979670003057]",[1.55240,1.55240,1,0.619006859,,,44,1,2019_Oct_16_1505,FaceNameBlocked,3.0.0,60.08194938,
7,FacesBlock1_v2.xlsx,Ethan.mp4,Ethan.JPG,Ethan,11,Էդհան,0,0,0,0,0,6,6,11,,,,,,,0,1,0.653005123,,,,,,,,,,,,44,1,2019_Oct_16_1505,FaceNameBlocked,3.0.0,60.08194938,
26,FacesBlock1_v2.xlsx,Ethan.mp4,Ethan.JPG,Ethan,11,Էդհան,0,0,0,0,,,,,0,10,10,11,,,,,,,,ethan,"['e', 't', 'h', 'a', 'n', 'backspace', 'backspace', 'backspace', 'backspace', 'backspace', 'e', 't', 'h', 'a', 'n']","[1.4346841170918196, 1.634946916019544, 1.7348446280229837, 1.8350772180128843, 2.0008730329573154, 6.132417044136673, 6.332882446004078, 6.482707713963464, 6.6493702861480415, 6.799124237149954, 7.04957940406166, 7.2660597211215645, 7.333406761055812, 7.44927230803296, 7.549295626115054]",[1.43468,1.43468,2,1.501215569,,,44,1,2019_Oct_16_1505,FaceNameBlocked,3.0.0,60.08194938,
92,FacesBlock4_v2.xlsx,Grace.mp4,Grace.JPG,Grace,58,Կրագէ,0,3,3,3,0,1,1,13,,,,,,,0,2,5.785414512,,,,,,,,,,,,44,1,2019_Oct_16_1505,FaceNameBlocked,3.0.0,60.08194938,
108,FacesBlock4_v2.xlsx,Grace.mp4,Grace.JPG,Grace,58,Կրագէ,0,3,3,3,,,,,0,2,2,13,,,,,,,,grace,"['g', 'r', 'a', 'c', 'e']","[1.933784811059013, 2.1668410149868578, 2.2998611968941987, 2.5328254029154778, 2.616569946985692]",[1.93378,1.93378,4,1.118550955,,,44,1,2019_Oct_16_1505,FaceNameBlocked,3.0.0,60.08194938,
37,FacesBlock2_v2.xlsx,Haley.mp4,Haley.JPG,Haley,20,Հալէե,0,1,1,1,0,6,6,5,,,,,,,1,2,4.651352846,,,,,,,,,,,,44,1,2019_Oct_16_1505,FaceNameBlocked,3.0.0,60.08194938,
55,FacesBlock2_v2.xlsx,Haley.mp4,Haley.JPG,Haley,20,Հալէե,0,1,1,1,,,,,0,9,9,5,,,,,,,,,None,,,,1,0.918100251,,,44,1,2019_Oct_16_1505,FaceNameBlocked,3.0.0,60.08194938,
16,FacesBlock1_v2.xlsx,Hannah.mp4,Hannah.JPG,Hannah,1,Հաննահ,0,0,0,0,,,,,0,0,0,1,,,,,,space,18.84579914,Hannah,"['lshift', 'h', 'a', 'n', 'n', 'a', 'h']","[1.7831529818940908, 1.9530532760545611, 2.2338026070501655, 2.3845414388924837, 2.584414354991168, 2.701396069023758, 2.900839967885986]",[1.78315,1.78315,2,4.0005911,,,44,1,2019_Oct_16_1505,FaceNameBlocked,3.0.0,60.08194938,
3,FacesBlock1_v2.xlsx,Hannah.mp4,Hannah.JPG,Hannah,1,Հաննահ,0,0,0,0,0,2,2,1,,,,,,,0,2,0.936292759,,,,,,,,,,,,44,1,2019_Oct_16_1505,FaceNameBlocked,3.0.0,60.08194938,
34,FacesBlock2_v2.xlsx,Heather.mp4,Heather.JPG,Heather,26,Հէադհէր,0,1,1,1,0,3,3,11,,,,,,,0,2,0.719642071,,,,,,,,,,,,44,1,2019_Oct_16_1505,FaceNameBlocked,3.0.0,60.08194938,
52,FacesBlock2_v2.xlsx,Heather.mp4,Heather.JPG,Heather,26,Հէադհէր,0,1,1,1,,,,,0,6,6,11,,,,,,,,Heather,"['lshift', 'h', 'e', 'a', 't', 'h', 'e', 'r']","[1.6829054378904402, 1.7993967609945685, 2.3356637668330222, 2.567879692884162, 2.7680693049915135, 2.834809839958325, 2.950791805051267, 3.0178541478235275]",[1.68290,1.68290,3,1.268843454,,,44,1,2019_Oct_16_1505,FaceNameBlocked,3.0.0,60.08194938,
79,FacesBlock3_v2.xlsx,Jacob.mp4,Jacob.JPG,Jacob,39,Ճագոբ,0,2,2,2,,,,,0,3,3,9,,,,,,,,Jacob,"['lshift', 'j', 'a', 'c', 'o', 'b']","[1.4010540610179305, 1.4696093930397183, 1.6693825111724436, 1.852492546197027, 1.9356287450063974, 2.1003342331387103]",[1.40105,1.40105,4,0.468305097,,,44,1,2019_Oct_16_1505,FaceNameBlocked,3.0.0,60.08194938,
69,FacesBlock3_v2.xlsx,Jacob.mp4,Jacob.JPG,Jacob,39,Ճագոբ,0,2,2,2,0,8,8,9,,,,,,,1,1,9.949908142,,,,,,,,,,,,44,1,2019_Oct_16_1505,FaceNameBlocked,3.0.0,60.08194938,
107,FacesBlock4_v2.xlsx,Jason.mp4,Jason.JPG,Jason,49,Ճասոն,0,3,3,3,,,,,0,1,1,4,,,,,,,,Jason,"['lshift', 'j', 'a', 's', 'o', 'n']","[1.6998927870299667, 1.7851796799805015, 1.9346507869195193, 2.1506140248384327, 2.2346506968606263, 2.301409853855148]",[1.69989,1.69989,4,0.485837962,,,44,1,2019_Oct_16_1505,FaceNameBlocked,3.0.0,60.08194938,
101,FacesBlock4_v2.xlsx,Jason.mp4,Jason.JPG,Jason,49,Ճասոն,0,3,3,3,0,10,10,4,,,,,,,0,1,15.58126054,,,,,,,,,,,,44,1,2019_Oct_16_1505,FaceNameBlocked,3.0.0,60.08194938,
2,FacesBlock1_v2.xlsx,Jenna.mp4,Jenna.JPG,Jenna,6,Ճէննա,0,0,0,0,0,1,1,6,,,,,,,1,2,1.019283961,,,,,,,,,,,,44,1,2019_Oct_16_1505,FaceNameBlocked,3.0.0,60.08194938,
23,FacesBlock1_v2.xlsx,Jenna.mp4,Jenna.JPG,Jenna,6,Ճէննա,0,0,0,0,,,,,0,7,7,6,,,,,,,,,None,,,,1,0.485585798,,,44,1,2019_Oct_16_1505,FaceNameBlocked,3.0.0,60.08194938,
40,FacesBlock2_v2.xlsx,Jeremy.mp4,Jeremy.JPG,Jeremy,15,Ճէրէմե,0,1,1,1,0,9,9,0,,,,,,,0,1,2.102874862,,,,,,,,,,,,44,1,2019_Oct_16_1505,FaceNameBlocked,3.0.0,60.08194938,
54,FacesBlock2_v2.xlsx,Jeremy.mp4,Jeremy.JPG,Jeremy,15,Ճէրէմե,0,1,1,1,,,,,0,8,8,0,,,,,,,,Jeremy,"['lshift', 'j', 'e', 'r', 'e', 'm', 'y']","[1.432931664865464, 1.5019081749487668, 1.6345524229109287, 1.8180846099276096, 1.9342704799491912, 2.1993078829254955, 2.383820940973237]",[1.43293,1.43293,4,1.834936428,,,44,1,2019_Oct_16_1505,FaceNameBlocked,3.0.0,60.08194938,
6,FacesBlock1_v2.xlsx,Jessica.mp4,Jessica.JPG,Jessica,8,Ճէսսիգա,0,0,0,0,0,5,5,8,,,,,,,1,2,1.185815024,,,,,,,,,,,,44,1,2019_Oct_16_1505,FaceNameBlocked,3.0.0,60.08194938,
21,FacesBlock1_v2.xlsx,Jessica.mp4,Jessica.JPG,Jessica,8,Ճէսսիգա,0,0,0,0,,,,,0,5,5,8,,,,,,,,,None,,,,1,1.118712755,,,44,1,2019_Oct_16_1505,FaceNameBlocked,3.0.0,60.08194938,
51,FacesBlock2_v2.xlsx,Josh.mp4,Josh.JPG,Josh,19,Ճոսհ,0,1,1,1,,,,,0,5,5,4,,,,,,,,Josh,"['j', 'o', 's', 'backspace', 'backspace', 'backspace', 'lshift', 'j', 'o', 's', 'h']","[1.0848811562173069, 1.3174082320183516, 1.4350084960460663, 1.634415821172297, 1.8010249892249703, 1.9335007190238684, 2.0499020169954747, 2.1847904820460826, 2.4509829462040216, 2.601450732210651, 2.684330271091312]",[1.08488,1.08488,4,1.068810894,,,44,1,2019_Oct_16_1505,FaceNameBlocked,3.0.0,60.08194938,
44,FacesBlock2_v2.xlsx,Josh.mp4,Josh.JPG,Josh,19,Ճոսհ,0,1,1,1,0,13,13,4,,,,,,,1,1,2.019232378,,,,,,,,,,,,44,1,2019_Oct_16_1505,FaceNameBlocked,3.0.0,60.08194938,
5,FacesBlock1_v2.xlsx,Julia.mp4,Julia.JPG,Julia,13,Ճըլիա,0,0,0,0,0,4,4,13,,,,,,,1,2,1.18637095,,,,,,,,,,,,44,1,2019_Oct_16_1505,FaceNameBlocked,3.0.0,60.08194938,
20,FacesBlock1_v2.xlsx,Julia.mp4,Julia.JPG,Julia,13,Ճըլիա,0,0,0,0,,,,,0,4,4,13,,,,,,,,anna,"['a', 'backspace', 'a', 'n', 'n', 'a']","[6.217229902045801, 6.699518157867715, 8.399550305912271, 8.949496929068118, 9.282188105862588, 9.66568137286231]",[6.21722,6.21722,1,0.835138695,,,44,1,2019_Oct_16_1505,FaceNameBlocked,3.0.0,60.08194938,
38,FacesBlock2_v2.xlsx,Justin.mp4,Justin.JPG,Justin,27,Ճըսդին,0,1,1,1,0,7,7,12,,,,,,,0,1,1.753560125,,,,,,,,,,,,44,1,2019_Oct_16_1505,FaceNameBlocked,3.0.0,60.08194938,
56,FacesBlock2_v2.xlsx,Justin.mp4,Justin.JPG,Justin,27,Ճըսդին,0,1,1,1,,,,,0,10,10,12,,,,,,,,Ja,"['lshift', 'j', 'a', 'c']","[9.44801253406331, 9.516268880106509, 9.731943597085774, 9.982711056945845]",[9.44801,9.44801,1,2.101050533,,,44,1,2019_Oct_16_1505,FaceNameBlocked,3.0.0,60.08194938,
103,FacesBlock4_v2.xlsx,Katie.mp4,Katie.JPG,Katie,54,Քադիէ,0,3,3,3,0,12,12,9,,,,,,,1,2,7.099964477,,,,,,,,,,,,44,1,2019_Oct_16_1505,FaceNameBlocked,3.0.0,60.08194938,
114,FacesBlock4_v2.xlsx,Katie.mp4,Katie.JPG,Katie,54,Քադիէ,0,3,3,3,,,,,0,8,8,9,,,,,,,,Katie,"['lshift', 'k', 'a', 't', 'i', 'e']","[1.750943164108321, 1.8357003559358418, 1.9857843529898673, 2.1015531250741333, 2.31891555711627, 2.40204558102414]",[1.75094,1.75094,3,1.568754689,,,44,1,2019_Oct_16_1505,FaceNameBlocked,3.0.0,60.08194938,
80,FacesBlock3_v2.xlsx,Kayla.mp4,Kayla.JPG,Kayla,34,Սարահ,0,2,2,2,,,,,0,4,4,4,,,,,,,,Kayla,"['lshift', 'k', 'a', 'y', 'l', 'a']","[2.667082065017894, 2.7351410589180887, 2.90171586885117, 3.0353116169571877, 3.167662873864174, 3.2522511878050864]",[2.66708,2.66708,4,1.368484982,,,44,1,2019_Oct_16_1505,FaceNameBlocked,3.0.0,60.08194938,
75,FacesBlock3_v2.xlsx,Kayla.mp4,Kayla.JPG,Kayla,34,Սարահ,0,2,2,2,0,14,14,4,,,,,,,0,2,7.116782837,,,,,,,,,,,,44,1,2019_Oct_16_1505,FaceNameBlocked,3.0.0,60.08194938,
27,FacesBlock1_v2.xlsx,Kelsey.mp4,Kelsey.JPG,Kelsey,12,Քէլսէե,0,0,0,0,,,,,0,11,11,12,,,,,,,,Kelsey,"['lshift', 'k', 'e', 'l', 's', 'e', 'y']","[8.281488269101828, 8.383425286971033, 8.51671602204442, 8.682965151034296, 9.016343644121662, 9.166281949030235, 9.266023205127567]",[8.28148,8.28148,1,0.768594686,,,44,1,2019_Oct_16_1505,FaceNameBlocked,3.0.0,60.08194938,
4,FacesBlock1_v2.xlsx,Kelsey.mp4,Kelsey.JPG,Kelsey,12,Քէլսէե,0,0,0,0,0,3,3,12,,,,,,,0,2,0.686085938,,,,,,,,,,,,44,1,2019_Oct_16_1505,FaceNameBlocked,3.0.0,60.08194938,
76,FacesBlock3_v2.xlsx,Kevin.mp4,Kevin.JPG,Kevin,41,Քէւին,0,2,2,2,,,,,0,0,0,11,,,,,,space,6.51746076,kevin,"['k', 'e', 'v', 'i', 'n']","[1.8022946619894356, 1.9516826928593218, 2.168179739965126, 2.269020569976419, 2.351956970989704]",[1.80229,1.80229,4,0.5353472,,,44,1,2019_Oct_16_1505,FaceNameBlocked,3.0.0,60.08194938,
62,FacesBlock3_v2.xlsx,Kevin.mp4,Kevin.JPG,Kevin,41,Քէւին,0,2,2,2,0,1,1,11,,,,,,,0,1,3.233433668,,,,,,,,,,,,44,1,2019_Oct_16_1505,FaceNameBlocked,3.0.0,60.08194938,
9,FacesBlock1_v2.xlsx,Kyle.mp4,Kyle.JPG,Kyle,4,Քելէ,0,0,0,0,0,8,8,4,,,,,,,0,1,0.769398538,,,,,,,,,,,,44,1,2019_Oct_16_1505,FaceNameBlocked,3.0.0,60.08194938,
18,FacesBlock1_v2.xlsx,Kyle.mp4,Kyle.JPG,Kyle,4,Քելէ,0,0,0,0,,,,,0,2,2,4,,,,,,,,,None,,,,1,6.466419276,,,44,1,2019_Oct_16_1505,FaceNameBlocked,3.0.0,60.08194938,
70,FacesBlock3_v2.xlsx,Lauren.mp4,Lauren.JPG,Lauren,38,Լաըրէն,0,2,2,2,0,9,9,8,,,,,,,1,2,10.61590122,,,,,,,,,,,,44,1,2019_Oct_16_1505,FaceNameBlocked,3.0.0,60.08194938,
88,FacesBlock3_v2.xlsx,Lauren.mp4,Lauren.JPG,Lauren,38,Լաըրէն,0,2,2,2,,,,,0,12,12,8,,,,,,,,Lauren,"['lshift', 'l', 'a', 'u', 'r', 'e', 'n']","[1.3337070769630373, 1.4013672869186848, 1.585100966040045, 1.734992615878582, 1.8520447709597647, 2.05184463202022, 2.1511971498839557]",[1.33370,1.33370,4,1.118645609,,,44,1,2019_Oct_16_1505,FaceNameBlocked,3.0.0,60.08194938,
90,FacesBlock3_v2.xlsx,Mark.mp4,Mark.JPG,Mark,40,Մարք,0,2,2,2,,,,,0,14,14,10,,,,,,,,Mark,"['m', 'a', 'r', 'a', 'k', 'backspace', 'equal', 'backspace', 'backspace', 'backspace', 'backspace', 'lshift', 'm', 'a', 'r', 'k']","[1.418774541001767, 1.5017996579408646, 1.585370589978993, 1.6053562290035188, 1.6520601399242878, 2.0180517151020467, 3.001238434109837, 3.1832152649294585, 3.3339788769371808, 3.48406932502985, 3.6506738550961018, 3.899786551017314, 4.251032585976645, 4.65093750692904, 4.767592377960682, 4.867398698115721]",[1.41877,1.41877,4,0.268959829,,,44,1,2019_Oct_16_1505,FaceNameBlocked,3.0.0,60.08194938,
73,FacesBlock3_v2.xlsx,Mark.mp4,Mark.JPG,Mark,40,Մարք,0,2,2,2,0,12,12,10,,,,,,,0,1,3.702047167,,,,,,,,,,,,44,1,2019_Oct_16_1505,FaceNameBlocked,3.0.0,60.08194938,
12,FacesBlock1_v2.xlsx,Matthew.mp4,Matthew.JPG,Matthew,9,Մադդհէվ,0,0,0,0,0,11,11,9,,,,,,,0,1,0.819226841,,,,,,,,,,,,44,1,2019_Oct_16_1505,FaceNameBlocked,3.0.0,60.08194938,
17,FacesBlock1_v2.xlsx,Matthew.mp4,Matthew.JPG,Matthew,9,Մադդհէվ,0,0,0,0,,,,,0,1,1,9,,,,,,,,eric,"['e', 'backspace', 'e', 'r', 'backspace', 'backspace', 'e', 'r', 'i', 'c']","[4.601092747878283, 5.183676658896729, 5.933332318905741, 6.3832105898763984, 6.716240513836965, 6.899513678858057, 7.566084269899875, 8.066493495833129, 8.266373280901462, 8.449178098933771]",[4.60109,4.60109,1,2.517684438,,,44,1,2019_Oct_16_1505,FaceNameBlocked,3.0.0,60.08194938,
43,FacesBlock2_v2.xlsx,Megan.mp4,Megan.JPG,Megan,25,Մէկան,0,1,1,1,0,12,12,10,,,,,,,0,2,1.969121015,,,,,,,,,,,,44,1,2019_Oct_16_1505,FaceNameBlocked,3.0.0,60.08194938,
57,FacesBlock2_v2.xlsx,Megan.mp4,Megan.JPG,Megan,25,Մէկան,0,1,1,1,,,,,0,11,11,10,,,,,,,,rachel,"['r', 'a', 'c', 'h', 'e', 'l']","[7.982691811863333, 8.099957271944731, 8.366018331842497, 8.699259883956984, 8.932561994995922, 9.132438433822244]",[7.98269,7.98269,2,1.451539132,,,44,1,2019_Oct_16_1505,FaceNameBlocked,3.0.0,60.08194938,
117,FacesBlock4_v2.xlsx,Michael.mp4,Michael.JPG,Michael,46,Միգհաէլ,0,3,3,3,,,,,0,11,11,1,,,,,,,,Michael,"['lshift', 'm', 'i', 'c', 'h', 'a', 'e', 'l']","[1.1339962570928037, 1.1852306050714105, 1.3353760549798608, 1.4354418811853975, 1.501915575005114, 1.6188773051835597, 1.7849765340797603, 1.8848273840267211]",[1.13399,1.13399,4,0.651993215,,,44,1,2019_Oct_16_1505,FaceNameBlocked,3.0.0,60.08194938,
93,FacesBlock4_v2.xlsx,Michael.mp4,Michael.JPG,Michael,46,Միգհաէլ,0,3,3,3,0,2,2,1,,,,,,,0,1,13.71521547,,,,,,,,,,,,44,1,2019_Oct_16_1505,FaceNameBlocked,3.0.0,60.08194938,
95,FacesBlock4_v2.xlsx,Michelle.mp4,Michelle.JPG,Michelle,52,Միգհէլլէ,0,3,3,3,0,4,4,7,,,,,,,1,2,9.533186621,,,,,,,,,,,,44,1,2019_Oct_16_1505,FaceNameBlocked,3.0.0,60.08194938,
111,FacesBlock4_v2.xlsx,Michelle.mp4,Michelle.JPG,Michelle,52,Միգհէլլէ,0,3,3,3,,,,,0,5,5,7,,,,,,,,Nicole,"['lshift', 'n', 'i', 'c', 'o', 'l', 'e']","[8.564620859920979, 8.649511236930266, 8.830792177002877, 8.932476970134303, 9.048786966130137, 9.198937690118328, 9.265817818930373]",[8.56462,8.56462,1,0.752092416,,,44,1,2019_Oct_16_1505,FaceNameBlocked,3.0.0,60.08194938,
29,FacesBlock1_v2.xlsx,Natalie.mp4,Natalie.JPG,Natalie,7,Նադալիէ,0,0,0,0,,,,,0,13,13,7,,,,,,,,a,['a'],[9.581036425894126],[9.58103,9.58103,1,1.118377435,,,44,1,2019_Oct_16_1505,FaceNameBlocked,3.0.0,60.08194938,
10,FacesBlock1_v2.xlsx,Natalie.mp4,Natalie.JPG,Natalie,7,Նադալիէ,0,0,0,0,0,9,9,7,,,,,,,1,2,0.469391237,,,,,,,,,,,,44,1,2019_Oct_16_1505,FaceNameBlocked,3.0.0,60.08194938,
89,FacesBlock3_v2.xlsx,Nathan.mp4,Nathan.JPG,Nathan,37,Նադհան,0,2,2,2,,,,,0,13,13,7,,,,,,,,na,"['a', 'a', 'r', 'o', 'n', 'backspace', 'backspace', 'backspace', 'backspace', 'backspace', 'backspace', 'n', 'a']","[5.800485406070948, 6.234186948044226, 6.817368010058999, 6.949804263887927, 7.083692454034463, 7.883185515878722, 8.916184675879776, 9.082703006919473, 9.249209855915979, 9.398699956946075, 9.54923685407266, 9.732383880997077, 9.84970523789525]",[5.80048,5.80048,2,2.48289775,,,44,1,2019_Oct_16_1505,FaceNameBlocked,3.0.0,60.08194938,
65,FacesBlock3_v2.xlsx,Nathan.mp4,Nathan.JPG,Nathan,37,Նադհան,0,2,2,2,0,4,4,7,,,,,,,0,1,7.733131451,,,,,,,,,,,,44,1,2019_Oct_16_1505,FaceNameBlocked,3.0.0,60.08194938,
87,FacesBlock3_v2.xlsx,Nicole.mp4,Nicole.JPG,Nicole,43,Նիգոլէ,0,2,2,2,,,,,0,11,11,13,,,,,,,,Nicole,"['lshift', 'n', 'i', 'c', 'o', 'l', 'e']","[1.6338103499729186, 1.7185532681178302, 1.9018568079918623, 2.0356998390052468, 2.1184984741266817, 2.284364904044196, 2.3522847341373563]",[1.63381,1.63381,4,1.301944524,,,44,1,2019_Oct_16_1505,FaceNameBlocked,3.0.0,60.08194938,
63,FacesBlock3_v2.xlsx,Nicole.mp4,Nicole.JPG,Nicole,43,Նիգոլէ,0,2,2,2,0,2,2,13,,,,,,,1,2,3.067976393,,,,,,,,,,,,44,1,2019_Oct_16_1505,FaceNameBlocked,3.0.0,60.08194938,
74,FacesBlock3_v2.xlsx,Noah.mp4,Noah.JPG,Noah,31,Նոահ,0,2,2,2,0,13,13,1,,,,,,,0,1,6.783833474,,,,,,,,,,,,44,1,2019_Oct_16_1505,FaceNameBlocked,3.0.0,60.08194938,
78,FacesBlock3_v2.xlsx,Noah.mp4,Noah.JPG,Noah,31,Նոահ,0,2,2,2,,,,,0,2,2,1,,,,,,,,Noah,"['lshift', 'lshift', 'n', 'o', 'a', 'h']","[2.96597975702025, 3.849893640028313, 4.051132873864844, 4.23430985189043, 4.415710393805057, 4.598377519985661]",[2.96597,2.96597,4,6.350236414,,,44,1,2019_Oct_16_1505,FaceNameBlocked,3.0.0,60.08194938,
82,FacesBlock3_v2.xlsx,Olivia.mp4,Olivia.JPG,Olivia,35,Ոլիւիա,0,2,2,2,,,,,0,6,6,5,,,,,,,,Olivia,"['lshift', 'o', 'l', 'i', 'v', 'i', 'a']","[1.317783801117912, 1.569355488056317, 1.9020248160231858, 2.068844139110297, 2.1855125040747225, 2.2849066401831806, 2.585252713179216]",[1.31778,1.31778,4,1.449144739,,,44,1,2019_Oct_16_1505,FaceNameBlocked,3.0.0,60.08194938,
72,FacesBlock3_v2.xlsx,Olivia.mp4,Olivia.JPG,Olivia,35,Ոլիւիա,0,2,2,2,0,11,11,5,,,,,,,1,2,4.617866257,,,,,,,,,,,,44,1,2019_Oct_16_1505,FaceNameBlocked,3.0.0,60.08194938,
39,FacesBlock2_v2.xlsx,Rachel.mp4,Rachel.JPG,Rachel,29,Րագհէլ,0,1,1,1,0,8,8,14,,,,,,,1,2,2.301759614,,,,,,,,,,,,44,1,2019_Oct_16_1505,FaceNameBlocked,3.0.0,60.08194938,
60,FacesBlock2_v2.xlsx,Rachel.mp4,Rachel.JPG,Rachel,29,Րագհէլ,0,1,1,1,,,,,0,14,14,14,,,,,,,,,None,,,,1,1.934432654,,,44,1,2019_Oct_16_1505,FaceNameBlocked,3.0.0,60.08194938,
66,FacesBlock3_v2.xlsx,Rebecca.mp4,Rebecca.JPG,Rebecca,32,Րէբէգգա,0,2,2,2,0,5,5,2,,,,,,,0,2,6.366790424,,,,,,,,,,,,44,1,2019_Oct_16_1505,FaceNameBlocked,3.0.0,60.08194938,
81,FacesBlock3_v2.xlsx,Rebecca.mp4,Rebecca.JPG,Rebecca,32,Րէբէգգա,0,2,2,2,,,,,0,5,5,2,,,,,,,,rachel,"['r', 'a', 'c', 'h', 'e', 'l']","[6.981662584003061, 7.2334263098891824, 7.9832023188937455, 8.13311891281046, 9.015971160959452, 9.315702277934179]",[6.98166,6.98166,2,1.951507609,,,44,1,2019_Oct_16_1505,FaceNameBlocked,3.0.0,60.08194938,
64,FacesBlock3_v2.xlsx,Sarah.mp4,Sarah.JPG,Sarah,33,Սարահ,0,2,2,2,0,3,3,3,,,,,,,0,2,6.550475837,,,,,,,,,,,,44,1,2019_Oct_16_1505,FaceNameBlocked,3.0.0,60.08194938,
84,FacesBlock3_v2.xlsx,Sarah.mp4,Sarah.JPG,Sarah,33,Սարահ,0,2,2,2,,,,,0,8,8,3,,,,,,,,sarah,"['s', 'a', 'r', 'a', 'h']","[5.034057728014886, 5.23382900794968, 5.382087018806487, 5.666985905030742, 5.850055328803137]",[5.03405,5.03405,4,1.268548974,,,44,1,2019_Oct_16_1505,FaceNameBlocked,3.0.0,60.08194938,
71,FacesBlock3_v2.xlsx,Shelby.mp4,Shelby.JPG,Shelby,36,Սհէլբե,0,2,2,2,0,10,10,6,,,,,,,1,2,3.31854478,,,,,,,,,,,,44,1,2019_Oct_16_1505,FaceNameBlocked,3.0.0,60.08194938,
83,FacesBlock3_v2.xlsx,Shelby.mp4,Shelby.JPG,Shelby,36,Սհէլբե,0,2,2,2,,,,,0,7,7,6,,,,,,,,shelby,"['s', 'h', 'e', 'l', 'b', 'y']","[1.7525159528013319, 2.4183575918432325, 2.601931696990505, 2.6853981527965516, 3.0019363698083907, 3.568074733018875]",[1.75251,1.75251,4,1.651735683,,,44,1,2019_Oct_16_1505,FaceNameBlocked,3.0.0,60.08194938,
46,FacesBlock2_v2.xlsx,Steven.mp4,Steven.JPG,Steven,17,Սդէւէն,0,1,1,1,,,,,0,0,0,2,,,,,,space,13.68133344,justin,"['j', 'u', 's', 'i', 't', 'backspace', 'backspace', 'backspace', 's', 't', 'i', 'n']","[4.367329980013892, 4.783500751014799, 5.4005658000241965, 5.614968125009909, 5.899698922876269, 6.3327854599338025, 6.4828752998728305, 6.631415938027203, 7.083255700068548, 7.2495065769180655, 7.349716489901766, 7.433204533066601]",[4.36732,4.36732,2,1.91814139,,,44,1,2019_Oct_16_1505,FaceNameBlocked,3.0.0,60.08194938,
42,FacesBlock2_v2.xlsx,Steven.mp4,Steven.JPG,Steven,17,Սդէւէն,0,1,1,1,0,11,11,2,,,,,,,0,1,4.319045498,,,,,,,,,,,,44,1,2019_Oct_16_1505,FaceNameBlocked,3.0.0,60.08194938,
100,FacesBlock4_v2.xlsx,Taylor.mp4,Taylor.JPG,Taylor,45,Դաելոր,0,3,3,3,0,9,9,0,,,,,,,0,2,7.784080153,,,,,,,,,,,,44,1,2019_Oct_16_1505,FaceNameBlocked,3.0.0,60.08194938,
119,FacesBlock4_v2.xlsx,Taylor.mp4,Taylor.JPG,Taylor,45,Դաելոր,0,3,3,3,,,,,0,13,13,0,,,,,,,,taylor,"['t', 'a', 'y', 'l', 'o', 'r']","[3.7007141020148993, 4.000786812976003, 4.467807987006381, 4.718023409834132, 4.934201041935012, 5.034166294848546]",[3.70071,3.70071,4,10.13239605,,,44,1,2019_Oct_16_1505,FaceNameBlocked,3.0.0,60.08194938,
68,FacesBlock3_v2.xlsx,Thomas.mp4,Thomas.JPG,Thomas,44,Դհոմաս,0,2,2,2,0,7,7,14,,,,,,,1,1,4.668288323,,,,,,,,,,,,44,1,2019_Oct_16_1505,FaceNameBlocked,3.0.0,60.08194938,
85,FacesBlock3_v2.xlsx,Thomas.mp4,Thomas.JPG,Thomas,44,Դհոմաս,0,2,2,2,,,,,0,9,9,14,,,,,,,,thomas,"['t', 'h', 'o', 'm', 'a', 's']","[4.851211000001058, 5.017080314923078, 5.150648375973105, 5.317531883018091, 5.417332313023508, 5.565710013965145]",[4.85121,4.85121,4,0.602057082,,,44,1,2019_Oct_16_1505,FaceNameBlocked,3.0.0,60.08194938,
22,FacesBlock1_v2.xlsx,Timothy.mp4,Timothy.JPG,Timothy,10,Դիմոդհե,0,0,0,0,,,,,0,6,6,10,,,,,,,,ethan,"['e', 'backspace', 'e', 't', 'h', 'a', 'n']","[7.0312686979305, 7.965612536063418, 8.299079613061622, 8.666029598098248, 8.832693332107738, 8.94931736192666, 9.132159497123212]",[7.03126,7.03126,2,1.668384765,,,44,1,2019_Oct_16_1505,FaceNameBlocked,3.0.0,60.08194938,
15,FacesBlock1_v2.xlsx,Timothy.mp4,Timothy.JPG,Timothy,10,Դիմոդհե,0,0,0,0,0,14,14,10,,,,,,,0,1,1.052742809,,,,,,,,,,,,44,1,2019_Oct_16_1505,FaceNameBlocked,3.0.0,60.08194938,
59,FacesBlock2_v2.xlsx,Trevor.mp4,Trevor.JPG,Trevor,21,Դրէւոր,0,1,1,1,,,,,0,13,13,6,,,,,,,,aaron,"['a', 'a', 'r', 'o', 'n']","[6.666528733912855, 7.066097577102482, 7.266305901110172, 7.449176253052428, 7.582642331952229]",[6.66652,6.66652,1,0.31897154,,,44,1,2019_Oct_16_1505,FaceNameBlocked,3.0.0,60.08194938,
36,FacesBlock2_v2.xlsx,Trevor.mp4,Trevor.JPG,Trevor,21,Դրէւոր,0,1,1,1,0,5,5,6,,,,,,,0,1,3.301794843,,,,,,,,,,,,44,1,2019_Oct_16_1505,FaceNameBlocked,3.0.0,60.08194938,
58,FacesBlock2_v2.xlsx,Tyler.mp4,Tyler.JPG,Tyler,22,Դելէր,0,1,1,1,,,,,0,12,12,7,,,,,,,,,None,,,,1,0.735359767,,,44,1,2019_Oct_16_1505,FaceNameBlocked,3.0.0,60.08194938,
33,FacesBlock2_v2.xlsx,Tyler.mp4,Tyler.JPG,Tyler,22,Դելէր,0,1,1,1,0,2,2,7,,,,,,,1,1,5.068179036,,,,,,,,,,,,44,1,2019_Oct_16_1505,FaceNameBlocked,3.0.0,60.08194938,
0,,,,,,,,,,,,,,,,,,,space,38.85713236,,,,,,,,,,,,,,,44,1,2019_Oct_16_1505,FaceNameBlocked,3.0.0,60.08194938,
121,,,,,,,,,,,,,,,,,,,,,,,,,,,,,,,,,space,1246.127281,44,1,2019_Oct_16_1505,FaceNameBlocked,3.0.0,60.08194938,