,condsFile,Video,Photo,Name,Row,Name2,blocks.thisRepN,blocks.thisTrialN,blocks.thisN,blocks.thisIndex,presentations.thisRepN,presentations.thisTrialN,presentations.thisN,presentations.thisIndex,testing.thisRepN,testing.thisTrialN,testing.thisN,testing.thisIndex,advance_1.keys,advance_1.rt,currentCond,judgementResp.keys,judgementResp.rt,advance_2.keys,advance_2.rt,inputText,key_resp_3.keys,rating_resp.keys,rating_resp.rt,key_resp_3.rt,,key_resp3_fin,end_key.keys,end_key.rt,participant,session,date,expName,psychopyVersion,frameRate,Unnamed: 38
54,FacesBlock2_v2.xlsx,Aaron.mp4,Aaron.JPG,Aaron,18,Աարոն,0,1,1,1,,,,,0,8,8,3,,,,,,,,kodcod,"['k', 'o', 'd', 'y', 'backspace', 'c', 'o', 'd', 'y', 'backspace']",1,1.96815547,"[5.3172420889895875, 5.433865787985269, 5.567038382985629, 5.683648520993302, 6.499434520985233, 7.366550362989074, 7.532606963999569, 7.999480584985577, 8.215334796987008, 8.732013041008031]",[5.31724,5.31724,,,19,1,2019_Aug_13_1749,FaceNameBlocked,3.0.0,60.03098451,
34,FacesBlock2_v2.xlsx,Aaron.mp4,Aaron.JPG,Aaron,18,Աարոն,0,1,1,1,0,3,3,3,,,,,,,0,1,1.118541207,,,,,,,,,,,,19,1,2019_Aug_13_1749,FaceNameBlocked,3.0.0,60.03098451,
5,FacesBlock1_v2.xlsx,Adam.mp4,Adam.JPG,Adam,5,Ատամ,0,0,0,0,0,4,4,5,,,,,,,0,1,0.669815989,,,,,,,,,,,,19,1,2019_Aug_13_1749,FaceNameBlocked,3.0.0,60.03098451,
23,FacesBlock1_v2.xlsx,Adam.mp4,Adam.JPG,Adam,5,Ատամ,0,0,0,0,,,,,0,7,7,5,,,,,,,,,None,1,1.252053111,,,,,,19,1,2019_Aug_13_1749,FaceNameBlocked,3.0.0,60.03098451,
120,FacesBlock4_v2.xlsx,Alyssa.mp4,Alyssa.JPG,Alyssa,55,Ալեսսա,0,3,3,3,,,,,0,14,14,10,,,,,,,,lisa,"['l', 'i', 's', 'a']",2,0.385528461,"[2.6179177069861908, 2.816498698986834, 2.9016536840063054, 3.034888944996055]",[2.61791,2.61791,,,19,1,2019_Aug_13_1749,FaceNameBlocked,3.0.0,60.03098451,
93,FacesBlock4_v2.xlsx,Alyssa.mp4,Alyssa.JPG,Alyssa,55,Ալեսսա,0,3,3,3,0,2,2,10,,,,,,,1,2,0.836421598,,,,,,,,,,,,19,1,2019_Aug_13_1749,FaceNameBlocked,3.0.0,60.03098451,
26,FacesBlock1_v2.xlsx,Amanda.mp4,Amanda.JPG,Amanda,2,Ամանտա,0,0,0,0,,,,,0,10,10,2,,,,,,,,amanda,"['a', 'm', 'a', 'n', 'd', 'a']",2,1.517916554,"[5.233766469988041, 5.433351982996101, 5.616463544982253, 5.816799246007577, 6.033549497980857, 6.299510797980474]",[5.23376,5.23376,,,19,1,2019_Aug_13_1749,FaceNameBlocked,3.0.0,60.03098451,
15,FacesBlock1_v2.xlsx,Amanda.mp4,Amanda.JPG,Amanda,2,Ամանտա,0,0,0,0,0,14,14,2,,,,,,,1,2,0.819071507,,,,,,,,,,,,19,1,2019_Aug_13_1749,FaceNameBlocked,3.0.0,60.03098451,
115,FacesBlock4_v2.xlsx,Andrew.mp4,Andrew.JPG,Andrew,51,Անտրէվ,0,3,3,3,,,,,0,9,9,6,,,,,,,,bryan,"['b', 'r', 'y', 'a', 'n']",1,0.834991609,"[4.200857084011659, 4.367344048019731, 4.717540438025026, 4.9675511050154455, 5.133901727007469]",[4.20085,4.20085,,,19,1,2019_Aug_13_1749,FaceNameBlocked,3.0.0,60.03098451,
97,FacesBlock4_v2.xlsx,Andrew.mp4,Andrew.JPG,Andrew,51,Անտրէվ,0,3,3,3,0,6,6,6,,,,,,,0,1,0.452727313,,,,,,,,,,,,19,1,2019_Aug_13_1749,FaceNameBlocked,3.0.0,60.03098451,
113,FacesBlock4_v2.xlsx,Anna.mp4,Anna.JPG,Anna,47,Աննա,0,3,3,3,,,,,0,7,7,2,,,,,,,,,None,1,0.60155313,,,,,,19,1,2019_Aug_13_1749,FaceNameBlocked,3.0.0,60.03098451,
105,FacesBlock4_v2.xlsx,Anna.mp4,Anna.JPG,Anna,47,Աննա,0,3,3,3,0,14,14,2,,,,,,,1,2,1.418479275,,,,,,,,,,,,19,1,2019_Aug_13_1749,FaceNameBlocked,3.0.0,60.03098451,
35,FacesBlock2_v2.xlsx,Ashley.mp4,Ashley.JPG,Ashley,24,Ասհլէե,0,1,1,1,0,4,4,9,,,,,,,0,2,0.986012179,,,,,,,,,,,,19,1,2019_Aug_13_1749,FaceNameBlocked,3.0.0,60.03098451,
60,FacesBlock2_v2.xlsx,Ashley.mp4,Ashley.JPG,Ashley,24,Ասհլէե,0,1,1,1,,,,,0,14,14,9,,,,,,,,natalie,"['n', 'a', 't', 'a', 'l', 'i', 'e']",2,0.452061985,"[5.017596538004, 5.8509075609908905, 6.11749797698576, 6.317021508002654, 6.717197766003665, 6.80073910599458, 6.950768987007905]",[5.01759,5.01759,,,19,1,2019_Aug_13_1749,FaceNameBlocked,3.0.0,60.03098451,
9,FacesBlock1_v2.xlsx,Bradley.mp4,Bradley.JPG,Bradley,14,Բրատլէե,0,0,0,0,0,8,8,14,,,,,,,0,1,0.952886771,,,,,,,,,,,,19,1,2019_Aug_13_1749,FaceNameBlocked,3.0.0,60.03098451,
20,FacesBlock1_v2.xlsx,Bradley.mp4,Bradley.JPG,Bradley,14,Բրատլէե,0,0,0,0,,,,,0,4,4,14,,,,,,,,,None,1,2.018541698,,,,,,19,1,2019_Aug_13_1749,FaceNameBlocked,3.0.0,60.03098451,
112,FacesBlock4_v2.xlsx,Brandon.mp4,Brandon.JPG,Brandon,56,Բրանտոն,0,3,3,3,,,,,0,6,6,11,,,,,,,,,None,1,1.751620436,,,,,,19,1,2019_Aug_13_1749,FaceNameBlocked,3.0.0,60.03098451,
94,FacesBlock4_v2.xlsx,Brandon.mp4,Brandon.JPG,Brandon,56,Բրանտոն,0,3,3,3,0,3,3,11,,,,,,,0,1,0.936337229,,,,,,,,,,,,19,1,2019_Aug_13_1749,FaceNameBlocked,3.0.0,60.03098451,
96,FacesBlock4_v2.xlsx,Brian.mp4,Brian.JPG,Brian,53,Բրիան,0,3,3,3,0,5,5,8,,,,,,,1,1,0.736275953,,,,,,,,,,,,19,1,2019_Aug_13_1749,FaceNameBlocked,3.0.0,60.03098451,
109,FacesBlock4_v2.xlsx,Brian.mp4,Brian.JPG,Brian,53,Բրիան,0,3,3,3,,,,,0,3,3,8,,,,,,,,,None,1,0.40019351,,,,,,19,1,2019_Aug_13_1749,FaceNameBlocked,3.0.0,60.03098451,
98,FacesBlock4_v2.xlsx,Brianna.mp4,Brianna.JPG,Brianna,48,Բրիաննա,0,3,3,3,0,7,7,3,,,,,,,1,2,0.902999575,,,,,,,,,,,,19,1,2019_Aug_13_1749,FaceNameBlocked,3.0.0,60.03098451,
117,FacesBlock4_v2.xlsx,Brianna.mp4,Brianna.JPG,Brianna,48,Բրիաննա,0,3,3,3,,,,,0,11,11,3,,,,,,,,,None,1,0.85230864,,,,,,19,1,2019_Aug_13_1749,FaceNameBlocked,3.0.0,60.03098451,
36,FacesBlock2_v2.xlsx,Brittany.mp4,Brittany.JPG,Brittany,28,Բրիդդանե,0,1,1,1,0,5,5,13,,,,,,,1,2,0.919578727,,,,,,,,,,,,19,1,2019_Aug_13_1749,FaceNameBlocked,3.0.0,60.03098451,
48,FacesBlock2_v2.xlsx,Brittany.mp4,Brittany.JPG,Brittany,28,Բրիդդանե,0,1,1,1,,,,,0,2,2,13,,,,,,,,britney,"['b', 'r', 'i', 't', 'n', 'e', 'y']",4,1.168223798,"[1.8353423550142907, 2.2354416600137483, 2.5351780930068344, 2.7178832910140045, 3.0012644400121644, 3.3848120020120405, 3.551483626011759]",[1.83534,1.83534,,,19,1,2019_Aug_13_1749,FaceNameBlocked,3.0.0,60.03098451,
91,FacesBlock4_v2.xlsx,Caleb.mp4,Caleb.JPG,Caleb,59,Գալէբ,0,3,3,3,0,0,0,14,,,,,,,0,1,2.585523323,,,,,,,,,,,,19,1,2019_Aug_13_1749,FaceNameBlocked,3.0.0,60.03098451,
110,FacesBlock4_v2.xlsx,Caleb.mp4,Caleb.JPG,Caleb,59,Գալէբ,0,3,3,3,,,,,0,4,4,14,,,,,,,,,None,1,0.269007735,,,,,,19,1,2019_Aug_13_1749,FaceNameBlocked,3.0.0,60.03098451,
38,FacesBlock2_v2.xlsx,Cody.mp4,Cody.JPG,Cody,23,Գոտե,0,1,1,1,0,7,7,8,,,,,,,1,1,0.986453436,,,,,,,,,,,,19,1,2019_Aug_13_1749,FaceNameBlocked,3.0.0,60.03098451,
50,FacesBlock2_v2.xlsx,Cody.mp4,Cody.JPG,Cody,23,Գոտե,0,1,1,1,,,,,0,4,4,8,,,,,,,,justin,"['j', 'u', 's', 't', 'i', 'n']",3,1.501862207,"[8.766049677011324, 8.965811124013271, 9.132794042001478, 9.515605479013175, 9.665574331011157, 9.832137351011625]",[8.76604,8.76604,,,19,1,2019_Aug_13_1749,FaceNameBlocked,3.0.0,60.03098451,
63,FacesBlock3_v2.xlsx,Courtney.mp4,Courtney.JPG,Courtney,42,Գոըրդնէե,0,2,2,2,0,2,2,12,,,,,,,1,2,1.669377927,,,,,,,,,,,,19,1,2019_Aug_13_1749,FaceNameBlocked,3.0.0,60.03098451,
88,FacesBlock3_v2.xlsx,Courtney.mp4,Courtney.JPG,Courtney,42,Գոըրդնէե,0,2,2,2,,,,,0,12,12,12,,,,,,,,courtney,"['c', 'o', 'u', 'r', 't', 'n', 'e', 'y']",3,0.318672912,"[2.184625106980093, 2.6677549759915564, 2.8180915659759194, 2.9847961549821775, 3.6340734549739864, 3.8342253499722574, 3.9336718889826443, 4.200712397985626]",[2.18462,2.18462,,,19,1,2019_Aug_13_1749,FaceNameBlocked,3.0.0,60.03098451,
87,FacesBlock3_v2.xlsx,Daniel.mp4,Daniel.JPG,Daniel,30,Տանիէլ,0,2,2,2,,,,,0,11,11,0,,,,,,,,daniel,"['d', 'a', 'n', 'i', 'e', 'l']",3,0.385536437,"[3.9175627030199394, 4.184385013999417, 4.349261594994459, 4.484747840993805, 4.650857986009214, 5.084520328004146]",[3.91756,3.91756,,,19,1,2019_Aug_13_1749,FaceNameBlocked,3.0.0,60.03098451,
72,FacesBlock3_v2.xlsx,Daniel.mp4,Daniel.JPG,Daniel,30,Տանիէլ,0,2,2,2,0,11,11,0,,,,,,,0,1,1.219333468,,,,,,,,,,,,19,1,2019_Aug_13_1749,FaceNameBlocked,3.0.0,60.03098451,
14,FacesBlock1_v2.xlsx,Danielle.mp4,Danielle.JPG,Danielle,3,Տանիէլլէ,0,0,0,0,0,13,13,3,,,,,,,1,2,0.618900312,,,,,,,,,,,,19,1,2019_Aug_13_1749,FaceNameBlocked,3.0.0,60.03098451,
19,FacesBlock1_v2.xlsx,Danielle.mp4,Danielle.JPG,Danielle,3,Տանիէլլէ,0,0,0,0,,,,,0,3,3,3,,,,,,,,natalie,"['n', 'a', 't', 'a', 'l', 'i', 'e']",2,0.918437413,"[4.385406623012386, 4.5673346419935115, 4.784328818990616, 4.950090694008395, 5.4666064210177865, 5.600530582014471, 5.850643779995153]",[4.38540,4.38540,,,19,1,2019_Aug_13_1749,FaceNameBlocked,3.0.0,60.03098451,
44,FacesBlock2_v2.xlsx,David.mp4,David.JPG,David,16,Տաւիտ,0,1,1,1,0,13,13,1,,,,,,,1,1,1.052727848,,,,,,,,,,,,19,1,2019_Aug_13_1749,FaceNameBlocked,3.0.0,60.03098451,
52,FacesBlock2_v2.xlsx,David.mp4,David.JPG,David,16,Տաւիտ,0,1,1,1,,,,,0,6,6,1,,,,,,,,aaron,"['a', 'a', 'r', 'o', 'n']",3,0.319041416,"[4.400923796987627, 4.600567729008617, 5.050335461011855, 5.283737596007995, 6.000158184993779]",[4.40092,4.40092,,,19,1,2019_Aug_13_1749,FaceNameBlocked,3.0.0,60.03098451,
100,FacesBlock4_v2.xlsx,Dylan.mp4,Dylan.JPG,Dylan,50,Տելան,0,3,3,3,0,9,9,5,,,,,,,0,1,0.586901557,,,,,,,,,,,,19,1,2019_Aug_13_1749,FaceNameBlocked,3.0.0,60.03098451,
108,FacesBlock4_v2.xlsx,Dylan.mp4,Dylan.JPG,Dylan,50,Տելան,0,3,3,3,,,,,0,2,2,5,,,,,,,,,None,1,0.36909013,,,,,,19,1,2019_Aug_13_1749,FaceNameBlocked,3.0.0,60.03098451,
118,FacesBlock4_v2.xlsx,Emily.mp4,Emily.JPG,Emily,57,Էմիլե,0,3,3,3,,,,,0,12,12,12,,,,,,,,lisa,"['l', 'y', 's', 's', 'a', 'backspace', 'backspace', 'backspace', 'backspace', 'i', 's', 'a']",2,1.484954556,"[6.599675319012022, 6.8667159659962635, 7.233298406994436, 7.515906801010715, 7.649609590996988, 8.0985522819974, 8.315245044999756, 8.49904832500033, 8.648702217004029, 9.44919099798426, 9.599093558004824, 9.731945637991885]",[6.59967,6.59967,,,19,1,2019_Aug_13_1749,FaceNameBlocked,3.0.0,60.03098451,
104,FacesBlock4_v2.xlsx,Emily.mp4,Emily.JPG,Emily,57,Էմիլե,0,3,3,3,0,13,13,12,,,,,,,0,2,0.386348481,,,,,,,,,,,,19,1,2019_Aug_13_1749,FaceNameBlocked,3.0.0,60.03098451,
6,FacesBlock1_v2.xlsx,Eric.mp4,Eric.JPG,Eric,0,Էրիգ,0,0,0,0,0,5,5,0,,,,,,,1,1,1.318917947,,,,,,,,,,,,19,1,2019_Aug_13_1749,FaceNameBlocked,3.0.0,60.03098451,
17,FacesBlock1_v2.xlsx,Eric.mp4,Eric.JPG,Eric,0,Էրիգ,0,0,0,0,,,,,0,1,1,0,,,,,,,,jason,"['j', 'a', 's', 'o', 'n']",2,0.668102319,"[2.735186648002127, 3.1679880390001927, 3.4179975620063487, 4.667431476991624, 4.834181340003852]",[2.73518,2.73518,,,19,1,2019_Aug_13_1749,FaceNameBlocked,3.0.0,60.03098451,
8,FacesBlock1_v2.xlsx,Ethan.mp4,Ethan.JPG,Ethan,11,Էդհան,0,0,0,0,0,7,7,11,,,,,,,1,1,1.035959644,,,,,,,,,,,,19,1,2019_Aug_13_1749,FaceNameBlocked,3.0.0,60.03098451,
24,FacesBlock1_v2.xlsx,Ethan.mp4,Ethan.JPG,Ethan,11,Էդհան,0,0,0,0,,,,,0,8,8,11,,,,,,,,,None,1,0.80215789,,,,,,19,1,2019_Aug_13_1749,FaceNameBlocked,3.0.0,60.03098451,
103,FacesBlock4_v2.xlsx,Grace.mp4,Grace.JPG,Grace,58,Կրագէ,0,3,3,3,0,12,12,13,,,,,,,1,2,1.635163572,,,,,,,,,,,,19,1,2019_Aug_13_1749,FaceNameBlocked,3.0.0,60.03098451,
107,FacesBlock4_v2.xlsx,Grace.mp4,Grace.JPG,Grace,58,Կրագէ,0,3,3,3,,,,,0,1,1,13,,,,,,,,,None,1,1.05163717,,,,,,19,1,2019_Aug_13_1749,FaceNameBlocked,3.0.0,60.03098451,
31,FacesBlock2_v2.xlsx,Haley.mp4,Haley.JPG,Haley,20,Հալէե,0,1,1,1,0,0,0,5,,,,,,,0,2,3.036008003,,,,,,,,,,,,19,1,2019_Aug_13_1749,FaceNameBlocked,3.0.0,60.03098451,
51,FacesBlock2_v2.xlsx,Haley.mp4,Haley.JPG,Haley,20,Հալէե,0,1,1,1,,,,,0,5,5,5,,,,,,,,haley,"['h', 'a', 'l', 'e', 'y']",4,0.366787678,"[1.2358043910062406, 1.4856835220125504, 2.1346026429964695, 2.3518958240165375, 2.651668761012843]",[1.23580,1.23580,,,19,1,2019_Aug_13_1749,FaceNameBlocked,3.0.0,60.03098451,
21,FacesBlock1_v2.xlsx,Hannah.mp4,Hannah.JPG,Hannah,1,Հաննահ,0,0,0,0,,,,,0,5,5,1,,,,,,,,jessica,"['j', 'e', 's', 's', 'i', 'c', 'a']",2,1.434487197,"[7.049893847986823, 7.316234704980161, 7.549814728001365, 7.731131993990857, 7.882526950997999, 8.082319115987048, 8.365922461001901]",[7.04989,7.04989,,,19,1,2019_Aug_13_1749,FaceNameBlocked,3.0.0,60.03098451,
4,FacesBlock1_v2.xlsx,Hannah.mp4,Hannah.JPG,Hannah,1,Հաննահ,0,0,0,0,0,3,3,1,,,,,,,0,2,0.736160505,,,,,,,,,,,,19,1,2019_Aug_13_1749,FaceNameBlocked,3.0.0,60.03098451,
59,FacesBlock2_v2.xlsx,Heather.mp4,Heather.JPG,Heather,26,Հէադհէր,0,1,1,1,,,,,0,13,13,11,,,,,,,,danielle,"['d', 'a', 'n', 'i', 'e', 'l', 'l', 'e']",1,0.718948323,"[6.581299704004778, 6.883196673006751, 7.116210498003056, 7.233291548996931, 7.432993737020297, 7.597868108015973, 7.7495387039962225, 7.816463802009821]",[6.58129,6.58129,,,19,1,2019_Aug_13_1749,FaceNameBlocked,3.0.0,60.03098451,
42,FacesBlock2_v2.xlsx,Heather.mp4,Heather.JPG,Heather,26,Հէադհէր,0,1,1,1,0,11,11,11,,,,,,,0,2,0.686777244,,,,,,,,,,,,19,1,2019_Aug_13_1749,FaceNameBlocked,3.0.0,60.03098451,
82,FacesBlock3_v2.xlsx,Jacob.mp4,Jacob.JPG,Jacob,39,Ճագոբ,0,2,2,2,,,,,0,6,6,9,,,,,,,,jacob,"['j', 'a', 'c', 'o', 'b']",4,0.451542466,"[1.8356422430078965, 2.1182651899871416, 2.4679234070063103, 2.7518109969969373, 2.9844308469910175]",[1.83564,1.83564,,,19,1,2019_Aug_13_1749,FaceNameBlocked,3.0.0,60.03098451,
62,FacesBlock3_v2.xlsx,Jacob.mp4,Jacob.JPG,Jacob,39,Ճագոբ,0,2,2,2,0,1,1,9,,,,,,,0,1,0.851850123,,,,,,,,,,,,19,1,2019_Aug_13_1749,FaceNameBlocked,3.0.0,60.03098451,
99,FacesBlock4_v2.xlsx,Jason.mp4,Jason.JPG,Jason,49,Ճասոն,0,3,3,3,0,8,8,4,,,,,,,1,1,0.552781429,,,,,,,,,,,,19,1,2019_Aug_13_1749,FaceNameBlocked,3.0.0,60.03098451,
106,FacesBlock4_v2.xlsx,Jason.mp4,Jason.JPG,Jason,49,Ճասոն,0,3,3,3,,,,,0,0,0,4,,,,,,space,10.99848861,,None,1,0.619950837,,,,,,19,1,2019_Aug_13_1749,FaceNameBlocked,3.0.0,60.03098451,
1,FacesBlock1_v2.xlsx,Jenna.mp4,Jenna.JPG,Jenna,6,Ճէննա,0,0,0,0,0,0,0,6,,,,,,,0,2,2.901769252,,,,,,,,,,,,19,1,2019_Aug_13_1749,FaceNameBlocked,3.0.0,60.03098451,
29,FacesBlock1_v2.xlsx,Jenna.mp4,Jenna.JPG,Jenna,6,Ճէննա,0,0,0,0,,,,,0,13,13,6,,,,,,,,amanda,"['a', 'm', 'a', 'n', 'd', 'a']",2,0.635326826,"[6.366440621990478, 6.616398646001471, 6.764142543979688, 6.966224528005114, 7.333161143003963, 7.633025578979868]",[6.36644,6.36644,,,19,1,2019_Aug_13_1749,FaceNameBlocked,3.0.0,60.03098451,
53,FacesBlock2_v2.xlsx,Jeremy.mp4,Jeremy.JPG,Jeremy,15,Ճէրէմե,0,1,1,1,,,,,0,7,7,0,,,,,,,,,"['d', 'backspace']",1,1.201239463,"[5.484199720987817, 6.466700046003098]",[5.48419,5.48419,,,19,1,2019_Aug_13_1749,FaceNameBlocked,3.0.0,60.03098451,
41,FacesBlock2_v2.xlsx,Jeremy.mp4,Jeremy.JPG,Jeremy,15,Ճէրէմե,0,1,1,1,0,10,10,0,,,,,,,0,1,0.569389563,,,,,,,,,,,,19,1,2019_Aug_13_1749,FaceNameBlocked,3.0.0,60.03098451,
11,FacesBlock1_v2.xlsx,Jessica.mp4,Jessica.JPG,Jessica,8,Ճէսսիգա,0,0,0,0,0,10,10,8,,,,,,,0,2,0.802272236,,,,,,,,,,,,19,1,2019_Aug_13_1749,FaceNameBlocked,3.0.0,60.03098451,
27,FacesBlock1_v2.xlsx,Jessica.mp4,Jessica.JPG,Jessica,8,Ճէսսիգա,0,0,0,0,,,,,0,11,11,8,,,,,,,,,None,1,1.018568339,,,,,,19,1,2019_Aug_13_1749,FaceNameBlocked,3.0.0,60.03098451,
47,FacesBlock2_v2.xlsx,Josh.mp4,Josh.JPG,Josh,19,Ճոսհ,0,1,1,1,,,,,0,1,1,4,,,,,,,,josh,"['j', 'o', 's', 'h']",4,1.85155436,"[2.4678980559983756, 2.884498989005806, 3.4490970579790883, 4.848796226986451]",[2.46789,2.46789,,,19,1,2019_Aug_13_1749,FaceNameBlocked,3.0.0,60.03098451,
43,FacesBlock2_v2.xlsx,Josh.mp4,Josh.JPG,Josh,19,Ճոսհ,0,1,1,1,0,12,12,4,,,,,,,1,1,0.853749791,,,,,,,,,,,,19,1,2019_Aug_13_1749,FaceNameBlocked,3.0.0,60.03098451,
25,FacesBlock1_v2.xlsx,Julia.mp4,Julia.JPG,Julia,13,Ճըլիա,0,0,0,0,,,,,0,9,9,13,,,,,,,,,None,1,0.335418765,,,,,,19,1,2019_Aug_13_1749,FaceNameBlocked,3.0.0,60.03098451,
3,FacesBlock1_v2.xlsx,Julia.mp4,Julia.JPG,Julia,13,Ճըլիա,0,0,0,0,0,2,2,13,,,,,,,0,2,1.116541198,,,,,,,,,,,,19,1,2019_Aug_13_1749,FaceNameBlocked,3.0.0,60.03098451,
58,FacesBlock2_v2.xlsx,Justin.mp4,Justin.JPG,Justin,27,Ճըսդին,0,1,1,1,,,,,0,12,12,12,,,,,,,,steven,"['s', 't', 'e', 'v', 'e', 'n']",1,0.300400977,"[4.40111913398141, 4.917390435002744, 5.4008850370009895, 5.650312543002656, 5.867131923005218, 6.0329345270001795]",[4.40111,4.40111,,,19,1,2019_Aug_13_1749,FaceNameBlocked,3.0.0,60.03098451,
39,FacesBlock2_v2.xlsx,Justin.mp4,Justin.JPG,Justin,27,Ճըսդին,0,1,1,1,0,8,8,12,,,,,,,1,1,0.936107378,,,,,,,,,,,,19,1,2019_Aug_13_1749,FaceNameBlocked,3.0.0,60.03098451,
114,FacesBlock4_v2.xlsx,Katie.mp4,Katie.JPG,Katie,54,Քադիէ,0,3,3,3,,,,,0,8,8,9,,,,,,,,,None,1,0.43332315,,,,,,19,1,2019_Aug_13_1749,FaceNameBlocked,3.0.0,60.03098451,
102,FacesBlock4_v2.xlsx,Katie.mp4,Katie.JPG,Katie,54,Քադիէ,0,3,3,3,0,11,11,9,,,,,,,0,2,0.836735158,,,,,,,,,,,,19,1,2019_Aug_13_1749,FaceNameBlocked,3.0.0,60.03098451,
89,FacesBlock3_v2.xlsx,Kayla.mp4,Kayla.JPG,Kayla,34,Սարահ,0,2,2,2,,,,,0,13,13,4,,,,,,,,,None,1,0.335742399,,,,,,19,1,2019_Aug_13_1749,FaceNameBlocked,3.0.0,60.03098451,
75,FacesBlock3_v2.xlsx,Kayla.mp4,Kayla.JPG,Kayla,34,Սարահ,0,2,2,2,0,14,14,4,,,,,,,1,2,0.619747231,,,,,,,,,,,,19,1,2019_Aug_13_1749,FaceNameBlocked,3.0.0,60.03098451,
10,FacesBlock1_v2.xlsx,Kelsey.mp4,Kelsey.JPG,Kelsey,12,Քէլսէե,0,0,0,0,0,9,9,12,,,,,,,1,2,1.086684034,,,,,,,,,,,,19,1,2019_Aug_13_1749,FaceNameBlocked,3.0.0,60.03098451,
18,FacesBlock1_v2.xlsx,Kelsey.mp4,Kelsey.JPG,Kelsey,12,Քէլսէե,0,0,0,0,,,,,0,2,2,12,,,,,,,,jessica,"['j', 'e', 's', 's', 'i', 'c', 'a']",1,2.982874639,"[5.866900925000664, 6.066983687982429, 6.666314703994431, 6.883251516002929, 7.116604612005176, 7.316557324986206, 8.299281621002592]",[5.86690,5.86690,,,19,1,2019_Aug_13_1749,FaceNameBlocked,3.0.0,60.03098451,
61,FacesBlock3_v2.xlsx,Kevin.mp4,Kevin.JPG,Kevin,41,Քէւին,0,2,2,2,0,0,0,11,,,,,,,0,1,2.569184469,,,,,,,,,,,,19,1,2019_Aug_13_1749,FaceNameBlocked,3.0.0,60.03098451,
80,FacesBlock3_v2.xlsx,Kevin.mp4,Kevin.JPG,Kevin,41,Քէւին,0,2,2,2,,,,,0,4,4,11,,,,,,,,,None,1,1.752651227,,,,,,19,1,2019_Aug_13_1749,FaceNameBlocked,3.0.0,60.03098451,
13,FacesBlock1_v2.xlsx,Kyle.mp4,Kyle.JPG,Kyle,4,Քելէ,0,0,0,0,0,12,12,4,,,,,,,1,1,0.936562507,,,,,,,,,,,,19,1,2019_Aug_13_1749,FaceNameBlocked,3.0.0,60.03098451,
22,FacesBlock1_v2.xlsx,Kyle.mp4,Kyle.JPG,Kyle,4,Քելէ,0,0,0,0,,,,,0,6,6,4,,,,,,,,,None,1,1.418340656,,,,,,19,1,2019_Aug_13_1749,FaceNameBlocked,3.0.0,60.03098451,
85,FacesBlock3_v2.xlsx,Lauren.mp4,Lauren.JPG,Lauren,38,Լաըրէն,0,2,2,2,,,,,0,9,9,8,,,,,,,,courtney,"['c', 'o', 'u', 'r', 't', 'n', 'e', 'y']",3,1.235585563,"[5.683419962995686, 5.966113018017495, 6.116519610019168, 6.283782309008529, 6.66614418302197, 7.216360126010841, 7.299806087015895, 7.633003821014427]",[5.68341,5.68341,,,19,1,2019_Aug_13_1749,FaceNameBlocked,3.0.0,60.03098451,
66,FacesBlock3_v2.xlsx,Lauren.mp4,Lauren.JPG,Lauren,38,Լաըրէն,0,2,2,2,0,5,5,8,,,,,,,0,2,0.918672368,,,,,,,,,,,,19,1,2019_Aug_13_1749,FaceNameBlocked,3.0.0,60.03098451,
90,FacesBlock3_v2.xlsx,Mark.mp4,Mark.JPG,Mark,40,Մարք,0,2,2,2,,,,,0,14,14,10,,,,,,,,,None,1,0.652426852,,,,,,19,1,2019_Aug_13_1749,FaceNameBlocked,3.0.0,60.03098451,
71,FacesBlock3_v2.xlsx,Mark.mp4,Mark.JPG,Mark,40,Մարք,0,2,2,2,0,10,10,10,,,,,,,0,1,0.519370655,,,,,,,,,,,,19,1,2019_Aug_13_1749,FaceNameBlocked,3.0.0,60.03098451,
30,FacesBlock1_v2.xlsx,Matthew.mp4,Matthew.JPG,Matthew,9,Մադդհէվ,0,0,0,0,,,,,0,14,14,9,,,,,,,,,None,1,1.068913384,,,,,,19,1,2019_Aug_13_1749,FaceNameBlocked,3.0.0,60.03098451,
12,FacesBlock1_v2.xlsx,Matthew.mp4,Matthew.JPG,Matthew,9,Մադդհէվ,0,0,0,0,0,11,11,9,,,,,,,0,1,1.119396499,,,,,,,,,,,,19,1,2019_Aug_13_1749,FaceNameBlocked,3.0.0,60.03098451,
32,FacesBlock2_v2.xlsx,Megan.mp4,Megan.JPG,Megan,25,Մէկան,0,1,1,1,0,1,1,10,,,,,,,1,2,2.052270397,,,,,,,,,,,,19,1,2019_Aug_13_1749,FaceNameBlocked,3.0.0,60.03098451,
57,FacesBlock2_v2.xlsx,Megan.mp4,Megan.JPG,Megan,25,Մէկան,0,1,1,1,,,,,0,11,11,10,,,,,,,,,None,1,1.051682857,,,,,,19,1,2019_Aug_13_1749,FaceNameBlocked,3.0.0,60.03098451,
116,FacesBlock4_v2.xlsx,Michael.mp4,Michael.JPG,Michael,46,Միգհաէլ,0,3,3,3,,,,,0,10,10,1,,,,,,,,,None,1,0.368927363,,,,,,19,1,2019_Aug_13_1749,FaceNameBlocked,3.0.0,60.03098451,
101,FacesBlock4_v2.xlsx,Michael.mp4,Michael.JPG,Michael,46,Միգհաէլ,0,3,3,3,0,10,10,1,,,,,,,1,1,0.452805099,,,,,,,,,,,,19,1,2019_Aug_13_1749,FaceNameBlocked,3.0.0,60.03098451,
95,FacesBlock4_v2.xlsx,Michelle.mp4,Michelle.JPG,Michelle,52,Միգհէլլէ,0,3,3,3,0,4,4,7,,,,,,,0,2,0.469703236,,,,,,,,,,,,19,1,2019_Aug_13_1749,FaceNameBlocked,3.0.0,60.03098451,
111,FacesBlock4_v2.xlsx,Michelle.mp4,Michelle.JPG,Michelle,52,Միգհէլլէ,0,3,3,3,,,,,0,5,5,7,,,,,,,,michelle,"['m', 'i', 'c', 'h', 'e', 'l', 'l', 'e']",4,0.269552041,"[2.36814103499637, 2.5179838520125486, 2.7511315460142214, 2.900893778016325, 3.134308565000538, 3.5339842090033926, 3.684124060004251, 3.9321873919980135]",[2.36814,2.36814,,,19,1,2019_Aug_13_1749,FaceNameBlocked,3.0.0,60.03098451,
7,FacesBlock1_v2.xlsx,Natalie.mp4,Natalie.JPG,Natalie,7,Նադալիէ,0,0,0,0,0,6,6,7,,,,,,,1,2,1.553046158,,,,,,,,,,,,19,1,2019_Aug_13_1749,FaceNameBlocked,3.0.0,60.03098451,
16,FacesBlock1_v2.xlsx,Natalie.mp4,Natalie.JPG,Natalie,7,Նադալիէ,0,0,0,0,,,,,0,0,0,7,,,,,,space,45.90164744,,None,1,6.566801995,,,,,,19,1,2019_Aug_13_1749,FaceNameBlocked,3.0.0,60.03098451,
77,FacesBlock3_v2.xlsx,Nathan.mp4,Nathan.JPG,Nathan,37,Նադհան,0,2,2,2,,,,,0,1,1,7,,,,,,,,nathan,"['n', 'a', 't', 'h', 'a', 'n']",4,0.333391352,"[6.517447455989895, 6.666816662997007, 7.017100392986322, 7.150191123975674, 7.350198112981161, 7.500107150990516]",[6.51744,6.51744,,,19,1,2019_Aug_13_1749,FaceNameBlocked,3.0.0,60.03098451,
64,FacesBlock3_v2.xlsx,Nathan.mp4,Nathan.JPG,Nathan,37,Նադհան,0,2,2,2,0,3,3,7,,,,,,,1,1,1.452445246,,,,,,,,,,,,19,1,2019_Aug_13_1749,FaceNameBlocked,3.0.0,60.03098451,
78,FacesBlock3_v2.xlsx,Nicole.mp4,Nicole.JPG,Nicole,43,Նիգոլէ,0,2,2,2,,,,,0,2,2,13,,,,,,,,kara,"['k', 'a', 'r', 'a']",1,0.21878171,"[4.834807382023428, 4.984648919024039, 5.251343016017927, 5.3841302930086385]",[4.83480,4.83480,,,19,1,2019_Aug_13_1749,FaceNameBlocked,3.0.0,60.03098451,
74,FacesBlock3_v2.xlsx,Nicole.mp4,Nicole.JPG,Nicole,43,Նիգոլէ,0,2,2,2,0,13,13,13,,,,,,,0,2,0.969483243,,,,,,,,,,,,19,1,2019_Aug_13_1749,FaceNameBlocked,3.0.0,60.03098451,
65,FacesBlock3_v2.xlsx,Noah.mp4,Noah.JPG,Noah,31,Նոահ,0,2,2,2,0,4,4,1,,,,,,,1,1,2.202673669,,,,,,,,,,,,19,1,2019_Aug_13_1749,FaceNameBlocked,3.0.0,60.03098451,
79,FacesBlock3_v2.xlsx,Noah.mp4,Noah.JPG,Noah,31,Նոահ,0,2,2,2,,,,,0,3,3,1,,,,,,,,,None,1,1.118866258,,,,,,19,1,2019_Aug_13_1749,FaceNameBlocked,3.0.0,60.03098451,
69,FacesBlock3_v2.xlsx,Olivia.mp4,Olivia.JPG,Olivia,35,Ոլիւիա,0,2,2,2,0,8,8,5,,,,,,,1,2,0.669331075,,,,,,,,,,,,19,1,2019_Aug_13_1749,FaceNameBlocked,3.0.0,60.03098451,
81,FacesBlock3_v2.xlsx,Olivia.mp4,Olivia.JPG,Olivia,35,Ոլիւիա,0,2,2,2,,,,,0,5,5,5,,,,,,,,,None,1,0.468946746,,,,,,19,1,2019_Aug_13_1749,FaceNameBlocked,3.0.0,60.03098451,
46,FacesBlock2_v2.xlsx,Rachel.mp4,Rachel.JPG,Rachel,29,Րագհէլ,0,1,1,1,,,,,0,0,0,14,,,,,,space,15.23136157,,None,1,1.251291181,,,,,,19,1,2019_Aug_13_1749,FaceNameBlocked,3.0.0,60.03098451,
33,FacesBlock2_v2.xlsx,Rachel.mp4,Rachel.JPG,Rachel,29,Րագհէլ,0,1,1,1,0,2,2,14,,,,,,,0,2,0.969301127,,,,,,,,,,,,19,1,2019_Aug_13_1749,FaceNameBlocked,3.0.0,60.03098451,
73,FacesBlock3_v2.xlsx,Rebecca.mp4,Rebecca.JPG,Rebecca,32,Րէբէգգա,0,2,2,2,0,12,12,2,,,,,,,1,2,1.485884664,,,,,,,,,,,,19,1,2019_Aug_13_1749,FaceNameBlocked,3.0.0,60.03098451,
84,FacesBlock3_v2.xlsx,Rebecca.mp4,Rebecca.JPG,Rebecca,32,Րէբէգգա,0,2,2,2,,,,,0,8,8,2,,,,,,,,rebecca,"['r', 'e', 'b', 'e', 'c', 'c', 'a']",4,0.718201385,"[2.318084901984548, 2.6005438989959657, 2.850687667989405, 3.0011520859843586, 3.2169848719786387, 3.367498881998472, 3.584224122983869]",[2.31808,2.31808,,,19,1,2019_Aug_13_1749,FaceNameBlocked,3.0.0,60.03098451,
70,FacesBlock3_v2.xlsx,Sarah.mp4,Sarah.JPG,Sarah,33,Սարահ,0,2,2,2,0,9,9,3,,,,,,,1,2,0.436619867,,,,,,,,,,,,19,1,2019_Aug_13_1749,FaceNameBlocked,3.0.0,60.03098451,
76,FacesBlock3_v2.xlsx,Sarah.mp4,Sarah.JPG,Sarah,33,Սարահ,0,2,2,2,,,,,0,0,0,3,,,,,,space,4.634036028,,None,1,0.401593354,,,,,,19,1,2019_Aug_13_1749,FaceNameBlocked,3.0.0,60.03098451,
83,FacesBlock3_v2.xlsx,Shelby.mp4,Shelby.JPG,Shelby,36,Սհէլբե,0,2,2,2,,,,,0,7,7,6,,,,,,,,,None,1,0.785060599,,,,,,19,1,2019_Aug_13_1749,FaceNameBlocked,3.0.0,60.03098451,
68,FacesBlock3_v2.xlsx,Shelby.mp4,Shelby.JPG,Shelby,36,Սհէլբե,0,2,2,2,0,7,7,6,,,,,,,1,2,1.136616281,,,,,,,,,,,,19,1,2019_Aug_13_1749,FaceNameBlocked,3.0.0,60.03098451,
56,FacesBlock2_v2.xlsx,Steven.mp4,Steven.JPG,Steven,17,Սդէւէն,0,1,1,1,,,,,0,10,10,2,,,,,,,,,None,1,2.434616646,,,,,,19,1,2019_Aug_13_1749,FaceNameBlocked,3.0.0,60.03098451,
45,FacesBlock2_v2.xlsx,Steven.mp4,Steven.JPG,Steven,17,Սդէւէն,0,1,1,1,0,14,14,2,,,,,,,1,1,1.00247898,,,,,,,,,,,,19,1,2019_Aug_13_1749,FaceNameBlocked,3.0.0,60.03098451,
119,FacesBlock4_v2.xlsx,Taylor.mp4,Taylor.JPG,Taylor,45,Դաելոր,0,3,3,3,,,,,0,13,13,0,,,,,,,,,None,1,1.318116847,,,,,,19,1,2019_Aug_13_1749,FaceNameBlocked,3.0.0,60.03098451,
92,FacesBlock4_v2.xlsx,Taylor.mp4,Taylor.JPG,Taylor,45,Դաելոր,0,3,3,3,0,1,1,0,,,,,,,0,2,1.402949588,,,,,,,,,,,,19,1,2019_Aug_13_1749,FaceNameBlocked,3.0.0,60.03098451,
86,FacesBlock3_v2.xlsx,Thomas.mp4,Thomas.JPG,Thomas,44,Դհոմաս,0,2,2,2,,,,,0,10,10,14,,,,,,,,,None,1,1.285503012,,,,,,19,1,2019_Aug_13_1749,FaceNameBlocked,3.0.0,60.03098451,
67,FacesBlock3_v2.xlsx,Thomas.mp4,Thomas.JPG,Thomas,44,Դհոմաս,0,2,2,2,0,6,6,14,,,,,,,0,1,0.95286672,,,,,,,,,,,,19,1,2019_Aug_13_1749,FaceNameBlocked,3.0.0,60.03098451,
28,FacesBlock1_v2.xlsx,Timothy.mp4,Timothy.JPG,Timothy,10,Դիմոդհե,0,0,0,0,,,,,0,12,12,10,,,,,,,,,None,1,0.518789569,,,,,,19,1,2019_Aug_13_1749,FaceNameBlocked,3.0.0,60.03098451,
2,FacesBlock1_v2.xlsx,Timothy.mp4,Timothy.JPG,Timothy,10,Դիմոդհե,0,0,0,0,0,1,1,10,,,,,,,1,1,1.618839715,,,,,,,,,,,,19,1,2019_Aug_13_1749,FaceNameBlocked,3.0.0,60.03098451,
55,FacesBlock2_v2.xlsx,Trevor.mp4,Trevor.JPG,Trevor,21,Դրէւոր,0,1,1,1,,,,,0,9,9,6,,,,,,,,justin,"['j', 'u', 's', 't', 'i', 'n']",2,0.318611191,"[4.117981235001935, 4.334439599013422, 4.5010320949950255, 4.83367341698613, 5.034237796993693, 5.216562202986097]",[4.11798,4.11798,,,19,1,2019_Aug_13_1749,FaceNameBlocked,3.0.0,60.03098451,
37,FacesBlock2_v2.xlsx,Trevor.mp4,Trevor.JPG,Trevor,21,Դրէւոր,0,1,1,1,0,6,6,6,,,,,,,0,1,0.818861931,,,,,,,,,,,,19,1,2019_Aug_13_1749,FaceNameBlocked,3.0.0,60.03098451,
40,FacesBlock2_v2.xlsx,Tyler.mp4,Tyler.JPG,Tyler,22,Դելէր,0,1,1,1,0,9,9,7,,,,,,,0,1,0.836243791,,,,,,,,,,,,19,1,2019_Aug_13_1749,FaceNameBlocked,3.0.0,60.03098451,
49,FacesBlock2_v2.xlsx,Tyler.mp4,Tyler.JPG,Tyler,22,Դելէր,0,1,1,1,,,,,0,3,3,7,,,,,,,,kody,"['k', 'o', 'd', 'y']",3,0.352306552,"[2.8179080989793874, 2.9516499449964613, 3.116471396991983, 3.2511694179847836]",[2.81790,2.81790,,,19,1,2019_Aug_13_1749,FaceNameBlocked,3.0.0,60.03098451,
0,,,,,,,,,,,,,,,,,,,space,49.63761089,,,,,,,,,,,,,,,19,1,2019_Aug_13_1749,FaceNameBlocked,3.0.0,60.03098451,
121,,,,,,,,,,,,,,,,,,,,,,,,,,,,,,,,,space,52375.87231,19,1,2019_Aug_13_1749,FaceNameBlocked,3.0.0,60.03098451,