,condsFile,Video,Photo,Name,Row,Name2,blocks.thisRepN,blocks.thisTrialN,blocks.thisN,blocks.thisIndex,presentations.thisRepN,presentations.thisTrialN,presentations.thisN,presentations.thisIndex,testing.thisRepN,testing.thisTrialN,testing.thisN,testing.thisIndex,advance_1.keys,advance_1.rt,currentCond,judgementResp.keys,judgementResp.rt,advance_2.keys,advance_2.rt,inputText,key_resp_3.keys,key_resp_3.rt,,key_resp3_fin,rating_resp.keys,rating_resp.rt,end_key.keys,end_key.rt,participant,session,date,expName,psychopyVersion,frameRate,Unnamed: 38
48,FacesBlock2_v2.xlsx,Aaron.mp4,Aaron.JPG,Aaron,18,Աարոն,0,1,1,1,,,,,0,2,2,3,,,,,,,,Aaron ,"['lshift', 's', 'backspace', 'lshift', 'a', 'a', 'r', 'o', 'y', 'backspace', 'n', 'space']","[1.9004771510371938, 2.385258423979394, 3.317491961061023, 3.8000911970157176, 4.218024173984304, 4.634554869029671, 5.100589751033112, 5.467603915021755, 5.883944686036557, 7.166380921029486, 7.566898953053169, 8.566768585005775]",[1.90047,1.90047,2,0.518885155,,,1,1,2019_Jul_29_1200,FaceNameBlocked,3.0.0,60.01337397,
39,FacesBlock2_v2.xlsx,Aaron.mp4,Aaron.JPG,Aaron,18,Աարոն,0,1,1,1,0,8,8,3,,,,,,,0,1,0.852822244,,,,,,,,,,,,1,1,2019_Jul_29_1200,FaceNameBlocked,3.0.0,60.01337397,
29,FacesBlock1_v2.xlsx,Adam.mp4,Adam.JPG,Adam,5,Ատամ,0,0,0,0,,,,,0,13,13,5,,,,,,,,,None,,,,1,1.18481242,,,1,1,2019_Jul_29_1200,FaceNameBlocked,3.0.0,60.01337397,
11,FacesBlock1_v2.xlsx,Adam.mp4,Adam.JPG,Adam,5,Ատամ,0,0,0,0,0,10,10,5,,,,,,,0,1,0.819454997,,,,,,,,,,,,1,1,2019_Jul_29_1200,FaceNameBlocked,3.0.0,60.01337397,
106,FacesBlock4_v2.xlsx,Alyssa.mp4,Alyssa.JPG,Alyssa,55,Ալեսսա,0,3,3,3,,,,,0,0,0,10,,,,,,space,5.067221338,Alisa,"['lshift', 'a', 'l', 'l', 's', 'y', 'backspace', 'i', 'backspace', 'backspace', 'backspace', 'i', 's', 'a']","[4.316420308081433, 4.518085143063217, 4.801329559995793, 4.984139872016385, 5.334324514027685, 6.467345151002519, 6.932918880018406, 7.250255741062574, 7.566120208008215, 7.699586890055798, 7.865581767051481, 8.582530613057315, 9.082473949994892, 9.332741169026121]",[4.31642,4.31642,1,0.735319464,,,1,1,2019_Jul_29_1200,FaceNameBlocked,3.0.0,60.01337397,
104,FacesBlock4_v2.xlsx,Alyssa.mp4,Alyssa.JPG,Alyssa,55,Ալեսսա,0,3,3,3,0,13,13,10,,,,,,,0,2,0.569599952,,,,,,,,,,,,1,1,2019_Jul_29_1200,FaceNameBlocked,3.0.0,60.01337397,
1,FacesBlock1_v2.xlsx,Amanda.mp4,Amanda.JPG,Amanda,2,Ամանտա,0,0,0,0,0,0,0,2,,,,,,,1,2,2.402372798,,,,,,,,,,,,1,1,2019_Jul_29_1200,FaceNameBlocked,3.0.0,60.01337397,
25,FacesBlock1_v2.xlsx,Amanda.mp4,Amanda.JPG,Amanda,2,Ամանտա,0,0,0,0,,,,,0,9,9,2,,,,,,,,,['lshift'],[9.914693520986475],[9.91469,9.91469,1,0.952095278,,,1,1,2019_Jul_29_1200,FaceNameBlocked,3.0.0,60.01337397,
117,FacesBlock4_v2.xlsx,Andrew.mp4,Andrew.JPG,Andrew,51,Անտրէվ,0,3,3,3,,,,,0,11,11,6,,,,,,,,Aric ,"['lshift', 'a', 'r', 'i', 'c', 'space']","[3.0993105380330235, 3.3006686499575153, 3.734320026007481, 3.984309426974505, 4.367579165962525, 7.749625914962962]",[3.09931,3.09931,1,0.318912342,,,1,1,2019_Jul_29_1200,FaceNameBlocked,3.0.0,60.01337397,
101,FacesBlock4_v2.xlsx,Andrew.mp4,Andrew.JPG,Andrew,51,Անտրէվ,0,3,3,3,0,10,10,6,,,,,,,1,1,0.186006785,,,,,,,,,,,,1,1,2019_Jul_29_1200,FaceNameBlocked,3.0.0,60.01337397,
113,FacesBlock4_v2.xlsx,Anna.mp4,Anna.JPG,Anna,47,Աննա,0,3,3,3,,,,,0,7,7,2,,,,,,,,Anna ,"['lshift', 'a', 'n', 'n', 'a', 'space']","[1.2004336800891906, 1.4353246340760961, 1.6854428329970688, 1.9346566550666466, 2.134805102017708, 6.71695711708162]",[1.20043,1.20043,4,0.468705709,,,1,1,2019_Jul_29_1200,FaceNameBlocked,3.0.0,60.01337397,
99,FacesBlock4_v2.xlsx,Anna.mp4,Anna.JPG,Anna,47,Աննա,0,3,3,3,0,8,8,2,,,,,,,0,2,0.7028695,,,,,,,,,,,,1,1,2019_Jul_29_1200,FaceNameBlocked,3.0.0,60.01337397,
33,FacesBlock2_v2.xlsx,Ashley.mp4,Ashley.JPG,Ashley,24,Ասհլէե,0,1,1,1,0,2,2,9,,,,,,,1,2,0.720198116,,,,,,,,,,,,1,1,2019_Jul_29_1200,FaceNameBlocked,3.0.0,60.01337397,
56,FacesBlock2_v2.xlsx,Ashley.mp4,Ashley.JPG,Ashley,24,Ասհլէե,0,1,1,1,,,,,0,10,10,9,,,,,,,,Rachel ,"['lshift', 'r', 'e', 'backspace', 'a', 'c', 'h', 'e', 'l', 'space']","[3.2159497720422223, 3.584476322052069, 3.9174339110031724, 5.066136903013103, 5.266864178003743, 5.616209727013484, 5.732866766047664, 5.916422691079788, 6.2663915019948035, 6.833423303090967]",[3.21594,3.21594,1,0.435641154,,,1,1,2019_Jul_29_1200,FaceNameBlocked,3.0.0,60.01337397,
12,FacesBlock1_v2.xlsx,Bradley.mp4,Bradley.JPG,Bradley,14,Բրատլէե,0,0,0,0,0,11,11,14,,,,,,,1,1,1.036145843,,,,,,,,,,,,1,1,2019_Jul_29_1200,FaceNameBlocked,3.0.0,60.01337397,
16,FacesBlock1_v2.xlsx,Bradley.mp4,Bradley.JPG,Bradley,14,Բրատլէե,0,0,0,0,,,,,0,0,0,14,,,,,,space,35.09083588,4,"['space', '4']","[6.5678556700004265, 9.933305758051574]",[6.56785,6.56785,1,6.266317063,,,1,1,2019_Jul_29_1200,FaceNameBlocked,3.0.0,60.01337397,
93,FacesBlock4_v2.xlsx,Brandon.mp4,Brandon.JPG,Brandon,56,Բրանտոն,0,3,3,3,0,2,2,11,,,,,,,1,1,0.485770647,,,,,,,,,,,,1,1,2019_Jul_29_1200,FaceNameBlocked,3.0.0,60.01337397,
108,FacesBlock4_v2.xlsx,Brandon.mp4,Brandon.JPG,Brandon,56,Բրանտոն,0,3,3,3,,,,,0,2,2,11,,,,,,,,Jason ,"['lshift', 'j', 'a', 's', 'o', 'n', 'space']","[4.082718758028932, 4.53398939804174, 4.833767427946441, 5.150270715006627, 5.284136960981414, 5.48392959497869, 6.033072890015319]",[4.08271,4.08271,2,0.702011696,,,1,1,2019_Jul_29_1200,FaceNameBlocked,3.0.0,60.01337397,
105,FacesBlock4_v2.xlsx,Brian.mp4,Brian.JPG,Brian,53,Բրիան,0,3,3,3,0,14,14,8,,,,,,,1,1,0.219443583,,,,,,,,,,,,1,1,2019_Jul_29_1200,FaceNameBlocked,3.0.0,60.01337397,
111,FacesBlock4_v2.xlsx,Brian.mp4,Brian.JPG,Brian,53,Բրիան,0,3,3,3,,,,,0,5,5,8,,,,,,,,Brand ,"['lshift', 'b', 'r', 'a', 'n', 'd', 'space']","[2.765221784939058, 2.9998217219254, 3.399384861928411, 3.7825844309991226, 3.966307602939196, 4.299205989926122, 7.331346729886718]",[2.76522,2.76522,1,0.352384,,,1,1,2019_Jul_29_1200,FaceNameBlocked,3.0.0,60.01337397,
115,FacesBlock4_v2.xlsx,Brianna.mp4,Brianna.JPG,Brianna,48,Բրիաննա,0,3,3,3,,,,,0,9,9,3,,,,,,,,Misky  ,"['lshift', 'm', 'i', 's', 'k', 'y', 'space', 'space']","[4.483313058037311, 4.76821996003855, 5.232701602042653, 5.851321930997074, 6.034658828983083, 6.3009845280321315, 8.383308246033266, 9.897699804976583]",[4.48331,4.48331,1,0.652391228,,,1,1,2019_Jul_29_1200,FaceNameBlocked,3.0.0,60.01337397,
97,FacesBlock4_v2.xlsx,Brianna.mp4,Brianna.JPG,Brianna,48,Բրիաննա,0,3,3,3,0,6,6,3,,,,,,,1,2,0.95289225,,,,,,,,,,,,1,1,2019_Jul_29_1200,FaceNameBlocked,3.0.0,60.01337397,
40,FacesBlock2_v2.xlsx,Brittany.mp4,Brittany.JPG,Brittany,28,Բրիդդանե,0,1,1,1,0,9,9,13,,,,,,,0,2,0.76641242,,,,,,,,,,,,1,1,2019_Jul_29_1200,FaceNameBlocked,3.0.0,60.01337397,
51,FacesBlock2_v2.xlsx,Brittany.mp4,Brittany.JPG,Brittany,28,Բրիդդանե,0,1,1,1,,,,,0,5,5,13,,,,,,,,Allensh,"['lshift', 'a', 'lshift', 'l', 'l', 'backspace', 'backspace', 'l', 'l', 'e', 'n', 's', 'h']","[4.715999345062301, 5.200812024995685, 5.315809077001177, 5.583964098012075, 5.850031464011408, 6.732825329061598, 6.882385370088741, 7.35012480604928, 7.516962775029242, 7.782745388103649, 7.983131412067451, 8.149881107034162, 8.232637147069909]",[4.71599,4.71599,1,0.8853885,,,1,1,2019_Jul_29_1200,FaceNameBlocked,3.0.0,60.01337397,
92,FacesBlock4_v2.xlsx,Caleb.mp4,Caleb.JPG,Caleb,59,Գալէբ,0,3,3,3,0,1,1,14,,,,,,,0,1,0.486388925,,,,,,,,,,,,1,1,2019_Jul_29_1200,FaceNameBlocked,3.0.0,60.01337397,
109,FacesBlock4_v2.xlsx,Caleb.mp4,Caleb.JPG,Caleb,59,Գալէբ,0,3,3,3,,,,,0,3,3,14,,,,,,,,Jason ,"['lshift', 'j', 'a', 's', 'o', 'n', 'space']","[2.2502242119517177, 2.4511604009894654, 2.768096228945069, 3.3014766320120543, 3.4679708459880203, 3.718035934958607, 4.78413321194239]",[2.25022,2.25022,1,0.485997433,,,1,1,2019_Jul_29_1200,FaceNameBlocked,3.0.0,60.01337397,
47,FacesBlock2_v2.xlsx,Cody.mp4,Cody.JPG,Cody,23,Գոտե,0,1,1,1,,,,,0,1,1,8,,,,,,,,Justin ,"['lshift', 'j', 'u', 's', 't', 'i', 'n', 'space']","[2.9328819379443303, 3.1182406350271776, 3.4340590649517253, 3.6346040279604495, 4.35031720099505, 4.700860586948693, 4.950891523971222, 5.717305395985022]",[2.93288,2.93288,3,0.71890155,,,1,1,2019_Jul_29_1200,FaceNameBlocked,3.0.0,60.01337397,
35,FacesBlock2_v2.xlsx,Cody.mp4,Cody.JPG,Cody,23,Գոտե,0,1,1,1,0,4,4,8,,,,,,,1,1,0.849947999,,,,,,,,,,,,1,1,2019_Jul_29_1200,FaceNameBlocked,3.0.0,60.01337397,
66,FacesBlock3_v2.xlsx,Courtney.mp4,Courtney.JPG,Courtney,42,Գոըրդնէե,0,2,2,2,0,5,5,12,,,,,,,0,2,1.302185384,,,,,,,,,,,,1,1,2019_Jul_29_1200,FaceNameBlocked,3.0.0,60.01337397,
86,FacesBlock3_v2.xlsx,Courtney.mp4,Courtney.JPG,Courtney,42,Գոըրդնէե,0,2,2,2,,,,,0,10,10,12,,,,,,,,Vincy ,"['lshift', 'v', 'i', 'n', 'c', 'y', 'space']","[6.065198299009353, 6.199960640980862, 6.484056252986193, 6.833663003984839, 7.116998840007, 7.249981809058227, 8.116127867018804]",[6.06519,6.06519,1,0.568794644,,,1,1,2019_Jul_29_1200,FaceNameBlocked,3.0.0,60.01337397,
67,FacesBlock3_v2.xlsx,Daniel.mp4,Daniel.JPG,Daniel,30,Տանիէլ,0,2,2,2,0,6,6,0,,,,,,,1,1,0.752434766,,,,,,,,,,,,1,1,2019_Jul_29_1200,FaceNameBlocked,3.0.0,60.01337397,
89,FacesBlock3_v2.xlsx,Daniel.mp4,Daniel.JPG,Daniel,30,Տանիէլ,0,2,2,2,,,,,0,13,13,0,,,,,,,,Tommars ,"['lshift', 't', 'o', 'm', 'm', 'a', 'r', 's', 'space']","[2.3330269859870896, 2.61737653601449, 3.0824444530298933, 3.434149150038138, 3.6170737360371277, 3.851057058083825, 4.283827320090495, 4.600283173029311, 7.266267587081529]",[2.33302,2.33302,1,0.484822826,,,1,1,2019_Jul_29_1200,FaceNameBlocked,3.0.0,60.01337397,
24,FacesBlock1_v2.xlsx,Danielle.mp4,Danielle.JPG,Danielle,3,Տանիէլլէ,0,0,0,0,,,,,0,8,8,3,,,,,,,,Royv,"['lshift', 'r', 'o', 'y', 'v']","[7.832168294931762, 8.200330029940233, 8.46661242400296, 8.7667785709491, 9.866786011960357]",[7.83216,7.83216,1,1.584589531,,,1,1,2019_Jul_29_1200,FaceNameBlocked,3.0.0,60.01337397,
7,FacesBlock1_v2.xlsx,Danielle.mp4,Danielle.JPG,Danielle,3,Տանիէլլէ,0,0,0,0,0,6,6,3,,,,,,,0,2,0.919391964,,,,,,,,,,,,1,1,2019_Jul_29_1200,FaceNameBlocked,3.0.0,60.01337397,
42,FacesBlock2_v2.xlsx,David.mp4,David.JPG,David,16,Տաւիտ,0,1,1,1,0,11,11,1,,,,,,,0,1,0.503219864,,,,,,,,,,,,1,1,2019_Jul_29_1200,FaceNameBlocked,3.0.0,60.01337397,
60,FacesBlock2_v2.xlsx,David.mp4,David.JPG,David,16,Տաւիտ,0,1,1,1,,,,,0,14,14,1,,,,,,,,Kevin ,"['lshift', 'k', 'e', 'v', 'i', 'n', 'space']","[5.798970186035149, 6.000693871057592, 6.316239934065379, 6.548137368983589, 7.164702996960841, 7.316563826054335, 8.832756608026102]",[5.79897,5.79897,1,0.56847281,,,1,1,2019_Jul_29_1200,FaceNameBlocked,3.0.0,60.01337397,
120,FacesBlock4_v2.xlsx,Dylan.mp4,Dylan.JPG,Dylan,50,Տելան,0,3,3,3,,,,,0,14,14,5,,,,,,,,Eric ,"['lshift', 'e', 'r', 'i', 'c', 'space']","[2.466923661995679, 2.7175379620166495, 3.217170180985704, 3.3844831220339984, 3.6177441680338234, 4.0512667370494455]",[2.46692,2.46692,1,0.433659654,,,1,1,2019_Jul_29_1200,FaceNameBlocked,3.0.0,60.01337397,
91,FacesBlock4_v2.xlsx,Dylan.mp4,Dylan.JPG,Dylan,50,Տելան,0,3,3,3,0,0,0,5,,,,,,,0,1,1.569252759,,,,,,,,,,,,1,1,2019_Jul_29_1200,FaceNameBlocked,3.0.0,60.01337397,
98,FacesBlock4_v2.xlsx,Emily.mp4,Emily.JPG,Emily,57,Էմիլե,0,3,3,3,0,7,7,12,,,,,,,0,2,0.836414104,,,,,,,,,,,,1,1,2019_Jul_29_1200,FaceNameBlocked,3.0.0,60.01337397,
118,FacesBlock4_v2.xlsx,Emily.mp4,Emily.JPG,Emily,57,Էմիլե,0,3,3,3,,,,,0,12,12,12,,,,,,,,Mency,"['lshift', 'm', 'e', 'n', 'c', 'y']","[4.832083659013733, 6.133452008944005, 6.483068092959002, 6.633225715951994, 6.915546579984948, 7.14981465798337]",[4.83208,4.83208,1,0.849433414,,,1,1,2019_Jul_29_1200,FaceNameBlocked,3.0.0,60.01337397,
13,FacesBlock1_v2.xlsx,Eric.mp4,Eric.JPG,Eric,0,Էրիգ,0,0,0,0,0,12,12,0,,,,,,,0,1,0.836053721,,,,,,,,,,,,1,1,2019_Jul_29_1200,FaceNameBlocked,3.0.0,60.01337397,
23,FacesBlock1_v2.xlsx,Eric.mp4,Eric.JPG,Eric,0,Էրիգ,0,0,0,0,,,,,0,7,7,0,,,,,,,,Eric,"['lshift', 'e', 'r', 'i', 'c', 'return']","[1.2670001049991697, 1.8015289610484615, 2.267617717036046, 2.5347087089903653, 3.2347666720161214, 4.267038895050064]",[1.26700,1.26700,3,0.634441007,,,1,1,2019_Jul_29_1200,FaceNameBlocked,3.0.0,60.01337397,
8,FacesBlock1_v2.xlsx,Ethan.mp4,Ethan.JPG,Ethan,11,Էդհան,0,0,0,0,0,7,7,11,,,,,,,1,1,0.969578225,,,,,,,,,,,,1,1,2019_Jul_29_1200,FaceNameBlocked,3.0.0,60.01337397,
17,FacesBlock1_v2.xlsx,Ethan.mp4,Ethan.JPG,Ethan,11,Էդհան,0,0,0,0,,,,,0,1,1,11,,,,,,,,,None,,,,1,1.785794697,,,1,1,2019_Jul_29_1200,FaceNameBlocked,3.0.0,60.01337397,
100,FacesBlock4_v2.xlsx,Grace.mp4,Grace.JPG,Grace,58,Կրագէ,0,3,3,3,0,9,9,13,,,,,,,0,2,0.350273096,,,,,,,,,,,,1,1,2019_Jul_29_1200,FaceNameBlocked,3.0.0,60.01337397,
112,FacesBlock4_v2.xlsx,Grace.mp4,Grace.JPG,Grace,58,Կրագէ,0,3,3,3,,,,,0,6,6,13,,,,,,,,Emily,"['lshift', 'e', 'm', 'i', 'l', 'y']","[1.8334118579514325, 3.184609625954181, 3.6007986980257556, 4.800569292041473, 5.300347576034255, 5.750237524975091]",[1.83341,1.83341,1,0.918940136,,,1,1,2019_Jul_29_1200,FaceNameBlocked,3.0.0,60.01337397,
57,FacesBlock2_v2.xlsx,Haley.mp4,Haley.JPG,Haley,20,Հալէե,0,1,1,1,,,,,0,11,11,5,,,,,,,,Nancy  ,"['lshift', 'n', 'a', 'n', 'c', 'y', 'space', 'space']","[2.449843119014986, 2.6339569030096754, 2.9007004390005022, 3.101044271956198, 3.584256461937912, 3.733796331915073, 4.3503663029987365, 6.79997089295648]",[2.44984,2.44984,1,0.650055383,,,1,1,2019_Jul_29_1200,FaceNameBlocked,3.0.0,60.01337397,
43,FacesBlock2_v2.xlsx,Haley.mp4,Haley.JPG,Haley,20,Հալէե,0,1,1,1,0,12,12,5,,,,,,,0,2,0.999905925,,,,,,,,,,,,1,1,2019_Jul_29_1200,FaceNameBlocked,3.0.0,60.01337397,
3,FacesBlock1_v2.xlsx,Hannah.mp4,Hannah.JPG,Hannah,1,Հաննահ,0,0,0,0,0,2,2,1,,,,,,,1,2,1.035992866,,,,,,,,,,,,1,1,2019_Jul_29_1200,FaceNameBlocked,3.0.0,60.01337397,
19,FacesBlock1_v2.xlsx,Hannah.mp4,Hannah.JPG,Hannah,1,Հաննահ,0,0,0,0,,,,,0,3,3,1,,,,,,,, ,['space'],[8.566168104996905],[8.56616,8.56616,1,1.185188817,,,1,1,2019_Jul_29_1200,FaceNameBlocked,3.0.0,60.01337397,
46,FacesBlock2_v2.xlsx,Heather.mp4,Heather.JPG,Heather,26,Հէադհէր,0,1,1,1,,,,,0,0,0,11,,,,,,space,5.083974671,Anty ,"['lshift', 'a', 'n', 't', 'y', 'space']","[3.5652987729990855, 3.7654091839212924, 4.034119523013942, 5.683558082906529, 5.8166869229171425, 7.266092812991701]",[3.56529,3.56529,1,0.669004638,,,1,1,2019_Jul_29_1200,FaceNameBlocked,3.0.0,60.01337397,
34,FacesBlock2_v2.xlsx,Heather.mp4,Heather.JPG,Heather,26,Հէադհէր,0,1,1,1,0,3,3,11,,,,,,,1,2,1.652293546,,,,,,,,,,,,1,1,2019_Jul_29_1200,FaceNameBlocked,3.0.0,60.01337397,
81,FacesBlock3_v2.xlsx,Jacob.mp4,Jacob.JPG,Jacob,39,Ճագոբ,0,2,2,2,,,,,0,5,5,9,,,,,,,,Mark ,"['lshift', 'm', 'a', 'r', 'k', 'space']","[2.3829414220526814, 2.5840623079566285, 3.150932464050129, 3.600596340955235, 3.7340605979552492, 4.550281455041841]",[2.38294,2.38294,1,0.468967123,,,1,1,2019_Jul_29_1200,FaceNameBlocked,3.0.0,60.01337397,
75,FacesBlock3_v2.xlsx,Jacob.mp4,Jacob.JPG,Jacob,39,Ճագոբ,0,2,2,2,0,14,14,9,,,,,,,1,1,0.486527022,,,,,,,,,,,,1,1,2019_Jul_29_1200,FaceNameBlocked,3.0.0,60.01337397,
110,FacesBlock4_v2.xlsx,Jason.mp4,Jason.JPG,Jason,49,Ճասոն,0,3,3,3,,,,,0,4,4,4,,,,,,,,Tommy ,"['lshift', 't', 'o', 'm', 'm', 'y', 'space']","[1.7176138720242307, 1.9851628269534558, 2.4686248450307176, 2.885582971968688, 3.051532333018258, 3.3020587649662048, 4.3161343219690025]",[1.71761,1.71761,1,0.368832053,,,1,1,2019_Jul_29_1200,FaceNameBlocked,3.0.0,60.01337397,
94,FacesBlock4_v2.xlsx,Jason.mp4,Jason.JPG,Jason,49,Ճասոն,0,3,3,3,0,3,3,4,,,,,,,1,1,1.002821928,,,,,,,,,,,,1,1,2019_Jul_29_1200,FaceNameBlocked,3.0.0,60.01337397,
18,FacesBlock1_v2.xlsx,Jenna.mp4,Jenna.JPG,Jenna,6,Ճէննա,0,0,0,0,,,,,0,2,2,6,,,,,,,,julia ,"['j', 'j', 'u', 'l', 'backspace', 'backspace', 'backspace', 'u', 'l', 'i', 'a', 'space']","[1.6189018960576504, 1.7026698250556365, 1.9189790870295838, 2.252403527032584, 3.000792784965597, 3.2007135240128264, 3.3846232009818777, 4.334240542957559, 4.617210024036467, 4.767821948044002, 4.934167900006287, 7.383701966959052]",[1.61890,1.61890,1,0.98292277,,,1,1,2019_Jul_29_1200,FaceNameBlocked,3.0.0,60.01337397,
15,FacesBlock1_v2.xlsx,Jenna.mp4,Jenna.JPG,Jenna,6,Ճէննա,0,0,0,0,0,14,14,6,,,,,,,1,2,0.786378765,,,,,,,,,,,,1,1,2019_Jul_29_1200,FaceNameBlocked,3.0.0,60.01337397,
32,FacesBlock2_v2.xlsx,Jeremy.mp4,Jeremy.JPG,Jeremy,15,Ճէրէմե,0,1,1,1,0,1,1,0,,,,,,,1,1,0.903545782,,,,,,,,,,,,1,1,2019_Jul_29_1200,FaceNameBlocked,3.0.0,60.01337397,
58,FacesBlock2_v2.xlsx,Jeremy.mp4,Jeremy.JPG,Jeremy,15,Ճէրէմե,0,1,1,1,,,,,0,12,12,0,,,,,,,,Frank ,"['lshift', 'f', 'r', 'a', 'n', 'k', 'space']","[2.034025826025754, 2.6353451090399176, 3.218512539053336, 3.7682827699463814, 3.9684155910508707, 4.26850216195453, 8.733156749978662]",[2.03402,2.03402,1,0.501558477,,,1,1,2019_Jul_29_1200,FaceNameBlocked,3.0.0,60.01337397,
28,FacesBlock1_v2.xlsx,Jessica.mp4,Jessica.JPG,Jessica,8,Ճէսսիգա,0,0,0,0,,,,,0,12,12,8,,,,,,,,Juliar  ,"['lshift', 'j', 'u', 'l', 'i', 'a', 'r', 'space', 'space']","[3.9334103510482237, 4.151648096041754, 4.501318951020949, 5.134611046989448, 5.334524156991392, 5.634572245995514, 6.03367856296245, 7.167101428029127, 9.949847062001936]",[3.93341,3.93341,1,0.518662548,,,1,1,2019_Jul_29_1200,FaceNameBlocked,3.0.0,60.01337397,
6,FacesBlock1_v2.xlsx,Jessica.mp4,Jessica.JPG,Jessica,8,Ճէսսիգա,0,0,0,0,0,5,5,8,,,,,,,0,2,1.102548274,,,,,,,,,,,,1,1,2019_Jul_29_1200,FaceNameBlocked,3.0.0,60.01337397,
49,FacesBlock2_v2.xlsx,Josh.mp4,Josh.JPG,Josh,19,Ճոսհ,0,1,1,1,,,,,0,3,3,4,,,,,,,,Raush ,"['lshift', 'lshift', 'r', 'a', 'u', 's', 'h', 'space']","[2.566380974953063, 3.2158902200171724, 3.4013020650018007, 4.550365575007163, 4.7837410039501265, 5.350270833005197, 5.583608701010235, 6.31673816498369]",[2.56638,2.56638,1,1.135129125,,,1,1,2019_Jul_29_1200,FaceNameBlocked,3.0.0,60.01337397,
41,FacesBlock2_v2.xlsx,Josh.mp4,Josh.JPG,Josh,19,Ճոսհ,0,1,1,1,0,10,10,4,,,,,,,1,1,0.416943504,,,,,,,,,,,,1,1,2019_Jul_29_1200,FaceNameBlocked,3.0.0,60.01337397,
22,FacesBlock1_v2.xlsx,Julia.mp4,Julia.JPG,Julia,13,Ճըլիա,0,0,0,0,,,,,0,6,6,13,,,,,,,,Julia,"['lshift', 'j', 'u', 'l', 'i', 'a']","[4.5827195988968015, 4.783657389925793, 5.250764344003983, 8.949726058985107, 9.33277587289922, 9.732179715996608]",[4.58271,4.58271,1,1.418499047,,,1,1,2019_Jul_29_1200,FaceNameBlocked,3.0.0,60.01337397,
4,FacesBlock1_v2.xlsx,Julia.mp4,Julia.JPG,Julia,13,Ճըլիա,0,0,0,0,0,3,3,13,,,,,,,0,2,1.086215766,,,,,,,,,,,,1,1,2019_Jul_29_1200,FaceNameBlocked,3.0.0,60.01337397,
53,FacesBlock2_v2.xlsx,Justin.mp4,Justin.JPG,Justin,27,Ճըսդին,0,1,1,1,,,,,0,7,7,12,,,,,,,,Justin ,"['lshift', 'j', 'u', 's', 't', 'i', 'n', 'space']","[6.14970370894298, 6.384264974971302, 6.633850354002789, 6.900773125933483, 7.100907032028772, 7.450344278942794, 7.683856494957581, 8.133818311966024]",[6.14970,6.14970,1,0.901478655,,,1,1,2019_Jul_29_1200,FaceNameBlocked,3.0.0,60.01337397,
36,FacesBlock2_v2.xlsx,Justin.mp4,Justin.JPG,Justin,27,Ճըսդին,0,1,1,1,0,5,5,12,,,,,,,0,1,1.219711356,,,,,,,,,,,,1,1,2019_Jul_29_1200,FaceNameBlocked,3.0.0,60.01337397,
107,FacesBlock4_v2.xlsx,Katie.mp4,Katie.JPG,Katie,54,Քադիէ,0,3,3,3,,,,,0,1,1,9,,,,,,,,Emily  ,"['lshift', 'e', 'm', 'i', 'l', 'y', 'space', 'space']","[2.40047571901232, 2.6182177929440513, 2.8686544459778816, 3.1328863879898563, 3.35175122495275, 3.568405367899686, 4.8343802319141105, 9.599815259920433]",[2.40047,2.40047,1,0.485709678,,,1,1,2019_Jul_29_1200,FaceNameBlocked,3.0.0,60.01337397,
96,FacesBlock4_v2.xlsx,Katie.mp4,Katie.JPG,Katie,54,Քադիէ,0,3,3,3,0,5,5,9,,,,,,,1,2,0.536139923,,,,,,,,,,,,1,1,2019_Jul_29_1200,FaceNameBlocked,3.0.0,60.01337397,
70,FacesBlock3_v2.xlsx,Kayla.mp4,Kayla.JPG,Kayla,34,Սարահ,0,2,2,2,0,9,9,4,,,,,,,1,2,0.918664498,,,,,,,,,,,,1,1,2019_Jul_29_1200,FaceNameBlocked,3.0.0,60.01337397,
77,FacesBlock3_v2.xlsx,Kayla.mp4,Kayla.JPG,Kayla,34,Սարահ,0,2,2,2,,,,,0,1,1,4,,,,,,,,Rebeccar ,"['lshift', 'r', 'e', 'b', 'e', 'c', 'c', 'a', 'r', 'space']","[2.6666755629703403, 3.034312781994231, 3.3344220210565254, 3.751192937954329, 4.233746067038737, 4.9341412329813465, 5.217168372008018, 6.166928636026569, 6.416693008970469, 6.866497065988369]",[2.66667,2.66667,2,0.368968656,,,1,1,2019_Jul_29_1200,FaceNameBlocked,3.0.0,60.01337397,
5,FacesBlock1_v2.xlsx,Kelsey.mp4,Kelsey.JPG,Kelsey,12,Քէլսէե,0,0,0,0,0,4,4,12,,,,,,,1,2,1.470232627,,,,,,,,,,,,1,1,2019_Jul_29_1200,FaceNameBlocked,3.0.0,60.01337397,
26,FacesBlock1_v2.xlsx,Kelsey.mp4,Kelsey.JPG,Kelsey,12,Քէլսէե,0,0,0,0,,,,,0,10,10,12,,,,,,,,Amada ,"['lshift', 'a', 'm', 'a', 'd', 'a', 'space']","[3.3995546780060977, 3.6180998439667746, 4.0334931570105255, 4.350563787040301, 4.783034007064998, 5.233041965984739, 9.415570641984232]",[3.39955,3.39955,1,0.401793703,,,1,1,2019_Jul_29_1200,FaceNameBlocked,3.0.0,60.01337397,
82,FacesBlock3_v2.xlsx,Kevin.mp4,Kevin.JPG,Kevin,41,Քէւին,0,2,2,2,,,,,0,6,6,11,,,,,,,,Kevin ,"['lshift', 'k', 'e', 'v', 'i', 'n', 'space']","[1.9503615370485932, 2.1679952419362962, 2.6186957500176504, 3.101357199018821, 3.3014797599753365, 3.4849085599416867, 8.083027253043838]",[1.95036,1.95036,4,0.752064435,,,1,1,2019_Jul_29_1200,FaceNameBlocked,3.0.0,60.01337397,
62,FacesBlock3_v2.xlsx,Kevin.mp4,Kevin.JPG,Kevin,41,Քէւին,0,2,2,2,0,1,1,11,,,,,,,0,1,1.301886279,,,,,,,,,,,,1,1,2019_Jul_29_1200,FaceNameBlocked,3.0.0,60.01337397,
27,FacesBlock1_v2.xlsx,Kyle.mp4,Kyle.JPG,Kyle,4,Քելէ,0,0,0,0,,,,,0,11,11,4,,,,,,,,Antony ,"['lshift', 'a', 'n', 't', 'o', 'n', 'y', 'space']","[5.649112596060149, 5.850878964993171, 6.083865720080212, 6.750608664005995, 7.017089480999857, 7.2503646810073406, 7.516920895082876, 8.231366543099284]",[5.64911,5.64911,1,0.751988419,,,1,1,2019_Jul_29_1200,FaceNameBlocked,3.0.0,60.01337397,
10,FacesBlock1_v2.xlsx,Kyle.mp4,Kyle.JPG,Kyle,4,Քելէ,0,0,0,0,0,9,9,4,,,,,,,0,1,0.603551936,,,,,,,,,,,,1,1,2019_Jul_29_1200,FaceNameBlocked,3.0.0,60.01337397,
72,FacesBlock3_v2.xlsx,Lauren.mp4,Lauren.JPG,Lauren,38,Լաըրէն,0,2,2,2,0,11,11,8,,,,,,,0,2,0.636289451,,,,,,,,,,,,1,1,2019_Jul_29_1200,FaceNameBlocked,3.0.0,60.01337397,
83,FacesBlock3_v2.xlsx,Lauren.mp4,Lauren.JPG,Lauren,38,Լաըրէն,0,2,2,2,,,,,0,7,7,8,,,,,,,, ,['space'],[8.880777421989478],[8.88077,8.88077,1,0.534972827,,,1,1,2019_Jul_29_1200,FaceNameBlocked,3.0.0,60.01337397,
88,FacesBlock3_v2.xlsx,Mark.mp4,Mark.JPG,Mark,40,Մարք,0,2,2,2,,,,,0,12,12,10,,,,,,,,Mark  ,"['lshift', 'm', 'a', 'r', 'k', 'space', 'space']","[2.683668246027082, 2.85205401701387, 3.084975523990579, 3.5679361880756915, 3.7846775220241398, 6.0667450540931895, 7.0168927970808]",[2.68366,2.68366,1,0.884800746,,,1,1,2019_Jul_29_1200,FaceNameBlocked,3.0.0,60.01337397,
65,FacesBlock3_v2.xlsx,Mark.mp4,Mark.JPG,Mark,40,Մարք,0,2,2,2,0,4,4,10,,,,,,,1,1,0.402825266,,,,,,,,,,,,1,1,2019_Jul_29_1200,FaceNameBlocked,3.0.0,60.01337397,
9,FacesBlock1_v2.xlsx,Matthew.mp4,Matthew.JPG,Matthew,9,Մադդհէվ,0,0,0,0,0,8,8,9,,,,,,,0,1,0.920138489,,,,,,,,,,,,1,1,2019_Jul_29_1200,FaceNameBlocked,3.0.0,60.01337397,
21,FacesBlock1_v2.xlsx,Matthew.mp4,Matthew.JPG,Matthew,9,Մադդհէվ,0,0,0,0,,,,,0,5,5,9,,,,,,,,Antony,"['lshift', 'a', 'n', 't', 'o', 'n', 'y', 'return']","[6.082075024023652, 6.501418499043211, 6.784239525091834, 7.6005078520393, 7.8837047760607675, 8.150295515079051, 8.400265744072385, 9.399796020006761]",[6.08207,6.08207,1,0.652237142,,,1,1,2019_Jul_29_1200,FaceNameBlocked,3.0.0,60.01337397,
54,FacesBlock2_v2.xlsx,Megan.mp4,Megan.JPG,Megan,25,Մէկան,0,1,1,1,,,,,0,8,8,10,,,,,,,,Alishe  ,"['lshift', 'a', 'l', 'i', 's', 'h', 'e', 'space', 'space']","[3.982113150996156, 4.1999823490623385, 4.51732233306393, 4.684036327060312, 4.9167436910793185, 5.067234251997434, 5.731556573067792, 7.982816096977331, 9.848022866994143]",[3.98211,3.98211,1,0.452178993,,,1,1,2019_Jul_29_1200,FaceNameBlocked,3.0.0,60.01337397,
31,FacesBlock2_v2.xlsx,Megan.mp4,Megan.JPG,Megan,25,Մէկան,0,1,1,1,0,0,0,10,,,,,,,1,2,1.836565006,,,,,,,,,,,,1,1,2019_Jul_29_1200,FaceNameBlocked,3.0.0,60.01337397,
95,FacesBlock4_v2.xlsx,Michael.mp4,Michael.JPG,Michael,46,Միգհաէլ,0,3,3,3,0,4,4,1,,,,,,,0,1,1.002989842,,,,,,,,,,,,1,1,2019_Jul_29_1200,FaceNameBlocked,3.0.0,60.01337397,
114,FacesBlock4_v2.xlsx,Michael.mp4,Michael.JPG,Michael,46,Միգհաէլ,0,3,3,3,,,,,0,8,8,1,,,,,,,,Thomas,"['lshift', 't', 'h', 'o', 'm', 'a', 's']","[3.116249460959807, 3.3177001299336553, 3.5504109249450266, 3.817461433936842, 4.266920879017562, 4.481789520010352, 4.733889763941988]",[3.11624,3.11624,1,1.051550886,,,1,1,2019_Jul_29_1200,FaceNameBlocked,3.0.0,60.01337397,
103,FacesBlock4_v2.xlsx,Michelle.mp4,Michelle.JPG,Michelle,52,Միգհէլլէ,0,3,3,3,0,12,12,7,,,,,,,0,2,0.386881277,,,,,,,,,,,,1,1,2019_Jul_29_1200,FaceNameBlocked,3.0.0,60.01337397,
116,FacesBlock4_v2.xlsx,Michelle.mp4,Michelle.JPG,Michelle,52,Միգհէլլէ,0,3,3,3,,,,,0,10,10,7,,,,,,,,Mechich,"['lshift', 'm', 'e', 'c', 'h', 'i', 'c', 'h']","[1.9167195069603622, 2.1343352659605443, 2.467824727995321, 3.0157165159471333, 3.3502610890427604, 3.5988263889448717, 4.400143065024167, 4.616604320006445]",[1.91671,1.91671,1,0.518584413,,,1,1,2019_Jul_29_1200,FaceNameBlocked,3.0.0,60.01337397,
2,FacesBlock1_v2.xlsx,Natalie.mp4,Natalie.JPG,Natalie,7,Նադալիէ,0,0,0,0,0,1,1,7,,,,,,,1,2,1.452056174,,,,,,,,,,,,1,1,2019_Jul_29_1200,FaceNameBlocked,3.0.0,60.01337397,
30,FacesBlock1_v2.xlsx,Natalie.mp4,Natalie.JPG,Natalie,7,Նադալիէ,0,0,0,0,,,,,0,14,14,7,,,,,,,,Alice ,"['lshift', 'a', 'l', 'i', 'c', 'e', 'space']","[4.382593865972012, 4.650830438011326, 4.883644953952171, 5.067218068987131, 5.650547272991389, 5.933850210043602, 6.433613226981834]",[4.38259,4.38259,1,0.584880785,,,1,1,2019_Jul_29_1200,FaceNameBlocked,3.0.0,60.01337397,
74,FacesBlock3_v2.xlsx,Nathan.mp4,Nathan.JPG,Nathan,37,Նադհան,0,2,2,2,0,13,13,7,,,,,,,0,1,0.652462595,,,,,,,,,,,,1,1,2019_Jul_29_1200,FaceNameBlocked,3.0.0,60.01337397,
85,FacesBlock3_v2.xlsx,Nathan.mp4,Nathan.JPG,Nathan,37,Նադհան,0,2,2,2,,,,,0,9,9,7,,,,,,,,Tony ,"['lshift', 'lshift', 't', 'o', 'n', 'y', 'space']","[4.748280148021877, 5.032097009010613, 5.0997291170060635, 5.45005013095215, 5.716522250906564, 6.250155229005031, 6.916361442999914]",[4.74828,4.74828,1,1.099790309,,,1,1,2019_Jul_29_1200,FaceNameBlocked,3.0.0,60.01337397,
69,FacesBlock3_v2.xlsx,Nicole.mp4,Nicole.JPG,Nicole,43,Նիգոլէ,0,2,2,2,0,8,8,13,,,,,,,0,2,1.686108522,,,,,,,,,,,,1,1,2019_Jul_29_1200,FaceNameBlocked,3.0.0,60.01337397,
76,FacesBlock3_v2.xlsx,Nicole.mp4,Nicole.JPG,Nicole,43,Նիգոլէ,0,2,2,2,,,,,0,0,0,13,,,,,,space,2.417384725,Nicole,"['lshift', 'n', 'i', 'c', 'o', 'l', 'e']","[2.9001642679795623, 3.084491550922394, 3.268275270005688, 3.518134420970455, 6.067215048940852, 6.350294089992531, 6.500341889914125]",[2.90016,2.90016,1,1.102358625,,,1,1,2019_Jul_29_1200,FaceNameBlocked,3.0.0,60.01337397,
87,FacesBlock3_v2.xlsx,Noah.mp4,Noah.JPG,Noah,31,Նոահ,0,2,2,2,,,,,0,11,11,1,,,,,,,,Tommy ,"['lshift', 't', 'o', 'm', 'm', 'y', 'space']","[4.316930345026776, 5.534784224932082, 6.001082086004317, 6.51742483000271, 6.783877623965964, 7.166834163945168, 9.949340182938613]",[4.31693,4.31693,1,0.502310994,,,1,1,2019_Jul_29_1200,FaceNameBlocked,3.0.0,60.01337397,
63,FacesBlock3_v2.xlsx,Noah.mp4,Noah.JPG,Noah,31,Նոահ,0,2,2,2,0,2,2,1,,,,,,,1,1,1.118676243,,,,,,,,,,,,1,1,2019_Jul_29_1200,FaceNameBlocked,3.0.0,60.01337397,
78,FacesBlock3_v2.xlsx,Olivia.mp4,Olivia.JPG,Olivia,35,Ոլիւիա,0,2,2,2,,,,,0,2,2,5,,,,,,,,Nancy ,"['lshift', 'n', 'a', 'n', 'c', 'y', 'space']","[2.699083804967813, 2.851273686042987, 3.0676464090356603, 3.46789832203649, 3.9006846230477095, 4.033979463973083, 4.500098280026577]",[2.69908,2.69908,1,0.51897154,,,1,1,2019_Jul_29_1200,FaceNameBlocked,3.0.0,60.01337397,
61,FacesBlock3_v2.xlsx,Olivia.mp4,Olivia.JPG,Olivia,35,Ոլիւիա,0,2,2,2,0,0,0,5,,,,,,,1,2,0.599917547,,,,,,,,,,,,1,1,2019_Jul_29_1200,FaceNameBlocked,3.0.0,60.01337397,
59,FacesBlock2_v2.xlsx,Rachel.mp4,Rachel.JPG,Rachel,29,Րագհէլ,0,1,1,1,,,,,0,13,13,14,,,,,,,,Rechal ,"['lshift', 'r', 'e', 'c', 'h', 'a', 'l', 'space']","[1.1342465480556712, 1.6687131309881806, 1.9519026960479096, 2.3687522070249543, 2.5686377590755, 3.1684874820057303, 3.434582913061604, 4.617995070992038]",[1.13424,1.13424,3,1.002295975,,,1,1,2019_Jul_29_1200,FaceNameBlocked,3.0.0,60.01337397,
45,FacesBlock2_v2.xlsx,Rachel.mp4,Rachel.JPG,Rachel,29,Րագհէլ,0,1,1,1,0,14,14,14,,,,,,,0,2,0.81975724,,,,,,,,,,,,1,1,2019_Jul_29_1200,FaceNameBlocked,3.0.0,60.01337397,
80,FacesBlock3_v2.xlsx,Rebecca.mp4,Rebecca.JPG,Rebecca,32,Րէբէգգա,0,2,2,2,,,,,0,4,4,2,,,,,,,,Rebeccar,"['lshift', 'r', 'e', 'b', 'e', 'c', 'x', 'backspace', 'c', 'a', 'r']","[2.8338098619133234, 3.184708302957006, 3.4182942969491705, 3.9018131549237296, 4.051321649923921, 4.767885739915073, 4.998666179948486, 5.550166631001048, 5.683296280913055, 6.000652758986689, 6.283375851926394]",[2.83380,2.83380,2,0.635755501,,,1,1,2019_Jul_29_1200,FaceNameBlocked,3.0.0,60.01337397,
64,FacesBlock3_v2.xlsx,Rebecca.mp4,Rebecca.JPG,Rebecca,32,Րէբէգգա,0,2,2,2,0,3,3,2,,,,,,,0,2,1.169716752,,,,,,,,,,,,1,1,2019_Jul_29_1200,FaceNameBlocked,3.0.0,60.01337397,
84,FacesBlock3_v2.xlsx,Sarah.mp4,Sarah.JPG,Sarah,33,Սարահ,0,2,2,2,,,,,0,8,8,3,,,,,,,,Sarah ,"['lshift', 's', 'a', 'r', 'a', 'h', 'space']","[1.1171988799469545, 1.4349003229290247, 1.884850295027718, 2.3514841370051727, 3.001091022975743, 3.2510206799488515, 9.546978169004433]",[1.11719,1.11719,4,0.468210705,,,1,1,2019_Jul_29_1200,FaceNameBlocked,3.0.0,60.01337397,
71,FacesBlock3_v2.xlsx,Sarah.mp4,Sarah.JPG,Sarah,33,Սարահ,0,2,2,2,0,10,10,3,,,,,,,0,2,0.986714561,,,,,,,,,,,,1,1,2019_Jul_29_1200,FaceNameBlocked,3.0.0,60.01337397,
79,FacesBlock3_v2.xlsx,Shelby.mp4,Shelby.JPG,Shelby,36,Սհէլբե,0,2,2,2,,,,,0,3,3,6,,,,,,,,Shallwe,"['s', 'backspace', 'lshift', 's', 'h', 'a', 'l', 'l', 'w', 'e']","[3.452334166970104, 3.9173313800711185, 4.100600035046227, 4.268455166020431, 4.417677609017119, 4.95111706701573, 5.168097338988446, 5.334868794074282, 5.734790088026784, 5.932576152961701]",[3.45233,3.45233,2,0.351646856,,,1,1,2019_Jul_29_1200,FaceNameBlocked,3.0.0,60.01337397,
73,FacesBlock3_v2.xlsx,Shelby.mp4,Shelby.JPG,Shelby,36,Սհէլբե,0,2,2,2,0,12,12,6,,,,,,,1,2,0.469331603,,,,,,,,,,,,1,1,2019_Jul_29_1200,FaceNameBlocked,3.0.0,60.01337397,
38,FacesBlock2_v2.xlsx,Steven.mp4,Steven.JPG,Steven,17,Սդէւէն,0,1,1,1,0,7,7,2,,,,,,,0,1,1.05275365,,,,,,,,,,,,1,1,2019_Jul_29_1200,FaceNameBlocked,3.0.0,60.01337397,
50,FacesBlock2_v2.xlsx,Steven.mp4,Steven.JPG,Steven,17,Սդէւէն,0,1,1,1,,,,,0,4,4,2,,,,,,,,Steven ,"['lshift', 's', 't', 'e', 'v', 'e', 'n', 'space']","[1.382939055096358, 1.6846092510968447, 2.0176056200871244, 2.3342712110606954, 2.734310651081614, 2.951206441037357, 4.084113180055283, 5.883296158048324]",[1.38293,1.38293,4,0.668877153,,,1,1,2019_Jul_29_1200,FaceNameBlocked,3.0.0,60.01337397,
102,FacesBlock4_v2.xlsx,Taylor.mp4,Taylor.JPG,Taylor,45,Դաելոր,0,3,3,3,0,11,11,0,,,,,,,1,2,0.369260737,,,,,,,,,,,,1,1,2019_Jul_29_1200,FaceNameBlocked,3.0.0,60.01337397,
119,FacesBlock4_v2.xlsx,Taylor.mp4,Taylor.JPG,Taylor,45,Դաելոր,0,3,3,3,,,,,0,13,13,0,,,,,,,,Nancy ,"['lshift', 'n', 'a', 'n', 'c', 'y', 'space']","[7.2654890599660575, 7.43144990701694, 7.6500481279799715, 7.866663358989172, 8.250074238982052, 9.015787270036526, 9.698997171013616]",[7.26548,7.26548,1,0.619088014,,,1,1,2019_Jul_29_1200,FaceNameBlocked,3.0.0,60.01337397,
68,FacesBlock3_v2.xlsx,Thomas.mp4,Thomas.JPG,Thomas,44,Դհոմաս,0,2,2,2,0,7,7,14,,,,,,,1,1,0.969545887,,,,,,,,,,,,1,1,2019_Jul_29_1200,FaceNameBlocked,3.0.0,60.01337397,
90,FacesBlock3_v2.xlsx,Thomas.mp4,Thomas.JPG,Thomas,44,Դհոմաս,0,2,2,2,,,,,0,14,14,14,,,,,,,, ,['space'],[7.283388748997822],[7.28338,7.28338,1,0.718774308,,,1,1,2019_Jul_29_1200,FaceNameBlocked,3.0.0,60.01337397,
20,FacesBlock1_v2.xlsx,Timothy.mp4,Timothy.JPG,Timothy,10,Դիմոդհե,0,0,0,0,,,,,0,4,4,10,,,,,,,,T,"['t', 'backspace', 'lshift', 't', 't', 'backspace']","[5.617068215971813, 6.882035424001515, 7.264451325056143, 7.599917156039737, 7.699290824006312, 8.482197160017677]",[5.61706,5.61706,1,2.068011282,,,1,1,2019_Jul_29_1200,FaceNameBlocked,3.0.0,60.01337397,
14,FacesBlock1_v2.xlsx,Timothy.mp4,Timothy.JPG,Timothy,10,Դիմոդհե,0,0,0,0,0,13,13,10,,,,,,,1,1,1.13528608,,,,,,,,,,,,1,1,2019_Jul_29_1200,FaceNameBlocked,3.0.0,60.01337397,
55,FacesBlock2_v2.xlsx,Trevor.mp4,Trevor.JPG,Trevor,21,Դրէւոր,0,1,1,1,,,,,0,9,9,6,,,,,,,,Justin,"['lshift', 'lshift', 'lshift', 'j', 'u', 's', 't', 'i', 'n']","[5.3822967149317265, 6.714858803898096, 8.33136100799311, 8.532465478987433, 8.782423242926598, 9.082353318925016, 9.365572326933034, 9.581600034958683, 9.798335161991417]",[5.38229,5.38229,1,0.652228925,,,1,1,2019_Jul_29_1200,FaceNameBlocked,3.0.0,60.01337397,
37,FacesBlock2_v2.xlsx,Trevor.mp4,Trevor.JPG,Trevor,21,Դրէւոր,0,1,1,1,0,6,6,6,,,,,,,0,1,1.083187782,,,,,,,,,,,,1,1,2019_Jul_29_1200,FaceNameBlocked,3.0.0,60.01337397,
44,FacesBlock2_v2.xlsx,Tyler.mp4,Tyler.JPG,Tyler,22,Դելէր,0,1,1,1,0,13,13,7,,,,,,,1,1,0.616733431,,,,,,,,,,,,1,1,2019_Jul_29_1200,FaceNameBlocked,3.0.0,60.01337397,
52,FacesBlock2_v2.xlsx,Tyler.mp4,Tyler.JPG,Tyler,22,Դելէր,0,1,1,1,,,,,0,6,6,7,,,,,,,,Talor ,"['lshift', 'lshift', 't', 'a', 'l', 'o', 'r', 'space']","[3.017297388985753, 5.115509181981906, 6.500678516924381, 6.750874537974596, 6.99980147194583, 7.350056704948656, 7.5315115039702505, 8.033328278921545]",[3.01729,3.01729,1,0.351740401,,,1,1,2019_Jul_29_1200,FaceNameBlocked,3.0.0,60.01337397,
0,,,,,,,,,,,,,,,,,,,space,38.7082501,,,,,,,,,,,,,,,1,1,2019_Jul_29_1200,FaceNameBlocked,3.0.0,60.01337397,
121,,,,,,,,,,,,,,,,,,,,,,,,,,,,,,,,,space,1.618400982,1,1,2019_Jul_29_1200,FaceNameBlocked,3.0.0,60.01337397,