,condsFile,Video,Photo,Name,Row,Name2,blocks.thisRepN,blocks.thisTrialN,blocks.thisN,blocks.thisIndex,presentations.thisRepN,presentations.thisTrialN,presentations.thisN,presentations.thisIndex,testing.thisRepN,testing.thisTrialN,testing.thisN,testing.thisIndex,advance_1.keys,advance_1.rt,currentCond,judgementResp.keys,judgementResp.rt,advance_2.keys,advance_2.rt,inputText,key_resp_3.keys,key_resp_3.rt,,key_resp3_fin,rating_resp.keys,rating_resp.rt,end_key.keys,end_key.rt,participant,session,date,expName,psychopyVersion,frameRate,Unnamed: 38
35,FacesBlock2_v2.xlsx,Aaron.mp4,Aaron.JPG,Aaron,18,Աարոն,0,1,1,1,0,4,4,3,,,,,,,1,1,0.586059978,,,,,,,,,,,,20,1,2019_Aug_14_0853,FaceNameBlocked,3.0.0,59.94929394,
59,FacesBlock2_v2.xlsx,Aaron.mp4,Aaron.JPG,Aaron,18,Աարոն,0,1,1,1,,,,,0,13,13,3,,,,,,,,,None,,,,1,0.368578534,,,20,1,2019_Aug_14_0853,FaceNameBlocked,3.0.0,59.94929394,
9,FacesBlock1_v2.xlsx,Adam.mp4,Adam.JPG,Adam,5,Ատամ,0,0,0,0,0,8,8,5,,,,,,,0,1,0.269715602,,,,,,,,,,,,20,1,2019_Aug_14_0853,FaceNameBlocked,3.0.0,59.94929394,
26,FacesBlock1_v2.xlsx,Adam.mp4,Adam.JPG,Adam,5,Ատամ,0,0,0,0,,,,,0,10,10,5,,,,,,,,Edwin,"['lshift', 'e', 'd', 'w', 'i', 'n']","[4.8823286650003865, 6.233325387001969, 6.549650568980724, 7.299545198970009, 7.416207064001355, 7.4997720459941775]",[4.88232,4.88232,2,0.985187334,,,20,1,2019_Aug_14_0853,FaceNameBlocked,3.0.0,59.94929394,
107,FacesBlock4_v2.xlsx,Alyssa.mp4,Alyssa.JPG,Alyssa,55,Ալեսսա,0,3,3,3,,,,,0,1,1,10,,,,,,,,,None,,,,1,0.335290743,,,20,1,2019_Aug_14_0853,FaceNameBlocked,3.0.0,59.94929394,
94,FacesBlock4_v2.xlsx,Alyssa.mp4,Alyssa.JPG,Alyssa,55,Ալեսսա,0,3,3,3,0,3,3,10,,,,,,,0,2,0.802666609,,,,,,,,,,,,20,1,2019_Aug_14_0853,FaceNameBlocked,3.0.0,59.94929394,
17,FacesBlock1_v2.xlsx,Amanda.mp4,Amanda.JPG,Amanda,2,Ամանտա,0,0,0,0,,,,,0,1,1,2,,,,,,,,Sarah,"['lshift', 's', 'a', 'r', 'a', 'h']","[3.3493681760155596, 4.151216545025818, 4.48408692702651, 4.684143327001948, 5.617176898987964, 5.767141916032415]",[3.34936,3.34936,1,1.268107197,,,20,1,2019_Aug_14_0853,FaceNameBlocked,3.0.0,59.94929394,
14,FacesBlock1_v2.xlsx,Amanda.mp4,Amanda.JPG,Amanda,2,Ամանտա,0,0,0,0,0,13,13,2,,,,,,,0,2,0.387032376,,,,,,,,,,,,20,1,2019_Aug_14_0853,FaceNameBlocked,3.0.0,59.94929394,
105,FacesBlock4_v2.xlsx,Andrew.mp4,Andrew.JPG,Andrew,51,Անտրէվ,0,3,3,3,0,14,14,6,,,,,,,0,1,0.286519994,,,,,,,,,,,,20,1,2019_Aug_14_0853,FaceNameBlocked,3.0.0,59.94929394,
118,FacesBlock4_v2.xlsx,Andrew.mp4,Andrew.JPG,Andrew,51,Անտրէվ,0,3,3,3,,,,,0,12,12,6,,,,,,,,Michael,"['lshift', 'm', 'i', 'h', 'backspace', 'c', 'h', 'a', 'e', 'l']","[3.1334386859671213, 5.234215355012566, 6.334018477995414, 7.000178464979399, 7.6820053000119515, 7.849590973986778, 8.833274531003553, 9.316212287987582, 9.466082472004928, 9.648867545998655]",[3.13343,3.13343,1,0.335334801,,,20,1,2019_Aug_14_0853,FaceNameBlocked,3.0.0,59.94929394,
114,FacesBlock4_v2.xlsx,Anna.mp4,Anna.JPG,Anna,47,Աննա,0,3,3,3,,,,,0,8,8,2,,,,,,,,Jennifer,"['lshift', 'j', 'e', 'n', 'n', 'i', 'f', 'e', 'r']","[5.2327808440313675, 5.634082621021662, 5.867121262010187, 6.167036104016006, 6.716009651019704, 7.0001359290326945, 7.216496448032558, 7.383160150027834, 7.450000901008025]",[5.23278,5.23278,1,0.369248258,,,20,1,2019_Aug_14_0853,FaceNameBlocked,3.0.0,59.94929394,
93,FacesBlock4_v2.xlsx,Anna.mp4,Anna.JPG,Anna,47,Աննա,0,3,3,3,0,2,2,2,,,,,,,1,2,1.036583083,,,,,,,,,,,,20,1,2019_Aug_14_0853,FaceNameBlocked,3.0.0,59.94929394,
36,FacesBlock2_v2.xlsx,Ashley.mp4,Ashley.JPG,Ashley,24,Ասհլէե,0,1,1,1,0,5,5,9,,,,,,,1,2,0.853308567,,,,,,,,,,,,20,1,2019_Aug_14_0853,FaceNameBlocked,3.0.0,59.94929394,
54,FacesBlock2_v2.xlsx,Ashley.mp4,Ashley.JPG,Ashley,24,Ասհլէե,0,1,1,1,,,,,0,8,8,9,,,,,,,,Ashley,"['lshift', 'a', 's', 'h', 'l', 'e', 't', 'backspace', 'y']","[0.7507808430236764, 0.9520215840311721, 1.3021676749922335, 1.7182675820076838, 3.4345179030206054, 3.5507115040090866, 3.7167382320039906, 4.4501428839867, 4.700215225981083]",[0.75078,0.75078,4,0.301929954,,,20,1,2019_Aug_14_0853,FaceNameBlocked,3.0.0,59.94929394,
4,FacesBlock1_v2.xlsx,Bradley.mp4,Bradley.JPG,Bradley,14,Բրատլէե,0,0,0,0,0,3,3,14,,,,,,,0,1,0.2865877,,,,,,,,,,,,20,1,2019_Aug_14_0853,FaceNameBlocked,3.0.0,59.94929394,
19,FacesBlock1_v2.xlsx,Bradley.mp4,Bradley.JPG,Bradley,14,Բրատլէե,0,0,0,0,,,,,0,3,3,14,,,,,,,,John,"['lshift', 'j', 'o', 'h', 'n']","[4.449572863988578, 4.8683130770223215, 5.051340663980227, 5.282897218014114, 5.551119574985933]",[4.44957,4.44957,1,0.951779993,,,20,1,2019_Aug_14_0853,FaceNameBlocked,3.0.0,59.94929394,
111,FacesBlock4_v2.xlsx,Brandon.mp4,Brandon.JPG,Brandon,56,Բրանտոն,0,3,3,3,,,,,0,5,5,11,,,,,,,,,['lshift'],[2.6172285319771618],[2.61722,2.61722,1,0.70215192,,,20,1,2019_Aug_14_0853,FaceNameBlocked,3.0.0,59.94929394,
103,FacesBlock4_v2.xlsx,Brandon.mp4,Brandon.JPG,Brandon,56,Բրանտոն,0,3,3,3,0,12,12,11,,,,,,,1,1,0.636147755,,,,,,,,,,,,20,1,2019_Aug_14_0853,FaceNameBlocked,3.0.0,59.94929394,
116,FacesBlock4_v2.xlsx,Brian.mp4,Brian.JPG,Brian,53,Բրիան,0,3,3,3,,,,,0,10,10,8,,,,,,,,,None,,,,1,0.40144463,,,20,1,2019_Aug_14_0853,FaceNameBlocked,3.0.0,59.94929394,
104,FacesBlock4_v2.xlsx,Brian.mp4,Brian.JPG,Brian,53,Բրիան,0,3,3,3,0,13,13,8,,,,,,,1,1,0.519186119,,,,,,,,,,,,20,1,2019_Aug_14_0853,FaceNameBlocked,3.0.0,59.94929394,
97,FacesBlock4_v2.xlsx,Brianna.mp4,Brianna.JPG,Brianna,48,Բրիաննա,0,3,3,3,0,6,6,3,,,,,,,1,2,0.502856104,,,,,,,,,,,,20,1,2019_Aug_14_0853,FaceNameBlocked,3.0.0,59.94929394,
117,FacesBlock4_v2.xlsx,Brianna.mp4,Brianna.JPG,Brianna,48,Բրիաննա,0,3,3,3,,,,,0,11,11,3,,,,,,,,Emily,"['lshift', 'e', 'm', 'i', 'l', 'y']","[1.766903791052755, 2.0847081020474434, 2.4345221300027333, 2.985001908033155, 3.201316543039866, 3.3346204860135913]",[1.76690,1.76690,2,0.318434563,,,20,1,2019_Aug_14_0853,FaceNameBlocked,3.0.0,59.94929394,
41,FacesBlock2_v2.xlsx,Brittany.mp4,Brittany.JPG,Brittany,28,Բրիդդանե,0,1,1,1,0,10,10,13,,,,,,,0,2,0.400328163,,,,,,,,,,,,20,1,2019_Aug_14_0853,FaceNameBlocked,3.0.0,59.94929394,
50,FacesBlock2_v2.xlsx,Brittany.mp4,Brittany.JPG,Brittany,28,Բրիդդանե,0,1,1,1,,,,,0,4,4,13,,,,,,,,Bri,"['lshift', 'b', 'r', 'i']","[4.916170131997205, 8.966378114011604, 9.615519019018393, 9.965134175028652]",[4.91617,4.91617,1,1.184800821,,,20,1,2019_Aug_14_0853,FaceNameBlocked,3.0.0,59.94929394,
112,FacesBlock4_v2.xlsx,Caleb.mp4,Caleb.JPG,Caleb,59,Գալէբ,0,3,3,3,,,,,0,6,6,14,,,,,,,,Dylan,"['lshift', 'd', 'y', 'l', 'a', 'n']","[1.3003001739853062, 1.5842685759998858, 1.768462001986336, 2.4682237079832703, 2.551041475031525, 2.7006917480030097]",[1.30030,1.30030,1,0.352638385,,,20,1,2019_Aug_14_0853,FaceNameBlocked,3.0.0,59.94929394,
100,FacesBlock4_v2.xlsx,Caleb.mp4,Caleb.JPG,Caleb,59,Գալէբ,0,3,3,3,0,9,9,14,,,,,,,1,1,0.653588029,,,,,,,,,,,,20,1,2019_Aug_14_0853,FaceNameBlocked,3.0.0,59.94929394,
46,FacesBlock2_v2.xlsx,Cody.mp4,Cody.JPG,Cody,23,Գոտե,0,1,1,1,,,,,0,0,0,8,,,,,,space,8.332960535,Cody,"['lshift', 't', 'y', 'backspace', 'backspace', 'lshift', 'c', 'o', 'd', 'y']","[3.13391784200212, 3.618964502005838, 3.9677868840517476, 4.617447302036453, 4.767479813017417, 5.5996616370393895, 5.90110567904776, 6.133988814020995, 6.300642584043089, 6.567694644036237]",[3.13391,3.13391,2,0.536089718,,,20,1,2019_Aug_14_0853,FaceNameBlocked,3.0.0,59.94929394,
40,FacesBlock2_v2.xlsx,Cody.mp4,Cody.JPG,Cody,23,Գոտե,0,1,1,1,0,9,9,8,,,,,,,0,1,0.552042503,,,,,,,,,,,,20,1,2019_Aug_14_0853,FaceNameBlocked,3.0.0,59.94929394,
83,FacesBlock3_v2.xlsx,Courtney.mp4,Courtney.JPG,Courtney,42,Գոըրդնէե,0,2,2,2,,,,,0,7,7,12,,,,,,,,Laurn,"['lshift', 'l', 'a', 'u', 'r', 'backspace', 'r', 'n']","[2.050302128016483, 2.4184930589981377, 2.6683448220137507, 3.3852813779958524, 3.5015734210028313, 4.067247138998937, 4.733879406994674, 5.0493445310276]",[2.05030,2.05030,4,0.902155083,,,20,1,2019_Aug_14_0853,FaceNameBlocked,3.0.0,59.94929394,
70,FacesBlock3_v2.xlsx,Courtney.mp4,Courtney.JPG,Courtney,42,Գոըրդնէե,0,2,2,2,0,9,9,12,,,,,,,0,2,0.419717585,,,,,,,,,,,,20,1,2019_Aug_14_0853,FaceNameBlocked,3.0.0,59.94929394,
77,FacesBlock3_v2.xlsx,Daniel.mp4,Daniel.JPG,Daniel,30,Տանիէլ,0,2,2,2,,,,,0,1,1,0,,,,,,,,Kevin,"['lshift', 'k', 'e', 'v', 'i', 'n']","[1.3327578179887496, 1.7183890939923003, 1.93433413997991, 2.234526303014718, 2.384522387001198, 2.518109821015969]",[1.33275,1.33275,2,0.268677509,,,20,1,2019_Aug_14_0853,FaceNameBlocked,3.0.0,59.94929394,
64,FacesBlock3_v2.xlsx,Daniel.mp4,Daniel.JPG,Daniel,30,Տանիէլ,0,2,2,2,0,3,3,0,,,,,,,1,1,0.536698235,,,,,,,,,,,,20,1,2019_Aug_14_0853,FaceNameBlocked,3.0.0,59.94929394,
28,FacesBlock1_v2.xlsx,Danielle.mp4,Danielle.JPG,Danielle,3,Տանիէլլէ,0,0,0,0,,,,,0,12,12,3,,,,,,,,Ashley,"['lshift', 'a', 's', 'h', 'l', 'e', 'y']","[2.584181043028366, 2.96844292699825, 3.135019851033576, 3.5680871400400065, 5.08434792002663, 5.2173571700113826, 5.334410194016527]",[2.58418,2.58418,2,1.102371329,,,20,1,2019_Aug_14_0853,FaceNameBlocked,3.0.0,59.94929394,
6,FacesBlock1_v2.xlsx,Danielle.mp4,Danielle.JPG,Danielle,3,Տանիէլլէ,0,0,0,0,0,5,5,3,,,,,,,0,2,0.085889881,,,,,,,,,,,,20,1,2019_Aug_14_0853,FaceNameBlocked,3.0.0,59.94929394,
52,FacesBlock2_v2.xlsx,David.mp4,David.JPG,David,16,Տաւիտ,0,1,1,1,,,,,0,6,6,1,,,,,,,,Cody,"['lshift', 'c', 'o', 'd', 'y']","[1.1514026499935426, 1.5351092019700445, 1.7521173199638724, 1.901502211985644, 2.019301455002278]",[1.15140,1.15140,2,0.368028011,,,20,1,2019_Aug_14_0853,FaceNameBlocked,3.0.0,59.94929394,
38,FacesBlock2_v2.xlsx,David.mp4,David.JPG,David,16,Տաւիտ,0,1,1,1,0,7,7,1,,,,,,,0,1,0.65287822,,,,,,,,,,,,20,1,2019_Aug_14_0853,FaceNameBlocked,3.0.0,59.94929394,
96,FacesBlock4_v2.xlsx,Dylan.mp4,Dylan.JPG,Dylan,50,Տելան,0,3,3,3,0,5,5,5,,,,,,,0,1,0.786243697,,,,,,,,,,,,20,1,2019_Aug_14_0853,FaceNameBlocked,3.0.0,59.94929394,
120,FacesBlock4_v2.xlsx,Dylan.mp4,Dylan.JPG,Dylan,50,Տելան,0,3,3,3,,,,,0,14,14,5,,,,,,,,,None,,,,1,1.568529554,,,20,1,2019_Aug_14_0853,FaceNameBlocked,3.0.0,59.94929394,
119,FacesBlock4_v2.xlsx,Emily.mp4,Emily.JPG,Emily,57,Էմիլե,0,3,3,3,,,,,0,13,13,12,,,,,,,,Emily,"['lshift', 'e', 'm', 'i', 'l', 'y']","[7.731442618009169, 8.498923662991729, 8.63274025102146, 8.783021688985173, 8.948745928995777, 9.098866802989505]",[7.73144,7.73144,1,0.268762624,,,20,1,2019_Aug_14_0853,FaceNameBlocked,3.0.0,59.94929394,
95,FacesBlock4_v2.xlsx,Emily.mp4,Emily.JPG,Emily,57,Էմիլե,0,3,3,3,0,4,4,12,,,,,,,1,2,0.552515147,,,,,,,,,,,,20,1,2019_Aug_14_0853,FaceNameBlocked,3.0.0,59.94929394,
8,FacesBlock1_v2.xlsx,Eric.mp4,Eric.JPG,Eric,0,Էրիգ,0,0,0,0,0,7,7,0,,,,,,,1,1,0.270271052,,,,,,,,,,,,20,1,2019_Aug_14_0853,FaceNameBlocked,3.0.0,59.94929394,
23,FacesBlock1_v2.xlsx,Eric.mp4,Eric.JPG,Eric,0,Էրիգ,0,0,0,0,,,,,0,7,7,0,,,,,,,,Brian,"['lshift', 'b', 'r', 'i', 'a', 'n']","[1.7838401059852913, 2.05187401000876, 2.3857203400111757, 2.5349969799863175, 2.6846786260139197, 2.7833879190147854]",[1.78384,1.78384,1,0.468583051,,,20,1,2019_Aug_14_0853,FaceNameBlocked,3.0.0,59.94929394,
5,FacesBlock1_v2.xlsx,Ethan.mp4,Ethan.JPG,Ethan,11,Էդհան,0,0,0,0,0,4,4,11,,,,,,,1,1,0.250277119,,,,,,,,,,,,20,1,2019_Aug_14_0853,FaceNameBlocked,3.0.0,59.94929394,
18,FacesBlock1_v2.xlsx,Ethan.mp4,Ethan.JPG,Ethan,11,Էդհան,0,0,0,0,,,,,0,2,2,11,,,,,,,,David,"['lshift', 'd', 'a', 'v', 'i', 'd']","[3.999533149995841, 4.781777607975528, 5.017473203013651, 5.284312114992645, 5.651169930002652, 5.767308757989667]",[3.99953,3.99953,1,0.518921738,,,20,1,2019_Aug_14_0853,FaceNameBlocked,3.0.0,59.94929394,
91,FacesBlock4_v2.xlsx,Grace.mp4,Grace.JPG,Grace,58,Կրագէ,0,3,3,3,0,0,0,13,,,,,,,0,2,1.386541463,,,,,,,,,,,,20,1,2019_Aug_14_0853,FaceNameBlocked,3.0.0,59.94929394,
106,FacesBlock4_v2.xlsx,Grace.mp4,Grace.JPG,Grace,58,Կրագէ,0,3,3,3,,,,,0,0,0,13,,,,,,space,1.618260893,Grace,"['lshift', 'g', 'r', 'a', 'c', 'e']","[1.399949798011221, 1.9005860810284503, 2.083670458989218, 2.3003094409941696, 2.500378411030397, 2.6507215260062367]",[1.39994,1.39994,4,0.352464021,,,20,1,2019_Aug_14_0853,FaceNameBlocked,3.0.0,59.94929394,
48,FacesBlock2_v2.xlsx,Haley.mp4,Haley.JPG,Haley,20,Հալէե,0,1,1,1,,,,,0,2,2,5,,,,,,,,,['lshift'],[1.3836200700025074],[1.38362,1.38362,1,0.318894059,,,20,1,2019_Aug_14_0853,FaceNameBlocked,3.0.0,59.94929394,
39,FacesBlock2_v2.xlsx,Haley.mp4,Haley.JPG,Haley,20,Հալէե,0,1,1,1,0,8,8,5,,,,,,,0,2,1.252661216,,,,,,,,,,,,20,1,2019_Aug_14_0853,FaceNameBlocked,3.0.0,59.94929394,
11,FacesBlock1_v2.xlsx,Hannah.mp4,Hannah.JPG,Hannah,1,Հաննահ,0,0,0,0,0,10,10,1,,,,,,,1,2,0.252855045,,,,,,,,,,,,20,1,2019_Aug_14_0853,FaceNameBlocked,3.0.0,59.94929394,
22,FacesBlock1_v2.xlsx,Hannah.mp4,Hannah.JPG,Hannah,1,Հաննահ,0,0,0,0,,,,,0,6,6,1,,,,,,,,Jessica,"['lshift', 'j', 'e', 's', 's', 'i', 'c', 'a']","[1.7671731459558941, 2.234972767008003, 2.501359217974823, 2.768504489969928, 2.8510579069843516, 3.584664313995745, 3.6348330629989505, 3.7663415969582275]",[1.76717,1.76717,2,0.98526393,,,20,1,2019_Aug_14_0853,FaceNameBlocked,3.0.0,59.94929394,
45,FacesBlock2_v2.xlsx,Heather.mp4,Heather.JPG,Heather,26,Հէադհէր,0,1,1,1,0,14,14,11,,,,,,,0,2,0.269819556,,,,,,,,,,,,20,1,2019_Aug_14_0853,FaceNameBlocked,3.0.0,59.94929394,
58,FacesBlock2_v2.xlsx,Heather.mp4,Heather.JPG,Heather,26,Հէադհէր,0,1,1,1,,,,,0,12,12,11,,,,,,,,Heather,"['lshift', 'h', 'e', 'a', 't', 'h', 'e', 'r']","[1.433542644022964, 1.668165399983991, 1.8843524730182253, 2.134342410019599, 2.28437552601099, 2.399632772023324, 2.51741862797644, 2.599272502004169]",[1.43354,1.43354,4,0.83507856,,,20,1,2019_Aug_14_0853,FaceNameBlocked,3.0.0,59.94929394,
84,FacesBlock3_v2.xlsx,Jacob.mp4,Jacob.JPG,Jacob,39,Ճագոբ,0,2,2,2,,,,,0,8,8,9,,,,,,,,Mark,"['lshift', 'm', 'lshift', 'a', 'r', 'k', 'backspace', 'backspace', 'backspace', 'a', 'r', 'k']","[4.099693591007963, 4.650162272970192, 4.6819695179583505, 5.183908083010465, 5.28338627400808, 5.450535773008596, 5.850139081012458, 6.000058932986576, 6.13310018600896, 6.300299461989198, 6.383670760958921, 6.566860113991424]",[4.09969,4.09969,1,0.335682645,,,20,1,2019_Aug_14_0853,FaceNameBlocked,3.0.0,59.94929394,
73,FacesBlock3_v2.xlsx,Jacob.mp4,Jacob.JPG,Jacob,39,Ճագոբ,0,2,2,2,0,12,12,9,,,,,,,0,1,0.452636616,,,,,,,,,,,,20,1,2019_Aug_14_0853,FaceNameBlocked,3.0.0,59.94929394,
109,FacesBlock4_v2.xlsx,Jason.mp4,Jason.JPG,Jason,49,Ճասոն,0,3,3,3,,,,,0,3,3,4,,,,,,,,Brian,"['lshift', 'b', 'r', 'i', 'a', 'n']","[4.016194664000068, 5.050405627989676, 5.250485037977342, 5.383768583997153, 5.500400915974751, 5.633603718946688]",[4.01619,4.01619,2,0.250340036,,,20,1,2019_Aug_14_0853,FaceNameBlocked,3.0.0,59.94929394,
101,FacesBlock4_v2.xlsx,Jason.mp4,Jason.JPG,Jason,49,Ճասոն,0,3,3,3,0,10,10,4,,,,,,,1,1,0.736256038,,,,,,,,,,,,20,1,2019_Aug_14_0853,FaceNameBlocked,3.0.0,59.94929394,
10,FacesBlock1_v2.xlsx,Jenna.mp4,Jenna.JPG,Jenna,6,Ճէննա,0,0,0,0,0,9,9,6,,,,,,,1,2,0.203674894,,,,,,,,,,,,20,1,2019_Aug_14_0853,FaceNameBlocked,3.0.0,59.94929394,
27,FacesBlock1_v2.xlsx,Jenna.mp4,Jenna.JPG,Jenna,6,Ճէննա,0,0,0,0,,,,,0,11,11,6,,,,,,,,Leslie,"['lshift', 'l', 'e', 's', 'l', 'i', 'e']","[2.4331573499948718, 2.868406330002472, 3.184607559989672, 3.501397686020937, 4.933832348964643, 5.067335769010242, 5.217723998997826]",[2.43315,2.43315,2,0.585262804,,,20,1,2019_Aug_14_0853,FaceNameBlocked,3.0.0,59.94929394,
55,FacesBlock2_v2.xlsx,Jeremy.mp4,Jeremy.JPG,Jeremy,15,Ճէրէմե,0,1,1,1,,,,,0,9,9,0,,,,,,,,Trever,"['lshift', 't', 'r', 'e', 'v', 'e', 'r']","[4.232439058017917, 4.515866351022851, 4.867536118021235, 5.417662621999625, 5.9000500600086525, 6.000418720010202, 6.100513987999875]",[4.23243,4.23243,2,0.485728044,,,20,1,2019_Aug_14_0853,FaceNameBlocked,3.0.0,59.94929394,
44,FacesBlock2_v2.xlsx,Jeremy.mp4,Jeremy.JPG,Jeremy,15,Ճէրէմե,0,1,1,1,0,13,13,0,,,,,,,0,1,0.286548336,,,,,,,,,,,,20,1,2019_Aug_14_0853,FaceNameBlocked,3.0.0,59.94929394,
15,FacesBlock1_v2.xlsx,Jessica.mp4,Jessica.JPG,Jessica,8,Ճէսսիգա,0,0,0,0,0,14,14,8,,,,,,,0,2,0.352204438,,,,,,,,,,,,20,1,2019_Aug_14_0853,FaceNameBlocked,3.0.0,59.94929394,
25,FacesBlock1_v2.xlsx,Jessica.mp4,Jessica.JPG,Jessica,8,Ճէսսիգա,0,0,0,0,,,,,0,9,9,8,,,,,,,,Jessica,"['lshift', 'j', 'e', 's', 's', 'i', 'c', 'a']","[1.9003798649646342, 2.1508138809585944, 2.368044250004459, 2.750977788004093, 2.9512171469978057, 3.1010016539948992, 3.1841046700137667, 3.3176475659711286]",[1.90037,1.90037,2,0.317236606,,,20,1,2019_Aug_14_0853,FaceNameBlocked,3.0.0,59.94929394,
57,FacesBlock2_v2.xlsx,Josh.mp4,Josh.JPG,Josh,19,Ճոսհ,0,1,1,1,,,,,0,11,11,4,,,,,,,,,None,,,,1,1.168798246,,,20,1,2019_Aug_14_0853,FaceNameBlocked,3.0.0,59.94929394,
32,FacesBlock2_v2.xlsx,Josh.mp4,Josh.JPG,Josh,19,Ճոսհ,0,1,1,1,0,1,1,4,,,,,,,0,1,1.135379315,,,,,,,,,,,,20,1,2019_Aug_14_0853,FaceNameBlocked,3.0.0,59.94929394,
1,FacesBlock1_v2.xlsx,Julia.mp4,Julia.JPG,Julia,13,Ճըլիա,0,0,0,0,0,0,0,13,,,,,,,0,2,0.585819724,,,,,,,,,,,,20,1,2019_Aug_14_0853,FaceNameBlocked,3.0.0,59.94929394,
30,FacesBlock1_v2.xlsx,Julia.mp4,Julia.JPG,Julia,13,Ճըլիա,0,0,0,0,,,,,0,14,14,13,,,,,,,,,None,,,,1,0.334905331,,,20,1,2019_Aug_14_0853,FaceNameBlocked,3.0.0,59.94929394,
43,FacesBlock2_v2.xlsx,Justin.mp4,Justin.JPG,Justin,27,Ճըսդին,0,1,1,1,0,12,12,12,,,,,,,1,1,0.353118257,,,,,,,,,,,,20,1,2019_Aug_14_0853,FaceNameBlocked,3.0.0,59.94929394,
56,FacesBlock2_v2.xlsx,Justin.mp4,Justin.JPG,Justin,27,Ճըսդին,0,1,1,1,,,,,0,10,10,12,,,,,,,,Michael,"['lshift', 'm', 'i', 'c', 'h', 'a', 'e', 'l']","[2.650580359972082, 3.7674305220134556, 5.500947921012994, 6.167204826022498, 6.517077683005482, 7.733356978977099, 7.883902307017706, 8.716638600977603]",[2.65058,2.65058,1,1.134813563,,,20,1,2019_Aug_14_0853,FaceNameBlocked,3.0.0,59.94929394,
108,FacesBlock4_v2.xlsx,Katie.mp4,Katie.JPG,Katie,54,Քադիէ,0,3,3,3,,,,,0,2,2,9,,,,,,,,Briana,"['lshift', 'b', 'r', 'i', 'a', 'n', 'a']","[5.04794114100514, 6.566689696977846, 7.316382831952069, 7.483132891997229, 7.5991410939604975, 7.7492395009612665, 7.849542437994387]",[5.04794,5.04794,1,0.268796176,,,20,1,2019_Aug_14_0853,FaceNameBlocked,3.0.0,59.94929394,
92,FacesBlock4_v2.xlsx,Katie.mp4,Katie.JPG,Katie,54,Քադիէ,0,3,3,3,0,1,1,9,,,,,,,0,2,0.91916537,,,,,,,,,,,,20,1,2019_Aug_14_0853,FaceNameBlocked,3.0.0,59.94929394,
69,FacesBlock3_v2.xlsx,Kayla.mp4,Kayla.JPG,Kayla,34,Սարահ,0,2,2,2,0,8,8,4,,,,,,,1,2,0.586297801,,,,,,,,,,,,20,1,2019_Aug_14_0853,FaceNameBlocked,3.0.0,59.94929394,
80,FacesBlock3_v2.xlsx,Kayla.mp4,Kayla.JPG,Kayla,34,Սարահ,0,2,2,2,,,,,0,4,4,4,,,,,,,,,None,,,,1,0.352325491,,,20,1,2019_Aug_14_0853,FaceNameBlocked,3.0.0,59.94929394,
29,FacesBlock1_v2.xlsx,Kelsey.mp4,Kelsey.JPG,Kelsey,12,Քէլսէե,0,0,0,0,,,,,0,13,13,12,,,,,,,,,None,,,,1,1.168366693,,,20,1,2019_Aug_14_0853,FaceNameBlocked,3.0.0,59.94929394,
2,FacesBlock1_v2.xlsx,Kelsey.mp4,Kelsey.JPG,Kelsey,12,Քէլսէե,0,0,0,0,0,1,1,12,,,,,,,1,2,0.419793121,,,,,,,,,,,,20,1,2019_Aug_14_0853,FaceNameBlocked,3.0.0,59.94929394,
61,FacesBlock3_v2.xlsx,Kevin.mp4,Kevin.JPG,Kevin,41,Քէւին,0,2,2,2,0,0,0,11,,,,,,,1,1,0.885732111,,,,,,,,,,,,20,1,2019_Aug_14_0853,FaceNameBlocked,3.0.0,59.94929394,
78,FacesBlock3_v2.xlsx,Kevin.mp4,Kevin.JPG,Kevin,41,Քէւին,0,2,2,2,,,,,0,2,2,11,,,,,,,,Jacob,"['lshift', 'j', 'a', 'c', 'o', 'b']","[1.7337301099905744, 2.8994268879760057, 3.1678798929788172, 4.383881589979865, 4.56746407301398, 4.7675250609754585]",[1.73373,1.73373,2,0.333573079,,,20,1,2019_Aug_14_0853,FaceNameBlocked,3.0.0,59.94929394,
13,FacesBlock1_v2.xlsx,Kyle.mp4,Kyle.JPG,Kyle,4,Քելէ,0,0,0,0,0,12,12,4,,,,,,,0,1,0.286755962,,,,,,,,,,,,20,1,2019_Aug_14_0853,FaceNameBlocked,3.0.0,59.94929394,
21,FacesBlock1_v2.xlsx,Kyle.mp4,Kyle.JPG,Kyle,4,Քելէ,0,0,0,0,,,,,0,5,5,4,,,,,,,,,None,,,,1,0.266922214,,,20,1,2019_Aug_14_0853,FaceNameBlocked,3.0.0,59.94929394,
82,FacesBlock3_v2.xlsx,Lauren.mp4,Lauren.JPG,Lauren,38,Լաըրէն,0,2,2,2,,,,,0,6,6,8,,,,,,,,Coutrney,"['lshift', 'c', 'o', 'u', 't', 'r', 'n', 'y', 'backspace', 'e', 'y']","[2.100532923010178, 2.552298483962659, 2.968787110003177, 3.035404069989454, 3.3681267839856446, 3.9014482499915175, 4.817682430963032, 4.950932326959446, 5.734358401969075, 6.684167000988964, 6.767644501000177]",[2.10053,2.10053,4,2.852143852,,,20,1,2019_Aug_14_0853,FaceNameBlocked,3.0.0,59.94929394,
66,FacesBlock3_v2.xlsx,Lauren.mp4,Lauren.JPG,Lauren,38,Լաըրէն,0,2,2,2,0,5,5,8,,,,,,,0,2,1.086036721,,,,,,,,,,,,20,1,2019_Aug_14_0853,FaceNameBlocked,3.0.0,59.94929394,
85,FacesBlock3_v2.xlsx,Mark.mp4,Mark.JPG,Mark,40,Մարք,0,2,2,2,,,,,0,9,9,10,,,,,,,,Mark,"['lshift', 'm', 'a', 'r', 'k']","[0.7677975840051658, 1.3848841800354421, 1.5511576930293813, 1.7015933360089548, 1.8346386350458488]",[0.76779,0.76779,4,0.302594594,,,20,1,2019_Aug_14_0853,FaceNameBlocked,3.0.0,59.94929394,
63,FacesBlock3_v2.xlsx,Mark.mp4,Mark.JPG,Mark,40,Մարք,0,2,2,2,0,2,2,10,,,,,,,0,1,0.419954257,,,,,,,,,,,,20,1,2019_Aug_14_0853,FaceNameBlocked,3.0.0,59.94929394,
3,FacesBlock1_v2.xlsx,Matthew.mp4,Matthew.JPG,Matthew,9,Մադդհէվ,0,0,0,0,0,2,2,9,,,,,,,1,1,0.352965697,,,,,,,,,,,,20,1,2019_Aug_14_0853,FaceNameBlocked,3.0.0,59.94929394,
16,FacesBlock1_v2.xlsx,Matthew.mp4,Matthew.JPG,Matthew,9,Մադդհէվ,0,0,0,0,,,,,0,0,0,9,,,,,,space,33.84164688,Mark,"['lshift', 'm', 'a', 'r', 'k', '1', 'backspace']","[2.5994659399730153, 3.10049592400901, 3.5676100709824823, 3.7990044329781085, 4.434092426963616, 5.967148752999492, 6.732708185969386]",[2.59946,2.59946,1,0.818529577,,,20,1,2019_Aug_14_0853,FaceNameBlocked,3.0.0,59.94929394,
47,FacesBlock2_v2.xlsx,Megan.mp4,Megan.JPG,Megan,25,Մէկան,0,1,1,1,,,,,0,1,1,10,,,,,,,,,"['lshift', 'b', 'backspace']","[0.8845556760206819, 5.601351944031194, 6.916654993023258]",[0.88455,0.88455,1,1.135314915,,,20,1,2019_Aug_14_0853,FaceNameBlocked,3.0.0,59.94929394,
33,FacesBlock2_v2.xlsx,Megan.mp4,Megan.JPG,Megan,25,Մէկան,0,1,1,1,0,2,2,10,,,,,,,1,2,1.302849376,,,,,,,,,,,,20,1,2019_Aug_14_0853,FaceNameBlocked,3.0.0,59.94929394,
115,FacesBlock4_v2.xlsx,Michael.mp4,Michael.JPG,Michael,46,Միգհաէլ,0,3,3,3,,,,,0,9,9,1,,,,,,,,Tr,"['lshift', 't', 'r']","[8.814535187964793, 9.199240850983188, 9.416189140989445]",[8.81453,8.81453,1,1.249879262,,,20,1,2019_Aug_14_0853,FaceNameBlocked,3.0.0,59.94929394,
98,FacesBlock4_v2.xlsx,Michael.mp4,Michael.JPG,Michael,46,Միգհաէլ,0,3,3,3,0,7,7,1,,,,,,,0,1,0.669848986,,,,,,,,,,,,20,1,2019_Aug_14_0853,FaceNameBlocked,3.0.0,59.94929394,
102,FacesBlock4_v2.xlsx,Michelle.mp4,Michelle.JPG,Michelle,52,Միգհէլլէ,0,3,3,3,0,11,11,7,,,,,,,0,2,0.303599743,,,,,,,,,,,,20,1,2019_Aug_14_0853,FaceNameBlocked,3.0.0,59.94929394,
113,FacesBlock4_v2.xlsx,Michelle.mp4,Michelle.JPG,Michelle,52,Միգհէլլէ,0,3,3,3,,,,,0,7,7,7,,,,,,,,Kimberly,"['lshift', 'k', 'i', 'm', 'b', 'e', 'r', 'l', 'y']","[2.49942749296315, 2.8514507719664834, 3.201451739005279, 3.5008666340145282, 4.083884574007243, 4.201100679987576, 4.334392299002502, 4.833557069010567, 4.951679082005285]",[2.49942,2.49942,1,0.635332369,,,20,1,2019_Aug_14_0853,FaceNameBlocked,3.0.0,59.94929394,
24,FacesBlock1_v2.xlsx,Natalie.mp4,Natalie.JPG,Natalie,7,Նադալիէ,0,0,0,0,,,,,0,8,8,7,,,,,,,,,None,,,,1,0.485850363,,,20,1,2019_Aug_14_0853,FaceNameBlocked,3.0.0,59.94929394,
12,FacesBlock1_v2.xlsx,Natalie.mp4,Natalie.JPG,Natalie,7,Նադալիէ,0,0,0,0,0,11,11,7,,,,,,,1,2,0.452810354,,,,,,,,,,,,20,1,2019_Aug_14_0853,FaceNameBlocked,3.0.0,59.94929394,
88,FacesBlock3_v2.xlsx,Nathan.mp4,Nathan.JPG,Nathan,37,Նադհան,0,2,2,2,,,,,0,12,12,7,,,,,,,,Nathan,"['lshift', 'n', 'a', 't', 'h', 'backspace', 'backspace', 'i', 't', 'h', 'a', 'backspace', 'backspace', 'backspace', 'backspace', 't', 'h', 'a', 'n']","[1.66730616602581, 2.06877298199106, 2.401937126996927, 2.6853260000352748, 2.852306068991311, 5.333747617027257, 5.699750823026989, 6.417158194992226, 6.5505070150247775, 6.650433504022658, 6.783812613983173, 7.1497586949844845, 7.282522335997783, 7.432858782995027, 7.581951643980574, 7.866595558007248, 8.616516690002754, 8.982986351998989, 9.31578573299339]",[1.66730,1.66730,4,1.285348163,,,20,1,2019_Aug_14_0853,FaceNameBlocked,3.0.0,59.94929394,
72,FacesBlock3_v2.xlsx,Nathan.mp4,Nathan.JPG,Nathan,37,Նադհան,0,2,2,2,0,11,11,7,,,,,,,1,1,0.470395457,,,,,,,,,,,,20,1,2019_Aug_14_0853,FaceNameBlocked,3.0.0,59.94929394,
68,FacesBlock3_v2.xlsx,Nicole.mp4,Nicole.JPG,Nicole,43,Նիգոլէ,0,2,2,2,0,7,7,13,,,,,,,1,2,0.570009539,,,,,,,,,,,,20,1,2019_Aug_14_0853,FaceNameBlocked,3.0.0,59.94929394,
87,FacesBlock3_v2.xlsx,Nicole.mp4,Nicole.JPG,Nicole,43,Նիգոլէ,0,2,2,2,,,,,0,11,11,13,,,,,,,,Tonia,"['lshift', 't', 'o', 'n', 'i', 'a']","[1.9508909509750083, 2.218443280959036, 3.2012293149600737, 3.3519367919652723, 3.65205303998664, 3.84977449598955]",[1.95089,1.95089,1,0.302011163,,,20,1,2019_Aug_14_0853,FaceNameBlocked,3.0.0,59.94929394,
86,FacesBlock3_v2.xlsx,Noah.mp4,Noah.JPG,Noah,31,Նոահ,0,2,2,2,,,,,0,10,10,1,,,,,,,,Noah,"['lshift', 'n', 'a', 'o', 'h', 'backspace', 'backspace', 'backspace', 'o', 'a', 'h']","[2.183109854988288, 3.982147475006059, 4.550227665982675, 4.699815483007114, 4.800548653991427, 6.149647278012708, 6.532932593021542, 6.682376070995815, 7.382956812973134, 7.500361328013241, 7.79757315502502]",[2.18310,2.18310,2,0.334635503,,,20,1,2019_Aug_14_0853,FaceNameBlocked,3.0.0,59.94929394,
75,FacesBlock3_v2.xlsx,Noah.mp4,Noah.JPG,Noah,31,Նոահ,0,2,2,2,0,14,14,1,,,,,,,1,1,0.486507474,,,,,,,,,,,,20,1,2019_Aug_14_0853,FaceNameBlocked,3.0.0,59.94929394,
90,FacesBlock3_v2.xlsx,Olivia.mp4,Olivia.JPG,Olivia,35,Ոլիւիա,0,2,2,2,,,,,0,14,14,5,,,,,,,,,None,,,,1,0.31891106,,,20,1,2019_Aug_14_0853,FaceNameBlocked,3.0.0,59.94929394,
67,FacesBlock3_v2.xlsx,Olivia.mp4,Olivia.JPG,Olivia,35,Ոլիւիա,0,2,2,2,0,6,6,5,,,,,,,1,2,1.019172227,,,,,,,,,,,,20,1,2019_Aug_14_0853,FaceNameBlocked,3.0.0,59.94929394,
37,FacesBlock2_v2.xlsx,Rachel.mp4,Rachel.JPG,Rachel,29,Րագհէլ,0,1,1,1,0,6,6,14,,,,,,,1,2,0.72026818,,,,,,,,,,,,20,1,2019_Aug_14_0853,FaceNameBlocked,3.0.0,59.94929394,
51,FacesBlock2_v2.xlsx,Rachel.mp4,Rachel.JPG,Rachel,29,Րագհէլ,0,1,1,1,,,,,0,5,5,14,,,,,,,,Amanda,"['lshift', 'a', 'm', 'a', 'a', 'n', 'd', 'a', 'backspace', 'backspace', 'backspace', 'backspace', 'n', 'd', 'a']","[4.283225116028916, 4.81967653700849, 5.018404497997835, 5.151854737021495, 5.317426269000862, 5.339128262014128, 5.817649736010935, 5.93431372300256, 6.516723742010072, 6.7830219399766065, 6.982916917011607, 7.11647389899008, 7.750521933019627, 7.850542214990128, 7.933916413981933]",[4.28322,4.28322,1,0.269038856,,,20,1,2019_Aug_14_0853,FaceNameBlocked,3.0.0,59.94929394,
65,FacesBlock3_v2.xlsx,Rebecca.mp4,Rebecca.JPG,Rebecca,32,Րէբէգգա,0,2,2,2,0,4,4,2,,,,,,,1,2,0.586630956,,,,,,,,,,,,20,1,2019_Aug_14_0853,FaceNameBlocked,3.0.0,59.94929394,
76,FacesBlock3_v2.xlsx,Rebecca.mp4,Rebecca.JPG,Rebecca,32,Րէբէգգա,0,2,2,2,,,,,0,0,0,2,,,,,,space,2.868059394,Sar,"['lshift', 's', 'a', 'r', 'a']","[8.246863863023464, 9.314938938012347, 9.62942806899082, 9.781416550977156, 9.99784649600042]",[8.24686,8.24686,1,1.834712914,,,20,1,2019_Aug_14_0853,FaceNameBlocked,3.0.0,59.94929394,
79,FacesBlock3_v2.xlsx,Sarah.mp4,Sarah.JPG,Sarah,33,Սարահ,0,2,2,2,,,,,0,3,3,3,,,,,,,,Sarah,"['lshift', 's', 'a', 'r', 'a', 'h']","[1.3174990600091405, 1.819065560004674, 2.1018689129850827, 2.285137897997629, 2.4851244969759136, 2.601783776015509]",[1.31749,1.31749,3,0.351443147,,,20,1,2019_Aug_14_0853,FaceNameBlocked,3.0.0,59.94929394,
74,FacesBlock3_v2.xlsx,Sarah.mp4,Sarah.JPG,Sarah,33,Սարահ,0,2,2,2,0,13,13,3,,,,,,,0,2,0.502127173,,,,,,,,,,,,20,1,2019_Aug_14_0853,FaceNameBlocked,3.0.0,59.94929394,
71,FacesBlock3_v2.xlsx,Shelby.mp4,Shelby.JPG,Shelby,36,Սհէլբե,0,2,2,2,0,10,10,6,,,,,,,0,2,0.385451916,,,,,,,,,,,,20,1,2019_Aug_14_0853,FaceNameBlocked,3.0.0,59.94929394,
81,FacesBlock3_v2.xlsx,Shelby.mp4,Shelby.JPG,Shelby,36,Սհէլբե,0,2,2,2,,,,,0,5,5,6,,,,,,,,Shelby,"['lshift', 's', 'h', 'e', 'l', 'b', 'y']","[0.7835146620054729, 1.2852900510188192, 1.584938981977757, 1.8017435910296626, 2.084934491023887, 3.250574212986976, 3.4844162529916503]",[0.78351,0.78351,4,0.301722297,,,20,1,2019_Aug_14_0853,FaceNameBlocked,3.0.0,59.94929394,
60,FacesBlock2_v2.xlsx,Steven.mp4,Steven.JPG,Steven,17,Սդէւէն,0,1,1,1,,,,,0,14,14,2,,,,,,,,,None,,,,1,0.385315705,,,20,1,2019_Aug_14_0853,FaceNameBlocked,3.0.0,59.94929394,
34,FacesBlock2_v2.xlsx,Steven.mp4,Steven.JPG,Steven,17,Սդէւէն,0,1,1,1,0,3,3,2,,,,,,,1,1,0.452559329,,,,,,,,,,,,20,1,2019_Aug_14_0853,FaceNameBlocked,3.0.0,59.94929394,
110,FacesBlock4_v2.xlsx,Taylor.mp4,Taylor.JPG,Taylor,45,Դաելոր,0,3,3,3,,,,,0,4,4,0,,,,,,,,Taylor,"['lshift', 'lshift', 't', 'a', 'y', 'l', 'o', 'r']","[4.049765751988161, 7.29900572297629, 7.866974618984386, 8.181825227977242, 8.300439532962628, 8.899049241968896, 9.099773512978572, 9.199929191963747]",[4.04976,4.04976,2,1.200506343,,,20,1,2019_Aug_14_0853,FaceNameBlocked,3.0.0,59.94929394,
99,FacesBlock4_v2.xlsx,Taylor.mp4,Taylor.JPG,Taylor,45,Դաելոր,0,3,3,3,0,8,8,0,,,,,,,0,2,0.519366867,,,,,,,,,,,,20,1,2019_Aug_14_0853,FaceNameBlocked,3.0.0,59.94929394,
89,FacesBlock3_v2.xlsx,Thomas.mp4,Thomas.JPG,Thomas,44,Դհոմաս,0,2,2,2,,,,,0,13,13,14,,,,,,,,Steven,"['lshift', 's', 't', 'e', 'v', 'e', 'n']","[5.7826451400178485, 6.533947517047636, 7.316729362006299, 7.499686809023842, 8.44955913204467, 8.5828381490428, 8.716490241000429]",[5.78264,5.78264,3,0.418426359,,,20,1,2019_Aug_14_0853,FaceNameBlocked,3.0.0,59.94929394,
62,FacesBlock3_v2.xlsx,Thomas.mp4,Thomas.JPG,Thomas,44,Դհոմաս,0,2,2,2,0,1,1,14,,,,,,,0,1,0.485809394,,,,,,,,,,,,20,1,2019_Aug_14_0853,FaceNameBlocked,3.0.0,59.94929394,
7,FacesBlock1_v2.xlsx,Timothy.mp4,Timothy.JPG,Timothy,10,Դիմոդհե,0,0,0,0,0,6,6,10,,,,,,,1,1,0.252839478,,,,,,,,,,,,20,1,2019_Aug_14_0853,FaceNameBlocked,3.0.0,59.94929394,
20,FacesBlock1_v2.xlsx,Timothy.mp4,Timothy.JPG,Timothy,10,Դիմոդհե,0,0,0,0,,,,,0,4,4,10,,,,,,,,Kyle,"['lshift', 'k', 'y', 'l', 'e']","[2.000250104989391, 2.3015271759941243, 2.9013279150240123, 3.4845604400034063, 3.601221743039787]",[2.00025,2.00025,2,0.552123344,,,20,1,2019_Aug_14_0853,FaceNameBlocked,3.0.0,59.94929394,
42,FacesBlock2_v2.xlsx,Trevor.mp4,Trevor.JPG,Trevor,21,Դրէւոր,0,1,1,1,0,11,11,6,,,,,,,1,1,0.569629476,,,,,,,,,,,,20,1,2019_Aug_14_0853,FaceNameBlocked,3.0.0,59.94929394,
53,FacesBlock2_v2.xlsx,Trevor.mp4,Trevor.JPG,Trevor,21,Դրէւոր,0,1,1,1,,,,,0,7,7,6,,,,,,,,Justin,"['lshift', 'j', 'u', 's', 't', 'i', 'n']","[3.165894992998801, 3.518545270024333, 3.7179958920460194, 4.783966348040849, 4.917178880015854, 5.4670885630184785, 5.550444933993276]",[3.16589,3.16589,2,0.702075465,,,20,1,2019_Aug_14_0853,FaceNameBlocked,3.0.0,59.94929394,
31,FacesBlock2_v2.xlsx,Tyler.mp4,Tyler.JPG,Tyler,22,Դելէր,0,1,1,1,0,0,0,7,,,,,,,0,1,1.56968386,,,,,,,,,,,,20,1,2019_Aug_14_0853,FaceNameBlocked,3.0.0,59.94929394,
49,FacesBlock2_v2.xlsx,Tyler.mp4,Tyler.JPG,Tyler,22,Դելէր,0,1,1,1,,,,,0,3,3,7,,,,,,,,Tyler,"['lshift', 'lshift', 't', 'y', 'l', 'e', 'r']","[0.867566367960535, 1.899925114994403, 2.0686544899945147, 2.31831196998246, 3.6516538729774766, 3.7010605989489704, 3.7994819059967995]",[0.86756,0.86756,3,0.401765828,,,20,1,2019_Aug_14_0853,FaceNameBlocked,3.0.0,59.94929394,
0,,,,,,,,,,,,,,,,,,,space,226.829241,,,,,,,,,,,,,,,20,1,2019_Aug_14_0853,FaceNameBlocked,3.0.0,59.94929394,
121,,,,,,,,,,,,,,,,,,,,,,,,,,,,,,,,,space,4.983500343,20,1,2019_Aug_14_0853,FaceNameBlocked,3.0.0,59.94929394,