,condsFile,Video,Photo,Name,Row,Name2,blocks.thisRepN,blocks.thisTrialN,blocks.thisN,blocks.thisIndex,presentations.thisRepN,presentations.thisTrialN,presentations.thisN,presentations.thisIndex,testing.thisRepN,testing.thisTrialN,testing.thisN,testing.thisIndex,advance_1.keys,advance_1.rt,currentCond,judgementResp.keys,judgementResp.rt,advance_2.keys,advance_2.rt,inputText,key_resp_3.keys,key_resp_3.rt,,key_resp3_fin,rating_resp.keys,rating_resp.rt,end_key.keys,end_key.rt,participant,session,date,expName,psychopyVersion,frameRate,Unnamed: 38
57,FacesBlock2_v2.xlsx,Aaron.mp4,Aaron.JPG,Aaron,18,Աարոն,0,1,1,1,,,,,0,11,11,3,,,,,,,,erick,"['e', 'r', 'i', 's', 'k', 'backspace', 'backspace', 'c', 'k']","[3.167675115983002, 3.450792718969751, 4.0005775919999, 4.217838132986799, 4.433941324008629, 5.299283878994174, 5.532688172010239, 6.399523501982912, 6.6665975989890285]",[3.16767,3.16767,2,0.518621893,,,21,1,2019_Aug_14_1155,FaceNameBlocked,3.0.0,60.01216745,
37,FacesBlock2_v2.xlsx,Aaron.mp4,Aaron.JPG,Aaron,18,Աարոն,0,1,1,1,0,6,6,3,,,,,,,0,1,0.653044597,,,,,,,,,,,,21,1,2019_Aug_14_1155,FaceNameBlocked,3.0.0,60.01216745,
23,FacesBlock1_v2.xlsx,Adam.mp4,Adam.JPG,Adam,5,Ատամ,0,0,0,0,,,,,0,7,7,5,,,,,,,,david,"['d', 'a', 'v', 'i', 'd']","[2.8514716859790497, 3.2347040649619885, 3.634299104975071, 3.8845573579892516, 4.117701230978128]",[2.85147,2.85147,2,0.402132209,,,21,1,2019_Aug_14_1155,FaceNameBlocked,3.0.0,60.01216745,
14,FacesBlock1_v2.xlsx,Adam.mp4,Adam.JPG,Adam,5,Ատամ,0,0,0,0,0,13,13,5,,,,,,,0,1,0.519663926,,,,,,,,,,,,21,1,2019_Aug_14_1155,FaceNameBlocked,3.0.0,60.01216745,
111,FacesBlock4_v2.xlsx,Alyssa.mp4,Alyssa.JPG,Alyssa,55,Ալեսսա,0,3,3,3,,,,,0,5,5,10,,,,,,,,alyssa,"['a', 'l', 'y', 's', 's', 'a']","[4.767000665015075, 5.117183782975189, 5.5340329289902, 5.7334389850148, 5.9830436580232345, 6.282932919973973]",[4.76700,4.76700,3,1.402055422,,,21,1,2019_Aug_14_1155,FaceNameBlocked,3.0.0,60.01216745,
103,FacesBlock4_v2.xlsx,Alyssa.mp4,Alyssa.JPG,Alyssa,55,Ալեսսա,0,3,3,3,0,12,12,10,,,,,,,1,2,0.95205908,,,,,,,,,,,,21,1,2019_Aug_14_1155,FaceNameBlocked,3.0.0,60.01216745,
9,FacesBlock1_v2.xlsx,Amanda.mp4,Amanda.JPG,Amanda,2,Ամանտա,0,0,0,0,0,8,8,2,,,,,,,1,2,0.86906803,,,,,,,,,,,,21,1,2019_Aug_14_1155,FaceNameBlocked,3.0.0,60.01216745,
18,FacesBlock1_v2.xlsx,Amanda.mp4,Amanda.JPG,Amanda,2,Ամանտա,0,0,0,0,,,,,0,2,2,2,,,,,,,,maddie,"['m', 'a', 'd', 'd', 'i', 'e']","[3.4845408399705775, 3.7824279299820773, 4.100997768982779, 4.300965439004358, 4.4842678509885445, 4.63392529200064]",[3.48454,3.48454,3,1.201301868,,,21,1,2019_Aug_14_1155,FaceNameBlocked,3.0.0,60.01216745,
120,FacesBlock4_v2.xlsx,Andrew.mp4,Andrew.JPG,Andrew,51,Անտրէվ,0,3,3,3,,,,,0,14,14,6,,,,,,,,daniel,"['d', 'a', 'n', 'i', 'e', 'l']","[4.317849320010282, 4.934069960028864, 5.217009890999179, 5.517594819015358, 5.817370389006101, 6.03402687900234]",[4.31784,4.31784,2,0.385749747,,,21,1,2019_Aug_14_1155,FaceNameBlocked,3.0.0,60.01216745,
98,FacesBlock4_v2.xlsx,Andrew.mp4,Andrew.JPG,Andrew,51,Անտրէվ,0,3,3,3,0,7,7,6,,,,,,,0,1,0.669259122,,,,,,,,,,,,21,1,2019_Aug_14_1155,FaceNameBlocked,3.0.0,60.01216745,
117,FacesBlock4_v2.xlsx,Anna.mp4,Anna.JPG,Anna,47,Աննա,0,3,3,3,,,,,0,11,11,2,,,,,,,,ema,"['e', 'm', 'a']","[2.5180453010252677, 2.7354964860132895, 3.1679806809988804]",[2.51804,2.51804,3,1.568264774,,,21,1,2019_Aug_14_1155,FaceNameBlocked,3.0.0,60.01216745,
92,FacesBlock4_v2.xlsx,Anna.mp4,Anna.JPG,Anna,47,Աննա,0,3,3,3,0,1,1,2,,,,,,,0,2,0.502034108,,,,,,,,,,,,21,1,2019_Aug_14_1155,FaceNameBlocked,3.0.0,60.01216745,
34,FacesBlock2_v2.xlsx,Ashley.mp4,Ashley.JPG,Ashley,24,Ասհլէե,0,1,1,1,0,3,3,9,,,,,,,0,2,0.48641807,,,,,,,,,,,,21,1,2019_Aug_14_1155,FaceNameBlocked,3.0.0,60.01216745,
46,FacesBlock2_v2.xlsx,Ashley.mp4,Ashley.JPG,Ashley,24,Ասհլէե,0,1,1,1,,,,,0,0,0,9,,,,,,space,35.65782481,ashel,"['a', 's', 'h', 'e', 'l']","[7.34796407900285, 7.766291801002808, 8.549340285011567, 8.83296099602012, 9.698940083035268]",[7.34796,7.34796,2,3.06766298,,,21,1,2019_Aug_14_1155,FaceNameBlocked,3.0.0,60.01216745,
20,FacesBlock1_v2.xlsx,Bradley.mp4,Bradley.JPG,Bradley,14,Բրատլէե,0,0,0,0,,,,,0,4,4,14,,,,,,,, ,['space'],[6.084021223010495],[6.08402,6.08402,1,0.968902074,,,21,1,2019_Aug_14_1155,FaceNameBlocked,3.0.0,60.01216745,
4,FacesBlock1_v2.xlsx,Bradley.mp4,Bradley.JPG,Bradley,14,Բրատլէե,0,0,0,0,0,3,3,14,,,,,,,1,1,0.071019245,,,,,,,,,,,,21,1,2019_Aug_14_1155,FaceNameBlocked,3.0.0,60.01216745,
96,FacesBlock4_v2.xlsx,Brandon.mp4,Brandon.JPG,Brandon,56,Բրանտոն,0,3,3,3,0,5,5,11,,,,,,,0,1,0.636727426,,,,,,,,,,,,21,1,2019_Aug_14_1155,FaceNameBlocked,3.0.0,60.01216745,
107,FacesBlock4_v2.xlsx,Brandon.mp4,Brandon.JPG,Brandon,56,Բրանտոն,0,3,3,3,,,,,0,1,1,11,,,,,,,,kevin,"['k', 'e', 'v', 'i', 'n']","[3.968793648004066, 4.151391903986223, 4.434646537993103, 4.6328660119907, 4.918274773983285]",[3.96879,3.96879,2,0.71940223,,,21,1,2019_Aug_14_1155,FaceNameBlocked,3.0.0,60.01216745,
100,FacesBlock4_v2.xlsx,Brian.mp4,Brian.JPG,Brian,53,Բրիան,0,3,3,3,0,9,9,8,,,,,,,0,1,0.819233245,,,,,,,,,,,,21,1,2019_Aug_14_1155,FaceNameBlocked,3.0.0,60.01216745,
109,FacesBlock4_v2.xlsx,Brian.mp4,Brian.JPG,Brian,53,Բրիան,0,3,3,3,,,,,0,3,3,8,,,,,,,,cody,"['c', 'o', 'd', 'y']","[3.4162964280112647, 3.7665188660030253, 3.966498367022723, 4.232400070992298]",[3.41629,3.41629,2,0.835544722,,,21,1,2019_Aug_14_1155,FaceNameBlocked,3.0.0,60.01216745,
113,FacesBlock4_v2.xlsx,Brianna.mp4,Brianna.JPG,Brianna,48,Բրիաննա,0,3,3,3,,,,,0,7,7,3,,,,,,,,heathe,"['h', 'e', 'a', 't', 'e', 'backspace', 'h', 'e']","[6.200594202033244, 6.450714483042248, 7.500448299048003, 8.200376879016403, 8.61672486399766, 9.266301398049109, 9.833007014996838, 9.949457753042225]",[6.20059,6.20059,2,1.201628076,,,21,1,2019_Aug_14_1155,FaceNameBlocked,3.0.0,60.01216745,
91,FacesBlock4_v2.xlsx,Brianna.mp4,Brianna.JPG,Brianna,48,Բրիաննա,0,3,3,3,0,0,0,3,,,,,,,0,2,0.986135957,,,,,,,,,,,,21,1,2019_Aug_14_1155,FaceNameBlocked,3.0.0,60.01216745,
54,FacesBlock2_v2.xlsx,Brittany.mp4,Brittany.JPG,Brittany,28,Բրիդդանե,0,1,1,1,,,,,0,8,8,13,,,,,,,,britney,"['b', 'r', 'i', 't', 'n', 'e', 'y']","[3.1514522390207276, 3.4677564980229363, 3.7513047350221314, 3.96801327803405, 4.467739571002312, 4.667941695021, 4.948972876998596]",[3.15145,3.15145,4,1.468551135,,,21,1,2019_Aug_14_1155,FaceNameBlocked,3.0.0,60.01216745,
39,FacesBlock2_v2.xlsx,Brittany.mp4,Brittany.JPG,Brittany,28,Բրիդդանե,0,1,1,1,0,8,8,13,,,,,,,1,2,1.219353831,,,,,,,,,,,,21,1,2019_Aug_14_1155,FaceNameBlocked,3.0.0,60.01216745,
108,FacesBlock4_v2.xlsx,Caleb.mp4,Caleb.JPG,Caleb,59,Գալէբ,0,3,3,3,,,,,0,2,2,14,,,,,,,,jason,"['j', 'a', 's', 'o', 'n']","[4.367632635985501, 4.550377105013467, 4.767370679997839, 4.9005713110091165, 5.1503528879839]",[4.36763,4.36763,4,0.468097248,,,21,1,2019_Aug_14_1155,FaceNameBlocked,3.0.0,60.01216745,
94,FacesBlock4_v2.xlsx,Caleb.mp4,Caleb.JPG,Caleb,59,Գալէբ,0,3,3,3,0,3,3,14,,,,,,,1,1,0.519593548,,,,,,,,,,,,21,1,2019_Aug_14_1155,FaceNameBlocked,3.0.0,60.01216745,
58,FacesBlock2_v2.xlsx,Cody.mp4,Cody.JPG,Cody,23,Գոտե,0,1,1,1,,,,,0,12,12,8,,,,,,,,aaron,"['a', 'a', 'r', 'o', 'n']","[3.3176861979882233, 3.5847535060020164, 3.951266243995633, 4.182821848953608, 4.45097894500941]",[3.31768,3.31768,4,2.535234876,,,21,1,2019_Aug_14_1155,FaceNameBlocked,3.0.0,60.01216745,
31,FacesBlock2_v2.xlsx,Cody.mp4,Cody.JPG,Cody,23,Գոտե,0,1,1,1,0,0,0,8,,,,,,,1,1,2.185317496,,,,,,,,,,,,21,1,2019_Aug_14_1155,FaceNameBlocked,3.0.0,60.01216745,
66,FacesBlock3_v2.xlsx,Courtney.mp4,Courtney.JPG,Courtney,42,Գոըրդնէե,0,2,2,2,0,5,5,12,,,,,,,1,2,1.135669142,,,,,,,,,,,,21,1,2019_Aug_14_1155,FaceNameBlocked,3.0.0,60.01216745,
76,FacesBlock3_v2.xlsx,Courtney.mp4,Courtney.JPG,Courtney,42,Գոըրդնէե,0,2,2,2,,,,,0,0,0,12,,,,,,space,4.150614675,courtney,"['c', 'o', 'u', 'r', 't', 'n', 'e', 'y']","[1.483737975009717, 1.782984176010359, 2.3671549420105293, 2.633691548020579, 2.864493996021338, 3.0333848440204747, 3.1999554820358753, 3.433077374007553]",[1.48373,1.48373,4,1.168436325,,,21,1,2019_Aug_14_1155,FaceNameBlocked,3.0.0,60.01216745,
69,FacesBlock3_v2.xlsx,Daniel.mp4,Daniel.JPG,Daniel,30,Տանիէլ,0,2,2,2,0,8,8,0,,,,,,,1,1,0.685945379,,,,,,,,,,,,21,1,2019_Aug_14_1155,FaceNameBlocked,3.0.0,60.01216745,
88,FacesBlock3_v2.xlsx,Daniel.mp4,Daniel.JPG,Daniel,30,Տանիէլ,0,2,2,2,,,,,0,12,12,0,,,,,,,,erick,"['e', 'r', 'i', 'c', 'k']","[5.018139230029192, 5.284287201007828, 5.467887610022444, 5.668033804977313, 5.883891088014934]",[5.01813,5.01813,2,0.435397856,,,21,1,2019_Aug_14_1155,FaceNameBlocked,3.0.0,60.01216745,
29,FacesBlock1_v2.xlsx,Danielle.mp4,Danielle.JPG,Danielle,3,Տանիէլլէ,0,0,0,0,,,,,0,13,13,3,,,,,,,,,None,,,,1,7.466023317,,,21,1,2019_Aug_14_1155,FaceNameBlocked,3.0.0,60.01216745,
3,FacesBlock1_v2.xlsx,Danielle.mp4,Danielle.JPG,Danielle,3,Տանիէլլէ,0,0,0,0,0,2,2,3,,,,,,,0,2,0.868720659,,,,,,,,,,,,21,1,2019_Aug_14_1155,FaceNameBlocked,3.0.0,60.01216745,
35,FacesBlock2_v2.xlsx,David.mp4,David.JPG,David,16,Տաւիտ,0,1,1,1,0,4,4,1,,,,,,,0,1,1.168696117,,,,,,,,,,,,21,1,2019_Aug_14_1155,FaceNameBlocked,3.0.0,60.01216745,
53,FacesBlock2_v2.xlsx,David.mp4,David.JPG,David,16,Տաւիտ,0,1,1,1,,,,,0,7,7,1,,,,,,,,josh,"['j', 'o', 's', 'h']","[5.065968563023489, 6.000869782990776, 6.300874079985078, 7.066624536004383]",[5.06596,5.06596,2,2.73391951,,,21,1,2019_Aug_14_1155,FaceNameBlocked,3.0.0,60.01216745,
115,FacesBlock4_v2.xlsx,Dylan.mp4,Dylan.JPG,Dylan,50,Տելան,0,3,3,3,,,,,0,9,9,5,,,,,,,,jake,"['j', 'a', 'c', 'backspace', 'k', 'e']","[3.5347605209681205, 3.7350841549923643, 4.218500118993688, 4.90071876795264, 5.451118325989228, 5.684789035003632]",[3.53476,3.53476,2,3.983466315,,,21,1,2019_Aug_14_1155,FaceNameBlocked,3.0.0,60.01216745,
95,FacesBlock4_v2.xlsx,Dylan.mp4,Dylan.JPG,Dylan,50,Տելան,0,3,3,3,0,4,4,5,,,,,,,1,1,0.635979613,,,,,,,,,,,,21,1,2019_Aug_14_1155,FaceNameBlocked,3.0.0,60.01216745,
114,FacesBlock4_v2.xlsx,Emily.mp4,Emily.JPG,Emily,57,Էմիլե,0,3,3,3,,,,,0,8,8,12,,,,,,,,emily,"['e', 'm', 'i', 'l', 'y']","[4.800383262976538, 5.067428403010126, 5.833582721999846, 6.1499013240099885, 6.367328598978929]",[4.80038,4.80038,3,0.918916659,,,21,1,2019_Aug_14_1155,FaceNameBlocked,3.0.0,60.01216745,
102,FacesBlock4_v2.xlsx,Emily.mp4,Emily.JPG,Emily,57,Էմիլե,0,3,3,3,0,11,11,12,,,,,,,1,2,1.069682462,,,,,,,,,,,,21,1,2019_Aug_14_1155,FaceNameBlocked,3.0.0,60.01216745,
30,FacesBlock1_v2.xlsx,Eric.mp4,Eric.JPG,Eric,0,Էրիգ,0,0,0,0,,,,,0,14,14,0,,,,,,,,jake,"['j', 'a', 'k', 'e']","[2.434640221996233, 2.7014992390177213, 3.050705503032077, 3.317133915028535]",[2.43464,2.43464,1,2.935461139,,,21,1,2019_Aug_14_1155,FaceNameBlocked,3.0.0,60.01216745,
5,FacesBlock1_v2.xlsx,Eric.mp4,Eric.JPG,Eric,0,Էրիգ,0,0,0,0,0,4,4,0,,,,,,,0,1,0.569148325,,,,,,,,,,,,21,1,2019_Aug_14_1155,FaceNameBlocked,3.0.0,60.01216745,
1,FacesBlock1_v2.xlsx,Ethan.mp4,Ethan.JPG,Ethan,11,Էդհան,0,0,0,0,0,0,0,11,,,,,,,1,1,1.635424165,,,,,,,,,,,,21,1,2019_Aug_14_1155,FaceNameBlocked,3.0.0,60.01216745,
24,FacesBlock1_v2.xlsx,Ethan.mp4,Ethan.JPG,Ethan,11,Էդհան,0,0,0,0,,,,,0,8,8,11,,,,,,,,aron,"['a', 'r', 'o', 'n']","[2.1851020450121723, 2.6015049480483867, 2.934691575996112, 3.217412494996097]",[2.18510,2.18510,2,1.018670951,,,21,1,2019_Aug_14_1155,FaceNameBlocked,3.0.0,60.01216745,
118,FacesBlock4_v2.xlsx,Grace.mp4,Grace.JPG,Grace,58,Կրագէ,0,3,3,3,,,,,0,12,12,13,,,,,,,,grace,"['g', 'r', 'a', 'c', 'e']","[1.9349811569554731, 2.23501820495585, 2.451874248974491, 2.6506928899907507, 2.8848619969794527]",[1.93498,1.93498,4,0.335676853,,,21,1,2019_Aug_14_1155,FaceNameBlocked,3.0.0,60.01216745,
93,FacesBlock4_v2.xlsx,Grace.mp4,Grace.JPG,Grace,58,Կրագէ,0,3,3,3,0,2,2,13,,,,,,,0,2,0.720244889,,,,,,,,,,,,21,1,2019_Aug_14_1155,FaceNameBlocked,3.0.0,60.01216745,
49,FacesBlock2_v2.xlsx,Haley.mp4,Haley.JPG,Haley,20,Հալէե,0,1,1,1,,,,,0,3,3,5,,,,,,,,hailey,"['h', 'a', 'i', 'l', 'e', 'y']","[7.733567606017459, 8.566509220050648, 8.766526532010175, 9.299059097014833, 9.499313517007977, 9.816164423013106]",[7.73356,7.73356,2,1.335105509,,,21,1,2019_Aug_14_1155,FaceNameBlocked,3.0.0,60.01216745,
38,FacesBlock2_v2.xlsx,Haley.mp4,Haley.JPG,Haley,20,Հալէե,0,1,1,1,0,7,7,5,,,,,,,1,2,1.152447365,,,,,,,,,,,,21,1,2019_Aug_14_1155,FaceNameBlocked,3.0.0,60.01216745,
15,FacesBlock1_v2.xlsx,Hannah.mp4,Hannah.JPG,Hannah,1,Հաննահ,0,0,0,0,0,14,14,1,,,,,,,1,2,0.769593316,,,,,,,,,,,,21,1,2019_Aug_14_1155,FaceNameBlocked,3.0.0,60.01216745,
16,FacesBlock1_v2.xlsx,Hannah.mp4,Hannah.JPG,Hannah,1,Հաննահ,0,0,0,0,,,,,0,0,0,1,,,,,,space,61.1468851,hana ,"['h', 'a', 'n', 'a', 'space']","[3.1182621780317277, 3.368232078035362, 3.668221132014878, 3.9678261459921487, 5.3674967649858445]",[3.11826,3.11826,4,3.917875927,,,21,1,2019_Aug_14_1155,FaceNameBlocked,3.0.0,60.01216745,
45,FacesBlock2_v2.xlsx,Heather.mp4,Heather.JPG,Heather,26,Հէադհէր,0,1,1,1,0,14,14,11,,,,,,,0,2,0.702392486,,,,,,,,,,,,21,1,2019_Aug_14_1155,FaceNameBlocked,3.0.0,60.01216745,
47,FacesBlock2_v2.xlsx,Heather.mp4,Heather.JPG,Heather,26,Հէադհէր,0,1,1,1,,,,,0,1,1,11,,,,,,,,juli,"['j', 'u', 'l', 'i']","[7.5173209109925665, 8.133359338040464, 8.914609075000044, 9.14967766503105]",[7.51732,7.51732,1,1.667357254,,,21,1,2019_Aug_14_1155,FaceNameBlocked,3.0.0,60.01216745,
62,FacesBlock3_v2.xlsx,Jacob.mp4,Jacob.JPG,Jacob,39,Ճագոբ,0,2,2,2,0,1,1,9,,,,,,,1,1,1.236499884,,,,,,,,,,,,21,1,2019_Aug_14_1155,FaceNameBlocked,3.0.0,60.01216745,
78,FacesBlock3_v2.xlsx,Jacob.mp4,Jacob.JPG,Jacob,39,Ճագոբ,0,2,2,2,,,,,0,2,2,9,,,,,,,,kevin,"['k', 'e', 'v', 'i', 'n']","[4.118553642008919, 4.335142427007668, 4.651522696018219, 4.85149490198819, 5.134018644981552]",[4.11855,4.11855,3,1.885694215,,,21,1,2019_Aug_14_1155,FaceNameBlocked,3.0.0,60.01216745,
104,FacesBlock4_v2.xlsx,Jason.mp4,Jason.JPG,Jason,49,Ճասոն,0,3,3,3,0,13,13,4,,,,,,,1,1,0.486502052,,,,,,,,,,,,21,1,2019_Aug_14_1155,FaceNameBlocked,3.0.0,60.01216745,
110,FacesBlock4_v2.xlsx,Jason.mp4,Jason.JPG,Jason,49,Ճասոն,0,3,3,3,,,,,0,4,4,4,,,,,,,,jake,"['j', 'a', 'k', 'e']","[2.5514313830062747, 2.7342680569854565, 3.0345304810325615, 3.800530022010207]",[2.55143,2.55143,2,1.851019702,,,21,1,2019_Aug_14_1155,FaceNameBlocked,3.0.0,60.01216745,
8,FacesBlock1_v2.xlsx,Jenna.mp4,Jenna.JPG,Jenna,6,Ճէննա,0,0,0,0,0,7,7,6,,,,,,,0,2,0.153025413,,,,,,,,,,,,21,1,2019_Aug_14_1155,FaceNameBlocked,3.0.0,60.01216745,
22,FacesBlock1_v2.xlsx,Jenna.mp4,Jenna.JPG,Jenna,6,Ճէննա,0,0,0,0,,,,,0,6,6,6,,,,,,,,jessica,"['j', 'e', 's', 's', 'i', 'c', 'a']","[3.817558654001914, 4.067766143998597, 4.483819772023708, 4.8674810740049, 5.750649166002404, 6.033668195013888, 6.666601761011407]",[3.81755,3.81755,2,0.935420675,,,21,1,2019_Aug_14_1155,FaceNameBlocked,3.0.0,60.01216745,
44,FacesBlock2_v2.xlsx,Jeremy.mp4,Jeremy.JPG,Jeremy,15,Ճէրէմե,0,1,1,1,0,13,13,0,,,,,,,1,1,0.519940655,,,,,,,,,,,,21,1,2019_Aug_14_1155,FaceNameBlocked,3.0.0,60.01216745,
48,FacesBlock2_v2.xlsx,Jeremy.mp4,Jeremy.JPG,Jeremy,15,Ճէրէմե,0,1,1,1,,,,,0,2,2,0,,,,,,,,tyler,"['t', 'y', 'l', 'e', 'r']","[5.665951094997581, 5.884492904995568, 6.3004862570087425, 6.500479462032672, 6.734202073013876]",[5.66595,5.66595,3,1.168733117,,,21,1,2019_Aug_14_1155,FaceNameBlocked,3.0.0,60.01216745,
19,FacesBlock1_v2.xlsx,Jessica.mp4,Jessica.JPG,Jessica,8,Ճէսսիգա,0,0,0,0,,,,,0,3,3,8,,,,,,,,,None,,,,1,1.10219762,,,21,1,2019_Aug_14_1155,FaceNameBlocked,3.0.0,60.01216745,
7,FacesBlock1_v2.xlsx,Jessica.mp4,Jessica.JPG,Jessica,8,Ճէսսիգա,0,0,0,0,0,6,6,8,,,,,,,0,2,0.269188641,,,,,,,,,,,,21,1,2019_Aug_14_1155,FaceNameBlocked,3.0.0,60.01216745,
40,FacesBlock2_v2.xlsx,Josh.mp4,Josh.JPG,Josh,19,Ճոսհ,0,1,1,1,0,9,9,4,,,,,,,1,1,0.80064528,,,,,,,,,,,,21,1,2019_Aug_14_1155,FaceNameBlocked,3.0.0,60.01216745,
59,FacesBlock2_v2.xlsx,Josh.mp4,Josh.JPG,Josh,19,Ճոսհ,0,1,1,1,,,,,0,13,13,4,,,,,,,,cody,"['c', 'o', 'd', 'y']","[3.8513163400348276, 4.134408156038262, 4.567620560992509, 4.800649265001994]",[3.85131,3.85131,2,1.349596271,,,21,1,2019_Aug_14_1155,FaceNameBlocked,3.0.0,60.01216745,
12,FacesBlock1_v2.xlsx,Julia.mp4,Julia.JPG,Julia,13,Ճըլիա,0,0,0,0,0,11,11,13,,,,,,,0,2,0.518851068,,,,,,,,,,,,21,1,2019_Aug_14_1155,FaceNameBlocked,3.0.0,60.01216745,
27,FacesBlock1_v2.xlsx,Julia.mp4,Julia.JPG,Julia,13,Ճըլիա,0,0,0,0,,,,,0,11,11,13,,,,,,,,julia,"['j', 'u', 'l', 'i', 'a']","[1.369575738965068, 1.6188811929896474, 1.9524128909688443, 2.185210933967028, 2.4022915110108443]",[1.36957,1.36957,4,0.93529211,,,21,1,2019_Aug_14_1155,FaceNameBlocked,3.0.0,60.01216745,
32,FacesBlock2_v2.xlsx,Justin.mp4,Justin.JPG,Justin,27,Ճըսդին,0,1,1,1,0,1,1,12,,,,,,,0,1,1.63653301,,,,,,,,,,,,21,1,2019_Aug_14_1155,FaceNameBlocked,3.0.0,60.01216745,
60,FacesBlock2_v2.xlsx,Justin.mp4,Justin.JPG,Justin,27,Ճըսդին,0,1,1,1,,,,,0,14,14,12,,,,,,,,tyler,"['t', 'y', 'l', 'e', 'r']","[2.783965940994676, 3.0012615279993042, 3.550766094995197, 3.7168695210129954, 3.9509246979723684]",[2.78396,2.78396,2,6.449500359,,,21,1,2019_Aug_14_1155,FaceNameBlocked,3.0.0,60.01216745,
106,FacesBlock4_v2.xlsx,Katie.mp4,Katie.JPG,Katie,54,Քադիէ,0,3,3,3,,,,,0,0,0,9,,,,,,space,3.367716741,,None,,,,1,1.018561081,,,21,1,2019_Aug_14_1155,FaceNameBlocked,3.0.0,60.01216745,
105,FacesBlock4_v2.xlsx,Katie.mp4,Katie.JPG,Katie,54,Քադիէ,0,3,3,3,0,14,14,9,,,,,,,0,2,0.769254413,,,,,,,,,,,,21,1,2019_Aug_14_1155,FaceNameBlocked,3.0.0,60.01216745,
71,FacesBlock3_v2.xlsx,Kayla.mp4,Kayla.JPG,Kayla,34,Սարահ,0,2,2,2,0,10,10,4,,,,,,,0,2,1.352536462,,,,,,,,,,,,21,1,2019_Aug_14_1155,FaceNameBlocked,3.0.0,60.01216745,
89,FacesBlock3_v2.xlsx,Kayla.mp4,Kayla.JPG,Kayla,34,Սարահ,0,2,2,2,,,,,0,13,13,4,,,,,,,,,None,,,,1,1.268193428,,,21,1,2019_Aug_14_1155,FaceNameBlocked,3.0.0,60.01216745,
10,FacesBlock1_v2.xlsx,Kelsey.mp4,Kelsey.JPG,Kelsey,12,Քէլսէե,0,0,0,0,0,9,9,12,,,,,,,1,2,0.669368857,,,,,,,,,,,,21,1,2019_Aug_14_1155,FaceNameBlocked,3.0.0,60.01216745,
26,FacesBlock1_v2.xlsx,Kelsey.mp4,Kelsey.JPG,Kelsey,12,Քէլսէե,0,0,0,0,,,,,0,10,10,12,,,,,,,,chelsea,"['c', 'h', 'e', 'l', 's', 'e', 'a']","[4.118540609953925, 4.366390929964837, 4.6515277329599485, 5.234537899959832, 5.951014302961994, 6.234370425983798, 6.567654162994586]",[4.11854,4.11854,1,0.402237029,,,21,1,2019_Aug_14_1155,FaceNameBlocked,3.0.0,60.01216745,
61,FacesBlock3_v2.xlsx,Kevin.mp4,Kevin.JPG,Kevin,41,Քէւին,0,2,2,2,0,0,0,11,,,,,,,0,1,1.435534887,,,,,,,,,,,,21,1,2019_Aug_14_1155,FaceNameBlocked,3.0.0,60.01216745,
87,FacesBlock3_v2.xlsx,Kevin.mp4,Kevin.JPG,Kevin,41,Քէւին,0,2,2,2,,,,,0,11,11,11,,,,,,,,kevin,"['k', 'e', 'v', 'i', 'n']","[7.416384903015569, 7.632985371979885, 7.98304201499559, 8.183135739993304, 8.616589927987661]",[7.41638,7.41638,1,0.951787654,,,21,1,2019_Aug_14_1155,FaceNameBlocked,3.0.0,60.01216745,
2,FacesBlock1_v2.xlsx,Kyle.mp4,Kyle.JPG,Kyle,4,Քելէ,0,0,0,0,0,1,1,4,,,,,,,1,1,1.386006377,,,,,,,,,,,,21,1,2019_Aug_14_1155,FaceNameBlocked,3.0.0,60.01216745,
28,FacesBlock1_v2.xlsx,Kyle.mp4,Kyle.JPG,Kyle,4,Քելէ,0,0,0,0,,,,,0,12,12,4,,,,,,,,tom,"['t', 'o', 'm']","[3.8184449709951878, 3.9849038310348988, 4.334883528994396]",[3.81844,3.81844,1,0.719399429,,,21,1,2019_Aug_14_1155,FaceNameBlocked,3.0.0,60.01216745,
63,FacesBlock3_v2.xlsx,Lauren.mp4,Lauren.JPG,Lauren,38,Լաըրէն,0,2,2,2,0,2,2,8,,,,,,,1,2,0.936091999,,,,,,,,,,,,21,1,2019_Aug_14_1155,FaceNameBlocked,3.0.0,60.01216745,
82,FacesBlock3_v2.xlsx,Lauren.mp4,Lauren.JPG,Lauren,38,Լաըրէն,0,2,2,2,,,,,0,6,6,8,,,,,,,,lauren,"['l', 'a', 'u', 'r', 'e', 'n']","[4.018498048011679, 4.2678616649936885, 4.519322891021147, 4.768188978021499, 5.0175860389717855, 5.200732120021712]",[4.01849,4.01849,4,0.468608374,,,21,1,2019_Aug_14_1155,FaceNameBlocked,3.0.0,60.01216745,
65,FacesBlock3_v2.xlsx,Mark.mp4,Mark.JPG,Mark,40,Մարք,0,2,2,2,0,4,4,10,,,,,,,1,1,0.635656522,,,,,,,,,,,,21,1,2019_Aug_14_1155,FaceNameBlocked,3.0.0,60.01216745,
90,FacesBlock3_v2.xlsx,Mark.mp4,Mark.JPG,Mark,40,Մարք,0,2,2,2,,,,,0,14,14,10,,,,,,,,cody,"['c', 'o', 'd', 'y']","[2.1681672469712794, 2.449736163020134, 2.649860372999683, 3.0184009930235334]",[2.16816,2.16816,3,0.419046836,,,21,1,2019_Aug_14_1155,FaceNameBlocked,3.0.0,60.01216745,
17,FacesBlock1_v2.xlsx,Matthew.mp4,Matthew.JPG,Matthew,9,Մադդհէվ,0,0,0,0,,,,,0,1,1,9,,,,,,,,timothy,"['t', 'i', 'm', 'o', 't', 'h', 'y']","[3.017796416010242, 3.3515265669557266, 4.3844154959660955, 4.6328113619820215, 4.867663065961096, 5.03386500797933, 5.2673586219898425]",[3.01779,3.01779,2,1.466296781,,,21,1,2019_Aug_14_1155,FaceNameBlocked,3.0.0,60.01216745,
11,FacesBlock1_v2.xlsx,Matthew.mp4,Matthew.JPG,Matthew,9,Մադդհէվ,0,0,0,0,0,10,10,9,,,,,,,1,1,0.48678584,,,,,,,,,,,,21,1,2019_Aug_14_1155,FaceNameBlocked,3.0.0,60.01216745,
42,FacesBlock2_v2.xlsx,Megan.mp4,Megan.JPG,Megan,25,Մէկան,0,1,1,1,0,11,11,10,,,,,,,1,2,0.953180719,,,,,,,,,,,,21,1,2019_Aug_14_1155,FaceNameBlocked,3.0.0,60.01216745,
51,FacesBlock2_v2.xlsx,Megan.mp4,Megan.JPG,Megan,25,Մէկան,0,1,1,1,,,,,0,5,5,10,,,,,,,,meagen,"['m', 'e', 'a', 'g', 'e', 'n']","[2.117351980006788, 2.3346221110550687, 2.6680058130295947, 2.8845374090014957, 3.051129824016243, 3.301319185004104]",[2.11735,2.11735,4,1.235013626,,,21,1,2019_Aug_14_1155,FaceNameBlocked,3.0.0,60.01216745,
119,FacesBlock4_v2.xlsx,Michael.mp4,Michael.JPG,Michael,46,Միգհաէլ,0,3,3,3,,,,,0,13,13,1,,,,,,,,jacob,"['j', 'a', 'c', 'o', 'b']","[3.868153107992839, 4.034324594947975, 4.401051894994453, 4.650541067996528, 5.184149787004571]",[3.86815,3.86815,2,2.501223085,,,21,1,2019_Aug_14_1155,FaceNameBlocked,3.0.0,60.01216745,
97,FacesBlock4_v2.xlsx,Michael.mp4,Michael.JPG,Michael,46,Միգհաէլ,0,3,3,3,0,6,6,1,,,,,,,0,1,0.769662407,,,,,,,,,,,,21,1,2019_Aug_14_1155,FaceNameBlocked,3.0.0,60.01216745,
112,FacesBlock4_v2.xlsx,Michelle.mp4,Michelle.JPG,Michelle,52,Միգհէլլէ,0,3,3,3,,,,,0,6,6,7,,,,,,,,meagan,"['m', 'e', 'a', 'g', 'a', 'n']","[5.884354871988762, 6.9173068280215375, 7.316925855993759, 7.600372057000641, 7.833377512986772, 8.316719914029818]",[5.88435,5.88435,2,1.817939972,,,21,1,2019_Aug_14_1155,FaceNameBlocked,3.0.0,60.01216745,
99,FacesBlock4_v2.xlsx,Michelle.mp4,Michelle.JPG,Michelle,52,Միգհէլլէ,0,3,3,3,0,8,8,7,,,,,,,1,2,0.849931723,,,,,,,,,,,,21,1,2019_Aug_14_1155,FaceNameBlocked,3.0.0,60.01216745,
13,FacesBlock1_v2.xlsx,Natalie.mp4,Natalie.JPG,Natalie,7,Նադալիէ,0,0,0,0,0,12,12,7,,,,,,,1,2,0.786053716,,,,,,,,,,,,21,1,2019_Aug_14_1155,FaceNameBlocked,3.0.0,60.01216745,
21,FacesBlock1_v2.xlsx,Natalie.mp4,Natalie.JPG,Natalie,7,Նադալիէ,0,0,0,0,,,,,0,5,5,7,,,,,,,,,None,,,,1,1.20195255,,,21,1,2019_Aug_14_1155,FaceNameBlocked,3.0.0,60.01216745,
72,FacesBlock3_v2.xlsx,Nathan.mp4,Nathan.JPG,Nathan,37,Նադհան,0,2,2,2,0,11,11,7,,,,,,,0,1,0.652821086,,,,,,,,,,,,21,1,2019_Aug_14_1155,FaceNameBlocked,3.0.0,60.01216745,
86,FacesBlock3_v2.xlsx,Nathan.mp4,Nathan.JPG,Nathan,37,Նադհան,0,2,2,2,,,,,0,10,10,7,,,,,,,,nathan,"['n', 'a', 't', 'h', 'a', 'n']","[1.6018654329818673, 1.8347533159540035, 2.050843678007368, 2.317989390983712, 2.4684554190025665, 2.6682071950053796]",[1.60186,1.60186,4,1.151926646,,,21,1,2019_Aug_14_1155,FaceNameBlocked,3.0.0,60.01216745,
81,FacesBlock3_v2.xlsx,Nicole.mp4,Nicole.JPG,Nicole,43,Նիգոլէ,0,2,2,2,,,,,0,5,5,13,,,,,,,,ashley,"['a', 's', 'h', 'l', 'e', 'y']","[1.0017569389892742, 1.235963947023265, 1.668281043996103, 2.8018218229990453, 2.985253980034031, 3.299905107996892]",[1.00175,1.00175,4,0.568627536,,,21,1,2019_Aug_14_1155,FaceNameBlocked,3.0.0,60.01216745,
64,FacesBlock3_v2.xlsx,Nicole.mp4,Nicole.JPG,Nicole,43,Նիգոլէ,0,2,2,2,0,3,3,13,,,,,,,0,2,0.819706328,,,,,,,,,,,,21,1,2019_Aug_14_1155,FaceNameBlocked,3.0.0,60.01216745,
67,FacesBlock3_v2.xlsx,Noah.mp4,Noah.JPG,Noah,31,Նոահ,0,2,2,2,0,6,6,1,,,,,,,0,1,0.802682854,,,,,,,,,,,,21,1,2019_Aug_14_1155,FaceNameBlocked,3.0.0,60.01216745,
83,FacesBlock3_v2.xlsx,Noah.mp4,Noah.JPG,Noah,31,Նոահ,0,2,2,2,,,,,0,7,7,1,,,,,,,,tyler,"['j', 'backspace', 't', 'y', 'l', 'e', 'r']","[4.684207657992374, 5.49994567601243, 6.1837325830128975, 6.350352476991247, 6.716825250012334, 6.883302291040309, 7.099915924016386]",[4.68420,4.68420,2,1.434735137,,,21,1,2019_Aug_14_1155,FaceNameBlocked,3.0.0,60.01216745,
77,FacesBlock3_v2.xlsx,Olivia.mp4,Olivia.JPG,Olivia,35,Ոլիւիա,0,2,2,2,,,,,0,1,1,5,,,,,,,,jessica,"['j', 'e', 's', 's', 'i', 'c', 'a']","[8.415833106031641, 8.616115000040736, 8.88263166602701, 9.04877638805192, 9.148906657006592, 9.482393379032146, 9.698145607020706]",[8.41583,8.41583,3,1.118753199,,,21,1,2019_Aug_14_1155,FaceNameBlocked,3.0.0,60.01216745,
75,FacesBlock3_v2.xlsx,Olivia.mp4,Olivia.JPG,Olivia,35,Ոլիւիա,0,2,2,2,0,14,14,5,,,,,,,1,2,1.035491194,,,,,,,,,,,,21,1,2019_Aug_14_1155,FaceNameBlocked,3.0.0,60.01216745,
50,FacesBlock2_v2.xlsx,Rachel.mp4,Rachel.JPG,Rachel,29,Րագհէլ,0,1,1,1,,,,,0,4,4,14,,,,,,,,,None,,,,1,1.401904642,,,21,1,2019_Aug_14_1155,FaceNameBlocked,3.0.0,60.01216745,
33,FacesBlock2_v2.xlsx,Rachel.mp4,Rachel.JPG,Rachel,29,Րագհէլ,0,1,1,1,0,2,2,14,,,,,,,0,2,0.636298215,,,,,,,,,,,,21,1,2019_Aug_14_1155,FaceNameBlocked,3.0.0,60.01216745,
85,FacesBlock3_v2.xlsx,Rebecca.mp4,Rebecca.JPG,Rebecca,32,Րէբէգգա,0,2,2,2,,,,,0,9,9,2,,,,,,,,ei,"['e', 'comma', 'i']","[9.116107409005053, 9.299409877043217, 9.582251178042497]",[9.11610,9.11610,1,1.54979731,,,21,1,2019_Aug_14_1155,FaceNameBlocked,3.0.0,60.01216745,
68,FacesBlock3_v2.xlsx,Rebecca.mp4,Rebecca.JPG,Rebecca,32,Րէբէգգա,0,2,2,2,0,7,7,2,,,,,,,0,2,0.786141025,,,,,,,,,,,,21,1,2019_Aug_14_1155,FaceNameBlocked,3.0.0,60.01216745,
80,FacesBlock3_v2.xlsx,Sarah.mp4,Sarah.JPG,Sarah,33,Սարահ,0,2,2,2,,,,,0,4,4,3,,,,,,,,olivia,"['o', 'l', 'i', 'v', 'i', 'a']","[3.7512142509804107, 4.018376647960395, 4.334310017002281, 4.6839816540014, 4.982655809959397, 5.201095035998151]",[3.75121,3.75121,2,1.119112018,,,21,1,2019_Aug_14_1155,FaceNameBlocked,3.0.0,60.01216745,
70,FacesBlock3_v2.xlsx,Sarah.mp4,Sarah.JPG,Sarah,33,Սարահ,0,2,2,2,0,9,9,3,,,,,,,1,2,0.419326767,,,,,,,,,,,,21,1,2019_Aug_14_1155,FaceNameBlocked,3.0.0,60.01216745,
73,FacesBlock3_v2.xlsx,Shelby.mp4,Shelby.JPG,Shelby,36,Սհէլբե,0,2,2,2,0,12,12,6,,,,,,,0,2,0.936033412,,,,,,,,,,,,21,1,2019_Aug_14_1155,FaceNameBlocked,3.0.0,60.01216745,
84,FacesBlock3_v2.xlsx,Shelby.mp4,Shelby.JPG,Shelby,36,Սհէլբե,0,2,2,2,,,,,0,8,8,6,,,,,,,,shelby,"['s', 'h', 'e', 'l', 'b', 'y']","[2.385091394011397, 2.6183947999961674, 2.800977888982743, 3.083446916018147, 3.6012338729924522, 3.85093960800441]",[2.38509,2.38509,4,0.618346872,,,21,1,2019_Aug_14_1155,FaceNameBlocked,3.0.0,60.01216745,
55,FacesBlock2_v2.xlsx,Steven.mp4,Steven.JPG,Steven,17,Սդէւէն,0,1,1,1,,,,,0,9,9,2,,,,,,,,stevan,"['s', 't', 'e', 'v', 'a', 'n']","[3.334575621993281, 3.5345092930365354, 3.717576964991167, 3.983804643037729, 4.583981384988874, 4.833372991997749]",[3.33457,3.33457,4,0.501956944,,,21,1,2019_Aug_14_1155,FaceNameBlocked,3.0.0,60.01216745,
41,FacesBlock2_v2.xlsx,Steven.mp4,Steven.JPG,Steven,17,Սդէւէն,0,1,1,1,0,10,10,2,,,,,,,1,1,1.003145564,,,,,,,,,,,,21,1,2019_Aug_14_1155,FaceNameBlocked,3.0.0,60.01216745,
101,FacesBlock4_v2.xlsx,Taylor.mp4,Taylor.JPG,Taylor,45,Դաելոր,0,3,3,3,0,10,10,0,,,,,,,1,2,0.886715601,,,,,,,,,,,,21,1,2019_Aug_14_1155,FaceNameBlocked,3.0.0,60.01216745,
116,FacesBlock4_v2.xlsx,Taylor.mp4,Taylor.JPG,Taylor,45,Դաելոր,0,3,3,3,,,,,0,10,10,0,,,,,,,,taylor,"['t', 'a', 'y', 'l', 'o', 'r']","[5.834003533003852, 6.266927043965552, 6.8334359339787625, 7.083024563966319, 7.383162520010956, 7.682962574006524]",[5.83400,5.83400,4,0.8677659,,,21,1,2019_Aug_14_1155,FaceNameBlocked,3.0.0,60.01216745,
74,FacesBlock3_v2.xlsx,Thomas.mp4,Thomas.JPG,Thomas,44,Դհոմաս,0,2,2,2,0,13,13,14,,,,,,,1,1,0.76919659,,,,,,,,,,,,21,1,2019_Aug_14_1155,FaceNameBlocked,3.0.0,60.01216745,
79,FacesBlock3_v2.xlsx,Thomas.mp4,Thomas.JPG,Thomas,44,Դհոմաս,0,2,2,2,,,,,0,3,3,14,,,,,,,,josh,"['j', 'o', 's', 'h']","[3.0514750099973753, 3.2512148109963164, 3.468005019996781, 3.8016879750066437]",[3.05147,3.05147,2,0.818731211,,,21,1,2019_Aug_14_1155,FaceNameBlocked,3.0.0,60.01216745,
25,FacesBlock1_v2.xlsx,Timothy.mp4,Timothy.JPG,Timothy,10,Դիմոդհե,0,0,0,0,,,,,0,9,9,10,,,,,,,,timothy,"['t', 'o', 'm', 'o', 'backspace', 'backspace', 'backspace', 'i', 'm', 'o', 't', 'h', 'y']","[3.517602127045393, 3.93439612101065, 4.684292101999745, 5.017313109012321, 5.449651065049693, 5.65001988504082, 5.833582577994093, 6.600548702001106, 6.899735307029914, 7.116319454042241, 7.383345539041329, 7.500334102020133, 7.747980573039968]",[3.51760,3.51760,2,0.585602483,,,21,1,2019_Aug_14_1155,FaceNameBlocked,3.0.0,60.01216745,
6,FacesBlock1_v2.xlsx,Timothy.mp4,Timothy.JPG,Timothy,10,Դիմոդհե,0,0,0,0,0,5,5,10,,,,,,,0,1,0.036172095,,,,,,,,,,,,21,1,2019_Aug_14_1155,FaceNameBlocked,3.0.0,60.01216745,
36,FacesBlock2_v2.xlsx,Trevor.mp4,Trevor.JPG,Trevor,21,Դրէւոր,0,1,1,1,0,5,5,6,,,,,,,0,1,0.702406673,,,,,,,,,,,,21,1,2019_Aug_14_1155,FaceNameBlocked,3.0.0,60.01216745,
52,FacesBlock2_v2.xlsx,Trevor.mp4,Trevor.JPG,Trevor,21,Դրէւոր,0,1,1,1,,,,,0,6,6,6,,,,,,,,trevor,"['t', 'r', 'e', 'v', 'o', 'r']","[2.084959973988589, 2.3514932319521904, 2.6179699119529687, 2.9341075959964655, 3.3010676669655368, 3.5507575439987704]",[2.08495,2.08495,4,2.817799519,,,21,1,2019_Aug_14_1155,FaceNameBlocked,3.0.0,60.01216745,
56,FacesBlock2_v2.xlsx,Tyler.mp4,Tyler.JPG,Tyler,22,Դելէր,0,1,1,1,,,,,0,10,10,7,,,,,,,,josh,"['j', 'o', 's', 'j', 'backspace', 'f13', 'h']","[3.58416877000127, 4.217191237024963, 4.534026040986646, 5.066615825984627, 5.899674446030986, 5.920457152999006, 6.350181718007661]",[3.58416,3.58416,4,2.801072983,,,21,1,2019_Aug_14_1155,FaceNameBlocked,3.0.0,60.01216745,
43,FacesBlock2_v2.xlsx,Tyler.mp4,Tyler.JPG,Tyler,22,Դելէր,0,1,1,1,0,12,12,7,,,,,,,0,1,0.968440541,,,,,,,,,,,,21,1,2019_Aug_14_1155,FaceNameBlocked,3.0.0,60.01216745,
0,,,,,,,,,,,,,,,,,,,space,41.18846845,,,,,,,,,,,,,,,21,1,2019_Aug_14_1155,FaceNameBlocked,3.0.0,60.01216745,
121,,,,,,,,,,,,,,,,,,,,,,,,,,,,,,,,,space,87278.43798,21,1,2019_Aug_14_1155,FaceNameBlocked,3.0.0,60.01216745,