,condsFile,Video,Photo,Name,Row,Name2,blocks.thisRepN,blocks.thisTrialN,blocks.thisN,blocks.thisIndex,presentations.thisRepN,presentations.thisTrialN,presentations.thisN,presentations.thisIndex,testing.thisRepN,testing.thisTrialN,testing.thisN,testing.thisIndex,advance_1.keys,advance_1.rt,currentCond,judgementResp.keys,judgementResp.rt,advance_2.keys,advance_2.rt,inputText,key_resp_3.keys,rating_resp.keys,rating_resp.rt,key_resp_3.rt,,key_resp3_fin,end_key.keys,end_key.rt,participant,session,date,expName,psychopyVersion,frameRate,Unnamed: 38
42,FacesBlock2_v2.xlsx,Aaron.mp4,Aaron.JPG,Aaron,18,Աարոն,0,1,1,1,0,11,11,3,,,,,,,0,1,0.353095451,,,,,,,,,,,,22,1,2019_Aug_15_1259,FaceNameBlocked,3.0.0,60.00394828,
51,FacesBlock2_v2.xlsx,Aaron.mp4,Aaron.JPG,Aaron,18,Աարոն,0,1,1,1,,,,,0,5,5,3,,,,,,,,steven,"['s', 't', 'e', 'v', 'e', 'n']",1,0.585421954,"[3.584738872013986, 3.7673583010328002, 3.883801718009636, 4.084809033025522, 4.167508837010246, 4.451026397990063]",[3.58473,3.58473,,,22,1,2019_Aug_15_1259,FaceNameBlocked,3.0.0,60.00394828,
28,FacesBlock1_v2.xlsx,Adam.mp4,Adam.JPG,Adam,5,Ատամ,0,0,0,0,,,,,0,12,12,5,,,,,,,,martin,"['m', 'a', 'r', 't', 'i', 'n']",1,0.351369201,"[4.999918362009339, 5.117557374003809, 5.266949600016233, 5.466577575018164, 5.550673759018537, 5.667109831003472]",[4.99991,4.99991,,,22,1,2019_Aug_15_1259,FaceNameBlocked,3.0.0,60.00394828,
7,FacesBlock1_v2.xlsx,Adam.mp4,Adam.JPG,Adam,5,Ատամ,0,0,0,0,0,6,6,5,,,,,,,0,1,1.05212818,,,,,,,,,,,,22,1,2019_Aug_15_1259,FaceNameBlocked,3.0.0,60.00394828,
92,FacesBlock4_v2.xlsx,Alyssa.mp4,Alyssa.JPG,Alyssa,55,Ալեսսա,0,3,3,3,0,1,1,10,,,,,,,0,2,0.63548698,,,,,,,,,,,,22,1,2019_Aug_15_1259,FaceNameBlocked,3.0.0,60.00394828,
114,FacesBlock4_v2.xlsx,Alyssa.mp4,Alyssa.JPG,Alyssa,55,Ալեսսա,0,3,3,3,,,,,0,8,8,10,,,,,,,,brittney,"['b', 'r', 'i', 't', 't', 'n', 'e', 'y']",1,0.768483941,"[4.100898722012062, 4.21689428499667, 4.367633922025561, 4.517270453041419, 4.650619791005738, 4.816388901032042, 4.933839431032538, 5.0670184990158305]",[4.10089,4.10089,,,22,1,2019_Aug_15_1259,FaceNameBlocked,3.0.0,60.00394828,
24,FacesBlock1_v2.xlsx,Amanda.mp4,Amanda.JPG,Amanda,2,Ամանտա,0,0,0,0,,,,,0,8,8,2,,,,,,,,nicole,"['n', 'i', 'c', 'o', 'l', 'e']",1,0.352235711,"[3.1165770560037345, 3.2344561429927126, 3.3516361780348234, 3.4852593690156937, 3.65143473201897, 3.7178116270224564]",[3.11657,3.11657,,,22,1,2019_Aug_15_1259,FaceNameBlocked,3.0.0,60.00394828,
10,FacesBlock1_v2.xlsx,Amanda.mp4,Amanda.JPG,Amanda,2,Ամանտա,0,0,0,0,0,9,9,2,,,,,,,1,2,0.319501592,,,,,,,,,,,,22,1,2019_Aug_15_1259,FaceNameBlocked,3.0.0,60.00394828,
100,FacesBlock4_v2.xlsx,Andrew.mp4,Andrew.JPG,Andrew,51,Անտրէվ,0,3,3,3,0,9,9,6,,,,,,,0,1,0.686684327,,,,,,,,,,,,22,1,2019_Aug_15_1259,FaceNameBlocked,3.0.0,60.00394828,
120,FacesBlock4_v2.xlsx,Andrew.mp4,Andrew.JPG,Andrew,51,Անտրէվ,0,3,3,3,,,,,0,14,14,6,,,,,,,,,None,1,0.285641248,,,,,,22,1,2019_Aug_15_1259,FaceNameBlocked,3.0.0,60.00394828,
95,FacesBlock4_v2.xlsx,Anna.mp4,Anna.JPG,Anna,47,Աննա,0,3,3,3,0,4,4,2,,,,,,,0,2,0.43567624,,,,,,,,,,,,22,1,2019_Aug_15_1259,FaceNameBlocked,3.0.0,60.00394828,
116,FacesBlock4_v2.xlsx,Anna.mp4,Anna.JPG,Anna,47,Աննա,0,3,3,3,,,,,0,10,10,2,,,,,,,,natalie,"['n', 'a', 't', 'a', 'l', 'i', 'e']",1,0.651638148,"[3.5854174769483507, 3.7853978419443592, 3.9185698669753037, 4.035188661946449, 4.168524345965125, 4.901683913951274, 5.201606257993262]",[3.58541,3.58541,,,22,1,2019_Aug_15_1259,FaceNameBlocked,3.0.0,60.00394828,
47,FacesBlock2_v2.xlsx,Ashley.mp4,Ashley.JPG,Ashley,24,Ասհլէե,0,1,1,1,,,,,0,1,1,9,,,,,,,,,None,1,0.802033289,,,,,,22,1,2019_Aug_15_1259,FaceNameBlocked,3.0.0,60.00394828,
34,FacesBlock2_v2.xlsx,Ashley.mp4,Ashley.JPG,Ashley,24,Ասհլէե,0,1,1,1,0,3,3,9,,,,,,,0,2,1.036568082,,,,,,,,,,,,22,1,2019_Aug_15_1259,FaceNameBlocked,3.0.0,60.00394828,
13,FacesBlock1_v2.xlsx,Bradley.mp4,Bradley.JPG,Bradley,14,Բրատլէե,0,0,0,0,0,12,12,14,,,,,,,1,1,0.336396733,,,,,,,,,,,,22,1,2019_Aug_15_1259,FaceNameBlocked,3.0.0,60.00394828,
29,FacesBlock1_v2.xlsx,Bradley.mp4,Bradley.JPG,Bradley,14,Բրատլէե,0,0,0,0,,,,,0,13,13,14,,,,,,,,brandon,"['b', 'r', 'a', 'n', 'd', 'o', 'n']",4,0.368959913,"[1.437473860976752, 2.318565107008908, 2.4852832090109587, 2.618426500004716, 2.7356395589886233, 2.8349241680116393]",[1.43747,1.43747,,,22,1,2019_Aug_15_1259,FaceNameBlocked,3.0.0,60.00394828,
99,FacesBlock4_v2.xlsx,Brandon.mp4,Brandon.JPG,Brandon,56,Բրանտոն,0,3,3,3,0,8,8,11,,,,,,,1,1,0.567066167,,,,,,,,,,,,22,1,2019_Aug_15_1259,FaceNameBlocked,3.0.0,60.00394828,
111,FacesBlock4_v2.xlsx,Brandon.mp4,Brandon.JPG,Brandon,56,Բրանտոն,0,3,3,3,,,,,0,5,5,11,,,,,,,,brian,"['b', 'r', 'i', 'a', 'n']",1,0.318982972,"[3.7185399979935028, 3.818217106978409, 3.9682821159949526, 4.051529009011574, 4.168261457991321]",[3.71853,3.71853,,,22,1,2019_Aug_15_1259,FaceNameBlocked,3.0.0,60.00394828,
115,FacesBlock4_v2.xlsx,Brian.mp4,Brian.JPG,Brian,53,Բրիան,0,3,3,3,,,,,0,9,9,8,,,,,,,,,None,1,1.185318835,,,,,,22,1,2019_Aug_15_1259,FaceNameBlocked,3.0.0,60.00394828,
93,FacesBlock4_v2.xlsx,Brian.mp4,Brian.JPG,Brian,53,Բրիան,0,3,3,3,0,2,2,8,,,,,,,1,1,0.769472759,,,,,,,,,,,,22,1,2019_Aug_15_1259,FaceNameBlocked,3.0.0,60.00394828,
110,FacesBlock4_v2.xlsx,Brianna.mp4,Brianna.JPG,Brianna,48,Բրիաննա,0,3,3,3,,,,,0,4,4,3,,,,,,,,alyssa,"['s', 'l', 'y', 'backspace', 'backspace', 'backspace', 'a', 'l', 'y', 's', 's', 'a']",1,0.718262891,"[6.567306228040252, 6.749703961017076, 6.9672060669981875, 7.449348654015921, 7.565172257018276, 7.6321915370062925, 8.282993921020534, 8.433108152006753, 8.549533541023266, 8.749554837006144, 9.182053343043663, 9.349559393012896]",[6.56730,6.56730,,,22,1,2019_Aug_15_1259,FaceNameBlocked,3.0.0,60.00394828,
94,FacesBlock4_v2.xlsx,Brianna.mp4,Brianna.JPG,Brianna,48,Բրիաննա,0,3,3,3,0,3,3,3,,,,,,,0,1,2.468894098,,,,,,,,,,,,22,1,2019_Aug_15_1259,FaceNameBlocked,3.0.0,60.00394828,
52,FacesBlock2_v2.xlsx,Brittany.mp4,Brittany.JPG,Brittany,28,Բրիդդանե,0,1,1,1,,,,,0,6,6,13,,,,,,,,brittney,"['h', 'a', 's', 'l', 'e', 'y', 'backspace', 'backspace', 'backspace', 'backspace', 'backspace', 'backspace', 'b', 'r', 'i', 't', 't', 'n', 'e', 'y']",4,0.385017101,"[3.0014319880283438, 3.167788973019924, 3.217918006994296, 3.350638626026921, 3.5180120579898357, 3.6325504669803195, 5.183417965017725, 5.316929396009073, 5.449979803990573, 5.5660564139834605, 5.6667362350272015, 5.883211968000978, 6.183976629981771, 6.317208005988505, 6.400335806014482, 6.483541505003814, 6.883292613027152, 7.049837445025332, 7.566735941974912, 7.866247966012452]",[3.00143,3.00143,,,22,1,2019_Aug_15_1259,FaceNameBlocked,3.0.0,60.00394828,
35,FacesBlock2_v2.xlsx,Brittany.mp4,Brittany.JPG,Brittany,28,Բրիդդանե,0,1,1,1,0,4,4,13,,,,,,,0,2,4.385236948,,,,,,,,,,,,22,1,2019_Aug_15_1259,FaceNameBlocked,3.0.0,60.00394828,
96,FacesBlock4_v2.xlsx,Caleb.mp4,Caleb.JPG,Caleb,59,Գալէբ,0,3,3,3,0,5,5,14,,,,,,,1,1,0.953435809,,,,,,,,,,,,22,1,2019_Aug_15_1259,FaceNameBlocked,3.0.0,60.00394828,
109,FacesBlock4_v2.xlsx,Caleb.mp4,Caleb.JPG,Caleb,59,Գալէբ,0,3,3,3,,,,,0,3,3,14,,,,,,,,calvin,"['c', 'a', 'l', 'l', 'u', 'm', 'backspace', 'backspace', 'backspace', 'v', 'i', 'n']",1,0.468607363,"[5.7675105390371755, 5.817690333002247, 6.100897263037041, 6.234120000037365, 6.366714600997511, 6.450695504026953, 7.24953677499434, 7.483274730038829, 7.615727213036735, 8.050264301011339, 8.133174248039722, 8.199945349013433]",[5.76751,5.76751,,,22,1,2019_Aug_15_1259,FaceNameBlocked,3.0.0,60.00394828,
41,FacesBlock2_v2.xlsx,Cody.mp4,Cody.JPG,Cody,23,Գոտե,0,1,1,1,0,10,10,8,,,,,,,0,1,0.202710543,,,,,,,,,,,,22,1,2019_Aug_15_1259,FaceNameBlocked,3.0.0,60.00394828,
53,FacesBlock2_v2.xlsx,Cody.mp4,Cody.JPG,Cody,23,Գոտե,0,1,1,1,,,,,0,7,7,8,,,,,,,,justin,"['d', 'a', 'v', 'i', 'd', 'backspace', 'backspace', 'backspace', 'backspace', 'backspace', 'backspace', 'j', 'u', 's', 't', 'i', 'n']",1,0.269418388,"[3.1516075290273875, 3.2676838720217347, 3.5349960140301846, 3.8844499610131606, 4.082460434990935, 5.51643967803102, 5.749818451004103, 5.865811881027184, 5.96647830598522, 6.100024797022343, 6.215771112998482, 6.550297976005822, 6.7168622559984215, 6.849443103012163, 6.933268296997994, 7.066837661026511, 7.133356814039871]",[3.15160,3.15160,,,22,1,2019_Aug_15_1259,FaceNameBlocked,3.0.0,60.00394828,
75,FacesBlock3_v2.xlsx,Courtney.mp4,Courtney.JPG,Courtney,42,Գոըրդնէե,0,2,2,2,0,14,14,12,,,,,,,1,2,0.086068787,,,,,,,,,,,,22,1,2019_Aug_15_1259,FaceNameBlocked,3.0.0,60.00394828,
85,FacesBlock3_v2.xlsx,Courtney.mp4,Courtney.JPG,Courtney,42,Գոըրդնէե,0,2,2,2,,,,,0,9,9,12,,,,,,,,,None,1,0.28493518,,,,,,22,1,2019_Aug_15_1259,FaceNameBlocked,3.0.0,60.00394828,
83,FacesBlock3_v2.xlsx,Daniel.mp4,Daniel.JPG,Daniel,30,Տանիէլ,0,2,2,2,,,,,0,7,7,0,,,,,,,,,None,1,0.701980991,,,,,,22,1,2019_Aug_15_1259,FaceNameBlocked,3.0.0,60.00394828,
64,FacesBlock3_v2.xlsx,Daniel.mp4,Daniel.JPG,Daniel,30,Տանիէլ,0,2,2,2,0,3,3,0,,,,,,,1,1,1.402621314,,,,,,,,,,,,22,1,2019_Aug_15_1259,FaceNameBlocked,3.0.0,60.00394828,
26,FacesBlock1_v2.xlsx,Danielle.mp4,Danielle.JPG,Danielle,3,Տանիէլլէ,0,0,0,0,,,,,0,10,10,3,,,,,,,,alice,"['a', 'l', 'i', 'c', 'e']",1,1.268479434,"[4.017135271977168, 4.3335314429714344, 4.484100189991295, 4.600928961997852, 4.683871036977507]",[4.01713,4.01713,,,22,1,2019_Aug_15_1259,FaceNameBlocked,3.0.0,60.00394828,
4,FacesBlock1_v2.xlsx,Danielle.mp4,Danielle.JPG,Danielle,3,Տանիէլլէ,0,0,0,0,0,3,3,3,,,,,,,0,2,0.486306627,,,,,,,,,,,,22,1,2019_Aug_15_1259,FaceNameBlocked,3.0.0,60.00394828,
57,FacesBlock2_v2.xlsx,David.mp4,David.JPG,David,16,Տաւիտ,0,1,1,1,,,,,0,11,11,1,,,,,,,,david,"['d', 'a', 'v', 'i', 'd']",1,0.268469877,"[1.5521851269877516, 1.6683658309630118, 1.851399898994714, 1.9020619799848646, 2.0518500430043787]",[1.55218,1.55218,,,22,1,2019_Aug_15_1259,FaceNameBlocked,3.0.0,60.00394828,
33,FacesBlock2_v2.xlsx,David.mp4,David.JPG,David,16,Տաւիտ,0,1,1,1,0,2,2,1,,,,,,,1,1,1.202569969,,,,,,,,,,,,22,1,2019_Aug_15_1259,FaceNameBlocked,3.0.0,60.00394828,
103,FacesBlock4_v2.xlsx,Dylan.mp4,Dylan.JPG,Dylan,50,Տելան,0,3,3,3,0,12,12,5,,,,,,,1,1,0.635312416,,,,,,,,,,,,22,1,2019_Aug_15_1259,FaceNameBlocked,3.0.0,60.00394828,
108,FacesBlock4_v2.xlsx,Dylan.mp4,Dylan.JPG,Dylan,50,Տելան,0,3,3,3,,,,,0,2,2,5,,,,,,,,michael,"['m', 'i', 'c', 'h', 'a', 'e', 'l']",1,0.385630268,"[2.3186911029624753, 2.4017513020080514, 2.518647196004167, 2.618477804993745, 2.7686589009827003, 2.9016609329846688, 2.9851452519651502]",[2.31869,2.31869,,,22,1,2019_Aug_15_1259,FaceNameBlocked,3.0.0,60.00394828,
102,FacesBlock4_v2.xlsx,Emily.mp4,Emily.JPG,Emily,57,Էմիլե,0,3,3,3,0,11,11,12,,,,,,,0,2,0.203459586,,,,,,,,,,,,22,1,2019_Aug_15_1259,FaceNameBlocked,3.0.0,60.00394828,
106,FacesBlock4_v2.xlsx,Emily.mp4,Emily.JPG,Emily,57,Էմիլե,0,3,3,3,,,,,0,0,0,12,,,,,,space,4.233845275,brianna,"['b', 'r', 'i', 'a', 'n', 'n', 'a']",1,0.285713569,"[5.7166104759671725, 5.866871854988858, 5.984152263961732, 6.100242455955595, 6.216732585977297, 6.3833656429778785, 6.433025680948049]",[5.71661,5.71661,,,22,1,2019_Aug_15_1259,FaceNameBlocked,3.0.0,60.00394828,
19,FacesBlock1_v2.xlsx,Eric.mp4,Eric.JPG,Eric,0,Էրիգ,0,0,0,0,,,,,0,3,3,0,,,,,,,,,None,1,1.385674779,,,,,,22,1,2019_Aug_15_1259,FaceNameBlocked,3.0.0,60.00394828,
14,FacesBlock1_v2.xlsx,Eric.mp4,Eric.JPG,Eric,0,Էրիգ,0,0,0,0,0,13,13,0,,,,,,,1,1,0.369122599,,,,,,,,,,,,22,1,2019_Aug_15_1259,FaceNameBlocked,3.0.0,60.00394828,
1,FacesBlock1_v2.xlsx,Ethan.mp4,Ethan.JPG,Ethan,11,Էդհան,0,0,0,0,0,0,0,11,,,,,,,1,1,1.983347229,,,,,,,,,,,,22,1,2019_Aug_15_1259,FaceNameBlocked,3.0.0,60.00394828,
16,FacesBlock1_v2.xlsx,Ethan.mp4,Ethan.JPG,Ethan,11,Էդհան,0,0,0,0,,,,,0,0,0,11,,,,,,space,22.86143257,,None,1,18.21284041,,,,,,22,1,2019_Aug_15_1259,FaceNameBlocked,3.0.0,60.00394828,
101,FacesBlock4_v2.xlsx,Grace.mp4,Grace.JPG,Grace,58,Կրագէ,0,3,3,3,0,10,10,13,,,,,,,0,2,0.385524649,,,,,,,,,,,,22,1,2019_Aug_15_1259,FaceNameBlocked,3.0.0,60.00394828,
112,FacesBlock4_v2.xlsx,Grace.mp4,Grace.JPG,Grace,58,Կրագէ,0,3,3,3,,,,,0,6,6,13,,,,,,,,grace,"['g', 'r', 'a', 'c', 'e']",4,0.251432334,"[1.3360956909600645, 1.435938180948142, 1.55206278298283, 1.6856666459934786, 1.7692058919928968]",[1.33609,1.33609,,,22,1,2019_Aug_15_1259,FaceNameBlocked,3.0.0,60.00394828,
46,FacesBlock2_v2.xlsx,Haley.mp4,Haley.JPG,Haley,20,Հալէե,0,1,1,1,,,,,0,0,0,5,,,,,,space,2.934248428,ashley,"['a', 's', 'h', 'l', 'e', 'y']",1,0.551411289,"[6.400007801013999, 6.483642234001309, 6.564244816021528, 6.7809036950347945, 6.882125005999114, 7.016269733023364]",[6.40000,6.40000,,,22,1,2019_Aug_15_1259,FaceNameBlocked,3.0.0,60.00394828,
31,FacesBlock2_v2.xlsx,Haley.mp4,Haley.JPG,Haley,20,Հալէե,0,1,1,1,0,0,0,5,,,,,,,0,2,2.169184497,,,,,,,,,,,,22,1,2019_Aug_15_1259,FaceNameBlocked,3.0.0,60.00394828,
8,FacesBlock1_v2.xlsx,Hannah.mp4,Hannah.JPG,Hannah,1,Հաննահ,0,0,0,0,0,7,7,1,,,,,,,1,2,0.603511627,,,,,,,,,,,,22,1,2019_Aug_15_1259,FaceNameBlocked,3.0.0,60.00394828,
21,FacesBlock1_v2.xlsx,Hannah.mp4,Hannah.JPG,Hannah,1,Հաննահ,0,0,0,0,,,,,0,5,5,1,,,,,,,,,None,1,1.38512172,,,,,,22,1,2019_Aug_15_1259,FaceNameBlocked,3.0.0,60.00394828,
44,FacesBlock2_v2.xlsx,Heather.mp4,Heather.JPG,Heather,26,Հէադհէր,0,1,1,1,0,13,13,11,,,,,,,1,2,0.368861733,,,,,,,,,,,,22,1,2019_Aug_15_1259,FaceNameBlocked,3.0.0,60.00394828,
48,FacesBlock2_v2.xlsx,Heather.mp4,Heather.JPG,Heather,26,Հէադհէր,0,1,1,1,,,,,0,2,2,11,,,,,,,,heather,"['h', 'e', 'a', 't', 'h', 'e', 'r']",4,0.352855843,"[1.6191417549853213, 1.7187969149672426, 1.8024353919900022, 1.9855491099879146, 2.0524066879879683, 2.135396175959613, 2.185597904957831]",[1.61914,1.61914,,,22,1,2019_Aug_15_1259,FaceNameBlocked,3.0.0,60.00394828,
77,FacesBlock3_v2.xlsx,Jacob.mp4,Jacob.JPG,Jacob,39,Ճագոբ,0,2,2,2,,,,,0,1,1,9,,,,,,,,david,"['d', 'a', 'v', 'i', 'd']",1,0.368165448,"[4.834176848991774, 4.933868199004792, 5.182027906994335, 5.365372960979585, 5.500439274997916]",[4.83417,4.83417,,,22,1,2019_Aug_15_1259,FaceNameBlocked,3.0.0,60.00394828,
67,FacesBlock3_v2.xlsx,Jacob.mp4,Jacob.JPG,Jacob,39,Ճագոբ,0,2,2,2,0,6,6,9,,,,,,,1,1,0.802081863,,,,,,,,,,,,22,1,2019_Aug_15_1259,FaceNameBlocked,3.0.0,60.00394828,
119,FacesBlock4_v2.xlsx,Jason.mp4,Jason.JPG,Jason,49,Ճասոն,0,3,3,3,,,,,0,13,13,4,,,,,,,,,None,1,0.502135064,,,,,,22,1,2019_Aug_15_1259,FaceNameBlocked,3.0.0,60.00394828,
98,FacesBlock4_v2.xlsx,Jason.mp4,Jason.JPG,Jason,49,Ճասոն,0,3,3,3,0,7,7,4,,,,,,,0,1,0.603015116,,,,,,,,,,,,22,1,2019_Aug_15_1259,FaceNameBlocked,3.0.0,60.00394828,
30,FacesBlock1_v2.xlsx,Jenna.mp4,Jenna.JPG,Jenna,6,Ճէննա,0,0,0,0,,,,,0,14,14,6,,,,,,,,,None,1,0.951984793,,,,,,22,1,2019_Aug_15_1259,FaceNameBlocked,3.0.0,60.00394828,
6,FacesBlock1_v2.xlsx,Jenna.mp4,Jenna.JPG,Jenna,6,Ճէննա,0,0,0,0,0,5,5,6,,,,,,,0,2,0.602599282,,,,,,,,,,,,22,1,2019_Aug_15_1259,FaceNameBlocked,3.0.0,60.00394828,
54,FacesBlock2_v2.xlsx,Jeremy.mp4,Jeremy.JPG,Jeremy,15,Ճէրէմե,0,1,1,1,,,,,0,8,8,0,,,,,,,,david,"['d', 'a', 'v', 'i', 'd']",1,0.285513428,"[1.767791574995499, 1.8677565869875252, 2.0678728410275653, 2.184926167014055, 2.30112271301914]",[1.76779,1.76779,,,22,1,2019_Aug_15_1259,FaceNameBlocked,3.0.0,60.00394828,
37,FacesBlock2_v2.xlsx,Jeremy.mp4,Jeremy.JPG,Jeremy,15,Ճէրէմե,0,1,1,1,0,6,6,0,,,,,,,1,1,1.170554686,,,,,,,,,,,,22,1,2019_Aug_15_1259,FaceNameBlocked,3.0.0,60.00394828,
3,FacesBlock1_v2.xlsx,Jessica.mp4,Jessica.JPG,Jessica,8,Ճէսսիգա,0,0,0,0,0,2,2,8,,,,,,,0,2,0.718553923,,,,,,,,,,,,22,1,2019_Aug_15_1259,FaceNameBlocked,3.0.0,60.00394828,
27,FacesBlock1_v2.xlsx,Jessica.mp4,Jessica.JPG,Jessica,8,Ճէսսիգա,0,0,0,0,,,,,0,11,11,8,,,,,,,,,None,1,1.151995076,,,,,,22,1,2019_Aug_15_1259,FaceNameBlocked,3.0.0,60.00394828,
36,FacesBlock2_v2.xlsx,Josh.mp4,Josh.JPG,Josh,19,Ճոսհ,0,1,1,1,0,5,5,4,,,,,,,0,1,0.719268205,,,,,,,,,,,,22,1,2019_Aug_15_1259,FaceNameBlocked,3.0.0,60.00394828,
58,FacesBlock2_v2.xlsx,Josh.mp4,Josh.JPG,Josh,19,Ճոսհ,0,1,1,1,,,,,0,12,12,4,,,,,,,,josh,"['j', 'o', 's', 'backspace', 'd', 'h', 'backspace', 'backspace', 's', 'h']",1,0.302244957,"[2.2354766810312867, 2.318435764987953, 2.452500234998297, 3.0005471099866554, 3.400965537002776, 3.534888847032562, 3.9672737650107592, 4.100775612983853, 4.65137668303214, 4.801225123985205]",[2.23547,2.23547,,,22,1,2019_Aug_15_1259,FaceNameBlocked,3.0.0,60.00394828,
20,FacesBlock1_v2.xlsx,Julia.mp4,Julia.JPG,Julia,13,Ճըլիա,0,0,0,0,,,,,0,4,4,13,,,,,,,,jenn,"['n', 'a', 't', 'a', 'l', 'i', 'e', 'backspace', 'backspace', 'backspace', 'backspace', 'backspace', 'backspace', 'backspace', 'backspace', 'j', 'e', 'n', 'n']",3,2.46824057,"[2.5349227949627675, 2.6689201049739495, 2.8184093550080433, 2.9182548839598894, 3.0345614799880423, 3.218357482983265, 3.33480997296283, 8.232571394008119, 8.416141724970657, 8.56412823899882, 8.68241707800189, 8.749071270984132, 8.899308847961947, 9.015397315961309, 9.132222498010378, 9.499774221971165, 9.649450741999317, 9.715502422011923, 9.849108327995054]",[2.53492,2.53492,,,22,1,2019_Aug_15_1259,FaceNameBlocked,3.0.0,60.00394828,
15,FacesBlock1_v2.xlsx,Julia.mp4,Julia.JPG,Julia,13,Ճըլիա,0,0,0,0,0,14,14,13,,,,,,,1,2,0.41923365,,,,,,,,,,,,22,1,2019_Aug_15_1259,FaceNameBlocked,3.0.0,60.00394828,
49,FacesBlock2_v2.xlsx,Justin.mp4,Justin.JPG,Justin,27,Ճըսդին,0,1,1,1,,,,,0,3,3,12,,,,,,,,cody,"['c', 'o', 'd', 'y']",1,0.318861129,"[3.4673195750219747, 3.6508295490057208, 3.784467549994588, 3.8848545380169526]",[3.46731,3.46731,,,22,1,2019_Aug_15_1259,FaceNameBlocked,3.0.0,60.00394828,
43,FacesBlock2_v2.xlsx,Justin.mp4,Justin.JPG,Justin,27,Ճըսդին,0,1,1,1,0,12,12,12,,,,,,,1,1,0.336075665,,,,,,,,,,,,22,1,2019_Aug_15_1259,FaceNameBlocked,3.0.0,60.00394828,
105,FacesBlock4_v2.xlsx,Katie.mp4,Katie.JPG,Katie,54,Քադիէ,0,3,3,3,0,14,14,9,,,,,,,0,2,0.220332746,,,,,,,,,,,,22,1,2019_Aug_15_1259,FaceNameBlocked,3.0.0,60.00394828,
107,FacesBlock4_v2.xlsx,Katie.mp4,Katie.JPG,Katie,54,Քադիէ,0,3,3,3,,,,,0,1,1,9,,,,,,,,katie,"['k', 'a', 't', 'i', 'e']",4,0.468854675,"[1.4852747760014609, 2.51613612100482, 2.6852735219872557, 2.83482675999403, 2.901677921996452]",[1.48527,1.48527,,,22,1,2019_Aug_15_1259,FaceNameBlocked,3.0.0,60.00394828,
88,FacesBlock3_v2.xlsx,Kayla.mp4,Kayla.JPG,Kayla,34,Սարահ,0,2,2,2,,,,,0,12,12,4,,,,,,,,jackie,"['j', 'a', 'c', 'k', 'i', 'e']",1,1.134316762,"[7.883254582004156, 7.983469863014761, 8.06562455900712, 8.19957279402297, 8.332762769015972, 8.41580563201569]",[7.88325,7.88325,,,22,1,2019_Aug_15_1259,FaceNameBlocked,3.0.0,60.00394828,
69,FacesBlock3_v2.xlsx,Kayla.mp4,Kayla.JPG,Kayla,34,Սարահ,0,2,2,2,0,8,8,4,,,,,,,0,2,0.485913141,,,,,,,,,,,,22,1,2019_Aug_15_1259,FaceNameBlocked,3.0.0,60.00394828,
11,FacesBlock1_v2.xlsx,Kelsey.mp4,Kelsey.JPG,Kelsey,12,Քէլսէե,0,0,0,0,0,10,10,12,,,,,,,0,2,0.351263442,,,,,,,,,,,,22,1,2019_Aug_15_1259,FaceNameBlocked,3.0.0,60.00394828,
18,FacesBlock1_v2.xlsx,Kelsey.mp4,Kelsey.JPG,Kelsey,12,Քէլսէե,0,0,0,0,,,,,0,2,2,12,,,,,,,,,None,1,2.018340542,,,,,,22,1,2019_Aug_15_1259,FaceNameBlocked,3.0.0,60.00394828,
70,FacesBlock3_v2.xlsx,Kevin.mp4,Kevin.JPG,Kevin,41,Քէւին,0,2,2,2,0,9,9,11,,,,,,,1,1,0.31931306,,,,,,,,,,,,22,1,2019_Aug_15_1259,FaceNameBlocked,3.0.0,60.00394828,
80,FacesBlock3_v2.xlsx,Kevin.mp4,Kevin.JPG,Kevin,41,Քէւին,0,2,2,2,,,,,0,4,4,11,,,,,,,,nathan 1,"['n', 'a', 't', 'h', 'a', 'n', 'space', '1']",1,0.335665748,"[3.734428600000683, 3.8829185719951056, 3.983723209006712, 4.084354521997739, 4.134606114006601, 4.2502772199804895, 4.350451233971398, 8.130589529988356]",[3.73442,3.73442,,,22,1,2019_Aug_15_1259,FaceNameBlocked,3.0.0,60.00394828,
17,FacesBlock1_v2.xlsx,Kyle.mp4,Kyle.JPG,Kyle,4,Քելէ,0,0,0,0,,,,,0,1,1,4,,,,,,,,mathew,"['m', 'a', 't', 'h', 'e', 'w']",1,1.701755782,"[7.266680943022948, 7.898931164003443, 8.049336612049956, 8.199177288042847, 8.499516295036301, 8.59902033105027]",[7.26668,7.26668,,,22,1,2019_Aug_15_1259,FaceNameBlocked,3.0.0,60.00394828,
2,FacesBlock1_v2.xlsx,Kyle.mp4,Kyle.JPG,Kyle,4,Քելէ,0,0,0,0,0,1,1,4,,,,,,,1,1,1.635687817,,,,,,,,,,,,22,1,2019_Aug_15_1259,FaceNameBlocked,3.0.0,60.00394828,
84,FacesBlock3_v2.xlsx,Lauren.mp4,Lauren.JPG,Lauren,38,Լաըրէն,0,2,2,2,,,,,0,8,8,8,,,,,,,,,None,1,0.583918116,,,,,,22,1,2019_Aug_15_1259,FaceNameBlocked,3.0.0,60.00394828,
61,FacesBlock3_v2.xlsx,Lauren.mp4,Lauren.JPG,Lauren,38,Լաըրէն,0,2,2,2,0,0,0,8,,,,,,,1,2,1.38399467,,,,,,,,,,,,22,1,2019_Aug_15_1259,FaceNameBlocked,3.0.0,60.00394828,
79,FacesBlock3_v2.xlsx,Mark.mp4,Mark.JPG,Mark,40,Մարք,0,2,2,2,,,,,0,3,3,10,,,,,,,,jacob,"['j', 'a', 'c', 'o', 'b']",1,0.184990561,"[1.9350985619821586, 2.1025159399723634, 2.302474723022897, 2.435356503992807, 2.6187797419843264]",[1.93509,1.93509,,,22,1,2019_Aug_15_1259,FaceNameBlocked,3.0.0,60.00394828,
65,FacesBlock3_v2.xlsx,Mark.mp4,Mark.JPG,Mark,40,Մարք,0,2,2,2,0,4,4,10,,,,,,,1,1,0.302069561,,,,,,,,,,,,22,1,2019_Aug_15_1259,FaceNameBlocked,3.0.0,60.00394828,
5,FacesBlock1_v2.xlsx,Matthew.mp4,Matthew.JPG,Matthew,9,Մադդհէվ,0,0,0,0,0,4,4,9,,,,,,,0,1,1.218769622,,,,,,,,,,,,22,1,2019_Aug_15_1259,FaceNameBlocked,3.0.0,60.00394828,
23,FacesBlock1_v2.xlsx,Matthew.mp4,Matthew.JPG,Matthew,9,Մադդհէվ,0,0,0,0,,,,,0,7,7,9,,,,,,,,,None,1,1.101478905,,,,,,22,1,2019_Aug_15_1259,FaceNameBlocked,3.0.0,60.00394828,
39,FacesBlock2_v2.xlsx,Megan.mp4,Megan.JPG,Megan,25,Մէկան,0,1,1,1,0,8,8,10,,,,,,,1,2,0.469079258,,,,,,,,,,,,22,1,2019_Aug_15_1259,FaceNameBlocked,3.0.0,60.00394828,
59,FacesBlock2_v2.xlsx,Megan.mp4,Megan.JPG,Megan,25,Մէկան,0,1,1,1,,,,,0,13,13,10,,,,,,,,,None,1,0.901951861,,,,,,22,1,2019_Aug_15_1259,FaceNameBlocked,3.0.0,60.00394828,
118,FacesBlock4_v2.xlsx,Michael.mp4,Michael.JPG,Michael,46,Միգհաէլ,0,3,3,3,,,,,0,12,12,1,,,,,,,,brian,"['b', 'r', 'i', 'a', 'n']",1,0.335455547,"[2.5509891100227833, 2.7181212630239315, 2.834996959019918, 2.9349244500044733, 3.068347607040778]",[2.55098,2.55098,,,22,1,2019_Aug_15_1259,FaceNameBlocked,3.0.0,60.00394828,
91,FacesBlock4_v2.xlsx,Michael.mp4,Michael.JPG,Michael,46,Միգհաէլ,0,3,3,3,0,0,0,1,,,,,,,1,1,1.085646936,,,,,,,,,,,,22,1,2019_Aug_15_1259,FaceNameBlocked,3.0.0,60.00394828,
97,FacesBlock4_v2.xlsx,Michelle.mp4,Michelle.JPG,Michelle,52,Միգհէլլէ,0,3,3,3,0,6,6,7,,,,,,,1,2,0.335695528,,,,,,,,,,,,22,1,2019_Aug_15_1259,FaceNameBlocked,3.0.0,60.00394828,
117,FacesBlock4_v2.xlsx,Michelle.mp4,Michelle.JPG,Michelle,52,Միգհէլլէ,0,3,3,3,,,,,0,11,11,7,,,,,,,,cindy,"['c', 'i', 'n', 'd', 'y']",1,0.168909728,"[5.9996384890400805, 6.149453622056171, 6.266273778048344, 6.349939980020281, 6.466639065009076]",[5.99963,5.99963,,,22,1,2019_Aug_15_1259,FaceNameBlocked,3.0.0,60.00394828,
12,FacesBlock1_v2.xlsx,Natalie.mp4,Natalie.JPG,Natalie,7,Նադալիէ,0,0,0,0,0,11,11,7,,,,,,,1,2,0.352710613,,,,,,,,,,,,22,1,2019_Aug_15_1259,FaceNameBlocked,3.0.0,60.00394828,
22,FacesBlock1_v2.xlsx,Natalie.mp4,Natalie.JPG,Natalie,7,Նադալիէ,0,0,0,0,,,,,0,6,6,7,,,,,,,,mackenzie,"['m', 'a', 'c', 'k', 'e', 'n', 'z', 'i', 'e']",1,0.951659122,"[2.5514316670014523, 2.7014628929900937, 2.818360937992111, 2.935526291024871, 3.067854110035114, 3.1518566299928352, 3.351457783021033, 3.4850387659971602, 3.60132102901116]",[2.55143,2.55143,,,22,1,2019_Aug_15_1259,FaceNameBlocked,3.0.0,60.00394828,
72,FacesBlock3_v2.xlsx,Nathan.mp4,Nathan.JPG,Nathan,37,Նադհան,0,2,2,2,0,11,11,7,,,,,,,0,1,0.319649524,,,,,,,,,,,,22,1,2019_Aug_15_1259,FaceNameBlocked,3.0.0,60.00394828,
86,FacesBlock3_v2.xlsx,Nathan.mp4,Nathan.JPG,Nathan,37,Նադհան,0,2,2,2,,,,,0,10,10,7,,,,,,,,,None,1,0.252321098,,,,,,22,1,2019_Aug_15_1259,FaceNameBlocked,3.0.0,60.00394828,
89,FacesBlock3_v2.xlsx,Nicole.mp4,Nicole.JPG,Nicole,43,Նիգոլէ,0,2,2,2,,,,,0,13,13,13,,,,,,,,,None,1,0.369430417,,,,,,22,1,2019_Aug_15_1259,FaceNameBlocked,3.0.0,60.00394828,
68,FacesBlock3_v2.xlsx,Nicole.mp4,Nicole.JPG,Nicole,43,Նիգոլէ,0,2,2,2,0,7,7,13,,,,,,,0,2,0.21973531,,,,,,,,,,,,22,1,2019_Aug_15_1259,FaceNameBlocked,3.0.0,60.00394828,
63,FacesBlock3_v2.xlsx,Noah.mp4,Noah.JPG,Noah,31,Նոահ,0,2,2,2,0,2,2,1,,,,,,,0,1,0.485994021,,,,,,,,,,,,22,1,2019_Aug_15_1259,FaceNameBlocked,3.0.0,60.00394828,
87,FacesBlock3_v2.xlsx,Noah.mp4,Noah.JPG,Noah,31,Նոահ,0,2,2,2,,,,,0,11,11,1,,,,,,,,jonsthan,"['j', 'o', 'n', 's', 't', 'h', 'a', 'n']",1,0.801571981,"[5.001065969991032, 5.151382162002847, 5.281648078002036, 5.482258506002836, 5.881974287040066, 5.983102308993693, 6.100415370019618, 6.200706208997872]",[5.00106,5.00106,,,22,1,2019_Aug_15_1259,FaceNameBlocked,3.0.0,60.00394828,
73,FacesBlock3_v2.xlsx,Olivia.mp4,Olivia.JPG,Olivia,35,Ոլիւիա,0,2,2,2,0,12,12,5,,,,,,,0,2,0.319440378,,,,,,,,,,,,22,1,2019_Aug_15_1259,FaceNameBlocked,3.0.0,60.00394828,
76,FacesBlock3_v2.xlsx,Olivia.mp4,Olivia.JPG,Olivia,35,Ոլիւիա,0,2,2,2,,,,,0,0,0,5,,,,,,space,2.418018169,olivia,"['o', 'l', 'i', 'v', 'i', 'a']",2,1.385552699,"[3.3685138180153444, 3.5347590189776383, 3.751768658985384, 4.001589907973539, 4.116003036964685, 4.417902412998956]",[3.36851,3.36851,,,22,1,2019_Aug_15_1259,FaceNameBlocked,3.0.0,60.00394828,
38,FacesBlock2_v2.xlsx,Rachel.mp4,Rachel.JPG,Rachel,29,Րագհէլ,0,1,1,1,0,7,7,14,,,,,,,1,2,0.752854612,,,,,,,,,,,,22,1,2019_Aug_15_1259,FaceNameBlocked,3.0.0,60.00394828,
56,FacesBlock2_v2.xlsx,Rachel.mp4,Rachel.JPG,Rachel,29,Րագհէլ,0,1,1,1,,,,,0,10,10,14,,,,,,,,hasley,"['h', 'a', 's', 'l', 'e', 'y']",1,0.3519201,"[2.035453074029647, 2.1354871329967864, 2.2186616230173968, 2.301470483012963, 2.4684709000284784, 2.58564041700447]",[2.03545,2.03545,,,22,1,2019_Aug_15_1259,FaceNameBlocked,3.0.0,60.00394828,
62,FacesBlock3_v2.xlsx,Rebecca.mp4,Rebecca.JPG,Rebecca,32,Րէբէգգա,0,2,2,2,0,1,1,2,,,,,,,0,2,0.553582088,,,,,,,,,,,,22,1,2019_Aug_15_1259,FaceNameBlocked,3.0.0,60.00394828,
78,FacesBlock3_v2.xlsx,Rebecca.mp4,Rebecca.JPG,Rebecca,32,Րէբէգգա,0,2,2,2,,,,,0,2,2,2,,,,,,,,casey,"['c', 'a', 's', 'e', 'y']",1,0.186089872,"[2.151562560989987, 2.3180940260062926, 2.434776395035442, 2.6842839519958943, 2.9350878539844416]",[2.15156,2.15156,,,22,1,2019_Aug_15_1259,FaceNameBlocked,3.0.0,60.00394828,
82,FacesBlock3_v2.xlsx,Sarah.mp4,Sarah.JPG,Sarah,33,Սարահ,0,2,2,2,,,,,0,6,6,3,,,,,,,,,None,1,0.885399193,,,,,,22,1,2019_Aug_15_1259,FaceNameBlocked,3.0.0,60.00394828,
71,FacesBlock3_v2.xlsx,Sarah.mp4,Sarah.JPG,Sarah,33,Սարահ,0,2,2,2,0,10,10,3,,,,,,,1,2,0.353345555,,,,,,,,,,,,22,1,2019_Aug_15_1259,FaceNameBlocked,3.0.0,60.00394828,
81,FacesBlock3_v2.xlsx,Shelby.mp4,Shelby.JPG,Shelby,36,Սհէլբե,0,2,2,2,,,,,0,5,5,6,,,,,,,,cid,"['c', 'i', 'n', 'e', 'y', 'backspace', 'backspace', 'backspace', 'd']",1,1.718388279,"[7.850777982966974, 8.149682436953299, 8.433561717974953, 8.700096954999026, 8.817477892967872, 9.282685566984583, 9.516109066957142, 9.665938637976069, 9.94932323496323]",[7.85077,7.85077,,,22,1,2019_Aug_15_1259,FaceNameBlocked,3.0.0,60.00394828,
66,FacesBlock3_v2.xlsx,Shelby.mp4,Shelby.JPG,Shelby,36,Սհէլբե,0,2,2,2,0,5,5,6,,,,,,,0,2,2.435328467,,,,,,,,,,,,22,1,2019_Aug_15_1259,FaceNameBlocked,3.0.0,60.00394828,
55,FacesBlock2_v2.xlsx,Steven.mp4,Steven.JPG,Steven,17,Սդէւէն,0,1,1,1,,,,,0,9,9,2,,,,,,,,te,"['s', 't', 'e', 'v', 'e', 'n', 'backspace', 'backspace', 'backspace', 'backspace', 'backspace', 'backspace', 'backspace', 't', 'e', 'b', 'backspace', 'v']",1,1.784795748,"[2.1849481649696827, 2.3849230869673193, 2.5517796549829654, 2.901669770013541, 3.0179921310045756, 3.366128604975529, 8.082133721967693, 8.331938517978415, 8.44905941199977, 8.565363776986487, 8.681601674004924, 8.814249685965478, 9.048561737989075, 9.166246177977882, 9.249666135001462, 9.482919926987961, 9.831990503997076, 9.982825228013098]",[2.18494,2.18494,,,22,1,2019_Aug_15_1259,FaceNameBlocked,3.0.0,60.00394828,
45,FacesBlock2_v2.xlsx,Steven.mp4,Steven.JPG,Steven,17,Սդէւէն,0,1,1,1,0,14,14,2,,,,,,,0,1,0.218609867,,,,,,,,,,,,22,1,2019_Aug_15_1259,FaceNameBlocked,3.0.0,60.00394828,
113,FacesBlock4_v2.xlsx,Taylor.mp4,Taylor.JPG,Taylor,45,Դաելոր,0,3,3,3,,,,,0,7,7,0,,,,,,,,brianna,"['b', 'r', 'i', 'a', 'n', 'n', 'a']",1,0.250487229,"[1.8688047059695236, 2.0018449389608577, 2.118697552999947, 2.2517509759636596, 2.3514358989777975, 2.5016466769739054, 2.601463757979218]",[1.86880,1.86880,,,22,1,2019_Aug_15_1259,FaceNameBlocked,3.0.0,60.00394828,
104,FacesBlock4_v2.xlsx,Taylor.mp4,Taylor.JPG,Taylor,45,Դաելոր,0,3,3,3,0,13,13,0,,,,,,,1,2,0.286558733,,,,,,,,,,,,22,1,2019_Aug_15_1259,FaceNameBlocked,3.0.0,60.00394828,
90,FacesBlock3_v2.xlsx,Thomas.mp4,Thomas.JPG,Thomas,44,Դհոմաս,0,2,2,2,,,,,0,14,14,14,,,,,,,,jacob,"['j', 'a', 'c', 'o', 'b']",1,0.335416148,"[3.0512211530003697, 3.234302552009467, 3.317664029018488, 3.4346647590282373, 3.615817754995078]",[3.05122,3.05122,,,22,1,2019_Aug_15_1259,FaceNameBlocked,3.0.0,60.00394828,
74,FacesBlock3_v2.xlsx,Thomas.mp4,Thomas.JPG,Thomas,44,Դհոմաս,0,2,2,2,0,13,13,14,,,,,,,1,1,0.120229985,,,,,,,,,,,,22,1,2019_Aug_15_1259,FaceNameBlocked,3.0.0,60.00394828,
25,FacesBlock1_v2.xlsx,Timothy.mp4,Timothy.JPG,Timothy,10,Դիմոդհե,0,0,0,0,,,,,0,9,9,10,,,,,,,,james,"['j', 'a', 'm', 'e', 's']",1,0.400149505,"[4.13444041198818, 4.267569284013007, 4.683221801999025, 4.8007478740182705, 4.883400599006563]",[4.13444,4.13444,,,22,1,2019_Aug_15_1259,FaceNameBlocked,3.0.0,60.00394828,
9,FacesBlock1_v2.xlsx,Timothy.mp4,Timothy.JPG,Timothy,10,Դիմոդհե,0,0,0,0,0,8,8,10,,,,,,,0,1,0.38625762,,,,,,,,,,,,22,1,2019_Aug_15_1259,FaceNameBlocked,3.0.0,60.00394828,
32,FacesBlock2_v2.xlsx,Trevor.mp4,Trevor.JPG,Trevor,21,Դրէւոր,0,1,1,1,0,1,1,6,,,,,,,0,1,0.686114063,,,,,,,,,,,,22,1,2019_Aug_15_1259,FaceNameBlocked,3.0.0,60.00394828,
50,FacesBlock2_v2.xlsx,Trevor.mp4,Trevor.JPG,Trevor,21,Դրէւոր,0,1,1,1,,,,,0,4,4,6,,,,,,,,trevor,"['t', 'r', 'e', 'v', 'o', 'r']",4,0.450132485,"[1.6165440329932608, 1.834896617976483, 1.9344513089745305, 2.1685822359868325, 2.3013923739781603, 2.416340595984366]",[1.61654,1.61654,,,22,1,2019_Aug_15_1259,FaceNameBlocked,3.0.0,60.00394828,
40,FacesBlock2_v2.xlsx,Tyler.mp4,Tyler.JPG,Tyler,22,Դելէր,0,1,1,1,0,9,9,7,,,,,,,1,1,0.269448098,,,,,,,,,,,,22,1,2019_Aug_15_1259,FaceNameBlocked,3.0.0,60.00394828,
60,FacesBlock2_v2.xlsx,Tyler.mp4,Tyler.JPG,Tyler,22,Դելէր,0,1,1,1,,,,,0,14,14,7,,,,,,,,cody,"['c', 'o', 'd', 'y']",1,0.933370046,"[6.883379333012272, 7.016615531989373, 7.150019527995028, 7.249254497990478]",[6.88337,6.88337,,,22,1,2019_Aug_15_1259,FaceNameBlocked,3.0.0,60.00394828,
0,,,,,,,,,,,,,,,,,,,space,55.8683356,,,,,,,,,,,,,,,22,1,2019_Aug_15_1259,FaceNameBlocked,3.0.0,60.00394828,
121,,,,,,,,,,,,,,,,,,,,,,,,,,,,,,,,,space,145.9045811,22,1,2019_Aug_15_1259,FaceNameBlocked,3.0.0,60.00394828,