,condsFile,Video,Photo,Name,Row,Name2,blocks.thisRepN,blocks.thisTrialN,blocks.thisN,blocks.thisIndex,presentations.thisRepN,presentations.thisTrialN,presentations.thisN,presentations.thisIndex,testing.thisRepN,testing.thisTrialN,testing.thisN,testing.thisIndex,advance_1.keys,advance_1.rt,currentCond,judgementResp.keys,judgementResp.rt,advance_2.keys,advance_2.rt,inputText,key_resp_3.keys,key_resp_3.rt,,key_resp3_fin,rating_resp.keys,rating_resp.rt,end_key.keys,end_key.rt,participant,session,date,expName,psychopyVersion,frameRate,Unnamed: 38
37,FacesBlock2_v2.xlsx,Aaron.mp4,Aaron.JPG,Aaron,18,Աարոն,0,1,1,1,0,6,6,3,,,,,,,1,1,1.069355267,,,,,,,,,,,,23,1,2019_Aug_15_1353,FaceNameBlocked,3.0.0,60.04492297,
46,FacesBlock2_v2.xlsx,Aaron.mp4,Aaron.JPG,Aaron,18,Աարոն,0,1,1,1,,,,,0,0,0,3,,,,,,space,13.13094071,,None,,,,1,1.15301144,,,23,1,2019_Aug_15_1353,FaceNameBlocked,3.0.0,60.04492297,
3,FacesBlock1_v2.xlsx,Adam.mp4,Adam.JPG,Adam,5,Ատամ,0,0,0,0,0,2,2,5,,,,,,,0,1,0.618683638,,,,,,,,,,,,23,1,2019_Aug_15_1353,FaceNameBlocked,3.0.0,60.04492297,
20,FacesBlock1_v2.xlsx,Adam.mp4,Adam.JPG,Adam,5,Ատամ,0,0,0,0,,,,,0,4,4,5,,,,,,,,,None,,,,1,1.25228719,,,23,1,2019_Aug_15_1353,FaceNameBlocked,3.0.0,60.04492297,
116,FacesBlock4_v2.xlsx,Alyssa.mp4,Alyssa.JPG,Alyssa,55,Ալեսսա,0,3,3,3,,,,,0,10,10,10,,,,,,,,,None,,,,1,2.116348775,,,23,1,2019_Aug_15_1353,FaceNameBlocked,3.0.0,60.04492297,
102,FacesBlock4_v2.xlsx,Alyssa.mp4,Alyssa.JPG,Alyssa,55,Ալեսսա,0,3,3,3,0,11,11,10,,,,,,,1,2,1.785714929,,,,,,,,,,,,23,1,2019_Aug_15_1353,FaceNameBlocked,3.0.0,60.04492297,
1,FacesBlock1_v2.xlsx,Amanda.mp4,Amanda.JPG,Amanda,2,Ամանտա,0,0,0,0,0,0,0,2,,,,,,,0,2,1.336647516,,,,,,,,,,,,23,1,2019_Aug_15_1353,FaceNameBlocked,3.0.0,60.04492297,
24,FacesBlock1_v2.xlsx,Amanda.mp4,Amanda.JPG,Amanda,2,Ամանտա,0,0,0,0,,,,,0,8,8,2,,,,,,,,Hannah,"['rshift', 'h', 'a', 'n', 'n', 'a', 'h']","[4.8666048280429095, 5.0681007290259, 5.417579511995427, 5.551411789027043, 5.700994462007657, 5.818011876021046, 5.967718641040847]",[4.86660,4.86660,1,1.285381015,,,23,1,2019_Aug_15_1353,FaceNameBlocked,3.0.0,60.04492297,
119,FacesBlock4_v2.xlsx,Andrew.mp4,Andrew.JPG,Andrew,51,Անտրէվ,0,3,3,3,,,,,0,13,13,6,,,,,,,,,None,,,,1,1.701570084,,,23,1,2019_Aug_15_1353,FaceNameBlocked,3.0.0,60.04492297,
99,FacesBlock4_v2.xlsx,Andrew.mp4,Andrew.JPG,Andrew,51,Անտրէվ,0,3,3,3,0,8,8,6,,,,,,,1,1,1.752455606,,,,,,,,,,,,23,1,2019_Aug_15_1353,FaceNameBlocked,3.0.0,60.04492297,
106,FacesBlock4_v2.xlsx,Anna.mp4,Anna.JPG,Anna,47,Աննա,0,3,3,3,,,,,0,0,0,2,,,,,,space,5.767321408,Anna,"['lshift', 'a', 'n', 'n', 'a']","[2.1666935780085623, 2.3682015580125153, 3.051580269006081, 3.1678753420128487, 3.316282014013268]",[2.16669,2.16669,4,1.966051151,,,23,1,2019_Aug_15_1353,FaceNameBlocked,3.0.0,60.04492297,
95,FacesBlock4_v2.xlsx,Anna.mp4,Anna.JPG,Anna,47,Աննա,0,3,3,3,0,4,4,2,,,,,,,1,2,1.669264422,,,,,,,,,,,,23,1,2019_Aug_15_1353,FaceNameBlocked,3.0.0,60.04492297,
44,FacesBlock2_v2.xlsx,Ashley.mp4,Ashley.JPG,Ashley,24,Ասհլէե,0,1,1,1,0,13,13,9,,,,,,,1,2,0.853621311,,,,,,,,,,,,23,1,2019_Aug_15_1353,FaceNameBlocked,3.0.0,60.04492297,
50,FacesBlock2_v2.xlsx,Ashley.mp4,Ashley.JPG,Ashley,24,Ասհլէե,0,1,1,1,,,,,0,4,4,9,,,,,,,,Ashley,"['rshift', 'a', 's', 'h', 'l', 'e', 'y']","[4.549599456018768, 4.717749652976636, 5.0342150229844265, 5.467403901973739, 5.967032074986491, 6.250417036993895, 6.367028883018065]",[4.54959,4.54959,2,1.285231524,,,23,1,2019_Aug_15_1353,FaceNameBlocked,3.0.0,60.04492297,
29,FacesBlock1_v2.xlsx,Bradley.mp4,Bradley.JPG,Bradley,14,Բրատլէե,0,0,0,0,,,,,0,13,13,14,,,,,,,,Bradley,"['rshift', 'b', 'r', 'a', 'd', 'l', 'e', 'y']","[1.700236557982862, 2.1191191459656693, 2.501491669972893, 3.185081294970587, 3.5519563339767046, 3.6678697349852882, 3.834915869985707, 4.001824322971515]",[1.70023,1.70023,3,1.31897398,,,23,1,2019_Aug_15_1353,FaceNameBlocked,3.0.0,60.04492297,
4,FacesBlock1_v2.xlsx,Bradley.mp4,Bradley.JPG,Bradley,14,Բրատլէե,0,0,0,0,0,3,3,14,,,,,,,0,1,0.236348,,,,,,,,,,,,23,1,2019_Aug_15_1353,FaceNameBlocked,3.0.0,60.04492297,
92,FacesBlock4_v2.xlsx,Brandon.mp4,Brandon.JPG,Brandon,56,Բրանտոն,0,3,3,3,0,1,1,11,,,,,,,0,1,1.752815109,,,,,,,,,,,,23,1,2019_Aug_15_1353,FaceNameBlocked,3.0.0,60.04492297,
109,FacesBlock4_v2.xlsx,Brandon.mp4,Brandon.JPG,Brandon,56,Բրանտոն,0,3,3,3,,,,,0,3,3,11,,,,,,,,Brandon,"['rshift', 'b', 'r', 'a', 'n', 'd', 'o', 'n']","[4.699257028987631, 4.934084715030622, 5.2499550840002485, 5.866686742985621, 5.981476287008263, 6.149998613982461, 6.200081435032189, 6.349909451033454]",[4.69925,4.69925,1,1.63491937,,,23,1,2019_Aug_15_1353,FaceNameBlocked,3.0.0,60.04492297,
103,FacesBlock4_v2.xlsx,Brian.mp4,Brian.JPG,Brian,53,Բրիան,0,3,3,3,0,12,12,8,,,,,,,0,1,1.418829661,,,,,,,,,,,,23,1,2019_Aug_15_1353,FaceNameBlocked,3.0.0,60.04492297,
113,FacesBlock4_v2.xlsx,Brian.mp4,Brian.JPG,Brian,53,Բրիան,0,3,3,3,,,,,0,7,7,8,,,,,,,,,None,,,,1,1.518455532,,,23,1,2019_Aug_15_1353,FaceNameBlocked,3.0.0,60.04492297,
100,FacesBlock4_v2.xlsx,Brianna.mp4,Brianna.JPG,Brianna,48,Բրիաննա,0,3,3,3,0,9,9,3,,,,,,,0,2,1.853000794,,,,,,,,,,,,23,1,2019_Aug_15_1353,FaceNameBlocked,3.0.0,60.04492297,
111,FacesBlock4_v2.xlsx,Brianna.mp4,Brianna.JPG,Brianna,48,Բրիաննա,0,3,3,3,,,,,0,5,5,3,,,,,,,,Katie,"['rshift', 'k', 'a', 't', 'i', 'e']","[2.816890027024783, 3.1011248690192588, 3.467936971981544, 3.5845963719766587, 4.083955154987052, 4.184201115975156]",[2.81689,2.81689,2,2.451094609,,,23,1,2019_Aug_15_1353,FaceNameBlocked,3.0.0,60.04492297,
47,FacesBlock2_v2.xlsx,Brittany.mp4,Brittany.JPG,Brittany,28,Բրիդդանե,0,1,1,1,,,,,0,1,1,13,,,,,,,,Brittany,"['rshift', 'b', 'r', 'i', 't', 't', 'a', 'n', 'y']","[3.4666256469790824, 3.750802964961622, 4.2012243629433215, 4.334421497944277, 4.517200312984642, 5.650348532944918, 6.0669563339906745, 6.183970789948944, 6.41733198199654]",[3.46662,3.46662,2,1.018489936,,,23,1,2019_Aug_15_1353,FaceNameBlocked,3.0.0,60.04492297,
40,FacesBlock2_v2.xlsx,Brittany.mp4,Brittany.JPG,Brittany,28,Բրիդդանե,0,1,1,1,0,9,9,13,,,,,,,0,2,1.102747376,,,,,,,,,,,,23,1,2019_Aug_15_1353,FaceNameBlocked,3.0.0,60.04492297,
110,FacesBlock4_v2.xlsx,Caleb.mp4,Caleb.JPG,Caleb,59,Գալէբ,0,3,3,3,,,,,0,4,4,14,,,,,,,,Caleb,"['rshift', 'c', 'a', 'l', 'e', 'b']","[2.8330010469653644, 3.084346236952115, 3.483831306977663, 4.084222635952756, 4.284018256003037, 4.483894326956943]",[2.83300,2.83300,2,1.232943317,,,23,1,2019_Aug_15_1353,FaceNameBlocked,3.0.0,60.04492297,
97,FacesBlock4_v2.xlsx,Caleb.mp4,Caleb.JPG,Caleb,59,Գալէբ,0,3,3,3,0,6,6,14,,,,,,,1,1,1.400560004,,,,,,,,,,,,23,1,2019_Aug_15_1353,FaceNameBlocked,3.0.0,60.04492297,
35,FacesBlock2_v2.xlsx,Cody.mp4,Cody.JPG,Cody,23,Գոտե,0,1,1,1,0,4,4,8,,,,,,,1,1,1.119434813,,,,,,,,,,,,23,1,2019_Aug_15_1353,FaceNameBlocked,3.0.0,60.04492297,
60,FacesBlock2_v2.xlsx,Cody.mp4,Cody.JPG,Cody,23,Գոտե,0,1,1,1,,,,,0,14,14,8,,,,,,,,Cody,"['rshift', 'c', 'o', 'd', 'y']","[2.6332943869638257, 2.8512286730110645, 3.2845039819949307, 4.76714604900917, 4.9004884290043265]",[2.63329,2.63329,3,1.551387757,,,23,1,2019_Aug_15_1353,FaceNameBlocked,3.0.0,60.04492297,
81,FacesBlock3_v2.xlsx,Courtney.mp4,Courtney.JPG,Courtney,42,Գոըրդնէե,0,2,2,2,,,,,0,5,5,12,,,,,,,,,None,,,,1,1.135391554,,,23,1,2019_Aug_15_1353,FaceNameBlocked,3.0.0,60.04492297,
61,FacesBlock3_v2.xlsx,Courtney.mp4,Courtney.JPG,Courtney,42,Գոըրդնէե,0,2,2,2,0,0,0,12,,,,,,,0,2,1.902452252,,,,,,,,,,,,23,1,2019_Aug_15_1353,FaceNameBlocked,3.0.0,60.04492297,
82,FacesBlock3_v2.xlsx,Daniel.mp4,Daniel.JPG,Daniel,30,Տանիէլ,0,2,2,2,,,,,0,6,6,0,,,,,,,,,None,,,,1,1.650375651,,,23,1,2019_Aug_15_1353,FaceNameBlocked,3.0.0,60.04492297,
66,FacesBlock3_v2.xlsx,Daniel.mp4,Daniel.JPG,Daniel,30,Տանիէլ,0,2,2,2,0,5,5,0,,,,,,,0,1,1.036452241,,,,,,,,,,,,23,1,2019_Aug_15_1353,FaceNameBlocked,3.0.0,60.04492297,
5,FacesBlock1_v2.xlsx,Danielle.mp4,Danielle.JPG,Danielle,3,Տանիէլլէ,0,0,0,0,0,4,4,3,,,,,,,0,2,0.402199239,,,,,,,,,,,,23,1,2019_Aug_15_1353,FaceNameBlocked,3.0.0,60.04492297,
28,FacesBlock1_v2.xlsx,Danielle.mp4,Danielle.JPG,Danielle,3,Տանիէլլէ,0,0,0,0,,,,,0,12,12,3,,,,,,,,,None,,,,1,1.468616061,,,23,1,2019_Aug_15_1353,FaceNameBlocked,3.0.0,60.04492297,
54,FacesBlock2_v2.xlsx,David.mp4,David.JPG,David,16,Տաւիտ,0,1,1,1,,,,,0,8,8,1,,,,,,,,,None,,,,1,1.668432166,,,23,1,2019_Aug_15_1353,FaceNameBlocked,3.0.0,60.04492297,
34,FacesBlock2_v2.xlsx,David.mp4,David.JPG,David,16,Տաւիտ,0,1,1,1,0,3,3,1,,,,,,,0,1,0.519523902,,,,,,,,,,,,23,1,2019_Aug_15_1353,FaceNameBlocked,3.0.0,60.04492297,
120,FacesBlock4_v2.xlsx,Dylan.mp4,Dylan.JPG,Dylan,50,Տելան,0,3,3,3,,,,,0,14,14,5,,,,,,,,,None,,,,1,1.902261386,,,23,1,2019_Aug_15_1353,FaceNameBlocked,3.0.0,60.04492297,
104,FacesBlock4_v2.xlsx,Dylan.mp4,Dylan.JPG,Dylan,50,Տելան,0,3,3,3,0,13,13,5,,,,,,,0,1,1.186226178,,,,,,,,,,,,23,1,2019_Aug_15_1353,FaceNameBlocked,3.0.0,60.04492297,
93,FacesBlock4_v2.xlsx,Emily.mp4,Emily.JPG,Emily,57,Էմիլե,0,3,3,3,0,2,2,12,,,,,,,0,2,1.519509298,,,,,,,,,,,,23,1,2019_Aug_15_1353,FaceNameBlocked,3.0.0,60.04492297,
112,FacesBlock4_v2.xlsx,Emily.mp4,Emily.JPG,Emily,57,Էմիլե,0,3,3,3,,,,,0,6,6,12,,,,,,,,,None,,,,1,1.367859607,,,23,1,2019_Aug_15_1353,FaceNameBlocked,3.0.0,60.04492297,
18,FacesBlock1_v2.xlsx,Eric.mp4,Eric.JPG,Eric,0,Էրիգ,0,0,0,0,,,,,0,2,2,0,,,,,,,,,None,,,,1,1.367902177,,,23,1,2019_Aug_15_1353,FaceNameBlocked,3.0.0,60.04492297,
6,FacesBlock1_v2.xlsx,Eric.mp4,Eric.JPG,Eric,0,Էրիգ,0,0,0,0,0,5,5,0,,,,,,,1,1,0.335965107,,,,,,,,,,,,23,1,2019_Aug_15_1353,FaceNameBlocked,3.0.0,60.04492297,
19,FacesBlock1_v2.xlsx,Ethan.mp4,Ethan.JPG,Ethan,11,Էդհան,0,0,0,0,,,,,0,3,3,11,,,,,,,,,None,,,,1,1.718548565,,,23,1,2019_Aug_15_1353,FaceNameBlocked,3.0.0,60.04492297,
14,FacesBlock1_v2.xlsx,Ethan.mp4,Ethan.JPG,Ethan,11,Էդհան,0,0,0,0,0,13,13,11,,,,,,,0,1,0.33337246,,,,,,,,,,,,23,1,2019_Aug_15_1353,FaceNameBlocked,3.0.0,60.04492297,
91,FacesBlock4_v2.xlsx,Grace.mp4,Grace.JPG,Grace,58,Կրագէ,0,3,3,3,0,0,0,13,,,,,,,0,2,1.85323768,,,,,,,,,,,,23,1,2019_Aug_15_1353,FaceNameBlocked,3.0.0,60.04492297,
118,FacesBlock4_v2.xlsx,Grace.mp4,Grace.JPG,Grace,58,Կրագէ,0,3,3,3,,,,,0,12,12,13,,,,,,,,Gina,"['rshift', 'g', 'i', 'n', 'a']","[5.782786626019515, 6.383852815022692, 6.950278357020579, 7.531454381998628, 7.650028165022377]",[5.78278,5.78278,1,1.218665223,,,23,1,2019_Aug_15_1353,FaceNameBlocked,3.0.0,60.04492297,
41,FacesBlock2_v2.xlsx,Haley.mp4,Haley.JPG,Haley,20,Հալէե,0,1,1,1,0,10,10,5,,,,,,,0,2,0.953196865,,,,,,,,,,,,23,1,2019_Aug_15_1353,FaceNameBlocked,3.0.0,60.04492297,
57,FacesBlock2_v2.xlsx,Haley.mp4,Haley.JPG,Haley,20,Հալէե,0,1,1,1,,,,,0,11,11,5,,,,,,,,Megan,"['rshift', 'm', 'e', 'g', 'n', 'a', 'backspace', 'backspace', 'a', 'n']","[5.899734448990785, 6.284377422009129, 6.850669656996615, 7.017237059015315, 7.666970378020778, 7.7171594820101745, 8.682948699046392, 8.849615921033546, 9.233267022995278, 9.36601379502099]",[5.89973,5.89973,1,2.118044594,,,23,1,2019_Aug_15_1353,FaceNameBlocked,3.0.0,60.04492297,
22,FacesBlock1_v2.xlsx,Hannah.mp4,Hannah.JPG,Hannah,1,Հաննահ,0,0,0,0,,,,,0,6,6,1,,,,,,,,,None,,,,1,1.235097694,,,23,1,2019_Aug_15_1353,FaceNameBlocked,3.0.0,60.04492297,
12,FacesBlock1_v2.xlsx,Hannah.mp4,Hannah.JPG,Hannah,1,Հաննահ,0,0,0,0,0,11,11,1,,,,,,,1,2,0.369270135,,,,,,,,,,,,23,1,2019_Aug_15_1353,FaceNameBlocked,3.0.0,60.04492297,
59,FacesBlock2_v2.xlsx,Heather.mp4,Heather.JPG,Heather,26,Հէադհէր,0,1,1,1,,,,,0,13,13,11,,,,,,,,,None,,,,1,1.701615488,,,23,1,2019_Aug_15_1353,FaceNameBlocked,3.0.0,60.04492297,
32,FacesBlock2_v2.xlsx,Heather.mp4,Heather.JPG,Heather,26,Հէադհէր,0,1,1,1,0,1,1,11,,,,,,,1,2,1.269216862,,,,,,,,,,,,23,1,2019_Aug_15_1353,FaceNameBlocked,3.0.0,60.04492297,
63,FacesBlock3_v2.xlsx,Jacob.mp4,Jacob.JPG,Jacob,39,Ճագոբ,0,2,2,2,0,2,2,9,,,,,,,1,1,1.136181221,,,,,,,,,,,,23,1,2019_Aug_15_1353,FaceNameBlocked,3.0.0,60.04492297,
84,FacesBlock3_v2.xlsx,Jacob.mp4,Jacob.JPG,Jacob,39,Ճագոբ,0,2,2,2,,,,,0,8,8,9,,,,,,,,,None,,,,1,1.65164315,,,23,1,2019_Aug_15_1353,FaceNameBlocked,3.0.0,60.04492297,
115,FacesBlock4_v2.xlsx,Jason.mp4,Jason.JPG,Jason,49,Ճասոն,0,3,3,3,,,,,0,9,9,4,,,,,,,,,None,,,,1,1.434303682,,,23,1,2019_Aug_15_1353,FaceNameBlocked,3.0.0,60.04492297,
94,FacesBlock4_v2.xlsx,Jason.mp4,Jason.JPG,Jason,49,Ճասոն,0,3,3,3,0,3,3,4,,,,,,,1,1,1.902329124,,,,,,,,,,,,23,1,2019_Aug_15_1353,FaceNameBlocked,3.0.0,60.04492297,
10,FacesBlock1_v2.xlsx,Jenna.mp4,Jenna.JPG,Jenna,6,Ճէննա,0,0,0,0,0,9,9,6,,,,,,,1,2,0.436059652,,,,,,,,,,,,23,1,2019_Aug_15_1353,FaceNameBlocked,3.0.0,60.04492297,
17,FacesBlock1_v2.xlsx,Jenna.mp4,Jenna.JPG,Jenna,6,Ճէննա,0,0,0,0,,,,,0,1,1,6,,,,,,,,,None,,,,1,2.932114238,,,23,1,2019_Aug_15_1353,FaceNameBlocked,3.0.0,60.04492297,
55,FacesBlock2_v2.xlsx,Jeremy.mp4,Jeremy.JPG,Jeremy,15,Ճէրէմե,0,1,1,1,,,,,0,9,9,0,,,,,,,,,None,,,,1,1.319034633,,,23,1,2019_Aug_15_1353,FaceNameBlocked,3.0.0,60.04492297,
42,FacesBlock2_v2.xlsx,Jeremy.mp4,Jeremy.JPG,Jeremy,15,Ճէրէմե,0,1,1,1,0,11,11,0,,,,,,,0,1,0.819204762,,,,,,,,,,,,23,1,2019_Aug_15_1353,FaceNameBlocked,3.0.0,60.04492297,
23,FacesBlock1_v2.xlsx,Jessica.mp4,Jessica.JPG,Jessica,8,Ճէսսիգա,0,0,0,0,,,,,0,7,7,8,,,,,,,,,None,,,,1,1.551712799,,,23,1,2019_Aug_15_1353,FaceNameBlocked,3.0.0,60.04492297,
11,FacesBlock1_v2.xlsx,Jessica.mp4,Jessica.JPG,Jessica,8,Ճէսսիգա,0,0,0,0,0,10,10,8,,,,,,,1,2,0.369142021,,,,,,,,,,,,23,1,2019_Aug_15_1353,FaceNameBlocked,3.0.0,60.04492297,
56,FacesBlock2_v2.xlsx,Josh.mp4,Josh.JPG,Josh,19,Ճոսհ,0,1,1,1,,,,,0,10,10,4,,,,,,,,Josh,"['rshift', 'j', 'o', 's', 'h']","[1.4662443500128575, 1.6676673750043847, 2.051647079992108, 2.5346197789767757, 2.6509224110050127]",[1.46624,1.46624,1,1.768062508,,,23,1,2019_Aug_15_1353,FaceNameBlocked,3.0.0,60.04492297,
39,FacesBlock2_v2.xlsx,Josh.mp4,Josh.JPG,Josh,19,Ճոսհ,0,1,1,1,0,8,8,4,,,,,,,1,1,1.102855399,,,,,,,,,,,,23,1,2019_Aug_15_1353,FaceNameBlocked,3.0.0,60.04492297,
9,FacesBlock1_v2.xlsx,Julia.mp4,Julia.JPG,Julia,13,Ճըլիա,0,0,0,0,0,8,8,13,,,,,,,0,2,0.319275905,,,,,,,,,,,,23,1,2019_Aug_15_1353,FaceNameBlocked,3.0.0,60.04492297,
21,FacesBlock1_v2.xlsx,Julia.mp4,Julia.JPG,Julia,13,Ճըլիա,0,0,0,0,,,,,0,5,5,13,,,,,,,,Erica,"['rshift', 'e', 'r', 'i', 'c', 'a']","[2.4171682099695317, 2.5522438070038334, 2.768886575009674, 3.019197682966478, 3.2517616379773244, 4.00181463395711]",[2.41716,2.41716,2,2.851373112,,,23,1,2019_Aug_15_1353,FaceNameBlocked,3.0.0,60.04492297,
58,FacesBlock2_v2.xlsx,Justin.mp4,Justin.JPG,Justin,27,Ճըսդին,0,1,1,1,,,,,0,12,12,12,,,,,,,,,None,,,,1,1.367794532,,,23,1,2019_Aug_15_1353,FaceNameBlocked,3.0.0,60.04492297,
45,FacesBlock2_v2.xlsx,Justin.mp4,Justin.JPG,Justin,27,Ճըսդին,0,1,1,1,0,14,14,12,,,,,,,1,1,0.786694353,,,,,,,,,,,,23,1,2019_Aug_15_1353,FaceNameBlocked,3.0.0,60.04492297,
105,FacesBlock4_v2.xlsx,Katie.mp4,Katie.JPG,Katie,54,Քադիէ,0,3,3,3,0,14,14,9,,,,,,,0,2,1.586149342,,,,,,,,,,,,23,1,2019_Aug_15_1353,FaceNameBlocked,3.0.0,60.04492297,
117,FacesBlock4_v2.xlsx,Katie.mp4,Katie.JPG,Katie,54,Քադիէ,0,3,3,3,,,,,0,11,11,9,,,,,,,,,None,,,,1,1.717895192,,,23,1,2019_Aug_15_1353,FaceNameBlocked,3.0.0,60.04492297,
64,FacesBlock3_v2.xlsx,Kayla.mp4,Kayla.JPG,Kayla,34,Սարահ,0,2,2,2,0,3,3,4,,,,,,,0,2,1.16874176,,,,,,,,,,,,23,1,2019_Aug_15_1353,FaceNameBlocked,3.0.0,60.04492297,
83,FacesBlock3_v2.xlsx,Kayla.mp4,Kayla.JPG,Kayla,34,Սարահ,0,2,2,2,,,,,0,7,7,4,,,,,,,,Rachel,"['rshift', 'r', 'a', 'c', 'h', 'e', 'l']","[2.4837118290015496, 2.668236317986157, 3.0180576039711013, 3.534886619017925, 3.651228019967675, 3.9344075080007315, 4.067791422014125]",[2.48371,2.48371,2,1.334494623,,,23,1,2019_Aug_15_1353,FaceNameBlocked,3.0.0,60.04492297,
25,FacesBlock1_v2.xlsx,Kelsey.mp4,Kelsey.JPG,Kelsey,12,Քէլսէե,0,0,0,0,,,,,0,9,9,12,,,,,,,,Hannah,"['rshift', 'h', 'a', 'n', 'n', 'a', 'h']","[6.315572797961067, 6.583851719973609, 6.8667681670049205, 7.066778900974896, 7.200323241006117, 7.317035780986771, 7.433724672999233]",[6.31557,6.31557,1,1.051910353,,,23,1,2019_Aug_15_1353,FaceNameBlocked,3.0.0,60.04492297,
8,FacesBlock1_v2.xlsx,Kelsey.mp4,Kelsey.JPG,Kelsey,12,Քէլսէե,0,0,0,0,0,7,7,12,,,,,,,1,2,0.452910945,,,,,,,,,,,,23,1,2019_Aug_15_1353,FaceNameBlocked,3.0.0,60.04492297,
75,FacesBlock3_v2.xlsx,Kevin.mp4,Kevin.JPG,Kevin,41,Քէւին,0,2,2,2,0,14,14,11,,,,,,,0,1,1.136143452,,,,,,,,,,,,23,1,2019_Aug_15_1353,FaceNameBlocked,3.0.0,60.04492297,
76,FacesBlock3_v2.xlsx,Kevin.mp4,Kevin.JPG,Kevin,41,Քէւին,0,2,2,2,,,,,0,0,0,11,,,,,,space,12.49821779,Kevin,"['rshift', 'k', 'e', 'v', 'i', 'n']","[1.9166397549561225, 2.1012226319871843, 2.435076458961703, 2.9849282229552045, 3.668132353981491, 3.884746274969075]",[1.91663,1.91663,4,0.751539512,,,23,1,2019_Aug_15_1353,FaceNameBlocked,3.0.0,60.04492297,
2,FacesBlock1_v2.xlsx,Kyle.mp4,Kyle.JPG,Kyle,4,Քելէ,0,0,0,0,0,1,1,4,,,,,,,1,1,1.100595773,,,,,,,,,,,,23,1,2019_Aug_15_1353,FaceNameBlocked,3.0.0,60.04492297,
16,FacesBlock1_v2.xlsx,Kyle.mp4,Kyle.JPG,Kyle,4,Քելէ,0,0,0,0,,,,,0,0,0,4,,,,,,space,31.45886934,Kyle,"['rshift', 'k', 'y', 'l', 'e']","[6.831719084002543, 7.017104341997765, 7.366107267967891, 7.51685998699395, 7.799852286989335]",[6.83171,6.83171,2,3.568785041,,,23,1,2019_Aug_15_1353,FaceNameBlocked,3.0.0,60.04492297,
62,FacesBlock3_v2.xlsx,Lauren.mp4,Lauren.JPG,Lauren,38,Լաըրէն,0,2,2,2,0,1,1,8,,,,,,,1,2,1.602406718,,,,,,,,,,,,23,1,2019_Aug_15_1353,FaceNameBlocked,3.0.0,60.04492297,
80,FacesBlock3_v2.xlsx,Lauren.mp4,Lauren.JPG,Lauren,38,Լաըրէն,0,2,2,2,,,,,0,4,4,8,,,,,,,,Olivia,"['rshift', 'o', 'l', 'i', 'v', 'i', 'a']","[5.766257954994217, 6.0845582349575125, 6.4505963459960185, 6.733503163966816, 7.017431358981412, 7.116387477959506, 7.400302635971457]",[5.76625,5.76625,1,1.234500635,,,23,1,2019_Aug_15_1353,FaceNameBlocked,3.0.0,60.04492297,
87,FacesBlock3_v2.xlsx,Mark.mp4,Mark.JPG,Mark,40,Մարք,0,2,2,2,,,,,0,11,11,10,,,,,,,,,None,,,,1,1.485525323,,,23,1,2019_Aug_15_1353,FaceNameBlocked,3.0.0,60.04492297,
71,FacesBlock3_v2.xlsx,Mark.mp4,Mark.JPG,Mark,40,Մարք,0,2,2,2,0,10,10,10,,,,,,,1,1,1.185911764,,,,,,,,,,,,23,1,2019_Aug_15_1353,FaceNameBlocked,3.0.0,60.04492297,
7,FacesBlock1_v2.xlsx,Matthew.mp4,Matthew.JPG,Matthew,9,Մադդհէվ,0,0,0,0,0,6,6,9,,,,,,,0,1,0.253546019,,,,,,,,,,,,23,1,2019_Aug_15_1353,FaceNameBlocked,3.0.0,60.04492297,
27,FacesBlock1_v2.xlsx,Matthew.mp4,Matthew.JPG,Matthew,9,Մադդհէվ,0,0,0,0,,,,,0,11,11,9,,,,,,,,Eric,"['rshift', 'e', 'r', 'i', 'c']","[4.966498141991906, 5.101334475970361, 5.350401535979472, 5.584179012977984, 5.817573004984297]",[4.96649,4.96649,1,1.0017339,,,23,1,2019_Aug_15_1353,FaceNameBlocked,3.0.0,60.04492297,
33,FacesBlock2_v2.xlsx,Megan.mp4,Megan.JPG,Megan,25,Մէկան,0,1,1,1,0,2,2,10,,,,,,,0,2,0.369084922,,,,,,,,,,,,23,1,2019_Aug_15_1353,FaceNameBlocked,3.0.0,60.04492297,
52,FacesBlock2_v2.xlsx,Megan.mp4,Megan.JPG,Megan,25,Մէկան,0,1,1,1,,,,,0,6,6,10,,,,,,,,Sarah,"['rshift', 's', 'a', 'r', 'a', 'h']","[6.532390445005149, 6.7006048380280845, 6.917338522034697, 7.166980145033449, 7.399555619049352, 7.715183026040904]",[6.53239,6.53239,1,1.768179798,,,23,1,2019_Aug_15_1353,FaceNameBlocked,3.0.0,60.04492297,
98,FacesBlock4_v2.xlsx,Michael.mp4,Michael.JPG,Michael,46,Միգհաէլ,0,3,3,3,0,7,7,1,,,,,,,1,1,1.619542396,,,,,,,,,,,,23,1,2019_Aug_15_1353,FaceNameBlocked,3.0.0,60.04492297,
114,FacesBlock4_v2.xlsx,Michael.mp4,Michael.JPG,Michael,46,Միգհաէլ,0,3,3,3,,,,,0,8,8,1,,,,,,,,,None,,,,1,1.85157207,,,23,1,2019_Aug_15_1353,FaceNameBlocked,3.0.0,60.04492297,
107,FacesBlock4_v2.xlsx,Michelle.mp4,Michelle.JPG,Michelle,52,Միգհէլլէ,0,3,3,3,,,,,0,1,1,7,,,,,,,,Michelle,"['rshift', 'm', 'i', 'c', 'h', 'e', 'l', 'l', 'e']","[2.2166774260113016, 2.4179727340233512, 2.684963489009533, 3.0013892540009692, 3.3657471550395712, 3.782251424039714, 3.933527049026452, 4.050867006997578, 4.167491965054069]",[2.21667,2.21667,3,1.101653604,,,23,1,2019_Aug_15_1353,FaceNameBlocked,3.0.0,60.04492297,
101,FacesBlock4_v2.xlsx,Michelle.mp4,Michelle.JPG,Michelle,52,Միգհէլլէ,0,3,3,3,0,10,10,7,,,,,,,0,2,1.486199525,,,,,,,,,,,,23,1,2019_Aug_15_1353,FaceNameBlocked,3.0.0,60.04492297,
13,FacesBlock1_v2.xlsx,Natalie.mp4,Natalie.JPG,Natalie,7,Նադալիէ,0,0,0,0,0,12,12,7,,,,,,,1,2,0.302801573,,,,,,,,,,,,23,1,2019_Aug_15_1353,FaceNameBlocked,3.0.0,60.04492297,
30,FacesBlock1_v2.xlsx,Natalie.mp4,Natalie.JPG,Natalie,7,Նադալիէ,0,0,0,0,,,,,0,14,14,7,,,,,,,,,None,,,,1,1.318891917,,,23,1,2019_Aug_15_1353,FaceNameBlocked,3.0.0,60.04492297,
89,FacesBlock3_v2.xlsx,Nathan.mp4,Nathan.JPG,Nathan,37,Նադհան,0,2,2,2,,,,,0,13,13,7,,,,,,,,Tyler,"['rshift', 't', 'y', 'l', 'e', 'r']","[5.398771172040142, 5.715117487008683, 6.049526493996382, 6.183841192047112, 6.466909234994091, 6.683276808005758]",[5.39877,5.39877,1,1.268616815,,,23,1,2019_Aug_15_1353,FaceNameBlocked,3.0.0,60.04492297,
73,FacesBlock3_v2.xlsx,Nathan.mp4,Nathan.JPG,Nathan,37,Նադհան,0,2,2,2,0,12,12,7,,,,,,,0,1,1.352484164,,,,,,,,,,,,23,1,2019_Aug_15_1353,FaceNameBlocked,3.0.0,60.04492297,
68,FacesBlock3_v2.xlsx,Nicole.mp4,Nicole.JPG,Nicole,43,Նիգոլէ,0,2,2,2,0,7,7,13,,,,,,,0,2,0.853220216,,,,,,,,,,,,23,1,2019_Aug_15_1353,FaceNameBlocked,3.0.0,60.04492297,
90,FacesBlock3_v2.xlsx,Nicole.mp4,Nicole.JPG,Nicole,43,Նիգոլէ,0,2,2,2,,,,,0,14,14,13,,,,,,,,Nicole,"['rshift', 'n', 'i', 'c', 'o', 'l', 'e']","[4.516732040036004, 4.784604673041031, 5.101164447027259, 5.500680618046317, 5.617559398000594, 5.784280668012798, 5.917541204020381]",[4.51673,4.51673,3,2.034700949,,,23,1,2019_Aug_15_1353,FaceNameBlocked,3.0.0,60.04492297,
65,FacesBlock3_v2.xlsx,Noah.mp4,Noah.JPG,Noah,31,Նոահ,0,2,2,2,0,4,4,1,,,,,,,0,1,1.019547683,,,,,,,,,,,,23,1,2019_Aug_15_1353,FaceNameBlocked,3.0.0,60.04492297,
77,FacesBlock3_v2.xlsx,Noah.mp4,Noah.JPG,Noah,31,Նոահ,0,2,2,2,,,,,0,1,1,1,,,,,,,,Toby,"['rshift', 't', 'o', 'b', 'y']","[4.04878622898832, 4.233586136018857, 4.600222210981883, 5.0000567639945075, 5.132884319988079]",[4.04878,4.04878,1,1.033394898,,,23,1,2019_Aug_15_1353,FaceNameBlocked,3.0.0,60.04492297,
74,FacesBlock3_v2.xlsx,Olivia.mp4,Olivia.JPG,Olivia,35,Ոլիւիա,0,2,2,2,0,13,13,5,,,,,,,1,2,1.168911599,,,,,,,,,,,,23,1,2019_Aug_15_1353,FaceNameBlocked,3.0.0,60.04492297,
88,FacesBlock3_v2.xlsx,Olivia.mp4,Olivia.JPG,Olivia,35,Ոլիւիա,0,2,2,2,,,,,0,12,12,5,,,,,,,,,None,,,,1,1.784587755,,,23,1,2019_Aug_15_1353,FaceNameBlocked,3.0.0,60.04492297,
53,FacesBlock2_v2.xlsx,Rachel.mp4,Rachel.JPG,Rachel,29,Րագհէլ,0,1,1,1,,,,,0,7,7,14,,,,,,,,,None,,,,1,2.318828941,,,23,1,2019_Aug_15_1353,FaceNameBlocked,3.0.0,60.04492297,
43,FacesBlock2_v2.xlsx,Rachel.mp4,Rachel.JPG,Rachel,29,Րագհէլ,0,1,1,1,0,12,12,14,,,,,,,1,2,1.053195585,,,,,,,,,,,,23,1,2019_Aug_15_1353,FaceNameBlocked,3.0.0,60.04492297,
86,FacesBlock3_v2.xlsx,Rebecca.mp4,Rebecca.JPG,Rebecca,32,Րէբէգգա,0,2,2,2,,,,,0,10,10,2,,,,,,,,,None,,,,1,1.434567872,,,23,1,2019_Aug_15_1353,FaceNameBlocked,3.0.0,60.04492297,
72,FacesBlock3_v2.xlsx,Rebecca.mp4,Rebecca.JPG,Rebecca,32,Րէբէգգա,0,2,2,2,0,11,11,2,,,,,,,1,2,1.385825724,,,,,,,,,,,,23,1,2019_Aug_15_1353,FaceNameBlocked,3.0.0,60.04492297,
78,FacesBlock3_v2.xlsx,Sarah.mp4,Sarah.JPG,Sarah,33,Սարահ,0,2,2,2,,,,,0,2,2,3,,,,,,,,Kelsey,"['rshift', 'k', 'e', 'l', 's', 'e', 'y']","[7.048588801990263, 7.250296187005006, 7.48284714698093, 7.631354821962304, 7.765836277976632, 7.949797175999265, 8.049831135955174]",[7.04858,7.04858,1,1.135056551,,,23,1,2019_Aug_15_1353,FaceNameBlocked,3.0.0,60.04492297,
69,FacesBlock3_v2.xlsx,Sarah.mp4,Sarah.JPG,Sarah,33,Սարահ,0,2,2,2,0,8,8,3,,,,,,,1,2,1.069250721,,,,,,,,,,,,23,1,2019_Aug_15_1353,FaceNameBlocked,3.0.0,60.04492297,
79,FacesBlock3_v2.xlsx,Shelby.mp4,Shelby.JPG,Shelby,36,Սհէլբե,0,2,2,2,,,,,0,3,3,6,,,,,,,,,None,,,,1,1.551610131,,,23,1,2019_Aug_15_1353,FaceNameBlocked,3.0.0,60.04492297,
70,FacesBlock3_v2.xlsx,Shelby.mp4,Shelby.JPG,Shelby,36,Սհէլբե,0,2,2,2,0,9,9,6,,,,,,,1,2,2.102426611,,,,,,,,,,,,23,1,2019_Aug_15_1353,FaceNameBlocked,3.0.0,60.04492297,
31,FacesBlock2_v2.xlsx,Steven.mp4,Steven.JPG,Steven,17,Սդէւէն,0,1,1,1,0,0,0,2,,,,,,,0,1,1.619368182,,,,,,,,,,,,23,1,2019_Aug_15_1353,FaceNameBlocked,3.0.0,60.04492297,
49,FacesBlock2_v2.xlsx,Steven.mp4,Steven.JPG,Steven,17,Սդէւէն,0,1,1,1,,,,,0,3,3,2,,,,,,,,,None,,,,1,1.468667686,,,23,1,2019_Aug_15_1353,FaceNameBlocked,3.0.0,60.04492297,
108,FacesBlock4_v2.xlsx,Taylor.mp4,Taylor.JPG,Taylor,45,Դաելոր,0,3,3,3,,,,,0,2,2,0,,,,,,,,,None,,,,1,1.551867589,,,23,1,2019_Aug_15_1353,FaceNameBlocked,3.0.0,60.04492297,
96,FacesBlock4_v2.xlsx,Taylor.mp4,Taylor.JPG,Taylor,45,Դաելոր,0,3,3,3,0,5,5,0,,,,,,,1,2,1.835584147,,,,,,,,,,,,23,1,2019_Aug_15_1353,FaceNameBlocked,3.0.0,60.04492297,
85,FacesBlock3_v2.xlsx,Thomas.mp4,Thomas.JPG,Thomas,44,Դհոմաս,0,2,2,2,,,,,0,9,9,14,,,,,,,,,None,,,,1,1.168827752,,,23,1,2019_Aug_15_1353,FaceNameBlocked,3.0.0,60.04492297,
67,FacesBlock3_v2.xlsx,Thomas.mp4,Thomas.JPG,Thomas,44,Դհոմաս,0,2,2,2,0,6,6,14,,,,,,,1,1,1.252662738,,,,,,,,,,,,23,1,2019_Aug_15_1353,FaceNameBlocked,3.0.0,60.04492297,
26,FacesBlock1_v2.xlsx,Timothy.mp4,Timothy.JPG,Timothy,10,Դիմոդհե,0,0,0,0,,,,,0,10,10,10,,,,,,,,Timothy,"['rshift', 't', 'i', 'm', 'o', 't', 'h', 'y']","[1.7174492799676955, 1.9355087709845975, 2.283359753957484, 2.551705799996853, 2.818187841970939, 2.985045244975481, 3.151679175964091, 3.2851640229928307]",[1.71744,1.71744,4,1.668533071,,,23,1,2019_Aug_15_1353,FaceNameBlocked,3.0.0,60.04492297,
15,FacesBlock1_v2.xlsx,Timothy.mp4,Timothy.JPG,Timothy,10,Դիմոդհե,0,0,0,0,0,14,14,10,,,,,,,1,1,0.386051772,,,,,,,,,,,,23,1,2019_Aug_15_1353,FaceNameBlocked,3.0.0,60.04492297,
38,FacesBlock2_v2.xlsx,Trevor.mp4,Trevor.JPG,Trevor,21,Դրէւոր,0,1,1,1,0,7,7,6,,,,,,,0,1,1.319466547,,,,,,,,,,,,23,1,2019_Aug_15_1353,FaceNameBlocked,3.0.0,60.04492297,
48,FacesBlock2_v2.xlsx,Trevor.mp4,Trevor.JPG,Trevor,21,Դրէւոր,0,1,1,1,,,,,0,2,2,6,,,,,,,,,None,,,,1,2.368008594,,,23,1,2019_Aug_15_1353,FaceNameBlocked,3.0.0,60.04492297,
51,FacesBlock2_v2.xlsx,Tyler.mp4,Tyler.JPG,Tyler,22,Դելէր,0,1,1,1,,,,,0,5,5,7,,,,,,,,,None,,,,1,1.868664603,,,23,1,2019_Aug_15_1353,FaceNameBlocked,3.0.0,60.04492297,
36,FacesBlock2_v2.xlsx,Tyler.mp4,Tyler.JPG,Tyler,22,Դելէր,0,1,1,1,0,5,5,7,,,,,,,0,1,1.403207336,,,,,,,,,,,,23,1,2019_Aug_15_1353,FaceNameBlocked,3.0.0,60.04492297,
0,,,,,,,,,,,,,,,,,,,space,25.52852117,,,,,,,,,,,,,,,23,1,2019_Aug_15_1353,FaceNameBlocked,3.0.0,60.04492297,
121,,,,,,,,,,,,,,,,,,,,,,,,,,,,,,,,,space,1762.906566,23,1,2019_Aug_15_1353,FaceNameBlocked,3.0.0,60.04492297,