,condsFile,Video,Photo,Name,Row,Name2,blocks.thisRepN,blocks.thisTrialN,blocks.thisN,blocks.thisIndex,presentations.thisRepN,presentations.thisTrialN,presentations.thisN,presentations.thisIndex,testing.thisRepN,testing.thisTrialN,testing.thisN,testing.thisIndex,advance_1.keys,advance_1.rt,currentCond,judgementResp.keys,judgementResp.rt,advance_2.keys,advance_2.rt,inputText,key_resp_3.keys,rating_resp.keys,rating_resp.rt,key_resp_3.rt,,key_resp3_fin,end_key.keys,end_key.rt,participant,session,date,expName,psychopyVersion,frameRate,Unnamed: 38
60,FacesBlock2_v2.xlsx,Aaron.mp4,Aaron.JPG,Aaron,18,Աարոն,0,1,1,1,,,,,0,14,14,3,,,,,,,,aron,"['a', 'r', 'o', 'n']",4,1.835052875,"[1.7684857390122488, 2.2184975889977068, 2.8351179150049575, 3.167770014028065]",[1.76848,1.76848,,,24,1,2019_Aug_15_1454,FaceNameBlocked,3.0.0,60.05874924,
41,FacesBlock2_v2.xlsx,Aaron.mp4,Aaron.JPG,Aaron,18,Աարոն,0,1,1,1,0,10,10,3,,,,,,,0,1,0.419707114,,,,,,,,,,,,24,1,2019_Aug_15_1454,FaceNameBlocked,3.0.0,60.05874924,
3,FacesBlock1_v2.xlsx,Adam.mp4,Adam.JPG,Adam,5,Ատամ,0,0,0,0,0,2,2,5,,,,,,,1,1,0.552975476,,,,,,,,,,,,24,1,2019_Aug_15_1454,FaceNameBlocked,3.0.0,60.05874924,
30,FacesBlock1_v2.xlsx,Adam.mp4,Adam.JPG,Adam,5,Ատամ,0,0,0,0,,,,,0,14,14,5,,,,,,,,,None,1,0.818206866,,,,,,24,1,2019_Aug_15_1454,FaceNameBlocked,3.0.0,60.05874924,
100,FacesBlock4_v2.xlsx,Alyssa.mp4,Alyssa.JPG,Alyssa,55,Ալեսսա,0,3,3,3,0,9,9,10,,,,,,,0,2,0.636132121,,,,,,,,,,,,24,1,2019_Aug_15_1454,FaceNameBlocked,3.0.0,60.05874924,
112,FacesBlock4_v2.xlsx,Alyssa.mp4,Alyssa.JPG,Alyssa,55,Ալեսսա,0,3,3,3,,,,,0,6,6,10,,,,,,,,,None,1,1.568733147,,,,,,24,1,2019_Aug_15_1454,FaceNameBlocked,3.0.0,60.05874924,
6,FacesBlock1_v2.xlsx,Amanda.mp4,Amanda.JPG,Amanda,2,Ամանտա,0,0,0,0,0,5,5,2,,,,,,,0,2,0.468924237,,,,,,,,,,,,24,1,2019_Aug_15_1454,FaceNameBlocked,3.0.0,60.05874924,
19,FacesBlock1_v2.xlsx,Amanda.mp4,Amanda.JPG,Amanda,2,Ամանտա,0,0,0,0,,,,,0,3,3,2,,,,,,,,elizabeth,"['e', 'l', 'i', 'z', 'a', 'b', 'e', 't', 'h']",2,1.18514549,"[1.7513625219580717, 2.001263023004867, 2.2347511569969356, 2.367828799004201, 2.5675574969500303, 2.7491774959489703, 2.8509408659883775, 2.9677730369730853, 3.18409418099327]",[1.75136,1.75136,,,24,1,2019_Aug_15_1454,FaceNameBlocked,3.0.0,60.05874924,
114,FacesBlock4_v2.xlsx,Andrew.mp4,Andrew.JPG,Andrew,51,Անտրէվ,0,3,3,3,,,,,0,8,8,6,,,,,,,,william,"['w', 'i', 'l', 'l', 'i', 'a', 'm']",1,1.151713261,"[4.501701460976619, 5.017981025972404, 5.367604796017986, 5.517279646999668, 5.717713618010748, 6.084310492966324, 6.484466620022431]",[4.50170,4.50170,,,24,1,2019_Aug_15_1454,FaceNameBlocked,3.0.0,60.05874924,
99,FacesBlock4_v2.xlsx,Andrew.mp4,Andrew.JPG,Andrew,51,Անտրէվ,0,3,3,3,0,8,8,6,,,,,,,0,1,0.336178805,,,,,,,,,,,,24,1,2019_Aug_15_1454,FaceNameBlocked,3.0.0,60.05874924,
106,FacesBlock4_v2.xlsx,Anna.mp4,Anna.JPG,Anna,47,Աննա,0,3,3,3,,,,,0,0,0,2,,,,,,space,25.41092498,courtney,"['c', 'o', 'u', 'r', 't', 'n', 'e', 'y']",1,0.819737549,"[3.568097430979833, 3.784043407009449, 4.034102469973732, 4.18395114201121, 4.317619831010234, 4.565577018016484, 4.634288086963352, 4.834157094999682]",[3.56809,3.56809,,,24,1,2019_Aug_15_1454,FaceNameBlocked,3.0.0,60.05874924,
103,FacesBlock4_v2.xlsx,Anna.mp4,Anna.JPG,Anna,47,Աննա,0,3,3,3,0,12,12,2,,,,,,,1,2,0.303017191,,,,,,,,,,,,24,1,2019_Aug_15_1454,FaceNameBlocked,3.0.0,60.05874924,
50,FacesBlock2_v2.xlsx,Ashley.mp4,Ashley.JPG,Ashley,24,Ասհլէե,0,1,1,1,,,,,0,4,4,9,,,,,,,,rachel,"['r', 'a', 'c', 'h', 'e', 'l']",1,1.335486211,"[5.21680043800734, 5.600170800986234, 5.950361919996794, 6.516118296014611, 6.84974738699384, 7.199945594009478]",[5.21680,5.21680,,,24,1,2019_Aug_15_1454,FaceNameBlocked,3.0.0,60.05874924,
40,FacesBlock2_v2.xlsx,Ashley.mp4,Ashley.JPG,Ashley,24,Ասհլէե,0,1,1,1,0,9,9,9,,,,,,,0,2,0.320446914,,,,,,,,,,,,24,1,2019_Aug_15_1454,FaceNameBlocked,3.0.0,60.05874924,
12,FacesBlock1_v2.xlsx,Bradley.mp4,Bradley.JPG,Bradley,14,Բրատլէե,0,0,0,0,0,11,11,14,,,,,,,1,1,0.385795175,,,,,,,,,,,,24,1,2019_Aug_15_1454,FaceNameBlocked,3.0.0,60.05874924,
23,FacesBlock1_v2.xlsx,Bradley.mp4,Bradley.JPG,Bradley,14,Բրատլէե,0,0,0,0,,,,,0,7,7,14,,,,,,,,john,"['j', 'o', 'h', 'n']",1,1.182777116,"[4.01792856695829, 4.234428445983212, 4.6169400659855455, 4.816722054965794]",[4.01792,4.01792,,,24,1,2019_Aug_15_1454,FaceNameBlocked,3.0.0,60.05874924,
107,FacesBlock4_v2.xlsx,Brandon.mp4,Brandon.JPG,Brandon,56,Բրանտոն,0,3,3,3,,,,,0,1,1,11,,,,,,,,jason,"['j', 'a', 's', 'o', 'n']",1,1.000167647,"[7.499788940011058, 7.66559855901869, 7.865660528012086, 8.881715023017023, 9.148898099025246]",[7.49978,7.49978,,,24,1,2019_Aug_15_1454,FaceNameBlocked,3.0.0,60.05874924,
95,FacesBlock4_v2.xlsx,Brandon.mp4,Brandon.JPG,Brandon,56,Բրանտոն,0,3,3,3,0,4,4,11,,,,,,,0,1,0.466394611,,,,,,,,,,,,24,1,2019_Aug_15_1454,FaceNameBlocked,3.0.0,60.05874924,
102,FacesBlock4_v2.xlsx,Brian.mp4,Brian.JPG,Brian,53,Բրիան,0,3,3,3,0,11,11,8,,,,,,,0,1,0.619629736,,,,,,,,,,,,24,1,2019_Aug_15_1454,FaceNameBlocked,3.0.0,60.05874924,
118,FacesBlock4_v2.xlsx,Brian.mp4,Brian.JPG,Brian,53,Բրիան,0,3,3,3,,,,,0,12,12,8,,,,,,,,logan,"['l', 'o', 'g', 'a', 'n']",2,1.167116484,"[6.417729054985102, 6.584276509005576, 7.017296531994361, 7.183988407021388, 7.34848853998119]",[6.41772,6.41772,,,24,1,2019_Aug_15_1454,FaceNameBlocked,3.0.0,60.05874924,
92,FacesBlock4_v2.xlsx,Brianna.mp4,Brianna.JPG,Brianna,48,Բրիաննա,0,3,3,3,0,1,1,3,,,,,,,1,2,0.870022326,,,,,,,,,,,,24,1,2019_Aug_15_1454,FaceNameBlocked,3.0.0,60.05874924,
108,FacesBlock4_v2.xlsx,Brianna.mp4,Brianna.JPG,Brianna,48,Բրիաննա,0,3,3,3,,,,,0,2,2,3,,,,,,,,sarah,"['s', 'a', 'r', 'a', 'h']",2,0.934597634,"[3.551438686030451, 3.7010016900021583, 3.8511978950118646, 3.984657282999251, 4.101029265031684]",[3.55143,3.55143,,,24,1,2019_Aug_15_1454,FaceNameBlocked,3.0.0,60.05874924,
55,FacesBlock2_v2.xlsx,Brittany.mp4,Brittany.JPG,Brittany,28,Բրիդդանե,0,1,1,1,,,,,0,9,9,13,,,,,,,,,None,1,0.985017295,,,,,,24,1,2019_Aug_15_1454,FaceNameBlocked,3.0.0,60.05874924,
35,FacesBlock2_v2.xlsx,Brittany.mp4,Brittany.JPG,Brittany,28,Բրիդդանե,0,1,1,1,0,4,4,13,,,,,,,0,2,1.502191437,,,,,,,,,,,,24,1,2019_Aug_15_1454,FaceNameBlocked,3.0.0,60.05874924,
117,FacesBlock4_v2.xlsx,Caleb.mp4,Caleb.JPG,Caleb,59,Գալէբ,0,3,3,3,,,,,0,11,11,14,,,,,,,,,None,1,1.718558934,,,,,,24,1,2019_Aug_15_1454,FaceNameBlocked,3.0.0,60.05874924,
101,FacesBlock4_v2.xlsx,Caleb.mp4,Caleb.JPG,Caleb,59,Գալէբ,0,3,3,3,0,10,10,14,,,,,,,1,1,0.619565,,,,,,,,,,,,24,1,2019_Aug_15_1454,FaceNameBlocked,3.0.0,60.05874924,
52,FacesBlock2_v2.xlsx,Cody.mp4,Cody.JPG,Cody,23,Գոտե,0,1,1,1,,,,,0,6,6,8,,,,,,,,,None,1,1.283331985,,,,,,24,1,2019_Aug_15_1454,FaceNameBlocked,3.0.0,60.05874924,
42,FacesBlock2_v2.xlsx,Cody.mp4,Cody.JPG,Cody,23,Գոտե,0,1,1,1,0,11,11,8,,,,,,,0,1,0.286558821,,,,,,,,,,,,24,1,2019_Aug_15_1454,FaceNameBlocked,3.0.0,60.05874924,
79,FacesBlock3_v2.xlsx,Courtney.mp4,Courtney.JPG,Courtney,42,Գոըրդնէե,0,2,2,2,,,,,0,3,3,12,,,,,,,,courtney,"['c', 'o', 'u', 'r', 't', 'n', 'e', 'y']",3,1.8507033,"[3.467079406022094, 5.317184988991357, 6.0169946029782295, 6.400177685020026, 7.1333186230040155, 7.716160488023888, 8.066223171015736, 8.53271505102748]",[3.46707,3.46707,,,24,1,2019_Aug_15_1454,FaceNameBlocked,3.0.0,60.05874924,
62,FacesBlock3_v2.xlsx,Courtney.mp4,Courtney.JPG,Courtney,42,Գոըրդնէե,0,2,2,2,0,1,1,12,,,,,,,1,2,0.833490957,,,,,,,,,,,,24,1,2019_Aug_15_1454,FaceNameBlocked,3.0.0,60.05874924,
71,FacesBlock3_v2.xlsx,Daniel.mp4,Daniel.JPG,Daniel,30,Տանիէլ,0,2,2,2,0,10,10,0,,,,,,,0,1,0.286764769,,,,,,,,,,,,24,1,2019_Aug_15_1454,FaceNameBlocked,3.0.0,60.05874924,
90,FacesBlock3_v2.xlsx,Daniel.mp4,Daniel.JPG,Daniel,30,Տանիէլ,0,2,2,2,,,,,0,14,14,0,,,,,,,,,None,1,1.551145087,,,,,,24,1,2019_Aug_15_1454,FaceNameBlocked,3.0.0,60.05874924,
13,FacesBlock1_v2.xlsx,Danielle.mp4,Danielle.JPG,Danielle,3,Տանիէլլէ,0,0,0,0,0,12,12,3,,,,,,,1,2,0.4691491,,,,,,,,,,,,24,1,2019_Aug_15_1454,FaceNameBlocked,3.0.0,60.05874924,
18,FacesBlock1_v2.xlsx,Danielle.mp4,Danielle.JPG,Danielle,3,Տանիէլլէ,0,0,0,0,,,,,0,2,2,3,,,,,,,,rachel,"['r', 'a', 'c', 'h', 'e', 'l']",2,1.418469209,"[2.332981569983531, 2.5679367449483834, 2.8179762379731983, 3.0342762069776654, 3.2341952939750627, 3.7839437749935314]",[2.33298,2.33298,,,24,1,2019_Aug_15_1454,FaceNameBlocked,3.0.0,60.05874924,
49,FacesBlock2_v2.xlsx,David.mp4,David.JPG,David,16,Տաւիտ,0,1,1,1,,,,,0,3,3,1,,,,,,,,paul,"['p', 'a', 'u', 'l']",2,1.368462067,"[1.7179409620002843, 1.9014267490128987, 2.0682555550010875, 2.317503720987588]",[1.71794,1.71794,,,24,1,2019_Aug_15_1454,FaceNameBlocked,3.0.0,60.05874924,
39,FacesBlock2_v2.xlsx,David.mp4,David.JPG,David,16,Տաւիտ,0,1,1,1,0,8,8,1,,,,,,,1,1,0.468684045,,,,,,,,,,,,24,1,2019_Aug_15_1454,FaceNameBlocked,3.0.0,60.05874924,
110,FacesBlock4_v2.xlsx,Dylan.mp4,Dylan.JPG,Dylan,50,Տելան,0,3,3,3,,,,,0,4,4,5,,,,,,,,paul,"['p', 'a', 'u', 'l']",1,1.200963238,"[3.832378035003785, 4.015632844995707, 4.183807701978367, 4.45086437696591]",[3.83237,3.83237,,,24,1,2019_Aug_15_1454,FaceNameBlocked,3.0.0,60.05874924,
105,FacesBlock4_v2.xlsx,Dylan.mp4,Dylan.JPG,Dylan,50,Տելան,0,3,3,3,0,14,14,5,,,,,,,0,1,1.469362118,,,,,,,,,,,,24,1,2019_Aug_15_1454,FaceNameBlocked,3.0.0,60.05874924,
109,FacesBlock4_v2.xlsx,Emily.mp4,Emily.JPG,Emily,57,Էմիլե,0,3,3,3,,,,,0,3,3,12,,,,,,,,maggie,"['m', 'a', 'g', 'g', 'i', 'e']",1,0.502720167,"[2.5016874549910426, 2.668691938975826, 2.9852264059591107, 3.135233592009172, 3.5515514310100116, 3.6517867550137453]",[2.50168,2.50168,,,24,1,2019_Aug_15_1454,FaceNameBlocked,3.0.0,60.05874924,
91,FacesBlock4_v2.xlsx,Emily.mp4,Emily.JPG,Emily,57,Էմիլե,0,3,3,3,0,0,0,12,,,,,,,0,2,1.885756884,,,,,,,,,,,,24,1,2019_Aug_15_1454,FaceNameBlocked,3.0.0,60.05874924,
4,FacesBlock1_v2.xlsx,Eric.mp4,Eric.JPG,Eric,0,Էրիգ,0,0,0,0,0,3,3,0,,,,,,,1,1,0.019976813,,,,,,,,,,,,24,1,2019_Aug_15_1454,FaceNameBlocked,3.0.0,60.05874924,
29,FacesBlock1_v2.xlsx,Eric.mp4,Eric.JPG,Eric,0,Էրիգ,0,0,0,0,,,,,0,13,13,0,,,,,,,,,None,1,1.352087064,,,,,,24,1,2019_Aug_15_1454,FaceNameBlocked,3.0.0,60.05874924,
14,FacesBlock1_v2.xlsx,Ethan.mp4,Ethan.JPG,Ethan,11,Էդհան,0,0,0,0,0,13,13,11,,,,,,,0,1,1.052192977,,,,,,,,,,,,24,1,2019_Aug_15_1454,FaceNameBlocked,3.0.0,60.05874924,
17,FacesBlock1_v2.xlsx,Ethan.mp4,Ethan.JPG,Ethan,11,Էդհան,0,0,0,0,,,,,0,1,1,11,,,,,,,,brian,"['b', 'r', 'i', 'a', 'n']",2,1.051910713,"[1.6352978139766492, 1.9681983420159668, 2.334827476006467, 2.86817016499117, 3.201366247027181]",[1.63529,1.63529,,,24,1,2019_Aug_15_1454,FaceNameBlocked,3.0.0,60.05874924,
115,FacesBlock4_v2.xlsx,Grace.mp4,Grace.JPG,Grace,58,Կրագէ,0,3,3,3,,,,,0,9,9,13,,,,,,,,grace,"['g', 'r', 'a', 'c', 'e']",4,1.267985601,"[4.817320923961233, 5.034318926976994, 5.3505082029732876, 5.4990507629700005, 5.634138780995272]",[4.81732,4.81732,,,24,1,2019_Aug_15_1454,FaceNameBlocked,3.0.0,60.05874924,
98,FacesBlock4_v2.xlsx,Grace.mp4,Grace.JPG,Grace,58,Կրագէ,0,3,3,3,0,7,7,13,,,,,,,0,2,0.337029786,,,,,,,,,,,,24,1,2019_Aug_15_1454,FaceNameBlocked,3.0.0,60.05874924,
36,FacesBlock2_v2.xlsx,Haley.mp4,Haley.JPG,Haley,20,Հալէե,0,1,1,1,0,5,5,5,,,,,,,0,2,0.503463875,,,,,,,,,,,,24,1,2019_Aug_15_1454,FaceNameBlocked,3.0.0,60.05874924,
47,FacesBlock2_v2.xlsx,Haley.mp4,Haley.JPG,Haley,20,Հալէե,0,1,1,1,,,,,0,1,1,5,,,,,,,,,None,1,1.518679629,,,,,,24,1,2019_Aug_15_1454,FaceNameBlocked,3.0.0,60.05874924,
20,FacesBlock1_v2.xlsx,Hannah.mp4,Hannah.JPG,Hannah,1,Հաննահ,0,0,0,0,,,,,0,4,4,1,,,,,,,,nathalie,"['n', 'a', 't', 'h', 'a', 'l', 'i', 'e']",2,2.001696472,"[3.383183731988538, 3.7825274390052073, 3.984877693001181, 4.217791772971395, 4.399572613008786, 4.901339074014686, 5.1178164829616435, 5.251461142965127]",[3.38318,3.38318,,,24,1,2019_Aug_15_1454,FaceNameBlocked,3.0.0,60.05874924,
8,FacesBlock1_v2.xlsx,Hannah.mp4,Hannah.JPG,Hannah,1,Հաննահ,0,0,0,0,0,7,7,1,,,,,,,0,2,0.003103327,,,,,,,,,,,,24,1,2019_Aug_15_1454,FaceNameBlocked,3.0.0,60.05874924,
59,FacesBlock2_v2.xlsx,Heather.mp4,Heather.JPG,Heather,26,Հէադհէր,0,1,1,1,,,,,0,13,13,11,,,,,,,,,None,1,1.618327413,,,,,,24,1,2019_Aug_15_1454,FaceNameBlocked,3.0.0,60.05874924,
45,FacesBlock2_v2.xlsx,Heather.mp4,Heather.JPG,Heather,26,Հէադհէր,0,1,1,1,0,14,14,11,,,,,,,0,2,2.968351648,,,,,,,,,,,,24,1,2019_Aug_15_1454,FaceNameBlocked,3.0.0,60.05874924,
63,FacesBlock3_v2.xlsx,Jacob.mp4,Jacob.JPG,Jacob,39,Ճագոբ,0,2,2,2,0,2,2,9,,,,,,,0,1,0.652257238,,,,,,,,,,,,24,1,2019_Aug_15_1454,FaceNameBlocked,3.0.0,60.05874924,
77,FacesBlock3_v2.xlsx,Jacob.mp4,Jacob.JPG,Jacob,39,Ճագոբ,0,2,2,2,,,,,0,1,1,9,,,,,,,,jacob ,"['j', 'a', 'c', 'o', 'b', 'space']",4,1.384383002,"[2.685154052975122, 3.3178902249783278, 3.9008389450027607, 4.084182191989385, 4.401092579006217, 5.034041587961838]",[2.68515,2.68515,,,24,1,2019_Aug_15_1454,FaceNameBlocked,3.0.0,60.05874924,
97,FacesBlock4_v2.xlsx,Jason.mp4,Jason.JPG,Jason,49,Ճասոն,0,3,3,3,0,6,6,4,,,,,,,0,1,0.686105843,,,,,,,,,,,,24,1,2019_Aug_15_1454,FaceNameBlocked,3.0.0,60.05874924,
116,FacesBlock4_v2.xlsx,Jason.mp4,Jason.JPG,Jason,49,Ճասոն,0,3,3,3,,,,,0,10,10,4,,,,,,,,,None,1,1.468661533,,,,,,24,1,2019_Aug_15_1454,FaceNameBlocked,3.0.0,60.05874924,
27,FacesBlock1_v2.xlsx,Jenna.mp4,Jenna.JPG,Jenna,6,Ճէննա,0,0,0,0,,,,,0,11,11,6,,,,,,,,sarah,"['s', 'a', 'r', 'a', 'h']",1,1.185162373,"[2.6010667699738406, 2.8840074299951084, 3.1345337529783137, 3.3340759960119613, 4.2671886250027455]",[2.60106,2.60106,,,24,1,2019_Aug_15_1454,FaceNameBlocked,3.0.0,60.05874924,
11,FacesBlock1_v2.xlsx,Jenna.mp4,Jenna.JPG,Jenna,6,Ճէննա,0,0,0,0,0,10,10,6,,,,,,,1,2,0.602518496,,,,,,,,,,,,24,1,2019_Aug_15_1454,FaceNameBlocked,3.0.0,60.05874924,
32,FacesBlock2_v2.xlsx,Jeremy.mp4,Jeremy.JPG,Jeremy,15,Ճէրէմե,0,1,1,1,0,1,1,0,,,,,,,1,1,0.402787131,,,,,,,,,,,,24,1,2019_Aug_15_1454,FaceNameBlocked,3.0.0,60.05874924,
56,FacesBlock2_v2.xlsx,Jeremy.mp4,Jeremy.JPG,Jeremy,15,Ճէրէմե,0,1,1,1,,,,,0,10,10,0,,,,,,,,,"['1', 'backspace']",1,1.168476651,"[1.618606481992174, 4.14982891298132]",[1.61860,1.61860,,,24,1,2019_Aug_15_1454,FaceNameBlocked,3.0.0,60.05874924,
7,FacesBlock1_v2.xlsx,Jessica.mp4,Jessica.JPG,Jessica,8,Ճէսսիգա,0,0,0,0,0,6,6,8,,,,,,,0,2,1.535577911,,,,,,,,,,,,24,1,2019_Aug_15_1454,FaceNameBlocked,3.0.0,60.05874924,
25,FacesBlock1_v2.xlsx,Jessica.mp4,Jessica.JPG,Jessica,8,Ճէսսիգա,0,0,0,0,,,,,0,9,9,8,,,,,,,,,None,1,1.485467887,,,,,,24,1,2019_Aug_15_1454,FaceNameBlocked,3.0.0,60.05874924,
53,FacesBlock2_v2.xlsx,Josh.mp4,Josh.JPG,Josh,19,Ճոսհ,0,1,1,1,,,,,0,7,7,4,,,,,,,,,None,1,1.401131037,,,,,,24,1,2019_Aug_15_1454,FaceNameBlocked,3.0.0,60.05874924,
34,FacesBlock2_v2.xlsx,Josh.mp4,Josh.JPG,Josh,19,Ճոսհ,0,1,1,1,0,3,3,4,,,,,,,1,1,0.401888623,,,,,,,,,,,,24,1,2019_Aug_15_1454,FaceNameBlocked,3.0.0,60.05874924,
10,FacesBlock1_v2.xlsx,Julia.mp4,Julia.JPG,Julia,13,Ճըլիա,0,0,0,0,0,9,9,13,,,,,,,1,2,1.98501688,,,,,,,,,,,,24,1,2019_Aug_15_1454,FaceNameBlocked,3.0.0,60.05874924,
21,FacesBlock1_v2.xlsx,Julia.mp4,Julia.JPG,Julia,13,Ճըլիա,0,0,0,0,,,,,0,5,5,13,,,,,,,,jenna,"['j', 'e', 'n', 'n', 'a']",3,0.852064184,"[2.0184683490078896, 2.2518549530068412, 2.4681906290352345, 2.601277067034971, 2.75128952000523]",[2.01846,2.01846,,,24,1,2019_Aug_15_1454,FaceNameBlocked,3.0.0,60.05874924,
54,FacesBlock2_v2.xlsx,Justin.mp4,Justin.JPG,Justin,27,Ճըսդին,0,1,1,1,,,,,0,8,8,12,,,,,,,,casey,"['c', 'a', 's', 'e', 'y']",1,1.252001141,"[6.584026445983909, 6.717629551014397, 6.916493691969663, 7.11654975899728, 7.249961411987897]",[6.58402,6.58402,,,24,1,2019_Aug_15_1454,FaceNameBlocked,3.0.0,60.05874924,
43,FacesBlock2_v2.xlsx,Justin.mp4,Justin.JPG,Justin,27,Ճըսդին,0,1,1,1,0,12,12,12,,,,,,,1,1,0.352966583,,,,,,,,,,,,24,1,2019_Aug_15_1454,FaceNameBlocked,3.0.0,60.05874924,
113,FacesBlock4_v2.xlsx,Katie.mp4,Katie.JPG,Katie,54,Քադիէ,0,3,3,3,,,,,0,7,7,9,,,,,,,,,None,1,3.851142094,,,,,,24,1,2019_Aug_15_1454,FaceNameBlocked,3.0.0,60.05874924,
93,FacesBlock4_v2.xlsx,Katie.mp4,Katie.JPG,Katie,54,Քադիէ,0,3,3,3,0,2,2,9,,,,,,,1,2,0.936220333,,,,,,,,,,,,24,1,2019_Aug_15_1454,FaceNameBlocked,3.0.0,60.05874924,
87,FacesBlock3_v2.xlsx,Kayla.mp4,Kayla.JPG,Kayla,34,Սարահ,0,2,2,2,,,,,0,11,11,4,,,,,,,,kayla,"['k', 'a', 'y', 'l', 'a']",4,1.052115736,"[1.4523176839575171, 1.8522575389943086, 2.2023902029613964, 2.567691623000428, 2.9527325769886374]",[1.45231,1.45231,,,24,1,2019_Aug_15_1454,FaceNameBlocked,3.0.0,60.05874924,
70,FacesBlock3_v2.xlsx,Kayla.mp4,Kayla.JPG,Kayla,34,Սարահ,0,2,2,2,0,9,9,4,,,,,,,0,2,0.084060891,,,,,,,,,,,,24,1,2019_Aug_15_1454,FaceNameBlocked,3.0.0,60.05874924,
16,FacesBlock1_v2.xlsx,Kelsey.mp4,Kelsey.JPG,Kelsey,12,Քէլսէե,0,0,0,0,,,,,0,0,0,12,,,,,,space,25.11102968,,None,1,1.832993922,,,,,,24,1,2019_Aug_15_1454,FaceNameBlocked,3.0.0,60.05874924,
5,FacesBlock1_v2.xlsx,Kelsey.mp4,Kelsey.JPG,Kelsey,12,Քէլսէե,0,0,0,0,0,4,4,12,,,,,,,0,2,1.052629638,,,,,,,,,,,,24,1,2019_Aug_15_1454,FaceNameBlocked,3.0.0,60.05874924,
68,FacesBlock3_v2.xlsx,Kevin.mp4,Kevin.JPG,Kevin,41,Քէւին,0,2,2,2,0,7,7,11,,,,,,,1,1,0.719086538,,,,,,,,,,,,24,1,2019_Aug_15_1454,FaceNameBlocked,3.0.0,60.05874924,
83,FacesBlock3_v2.xlsx,Kevin.mp4,Kevin.JPG,Kevin,41,Քէւին,0,2,2,2,,,,,0,7,7,11,,,,,,,,noah,"['n', 'o', 'a', 'h']",1,1.167747778,"[1.5019294369849376, 1.852251061995048, 4.552922757982742, 5.184247628960293]",[1.50192,1.50192,,,24,1,2019_Aug_15_1454,FaceNameBlocked,3.0.0,60.05874924,
22,FacesBlock1_v2.xlsx,Kyle.mp4,Kyle.JPG,Kyle,4,Քելէ,0,0,0,0,,,,,0,6,6,4,,,,,,,,mathew,"['m', 'a', 't', 'h', 'e', 'r', 'backspace', 'w']",1,0.868332089,"[2.3668051889981143, 2.851467094034888, 3.0351864980184473, 3.2675708680180833, 3.4516027420177124, 3.734563560981769, 4.367554837022908, 4.501099585031625]",[2.36680,2.36680,,,24,1,2019_Aug_15_1454,FaceNameBlocked,3.0.0,60.05874924,
2,FacesBlock1_v2.xlsx,Kyle.mp4,Kyle.JPG,Kyle,4,Քելէ,0,0,0,0,0,1,1,4,,,,,,,1,1,0.586440931,,,,,,,,,,,,24,1,2019_Aug_15_1454,FaceNameBlocked,3.0.0,60.05874924,
73,FacesBlock3_v2.xlsx,Lauren.mp4,Lauren.JPG,Lauren,38,Լաըրէն,0,2,2,2,0,12,12,8,,,,,,,0,2,0.469254746,,,,,,,,,,,,24,1,2019_Aug_15_1454,FaceNameBlocked,3.0.0,60.05874924,
84,FacesBlock3_v2.xlsx,Lauren.mp4,Lauren.JPG,Lauren,38,Լաըրէն,0,2,2,2,,,,,0,8,8,8,,,,,,,,courtney,"['c', 'o', 'u', 'r', 't', 'n', 'e', 'y']",2,1.068713021,"[4.015928217966575, 4.734375667991117, 5.01724691898562, 5.3166056929621845, 5.516522403981071, 5.834020223002881, 6.217146120965481, 6.534059322963003]",[4.01592,4.01592,,,24,1,2019_Aug_15_1454,FaceNameBlocked,3.0.0,60.05874924,
72,FacesBlock3_v2.xlsx,Mark.mp4,Mark.JPG,Mark,40,Մարք,0,2,2,2,0,11,11,10,,,,,,,1,1,0.35246904,,,,,,,,,,,,24,1,2019_Aug_15_1454,FaceNameBlocked,3.0.0,60.05874924,
86,FacesBlock3_v2.xlsx,Mark.mp4,Mark.JPG,Mark,40,Մարք,0,2,2,2,,,,,0,10,10,10,,,,,,,,nathan,"['n', 'a', 't', 'h', 'a', 'n']",3,1.118676397,"[3.717739864019677, 4.117552304989658, 4.4172712989966385, 4.61713809100911, 4.91714126302395, 5.250716566981282]",[3.71773,3.71773,,,24,1,2019_Aug_15_1454,FaceNameBlocked,3.0.0,60.05874924,
28,FacesBlock1_v2.xlsx,Matthew.mp4,Matthew.JPG,Matthew,9,Մադդհէվ,0,0,0,0,,,,,0,12,12,9,,,,,,,,ryan,"['r', 'y', 'a', 'n']",2,1.285093854,"[3.401051399996504, 3.534813210950233, 3.734501091996208, 3.8847916389931925]",[3.40105,3.40105,,,24,1,2019_Aug_15_1454,FaceNameBlocked,3.0.0,60.05874924,
9,FacesBlock1_v2.xlsx,Matthew.mp4,Matthew.JPG,Matthew,9,Մադդհէվ,0,0,0,0,0,8,8,9,,,,,,,1,1,0.069423337,,,,,,,,,,,,24,1,2019_Aug_15_1454,FaceNameBlocked,3.0.0,60.05874924,
58,FacesBlock2_v2.xlsx,Megan.mp4,Megan.JPG,Megan,25,Մէկան,0,1,1,1,,,,,0,12,12,10,,,,,,,,meagan,"['m', 'e', 'g', 'backspace', 'a', 'g', 'n', 'backspace', 'a', 'n']",4,1.635336549,"[4.034120327967685, 4.267456030996982, 4.684195670997724, 6.249322980991565, 6.5332627589814365, 6.766530002991203, 7.049679829971865, 7.68235266697593, 7.882893118949141, 8.032534869969822]",[4.03412,4.03412,,,24,1,2019_Aug_15_1454,FaceNameBlocked,3.0.0,60.05874924,
31,FacesBlock2_v2.xlsx,Megan.mp4,Megan.JPG,Megan,25,Մէկան,0,1,1,1,0,0,0,10,,,,,,,0,2,2.635853843,,,,,,,,,,,,24,1,2019_Aug_15_1454,FaceNameBlocked,3.0.0,60.05874924,
94,FacesBlock4_v2.xlsx,Michael.mp4,Michael.JPG,Michael,46,Միգհաէլ,0,3,3,3,0,3,3,1,,,,,,,1,1,0.503536354,,,,,,,,,,,,24,1,2019_Aug_15_1454,FaceNameBlocked,3.0.0,60.05874924,
120,FacesBlock4_v2.xlsx,Michael.mp4,Michael.JPG,Michael,46,Միգհաէլ,0,3,3,3,,,,,0,14,14,1,,,,,,,,michea,"['m', 'i', 'c', 'h', 'e', 'a']",3,1.851629848,"[8.132952916959766, 9.248652802954894, 9.399249535985291, 9.549119925999548, 9.698988087999169, 9.899078669957817]",[8.13295,8.13295,,,24,1,2019_Aug_15_1454,FaceNameBlocked,3.0.0,60.05874924,
104,FacesBlock4_v2.xlsx,Michelle.mp4,Michelle.JPG,Michelle,52,Միգհէլլէ,0,3,3,3,0,13,13,7,,,,,,,1,2,0.35302988,,,,,,,,,,,,24,1,2019_Aug_15_1454,FaceNameBlocked,3.0.0,60.05874924,
119,FacesBlock4_v2.xlsx,Michelle.mp4,Michelle.JPG,Michelle,52,Միգհէլլէ,0,3,3,3,,,,,0,13,13,7,,,,,,,,,None,1,1.951648806,,,,,,24,1,2019_Aug_15_1454,FaceNameBlocked,3.0.0,60.05874924,
15,FacesBlock1_v2.xlsx,Natalie.mp4,Natalie.JPG,Natalie,7,Նադալիէ,0,0,0,0,0,14,14,7,,,,,,,0,2,0.636079193,,,,,,,,,,,,24,1,2019_Aug_15_1454,FaceNameBlocked,3.0.0,60.05874924,
24,FacesBlock1_v2.xlsx,Natalie.mp4,Natalie.JPG,Natalie,7,Նադալիէ,0,0,0,0,,,,,0,8,8,7,,,,,,,,maddy,"['m', 'a', 'd', 'd', 'y']",1,1.152138758,"[2.0676861539832316, 2.284486585005652, 2.5175939239561558, 2.668469758995343, 2.7849199890042655]",[2.06768,2.06768,,,24,1,2019_Aug_15_1454,FaceNameBlocked,3.0.0,60.05874924,
88,FacesBlock3_v2.xlsx,Nathan.mp4,Nathan.JPG,Nathan,37,Նադհան,0,2,2,2,,,,,0,12,12,7,,,,,,,,ethan,"['e', 'h', 'a', 'backspace', 'backspace', 't', 'h', 'a', 'n']",3,1.535215638,"[4.983548459014855, 5.500331796996761, 5.650415060983505, 6.216547470015939, 6.349568728997838, 6.800130154995713, 6.999271703010891, 7.132723263988737, 7.299828455026727]",[4.98354,4.98354,,,24,1,2019_Aug_15_1454,FaceNameBlocked,3.0.0,60.05874924,
75,FacesBlock3_v2.xlsx,Nathan.mp4,Nathan.JPG,Nathan,37,Նադհան,0,2,2,2,0,14,14,7,,,,,,,0,1,0.552341748,,,,,,,,,,,,24,1,2019_Aug_15_1454,FaceNameBlocked,3.0.0,60.05874924,
61,FacesBlock3_v2.xlsx,Nicole.mp4,Nicole.JPG,Nicole,43,Նիգոլէ,0,2,2,2,0,0,0,13,,,,,,,1,2,2.752082564,,,,,,,,,,,,24,1,2019_Aug_15_1454,FaceNameBlocked,3.0.0,60.05874924,
76,FacesBlock3_v2.xlsx,Nicole.mp4,Nicole.JPG,Nicole,43,Նիգոլէ,0,2,2,2,,,,,0,0,0,13,,,,,,space,6.499817759,courtney,"['c', 'o', 'u', 'r', 't', 'n', 'e', 'y']",1,1.769014866,"[2.8675495500210673, 3.032650842971634, 3.2494436689885333, 3.3505656169727445, 3.5347743509919383, 3.7679578149691224, 3.8842256710049696, 4.017194952990394]",[2.86754,2.86754,,,24,1,2019_Aug_15_1454,FaceNameBlocked,3.0.0,60.05874924,
69,FacesBlock3_v2.xlsx,Noah.mp4,Noah.JPG,Noah,31,Նոահ,0,2,2,2,0,8,8,1,,,,,,,0,1,0.33617808,,,,,,,,,,,,24,1,2019_Aug_15_1454,FaceNameBlocked,3.0.0,60.05874924,
89,FacesBlock3_v2.xlsx,Noah.mp4,Noah.JPG,Noah,31,Նոահ,0,2,2,2,,,,,0,13,13,1,,,,,,,,,None,1,1.518568426,,,,,,24,1,2019_Aug_15_1454,FaceNameBlocked,3.0.0,60.05874924,
65,FacesBlock3_v2.xlsx,Olivia.mp4,Olivia.JPG,Olivia,35,Ոլիւիա,0,2,2,2,0,4,4,5,,,,,,,1,2,0.402264262,,,,,,,,,,,,24,1,2019_Aug_15_1454,FaceNameBlocked,3.0.0,60.05874924,
78,FacesBlock3_v2.xlsx,Olivia.mp4,Olivia.JPG,Olivia,35,Ոլիւիա,0,2,2,2,,,,,0,2,2,5,,,,,,,,,None,1,1.634964807,,,,,,24,1,2019_Aug_15_1454,FaceNameBlocked,3.0.0,60.05874924,
38,FacesBlock2_v2.xlsx,Rachel.mp4,Rachel.JPG,Rachel,29,Րագհէլ,0,1,1,1,0,7,7,14,,,,,,,1,2,1.252819607,,,,,,,,,,,,24,1,2019_Aug_15_1454,FaceNameBlocked,3.0.0,60.05874924,
46,FacesBlock2_v2.xlsx,Rachel.mp4,Rachel.JPG,Rachel,29,Րագհէլ,0,1,1,1,,,,,0,0,0,14,,,,,,space,17.72907193,ashley,"['a', 's', 'h', 'l', 'e', 'y']",2,0.851550035,"[2.5512162229861133, 2.735059912025463, 2.9006605109898373, 3.6834089719923213, 3.7990446090116166, 4.0010357340215705]",[2.55121,2.55121,,,24,1,2019_Aug_15_1454,FaceNameBlocked,3.0.0,60.05874924,
80,FacesBlock3_v2.xlsx,Rebecca.mp4,Rebecca.JPG,Rebecca,32,Րէբէգգա,0,2,2,2,,,,,0,4,4,2,,,,,,,,,None,1,1.451810664,,,,,,24,1,2019_Aug_15_1454,FaceNameBlocked,3.0.0,60.05874924,
74,FacesBlock3_v2.xlsx,Rebecca.mp4,Rebecca.JPG,Rebecca,32,Րէբէգգա,0,2,2,2,0,13,13,2,,,,,,,1,2,1.285886078,,,,,,,,,,,,24,1,2019_Aug_15_1454,FaceNameBlocked,3.0.0,60.05874924,
66,FacesBlock3_v2.xlsx,Sarah.mp4,Sarah.JPG,Sarah,33,Սարահ,0,2,2,2,0,5,5,3,,,,,,,0,2,0.502729579,,,,,,,,,,,,24,1,2019_Aug_15_1454,FaceNameBlocked,3.0.0,60.05874924,
81,FacesBlock3_v2.xlsx,Sarah.mp4,Sarah.JPG,Sarah,33,Սարահ,0,2,2,2,,,,,0,5,5,3,,,,,,,,,None,1,1.768520697,,,,,,24,1,2019_Aug_15_1454,FaceNameBlocked,3.0.0,60.05874924,
82,FacesBlock3_v2.xlsx,Shelby.mp4,Shelby.JPG,Shelby,36,Սհէլբե,0,2,2,2,,,,,0,6,6,6,,,,,,,,,None,1,2.618237135,,,,,,24,1,2019_Aug_15_1454,FaceNameBlocked,3.0.0,60.05874924,
64,FacesBlock3_v2.xlsx,Shelby.mp4,Shelby.JPG,Shelby,36,Սհէլբե,0,2,2,2,0,3,3,6,,,,,,,1,2,0.20296979,,,,,,,,,,,,24,1,2019_Aug_15_1454,FaceNameBlocked,3.0.0,60.05874924,
48,FacesBlock2_v2.xlsx,Steven.mp4,Steven.JPG,Steven,17,Սդէւէն,0,1,1,1,,,,,0,2,2,2,,,,,,,,aron,"['a', 'r', 'o', 'n']",4,2.70119802,"[1.8855624230345711, 3.185222202038858, 3.7347941159969196, 4.834669677016791]",[1.88556,1.88556,,,24,1,2019_Aug_15_1454,FaceNameBlocked,3.0.0,60.05874924,
37,FacesBlock2_v2.xlsx,Steven.mp4,Steven.JPG,Steven,17,Սդէւէն,0,1,1,1,0,6,6,2,,,,,,,0,1,1.686041668,,,,,,,,,,,,24,1,2019_Aug_15_1454,FaceNameBlocked,3.0.0,60.05874924,
96,FacesBlock4_v2.xlsx,Taylor.mp4,Taylor.JPG,Taylor,45,Դաելոր,0,3,3,3,0,5,5,0,,,,,,,1,2,0.70285266,,,,,,,,,,,,24,1,2019_Aug_15_1454,FaceNameBlocked,3.0.0,60.05874924,
111,FacesBlock4_v2.xlsx,Taylor.mp4,Taylor.JPG,Taylor,45,Դաելոր,0,3,3,3,,,,,0,5,5,0,,,,,,,,taylor,"['t', 'a', 'y', 'l', 'o', 'r']",4,1.118644516,"[2.0687406079960056, 2.251803159015253, 2.451902678993065, 3.534591898031067, 3.7178094320115633, 3.8508083010092378]",[2.06874,2.06874,,,24,1,2019_Aug_15_1454,FaceNameBlocked,3.0.0,60.05874924,
67,FacesBlock3_v2.xlsx,Thomas.mp4,Thomas.JPG,Thomas,44,Դհոմաս,0,2,2,2,0,6,6,14,,,,,,,1,1,0.669832756,,,,,,,,,,,,24,1,2019_Aug_15_1454,FaceNameBlocked,3.0.0,60.05874924,
85,FacesBlock3_v2.xlsx,Thomas.mp4,Thomas.JPG,Thomas,44,Դհոմաս,0,2,2,2,,,,,0,9,9,14,,,,,,,,noah,"['n', 'o', 'a', 'h']",4,0.836048162,"[4.300356143037789, 4.483619194012135, 4.916430588986259, 5.399882319034077]",[4.30035,4.30035,,,24,1,2019_Aug_15_1454,FaceNameBlocked,3.0.0,60.05874924,
26,FacesBlock1_v2.xlsx,Timothy.mp4,Timothy.JPG,Timothy,10,Դիմոդհե,0,0,0,0,,,,,0,10,10,10,,,,,,,,jason,"['j', 'a', 's', 'o', 'n']",1,1.418202902,"[3.617930615961086, 4.017744301992934, 4.450960119953379, 4.617205090995412, 4.917779687966686]",[3.61793,3.61793,,,24,1,2019_Aug_15_1454,FaceNameBlocked,3.0.0,60.05874924,
1,FacesBlock1_v2.xlsx,Timothy.mp4,Timothy.JPG,Timothy,10,Դիմոդհե,0,0,0,0,0,0,0,10,,,,,,,0,1,1.485757055,,,,,,,,,,,,24,1,2019_Aug_15_1454,FaceNameBlocked,3.0.0,60.05874924,
44,FacesBlock2_v2.xlsx,Trevor.mp4,Trevor.JPG,Trevor,21,Դրէւոր,0,1,1,1,0,13,13,6,,,,,,,1,1,0.436234724,,,,,,,,,,,,24,1,2019_Aug_15_1454,FaceNameBlocked,3.0.0,60.05874924,
57,FacesBlock2_v2.xlsx,Trevor.mp4,Trevor.JPG,Trevor,21,Դրէւոր,0,1,1,1,,,,,0,11,11,6,,,,,,,,,None,1,1.918484251,,,,,,24,1,2019_Aug_15_1454,FaceNameBlocked,3.0.0,60.05874924,
51,FacesBlock2_v2.xlsx,Tyler.mp4,Tyler.JPG,Tyler,22,Դելէր,0,1,1,1,,,,,0,5,5,7,,,,,,,,jacob,"['j', 'a', 'c', 'o', 'b']",1,0.934506021,"[3.4338871489744633, 3.93417388596572, 4.23351399297826, 4.416959822992794, 4.717586534970906]",[3.43388,3.43388,,,24,1,2019_Aug_15_1454,FaceNameBlocked,3.0.0,60.05874924,
33,FacesBlock2_v2.xlsx,Tyler.mp4,Tyler.JPG,Tyler,22,Դելէր,0,1,1,1,0,2,2,7,,,,,,,1,1,0.653256624,,,,,,,,,,,,24,1,2019_Aug_15_1454,FaceNameBlocked,3.0.0,60.05874924,
0,,,,,,,,,,,,,,,,,,,space,36.3919212,,,,,,,,,,,,,,,24,1,2019_Aug_15_1454,FaceNameBlocked,3.0.0,60.05874924,
121,,,,,,,,,,,,,,,,,,,,,,,,,,,,,,,,,space,2374.8565,24,1,2019_Aug_15_1454,FaceNameBlocked,3.0.0,60.05874924,