,condsFile,Video,Photo,Name,Row,Name2,blocks.thisRepN,blocks.thisTrialN,blocks.thisN,blocks.thisIndex,presentations.thisRepN,presentations.thisTrialN,presentations.thisN,presentations.thisIndex,testing.thisRepN,testing.thisTrialN,testing.thisN,testing.thisIndex,advance_1.keys,advance_1.rt,currentCond,judgementResp.keys,judgementResp.rt,advance_2.keys,advance_2.rt,inputText,key_resp_3.keys,rating_resp.keys,rating_resp.rt,key_resp_3.rt,,key_resp3_fin,end_key.keys,end_key.rt,participant,session,date,expName,psychopyVersion,frameRate,Unnamed: 38
35,FacesBlock2_v2.xlsx,Aaron.mp4,Aaron.JPG,Aaron,18,Աարոն,0,1,1,1,0,4,4,3,,,,,,,0,1,1.202287341,,,,,,,,,,,,25,1,2019_Aug_15_1605,FaceNameBlocked,3.0.0,60.06096802,
57,FacesBlock2_v2.xlsx,Aaron.mp4,Aaron.JPG,Aaron,18,Աարոն,0,1,1,1,,,,,0,11,11,3,,,,,,,,tyler,"['t', 'y', 'l', 'e', 'r']",1,0.833223925,"[4.4344841910060495, 4.683967388991732, 5.083652067987714, 5.250412511988543, 5.416624356992543]",[4.43448,4.43448,,,25,1,2019_Aug_15_1605,FaceNameBlocked,3.0.0,60.06096802,
2,FacesBlock1_v2.xlsx,Adam.mp4,Adam.JPG,Adam,5,Ատամ,0,0,0,0,0,1,1,5,,,,,,,1,1,0.985882699,,,,,,,,,,,,25,1,2019_Aug_15_1605,FaceNameBlocked,3.0.0,60.06096802,
30,FacesBlock1_v2.xlsx,Adam.mp4,Adam.JPG,Adam,5,Ատամ,0,0,0,0,,,,,0,14,14,5,,,,,,,,,None,1,2.684725578,,,,,,25,1,2019_Aug_15_1605,FaceNameBlocked,3.0.0,60.06096802,
116,FacesBlock4_v2.xlsx,Alyssa.mp4,Alyssa.JPG,Alyssa,55,Ալեսսա,0,3,3,3,,,,,0,10,10,10,,,,,,,,eml,"['e', 'i', 'm', 'i', 'backspace', 'backspace', 'backspace', 'comma', 'i', 'l', 'y', 'backspace', 'backspace', 'backspace', 'm', 'l']",1,1.334798349,"[2.217342078976799, 3.067394952988252, 3.31750116602052, 3.4511020780191757, 4.7497985740192235, 4.932789394981228, 5.11655797297135, 5.749921484966762, 6.066108805011027, 6.450079246016685, 6.747877326968592, 7.38218706601765, 7.565767252992373, 7.715526330983266, 8.382246835972182, 8.615774501988199]",[2.21734,2.21734,,,25,1,2019_Aug_15_1605,FaceNameBlocked,3.0.0,60.06096802,
102,FacesBlock4_v2.xlsx,Alyssa.mp4,Alyssa.JPG,Alyssa,55,Ալեսսա,0,3,3,3,0,11,11,10,,,,,,,0,2,2.435523313,,,,,,,,,,,,25,1,2019_Aug_15_1605,FaceNameBlocked,3.0.0,60.06096802,
7,FacesBlock1_v2.xlsx,Amanda.mp4,Amanda.JPG,Amanda,2,Ամանտա,0,0,0,0,0,6,6,2,,,,,,,0,2,0.319234109,,,,,,,,,,,,25,1,2019_Aug_15_1605,FaceNameBlocked,3.0.0,60.06096802,
18,FacesBlock1_v2.xlsx,Amanda.mp4,Amanda.JPG,Amanda,2,Ամանտա,0,0,0,0,,,,,0,2,2,2,,,,,,,,,None,1,2.017757313,,,,,,25,1,2019_Aug_15_1605,FaceNameBlocked,3.0.0,60.06096802,
113,FacesBlock4_v2.xlsx,Andrew.mp4,Andrew.JPG,Andrew,51,Անտրէվ,0,3,3,3,,,,,0,7,7,6,,,,,,,,,None,1,0.902191732,,,,,,25,1,2019_Aug_15_1605,FaceNameBlocked,3.0.0,60.06096802,
95,FacesBlock4_v2.xlsx,Andrew.mp4,Andrew.JPG,Andrew,51,Անտրէվ,0,3,3,3,0,4,4,6,,,,,,,1,1,1.635694864,,,,,,,,,,,,25,1,2019_Aug_15_1605,FaceNameBlocked,3.0.0,60.06096802,
118,FacesBlock4_v2.xlsx,Anna.mp4,Anna.JPG,Anna,47,Աննա,0,3,3,3,,,,,0,12,12,2,,,,,,,,emily,"['e', 'm', 'i', 'l', 'y']",1,0.784786317,"[2.5188580240355805, 3.5347557510249317, 4.034935707051773, 4.301389730011579, 4.46784432901768]",[2.51885,2.51885,,,25,1,2019_Aug_15_1605,FaceNameBlocked,3.0.0,60.06096802,
98,FacesBlock4_v2.xlsx,Anna.mp4,Anna.JPG,Anna,47,Աննա,0,3,3,3,0,7,7,2,,,,,,,0,2,2.818958026,,,,,,,,,,,,25,1,2019_Aug_15_1605,FaceNameBlocked,3.0.0,60.06096802,
55,FacesBlock2_v2.xlsx,Ashley.mp4,Ashley.JPG,Ashley,24,Ասհլէե,0,1,1,1,,,,,0,9,9,9,,,,,,,,richal,"['r', 'i', 'c', 'h', 'e', 'a', 'l', 'backspace', 'backspace', 'backspace', 'a', 'l']",1,1.251526056,"[4.067197324999142, 4.383954777033068, 4.750547425006516, 5.0318762339884415, 5.683737332990859, 5.949359641992487, 6.065211426990572, 8.215388105018064, 8.548633204016369, 8.748433633998502, 9.28070210601436, 9.398886418028269]",[4.06719,4.06719,,,25,1,2019_Aug_15_1605,FaceNameBlocked,3.0.0,60.06096802,
32,FacesBlock2_v2.xlsx,Ashley.mp4,Ashley.JPG,Ashley,24,Ասհլէե,0,1,1,1,0,1,1,9,,,,,,,1,2,1.735794381,,,,,,,,,,,,25,1,2019_Aug_15_1605,FaceNameBlocked,3.0.0,60.06096802,
8,FacesBlock1_v2.xlsx,Bradley.mp4,Bradley.JPG,Bradley,14,Բրատլէե,0,0,0,0,0,7,7,14,,,,,,,0,1,0.153146861,,,,,,,,,,,,25,1,2019_Aug_15_1605,FaceNameBlocked,3.0.0,60.06096802,
27,FacesBlock1_v2.xlsx,Bradley.mp4,Bradley.JPG,Bradley,14,Բրատլէե,0,0,0,0,,,,,0,11,11,14,,,,,,,,,None,1,2.051682019,,,,,,25,1,2019_Aug_15_1605,FaceNameBlocked,3.0.0,60.06096802,
105,FacesBlock4_v2.xlsx,Brandon.mp4,Brandon.JPG,Brandon,56,Բրանտոն,0,3,3,3,0,14,14,11,,,,,,,1,1,1.085802836,,,,,,,,,,,,25,1,2019_Aug_15_1605,FaceNameBlocked,3.0.0,60.06096802,
108,FacesBlock4_v2.xlsx,Brandon.mp4,Brandon.JPG,Brandon,56,Բրանտոն,0,3,3,3,,,,,0,2,2,11,,,,,,,,,None,1,0.951676472,,,,,,25,1,2019_Aug_15_1605,FaceNameBlocked,3.0.0,60.06096802,
107,FacesBlock4_v2.xlsx,Brian.mp4,Brian.JPG,Brian,53,Բրիան,0,3,3,3,,,,,0,1,1,8,,,,,,,,brain,"['b', 'r', 'a', 'i', 'n']",4,1.584918099,"[1.5850066290004179, 1.9682765149627812, 2.4014163420069963, 2.5014845060068183, 2.701355834957212]",[1.58500,1.58500,,,25,1,2019_Aug_15_1605,FaceNameBlocked,3.0.0,60.06096802,
92,FacesBlock4_v2.xlsx,Brian.mp4,Brian.JPG,Brian,53,Բրիան,0,3,3,3,0,1,1,8,,,,,,,0,1,1.736076905,,,,,,,,,,,,25,1,2019_Aug_15_1605,FaceNameBlocked,3.0.0,60.06096802,
100,FacesBlock4_v2.xlsx,Brianna.mp4,Brianna.JPG,Brianna,48,Բրիաննա,0,3,3,3,0,9,9,3,,,,,,,0,2,1.419183808,,,,,,,,,,,,25,1,2019_Aug_15_1605,FaceNameBlocked,3.0.0,60.06096802,
117,FacesBlock4_v2.xlsx,Brianna.mp4,Brianna.JPG,Brianna,48,Բրիաննա,0,3,3,3,,,,,0,11,11,3,,,,,,,,,None,1,0.318805136,,,,,,25,1,2019_Aug_15_1605,FaceNameBlocked,3.0.0,60.06096802,
42,FacesBlock2_v2.xlsx,Brittany.mp4,Brittany.JPG,Brittany,28,Բրիդդանե,0,1,1,1,0,11,11,13,,,,,,,1,2,1.036080386,,,,,,,,,,,,25,1,2019_Aug_15_1605,FaceNameBlocked,3.0.0,60.06096802,
56,FacesBlock2_v2.xlsx,Brittany.mp4,Brittany.JPG,Brittany,28,Բրիդդանե,0,1,1,1,,,,,0,10,10,13,,,,,,,,,None,1,0.635179009,,,,,,25,1,2019_Aug_15_1605,FaceNameBlocked,3.0.0,60.06096802,
93,FacesBlock4_v2.xlsx,Caleb.mp4,Caleb.JPG,Caleb,59,Գալէբ,0,3,3,3,0,2,2,14,,,,,,,0,1,2.685395383,,,,,,,,,,,,25,1,2019_Aug_15_1605,FaceNameBlocked,3.0.0,60.06096802,
111,FacesBlock4_v2.xlsx,Caleb.mp4,Caleb.JPG,Caleb,59,Գալէբ,0,3,3,3,,,,,0,5,5,14,,,,,,,,jason,"['j', 'a', 's', 'o', 'n']",1,0.918864467,"[3.750624926004093, 3.950735447986517, 4.067617463995703, 4.317242444027215, 4.467302675009705]",[3.75062,3.75062,,,25,1,2019_Aug_15_1605,FaceNameBlocked,3.0.0,60.06096802,
58,FacesBlock2_v2.xlsx,Cody.mp4,Cody.JPG,Cody,23,Գոտե,0,1,1,1,,,,,0,12,12,8,,,,,,,,david,"['d', 'a', 'v', 'i', 'd']",1,0.75160287,"[5.267161751980893, 5.517208617995493, 6.416924302000552, 7.099934890982695, 7.23324590397533]",[5.26716,5.26716,,,25,1,2019_Aug_15_1605,FaceNameBlocked,3.0.0,60.06096802,
31,FacesBlock2_v2.xlsx,Cody.mp4,Cody.JPG,Cody,23,Գոտե,0,1,1,1,0,0,0,8,,,,,,,0,1,1.518549929,,,,,,,,,,,,25,1,2019_Aug_15_1605,FaceNameBlocked,3.0.0,60.06096802,
64,FacesBlock3_v2.xlsx,Courtney.mp4,Courtney.JPG,Courtney,42,Գոըրդնէե,0,2,2,2,0,3,3,12,,,,,,,0,2,1.468970912,,,,,,,,,,,,25,1,2019_Aug_15_1605,FaceNameBlocked,3.0.0,60.06096802,
90,FacesBlock3_v2.xlsx,Courtney.mp4,Courtney.JPG,Courtney,42,Գոըրդնէե,0,2,2,2,,,,,0,14,14,12,,,,,,,,jessicia,"['j', 'e', 's', 's', 'i', 'c', 'i', 'a']",1,1.035225575,"[2.4509522060398012, 2.751153940043878, 3.1844311539898627, 3.3842216320335865, 3.9335229719872586, 5.333154669031501, 7.380887578998227, 7.516066779033281]",[2.45095,2.45095,,,25,1,2019_Aug_15_1605,FaceNameBlocked,3.0.0,60.06096802,
88,FacesBlock3_v2.xlsx,Daniel.mp4,Daniel.JPG,Daniel,30,Տանիէլ,0,2,2,2,,,,,0,12,12,0,,,,,,,,daniel,"['d', 'a', 'n', 'i', 'e', 'l']",1,0.768584568,"[1.5516977889928967, 1.984755926008802, 2.499504695995711, 2.7512613399885595, 2.950772133015562, 3.101199693977833]",[1.55169,1.55169,,,25,1,2019_Aug_15_1605,FaceNameBlocked,3.0.0,60.06096802,
69,FacesBlock3_v2.xlsx,Daniel.mp4,Daniel.JPG,Daniel,30,Տանիէլ,0,2,2,2,0,8,8,0,,,,,,,0,1,1.368711297,,,,,,,,,,,,25,1,2019_Aug_15_1605,FaceNameBlocked,3.0.0,60.06096802,
3,FacesBlock1_v2.xlsx,Danielle.mp4,Danielle.JPG,Danielle,3,Տանիէլլէ,0,0,0,0,0,2,2,3,,,,,,,0,2,0.319631613,,,,,,,,,,,,25,1,2019_Aug_15_1605,FaceNameBlocked,3.0.0,60.06096802,
16,FacesBlock1_v2.xlsx,Danielle.mp4,Danielle.JPG,Danielle,3,Տանիէլլէ,0,0,0,0,,,,,0,0,0,3,,,,,,space,25.75992277,,None,1,5.533375872,,,,,,25,1,2019_Aug_15_1605,FaceNameBlocked,3.0.0,60.06096802,
47,FacesBlock2_v2.xlsx,David.mp4,David.JPG,David,16,Տաւիտ,0,1,1,1,,,,,0,1,1,1,,,,,,,,,None,1,1.068330074,,,,,,25,1,2019_Aug_15_1605,FaceNameBlocked,3.0.0,60.06096802,
33,FacesBlock2_v2.xlsx,David.mp4,David.JPG,David,16,Տաւիտ,0,1,1,1,0,2,2,1,,,,,,,0,1,1.052870478,,,,,,,,,,,,25,1,2019_Aug_15_1605,FaceNameBlocked,3.0.0,60.06096802,
103,FacesBlock4_v2.xlsx,Dylan.mp4,Dylan.JPG,Dylan,50,Տելան,0,3,3,3,0,12,12,5,,,,,,,0,1,1.969550265,,,,,,,,,,,,25,1,2019_Aug_15_1605,FaceNameBlocked,3.0.0,60.06096802,
119,FacesBlock4_v2.xlsx,Dylan.mp4,Dylan.JPG,Dylan,50,Տելան,0,3,3,3,,,,,0,13,13,5,,,,,,,,,None,1,0.801644908,,,,,,25,1,2019_Aug_15_1605,FaceNameBlocked,3.0.0,60.06096802,
104,FacesBlock4_v2.xlsx,Emily.mp4,Emily.JPG,Emily,57,Էմիլե,0,3,3,3,0,13,13,12,,,,,,,0,2,2.419037951,,,,,,,,,,,,25,1,2019_Aug_15_1605,FaceNameBlocked,3.0.0,60.06096802,
109,FacesBlock4_v2.xlsx,Emily.mp4,Emily.JPG,Emily,57,Էմիլե,0,3,3,3,,,,,0,3,3,12,,,,,,,,,None,1,1.035734957,,,,,,25,1,2019_Aug_15_1605,FaceNameBlocked,3.0.0,60.06096802,
15,FacesBlock1_v2.xlsx,Eric.mp4,Eric.JPG,Eric,0,Էրիգ,0,0,0,0,0,14,14,0,,,,,,,0,1,0.453114692,,,,,,,,,,,,25,1,2019_Aug_15_1605,FaceNameBlocked,3.0.0,60.06096802,
22,FacesBlock1_v2.xlsx,Eric.mp4,Eric.JPG,Eric,0,Էրիգ,0,0,0,0,,,,,0,6,6,0,,,,,,,,,None,1,1.868056805,,,,,,25,1,2019_Aug_15_1605,FaceNameBlocked,3.0.0,60.06096802,
24,FacesBlock1_v2.xlsx,Ethan.mp4,Ethan.JPG,Ethan,11,Էդհան,0,0,0,0,,,,,0,8,8,11,,,,,,,,,None,1,2.500541828,,,,,,25,1,2019_Aug_15_1605,FaceNameBlocked,3.0.0,60.06096802,
10,FacesBlock1_v2.xlsx,Ethan.mp4,Ethan.JPG,Ethan,11,Էդհան,0,0,0,0,0,9,9,11,,,,,,,0,1,0.385319807,,,,,,,,,,,,25,1,2019_Aug_15_1605,FaceNameBlocked,3.0.0,60.06096802,
94,FacesBlock4_v2.xlsx,Grace.mp4,Grace.JPG,Grace,58,Կրագէ,0,3,3,3,0,3,3,13,,,,,,,1,2,2.303068232,,,,,,,,,,,,25,1,2019_Aug_15_1605,FaceNameBlocked,3.0.0,60.06096802,
120,FacesBlock4_v2.xlsx,Grace.mp4,Grace.JPG,Grace,58,Կրագէ,0,3,3,3,,,,,0,14,14,13,,,,,,,,emily,"['e', 'm', 'i', 'l', 'y']",1,1.051931408,"[3.7504931910079904, 4.15027410001494, 4.367733257997315, 4.998573810968082, 5.0836286839912646]",[3.75049,3.75049,,,25,1,2019_Aug_15_1605,FaceNameBlocked,3.0.0,60.06096802,
43,FacesBlock2_v2.xlsx,Haley.mp4,Haley.JPG,Haley,20,Հալէե,0,1,1,1,0,12,12,5,,,,,,,0,2,1.353486139,,,,,,,,,,,,25,1,2019_Aug_15_1605,FaceNameBlocked,3.0.0,60.06096802,
51,FacesBlock2_v2.xlsx,Haley.mp4,Haley.JPG,Haley,20,Հալէե,0,1,1,1,,,,,0,5,5,5,,,,,,,,hethy,"['h', 'e', 't', 'h', 'y']",1,1.101720548,"[5.684170696011279, 5.883804748009425, 6.399922133015934, 6.767142418015283, 7.066499612003099]",[5.68417,5.68417,,,25,1,2019_Aug_15_1605,FaceNameBlocked,3.0.0,60.06096802,
20,FacesBlock1_v2.xlsx,Hannah.mp4,Hannah.JPG,Hannah,1,Հաննահ,0,0,0,0,,,,,0,4,4,1,,,,,,,,,None,1,0.802499462,,,,,,25,1,2019_Aug_15_1605,FaceNameBlocked,3.0.0,60.06096802,
12,FacesBlock1_v2.xlsx,Hannah.mp4,Hannah.JPG,Hannah,1,Հաննահ,0,0,0,0,0,11,11,1,,,,,,,1,2,0.353069565,,,,,,,,,,,,25,1,2019_Aug_15_1605,FaceNameBlocked,3.0.0,60.06096802,
54,FacesBlock2_v2.xlsx,Heather.mp4,Heather.JPG,Heather,26,Հէադհէր,0,1,1,1,,,,,0,8,8,11,,,,,,,,,None,1,0.368677778,,,,,,25,1,2019_Aug_15_1605,FaceNameBlocked,3.0.0,60.06096802,
37,FacesBlock2_v2.xlsx,Heather.mp4,Heather.JPG,Heather,26,Հէադհէր,0,1,1,1,0,6,6,11,,,,,,,0,2,0.535880385,,,,,,,,,,,,25,1,2019_Aug_15_1605,FaceNameBlocked,3.0.0,60.06096802,
78,FacesBlock3_v2.xlsx,Jacob.mp4,Jacob.JPG,Jacob,39,Ճագոբ,0,2,2,2,,,,,0,2,2,9,,,,,,,,,None,1,1.118129861,,,,,,25,1,2019_Aug_15_1605,FaceNameBlocked,3.0.0,60.06096802,
74,FacesBlock3_v2.xlsx,Jacob.mp4,Jacob.JPG,Jacob,39,Ճագոբ,0,2,2,2,0,13,13,9,,,,,,,1,1,1.885969557,,,,,,,,,,,,25,1,2019_Aug_15_1605,FaceNameBlocked,3.0.0,60.06096802,
96,FacesBlock4_v2.xlsx,Jason.mp4,Jason.JPG,Jason,49,Ճասոն,0,3,3,3,0,5,5,4,,,,,,,1,1,3.035980218,,,,,,,,,,,,25,1,2019_Aug_15_1605,FaceNameBlocked,3.0.0,60.06096802,
114,FacesBlock4_v2.xlsx,Jason.mp4,Jason.JPG,Jason,49,Ճասոն,0,3,3,3,,,,,0,8,8,4,,,,,,,,,None,1,0.81807198,,,,,,25,1,2019_Aug_15_1605,FaceNameBlocked,3.0.0,60.06096802,
13,FacesBlock1_v2.xlsx,Jenna.mp4,Jenna.JPG,Jenna,6,Ճէննա,0,0,0,0,0,12,12,6,,,,,,,1,2,0.518619624,,,,,,,,,,,,25,1,2019_Aug_15_1605,FaceNameBlocked,3.0.0,60.06096802,
19,FacesBlock1_v2.xlsx,Jenna.mp4,Jenna.JPG,Jenna,6,Ճէննա,0,0,0,0,,,,,0,3,3,6,,,,,,,,,None,1,1.468799643,,,,,,25,1,2019_Aug_15_1605,FaceNameBlocked,3.0.0,60.06096802,
46,FacesBlock2_v2.xlsx,Jeremy.mp4,Jeremy.JPG,Jeremy,15,Ճէրէմե,0,1,1,1,,,,,0,0,0,0,,,,,,space,13.13104284,jeremmy ,"['j', 'e', 'r', 'e', 'm', 'm', 'y', 'space']",1,3.101074016,"[5.018388914002571, 5.351457766024396, 5.634584771003574, 5.816994805005379, 6.983916236029472, 7.150734481983818, 7.31691364699509, 9.883518100017682]",[5.01838,5.01838,,,25,1,2019_Aug_15_1605,FaceNameBlocked,3.0.0,60.06096802,
45,FacesBlock2_v2.xlsx,Jeremy.mp4,Jeremy.JPG,Jeremy,15,Ճէրէմե,0,1,1,1,0,14,14,0,,,,,,,1,1,1.302107299,,,,,,,,,,,,25,1,2019_Aug_15_1605,FaceNameBlocked,3.0.0,60.06096802,
14,FacesBlock1_v2.xlsx,Jessica.mp4,Jessica.JPG,Jessica,8,Ճէսսիգա,0,0,0,0,0,13,13,8,,,,,,,1,2,0.336164639,,,,,,,,,,,,25,1,2019_Aug_15_1605,FaceNameBlocked,3.0.0,60.06096802,
25,FacesBlock1_v2.xlsx,Jessica.mp4,Jessica.JPG,Jessica,8,Ճէսսիգա,0,0,0,0,,,,,0,9,9,8,,,,,,,,,None,1,0.618957133,,,,,,25,1,2019_Aug_15_1605,FaceNameBlocked,3.0.0,60.06096802,
38,FacesBlock2_v2.xlsx,Josh.mp4,Josh.JPG,Josh,19,Ճոսհ,0,1,1,1,0,7,7,4,,,,,,,1,1,1.035424048,,,,,,,,,,,,25,1,2019_Aug_15_1605,FaceNameBlocked,3.0.0,60.06096802,
53,FacesBlock2_v2.xlsx,Josh.mp4,Josh.JPG,Josh,19,Ճոսհ,0,1,1,1,,,,,0,7,7,4,,,,,,,,,None,1,1.135231949,,,,,,25,1,2019_Aug_15_1605,FaceNameBlocked,3.0.0,60.06096802,
5,FacesBlock1_v2.xlsx,Julia.mp4,Julia.JPG,Julia,13,Ճըլիա,0,0,0,0,0,4,4,13,,,,,,,1,2,0.869436821,,,,,,,,,,,,25,1,2019_Aug_15_1605,FaceNameBlocked,3.0.0,60.06096802,
17,FacesBlock1_v2.xlsx,Julia.mp4,Julia.JPG,Julia,13,Ճըլիա,0,0,0,0,,,,,0,1,1,13,,,,,,,,,None,1,1.468877487,,,,,,25,1,2019_Aug_15_1605,FaceNameBlocked,3.0.0,60.06096802,
59,FacesBlock2_v2.xlsx,Justin.mp4,Justin.JPG,Justin,27,Ճըսդին,0,1,1,1,,,,,0,13,13,12,,,,,,,,,None,1,1.651052952,,,,,,25,1,2019_Aug_15_1605,FaceNameBlocked,3.0.0,60.06096802,
34,FacesBlock2_v2.xlsx,Justin.mp4,Justin.JPG,Justin,27,Ճըսդին,0,1,1,1,0,3,3,12,,,,,,,1,1,1.669325396,,,,,,,,,,,,25,1,2019_Aug_15_1605,FaceNameBlocked,3.0.0,60.06096802,
110,FacesBlock4_v2.xlsx,Katie.mp4,Katie.JPG,Katie,54,Քադիէ,0,3,3,3,,,,,0,4,4,9,,,,,,,,,None,1,1.502102899,,,,,,25,1,2019_Aug_15_1605,FaceNameBlocked,3.0.0,60.06096802,
99,FacesBlock4_v2.xlsx,Katie.mp4,Katie.JPG,Katie,54,Քադիէ,0,3,3,3,0,8,8,9,,,,,,,1,2,1.618603911,,,,,,,,,,,,25,1,2019_Aug_15_1605,FaceNameBlocked,3.0.0,60.06096802,
87,FacesBlock3_v2.xlsx,Kayla.mp4,Kayla.JPG,Kayla,34,Սարահ,0,2,2,2,,,,,0,11,11,4,,,,,,,,,None,1,0.868865929,,,,,,25,1,2019_Aug_15_1605,FaceNameBlocked,3.0.0,60.06096802,
63,FacesBlock3_v2.xlsx,Kayla.mp4,Kayla.JPG,Kayla,34,Սարահ,0,2,2,2,0,2,2,4,,,,,,,1,2,1.602437751,,,,,,,,,,,,25,1,2019_Aug_15_1605,FaceNameBlocked,3.0.0,60.06096802,
21,FacesBlock1_v2.xlsx,Kelsey.mp4,Kelsey.JPG,Kelsey,12,Քէլսէե,0,0,0,0,,,,,0,5,5,12,,,,,,,,,None,1,0.716976361,,,,,,25,1,2019_Aug_15_1605,FaceNameBlocked,3.0.0,60.06096802,
6,FacesBlock1_v2.xlsx,Kelsey.mp4,Kelsey.JPG,Kelsey,12,Քէլսէե,0,0,0,0,0,5,5,12,,,,,,,1,2,0.336422576,,,,,,,,,,,,25,1,2019_Aug_15_1605,FaceNameBlocked,3.0.0,60.06096802,
89,FacesBlock3_v2.xlsx,Kevin.mp4,Kevin.JPG,Kevin,41,Քէւին,0,2,2,2,,,,,0,13,13,11,,,,,,,,,None,1,1.051872501,,,,,,25,1,2019_Aug_15_1605,FaceNameBlocked,3.0.0,60.06096802,
61,FacesBlock3_v2.xlsx,Kevin.mp4,Kevin.JPG,Kevin,41,Քէւին,0,2,2,2,0,0,0,11,,,,,,,0,1,1.403210722,,,,,,,,,,,,25,1,2019_Aug_15_1605,FaceNameBlocked,3.0.0,60.06096802,
26,FacesBlock1_v2.xlsx,Kyle.mp4,Kyle.JPG,Kyle,4,Քելէ,0,0,0,0,,,,,0,10,10,4,,,,,,,,,None,1,0.76889152,,,,,,25,1,2019_Aug_15_1605,FaceNameBlocked,3.0.0,60.06096802,
9,FacesBlock1_v2.xlsx,Kyle.mp4,Kyle.JPG,Kyle,4,Քելէ,0,0,0,0,0,8,8,4,,,,,,,1,1,0.552901617,,,,,,,,,,,,25,1,2019_Aug_15_1605,FaceNameBlocked,3.0.0,60.06096802,
71,FacesBlock3_v2.xlsx,Lauren.mp4,Lauren.JPG,Lauren,38,Լաըրէն,0,2,2,2,0,10,10,8,,,,,,,1,2,1.002475134,,,,,,,,,,,,25,1,2019_Aug_15_1605,FaceNameBlocked,3.0.0,60.06096802,
86,FacesBlock3_v2.xlsx,Lauren.mp4,Lauren.JPG,Lauren,38,Լաըրէն,0,2,2,2,,,,,0,10,10,8,,,,,,,,,None,1,1.817893806,,,,,,25,1,2019_Aug_15_1605,FaceNameBlocked,3.0.0,60.06096802,
72,FacesBlock3_v2.xlsx,Mark.mp4,Mark.JPG,Mark,40,Մարք,0,2,2,2,0,11,11,10,,,,,,,1,1,1.119202505,,,,,,,,,,,,25,1,2019_Aug_15_1605,FaceNameBlocked,3.0.0,60.06096802,
79,FacesBlock3_v2.xlsx,Mark.mp4,Mark.JPG,Mark,40,Մարք,0,2,2,2,,,,,0,3,3,10,,,,,,,,,None,1,1.002017485,,,,,,25,1,2019_Aug_15_1605,FaceNameBlocked,3.0.0,60.06096802,
1,FacesBlock1_v2.xlsx,Matthew.mp4,Matthew.JPG,Matthew,9,Մադդհէվ,0,0,0,0,0,0,0,9,,,,,,,1,1,2.484913359,,,,,,,,,,,,25,1,2019_Aug_15_1605,FaceNameBlocked,3.0.0,60.06096802,
28,FacesBlock1_v2.xlsx,Matthew.mp4,Matthew.JPG,Matthew,9,Մադդհէվ,0,0,0,0,,,,,0,12,12,9,,,,,,,,,None,1,0.90195218,,,,,,25,1,2019_Aug_15_1605,FaceNameBlocked,3.0.0,60.06096802,
52,FacesBlock2_v2.xlsx,Megan.mp4,Megan.JPG,Megan,25,Մէկան,0,1,1,1,,,,,0,6,6,10,,,,,,,,heley,"['h', 'e', 'l', 'e', 'y']",1,0.885485452,"[7.134150819038041, 7.300970123033039, 7.7654166770516895, 8.283641279034782, 8.417111070011742]",[7.13415,7.13415,,,25,1,2019_Aug_15_1605,FaceNameBlocked,3.0.0,60.06096802,
44,FacesBlock2_v2.xlsx,Megan.mp4,Megan.JPG,Megan,25,Մէկան,0,1,1,1,0,13,13,10,,,,,,,1,2,1.037030593,,,,,,,,,,,,25,1,2019_Aug_15_1605,FaceNameBlocked,3.0.0,60.06096802,
106,FacesBlock4_v2.xlsx,Michael.mp4,Michael.JPG,Michael,46,Միգհաէլ,0,3,3,3,,,,,0,0,0,1,,,,,,space,6.766551305,,None,1,1.11902781,,,,,,25,1,2019_Aug_15_1605,FaceNameBlocked,3.0.0,60.06096802,
101,FacesBlock4_v2.xlsx,Michael.mp4,Michael.JPG,Michael,46,Միգհաէլ,0,3,3,3,0,10,10,1,,,,,,,1,1,2.169145114,,,,,,,,,,,,25,1,2019_Aug_15_1605,FaceNameBlocked,3.0.0,60.06096802,
115,FacesBlock4_v2.xlsx,Michelle.mp4,Michelle.JPG,Michelle,52,Միգհէլլէ,0,3,3,3,,,,,0,9,9,7,,,,,,,,braina,"['b', 'r', 'a', 'i', 'n', 'a']",1,0.768947169,"[2.351054908009246, 2.751006133039482, 3.482608724036254, 3.6844529419904575, 3.8837175730150193, 4.065799444040749]",[2.35105,2.35105,,,25,1,2019_Aug_15_1605,FaceNameBlocked,3.0.0,60.06096802,
97,FacesBlock4_v2.xlsx,Michelle.mp4,Michelle.JPG,Michelle,52,Միգհէլլէ,0,3,3,3,0,6,6,7,,,,,,,0,2,2.968717318,,,,,,,,,,,,25,1,2019_Aug_15_1605,FaceNameBlocked,3.0.0,60.06096802,
4,FacesBlock1_v2.xlsx,Natalie.mp4,Natalie.JPG,Natalie,7,Նադալիէ,0,0,0,0,0,3,3,7,,,,,,,0,2,0.386641157,,,,,,,,,,,,25,1,2019_Aug_15_1605,FaceNameBlocked,3.0.0,60.06096802,
23,FacesBlock1_v2.xlsx,Natalie.mp4,Natalie.JPG,Natalie,7,Նադալիէ,0,0,0,0,,,,,0,7,7,7,,,,,,,,,None,1,0.501835742,,,,,,25,1,2019_Aug_15_1605,FaceNameBlocked,3.0.0,60.06096802,
77,FacesBlock3_v2.xlsx,Nathan.mp4,Nathan.JPG,Nathan,37,Նադհան,0,2,2,2,,,,,0,1,1,7,,,,,,,,noah,"['n', 'o', 'a', 'h']",1,0.900015007,"[6.250340954982676, 6.817018986970652, 7.099909358017612, 7.716188072983641]",[6.25034,6.25034,,,25,1,2019_Aug_15_1605,FaceNameBlocked,3.0.0,60.06096802,
66,FacesBlock3_v2.xlsx,Nathan.mp4,Nathan.JPG,Nathan,37,Նադհան,0,2,2,2,0,5,5,7,,,,,,,0,1,1.385815735,,,,,,,,,,,,25,1,2019_Aug_15_1605,FaceNameBlocked,3.0.0,60.06096802,
80,FacesBlock3_v2.xlsx,Nicole.mp4,Nicole.JPG,Nicole,43,Նիգոլէ,0,2,2,2,,,,,0,4,4,13,,,,,,,,nichol,"['n', 'i', 'c', 'o', 'backspace', 'j', 'o', 'backspace', 'backspace', 'h', 'o', 'l']",2,1.268169535,"[2.4677029470331036, 2.851214009046089, 3.3511787820025347, 4.867043461010326, 6.049830828036647, 6.433658313006163, 6.782694221998099, 7.182629115006421, 7.382615953043569, 8.082852816034574, 8.449627018999308, 8.715933573024813]",[2.46770,2.46770,,,25,1,2019_Aug_15_1605,FaceNameBlocked,3.0.0,60.06096802,
73,FacesBlock3_v2.xlsx,Nicole.mp4,Nicole.JPG,Nicole,43,Նիգոլէ,0,2,2,2,0,12,12,13,,,,,,,0,2,1.785533012,,,,,,,,,,,,25,1,2019_Aug_15_1605,FaceNameBlocked,3.0.0,60.06096802,
70,FacesBlock3_v2.xlsx,Noah.mp4,Noah.JPG,Noah,31,Նոահ,0,2,2,2,0,9,9,1,,,,,,,0,1,1.83592962,,,,,,,,,,,,25,1,2019_Aug_15_1605,FaceNameBlocked,3.0.0,60.06096802,
83,FacesBlock3_v2.xlsx,Noah.mp4,Noah.JPG,Noah,31,Նոահ,0,2,2,2,,,,,0,7,7,1,,,,,,,,,None,1,0.751305589,,,,,,25,1,2019_Aug_15_1605,FaceNameBlocked,3.0.0,60.06096802,
62,FacesBlock3_v2.xlsx,Olivia.mp4,Olivia.JPG,Olivia,35,Ոլիւիա,0,2,2,2,0,1,1,5,,,,,,,1,2,1.402851509,,,,,,,,,,,,25,1,2019_Aug_15_1605,FaceNameBlocked,3.0.0,60.06096802,
84,FacesBlock3_v2.xlsx,Olivia.mp4,Olivia.JPG,Olivia,35,Ոլիւիա,0,2,2,2,,,,,0,8,8,5,,,,,,,,,None,1,0.818492007,,,,,,25,1,2019_Aug_15_1605,FaceNameBlocked,3.0.0,60.06096802,
50,FacesBlock2_v2.xlsx,Rachel.mp4,Rachel.JPG,Rachel,29,Րագհէլ,0,1,1,1,,,,,0,4,4,14,,,,,,,,morga,"['m', 'o', 'r', 'g', 'a', 'left']",1,1.518509223,"[5.033823784033302, 5.83403842500411, 7.249838143005036, 7.750029234040994, 8.065953417040873, 9.332651456992608]",[5.03382,5.03382,,,25,1,2019_Aug_15_1605,FaceNameBlocked,3.0.0,60.06096802,
36,FacesBlock2_v2.xlsx,Rachel.mp4,Rachel.JPG,Rachel,29,Րագհէլ,0,1,1,1,0,5,5,14,,,,,,,1,2,2.535356601,,,,,,,,,,,,25,1,2019_Aug_15_1605,FaceNameBlocked,3.0.0,60.06096802,
65,FacesBlock3_v2.xlsx,Rebecca.mp4,Rebecca.JPG,Rebecca,32,Րէբէգգա,0,2,2,2,0,4,4,2,,,,,,,1,2,1.016760155,,,,,,,,,,,,25,1,2019_Aug_15_1605,FaceNameBlocked,3.0.0,60.06096802,
76,FacesBlock3_v2.xlsx,Rebecca.mp4,Rebecca.JPG,Rebecca,32,Րէբէգգա,0,2,2,2,,,,,0,0,0,2,,,,,,space,15.41386207,,None,1,1.468738509,,,,,,25,1,2019_Aug_15_1605,FaceNameBlocked,3.0.0,60.06096802,
68,FacesBlock3_v2.xlsx,Sarah.mp4,Sarah.JPG,Sarah,33,Սարահ,0,2,2,2,0,7,7,3,,,,,,,1,2,0.919343003,,,,,,,,,,,,25,1,2019_Aug_15_1605,FaceNameBlocked,3.0.0,60.06096802,
81,FacesBlock3_v2.xlsx,Sarah.mp4,Sarah.JPG,Sarah,33,Սարահ,0,2,2,2,,,,,0,5,5,3,,,,,,,,,None,1,0.76854443,,,,,,25,1,2019_Aug_15_1605,FaceNameBlocked,3.0.0,60.06096802,
75,FacesBlock3_v2.xlsx,Shelby.mp4,Shelby.JPG,Shelby,36,Սհէլբե,0,2,2,2,0,14,14,6,,,,,,,0,2,1.303093275,,,,,,,,,,,,25,1,2019_Aug_15_1605,FaceNameBlocked,3.0.0,60.06096802,
82,FacesBlock3_v2.xlsx,Shelby.mp4,Shelby.JPG,Shelby,36,Սհէլբե,0,2,2,2,,,,,0,6,6,6,,,,,,,,,None,1,0.985532849,,,,,,25,1,2019_Aug_15_1605,FaceNameBlocked,3.0.0,60.06096802,
39,FacesBlock2_v2.xlsx,Steven.mp4,Steven.JPG,Steven,17,Սդէւէն,0,1,1,1,0,8,8,2,,,,,,,0,1,2.58590805,,,,,,,,,,,,25,1,2019_Aug_15_1605,FaceNameBlocked,3.0.0,60.06096802,
48,FacesBlock2_v2.xlsx,Steven.mp4,Steven.JPG,Steven,17,Սդէւէն,0,1,1,1,,,,,0,2,2,2,,,,,,,,david ,"['d', 'a', 'v', 'i', 'd', 'space']",1,1.002006551,"[4.050881506991573, 4.300599058973603, 5.300483022001572, 5.650184636004269, 6.183116202999372, 7.4330143359838985]",[4.05088,4.05088,,,25,1,2019_Aug_15_1605,FaceNameBlocked,3.0.0,60.06096802,
91,FacesBlock4_v2.xlsx,Taylor.mp4,Taylor.JPG,Taylor,45,Դաելոր,0,3,3,3,0,0,0,0,,,,,,,1,2,5.650894461,,,,,,,,,,,,25,1,2019_Aug_15_1605,FaceNameBlocked,3.0.0,60.06096802,
112,FacesBlock4_v2.xlsx,Taylor.mp4,Taylor.JPG,Taylor,45,Դաելոր,0,3,3,3,,,,,0,6,6,0,,,,,,,,,None,1,1.516597707,,,,,,25,1,2019_Aug_15_1605,FaceNameBlocked,3.0.0,60.06096802,
85,FacesBlock3_v2.xlsx,Thomas.mp4,Thomas.JPG,Thomas,44,Դհոմաս,0,2,2,2,,,,,0,9,9,14,,,,,,,,,None,1,1.084491169,,,,,,25,1,2019_Aug_15_1605,FaceNameBlocked,3.0.0,60.06096802,
67,FacesBlock3_v2.xlsx,Thomas.mp4,Thomas.JPG,Thomas,44,Դհոմաս,0,2,2,2,0,6,6,14,,,,,,,1,1,1.00012763,,,,,,,,,,,,25,1,2019_Aug_15_1605,FaceNameBlocked,3.0.0,60.06096802,
11,FacesBlock1_v2.xlsx,Timothy.mp4,Timothy.JPG,Timothy,10,Դիմոդհե,0,0,0,0,0,10,10,10,,,,,,,0,1,0.23664546,,,,,,,,,,,,25,1,2019_Aug_15_1605,FaceNameBlocked,3.0.0,60.06096802,
29,FacesBlock1_v2.xlsx,Timothy.mp4,Timothy.JPG,Timothy,10,Դիմոդհե,0,0,0,0,,,,,0,13,13,10,,,,,,,,,None,1,2.20199667,,,,,,25,1,2019_Aug_15_1605,FaceNameBlocked,3.0.0,60.06096802,
40,FacesBlock2_v2.xlsx,Trevor.mp4,Trevor.JPG,Trevor,21,Դրէւոր,0,1,1,1,0,9,9,6,,,,,,,0,1,2.086580837,,,,,,,,,,,,25,1,2019_Aug_15_1605,FaceNameBlocked,3.0.0,60.06096802,
49,FacesBlock2_v2.xlsx,Trevor.mp4,Trevor.JPG,Trevor,21,Դրէւոր,0,1,1,1,,,,,0,3,3,6,,,,,,,,,None,1,1.168042974,,,,,,25,1,2019_Aug_15_1605,FaceNameBlocked,3.0.0,60.06096802,
41,FacesBlock2_v2.xlsx,Tyler.mp4,Tyler.JPG,Tyler,22,Դելէր,0,1,1,1,0,10,10,7,,,,,,,0,1,1.885515387,,,,,,,,,,,,25,1,2019_Aug_15_1605,FaceNameBlocked,3.0.0,60.06096802,
60,FacesBlock2_v2.xlsx,Tyler.mp4,Tyler.JPG,Tyler,22,Դելէր,0,1,1,1,,,,,0,14,14,7,,,,,,,,kyler,"['k', 'y', 'l', 'e', 'r']",1,0.883268439,"[3.6682514790445566, 3.9844352530199103, 5.151185495022219, 5.300841989053879, 5.465748410031665]",[3.66825,3.66825,,,25,1,2019_Aug_15_1605,FaceNameBlocked,3.0.0,60.06096802,
0,,,,,,,,,,,,,,,,,,,space,39.33919262,,,,,,,,,,,,,,,25,1,2019_Aug_15_1605,FaceNameBlocked,3.0.0,60.06096802,
121,,,,,,,,,,,,,,,,,,,,,,,,,,,,,,,,,space,7.617072992,25,1,2019_Aug_15_1605,FaceNameBlocked,3.0.0,60.06096802,