,condsFile,Video,Photo,Name,Row,Name2,blocks.thisRepN,blocks.thisTrialN,blocks.thisN,blocks.thisIndex,presentations.thisRepN,presentations.thisTrialN,presentations.thisN,presentations.thisIndex,testing.thisRepN,testing.thisTrialN,testing.thisN,testing.thisIndex,advance_1.keys,advance_1.rt,currentCond,judgementResp.keys,judgementResp.rt,advance_2.keys,advance_2.rt,inputText,key_resp_3.keys,key_resp_3.rt,,key_resp3_fin,rating_resp.keys,rating_resp.rt,end_key.keys,end_key.rt,participant,session,date,expName,psychopyVersion,frameRate,Unnamed: 38
42,FacesBlock2_v2.xlsx,Aaron.mp4,Aaron.JPG,Aaron,18,Աարոն,0,1,1,1,0,11,11,3,,,,,,,1,1,0.56962894,,,,,,,,,,,,26,1,2019_Aug_16_1257,FaceNameBlocked,3.0.0,60.01350003,
51,FacesBlock2_v2.xlsx,Aaron.mp4,Aaron.JPG,Aaron,18,Աարոն,0,1,1,1,,,,,0,5,5,3,,,,,,,,Steven,"['rshift', 's', 't', 'e', 'v', 'e', 'n']","[6.798430685012136, 6.816848751041107, 7.049586261040531, 7.34974964603316, 8.932452623033896, 9.182856572035234, 9.283028909005225]",[6.79843,6.79843,1,0.836333505,,,26,1,2019_Aug_16_1257,FaceNameBlocked,3.0.0,60.01350003,
2,FacesBlock1_v2.xlsx,Adam.mp4,Adam.JPG,Adam,5,Ատամ,0,0,0,0,0,1,1,5,,,,,,,0,1,0.885850279,,,,,,,,,,,,26,1,2019_Aug_16_1257,FaceNameBlocked,3.0.0,60.01350003,
29,FacesBlock1_v2.xlsx,Adam.mp4,Adam.JPG,Adam,5,Ատամ,0,0,0,0,,,,,0,13,13,5,,,,,,,,,None,,,,1,0.55248719,,,26,1,2019_Aug_16_1257,FaceNameBlocked,3.0.0,60.01350003,
113,FacesBlock4_v2.xlsx,Alyssa.mp4,Alyssa.JPG,Alyssa,55,Ալեսսա,0,3,3,3,,,,,0,7,7,10,,,,,,,,Alyssa,"['rshift', 'a', 'l', 'y', 's', 's', 'a']","[2.2669663919950835, 2.6513691510190256, 3.1187114210333675, 3.26798421703279, 3.8849729530047625, 4.0844396780012175, 4.517333665047772]",[2.26696,2.26696,3,1.33500661,,,26,1,2019_Aug_16_1257,FaceNameBlocked,3.0.0,60.01350003,
98,FacesBlock4_v2.xlsx,Alyssa.mp4,Alyssa.JPG,Alyssa,55,Ալեսսա,0,3,3,3,0,7,7,10,,,,,,,0,2,1.919221408,,,,,,,,,,,,26,1,2019_Aug_16_1257,FaceNameBlocked,3.0.0,60.01350003,
18,FacesBlock1_v2.xlsx,Amanda.mp4,Amanda.JPG,Amanda,2,Ամանտա,0,0,0,0,,,,,0,2,2,2,,,,,,,,Amanda,"['rshift', 'a', 'm', 'a', 'n', 'd', 'a']","[4.248973176989239, 4.733610382012557, 5.133579469984397, 5.265438650036231, 5.383664135995787, 5.5172275269869715, 5.683944522985257]",[4.24897,4.24897,1,2.083180462,,,26,1,2019_Aug_16_1257,FaceNameBlocked,3.0.0,60.01350003,
12,FacesBlock1_v2.xlsx,Amanda.mp4,Amanda.JPG,Amanda,2,Ամանտա,0,0,0,0,0,11,11,2,,,,,,,1,2,1.636838006,,,,,,,,,,,,26,1,2019_Aug_16_1257,FaceNameBlocked,3.0.0,60.01350003,
100,FacesBlock4_v2.xlsx,Andrew.mp4,Andrew.JPG,Andrew,51,Անտրէվ,0,3,3,3,0,9,9,6,,,,,,,0,1,0.386255752,,,,,,,,,,,,26,1,2019_Aug_16_1257,FaceNameBlocked,3.0.0,60.01350003,
108,FacesBlock4_v2.xlsx,Andrew.mp4,Andrew.JPG,Andrew,51,Անտրէվ,0,3,3,3,,,,,0,2,2,6,,,,,,,,,None,,,,1,0.835529882,,,26,1,2019_Aug_16_1257,FaceNameBlocked,3.0.0,60.01350003,
94,FacesBlock4_v2.xlsx,Anna.mp4,Anna.JPG,Anna,47,Աննա,0,3,3,3,0,3,3,2,,,,,,,0,2,0.836252122,,,,,,,,,,,,26,1,2019_Aug_16_1257,FaceNameBlocked,3.0.0,60.01350003,
110,FacesBlock4_v2.xlsx,Anna.mp4,Anna.JPG,Anna,47,Աննա,0,3,3,3,,,,,0,4,4,2,,,,,,,,Anna,"['rshift', 'a', 'n', 'n', 'a']","[1.883382128959056, 1.9510239909868687, 2.568064073973801, 2.701309482974466, 2.984692970989272]",[1.88338,1.88338,4,0.768588495,,,26,1,2019_Aug_16_1257,FaceNameBlocked,3.0.0,60.01350003,
50,FacesBlock2_v2.xlsx,Ashley.mp4,Ashley.JPG,Ashley,24,Ասհլէե,0,1,1,1,,,,,0,4,4,9,,,,,,,,Ashley,"['rshift', 'a', 's', 'h', 'e', 'l', 'e', 'backspace', 'backspace', 'backspace', 'l', 'e', 'y']","[1.850677263981197, 1.9024825649685226, 2.217910586972721, 2.5013858359889127, 2.6852382719516754, 2.9351003199699335, 3.084974722994957, 3.434424933977425, 3.600940512958914, 3.8844499249826185, 4.117912844987586, 4.251041658979375, 4.50126646598801]",[1.85067,1.85067,4,1.034944556,,,26,1,2019_Aug_16_1257,FaceNameBlocked,3.0.0,60.01350003,
44,FacesBlock2_v2.xlsx,Ashley.mp4,Ashley.JPG,Ashley,24,Ասհլէե,0,1,1,1,0,13,13,9,,,,,,,1,2,0.702958626,,,,,,,,,,,,26,1,2019_Aug_16_1257,FaceNameBlocked,3.0.0,60.01350003,
23,FacesBlock1_v2.xlsx,Bradley.mp4,Bradley.JPG,Bradley,14,Բրատլէե,0,0,0,0,,,,,0,7,7,14,,,,,,,,Bradley,"['rshift', 'b', 'r', 'a', 'd', 'l', 'e', 'y', 'return']","[1.3996891400311142, 1.4685548800043762, 1.7176193200284615, 1.9349545590230264, 2.068448233010713, 2.317480517027434, 2.64909634902142, 3.0174149840022437, 3.9333470090059564]",[1.39968,1.39968,4,2.018277317,,,26,1,2019_Aug_16_1257,FaceNameBlocked,3.0.0,60.01350003,
6,FacesBlock1_v2.xlsx,Bradley.mp4,Bradley.JPG,Bradley,14,Բրատլէե,0,0,0,0,0,5,5,14,,,,,,,1,1,0.736229595,,,,,,,,,,,,26,1,2019_Aug_16_1257,FaceNameBlocked,3.0.0,60.01350003,
114,FacesBlock4_v2.xlsx,Brandon.mp4,Brandon.JPG,Brandon,56,Բրանտոն,0,3,3,3,,,,,0,8,8,11,,,,,,,,,None,,,,1,1.083114368,,,26,1,2019_Aug_16_1257,FaceNameBlocked,3.0.0,60.01350003,
102,FacesBlock4_v2.xlsx,Brandon.mp4,Brandon.JPG,Brandon,56,Բրանտոն,0,3,3,3,0,11,11,11,,,,,,,1,1,0.485533439,,,,,,,,,,,,26,1,2019_Aug_16_1257,FaceNameBlocked,3.0.0,60.01350003,
104,FacesBlock4_v2.xlsx,Brian.mp4,Brian.JPG,Brian,53,Բրիան,0,3,3,3,0,13,13,8,,,,,,,0,1,0.452725445,,,,,,,,,,,,26,1,2019_Aug_16_1257,FaceNameBlocked,3.0.0,60.01350003,
116,FacesBlock4_v2.xlsx,Brian.mp4,Brian.JPG,Brian,53,Բրիան,0,3,3,3,,,,,0,10,10,8,,,,,,,,Brian,"['rshift', 'b', 'r', 'i', 'a', 'n']","[1.2344659570371732, 1.3025438940385357, 1.5688796850154176, 1.819248971005436, 2.0026009940193035, 2.119396347028669]",[1.23446,1.23446,3,0.402085886,,,26,1,2019_Aug_16_1257,FaceNameBlocked,3.0.0,60.01350003,
111,FacesBlock4_v2.xlsx,Brianna.mp4,Brianna.JPG,Brianna,48,Բրիաննա,0,3,3,3,,,,,0,5,5,3,,,,,,,,Brianna,"['rshift', 'b', 'r', 'i', 'a', 'n', 'n', 'a', 'backspace', 'a']","[3.4170104949735105, 3.4850371700013056, 3.718351920018904, 3.8683931449777447, 4.051569539005868, 4.168377157999203, 4.300853986002039, 4.600947717030067, 4.833727680030279, 5.501050106016919]",[3.41701,3.41701,3,0.885394888,,,26,1,2019_Aug_16_1257,FaceNameBlocked,3.0.0,60.01350003,
105,FacesBlock4_v2.xlsx,Brianna.mp4,Brianna.JPG,Brianna,48,Բրիաննա,0,3,3,3,0,14,14,3,,,,,,,1,2,0.769312965,,,,,,,,,,,,26,1,2019_Aug_16_1257,FaceNameBlocked,3.0.0,60.01350003,
36,FacesBlock2_v2.xlsx,Brittany.mp4,Brittany.JPG,Brittany,28,Բրիդդանե,0,1,1,1,0,5,5,13,,,,,,,1,2,1.45246083,,,,,,,,,,,,26,1,2019_Aug_16_1257,FaceNameBlocked,3.0.0,60.01350003,
55,FacesBlock2_v2.xlsx,Brittany.mp4,Brittany.JPG,Brittany,28,Բրիդդանե,0,1,1,1,,,,,0,9,9,13,,,,,,,,Britney,"['rshift', 'b', 'r', 'i', 't', 'n', 'e', 'y']","[4.965247877000365, 5.082287930010352, 5.317264168988913, 5.484080146008637, 5.60000068298541, 5.7504253259976394, 5.88209501397796, 6.40029100200627]",[4.96524,4.96524,3,0.61881153,,,26,1,2019_Aug_16_1257,FaceNameBlocked,3.0.0,60.01350003,
96,FacesBlock4_v2.xlsx,Caleb.mp4,Caleb.JPG,Caleb,59,Գալէբ,0,3,3,3,0,5,5,14,,,,,,,0,1,0.485699429,,,,,,,,,,,,26,1,2019_Aug_16_1257,FaceNameBlocked,3.0.0,60.01350003,
120,FacesBlock4_v2.xlsx,Caleb.mp4,Caleb.JPG,Caleb,59,Գալէբ,0,3,3,3,,,,,0,14,14,14,,,,,,,,C,"['rshift', 'c', 'backspace', 'rshift', 'c']","[2.4167765499441884, 2.7020162339904346, 3.767805203970056, 4.766845680947881, 4.901407021970954]",[2.41677,2.41677,1,0.751994957,,,26,1,2019_Aug_16_1257,FaceNameBlocked,3.0.0,60.01350003,
58,FacesBlock2_v2.xlsx,Cody.mp4,Cody.JPG,Cody,23,Գոտե,0,1,1,1,,,,,0,12,12,8,,,,,,,,Cody,"['rshift', 'c', 'o', 'd', 'y']","[1.2670703940093517, 1.501634579966776, 2.618099005019758, 3.0346270129666664, 3.434373855998274]",[1.26707,1.26707,3,1.018762597,,,26,1,2019_Aug_16_1257,FaceNameBlocked,3.0.0,60.01350003,
38,FacesBlock2_v2.xlsx,Cody.mp4,Cody.JPG,Cody,23,Գոտե,0,1,1,1,0,7,7,8,,,,,,,0,1,0.319760983,,,,,,,,,,,,26,1,2019_Aug_16_1257,FaceNameBlocked,3.0.0,60.01350003,
88,FacesBlock3_v2.xlsx,Courtney.mp4,Courtney.JPG,Courtney,42,Գոըրդնէե,0,2,2,2,,,,,0,12,12,12,,,,,,,,,None,,,,1,1.352125581,,,26,1,2019_Aug_16_1257,FaceNameBlocked,3.0.0,60.01350003,
67,FacesBlock3_v2.xlsx,Courtney.mp4,Courtney.JPG,Courtney,42,Գոըրդնէե,0,2,2,2,0,6,6,12,,,,,,,1,2,1.252654649,,,,,,,,,,,,26,1,2019_Aug_16_1257,FaceNameBlocked,3.0.0,60.01350003,
77,FacesBlock3_v2.xlsx,Daniel.mp4,Daniel.JPG,Daniel,30,Տանիէլ,0,2,2,2,,,,,0,1,1,0,,,,,,,,,None,,,,1,0.450412834,,,26,1,2019_Aug_16_1257,FaceNameBlocked,3.0.0,60.01350003,
71,FacesBlock3_v2.xlsx,Daniel.mp4,Daniel.JPG,Daniel,30,Տանիէլ,0,2,2,2,0,10,10,0,,,,,,,0,1,0.502708326,,,,,,,,,,,,26,1,2019_Aug_16_1257,FaceNameBlocked,3.0.0,60.01350003,
7,FacesBlock1_v2.xlsx,Danielle.mp4,Danielle.JPG,Danielle,3,Տանիէլլէ,0,0,0,0,0,6,6,3,,,,,,,0,2,1.518693701,,,,,,,,,,,,26,1,2019_Aug_16_1257,FaceNameBlocked,3.0.0,60.01350003,
17,FacesBlock1_v2.xlsx,Danielle.mp4,Danielle.JPG,Danielle,3,Տանիէլլէ,0,0,0,0,,,,,0,1,1,3,,,,,,,,Danielle  ,"['rshift', 'd', 'a', 'n', 'i', 'e', 'l', 'l', 'e', 'return', 'space', 'space']","[1.3670363430283032, 1.4681464239838533, 1.8682871580240317, 2.03488955902867, 2.200733584992122, 2.3679078010027297, 2.501175961981062, 2.634062906028703, 2.734432135010138, 2.999941343034152, 3.551185152027756, 5.6497361899819225]",[1.36703,1.36703,4,1.901752703,,,26,1,2019_Aug_16_1257,FaceNameBlocked,3.0.0,60.01350003,
52,FacesBlock2_v2.xlsx,David.mp4,David.JPG,David,16,Տաւիտ,0,1,1,1,,,,,0,6,6,1,,,,,,,,Steven,"['rshift', 's', 't', 'e', 'v', 'e', 'n']","[3.68321573297726, 3.768306431011297, 4.034632536990102, 4.202036097005475, 4.384260261023883, 4.601033782004379, 4.6680240710265934]",[3.68321,3.68321,2,0.802181135,,,26,1,2019_Aug_16_1257,FaceNameBlocked,3.0.0,60.01350003,
34,FacesBlock2_v2.xlsx,David.mp4,David.JPG,David,16,Տաւիտ,0,1,1,1,0,3,3,1,,,,,,,0,1,0.436412641,,,,,,,,,,,,26,1,2019_Aug_16_1257,FaceNameBlocked,3.0.0,60.01350003,
93,FacesBlock4_v2.xlsx,Dylan.mp4,Dylan.JPG,Dylan,50,Տելան,0,3,3,3,0,2,2,5,,,,,,,0,1,0.669837532,,,,,,,,,,,,26,1,2019_Aug_16_1257,FaceNameBlocked,3.0.0,60.01350003,
115,FacesBlock4_v2.xlsx,Dylan.mp4,Dylan.JPG,Dylan,50,Տելան,0,3,3,3,,,,,0,9,9,5,,,,,,,,Br,"['rshift', 'b', 'r', 'a', 'm', 'd', 'p', 'm', 'backspace', 'backspace', 'backspace', 'backspace', 'backspace', 'n', 'd', 'o', 'n', 'backspace', 'backspace', 'backspace', 'backspace', 'a']","[5.31546700198669, 5.3841447359882295, 5.666528377973009, 5.900844538002275, 6.01721781498054, 6.117076737980824, 6.26709470996866, 6.383497008995619, 6.6997277369955555, 6.783039740985259, 6.88285316695692, 7.014300993992947, 7.099685205961578, 8.31657789699966, 8.465952357975766, 8.582918876956683, 8.649512860982213, 8.965670998964924, 9.048565904959105, 9.18209559796378, 9.482158939994406, 9.982805030012969]",[5.31546,5.31546,1,2.70144492,,,26,1,2019_Aug_16_1257,FaceNameBlocked,3.0.0,60.01350003,
97,FacesBlock4_v2.xlsx,Emily.mp4,Emily.JPG,Emily,57,Էմիլե,0,3,3,3,0,6,6,12,,,,,,,1,2,1.452659916,,,,,,,,,,,,26,1,2019_Aug_16_1257,FaceNameBlocked,3.0.0,60.01350003,
119,FacesBlock4_v2.xlsx,Emily.mp4,Emily.JPG,Emily,57,Էմիլե,0,3,3,3,,,,,0,13,13,12,,,,,,,,,None,,,,1,0.70192373,,,26,1,2019_Aug_16_1257,FaceNameBlocked,3.0.0,60.01350003,
11,FacesBlock1_v2.xlsx,Eric.mp4,Eric.JPG,Eric,0,Էրիգ,0,0,0,0,0,10,10,0,,,,,,,0,1,1.052855132,,,,,,,,,,,,26,1,2019_Aug_16_1257,FaceNameBlocked,3.0.0,60.01350003,
16,FacesBlock1_v2.xlsx,Eric.mp4,Eric.JPG,Eric,0,Էրիգ,0,0,0,0,,,,,0,0,0,0,,,,,,space,28.14320467,Eric ,"['rshift', 'e', 'r', 'i', 'c', 'return', 'space']","[7.797569153946824, 7.883854366955347, 8.050025794946123, 8.183891835971735, 8.282650037959684, 8.799729826976545, 9.666366007993929]",[7.79756,7.79756,2,1.268365303,,,26,1,2019_Aug_16_1257,FaceNameBlocked,3.0.0,60.01350003,
21,FacesBlock1_v2.xlsx,Ethan.mp4,Ethan.JPG,Ethan,11,Էդհան,0,0,0,0,,,,,0,5,5,11,,,,,,,,,None,,,,1,1.76838307,,,26,1,2019_Aug_16_1257,FaceNameBlocked,3.0.0,60.01350003,
8,FacesBlock1_v2.xlsx,Ethan.mp4,Ethan.JPG,Ethan,11,Էդհան,0,0,0,0,0,7,7,11,,,,,,,1,1,0.785444666,,,,,,,,,,,,26,1,2019_Aug_16_1257,FaceNameBlocked,3.0.0,60.01350003,
117,FacesBlock4_v2.xlsx,Grace.mp4,Grace.JPG,Grace,58,Կրագէ,0,3,3,3,,,,,0,11,11,13,,,,,,,,Grace,"['rshift', 'g', 'r', 'a', 'c', 'e']","[3.5990444600465707, 3.751485405024141, 3.934549016004894, 4.134649899031501, 4.3844822740065865, 4.617833725002129]",[3.59904,3.59904,4,0.551957593,,,26,1,2019_Aug_16_1257,FaceNameBlocked,3.0.0,60.01350003,
103,FacesBlock4_v2.xlsx,Grace.mp4,Grace.JPG,Grace,58,Կրագէ,0,3,3,3,0,12,12,13,,,,,,,1,2,0.553317893,,,,,,,,,,,,26,1,2019_Aug_16_1257,FaceNameBlocked,3.0.0,60.01350003,
56,FacesBlock2_v2.xlsx,Haley.mp4,Haley.JPG,Haley,20,Հալէե,0,1,1,1,,,,,0,10,10,5,,,,,,,,,None,,,,1,0.319095594,,,26,1,2019_Aug_16_1257,FaceNameBlocked,3.0.0,60.01350003,
39,FacesBlock2_v2.xlsx,Haley.mp4,Haley.JPG,Haley,20,Հալէե,0,1,1,1,0,8,8,5,,,,,,,0,2,0.286147299,,,,,,,,,,,,26,1,2019_Aug_16_1257,FaceNameBlocked,3.0.0,60.01350003,
14,FacesBlock1_v2.xlsx,Hannah.mp4,Hannah.JPG,Hannah,1,Հաննահ,0,0,0,0,0,13,13,1,,,,,,,0,2,0.569360315,,,,,,,,,,,,26,1,2019_Aug_16_1257,FaceNameBlocked,3.0.0,60.01350003,
28,FacesBlock1_v2.xlsx,Hannah.mp4,Hannah.JPG,Hannah,1,Հաննահ,0,0,0,0,,,,,0,12,12,1,,,,,,,,A,"['rshift', 'a']","[9.864683732041158, 9.96602457301924]",[9.86468,9.86468,1,1.18339024,,,26,1,2019_Aug_16_1257,FaceNameBlocked,3.0.0,60.01350003,
41,FacesBlock2_v2.xlsx,Heather.mp4,Heather.JPG,Heather,26,Հէադհէր,0,1,1,1,0,10,10,11,,,,,,,0,2,0.370430991,,,,,,,,,,,,26,1,2019_Aug_16_1257,FaceNameBlocked,3.0.0,60.01350003,
47,FacesBlock2_v2.xlsx,Heather.mp4,Heather.JPG,Heather,26,Հէադհէր,0,1,1,1,,,,,0,1,1,11,,,,,,,,Heather,"['rshift', 'rshift', 'h', 'e', 'a', 't', 'h', 'e', 'r']","[4.182411489018705, 5.349146292021032, 5.700588507053908, 6.000109585002065, 6.367565102002118, 6.616934431018308, 6.716347057023086, 6.900372567004524, 7.033317686000373]",[4.18241,4.18241,4,1.518461381,,,26,1,2019_Aug_16_1257,FaceNameBlocked,3.0.0,60.01350003,
79,FacesBlock3_v2.xlsx,Jacob.mp4,Jacob.JPG,Jacob,39,Ճագոբ,0,2,2,2,,,,,0,3,3,9,,,,,,,,,None,,,,1,1.801243415,,,26,1,2019_Aug_16_1257,FaceNameBlocked,3.0.0,60.01350003,
63,FacesBlock3_v2.xlsx,Jacob.mp4,Jacob.JPG,Jacob,39,Ճագոբ,0,2,2,2,0,2,2,9,,,,,,,0,1,0.636134253,,,,,,,,,,,,26,1,2019_Aug_16_1257,FaceNameBlocked,3.0.0,60.01350003,
106,FacesBlock4_v2.xlsx,Jason.mp4,Jason.JPG,Jason,49,Ճասոն,0,3,3,3,,,,,0,0,0,4,,,,,,space,2.852020437,Jason,"['rshift', 'j', 's', 'backspace', 'a', 's', 'o', 'n', 'return']","[3.2000962150050327, 3.7181399060063995, 4.351851345971227, 4.900808520964347, 5.317756961972918, 5.5510948119917884, 6.133669611008372, 6.234545551997144, 6.7831960679613985]",[3.20009,3.20009,3,1.635865453,,,26,1,2019_Aug_16_1257,FaceNameBlocked,3.0.0,60.01350003,
92,FacesBlock4_v2.xlsx,Jason.mp4,Jason.JPG,Jason,49,Ճասոն,0,3,3,3,0,1,1,4,,,,,,,0,1,1.152400321,,,,,,,,,,,,26,1,2019_Aug_16_1257,FaceNameBlocked,3.0.0,60.01350003,
5,FacesBlock1_v2.xlsx,Jenna.mp4,Jenna.JPG,Jenna,6,Ճէննա,0,0,0,0,0,4,4,6,,,,,,,1,2,1.286460474,,,,,,,,,,,,26,1,2019_Aug_16_1257,FaceNameBlocked,3.0.0,60.01350003,
22,FacesBlock1_v2.xlsx,Jenna.mp4,Jenna.JPG,Jenna,6,Ճէննա,0,0,0,0,,,,,0,6,6,6,,,,,,,,,None,,,,1,1.018340252,,,26,1,2019_Aug_16_1257,FaceNameBlocked,3.0.0,60.01350003,
59,FacesBlock2_v2.xlsx,Jeremy.mp4,Jeremy.JPG,Jeremy,15,Ճէրէմե,0,1,1,1,,,,,0,13,13,0,,,,,,,,,None,,,,1,0.751471986,,,26,1,2019_Aug_16_1257,FaceNameBlocked,3.0.0,60.01350003,
37,FacesBlock2_v2.xlsx,Jeremy.mp4,Jeremy.JPG,Jeremy,15,Ճէրէմե,0,1,1,1,0,6,6,0,,,,,,,1,1,0.719635965,,,,,,,,,,,,26,1,2019_Aug_16_1257,FaceNameBlocked,3.0.0,60.01350003,
30,FacesBlock1_v2.xlsx,Jessica.mp4,Jessica.JPG,Jessica,8,Ճէսսիգա,0,0,0,0,,,,,0,14,14,8,,,,,,,,,"['space', 'backspace']","[2.8847919770050794, 3.7499201190075837]",[2.88479,2.88479,1,0.702307754,,,26,1,2019_Aug_16_1257,FaceNameBlocked,3.0.0,60.01350003,
15,FacesBlock1_v2.xlsx,Jessica.mp4,Jessica.JPG,Jessica,8,Ճէսսիգա,0,0,0,0,0,14,14,8,,,,,,,0,2,0.718895783,,,,,,,,,,,,26,1,2019_Aug_16_1257,FaceNameBlocked,3.0.0,60.01350003,
33,FacesBlock2_v2.xlsx,Josh.mp4,Josh.JPG,Josh,19,Ճոսհ,0,1,1,1,0,2,2,4,,,,,,,0,1,0.736401698,,,,,,,,,,,,26,1,2019_Aug_16_1257,FaceNameBlocked,3.0.0,60.01350003,
54,FacesBlock2_v2.xlsx,Josh.mp4,Josh.JPG,Josh,19,Ճոսհ,0,1,1,1,,,,,0,8,8,4,,,,,,,,Josh,"['rshift', 'j', 'o', 's', 'h']","[1.6509701100294478, 1.7687117230379954, 2.1022239490412176, 2.968579670996405, 3.7017247090116143]",[1.65097,1.65097,3,0.40221458,,,26,1,2019_Aug_16_1257,FaceNameBlocked,3.0.0,60.01350003,
10,FacesBlock1_v2.xlsx,Julia.mp4,Julia.JPG,Julia,13,Ճըլիա,0,0,0,0,0,9,9,13,,,,,,,0,2,0.619749395,,,,,,,,,,,,26,1,2019_Aug_16_1257,FaceNameBlocked,3.0.0,60.01350003,
20,FacesBlock1_v2.xlsx,Julia.mp4,Julia.JPG,Julia,13,Ճըլիա,0,0,0,0,,,,,0,4,4,13,,,,,,,,Jenny,"['rshift', 'j', 'e', 'n', 'n', 'y']","[3.6170701569644734, 3.6853832289925776, 4.001418942993041, 4.184336907987017, 4.334078126994427, 4.517567806004081]",[3.61707,3.61707,2,1.301853677,,,26,1,2019_Aug_16_1257,FaceNameBlocked,3.0.0,60.01350003,
31,FacesBlock2_v2.xlsx,Justin.mp4,Justin.JPG,Justin,27,Ճըսդին,0,1,1,1,0,0,0,12,,,,,,,0,1,1.985975816,,,,,,,,,,,,26,1,2019_Aug_16_1257,FaceNameBlocked,3.0.0,60.01350003,
48,FacesBlock2_v2.xlsx,Justin.mp4,Justin.JPG,Justin,27,Ճըսդին,0,1,1,1,,,,,0,2,2,12,,,,,,,,,None,,,,1,1.201760696,,,26,1,2019_Aug_16_1257,FaceNameBlocked,3.0.0,60.01350003,
109,FacesBlock4_v2.xlsx,Katie.mp4,Katie.JPG,Katie,54,Քադիէ,0,3,3,3,,,,,0,3,3,9,,,,,,,,,None,,,,1,2.065988719,,,26,1,2019_Aug_16_1257,FaceNameBlocked,3.0.0,60.01350003,
91,FacesBlock4_v2.xlsx,Katie.mp4,Katie.JPG,Katie,54,Քադիէ,0,3,3,3,0,0,0,9,,,,,,,1,2,2.952117573,,,,,,,,,,,,26,1,2019_Aug_16_1257,FaceNameBlocked,3.0.0,60.01350003,
69,FacesBlock3_v2.xlsx,Kayla.mp4,Kayla.JPG,Kayla,34,Սարահ,0,2,2,2,0,8,8,4,,,,,,,1,2,0.519919983,,,,,,,,,,,,26,1,2019_Aug_16_1257,FaceNameBlocked,3.0.0,60.01350003,
80,FacesBlock3_v2.xlsx,Kayla.mp4,Kayla.JPG,Kayla,34,Սարահ,0,2,2,2,,,,,0,4,4,4,,,,,,,,,None,,,,1,0.452476537,,,26,1,2019_Aug_16_1257,FaceNameBlocked,3.0.0,60.01350003,
9,FacesBlock1_v2.xlsx,Kelsey.mp4,Kelsey.JPG,Kelsey,12,Քէլսէե,0,0,0,0,0,8,8,12,,,,,,,1,2,0.619546578,,,,,,,,,,,,26,1,2019_Aug_16_1257,FaceNameBlocked,3.0.0,60.01350003,
24,FacesBlock1_v2.xlsx,Kelsey.mp4,Kelsey.JPG,Kelsey,12,Քէլսէե,0,0,0,0,,,,,0,8,8,12,,,,,,,,Amanda,"['rshift', 'a', 'm', 'a', 'n', 'd', 'a']","[1.78433519002283, 1.8020840710378252, 2.3684760440373793, 2.4850969670224003, 2.6343842200003564, 2.8685218350146897, 3.0663943690015003]",[1.78433,1.78433,3,1.884995711,,,26,1,2019_Aug_16_1257,FaceNameBlocked,3.0.0,60.01350003,
85,FacesBlock3_v2.xlsx,Kevin.mp4,Kevin.JPG,Kevin,41,Քէւին,0,2,2,2,,,,,0,9,9,11,,,,,,,,,None,,,,1,0.585179088,,,26,1,2019_Aug_16_1257,FaceNameBlocked,3.0.0,60.01350003,
74,FacesBlock3_v2.xlsx,Kevin.mp4,Kevin.JPG,Kevin,41,Քէւին,0,2,2,2,0,13,13,11,,,,,,,1,1,0.885602328,,,,,,,,,,,,26,1,2019_Aug_16_1257,FaceNameBlocked,3.0.0,60.01350003,
1,FacesBlock1_v2.xlsx,Kyle.mp4,Kyle.JPG,Kyle,4,Քելէ,0,0,0,0,0,0,0,4,,,,,,,1,1,1.952575172,,,,,,,,,,,,26,1,2019_Aug_16_1257,FaceNameBlocked,3.0.0,60.01350003,
27,FacesBlock1_v2.xlsx,Kyle.mp4,Kyle.JPG,Kyle,4,Քելէ,0,0,0,0,,,,,0,11,11,4,,,,,,,,,None,,,,1,1.350155591,,,26,1,2019_Aug_16_1257,FaceNameBlocked,3.0.0,60.01350003,
65,FacesBlock3_v2.xlsx,Lauren.mp4,Lauren.JPG,Lauren,38,Լաըրէն,0,2,2,2,0,4,4,8,,,,,,,0,2,1.435569678,,,,,,,,,,,,26,1,2019_Aug_16_1257,FaceNameBlocked,3.0.0,60.01350003,
89,FacesBlock3_v2.xlsx,Lauren.mp4,Lauren.JPG,Lauren,38,Լաըրէն,0,2,2,2,,,,,0,13,13,8,,,,,,,,Lauren,"['rshift', 'l', 'a', 'u', 'r', 'e', 'n']","[1.8835995430126786, 1.9683914040215313, 2.168290462985169, 2.3681043129763566, 2.501539913006127, 2.6681304529774934, 2.748833685007412]",[1.88359,1.88359,4,0.669173127,,,26,1,2019_Aug_16_1257,FaceNameBlocked,3.0.0,60.01350003,
75,FacesBlock3_v2.xlsx,Mark.mp4,Mark.JPG,Mark,40,Մարք,0,2,2,2,0,14,14,10,,,,,,,0,1,1.049408414,,,,,,,,,,,,26,1,2019_Aug_16_1257,FaceNameBlocked,3.0.0,60.01350003,
86,FacesBlock3_v2.xlsx,Mark.mp4,Mark.JPG,Mark,40,Մարք,0,2,2,2,,,,,0,10,10,10,,,,,,,,Brad,"['rshift', 'b', 'r', 'a', 'd']","[2.46613791200798, 2.584628126991447, 2.83436170197092, 3.0678708589985035, 3.234374660998583]",[2.46613,2.46613,1,0.418913113,,,26,1,2019_Aug_16_1257,FaceNameBlocked,3.0.0,60.01350003,
26,FacesBlock1_v2.xlsx,Matthew.mp4,Matthew.JPG,Matthew,9,Մադդհէվ,0,0,0,0,,,,,0,10,10,9,,,,,,,,,"['1', 'backspace']","[1.8021236350177787, 2.68481463403441]",[1.80212,1.80212,1,1.101375603,,,26,1,2019_Aug_16_1257,FaceNameBlocked,3.0.0,60.01350003,
3,FacesBlock1_v2.xlsx,Matthew.mp4,Matthew.JPG,Matthew,9,Մադդհէվ,0,0,0,0,0,2,2,9,,,,,,,1,1,1.166976107,,,,,,,,,,,,26,1,2019_Aug_16_1257,FaceNameBlocked,3.0.0,60.01350003,
32,FacesBlock2_v2.xlsx,Megan.mp4,Megan.JPG,Megan,25,Մէկան,0,1,1,1,0,1,1,10,,,,,,,0,2,0.68586537,,,,,,,,,,,,26,1,2019_Aug_16_1257,FaceNameBlocked,3.0.0,60.01350003,
53,FacesBlock2_v2.xlsx,Megan.mp4,Megan.JPG,Megan,25,Մէկան,0,1,1,1,,,,,0,7,7,10,,,,,,,,,None,,,,1,0.651858064,,,26,1,2019_Aug_16_1257,FaceNameBlocked,3.0.0,60.01350003,
95,FacesBlock4_v2.xlsx,Michael.mp4,Michael.JPG,Michael,46,Միգհաէլ,0,3,3,3,0,4,4,1,,,,,,,0,1,0.819494845,,,,,,,,,,,,26,1,2019_Aug_16_1257,FaceNameBlocked,3.0.0,60.01350003,
118,FacesBlock4_v2.xlsx,Michael.mp4,Michael.JPG,Michael,46,Միգհաէլ,0,3,3,3,,,,,0,12,12,1,,,,,,,,Michael,"['rshift', 'm', 'i', 'c', 'a', 'backspace', 'h', 'a', 'e', 'l']","[2.150164749007672, 2.3995101299951784, 2.8513122649746947, 3.43455109099159, 3.800444761989638, 4.300324963987805, 4.417503181961365, 4.700158306979574, 4.9174015509779565, 5.032542130968068]",[2.15016,2.15016,3,0.602235731,,,26,1,2019_Aug_16_1257,FaceNameBlocked,3.0.0,60.01350003,
112,FacesBlock4_v2.xlsx,Michelle.mp4,Michelle.JPG,Michelle,52,Միգհէլլէ,0,3,3,3,,,,,0,6,6,7,,,,,,,,,None,,,,1,0.618687044,,,26,1,2019_Aug_16_1257,FaceNameBlocked,3.0.0,60.01350003,
99,FacesBlock4_v2.xlsx,Michelle.mp4,Michelle.JPG,Michelle,52,Միգհէլլէ,0,3,3,3,0,8,8,7,,,,,,,1,2,1.002969157,,,,,,,,,,,,26,1,2019_Aug_16_1257,FaceNameBlocked,3.0.0,60.01350003,
4,FacesBlock1_v2.xlsx,Natalie.mp4,Natalie.JPG,Natalie,7,Նադալիէ,0,0,0,0,0,3,3,7,,,,,,,0,2,0.553880528,,,,,,,,,,,,26,1,2019_Aug_16_1257,FaceNameBlocked,3.0.0,60.01350003,
25,FacesBlock1_v2.xlsx,Natalie.mp4,Natalie.JPG,Natalie,7,Նադալիէ,0,0,0,0,,,,,0,9,9,7,,,,,,,,,None,,,,1,0.84955501,,,26,1,2019_Aug_16_1257,FaceNameBlocked,3.0.0,60.01350003,
87,FacesBlock3_v2.xlsx,Nathan.mp4,Nathan.JPG,Nathan,37,Նադհան,0,2,2,2,,,,,0,11,11,7,,,,,,,,Nathan,"['rshift', 'n', 'a', 't', 'h', 'a', 'n']","[3.450164084963035, 3.5177683099755086, 4.467967578966636, 4.950245918997098, 5.2010723099811, 5.434495617984794, 5.500946570013184]",[3.45016,3.45016,4,1.55142405,,,26,1,2019_Aug_16_1257,FaceNameBlocked,3.0.0,60.01350003,
66,FacesBlock3_v2.xlsx,Nathan.mp4,Nathan.JPG,Nathan,37,Նադհան,0,2,2,2,0,5,5,7,,,,,,,1,1,1.435620765,,,,,,,,,,,,26,1,2019_Aug_16_1257,FaceNameBlocked,3.0.0,60.01350003,
68,FacesBlock3_v2.xlsx,Nicole.mp4,Nicole.JPG,Nicole,43,Նիգոլէ,0,2,2,2,0,7,7,13,,,,,,,1,2,1.502427215,,,,,,,,,,,,26,1,2019_Aug_16_1257,FaceNameBlocked,3.0.0,60.01350003,
82,FacesBlock3_v2.xlsx,Nicole.mp4,Nicole.JPG,Nicole,43,Նիգոլէ,0,2,2,2,,,,,0,6,6,13,,,,,,,,Nicole,"['rshift', 'n', 'i', 'v', 'o', 'l', 'backspace', 'backspace', 'backspace', 'c', 'o', 'l', 'e']","[2.1507910020300187, 2.302061473019421, 2.6684673560084775, 2.9013328020228073, 3.018038284033537, 3.1844769560266286, 3.5177803930127993, 3.7177953220088966, 3.833504038047977, 4.667727205029223, 5.06741698901169, 5.2342458560015075, 5.33441568800481]",[2.15079,2.15079,3,0.784761653,,,26,1,2019_Aug_16_1257,FaceNameBlocked,3.0.0,60.01350003,
76,FacesBlock3_v2.xlsx,Noah.mp4,Noah.JPG,Noah,31,Նոահ,0,2,2,2,,,,,0,0,0,1,,,,,,space,3.601066327,,None,,,,1,0.385801516,,,26,1,2019_Aug_16_1257,FaceNameBlocked,3.0.0,60.01350003,
73,FacesBlock3_v2.xlsx,Noah.mp4,Noah.JPG,Noah,31,Նոահ,0,2,2,2,0,12,12,1,,,,,,,0,1,1.103140169,,,,,,,,,,,,26,1,2019_Aug_16_1257,FaceNameBlocked,3.0.0,60.01350003,
72,FacesBlock3_v2.xlsx,Olivia.mp4,Olivia.JPG,Olivia,35,Ոլիւիա,0,2,2,2,0,11,11,5,,,,,,,0,2,0.218903342,,,,,,,,,,,,26,1,2019_Aug_16_1257,FaceNameBlocked,3.0.0,60.01350003,
83,FacesBlock3_v2.xlsx,Olivia.mp4,Olivia.JPG,Olivia,35,Ոլիւիա,0,2,2,2,,,,,0,7,7,5,,,,,,,,Olivia,"['rshift', 'o', 'l', 'i', 'v', 'i', 'a']","[1.9170619219657965, 2.4178571379743516, 2.701041420979891, 2.9182114959694445, 3.0352177379536442, 3.151392555970233, 3.3327194859739393]",[1.91706,1.91706,4,1.435231856,,,26,1,2019_Aug_16_1257,FaceNameBlocked,3.0.0,60.01350003,
49,FacesBlock2_v2.xlsx,Rachel.mp4,Rachel.JPG,Rachel,29,Րագհէլ,0,1,1,1,,,,,0,3,3,14,,,,,,,,Rachel,"['rshift', 'r', 'a', 'c', 'h', 'e', 'l']","[2.467705124989152, 2.5859000819618814, 2.7858113749534823, 2.98565420799423, 3.25215107499389, 3.4191147849778645, 3.5852916519506834]",[2.46770,2.46770,4,0.835626871,,,26,1,2019_Aug_16_1257,FaceNameBlocked,3.0.0,60.01350003,
45,FacesBlock2_v2.xlsx,Rachel.mp4,Rachel.JPG,Rachel,29,Րագհէլ,0,1,1,1,0,14,14,14,,,,,,,0,2,0.585655374,,,,,,,,,,,,26,1,2019_Aug_16_1257,FaceNameBlocked,3.0.0,60.01350003,
62,FacesBlock3_v2.xlsx,Rebecca.mp4,Rebecca.JPG,Rebecca,32,Րէբէգգա,0,2,2,2,0,1,1,2,,,,,,,1,2,0.91925171,,,,,,,,,,,,26,1,2019_Aug_16_1257,FaceNameBlocked,3.0.0,60.01350003,
81,FacesBlock3_v2.xlsx,Rebecca.mp4,Rebecca.JPG,Rebecca,32,Րէբէգգա,0,2,2,2,,,,,0,5,5,2,,,,,,,,Rebecca,"['rshift', 'r', 'e', 'b', 'e', 'c', 'c', 'a']","[2.6829951379913837, 2.7839766470133327, 2.984116063977126, 3.2013764290022664, 3.41784412402194, 3.6676762040005997, 3.8173630079836585, 4.017150401021354]",[2.68299,2.68299,4,0.60227395,,,26,1,2019_Aug_16_1257,FaceNameBlocked,3.0.0,60.01350003,
61,FacesBlock3_v2.xlsx,Sarah.mp4,Sarah.JPG,Sarah,33,Սարահ,0,2,2,2,0,0,0,3,,,,,,,1,2,1.786598303,,,,,,,,,,,,26,1,2019_Aug_16_1257,FaceNameBlocked,3.0.0,60.01350003,
90,FacesBlock3_v2.xlsx,Sarah.mp4,Sarah.JPG,Sarah,33,Սարահ,0,2,2,2,,,,,0,14,14,3,,,,,,,,Courtney,"['rshift', 'c', 'o', 'u', 'r', 't', 'n', 'e', 'y']","[3.050726827001199, 3.23577218799619, 4.58470208896324, 4.934908044990152, 5.134564985986799, 5.334691184980329, 5.4515226149815135, 5.601162364007905, 5.7678328229812905]",[3.05072,3.05072,2,1.001836726,,,26,1,2019_Aug_16_1257,FaceNameBlocked,3.0.0,60.01350003,
78,FacesBlock3_v2.xlsx,Shelby.mp4,Shelby.JPG,Shelby,36,Սհէլբե,0,2,2,2,,,,,0,2,2,6,,,,,,,,Shelby,"['rshift', 's', 'h', 'e', 'l', 'b', 'y']","[1.9677859019720927, 2.068664143967908, 2.58524948899867, 2.8189315269701183, 3.1688179509947076, 3.7518563710036688, 4.10202432400547]",[1.96778,1.96778,1,0.68517805,,,26,1,2019_Aug_16_1257,FaceNameBlocked,3.0.0,60.01350003,
64,FacesBlock3_v2.xlsx,Shelby.mp4,Shelby.JPG,Shelby,36,Սհէլբե,0,2,2,2,0,3,3,6,,,,,,,0,2,1.1860403,,,,,,,,,,,,26,1,2019_Aug_16_1257,FaceNameBlocked,3.0.0,60.01350003,
40,FacesBlock2_v2.xlsx,Steven.mp4,Steven.JPG,Steven,17,Սդէւէն,0,1,1,1,0,9,9,2,,,,,,,1,1,1.202525521,,,,,,,,,,,,26,1,2019_Aug_16_1257,FaceNameBlocked,3.0.0,60.01350003,
57,FacesBlock2_v2.xlsx,Steven.mp4,Steven.JPG,Steven,17,Սդէւէն,0,1,1,1,,,,,0,11,11,2,,,,,,,,,None,,,,1,0.71868711,,,26,1,2019_Aug_16_1257,FaceNameBlocked,3.0.0,60.01350003,
101,FacesBlock4_v2.xlsx,Taylor.mp4,Taylor.JPG,Taylor,45,Դաելոր,0,3,3,3,0,10,10,0,,,,,,,1,2,0.900070912,,,,,,,,,,,,26,1,2019_Aug_16_1257,FaceNameBlocked,3.0.0,60.01350003,
107,FacesBlock4_v2.xlsx,Taylor.mp4,Taylor.JPG,Taylor,45,Դաելոր,0,3,3,3,,,,,0,1,1,0,,,,,,,,Taylor,"['rshift', 'a', 'backspace', 'rshift', 't', 'a', 'y', 'l', 'o', 'r']","[1.7169505779747851, 1.9509265219676308, 2.5339874999481253, 2.8162036759895273, 2.851203487953171, 3.050582564959768, 3.284881820960436, 4.133907177951187, 4.300707727961708, 4.450623070995789]",[1.71695,1.71695,3,0.48499001,,,26,1,2019_Aug_16_1257,FaceNameBlocked,3.0.0,60.01350003,
70,FacesBlock3_v2.xlsx,Thomas.mp4,Thomas.JPG,Thomas,44,Դհոմաս,0,2,2,2,0,9,9,14,,,,,,,1,1,0.670276038,,,,,,,,,,,,26,1,2019_Aug_16_1257,FaceNameBlocked,3.0.0,60.01350003,
84,FacesBlock3_v2.xlsx,Thomas.mp4,Thomas.JPG,Thomas,44,Դհոմաս,0,2,2,2,,,,,0,8,8,14,,,,,,,,Brad,"['rshift', 'b', 'r', 'a', 'd', 'rshift', 'question']","[6.3653505119727924, 6.581854890973773, 6.866649799980223, 7.516563941957429, 8.78299729898572, 9.781445566972252, 9.916187698952854]",[6.36535,6.36535,1,1.185401222,,,26,1,2019_Aug_16_1257,FaceNameBlocked,3.0.0,60.01350003,
19,FacesBlock1_v2.xlsx,Timothy.mp4,Timothy.JPG,Timothy,10,Դիմոդհե,0,0,0,0,,,,,0,3,3,10,,,,,,,,,None,,,,1,1.568720698,,,26,1,2019_Aug_16_1257,FaceNameBlocked,3.0.0,60.01350003,
13,FacesBlock1_v2.xlsx,Timothy.mp4,Timothy.JPG,Timothy,10,Դիմոդհե,0,0,0,0,0,12,12,10,,,,,,,1,1,0.600419083,,,,,,,,,,,,26,1,2019_Aug_16_1257,FaceNameBlocked,3.0.0,60.01350003,
35,FacesBlock2_v2.xlsx,Trevor.mp4,Trevor.JPG,Trevor,21,Դրէւոր,0,1,1,1,0,4,4,6,,,,,,,1,1,0.736376246,,,,,,,,,,,,26,1,2019_Aug_16_1257,FaceNameBlocked,3.0.0,60.01350003,
60,FacesBlock2_v2.xlsx,Trevor.mp4,Trevor.JPG,Trevor,21,Դրէւոր,0,1,1,1,,,,,0,14,14,6,,,,,,,,,None,,,,1,0.802212803,,,26,1,2019_Aug_16_1257,FaceNameBlocked,3.0.0,60.01350003,
43,FacesBlock2_v2.xlsx,Tyler.mp4,Tyler.JPG,Tyler,22,Դելէր,0,1,1,1,0,12,12,7,,,,,,,1,1,0.737053878,,,,,,,,,,,,26,1,2019_Aug_16_1257,FaceNameBlocked,3.0.0,60.01350003,
46,FacesBlock2_v2.xlsx,Tyler.mp4,Tyler.JPG,Tyler,22,Դելէր,0,1,1,1,,,,,0,0,0,7,,,,,,space,12.78116903,Tyler ,"['rshift', 't', 'y', 'l', 'e', 'r', 'return', 'space']","[3.700488589005545, 3.8511588189867325, 4.118150197959039, 4.217946869961452, 4.385044651979115, 4.501792091992684, 4.9676611999748275, 6.434200366958976]",[3.70048,3.70048,3,0.869288883,,,26,1,2019_Aug_16_1257,FaceNameBlocked,3.0.0,60.01350003,
0,,,,,,,,,,,,,,,,,,,space,68.03135337,,,,,,,,,,,,,,,26,1,2019_Aug_16_1257,FaceNameBlocked,3.0.0,60.01350003,
121,,,,,,,,,,,,,,,,,,,,,,,,,,,,,,,,,space,5889.152953,26,1,2019_Aug_16_1257,FaceNameBlocked,3.0.0,60.01350003,