,condsFile,Video,Photo,Name,Row,Name2,blocks.thisRepN,blocks.thisTrialN,blocks.thisN,blocks.thisIndex,presentations.thisRepN,presentations.thisTrialN,presentations.thisN,presentations.thisIndex,testing.thisRepN,testing.thisTrialN,testing.thisN,testing.thisIndex,advance_1.keys,advance_1.rt,currentCond,judgementResp.keys,judgementResp.rt,advance_2.keys,advance_2.rt,inputText,key_resp_3.keys,rating_resp.keys,rating_resp.rt,key_resp_3.rt,,key_resp3_fin,end_key.keys,end_key.rt,participant,session,date,expName,psychopyVersion,frameRate,Unnamed: 38
58,FacesBlock2_v2.xlsx,Aaron.mp4,Aaron.JPG,Aaron,18,Աարոն,0,1,1,1,,,,,0,12,12,3,,,,,,,,,None,1,1.235386288,,,,,,27,1,2019_Aug_16_1506,FaceNameBlocked,3.0.0,59.97729753,
36,FacesBlock2_v2.xlsx,Aaron.mp4,Aaron.JPG,Aaron,18,Աարոն,0,1,1,1,0,5,5,3,,,,,,,1,1,1.452578679,,,,,,,,,,,,27,1,2019_Aug_16_1506,FaceNameBlocked,3.0.0,59.97729753,
18,FacesBlock1_v2.xlsx,Adam.mp4,Adam.JPG,Adam,5,Ատամ,0,0,0,0,,,,,0,2,2,5,,,,,,,,,None,1,1.835756302,,,,,,27,1,2019_Aug_16_1506,FaceNameBlocked,3.0.0,59.97729753,
15,FacesBlock1_v2.xlsx,Adam.mp4,Adam.JPG,Adam,5,Ատամ,0,0,0,0,0,14,14,5,,,,,,,0,1,0.069748044,,,,,,,,,,,,27,1,2019_Aug_16_1506,FaceNameBlocked,3.0.0,59.97729753,
109,FacesBlock4_v2.xlsx,Alyssa.mp4,Alyssa.JPG,Alyssa,55,Ալեսսա,0,3,3,3,,,,,0,3,3,10,,,,,,,,taylor,"['t', 'a', 'y', 'l', 'o', 'r']",2,0.952015935,"[3.7681880979798734, 4.817209268978331, 5.067944960959721, 5.967295847949572, 6.284000915999059, 6.5330474059446715]",[3.76818,3.76818,,,27,1,2019_Aug_16_1506,FaceNameBlocked,3.0.0,59.97729753,
104,FacesBlock4_v2.xlsx,Alyssa.mp4,Alyssa.JPG,Alyssa,55,Ալեսսա,0,3,3,3,0,13,13,10,,,,,,,0,2,4.184275607,,,,,,,,,,,,27,1,2019_Aug_16_1506,FaceNameBlocked,3.0.0,59.97729753,
5,FacesBlock1_v2.xlsx,Amanda.mp4,Amanda.JPG,Amanda,2,Ամանտա,0,0,0,0,0,4,4,2,,,,,,,1,2,0.403069804,,,,,,,,,,,,27,1,2019_Aug_16_1506,FaceNameBlocked,3.0.0,59.97729753,
25,FacesBlock1_v2.xlsx,Amanda.mp4,Amanda.JPG,Amanda,2,Ամանտա,0,0,0,0,,,,,0,9,9,2,,,,,,,,mali,"['m', 'a', 'l', 'i', 'c', 'a', 'backspace', 'backspace']",1,1.435064811,"[3.967366728989873, 4.2173488609842025, 6.232756151002832, 6.48361064697383, 6.783637168991845, 7.132550609996542, 9.531846243015025, 9.847894678008743]",[3.96736,3.96736,,,27,1,2019_Aug_16_1506,FaceNameBlocked,3.0.0,59.97729753,
120,FacesBlock4_v2.xlsx,Andrew.mp4,Andrew.JPG,Andrew,51,Անտրէվ,0,3,3,3,,,,,0,14,14,6,,,,,,,,andrew,"['a', 'n', 'd', 'r', 'e', 'w']",4,1.651378917,"[3.984437563980464, 4.6333692310145125, 4.8337726119789295, 5.1172722289920785, 5.700101292983163, 5.900094689975958]",[3.98443,3.98443,,,27,1,2019_Aug_16_1506,FaceNameBlocked,3.0.0,59.97729753,
98,FacesBlock4_v2.xlsx,Andrew.mp4,Andrew.JPG,Andrew,51,Անտրէվ,0,3,3,3,0,7,7,6,,,,,,,0,1,5.068226706,,,,,,,,,,,,27,1,2019_Aug_16_1506,FaceNameBlocked,3.0.0,59.97729753,
117,FacesBlock4_v2.xlsx,Anna.mp4,Anna.JPG,Anna,47,Աննա,0,3,3,3,,,,,0,11,11,2,,,,,,,,anna,"['a', 'n', 'n', 'a']",4,0.302319022,"[2.618105207977351, 2.8013172619976103, 2.968069080961868, 3.101503663987387]",[2.61810,2.61810,,,27,1,2019_Aug_16_1506,FaceNameBlocked,3.0.0,59.97729753,
97,FacesBlock4_v2.xlsx,Anna.mp4,Anna.JPG,Anna,47,Աննա,0,3,3,3,0,6,6,2,,,,,,,0,2,12.93250795,,,,,,,,,,,,27,1,2019_Aug_16_1506,FaceNameBlocked,3.0.0,59.97729753,
37,FacesBlock2_v2.xlsx,Ashley.mp4,Ashley.JPG,Ashley,24,Ասհլէե,0,1,1,1,0,6,6,9,,,,,,,1,2,1.21966079,,,,,,,,,,,,27,1,2019_Aug_16_1506,FaceNameBlocked,3.0.0,59.97729753,
60,FacesBlock2_v2.xlsx,Ashley.mp4,Ashley.JPG,Ashley,24,Ասհլէե,0,1,1,1,,,,,0,14,14,9,,,,,,,,li,"['l', 'i']",1,1.584943998,"[6.8500065229600295, 7.549523152993061]",[6.85000,6.85000,,,27,1,2019_Aug_16_1506,FaceNameBlocked,3.0.0,59.97729753,
2,FacesBlock1_v2.xlsx,Bradley.mp4,Bradley.JPG,Bradley,14,Բրատլէե,0,0,0,0,0,1,1,14,,,,,,,1,1,2.202487232,,,,,,,,,,,,27,1,2019_Aug_16_1506,FaceNameBlocked,3.0.0,59.97729753,
21,FacesBlock1_v2.xlsx,Bradley.mp4,Bradley.JPG,Bradley,14,Բրատլէե,0,0,0,0,,,,,0,5,5,14,,,,,,,,adam ,"['a', 'd', 'a', 'm', '1', 'backspace', 'space']",1,1.885284023,"[1.7009116020053625, 2.0679788449779153, 2.31720797898015, 2.4505097590154037, 3.3656533079920337, 4.383341568987817, 4.8501894940272905]",[1.70091,1.70091,,,27,1,2019_Aug_16_1506,FaceNameBlocked,3.0.0,59.97729753,
115,FacesBlock4_v2.xlsx,Brandon.mp4,Brandon.JPG,Brandon,56,Բրանտոն,0,3,3,3,,,,,0,9,9,11,,,,,,,,brandon,"['b', 'r', 'n', 'backspace', 'a', 'n', 'd', 'o', 'n']",4,0.435642005,"[2.152191856992431, 2.4681281579541974, 2.768580431002192, 3.484423194953706, 3.7184352859621868, 4.035078011977021, 4.20138175599277, 4.984514360956382, 5.3008794739726]",[2.15219,2.15219,,,27,1,2019_Aug_16_1506,FaceNameBlocked,3.0.0,59.97729753,
99,FacesBlock4_v2.xlsx,Brandon.mp4,Brandon.JPG,Brandon,56,Բրանտոն,0,3,3,3,0,8,8,11,,,,,,,0,1,6.583657174,,,,,,,,,,,,27,1,2019_Aug_16_1506,FaceNameBlocked,3.0.0,59.97729753,
102,FacesBlock4_v2.xlsx,Brian.mp4,Brian.JPG,Brian,53,Բրիան,0,3,3,3,0,11,11,8,,,,,,,0,1,6.667588043,,,,,,,,,,,,27,1,2019_Aug_16_1506,FaceNameBlocked,3.0.0,59.97729753,
112,FacesBlock4_v2.xlsx,Brian.mp4,Brian.JPG,Brian,53,Բրիան,0,3,3,3,,,,,0,6,6,8,,,,,,,,brain,"['b', 'r', 'a', 'i', 'n']",4,0.335633391,"[1.6857027360238135, 2.0690023680217564, 2.40185174200451, 2.518357285996899, 2.7517394999740645]",[1.68570,1.68570,,,27,1,2019_Aug_16_1506,FaceNameBlocked,3.0.0,59.97729753,
119,FacesBlock4_v2.xlsx,Brianna.mp4,Brianna.JPG,Brianna,48,Բրիաննա,0,3,3,3,,,,,0,13,13,3,,,,,,,,florance,"['f', 'l', 'o', 'r', 'a', 'n', 'c', 'e']",3,1.951012211,"[5.1846544339787215, 7.584038182976656, 7.817009299993515, 8.066297109995503, 8.400027174968272, 8.599501760967541, 8.767159951967187, 9.083338727999944]",[5.18465,5.18465,,,27,1,2019_Aug_16_1506,FaceNameBlocked,3.0.0,59.97729753,
95,FacesBlock4_v2.xlsx,Brianna.mp4,Brianna.JPG,Brianna,48,Բրիաննա,0,3,3,3,0,4,4,3,,,,,,,1,2,15.96440985,,,,,,,,,,,,27,1,2019_Aug_16_1506,FaceNameBlocked,3.0.0,59.97729753,
56,FacesBlock2_v2.xlsx,Brittany.mp4,Brittany.JPG,Brittany,28,Բրիդդանե,0,1,1,1,,,,,0,10,10,13,,,,,,,,as,"['a', 's']",1,1.717829874,"[9.416555161005817, 9.949125859013293]",[9.41655,9.41655,,,27,1,2019_Aug_16_1506,FaceNameBlocked,3.0.0,59.97729753,
33,FacesBlock2_v2.xlsx,Brittany.mp4,Brittany.JPG,Brittany,28,Բրիդդանե,0,1,1,1,0,2,2,13,,,,,,,1,2,2.918641113,,,,,,,,,,,,27,1,2019_Aug_16_1506,FaceNameBlocked,3.0.0,59.97729753,
110,FacesBlock4_v2.xlsx,Caleb.mp4,Caleb.JPG,Caleb,59,Գալէբ,0,3,3,3,,,,,0,4,4,14,,,,,,,,n,['n'],1,1.034643037,[9.865885927982163],[9.86588,9.86588,,,27,1,2019_Aug_16_1506,FaceNameBlocked,3.0.0,59.97729753,
91,FacesBlock4_v2.xlsx,Caleb.mp4,Caleb.JPG,Caleb,59,Գալէբ,0,3,3,3,0,0,0,14,,,,,,,0,1,7.317147364,,,,,,,,,,,,27,1,2019_Aug_16_1506,FaceNameBlocked,3.0.0,59.97729753,
41,FacesBlock2_v2.xlsx,Cody.mp4,Cody.JPG,Cody,23,Գոտե,0,1,1,1,0,10,10,8,,,,,,,1,1,2.51913563,,,,,,,,,,,,27,1,2019_Aug_16_1506,FaceNameBlocked,3.0.0,59.97729753,
53,FacesBlock2_v2.xlsx,Cody.mp4,Cody.JPG,Cody,23,Գոտե,0,1,1,1,,,,,0,7,7,8,,,,,,,,wi,"['w', 'i']",1,0.935073223,"[4.950767436996102, 8.816289626003709]",[4.95076,4.95076,,,27,1,2019_Aug_16_1506,FaceNameBlocked,3.0.0,59.97729753,
69,FacesBlock3_v2.xlsx,Courtney.mp4,Courtney.JPG,Courtney,42,Գոըրդնէե,0,2,2,2,0,8,8,12,,,,,,,0,2,3.00152148,,,,,,,,,,,,27,1,2019_Aug_16_1506,FaceNameBlocked,3.0.0,59.97729753,
83,FacesBlock3_v2.xlsx,Courtney.mp4,Courtney.JPG,Courtney,42,Գոըրդնէե,0,2,2,2,,,,,0,7,7,12,,,,,,,,courtney,"['c', 'o', 'u', 'r', 't', 'n', 'e', 'y']",3,1.667747995,"[4.418218761973549, 4.734895962988958, 4.983991055982187, 5.267840015003458, 5.916993874008767, 6.3489100220031105, 6.467709160991944, 6.6341130519867875]",[4.41821,4.41821,,,27,1,2019_Aug_16_1506,FaceNameBlocked,3.0.0,59.97729753,
87,FacesBlock3_v2.xlsx,Daniel.mp4,Daniel.JPG,Daniel,30,Տանիէլ,0,2,2,2,,,,,0,11,11,0,,,,,,,,,None,1,2.001351406,,,,,,27,1,2019_Aug_16_1506,FaceNameBlocked,3.0.0,59.97729753,
66,FacesBlock3_v2.xlsx,Daniel.mp4,Daniel.JPG,Daniel,30,Տանիէլ,0,2,2,2,0,5,5,0,,,,,,,1,1,5.051660002,,,,,,,,,,,,27,1,2019_Aug_16_1506,FaceNameBlocked,3.0.0,59.97729753,
27,FacesBlock1_v2.xlsx,Danielle.mp4,Danielle.JPG,Danielle,3,Տանիէլլէ,0,0,0,0,,,,,0,11,11,3,,,,,,,,jessie,"['j', 'e', 's', 's', 'i', 'e']",1,0.302358333,"[4.148847643984482, 4.717158498999197, 5.284063238010276, 5.764455952972639, 6.449872458993923, 6.699980752018746]",[4.14884,4.14884,,,27,1,2019_Aug_16_1506,FaceNameBlocked,3.0.0,59.97729753,
14,FacesBlock1_v2.xlsx,Danielle.mp4,Danielle.JPG,Danielle,3,Տանիէլլէ,0,0,0,0,0,13,13,3,,,,,,,1,2,3.185420193,,,,,,,,,,,,27,1,2019_Aug_16_1506,FaceNameBlocked,3.0.0,59.97729753,
38,FacesBlock2_v2.xlsx,David.mp4,David.JPG,David,16,Տաւիտ,0,1,1,1,0,7,7,1,,,,,,,1,1,1.586186623,,,,,,,,,,,,27,1,2019_Aug_16_1506,FaceNameBlocked,3.0.0,59.97729753,
52,FacesBlock2_v2.xlsx,David.mp4,David.JPG,David,16,Տաւիտ,0,1,1,1,,,,,0,6,6,1,,,,,,,,aiv,"['a', 'i', 'v', 'd', 'backspace']",1,2.651123343,"[4.268304956960492, 6.550474645977374, 6.8668055379530415, 7.600322329963092, 8.649445639981423]",[4.26830,4.26830,,,27,1,2019_Aug_16_1506,FaceNameBlocked,3.0.0,59.97729753,
108,FacesBlock4_v2.xlsx,Dylan.mp4,Dylan.JPG,Dylan,50,Տելան,0,3,3,3,,,,,0,2,2,5,,,,,,,,,None,1,1.066892411,,,,,,27,1,2019_Aug_16_1506,FaceNameBlocked,3.0.0,59.97729753,
101,FacesBlock4_v2.xlsx,Dylan.mp4,Dylan.JPG,Dylan,50,Տելան,0,3,3,3,0,10,10,5,,,,,,,1,1,7.31727473,,,,,,,,,,,,27,1,2019_Aug_16_1506,FaceNameBlocked,3.0.0,59.97729753,
118,FacesBlock4_v2.xlsx,Emily.mp4,Emily.JPG,Emily,57,Էմիլե,0,3,3,3,,,,,0,12,12,12,,,,,,,,amiley,"['a', 'm', 'i', 'l', 'y', 'backspace', 'e', 'y']",4,1.202039958,"[3.2675599570502527, 3.933815475029405, 4.165251200029161, 4.817012466024607, 5.133678489015438, 7.16503209900111, 7.682896143000107, 7.865970763028599]",[3.26755,3.26755,,,27,1,2019_Aug_16_1506,FaceNameBlocked,3.0.0,59.97729753,
93,FacesBlock4_v2.xlsx,Emily.mp4,Emily.JPG,Emily,57,Էմիլե,0,3,3,3,0,2,2,12,,,,,,,1,2,13.08168693,,,,,,,,,,,,27,1,2019_Aug_16_1506,FaceNameBlocked,3.0.0,59.97729753,
11,FacesBlock1_v2.xlsx,Eric.mp4,Eric.JPG,Eric,0,Էրիգ,0,0,0,0,0,10,10,0,,,,,,,0,1,0.453027389,,,,,,,,,,,,27,1,2019_Aug_16_1506,FaceNameBlocked,3.0.0,59.97729753,
28,FacesBlock1_v2.xlsx,Eric.mp4,Eric.JPG,Eric,0,Էրիգ,0,0,0,0,,,,,0,12,12,0,,,,,,,,david,"['d', 'a', 'v', 'i', 'd']",1,0.401963503,"[1.5354468410369009, 1.8336299390066415, 2.1518536470248364, 2.7684760720003396, 2.9343262030160986]",[1.53544,1.53544,,,27,1,2019_Aug_16_1506,FaceNameBlocked,3.0.0,59.97729753,
13,FacesBlock1_v2.xlsx,Ethan.mp4,Ethan.JPG,Ethan,11,Էդհան,0,0,0,0,0,12,12,11,,,,,,,1,1,1.05303299,,,,,,,,,,,,27,1,2019_Aug_16_1506,FaceNameBlocked,3.0.0,59.97729753,
23,FacesBlock1_v2.xlsx,Ethan.mp4,Ethan.JPG,Ethan,11,Էդհան,0,0,0,0,,,,,0,7,7,11,,,,,,,,adam,"['a', 'd', 'a', 'm']",1,0.302457197,"[3.450900054012891, 3.717750453040935, 4.00075064698467, 4.15037690999452]",[3.45090,3.45090,,,27,1,2019_Aug_16_1506,FaceNameBlocked,3.0.0,59.97729753,
106,FacesBlock4_v2.xlsx,Grace.mp4,Grace.JPG,Grace,58,Կրագէ,0,3,3,3,,,,,0,0,0,13,,,,,,space,2.285112848,grace,"['a', 'm', 'i', 'backspace', 'backspace', 'backspace', 'g', 'r', 'a', 'c', 'e', 'return']",3,1.251880973,"[2.350014624011237, 2.6499974700273015, 2.8991416260250844, 3.7323290560161695, 4.065373942023143, 4.249178390018642, 5.148467021994293, 5.548063963011373, 5.698329698992893, 6.048781289020553, 6.282008228008635, 8.59733880800195]",[2.35001,2.35001,,,27,1,2019_Aug_16_1506,FaceNameBlocked,3.0.0,59.97729753,
100,FacesBlock4_v2.xlsx,Grace.mp4,Grace.JPG,Grace,58,Կրագէ,0,3,3,3,0,9,9,13,,,,,,,1,2,11.88043789,,,,,,,,,,,,27,1,2019_Aug_16_1506,FaceNameBlocked,3.0.0,59.97729753,
51,FacesBlock2_v2.xlsx,Haley.mp4,Haley.JPG,Haley,20,Հալէե,0,1,1,1,,,,,0,5,5,5,,,,,,,,luck,"['l', 'u', 'v', 'backspace', 'c', 'k']",1,1.285152532,"[6.583382653014269, 6.965660561982077, 7.166706893010996, 9.331739560991991, 9.732700618973467, 9.94814807298826]",[6.58338,6.58338,,,27,1,2019_Aug_16_1506,FaceNameBlocked,3.0.0,59.97729753,
43,FacesBlock2_v2.xlsx,Haley.mp4,Haley.JPG,Haley,20,Հալէե,0,1,1,1,0,12,12,5,,,,,,,0,2,3.951716553,,,,,,,,,,,,27,1,2019_Aug_16_1506,FaceNameBlocked,3.0.0,59.97729753,
12,FacesBlock1_v2.xlsx,Hannah.mp4,Hannah.JPG,Hannah,1,Հաննահ,0,0,0,0,0,11,11,1,,,,,,,1,2,3.900522712,,,,,,,,,,,,27,1,2019_Aug_16_1506,FaceNameBlocked,3.0.0,59.97729753,
24,FacesBlock1_v2.xlsx,Hannah.mp4,Hannah.JPG,Hannah,1,Հաննահ,0,0,0,0,,,,,0,8,8,1,,,,,,,,jucy,"['j', 'u', 'c', 'y']",1,1.368463692,"[7.8826175080030225, 8.283026207005605, 8.832966419984587, 9.382661557989195]",[7.88261,7.88261,,,27,1,2019_Aug_16_1506,FaceNameBlocked,3.0.0,59.97729753,
47,FacesBlock2_v2.xlsx,Heather.mp4,Heather.JPG,Heather,26,Հէադհէր,0,1,1,1,,,,,0,1,1,11,,,,,,,,Feather,"['lshift', 'f', 'a', 'backspace', 'e', 'a', 't', 'h', 'e', 'r']",3,1.135291493,"[3.333132032013964, 3.4682708749896847, 3.9506182160112076, 5.167022967012599, 5.800900427042507, 5.966858783038333, 6.216633673990145, 6.500577497004997, 6.615085655008443, 6.767050843045581]",[3.33313,3.33313,,,27,1,2019_Aug_16_1506,FaceNameBlocked,3.0.0,59.97729753,
35,FacesBlock2_v2.xlsx,Heather.mp4,Heather.JPG,Heather,26,Հէադհէր,0,1,1,1,0,4,4,11,,,,,,,0,2,1.635407385,,,,,,,,,,,,27,1,2019_Aug_16_1506,FaceNameBlocked,3.0.0,59.97729753,
84,FacesBlock3_v2.xlsx,Jacob.mp4,Jacob.JPG,Jacob,39,Ճագոբ,0,2,2,2,,,,,0,8,8,9,,,,,,,,,None,1,0.651928597,,,,,,27,1,2019_Aug_16_1506,FaceNameBlocked,3.0.0,59.97729753,
65,FacesBlock3_v2.xlsx,Jacob.mp4,Jacob.JPG,Jacob,39,Ճագոբ,0,2,2,2,0,4,4,9,,,,,,,1,1,3.135426198,,,,,,,,,,,,27,1,2019_Aug_16_1506,FaceNameBlocked,3.0.0,59.97729753,
92,FacesBlock4_v2.xlsx,Jason.mp4,Jason.JPG,Jason,49,Ճասոն,0,3,3,3,0,1,1,4,,,,,,,1,1,1.901868553,,,,,,,,,,,,27,1,2019_Aug_16_1506,FaceNameBlocked,3.0.0,59.97729753,
116,FacesBlock4_v2.xlsx,Jason.mp4,Jason.JPG,Jason,49,Ճասոն,0,3,3,3,,,,,0,10,10,4,,,,,,,,jason,"['j', 'a', 's', 'o', 'n']",3,0.30169497,"[1.9351279280381277, 2.1165206230361946, 2.3180113660055213, 2.4510691560572013, 2.701409504050389]",[1.93512,1.93512,,,27,1,2019_Aug_16_1506,FaceNameBlocked,3.0.0,59.97729753,
7,FacesBlock1_v2.xlsx,Jenna.mp4,Jenna.JPG,Jenna,6,Ճէննա,0,0,0,0,0,6,6,6,,,,,,,0,2,0.402629791,,,,,,,,,,,,27,1,2019_Aug_16_1506,FaceNameBlocked,3.0.0,59.97729753,
22,FacesBlock1_v2.xlsx,Jenna.mp4,Jenna.JPG,Jenna,6,Ճէննա,0,0,0,0,,,,,0,6,6,6,,,,,,,,,None,1,1.485296946,,,,,,27,1,2019_Aug_16_1506,FaceNameBlocked,3.0.0,59.97729753,
44,FacesBlock2_v2.xlsx,Jeremy.mp4,Jeremy.JPG,Jeremy,15,Ճէրէմե,0,1,1,1,0,13,13,0,,,,,,,0,1,0.985417403,,,,,,,,,,,,27,1,2019_Aug_16_1506,FaceNameBlocked,3.0.0,59.97729753,
49,FacesBlock2_v2.xlsx,Jeremy.mp4,Jeremy.JPG,Jeremy,15,Ճէրէմե,0,1,1,1,,,,,0,3,3,0,,,,,,,,jemery,"['j', 'e', 'm', 'e', 'r', 'y']",3,1.135538129,"[3.8006916400045156, 4.100257522950415, 4.733350698952563, 5.383620767970569, 5.86696828895947, 6.016721980005968]",[3.80069,3.80069,,,27,1,2019_Aug_16_1506,FaceNameBlocked,3.0.0,59.97729753,
10,FacesBlock1_v2.xlsx,Jessica.mp4,Jessica.JPG,Jessica,8,Ճէսսիգա,0,0,0,0,0,9,9,8,,,,,,,0,2,3.402114335,,,,,,,,,,,,27,1,2019_Aug_16_1506,FaceNameBlocked,3.0.0,59.97729753,
20,FacesBlock1_v2.xlsx,Jessica.mp4,Jessica.JPG,Jessica,8,Ճէսսիգա,0,0,0,0,,,,,0,4,4,8,,,,,,,,alice,"['a', 'l', 'i', 'c', 'e']",1,0.002252348,"[6.767174266977236, 7.049884859006852, 8.033325329015497, 8.26668601698475, 9.613934496010188]",[6.76717,6.76717,,,27,1,2019_Aug_16_1506,FaceNameBlocked,3.0.0,59.97729753,
55,FacesBlock2_v2.xlsx,Josh.mp4,Josh.JPG,Josh,19,Ճոսհ,0,1,1,1,,,,,0,9,9,4,,,,,,,,josh,"['j', '0', 's', 'h', 'backspace', 'backspace', 'backspace', 'o', 's', 'h']",1,1.335246187,"[3.2172332169720903, 5.6667522540083155, 5.883360493986402, 6.06727531098295, 6.982564700010698, 7.164674311992712, 7.34791414096253, 8.199135408969596, 8.382794818957336, 8.549445446988102]",[3.21723,3.21723,,,27,1,2019_Aug_16_1506,FaceNameBlocked,3.0.0,59.97729753,
34,FacesBlock2_v2.xlsx,Josh.mp4,Josh.JPG,Josh,19,Ճոսհ,0,1,1,1,0,3,3,4,,,,,,,0,1,1.752679476,,,,,,,,,,,,27,1,2019_Aug_16_1506,FaceNameBlocked,3.0.0,59.97729753,
6,FacesBlock1_v2.xlsx,Julia.mp4,Julia.JPG,Julia,13,Ճըլիա,0,0,0,0,0,5,5,13,,,,,,,0,2,0.419592641,,,,,,,,,,,,27,1,2019_Aug_16_1506,FaceNameBlocked,3.0.0,59.97729753,
30,FacesBlock1_v2.xlsx,Julia.mp4,Julia.JPG,Julia,13,Ճըլիա,0,0,0,0,,,,,0,14,14,13,,,,,,,,liy,"['l', 'i', 'y']",1,1.518532618,"[3.315779129974544, 3.684200602991041, 4.650134978001006]",[3.31577,3.31577,,,27,1,2019_Aug_16_1506,FaceNameBlocked,3.0.0,59.97729753,
48,FacesBlock2_v2.xlsx,Justin.mp4,Justin.JPG,Justin,27,Ճըսդին,0,1,1,1,,,,,0,2,2,12,,,,,,,,josh,"['j', 'o', 's', 'h']",2,0.768499838,"[5.501152622979134, 6.484078851004597, 6.950593919027597, 7.114937931008171]",[5.50115,5.50115,,,27,1,2019_Aug_16_1506,FaceNameBlocked,3.0.0,59.97729753,
31,FacesBlock2_v2.xlsx,Justin.mp4,Justin.JPG,Justin,27,Ճըսդին,0,1,1,1,0,0,0,12,,,,,,,0,1,1.936117306,,,,,,,,,,,,27,1,2019_Aug_16_1506,FaceNameBlocked,3.0.0,59.97729753,
114,FacesBlock4_v2.xlsx,Katie.mp4,Katie.JPG,Katie,54,Քադիէ,0,3,3,3,,,,,0,8,8,9,,,,,,,,katey,"['k', 'a', 'y', 'e', 't', 'backspace', 'y', 'backspace', 'backspace', 'backspace', 't', 'e', 'y']",4,1.068715107,"[1.7854072690242901, 2.368296069034841, 2.752153823035769, 2.9018649280187674, 2.9848813640419394, 3.6338166880304925, 4.084483857033774, 4.799110101012047, 4.983639229030814, 5.149957737012301, 5.8507909520412795, 6.067316203028895, 6.2006455230293795]",[1.78540,1.78540,,,27,1,2019_Aug_16_1506,FaceNameBlocked,3.0.0,59.97729753,
105,FacesBlock4_v2.xlsx,Katie.mp4,Katie.JPG,Katie,54,Քադիէ,0,3,3,3,0,14,14,9,,,,,,,1,2,23.11106653,,,,,,,,,,,,27,1,2019_Aug_16_1506,FaceNameBlocked,3.0.0,59.97729753,
73,FacesBlock3_v2.xlsx,Kayla.mp4,Kayla.JPG,Kayla,34,Սարահ,0,2,2,2,0,12,12,4,,,,,,,0,2,4.951875218,,,,,,,,,,,,27,1,2019_Aug_16_1506,FaceNameBlocked,3.0.0,59.97729753,
86,FacesBlock3_v2.xlsx,Kayla.mp4,Kayla.JPG,Kayla,34,Սարահ,0,2,2,2,,,,,0,10,10,4,,,,,,,,kay,"['k', 'a', 'y']",1,1.551667916,"[9.415733806963544, 9.565722319006454, 9.782570648996625]",[9.41573,9.41573,,,27,1,2019_Aug_16_1506,FaceNameBlocked,3.0.0,59.97729753,
9,FacesBlock1_v2.xlsx,Kelsey.mp4,Kelsey.JPG,Kelsey,12,Քէլսէե,0,0,0,0,0,8,8,12,,,,,,,1,2,0.069492961,,,,,,,,,,,,27,1,2019_Aug_16_1506,FaceNameBlocked,3.0.0,59.97729753,
19,FacesBlock1_v2.xlsx,Kelsey.mp4,Kelsey.JPG,Kelsey,12,Քէլսէե,0,0,0,0,,,,,0,3,3,12,,,,,,,,julia ,"['j', 'u', 'l', 'i', 'a', 'space']",1,1.301984773,"[5.317360665008891, 5.583828094007913, 6.150370192015544, 6.367025539046153, 6.533470919996034, 9.53277780499775]",[5.31736,5.31736,,,27,1,2019_Aug_16_1506,FaceNameBlocked,3.0.0,59.97729753,
90,FacesBlock3_v2.xlsx,Kevin.mp4,Kevin.JPG,Kevin,41,Քէւին,0,2,2,2,,,,,0,14,14,11,,,,,,,,kelvin,"['k', 'e', 'l', 'v', 'i', 'n']",3,1.15196722,"[3.3681039069779217, 3.467761650972534, 3.601202444988303, 6.566697527014185, 6.682776027009822, 6.950035322981421]",[3.36810,3.36810,,,27,1,2019_Aug_16_1506,FaceNameBlocked,3.0.0,59.97729753,
63,FacesBlock3_v2.xlsx,Kevin.mp4,Kevin.JPG,Kevin,41,Քէւին,0,2,2,2,0,2,2,11,,,,,,,0,1,4.867931084,,,,,,,,,,,,27,1,2019_Aug_16_1506,FaceNameBlocked,3.0.0,59.97729753,
16,FacesBlock1_v2.xlsx,Kyle.mp4,Kyle.JPG,Kyle,4,Քելէ,0,0,0,0,,,,,0,0,0,4,,,,,,space,41.40542565,,None,1,3.884476794,,,,,,27,1,2019_Aug_16_1506,FaceNameBlocked,3.0.0,59.97729753,
8,FacesBlock1_v2.xlsx,Kyle.mp4,Kyle.JPG,Kyle,4,Քելէ,0,0,0,0,0,7,7,4,,,,,,,1,1,0.518585941,,,,,,,,,,,,27,1,2019_Aug_16_1506,FaceNameBlocked,3.0.0,59.97729753,
78,FacesBlock3_v2.xlsx,Lauren.mp4,Lauren.JPG,Lauren,38,Լաըրէն,0,2,2,2,,,,,0,2,2,8,,,,,,,,angle,"['a', 'n', 'g', 'l', 'e']",1,1.018715991,"[6.883392982999794, 7.033296766981948, 7.416411956015509, 7.766194625990465, 7.997591954015661]",[6.88339,6.88339,,,27,1,2019_Aug_16_1506,FaceNameBlocked,3.0.0,59.97729753,
62,FacesBlock3_v2.xlsx,Lauren.mp4,Lauren.JPG,Lauren,38,Լաըրէն,0,2,2,2,0,1,1,8,,,,,,,1,2,4.335194021,,,,,,,,,,,,27,1,2019_Aug_16_1506,FaceNameBlocked,3.0.0,59.97729753,
68,FacesBlock3_v2.xlsx,Mark.mp4,Mark.JPG,Mark,40,Մարք,0,2,2,2,0,7,7,10,,,,,,,0,1,4.134590419,,,,,,,,,,,,27,1,2019_Aug_16_1506,FaceNameBlocked,3.0.0,59.97729753,
80,FacesBlock3_v2.xlsx,Mark.mp4,Mark.JPG,Mark,40,Մարք,0,2,2,2,,,,,0,4,4,10,,,,,,,,nova,"['n', 'o', 'v', 'a']",2,0.333506884,"[1.883496789028868, 2.367811223026365, 2.851695818011649, 3.001471398049034]",[1.88349,1.88349,,,27,1,2019_Aug_16_1506,FaceNameBlocked,3.0.0,59.97729753,
3,FacesBlock1_v2.xlsx,Matthew.mp4,Matthew.JPG,Matthew,9,Մադդհէվ,0,0,0,0,0,2,2,9,,,,,,,1,1,1.286021289,,,,,,,,,,,,27,1,2019_Aug_16_1506,FaceNameBlocked,3.0.0,59.97729753,
17,FacesBlock1_v2.xlsx,Matthew.mp4,Matthew.JPG,Matthew,9,Մադդհէվ,0,0,0,0,,,,,0,1,1,9,,,,,,,,,None,1,1.601587537,,,,,,27,1,2019_Aug_16_1506,FaceNameBlocked,3.0.0,59.97729753,
39,FacesBlock2_v2.xlsx,Megan.mp4,Megan.JPG,Megan,25,Մէկան,0,1,1,1,0,8,8,10,,,,,,,0,2,1.852401362,,,,,,,,,,,,27,1,2019_Aug_16_1506,FaceNameBlocked,3.0.0,59.97729753,
59,FacesBlock2_v2.xlsx,Megan.mp4,Megan.JPG,Megan,25,Մէկան,0,1,1,1,,,,,0,13,13,10,,,,,,,,ashely,"['a', 's', 'h', 'e', 'l', 'y']",2,0.834570551,"[3.217337290989235, 3.6659422429511324, 3.865879236953333, 4.033874929999001, 4.867371212982107, 5.200245555955917]",[3.21733,3.21733,,,27,1,2019_Aug_16_1506,FaceNameBlocked,3.0.0,59.97729753,
94,FacesBlock4_v2.xlsx,Michael.mp4,Michael.JPG,Michael,46,Միգհաէլ,0,3,3,3,0,3,3,1,,,,,,,0,1,3.582664778,,,,,,,,,,,,27,1,2019_Aug_16_1506,FaceNameBlocked,3.0.0,59.97729753,
113,FacesBlock4_v2.xlsx,Michael.mp4,Michael.JPG,Michael,46,Միգհաէլ,0,3,3,3,,,,,0,7,7,1,,,,,,,,machel,"['m', 'a', 'c', 'h', 'e', 'l']",2,1.883719185,"[6.450526162981987, 6.667164676997345, 7.650461365992669, 8.40043517597951, 9.149605474958662, 9.433118382003158]",[6.45052,6.45052,,,27,1,2019_Aug_16_1506,FaceNameBlocked,3.0.0,59.97729753,
107,FacesBlock4_v2.xlsx,Michelle.mp4,Michelle.JPG,Michelle,52,Միգհէլլէ,0,3,3,3,,,,,0,1,1,7,,,,,,,,machel,"['m', 'a', 'c', 'h', 'e', 'l']",3,0.6188019,"[1.8361697709769942, 2.0190235240152106, 2.485096706019249, 2.81708173599327, 3.0350633800262585, 3.7012978669954464]",[1.83616,1.83616,,,27,1,2019_Aug_16_1506,FaceNameBlocked,3.0.0,59.97729753,
103,FacesBlock4_v2.xlsx,Michelle.mp4,Michelle.JPG,Michelle,52,Միգհէլլէ,0,3,3,3,0,12,12,7,,,,,,,0,2,10.81677341,,,,,,,,,,,,27,1,2019_Aug_16_1506,FaceNameBlocked,3.0.0,59.97729753,
4,FacesBlock1_v2.xlsx,Natalie.mp4,Natalie.JPG,Natalie,7,Նադալիէ,0,0,0,0,0,3,3,7,,,,,,,0,2,0.419474332,,,,,,,,,,,,27,1,2019_Aug_16_1506,FaceNameBlocked,3.0.0,59.97729753,
26,FacesBlock1_v2.xlsx,Natalie.mp4,Natalie.JPG,Natalie,7,Նադալիէ,0,0,0,0,,,,,0,10,10,7,,,,,,,,anna,"['a', 'n', 'n', 'a']",1,0.485696027,"[3.417871971963905, 3.9176182609517127, 4.167464314959943, 4.383902747998945]",[3.41787,3.41787,,,27,1,2019_Aug_16_1506,FaceNameBlocked,3.0.0,59.97729753,
85,FacesBlock3_v2.xlsx,Nathan.mp4,Nathan.JPG,Nathan,37,Նադհան,0,2,2,2,,,,,0,9,9,7,,,,,,,,kayley,"['k', 'a', 'y', 'l', 'e', 'y']",1,0.935413357,"[2.5016408940427937, 2.967482423002366, 3.417321677028667, 4.467839835037012, 7.232589205028489, 7.350100058014505]",[2.50164,2.50164,,,27,1,2019_Aug_16_1506,FaceNameBlocked,3.0.0,59.97729753,
70,FacesBlock3_v2.xlsx,Nathan.mp4,Nathan.JPG,Nathan,37,Նադհան,0,2,2,2,0,9,9,7,,,,,,,0,1,12.16584385,,,,,,,,,,,,27,1,2019_Aug_16_1506,FaceNameBlocked,3.0.0,59.97729753,
76,FacesBlock3_v2.xlsx,Nicole.mp4,Nicole.JPG,Nicole,43,Նիգոլէ,0,2,2,2,,,,,0,0,0,13,,,,,,space,8.949139022,nic,"['k', 'i', 'n', 'backspace', 'backspace', 'backspace', 'n', 'i', 'c']",2,2.800598202,"[5.784296825004276, 6.06717860797653, 6.867425420961808, 8.049633718968835, 8.232313274987973, 8.36584124097135, 8.800114010984544, 8.916580631979741, 9.13296812196495]",[5.78429,5.78429,,,27,1,2019_Aug_16_1506,FaceNameBlocked,3.0.0,59.97729753,
74,FacesBlock3_v2.xlsx,Nicole.mp4,Nicole.JPG,Nicole,43,Նիգոլէ,0,2,2,2,0,13,13,13,,,,,,,1,2,11.93261685,,,,,,,,,,,,27,1,2019_Aug_16_1506,FaceNameBlocked,3.0.0,59.97729753,
64,FacesBlock3_v2.xlsx,Noah.mp4,Noah.JPG,Noah,31,Նոահ,0,2,2,2,0,3,3,1,,,,,,,1,1,4.385149973,,,,,,,,,,,,27,1,2019_Aug_16_1506,FaceNameBlocked,3.0.0,59.97729753,
88,FacesBlock3_v2.xlsx,Noah.mp4,Noah.JPG,Noah,31,Նոահ,0,2,2,2,,,,,0,12,12,1,,,,,,,,jaycob,"['j', 'a', 'y', 'c', 'o', 'b']",1,2.901295556,"[5.117717497982085, 5.383639523992315, 6.832753394031897, 8.965580996009521, 9.149261977989227, 9.39978646603413]",[5.11771,5.11771,,,27,1,2019_Aug_16_1506,FaceNameBlocked,3.0.0,59.97729753,
77,FacesBlock3_v2.xlsx,Olivia.mp4,Olivia.JPG,Olivia,35,Ոլիւիա,0,2,2,2,,,,,0,1,1,5,,,,,,,,rebecca,"['r', 'e', 'b', 'e', 'c', 'c', 'a']",2,0.851416914,"[1.051763036986813, 1.2520819189958274, 1.7514888769946992, 1.9851391880074516, 2.468667284992989, 2.6347913190256804, 2.9520451379939914]",[1.05176,1.05176,,,27,1,2019_Aug_16_1506,FaceNameBlocked,3.0.0,59.97729753,
71,FacesBlock3_v2.xlsx,Olivia.mp4,Olivia.JPG,Olivia,35,Ոլիւիա,0,2,2,2,0,10,10,5,,,,,,,1,2,6.817166116,,,,,,,,,,,,27,1,2019_Aug_16_1506,FaceNameBlocked,3.0.0,59.97729753,
42,FacesBlock2_v2.xlsx,Rachel.mp4,Rachel.JPG,Rachel,29,Րագհէլ,0,1,1,1,0,11,11,14,,,,,,,0,2,1.782464174,,,,,,,,,,,,27,1,2019_Aug_16_1506,FaceNameBlocked,3.0.0,59.97729753,
57,FacesBlock2_v2.xlsx,Rachel.mp4,Rachel.JPG,Rachel,29,Րագհէլ,0,1,1,1,,,,,0,11,11,14,,,,,,,,rachel,"['r', 'e', 'backspace', 'a', 'c', 'h', 'e', 'l']",2,1.883930794,"[1.9179055850254372, 2.134957536996808, 3.7002231490332633, 4.4173812119988725, 4.733266961004119, 4.884124586998951, 5.050379196996801, 5.550034583022352]",[1.91790,1.91790,,,27,1,2019_Aug_16_1506,FaceNameBlocked,3.0.0,59.97729753,
82,FacesBlock3_v2.xlsx,Rebecca.mp4,Rebecca.JPG,Rebecca,32,Րէբէգգա,0,2,2,2,,,,,0,6,6,2,,,,,,,,rebecca,"['r', 'e', 'b', 'e', 'c', 'c', 'a']",2,1.068694984,"[1.7682706710183993, 1.9848212630022317, 3.0341534769977443, 3.2010663090040907, 3.501071951992344, 3.66786426800536, 3.967572799010668]",[1.76827,1.76827,,,27,1,2019_Aug_16_1506,FaceNameBlocked,3.0.0,59.97729753,
75,FacesBlock3_v2.xlsx,Rebecca.mp4,Rebecca.JPG,Rebecca,32,Րէբէգգա,0,2,2,2,0,14,14,2,,,,,,,1,2,2.969166065,,,,,,,,,,,,27,1,2019_Aug_16_1506,FaceNameBlocked,3.0.0,59.97729753,
79,FacesBlock3_v2.xlsx,Sarah.mp4,Sarah.JPG,Sarah,33,Սարահ,0,2,2,2,,,,,0,3,3,3,,,,,,,,courtney,"['c', 'o', 'u', 'r', 't', 'n', 'e', 'y']",2,0.285782025,"[3.48556667502271, 3.7677538960124366, 3.966403264028486, 4.450996647006832, 4.800603334035259, 5.717655715008732, 5.984304145036731, 6.167803290998563]",[3.48556,3.48556,,,27,1,2019_Aug_16_1506,FaceNameBlocked,3.0.0,59.97729753,
61,FacesBlock3_v2.xlsx,Sarah.mp4,Sarah.JPG,Sarah,33,Սարահ,0,2,2,2,0,0,0,3,,,,,,,0,2,2.901982079,,,,,,,,,,,,27,1,2019_Aug_16_1506,FaceNameBlocked,3.0.0,59.97729753,
67,FacesBlock3_v2.xlsx,Shelby.mp4,Shelby.JPG,Shelby,36,Սհէլբե,0,2,2,2,0,6,6,6,,,,,,,1,2,5.71781434,,,,,,,,,,,,27,1,2019_Aug_16_1506,FaceNameBlocked,3.0.0,59.97729753,
81,FacesBlock3_v2.xlsx,Shelby.mp4,Shelby.JPG,Shelby,36,Սհէլբե,0,2,2,2,,,,,0,5,5,6,,,,,,,,shallby,"['s', 'h', 'a', 'l', 'l', 'b', 'y']",3,1.050218444,"[1.8186045429902151, 2.018374353996478, 2.5018487540073693, 3.451414417999331, 3.650828088982962, 3.9845862810034305, 4.182544238981791]",[1.81860,1.81860,,,27,1,2019_Aug_16_1506,FaceNameBlocked,3.0.0,59.97729753,
46,FacesBlock2_v2.xlsx,Steven.mp4,Steven.JPG,Steven,17,Սդէւէն,0,1,1,1,,,,,0,0,0,2,,,,,,space,4.634077603,steven,"['s', 't', 'e', 'v', 'e', 'n', 'return']",4,0.916987741,"[1.7194679619860835, 2.184895990998484, 2.4521812279708683, 2.7855134999845177, 2.9352943739504553, 3.083325531973969, 4.4007554249837995]",[1.71946,1.71946,,,27,1,2019_Aug_16_1506,FaceNameBlocked,3.0.0,59.97729753,
32,FacesBlock2_v2.xlsx,Steven.mp4,Steven.JPG,Steven,17,Սդէւէն,0,1,1,1,0,1,1,2,,,,,,,1,1,2.818666242,,,,,,,,,,,,27,1,2019_Aug_16_1506,FaceNameBlocked,3.0.0,59.97729753,
111,FacesBlock4_v2.xlsx,Taylor.mp4,Taylor.JPG,Taylor,45,Դաելոր,0,3,3,3,,,,,0,5,5,0,,,,,,,,taylor,"['t', 'a', 'y', 'l', 'o', 'r']",4,0.285750325,"[1.8681628429912962, 2.0684262640425004, 2.184229245991446, 3.1677660880377516, 3.432298507017549, 3.7670069400337525]",[1.86816,1.86816,,,27,1,2019_Aug_16_1506,FaceNameBlocked,3.0.0,59.97729753,
96,FacesBlock4_v2.xlsx,Taylor.mp4,Taylor.JPG,Taylor,45,Դաելոր,0,3,3,3,0,5,5,0,,,,,,,1,2,2.252266402,,,,,,,,,,,,27,1,2019_Aug_16_1506,FaceNameBlocked,3.0.0,59.97729753,
89,FacesBlock3_v2.xlsx,Thomas.mp4,Thomas.JPG,Thomas,44,Դհոմաս,0,2,2,2,,,,,0,13,13,14,,,,,,,,tomas ,"['t', 'o', 'm', 'a', 's', 'space']",3,1.418839749,"[1.9190051679615863, 2.2687115779845044, 2.502211568003986, 3.001826916995924, 3.1181082549737766, 4.284127117018215]",[1.91900,1.91900,,,27,1,2019_Aug_16_1506,FaceNameBlocked,3.0.0,59.97729753,
72,FacesBlock3_v2.xlsx,Thomas.mp4,Thomas.JPG,Thomas,44,Դհոմաս,0,2,2,2,0,11,11,14,,,,,,,0,1,5.868638783,,,,,,,,,,,,27,1,2019_Aug_16_1506,FaceNameBlocked,3.0.0,59.97729753,
29,FacesBlock1_v2.xlsx,Timothy.mp4,Timothy.JPG,Timothy,10,Դիմոդհե,0,0,0,0,,,,,0,13,13,10,,,,,,,,,None,1,0.751929196,,,,,,27,1,2019_Aug_16_1506,FaceNameBlocked,3.0.0,59.97729753,
1,FacesBlock1_v2.xlsx,Timothy.mp4,Timothy.JPG,Timothy,10,Դիմոդհե,0,0,0,0,0,0,0,10,,,,,,,0,1,2.084948787,,,,,,,,,,,,27,1,2019_Aug_16_1506,FaceNameBlocked,3.0.0,59.97729753,
54,FacesBlock2_v2.xlsx,Trevor.mp4,Trevor.JPG,Trevor,21,Դրէւոր,0,1,1,1,,,,,0,8,8,6,,,,,,,,,"['g', 'backspace']",1,1.118440673,"[7.316706292971503, 8.664556971983984]",[7.31670,7.31670,,,27,1,2019_Aug_16_1506,FaceNameBlocked,3.0.0,59.97729753,
45,FacesBlock2_v2.xlsx,Trevor.mp4,Trevor.JPG,Trevor,21,Դրէւոր,0,1,1,1,0,14,14,6,,,,,,,0,1,4.068410403,,,,,,,,,,,,27,1,2019_Aug_16_1506,FaceNameBlocked,3.0.0,59.97729753,
50,FacesBlock2_v2.xlsx,Tyler.mp4,Tyler.JPG,Tyler,22,Դելէր,0,1,1,1,,,,,0,4,4,7,,,,,,,,,None,1,1.651601025,,,,,,27,1,2019_Aug_16_1506,FaceNameBlocked,3.0.0,59.97729753,
40,FacesBlock2_v2.xlsx,Tyler.mp4,Tyler.JPG,Tyler,22,Դելէր,0,1,1,1,0,9,9,7,,,,,,,1,1,1.835533012,,,,,,,,,,,,27,1,2019_Aug_16_1506,FaceNameBlocked,3.0.0,59.97729753,
0,,,,,,,,,,,,,,,,,,,space,75.46228894,,,,,,,,,,,,,,,27,1,2019_Aug_16_1506,FaceNameBlocked,3.0.0,59.97729753,
121,,,,,,,,,,,,,,,,,,,,,,,,,,,,,,,,,space,5.417100635,27,1,2019_Aug_16_1506,FaceNameBlocked,3.0.0,59.97729753,