,condsFile,Video,Photo,Name,Row,Name2,blocks.thisRepN,blocks.thisTrialN,blocks.thisN,blocks.thisIndex,presentations.thisRepN,presentations.thisTrialN,presentations.thisN,presentations.thisIndex,testing.thisRepN,testing.thisTrialN,testing.thisN,testing.thisIndex,advance_1.keys,advance_1.rt,currentCond,judgementResp.keys,judgementResp.rt,advance_2.keys,advance_2.rt,inputText,key_resp_3.keys,rating_resp.keys,rating_resp.rt,key_resp_3.rt,,key_resp3_fin,end_key.keys,end_key.rt,participant,session,date,expName,psychopyVersion,frameRate,Unnamed: 38
48,FacesBlock2_v2.xlsx,Aaron.mp4,Aaron.JPG,Aaron,18,Աարոն,0,1,1,1,,,,,0,2,2,3,,,,,,,,,None,1,0.967924952,,,,,,28,1,2019_Aug_20_1557,FaceNameBlocked,3.0.0,59.96921768,
32,FacesBlock2_v2.xlsx,Aaron.mp4,Aaron.JPG,Aaron,18,Աարոն,0,1,1,1,0,1,1,3,,,,,,,0,1,0.919677512,,,,,,,,,,,,28,1,2019_Aug_20_1557,FaceNameBlocked,3.0.0,59.96921768,
11,FacesBlock1_v2.xlsx,Adam.mp4,Adam.JPG,Adam,5,Ատամ,0,0,0,0,0,10,10,5,,,,,,,0,1,1.335343794,,,,,,,,,,,,28,1,2019_Aug_20_1557,FaceNameBlocked,3.0.0,59.96921768,
20,FacesBlock1_v2.xlsx,Adam.mp4,Adam.JPG,Adam,5,Ատամ,0,0,0,0,,,,,0,4,4,5,,,,,,,,,None,1,0.452152588,,,,,,28,1,2019_Aug_20_1557,FaceNameBlocked,3.0.0,59.96921768,
120,FacesBlock4_v2.xlsx,Alyssa.mp4,Alyssa.JPG,Alyssa,55,Ալեսսա,0,3,3,3,,,,,0,14,14,10,,,,,,,,ash,"['a', 's', 'h']",1,1.501775512,"[9.347225505043752, 9.481923676095903, 9.682428892003372]",[9.34722,9.34722,,,28,1,2019_Aug_20_1557,FaceNameBlocked,3.0.0,59.96921768,
91,FacesBlock4_v2.xlsx,Alyssa.mp4,Alyssa.JPG,Alyssa,55,Ալեսսա,0,3,3,3,0,0,0,10,,,,,,,0,2,8.680750474,,,,,,,,,,,,28,1,2019_Aug_20_1557,FaceNameBlocked,3.0.0,59.96921768,
24,FacesBlock1_v2.xlsx,Amanda.mp4,Amanda.JPG,Amanda,2,Ամանտա,0,0,0,0,,,,,0,8,8,2,,,,,,,,jessica,"['j', 'e', 's', 's', 'i', 'c', 'a']",2,0.968745656,"[2.968352060066536, 3.084827976068482, 3.367238700040616, 3.517477951012552, 4.3010620650602505, 4.45138179406058, 4.734068709076382]",[2.96835,2.96835,,,28,1,2019_Aug_20_1557,FaceNameBlocked,3.0.0,59.96921768,
14,FacesBlock1_v2.xlsx,Amanda.mp4,Amanda.JPG,Amanda,2,Ամանտա,0,0,0,0,0,13,13,2,,,,,,,0,2,1.383516499,,,,,,,,,,,,28,1,2019_Aug_20_1557,FaceNameBlocked,3.0.0,59.96921768,
110,FacesBlock4_v2.xlsx,Andrew.mp4,Andrew.JPG,Andrew,51,Անտրէվ,0,3,3,3,,,,,0,4,4,6,,,,,,,,,"['d', 'backspace']",1,0.834796784,"[5.415839607943781, 6.783082313020714]",[5.41583,5.41583,,,28,1,2019_Aug_20_1557,FaceNameBlocked,3.0.0,59.96921768,
105,FacesBlock4_v2.xlsx,Andrew.mp4,Andrew.JPG,Andrew,51,Անտրէվ,0,3,3,3,0,14,14,6,,,,,,,1,1,0.952737837,,,,,,,,,,,,28,1,2019_Aug_20_1557,FaceNameBlocked,3.0.0,59.96921768,
112,FacesBlock4_v2.xlsx,Anna.mp4,Anna.JPG,Anna,47,Աննա,0,3,3,3,,,,,0,6,6,2,,,,,,,,,None,1,0.585533468,,,,,,28,1,2019_Aug_20_1557,FaceNameBlocked,3.0.0,59.96921768,
104,FacesBlock4_v2.xlsx,Anna.mp4,Anna.JPG,Anna,47,Աննա,0,3,3,3,0,13,13,2,,,,,,,1,2,1.869278807,,,,,,,,,,,,28,1,2019_Aug_20_1557,FaceNameBlocked,3.0.0,59.96921768,
49,FacesBlock2_v2.xlsx,Ashley.mp4,Ashley.JPG,Ashley,24,Ասհլէե,0,1,1,1,,,,,0,3,3,9,,,,,,,,,None,1,1.235755023,,,,,,28,1,2019_Aug_20_1557,FaceNameBlocked,3.0.0,59.96921768,
41,FacesBlock2_v2.xlsx,Ashley.mp4,Ashley.JPG,Ashley,24,Ասհլէե,0,1,1,1,0,10,10,9,,,,,,,0,2,0.88594559,,,,,,,,,,,,28,1,2019_Aug_20_1557,FaceNameBlocked,3.0.0,59.96921768,
18,FacesBlock1_v2.xlsx,Bradley.mp4,Bradley.JPG,Bradley,14,Բրատլէե,0,0,0,0,,,,,0,2,2,14,,,,,,,,,"['1', 'backspace']",1,0.551781337,"[4.751308261998929, 6.649708861950785]",[4.75130,4.75130,,,28,1,2019_Aug_20_1557,FaceNameBlocked,3.0.0,59.96921768,
1,FacesBlock1_v2.xlsx,Bradley.mp4,Bradley.JPG,Bradley,14,Բրատլէե,0,0,0,0,0,0,0,14,,,,,,,1,1,0.818979423,,,,,,,,,,,,28,1,2019_Aug_20_1557,FaceNameBlocked,3.0.0,59.96921768,
100,FacesBlock4_v2.xlsx,Brandon.mp4,Brandon.JPG,Brandon,56,Բրանտոն,0,3,3,3,0,9,9,11,,,,,,,0,1,2.752354464,,,,,,,,,,,,28,1,2019_Aug_20_1557,FaceNameBlocked,3.0.0,59.96921768,
111,FacesBlock4_v2.xlsx,Brandon.mp4,Brandon.JPG,Brandon,56,Բրանտոն,0,3,3,3,,,,,0,5,5,11,,,,,,,,dylan,"['d', 'y', 'l', 'a', 'n']",1,0.368782947,"[3.867384578916244, 4.367629906977527, 4.784138454007916, 4.934286483912729, 5.08379740093369]",[3.86738,3.86738,,,28,1,2019_Aug_20_1557,FaceNameBlocked,3.0.0,59.96921768,
114,FacesBlock4_v2.xlsx,Brian.mp4,Brian.JPG,Brian,53,Բրիան,0,3,3,3,,,,,0,8,8,8,,,,,,,,brian,"['b', 'r', 'i', 'a', 'n']",4,0.835403645,"[3.4518369410652667, 3.6512170870555565, 3.8348317299969494, 4.051394636975601, 4.850521676009521]",[3.45183,3.45183,,,28,1,2019_Aug_20_1557,FaceNameBlocked,3.0.0,59.96921768,
103,FacesBlock4_v2.xlsx,Brian.mp4,Brian.JPG,Brian,53,Բրիան,0,3,3,3,0,12,12,8,,,,,,,0,1,1.103004249,,,,,,,,,,,,28,1,2019_Aug_20_1557,FaceNameBlocked,3.0.0,59.96921768,
95,FacesBlock4_v2.xlsx,Brianna.mp4,Brianna.JPG,Brianna,48,Բրիաննա,0,3,3,3,0,4,4,3,,,,,,,0,2,10.01560456,,,,,,,,,,,,28,1,2019_Aug_20_1557,FaceNameBlocked,3.0.0,59.96921768,
109,FacesBlock4_v2.xlsx,Brianna.mp4,Brianna.JPG,Brianna,48,Բրիաննա,0,3,3,3,,,,,0,3,3,3,,,,,,,,,None,1,0.435675087,,,,,,28,1,2019_Aug_20_1557,FaceNameBlocked,3.0.0,59.96921768,
44,FacesBlock2_v2.xlsx,Brittany.mp4,Brittany.JPG,Brittany,28,Բրիդդանե,0,1,1,1,0,13,13,13,,,,,,,0,2,1.98516043,,,,,,,,,,,,28,1,2019_Aug_20_1557,FaceNameBlocked,3.0.0,59.96921768,
58,FacesBlock2_v2.xlsx,Brittany.mp4,Brittany.JPG,Brittany,28,Բրիդդանե,0,1,1,1,,,,,0,12,12,13,,,,,,,,racheal,"['r', 'a', 'c', 'h', 'e', 'a', 'l']",1,2.517930027,"[3.2680799510562792, 4.050579681061208, 4.18433883599937, 5.000528433010913, 5.58330921898596, 5.967054587090388, 6.300041072070599]",[3.26807,3.26807,,,28,1,2019_Aug_20_1557,FaceNameBlocked,3.0.0,59.96921768,
106,FacesBlock4_v2.xlsx,Caleb.mp4,Caleb.JPG,Caleb,59,Գալէբ,0,3,3,3,,,,,0,0,0,14,,,,,,space,1.834550889,caleb,"['c', 'a', 'l', 'e', 'b']",4,0.885222901,"[3.683951916056685, 3.883763539022766, 4.1012472490547225, 4.350964960060082, 4.483841436100192]",[3.68395,3.68395,,,28,1,2019_Aug_20_1557,FaceNameBlocked,3.0.0,59.96921768,
92,FacesBlock4_v2.xlsx,Caleb.mp4,Caleb.JPG,Caleb,59,Գալէբ,0,3,3,3,0,1,1,14,,,,,,,0,1,8.200435755,,,,,,,,,,,,28,1,2019_Aug_20_1557,FaceNameBlocked,3.0.0,59.96921768,
37,FacesBlock2_v2.xlsx,Cody.mp4,Cody.JPG,Cody,23,Գոտե,0,1,1,1,0,6,6,8,,,,,,,0,1,0.919546552,,,,,,,,,,,,28,1,2019_Aug_20_1557,FaceNameBlocked,3.0.0,59.96921768,
46,FacesBlock2_v2.xlsx,Cody.mp4,Cody.JPG,Cody,23,Գոտե,0,1,1,1,,,,,0,0,0,8,,,,,,space,5.183984642,aaro,"['a', 'a', 'r', 'o']",1,1.519113191,"[7.250249249045737, 7.6165150459855795, 8.599491607048549, 8.832504112040624]",[7.25024,7.25024,,,28,1,2019_Aug_20_1557,FaceNameBlocked,3.0.0,59.96921768,
72,FacesBlock3_v2.xlsx,Courtney.mp4,Courtney.JPG,Courtney,42,Գոըրդնէե,0,2,2,2,0,11,11,12,,,,,,,1,2,2.419081141,,,,,,,,,,,,28,1,2019_Aug_20_1557,FaceNameBlocked,3.0.0,59.96921768,
79,FacesBlock3_v2.xlsx,Courtney.mp4,Courtney.JPG,Courtney,42,Գոըրդնէե,0,2,2,2,,,,,0,3,3,12,,,,,,,,,None,1,0.935229531,,,,,,28,1,2019_Aug_20_1557,FaceNameBlocked,3.0.0,59.96921768,
73,FacesBlock3_v2.xlsx,Daniel.mp4,Daniel.JPG,Daniel,30,Տանիէլ,0,2,2,2,0,12,12,0,,,,,,,1,1,2.668942788,,,,,,,,,,,,28,1,2019_Aug_20_1557,FaceNameBlocked,3.0.0,59.96921768,
84,FacesBlock3_v2.xlsx,Daniel.mp4,Daniel.JPG,Daniel,30,Տանիէլ,0,2,2,2,,,,,0,8,8,0,,,,,,,,daniel,"['d', 'a', 'n', 'i', 'e', 'l']",2,0.369513495,"[2.0677084639901295, 2.333920573000796, 2.451235732063651, 2.617827953072265, 2.7673098649829626, 2.917650062008761]",[2.06770,2.06770,,,28,1,2019_Aug_20_1557,FaceNameBlocked,3.0.0,59.96921768,
15,FacesBlock1_v2.xlsx,Danielle.mp4,Danielle.JPG,Danielle,3,Տանիէլլէ,0,0,0,0,0,14,14,3,,,,,,,1,2,0.485350074,,,,,,,,,,,,28,1,2019_Aug_20_1557,FaceNameBlocked,3.0.0,59.96921768,
19,FacesBlock1_v2.xlsx,Danielle.mp4,Danielle.JPG,Danielle,3,Տանիէլլէ,0,0,0,0,,,,,0,3,3,3,,,,,,,,,None,1,0.535011059,,,,,,28,1,2019_Aug_20_1557,FaceNameBlocked,3.0.0,59.96921768,
36,FacesBlock2_v2.xlsx,David.mp4,David.JPG,David,16,Տաւիտ,0,1,1,1,0,5,5,1,,,,,,,1,1,0.652948383,,,,,,,,,,,,28,1,2019_Aug_20_1557,FaceNameBlocked,3.0.0,59.96921768,
60,FacesBlock2_v2.xlsx,David.mp4,David.JPG,David,16,Տաւիտ,0,1,1,1,,,,,0,14,14,1,,,,,,,,aaron,"['a', 'a', 'r', 'o', 'n']",1,0.985234579,"[5.151176400016993, 5.33249143906869, 6.716539768036455, 6.866528291022405, 7.716901018982753]",[5.15117,5.15117,,,28,1,2019_Aug_20_1557,FaceNameBlocked,3.0.0,59.96921768,
108,FacesBlock4_v2.xlsx,Dylan.mp4,Dylan.JPG,Dylan,50,Տելան,0,3,3,3,,,,,0,2,2,5,,,,,,,,,"['1', 'backspace']",1,0.735619356,"[2.2842828629072756, 3.3169421639759094]",[2.28428,2.28428,,,28,1,2019_Aug_20_1557,FaceNameBlocked,3.0.0,59.96921768,
99,FacesBlock4_v2.xlsx,Dylan.mp4,Dylan.JPG,Dylan,50,Տելան,0,3,3,3,0,8,8,5,,,,,,,1,1,2.516598006,,,,,,,,,,,,28,1,2019_Aug_20_1557,FaceNameBlocked,3.0.0,59.96921768,
117,FacesBlock4_v2.xlsx,Emily.mp4,Emily.JPG,Emily,57,Էմիլե,0,3,3,3,,,,,0,11,11,12,,,,,,,,,None,1,0.834795338,,,,,,28,1,2019_Aug_20_1557,FaceNameBlocked,3.0.0,59.96921768,
102,FacesBlock4_v2.xlsx,Emily.mp4,Emily.JPG,Emily,57,Էմիլե,0,3,3,3,0,11,11,12,,,,,,,0,2,2.80201172,,,,,,,,,,,,28,1,2019_Aug_20_1557,FaceNameBlocked,3.0.0,59.96921768,
26,FacesBlock1_v2.xlsx,Eric.mp4,Eric.JPG,Eric,0,Էրիգ,0,0,0,0,,,,,0,10,10,0,,,,,,,,,None,1,0.402506204,,,,,,28,1,2019_Aug_20_1557,FaceNameBlocked,3.0.0,59.96921768,
12,FacesBlock1_v2.xlsx,Eric.mp4,Eric.JPG,Eric,0,Էրիգ,0,0,0,0,0,11,11,0,,,,,,,1,1,0.419619915,,,,,,,,,,,,28,1,2019_Aug_20_1557,FaceNameBlocked,3.0.0,59.96921768,
28,FacesBlock1_v2.xlsx,Ethan.mp4,Ethan.JPG,Ethan,11,Էդհան,0,0,0,0,,,,,0,12,12,11,,,,,,,,,None,1,1.31852589,,,,,,28,1,2019_Aug_20_1557,FaceNameBlocked,3.0.0,59.96921768,
7,FacesBlock1_v2.xlsx,Ethan.mp4,Ethan.JPG,Ethan,11,Էդհան,0,0,0,0,0,6,6,11,,,,,,,1,1,1.352067929,,,,,,,,,,,,28,1,2019_Aug_20_1557,FaceNameBlocked,3.0.0,59.96921768,
113,FacesBlock4_v2.xlsx,Grace.mp4,Grace.JPG,Grace,58,Կրագէ,0,3,3,3,,,,,0,7,7,13,,,,,,,,emily,"['m', 'i', 'backspace', 'backspace', 'e', 'comma', 'i', 'backspace', 'm', 'i', 'l', 'y']",2,2.334868774,"[1.9184122269507498, 2.135098992031999, 2.850301051978022, 2.967534848023206, 3.200645057950169, 3.7672712189378217, 3.950530892936513, 4.633242659037933, 5.416649556951597, 5.600713494932279, 5.833913999958895, 6.514841997995973]",[1.91841,1.91841,,,28,1,2019_Aug_20_1557,FaceNameBlocked,3.0.0,59.96921768,
97,FacesBlock4_v2.xlsx,Grace.mp4,Grace.JPG,Grace,58,Կրագէ,0,3,3,3,0,6,6,13,,,,,,,1,2,3.301348774,,,,,,,,,,,,28,1,2019_Aug_20_1557,FaceNameBlocked,3.0.0,59.96921768,
50,FacesBlock2_v2.xlsx,Haley.mp4,Haley.JPG,Haley,20,Հալէե,0,1,1,1,,,,,0,4,4,5,,,,,,,,hailey,"['h', 'a', 'i', 'l', 'e', 'z', 'backspace', 'y']",2,0.466341046,"[1.9353580159367993, 2.2016227229032665, 2.4854979959782213, 2.7687290959293023, 2.918801249936223, 3.235616407939233, 4.03340216295328, 4.718244847957976]",[1.93535,1.93535,,,28,1,2019_Aug_20_1557,FaceNameBlocked,3.0.0,59.96921768,
43,FacesBlock2_v2.xlsx,Haley.mp4,Haley.JPG,Haley,20,Հալէե,0,1,1,1,0,12,12,5,,,,,,,1,2,1.802184153,,,,,,,,,,,,28,1,2019_Aug_20_1557,FaceNameBlocked,3.0.0,59.96921768,
13,FacesBlock1_v2.xlsx,Hannah.mp4,Hannah.JPG,Hannah,1,Հաննահ,0,0,0,0,0,12,12,1,,,,,,,0,2,1.619114878,,,,,,,,,,,,28,1,2019_Aug_20_1557,FaceNameBlocked,3.0.0,59.96921768,
30,FacesBlock1_v2.xlsx,Hannah.mp4,Hannah.JPG,Hannah,1,Հաննահ,0,0,0,0,,,,,0,14,14,1,,,,,,,,hannah,"['h', 'a', 'n', 'n', 'a', 'h']",2,0.402216707,"[2.1022202720632777, 2.3690562580013648, 2.718234257074073, 2.8353492120513692, 3.0519717290299013, 3.135398418060504]",[2.10222,2.10222,,,28,1,2019_Aug_20_1557,FaceNameBlocked,3.0.0,59.96921768,
47,FacesBlock2_v2.xlsx,Heather.mp4,Heather.JPG,Heather,26,Հէադհէր,0,1,1,1,,,,,0,1,1,11,,,,,,,,ashley,"['a', 's', 'h', 'l', 'e', 'z', 'backspace', 'y']",1,1.068608758,"[4.651288166991435, 5.1838311509927735, 5.317473354982212, 5.850431972998194, 5.950924954959191, 6.367419824004173, 7.148920792969875, 7.933293557027355]",[4.65128,4.65128,,,28,1,2019_Aug_20_1557,FaceNameBlocked,3.0.0,59.96921768,
31,FacesBlock2_v2.xlsx,Heather.mp4,Heather.JPG,Heather,26,Հէադհէր,0,1,1,1,0,0,0,11,,,,,,,1,2,2.21886439,,,,,,,,,,,,28,1,2019_Aug_20_1557,FaceNameBlocked,3.0.0,59.96921768,
62,FacesBlock3_v2.xlsx,Jacob.mp4,Jacob.JPG,Jacob,39,Ճագոբ,0,2,2,2,0,1,1,9,,,,,,,0,1,2.185886566,,,,,,,,,,,,28,1,2019_Aug_20_1557,FaceNameBlocked,3.0.0,59.96921768,
83,FacesBlock3_v2.xlsx,Jacob.mp4,Jacob.JPG,Jacob,39,Ճագոբ,0,2,2,2,,,,,0,7,7,9,,,,,,,,thomathan,"['t', 'h', 'o', 'm', 'a', 't', 'h', 'a', 'n']",1,1.184589661,"[3.4678253339370713, 3.6837296709418297, 3.9505558270029724, 4.450100086978637, 4.667040540953167, 5.416290804045275, 5.516192103968933, 6.630702474038117, 6.916438139975071]",[3.46782,3.46782,,,28,1,2019_Aug_20_1557,FaceNameBlocked,3.0.0,59.96921768,
107,FacesBlock4_v2.xlsx,Jason.mp4,Jason.JPG,Jason,49,Ճասոն,0,3,3,3,,,,,0,1,1,4,,,,,,,,,None,1,1.202649723,,,,,,28,1,2019_Aug_20_1557,FaceNameBlocked,3.0.0,59.96921768,
96,FacesBlock4_v2.xlsx,Jason.mp4,Jason.JPG,Jason,49,Ճասոն,0,3,3,3,0,5,5,4,,,,,,,0,1,1.068815777,,,,,,,,,,,,28,1,2019_Aug_20_1557,FaceNameBlocked,3.0.0,59.96921768,
21,FacesBlock1_v2.xlsx,Jenna.mp4,Jenna.JPG,Jenna,6,Ճէննա,0,0,0,0,,,,,0,5,5,6,,,,,,,,jessica,"['j', 'e', 's', 's', 'i', 'c', 'a']",1,1.368501751,"[1.6352082169614732, 1.8684924099361524, 2.501286934944801, 2.651380647905171, 2.833956283982843, 2.984702421934344, 4.450589641928673]",[1.63520,1.63520,,,28,1,2019_Aug_20_1557,FaceNameBlocked,3.0.0,59.96921768,
10,FacesBlock1_v2.xlsx,Jenna.mp4,Jenna.JPG,Jenna,6,Ճէննա,0,0,0,0,0,9,9,6,,,,,,,1,2,0.269325507,,,,,,,,,,,,28,1,2019_Aug_20_1557,FaceNameBlocked,3.0.0,59.96921768,
33,FacesBlock2_v2.xlsx,Jeremy.mp4,Jeremy.JPG,Jeremy,15,Ճէրէմե,0,1,1,1,0,2,2,0,,,,,,,0,1,0.652886357,,,,,,,,,,,,28,1,2019_Aug_20_1557,FaceNameBlocked,3.0.0,59.96921768,
54,FacesBlock2_v2.xlsx,Jeremy.mp4,Jeremy.JPG,Jeremy,15,Ճէրէմե,0,1,1,1,,,,,0,8,8,0,,,,,,,,,None,1,0.816782817,,,,,,28,1,2019_Aug_20_1557,FaceNameBlocked,3.0.0,59.96921768,
27,FacesBlock1_v2.xlsx,Jessica.mp4,Jessica.JPG,Jessica,8,Ճէսսիգա,0,0,0,0,,,,,0,11,11,8,,,,,,,,jessica,"['j', 'e', 's', 's', 'i', 'c', 'a']",1,0.301362138,"[1.5016821379540488, 1.9851415699813515, 2.218130344990641, 2.3850189689546824, 2.5017238969448954, 2.685431372956373, 2.984394151950255]",[1.50168,1.50168,,,28,1,2019_Aug_20_1557,FaceNameBlocked,3.0.0,59.96921768,
9,FacesBlock1_v2.xlsx,Jessica.mp4,Jessica.JPG,Jessica,8,Ճէսսիգա,0,0,0,0,0,8,8,8,,,,,,,0,2,0.186222841,,,,,,,,,,,,28,1,2019_Aug_20_1557,FaceNameBlocked,3.0.0,59.96921768,
35,FacesBlock2_v2.xlsx,Josh.mp4,Josh.JPG,Josh,19,Ճոսհ,0,1,1,1,0,4,4,4,,,,,,,1,1,1.085922902,,,,,,,,,,,,28,1,2019_Aug_20_1557,FaceNameBlocked,3.0.0,59.96921768,
51,FacesBlock2_v2.xlsx,Josh.mp4,Josh.JPG,Josh,19,Ճոսհ,0,1,1,1,,,,,0,5,5,4,,,,,,,,,None,1,1.249282657,,,,,,28,1,2019_Aug_20_1557,FaceNameBlocked,3.0.0,59.96921768,
22,FacesBlock1_v2.xlsx,Julia.mp4,Julia.JPG,Julia,13,Ճըլիա,0,0,0,0,,,,,0,6,6,13,,,,,,,,,None,1,1.099953991,,,,,,28,1,2019_Aug_20_1557,FaceNameBlocked,3.0.0,59.96921768,
3,FacesBlock1_v2.xlsx,Julia.mp4,Julia.JPG,Julia,13,Ճըլիա,0,0,0,0,0,2,2,13,,,,,,,1,2,4.75123165,,,,,,,,,,,,28,1,2019_Aug_20_1557,FaceNameBlocked,3.0.0,59.96921768,
42,FacesBlock2_v2.xlsx,Justin.mp4,Justin.JPG,Justin,27,Ճըսդին,0,1,1,1,0,11,11,12,,,,,,,1,1,1.402713219,,,,,,,,,,,,28,1,2019_Aug_20_1557,FaceNameBlocked,3.0.0,59.96921768,
56,FacesBlock2_v2.xlsx,Justin.mp4,Justin.JPG,Justin,27,Ճըսդին,0,1,1,1,,,,,0,10,10,12,,,,,,,,justin,"['j', 'u', 's', 't', 'i', 'n']",2,0.351539988,"[1.8850851560709998, 2.1182939660502598, 2.8685789100127295, 3.135620662011206, 3.285340913105756, 3.467921097064391]",[1.88508,1.88508,,,28,1,2019_Aug_20_1557,FaceNameBlocked,3.0.0,59.96921768,
115,FacesBlock4_v2.xlsx,Katie.mp4,Katie.JPG,Katie,54,Քադիէ,0,3,3,3,,,,,0,9,9,9,,,,,,,,katie,"['k', 'a', 't', 'i', 'e']",4,1.035494854,"[1.8680969519773498, 2.0021435220260173, 2.4852817869978026, 2.668336692964658, 2.801583822001703]",[1.86809,1.86809,,,28,1,2019_Aug_20_1557,FaceNameBlocked,3.0.0,59.96921768,
101,FacesBlock4_v2.xlsx,Katie.mp4,Katie.JPG,Katie,54,Քադիէ,0,3,3,3,0,10,10,9,,,,,,,0,2,0.950763149,,,,,,,,,,,,28,1,2019_Aug_20_1557,FaceNameBlocked,3.0.0,59.96921768,
69,FacesBlock3_v2.xlsx,Kayla.mp4,Kayla.JPG,Kayla,34,Սարահ,0,2,2,2,0,8,8,4,,,,,,,0,2,1.385053882,,,,,,,,,,,,28,1,2019_Aug_20_1557,FaceNameBlocked,3.0.0,59.96921768,
77,FacesBlock3_v2.xlsx,Kayla.mp4,Kayla.JPG,Kayla,34,Սարահ,0,2,2,2,,,,,0,1,1,4,,,,,,,,nicole,"['n', 'i', 'c', 'o', 'l', 'e']",1,1.268814241,"[2.3851769390748814, 2.5021609810646623, 3.284634189098142, 3.4509434420615435, 3.63439676805865, 3.7185330770444125]",[2.38517,2.38517,,,28,1,2019_Aug_20_1557,FaceNameBlocked,3.0.0,59.96921768,
23,FacesBlock1_v2.xlsx,Kelsey.mp4,Kelsey.JPG,Kelsey,12,Քէլսէե,0,0,0,0,,,,,0,7,7,12,,,,,,,,,None,1,0.585493357,,,,,,28,1,2019_Aug_20_1557,FaceNameBlocked,3.0.0,59.96921768,
6,FacesBlock1_v2.xlsx,Kelsey.mp4,Kelsey.JPG,Kelsey,12,Քէլսէե,0,0,0,0,0,5,5,12,,,,,,,1,2,0.036558814,,,,,,,,,,,,28,1,2019_Aug_20_1557,FaceNameBlocked,3.0.0,59.96921768,
65,FacesBlock3_v2.xlsx,Kevin.mp4,Kevin.JPG,Kevin,41,Քէւին,0,2,2,2,0,4,4,11,,,,,,,0,1,2.002027771,,,,,,,,,,,,28,1,2019_Aug_20_1557,FaceNameBlocked,3.0.0,59.96921768,
86,FacesBlock3_v2.xlsx,Kevin.mp4,Kevin.JPG,Kevin,41,Քէւին,0,2,2,2,,,,,0,10,10,11,,,,,,,,kevin,"['k', 'e', 'v', 'i', 'n']",1,1.318915548,"[7.249799782992341, 7.449617338948883, 7.5664929789491, 7.849024396971799, 7.96594100294169]",[7.24979,7.24979,,,28,1,2019_Aug_20_1557,FaceNameBlocked,3.0.0,59.96921768,
2,FacesBlock1_v2.xlsx,Kyle.mp4,Kyle.JPG,Kyle,4,Քելէ,0,0,0,0,0,1,1,4,,,,,,,0,1,0.070046794,,,,,,,,,,,,28,1,2019_Aug_20_1557,FaceNameBlocked,3.0.0,59.96921768,
16,FacesBlock1_v2.xlsx,Kyle.mp4,Kyle.JPG,Kyle,4,Քելէ,0,0,0,0,,,,,0,0,0,4,,,,,,space,61.29794183,,None,1,2.419024538,,,,,,28,1,2019_Aug_20_1557,FaceNameBlocked,3.0.0,59.96921768,
61,FacesBlock3_v2.xlsx,Lauren.mp4,Lauren.JPG,Lauren,38,Լաըրէն,0,2,2,2,0,0,0,8,,,,,,,0,2,2.869116388,,,,,,,,,,,,28,1,2019_Aug_20_1557,FaceNameBlocked,3.0.0,59.96921768,
85,FacesBlock3_v2.xlsx,Lauren.mp4,Lauren.JPG,Lauren,38,Լաըրէն,0,2,2,2,,,,,0,9,9,8,,,,,,,,,None,1,0.719472236,,,,,,28,1,2019_Aug_20_1557,FaceNameBlocked,3.0.0,59.96921768,
78,FacesBlock3_v2.xlsx,Mark.mp4,Mark.JPG,Mark,40,Մարք,0,2,2,2,,,,,0,2,2,10,,,,,,,,,None,1,1.285274473,,,,,,28,1,2019_Aug_20_1557,FaceNameBlocked,3.0.0,59.96921768,
63,FacesBlock3_v2.xlsx,Mark.mp4,Mark.JPG,Mark,40,Մարք,0,2,2,2,0,2,2,10,,,,,,,0,1,1.202871048,,,,,,,,,,,,28,1,2019_Aug_20_1557,FaceNameBlocked,3.0.0,59.96921768,
5,FacesBlock1_v2.xlsx,Matthew.mp4,Matthew.JPG,Matthew,9,Մադդհէվ,0,0,0,0,0,4,4,9,,,,,,,0,1,0.403249448,,,,,,,,,,,,28,1,2019_Aug_20_1557,FaceNameBlocked,3.0.0,59.96921768,
17,FacesBlock1_v2.xlsx,Matthew.mp4,Matthew.JPG,Matthew,9,Մադդհէվ,0,0,0,0,,,,,0,1,1,9,,,,,,,,,None,1,0.884641799,,,,,,28,1,2019_Aug_20_1557,FaceNameBlocked,3.0.0,59.96921768,
40,FacesBlock2_v2.xlsx,Megan.mp4,Megan.JPG,Megan,25,Մէկան,0,1,1,1,0,9,9,10,,,,,,,0,2,1.052863965,,,,,,,,,,,,28,1,2019_Aug_20_1557,FaceNameBlocked,3.0.0,59.96921768,
59,FacesBlock2_v2.xlsx,Megan.mp4,Megan.JPG,Megan,25,Մէկան,0,1,1,1,,,,,0,13,13,10,,,,,,,,britt,"['b', 'r', 'i', 't', 't', 'n', 'a', 'z', 'backspace', 'u', 'backspace', 'u', 'backspace', 'y', 'backspace', 'backspace', 'backspace']",1,4.000552971,"[2.1511647009756416, 2.3514847609912977, 2.5348697500303388, 2.7511302499333397, 2.9179775370284915, 3.9179161080392078, 4.017590678995475, 4.384568915935233, 5.098872393951751, 5.6165083040250465, 6.483173214015551, 6.8834582100389525, 7.61609252798371, 8.066752915037796, 9.165373947937042, 9.331958657014184, 9.465305919991806]",[2.15116,2.15116,,,28,1,2019_Aug_20_1557,FaceNameBlocked,3.0.0,59.96921768,
118,FacesBlock4_v2.xlsx,Michael.mp4,Michael.JPG,Michael,46,Միգհաէլ,0,3,3,3,,,,,0,12,12,1,,,,,,,,,None,1,0.766676314,,,,,,28,1,2019_Aug_20_1557,FaceNameBlocked,3.0.0,59.96921768,
93,FacesBlock4_v2.xlsx,Michael.mp4,Michael.JPG,Michael,46,Միգհաէլ,0,3,3,3,0,2,2,1,,,,,,,1,1,5.983860122,,,,,,,,,,,,28,1,2019_Aug_20_1557,FaceNameBlocked,3.0.0,59.96921768,
116,FacesBlock4_v2.xlsx,Michelle.mp4,Michelle.JPG,Michelle,52,Միգհէլլէ,0,3,3,3,,,,,0,10,10,7,,,,,,,,brianna,"['b', 'r', 'i', 'a', 'n', 'n', 'a']",1,1.46856115,"[6.684150191023946, 6.833871867042035, 7.517357936012559, 7.682923919055611, 7.86687070003245, 7.9984425930306315, 8.450111867045052]",[6.68415,6.68415,,,28,1,2019_Aug_20_1557,FaceNameBlocked,3.0.0,59.96921768,
98,FacesBlock4_v2.xlsx,Michelle.mp4,Michelle.JPG,Michelle,52,Միգհէլլէ,0,3,3,3,0,7,7,7,,,,,,,1,2,1.253156829,,,,,,,,,,,,28,1,2019_Aug_20_1557,FaceNameBlocked,3.0.0,59.96921768,
29,FacesBlock1_v2.xlsx,Natalie.mp4,Natalie.JPG,Natalie,7,Նադալիէ,0,0,0,0,,,,,0,13,13,7,,,,,,,,,None,1,0.501638918,,,,,,28,1,2019_Aug_20_1557,FaceNameBlocked,3.0.0,59.96921768,
4,FacesBlock1_v2.xlsx,Natalie.mp4,Natalie.JPG,Natalie,7,Նադալիէ,0,0,0,0,0,3,3,7,,,,,,,1,2,0.386263642,,,,,,,,,,,,28,1,2019_Aug_20_1557,FaceNameBlocked,3.0.0,59.96921768,
68,FacesBlock3_v2.xlsx,Nathan.mp4,Nathan.JPG,Nathan,37,Նադհան,0,2,2,2,0,7,7,7,,,,,,,1,1,2.751970035,,,,,,,,,,,,28,1,2019_Aug_20_1557,FaceNameBlocked,3.0.0,59.96921768,
89,FacesBlock3_v2.xlsx,Nathan.mp4,Nathan.JPG,Nathan,37,Նադհան,0,2,2,2,,,,,0,13,13,7,,,,,,,,,None,1,0.635705483,,,,,,28,1,2019_Aug_20_1557,FaceNameBlocked,3.0.0,59.96921768,
90,FacesBlock3_v2.xlsx,Nicole.mp4,Nicole.JPG,Nicole,43,Նիգոլէ,0,2,2,2,,,,,0,14,14,13,,,,,,,,,None,1,0.902167584,,,,,,28,1,2019_Aug_20_1557,FaceNameBlocked,3.0.0,59.96921768,
70,FacesBlock3_v2.xlsx,Nicole.mp4,Nicole.JPG,Nicole,43,Նիգոլէ,0,2,2,2,0,9,9,13,,,,,,,1,2,1.252587815,,,,,,,,,,,,28,1,2019_Aug_20_1557,FaceNameBlocked,3.0.0,59.96921768,
81,FacesBlock3_v2.xlsx,Noah.mp4,Noah.JPG,Noah,31,Նոահ,0,2,2,2,,,,,0,5,5,1,,,,,,,,kevin,"['k', 'e', 'v', 'i', 'n']",1,0.751543363,"[3.651722506969236, 3.8514675750629976, 5.217295725014992, 5.334685412002727, 5.450514412019402]",[3.65172,3.65172,,,28,1,2019_Aug_20_1557,FaceNameBlocked,3.0.0,59.96921768,
75,FacesBlock3_v2.xlsx,Noah.mp4,Noah.JPG,Noah,31,Նոահ,0,2,2,2,0,14,14,1,,,,,,,0,1,0.8527492,,,,,,,,,,,,28,1,2019_Aug_20_1557,FaceNameBlocked,3.0.0,59.96921768,
80,FacesBlock3_v2.xlsx,Olivia.mp4,Olivia.JPG,Olivia,35,Ոլիւիա,0,2,2,2,,,,,0,4,4,5,,,,,,,,olivia,"['o', 'l', 'i', 'v', 'i', 'a']",4,1.568538167,"[5.2007716270163655, 5.367306365980767, 5.566793375997804, 5.7332481279736385, 6.050236150971614, 6.233078186982311]",[5.20077,5.20077,,,28,1,2019_Aug_20_1557,FaceNameBlocked,3.0.0,59.96921768,
71,FacesBlock3_v2.xlsx,Olivia.mp4,Olivia.JPG,Olivia,35,Ոլիւիա,0,2,2,2,0,10,10,5,,,,,,,1,2,2.435845634,,,,,,,,,,,,28,1,2019_Aug_20_1557,FaceNameBlocked,3.0.0,59.96921768,
55,FacesBlock2_v2.xlsx,Rachel.mp4,Rachel.JPG,Rachel,29,Րագհէլ,0,1,1,1,,,,,0,9,9,14,,,,,,,,hather,"['h', 'a', 't', 'h', 'e', 'r']",1,2.585424132,"[6.667132484028116, 7.150495009031147, 7.717326086945832, 7.882997366017662, 8.166845861938782, 8.333628196967766]",[6.66713,6.66713,,,28,1,2019_Aug_20_1557,FaceNameBlocked,3.0.0,59.96921768,
39,FacesBlock2_v2.xlsx,Rachel.mp4,Rachel.JPG,Rachel,29,Րագհէլ,0,1,1,1,0,8,8,14,,,,,,,1,2,0.952690666,,,,,,,,,,,,28,1,2019_Aug_20_1557,FaceNameBlocked,3.0.0,59.96921768,
74,FacesBlock3_v2.xlsx,Rebecca.mp4,Rebecca.JPG,Rebecca,32,Րէբէգգա,0,2,2,2,0,13,13,2,,,,,,,1,2,1.269362512,,,,,,,,,,,,28,1,2019_Aug_20_1557,FaceNameBlocked,3.0.0,59.96921768,
87,FacesBlock3_v2.xlsx,Rebecca.mp4,Rebecca.JPG,Rebecca,32,Րէբէգգա,0,2,2,2,,,,,0,11,11,2,,,,,,,,,"['b', 'i', 'c', 'o', 'l', 'backspace', 'backspace', 'backspace', 'backspace', 'backspace', 'backspace']",1,0.818150778,"[5.632970366044901, 5.866773191024549, 6.016777836019173, 6.149790012976155, 6.350054820068181, 6.947773842024617, 8.165273242047988, 8.33160008105915, 8.448253392009065, 8.61533324199263, 8.747160857077688]",[5.63297,5.63297,,,28,1,2019_Aug_20_1557,FaceNameBlocked,3.0.0,59.96921768,
67,FacesBlock3_v2.xlsx,Sarah.mp4,Sarah.JPG,Sarah,33,Սարահ,0,2,2,2,0,6,6,3,,,,,,,1,2,3.718626974,,,,,,,,,,,,28,1,2019_Aug_20_1557,FaceNameBlocked,3.0.0,59.96921768,
82,FacesBlock3_v2.xlsx,Sarah.mp4,Sarah.JPG,Sarah,33,Սարահ,0,2,2,2,,,,,0,6,6,3,,,,,,,,,None,1,0.985676359,,,,,,28,1,2019_Aug_20_1557,FaceNameBlocked,3.0.0,59.96921768,
64,FacesBlock3_v2.xlsx,Shelby.mp4,Shelby.JPG,Shelby,36,Սհէլբե,0,2,2,2,0,3,3,6,,,,,,,1,2,1.618641252,,,,,,,,,,,,28,1,2019_Aug_20_1557,FaceNameBlocked,3.0.0,59.96921768,
76,FacesBlock3_v2.xlsx,Shelby.mp4,Shelby.JPG,Shelby,36,Սհէլբե,0,2,2,2,,,,,0,0,0,6,,,,,,space,2.367656063,chia bo,"['c', 'h', 'i', 'b', 'o', 'backspace', 'backspace', 'a', 'space', 'b', 'o']",1,1.23512904,"[2.268115304992534, 2.4019689990673214, 2.649180507985875, 3.567135930992663, 4.733678380027413, 6.665818216977641, 6.8660135010723025, 7.083185755996965, 7.6825723350048065, 7.882605009013787, 8.199445992009714]",[2.26811,2.26811,,,28,1,2019_Aug_20_1557,FaceNameBlocked,3.0.0,59.96921768,
38,FacesBlock2_v2.xlsx,Steven.mp4,Steven.JPG,Steven,17,Սդէւէն,0,1,1,1,0,7,7,2,,,,,,,1,1,0.869385792,,,,,,,,,,,,28,1,2019_Aug_20_1557,FaceNameBlocked,3.0.0,59.96921768,
52,FacesBlock2_v2.xlsx,Steven.mp4,Steven.JPG,Steven,17,Սդէւէն,0,1,1,1,,,,,0,6,6,2,,,,,,,,trevor,"['t', 'r', 'e', 'backspace', 'e', 'v', 'o', 'r']",1,0.885355517,"[4.351210376946256, 4.484726598951966, 4.784090869943611, 6.066850189934485, 7.4495412319665775, 7.814770168042742, 7.966556136030704, 8.099302022019401]",[4.35121,4.35121,,,28,1,2019_Aug_20_1557,FaceNameBlocked,3.0.0,59.96921768,
119,FacesBlock4_v2.xlsx,Taylor.mp4,Taylor.JPG,Taylor,45,Դաելոր,0,3,3,3,,,,,0,13,13,0,,,,,,,,,None,1,1.084991789,,,,,,28,1,2019_Aug_20_1557,FaceNameBlocked,3.0.0,59.96921768,
94,FacesBlock4_v2.xlsx,Taylor.mp4,Taylor.JPG,Taylor,45,Դաելոր,0,3,3,3,0,3,3,0,,,,,,,1,2,2.202398115,,,,,,,,,,,,28,1,2019_Aug_20_1557,FaceNameBlocked,3.0.0,59.96921768,
88,FacesBlock3_v2.xlsx,Thomas.mp4,Thomas.JPG,Thomas,44,Դհոմաս,0,2,2,2,,,,,0,12,12,14,,,,,,,,mark,"['m', 'a', 'r', 'k']",1,1.551957373,"[6.1152221920201555, 6.26676397700794, 6.6336846930207685, 6.700718522071838]",[6.11522,6.11522,,,28,1,2019_Aug_20_1557,FaceNameBlocked,3.0.0,59.96921768,
66,FacesBlock3_v2.xlsx,Thomas.mp4,Thomas.JPG,Thomas,44,Դհոմաս,0,2,2,2,0,5,5,14,,,,,,,0,1,1.519917771,,,,,,,,,,,,28,1,2019_Aug_20_1557,FaceNameBlocked,3.0.0,59.96921768,
25,FacesBlock1_v2.xlsx,Timothy.mp4,Timothy.JPG,Timothy,10,Դիմոդհե,0,0,0,0,,,,,0,9,9,10,,,,,,,,eric,"['e', 'r', 'i', 'c']",2,0.31905613,"[2.0856363729108125, 2.235888949013315, 2.3685497830156237, 2.6523179969517514]",[2.08563,2.08563,,,28,1,2019_Aug_20_1557,FaceNameBlocked,3.0.0,59.96921768,
8,FacesBlock1_v2.xlsx,Timothy.mp4,Timothy.JPG,Timothy,10,Դիմոդհե,0,0,0,0,0,7,7,10,,,,,,,0,1,0.418773296,,,,,,,,,,,,28,1,2019_Aug_20_1557,FaceNameBlocked,3.0.0,59.96921768,
57,FacesBlock2_v2.xlsx,Trevor.mp4,Trevor.JPG,Trevor,21,Դրէւոր,0,1,1,1,,,,,0,11,11,6,,,,,,,,,None,1,1.333613354,,,,,,28,1,2019_Aug_20_1557,FaceNameBlocked,3.0.0,59.96921768,
34,FacesBlock2_v2.xlsx,Trevor.mp4,Trevor.JPG,Trevor,21,Դրէւոր,0,1,1,1,0,3,3,6,,,,,,,0,1,0.319006427,,,,,,,,,,,,28,1,2019_Aug_20_1557,FaceNameBlocked,3.0.0,59.96921768,
53,FacesBlock2_v2.xlsx,Tyler.mp4,Tyler.JPG,Tyler,22,Դելէր,0,1,1,1,,,,,0,7,7,7,,,,,,,,,None,1,3.617705644,,,,,,28,1,2019_Aug_20_1557,FaceNameBlocked,3.0.0,59.96921768,
45,FacesBlock2_v2.xlsx,Tyler.mp4,Tyler.JPG,Tyler,22,Դելէր,0,1,1,1,0,14,14,7,,,,,,,0,1,1.219784241,,,,,,,,,,,,28,1,2019_Aug_20_1557,FaceNameBlocked,3.0.0,59.96921768,
0,,,,,,,,,,,,,,,,,,,space,61.74882588,,,,,,,,,,,,,,,28,1,2019_Aug_20_1557,FaceNameBlocked,3.0.0,59.96921768,
121,,,,,,,,,,,,,,,,,,,,,,,,,,,,,,,,,space,1306.558686,28,1,2019_Aug_20_1557,FaceNameBlocked,3.0.0,59.96921768,