,condsFile,Video,Photo,Name,Row,Name2,blocks.thisRepN,blocks.thisTrialN,blocks.thisN,blocks.thisIndex,presentations.thisRepN,presentations.thisTrialN,presentations.thisN,presentations.thisIndex,testing.thisRepN,testing.thisTrialN,testing.thisN,testing.thisIndex,advance_1.keys,advance_1.rt,currentCond,judgementResp.keys,judgementResp.rt,advance_2.keys,advance_2.rt,inputText,key_resp_3.keys,rating_resp.keys,rating_resp.rt,key_resp_3.rt,,key_resp3_fin,participant,session,date,expName,psychopyVersion,frameRate,Unnamed: 36
31,FacesBlock2_v2.xlsx,Aaron.mp4,Aaron.JPG,Aaron,18,Աարոն,0,1,1,1,0,0,0,3,,,,,,,0,1,1.335970306,,,,,,,,,,29,1,2019_Aug_20_1651,FaceNameBlocked,3.0.0,59.9988655,
53,FacesBlock2_v2.xlsx,Aaron.mp4,Aaron.JPG,Aaron,18,Աարոն,0,1,1,1,,,,,0,7,7,3,,,,,,,,,None,1,0.251475432,,,,29,1,2019_Aug_20_1651,FaceNameBlocked,3.0.0,59.9988655,
7,FacesBlock1_v2.xlsx,Adam.mp4,Adam.JPG,Adam,5,Ատամ,0,0,0,0,0,6,6,5,,,,,,,1,1,0.303703551,,,,,,,,,,29,1,2019_Aug_20_1651,FaceNameBlocked,3.0.0,59.9988655,
19,FacesBlock1_v2.xlsx,Adam.mp4,Adam.JPG,Adam,5,Ատամ,0,0,0,0,,,,,0,3,3,5,,,,,,,,,None,1,0.619381987,,,,29,1,2019_Aug_20_1651,FaceNameBlocked,3.0.0,59.9988655,
118,FacesBlock4_v2.xlsx,Alyssa.mp4,Alyssa.JPG,Alyssa,55,Ալեսսա,0,3,3,3,,,,,0,12,12,10,,,,,,,,,None,1,1.751795085,,,,29,1,2019_Aug_20_1651,FaceNameBlocked,3.0.0,59.9988655,
101,FacesBlock4_v2.xlsx,Alyssa.mp4,Alyssa.JPG,Alyssa,55,Ալեսսա,0,3,3,3,0,10,10,10,,,,,,,0,2,0.602739921,,,,,,,,,,29,1,2019_Aug_20_1651,FaceNameBlocked,3.0.0,59.9988655,
10,FacesBlock1_v2.xlsx,Amanda.mp4,Amanda.JPG,Amanda,2,Ամանտա,0,0,0,0,0,9,9,2,,,,,,,1,2,0.302839013,,,,,,,,,,29,1,2019_Aug_20_1651,FaceNameBlocked,3.0.0,59.9988655,
22,FacesBlock1_v2.xlsx,Amanda.mp4,Amanda.JPG,Amanda,2,Ամանտա,0,0,0,0,,,,,0,6,6,2,,,,,,,,,None,1,0.685612908,,,,29,1,2019_Aug_20_1651,FaceNameBlocked,3.0.0,59.9988655,
116,FacesBlock4_v2.xlsx,Andrew.mp4,Andrew.JPG,Andrew,51,Անտրէվ,0,3,3,3,,,,,0,10,10,6,,,,,,,,,None,1,1.40193039,,,,29,1,2019_Aug_20_1651,FaceNameBlocked,3.0.0,59.9988655,
95,FacesBlock4_v2.xlsx,Andrew.mp4,Andrew.JPG,Andrew,51,Անտրէվ,0,3,3,3,0,4,4,6,,,,,,,0,1,0.52016247,,,,,,,,,,29,1,2019_Aug_20_1651,FaceNameBlocked,3.0.0,59.9988655,
98,FacesBlock4_v2.xlsx,Anna.mp4,Anna.JPG,Anna,47,Աննա,0,3,3,3,0,7,7,2,,,,,,,1,2,0.767342553,,,,,,,,,,29,1,2019_Aug_20_1651,FaceNameBlocked,3.0.0,59.9988655,
115,FacesBlock4_v2.xlsx,Anna.mp4,Anna.JPG,Anna,47,Աննա,0,3,3,3,,,,,0,9,9,2,,,,,,,,,None,1,0.518606267,,,,29,1,2019_Aug_20_1651,FaceNameBlocked,3.0.0,59.9988655,
51,FacesBlock2_v2.xlsx,Ashley.mp4,Ashley.JPG,Ashley,24,Ասհլէե,0,1,1,1,,,,,0,5,5,9,,,,,,,,,None,1,1.052198581,,,,29,1,2019_Aug_20_1651,FaceNameBlocked,3.0.0,59.9988655,
41,FacesBlock2_v2.xlsx,Ashley.mp4,Ashley.JPG,Ashley,24,Ասհլէե,0,1,1,1,0,10,10,9,,,,,,,1,2,0.667517087,,,,,,,,,,29,1,2019_Aug_20_1651,FaceNameBlocked,3.0.0,59.9988655,
21,FacesBlock1_v2.xlsx,Bradley.mp4,Bradley.JPG,Bradley,14,Բրատլէե,0,0,0,0,,,,,0,5,5,14,,,,,,,,,None,1,0.568684674,,,,29,1,2019_Aug_20_1651,FaceNameBlocked,3.0.0,59.9988655,
13,FacesBlock1_v2.xlsx,Bradley.mp4,Bradley.JPG,Bradley,14,Բրատլէե,0,0,0,0,0,12,12,14,,,,,,,1,1,0.369745144,,,,,,,,,,29,1,2019_Aug_20_1651,FaceNameBlocked,3.0.0,59.9988655,
94,FacesBlock4_v2.xlsx,Brandon.mp4,Brandon.JPG,Brandon,56,Բրանտոն,0,3,3,3,0,3,3,11,,,,,,,1,1,0.519518481,,,,,,,,,,29,1,2019_Aug_20_1651,FaceNameBlocked,3.0.0,59.9988655,
107,FacesBlock4_v2.xlsx,Brandon.mp4,Brandon.JPG,Brandon,56,Բրանտոն,0,3,3,3,,,,,0,1,1,11,,,,,,,,,None,1,0.868038027,,,,29,1,2019_Aug_20_1651,FaceNameBlocked,3.0.0,59.9988655,
91,FacesBlock4_v2.xlsx,Brian.mp4,Brian.JPG,Brian,53,Բրիան,0,3,3,3,0,0,0,8,,,,,,,0,1,1.002931959,,,,,,,,,,29,1,2019_Aug_20_1651,FaceNameBlocked,3.0.0,59.9988655,
110,FacesBlock4_v2.xlsx,Brian.mp4,Brian.JPG,Brian,53,Բրիան,0,3,3,3,,,,,0,4,4,8,,,,,,,,Brian,"['lshift', 'b', 'r', 'i', 'a', 'n']",3,0.568599175,"[1.8503523441031575, 2.0679030840983614, 2.368291583028622, 2.634990987018682, 2.7680676330346614, 2.8677969370037317]",[1.85035,1.85035,29,1,2019_Aug_20_1651,FaceNameBlocked,3.0.0,59.9988655,
106,FacesBlock4_v2.xlsx,Brianna.mp4,Brianna.JPG,Brianna,48,Բրիաննա,0,3,3,3,,,,,0,0,0,3,,,,,,space,5.31682149,Brianna,"['lshift', 'b', 'r', 'i', 'a', 'n', 'n', 'a']",3,0.867951692,"[1.4008090019924566, 1.6354198580374941, 1.9500199999893084, 2.084718158002943, 2.2016300259856507, 2.3346042069606483, 2.4682692759670317, 2.535361689981073]",[1.40080,1.40080,29,1,2019_Aug_20_1651,FaceNameBlocked,3.0.0,59.9988655,
92,FacesBlock4_v2.xlsx,Brianna.mp4,Brianna.JPG,Brianna,48,Բրիաննա,0,3,3,3,0,1,1,3,,,,,,,0,2,0.552863944,,,,,,,,,,29,1,2019_Aug_20_1651,FaceNameBlocked,3.0.0,59.9988655,
38,FacesBlock2_v2.xlsx,Brittany.mp4,Brittany.JPG,Brittany,28,Բրիդդանե,0,1,1,1,0,7,7,13,,,,,,,1,2,0.602566128,,,,,,,,,,29,1,2019_Aug_20_1651,FaceNameBlocked,3.0.0,59.9988655,
46,FacesBlock2_v2.xlsx,Brittany.mp4,Brittany.JPG,Brittany,28,Բրիդդանե,0,1,1,1,,,,,0,0,0,13,,,,,,space,10.5318902,,None,1,1.368544613,,,,29,1,2019_Aug_20_1651,FaceNameBlocked,3.0.0,59.9988655,
119,FacesBlock4_v2.xlsx,Caleb.mp4,Caleb.JPG,Caleb,59,Գալէբ,0,3,3,3,,,,,0,13,13,14,,,,,,,,,None,1,0.768741019,,,,29,1,2019_Aug_20_1651,FaceNameBlocked,3.0.0,59.9988655,
103,FacesBlock4_v2.xlsx,Caleb.mp4,Caleb.JPG,Caleb,59,Գալէբ,0,3,3,3,0,12,12,14,,,,,,,0,1,0.386395,,,,,,,,,,29,1,2019_Aug_20_1651,FaceNameBlocked,3.0.0,59.9988655,
47,FacesBlock2_v2.xlsx,Cody.mp4,Cody.JPG,Cody,23,Գոտե,0,1,1,1,,,,,0,1,1,8,,,,,,,,,None,1,0.286058288,,,,29,1,2019_Aug_20_1651,FaceNameBlocked,3.0.0,59.9988655,
40,FacesBlock2_v2.xlsx,Cody.mp4,Cody.JPG,Cody,23,Գոտե,0,1,1,1,0,9,9,8,,,,,,,1,1,0.618663416,,,,,,,,,,29,1,2019_Aug_20_1651,FaceNameBlocked,3.0.0,59.9988655,
78,FacesBlock3_v2.xlsx,Courtney.mp4,Courtney.JPG,Courtney,42,Գոըրդնէե,0,2,2,2,,,,,0,2,2,12,,,,,,,,,None,1,1.034970612,,,,29,1,2019_Aug_20_1651,FaceNameBlocked,3.0.0,59.9988655,
71,FacesBlock3_v2.xlsx,Courtney.mp4,Courtney.JPG,Courtney,42,Գոըրդնէե,0,2,2,2,0,10,10,12,,,,,,,1,2,1.119386256,,,,,,,,,,29,1,2019_Aug_20_1651,FaceNameBlocked,3.0.0,59.9988655,
88,FacesBlock3_v2.xlsx,Daniel.mp4,Daniel.JPG,Daniel,30,Տանիէլ,0,2,2,2,,,,,0,12,12,0,,,,,,,,,None,1,0.535670687,,,,29,1,2019_Aug_20_1651,FaceNameBlocked,3.0.0,59.9988655,
63,FacesBlock3_v2.xlsx,Daniel.mp4,Daniel.JPG,Daniel,30,Տանիէլ,0,2,2,2,0,2,2,0,,,,,,,1,1,0.603637041,,,,,,,,,,29,1,2019_Aug_20_1651,FaceNameBlocked,3.0.0,59.9988655,
5,FacesBlock1_v2.xlsx,Danielle.mp4,Danielle.JPG,Danielle,3,Տանիէլլէ,0,0,0,0,0,4,4,3,,,,,,,1,2,0.302905704,,,,,,,,,,29,1,2019_Aug_20_1651,FaceNameBlocked,3.0.0,59.9988655,
17,FacesBlock1_v2.xlsx,Danielle.mp4,Danielle.JPG,Danielle,3,Տանիէլլէ,0,0,0,0,,,,,0,1,1,3,,,,,,,,,None,1,1.051798972,,,,29,1,2019_Aug_20_1651,FaceNameBlocked,3.0.0,59.9988655,
33,FacesBlock2_v2.xlsx,David.mp4,David.JPG,David,16,Տաւիտ,0,1,1,1,0,2,2,1,,,,,,,0,1,0.702836531,,,,,,,,,,29,1,2019_Aug_20_1651,FaceNameBlocked,3.0.0,59.9988655,
48,FacesBlock2_v2.xlsx,David.mp4,David.JPG,David,16,Տաւիտ,0,1,1,1,,,,,0,2,2,1,,,,,,,,,None,1,0.518446888,,,,29,1,2019_Aug_20_1651,FaceNameBlocked,3.0.0,59.9988655,
117,FacesBlock4_v2.xlsx,Dylan.mp4,Dylan.JPG,Dylan,50,Տելան,0,3,3,3,,,,,0,11,11,5,,,,,,,,,None,1,0.818941934,,,,29,1,2019_Aug_20_1651,FaceNameBlocked,3.0.0,59.9988655,
99,FacesBlock4_v2.xlsx,Dylan.mp4,Dylan.JPG,Dylan,50,Տելան,0,3,3,3,0,8,8,5,,,,,,,0,1,0.986832728,,,,,,,,,,29,1,2019_Aug_20_1651,FaceNameBlocked,3.0.0,59.9988655,
109,FacesBlock4_v2.xlsx,Emily.mp4,Emily.JPG,Emily,57,Էմիլե,0,3,3,3,,,,,0,3,3,12,,,,,,,,,None,1,0.952409495,,,,29,1,2019_Aug_20_1651,FaceNameBlocked,3.0.0,59.9988655,
96,FacesBlock4_v2.xlsx,Emily.mp4,Emily.JPG,Emily,57,Էմիլե,0,3,3,3,0,5,5,12,,,,,,,1,2,0.686371489,,,,,,,,,,29,1,2019_Aug_20_1651,FaceNameBlocked,3.0.0,59.9988655,
8,FacesBlock1_v2.xlsx,Eric.mp4,Eric.JPG,Eric,0,Էրիգ,0,0,0,0,0,7,7,0,,,,,,,1,1,0.369144592,,,,,,,,,,29,1,2019_Aug_20_1651,FaceNameBlocked,3.0.0,59.9988655,
18,FacesBlock1_v2.xlsx,Eric.mp4,Eric.JPG,Eric,0,Էրիգ,0,0,0,0,,,,,0,2,2,0,,,,,,,,,None,1,0.585510527,,,,29,1,2019_Aug_20_1651,FaceNameBlocked,3.0.0,59.9988655,
1,FacesBlock1_v2.xlsx,Ethan.mp4,Ethan.JPG,Ethan,11,Էդհան,0,0,0,0,0,0,0,11,,,,,,,0,1,0.652869611,,,,,,,,,,29,1,2019_Aug_20_1651,FaceNameBlocked,3.0.0,59.9988655,
30,FacesBlock1_v2.xlsx,Ethan.mp4,Ethan.JPG,Ethan,11,Էդհան,0,0,0,0,,,,,0,14,14,11,,,,,,,,,None,1,0.669280963,,,,29,1,2019_Aug_20_1651,FaceNameBlocked,3.0.0,59.9988655,
113,FacesBlock4_v2.xlsx,Grace.mp4,Grace.JPG,Grace,58,Կրագէ,0,3,3,3,,,,,0,7,7,13,,,,,,,,Grace,"['lshift', 'g', 'r', 'a', 'c', 'e']",4,0.550373286,"[1.1338606670033187, 1.2687820621067658, 1.5844294050475582, 1.7181147650117055, 1.9181933330837637, 1.968449340085499]",[1.13386,1.13386,29,1,2019_Aug_20_1651,FaceNameBlocked,3.0.0,59.9988655,
100,FacesBlock4_v2.xlsx,Grace.mp4,Grace.JPG,Grace,58,Կրագէ,0,3,3,3,0,9,9,13,,,,,,,1,2,0.653104593,,,,,,,,,,29,1,2019_Aug_20_1651,FaceNameBlocked,3.0.0,59.9988655,
54,FacesBlock2_v2.xlsx,Haley.mp4,Haley.JPG,Haley,20,Հալէե,0,1,1,1,,,,,0,8,8,5,,,,,,,,,None,1,0.401637942,,,,29,1,2019_Aug_20_1651,FaceNameBlocked,3.0.0,59.9988655,
39,FacesBlock2_v2.xlsx,Haley.mp4,Haley.JPG,Haley,20,Հալէե,0,1,1,1,0,8,8,5,,,,,,,1,2,0.683605172,,,,,,,,,,29,1,2019_Aug_20_1651,FaceNameBlocked,3.0.0,59.9988655,
4,FacesBlock1_v2.xlsx,Hannah.mp4,Hannah.JPG,Hannah,1,Հաննահ,0,0,0,0,0,3,3,1,,,,,,,1,2,0.470238802,,,,,,,,,,29,1,2019_Aug_20_1651,FaceNameBlocked,3.0.0,59.9988655,
24,FacesBlock1_v2.xlsx,Hannah.mp4,Hannah.JPG,Hannah,1,Հաննահ,0,0,0,0,,,,,0,8,8,1,,,,,,,,,None,1,1.167970286,,,,29,1,2019_Aug_20_1651,FaceNameBlocked,3.0.0,59.9988655,
50,FacesBlock2_v2.xlsx,Heather.mp4,Heather.JPG,Heather,26,Հէադհէր,0,1,1,1,,,,,0,4,4,11,,,,,,,,,None,1,0.435469025,,,,29,1,2019_Aug_20_1651,FaceNameBlocked,3.0.0,59.9988655,
45,FacesBlock2_v2.xlsx,Heather.mp4,Heather.JPG,Heather,26,Հէադհէր,0,1,1,1,0,14,14,11,,,,,,,0,2,0.685901084,,,,,,,,,,29,1,2019_Aug_20_1651,FaceNameBlocked,3.0.0,59.9988655,
85,FacesBlock3_v2.xlsx,Jacob.mp4,Jacob.JPG,Jacob,39,Ճագոբ,0,2,2,2,,,,,0,9,9,9,,,,,,,,Jacob,"['lshift', 'j', 'a', 'c', 'o', 'b']",3,0.73660858,"[3.6493397690355778, 3.7847420980688184, 4.100619656033814, 4.3335219520376995, 4.583633486996405, 4.933659543050453]",[3.64933,3.64933,29,1,2019_Aug_20_1651,FaceNameBlocked,3.0.0,59.9988655,
73,FacesBlock3_v2.xlsx,Jacob.mp4,Jacob.JPG,Jacob,39,Ճագոբ,0,2,2,2,0,12,12,9,,,,,,,0,1,0.602870518,,,,,,,,,,29,1,2019_Aug_20_1651,FaceNameBlocked,3.0.0,59.9988655,
112,FacesBlock4_v2.xlsx,Jason.mp4,Jason.JPG,Jason,49,Ճասոն,0,3,3,3,,,,,0,6,6,4,,,,,,,,,None,1,0.568605703,,,,29,1,2019_Aug_20_1651,FaceNameBlocked,3.0.0,59.9988655,
104,FacesBlock4_v2.xlsx,Jason.mp4,Jason.JPG,Jason,49,Ճասոն,0,3,3,3,0,13,13,4,,,,,,,0,1,0.452718173,,,,,,,,,,29,1,2019_Aug_20_1651,FaceNameBlocked,3.0.0,59.9988655,
28,FacesBlock1_v2.xlsx,Jenna.mp4,Jenna.JPG,Jenna,6,Ճէննա,0,0,0,0,,,,,0,12,12,6,,,,,,,,,None,1,1.201277,,,,29,1,2019_Aug_20_1651,FaceNameBlocked,3.0.0,59.9988655,
12,FacesBlock1_v2.xlsx,Jenna.mp4,Jenna.JPG,Jenna,6,Ճէննա,0,0,0,0,0,11,11,6,,,,,,,0,2,0.269427124,,,,,,,,,,29,1,2019_Aug_20_1651,FaceNameBlocked,3.0.0,59.9988655,
58,FacesBlock2_v2.xlsx,Jeremy.mp4,Jeremy.JPG,Jeremy,15,Ճէրէմե,0,1,1,1,,,,,0,12,12,0,,,,,,,,Tyler,"['lshift', 't', 'y', 'l', 'e', 'r']",2,1.184649822,"[3.633349690004252, 4.082418635953218, 4.40107006195467, 4.617137167020701, 4.900923446053639, 5.000755090964958]",[3.63334,3.63334,29,1,2019_Aug_20_1651,FaceNameBlocked,3.0.0,59.9988655,
32,FacesBlock2_v2.xlsx,Jeremy.mp4,Jeremy.JPG,Jeremy,15,Ճէրէմե,0,1,1,1,0,1,1,0,,,,,,,1,1,0.802794324,,,,,,,,,,29,1,2019_Aug_20_1651,FaceNameBlocked,3.0.0,59.9988655,
15,FacesBlock1_v2.xlsx,Jessica.mp4,Jessica.JPG,Jessica,8,Ճէսսիգա,0,0,0,0,0,14,14,8,,,,,,,0,2,0.300729287,,,,,,,,,,29,1,2019_Aug_20_1651,FaceNameBlocked,3.0.0,59.9988655,
26,FacesBlock1_v2.xlsx,Jessica.mp4,Jessica.JPG,Jessica,8,Ճէսսիգա,0,0,0,0,,,,,0,10,10,8,,,,,,,,,None,1,0.468855551,,,,29,1,2019_Aug_20_1651,FaceNameBlocked,3.0.0,59.9988655,
57,FacesBlock2_v2.xlsx,Josh.mp4,Josh.JPG,Josh,19,Ճոսհ,0,1,1,1,,,,,0,11,11,4,,,,,,,,Josh,"['lshift', 'j', 'o', 's', 'h']",4,1.651731661,"[9.048481301986612, 9.115742449997924, 9.332999977981672, 9.483061482082121, 9.549104175064713]",[9.04848,9.04848,29,1,2019_Aug_20_1651,FaceNameBlocked,3.0.0,59.9988655,
37,FacesBlock2_v2.xlsx,Josh.mp4,Josh.JPG,Josh,19,Ճոսհ,0,1,1,1,0,6,6,4,,,,,,,1,1,0.70276573,,,,,,,,,,29,1,2019_Aug_20_1651,FaceNameBlocked,3.0.0,59.9988655,
2,FacesBlock1_v2.xlsx,Julia.mp4,Julia.JPG,Julia,13,Ճըլիա,0,0,0,0,0,1,1,13,,,,,,,1,2,0.452896419,,,,,,,,,,29,1,2019_Aug_20_1651,FaceNameBlocked,3.0.0,59.9988655,
25,FacesBlock1_v2.xlsx,Julia.mp4,Julia.JPG,Julia,13,Ճըլիա,0,0,0,0,,,,,0,9,9,13,,,,,,,,,None,1,0.735874383,,,,29,1,2019_Aug_20_1651,FaceNameBlocked,3.0.0,59.9988655,
55,FacesBlock2_v2.xlsx,Justin.mp4,Justin.JPG,Justin,27,Ճըսդին,0,1,1,1,,,,,0,9,9,12,,,,,,,,,None,1,0.33512364,,,,29,1,2019_Aug_20_1651,FaceNameBlocked,3.0.0,59.9988655,
42,FacesBlock2_v2.xlsx,Justin.mp4,Justin.JPG,Justin,27,Ճըսդին,0,1,1,1,0,11,11,12,,,,,,,1,1,0.719776908,,,,,,,,,,29,1,2019_Aug_20_1651,FaceNameBlocked,3.0.0,59.9988655,
97,FacesBlock4_v2.xlsx,Katie.mp4,Katie.JPG,Katie,54,Քադիէ,0,3,3,3,0,6,6,9,,,,,,,1,2,0.86940653,,,,,,,,,,29,1,2019_Aug_20_1651,FaceNameBlocked,3.0.0,59.9988655,
120,FacesBlock4_v2.xlsx,Katie.mp4,Katie.JPG,Katie,54,Քադիէ,0,3,3,3,,,,,0,14,14,9,,,,,,,,,None,1,0.685517396,,,,29,1,2019_Aug_20_1651,FaceNameBlocked,3.0.0,59.9988655,
70,FacesBlock3_v2.xlsx,Kayla.mp4,Kayla.JPG,Kayla,34,Սարահ,0,2,2,2,0,9,9,4,,,,,,,1,2,0.78576364,,,,,,,,,,29,1,2019_Aug_20_1651,FaceNameBlocked,3.0.0,59.9988655,
80,FacesBlock3_v2.xlsx,Kayla.mp4,Kayla.JPG,Kayla,34,Սարահ,0,2,2,2,,,,,0,4,4,4,,,,,,,,,None,1,1.869075323,,,,29,1,2019_Aug_20_1651,FaceNameBlocked,3.0.0,59.9988655,
9,FacesBlock1_v2.xlsx,Kelsey.mp4,Kelsey.JPG,Kelsey,12,Քէլսէե,0,0,0,0,0,8,8,12,,,,,,,1,2,0.353501008,,,,,,,,,,29,1,2019_Aug_20_1651,FaceNameBlocked,3.0.0,59.9988655,
20,FacesBlock1_v2.xlsx,Kelsey.mp4,Kelsey.JPG,Kelsey,12,Քէլսէե,0,0,0,0,,,,,0,4,4,12,,,,,,,,,None,1,0.2850438,,,,29,1,2019_Aug_20_1651,FaceNameBlocked,3.0.0,59.9988655,
87,FacesBlock3_v2.xlsx,Kevin.mp4,Kevin.JPG,Kevin,41,Քէւին,0,2,2,2,,,,,0,11,11,11,,,,,,,,,None,1,0.48531936,,,,29,1,2019_Aug_20_1651,FaceNameBlocked,3.0.0,59.9988655,
67,FacesBlock3_v2.xlsx,Kevin.mp4,Kevin.JPG,Kevin,41,Քէւին,0,2,2,2,0,6,6,11,,,,,,,0,1,0.71917842,,,,,,,,,,29,1,2019_Aug_20_1651,FaceNameBlocked,3.0.0,59.9988655,
16,FacesBlock1_v2.xlsx,Kyle.mp4,Kyle.JPG,Kyle,4,Քելէ,0,0,0,0,,,,,0,0,0,4,,,,,,space,25.57739857,,None,1,3.018153356,,,,29,1,2019_Aug_20_1651,FaceNameBlocked,3.0.0,59.9988655,
6,FacesBlock1_v2.xlsx,Kyle.mp4,Kyle.JPG,Kyle,4,Քելէ,0,0,0,0,0,5,5,4,,,,,,,0,1,0.269757476,,,,,,,,,,29,1,2019_Aug_20_1651,FaceNameBlocked,3.0.0,59.9988655,
72,FacesBlock3_v2.xlsx,Lauren.mp4,Lauren.JPG,Lauren,38,Լաըրէն,0,2,2,2,0,11,11,8,,,,,,,1,2,0.702838364,,,,,,,,,,29,1,2019_Aug_20_1651,FaceNameBlocked,3.0.0,59.9988655,
83,FacesBlock3_v2.xlsx,Lauren.mp4,Lauren.JPG,Lauren,38,Լաըրէն,0,2,2,2,,,,,0,7,7,8,,,,,,,,,None,1,1.03623193,,,,29,1,2019_Aug_20_1651,FaceNameBlocked,3.0.0,59.9988655,
79,FacesBlock3_v2.xlsx,Mark.mp4,Mark.JPG,Mark,40,Մարք,0,2,2,2,,,,,0,3,3,10,,,,,,,,Mark,"['lshift', 'm', 'a', 'r', 'k']",2,1.266971666,"[2.9159209510544315, 3.28474717005156, 3.6343335860874504, 3.750855923979543, 4.0840269239852205]",[2.91592,2.91592,29,1,2019_Aug_20_1651,FaceNameBlocked,3.0.0,59.9988655,
65,FacesBlock3_v2.xlsx,Mark.mp4,Mark.JPG,Mark,40,Մարք,0,2,2,2,0,4,4,10,,,,,,,1,1,0.752696825,,,,,,,,,,29,1,2019_Aug_20_1651,FaceNameBlocked,3.0.0,59.9988655,
11,FacesBlock1_v2.xlsx,Matthew.mp4,Matthew.JPG,Matthew,9,Մադդհէվ,0,0,0,0,0,10,10,9,,,,,,,0,1,0.486075501,,,,,,,,,,29,1,2019_Aug_20_1651,FaceNameBlocked,3.0.0,59.9988655,
27,FacesBlock1_v2.xlsx,Matthew.mp4,Matthew.JPG,Matthew,9,Մադդհէվ,0,0,0,0,,,,,0,11,11,9,,,,,,,,,None,1,0.651402386,,,,29,1,2019_Aug_20_1651,FaceNameBlocked,3.0.0,59.9988655,
52,FacesBlock2_v2.xlsx,Megan.mp4,Megan.JPG,Megan,25,Մէկան,0,1,1,1,,,,,0,6,6,10,,,,,,,,,None,1,0.618265028,,,,29,1,2019_Aug_20_1651,FaceNameBlocked,3.0.0,59.9988655,
43,FacesBlock2_v2.xlsx,Megan.mp4,Megan.JPG,Megan,25,Մէկան,0,1,1,1,0,12,12,10,,,,,,,0,2,0.702578992,,,,,,,,,,29,1,2019_Aug_20_1651,FaceNameBlocked,3.0.0,59.9988655,
93,FacesBlock4_v2.xlsx,Michael.mp4,Michael.JPG,Michael,46,Միգհաէլ,0,3,3,3,0,2,2,1,,,,,,,0,1,0.719157849,,,,,,,,,,29,1,2019_Aug_20_1651,FaceNameBlocked,3.0.0,59.9988655,
114,FacesBlock4_v2.xlsx,Michael.mp4,Michael.JPG,Michael,46,Միգհաէլ,0,3,3,3,,,,,0,8,8,1,,,,,,,,Dylan,"['lshift', 'd', 'y', 'l', 'n', 'backspace', 'a', 'n']",2,0.402692561,"[2.6004246780648828, 3.385167276021093, 3.6675784239778295, 3.818167607067153, 4.017663408070803, 4.3827822770690545, 4.751291119959205, 4.851512111956254]",[2.60042,2.60042,29,1,2019_Aug_20_1651,FaceNameBlocked,3.0.0,59.9988655,
108,FacesBlock4_v2.xlsx,Michelle.mp4,Michelle.JPG,Michelle,52,Միգհէլլէ,0,3,3,3,,,,,0,2,2,7,,,,,,,,,None,1,0.619227456,,,,29,1,2019_Aug_20_1651,FaceNameBlocked,3.0.0,59.9988655,
105,FacesBlock4_v2.xlsx,Michelle.mp4,Michelle.JPG,Michelle,52,Միգհէլլէ,0,3,3,3,0,14,14,7,,,,,,,1,2,0.602924234,,,,,,,,,,29,1,2019_Aug_20_1651,FaceNameBlocked,3.0.0,59.9988655,
29,FacesBlock1_v2.xlsx,Natalie.mp4,Natalie.JPG,Natalie,7,Նադալիէ,0,0,0,0,,,,,0,13,13,7,,,,,,,,,None,1,0.635393765,,,,29,1,2019_Aug_20_1651,FaceNameBlocked,3.0.0,59.9988655,
14,FacesBlock1_v2.xlsx,Natalie.mp4,Natalie.JPG,Natalie,7,Նադալիէ,0,0,0,0,0,13,13,7,,,,,,,0,2,0.303414853,,,,,,,,,,29,1,2019_Aug_20_1651,FaceNameBlocked,3.0.0,59.9988655,
90,FacesBlock3_v2.xlsx,Nathan.mp4,Nathan.JPG,Nathan,37,Նադհան,0,2,2,2,,,,,0,14,14,7,,,,,,,,Matthew,"['lshift', 'm', 'a', 't', 't', 'h', 'e', 'w']",2,0.452135333,"[3.0660031960578635, 3.167848077020608, 3.551201133057475, 3.667325960006565, 3.8345206920057535, 3.90098122600466, 3.967261683079414, 4.117979013011791]",[3.06600,3.06600,29,1,2019_Aug_20_1651,FaceNameBlocked,3.0.0,59.9988655,
61,FacesBlock3_v2.xlsx,Nathan.mp4,Nathan.JPG,Nathan,37,Նադհան,0,2,2,2,0,0,0,7,,,,,,,0,1,1.336504564,,,,,,,,,,29,1,2019_Aug_20_1651,FaceNameBlocked,3.0.0,59.9988655,
81,FacesBlock3_v2.xlsx,Nicole.mp4,Nicole.JPG,Nicole,43,Նիգոլէ,0,2,2,2,,,,,0,5,5,13,,,,,,,,,None,1,0.75203179,,,,29,1,2019_Aug_20_1651,FaceNameBlocked,3.0.0,59.9988655,
74,FacesBlock3_v2.xlsx,Nicole.mp4,Nicole.JPG,Nicole,43,Նիգոլէ,0,2,2,2,0,13,13,13,,,,,,,0,2,0.835995746,,,,,,,,,,29,1,2019_Aug_20_1651,FaceNameBlocked,3.0.0,59.9988655,
77,FacesBlock3_v2.xlsx,Noah.mp4,Noah.JPG,Noah,31,Նոահ,0,2,2,2,,,,,0,1,1,1,,,,,,,,,None,1,0.386643459,,,,29,1,2019_Aug_20_1651,FaceNameBlocked,3.0.0,59.9988655,
68,FacesBlock3_v2.xlsx,Noah.mp4,Noah.JPG,Noah,31,Նոահ,0,2,2,2,0,7,7,1,,,,,,,0,1,0.30327533,,,,,,,,,,29,1,2019_Aug_20_1651,FaceNameBlocked,3.0.0,59.9988655,
64,FacesBlock3_v2.xlsx,Olivia.mp4,Olivia.JPG,Olivia,35,Ոլիւիա,0,2,2,2,0,3,3,5,,,,,,,1,2,0.952712276,,,,,,,,,,29,1,2019_Aug_20_1651,FaceNameBlocked,3.0.0,59.9988655,
76,FacesBlock3_v2.xlsx,Olivia.mp4,Olivia.JPG,Olivia,35,Ոլիւիա,0,2,2,2,,,,,0,0,0,5,,,,,,space,6.116877542,Olivia,"['lshift', 'o', 'l', 'i', 'v', 'i', 'a']",2,0.552047975,"[3.1668184449663386, 3.2512706349371, 3.484488289919682, 3.6342797039542347, 3.7515141039621085, 3.883852206985466, 3.9846688830293715]",[3.16681,3.16681,29,1,2019_Aug_20_1651,FaceNameBlocked,3.0.0,59.9988655,
60,FacesBlock2_v2.xlsx,Rachel.mp4,Rachel.JPG,Rachel,29,Րագհէլ,0,1,1,1,,,,,0,14,14,14,,,,,,,,,None,1,0.35271249,,,,29,1,2019_Aug_20_1651,FaceNameBlocked,3.0.0,59.9988655,
34,FacesBlock2_v2.xlsx,Rachel.mp4,Rachel.JPG,Rachel,29,Րագհէլ,0,1,1,1,0,3,3,14,,,,,,,0,2,0.952170756,,,,,,,,,,29,1,2019_Aug_20_1651,FaceNameBlocked,3.0.0,59.9988655,
69,FacesBlock3_v2.xlsx,Rebecca.mp4,Rebecca.JPG,Rebecca,32,Րէբէգգա,0,2,2,2,0,8,8,2,,,,,,,0,2,1.802106117,,,,,,,,,,29,1,2019_Aug_20_1651,FaceNameBlocked,3.0.0,59.9988655,
82,FacesBlock3_v2.xlsx,Rebecca.mp4,Rebecca.JPG,Rebecca,32,Րէբէգգա,0,2,2,2,,,,,0,6,6,2,,,,,,,,,None,1,0.668994983,,,,29,1,2019_Aug_20_1651,FaceNameBlocked,3.0.0,59.9988655,
89,FacesBlock3_v2.xlsx,Sarah.mp4,Sarah.JPG,Sarah,33,Սարահ,0,2,2,2,,,,,0,13,13,3,,,,,,,,,None,1,1.069420877,,,,29,1,2019_Aug_20_1651,FaceNameBlocked,3.0.0,59.9988655,
62,FacesBlock3_v2.xlsx,Sarah.mp4,Sarah.JPG,Sarah,33,Սարահ,0,2,2,2,0,1,1,3,,,,,,,1,2,0.736200898,,,,,,,,,,29,1,2019_Aug_20_1651,FaceNameBlocked,3.0.0,59.9988655,
66,FacesBlock3_v2.xlsx,Shelby.mp4,Shelby.JPG,Shelby,36,Սհէլբե,0,2,2,2,0,5,5,6,,,,,,,1,2,0.819652752,,,,,,,,,,29,1,2019_Aug_20_1651,FaceNameBlocked,3.0.0,59.9988655,
86,FacesBlock3_v2.xlsx,Shelby.mp4,Shelby.JPG,Shelby,36,Սհէլբե,0,2,2,2,,,,,0,10,10,6,,,,,,,,Shelby,"['lshift', 's', 'h', 'e', 'l', 'b', 'y']",4,0.752074605,"[1.8502631459850818, 1.9515243789646775, 2.3352787930052727, 2.501945539028384, 2.618792049936019, 2.951316884951666, 3.085256441961974]",[1.85026,1.85026,29,1,2019_Aug_20_1651,FaceNameBlocked,3.0.0,59.9988655,
59,FacesBlock2_v2.xlsx,Steven.mp4,Steven.JPG,Steven,17,Սդէւէն,0,1,1,1,,,,,0,13,13,2,,,,,,,,,None,1,0.318135008,,,,29,1,2019_Aug_20_1651,FaceNameBlocked,3.0.0,59.9988655,
44,FacesBlock2_v2.xlsx,Steven.mp4,Steven.JPG,Steven,17,Սդէւէն,0,1,1,1,0,13,13,2,,,,,,,0,1,0.902679637,,,,,,,,,,29,1,2019_Aug_20_1651,FaceNameBlocked,3.0.0,59.9988655,
111,FacesBlock4_v2.xlsx,Taylor.mp4,Taylor.JPG,Taylor,45,Դաելոր,0,3,3,3,,,,,0,5,5,0,,,,,,,,Amanda,"['lshift', 'a', 'm', 'a', 'n', 'd', 'a']",2,0.552714067,"[4.533616552944295, 4.632724765921012, 4.9179750309558585, 5.0683272880269215, 5.184653784963302, 5.551356556941755, 5.867651085020043]",[4.53361,4.53361,29,1,2019_Aug_20_1651,FaceNameBlocked,3.0.0,59.9988655,
102,FacesBlock4_v2.xlsx,Taylor.mp4,Taylor.JPG,Taylor,45,Դաելոր,0,3,3,3,0,11,11,0,,,,,,,1,2,0.302994212,,,,,,,,,,29,1,2019_Aug_20_1651,FaceNameBlocked,3.0.0,59.9988655,
84,FacesBlock3_v2.xlsx,Thomas.mp4,Thomas.JPG,Thomas,44,Դհոմաս,0,2,2,2,,,,,0,8,8,14,,,,,,,,,None,1,1.78523417,,,,29,1,2019_Aug_20_1651,FaceNameBlocked,3.0.0,59.9988655,
75,FacesBlock3_v2.xlsx,Thomas.mp4,Thomas.JPG,Thomas,44,Դհոմաս,0,2,2,2,0,14,14,14,,,,,,,0,1,0.602994994,,,,,,,,,,29,1,2019_Aug_20_1651,FaceNameBlocked,3.0.0,59.9988655,
3,FacesBlock1_v2.xlsx,Timothy.mp4,Timothy.JPG,Timothy,10,Դիմոդհե,0,0,0,0,0,2,2,10,,,,,,,0,1,0.303002337,,,,,,,,,,29,1,2019_Aug_20_1651,FaceNameBlocked,3.0.0,59.9988655,
23,FacesBlock1_v2.xlsx,Timothy.mp4,Timothy.JPG,Timothy,10,Դիմոդհե,0,0,0,0,,,,,0,7,7,10,,,,,,,,,None,1,0.935157997,,,,29,1,2019_Aug_20_1651,FaceNameBlocked,3.0.0,59.9988655,
56,FacesBlock2_v2.xlsx,Trevor.mp4,Trevor.JPG,Trevor,21,Դրէւոր,0,1,1,1,,,,,0,10,10,6,,,,,,,,,None,1,0.685416706,,,,29,1,2019_Aug_20_1651,FaceNameBlocked,3.0.0,59.9988655,
35,FacesBlock2_v2.xlsx,Trevor.mp4,Trevor.JPG,Trevor,21,Դրէւոր,0,1,1,1,0,4,4,6,,,,,,,0,1,0.669170595,,,,,,,,,,29,1,2019_Aug_20_1651,FaceNameBlocked,3.0.0,59.9988655,
49,FacesBlock2_v2.xlsx,Tyler.mp4,Tyler.JPG,Tyler,22,Դելէր,0,1,1,1,,,,,0,3,3,7,,,,,,,,,None,1,0.334969177,,,,29,1,2019_Aug_20_1651,FaceNameBlocked,3.0.0,59.9988655,
36,FacesBlock2_v2.xlsx,Tyler.mp4,Tyler.JPG,Tyler,22,Դելէր,0,1,1,1,0,5,5,7,,,,,,,0,1,0.502849056,,,,,,,,,,29,1,2019_Aug_20_1651,FaceNameBlocked,3.0.0,59.9988655,
0,,,,,,,,,,,,,,,,,,,space,43.52253776,,,,,,,,,,,,,29,1,2019_Aug_20_1651,FaceNameBlocked,3.0.0,59.9988655,