,condsFile,Video,Photo,Name,Row,Name2,blocks.thisRepN,blocks.thisTrialN,blocks.thisN,blocks.thisIndex,presentations.thisRepN,presentations.thisTrialN,presentations.thisN,presentations.thisIndex,testing.thisRepN,testing.thisTrialN,testing.thisN,testing.thisIndex,advance_1.keys,advance_1.rt,currentCond,judgementResp.keys,judgementResp.rt,advance_2.keys,advance_2.rt,inputText,key_resp_3.keys,key_resp_3.rt,,key_resp3_fin,rating_resp.keys,rating_resp.rt,end_key.keys,end_key.rt,participant,session,date,expName,psychopyVersion,frameRate,Unnamed: 38
55,FacesBlock2_v2.xlsx,Aaron.mp4,Aaron.JPG,Aaron,18,Աարոն,0,1,1,1,,,,,0,9,9,3,,,,,,,,,None,,,,1,0.585530896,,,2,1,2019_Jul_29_1259,FaceNameBlocked,3.0.0,60.0306339,
35,FacesBlock2_v2.xlsx,Aaron.mp4,Aaron.JPG,Aaron,18,Աարոն,0,1,1,1,0,4,4,3,,,,,,,1,1,2.432704683,,,,,,,,,,,,2,1,2019_Jul_29_1259,FaceNameBlocked,3.0.0,60.0306339,
22,FacesBlock1_v2.xlsx,Adam.mp4,Adam.JPG,Adam,5,Ատամ,0,0,0,0,,,,,0,6,6,5,,,,,,,,michelle,"['m', 'i', 'c', 'h', 'e', 'l', 'l', 'e', 'return']","[2.8184926270041615, 3.1020405360031873, 3.418844599975273, 3.5852928570238873, 3.999695818987675, 4.11736713105347, 4.267699577030726, 4.367562243016437, 5.017161636962555]",[2.81849,2.81849,2,1.33498175,,,2,1,2019_Jul_29_1259,FaceNameBlocked,3.0.0,60.0306339,
5,FacesBlock1_v2.xlsx,Adam.mp4,Adam.JPG,Adam,5,Ատամ,0,0,0,0,0,4,4,5,,,,,,,1,1,0.802526121,,,,,,,,,,,,2,1,2019_Jul_29_1259,FaceNameBlocked,3.0.0,60.0306339,
100,FacesBlock4_v2.xlsx,Alyssa.mp4,Alyssa.JPG,Alyssa,55,Ալեսսա,0,3,3,3,0,9,9,10,,,,,,,1,2,2.085833424,,,,,,,,,,,,2,1,2019_Jul_29_1259,FaceNameBlocked,3.0.0,60.0306339,
112,FacesBlock4_v2.xlsx,Alyssa.mp4,Alyssa.JPG,Alyssa,55,Ալեսսա,0,3,3,3,,,,,0,6,6,10,,,,,,,,,None,,,,1,1.567952148,,,2,1,2019_Jul_29_1259,FaceNameBlocked,3.0.0,60.0306339,
4,FacesBlock1_v2.xlsx,Amanda.mp4,Amanda.JPG,Amanda,2,Ամանտա,0,0,0,0,0,3,3,2,,,,,,,0,2,1.152437679,,,,,,,,,,,,2,1,2019_Jul_29_1259,FaceNameBlocked,3.0.0,60.0306339,
17,FacesBlock1_v2.xlsx,Amanda.mp4,Amanda.JPG,Amanda,2,Ամանտա,0,0,0,0,,,,,0,1,1,2,,,,,,,,,None,,,,1,1.718450744,,,2,1,2019_Jul_29_1259,FaceNameBlocked,3.0.0,60.0306339,
96,FacesBlock4_v2.xlsx,Andrew.mp4,Andrew.JPG,Andrew,51,Անտրէվ,0,3,3,3,0,5,5,6,,,,,,,1,1,1.416965533,,,,,,,,,,,,2,1,2019_Jul_29_1259,FaceNameBlocked,3.0.0,60.0306339,
107,FacesBlock4_v2.xlsx,Andrew.mp4,Andrew.JPG,Andrew,51,Անտրէվ,0,3,3,3,,,,,0,1,1,6,,,,,,,,ryan,"['r', 'y', 'a', 'n']","[2.735400483943522, 2.8666662899777293, 3.10190316895023, 3.151838377933018]",[2.73540,2.73540,2,0.83543979,,,2,1,2019_Jul_29_1259,FaceNameBlocked,3.0.0,60.0306339,
113,FacesBlock4_v2.xlsx,Anna.mp4,Anna.JPG,Anna,47,Աննա,0,3,3,3,,,,,0,7,7,2,,,,,,,,michelle,"['m', 'i', 'c', 'h', 'e', 'l', 'l', 'e']","[4.468280373024754, 4.784982130047865, 5.100749999983236, 5.917590282973833, 6.084615405998193, 6.333779876003973, 6.567590421065688, 6.801015080069192]",[4.46828,4.46828,1,0.402222064,,,2,1,2019_Jul_29_1259,FaceNameBlocked,3.0.0,60.0306339,
97,FacesBlock4_v2.xlsx,Anna.mp4,Anna.JPG,Anna,47,Աննա,0,3,3,3,0,6,6,2,,,,,,,0,2,0.886656268,,,,,,,,,,,,2,1,2019_Jul_29_1259,FaceNameBlocked,3.0.0,60.0306339,
59,FacesBlock2_v2.xlsx,Ashley.mp4,Ashley.JPG,Ashley,24,Ասհլէե,0,1,1,1,,,,,0,13,13,9,,,,,,,,ashley,"['a', 's', 'h', 'l', 'e', 'y']","[1.0683368711033836, 1.3016135410871357, 1.3678579130209982, 1.6678285840898752, 1.8180332550546154, 1.9180555870989338]",[1.06833,1.06833,2,0.65230907,,,2,1,2019_Jul_29_1259,FaceNameBlocked,3.0.0,60.0306339,
43,FacesBlock2_v2.xlsx,Ashley.mp4,Ashley.JPG,Ashley,24,Ասհլէե,0,1,1,1,0,12,12,9,,,,,,,1,2,1.102816044,,,,,,,,,,,,2,1,2019_Jul_29_1259,FaceNameBlocked,3.0.0,60.0306339,
11,FacesBlock1_v2.xlsx,Bradley.mp4,Bradley.JPG,Bradley,14,Բրատլէե,0,0,0,0,0,10,10,14,,,,,,,1,1,0.583524341,,,,,,,,,,,,2,1,2019_Jul_29_1259,FaceNameBlocked,3.0.0,60.0306339,
20,FacesBlock1_v2.xlsx,Bradley.mp4,Bradley.JPG,Bradley,14,Բրատլէե,0,0,0,0,,,,,0,4,4,14,,,,,,,,athen,"['a', 't', 'h', 'e', 'n']","[6.516885510995053, 6.650043903966434, 7.3167878579115495, 7.416607021004893, 7.53295152890496]",[6.51688,6.51688,2,0.602080421,,,2,1,2019_Jul_29_1259,FaceNameBlocked,3.0.0,60.0306339,
111,FacesBlock4_v2.xlsx,Brandon.mp4,Brandon.JPG,Brandon,56,Բրանտոն,0,3,3,3,,,,,0,5,5,11,,,,,,,,caleb,"['c', 'a', 'l', 'e', 'b', 'v', 'backspace']","[3.401217967038974, 3.883664453984238, 4.068179751979187, 4.334025008021854, 5.085447282996029, 5.8992454800754786]",[3.40121,3.40121,1,1.702632332,,,2,1,2019_Jul_29_1259,FaceNameBlocked,3.0.0,60.0306339,
101,FacesBlock4_v2.xlsx,Brandon.mp4,Brandon.JPG,Brandon,56,Բրանտոն,0,3,3,3,0,10,10,11,,,,,,,1,1,1.052523279,,,,,,,,,,,,2,1,2019_Jul_29_1259,FaceNameBlocked,3.0.0,60.0306339,
108,FacesBlock4_v2.xlsx,Brian.mp4,Brian.JPG,Brian,53,Բրիան,0,3,3,3,,,,,0,2,2,8,,,,,,,,caleb,"['c', 'a', 'l', 'e', 'b']","[5.933966107084416, 6.383676934987307, 6.482410177006386, 6.682974231080152, 7.432715469039977]",[5.93396,5.93396,2,2.234456374,,,2,1,2019_Jul_29_1259,FaceNameBlocked,3.0.0,60.0306339,
104,FacesBlock4_v2.xlsx,Brian.mp4,Brian.JPG,Brian,53,Բրիան,0,3,3,3,0,13,13,8,,,,,,,1,1,0.686366486,,,,,,,,,,,,2,1,2019_Jul_29_1259,FaceNameBlocked,3.0.0,60.0306339,
99,FacesBlock4_v2.xlsx,Brianna.mp4,Brianna.JPG,Brianna,48,Բրիաննա,0,3,3,3,0,8,8,3,,,,,,,0,2,0.986342892,,,,,,,,,,,,2,1,2019_Jul_29_1259,FaceNameBlocked,3.0.0,60.0306339,
109,FacesBlock4_v2.xlsx,Brianna.mp4,Brianna.JPG,Brianna,48,Բրիաննա,0,3,3,3,,,,,0,3,3,3,,,,,,,,bella,"['b', 'e', 'l', 'l', 'a']","[2.517873466014862, 2.8660142340231687, 3.3838394819758832, 3.5512085179798305, 3.6839131379965693]",[2.51787,2.51787,1,0.918212233,,,2,1,2019_Jul_29_1259,FaceNameBlocked,3.0.0,60.0306339,
42,FacesBlock2_v2.xlsx,Brittany.mp4,Brittany.JPG,Brittany,28,Բրիդդանե,0,1,1,1,0,11,11,13,,,,,,,0,2,1.669243256,,,,,,,,,,,,2,1,2019_Jul_29_1259,FaceNameBlocked,3.0.0,60.0306339,
54,FacesBlock2_v2.xlsx,Brittany.mp4,Brittany.JPG,Brittany,28,Բրիդդանե,0,1,1,1,,,,,0,8,8,13,,,,,,,,meghan,"['m', 'e', 'g', 'h', 'n', 'backspace', 'a', 'n']","[6.1659936079522595, 6.383415675023571, 6.500073681003414, 6.733045745990239, 6.932904278975911, 7.431740651954897, 7.666289297048934, 7.78222128294874]",[6.16599,6.16599,2,0.984512858,,,2,1,2019_Jul_29_1259,FaceNameBlocked,3.0.0,60.0306339,
120,FacesBlock4_v2.xlsx,Caleb.mp4,Caleb.JPG,Caleb,59,Գալէբ,0,3,3,3,,,,,0,14,14,14,,,,,,,,caleb,"['c', 'a', 'l', 'e', 'n', 'backspace', 'b']","[1.3351208670064807, 1.8016347009688616, 1.9009134479565546, 2.217909086961299, 2.2676530570024624, 3.1004974290262908, 3.250684470986016]",[1.33512,1.33512,2,0.435245266,,,2,1,2019_Jul_29_1259,FaceNameBlocked,3.0.0,60.0306339,
102,FacesBlock4_v2.xlsx,Caleb.mp4,Caleb.JPG,Caleb,59,Գալէբ,0,3,3,3,0,11,11,14,,,,,,,0,1,1.136200033,,,,,,,,,,,,2,1,2019_Jul_29_1259,FaceNameBlocked,3.0.0,60.0306339,
53,FacesBlock2_v2.xlsx,Cody.mp4,Cody.JPG,Cody,23,Գոտե,0,1,1,1,,,,,0,7,7,8,,,,,,,,john,"['j', 'o', 'n', 'backspace', 'h', 'n']","[4.2656714679906145, 4.40005421906244, 5.133755002054386, 5.766596719040535, 6.2837776590604335, 6.366761301993392]",[4.26567,4.26567,2,0.902363386,,,2,1,2019_Jul_29_1259,FaceNameBlocked,3.0.0,60.0306339,
40,FacesBlock2_v2.xlsx,Cody.mp4,Cody.JPG,Cody,23,Գոտե,0,1,1,1,0,9,9,8,,,,,,,0,1,1.351675759,,,,,,,,,,,,2,1,2019_Jul_29_1259,FaceNameBlocked,3.0.0,60.0306339,
77,FacesBlock3_v2.xlsx,Courtney.mp4,Courtney.JPG,Courtney,42,Գոըրդնէե,0,2,2,2,,,,,0,1,1,12,,,,,,,,courtney,"['c', 'o', 'u', 'r', 't', 'n', 'e', 'y']","[4.217994603910483, 4.317834671935998, 4.534443330951035, 4.667633431963623, 4.884310538996942, 5.000485364929773, 5.217217191006057, 5.284625552943908]",[4.21799,4.21799,2,1.118853347,,,2,1,2019_Jul_29_1259,FaceNameBlocked,3.0.0,60.0306339,
68,FacesBlock3_v2.xlsx,Courtney.mp4,Courtney.JPG,Courtney,42,Գոըրդնէե,0,2,2,2,0,7,7,12,,,,,,,0,2,0.952280891,,,,,,,,,,,,2,1,2019_Jul_29_1259,FaceNameBlocked,3.0.0,60.0306339,
61,FacesBlock3_v2.xlsx,Daniel.mp4,Daniel.JPG,Daniel,30,Տանիէլ,0,2,2,2,0,0,0,0,,,,,,,0,1,2.352511729,,,,,,,,,,,,2,1,2019_Jul_29_1259,FaceNameBlocked,3.0.0,60.0306339,
84,FacesBlock3_v2.xlsx,Daniel.mp4,Daniel.JPG,Daniel,30,Տանիէլ,0,2,2,2,,,,,0,8,8,0,,,,,,,,daniel,"['d', 'a', 'n', 'i', 'e', 'l']","[2.501605541096069, 2.851426126086153, 2.9175729020498693, 3.034669085056521, 3.168081604060717, 3.5512153250165284]",[2.50160,2.50160,2,0.352260076,,,2,1,2019_Jul_29_1259,FaceNameBlocked,3.0.0,60.0306339,
8,FacesBlock1_v2.xlsx,Danielle.mp4,Danielle.JPG,Danielle,3,Տանիէլլէ,0,0,0,0,0,7,7,3,,,,,,,1,2,0.403255945,,,,,,,,,,,,2,1,2019_Jul_29_1259,FaceNameBlocked,3.0.0,60.0306339,
25,FacesBlock1_v2.xlsx,Danielle.mp4,Danielle.JPG,Danielle,3,Տանիէլլէ,0,0,0,0,,,,,0,9,9,3,,,,,,,,lisa,"['l', 'i', 's', 'a']","[3.951355025987141, 4.234786286950111, 4.3512161140097305, 4.617748440010473]",[3.95135,3.95135,2,0.435554861,,,2,1,2019_Jul_29_1259,FaceNameBlocked,3.0.0,60.0306339,
50,FacesBlock2_v2.xlsx,David.mp4,David.JPG,David,16,Տաւիտ,0,1,1,1,,,,,0,4,4,1,,,,,,,,david,"['d', 'a', 'v', 'i', 'd']","[2.4851077479543164, 2.9849186609499156, 3.0684552079765126, 3.3175152249168605, 3.451643197913654]",[2.48510,2.48510,4,1.551085259,,,2,1,2019_Jul_29_1259,FaceNameBlocked,3.0.0,60.0306339,
32,FacesBlock2_v2.xlsx,David.mp4,David.JPG,David,16,Տաւիտ,0,1,1,1,0,1,1,1,,,,,,,0,1,1.333125456,,,,,,,,,,,,2,1,2019_Jul_29_1259,FaceNameBlocked,3.0.0,60.0306339,
92,FacesBlock4_v2.xlsx,Dylan.mp4,Dylan.JPG,Dylan,50,Տելան,0,3,3,3,0,1,1,5,,,,,,,1,1,2.402212756,,,,,,,,,,,,2,1,2019_Jul_29_1259,FaceNameBlocked,3.0.0,60.0306339,
118,FacesBlock4_v2.xlsx,Dylan.mp4,Dylan.JPG,Dylan,50,Տելան,0,3,3,3,,,,,0,12,12,5,,,,,,,,ryan,"['r', 'y', 'a', 'n']","[4.8991807729471475, 5.05105156393256, 5.332387814996764, 6.050514557980932]",[4.89918,4.89918,2,0.535565402,,,2,1,2019_Jul_29_1259,FaceNameBlocked,3.0.0,60.0306339,
93,FacesBlock4_v2.xlsx,Emily.mp4,Emily.JPG,Emily,57,Էմիլե,0,3,3,3,0,2,2,12,,,,,,,0,2,3.052065645,,,,,,,,,,,,2,1,2019_Jul_29_1259,FaceNameBlocked,3.0.0,60.0306339,
110,FacesBlock4_v2.xlsx,Emily.mp4,Emily.JPG,Emily,57,Էմիլե,0,3,3,3,,,,,0,4,4,12,,,,,,,,natalie,"['n', 'a', 't', 'a', 'l', 'i', 'e']","[2.102378556970507, 2.2192418900085613, 3.168903369922191, 3.58514718094375, 3.684393696952611, 3.9350416869856417, 4.034852179000154]",[2.10237,2.10237,2,0.435656187,,,2,1,2019_Jul_29_1259,FaceNameBlocked,3.0.0,60.0306339,
12,FacesBlock1_v2.xlsx,Eric.mp4,Eric.JPG,Eric,0,Էրիգ,0,0,0,0,0,11,11,0,,,,,,,1,1,0.802534958,,,,,,,,,,,,2,1,2019_Jul_29_1259,FaceNameBlocked,3.0.0,60.0306339,
18,FacesBlock1_v2.xlsx,Eric.mp4,Eric.JPG,Eric,0,Էրիգ,0,0,0,0,,,,,0,2,2,0,,,,,,,,athen,"['a', 't', 'h', 'e', 'n', 'return']","[4.451165304984897, 4.583822304033674, 4.983518977067433, 5.117375197005458, 5.233821618021466, 8.449093778035603]",[4.45116,4.45116,2,1.268811734,,,2,1,2019_Jul_29_1259,FaceNameBlocked,3.0.0,60.0306339,
9,FacesBlock1_v2.xlsx,Ethan.mp4,Ethan.JPG,Ethan,11,Էդհան,0,0,0,0,0,8,8,11,,,,,,,1,1,0.569609006,,,,,,,,,,,,2,1,2019_Jul_29_1259,FaceNameBlocked,3.0.0,60.0306339,
26,FacesBlock1_v2.xlsx,Ethan.mp4,Ethan.JPG,Ethan,11,Էդհան,0,0,0,0,,,,,0,10,10,11,,,,,,,,,None,,,,1,2.583552306,,,2,1,2019_Jul_29_1259,FaceNameBlocked,3.0.0,60.0306339,
98,FacesBlock4_v2.xlsx,Grace.mp4,Grace.JPG,Grace,58,Կրագէ,0,3,3,3,0,7,7,13,,,,,,,0,2,2.169341905,,,,,,,,,,,,2,1,2019_Jul_29_1259,FaceNameBlocked,3.0.0,60.0306339,
106,FacesBlock4_v2.xlsx,Grace.mp4,Grace.JPG,Grace,58,Կրագէ,0,3,3,3,,,,,0,0,0,13,,,,,,space,3.534544953,,"['o', 'l', 'i', 'backspace', 'backspace', 'backspace']","[5.417226621997543, 5.916458160034381, 6.283404697082005, 7.315953165991232, 7.581966625992209, 7.798864311072975]",[5.41722,5.41722,1,1.718538863,,,2,1,2019_Jul_29_1259,FaceNameBlocked,3.0.0,60.0306339,
60,FacesBlock2_v2.xlsx,Haley.mp4,Haley.JPG,Haley,20,Հալէե,0,1,1,1,,,,,0,14,14,5,,,,,,,,,None,,,,1,1.434943428,,,2,1,2019_Jul_29_1259,FaceNameBlocked,3.0.0,60.0306339,
31,FacesBlock2_v2.xlsx,Haley.mp4,Haley.JPG,Haley,20,Հալէե,0,1,1,1,0,0,0,5,,,,,,,0,2,2.085740794,,,,,,,,,,,,2,1,2019_Jul_29_1259,FaceNameBlocked,3.0.0,60.0306339,
3,FacesBlock1_v2.xlsx,Hannah.mp4,Hannah.JPG,Hannah,1,Հաննահ,0,0,0,0,0,2,2,1,,,,,,,1,2,0.704355472,,,,,,,,,,,,2,1,2019_Jul_29_1259,FaceNameBlocked,3.0.0,60.0306339,
16,FacesBlock1_v2.xlsx,Hannah.mp4,Hannah.JPG,Hannah,1,Հաննահ,0,0,0,0,,,,,0,0,0,1,,,,,,space,30.37521854,,"['2', 'backspace']","[7.216909074923024, 9.715397952939384]",[7.21690,7.21690,2,5.684042029,,,2,1,2019_Jul_29_1259,FaceNameBlocked,3.0.0,60.0306339,
34,FacesBlock2_v2.xlsx,Heather.mp4,Heather.JPG,Heather,26,Հէադհէր,0,1,1,1,0,3,3,11,,,,,,,1,2,2.102436006,,,,,,,,,,,,2,1,2019_Jul_29_1259,FaceNameBlocked,3.0.0,60.0306339,
49,FacesBlock2_v2.xlsx,Heather.mp4,Heather.JPG,Heather,26,Հէադհէր,0,1,1,1,,,,,0,3,3,11,,,,,,,,megan,"['m', 'e', 'g', 'a', 'n', 'return']","[2.584232039982453, 2.71783360093832, 2.933818592922762, 3.234483008971438, 3.3176276199519634, 4.0823378310306]",[2.58423,2.58423,2,1.285194326,,,2,1,2019_Jul_29_1259,FaceNameBlocked,3.0.0,60.0306339,
79,FacesBlock3_v2.xlsx,Jacob.mp4,Jacob.JPG,Jacob,39,Ճագոբ,0,2,2,2,,,,,0,3,3,9,,,,,,,,jacob,"['j', 'a', 'c', 'o', 'b']","[1.935713903978467, 2.1355450470000505, 2.518197576981038, 2.6178245689952746, 2.84995548799634]",[1.93571,1.93571,4,1.202023275,,,2,1,2019_Jul_29_1259,FaceNameBlocked,3.0.0,60.0306339,
67,FacesBlock3_v2.xlsx,Jacob.mp4,Jacob.JPG,Jacob,39,Ճագոբ,0,2,2,2,0,6,6,9,,,,,,,1,1,1.552531528,,,,,,,,,,,,2,1,2019_Jul_29_1259,FaceNameBlocked,3.0.0,60.0306339,
103,FacesBlock4_v2.xlsx,Jason.mp4,Jason.JPG,Jason,49,Ճասոն,0,3,3,3,0,12,12,4,,,,,,,0,1,1.918998647,,,,,,,,,,,,2,1,2019_Jul_29_1259,FaceNameBlocked,3.0.0,60.0306339,
119,FacesBlock4_v2.xlsx,Jason.mp4,Jason.JPG,Jason,49,Ճասոն,0,3,3,3,,,,,0,13,13,4,,,,,,,,,None,,,,2,1.285253215,,,2,1,2019_Jul_29_1259,FaceNameBlocked,3.0.0,60.0306339,
14,FacesBlock1_v2.xlsx,Jenna.mp4,Jenna.JPG,Jenna,6,Ճէննա,0,0,0,0,0,13,13,6,,,,,,,0,2,1.202761639,,,,,,,,,,,,2,1,2019_Jul_29_1259,FaceNameBlocked,3.0.0,60.0306339,
29,FacesBlock1_v2.xlsx,Jenna.mp4,Jenna.JPG,Jenna,6,Ճէննա,0,0,0,0,,,,,0,13,13,6,,,,,,,,michelle,"['m', 'i', 'c', 'h', 'e', 'l', 'l', 'e', 'return']","[4.151523265056312, 4.368094724020921, 4.566241087974049, 4.651179361040704, 4.867215033038519, 4.951424594968557, 5.101035900064744, 5.201253963052295, 5.783827892038971]",[4.15152,4.15152,1,0.419319522,,,2,1,2019_Jul_29_1259,FaceNameBlocked,3.0.0,60.0306339,
38,FacesBlock2_v2.xlsx,Jeremy.mp4,Jeremy.JPG,Jeremy,15,Ճէրէմե,0,1,1,1,0,7,7,0,,,,,,,0,1,1.649287947,,,,,,,,,,,,2,1,2019_Jul_29_1259,FaceNameBlocked,3.0.0,60.0306339,
48,FacesBlock2_v2.xlsx,Jeremy.mp4,Jeremy.JPG,Jeremy,15,Ճէրէմե,0,1,1,1,,,,,0,2,2,0,,,,,,,,justin,"['j', 'u', 's', 't', 'i', 'n']","[3.4187397970817983, 3.65207269100938, 3.785438310005702, 4.168324750033207, 4.218648340087384, 4.784555125050247]",[3.41873,3.41873,1,0.7018024,,,2,1,2019_Jul_29_1259,FaceNameBlocked,3.0.0,60.0306339,
21,FacesBlock1_v2.xlsx,Jessica.mp4,Jessica.JPG,Jessica,8,Ճէսսիգա,0,0,0,0,,,,,0,5,5,8,,,,,,,,,None,,,,1,1.619017225,,,2,1,2019_Jul_29_1259,FaceNameBlocked,3.0.0,60.0306339,
10,FacesBlock1_v2.xlsx,Jessica.mp4,Jessica.JPG,Jessica,8,Ճէսսիգա,0,0,0,0,0,9,9,8,,,,,,,1,2,2.368906414,,,,,,,,,,,,2,1,2019_Jul_29_1259,FaceNameBlocked,3.0.0,60.0306339,
36,FacesBlock2_v2.xlsx,Josh.mp4,Josh.JPG,Josh,19,Ճոսհ,0,1,1,1,0,5,5,4,,,,,,,1,1,1.485838216,,,,,,,,,,,,2,1,2019_Jul_29_1259,FaceNameBlocked,3.0.0,60.0306339,
47,FacesBlock2_v2.xlsx,Josh.mp4,Josh.JPG,Josh,19,Ճոսհ,0,1,1,1,,,,,0,1,1,4,,,,,,,,ryan,"['r', 'y', 'a', 'n', 'return']","[4.46781932504382, 4.600789580959827, 5.084619197994471, 5.250539924018085, 6.416401432012208]",[4.46781,4.46781,2,0.801976,,,2,1,2019_Jul_29_1259,FaceNameBlocked,3.0.0,60.0306339,
15,FacesBlock1_v2.xlsx,Julia.mp4,Julia.JPG,Julia,13,Ճըլիա,0,0,0,0,0,14,14,13,,,,,,,1,2,0.786522215,,,,,,,,,,,,2,1,2019_Jul_29_1259,FaceNameBlocked,3.0.0,60.0306339,
30,FacesBlock1_v2.xlsx,Julia.mp4,Julia.JPG,Julia,13,Ճըլիա,0,0,0,0,,,,,0,14,14,13,,,,,,,,,None,,,,2,1.035387387,,,2,1,2019_Jul_29_1259,FaceNameBlocked,3.0.0,60.0306339,
52,FacesBlock2_v2.xlsx,Justin.mp4,Justin.JPG,Justin,27,Ճըսդին,0,1,1,1,,,,,0,6,6,12,,,,,,,,justin,"['j', 'u', 's', 't', 'i', 'n']","[2.5853750980459154, 2.801419766037725, 2.8852175410138443, 3.2347964550135657, 3.255568798049353, 3.418235238059424]",[2.58537,2.58537,3,2.851652085,,,2,1,2019_Jul_29_1259,FaceNameBlocked,3.0.0,60.0306339,
41,FacesBlock2_v2.xlsx,Justin.mp4,Justin.JPG,Justin,27,Ճըսդին,0,1,1,1,0,10,10,12,,,,,,,0,1,1.136218914,,,,,,,,,,,,2,1,2019_Jul_29_1259,FaceNameBlocked,3.0.0,60.0306339,
95,FacesBlock4_v2.xlsx,Katie.mp4,Katie.JPG,Katie,54,Քադիէ,0,3,3,3,0,4,4,9,,,,,,,0,2,0.718717966,,,,,,,,,,,,2,1,2019_Jul_29_1259,FaceNameBlocked,3.0.0,60.0306339,
117,FacesBlock4_v2.xlsx,Katie.mp4,Katie.JPG,Katie,54,Քադիէ,0,3,3,3,,,,,0,11,11,9,,,,,,,,michelle,"['comma', 'backspace', 'm', 'i', 'c', 'e', 'l', 'l', 'backspace', 'backspace', 'backspace', 'h', 'e', 'l', 'l', 'e']","[2.834613594110124, 3.400284947012551, 3.817330515012145, 3.984035265049897, 4.200443903100677, 4.617407959070988, 4.716513636056334, 4.883718929020688, 5.465884235105477, 5.649883773061447, 5.782826275099069, 6.3834273651009426, 6.549791174009442, 6.716100960038602, 6.849521380034275, 6.933533996110782]",[2.83461,2.83461,2,0.851451466,,,2,1,2019_Jul_29_1259,FaceNameBlocked,3.0.0,60.0306339,
64,FacesBlock3_v2.xlsx,Kayla.mp4,Kayla.JPG,Kayla,34,Սարահ,0,2,2,2,0,3,3,4,,,,,,,1,2,1.703579273,,,,,,,,,,,,2,1,2019_Jul_29_1259,FaceNameBlocked,3.0.0,60.0306339,
82,FacesBlock3_v2.xlsx,Kayla.mp4,Kayla.JPG,Kayla,34,Սարահ,0,2,2,2,,,,,0,6,6,4,,,,,,,,olivia,"['o', 'l', 'l', 'i', 'v', 'i', 'backspace', 'backspace', 'backspace', 'backspace', 'i', 'v', 'i', 'a']","[3.3840145519934595, 3.5337269390001893, 3.667336689075455, 3.8176385620608926, 3.9841250820318237, 4.034301129984669, 4.733261868008412, 4.916026049060747, 5.066524993977509, 5.2330245670164, 5.533180747064762, 6.216903544031084, 6.766849818057381, 6.866235367022455]",[3.38401,3.38401,2,0.951730975,,,2,1,2019_Jul_29_1259,FaceNameBlocked,3.0.0,60.0306339,
27,FacesBlock1_v2.xlsx,Kelsey.mp4,Kelsey.JPG,Kelsey,12,Քէլսէե,0,0,0,0,,,,,0,11,11,12,,,,,,,,,None,,,,2,0.885017431,,,2,1,2019_Jul_29_1259,FaceNameBlocked,3.0.0,60.0306339,
7,FacesBlock1_v2.xlsx,Kelsey.mp4,Kelsey.JPG,Kelsey,12,Քէլսէե,0,0,0,0,0,6,6,12,,,,,,,0,2,0.767067775,,,,,,,,,,,,2,1,2019_Jul_29_1259,FaceNameBlocked,3.0.0,60.0306339,
74,FacesBlock3_v2.xlsx,Kevin.mp4,Kevin.JPG,Kevin,41,Քէւին,0,2,2,2,0,13,13,11,,,,,,,0,1,1.185429776,,,,,,,,,,,,2,1,2019_Jul_29_1259,FaceNameBlocked,3.0.0,60.0306339,
83,FacesBlock3_v2.xlsx,Kevin.mp4,Kevin.JPG,Kevin,41,Քէւին,0,2,2,2,,,,,0,7,7,11,,,,,,,,daniel,"['d', 'a', 'n', 'i', 'e', 'l']","[3.750253204954788, 4.283488324959762, 4.40057573793456, 4.566807618946768, 4.733899483922869, 4.84903393802233]",[3.75025,3.75025,2,0.568433712,,,2,1,2019_Jul_29_1259,FaceNameBlocked,3.0.0,60.0306339,
6,FacesBlock1_v2.xlsx,Kyle.mp4,Kyle.JPG,Kyle,4,Քելէ,0,0,0,0,0,5,5,4,,,,,,,0,1,1.767374585,,,,,,,,,,,,2,1,2019_Jul_29_1259,FaceNameBlocked,3.0.0,60.0306339,
24,FacesBlock1_v2.xlsx,Kyle.mp4,Kyle.JPG,Kyle,4,Քելէ,0,0,0,0,,,,,0,8,8,4,,,,,,,,,None,,,,1,1.418726932,,,2,1,2019_Jul_29_1259,FaceNameBlocked,3.0.0,60.0306339,
81,FacesBlock3_v2.xlsx,Lauren.mp4,Lauren.JPG,Lauren,38,Լաըրէն,0,2,2,2,,,,,0,5,5,8,,,,,,,,,None,,,,2,1.185609167,,,2,1,2019_Jul_29_1259,FaceNameBlocked,3.0.0,60.0306339,
73,FacesBlock3_v2.xlsx,Lauren.mp4,Lauren.JPG,Lauren,38,Լաըրէն,0,2,2,2,0,12,12,8,,,,,,,0,2,1.002816699,,,,,,,,,,,,2,1,2019_Jul_29_1259,FaceNameBlocked,3.0.0,60.0306339,
75,FacesBlock3_v2.xlsx,Mark.mp4,Mark.JPG,Mark,40,Մարք,0,2,2,2,0,14,14,10,,,,,,,0,1,1.502297326,,,,,,,,,,,,2,1,2019_Jul_29_1259,FaceNameBlocked,3.0.0,60.0306339,
87,FacesBlock3_v2.xlsx,Mark.mp4,Mark.JPG,Mark,40,Մարք,0,2,2,2,,,,,0,11,11,10,,,,,,,,,None,,,,2,0.452362048,,,2,1,2019_Jul_29_1259,FaceNameBlocked,3.0.0,60.0306339,
2,FacesBlock1_v2.xlsx,Matthew.mp4,Matthew.JPG,Matthew,9,Մադդհէվ,0,0,0,0,0,1,1,9,,,,,,,0,1,1.601778754,,,,,,,,,,,,2,1,2019_Jul_29_1259,FaceNameBlocked,3.0.0,60.0306339,
28,FacesBlock1_v2.xlsx,Matthew.mp4,Matthew.JPG,Matthew,9,Մադդհէվ,0,0,0,0,,,,,0,12,12,9,,,,,,,,ethan,"['e', 't', 'h', 'a', 'n']","[7.133256202912889, 7.866536037996411, 8.150087098940276, 8.28343413490802, 8.81639104289934]",[7.13325,7.13325,2,0.985128926,,,2,1,2019_Jul_29_1259,FaceNameBlocked,3.0.0,60.0306339,
44,FacesBlock2_v2.xlsx,Megan.mp4,Megan.JPG,Megan,25,Մէկան,0,1,1,1,0,13,13,10,,,,,,,1,2,0.786020963,,,,,,,,,,,,2,1,2019_Jul_29_1259,FaceNameBlocked,3.0.0,60.0306339,
58,FacesBlock2_v2.xlsx,Megan.mp4,Megan.JPG,Megan,25,Մէկան,0,1,1,1,,,,,0,12,12,10,,,,,,,,ashley,"['a', 's', 'h', 'l', 'e', 'y']","[8.36621907807421, 8.63304435601458, 8.732789960107766, 9.249414783087559, 9.399428701028228, 9.513966860016808]",[8.36621,8.36621,2,0.968529108,,,2,1,2019_Jul_29_1259,FaceNameBlocked,3.0.0,60.0306339,
105,FacesBlock4_v2.xlsx,Michael.mp4,Michael.JPG,Michael,46,Միգհաէլ,0,3,3,3,0,14,14,1,,,,,,,1,1,0.83576813,,,,,,,,,,,,2,1,2019_Jul_29_1259,FaceNameBlocked,3.0.0,60.0306339,
114,FacesBlock4_v2.xlsx,Michael.mp4,Michael.JPG,Michael,46,Միգհաէլ,0,3,3,3,,,,,0,8,8,1,,,,,,,,,None,,,,1,0.786212277,,,2,1,2019_Jul_29_1259,FaceNameBlocked,3.0.0,60.0306339,
116,FacesBlock4_v2.xlsx,Michelle.mp4,Michelle.JPG,Michelle,52,Միգհէլլէ,0,3,3,3,,,,,0,10,10,7,,,,,,,,michelle,"['m', 'i', 'c', 'h', 'e', 'l', 'l', 'e']","[1.8191110419575125, 1.968433098983951, 2.4835743199801072, 2.618505915044807, 2.8686441039899364, 3.017904471955262, 3.1517559950007126, 3.268763829022646]",[1.81911,1.81911,3,1.818484293,,,2,1,2019_Jul_29_1259,FaceNameBlocked,3.0.0,60.0306339,
94,FacesBlock4_v2.xlsx,Michelle.mp4,Michelle.JPG,Michelle,52,Միգհէլլէ,0,3,3,3,0,3,3,7,,,,,,,0,2,0.90290691,,,,,,,,,,,,2,1,2019_Jul_29_1259,FaceNameBlocked,3.0.0,60.0306339,
19,FacesBlock1_v2.xlsx,Natalie.mp4,Natalie.JPG,Natalie,7,Նադալիէ,0,0,0,0,,,,,0,3,3,7,,,,,,,,julia,"['j', 'u', 'l', 'i', 'a', 'return']","[4.167822915944271, 4.500670738983899, 5.333817022969015, 5.517568749957718, 5.599992383038625, 7.116327263996936]",[4.16782,4.16782,3,2.568127738,,,2,1,2019_Jul_29_1259,FaceNameBlocked,3.0.0,60.0306339,
1,FacesBlock1_v2.xlsx,Natalie.mp4,Natalie.JPG,Natalie,7,Նադալիէ,0,0,0,0,0,0,0,7,,,,,,,0,2,4.668164884,,,,,,,,,,,,2,1,2019_Jul_29_1259,FaceNameBlocked,3.0.0,60.0306339,
86,FacesBlock3_v2.xlsx,Nathan.mp4,Nathan.JPG,Nathan,37,Նադհան,0,2,2,2,,,,,0,10,10,7,,,,,,,,,None,,,,1,0.734933588,,,2,1,2019_Jul_29_1259,FaceNameBlocked,3.0.0,60.0306339,
69,FacesBlock3_v2.xlsx,Nathan.mp4,Nathan.JPG,Nathan,37,Նադհան,0,2,2,2,0,8,8,7,,,,,,,1,1,1.135373599,,,,,,,,,,,,2,1,2019_Jul_29_1259,FaceNameBlocked,3.0.0,60.0306339,
63,FacesBlock3_v2.xlsx,Nicole.mp4,Nicole.JPG,Nicole,43,Նիգոլէ,0,2,2,2,0,2,2,13,,,,,,,0,2,1.801922867,,,,,,,,,,,,2,1,2019_Jul_29_1259,FaceNameBlocked,3.0.0,60.0306339,
78,FacesBlock3_v2.xlsx,Nicole.mp4,Nicole.JPG,Nicole,43,Նիգոլէ,0,2,2,2,,,,,0,2,2,13,,,,,,,,,None,,,,1,1.151258334,,,2,1,2019_Jul_29_1259,FaceNameBlocked,3.0.0,60.0306339,
66,FacesBlock3_v2.xlsx,Noah.mp4,Noah.JPG,Noah,31,Նոահ,0,2,2,2,0,5,5,1,,,,,,,1,1,1.752715329,,,,,,,,,,,,2,1,2019_Jul_29_1259,FaceNameBlocked,3.0.0,60.0306339,
80,FacesBlock3_v2.xlsx,Noah.mp4,Noah.JPG,Noah,31,Նոահ,0,2,2,2,,,,,0,4,4,1,,,,,,,,mathew,"['m', 'a', 't', 'h', 'e', 'w']","[5.616810663952492, 5.8838598530273885, 6.099878553999588, 6.3167766879778355, 6.599185575032607, 7.10004339099396]",[5.61681,5.61681,1,0.568821162,,,2,1,2019_Jul_29_1259,FaceNameBlocked,3.0.0,60.0306339,
71,FacesBlock3_v2.xlsx,Olivia.mp4,Olivia.JPG,Olivia,35,Ոլիւիա,0,2,2,2,0,10,10,5,,,,,,,0,2,1.486541217,,,,,,,,,,,,2,1,2019_Jul_29_1259,FaceNameBlocked,3.0.0,60.0306339,
76,FacesBlock3_v2.xlsx,Olivia.mp4,Olivia.JPG,Olivia,35,Ոլիւիա,0,2,2,2,,,,,0,0,0,5,,,,,,space,49.38590648,olivia,"['o', 'l', 'i', 'v', 'i', 'a']","[5.334256110014394, 5.567223833058961, 5.817251860047691, 6.050005105091259, 6.117269534035586, 6.515169771038927]",[5.33425,5.33425,1,0.818647513,,,2,1,2019_Jul_29_1259,FaceNameBlocked,3.0.0,60.0306339,
56,FacesBlock2_v2.xlsx,Rachel.mp4,Rachel.JPG,Rachel,29,Րագհէլ,0,1,1,1,,,,,0,10,10,14,,,,,,,,,None,,,,1,0.652489901,,,2,1,2019_Jul_29_1259,FaceNameBlocked,3.0.0,60.0306339,
37,FacesBlock2_v2.xlsx,Rachel.mp4,Rachel.JPG,Rachel,29,Րագհէլ,0,1,1,1,0,6,6,14,,,,,,,0,2,1.219305881,,,,,,,,,,,,2,1,2019_Jul_29_1259,FaceNameBlocked,3.0.0,60.0306339,
62,FacesBlock3_v2.xlsx,Rebecca.mp4,Rebecca.JPG,Rebecca,32,Րէբէգգա,0,2,2,2,0,1,1,2,,,,,,,1,1,1.53590042,,,,,,,,,,,,2,1,2019_Jul_29_1259,FaceNameBlocked,3.0.0,60.0306339,
85,FacesBlock3_v2.xlsx,Rebecca.mp4,Rebecca.JPG,Rebecca,32,Րէբէգգա,0,2,2,2,,,,,0,9,9,2,,,,,,,,courtney,"['c', 'o', 'u', 'r', 't', 'n', 'e', 'y']","[8.332513823988847, 8.415890589938499, 8.681540978956036, 8.799260225961916, 8.998930876026861, 9.06559060094878, 9.281560014933348, 9.332122156978585]",[8.33251,8.33251,2,1.167965798,,,2,1,2019_Jul_29_1259,FaceNameBlocked,3.0.0,60.0306339,
70,FacesBlock3_v2.xlsx,Sarah.mp4,Sarah.JPG,Sarah,33,Սարահ,0,2,2,2,0,9,9,3,,,,,,,1,2,1.749868643,,,,,,,,,,,,2,1,2019_Jul_29_1259,FaceNameBlocked,3.0.0,60.0306339,
90,FacesBlock3_v2.xlsx,Sarah.mp4,Sarah.JPG,Sarah,33,Սարահ,0,2,2,2,,,,,0,14,14,3,,,,,,,,,None,,,,1,0.685656336,,,2,1,2019_Jul_29_1259,FaceNameBlocked,3.0.0,60.0306339,
65,FacesBlock3_v2.xlsx,Shelby.mp4,Shelby.JPG,Shelby,36,Սհէլբե,0,2,2,2,0,4,4,6,,,,,,,1,2,0.969460753,,,,,,,,,,,,2,1,2019_Jul_29_1259,FaceNameBlocked,3.0.0,60.0306339,
89,FacesBlock3_v2.xlsx,Shelby.mp4,Shelby.JPG,Shelby,36,Սհէլբե,0,2,2,2,,,,,0,13,13,6,,,,,,,,,None,,,,2,0.58372783,,,2,1,2019_Jul_29_1259,FaceNameBlocked,3.0.0,60.0306339,
51,FacesBlock2_v2.xlsx,Steven.mp4,Steven.JPG,Steven,17,Սդէւէն,0,1,1,1,,,,,0,5,5,2,,,,,,,,justin,"['j', 'u', 's', 't', 'i', 'n']","[2.551561931031756, 2.7845264839706942, 2.851353603997268, 3.201345728011802, 3.2344550570705906, 3.4171983629930764]",[2.55156,2.55156,2,0.485696402,,,2,1,2019_Jul_29_1259,FaceNameBlocked,3.0.0,60.0306339,
45,FacesBlock2_v2.xlsx,Steven.mp4,Steven.JPG,Steven,17,Սդէւէն,0,1,1,1,0,14,14,2,,,,,,,1,1,1.536004002,,,,,,,,,,,,2,1,2019_Jul_29_1259,FaceNameBlocked,3.0.0,60.0306339,
115,FacesBlock4_v2.xlsx,Taylor.mp4,Taylor.JPG,Taylor,45,Դաելոր,0,3,3,3,,,,,0,9,9,0,,,,,,,,michelle,"['m', 'i', 'c', 'e', 'backspace', 'h', 'e', 'l', 'l', 'e']","[3.61852842499502, 3.8850100820418447, 4.034476978005841, 4.701344880042598, 5.367248923983425, 5.551287146983668, 5.934437175979838, 6.2175361110130325, 6.384122896939516, 6.734171479940414]",[3.61852,3.61852,2,0.31929434,,,2,1,2019_Jul_29_1259,FaceNameBlocked,3.0.0,60.0306339,
91,FacesBlock4_v2.xlsx,Taylor.mp4,Taylor.JPG,Taylor,45,Դաելոր,0,3,3,3,0,0,0,0,,,,,,,1,2,2.385826508,,,,,,,,,,,,2,1,2019_Jul_29_1259,FaceNameBlocked,3.0.0,60.0306339,
72,FacesBlock3_v2.xlsx,Thomas.mp4,Thomas.JPG,Thomas,44,Դհոմաս,0,2,2,2,0,11,11,14,,,,,,,1,1,1.552226704,,,,,,,,,,,,2,1,2019_Jul_29_1259,FaceNameBlocked,3.0.0,60.0306339,
88,FacesBlock3_v2.xlsx,Thomas.mp4,Thomas.JPG,Thomas,44,Դհոմաս,0,2,2,2,,,,,0,12,12,14,,,,,,,,,None,,,,1,0.93532256,,,2,1,2019_Jul_29_1259,FaceNameBlocked,3.0.0,60.0306339,
13,FacesBlock1_v2.xlsx,Timothy.mp4,Timothy.JPG,Timothy,10,Դիմոդհե,0,0,0,0,0,12,12,10,,,,,,,0,1,0.819024644,,,,,,,,,,,,2,1,2019_Jul_29_1259,FaceNameBlocked,3.0.0,60.0306339,
23,FacesBlock1_v2.xlsx,Timothy.mp4,Timothy.JPG,Timothy,10,Դիմոդհե,0,0,0,0,,,,,0,7,7,10,,,,,,,,,None,,,,2,1.18533332,,,2,1,2019_Jul_29_1259,FaceNameBlocked,3.0.0,60.0306339,
57,FacesBlock2_v2.xlsx,Trevor.mp4,Trevor.JPG,Trevor,21,Դրէւոր,0,1,1,1,,,,,0,11,11,6,,,,,,,,,None,,,,1,0.568877687,,,2,1,2019_Jul_29_1259,FaceNameBlocked,3.0.0,60.0306339,
33,FacesBlock2_v2.xlsx,Trevor.mp4,Trevor.JPG,Trevor,21,Դրէւոր,0,1,1,1,0,2,2,6,,,,,,,1,1,1.935787789,,,,,,,,,,,,2,1,2019_Jul_29_1259,FaceNameBlocked,3.0.0,60.0306339,
46,FacesBlock2_v2.xlsx,Tyler.mp4,Tyler.JPG,Tyler,22,Դելէր,0,1,1,1,,,,,0,0,0,7,,,,,,space,5.284051982,,None,,,,1,0.985671387,,,2,1,2019_Jul_29_1259,FaceNameBlocked,3.0.0,60.0306339,
39,FacesBlock2_v2.xlsx,Tyler.mp4,Tyler.JPG,Tyler,22,Դելէր,0,1,1,1,0,8,8,7,,,,,,,0,1,1.119499601,,,,,,,,,,,,2,1,2019_Jul_29_1259,FaceNameBlocked,3.0.0,60.0306339,
0,,,,,,,,,,,,,,,,,,,space,55.06619541,,,,,,,,,,,,,,,2,1,2019_Jul_29_1259,FaceNameBlocked,3.0.0,60.0306339,
121,,,,,,,,,,,,,,,,,,,,,,,,,,,,,,,,,space,1740.565496,2,1,2019_Jul_29_1259,FaceNameBlocked,3.0.0,60.0306339,