,condsFile,Video,Photo,Name,Row,Name2,blocks.thisRepN,blocks.thisTrialN,blocks.thisN,blocks.thisIndex,presentations.thisRepN,presentations.thisTrialN,presentations.thisN,presentations.thisIndex,testing.thisRepN,testing.thisTrialN,testing.thisN,testing.thisIndex,advance_1.keys,advance_1.rt,currentCond,judgementResp.keys,judgementResp.rt,advance_2.keys,advance_2.rt,inputText,key_resp_3.keys,rating_resp.keys,rating_resp.rt,key_resp_3.rt,,key_resp3_fin,end_key.keys,end_key.rt,participant,session,date,expName,psychopyVersion,frameRate,Unnamed: 38
57,FacesBlock2_v2.xlsx,Aaron.mp4,Aaron.JPG,Aaron,18,Աարոն,0,1,1,1,,,,,0,11,11,3,,,,,,,,tyler,"['t', 'y', 'l', 'e', 'r']",3,0.635564162,"[1.8685264149680734, 2.3185711009427905, 2.4681217269971967, 2.834468817105517, 3.166227610083297]",[1.86852,1.86852,,,45,1,2019_Oct_16_1601,FaceNameBlocked,3.0.0,60.02865084,
35,FacesBlock2_v2.xlsx,Aaron.mp4,Aaron.JPG,Aaron,18,Աարոն,0,1,1,1,0,4,4,3,,,,,,,0,1,0.23556889,,,,,,,,,,,,45,1,2019_Oct_16_1601,FaceNameBlocked,3.0.0,60.02865084,
21,FacesBlock1_v2.xlsx,Adam.mp4,Adam.JPG,Adam,5,Ատամ,0,0,0,0,,,,,0,5,5,5,,,,,,,,joseph1,"['j', 'o', 's', 'e', 'p', 'h', 'return', '1']",1,0.602194342,"[4.666973011801019, 4.983634703792632, 5.165131149813533, 5.516847538994625, 5.649471300886944, 6.016420328989625, 8.181687471922487, 9.131766396807507]",[4.66697,4.66697,,,45,1,2019_Oct_16_1601,FaceNameBlocked,3.0.0,60.02865084,
9,FacesBlock1_v2.xlsx,Adam.mp4,Adam.JPG,Adam,5,Ատամ,0,0,0,0,0,8,8,5,,,,,,,1,1,0.336962661,,,,,,,,,,,,45,1,2019_Oct_16_1601,FaceNameBlocked,3.0.0,60.02865084,
95,FacesBlock4_v2.xlsx,Alyssa.mp4,Alyssa.JPG,Alyssa,55,Ալեսսա,0,3,3,3,0,4,4,10,,,,,,,0,1,0.636007841,,,,,,,,,,,,45,1,2019_Oct_16_1601,FaceNameBlocked,3.0.0,60.02865084,
113,FacesBlock4_v2.xlsx,Alyssa.mp4,Alyssa.JPG,Alyssa,55,Ալեսսա,0,3,3,3,,,,,0,7,7,10,,,,,,,,1,['1'],1,0.802320383,[7.983323022956029],[7.98332,7.98332,,,45,1,2019_Oct_16_1601,FaceNameBlocked,3.0.0,60.02865084,
19,FacesBlock1_v2.xlsx,Amanda.mp4,Amanda.JPG,Amanda,2,Ամանտա,0,0,0,0,,,,,0,3,3,2,,,,,,,,maya ,"['m', 'a', 'y', 'a', 'return', 'space']",1,0.952042117,"[4.2852964089252055, 4.434156507020816, 4.685153689933941, 4.9014476200100034, 6.750412995927036, 7.733810969861224]",[4.28529,4.28529,,,45,1,2019_Oct_16_1601,FaceNameBlocked,3.0.0,60.02865084,
7,FacesBlock1_v2.xlsx,Amanda.mp4,Amanda.JPG,Amanda,2,Ամանտա,0,0,0,0,0,6,6,2,,,,,,,0,2,0.303092607,,,,,,,,,,,,45,1,2019_Oct_16_1601,FaceNameBlocked,3.0.0,60.02865084,
91,FacesBlock4_v2.xlsx,Andrew.mp4,Andrew.JPG,Andrew,51,Անտրէվ,0,3,3,3,0,0,0,6,,,,,,,0,1,1.452528733,,,,,,,,,,,,45,1,2019_Oct_16_1601,FaceNameBlocked,3.0.0,60.02865084,
109,FacesBlock4_v2.xlsx,Andrew.mp4,Andrew.JPG,Andrew,51,Անտրէվ,0,3,3,3,,,,,0,3,3,6,,,,,,,,joseph,"['j', 'l', 'backspace', 'o', 's', 'e', 'p', 'h']",2,1.368729517,"[2.6672701279167086, 3.2502214468549937, 4.349235948873684, 5.182134000817314, 5.865657823858783, 6.2305716809351, 6.849226211896166, 7.81536740786396]",[2.66727,2.66727,,,45,1,2019_Oct_16_1601,FaceNameBlocked,3.0.0,60.02865084,
101,FacesBlock4_v2.xlsx,Anna.mp4,Anna.JPG,Anna,47,Աննա,0,3,3,3,0,10,10,2,,,,,,,1,2,0.302146609,,,,,,,,,,,,45,1,2019_Oct_16_1601,FaceNameBlocked,3.0.0,60.02865084,
118,FacesBlock4_v2.xlsx,Anna.mp4,Anna.JPG,Anna,47,Աննա,0,3,3,3,,,,,0,12,12,2,,,,,,,,,"['1', 'backspace']",1,0.902618171,"[1.1025649039074779, 3.0678055291064084]",[1.10256,1.10256,,,45,1,2019_Oct_16_1601,FaceNameBlocked,3.0.0,60.02865084,
50,FacesBlock2_v2.xlsx,Ashley.mp4,Ashley.JPG,Ashley,24,Ասհլէե,0,1,1,1,,,,,0,4,4,9,,,,,,,,,None,1,0.568421201,,,,,,45,1,2019_Oct_16_1601,FaceNameBlocked,3.0.0,60.02865084,
36,FacesBlock2_v2.xlsx,Ashley.mp4,Ashley.JPG,Ashley,24,Ասհլէե,0,1,1,1,0,5,5,9,,,,,,,0,2,1.01982949,,,,,,,,,,,,45,1,2019_Oct_16_1601,FaceNameBlocked,3.0.0,60.02865084,
6,FacesBlock1_v2.xlsx,Bradley.mp4,Bradley.JPG,Bradley,14,Բրատլէե,0,0,0,0,0,5,5,14,,,,,,,1,1,0.468473962,,,,,,,,,,,,45,1,2019_Oct_16_1601,FaceNameBlocked,3.0.0,60.02865084,
16,FacesBlock1_v2.xlsx,Bradley.mp4,Bradley.JPG,Bradley,14,Բրատլէե,0,0,0,0,,,,,0,0,0,14,,,,,,space,20.97887572,,None,1,27.62664704,,,,,,45,1,2019_Oct_16_1601,FaceNameBlocked,3.0.0,60.02865084,
98,FacesBlock4_v2.xlsx,Brandon.mp4,Brandon.JPG,Brandon,56,Բրանտոն,0,3,3,3,0,7,7,11,,,,,,,0,1,0.101710814,,,,,,,,,,,,45,1,2019_Oct_16_1601,FaceNameBlocked,3.0.0,60.02865084,
116,FacesBlock4_v2.xlsx,Brandon.mp4,Brandon.JPG,Brandon,56,Բրանտոն,0,3,3,3,,,,,0,10,10,11,,,,,,,,,"['1', 'backspace']",1,0.484818483,"[4.884682360803708, 6.000135365873575]",[4.88468,4.88468,,,45,1,2019_Oct_16_1601,FaceNameBlocked,3.0.0,60.02865084,
112,FacesBlock4_v2.xlsx,Brian.mp4,Brian.JPG,Brian,53,Բրիան,0,3,3,3,,,,,0,6,6,8,,,,,,,, matheww,"['space', 'm', 'a', 't', 'h', 'e', 'w', 'w']",3,1.768451798,"[3.1180797128472477, 3.138332278933376, 3.267814532853663, 3.5179732928518206, 3.701445121783763, 4.634167967829853, 4.767528995871544, 7.282752010971308]",[3.11807,3.11807,,,45,1,2019_Oct_16_1601,FaceNameBlocked,3.0.0,60.02865084,
103,FacesBlock4_v2.xlsx,Brian.mp4,Brian.JPG,Brian,53,Բրիան,0,3,3,3,0,12,12,8,,,,,,,1,1,0.13580609,,,,,,,,,,,,45,1,2019_Oct_16_1601,FaceNameBlocked,3.0.0,60.02865084,
107,FacesBlock4_v2.xlsx,Brianna.mp4,Brianna.JPG,Brianna,48,Բրիաննա,0,3,3,3,,,,,0,1,1,3,,,,,,,,,None,1,0.36851492,,,,,,45,1,2019_Oct_16_1601,FaceNameBlocked,3.0.0,60.02865084,
93,FacesBlock4_v2.xlsx,Brianna.mp4,Brianna.JPG,Brianna,48,Բրիաննա,0,3,3,3,0,2,2,3,,,,,,,0,2,0.186375477,,,,,,,,,,,,45,1,2019_Oct_16_1601,FaceNameBlocked,3.0.0,60.02865084,
45,FacesBlock2_v2.xlsx,Brittany.mp4,Brittany.JPG,Brittany,28,Բրիդդանե,0,1,1,1,0,14,14,13,,,,,,,1,2,0.736233656,,,,,,,,,,,,45,1,2019_Oct_16_1601,FaceNameBlocked,3.0.0,60.02865084,
60,FacesBlock2_v2.xlsx,Brittany.mp4,Brittany.JPG,Brittany,28,Բրիդդանե,0,1,1,1,,,,,0,14,14,13,,,,,,,,britney,"['b', 'r', 'i', 't', 'n', 'e', 'y']",2,1.185241227,"[2.1684392171446234, 2.351581655209884, 2.8019442500080913, 3.118022203212604, 3.3178611821494997, 3.517689192201942, 3.6845655671786517]",[2.16843,2.16843,,,45,1,2019_Oct_16_1601,FaceNameBlocked,3.0.0,60.02865084,
97,FacesBlock4_v2.xlsx,Caleb.mp4,Caleb.JPG,Caleb,59,Գալէբ,0,3,3,3,0,6,6,14,,,,,,,1,1,0.185591508,,,,,,,,,,,,45,1,2019_Oct_16_1601,FaceNameBlocked,3.0.0,60.02865084,
106,FacesBlock4_v2.xlsx,Caleb.mp4,Caleb.JPG,Caleb,59,Գալէբ,0,3,3,3,,,,,0,0,0,14,,,,,,space,2.434884209,,None,1,0.217007031,,,,,,45,1,2019_Oct_16_1601,FaceNameBlocked,3.0.0,60.02865084,
51,FacesBlock2_v2.xlsx,Cody.mp4,Cody.JPG,Cody,23,Գոտե,0,1,1,1,,,,,0,5,5,8,,,,,,,,,None,1,1.10003815,,,,,,45,1,2019_Oct_16_1601,FaceNameBlocked,3.0.0,60.02865084,
38,FacesBlock2_v2.xlsx,Cody.mp4,Cody.JPG,Cody,23,Գոտե,0,1,1,1,0,7,7,8,,,,,,,1,1,1.386023967,,,,,,,,,,,,45,1,2019_Oct_16_1601,FaceNameBlocked,3.0.0,60.02865084,
83,FacesBlock3_v2.xlsx,Courtney.mp4,Courtney.JPG,Courtney,42,Գոըրդնէե,0,2,2,2,,,,,0,7,7,12,,,,,,,,,None,1,0.435529307,,,,,,45,1,2019_Oct_16_1601,FaceNameBlocked,3.0.0,60.02865084,
62,FacesBlock3_v2.xlsx,Courtney.mp4,Courtney.JPG,Courtney,42,Գոըրդնէե,0,2,2,2,0,1,1,12,,,,,,,1,2,0.953684467,,,,,,,,,,,,45,1,2019_Oct_16_1601,FaceNameBlocked,3.0.0,60.02865084,
65,FacesBlock3_v2.xlsx,Daniel.mp4,Daniel.JPG,Daniel,30,Տանիէլ,0,2,2,2,0,4,4,0,,,,,,,1,1,0.185264529,,,,,,,,,,,,45,1,2019_Oct_16_1601,FaceNameBlocked,3.0.0,60.02865084,
89,FacesBlock3_v2.xlsx,Daniel.mp4,Daniel.JPG,Daniel,30,Տանիէլ,0,2,2,2,,,,,0,13,13,0,,,,,,,,,None,1,0.835474101,,,,,,45,1,2019_Oct_16_1601,FaceNameBlocked,3.0.0,60.02865084,
25,FacesBlock1_v2.xlsx,Danielle.mp4,Danielle.JPG,Danielle,3,Տանիէլլէ,0,0,0,0,,,,,0,9,9,3,,,,,,,,naomi,"['n', 'a', 'o', 'm', 'i', 'return']",1,1.318666232,"[6.7497597970068455, 6.882306133164093, 6.982769004069269, 7.649195485049859, 7.866417768178508, 9.481751775136217]",[6.74975,6.74975,,,45,1,2019_Oct_16_1601,FaceNameBlocked,3.0.0,60.02865084,
13,FacesBlock1_v2.xlsx,Danielle.mp4,Danielle.JPG,Danielle,3,Տանիէլլէ,0,0,0,0,0,12,12,3,,,,,,,1,2,0.886061679,,,,,,,,,,,,45,1,2019_Oct_16_1601,FaceNameBlocked,3.0.0,60.02865084,
59,FacesBlock2_v2.xlsx,David.mp4,David.JPG,David,16,Տաւիտ,0,1,1,1,,,,,0,13,13,1,,,,,,,,tyler,"['t', 'y', 'l', 'e', 'r']",2,0.419015571,"[3.783446478890255, 3.884812211850658, 4.90056502702646, 5.098424463998526, 5.3995330119505525]",[3.78344,3.78344,,,45,1,2019_Oct_16_1601,FaceNameBlocked,3.0.0,60.02865084,
44,FacesBlock2_v2.xlsx,David.mp4,David.JPG,David,16,Տաւիտ,0,1,1,1,0,13,13,1,,,,,,,1,1,0.186341949,,,,,,,,,,,,45,1,2019_Oct_16_1601,FaceNameBlocked,3.0.0,60.02865084,
92,FacesBlock4_v2.xlsx,Dylan.mp4,Dylan.JPG,Dylan,50,Տելան,0,3,3,3,0,1,1,5,,,,,,,1,1,0.202022851,,,,,,,,,,,,45,1,2019_Oct_16_1601,FaceNameBlocked,3.0.0,60.02865084,
120,FacesBlock4_v2.xlsx,Dylan.mp4,Dylan.JPG,Dylan,50,Տելան,0,3,3,3,,,,,0,14,14,5,,,,,,,,tyler,"['t', 'y', 'l', 'e', 'r', 'return', 'return']",2,0.685879424,"[3.3351035628002137, 3.518336402019486, 4.084970516851172, 4.217892005806789, 4.901516988873482, 8.233182673808187, 8.582881128881127]",[3.33510,3.33510,,,45,1,2019_Oct_16_1601,FaceNameBlocked,3.0.0,60.02865084,
111,FacesBlock4_v2.xlsx,Emily.mp4,Emily.JPG,Emily,57,Էմիլե,0,3,3,3,,,,,0,5,5,12,,,,,,,,,None,1,2.068064828,,,,,,45,1,2019_Oct_16_1601,FaceNameBlocked,3.0.0,60.02865084,
104,FacesBlock4_v2.xlsx,Emily.mp4,Emily.JPG,Emily,57,Էմիլե,0,3,3,3,0,13,13,12,,,,,,,1,2,0.786854504,,,,,,,,,,,,45,1,2019_Oct_16_1601,FaceNameBlocked,3.0.0,60.02865084,
26,FacesBlock1_v2.xlsx,Eric.mp4,Eric.JPG,Eric,0,Էրիգ,0,0,0,0,,,,,0,10,10,0,,,,,,,,brad,"['b', 'r', 'a', 'd', 'left']",1,1.018670473,"[4.11803215299733, 4.483702901983634, 4.584324689814821, 4.733751288847998, 5.833937312941998]",[4.11803,4.11803,,,45,1,2019_Oct_16_1601,FaceNameBlocked,3.0.0,60.02865084,
5,FacesBlock1_v2.xlsx,Eric.mp4,Eric.JPG,Eric,0,Էրիգ,0,0,0,0,0,4,4,0,,,,,,,1,1,0.619514904,,,,,,,,,,,,45,1,2019_Oct_16_1601,FaceNameBlocked,3.0.0,60.02865084,
11,FacesBlock1_v2.xlsx,Ethan.mp4,Ethan.JPG,Ethan,11,Էդհան,0,0,0,0,0,10,10,11,,,,,,,0,1,0.453215048,,,,,,,,,,,,45,1,2019_Oct_16_1601,FaceNameBlocked,3.0.0,60.02865084,
27,FacesBlock1_v2.xlsx,Ethan.mp4,Ethan.JPG,Ethan,11,Էդհան,0,0,0,0,,,,,0,11,11,11,,,,,,,,frankk,"['f', 'r', 'a', 'n', 'k', 'k']",2,1.951828664,"[5.100934294052422, 5.500776530010626, 5.933766787871718, 6.233352083945647, 6.7336985499132425, 7.4502946669235826]",[5.10093,5.10093,,,45,1,2019_Oct_16_1601,FaceNameBlocked,3.0.0,60.02865084,
96,FacesBlock4_v2.xlsx,Grace.mp4,Grace.JPG,Grace,58,Կրագէ,0,3,3,3,0,5,5,13,,,,,,,0,2,1.219154419,,,,,,,,,,,,45,1,2019_Oct_16_1601,FaceNameBlocked,3.0.0,60.02865084,
119,FacesBlock4_v2.xlsx,Grace.mp4,Grace.JPG,Grace,58,Կրագէ,0,3,3,3,,,,,0,13,13,13,,,,,,,,,None,1,0.933541596,,,,,,45,1,2019_Oct_16_1601,FaceNameBlocked,3.0.0,60.02865084,
58,FacesBlock2_v2.xlsx,Haley.mp4,Haley.JPG,Haley,20,Հալէե,0,1,1,1,,,,,0,12,12,5,,,,,,,,ve,"['v', 'e', 'r', 'e', 'n', 'a', 'backspace', 'backspace', 'backspace', 'backspace']",1,1.501648864,"[5.900577218970284, 6.1675414009951055, 6.383560098940507, 6.550555445952341, 7.398515033069998, 7.598541988059878, 8.414589841850102, 9.399257590062916, 9.614669727860019, 9.83104354585521]",[5.90057,5.90057,,,45,1,2019_Oct_16_1601,FaceNameBlocked,3.0.0,60.02865084,
43,FacesBlock2_v2.xlsx,Haley.mp4,Haley.JPG,Haley,20,Հալէե,0,1,1,1,0,12,12,5,,,,,,,1,2,0.235927215,,,,,,,,,,,,45,1,2019_Oct_16_1601,FaceNameBlocked,3.0.0,60.02865084,
18,FacesBlock1_v2.xlsx,Hannah.mp4,Hannah.JPG,Hannah,1,Հաննահ,0,0,0,0,,,,,0,2,2,1,,,,,,,,abigal,"['a', 'b', 'i', 'g', 'a', 'l', 'return', 'lcommand']",2,1.252160414,"[1.4852694098372012, 1.7524180398322642, 2.018162739928812, 2.6009314469993114, 2.767511351034045, 3.185071601998061, 8.715913109946996, 9.647704433882609]",[1.48526,1.48526,,,45,1,2019_Oct_16_1601,FaceNameBlocked,3.0.0,60.02865084,
8,FacesBlock1_v2.xlsx,Hannah.mp4,Hannah.JPG,Hannah,1,Հաննահ,0,0,0,0,0,7,7,1,,,,,,,0,2,0.835955723,,,,,,,,,,,,45,1,2019_Oct_16_1601,FaceNameBlocked,3.0.0,60.02865084,
40,FacesBlock2_v2.xlsx,Heather.mp4,Heather.JPG,Heather,26,Հէադհէր,0,1,1,1,0,9,9,11,,,,,,,0,2,0.136502282,,,,,,,,,,,,45,1,2019_Oct_16_1601,FaceNameBlocked,3.0.0,60.02865084,
46,FacesBlock2_v2.xlsx,Heather.mp4,Heather.JPG,Heather,26,Հէադհէր,0,1,1,1,,,,,0,0,0,11,,,,,,space,17.91315171,abigal,"['a', 'b', 'i', 'g', 'a', 'l']",2,0.585090247,"[5.050395677099004, 5.234009139006957, 5.53444205597043, 5.782258870080113, 5.934116387972608, 6.716556184925139]",[5.05039,5.05039,,,45,1,2019_Oct_16_1601,FaceNameBlocked,3.0.0,60.02865084,
66,FacesBlock3_v2.xlsx,Jacob.mp4,Jacob.JPG,Jacob,39,Ճագոբ,0,2,2,2,0,5,5,9,,,,,,,0,1,0.103211734,,,,,,,,,,,,45,1,2019_Oct_16_1601,FaceNameBlocked,3.0.0,60.02865084,
88,FacesBlock3_v2.xlsx,Jacob.mp4,Jacob.JPG,Jacob,39,Ճագոբ,0,2,2,2,,,,,0,12,12,9,,,,,,,,,None,1,0.468784038,,,,,,45,1,2019_Oct_16_1601,FaceNameBlocked,3.0.0,60.02865084,
105,FacesBlock4_v2.xlsx,Jason.mp4,Jason.JPG,Jason,49,Ճասոն,0,3,3,3,0,14,14,4,,,,,,,1,1,0.419750753,,,,,,,,,,,,45,1,2019_Oct_16_1601,FaceNameBlocked,3.0.0,60.02865084,
117,FacesBlock4_v2.xlsx,Jason.mp4,Jason.JPG,Jason,49,Ճասոն,0,3,3,3,,,,,0,11,11,4,,,,,,,,,"['bracketright', 'bracketright', 'bracketright', 'bracketleft', 'period', 'period']",1,0.318948583,"[3.950854032067582, 5.433478949125856, 5.983598269987851, 7.316524043912068, 9.149280179990456, 9.76550241210498]",[3.95085,3.95085,,,45,1,2019_Oct_16_1601,FaceNameBlocked,3.0.0,60.02865084,
12,FacesBlock1_v2.xlsx,Jenna.mp4,Jenna.JPG,Jenna,6,Ճէննա,0,0,0,0,0,11,11,6,,,,,,,0,2,0.352905471,,,,,,,,,,,,45,1,2019_Oct_16_1601,FaceNameBlocked,3.0.0,60.02865084,
17,FacesBlock1_v2.xlsx,Jenna.mp4,Jenna.JPG,Jenna,6,Ճէննա,0,0,0,0,,,,,0,1,1,6,,,,,,,,jenna,"['j', 'e', 'n', 'n', 'a', 'return']",3,1.618665431,"[4.400594596983865, 4.681970115052536, 5.333745206007734, 5.499740275088698, 5.63337376806885, 7.598757253028452]",[4.40059,4.40059,,,45,1,2019_Oct_16_1601,FaceNameBlocked,3.0.0,60.02865084,
53,FacesBlock2_v2.xlsx,Jeremy.mp4,Jeremy.JPG,Jeremy,15,Ճէրէմե,0,1,1,1,,,,,0,7,7,0,,,,,,,,,None,1,0.619021221,,,,,,45,1,2019_Oct_16_1601,FaceNameBlocked,3.0.0,60.02865084,
34,FacesBlock2_v2.xlsx,Jeremy.mp4,Jeremy.JPG,Jeremy,15,Ճէրէմե,0,1,1,1,0,3,3,0,,,,,,,0,1,0.453077521,,,,,,,,,,,,45,1,2019_Oct_16_1601,FaceNameBlocked,3.0.0,60.02865084,
3,FacesBlock1_v2.xlsx,Jessica.mp4,Jessica.JPG,Jessica,8,Ճէսսիգա,0,0,0,0,0,2,2,8,,,,,,,0,2,1.002735685,,,,,,,,,,,,45,1,2019_Oct_16_1601,FaceNameBlocked,3.0.0,60.02865084,
30,FacesBlock1_v2.xlsx,Jessica.mp4,Jessica.JPG,Jessica,8,Ճէսսիգա,0,0,0,0,,,,,0,14,14,8,,,,,,,,skylar,"['s', 'k', 'y', 'l', 'a', 'r']",2,0.86789914,"[5.148795502958819, 5.233689843909815, 6.100440004840493, 8.966330522904173, 9.199262372916564, 9.465574481990188]",[5.14879,5.14879,,,45,1,2019_Oct_16_1601,FaceNameBlocked,3.0.0,60.02865084,
37,FacesBlock2_v2.xlsx,Josh.mp4,Josh.JPG,Josh,19,Ճոսհ,0,1,1,1,0,6,6,4,,,,,,,0,1,0.203010406,,,,,,,,,,,,45,1,2019_Oct_16_1601,FaceNameBlocked,3.0.0,60.02865084,
56,FacesBlock2_v2.xlsx,Josh.mp4,Josh.JPG,Josh,19,Ճոսհ,0,1,1,1,,,,,0,10,10,4,,,,,,,,,None,1,2.601457275,,,,,,45,1,2019_Oct_16_1601,FaceNameBlocked,3.0.0,60.02865084,
24,FacesBlock1_v2.xlsx,Julia.mp4,Julia.JPG,Julia,13,Ճըլիա,0,0,0,0,,,,,0,8,8,13,,,,,,,,,None,1,0.752016268,,,,,,45,1,2019_Oct_16_1601,FaceNameBlocked,3.0.0,60.02865084,
10,FacesBlock1_v2.xlsx,Julia.mp4,Julia.JPG,Julia,13,Ճըլիա,0,0,0,0,0,9,9,13,,,,,,,0,2,0.535742962,,,,,,,,,,,,45,1,2019_Oct_16_1601,FaceNameBlocked,3.0.0,60.02865084,
52,FacesBlock2_v2.xlsx,Justin.mp4,Justin.JPG,Justin,27,Ճըսդին,0,1,1,1,,,,,0,6,6,12,,,,,,,,aaron ,"['a', 'a', 'roption', 'r', 'o', 'n', 'return', 'return', 'space', 'm', 'backspace']",2,1.632875108,"[1.61921053705737, 1.8689740730915219, 2.9006276081781834, 3.0351980831474066, 3.9351565481629223, 4.151520239189267, 4.983661047182977, 5.633845321135595, 7.533462383085862, 9.016655332176015, 9.799198165070266]",[1.61921,1.61921,,,45,1,2019_Oct_16_1601,FaceNameBlocked,3.0.0,60.02865084,
41,FacesBlock2_v2.xlsx,Justin.mp4,Justin.JPG,Justin,27,Ճըսդին,0,1,1,1,0,10,10,12,,,,,,,1,1,0.270021963,,,,,,,,,,,,45,1,2019_Oct_16_1601,FaceNameBlocked,3.0.0,60.02865084,
108,FacesBlock4_v2.xlsx,Katie.mp4,Katie.JPG,Katie,54,Քադիէ,0,3,3,3,,,,,0,2,2,9,,,,,,,,taylor,"['t', 'a', 'y', 'l', 'o', 'r']",1,0.868461078,"[2.7182959460187703, 3.449528240133077, 4.134678413160145, 5.334001373965293, 5.817411015974358, 6.933613016968593]",[2.71829,2.71829,,,45,1,2019_Oct_16_1601,FaceNameBlocked,3.0.0,60.02865084,
102,FacesBlock4_v2.xlsx,Katie.mp4,Katie.JPG,Katie,54,Քադիէ,0,3,3,3,0,11,11,9,,,,,,,1,2,0.269825818,,,,,,,,,,,,45,1,2019_Oct_16_1601,FaceNameBlocked,3.0.0,60.02865084,
84,FacesBlock3_v2.xlsx,Kayla.mp4,Kayla.JPG,Kayla,34,Սարահ,0,2,2,2,,,,,0,8,8,4,,,,,,,,ma,"['m', 'a']",1,1.368574672,"[9.415990353096277, 9.516395640093833]",[9.41599,9.41599,,,45,1,2019_Oct_16_1601,FaceNameBlocked,3.0.0,60.02865084,
74,FacesBlock3_v2.xlsx,Kayla.mp4,Kayla.JPG,Kayla,34,Սարահ,0,2,2,2,0,13,13,4,,,,,,,0,2,0.26934698,,,,,,,,,,,,45,1,2019_Oct_16_1601,FaceNameBlocked,3.0.0,60.02865084,
4,FacesBlock1_v2.xlsx,Kelsey.mp4,Kelsey.JPG,Kelsey,12,Քէլսէե,0,0,0,0,0,3,3,12,,,,,,,1,2,1.20280234,,,,,,,,,,,,45,1,2019_Oct_16_1601,FaceNameBlocked,3.0.0,60.02865084,
22,FacesBlock1_v2.xlsx,Kelsey.mp4,Kelsey.JPG,Kelsey,12,Քէլսէե,0,0,0,0,,,,,0,6,6,12,,,,,,,,,None,1,0.852054421,,,,,,45,1,2019_Oct_16_1601,FaceNameBlocked,3.0.0,60.02865084,
63,FacesBlock3_v2.xlsx,Kevin.mp4,Kevin.JPG,Kevin,41,Քէւին,0,2,2,2,0,2,2,11,,,,,,,0,1,0.202558141,,,,,,,,,,,,45,1,2019_Oct_16_1601,FaceNameBlocked,3.0.0,60.02865084,
77,FacesBlock3_v2.xlsx,Kevin.mp4,Kevin.JPG,Kevin,41,Քէւին,0,2,2,2,,,,,0,1,1,11,,,,,,,,noah,"['n', 'o', 'a', 'h']",3,0.235664293,"[2.9507683550473303, 3.067497408017516, 3.134796188911423, 3.417041210923344]",[2.95076,2.95076,,,45,1,2019_Oct_16_1601,FaceNameBlocked,3.0.0,60.02865084,
15,FacesBlock1_v2.xlsx,Kyle.mp4,Kyle.JPG,Kyle,4,Քելէ,0,0,0,0,0,14,14,4,,,,,,,1,1,0.269855413,,,,,,,,,,,,45,1,2019_Oct_16_1601,FaceNameBlocked,3.0.0,60.02865084,
29,FacesBlock1_v2.xlsx,Kyle.mp4,Kyle.JPG,Kyle,4,Քելէ,0,0,0,0,,,,,0,13,13,4,,,,,,,,jonathon,"['j', 'o', 'n', 'a', 't', 'h', 'o', 'n']",1,1.052362391,"[5.384587537962943, 5.5842628800310194, 5.86750512314029, 6.067497130017728, 6.234139421954751, 6.50091267703101, 6.767213409068063, 7.150950210168958]",[5.38458,5.38458,,,45,1,2019_Oct_16_1601,FaceNameBlocked,3.0.0,60.02865084,
82,FacesBlock3_v2.xlsx,Lauren.mp4,Lauren.JPG,Lauren,38,Լաըրէն,0,2,2,2,,,,,0,6,6,8,,,,,,,,cortney,"['c', 'o', 'r', 't', 'n', 'e', 'e', 'backspace', 'y']",3,0.369058858,"[2.4511411108542234, 2.8840941609814763, 3.4842744329944253, 3.7345296039711684, 4.050929578952491, 4.233817439991981, 4.650943579850718, 5.43318609893322, 5.950570998946205]",[2.45114,2.45114,,,45,1,2019_Oct_16_1601,FaceNameBlocked,3.0.0,60.02865084,
72,FacesBlock3_v2.xlsx,Lauren.mp4,Lauren.JPG,Lauren,38,Լաըրէն,0,2,2,2,0,11,11,8,,,,,,,1,2,0.236233898,,,,,,,,,,,,45,1,2019_Oct_16_1601,FaceNameBlocked,3.0.0,60.02865084,
68,FacesBlock3_v2.xlsx,Mark.mp4,Mark.JPG,Mark,40,Մարք,0,2,2,2,0,7,7,10,,,,,,,1,1,0.75214321,,,,,,,,,,,,45,1,2019_Oct_16_1601,FaceNameBlocked,3.0.0,60.02865084,
80,FacesBlock3_v2.xlsx,Mark.mp4,Mark.JPG,Mark,40,Մարք,0,2,2,2,,,,,0,4,4,10,,,,,,,,mark,"['m', 'a', 'r', 'k']",4,0.402217262,"[5.400834401836619, 5.616573218954727, 5.867180005880073, 6.366932589793578]",[5.40083,5.40083,,,45,1,2019_Oct_16_1601,FaceNameBlocked,3.0.0,60.02865084,
2,FacesBlock1_v2.xlsx,Matthew.mp4,Matthew.JPG,Matthew,9,Մադդհէվ,0,0,0,0,0,1,1,9,,,,,,,1,1,0.735771459,,,,,,,,,,,,45,1,2019_Oct_16_1601,FaceNameBlocked,3.0.0,60.02865084,
20,FacesBlock1_v2.xlsx,Matthew.mp4,Matthew.JPG,Matthew,9,Մադդհէվ,0,0,0,0,,,,,0,4,4,9,,,,,,,,max,"['m', 'a', 'x', '2', 'backspace']",1,1.4186498,"[4.351345982868224, 4.4012866008561105, 6.350591324036941, 7.900048709940165, 8.64928556792438]",[4.35134,4.35134,,,45,1,2019_Oct_16_1601,FaceNameBlocked,3.0.0,60.02865084,
48,FacesBlock2_v2.xlsx,Megan.mp4,Megan.JPG,Megan,25,Մէկան,0,1,1,1,,,,,0,2,2,10,,,,,,,,abigal2,"['a', 'b', 'i', 'g', 'a', 'l', '2']",2,0.80182881,"[3.001587017904967, 3.1019227718934417, 3.3345020909328014, 3.6002275068312883, 3.8337328110355884, 4.21778565691784, 8.815414160024375]",[3.00158,3.00158,,,45,1,2019_Oct_16_1601,FaceNameBlocked,3.0.0,60.02865084,
31,FacesBlock2_v2.xlsx,Megan.mp4,Megan.JPG,Megan,25,Մէկան,0,1,1,1,0,0,0,10,,,,,,,0,2,1.852717268,,,,,,,,,,,,45,1,2019_Oct_16_1601,FaceNameBlocked,3.0.0,60.02865084,
114,FacesBlock4_v2.xlsx,Michael.mp4,Michael.JPG,Michael,46,Միգհաէլ,0,3,3,3,,,,,0,8,8,1,,,,,,,,mathew,"['m', 'a', 't', 'h', 'e', 'w']",1,1.285181468,"[3.718642860883847, 3.8181871890556067, 4.051712482003495, 4.21806779387407, 4.40176811395213, 4.701521542854607]",[3.71864,3.71864,,,45,1,2019_Oct_16_1601,FaceNameBlocked,3.0.0,60.02865084,
100,FacesBlock4_v2.xlsx,Michael.mp4,Michael.JPG,Michael,46,Միգհաէլ,0,3,3,3,0,9,9,1,,,,,,,0,1,0.31909972,,,,,,,,,,,,45,1,2019_Oct_16_1601,FaceNameBlocked,3.0.0,60.02865084,
94,FacesBlock4_v2.xlsx,Michelle.mp4,Michelle.JPG,Michelle,52,Միգհէլլէ,0,3,3,3,0,3,3,7,,,,,,,0,2,0.236132953,,,,,,,,,,,,45,1,2019_Oct_16_1601,FaceNameBlocked,3.0.0,60.02865084,
110,FacesBlock4_v2.xlsx,Michelle.mp4,Michelle.JPG,Michelle,52,Միգհէլլէ,0,3,3,3,,,,,0,4,4,7,,,,,,,,,None,1,0.15179805,,,,,,45,1,2019_Oct_16_1601,FaceNameBlocked,3.0.0,60.02865084,
28,FacesBlock1_v2.xlsx,Natalie.mp4,Natalie.JPG,Natalie,7,Նադալիէ,0,0,0,0,,,,,0,12,12,7,,,,,,,,natalie,"['n', 'a', 't', 'a', 'l', 'i', 'w', 'backspace', 'e']",2,0.768554327,"[3.3014355550985783, 3.6177711109630764, 3.8674097009934485, 4.150893598096445, 5.0006355091463774, 5.333437631139532, 5.683374802116305, 6.566125909099355, 6.964827774092555]",[3.30143,3.30143,,,45,1,2019_Oct_16_1601,FaceNameBlocked,3.0.0,60.02865084,
14,FacesBlock1_v2.xlsx,Natalie.mp4,Natalie.JPG,Natalie,7,Նադալիէ,0,0,0,0,0,13,13,7,,,,,,,0,2,0.236589587,,,,,,,,,,,,45,1,2019_Oct_16_1601,FaceNameBlocked,3.0.0,60.02865084,
76,FacesBlock3_v2.xlsx,Nathan.mp4,Nathan.JPG,Nathan,37,Նադհան,0,2,2,2,,,,,0,0,0,7,,,,,,space,4.050931755,and,"['a', 'n', 'd']",2,1.435311539,"[6.916964249918237, 6.949924073880538, 9.799075856804848]",[6.91696,6.91696,,,45,1,2019_Oct_16_1601,FaceNameBlocked,3.0.0,60.02865084,
61,FacesBlock3_v2.xlsx,Nathan.mp4,Nathan.JPG,Nathan,37,Նադհան,0,2,2,2,0,0,0,7,,,,,,,0,1,1.285279898,,,,,,,,,,,,45,1,2019_Oct_16_1601,FaceNameBlocked,3.0.0,60.02865084,
87,FacesBlock3_v2.xlsx,Nicole.mp4,Nicole.JPG,Nicole,43,Նիգոլէ,0,2,2,2,,,,,0,11,11,13,,,,,,,,,"['2', '1', '1', 'backspace', '2', 'backspace', 'backspace', 'backspace', 'backspace']",1,0.251997528,"[3.0343358570244163, 3.200915717985481, 4.050416289828718, 4.56536982790567, 4.599913737969473, 5.14979867101647, 5.282874420983717, 5.449709804961458, 5.632629078812897]",[3.03433,3.03433,,,45,1,2019_Oct_16_1601,FaceNameBlocked,3.0.0,60.02865084,
67,FacesBlock3_v2.xlsx,Nicole.mp4,Nicole.JPG,Nicole,43,Նիգոլէ,0,2,2,2,0,6,6,13,,,,,,,1,2,0.185961779,,,,,,,,,,,,45,1,2019_Oct_16_1601,FaceNameBlocked,3.0.0,60.02865084,
70,FacesBlock3_v2.xlsx,Noah.mp4,Noah.JPG,Noah,31,Նոահ,0,2,2,2,0,9,9,1,,,,,,,0,1,0.868439595,,,,,,,,,,,,45,1,2019_Oct_16_1601,FaceNameBlocked,3.0.0,60.02865084,
79,FacesBlock3_v2.xlsx,Noah.mp4,Noah.JPG,Noah,31,Նոահ,0,2,2,2,,,,,0,3,3,1,,,,,,,,noah,"['n', 'o', 'a', 'h']",4,0.235641267,"[2.084812507033348, 2.3006933971773833, 2.401746679097414, 2.584612948121503]",[2.08481,2.08481,,,45,1,2019_Oct_16_1601,FaceNameBlocked,3.0.0,60.02865084,
69,FacesBlock3_v2.xlsx,Olivia.mp4,Olivia.JPG,Olivia,35,Ոլիւիա,0,2,2,2,0,8,8,5,,,,,,,1,2,0.502706971,,,,,,,,,,,,45,1,2019_Oct_16_1601,FaceNameBlocked,3.0.0,60.02865084,
90,FacesBlock3_v2.xlsx,Olivia.mp4,Olivia.JPG,Olivia,35,Ոլիւիա,0,2,2,2,,,,,0,14,14,5,,,,,,,,stephanie,"['s', 't', 'e', 'p', 'h', 'a', 'n', 'i', 'e']",2,0.952114363,"[6.699769603088498, 7.483511435100809, 7.866256897104904, 8.41600548918359, 8.832809146028012, 8.949462361168116, 9.082768579013646, 9.315860809991136, 9.913937759120017]",[6.69976,6.69976,,,45,1,2019_Oct_16_1601,FaceNameBlocked,3.0.0,60.02865084,
54,FacesBlock2_v2.xlsx,Rachel.mp4,Rachel.JPG,Rachel,29,Րագհէլ,0,1,1,1,,,,,0,8,8,14,,,,,,,,,None,1,1.10190298,,,,,,45,1,2019_Oct_16_1601,FaceNameBlocked,3.0.0,60.02865084,
32,FacesBlock2_v2.xlsx,Rachel.mp4,Rachel.JPG,Rachel,29,Րագհէլ,0,1,1,1,0,1,1,14,,,,,,,1,2,1.469044976,,,,,,,,,,,,45,1,2019_Oct_16_1601,FaceNameBlocked,3.0.0,60.02865084,
78,FacesBlock3_v2.xlsx,Rebecca.mp4,Rebecca.JPG,Rebecca,32,Րէբէգգա,0,2,2,2,,,,,0,2,2,2,,,,,,,,abigal,"['a', 'b', 'i', 'g', 'a', 'l']",2,0.552355688,"[3.51786608598195, 3.634685618104413, 3.850123347947374, 4.150819905102253, 4.250722068129107, 4.4171003671363]",[3.51786,3.51786,,,45,1,2019_Oct_16_1601,FaceNameBlocked,3.0.0,60.02865084,
64,FacesBlock3_v2.xlsx,Rebecca.mp4,Rebecca.JPG,Rebecca,32,Րէբէգգա,0,2,2,2,0,3,3,2,,,,,,,1,2,0.11909603,,,,,,,,,,,,45,1,2019_Oct_16_1601,FaceNameBlocked,3.0.0,60.02865084,
71,FacesBlock3_v2.xlsx,Sarah.mp4,Sarah.JPG,Sarah,33,Սարահ,0,2,2,2,0,10,10,3,,,,,,,1,2,0.267438653,,,,,,,,,,,,45,1,2019_Oct_16_1601,FaceNameBlocked,3.0.0,60.02865084,
81,FacesBlock3_v2.xlsx,Sarah.mp4,Sarah.JPG,Sarah,33,Սարահ,0,2,2,2,,,,,0,5,5,3,,,,,,,,courtney,"['c', 'o', 'u', 'r', 't', 'n', 'e', 'y', '3', 'backspace']",3,0.352882518,"[1.9348400209564716, 2.201517503010109, 2.7672988469712436, 3.050811512861401, 3.40073505602777, 3.617521140957251, 3.883764938917011, 4.134101942880079, 8.166091703809798, 9.215097106993198]",[1.93484,1.93484,,,45,1,2019_Oct_16_1601,FaceNameBlocked,3.0.0,60.02865084,
73,FacesBlock3_v2.xlsx,Shelby.mp4,Shelby.JPG,Shelby,36,Սհէլբե,0,2,2,2,0,12,12,6,,,,,,,0,2,0.702028883,,,,,,,,,,,,45,1,2019_Oct_16_1601,FaceNameBlocked,3.0.0,60.02865084,
86,FacesBlock3_v2.xlsx,Shelby.mp4,Shelby.JPG,Shelby,36,Սհէլբե,0,2,2,2,,,,,0,10,10,6,,,,,,,,,None,2,0.634690459,,,,,,45,1,2019_Oct_16_1601,FaceNameBlocked,3.0.0,60.02865084,
49,FacesBlock2_v2.xlsx,Steven.mp4,Steven.JPG,Steven,17,Սդէւէն,0,1,1,1,,,,,0,3,3,2,,,,,,,,matt,"['m', 'a', 't', 't']",3,1.351831464,"[1.5509695298969746, 1.8015848980285227, 2.0018499358557165, 2.151543786050752]",[1.55096,1.55096,,,45,1,2019_Oct_16_1601,FaceNameBlocked,3.0.0,60.02865084,
42,FacesBlock2_v2.xlsx,Steven.mp4,Steven.JPG,Steven,17,Սդէւէն,0,1,1,1,0,11,11,2,,,,,,,1,1,0.836715649,,,,,,,,,,,,45,1,2019_Oct_16_1601,FaceNameBlocked,3.0.0,60.02865084,
99,FacesBlock4_v2.xlsx,Taylor.mp4,Taylor.JPG,Taylor,45,Դաելոր,0,3,3,3,0,8,8,0,,,,,,,0,2,0.002906159,,,,,,,,,,,,45,1,2019_Oct_16_1601,FaceNameBlocked,3.0.0,60.02865084,
115,FacesBlock4_v2.xlsx,Taylor.mp4,Taylor.JPG,Taylor,45,Դաելոր,0,3,3,3,,,,,0,9,9,0,,,,,,,,,None,1,0.635595931,,,,,,45,1,2019_Oct_16_1601,FaceNameBlocked,3.0.0,60.02865084,
75,FacesBlock3_v2.xlsx,Thomas.mp4,Thomas.JPG,Thomas,44,Դհոմաս,0,2,2,2,0,14,14,14,,,,,,,0,1,0.452994806,,,,,,,,,,,,45,1,2019_Oct_16_1601,FaceNameBlocked,3.0.0,60.02865084,
85,FacesBlock3_v2.xlsx,Thomas.mp4,Thomas.JPG,Thomas,44,Դհոմաս,0,2,2,2,,,,,0,9,9,14,,,,,,,,,"['c', 'backspace']",1,0.285241836,"[6.600060706026852, 7.7650303391274065]",[6.60006,6.60006,,,45,1,2019_Oct_16_1601,FaceNameBlocked,3.0.0,60.02865084,
1,FacesBlock1_v2.xlsx,Timothy.mp4,Timothy.JPG,Timothy,10,Դիմոդհե,0,0,0,0,0,0,0,10,,,,,,,1,1,1.752441705,,,,,,,,,,,,45,1,2019_Oct_16_1601,FaceNameBlocked,3.0.0,60.02865084,
23,FacesBlock1_v2.xlsx,Timothy.mp4,Timothy.JPG,Timothy,10,Դիմոդհե,0,0,0,0,,,,,0,7,7,10,,,,,,,,geogr,"['g', 'e', 'o', 'g', 'r']",1,1.668578693,"[8.066308991983533, 8.232610231963918, 8.915889008902013, 9.366107208887115, 9.565951442113146]",[8.06630,8.06630,,,45,1,2019_Oct_16_1601,FaceNameBlocked,3.0.0,60.02865084,
47,FacesBlock2_v2.xlsx,Trevor.mp4,Trevor.JPG,Trevor,21,Դրէւոր,0,1,1,1,,,,,0,1,1,6,,,,,,,,aaron,"['a', 'a', 'r', 'o', 'n']",2,1.301380265,"[7.532538566971198, 7.73260075901635, 8.282257200917229, 8.598340713884681, 9.282080139964819]",[7.53253,7.53253,,,45,1,2019_Oct_16_1601,FaceNameBlocked,3.0.0,60.02865084,
39,FacesBlock2_v2.xlsx,Trevor.mp4,Trevor.JPG,Trevor,21,Դրէւոր,0,1,1,1,0,8,8,6,,,,,,,0,1,0.103704072,,,,,,,,,,,,45,1,2019_Oct_16_1601,FaceNameBlocked,3.0.0,60.02865084,
55,FacesBlock2_v2.xlsx,Tyler.mp4,Tyler.JPG,Tyler,22,Դելէր,0,1,1,1,,,,,0,9,9,7,,,,,,,,,None,1,0.618695714,,,,,,45,1,2019_Oct_16_1601,FaceNameBlocked,3.0.0,60.02865084,
33,FacesBlock2_v2.xlsx,Tyler.mp4,Tyler.JPG,Tyler,22,Դելէր,0,1,1,1,0,2,2,7,,,,,,,0,1,0.902098614,,,,,,,,,,,,45,1,2019_Oct_16_1601,FaceNameBlocked,3.0.0,60.02865084,
0,,,,,,,,,,,,,,,,,,,space,33.67480526,,,,,,,,,,,,,,,45,1,2019_Oct_16_1601,FaceNameBlocked,3.0.0,60.02865084,
121,,,,,,,,,,,,,,,,,,,,,,,,,,,,,,,,,space,66829.54708,45,1,2019_Oct_16_1601,FaceNameBlocked,3.0.0,60.02865084,