,condsFile,Video,Photo,Name,Row,Name2,blocks.thisRepN,blocks.thisTrialN,blocks.thisN,blocks.thisIndex,presentations.thisRepN,presentations.thisTrialN,presentations.thisN,presentations.thisIndex,testing.thisRepN,testing.thisTrialN,testing.thisN,testing.thisIndex,advance_1.keys,advance_1.rt,currentCond,judgementResp.keys,judgementResp.rt,advance_2.keys,advance_2.rt,inputText,key_resp_3.keys,key_resp_3.rt,,key_resp3_fin,rating_resp.keys,rating_resp.rt,participant,session,date,expName,psychopyVersion,frameRate,Unnamed: 36
54,FacesBlock2_v2.xlsx,Aaron.mp4,Aaron.JPG,Aaron,18,Աարոն,0,1,1,1,,,,,0,8,8,3,,,,,,,,josh,"['j', 'o', 's', 'h']","[4.235377402044833, 4.384946846170351, 4.734850936103612, 5.084031877107918]",[4.23537,4.23537,4,0.885367445,46,1,2019_Oct_17_1114,FaceNameBlocked,3.0.0,60.12891831,
41,FacesBlock2_v2.xlsx,Aaron.mp4,Aaron.JPG,Aaron,18,Աարոն,0,1,1,1,0,10,10,3,,,,,,,0,1,1.235983982,,,,,,,,,,46,1,2019_Oct_17_1114,FaceNameBlocked,3.0.0,60.12891831,
12,FacesBlock1_v2.xlsx,Adam.mp4,Adam.JPG,Adam,5,Ատամ,0,0,0,0,0,11,11,5,,,,,,,1,1,5.783756225,,,,,,,,,,46,1,2019_Oct_17_1114,FaceNameBlocked,3.0.0,60.12891831,
30,FacesBlock1_v2.xlsx,Adam.mp4,Adam.JPG,Adam,5,Ատամ,0,0,0,0,,,,,0,14,14,5,,,,,,,,ma,"['m', 'a']","[9.465589564060792, 9.932570992968976]",[9.46558,9.46558,2,2.168308985,46,1,2019_Oct_17_1114,FaceNameBlocked,3.0.0,60.12891831,
119,FacesBlock4_v2.xlsx,Alyssa.mp4,Alyssa.JPG,Alyssa,55,Ալեսսա,0,3,3,3,,,,,0,13,13,10,,,,,,,,britn,"['b', 'r', 'i', 't', 'n']","[8.382211572024971, 8.682429054984823, 9.015997200040147, 9.282186923082918, 9.665170612046495]",[8.38221,8.38221,2,1.567591882,46,1,2019_Oct_17_1114,FaceNameBlocked,3.0.0,60.12891831,
105,FacesBlock4_v2.xlsx,Alyssa.mp4,Alyssa.JPG,Alyssa,55,Ալեսսա,0,3,3,3,0,14,14,10,,,,,,,1,2,1.066347611,,,,,,,,,,46,1,2019_Oct_17_1114,FaceNameBlocked,3.0.0,60.12891831,
10,FacesBlock1_v2.xlsx,Amanda.mp4,Amanda.JPG,Amanda,2,Ամանտա,0,0,0,0,0,9,9,2,,,,,,,1,2,0.569467113,,,,,,,,,,46,1,2019_Oct_17_1114,FaceNameBlocked,3.0.0,60.12891831,
27,FacesBlock1_v2.xlsx,Amanda.mp4,Amanda.JPG,Amanda,2,Ամանտա,0,0,0,0,,,,,0,11,11,2,,,,,,,,jordan,"['j', 'o', 'r', 'd', 'a', 'n']","[2.8523012050427496, 2.935433570994064, 3.2834208640269935, 3.484991237986833, 3.701652802992612, 4.085019959136844]",[2.85230,2.85230,1,1.201854717,46,1,2019_Oct_17_1114,FaceNameBlocked,3.0.0,60.12891831,
95,FacesBlock4_v2.xlsx,Andrew.mp4,Andrew.JPG,Andrew,51,Անտրէվ,0,3,3,3,0,4,4,6,,,,,,,0,1,0.203618988,,,,,,,,,,46,1,2019_Oct_17_1114,FaceNameBlocked,3.0.0,60.12891831,
111,FacesBlock4_v2.xlsx,Andrew.mp4,Andrew.JPG,Andrew,51,Անտրէվ,0,3,3,3,,,,,0,5,5,6,,,,,,,,michael,"['m', 'i', 'c', 'h', 'a', 'e', 'l']","[3.4519983630161732, 3.6681708220858127, 3.984976626932621, 4.566120818024501, 5.117108372040093, 5.250598883954808, 5.684036192018539]",[3.45199,3.45199,4,1.43552769,46,1,2019_Oct_17_1114,FaceNameBlocked,3.0.0,60.12891831,
94,FacesBlock4_v2.xlsx,Anna.mp4,Anna.JPG,Anna,47,Աննա,0,3,3,3,0,3,3,2,,,,,,,0,2,3.80182939,,,,,,,,,,46,1,2019_Oct_17_1114,FaceNameBlocked,3.0.0,60.12891831,
106,FacesBlock4_v2.xlsx,Anna.mp4,Anna.JPG,Anna,47,Աննա,0,3,3,3,,,,,0,0,0,2,,,,,,space,8.866652393,anna,"['a', 'n', 'n', 'a']","[1.5509189278818667, 2.0505136898718774, 2.2182174217887223, 2.5678830498363823]",[1.55091,1.55091,4,1.268586484,46,1,2019_Oct_17_1114,FaceNameBlocked,3.0.0,60.12891831,
44,FacesBlock2_v2.xlsx,Ashley.mp4,Ashley.JPG,Ashley,24,Ասհլէե,0,1,1,1,0,13,13,9,,,,,,,0,2,0.919963578,,,,,,,,,,46,1,2019_Oct_17_1114,FaceNameBlocked,3.0.0,60.12891831,
49,FacesBlock2_v2.xlsx,Ashley.mp4,Ashley.JPG,Ashley,24,Ասհլէե,0,1,1,1,,,,,0,3,3,9,,,,,,,,ashley,"['a', 's', 'h', 'l', 'e', 'y']","[2.034438882023096, 2.234733436955139, 2.750918095931411, 3.4503836759831756, 3.900786702055484, 4.150859489105642]",[2.03443,2.03443,4,2.851408231,46,1,2019_Oct_17_1114,FaceNameBlocked,3.0.0,60.12891831,
22,FacesBlock1_v2.xlsx,Bradley.mp4,Bradley.JPG,Bradley,14,Բրատլէե,0,0,0,0,,,,,0,6,6,14,,,,,,,,matthew,"['m', 'a', 't', 't', 'h', 'e', 'w']","[4.717649082886055, 6.733626868808642, 7.216788343852386, 7.3827873738482594, 7.616649640025571, 7.782973575871438, 8.03288785694167]",[4.71764,4.71764,1,2.183136393,46,1,2019_Oct_17_1114,FaceNameBlocked,3.0.0,60.12891831,
9,FacesBlock1_v2.xlsx,Bradley.mp4,Bradley.JPG,Bradley,14,Բրատլէե,0,0,0,0,0,8,8,14,,,,,,,0,1,0.536516981,,,,,,,,,,46,1,2019_Oct_17_1114,FaceNameBlocked,3.0.0,60.12891831,
116,FacesBlock4_v2.xlsx,Brandon.mp4,Brandon.JPG,Brandon,56,Բրանտոն,0,3,3,3,,,,,0,10,10,11,,,,,,,,,None,,,,1,0.96845378,46,1,2019_Oct_17_1114,FaceNameBlocked,3.0.0,60.12891831,
92,FacesBlock4_v2.xlsx,Brandon.mp4,Brandon.JPG,Brandon,56,Բրանտոն,0,3,3,3,0,1,1,11,,,,,,,1,1,0.969331975,,,,,,,,,,46,1,2019_Oct_17_1114,FaceNameBlocked,3.0.0,60.12891831,
107,FacesBlock4_v2.xlsx,Brian.mp4,Brian.JPG,Brian,53,Բրիան,0,3,3,3,,,,,0,1,1,8,,,,,,,,michael,"['m', 'i', 'c', 'h', 'a', 'e', 'l']","[2.234992142068222, 2.451902172062546, 2.6851271239575, 2.9847940211184323, 3.3345822950359434, 3.8671031289268285, 4.29890025802888]",[2.23499,2.23499,4,1.352103467,46,1,2019_Oct_17_1114,FaceNameBlocked,3.0.0,60.12891831,
96,FacesBlock4_v2.xlsx,Brian.mp4,Brian.JPG,Brian,53,Բրիան,0,3,3,3,0,5,5,8,,,,,,,0,1,0.618522112,,,,,,,,,,46,1,2019_Oct_17_1114,FaceNameBlocked,3.0.0,60.12891831,
120,FacesBlock4_v2.xlsx,Brianna.mp4,Brianna.JPG,Brianna,48,Բրիաննա,0,3,3,3,,,,,0,14,14,3,,,,,,,,,None,,,,1,1.202133393,46,1,2019_Oct_17_1114,FaceNameBlocked,3.0.0,60.12891831,
104,FacesBlock4_v2.xlsx,Brianna.mp4,Brianna.JPG,Brianna,48,Բրիաննա,0,3,3,3,0,13,13,3,,,,,,,0,2,1.019216385,,,,,,,,,,46,1,2019_Oct_17_1114,FaceNameBlocked,3.0.0,60.12891831,
53,FacesBlock2_v2.xlsx,Brittany.mp4,Brittany.JPG,Brittany,28,Բրիդդանե,0,1,1,1,,,,,0,7,7,13,,,,,,,,britney,"['b', 'r', 'i', 't', 'n', 'e', 'y']","[1.5677921117749065, 1.8847745798993856, 2.3162748489994556, 2.601357670966536, 3.1511061468627304, 3.5340197728946805, 3.717885803896934]",[1.56779,1.56779,4,0.71866573,46,1,2019_Oct_17_1114,FaceNameBlocked,3.0.0,60.12891831,
34,FacesBlock2_v2.xlsx,Brittany.mp4,Brittany.JPG,Brittany,28,Բրիդդանե,0,1,1,1,0,3,3,13,,,,,,,1,2,4.717733649,,,,,,,,,,46,1,2019_Oct_17_1114,FaceNameBlocked,3.0.0,60.12891831,
102,FacesBlock4_v2.xlsx,Caleb.mp4,Caleb.JPG,Caleb,59,Գալէբ,0,3,3,3,0,11,11,14,,,,,,,1,1,0.702933541,,,,,,,,,,46,1,2019_Oct_17_1114,FaceNameBlocked,3.0.0,60.12891831,
109,FacesBlock4_v2.xlsx,Caleb.mp4,Caleb.JPG,Caleb,59,Գալէբ,0,3,3,3,,,,,0,3,3,14,,,,,,,,zach,"['z', 'a', 'c', 'h']","[1.9847353678196669, 2.201017971849069, 2.7347211190499365, 3.0838587048929185]",[1.98473,1.98473,4,1.468697526,46,1,2019_Oct_17_1114,FaceNameBlocked,3.0.0,60.12891831,
50,FacesBlock2_v2.xlsx,Cody.mp4,Cody.JPG,Cody,23,Գոտե,0,1,1,1,,,,,0,4,4,8,,,,,,,,ma,"['m', 'a', 't', 't', 'backspace', 'backspace']","[7.733527657110244, 8.166322072036564, 8.699499515118077, 8.86609241203405, 9.74870683811605, 9.948465927038342]",[7.73352,7.73352,1,2.867756225,46,1,2019_Oct_17_1114,FaceNameBlocked,3.0.0,60.12891831,
31,FacesBlock2_v2.xlsx,Cody.mp4,Cody.JPG,Cody,23,Գոտե,0,1,1,1,0,0,0,8,,,,,,,0,1,1.569477226,,,,,,,,,,46,1,2019_Oct_17_1114,FaceNameBlocked,3.0.0,60.12891831,
62,FacesBlock3_v2.xlsx,Courtney.mp4,Courtney.JPG,Courtney,42,Գոըրդնէե,0,2,2,2,0,1,1,12,,,,,,,1,2,2.486045724,,,,,,,,,,46,1,2019_Oct_17_1114,FaceNameBlocked,3.0.0,60.12891831,
82,FacesBlock3_v2.xlsx,Courtney.mp4,Courtney.JPG,Courtney,42,Գոըրդնէե,0,2,2,2,,,,,0,6,6,12,,,,,,,,jackie,"['j', 'a', 'c', 'k', 'u', 'i', 'backspace', 'backspace', 'i', 'e']","[1.6683014759328216, 1.8348325539845973, 2.0012064608745277, 2.268209130037576, 2.551277495920658, 2.572160589043051, 3.3999693440273404, 3.600428919075057, 3.8839510739780962, 5.716477188980207]",[1.66830,1.66830,1,0.966826552,46,1,2019_Oct_17_1114,FaceNameBlocked,3.0.0,60.12891831,
76,FacesBlock3_v2.xlsx,Daniel.mp4,Daniel.JPG,Daniel,30,Տանիէլ,0,2,2,2,,,,,0,0,0,0,,,,,,space,7.54942062,matthew,"['m', 'backspace', 'm', 'a', 't', 't', 'h', 'e', 'w']","[3.0178743901196867, 5.582330976147205, 7.433065589051694, 7.916169067146257, 8.33263086504303, 8.515910912072286, 8.699267154093832, 8.965468540089205, 9.149023808073252]",[3.01787,3.01787,1,1.466432265,46,1,2019_Oct_17_1114,FaceNameBlocked,3.0.0,60.12891831,
68,FacesBlock3_v2.xlsx,Daniel.mp4,Daniel.JPG,Daniel,30,Տանիէլ,0,2,2,2,0,7,7,0,,,,,,,0,1,1.06945898,,,,,,,,,,46,1,2019_Oct_17_1114,FaceNameBlocked,3.0.0,60.12891831,
8,FacesBlock1_v2.xlsx,Danielle.mp4,Danielle.JPG,Danielle,3,Տանիէլլէ,0,0,0,0,0,7,7,3,,,,,,,0,2,0.369527748,,,,,,,,,,46,1,2019_Oct_17_1114,FaceNameBlocked,3.0.0,60.12891831,
26,FacesBlock1_v2.xlsx,Danielle.mp4,Danielle.JPG,Danielle,3,Տանիէլլէ,0,0,0,0,,,,,0,10,10,3,,,,,,,,jessica,"['j', 'e', 's', 's', 'i', 'c', 'a']","[2.834850639104843, 3.184528971090913, 3.40108841098845, 3.5514470441266894, 3.9840310709550977, 4.317703826120123, 4.583944709971547]",[2.83485,2.83485,2,1.301939193,46,1,2019_Oct_17_1114,FaceNameBlocked,3.0.0,60.12891831,
40,FacesBlock2_v2.xlsx,David.mp4,David.JPG,David,16,Տաւիտ,0,1,1,1,0,9,9,1,,,,,,,1,1,1.136299155,,,,,,,,,,46,1,2019_Oct_17_1114,FaceNameBlocked,3.0.0,60.12891831,
51,FacesBlock2_v2.xlsx,David.mp4,David.JPG,David,16,Տաւիտ,0,1,1,1,,,,,0,5,5,1,,,,,,,,brett,"['b', 'r', 'e', 't', 't']","[7.3157861169893295, 7.648803784977645, 7.865899415919557, 8.049267044989392, 8.215635984903201]",[7.31578,7.31578,3,5.634158853,46,1,2019_Oct_17_1114,FaceNameBlocked,3.0.0,60.12891831,
117,FacesBlock4_v2.xlsx,Dylan.mp4,Dylan.JPG,Dylan,50,Տելան,0,3,3,3,,,,,0,11,11,5,,,,,,,,mike,"['m', 'i', 'k', 'e']","[7.482903817901388, 7.782990827923641, 8.066713633947074, 8.43283173488453]",[7.48290,7.48290,1,1.018157022,46,1,2019_Oct_17_1114,FaceNameBlocked,3.0.0,60.12891831,
99,FacesBlock4_v2.xlsx,Dylan.mp4,Dylan.JPG,Dylan,50,Տելան,0,3,3,3,0,8,8,5,,,,,,,1,1,0.702533391,,,,,,,,,,46,1,2019_Oct_17_1114,FaceNameBlocked,3.0.0,60.12891831,
118,FacesBlock4_v2.xlsx,Emily.mp4,Emily.JPG,Emily,57,Էմիլե,0,3,3,3,,,,,0,12,12,12,,,,,,,,a,['a'],[8.53277686983347],[8.53277,8.53277,1,1.849407116,46,1,2019_Oct_17_1114,FaceNameBlocked,3.0.0,60.12891831,
101,FacesBlock4_v2.xlsx,Emily.mp4,Emily.JPG,Emily,57,Էմիլե,0,3,3,3,0,10,10,12,,,,,,,1,2,0.602986878,,,,,,,,,,46,1,2019_Oct_17_1114,FaceNameBlocked,3.0.0,60.12891831,
2,FacesBlock1_v2.xlsx,Eric.mp4,Eric.JPG,Eric,0,Էրիգ,0,0,0,0,0,1,1,0,,,,,,,1,1,1.202691579,,,,,,,,,,46,1,2019_Oct_17_1114,FaceNameBlocked,3.0.0,60.12891831,
29,FacesBlock1_v2.xlsx,Eric.mp4,Eric.JPG,Eric,0,Էրիգ,0,0,0,0,,,,,0,13,13,0,,,,,,,,kyle,"['m', 'a', 't', 't', 'backspace', 'backspace', 'backspace', 'backspace', 'k', 'y', 'l', 'e']","[2.052049346966669, 2.968213389860466, 4.56767818890512, 4.784200688824058, 5.383711426984519, 5.5669507388956845, 5.750043385894969, 5.9168615660164505, 6.51728733885102, 6.767364990897477, 7.150577164022252, 7.517041283892468]",[2.05204,2.05204,4,1.202509256,46,1,2019_Oct_17_1114,FaceNameBlocked,3.0.0,60.12891831,
21,FacesBlock1_v2.xlsx,Ethan.mp4,Ethan.JPG,Ethan,11,Էդհան,0,0,0,0,,,,,0,5,5,11,,,,,,,,anthony,"['a', 'n', 't', 'h', 'o', 'n', 'y']","[3.217627186095342, 3.717786786146462, 4.00094473012723, 4.20083951507695, 4.45072837616317, 4.684049539035186, 4.884038405958563]",[3.21762,3.21762,3,7.014653446,46,1,2019_Oct_17_1114,FaceNameBlocked,3.0.0,60.12891831,
4,FacesBlock1_v2.xlsx,Ethan.mp4,Ethan.JPG,Ethan,11,Էդհան,0,0,0,0,0,3,3,11,,,,,,,0,1,0.769122089,,,,,,,,,,46,1,2019_Oct_17_1114,FaceNameBlocked,3.0.0,60.12891831,
100,FacesBlock4_v2.xlsx,Grace.mp4,Grace.JPG,Grace,58,Կրագէ,0,3,3,3,0,9,9,13,,,,,,,0,2,1.502565104,,,,,,,,,,46,1,2019_Oct_17_1114,FaceNameBlocked,3.0.0,60.12891831,
115,FacesBlock4_v2.xlsx,Grace.mp4,Grace.JPG,Grace,58,Կրագէ,0,3,3,3,,,,,0,9,9,13,,,,,,,,,None,,,,1,1.534371377,46,1,2019_Oct_17_1114,FaceNameBlocked,3.0.0,60.12891831,
43,FacesBlock2_v2.xlsx,Haley.mp4,Haley.JPG,Haley,20,Հալէե,0,1,1,1,0,12,12,5,,,,,,,0,2,0.802652839,,,,,,,,,,46,1,2019_Oct_17_1114,FaceNameBlocked,3.0.0,60.12891831,
48,FacesBlock2_v2.xlsx,Haley.mp4,Haley.JPG,Haley,20,Հալէե,0,1,1,1,,,,,0,2,2,5,,,,,,,,heather,"['h', 'e', 'a', 't', 'h', 'e', 'r']","[1.6682560490444303, 2.0014034239575267, 2.218314702156931, 2.5179121021647006, 2.7338607341516763, 3.0343277701176703, 3.217162673128769]",[1.66825,1.66825,2,0.685443645,46,1,2019_Oct_17_1114,FaceNameBlocked,3.0.0,60.12891831,
6,FacesBlock1_v2.xlsx,Hannah.mp4,Hannah.JPG,Hannah,1,Հաննահ,0,0,0,0,0,5,5,1,,,,,,,0,2,2.25192012,,,,,,,,,,46,1,2019_Oct_17_1114,FaceNameBlocked,3.0.0,60.12891831,
28,FacesBlock1_v2.xlsx,Hannah.mp4,Hannah.JPG,Hannah,1,Հաննահ,0,0,0,0,,,,,0,12,12,1,,,,,,,,jessica,"['j', 'e', 's', 's', 'i', 'c', 'a']","[2.0848358559887856, 2.4515928679611534, 2.6347275990992785, 2.784834332065657, 3.168344401055947, 3.5512740400154144, 3.866069596959278]",[2.08483,2.08483,4,0.899623851,46,1,2019_Oct_17_1114,FaceNameBlocked,3.0.0,60.12891831,
60,FacesBlock2_v2.xlsx,Heather.mp4,Heather.JPG,Heather,26,Հէադհէր,0,1,1,1,,,,,0,14,14,11,,,,,,,,heather,"['h', 'e', 'a', 't', 'h', 'e', 'r']","[2.93444623821415, 3.251306323101744, 3.4163803711999208, 3.70091638318263, 3.9346936591900885, 4.201179524185136, 4.351868806174025]",[2.93444,2.93444,2,1.635180379,46,1,2019_Oct_17_1114,FaceNameBlocked,3.0.0,60.12891831,
33,FacesBlock2_v2.xlsx,Heather.mp4,Heather.JPG,Heather,26,Հէադհէր,0,1,1,1,0,2,2,11,,,,,,,0,2,3.735423031,,,,,,,,,,46,1,2019_Oct_17_1114,FaceNameBlocked,3.0.0,60.12891831,
73,FacesBlock3_v2.xlsx,Jacob.mp4,Jacob.JPG,Jacob,39,Ճագոբ,0,2,2,2,0,12,12,9,,,,,,,0,1,0.566904673,,,,,,,,,,46,1,2019_Oct_17_1114,FaceNameBlocked,3.0.0,60.12891831,
85,FacesBlock3_v2.xlsx,Jacob.mp4,Jacob.JPG,Jacob,39,Ճագոբ,0,2,2,2,,,,,0,9,9,9,,,,,,,,jacob,"['j', 'a', 'c', 'o', 'b']","[3.5015636819880456, 3.8518490169662982, 4.1681957480032, 4.667674422962591, 4.934140065917745]",[3.50156,3.50156,4,0.285577851,46,1,2019_Oct_17_1114,FaceNameBlocked,3.0.0,60.12891831,
108,FacesBlock4_v2.xlsx,Jason.mp4,Jason.JPG,Jason,49,Ճասոն,0,3,3,3,,,,,0,2,2,4,,,,,,,,zach,"['z', 'a', 'c', 'h']","[4.417649524984881, 4.633340124972165, 5.183735607890412, 5.499815830029547]",[4.41764,4.41764,4,0.26877177,46,1,2019_Oct_17_1114,FaceNameBlocked,3.0.0,60.12891831,
91,FacesBlock4_v2.xlsx,Jason.mp4,Jason.JPG,Jason,49,Ճասոն,0,3,3,3,0,0,0,4,,,,,,,0,1,1.536018561,,,,,,,,,,46,1,2019_Oct_17_1114,FaceNameBlocked,3.0.0,60.12891831,
11,FacesBlock1_v2.xlsx,Jenna.mp4,Jenna.JPG,Jenna,6,Ճէննա,0,0,0,0,0,10,10,6,,,,,,,0,1,0.520118736,,,,,,,,,,46,1,2019_Oct_17_1114,FaceNameBlocked,3.0.0,60.12891831,
20,FacesBlock1_v2.xlsx,Jenna.mp4,Jenna.JPG,Jenna,6,Ճէննա,0,0,0,0,,,,,0,4,4,6,,,,,,,,jessica,"['j', 'e', 's', 's', 'i', 'c', 'a']","[2.852282993029803, 3.252107247011736, 3.483191574923694, 3.6352744998876005, 4.035370567115024, 4.4339292699005455, 4.7513410919345915]",[2.85228,2.85228,3,7.599199563,46,1,2019_Oct_17_1114,FaceNameBlocked,3.0.0,60.12891831,
37,FacesBlock2_v2.xlsx,Jeremy.mp4,Jeremy.JPG,Jeremy,15,Ճէրէմե,0,1,1,1,0,6,6,0,,,,,,,0,1,1.401875865,,,,,,,,,,46,1,2019_Oct_17_1114,FaceNameBlocked,3.0.0,60.12891831,
57,FacesBlock2_v2.xlsx,Jeremy.mp4,Jeremy.JPG,Jeremy,15,Ճէրէմե,0,1,1,1,,,,,0,11,11,0,,,,,,,,,None,,,,1,2.91806315,46,1,2019_Oct_17_1114,FaceNameBlocked,3.0.0,60.12891831,
3,FacesBlock1_v2.xlsx,Jessica.mp4,Jessica.JPG,Jessica,8,Ճէսսիգա,0,0,0,0,0,2,2,8,,,,,,,1,2,1.583103178,,,,,,,,,,46,1,2019_Oct_17_1114,FaceNameBlocked,3.0.0,60.12891831,
17,FacesBlock1_v2.xlsx,Jessica.mp4,Jessica.JPG,Jessica,8,Ճէսսիգա,0,0,0,0,,,,,0,1,1,8,,,,,,,,jessica,"['j', 'e', 's', 's', 'i', 'c', 'a', 'f4']","[3.367613031063229, 3.8168611710425466, 4.050151180010289, 4.183963169110939, 4.633574288105592, 5.0166154890321195, 5.30026612104848, 5.96637773909606]",[3.36761,3.36761,4,14.88166934,46,1,2019_Oct_17_1114,FaceNameBlocked,3.0.0,60.12891831,
59,FacesBlock2_v2.xlsx,Josh.mp4,Josh.JPG,Josh,19,Ճոսհ,0,1,1,1,,,,,0,13,13,4,,,,,,,,josh,"['j', 'o', 's', 'h']","[4.35168665391393, 4.45139474584721, 4.8513271999545395, 5.18456287891604]",[4.35168,4.35168,1,1.268800166,46,1,2019_Oct_17_1114,FaceNameBlocked,3.0.0,60.12891831,
42,FacesBlock2_v2.xlsx,Josh.mp4,Josh.JPG,Josh,19,Ճոսհ,0,1,1,1,0,11,11,4,,,,,,,0,1,0.702053235,,,,,,,,,,46,1,2019_Oct_17_1114,FaceNameBlocked,3.0.0,60.12891831,
23,FacesBlock1_v2.xlsx,Julia.mp4,Julia.JPG,Julia,13,Ճըլիա,0,0,0,0,,,,,0,7,7,13,,,,,,,,,None,,,,1,12.46466697,46,1,2019_Oct_17_1114,FaceNameBlocked,3.0.0,60.12891831,
5,FacesBlock1_v2.xlsx,Julia.mp4,Julia.JPG,Julia,13,Ճըլիա,0,0,0,0,0,4,4,13,,,,,,,1,2,0.753896965,,,,,,,,,,46,1,2019_Oct_17_1114,FaceNameBlocked,3.0.0,60.12891831,
56,FacesBlock2_v2.xlsx,Justin.mp4,Justin.JPG,Justin,27,Ճըսդին,0,1,1,1,,,,,0,10,10,12,,,,,,,,joshua,"['j', 'o', 'u', 'backspace', 's', 'h', 'u', 'a']","[5.0671192179434, 5.233851375058293, 6.166554737137631, 7.049340865109116, 7.482400909997523, 7.966208171099424, 8.049279575003311, 8.38248108397238]",[5.06711,5.06711,3,1.185467578,46,1,2019_Oct_17_1114,FaceNameBlocked,3.0.0,60.12891831,
39,FacesBlock2_v2.xlsx,Justin.mp4,Justin.JPG,Justin,27,Ճըսդին,0,1,1,1,0,8,8,12,,,,,,,1,1,1.835741905,,,,,,,,,,46,1,2019_Oct_17_1114,FaceNameBlocked,3.0.0,60.12891831,
113,FacesBlock4_v2.xlsx,Katie.mp4,Katie.JPG,Katie,54,Քադիէ,0,3,3,3,,,,,0,7,7,9,,,,,,,,jess,"['j', 'e', 's', 's']","[7.350770200137049, 7.783787856111303, 7.950996954925358, 8.117064265999943]",[7.35077,7.35077,1,1.418440685,46,1,2019_Oct_17_1114,FaceNameBlocked,3.0.0,60.12891831,
93,FacesBlock4_v2.xlsx,Katie.mp4,Katie.JPG,Katie,54,Քադիէ,0,3,3,3,0,2,2,9,,,,,,,0,2,0.335226013,,,,,,,,,,46,1,2019_Oct_17_1114,FaceNameBlocked,3.0.0,60.12891831,
77,FacesBlock3_v2.xlsx,Kayla.mp4,Kayla.JPG,Kayla,34,Սարահ,0,2,2,2,,,,,0,1,1,4,,,,,,,,,"['j', 'e', 's', 's', 'backspace', 'backspace', 'backspace', 'backspace']","[4.134446793003008, 4.5178486979566514, 4.78353359689936, 5.000994955888018, 5.932982695987448, 6.149775092955679, 6.299940665950999, 6.466719152871519]",[4.13444,4.13444,1,0.502098455,46,1,2019_Oct_17_1114,FaceNameBlocked,3.0.0,60.12891831,
71,FacesBlock3_v2.xlsx,Kayla.mp4,Kayla.JPG,Kayla,34,Սարահ,0,2,2,2,0,10,10,4,,,,,,,0,2,2.702678107,,,,,,,,,,46,1,2019_Oct_17_1114,FaceNameBlocked,3.0.0,60.12891831,
15,FacesBlock1_v2.xlsx,Kelsey.mp4,Kelsey.JPG,Kelsey,12,Քէլսէե,0,0,0,0,0,14,14,12,,,,,,,1,2,0.302779868,,,,,,,,,,46,1,2019_Oct_17_1114,FaceNameBlocked,3.0.0,60.12891831,
18,FacesBlock1_v2.xlsx,Kelsey.mp4,Kelsey.JPG,Kelsey,12,Քէլսէե,0,0,0,0,,,,,0,2,2,12,,,,,,,,astrid,"['a', 's', 't', 'r', 'i', 'd', '1', 'backspace']","[5.267692147986963, 5.515505796996877, 6.0674631639849395, 6.267303341068327, 6.650420164922252, 7.015901149017736, 8.46626100805588, 9.382039407035336]",[5.26769,5.26769,1,0.98515068,46,1,2019_Oct_17_1114,FaceNameBlocked,3.0.0,60.12891831,
65,FacesBlock3_v2.xlsx,Kevin.mp4,Kevin.JPG,Kevin,41,Քէւին,0,2,2,2,0,4,4,11,,,,,,,0,1,1.868487311,,,,,,,,,,46,1,2019_Oct_17_1114,FaceNameBlocked,3.0.0,60.12891831,
89,FacesBlock3_v2.xlsx,Kevin.mp4,Kevin.JPG,Kevin,41,Քէւին,0,2,2,2,,,,,0,13,13,11,,,,,,,,gab,"['g', 'a', 'b', 'e', 'backspace']","[2.3846065239049494, 2.5179617879912257, 2.6177831389941275, 2.8676494490355253, 9.581721346825361]",[2.38460,2.38460,1,3.167778739,46,1,2019_Oct_17_1114,FaceNameBlocked,3.0.0,60.12891831,
1,FacesBlock1_v2.xlsx,Kyle.mp4,Kyle.JPG,Kyle,4,Քելէ,0,0,0,0,0,0,0,4,,,,,,,1,1,3.718543435,,,,,,,,,,46,1,2019_Oct_17_1114,FaceNameBlocked,3.0.0,60.12891831,
19,FacesBlock1_v2.xlsx,Kyle.mp4,Kyle.JPG,Kyle,4,Քելէ,0,0,0,0,,,,,0,3,3,4,,,,,,,,kyle,"['k', 'y', 'l', 'e']","[2.3518787110224366, 2.651517608202994, 3.518696771003306, 3.9348807861097157]",[2.35187,2.35187,1,6.500536428,46,1,2019_Oct_17_1114,FaceNameBlocked,3.0.0,60.12891831,
81,FacesBlock3_v2.xlsx,Lauren.mp4,Lauren.JPG,Lauren,38,Լաըրէն,0,2,2,2,,,,,0,5,5,8,,,,,,,,jac,"['j', 'a', 'c']","[9.516245017992333, 9.683213961077854, 9.850107712903991]",[9.51624,9.51624,1,1.91627097,46,1,2019_Oct_17_1114,FaceNameBlocked,3.0.0,60.12891831,
61,FacesBlock3_v2.xlsx,Lauren.mp4,Lauren.JPG,Lauren,38,Լաըրէն,0,2,2,2,0,0,0,8,,,,,,,0,2,3.252062141,,,,,,,,,,46,1,2019_Oct_17_1114,FaceNameBlocked,3.0.0,60.12891831,
69,FacesBlock3_v2.xlsx,Mark.mp4,Mark.JPG,Mark,40,Մարք,0,2,2,2,0,8,8,10,,,,,,,1,1,0.902338721,,,,,,,,,,46,1,2019_Oct_17_1114,FaceNameBlocked,3.0.0,60.12891831,
84,FacesBlock3_v2.xlsx,Mark.mp4,Mark.JPG,Mark,40,Մարք,0,2,2,2,,,,,0,8,8,10,,,,,,,,max,"['m', 'a', 'x']","[3.818068830994889, 4.534781710943207, 4.901331828907132]",[3.81806,3.81806,2,1.418203709,46,1,2019_Oct_17_1114,FaceNameBlocked,3.0.0,60.12891831,
16,FacesBlock1_v2.xlsx,Matthew.mp4,Matthew.JPG,Matthew,9,Մադդհէվ,0,0,0,0,,,,,0,0,0,9,,,,,,space,71.91202194,matthew,"['m', 'a', 't', 't', 'e', 'backspace', 'h', 'e', 'w']","[2.2351985638961196, 3.3351466809399426, 3.6178904289845377, 3.8679667070973665, 4.401062000077218, 5.483602029969916, 6.217414858052507, 6.367610005894676, 6.631889135111123]",[2.23519,2.23519,4,3.101435443,46,1,2019_Oct_17_1114,FaceNameBlocked,3.0.0,60.12891831,
7,FacesBlock1_v2.xlsx,Matthew.mp4,Matthew.JPG,Matthew,9,Մադդհէվ,0,0,0,0,0,6,6,9,,,,,,,1,1,0.81945407,,,,,,,,,,46,1,2019_Oct_17_1114,FaceNameBlocked,3.0.0,60.12891831,
32,FacesBlock2_v2.xlsx,Megan.mp4,Megan.JPG,Megan,25,Մէկան,0,1,1,1,0,1,1,10,,,,,,,1,2,1.669067826,,,,,,,,,,46,1,2019_Oct_17_1114,FaceNameBlocked,3.0.0,60.12891831,
55,FacesBlock2_v2.xlsx,Megan.mp4,Megan.JPG,Megan,25,Մէկան,0,1,1,1,,,,,0,9,9,10,,,,,,,,heather,"['b', 'r', 'i', 't', 'n', 'backspace', 'backspace', 'backspace', 'backspace', 'backspace', 'h', 'e', 'a', 't', 'h', 'e', 'r']","[2.068127071019262, 2.350511352997273, 2.818167882040143, 3.1159211969934404, 3.684160648845136, 4.100351333850995, 4.283442422980443, 4.449523022864014, 4.6003323858603835, 4.749680063920096, 5.417045759037137, 5.732906363904476, 5.9334819440264255, 6.216938622994348, 6.432876848848537, 6.731318010017276, 6.9332030839286745]",[2.06812,2.06812,4,1.366613829,46,1,2019_Oct_17_1114,FaceNameBlocked,3.0.0,60.12891831,
97,FacesBlock4_v2.xlsx,Michael.mp4,Michael.JPG,Michael,46,Միգհաէլ,0,3,3,3,0,6,6,1,,,,,,,1,1,0.00297015,,,,,,,,,,46,1,2019_Oct_17_1114,FaceNameBlocked,3.0.0,60.12891831,
112,FacesBlock4_v2.xlsx,Michael.mp4,Michael.JPG,Michael,46,Միգհաէլ,0,3,3,3,,,,,0,6,6,1,,,,,,,,michael,"['m', 'i', 'c', 'h', 'a', 'e', 'l']","[3.850608360953629, 4.050596093991771, 4.315544252982363, 4.515795288840309, 4.867434988031164, 5.0006408949848264, 5.4335777659434825]",[3.85060,3.85060,4,1.235620129,46,1,2019_Oct_17_1114,FaceNameBlocked,3.0.0,60.12891831,
110,FacesBlock4_v2.xlsx,Michelle.mp4,Michelle.JPG,Michelle,52,Միգհէլլէ,0,3,3,3,,,,,0,4,4,7,,,,,,,,michelle,"['m', 'i', 'c', 'h', 'e', 'l', 'l', 'w', 'backspace', 'e']","[3.0012721898965538, 3.2011507998686284, 3.434513479936868, 3.6341561779845506, 3.8844749580603093, 4.267544880043715, 4.4334778839256614, 4.750524655915797, 5.983155875001103, 6.45020723505877]",[3.00127,3.00127,4,1.034868426,46,1,2019_Oct_17_1114,FaceNameBlocked,3.0.0,60.12891831,
98,FacesBlock4_v2.xlsx,Michelle.mp4,Michelle.JPG,Michelle,52,Միգհէլլէ,0,3,3,3,0,7,7,7,,,,,,,0,2,0.50200633,,,,,,,,,,46,1,2019_Oct_17_1114,FaceNameBlocked,3.0.0,60.12891831,
24,FacesBlock1_v2.xlsx,Natalie.mp4,Natalie.JPG,Natalie,7,Նադալիէ,0,0,0,0,,,,,0,8,8,7,,,,,,,,,None,,,,1,1.551748969,46,1,2019_Oct_17_1114,FaceNameBlocked,3.0.0,60.12891831,
14,FacesBlock1_v2.xlsx,Natalie.mp4,Natalie.JPG,Natalie,7,Նադալիէ,0,0,0,0,0,13,13,7,,,,,,,0,2,1.682977096,,,,,,,,,,46,1,2019_Oct_17_1114,FaceNameBlocked,3.0.0,60.12891831,
88,FacesBlock3_v2.xlsx,Nathan.mp4,Nathan.JPG,Nathan,37,Նադհան,0,2,2,2,,,,,0,12,12,7,,,,,,,,scott,"['s', 'c', 'o', 't', 't', '6', 'backspace']","[1.6847228270489722, 2.0519908210262656, 2.900547947967425, 3.2180252571124583, 3.402624635025859, 4.38346734107472]",[1.68472,1.68472,1,1.267836496,46,1,2019_Oct_17_1114,FaceNameBlocked,3.0.0,60.12891831,
75,FacesBlock3_v2.xlsx,Nathan.mp4,Nathan.JPG,Nathan,37,Նադհան,0,2,2,2,0,14,14,7,,,,,,,1,1,0.885953407,,,,,,,,,,46,1,2019_Oct_17_1114,FaceNameBlocked,3.0.0,60.12891831,
72,FacesBlock3_v2.xlsx,Nicole.mp4,Nicole.JPG,Nicole,43,Նիգոլէ,0,2,2,2,0,11,11,13,,,,,,,0,2,1.619006293,,,,,,,,,,46,1,2019_Oct_17_1114,FaceNameBlocked,3.0.0,60.12891831,
87,FacesBlock3_v2.xlsx,Nicole.mp4,Nicole.JPG,Nicole,43,Նիգոլէ,0,2,2,2,,,,,0,11,11,13,,,,,,,,a,['a'],[5.201250789919868],[5.20125,5.20125,1,1.418089925,46,1,2019_Oct_17_1114,FaceNameBlocked,3.0.0,60.12891831,
83,FacesBlock3_v2.xlsx,Noah.mp4,Noah.JPG,Noah,31,Նոահ,0,2,2,2,,,,,0,7,7,1,,,,,,,,scott,"['c', 'backspace', 's', 'c', 'o', 't', 't']","[5.433802308049053, 6.83295101695694, 7.166931293904781, 7.433324436889961, 7.78323541698046, 8.549029059940949, 8.68298271088861]",[5.43380,5.43380,1,1.168302398,46,1,2019_Oct_17_1114,FaceNameBlocked,3.0.0,60.12891831,
66,FacesBlock3_v2.xlsx,Noah.mp4,Noah.JPG,Noah,31,Նոահ,0,2,2,2,0,5,5,1,,,,,,,1,1,2.451712772,,,,,,,,,,46,1,2019_Oct_17_1114,FaceNameBlocked,3.0.0,60.12891831,
63,FacesBlock3_v2.xlsx,Olivia.mp4,Olivia.JPG,Olivia,35,Ոլիւիա,0,2,2,2,0,2,2,5,,,,,,,1,2,1.65260516,,,,,,,,,,46,1,2019_Oct_17_1114,FaceNameBlocked,3.0.0,60.12891831,
78,FacesBlock3_v2.xlsx,Olivia.mp4,Olivia.JPG,Olivia,35,Ոլիւիա,0,2,2,2,,,,,0,2,2,5,,,,,,,,ashley,"['a', 's', 'h', 'l', 'e', 'y']","[3.917634311830625, 4.117286051856354, 4.650370622053742, 5.233499760041013, 5.681498142890632, 5.883314348990098]",[3.91763,3.91763,2,1.701640662,46,1,2019_Oct_17_1114,FaceNameBlocked,3.0.0,60.12891831,
58,FacesBlock2_v2.xlsx,Rachel.mp4,Rachel.JPG,Rachel,29,Րագհէլ,0,1,1,1,,,,,0,12,12,14,,,,,,,,britney,"['b', 'r', 'i', 't', 'n', 'e', 'y']","[2.234909105114639, 2.5003295720089227, 2.984661779133603, 3.2687541639897972, 3.5848635791335255, 4.001709718955681, 4.168266121996567]",[2.23490,2.23490,4,1.602053388,46,1,2019_Oct_17_1114,FaceNameBlocked,3.0.0,60.12891831,
35,FacesBlock2_v2.xlsx,Rachel.mp4,Rachel.JPG,Rachel,29,Րագհէլ,0,1,1,1,0,4,4,14,,,,,,,1,2,1.602200208,,,,,,,,,,46,1,2019_Oct_17_1114,FaceNameBlocked,3.0.0,60.12891831,
74,FacesBlock3_v2.xlsx,Rebecca.mp4,Rebecca.JPG,Rebecca,32,Րէբէգգա,0,2,2,2,0,13,13,2,,,,,,,1,2,0.720051558,,,,,,,,,,46,1,2019_Oct_17_1114,FaceNameBlocked,3.0.0,60.12891831,
90,FacesBlock3_v2.xlsx,Rebecca.mp4,Rebecca.JPG,Rebecca,32,Րէբէգգա,0,2,2,2,,,,,0,14,14,2,,,,,,,,sara,"['s', 'a', 'r', 'a']","[8.649274019990116, 9.115286190994084, 9.648892467143014, 9.83174920710735]",[8.64927,8.64927,2,2.868221732,46,1,2019_Oct_17_1114,FaceNameBlocked,3.0.0,60.12891831,
64,FacesBlock3_v2.xlsx,Sarah.mp4,Sarah.JPG,Sarah,33,Սարահ,0,2,2,2,0,3,3,3,,,,,,,1,2,0.769440408,,,,,,,,,,46,1,2019_Oct_17_1114,FaceNameBlocked,3.0.0,60.12891831,
80,FacesBlock3_v2.xlsx,Sarah.mp4,Sarah.JPG,Sarah,33,Սարահ,0,2,2,2,,,,,0,4,4,3,,,,,,,,,None,,,,1,1.384521519,46,1,2019_Oct_17_1114,FaceNameBlocked,3.0.0,60.12891831,
86,FacesBlock3_v2.xlsx,Shelby.mp4,Shelby.JPG,Shelby,36,Սհէլբե,0,2,2,2,,,,,0,10,10,6,,,,,,,,ashley,"['a', 's', 'h', 'l', 'e', 'y']","[2.367735260166228, 3.467805749969557, 4.117083946010098, 4.834052574122325, 5.2486471680458635, 5.550622401991859]",[2.36773,2.36773,2,1.068651826,46,1,2019_Oct_17_1114,FaceNameBlocked,3.0.0,60.12891831,
67,FacesBlock3_v2.xlsx,Shelby.mp4,Shelby.JPG,Shelby,36,Սհէլբե,0,2,2,2,0,6,6,6,,,,,,,0,2,1.053200243,,,,,,,,,,46,1,2019_Oct_17_1114,FaceNameBlocked,3.0.0,60.12891831,
47,FacesBlock2_v2.xlsx,Steven.mp4,Steven.JPG,Steven,17,Սդէւէն,0,1,1,1,,,,,0,1,1,2,,,,,,,,brett,"['b', 'r', 'a', 'backspace', 'e', 't', 't']","[4.667452323017642, 4.967107260832563, 5.250182184856385, 7.248666284838691, 7.765577079961076, 7.998863782035187, 8.165528198936954]",[4.66745,4.66745,2,1.701075012,46,1,2019_Oct_17_1114,FaceNameBlocked,3.0.0,60.12891831,
38,FacesBlock2_v2.xlsx,Steven.mp4,Steven.JPG,Steven,17,Սդէւէն,0,1,1,1,0,7,7,2,,,,,,,0,1,1.419205226,,,,,,,,,,46,1,2019_Oct_17_1114,FaceNameBlocked,3.0.0,60.12891831,
114,FacesBlock4_v2.xlsx,Taylor.mp4,Taylor.JPG,Taylor,45,Դաելոր,0,3,3,3,,,,,0,8,8,0,,,,,,,,michelle,"['m', 'i', 'c', 'h', 'e', 'l', 'l', 'e']","[1.8522019581869245, 2.0846863470505923, 2.3514071041718125, 2.6346948710270226, 2.9680118791293353, 5.999322400195524, 6.216752573149279, 6.75022153602913]",[1.85220,1.85220,3,1.251952251,46,1,2019_Oct_17_1114,FaceNameBlocked,3.0.0,60.12891831,
103,FacesBlock4_v2.xlsx,Taylor.mp4,Taylor.JPG,Taylor,45,Դաելոր,0,3,3,3,0,12,12,0,,,,,,,1,2,0.969614976,,,,,,,,,,46,1,2019_Oct_17_1114,FaceNameBlocked,3.0.0,60.12891831,
79,FacesBlock3_v2.xlsx,Thomas.mp4,Thomas.JPG,Thomas,44,Դհոմաս,0,2,2,2,,,,,0,3,3,14,,,,,,,,josh,"['m', 'backspace', 'j', 'o', 's', 'h']","[3.0179319109302014, 4.016954228980467, 5.367187518859282, 5.516961953835562, 6.166226101806387, 6.515808803960681]",[3.01793,3.01793,1,0.968238372,46,1,2019_Oct_17_1114,FaceNameBlocked,3.0.0,60.12891831,
70,FacesBlock3_v2.xlsx,Thomas.mp4,Thomas.JPG,Thomas,44,Դհոմաս,0,2,2,2,0,9,9,14,,,,,,,1,1,0.820064285,,,,,,,,,,46,1,2019_Oct_17_1114,FaceNameBlocked,3.0.0,60.12891831,
25,FacesBlock1_v2.xlsx,Timothy.mp4,Timothy.JPG,Timothy,10,Դիմոդհե,0,0,0,0,,,,,0,9,9,10,,,,,,,,morgan,"['m', 'o', 'r', 'g', 'a', 'n']","[3.017310885945335, 3.2324186239857227, 3.550704140914604, 3.733671613968909, 3.98439943511039, 4.38416437106207]",[3.01731,3.01731,3,1.685026021,46,1,2019_Oct_17_1114,FaceNameBlocked,3.0.0,60.12891831,
13,FacesBlock1_v2.xlsx,Timothy.mp4,Timothy.JPG,Timothy,10,Դիմոդհե,0,0,0,0,0,12,12,10,,,,,,,0,1,0.286130243,,,,,,,,,,46,1,2019_Oct_17_1114,FaceNameBlocked,3.0.0,60.12891831,
45,FacesBlock2_v2.xlsx,Trevor.mp4,Trevor.JPG,Trevor,21,Դրէւոր,0,1,1,1,0,14,14,6,,,,,,,1,1,1.366556279,,,,,,,,,,46,1,2019_Oct_17_1114,FaceNameBlocked,3.0.0,60.12891831,
52,FacesBlock2_v2.xlsx,Trevor.mp4,Trevor.JPG,Trevor,21,Դրէւոր,0,1,1,1,,,,,0,6,6,6,,,,,,,,cody,"['c', 'o', 'd', 'y']","[2.685402028961107, 3.0017219888977706, 3.3343600009102374, 3.6850648908875883]",[2.68540,2.68540,3,1.402198847,46,1,2019_Oct_17_1114,FaceNameBlocked,3.0.0,60.12891831,
36,FacesBlock2_v2.xlsx,Tyler.mp4,Tyler.JPG,Tyler,22,Դելէր,0,1,1,1,0,5,5,7,,,,,,,1,2,3.852236369,,,,,,,,,,46,1,2019_Oct_17_1114,FaceNameBlocked,3.0.0,60.12891831,
46,FacesBlock2_v2.xlsx,Tyler.mp4,Tyler.JPG,Tyler,22,Դելէր,0,1,1,1,,,,,0,0,0,7,,,,,,space,12.54780637,brendan,"['b', 'e', 'n', 'd', 'backspace', 'backspace', 'backspace', 'r', 'e', 'n', 'd', 'a', 'n']","[1.7854222699534148, 4.134633056120947, 4.367743098177016, 4.534289096016437, 5.583507996983826, 5.7667893811594695, 5.915311634074897, 6.93178903311491, 7.850144250085577, 8.149276552954689, 8.582961370004341, 8.766267786966637, 9.04951217607595]",[1.78542,1.78542,3,1.484964685,46,1,2019_Oct_17_1114,FaceNameBlocked,3.0.0,60.12891831,
0,,,,,,,,,,,,,,,,,,,space,44.47152776,,,,,,,,,,,,,46,1,2019_Oct_17_1114,FaceNameBlocked,3.0.0,60.12891831,