,condsFile,Video,Photo,Name,Row,Name2,blocks.thisRepN,blocks.thisTrialN,blocks.thisN,blocks.thisIndex,presentations.thisRepN,presentations.thisTrialN,presentations.thisN,presentations.thisIndex,testing.thisRepN,testing.thisTrialN,testing.thisN,testing.thisIndex,advance_1.keys,advance_1.rt,currentCond,judgementResp.keys,judgementResp.rt,advance_2.keys,advance_2.rt,inputText,key_resp_3.keys,rating_resp.keys,rating_resp.rt,key_resp_3.rt,,key_resp3_fin,participant,session,date,expName,psychopyVersion,frameRate,Unnamed: 36
49,FacesBlock2_v2.xlsx,Aaron.mp4,Aaron.JPG,Aaron,18,Աարոն,0,1,1,1,,,,,0,3,3,3,,,,,,,,,None,1,0.618409711,,,,47,1,2019_Oct_17_1153,FaceNameBlocked,3.0.0,60.02434536,
40,FacesBlock2_v2.xlsx,Aaron.mp4,Aaron.JPG,Aaron,18,Աարոն,0,1,1,1,0,9,9,3,,,,,,,1,2,1.95276028,,,,,,,,,,47,1,2019_Oct_17_1153,FaceNameBlocked,3.0.0,60.02434536,
21,FacesBlock1_v2.xlsx,Adam.mp4,Adam.JPG,Adam,5,Ատամ,0,0,0,0,,,,,0,5,5,5,,,,,,,,max,"['m', 'a', 'x', 'return']",1,1.767840058,"[8.614467702107504, 8.636723665054888, 9.216417284915224, 9.848695387132466]",[8.61446,8.61446,47,1,2019_Oct_17_1153,FaceNameBlocked,3.0.0,60.02434536,
5,FacesBlock1_v2.xlsx,Adam.mp4,Adam.JPG,Adam,5,Ատամ,0,0,0,0,0,4,4,5,,,,,,,1,1,0.419401853,,,,,,,,,,47,1,2019_Oct_17_1153,FaceNameBlocked,3.0.0,60.02434536,
115,FacesBlock4_v2.xlsx,Alyssa.mp4,Alyssa.JPG,Alyssa,55,Ալեսսա,0,3,3,3,,,,,0,9,9,10,,,,,,,,alyssa,"['a', 'l', 'y', 's', 's', 'a']",2,0.418976285,"[4.118042259011418, 4.284623729065061, 4.567771072965115, 5.3168655161280185, 5.483886467060074, 5.667605594033375]",[4.11804,4.11804,47,1,2019_Oct_17_1153,FaceNameBlocked,3.0.0,60.02434536,
97,FacesBlock4_v2.xlsx,Alyssa.mp4,Alyssa.JPG,Alyssa,55,Ալեսսա,0,3,3,3,0,6,6,10,,,,,,,0,2,0.353297761,,,,,,,,,,47,1,2019_Oct_17_1153,FaceNameBlocked,3.0.0,60.02434536,
23,FacesBlock1_v2.xlsx,Amanda.mp4,Amanda.JPG,Amanda,2,Ամանտա,0,0,0,0,,,,,0,7,7,2,,,,,,,,,None,1,1.001767301,,,,47,1,2019_Oct_17_1153,FaceNameBlocked,3.0.0,60.02434536,
4,FacesBlock1_v2.xlsx,Amanda.mp4,Amanda.JPG,Amanda,2,Ամանտա,0,0,0,0,0,3,3,2,,,,,,,1,2,0.502930865,,,,,,,,,,47,1,2019_Oct_17_1153,FaceNameBlocked,3.0.0,60.02434536,
112,FacesBlock4_v2.xlsx,Andrew.mp4,Andrew.JPG,Andrew,51,Անտրէվ,0,3,3,3,,,,,0,6,6,6,,,,,,,,,None,1,0.402427596,,,,47,1,2019_Oct_17_1153,FaceNameBlocked,3.0.0,60.02434536,
102,FacesBlock4_v2.xlsx,Andrew.mp4,Andrew.JPG,Andrew,51,Անտրէվ,0,3,3,3,0,11,11,6,,,,,,,0,1,0.203541619,,,,,,,,,,47,1,2019_Oct_17_1153,FaceNameBlocked,3.0.0,60.02434536,
120,FacesBlock4_v2.xlsx,Anna.mp4,Anna.JPG,Anna,47,Աննա,0,3,3,3,,,,,0,14,14,2,,,,,,,,anna,"['a', 'n', 'n', 'a']",4,0.30215547,"[2.002086566062644, 2.268527464941144, 2.4182586609385908, 2.5022895231377333]",[2.00208,2.00208,47,1,2019_Oct_17_1153,FaceNameBlocked,3.0.0,60.02434536,
91,FacesBlock4_v2.xlsx,Anna.mp4,Anna.JPG,Anna,47,Աննա,0,3,3,3,0,0,0,2,,,,,,,1,2,1.136108998,,,,,,,,,,47,1,2019_Oct_17_1153,FaceNameBlocked,3.0.0,60.02434536,
41,FacesBlock2_v2.xlsx,Ashley.mp4,Ashley.JPG,Ashley,24,Ասհլէե,0,1,1,1,0,10,10,9,,,,,,,0,2,0.752607409,,,,,,,,,,47,1,2019_Oct_17_1153,FaceNameBlocked,3.0.0,60.02434536,
57,FacesBlock2_v2.xlsx,Ashley.mp4,Ashley.JPG,Ashley,24,Ասհլէե,0,1,1,1,,,,,0,11,11,9,,,,,,,,ashley,"['a', 's', 'h', 'l', 'e', 'y']",4,0.752131856,"[1.1022156891413033, 1.234936913009733, 1.4187479889951646, 1.7020031691063195, 1.8181733421515673, 2.0350407450459898]",[1.10221,1.10221,47,1,2019_Oct_17_1153,FaceNameBlocked,3.0.0,60.02434536,
15,FacesBlock1_v2.xlsx,Bradley.mp4,Bradley.JPG,Bradley,14,Բրատլէե,0,0,0,0,0,14,14,14,,,,,,,1,1,1.036041485,,,,,,,,,,47,1,2019_Oct_17_1153,FaceNameBlocked,3.0.0,60.02434536,
19,FacesBlock1_v2.xlsx,Bradley.mp4,Bradley.JPG,Bradley,14,Բրատլէե,0,0,0,0,,,,,0,3,3,14,,,,,,,,bradley,"['b', 'r', 'a', 'd', 'l', 'e', 'y']",4,1.151989685,"[1.918588357977569, 2.033176627010107, 2.251661404967308, 2.3684531738981605, 2.5848980508744717, 2.701909152092412, 2.8515122819226235]",[1.91858,1.91858,47,1,2019_Oct_17_1153,FaceNameBlocked,3.0.0,60.02434536,
93,FacesBlock4_v2.xlsx,Brandon.mp4,Brandon.JPG,Brandon,56,Բրանտոն,0,3,3,3,0,2,2,11,,,,,,,0,1,0.552264238,,,,,,,,,,47,1,2019_Oct_17_1153,FaceNameBlocked,3.0.0,60.02434536,
116,FacesBlock4_v2.xlsx,Brandon.mp4,Brandon.JPG,Brandon,56,Բրանտոն,0,3,3,3,,,,,0,10,10,11,,,,,,,,caleb,"['c', 'a', 'l', 'e', 'b']",1,0.469098646,"[4.467430785996839, 4.584503537975252, 4.768179757986218, 4.934288745978847, 5.06537487404421]",[4.46743,4.46743,47,1,2019_Oct_17_1153,FaceNameBlocked,3.0.0,60.02434536,
119,FacesBlock4_v2.xlsx,Brian.mp4,Brian.JPG,Brian,53,Բրիան,0,3,3,3,,,,,0,13,13,8,,,,,,,,,None,1,0.335994935,,,,47,1,2019_Oct_17_1153,FaceNameBlocked,3.0.0,60.02434536,
105,FacesBlock4_v2.xlsx,Brian.mp4,Brian.JPG,Brian,53,Բրիան,0,3,3,3,0,14,14,8,,,,,,,1,1,0.369557006,,,,,,,,,,47,1,2019_Oct_17_1153,FaceNameBlocked,3.0.0,60.02434536,
92,FacesBlock4_v2.xlsx,Brianna.mp4,Brianna.JPG,Brianna,48,Բրիաննա,0,3,3,3,0,1,1,3,,,,,,,0,2,1.019409654,,,,,,,,,,47,1,2019_Oct_17_1153,FaceNameBlocked,3.0.0,60.02434536,
110,FacesBlock4_v2.xlsx,Brianna.mp4,Brianna.JPG,Brianna,48,Բրիաննա,0,3,3,3,,,,,0,4,4,3,,,,,,,,brianna,"['b', 'r', 'i', 'a', 'n', 'n', 'a', 'j', 'backspace']",4,0.334929754,"[1.418761579087004, 1.53563456912525, 1.6694641569629312, 1.8018271389883012, 2.0519033479504287, 2.6021654580254108, 2.735643662046641, 4.518426436930895, 5.066317975986749]",[1.41876,1.41876,47,1,2019_Oct_17_1153,FaceNameBlocked,3.0.0,60.02434536,
58,FacesBlock2_v2.xlsx,Brittany.mp4,Brittany.JPG,Brittany,28,Բրիդդանե,0,1,1,1,,,,,0,12,12,13,,,,,,,,brittany,"['b', 'r', 'i', 't', 't', 'a', 'n', 'y']",4,0.951402055,"[1.4684233150910586, 1.5852122211363167, 1.7516908070538193, 1.8516745690722018, 2.018072127131745, 2.201668848982081, 2.301829846110195, 2.5847160040866584]",[1.46842,1.46842,47,1,2019_Oct_17_1153,FaceNameBlocked,3.0.0,60.02434536,
38,FacesBlock2_v2.xlsx,Brittany.mp4,Brittany.JPG,Brittany,28,Բրիդդանե,0,1,1,1,0,7,7,13,,,,,,,0,2,0.719053096,,,,,,,,,,47,1,2019_Oct_17_1153,FaceNameBlocked,3.0.0,60.02434536,
94,FacesBlock4_v2.xlsx,Caleb.mp4,Caleb.JPG,Caleb,59,Գալէբ,0,3,3,3,0,3,3,14,,,,,,,0,1,0.8028949,,,,,,,,,,47,1,2019_Oct_17_1153,FaceNameBlocked,3.0.0,60.02434536,
106,FacesBlock4_v2.xlsx,Caleb.mp4,Caleb.JPG,Caleb,59,Գալէբ,0,3,3,3,,,,,0,0,0,14,,,,,,space,2.435060885,caleb,"['c', 'a', 'l', 'e', 'b']",1,0.319877445,"[3.733752926113084, 3.834229515166953, 4.001114935148507, 4.167336342157796, 4.317200646968558]",[3.73375,3.73375,47,1,2019_Oct_17_1153,FaceNameBlocked,3.0.0,60.02434536,
46,FacesBlock2_v2.xlsx,Cody.mp4,Cody.JPG,Cody,23,Գոտե,0,1,1,1,,,,,0,0,0,8,,,,,,space,7.383627565,josh,"['j', 'o', 's', 'h']",3,1.968906611,"[2.7685670140199363, 3.0010885149240494, 3.53482293500565, 3.6349620120599866]",[2.76856,2.76856,47,1,2019_Oct_17_1153,FaceNameBlocked,3.0.0,60.02434536,
39,FacesBlock2_v2.xlsx,Cody.mp4,Cody.JPG,Cody,23,Գոտե,0,1,1,1,0,8,8,8,,,,,,,0,1,0.419384759,,,,,,,,,,47,1,2019_Oct_17_1153,FaceNameBlocked,3.0.0,60.02434536,
62,FacesBlock3_v2.xlsx,Courtney.mp4,Courtney.JPG,Courtney,42,Գոըրդնէե,0,2,2,2,0,1,1,12,,,,,,,0,2,1.019491462,,,,,,,,,,47,1,2019_Oct_17_1153,FaceNameBlocked,3.0.0,60.02434536,
84,FacesBlock3_v2.xlsx,Courtney.mp4,Courtney.JPG,Courtney,42,Գոըրդնէե,0,2,2,2,,,,,0,8,8,12,,,,,,,,,"['a', 'c', 'backspace', 'backspace']",1,1.1352468,"[8.8159920880571, 8.837343557039276, 9.51359501411207, 9.915366390021518]",[8.81599,8.81599,47,1,2019_Oct_17_1153,FaceNameBlocked,3.0.0,60.02434536,
65,FacesBlock3_v2.xlsx,Daniel.mp4,Daniel.JPG,Daniel,30,Տանիէլ,0,2,2,2,0,4,4,0,,,,,,,0,1,0.986061709,,,,,,,,,,47,1,2019_Oct_17_1153,FaceNameBlocked,3.0.0,60.02434536,
88,FacesBlock3_v2.xlsx,Daniel.mp4,Daniel.JPG,Daniel,30,Տանիէլ,0,2,2,2,,,,,0,12,12,0,,,,,,,,,None,1,0.851360144,,,,47,1,2019_Oct_17_1153,FaceNameBlocked,3.0.0,60.02434536,
3,FacesBlock1_v2.xlsx,Danielle.mp4,Danielle.JPG,Danielle,3,Տանիէլլէ,0,0,0,0,0,2,2,3,,,,,,,0,2,0.9027826,,,,,,,,,,47,1,2019_Oct_17_1153,FaceNameBlocked,3.0.0,60.02434536,
22,FacesBlock1_v2.xlsx,Danielle.mp4,Danielle.JPG,Danielle,3,Տանիէլլէ,0,0,0,0,,,,,0,6,6,3,,,,,,,,sarah,"['s', 'a', 'r', 'a', 'h', 'return']",1,1.185260854,"[2.134622592944652, 2.634853190043941, 3.1182439459953457, 3.3850974070373923, 3.48436910007149, 4.550230612978339]",[2.13462,2.13462,47,1,2019_Oct_17_1153,FaceNameBlocked,3.0.0,60.02434536,
48,FacesBlock2_v2.xlsx,David.mp4,David.JPG,David,16,Տաւիտ,0,1,1,1,,,,,0,2,2,1,,,,,,,,brandon,"['b', 'r', 'a', 'n', 'd', 'o', 'n']",1,0.402110163,"[2.5344717181287706, 2.7182501351926476, 2.918542301049456, 3.034874132135883, 3.1847196130547673, 3.318016169127077, 3.4845482620876282]",[2.53447,2.53447,47,1,2019_Oct_17_1153,FaceNameBlocked,3.0.0,60.02434536,
32,FacesBlock2_v2.xlsx,David.mp4,David.JPG,David,16,Տաւիտ,0,1,1,1,0,1,1,1,,,,,,,1,1,1.1695779,,,,,,,,,,47,1,2019_Oct_17_1153,FaceNameBlocked,3.0.0,60.02434536,
99,FacesBlock4_v2.xlsx,Dylan.mp4,Dylan.JPG,Dylan,50,Տելան,0,3,3,3,0,8,8,5,,,,,,,1,1,0.40235775,,,,,,,,,,47,1,2019_Oct_17_1153,FaceNameBlocked,3.0.0,60.02434536,
111,FacesBlock4_v2.xlsx,Dylan.mp4,Dylan.JPG,Dylan,50,Տելան,0,3,3,3,,,,,0,5,5,5,,,,,,,,,None,1,0.352096301,,,,47,1,2019_Oct_17_1153,FaceNameBlocked,3.0.0,60.02434536,
95,FacesBlock4_v2.xlsx,Emily.mp4,Emily.JPG,Emily,57,Էմիլե,0,3,3,3,0,4,4,12,,,,,,,0,2,0.486083103,,,,,,,,,,47,1,2019_Oct_17_1153,FaceNameBlocked,3.0.0,60.02434536,
109,FacesBlock4_v2.xlsx,Emily.mp4,Emily.JPG,Emily,57,Էմիլե,0,3,3,3,,,,,0,3,3,12,,,,,,,,brianna,"['b', 'r', 'i', 'a', 'n', 'n', 'a']",4,0.38556227,"[4.884238074999303, 4.998991400003433, 5.117540400940925, 5.667601893888786, 5.866318774875253, 5.984043791890144, 6.066630170913413]",[4.88423,4.88423,47,1,2019_Oct_17_1153,FaceNameBlocked,3.0.0,60.02434536,
14,FacesBlock1_v2.xlsx,Eric.mp4,Eric.JPG,Eric,0,Էրիգ,0,0,0,0,0,13,13,0,,,,,,,0,1,0.535788896,,,,,,,,,,47,1,2019_Oct_17_1153,FaceNameBlocked,3.0.0,60.02434536,
24,FacesBlock1_v2.xlsx,Eric.mp4,Eric.JPG,Eric,0,Էրիգ,0,0,0,0,,,,,0,8,8,0,,,,,,,,,None,1,1.168755478,,,,47,1,2019_Oct_17_1153,FaceNameBlocked,3.0.0,60.02434536,
9,FacesBlock1_v2.xlsx,Ethan.mp4,Ethan.JPG,Ethan,11,Էդհան,0,0,0,0,0,8,8,11,,,,,,,1,1,0.636146639,,,,,,,,,,47,1,2019_Oct_17_1153,FaceNameBlocked,3.0.0,60.02434536,
30,FacesBlock1_v2.xlsx,Ethan.mp4,Ethan.JPG,Ethan,11,Էդհան,0,0,0,0,,,,,0,14,14,11,,,,,,,,max,"['m', 'a', 'x']",1,0.768649623,"[6.067216747906059, 6.566572573035955, 6.916089982027188]",[6.06721,6.06721,47,1,2019_Oct_17_1153,FaceNameBlocked,3.0.0,60.02434536,
96,FacesBlock4_v2.xlsx,Grace.mp4,Grace.JPG,Grace,58,Կրագէ,0,3,3,3,0,5,5,13,,,,,,,0,2,0.269542947,,,,,,,,,,47,1,2019_Oct_17_1153,FaceNameBlocked,3.0.0,60.02434536,
108,FacesBlock4_v2.xlsx,Grace.mp4,Grace.JPG,Grace,58,Կրագէ,0,3,3,3,,,,,0,2,2,13,,,,,,,,michell,"['m', 'i', 'c', 'h', 'e', 'l', 'l', 'e', 'backspace']",1,1.019311135,"[5.234555759001523, 5.484289849177003, 5.61803092318587, 5.733775355154648, 5.850653165020049, 6.034268465125933, 6.167593928985298, 6.634254888165742, 8.532283829059452]",[5.23455,5.23455,47,1,2019_Oct_17_1153,FaceNameBlocked,3.0.0,60.02434536,
34,FacesBlock2_v2.xlsx,Haley.mp4,Haley.JPG,Haley,20,Հալէե,0,1,1,1,0,3,3,5,,,,,,,1,2,1.119591456,,,,,,,,,,47,1,2019_Oct_17_1153,FaceNameBlocked,3.0.0,60.02434536,
55,FacesBlock2_v2.xlsx,Haley.mp4,Haley.JPG,Haley,20,Հալէե,0,1,1,1,,,,,0,9,9,5,,,,,,,,,None,1,0.902161917,,,,47,1,2019_Oct_17_1153,FaceNameBlocked,3.0.0,60.02434536,
27,FacesBlock1_v2.xlsx,Hannah.mp4,Hannah.JPG,Hannah,1,Հաննահ,0,0,0,0,,,,,0,11,11,1,,,,,,,,,None,1,1.268784418,,,,47,1,2019_Oct_17_1153,FaceNameBlocked,3.0.0,60.02434536,
8,FacesBlock1_v2.xlsx,Hannah.mp4,Hannah.JPG,Hannah,1,Հաննահ,0,0,0,0,0,7,7,1,,,,,,,0,2,0.752870339,,,,,,,,,,47,1,2019_Oct_17_1153,FaceNameBlocked,3.0.0,60.02434536,
44,FacesBlock2_v2.xlsx,Heather.mp4,Heather.JPG,Heather,26,Հէադհէր,0,1,1,1,0,13,13,11,,,,,,,1,2,0.849922791,,,,,,,,,,47,1,2019_Oct_17_1153,FaceNameBlocked,3.0.0,60.02434536,
56,FacesBlock2_v2.xlsx,Heather.mp4,Heather.JPG,Heather,26,Հէադհէր,0,1,1,1,,,,,0,10,10,11,,,,,,,,,None,1,0.402426882,,,,47,1,2019_Oct_17_1153,FaceNameBlocked,3.0.0,60.02434536,
68,FacesBlock3_v2.xlsx,Jacob.mp4,Jacob.JPG,Jacob,39,Ճագոբ,0,2,2,2,0,7,7,9,,,,,,,1,1,1.085950332,,,,,,,,,,47,1,2019_Oct_17_1153,FaceNameBlocked,3.0.0,60.02434536,
78,FacesBlock3_v2.xlsx,Jacob.mp4,Jacob.JPG,Jacob,39,Ճագոբ,0,2,2,2,,,,,0,2,2,9,,,,,,,,josh,"['j', 'backspace', 'd', 'a', 'n', 'i', 'e', 'l', 'backspace', 'backspace', 'backspace', 'backspace', 'backspace', 'backspace', 'j', 'o', 'h', 'backspace', 's', 'h']",2,0.918821747,"[1.8515529378782958, 2.534564499044791, 5.168044795980677, 5.417541807051748, 5.616853620857, 5.80105457897298, 5.901037586852908, 6.16714194486849, 6.933540714904666, 7.083105623954907, 7.215298166964203, 7.3333739480003715, 7.4497167428489774, 7.583088343963027, 8.150338548934087, 8.333324157865718, 8.532846390036866, 9.082545612938702, 9.233175768982619, 9.332822763826698]",[1.85155,1.85155,47,1,2019_Oct_17_1153,FaceNameBlocked,3.0.0,60.02434536,
113,FacesBlock4_v2.xlsx,Jason.mp4,Jason.JPG,Jason,49,Ճասոն,0,3,3,3,,,,,0,7,7,4,,,,,,,,,None,1,0.351903828,,,,47,1,2019_Oct_17_1153,FaceNameBlocked,3.0.0,60.02434536,
98,FacesBlock4_v2.xlsx,Jason.mp4,Jason.JPG,Jason,49,Ճասոն,0,3,3,3,0,7,7,4,,,,,,,1,1,0.335888926,,,,,,,,,,47,1,2019_Oct_17_1153,FaceNameBlocked,3.0.0,60.02434536,
6,FacesBlock1_v2.xlsx,Jenna.mp4,Jenna.JPG,Jenna,6,Ճէննա,0,0,0,0,0,5,5,6,,,,,,,0,2,0.602691715,,,,,,,,,,47,1,2019_Oct_17_1153,FaceNameBlocked,3.0.0,60.02434536,
18,FacesBlock1_v2.xlsx,Jenna.mp4,Jenna.JPG,Jenna,6,Ճէննա,0,0,0,0,,,,,0,2,2,6,,,,,,,,katie,"['k', 'a', 't', 'i', 'e']",2,1.301077728,"[5.334660935914144, 5.500525627052411, 5.800883500138298, 5.9177231551148, 6.034923505038023]",[5.33466,5.33466,47,1,2019_Oct_17_1153,FaceNameBlocked,3.0.0,60.02434536,
31,FacesBlock2_v2.xlsx,Jeremy.mp4,Jeremy.JPG,Jeremy,15,Ճէրէմե,0,1,1,1,0,0,0,0,,,,,,,0,1,1.769856056,,,,,,,,,,47,1,2019_Oct_17_1153,FaceNameBlocked,3.0.0,60.02434536,
53,FacesBlock2_v2.xlsx,Jeremy.mp4,Jeremy.JPG,Jeremy,15,Ճէրէմե,0,1,1,1,,,,,0,7,7,0,,,,,,,,,None,1,0.450135779,,,,47,1,2019_Oct_17_1153,FaceNameBlocked,3.0.0,60.02434536,
12,FacesBlock1_v2.xlsx,Jessica.mp4,Jessica.JPG,Jessica,8,Ճէսսիգա,0,0,0,0,0,11,11,8,,,,,,,0,2,0.469225289,,,,,,,,,,47,1,2019_Oct_17_1153,FaceNameBlocked,3.0.0,60.02434536,
26,FacesBlock1_v2.xlsx,Jessica.mp4,Jessica.JPG,Jessica,8,Ճէսսիգա,0,0,0,0,,,,,0,10,10,8,,,,,,,,,None,1,1.201962108,,,,47,1,2019_Oct_17_1153,FaceNameBlocked,3.0.0,60.02434536,
47,FacesBlock2_v2.xlsx,Josh.mp4,Josh.JPG,Josh,19,Ճոսհ,0,1,1,1,,,,,0,1,1,4,,,,,,,,josh,"['j', 'o', 's', 'h']",2,0.817849307,"[7.600407275138423, 7.800095026148483, 7.90041052014567, 8.550244673155248]",[7.60040,7.60040,47,1,2019_Oct_17_1153,FaceNameBlocked,3.0.0,60.02434536,
33,FacesBlock2_v2.xlsx,Josh.mp4,Josh.JPG,Josh,19,Ճոսհ,0,1,1,1,0,2,2,4,,,,,,,0,1,0.952712175,,,,,,,,,,47,1,2019_Oct_17_1153,FaceNameBlocked,3.0.0,60.02434536,
11,FacesBlock1_v2.xlsx,Julia.mp4,Julia.JPG,Julia,13,Ճըլիա,0,0,0,0,0,10,10,13,,,,,,,0,2,0.619238494,,,,,,,,,,47,1,2019_Oct_17_1153,FaceNameBlocked,3.0.0,60.02434536,
28,FacesBlock1_v2.xlsx,Julia.mp4,Julia.JPG,Julia,13,Ճըլիա,0,0,0,0,,,,,0,12,12,13,,,,,,,,,None,1,1.118342331,,,,47,1,2019_Oct_17_1153,FaceNameBlocked,3.0.0,60.02434536,
52,FacesBlock2_v2.xlsx,Justin.mp4,Justin.JPG,Justin,27,Ճըսդին,0,1,1,1,,,,,0,6,6,12,,,,,,,,,None,1,0.968489755,,,,47,1,2019_Oct_17_1153,FaceNameBlocked,3.0.0,60.02434536,
35,FacesBlock2_v2.xlsx,Justin.mp4,Justin.JPG,Justin,27,Ճըսդին,0,1,1,1,0,4,4,12,,,,,,,0,1,1.402304508,,,,,,,,,,47,1,2019_Oct_17_1153,FaceNameBlocked,3.0.0,60.02434536,
101,FacesBlock4_v2.xlsx,Katie.mp4,Katie.JPG,Katie,54,Քադիէ,0,3,3,3,0,10,10,9,,,,,,,1,2,0.486278431,,,,,,,,,,47,1,2019_Oct_17_1153,FaceNameBlocked,3.0.0,60.02434536,
107,FacesBlock4_v2.xlsx,Katie.mp4,Katie.JPG,Katie,54,Քադիէ,0,3,3,3,,,,,0,1,1,9,,,,,,,,kayleigh,"['k', 'a', 'y', 'l', 'e', 'i', 'g', 'h']",4,0.402304095,"[1.0351482809055597, 1.2013396949041635, 1.3846448969561607, 2.2681015408597887, 2.41730448580347, 2.584296421846375, 2.7012964538298547, 2.8174068639054894]",[1.03514,1.03514,47,1,2019_Oct_17_1153,FaceNameBlocked,3.0.0,60.02434536,
61,FacesBlock3_v2.xlsx,Kayla.mp4,Kayla.JPG,Kayla,34,Սարահ,0,2,2,2,0,0,0,4,,,,,,,1,2,1.435615133,,,,,,,,,,47,1,2019_Oct_17_1153,FaceNameBlocked,3.0.0,60.02434536,
76,FacesBlock3_v2.xlsx,Kayla.mp4,Kayla.JPG,Kayla,34,Սարահ,0,2,2,2,,,,,0,0,0,4,,,,,,space,3.034927307,hannah,"['h', 'a', 'n', 'n', 'a', 'h']",1,0.918251965,"[4.534650788875297, 4.784230350051075, 5.183886755025014, 5.333473777864128, 5.417489422019571, 5.54920298489742]",[4.53465,4.53465,47,1,2019_Oct_17_1153,FaceNameBlocked,3.0.0,60.02434536,
13,FacesBlock1_v2.xlsx,Kelsey.mp4,Kelsey.JPG,Kelsey,12,Քէլսէե,0,0,0,0,0,12,12,12,,,,,,,1,2,1.019009394,,,,,,,,,,47,1,2019_Oct_17_1153,FaceNameBlocked,3.0.0,60.02434536,
29,FacesBlock1_v2.xlsx,Kelsey.mp4,Kelsey.JPG,Kelsey,12,Քէլսէե,0,0,0,0,,,,,0,13,13,12,,,,,,,,,None,1,0.935375214,,,,47,1,2019_Oct_17_1153,FaceNameBlocked,3.0.0,60.02434536,
77,FacesBlock3_v2.xlsx,Kevin.mp4,Kevin.JPG,Kevin,41,Քէւին,0,2,2,2,,,,,0,1,1,11,,,,,,,,daniel,"['j', 'o', 's', 'h', 'backspace', 'backspace', 'backspace', 'backspace', 'd', 'a', 'n', 'i', 'e', 'l']",3,1.299593965,"[2.883685790002346, 3.1343139230739325, 3.2843027100898325, 3.400735821109265, 4.966274708043784, 5.132748498115689, 5.264991242205724, 5.382194185163826, 5.633580927038565, 5.766626759199426, 5.9004702779930085, 6.064799091080204, 6.149595852009952, 6.266036564018577]",[2.88368,2.88368,47,1,2019_Oct_17_1153,FaceNameBlocked,3.0.0,60.02434536,
63,FacesBlock3_v2.xlsx,Kevin.mp4,Kevin.JPG,Kevin,41,Քէւին,0,2,2,2,0,2,2,11,,,,,,,0,1,0.769537426,,,,,,,,,,47,1,2019_Oct_17_1153,FaceNameBlocked,3.0.0,60.02434536,
1,FacesBlock1_v2.xlsx,Kyle.mp4,Kyle.JPG,Kyle,4,Քելէ,0,0,0,0,0,0,0,4,,,,,,,0,1,1.86905588,,,,,,,,,,47,1,2019_Oct_17_1153,FaceNameBlocked,3.0.0,60.02434536,
17,FacesBlock1_v2.xlsx,Kyle.mp4,Kyle.JPG,Kyle,4,Քելէ,0,0,0,0,,,,,0,1,1,4,,,,,,,,bradley,"['b', 'r', 'a', 'd', 'l', 'e', 'y']",2,2.218640897,"[5.31790509284474, 5.498817170038819, 6.399822166888043, 6.650582602014765, 6.850703879958019, 7.333537062862888, 7.549574594013393]",[5.31790,5.31790,47,1,2019_Oct_17_1153,FaceNameBlocked,3.0.0,60.02434536,
80,FacesBlock3_v2.xlsx,Lauren.mp4,Lauren.JPG,Lauren,38,Լաըրէն,0,2,2,2,,,,,0,4,4,8,,,,,,,,rebecca,"['r', 'e', 'b', 'e', 'c', 'c', 'a']",1,1.001728276,"[1.3357389920856804, 1.4356543780304492, 1.6847831869963557, 1.7855230420827866, 2.335340663092211, 2.468969627050683, 2.5350977790076286]",[1.33573,1.33573,47,1,2019_Oct_17_1153,FaceNameBlocked,3.0.0,60.02434536,
75,FacesBlock3_v2.xlsx,Lauren.mp4,Lauren.JPG,Lauren,38,Լաըրէն,0,2,2,2,0,14,14,8,,,,,,,1,2,0.985956752,,,,,,,,,,47,1,2019_Oct_17_1153,FaceNameBlocked,3.0.0,60.02434536,
66,FacesBlock3_v2.xlsx,Mark.mp4,Mark.JPG,Mark,40,Մարք,0,2,2,2,0,5,5,10,,,,,,,1,1,0.519581281,,,,,,,,,,47,1,2019_Oct_17_1153,FaceNameBlocked,3.0.0,60.02434536,
86,FacesBlock3_v2.xlsx,Mark.mp4,Mark.JPG,Mark,40,Մարք,0,2,2,2,,,,,0,10,10,10,,,,,,,,,None,1,0.80206552,,,,47,1,2019_Oct_17_1153,FaceNameBlocked,3.0.0,60.02434536,
25,FacesBlock1_v2.xlsx,Matthew.mp4,Matthew.JPG,Matthew,9,Մադդհէվ,0,0,0,0,,,,,0,9,9,9,,,,,,,,,None,1,1.218380725,,,,47,1,2019_Oct_17_1153,FaceNameBlocked,3.0.0,60.02434536,
10,FacesBlock1_v2.xlsx,Matthew.mp4,Matthew.JPG,Matthew,9,Մադդհէվ,0,0,0,0,0,9,9,9,,,,,,,1,1,0.969489712,,,,,,,,,,47,1,2019_Oct_17_1153,FaceNameBlocked,3.0.0,60.02434536,
43,FacesBlock2_v2.xlsx,Megan.mp4,Megan.JPG,Megan,25,Մէկան,0,1,1,1,0,12,12,10,,,,,,,1,2,0.952241784,,,,,,,,,,47,1,2019_Oct_17_1153,FaceNameBlocked,3.0.0,60.02434536,
50,FacesBlock2_v2.xlsx,Megan.mp4,Megan.JPG,Megan,25,Մէկան,0,1,1,1,,,,,0,4,4,10,,,,,,,,brittany,"['b', 'r', 'i', 't', 't', 'a', 'n', 'y']",4,0.852043817,"[1.752178878057748, 1.9012432910967618, 2.017608183901757, 2.1849631159566343, 2.3345624438952655, 2.5513356260489672, 2.6514015870634466, 2.8678423990495503]",[1.75217,1.75217,47,1,2019_Oct_17_1153,FaceNameBlocked,3.0.0,60.02434536,
100,FacesBlock4_v2.xlsx,Michael.mp4,Michael.JPG,Michael,46,Միգհաէլ,0,3,3,3,0,9,9,1,,,,,,,1,1,0.718846984,,,,,,,,,,47,1,2019_Oct_17_1153,FaceNameBlocked,3.0.0,60.02434536,
114,FacesBlock4_v2.xlsx,Michael.mp4,Michael.JPG,Michael,46,Միգհաէլ,0,3,3,3,,,,,0,8,8,1,,,,,,,,,None,1,0.285079365,,,,47,1,2019_Oct_17_1153,FaceNameBlocked,3.0.0,60.02434536,
103,FacesBlock4_v2.xlsx,Michelle.mp4,Michelle.JPG,Michelle,52,Միգհէլլէ,0,3,3,3,0,12,12,7,,,,,,,1,2,0.25290578,,,,,,,,,,47,1,2019_Oct_17_1153,FaceNameBlocked,3.0.0,60.02434536,
118,FacesBlock4_v2.xlsx,Michelle.mp4,Michelle.JPG,Michelle,52,Միգհէլլէ,0,3,3,3,,,,,0,12,12,7,,,,,,,,,None,1,0.435020299,,,,47,1,2019_Oct_17_1153,FaceNameBlocked,3.0.0,60.02434536,
20,FacesBlock1_v2.xlsx,Natalie.mp4,Natalie.JPG,Natalie,7,Նադալիէ,0,0,0,0,,,,,0,4,4,7,,,,,,,,,None,1,0.967063208,,,,47,1,2019_Oct_17_1153,FaceNameBlocked,3.0.0,60.02434536,
2,FacesBlock1_v2.xlsx,Natalie.mp4,Natalie.JPG,Natalie,7,Նադալիէ,0,0,0,0,0,1,1,7,,,,,,,1,2,0.9193653,,,,,,,,,,47,1,2019_Oct_17_1153,FaceNameBlocked,3.0.0,60.02434536,
79,FacesBlock3_v2.xlsx,Nathan.mp4,Nathan.JPG,Nathan,37,Նադհան,0,2,2,2,,,,,0,3,3,7,,,,,,,,nathan,"['n', 'a', 'h', 'a', 'n', 'backspace', 'backspace', 'backspace', 't', 'h', 'a', 'n']",4,0.785950582,"[2.7841872959397733, 2.8682470640633255, 3.184648002963513, 3.316050369059667, 3.417655291967094, 3.7336410160642117, 3.8839717730879784, 4.000511235091835, 4.151426875963807, 4.317724704975262, 4.4342741870786995, 4.534193295054138]",[2.78418,2.78418,47,1,2019_Oct_17_1153,FaceNameBlocked,3.0.0,60.02434536,
72,FacesBlock3_v2.xlsx,Nathan.mp4,Nathan.JPG,Nathan,37,Նադհան,0,2,2,2,0,11,11,7,,,,,,,1,1,0.737047987,,,,,,,,,,47,1,2019_Oct_17_1153,FaceNameBlocked,3.0.0,60.02434536,
85,FacesBlock3_v2.xlsx,Nicole.mp4,Nicole.JPG,Nicole,43,Նիգոլէ,0,2,2,2,,,,,0,9,9,13,,,,,,,,sarah,"['s', 'a', 'r', 'a', 'h']",2,0.684852606,"[6.800317750079557, 7.116466439096257, 7.300508324056864, 7.516751476097852, 7.599887355230749]",[6.80031,6.80031,47,1,2019_Oct_17_1153,FaceNameBlocked,3.0.0,60.02434536,
64,FacesBlock3_v2.xlsx,Nicole.mp4,Nicole.JPG,Nicole,43,Նիգոլէ,0,2,2,2,0,3,3,13,,,,,,,1,2,0.902902264,,,,,,,,,,47,1,2019_Oct_17_1153,FaceNameBlocked,3.0.0,60.02434536,
67,FacesBlock3_v2.xlsx,Noah.mp4,Noah.JPG,Noah,31,Նոահ,0,2,2,2,0,6,6,1,,,,,,,0,1,0.686745258,,,,,,,,,,47,1,2019_Oct_17_1153,FaceNameBlocked,3.0.0,60.02434536,
83,FacesBlock3_v2.xlsx,Noah.mp4,Noah.JPG,Noah,31,Նոահ,0,2,2,2,,,,,0,7,7,1,,,,,,,,noah,"['n', 'o', 'a', 'h']",4,0.785195051,"[0.9685198541264981, 1.1349988540168852, 1.2182556090410799, 1.3849127090070397]",[0.96851,0.96851,47,1,2019_Oct_17_1153,FaceNameBlocked,3.0.0,60.02434536,
69,FacesBlock3_v2.xlsx,Olivia.mp4,Olivia.JPG,Olivia,35,Ոլիւիա,0,2,2,2,0,8,8,5,,,,,,,1,2,0.619232929,,,,,,,,,,47,1,2019_Oct_17_1153,FaceNameBlocked,3.0.0,60.02434536,
81,FacesBlock3_v2.xlsx,Olivia.mp4,Olivia.JPG,Olivia,35,Ոլիւիա,0,2,2,2,,,,,0,5,5,5,,,,,,,,,None,1,0.366807573,,,,47,1,2019_Oct_17_1153,FaceNameBlocked,3.0.0,60.02434536,
37,FacesBlock2_v2.xlsx,Rachel.mp4,Rachel.JPG,Rachel,29,Րագհէլ,0,1,1,1,0,6,6,14,,,,,,,1,2,1.235276171,,,,,,,,,,47,1,2019_Oct_17_1153,FaceNameBlocked,3.0.0,60.02434536,
51,FacesBlock2_v2.xlsx,Rachel.mp4,Rachel.JPG,Rachel,29,Րագհէլ,0,1,1,1,,,,,0,5,5,14,,,,,,,,hannah,"['h', 'a', 'n', 'n', 'a', 'h']",2,0.835347167,"[3.0674514840357006, 3.2008298519067466, 3.367683461867273, 3.5002071850467473, 3.6843043179251254, 4.100697178859264]",[3.06745,3.06745,47,1,2019_Oct_17_1153,FaceNameBlocked,3.0.0,60.02434536,
74,FacesBlock3_v2.xlsx,Rebecca.mp4,Rebecca.JPG,Rebecca,32,Րէբէգգա,0,2,2,2,0,13,13,2,,,,,,,0,2,0.502757659,,,,,,,,,,47,1,2019_Oct_17_1153,FaceNameBlocked,3.0.0,60.02434536,
90,FacesBlock3_v2.xlsx,Rebecca.mp4,Rebecca.JPG,Rebecca,32,Րէբէգգա,0,2,2,2,,,,,0,14,14,2,,,,,,,,rebecca,"['r', 'e', 'b', 'e', 'c', 'c', 'a']",4,1.085510106,"[1.3523128929082304, 1.4852374009788036, 1.7689771039877087, 1.852699285838753, 2.4017500658519566, 2.5521522948984057, 2.685243889922276]",[1.35231,1.35231,47,1,2019_Oct_17_1153,FaceNameBlocked,3.0.0,60.02434536,
70,FacesBlock3_v2.xlsx,Sarah.mp4,Sarah.JPG,Sarah,33,Սարահ,0,2,2,2,0,9,9,3,,,,,,,1,2,0.319796574,,,,,,,,,,47,1,2019_Oct_17_1153,FaceNameBlocked,3.0.0,60.02434536,
87,FacesBlock3_v2.xlsx,Sarah.mp4,Sarah.JPG,Sarah,33,Սարահ,0,2,2,2,,,,,0,11,11,3,,,,,,,,,None,1,1.185643752,,,,47,1,2019_Oct_17_1153,FaceNameBlocked,3.0.0,60.02434536,
71,FacesBlock3_v2.xlsx,Shelby.mp4,Shelby.JPG,Shelby,36,Սհէլբե,0,2,2,2,0,10,10,6,,,,,,,0,2,0.553004151,,,,,,,,,,47,1,2019_Oct_17_1153,FaceNameBlocked,3.0.0,60.02434536,
89,FacesBlock3_v2.xlsx,Shelby.mp4,Shelby.JPG,Shelby,36,Սհէլբե,0,2,2,2,,,,,0,13,13,6,,,,,,,,sarah,"['s', 'a', 'r', 'a', 'h']",3,1.2357785,"[4.150902885012329, 4.367601209087297, 4.55068954708986, 4.7672503150533885, 4.850353885209188]",[4.15090,4.15090,47,1,2019_Oct_17_1153,FaceNameBlocked,3.0.0,60.02434536,
54,FacesBlock2_v2.xlsx,Steven.mp4,Steven.JPG,Steven,17,Սդէւէն,0,1,1,1,,,,,0,8,8,2,,,,,,,,steven,"['s', 't', 'e', 'v', 'e', 'n']",2,0.384949276,"[2.201821626862511, 2.535425130976364, 2.75114031881094, 3.0018533309921622, 3.1844842629507184, 3.301323260879144]",[2.20182,2.20182,47,1,2019_Oct_17_1153,FaceNameBlocked,3.0.0,60.02434536,
36,FacesBlock2_v2.xlsx,Steven.mp4,Steven.JPG,Steven,17,Սդէւէն,0,1,1,1,0,5,5,2,,,,,,,0,1,1.069305159,,,,,,,,,,47,1,2019_Oct_17_1153,FaceNameBlocked,3.0.0,60.02434536,
104,FacesBlock4_v2.xlsx,Taylor.mp4,Taylor.JPG,Taylor,45,Դաելոր,0,3,3,3,0,13,13,0,,,,,,,0,2,0.416970284,,,,,,,,,,47,1,2019_Oct_17_1153,FaceNameBlocked,3.0.0,60.02434536,
117,FacesBlock4_v2.xlsx,Taylor.mp4,Taylor.JPG,Taylor,45,Դաելոր,0,3,3,3,,,,,0,11,11,0,,,,,,,,,None,1,0.368993841,,,,47,1,2019_Oct_17_1153,FaceNameBlocked,3.0.0,60.02434536,
82,FacesBlock3_v2.xlsx,Thomas.mp4,Thomas.JPG,Thomas,44,Դհոմաս,0,2,2,2,,,,,0,6,6,14,,,,,,,,,None,1,0.785519993,,,,47,1,2019_Oct_17_1153,FaceNameBlocked,3.0.0,60.02434536,
73,FacesBlock3_v2.xlsx,Thomas.mp4,Thomas.JPG,Thomas,44,Դհոմաս,0,2,2,2,0,12,12,14,,,,,,,0,1,0.46970498,,,,,,,,,,47,1,2019_Oct_17_1153,FaceNameBlocked,3.0.0,60.02434536,
16,FacesBlock1_v2.xlsx,Timothy.mp4,Timothy.JPG,Timothy,10,Դիմոդհե,0,0,0,0,,,,,0,0,0,10,,,,,,space,32.55810656,,None,1,2.235120141,,,,47,1,2019_Oct_17_1153,FaceNameBlocked,3.0.0,60.02434536,
7,FacesBlock1_v2.xlsx,Timothy.mp4,Timothy.JPG,Timothy,10,Դիմոդհե,0,0,0,0,0,6,6,10,,,,,,,1,1,0.469399738,,,,,,,,,,47,1,2019_Oct_17_1153,FaceNameBlocked,3.0.0,60.02434536,
59,FacesBlock2_v2.xlsx,Trevor.mp4,Trevor.JPG,Trevor,21,Դրէւոր,0,1,1,1,,,,,0,13,13,6,,,,,,,,tyler,"['t', 'y', 'l', 'e', 'r']",1,0.316960698,"[3.6186004548799247, 3.7516322580631822, 4.0011065260041505, 4.151798755861819, 4.3347833410371095]",[3.61860,3.61860,47,1,2019_Oct_17_1153,FaceNameBlocked,3.0.0,60.02434536,
42,FacesBlock2_v2.xlsx,Trevor.mp4,Trevor.JPG,Trevor,21,Դրէւոր,0,1,1,1,0,11,11,6,,,,,,,0,1,0.769513289,,,,,,,,,,47,1,2019_Oct_17_1153,FaceNameBlocked,3.0.0,60.02434536,
45,FacesBlock2_v2.xlsx,Tyler.mp4,Tyler.JPG,Tyler,22,Դելէր,0,1,1,1,0,14,14,7,,,,,,,1,1,0.719822945,,,,,,,,,,47,1,2019_Oct_17_1153,FaceNameBlocked,3.0.0,60.02434536,
60,FacesBlock2_v2.xlsx,Tyler.mp4,Tyler.JPG,Tyler,22,Դելէր,0,1,1,1,,,,,0,14,14,7,,,,,,,,tyler,"['t', 'y', 'p', 'backspace', 'l', 'e', 'r']",3,0.53497891,"[5.633609380107373, 5.750277588143945, 6.016586713027209, 6.549598400015384, 7.197802691021934, 7.332229362102225, 7.4987224920187145]",[5.63360,5.63360,47,1,2019_Oct_17_1153,FaceNameBlocked,3.0.0,60.02434536,
0,,,,,,,,,,,,,,,,,,,space,33.45860718,,,,,,,,,,,,,47,1,2019_Oct_17_1153,FaceNameBlocked,3.0.0,60.02434536,