,condsFile,Video,Photo,Name,Row,Name2,blocks.thisRepN,blocks.thisTrialN,blocks.thisN,blocks.thisIndex,presentations.thisRepN,presentations.thisTrialN,presentations.thisN,presentations.thisIndex,testing.thisRepN,testing.thisTrialN,testing.thisN,testing.thisIndex,advance_1.keys,advance_1.rt,currentCond,judgementResp.keys,judgementResp.rt,advance_2.keys,advance_2.rt,inputText,key_resp_3.keys,key_resp_3.rt,,key_resp3_fin,rating_resp.keys,rating_resp.rt,end_key.keys,end_key.rt,participant,session,date,expName,psychopyVersion,frameRate,Unnamed: 38
39,FacesBlock2_v2.xlsx,Aaron.mp4,Aaron.JPG,Aaron,18,Աարոն,0,1,1,1,0,8,8,3,,,,,,,0,1,0.319342815,,,,,,,,,,,,40,1,2019_Oct_10_1251,FaceNameBlocked,3.0.0,60.01647007,
52,FacesBlock2_v2.xlsx,Aaron.mp4,Aaron.JPG,Aaron,18,Աարոն,0,1,1,1,,,,,0,6,6,3,,,,,,,,,None,,,,2,0.385762041,,,40,1,2019_Oct_10_1251,FaceNameBlocked,3.0.0,60.01647007,
12,FacesBlock1_v2.xlsx,Adam.mp4,Adam.JPG,Adam,5,Ատամ,0,0,0,0,0,11,11,5,,,,,,,1,1,0.185580662,,,,,,,,,,,,40,1,2019_Oct_10_1251,FaceNameBlocked,3.0.0,60.01647007,
23,FacesBlock1_v2.xlsx,Adam.mp4,Adam.JPG,Adam,5,Ատամ,0,0,0,0,,,,,0,7,7,5,,,,,,,,Kevin,"['lshift', 'k', 'e', 'v', 'i', 'n']","[1.5001635870430619, 3.5347204819554463, 3.934414461022243, 4.3673911419464275, 4.451110456022434, 4.471906655002385]",[1.50016,1.50016,1,0.602527531,,,40,1,2019_Oct_10_1251,FaceNameBlocked,3.0.0,60.01647007,
92,FacesBlock4_v2.xlsx,Alyssa.mp4,Alyssa.JPG,Alyssa,55,Ալեսսա,0,3,3,3,0,1,1,10,,,,,,,1,2,0.652419025,,,,,,,,,,,,40,1,2019_Oct_10_1251,FaceNameBlocked,3.0.0,60.01647007,
116,FacesBlock4_v2.xlsx,Alyssa.mp4,Alyssa.JPG,Alyssa,55,Ալեսսա,0,3,3,3,,,,,0,10,10,10,,,,,,,,,None,,,,1,0.601430678,,,40,1,2019_Oct_10_1251,FaceNameBlocked,3.0.0,60.01647007,
28,FacesBlock1_v2.xlsx,Amanda.mp4,Amanda.JPG,Amanda,2,Ամանտա,0,0,0,0,,,,,0,12,12,2,,,,,,,,Sarah,"['lshift', 's', 'a', 's', 'h', 'a', 'backspace', 'backspace', 'backspace', 'r', 'a', 'h']","[1.2331753950566053, 1.9179874340770766, 2.167542683077045, 2.35156281106174, 2.417928590090014, 2.8492066940525547, 5.815852220985107, 5.949171863030642, 6.081114448024891, 6.316006753011607, 6.416960228001699, 6.599363674991764]",[1.23317,1.23317,1,0.769416238,,,40,1,2019_Oct_10_1251,FaceNameBlocked,3.0.0,60.01647007,
14,FacesBlock1_v2.xlsx,Amanda.mp4,Amanda.JPG,Amanda,2,Ամանտա,0,0,0,0,0,13,13,2,,,,,,,0,2,1.485982906,,,,,,,,,,,,40,1,2019_Oct_10_1251,FaceNameBlocked,3.0.0,60.01647007,
112,FacesBlock4_v2.xlsx,Andrew.mp4,Andrew.JPG,Andrew,51,Անտրէվ,0,3,3,3,,,,,0,6,6,6,,,,,,,,Mike,"['lshift', 'm', 'i', 'k', 'e']","[6.682608749018982, 6.800772394984961, 7.015470755985007, 7.150305906077847, 7.267306445050053]",[6.68260,6.68260,1,0.268936206,,,40,1,2019_Oct_10_1251,FaceNameBlocked,3.0.0,60.01647007,
93,FacesBlock4_v2.xlsx,Andrew.mp4,Andrew.JPG,Andrew,51,Անտրէվ,0,3,3,3,0,2,2,6,,,,,,,0,1,0.986158813,,,,,,,,,,,,40,1,2019_Oct_10_1251,FaceNameBlocked,3.0.0,60.01647007,
111,FacesBlock4_v2.xlsx,Anna.mp4,Anna.JPG,Anna,47,Աննա,0,3,3,3,,,,,0,5,5,2,,,,,,,,kayl,"['k', 'a', 'y', 'l', 'semicolon', 'a', 'equal', 'backspace']","[4.401073888991959, 4.550214873976074, 4.7010397870326415, 5.200563608086668, 5.220391535083763, 5.283144077984616, 8.28279631701298, 9.198170033050701]",[4.40107,4.40107,1,0.617088753,,,40,1,2019_Oct_10_1251,FaceNameBlocked,3.0.0,60.01647007,
98,FacesBlock4_v2.xlsx,Anna.mp4,Anna.JPG,Anna,47,Աննա,0,3,3,3,0,7,7,2,,,,,,,0,2,1.903068863,,,,,,,,,,,,40,1,2019_Oct_10_1251,FaceNameBlocked,3.0.0,60.01647007,
59,FacesBlock2_v2.xlsx,Ashley.mp4,Ashley.JPG,Ashley,24,Ասհլէե,0,1,1,1,,,,,0,13,13,9,,,,,,,,,['lshift'],[3.7659988610539585],[3.76599,3.76599,1,0.235831065,,,40,1,2019_Oct_10_1251,FaceNameBlocked,3.0.0,60.01647007,
37,FacesBlock2_v2.xlsx,Ashley.mp4,Ashley.JPG,Ashley,24,Ասհլէե,0,1,1,1,0,6,6,9,,,,,,,0,2,0.319914186,,,,,,,,,,,,40,1,2019_Oct_10_1251,FaceNameBlocked,3.0.0,60.01647007,
20,FacesBlock1_v2.xlsx,Bradley.mp4,Bradley.JPG,Bradley,14,Բրատլէե,0,0,0,0,,,,,0,4,4,14,,,,,,,,Micheal,"['lshift', 'm', 'i', 'c', 'h', 'e', 'a', 'l']","[1.3831664609024301, 3.0517439999384806, 3.3018975749146193, 3.4682029919931665, 3.5851285780081525, 3.751628255005926, 4.118031136924401, 4.251374664949253]",[1.38316,1.38316,2,1.052123199,,,40,1,2019_Oct_10_1251,FaceNameBlocked,3.0.0,60.01647007,
15,FacesBlock1_v2.xlsx,Bradley.mp4,Bradley.JPG,Bradley,14,Բրատլէե,0,0,0,0,0,14,14,14,,,,,,,0,1,0.95170036,,,,,,,,,,,,40,1,2019_Oct_10_1251,FaceNameBlocked,3.0.0,60.01647007,
97,FacesBlock4_v2.xlsx,Brandon.mp4,Brandon.JPG,Brandon,56,Բրանտոն,0,3,3,3,0,6,6,11,,,,,,,0,1,4.052048552,,,,,,,,,,,,40,1,2019_Oct_10_1251,FaceNameBlocked,3.0.0,60.01647007,
106,FacesBlock4_v2.xlsx,Brandon.mp4,Brandon.JPG,Brandon,56,Բրանտոն,0,3,3,3,,,,,0,0,0,11,,,,,,space,1.66747344,michael,"['m', 'i', 'c', 'h', 'a', 'e', 'l']","[6.283633124083281, 6.383564955089241, 6.583390411105938, 6.682605973095633, 6.966592960990965, 7.083117991103791, 7.216623068088666]",[6.28363,6.28363,2,0.885315378,,,40,1,2019_Oct_10_1251,FaceNameBlocked,3.0.0,60.01647007,
120,FacesBlock4_v2.xlsx,Brian.mp4,Brian.JPG,Brian,53,Բրիան,0,3,3,3,,,,,0,14,14,8,,,,,,,,andrew,"['a', 'n', 'd', 'e', 'backspace', 'r', 'e', 'w']","[3.434180961921811, 3.5339798519853503, 3.6841590529074892, 4.283582094009034, 4.89982194500044, 5.066851776908152, 5.266199433011934, 5.383549258927815]",[3.43418,3.43418,1,1.001504411,,,40,1,2019_Oct_10_1251,FaceNameBlocked,3.0.0,60.01647007,
95,FacesBlock4_v2.xlsx,Brian.mp4,Brian.JPG,Brian,53,Բրիան,0,3,3,3,0,4,4,8,,,,,,,1,1,2.069159085,,,,,,,,,,,,40,1,2019_Oct_10_1251,FaceNameBlocked,3.0.0,60.01647007,
96,FacesBlock4_v2.xlsx,Brianna.mp4,Brianna.JPG,Brianna,48,Բրիաննա,0,3,3,3,0,5,5,3,,,,,,,1,2,2.535883478,,,,,,,,,,,,40,1,2019_Oct_10_1251,FaceNameBlocked,3.0.0,60.01647007,
117,FacesBlock4_v2.xlsx,Brianna.mp4,Brianna.JPG,Brianna,48,Բրիաննա,0,3,3,3,,,,,0,11,11,3,,,,,,,,,None,,,,1,0.568912472,,,40,1,2019_Oct_10_1251,FaceNameBlocked,3.0.0,60.01647007,
48,FacesBlock2_v2.xlsx,Brittany.mp4,Brittany.JPG,Brittany,28,Բրիդդանե,0,1,1,1,,,,,0,2,2,13,,,,,,,,,['lshift'],[2.383090276038274],[2.38309,2.38309,2,1.202076337,,,40,1,2019_Oct_10_1251,FaceNameBlocked,3.0.0,60.01647007,
44,FacesBlock2_v2.xlsx,Brittany.mp4,Brittany.JPG,Brittany,28,Բրիդդանե,0,1,1,1,0,13,13,13,,,,,,,1,2,1.052668609,,,,,,,,,,,,40,1,2019_Oct_10_1251,FaceNameBlocked,3.0.0,60.01647007,
109,FacesBlock4_v2.xlsx,Caleb.mp4,Caleb.JPG,Caleb,59,Գալէբ,0,3,3,3,,,,,0,3,3,14,,,,,,,,caleb,"['c', 'a', 'l', 'e', 'b']","[1.1183043860364705, 1.2336722640320659, 1.3353863989468664, 1.785348149947822, 1.8847228239756078]",[1.11830,1.11830,4,0.385649584,,,40,1,2019_Oct_10_1251,FaceNameBlocked,3.0.0,60.01647007,
104,FacesBlock4_v2.xlsx,Caleb.mp4,Caleb.JPG,Caleb,59,Գալէբ,0,3,3,3,0,13,13,14,,,,,,,0,1,1.302333684,,,,,,,,,,,,40,1,2019_Oct_10_1251,FaceNameBlocked,3.0.0,60.01647007,
50,FacesBlock2_v2.xlsx,Cody.mp4,Cody.JPG,Cody,23,Գոտե,0,1,1,1,,,,,0,4,4,8,,,,,,,,,None,,,,2,1.218273036,,,40,1,2019_Oct_10_1251,FaceNameBlocked,3.0.0,60.01647007,
42,FacesBlock2_v2.xlsx,Cody.mp4,Cody.JPG,Cody,23,Գոտե,0,1,1,1,0,11,11,8,,,,,,,1,1,0.385911353,,,,,,,,,,,,40,1,2019_Oct_10_1251,FaceNameBlocked,3.0.0,60.01647007,
66,FacesBlock3_v2.xlsx,Courtney.mp4,Courtney.JPG,Courtney,42,Գոըրդնէե,0,2,2,2,0,5,5,12,,,,,,,1,2,2.434989932,,,,,,,,,,,,40,1,2019_Oct_10_1251,FaceNameBlocked,3.0.0,60.01647007,
76,FacesBlock3_v2.xlsx,Courtney.mp4,Courtney.JPG,Courtney,42,Գոըրդնէե,0,2,2,2,,,,,0,0,0,12,,,,,,space,5.849756061,Shelby,"['lshift', 's', 'h', 'e', 'l', 'b', 'y']","[1.5664887750754133, 1.8182544220471755, 2.0847640089923516, 2.1821906300028786, 2.3013608451001346, 2.5178217639913782, 2.651302251033485]",[1.56648,1.56648,3,0.3524021,,,40,1,2019_Oct_10_1251,FaceNameBlocked,3.0.0,60.01647007,
83,FacesBlock3_v2.xlsx,Daniel.mp4,Daniel.JPG,Daniel,30,Տանիէլ,0,2,2,2,,,,,0,7,7,0,,,,,,,,,['lshift'],[3.049742463044822],[3.04974,3.04974,2,0.751579527,,,40,1,2019_Oct_10_1251,FaceNameBlocked,3.0.0,60.01647007,
63,FacesBlock3_v2.xlsx,Daniel.mp4,Daniel.JPG,Daniel,30,Տանիէլ,0,2,2,2,0,2,2,0,,,,,,,1,1,0.869488179,,,,,,,,,,,,40,1,2019_Oct_10_1251,FaceNameBlocked,3.0.0,60.01647007,
2,FacesBlock1_v2.xlsx,Danielle.mp4,Danielle.JPG,Danielle,3,Տանիէլլէ,0,0,0,0,0,1,1,3,,,,,,,0,2,0.819538435,,,,,,,,,,,,40,1,2019_Oct_10_1251,FaceNameBlocked,3.0.0,60.01647007,
22,FacesBlock1_v2.xlsx,Danielle.mp4,Danielle.JPG,Danielle,3,Տանիէլլէ,0,0,0,0,,,,,0,6,6,3,,,,,,,,Kathlyn ,"['lshift', 'k', 'a', 't', 'h', 'l', 'y', 'n', 'space']","[1.5175838209688663, 2.268689804011956, 2.618964324006811, 2.868385536945425, 2.968681182945147, 4.1182554949773476, 4.534794793929905, 4.651321070967242, 7.300430591916665]",[1.51758,1.51758,1,1.068972396,,,40,1,2019_Oct_10_1251,FaceNameBlocked,3.0.0,60.01647007,
54,FacesBlock2_v2.xlsx,David.mp4,David.JPG,David,16,Տաւիտ,0,1,1,1,,,,,0,8,8,1,,,,,,,,Justin,"['lshift', 'j', 'u', 's', 't', 'i', 'n', 'backspace', 'n']","[3.91678658593446, 4.284691544948146, 4.451286859926768, 4.618413087911904, 4.851345947012305, 4.917945883003995, 4.982755057979375, 7.166523844003677, 7.916748020914383]",[3.91678,3.91678,3,1.61870765,,,40,1,2019_Oct_10_1251,FaceNameBlocked,3.0.0,60.01647007,
36,FacesBlock2_v2.xlsx,David.mp4,David.JPG,David,16,Տաւիտ,0,1,1,1,0,5,5,1,,,,,,,1,1,0.23643504,,,,,,,,,,,,40,1,2019_Oct_10_1251,FaceNameBlocked,3.0.0,60.01647007,
118,FacesBlock4_v2.xlsx,Dylan.mp4,Dylan.JPG,Dylan,50,Տելան,0,3,3,3,,,,,0,12,12,5,,,,,,,,,None,,,,1,0.752268694,,,40,1,2019_Oct_10_1251,FaceNameBlocked,3.0.0,60.01647007,
94,FacesBlock4_v2.xlsx,Dylan.mp4,Dylan.JPG,Dylan,50,Տելան,0,3,3,3,0,3,3,5,,,,,,,1,1,0.604669261,,,,,,,,,,,,40,1,2019_Oct_10_1251,FaceNameBlocked,3.0.0,60.01647007,
115,FacesBlock4_v2.xlsx,Emily.mp4,Emily.JPG,Emily,57,Էմիլե,0,3,3,3,,,,,0,9,9,12,,,,,,,,,None,,,,2,0.868101053,,,40,1,2019_Oct_10_1251,FaceNameBlocked,3.0.0,60.01647007,
91,FacesBlock4_v2.xlsx,Emily.mp4,Emily.JPG,Emily,57,Էմիլե,0,3,3,3,0,0,0,12,,,,,,,1,2,1.316875468,,,,,,,,,,,,40,1,2019_Oct_10_1251,FaceNameBlocked,3.0.0,60.01647007,
13,FacesBlock1_v2.xlsx,Eric.mp4,Eric.JPG,Eric,0,Էրիգ,0,0,0,0,0,12,12,0,,,,,,,1,1,0.31694147,,,,,,,,,,,,40,1,2019_Oct_10_1251,FaceNameBlocked,3.0.0,60.01647007,
21,FacesBlock1_v2.xlsx,Eric.mp4,Eric.JPG,Eric,0,Էրիգ,0,0,0,0,,,,,0,5,5,0,,,,,,,,Andrew,"['lshift', 'a', 'n', 'd', 'r', 'e', 'w']","[1.6495918550062925, 1.9178443920100108, 2.184884757967666, 2.317248390056193, 2.584063075017184, 2.8011050790082663, 2.9011250579496846]",[1.64959,1.64959,2,1.185522125,,,40,1,2019_Oct_10_1251,FaceNameBlocked,3.0.0,60.01647007,
30,FacesBlock1_v2.xlsx,Ethan.mp4,Ethan.JPG,Ethan,11,Էդհան,0,0,0,0,,,,,0,14,14,11,,,,,,,,Dennis,"['lshift', 'd', 'e', 'n', 'n', 'i', 's']","[1.3509832120034844, 1.9519163900986314, 2.2012529890052974, 2.8343181130476296, 3.0182794930879027, 3.2012553930981085, 3.3347780030453578]",[1.35098,1.35098,1,0.502056429,,,40,1,2019_Oct_10_1251,FaceNameBlocked,3.0.0,60.01647007,
11,FacesBlock1_v2.xlsx,Ethan.mp4,Ethan.JPG,Ethan,11,Էդհան,0,0,0,0,0,10,10,11,,,,,,,0,1,0.269551971,,,,,,,,,,,,40,1,2019_Oct_10_1251,FaceNameBlocked,3.0.0,60.01647007,
110,FacesBlock4_v2.xlsx,Grace.mp4,Grace.JPG,Grace,58,Կրագէ,0,3,3,3,,,,,0,4,4,13,,,,,,,,stacy,"['s', 't', 'a', 'c', 'y']","[1.8835034450748935, 2.135591314989142, 2.3681114140199497, 2.6013712079729885, 2.8353236980037764]",[1.88350,1.88350,2,0.319018152,,,40,1,2019_Oct_10_1251,FaceNameBlocked,3.0.0,60.01647007,
102,FacesBlock4_v2.xlsx,Grace.mp4,Grace.JPG,Grace,58,Կրագէ,0,3,3,3,0,11,11,13,,,,,,,0,2,0.935967627,,,,,,,,,,,,40,1,2019_Oct_10_1251,FaceNameBlocked,3.0.0,60.01647007,
47,FacesBlock2_v2.xlsx,Haley.mp4,Haley.JPG,Haley,20,Հալէե,0,1,1,1,,,,,0,1,1,5,,,,,,,,Lindsey,"['lshift', 'l', 'i', 'n', 'd', 's', 'e', 'y']","[2.8494597689714283, 3.9844057109439746, 4.267562458990142, 4.367633305024356, 4.567448006011546, 4.800603869953193, 4.933003720012493, 5.665244251023978]",[2.84945,2.84945,3,0.418708559,,,40,1,2019_Oct_10_1251,FaceNameBlocked,3.0.0,60.01647007,
38,FacesBlock2_v2.xlsx,Haley.mp4,Haley.JPG,Haley,20,Հալէե,0,1,1,1,0,7,7,5,,,,,,,1,2,0.319946984,,,,,,,,,,,,40,1,2019_Oct_10_1251,FaceNameBlocked,3.0.0,60.01647007,
24,FacesBlock1_v2.xlsx,Hannah.mp4,Hannah.JPG,Hannah,1,Հաննահ,0,0,0,0,,,,,0,8,8,1,,,,,,,,Mackenzie,"['lshift', 'm', 'a', 'c', 'k', 'e', 'n', 'z', 'i', 'e']","[1.8499847200000659, 2.185243131010793, 2.451853211969137, 2.618530225008726, 2.7017229970078915, 2.8177852450171486, 2.901790907024406, 3.334525753976777, 3.4059008699841797, 3.5346708790166304]",[1.84998,1.84998,1,0.968104222,,,40,1,2019_Oct_10_1251,FaceNameBlocked,3.0.0,60.01647007,
10,FacesBlock1_v2.xlsx,Hannah.mp4,Hannah.JPG,Hannah,1,Հաննահ,0,0,0,0,0,9,9,1,,,,,,,0,2,1.518717683,,,,,,,,,,,,40,1,2019_Oct_10_1251,FaceNameBlocked,3.0.0,60.01647007,
35,FacesBlock2_v2.xlsx,Heather.mp4,Heather.JPG,Heather,26,Հէադհէր,0,1,1,1,0,4,4,11,,,,,,,0,2,0.486205391,,,,,,,,,,,,40,1,2019_Oct_10_1251,FaceNameBlocked,3.0.0,60.01647007,
57,FacesBlock2_v2.xlsx,Heather.mp4,Heather.JPG,Heather,26,Հէադհէր,0,1,1,1,,,,,0,11,11,11,,,,,,,,La,"['lshift', 'l', 'a', 'u', 'r', 'e', 'n', 'backspace', 'backspace', 'backspace', 'backspace', 'backspace', 'backspace', 'backspace', 'lshift', 'l', 'a']","[3.6163819819921628, 3.9503789369482547, 4.167534331907518, 4.250875694910064, 4.36746499594301, 4.433927170932293, 4.46684975293465, 5.716683728969656, 5.883402509964071, 6.0160871099215, 6.149610939901322, 6.515514291008003, 6.63148941390682, 6.782824327936396, 7.231920016929507, 9.732551079941913, 9.89858384791296]",[3.61638,3.61638,1,1.502878839,,,40,1,2019_Oct_10_1251,FaceNameBlocked,3.0.0,60.01647007,
90,FacesBlock3_v2.xlsx,Jacob.mp4,Jacob.JPG,Jacob,39,Ճագոբ,0,2,2,2,,,,,0,14,14,9,,,,,,,,,None,,,,1,0.934725675,,,40,1,2019_Oct_10_1251,FaceNameBlocked,3.0.0,60.01647007,
67,FacesBlock3_v2.xlsx,Jacob.mp4,Jacob.JPG,Jacob,39,Ճագոբ,0,2,2,2,0,6,6,9,,,,,,,1,1,4.10158199,,,,,,,,,,,,40,1,2019_Oct_10_1251,FaceNameBlocked,3.0.0,60.01647007,
113,FacesBlock4_v2.xlsx,Jason.mp4,Jason.JPG,Jason,49,Ճասոն,0,3,3,3,,,,,0,7,7,4,,,,,,,,jacob,"['d', 'e', 'n', 'n', 'i', 's', 'backspace', 'backspace', 'backspace', 'backspace', 'backspace', 'backspace', 'backspace', 'j', 'a', 'c', 'o', 'b']","[4.150760282995179, 4.2504502550000325, 4.400422481936403, 4.550499062985182, 4.7002365089720115, 4.81684232596308, 6.382778735947795, 7.498955590999685, 7.6322825259994715, 7.74825730395969, 7.865666933939792, 7.980908500961959, 8.082331803976558, 8.432945898966864, 8.499351402977481, 8.69918149500154, 8.765235561993904, 8.966101384954527]",[4.15076,4.15076,2,0.982769798,,,40,1,2019_Oct_10_1251,FaceNameBlocked,3.0.0,60.01647007,
103,FacesBlock4_v2.xlsx,Jason.mp4,Jason.JPG,Jason,49,Ճասոն,0,3,3,3,0,12,12,4,,,,,,,0,1,0.969921878,,,,,,,,,,,,40,1,2019_Oct_10_1251,FaceNameBlocked,3.0.0,60.01647007,
27,FacesBlock1_v2.xlsx,Jenna.mp4,Jenna.JPG,Jenna,6,Ճէննա,0,0,0,0,,,,,0,11,11,6,,,,,,,,Mika,"['lshift', 'm', 'i', 'c', 'h', 'a', 'e', 'l', 'backspace', 'backspace', 'backspace', 'e', 'backspace', 'backspace', 'backspace', 'k', 'a']","[2.0677629249403253, 2.3521130109438673, 2.501718785963021, 2.6352406619116664, 2.7182356039993465, 3.9517765529453754, 4.032875081989914, 4.201195437926799, 5.017182371928357, 5.183084411895834, 5.383031806908548, 5.684494754998013, 6.250320155988447, 6.416189383948222, 8.48322143999394, 8.766672112978995, 8.833339946926571]",[2.06776,2.06776,1,0.818650899,,,40,1,2019_Oct_10_1251,FaceNameBlocked,3.0.0,60.01647007,
7,FacesBlock1_v2.xlsx,Jenna.mp4,Jenna.JPG,Jenna,6,Ճէննա,0,0,0,0,0,6,6,6,,,,,,,1,2,0.287052623,,,,,,,,,,,,40,1,2019_Oct_10_1251,FaceNameBlocked,3.0.0,60.01647007,
49,FacesBlock2_v2.xlsx,Jeremy.mp4,Jeremy.JPG,Jeremy,15,Ճէրէմե,0,1,1,1,,,,,0,3,3,0,,,,,,,,,"['lshift', 't', 'r', 'e', 'v', 'backspace', 'backspace', 'backspace', 'backspace']","[3.9501083369832486, 4.218059394042939, 4.484350610990077, 4.551113690016791, 4.684071591007523, 5.049037577002309, 5.216354168951511, 5.316893810988404, 5.4498445260105655]",[3.95010,3.95010,2,1.302338879,,,40,1,2019_Oct_10_1251,FaceNameBlocked,3.0.0,60.01647007,
43,FacesBlock2_v2.xlsx,Jeremy.mp4,Jeremy.JPG,Jeremy,15,Ճէրէմե,0,1,1,1,0,12,12,0,,,,,,,0,1,3.518626036,,,,,,,,,,,,40,1,2019_Oct_10_1251,FaceNameBlocked,3.0.0,60.01647007,
3,FacesBlock1_v2.xlsx,Jessica.mp4,Jessica.JPG,Jessica,8,Ճէսսիգա,0,0,0,0,0,2,2,8,,,,,,,1,2,1.019190717,,,,,,,,,,,,40,1,2019_Oct_10_1251,FaceNameBlocked,3.0.0,60.01647007,
16,FacesBlock1_v2.xlsx,Jessica.mp4,Jessica.JPG,Jessica,8,Ճէսսիգա,0,0,0,0,,,,,0,0,0,8,,,,,,space,18.14574426,Jennifer ,"['lshift', 'j', 'e', 'n', 'n', 'i', 'f', 'e', 'e', 'r', 'backspace', 'backspace', 'r', 'space']","[3.6158348459284753, 3.8008473250083625, 4.000716765993275, 4.483432163950056, 4.8830554590094835, 5.016703687026165, 5.167020465014502, 5.283628517994657, 5.350424238946289, 5.450578317977488, 5.933066911995411, 6.082316827960312, 6.21590173302684, 9.082422045990825]",[3.61583,3.61583,1,0.935507115,,,40,1,2019_Oct_10_1251,FaceNameBlocked,3.0.0,60.01647007,
31,FacesBlock2_v2.xlsx,Josh.mp4,Josh.JPG,Josh,19,Ճոսհ,0,1,1,1,0,0,0,4,,,,,,,0,1,2.019630384,,,,,,,,,,,,40,1,2019_Oct_10_1251,FaceNameBlocked,3.0.0,60.01647007,
46,FacesBlock2_v2.xlsx,Josh.mp4,Josh.JPG,Josh,19,Ճոսհ,0,1,1,1,,,,,0,0,0,4,,,,,,space,10.71532552,,"['lshift', 'm', 'i', 'c', 'h', 'a', 'e', 'l', 'backspace', 'backspace', 'backspace', 'backspace', 'backspace', 'backspace', 'backspace']","[2.1500474989879876, 3.350961896008812, 3.5342125119641423, 3.66778656700626, 3.76732009195257, 3.95086106704548, 4.133838944952004, 4.298632140969858, 5.950744536006823, 7.348627778934315, 7.73167717596516, 7.882143903989345, 7.982077165972441, 8.130792738986202, 8.231699440046214]",[2.15004,2.15004,1,1.501294669,,,40,1,2019_Oct_10_1251,FaceNameBlocked,3.0.0,60.01647007,
8,FacesBlock1_v2.xlsx,Julia.mp4,Julia.JPG,Julia,13,Ճըլիա,0,0,0,0,0,7,7,13,,,,,,,1,2,0.169762571,,,,,,,,,,,,40,1,2019_Oct_10_1251,FaceNameBlocked,3.0.0,60.01647007,
26,FacesBlock1_v2.xlsx,Julia.mp4,Julia.JPG,Julia,13,Ճըլիա,0,0,0,0,,,,,0,10,10,13,,,,,,,,Sonya,"['lshift', 's', 'o', 'n', 'a', 'backspace', 'y', 'a']","[1.4340947100427002, 1.768514133989811, 2.067921160021797, 2.135221631033346, 2.5015885980101302, 2.8338897289941087, 3.1348242949461564, 3.2175570719409734]",[1.43409,1.43409,1,0.752312217,,,40,1,2019_Oct_10_1251,FaceNameBlocked,3.0.0,60.01647007,
60,FacesBlock2_v2.xlsx,Justin.mp4,Justin.JPG,Justin,27,Ճըսդին,0,1,1,1,,,,,0,14,14,12,,,,,,,,Justin,"['lshift', 'j', 'u', 's', 't', 'i', 'n']","[1.2679899260401726, 1.7025163460057229, 1.8523568620439619, 2.0526248960522935, 2.2690951350377873, 2.333717009983957, 2.3855664180591702]",[1.26798,1.26798,4,0.335470045,,,40,1,2019_Oct_10_1251,FaceNameBlocked,3.0.0,60.01647007,
33,FacesBlock2_v2.xlsx,Justin.mp4,Justin.JPG,Justin,27,Ճըսդին,0,1,1,1,0,2,2,12,,,,,,,0,2,0.286435613,,,,,,,,,,,,40,1,2019_Oct_10_1251,FaceNameBlocked,3.0.0,60.01647007,
101,FacesBlock4_v2.xlsx,Katie.mp4,Katie.JPG,Katie,54,Քադիէ,0,3,3,3,0,10,10,9,,,,,,,1,2,1.103765417,,,,,,,,,,,,40,1,2019_Oct_10_1251,FaceNameBlocked,3.0.0,60.01647007,
107,FacesBlock4_v2.xlsx,Katie.mp4,Katie.JPG,Katie,54,Քադիէ,0,3,3,3,,,,,0,1,1,9,,,,,,,,stacy,"['s', 't', 'a', 'c', 'y']","[5.184860386070795, 5.300608469988219, 5.400945216068067, 5.517076931078918, 5.599150285008363]",[5.18486,5.18486,1,0.335335068,,,40,1,2019_Oct_10_1251,FaceNameBlocked,3.0.0,60.01647007,
74,FacesBlock3_v2.xlsx,Kayla.mp4,Kayla.JPG,Kayla,34,Սարահ,0,2,2,2,0,13,13,4,,,,,,,0,2,2.2189485,,,,,,,,,,,,40,1,2019_Oct_10_1251,FaceNameBlocked,3.0.0,60.01647007,
82,FacesBlock3_v2.xlsx,Kayla.mp4,Kayla.JPG,Kayla,34,Սարահ,0,2,2,2,,,,,0,6,6,4,,,,,,,,Nicole,"['lshift', 'n', 'c', 'i', 'backspace', 'backspace', 'i', 'c', 'o', 'e', 'l', 'l', 'backspace', 'backspace', 'backspace', 'l', 'e']","[6.465754501055926, 6.600293676019646, 6.866985357017256, 7.000186096993275, 7.449241977999918, 7.582812981097959, 7.799466020078398, 7.8997897719964385, 7.999665614101104, 8.133058467996307, 8.153194864047691, 8.249720112071373, 8.614966298104264, 8.748839432024397, 8.948374373023398, 9.282723553013057, 9.34916337300092]",[6.46575,6.46575,2,0.851790751,,,40,1,2019_Oct_10_1251,FaceNameBlocked,3.0.0,60.01647007,
4,FacesBlock1_v2.xlsx,Kelsey.mp4,Kelsey.JPG,Kelsey,12,Քէլսէե,0,0,0,0,0,3,3,12,,,,,,,0,2,0.402977904,,,,,,,,,,,,40,1,2019_Oct_10_1251,FaceNameBlocked,3.0.0,60.01647007,
29,FacesBlock1_v2.xlsx,Kelsey.mp4,Kelsey.JPG,Kelsey,12,Քէլսէե,0,0,0,0,,,,,0,13,13,12,,,,,,,,Mackenzie,"['lshift', 'k', 'backspace', 'lshift', 'm', 'a', 'c', 'k', 'e', 'n', 'z', 'i', 'e']","[1.5170614019734785, 1.7353753310162574, 3.3503758059814572, 3.5828876349842176, 3.7158702979795635, 3.9177483670646325, 4.150881513021886, 4.550869976053946, 4.684379269019701, 4.934029889991507, 5.800242584082298, 5.9670012830756605, 6.133644942077808]",[1.51706,1.51706,1,0.83528627,,,40,1,2019_Oct_10_1251,FaceNameBlocked,3.0.0,60.01647007,
70,FacesBlock3_v2.xlsx,Kevin.mp4,Kevin.JPG,Kevin,41,Քէւին,0,2,2,2,0,9,9,11,,,,,,,0,1,2.068604967,,,,,,,,,,,,40,1,2019_Oct_10_1251,FaceNameBlocked,3.0.0,60.01647007,
78,FacesBlock3_v2.xlsx,Kevin.mp4,Kevin.JPG,Kevin,41,Քէւին,0,2,2,2,,,,,0,2,2,11,,,,,,,,,None,,,,2,0.452390059,,,40,1,2019_Oct_10_1251,FaceNameBlocked,3.0.0,60.01647007,
6,FacesBlock1_v2.xlsx,Kyle.mp4,Kyle.JPG,Kyle,4,Քելէ,0,0,0,0,0,5,5,4,,,,,,,1,1,0.202987921,,,,,,,,,,,,40,1,2019_Oct_10_1251,FaceNameBlocked,3.0.0,60.01647007,
17,FacesBlock1_v2.xlsx,Kyle.mp4,Kyle.JPG,Kyle,4,Քելէ,0,0,0,0,,,,,0,1,1,4,,,,,,,,Matthew   ,"['lshift', 'm', 'a', 't', 't', 'h', 'e', 'w', 'space', 'return', 'space', 'space']","[1.517793898936361, 1.7838616078952327, 1.9525216409238055, 2.1524193389341235, 3.718013873905875, 3.9855313278967515, 4.151993167935871, 4.235168455983512, 5.167292063939385, 6.483323299908079, 8.066990123945288, 8.999933838960715]",[1.51779,1.51779,1,2.685001521,,,40,1,2019_Oct_10_1251,FaceNameBlocked,3.0.0,60.01647007,
75,FacesBlock3_v2.xlsx,Lauren.mp4,Lauren.JPG,Lauren,38,Լաըրէն,0,2,2,2,0,14,14,8,,,,,,,0,2,1.419552163,,,,,,,,,,,,40,1,2019_Oct_10_1251,FaceNameBlocked,3.0.0,60.01647007,
85,FacesBlock3_v2.xlsx,Lauren.mp4,Lauren.JPG,Lauren,38,Լաըրէն,0,2,2,2,,,,,0,9,9,8,,,,,,,,Lauren,"['lshift', 'l', 'a', 'u', 'r', 'e', 'n']","[1.9334331860300153, 3.768271220033057, 4.050626985961571, 4.267759019043297, 4.418049562955275, 4.468055384000763, 4.551421700976789]",[1.93343,1.93343,1,0.750431209,,,40,1,2019_Oct_10_1251,FaceNameBlocked,3.0.0,60.01647007,
65,FacesBlock3_v2.xlsx,Mark.mp4,Mark.JPG,Mark,40,Մարք,0,2,2,2,0,4,4,10,,,,,,,1,1,1.369948099,,,,,,,,,,,,40,1,2019_Oct_10_1251,FaceNameBlocked,3.0.0,60.01647007,
89,FacesBlock3_v2.xlsx,Mark.mp4,Mark.JPG,Mark,40,Մարք,0,2,2,2,,,,,0,13,13,10,,,,,,,,Mark,"['lshift', 'm', 'a', 'r', 'k']","[1.0672791720135137, 1.2186570740304887, 1.4515239890897647, 1.6351152770221233, 1.7520196080440655]",[1.06727,1.06727,4,0.385585419,,,40,1,2019_Oct_10_1251,FaceNameBlocked,3.0.0,60.01647007,
25,FacesBlock1_v2.xlsx,Matthew.mp4,Matthew.JPG,Matthew,9,Մադդհէվ,0,0,0,0,,,,,0,9,9,9,,,,,,,,Andrew,"['lshift', 'm', 'e', 'backspace', 'backspace', 'lshift', 'a', 'n', 'd', 'r', 'e', 'w']","[1.6667326260358095, 3.665611761971377, 4.367544944980182, 4.766372857033275, 4.916475309990346, 5.532189885037951, 6.416293628979474, 7.0831382480682805, 7.232067591045052, 7.4662957260152325, 7.71593084896449, 7.798824444995262]",[1.66673,1.66673,1,0.900096041,,,40,1,2019_Oct_10_1251,FaceNameBlocked,3.0.0,60.01647007,
1,FacesBlock1_v2.xlsx,Matthew.mp4,Matthew.JPG,Matthew,9,Մադդհէվ,0,0,0,0,0,0,0,9,,,,,,,0,1,7.117359625,,,,,,,,,,,,40,1,2019_Oct_10_1251,FaceNameBlocked,3.0.0,60.01647007,
56,FacesBlock2_v2.xlsx,Megan.mp4,Megan.JPG,Megan,25,Մէկան,0,1,1,1,,,,,0,10,10,10,,,,,,,,Lauren,"['lshift', 'l', 'a', 'u', 'r', 'e', 'n']","[2.0841753700515255, 2.2015104360179976, 2.4346865949919447, 2.50129620404914, 2.6180718389805406, 2.6848515609744936, 2.734062239062041]",[2.08417,2.08417,2,0.984912117,,,40,1,2019_Oct_10_1251,FaceNameBlocked,3.0.0,60.01647007,
32,FacesBlock2_v2.xlsx,Megan.mp4,Megan.JPG,Megan,25,Մէկան,0,1,1,1,0,1,1,10,,,,,,,1,2,0.45280559,,,,,,,,,,,,40,1,2019_Oct_10_1251,FaceNameBlocked,3.0.0,60.01647007,
105,FacesBlock4_v2.xlsx,Michael.mp4,Michael.JPG,Michael,46,Միգհաէլ,0,3,3,3,0,14,14,1,,,,,,,1,1,0.985762165,,,,,,,,,,,,40,1,2019_Oct_10_1251,FaceNameBlocked,3.0.0,60.01647007,
114,FacesBlock4_v2.xlsx,Michael.mp4,Michael.JPG,Michael,46,Միգհաէլ,0,3,3,3,,,,,0,8,8,1,,,,,,,,dylan,"['d', 'y', 'l', 'a', 'n']","[4.36761989002116, 4.582202777033672, 4.900504566030577, 5.050877304049209, 5.182394594070502]",[4.36761,4.36761,1,0.951388638,,,40,1,2019_Oct_10_1251,FaceNameBlocked,3.0.0,60.01647007,
119,FacesBlock4_v2.xlsx,Michelle.mp4,Michelle.JPG,Michelle,52,Միգհէլլէ,0,3,3,3,,,,,0,13,13,7,,,,,,,,,None,,,,1,0.401850164,,,40,1,2019_Oct_10_1251,FaceNameBlocked,3.0.0,60.01647007,
100,FacesBlock4_v2.xlsx,Michelle.mp4,Michelle.JPG,Michelle,52,Միգհէլլէ,0,3,3,3,0,9,9,7,,,,,,,0,2,1.136084036,,,,,,,,,,,,40,1,2019_Oct_10_1251,FaceNameBlocked,3.0.0,60.01647007,
9,FacesBlock1_v2.xlsx,Natalie.mp4,Natalie.JPG,Natalie,7,Նադալիէ,0,0,0,0,0,8,8,7,,,,,,,1,2,0.252918955,,,,,,,,,,,,40,1,2019_Oct_10_1251,FaceNameBlocked,3.0.0,60.01647007,
19,FacesBlock1_v2.xlsx,Natalie.mp4,Natalie.JPG,Natalie,7,Նադալիէ,0,0,0,0,,,,,0,3,3,7,,,,,,,,Jessica  ,"['lshift', 'j', 'backspace', 'lshift', 'j', 'e', 's', 's', 'i', 'c', 'a', 'return', 'space', 'space', 'return']","[1.483924510073848, 2.1187024880200624, 2.817732183029875, 3.366739821038209, 3.7014247310580686, 3.984403837006539, 4.218075465061702, 4.351250349078327, 4.4511954170884565, 4.651444638031535, 4.700959180016071, 5.117167922086082, 5.532141256029718, 6.317135045072064, 7.066665938007645]",[1.48392,1.48392,2,0.518822683,,,40,1,2019_Oct_10_1251,FaceNameBlocked,3.0.0,60.01647007,
73,FacesBlock3_v2.xlsx,Nathan.mp4,Nathan.JPG,Nathan,37,Նադհան,0,2,2,2,0,12,12,7,,,,,,,1,1,2.619007128,,,,,,,,,,,,40,1,2019_Oct_10_1251,FaceNameBlocked,3.0.0,60.01647007,
86,FacesBlock3_v2.xlsx,Nathan.mp4,Nathan.JPG,Nathan,37,Նադհան,0,2,2,2,,,,,0,10,10,7,,,,,,,,Kevi,"['lshift', 'k', 'e', 'i', 'n', 'backspace', 'backspace', 'v', 'i', 'n', 'backspace']","[6.432566142990254, 6.583599983947352, 6.8005284069804475, 7.05080577195622, 7.099811594001949, 7.4158420249586925, 7.550018655019812, 7.666976887965575, 7.783848625025712, 7.831723895971663, 9.532741263974458]",[6.43256,6.43256,1,0.669045795,,,40,1,2019_Oct_10_1251,FaceNameBlocked,3.0.0,60.01647007,
80,FacesBlock3_v2.xlsx,Nicole.mp4,Nicole.JPG,Nicole,43,Նիգոլէ,0,2,2,2,,,,,0,4,4,13,,,,,,,,Nicole,"['lshift', 'n', 'i', 'c', 'o', 'l', 'e']","[1.2001010320382193, 1.3021919360617176, 1.4350799859967083, 2.3015910940011963, 2.451704751001671, 2.6519223420182243, 2.7516102669760585]",[1.20010,1.20010,3,1.48552314,,,40,1,2019_Oct_10_1251,FaceNameBlocked,3.0.0,60.01647007,
69,FacesBlock3_v2.xlsx,Nicole.mp4,Nicole.JPG,Nicole,43,Նիգոլէ,0,2,2,2,0,8,8,13,,,,,,,0,2,1.219431374,,,,,,,,,,,,40,1,2019_Oct_10_1251,FaceNameBlocked,3.0.0,60.01647007,
64,FacesBlock3_v2.xlsx,Noah.mp4,Noah.JPG,Noah,31,Նոահ,0,2,2,2,0,3,3,1,,,,,,,1,1,0.516002475,,,,,,,,,,,,40,1,2019_Oct_10_1251,FaceNameBlocked,3.0.0,60.01647007,
88,FacesBlock3_v2.xlsx,Noah.mp4,Noah.JPG,Noah,31,Նոահ,0,2,2,2,,,,,0,12,12,1,,,,,,,,,None,,,,1,1.185603618,,,40,1,2019_Oct_10_1251,FaceNameBlocked,3.0.0,60.01647007,
71,FacesBlock3_v2.xlsx,Olivia.mp4,Olivia.JPG,Olivia,35,Ոլիւիա,0,2,2,2,0,10,10,5,,,,,,,0,2,1.485575413,,,,,,,,,,,,40,1,2019_Oct_10_1251,FaceNameBlocked,3.0.0,60.01647007,
87,FacesBlock3_v2.xlsx,Olivia.mp4,Olivia.JPG,Olivia,35,Ոլիւիա,0,2,2,2,,,,,0,11,11,5,,,,,,,,,None,,,,1,0.802502013,,,40,1,2019_Oct_10_1251,FaceNameBlocked,3.0.0,60.01647007,
34,FacesBlock2_v2.xlsx,Rachel.mp4,Rachel.JPG,Rachel,29,Րագհէլ,0,1,1,1,0,3,3,14,,,,,,,0,2,0.236367406,,,,,,,,,,,,40,1,2019_Oct_10_1251,FaceNameBlocked,3.0.0,60.01647007,
55,FacesBlock2_v2.xlsx,Rachel.mp4,Rachel.JPG,Rachel,29,Րագհէլ,0,1,1,1,,,,,0,9,9,14,,,,,,,,Lauren,"['lshift', 'lshift', 'l', 'a', 'u', 'r', 'e', 'n']","[2.3325412700651214, 3.5990114379674196, 5.8168981010094285, 6.099710203008726, 6.200033567030914, 6.382894822047092, 6.433267423999496, 6.515807106974535]",[2.33254,2.33254,1,0.418690057,,,40,1,2019_Oct_10_1251,FaceNameBlocked,3.0.0,60.01647007,
84,FacesBlock3_v2.xlsx,Rebecca.mp4,Rebecca.JPG,Rebecca,32,Րէբէգգա,0,2,2,2,,,,,0,8,8,2,,,,,,,,Olivia,"['lshift', 'o', 'l', 'i', 'v', 'i', 'a']","[1.0835153759690002, 1.418342972989194, 1.6183625919511542, 1.8018500809557736, 1.9177396990125999, 2.0009857170516625, 2.1342163380468264]",[1.08351,1.08351,3,1.551361228,,,40,1,2019_Oct_10_1251,FaceNameBlocked,3.0.0,60.01647007,
72,FacesBlock3_v2.xlsx,Rebecca.mp4,Rebecca.JPG,Rebecca,32,Րէբէգգա,0,2,2,2,0,11,11,2,,,,,,,1,2,1.985828748,,,,,,,,,,,,40,1,2019_Oct_10_1251,FaceNameBlocked,3.0.0,60.01647007,
81,FacesBlock3_v2.xlsx,Sarah.mp4,Sarah.JPG,Sarah,33,Սարահ,0,2,2,2,,,,,0,5,5,3,,,,,,,,Lauren,"['lshift', 'l', 'a', 'u', 'r', 'e', 'n']","[4.78294023394119, 9.099348351941444, 9.332608558936045, 9.482407770003192, 9.648990100016817, 9.732389651006088, 9.831887734006159]",[4.78294,4.78294,2,0.851481861,,,40,1,2019_Oct_10_1251,FaceNameBlocked,3.0.0,60.01647007,
68,FacesBlock3_v2.xlsx,Sarah.mp4,Sarah.JPG,Sarah,33,Սարահ,0,2,2,2,0,7,7,3,,,,,,,0,2,4.068471196,,,,,,,,,,,,40,1,2019_Oct_10_1251,FaceNameBlocked,3.0.0,60.01647007,
61,FacesBlock3_v2.xlsx,Shelby.mp4,Shelby.JPG,Shelby,36,Սհէլբե,0,2,2,2,0,0,0,6,,,,,,,1,2,1.486231294,,,,,,,,,,,,40,1,2019_Oct_10_1251,FaceNameBlocked,3.0.0,60.01647007,
79,FacesBlock3_v2.xlsx,Shelby.mp4,Shelby.JPG,Shelby,36,Սհէլբե,0,2,2,2,,,,,0,3,3,6,,,,,,,,Lauren,"['lshift', 'l', 'a', 'u', 'r', 'e', 'n']","[2.3174724449636415, 2.501347584067844, 2.7682985300198197, 2.9186445850646123, 3.0179799220059067, 3.0680557360174134, 3.168638429022394]",[2.31747,2.31747,3,1.01860836,,,40,1,2019_Oct_10_1251,FaceNameBlocked,3.0.0,60.01647007,
58,FacesBlock2_v2.xlsx,Steven.mp4,Steven.JPG,Steven,17,Սդէւէն,0,1,1,1,,,,,0,12,12,2,,,,,,,,Steven,"['lshift', 's', 't', 'e', 'v', 'e', 'n']","[0.9176440979354084, 1.2351067889248952, 1.3852544389665127, 1.502035895944573, 1.5689585669897497, 1.6519950159126893, 1.768645073985681]",[0.91764,0.91764,4,0.383078506,,,40,1,2019_Oct_10_1251,FaceNameBlocked,3.0.0,60.01647007,
40,FacesBlock2_v2.xlsx,Steven.mp4,Steven.JPG,Steven,17,Սդէւէն,0,1,1,1,0,9,9,2,,,,,,,0,1,0.75314113,,,,,,,,,,,,40,1,2019_Oct_10_1251,FaceNameBlocked,3.0.0,60.01647007,
108,FacesBlock4_v2.xlsx,Taylor.mp4,Taylor.JPG,Taylor,45,Դաելոր,0,3,3,3,,,,,0,2,2,0,,,,,,,,,None,,,,1,0.468963608,,,40,1,2019_Oct_10_1251,FaceNameBlocked,3.0.0,60.01647007,
99,FacesBlock4_v2.xlsx,Taylor.mp4,Taylor.JPG,Taylor,45,Դաելոր,0,3,3,3,0,8,8,0,,,,,,,0,2,1.085936417,,,,,,,,,,,,40,1,2019_Oct_10_1251,FaceNameBlocked,3.0.0,60.01647007,
62,FacesBlock3_v2.xlsx,Thomas.mp4,Thomas.JPG,Thomas,44,Դհոմաս,0,2,2,2,0,1,1,14,,,,,,,0,1,0.335839994,,,,,,,,,,,,40,1,2019_Oct_10_1251,FaceNameBlocked,3.0.0,60.01647007,
77,FacesBlock3_v2.xlsx,Thomas.mp4,Thomas.JPG,Thomas,44,Դհոմաս,0,2,2,2,,,,,0,1,1,14,,,,,,,,Noah,"['lshift', 'n', 'o', 'h', 'backspace', 'a', 'h']","[2.767126854043454, 2.9852150779915974, 3.1684989569475874, 3.4016015109373257, 3.7007241880055517, 3.8515049120178446, 3.9845367539674044]",[2.76712,2.76712,4,2.18450462,,,40,1,2019_Oct_10_1251,FaceNameBlocked,3.0.0,60.01647007,
18,FacesBlock1_v2.xlsx,Timothy.mp4,Timothy.JPG,Timothy,10,Դիմոդհե,0,0,0,0,,,,,0,2,2,10,,,,,,,,Ethan ,"['lshift', 'e', 't', 'h', 'a', 'n', 'space']","[1.2171372820157558, 1.4852152140811086, 1.7018839720403776, 1.8848293930059299, 1.9676581580424681, 2.3514020870206878, 3.467049207072705]",[1.21713,1.21713,4,0.85228467,,,40,1,2019_Oct_10_1251,FaceNameBlocked,3.0.0,60.01647007,
5,FacesBlock1_v2.xlsx,Timothy.mp4,Timothy.JPG,Timothy,10,Դիմոդհե,0,0,0,0,0,4,4,10,,,,,,,1,1,0.302278416,,,,,,,,,,,,40,1,2019_Oct_10_1251,FaceNameBlocked,3.0.0,60.01647007,
53,FacesBlock2_v2.xlsx,Trevor.mp4,Trevor.JPG,Trevor,21,Դրէւոր,0,1,1,1,,,,,0,7,7,6,,,,,,,,Trevor,"['lshift', 't', 'r', 'e', 'v', 'o', 'r']","[1.0175840080482885, 1.1856447900645435, 1.334998539998196, 1.4853573940927163, 1.685099981026724, 1.8354071211069822, 1.9686422810191289]",[1.01758,1.01758,4,0.51684774,,,40,1,2019_Oct_10_1251,FaceNameBlocked,3.0.0,60.01647007,
41,FacesBlock2_v2.xlsx,Trevor.mp4,Trevor.JPG,Trevor,21,Դրէւոր,0,1,1,1,0,10,10,6,,,,,,,1,1,0.252897664,,,,,,,,,,,,40,1,2019_Oct_10_1251,FaceNameBlocked,3.0.0,60.01647007,
45,FacesBlock2_v2.xlsx,Tyler.mp4,Tyler.JPG,Tyler,22,Դելէր,0,1,1,1,0,14,14,7,,,,,,,1,1,0.752847503,,,,,,,,,,,,40,1,2019_Oct_10_1251,FaceNameBlocked,3.0.0,60.01647007,
51,FacesBlock2_v2.xlsx,Tyler.mp4,Tyler.JPG,Tyler,22,Դելէր,0,1,1,1,,,,,0,5,5,7,,,,,,,,,None,,,,2,0.96864382,,,40,1,2019_Oct_10_1251,FaceNameBlocked,3.0.0,60.01647007,
0,,,,,,,,,,,,,,,,,,,space,28.42849256,,,,,,,,,,,,,,,40,1,2019_Oct_10_1251,FaceNameBlocked,3.0.0,60.01647007,
121,,,,,,,,,,,,,,,,,,,,,,,,,,,,,,,,,space,3.184721173,40,1,2019_Oct_10_1251,FaceNameBlocked,3.0.0,60.01647007,