,condsFile,Video,Photo,Name,Row,Name2,blocks.thisRepN,blocks.thisTrialN,blocks.thisN,blocks.thisIndex,presentations.thisRepN,presentations.thisTrialN,presentations.thisN,presentations.thisIndex,testing.thisRepN,testing.thisTrialN,testing.thisN,testing.thisIndex,advance_1.keys,advance_1.rt,currentCond,judgementResp.keys,judgementResp.rt,advance_2.keys,advance_2.rt,inputText,key_resp_3.keys,rating_resp.keys,rating_resp.rt,key_resp_3.rt,,key_resp3_fin,end_key.keys,end_key.rt,participant,session,date,expName,psychopyVersion,frameRate,Unnamed: 38
50,FacesBlock2_v2.xlsx,Aaron.mp4,Aaron.JPG,Aaron,18,Աարոն,0,1,1,1,,,,,0,4,4,3,,,,,,,,erin,"['e', 'r', 'i', 'n']",1,1.20195483,"[2.801310834940523, 2.9844322910066694, 3.0514990229858086, 3.250994420959614]",[2.80131,2.80131,,,41,1,2019_Oct_10_1341,FaceNameBlocked,3.0.0,60.01887449,
40,FacesBlock2_v2.xlsx,Aaron.mp4,Aaron.JPG,Aaron,18,Աարոն,0,1,1,1,0,9,9,3,,,,,,,1,1,1.352756032,,,,,,,,,,,,41,1,2019_Oct_10_1341,FaceNameBlocked,3.0.0,60.01887449,
27,FacesBlock1_v2.xlsx,Adam.mp4,Adam.JPG,Adam,5,Ատամ,0,0,0,0,,,,,0,11,11,5,,,,,,,,,None,1,1.119343308,,,,,,41,1,2019_Oct_10_1341,FaceNameBlocked,3.0.0,60.01887449,
7,FacesBlock1_v2.xlsx,Adam.mp4,Adam.JPG,Adam,5,Ատամ,0,0,0,0,0,6,6,5,,,,,,,0,1,1.918883036,,,,,,,,,,,,41,1,2019_Oct_10_1341,FaceNameBlocked,3.0.0,60.01887449,
115,FacesBlock4_v2.xlsx,Alyssa.mp4,Alyssa.JPG,Alyssa,55,Ալեսսա,0,3,3,3,,,,,0,9,9,10,,,,,,,,emily,"['e', 'm', 'i', 'l', 'y']",1,1.451118716,"[2.1684583850437775, 2.4018884380348027, 2.601055072969757, 2.8665256360545754, 3.0346234849421307]",[2.16845,2.16845,,,41,1,2019_Oct_10_1341,FaceNameBlocked,3.0.0,60.01887449,
92,FacesBlock4_v2.xlsx,Alyssa.mp4,Alyssa.JPG,Alyssa,55,Ալեսսա,0,3,3,3,0,1,1,10,,,,,,,0,2,1.552323643,,,,,,,,,,,,41,1,2019_Oct_10_1341,FaceNameBlocked,3.0.0,60.01887449,
12,FacesBlock1_v2.xlsx,Amanda.mp4,Amanda.JPG,Amanda,2,Ամանտա,0,0,0,0,0,11,11,2,,,,,,,1,2,2.285542629,,,,,,,,,,,,41,1,2019_Oct_10_1341,FaceNameBlocked,3.0.0,60.01887449,
20,FacesBlock1_v2.xlsx,Amanda.mp4,Amanda.JPG,Amanda,2,Ամանտա,0,0,0,0,,,,,0,4,4,2,,,,,,,,natalie,"['n', 'a', 't', 'a', 'l', 'i', 'e']",1,0.702038166,"[2.167950768955052, 2.318113073008135, 2.600873743998818, 2.801209745928645, 2.9346711969701573, 3.135103321983479, 3.4513402259908617]",[2.16795,2.16795,,,41,1,2019_Oct_10_1341,FaceNameBlocked,3.0.0,60.01887449,
105,FacesBlock4_v2.xlsx,Andrew.mp4,Andrew.JPG,Andrew,51,Անտրէվ,0,3,3,3,0,14,14,6,,,,,,,0,1,0.802757986,,,,,,,,,,,,41,1,2019_Oct_10_1341,FaceNameBlocked,3.0.0,60.01887449,
117,FacesBlock4_v2.xlsx,Andrew.mp4,Andrew.JPG,Andrew,51,Անտրէվ,0,3,3,3,,,,,0,11,11,6,,,,,,,,micheal,"['m', 'i', 'c', 'h', 'r', 'backspace', 'e', 'a', 'l']",1,1.269005063,"[5.3178337319986895, 5.651105704950169, 5.8825492459582165, 6.034264907008037, 6.3510136569384485, 6.816849373979494, 6.9339994919719175, 7.183955668006092, 7.333964335964993]",[5.31783,5.31783,,,41,1,2019_Oct_10_1341,FaceNameBlocked,3.0.0,60.01887449,
93,FacesBlock4_v2.xlsx,Anna.mp4,Anna.JPG,Anna,47,Աննա,0,3,3,3,0,2,2,2,,,,,,,1,2,2.885279399,,,,,,,,,,,,41,1,2019_Oct_10_1341,FaceNameBlocked,3.0.0,60.01887449,
111,FacesBlock4_v2.xlsx,Anna.mp4,Anna.JPG,Anna,47,Աննա,0,3,3,3,,,,,0,5,5,2,,,,,,,,anna,"['a', 'n', 'n', 'a']",2,1.451027105,"[7.650207394035533, 8.132811411982402, 8.25015685101971, 8.399952488020062]",[7.65020,7.65020,,,41,1,2019_Oct_10_1341,FaceNameBlocked,3.0.0,60.01887449,
54,FacesBlock2_v2.xlsx,Ashley.mp4,Ashley.JPG,Ashley,24,Ասհլէե,0,1,1,1,,,,,0,8,8,9,,,,,,,,ashley,"['a', 's', 'h', 'l', 'e', 'y']",3,1.151807329,"[3.001553521025926, 3.1687904809368774, 3.235429384978488, 3.418268156936392, 3.601820035954006, 3.751988096977584]",[3.00155,3.00155,,,41,1,2019_Oct_10_1341,FaceNameBlocked,3.0.0,60.01887449,
35,FacesBlock2_v2.xlsx,Ashley.mp4,Ashley.JPG,Ashley,24,Ասհլէե,0,1,1,1,0,4,4,9,,,,,,,0,2,1.435671732,,,,,,,,,,,,41,1,2019_Oct_10_1341,FaceNameBlocked,3.0.0,60.01887449,
11,FacesBlock1_v2.xlsx,Bradley.mp4,Bradley.JPG,Bradley,14,Բրատլէե,0,0,0,0,0,10,10,14,,,,,,,1,1,2.085578476,,,,,,,,,,,,41,1,2019_Oct_10_1341,FaceNameBlocked,3.0.0,60.01887449,
28,FacesBlock1_v2.xlsx,Bradley.mp4,Bradley.JPG,Bradley,14,Բրատլէե,0,0,0,0,,,,,0,12,12,14,,,,,,,,n,"['e', 'r', 'i', 'n', 'backspace', 'backspace', 'backspace', 'backspace', 'backspace', 'n']",1,1.318484322,"[4.400872190017253, 4.550393811077811, 4.733594930963591, 4.933065523044206, 8.781622107024305, 8.964524292037822, 9.098213388002478, 9.198465203051455, 9.348070589010604, 9.831307879067026]",[4.40087,4.40087,,,41,1,2019_Oct_10_1341,FaceNameBlocked,3.0.0,60.01887449,
103,FacesBlock4_v2.xlsx,Brandon.mp4,Brandon.JPG,Brandon,56,Բրանտոն,0,3,3,3,0,12,12,11,,,,,,,0,1,2.935833912,,,,,,,,,,,,41,1,2019_Oct_10_1341,FaceNameBlocked,3.0.0,60.01887449,
112,FacesBlock4_v2.xlsx,Brandon.mp4,Brandon.JPG,Brandon,56,Բրանտոն,0,3,3,3,,,,,0,6,6,11,,,,,,,,jason,"['j', 'a', 's', 'o', 'n']",2,1.052036927,"[5.800061697955243, 6.0330199339659885, 6.183907954022288, 6.300586621044204, 6.450027929036878]",[5.80006,5.80006,,,41,1,2019_Oct_10_1341,FaceNameBlocked,3.0.0,60.01887449,
101,FacesBlock4_v2.xlsx,Brian.mp4,Brian.JPG,Brian,53,Բրիան,0,3,3,3,0,10,10,8,,,,,,,0,1,1.435701794,,,,,,,,,,,,41,1,2019_Oct_10_1341,FaceNameBlocked,3.0.0,60.01887449,
113,FacesBlock4_v2.xlsx,Brian.mp4,Brian.JPG,Brian,53,Բրիան,0,3,3,3,,,,,0,7,7,8,,,,,,,,mark,"['m', 'a', 'r', 'k']",1,1.251966699,"[6.733673512935638, 6.866998531972058, 7.300089190946892, 8.09979751193896]",[6.73367,6.73367,,,41,1,2019_Oct_10_1341,FaceNameBlocked,3.0.0,60.01887449,
91,FacesBlock4_v2.xlsx,Brianna.mp4,Brianna.JPG,Brianna,48,Բրիաննա,0,3,3,3,0,0,0,3,,,,,,,1,2,2.43642059,,,,,,,,,,,,41,1,2019_Oct_10_1341,FaceNameBlocked,3.0.0,60.01887449,
110,FacesBlock4_v2.xlsx,Brianna.mp4,Brianna.JPG,Brianna,48,Բրիաննա,0,3,3,3,,,,,0,4,4,3,,,,,,,,emily,"['e', 'm', 'i', 'l', 'y']",1,1.216263566,"[3.3179599379654974, 3.5010630839969963, 3.666994650964625, 3.934007868054323, 4.550075948005542]",[3.31795,3.31795,,,41,1,2019_Oct_10_1341,FaceNameBlocked,3.0.0,60.01887449,
42,FacesBlock2_v2.xlsx,Brittany.mp4,Brittany.JPG,Brittany,28,Բրիդդանե,0,1,1,1,0,11,11,13,,,,,,,1,2,1.686286254,,,,,,,,,,,,41,1,2019_Oct_10_1341,FaceNameBlocked,3.0.0,60.01887449,
57,FacesBlock2_v2.xlsx,Brittany.mp4,Brittany.JPG,Brittany,28,Բրիդդանե,0,1,1,1,,,,,0,11,11,13,,,,,,,,brittany,"['b', 'r', 'i', 't', 't', 'a', 'n', 'y']",1,0.651827507,"[3.4841199389193207, 3.6685605419334024, 3.934634167002514, 4.450851091998629, 4.667262670933269, 4.866600728943013, 5.166384383919649, 5.500795188941993]",[3.48411,3.48411,,,41,1,2019_Oct_10_1341,FaceNameBlocked,3.0.0,60.01887449,
96,FacesBlock4_v2.xlsx,Caleb.mp4,Caleb.JPG,Caleb,59,Գալէբ,0,3,3,3,0,5,5,14,,,,,,,1,1,1.569235146,,,,,,,,,,,,41,1,2019_Oct_10_1341,FaceNameBlocked,3.0.0,60.01887449,
114,FacesBlock4_v2.xlsx,Caleb.mp4,Caleb.JPG,Caleb,59,Գալէբ,0,3,3,3,,,,,0,8,8,14,,,,,,,,caleb,"['c', 'a', 'l', 'e', 'b']",1,0.868952744,"[4.650029266951606, 4.900307095958851, 5.11729291989468, 5.317357313935645, 5.483564539928921]",[4.65002,4.65002,,,41,1,2019_Oct_10_1341,FaceNameBlocked,3.0.0,60.01887449,
51,FacesBlock2_v2.xlsx,Cody.mp4,Cody.JPG,Cody,23,Գոտե,0,1,1,1,,,,,0,5,5,8,,,,,,,,erin,"['e', 'r', 'i', 'n']",1,0.45176488,"[5.217926496057771, 5.351087850052863, 5.55139640707057, 5.767514578066766]",[5.21792,5.21792,,,41,1,2019_Oct_10_1341,FaceNameBlocked,3.0.0,60.01887449,
36,FacesBlock2_v2.xlsx,Cody.mp4,Cody.JPG,Cody,23,Գոտե,0,1,1,1,0,5,5,8,,,,,,,1,1,1.202098773,,,,,,,,,,,,41,1,2019_Oct_10_1341,FaceNameBlocked,3.0.0,60.01887449,
85,FacesBlock3_v2.xlsx,Courtney.mp4,Courtney.JPG,Courtney,42,Գոըրդնէե,0,2,2,2,,,,,0,9,9,12,,,,,,,,courtney,"['c', 'o', 'u', 'r', 't', 'n', 'e', 'y']",4,1.65179182,"[1.5691202779999003, 1.8689461869653314, 2.035484849009663, 2.185441349982284, 2.818558141007088, 3.0018471659859642, 3.135839264956303, 3.451765059027821]",[1.56912,1.56912,,,41,1,2019_Oct_10_1341,FaceNameBlocked,3.0.0,60.01887449,
71,FacesBlock3_v2.xlsx,Courtney.mp4,Courtney.JPG,Courtney,42,Գոըրդնէե,0,2,2,2,0,10,10,12,,,,,,,0,2,1.35233881,,,,,,,,,,,,41,1,2019_Oct_10_1341,FaceNameBlocked,3.0.0,60.01887449,
79,FacesBlock3_v2.xlsx,Daniel.mp4,Daniel.JPG,Daniel,30,Տանիէլ,0,2,2,2,,,,,0,3,3,0,,,,,,,,jacob,"['j', 'a', 'c', 'o', 'b']",1,1.018596335,"[4.067995783057995, 4.234306811005808, 4.417844525072724, 4.551044263062067, 4.7510424830252305]",[4.06799,4.06799,,,41,1,2019_Oct_10_1341,FaceNameBlocked,3.0.0,60.01887449,
61,FacesBlock3_v2.xlsx,Daniel.mp4,Daniel.JPG,Daniel,30,Տանիէլ,0,2,2,2,0,0,0,0,,,,,,,1,1,1.569485389,,,,,,,,,,,,41,1,2019_Oct_10_1341,FaceNameBlocked,3.0.0,60.01887449,
10,FacesBlock1_v2.xlsx,Danielle.mp4,Danielle.JPG,Danielle,3,Տանիէլլէ,0,0,0,0,0,9,9,3,,,,,,,1,2,0.71946148,,,,,,,,,,,,41,1,2019_Oct_10_1341,FaceNameBlocked,3.0.0,60.01887449,
21,FacesBlock1_v2.xlsx,Danielle.mp4,Danielle.JPG,Danielle,3,Տանիէլլէ,0,0,0,0,,,,,0,5,5,3,,,,,,,,ericka,"['e', 'r', 'i', 'c', 'k', 'a']",1,1.418573324,"[8.18328683602158, 8.366057027014904, 8.516454864060506, 9.016269444022328, 9.249682490015402, 9.782247703056782]",[8.18328,8.18328,,,41,1,2019_Oct_10_1341,FaceNameBlocked,3.0.0,60.01887449,
53,FacesBlock2_v2.xlsx,David.mp4,David.JPG,David,16,Տաւիտ,0,1,1,1,,,,,0,7,7,1,,,,,,,,mike,"['m', 'i', 'k', 'e']",1,1.13336175,"[7.966339539038017, 8.132765216054395, 8.348852841067128, 8.516319724032655]",[7.96633,7.96633,,,41,1,2019_Oct_10_1341,FaceNameBlocked,3.0.0,60.01887449,
31,FacesBlock2_v2.xlsx,David.mp4,David.JPG,David,16,Տաւիտ,0,1,1,1,0,0,0,1,,,,,,,1,1,4.898742372,,,,,,,,,,,,41,1,2019_Oct_10_1341,FaceNameBlocked,3.0.0,60.01887449,
116,FacesBlock4_v2.xlsx,Dylan.mp4,Dylan.JPG,Dylan,50,Տելան,0,3,3,3,,,,,0,10,10,5,,,,,,,,,None,1,1.369259933,,,,,,41,1,2019_Oct_10_1341,FaceNameBlocked,3.0.0,60.01887449,
99,FacesBlock4_v2.xlsx,Dylan.mp4,Dylan.JPG,Dylan,50,Տելան,0,3,3,3,0,8,8,5,,,,,,,1,1,1.450676289,,,,,,,,,,,,41,1,2019_Oct_10_1341,FaceNameBlocked,3.0.0,60.01887449,
120,FacesBlock4_v2.xlsx,Emily.mp4,Emily.JPG,Emily,57,Էմիլե,0,3,3,3,,,,,0,14,14,12,,,,,,,,hannah,"['h', 'a', 'n', 'n', 'a', 'h']",1,1.468641177,"[3.25183601398021, 3.4183139000087976, 3.5347050670534372, 3.6996588989859447, 3.801404649973847, 3.9019346160348505]",[3.25183,3.25183,,,41,1,2019_Oct_10_1341,FaceNameBlocked,3.0.0,60.01887449,
104,FacesBlock4_v2.xlsx,Emily.mp4,Emily.JPG,Emily,57,Էմիլե,0,3,3,3,0,13,13,12,,,,,,,0,2,0.852241025,,,,,,,,,,,,41,1,2019_Oct_10_1341,FaceNameBlocked,3.0.0,60.01887449,
29,FacesBlock1_v2.xlsx,Eric.mp4,Eric.JPG,Eric,0,Էրիգ,0,0,0,0,,,,,0,13,13,0,,,,,,,,micheal,"['m', 'i', 'c', 'h', 'e', 'a', 'l']",1,1.135943644,"[5.48373465705663, 5.666724959039129, 5.699905456975102, 6.0167109770700336, 6.133666289970279, 6.315949809970334, 6.566458977991715]",[5.48373,5.48373,,,41,1,2019_Oct_10_1341,FaceNameBlocked,3.0.0,60.01887449,
15,FacesBlock1_v2.xlsx,Eric.mp4,Eric.JPG,Eric,0,Էրիգ,0,0,0,0,0,14,14,0,,,,,,,1,1,1.418532571,,,,,,,,,,,,41,1,2019_Oct_10_1341,FaceNameBlocked,3.0.0,60.01887449,
4,FacesBlock1_v2.xlsx,Ethan.mp4,Ethan.JPG,Ethan,11,Էդհան,0,0,0,0,0,3,3,11,,,,,,,1,1,2.019102128,,,,,,,,,,,,41,1,2019_Oct_10_1341,FaceNameBlocked,3.0.0,60.01887449,
17,FacesBlock1_v2.xlsx,Ethan.mp4,Ethan.JPG,Ethan,11,Էդհան,0,0,0,0,,,,,0,1,1,11,,,,,,,,erin,"['e', 'r', 'i', 'c', 'backspace', 'n']",2,1.501123636,"[2.1022986409952864, 2.5185911590233445, 2.7686362660024315, 2.952014815993607, 5.134021984995343, 5.701339247985743]",[2.10229,2.10229,,,41,1,2019_Oct_10_1341,FaceNameBlocked,3.0.0,60.01887449,
98,FacesBlock4_v2.xlsx,Grace.mp4,Grace.JPG,Grace,58,Կրագէ,0,3,3,3,0,7,7,13,,,,,,,0,2,2.285359146,,,,,,,,,,,,41,1,2019_Oct_10_1341,FaceNameBlocked,3.0.0,60.01887449,
107,FacesBlock4_v2.xlsx,Grace.mp4,Grace.JPG,Grace,58,Կրագէ,0,3,3,3,,,,,0,1,1,13,,,,,,,,grace,"['g', 'r', 'a', 'c', 'e']",3,1.05181438,"[2.183401370071806, 2.499332626000978, 2.682884144014679, 2.8334839870221913, 2.9832969220587984]",[2.18340,2.18340,,,41,1,2019_Oct_10_1341,FaceNameBlocked,3.0.0,60.01887449,
60,FacesBlock2_v2.xlsx,Haley.mp4,Haley.JPG,Haley,20,Հալէե,0,1,1,1,,,,,0,14,14,5,,,,,,,,joj,"['j', 'o', 'e', 'l', 'backspace', 'backspace', 'e', 'backspace', 'j']",1,1.635445173,"[2.7349704960361123, 2.9349705390632153, 3.1845247839810327, 4.051234489073977, 4.867221385007724, 5.0669258770067245, 6.248820996028371, 9.264623524970375, 9.864211341016926]",[2.73497,2.73497,,,41,1,2019_Oct_10_1341,FaceNameBlocked,3.0.0,60.01887449,
37,FacesBlock2_v2.xlsx,Haley.mp4,Haley.JPG,Haley,20,Հալէե,0,1,1,1,0,6,6,5,,,,,,,0,2,1.219450618,,,,,,,,,,,,41,1,2019_Oct_10_1341,FaceNameBlocked,3.0.0,60.01887449,
25,FacesBlock1_v2.xlsx,Hannah.mp4,Hannah.JPG,Hannah,1,Հաննահ,0,0,0,0,,,,,0,9,9,1,,,,,,,,,None,1,1.901280082,,,,,,41,1,2019_Oct_10_1341,FaceNameBlocked,3.0.0,60.01887449,
14,FacesBlock1_v2.xlsx,Hannah.mp4,Hannah.JPG,Hannah,1,Հաննահ,0,0,0,0,0,13,13,1,,,,,,,0,2,1.869354427,,,,,,,,,,,,41,1,2019_Oct_10_1341,FaceNameBlocked,3.0.0,60.01887449,
59,FacesBlock2_v2.xlsx,Heather.mp4,Heather.JPG,Heather,26,Հէադհէր,0,1,1,1,,,,,0,13,13,11,,,,,,,,heather,"['h', 'e', 'a', 't', 'h', 'e', 'r']",4,1.202080919,"[1.468325293972157, 1.9174331419635564, 2.0682815599720925, 2.2841140889795497, 2.4508520420640707, 2.5846532069845125, 2.7344280179822817]",[1.46832,1.46832,,,41,1,2019_Oct_10_1341,FaceNameBlocked,3.0.0,60.01887449,
38,FacesBlock2_v2.xlsx,Heather.mp4,Heather.JPG,Heather,26,Հէադհէր,0,1,1,1,0,7,7,11,,,,,,,1,2,0.736971563,,,,,,,,,,,,41,1,2019_Oct_10_1341,FaceNameBlocked,3.0.0,60.01887449,
62,FacesBlock3_v2.xlsx,Jacob.mp4,Jacob.JPG,Jacob,39,Ճագոբ,0,2,2,2,0,1,1,9,,,,,,,1,1,2.28567834,,,,,,,,,,,,41,1,2019_Oct_10_1341,FaceNameBlocked,3.0.0,60.01887449,
81,FacesBlock3_v2.xlsx,Jacob.mp4,Jacob.JPG,Jacob,39,Ճագոբ,0,2,2,2,,,,,0,5,5,9,,,,,,,,,None,1,1.26873819,,,,,,41,1,2019_Oct_10_1341,FaceNameBlocked,3.0.0,60.01887449,
95,FacesBlock4_v2.xlsx,Jason.mp4,Jason.JPG,Jason,49,Ճասոն,0,3,3,3,0,4,4,4,,,,,,,0,1,1.85284405,,,,,,,,,,,,41,1,2019_Oct_10_1341,FaceNameBlocked,3.0.0,60.01887449,
119,FacesBlock4_v2.xlsx,Jason.mp4,Jason.JPG,Jason,49,Ճասոն,0,3,3,3,,,,,0,13,13,4,,,,,,,,jason,"['c', 'backspace', 'j', 'a', 's', 'o', 'n']",2,1.435345317,"[2.968218934023753, 4.53325118299108, 5.317521561984904, 5.500414188019931, 5.700594324967824, 5.8506984589621425, 6.017202027956955]",[2.96821,2.96821,,,41,1,2019_Oct_10_1341,FaceNameBlocked,3.0.0,60.01887449,
1,FacesBlock1_v2.xlsx,Jenna.mp4,Jenna.JPG,Jenna,6,Ճէննա,0,0,0,0,0,0,0,6,,,,,,,0,2,51.20238814,,,,,,,,,,,,41,1,2019_Oct_10_1341,FaceNameBlocked,3.0.0,60.01887449,
18,FacesBlock1_v2.xlsx,Jenna.mp4,Jenna.JPG,Jenna,6,Ճէննա,0,0,0,0,,,,,0,2,2,6,,,,,,,,janelle,"['j', 'a', 'n', 'e', 'l', 'l', 'e']",1,1.335370725,"[2.733814348001033, 2.9671760899946094, 3.1841479629511014, 3.6489906349452212, 3.951228357036598, 4.100638460018672, 4.300625595031306]",[2.73381,2.73381,,,41,1,2019_Oct_10_1341,FaceNameBlocked,3.0.0,60.01887449,
34,FacesBlock2_v2.xlsx,Jeremy.mp4,Jeremy.JPG,Jeremy,15,Ճէրէմե,0,1,1,1,0,3,3,0,,,,,,,1,1,2.585322653,,,,,,,,,,,,41,1,2019_Oct_10_1341,FaceNameBlocked,3.0.0,60.01887449,
49,FacesBlock2_v2.xlsx,Jeremy.mp4,Jeremy.JPG,Jeremy,15,Ճէրէմե,0,1,1,1,,,,,0,3,3,0,,,,,,,,rick,"['r', 'i', 'c', 'k']",1,1.251458927,"[3.3512873389991, 3.5175784160383046, 3.667401012033224, 3.81817028101068]",[3.35128,3.35128,,,41,1,2019_Oct_10_1341,FaceNameBlocked,3.0.0,60.01887449,
24,FacesBlock1_v2.xlsx,Jessica.mp4,Jessica.JPG,Jessica,8,Ճէսսիգա,0,0,0,0,,,,,0,8,8,8,,,,,,,,natalie,"['n', 'a', 't', 'a', 'l', 'i', 'e']",1,0.852149292,"[7.366204814054072, 7.500337998964824, 8.515491415048018, 8.64921303105075, 8.747440855018795, 8.916057707974687, 9.06596687308047]",[7.36620,7.36620,,,41,1,2019_Oct_10_1341,FaceNameBlocked,3.0.0,60.01887449,
5,FacesBlock1_v2.xlsx,Jessica.mp4,Jessica.JPG,Jessica,8,Ճէսսիգա,0,0,0,0,0,4,4,8,,,,,,,1,2,1.985396203,,,,,,,,,,,,41,1,2019_Oct_10_1341,FaceNameBlocked,3.0.0,60.01887449,
52,FacesBlock2_v2.xlsx,Josh.mp4,Josh.JPG,Josh,19,Ճոսհ,0,1,1,1,,,,,0,6,6,4,,,,,,,,josh,"['j', 'o', 's', 'h']",4,1.468130574,"[2.7346053529763594, 2.8827049139654264, 3.068103626021184, 3.1845866900403053]",[2.73460,2.73460,,,41,1,2019_Oct_10_1341,FaceNameBlocked,3.0.0,60.01887449,
32,FacesBlock2_v2.xlsx,Josh.mp4,Josh.JPG,Josh,19,Ճոսհ,0,1,1,1,0,1,1,4,,,,,,,0,1,1.119261496,,,,,,,,,,,,41,1,2019_Oct_10_1341,FaceNameBlocked,3.0.0,60.01887449,
23,FacesBlock1_v2.xlsx,Julia.mp4,Julia.JPG,Julia,13,Ճըլիա,0,0,0,0,,,,,0,7,7,13,,,,,,,,,None,1,1.001652228,,,,,,41,1,2019_Oct_10_1341,FaceNameBlocked,3.0.0,60.01887449,
8,FacesBlock1_v2.xlsx,Julia.mp4,Julia.JPG,Julia,13,Ճըլիա,0,0,0,0,0,7,7,13,,,,,,,1,2,1.685677765,,,,,,,,,,,,41,1,2019_Oct_10_1341,FaceNameBlocked,3.0.0,60.01887449,
56,FacesBlock2_v2.xlsx,Justin.mp4,Justin.JPG,Justin,27,Ճըսդին,0,1,1,1,,,,,0,10,10,12,,,,,,,,paul,"['p', 'a', 'u', 'l']",1,1.185104933,"[3.268137214006856, 3.385382325039245, 3.5346070440718904, 3.7854186210315675]",[3.26813,3.26813,,,41,1,2019_Oct_10_1341,FaceNameBlocked,3.0.0,60.01887449,
43,FacesBlock2_v2.xlsx,Justin.mp4,Justin.JPG,Justin,27,Ճըսդին,0,1,1,1,0,12,12,12,,,,,,,0,1,1.41941098,,,,,,,,,,,,41,1,2019_Oct_10_1341,FaceNameBlocked,3.0.0,60.01887449,
100,FacesBlock4_v2.xlsx,Katie.mp4,Katie.JPG,Katie,54,Քադիէ,0,3,3,3,0,9,9,9,,,,,,,1,2,1.649530318,,,,,,,,,,,,41,1,2019_Oct_10_1341,FaceNameBlocked,3.0.0,60.01887449,
106,FacesBlock4_v2.xlsx,Katie.mp4,Katie.JPG,Katie,54,Քադիէ,0,3,3,3,,,,,0,0,0,9,,,,,,space,5.33305699,nicole,"['n', 'i', 'c', 'o', 'l', 'e']",1,1.068546246,"[2.1347374009201303, 2.5343538569286466, 2.701115702977404, 2.965827754000202, 3.1844226620160043, 3.367285385960713]",[2.13473,2.13473,,,41,1,2019_Oct_10_1341,FaceNameBlocked,3.0.0,60.01887449,
73,FacesBlock3_v2.xlsx,Kayla.mp4,Kayla.JPG,Kayla,34,Սարահ,0,2,2,2,0,12,12,4,,,,,,,1,2,3.186111721,,,,,,,,,,,,41,1,2019_Oct_10_1341,FaceNameBlocked,3.0.0,60.01887449,
84,FacesBlock3_v2.xlsx,Kayla.mp4,Kayla.JPG,Kayla,34,Սարահ,0,2,2,2,,,,,0,8,8,4,,,,,,,,,None,1,1.268225927,,,,,,41,1,2019_Oct_10_1341,FaceNameBlocked,3.0.0,60.01887449,
3,FacesBlock1_v2.xlsx,Kelsey.mp4,Kelsey.JPG,Kelsey,12,Քէլսէե,0,0,0,0,0,2,2,12,,,,,,,0,2,1.469330749,,,,,,,,,,,,41,1,2019_Oct_10_1341,FaceNameBlocked,3.0.0,60.01887449,
22,FacesBlock1_v2.xlsx,Kelsey.mp4,Kelsey.JPG,Kelsey,12,Քէլսէե,0,0,0,0,,,,,0,6,6,12,,,,,,,,sara,"['s', 'a', 'r', 'a']",1,0.751164628,"[6.134059222997166, 6.266625254997052, 6.448085542069748, 6.5503383540781215]",[6.13405,6.13405,,,41,1,2019_Oct_10_1341,FaceNameBlocked,3.0.0,60.01887449,
74,FacesBlock3_v2.xlsx,Kevin.mp4,Kevin.JPG,Kevin,41,Քէւին,0,2,2,2,0,13,13,11,,,,,,,1,1,0.95347646,,,,,,,,,,,,41,1,2019_Oct_10_1341,FaceNameBlocked,3.0.0,60.01887449,
88,FacesBlock3_v2.xlsx,Kevin.mp4,Kevin.JPG,Kevin,41,Քէւին,0,2,2,2,,,,,0,12,12,11,,,,,,,,erin,"['e', 'r', 'i', 'n']",1,0.385471089,"[3.9175385450944304, 4.067423515021801, 4.266868012025952, 4.467196754994802]",[3.91753,3.91753,,,41,1,2019_Oct_10_1341,FaceNameBlocked,3.0.0,60.01887449,
6,FacesBlock1_v2.xlsx,Kyle.mp4,Kyle.JPG,Kyle,4,Քելէ,0,0,0,0,0,5,5,4,,,,,,,1,1,2.218058334,,,,,,,,,,,,41,1,2019_Oct_10_1341,FaceNameBlocked,3.0.0,60.01887449,
30,FacesBlock1_v2.xlsx,Kyle.mp4,Kyle.JPG,Kyle,4,Քելէ,0,0,0,0,,,,,0,14,14,4,,,,,,,,roger,"['r', 'o', 'g', 'e', 'r']",1,1.002026069,"[5.233299402985722, 5.383710433961824, 5.550301741925068, 5.66769505594857, 5.783607139019296]",[5.23329,5.23329,,,41,1,2019_Oct_10_1341,FaceNameBlocked,3.0.0,60.01887449,
69,FacesBlock3_v2.xlsx,Lauren.mp4,Lauren.JPG,Lauren,38,Լաըրէն,0,2,2,2,0,8,8,8,,,,,,,1,2,6.617691664,,,,,,,,,,,,41,1,2019_Oct_10_1341,FaceNameBlocked,3.0.0,60.01887449,
90,FacesBlock3_v2.xlsx,Lauren.mp4,Lauren.JPG,Lauren,38,Լաըրէն,0,2,2,2,,,,,0,14,14,8,,,,,,,,emily,"['e', 'm', 'i', 'l', 'y']",1,0.318784501,"[2.6845974680036306, 2.967744198977016, 3.151430226978846, 3.367361907963641, 3.500578964012675]",[2.68459,2.68459,,,41,1,2019_Oct_10_1341,FaceNameBlocked,3.0.0,60.01887449,
77,FacesBlock3_v2.xlsx,Mark.mp4,Mark.JPG,Mark,40,Մարք,0,2,2,2,,,,,0,1,1,10,,,,,,,,mark,"['m', 'a', 'r', 'k']",3,1.685229364,"[4.084362903959118, 4.251084806979634, 4.517441927921027, 4.734002314973623]",[4.08436,4.08436,,,41,1,2019_Oct_10_1341,FaceNameBlocked,3.0.0,60.01887449,
68,FacesBlock3_v2.xlsx,Mark.mp4,Mark.JPG,Mark,40,Մարք,0,2,2,2,0,7,7,10,,,,,,,1,1,1.602730121,,,,,,,,,,,,41,1,2019_Oct_10_1341,FaceNameBlocked,3.0.0,60.01887449,
19,FacesBlock1_v2.xlsx,Matthew.mp4,Matthew.JPG,Matthew,9,Մադդհէվ,0,0,0,0,,,,,0,3,3,9,,,,,,,,micheal,"['m', 'i', 'c', 'h', 'e', 'a', 'l']",1,1.051677204,"[2.602057339041494, 2.834655571030453, 3.0019832940306515, 3.1849774869624525, 3.3350953690242022, 3.6344865090213716, 3.8016074179904535]",[2.60205,2.60205,,,41,1,2019_Oct_10_1341,FaceNameBlocked,3.0.0,60.01887449,
13,FacesBlock1_v2.xlsx,Matthew.mp4,Matthew.JPG,Matthew,9,Մադդհէվ,0,0,0,0,0,12,12,9,,,,,,,0,1,1.300273649,,,,,,,,,,,,41,1,2019_Oct_10_1341,FaceNameBlocked,3.0.0,60.01887449,
39,FacesBlock2_v2.xlsx,Megan.mp4,Megan.JPG,Megan,25,Մէկան,0,1,1,1,0,8,8,10,,,,,,,0,2,1.368311357,,,,,,,,,,,,41,1,2019_Oct_10_1341,FaceNameBlocked,3.0.0,60.01887449,
47,FacesBlock2_v2.xlsx,Megan.mp4,Megan.JPG,Megan,25,Մէկան,0,1,1,1,,,,,0,1,1,10,,,,,,,,julia,"['j', 'u', 'l', 'i', 'a']",1,0.835145845,"[4.167590606957674, 4.467127555981278, 4.967306752922013, 5.166564129991457, 5.916171655990183]",[4.16759,4.16759,,,41,1,2019_Oct_10_1341,FaceNameBlocked,3.0.0,60.01887449,
102,FacesBlock4_v2.xlsx,Michael.mp4,Michael.JPG,Michael,46,Միգհաէլ,0,3,3,3,0,11,11,1,,,,,,,0,1,1.036114903,,,,,,,,,,,,41,1,2019_Oct_10_1341,FaceNameBlocked,3.0.0,60.01887449,
118,FacesBlock4_v2.xlsx,Michael.mp4,Michael.JPG,Michael,46,Միգհաէլ,0,3,3,3,,,,,0,12,12,1,,,,,,,,,None,1,1.318760646,,,,,,41,1,2019_Oct_10_1341,FaceNameBlocked,3.0.0,60.01887449,
94,FacesBlock4_v2.xlsx,Michelle.mp4,Michelle.JPG,Michelle,52,Միգհէլլէ,0,3,3,3,0,3,3,7,,,,,,,1,2,2.002262935,,,,,,,,,,,,41,1,2019_Oct_10_1341,FaceNameBlocked,3.0.0,60.01887449,
109,FacesBlock4_v2.xlsx,Michelle.mp4,Michelle.JPG,Michelle,52,Միգհէլլէ,0,3,3,3,,,,,0,3,3,7,,,,,,,,michelle,"['m', 'i', 'c', 'h', 'e', 'l', 'l', 'e']",1,0.568846978,"[6.366669537965208, 6.517015188932419, 6.7166934999404475, 6.883331386954524, 7.000252278987318, 7.3667360009858385, 7.499202188919298, 7.615800725994632]",[6.36666,6.36666,,,41,1,2019_Oct_10_1341,FaceNameBlocked,3.0.0,60.01887449,
16,FacesBlock1_v2.xlsx,Natalie.mp4,Natalie.JPG,Natalie,7,Նադալիէ,0,0,0,0,,,,,0,0,0,7,,,,,,space,30.89130725,,None,1,7.083478752,,,,,,41,1,2019_Oct_10_1341,FaceNameBlocked,3.0.0,60.01887449,
9,FacesBlock1_v2.xlsx,Natalie.mp4,Natalie.JPG,Natalie,7,Նադալիէ,0,0,0,0,0,8,8,7,,,,,,,0,2,1.269779818,,,,,,,,,,,,41,1,2019_Oct_10_1341,FaceNameBlocked,3.0.0,60.01887449,
65,FacesBlock3_v2.xlsx,Nathan.mp4,Nathan.JPG,Nathan,37,Նադհան,0,2,2,2,0,4,4,7,,,,,,,0,1,1.668188221,,,,,,,,,,,,41,1,2019_Oct_10_1341,FaceNameBlocked,3.0.0,60.01887449,
87,FacesBlock3_v2.xlsx,Nathan.mp4,Nathan.JPG,Nathan,37,Նադհան,0,2,2,2,,,,,0,11,11,7,,,,,,,,nathan,"['t', 'h', 'o', 'm', 'a', 's', 'backspace', 'backspace', 'backspace', 'backspace', 'backspace', 'backspace', 'n', 'a', 't', 'h', 'a', 'n']",3,1.434402823,"[5.532381676021032, 5.716792503953911, 5.884269541944377, 6.084400727995671, 6.200938383000903, 6.417568480945192, 7.316581972991116, 7.449276858009398, 7.566473381011747, 7.683129307930358, 7.816518877982162, 7.9162811730057, 8.500101394020021, 8.60001363302581, 8.833210058975965, 8.966342465952039, 9.133409542031586, 9.199857817962766]",[5.53238,5.53238,,,41,1,2019_Oct_10_1341,FaceNameBlocked,3.0.0,60.01887449,
67,FacesBlock3_v2.xlsx,Nicole.mp4,Nicole.JPG,Nicole,43,Նիգոլէ,0,2,2,2,0,6,6,13,,,,,,,1,2,2.83609089,,,,,,,,,,,,41,1,2019_Oct_10_1341,FaceNameBlocked,3.0.0,60.01887449,
83,FacesBlock3_v2.xlsx,Nicole.mp4,Nicole.JPG,Nicole,43,Նիգոլէ,0,2,2,2,,,,,0,7,7,13,,,,,,,,,None,1,1.135385083,,,,,,41,1,2019_Oct_10_1341,FaceNameBlocked,3.0.0,60.01887449,
66,FacesBlock3_v2.xlsx,Noah.mp4,Noah.JPG,Noah,31,Նոահ,0,2,2,2,0,5,5,1,,,,,,,0,1,2.151821772,,,,,,,,,,,,41,1,2019_Oct_10_1341,FaceNameBlocked,3.0.0,60.01887449,
82,FacesBlock3_v2.xlsx,Noah.mp4,Noah.JPG,Noah,31,Նոահ,0,2,2,2,,,,,0,6,6,1,,,,,,,,,"['t', 'h', 'o', 'm', 'a', 's', 'backspace', 'backspace', 'backspace', 'backspace', 'backspace', 'backspace']",1,0.835384622,"[4.417387599940412, 4.61724599392619, 4.833572607953101, 6.182974020950496, 6.433185826987028, 6.783223427948542, 7.282344108913094, 7.449416729970835, 7.582373508019373, 7.732301536947489, 7.882394865970127, 8.215345764998347]",[4.41738,4.41738,,,41,1,2019_Oct_10_1341,FaceNameBlocked,3.0.0,60.01887449,
80,FacesBlock3_v2.xlsx,Olivia.mp4,Olivia.JPG,Olivia,35,Ոլիւիա,0,2,2,2,,,,,0,4,4,5,,,,,,,,olivia,"['o', 'l', 'i', 'v', 'i', 'a']",3,0.402060323,"[1.951488584978506, 2.1513101250166073, 2.334682372980751, 2.9512088840128854, 3.100303433020599, 3.2340019929688424]",[1.95148,1.95148,,,41,1,2019_Oct_10_1341,FaceNameBlocked,3.0.0,60.01887449,
75,FacesBlock3_v2.xlsx,Olivia.mp4,Olivia.JPG,Olivia,35,Ոլիւիա,0,2,2,2,0,14,14,5,,,,,,,0,2,2.635497085,,,,,,,,,,,,41,1,2019_Oct_10_1341,FaceNameBlocked,3.0.0,60.01887449,
58,FacesBlock2_v2.xlsx,Rachel.mp4,Rachel.JPG,Rachel,29,Րագհէլ,0,1,1,1,,,,,0,12,12,14,,,,,,,,sopho,"['s', 'o', 'p', 'h', 'backspace', 'backspace', 'p', 'h', 'o', 'i', 'a', 'backspace', 'backspace']",1,1.251962457,"[5.8676817460218444, 6.183981399983168, 6.204962654039264, 6.6004494009539485, 7.399835043004714, 7.5497045499505475, 8.716574070975184, 8.966470165993087, 9.25149069703184, 9.449973735027015, 9.748366585932672, 9.865825116983615]",[5.86768,5.86768,,,41,1,2019_Oct_10_1341,FaceNameBlocked,3.0.0,60.01887449,
41,FacesBlock2_v2.xlsx,Rachel.mp4,Rachel.JPG,Rachel,29,Րագհէլ,0,1,1,1,0,10,10,14,,,,,,,0,2,1.352657996,,,,,,,,,,,,41,1,2019_Oct_10_1341,FaceNameBlocked,3.0.0,60.01887449,
70,FacesBlock3_v2.xlsx,Rebecca.mp4,Rebecca.JPG,Rebecca,32,Րէբէգգա,0,2,2,2,0,9,9,2,,,,,,,0,2,1.169143597,,,,,,,,,,,,41,1,2019_Oct_10_1341,FaceNameBlocked,3.0.0,60.01887449,
86,FacesBlock3_v2.xlsx,Rebecca.mp4,Rebecca.JPG,Rebecca,32,Րէբէգգա,0,2,2,2,,,,,0,10,10,2,,,,,,,,em,"['e', 'm', 'i', 'backspace', 'm', 'a', 'backspace', 'i', 'backspace', 'backspace']",1,2.05077509,"[3.0008725851075724, 3.1842194490600377, 3.717033580993302, 4.450015571084805, 5.399653326021507, 5.783371358062141, 9.014912954065949, 9.2489679150749, 9.631538656074554, 9.781458726036362]",[3.00087,3.00087,,,41,1,2019_Oct_10_1341,FaceNameBlocked,3.0.0,60.01887449,
72,FacesBlock3_v2.xlsx,Sarah.mp4,Sarah.JPG,Sarah,33,Սարահ,0,2,2,2,0,11,11,3,,,,,,,1,2,1.95283828,,,,,,,,,,,,41,1,2019_Oct_10_1341,FaceNameBlocked,3.0.0,60.01887449,
78,FacesBlock3_v2.xlsx,Sarah.mp4,Sarah.JPG,Sarah,33,Սարահ,0,2,2,2,,,,,0,2,2,3,,,,,,,,anna,"['a', 'n', 'n', 'a']",1,0.868792824,"[5.831514728022739, 6.033208188018762, 6.199215415050276, 6.31655792798847]",[5.83151,5.83151,,,41,1,2019_Oct_10_1341,FaceNameBlocked,3.0.0,60.01887449,
76,FacesBlock3_v2.xlsx,Shelby.mp4,Shelby.JPG,Shelby,36,Սհէլբե,0,2,2,2,,,,,0,0,0,6,,,,,,space,13.58128254,shelby,"['s', 'h', 'e', 'l', 'b', 'y']",4,1.435018586,"[1.801919599995017, 1.9359376670327038, 2.0852400979492813, 2.2351887190015987, 2.9348845309577882, 3.48463968699798]",[1.80191,1.80191,,,41,1,2019_Oct_10_1341,FaceNameBlocked,3.0.0,60.01887449,
63,FacesBlock3_v2.xlsx,Shelby.mp4,Shelby.JPG,Shelby,36,Սհէլբե,0,2,2,2,0,2,2,6,,,,,,,0,2,2.302103647,,,,,,,,,,,,41,1,2019_Oct_10_1341,FaceNameBlocked,3.0.0,60.01887449,
44,FacesBlock2_v2.xlsx,Steven.mp4,Steven.JPG,Steven,17,Սդէւէն,0,1,1,1,0,13,13,2,,,,,,,0,1,1.102498922,,,,,,,,,,,,41,1,2019_Oct_10_1341,FaceNameBlocked,3.0.0,60.01887449,
46,FacesBlock2_v2.xlsx,Steven.mp4,Steven.JPG,Steven,17,Սդէւէն,0,1,1,1,,,,,0,0,0,2,,,,,,space,8.132663702,erin,"['e', 'r', 'i', 'n']",1,1.06609878,"[4.215600739000365, 4.817476726952009, 5.950362005038187, 6.3662514929892495]",[4.21560,4.21560,,,41,1,2019_Oct_10_1341,FaceNameBlocked,3.0.0,60.01887449,
97,FacesBlock4_v2.xlsx,Taylor.mp4,Taylor.JPG,Taylor,45,Դաելոր,0,3,3,3,0,6,6,0,,,,,,,1,2,1.835155262,,,,,,,,,,,,41,1,2019_Oct_10_1341,FaceNameBlocked,3.0.0,60.01887449,
108,FacesBlock4_v2.xlsx,Taylor.mp4,Taylor.JPG,Taylor,45,Դաելոր,0,3,3,3,,,,,0,2,2,0,,,,,,,,taylor,"['t', 'a', 'y', 'l', 'o', 'r']",3,1.401402491,"[5.9670988279394805, 6.134281096979976, 6.317164295935072, 6.6000440049683675, 6.833603809936903, 7.0334209370194]",[5.96709,5.96709,,,41,1,2019_Oct_10_1341,FaceNameBlocked,3.0.0,60.01887449,
64,FacesBlock3_v2.xlsx,Thomas.mp4,Thomas.JPG,Thomas,44,Դհոմաս,0,2,2,2,0,3,3,14,,,,,,,0,1,1.785760593,,,,,,,,,,,,41,1,2019_Oct_10_1341,FaceNameBlocked,3.0.0,60.01887449,
89,FacesBlock3_v2.xlsx,Thomas.mp4,Thomas.JPG,Thomas,44,Դհոմաս,0,2,2,2,,,,,0,13,13,14,,,,,,,,thomas,"['t', 'h', 'o', 'm', 'a', 's']",2,0.885179734,"[1.869232036988251, 2.0021725269034505, 2.568081376957707, 3.700973324943334, 3.8182846968993545, 4.001648788922466]",[1.86923,1.86923,,,41,1,2019_Oct_10_1341,FaceNameBlocked,3.0.0,60.01887449,
2,FacesBlock1_v2.xlsx,Timothy.mp4,Timothy.JPG,Timothy,10,Դիմոդհե,0,0,0,0,0,1,1,10,,,,,,,0,1,2.035686969,,,,,,,,,,,,41,1,2019_Oct_10_1341,FaceNameBlocked,3.0.0,60.01887449,
26,FacesBlock1_v2.xlsx,Timothy.mp4,Timothy.JPG,Timothy,10,Դիմոդհե,0,0,0,0,,,,,0,10,10,10,,,,,,,,erik,"['e', 'r', 'i', 'c', 'k', 'backspace', 'backspace', 'k']",1,0.633458974,"[3.6342710430035368, 3.81563092302531, 4.067655976046808, 4.217513308045454, 4.384296525036916, 5.433037344017066, 5.599514133064076, 6.150321985012852]",[3.63427,3.63427,,,41,1,2019_Oct_10_1341,FaceNameBlocked,3.0.0,60.01887449,
55,FacesBlock2_v2.xlsx,Trevor.mp4,Trevor.JPG,Trevor,21,Դրէւոր,0,1,1,1,,,,,0,9,9,6,,,,,,,,simon,"['s', 'i', 'm', 'o', 'n']",1,1.268684234,"[4.866380830993876, 5.0515460659516975, 5.500942823942751, 5.701218539965339, 5.917360218940303]",[4.86638,4.86638,,,41,1,2019_Oct_10_1341,FaceNameBlocked,3.0.0,60.01887449,
45,FacesBlock2_v2.xlsx,Trevor.mp4,Trevor.JPG,Trevor,21,Դրէւոր,0,1,1,1,0,14,14,6,,,,,,,0,1,1.636697961,,,,,,,,,,,,41,1,2019_Oct_10_1341,FaceNameBlocked,3.0.0,60.01887449,
33,FacesBlock2_v2.xlsx,Tyler.mp4,Tyler.JPG,Tyler,22,Դելէր,0,1,1,1,0,2,2,7,,,,,,,1,1,4.551727458,,,,,,,,,,,,41,1,2019_Oct_10_1341,FaceNameBlocked,3.0.0,60.01887449,
48,FacesBlock2_v2.xlsx,Tyler.mp4,Tyler.JPG,Tyler,22,Դելէր,0,1,1,1,,,,,0,2,2,7,,,,,,,,paul,"['p', 'a', 'u', 'l']",1,1.25162134,"[2.334428071975708, 2.534964844933711, 2.701218171045184, 2.949714730028063]",[2.33442,2.33442,,,41,1,2019_Oct_10_1341,FaceNameBlocked,3.0.0,60.01887449,
0,,,,,,,,,,,,,,,,,,,space,44.27215975,,,,,,,,,,,,,,,41,1,2019_Oct_10_1341,FaceNameBlocked,3.0.0,60.01887449,
121,,,,,,,,,,,,,,,,,,,,,,,,,,,,,,,,,space,2.683847325,41,1,2019_Oct_10_1341,FaceNameBlocked,3.0.0,60.01887449,