,condsFile,Video,Photo,Name,Row,Name2,blocks.thisRepN,blocks.thisTrialN,blocks.thisN,blocks.thisIndex,presentations.thisRepN,presentations.thisTrialN,presentations.thisN,presentations.thisIndex,testing.thisRepN,testing.thisTrialN,testing.thisN,testing.thisIndex,advance_1.keys,advance_1.rt,currentCond,judgementResp.keys,judgementResp.rt,advance_2.keys,advance_2.rt,inputText,key_resp_3.keys,rating_resp.keys,rating_resp.rt,key_resp_3.rt,,key_resp3_fin,end_key.keys,end_key.rt,participant,session,date,expName,psychopyVersion,frameRate,Unnamed: 38
52,FacesBlock2_v2.xlsx,Aaron.mp4,Aaron.JPG,Aaron,18,Աարոն,0,1,1,1,,,,,0,6,6,3,,,,,,,,,"['i', 'd', 'k', 'backspace', 'backspace', 'backspace']",1,0.285626365,"[4.218363666906953, 4.301980922929943, 4.451486417790875, 4.6508552639279515, 4.866637362865731, 5.150731110945344]",[4.21836,4.21836,,,42,1,2019_Oct_15_1504,FaceNameBlocked,3.0.0,60.02345114,
36,FacesBlock2_v2.xlsx,Aaron.mp4,Aaron.JPG,Aaron,18,Աարոն,0,1,1,1,0,5,5,3,,,,,,,1,1,1.118935336,,,,,,,,,,,,42,1,2019_Oct_15_1504,FaceNameBlocked,3.0.0,60.02345114,
21,FacesBlock1_v2.xlsx,Adam.mp4,Adam.JPG,Adam,5,Ատամ,0,0,0,0,,,,,0,5,5,5,,,,,,,,,None,1,0.268631052,,,,,,42,1,2019_Oct_15_1504,FaceNameBlocked,3.0.0,60.02345114,
12,FacesBlock1_v2.xlsx,Adam.mp4,Adam.JPG,Adam,5,Ատամ,0,0,0,0,0,11,11,5,,,,,,,1,1,0.819482594,,,,,,,,,,,,42,1,2019_Oct_15_1504,FaceNameBlocked,3.0.0,60.02345114,
93,FacesBlock4_v2.xlsx,Alyssa.mp4,Alyssa.JPG,Alyssa,55,Ալեսսա,0,3,3,3,0,2,2,10,,,,,,,0,2,0.985562818,,,,,,,,,,,,42,1,2019_Oct_15_1504,FaceNameBlocked,3.0.0,60.02345114,
114,FacesBlock4_v2.xlsx,Alyssa.mp4,Alyssa.JPG,Alyssa,55,Ալեսսա,0,3,3,3,,,,,0,8,8,10,,,,,,,,,None,1,0.285579451,,,,,,42,1,2019_Oct_15_1504,FaceNameBlocked,3.0.0,60.02345114,
20,FacesBlock1_v2.xlsx,Amanda.mp4,Amanda.JPG,Amanda,2,Ամանտա,0,0,0,0,,,,,0,4,4,2,,,,,,,,,None,1,0.352589561,,,,,,42,1,2019_Oct_15_1504,FaceNameBlocked,3.0.0,60.02345114,
11,FacesBlock1_v2.xlsx,Amanda.mp4,Amanda.JPG,Amanda,2,Ամանտա,0,0,0,0,0,10,10,2,,,,,,,1,2,0.36969994,,,,,,,,,,,,42,1,2019_Oct_15_1504,FaceNameBlocked,3.0.0,60.02345114,
105,FacesBlock4_v2.xlsx,Andrew.mp4,Andrew.JPG,Andrew,51,Անտրէվ,0,3,3,3,0,14,14,6,,,,,,,1,1,0.469500958,,,,,,,,,,,,42,1,2019_Oct_15_1504,FaceNameBlocked,3.0.0,60.02345114,
110,FacesBlock4_v2.xlsx,Andrew.mp4,Andrew.JPG,Andrew,51,Անտրէվ,0,3,3,3,,,,,0,4,4,6,,,,,,,,,None,1,0.335402387,,,,,,42,1,2019_Oct_15_1504,FaceNameBlocked,3.0.0,60.02345114,
99,FacesBlock4_v2.xlsx,Anna.mp4,Anna.JPG,Anna,47,Աննա,0,3,3,3,0,8,8,2,,,,,,,1,2,0.836062131,,,,,,,,,,,,42,1,2019_Oct_15_1504,FaceNameBlocked,3.0.0,60.02345114,
117,FacesBlock4_v2.xlsx,Anna.mp4,Anna.JPG,Anna,47,Աննա,0,3,3,3,,,,,0,11,11,2,,,,,,,,,None,1,0.302392984,,,,,,42,1,2019_Oct_15_1504,FaceNameBlocked,3.0.0,60.02345114,
58,FacesBlock2_v2.xlsx,Ashley.mp4,Ashley.JPG,Ashley,24,Ասհլէե,0,1,1,1,,,,,0,12,12,9,,,,,,,,,None,1,0.36858112,,,,,,42,1,2019_Oct_15_1504,FaceNameBlocked,3.0.0,60.02345114,
37,FacesBlock2_v2.xlsx,Ashley.mp4,Ashley.JPG,Ashley,24,Ասհլէե,0,1,1,1,0,6,6,9,,,,,,,0,2,0.886164291,,,,,,,,,,,,42,1,2019_Oct_15_1504,FaceNameBlocked,3.0.0,60.02345114,
18,FacesBlock1_v2.xlsx,Bradley.mp4,Bradley.JPG,Bradley,14,Բրատլէե,0,0,0,0,,,,,0,2,2,14,,,,,,,,,None,1,0.3855261,,,,,,42,1,2019_Oct_15_1504,FaceNameBlocked,3.0.0,60.02345114,
10,FacesBlock1_v2.xlsx,Bradley.mp4,Bradley.JPG,Bradley,14,Բրատլէե,0,0,0,0,0,9,9,14,,,,,,,1,1,0.619645616,,,,,,,,,,,,42,1,2019_Oct_15_1504,FaceNameBlocked,3.0.0,60.02345114,
94,FacesBlock4_v2.xlsx,Brandon.mp4,Brandon.JPG,Brandon,56,Բրանտոն,0,3,3,3,0,3,3,11,,,,,,,1,1,0.935437562,,,,,,,,,,,,42,1,2019_Oct_15_1504,FaceNameBlocked,3.0.0,60.02345114,
106,FacesBlock4_v2.xlsx,Brandon.mp4,Brandon.JPG,Brandon,56,Բրանտոն,0,3,3,3,,,,,0,0,0,11,,,,,,space,4.918205082,Michael,"['lshift', 'm', 'i', 'c', 'h', 'a', 'e', 'l']",2,0.26841051,"[3.683216406032443, 3.7845122481230646, 4.0010963110253215, 4.134433130035177, 4.317818301962689, 4.434522497002035, 4.684138941112906, 4.767649864079431]",[3.68321,3.68321,,,42,1,2019_Oct_15_1504,FaceNameBlocked,3.0.0,60.02345114,
108,FacesBlock4_v2.xlsx,Brian.mp4,Brian.JPG,Brian,53,Բրիան,0,3,3,3,,,,,0,2,2,8,,,,,,,,Brian,"['lshift', 'b', 'r', 'i', 'a', 'n']",3,0.318721538,"[1.8339320081286132, 2.2676820571068674, 2.4682159069925547, 2.76827703602612, 2.818248527124524, 2.98510662605986]",[1.83393,1.83393,,,42,1,2019_Oct_15_1504,FaceNameBlocked,3.0.0,60.02345114,
91,FacesBlock4_v2.xlsx,Brian.mp4,Brian.JPG,Brian,53,Բրիան,0,3,3,3,0,0,0,8,,,,,,,0,1,2.036766931,,,,,,,,,,,,42,1,2019_Oct_15_1504,FaceNameBlocked,3.0.0,60.02345114,
112,FacesBlock4_v2.xlsx,Brianna.mp4,Brianna.JPG,Brianna,48,Բրիաննա,0,3,3,3,,,,,0,6,6,3,,,,,,,,,None,1,0.235574148,,,,,,42,1,2019_Oct_15_1504,FaceNameBlocked,3.0.0,60.02345114,
100,FacesBlock4_v2.xlsx,Brianna.mp4,Brianna.JPG,Brianna,48,Բրիաննա,0,3,3,3,0,9,9,3,,,,,,,0,2,0.469726619,,,,,,,,,,,,42,1,2019_Oct_15_1504,FaceNameBlocked,3.0.0,60.02345114,
51,FacesBlock2_v2.xlsx,Brittany.mp4,Brittany.JPG,Brittany,28,Բրիդդանե,0,1,1,1,,,,,0,5,5,13,,,,,,,,Hailey,"['lshift', 'h', 'a', 'i', 'l', 'e', 'y']",2,0.318777594,"[1.6169016759376973, 1.9683670299127698, 2.534847331000492, 2.717410669894889, 2.967947162920609, 3.1013116920366883, 3.28448114101775]",[1.61690,1.61690,,,42,1,2019_Oct_15_1504,FaceNameBlocked,3.0.0,60.02345114,
44,FacesBlock2_v2.xlsx,Brittany.mp4,Brittany.JPG,Brittany,28,Բրիդդանե,0,1,1,1,0,13,13,13,,,,,,,0,2,0.652825318,,,,,,,,,,,,42,1,2019_Oct_15_1504,FaceNameBlocked,3.0.0,60.02345114,
111,FacesBlock4_v2.xlsx,Caleb.mp4,Caleb.JPG,Caleb,59,Գալէբ,0,3,3,3,,,,,0,5,5,14,,,,,,,,,None,1,0.283564268,,,,,,42,1,2019_Oct_15_1504,FaceNameBlocked,3.0.0,60.02345114,
97,FacesBlock4_v2.xlsx,Caleb.mp4,Caleb.JPG,Caleb,59,Գալէբ,0,3,3,3,0,6,6,14,,,,,,,0,1,0.40285482,,,,,,,,,,,,42,1,2019_Oct_15_1504,FaceNameBlocked,3.0.0,60.02345114,
50,FacesBlock2_v2.xlsx,Cody.mp4,Cody.JPG,Cody,23,Գոտե,0,1,1,1,,,,,0,4,4,8,,,,,,,,,None,1,0.602333899,,,,,,42,1,2019_Oct_15_1504,FaceNameBlocked,3.0.0,60.02345114,
33,FacesBlock2_v2.xlsx,Cody.mp4,Cody.JPG,Cody,23,Գոտե,0,1,1,1,0,2,2,8,,,,,,,1,1,1.319668183,,,,,,,,,,,,42,1,2019_Oct_15_1504,FaceNameBlocked,3.0.0,60.02345114,
71,FacesBlock3_v2.xlsx,Courtney.mp4,Courtney.JPG,Courtney,42,Գոըրդնէե,0,2,2,2,0,10,10,12,,,,,,,1,2,0.569042645,,,,,,,,,,,,42,1,2019_Oct_15_1504,FaceNameBlocked,3.0.0,60.02345114,
79,FacesBlock3_v2.xlsx,Courtney.mp4,Courtney.JPG,Courtney,42,Գոըրդնէե,0,2,2,2,,,,,0,3,3,12,,,,,,,,Lauren,"['lshift', 'l', 'a', 'u', 'r', 'backspace', 'backspace', 'backspace', 'backspace', 'lshift', 's', 'h', 'e', 'l', 'v', 'backspace', 'b', 'backspace', 'backspace', 'backspace', 'backspace', 'backspace', 'lshift', 'l', 'a', 'u', 'r', 'e', 'n']",2,0.385360122,"[1.8501932590734214, 3.9339674920774996, 4.500992303015664, 4.8677520209457725, 5.033848488004878, 5.34971480211243, 5.500124493148178, 5.6663619701284915, 5.799547814996913, 6.082014075946063, 6.166367782047018, 6.267326310975477, 6.383489937987179, 6.517016225960106, 6.617033581947908, 6.899622783064842, 7.100272262934595, 7.265878305071965, 7.4327742990572006, 7.58279960998334, 7.715939684072509, 7.865754792001098, 7.914720934117213, 8.03278358397074, 8.182399319019169, 8.316037382930517, 8.432668711990118, 8.516748351044953, 8.599456207128242]",[1.85019,1.85019,,,42,1,2019_Oct_15_1504,FaceNameBlocked,3.0.0,60.02345114,
86,FacesBlock3_v2.xlsx,Daniel.mp4,Daniel.JPG,Daniel,30,Տանիէլ,0,2,2,2,,,,,0,10,10,0,,,,,,,,,None,1,0.301787634,,,,,,42,1,2019_Oct_15_1504,FaceNameBlocked,3.0.0,60.02345114,
69,FacesBlock3_v2.xlsx,Daniel.mp4,Daniel.JPG,Daniel,30,Տանիէլ,0,2,2,2,0,8,8,0,,,,,,,1,1,0.819396743,,,,,,,,,,,,42,1,2019_Oct_15_1504,FaceNameBlocked,3.0.0,60.02345114,
25,FacesBlock1_v2.xlsx,Danielle.mp4,Danielle.JPG,Danielle,3,Տանիէլլէ,0,0,0,0,,,,,0,9,9,3,,,,,,,,,None,1,0.352677009,,,,,,42,1,2019_Oct_15_1504,FaceNameBlocked,3.0.0,60.02345114,
13,FacesBlock1_v2.xlsx,Danielle.mp4,Danielle.JPG,Danielle,3,Տանիէլլէ,0,0,0,0,0,12,12,3,,,,,,,1,2,0.402977428,,,,,,,,,,,,42,1,2019_Oct_15_1504,FaceNameBlocked,3.0.0,60.02345114,
59,FacesBlock2_v2.xlsx,David.mp4,David.JPG,David,16,Տաւիտ,0,1,1,1,,,,,0,13,13,1,,,,,,,,,None,1,0.334800987,,,,,,42,1,2019_Oct_15_1504,FaceNameBlocked,3.0.0,60.02345114,
42,FacesBlock2_v2.xlsx,David.mp4,David.JPG,David,16,Տաւիտ,0,1,1,1,0,11,11,1,,,,,,,0,1,0.769770019,,,,,,,,,,,,42,1,2019_Oct_15_1504,FaceNameBlocked,3.0.0,60.02345114,
107,FacesBlock4_v2.xlsx,Dylan.mp4,Dylan.JPG,Dylan,50,Տելան,0,3,3,3,,,,,0,1,1,5,,,,,,,,David,"['lshift', 'd', 'a', 'v', 'i', 'd']",1,0.202428268,"[2.5171346268616617, 2.73426620895043, 3.015785349998623, 3.2516004219651222, 3.5007981478702277, 3.7510723338928074]",[2.51713,2.51713,,,42,1,2019_Oct_15_1504,FaceNameBlocked,3.0.0,60.02345114,
96,FacesBlock4_v2.xlsx,Dylan.mp4,Dylan.JPG,Dylan,50,Տելան,0,3,3,3,0,5,5,5,,,,,,,0,1,0.537150378,,,,,,,,,,,,42,1,2019_Oct_15_1504,FaceNameBlocked,3.0.0,60.02345114,
104,FacesBlock4_v2.xlsx,Emily.mp4,Emily.JPG,Emily,57,Էմիլե,0,3,3,3,0,13,13,12,,,,,,,0,2,0.370229916,,,,,,,,,,,,42,1,2019_Oct_15_1504,FaceNameBlocked,3.0.0,60.02345114,
116,FacesBlock4_v2.xlsx,Emily.mp4,Emily.JPG,Emily,57,Էմիլե,0,3,3,3,,,,,0,10,10,12,,,,,,,,,['lshift'],1,0.435905965,[1.6334453851450235],[1.63344,1.63344,,,42,1,2019_Oct_15_1504,FaceNameBlocked,3.0.0,60.02345114,
24,FacesBlock1_v2.xlsx,Eric.mp4,Eric.JPG,Eric,0,Էրիգ,0,0,0,0,,,,,0,8,8,0,,,,,,,,,None,1,0.366987826,,,,,,42,1,2019_Oct_15_1504,FaceNameBlocked,3.0.0,60.02345114,
3,FacesBlock1_v2.xlsx,Eric.mp4,Eric.JPG,Eric,0,Էրիգ,0,0,0,0,0,2,2,0,,,,,,,0,1,0.469547732,,,,,,,,,,,,42,1,2019_Oct_15_1504,FaceNameBlocked,3.0.0,60.02345114,
7,FacesBlock1_v2.xlsx,Ethan.mp4,Ethan.JPG,Ethan,11,Էդհան,0,0,0,0,0,6,6,11,,,,,,,0,1,0.303442545,,,,,,,,,,,,42,1,2019_Oct_15_1504,FaceNameBlocked,3.0.0,60.02345114,
27,FacesBlock1_v2.xlsx,Ethan.mp4,Ethan.JPG,Ethan,11,Էդհան,0,0,0,0,,,,,0,11,11,11,,,,,,,,,None,1,0.618648175,,,,,,42,1,2019_Oct_15_1504,FaceNameBlocked,3.0.0,60.02345114,
92,FacesBlock4_v2.xlsx,Grace.mp4,Grace.JPG,Grace,58,Կրագէ,0,3,3,3,0,1,1,13,,,,,,,1,2,1.102441161,,,,,,,,,,,,42,1,2019_Oct_15_1504,FaceNameBlocked,3.0.0,60.02345114,
118,FacesBlock4_v2.xlsx,Grace.mp4,Grace.JPG,Grace,58,Կրագէ,0,3,3,3,,,,,0,12,12,13,,,,,,,,Grace,"['lshift', 'g', 'r', 'a', 'c', 'e']",4,0.335097765,"[2.2174653611145914, 2.568518669111654, 2.8847275841981173, 3.084851331077516, 3.3188032479956746, 3.60091634420678]",[2.21746,2.21746,,,42,1,2019_Oct_15_1504,FaceNameBlocked,3.0.0,60.02345114,
56,FacesBlock2_v2.xlsx,Haley.mp4,Haley.JPG,Haley,20,Հալէե,0,1,1,1,,,,,0,10,10,5,,,,,,,,,None,1,0.252073299,,,,,,42,1,2019_Oct_15_1504,FaceNameBlocked,3.0.0,60.02345114,
45,FacesBlock2_v2.xlsx,Haley.mp4,Haley.JPG,Haley,20,Հալէե,0,1,1,1,0,14,14,5,,,,,,,1,2,1.186045997,,,,,,,,,,,,42,1,2019_Oct_15_1504,FaceNameBlocked,3.0.0,60.02345114,
2,FacesBlock1_v2.xlsx,Hannah.mp4,Hannah.JPG,Hannah,1,Հաննահ,0,0,0,0,0,1,1,1,,,,,,,1,2,0.685687581,,,,,,,,,,,,42,1,2019_Oct_15_1504,FaceNameBlocked,3.0.0,60.02345114,
19,FacesBlock1_v2.xlsx,Hannah.mp4,Hannah.JPG,Hannah,1,Հաննահ,0,0,0,0,,,,,0,3,3,1,,,,,,,,,None,1,0.452495308,,,,,,42,1,2019_Oct_15_1504,FaceNameBlocked,3.0.0,60.02345114,
39,FacesBlock2_v2.xlsx,Heather.mp4,Heather.JPG,Heather,26,Հէադհէր,0,1,1,1,0,8,8,11,,,,,,,0,2,0.602909013,,,,,,,,,,,,42,1,2019_Oct_15_1504,FaceNameBlocked,3.0.0,60.02345114,
47,FacesBlock2_v2.xlsx,Heather.mp4,Heather.JPG,Heather,26,Հէադհէր,0,1,1,1,,,,,0,1,1,11,,,,,,,,,"['lshift', 'r', 'a', 'c', 'h', 'e', 'l', 'backspace', 'backspace', 'backspace', 'backspace', 'backspace', 'backspace']",1,0.302159493,"[4.033719062106684, 4.501607468118891, 4.782689114101231, 5.001346892211586, 5.35079683503136, 5.601034500170499, 5.683984088012949, 7.0163718550466, 7.18336814106442, 7.316143361153081, 7.466305958107114, 7.949672432150692, 8.149484784109518]",[4.03371,4.03371,,,42,1,2019_Oct_15_1504,FaceNameBlocked,3.0.0,60.02345114,
81,FacesBlock3_v2.xlsx,Jacob.mp4,Jacob.JPG,Jacob,39,Ճագոբ,0,2,2,2,,,,,0,5,5,9,,,,,,,,,['lshift'],1,0.385590531,[5.283331524813548],[5.28333,5.28333,,,42,1,2019_Oct_15_1504,FaceNameBlocked,3.0.0,60.02345114,
62,FacesBlock3_v2.xlsx,Jacob.mp4,Jacob.JPG,Jacob,39,Ճագոբ,0,2,2,2,0,1,1,9,,,,,,,0,1,1.101893087,,,,,,,,,,,,42,1,2019_Oct_15_1504,FaceNameBlocked,3.0.0,60.02345114,
113,FacesBlock4_v2.xlsx,Jason.mp4,Jason.JPG,Jason,49,Ճասոն,0,3,3,3,,,,,0,7,7,4,,,,,,,,,None,1,0.335510884,,,,,,42,1,2019_Oct_15_1504,FaceNameBlocked,3.0.0,60.02345114,
95,FacesBlock4_v2.xlsx,Jason.mp4,Jason.JPG,Jason,49,Ճասոն,0,3,3,3,0,4,4,4,,,,,,,1,1,0.652750334,,,,,,,,,,,,42,1,2019_Oct_15_1504,FaceNameBlocked,3.0.0,60.02345114,
23,FacesBlock1_v2.xlsx,Jenna.mp4,Jenna.JPG,Jenna,6,Ճէննա,0,0,0,0,,,,,0,7,7,6,,,,,,,,,None,1,0.352435432,,,,,,42,1,2019_Oct_15_1504,FaceNameBlocked,3.0.0,60.02345114,
4,FacesBlock1_v2.xlsx,Jenna.mp4,Jenna.JPG,Jenna,6,Ճէննա,0,0,0,0,0,3,3,6,,,,,,,0,2,0.52071062,,,,,,,,,,,,42,1,2019_Oct_15_1504,FaceNameBlocked,3.0.0,60.02345114,
60,FacesBlock2_v2.xlsx,Jeremy.mp4,Jeremy.JPG,Jeremy,15,Ճէրէմե,0,1,1,1,,,,,0,14,14,0,,,,,,,,,None,1,0.385026486,,,,,,42,1,2019_Oct_15_1504,FaceNameBlocked,3.0.0,60.02345114,
32,FacesBlock2_v2.xlsx,Jeremy.mp4,Jeremy.JPG,Jeremy,15,Ճէրէմե,0,1,1,1,0,1,1,0,,,,,,,0,1,0.552029606,,,,,,,,,,,,42,1,2019_Oct_15_1504,FaceNameBlocked,3.0.0,60.02345114,
29,FacesBlock1_v2.xlsx,Jessica.mp4,Jessica.JPG,Jessica,8,Ճէսսիգա,0,0,0,0,,,,,0,13,13,8,,,,,,,,,None,1,0.302507849,,,,,,42,1,2019_Oct_15_1504,FaceNameBlocked,3.0.0,60.02345114,
8,FacesBlock1_v2.xlsx,Jessica.mp4,Jessica.JPG,Jessica,8,Ճէսսիգա,0,0,0,0,0,7,7,8,,,,,,,0,2,0.36979118,,,,,,,,,,,,42,1,2019_Oct_15_1504,FaceNameBlocked,3.0.0,60.02345114,
54,FacesBlock2_v2.xlsx,Josh.mp4,Josh.JPG,Josh,19,Ճոսհ,0,1,1,1,,,,,0,8,8,4,,,,,,,,Aaron,"['lshift', 'a', 'a', 'r', 'o', 'n']",1,0.918039516,"[3.633652983000502, 3.9682945320382714, 5.1011130111292005, 5.432536958018318, 5.534088008105755, 5.917583919130266]",[3.63365,3.63365,,,42,1,2019_Oct_15_1504,FaceNameBlocked,3.0.0,60.02345114,
38,FacesBlock2_v2.xlsx,Josh.mp4,Josh.JPG,Josh,19,Ճոսհ,0,1,1,1,0,7,7,4,,,,,,,1,1,0.686804939,,,,,,,,,,,,42,1,2019_Oct_15_1504,FaceNameBlocked,3.0.0,60.02345114,
5,FacesBlock1_v2.xlsx,Julia.mp4,Julia.JPG,Julia,13,Ճըլիա,0,0,0,0,0,4,4,13,,,,,,,1,2,0.669391554,,,,,,,,,,,,42,1,2019_Oct_15_1504,FaceNameBlocked,3.0.0,60.02345114,
22,FacesBlock1_v2.xlsx,Julia.mp4,Julia.JPG,Julia,13,Ճըլիա,0,0,0,0,,,,,0,6,6,13,,,,,,,,,None,1,0.268560738,,,,,,42,1,2019_Oct_15_1504,FaceNameBlocked,3.0.0,60.02345114,
43,FacesBlock2_v2.xlsx,Justin.mp4,Justin.JPG,Justin,27,Ճըսդին,0,1,1,1,0,12,12,12,,,,,,,0,1,0.452949367,,,,,,,,,,,,42,1,2019_Oct_15_1504,FaceNameBlocked,3.0.0,60.02345114,
55,FacesBlock2_v2.xlsx,Justin.mp4,Justin.JPG,Justin,27,Ճըսդին,0,1,1,1,,,,,0,9,9,12,,,,,,,,,None,1,0.351947968,,,,,,42,1,2019_Oct_15_1504,FaceNameBlocked,3.0.0,60.02345114,
115,FacesBlock4_v2.xlsx,Katie.mp4,Katie.JPG,Katie,54,Քադիէ,0,3,3,3,,,,,0,9,9,9,,,,,,,,,None,1,0.550528986,,,,,,42,1,2019_Oct_15_1504,FaceNameBlocked,3.0.0,60.02345114,
98,FacesBlock4_v2.xlsx,Katie.mp4,Katie.JPG,Katie,54,Քադիէ,0,3,3,3,0,7,7,9,,,,,,,0,2,0.451902417,,,,,,,,,,,,42,1,2019_Oct_15_1504,FaceNameBlocked,3.0.0,60.02345114,
75,FacesBlock3_v2.xlsx,Kayla.mp4,Kayla.JPG,Kayla,34,Սարահ,0,2,2,2,0,14,14,4,,,,,,,1,2,0.586341406,,,,,,,,,,,,42,1,2019_Oct_15_1504,FaceNameBlocked,3.0.0,60.02345114,
87,FacesBlock3_v2.xlsx,Kayla.mp4,Kayla.JPG,Kayla,34,Սարահ,0,2,2,2,,,,,0,11,11,4,,,,,,,,,None,1,0.185955307,,,,,,42,1,2019_Oct_15_1504,FaceNameBlocked,3.0.0,60.02345114,
14,FacesBlock1_v2.xlsx,Kelsey.mp4,Kelsey.JPG,Kelsey,12,Քէլսէե,0,0,0,0,0,13,13,12,,,,,,,1,2,0.536092431,,,,,,,,,,,,42,1,2019_Oct_15_1504,FaceNameBlocked,3.0.0,60.02345114,
30,FacesBlock1_v2.xlsx,Kelsey.mp4,Kelsey.JPG,Kelsey,12,Քէլսէե,0,0,0,0,,,,,0,14,14,12,,,,,,,,,None,1,1.651371749,,,,,,42,1,2019_Oct_15_1504,FaceNameBlocked,3.0.0,60.02345114,
89,FacesBlock3_v2.xlsx,Kevin.mp4,Kevin.JPG,Kevin,41,Քէւին,0,2,2,2,,,,,0,13,13,11,,,,,,,,,"['lshift', 'd', 'backspace']",1,0.366571709,"[3.715913767926395, 5.018227363936603, 7.383122906088829]",[3.71591,3.71591,,,42,1,2019_Oct_15_1504,FaceNameBlocked,3.0.0,60.02345114,
66,FacesBlock3_v2.xlsx,Kevin.mp4,Kevin.JPG,Kevin,41,Քէւին,0,2,2,2,0,5,5,11,,,,,,,0,1,0.535613074,,,,,,,,,,,,42,1,2019_Oct_15_1504,FaceNameBlocked,3.0.0,60.02345114,
9,FacesBlock1_v2.xlsx,Kyle.mp4,Kyle.JPG,Kyle,4,Քելէ,0,0,0,0,0,8,8,4,,,,,,,0,1,0.386449828,,,,,,,,,,,,42,1,2019_Oct_15_1504,FaceNameBlocked,3.0.0,60.02345114,
28,FacesBlock1_v2.xlsx,Kyle.mp4,Kyle.JPG,Kyle,4,Քելէ,0,0,0,0,,,,,0,12,12,4,,,,,,,,,None,1,0.518780203,,,,,,42,1,2019_Oct_15_1504,FaceNameBlocked,3.0.0,60.02345114,
72,FacesBlock3_v2.xlsx,Lauren.mp4,Lauren.JPG,Lauren,38,Լաըրէն,0,2,2,2,0,11,11,8,,,,,,,0,2,0.519014816,,,,,,,,,,,,42,1,2019_Oct_15_1504,FaceNameBlocked,3.0.0,60.02345114,
85,FacesBlock3_v2.xlsx,Lauren.mp4,Lauren.JPG,Lauren,38,Լաըրէն,0,2,2,2,,,,,0,9,9,8,,,,,,,,Shelby,"['lshift', 's', 'l', 'e', 'backspace', 'backspace', 'e', 'backspace', 'h', 'e', 'l', 'b', 'y']",3,0.268480254,"[1.3502463740296662, 1.5179103361442685, 1.7341417369898409, 1.9842926850542426, 2.1334542131517082, 2.3333945281337947, 2.617549214977771, 2.8340049469843507, 3.0155962251592427, 3.084334474056959, 3.4840642330236733, 3.600379533134401, 4.517228986136615]",[1.35024,1.35024,,,42,1,2019_Oct_15_1504,FaceNameBlocked,3.0.0,60.02345114,
74,FacesBlock3_v2.xlsx,Mark.mp4,Mark.JPG,Mark,40,Մարք,0,2,2,2,0,13,13,10,,,,,,,1,1,0.886621015,,,,,,,,,,,,42,1,2019_Oct_15_1504,FaceNameBlocked,3.0.0,60.02345114,
76,FacesBlock3_v2.xlsx,Mark.mp4,Mark.JPG,Mark,40,Մարք,0,2,2,2,,,,,0,0,0,10,,,,,,space,1.68495486,,None,1,0.302672716,,,,,,42,1,2019_Oct_15_1504,FaceNameBlocked,3.0.0,60.02345114,
6,FacesBlock1_v2.xlsx,Matthew.mp4,Matthew.JPG,Matthew,9,Մադդհէվ,0,0,0,0,0,5,5,9,,,,,,,0,1,0.402818414,,,,,,,,,,,,42,1,2019_Oct_15_1504,FaceNameBlocked,3.0.0,60.02345114,
16,FacesBlock1_v2.xlsx,Matthew.mp4,Matthew.JPG,Matthew,9,Մադդհէվ,0,0,0,0,,,,,0,0,0,9,,,,,,space,9.865381938,,None,1,4.117629356,,,,,,42,1,2019_Oct_15_1504,FaceNameBlocked,3.0.0,60.02345114,
53,FacesBlock2_v2.xlsx,Megan.mp4,Megan.JPG,Megan,25,Մէկան,0,1,1,1,,,,,0,7,7,10,,,,,,,,,None,1,0.31873658,,,,,,42,1,2019_Oct_15_1504,FaceNameBlocked,3.0.0,60.02345114,
31,FacesBlock2_v2.xlsx,Megan.mp4,Megan.JPG,Megan,25,Մէկան,0,1,1,1,0,0,0,10,,,,,,,1,2,0.852937531,,,,,,,,,,,,42,1,2019_Oct_15_1504,FaceNameBlocked,3.0.0,60.02345114,
109,FacesBlock4_v2.xlsx,Michael.mp4,Michael.JPG,Michael,46,Միգհաէլ,0,3,3,3,,,,,0,3,3,1,,,,,,,,,None,1,0.284590981,,,,,,42,1,2019_Oct_15_1504,FaceNameBlocked,3.0.0,60.02345114,
101,FacesBlock4_v2.xlsx,Michael.mp4,Michael.JPG,Michael,46,Միգհաէլ,0,3,3,3,0,10,10,1,,,,,,,1,1,0.469380026,,,,,,,,,,,,42,1,2019_Oct_15_1504,FaceNameBlocked,3.0.0,60.02345114,
102,FacesBlock4_v2.xlsx,Michelle.mp4,Michelle.JPG,Michelle,52,Միգհէլլէ,0,3,3,3,0,11,11,7,,,,,,,0,2,0.570370915,,,,,,,,,,,,42,1,2019_Oct_15_1504,FaceNameBlocked,3.0.0,60.02345114,
119,FacesBlock4_v2.xlsx,Michelle.mp4,Michelle.JPG,Michelle,52,Միգհէլլէ,0,3,3,3,,,,,0,13,13,7,,,,,,,,Michelle,"['lshift', 'm', 'i', 'c', 'h', 'e', 'l', 'l', 'l', 'e', 'backspace', 'backspace', 'e']",4,0.318962562,"[1.0830831099301577, 1.1850624599028379, 1.4010165620129555, 1.5187317549716681, 1.651368506019935, 1.8180442249868065, 1.9014376259874552, 2.101706620072946, 2.2181096458807588, 2.4180758339352906, 2.733875385951251, 2.96704210806638, 3.1177992939483374]",[1.08308,1.08308,,,42,1,2019_Oct_15_1504,FaceNameBlocked,3.0.0,60.02345114,
1,FacesBlock1_v2.xlsx,Natalie.mp4,Natalie.JPG,Natalie,7,Նադալիէ,0,0,0,0,0,0,0,7,,,,,,,1,2,2.718558821,,,,,,,,,,,,42,1,2019_Oct_15_1504,FaceNameBlocked,3.0.0,60.02345114,
26,FacesBlock1_v2.xlsx,Natalie.mp4,Natalie.JPG,Natalie,7,Նադալիէ,0,0,0,0,,,,,0,10,10,7,,,,,,,,,None,1,0.335235981,,,,,,42,1,2019_Oct_15_1504,FaceNameBlocked,3.0.0,60.02345114,
82,FacesBlock3_v2.xlsx,Nathan.mp4,Nathan.JPG,Nathan,37,Նադհան,0,2,2,2,,,,,0,6,6,7,,,,,,,,,"['lshift', 'k', 'backspace']",1,0.169415154,"[2.882735080085695, 3.3155649460386485, 4.183198648039252]",[2.88273,2.88273,,,42,1,2019_Oct_15_1504,FaceNameBlocked,3.0.0,60.02345114,
73,FacesBlock3_v2.xlsx,Nathan.mp4,Nathan.JPG,Nathan,37,Նադհան,0,2,2,2,0,12,12,7,,,,,,,0,1,0.302604693,,,,,,,,,,,,42,1,2019_Oct_15_1504,FaceNameBlocked,3.0.0,60.02345114,
68,FacesBlock3_v2.xlsx,Nicole.mp4,Nicole.JPG,Nicole,43,Նիգոլէ,0,2,2,2,0,7,7,13,,,,,,,0,2,0.569556195,,,,,,,,,,,,42,1,2019_Oct_15_1504,FaceNameBlocked,3.0.0,60.02345114,
84,FacesBlock3_v2.xlsx,Nicole.mp4,Nicole.JPG,Nicole,43,Նիգոլէ,0,2,2,2,,,,,0,8,8,13,,,,,,,,Kayla,"['lshift', 'k', 'a', 'y', 'l', 'a']",1,0.31903924,"[1.9166005561128259, 2.600560555001721, 3.8669949050527066, 5.200587975094095, 5.750189175130799, 5.916198299033567]",[1.91660,1.91660,,,42,1,2019_Oct_15_1504,FaceNameBlocked,3.0.0,60.02345114,
61,FacesBlock3_v2.xlsx,Noah.mp4,Noah.JPG,Noah,31,Նոահ,0,2,2,2,0,0,0,1,,,,,,,1,1,2.002442723,,,,,,,,,,,,42,1,2019_Oct_15_1504,FaceNameBlocked,3.0.0,60.02345114,
88,FacesBlock3_v2.xlsx,Noah.mp4,Noah.JPG,Noah,31,Նոահ,0,2,2,2,,,,,0,12,12,1,,,,,,,,,None,1,0.38555981,,,,,,42,1,2019_Oct_15_1504,FaceNameBlocked,3.0.0,60.02345114,
65,FacesBlock3_v2.xlsx,Olivia.mp4,Olivia.JPG,Olivia,35,Ոլիւիա,0,2,2,2,0,4,4,5,,,,,,,0,2,0.91982644,,,,,,,,,,,,42,1,2019_Oct_15_1504,FaceNameBlocked,3.0.0,60.02345114,
77,FacesBlock3_v2.xlsx,Olivia.mp4,Olivia.JPG,Olivia,35,Ոլիւիա,0,2,2,2,,,,,0,1,1,5,,,,,,,,Olivia,"['lshift', 'o', 'l', 'i', 'v', 'i', 'a']",3,0.368794126,"[2.9832130761351436, 3.201063462998718, 3.384294851217419, 3.5841189532075077, 3.6341416710056365, 3.766971768112853, 3.833631055196747]",[2.98321,2.98321,,,42,1,2019_Oct_15_1504,FaceNameBlocked,3.0.0,60.02345114,
49,FacesBlock2_v2.xlsx,Rachel.mp4,Rachel.JPG,Rachel,29,Րագհէլ,0,1,1,1,,,,,0,3,3,14,,,,,,,,Rachel,"['lshift', 'r', 'a', 'c', 'h', 'e', 'l']",3,0.550111396,"[0.9168105479329824, 1.0999392210505903, 1.2686066071037203, 1.3687877219635993, 1.899700254900381, 2.0016834440175444, 2.1513630030676723]",[0.91681,0.91681,,,42,1,2019_Oct_15_1504,FaceNameBlocked,3.0.0,60.02345114,
34,FacesBlock2_v2.xlsx,Rachel.mp4,Rachel.JPG,Rachel,29,Րագհէլ,0,1,1,1,0,3,3,14,,,,,,,0,2,0.853362911,,,,,,,,,,,,42,1,2019_Oct_15_1504,FaceNameBlocked,3.0.0,60.02345114,
64,FacesBlock3_v2.xlsx,Rebecca.mp4,Rebecca.JPG,Rebecca,32,Րէբէգգա,0,2,2,2,0,3,3,2,,,,,,,1,2,0.60270467,,,,,,,,,,,,42,1,2019_Oct_15_1504,FaceNameBlocked,3.0.0,60.02345114,
90,FacesBlock3_v2.xlsx,Rebecca.mp4,Rebecca.JPG,Rebecca,32,Րէբէգգա,0,2,2,2,,,,,0,14,14,2,,,,,,,,,None,1,0.235105315,,,,,,42,1,2019_Oct_15_1504,FaceNameBlocked,3.0.0,60.02345114,
70,FacesBlock3_v2.xlsx,Sarah.mp4,Sarah.JPG,Sarah,33,Սարահ,0,2,2,2,0,9,9,3,,,,,,,1,2,0.403315111,,,,,,,,,,,,42,1,2019_Oct_15_1504,FaceNameBlocked,3.0.0,60.02345114,
83,FacesBlock3_v2.xlsx,Sarah.mp4,Sarah.JPG,Sarah,33,Սարահ,0,2,2,2,,,,,0,7,7,3,,,,,,,,,"['lshift', 's', 'h', 'e', 'l', 'backspace', 'backspace', 'backspace', 'backspace']",1,0.285353046,"[2.966740365838632, 7.450729600852355, 7.600004571955651, 7.733923246851191, 7.899857161799446, 8.415184224955738, 8.598973782965913, 8.766210428904742, 8.932907758979127]",[2.96674,2.96674,,,42,1,2019_Oct_15_1504,FaceNameBlocked,3.0.0,60.02345114,
80,FacesBlock3_v2.xlsx,Shelby.mp4,Shelby.JPG,Shelby,36,Սհէլբե,0,2,2,2,,,,,0,4,4,6,,,,,,,,,None,1,0.368499549,,,,,,42,1,2019_Oct_15_1504,FaceNameBlocked,3.0.0,60.02345114,
67,FacesBlock3_v2.xlsx,Shelby.mp4,Shelby.JPG,Shelby,36,Սհէլբե,0,2,2,2,0,6,6,6,,,,,,,0,2,0.636101655,,,,,,,,,,,,42,1,2019_Oct_15_1504,FaceNameBlocked,3.0.0,60.02345114,
35,FacesBlock2_v2.xlsx,Steven.mp4,Steven.JPG,Steven,17,Սդէւէն,0,1,1,1,0,4,4,2,,,,,,,1,1,1.569315746,,,,,,,,,,,,42,1,2019_Oct_15_1504,FaceNameBlocked,3.0.0,60.02345114,
48,FacesBlock2_v2.xlsx,Steven.mp4,Steven.JPG,Steven,17,Սդէւէն,0,1,1,1,,,,,0,2,2,2,,,,,,,,,None,1,0.402430491,,,,,,42,1,2019_Oct_15_1504,FaceNameBlocked,3.0.0,60.02345114,
120,FacesBlock4_v2.xlsx,Taylor.mp4,Taylor.JPG,Taylor,45,Դաելոր,0,3,3,3,,,,,0,14,14,0,,,,,,,,,"['1', 'backspace']",1,0.485511566,"[3.4687242100480944, 4.0177814131602645]",[3.46872,3.46872,,,42,1,2019_Oct_15_1504,FaceNameBlocked,3.0.0,60.02345114,
103,FacesBlock4_v2.xlsx,Taylor.mp4,Taylor.JPG,Taylor,45,Դաելոր,0,3,3,3,0,12,12,0,,,,,,,1,2,0.85312579,,,,,,,,,,,,42,1,2019_Oct_15_1504,FaceNameBlocked,3.0.0,60.02345114,
78,FacesBlock3_v2.xlsx,Thomas.mp4,Thomas.JPG,Thomas,44,Դհոմաս,0,2,2,2,,,,,0,2,2,14,,,,,,,,Mark,"['lshift', 'm', 'a', 'r', 'k']",1,0.352134871,"[5.5329682738520205, 5.733738860813901, 5.983207490993664, 6.100496000843123, 6.200920258881524]",[5.53296,5.53296,,,42,1,2019_Oct_15_1504,FaceNameBlocked,3.0.0,60.02345114,
63,FacesBlock3_v2.xlsx,Thomas.mp4,Thomas.JPG,Thomas,44,Դհոմաս,0,2,2,2,0,2,2,14,,,,,,,1,1,0.670000496,,,,,,,,,,,,42,1,2019_Oct_15_1504,FaceNameBlocked,3.0.0,60.02345114,
17,FacesBlock1_v2.xlsx,Timothy.mp4,Timothy.JPG,Timothy,10,Դիմոդհե,0,0,0,0,,,,,0,1,1,10,,,,,,,,,"['t', 'i', 'backspace', 'backspace', 'lshift']",1,1.502097871,"[5.900458788033575, 6.116241611074656, 6.499789027962834, 6.699490807019174, 6.798394008073956]",[5.90045,5.90045,,,42,1,2019_Oct_15_1504,FaceNameBlocked,3.0.0,60.02345114,
15,FacesBlock1_v2.xlsx,Timothy.mp4,Timothy.JPG,Timothy,10,Դիմոդհե,0,0,0,0,0,14,14,10,,,,,,,0,1,0.769077453,,,,,,,,,,,,42,1,2019_Oct_15_1504,FaceNameBlocked,3.0.0,60.02345114,
41,FacesBlock2_v2.xlsx,Trevor.mp4,Trevor.JPG,Trevor,21,Դրէւոր,0,1,1,1,0,10,10,6,,,,,,,1,1,1.052727142,,,,,,,,,,,,42,1,2019_Oct_15_1504,FaceNameBlocked,3.0.0,60.02345114,
46,FacesBlock2_v2.xlsx,Trevor.mp4,Trevor.JPG,Trevor,21,Դրէւոր,0,1,1,1,,,,,0,0,0,6,,,,,,space,4.500913968,Trevor,"['lshift', 't', 'r', 'e', 'v', 'o', 'r', 'return']",4,0.568736298,"[1.9673294050153345, 2.567032112972811, 3.051350197987631, 3.201811623061076, 3.435248393099755, 3.5518520111218095, 4.018678324995562, 4.351210586028174]",[1.96732,1.96732,,,42,1,2019_Oct_15_1504,FaceNameBlocked,3.0.0,60.02345114,
40,FacesBlock2_v2.xlsx,Tyler.mp4,Tyler.JPG,Tyler,22,Դելէր,0,1,1,1,0,9,9,7,,,,,,,0,1,0.686250313,,,,,,,,,,,,42,1,2019_Oct_15_1504,FaceNameBlocked,3.0.0,60.02345114,
57,FacesBlock2_v2.xlsx,Tyler.mp4,Tyler.JPG,Tyler,22,Դելէր,0,1,1,1,,,,,0,11,11,7,,,,,,,,,None,1,0.284877355,,,,,,42,1,2019_Oct_15_1504,FaceNameBlocked,3.0.0,60.02345114,
0,,,,,,,,,,,,,,,,,,,space,23.46286143,,,,,,,,,,,,,,,42,1,2019_Oct_15_1504,FaceNameBlocked,3.0.0,60.02345114,
121,,,,,,,,,,,,,,,,,,,,,,,,,,,,,,,,,space,81266.21031,42,1,2019_Oct_15_1504,FaceNameBlocked,3.0.0,60.02345114,