,condsFile,Video,Photo,Name,Row,Name2,blocks.thisRepN,blocks.thisTrialN,blocks.thisN,blocks.thisIndex,presentations.thisRepN,presentations.thisTrialN,presentations.thisN,presentations.thisIndex,testing.thisRepN,testing.thisTrialN,testing.thisN,testing.thisIndex,advance_1.keys,advance_1.rt,currentCond,judgementResp.keys,judgementResp.rt,advance_2.keys,advance_2.rt,inputText,key_resp_3.keys,key_resp_3.rt,,key_resp3_fin,rating_resp.keys,rating_resp.rt,end_key.keys,end_key.rt,participant,session,date,expName,psychopyVersion,frameRate,Unnamed: 38
48,FacesBlock2_v2.xlsx,Aaron.mp4,Aaron.JPG,Aaron,18,Աարոն,0,1,1,1,,,,,0,2,2,3,,,,,,,,,None,,,,1,1.75580966,,,36,1,2019_Oct_02_1542,FaceNameBlocked,3.0.0,84.99538768,
37,FacesBlock2_v2.xlsx,Aaron.mp4,Aaron.JPG,Aaron,18,Աարոն,0,1,1,1,0,6,6,3,,,,,,,0,1,1.615311556,,,,,,,,,,,,36,1,2019_Oct_02_1542,FaceNameBlocked,3.0.0,84.99538768,
5,FacesBlock1_v2.xlsx,Adam.mp4,Adam.JPG,Adam,5,Ատամ,0,0,0,0,0,4,4,5,,,,,,,1,1,1.59116811,,,,,,,,,,,,36,1,2019_Oct_02_1542,FaceNameBlocked,3.0.0,84.99538768,
27,FacesBlock1_v2.xlsx,Adam.mp4,Adam.JPG,Adam,5,Ատամ,0,0,0,0,,,,,0,11,11,5,,,,,,,,eric,"['e', 'r', 'i', 'c']","[6.073049051003181, 6.296569397003623, 6.472436723997816, 6.637725865992252]",[6.07304,6.07304,1,1.190902293,,,36,1,2019_Oct_02_1542,FaceNameBlocked,3.0.0,84.99538768,
109,FacesBlock4_v2.xlsx,Alyssa.mp4,Alyssa.JPG,Alyssa,55,Ալեսսա,0,3,3,3,,,,,0,3,3,10,,,,,,,,,None,,,,1,1.214497495,,,36,1,2019_Oct_02_1542,FaceNameBlocked,3.0.0,84.99538768,
101,FacesBlock4_v2.xlsx,Alyssa.mp4,Alyssa.JPG,Alyssa,55,Ալեսսա,0,3,3,3,0,10,10,10,,,,,,,0,2,0.391042683,,,,,,,,,,,,36,1,2019_Oct_02_1542,FaceNameBlocked,3.0.0,84.99538768,
7,FacesBlock1_v2.xlsx,Amanda.mp4,Amanda.JPG,Amanda,2,Ամանտա,0,0,0,0,0,6,6,2,,,,,,,1,2,0.908427107,,,,,,,,,,,,36,1,2019_Oct_02_1542,FaceNameBlocked,3.0.0,84.99538768,
22,FacesBlock1_v2.xlsx,Amanda.mp4,Amanda.JPG,Amanda,2,Ամանտա,0,0,0,0,,,,,0,6,6,2,,,,,,,,,None,,,,1,1.084978071,,,36,1,2019_Oct_02_1542,FaceNameBlocked,3.0.0,84.99538768,
120,FacesBlock4_v2.xlsx,Andrew.mp4,Andrew.JPG,Andrew,51,Անտրէվ,0,3,3,3,,,,,0,14,14,6,,,,,,,,,None,,,,1,1.120173901,,,36,1,2019_Oct_02_1542,FaceNameBlocked,3.0.0,84.99538768,
94,FacesBlock4_v2.xlsx,Andrew.mp4,Andrew.JPG,Andrew,51,Անտրէվ,0,3,3,3,0,3,3,6,,,,,,,0,1,3.309182592,,,,,,,,,,,,36,1,2019_Oct_02_1542,FaceNameBlocked,3.0.0,84.99538768,
110,FacesBlock4_v2.xlsx,Anna.mp4,Anna.JPG,Anna,47,Աննա,0,3,3,3,,,,,0,4,4,2,,,,,,,,ana,"['a', 'n', 'a']","[2.823370960992179, 3.025779578994843, 3.1906958500039764]",[2.82337,2.82337,3,1.637952897,,,36,1,2019_Oct_02_1542,FaceNameBlocked,3.0.0,84.99538768,
103,FacesBlock4_v2.xlsx,Anna.mp4,Anna.JPG,Anna,47,Աննա,0,3,3,3,0,12,12,2,,,,,,,0,2,1.321334817,,,,,,,,,,,,36,1,2019_Oct_02_1542,FaceNameBlocked,3.0.0,84.99538768,
54,FacesBlock2_v2.xlsx,Ashley.mp4,Ashley.JPG,Ashley,24,Ասհլէե,0,1,1,1,,,,,0,8,8,9,,,,,,,,hailey,"['h', 'a', 'i', 'l', 'e', 'y']","[3.9086132450029254, 4.097277198001393, 4.239263373994618, 4.460166991004371, 4.9563536109926645, 5.074520294001559]",[3.90861,3.90861,2,2.860887436,,,36,1,2019_Oct_02_1542,FaceNameBlocked,3.0.0,84.99538768,
42,FacesBlock2_v2.xlsx,Ashley.mp4,Ashley.JPG,Ashley,24,Ասհլէե,0,1,1,1,0,11,11,9,,,,,,,0,2,0.909279463,,,,,,,,,,,,36,1,2019_Oct_02_1542,FaceNameBlocked,3.0.0,84.99538768,
23,FacesBlock1_v2.xlsx,Bradley.mp4,Bradley.JPG,Bradley,14,Բրատլէե,0,0,0,0,,,,,0,7,7,14,,,,,,,,bradley,"['b', 'r', 'a', 'd', 'l', 'e', 'y']","[1.7562759749998804, 2.003310389991384, 2.1557534750027116, 2.309299699991243, 3.215696030994877, 3.402950140996836, 4.177730002993485]",[1.75627,1.75627,4,1.108185665,,,36,1,2019_Oct_02_1542,FaceNameBlocked,3.0.0,84.99538768,
1,FacesBlock1_v2.xlsx,Bradley.mp4,Bradley.JPG,Bradley,14,Բրատլէե,0,0,0,0,0,0,0,14,,,,,,,1,2,4.07403638,,,,,,,,,,,,36,1,2019_Oct_02_1542,FaceNameBlocked,3.0.0,84.99538768,
96,FacesBlock4_v2.xlsx,Brandon.mp4,Brandon.JPG,Brandon,56,Բրանտոն,0,3,3,3,0,5,5,11,,,,,,,0,1,1.27270582,,,,,,,,,,,,36,1,2019_Oct_02_1542,FaceNameBlocked,3.0.0,84.99538768,
107,FacesBlock4_v2.xlsx,Brandon.mp4,Brandon.JPG,Brandon,56,Բրանտոն,0,3,3,3,,,,,0,1,1,11,,,,,,,,,None,,,,1,0.990716119,,,36,1,2019_Oct_02_1542,FaceNameBlocked,3.0.0,84.99538768,
93,FacesBlock4_v2.xlsx,Brian.mp4,Brian.JPG,Brian,53,Բրիան,0,3,3,3,0,2,2,8,,,,,,,0,1,13.52120368,,,,,,,,,,,,36,1,2019_Oct_02_1542,FaceNameBlocked,3.0.0,84.99538768,
113,FacesBlock4_v2.xlsx,Brian.mp4,Brian.JPG,Brian,53,Բրիան,0,3,3,3,,,,,0,7,7,8,,,,,,,,brian,"['b', 'r', 'i', 'a', 'n']","[1.4028646609949647, 1.6145159189909464, 1.8120871079881908, 2.108407844993053, 2.285499520992744]",[1.40286,1.40286,4,1.355552799,,,36,1,2019_Oct_02_1542,FaceNameBlocked,3.0.0,84.99538768,
95,FacesBlock4_v2.xlsx,Brianna.mp4,Brianna.JPG,Brianna,48,Բրիաննա,0,3,3,3,0,4,4,3,,,,,,,1,2,2.850481571,,,,,,,,,,,,36,1,2019_Oct_02_1542,FaceNameBlocked,3.0.0,84.99538768,
114,FacesBlock4_v2.xlsx,Brianna.mp4,Brianna.JPG,Brianna,48,Բրիաննա,0,3,3,3,,,,,0,8,8,3,,,,,,,,,None,,,,1,1.567614495,,,36,1,2019_Oct_02_1542,FaceNameBlocked,3.0.0,84.99538768,
43,FacesBlock2_v2.xlsx,Brittany.mp4,Brittany.JPG,Brittany,28,Բրիդդանե,0,1,1,1,0,12,12,13,,,,,,,1,2,0.826906101,,,,,,,,,,,,36,1,2019_Oct_02_1542,FaceNameBlocked,3.0.0,84.99538768,
49,FacesBlock2_v2.xlsx,Brittany.mp4,Brittany.JPG,Brittany,28,Բրիդդանե,0,1,1,1,,,,,0,3,3,13,,,,,,,,,None,,,,1,1.226638264,,,36,1,2019_Oct_02_1542,FaceNameBlocked,3.0.0,84.99538768,
116,FacesBlock4_v2.xlsx,Caleb.mp4,Caleb.JPG,Caleb,59,Գալէբ,0,3,3,3,,,,,0,10,10,14,,,,,,,,andrew,"['a', 'n', 'd', 'r', 'e', 'w']","[6.4735778469912475, 6.730204332998255, 6.967060461989604, 7.226495199996862, 7.506508193997433, 7.778561300990987]",[6.47357,6.47357,1,1.602584685,,,36,1,2019_Oct_02_1542,FaceNameBlocked,3.0.0,84.99538768,
105,FacesBlock4_v2.xlsx,Caleb.mp4,Caleb.JPG,Caleb,59,Գալէբ,0,3,3,3,0,14,14,14,,,,,,,0,1,0.827472318,,,,,,,,,,,,36,1,2019_Oct_02_1542,FaceNameBlocked,3.0.0,84.99538768,
46,FacesBlock2_v2.xlsx,Cody.mp4,Cody.JPG,Cody,23,Գոտե,0,1,1,1,,,,,0,0,0,8,,,,,,space,19.12090222,trevor,"['t', 'r', 'e', 'v', 'o', 'r']","[8.225412394996965, 8.414411756995833, 8.72035343600146, 9.084585905002314, 9.414505249995273, 9.567426370995236]",[8.22541,8.22541,1,1.626036284,,,36,1,2019_Oct_02_1542,FaceNameBlocked,3.0.0,84.99538768,
33,FacesBlock2_v2.xlsx,Cody.mp4,Cody.JPG,Cody,23,Գոտե,0,1,1,1,0,2,2,8,,,,,,,1,1,1.449467544,,,,,,,,,,,,36,1,2019_Oct_02_1542,FaceNameBlocked,3.0.0,84.99538768,
64,FacesBlock3_v2.xlsx,Courtney.mp4,Courtney.JPG,Courtney,42,Գոըրդնէե,0,2,2,2,0,3,3,12,,,,,,,0,2,2.729814122,,,,,,,,,,,,36,1,2019_Oct_02_1542,FaceNameBlocked,3.0.0,84.99538768,
78,FacesBlock3_v2.xlsx,Courtney.mp4,Courtney.JPG,Courtney,42,Գոըրդնէե,0,2,2,2,,,,,0,2,2,12,,,,,,,,courtney,"['c', 'o', 'u', 'r', 't', 'n', 'e', 'y']","[1.978457231001812, 2.1088796250114683, 2.531730670001707, 3.202516439007013, 3.4137997170037124, 3.705619262007531, 3.8960664960031863, 4.0024294380127685]",[1.97845,1.97845,4,1.025742724,,,36,1,2019_Oct_02_1542,FaceNameBlocked,3.0.0,84.99538768,
80,FacesBlock3_v2.xlsx,Daniel.mp4,Daniel.JPG,Daniel,30,Տանիէլ,0,2,2,2,,,,,0,4,4,0,,,,,,,,,None,,,,1,2.108351896,,,36,1,2019_Oct_02_1542,FaceNameBlocked,3.0.0,84.99538768,
70,FacesBlock3_v2.xlsx,Daniel.mp4,Daniel.JPG,Daniel,30,Տանիէլ,0,2,2,2,0,9,9,0,,,,,,,0,1,0.956193207,,,,,,,,,,,,36,1,2019_Oct_02_1542,FaceNameBlocked,3.0.0,84.99538768,
25,FacesBlock1_v2.xlsx,Danielle.mp4,Danielle.JPG,Danielle,3,Տանիէլլէ,0,0,0,0,,,,,0,9,9,3,,,,,,,,sarah,"['s', 'a', 'r', 'a', 'h']","[2.9905359689873876, 3.3080577379878378, 3.590340483991895, 3.989502664990141, 4.237281326990342]",[2.99053,2.99053,1,1.049504038,,,36,1,2019_Oct_02_1542,FaceNameBlocked,3.0.0,84.99538768,
11,FacesBlock1_v2.xlsx,Danielle.mp4,Danielle.JPG,Danielle,3,Տանիէլլէ,0,0,0,0,0,10,10,3,,,,,,,0,2,0.779375897,,,,,,,,,,,,36,1,2019_Oct_02_1542,FaceNameBlocked,3.0.0,84.99538768,
44,FacesBlock2_v2.xlsx,David.mp4,David.JPG,David,16,Տաւիտ,0,1,1,1,0,13,13,1,,,,,,,0,1,0.567979526,,,,,,,,,,,,36,1,2019_Oct_02_1542,FaceNameBlocked,3.0.0,84.99538768,
59,FacesBlock2_v2.xlsx,David.mp4,David.JPG,David,16,Տաւիտ,0,1,1,1,,,,,0,13,13,1,,,,,,,,david,"['d', 'a', 'v', 'i', 'd']","[1.9556545180093963, 2.344010482003796, 2.744140865004738, 3.3910590860032244, 3.568229622003855]",[1.95565,1.95565,1,2.484861068,,,36,1,2019_Oct_02_1542,FaceNameBlocked,3.0.0,84.99538768,
119,FacesBlock4_v2.xlsx,Dylan.mp4,Dylan.JPG,Dylan,50,Տելան,0,3,3,3,,,,,0,13,13,5,,,,,,,,andrew,"['a', 'n', 'd', 'r', 'e', 'w']","[2.473040377997677, 2.685160567998537, 3.0849332630023127, 3.3654885529977037, 3.589186705998145, 3.8499156339967158]",[2.47304,2.47304,2,1.54348013,,,36,1,2019_Oct_02_1542,FaceNameBlocked,3.0.0,84.99538768,
102,FacesBlock4_v2.xlsx,Dylan.mp4,Dylan.JPG,Dylan,50,Տելան,0,3,3,3,0,11,11,5,,,,,,,1,1,1.132162867,,,,,,,,,,,,36,1,2019_Oct_02_1542,FaceNameBlocked,3.0.0,84.99538768,
108,FacesBlock4_v2.xlsx,Emily.mp4,Emily.JPG,Emily,57,Էմիլե,0,3,3,3,,,,,0,2,2,12,,,,,,,,michelle,"['m', 'i', 'c', 'h', 'e', 'l', 'l', 'e']","[3.955354684003396, 4.015375535003841, 4.5207735230069375, 4.661667852997198, 4.930266662995564, 5.627021210995736, 5.802877936002915, 5.873666030995082]",[3.95535,3.95535,1,1.250600832,,,36,1,2019_Oct_02_1542,FaceNameBlocked,3.0.0,84.99538768,
100,FacesBlock4_v2.xlsx,Emily.mp4,Emily.JPG,Emily,57,Էմիլե,0,3,3,3,0,9,9,12,,,,,,,1,2,0.944768145,,,,,,,,,,,,36,1,2019_Oct_02_1542,FaceNameBlocked,3.0.0,84.99538768,
21,FacesBlock1_v2.xlsx,Eric.mp4,Eric.JPG,Eric,0,Էրիգ,0,0,0,0,,,,,0,5,5,0,,,,,,,,tom,"['t', 'o', 'm']","[3.6973342660057824, 3.8379383260034956, 3.955172507005045]",[3.69733,3.69733,1,1.060933709,,,36,1,2019_Oct_02_1542,FaceNameBlocked,3.0.0,84.99538768,
15,FacesBlock1_v2.xlsx,Eric.mp4,Eric.JPG,Eric,0,Էրիգ,0,0,0,0,0,14,14,0,,,,,,,1,1,0.802453213,,,,,,,,,,,,36,1,2019_Oct_02_1542,FaceNameBlocked,3.0.0,84.99538768,
4,FacesBlock1_v2.xlsx,Ethan.mp4,Ethan.JPG,Ethan,11,Էդհան,0,0,0,0,0,3,3,11,,,,,,,1,1,2.167356821,,,,,,,,,,,,36,1,2019_Oct_02_1542,FaceNameBlocked,3.0.0,84.99538768,
28,FacesBlock1_v2.xlsx,Ethan.mp4,Ethan.JPG,Ethan,11,Էդհան,0,0,0,0,,,,,0,12,12,11,,,,,,,,lucas,"['l', 'u', 'c', 'a', 's']","[3.0727973399916664, 3.3672396420006407, 3.5437615720002213, 4.23761972200009, 4.449055306002265]",[3.07279,3.07279,1,1.190818612,,,36,1,2019_Oct_02_1542,FaceNameBlocked,3.0.0,84.99538768,
91,FacesBlock4_v2.xlsx,Grace.mp4,Grace.JPG,Grace,58,Կրագէ,0,3,3,3,0,0,0,13,,,,,,,1,2,3.673208259,,,,,,,,,,,,36,1,2019_Oct_02_1542,FaceNameBlocked,3.0.0,84.99538768,
106,FacesBlock4_v2.xlsx,Grace.mp4,Grace.JPG,Grace,58,Կրագէ,0,3,3,3,,,,,0,0,0,13,,,,,,space,18.64951749,grace,"['g', 'r', 'a', 'c', 'e']","[1.214007339993259, 1.5064479739958188, 1.7201325179921696, 1.896123495986103, 2.060822143990663]",[1.21400,1.21400,4,1.120171801,,,36,1,2019_Oct_02_1542,FaceNameBlocked,3.0.0,84.99538768,
57,FacesBlock2_v2.xlsx,Haley.mp4,Haley.JPG,Haley,20,Հալէե,0,1,1,1,,,,,0,11,11,5,,,,,,,,jessica,"['j', 'e', 's', 's', 'i', 'c', 'a']","[5.99083187499491, 6.155429449994699, 6.414383562994772, 6.709069592994638, 6.884697938992758, 7.166691165999509, 7.684855177998543]",[5.99083,5.99083,1,0.979304972,,,36,1,2019_Oct_02_1542,FaceNameBlocked,3.0.0,84.99538768,
41,FacesBlock2_v2.xlsx,Haley.mp4,Haley.JPG,Haley,20,Հալէե,0,1,1,1,0,10,10,5,,,,,,,0,2,0.885286933,,,,,,,,,,,,36,1,2019_Oct_02_1542,FaceNameBlocked,3.0.0,84.99538768,
20,FacesBlock1_v2.xlsx,Hannah.mp4,Hannah.JPG,Hannah,1,Հաննահ,0,0,0,0,,,,,0,4,4,1,,,,,,,,sarah,"['s', 'a', 'r', 'a', 'h']","[3.590411852012039, 3.8129107270069653, 3.907970235013636, 4.507947387013701, 4.731335157004651]",[3.59041,3.59041,1,1.167459956,,,36,1,2019_Oct_02_1542,FaceNameBlocked,3.0.0,84.99538768,
2,FacesBlock1_v2.xlsx,Hannah.mp4,Hannah.JPG,Hannah,1,Հաննահ,0,0,0,0,0,1,1,1,,,,,,,0,2,3.261989381,,,,,,,,,,,,36,1,2019_Oct_02_1542,FaceNameBlocked,3.0.0,84.99538768,
31,FacesBlock2_v2.xlsx,Heather.mp4,Heather.JPG,Heather,26,Հէադհէր,0,1,1,1,0,0,0,11,,,,,,,1,2,1.921354129,,,,,,,,,,,,36,1,2019_Oct_02_1542,FaceNameBlocked,3.0.0,84.99538768,
47,FacesBlock2_v2.xlsx,Heather.mp4,Heather.JPG,Heather,26,Հէադհէր,0,1,1,1,,,,,0,1,1,11,,,,,,,,heather,"['h', 'e', 'a', 't', 'h', 'e', 'r']","[1.3797621119883843, 1.5436319489963353, 1.837604347994784, 2.0123426880018087, 2.2122495169896865, 2.343702222002321, 2.566806852002628]",[1.37976,1.37976,4,1.108413088,,,36,1,2019_Oct_02_1542,FaceNameBlocked,3.0.0,84.99538768,
71,FacesBlock3_v2.xlsx,Jacob.mp4,Jacob.JPG,Jacob,39,Ճագոբ,0,2,2,2,0,10,10,9,,,,,,,0,1,0.791230329,,,,,,,,,,,,36,1,2019_Oct_02_1542,FaceNameBlocked,3.0.0,84.99538768,
90,FacesBlock3_v2.xlsx,Jacob.mp4,Jacob.JPG,Jacob,39,Ճագոբ,0,2,2,2,,,,,0,14,14,9,,,,,,,,jacob,"['j', 'a', 'c', 'o', 'b']","[2.5090608750033425, 2.7675758480036166, 3.05030552399694, 3.732557251001708, 4.062377232010476]",[2.50906,2.50906,4,1.295716631,,,36,1,2019_Oct_02_1542,FaceNameBlocked,3.0.0,84.99538768,
118,FacesBlock4_v2.xlsx,Jason.mp4,Jason.JPG,Jason,49,Ճասոն,0,3,3,3,,,,,0,12,12,4,,,,,,,,,None,,,,1,1.612380664,,,36,1,2019_Oct_02_1542,FaceNameBlocked,3.0.0,84.99538768,
92,FacesBlock4_v2.xlsx,Jason.mp4,Jason.JPG,Jason,49,Ճասոն,0,3,3,3,0,1,1,4,,,,,,,1,1,8.721158239,,,,,,,,,,,,36,1,2019_Oct_02_1542,FaceNameBlocked,3.0.0,84.99538768,
30,FacesBlock1_v2.xlsx,Jenna.mp4,Jenna.JPG,Jenna,6,Ճէննա,0,0,0,0,,,,,0,14,14,6,,,,,,,,sarah,"['s', 'a', 'r', 'a', 'h']","[5.555290154996328, 5.789373813997372, 6.014565727004083, 6.332827528996859, 6.602682644996094]",[5.55529,5.55529,1,1.80298057,,,36,1,2019_Oct_02_1542,FaceNameBlocked,3.0.0,84.99538768,
14,FacesBlock1_v2.xlsx,Jenna.mp4,Jenna.JPG,Jenna,6,Ճէննա,0,0,0,0,0,13,13,6,,,,,,,0,2,0.778828577,,,,,,,,,,,,36,1,2019_Oct_02_1542,FaceNameBlocked,3.0.0,84.99538768,
50,FacesBlock2_v2.xlsx,Jeremy.mp4,Jeremy.JPG,Jeremy,15,Ճէրէմե,0,1,1,1,,,,,0,4,4,0,,,,,,,,tre,"['d', 'a', 'v', 'backspace', 'backspace', 'backspace', 't', 'r', 'e']","[5.437508540999261, 5.732430641990504, 5.9678837259998545, 6.9788426969898865, 7.214347646993701, 7.436402195991832, 9.236458263985696, 9.485648844987736, 9.72088695599814]",[5.43750,5.43750,1,3.391197918,,,36,1,2019_Oct_02_1542,FaceNameBlocked,3.0.0,84.99538768,
32,FacesBlock2_v2.xlsx,Jeremy.mp4,Jeremy.JPG,Jeremy,15,Ճէրէմե,0,1,1,1,0,1,1,0,,,,,,,0,1,2.850641225,,,,,,,,,,,,36,1,2019_Oct_02_1542,FaceNameBlocked,3.0.0,84.99538768,
18,FacesBlock1_v2.xlsx,Jessica.mp4,Jessica.JPG,Jessica,8,Ճէսսիգա,0,0,0,0,,,,,0,2,2,8,,,,,,,,,None,,,,1,2.508624563,,,36,1,2019_Oct_02_1542,FaceNameBlocked,3.0.0,84.99538768,
8,FacesBlock1_v2.xlsx,Jessica.mp4,Jessica.JPG,Jessica,8,Ճէսսիգա,0,0,0,0,0,7,7,8,,,,,,,1,2,2.155362964,,,,,,,,,,,,36,1,2019_Oct_02_1542,FaceNameBlocked,3.0.0,84.99538768,
58,FacesBlock2_v2.xlsx,Josh.mp4,Josh.JPG,Josh,19,Ճոսհ,0,1,1,1,,,,,0,12,12,4,,,,,,,,,None,,,,1,4.320606949,,,36,1,2019_Oct_02_1542,FaceNameBlocked,3.0.0,84.99538768,
34,FacesBlock2_v2.xlsx,Josh.mp4,Josh.JPG,Josh,19,Ճոսհ,0,1,1,1,0,3,3,4,,,,,,,0,1,2.709155002,,,,,,,,,,,,36,1,2019_Oct_02_1542,FaceNameBlocked,3.0.0,84.99538768,
10,FacesBlock1_v2.xlsx,Julia.mp4,Julia.JPG,Julia,13,Ճըլիա,0,0,0,0,0,9,9,13,,,,,,,1,2,0.624334464,,,,,,,,,,,,36,1,2019_Oct_02_1542,FaceNameBlocked,3.0.0,84.99538768,
16,FacesBlock1_v2.xlsx,Julia.mp4,Julia.JPG,Julia,13,Ճըլիա,0,0,0,0,,,,,0,0,0,13,,,,,,space,48.05190501,sarah ,"['s', 'a', 'r', 'a', 'h', 'space']","[6.391347233991837, 6.731745928991586, 6.895935605993145, 7.649268850989756, 7.767702953002299, 9.662045963996206]",[6.39134,6.39134,2,2.131666154,,,36,1,2019_Oct_02_1542,FaceNameBlocked,3.0.0,84.99538768,
45,FacesBlock2_v2.xlsx,Justin.mp4,Justin.JPG,Justin,27,Ճըսդին,0,1,1,1,0,14,14,12,,,,,,,1,1,0.506840536,,,,,,,,,,,,36,1,2019_Oct_02_1542,FaceNameBlocked,3.0.0,84.99538768,
53,FacesBlock2_v2.xlsx,Justin.mp4,Justin.JPG,Justin,27,Ճըսդին,0,1,1,1,,,,,0,7,7,12,,,,,,,,,None,,,,1,1.496735431,,,36,1,2019_Oct_02_1542,FaceNameBlocked,3.0.0,84.99538768,
111,FacesBlock4_v2.xlsx,Katie.mp4,Katie.JPG,Katie,54,Քադիէ,0,3,3,3,,,,,0,5,5,9,,,,,,,,katie,"['k', 'a', 't', 'i', 'e']","[4.802775957010454, 5.14409230700403, 5.306819864999852, 5.614511905005202, 5.897093610008596]",[4.80277,4.80277,2,1.425916638,,,36,1,2019_Oct_02_1542,FaceNameBlocked,3.0.0,84.99538768,
104,FacesBlock4_v2.xlsx,Katie.mp4,Katie.JPG,Katie,54,Քադիէ,0,3,3,3,0,13,13,9,,,,,,,1,2,1.69736093,,,,,,,,,,,,36,1,2019_Oct_02_1542,FaceNameBlocked,3.0.0,84.99538768,
68,FacesBlock3_v2.xlsx,Kayla.mp4,Kayla.JPG,Kayla,34,Սարահ,0,2,2,2,0,7,7,4,,,,,,,1,2,1.34433526,,,,,,,,,,,,36,1,2019_Oct_02_1542,FaceNameBlocked,3.0.0,84.99538768,
77,FacesBlock3_v2.xlsx,Kayla.mp4,Kayla.JPG,Kayla,34,Սարահ,0,2,2,2,,,,,0,1,1,4,,,,,,,,rebecca,"['r', 'e', 'b', 'e', 'c', 'c', 'a']","[1.7203981389902765, 1.9911355189979076, 2.2848943769931793, 2.8378272249974543, 3.3319570099993143, 3.5088595589913893, 3.6591589210001985]",[1.72039,1.72039,4,1.108048967,,,36,1,2019_Oct_02_1542,FaceNameBlocked,3.0.0,84.99538768,
17,FacesBlock1_v2.xlsx,Kelsey.mp4,Kelsey.JPG,Kelsey,12,Քէլսէե,0,0,0,0,,,,,0,1,1,12,,,,,,,,jessica,"['j', 'e', 's', 's', 'i', 'c', 'a', 'return']","[3.6382159650092945, 3.861545707011828, 4.461566700003459, 4.673220207012491, 5.237473131011939, 5.438036407009349, 5.741890775010688, 7.284487978002289]",[3.63821,3.63821,2,4.343500446,,,36,1,2019_Oct_02_1542,FaceNameBlocked,3.0.0,84.99538768,
13,FacesBlock1_v2.xlsx,Kelsey.mp4,Kelsey.JPG,Kelsey,12,Քէլսէե,0,0,0,0,0,12,12,12,,,,,,,1,2,0.721115052,,,,,,,,,,,,36,1,2019_Oct_02_1542,FaceNameBlocked,3.0.0,84.99538768,
69,FacesBlock3_v2.xlsx,Kevin.mp4,Kevin.JPG,Kevin,41,Քէւին,0,2,2,2,0,8,8,11,,,,,,,0,1,0.95613938,,,,,,,,,,,,36,1,2019_Oct_02_1542,FaceNameBlocked,3.0.0,84.99538768,
84,FacesBlock3_v2.xlsx,Kevin.mp4,Kevin.JPG,Kevin,41,Քէւին,0,2,2,2,,,,,0,8,8,11,,,,,,,,nathan,"['n', 'a', 't', 'h', 'a', 'n']","[4.8854256860067835, 5.214197319000959, 5.461994035009411, 5.741925139998784, 5.943774569008383, 6.0852267400041455]",[4.88542,4.88542,1,1.47309714,,,36,1,2019_Oct_02_1542,FaceNameBlocked,3.0.0,84.99538768,
26,FacesBlock1_v2.xlsx,Kyle.mp4,Kyle.JPG,Kyle,4,Քելէ,0,0,0,0,,,,,0,10,10,4,,,,,,,,james,"['j', 'a', 'm', 'e', 's']","[3.1673598289926304, 3.331658929993864, 3.5436145599960582, 3.720194374996936, 3.9545430979924276]",[3.16735,3.16735,1,0.967104191,,,36,1,2019_Oct_02_1542,FaceNameBlocked,3.0.0,84.99538768,
3,FacesBlock1_v2.xlsx,Kyle.mp4,Kyle.JPG,Kyle,4,Քելէ,0,0,0,0,0,2,2,4,,,,,,,0,1,0.858981068,,,,,,,,,,,,36,1,2019_Oct_02_1542,FaceNameBlocked,3.0.0,84.99538768,
62,FacesBlock3_v2.xlsx,Lauren.mp4,Lauren.JPG,Lauren,38,Լաըրէն,0,2,2,2,0,1,1,8,,,,,,,1,2,3.944180098,,,,,,,,,,,,36,1,2019_Oct_02_1542,FaceNameBlocked,3.0.0,84.99538768,
89,FacesBlock3_v2.xlsx,Lauren.mp4,Lauren.JPG,Lauren,38,Լաըրէն,0,2,2,2,,,,,0,13,13,8,,,,,,,,lauren,"['l', 'a', 'u', 'r', 'e', 'n']","[1.8615253269963432, 2.04933696599619, 2.2255828019988257, 2.5308126599993557, 2.743426802990143, 2.9078810409992]",[1.86152,1.86152,4,1.507823292,,,36,1,2019_Oct_02_1542,FaceNameBlocked,3.0.0,84.99538768,
76,FacesBlock3_v2.xlsx,Mark.mp4,Mark.JPG,Mark,40,Մարք,0,2,2,2,,,,,0,0,0,10,,,,,,space,5.271321019,,None,,,,1,1.414668822,,,36,1,2019_Oct_02_1542,FaceNameBlocked,3.0.0,84.99538768,
63,FacesBlock3_v2.xlsx,Mark.mp4,Mark.JPG,Mark,40,Մարք,0,2,2,2,0,2,2,10,,,,,,,1,1,2.345111763,,,,,,,,,,,,36,1,2019_Oct_02_1542,FaceNameBlocked,3.0.0,84.99538768,
9,FacesBlock1_v2.xlsx,Matthew.mp4,Matthew.JPG,Matthew,9,Մադդհէվ,0,0,0,0,0,8,8,9,,,,,,,0,1,2.792020206,,,,,,,,,,,,36,1,2019_Oct_02_1542,FaceNameBlocked,3.0.0,84.99538768,
29,FacesBlock1_v2.xlsx,Matthew.mp4,Matthew.JPG,Matthew,9,Մադդհէվ,0,0,0,0,,,,,0,13,13,9,,,,,,,,,None,,,,1,2.178102496,,,36,1,2019_Oct_02_1542,FaceNameBlocked,3.0.0,84.99538768,
60,FacesBlock2_v2.xlsx,Megan.mp4,Megan.JPG,Megan,25,Մէկան,0,1,1,1,,,,,0,14,14,10,,,,,,,,,None,,,,1,3.70766519,,,36,1,2019_Oct_02_1542,FaceNameBlocked,3.0.0,84.99538768,
35,FacesBlock2_v2.xlsx,Megan.mp4,Megan.JPG,Megan,25,Մէկան,0,1,1,1,0,4,4,10,,,,,,,0,2,1.10884803,,,,,,,,,,,,36,1,2019_Oct_02_1542,FaceNameBlocked,3.0.0,84.99538768,
99,FacesBlock4_v2.xlsx,Michael.mp4,Michael.JPG,Michael,46,Միգհաէլ,0,3,3,3,0,8,8,1,,,,,,,1,1,0.9908247,,,,,,,,,,,,36,1,2019_Oct_02_1542,FaceNameBlocked,3.0.0,84.99538768,
115,FacesBlock4_v2.xlsx,Michael.mp4,Michael.JPG,Michael,46,Միգհաէլ,0,3,3,3,,,,,0,9,9,1,,,,,,,,,None,,,,1,1.308647413,,,36,1,2019_Oct_02_1542,FaceNameBlocked,3.0.0,84.99538768,
117,FacesBlock4_v2.xlsx,Michelle.mp4,Michelle.JPG,Michelle,52,Միգհէլլէ,0,3,3,3,,,,,0,11,11,7,,,,,,,,,None,,,,1,2.237330527,,,36,1,2019_Oct_02_1542,FaceNameBlocked,3.0.0,84.99538768,
98,FacesBlock4_v2.xlsx,Michelle.mp4,Michelle.JPG,Michelle,52,Միգհէլլէ,0,3,3,3,0,7,7,7,,,,,,,0,2,0.473429178,,,,,,,,,,,,36,1,2019_Oct_02_1542,FaceNameBlocked,3.0.0,84.99538768,
12,FacesBlock1_v2.xlsx,Natalie.mp4,Natalie.JPG,Natalie,7,Նադալիէ,0,0,0,0,0,11,11,7,,,,,,,0,2,0.744090008,,,,,,,,,,,,36,1,2019_Oct_02_1542,FaceNameBlocked,3.0.0,84.99538768,
19,FacesBlock1_v2.xlsx,Natalie.mp4,Natalie.JPG,Natalie,7,Նադալիէ,0,0,0,0,,,,,0,3,3,7,,,,,,,,amy ,"['a', 'm', 'y', 'return', 'space']","[1.9660613129963167, 2.0957671549986117, 2.3301965189893963, 3.0828543410025304, 7.236467750000884]",[1.96606,1.96606,1,1.19028395,,,36,1,2019_Oct_02_1542,FaceNameBlocked,3.0.0,84.99538768,
65,FacesBlock3_v2.xlsx,Nathan.mp4,Nathan.JPG,Nathan,37,Նադհան,0,2,2,2,0,4,4,7,,,,,,,0,1,1.155541055,,,,,,,,,,,,36,1,2019_Oct_02_1542,FaceNameBlocked,3.0.0,84.99538768,
86,FacesBlock3_v2.xlsx,Nathan.mp4,Nathan.JPG,Nathan,37,Նադհան,0,2,2,2,,,,,0,10,10,7,,,,,,,,jason,"['j', 'a', 's', 'o', 'n']","[6.402488644991536, 6.543948029997409, 6.803033973003039, 6.94389055899228, 7.085185896998155]",[6.40248,6.40248,2,1.084510952,,,36,1,2019_Oct_02_1542,FaceNameBlocked,3.0.0,84.99538768,
88,FacesBlock3_v2.xlsx,Nicole.mp4,Nicole.JPG,Nicole,43,Նիգոլէ,0,2,2,2,,,,,0,12,12,13,,,,,,,,,None,,,,1,1.002028896,,,36,1,2019_Oct_02_1542,FaceNameBlocked,3.0.0,84.99538768,
75,FacesBlock3_v2.xlsx,Nicole.mp4,Nicole.JPG,Nicole,43,Նիգոլէ,0,2,2,2,0,14,14,13,,,,,,,1,2,1.980060062,,,,,,,,,,,,36,1,2019_Oct_02_1542,FaceNameBlocked,3.0.0,84.99538768,
74,FacesBlock3_v2.xlsx,Noah.mp4,Noah.JPG,Noah,31,Նոահ,0,2,2,2,0,13,13,1,,,,,,,0,1,0.686355033,,,,,,,,,,,,36,1,2019_Oct_02_1542,FaceNameBlocked,3.0.0,84.99538768,
87,FacesBlock3_v2.xlsx,Noah.mp4,Noah.JPG,Noah,31,Նոահ,0,2,2,2,,,,,0,11,11,1,,,,,,,,noah,"['n', 'o', 'a', 'h']","[3.3091121580073377, 3.4495293290092377, 3.791289492000942, 3.955703898012871]",[3.30911,3.30911,1,1.237709935,,,36,1,2019_Oct_02_1542,FaceNameBlocked,3.0.0,84.99538768,
82,FacesBlock3_v2.xlsx,Olivia.mp4,Olivia.JPG,Olivia,35,Ոլիւիա,0,2,2,2,,,,,0,6,6,5,,,,,,,,,None,,,,1,0.614249538,,,36,1,2019_Oct_02_1542,FaceNameBlocked,3.0.0,84.99538768,
66,FacesBlock3_v2.xlsx,Olivia.mp4,Olivia.JPG,Olivia,35,Ոլիւիա,0,2,2,2,0,5,5,5,,,,,,,1,2,1.496464196,,,,,,,,,,,,36,1,2019_Oct_02_1542,FaceNameBlocked,3.0.0,84.99538768,
38,FacesBlock2_v2.xlsx,Rachel.mp4,Rachel.JPG,Rachel,29,Րագհէլ,0,1,1,1,0,7,7,14,,,,,,,1,2,0.732591544,,,,,,,,,,,,36,1,2019_Oct_02_1542,FaceNameBlocked,3.0.0,84.99538768,
55,FacesBlock2_v2.xlsx,Rachel.mp4,Rachel.JPG,Rachel,29,Րագհէլ,0,1,1,1,,,,,0,9,9,14,,,,,,,,,None,,,,1,1.354618787,,,36,1,2019_Oct_02_1542,FaceNameBlocked,3.0.0,84.99538768,
79,FacesBlock3_v2.xlsx,Rebecca.mp4,Rebecca.JPG,Rebecca,32,Րէբէգգա,0,2,2,2,,,,,0,3,3,2,,,,,,,,jessica,"['e', 'backspace', 'j', 'e', 's', 's', 'i', 'c', 'a']","[5.223727347998647, 6.095997475000331, 6.649709489996894, 6.87247743899934, 7.344744147994788, 7.567563528995379, 8.320292773991241, 8.64994248599396, 9.120373247991665]",[5.22372,5.22372,2,1.791048938,,,36,1,2019_Oct_02_1542,FaceNameBlocked,3.0.0,84.99538768,
73,FacesBlock3_v2.xlsx,Rebecca.mp4,Rebecca.JPG,Rebecca,32,Րէբէգգա,0,2,2,2,0,12,12,2,,,,,,,1,2,1.308545017,,,,,,,,,,,,36,1,2019_Oct_02_1542,FaceNameBlocked,3.0.0,84.99538768,
83,FacesBlock3_v2.xlsx,Sarah.mp4,Sarah.JPG,Sarah,33,Սարահ,0,2,2,2,,,,,0,7,7,3,,,,,,,,taylor,"['t', 'a', 'y', 'l', 'o', 'r']","[5.532125961995916, 5.779179491990362, 6.097613081990858, 6.7187185369984945, 6.88528824900277, 7.061491949993069]",[5.53212,5.53212,1,1.494037985,,,36,1,2019_Oct_02_1542,FaceNameBlocked,3.0.0,84.99538768,
67,FacesBlock3_v2.xlsx,Sarah.mp4,Sarah.JPG,Sarah,33,Սարահ,0,2,2,2,0,6,6,3,,,,,,,0,1,0.627221539,,,,,,,,,,,,36,1,2019_Oct_02_1542,FaceNameBlocked,3.0.0,84.99538768,
81,FacesBlock3_v2.xlsx,Shelby.mp4,Shelby.JPG,Shelby,36,Սհէլբե,0,2,2,2,,,,,0,5,5,6,,,,,,,,,None,,,,1,4.119315279,,,36,1,2019_Oct_02_1542,FaceNameBlocked,3.0.0,84.99538768,
61,FacesBlock3_v2.xlsx,Shelby.mp4,Shelby.JPG,Shelby,36,Սհէլբե,0,2,2,2,0,0,0,6,,,,,,,1,2,3.274019659,,,,,,,,,,,,36,1,2019_Oct_02_1542,FaceNameBlocked,3.0.0,84.99538768,
36,FacesBlock2_v2.xlsx,Steven.mp4,Steven.JPG,Steven,17,Սդէւէն,0,1,1,1,0,5,5,2,,,,,,,0,1,1.52122768,,,,,,,,,,,,36,1,2019_Oct_02_1542,FaceNameBlocked,3.0.0,84.99538768,
56,FacesBlock2_v2.xlsx,Steven.mp4,Steven.JPG,Steven,17,Սդէւէն,0,1,1,1,,,,,0,10,10,2,,,,,,,,,None,,,,1,0.635856409,,,36,1,2019_Oct_02_1542,FaceNameBlocked,3.0.0,84.99538768,
112,FacesBlock4_v2.xlsx,Taylor.mp4,Taylor.JPG,Taylor,45,Դաելոր,0,3,3,3,,,,,0,6,6,0,,,,,,,,,None,,,,1,1.814017877,,,36,1,2019_Oct_02_1542,FaceNameBlocked,3.0.0,84.99538768,
97,FacesBlock4_v2.xlsx,Taylor.mp4,Taylor.JPG,Taylor,45,Դաելոր,0,3,3,3,0,6,6,0,,,,,,,0,2,0.42578,,,,,,,,,,,,36,1,2019_Oct_02_1542,FaceNameBlocked,3.0.0,84.99538768,
85,FacesBlock3_v2.xlsx,Thomas.mp4,Thomas.JPG,Thomas,44,Դհոմաս,0,2,2,2,,,,,0,9,9,14,,,,,,,,thomas,"['t', 'h', 'o', 'm', 'a', 's']","[4.402946522997809, 4.659150010993471, 4.979102035998949, 5.202698289998807, 5.46186003999901, 5.909122871002182]",[4.40294,4.40294,3,1.482738322,,,36,1,2019_Oct_02_1542,FaceNameBlocked,3.0.0,84.99538768,
72,FacesBlock3_v2.xlsx,Thomas.mp4,Thomas.JPG,Thomas,44,Դհոմաս,0,2,2,2,0,11,11,14,,,,,,,1,1,0.896588028,,,,,,,,,,,,36,1,2019_Oct_02_1542,FaceNameBlocked,3.0.0,84.99538768,
6,FacesBlock1_v2.xlsx,Timothy.mp4,Timothy.JPG,Timothy,10,Դիմոդհե,0,0,0,0,0,5,5,10,,,,,,,0,1,1.319722953,,,,,,,,,,,,36,1,2019_Oct_02_1542,FaceNameBlocked,3.0.0,84.99538768,
24,FacesBlock1_v2.xlsx,Timothy.mp4,Timothy.JPG,Timothy,10,Դիմոդհե,0,0,0,0,,,,,0,8,8,10,,,,,,,,luke,"['l', 'u', 'k', 'e']","[6.155895063988282, 6.460629331995733, 7.238085848992341, 7.355244601989398]",[6.15589,6.15589,1,1.059531801,,,36,1,2019_Oct_02_1542,FaceNameBlocked,3.0.0,84.99538768,
39,FacesBlock2_v2.xlsx,Trevor.mp4,Trevor.JPG,Trevor,21,Դրէւոր,0,1,1,1,0,8,8,6,,,,,,,1,1,1.286342303,,,,,,,,,,,,36,1,2019_Oct_02_1542,FaceNameBlocked,3.0.0,84.99538768,
52,FacesBlock2_v2.xlsx,Trevor.mp4,Trevor.JPG,Trevor,21,Դրէւոր,0,1,1,1,,,,,0,6,6,6,,,,,,,,noah,"['n', 'o', 'a', 'h']","[6.155998903006548, 6.296344243004569, 6.5200473020086065, 6.673420247010654]",[6.15599,6.15599,1,1.684950915,,,36,1,2019_Oct_02_1542,FaceNameBlocked,3.0.0,84.99538768,
40,FacesBlock2_v2.xlsx,Tyler.mp4,Tyler.JPG,Tyler,22,Դելէր,0,1,1,1,0,9,9,7,,,,,,,1,1,0.685047809,,,,,,,,,,,,36,1,2019_Oct_02_1542,FaceNameBlocked,3.0.0,84.99538768,
51,FacesBlock2_v2.xlsx,Tyler.mp4,Tyler.JPG,Tyler,22,Դելէր,0,1,1,1,,,,,0,5,5,7,,,,,,,,,None,,,,1,1.025292443,,,36,1,2019_Oct_02_1542,FaceNameBlocked,3.0.0,84.99538768,
0,,,,,,,,,,,,,,,,,,,space,5.298727988,,,,,,,,,,,,,,,36,1,2019_Oct_02_1542,FaceNameBlocked,3.0.0,84.99538768,
121,,,,,,,,,,,,,,,,,,,,,,,,,,,,,,,,,space,7.591273989,36,1,2019_Oct_02_1542,FaceNameBlocked,3.0.0,84.99538768,