,condsFile,Video,Photo,Name,Row,Name2,blocks.thisRepN,blocks.thisTrialN,blocks.thisN,blocks.thisIndex,presentations.thisRepN,presentations.thisTrialN,presentations.thisN,presentations.thisIndex,testing.thisRepN,testing.thisTrialN,testing.thisN,testing.thisIndex,advance_1.keys,advance_1.rt,currentCond,judgementResp.keys,judgementResp.rt,advance_2.keys,advance_2.rt,inputText,key_resp_3.keys,key_resp_3.rt,,key_resp3_fin,rating_resp.keys,rating_resp.rt,end_key.keys,end_key.rt,participant,session,date,expName,psychopyVersion,frameRate,Unnamed: 38
55,FacesBlock2_v2.xlsx,Aaron.mp4,Aaron.JPG,Aaron,18,Աարոն,0,1,1,1,,,,,0,9,9,3,,,,,,,,dustin,"['d', 'u', 's', 't', 'i', 'm', 'backspace', 'n']","[5.334287569159642, 5.532078108983114, 5.633305109106004, 5.950689482036978, 6.250444841105491, 6.617036710027605, 7.415539137087762, 7.766748622991145]",[5.33428,5.33428,1,0.851727853,,,48,1,2019_Oct_17_1252,FaceNameBlocked,3.0.0,60.02670973,
45,FacesBlock2_v2.xlsx,Aaron.mp4,Aaron.JPG,Aaron,18,Աարոն,0,1,1,1,0,14,14,3,,,,,,,1,1,0.569628279,,,,,,,,,,,,48,1,2019_Oct_17_1252,FaceNameBlocked,3.0.0,60.02670973,
22,FacesBlock1_v2.xlsx,Adam.mp4,Adam.JPG,Adam,5,Ատամ,0,0,0,0,,,,,0,6,6,5,,,,,,,,jim,"['j', 'i', 'm']","[4.234995745122433, 4.567870514001697, 4.951310464181006]",[4.23499,4.23499,1,0.851874532,,,48,1,2019_Oct_17_1252,FaceNameBlocked,3.0.0,60.02670973,
5,FacesBlock1_v2.xlsx,Adam.mp4,Adam.JPG,Adam,5,Ատամ,0,0,0,0,0,4,4,5,,,,,,,1,1,0.485564352,,,,,,,,,,,,48,1,2019_Oct_17_1252,FaceNameBlocked,3.0.0,60.02670973,
120,FacesBlock4_v2.xlsx,Alyssa.mp4,Alyssa.JPG,Alyssa,55,Ալեսսա,0,3,3,3,,,,,0,14,14,10,,,,,,,,grace,"['g', 'r', 'a', 'e', 'backspace', 'c', 'e']","[4.917047061957419, 5.267497187945992, 5.767090367851779, 6.2003372649196535, 6.898993827868253, 7.100134017877281, 7.449591138865799]",[4.91704,4.91704,1,0.717923244,,,48,1,2019_Oct_17_1252,FaceNameBlocked,3.0.0,60.02670973,
92,FacesBlock4_v2.xlsx,Alyssa.mp4,Alyssa.JPG,Alyssa,55,Ալեսսա,0,3,3,3,0,1,1,10,,,,,,,1,2,1.636048992,,,,,,,,,,,,48,1,2019_Oct_17_1252,FaceNameBlocked,3.0.0,60.02670973,
18,FacesBlock1_v2.xlsx,Amanda.mp4,Amanda.JPG,Amanda,2,Ամանտա,0,0,0,0,,,,,0,2,2,2,,,,,,,,fatima,"['f', 'a', 't', 'i', 'm', 'a']","[4.801597950048745, 5.234601587057114, 5.434850190067664, 5.933818876044825, 6.3007633769884706, 6.515659250086173]",[4.80159,4.80159,2,1.968214956,,,48,1,2019_Oct_17_1252,FaceNameBlocked,3.0.0,60.02670973,
14,FacesBlock1_v2.xlsx,Amanda.mp4,Amanda.JPG,Amanda,2,Ամանտա,0,0,0,0,0,13,13,2,,,,,,,1,2,0.369430828,,,,,,,,,,,,48,1,2019_Oct_17_1252,FaceNameBlocked,3.0.0,60.02670973,
97,FacesBlock4_v2.xlsx,Andrew.mp4,Andrew.JPG,Andrew,51,Անտրէվ,0,3,3,3,0,6,6,6,,,,,,,1,1,0.869756512,,,,,,,,,,,,48,1,2019_Oct_17_1252,FaceNameBlocked,3.0.0,60.02670973,
108,FacesBlock4_v2.xlsx,Andrew.mp4,Andrew.JPG,Andrew,51,Անտրէվ,0,3,3,3,,,,,0,2,2,6,,,,,,,,pete,"['m', 'i', 'backspace', 'backspace', 'p', 'e', 't', 'e']","[4.717774729942903, 5.067466231063008, 5.6821165131405, 5.866623122943565, 6.367123030126095, 6.517063844949007, 6.700199672020972, 6.767518934095278]",[4.71777,4.71777,1,0.151983308,,,48,1,2019_Oct_17_1252,FaceNameBlocked,3.0.0,60.02670973,
119,FacesBlock4_v2.xlsx,Anna.mp4,Anna.JPG,Anna,47,Աննա,0,3,3,3,,,,,0,13,13,2,,,,,,,,jenny,"['j', 'e', 'n', 'n', 'y']","[4.801069973967969, 5.000666578067467, 5.2507437479216605, 5.417364796856418, 5.800521822879091]",[4.80106,4.80106,1,0.55232029,,,48,1,2019_Oct_17_1252,FaceNameBlocked,3.0.0,60.02670973,
96,FacesBlock4_v2.xlsx,Anna.mp4,Anna.JPG,Anna,47,Աննա,0,3,3,3,0,5,5,2,,,,,,,0,2,0.619912391,,,,,,,,,,,,48,1,2019_Oct_17_1252,FaceNameBlocked,3.0.0,60.02670973,
50,FacesBlock2_v2.xlsx,Ashley.mp4,Ashley.JPG,Ashley,24,Ասհլէե,0,1,1,1,,,,,0,4,4,9,,,,,,,,heather,"['h', 'e', 'a', 't', 'h', 'e', 'r']","[1.4350563560146838, 1.6522292359732091, 1.9852342340163887, 2.4017531101126224, 2.6184888060670346, 2.801663000136614, 2.968519347952679]",[1.43505,1.43505,4,0.51885761,,,48,1,2019_Oct_17_1252,FaceNameBlocked,3.0.0,60.02670973,
40,FacesBlock2_v2.xlsx,Ashley.mp4,Ashley.JPG,Ashley,24,Ասհլէե,0,1,1,1,0,9,9,9,,,,,,,1,2,0.50287456,,,,,,,,,,,,48,1,2019_Oct_17_1252,FaceNameBlocked,3.0.0,60.02670973,
6,FacesBlock1_v2.xlsx,Bradley.mp4,Bradley.JPG,Bradley,14,Բրատլէե,0,0,0,0,0,5,5,14,,,,,,,1,1,0.419300597,,,,,,,,,,,,48,1,2019_Oct_17_1252,FaceNameBlocked,3.0.0,60.02670973,
26,FacesBlock1_v2.xlsx,Bradley.mp4,Bradley.JPG,Bradley,14,Բրատլէե,0,0,0,0,,,,,0,10,10,14,,,,,,,,,None,,,,1,1.468610004,,,48,1,2019_Oct_17_1252,FaceNameBlocked,3.0.0,60.02670973,
104,FacesBlock4_v2.xlsx,Brandon.mp4,Brandon.JPG,Brandon,56,Բրանտոն,0,3,3,3,0,13,13,11,,,,,,,1,1,0.520115198,,,,,,,,,,,,48,1,2019_Oct_17_1252,FaceNameBlocked,3.0.0,60.02670973,
111,FacesBlock4_v2.xlsx,Brandon.mp4,Brandon.JPG,Brandon,56,Բրանտոն,0,3,3,3,,,,,0,5,5,11,,,,,,,,aj,"['a', 'backspace', 'a', 'j']","[4.918159377994016, 5.783972040982917, 6.6836575251072645, 7.133708418114111]",[4.91815,4.91815,1,1.20170459,,,48,1,2019_Oct_17_1252,FaceNameBlocked,3.0.0,60.02670973,
106,FacesBlock4_v2.xlsx,Brian.mp4,Brian.JPG,Brian,53,Բրիան,0,3,3,3,,,,,0,0,0,8,,,,,,space,3.267550264,andrew,"['a', 'n', 'd', 'r', 'e', 'w']","[2.317360926186666, 2.484235888114199, 2.6842071851715446, 2.9834870730992407, 3.367672590073198, 3.684228581143543]",[2.31736,2.31736,1,0.552145292,,,48,1,2019_Oct_17_1252,FaceNameBlocked,3.0.0,60.02670973,
99,FacesBlock4_v2.xlsx,Brian.mp4,Brian.JPG,Brian,53,Բրիան,0,3,3,3,0,8,8,8,,,,,,,1,1,0.519196108,,,,,,,,,,,,48,1,2019_Oct_17_1252,FaceNameBlocked,3.0.0,60.02670973,
109,FacesBlock4_v2.xlsx,Brianna.mp4,Brianna.JPG,Brianna,48,Բրիաննա,0,3,3,3,,,,,0,3,3,3,,,,,,,,angela,"['a', 'n', 'g', 'e', 'l', 'a']","[2.1678346530534327, 2.4015056011267006, 2.9013565129134804, 3.383885615039617, 3.5676514219958335, 3.7674984999466687]",[2.16783,2.16783,1,0.418766322,,,48,1,2019_Oct_17_1252,FaceNameBlocked,3.0.0,60.02670973,
100,FacesBlock4_v2.xlsx,Brianna.mp4,Brianna.JPG,Brianna,48,Բրիաննա,0,3,3,3,0,9,9,3,,,,,,,0,2,0.652768086,,,,,,,,,,,,48,1,2019_Oct_17_1252,FaceNameBlocked,3.0.0,60.02670973,
42,FacesBlock2_v2.xlsx,Brittany.mp4,Brittany.JPG,Brittany,28,Բրիդդանե,0,1,1,1,0,11,11,13,,,,,,,0,2,0.469415656,,,,,,,,,,,,48,1,2019_Oct_17_1252,FaceNameBlocked,3.0.0,60.02670973,
49,FacesBlock2_v2.xlsx,Brittany.mp4,Brittany.JPG,Brittany,28,Բրիդդանե,0,1,1,1,,,,,0,3,3,13,,,,,,,,brittany,"['b', 'r', 'i', 't', 't', 'a', 'n', 'y']","[1.3024362889118493, 1.4856379330158234, 1.7025657098274678, 1.8857237538322806, 2.0352659679483622, 2.5349369819741696, 2.734817158896476, 2.968526265816763]",[1.30243,1.30243,4,1.035395127,,,48,1,2019_Oct_17_1252,FaceNameBlocked,3.0.0,60.02670973,
93,FacesBlock4_v2.xlsx,Caleb.mp4,Caleb.JPG,Caleb,59,Գալէբ,0,3,3,3,0,2,2,14,,,,,,,1,1,1.352508014,,,,,,,,,,,,48,1,2019_Oct_17_1252,FaceNameBlocked,3.0.0,60.02670973,
107,FacesBlock4_v2.xlsx,Caleb.mp4,Caleb.JPG,Caleb,59,Գալէբ,0,3,3,3,,,,,0,1,1,14,,,,,,,,dylan,"['d', 'l', 'a', 'n', 'backspace', 'backspace', 'backspace', 'y', 'l', 'a', 'n']","[1.9190015480853617, 2.7686323560774326, 2.985298503190279, 3.168760991189629, 3.6677898271009326, 3.8508766521699727, 3.9842678590212017, 4.60139098810032, 4.984520683065057, 5.167499497067183, 5.301771583035588]",[1.91900,1.91900,2,0.501693196,,,48,1,2019_Oct_17_1252,FaceNameBlocked,3.0.0,60.02670973,
37,FacesBlock2_v2.xlsx,Cody.mp4,Cody.JPG,Cody,23,Գոտե,0,1,1,1,0,6,6,8,,,,,,,0,1,0.336234194,,,,,,,,,,,,48,1,2019_Oct_17_1252,FaceNameBlocked,3.0.0,60.02670973,
59,FacesBlock2_v2.xlsx,Cody.mp4,Cody.JPG,Cody,23,Գոտե,0,1,1,1,,,,,0,13,13,8,,,,,,,,trent,"['t', 'r', 'e', 'n', 't']","[7.164461778011173, 7.78269338211976, 8.515826390124857, 8.798956548096612, 9.0990921841003]",[7.16446,7.16446,1,1.218544826,,,48,1,2019_Oct_17_1252,FaceNameBlocked,3.0.0,60.02670973,
68,FacesBlock3_v2.xlsx,Courtney.mp4,Courtney.JPG,Courtney,42,Գոըրդնէե,0,2,2,2,0,7,7,12,,,,,,,1,2,0.586081698,,,,,,,,,,,,48,1,2019_Oct_17_1252,FaceNameBlocked,3.0.0,60.02670973,
80,FacesBlock3_v2.xlsx,Courtney.mp4,Courtney.JPG,Courtney,42,Գոըրդնէե,0,2,2,2,,,,,0,4,4,12,,,,,,,,jenn,"['j', 'e', 'n', 'n']","[2.2022428999189287, 2.435170488897711, 2.634309794055298, 3.784492539940402]",[2.20224,2.20224,1,1.01850349,,,48,1,2019_Oct_17_1252,FaceNameBlocked,3.0.0,60.02670973,
63,FacesBlock3_v2.xlsx,Daniel.mp4,Daniel.JPG,Daniel,30,Տանիէլ,0,2,2,2,0,2,2,0,,,,,,,0,1,0.303341496,,,,,,,,,,,,48,1,2019_Oct_17_1252,FaceNameBlocked,3.0.0,60.02670973,
82,FacesBlock3_v2.xlsx,Daniel.mp4,Daniel.JPG,Daniel,30,Տանիէլ,0,2,2,2,,,,,0,6,6,0,,,,,,,,richard,"['r', 'i', 'c', 'h', 'a', 'r', 'd']","[2.7647991301491857, 2.9843150621745735, 3.234308038139716, 3.400938074104488, 3.65094653214328, 4.0673546611797065, 4.316988653037697]",[2.76479,2.76479,1,0.885479406,,,48,1,2019_Oct_17_1252,FaceNameBlocked,3.0.0,60.02670973,
29,FacesBlock1_v2.xlsx,Danielle.mp4,Danielle.JPG,Danielle,3,Տանիէլլէ,0,0,0,0,,,,,0,13,13,3,,,,,,,,cynthia,"['c', 'y', 'n', 't', 'h', 'i', 'a']","[2.5843884150963277, 3.018062035087496, 3.3678944250568748, 3.584276920882985, 3.8344268759246916, 4.200970076024532, 4.382041004020721]",[2.58438,2.58438,2,1.185316963,,,48,1,2019_Oct_17_1252,FaceNameBlocked,3.0.0,60.02670973,
7,FacesBlock1_v2.xlsx,Danielle.mp4,Danielle.JPG,Danielle,3,Տանիէլլէ,0,0,0,0,0,6,6,3,,,,,,,1,2,0.203122328,,,,,,,,,,,,48,1,2019_Oct_17_1252,FaceNameBlocked,3.0.0,60.02670973,
51,FacesBlock2_v2.xlsx,David.mp4,David.JPG,David,16,Տաւիտ,0,1,1,1,,,,,0,5,5,1,,,,,,,,david,"['d', 'a', 'v', 'i', 'd']","[3.784137094160542, 4.549894633004442, 4.700308328960091, 5.116500698029995, 5.282922844169661]",[3.78413,3.78413,2,0.468303556,,,48,1,2019_Oct_17_1252,FaceNameBlocked,3.0.0,60.02670973,
38,FacesBlock2_v2.xlsx,David.mp4,David.JPG,David,16,Տաւիտ,0,1,1,1,0,7,7,1,,,,,,,1,1,0.335941378,,,,,,,,,,,,48,1,2019_Oct_17_1252,FaceNameBlocked,3.0.0,60.02670973,
117,FacesBlock4_v2.xlsx,Dylan.mp4,Dylan.JPG,Dylan,50,Տելան,0,3,3,3,,,,,0,11,11,5,,,,,,,,andy,"['a', 'n', 'd', 'y']","[5.034404470818117, 5.384530766867101, 5.783853045897558, 5.984289909014478]",[5.03440,5.03440,2,0.752052659,,,48,1,2019_Oct_17_1252,FaceNameBlocked,3.0.0,60.02670973,
95,FacesBlock4_v2.xlsx,Dylan.mp4,Dylan.JPG,Dylan,50,Տելան,0,3,3,3,0,4,4,5,,,,,,,1,1,0.786072664,,,,,,,,,,,,48,1,2019_Oct_17_1252,FaceNameBlocked,3.0.0,60.02670973,
94,FacesBlock4_v2.xlsx,Emily.mp4,Emily.JPG,Emily,57,Էմիլե,0,3,3,3,0,3,3,12,,,,,,,0,2,0.369639323,,,,,,,,,,,,48,1,2019_Oct_17_1252,FaceNameBlocked,3.0.0,60.02670973,
114,FacesBlock4_v2.xlsx,Emily.mp4,Emily.JPG,Emily,57,Էմիլե,0,3,3,3,,,,,0,8,8,12,,,,,,,,emily,"['e', 'm', 'i', 'l', 'y']","[2.351954051060602, 2.534486762015149, 2.96804958418943, 3.349439177196473, 3.833931895205751]",[2.35195,2.35195,1,0.285558852,,,48,1,2019_Oct_17_1252,FaceNameBlocked,3.0.0,60.02670973,
23,FacesBlock1_v2.xlsx,Eric.mp4,Eric.JPG,Eric,0,Էրիգ,0,0,0,0,,,,,0,7,7,0,,,,,,,,peter,"['p', 'e', 't', 'e', 'r']","[2.9017862880136818, 3.1851591849699616, 3.7678440080489963, 4.000824083108455, 4.4011410949751735]",[2.90178,2.90178,2,0.402024513,,,48,1,2019_Oct_17_1252,FaceNameBlocked,3.0.0,60.02670973,
13,FacesBlock1_v2.xlsx,Eric.mp4,Eric.JPG,Eric,0,Էրիգ,0,0,0,0,0,12,12,0,,,,,,,0,1,0.470406285,,,,,,,,,,,,48,1,2019_Oct_17_1252,FaceNameBlocked,3.0.0,60.02670973,
27,FacesBlock1_v2.xlsx,Ethan.mp4,Ethan.JPG,Ethan,11,Էդհան,0,0,0,0,,,,,0,11,11,11,,,,,,,,bob,"['b', 'o', 'b']","[5.6168598691001534, 5.9836684348993, 6.183635538909584]",[5.61685,5.61685,1,0.968790012,,,48,1,2019_Oct_17_1252,FaceNameBlocked,3.0.0,60.02670973,
8,FacesBlock1_v2.xlsx,Ethan.mp4,Ethan.JPG,Ethan,11,Էդհան,0,0,0,0,0,7,7,11,,,,,,,0,1,0.269227258,,,,,,,,,,,,48,1,2019_Oct_17_1252,FaceNameBlocked,3.0.0,60.02670973,
91,FacesBlock4_v2.xlsx,Grace.mp4,Grace.JPG,Grace,58,Կրագէ,0,3,3,3,0,0,0,13,,,,,,,0,2,1.58603894,,,,,,,,,,,,48,1,2019_Oct_17_1252,FaceNameBlocked,3.0.0,60.02670973,
110,FacesBlock4_v2.xlsx,Grace.mp4,Grace.JPG,Grace,58,Կրագէ,0,3,3,3,,,,,0,4,4,13,,,,,,,,grace,"['g', 'r', 'a', 'c', 'e']","[1.7357216738164425, 2.2859531859867275, 3.800994437886402, 4.134966979036108, 4.301417599897832]",[1.73572,1.73572,1,0.56885536,,,48,1,2019_Oct_17_1252,FaceNameBlocked,3.0.0,60.02670973,
46,FacesBlock2_v2.xlsx,Haley.mp4,Haley.JPG,Haley,20,Հալէե,0,1,1,1,,,,,0,0,0,5,,,,,,space,10.33280469,hayley,"['h', 'a', 'l', 'e', 'y', 'backspace', 'backspace', 'backspace', 'y', 'l', 'e', 'y']","[1.5651737209409475, 1.7170041839126498, 2.30033409409225, 2.4502177371177822, 3.5165205020457506, 4.815386550035328, 4.9649036061018705, 5.164707608055323, 5.782683111960068, 6.082133240066469, 6.248913405928761, 6.596863469108939]",[1.56517,1.56517,4,1.216561021,,,48,1,2019_Oct_17_1252,FaceNameBlocked,3.0.0,60.02670973,
32,FacesBlock2_v2.xlsx,Haley.mp4,Haley.JPG,Haley,20,Հալէե,0,1,1,1,0,1,1,5,,,,,,,0,2,0.685906357,,,,,,,,,,,,48,1,2019_Oct_17_1252,FaceNameBlocked,3.0.0,60.02670973,
9,FacesBlock1_v2.xlsx,Hannah.mp4,Hannah.JPG,Hannah,1,Հաննահ,0,0,0,0,0,8,8,1,,,,,,,0,2,0.353348517,,,,,,,,,,,,48,1,2019_Oct_17_1252,FaceNameBlocked,3.0.0,60.02670973,
25,FacesBlock1_v2.xlsx,Hannah.mp4,Hannah.JPG,Hannah,1,Հաննահ,0,0,0,0,,,,,0,9,9,1,,,,,,,,olivia,"['o', 'l', 'i', 'v', 'i', 'a']","[3.033149295952171, 3.452029332984239, 3.9511552429758012, 4.218476705020294, 4.434417468030006, 4.750716045964509]",[3.03314,3.03314,2,0.63549855,,,48,1,2019_Oct_17_1252,FaceNameBlocked,3.0.0,60.02670973,
56,FacesBlock2_v2.xlsx,Heather.mp4,Heather.JPG,Heather,26,Հէադհէր,0,1,1,1,,,,,0,10,10,11,,,,,,,,leah,"['l', 'e', 'a', 'h']","[4.834354694001377, 6.4170505669899285, 6.867311023874208, 7.067067767959088]",[4.83435,4.83435,1,0.852359427,,,48,1,2019_Oct_17_1252,FaceNameBlocked,3.0.0,60.02670973,
43,FacesBlock2_v2.xlsx,Heather.mp4,Heather.JPG,Heather,26,Հէադհէր,0,1,1,1,0,12,12,11,,,,,,,1,2,0.33609853,,,,,,,,,,,,48,1,2019_Oct_17_1252,FaceNameBlocked,3.0.0,60.02670973,
85,FacesBlock3_v2.xlsx,Jacob.mp4,Jacob.JPG,Jacob,39,Ճագոբ,0,2,2,2,,,,,0,9,9,9,,,,,,,,david,"['d', 'a', 'v', 'i', 'd']","[3.2852057800628245, 3.5509461720939726, 3.7182586800772697, 4.085146703990176, 4.334479090059176]",[3.28520,3.28520,2,0.9354974,,,48,1,2019_Oct_17_1252,FaceNameBlocked,3.0.0,60.02670973,
61,FacesBlock3_v2.xlsx,Jacob.mp4,Jacob.JPG,Jacob,39,Ճագոբ,0,2,2,2,0,0,0,9,,,,,,,1,1,1.502901006,,,,,,,,,,,,48,1,2019_Oct_17_1252,FaceNameBlocked,3.0.0,60.02670973,
116,FacesBlock4_v2.xlsx,Jason.mp4,Jason.JPG,Jason,49,Ճասոն,0,3,3,3,,,,,0,10,10,4,,,,,,,,bryan,"['b', 'r', 'y', 'a', 'n']","[1.1857883010525256, 1.4516496169380844, 1.6019605919718742, 1.9856059469748288, 2.168808151036501]",[1.18578,1.18578,3,1.066684816,,,48,1,2019_Oct_17_1252,FaceNameBlocked,3.0.0,60.02670973,
103,FacesBlock4_v2.xlsx,Jason.mp4,Jason.JPG,Jason,49,Ճասոն,0,3,3,3,0,12,12,4,,,,,,,0,1,0.703730681,,,,,,,,,,,,48,1,2019_Oct_17_1252,FaceNameBlocked,3.0.0,60.02670973,
15,FacesBlock1_v2.xlsx,Jenna.mp4,Jenna.JPG,Jenna,6,Ճէննա,0,0,0,0,0,14,14,6,,,,,,,0,2,0.653513512,,,,,,,,,,,,48,1,2019_Oct_17_1252,FaceNameBlocked,3.0.0,60.02670973,
28,FacesBlock1_v2.xlsx,Jenna.mp4,Jenna.JPG,Jenna,6,Ճէննա,0,0,0,0,,,,,0,12,12,6,,,,,,,,anne,"['a', 'n', 'n', 'e']","[3.2842752491123974, 3.5505364960990846, 3.7335171229206026, 3.983718136092648]",[3.28427,3.28427,2,0.935401932,,,48,1,2019_Oct_17_1252,FaceNameBlocked,3.0.0,60.02670973,
60,FacesBlock2_v2.xlsx,Jeremy.mp4,Jeremy.JPG,Jeremy,15,Ճէրէմե,0,1,1,1,,,,,0,14,14,0,,,,,,,,matt,"['m', 'a', 't', 't', 'h', 'e', 'backspace', 'backspace']","[4.651278245029971, 4.884196094004437, 5.284006490139291, 5.417451214976609, 6.09988974314183, 6.267013299046084, 6.816674109082669, 6.983269691001624]",[4.65127,4.65127,2,0.802226692,,,48,1,2019_Oct_17_1252,FaceNameBlocked,3.0.0,60.02670973,
34,FacesBlock2_v2.xlsx,Jeremy.mp4,Jeremy.JPG,Jeremy,15,Ճէրէմե,0,1,1,1,0,3,3,0,,,,,,,0,1,0.503244654,,,,,,,,,,,,48,1,2019_Oct_17_1252,FaceNameBlocked,3.0.0,60.02670973,
4,FacesBlock1_v2.xlsx,Jessica.mp4,Jessica.JPG,Jessica,8,Ճէսսիգա,0,0,0,0,0,3,3,8,,,,,,,0,2,0.53519736,,,,,,,,,,,,48,1,2019_Oct_17_1252,FaceNameBlocked,3.0.0,60.02670973,
17,FacesBlock1_v2.xlsx,Jessica.mp4,Jessica.JPG,Jessica,8,Ճէսսիգա,0,0,0,0,,,,,0,1,1,8,,,,,,,,amanda,"['a', 'm', 'a', 'n', 'd', 'a', 'return']","[1.8360977398697287, 2.069239630829543, 2.1857854349073023, 2.502487835008651, 2.7521461178548634, 3.2678835329134017, 6.816891627851874]",[1.83609,1.83609,3,2.251765896,,,48,1,2019_Oct_17_1252,FaceNameBlocked,3.0.0,60.02670973,
48,FacesBlock2_v2.xlsx,Josh.mp4,Josh.JPG,Josh,19,Ճոսհ,0,1,1,1,,,,,0,2,2,4,,,,,,,,david,"['d', 'a', 'v', 'i', 'd']","[1.9024928829167038, 2.5188211649656296, 2.7016143288929015, 3.1521323130000383, 3.3688037579413503]",[1.90249,1.90249,2,1.234683583,,,48,1,2019_Oct_17_1252,FaceNameBlocked,3.0.0,60.02670973,
39,FacesBlock2_v2.xlsx,Josh.mp4,Josh.JPG,Josh,19,Ճոսհ,0,1,1,1,0,8,8,4,,,,,,,0,1,0.419563195,,,,,,,,,,,,48,1,2019_Oct_17_1252,FaceNameBlocked,3.0.0,60.02670973,
3,FacesBlock1_v2.xlsx,Julia.mp4,Julia.JPG,Julia,13,Ճըլիա,0,0,0,0,0,2,2,13,,,,,,,1,2,0.5029024,,,,,,,,,,,,48,1,2019_Oct_17_1252,FaceNameBlocked,3.0.0,60.02670973,
24,FacesBlock1_v2.xlsx,Julia.mp4,Julia.JPG,Julia,13,Ճըլիա,0,0,0,0,,,,,0,8,8,13,,,,,,,,dana,"['d', 'a', 'n', 'a']","[5.267257689032704, 5.784346275031567, 6.033548606093973, 6.233859175117686]",[5.26725,5.26725,1,1.051230829,,,48,1,2019_Oct_17_1252,FaceNameBlocked,3.0.0,60.02670973,
44,FacesBlock2_v2.xlsx,Justin.mp4,Justin.JPG,Justin,27,Ճըսդին,0,1,1,1,0,13,13,12,,,,,,,1,1,0.385875756,,,,,,,,,,,,48,1,2019_Oct_17_1252,FaceNameBlocked,3.0.0,60.02670973,
47,FacesBlock2_v2.xlsx,Justin.mp4,Justin.JPG,Justin,27,Ճըսդին,0,1,1,1,,,,,0,1,1,12,,,,,,,,trevor,"['t', 'r', 'e', 'v', 'o', 'r']","[1.5521547619719058, 1.818507312098518, 2.1021140350494534, 2.267830334138125, 2.867560285143554, 3.085046353051439]",[1.55215,1.55215,4,1.052392573,,,48,1,2019_Oct_17_1252,FaceNameBlocked,3.0.0,60.02670973,
118,FacesBlock4_v2.xlsx,Katie.mp4,Katie.JPG,Katie,54,Քադիէ,0,3,3,3,,,,,0,12,12,9,,,,,,,,anna,"['a', 'n', 'n', 'a']","[2.983984709950164, 3.216712763067335, 3.4669065719936043, 3.666797975078225]",[2.98398,2.98398,2,0.751633304,,,48,1,2019_Oct_17_1252,FaceNameBlocked,3.0.0,60.02670973,
105,FacesBlock4_v2.xlsx,Katie.mp4,Katie.JPG,Katie,54,Քադիէ,0,3,3,3,0,14,14,9,,,,,,,1,2,0.802786336,,,,,,,,,,,,48,1,2019_Oct_17_1252,FaceNameBlocked,3.0.0,60.02670973,
75,FacesBlock3_v2.xlsx,Kayla.mp4,Kayla.JPG,Kayla,34,Սարահ,0,2,2,2,0,14,14,4,,,,,,,1,2,0.652985303,,,,,,,,,,,,48,1,2019_Oct_17_1252,FaceNameBlocked,3.0.0,60.02670973,
86,FacesBlock3_v2.xlsx,Kayla.mp4,Kayla.JPG,Kayla,34,Սարահ,0,2,2,2,,,,,0,10,10,4,,,,,,,,se,"['s', 'e']","[8.083161419956014, 8.63250182196498]",[8.08316,8.08316,1,1.568187272,,,48,1,2019_Oct_17_1252,FaceNameBlocked,3.0.0,60.02670973,
30,FacesBlock1_v2.xlsx,Kelsey.mp4,Kelsey.JPG,Kelsey,12,Քէլսէե,0,0,0,0,,,,,0,14,14,12,,,,,,,,alyssa,"['a', 'l', 'y', 's', 's', 'a']","[4.3001331051345915, 4.5341598661616445, 5.133813834981993, 5.383738754084334, 5.583294003037736, 5.916929166996852]",[4.30013,4.30013,1,1.102156097,,,48,1,2019_Oct_17_1252,FaceNameBlocked,3.0.0,60.02670973,
2,FacesBlock1_v2.xlsx,Kelsey.mp4,Kelsey.JPG,Kelsey,12,Քէլսէե,0,0,0,0,0,1,1,12,,,,,,,1,2,0.719593962,,,,,,,,,,,,48,1,2019_Oct_17_1252,FaceNameBlocked,3.0.0,60.02670973,
69,FacesBlock3_v2.xlsx,Kevin.mp4,Kevin.JPG,Kevin,41,Քէւին,0,2,2,2,0,8,8,11,,,,,,,1,1,0.486302552,,,,,,,,,,,,48,1,2019_Oct_17_1252,FaceNameBlocked,3.0.0,60.02670973,
88,FacesBlock3_v2.xlsx,Kevin.mp4,Kevin.JPG,Kevin,41,Քէւին,0,2,2,2,,,,,0,12,12,11,,,,,,,,tom,"['t', 'o', 'm']","[5.351575542939827, 5.551568516064435, 5.8007912209723145]",[5.35157,5.35157,1,1.235524581,,,48,1,2019_Oct_17_1252,FaceNameBlocked,3.0.0,60.02670973,
1,FacesBlock1_v2.xlsx,Kyle.mp4,Kyle.JPG,Kyle,4,Քելէ,0,0,0,0,0,0,0,4,,,,,,,0,1,1.268134711,,,,,,,,,,,,48,1,2019_Oct_17_1252,FaceNameBlocked,3.0.0,60.02670973,
20,FacesBlock1_v2.xlsx,Kyle.mp4,Kyle.JPG,Kyle,4,Քելէ,0,0,0,0,,,,,0,4,4,4,,,,,,,,andrew,"['a', 'n', 'd', 'r', 'e', 'w']","[2.818703599041328, 3.101780636003241, 3.551340905018151, 4.115964881144464, 4.56763182207942, 5.017526877112687]",[2.81870,2.81870,2,2.168516934,,,48,1,2019_Oct_17_1252,FaceNameBlocked,3.0.0,60.02670973,
79,FacesBlock3_v2.xlsx,Lauren.mp4,Lauren.JPG,Lauren,38,Լաըրէն,0,2,2,2,,,,,0,3,3,8,,,,,,,,danica,"['d', 'a', 'n', 'i', 'c', 'a']","[2.1515583470463753, 2.5013928450644016, 2.6508467020466924, 2.851288440171629, 3.067496157018468, 3.699161682045087]",[2.15155,2.15155,2,1.051904647,,,48,1,2019_Oct_17_1252,FaceNameBlocked,3.0.0,60.02670973,
65,FacesBlock3_v2.xlsx,Lauren.mp4,Lauren.JPG,Lauren,38,Լաըրէն,0,2,2,2,0,4,4,8,,,,,,,1,2,0.636089649,,,,,,,,,,,,48,1,2019_Oct_17_1252,FaceNameBlocked,3.0.0,60.02670973,
77,FacesBlock3_v2.xlsx,Mark.mp4,Mark.JPG,Mark,40,Մարք,0,2,2,2,,,,,0,1,1,10,,,,,,,,patrick,"['p', 'a', 't', 'r', 'i', 'c', 'k']","[2.1521423261146992, 2.3852460980415344, 2.868469169130549, 3.0844984580762684, 3.2344857382122427, 3.4184091410133988, 3.5514825631398708]",[2.15214,2.15214,1,0.618161969,,,48,1,2019_Oct_17_1252,FaceNameBlocked,3.0.0,60.02670973,
73,FacesBlock3_v2.xlsx,Mark.mp4,Mark.JPG,Mark,40,Մարք,0,2,2,2,0,12,12,10,,,,,,,0,1,0.336321492,,,,,,,,,,,,48,1,2019_Oct_17_1252,FaceNameBlocked,3.0.0,60.02670973,
16,FacesBlock1_v2.xlsx,Matthew.mp4,Matthew.JPG,Matthew,9,Մադդհէվ,0,0,0,0,,,,,0,0,0,9,,,,,,space,17.3300921,ethan,"['e', 't', 'h', 'a', 'n', 'return', 'space', '1', 'backspace', 'backspace']","[2.2189118480309844, 2.701655167154968, 2.8852247251197696, 3.5346247411798686, 3.701276349136606, 5.03435921901837, 5.667826067190617, 7.317202220205218, 8.499275716021657, 8.799106378108263]",[2.21891,2.21891,3,2.734683395,,,48,1,2019_Oct_17_1252,FaceNameBlocked,3.0.0,60.02670973,
12,FacesBlock1_v2.xlsx,Matthew.mp4,Matthew.JPG,Matthew,9,Մադդհէվ,0,0,0,0,0,11,11,9,,,,,,,1,1,0.552901632,,,,,,,,,,,,48,1,2019_Oct_17_1252,FaceNameBlocked,3.0.0,60.02670973,
58,FacesBlock2_v2.xlsx,Megan.mp4,Megan.JPG,Megan,25,Մէկան,0,1,1,1,,,,,0,12,12,10,,,,,,,,jean,"['j', 'e', 'a', 'n']","[6.099361546803266, 6.499775814823806, 6.8330309928860515, 7.049255930818617]",[6.09936,6.09936,1,1.035125484,,,48,1,2019_Oct_17_1252,FaceNameBlocked,3.0.0,60.02670973,
33,FacesBlock2_v2.xlsx,Megan.mp4,Megan.JPG,Megan,25,Մէկան,0,1,1,1,0,2,2,10,,,,,,,1,2,0.669507693,,,,,,,,,,,,48,1,2019_Oct_17_1252,FaceNameBlocked,3.0.0,60.02670973,
115,FacesBlock4_v2.xlsx,Michael.mp4,Michael.JPG,Michael,46,Միգհաէլ,0,3,3,3,,,,,0,9,9,1,,,,,,,,michael,"['m', 'i', 'c', 'h', 'a', 'e', 'l']","[1.6351771620102227, 1.9518131539225578, 2.118309968849644, 2.284423477947712, 2.518215339863673, 2.901673421030864, 3.0684526420664042]",[1.63517,1.63517,4,0.484646966,,,48,1,2019_Oct_17_1252,FaceNameBlocked,3.0.0,60.02670973,
98,FacesBlock4_v2.xlsx,Michael.mp4,Michael.JPG,Michael,46,Միգհաէլ,0,3,3,3,0,7,7,1,,,,,,,0,1,0.619146107,,,,,,,,,,,,48,1,2019_Oct_17_1252,FaceNameBlocked,3.0.0,60.02670973,
102,FacesBlock4_v2.xlsx,Michelle.mp4,Michelle.JPG,Michelle,52,Միգհէլլէ,0,3,3,3,0,11,11,7,,,,,,,0,2,0.303552514,,,,,,,,,,,,48,1,2019_Oct_17_1252,FaceNameBlocked,3.0.0,60.02670973,
113,FacesBlock4_v2.xlsx,Michelle.mp4,Michelle.JPG,Michelle,52,Միգհէլլէ,0,3,3,3,,,,,0,7,7,7,,,,,,,,kailey,"['k', 'a', 'i', 'l', 'e', 'y']","[2.8516660400200635, 3.184717321069911, 3.401175200007856, 3.833961522905156, 4.067885040072724, 4.301145859993994]",[2.85166,2.85166,3,0.668659254,,,48,1,2019_Oct_17_1252,FaceNameBlocked,3.0.0,60.02670973,
10,FacesBlock1_v2.xlsx,Natalie.mp4,Natalie.JPG,Natalie,7,Նադալիէ,0,0,0,0,0,9,9,7,,,,,,,1,2,0.435826797,,,,,,,,,,,,48,1,2019_Oct_17_1252,FaceNameBlocked,3.0.0,60.02670973,
19,FacesBlock1_v2.xlsx,Natalie.mp4,Natalie.JPG,Natalie,7,Նադալիէ,0,0,0,0,,,,,0,3,3,7,,,,,,,,sam,"['s', 'a', 'm']","[2.5682693298440427, 2.917856434825808, 3.1675298118498176]",[2.56826,2.56826,2,1.668527192,,,48,1,2019_Oct_17_1252,FaceNameBlocked,3.0.0,60.02670973,
62,FacesBlock3_v2.xlsx,Nathan.mp4,Nathan.JPG,Nathan,37,Նադհան,0,2,2,2,0,1,1,7,,,,,,,0,1,0.402747644,,,,,,,,,,,,48,1,2019_Oct_17_1252,FaceNameBlocked,3.0.0,60.02670973,
83,FacesBlock3_v2.xlsx,Nathan.mp4,Nathan.JPG,Nathan,37,Նադհան,0,2,2,2,,,,,0,7,7,7,,,,,,,,thomas,"['t', 'h', 'o', 'm', 'a', 's']","[1.8678539260290563, 2.0345481031108648, 2.3016443860251456, 2.568095751106739, 2.7679807010572404, 3.5340865422040224]",[1.86785,1.86785,2,1.03462783,,,48,1,2019_Oct_17_1252,FaceNameBlocked,3.0.0,60.02670973,
67,FacesBlock3_v2.xlsx,Nicole.mp4,Nicole.JPG,Nicole,43,Նիգոլէ,0,2,2,2,0,6,6,13,,,,,,,1,2,0.602641095,,,,,,,,,,,,48,1,2019_Oct_17_1252,FaceNameBlocked,3.0.0,60.02670973,
89,FacesBlock3_v2.xlsx,Nicole.mp4,Nicole.JPG,Nicole,43,Նիգոլէ,0,2,2,2,,,,,0,13,13,13,,,,,,,,,None,,,,1,1.168404267,,,48,1,2019_Oct_17_1252,FaceNameBlocked,3.0.0,60.02670973,
87,FacesBlock3_v2.xlsx,Noah.mp4,Noah.JPG,Noah,31,Նոահ,0,2,2,2,,,,,0,11,11,1,,,,,,,,brett,"['b', 'r', 'e', 't', 't']","[3.2850113548338413, 3.684301206842065, 4.117797766812146, 4.517746022902429, 4.66805275878869]",[3.28501,3.28501,1,0.885296162,,,48,1,2019_Oct_17_1252,FaceNameBlocked,3.0.0,60.02670973,
72,FacesBlock3_v2.xlsx,Noah.mp4,Noah.JPG,Noah,31,Նոահ,0,2,2,2,0,11,11,1,,,,,,,0,1,0.353088582,,,,,,,,,,,,48,1,2019_Oct_17_1252,FaceNameBlocked,3.0.0,60.02670973,
84,FacesBlock3_v2.xlsx,Olivia.mp4,Olivia.JPG,Olivia,35,Ոլիւիա,0,2,2,2,,,,,0,8,8,5,,,,,,,,kayla,"['k', 'a', 'y', 'l', 'a']","[3.882749693002552, 4.2679296031128615, 4.451342040207237, 5.083699889015406, 5.2014313521794975]",[3.88274,3.88274,2,0.768658066,,,48,1,2019_Oct_17_1252,FaceNameBlocked,3.0.0,60.02670973,
66,FacesBlock3_v2.xlsx,Olivia.mp4,Olivia.JPG,Olivia,35,Ոլիւիա,0,2,2,2,0,5,5,5,,,,,,,1,2,0.702286986,,,,,,,,,,,,48,1,2019_Oct_17_1252,FaceNameBlocked,3.0.0,60.02670973,
31,FacesBlock2_v2.xlsx,Rachel.mp4,Rachel.JPG,Rachel,29,Րագհէլ,0,1,1,1,0,0,0,14,,,,,,,0,2,1.55222866,,,,,,,,,,,,48,1,2019_Oct_17_1252,FaceNameBlocked,3.0.0,60.02670973,
54,FacesBlock2_v2.xlsx,Rachel.mp4,Rachel.JPG,Rachel,29,Րագհէլ,0,1,1,1,,,,,0,8,8,14,,,,,,,,jennifer,"['j', 'e', 'n', 'n', 'i', 'f', 'e', 'r']","[2.5684084550011903, 2.801444639917463, 2.9514752419199795, 3.0680302809923887, 3.884552832925692, 4.067387419985607, 4.384033896960318, 4.58394166897051]",[2.56840,2.56840,2,0.385830249,,,48,1,2019_Oct_17_1252,FaceNameBlocked,3.0.0,60.02670973,
81,FacesBlock3_v2.xlsx,Rebecca.mp4,Rebecca.JPG,Rebecca,32,Րէբէգգա,0,2,2,2,,,,,0,5,5,2,,,,,,,,samanatha,"['s', 'a', 'm', 'a', 'n', 'a', 't', 'h', 'a']","[1.668178352061659, 1.9676726970355958, 2.151493046898395, 2.318062239093706, 2.4509637160226703, 2.601113564101979, 3.117659144103527, 3.30111871403642, 3.833475719904527]",[1.66817,1.66817,1,0.901613755,,,48,1,2019_Oct_17_1252,FaceNameBlocked,3.0.0,60.02670973,
74,FacesBlock3_v2.xlsx,Rebecca.mp4,Rebecca.JPG,Rebecca,32,Րէբէգգա,0,2,2,2,0,13,13,2,,,,,,,0,2,0.553039179,,,,,,,,,,,,48,1,2019_Oct_17_1252,FaceNameBlocked,3.0.0,60.02670973,
90,FacesBlock3_v2.xlsx,Sarah.mp4,Sarah.JPG,Sarah,33,Սարահ,0,2,2,2,,,,,0,14,14,3,,,,,,,,jan,"['j', 'a', 'n']","[4.931980563793331, 5.1338801679667085, 5.900494656991214]",[4.93198,4.93198,1,0.602141485,,,48,1,2019_Oct_17_1252,FaceNameBlocked,3.0.0,60.02670973,
64,FacesBlock3_v2.xlsx,Sarah.mp4,Sarah.JPG,Sarah,33,Սարահ,0,2,2,2,0,3,3,3,,,,,,,0,2,0.285491133,,,,,,,,,,,,48,1,2019_Oct_17_1252,FaceNameBlocked,3.0.0,60.02670973,
78,FacesBlock3_v2.xlsx,Shelby.mp4,Shelby.JPG,Shelby,36,Սհէլբե,0,2,2,2,,,,,0,2,2,6,,,,,,,,shelby,"['s', 'h', 'e', 'l', 'b', 'y']","[1.7685401879716665, 1.9355368791148067, 2.151460209162906, 2.334550039144233, 2.718213088111952, 3.0017656900454313]",[1.76854,1.76854,4,0.501877399,,,48,1,2019_Oct_17_1252,FaceNameBlocked,3.0.0,60.02670973,
70,FacesBlock3_v2.xlsx,Shelby.mp4,Shelby.JPG,Shelby,36,Սհէլբե,0,2,2,2,0,9,9,6,,,,,,,0,2,0.36914007,,,,,,,,,,,,48,1,2019_Oct_17_1252,FaceNameBlocked,3.0.0,60.02670973,
35,FacesBlock2_v2.xlsx,Steven.mp4,Steven.JPG,Steven,17,Սդէւէն,0,1,1,1,0,4,4,2,,,,,,,0,1,0.486871808,,,,,,,,,,,,48,1,2019_Oct_17_1252,FaceNameBlocked,3.0.0,60.02670973,
53,FacesBlock2_v2.xlsx,Steven.mp4,Steven.JPG,Steven,17,Սդէւէն,0,1,1,1,,,,,0,7,7,2,,,,,,,,austin,"['a', 'u', 's', 't', 'i', 'n']","[4.151487460825592, 4.351385505869985, 4.53253771783784, 4.950553115922958, 5.134431967977434, 5.451030346797779]",[4.15148,4.15148,1,0.468729083,,,48,1,2019_Oct_17_1252,FaceNameBlocked,3.0.0,60.02670973,
101,FacesBlock4_v2.xlsx,Taylor.mp4,Taylor.JPG,Taylor,45,Դաելոր,0,3,3,3,0,10,10,0,,,,,,,0,2,0.633333819,,,,,,,,,,,,48,1,2019_Oct_17_1252,FaceNameBlocked,3.0.0,60.02670973,
112,FacesBlock4_v2.xlsx,Taylor.mp4,Taylor.JPG,Taylor,45,Դաելոր,0,3,3,3,,,,,0,6,6,0,,,,,,,,taylor,"['t', 'a', 'y', 'l', 'o', 'r']","[2.8520629121921957, 3.0363932671025395, 3.150163533166051, 3.533373933052644, 3.8018342931754887, 3.9850545360241085]",[2.85206,2.85206,3,0.352143086,,,48,1,2019_Oct_17_1252,FaceNameBlocked,3.0.0,60.02670973,
76,FacesBlock3_v2.xlsx,Thomas.mp4,Thomas.JPG,Thomas,44,Դհոմաս,0,2,2,2,,,,,0,0,0,14,,,,,,space,4.951000331,justin,"['j', 'u', 's', 't', 'i', 'n']","[3.384291466092691, 3.601065724156797, 3.7674809789750725, 4.034049910027534, 4.1488535651005805, 4.500314044067636]",[3.38429,3.38429,1,0.969241162,,,48,1,2019_Oct_17_1252,FaceNameBlocked,3.0.0,60.02670973,
71,FacesBlock3_v2.xlsx,Thomas.mp4,Thomas.JPG,Thomas,44,Դհոմաս,0,2,2,2,0,10,10,14,,,,,,,1,1,0.636075977,,,,,,,,,,,,48,1,2019_Oct_17_1252,FaceNameBlocked,3.0.0,60.02670973,
11,FacesBlock1_v2.xlsx,Timothy.mp4,Timothy.JPG,Timothy,10,Դիմոդհե,0,0,0,0,0,10,10,10,,,,,,,0,1,0.486722256,,,,,,,,,,,,48,1,2019_Oct_17_1252,FaceNameBlocked,3.0.0,60.02670973,
21,FacesBlock1_v2.xlsx,Timothy.mp4,Timothy.JPG,Timothy,10,Դիմոդհե,0,0,0,0,,,,,0,5,5,10,,,,,,,,ethan,"['e', 't', 'h', 'a', 'n']","[6.017288819188252, 6.417672643205151, 6.567376186139882, 6.998245750088245, 7.367096561007202]",[6.01728,6.01728,3,1.500979471,,,48,1,2019_Oct_17_1252,FaceNameBlocked,3.0.0,60.02670973,
36,FacesBlock2_v2.xlsx,Trevor.mp4,Trevor.JPG,Trevor,21,Դրէւոր,0,1,1,1,0,5,5,6,,,,,,,0,1,0.483666358,,,,,,,,,,,,48,1,2019_Oct_17_1252,FaceNameBlocked,3.0.0,60.02670973,
57,FacesBlock2_v2.xlsx,Trevor.mp4,Trevor.JPG,Trevor,21,Դրէւոր,0,1,1,1,,,,,0,11,11,6,,,,,,,,patrick,"['p', 'a', 't', 'r', 'i', 'c', 'k']","[3.6186256969813257, 3.8016709990333766, 4.301366436062381, 4.551693608053029, 4.7671696790494025, 4.951157588046044, 5.101159111130983]",[3.61862,3.61862,1,0.335172021,,,48,1,2019_Oct_17_1252,FaceNameBlocked,3.0.0,60.02670973,
41,FacesBlock2_v2.xlsx,Tyler.mp4,Tyler.JPG,Tyler,22,Դելէր,0,1,1,1,0,10,10,7,,,,,,,1,1,0.520348933,,,,,,,,,,,,48,1,2019_Oct_17_1252,FaceNameBlocked,3.0.0,60.02670973,
52,FacesBlock2_v2.xlsx,Tyler.mp4,Tyler.JPG,Tyler,22,Դելէր,0,1,1,1,,,,,0,6,6,7,,,,,,,,pete,"['p', 'e', 't', 'e']","[3.6678759770002216, 4.0680136100854725, 4.3829936920665205, 4.517878001090139]",[3.66787,3.66787,1,0.452293325,,,48,1,2019_Oct_17_1252,FaceNameBlocked,3.0.0,60.02670973,
0,,,,,,,,,,,,,,,,,,,space,36.20844956,,,,,,,,,,,,,,,48,1,2019_Oct_17_1252,FaceNameBlocked,3.0.0,60.02670973,
121,,,,,,,,,,,,,,,,,,,,,,,,,,,,,,,,,space,1641.099358,48,1,2019_Oct_17_1252,FaceNameBlocked,3.0.0,60.02670973,