,condsFile,Video,Photo,Name,Row,Name2,blocks.thisRepN,blocks.thisTrialN,blocks.thisN,blocks.thisIndex,presentations.thisRepN,presentations.thisTrialN,presentations.thisN,presentations.thisIndex,testing.thisRepN,testing.thisTrialN,testing.thisN,testing.thisIndex,advance_1.keys,advance_1.rt,currentCond,judgementResp.keys,judgementResp.rt,advance_2.keys,advance_2.rt,inputText,key_resp_3.keys,rating_resp.keys,rating_resp.rt,key_resp_3.rt,,key_resp3_fin,participant,session,date,expName,psychopyVersion,frameRate,Unnamed: 36
50,FacesBlock2_v2.xlsx,Aaron.mp4,Aaron.JPG,Aaron,18,Աարոն,0,1,1,1,,,,,0,4,4,3,,,,,,,,,None,1,0.852159436,,,,38,1,2019_Oct_10_1059,FaceNameBlocked,3.0.0,60.29755822,
37,FacesBlock2_v2.xlsx,Aaron.mp4,Aaron.JPG,Aaron,18,Աարոն,0,1,1,1,0,6,6,3,,,,,,,0,1,1.219443619,,,,,,,,,,38,1,2019_Oct_10_1059,FaceNameBlocked,3.0.0,60.29755822,
21,FacesBlock1_v2.xlsx,Adam.mp4,Adam.JPG,Adam,5,Ատամ,0,0,0,0,,,,,0,5,5,5,,,,,,,,,None,1,0.635618441,,,,38,1,2019_Oct_10_1059,FaceNameBlocked,3.0.0,60.29755822,
11,FacesBlock1_v2.xlsx,Adam.mp4,Adam.JPG,Adam,5,Ատամ,0,0,0,0,0,10,10,5,,,,,,,0,1,0.436512641,,,,,,,,,,38,1,2019_Oct_10_1059,FaceNameBlocked,3.0.0,60.29755822,
100,FacesBlock4_v2.xlsx,Alyssa.mp4,Alyssa.JPG,Alyssa,55,Ալեսսա,0,3,3,3,0,9,9,10,,,,,,,1,2,3.768293836,,,,,,,,,,38,1,2019_Oct_10_1059,FaceNameBlocked,3.0.0,60.29755822,
107,FacesBlock4_v2.xlsx,Alyssa.mp4,Alyssa.JPG,Alyssa,55,Ալեսսա,0,3,3,3,,,,,0,1,1,10,,,,,,,,,None,1,0.452298938,,,,38,1,2019_Oct_10_1059,FaceNameBlocked,3.0.0,60.29755822,
19,FacesBlock1_v2.xlsx,Amanda.mp4,Amanda.JPG,Amanda,2,Ամանտա,0,0,0,0,,,,,0,3,3,2,,,,,,,,,None,1,0.852241588,,,,38,1,2019_Oct_10_1059,FaceNameBlocked,3.0.0,60.29755822,
12,FacesBlock1_v2.xlsx,Amanda.mp4,Amanda.JPG,Amanda,2,Ամանտա,0,0,0,0,0,11,11,2,,,,,,,1,2,0.636664443,,,,,,,,,,38,1,2019_Oct_10_1059,FaceNameBlocked,3.0.0,60.29755822,
94,FacesBlock4_v2.xlsx,Andrew.mp4,Andrew.JPG,Andrew,51,Անտրէվ,0,3,3,3,0,3,3,6,,,,,,,1,1,5.900722901,,,,,,,,,,38,1,2019_Oct_10_1059,FaceNameBlocked,3.0.0,60.29755822,
110,FacesBlock4_v2.xlsx,Andrew.mp4,Andrew.JPG,Andrew,51,Անտրէվ,0,3,3,3,,,,,0,4,4,6,,,,,,,,Dylan,"['lshift', 'd', 'backspace', 'lshift', 'd', 'y', 'l', 'a', 'n']",1,0.584945891,"[3.6164713259786367, 4.26736397203058, 5.283782736980356, 8.2653238089988, 8.399988019024022, 8.650073718978092, 8.749977059080265, 9.266003851080313, 9.382348882965744]",[3.61647,3.61647,38,1,2019_Oct_10_1059,FaceNameBlocked,3.0.0,60.29755822,
120,FacesBlock4_v2.xlsx,Anna.mp4,Anna.JPG,Anna,47,Աննա,0,3,3,3,,,,,0,14,14,2,,,,,,,,,None,1,0.551558569,,,,38,1,2019_Oct_10_1059,FaceNameBlocked,3.0.0,60.29755822,
101,FacesBlock4_v2.xlsx,Anna.mp4,Anna.JPG,Anna,47,Աննա,0,3,3,3,0,10,10,2,,,,,,,1,2,2.819504897,,,,,,,,,,38,1,2019_Oct_10_1059,FaceNameBlocked,3.0.0,60.29755822,
36,FacesBlock2_v2.xlsx,Ashley.mp4,Ashley.JPG,Ashley,24,Ասհլէե,0,1,1,1,0,5,5,9,,,,,,,0,2,1.386015105,,,,,,,,,,38,1,2019_Oct_10_1059,FaceNameBlocked,3.0.0,60.29755822,
59,FacesBlock2_v2.xlsx,Ashley.mp4,Ashley.JPG,Ashley,24,Ասհլէե,0,1,1,1,,,,,0,13,13,9,,,,,,,,Heather,"['lshift', 'h', 'e', 'a', 't', 'h', 'e', 'r']",1,0.368461127,"[2.2837339099496603, 2.3851286879507825, 2.599613841972314, 2.6684981290018186, 2.802391255972907, 2.9351667989976704, 2.9682187229627743, 3.05187341501005]",[2.28373,2.28373,38,1,2019_Oct_10_1059,FaceNameBlocked,3.0.0,60.29755822,
25,FacesBlock1_v2.xlsx,Bradley.mp4,Bradley.JPG,Bradley,14,Բրատլէե,0,0,0,0,,,,,0,9,9,14,,,,,,,,,None,1,0.385663238,,,,38,1,2019_Oct_10_1059,FaceNameBlocked,3.0.0,60.29755822,
13,FacesBlock1_v2.xlsx,Bradley.mp4,Bradley.JPG,Bradley,14,Բրատլէե,0,0,0,0,0,12,12,14,,,,,,,0,1,0.369281202,,,,,,,,,,38,1,2019_Oct_10_1059,FaceNameBlocked,3.0.0,60.29755822,
105,FacesBlock4_v2.xlsx,Brandon.mp4,Brandon.JPG,Brandon,56,Բրանտոն,0,3,3,3,0,14,14,11,,,,,,,0,1,6.201012067,,,,,,,,,,38,1,2019_Oct_10_1059,FaceNameBlocked,3.0.0,60.29755822,
109,FacesBlock4_v2.xlsx,Brandon.mp4,Brandon.JPG,Brandon,56,Բրանտոն,0,3,3,3,,,,,0,3,3,11,,,,,,,,,None,1,0.868507359,,,,38,1,2019_Oct_10_1059,FaceNameBlocked,3.0.0,60.29755822,
92,FacesBlock4_v2.xlsx,Brian.mp4,Brian.JPG,Brian,53,Բրիան,0,3,3,3,0,1,1,8,,,,,,,1,1,7.333578779,,,,,,,,,,38,1,2019_Oct_10_1059,FaceNameBlocked,3.0.0,60.29755822,
106,FacesBlock4_v2.xlsx,Brian.mp4,Brian.JPG,Brian,53,Բրիան,0,3,3,3,,,,,0,0,0,8,,,,,,space,2.368036912,Brian,"['lshift', 'b', 'r', 'i', 'a', 'n', 'return']",4,0.618783802,"[1.6507373159984127, 1.7354488039854914, 1.9688814849359915, 2.1165472170105204, 2.4683836569311097, 2.5517959259450436, 2.7513945560203865]",[1.65073,1.65073,38,1,2019_Oct_10_1059,FaceNameBlocked,3.0.0,60.29755822,
119,FacesBlock4_v2.xlsx,Brianna.mp4,Brianna.JPG,Brianna,48,Բրիաննա,0,3,3,3,,,,,0,13,13,3,,,,,,,,,None,1,0.51873803,,,,38,1,2019_Oct_10_1059,FaceNameBlocked,3.0.0,60.29755822,
104,FacesBlock4_v2.xlsx,Brianna.mp4,Brianna.JPG,Brianna,48,Բրիաննա,0,3,3,3,0,13,13,3,,,,,,,0,2,5.599380614,,,,,,,,,,38,1,2019_Oct_10_1059,FaceNameBlocked,3.0.0,60.29755822,
55,FacesBlock2_v2.xlsx,Brittany.mp4,Brittany.JPG,Brittany,28,Բրիդդանե,0,1,1,1,,,,,0,9,9,13,,,,,,,,Hailey,"['lshift', 'h', 'i', 'backspace', 'a', 'i', 'l', 'e', 'y']",1,0.418682618,"[6.931501387967728, 7.132824844913557, 7.515537783969194, 7.865048649953678, 8.21567804296501, 8.398947297944687, 8.53269249398727, 8.648492223932408, 8.865438416949473]",[6.93150,6.93150,38,1,2019_Oct_10_1059,FaceNameBlocked,3.0.0,60.29755822,
40,FacesBlock2_v2.xlsx,Brittany.mp4,Brittany.JPG,Brittany,28,Բրիդդանե,0,1,1,1,0,9,9,13,,,,,,,0,2,1.269507361,,,,,,,,,,38,1,2019_Oct_10_1059,FaceNameBlocked,3.0.0,60.29755822,
93,FacesBlock4_v2.xlsx,Caleb.mp4,Caleb.JPG,Caleb,59,Գալէբ,0,3,3,3,0,2,2,14,,,,,,,0,1,7.850894827,,,,,,,,,,38,1,2019_Oct_10_1059,FaceNameBlocked,3.0.0,60.29755822,
118,FacesBlock4_v2.xlsx,Caleb.mp4,Caleb.JPG,Caleb,59,Գալէբ,0,3,3,3,,,,,0,12,12,14,,,,,,,,,None,1,0.467099235,,,,38,1,2019_Oct_10_1059,FaceNameBlocked,3.0.0,60.29755822,
53,FacesBlock2_v2.xlsx,Cody.mp4,Cody.JPG,Cody,23,Գոտե,0,1,1,1,,,,,0,7,7,8,,,,,,,,Cody,"['lshift', 'c', 'd', 'backspace', 'o', 'd', 'y']",1,0.485366512,"[2.4996803930262104, 2.7185518679907545, 3.018306085956283, 3.5673945390153676, 3.9181242629420012, 4.03414686396718, 4.118797314004041]",[2.49968,2.49968,38,1,2019_Oct_10_1059,FaceNameBlocked,3.0.0,60.29755822,
32,FacesBlock2_v2.xlsx,Cody.mp4,Cody.JPG,Cody,23,Գոտե,0,1,1,1,0,1,1,8,,,,,,,1,1,2.051851969,,,,,,,,,,38,1,2019_Oct_10_1059,FaceNameBlocked,3.0.0,60.29755822,
76,FacesBlock3_v2.xlsx,Courtney.mp4,Courtney.JPG,Courtney,42,Գոըրդնէե,0,2,2,2,,,,,0,0,0,12,,,,,,space,2.284413715,,None,1,0.402563593,,,,38,1,2019_Oct_10_1059,FaceNameBlocked,3.0.0,60.29755822,
74,FacesBlock3_v2.xlsx,Courtney.mp4,Courtney.JPG,Courtney,42,Գոըրդնէե,0,2,2,2,0,13,13,12,,,,,,,0,2,1.769605233,,,,,,,,,,38,1,2019_Oct_10_1059,FaceNameBlocked,3.0.0,60.29755822,
62,FacesBlock3_v2.xlsx,Daniel.mp4,Daniel.JPG,Daniel,30,Տանիէլ,0,2,2,2,0,1,1,0,,,,,,,1,1,1.902803624,,,,,,,,,,38,1,2019_Oct_10_1059,FaceNameBlocked,3.0.0,60.29755822,
86,FacesBlock3_v2.xlsx,Daniel.mp4,Daniel.JPG,Daniel,30,Տանիէլ,0,2,2,2,,,,,0,10,10,0,,,,,,,,,None,1,0.618701222,,,,38,1,2019_Oct_10_1059,FaceNameBlocked,3.0.0,60.29755822,
22,FacesBlock1_v2.xlsx,Danielle.mp4,Danielle.JPG,Danielle,3,Տանիէլլէ,0,0,0,0,,,,,0,6,6,3,,,,,,,,,None,1,0.651379235,,,,38,1,2019_Oct_10_1059,FaceNameBlocked,3.0.0,60.29755822,
4,FacesBlock1_v2.xlsx,Danielle.mp4,Danielle.JPG,Danielle,3,Տանիէլլէ,0,0,0,0,0,3,3,3,,,,,,,1,2,0.233706895,,,,,,,,,,38,1,2019_Oct_10_1059,FaceNameBlocked,3.0.0,60.29755822,
38,FacesBlock2_v2.xlsx,David.mp4,David.JPG,David,16,Տաւիտ,0,1,1,1,0,7,7,1,,,,,,,1,1,1.819436292,,,,,,,,,,38,1,2019_Oct_10_1059,FaceNameBlocked,3.0.0,60.29755822,
58,FacesBlock2_v2.xlsx,David.mp4,David.JPG,David,16,Տաւիտ,0,1,1,1,,,,,0,12,12,1,,,,,,,,,None,1,0.73560908,,,,38,1,2019_Oct_10_1059,FaceNameBlocked,3.0.0,60.29755822,
95,FacesBlock4_v2.xlsx,Dylan.mp4,Dylan.JPG,Dylan,50,Տելան,0,3,3,3,0,4,4,5,,,,,,,0,1,2.535456953,,,,,,,,,,38,1,2019_Oct_10_1059,FaceNameBlocked,3.0.0,60.29755822,
114,FacesBlock4_v2.xlsx,Dylan.mp4,Dylan.JPG,Dylan,50,Տելան,0,3,3,3,,,,,0,8,8,5,,,,,,,,Dylan,"['lshift', 'd', 'y', 'l', 'a', 'n']",2,0.435153733,"[3.199617534992285, 3.5512520750053227, 4.134251918992959, 4.350498556974344, 4.451115900068544, 4.565571448067203]",[3.19961,3.19961,38,1,2019_Oct_10_1059,FaceNameBlocked,3.0.0,60.29755822,
113,FacesBlock4_v2.xlsx,Emily.mp4,Emily.JPG,Emily,57,Էմիլե,0,3,3,3,,,,,0,7,7,12,,,,,,,,,None,1,1.11870755,,,,38,1,2019_Oct_10_1059,FaceNameBlocked,3.0.0,60.29755822,
103,FacesBlock4_v2.xlsx,Emily.mp4,Emily.JPG,Emily,57,Էմիլե,0,3,3,3,0,12,12,12,,,,,,,0,2,1.935795275,,,,,,,,,,38,1,2019_Oct_10_1059,FaceNameBlocked,3.0.0,60.29755822,
18,FacesBlock1_v2.xlsx,Eric.mp4,Eric.JPG,Eric,0,Էրիգ,0,0,0,0,,,,,0,2,2,0,,,,,,,,,None,1,0.785549393,,,,38,1,2019_Oct_10_1059,FaceNameBlocked,3.0.0,60.29755822,
2,FacesBlock1_v2.xlsx,Eric.mp4,Eric.JPG,Eric,0,Էրիգ,0,0,0,0,0,1,1,0,,,,,,,0,1,0.669517604,,,,,,,,,,38,1,2019_Oct_10_1059,FaceNameBlocked,3.0.0,60.29755822,
15,FacesBlock1_v2.xlsx,Ethan.mp4,Ethan.JPG,Ethan,11,Էդհան,0,0,0,0,0,14,14,11,,,,,,,1,1,0.652883449,,,,,,,,,,38,1,2019_Oct_10_1059,FaceNameBlocked,3.0.0,60.29755822,
23,FacesBlock1_v2.xlsx,Ethan.mp4,Ethan.JPG,Ethan,11,Էդհան,0,0,0,0,,,,,0,7,7,11,,,,,,,,Matth,"['m', 'a', 't', 't', 'e', 'w', 'backspace', 'backspace', 'backspace', 'backspace', 'backspace', 'backspace', 'lshift', 'm', 'a', 't', 't', 'h']",1,1.968644362,"[5.33466170495376, 5.617862196988426, 6.217682190937921, 6.367594997980632, 6.567310921032913, 6.617461354937404, 7.44980477495119, 7.616568285040557, 7.999686897965148, 8.149848098983057, 8.299962560995482, 8.56577465904411, 8.881413604947738, 8.999434154946357, 9.366663699038327, 9.464197683962993, 9.64964479894843, 9.982564604957588]",[5.33466,5.33466,38,1,2019_Oct_10_1059,FaceNameBlocked,3.0.0,60.29755822,
111,FacesBlock4_v2.xlsx,Grace.mp4,Grace.JPG,Grace,58,Կրագէ,0,3,3,3,,,,,0,5,5,13,,,,,,,,Grace,"['lshift', 'g', 'r', 'a', 'c', 'e']",3,0.402233763,"[2.2667663430329412, 2.501916709006764, 2.801081891055219, 2.884578794008121, 3.151565795065835, 3.23513871897012]",[2.26676,2.26676,38,1,2019_Oct_10_1059,FaceNameBlocked,3.0.0,60.29755822,
96,FacesBlock4_v2.xlsx,Grace.mp4,Grace.JPG,Grace,58,Կրագէ,0,3,3,3,0,5,5,13,,,,,,,0,2,2.41848659,,,,,,,,,,38,1,2019_Oct_10_1059,FaceNameBlocked,3.0.0,60.29755822,
52,FacesBlock2_v2.xlsx,Haley.mp4,Haley.JPG,Haley,20,Հալէե,0,1,1,1,,,,,0,6,6,5,,,,,,,,,None,1,0.468760814,,,,38,1,2019_Oct_10_1059,FaceNameBlocked,3.0.0,60.29755822,
44,FacesBlock2_v2.xlsx,Haley.mp4,Haley.JPG,Haley,20,Հալէե,0,1,1,1,0,13,13,5,,,,,,,1,2,1.085704247,,,,,,,,,,38,1,2019_Oct_10_1059,FaceNameBlocked,3.0.0,60.29755822,
27,FacesBlock1_v2.xlsx,Hannah.mp4,Hannah.JPG,Hannah,1,Հաննահ,0,0,0,0,,,,,0,11,11,1,,,,,,,,Julia,"['lshift', 'j', 'u', 'l', 'i', 'a']",1,0.551954626,"[2.017308740061708, 2.085164239979349, 2.7515697489725426, 2.9851210720371455, 3.3680762889562175, 3.4513741390546784]",[2.01730,2.01730,38,1,2019_Oct_10_1059,FaceNameBlocked,3.0.0,60.29755822,
6,FacesBlock1_v2.xlsx,Hannah.mp4,Hannah.JPG,Hannah,1,Հաննահ,0,0,0,0,0,5,5,1,,,,,,,0,2,0.60313106,,,,,,,,,,38,1,2019_Oct_10_1059,FaceNameBlocked,3.0.0,60.29755822,
42,FacesBlock2_v2.xlsx,Heather.mp4,Heather.JPG,Heather,26,Հէադհէր,0,1,1,1,0,11,11,11,,,,,,,0,2,0.819203492,,,,,,,,,,38,1,2019_Oct_10_1059,FaceNameBlocked,3.0.0,60.29755822,
57,FacesBlock2_v2.xlsx,Heather.mp4,Heather.JPG,Heather,26,Հէադհէր,0,1,1,1,,,,,0,11,11,11,,,,,,,,Heather,"['lshift', 'h', 'e', 'a', 't', 'h', 'e', 'r']",1,0.285274762,"[1.482915039989166, 1.6848739240085706, 2.06772591592744, 2.134708344936371, 2.383924750960432, 2.4512917560059577, 2.584438206977211, 2.6511710330378264]",[1.48291,1.48291,38,1,2019_Oct_10_1059,FaceNameBlocked,3.0.0,60.29755822,
79,FacesBlock3_v2.xlsx,Jacob.mp4,Jacob.JPG,Jacob,39,Ճագոբ,0,2,2,2,,,,,0,3,3,9,,,,,,,,,None,1,0.769094892,,,,38,1,2019_Oct_10_1059,FaceNameBlocked,3.0.0,60.29755822,
63,FacesBlock3_v2.xlsx,Jacob.mp4,Jacob.JPG,Jacob,39,Ճագոբ,0,2,2,2,0,2,2,9,,,,,,,0,1,0.802810742,,,,,,,,,,38,1,2019_Oct_10_1059,FaceNameBlocked,3.0.0,60.29755822,
99,FacesBlock4_v2.xlsx,Jason.mp4,Jason.JPG,Jason,49,Ճասոն,0,3,3,3,0,8,8,4,,,,,,,0,1,4.584838981,,,,,,,,,,38,1,2019_Oct_10_1059,FaceNameBlocked,3.0.0,60.29755822,
112,FacesBlock4_v2.xlsx,Jason.mp4,Jason.JPG,Jason,49,Ճասոն,0,3,3,3,,,,,0,6,6,4,,,,,,,,Jason,"['lshift', 'j', 'a', 's', 'o', 'n']",4,1.218399957,"[2.567091215052642, 2.7020259810378775, 2.934372785035521, 3.101827655103989, 3.1844450880307704, 3.2522116670152172]",[2.56709,2.56709,38,1,2019_Oct_10_1059,FaceNameBlocked,3.0.0,60.29755822,
30,FacesBlock1_v2.xlsx,Jenna.mp4,Jenna.JPG,Jenna,6,Ճէննա,0,0,0,0,,,,,0,14,14,6,,,,,,,,,None,1,1.034212218,,,,38,1,2019_Oct_10_1059,FaceNameBlocked,3.0.0,60.29755822,
5,FacesBlock1_v2.xlsx,Jenna.mp4,Jenna.JPG,Jenna,6,Ճէննա,0,0,0,0,0,4,4,6,,,,,,,1,2,0.952783555,,,,,,,,,,38,1,2019_Oct_10_1059,FaceNameBlocked,3.0.0,60.29755822,
60,FacesBlock2_v2.xlsx,Jeremy.mp4,Jeremy.JPG,Jeremy,15,Ճէրէմե,0,1,1,1,,,,,0,14,14,0,,,,,,,,,None,1,0.518866664,,,,38,1,2019_Oct_10_1059,FaceNameBlocked,3.0.0,60.29755822,
33,FacesBlock2_v2.xlsx,Jeremy.mp4,Jeremy.JPG,Jeremy,15,Ճէրէմե,0,1,1,1,0,2,2,0,,,,,,,0,1,2.201794614,,,,,,,,,,38,1,2019_Oct_10_1059,FaceNameBlocked,3.0.0,60.29755822,
10,FacesBlock1_v2.xlsx,Jessica.mp4,Jessica.JPG,Jessica,8,Ճէսսիգա,0,0,0,0,0,9,9,8,,,,,,,0,2,0.969292085,,,,,,,,,,38,1,2019_Oct_10_1059,FaceNameBlocked,3.0.0,60.29755822,
20,FacesBlock1_v2.xlsx,Jessica.mp4,Jessica.JPG,Jessica,8,Ճէսսիգա,0,0,0,0,,,,,0,4,4,8,,,,,,,,,None,1,0.385568018,,,,38,1,2019_Oct_10_1059,FaceNameBlocked,3.0.0,60.29755822,
49,FacesBlock2_v2.xlsx,Josh.mp4,Josh.JPG,Josh,19,Ճոսհ,0,1,1,1,,,,,0,3,3,4,,,,,,,,,None,1,1.066689492,,,,38,1,2019_Oct_10_1059,FaceNameBlocked,3.0.0,60.29755822,
39,FacesBlock2_v2.xlsx,Josh.mp4,Josh.JPG,Josh,19,Ճոսհ,0,1,1,1,0,8,8,4,,,,,,,1,1,1.068788897,,,,,,,,,,38,1,2019_Oct_10_1059,FaceNameBlocked,3.0.0,60.29755822,
9,FacesBlock1_v2.xlsx,Julia.mp4,Julia.JPG,Julia,13,Ճըլիա,0,0,0,0,0,8,8,13,,,,,,,0,2,1.000123205,,,,,,,,,,38,1,2019_Oct_10_1059,FaceNameBlocked,3.0.0,60.29755822,
28,FacesBlock1_v2.xlsx,Julia.mp4,Julia.JPG,Julia,13,Ճըլիա,0,0,0,0,,,,,0,12,12,13,,,,,,,,,None,1,0.652171913,,,,38,1,2019_Oct_10_1059,FaceNameBlocked,3.0.0,60.29755822,
31,FacesBlock2_v2.xlsx,Justin.mp4,Justin.JPG,Justin,27,Ճըսդին,0,1,1,1,0,0,0,12,,,,,,,1,1,2.418607992,,,,,,,,,,38,1,2019_Oct_10_1059,FaceNameBlocked,3.0.0,60.29755822,
48,FacesBlock2_v2.xlsx,Justin.mp4,Justin.JPG,Justin,27,Ճըսդին,0,1,1,1,,,,,0,2,2,12,,,,,,,,Steven,"['lshift', 's', 't', 'e', 'e', 'backspace', 'v', 'e', 'n', '1', 'backspace']",1,0.518715246,"[1.667130936984904, 1.8018291349289939, 2.0848989009391516, 2.1520550559507683, 2.451166437007487, 2.783983142930083, 2.968041004962288, 3.01817559893243, 3.1514761899597943, 3.6012174199568108, 4.133718061028048]",[1.66713,1.66713,38,1,2019_Oct_10_1059,FaceNameBlocked,3.0.0,60.29755822,
117,FacesBlock4_v2.xlsx,Katie.mp4,Katie.JPG,Katie,54,Քադիէ,0,3,3,3,,,,,0,11,11,9,,,,,,,,Katie,"['lshift', 'k', 'a', 't', 'i', 'e']",4,0.401440563,"[1.4669900649460033, 1.6019306209636852, 1.9514662399888039, 2.134676625020802, 2.2348136379150674, 2.3177281729876995]",[1.46699,1.46699,38,1,2019_Oct_10_1059,FaceNameBlocked,3.0.0,60.29755822,
97,FacesBlock4_v2.xlsx,Katie.mp4,Katie.JPG,Katie,54,Քադիէ,0,3,3,3,0,6,6,9,,,,,,,0,2,4.318393147,,,,,,,,,,38,1,2019_Oct_10_1059,FaceNameBlocked,3.0.0,60.29755822,
85,FacesBlock3_v2.xlsx,Kayla.mp4,Kayla.JPG,Kayla,34,Սարահ,0,2,2,2,,,,,0,9,9,4,,,,,,,,,None,1,0.468876216,,,,38,1,2019_Oct_10_1059,FaceNameBlocked,3.0.0,60.29755822,
75,FacesBlock3_v2.xlsx,Kayla.mp4,Kayla.JPG,Kayla,34,Սարահ,0,2,2,2,0,14,14,4,,,,,,,1,2,0.835857016,,,,,,,,,,38,1,2019_Oct_10_1059,FaceNameBlocked,3.0.0,60.29755822,
3,FacesBlock1_v2.xlsx,Kelsey.mp4,Kelsey.JPG,Kelsey,12,Քէլսէե,0,0,0,0,0,2,2,12,,,,,,,1,2,1.302441041,,,,,,,,,,38,1,2019_Oct_10_1059,FaceNameBlocked,3.0.0,60.29755822,
29,FacesBlock1_v2.xlsx,Kelsey.mp4,Kelsey.JPG,Kelsey,12,Քէլսէե,0,0,0,0,,,,,0,13,13,12,,,,,,,,,None,1,0.435608129,,,,38,1,2019_Oct_10_1059,FaceNameBlocked,3.0.0,60.29755822,
65,FacesBlock3_v2.xlsx,Kevin.mp4,Kevin.JPG,Kevin,41,Քէւին,0,2,2,2,0,4,4,11,,,,,,,1,1,2.119246095,,,,,,,,,,38,1,2019_Oct_10_1059,FaceNameBlocked,3.0.0,60.29755822,
81,FacesBlock3_v2.xlsx,Kevin.mp4,Kevin.JPG,Kevin,41,Քէւին,0,2,2,2,,,,,0,5,5,11,,,,,,,,Kevin,"['lshift', 'k', 'e', 'b', 'i', 'backspace', 'backspace', 'v', 'i', 'n']",4,1.332421866,"[0.9512693379074335, 1.0528501539956778, 1.2337985679041594, 1.3857682719826698, 1.4355538639938459, 2.035226895008236, 2.1684167239582166, 2.602351979003288, 2.652599280932918, 2.751224942971021]",[0.95126,0.95126,38,1,2019_Oct_10_1059,FaceNameBlocked,3.0.0,60.29755822,
16,FacesBlock1_v2.xlsx,Kyle.mp4,Kyle.JPG,Kyle,4,Քելէ,0,0,0,0,,,,,0,0,0,4,,,,,,space,15.78033295,,None,1,1.783171088,,,,38,1,2019_Oct_10_1059,FaceNameBlocked,3.0.0,60.29755822,
7,FacesBlock1_v2.xlsx,Kyle.mp4,Kyle.JPG,Kyle,4,Քելէ,0,0,0,0,0,6,6,4,,,,,,,1,1,0.502888142,,,,,,,,,,38,1,2019_Oct_10_1059,FaceNameBlocked,3.0.0,60.29755822,
90,FacesBlock3_v2.xlsx,Lauren.mp4,Lauren.JPG,Lauren,38,Լաըրէն,0,2,2,2,,,,,0,14,14,8,,,,,,,,Lauren,"['lshift', 'l', 'u', 'a', 'backspace', 'backspace', 'a', 'u', 'r', 'e', 'n']",4,0.452212625,"[1.2008850499987602, 1.268977566040121, 1.6856967089697719, 1.7188687300076708, 2.051661330042407, 2.200014600995928, 2.3520934890257195, 2.4856257250066847, 2.6348102550255135, 2.7347280010581017, 2.852465494070202]",[1.20088,1.20088,38,1,2019_Oct_10_1059,FaceNameBlocked,3.0.0,60.29755822,
66,FacesBlock3_v2.xlsx,Lauren.mp4,Lauren.JPG,Lauren,38,Լաըրէն,0,2,2,2,0,5,5,8,,,,,,,1,2,1.370044016,,,,,,,,,,38,1,2019_Oct_10_1059,FaceNameBlocked,3.0.0,60.29755822,
88,FacesBlock3_v2.xlsx,Mark.mp4,Mark.JPG,Mark,40,Մարք,0,2,2,2,,,,,0,12,12,10,,,,,,,,,None,1,0.968602732,,,,38,1,2019_Oct_10_1059,FaceNameBlocked,3.0.0,60.29755822,
64,FacesBlock3_v2.xlsx,Mark.mp4,Mark.JPG,Mark,40,Մարք,0,2,2,2,0,3,3,10,,,,,,,0,1,4.70135497,,,,,,,,,,38,1,2019_Oct_10_1059,FaceNameBlocked,3.0.0,60.29755822,
26,FacesBlock1_v2.xlsx,Matthew.mp4,Matthew.JPG,Matthew,9,Մադդհէվ,0,0,0,0,,,,,0,10,10,9,,,,,,,,,None,1,0.551653843,,,,38,1,2019_Oct_10_1059,FaceNameBlocked,3.0.0,60.29755822,
14,FacesBlock1_v2.xlsx,Matthew.mp4,Matthew.JPG,Matthew,9,Մադդհէվ,0,0,0,0,0,13,13,9,,,,,,,1,1,1.102762998,,,,,,,,,,38,1,2019_Oct_10_1059,FaceNameBlocked,3.0.0,60.29755822,
56,FacesBlock2_v2.xlsx,Megan.mp4,Megan.JPG,Megan,25,Մէկան,0,1,1,1,,,,,0,10,10,10,,,,,,,,,"['lshift', 'h', 'e', 'a', 'backspace', 'backspace', 'backspace']",1,0.868043779,"[4.0831352160312235, 4.251066412078217, 4.866975852055475, 5.0176084589911625, 6.533066865988076, 6.6997716900659725, 6.832304166979156]",[4.08313,4.08313,38,1,2019_Oct_10_1059,FaceNameBlocked,3.0.0,60.29755822,
41,FacesBlock2_v2.xlsx,Megan.mp4,Megan.JPG,Megan,25,Մէկան,0,1,1,1,0,10,10,10,,,,,,,1,2,1.052883202,,,,,,,,,,38,1,2019_Oct_10_1059,FaceNameBlocked,3.0.0,60.29755822,
102,FacesBlock4_v2.xlsx,Michael.mp4,Michael.JPG,Michael,46,Միգհաէլ,0,3,3,3,0,11,11,1,,,,,,,1,1,3.501283199,,,,,,,,,,38,1,2019_Oct_10_1059,FaceNameBlocked,3.0.0,60.29755822,
108,FacesBlock4_v2.xlsx,Michael.mp4,Michael.JPG,Michael,46,Միգհաէլ,0,3,3,3,,,,,0,2,2,1,,,,,,,,,None,1,3.382573209,,,,38,1,2019_Oct_10_1059,FaceNameBlocked,3.0.0,60.29755822,
91,FacesBlock4_v2.xlsx,Michelle.mp4,Michelle.JPG,Michelle,52,Միգհէլլէ,0,3,3,3,0,0,0,7,,,,,,,1,2,12.71525404,,,,,,,,,,38,1,2019_Oct_10_1059,FaceNameBlocked,3.0.0,60.29755822,
115,FacesBlock4_v2.xlsx,Michelle.mp4,Michelle.JPG,Michelle,52,Միգհէլլէ,0,3,3,3,,,,,0,9,9,7,,,,,,,,,"['lshift', 'n', 'a', 't', 'a', 's', 'a', 'backspace', 'h', 'a', 'backspace', 'backspace', 'backspace', 'backspace', 'backspace', 'backspace', 'backspace']",1,0.752275077,"[2.617438395973295, 2.768438757979311, 3.101789088919759, 3.4342572289751843, 3.584872070932761, 3.8184174749767408, 4.067602445953526, 4.583622537902556, 4.917456497903913, 5.017092076013796, 7.166240160935558, 8.28318111691624, 8.449134507915005, 8.599551299004816, 8.749375846935436, 8.88266234495677, 9.015869596973062]",[2.61743,2.61743,38,1,2019_Oct_10_1059,FaceNameBlocked,3.0.0,60.29755822,
24,FacesBlock1_v2.xlsx,Natalie.mp4,Natalie.JPG,Natalie,7,Նադալիէ,0,0,0,0,,,,,0,8,8,7,,,,,,,,,None,1,0.518801812,,,,38,1,2019_Oct_10_1059,FaceNameBlocked,3.0.0,60.29755822,
8,FacesBlock1_v2.xlsx,Natalie.mp4,Natalie.JPG,Natalie,7,Նադալիէ,0,0,0,0,0,7,7,7,,,,,,,1,2,1.402727382,,,,,,,,,,38,1,2019_Oct_10_1059,FaceNameBlocked,3.0.0,60.29755822,
83,FacesBlock3_v2.xlsx,Nathan.mp4,Nathan.JPG,Nathan,37,Նադհան,0,2,2,2,,,,,0,7,7,7,,,,,,,,,None,1,0.918197725,,,,38,1,2019_Oct_10_1059,FaceNameBlocked,3.0.0,60.29755822,
70,FacesBlock3_v2.xlsx,Nathan.mp4,Nathan.JPG,Nathan,37,Նադհան,0,2,2,2,0,9,9,7,,,,,,,0,1,1.019708428,,,,,,,,,,38,1,2019_Oct_10_1059,FaceNameBlocked,3.0.0,60.29755822,
80,FacesBlock3_v2.xlsx,Nicole.mp4,Nicole.JPG,Nicole,43,Նիգոլէ,0,2,2,2,,,,,0,4,4,13,,,,,,,,Bethany,"['lshift', 'b', 'e', 't', 'h', 'a', 'n', 'y']",1,0.419108895,"[2.5333237149752676, 2.7185480230255052, 3.0657242849702016, 3.2678810730576515, 3.4345937439939007, 3.4850738960085437, 3.6509429360739887, 3.8016986490692943]",[2.53332,2.53332,38,1,2019_Oct_10_1059,FaceNameBlocked,3.0.0,60.29755822,
61,FacesBlock3_v2.xlsx,Nicole.mp4,Nicole.JPG,Nicole,43,Նիգոլէ,0,2,2,2,0,0,0,13,,,,,,,1,2,4.185824855,,,,,,,,,,38,1,2019_Oct_10_1059,FaceNameBlocked,3.0.0,60.29755822,
67,FacesBlock3_v2.xlsx,Noah.mp4,Noah.JPG,Noah,31,Նոահ,0,2,2,2,0,6,6,1,,,,,,,1,1,1.186002142,,,,,,,,,,38,1,2019_Oct_10_1059,FaceNameBlocked,3.0.0,60.29755822,
82,FacesBlock3_v2.xlsx,Noah.mp4,Noah.JPG,Noah,31,Նոահ,0,2,2,2,,,,,0,6,6,1,,,,,,,,,None,1,1.285146855,,,,38,1,2019_Oct_10_1059,FaceNameBlocked,3.0.0,60.29755822,
84,FacesBlock3_v2.xlsx,Olivia.mp4,Olivia.JPG,Olivia,35,Ոլիւիա,0,2,2,2,,,,,0,8,8,5,,,,,,,,,None,1,0.685558374,,,,38,1,2019_Oct_10_1059,FaceNameBlocked,3.0.0,60.29755822,
73,FacesBlock3_v2.xlsx,Olivia.mp4,Olivia.JPG,Olivia,35,Ոլիւիա,0,2,2,2,0,12,12,5,,,,,,,1,2,1.586152084,,,,,,,,,,38,1,2019_Oct_10_1059,FaceNameBlocked,3.0.0,60.29755822,
47,FacesBlock2_v2.xlsx,Rachel.mp4,Rachel.JPG,Rachel,29,Րագհէլ,0,1,1,1,,,,,0,1,1,14,,,,,,,,Hailey,"['lshift', 'j', 'backspace', 'lshift', 'h', 'i', 'l', 'backspace', 'backspace', 'a', 'i', 'l', 'e', 'e', 'backspace', 'y']",1,0.933603174,"[2.6336303510470316, 2.8019001480424777, 3.4178836119826883, 3.7496612439863384, 3.834690264076926, 4.18462960398756, 4.334579001995735, 4.667184694088064, 4.78364647005219, 4.950864629005082, 5.067341873073019, 5.18418861203827, 5.383965610060841, 5.451005579088815, 5.86690747900866, 6.000014151097275]",[2.63363,2.63363,38,1,2019_Oct_10_1059,FaceNameBlocked,3.0.0,60.29755822,
35,FacesBlock2_v2.xlsx,Rachel.mp4,Rachel.JPG,Rachel,29,Րագհէլ,0,1,1,1,0,4,4,14,,,,,,,0,2,1.13600127,,,,,,,,,,38,1,2019_Oct_10_1059,FaceNameBlocked,3.0.0,60.29755822,
72,FacesBlock3_v2.xlsx,Rebecca.mp4,Rebecca.JPG,Rebecca,32,Րէբէգգա,0,2,2,2,0,11,11,2,,,,,,,0,2,1.268768946,,,,,,,,,,38,1,2019_Oct_10_1059,FaceNameBlocked,3.0.0,60.29755822,
78,FacesBlock3_v2.xlsx,Rebecca.mp4,Rebecca.JPG,Rebecca,32,Րէբէգգա,0,2,2,2,,,,,0,2,2,2,,,,,,,,Kayla,"['lshift', 'k', 'a', 'y', 'l', 'a']",1,0.585044014,"[1.18400237406604, 1.2681227510329336, 1.568866076064296, 1.6684558090055361, 1.7352189980447292, 1.835182392038405]",[1.18400,1.18400,38,1,2019_Oct_10_1059,FaceNameBlocked,3.0.0,60.29755822,
71,FacesBlock3_v2.xlsx,Sarah.mp4,Sarah.JPG,Sarah,33,Սարահ,0,2,2,2,0,10,10,3,,,,,,,1,2,1.052204619,,,,,,,,,,38,1,2019_Oct_10_1059,FaceNameBlocked,3.0.0,60.29755822,
77,FacesBlock3_v2.xlsx,Sarah.mp4,Sarah.JPG,Sarah,33,Սարահ,0,2,2,2,,,,,0,1,1,3,,,,,,,,,None,1,0.868769556,,,,38,1,2019_Oct_10_1059,FaceNameBlocked,3.0.0,60.29755822,
69,FacesBlock3_v2.xlsx,Shelby.mp4,Shelby.JPG,Shelby,36,Սհէլբե,0,2,2,2,0,8,8,6,,,,,,,0,2,0.668928124,,,,,,,,,,38,1,2019_Oct_10_1059,FaceNameBlocked,3.0.0,60.29755822,
87,FacesBlock3_v2.xlsx,Shelby.mp4,Shelby.JPG,Shelby,36,Սհէլբե,0,2,2,2,,,,,0,11,11,6,,,,,,,,,None,1,0.518441349,,,,38,1,2019_Oct_10_1059,FaceNameBlocked,3.0.0,60.29755822,
45,FacesBlock2_v2.xlsx,Steven.mp4,Steven.JPG,Steven,17,Սդէւէն,0,1,1,1,0,14,14,2,,,,,,,0,1,1.019426877,,,,,,,,,,38,1,2019_Oct_10_1059,FaceNameBlocked,3.0.0,60.29755822,
51,FacesBlock2_v2.xlsx,Steven.mp4,Steven.JPG,Steven,17,Սդէւէն,0,1,1,1,,,,,0,5,5,2,,,,,,,,,None,1,0.385593731,,,,38,1,2019_Oct_10_1059,FaceNameBlocked,3.0.0,60.29755822,
98,FacesBlock4_v2.xlsx,Taylor.mp4,Taylor.JPG,Taylor,45,Դաելոր,0,3,3,3,0,7,7,0,,,,,,,1,2,3.735013067,,,,,,,,,,38,1,2019_Oct_10_1059,FaceNameBlocked,3.0.0,60.29755822,
116,FacesBlock4_v2.xlsx,Taylor.mp4,Taylor.JPG,Taylor,45,Դաելոր,0,3,3,3,,,,,0,10,10,0,,,,,,,,Taylor,"['lshift', 't', 'a', 'l', 'backspace', 'y', 'l', 'o', 'r']",1,0.435601107,"[2.2162110079079866, 3.268430690979585, 4.034867272945121, 5.432540765963495, 5.883291392936371, 6.033702626940794, 6.200262684957124, 6.417358525912277, 6.5343400000128895]",[2.21621,2.21621,38,1,2019_Oct_10_1059,FaceNameBlocked,3.0.0,60.29755822,
89,FacesBlock3_v2.xlsx,Thomas.mp4,Thomas.JPG,Thomas,44,Դհոմաս,0,2,2,2,,,,,0,13,13,14,,,,,,,,,None,1,0.619176806,,,,38,1,2019_Oct_10_1059,FaceNameBlocked,3.0.0,60.29755822,
68,FacesBlock3_v2.xlsx,Thomas.mp4,Thomas.JPG,Thomas,44,Դհոմաս,0,2,2,2,0,7,7,14,,,,,,,0,1,1.602298281,,,,,,,,,,38,1,2019_Oct_10_1059,FaceNameBlocked,3.0.0,60.29755822,
1,FacesBlock1_v2.xlsx,Timothy.mp4,Timothy.JPG,Timothy,10,Դիմոդհե,0,0,0,0,0,0,0,10,,,,,,,0,1,1.519112015,,,,,,,,,,38,1,2019_Oct_10_1059,FaceNameBlocked,3.0.0,60.29755822,
17,FacesBlock1_v2.xlsx,Timothy.mp4,Timothy.JPG,Timothy,10,Դիմոդհե,0,0,0,0,,,,,0,1,1,10,,,,,,,,,None,1,1.301529157,,,,38,1,2019_Oct_10_1059,FaceNameBlocked,3.0.0,60.29755822,
34,FacesBlock2_v2.xlsx,Trevor.mp4,Trevor.JPG,Trevor,21,Դրէւոր,0,1,1,1,0,3,3,6,,,,,,,1,1,1.002551763,,,,,,,,,,38,1,2019_Oct_10_1059,FaceNameBlocked,3.0.0,60.29755822,
46,FacesBlock2_v2.xlsx,Trevor.mp4,Trevor.JPG,Trevor,21,Դրէւոր,0,1,1,1,,,,,0,0,0,6,,,,,,space,8.083520903,,None,1,1.168387043,,,,38,1,2019_Oct_10_1059,FaceNameBlocked,3.0.0,60.29755822,
43,FacesBlock2_v2.xlsx,Tyler.mp4,Tyler.JPG,Tyler,22,Դելէր,0,1,1,1,0,12,12,7,,,,,,,0,1,1.786187645,,,,,,,,,,38,1,2019_Oct_10_1059,FaceNameBlocked,3.0.0,60.29755822,
54,FacesBlock2_v2.xlsx,Tyler.mp4,Tyler.JPG,Tyler,22,Դելէր,0,1,1,1,,,,,0,8,8,7,,,,,,,,,None,1,0.568661863,,,,38,1,2019_Oct_10_1059,FaceNameBlocked,3.0.0,60.29755822,
0,,,,,,,,,,,,,,,,,,,space,35.22561244,,,,,,,,,,,,,38,1,2019_Oct_10_1059,FaceNameBlocked,3.0.0,60.29755822,