,condsFile,Video,Photo,Name,Row,Name2,blocks.thisRepN,blocks.thisTrialN,blocks.thisN,blocks.thisIndex,presentations.thisRepN,presentations.thisTrialN,presentations.thisN,presentations.thisIndex,testing.thisRepN,testing.thisTrialN,testing.thisN,testing.thisIndex,advance_1.keys,advance_1.rt,currentCond,judgementResp.keys,judgementResp.rt,advance_2.keys,advance_2.rt,inputText,key_resp_3.keys,rating_resp.keys,rating_resp.rt,key_resp_3.rt,,key_resp3_fin,end_key.keys,end_key.rt,participant,session,date,expName,psychopyVersion,frameRate,Unnamed: 38
57,FacesBlock2_v2.xlsx,Aaron.mp4,Aaron.JPG,Aaron,18,Աարոն,0,1,1,1,,,,,0,11,11,3,,,,,,,,,None,1,0.968760746,,,,,,39,1,2019_Oct_10_1152,FaceNameBlocked,3.0.0,59.98482938,
31,FacesBlock2_v2.xlsx,Aaron.mp4,Aaron.JPG,Aaron,18,Աարոն,0,1,1,1,0,0,0,3,,,,,,,0,1,1.703462054,,,,,,,,,,,,39,1,2019_Oct_10_1152,FaceNameBlocked,3.0.0,59.98482938,
3,FacesBlock1_v2.xlsx,Adam.mp4,Adam.JPG,Adam,5,Ատամ,0,0,0,0,0,2,2,5,,,,,,,1,1,0.968987004,,,,,,,,,,,,39,1,2019_Oct_10_1152,FaceNameBlocked,3.0.0,59.98482938,
29,FacesBlock1_v2.xlsx,Adam.mp4,Adam.JPG,Adam,5,Ատամ,0,0,0,0,,,,,0,13,13,5,,,,,,,,,None,1,0.869375333,,,,,,39,1,2019_Oct_10_1152,FaceNameBlocked,3.0.0,59.98482938,
113,FacesBlock4_v2.xlsx,Alyssa.mp4,Alyssa.JPG,Alyssa,55,Ալեսսա,0,3,3,3,,,,,0,7,7,10,,,,,,,,,None,1,0.768939836,,,,,,39,1,2019_Oct_10_1152,FaceNameBlocked,3.0.0,59.98482938,
91,FacesBlock4_v2.xlsx,Alyssa.mp4,Alyssa.JPG,Alyssa,55,Ալեսսա,0,3,3,3,0,0,0,10,,,,,,,1,2,1.486776942,,,,,,,,,,,,39,1,2019_Oct_10_1152,FaceNameBlocked,3.0.0,59.98482938,
27,FacesBlock1_v2.xlsx,Amanda.mp4,Amanda.JPG,Amanda,2,Ամանտա,0,0,0,0,,,,,0,11,11,2,,,,,,,,,None,1,1.017312591,,,,,,39,1,2019_Oct_10_1152,FaceNameBlocked,3.0.0,59.98482938,
9,FacesBlock1_v2.xlsx,Amanda.mp4,Amanda.JPG,Amanda,2,Ամանտա,0,0,0,0,0,8,8,2,,,,,,,0,2,0.503122932,,,,,,,,,,,,39,1,2019_Oct_10_1152,FaceNameBlocked,3.0.0,59.98482938,
109,FacesBlock4_v2.xlsx,Andrew.mp4,Andrew.JPG,Andrew,51,Անտրէվ,0,3,3,3,,,,,0,3,3,6,,,,,,,,eason,"['e', 'a', 's', 'o', 'n']",1,2.085020789,"[6.749445918947458, 6.982333521940745, 7.183240624959581, 7.266266469028778, 7.4656789359869435]",[6.74944,6.74944,,,39,1,2019_Oct_10_1152,FaceNameBlocked,3.0.0,59.98482938,
102,FacesBlock4_v2.xlsx,Andrew.mp4,Andrew.JPG,Andrew,51,Անտրէվ,0,3,3,3,0,11,11,6,,,,,,,0,1,0.452520348,,,,,,,,,,,,39,1,2019_Oct_10_1152,FaceNameBlocked,3.0.0,59.98482938,
105,FacesBlock4_v2.xlsx,Anna.mp4,Anna.JPG,Anna,47,Աննա,0,3,3,3,0,14,14,2,,,,,,,1,2,0.518903709,,,,,,,,,,,,39,1,2019_Oct_10_1152,FaceNameBlocked,3.0.0,59.98482938,
119,FacesBlock4_v2.xlsx,Anna.mp4,Anna.JPG,Anna,47,Աննա,0,3,3,3,,,,,0,13,13,2,,,,,,,,anna,"['a', 'n', 'n', 'a']",4,1.485458165,"[2.568225604016334, 3.1007506180321798, 3.251211688038893, 3.4172248570248485]",[2.56822,2.56822,,,39,1,2019_Oct_10_1152,FaceNameBlocked,3.0.0,59.98482938,
41,FacesBlock2_v2.xlsx,Ashley.mp4,Ashley.JPG,Ashley,24,Ասհլէե,0,1,1,1,0,10,10,9,,,,,,,0,2,0.553072257,,,,,,,,,,,,39,1,2019_Oct_10_1152,FaceNameBlocked,3.0.0,59.98482938,
53,FacesBlock2_v2.xlsx,Ashley.mp4,Ashley.JPG,Ashley,24,Ասհլէե,0,1,1,1,,,,,0,7,7,9,,,,,,,,,None,1,1.317944852,,,,,,39,1,2019_Oct_10_1152,FaceNameBlocked,3.0.0,59.98482938,
28,FacesBlock1_v2.xlsx,Bradley.mp4,Bradley.JPG,Bradley,14,Բրատլէե,0,0,0,0,,,,,0,12,12,14,,,,,,,,,None,1,1.085296748,,,,,,39,1,2019_Oct_10_1152,FaceNameBlocked,3.0.0,59.98482938,
14,FacesBlock1_v2.xlsx,Bradley.mp4,Bradley.JPG,Bradley,14,Բրատլէե,0,0,0,0,0,13,13,14,,,,,,,1,1,0.435612163,,,,,,,,,,,,39,1,2019_Oct_10_1152,FaceNameBlocked,3.0.0,59.98482938,
96,FacesBlock4_v2.xlsx,Brandon.mp4,Brandon.JPG,Brandon,56,Բրանտոն,0,3,3,3,0,5,5,11,,,,,,,0,1,1.719202279,,,,,,,,,,,,39,1,2019_Oct_10_1152,FaceNameBlocked,3.0.0,59.98482938,
108,FacesBlock4_v2.xlsx,Brandon.mp4,Brandon.JPG,Brandon,56,Բրանտոն,0,3,3,3,,,,,0,2,2,11,,,,,,,,,None,1,0.885556889,,,,,,39,1,2019_Oct_10_1152,FaceNameBlocked,3.0.0,59.98482938,
107,FacesBlock4_v2.xlsx,Brian.mp4,Brian.JPG,Brian,53,Բրիան,0,3,3,3,,,,,0,1,1,8,,,,,,,,jason,"['j', 'a', 's', 'o', 'n']",3,0.35188905,"[1.817933218088001, 2.834514980087988, 3.0853912390302867, 3.184685134096071, 3.384684661985375]",[1.81793,1.81793,,,39,1,2019_Oct_10_1152,FaceNameBlocked,3.0.0,59.98482938,
99,FacesBlock4_v2.xlsx,Brian.mp4,Brian.JPG,Brian,53,Բրիան,0,3,3,3,0,8,8,8,,,,,,,1,1,0.802636747,,,,,,,,,,,,39,1,2019_Oct_10_1152,FaceNameBlocked,3.0.0,59.98482938,
117,FacesBlock4_v2.xlsx,Brianna.mp4,Brianna.JPG,Brianna,48,Բրիաննա,0,3,3,3,,,,,0,11,11,3,,,,,,,,,None,1,0.585700117,,,,,,39,1,2019_Oct_10_1152,FaceNameBlocked,3.0.0,59.98482938,
101,FacesBlock4_v2.xlsx,Brianna.mp4,Brianna.JPG,Brianna,48,Բրիաննա,0,3,3,3,0,10,10,3,,,,,,,1,2,1.11885932,,,,,,,,,,,,39,1,2019_Oct_10_1152,FaceNameBlocked,3.0.0,59.98482938,
58,FacesBlock2_v2.xlsx,Brittany.mp4,Brittany.JPG,Brittany,28,Բրիդդանե,0,1,1,1,,,,,0,12,12,13,,,,,,,,,None,1,0.935652273,,,,,,39,1,2019_Oct_10_1152,FaceNameBlocked,3.0.0,59.98482938,
36,FacesBlock2_v2.xlsx,Brittany.mp4,Brittany.JPG,Brittany,28,Բրիդդանե,0,1,1,1,0,5,5,13,,,,,,,1,2,1.169002968,,,,,,,,,,,,39,1,2019_Oct_10_1152,FaceNameBlocked,3.0.0,59.98482938,
115,FacesBlock4_v2.xlsx,Caleb.mp4,Caleb.JPG,Caleb,59,Գալէբ,0,3,3,3,,,,,0,9,9,14,,,,,,,,,None,1,2.451750029,,,,,,39,1,2019_Oct_10_1152,FaceNameBlocked,3.0.0,59.98482938,
104,FacesBlock4_v2.xlsx,Caleb.mp4,Caleb.JPG,Caleb,59,Գալէբ,0,3,3,3,0,13,13,14,,,,,,,1,1,1.119458351,,,,,,,,,,,,39,1,2019_Oct_10_1152,FaceNameBlocked,3.0.0,59.98482938,
48,FacesBlock2_v2.xlsx,Cody.mp4,Cody.JPG,Cody,23,Գոտե,0,1,1,1,,,,,0,2,2,8,,,,,,,,,None,1,0.818557721,,,,,,39,1,2019_Oct_10_1152,FaceNameBlocked,3.0.0,59.98482938,
44,FacesBlock2_v2.xlsx,Cody.mp4,Cody.JPG,Cody,23,Գոտե,0,1,1,1,0,13,13,8,,,,,,,1,1,1.019534529,,,,,,,,,,,,39,1,2019_Oct_10_1152,FaceNameBlocked,3.0.0,59.98482938,
69,FacesBlock3_v2.xlsx,Courtney.mp4,Courtney.JPG,Courtney,42,Գոըրդնէե,0,2,2,2,0,8,8,12,,,,,,,1,2,1.052308026,,,,,,,,,,,,39,1,2019_Oct_10_1152,FaceNameBlocked,3.0.0,59.98482938,
85,FacesBlock3_v2.xlsx,Courtney.mp4,Courtney.JPG,Courtney,42,Գոըրդնէե,0,2,2,2,,,,,0,9,9,12,,,,,,,,,None,1,0.684769959,,,,,,39,1,2019_Oct_10_1152,FaceNameBlocked,3.0.0,59.98482938,
66,FacesBlock3_v2.xlsx,Daniel.mp4,Daniel.JPG,Daniel,30,Տանիէլ,0,2,2,2,0,5,5,0,,,,,,,1,1,1.399734782,,,,,,,,,,,,39,1,2019_Oct_10_1152,FaceNameBlocked,3.0.0,59.98482938,
81,FacesBlock3_v2.xlsx,Daniel.mp4,Daniel.JPG,Daniel,30,Տանիէլ,0,2,2,2,,,,,0,5,5,0,,,,,,,,,None,1,0.951533963,,,,,,39,1,2019_Oct_10_1152,FaceNameBlocked,3.0.0,59.98482938,
22,FacesBlock1_v2.xlsx,Danielle.mp4,Danielle.JPG,Danielle,3,Տանիէլլէ,0,0,0,0,,,,,0,6,6,3,,,,,,,,sarah,"['s', 'a', 'r', 'a', 'h']",1,1.134997505,"[3.651952259009704, 4.0015239600325, 4.467555122100748, 4.76736586401239, 4.934686950058676]",[3.65195,3.65195,,,39,1,2019_Oct_10_1152,FaceNameBlocked,3.0.0,59.98482938,
13,FacesBlock1_v2.xlsx,Danielle.mp4,Danielle.JPG,Danielle,3,Տանիէլլէ,0,0,0,0,0,12,12,3,,,,,,,0,2,0.452695907,,,,,,,,,,,,39,1,2019_Oct_10_1152,FaceNameBlocked,3.0.0,59.98482938,
33,FacesBlock2_v2.xlsx,David.mp4,David.JPG,David,16,Տաւիտ,0,1,1,1,0,2,2,1,,,,,,,0,1,0.902481236,,,,,,,,,,,,39,1,2019_Oct_10_1152,FaceNameBlocked,3.0.0,59.98482938,
59,FacesBlock2_v2.xlsx,David.mp4,David.JPG,David,16,Տաւիտ,0,1,1,1,,,,,0,13,13,1,,,,,,,,,None,1,0.90162628,,,,,,39,1,2019_Oct_10_1152,FaceNameBlocked,3.0.0,59.98482938,
92,FacesBlock4_v2.xlsx,Dylan.mp4,Dylan.JPG,Dylan,50,Տելան,0,3,3,3,0,1,1,5,,,,,,,0,1,0.553501539,,,,,,,,,,,,39,1,2019_Oct_10_1152,FaceNameBlocked,3.0.0,59.98482938,
110,FacesBlock4_v2.xlsx,Dylan.mp4,Dylan.JPG,Dylan,50,Տելան,0,3,3,3,,,,,0,4,4,5,,,,,,,,dylan,"['d', 'y', 'l', 'a', 'n']",4,1.91863198,"[6.8174123340286314, 6.983656822005287, 7.3668770380318165, 7.549974763067439, 7.699698755983263]",[6.81741,6.81741,,,39,1,2019_Oct_10_1152,FaceNameBlocked,3.0.0,59.98482938,
94,FacesBlock4_v2.xlsx,Emily.mp4,Emily.JPG,Emily,57,Էմիլե,0,3,3,3,0,3,3,12,,,,,,,1,2,0.96934847,,,,,,,,,,,,39,1,2019_Oct_10_1152,FaceNameBlocked,3.0.0,59.98482938,
118,FacesBlock4_v2.xlsx,Emily.mp4,Emily.JPG,Emily,57,Էմիլե,0,3,3,3,,,,,0,12,12,12,,,,,,,,emily,"['e', 'm', 'i', 'l', 'y']",3,0.650222845,"[4.484770437004045, 4.751230188994668, 4.967460334068164, 5.201602352084592, 5.451211799052544]",[4.48477,4.48477,,,39,1,2019_Oct_10_1152,FaceNameBlocked,3.0.0,59.98482938,
19,FacesBlock1_v2.xlsx,Eric.mp4,Eric.JPG,Eric,0,Էրիգ,0,0,0,0,,,,,0,3,3,0,,,,,,,,ei,"['capslock', 'e', 'i', 'r', 'c', 'backspace', 'backspace', 'backspace']",1,1.635103003,"[5.39982403209433, 5.650804752018303, 6.516789709101431, 6.949952062102966, 7.283231770037673, 9.032083411002532, 9.582292555016465, 9.998004671069793]",[5.39982,5.39982,,,39,1,2019_Oct_10_1152,FaceNameBlocked,3.0.0,59.98482938,
8,FacesBlock1_v2.xlsx,Eric.mp4,Eric.JPG,Eric,0,Էրիգ,0,0,0,0,0,7,7,0,,,,,,,0,1,0.586232273,,,,,,,,,,,,39,1,2019_Oct_10_1152,FaceNameBlocked,3.0.0,59.98482938,
1,FacesBlock1_v2.xlsx,Ethan.mp4,Ethan.JPG,Ethan,11,Էդհան,0,0,0,0,0,0,0,11,,,,,,,0,1,1.435830289,,,,,,,,,,,,39,1,2019_Oct_10_1152,FaceNameBlocked,3.0.0,59.98482938,
25,FacesBlock1_v2.xlsx,Ethan.mp4,Ethan.JPG,Ethan,11,Էդհան,0,0,0,0,,,,,0,9,9,11,,,,,,,,tom,"['t', 'o', 'm']",1,1.118625862,"[9.399629444931634, 9.732563126948662, 9.91535089793615]",[9.39962,9.39962,,,39,1,2019_Oct_10_1152,FaceNameBlocked,3.0.0,59.98482938,
103,FacesBlock4_v2.xlsx,Grace.mp4,Grace.JPG,Grace,58,Կրագէ,0,3,3,3,0,12,12,13,,,,,,,0,2,0.269345464,,,,,,,,,,,,39,1,2019_Oct_10_1152,FaceNameBlocked,3.0.0,59.98482938,
114,FacesBlock4_v2.xlsx,Grace.mp4,Grace.JPG,Grace,58,Կրագէ,0,3,3,3,,,,,0,8,8,13,,,,,,,,grace ,"['g', 'r', 'a', 'c', 'e', 'space']",3,0.668825843,"[2.1515990790212527, 2.2839887090958655, 2.4842413120204583, 2.8178758670110255, 2.949164893012494, 3.0505754310870543]",[2.15159,2.15159,,,39,1,2019_Oct_10_1152,FaceNameBlocked,3.0.0,59.98482938,
35,FacesBlock2_v2.xlsx,Haley.mp4,Haley.JPG,Haley,20,Հալէե,0,1,1,1,0,4,4,5,,,,,,,0,2,0.819641599,,,,,,,,,,,,39,1,2019_Oct_10_1152,FaceNameBlocked,3.0.0,59.98482938,
55,FacesBlock2_v2.xlsx,Haley.mp4,Haley.JPG,Haley,20,Հալէե,0,1,1,1,,,,,0,9,9,5,,,,,,,,haley,"['h', 'a', 'l', 'e', 'y']",4,0.718970016,"[1.5184932019328699, 1.7677493169903755, 1.9180553109617904, 2.1177983899833634, 2.2512653209269047]",[1.51849,1.51849,,,39,1,2019_Oct_10_1152,FaceNameBlocked,3.0.0,59.98482938,
26,FacesBlock1_v2.xlsx,Hannah.mp4,Hannah.JPG,Hannah,1,Հաննահ,0,0,0,0,,,,,0,10,10,1,,,,,,,,,None,1,0.718876685,,,,,,39,1,2019_Oct_10_1152,FaceNameBlocked,3.0.0,59.98482938,
15,FacesBlock1_v2.xlsx,Hannah.mp4,Hannah.JPG,Hannah,1,Հաննահ,0,0,0,0,0,14,14,1,,,,,,,1,2,0.63591088,,,,,,,,,,,,39,1,2019_Oct_10_1152,FaceNameBlocked,3.0.0,59.98482938,
51,FacesBlock2_v2.xlsx,Heather.mp4,Heather.JPG,Heather,26,Հէադհէր,0,1,1,1,,,,,0,5,5,11,,,,,,,,,None,1,0.86874474,,,,,,39,1,2019_Oct_10_1152,FaceNameBlocked,3.0.0,59.98482938,
37,FacesBlock2_v2.xlsx,Heather.mp4,Heather.JPG,Heather,26,Հէադհէր,0,1,1,1,0,6,6,11,,,,,,,0,2,0.636189063,,,,,,,,,,,,39,1,2019_Oct_10_1152,FaceNameBlocked,3.0.0,59.98482938,
73,FacesBlock3_v2.xlsx,Jacob.mp4,Jacob.JPG,Jacob,39,Ճագոբ,0,2,2,2,0,12,12,9,,,,,,,0,1,0.670243187,,,,,,,,,,,,39,1,2019_Oct_10_1152,FaceNameBlocked,3.0.0,59.98482938,
80,FacesBlock3_v2.xlsx,Jacob.mp4,Jacob.JPG,Jacob,39,Ճագոբ,0,2,2,2,,,,,0,4,4,9,,,,,,,,jacob,"['j', 'a', 'c', 'o', 'b']",4,2.767947432,"[1.9519073760602623, 2.0852585920365527, 2.3515943330712616, 2.468533177045174, 2.7184857970569283]",[1.95190,1.95190,,,39,1,2019_Oct_10_1152,FaceNameBlocked,3.0.0,59.98482938,
93,FacesBlock4_v2.xlsx,Jason.mp4,Jason.JPG,Jason,49,Ճասոն,0,3,3,3,0,2,2,4,,,,,,,1,1,0.653962424,,,,,,,,,,,,39,1,2019_Oct_10_1152,FaceNameBlocked,3.0.0,59.98482938,
112,FacesBlock4_v2.xlsx,Jason.mp4,Jason.JPG,Jason,49,Ճասոն,0,3,3,3,,,,,0,6,6,4,,,,,,,,,None,1,1.385461452,,,,,,39,1,2019_Oct_10_1152,FaceNameBlocked,3.0.0,59.98482938,
30,FacesBlock1_v2.xlsx,Jenna.mp4,Jenna.JPG,Jenna,6,Ճէննա,0,0,0,0,,,,,0,14,14,6,,,,,,,,,None,1,0.716491325,,,,,,39,1,2019_Oct_10_1152,FaceNameBlocked,3.0.0,59.98482938,
7,FacesBlock1_v2.xlsx,Jenna.mp4,Jenna.JPG,Jenna,6,Ճէննա,0,0,0,0,0,6,6,6,,,,,,,1,2,1.001853557,,,,,,,,,,,,39,1,2019_Oct_10_1152,FaceNameBlocked,3.0.0,59.98482938,
50,FacesBlock2_v2.xlsx,Jeremy.mp4,Jeremy.JPG,Jeremy,15,Ճէրէմե,0,1,1,1,,,,,0,4,4,0,,,,,,,,jeremy,"['j', 'e', 'r', 'm', 'e', 'backspace', 'y', 'backspace', 'backspace', 'backspace', 'r', 'e', 'r', 'backspace', 'm', 'y']",3,2.900826484,"[2.251832533045672, 2.518593118991703, 2.7514403180684894, 4.051233800011687, 4.284652072004974, 5.467096385080367, 6.067576860077679, 7.200199285056442, 7.333358810981736, 7.516271285014227, 8.300100487074815, 8.465950026060455, 8.633296075975522, 9.398895862977952, 9.764379548025317, 9.915882383007556]",[2.25183,2.25183,,,39,1,2019_Oct_10_1152,FaceNameBlocked,3.0.0,59.98482938,
39,FacesBlock2_v2.xlsx,Jeremy.mp4,Jeremy.JPG,Jeremy,15,Ճէրէմե,0,1,1,1,0,8,8,0,,,,,,,1,1,0.933641915,,,,,,,,,,,,39,1,2019_Oct_10_1152,FaceNameBlocked,3.0.0,59.98482938,
6,FacesBlock1_v2.xlsx,Jessica.mp4,Jessica.JPG,Jessica,8,Ճէսսիգա,0,0,0,0,0,5,5,8,,,,,,,0,2,0.802182268,,,,,,,,,,,,39,1,2019_Oct_10_1152,FaceNameBlocked,3.0.0,59.98482938,
17,FacesBlock1_v2.xlsx,Jessica.mp4,Jessica.JPG,Jessica,8,Ճէսսիգա,0,0,0,0,,,,,0,1,1,8,,,,,,,,,None,1,3.134870261,,,,,,39,1,2019_Oct_10_1152,FaceNameBlocked,3.0.0,59.98482938,
42,FacesBlock2_v2.xlsx,Josh.mp4,Josh.JPG,Josh,19,Ճոսհ,0,1,1,1,0,11,11,4,,,,,,,0,1,0.386299934,,,,,,,,,,,,39,1,2019_Oct_10_1152,FaceNameBlocked,3.0.0,59.98482938,
54,FacesBlock2_v2.xlsx,Josh.mp4,Josh.JPG,Josh,19,Ճոսհ,0,1,1,1,,,,,0,8,8,4,,,,,,,,,None,1,1.135117019,,,,,,39,1,2019_Oct_10_1152,FaceNameBlocked,3.0.0,59.98482938,
24,FacesBlock1_v2.xlsx,Julia.mp4,Julia.JPG,Julia,13,Ճըլիա,0,0,0,0,,,,,0,8,8,13,,,,,,,,,None,1,1.233214113,,,,,,39,1,2019_Oct_10_1152,FaceNameBlocked,3.0.0,59.98482938,
5,FacesBlock1_v2.xlsx,Julia.mp4,Julia.JPG,Julia,13,Ճըլիա,0,0,0,0,0,4,4,13,,,,,,,1,2,0.769563732,,,,,,,,,,,,39,1,2019_Oct_10_1152,FaceNameBlocked,3.0.0,59.98482938,
56,FacesBlock2_v2.xlsx,Justin.mp4,Justin.JPG,Justin,27,Ճըսդին,0,1,1,1,,,,,0,10,10,12,,,,,,,,frank,"['f', 'r', 'a', 'n', 'k']",1,0.53363188,"[8.4662833919283, 8.71604073792696, 8.99859801796265, 9.1657294689212, 9.316015576943755]",[8.46628,8.46628,,,39,1,2019_Oct_10_1152,FaceNameBlocked,3.0.0,59.98482938,
40,FacesBlock2_v2.xlsx,Justin.mp4,Justin.JPG,Justin,27,Ճըսդին,0,1,1,1,0,9,9,12,,,,,,,0,1,1.153628659,,,,,,,,,,,,39,1,2019_Oct_10_1152,FaceNameBlocked,3.0.0,59.98482938,
97,FacesBlock4_v2.xlsx,Katie.mp4,Katie.JPG,Katie,54,Քադիէ,0,3,3,3,0,6,6,9,,,,,,,0,2,0.402917113,,,,,,,,,,,,39,1,2019_Oct_10_1152,FaceNameBlocked,3.0.0,59.98482938,
111,FacesBlock4_v2.xlsx,Katie.mp4,Katie.JPG,Katie,54,Քադիէ,0,3,3,3,,,,,0,5,5,9,,,,,,,,katie,"['k', 'a', 'i', 'e', 'backspace', 'backspace', 't', 'i', 'e']",4,0.402300933,"[4.432189357932657, 4.550800118013285, 4.98388008994516, 5.200800395919941, 5.933050597901456, 6.099623404908925, 6.283539176918566, 6.416955575929023, 6.56713606393896]",[4.43218,4.43218,,,39,1,2019_Oct_10_1152,FaceNameBlocked,3.0.0,59.98482938,
62,FacesBlock3_v2.xlsx,Kayla.mp4,Kayla.JPG,Kayla,34,Սարահ,0,2,2,2,0,1,1,4,,,,,,,0,2,1.799819324,,,,,,,,,,,,39,1,2019_Oct_10_1152,FaceNameBlocked,3.0.0,59.98482938,
78,FacesBlock3_v2.xlsx,Kayla.mp4,Kayla.JPG,Kayla,34,Սարահ,0,2,2,2,,,,,0,2,2,4,,,,,,,,cortne,"['c', 'o', 'r', 't', 'n', 'e']",1,1.918995705,"[6.516972744953819, 6.832704273983836, 7.299709346960299, 8.05002865602728, 8.466130426968448, 8.682494085049257]",[6.51697,6.51697,,,39,1,2019_Oct_10_1152,FaceNameBlocked,3.0.0,59.98482938,
20,FacesBlock1_v2.xlsx,Kelsey.mp4,Kelsey.JPG,Kelsey,12,Քէլսէե,0,0,0,0,,,,,0,4,4,12,,,,,,,,danielle,"['d', 'a', 'n', 'i', 'e', 'e', 'l', 'e', 'backspace', 'backspace', 'backspace', 'l', 'l', 'e']",1,1.118724251,"[5.368057176005095, 5.601178413955495, 5.884008668945171, 6.0678923489758745, 6.600247800000943, 6.767421071999706, 6.950625578057952, 7.066934523056261, 7.549703627009876, 7.699485033983365, 7.882851165020838, 8.233938266057521, 8.400000085006468, 8.51687391998712]",[5.36805,5.36805,,,39,1,2019_Oct_10_1152,FaceNameBlocked,3.0.0,59.98482938,
10,FacesBlock1_v2.xlsx,Kelsey.mp4,Kelsey.JPG,Kelsey,12,Քէլսէե,0,0,0,0,0,9,9,12,,,,,,,1,2,1.002460148,,,,,,,,,,,,39,1,2019_Oct_10_1152,FaceNameBlocked,3.0.0,59.98482938,
74,FacesBlock3_v2.xlsx,Kevin.mp4,Kevin.JPG,Kevin,41,Քէւին,0,2,2,2,0,13,13,11,,,,,,,1,1,0.919581504,,,,,,,,,,,,39,1,2019_Oct_10_1152,FaceNameBlocked,3.0.0,59.98482938,
88,FacesBlock3_v2.xlsx,Kevin.mp4,Kevin.JPG,Kevin,41,Քէւին,0,2,2,2,,,,,0,12,12,11,,,,,,,,,None,1,1.56665826,,,,,,39,1,2019_Oct_10_1152,FaceNameBlocked,3.0.0,59.98482938,
23,FacesBlock1_v2.xlsx,Kyle.mp4,Kyle.JPG,Kyle,4,Քելէ,0,0,0,0,,,,,0,7,7,4,,,,,,,,,None,1,1.33279838,,,,,,39,1,2019_Oct_10_1152,FaceNameBlocked,3.0.0,59.98482938,
11,FacesBlock1_v2.xlsx,Kyle.mp4,Kyle.JPG,Kyle,4,Քելէ,0,0,0,0,0,10,10,4,,,,,,,1,1,0.969430079,,,,,,,,,,,,39,1,2019_Oct_10_1152,FaceNameBlocked,3.0.0,59.98482938,
83,FacesBlock3_v2.xlsx,Lauren.mp4,Lauren.JPG,Lauren,38,Լաըրէն,0,2,2,2,,,,,0,7,7,8,,,,,,,,lauren,"['l', 'a', 'u', 'r', 'n', 'backspace', 'e', 'n']",2,3.567537889,"[3.018378740060143, 3.234597538015805, 3.5676070490153506, 5.667094220989384, 6.084016915992834, 6.633574496023357, 6.867165743024088, 7.749613185995258]",[3.01837,3.01837,,,39,1,2019_Oct_10_1152,FaceNameBlocked,3.0.0,59.98482938,
65,FacesBlock3_v2.xlsx,Lauren.mp4,Lauren.JPG,Lauren,38,Լաըրէն,0,2,2,2,0,4,4,8,,,,,,,1,2,1.485258047,,,,,,,,,,,,39,1,2019_Oct_10_1152,FaceNameBlocked,3.0.0,59.98482938,
63,FacesBlock3_v2.xlsx,Mark.mp4,Mark.JPG,Mark,40,Մարք,0,2,2,2,0,2,2,10,,,,,,,0,1,1.449954856,,,,,,,,,,,,39,1,2019_Oct_10_1152,FaceNameBlocked,3.0.0,59.98482938,
87,FacesBlock3_v2.xlsx,Mark.mp4,Mark.JPG,Mark,40,Մարք,0,2,2,2,,,,,0,11,11,10,,,,,,,,mark,"['a', 'r', 'backspace', 'backspace', 'm', 'a', 'r', 'k']",4,0.868903514,"[2.3843322530156, 2.517146763042547, 3.333657745970413, 3.4833449870347977, 4.016666718991473, 4.167455881019123, 4.250266773044132, 4.367270570015535]",[2.38433,2.38433,,,39,1,2019_Oct_10_1152,FaceNameBlocked,3.0.0,59.98482938,
21,FacesBlock1_v2.xlsx,Matthew.mp4,Matthew.JPG,Matthew,9,Մադդհէվ,0,0,0,0,,,,,0,5,5,9,,,,,,,,,None,1,1.202250549,,,,,,39,1,2019_Oct_10_1152,FaceNameBlocked,3.0.0,59.98482938,
2,FacesBlock1_v2.xlsx,Matthew.mp4,Matthew.JPG,Matthew,9,Մադդհէվ,0,0,0,0,0,1,1,9,,,,,,,0,1,0.852411425,,,,,,,,,,,,39,1,2019_Oct_10_1152,FaceNameBlocked,3.0.0,59.98482938,
34,FacesBlock2_v2.xlsx,Megan.mp4,Megan.JPG,Megan,25,Մէկան,0,1,1,1,0,3,3,10,,,,,,,0,2,0.636166509,,,,,,,,,,,,39,1,2019_Oct_10_1152,FaceNameBlocked,3.0.0,59.98482938,
47,FacesBlock2_v2.xlsx,Megan.mp4,Megan.JPG,Megan,25,Մէկան,0,1,1,1,,,,,0,1,1,10,,,,,,,,,None,1,0.918639517,,,,,,39,1,2019_Oct_10_1152,FaceNameBlocked,3.0.0,59.98482938,
98,FacesBlock4_v2.xlsx,Michael.mp4,Michael.JPG,Michael,46,Միգհաէլ,0,3,3,3,0,7,7,1,,,,,,,0,1,0.619555331,,,,,,,,,,,,39,1,2019_Oct_10_1152,FaceNameBlocked,3.0.0,59.98482938,
120,FacesBlock4_v2.xlsx,Michael.mp4,Michael.JPG,Michael,46,Միգհաէլ,0,3,3,3,,,,,0,14,14,1,,,,,,,,jason,"['j', 'a', 's', 'o', 'n']",1,0.402553436,"[4.184428691980429, 4.683650061953813, 5.017194182961248, 5.201011764002033, 5.483737547998317]",[4.18442,4.18442,,,39,1,2019_Oct_10_1152,FaceNameBlocked,3.0.0,59.98482938,
106,FacesBlock4_v2.xlsx,Michelle.mp4,Michelle.JPG,Michelle,52,Միգհէլլէ,0,3,3,3,,,,,0,0,0,7,,,,,,space,4.184251058,michelle,"['comma', 'i', 'backspace', 'm', 'i', 'c', 'h', 'e', 'e', 'backspace', 'l', 'l', 'e']",4,0.552343574,"[2.6514686190057546, 3.0174455189844593, 3.817334152990952, 4.234469352988526, 4.483518998022191, 4.650795820984058, 4.917437121970579, 5.083572800038382, 5.666768305003643, 6.1663694540038705, 6.56681482901331, 6.7000264569651335, 6.833112264983356]",[2.65146,2.65146,,,39,1,2019_Oct_10_1152,FaceNameBlocked,3.0.0,59.98482938,
100,FacesBlock4_v2.xlsx,Michelle.mp4,Michelle.JPG,Michelle,52,Միգհէլլէ,0,3,3,3,0,9,9,7,,,,,,,0,2,0.252549678,,,,,,,,,,,,39,1,2019_Oct_10_1152,FaceNameBlocked,3.0.0,59.98482938,
4,FacesBlock1_v2.xlsx,Natalie.mp4,Natalie.JPG,Natalie,7,Նադալիէ,0,0,0,0,0,3,3,7,,,,,,,0,2,0.636945444,,,,,,,,,,,,39,1,2019_Oct_10_1152,FaceNameBlocked,3.0.0,59.98482938,
16,FacesBlock1_v2.xlsx,Natalie.mp4,Natalie.JPG,Natalie,7,Նադալիէ,0,0,0,0,,,,,0,0,0,7,,,,,,space,35.32406313,,None,1,2.218232429,,,,,,39,1,2019_Oct_10_1152,FaceNameBlocked,3.0.0,59.98482938,
86,FacesBlock3_v2.xlsx,Nathan.mp4,Nathan.JPG,Nathan,37,Նադհան,0,2,2,2,,,,,0,10,10,7,,,,,,,,,None,1,1.701868886,,,,,,39,1,2019_Oct_10_1152,FaceNameBlocked,3.0.0,59.98482938,
68,FacesBlock3_v2.xlsx,Nathan.mp4,Nathan.JPG,Nathan,37,Նադհան,0,2,2,2,0,7,7,7,,,,,,,1,1,1.485918892,,,,,,,,,,,,39,1,2019_Oct_10_1152,FaceNameBlocked,3.0.0,59.98482938,
84,FacesBlock3_v2.xlsx,Nicole.mp4,Nicole.JPG,Nicole,43,Նիգոլէ,0,2,2,2,,,,,0,8,8,13,,,,,,,,,None,1,1.067931379,,,,,,39,1,2019_Oct_10_1152,FaceNameBlocked,3.0.0,59.98482938,
70,FacesBlock3_v2.xlsx,Nicole.mp4,Nicole.JPG,Nicole,43,Նիգոլէ,0,2,2,2,0,9,9,13,,,,,,,1,2,1.119288143,,,,,,,,,,,,39,1,2019_Oct_10_1152,FaceNameBlocked,3.0.0,59.98482938,
79,FacesBlock3_v2.xlsx,Noah.mp4,Noah.JPG,Noah,31,Նոահ,0,2,2,2,,,,,0,3,3,1,,,,,,,,thomas,"['t', 'h', 'o', 'm', 'a', 's']",2,1.601416488,"[1.919479011092335, 2.268616922083311, 2.752279949025251, 3.085425481083803, 3.3522505400469527, 3.7998583000153303]",[1.91947,1.91947,,,39,1,2019_Oct_10_1152,FaceNameBlocked,3.0.0,59.98482938,
67,FacesBlock3_v2.xlsx,Noah.mp4,Noah.JPG,Noah,31,Նոահ,0,2,2,2,0,6,6,1,,,,,,,0,1,1.252734336,,,,,,,,,,,,39,1,2019_Oct_10_1152,FaceNameBlocked,3.0.0,59.98482938,
89,FacesBlock3_v2.xlsx,Olivia.mp4,Olivia.JPG,Olivia,35,Ոլիւիա,0,2,2,2,,,,,0,13,13,5,,,,,,,,olivia,"['o', 'l', 'i', 'v', 'i', 'a']",2,3.617056175,"[7.467080280999653, 7.7171089220792055, 7.93320663808845, 8.199643495026976, 8.350391500047408, 8.499840138014406]",[7.46708,7.46708,,,39,1,2019_Oct_10_1152,FaceNameBlocked,3.0.0,59.98482938,
75,FacesBlock3_v2.xlsx,Olivia.mp4,Olivia.JPG,Olivia,35,Ոլիւիա,0,2,2,2,0,14,14,5,,,,,,,1,2,0.836078307,,,,,,,,,,,,39,1,2019_Oct_10_1152,FaceNameBlocked,3.0.0,59.98482938,
45,FacesBlock2_v2.xlsx,Rachel.mp4,Rachel.JPG,Rachel,29,Րագհէլ,0,1,1,1,0,14,14,14,,,,,,,1,2,0.735997146,,,,,,,,,,,,39,1,2019_Oct_10_1152,FaceNameBlocked,3.0.0,59.98482938,
60,FacesBlock2_v2.xlsx,Rachel.mp4,Rachel.JPG,Rachel,29,Րագհէլ,0,1,1,1,,,,,0,14,14,14,,,,,,,,,None,1,0.468265824,,,,,,39,1,2019_Oct_10_1152,FaceNameBlocked,3.0.0,59.98482938,
64,FacesBlock3_v2.xlsx,Rebecca.mp4,Rebecca.JPG,Rebecca,32,Րէբէգգա,0,2,2,2,0,3,3,2,,,,,,,1,2,4.201646664,,,,,,,,,,,,39,1,2019_Oct_10_1152,FaceNameBlocked,3.0.0,59.98482938,
90,FacesBlock3_v2.xlsx,Rebecca.mp4,Rebecca.JPG,Rebecca,32,Րէբէգգա,0,2,2,2,,,,,0,14,14,2,,,,,,,,,None,1,1.668537822,,,,,,39,1,2019_Oct_10_1152,FaceNameBlocked,3.0.0,59.98482938,
76,FacesBlock3_v2.xlsx,Sarah.mp4,Sarah.JPG,Sarah,33,Սարահ,0,2,2,2,,,,,0,0,0,3,,,,,,space,3.534049323,,None,1,1.585347162,,,,,,39,1,2019_Oct_10_1152,FaceNameBlocked,3.0.0,59.98482938,
61,FacesBlock3_v2.xlsx,Sarah.mp4,Sarah.JPG,Sarah,33,Սարահ,0,2,2,2,0,0,0,3,,,,,,,0,2,1.652573671,,,,,,,,,,,,39,1,2019_Oct_10_1152,FaceNameBlocked,3.0.0,59.98482938,
77,FacesBlock3_v2.xlsx,Shelby.mp4,Shelby.JPG,Shelby,36,Սհէլբե,0,2,2,2,,,,,0,1,1,6,,,,,,,,nicol,"['n', 'i', 'c', 'o', 'l']",2,0.986172728,"[3.834640624001622, 4.051467414014041, 4.234674811013974, 4.367547416011803, 4.600452903076075]",[3.83464,3.83464,,,39,1,2019_Oct_10_1152,FaceNameBlocked,3.0.0,59.98482938,
71,FacesBlock3_v2.xlsx,Shelby.mp4,Shelby.JPG,Shelby,36,Սհէլբե,0,2,2,2,0,10,10,6,,,,,,,0,2,1.336084681,,,,,,,,,,,,39,1,2019_Oct_10_1152,FaceNameBlocked,3.0.0,59.98482938,
52,FacesBlock2_v2.xlsx,Steven.mp4,Steven.JPG,Steven,17,Սդէւէն,0,1,1,1,,,,,0,6,6,2,,,,,,,,heather,"['h', 'e', 'a', 't', 'h', 'e', 'r']",3,1.501835852,"[7.033318502013572, 7.233285808004439, 7.516344752977602, 7.799736988963559, 7.949859953019768, 8.165775695000775, 8.21615545405075]",[7.03331,7.03331,,,39,1,2019_Oct_10_1152,FaceNameBlocked,3.0.0,59.98482938,
38,FacesBlock2_v2.xlsx,Steven.mp4,Steven.JPG,Steven,17,Սդէւէն,0,1,1,1,0,7,7,2,,,,,,,1,1,0.819643086,,,,,,,,,,,,39,1,2019_Oct_10_1152,FaceNameBlocked,3.0.0,59.98482938,
95,FacesBlock4_v2.xlsx,Taylor.mp4,Taylor.JPG,Taylor,45,Դաելոր,0,3,3,3,0,4,4,0,,,,,,,0,2,0.551991719,,,,,,,,,,,,39,1,2019_Oct_10_1152,FaceNameBlocked,3.0.0,59.98482938,
116,FacesBlock4_v2.xlsx,Taylor.mp4,Taylor.JPG,Taylor,45,Դաելոր,0,3,3,3,,,,,0,10,10,0,,,,,,,,,None,1,0.533593914,,,,,,39,1,2019_Oct_10_1152,FaceNameBlocked,3.0.0,59.98482938,
82,FacesBlock3_v2.xlsx,Thomas.mp4,Thomas.JPG,Thomas,44,Դհոմաս,0,2,2,2,,,,,0,6,6,14,,,,,,,,mark,"['m', 'r', 'k', 'backspace', 'backspace', 'a', 'r', 'k']",2,2.934646301,"[6.434156849980354, 6.766468710033223, 7.033628987031989, 8.332775120972656, 8.515757690998726, 8.94954195606988, 9.049678942072205, 9.883115914999507]",[6.43415,6.43415,,,39,1,2019_Oct_10_1152,FaceNameBlocked,3.0.0,59.98482938,
72,FacesBlock3_v2.xlsx,Thomas.mp4,Thomas.JPG,Thomas,44,Դհոմաս,0,2,2,2,0,11,11,14,,,,,,,0,1,0.785465598,,,,,,,,,,,,39,1,2019_Oct_10_1152,FaceNameBlocked,3.0.0,59.98482938,
12,FacesBlock1_v2.xlsx,Timothy.mp4,Timothy.JPG,Timothy,10,Դիմոդհե,0,0,0,0,0,11,11,10,,,,,,,1,1,0.652586627,,,,,,,,,,,,39,1,2019_Oct_10_1152,FaceNameBlocked,3.0.0,59.98482938,
18,FacesBlock1_v2.xlsx,Timothy.mp4,Timothy.JPG,Timothy,10,Դիմոդհե,0,0,0,0,,,,,0,2,2,10,,,,,,,,,None,1,0.702169059,,,,,,39,1,2019_Oct_10_1152,FaceNameBlocked,3.0.0,59.98482938,
46,FacesBlock2_v2.xlsx,Trevor.mp4,Trevor.JPG,Trevor,21,Դրէւոր,0,1,1,1,,,,,0,0,0,6,,,,,,space,4.334569403,,None,1,0.468664913,,,,,,39,1,2019_Oct_10_1152,FaceNameBlocked,3.0.0,59.98482938,
43,FacesBlock2_v2.xlsx,Trevor.mp4,Trevor.JPG,Trevor,21,Դրէւոր,0,1,1,1,0,12,12,6,,,,,,,1,1,0.903106542,,,,,,,,,,,,39,1,2019_Oct_10_1152,FaceNameBlocked,3.0.0,59.98482938,
32,FacesBlock2_v2.xlsx,Tyler.mp4,Tyler.JPG,Tyler,22,Դելէր,0,1,1,1,0,1,1,7,,,,,,,1,1,1.119774723,,,,,,,,,,,,39,1,2019_Oct_10_1152,FaceNameBlocked,3.0.0,59.98482938,
49,FacesBlock2_v2.xlsx,Tyler.mp4,Tyler.JPG,Tyler,22,Դելէր,0,1,1,1,,,,,0,3,3,7,,,,,,,,heather,"['h', 'e', 'a', 't', 'h', 'e', 'r']",1,0.935475991,"[8.69967424403876, 8.816425594035536, 9.148585180053487, 9.46544105000794, 9.582261870033108, 9.682206007069908, 9.748896031058393]",[8.69967,8.69967,,,39,1,2019_Oct_10_1152,FaceNameBlocked,3.0.0,59.98482938,
0,,,,,,,,,,,,,,,,,,,space,70.12849748,,,,,,,,,,,,,,,39,1,2019_Oct_10_1152,FaceNameBlocked,3.0.0,59.98482938,
121,,,,,,,,,,,,,,,,,,,,,,,,,,,,,,,,,space,401.3040639,39,1,2019_Oct_10_1152,FaceNameBlocked,3.0.0,59.98482938,