,condsFile,Video,Photo,Name,Row,Name2,blocks.thisRepN,blocks.thisTrialN,blocks.thisN,blocks.thisIndex,presentations.thisRepN,presentations.thisTrialN,presentations.thisN,presentations.thisIndex,testing.thisRepN,testing.thisTrialN,testing.thisN,testing.thisIndex,advance_1.keys,advance_1.rt,currentCond,judgementResp.keys,judgementResp.rt,advance_2.keys,advance_2.rt,inputText,key_resp_3.keys,key_resp_3.rt,,key_resp3_fin,rating_resp.keys,rating_resp.rt,end_key.keys,end_key.rt,participant,session,date,expName,psychopyVersion,frameRate,Unnamed: 38
37,FacesBlock2_v2.xlsx,Aaron.mp4,Aaron.JPG,Aaron,18,Աարոն,0,1,1,1,0,6,6,3,,,,,,,0,1,0.586391787,,,,,,,,,,,,3,1,2019_Jul_29_1400,FaceNameBlocked,3.0.0,60.01434677,
55,FacesBlock2_v2.xlsx,Aaron.mp4,Aaron.JPG,Aaron,18,Աարոն,0,1,1,1,,,,,0,9,9,3,,,,,,,,aaron,"['a', 'a', 'r', 'o', 'n', 'm', 'backspace']","[1.7687008760403842, 1.985256306012161, 2.6348549900576472, 3.3343622559914365, 3.6525461520068347, 4.450373213039711]",[1.76870,1.76870,4,0.302514175,,,3,1,2019_Jul_29_1400,FaceNameBlocked,3.0.0,60.01434677,
28,FacesBlock1_v2.xlsx,Adam.mp4,Adam.JPG,Adam,5,Ատամ,0,0,0,0,,,,,0,12,12,5,,,,,,,,,None,,,,1,0.519215295,,,3,1,2019_Jul_29_1400,FaceNameBlocked,3.0.0,60.01434677,
2,FacesBlock1_v2.xlsx,Adam.mp4,Adam.JPG,Adam,5,Ատամ,0,0,0,0,0,1,1,5,,,,,,,1,1,0.636264333,,,,,,,,,,,,3,1,2019_Jul_29_1400,FaceNameBlocked,3.0.0,60.01434677,
95,FacesBlock4_v2.xlsx,Alyssa.mp4,Alyssa.JPG,Alyssa,55,Ալեսսա,0,3,3,3,0,4,4,10,,,,,,,1,2,0.503075392,,,,,,,,,,,,3,1,2019_Jul_29_1400,FaceNameBlocked,3.0.0,60.01434677,
115,FacesBlock4_v2.xlsx,Alyssa.mp4,Alyssa.JPG,Alyssa,55,Ալեսսա,0,3,3,3,,,,,0,9,9,10,,,,,,,,,None,,,,1,1.068864185,,,3,1,2019_Jul_29_1400,FaceNameBlocked,3.0.0,60.01434677,
8,FacesBlock1_v2.xlsx,Amanda.mp4,Amanda.JPG,Amanda,2,Ամանտա,0,0,0,0,0,7,7,2,,,,,,,1,2,0.286397269,,,,,,,,,,,,3,1,2019_Jul_29_1400,FaceNameBlocked,3.0.0,60.01434677,
26,FacesBlock1_v2.xlsx,Amanda.mp4,Amanda.JPG,Amanda,2,Ամանտա,0,0,0,0,,,,,0,10,10,2,,,,,,,,,None,,,,1,0.319274982,,,3,1,2019_Jul_29_1400,FaceNameBlocked,3.0.0,60.01434677,
114,FacesBlock4_v2.xlsx,Andrew.mp4,Andrew.JPG,Andrew,51,Անտրէվ,0,3,3,3,,,,,0,8,8,6,,,,,,,,,None,,,,1,1.185034124,,,3,1,2019_Jul_29_1400,FaceNameBlocked,3.0.0,60.01434677,
104,FacesBlock4_v2.xlsx,Andrew.mp4,Andrew.JPG,Andrew,51,Անտրէվ,0,3,3,3,0,13,13,6,,,,,,,0,1,1.086379135,,,,,,,,,,,,3,1,2019_Jul_29_1400,FaceNameBlocked,3.0.0,60.01434677,
117,FacesBlock4_v2.xlsx,Anna.mp4,Anna.JPG,Anna,47,Աննա,0,3,3,3,,,,,0,11,11,2,,,,,,,,,None,,,,1,1.152018056,,,3,1,2019_Jul_29_1400,FaceNameBlocked,3.0.0,60.01434677,
94,FacesBlock4_v2.xlsx,Anna.mp4,Anna.JPG,Anna,47,Աննա,0,3,3,3,0,3,3,2,,,,,,,0,2,0.303304985,,,,,,,,,,,,3,1,2019_Jul_29_1400,FaceNameBlocked,3.0.0,60.01434677,
35,FacesBlock2_v2.xlsx,Ashley.mp4,Ashley.JPG,Ashley,24,Ասհլէե,0,1,1,1,0,4,4,9,,,,,,,0,2,0.619671209,,,,,,,,,,,,3,1,2019_Jul_29_1400,FaceNameBlocked,3.0.0,60.01434677,
50,FacesBlock2_v2.xlsx,Ashley.mp4,Ashley.JPG,Ashley,24,Ասհլէե,0,1,1,1,,,,,0,4,4,9,,,,,,,,,None,,,,1,1.501846489,,,3,1,2019_Jul_29_1400,FaceNameBlocked,3.0.0,60.01434677,
20,FacesBlock1_v2.xlsx,Bradley.mp4,Bradley.JPG,Bradley,14,Բրատլէե,0,0,0,0,,,,,0,4,4,14,,,,,,,,joey,"['j', 'o', 'e', 'y']","[3.5153548480011523, 3.8011742350645363, 3.9672717100474983, 4.083520860993303]",[3.51535,3.51535,1,0.536044727,,,3,1,2019_Jul_29_1400,FaceNameBlocked,3.0.0,60.01434677,
6,FacesBlock1_v2.xlsx,Bradley.mp4,Bradley.JPG,Bradley,14,Բրատլէե,0,0,0,0,0,5,5,14,,,,,,,1,1,0.586608563,,,,,,,,,,,,3,1,2019_Jul_29_1400,FaceNameBlocked,3.0.0,60.01434677,
108,FacesBlock4_v2.xlsx,Brandon.mp4,Brandon.JPG,Brandon,56,Բրանտոն,0,3,3,3,,,,,0,2,2,11,,,,,,,,,None,,,,1,1.385407301,,,3,1,2019_Jul_29_1400,FaceNameBlocked,3.0.0,60.01434677,
101,FacesBlock4_v2.xlsx,Brandon.mp4,Brandon.JPG,Brandon,56,Բրանտոն,0,3,3,3,0,10,10,11,,,,,,,1,1,0.536102845,,,,,,,,,,,,3,1,2019_Jul_29_1400,FaceNameBlocked,3.0.0,60.01434677,
107,FacesBlock4_v2.xlsx,Brian.mp4,Brian.JPG,Brian,53,Բրիան,0,3,3,3,,,,,0,1,1,8,,,,,,,,,None,,,,1,1.901879647,,,3,1,2019_Jul_29_1400,FaceNameBlocked,3.0.0,60.01434677,
96,FacesBlock4_v2.xlsx,Brian.mp4,Brian.JPG,Brian,53,Բրիան,0,3,3,3,0,5,5,8,,,,,,,0,1,0.619603488,,,,,,,,,,,,3,1,2019_Jul_29_1400,FaceNameBlocked,3.0.0,60.01434677,
118,FacesBlock4_v2.xlsx,Brianna.mp4,Brianna.JPG,Brianna,48,Բրիաննա,0,3,3,3,,,,,0,12,12,3,,,,,,,,,None,,,,1,0.652479455,,,3,1,2019_Jul_29_1400,FaceNameBlocked,3.0.0,60.01434677,
99,FacesBlock4_v2.xlsx,Brianna.mp4,Brianna.JPG,Brianna,48,Բրիաննա,0,3,3,3,0,8,8,3,,,,,,,1,2,0.303621845,,,,,,,,,,,,3,1,2019_Jul_29_1400,FaceNameBlocked,3.0.0,60.01434677,
47,FacesBlock2_v2.xlsx,Brittany.mp4,Brittany.JPG,Brittany,28,Բրիդդանե,0,1,1,1,,,,,0,1,1,13,,,,,,,,rachel,"['r', 'a', 'c', 'h', 'e', 'l']","[6.333804219029844, 6.46762101794593, 6.750740785035305, 7.349776847986504, 7.567175870994106, 8.283512769034132]",[6.33380,6.33380,1,1.818662908,,,3,1,2019_Jul_29_1400,FaceNameBlocked,3.0.0,60.01434677,
33,FacesBlock2_v2.xlsx,Brittany.mp4,Brittany.JPG,Brittany,28,Բրիդդանե,0,1,1,1,0,2,2,13,,,,,,,0,2,0.269131034,,,,,,,,,,,,3,1,2019_Jul_29_1400,FaceNameBlocked,3.0.0,60.01434677,
105,FacesBlock4_v2.xlsx,Caleb.mp4,Caleb.JPG,Caleb,59,Գալէբ,0,3,3,3,0,14,14,14,,,,,,,1,1,0.320583925,,,,,,,,,,,,3,1,2019_Jul_29_1400,FaceNameBlocked,3.0.0,60.01434677,
113,FacesBlock4_v2.xlsx,Caleb.mp4,Caleb.JPG,Caleb,59,Գալէբ,0,3,3,3,,,,,0,7,7,14,,,,,,,,,None,,,,1,0.919127903,,,3,1,2019_Jul_29_1400,FaceNameBlocked,3.0.0,60.01434677,
36,FacesBlock2_v2.xlsx,Cody.mp4,Cody.JPG,Cody,23,Գոտե,0,1,1,1,0,5,5,8,,,,,,,0,1,0.352817877,,,,,,,,,,,,3,1,2019_Jul_29_1400,FaceNameBlocked,3.0.0,60.01434677,
54,FacesBlock2_v2.xlsx,Cody.mp4,Cody.JPG,Cody,23,Գոտե,0,1,1,1,,,,,0,8,8,8,,,,,,,,,None,,,,1,0.335724696,,,3,1,2019_Jul_29_1400,FaceNameBlocked,3.0.0,60.01434677,
75,FacesBlock3_v2.xlsx,Courtney.mp4,Courtney.JPG,Courtney,42,Գոըրդնէե,0,2,2,2,0,14,14,12,,,,,,,1,2,0.436108892,,,,,,,,,,,,3,1,2019_Jul_29_1400,FaceNameBlocked,3.0.0,60.01434677,
78,FacesBlock3_v2.xlsx,Courtney.mp4,Courtney.JPG,Courtney,42,Գոըրդնէե,0,2,2,2,,,,,0,2,2,12,,,,,,,,,None,,,,1,1.069055202,,,3,1,2019_Jul_29_1400,FaceNameBlocked,3.0.0,60.01434677,
81,FacesBlock3_v2.xlsx,Daniel.mp4,Daniel.JPG,Daniel,30,Տանիէլ,0,2,2,2,,,,,0,5,5,0,,,,,,,,david,"['d', 'a', 'v', 'o', 'd', 'backspace', 'backspace', 'i', 'd']","[6.183753364952281, 6.2997015179134905, 6.517307576956227, 6.683482429943979, 6.783228302956559, 7.2326821679016575, 7.432301718974486, 7.89966363098938, 8.030514373909682]",[6.18375,6.18375,2,0.985284819,,,3,1,2019_Jul_29_1400,FaceNameBlocked,3.0.0,60.01434677,
65,FacesBlock3_v2.xlsx,Daniel.mp4,Daniel.JPG,Daniel,30,Տանիէլ,0,2,2,2,0,4,4,0,,,,,,,1,1,3.48544515,,,,,,,,,,,,3,1,2019_Jul_29_1400,FaceNameBlocked,3.0.0,60.01434677,
23,FacesBlock1_v2.xlsx,Danielle.mp4,Danielle.JPG,Danielle,3,Տանիէլլէ,0,0,0,0,,,,,0,7,7,3,,,,,,,,laura,"['a', 'u', 'r', 'a', 'backspace', 'backspace', 'backspace', 'backspace', 'backspace', 'l', 'a', 'u', 'r', 'a']","[5.001163645996712, 5.2342518179211766, 5.600929575972259, 5.717663106974214, 6.765838690917008, 7.715912138926797, 7.897936503984965, 8.049221616936848, 8.216401012963615, 8.716286699986085, 8.89913706900552, 9.21553970198147, 9.33260378590785, 9.497417110949755]",[5.00116,5.00116,1,0.901765637,,,3,1,2019_Jul_29_1400,FaceNameBlocked,3.0.0,60.01434677,
7,FacesBlock1_v2.xlsx,Danielle.mp4,Danielle.JPG,Danielle,3,Տանիէլլէ,0,0,0,0,0,6,6,3,,,,,,,0,2,0.333462792,,,,,,,,,,,,3,1,2019_Jul_29_1400,FaceNameBlocked,3.0.0,60.01434677,
42,FacesBlock2_v2.xlsx,David.mp4,David.JPG,David,16,Տաւիտ,0,1,1,1,0,11,11,1,,,,,,,1,1,0.769942603,,,,,,,,,,,,3,1,2019_Jul_29_1400,FaceNameBlocked,3.0.0,60.01434677,
56,FacesBlock2_v2.xlsx,David.mp4,David.JPG,David,16,Տաւիտ,0,1,1,1,,,,,0,10,10,1,,,,,,,,,None,,,,1,0.718926038,,,3,1,2019_Jul_29_1400,FaceNameBlocked,3.0.0,60.01434677,
120,FacesBlock4_v2.xlsx,Dylan.mp4,Dylan.JPG,Dylan,50,Տելան,0,3,3,3,,,,,0,14,14,5,,,,,,,,,None,,,,1,0.501444521,,,3,1,2019_Jul_29_1400,FaceNameBlocked,3.0.0,60.01434677,
97,FacesBlock4_v2.xlsx,Dylan.mp4,Dylan.JPG,Dylan,50,Տելան,0,3,3,3,0,6,6,5,,,,,,,0,1,0.602818219,,,,,,,,,,,,3,1,2019_Jul_29_1400,FaceNameBlocked,3.0.0,60.01434677,
112,FacesBlock4_v2.xlsx,Emily.mp4,Emily.JPG,Emily,57,Էմիլե,0,3,3,3,,,,,0,6,6,12,,,,,,,,,None,,,,1,0.752295005,,,3,1,2019_Jul_29_1400,FaceNameBlocked,3.0.0,60.01434677,
92,FacesBlock4_v2.xlsx,Emily.mp4,Emily.JPG,Emily,57,Էմիլե,0,3,3,3,0,1,1,12,,,,,,,1,2,0.653154531,,,,,,,,,,,,3,1,2019_Jul_29_1400,FaceNameBlocked,3.0.0,60.01434677,
11,FacesBlock1_v2.xlsx,Eric.mp4,Eric.JPG,Eric,0,Էրիգ,0,0,0,0,0,10,10,0,,,,,,,0,1,0.403040306,,,,,,,,,,,,3,1,2019_Jul_29_1400,FaceNameBlocked,3.0.0,60.01434677,
16,FacesBlock1_v2.xlsx,Eric.mp4,Eric.JPG,Eric,0,Էրիգ,0,0,0,0,,,,,0,0,0,0,,,,,,space,25.1280798,ethan ,"['e', 't', 'h', 'a', 'n', 'return', 'space']","[6.86719264392741, 6.967192698968574, 7.0500916140154, 7.200719451997429, 7.267230576951988, 7.683486705995165, 9.430981126963161]",[6.86719,6.86719,2,4.682051233,,,3,1,2019_Jul_29_1400,FaceNameBlocked,3.0.0,60.01434677,
19,FacesBlock1_v2.xlsx,Ethan.mp4,Ethan.JPG,Ethan,11,Էդհան,0,0,0,0,,,,,0,3,3,11,,,,,,,,ethan,"['e', 't', 'h', 'a', 'n']","[5.834474496077746, 5.984466085094027, 6.25056072010193, 6.6836760910227895, 7.400472790002823]",[5.83447,5.83447,1,0.56866789,,,3,1,2019_Jul_29_1400,FaceNameBlocked,3.0.0,60.01434677,
14,FacesBlock1_v2.xlsx,Ethan.mp4,Ethan.JPG,Ethan,11,Էդհան,0,0,0,0,0,13,13,11,,,,,,,0,1,0.336273605,,,,,,,,,,,,3,1,2019_Jul_29_1400,FaceNameBlocked,3.0.0,60.01434677,
93,FacesBlock4_v2.xlsx,Grace.mp4,Grace.JPG,Grace,58,Կրագէ,0,3,3,3,0,2,2,13,,,,,,,0,2,0.25320052,,,,,,,,,,,,3,1,2019_Jul_29_1400,FaceNameBlocked,3.0.0,60.01434677,
106,FacesBlock4_v2.xlsx,Grace.mp4,Grace.JPG,Grace,58,Կրագէ,0,3,3,3,,,,,0,0,0,13,,,,,,space,6.683882691,,None,,,,1,1.568678175,,,3,1,2019_Jul_29_1400,FaceNameBlocked,3.0.0,60.01434677,
52,FacesBlock2_v2.xlsx,Haley.mp4,Haley.JPG,Haley,20,Հալէե,0,1,1,1,,,,,0,6,6,5,,,,,,,,,None,,,,1,0.485848373,,,3,1,2019_Jul_29_1400,FaceNameBlocked,3.0.0,60.01434677,
31,FacesBlock2_v2.xlsx,Haley.mp4,Haley.JPG,Haley,20,Հալէե,0,1,1,1,0,0,0,5,,,,,,,0,2,1.853023045,,,,,,,,,,,,3,1,2019_Jul_29_1400,FaceNameBlocked,3.0.0,60.01434677,
27,FacesBlock1_v2.xlsx,Hannah.mp4,Hannah.JPG,Hannah,1,Հաննահ,0,0,0,0,,,,,0,11,11,1,,,,,,,,,None,,,,1,1.001823251,,,3,1,2019_Jul_29_1400,FaceNameBlocked,3.0.0,60.01434677,
12,FacesBlock1_v2.xlsx,Hannah.mp4,Hannah.JPG,Hannah,1,Հաննահ,0,0,0,0,0,11,11,1,,,,,,,0,2,0.219584885,,,,,,,,,,,,3,1,2019_Jul_29_1400,FaceNameBlocked,3.0.0,60.01434677,
43,FacesBlock2_v2.xlsx,Heather.mp4,Heather.JPG,Heather,26,Հէադհէր,0,1,1,1,0,12,12,11,,,,,,,0,2,1.686624633,,,,,,,,,,,,3,1,2019_Jul_29_1400,FaceNameBlocked,3.0.0,60.01434677,
51,FacesBlock2_v2.xlsx,Heather.mp4,Heather.JPG,Heather,26,Հէադհէր,0,1,1,1,,,,,0,5,5,11,,,,,,,,,None,,,,1,0.383858276,,,3,1,2019_Jul_29_1400,FaceNameBlocked,3.0.0,60.01434677,
90,FacesBlock3_v2.xlsx,Jacob.mp4,Jacob.JPG,Jacob,39,Ճագոբ,0,2,2,2,,,,,0,14,14,9,,,,,,,,,"['s', 'backspace']","[0.7022807110333815, 1.6342692250618711]",[0.70228,0.70228,1,0.585250119,,,3,1,2019_Jul_29_1400,FaceNameBlocked,3.0.0,60.01434677,
62,FacesBlock3_v2.xlsx,Jacob.mp4,Jacob.JPG,Jacob,39,Ճագոբ,0,2,2,2,0,1,1,9,,,,,,,1,1,2.136185775,,,,,,,,,,,,3,1,2019_Jul_29_1400,FaceNameBlocked,3.0.0,60.01434677,
98,FacesBlock4_v2.xlsx,Jason.mp4,Jason.JPG,Jason,49,Ճասոն,0,3,3,3,0,7,7,4,,,,,,,1,1,0.220113819,,,,,,,,,,,,3,1,2019_Jul_29_1400,FaceNameBlocked,3.0.0,60.01434677,
116,FacesBlock4_v2.xlsx,Jason.mp4,Jason.JPG,Jason,49,Ճասոն,0,3,3,3,,,,,0,10,10,4,,,,,,,,,None,,,,1,0.700315484,,,3,1,2019_Jul_29_1400,FaceNameBlocked,3.0.0,60.01434677,
1,FacesBlock1_v2.xlsx,Jenna.mp4,Jenna.JPG,Jenna,6,Ճէննա,0,0,0,0,0,0,0,6,,,,,,,1,2,1.933340043,,,,,,,,,,,,3,1,2019_Jul_29_1400,FaceNameBlocked,3.0.0,60.01434677,
24,FacesBlock1_v2.xlsx,Jenna.mp4,Jenna.JPG,Jenna,6,Ճէննա,0,0,0,0,,,,,0,8,8,6,,,,,,,,,None,,,,1,0.551846306,,,3,1,2019_Jul_29_1400,FaceNameBlocked,3.0.0,60.01434677,
60,FacesBlock2_v2.xlsx,Jeremy.mp4,Jeremy.JPG,Jeremy,15,Ճէրէմե,0,1,1,1,,,,,0,14,14,0,,,,,,,,,None,,,,1,0.952130594,,,3,1,2019_Jul_29_1400,FaceNameBlocked,3.0.0,60.01434677,
44,FacesBlock2_v2.xlsx,Jeremy.mp4,Jeremy.JPG,Jeremy,15,Ճէրէմե,0,1,1,1,0,13,13,0,,,,,,,1,1,0.269847432,,,,,,,,,,,,3,1,2019_Jul_29_1400,FaceNameBlocked,3.0.0,60.01434677,
5,FacesBlock1_v2.xlsx,Jessica.mp4,Jessica.JPG,Jessica,8,Ճէսսիգա,0,0,0,0,0,4,4,8,,,,,,,0,2,0.269676703,,,,,,,,,,,,3,1,2019_Jul_29_1400,FaceNameBlocked,3.0.0,60.01434677,
21,FacesBlock1_v2.xlsx,Jessica.mp4,Jessica.JPG,Jessica,8,Ճէսսիգա,0,0,0,0,,,,,0,5,5,8,,,,,,,,taylor,"['t', 'a', 'y', 'l', 'o', 'r']","[2.5022991260048, 2.669242008938454, 3.0018600929761305, 3.901123692980036, 4.051724226912484, 4.199606813956052]",[2.50229,2.50229,1,0.769358927,,,3,1,2019_Jul_29_1400,FaceNameBlocked,3.0.0,60.01434677,
41,FacesBlock2_v2.xlsx,Josh.mp4,Josh.JPG,Josh,19,Ճոսհ,0,1,1,1,0,10,10,4,,,,,,,1,1,0.353456511,,,,,,,,,,,,3,1,2019_Jul_29_1400,FaceNameBlocked,3.0.0,60.01434677,
46,FacesBlock2_v2.xlsx,Josh.mp4,Josh.JPG,Josh,19,Ճոսհ,0,1,1,1,,,,,0,0,0,4,,,,,,space,14.48085673,josh,"['j', 'o', 's', 'h']","[3.4351704500149935, 3.6348877139389515, 3.8349286490119994, 3.93520340800751]",[3.43517,3.43517,3,1.002403703,,,3,1,2019_Jul_29_1400,FaceNameBlocked,3.0.0,60.01434677,
9,FacesBlock1_v2.xlsx,Julia.mp4,Julia.JPG,Julia,13,Ճըլիա,0,0,0,0,0,8,8,13,,,,,,,0,2,0.436243792,,,,,,,,,,,,3,1,2019_Jul_29_1400,FaceNameBlocked,3.0.0,60.01434677,
22,FacesBlock1_v2.xlsx,Julia.mp4,Julia.JPG,Julia,13,Ճըլիա,0,0,0,0,,,,,0,6,6,13,,,,,,,,,None,,,,1,1.235527083,,,3,1,2019_Jul_29_1400,FaceNameBlocked,3.0.0,60.01434677,
45,FacesBlock2_v2.xlsx,Justin.mp4,Justin.JPG,Justin,27,Ճըսդին,0,1,1,1,0,14,14,12,,,,,,,0,1,0.587084746,,,,,,,,,,,,3,1,2019_Jul_29_1400,FaceNameBlocked,3.0.0,60.01434677,
48,FacesBlock2_v2.xlsx,Justin.mp4,Justin.JPG,Justin,27,Ճըսդին,0,1,1,1,,,,,0,2,2,12,,,,,,,,aaron,"['a', 'a', 'r', 'o', 'n']","[5.083710829960182, 5.648182119941339, 6.2832459369674325, 6.949915798963048, 7.382643751916476]",[5.08371,5.08371,1,0.435288286,,,3,1,2019_Jul_29_1400,FaceNameBlocked,3.0.0,60.01434677,
110,FacesBlock4_v2.xlsx,Katie.mp4,Katie.JPG,Katie,54,Քադիէ,0,3,3,3,,,,,0,4,4,9,,,,,,,,,None,,,,1,0.768993015,,,3,1,2019_Jul_29_1400,FaceNameBlocked,3.0.0,60.01434677,
100,FacesBlock4_v2.xlsx,Katie.mp4,Katie.JPG,Katie,54,Քադիէ,0,3,3,3,0,9,9,9,,,,,,,0,1,0.220200704,,,,,,,,,,,,3,1,2019_Jul_29_1400,FaceNameBlocked,3.0.0,60.01434677,
80,FacesBlock3_v2.xlsx,Kayla.mp4,Kayla.JPG,Kayla,34,Սարահ,0,2,2,2,,,,,0,4,4,4,,,,,,,,,None,,,,1,0.952037911,,,3,1,2019_Jul_29_1400,FaceNameBlocked,3.0.0,60.01434677,
73,FacesBlock3_v2.xlsx,Kayla.mp4,Kayla.JPG,Kayla,34,Սարահ,0,2,2,2,0,12,12,4,,,,,,,0,2,0.386216739,,,,,,,,,,,,3,1,2019_Jul_29_1400,FaceNameBlocked,3.0.0,60.01434677,
29,FacesBlock1_v2.xlsx,Kelsey.mp4,Kelsey.JPG,Kelsey,12,Քէլսէե,0,0,0,0,,,,,0,13,13,12,,,,,,,,,None,,,,1,0.368933987,,,3,1,2019_Jul_29_1400,FaceNameBlocked,3.0.0,60.01434677,
3,FacesBlock1_v2.xlsx,Kelsey.mp4,Kelsey.JPG,Kelsey,12,Քէլսէե,0,0,0,0,0,2,2,12,,,,,,,1,2,0.468961102,,,,,,,,,,,,3,1,2019_Jul_29_1400,FaceNameBlocked,3.0.0,60.01434677,
76,FacesBlock3_v2.xlsx,Kevin.mp4,Kevin.JPG,Kevin,41,Քէւին,0,2,2,2,,,,,0,0,0,11,,,,,,space,3.934259168,,None,,,,1,0.669031456,,,3,1,2019_Jul_29_1400,FaceNameBlocked,3.0.0,60.01434677,
72,FacesBlock3_v2.xlsx,Kevin.mp4,Kevin.JPG,Kevin,41,Քէւին,0,2,2,2,0,11,11,11,,,,,,,0,1,0.320055552,,,,,,,,,,,,3,1,2019_Jul_29_1400,FaceNameBlocked,3.0.0,60.01434677,
25,FacesBlock1_v2.xlsx,Kyle.mp4,Kyle.JPG,Kyle,4,Քելէ,0,0,0,0,,,,,0,9,9,4,,,,,,,,,None,,,,1,0.435848751,,,3,1,2019_Jul_29_1400,FaceNameBlocked,3.0.0,60.01434677,
15,FacesBlock1_v2.xlsx,Kyle.mp4,Kyle.JPG,Kyle,4,Քելէ,0,0,0,0,0,14,14,4,,,,,,,1,1,0.220753806,,,,,,,,,,,,3,1,2019_Jul_29_1400,FaceNameBlocked,3.0.0,60.01434677,
74,FacesBlock3_v2.xlsx,Lauren.mp4,Lauren.JPG,Lauren,38,Լաըրէն,0,2,2,2,0,13,13,8,,,,,,,1,1,0.236683333,,,,,,,,,,,,3,1,2019_Jul_29_1400,FaceNameBlocked,3.0.0,60.01434677,
79,FacesBlock3_v2.xlsx,Lauren.mp4,Lauren.JPG,Lauren,38,Լաըրէն,0,2,2,2,,,,,0,3,3,8,,,,,,,,,None,,,,1,0.685321156,,,3,1,2019_Jul_29_1400,FaceNameBlocked,3.0.0,60.01434677,
71,FacesBlock3_v2.xlsx,Mark.mp4,Mark.JPG,Mark,40,Մարք,0,2,2,2,0,10,10,10,,,,,,,0,1,0.883585272,,,,,,,,,,,,3,1,2019_Jul_29_1400,FaceNameBlocked,3.0.0,60.01434677,
88,FacesBlock3_v2.xlsx,Mark.mp4,Mark.JPG,Mark,40,Մարք,0,2,2,2,,,,,0,12,12,10,,,,,,,,mark,"['m', 'a', 'r', 'k']","[5.167143577011302, 5.2671350549208, 5.367585442960262, 5.467414301005192]",[5.16714,5.16714,3,1.235395521,,,3,1,2019_Jul_29_1400,FaceNameBlocked,3.0.0,60.01434677,
13,FacesBlock1_v2.xlsx,Matthew.mp4,Matthew.JPG,Matthew,9,Մադդհէվ,0,0,0,0,0,12,12,9,,,,,,,1,1,0.652245066,,,,,,,,,,,,3,1,2019_Jul_29_1400,FaceNameBlocked,3.0.0,60.01434677,
30,FacesBlock1_v2.xlsx,Matthew.mp4,Matthew.JPG,Matthew,9,Մադդհէվ,0,0,0,0,,,,,0,14,14,9,,,,,,,,ethan,"['e', 't', 'h', 'a', 'n']","[2.935743241920136, 3.3679405589355156, 3.6513805870199576, 3.9343872379977256, 4.767426381004043]",[2.93574,2.93574,1,0.502322356,,,3,1,2019_Jul_29_1400,FaceNameBlocked,3.0.0,60.01434677,
49,FacesBlock2_v2.xlsx,Megan.mp4,Megan.JPG,Megan,25,Մէկան,0,1,1,1,,,,,0,3,3,10,,,,,,,,megan,"['m', 'e', 'g', 'a', 'n']","[5.717446126975119, 5.883338317042217, 5.983655538060702, 6.083539450075477, 6.183383202063851]",[5.71744,5.71744,4,0.451406968,,,3,1,2019_Jul_29_1400,FaceNameBlocked,3.0.0,60.01434677,
39,FacesBlock2_v2.xlsx,Megan.mp4,Megan.JPG,Megan,25,Մէկան,0,1,1,1,0,8,8,10,,,,,,,1,2,0.236432671,,,,,,,,,,,,3,1,2019_Jul_29_1400,FaceNameBlocked,3.0.0,60.01434677,
91,FacesBlock4_v2.xlsx,Michael.mp4,Michael.JPG,Michael,46,Միգհաէլ,0,3,3,3,0,0,0,1,,,,,,,0,1,1.985885066,,,,,,,,,,,,3,1,2019_Jul_29_1400,FaceNameBlocked,3.0.0,60.01434677,
111,FacesBlock4_v2.xlsx,Michael.mp4,Michael.JPG,Michael,46,Միգհաէլ,0,3,3,3,,,,,0,5,5,1,,,,,,,,,None,,,,1,1.317996625,,,3,1,2019_Jul_29_1400,FaceNameBlocked,3.0.0,60.01434677,
119,FacesBlock4_v2.xlsx,Michelle.mp4,Michelle.JPG,Michelle,52,Միգհէլլէ,0,3,3,3,,,,,0,13,13,7,,,,,,,,,None,,,,1,0.469098332,,,3,1,2019_Jul_29_1400,FaceNameBlocked,3.0.0,60.01434677,
103,FacesBlock4_v2.xlsx,Michelle.mp4,Michelle.JPG,Michelle,52,Միգհէլլէ,0,3,3,3,0,12,12,7,,,,,,,0,2,0.25328808,,,,,,,,,,,,3,1,2019_Jul_29_1400,FaceNameBlocked,3.0.0,60.01434677,
10,FacesBlock1_v2.xlsx,Natalie.mp4,Natalie.JPG,Natalie,7,Նադալիէ,0,0,0,0,0,9,9,7,,,,,,,1,2,0.319605321,,,,,,,,,,,,3,1,2019_Jul_29_1400,FaceNameBlocked,3.0.0,60.01434677,
17,FacesBlock1_v2.xlsx,Natalie.mp4,Natalie.JPG,Natalie,7,Նադալիէ,0,0,0,0,,,,,0,1,1,7,,,,,,,,,None,,,,1,2.633042642,,,3,1,2019_Jul_29_1400,FaceNameBlocked,3.0.0,60.01434677,
85,FacesBlock3_v2.xlsx,Nathan.mp4,Nathan.JPG,Nathan,37,Նադհան,0,2,2,2,,,,,0,9,9,7,,,,,,,,jake,"['j', 'a', 'k', 'e']","[4.985143961966969, 5.134097754955292, 5.282603109953925, 5.384072077926248]",[4.98514,4.98514,1,1.418911842,,,3,1,2019_Jul_29_1400,FaceNameBlocked,3.0.0,60.01434677,
61,FacesBlock3_v2.xlsx,Nathan.mp4,Nathan.JPG,Nathan,37,Նադհան,0,2,2,2,0,0,0,7,,,,,,,1,1,2.252596533,,,,,,,,,,,,3,1,2019_Jul_29_1400,FaceNameBlocked,3.0.0,60.01434677,
66,FacesBlock3_v2.xlsx,Nicole.mp4,Nicole.JPG,Nicole,43,Նիգոլէ,0,2,2,2,0,5,5,13,,,,,,,1,2,0.354043783,,,,,,,,,,,,3,1,2019_Jul_29_1400,FaceNameBlocked,3.0.0,60.01434677,
84,FacesBlock3_v2.xlsx,Nicole.mp4,Nicole.JPG,Nicole,43,Նիգոլէ,0,2,2,2,,,,,0,8,8,13,,,,,,,,,None,,,,1,1.401101077,,,3,1,2019_Jul_29_1400,FaceNameBlocked,3.0.0,60.01434677,
87,FacesBlock3_v2.xlsx,Noah.mp4,Noah.JPG,Noah,31,Նոահ,0,2,2,2,,,,,0,11,11,1,,,,,,,,,None,,,,1,0.86874049,,,3,1,2019_Jul_29_1400,FaceNameBlocked,3.0.0,60.01434677,
68,FacesBlock3_v2.xlsx,Noah.mp4,Noah.JPG,Noah,31,Նոահ,0,2,2,2,0,7,7,1,,,,,,,1,1,0.985936109,,,,,,,,,,,,3,1,2019_Jul_29_1400,FaceNameBlocked,3.0.0,60.01434677,
83,FacesBlock3_v2.xlsx,Olivia.mp4,Olivia.JPG,Olivia,35,Ոլիւիա,0,2,2,2,,,,,0,7,7,5,,,,,,,,sarah,"['s', 'a', 'r', 'a', 'h']","[3.001837339019403, 3.0825855139410123, 3.201370119000785, 3.6512575609376654, 3.900646602967754]",[3.00183,3.00183,1,1.235559691,,,3,1,2019_Jul_29_1400,FaceNameBlocked,3.0.0,60.01434677,
67,FacesBlock3_v2.xlsx,Olivia.mp4,Olivia.JPG,Olivia,35,Ոլիւիա,0,2,2,2,0,6,6,5,,,,,,,0,2,0.336198366,,,,,,,,,,,,3,1,2019_Jul_29_1400,FaceNameBlocked,3.0.0,60.01434677,
34,FacesBlock2_v2.xlsx,Rachel.mp4,Rachel.JPG,Rachel,29,Րագհէլ,0,1,1,1,0,3,3,14,,,,,,,1,2,0.835985918,,,,,,,,,,,,3,1,2019_Jul_29_1400,FaceNameBlocked,3.0.0,60.01434677,
59,FacesBlock2_v2.xlsx,Rachel.mp4,Rachel.JPG,Rachel,29,Րագհէլ,0,1,1,1,,,,,0,13,13,14,,,,,,,,,"['y', 'backspace']","[7.915158358053304, 8.848795920028351]",[7.91515,7.91515,1,0.618460892,,,3,1,2019_Jul_29_1400,FaceNameBlocked,3.0.0,60.01434677,
77,FacesBlock3_v2.xlsx,Rebecca.mp4,Rebecca.JPG,Rebecca,32,Րէբէգգա,0,2,2,2,,,,,0,1,1,2,,,,,,,,court,"['s', 'h', 'e', 'backspace', 'backspace', 'backspace', 'c', 'o', 'u', 'r', 't']","[2.602079425007105, 3.4012004090473056, 4.418069730978459, 7.033442683983594, 7.283155004028231, 7.53275392903015, 8.767020227969624, 8.983050088048913, 9.199423194047995, 9.38329521403648, 9.483190746977925]",[2.60207,2.60207,1,1.318563854,,,3,1,2019_Jul_29_1400,FaceNameBlocked,3.0.0,60.01434677,
64,FacesBlock3_v2.xlsx,Rebecca.mp4,Rebecca.JPG,Rebecca,32,Րէբէգգա,0,2,2,2,0,3,3,2,,,,,,,1,2,4.851939784,,,,,,,,,,,,3,1,2019_Jul_29_1400,FaceNameBlocked,3.0.0,60.01434677,
63,FacesBlock3_v2.xlsx,Sarah.mp4,Sarah.JPG,Sarah,33,Սարահ,0,2,2,2,0,2,2,3,,,,,,,0,2,2.718632404,,,,,,,,,,,,3,1,2019_Jul_29_1400,FaceNameBlocked,3.0.0,60.01434677,
82,FacesBlock3_v2.xlsx,Sarah.mp4,Sarah.JPG,Sarah,33,Սարահ,0,2,2,2,,,,,0,6,6,3,,,,,,,,,None,,,,1,0.969210307,,,3,1,2019_Jul_29_1400,FaceNameBlocked,3.0.0,60.01434677,
89,FacesBlock3_v2.xlsx,Shelby.mp4,Shelby.JPG,Shelby,36,Սհէլբե,0,2,2,2,,,,,0,13,13,6,,,,,,,,,None,,,,1,0.752678579,,,3,1,2019_Jul_29_1400,FaceNameBlocked,3.0.0,60.01434677,
69,FacesBlock3_v2.xlsx,Shelby.mp4,Shelby.JPG,Shelby,36,Սհէլբե,0,2,2,2,0,8,8,6,,,,,,,0,2,0.486935459,,,,,,,,,,,,3,1,2019_Jul_29_1400,FaceNameBlocked,3.0.0,60.01434677,
38,FacesBlock2_v2.xlsx,Steven.mp4,Steven.JPG,Steven,17,Սդէւէն,0,1,1,1,0,7,7,2,,,,,,,1,1,0.203282652,,,,,,,,,,,,3,1,2019_Jul_29_1400,FaceNameBlocked,3.0.0,60.01434677,
57,FacesBlock2_v2.xlsx,Steven.mp4,Steven.JPG,Steven,17,Սդէւէն,0,1,1,1,,,,,0,11,11,2,,,,,,,,,"['1', '2', '3', 'backspace', 'backspace', 'backspace']","[2.951331448974088, 3.0350308699999005, 3.151562586892396, 4.233480042894371, 4.500306921894662, 4.715427250950597]",[2.95133,2.95133,1,0.402413647,,,3,1,2019_Jul_29_1400,FaceNameBlocked,3.0.0,60.01434677,
102,FacesBlock4_v2.xlsx,Taylor.mp4,Taylor.JPG,Taylor,45,Դաելոր,0,3,3,3,0,11,11,0,,,,,,,1,2,0.30325788,,,,,,,,,,,,3,1,2019_Jul_29_1400,FaceNameBlocked,3.0.0,60.01434677,
109,FacesBlock4_v2.xlsx,Taylor.mp4,Taylor.JPG,Taylor,45,Դաելոր,0,3,3,3,,,,,0,3,3,0,,,,,,,,,None,,,,1,1.018677314,,,3,1,2019_Jul_29_1400,FaceNameBlocked,3.0.0,60.01434677,
86,FacesBlock3_v2.xlsx,Thomas.mp4,Thomas.JPG,Thomas,44,Դհոմաս,0,2,2,2,,,,,0,10,10,14,,,,,,,,jake,"['j', 'a', 'k', 'e']","[3.584642819943838, 3.8180217699846253, 4.3342136279679835, 4.584554802975617]",[3.58464,3.58464,2,1.051356782,,,3,1,2019_Jul_29_1400,FaceNameBlocked,3.0.0,60.01434677,
70,FacesBlock3_v2.xlsx,Thomas.mp4,Thomas.JPG,Thomas,44,Դհոմաս,0,2,2,2,0,9,9,14,,,,,,,0,1,0.336678901,,,,,,,,,,,,3,1,2019_Jul_29_1400,FaceNameBlocked,3.0.0,60.01434677,
4,FacesBlock1_v2.xlsx,Timothy.mp4,Timothy.JPG,Timothy,10,Դիմոդհե,0,0,0,0,0,3,3,10,,,,,,,0,1,0.636945058,,,,,,,,,,,,3,1,2019_Jul_29_1400,FaceNameBlocked,3.0.0,60.01434677,
18,FacesBlock1_v2.xlsx,Timothy.mp4,Timothy.JPG,Timothy,10,Դիմոդհե,0,0,0,0,,,,,0,2,2,10,,,,,,,,timothy,"['t', 'i', 'm', 'o', 't', 'h', 'y']","[2.1185231680283323, 2.2854208280332386, 2.768889151979238, 3.1853237990289927, 3.452076380024664, 3.6185172230470926, 3.784541056957096]",[2.11852,2.11852,3,0.901971161,,,3,1,2019_Jul_29_1400,FaceNameBlocked,3.0.0,60.01434677,
40,FacesBlock2_v2.xlsx,Trevor.mp4,Trevor.JPG,Trevor,21,Դրէւոր,0,1,1,1,0,9,9,6,,,,,,,1,1,0.436384405,,,,,,,,,,,,3,1,2019_Jul_29_1400,FaceNameBlocked,3.0.0,60.01434677,
53,FacesBlock2_v2.xlsx,Trevor.mp4,Trevor.JPG,Trevor,21,Դրէւոր,0,1,1,1,,,,,0,7,7,6,,,,,,,,,"['2', 'backspace']","[5.898319995962083, 6.8992886079940945]",[5.89831,5.89831,1,0.469063845,,,3,1,2019_Jul_29_1400,FaceNameBlocked,3.0.0,60.01434677,
32,FacesBlock2_v2.xlsx,Tyler.mp4,Tyler.JPG,Tyler,22,Դելէր,0,1,1,1,0,1,1,7,,,,,,,0,1,0.486547782,,,,,,,,,,,,3,1,2019_Jul_29_1400,FaceNameBlocked,3.0.0,60.01434677,
58,FacesBlock2_v2.xlsx,Tyler.mp4,Tyler.JPG,Tyler,22,Դելէր,0,1,1,1,,,,,0,12,12,7,,,,,,,,,None,,,,1,0.485522218,,,3,1,2019_Jul_29_1400,FaceNameBlocked,3.0.0,60.01434677,
0,,,,,,,,,,,,,,,,,,,space,24.59508465,,,,,,,,,,,,,,,3,1,2019_Jul_29_1400,FaceNameBlocked,3.0.0,60.01434677,
121,,,,,,,,,,,,,,,,,,,,,,,,,,,,,,,,,space,2.350874378,3,1,2019_Jul_29_1400,FaceNameBlocked,3.0.0,60.01434677,