,condsFile,Video,Photo,Name,Row,Name2,blocks.thisRepN,blocks.thisTrialN,blocks.thisN,blocks.thisIndex,presentations.thisRepN,presentations.thisTrialN,presentations.thisN,presentations.thisIndex,testing.thisRepN,testing.thisTrialN,testing.thisN,testing.thisIndex,advance_1.keys,advance_1.rt,currentCond,judgementResp.keys,judgementResp.rt,advance_2.keys,advance_2.rt,inputText,key_resp_3.keys,rating_resp.keys,rating_resp.rt,key_resp_3.rt,,key_resp3_fin,end_key.keys,end_key.rt,participant,session,date,expName,psychopyVersion,frameRate,Unnamed: 38
56,FacesBlock2_v2.xlsx,Aaron.mp4,Aaron.JPG,Aaron,18,Աարոն,0,1,1,1,,,,,0,10,10,3,,,,,,,,,None,1,0.468779876,,,,,,4,1,2019_Jul_30_1228,FaceNameBlocked,3.0.0,60.09666885,
40,FacesBlock2_v2.xlsx,Aaron.mp4,Aaron.JPG,Aaron,18,Աարոն,0,1,1,1,0,9,9,3,,,,,,,0,1,0.652200212,,,,,,,,,,,,4,1,2019_Jul_30_1228,FaceNameBlocked,3.0.0,60.09666885,
26,FacesBlock1_v2.xlsx,Adam.mp4,Adam.JPG,Adam,5,Ատամ,0,0,0,0,,,,,0,10,10,5,,,,,,,,,None,1,0.5352901,,,,,,4,1,2019_Jul_30_1228,FaceNameBlocked,3.0.0,60.09666885,
12,FacesBlock1_v2.xlsx,Adam.mp4,Adam.JPG,Adam,5,Ատամ,0,0,0,0,0,11,11,5,,,,,,,1,1,0.569412807,,,,,,,,,,,,4,1,2019_Jul_30_1228,FaceNameBlocked,3.0.0,60.09666885,
93,FacesBlock4_v2.xlsx,Alyssa.mp4,Alyssa.JPG,Alyssa,55,Ալեսսա,0,3,3,3,0,2,2,10,,,,,,,0,2,0.417250184,,,,,,,,,,,,4,1,2019_Jul_30_1228,FaceNameBlocked,3.0.0,60.09666885,
109,FacesBlock4_v2.xlsx,Alyssa.mp4,Alyssa.JPG,Alyssa,55,Ալեսսա,0,3,3,3,,,,,0,3,3,10,,,,,,,,,None,1,0.435084622,,,,,,4,1,2019_Jul_30_1228,FaceNameBlocked,3.0.0,60.09666885,
20,FacesBlock1_v2.xlsx,Amanda.mp4,Amanda.JPG,Amanda,2,Ամանտա,0,0,0,0,,,,,0,4,4,2,,,,,,,,,None,1,1.868367786,,,,,,4,1,2019_Jul_30_1228,FaceNameBlocked,3.0.0,60.09666885,
5,FacesBlock1_v2.xlsx,Amanda.mp4,Amanda.JPG,Amanda,2,Ամանտա,0,0,0,0,0,4,4,2,,,,,,,0,2,0.703708544,,,,,,,,,,,,4,1,2019_Jul_30_1228,FaceNameBlocked,3.0.0,60.09666885,
108,FacesBlock4_v2.xlsx,Andrew.mp4,Andrew.JPG,Andrew,51,Անտրէվ,0,3,3,3,,,,,0,2,2,6,,,,,,,,andrew,"['a', 'n', 'd', 'r', 'e', 'w']",3,0.335461224,"[1.7170296389376745, 2.4335022169398144, 2.933284829952754, 3.366431434988044, 3.7663398470031098, 4.183166024973616]",[1.71702,1.71702,,,4,1,2019_Jul_30_1228,FaceNameBlocked,3.0.0,60.09666885,
95,FacesBlock4_v2.xlsx,Andrew.mp4,Andrew.JPG,Andrew,51,Անտրէվ,0,3,3,3,0,4,4,6,,,,,,,0,1,0.784200998,,,,,,,,,,,,4,1,2019_Jul_30_1228,FaceNameBlocked,3.0.0,60.09666885,
96,FacesBlock4_v2.xlsx,Anna.mp4,Anna.JPG,Anna,47,Աննա,0,3,3,3,0,5,5,2,,,,,,,0,2,0.820353185,,,,,,,,,,,,4,1,2019_Jul_30_1228,FaceNameBlocked,3.0.0,60.09666885,
116,FacesBlock4_v2.xlsx,Anna.mp4,Anna.JPG,Anna,47,Աննա,0,3,3,3,,,,,0,10,10,2,,,,,,,,anna,"['a', 'n', 'n', 'a']",3,0.333560557,"[0.9853269569575787, 1.0845568489748985, 1.2014843450160697, 1.7184671480208635]",[0.98532,0.98532,,,4,1,2019_Jul_30_1228,FaceNameBlocked,3.0.0,60.09666885,
55,FacesBlock2_v2.xlsx,Ashley.mp4,Ashley.JPG,Ashley,24,Ասհլէե,0,1,1,1,,,,,0,9,9,9,,,,,,,,,None,1,0.352157416,,,,,,4,1,2019_Jul_30_1228,FaceNameBlocked,3.0.0,60.09666885,
38,FacesBlock2_v2.xlsx,Ashley.mp4,Ashley.JPG,Ashley,24,Ասհլէե,0,1,1,1,0,7,7,9,,,,,,,1,2,0.603083397,,,,,,,,,,,,4,1,2019_Jul_30_1228,FaceNameBlocked,3.0.0,60.09666885,
28,FacesBlock1_v2.xlsx,Bradley.mp4,Bradley.JPG,Bradley,14,Բրատլէե,0,0,0,0,,,,,0,12,12,14,,,,,,,,,None,1,0.26953817,,,,,,4,1,2019_Jul_30_1228,FaceNameBlocked,3.0.0,60.09666885,
1,FacesBlock1_v2.xlsx,Bradley.mp4,Bradley.JPG,Bradley,14,Բրատլէե,0,0,0,0,0,0,0,14,,,,,,,1,1,2.752306845,,,,,,,,,,,,4,1,2019_Jul_30_1228,FaceNameBlocked,3.0.0,60.09666885,
99,FacesBlock4_v2.xlsx,Brandon.mp4,Brandon.JPG,Brandon,56,Բրանտոն,0,3,3,3,0,8,8,11,,,,,,,1,1,0.3694174,,,,,,,,,,,,4,1,2019_Jul_30_1228,FaceNameBlocked,3.0.0,60.09666885,
110,FacesBlock4_v2.xlsx,Brandon.mp4,Brandon.JPG,Brandon,56,Բրանտոն,0,3,3,3,,,,,0,4,4,11,,,,,,,,,None,1,0.368430057,,,,,,4,1,2019_Jul_30_1228,FaceNameBlocked,3.0.0,60.09666885,
105,FacesBlock4_v2.xlsx,Brian.mp4,Brian.JPG,Brian,53,Բրիան,0,3,3,3,0,14,14,8,,,,,,,1,1,0.802809581,,,,,,,,,,,,4,1,2019_Jul_30_1228,FaceNameBlocked,3.0.0,60.09666885,
115,FacesBlock4_v2.xlsx,Brian.mp4,Brian.JPG,Brian,53,Բրիան,0,3,3,3,,,,,0,9,9,8,,,,,,,,brai,"['b', 'r', 'a', 'backspace', 'i', 'a', 'n', 'backspace', 'backspace', 'backspace', 'a', 'i', 'n', 'backspace']",1,1.634577578,"[3.3685533290263265, 4.25133265403565, 4.501730798976496, 4.867969490005635, 5.118358862935565, 5.267558114952408, 5.3512937219347805, 7.933161668945104, 8.416327927960083, 8.665617138030939, 9.016415328951553, 9.483340459992178, 9.666726622032002, 9.949259205022827]",[3.36855,3.36855,,,4,1,2019_Jul_30_1228,FaceNameBlocked,3.0.0,60.09666885,
101,FacesBlock4_v2.xlsx,Brianna.mp4,Brianna.JPG,Brianna,48,Բրիաննա,0,3,3,3,0,10,10,3,,,,,,,0,2,0.702847037,,,,,,,,,,,,4,1,2019_Jul_30_1228,FaceNameBlocked,3.0.0,60.09666885,
113,FacesBlock4_v2.xlsx,Brianna.mp4,Brianna.JPG,Brianna,48,Բրիաննա,0,3,3,3,,,,,0,7,7,3,,,,,,,,,None,1,0.368392068,,,,,,4,1,2019_Jul_30_1228,FaceNameBlocked,3.0.0,60.09666885,
48,FacesBlock2_v2.xlsx,Brittany.mp4,Brittany.JPG,Brittany,28,Բրիդդանե,0,1,1,1,,,,,0,2,2,13,,,,,,,,jessie,"['j', 'e', 's', 's', 'i', 'e']",1,0.268197097,"[7.500059829093516, 7.665618078084663, 7.799568569054827, 7.947384008090012, 8.06616405909881, 8.149733345024288]",[7.50005,7.50005,,,4,1,2019_Jul_30_1228,FaceNameBlocked,3.0.0,60.09666885,
34,FacesBlock2_v2.xlsx,Brittany.mp4,Brittany.JPG,Brittany,28,Բրիդդանե,0,1,1,1,0,3,3,13,,,,,,,0,2,1.602548141,,,,,,,,,,,,4,1,2019_Jul_30_1228,FaceNameBlocked,3.0.0,60.09666885,
118,FacesBlock4_v2.xlsx,Caleb.mp4,Caleb.JPG,Caleb,59,Գալէբ,0,3,3,3,,,,,0,12,12,14,,,,,,,,,None,1,0.352556166,,,,,,4,1,2019_Jul_30_1228,FaceNameBlocked,3.0.0,60.09666885,
97,FacesBlock4_v2.xlsx,Caleb.mp4,Caleb.JPG,Caleb,59,Գալէբ,0,3,3,3,0,6,6,14,,,,,,,1,1,0.769347528,,,,,,,,,,,,4,1,2019_Jul_30_1228,FaceNameBlocked,3.0.0,60.09666885,
49,FacesBlock2_v2.xlsx,Cody.mp4,Cody.JPG,Cody,23,Գոտե,0,1,1,1,,,,,0,3,3,8,,,,,,,,,None,1,0.402067734,,,,,,4,1,2019_Jul_30_1228,FaceNameBlocked,3.0.0,60.09666885,
43,FacesBlock2_v2.xlsx,Cody.mp4,Cody.JPG,Cody,23,Գոտե,0,1,1,1,0,12,12,8,,,,,,,1,1,0.434083392,,,,,,,,,,,,4,1,2019_Jul_30_1228,FaceNameBlocked,3.0.0,60.09666885,
75,FacesBlock3_v2.xlsx,Courtney.mp4,Courtney.JPG,Courtney,42,Գոըրդնէե,0,2,2,2,0,14,14,12,,,,,,,1,2,0.586456109,,,,,,,,,,,,4,1,2019_Jul_30_1228,FaceNameBlocked,3.0.0,60.09666885,
79,FacesBlock3_v2.xlsx,Courtney.mp4,Courtney.JPG,Courtney,42,Գոըրդնէե,0,2,2,2,,,,,0,3,3,12,,,,,,,,,None,1,0.285857643,,,,,,4,1,2019_Jul_30_1228,FaceNameBlocked,3.0.0,60.09666885,
73,FacesBlock3_v2.xlsx,Daniel.mp4,Daniel.JPG,Daniel,30,Տանիէլ,0,2,2,2,0,12,12,0,,,,,,,0,1,0.703338009,,,,,,,,,,,,4,1,2019_Jul_30_1228,FaceNameBlocked,3.0.0,60.09666885,
85,FacesBlock3_v2.xlsx,Daniel.mp4,Daniel.JPG,Daniel,30,Տանիէլ,0,2,2,2,,,,,0,9,9,0,,,,,,,,daneil,"['d', 'a', 'n', 'e', 'i', 'l', 'backspace', 'backspace', 'backspace', 'backspace', 'a', 'backspace', 'n', 'e', 'i', 'l']",2,2.86769364,"[2.484703803085722, 2.5680421830620617, 2.7174278440652415, 2.785297906026244, 2.9515988640487194, 3.1510315550258383, 3.9505809160182253, 4.083032515016384, 4.217258544987999, 4.583764624083415, 5.550262575037777, 6.416284759994596, 7.614573188009672, 7.965713722049259, 8.416132362093776, 8.616140283993445]",[2.48470,2.48470,,,4,1,2019_Jul_30_1228,FaceNameBlocked,3.0.0,60.09666885,
22,FacesBlock1_v2.xlsx,Danielle.mp4,Danielle.JPG,Danielle,3,Տանիէլլէ,0,0,0,0,,,,,0,6,6,3,,,,,,,,,None,1,1.101111335,,,,,,4,1,2019_Jul_30_1228,FaceNameBlocked,3.0.0,60.09666885,
9,FacesBlock1_v2.xlsx,Danielle.mp4,Danielle.JPG,Danielle,3,Տանիէլլէ,0,0,0,0,0,8,8,3,,,,,,,1,2,0.80269896,,,,,,,,,,,,4,1,2019_Jul_30_1228,FaceNameBlocked,3.0.0,60.09666885,
52,FacesBlock2_v2.xlsx,David.mp4,David.JPG,David,16,Տաւիտ,0,1,1,1,,,,,0,6,6,1,,,,,,,,,None,1,0.501662492,,,,,,4,1,2019_Jul_30_1228,FaceNameBlocked,3.0.0,60.09666885,
37,FacesBlock2_v2.xlsx,David.mp4,David.JPG,David,16,Տաւիտ,0,1,1,1,0,6,6,1,,,,,,,0,1,0.7193701,,,,,,,,,,,,4,1,2019_Jul_30_1228,FaceNameBlocked,3.0.0,60.09666885,
114,FacesBlock4_v2.xlsx,Dylan.mp4,Dylan.JPG,Dylan,50,Տելան,0,3,3,3,,,,,0,8,8,5,,,,,,,,,None,1,0.535562309,,,,,,4,1,2019_Jul_30_1228,FaceNameBlocked,3.0.0,60.09666885,
98,FacesBlock4_v2.xlsx,Dylan.mp4,Dylan.JPG,Dylan,50,Տելան,0,3,3,3,0,7,7,5,,,,,,,0,1,0.419468245,,,,,,,,,,,,4,1,2019_Jul_30_1228,FaceNameBlocked,3.0.0,60.09666885,
104,FacesBlock4_v2.xlsx,Emily.mp4,Emily.JPG,Emily,57,Էմիլե,0,3,3,3,0,13,13,12,,,,,,,0,2,4.401530925,,,,,,,,,,,,4,1,2019_Jul_30_1228,FaceNameBlocked,3.0.0,60.09666885,
117,FacesBlock4_v2.xlsx,Emily.mp4,Emily.JPG,Emily,57,Էմիլե,0,3,3,3,,,,,0,11,11,12,,,,,,,,,None,1,0.285596365,,,,,,4,1,2019_Jul_30_1228,FaceNameBlocked,3.0.0,60.09666885,
4,FacesBlock1_v2.xlsx,Eric.mp4,Eric.JPG,Eric,0,Էրիգ,0,0,0,0,0,3,3,0,,,,,,,0,1,1.038317675,,,,,,,,,,,,4,1,2019_Jul_30_1228,FaceNameBlocked,3.0.0,60.09666885,
18,FacesBlock1_v2.xlsx,Eric.mp4,Eric.JPG,Eric,0,Էրիգ,0,0,0,0,,,,,0,2,2,0,,,,,,,,,None,1,1.516058911,,,,,,4,1,2019_Jul_30_1228,FaceNameBlocked,3.0.0,60.09666885,
21,FacesBlock1_v2.xlsx,Ethan.mp4,Ethan.JPG,Ethan,11,Էդհան,0,0,0,0,,,,,0,5,5,11,,,,,,,,,None,1,2.684851248,,,,,,4,1,2019_Jul_30_1228,FaceNameBlocked,3.0.0,60.09666885,
11,FacesBlock1_v2.xlsx,Ethan.mp4,Ethan.JPG,Ethan,11,Էդհան,0,0,0,0,0,10,10,11,,,,,,,0,1,0.869884622,,,,,,,,,,,,4,1,2019_Jul_30_1228,FaceNameBlocked,3.0.0,60.09666885,
100,FacesBlock4_v2.xlsx,Grace.mp4,Grace.JPG,Grace,58,Կրագէ,0,3,3,3,0,9,9,13,,,,,,,1,2,0.90253567,,,,,,,,,,,,4,1,2019_Jul_30_1228,FaceNameBlocked,3.0.0,60.09666885,
107,FacesBlock4_v2.xlsx,Grace.mp4,Grace.JPG,Grace,58,Կրագէ,0,3,3,3,,,,,0,1,1,13,,,,,,,,,None,1,0.285563012,,,,,,4,1,2019_Jul_30_1228,FaceNameBlocked,3.0.0,60.09666885,
44,FacesBlock2_v2.xlsx,Haley.mp4,Haley.JPG,Haley,20,Հալէե,0,1,1,1,0,13,13,5,,,,,,,1,2,0.819928377,,,,,,,,,,,,4,1,2019_Jul_30_1228,FaceNameBlocked,3.0.0,60.09666885,
47,FacesBlock2_v2.xlsx,Haley.mp4,Haley.JPG,Haley,20,Հալէե,0,1,1,1,,,,,0,1,1,5,,,,,,,,,None,1,0.435198299,,,,,,4,1,2019_Jul_30_1228,FaceNameBlocked,3.0.0,60.09666885,
19,FacesBlock1_v2.xlsx,Hannah.mp4,Hannah.JPG,Hannah,1,Հաննահ,0,0,0,0,,,,,0,3,3,1,,,,,,,,,None,1,0.318682791,,,,,,4,1,2019_Jul_30_1228,FaceNameBlocked,3.0.0,60.09666885,
14,FacesBlock1_v2.xlsx,Hannah.mp4,Hannah.JPG,Hannah,1,Հաննահ,0,0,0,0,0,13,13,1,,,,,,,1,2,0.635828525,,,,,,,,,,,,4,1,2019_Jul_30_1228,FaceNameBlocked,3.0.0,60.09666885,
33,FacesBlock2_v2.xlsx,Heather.mp4,Heather.JPG,Heather,26,Հէադհէր,0,1,1,1,0,2,2,11,,,,,,,1,2,0.903087529,,,,,,,,,,,,4,1,2019_Jul_30_1228,FaceNameBlocked,3.0.0,60.09666885,
53,FacesBlock2_v2.xlsx,Heather.mp4,Heather.JPG,Heather,26,Հէադհէր,0,1,1,1,,,,,0,7,7,11,,,,,,,,,None,1,0.318578281,,,,,,4,1,2019_Jul_30_1228,FaceNameBlocked,3.0.0,60.09666885,
61,FacesBlock3_v2.xlsx,Jacob.mp4,Jacob.JPG,Jacob,39,Ճագոբ,0,2,2,2,0,0,0,9,,,,,,,0,1,2.751815113,,,,,,,,,,,,4,1,2019_Jul_30_1228,FaceNameBlocked,3.0.0,60.09666885,
87,FacesBlock3_v2.xlsx,Jacob.mp4,Jacob.JPG,Jacob,39,Ճագոբ,0,2,2,2,,,,,0,11,11,9,,,,,,,,,None,1,0.469636365,,,,,,4,1,2019_Jul_30_1228,FaceNameBlocked,3.0.0,60.09666885,
102,FacesBlock4_v2.xlsx,Jason.mp4,Jason.JPG,Jason,49,Ճասոն,0,3,3,3,0,11,11,4,,,,,,,1,1,0.58678495,,,,,,,,,,,,4,1,2019_Jul_30_1228,FaceNameBlocked,3.0.0,60.09666885,
119,FacesBlock4_v2.xlsx,Jason.mp4,Jason.JPG,Jason,49,Ճասոն,0,3,3,3,,,,,0,13,13,4,,,,,,,,,None,1,0.452051687,,,,,,4,1,2019_Jul_30_1228,FaceNameBlocked,3.0.0,60.09666885,
30,FacesBlock1_v2.xlsx,Jenna.mp4,Jenna.JPG,Jenna,6,Ճէննա,0,0,0,0,,,,,0,14,14,6,,,,,,,,,None,1,0.335468392,,,,,,4,1,2019_Jul_30_1228,FaceNameBlocked,3.0.0,60.09666885,
8,FacesBlock1_v2.xlsx,Jenna.mp4,Jenna.JPG,Jenna,6,Ճէննա,0,0,0,0,0,7,7,6,,,,,,,0,2,0.535848288,,,,,,,,,,,,4,1,2019_Jul_30_1228,FaceNameBlocked,3.0.0,60.09666885,
60,FacesBlock2_v2.xlsx,Jeremy.mp4,Jeremy.JPG,Jeremy,15,Ճէրէմե,0,1,1,1,,,,,0,14,14,0,,,,,,,,,None,1,0.467024359,,,,,,4,1,2019_Jul_30_1228,FaceNameBlocked,3.0.0,60.09666885,
39,FacesBlock2_v2.xlsx,Jeremy.mp4,Jeremy.JPG,Jeremy,15,Ճէրէմե,0,1,1,1,0,8,8,0,,,,,,,1,1,0.502318231,,,,,,,,,,,,4,1,2019_Jul_30_1228,FaceNameBlocked,3.0.0,60.09666885,
2,FacesBlock1_v2.xlsx,Jessica.mp4,Jessica.JPG,Jessica,8,Ճէսսիգա,0,0,0,0,0,1,1,8,,,,,,,1,2,1.402463802,,,,,,,,,,,,4,1,2019_Jul_30_1228,FaceNameBlocked,3.0.0,60.09666885,
17,FacesBlock1_v2.xlsx,Jessica.mp4,Jessica.JPG,Jessica,8,Ճէսսիգա,0,0,0,0,,,,,0,1,1,8,,,,,,,,,None,1,99.58616675,,,,,,4,1,2019_Jul_30_1228,FaceNameBlocked,3.0.0,60.09666885,
59,FacesBlock2_v2.xlsx,Josh.mp4,Josh.JPG,Josh,19,Ճոսհ,0,1,1,1,,,,,0,13,13,4,,,,,,,,,None,1,0.303245408,,,,,,4,1,2019_Jul_30_1228,FaceNameBlocked,3.0.0,60.09666885,
42,FacesBlock2_v2.xlsx,Josh.mp4,Josh.JPG,Josh,19,Ճոսհ,0,1,1,1,0,11,11,4,,,,,,,1,1,0.987055432,,,,,,,,,,,,4,1,2019_Jul_30_1228,FaceNameBlocked,3.0.0,60.09666885,
13,FacesBlock1_v2.xlsx,Julia.mp4,Julia.JPG,Julia,13,Ճըլիա,0,0,0,0,0,12,12,13,,,,,,,1,2,0.736327263,,,,,,,,,,,,4,1,2019_Jul_30_1228,FaceNameBlocked,3.0.0,60.09666885,
23,FacesBlock1_v2.xlsx,Julia.mp4,Julia.JPG,Julia,13,Ճըլիա,0,0,0,0,,,,,0,7,7,13,,,,,,,,,None,1,0.533931618,,,,,,4,1,2019_Jul_30_1228,FaceNameBlocked,3.0.0,60.09666885,
32,FacesBlock2_v2.xlsx,Justin.mp4,Justin.JPG,Justin,27,Ճըսդին,0,1,1,1,0,1,1,12,,,,,,,0,1,0.753719161,,,,,,,,,,,,4,1,2019_Jul_30_1228,FaceNameBlocked,3.0.0,60.09666885,
51,FacesBlock2_v2.xlsx,Justin.mp4,Justin.JPG,Justin,27,Ճըսդին,0,1,1,1,,,,,0,5,5,12,,,,,,,,,None,1,0.850042349,,,,,,4,1,2019_Jul_30_1228,FaceNameBlocked,3.0.0,60.09666885,
91,FacesBlock4_v2.xlsx,Katie.mp4,Katie.JPG,Katie,54,Քադիէ,0,3,3,3,0,0,0,9,,,,,,,1,2,1.337001686,,,,,,,,,,,,4,1,2019_Jul_30_1228,FaceNameBlocked,3.0.0,60.09666885,
112,FacesBlock4_v2.xlsx,Katie.mp4,Katie.JPG,Katie,54,Քադիէ,0,3,3,3,,,,,0,6,6,9,,,,,,,,,None,1,0.436135291,,,,,,4,1,2019_Jul_30_1228,FaceNameBlocked,3.0.0,60.09666885,
77,FacesBlock3_v2.xlsx,Kayla.mp4,Kayla.JPG,Kayla,34,Սարահ,0,2,2,2,,,,,0,1,1,4,,,,,,,,,None,1,0.401473876,,,,,,4,1,2019_Jul_30_1228,FaceNameBlocked,3.0.0,60.09666885,
70,FacesBlock3_v2.xlsx,Kayla.mp4,Kayla.JPG,Kayla,34,Սարահ,0,2,2,2,0,9,9,4,,,,,,,1,2,0.369887979,,,,,,,,,,,,4,1,2019_Jul_30_1228,FaceNameBlocked,3.0.0,60.09666885,
10,FacesBlock1_v2.xlsx,Kelsey.mp4,Kelsey.JPG,Kelsey,12,Քէլսէե,0,0,0,0,0,9,9,12,,,,,,,1,2,1.019251732,,,,,,,,,,,,4,1,2019_Jul_30_1228,FaceNameBlocked,3.0.0,60.09666885,
25,FacesBlock1_v2.xlsx,Kelsey.mp4,Kelsey.JPG,Kelsey,12,Քէլսէե,0,0,0,0,,,,,0,9,9,12,,,,,,,,,None,1,0.383313511,,,,,,4,1,2019_Jul_30_1228,FaceNameBlocked,3.0.0,60.09666885,
67,FacesBlock3_v2.xlsx,Kevin.mp4,Kevin.JPG,Kevin,41,Քէւին,0,2,2,2,0,6,6,11,,,,,,,1,1,0.486584759,,,,,,,,,,,,4,1,2019_Jul_30_1228,FaceNameBlocked,3.0.0,60.09666885,
82,FacesBlock3_v2.xlsx,Kevin.mp4,Kevin.JPG,Kevin,41,Քէւին,0,2,2,2,,,,,0,6,6,11,,,,,,,,jacob,"['j', 'a', 'c', 'o', 'b']",1,0.285363499,"[4.551053302944638, 4.634360293974169, 4.800955827930011, 4.866893608937971, 4.967368290992454]",[4.55105,4.55105,,,4,1,2019_Jul_30_1228,FaceNameBlocked,3.0.0,60.09666885,
7,FacesBlock1_v2.xlsx,Kyle.mp4,Kyle.JPG,Kyle,4,Քելէ,0,0,0,0,0,6,6,4,,,,,,,0,1,0.536800795,,,,,,,,,,,,4,1,2019_Jul_30_1228,FaceNameBlocked,3.0.0,60.09666885,
29,FacesBlock1_v2.xlsx,Kyle.mp4,Kyle.JPG,Kyle,4,Քելէ,0,0,0,0,,,,,0,13,13,4,,,,,,,,,None,1,0.552071926,,,,,,4,1,2019_Jul_30_1228,FaceNameBlocked,3.0.0,60.09666885,
74,FacesBlock3_v2.xlsx,Lauren.mp4,Lauren.JPG,Lauren,38,Լաըրէն,0,2,2,2,0,13,13,8,,,,,,,1,2,0.470340955,,,,,,,,,,,,4,1,2019_Jul_30_1228,FaceNameBlocked,3.0.0,60.09666885,
89,FacesBlock3_v2.xlsx,Lauren.mp4,Lauren.JPG,Lauren,38,Լաըրէն,0,2,2,2,,,,,0,13,13,8,,,,,,,,,None,1,0.251955216,,,,,,4,1,2019_Jul_30_1228,FaceNameBlocked,3.0.0,60.09666885,
90,FacesBlock3_v2.xlsx,Mark.mp4,Mark.JPG,Mark,40,Մարք,0,2,2,2,,,,,0,14,14,10,,,,,,,,mark,"['m', 'a', 'r', 'k']",3,0.352294874,"[0.9848740299930796, 1.1016528939362615, 1.1222013719379902, 1.2499375569168478]",[0.98487,0.98487,,,4,1,2019_Jul_30_1228,FaceNameBlocked,3.0.0,60.09666885,
69,FacesBlock3_v2.xlsx,Mark.mp4,Mark.JPG,Mark,40,Մարք,0,2,2,2,0,8,8,10,,,,,,,0,1,0.337363721,,,,,,,,,,,,4,1,2019_Jul_30_1228,FaceNameBlocked,3.0.0,60.09666885,
27,FacesBlock1_v2.xlsx,Matthew.mp4,Matthew.JPG,Matthew,9,Մադդհէվ,0,0,0,0,,,,,0,11,11,9,,,,,,,,,None,1,0.63570865,,,,,,4,1,2019_Jul_30_1228,FaceNameBlocked,3.0.0,60.09666885,
6,FacesBlock1_v2.xlsx,Matthew.mp4,Matthew.JPG,Matthew,9,Մադդհէվ,0,0,0,0,0,5,5,9,,,,,,,0,1,0.816197009,,,,,,,,,,,,4,1,2019_Jul_30_1228,FaceNameBlocked,3.0.0,60.09666885,
41,FacesBlock2_v2.xlsx,Megan.mp4,Megan.JPG,Megan,25,Մէկան,0,1,1,1,0,10,10,10,,,,,,,0,2,1.10349266,,,,,,,,,,,,4,1,2019_Jul_30_1228,FaceNameBlocked,3.0.0,60.09666885,
50,FacesBlock2_v2.xlsx,Megan.mp4,Megan.JPG,Megan,25,Մէկան,0,1,1,1,,,,,0,4,4,10,,,,,,,,,None,1,0.301374652,,,,,,4,1,2019_Jul_30_1228,FaceNameBlocked,3.0.0,60.09666885,
103,FacesBlock4_v2.xlsx,Michael.mp4,Michael.JPG,Michael,46,Միգհաէլ,0,3,3,3,0,12,12,1,,,,,,,1,1,0.65333371,,,,,,,,,,,,4,1,2019_Jul_30_1228,FaceNameBlocked,3.0.0,60.09666885,
120,FacesBlock4_v2.xlsx,Michael.mp4,Michael.JPG,Michael,46,Միգհաէլ,0,3,3,3,,,,,0,14,14,1,,,,,,,,,None,1,0.519018767,,,,,,4,1,2019_Jul_30_1228,FaceNameBlocked,3.0.0,60.09666885,
106,FacesBlock4_v2.xlsx,Michelle.mp4,Michelle.JPG,Michelle,52,Միգհէլլէ,0,3,3,3,,,,,0,0,0,7,,,,,,space,3.334686658,,None,1,0.352189133,,,,,,4,1,2019_Jul_30_1228,FaceNameBlocked,3.0.0,60.09666885,
92,FacesBlock4_v2.xlsx,Michelle.mp4,Michelle.JPG,Michelle,52,Միգհէլլէ,0,3,3,3,0,1,1,7,,,,,,,0,2,0.919522971,,,,,,,,,,,,4,1,2019_Jul_30_1228,FaceNameBlocked,3.0.0,60.09666885,
16,FacesBlock1_v2.xlsx,Natalie.mp4,Natalie.JPG,Natalie,7,Նադալիէ,0,0,0,0,,,,,0,0,0,7,,,,,,space,23.94251262,,None,1,1.635348749,,,,,,4,1,2019_Jul_30_1228,FaceNameBlocked,3.0.0,60.09666885,
3,FacesBlock1_v2.xlsx,Natalie.mp4,Natalie.JPG,Natalie,7,Նադալիէ,0,0,0,0,0,2,2,7,,,,,,,0,2,0.619600334,,,,,,,,,,,,4,1,2019_Jul_30_1228,FaceNameBlocked,3.0.0,60.09666885,
72,FacesBlock3_v2.xlsx,Nathan.mp4,Nathan.JPG,Nathan,37,Նադհան,0,2,2,2,0,11,11,7,,,,,,,0,1,0.519566579,,,,,,,,,,,,4,1,2019_Jul_30_1228,FaceNameBlocked,3.0.0,60.09666885,
80,FacesBlock3_v2.xlsx,Nathan.mp4,Nathan.JPG,Nathan,37,Նադհան,0,2,2,2,,,,,0,4,4,7,,,,,,,,,None,1,0.352461956,,,,,,4,1,2019_Jul_30_1228,FaceNameBlocked,3.0.0,60.09666885,
64,FacesBlock3_v2.xlsx,Nicole.mp4,Nicole.JPG,Nicole,43,Նիգոլէ,0,2,2,2,0,3,3,13,,,,,,,1,2,0.386029511,,,,,,,,,,,,4,1,2019_Jul_30_1228,FaceNameBlocked,3.0.0,60.09666885,
78,FacesBlock3_v2.xlsx,Nicole.mp4,Nicole.JPG,Nicole,43,Նիգոլէ,0,2,2,2,,,,,0,2,2,13,,,,,,,,,None,1,0.232986398,,,,,,4,1,2019_Jul_30_1228,FaceNameBlocked,3.0.0,60.09666885,
88,FacesBlock3_v2.xlsx,Noah.mp4,Noah.JPG,Noah,31,Նոահ,0,2,2,2,,,,,0,12,12,1,,,,,,,,,None,1,0.236191571,,,,,,4,1,2019_Jul_30_1228,FaceNameBlocked,3.0.0,60.09666885,
63,FacesBlock3_v2.xlsx,Noah.mp4,Noah.JPG,Noah,31,Նոահ,0,2,2,2,0,2,2,1,,,,,,,0,1,0.636271808,,,,,,,,,,,,4,1,2019_Jul_30_1228,FaceNameBlocked,3.0.0,60.09666885,
65,FacesBlock3_v2.xlsx,Olivia.mp4,Olivia.JPG,Olivia,35,Ոլիւիա,0,2,2,2,0,4,4,5,,,,,,,0,2,1.103029247,,,,,,,,,,,,4,1,2019_Jul_30_1228,FaceNameBlocked,3.0.0,60.09666885,
84,FacesBlock3_v2.xlsx,Olivia.mp4,Olivia.JPG,Olivia,35,Ոլիւիա,0,2,2,2,,,,,0,8,8,5,,,,,,,,,None,1,0.333698285,,,,,,4,1,2019_Jul_30_1228,FaceNameBlocked,3.0.0,60.09666885,
31,FacesBlock2_v2.xlsx,Rachel.mp4,Rachel.JPG,Rachel,29,Րագհէլ,0,1,1,1,0,0,0,14,,,,,,,0,2,1.719651422,,,,,,,,,,,,4,1,2019_Jul_30_1228,FaceNameBlocked,3.0.0,60.09666885,
46,FacesBlock2_v2.xlsx,Rachel.mp4,Rachel.JPG,Rachel,29,Րագհէլ,0,1,1,1,,,,,0,0,0,14,,,,,,space,7.749656422,,None,1,1.218879265,,,,,,4,1,2019_Jul_30_1228,FaceNameBlocked,3.0.0,60.09666885,
86,FacesBlock3_v2.xlsx,Rebecca.mp4,Rebecca.JPG,Rebecca,32,Րէբէգգա,0,2,2,2,,,,,0,10,10,2,,,,,,,,,None,1,0.752079144,,,,,,4,1,2019_Jul_30_1228,FaceNameBlocked,3.0.0,60.09666885,
68,FacesBlock3_v2.xlsx,Rebecca.mp4,Rebecca.JPG,Rebecca,32,Րէբէգգա,0,2,2,2,0,7,7,2,,,,,,,0,2,0.753195676,,,,,,,,,,,,4,1,2019_Jul_30_1228,FaceNameBlocked,3.0.0,60.09666885,
62,FacesBlock3_v2.xlsx,Sarah.mp4,Sarah.JPG,Sarah,33,Սարահ,0,2,2,2,0,1,1,3,,,,,,,1,2,0.70287766,,,,,,,,,,,,4,1,2019_Jul_30_1228,FaceNameBlocked,3.0.0,60.09666885,
81,FacesBlock3_v2.xlsx,Sarah.mp4,Sarah.JPG,Sarah,33,Սարահ,0,2,2,2,,,,,0,5,5,3,,,,,,,,,None,1,0.335297612,,,,,,4,1,2019_Jul_30_1228,FaceNameBlocked,3.0.0,60.09666885,
83,FacesBlock3_v2.xlsx,Shelby.mp4,Shelby.JPG,Shelby,36,Սհէլբե,0,2,2,2,,,,,0,7,7,6,,,,,,,,,None,1,0.252121574,,,,,,4,1,2019_Jul_30_1228,FaceNameBlocked,3.0.0,60.09666885,
71,FacesBlock3_v2.xlsx,Shelby.mp4,Shelby.JPG,Shelby,36,Սհէլբե,0,2,2,2,0,10,10,6,,,,,,,1,2,0.636705057,,,,,,,,,,,,4,1,2019_Jul_30_1228,FaceNameBlocked,3.0.0,60.09666885,
58,FacesBlock2_v2.xlsx,Steven.mp4,Steven.JPG,Steven,17,Սդէւէն,0,1,1,1,,,,,0,12,12,2,,,,,,,,,None,1,0.385259453,,,,,,4,1,2019_Jul_30_1228,FaceNameBlocked,3.0.0,60.09666885,
35,FacesBlock2_v2.xlsx,Steven.mp4,Steven.JPG,Steven,17,Սդէւէն,0,1,1,1,0,4,4,2,,,,,,,0,1,0.519021503,,,,,,,,,,,,4,1,2019_Jul_30_1228,FaceNameBlocked,3.0.0,60.09666885,
111,FacesBlock4_v2.xlsx,Taylor.mp4,Taylor.JPG,Taylor,45,Դաելոր,0,3,3,3,,,,,0,5,5,0,,,,,,,,,None,1,0.251974693,,,,,,4,1,2019_Jul_30_1228,FaceNameBlocked,3.0.0,60.09666885,
94,FacesBlock4_v2.xlsx,Taylor.mp4,Taylor.JPG,Taylor,45,Դաելոր,0,3,3,3,0,3,3,0,,,,,,,0,2,0.654562442,,,,,,,,,,,,4,1,2019_Jul_30_1228,FaceNameBlocked,3.0.0,60.09666885,
66,FacesBlock3_v2.xlsx,Thomas.mp4,Thomas.JPG,Thomas,44,Դհոմաս,0,2,2,2,0,5,5,14,,,,,,,1,1,0.617232671,,,,,,,,,,,,4,1,2019_Jul_30_1228,FaceNameBlocked,3.0.0,60.09666885,
76,FacesBlock3_v2.xlsx,Thomas.mp4,Thomas.JPG,Thomas,44,Դհոմաս,0,2,2,2,,,,,0,0,0,14,,,,,,space,5.400208036,,None,1,0.368933834,,,,,,4,1,2019_Jul_30_1228,FaceNameBlocked,3.0.0,60.09666885,
15,FacesBlock1_v2.xlsx,Timothy.mp4,Timothy.JPG,Timothy,10,Դիմոդհե,0,0,0,0,0,14,14,10,,,,,,,1,1,0.569275065,,,,,,,,,,,,4,1,2019_Jul_30_1228,FaceNameBlocked,3.0.0,60.09666885,
24,FacesBlock1_v2.xlsx,Timothy.mp4,Timothy.JPG,Timothy,10,Դիմոդհե,0,0,0,0,,,,,0,8,8,10,,,,,,,,,None,1,0.400579512,,,,,,4,1,2019_Jul_30_1228,FaceNameBlocked,3.0.0,60.09666885,
54,FacesBlock2_v2.xlsx,Trevor.mp4,Trevor.JPG,Trevor,21,Դրէւոր,0,1,1,1,,,,,0,8,8,6,,,,,,,,,None,1,0.384761165,,,,,,4,1,2019_Jul_30_1228,FaceNameBlocked,3.0.0,60.09666885,
45,FacesBlock2_v2.xlsx,Trevor.mp4,Trevor.JPG,Trevor,21,Դրէւոր,0,1,1,1,0,14,14,6,,,,,,,0,1,0.770490245,,,,,,,,,,,,4,1,2019_Jul_30_1228,FaceNameBlocked,3.0.0,60.09666885,
36,FacesBlock2_v2.xlsx,Tyler.mp4,Tyler.JPG,Tyler,22,Դելէր,0,1,1,1,0,5,5,7,,,,,,,1,1,0.802264103,,,,,,,,,,,,4,1,2019_Jul_30_1228,FaceNameBlocked,3.0.0,60.09666885,
57,FacesBlock2_v2.xlsx,Tyler.mp4,Tyler.JPG,Tyler,22,Դելէր,0,1,1,1,,,,,0,11,11,7,,,,,,,,,None,1,0.385428437,,,,,,4,1,2019_Jul_30_1228,FaceNameBlocked,3.0.0,60.09666885,
0,,,,,,,,,,,,,,,,,,,space,1901.981839,,,,,,,,,,,,,,,4,1,2019_Jul_30_1228,FaceNameBlocked,3.0.0,60.09666885,
121,,,,,,,,,,,,,,,,,,,,,,,,,,,,,,,,,space,3.400923805,4,1,2019_Jul_30_1228,FaceNameBlocked,3.0.0,60.09666885,