,condsFile,Video,Photo,Name,Row,Name2,blocks.thisRepN,blocks.thisTrialN,blocks.thisN,blocks.thisIndex,presentations.thisRepN,presentations.thisTrialN,presentations.thisN,presentations.thisIndex,testing.thisRepN,testing.thisTrialN,testing.thisN,testing.thisIndex,advance_1.keys,advance_1.rt,currentCond,judgementResp.keys,judgementResp.rt,advance_2.keys,advance_2.rt,inputText,key_resp_3.keys,key_resp_3.rt,,key_resp3_fin,rating_resp.keys,rating_resp.rt,end_key.keys,end_key.rt,participant,session,date,expName,psychopyVersion,frameRate,Unnamed: 38
50,FacesBlock2_v2.xlsx,Aaron.mp4,Aaron.JPG,Aaron,18,Աարոն,0,1,1,1,,,,,0,4,4,3,,,,,,,,aaron,"['a', 'a', 'r', 'o', 'n']","[2.4173764209999717, 2.551104136000049, 2.751127403000055, 2.8675396640001054, 3.0673806590000368]",[2.41737,2.41737,3,1.118853071,,,5,1,2019_Aug_08_1301,FaceNameBlocked,3.0.0,60.00874051,
39,FacesBlock2_v2.xlsx,Aaron.mp4,Aaron.JPG,Aaron,18,Աարոն,0,1,1,1,0,8,8,3,,,,,,,0,1,1.236836143,,,,,,,,,,,,5,1,2019_Aug_08_1301,FaceNameBlocked,3.0.0,60.00874051,
5,FacesBlock1_v2.xlsx,Adam.mp4,Adam.JPG,Adam,5,Ատամ,0,0,0,0,0,4,4,5,,,,,,,1,1,0.969505216,,,,,,,,,,,,5,1,2019_Aug_08_1301,FaceNameBlocked,3.0.0,60.00874051,
19,FacesBlock1_v2.xlsx,Adam.mp4,Adam.JPG,Adam,5,Ատամ,0,0,0,0,,,,,0,3,3,5,,,,,,,,alex,"['a', 'l', 'e', 'x', 'return']","[2.9494769370000995, 3.0846483479999733, 3.168378099000165, 3.367965803000061, 6.1995516940000925]",[2.94947,2.94947,1,1.78246179,,,5,1,2019_Aug_08_1301,FaceNameBlocked,3.0.0,60.00874051,
98,FacesBlock4_v2.xlsx,Alyssa.mp4,Alyssa.JPG,Alyssa,55,Ալեսսա,0,3,3,3,0,7,7,10,,,,,,,1,2,3.734963908,,,,,,,,,,,,5,1,2019_Aug_08_1301,FaceNameBlocked,3.0.0,60.00874051,
115,FacesBlock4_v2.xlsx,Alyssa.mp4,Alyssa.JPG,Alyssa,55,Ալեսսա,0,3,3,3,,,,,0,9,9,10,,,,,,,,alyssa,"['a', 'l', 'y', 's', 's', 'a']","[8.04947747999995, 8.332985600000029, 8.716180990999874, 8.8989790239998, 9.04948180600013, 9.197694393999882]",[8.04947,8.04947,3,1.535257713,,,5,1,2019_Aug_08_1301,FaceNameBlocked,3.0.0,60.00874051,
24,FacesBlock1_v2.xlsx,Amanda.mp4,Amanda.JPG,Amanda,2,Ամանտա,0,0,0,0,,,,,0,8,8,2,,,,,,,,,None,,,,1,1.818469577,,,5,1,2019_Aug_08_1301,FaceNameBlocked,3.0.0,60.00874051,
8,FacesBlock1_v2.xlsx,Amanda.mp4,Amanda.JPG,Amanda,2,Ամանտա,0,0,0,0,0,7,7,2,,,,,,,0,2,0.885663498,,,,,,,,,,,,5,1,2019_Aug_08_1301,FaceNameBlocked,3.0.0,60.00874051,
112,FacesBlock4_v2.xlsx,Andrew.mp4,Andrew.JPG,Andrew,51,Անտրէվ,0,3,3,3,,,,,0,6,6,6,,,,,,,,caleb,"['c', 'a', 'l', 'e', 'b']","[5.60059404399999, 5.800562423999963, 6.000341301999924, 6.50064472799977, 6.650682974999654]",[5.60059,5.60059,2,1.185152252,,,5,1,2019_Aug_08_1301,FaceNameBlocked,3.0.0,60.00874051,
95,FacesBlock4_v2.xlsx,Andrew.mp4,Andrew.JPG,Andrew,51,Անտրէվ,0,3,3,3,0,4,4,6,,,,,,,0,1,1.035381601,,,,,,,,,,,,5,1,2019_Aug_08_1301,FaceNameBlocked,3.0.0,60.00874051,
107,FacesBlock4_v2.xlsx,Anna.mp4,Anna.JPG,Anna,47,Աննա,0,3,3,3,,,,,0,1,1,2,,,,,,,,,None,,,,1,1.884505456,,,5,1,2019_Aug_08_1301,FaceNameBlocked,3.0.0,60.00874051,
92,FacesBlock4_v2.xlsx,Anna.mp4,Anna.JPG,Anna,47,Աննա,0,3,3,3,0,1,1,2,,,,,,,0,2,2.036415037,,,,,,,,,,,,5,1,2019_Aug_08_1301,FaceNameBlocked,3.0.0,60.00874051,
54,FacesBlock2_v2.xlsx,Ashley.mp4,Ashley.JPG,Ashley,24,Ասհլէե,0,1,1,1,,,,,0,8,8,9,,,,,,,,ashley,"['a', 's', 'h', 'e', 'backspace', 'l', 'e', 'y']","[2.401270623999835, 2.601417617999914, 2.7172388399999363, 3.034710912000037, 3.4833740560000024, 4.117349955000009, 4.250563963999866, 4.434360825999875]",[2.40127,2.40127,2,2.234979115,,,5,1,2019_Aug_08_1301,FaceNameBlocked,3.0.0,60.00874051,
38,FacesBlock2_v2.xlsx,Ashley.mp4,Ashley.JPG,Ashley,24,Ասհլէե,0,1,1,1,0,7,7,9,,,,,,,0,2,1.185864834,,,,,,,,,,,,5,1,2019_Aug_08_1301,FaceNameBlocked,3.0.0,60.00874051,
14,FacesBlock1_v2.xlsx,Bradley.mp4,Bradley.JPG,Bradley,14,Բրատլէե,0,0,0,0,0,13,13,14,,,,,,,1,1,1.252724963,,,,,,,,,,,,5,1,2019_Aug_08_1301,FaceNameBlocked,3.0.0,60.00874051,
26,FacesBlock1_v2.xlsx,Bradley.mp4,Bradley.JPG,Bradley,14,Բրատլէե,0,0,0,0,,,,,0,10,10,14,,,,,,,,,None,,,,1,1.033170632,,,5,1,2019_Aug_08_1301,FaceNameBlocked,3.0.0,60.00874051,
93,FacesBlock4_v2.xlsx,Brandon.mp4,Brandon.JPG,Brandon,56,Բրանտոն,0,3,3,3,0,2,2,11,,,,,,,1,1,1.103306379,,,,,,,,,,,,5,1,2019_Aug_08_1301,FaceNameBlocked,3.0.0,60.00874051,
114,FacesBlock4_v2.xlsx,Brandon.mp4,Brandon.JPG,Brandon,56,Բրանտոն,0,3,3,3,,,,,0,8,8,11,,,,,,,,,None,,,,1,1.249524875,,,5,1,2019_Aug_08_1301,FaceNameBlocked,3.0.0,60.00874051,
91,FacesBlock4_v2.xlsx,Brian.mp4,Brian.JPG,Brian,53,Բրիան,0,3,3,3,0,0,0,8,,,,,,,1,1,2.968154463,,,,,,,,,,,,5,1,2019_Aug_08_1301,FaceNameBlocked,3.0.0,60.00874051,
106,FacesBlock4_v2.xlsx,Brian.mp4,Brian.JPG,Brian,53,Բրիան,0,3,3,3,,,,,0,0,0,8,,,,,,space,6.367034451,justin,"['j', 'u', 's', 't', 'i', 'n']","[5.8342223419999755, 6.000114220999876, 7.23307432699994, 7.450231317999624, 7.533441760999722, 7.649625721999655]",[5.83422,5.83422,1,0.316755635,,,5,1,2019_Aug_08_1301,FaceNameBlocked,3.0.0,60.00874051,
108,FacesBlock4_v2.xlsx,Brianna.mp4,Brianna.JPG,Brianna,48,Բրիաննա,0,3,3,3,,,,,0,2,2,3,,,,,,,,claudia,"['c', 'l', 'a', 'u', 'd', 'i', 'a']","[4.317758376000256, 4.681457732000126, 4.883902481000405, 5.082017588000326, 5.25070353000001, 5.333440131000316, 5.450544030000401]",[4.31775,4.31775,1,2.751914406,,,5,1,2019_Aug_08_1301,FaceNameBlocked,3.0.0,60.00874051,
101,FacesBlock4_v2.xlsx,Brianna.mp4,Brianna.JPG,Brianna,48,Բրիաննա,0,3,3,3,0,10,10,3,,,,,,,1,2,2.069574123,,,,,,,,,,,,5,1,2019_Aug_08_1301,FaceNameBlocked,3.0.0,60.00874051,
58,FacesBlock2_v2.xlsx,Brittany.mp4,Brittany.JPG,Brittany,28,Բրիդդանե,0,1,1,1,,,,,0,12,12,13,,,,,,,,,None,,,,1,0.91871638,,,5,1,2019_Aug_08_1301,FaceNameBlocked,3.0.0,60.00874051,
31,FacesBlock2_v2.xlsx,Brittany.mp4,Brittany.JPG,Brittany,28,Բրիդդանե,0,1,1,1,0,0,0,13,,,,,,,0,2,2.052869215,,,,,,,,,,,,5,1,2019_Aug_08_1301,FaceNameBlocked,3.0.0,60.00874051,
103,FacesBlock4_v2.xlsx,Caleb.mp4,Caleb.JPG,Caleb,59,Գալէբ,0,3,3,3,0,12,12,14,,,,,,,0,1,3.519058141,,,,,,,,,,,,5,1,2019_Aug_08_1301,FaceNameBlocked,3.0.0,60.00874051,
116,FacesBlock4_v2.xlsx,Caleb.mp4,Caleb.JPG,Caleb,59,Գալէբ,0,3,3,3,,,,,0,10,10,14,,,,,,,,caleb,"['c', 'a', 'l', 'e', 'b']","[3.118049472000166, 3.318136314000185, 3.50198820300011, 3.9996456339999895, 4.134892247000153]",[3.11804,3.11804,3,1.168870436,,,5,1,2019_Aug_08_1301,FaceNameBlocked,3.0.0,60.00874051,
46,FacesBlock2_v2.xlsx,Cody.mp4,Cody.JPG,Cody,23,Գոտե,0,1,1,1,,,,,0,0,0,8,,,,,,space,10.19955626,tyler,"['t', 'backspace', 'y', 'backspace', 't', 'y', 'l', 'e', 'r']","[6.733577889999879, 7.433035780999944, 8.09969559199999, 8.465225806999797, 8.933124438999812, 9.083198010999922, 9.333390367999982, 9.482843687000013, 9.616279189999887]",[6.73357,6.73357,2,1.48476749,,,5,1,2019_Aug_08_1301,FaceNameBlocked,3.0.0,60.00874051,
41,FacesBlock2_v2.xlsx,Cody.mp4,Cody.JPG,Cody,23,Գոտե,0,1,1,1,0,10,10,8,,,,,,,0,1,0.986021785,,,,,,,,,,,,5,1,2019_Aug_08_1301,FaceNameBlocked,3.0.0,60.00874051,
81,FacesBlock3_v2.xlsx,Courtney.mp4,Courtney.JPG,Courtney,42,Գոըրդնէե,0,2,2,2,,,,,0,5,5,12,,,,,,,,shelby,"['s', 'h', 'e', 'l', 'b', 'y', 'y', 'backspace']","[6.200064899000154, 6.300043386999732, 6.54997176400002, 6.89993281299985, 7.049459593999927, 7.2665849800000615, 7.549650495000151, 7.932434143000137]",[6.20006,6.20006,2,1.00205152,,,5,1,2019_Aug_08_1301,FaceNameBlocked,3.0.0,60.00874051,
63,FacesBlock3_v2.xlsx,Courtney.mp4,Courtney.JPG,Courtney,42,Գոըրդնէե,0,2,2,2,0,2,2,12,,,,,,,1,2,2.102384373,,,,,,,,,,,,5,1,2019_Aug_08_1301,FaceNameBlocked,3.0.0,60.00874051,
66,FacesBlock3_v2.xlsx,Daniel.mp4,Daniel.JPG,Daniel,30,Տանիէլ,0,2,2,2,0,5,5,0,,,,,,,0,1,1.619962928,,,,,,,,,,,,5,1,2019_Aug_08_1301,FaceNameBlocked,3.0.0,60.00874051,
84,FacesBlock3_v2.xlsx,Daniel.mp4,Daniel.JPG,Daniel,30,Տանիէլ,0,2,2,2,,,,,0,8,8,0,,,,,,,,,None,,,,1,0.618767434,,,5,1,2019_Aug_08_1301,FaceNameBlocked,3.0.0,60.00874051,
23,FacesBlock1_v2.xlsx,Danielle.mp4,Danielle.JPG,Danielle,3,Տանիէլլէ,0,0,0,0,,,,,0,7,7,3,,,,,,,,,None,,,,1,1.26881966,,,5,1,2019_Aug_08_1301,FaceNameBlocked,3.0.0,60.00874051,
6,FacesBlock1_v2.xlsx,Danielle.mp4,Danielle.JPG,Danielle,3,Տանիէլլէ,0,0,0,0,0,5,5,3,,,,,,,1,2,1.135812301,,,,,,,,,,,,5,1,2019_Aug_08_1301,FaceNameBlocked,3.0.0,60.00874051,
53,FacesBlock2_v2.xlsx,David.mp4,David.JPG,David,16,Տաւիտ,0,1,1,1,,,,,0,7,7,1,,,,,,,,,None,,,,1,1.768203335,,,5,1,2019_Aug_08_1301,FaceNameBlocked,3.0.0,60.00874051,
44,FacesBlock2_v2.xlsx,David.mp4,David.JPG,David,16,Տաւիտ,0,1,1,1,0,13,13,1,,,,,,,0,1,1.936312838,,,,,,,,,,,,5,1,2019_Aug_08_1301,FaceNameBlocked,3.0.0,60.00874051,
104,FacesBlock4_v2.xlsx,Dylan.mp4,Dylan.JPG,Dylan,50,Տելան,0,3,3,3,0,13,13,5,,,,,,,1,1,1.518718424,,,,,,,,,,,,5,1,2019_Aug_08_1301,FaceNameBlocked,3.0.0,60.00874051,
118,FacesBlock4_v2.xlsx,Dylan.mp4,Dylan.JPG,Dylan,50,Տելան,0,3,3,3,,,,,0,12,12,5,,,,,,,,,None,,,,1,1.002728084,,,5,1,2019_Aug_08_1301,FaceNameBlocked,3.0.0,60.00874051,
111,FacesBlock4_v2.xlsx,Emily.mp4,Emily.JPG,Emily,57,Էմիլե,0,3,3,3,,,,,0,5,5,12,,,,,,,,,None,,,,1,0.834908567,,,5,1,2019_Aug_08_1301,FaceNameBlocked,3.0.0,60.00874051,
96,FacesBlock4_v2.xlsx,Emily.mp4,Emily.JPG,Emily,57,Էմիլե,0,3,3,3,0,5,5,12,,,,,,,0,2,2.599527384,,,,,,,,,,,,5,1,2019_Aug_08_1301,FaceNameBlocked,3.0.0,60.00874051,
2,FacesBlock1_v2.xlsx,Eric.mp4,Eric.JPG,Eric,0,Էրիգ,0,0,0,0,0,1,1,0,,,,,,,1,1,1.052008405,,,,,,,,,,,,5,1,2019_Aug_08_1301,FaceNameBlocked,3.0.0,60.00874051,
27,FacesBlock1_v2.xlsx,Eric.mp4,Eric.JPG,Eric,0,Էրիգ,0,0,0,0,,,,,0,11,11,0,,,,,,,,,None,,,,1,2.485005929,,,5,1,2019_Aug_08_1301,FaceNameBlocked,3.0.0,60.00874051,
13,FacesBlock1_v2.xlsx,Ethan.mp4,Ethan.JPG,Ethan,11,Էդհան,0,0,0,0,0,12,12,11,,,,,,,1,1,0.518643763,,,,,,,,,,,,5,1,2019_Aug_08_1301,FaceNameBlocked,3.0.0,60.00874051,
28,FacesBlock1_v2.xlsx,Ethan.mp4,Ethan.JPG,Ethan,11,Էդհան,0,0,0,0,,,,,0,12,12,11,,,,,,,,,None,,,,1,1.301872533,,,5,1,2019_Aug_08_1301,FaceNameBlocked,3.0.0,60.00874051,
99,FacesBlock4_v2.xlsx,Grace.mp4,Grace.JPG,Grace,58,Կրագէ,0,3,3,3,0,8,8,13,,,,,,,0,2,1.30296637,,,,,,,,,,,,5,1,2019_Aug_08_1301,FaceNameBlocked,3.0.0,60.00874051,
113,FacesBlock4_v2.xlsx,Grace.mp4,Grace.JPG,Grace,58,Կրագէ,0,3,3,3,,,,,0,7,7,13,,,,,,,,grace,"['g', 'r', 'a', 'c', 'e']","[1.8851750439998796, 2.0022747719999643, 2.16859322900018, 2.3502293460001056, 2.5024676299999555]",[1.88517,1.88517,4,0.934580393,,,5,1,2019_Aug_08_1301,FaceNameBlocked,3.0.0,60.00874051,
43,FacesBlock2_v2.xlsx,Haley.mp4,Haley.JPG,Haley,20,Հալէե,0,1,1,1,0,12,12,5,,,,,,,0,2,1.702121665,,,,,,,,,,,,5,1,2019_Aug_08_1301,FaceNameBlocked,3.0.0,60.00874051,
47,FacesBlock2_v2.xlsx,Haley.mp4,Haley.JPG,Haley,20,Հալէե,0,1,1,1,,,,,0,1,1,5,,,,,,,,rachael,"['r', 'a', 'c', 'h', 'a', 'e', 'l']","[4.301232475000006, 4.484502661000079, 5.00055480900005, 5.134287952000022, 5.7006707370001095, 5.817617966000171, 5.933965016000002]",[4.30123,4.30123,2,2.867602393,,,5,1,2019_Aug_08_1301,FaceNameBlocked,3.0.0,60.00874051,
9,FacesBlock1_v2.xlsx,Hannah.mp4,Hannah.JPG,Hannah,1,Հաննահ,0,0,0,0,0,8,8,1,,,,,,,0,2,0.752732076,,,,,,,,,,,,5,1,2019_Aug_08_1301,FaceNameBlocked,3.0.0,60.00874051,
21,FacesBlock1_v2.xlsx,Hannah.mp4,Hannah.JPG,Hannah,1,Հաննահ,0,0,0,0,,,,,0,5,5,1,,,,,,,,hannah,"['h', 'a', 'n', 'n', 'a', 'h']","[3.3510474560000603, 3.6348238410000704, 3.8510178349999933, 3.9842026359999636, 4.0846715750001295, 4.167837641999995]",[3.35104,3.35104,3,1.934267087,,,5,1,2019_Aug_08_1301,FaceNameBlocked,3.0.0,60.00874051,
40,FacesBlock2_v2.xlsx,Heather.mp4,Heather.JPG,Heather,26,Հէադհէր,0,1,1,1,0,9,9,11,,,,,,,1,2,1.052681377,,,,,,,,,,,,5,1,2019_Aug_08_1301,FaceNameBlocked,3.0.0,60.00874051,
55,FacesBlock2_v2.xlsx,Heather.mp4,Heather.JPG,Heather,26,Հէադհէր,0,1,1,1,,,,,0,9,9,11,,,,,,,,,None,,,,1,0.802330432,,,5,1,2019_Aug_08_1301,FaceNameBlocked,3.0.0,60.00874051,
87,FacesBlock3_v2.xlsx,Jacob.mp4,Jacob.JPG,Jacob,39,Ճագոբ,0,2,2,2,,,,,0,11,11,9,,,,,,,,,None,,,,1,1.002257437,,,5,1,2019_Aug_08_1301,FaceNameBlocked,3.0.0,60.00874051,
68,FacesBlock3_v2.xlsx,Jacob.mp4,Jacob.JPG,Jacob,39,Ճագոբ,0,2,2,2,0,7,7,9,,,,,,,0,1,1.052712154,,,,,,,,,,,,5,1,2019_Aug_08_1301,FaceNameBlocked,3.0.0,60.00874051,
120,FacesBlock4_v2.xlsx,Jason.mp4,Jason.JPG,Jason,49,Ճասոն,0,3,3,3,,,,,0,14,14,4,,,,,,,,,None,,,,1,1.418812504,,,5,1,2019_Aug_08_1301,FaceNameBlocked,3.0.0,60.00874051,
105,FacesBlock4_v2.xlsx,Jason.mp4,Jason.JPG,Jason,49,Ճասոն,0,3,3,3,0,14,14,4,,,,,,,1,1,2.419400281,,,,,,,,,,,,5,1,2019_Aug_08_1301,FaceNameBlocked,3.0.0,60.00874051,
3,FacesBlock1_v2.xlsx,Jenna.mp4,Jenna.JPG,Jenna,6,Ճէննա,0,0,0,0,0,2,2,6,,,,,,,1,2,1.602115244,,,,,,,,,,,,5,1,2019_Aug_08_1301,FaceNameBlocked,3.0.0,60.00874051,
30,FacesBlock1_v2.xlsx,Jenna.mp4,Jenna.JPG,Jenna,6,Ճէննա,0,0,0,0,,,,,0,14,14,6,,,,,,,,,"['g', 'e', 'o', 'r', 'backspace', 'backspace', 'backspace', 'backspace', 'backspace']","[4.716497828000001, 4.916497930999867, 5.116537211999912, 5.233002853000016, 5.682300836999957, 5.865968663999865, 6.032587449999937, 6.232515522999847, 6.415192881999928]",[4.71649,4.71649,1,0.768900378,,,5,1,2019_Aug_08_1301,FaceNameBlocked,3.0.0,60.00874051,
48,FacesBlock2_v2.xlsx,Jeremy.mp4,Jeremy.JPG,Jeremy,15,Ճէրէմե,0,1,1,1,,,,,0,2,2,0,,,,,,,,adam,"['a', 'd', 'a', 'm']","[6.133969922000006, 6.25057274400001, 6.400314453999954, 6.500338490000104]",[6.13396,6.13396,1,0.768635715,,,5,1,2019_Aug_08_1301,FaceNameBlocked,3.0.0,60.00874051,
34,FacesBlock2_v2.xlsx,Jeremy.mp4,Jeremy.JPG,Jeremy,15,Ճէրէմե,0,1,1,1,0,3,3,0,,,,,,,1,1,1.019813551,,,,,,,,,,,,5,1,2019_Aug_08_1301,FaceNameBlocked,3.0.0,60.00874051,
12,FacesBlock1_v2.xlsx,Jessica.mp4,Jessica.JPG,Jessica,8,Ճէսսիգա,0,0,0,0,0,11,11,8,,,,,,,0,2,0.203046,,,,,,,,,,,,5,1,2019_Aug_08_1301,FaceNameBlocked,3.0.0,60.00874051,
16,FacesBlock1_v2.xlsx,Jessica.mp4,Jessica.JPG,Jessica,8,Ճէսսիգա,0,0,0,0,,,,,0,0,0,8,,,,,,space,14.94743913,natalie,"['n', 'a', 't', 'a', 'l', 'i', 'e', 'return']","[5.583887054000115, 5.7164860760001375, 5.933375039000111, 6.149988399999984, 6.250253140000041, 6.383849835000092, 6.483822142999998, 7.882490608000126]",[5.58388,5.58388,1,1.584772354,,,5,1,2019_Aug_08_1301,FaceNameBlocked,3.0.0,60.00874051,
51,FacesBlock2_v2.xlsx,Josh.mp4,Josh.JPG,Josh,19,Ճոսհ,0,1,1,1,,,,,0,5,5,4,,,,,,,,,None,,,,1,1.101615486,,,5,1,2019_Aug_08_1301,FaceNameBlocked,3.0.0,60.00874051,
37,FacesBlock2_v2.xlsx,Josh.mp4,Josh.JPG,Josh,19,Ճոսհ,0,1,1,1,0,6,6,4,,,,,,,1,1,1.186591822,,,,,,,,,,,,5,1,2019_Aug_08_1301,FaceNameBlocked,3.0.0,60.00874051,
10,FacesBlock1_v2.xlsx,Julia.mp4,Julia.JPG,Julia,13,Ճըլիա,0,0,0,0,0,9,9,13,,,,,,,0,2,0.669684403,,,,,,,,,,,,5,1,2019_Aug_08_1301,FaceNameBlocked,3.0.0,60.00874051,
20,FacesBlock1_v2.xlsx,Julia.mp4,Julia.JPG,Julia,13,Ճըլիա,0,0,0,0,,,,,0,4,4,13,,,,,,,,,None,,,,1,0.951378436,,,5,1,2019_Aug_08_1301,FaceNameBlocked,3.0.0,60.00874051,
35,FacesBlock2_v2.xlsx,Justin.mp4,Justin.JPG,Justin,27,Ճըսդին,0,1,1,1,0,4,4,12,,,,,,,1,1,0.935852803,,,,,,,,,,,,5,1,2019_Aug_08_1301,FaceNameBlocked,3.0.0,60.00874051,
57,FacesBlock2_v2.xlsx,Justin.mp4,Justin.JPG,Justin,27,Ճըսդին,0,1,1,1,,,,,0,11,11,12,,,,,,,,,None,,,,1,0.951498336,,,5,1,2019_Aug_08_1301,FaceNameBlocked,3.0.0,60.00874051,
109,FacesBlock4_v2.xlsx,Katie.mp4,Katie.JPG,Katie,54,Քադիէ,0,3,3,3,,,,,0,3,3,9,,,,,,,,katie,"['k', 'a', 't', 'i', 'e']","[2.96894316099997, 3.118373532000078, 3.368394875999911, 3.516361673999654, 3.6340188159997524]",[2.96894,2.96894,4,0.318771584,,,5,1,2019_Aug_08_1301,FaceNameBlocked,3.0.0,60.00874051,
102,FacesBlock4_v2.xlsx,Katie.mp4,Katie.JPG,Katie,54,Քադիէ,0,3,3,3,0,11,11,9,,,,,,,0,2,3.302341708,,,,,,,,,,,,5,1,2019_Aug_08_1301,FaceNameBlocked,3.0.0,60.00874051,
67,FacesBlock3_v2.xlsx,Kayla.mp4,Kayla.JPG,Kayla,34,Սարահ,0,2,2,2,0,6,6,4,,,,,,,0,2,0.886087144,,,,,,,,,,,,5,1,2019_Aug_08_1301,FaceNameBlocked,3.0.0,60.00874051,
82,FacesBlock3_v2.xlsx,Kayla.mp4,Kayla.JPG,Kayla,34,Սարահ,0,2,2,2,,,,,0,6,6,4,,,,,,,,,None,,,,1,0.56880133,,,5,1,2019_Aug_08_1301,FaceNameBlocked,3.0.0,60.00874051,
25,FacesBlock1_v2.xlsx,Kelsey.mp4,Kelsey.JPG,Kelsey,12,Քէլսէե,0,0,0,0,,,,,0,9,9,12,,,,,,,,,None,,,,1,0.28584908,,,5,1,2019_Aug_08_1301,FaceNameBlocked,3.0.0,60.00874051,
7,FacesBlock1_v2.xlsx,Kelsey.mp4,Kelsey.JPG,Kelsey,12,Քէլսէե,0,0,0,0,0,6,6,12,,,,,,,0,2,1.402301074,,,,,,,,,,,,5,1,2019_Aug_08_1301,FaceNameBlocked,3.0.0,60.00874051,
64,FacesBlock3_v2.xlsx,Kevin.mp4,Kevin.JPG,Kevin,41,Քէւին,0,2,2,2,0,3,3,11,,,,,,,1,1,1.420087867,,,,,,,,,,,,5,1,2019_Aug_08_1301,FaceNameBlocked,3.0.0,60.00874051,
78,FacesBlock3_v2.xlsx,Kevin.mp4,Kevin.JPG,Kevin,41,Քէւին,0,2,2,2,,,,,0,2,2,11,,,,,,,,,None,,,,1,0.968426944,,,5,1,2019_Aug_08_1301,FaceNameBlocked,3.0.0,60.00874051,
17,FacesBlock1_v2.xlsx,Kyle.mp4,Kyle.JPG,Kyle,4,Քելէ,0,0,0,0,,,,,0,1,1,4,,,,,,,,,None,,,,1,1.385942784,,,5,1,2019_Aug_08_1301,FaceNameBlocked,3.0.0,60.00874051,
4,FacesBlock1_v2.xlsx,Kyle.mp4,Kyle.JPG,Kyle,4,Քելէ,0,0,0,0,0,3,3,4,,,,,,,0,1,1.419257932,,,,,,,,,,,,5,1,2019_Aug_08_1301,FaceNameBlocked,3.0.0,60.00874051,
71,FacesBlock3_v2.xlsx,Lauren.mp4,Lauren.JPG,Lauren,38,Լաըրէն,0,2,2,2,0,10,10,8,,,,,,,0,2,0.902678041,,,,,,,,,,,,5,1,2019_Aug_08_1301,FaceNameBlocked,3.0.0,60.00874051,
89,FacesBlock3_v2.xlsx,Lauren.mp4,Lauren.JPG,Lauren,38,Լաըրէն,0,2,2,2,,,,,0,13,13,8,,,,,,,,oliv,"['o', 'l', 'i', 'v']","[8.616985335000209, 9.649831001000166, 9.833160064999902, 9.916766666000058]",[8.61698,8.61698,1,2.485064403,,,5,1,2019_Aug_08_1301,FaceNameBlocked,3.0.0,60.00874051,
86,FacesBlock3_v2.xlsx,Mark.mp4,Mark.JPG,Mark,40,Մարք,0,2,2,2,,,,,0,10,10,10,,,,,,,,adam,"['a', 'd', 'a', 'm']","[6.182888395999726, 6.349463710999771, 6.533710058999986, 6.866323201999876]",[6.18288,6.18288,1,1.151430283,,,5,1,2019_Aug_08_1301,FaceNameBlocked,3.0.0,60.00874051,
65,FacesBlock3_v2.xlsx,Mark.mp4,Mark.JPG,Mark,40,Մարք,0,2,2,2,0,4,4,10,,,,,,,1,1,1.135893738,,,,,,,,,,,,5,1,2019_Aug_08_1301,FaceNameBlocked,3.0.0,60.00874051,
1,FacesBlock1_v2.xlsx,Matthew.mp4,Matthew.JPG,Matthew,9,Մադդհէվ,0,0,0,0,0,0,0,9,,,,,,,1,1,2.118963711,,,,,,,,,,,,5,1,2019_Aug_08_1301,FaceNameBlocked,3.0.0,60.00874051,
22,FacesBlock1_v2.xlsx,Matthew.mp4,Matthew.JPG,Matthew,9,Մադդհէվ,0,0,0,0,,,,,0,6,6,9,,,,,,,,thomas,"['t', 'h', 'o', 'm', 'a', 's']","[3.7840240470000026, 4.084001414999875, 4.267473850999977, 4.484315972999866, 4.61751470299987, 4.833994660999906]",[3.78402,3.78402,2,1.418819652,,,5,1,2019_Aug_08_1301,FaceNameBlocked,3.0.0,60.00874051,
32,FacesBlock2_v2.xlsx,Megan.mp4,Megan.JPG,Megan,25,Մէկան,0,1,1,1,0,1,1,10,,,,,,,0,2,1.085442182,,,,,,,,,,,,5,1,2019_Aug_08_1301,FaceNameBlocked,3.0.0,60.00874051,
59,FacesBlock2_v2.xlsx,Megan.mp4,Megan.JPG,Megan,25,Մէկան,0,1,1,1,,,,,0,13,13,10,,,,,,,,sarah,"['s', 'a', 'r', 'a', 'h']","[4.76818656699993, 4.9181551149999905, 5.08484579800006, 5.251330122999889, 5.334343712999953]",[4.76818,4.76818,1,0.818727323,,,5,1,2019_Aug_08_1301,FaceNameBlocked,3.0.0,60.00874051,
119,FacesBlock4_v2.xlsx,Michael.mp4,Michael.JPG,Michael,46,Միգհաէլ,0,3,3,3,,,,,0,13,13,1,,,,,,,,michael,"['m', 'i', 'c', 'h', 'a', 'e', 'l']","[2.184908688000178, 2.38532778400031, 2.6183980340001654, 2.8013319560000127, 2.951039820999995, 3.151644522999959, 3.3012501090001933]",[2.18490,2.18490,3,0.318013892,,,5,1,2019_Aug_08_1301,FaceNameBlocked,3.0.0,60.00874051,
100,FacesBlock4_v2.xlsx,Michael.mp4,Michael.JPG,Michael,46,Միգհաէլ,0,3,3,3,0,9,9,1,,,,,,,0,1,3.935304009,,,,,,,,,,,,5,1,2019_Aug_08_1301,FaceNameBlocked,3.0.0,60.00874051,
110,FacesBlock4_v2.xlsx,Michelle.mp4,Michelle.JPG,Michelle,52,Միգհէլլէ,0,3,3,3,,,,,0,4,4,7,,,,,,,,anna,"['a', 'n', 'n', 'a']","[8.766262222000023, 8.965766422000343, 9.116221858000245, 9.216095531000065]",[8.76626,8.76626,1,0.767745183,,,5,1,2019_Aug_08_1301,FaceNameBlocked,3.0.0,60.00874051,
97,FacesBlock4_v2.xlsx,Michelle.mp4,Michelle.JPG,Michelle,52,Միգհէլլէ,0,3,3,3,0,6,6,7,,,,,,,0,2,2.633204398,,,,,,,,,,,,5,1,2019_Aug_08_1301,FaceNameBlocked,3.0.0,60.00874051,
15,FacesBlock1_v2.xlsx,Natalie.mp4,Natalie.JPG,Natalie,7,Նադալիէ,0,0,0,0,0,14,14,7,,,,,,,1,2,0.453181243,,,,,,,,,,,,5,1,2019_Aug_08_1301,FaceNameBlocked,3.0.0,60.00874051,
18,FacesBlock1_v2.xlsx,Natalie.mp4,Natalie.JPG,Natalie,7,Նադալիէ,0,0,0,0,,,,,0,2,2,7,,,,,,,,,None,,,,1,0.250328582,,,5,1,2019_Aug_08_1301,FaceNameBlocked,3.0.0,60.00874051,
85,FacesBlock3_v2.xlsx,Nathan.mp4,Nathan.JPG,Nathan,37,Նադհան,0,2,2,2,,,,,0,9,9,7,,,,,,,,ryan,"['r', 'y', 'a', 'm', 'backspace', 'n']","[4.834226656999817, 5.051406289999704, 6.183975931999612, 6.316858457999842, 6.749906175999968, 7.515188513999874]",[4.83422,4.83422,2,1.085865664,,,5,1,2019_Aug_08_1301,FaceNameBlocked,3.0.0,60.00874051,
70,FacesBlock3_v2.xlsx,Nathan.mp4,Nathan.JPG,Nathan,37,Նադհան,0,2,2,2,0,9,9,7,,,,,,,1,1,0.883910719,,,,,,,,,,,,5,1,2019_Aug_08_1301,FaceNameBlocked,3.0.0,60.00874051,
88,FacesBlock3_v2.xlsx,Nicole.mp4,Nicole.JPG,Nicole,43,Նիգոլէ,0,2,2,2,,,,,0,12,12,13,,,,,,,,rachael,"['r', 'a', 'c', 'h', 'a', 'e', 'l']","[1.1356675239999277, 1.3854175239998767, 2.251952776000053, 2.5176187810002375, 2.784516893000273, 3.049737567000193, 3.218168164999952]",[1.13566,1.13566,3,1.985598454,,,5,1,2019_Aug_08_1301,FaceNameBlocked,3.0.0,60.00874051,
75,FacesBlock3_v2.xlsx,Nicole.mp4,Nicole.JPG,Nicole,43,Նիգոլէ,0,2,2,2,0,14,14,13,,,,,,,0,2,0.919042751,,,,,,,,,,,,5,1,2019_Aug_08_1301,FaceNameBlocked,3.0.0,60.00874051,
80,FacesBlock3_v2.xlsx,Noah.mp4,Noah.JPG,Noah,31,Նոահ,0,2,2,2,,,,,0,4,4,1,,,,,,,,,None,,,,1,0.319100194,,,5,1,2019_Aug_08_1301,FaceNameBlocked,3.0.0,60.00874051,
73,FacesBlock3_v2.xlsx,Noah.mp4,Noah.JPG,Noah,31,Նոահ,0,2,2,2,0,12,12,1,,,,,,,1,1,0.835768287,,,,,,,,,,,,5,1,2019_Aug_08_1301,FaceNameBlocked,3.0.0,60.00874051,
74,FacesBlock3_v2.xlsx,Olivia.mp4,Olivia.JPG,Olivia,35,Ոլիւիա,0,2,2,2,0,13,13,5,,,,,,,0,2,0.737020604,,,,,,,,,,,,5,1,2019_Aug_08_1301,FaceNameBlocked,3.0.0,60.00874051,
83,FacesBlock3_v2.xlsx,Olivia.mp4,Olivia.JPG,Olivia,35,Ոլիւիա,0,2,2,2,,,,,0,7,7,5,,,,,,,,hannah,"['h', 'a', 'n', 'n', 'a', 'h']","[4.634663587000432, 4.801637190000292, 5.001411155000369, 5.134573799999998, 5.250659568000174, 5.350950533000287]",[4.63466,4.63466,1,1.516857628,,,5,1,2019_Aug_08_1301,FaceNameBlocked,3.0.0,60.00874051,
60,FacesBlock2_v2.xlsx,Rachel.mp4,Rachel.JPG,Rachel,29,Րագհէլ,0,1,1,1,,,,,0,14,14,14,,,,,,,,,None,,,,1,0.96904304,,,5,1,2019_Aug_08_1301,FaceNameBlocked,3.0.0,60.00874051,
45,FacesBlock2_v2.xlsx,Rachel.mp4,Rachel.JPG,Rachel,29,Րագհէլ,0,1,1,1,0,14,14,14,,,,,,,1,2,2.069611639,,,,,,,,,,,,5,1,2019_Aug_08_1301,FaceNameBlocked,3.0.0,60.00874051,
90,FacesBlock3_v2.xlsx,Rebecca.mp4,Rebecca.JPG,Rebecca,32,Րէբէգգա,0,2,2,2,,,,,0,14,14,2,,,,,,,,,None,,,,1,1.034543116,,,5,1,2019_Aug_08_1301,FaceNameBlocked,3.0.0,60.00874051,
72,FacesBlock3_v2.xlsx,Rebecca.mp4,Rebecca.JPG,Rebecca,32,Րէբէգգա,0,2,2,2,0,11,11,2,,,,,,,1,2,0.75275962,,,,,,,,,,,,5,1,2019_Aug_08_1301,FaceNameBlocked,3.0.0,60.00874051,
79,FacesBlock3_v2.xlsx,Sarah.mp4,Sarah.JPG,Sarah,33,Սարահ,0,2,2,2,,,,,0,3,3,3,,,,,,,,rebecca,"['r', 'e', 'b', 'e', 'c', 'c', 'a']","[4.032885191999867, 4.234829378999848, 4.567817967999872, 4.68467726699987, 4.967687384000101, 5.117878710000014, 5.684350088999736]",[4.03288,4.03288,3,1.017886961,,,5,1,2019_Aug_08_1301,FaceNameBlocked,3.0.0,60.00874051,
69,FacesBlock3_v2.xlsx,Sarah.mp4,Sarah.JPG,Sarah,33,Սարահ,0,2,2,2,0,8,8,3,,,,,,,0,2,0.669406236,,,,,,,,,,,,5,1,2019_Aug_08_1301,FaceNameBlocked,3.0.0,60.00874051,
61,FacesBlock3_v2.xlsx,Shelby.mp4,Shelby.JPG,Shelby,36,Սհէլբե,0,2,2,2,0,0,0,6,,,,,,,1,2,1.918700611,,,,,,,,,,,,5,1,2019_Aug_08_1301,FaceNameBlocked,3.0.0,60.00874051,
77,FacesBlock3_v2.xlsx,Shelby.mp4,Shelby.JPG,Shelby,36,Սհէլբե,0,2,2,2,,,,,0,1,1,6,,,,,,,,olivia,"['o', 'l', 'i', 'v', 'i', 'a']","[2.2021068310000373, 2.3850612219998766, 2.601994594999951, 2.817838047999885, 2.933141550999835, 3.0848281419998784]",[2.20210,2.20210,2,0.751482065,,,5,1,2019_Aug_08_1301,FaceNameBlocked,3.0.0,60.00874051,
42,FacesBlock2_v2.xlsx,Steven.mp4,Steven.JPG,Steven,17,Սդէւէն,0,1,1,1,0,11,11,2,,,,,,,1,1,1.186683869,,,,,,,,,,,,5,1,2019_Aug_08_1301,FaceNameBlocked,3.0.0,60.00874051,
56,FacesBlock2_v2.xlsx,Steven.mp4,Steven.JPG,Steven,17,Սդէւէն,0,1,1,1,,,,,0,10,10,2,,,,,,,,,None,,,,1,1.002134754,,,5,1,2019_Aug_08_1301,FaceNameBlocked,3.0.0,60.00874051,
94,FacesBlock4_v2.xlsx,Taylor.mp4,Taylor.JPG,Taylor,45,Դաելոր,0,3,3,3,0,3,3,0,,,,,,,1,2,1.502474502,,,,,,,,,,,,5,1,2019_Aug_08_1301,FaceNameBlocked,3.0.0,60.00874051,
117,FacesBlock4_v2.xlsx,Taylor.mp4,Taylor.JPG,Taylor,45,Դաելոր,0,3,3,3,,,,,0,11,11,0,,,,,,,,,None,,,,1,0.452176049,,,5,1,2019_Aug_08_1301,FaceNameBlocked,3.0.0,60.00874051,
76,FacesBlock3_v2.xlsx,Thomas.mp4,Thomas.JPG,Thomas,44,Դհոմաս,0,2,2,2,,,,,0,0,0,14,,,,,,space,3.735009574,thomas,"['t', 'h', 'o', 'm', 'a', 's', 'return']","[3.5179143000000295, 3.6352113010000267, 3.8682305540000925, 4.085114599999997, 4.2677853010000035, 4.433982257000025, 5.5670601430001625]",[3.51791,3.51791,2,0.4029375,,,5,1,2019_Aug_08_1301,FaceNameBlocked,3.0.0,60.00874051,
62,FacesBlock3_v2.xlsx,Thomas.mp4,Thomas.JPG,Thomas,44,Դհոմաս,0,2,2,2,0,1,1,14,,,,,,,1,1,1.469340905,,,,,,,,,,,,5,1,2019_Aug_08_1301,FaceNameBlocked,3.0.0,60.00874051,
29,FacesBlock1_v2.xlsx,Timothy.mp4,Timothy.JPG,Timothy,10,Դիմոդհե,0,0,0,0,,,,,0,13,13,10,,,,,,,,,None,,,,1,0.502134639,,,5,1,2019_Aug_08_1301,FaceNameBlocked,3.0.0,60.00874051,
11,FacesBlock1_v2.xlsx,Timothy.mp4,Timothy.JPG,Timothy,10,Դիմոդհե,0,0,0,0,0,10,10,10,,,,,,,0,1,0.43644429,,,,,,,,,,,,5,1,2019_Aug_08_1301,FaceNameBlocked,3.0.0,60.00874051,
52,FacesBlock2_v2.xlsx,Trevor.mp4,Trevor.JPG,Trevor,21,Դրէւոր,0,1,1,1,,,,,0,6,6,6,,,,,,,,michael,"['m', 'i', 'c', 'h', 'a', 'e', 'l']","[4.650308329999916, 4.817807750999918, 4.98376637299998, 5.117091273999904, 5.217943718000015, 5.367801220999809, 5.467550903999836]",[4.65030,4.65030,1,1.01848218,,,5,1,2019_Aug_08_1301,FaceNameBlocked,3.0.0,60.00874051,
36,FacesBlock2_v2.xlsx,Trevor.mp4,Trevor.JPG,Trevor,21,Դրէւոր,0,1,1,1,0,5,5,6,,,,,,,0,1,1.052439852,,,,,,,,,,,,5,1,2019_Aug_08_1301,FaceNameBlocked,3.0.0,60.00874051,
33,FacesBlock2_v2.xlsx,Tyler.mp4,Tyler.JPG,Tyler,22,Դելէր,0,1,1,1,0,2,2,7,,,,,,,1,1,1.203011774,,,,,,,,,,,,5,1,2019_Aug_08_1301,FaceNameBlocked,3.0.0,60.00874051,
49,FacesBlock2_v2.xlsx,Tyler.mp4,Tyler.JPG,Tyler,22,Դելէր,0,1,1,1,,,,,0,3,3,7,,,,,,,,thomas,"['t', 'h', 'o', 'm', 'a', 's']","[4.351379405999978, 4.483781560000125, 4.633792207999932, 4.8825360289999935, 5.000681957000097, 5.183583413999941]",[4.35137,4.35137,2,0.83521465,,,5,1,2019_Aug_08_1301,FaceNameBlocked,3.0.0,60.00874051,
0,,,,,,,,,,,,,,,,,,,space,39.84044183,,,,,,,,,,,,,,,5,1,2019_Aug_08_1301,FaceNameBlocked,3.0.0,60.00874051,
121,,,,,,,,,,,,,,,,,,,,,,,,,,,,,,,,,space,8.166617053,5,1,2019_Aug_08_1301,FaceNameBlocked,3.0.0,60.00874051,