,condsFile,Video,Photo,Name,Row,Name2,blocks.thisRepN,blocks.thisTrialN,blocks.thisN,blocks.thisIndex,presentations.thisRepN,presentations.thisTrialN,presentations.thisN,presentations.thisIndex,testing.thisRepN,testing.thisTrialN,testing.thisN,testing.thisIndex,advance_1.keys,advance_1.rt,currentCond,judgementResp.keys,judgementResp.rt,advance_2.keys,advance_2.rt,inputText,key_resp_3.keys,key_resp_3.rt,,key_resp3_fin,rating_resp.keys,rating_resp.rt,end_key.keys,end_key.rt,participant,session,date,expName,psychopyVersion,frameRate,Unnamed: 38
49,FacesBlock2_v2.xlsx,Aaron.mp4,Aaron.JPG,Aaron,18,Աարոն,0,1,1,1,,,,,0,3,3,3,,,,,,,,,None,,,,1,1.33519079,,,6,1,2019_Aug_08_1523,FaceNameBlocked,3.0.0,60.04520311,
42,FacesBlock2_v2.xlsx,Aaron.mp4,Aaron.JPG,Aaron,18,Աարոն,0,1,1,1,0,11,11,3,,,,,,,0,1,1.452361717,,,,,,,,,,,,6,1,2019_Aug_08_1523,FaceNameBlocked,3.0.0,60.04520311,
21,FacesBlock1_v2.xlsx,Adam.mp4,Adam.JPG,Adam,5,Ատամ,0,0,0,0,,,,,0,5,5,5,,,,,,,,,"['1', 'backspace', 'return']","[4.184142827998585, 6.432788624999375, 9.015406778999022]",[4.18414,4.18414,1,1.467859513,,,6,1,2019_Aug_08_1523,FaceNameBlocked,3.0.0,60.04520311,
10,FacesBlock1_v2.xlsx,Adam.mp4,Adam.JPG,Adam,5,Ատամ,0,0,0,0,0,9,9,5,,,,,,,1,1,3.352479826,,,,,,,,,,,,6,1,2019_Aug_08_1523,FaceNameBlocked,3.0.0,60.04520311,
112,FacesBlock4_v2.xlsx,Alyssa.mp4,Alyssa.JPG,Alyssa,55,Ալեսսա,0,3,3,3,,,,,0,6,6,10,,,,,,,,,None,,,,1,0.918528769,,,6,1,2019_Aug_08_1523,FaceNameBlocked,3.0.0,60.04520311,
100,FacesBlock4_v2.xlsx,Alyssa.mp4,Alyssa.JPG,Alyssa,55,Ալեսսա,0,3,3,3,0,9,9,10,,,,,,,1,2,2.252784369,,,,,,,,,,,,6,1,2019_Aug_08_1523,FaceNameBlocked,3.0.0,60.04520311,
25,FacesBlock1_v2.xlsx,Amanda.mp4,Amanda.JPG,Amanda,2,Ամանտա,0,0,0,0,,,,,0,9,9,2,,,,,,,,,None,,,,2,1.035816046,,,6,1,2019_Aug_08_1523,FaceNameBlocked,3.0.0,60.04520311,
6,FacesBlock1_v2.xlsx,Amanda.mp4,Amanda.JPG,Amanda,2,Ամանտա,0,0,0,0,0,5,5,2,,,,,,,1,2,1.002878261,,,,,,,,,,,,6,1,2019_Aug_08_1523,FaceNameBlocked,3.0.0,60.04520311,
115,FacesBlock4_v2.xlsx,Andrew.mp4,Andrew.JPG,Andrew,51,Անտրէվ,0,3,3,3,,,,,0,9,9,6,,,,,,,,,None,,,,2,1.249934488,,,6,1,2019_Aug_08_1523,FaceNameBlocked,3.0.0,60.04520311,
104,FacesBlock4_v2.xlsx,Andrew.mp4,Andrew.JPG,Andrew,51,Անտրէվ,0,3,3,3,0,13,13,6,,,,,,,0,1,1.104119952,,,,,,,,,,,,6,1,2019_Aug_08_1523,FaceNameBlocked,3.0.0,60.04520311,
116,FacesBlock4_v2.xlsx,Anna.mp4,Anna.JPG,Anna,47,Աննա,0,3,3,3,,,,,0,10,10,2,,,,,,,,,None,,,,1,1.735155205,,,6,1,2019_Aug_08_1523,FaceNameBlocked,3.0.0,60.04520311,
91,FacesBlock4_v2.xlsx,Anna.mp4,Anna.JPG,Anna,47,Աննա,0,3,3,3,0,0,0,2,,,,,,,1,2,5.134812189,,,,,,,,,,,,6,1,2019_Aug_08_1523,FaceNameBlocked,3.0.0,60.04520311,
53,FacesBlock2_v2.xlsx,Ashley.mp4,Ashley.JPG,Ashley,24,Ասհլէե,0,1,1,1,,,,,0,7,7,9,,,,,,,,,None,,,,1,0.968855124,,,6,1,2019_Aug_08_1523,FaceNameBlocked,3.0.0,60.04520311,
34,FacesBlock2_v2.xlsx,Ashley.mp4,Ashley.JPG,Ashley,24,Ասհլէե,0,1,1,1,0,3,3,9,,,,,,,1,2,1.969018843,,,,,,,,,,,,6,1,2019_Aug_08_1523,FaceNameBlocked,3.0.0,60.04520311,
9,FacesBlock1_v2.xlsx,Bradley.mp4,Bradley.JPG,Bradley,14,Բրատլէե,0,0,0,0,0,8,8,14,,,,,,,0,2,0.686528838,,,,,,,,,,,,6,1,2019_Aug_08_1523,FaceNameBlocked,3.0.0,60.04520311,
20,FacesBlock1_v2.xlsx,Bradley.mp4,Bradley.JPG,Bradley,14,Բրատլէե,0,0,0,0,,,,,0,4,4,14,,,,,,,,,None,,,,2,3.633718965,,,6,1,2019_Aug_08_1523,FaceNameBlocked,3.0.0,60.04520311,
120,FacesBlock4_v2.xlsx,Brandon.mp4,Brandon.JPG,Brandon,56,Բրանտոն,0,3,3,3,,,,,0,14,14,11,,,,,,,,,None,,,,4,1.401181996,,,6,1,2019_Aug_08_1523,FaceNameBlocked,3.0.0,60.04520311,
96,FacesBlock4_v2.xlsx,Brandon.mp4,Brandon.JPG,Brandon,56,Բրանտոն,0,3,3,3,0,5,5,11,,,,,,,1,1,22.24655386,,,,,,,,,,,,6,1,2019_Aug_08_1523,FaceNameBlocked,3.0.0,60.04520311,
105,FacesBlock4_v2.xlsx,Brian.mp4,Brian.JPG,Brian,53,Բրիան,0,3,3,3,0,14,14,8,,,,,,,1,1,0.886881445,,,,,,,,,,,,6,1,2019_Aug_08_1523,FaceNameBlocked,3.0.0,60.04520311,
109,FacesBlock4_v2.xlsx,Brian.mp4,Brian.JPG,Brian,53,Բրիան,0,3,3,3,,,,,0,3,3,8,,,,,,,,,None,,,,4,2.051336034,,,6,1,2019_Aug_08_1523,FaceNameBlocked,3.0.0,60.04520311,
119,FacesBlock4_v2.xlsx,Brianna.mp4,Brianna.JPG,Brianna,48,Բրիաննա,0,3,3,3,,,,,0,13,13,3,,,,,,,,,None,,,,4,2.26794707,,,6,1,2019_Aug_08_1523,FaceNameBlocked,3.0.0,60.04520311,
92,FacesBlock4_v2.xlsx,Brianna.mp4,Brianna.JPG,Brianna,48,Բրիաննա,0,3,3,3,0,1,1,3,,,,,,,1,2,1.802470645,,,,,,,,,,,,6,1,2019_Aug_08_1523,FaceNameBlocked,3.0.0,60.04520311,
38,FacesBlock2_v2.xlsx,Brittany.mp4,Brittany.JPG,Brittany,28,Բրիդդանե,0,1,1,1,0,7,7,13,,,,,,,0,2,1.652661571,,,,,,,,,,,,6,1,2019_Aug_08_1523,FaceNameBlocked,3.0.0,60.04520311,
50,FacesBlock2_v2.xlsx,Brittany.mp4,Brittany.JPG,Brittany,28,Բրիդդանե,0,1,1,1,,,,,0,4,4,13,,,,,,,,recheal,"['r', 'e', 'c', 'h', 'e', 'a', 'l']","[6.300945490000231, 7.067087317998812, 7.48318564299916, 7.850280450000355, 8.116308044998732, 8.550030192000122, 8.783402552999178]",[6.30094,6.30094,1,6.433054911,,,6,1,2019_Aug_08_1523,FaceNameBlocked,3.0.0,60.04520311,
110,FacesBlock4_v2.xlsx,Caleb.mp4,Caleb.JPG,Caleb,59,Գալէբ,0,3,3,3,,,,,0,4,4,14,,,,,,,,mich,"['comma', 'm', 'i', 'c', 'h']","[7.251104602000851, 8.481625697999334, 8.782873444999495, 9.549926145000427, 9.783360387000357]",[7.25110,7.25110,1,2.78453219,,,6,1,2019_Aug_08_1523,FaceNameBlocked,3.0.0,60.04520311,
98,FacesBlock4_v2.xlsx,Caleb.mp4,Caleb.JPG,Caleb,59,Գալէբ,0,3,3,3,0,7,7,14,,,,,,,0,1,1.733401449,,,,,,,,,,,,6,1,2019_Aug_08_1523,FaceNameBlocked,3.0.0,60.04520311,
52,FacesBlock2_v2.xlsx,Cody.mp4,Cody.JPG,Cody,23,Գոտե,0,1,1,1,,,,,0,6,6,8,,,,,,,,,None,,,,1,1.418815485,,,6,1,2019_Aug_08_1523,FaceNameBlocked,3.0.0,60.04520311,
37,FacesBlock2_v2.xlsx,Cody.mp4,Cody.JPG,Cody,23,Գոտե,0,1,1,1,0,6,6,8,,,,,,,1,1,2.13578932,,,,,,,,,,,,6,1,2019_Aug_08_1523,FaceNameBlocked,3.0.0,60.04520311,
66,FacesBlock3_v2.xlsx,Courtney.mp4,Courtney.JPG,Courtney,42,Գոըրդնէե,0,2,2,2,0,5,5,12,,,,,,,1,2,2.002556611,,,,,,,,,,,,6,1,2019_Aug_08_1523,FaceNameBlocked,3.0.0,60.04520311,
85,FacesBlock3_v2.xlsx,Courtney.mp4,Courtney.JPG,Courtney,42,Գոըրդնէե,0,2,2,2,,,,,0,9,9,12,,,,,,,,,None,,,,1,1.335251664,,,6,1,2019_Aug_08_1523,FaceNameBlocked,3.0.0,60.04520311,
70,FacesBlock3_v2.xlsx,Daniel.mp4,Daniel.JPG,Daniel,30,Տանիէլ,0,2,2,2,0,9,9,0,,,,,,,1,1,4.717405541,,,,,,,,,,,,6,1,2019_Aug_08_1523,FaceNameBlocked,3.0.0,60.04520311,
90,FacesBlock3_v2.xlsx,Daniel.mp4,Daniel.JPG,Daniel,30,Տանիէլ,0,2,2,2,,,,,0,14,14,0,,,,,,,,,None,,,,1,1.518481843,,,6,1,2019_Aug_08_1523,FaceNameBlocked,3.0.0,60.04520311,
11,FacesBlock1_v2.xlsx,Danielle.mp4,Danielle.JPG,Danielle,3,Տանիէլլէ,0,0,0,0,0,10,10,3,,,,,,,0,2,0.91922339,,,,,,,,,,,,6,1,2019_Aug_08_1523,FaceNameBlocked,3.0.0,60.04520311,
26,FacesBlock1_v2.xlsx,Danielle.mp4,Danielle.JPG,Danielle,3,Տանիէլլէ,0,0,0,0,,,,,0,10,10,3,,,,,,,,,None,,,,1,0.585447452,,,6,1,2019_Aug_08_1523,FaceNameBlocked,3.0.0,60.04520311,
39,FacesBlock2_v2.xlsx,David.mp4,David.JPG,David,16,Տաւիտ,0,1,1,1,0,8,8,1,,,,,,,0,1,1.152268344,,,,,,,,,,,,6,1,2019_Aug_08_1523,FaceNameBlocked,3.0.0,60.04520311,
60,FacesBlock2_v2.xlsx,David.mp4,David.JPG,David,16,Տաւիտ,0,1,1,1,,,,,0,14,14,1,,,,,,,,david,"['capslock', 'd', 'a', 'v', 'i', 'd']","[2.433534931000395, 2.6017459520007833, 3.0851330919995235, 3.617761737999899, 3.817753237000943, 3.9847021570003562]",[2.43353,2.43353,4,1.468633586,,,6,1,2019_Aug_08_1523,FaceNameBlocked,3.0.0,60.04520311,
107,FacesBlock4_v2.xlsx,Dylan.mp4,Dylan.JPG,Dylan,50,Տելան,0,3,3,3,,,,,0,1,1,5,,,,,,,,,None,,,,4,1.617938955,,,6,1,2019_Aug_08_1523,FaceNameBlocked,3.0.0,60.04520311,
103,FacesBlock4_v2.xlsx,Dylan.mp4,Dylan.JPG,Dylan,50,Տելան,0,3,3,3,0,12,12,5,,,,,,,0,1,2.018655532,,,,,,,,,,,,6,1,2019_Aug_08_1523,FaceNameBlocked,3.0.0,60.04520311,
93,FacesBlock4_v2.xlsx,Emily.mp4,Emily.JPG,Emily,57,Էմիլե,0,3,3,3,0,2,2,12,,,,,,,0,2,6.234215591,,,,,,,,,,,,6,1,2019_Aug_08_1523,FaceNameBlocked,3.0.0,60.04520311,
108,FacesBlock4_v2.xlsx,Emily.mp4,Emily.JPG,Emily,57,Էմիլե,0,3,3,3,,,,,0,2,2,12,,,,,,,,,"['n', 'backspace']","[3.3014581959996576, 8.798873702999117]",[3.30145,3.30145,4,0.751545526,,,6,1,2019_Aug_08_1523,FaceNameBlocked,3.0.0,60.04520311,
5,FacesBlock1_v2.xlsx,Eric.mp4,Eric.JPG,Eric,0,Էրիգ,0,0,0,0,0,4,4,0,,,,,,,0,1,0.902625503,,,,,,,,,,,,6,1,2019_Aug_08_1523,FaceNameBlocked,3.0.0,60.04520311,
30,FacesBlock1_v2.xlsx,Eric.mp4,Eric.JPG,Eric,0,Էրիգ,0,0,0,0,,,,,0,14,14,0,,,,,,,,,None,,,,1,1.75104379,,,6,1,2019_Aug_08_1523,FaceNameBlocked,3.0.0,60.04520311,
22,FacesBlock1_v2.xlsx,Ethan.mp4,Ethan.JPG,Ethan,11,Էդհան,0,0,0,0,,,,,0,6,6,11,,,,,,,,,None,,,,1,2.301450438,,,6,1,2019_Aug_08_1523,FaceNameBlocked,3.0.0,60.04520311,
14,FacesBlock1_v2.xlsx,Ethan.mp4,Ethan.JPG,Ethan,11,Էդհան,0,0,0,0,0,13,13,11,,,,,,,1,1,0.43570279,,,,,,,,,,,,6,1,2019_Aug_08_1523,FaceNameBlocked,3.0.0,60.04520311,
95,FacesBlock4_v2.xlsx,Grace.mp4,Grace.JPG,Grace,58,Կրագէ,0,3,3,3,0,4,4,13,,,,,,,0,2,1.236809788,,,,,,,,,,,,6,1,2019_Aug_08_1523,FaceNameBlocked,3.0.0,60.04520311,
113,FacesBlock4_v2.xlsx,Grace.mp4,Grace.JPG,Grace,58,Կրագէ,0,3,3,3,,,,,0,7,7,13,,,,,,,,grace,"['g', 'r', 'a', 'c', 'e']","[2.7182325659996422, 3.035368443999687, 3.3519363819996215, 3.6184423590002552, 3.801680327998838]",[2.71823,2.71823,4,0.569017166,,,6,1,2019_Aug_08_1523,FaceNameBlocked,3.0.0,60.04520311,
47,FacesBlock2_v2.xlsx,Haley.mp4,Haley.JPG,Haley,20,Հալէե,0,1,1,1,,,,,0,1,1,5,,,,,,,,,None,,,,1,2.284995861,,,6,1,2019_Aug_08_1523,FaceNameBlocked,3.0.0,60.04520311,
43,FacesBlock2_v2.xlsx,Haley.mp4,Haley.JPG,Haley,20,Հալէե,0,1,1,1,0,12,12,5,,,,,,,0,2,1.269301812,,,,,,,,,,,,6,1,2019_Aug_08_1523,FaceNameBlocked,3.0.0,60.04520311,
15,FacesBlock1_v2.xlsx,Hannah.mp4,Hannah.JPG,Hannah,1,Հաննահ,0,0,0,0,0,14,14,1,,,,,,,1,2,0.852244094,,,,,,,,,,,,6,1,2019_Aug_08_1523,FaceNameBlocked,3.0.0,60.04520311,
18,FacesBlock1_v2.xlsx,Hannah.mp4,Hannah.JPG,Hannah,1,Հաննահ,0,0,0,0,,,,,0,2,2,1,,,,,,,,,None,,,,1,5.800434116,,,6,1,2019_Aug_08_1523,FaceNameBlocked,3.0.0,60.04520311,
31,FacesBlock2_v2.xlsx,Heather.mp4,Heather.JPG,Heather,26,Հէադհէր,0,1,1,1,0,0,0,11,,,,,,,0,2,3.201669162,,,,,,,,,,,,6,1,2019_Aug_08_1523,FaceNameBlocked,3.0.0,60.04520311,
54,FacesBlock2_v2.xlsx,Heather.mp4,Heather.JPG,Heather,26,Հէադհէր,0,1,1,1,,,,,0,8,8,11,,,,,,,,,None,,,,1,1.218061173,,,6,1,2019_Aug_08_1523,FaceNameBlocked,3.0.0,60.04520311,
72,FacesBlock3_v2.xlsx,Jacob.mp4,Jacob.JPG,Jacob,39,Ճագոբ,0,2,2,2,0,11,11,9,,,,,,,1,1,2.151557217,,,,,,,,,,,,6,1,2019_Aug_08_1523,FaceNameBlocked,3.0.0,60.04520311,
86,FacesBlock3_v2.xlsx,Jacob.mp4,Jacob.JPG,Jacob,39,Ճագոբ,0,2,2,2,,,,,0,10,10,9,,,,,,,,,None,,,,1,8.182612196,,,6,1,2019_Aug_08_1523,FaceNameBlocked,3.0.0,60.04520311,
111,FacesBlock4_v2.xlsx,Jason.mp4,Jason.JPG,Jason,49,Ճասոն,0,3,3,3,,,,,0,5,5,4,,,,,,,,,None,,,,4,2.534767239,,,6,1,2019_Aug_08_1523,FaceNameBlocked,3.0.0,60.04520311,
99,FacesBlock4_v2.xlsx,Jason.mp4,Jason.JPG,Jason,49,Ճասոն,0,3,3,3,0,8,8,4,,,,,,,1,1,2.435599415,,,,,,,,,,,,6,1,2019_Aug_08_1523,FaceNameBlocked,3.0.0,60.04520311,
13,FacesBlock1_v2.xlsx,Jenna.mp4,Jenna.JPG,Jenna,6,Ճէննա,0,0,0,0,0,12,12,6,,,,,,,1,2,0.76949827,,,,,,,,,,,,6,1,2019_Aug_08_1523,FaceNameBlocked,3.0.0,60.04520311,
23,FacesBlock1_v2.xlsx,Jenna.mp4,Jenna.JPG,Jenna,6,Ճէննա,0,0,0,0,,,,,0,7,7,6,,,,,,,,,None,,,,1,1.401078076,,,6,1,2019_Aug_08_1523,FaceNameBlocked,3.0.0,60.04520311,
32,FacesBlock2_v2.xlsx,Jeremy.mp4,Jeremy.JPG,Jeremy,15,Ճէրէմե,0,1,1,1,0,1,1,0,,,,,,,1,1,3.784895272,,,,,,,,,,,,6,1,2019_Aug_08_1523,FaceNameBlocked,3.0.0,60.04520311,
56,FacesBlock2_v2.xlsx,Jeremy.mp4,Jeremy.JPG,Jeremy,15,Ճէրէմե,0,1,1,1,,,,,0,10,10,0,,,,,,,,,None,,,,1,1.435415719,,,6,1,2019_Aug_08_1523,FaceNameBlocked,3.0.0,60.04520311,
2,FacesBlock1_v2.xlsx,Jessica.mp4,Jessica.JPG,Jessica,8,Ճէսսիգա,0,0,0,0,0,1,1,8,,,,,,,1,2,0.985908264,,,,,,,,,,,,6,1,2019_Aug_08_1523,FaceNameBlocked,3.0.0,60.04520311,
29,FacesBlock1_v2.xlsx,Jessica.mp4,Jessica.JPG,Jessica,8,Ճէսսիգա,0,0,0,0,,,,,0,13,13,8,,,,,,,,,None,,,,1,1.734932478,,,6,1,2019_Aug_08_1523,FaceNameBlocked,3.0.0,60.04520311,
48,FacesBlock2_v2.xlsx,Josh.mp4,Josh.JPG,Josh,19,Ճոսհ,0,1,1,1,,,,,0,2,2,4,,,,,,,,steven,"['s', 't', 'e', 'v', 'e', 'n']","[5.733450375999382, 5.950417121999635, 6.300224028998855, 6.916365621998921, 7.414738653000313, 7.716396701998747]",[5.73345,5.73345,1,1.001954246,,,6,1,2019_Aug_08_1523,FaceNameBlocked,3.0.0,60.04520311,
41,FacesBlock2_v2.xlsx,Josh.mp4,Josh.JPG,Josh,19,Ճոսհ,0,1,1,1,0,10,10,4,,,,,,,1,1,1.269304572,,,,,,,,,,,,6,1,2019_Aug_08_1523,FaceNameBlocked,3.0.0,60.04520311,
8,FacesBlock1_v2.xlsx,Julia.mp4,Julia.JPG,Julia,13,Ճըլիա,0,0,0,0,0,7,7,13,,,,,,,0,2,0.736552213,,,,,,,,,,,,6,1,2019_Aug_08_1523,FaceNameBlocked,3.0.0,60.04520311,
17,FacesBlock1_v2.xlsx,Julia.mp4,Julia.JPG,Julia,13,Ճըլիա,0,0,0,0,,,,,0,1,1,13,,,,,,,,k,"['k', 'a']","[9.332888703998833, 9.999693969999498]",[9.33288,9.33288,1,6.632872223,,,6,1,2019_Aug_08_1523,FaceNameBlocked,3.0.0,60.04520311,
58,FacesBlock2_v2.xlsx,Justin.mp4,Justin.JPG,Justin,27,Ճըսդին,0,1,1,1,,,,,0,12,12,12,,,,,,,,,None,,,,1,3.334035262,,,6,1,2019_Aug_08_1523,FaceNameBlocked,3.0.0,60.04520311,
40,FacesBlock2_v2.xlsx,Justin.mp4,Justin.JPG,Justin,27,Ճըսդին,0,1,1,1,0,9,9,12,,,,,,,1,1,1.835410917,,,,,,,,,,,,6,1,2019_Aug_08_1523,FaceNameBlocked,3.0.0,60.04520311,
106,FacesBlock4_v2.xlsx,Katie.mp4,Katie.JPG,Katie,54,Քադիէ,0,3,3,3,,,,,0,0,0,9,,,,,,space,10.14688563,kile,"['k', 'i', 'l', 'e']","[5.267240164999748, 5.600176156998714, 6.433367174999148, 6.682691766000062]",[5.26724,5.26724,1,0.985570999,,,6,1,2019_Aug_08_1523,FaceNameBlocked,3.0.0,60.04520311,
101,FacesBlock4_v2.xlsx,Katie.mp4,Katie.JPG,Katie,54,Քադիէ,0,3,3,3,0,10,10,9,,,,,,,0,2,1.287262062,,,,,,,,,,,,6,1,2019_Aug_08_1523,FaceNameBlocked,3.0.0,60.04520311,
67,FacesBlock3_v2.xlsx,Kayla.mp4,Kayla.JPG,Kayla,34,Սարահ,0,2,2,2,0,6,6,4,,,,,,,1,2,5.117955394,,,,,,,,,,,,6,1,2019_Aug_08_1523,FaceNameBlocked,3.0.0,60.04520311,
81,FacesBlock3_v2.xlsx,Kayla.mp4,Kayla.JPG,Kayla,34,Սարահ,0,2,2,2,,,,,0,5,5,4,,,,,,,,shabey,"['s', 'h', 'a', 'b', 'e', 'y']","[4.234223851999559, 4.434125166999365, 4.633765246000621, 4.817508317000829, 5.033824427000582, 5.284022936000838]",[4.23422,4.23422,1,1.118252799,,,6,1,2019_Aug_08_1523,FaceNameBlocked,3.0.0,60.04520311,
7,FacesBlock1_v2.xlsx,Kelsey.mp4,Kelsey.JPG,Kelsey,12,Քէլսէե,0,0,0,0,0,6,6,12,,,,,,,0,2,0.818866514,,,,,,,,,,,,6,1,2019_Aug_08_1523,FaceNameBlocked,3.0.0,60.04520311,
16,FacesBlock1_v2.xlsx,Kelsey.mp4,Kelsey.JPG,Kelsey,12,Քէլսէե,0,0,0,0,,,,,0,0,0,12,,,,,,space,29.49195616, ,"['space', 'return']","[7.917301419000069, 9.566131704999862]",[7.91730,7.91730,1,9.03319012,,,6,1,2019_Aug_08_1523,FaceNameBlocked,3.0.0,60.04520311,
69,FacesBlock3_v2.xlsx,Kevin.mp4,Kevin.JPG,Kevin,41,Քէւին,0,2,2,2,0,8,8,11,,,,,,,1,1,11.83273119,,,,,,,,,,,,6,1,2019_Aug_08_1523,FaceNameBlocked,3.0.0,60.04520311,
82,FacesBlock3_v2.xlsx,Kevin.mp4,Kevin.JPG,Kevin,41,Քէւին,0,2,2,2,,,,,0,6,6,11,,,,,,,,,None,,,,1,1.085122696,,,6,1,2019_Aug_08_1523,FaceNameBlocked,3.0.0,60.04520311,
12,FacesBlock1_v2.xlsx,Kyle.mp4,Kyle.JPG,Kyle,4,Քելէ,0,0,0,0,0,11,11,4,,,,,,,1,1,0.637086199,,,,,,,,,,,,6,1,2019_Aug_08_1523,FaceNameBlocked,3.0.0,60.04520311,
19,FacesBlock1_v2.xlsx,Kyle.mp4,Kyle.JPG,Kyle,4,Քելէ,0,0,0,0,,,,,0,3,3,4,,,,,,,,,None,,,,1,2.451547397,,,6,1,2019_Aug_08_1523,FaceNameBlocked,3.0.0,60.04520311,
84,FacesBlock3_v2.xlsx,Lauren.mp4,Lauren.JPG,Lauren,38,Լաըրէն,0,2,2,2,,,,,0,8,8,8,,,,,,,,laura,"['l', 'a', 'u', 'r', 'a']","[2.7491597379994346, 2.9845090069993603, 3.6670203320009023, 4.483558048999839, 4.683879448999505]",[2.74915,2.74915,2,0.952088221,,,6,1,2019_Aug_08_1523,FaceNameBlocked,3.0.0,60.04520311,
65,FacesBlock3_v2.xlsx,Lauren.mp4,Lauren.JPG,Lauren,38,Լաըրէն,0,2,2,2,0,4,4,8,,,,,,,0,2,15.84741866,,,,,,,,,,,,6,1,2019_Aug_08_1523,FaceNameBlocked,3.0.0,60.04520311,
78,FacesBlock3_v2.xlsx,Mark.mp4,Mark.JPG,Mark,40,Մարք,0,2,2,2,,,,,0,2,2,10,,,,,,,,mark,"['m', 'a', 'r', 'k']","[1.8522187569997186, 2.035311564000949, 2.518810489000316, 2.7017094929997256]",[1.85221,1.85221,2,1.201799129,,,6,1,2019_Aug_08_1523,FaceNameBlocked,3.0.0,60.04520311,
75,FacesBlock3_v2.xlsx,Mark.mp4,Mark.JPG,Mark,40,Մարք,0,2,2,2,0,14,14,10,,,,,,,1,1,1.60264515,,,,,,,,,,,,6,1,2019_Aug_08_1523,FaceNameBlocked,3.0.0,60.04520311,
4,FacesBlock1_v2.xlsx,Matthew.mp4,Matthew.JPG,Matthew,9,Մադդհէվ,0,0,0,0,0,3,3,9,,,,,,,0,1,0.685603507,,,,,,,,,,,,6,1,2019_Aug_08_1523,FaceNameBlocked,3.0.0,60.04520311,
27,FacesBlock1_v2.xlsx,Matthew.mp4,Matthew.JPG,Matthew,9,Մադդհէվ,0,0,0,0,,,,,0,11,11,9,,,,,,,,,None,,,,1,0.618571436,,,6,1,2019_Aug_08_1523,FaceNameBlocked,3.0.0,60.04520311,
55,FacesBlock2_v2.xlsx,Megan.mp4,Megan.JPG,Megan,25,Մէկան,0,1,1,1,,,,,0,9,9,10,,,,,,,,rache,"['r', 'a', 'c', 'h', 'e']","[5.534262311999555, 8.533506536999994, 9.083009617999778, 9.299773138998717, 9.566312628998276]",[5.53426,5.53426,1,2.684712302,,,6,1,2019_Aug_08_1523,FaceNameBlocked,3.0.0,60.04520311,
36,FacesBlock2_v2.xlsx,Megan.mp4,Megan.JPG,Megan,25,Մէկան,0,1,1,1,0,5,5,10,,,,,,,0,2,1.152530157,,,,,,,,,,,,6,1,2019_Aug_08_1523,FaceNameBlocked,3.0.0,60.04520311,
97,FacesBlock4_v2.xlsx,Michael.mp4,Michael.JPG,Michael,46,Միգհաէլ,0,3,3,3,0,6,6,1,,,,,,,0,1,4.201842413,,,,,,,,,,,,6,1,2019_Aug_08_1523,FaceNameBlocked,3.0.0,60.04520311,
117,FacesBlock4_v2.xlsx,Michael.mp4,Michael.JPG,Michael,46,Միգհաէլ,0,3,3,3,,,,,0,11,11,1,,,,,,,,,None,,,,4,1.701681751,,,6,1,2019_Aug_08_1523,FaceNameBlocked,3.0.0,60.04520311,
94,FacesBlock4_v2.xlsx,Michelle.mp4,Michelle.JPG,Michelle,52,Միգհէլլէ,0,3,3,3,0,3,3,7,,,,,,,1,2,2.202059689,,,,,,,,,,,,6,1,2019_Aug_08_1523,FaceNameBlocked,3.0.0,60.04520311,
118,FacesBlock4_v2.xlsx,Michelle.mp4,Michelle.JPG,Michelle,52,Միգհէլլէ,0,3,3,3,,,,,0,12,12,7,,,,,,,,,None,,,,1,1.085937887,,,6,1,2019_Aug_08_1523,FaceNameBlocked,3.0.0,60.04520311,
1,FacesBlock1_v2.xlsx,Natalie.mp4,Natalie.JPG,Natalie,7,Նադալիէ,0,0,0,0,0,0,0,7,,,,,,,0,2,7.366234175,,,,,,,,,,,,6,1,2019_Aug_08_1523,FaceNameBlocked,3.0.0,60.04520311,
28,FacesBlock1_v2.xlsx,Natalie.mp4,Natalie.JPG,Natalie,7,Նադալիէ,0,0,0,0,,,,,0,12,12,7,,,,,,,,,None,,,,1,1.301548757,,,6,1,2019_Aug_08_1523,FaceNameBlocked,3.0.0,60.04520311,
88,FacesBlock3_v2.xlsx,Nathan.mp4,Nathan.JPG,Nathan,37,Նադհան,0,2,2,2,,,,,0,12,12,7,,,,,,,,nanson,"['n', 'a', 'n', 's', 'a', 'n', 'backspace', 'backspace', 'o', 'm', 'backspace', 'n']","[2.2341908430007607, 2.3838709169995127, 2.50123546299983, 2.7508325050002895, 2.9845097310007986, 3.117612743000791, 3.999954445000185, 4.166306061000796, 4.949729171999934, 5.1166740839998965, 5.448909620999984, 5.866669670000192]",[2.23419,2.23419,4,0.817721949,,,6,1,2019_Aug_08_1523,FaceNameBlocked,3.0.0,60.04520311,
61,FacesBlock3_v2.xlsx,Nathan.mp4,Nathan.JPG,Nathan,37,Նադհան,0,2,2,2,0,0,0,7,,,,,,,0,1,6.050753144,,,,,,,,,,,,6,1,2019_Aug_08_1523,FaceNameBlocked,3.0.0,60.04520311,
79,FacesBlock3_v2.xlsx,Nicole.mp4,Nicole.JPG,Nicole,43,Նիգոլէ,0,2,2,2,,,,,0,3,3,13,,,,,,,,noel,"['n', 'o', 'e', 'l']","[1.7024952819992905, 2.635380534000433, 3.168412678000095, 3.801405207999778]",[1.70249,1.70249,1,1.151234352,,,6,1,2019_Aug_08_1523,FaceNameBlocked,3.0.0,60.04520311,
63,FacesBlock3_v2.xlsx,Nicole.mp4,Nicole.JPG,Nicole,43,Նիգոլէ,0,2,2,2,0,2,2,13,,,,,,,0,2,8.150166676,,,,,,,,,,,,6,1,2019_Aug_08_1523,FaceNameBlocked,3.0.0,60.04520311,
77,FacesBlock3_v2.xlsx,Noah.mp4,Noah.JPG,Noah,31,Նոահ,0,2,2,2,,,,,0,1,1,1,,,,,,,,,None,,,,1,0.718937348,,,6,1,2019_Aug_08_1523,FaceNameBlocked,3.0.0,60.04520311,
64,FacesBlock3_v2.xlsx,Noah.mp4,Noah.JPG,Noah,31,Նոահ,0,2,2,2,0,3,3,1,,,,,,,0,1,7.983644394,,,,,,,,,,,,6,1,2019_Aug_08_1523,FaceNameBlocked,3.0.0,60.04520311,
80,FacesBlock3_v2.xlsx,Olivia.mp4,Olivia.JPG,Olivia,35,Ոլիւիա,0,2,2,2,,,,,0,4,4,5,,,,,,,,olivia,"['o', 'l', 'i', 'v', 'a', 'backspace', 'i', 'a']","[1.501955771998837, 1.7178596909998305, 1.9351178019987856, 2.368548443999316, 2.6346944910001184, 3.4171299549998366, 3.8345632339987787, 3.93371102600031]",[1.50195,1.50195,4,0.868744372,,,6,1,2019_Aug_08_1523,FaceNameBlocked,3.0.0,60.04520311,
74,FacesBlock3_v2.xlsx,Olivia.mp4,Olivia.JPG,Olivia,35,Ոլիւիա,0,2,2,2,0,13,13,5,,,,,,,0,2,1.568282801,,,,,,,,,,,,6,1,2019_Aug_08_1523,FaceNameBlocked,3.0.0,60.04520311,
45,FacesBlock2_v2.xlsx,Rachel.mp4,Rachel.JPG,Rachel,29,Րագհէլ,0,1,1,1,0,14,14,14,,,,,,,0,2,1.052771576,,,,,,,,,,,,6,1,2019_Aug_08_1523,FaceNameBlocked,3.0.0,60.04520311,
46,FacesBlock2_v2.xlsx,Rachel.mp4,Rachel.JPG,Rachel,29,Րագհէլ,0,1,1,1,,,,,0,0,0,14,,,,,,space,25.49402326,raley,"['r', 'a', 'l', 'e', 'y']","[5.000153584000145, 5.282049126999482, 6.150177157000144, 7.166626524998719, 7.949682653999844]",[5.00015,5.00015,1,1.685996857,,,6,1,2019_Aug_08_1523,FaceNameBlocked,3.0.0,60.04520311,
76,FacesBlock3_v2.xlsx,Rebecca.mp4,Rebecca.JPG,Rebecca,32,Րէբէգգա,0,2,2,2,,,,,0,0,0,2,,,,,,space,6.264841,,None,,,,1,1.518495525,,,6,1,2019_Aug_08_1523,FaceNameBlocked,3.0.0,60.04520311,
68,FacesBlock3_v2.xlsx,Rebecca.mp4,Rebecca.JPG,Rebecca,32,Րէբէգգա,0,2,2,2,0,7,7,2,,,,,,,1,2,1.152485782,,,,,,,,,,,,6,1,2019_Aug_08_1523,FaceNameBlocked,3.0.0,60.04520311,
89,FacesBlock3_v2.xlsx,Sarah.mp4,Sarah.JPG,Sarah,33,Սարահ,0,2,2,2,,,,,0,13,13,3,,,,,,,,sarah,"['s', 'a', 'r', 'a', 'h']","[1.2849917910007207, 1.651222611000776, 1.9181354619995545, 2.1186666569992667, 3.250880056000824]",[1.28499,1.28499,4,0.75242801,,,6,1,2019_Aug_08_1523,FaceNameBlocked,3.0.0,60.04520311,
62,FacesBlock3_v2.xlsx,Sarah.mp4,Sarah.JPG,Sarah,33,Սարահ,0,2,2,2,0,1,1,3,,,,,,,0,2,2.985559233,,,,,,,,,,,,6,1,2019_Aug_08_1523,FaceNameBlocked,3.0.0,60.04520311,
71,FacesBlock3_v2.xlsx,Shelby.mp4,Shelby.JPG,Shelby,36,Սհէլբե,0,2,2,2,0,10,10,6,,,,,,,0,2,3.351845109,,,,,,,,,,,,6,1,2019_Aug_08_1523,FaceNameBlocked,3.0.0,60.04520311,
83,FacesBlock3_v2.xlsx,Shelby.mp4,Shelby.JPG,Shelby,36,Սհէլբե,0,2,2,2,,,,,0,7,7,6,,,,,,,,shalbey,"['s', 'h', 'a', 'l', 'b', 'y', 'backspace', 'e', 'y']","[2.2182891169995855, 2.435206322999875, 3.4680919169986737, 3.6678601969997544, 4.300990940999327, 4.53452391799874, 6.9153045379989635, 7.150144542998532, 7.416927065998607]",[2.21828,2.21828,1,0.951976409,,,6,1,2019_Aug_08_1523,FaceNameBlocked,3.0.0,60.04520311,
51,FacesBlock2_v2.xlsx,Steven.mp4,Steven.JPG,Steven,17,Սդէւէն,0,1,1,1,,,,,0,5,5,2,,,,,,,,steven,"['s', 't', 'e', 'v', 'e', 'n']","[4.150757621999219, 4.767838445999587, 5.084198909000406, 5.500464885999463, 5.800505183000496, 6.667296207999243]",[4.15075,4.15075,1,0.868075555,,,6,1,2019_Aug_08_1523,FaceNameBlocked,3.0.0,60.04520311,
44,FacesBlock2_v2.xlsx,Steven.mp4,Steven.JPG,Steven,17,Սդէւէն,0,1,1,1,0,13,13,2,,,,,,,1,1,1.535735177,,,,,,,,,,,,6,1,2019_Aug_08_1523,FaceNameBlocked,3.0.0,60.04520311,
114,FacesBlock4_v2.xlsx,Taylor.mp4,Taylor.JPG,Taylor,45,Դաելոր,0,3,3,3,,,,,0,8,8,0,,,,,,,,lisa,"['l', 'i', 's', 'a']","[5.18425251699955, 5.451343844999428, 5.867610555000283, 6.067743228000836]",[5.18425,5.18425,1,0.802533799,,,6,1,2019_Aug_08_1523,FaceNameBlocked,3.0.0,60.04520311,
102,FacesBlock4_v2.xlsx,Taylor.mp4,Taylor.JPG,Taylor,45,Դաելոր,0,3,3,3,0,11,11,0,,,,,,,0,2,1.020310659,,,,,,,,,,,,6,1,2019_Aug_08_1523,FaceNameBlocked,3.0.0,60.04520311,
73,FacesBlock3_v2.xlsx,Thomas.mp4,Thomas.JPG,Thomas,44,Դհոմաս,0,2,2,2,0,12,12,14,,,,,,,1,1,7.599995101,,,,,,,,,,,,6,1,2019_Aug_08_1523,FaceNameBlocked,3.0.0,60.04520311,
87,FacesBlock3_v2.xlsx,Thomas.mp4,Thomas.JPG,Thomas,44,Դհոմաս,0,2,2,2,,,,,0,11,11,14,,,,,,,,,None,,,,1,3.384045456,,,6,1,2019_Aug_08_1523,FaceNameBlocked,3.0.0,60.04520311,
24,FacesBlock1_v2.xlsx,Timothy.mp4,Timothy.JPG,Timothy,10,Դիմոդհե,0,0,0,0,,,,,0,8,8,10,,,,,,,,,None,,,,1,1.916221241,,,6,1,2019_Aug_08_1523,FaceNameBlocked,3.0.0,60.04520311,
3,FacesBlock1_v2.xlsx,Timothy.mp4,Timothy.JPG,Timothy,10,Դիմոդհե,0,0,0,0,0,2,2,10,,,,,,,1,1,0.868961304,,,,,,,,,,,,6,1,2019_Aug_08_1523,FaceNameBlocked,3.0.0,60.04520311,
59,FacesBlock2_v2.xlsx,Trevor.mp4,Trevor.JPG,Trevor,21,Դրէւոր,0,1,1,1,,,,,0,13,13,6,,,,,,,,,None,,,,1,1.651685872,,,6,1,2019_Aug_08_1523,FaceNameBlocked,3.0.0,60.04520311,
35,FacesBlock2_v2.xlsx,Trevor.mp4,Trevor.JPG,Trevor,21,Դրէւոր,0,1,1,1,0,4,4,6,,,,,,,1,1,1.235974982,,,,,,,,,,,,6,1,2019_Aug_08_1523,FaceNameBlocked,3.0.0,60.04520311,
57,FacesBlock2_v2.xlsx,Tyler.mp4,Tyler.JPG,Tyler,22,Դելէր,0,1,1,1,,,,,0,11,11,7,,,,,,,,,None,,,,1,1.351353448,,,6,1,2019_Aug_08_1523,FaceNameBlocked,3.0.0,60.04520311,
33,FacesBlock2_v2.xlsx,Tyler.mp4,Tyler.JPG,Tyler,22,Դելէր,0,1,1,1,0,2,2,7,,,,,,,0,1,1.435141267,,,,,,,,,,,,6,1,2019_Aug_08_1523,FaceNameBlocked,3.0.0,60.04520311,
0,,,,,,,,,,,,,,,,,,,space,39.99006183,,,,,,,,,,,,,,,6,1,2019_Aug_08_1523,FaceNameBlocked,3.0.0,60.04520311,
121,,,,,,,,,,,,,,,,,,,,,,,,,,,,,,,,,space,6.366305374,6,1,2019_Aug_08_1523,FaceNameBlocked,3.0.0,60.04520311,