,condsFile,Video,Photo,Name,Row,Name2,blocks.thisRepN,blocks.thisTrialN,blocks.thisN,blocks.thisIndex,presentations.thisRepN,presentations.thisTrialN,presentations.thisN,presentations.thisIndex,testing.thisRepN,testing.thisTrialN,testing.thisN,testing.thisIndex,advance_1.keys,advance_1.rt,currentCond,judgementResp.keys,judgementResp.rt,advance_2.keys,advance_2.rt,inputText,key_resp_3.keys,key_resp_3.rt,,key_resp3_fin,rating_resp.keys,rating_resp.rt,end_key.keys,end_key.rt,participant,session,date,expName,psychopyVersion,frameRate,Unnamed: 38
33,FacesBlock2_v2.xlsx,Aaron.mp4,Aaron.JPG,Aaron,18,Աարոն,0,1,1,1,0,2,2,3,,,,,,,0,1,0.486119326,,,,,,,,,,,,7,1,2019_Aug_08_1600,FaceNameBlocked,3.0.0,59.98480165,
58,FacesBlock2_v2.xlsx,Aaron.mp4,Aaron.JPG,Aaron,18,Աարոն,0,1,1,1,,,,,0,12,12,3,,,,,,,,,None,,,,1,1.401920381,,,7,1,2019_Aug_08_1600,FaceNameBlocked,3.0.0,59.98480165,
1,FacesBlock1_v2.xlsx,Adam.mp4,Adam.JPG,Adam,5,Ատամ,0,0,0,0,0,0,0,5,,,,,,,0,1,1.102389408,,,,,,,,,,,,7,1,2019_Aug_08_1600,FaceNameBlocked,3.0.0,59.98480165,
24,FacesBlock1_v2.xlsx,Adam.mp4,Adam.JPG,Adam,5,Ատամ,0,0,0,0,,,,,0,8,8,5,,,,,,,,,None,,,,1,0.55199864,,,7,1,2019_Aug_08_1600,FaceNameBlocked,3.0.0,59.98480165,
117,FacesBlock4_v2.xlsx,Alyssa.mp4,Alyssa.JPG,Alyssa,55,Ալեսսա,0,3,3,3,,,,,0,11,11,10,,,,,,,,rachel,"['r', 'a', 'c', 'h', 'e', 'l']","[3.084112268001263, 3.3673143590003747, 3.615103698000894, 3.9171751080011745, 4.167104529000426, 4.5338439060014935]",[3.08411,3.08411,1,1.2185293,,,7,1,2019_Aug_08_1600,FaceNameBlocked,3.0.0,59.98480165,
102,FacesBlock4_v2.xlsx,Alyssa.mp4,Alyssa.JPG,Alyssa,55,Ալեսսա,0,3,3,3,0,11,11,10,,,,,,,0,2,0.183883102,,,,,,,,,,,,7,1,2019_Aug_08_1600,FaceNameBlocked,3.0.0,59.98480165,
4,FacesBlock1_v2.xlsx,Amanda.mp4,Amanda.JPG,Amanda,2,Ամանտա,0,0,0,0,0,3,3,2,,,,,,,0,2,1.718033956,,,,,,,,,,,,7,1,2019_Aug_08_1600,FaceNameBlocked,3.0.0,59.98480165,
30,FacesBlock1_v2.xlsx,Amanda.mp4,Amanda.JPG,Amanda,2,Ամանտա,0,0,0,0,,,,,0,14,14,2,,,,,,,,,None,,,,1,1.485376274,,,7,1,2019_Aug_08_1600,FaceNameBlocked,3.0.0,59.98480165,
97,FacesBlock4_v2.xlsx,Andrew.mp4,Andrew.JPG,Andrew,51,Անտրէվ,0,3,3,3,0,6,6,6,,,,,,,0,1,0.28624406,,,,,,,,,,,,7,1,2019_Aug_08_1600,FaceNameBlocked,3.0.0,59.98480165,
108,FacesBlock4_v2.xlsx,Andrew.mp4,Andrew.JPG,Andrew,51,Անտրէվ,0,3,3,3,,,,,0,2,2,6,,,,,,,,david,"['d', 'a', 'v', 'i', 'd']","[2.6353037230001064, 2.7855085949995555, 3.0182481140000164, 3.20145437499923, 3.2846110699993005]",[2.63530,2.63530,1,0.452174998,,,7,1,2019_Aug_08_1600,FaceNameBlocked,3.0.0,59.98480165,
93,FacesBlock4_v2.xlsx,Anna.mp4,Anna.JPG,Anna,47,Աննա,0,3,3,3,0,2,2,2,,,,,,,0,2,0.383830013,,,,,,,,,,,,7,1,2019_Aug_08_1600,FaceNameBlocked,3.0.0,59.98480165,
109,FacesBlock4_v2.xlsx,Anna.mp4,Anna.JPG,Anna,47,Աննա,0,3,3,3,,,,,0,3,3,2,,,,,,,,silvia,"['s', 'i', 'l', 'v', 'i', 'a']","[7.816977189000681, 7.951249051999184, 8.1668923670004, 8.33279081100045, 8.48356115199931, 8.566921720999744]",[7.81697,7.81697,1,0.918995428,,,7,1,2019_Aug_08_1600,FaceNameBlocked,3.0.0,59.98480165,
39,FacesBlock2_v2.xlsx,Ashley.mp4,Ashley.JPG,Ashley,24,Ասհլէե,0,1,1,1,0,8,8,9,,,,,,,1,2,0.235730209,,,,,,,,,,,,7,1,2019_Aug_08_1600,FaceNameBlocked,3.0.0,59.98480165,
54,FacesBlock2_v2.xlsx,Ashley.mp4,Ashley.JPG,Ashley,24,Ասհլէե,0,1,1,1,,,,,0,8,8,9,,,,,,,,,None,,,,1,0.918512584,,,7,1,2019_Aug_08_1600,FaceNameBlocked,3.0.0,59.98480165,
8,FacesBlock1_v2.xlsx,Bradley.mp4,Bradley.JPG,Bradley,14,Բրատլէե,0,0,0,0,0,7,7,14,,,,,,,1,1,0.536067924,,,,,,,,,,,,7,1,2019_Aug_08_1600,FaceNameBlocked,3.0.0,59.98480165,
22,FacesBlock1_v2.xlsx,Bradley.mp4,Bradley.JPG,Bradley,14,Բրատլէե,0,0,0,0,,,,,0,6,6,14,,,,,,,,,None,,,,1,0.733715696,,,7,1,2019_Aug_08_1600,FaceNameBlocked,3.0.0,59.98480165,
91,FacesBlock4_v2.xlsx,Brandon.mp4,Brandon.JPG,Brandon,56,Բրանտոն,0,3,3,3,0,0,0,11,,,,,,,1,1,2.385235944,,,,,,,,,,,,7,1,2019_Aug_08_1600,FaceNameBlocked,3.0.0,59.98480165,
118,FacesBlock4_v2.xlsx,Brandon.mp4,Brandon.JPG,Brandon,56,Բրանտոն,0,3,3,3,,,,,0,12,12,11,,,,,,,,josh,"['j', 'o', 's', 'h']","[2.0188081950000196, 2.4328205100009654, 3.03548986900023, 3.451587985000515]",[2.01880,2.01880,1,0.302386973,,,7,1,2019_Aug_08_1600,FaceNameBlocked,3.0.0,59.98480165,
101,FacesBlock4_v2.xlsx,Brian.mp4,Brian.JPG,Brian,53,Բրիան,0,3,3,3,0,10,10,8,,,,,,,0,1,0.066859929,,,,,,,,,,,,7,1,2019_Aug_08_1600,FaceNameBlocked,3.0.0,59.98480165,
114,FacesBlock4_v2.xlsx,Brian.mp4,Brian.JPG,Brian,53,Բրիան,0,3,3,3,,,,,0,8,8,8,,,,,,,,nathan,"['n', 'a', 't', 'h', 'a', 'n']","[5.783982797000135, 5.95076435700139, 6.2673177030010265, 6.417206141000861, 6.550827885999752, 6.7171955940011685]",[5.78398,5.78398,1,1.268566142,,,7,1,2019_Aug_08_1600,FaceNameBlocked,3.0.0,59.98480165,
105,FacesBlock4_v2.xlsx,Brianna.mp4,Brianna.JPG,Brianna,48,Բրիաննա,0,3,3,3,0,14,14,3,,,,,,,1,2,0.102936075,,,,,,,,,,,,7,1,2019_Aug_08_1600,FaceNameBlocked,3.0.0,59.98480165,
106,FacesBlock4_v2.xlsx,Brianna.mp4,Brianna.JPG,Brianna,48,Բրիաննա,0,3,3,3,,,,,0,0,0,3,,,,,,space,1.701307617,briana,"['b', 'r', 'i', 'a', 'n', 'a']","[2.085142879999694, 2.3018312610001885, 2.451749744999688, 2.6183226439989085, 2.76789123799972, 2.8847122459992534]",[2.08514,2.08514,2,0.702426234,,,7,1,2019_Aug_08_1600,FaceNameBlocked,3.0.0,59.98480165,
35,FacesBlock2_v2.xlsx,Brittany.mp4,Brittany.JPG,Brittany,28,Բրիդդանե,0,1,1,1,0,4,4,13,,,,,,,1,2,0.502987125,,,,,,,,,,,,7,1,2019_Aug_08_1600,FaceNameBlocked,3.0.0,59.98480165,
57,FacesBlock2_v2.xlsx,Brittany.mp4,Brittany.JPG,Brittany,28,Բրիդդանե,0,1,1,1,,,,,0,11,11,13,,,,,,,,ashley,"['a', 's', 'h', 'l', 'e', 'y']","[6.100825821000399, 6.234084952000558, 6.699908335000146, 7.1170294170005945, 7.633490801001244, 7.866678493001018]",[6.10082,6.10082,1,0.402764003,,,7,1,2019_Aug_08_1600,FaceNameBlocked,3.0.0,59.98480165,
112,FacesBlock4_v2.xlsx,Caleb.mp4,Caleb.JPG,Caleb,59,Գալէբ,0,3,3,3,,,,,0,6,6,14,,,,,,,,brandon,"['b', 'r', 'a', 'n', 'd', 'o', 'n']","[3.6173339140004828, 3.850696372001039, 4.433956905999366, 4.700230745000226, 4.950619196000844, 5.333962316999532, 5.750505195999722]",[3.61733,3.61733,1,1.183295122,,,7,1,2019_Aug_08_1600,FaceNameBlocked,3.0.0,59.98480165,
104,FacesBlock4_v2.xlsx,Caleb.mp4,Caleb.JPG,Caleb,59,Գալէբ,0,3,3,3,0,13,13,14,,,,,,,0,1,0.069759356,,,,,,,,,,,,7,1,2019_Aug_08_1600,FaceNameBlocked,3.0.0,59.98480165,
42,FacesBlock2_v2.xlsx,Cody.mp4,Cody.JPG,Cody,23,Գոտե,0,1,1,1,0,11,11,8,,,,,,,0,1,0.28626308,,,,,,,,,,,,7,1,2019_Aug_08_1600,FaceNameBlocked,3.0.0,59.98480165,
55,FacesBlock2_v2.xlsx,Cody.mp4,Cody.JPG,Cody,23,Գոտե,0,1,1,1,,,,,0,9,9,8,,,,,,,,,None,,,,1,1.935211322,,,7,1,2019_Aug_08_1600,FaceNameBlocked,3.0.0,59.98480165,
87,FacesBlock3_v2.xlsx,Courtney.mp4,Courtney.JPG,Courtney,42,Գոըրդնէե,0,2,2,2,,,,,0,11,11,12,,,,,,,,shelby,"['s', 'h', 'e', 'l', 'b', 'y']","[1.9355036110009678, 2.28514468800131, 2.5680491930015705, 3.0184739180003817, 3.6845634130004328, 4.050667230001636]",[1.93550,1.93550,1,1.149722244,,,7,1,2019_Aug_08_1600,FaceNameBlocked,3.0.0,59.98480165,
71,FacesBlock3_v2.xlsx,Courtney.mp4,Courtney.JPG,Courtney,42,Գոըրդնէե,0,2,2,2,0,10,10,12,,,,,,,1,2,0.352664716,,,,,,,,,,,,7,1,2019_Aug_08_1600,FaceNameBlocked,3.0.0,59.98480165,
88,FacesBlock3_v2.xlsx,Daniel.mp4,Daniel.JPG,Daniel,30,Տանիէլ,0,2,2,2,,,,,0,12,12,0,,,,,,,,nathan,"['n', 'a', 't', 'h', 'n', 'backspace', 'a', 'n']","[1.3833017850010947, 1.9841604770008416, 2.4010363220004365, 2.601216689001376, 3.267818349000663, 4.3835714249999, 4.967209368000113, 5.250320447999911]",[1.38330,1.38330,1,0.335592794,,,7,1,2019_Aug_08_1600,FaceNameBlocked,3.0.0,59.98480165,
63,FacesBlock3_v2.xlsx,Daniel.mp4,Daniel.JPG,Daniel,30,Տանիէլ,0,2,2,2,0,2,2,0,,,,,,,1,1,0.350199136,,,,,,,,,,,,7,1,2019_Aug_08_1600,FaceNameBlocked,3.0.0,59.98480165,
12,FacesBlock1_v2.xlsx,Danielle.mp4,Danielle.JPG,Danielle,3,Տանիէլլէ,0,0,0,0,0,11,11,3,,,,,,,1,2,0.386511067,,,,,,,,,,,,7,1,2019_Aug_08_1600,FaceNameBlocked,3.0.0,59.98480165,
25,FacesBlock1_v2.xlsx,Danielle.mp4,Danielle.JPG,Danielle,3,Տանիէլլէ,0,0,0,0,,,,,0,9,9,3,,,,,,,,,None,,,,1,0.718608148,,,7,1,2019_Aug_08_1600,FaceNameBlocked,3.0.0,59.98480165,
48,FacesBlock2_v2.xlsx,David.mp4,David.JPG,David,16,Տաւիտ,0,1,1,1,,,,,0,2,2,1,,,,,,,,nate,"['n', 'a', 't', 'e']","[7.334209558001021, 7.983912538000368, 8.11685951400068, 8.233588050001345]",[7.33420,7.33420,1,1.534881615,,,7,1,2019_Aug_08_1600,FaceNameBlocked,3.0.0,59.98480165,
31,FacesBlock2_v2.xlsx,David.mp4,David.JPG,David,16,Տաւիտ,0,1,1,1,0,0,0,1,,,,,,,1,1,3.034857187,,,,,,,,,,,,7,1,2019_Aug_08_1600,FaceNameBlocked,3.0.0,59.98480165,
111,FacesBlock4_v2.xlsx,Dylan.mp4,Dylan.JPG,Dylan,50,Տելան,0,3,3,3,,,,,0,5,5,5,,,,,,,,,None,,,,1,0.234876841,,,7,1,2019_Aug_08_1600,FaceNameBlocked,3.0.0,59.98480165,
103,FacesBlock4_v2.xlsx,Dylan.mp4,Dylan.JPG,Dylan,50,Տելան,0,3,3,3,0,12,12,5,,,,,,,0,1,0.202954497,,,,,,,,,,,,7,1,2019_Aug_08_1600,FaceNameBlocked,3.0.0,59.98480165,
95,FacesBlock4_v2.xlsx,Emily.mp4,Emily.JPG,Emily,57,Էմիլե,0,3,3,3,0,4,4,12,,,,,,,0,2,0.536381954,,,,,,,,,,,,7,1,2019_Aug_08_1600,FaceNameBlocked,3.0.0,59.98480165,
120,FacesBlock4_v2.xlsx,Emily.mp4,Emily.JPG,Emily,57,Էմիլե,0,3,3,3,,,,,0,14,14,12,,,,,,,,,None,,,,1,1.351864447,,,7,1,2019_Aug_08_1600,FaceNameBlocked,3.0.0,59.98480165,
16,FacesBlock1_v2.xlsx,Eric.mp4,Eric.JPG,Eric,0,Էրիգ,0,0,0,0,,,,,0,0,0,0,,,,,,space,37.35640364,james,"['j', 'a', 'm', 'e', 's']","[7.25063932699959, 7.4172063099995285, 7.63366061600027, 7.833345697999903, 8.100454682000418]",[7.25063,7.25063,1,2.234602101,,,7,1,2019_Aug_08_1600,FaceNameBlocked,3.0.0,59.98480165,
10,FacesBlock1_v2.xlsx,Eric.mp4,Eric.JPG,Eric,0,Էրիգ,0,0,0,0,0,9,9,0,,,,,,,1,1,0.35055787,,,,,,,,,,,,7,1,2019_Aug_08_1600,FaceNameBlocked,3.0.0,59.98480165,
3,FacesBlock1_v2.xlsx,Ethan.mp4,Ethan.JPG,Ethan,11,Էդհան,0,0,0,0,0,2,2,11,,,,,,,1,1,0.052198779,,,,,,,,,,,,7,1,2019_Aug_08_1600,FaceNameBlocked,3.0.0,59.98480165,
28,FacesBlock1_v2.xlsx,Ethan.mp4,Ethan.JPG,Ethan,11,Էդհան,0,0,0,0,,,,,0,12,12,11,,,,,,,,,None,,,,1,1.369376971,,,7,1,2019_Aug_08_1600,FaceNameBlocked,3.0.0,59.98480165,
98,FacesBlock4_v2.xlsx,Grace.mp4,Grace.JPG,Grace,58,Կրագէ,0,3,3,3,0,7,7,13,,,,,,,1,2,0.486171658,,,,,,,,,,,,7,1,2019_Aug_08_1600,FaceNameBlocked,3.0.0,59.98480165,
113,FacesBlock4_v2.xlsx,Grace.mp4,Grace.JPG,Grace,58,Կրագէ,0,3,3,3,,,,,0,7,7,13,,,,,,,,,None,,,,1,1.30185845,,,7,1,2019_Aug_08_1600,FaceNameBlocked,3.0.0,59.98480165,
59,FacesBlock2_v2.xlsx,Haley.mp4,Haley.JPG,Haley,20,Հալէե,0,1,1,1,,,,,0,13,13,5,,,,,,,,,None,,,,1,1.168606485,,,7,1,2019_Aug_08_1600,FaceNameBlocked,3.0.0,59.98480165,
36,FacesBlock2_v2.xlsx,Haley.mp4,Haley.JPG,Haley,20,Հալէե,0,1,1,1,0,5,5,5,,,,,,,1,2,0.486154436,,,,,,,,,,,,7,1,2019_Aug_08_1600,FaceNameBlocked,3.0.0,59.98480165,
9,FacesBlock1_v2.xlsx,Hannah.mp4,Hannah.JPG,Hannah,1,Հաննահ,0,0,0,0,0,8,8,1,,,,,,,0,2,0.536423285,,,,,,,,,,,,7,1,2019_Aug_08_1600,FaceNameBlocked,3.0.0,59.98480165,
29,FacesBlock1_v2.xlsx,Hannah.mp4,Hannah.JPG,Hannah,1,Հաննահ,0,0,0,0,,,,,0,13,13,1,,,,,,,,amanda,"['a', 'm', 'a', 'n', 'd', 'a']","[1.2496664600002987, 1.4349570350004797, 1.6348683409996738, 1.8514631960006227, 2.050833197999964, 2.4344494470005884]",[1.24966,1.24966,2,0.701492913,,,7,1,2019_Aug_08_1600,FaceNameBlocked,3.0.0,59.98480165,
45,FacesBlock2_v2.xlsx,Heather.mp4,Heather.JPG,Heather,26,Հէադհէր,0,1,1,1,0,14,14,11,,,,,,,0,2,0.285528088,,,,,,,,,,,,7,1,2019_Aug_08_1600,FaceNameBlocked,3.0.0,59.98480165,
49,FacesBlock2_v2.xlsx,Heather.mp4,Heather.JPG,Heather,26,Հէադհէր,0,1,1,1,,,,,0,3,3,11,,,,,,,,,None,,,,1,1.084645034,,,7,1,2019_Aug_08_1600,FaceNameBlocked,3.0.0,59.98480165,
68,FacesBlock3_v2.xlsx,Jacob.mp4,Jacob.JPG,Jacob,39,Ճագոբ,0,2,2,2,0,7,7,9,,,,,,,0,1,0.586327586,,,,,,,,,,,,7,1,2019_Aug_08_1600,FaceNameBlocked,3.0.0,59.98480165,
86,FacesBlock3_v2.xlsx,Jacob.mp4,Jacob.JPG,Jacob,39,Ճագոբ,0,2,2,2,,,,,0,10,10,9,,,,,,,,,None,,,,1,1.201758668,,,7,1,2019_Aug_08_1600,FaceNameBlocked,3.0.0,59.98480165,
119,FacesBlock4_v2.xlsx,Jason.mp4,Jason.JPG,Jason,49,Ճասոն,0,3,3,3,,,,,0,13,13,4,,,,,,,,,None,,,,1,1.285222573,,,7,1,2019_Aug_08_1600,FaceNameBlocked,3.0.0,59.98480165,
99,FacesBlock4_v2.xlsx,Jason.mp4,Jason.JPG,Jason,49,Ճասոն,0,3,3,3,0,8,8,4,,,,,,,1,1,0.718672817,,,,,,,,,,,,7,1,2019_Aug_08_1600,FaceNameBlocked,3.0.0,59.98480165,
17,FacesBlock1_v2.xlsx,Jenna.mp4,Jenna.JPG,Jenna,6,Ճէննա,0,0,0,0,,,,,0,1,1,6,,,,,,,,natalie,"['n', 'a', 't', 'a', 'l', 'i', 'e']","[2.482748788999743, 2.8011883500003023, 3.0343362919993524, 3.2510802500000864, 3.6341004989990324, 4.282141231000423, 4.884155178000583]",[2.48274,2.48274,1,0.934644447,,,7,1,2019_Aug_08_1600,FaceNameBlocked,3.0.0,59.98480165,
7,FacesBlock1_v2.xlsx,Jenna.mp4,Jenna.JPG,Jenna,6,Ճէննա,0,0,0,0,0,6,6,6,,,,,,,1,2,0.369637414,,,,,,,,,,,,7,1,2019_Aug_08_1600,FaceNameBlocked,3.0.0,59.98480165,
56,FacesBlock2_v2.xlsx,Jeremy.mp4,Jeremy.JPG,Jeremy,15,Ճէրէմե,0,1,1,1,,,,,0,10,10,0,,,,,,,,,None,,,,1,0.485424069,,,7,1,2019_Aug_08_1600,FaceNameBlocked,3.0.0,59.98480165,
32,FacesBlock2_v2.xlsx,Jeremy.mp4,Jeremy.JPG,Jeremy,15,Ճէրէմե,0,1,1,1,0,1,1,0,,,,,,,0,1,0.502363166,,,,,,,,,,,,7,1,2019_Aug_08_1600,FaceNameBlocked,3.0.0,59.98480165,
14,FacesBlock1_v2.xlsx,Jessica.mp4,Jessica.JPG,Jessica,8,Ճէսսիգա,0,0,0,0,0,13,13,8,,,,,,,1,2,0.550621534,,,,,,,,,,,,7,1,2019_Aug_08_1600,FaceNameBlocked,3.0.0,59.98480165,
23,FacesBlock1_v2.xlsx,Jessica.mp4,Jessica.JPG,Jessica,8,Ճէսսիգա,0,0,0,0,,,,,0,7,7,8,,,,,,,,,None,,,,1,0.618504743,,,7,1,2019_Aug_08_1600,FaceNameBlocked,3.0.0,59.98480165,
46,FacesBlock2_v2.xlsx,Josh.mp4,Josh.JPG,Josh,19,Ճոսհ,0,1,1,1,,,,,0,0,0,4,,,,,,space,5.099823838,josh,"['j', 'o', 's', 'h']","[6.316619741000977, 6.532925067000178, 6.766873991000466, 6.88279355099985]",[6.31661,6.31661,1,1.101470455,,,7,1,2019_Aug_08_1600,FaceNameBlocked,3.0.0,59.98480165,
44,FacesBlock2_v2.xlsx,Josh.mp4,Josh.JPG,Josh,19,Ճոսհ,0,1,1,1,0,13,13,4,,,,,,,1,1,0.602037366,,,,,,,,,,,,7,1,2019_Aug_08_1600,FaceNameBlocked,3.0.0,59.98480165,
20,FacesBlock1_v2.xlsx,Julia.mp4,Julia.JPG,Julia,13,Ճըլիա,0,0,0,0,,,,,0,4,4,13,,,,,,,,,None,,,,1,1.535650586,,,7,1,2019_Aug_08_1600,FaceNameBlocked,3.0.0,59.98480165,
15,FacesBlock1_v2.xlsx,Julia.mp4,Julia.JPG,Julia,13,Ճըլիա,0,0,0,0,0,14,14,13,,,,,,,1,2,0.285648147,,,,,,,,,,,,7,1,2019_Aug_08_1600,FaceNameBlocked,3.0.0,59.98480165,
41,FacesBlock2_v2.xlsx,Justin.mp4,Justin.JPG,Justin,27,Ճըսդին,0,1,1,1,0,10,10,12,,,,,,,0,1,0.369081193,,,,,,,,,,,,7,1,2019_Aug_08_1600,FaceNameBlocked,3.0.0,59.98480165,
50,FacesBlock2_v2.xlsx,Justin.mp4,Justin.JPG,Justin,27,Ճըսդին,0,1,1,1,,,,,0,4,4,12,,,,,,,,david,"['d', 'a', 'v', 'i', 'd']","[3.401550644000963, 4.151417741999467, 4.9846879779997835, 5.150309954000477, 5.967356422999728]",[3.40155,3.40155,1,0.702251018,,,7,1,2019_Aug_08_1600,FaceNameBlocked,3.0.0,59.98480165,
110,FacesBlock4_v2.xlsx,Katie.mp4,Katie.JPG,Katie,54,Քադիէ,0,3,3,3,,,,,0,4,4,9,,,,,,,,,None,,,,1,0.968644484,,,7,1,2019_Aug_08_1600,FaceNameBlocked,3.0.0,59.98480165,
100,FacesBlock4_v2.xlsx,Katie.mp4,Katie.JPG,Katie,54,Քադիէ,0,3,3,3,0,9,9,9,,,,,,,1,2,0.452785434,,,,,,,,,,,,7,1,2019_Aug_08_1600,FaceNameBlocked,3.0.0,59.98480165,
61,FacesBlock3_v2.xlsx,Kayla.mp4,Kayla.JPG,Kayla,34,Սարահ,0,2,2,2,0,0,0,4,,,,,,,1,2,1.752670469,,,,,,,,,,,,7,1,2019_Aug_08_1600,FaceNameBlocked,3.0.0,59.98480165,
79,FacesBlock3_v2.xlsx,Kayla.mp4,Kayla.JPG,Kayla,34,Սարահ,0,2,2,2,,,,,0,3,3,4,,,,,,,,hailey,"['h', 'a', 'i', 'l', 'e', 'e', 'y', 'backspace', 'backspace', 'y']","[6.533434689999922, 6.683022801000334, 6.8496702249995, 7.100185751000026, 7.232994238000174, 7.397794894999606, 7.432772738000494, 8.449000558999614, 8.615547752000566, 9.465976293000494]",[6.53343,6.53343,1,0.818885451,,,7,1,2019_Aug_08_1600,FaceNameBlocked,3.0.0,59.98480165,
13,FacesBlock1_v2.xlsx,Kelsey.mp4,Kelsey.JPG,Kelsey,12,Քէլսէե,0,0,0,0,0,12,12,12,,,,,,,0,2,0.486304431,,,,,,,,,,,,7,1,2019_Aug_08_1600,FaceNameBlocked,3.0.0,59.98480165,
18,FacesBlock1_v2.xlsx,Kelsey.mp4,Kelsey.JPG,Kelsey,12,Քէլսէե,0,0,0,0,,,,,0,2,2,12,,,,,,,,,None,,,,1,26.02509293,,,7,1,2019_Aug_08_1600,FaceNameBlocked,3.0.0,59.98480165,
80,FacesBlock3_v2.xlsx,Kevin.mp4,Kevin.JPG,Kevin,41,Քէւին,0,2,2,2,,,,,0,4,4,11,,,,,,,,,None,,,,1,0.851423285,,,7,1,2019_Aug_08_1600,FaceNameBlocked,3.0.0,59.98480165,
65,FacesBlock3_v2.xlsx,Kevin.mp4,Kevin.JPG,Kevin,41,Քէւին,0,2,2,2,0,4,4,11,,,,,,,1,1,0.902663579,,,,,,,,,,,,7,1,2019_Aug_08_1600,FaceNameBlocked,3.0.0,59.98480165,
11,FacesBlock1_v2.xlsx,Kyle.mp4,Kyle.JPG,Kyle,4,Քելէ,0,0,0,0,0,10,10,4,,,,,,,0,1,0.186101556,,,,,,,,,,,,7,1,2019_Aug_08_1600,FaceNameBlocked,3.0.0,59.98480165,
21,FacesBlock1_v2.xlsx,Kyle.mp4,Kyle.JPG,Kyle,4,Քելէ,0,0,0,0,,,,,0,5,5,4,,,,,,,,,None,,,,1,0.951357187,,,7,1,2019_Aug_08_1600,FaceNameBlocked,3.0.0,59.98480165,
76,FacesBlock3_v2.xlsx,Lauren.mp4,Lauren.JPG,Lauren,38,Լաըրէն,0,2,2,2,,,,,0,0,0,8,,,,,,space,1.984503745,,None,,,,1,0.902686508,,,7,1,2019_Aug_08_1600,FaceNameBlocked,3.0.0,59.98480165,
62,FacesBlock3_v2.xlsx,Lauren.mp4,Lauren.JPG,Lauren,38,Լաըրէն,0,2,2,2,0,1,1,8,,,,,,,1,2,0.902680177,,,,,,,,,,,,7,1,2019_Aug_08_1600,FaceNameBlocked,3.0.0,59.98480165,
67,FacesBlock3_v2.xlsx,Mark.mp4,Mark.JPG,Mark,40,Մարք,0,2,2,2,0,6,6,10,,,,,,,0,1,5.284268125,,,,,,,,,,,,7,1,2019_Aug_08_1600,FaceNameBlocked,3.0.0,59.98480165,
90,FacesBlock3_v2.xlsx,Mark.mp4,Mark.JPG,Mark,40,Մարք,0,2,2,2,,,,,0,14,14,10,,,,,,,,,None,,,,1,1.301811357,,,7,1,2019_Aug_08_1600,FaceNameBlocked,3.0.0,59.98480165,
19,FacesBlock1_v2.xlsx,Matthew.mp4,Matthew.JPG,Matthew,9,Մադդհէվ,0,0,0,0,,,,,0,3,3,9,,,,,,,,josh,"['j', 'o', 's', 'h']","[3.9343129799999588, 4.182813758998236, 4.967418488999101, 5.151245068998833]",[3.93431,3.93431,1,1.068815347,,,7,1,2019_Aug_08_1600,FaceNameBlocked,3.0.0,59.98480165,
6,FacesBlock1_v2.xlsx,Matthew.mp4,Matthew.JPG,Matthew,9,Մադդհէվ,0,0,0,0,0,5,5,9,,,,,,,0,1,0.518619064,,,,,,,,,,,,7,1,2019_Aug_08_1600,FaceNameBlocked,3.0.0,59.98480165,
53,FacesBlock2_v2.xlsx,Megan.mp4,Megan.JPG,Megan,25,Մէկան,0,1,1,1,,,,,0,7,7,10,,,,,,,,hailey,"['h', 'a', 'i', 'l', 'e', 'y']","[2.91842559700126, 3.0680040980005288, 3.2511953820012423, 3.484476302000985, 4.217295917000229, 4.350975508001284]",[2.91842,2.91842,1,0.335472076,,,7,1,2019_Aug_08_1600,FaceNameBlocked,3.0.0,59.98480165,
37,FacesBlock2_v2.xlsx,Megan.mp4,Megan.JPG,Megan,25,Մէկան,0,1,1,1,0,6,6,10,,,,,,,0,2,0.469049996,,,,,,,,,,,,7,1,2019_Aug_08_1600,FaceNameBlocked,3.0.0,59.98480165,
96,FacesBlock4_v2.xlsx,Michael.mp4,Michael.JPG,Michael,46,Միգհաէլ,0,3,3,3,0,5,5,1,,,,,,,1,1,0.636322268,,,,,,,,,,,,7,1,2019_Aug_08_1600,FaceNameBlocked,3.0.0,59.98480165,
115,FacesBlock4_v2.xlsx,Michael.mp4,Michael.JPG,Michael,46,Միգհաէլ,0,3,3,3,,,,,0,9,9,1,,,,,,,,,None,,,,1,1.535404813,,,7,1,2019_Aug_08_1600,FaceNameBlocked,3.0.0,59.98480165,
116,FacesBlock4_v2.xlsx,Michelle.mp4,Michelle.JPG,Michelle,52,Միգհէլլէ,0,3,3,3,,,,,0,10,10,7,,,,,,,,laura,"['l', 'a', 'u', 'r', 'a']","[2.9354220850000274, 3.3688683260006655, 3.7014521430010063, 3.9850697689998924, 4.367566964001526]",[2.93542,2.93542,1,1.318044213,,,7,1,2019_Aug_08_1600,FaceNameBlocked,3.0.0,59.98480165,
92,FacesBlock4_v2.xlsx,Michelle.mp4,Michelle.JPG,Michelle,52,Միգհէլլէ,0,3,3,3,0,1,1,7,,,,,,,1,2,0.619387249,,,,,,,,,,,,7,1,2019_Aug_08_1600,FaceNameBlocked,3.0.0,59.98480165,
27,FacesBlock1_v2.xlsx,Natalie.mp4,Natalie.JPG,Natalie,7,Նադալիէ,0,0,0,0,,,,,0,11,11,7,,,,,,,,,None,,,,1,0.400531436,,,7,1,2019_Aug_08_1600,FaceNameBlocked,3.0.0,59.98480165,
5,FacesBlock1_v2.xlsx,Natalie.mp4,Natalie.JPG,Natalie,7,Նադալիէ,0,0,0,0,0,4,4,7,,,,,,,0,2,0.470485998,,,,,,,,,,,,7,1,2019_Aug_08_1600,FaceNameBlocked,3.0.0,59.98480165,
77,FacesBlock3_v2.xlsx,Nathan.mp4,Nathan.JPG,Nathan,37,Նադհան,0,2,2,2,,,,,0,1,1,7,,,,,,,,thomas,"['t', 'h', 'o', 'm', 'a', 's']","[7.766785902000265, 8.016822229999889, 8.149404259998846, 8.34960299100021, 8.547890456999085, 8.616553613999713]",[7.76678,7.76678,2,0.966992594,,,7,1,2019_Aug_08_1600,FaceNameBlocked,3.0.0,59.98480165,
64,FacesBlock3_v2.xlsx,Nathan.mp4,Nathan.JPG,Nathan,37,Նադհան,0,2,2,2,0,3,3,7,,,,,,,0,1,0.569312697,,,,,,,,,,,,7,1,2019_Aug_08_1600,FaceNameBlocked,3.0.0,59.98480165,
70,FacesBlock3_v2.xlsx,Nicole.mp4,Nicole.JPG,Nicole,43,Նիգոլէ,0,2,2,2,0,9,9,13,,,,,,,1,2,0.25333956,,,,,,,,,,,,7,1,2019_Aug_08_1600,FaceNameBlocked,3.0.0,59.98480165,
78,FacesBlock3_v2.xlsx,Nicole.mp4,Nicole.JPG,Nicole,43,Նիգոլէ,0,2,2,2,,,,,0,2,2,13,,,,,,,,nicole,"['n', 'i', 'c', 'o', 'l', 'e']","[3.4176860520001355, 3.8676494669998647, 4.45029136499943, 4.617141083999741, 4.80033413899946, 4.917153836999205]",[3.41768,3.41768,1,0.402992425,,,7,1,2019_Aug_08_1600,FaceNameBlocked,3.0.0,59.98480165,
73,FacesBlock3_v2.xlsx,Noah.mp4,Noah.JPG,Noah,31,Նոահ,0,2,2,2,0,12,12,1,,,,,,,0,1,0.169092206,,,,,,,,,,,,7,1,2019_Aug_08_1600,FaceNameBlocked,3.0.0,59.98480165,
85,FacesBlock3_v2.xlsx,Noah.mp4,Noah.JPG,Noah,31,Նոահ,0,2,2,2,,,,,0,9,9,1,,,,,,,,,None,,,,1,1.20127538,,,7,1,2019_Aug_08_1600,FaceNameBlocked,3.0.0,59.98480165,
72,FacesBlock3_v2.xlsx,Olivia.mp4,Olivia.JPG,Olivia,35,Ոլիւիա,0,2,2,2,0,11,11,5,,,,,,,0,2,0.652026641,,,,,,,,,,,,7,1,2019_Aug_08_1600,FaceNameBlocked,3.0.0,59.98480165,
83,FacesBlock3_v2.xlsx,Olivia.mp4,Olivia.JPG,Olivia,35,Ոլիւիա,0,2,2,2,,,,,0,7,7,5,,,,,,,,olivia,"['o', 'l', 'i', 'v', 'i', 'a']","[2.8340975560004154, 3.0511003020001226, 3.284262076000232, 3.4843110450001404, 3.634242988000551, 3.8341371130009065]",[2.83409,2.83409,2,1.81585199,,,7,1,2019_Aug_08_1600,FaceNameBlocked,3.0.0,59.98480165,
52,FacesBlock2_v2.xlsx,Rachel.mp4,Rachel.JPG,Rachel,29,Րագհէլ,0,1,1,1,,,,,0,6,6,14,,,,,,,,aman,"['a', 'm', 'a', 'n']","[9.132373574000667, 9.299639034999927, 9.46524068600047, 9.965719703999639]",[9.13237,9.13237,1,1.585032628,,,7,1,2019_Aug_08_1600,FaceNameBlocked,3.0.0,59.98480165,
40,FacesBlock2_v2.xlsx,Rachel.mp4,Rachel.JPG,Rachel,29,Րագհէլ,0,1,1,1,0,9,9,14,,,,,,,0,2,0.336437405,,,,,,,,,,,,7,1,2019_Aug_08_1600,FaceNameBlocked,3.0.0,59.98480165,
81,FacesBlock3_v2.xlsx,Rebecca.mp4,Rebecca.JPG,Rebecca,32,Րէբէգգա,0,2,2,2,,,,,0,5,5,2,,,,,,,,olivia,"['o', 'l', 'i', 'v', 'i', 'a']","[1.118789399999514, 1.3015989079995052, 1.535629877998872, 2.0354260579988477, 2.1850772540001344, 2.285615932998553]",[1.11878,1.11878,1,1.318788841,,,7,1,2019_Aug_08_1600,FaceNameBlocked,3.0.0,59.98480165,
66,FacesBlock3_v2.xlsx,Rebecca.mp4,Rebecca.JPG,Rebecca,32,Րէբէգգա,0,2,2,2,0,5,5,2,,,,,,,1,2,0.70285921,,,,,,,,,,,,7,1,2019_Aug_08_1600,FaceNameBlocked,3.0.0,59.98480165,
69,FacesBlock3_v2.xlsx,Sarah.mp4,Sarah.JPG,Sarah,33,Սարահ,0,2,2,2,0,8,8,3,,,,,,,0,2,0.202454589,,,,,,,,,,,,7,1,2019_Aug_08_1600,FaceNameBlocked,3.0.0,59.98480165,
82,FacesBlock3_v2.xlsx,Sarah.mp4,Sarah.JPG,Sarah,33,Սարահ,0,2,2,2,,,,,0,6,6,3,,,,,,,,silvia,"['s', 'i', 'l', 'v', 'i', 'a']","[7.766215410001678, 7.982782813000085, 8.166047608001463, 8.566027454000505, 8.715365840000231, 8.815808000001198]",[7.76621,7.76621,1,0.935525141,,,7,1,2019_Aug_08_1600,FaceNameBlocked,3.0.0,59.98480165,
84,FacesBlock3_v2.xlsx,Shelby.mp4,Shelby.JPG,Shelby,36,Սհէլբե,0,2,2,2,,,,,0,8,8,6,,,,,,,,,None,,,,1,1.568229145,,,7,1,2019_Aug_08_1600,FaceNameBlocked,3.0.0,59.98480165,
74,FacesBlock3_v2.xlsx,Shelby.mp4,Shelby.JPG,Shelby,36,Սհէլբե,0,2,2,2,0,13,13,6,,,,,,,1,2,0.118937601,,,,,,,,,,,,7,1,2019_Aug_08_1600,FaceNameBlocked,3.0.0,59.98480165,
34,FacesBlock2_v2.xlsx,Steven.mp4,Steven.JPG,Steven,17,Սդէւէն,0,1,1,1,0,3,3,2,,,,,,,1,1,0.552347588,,,,,,,,,,,,7,1,2019_Aug_08_1600,FaceNameBlocked,3.0.0,59.98480165,
60,FacesBlock2_v2.xlsx,Steven.mp4,Steven.JPG,Steven,17,Սդէւէն,0,1,1,1,,,,,0,14,14,2,,,,,,,,,None,,,,1,0.685479607,,,7,1,2019_Aug_08_1600,FaceNameBlocked,3.0.0,59.98480165,
107,FacesBlock4_v2.xlsx,Taylor.mp4,Taylor.JPG,Taylor,45,Դաելոր,0,3,3,3,,,,,0,1,1,0,,,,,,,,ana,"['a', 'n', 'a']","[1.6514890970011038, 1.7686583310005517, 1.8688298220004071]",[1.65148,1.65148,1,0.416630906,,,7,1,2019_Aug_08_1600,FaceNameBlocked,3.0.0,59.98480165,
94,FacesBlock4_v2.xlsx,Taylor.mp4,Taylor.JPG,Taylor,45,Դաելոր,0,3,3,3,0,3,3,0,,,,,,,0,2,0.369519992,,,,,,,,,,,,7,1,2019_Aug_08_1600,FaceNameBlocked,3.0.0,59.98480165,
75,FacesBlock3_v2.xlsx,Thomas.mp4,Thomas.JPG,Thomas,44,Դհոմաս,0,2,2,2,0,14,14,14,,,,,,,0,1,0.069892988,,,,,,,,,,,,7,1,2019_Aug_08_1600,FaceNameBlocked,3.0.0,59.98480165,
89,FacesBlock3_v2.xlsx,Thomas.mp4,Thomas.JPG,Thomas,44,Դհոմաս,0,2,2,2,,,,,0,13,13,14,,,,,,,,,None,,,,1,1.333234656,,,7,1,2019_Aug_08_1600,FaceNameBlocked,3.0.0,59.98480165,
26,FacesBlock1_v2.xlsx,Timothy.mp4,Timothy.JPG,Timothy,10,Դիմոդհե,0,0,0,0,,,,,0,10,10,10,,,,,,,,,None,,,,1,1.168559959,,,7,1,2019_Aug_08_1600,FaceNameBlocked,3.0.0,59.98480165,
2,FacesBlock1_v2.xlsx,Timothy.mp4,Timothy.JPG,Timothy,10,Դիմոդհե,0,0,0,0,0,1,1,10,,,,,,,1,1,0.318868903,,,,,,,,,,,,7,1,2019_Aug_08_1600,FaceNameBlocked,3.0.0,59.98480165,
47,FacesBlock2_v2.xlsx,Trevor.mp4,Trevor.JPG,Trevor,21,Դրէւոր,0,1,1,1,,,,,0,1,1,6,,,,,,,,trevor,"['t', 'r', 'e', 'v', 'o', 'r']","[1.3851292509989435, 1.5848557209992578, 1.7497459199985315, 2.434873958998651, 2.601389804998689, 2.718076088998714]",[1.38512,1.38512,3,1.16868607,,,7,1,2019_Aug_08_1600,FaceNameBlocked,3.0.0,59.98480165,
43,FacesBlock2_v2.xlsx,Trevor.mp4,Trevor.JPG,Trevor,21,Դրէւոր,0,1,1,1,0,12,12,6,,,,,,,0,1,0.452295765,,,,,,,,,,,,7,1,2019_Aug_08_1600,FaceNameBlocked,3.0.0,59.98480165,
51,FacesBlock2_v2.xlsx,Tyler.mp4,Tyler.JPG,Tyler,22,Դելէր,0,1,1,1,,,,,0,5,5,7,,,,,,,,,None,,,,1,0.918907685,,,7,1,2019_Aug_08_1600,FaceNameBlocked,3.0.0,59.98480165,
38,FacesBlock2_v2.xlsx,Tyler.mp4,Tyler.JPG,Tyler,22,Դելէր,0,1,1,1,0,7,7,7,,,,,,,1,1,0.353061178,,,,,,,,,,,,7,1,2019_Aug_08_1600,FaceNameBlocked,3.0.0,59.98480165,
0,,,,,,,,,,,,,,,,,,,space,49.88685824,,,,,,,,,,,,,,,7,1,2019_Aug_08_1600,FaceNameBlocked,3.0.0,59.98480165,
121,,,,,,,,,,,,,,,,,,,,,,,,,,,,,,,,,space,1700.262346,7,1,2019_Aug_08_1600,FaceNameBlocked,3.0.0,59.98480165,