,condsFile,Video,Photo,Name,Row,Name2,blocks.thisRepN,blocks.thisTrialN,blocks.thisN,blocks.thisIndex,presentations.thisRepN,presentations.thisTrialN,presentations.thisN,presentations.thisIndex,testing.thisRepN,testing.thisTrialN,testing.thisN,testing.thisIndex,advance_1.keys,advance_1.rt,currentCond,judgementResp.keys,judgementResp.rt,advance_2.keys,advance_2.rt,inputText,key_resp_3.keys,rating_resp.keys,rating_resp.rt,key_resp_3.rt,,key_resp3_fin,end_key.keys,end_key.rt,participant,session,date,expName,psychopyVersion,frameRate,Unnamed: 38
56,FacesBlock2_v2.xlsx,Aaron.mp4,Aaron.JPG,Aaron,18,Աարոն,0,1,1,1,,,,,0,10,10,3,,,,,,,,,None,1,0.40226138,,,,,,8,1,2019_Aug_08_1701,FaceNameBlocked,3.0.0,60.05523977,
42,FacesBlock2_v2.xlsx,Aaron.mp4,Aaron.JPG,Aaron,18,Աարոն,0,1,1,1,0,11,11,3,,,,,,,1,1,0.685699102,,,,,,,,,,,,8,1,2019_Aug_08_1701,FaceNameBlocked,3.0.0,60.05523977,
24,FacesBlock1_v2.xlsx,Adam.mp4,Adam.JPG,Adam,5,Ատամ,0,0,0,0,,,,,0,8,8,5,,,,,,,,,None,1,0.916771087,,,,,,8,1,2019_Aug_08_1701,FaceNameBlocked,3.0.0,60.05523977,
9,FacesBlock1_v2.xlsx,Adam.mp4,Adam.JPG,Adam,5,Ատամ,0,0,0,0,0,8,8,5,,,,,,,1,1,0.569603617,,,,,,,,,,,,8,1,2019_Aug_08_1701,FaceNameBlocked,3.0.0,60.05523977,
98,FacesBlock4_v2.xlsx,Alyssa.mp4,Alyssa.JPG,Alyssa,55,Ալեսսա,0,3,3,3,0,7,7,10,,,,,,,1,2,0.786020543,,,,,,,,,,,,8,1,2019_Aug_08_1701,FaceNameBlocked,3.0.0,60.05523977,
109,FacesBlock4_v2.xlsx,Alyssa.mp4,Alyssa.JPG,Alyssa,55,Ալեսսա,0,3,3,3,,,,,0,3,3,10,,,,,,,,Lisa,"['lshift', 'l', 'i', 's', 'a']",1,0.318351351,"[5.715445228001045, 5.900735983999766, 6.283983189001447, 6.584151202001522, 6.834115074998408]",[5.71544,5.71544,,,8,1,2019_Aug_08_1701,FaceNameBlocked,3.0.0,60.05523977,
8,FacesBlock1_v2.xlsx,Amanda.mp4,Amanda.JPG,Amanda,2,Ամանտա,0,0,0,0,0,7,7,2,,,,,,,1,2,0.503010604,,,,,,,,,,,,8,1,2019_Aug_08_1701,FaceNameBlocked,3.0.0,60.05523977,
17,FacesBlock1_v2.xlsx,Amanda.mp4,Amanda.JPG,Amanda,2,Ամանտա,0,0,0,0,,,,,0,1,1,2,,,,,,,,,None,1,1.501232404,,,,,,8,1,2019_Aug_08_1701,FaceNameBlocked,3.0.0,60.05523977,
117,FacesBlock4_v2.xlsx,Andrew.mp4,Andrew.JPG,Andrew,51,Անտրէվ,0,3,3,3,,,,,0,11,11,6,,,,,,,,Brian,"['lshift', 'b', 'r', 'i', 'a', 'n']",1,0.9520103,"[7.749319674996514, 8.133682364998094, 8.550164618998679, 8.93341013999816, 9.24962211499951, 9.433111057998758]",[7.74931,7.74931,,,8,1,2019_Aug_08_1701,FaceNameBlocked,3.0.0,60.05523977,
96,FacesBlock4_v2.xlsx,Andrew.mp4,Andrew.JPG,Andrew,51,Անտրէվ,0,3,3,3,0,5,5,6,,,,,,,0,1,0.303088595,,,,,,,,,,,,8,1,2019_Aug_08_1701,FaceNameBlocked,3.0.0,60.05523977,
91,FacesBlock4_v2.xlsx,Anna.mp4,Anna.JPG,Anna,47,Աննա,0,3,3,3,0,0,0,2,,,,,,,0,2,1.003035981,,,,,,,,,,,,8,1,2019_Aug_08_1701,FaceNameBlocked,3.0.0,60.05523977,
120,FacesBlock4_v2.xlsx,Anna.mp4,Anna.JPG,Anna,47,Աննա,0,3,3,3,,,,,0,14,14,2,,,,,,,,Anna,"['lshift', 'a', 'n', 'n', 'a']",4,1.302181603,"[1.1340554939997674, 1.6354207110016432, 2.485041252002702, 2.6685140789995785, 2.901209531002678]",[1.13405,1.13405,,,8,1,2019_Aug_08_1701,FaceNameBlocked,3.0.0,60.05523977,
47,FacesBlock2_v2.xlsx,Ashley.mp4,Ashley.JPG,Ashley,24,Ասհլէե,0,1,1,1,,,,,0,1,1,9,,,,,,,,Ashley,"['lshift', 'a', 's', 'h', 'l', 'e', 'y']",1,1.102244424,"[4.715106315999947, 6.166741962000742, 6.781098352999834, 6.983420979000584, 7.54953872400074, 7.799704969000231, 8.066130278000855]",[4.71510,4.71510,,,8,1,2019_Aug_08_1701,FaceNameBlocked,3.0.0,60.05523977,
41,FacesBlock2_v2.xlsx,Ashley.mp4,Ashley.JPG,Ashley,24,Ասհլէե,0,1,1,1,0,10,10,9,,,,,,,1,2,0.503671231,,,,,,,,,,,,8,1,2019_Aug_08_1701,FaceNameBlocked,3.0.0,60.05523977,
3,FacesBlock1_v2.xlsx,Bradley.mp4,Bradley.JPG,Bradley,14,Բրատլէե,0,0,0,0,0,2,2,14,,,,,,,1,1,0.586226012,,,,,,,,,,,,8,1,2019_Aug_08_1701,FaceNameBlocked,3.0.0,60.05523977,
22,FacesBlock1_v2.xlsx,Bradley.mp4,Bradley.JPG,Bradley,14,Բրատլէե,0,0,0,0,,,,,0,6,6,14,,,,,,,,,None,1,0.851741591,,,,,,8,1,2019_Aug_08_1701,FaceNameBlocked,3.0.0,60.05523977,
104,FacesBlock4_v2.xlsx,Brandon.mp4,Brandon.JPG,Brandon,56,Բրանտոն,0,3,3,3,0,13,13,11,,,,,,,0,1,0.619572574,,,,,,,,,,,,8,1,2019_Aug_08_1701,FaceNameBlocked,3.0.0,60.05523977,
114,FacesBlock4_v2.xlsx,Brandon.mp4,Brandon.JPG,Brandon,56,Բրանտոն,0,3,3,3,,,,,0,8,8,11,,,,,,,,Br,"['lshift', 'b', 'r']",2,0.385323255,"[2.0828610690005007, 2.317795394999848, 4.933819369998673]",[2.08286,2.08286,,,8,1,2019_Aug_08_1701,FaceNameBlocked,3.0.0,60.05523977,
108,FacesBlock4_v2.xlsx,Brian.mp4,Brian.JPG,Brian,53,Բրիան,0,3,3,3,,,,,0,2,2,8,,,,,,,,,None,1,0.402095474,,,,,,8,1,2019_Aug_08_1701,FaceNameBlocked,3.0.0,60.05523977,
92,FacesBlock4_v2.xlsx,Brian.mp4,Brian.JPG,Brian,53,Բրիան,0,3,3,3,0,1,1,8,,,,,,,1,1,0.93603796,,,,,,,,,,,,8,1,2019_Aug_08_1701,FaceNameBlocked,3.0.0,60.05523977,
95,FacesBlock4_v2.xlsx,Brianna.mp4,Brianna.JPG,Brianna,48,Բրիաննա,0,3,3,3,0,4,4,3,,,,,,,1,2,1.33581274,,,,,,,,,,,,8,1,2019_Aug_08_1701,FaceNameBlocked,3.0.0,60.05523977,
113,FacesBlock4_v2.xlsx,Brianna.mp4,Brianna.JPG,Brianna,48,Բրիաննա,0,3,3,3,,,,,0,7,7,3,,,,,,,,Lisa,"['lshift', 'l', 'i', 's', 'a']",1,1.201981358,"[2.416948706999392, 2.634896152001602, 2.9515652670015697, 3.1848669960018015, 3.4178210239988402]",[2.41694,2.41694,,,8,1,2019_Aug_08_1701,FaceNameBlocked,3.0.0,60.05523977,
46,FacesBlock2_v2.xlsx,Brittany.mp4,Brittany.JPG,Brittany,28,Բրիդդանե,0,1,1,1,,,,,0,0,0,13,,,,,,space,1.918870295,Betty,"['lshift', 'b', 'e', 't', 't', 'y']",3,0.618910485,"[1.567368873000305, 2.0848282249990007, 2.468792313000449, 2.6685976320004556, 2.818203143999199, 3.5179269639993436]",[1.56736,1.56736,,,8,1,2019_Aug_08_1701,FaceNameBlocked,3.0.0,60.05523977,
32,FacesBlock2_v2.xlsx,Brittany.mp4,Brittany.JPG,Brittany,28,Բրիդդանե,0,1,1,1,0,1,1,13,,,,,,,0,2,0.619529646,,,,,,,,,,,,8,1,2019_Aug_08_1701,FaceNameBlocked,3.0.0,60.05523977,
106,FacesBlock4_v2.xlsx,Caleb.mp4,Caleb.JPG,Caleb,59,Գալէբ,0,3,3,3,,,,,0,0,0,14,,,,,,space,2.135247806,Brian ,"['lshift', 'b', 'r', 'i', 'a', 'n', 'space']",1,0.302723656,"[4.783162441999593, 4.917895595001028, 5.317566464000265, 5.767453626998758, 6.000361742000678, 6.051331325998035, 6.184073275999253]",[4.78316,4.78316,,,8,1,2019_Aug_08_1701,FaceNameBlocked,3.0.0,60.05523977,
102,FacesBlock4_v2.xlsx,Caleb.mp4,Caleb.JPG,Caleb,59,Գալէբ,0,3,3,3,0,11,11,14,,,,,,,0,1,0.818535685,,,,,,,,,,,,8,1,2019_Aug_08_1701,FaceNameBlocked,3.0.0,60.05523977,
34,FacesBlock2_v2.xlsx,Cody.mp4,Cody.JPG,Cody,23,Գոտե,0,1,1,1,0,3,3,8,,,,,,,0,1,0.319892609,,,,,,,,,,,,8,1,2019_Aug_08_1701,FaceNameBlocked,3.0.0,60.05523977,
48,FacesBlock2_v2.xlsx,Cody.mp4,Cody.JPG,Cody,23,Գոտե,0,1,1,1,,,,,0,2,2,8,,,,,,,,David,"['lshift', 'd', 'a', 'v', 'i', 'd']",2,1.35213132,"[3.383419822999713, 3.6850036420000833, 4.217720141001337, 4.417927589000101, 4.884192882000207, 5.0513146530011]",[3.38341,3.38341,,,8,1,2019_Aug_08_1701,FaceNameBlocked,3.0.0,60.05523977,
71,FacesBlock3_v2.xlsx,Courtney.mp4,Courtney.JPG,Courtney,42,Գոըրդնէե,0,2,2,2,0,10,10,12,,,,,,,0,2,0.652821354,,,,,,,,,,,,8,1,2019_Aug_08_1701,FaceNameBlocked,3.0.0,60.05523977,
82,FacesBlock3_v2.xlsx,Courtney.mp4,Courtney.JPG,Courtney,42,Գոըրդնէե,0,2,2,2,,,,,0,6,6,12,,,,,,,,Nicole,"['lshift', 'n', 'i', 'c', 'o', 'l', 'e']",3,0.668593541,"[3.500329970000166, 3.9686072440017597, 4.317725305001659, 4.617949594001402, 4.815905944000406, 5.050961760000064, 5.251040624003508]",[3.50032,3.50032,,,8,1,2019_Aug_08_1701,FaceNameBlocked,3.0.0,60.05523977,
80,FacesBlock3_v2.xlsx,Daniel.mp4,Daniel.JPG,Daniel,30,Տանիէլ,0,2,2,2,,,,,0,4,4,0,,,,,,,,N,"['lshift', 'n']",1,0.784840554,"[7.931865908998589, 8.133090536000964]",[7.93186,7.93186,,,8,1,2019_Aug_08_1701,FaceNameBlocked,3.0.0,60.05523977,
72,FacesBlock3_v2.xlsx,Daniel.mp4,Daniel.JPG,Daniel,30,Տանիէլ,0,2,2,2,0,11,11,0,,,,,,,1,1,0.902623831,,,,,,,,,,,,8,1,2019_Aug_08_1701,FaceNameBlocked,3.0.0,60.05523977,
30,FacesBlock1_v2.xlsx,Danielle.mp4,Danielle.JPG,Danielle,3,Տանիէլլէ,0,0,0,0,,,,,0,14,14,3,,,,,,,,,None,1,1.585229318,,,,,,8,1,2019_Aug_08_1701,FaceNameBlocked,3.0.0,60.05523977,
2,FacesBlock1_v2.xlsx,Danielle.mp4,Danielle.JPG,Danielle,3,Տանիէլլէ,0,0,0,0,0,1,1,3,,,,,,,1,2,0.869082513,,,,,,,,,,,,8,1,2019_Aug_08_1701,FaceNameBlocked,3.0.0,60.05523977,
50,FacesBlock2_v2.xlsx,David.mp4,David.JPG,David,16,Տաւիտ,0,1,1,1,,,,,0,4,4,1,,,,,,,,David,"['lshift', 'd', 'a', 'v', 'i', 'd']",3,1.100813322,"[1.483166826001252, 1.8013502630001312, 2.3345360250004887, 2.584746773000006, 3.050444354999854, 3.250951731000896]",[1.48316,1.48316,,,8,1,2019_Aug_08_1701,FaceNameBlocked,3.0.0,60.05523977,
39,FacesBlock2_v2.xlsx,David.mp4,David.JPG,David,16,Տաւիտ,0,1,1,1,0,8,8,1,,,,,,,0,1,0.685955847,,,,,,,,,,,,8,1,2019_Aug_08_1701,FaceNameBlocked,3.0.0,60.05523977,
101,FacesBlock4_v2.xlsx,Dylan.mp4,Dylan.JPG,Dylan,50,Տելան,0,3,3,3,0,10,10,5,,,,,,,0,1,0.403186554,,,,,,,,,,,,8,1,2019_Aug_08_1701,FaceNameBlocked,3.0.0,60.05523977,
107,FacesBlock4_v2.xlsx,Dylan.mp4,Dylan.JPG,Dylan,50,Տելան,0,3,3,3,,,,,0,1,1,5,,,,,,,,,None,1,0.452183611,,,,,,8,1,2019_Aug_08_1701,FaceNameBlocked,3.0.0,60.05523977,
97,FacesBlock4_v2.xlsx,Emily.mp4,Emily.JPG,Emily,57,Էմիլե,0,3,3,3,0,6,6,12,,,,,,,0,2,0.802887911,,,,,,,,,,,,8,1,2019_Aug_08_1701,FaceNameBlocked,3.0.0,60.05523977,
111,FacesBlock4_v2.xlsx,Emily.mp4,Emily.JPG,Emily,57,Էմիլե,0,3,3,3,,,,,0,5,5,12,,,,,,,,Grace,"['lshift', 'g', 'r', 'a', 'c', 'e']",3,0.318626325,"[2.1505576859999564, 2.5351876120003, 2.9020825020015764, 3.099654654000915, 3.301803672002279, 3.48498769300204]",[2.15055,2.15055,,,8,1,2019_Aug_08_1701,FaceNameBlocked,3.0.0,60.05523977,
21,FacesBlock1_v2.xlsx,Eric.mp4,Eric.JPG,Eric,0,Էրիգ,0,0,0,0,,,,,0,5,5,0,,,,,,,,,None,1,1.351899188,,,,,,8,1,2019_Aug_08_1701,FaceNameBlocked,3.0.0,60.05523977,
10,FacesBlock1_v2.xlsx,Eric.mp4,Eric.JPG,Eric,0,Էրիգ,0,0,0,0,0,9,9,0,,,,,,,1,1,0.286455683,,,,,,,,,,,,8,1,2019_Aug_08_1701,FaceNameBlocked,3.0.0,60.05523977,
11,FacesBlock1_v2.xlsx,Ethan.mp4,Ethan.JPG,Ethan,11,Էդհան,0,0,0,0,0,10,10,11,,,,,,,0,1,0.269908813,,,,,,,,,,,,8,1,2019_Aug_08_1701,FaceNameBlocked,3.0.0,60.05523977,
20,FacesBlock1_v2.xlsx,Ethan.mp4,Ethan.JPG,Ethan,11,Էդհան,0,0,0,0,,,,,0,4,4,11,,,,,,,,,None,1,1.568788518,,,,,,8,1,2019_Aug_08_1701,FaceNameBlocked,3.0.0,60.05523977,
115,FacesBlock4_v2.xlsx,Grace.mp4,Grace.JPG,Grace,58,Կրագէ,0,3,3,3,,,,,0,9,9,13,,,,,,,,Lisa,"['lshift', 'l', 'i', 's', 'a', 'lshift', 'question']",1,0.535047761,"[5.34905094900023, 5.5666655149980215, 5.950272365000274, 6.300135540997871, 6.716257599997334, 7.031444476000615, 7.200175890000537]",[5.34905,5.34905,,,8,1,2019_Aug_08_1701,FaceNameBlocked,3.0.0,60.05523977,
99,FacesBlock4_v2.xlsx,Grace.mp4,Grace.JPG,Grace,58,Կրագէ,0,3,3,3,0,8,8,13,,,,,,,0,2,0.553012773,,,,,,,,,,,,8,1,2019_Aug_08_1701,FaceNameBlocked,3.0.0,60.05523977,
44,FacesBlock2_v2.xlsx,Haley.mp4,Haley.JPG,Haley,20,Հալէե,0,1,1,1,0,13,13,5,,,,,,,1,2,0.968819026,,,,,,,,,,,,8,1,2019_Aug_08_1701,FaceNameBlocked,3.0.0,60.05523977,
54,FacesBlock2_v2.xlsx,Haley.mp4,Haley.JPG,Haley,20,Հալէե,0,1,1,1,,,,,0,8,8,5,,,,,,,,S,"['lshift', 's']",1,0.41878224,"[3.949660058999143, 4.6344923859996925]",[3.94966,3.94966,,,8,1,2019_Aug_08_1701,FaceNameBlocked,3.0.0,60.05523977,
15,FacesBlock1_v2.xlsx,Hannah.mp4,Hannah.JPG,Hannah,1,Հաննահ,0,0,0,0,0,14,14,1,,,,,,,1,2,0.252517844,,,,,,,,,,,,8,1,2019_Aug_08_1701,FaceNameBlocked,3.0.0,60.05523977,
28,FacesBlock1_v2.xlsx,Hannah.mp4,Hannah.JPG,Hannah,1,Հաննահ,0,0,0,0,,,,,0,12,12,1,,,,,,,,Jessica,"['lshift', 'j', 'e', 's', 's', 'i', 'c', 'a']",2,0.435155654,"[5.6322516959990025, 5.883145686999342, 6.250351216998752, 6.633310454999446, 6.833527772998423, 7.033558145998541, 7.533438870999817, 7.733140135998838]",[5.63225,5.63225,,,8,1,2019_Aug_08_1701,FaceNameBlocked,3.0.0,60.05523977,
36,FacesBlock2_v2.xlsx,Heather.mp4,Heather.JPG,Heather,26,Հէադհէր,0,1,1,1,0,5,5,11,,,,,,,0,2,0.735992941,,,,,,,,,,,,8,1,2019_Aug_08_1701,FaceNameBlocked,3.0.0,60.05523977,
53,FacesBlock2_v2.xlsx,Heather.mp4,Heather.JPG,Heather,26,Հէադհէր,0,1,1,1,,,,,0,7,7,11,,,,,,,,Ashley,"['lshift', 'a', 's', 'h', 'l', 'e', 'y']",1,0.499729656,"[4.23298784599865, 4.665223594000054, 5.317266279998876, 5.483559573998718, 5.850173949998862, 6.050044709998474, 6.24951138599863]",[4.23298,4.23298,,,8,1,2019_Aug_08_1701,FaceNameBlocked,3.0.0,60.05523977,
70,FacesBlock3_v2.xlsx,Jacob.mp4,Jacob.JPG,Jacob,39,Ճագոբ,0,2,2,2,0,9,9,9,,,,,,,1,1,0.635998201,,,,,,,,,,,,8,1,2019_Aug_08_1701,FaceNameBlocked,3.0.0,60.05523977,
81,FacesBlock3_v2.xlsx,Jacob.mp4,Jacob.JPG,Jacob,39,Ճագոբ,0,2,2,2,,,,,0,5,5,9,,,,,,,,Jacob,"['lshift', 'j', 'a', 'c', 'o', 'b']",4,0.452074598,"[2.4832764499988116, 2.8158529809988977, 3.184400160000223, 3.4173967319984513, 3.817315037998924, 4.334115837998979]",[2.48327,2.48327,,,8,1,2019_Aug_08_1701,FaceNameBlocked,3.0.0,60.05523977,
119,FacesBlock4_v2.xlsx,Jason.mp4,Jason.JPG,Jason,49,Ճասոն,0,3,3,3,,,,,0,13,13,4,,,,,,,,,None,1,0.769077609,,,,,,8,1,2019_Aug_08_1701,FaceNameBlocked,3.0.0,60.05523977,
100,FacesBlock4_v2.xlsx,Jason.mp4,Jason.JPG,Jason,49,Ճասոն,0,3,3,3,0,9,9,4,,,,,,,1,1,0.752610803,,,,,,,,,,,,8,1,2019_Aug_08_1701,FaceNameBlocked,3.0.0,60.05523977,
1,FacesBlock1_v2.xlsx,Jenna.mp4,Jenna.JPG,Jenna,6,Ճէննա,0,0,0,0,0,0,0,6,,,,,,,0,2,1.386049552,,,,,,,,,,,,8,1,2019_Aug_08_1701,FaceNameBlocked,3.0.0,60.05523977,
27,FacesBlock1_v2.xlsx,Jenna.mp4,Jenna.JPG,Jenna,6,Ճէննա,0,0,0,0,,,,,0,11,11,6,,,,,,,,,None,1,0.969162048,,,,,,8,1,2019_Aug_08_1701,FaceNameBlocked,3.0.0,60.05523977,
58,FacesBlock2_v2.xlsx,Jeremy.mp4,Jeremy.JPG,Jeremy,15,Ճէրէմե,0,1,1,1,,,,,0,12,12,0,,,,,,,,K,"['lshift', 'd', 'a', 'backspace', 'backspace', 'lshift', 'k']",1,2.401316161,"[5.015643676999389, 5.633570131998567, 7.066198966998854, 9.215384943998288, 9.38132160099849, 9.563513047000015, 9.748583426999176]",[5.01564,5.01564,,,8,1,2019_Aug_08_1701,FaceNameBlocked,3.0.0,60.05523977,
45,FacesBlock2_v2.xlsx,Jeremy.mp4,Jeremy.JPG,Jeremy,15,Ճէրէմե,0,1,1,1,0,14,14,0,,,,,,,1,1,0.503341126,,,,,,,,,,,,8,1,2019_Aug_08_1701,FaceNameBlocked,3.0.0,60.05523977,
26,FacesBlock1_v2.xlsx,Jessica.mp4,Jessica.JPG,Jessica,8,Ճէսսիգա,0,0,0,0,,,,,0,10,10,8,,,,,,,,Jessica,"['lshift', 'j', 'e', 's', 's', 'i', 'c', 'a']",2,2.268367093,"[3.7496393479996186, 4.1175919079996675, 4.633089455999652, 5.0838269050000235, 5.266556181999476, 5.517276556998695, 5.716830776000279, 6.583181382999101]",[3.74963,3.74963,,,8,1,2019_Aug_08_1701,FaceNameBlocked,3.0.0,60.05523977,
7,FacesBlock1_v2.xlsx,Jessica.mp4,Jessica.JPG,Jessica,8,Ճէսսիգա,0,0,0,0,0,6,6,8,,,,,,,1,2,0.419879379,,,,,,,,,,,,8,1,2019_Aug_08_1701,FaceNameBlocked,3.0.0,60.05523977,
40,FacesBlock2_v2.xlsx,Josh.mp4,Josh.JPG,Josh,19,Ճոսհ,0,1,1,1,0,9,9,4,,,,,,,0,1,0.486285583,,,,,,,,,,,,8,1,2019_Aug_08_1701,FaceNameBlocked,3.0.0,60.05523977,
51,FacesBlock2_v2.xlsx,Josh.mp4,Josh.JPG,Josh,19,Ճոսհ,0,1,1,1,,,,,0,5,5,4,,,,,,,,Jeremy,"['lshift', 'j', 'e', 'r', 'e', 'y', 'backspace', 'm', 'y']",3,1.235668185,"[1.7340915090007911, 2.417977291999705, 2.9518727619997662, 3.251073108000128, 3.4017976129998715, 4.217660602000251, 5.050055687999702, 5.6169451139994635, 5.867352027000379]",[1.73409,1.73409,,,8,1,2019_Aug_08_1701,FaceNameBlocked,3.0.0,60.05523977,
18,FacesBlock1_v2.xlsx,Julia.mp4,Julia.JPG,Julia,13,Ճըլիա,0,0,0,0,,,,,0,2,2,13,,,,,,,,,None,1,3.651246799,,,,,,8,1,2019_Aug_08_1701,FaceNameBlocked,3.0.0,60.05523977,
14,FacesBlock1_v2.xlsx,Julia.mp4,Julia.JPG,Julia,13,Ճըլիա,0,0,0,0,0,13,13,13,,,,,,,1,2,0.320175892,,,,,,,,,,,,8,1,2019_Aug_08_1701,FaceNameBlocked,3.0.0,60.05523977,
49,FacesBlock2_v2.xlsx,Justin.mp4,Justin.JPG,Justin,27,Ճըսդին,0,1,1,1,,,,,0,3,3,12,,,,,,,,,None,1,1.434995662,,,,,,8,1,2019_Aug_08_1701,FaceNameBlocked,3.0.0,60.05523977,
31,FacesBlock2_v2.xlsx,Justin.mp4,Justin.JPG,Justin,27,Ճըսդին,0,1,1,1,0,0,0,12,,,,,,,1,1,1.266800074,,,,,,,,,,,,8,1,2019_Aug_08_1701,FaceNameBlocked,3.0.0,60.05523977,
118,FacesBlock4_v2.xlsx,Katie.mp4,Katie.JPG,Katie,54,Քադիէ,0,3,3,3,,,,,0,12,12,9,,,,,,,,Sar,"['lshift', 's', 'a', 'e', 'backspace', 'r']",1,1.684766796,"[3.9496402219992888, 4.218299090000073, 4.566211036002642, 7.383788289000222, 8.515961864999554, 8.717068253001344]",[3.94964,3.94964,,,8,1,2019_Aug_08_1701,FaceNameBlocked,3.0.0,60.05523977,
105,FacesBlock4_v2.xlsx,Katie.mp4,Katie.JPG,Katie,54,Քադիէ,0,3,3,3,0,14,14,9,,,,,,,1,2,0.669794475,,,,,,,,,,,,8,1,2019_Aug_08_1701,FaceNameBlocked,3.0.0,60.05523977,
85,FacesBlock3_v2.xlsx,Kayla.mp4,Kayla.JPG,Kayla,34,Սարահ,0,2,2,2,,,,,0,9,9,4,,,,,,,,,None,1,0.419145974,,,,,,8,1,2019_Aug_08_1701,FaceNameBlocked,3.0.0,60.05523977,
75,FacesBlock3_v2.xlsx,Kayla.mp4,Kayla.JPG,Kayla,34,Սարահ,0,2,2,2,0,14,14,4,,,,,,,1,2,0.752864291,,,,,,,,,,,,8,1,2019_Aug_08_1701,FaceNameBlocked,3.0.0,60.05523977,
4,FacesBlock1_v2.xlsx,Kelsey.mp4,Kelsey.JPG,Kelsey,12,Քէլսէե,0,0,0,0,0,3,3,12,,,,,,,0,2,0.58525614,,,,,,,,,,,,8,1,2019_Aug_08_1701,FaceNameBlocked,3.0.0,60.05523977,
25,FacesBlock1_v2.xlsx,Kelsey.mp4,Kelsey.JPG,Kelsey,12,Քէլսէե,0,0,0,0,,,,,0,9,9,12,,,,,,,,Jessica,"['lshift', 'j', 'e', 's', 's', 'i', 'c', 'a']",2,1.469260861,"[1.9840847350005788, 2.4680915379994985, 2.7854305250002653, 3.30118038999899, 3.551892235000196, 3.7351381219996256, 4.351550741999745, 4.5183845840001595]",[1.98408,1.98408,,,8,1,2019_Aug_08_1701,FaceNameBlocked,3.0.0,60.05523977,
87,FacesBlock3_v2.xlsx,Kevin.mp4,Kevin.JPG,Kevin,41,Քէւին,0,2,2,2,,,,,0,11,11,11,,,,,,,,Kevin,"['lshift', 'k', 'e', 'v', 'i', 'n']",4,0.535215609,"[1.3678377620017272, 1.5836469509995368, 2.0187966539997433, 2.2520433790014067, 2.652088752001873, 2.9832236660004128]",[1.36783,1.36783,,,8,1,2019_Aug_08_1701,FaceNameBlocked,3.0.0,60.05523977,
73,FacesBlock3_v2.xlsx,Kevin.mp4,Kevin.JPG,Kevin,41,Քէւին,0,2,2,2,0,12,12,11,,,,,,,0,1,0.569419871,,,,,,,,,,,,8,1,2019_Aug_08_1701,FaceNameBlocked,3.0.0,60.05523977,
5,FacesBlock1_v2.xlsx,Kyle.mp4,Kyle.JPG,Kyle,4,Քելէ,0,0,0,0,0,4,4,4,,,,,,,0,1,0.28605521,,,,,,,,,,,,8,1,2019_Aug_08_1701,FaceNameBlocked,3.0.0,60.05523977,
16,FacesBlock1_v2.xlsx,Kyle.mp4,Kyle.JPG,Kyle,4,Քելէ,0,0,0,0,,,,,0,0,0,4,,,,,,space,40.13897543,,None,1,3.551377122,,,,,,8,1,2019_Aug_08_1701,FaceNameBlocked,3.0.0,60.05523977,
69,FacesBlock3_v2.xlsx,Lauren.mp4,Lauren.JPG,Lauren,38,Լաըրէն,0,2,2,2,0,8,8,8,,,,,,,1,2,0.719660594,,,,,,,,,,,,8,1,2019_Aug_08_1701,FaceNameBlocked,3.0.0,60.05523977,
88,FacesBlock3_v2.xlsx,Lauren.mp4,Lauren.JPG,Lauren,38,Լաըրէն,0,2,2,2,,,,,0,12,12,8,,,,,,,,Sa,"['lshift', 's', 'a']",1,0.435518087,"[2.4167600070031767, 2.801358838001761, 3.35060729000179]",[2.41676,2.41676,,,8,1,2019_Aug_08_1701,FaceNameBlocked,3.0.0,60.05523977,
63,FacesBlock3_v2.xlsx,Mark.mp4,Mark.JPG,Mark,40,Մարք,0,2,2,2,0,2,2,10,,,,,,,1,1,0.819447353,,,,,,,,,,,,8,1,2019_Aug_08_1701,FaceNameBlocked,3.0.0,60.05523977,
79,FacesBlock3_v2.xlsx,Mark.mp4,Mark.JPG,Mark,40,Մարք,0,2,2,2,,,,,0,3,3,10,,,,,,,,Nathan,"['lshift', 'n', 'a', 't', 'h', 'a', 'n']",1,0.283681082,"[2.399183339999581, 2.6494621870006085, 3.0675923279995914, 3.448860139000317, 3.784451479998097, 4.050515063001512, 4.200317399998312]",[2.39918,2.39918,,,8,1,2019_Aug_08_1701,FaceNameBlocked,3.0.0,60.05523977,
23,FacesBlock1_v2.xlsx,Matthew.mp4,Matthew.JPG,Matthew,9,Մադդհէվ,0,0,0,0,,,,,0,7,7,9,,,,,,,,J,"['lshift', 'j']",1,0.768707879,"[7.28213129300093, 7.782794721000755]",[7.28213,7.28213,,,8,1,2019_Aug_08_1701,FaceNameBlocked,3.0.0,60.05523977,
13,FacesBlock1_v2.xlsx,Matthew.mp4,Matthew.JPG,Matthew,9,Մադդհէվ,0,0,0,0,0,12,12,9,,,,,,,0,1,0.303110068,,,,,,,,,,,,8,1,2019_Aug_08_1701,FaceNameBlocked,3.0.0,60.05523977,
43,FacesBlock2_v2.xlsx,Megan.mp4,Megan.JPG,Megan,25,Մէկան,0,1,1,1,0,12,12,10,,,,,,,0,2,0.604029519,,,,,,,,,,,,8,1,2019_Aug_08_1701,FaceNameBlocked,3.0.0,60.05523977,
59,FacesBlock2_v2.xlsx,Megan.mp4,Megan.JPG,Megan,25,Մէկան,0,1,1,1,,,,,0,13,13,10,,,,,,,,B,"['lshift', 'b']",1,0.618641409,"[7.748346473999845, 8.050058978999004]",[7.74834,7.74834,,,8,1,2019_Aug_08_1701,FaceNameBlocked,3.0.0,60.05523977,
112,FacesBlock4_v2.xlsx,Michael.mp4,Michael.JPG,Michael,46,Միգհաէլ,0,3,3,3,,,,,0,6,6,1,,,,,,,,,None,1,1.449792361,,,,,,8,1,2019_Aug_08_1701,FaceNameBlocked,3.0.0,60.05523977,
93,FacesBlock4_v2.xlsx,Michael.mp4,Michael.JPG,Michael,46,Միգհաէլ,0,3,3,3,0,2,2,1,,,,,,,1,1,0.567060274,,,,,,,,,,,,8,1,2019_Aug_08_1701,FaceNameBlocked,3.0.0,60.05523977,
94,FacesBlock4_v2.xlsx,Michelle.mp4,Michelle.JPG,Michelle,52,Միգհէլլէ,0,3,3,3,0,3,3,7,,,,,,,0,2,0.51983465,,,,,,,,,,,,8,1,2019_Aug_08_1701,FaceNameBlocked,3.0.0,60.05523977,
110,FacesBlock4_v2.xlsx,Michelle.mp4,Michelle.JPG,Michelle,52,Միգհէլլէ,0,3,3,3,,,,,0,4,4,7,,,,,,,,Michelle,"['lshift', 'm', 'i', 'c', 'h', 'e', 'l', 'l', 'e']",3,0.368745528,"[2.516611388000456, 2.7178593690005073, 2.9345037970015255, 3.2006735089998983, 3.401137312001083, 3.5676532380020944, 3.784430797000823, 3.9672319250021246, 4.084071821998805]",[2.51661,2.51661,,,8,1,2019_Aug_08_1701,FaceNameBlocked,3.0.0,60.05523977,
29,FacesBlock1_v2.xlsx,Natalie.mp4,Natalie.JPG,Natalie,7,Նադալիէ,0,0,0,0,,,,,0,13,13,7,,,,,,,,Jessica,"['lshift', 'j', 'e', 's', 's', 'i', 'c', 'a']",2,2.335368171,"[7.148086052000508, 7.466344813999967, 8.016042803001255, 8.399592194000434, 8.58276916900104, 8.816014738000376, 9.165757563001534, 9.348615055001574]",[7.14808,7.14808,,,8,1,2019_Aug_08_1701,FaceNameBlocked,3.0.0,60.05523977,
12,FacesBlock1_v2.xlsx,Natalie.mp4,Natalie.JPG,Natalie,7,Նադալիէ,0,0,0,0,0,11,11,7,,,,,,,0,2,0.252405991,,,,,,,,,,,,8,1,2019_Aug_08_1701,FaceNameBlocked,3.0.0,60.05523977,
83,FacesBlock3_v2.xlsx,Nathan.mp4,Nathan.JPG,Nathan,37,Նադհան,0,2,2,2,,,,,0,7,7,7,,,,,,,,,"['lshift', 'j', 'backspace']",1,0.385781717,"[4.832586741998966, 5.200953756000672, 6.282879168000363]",[4.83258,4.83258,,,8,1,2019_Aug_08_1701,FaceNameBlocked,3.0.0,60.05523977,
67,FacesBlock3_v2.xlsx,Nathan.mp4,Nathan.JPG,Nathan,37,Նադհան,0,2,2,2,0,6,6,7,,,,,,,0,1,1.002874352,,,,,,,,,,,,8,1,2019_Aug_08_1701,FaceNameBlocked,3.0.0,60.05523977,
74,FacesBlock3_v2.xlsx,Nicole.mp4,Nicole.JPG,Nicole,43,Նիգոլէ,0,2,2,2,0,13,13,13,,,,,,,1,2,0.369327726,,,,,,,,,,,,8,1,2019_Aug_08_1701,FaceNameBlocked,3.0.0,60.05523977,
90,FacesBlock3_v2.xlsx,Nicole.mp4,Nicole.JPG,Nicole,43,Նիգոլէ,0,2,2,2,,,,,0,14,14,13,,,,,,,,,None,1,1.052649418,,,,,,8,1,2019_Aug_08_1701,FaceNameBlocked,3.0.0,60.05523977,
89,FacesBlock3_v2.xlsx,Noah.mp4,Noah.JPG,Noah,31,Նոահ,0,2,2,2,,,,,0,13,13,1,,,,,,,,,None,1,0.984986443,,,,,,8,1,2019_Aug_08_1701,FaceNameBlocked,3.0.0,60.05523977,
62,FacesBlock3_v2.xlsx,Noah.mp4,Noah.JPG,Noah,31,Նոահ,0,2,2,2,0,1,1,1,,,,,,,0,1,0.869793828,,,,,,,,,,,,8,1,2019_Aug_08_1701,FaceNameBlocked,3.0.0,60.05523977,
86,FacesBlock3_v2.xlsx,Olivia.mp4,Olivia.JPG,Olivia,35,Ոլիւիա,0,2,2,2,,,,,0,10,10,5,,,,,,,,Nicole,"['lshift', 'n', 'i', 'c', 'o', 'l', 'e']",2,0.535667381,"[4.915450568998494, 5.2503862459998345, 5.566911786998389, 5.833654082998692, 6.033510755001771, 6.3834171339985915, 6.599773366000591]",[4.91545,4.91545,,,8,1,2019_Aug_08_1701,FaceNameBlocked,3.0.0,60.05523977,
66,FacesBlock3_v2.xlsx,Olivia.mp4,Olivia.JPG,Olivia,35,Ոլիւիա,0,2,2,2,0,5,5,5,,,,,,,0,2,1.202712714,,,,,,,,,,,,8,1,2019_Aug_08_1701,FaceNameBlocked,3.0.0,60.05523977,
57,FacesBlock2_v2.xlsx,Rachel.mp4,Rachel.JPG,Rachel,29,Րագհէլ,0,1,1,1,,,,,0,11,11,14,,,,,,,,Betty,"['lshift', 'b', 'e', 't', 't', 'y']",2,0.55014424,"[3.199676301999716, 3.499744663000456, 4.051532454001062, 4.301495870000508, 4.501211577000504, 4.768033499000012]",[3.19967,3.19967,,,8,1,2019_Aug_08_1701,FaceNameBlocked,3.0.0,60.05523977,
33,FacesBlock2_v2.xlsx,Rachel.mp4,Rachel.JPG,Rachel,29,Րագհէլ,0,1,1,1,0,2,2,14,,,,,,,1,2,0.68604547,,,,,,,,,,,,8,1,2019_Aug_08_1701,FaceNameBlocked,3.0.0,60.05523977,
64,FacesBlock3_v2.xlsx,Rebecca.mp4,Rebecca.JPG,Rebecca,32,Րէբէգգա,0,2,2,2,0,3,3,2,,,,,,,0,2,0.636017167,,,,,,,,,,,,8,1,2019_Aug_08_1701,FaceNameBlocked,3.0.0,60.05523977,
78,FacesBlock3_v2.xlsx,Rebecca.mp4,Rebecca.JPG,Rebecca,32,Րէբէգգա,0,2,2,2,,,,,0,2,2,2,,,,,,,,Reb,"['lshift', 's', 'a', 'r', 'a', 'h', 'backspace', 'backspace', 'backspace', 'backspace', 'backspace', 'backspace', 'lshift', 'r', 'e', 'b']",3,2.218253475,"[2.7154819759998645, 3.0510237740018056, 3.401042501001939, 3.8007854819989007, 4.034181431001343, 4.3168621260010696, 7.615733982001984, 7.8315784180013, 7.998765459000424, 8.148879569998826, 8.29868812299901, 8.448639182999614, 8.797382412998559, 9.115633745001105, 9.315559591999772, 9.948305091002112]",[2.71548,2.71548,,,8,1,2019_Aug_08_1701,FaceNameBlocked,3.0.0,60.05523977,
65,FacesBlock3_v2.xlsx,Sarah.mp4,Sarah.JPG,Sarah,33,Սարահ,0,2,2,2,0,4,4,3,,,,,,,1,2,0.636690201,,,,,,,,,,,,8,1,2019_Aug_08_1701,FaceNameBlocked,3.0.0,60.05523977,
77,FacesBlock3_v2.xlsx,Sarah.mp4,Sarah.JPG,Sarah,33,Սարահ,0,2,2,2,,,,,0,1,1,3,,,,,,,,Tin,"['lshift', 't', 'i', 'n']",2,0.502289922,"[1.8831767379997473, 2.234215390999452, 2.8846846529995673, 6.133810916999209]",[1.88317,1.88317,,,8,1,2019_Aug_08_1701,FaceNameBlocked,3.0.0,60.05523977,
61,FacesBlock3_v2.xlsx,Shelby.mp4,Shelby.JPG,Shelby,36,Սհէլբե,0,2,2,2,0,0,0,6,,,,,,,1,2,1.003057247,,,,,,,,,,,,8,1,2019_Aug_08_1701,FaceNameBlocked,3.0.0,60.05523977,
76,FacesBlock3_v2.xlsx,Shelby.mp4,Shelby.JPG,Shelby,36,Սհէլբե,0,2,2,2,,,,,0,0,0,6,,,,,,space,2.001447535,Sarah,"['lshift', 's', 'a', 'r', 'a', 'h']",2,0.735582142,"[2.9505904619982175, 3.2013479310007824, 3.4517008689981594, 3.8517307429974608, 4.085312106999481, 4.451255420997768]",[2.95059,2.95059,,,8,1,2019_Aug_08_1701,FaceNameBlocked,3.0.0,60.05523977,
35,FacesBlock2_v2.xlsx,Steven.mp4,Steven.JPG,Steven,17,Սդէւէն,0,1,1,1,0,4,4,2,,,,,,,1,1,0.65305978,,,,,,,,,,,,8,1,2019_Aug_08_1701,FaceNameBlocked,3.0.0,60.05523977,
52,FacesBlock2_v2.xlsx,Steven.mp4,Steven.JPG,Steven,17,Սդէւէն,0,1,1,1,,,,,0,6,6,2,,,,,,,,Tylan,"['lshift', 't', 'y', 'l', 'a', 'n']",2,1.668556009,"[5.7330654980014515, 5.901148468999963, 7.683358873000543, 9.233164774001125, 9.383180277000065, 9.549546429001566]",[5.73306,5.73306,,,8,1,2019_Aug_08_1701,FaceNameBlocked,3.0.0,60.05523977,
103,FacesBlock4_v2.xlsx,Taylor.mp4,Taylor.JPG,Taylor,45,Դաելոր,0,3,3,3,0,12,12,0,,,,,,,1,2,0.802309379,,,,,,,,,,,,8,1,2019_Aug_08_1701,FaceNameBlocked,3.0.0,60.05523977,
116,FacesBlock4_v2.xlsx,Taylor.mp4,Taylor.JPG,Taylor,45,Դաելոր,0,3,3,3,,,,,0,10,10,0,,,,,,,,,None,1,0.868706184,,,,,,8,1,2019_Aug_08_1701,FaceNameBlocked,3.0.0,60.05523977,
84,FacesBlock3_v2.xlsx,Thomas.mp4,Thomas.JPG,Thomas,44,Դհոմաս,0,2,2,2,,,,,0,8,8,14,,,,,,,,Jacob,"['lshift', 'j', 'a', 'c', 'o', 'b']",1,0.502217873,"[4.5822234119987115, 4.984102613998402, 5.517021313000441, 6.16608095400079, 6.7001559999989695, 7.01655589299844]",[4.58222,4.58222,,,8,1,2019_Aug_08_1701,FaceNameBlocked,3.0.0,60.05523977,
68,FacesBlock3_v2.xlsx,Thomas.mp4,Thomas.JPG,Thomas,44,Դհոմաս,0,2,2,2,0,7,7,14,,,,,,,0,1,0.535790775,,,,,,,,,,,,8,1,2019_Aug_08_1701,FaceNameBlocked,3.0.0,60.05523977,
19,FacesBlock1_v2.xlsx,Timothy.mp4,Timothy.JPG,Timothy,10,Դիմոդհե,0,0,0,0,,,,,0,3,3,10,,,,,,,,Alex,"['lshift', 'a', 'l', 'x', 'backspace', 'e', 'x']",1,1.984769166,"[4.799732940000467, 5.05082655499973, 6.4336592439995, 7.400152627000352, 8.232289015999413, 8.616080964000503, 8.916703226999743]",[4.79973,4.79973,,,8,1,2019_Aug_08_1701,FaceNameBlocked,3.0.0,60.05523977,
6,FacesBlock1_v2.xlsx,Timothy.mp4,Timothy.JPG,Timothy,10,Դիմոդհե,0,0,0,0,0,5,5,10,,,,,,,0,1,0.320629531,,,,,,,,,,,,8,1,2019_Aug_08_1701,FaceNameBlocked,3.0.0,60.05523977,
37,FacesBlock2_v2.xlsx,Trevor.mp4,Trevor.JPG,Trevor,21,Դրէւոր,0,1,1,1,0,6,6,6,,,,,,,0,1,1.019103643,,,,,,,,,,,,8,1,2019_Aug_08_1701,FaceNameBlocked,3.0.0,60.05523977,
55,FacesBlock2_v2.xlsx,Trevor.mp4,Trevor.JPG,Trevor,21,Դրէւոր,0,1,1,1,,,,,0,9,9,6,,,,,,,,T,"['lshift', 'd', 'backspace', 'lshift', 't']",2,1.917957257,"[5.3159348879999015, 6.099610774999746, 7.582213699999556, 7.7817716839999775, 8.066301136999755]",[5.31593,5.31593,,,8,1,2019_Aug_08_1701,FaceNameBlocked,3.0.0,60.05523977,
38,FacesBlock2_v2.xlsx,Tyler.mp4,Tyler.JPG,Tyler,22,Դելէր,0,1,1,1,0,7,7,7,,,,,,,0,1,0.618806376,,,,,,,,,,,,8,1,2019_Aug_08_1701,FaceNameBlocked,3.0.0,60.05523977,
60,FacesBlock2_v2.xlsx,Tyler.mp4,Tyler.JPG,Tyler,22,Դելէր,0,1,1,1,,,,,0,14,14,7,,,,,,,,,None,1,0.868660385,,,,,,8,1,2019_Aug_08_1701,FaceNameBlocked,3.0.0,60.05523977,
0,,,,,,,,,,,,,,,,,,,space,51.00322986,,,,,,,,,,,,,,,8,1,2019_Aug_08_1701,FaceNameBlocked,3.0.0,60.05523977,
121,,,,,,,,,,,,,,,,,,,,,,,,,,,,,,,,,space,1.701542275,8,1,2019_Aug_08_1701,FaceNameBlocked,3.0.0,60.05523977,