,condsFile,Video,Photo,Name,Row,Name2,blocks.thisRepN,blocks.thisTrialN,blocks.thisN,blocks.thisIndex,presentations.thisRepN,presentations.thisTrialN,presentations.thisN,presentations.thisIndex,testing.thisRepN,testing.thisTrialN,testing.thisN,testing.thisIndex,advance_1.keys,advance_1.rt,currentCond,judgementResp.keys,judgementResp.rt,advance_2.keys,advance_2.rt,inputText,key_resp_3.keys,key_resp_3.rt,,key_resp3_fin,rating_resp.keys,rating_resp.rt,end_key.keys,end_key.rt,participant,session,date,expName,psychopyVersion,frameRate,Unnamed: 38
46,FacesBlock2_v2.xlsx,Aaron.mp4,Aaron.JPG,Aaron,18,Աարոն,0,1,1,1,,,,,0,0,0,3,,,,,,space,10.58282514,mathew,"['m', 'a', 't', 'h', 'e', 'w']","[1.7014249460007704, 1.9849209880012495, 2.334998613001517, 2.5350297810000484, 2.851401195002836, 3.084624723000161]",[1.70142,1.70142,4,1.334883968,,,9,1,2019_Aug_08_1756,FaceNameBlocked,3.0.0,60.03319151,
43,FacesBlock2_v2.xlsx,Aaron.mp4,Aaron.JPG,Aaron,18,Աարոն,0,1,1,1,0,12,12,3,,,,,,,0,1,0.500441161,,,,,,,,,,,,9,1,2019_Aug_08_1756,FaceNameBlocked,3.0.0,60.03319151,
22,FacesBlock1_v2.xlsx,Adam.mp4,Adam.JPG,Adam,5,Ատամ,0,0,0,0,,,,,0,6,6,5,,,,,,,,kyle,"['k', 'y', 'l', 'backspace', 'backspace', 'backspace', 'k', 'y', 'l', 'e']","[3.784189106001577, 4.1677854170011415, 4.384347073999379, 5.000012681000953, 5.24992515300255, 5.4330662680004025, 6.5504843199996685, 6.950053331001982, 7.165988128999743, 7.399271710000903]",[3.78418,3.78418,3,0.55238755,,,9,1,2019_Aug_08_1756,FaceNameBlocked,3.0.0,60.03319151,
11,FacesBlock1_v2.xlsx,Adam.mp4,Adam.JPG,Adam,5,Ատամ,0,0,0,0,0,10,10,5,,,,,,,1,1,0.219434419,,,,,,,,,,,,9,1,2019_Aug_08_1756,FaceNameBlocked,3.0.0,60.03319151,
93,FacesBlock4_v2.xlsx,Alyssa.mp4,Alyssa.JPG,Alyssa,55,Ալեսսա,0,3,3,3,0,2,2,10,,,,,,,0,2,0.986670625,,,,,,,,,,,,9,1,2019_Aug_08_1756,FaceNameBlocked,3.0.0,60.03319151,
114,FacesBlock4_v2.xlsx,Alyssa.mp4,Alyssa.JPG,Alyssa,55,Ալեսսա,0,3,3,3,,,,,0,8,8,10,,,,,,,,stephanie,"['s', 't', 'e', 'p', 'h', 'a', 'n', 'i', 'e']","[5.215355486998305, 5.883841521997965, 6.133695861000888, 6.73346735800078, 7.050025549997372, 7.249520761997701, 7.367108449998341, 8.249880428000324, 8.416280117999122]",[5.21535,5.21535,2,0.885139248,,,9,1,2019_Aug_08_1756,FaceNameBlocked,3.0.0,60.03319151,
28,FacesBlock1_v2.xlsx,Amanda.mp4,Amanda.JPG,Amanda,2,Ամանտա,0,0,0,0,,,,,0,12,12,2,,,,,,,,,None,,,,1,1.118946582,,,9,1,2019_Aug_08_1756,FaceNameBlocked,3.0.0,60.03319151,
6,FacesBlock1_v2.xlsx,Amanda.mp4,Amanda.JPG,Amanda,2,Ամանտա,0,0,0,0,0,5,5,2,,,,,,,0,2,0.419427832,,,,,,,,,,,,9,1,2019_Aug_08_1756,FaceNameBlocked,3.0.0,60.03319151,
96,FacesBlock4_v2.xlsx,Andrew.mp4,Andrew.JPG,Andrew,51,Անտրէվ,0,3,3,3,0,5,5,6,,,,,,,1,1,1.269304649,,,,,,,,,,,,9,1,2019_Aug_08_1756,FaceNameBlocked,3.0.0,60.03319151,
120,FacesBlock4_v2.xlsx,Andrew.mp4,Andrew.JPG,Andrew,51,Անտրէվ,0,3,3,3,,,,,0,14,14,6,,,,,,,,cody,"['c', 'o', 'd', 'y']","[3.6661970200002543, 4.017841409000539, 4.383574026000133, 4.617052903002332]",[3.66619,3.66619,2,0.768951747,,,9,1,2019_Aug_08_1756,FaceNameBlocked,3.0.0,60.03319151,
113,FacesBlock4_v2.xlsx,Anna.mp4,Anna.JPG,Anna,47,Աննա,0,3,3,3,,,,,0,7,7,2,,,,,,,,ann,"['a', 'n', 'n']","[8.182974633997219, 9.766189604997635, 9.966109694996703]",[8.18297,8.18297,1,2.30136276,,,9,1,2019_Aug_08_1756,FaceNameBlocked,3.0.0,60.03319151,
105,FacesBlock4_v2.xlsx,Anna.mp4,Anna.JPG,Anna,47,Աննա,0,3,3,3,0,14,14,2,,,,,,,0,2,1.019191312,,,,,,,,,,,,9,1,2019_Aug_08_1756,FaceNameBlocked,3.0.0,60.03319151,
31,FacesBlock2_v2.xlsx,Ashley.mp4,Ashley.JPG,Ashley,24,Ասհլէե,0,1,1,1,0,0,0,9,,,,,,,1,2,0.95270041,,,,,,,,,,,,9,1,2019_Aug_08_1756,FaceNameBlocked,3.0.0,60.03319151,
59,FacesBlock2_v2.xlsx,Ashley.mp4,Ashley.JPG,Ashley,24,Ասհլէե,0,1,1,1,,,,,0,13,13,9,,,,,,,,amanda,"['a', 'm', 'n', 'backspace', 'a', 'n', 'd', 'a']","[6.014845654000965, 6.233028859001934, 6.566098033999879, 7.115077236001525, 7.532863477001229, 7.71605880900097, 7.8990867090033134, 8.099320376000833]",[6.01484,6.01484,2,0.917906403,,,9,1,2019_Aug_08_1756,FaceNameBlocked,3.0.0,60.03319151,
14,FacesBlock1_v2.xlsx,Bradley.mp4,Bradley.JPG,Bradley,14,Բրատլէե,0,0,0,0,0,13,13,14,,,,,,,0,1,2.967997985,,,,,,,,,,,,9,1,2019_Aug_08_1756,FaceNameBlocked,3.0.0,60.03319151,
19,FacesBlock1_v2.xlsx,Bradley.mp4,Bradley.JPG,Bradley,14,Բրատլէե,0,0,0,0,,,,,0,3,3,14,,,,,,,,bradley,"['b', 'r', 'a', 'd', 'l', 'e', 'y']","[1.3352253970006132, 1.5667239089998475, 1.8685473389996332, 2.1514526040009514, 2.351323544000479, 2.5182908339993446, 2.7347910720018263]",[1.33522,1.33522,4,1.052007368,,,9,1,2019_Aug_08_1756,FaceNameBlocked,3.0.0,60.03319151,
108,FacesBlock4_v2.xlsx,Brandon.mp4,Brandon.JPG,Brandon,56,Բրանտոն,0,3,3,3,,,,,0,2,2,11,,,,,,,,brandon,"['b', 'r', 'a', 'n', 'd', 'o', 'n']","[8.117107242000202, 8.26626665799995, 8.482787012002518, 8.549729556001694, 8.699249219000194, 8.815701191000699, 9.03306344900193]",[8.11710,8.11710,3,1.035390799,,,9,1,2019_Aug_08_1756,FaceNameBlocked,3.0.0,60.03319151,
102,FacesBlock4_v2.xlsx,Brandon.mp4,Brandon.JPG,Brandon,56,Բրանտոն,0,3,3,3,0,11,11,11,,,,,,,1,1,0.852564637,,,,,,,,,,,,9,1,2019_Aug_08_1756,FaceNameBlocked,3.0.0,60.03319151,
107,FacesBlock4_v2.xlsx,Brian.mp4,Brian.JPG,Brian,53,Բրիան,0,3,3,3,,,,,0,1,1,8,,,,,,,,timothy,"['t', 'i', 'm', 'o', 't', 'h', 'y', 'h', 'backspace']","[5.716339324000728, 5.900214255001629, 6.116660706000403, 6.6333572850016935, 7.283073134000006, 7.448961247002444, 7.61634437900284, 7.638137401001586, 8.281532230001176]",[5.71633,5.71633,2,0.63544362,,,9,1,2019_Aug_08_1756,FaceNameBlocked,3.0.0,60.03319151,
99,FacesBlock4_v2.xlsx,Brian.mp4,Brian.JPG,Brian,53,Բրիան,0,3,3,3,0,8,8,8,,,,,,,1,1,0.902546122,,,,,,,,,,,,9,1,2019_Aug_08_1756,FaceNameBlocked,3.0.0,60.03319151,
103,FacesBlock4_v2.xlsx,Brianna.mp4,Brianna.JPG,Brianna,48,Բրիաննա,0,3,3,3,0,12,12,3,,,,,,,0,2,0.66693687,,,,,,,,,,,,9,1,2019_Aug_08_1756,FaceNameBlocked,3.0.0,60.03319151,
111,FacesBlock4_v2.xlsx,Brianna.mp4,Brianna.JPG,Brianna,48,Բրիաննա,0,3,3,3,,,,,0,5,5,3,,,,,,,,anna,"['a', 'n', 'n', 'a']","[4.400794380999287, 4.850374308000028, 5.050230887001817, 5.233111351000844]",[4.40079,4.40079,3,1.018481719,,,9,1,2019_Aug_08_1756,FaceNameBlocked,3.0.0,60.03319151,
37,FacesBlock2_v2.xlsx,Brittany.mp4,Brittany.JPG,Brittany,28,Բրիդդանե,0,1,1,1,0,6,6,13,,,,,,,0,2,0.752903119,,,,,,,,,,,,9,1,2019_Aug_08_1756,FaceNameBlocked,3.0.0,60.03319151,
50,FacesBlock2_v2.xlsx,Brittany.mp4,Brittany.JPG,Brittany,28,Բրիդդանե,0,1,1,1,,,,,0,4,4,13,,,,,,,,brittany,"['b', 'r', 'i', 't', 't', 'a', 'n', 'y']","[2.7516197170007217, 3.1515476219974516, 3.384586945998308, 3.8173858049995033, 4.0668524259999685, 4.350916838000558, 4.500550968998141, 4.667258576999302]",[2.75161,2.75161,4,0.368886036,,,9,1,2019_Aug_08_1756,FaceNameBlocked,3.0.0,60.03319151,
117,FacesBlock4_v2.xlsx,Caleb.mp4,Caleb.JPG,Caleb,59,Գալէբ,0,3,3,3,,,,,0,11,11,14,,,,,,,,,None,,,,1,1.518165009,,,9,1,2019_Aug_08_1756,FaceNameBlocked,3.0.0,60.03319151,
91,FacesBlock4_v2.xlsx,Caleb.mp4,Caleb.JPG,Caleb,59,Գալէբ,0,3,3,3,0,0,0,14,,,,,,,0,1,1.68544168,,,,,,,,,,,,9,1,2019_Aug_08_1756,FaceNameBlocked,3.0.0,60.03319151,
55,FacesBlock2_v2.xlsx,Cody.mp4,Cody.JPG,Cody,23,Գոտե,0,1,1,1,,,,,0,9,9,8,,,,,,,,,None,,,,1,1.068551706,,,9,1,2019_Aug_08_1756,FaceNameBlocked,3.0.0,60.03319151,
33,FacesBlock2_v2.xlsx,Cody.mp4,Cody.JPG,Cody,23,Գոտե,0,1,1,1,0,2,2,8,,,,,,,1,1,0.852352286,,,,,,,,,,,,9,1,2019_Aug_08_1756,FaceNameBlocked,3.0.0,60.03319151,
90,FacesBlock3_v2.xlsx,Courtney.mp4,Courtney.JPG,Courtney,42,Գոըրդնէե,0,2,2,2,,,,,0,14,14,12,,,,,,,,courtney,"['c', 'o', 'u', 'r', 't', 'n', 'e', 'y']","[2.185265956999501, 2.335127760001342, 2.550845489000494, 2.7685760329986806, 3.533015887998772, 3.834172722999938, 4.084529569001461, 4.3179957659995125]",[2.18526,2.18526,4,0.318944981,,,9,1,2019_Aug_08_1756,FaceNameBlocked,3.0.0,60.03319151,
67,FacesBlock3_v2.xlsx,Courtney.mp4,Courtney.JPG,Courtney,42,Գոըրդնէե,0,2,2,2,0,6,6,12,,,,,,,0,2,0.620013089,,,,,,,,,,,,9,1,2019_Aug_08_1756,FaceNameBlocked,3.0.0,60.03319151,
71,FacesBlock3_v2.xlsx,Daniel.mp4,Daniel.JPG,Daniel,30,Տանիէլ,0,2,2,2,0,10,10,0,,,,,,,0,1,0.270140501,,,,,,,,,,,,9,1,2019_Aug_08_1756,FaceNameBlocked,3.0.0,60.03319151,
80,FacesBlock3_v2.xlsx,Daniel.mp4,Daniel.JPG,Daniel,30,Տանիէլ,0,2,2,2,,,,,0,4,4,0,,,,,,,,trevor,"['t', 'r', 'e', 'v', 'o', 'r']","[6.917235916000209, 7.100482357000146, 7.7335552320000716, 8.033703492001223, 8.166517795998516, 8.316560764000315]",[6.91723,6.91723,3,0.984799012,,,9,1,2019_Aug_08_1756,FaceNameBlocked,3.0.0,60.03319151,
3,FacesBlock1_v2.xlsx,Danielle.mp4,Danielle.JPG,Danielle,3,Տանիէլլէ,0,0,0,0,0,2,2,3,,,,,,,0,2,0.934989708,,,,,,,,,,,,9,1,2019_Aug_08_1756,FaceNameBlocked,3.0.0,60.03319151,
25,FacesBlock1_v2.xlsx,Danielle.mp4,Danielle.JPG,Danielle,3,Տանիէլլէ,0,0,0,0,,,,,0,9,9,3,,,,,,,,sara,"['s', 'a', 'r', 'a']","[8.184241995000775, 8.800154563999968, 9.099712990002445, 9.3334074710001]",[8.18424,8.18424,2,0.934591211,,,9,1,2019_Aug_08_1756,FaceNameBlocked,3.0.0,60.03319151,
53,FacesBlock2_v2.xlsx,David.mp4,David.JPG,David,16,Տաւիտ,0,1,1,1,,,,,0,7,7,1,,,,,,,,justin,"['j', 'u', 's', 't', 'i', 'n']","[1.9851266559999203, 2.567900885002018, 2.7850296780015924, 3.0015112969995243, 3.8179875280002307, 4.117791527998634]",[1.98512,1.98512,2,1.232948595,,,9,1,2019_Aug_08_1756,FaceNameBlocked,3.0.0,60.03319151,
34,FacesBlock2_v2.xlsx,David.mp4,David.JPG,David,16,Տաւիտ,0,1,1,1,0,3,3,1,,,,,,,0,1,0.685612614,,,,,,,,,,,,9,1,2019_Aug_08_1756,FaceNameBlocked,3.0.0,60.03319151,
112,FacesBlock4_v2.xlsx,Dylan.mp4,Dylan.JPG,Dylan,50,Տելան,0,3,3,3,,,,,0,6,6,5,,,,,,,,cayle,"['c', 'a', 'y', 'l', 'e', 'backspace', 'backspace', 'backspace', 'y', 'l', 'e']","[4.818659717999253, 5.151180120999925, 5.317997943999217, 5.651362830001744, 5.8343084549997, 6.43320772700099, 6.650728856002388, 6.849541006999061, 7.9838300890005485, 8.267009498002153, 8.433706855001219]",[4.81865,4.81865,3,1.035058565,,,9,1,2019_Aug_08_1756,FaceNameBlocked,3.0.0,60.03319151,
98,FacesBlock4_v2.xlsx,Dylan.mp4,Dylan.JPG,Dylan,50,Տելան,0,3,3,3,0,7,7,5,,,,,,,1,1,1.119202666,,,,,,,,,,,,9,1,2019_Aug_08_1756,FaceNameBlocked,3.0.0,60.03319151,
92,FacesBlock4_v2.xlsx,Emily.mp4,Emily.JPG,Emily,57,Էմիլե,0,3,3,3,0,1,1,12,,,,,,,1,2,0.786943737,,,,,,,,,,,,9,1,2019_Aug_08_1756,FaceNameBlocked,3.0.0,60.03319151,
106,FacesBlock4_v2.xlsx,Emily.mp4,Emily.JPG,Emily,57,Էմիլե,0,3,3,3,,,,,0,0,0,12,,,,,,space,2.634636431,emily,"['e', 'comma', 'i', 'l', 'y', 'backspace', 'backspace', 'backspace', 'm', 'i', 'l', 'y']","[5.284428164999554, 5.484219844001927, 5.800084957001673, 6.0337047670000175, 6.2166388950026885, 6.900099683000008, 7.098950182000408, 7.498979447002057, 7.783659042001091, 8.016558777002501, 8.216589833002217, 8.349962455002242]",[5.28442,5.28442,2,1.053033353,,,9,1,2019_Aug_08_1756,FaceNameBlocked,3.0.0,60.03319151,
18,FacesBlock1_v2.xlsx,Eric.mp4,Eric.JPG,Eric,0,Էրիգ,0,0,0,0,,,,,0,2,2,0,,,,,,,,nathan,"['n', 'a', 't', 'h', 'a', 'n']","[1.7850390450003033, 1.9681448789997376, 2.2517682149991742, 2.3841486319979595, 2.5510178660006204, 2.732690092998382]",[1.78503,1.78503,2,0.768923968,,,9,1,2019_Aug_08_1756,FaceNameBlocked,3.0.0,60.03319151,
2,FacesBlock1_v2.xlsx,Eric.mp4,Eric.JPG,Eric,0,Էրիգ,0,0,0,0,0,1,1,0,,,,,,,1,1,0.386319208,,,,,,,,,,,,9,1,2019_Aug_08_1756,FaceNameBlocked,3.0.0,60.03319151,
4,FacesBlock1_v2.xlsx,Ethan.mp4,Ethan.JPG,Ethan,11,Էդհան,0,0,0,0,0,3,3,11,,,,,,,1,1,1.069383157,,,,,,,,,,,,9,1,2019_Aug_08_1756,FaceNameBlocked,3.0.0,60.03319151,
26,FacesBlock1_v2.xlsx,Ethan.mp4,Ethan.JPG,Ethan,11,Էդհան,0,0,0,0,,,,,0,10,10,11,,,,,,,,tyler,"['t', 'y', 'l', 'e', 'r']","[1.7685525609995238, 1.9681883520024712, 2.1848565270011022, 2.417461324999749, 2.5676606360029837]",[1.76855,1.76855,3,0.485435213,,,9,1,2019_Aug_08_1756,FaceNameBlocked,3.0.0,60.03319151,
110,FacesBlock4_v2.xlsx,Grace.mp4,Grace.JPG,Grace,58,Կրագէ,0,3,3,3,,,,,0,4,4,13,,,,,,,,tiffany,"['t', 'i', 'f', 'f', 'n', 'backspace', 'a', 'n', 'y']","[6.91713909399914, 7.133878134001861, 7.499534916001721, 7.650128905999736, 8.066750845999195, 8.56614960799925, 8.816414539000107, 8.999092157999257, 9.21609708500182]",[6.91713,6.91713,2,0.952278999,,,9,1,2019_Aug_08_1756,FaceNameBlocked,3.0.0,60.03319151,
94,FacesBlock4_v2.xlsx,Grace.mp4,Grace.JPG,Grace,58,Կրագէ,0,3,3,3,0,3,3,13,,,,,,,0,2,0.583413993,,,,,,,,,,,,9,1,2019_Aug_08_1756,FaceNameBlocked,3.0.0,60.03319151,
47,FacesBlock2_v2.xlsx,Haley.mp4,Haley.JPG,Haley,20,Հալէե,0,1,1,1,,,,,0,1,1,5,,,,,,,,ashley,"['a', 's', 'h', 'l', 'e', 'y']","[2.3178625239997928, 2.550936785999511, 2.7016274589987006, 3.2514169409987517, 3.5178108910004084, 3.7846321209981397]",[2.31786,2.31786,4,0.968602145,,,9,1,2019_Aug_08_1756,FaceNameBlocked,3.0.0,60.03319151,
38,FacesBlock2_v2.xlsx,Haley.mp4,Haley.JPG,Haley,20,Հալէե,0,1,1,1,0,7,7,5,,,,,,,0,2,0.386009311,,,,,,,,,,,,9,1,2019_Aug_08_1756,FaceNameBlocked,3.0.0,60.03319151,
1,FacesBlock1_v2.xlsx,Hannah.mp4,Hannah.JPG,Hannah,1,Հաննահ,0,0,0,0,0,0,0,1,,,,,,,1,2,1.55240374,,,,,,,,,,,,9,1,2019_Aug_08_1756,FaceNameBlocked,3.0.0,60.03319151,
16,FacesBlock1_v2.xlsx,Hannah.mp4,Hannah.JPG,Hannah,1,Հաննահ,0,0,0,0,,,,,0,0,0,1,,,,,,space,16.9800189,jessica,"['j', 'e', 's', 's', 'i', 'c', 'a']","[4.317709971997829, 4.550423749999027, 4.767247600000701, 4.9003988839976955, 5.098534451997693, 5.2167422649981745, 5.433901560998493]",[4.31770,4.31770,3,3.618049853,,,9,1,2019_Aug_08_1756,FaceNameBlocked,3.0.0,60.03319151,
52,FacesBlock2_v2.xlsx,Heather.mp4,Heather.JPG,Heather,26,Հէադհէր,0,1,1,1,,,,,0,6,6,11,,,,,,,,amy,"['a', 'm', 'y']","[4.918081453000923, 5.100935823000327, 5.334188048000215]",[4.91808,4.91808,1,1.235264207,,,9,1,2019_Aug_08_1756,FaceNameBlocked,3.0.0,60.03319151,
45,FacesBlock2_v2.xlsx,Heather.mp4,Heather.JPG,Heather,26,Հէադհէր,0,1,1,1,0,14,14,11,,,,,,,1,2,0.65314179,,,,,,,,,,,,9,1,2019_Aug_08_1756,FaceNameBlocked,3.0.0,60.03319151,
78,FacesBlock3_v2.xlsx,Jacob.mp4,Jacob.JPG,Jacob,39,Ճագոբ,0,2,2,2,,,,,0,2,2,9,,,,,,,,jacob,"['j', 'a', 'c', 'o', 'b']","[1.3346688249985164, 1.4516136599995662, 2.451233275998675, 2.6011951940017752, 2.7345164680009475]",[1.33466,1.33466,4,0.266203465,,,9,1,2019_Aug_08_1756,FaceNameBlocked,3.0.0,60.03319151,
68,FacesBlock3_v2.xlsx,Jacob.mp4,Jacob.JPG,Jacob,39,Ճագոբ,0,2,2,2,0,7,7,9,,,,,,,1,1,0.819624106,,,,,,,,,,,,9,1,2019_Aug_08_1756,FaceNameBlocked,3.0.0,60.03319151,
97,FacesBlock4_v2.xlsx,Jason.mp4,Jason.JPG,Jason,49,Ճասոն,0,3,3,3,0,6,6,4,,,,,,,0,1,0.702768201,,,,,,,,,,,,9,1,2019_Aug_08_1756,FaceNameBlocked,3.0.0,60.03319151,
115,FacesBlock4_v2.xlsx,Jason.mp4,Jason.JPG,Jason,49,Ճասոն,0,3,3,3,,,,,0,9,9,4,,,,,,,,michael,"['m', 'i', 'c', 'h', 'a', 'e', 'l']","[2.3674208150005143, 2.584561315001338, 2.767444732002332, 2.9011443279996456, 3.0841533910024737, 3.3176391440028965, 3.4509465060000366]",[2.36742,2.36742,4,0.302666859,,,9,1,2019_Aug_08_1756,FaceNameBlocked,3.0.0,60.03319151,
17,FacesBlock1_v2.xlsx,Jenna.mp4,Jenna.JPG,Jenna,6,Ճէննա,0,0,0,0,,,,,0,1,1,6,,,,,,,,jenna,"['j', 'e', 'n', 'n', 'a']","[3.1517586830013897, 3.332608993998292, 3.532960518001346, 3.701588495001488, 3.8350452269987727]",[3.15175,3.15175,2,1.435084413,,,9,1,2019_Aug_08_1756,FaceNameBlocked,3.0.0,60.03319151,
8,FacesBlock1_v2.xlsx,Jenna.mp4,Jenna.JPG,Jenna,6,Ճէննա,0,0,0,0,0,7,7,6,,,,,,,1,2,0.518926231,,,,,,,,,,,,9,1,2019_Aug_08_1756,FaceNameBlocked,3.0.0,60.03319151,
41,FacesBlock2_v2.xlsx,Jeremy.mp4,Jeremy.JPG,Jeremy,15,Ճէրէմե,0,1,1,1,0,10,10,0,,,,,,,0,1,0.769928146,,,,,,,,,,,,9,1,2019_Aug_08_1756,FaceNameBlocked,3.0.0,60.03319151,
60,FacesBlock2_v2.xlsx,Jeremy.mp4,Jeremy.JPG,Jeremy,15,Ճէրէմե,0,1,1,1,,,,,0,14,14,0,,,,,,,,james,"['j', 'a', 'm', 'e', 's']","[4.514669034997496, 4.750066944998252, 4.915429314998619, 5.100195773000451, 5.6169899470005475]",[4.51466,4.51466,2,0.685044991,,,9,1,2019_Aug_08_1756,FaceNameBlocked,3.0.0,60.03319151,
20,FacesBlock1_v2.xlsx,Jessica.mp4,Jessica.JPG,Jessica,8,Ճէսսիգա,0,0,0,0,,,,,0,4,4,8,,,,,,,,natalie,"['n', 'a', 't', 'a', 'l', 'i', 'e']","[2.1351411450013984, 2.467990437999106, 2.701704143000825, 2.918038305000664, 3.468105343999923, 3.734713918001944, 3.9845737499999814]",[2.13514,2.13514,4,1.134438684,,,9,1,2019_Aug_08_1756,FaceNameBlocked,3.0.0,60.03319151,
9,FacesBlock1_v2.xlsx,Jessica.mp4,Jessica.JPG,Jessica,8,Ճէսսիգա,0,0,0,0,0,8,8,8,,,,,,,0,2,0.552957307,,,,,,,,,,,,9,1,2019_Aug_08_1756,FaceNameBlocked,3.0.0,60.03319151,
51,FacesBlock2_v2.xlsx,Josh.mp4,Josh.JPG,Josh,19,Ճոսհ,0,1,1,1,,,,,0,5,5,4,,,,,,,,josh,"['j', 'o', 's', 'h']","[1.4013991079991683, 1.5680899519975355, 1.835315148000518, 2.0496527979994426]",[1.40139,1.40139,4,0.302056868,,,9,1,2019_Aug_08_1756,FaceNameBlocked,3.0.0,60.03319151,
35,FacesBlock2_v2.xlsx,Josh.mp4,Josh.JPG,Josh,19,Ճոսհ,0,1,1,1,0,4,4,4,,,,,,,0,1,0.636476825,,,,,,,,,,,,9,1,2019_Aug_08_1756,FaceNameBlocked,3.0.0,60.03319151,
21,FacesBlock1_v2.xlsx,Julia.mp4,Julia.JPG,Julia,13,Ճըլիա,0,0,0,0,,,,,0,5,5,13,,,,,,,,emma,"['e', 'm', 'm', 'a']","[2.684742350000306, 2.9846943939992343, 3.151278943998477, 3.3843049719980627]",[2.68474,2.68474,1,1.034607472,,,9,1,2019_Aug_08_1756,FaceNameBlocked,3.0.0,60.03319151,
10,FacesBlock1_v2.xlsx,Julia.mp4,Julia.JPG,Julia,13,Ճըլիա,0,0,0,0,0,9,9,13,,,,,,,0,2,0.78585917,,,,,,,,,,,,9,1,2019_Aug_08_1756,FaceNameBlocked,3.0.0,60.03319151,
54,FacesBlock2_v2.xlsx,Justin.mp4,Justin.JPG,Justin,27,Ճըսդին,0,1,1,1,,,,,0,8,8,12,,,,,,,,jeremy,"['j', 'e', 'r', 'e', 'm', 'y']","[3.9847778439980175, 4.250976799001364, 4.4175736920005875, 4.5176276300007885, 4.700481690000743, 4.9170233010008815]",[3.98477,3.98477,3,0.452191686,,,9,1,2019_Aug_08_1756,FaceNameBlocked,3.0.0,60.03319151,
36,FacesBlock2_v2.xlsx,Justin.mp4,Justin.JPG,Justin,27,Ճըսդին,0,1,1,1,0,5,5,12,,,,,,,1,1,0.652799998,,,,,,,,,,,,9,1,2019_Aug_08_1756,FaceNameBlocked,3.0.0,60.03319151,
116,FacesBlock4_v2.xlsx,Katie.mp4,Katie.JPG,Katie,54,Քադիէ,0,3,3,3,,,,,0,10,10,9,,,,,,,,katie,"['k', 'a', 't', 'i', 'e']","[1.852292085000954, 2.0022267370004556, 2.2669484430007287, 2.402501344000484, 2.5015048519999254]",[1.85229,1.85229,4,0.25180537,,,9,1,2019_Aug_08_1756,FaceNameBlocked,3.0.0,60.03319151,
101,FacesBlock4_v2.xlsx,Katie.mp4,Katie.JPG,Katie,54,Քադիէ,0,3,3,3,0,10,10,9,,,,,,,0,2,0.670201488,,,,,,,,,,,,9,1,2019_Aug_08_1756,FaceNameBlocked,3.0.0,60.03319151,
75,FacesBlock3_v2.xlsx,Kayla.mp4,Kayla.JPG,Kayla,34,Սարահ,0,2,2,2,0,14,14,4,,,,,,,1,2,1.169579262,,,,,,,,,,,,9,1,2019_Aug_08_1756,FaceNameBlocked,3.0.0,60.03319151,
86,FacesBlock3_v2.xlsx,Kayla.mp4,Kayla.JPG,Kayla,34,Սարահ,0,2,2,2,,,,,0,10,10,4,,,,,,,,k,"['k', 'backspace', 'k']","[6.898883895999461, 8.999454248001712, 9.882453734000592]",[6.89888,6.89888,2,2.085180634,,,9,1,2019_Aug_08_1756,FaceNameBlocked,3.0.0,60.03319151,
5,FacesBlock1_v2.xlsx,Kelsey.mp4,Kelsey.JPG,Kelsey,12,Քէլսէե,0,0,0,0,0,4,4,12,,,,,,,1,2,0.570281851,,,,,,,,,,,,9,1,2019_Aug_08_1756,FaceNameBlocked,3.0.0,60.03319151,
29,FacesBlock1_v2.xlsx,Kelsey.mp4,Kelsey.JPG,Kelsey,12,Քէլսէե,0,0,0,0,,,,,0,13,13,12,,,,,,,,lily,"['l', 'i', 'l', 'y']","[7.813893703001668, 8.066688243001408, 8.416094074000284, 8.616103760999977]",[7.81389,7.81389,1,0.501272953,,,9,1,2019_Aug_08_1756,FaceNameBlocked,3.0.0,60.03319151,
84,FacesBlock3_v2.xlsx,Kevin.mp4,Kevin.JPG,Kevin,41,Քէւին,0,2,2,2,,,,,0,8,8,11,,,,,,,,,None,,,,1,1.002093354,,,9,1,2019_Aug_08_1756,FaceNameBlocked,3.0.0,60.03319151,
73,FacesBlock3_v2.xlsx,Kevin.mp4,Kevin.JPG,Kevin,41,Քէւին,0,2,2,2,0,12,12,11,,,,,,,1,1,0.535993999,,,,,,,,,,,,9,1,2019_Aug_08_1756,FaceNameBlocked,3.0.0,60.03319151,
12,FacesBlock1_v2.xlsx,Kyle.mp4,Kyle.JPG,Kyle,4,Քելէ,0,0,0,0,0,11,11,4,,,,,,,1,1,0.103105541,,,,,,,,,,,,9,1,2019_Aug_08_1756,FaceNameBlocked,3.0.0,60.03319151,
23,FacesBlock1_v2.xlsx,Kyle.mp4,Kyle.JPG,Kyle,4,Քելէ,0,0,0,0,,,,,0,7,7,4,,,,,,,,,None,,,,1,1.851984567,,,9,1,2019_Aug_08_1756,FaceNameBlocked,3.0.0,60.03319151,
85,FacesBlock3_v2.xlsx,Lauren.mp4,Lauren.JPG,Lauren,38,Լաըրէն,0,2,2,2,,,,,0,9,9,8,,,,,,,,laura,"['l', 'a', 'u', 'r', 'a']","[2.2345308650001243, 2.451691299000231, 2.718033605000528, 2.9178061800012074, 3.2183855190014583]",[2.23453,2.23453,4,0.835406903,,,9,1,2019_Aug_08_1756,FaceNameBlocked,3.0.0,60.03319151,
63,FacesBlock3_v2.xlsx,Lauren.mp4,Lauren.JPG,Lauren,38,Լաըրէն,0,2,2,2,0,2,2,8,,,,,,,1,2,0.652860255,,,,,,,,,,,,9,1,2019_Aug_08_1756,FaceNameBlocked,3.0.0,60.03319151,
66,FacesBlock3_v2.xlsx,Mark.mp4,Mark.JPG,Mark,40,Մարք,0,2,2,2,0,5,5,10,,,,,,,1,1,0.903109453,,,,,,,,,,,,9,1,2019_Aug_08_1756,FaceNameBlocked,3.0.0,60.03319151,
77,FacesBlock3_v2.xlsx,Mark.mp4,Mark.JPG,Mark,40,Մարք,0,2,2,2,,,,,0,1,1,10,,,,,,,,justin,"['j', 'u', 's', 't', 'i', 'n']","[4.668199716001254, 5.115955350000149, 5.317912382000941, 5.533740802002285, 5.800855083001807, 6.067255367001053]",[4.66819,4.66819,2,1.535103695,,,9,1,2019_Aug_08_1756,FaceNameBlocked,3.0.0,60.03319151,
24,FacesBlock1_v2.xlsx,Matthew.mp4,Matthew.JPG,Matthew,9,Մադդհէվ,0,0,0,0,,,,,0,8,8,9,,,,,,,,,None,,,,1,0.785332947,,,9,1,2019_Aug_08_1756,FaceNameBlocked,3.0.0,60.03319151,
13,FacesBlock1_v2.xlsx,Matthew.mp4,Matthew.JPG,Matthew,9,Մադդհէվ,0,0,0,0,0,12,12,9,,,,,,,0,1,0.252681531,,,,,,,,,,,,9,1,2019_Aug_08_1756,FaceNameBlocked,3.0.0,60.03319151,
56,FacesBlock2_v2.xlsx,Megan.mp4,Megan.JPG,Megan,25,Մէկան,0,1,1,1,,,,,0,10,10,10,,,,,,,,madeleine,"['m', 'a', 'd', 'e', 'l', 'e', 'e', 'i', 'n', 'backspace', 'backspace', 'backspace', 'i', 'n', 'e']","[2.6509841599981883, 3.067668068997591, 3.6005119000001287, 3.900144059000013, 4.116895901999669, 4.633894080998289, 4.731812160000118, 4.931970541998453, 5.06694514999981, 5.499129452997295, 5.699588942999981, 5.931695611998293, 6.483478668997122, 6.64983238700006, 6.733771473998786]",[2.65098,2.65098,2,1.051334176,,,9,1,2019_Aug_08_1756,FaceNameBlocked,3.0.0,60.03319151,
42,FacesBlock2_v2.xlsx,Megan.mp4,Megan.JPG,Megan,25,Մէկան,0,1,1,1,0,11,11,10,,,,,,,0,2,0.552959423,,,,,,,,,,,,9,1,2019_Aug_08_1756,FaceNameBlocked,3.0.0,60.03319151,
118,FacesBlock4_v2.xlsx,Michael.mp4,Michael.JPG,Michael,46,Միգհաէլ,0,3,3,3,,,,,0,12,12,1,,,,,,,,justin,"['j', 'u', 's', 't', 'i', 'n']","[5.083691402000113, 5.35023757199815, 5.567206088999228, 5.784009768998658, 5.900443061997066, 6.10023178299889]",[5.08369,5.08369,2,0.318636423,,,9,1,2019_Aug_08_1756,FaceNameBlocked,3.0.0,60.03319151,
95,FacesBlock4_v2.xlsx,Michael.mp4,Michael.JPG,Michael,46,Միգհաէլ,0,3,3,3,0,4,4,1,,,,,,,1,1,0.93658929,,,,,,,,,,,,9,1,2019_Aug_08_1756,FaceNameBlocked,3.0.0,60.03319151,
100,FacesBlock4_v2.xlsx,Michelle.mp4,Michelle.JPG,Michelle,52,Միգհէլլէ,0,3,3,3,0,9,9,7,,,,,,,0,2,0.686839311,,,,,,,,,,,,9,1,2019_Aug_08_1756,FaceNameBlocked,3.0.0,60.03319151,
119,FacesBlock4_v2.xlsx,Michelle.mp4,Michelle.JPG,Michelle,52,Միգհէլլէ,0,3,3,3,,,,,0,13,13,7,,,,,,,,michelle,"['m', 'i', 'c', 'h', 'e', 'l', 'l', 'e']","[2.60158660900197, 3.151352398999734, 3.41845936000027, 3.5516529510023247, 3.867836747002002, 4.367986673001724, 4.517894356999022, 4.651354010002251]",[2.60158,2.60158,4,0.218886664,,,9,1,2019_Aug_08_1756,FaceNameBlocked,3.0.0,60.03319151,
7,FacesBlock1_v2.xlsx,Natalie.mp4,Natalie.JPG,Natalie,7,Նադալիէ,0,0,0,0,0,6,6,7,,,,,,,0,2,0.318815323,,,,,,,,,,,,9,1,2019_Aug_08_1756,FaceNameBlocked,3.0.0,60.03319151,
27,FacesBlock1_v2.xlsx,Natalie.mp4,Natalie.JPG,Natalie,7,Նադալիէ,0,0,0,0,,,,,0,11,11,7,,,,,,,,natasha,"['n', 'a', 'a', 'backspace', 't', 'h', 'backspace', 'a', 's', 'h', 'a']","[3.334262074000435, 4.217173098000785, 4.367065546000958, 5.149803366999549, 5.450141812998481, 6.116640574000485, 6.949034624001797, 7.366347800998483, 7.549499849999847, 7.665940836999653, 7.814170145000389]",[3.33426,3.33426,3,0.718878442,,,9,1,2019_Aug_08_1756,FaceNameBlocked,3.0.0,60.03319151,
69,FacesBlock3_v2.xlsx,Nathan.mp4,Nathan.JPG,Nathan,37,Նադհան,0,2,2,2,0,8,8,7,,,,,,,0,1,0.63672355,,,,,,,,,,,,9,1,2019_Aug_08_1756,FaceNameBlocked,3.0.0,60.03319151,
87,FacesBlock3_v2.xlsx,Nathan.mp4,Nathan.JPG,Nathan,37,Նադհան,0,2,2,2,,,,,0,11,11,7,,,,,,,,tr,"['l', 'u', 'backspace', 'backspace', 't', 'r']","[3.9177309180013253, 4.517296817000897, 5.033257320999837, 5.266367776999687, 9.532335717998649, 9.765350208999735]",[3.91773,3.91773,2,1.069266685,,,9,1,2019_Aug_08_1756,FaceNameBlocked,3.0.0,60.03319151,
62,FacesBlock3_v2.xlsx,Nicole.mp4,Nicole.JPG,Nicole,43,Նիգոլէ,0,2,2,2,0,1,1,13,,,,,,,0,2,0.619748783,,,,,,,,,,,,9,1,2019_Aug_08_1756,FaceNameBlocked,3.0.0,60.03319151,
83,FacesBlock3_v2.xlsx,Nicole.mp4,Nicole.JPG,Nicole,43,Նիգոլէ,0,2,2,2,,,,,0,7,7,13,,,,,,,,shelby,"['s', 'h', 'e', 'l', 'b', 'y']","[7.86703694300013, 8.150249784001062, 8.349697495999862, 9.166667154000606, 9.332658176001132, 9.766278787003102]",[7.86703,7.86703,4,0.918538001,,,9,1,2019_Aug_08_1756,FaceNameBlocked,3.0.0,60.03319151,
79,FacesBlock3_v2.xlsx,Noah.mp4,Noah.JPG,Noah,31,Նոահ,0,2,2,2,,,,,0,3,3,1,,,,,,,,noah,"['n', 'o', 'a', 'h']","[8.599280739003007, 9.048950142001559, 9.232397038002091, 9.49865561900151]",[8.59928,8.59928,2,0.734749377,,,9,1,2019_Aug_08_1756,FaceNameBlocked,3.0.0,60.03319151,
64,FacesBlock3_v2.xlsx,Noah.mp4,Noah.JPG,Noah,31,Նոահ,0,2,2,2,0,3,3,1,,,,,,,0,1,0.485998786,,,,,,,,,,,,9,1,2019_Aug_08_1756,FaceNameBlocked,3.0.0,60.03319151,
88,FacesBlock3_v2.xlsx,Olivia.mp4,Olivia.JPG,Olivia,35,Ոլիւիա,0,2,2,2,,,,,0,12,12,5,,,,,,,,,None,,,,1,1.168751942,,,9,1,2019_Aug_08_1756,FaceNameBlocked,3.0.0,60.03319151,
61,FacesBlock3_v2.xlsx,Olivia.mp4,Olivia.JPG,Olivia,35,Ոլիւիա,0,2,2,2,0,0,0,5,,,,,,,1,2,1.719201326,,,,,,,,,,,,9,1,2019_Aug_08_1756,FaceNameBlocked,3.0.0,60.03319151,
48,FacesBlock2_v2.xlsx,Rachel.mp4,Rachel.JPG,Rachel,29,Րագհէլ,0,1,1,1,,,,,0,2,2,14,,,,,,,,megan,"['m', 'e', 'g', 'a', 'n']","[2.7344954649997817, 2.917822935000004, 3.167739139000332, 3.351331494999613, 3.518080279998685]",[2.73449,2.73449,2,0.869183954,,,9,1,2019_Aug_08_1756,FaceNameBlocked,3.0.0,60.03319151,
32,FacesBlock2_v2.xlsx,Rachel.mp4,Rachel.JPG,Rachel,29,Րագհէլ,0,1,1,1,0,1,1,14,,,,,,,1,2,0.819461071,,,,,,,,,,,,9,1,2019_Aug_08_1756,FaceNameBlocked,3.0.0,60.03319151,
76,FacesBlock3_v2.xlsx,Rebecca.mp4,Rebecca.JPG,Rebecca,32,Րէբէգգա,0,2,2,2,,,,,0,0,0,2,,,,,,space,2.56764056,rebecca,"['r', 'e', 'b', 'e', 'c', 'c', 'a']","[1.5350478639993526, 1.7183031550011947, 1.8685176159997354, 2.001391155001329, 3.0178185500008112, 3.1680229539997526, 3.6677076060004765]",[1.53504,1.53504,4,0.286477249,,,9,1,2019_Aug_08_1756,FaceNameBlocked,3.0.0,60.03319151,
72,FacesBlock3_v2.xlsx,Rebecca.mp4,Rebecca.JPG,Rebecca,32,Րէբէգգա,0,2,2,2,0,11,11,2,,,,,,,1,2,0.886774917,,,,,,,,,,,,9,1,2019_Aug_08_1756,FaceNameBlocked,3.0.0,60.03319151,
65,FacesBlock3_v2.xlsx,Sarah.mp4,Sarah.JPG,Sarah,33,Սարահ,0,2,2,2,0,4,4,3,,,,,,,0,2,0.81970587,,,,,,,,,,,,9,1,2019_Aug_08_1756,FaceNameBlocked,3.0.0,60.03319151,
81,FacesBlock3_v2.xlsx,Sarah.mp4,Sarah.JPG,Sarah,33,Սարահ,0,2,2,2,,,,,0,5,5,3,,,,,,,,ashley,"['a', 's', 'h', 'l', 'e', 'y']","[2.2677970139993704, 4.667090326998732, 4.867044364997128, 5.516742073999922, 5.683724622998852, 5.950341218998801]",[2.26779,2.26779,2,0.902114485,,,9,1,2019_Aug_08_1756,FaceNameBlocked,3.0.0,60.03319151,
70,FacesBlock3_v2.xlsx,Shelby.mp4,Shelby.JPG,Shelby,36,Սհէլբե,0,2,2,2,0,9,9,6,,,,,,,1,2,1.120529554,,,,,,,,,,,,9,1,2019_Aug_08_1756,FaceNameBlocked,3.0.0,60.03319151,
89,FacesBlock3_v2.xlsx,Shelby.mp4,Shelby.JPG,Shelby,36,Սհէլբե,0,2,2,2,,,,,0,13,13,6,,,,,,,,melissa,"['m', 'e', 'l', 'i', 's', 's', 'a']","[6.916404119001527, 7.167291215002479, 7.366200615000707, 7.59912914600136, 7.749571762000414, 7.932798994999757, 8.149467244002153]",[6.91640,6.91640,1,0.768671887,,,9,1,2019_Aug_08_1756,FaceNameBlocked,3.0.0,60.03319151,
57,FacesBlock2_v2.xlsx,Steven.mp4,Steven.JPG,Steven,17,Սդէւէն,0,1,1,1,,,,,0,11,11,2,,,,,,,,steven,"['s', 't', 'e', 'v', 'e', 'n']","[1.0019008509989362, 1.351862726998661, 1.619145352000487, 1.7681862129975343, 1.9354837379978562, 2.068699072999152]",[1.00190,1.00190,4,1.149825964,,,9,1,2019_Aug_08_1756,FaceNameBlocked,3.0.0,60.03319151,
44,FacesBlock2_v2.xlsx,Steven.mp4,Steven.JPG,Steven,17,Սդէւէն,0,1,1,1,0,13,13,2,,,,,,,0,1,0.252401126,,,,,,,,,,,,9,1,2019_Aug_08_1756,FaceNameBlocked,3.0.0,60.03319151,
109,FacesBlock4_v2.xlsx,Taylor.mp4,Taylor.JPG,Taylor,45,Դաելոր,0,3,3,3,,,,,0,3,3,0,,,,,,,,taylor,"['t', 'a', 'y', 'l', 'o', 'r']","[3.8015359710007033, 3.985079753998434, 4.101594183000998, 4.567994706998434, 4.734427645998949, 4.901575847998174]",[3.80153,3.80153,4,0.28563822,,,9,1,2019_Aug_08_1756,FaceNameBlocked,3.0.0,60.03319151,
104,FacesBlock4_v2.xlsx,Taylor.mp4,Taylor.JPG,Taylor,45,Դաելոր,0,3,3,3,0,13,13,0,,,,,,,1,2,1.536182319,,,,,,,,,,,,9,1,2019_Aug_08_1756,FaceNameBlocked,3.0.0,60.03319151,
74,FacesBlock3_v2.xlsx,Thomas.mp4,Thomas.JPG,Thomas,44,Դհոմաս,0,2,2,2,0,13,13,14,,,,,,,0,1,0.753010291,,,,,,,,,,,,9,1,2019_Aug_08_1756,FaceNameBlocked,3.0.0,60.03319151,
82,FacesBlock3_v2.xlsx,Thomas.mp4,Thomas.JPG,Thomas,44,Դհոմաս,0,2,2,2,,,,,0,6,6,14,,,,,,,,,None,,,,2,0.901866413,,,9,1,2019_Aug_08_1756,FaceNameBlocked,3.0.0,60.03319151,
30,FacesBlock1_v2.xlsx,Timothy.mp4,Timothy.JPG,Timothy,10,Դիմոդհե,0,0,0,0,,,,,0,14,14,10,,,,,,,,,None,,,,1,1.102113283,,,9,1,2019_Aug_08_1756,FaceNameBlocked,3.0.0,60.03319151,
15,FacesBlock1_v2.xlsx,Timothy.mp4,Timothy.JPG,Timothy,10,Դիմոդհե,0,0,0,0,0,14,14,10,,,,,,,1,1,0.403846221,,,,,,,,,,,,9,1,2019_Aug_08_1756,FaceNameBlocked,3.0.0,60.03319151,
49,FacesBlock2_v2.xlsx,Trevor.mp4,Trevor.JPG,Trevor,21,Դրէւոր,0,1,1,1,,,,,0,3,3,6,,,,,,,,,"['c', 'o', 'backspace', 'backspace']","[5.033370143999491, 5.266557560997171, 6.199330966999696, 6.499134369998501]",[5.03337,5.03337,1,1.152318154,,,9,1,2019_Aug_08_1756,FaceNameBlocked,3.0.0,60.03319151,
39,FacesBlock2_v2.xlsx,Trevor.mp4,Trevor.JPG,Trevor,21,Դրէւոր,0,1,1,1,0,8,8,6,,,,,,,1,1,0.536168256,,,,,,,,,,,,9,1,2019_Aug_08_1756,FaceNameBlocked,3.0.0,60.03319151,
58,FacesBlock2_v2.xlsx,Tyler.mp4,Tyler.JPG,Tyler,22,Դելէր,0,1,1,1,,,,,0,12,12,7,,,,,,,,fred,"['f', 'r', 'e', 'd']","[2.368528344999504, 2.618350010998256, 2.8515276340003766, 3.068366947998584]",[2.36852,2.36852,2,0.784724184,,,9,1,2019_Aug_08_1756,FaceNameBlocked,3.0.0,60.03319151,
40,FacesBlock2_v2.xlsx,Tyler.mp4,Tyler.JPG,Tyler,22,Դելէր,0,1,1,1,0,9,9,7,,,,,,,1,1,0.536550262,,,,,,,,,,,,9,1,2019_Aug_08_1756,FaceNameBlocked,3.0.0,60.03319151,
0,,,,,,,,,,,,,,,,,,,space,39.47383762,,,,,,,,,,,,,,,9,1,2019_Aug_08_1756,FaceNameBlocked,3.0.0,60.03319151,
121,,,,,,,,,,,,,,,,,,,,,,,,,,,,,,,,,space,59141.03555,9,1,2019_Aug_08_1756,FaceNameBlocked,3.0.0,60.03319151,