,condsFile,Video,Photo,Name,Row,videoFrame,blocks.thisRepN,blocks.thisTrialN,blocks.thisN,blocks.thisIndex,presentations.thisRepN,presentations.thisTrialN,presentations.thisN,presentations.thisIndex,testing.thisRepN,testing.thisTrialN,testing.thisN,testing.thisIndex,currentCond,judgementResp.keys,judgementResp.rt,inputText,key_resp_3.keys,key_resp_3.rt,,key_resp3_fin,rating_resp.keys,participant,session,date,expName,psychopyVersion,frameRate,Unnamed: 31
1,FacesBlock2.xlsx,Aaron.mp4,Aaron.JPG,Aaron,15,videoFrameAaron.png,0,0,0,1,0,0,0,0,,,,,1,1,1.185886829,,,,,,,12,1,2019_Jul_17_1401,FaceNameControl_Picture&Audio,3.0.4,59.96807077,
26,FacesBlock2.xlsx,Aaron.mp4,Aaron.JPG,Aaron,15,videoFrameAaron.png,0,0,0,1,,,,,0,10,10,0,,,,Shawn,"['lshift', 's', 'd', 'h', 'backspace', 'backspace', 'h', 'a', 'w', 'n']","[3.54951483104378, 3.717436980456114, 3.7386675802990794, 3.900935168378055, 4.266771676018834, 4.400289261713624, 5.065210929140449, 5.2169997952878475, 5.333794347010553, 5.4482739409431815]",[3.54951,3.54951,1,12,1,2019_Jul_17_1401,FaceNameControl_Picture&Audio,3.0.4,59.96807077,
112,FacesBlock1.xlsx,Adam.mp4,Adam.JPG,Adam,0,videoFrameAdam.png,0,3,3,0,,,,,0,6,6,0,,,,Ben,"['lshift', 'b', 'e', 'n']","[9.297588544897735, 9.448752413503826, 9.64882853999734, 9.732592794112861]",[9.29758,9.29758,1,12,1,2019_Jul_17_1401,FaceNameControl_Picture&Audio,3.0.4,59.96807077,
100,FacesBlock1.xlsx,Adam.mp4,Adam.JPG,Adam,0,videoFrameAdam.png,0,3,3,0,0,9,9,0,,,,,0,1,0.703186412,,,,,,,12,1,2019_Jul_17_1401,FaceNameControl_Picture&Audio,3.0.4,59.96807077,
35,FacesBlock4.xlsx,Alyssa.mp4,Alyssa.JPG,Alyssa,45,videoFrameAlyssa.png,0,1,1,3,0,4,4,0,,,,,0,2,0.519840416,,,,,,,12,1,2019_Jul_17_1401,FaceNameControl_Picture&Audio,3.0.4,59.96807077,
58,FacesBlock4.xlsx,Alyssa.mp4,Alyssa.JPG,Alyssa,45,videoFrameAlyssa.png,0,1,1,3,,,,,0,12,12,0,,,,Charlott,"['lshift', 'c', 'h', 'a', 'r', 'l', 'o', 't', 't', 'e', 'backspace', 'equal']","[6.998726577498019, 7.349474194459617, 7.683394460938871, 7.950097815133631, 8.149472730234265, 8.366085141897202, 8.7162377955392, 9.03079139534384, 9.182572670280933, 9.38248168490827, 9.865317683666945, 9.949180048890412]",[6.99872,6.99872,1,12,1,2019_Jul_17_1401,FaceNameControl_Picture&Audio,3.0.4,59.96807077,
116,FacesBlock1.xlsx,Amanda.mp4,Amanda.JPG,Amanda,1,videoFrameAmanda.png,0,3,3,0,,,,,0,10,10,1,,,,,None,,,,1,12,1,2019_Jul_17_1401,FaceNameControl_Picture&Audio,3.0.4,59.96807077,
93,FacesBlock1.xlsx,Amanda.mp4,Amanda.JPG,Amanda,1,videoFrameAmanda.png,0,3,3,0,0,2,2,1,,,,,0,2,0.287550275,,,,,,,12,1,2019_Jul_17_1401,FaceNameControl_Picture&Audio,3.0.4,59.96807077,
38,FacesBlock4.xlsx,Andrew.mp4,Andrew.JPG,Andrew,46,videoFrameAndrew.png,0,1,1,3,0,7,7,1,,,,,1,1,0.368982526,,,,,,,12,1,2019_Jul_17_1401,FaceNameControl_Picture&Audio,3.0.4,59.96807077,
57,FacesBlock4.xlsx,Andrew.mp4,Andrew.JPG,Andrew,46,videoFrameAndrew.png,0,1,1,3,,,,,0,11,11,1,,,,Caleb,"['lshift', 'c', 'a', 'l', 'e', 'b']","[2.9665840854868293, 3.0673257960006595, 3.3011738173663616, 3.4670302430167794, 3.583674194291234, 3.7341983737424016]",[2.96658,2.96658,1,12,1,2019_Jul_17_1401,FaceNameControl_Picture&Audio,3.0.4,59.96807077,
43,FacesBlock4.xlsx,Anna.mp4,Anna.JPG,Anna,47,videoFrameAnna.png,0,1,1,3,0,12,12,2,,,,,0,2,0.836231174,,,,,,,12,1,2019_Jul_17_1401,FaceNameControl_Picture&Audio,3.0.4,59.96807077,
47,FacesBlock4.xlsx,Anna.mp4,Anna.JPG,Anna,47,videoFrameAnna.png,0,1,1,3,,,,,0,1,1,2,,,,Ada,"['lshift', 'a', 'd', 'a']","[6.915519178844988, 7.017499570734799, 7.249702581204474, 7.331944898702204]",[6.91551,6.91551,4,12,1,2019_Jul_17_1401,FaceNameControl_Picture&Audio,3.0.4,59.96807077,
11,FacesBlock2.xlsx,Ashley.mp4,Ashley.JPG,Ashley,16,videoFrameAshley.png,0,0,0,1,0,10,10,1,,,,,0,2,0.28527784,,,,,,,12,1,2019_Jul_17_1401,FaceNameControl_Picture&Audio,3.0.4,59.96807077,
30,FacesBlock2.xlsx,Ashley.mp4,Ashley.JPG,Ashley,16,videoFrameAshley.png,0,0,0,1,,,,,0,14,14,1,,,,Brittany,"['lshift', 'b', 'r', 'i', 't', 't', 'a', 'n', 'y']","[4.466956630349159, 4.584823462180793, 4.884516361169517, 5.067983155138791, 5.38465862441808, 5.517790449783206, 5.734136171638966, 5.8175880229100585, 6.05100932251662]",[4.46695,4.46695,1,12,1,2019_Jul_17_1401,FaceNameControl_Picture&Audio,3.0.4,59.96807077,
105,FacesBlock1.xlsx,Bradley.mp4,Bradley.JPG,Bradley,2,videoFrameBradley.png,0,3,3,0,0,14,14,2,,,,,0,1,0.553144128,,,,,,,12,1,2019_Jul_17_1401,FaceNameControl_Picture&Audio,3.0.4,59.96807077,
119,FacesBlock1.xlsx,Bradley.mp4,Bradley.JPG,Bradley,2,videoFrameBradley.png,0,3,3,0,,,,,0,13,13,2,,,,Tim,"['lshift', 't', 'i', 'm']","[2.26642382517457, 2.4017715035006404, 2.768640471622348, 2.9517195876687765]",[2.26642,2.26642,1,12,1,2019_Jul_17_1401,FaceNameControl_Picture&Audio,3.0.4,59.96807077,
52,FacesBlock4.xlsx,Brandon.mp4,Brandon.JPG,Brandon,48,videoFrameBrandon.png,0,1,1,3,,,,,0,6,6,3,,,,Brandon,"['lshift', 'b', 'r', 'a', 'n', 'd', 'o', 'n']","[2.9165718406438828, 3.0340648107230663, 3.2344498205929995, 3.3845742847770452, 3.483825897797942, 3.581976778805256, 3.7176745580509305, 3.917473373003304]",[2.91657,2.91657,2,12,1,2019_Jul_17_1401,FaceNameControl_Picture&Audio,3.0.4,59.96807077,
37,FacesBlock4.xlsx,Brandon.mp4,Brandon.JPG,Brandon,48,videoFrameBrandon.png,0,1,1,3,0,6,6,3,,,,,0,1,0.303605914,,,,,,,12,1,2019_Jul_17_1401,FaceNameControl_Picture&Audio,3.0.4,59.96807077,
33,FacesBlock4.xlsx,Brian.mp4,Brian.JPG,Brian,49,videoFrameBrian.png,0,1,1,3,0,2,2,4,,,,,1,1,0.534100908,,,,,,,12,1,2019_Jul_17_1401,FaceNameControl_Picture&Audio,3.0.4,59.96807077,
59,FacesBlock4.xlsx,Brian.mp4,Brian.JPG,Brian,49,videoFrameBrian.png,0,1,1,3,,,,,0,13,13,4,,,,Caleb,"['lshift', 'c', 'a', 'l', 'e', 'b']","[9.114932206459343, 9.199731676839292, 9.398970656096935, 9.56599557120353, 9.682514688931406, 9.832271134480834]",[9.11493,9.11493,1,12,1,2019_Jul_17_1401,FaceNameControl_Picture&Audio,3.0.4,59.96807077,
36,FacesBlock4.xlsx,Brianna.mp4,Brianna.JPG,Brianna,50,videoFrameBrianna.png,0,1,1,3,0,5,5,5,,,,,0,2,0.366438239,,,,,,,12,1,2019_Jul_17_1401,FaceNameControl_Picture&Audio,3.0.4,59.96807077,
55,FacesBlock4.xlsx,Brianna.mp4,Brianna.JPG,Brianna,50,videoFrameBrianna.png,0,1,1,3,,,,,0,9,9,5,,,,Katherine,"['lshift', 'lshift', 'k', 'a', 't', 'h', 'e', 'r', 'i', 'n', 'e']","[6.415894583798945, 6.765111478976905, 7.233992174267769, 7.4165853802114725, 7.566728923469782, 8.016585046425462, 8.216307519003749, 8.266002107411623, 8.416365450248122, 8.633012160658836, 8.716506291180849]",[6.41589,6.41589,1,12,1,2019_Jul_17_1401,FaceNameControl_Picture&Audio,3.0.4,59.96807077,
13,FacesBlock2.xlsx,Brittany.mp4,Brittany.JPG,Brittany,17,videoFrameBrittany.png,0,0,0,1,0,12,12,2,,,,,1,2,0.202247549,,,,,,,12,1,2019_Jul_17_1401,FaceNameControl_Picture&Audio,3.0.4,59.96807077,
27,FacesBlock2.xlsx,Brittany.mp4,Brittany.JPG,Brittany,17,videoFrameBrittany.png,0,0,0,1,,,,,0,11,11,2,,,,,None,,,,1,12,1,2019_Jul_17_1401,FaceNameControl_Picture&Audio,3.0.4,59.96807077,
32,FacesBlock4.xlsx,Caleb.mp4,Caleb.JPG,Caleb,51,videoFrameCaleb.png,0,1,1,3,0,1,1,6,,,,,0,1,0.700331918,,,,,,,12,1,2019_Jul_17_1401,FaceNameControl_Picture&Audio,3.0.4,59.96807077,
49,FacesBlock4.xlsx,Caleb.mp4,Caleb.JPG,Caleb,51,videoFrameCaleb.png,0,1,1,3,,,,,0,3,3,6,,,,Taylor,"['lshift', 't', 'a', 'y', 'l', 'o', 'r']","[4.465301742777228, 4.631905976682901, 4.800164628773928, 4.850513542070985, 5.333602087572217, 5.466819982044399, 5.550318848341703]",[4.46530,4.46530,1,12,1,2019_Jul_17_1401,FaceNameControl_Picture&Audio,3.0.4,59.96807077,
4,FacesBlock2.xlsx,Cody.mp4,Cody.JPG,Cody,18,videoFrameCody.png,0,0,0,1,0,3,3,3,,,,,1,1,0.286330012,,,,,,,12,1,2019_Jul_17_1401,FaceNameControl_Picture&Audio,3.0.4,59.96807077,
24,FacesBlock2.xlsx,Cody.mp4,Cody.JPG,Cody,18,videoFrameCody.png,0,0,0,1,,,,,0,8,8,3,,,,Josh,"['lshift', 'j', 's', 'backspace', 'o', 's', 'h']","[3.5988892447203398, 3.7503558127209544, 4.117358062416315, 4.949429768137634, 5.350374300032854, 5.466583590954542, 5.615052903071046]",[3.59888,3.59888,2,12,1,2019_Jul_17_1401,FaceNameControl_Picture&Audio,3.0.4,59.96807077,
77,FacesBlock3.xlsx,Courtney.mp4,Courtney.JPG,Courtney,30,videoFrameCourtney.png,0,2,2,2,,,,,0,1,1,0,,,,Caroline,"['lshift', 'c', 'a', 'r', 'o', 'l', 'i', 'n', 'e']","[2.0496415216475725, 3.1678077541291714, 3.7174844006076455, 4.284201866015792, 4.700381823815405, 5.3501389138400555, 5.549649118445814, 5.749896282330155, 5.800790421664715]",[2.04964,2.04964,1,12,1,2019_Jul_17_1401,FaceNameControl_Picture&Audio,3.0.4,59.96807077,
69,FacesBlock3.xlsx,Courtney.mp4,Courtney.JPG,Courtney,30,videoFrameCourtney.png,0,2,2,2,0,8,8,0,,,,,0,1,0.386812585,,,,,,,12,1,2019_Jul_17_1401,FaceNameControl_Picture&Audio,3.0.4,59.96807077,
63,FacesBlock3.xlsx,Daniel.mp4,Daniel.JPG,Daniel,31,videoFrameDaniel.png,0,2,2,2,0,2,2,1,,,,,1,1,0.335945415,,,,,,,12,1,2019_Jul_17_1401,FaceNameControl_Picture&Audio,3.0.4,59.96807077,
79,FacesBlock3.xlsx,Daniel.mp4,Daniel.JPG,Daniel,31,videoFrameDaniel.png,0,2,2,2,,,,,0,3,3,1,,,,Jason,"['lshift', 'j', 'a', 's', 'o', 'n']","[3.7335573667660356, 3.93526101578027, 4.13497182354331, 4.201643898151815, 4.301388519816101, 4.5344721879810095]",[3.73355,3.73355,1,12,1,2019_Jul_17_1401,FaceNameControl_Picture&Audio,3.0.4,59.96807077,
114,FacesBlock1.xlsx,Danielle.mp4,Danielle.JPG,Danielle,3,videoFrameDanielle.png,0,3,3,0,,,,,0,8,8,3,,,,,None,,,,1,12,1,2019_Jul_17_1401,FaceNameControl_Picture&Audio,3.0.4,59.96807077,
103,FacesBlock1.xlsx,Danielle.mp4,Danielle.JPG,Danielle,3,videoFrameDanielle.png,0,3,3,0,0,12,12,3,,,,,1,2,0.669463603,,,,,,,12,1,2019_Jul_17_1401,FaceNameControl_Picture&Audio,3.0.4,59.96807077,
12,FacesBlock2.xlsx,David.mp4,David.JPG,David,19,videoFrameDavid.png,0,0,0,1,0,11,11,4,,,,,0,1,0.236329698,,,,,,,12,1,2019_Jul_17_1401,FaceNameControl_Picture&Audio,3.0.4,59.96807077,
21,FacesBlock2.xlsx,David.mp4,David.JPG,David,19,videoFrameDavid.png,0,0,0,1,,,,,0,5,5,4,,,,Justin,"['lshift', 'j', 'u', 's', 't', 'i', 'n']","[2.8338471110910177, 3.0518167233094573, 3.25176745839417, 3.3681877003982663, 3.584918860346079, 3.6843059631064534, 3.8844465389847755]",[2.83384,2.83384,1,12,1,2019_Jul_17_1401,FaceNameControl_Picture&Audio,3.0.4,59.96807077,
56,FacesBlock4.xlsx,Dylan.mp4,Dylan.JPG,Dylan,52,videoFrameDylan.png,0,1,1,3,,,,,0,10,10,7,,,,Caleb,"['lshift', 'c', 'a', 'l', 'e', 'b']","[4.282189368270338, 4.567129159346223, 5.2172808311879635, 6.083501453511417, 6.681484146974981, 6.80000436399132]",[4.28218,4.28218,2,12,1,2019_Jul_17_1401,FaceNameControl_Picture&Audio,3.0.4,59.96807077,
34,FacesBlock4.xlsx,Dylan.mp4,Dylan.JPG,Dylan,52,videoFrameDylan.png,0,1,1,3,0,3,3,7,,,,,1,1,0.586363327,,,,,,,12,1,2019_Jul_17_1401,FaceNameControl_Picture&Audio,3.0.4,59.96807077,
54,FacesBlock4.xlsx,Emily.mp4,Emily.JPG,Emily,53,videoFrameEmily.png,0,1,1,3,,,,,0,8,8,8,,,,Sarah,"['lshift', 's', 'a', 'r', 'a', 'h']","[2.417750951834023, 2.518561540171504, 2.651955673471093, 2.8349460707977414, 2.9682874707505107, 3.3017664775252342]",[2.41775,2.41775,2,12,1,2019_Jul_17_1401,FaceNameControl_Picture&Audio,3.0.4,59.96807077,
42,FacesBlock4.xlsx,Emily.mp4,Emily.JPG,Emily,53,videoFrameEmily.png,0,1,1,3,0,11,11,8,,,,,1,2,0.418714872,,,,,,,12,1,2019_Jul_17_1401,FaceNameControl_Picture&Audio,3.0.4,59.96807077,
109,FacesBlock1.xlsx,Eric.mp4,Eric.JPG,Eric,4,videoFrameEric.png,0,3,3,0,,,,,0,3,3,4,,,,Josh,"['lshift', 'j', 'o', 's', 'h']","[4.698816235177219, 4.917359399609268, 5.1337899304926395, 5.266992744989693, 5.6983470087870955]",[4.69881,4.69881,1,12,1,2019_Jul_17_1401,FaceNameControl_Picture&Audio,3.0.4,59.96807077,
95,FacesBlock1.xlsx,Eric.mp4,Eric.JPG,Eric,4,videoFrameEric.png,0,3,3,0,0,4,4,4,,,,,1,1,0.702771664,,,,,,,12,1,2019_Jul_17_1401,FaceNameControl_Picture&Audio,3.0.4,59.96807077,
117,FacesBlock1.xlsx,Ethan.mp4,Ethan.JPG,Ethan,5,videoFrameEthan.png,0,3,3,0,,,,,0,11,11,5,,,,Henry,"['lshift', 'h', 'e', 'n', 'r', 'y']","[2.6498684510588646, 2.9678470212966204, 3.1674708239734173, 3.2845742562785745, 3.350647881627083, 3.484489928930998]",[2.64986,2.64986,3,12,1,2019_Jul_17_1401,FaceNameControl_Picture&Audio,3.0.4,59.96807077,
98,FacesBlock1.xlsx,Ethan.mp4,Ethan.JPG,Ethan,5,videoFrameEthan.png,0,3,3,0,0,7,7,5,,,,,0,1,0.636187213,,,,,,,12,1,2019_Jul_17_1401,FaceNameControl_Picture&Audio,3.0.4,59.96807077,
51,FacesBlock4.xlsx,Grace.mp4,Grace.JPG,Grace,54,videoFrameGrace.png,0,1,1,3,,,,,0,5,5,9,,,,Grace,"['lshift', 'g', 'r', 'a', 'c', 'e']","[1.6667481642216444, 1.801024504005909, 2.051242266781628, 2.2009862158447504, 2.317391600459814, 2.4015085557475686]",[1.66674,1.66674,4,12,1,2019_Jul_17_1401,FaceNameControl_Picture&Audio,3.0.4,59.96807077,
41,FacesBlock4.xlsx,Grace.mp4,Grace.JPG,Grace,54,videoFrameGrace.png,0,1,1,3,0,10,10,9,,,,,0,2,0.386490555,,,,,,,12,1,2019_Jul_17_1401,FaceNameControl_Picture&Audio,3.0.4,59.96807077,
8,FacesBlock2.xlsx,Haley.mp4,Haley.JPG,Haley,20,videoFrameHaley.png,0,0,0,1,0,7,7,5,,,,,1,2,0.303565088,,,,,,,12,1,2019_Jul_17_1401,FaceNameControl_Picture&Audio,3.0.4,59.96807077,
28,FacesBlock2.xlsx,Haley.mp4,Haley.JPG,Haley,20,videoFrameHaley.png,0,0,0,1,,,,,0,12,12,5,,,,Tiffany,"['lshift', 't', 'i', 'f', 'f', 'a', 'n', 'y']","[2.583008055575192, 3.217146083712578, 3.750717367976904, 3.9506605518981814, 4.117144147865474, 4.350249790586531, 4.481856067664921, 4.650464399717748]",[2.58300,2.58300,1,12,1,2019_Jul_17_1401,FaceNameControl_Picture&Audio,3.0.4,59.96807077,
99,FacesBlock1.xlsx,Hannah.mp4,Hannah.JPG,Hannah,6,videoFrameHannah.png,0,3,3,0,0,8,8,6,,,,,1,2,0.552790842,,,,,,,12,1,2019_Jul_17_1401,FaceNameControl_Picture&Audio,3.0.4,59.96807077,
111,FacesBlock1.xlsx,Hannah.mp4,Hannah.JPG,Hannah,6,videoFrameHannah.png,0,3,3,0,,,,,0,5,5,6,,,,Christine,"['lshift', 'c', 'lshift', 'c', 'h', 'backspace', 'backspace', 'h', 'r', 'i', 's', 't', 'i', 'n', 'e']","[3.266434914432466, 3.7011124016717076, 3.750540784560144, 3.981634016148746, 4.165715212002397, 4.516893815249205, 4.650440075434744, 5.184025519527495, 5.333245288580656, 5.48388681653887, 5.684033500030637, 5.933854972012341, 6.066436885856092, 6.283918507397175, 6.3669159617275]",[3.26643,3.26643,1,12,1,2019_Jul_17_1401,FaceNameControl_Picture&Audio,3.0.4,59.96807077,
3,FacesBlock2.xlsx,Heather.mp4,Heather.JPG,Heather,21,videoFrameHeather.png,0,0,0,1,0,2,2,6,,,,,0,2,0.270023739,,,,,,,12,1,2019_Jul_17_1401,FaceNameControl_Picture&Audio,3.0.4,59.96807077,
20,FacesBlock2.xlsx,Heather.mp4,Heather.JPG,Heather,21,videoFrameHeather.png,0,0,0,1,,,,,0,4,4,6,,,,Ashley,"['lshift', 'a', 's', 'h', 'l', 'e', 'y']","[2.584204030223191, 2.735435496084392, 3.035519503057003, 3.4017277294769883, 3.935264863073826, 4.049007471650839, 4.2182145258411765]",[2.58420,2.58420,2,12,1,2019_Jul_17_1401,FaceNameControl_Picture&Audio,3.0.4,59.96807077,
72,FacesBlock3.xlsx,Jacob.mp4,Jacob.JPG,Jacob,32,videoFrameJacob.png,0,2,2,2,0,11,11,2,,,,,0,1,0.686532142,,,,,,,12,1,2019_Jul_17_1401,FaceNameControl_Picture&Audio,3.0.4,59.96807077,
85,FacesBlock3.xlsx,Jacob.mp4,Jacob.JPG,Jacob,32,videoFrameJacob.png,0,2,2,2,,,,,0,9,9,2,,,,Mathias,"['lshift', 'm', 'a', 't', 'h', 'i', '9', 'a', 's', 'backspace', 'backspace', 'backspace', 'a', 's']","[5.43328751437366, 5.601207838393748, 5.817710483446717, 6.000381209887564, 6.21720624435693, 6.901212226599455, 6.921266467310488, 6.983798759058118, 7.050786304287612, 7.615904345177114, 7.766512252390385, 7.883056323975325, 8.067313173785806, 8.117355987429619]",[5.43328,5.43328,1,12,1,2019_Jul_17_1401,FaceNameControl_Picture&Audio,3.0.4,59.96807077,
46,FacesBlock4.xlsx,Jason.mp4,Jason.JPG,Jason,55,videoFrameJason.png,0,1,1,3,,,,,0,0,0,10,,,,Josh,"['lshift', 'j', 'o', 's', 'h']","[1.5328901754692197, 1.718625687994063, 1.9511097706854343, 2.2344538029283285, 2.551097871735692]",[1.53289,1.53289,3,12,1,2019_Jul_17_1401,FaceNameControl_Picture&Audio,3.0.4,59.96807077,
40,FacesBlock4.xlsx,Jason.mp4,Jason.JPG,Jason,55,videoFrameJason.png,0,1,1,3,0,9,9,10,,,,,1,1,0.386272331,,,,,,,12,1,2019_Jul_17_1401,FaceNameControl_Picture&Audio,3.0.4,59.96807077,
91,FacesBlock1.xlsx,Jenna.mp4,Jenna.JPG,Jenna,7,videoFrameJenna.png,0,3,3,0,0,0,0,7,,,,,0,2,1.019362262,,,,,,,12,1,2019_Jul_17_1401,FaceNameControl_Picture&Audio,3.0.4,59.96807077,
110,FacesBlock1.xlsx,Jenna.mp4,Jenna.JPG,Jenna,7,videoFrameJenna.png,0,3,3,0,,,,,0,4,4,7,,,,Amanda,"['lshift', 'a', 'm', 'a', 'n', 'd', 'a']","[2.6341870184987783, 2.785438218154013, 3.018411185592413, 3.1177480537444353, 3.3178959861397743, 3.66819132771343, 3.834884130395949]",[2.63418,2.63418,2,12,1,2019_Jul_17_1401,FaceNameControl_Picture&Audio,3.0.4,59.96807077,
5,FacesBlock2.xlsx,Jeremy.mp4,Jeremy.JPG,Jeremy,22,videoFrameJeremy.png,0,0,0,1,0,4,4,7,,,,,0,1,0.286376128,,,,,,,12,1,2019_Jul_17_1401,FaceNameControl_Picture&Audio,3.0.4,59.96807077,
29,FacesBlock2.xlsx,Jeremy.mp4,Jeremy.JPG,Jeremy,22,videoFrameJeremy.png,0,0,0,1,,,,,0,13,13,7,,,,Tyler,"['lshift', 't', 'y', 'l', 'e', 'r']","[2.0170617941766977, 2.151941099204123, 2.3520119804888964, 2.8682710360735655, 2.934604275971651, 2.967956461943686]",[2.01706,2.01706,1,12,1,2019_Jul_17_1401,FaceNameControl_Picture&Audio,3.0.4,59.96807077,
118,FacesBlock1.xlsx,Jessica.mp4,Jessica.JPG,Jessica,8,videoFrameJessica.png,0,3,3,0,,,,,0,12,12,8,,,,Jes,"['lshift', 'a', 'l', 'i', 's', 'a', 'backspace', 'backspace', 'backspace', 'backspace', 'backspace', 'lshift', 'j', 'e', 's']","[2.4837033469229937, 2.5848201839253306, 2.8514256589114666, 3.0678308913484216, 3.151294325478375, 3.267378187738359, 8.365290085785091, 8.515562744811177, 8.631750742904842, 8.765635550953448, 8.948514129966497, 9.247783714905381, 9.482703668996692, 9.632310410030186, 9.89842571504414]",[2.48370,2.48370,4,12,1,2019_Jul_17_1401,FaceNameControl_Picture&Audio,3.0.4,59.96807077,
102,FacesBlock1.xlsx,Jessica.mp4,Jessica.JPG,Jessica,8,videoFrameJessica.png,0,3,3,0,0,11,11,8,,,,,1,2,1.250165621,,,,,,,12,1,2019_Jul_17_1401,FaceNameControl_Picture&Audio,3.0.4,59.96807077,
15,FacesBlock2.xlsx,Josh.mp4,Josh.JPG,Josh,23,videoFrameJosh.png,0,0,0,1,0,14,14,8,,,,,1,1,0.136575012,,,,,,,12,1,2019_Jul_17_1401,FaceNameControl_Picture&Audio,3.0.4,59.96807077,
25,FacesBlock2.xlsx,Josh.mp4,Josh.JPG,Josh,23,videoFrameJosh.png,0,0,0,1,,,,,0,9,9,8,,,,,None,,,,1,12,1,2019_Jul_17_1401,FaceNameControl_Picture&Audio,3.0.4,59.96807077,
97,FacesBlock1.xlsx,Julia.mp4,Julia.JPG,Julia,9,videoFrameJulia.png,0,3,3,0,0,6,6,9,,,,,1,2,0.670094941,,,,,,,12,1,2019_Jul_17_1401,FaceNameControl_Picture&Audio,3.0.4,59.96807077,
107,FacesBlock1.xlsx,Julia.mp4,Julia.JPG,Julia,9,videoFrameJulia.png,0,3,3,0,,,,,0,1,1,9,,,,Sarah,"['lshift', 's', 'a', 'r', 'a', 'h']","[3.650364613160491, 3.767746695317328, 3.935355191119015, 4.101720893755555, 4.201734181493521, 5.050594273023307]",[3.65036,3.65036,1,12,1,2019_Jul_17_1401,FaceNameControl_Picture&Audio,3.0.4,59.96807077,
18,FacesBlock2.xlsx,Justin.mp4,Justin.JPG,Justin,24,videoFrameJustin.png,0,0,0,1,,,,,0,2,2,9,,,,Henry,"['lshift', 'h', 'e', 'n', 'r', 'y']","[3.6001497404649854, 3.751632840372622, 4.01736565399915, 4.118019905872643, 4.234508433379233, 4.384517132304609]",[3.60014,3.60014,1,12,1,2019_Jul_17_1401,FaceNameControl_Picture&Audio,3.0.4,59.96807077,
9,FacesBlock2.xlsx,Justin.mp4,Justin.JPG,Justin,24,videoFrameJustin.png,0,0,0,1,0,8,8,9,,,,,1,1,0.186140408,,,,,,,12,1,2019_Jul_17_1401,FaceNameControl_Picture&Audio,3.0.4,59.96807077,
44,FacesBlock4.xlsx,Katie.mp4,Katie.JPG,Katie,56,videoFrameKatie.png,0,1,1,3,0,13,13,11,,,,,0,2,0.452713735,,,,,,,12,1,2019_Jul_17_1401,FaceNameControl_Picture&Audio,3.0.4,59.96807077,
53,FacesBlock4.xlsx,Katie.mp4,Katie.JPG,Katie,56,videoFrameKatie.png,0,1,1,3,,,,,0,7,7,11,,,,,None,,,,1,12,1,2019_Jul_17_1401,FaceNameControl_Picture&Audio,3.0.4,59.96807077,
75,FacesBlock3.xlsx,Kayla.mp4,Kayla.JPG,Kayla,33,videoFrameKayla.png,0,2,2,2,0,14,14,3,,,,,1,2,0.336892193,,,,,,,12,1,2019_Jul_17_1401,FaceNameControl_Picture&Audio,3.0.4,59.96807077,
78,FacesBlock3.xlsx,Kayla.mp4,Kayla.JPG,Kayla,33,videoFrameKayla.png,0,2,2,2,,,,,0,2,2,3,,,,Nicole,"['lshift', 'n', 'i', 'c', 'o', 'l', 'e']","[5.032727955840528, 5.150720369070768, 5.583824271336198, 5.73207391705364, 5.833861894905567, 6.000524641945958, 6.05065044388175]",[5.03272,5.03272,1,12,1,2019_Jul_17_1401,FaceNameControl_Picture&Audio,3.0.4,59.96807077,
106,FacesBlock1.xlsx,Kelsey.mp4,Kelsey.JPG,Kelsey,10,videoFrameKelsey.png,0,3,3,0,,,,,0,0,0,10,,,,,None,,,,1,12,1,2019_Jul_17_1401,FaceNameControl_Picture&Audio,3.0.4,59.96807077,
96,FacesBlock1.xlsx,Kelsey.mp4,Kelsey.JPG,Kelsey,10,videoFrameKelsey.png,0,3,3,0,0,5,5,10,,,,,1,2,0.553670585,,,,,,,12,1,2019_Jul_17_1401,FaceNameControl_Picture&Audio,3.0.4,59.96807077,
71,FacesBlock3.xlsx,Kevin.mp4,Kevin.JPG,Kevin,34,videoFrameKevin.png,0,2,2,2,0,10,10,4,,,,,1,1,0.885795635,,,,,,,12,1,2019_Jul_17_1401,FaceNameControl_Picture&Audio,3.0.4,59.96807077,
86,FacesBlock3.xlsx,Kevin.mp4,Kevin.JPG,Kevin,34,videoFrameKevin.png,0,2,2,2,,,,,0,10,10,4,,,,Noah,"['lshift', 'n', 'o', 'a', 'h']","[3.1996032670140266, 3.3683282136917114, 3.5842257933691144, 3.6850167214870453, 3.7847716538235545]",[3.19960,3.19960,3,12,1,2019_Jul_17_1401,FaceNameControl_Picture&Audio,3.0.4,59.96807077,
108,FacesBlock1.xlsx,Kyle.mp4,Kyle.JPG,Kyle,11,videoFrameKyle.png,0,3,3,0,,,,,0,2,2,11,,,,,None,,,,1,12,1,2019_Jul_17_1401,FaceNameControl_Picture&Audio,3.0.4,59.96807077,
92,FacesBlock1.xlsx,Kyle.mp4,Kyle.JPG,Kyle,11,videoFrameKyle.png,0,3,3,0,0,1,1,11,,,,,0,1,0.586101195,,,,,,,12,1,2019_Jul_17_1401,FaceNameControl_Picture&Audio,3.0.4,59.96807077,
88,FacesBlock3.xlsx,Lauren.mp4,Lauren.JPG,Lauren,35,videoFrameLauren.png,0,2,2,2,,,,,0,12,12,5,,,,Alice,"['lshift', 'a', 'semicolon', 'i', 'c', 'e', 'backspace', 'backspace', 'backspace', 'l', 'i', 'c', 'e']","[3.916038990020752, 4.067757594399154, 4.31540206912905, 4.900365131907165, 5.0006415555253625, 5.0504913022741675, 6.165748364292085, 6.299084561876953, 6.416315888054669, 7.032945488579571, 7.266242804937065, 7.449478438124061, 7.516355402767658]",[3.91603,3.91603,1,12,1,2019_Jul_17_1401,FaceNameControl_Picture&Audio,3.0.4,59.96807077,
62,FacesBlock3.xlsx,Lauren.mp4,Lauren.JPG,Lauren,35,videoFrameLauren.png,0,2,2,2,0,1,1,5,,,,,0,2,0.58590402,,,,,,,12,1,2019_Jul_17_1401,FaceNameControl_Picture&Audio,3.0.4,59.96807077,
89,FacesBlock3.xlsx,Mark.mp4,Mark.JPG,Mark,36,videoFrameMark.png,0,2,2,2,,,,,0,13,13,6,,,,Gabriel,"['lshift', 'g', 'a', 'b', 'r', 'i', 'e', 'l']","[6.181973187252879, 6.483722761273384, 6.683427736163139, 6.799956364557147, 7.0992740271613, 7.283067339099944, 7.349809488281608, 7.483069719746709]",[6.18197,6.18197,1,12,1,2019_Jul_17_1401,FaceNameControl_Picture&Audio,3.0.4,59.96807077,
67,FacesBlock3.xlsx,Mark.mp4,Mark.JPG,Mark,36,videoFrameMark.png,0,2,2,2,0,6,6,6,,,,,1,1,0.37006891,,,,,,,12,1,2019_Jul_17_1401,FaceNameControl_Picture&Audio,3.0.4,59.96807077,
113,FacesBlock1.xlsx,Matthew.mp4,Matthew.JPG,Matthew,12,videoFrameMatthew.png,0,3,3,0,,,,,0,7,7,12,,,,,None,,,,1,12,1,2019_Jul_17_1401,FaceNameControl_Picture&Audio,3.0.4,59.96807077,
104,FacesBlock1.xlsx,Matthew.mp4,Matthew.JPG,Matthew,12,videoFrameMatthew.png,0,3,3,0,0,13,13,12,,,,,0,1,0.419755097,,,,,,,12,1,2019_Jul_17_1401,FaceNameControl_Picture&Audio,3.0.4,59.96807077,
16,FacesBlock2.xlsx,Megan.mp4,Megan.JPG,Megan,25,videoFrameMegan.png,0,0,0,1,,,,,0,0,0,10,,,,Tiffany,"['lshift', 't', 'i', 'f', 'f', 'a', 'n', 'y', 'return']","[2.800639701075852, 3.0678807608783245, 3.467796169221401, 4.817852647975087, 4.950829621404409, 6.250164261087775, 6.450104316696525, 6.5827508410438895, 7.0498863812536]",[2.80063,2.80063,1,12,1,2019_Jul_17_1401,FaceNameControl_Picture&Audio,3.0.4,59.96807077,
10,FacesBlock2.xlsx,Megan.mp4,Megan.JPG,Megan,25,videoFrameMegan.png,0,0,0,1,0,9,9,10,,,,,0,2,0.25331534,,,,,,,12,1,2019_Jul_17_1401,FaceNameControl_Picture&Audio,3.0.4,59.96807077,
50,FacesBlock4.xlsx,Michael.mp4,Michael.JPG,Michael,57,videoFrameMichael.png,0,1,1,3,,,,,0,4,4,12,,,,Michael,"['lshift', 'm', 'i', 'c', 'h', 'a', 'e', 'l']","[3.799252200871706, 3.934151129797101, 4.117645006626844, 4.267734096385539, 4.400847926735878, 4.534163998439908, 4.700449774041772, 4.784292108379304]",[3.79925,3.79925,2,12,1,2019_Jul_17_1401,FaceNameControl_Picture&Audio,3.0.4,59.96807077,
31,FacesBlock4.xlsx,Michael.mp4,Michael.JPG,Michael,57,videoFrameMichael.png,0,1,1,3,0,0,0,12,,,,,1,1,1.585988695,,,,,,,12,1,2019_Jul_17_1401,FaceNameControl_Picture&Audio,3.0.4,59.96807077,
60,FacesBlock4.xlsx,Michelle.mp4,Michelle.JPG,Michelle,58,videoFrameMichelle.png,0,1,1,3,,,,,0,14,14,13,,,,Sarah,"['lshift', 's', 'a', 'r', 'a', 'h']","[3.516617259941995, 3.634806152433157, 3.8181311497464776, 4.034144300036132, 4.167765158228576, 4.267537021078169]",[3.51661,3.51661,1,12,1,2019_Jul_17_1401,FaceNameControl_Picture&Audio,3.0.4,59.96807077,
45,FacesBlock4.xlsx,Michelle.mp4,Michelle.JPG,Michelle,58,videoFrameMichelle.png,0,1,1,3,0,14,14,13,,,,,0,2,0.518838128,,,,,,,12,1,2019_Jul_17_1401,FaceNameControl_Picture&Audio,3.0.4,59.96807077,
94,FacesBlock1.xlsx,Natalie.mp4,Natalie.JPG,Natalie,13,videoFrameNatalie.png,0,3,3,0,0,3,3,13,,,,,1,2,0.733367309,,,,,,,12,1,2019_Jul_17_1401,FaceNameControl_Picture&Audio,3.0.4,59.96807077,
115,FacesBlock1.xlsx,Natalie.mp4,Natalie.JPG,Natalie,13,videoFrameNatalie.png,0,3,3,0,,,,,0,9,9,13,,,,Christine,"['lshift', 'c', 'h', 'r', 'i', 's', 't', 'i', 'n', 'e']","[6.582059935666621, 6.733393782749772, 7.083634035661817, 7.266928667202592, 7.4149323077872396, 7.500671794638038, 7.683515597134829, 7.783560906536877, 7.983382608741522, 8.049737624824047]",[6.58205,6.58205,1,12,1,2019_Jul_17_1401,FaceNameControl_Picture&Audio,3.0.4,59.96807077,
61,FacesBlock3.xlsx,Nathan.mp4,Nathan.JPG,Nathan,37,videoFrameNathan.png,0,2,2,2,0,0,0,7,,,,,1,1,1.086113249,,,,,,,12,1,2019_Jul_17_1401,FaceNameControl_Picture&Audio,3.0.4,59.96807077,
84,FacesBlock3.xlsx,Nathan.mp4,Nathan.JPG,Nathan,37,videoFrameNathan.png,0,2,2,2,,,,,0,8,8,7,,,,Pierre,"['lshift', 'p', 'i', 'e', 'r', 'r', 'e']","[5.016028587706387, 5.167193530127406, 5.500908425077796, 5.650683377869427, 5.867780515924096, 5.967101550661027, 6.083163631148636]",[5.01602,5.01602,1,12,1,2019_Jul_17_1401,FaceNameControl_Picture&Audio,3.0.4,59.96807077,
65,FacesBlock3.xlsx,Nicole.mp4,Nicole.JPG,Nicole,38,videoFrameNicole.png,0,2,2,2,0,4,4,8,,,,,0,2,0.468656172,,,,,,,12,1,2019_Jul_17_1401,FaceNameControl_Picture&Audio,3.0.4,59.96807077,
76,FacesBlock3.xlsx,Nicole.mp4,Nicole.JPG,Nicole,38,videoFrameNicole.png,0,2,2,2,,,,,0,0,0,8,,,,Sarah,"['lshift', 's', 'a', 'r', 'a', 'h']","[4.315890761092305, 4.3844429440796375, 4.550598253495991, 4.667102079838514, 4.766618427820504, 5.40044763404876]",[4.31589,4.31589,1,12,1,2019_Jul_17_1401,FaceNameControl_Picture&Audio,3.0.4,59.96807077,
83,FacesBlock3.xlsx,Noah.mp4,Noah.JPG,Noah,39,videoFrameNoah.png,0,2,2,2,,,,,0,7,7,9,,,,Noah,"['lshift', 'n', 'o', 'a', 'h']","[6.015088812448084, 6.2479263339191675, 6.8667186871171, 6.9992720419541, 7.1330049047246575]",[6.01508,6.01508,3,12,1,2019_Jul_17_1401,FaceNameControl_Picture&Audio,3.0.4,59.96807077,
73,FacesBlock3.xlsx,Noah.mp4,Noah.JPG,Noah,39,videoFrameNoah.png,0,2,2,2,0,12,12,9,,,,,1,1,0.553362784,,,,,,,12,1,2019_Jul_17_1401,FaceNameControl_Picture&Audio,3.0.4,59.96807077,
82,FacesBlock3.xlsx,Olivia.mp4,Olivia.JPG,Olivia,40,videoFrameOlivia.png,0,2,2,2,,,,,0,6,6,10,,,,Sarah,"['lshift', 's', 'a', 'r', 'a', 'h']","[4.19855716638267, 4.383495620451868, 4.5836959620937705, 4.8006296288222075, 4.999737097881734, 5.3317786222323775]",[4.19855,4.19855,1,12,1,2019_Jul_17_1401,FaceNameControl_Picture&Audio,3.0.4,59.96807077,
66,FacesBlock3.xlsx,Olivia.mp4,Olivia.JPG,Olivia,40,videoFrameOlivia.png,0,2,2,2,0,5,5,10,,,,,0,2,0.586115429,,,,,,,12,1,2019_Jul_17_1401,FaceNameControl_Picture&Audio,3.0.4,59.96807077,
7,FacesBlock2.xlsx,Rachel.mp4,Rachel.JPG,Rachel,26,videoFrameRachel.png,0,0,0,1,0,6,6,11,,,,,0,2,0.316971645,,,,,,,12,1,2019_Jul_17_1401,FaceNameControl_Picture&Audio,3.0.4,59.96807077,
23,FacesBlock2.xlsx,Rachel.mp4,Rachel.JPG,Rachel,26,videoFrameRachel.png,0,0,0,1,,,,,0,7,7,11,,,,Tiffany,"['lshift', 't', 'i', 'f', 'f', 'a', 'n', 'y']","[2.9662097403779626, 3.101249828003347, 3.567832932807505, 3.9508472681045532, 4.050920523703098, 4.2670447658747435, 4.36775063816458, 4.550803896039724]",[2.96620,2.96620,1,12,1,2019_Jul_17_1401,FaceNameControl_Picture&Audio,3.0.4,59.96807077,
90,FacesBlock3.xlsx,Rebecca.mp4,Rebecca.JPG,Rebecca,41,videoFrameRebecca.png,0,2,2,2,,,,,0,14,14,11,,,,Nicole,"['lshift', 'n', 'i', 'o', 'backspace', 'c', 'o', 'l', 'e']","[2.283144681714475, 2.4849459063261747, 2.984401951543987, 3.1681391214951873, 3.6008181599900126, 3.767341355793178, 4.466911695897579, 4.617996271699667, 4.701213215477765]",[2.28314,2.28314,1,12,1,2019_Jul_17_1401,FaceNameControl_Picture&Audio,3.0.4,59.96807077,
74,FacesBlock3.xlsx,Rebecca.mp4,Rebecca.JPG,Rebecca,41,videoFrameRebecca.png,0,2,2,2,0,13,13,11,,,,,0,2,0.236301913,,,,,,,12,1,2019_Jul_17_1401,FaceNameControl_Picture&Audio,3.0.4,59.96807077,
80,FacesBlock3.xlsx,Sarah.mp4,Sarah.JPG,Sarah,42,videoFrameSarah.png,0,2,2,2,,,,,0,4,4,12,,,,Caroline,"['lshift', 'c', 'a', 'r', 'o', 'l', 'i', 'n', 'e']","[4.816096670925617, 4.917402691207826, 5.100484020076692, 5.283761502243578, 5.449734378606081, 5.766402279958129, 5.95054644998163, 6.166486003436148, 6.267148865386844]",[4.81609,4.81609,1,12,1,2019_Jul_17_1401,FaceNameControl_Picture&Audio,3.0.4,59.96807077,
68,FacesBlock3.xlsx,Sarah.mp4,Sarah.JPG,Sarah,42,videoFrameSarah.png,0,2,2,2,0,7,7,12,,,,,1,1,0.419665027,,,,,,,12,1,2019_Jul_17_1401,FaceNameControl_Picture&Audio,3.0.4,59.96807077,
64,FacesBlock3.xlsx,Shelby.mp4,Shelby.JPG,Shelby,43,videoFrameShelby.png,0,2,2,2,0,3,3,13,,,,,0,2,0.453153536,,,,,,,12,1,2019_Jul_17_1401,FaceNameControl_Picture&Audio,3.0.4,59.96807077,
87,FacesBlock3.xlsx,Shelby.mp4,Shelby.JPG,Shelby,43,videoFrameShelby.png,0,2,2,2,,,,,0,11,11,13,,,,Xiowi,"['lshift', 'x', 'i', 'o', 'w', 'y', 'backspace', 'i']","[2.2508611464872956, 2.5017533572390676, 2.685496410354972, 2.8349575251340866, 3.951024536974728, 4.035036837682128, 5.100201489403844, 5.434186934493482]",[2.25086,2.25086,4,12,1,2019_Jul_17_1401,FaceNameControl_Picture&Audio,3.0.4,59.96807077,
19,FacesBlock2.xlsx,Steven.mp4,Steven.JPG,Steven,27,videoFrameSteven.png,0,0,0,1,,,,,0,3,3,12,,,,Tyler,"['lshift', 't', 'y', 'semicolon', 'l', 'e', 'r']","[2.301046183332801, 2.4521176954731345, 2.6349348351359367, 3.151706701144576, 4.118464852683246, 4.183486642315984, 4.25162142328918]",[2.30104,2.30104,2,12,1,2019_Jul_17_1401,FaceNameControl_Picture&Audio,3.0.4,59.96807077,
6,FacesBlock2.xlsx,Steven.mp4,Steven.JPG,Steven,27,videoFrameSteven.png,0,0,0,1,0,5,5,12,,,,,0,1,0.236870877,,,,,,,12,1,2019_Jul_17_1401,FaceNameControl_Picture&Audio,3.0.4,59.96807077,
39,FacesBlock4.xlsx,Taylor.mp4,Taylor.JPG,Taylor,59,videoFrameTaylor.png,0,1,1,3,0,8,8,14,,,,,1,2,0.419230785,,,,,,,12,1,2019_Jul_17_1401,FaceNameControl_Picture&Audio,3.0.4,59.96807077,
48,FacesBlock4.xlsx,Taylor.mp4,Taylor.JPG,Taylor,59,videoFrameTaylor.png,0,1,1,3,,,,,0,2,2,14,,,,Michelle,"['lshift', 'm', 'i', 'c', 'h', 'e', 'l', 'l', 'e']","[6.63164075370878, 6.766529591754079, 6.950206424109638, 7.150032182224095, 7.26612801477313, 7.632954960688949, 8.182662238366902, 8.332284201867878, 8.41554045677185]",[6.63164,6.63164,1,12,1,2019_Jul_17_1401,FaceNameControl_Picture&Audio,3.0.4,59.96807077,
70,FacesBlock3.xlsx,Thomas.mp4,Thomas.JPG,Thomas,44,videoFrameThomas.png,0,2,2,2,0,9,9,14,,,,,1,1,2.419367073,,,,,,,12,1,2019_Jul_17_1401,FaceNameControl_Picture&Audio,3.0.4,59.96807077,
81,FacesBlock3.xlsx,Thomas.mp4,Thomas.JPG,Thomas,44,videoFrameThomas.png,0,2,2,2,,,,,0,5,5,14,,,,Michael,"['lshift', 'm', 'i', 'c', 'h', 'a', 'e', 'l']","[3.6170159839093685, 3.901741109788418, 4.168099203146994, 4.351469777524471, 4.451251767575741, 4.651643650606275, 5.367801905609667, 5.484487067908049]",[3.61701,3.61701,1,12,1,2019_Jul_17_1401,FaceNameControl_Picture&Audio,3.0.4,59.96807077,
101,FacesBlock1.xlsx,Timothy.mp4,Timothy.JPG,Timothy,14,videoFrameTimothy.png,0,3,3,0,0,10,10,14,,,,,1,1,0.585980951,,,,,,,12,1,2019_Jul_17_1401,FaceNameControl_Picture&Audio,3.0.4,59.96807077,
120,FacesBlock1.xlsx,Timothy.mp4,Timothy.JPG,Timothy,14,videoFrameTimothy.png,0,3,3,0,,,,,0,14,14,14,,,,He,"['lshift', 'h', 'e', 'n', 'r', 'y', 'backspace', 'backspace', 'backspace']","[7.31547065731138, 7.450235454365611, 7.648139584809542, 7.732710842974484, 7.815868981182575, 7.9494660357013345, 9.664287622086704, 9.781645228154957, 9.915150910615921]",[7.31547,7.31547,1,12,1,2019_Jul_17_1401,FaceNameControl_Picture&Audio,3.0.4,59.96807077,
22,FacesBlock2.xlsx,Trevor.mp4,Trevor.JPG,Trevor,28,videoFrameTrevor.png,0,0,0,1,,,,,0,6,6,13,,,,Ben,"['lshift', 'b', 'e', 'n']","[2.483365778811276, 2.6008815662935376, 2.8011507084593177, 2.8847863962873816]",[2.48336,2.48336,1,12,1,2019_Jul_17_1401,FaceNameControl_Picture&Audio,3.0.4,59.96807077,
2,FacesBlock2.xlsx,Trevor.mp4,Trevor.JPG,Trevor,28,videoFrameTrevor.png,0,0,0,1,0,1,1,13,,,,,0,1,0.40289335,,,,,,,12,1,2019_Jul_17_1401,FaceNameControl_Picture&Audio,3.0.4,59.96807077,
17,FacesBlock2.xlsx,Tyler.mp4,Tyler.JPG,Tyler,29,videoFrameTyler.png,0,0,0,1,,,,,0,1,1,14,,,,Thomas,"['lshift', 't', 'h', 'o', 'm', 'a', 's']","[8.031876491382718, 8.19994695018977, 8.466651689261198, 8.88256262615323, 9.182316910475492, 9.299176826141775, 9.399721156805754]",[8.03187,8.03187,1,12,1,2019_Jul_17_1401,FaceNameControl_Picture&Audio,3.0.4,59.96807077,
14,FacesBlock2.xlsx,Tyler.mp4,Tyler.JPG,Tyler,29,videoFrameTyler.png,0,0,0,1,0,13,13,14,,,,,1,1,0.11882577,,,,,,,12,1,2019_Jul_17_1401,FaceNameControl_Picture&Audio,3.0.4,59.96807077,
0,,,,,,,,,,,,,,,,,,,,,,,,,,,,12,1,2019_Jul_17_1401,FaceNameControl_Picture&Audio,3.0.4,59.96807077,
121,,,,,,,,,,,,,,,,,,,,,,,,,,,,12,1,2019_Jul_17_1401,FaceNameControl_Picture&Audio,3.0.4,59.96807077,