,condsFile,Video,Photo,Name,Row,videoFrame,blocks.thisRepN,blocks.thisTrialN,blocks.thisN,blocks.thisIndex,presentations.thisRepN,presentations.thisTrialN,presentations.thisN,presentations.thisIndex,testing.thisRepN,testing.thisTrialN,testing.thisN,testing.thisIndex,currentCond,judgementResp.keys,judgementResp.rt,inputText,key_resp_3.keys,rating_resp.keys,key_resp_3.rt,,key_resp3_fin,participant,session,date,expName,psychopyVersion,frameRate,Unnamed: 31
19,FacesBlock2.xlsx,Aaron.mp4,Aaron.JPG,Aaron,15,videoFrameAaron.png,0,0,0,1,,,,,0,3,3,0,,,,josh,"['j', 'o', 's', 'h']",2,"[4.435500805999936, 4.542078415999981, 4.671265925999933, 5.1179874389999895]",[4.43550,4.43550,13,1,2019_Jul_19_1349,FaceNameControl_Picture&Audio,3.0.4,85.0499395,
9,FacesBlock2.xlsx,Aaron.mp4,Aaron.JPG,Aaron,15,videoFrameAaron.png,0,0,0,1,0,8,8,0,,,,,1,1,3.260066403,,,,,,,13,1,2019_Jul_19_1349,FaceNameControl_Picture&Audio,3.0.4,85.0499395,
76,FacesBlock1.xlsx,Adam.mp4,Adam.JPG,Adam,0,videoFrameAdam.png,0,2,2,0,,,,,0,0,0,0,,,,adam,"['a', 'd', 'a', 'm']",4,"[1.9544312940001873, 2.058100731000195, 2.1778722820001803, 2.330642479000062]",[1.95443,1.95443,13,1,2019_Jul_19_1349,FaceNameControl_Picture&Audio,3.0.4,85.0499395,
62,FacesBlock1.xlsx,Adam.mp4,Adam.JPG,Adam,0,videoFrameAdam.png,0,2,2,0,0,1,1,0,,,,,1,1,2.097048463,,,,,,,13,1,2019_Jul_19_1349,FaceNameControl_Picture&Audio,3.0.4,85.0499395,
114,FacesBlock4.xlsx,Alyssa.mp4,Alyssa.JPG,Alyssa,45,videoFrameAlyssa.png,0,3,3,3,,,,,0,8,8,0,,,,alyssa,"['a', 'l', 'y', 's', 's', 'a']",4,"[0.9314266299998053, 1.0850397469998825, 1.317933539999558, 1.684523803999582, 1.8957730549996086, 2.0957064549997995]",[0.93142,0.93142,13,1,2019_Jul_19_1349,FaceNameControl_Picture&Audio,3.0.4,85.0499395,
92,FacesBlock4.xlsx,Alyssa.mp4,Alyssa.JPG,Alyssa,45,videoFrameAlyssa.png,0,3,3,3,0,1,1,0,,,,,1,2,2.261432168,,,,,,,13,1,2019_Jul_19_1349,FaceNameControl_Picture&Audio,3.0.4,85.0499395,
81,FacesBlock1.xlsx,Amanda.mp4,Amanda.JPG,Amanda,1,videoFrameAmanda.png,0,2,2,0,,,,,0,5,5,1,,,,amanda,"['a', 'm', 'a', 'n', 'd', 'a']",4,"[2.730512340999894, 2.825456526999915, 2.9541120720000436, 3.389635582999972, 3.5427851229999305, 3.6602050709998366]",[2.73051,2.73051,13,1,2019_Jul_19_1349,FaceNameControl_Picture&Audio,3.0.4,85.0499395,
63,FacesBlock1.xlsx,Amanda.mp4,Amanda.JPG,Amanda,1,videoFrameAmanda.png,0,2,2,0,0,2,2,1,,,,,1,2,0.720514361,,,,,,,13,1,2019_Jul_19_1349,FaceNameControl_Picture&Audio,3.0.4,85.0499395,
98,FacesBlock4.xlsx,Andrew.mp4,Andrew.JPG,Andrew,46,videoFrameAndrew.png,0,3,3,3,0,7,7,1,,,,,0,1,0.78905349,,,,,,,13,1,2019_Jul_19_1349,FaceNameControl_Picture&Audio,3.0.4,85.0499395,
118,FacesBlock4.xlsx,Andrew.mp4,Andrew.JPG,Andrew,46,videoFrameAndrew.png,0,3,3,3,,,,,0,12,12,1,,,,,None,1,,,,13,1,2019_Jul_19_1349,FaceNameControl_Picture&Audio,3.0.4,85.0499395,
99,FacesBlock4.xlsx,Anna.mp4,Anna.JPG,Anna,47,videoFrameAnna.png,0,3,3,3,0,8,8,2,,,,,0,2,1.800289954,,,,,,,13,1,2019_Jul_19_1349,FaceNameControl_Picture&Audio,3.0.4,85.0499395,
113,FacesBlock4.xlsx,Anna.mp4,Anna.JPG,Anna,47,videoFrameAnna.png,0,3,3,3,,,,,0,7,7,2,,,,emil,"['e', 'm', 'i', 'l']",2,"[9.375181193000117, 9.609807483000168, 9.727628897000159, 9.856603754999924]",[9.37518,9.37518,13,1,2019_Jul_19_1349,FaceNameControl_Picture&Audio,3.0.4,85.0499395,
7,FacesBlock2.xlsx,Ashley.mp4,Ashley.JPG,Ashley,16,videoFrameAshley.png,0,0,0,1,0,6,6,1,,,,,1,2,0.202587581,,,,,,,13,1,2019_Jul_19_1349,FaceNameControl_Picture&Audio,3.0.4,85.0499395,
30,FacesBlock2.xlsx,Ashley.mp4,Ashley.JPG,Ashley,16,videoFrameAshley.png,0,0,0,1,,,,,0,14,14,1,,,,brittany,"['b', 'r', 'i', 't', 't', 'a', 'n', 'y']",2,"[7.3425185000000965, 7.530277295000019, 7.695076878000009, 7.824104934000047, 7.988119372000028, 8.364364636999994, 8.554014153000026, 8.762744573000077]",[7.34251,7.34251,13,1,2019_Jul_19_1349,FaceNameControl_Picture&Audio,3.0.4,85.0499395,
85,FacesBlock1.xlsx,Bradley.mp4,Bradley.JPG,Bradley,2,videoFrameBradley.png,0,2,2,0,,,,,0,9,9,2,,,,bradley,"['b', 'r', 'a', 'd', 'l', 'e', 'y']",4,"[1.1909811340001397, 1.3435291130001588, 1.447432648000131, 1.6728991400000268, 1.7905157390000568, 1.9434662450000815, 2.047501554000064]",[1.19098,1.19098,13,1,2019_Jul_19_1349,FaceNameControl_Picture&Audio,3.0.4,85.0499395,
72,FacesBlock1.xlsx,Bradley.mp4,Bradley.JPG,Bradley,2,videoFrameBradley.png,0,2,2,0,0,11,11,2,,,,,0,1,2.191234335,,,,,,,13,1,2019_Jul_19_1349,FaceNameControl_Picture&Audio,3.0.4,85.0499395,
109,FacesBlock4.xlsx,Brandon.mp4,Brandon.JPG,Brandon,48,videoFrameBrandon.png,0,3,3,3,,,,,0,3,3,3,,,,caleb,"['c', 'a', 'l', 'e', 'b']",3,"[3.789245422000022, 4.000585254999805, 4.200413911999931, 4.4003009869998095, 4.5184832859999915]",[3.78924,3.78924,13,1,2019_Jul_19_1349,FaceNameControl_Picture&Audio,3.0.4,85.0499395,
95,FacesBlock4.xlsx,Brandon.mp4,Brandon.JPG,Brandon,48,videoFrameBrandon.png,0,3,3,3,0,4,4,3,,,,,0,1,5.47200166,,,,,,,13,1,2019_Jul_19_1349,FaceNameControl_Picture&Audio,3.0.4,85.0499395,
93,FacesBlock4.xlsx,Brian.mp4,Brian.JPG,Brian,49,videoFrameBrian.png,0,3,3,3,0,2,2,4,,,,,1,1,3.284942984,,,,,,,13,1,2019_Jul_19_1349,FaceNameControl_Picture&Audio,3.0.4,85.0499395,
117,FacesBlock4.xlsx,Brian.mp4,Brian.JPG,Brian,49,videoFrameBrian.png,0,3,3,3,,,,,0,11,11,4,,,,bryan,"['b', 'r', 'y', 'a', 'n']",4,"[1.517030927000178, 1.7662497420001273, 2.1776636039999175, 2.3430091979998906, 2.4597905830000855]",[1.51703,1.51703,13,1,2019_Jul_19_1349,FaceNameControl_Picture&Audio,3.0.4,85.0499395,
119,FacesBlock4.xlsx,Brianna.mp4,Brianna.JPG,Brianna,50,videoFrameBrianna.png,0,3,3,3,,,,,0,13,13,5,,,,,None,1,,,,13,1,2019_Jul_19_1349,FaceNameControl_Picture&Audio,3.0.4,85.0499395,
105,FacesBlock4.xlsx,Brianna.mp4,Brianna.JPG,Brianna,50,videoFrameBrianna.png,0,3,3,3,0,14,14,5,,,,,1,2,2.061634209,,,,,,,13,1,2019_Jul_19_1349,FaceNameControl_Picture&Audio,3.0.4,85.0499395,
2,FacesBlock2.xlsx,Brittany.mp4,Brittany.JPG,Brittany,17,videoFrameBrittany.png,0,0,0,1,0,1,1,2,,,,,1,2,0.837817396,,,,,,,13,1,2019_Jul_19_1349,FaceNameControl_Picture&Audio,3.0.4,85.0499395,
25,FacesBlock2.xlsx,Brittany.mp4,Brittany.JPG,Brittany,17,videoFrameBrittany.png,0,0,0,1,,,,,0,9,9,2,,,,emily,"['e', 'i', 'm', 'backspace', 'backspace', 'm', 'i', 'l', 'y']",2,"[5.727997345999938, 6.094674687999941, 6.117791885999964, 6.680879194999989, 6.835081618000004, 7.44667344100003, 7.529617391999977, 7.658203755999921, 7.9056577259999585]",[5.72799,5.72799,13,1,2019_Jul_19_1349,FaceNameControl_Picture&Audio,3.0.4,85.0499395,
101,FacesBlock4.xlsx,Caleb.mp4,Caleb.JPG,Caleb,51,videoFrameCaleb.png,0,3,3,3,0,10,10,6,,,,,0,1,1.838780044,,,,,,,13,1,2019_Jul_19_1349,FaceNameControl_Picture&Audio,3.0.4,85.0499395,
112,FacesBlock4.xlsx,Caleb.mp4,Caleb.JPG,Caleb,51,videoFrameCaleb.png,0,3,3,3,,,,,0,6,6,6,,,,br,"['b', 'r']",2,"[8.823958663000212, 9.117592144000355]",[8.82395,8.82395,13,1,2019_Jul_19_1349,FaceNameControl_Picture&Audio,3.0.4,85.0499395,
11,FacesBlock2.xlsx,Cody.mp4,Cody.JPG,Cody,18,videoFrameCody.png,0,0,0,1,0,10,10,3,,,,,1,1,0.426101416,,,,,,,13,1,2019_Jul_19_1349,FaceNameControl_Picture&Audio,3.0.4,85.0499395,
24,FacesBlock2.xlsx,Cody.mp4,Cody.JPG,Cody,18,videoFrameCody.png,0,0,0,1,,,,,0,8,8,3,,,,cody,"['c', 'o', 'd', 'y']",3,"[5.682625712000004, 5.894994319000034, 6.459393283000054, 6.645399642000029]",[5.68262,5.68262,13,1,2019_Jul_19_1349,FaceNameControl_Picture&Audio,3.0.4,85.0499395,
51,FacesBlock3.xlsx,Courtney.mp4,Courtney.JPG,Courtney,30,videoFrameCourtney.png,0,1,1,2,,,,,0,5,5,0,,,,olivia,"['o', 'l', 'i', 'v', 'i', 'a']",3,"[5.412620678000167, 5.635763633000124, 5.730148086000099, 5.859518739000123, 5.977725603000181, 6.129938204000155]",[5.41262,5.41262,13,1,2019_Jul_19_1349,FaceNameControl_Picture&Audio,3.0.4,85.0499395,
37,FacesBlock3.xlsx,Courtney.mp4,Courtney.JPG,Courtney,30,videoFrameCourtney.png,0,1,1,2,0,6,6,0,,,,,0,2,0.778492235,,,,,,,13,1,2019_Jul_19_1349,FaceNameControl_Picture&Audio,3.0.4,85.0499395,
31,FacesBlock3.xlsx,Daniel.mp4,Daniel.JPG,Daniel,31,videoFrameDaniel.png,0,1,1,2,0,0,0,1,,,,,1,1,1.579425851,,,,,,,13,1,2019_Jul_19_1349,FaceNameControl_Picture&Audio,3.0.4,85.0499395,
48,FacesBlock3.xlsx,Daniel.mp4,Daniel.JPG,Daniel,31,videoFrameDaniel.png,0,1,1,2,,,,,0,2,2,1,,,,daniel,"['d', 'a', 'n', 'i', 'e', 'l', 'l', 'backspace']",3,"[3.6949878049999825, 3.8006295289999343, 3.9284694650000347, 4.012464016999957, 4.165536280999959, 4.318564136999839, 4.44826744199986, 6.9052285829998254]",[3.69498,3.69498,13,1,2019_Jul_19_1349,FaceNameControl_Picture&Audio,3.0.4,85.0499395,
65,FacesBlock1.xlsx,Danielle.mp4,Danielle.JPG,Danielle,3,videoFrameDanielle.png,0,2,2,0,0,4,4,3,,,,,0,2,4.140445996,,,,,,,13,1,2019_Jul_19_1349,FaceNameControl_Picture&Audio,3.0.4,85.0499395,
83,FacesBlock1.xlsx,Danielle.mp4,Danielle.JPG,Danielle,3,videoFrameDanielle.png,0,2,2,0,,,,,0,7,7,3,,,,danielle,"['d', 'a', 'n', 'i', 'e', 'l', 'l', 'e']",4,"[1.8948424150000847, 2.012678817000051, 2.200166524999986, 2.2947520850000274, 2.495029184000032, 2.9418240550000974, 3.1293869550002, 3.306370842000206]",[1.89484,1.89484,13,1,2019_Jul_19_1349,FaceNameControl_Picture&Audio,3.0.4,85.0499395,
16,FacesBlock2.xlsx,David.mp4,David.JPG,David,19,videoFrameDavid.png,0,0,0,1,,,,,0,0,0,4,,,,,None,1,,,,13,1,2019_Jul_19_1349,FaceNameControl_Picture&Audio,3.0.4,85.0499395,
15,FacesBlock2.xlsx,David.mp4,David.JPG,David,19,videoFrameDavid.png,0,0,0,1,0,14,14,4,,,,,0,1,1.590263543,,,,,,,13,1,2019_Jul_19_1349,FaceNameControl_Picture&Audio,3.0.4,85.0499395,
96,FacesBlock4.xlsx,Dylan.mp4,Dylan.JPG,Dylan,52,videoFrameDylan.png,0,3,3,3,0,5,5,7,,,,,1,2,0.979410406,,,,,,,13,1,2019_Jul_19_1349,FaceNameControl_Picture&Audio,3.0.4,85.0499395,
107,FacesBlock4.xlsx,Dylan.mp4,Dylan.JPG,Dylan,52,videoFrameDylan.png,0,3,3,3,,,,,0,1,1,7,,,,dylan,"['d', 'y', 'l', 'a', 'n']",4,"[1.2725935839998783, 1.5430210339998212, 2.1426015799997913, 2.307055665000007, 2.425305141999843]",[1.27259,1.27259,13,1,2019_Jul_19_1349,FaceNameControl_Picture&Audio,3.0.4,85.0499395,
102,FacesBlock4.xlsx,Emily.mp4,Emily.JPG,Emily,53,videoFrameEmily.png,0,3,3,3,0,11,11,8,,,,,1,2,0.544043695,,,,,,,13,1,2019_Jul_19_1349,FaceNameControl_Picture&Audio,3.0.4,85.0499395,
115,FacesBlock4.xlsx,Emily.mp4,Emily.JPG,Emily,53,videoFrameEmily.png,0,3,3,3,,,,,0,9,9,8,,,,emily,"['e', 'i', 'm', 'backspace', 'backspace', 'space', 'm', 'backspace', 'backspace', 'm', 'i', 'l', 'y']",3,"[4.106845786000122, 4.459901883999919, 4.589682925000034, 4.882377255999927, 5.047313988000042, 5.389517663999868, 5.411004567999953, 5.870699265999974, 6.1061528800000815, 6.44768655300004, 6.541870087999996, 6.68296000700002, 6.91834543899995]",[4.10684,4.10684,13,1,2019_Jul_19_1349,FaceNameControl_Picture&Audio,3.0.4,85.0499395,
69,FacesBlock1.xlsx,Eric.mp4,Eric.JPG,Eric,4,videoFrameEric.png,0,2,2,0,0,8,8,4,,,,,1,1,11.17629207,,,,,,,13,1,2019_Jul_19_1349,FaceNameControl_Picture&Audio,3.0.4,85.0499395,
82,FacesBlock1.xlsx,Eric.mp4,Eric.JPG,Eric,4,videoFrameEric.png,0,2,2,0,,,,,0,6,6,4,,,,eric,"['e', 'r', 'i', 'c']",4,"[1.331885616000136, 1.447724461000007, 1.5891477200000281, 1.742415949000133]",[1.33188,1.33188,13,1,2019_Jul_19_1349,FaceNameControl_Picture&Audio,3.0.4,85.0499395,
75,FacesBlock1.xlsx,Ethan.mp4,Ethan.JPG,Ethan,5,videoFrameEthan.png,0,2,2,0,0,14,14,5,,,,,0,1,1.646452017,,,,,,,13,1,2019_Jul_19_1349,FaceNameControl_Picture&Audio,3.0.4,85.0499395,
90,FacesBlock1.xlsx,Ethan.mp4,Ethan.JPG,Ethan,5,videoFrameEthan.png,0,2,2,0,,,,,0,14,14,5,,,,ethan,"['e', 't', 'h', 'a', 'n']",3,"[1.5908987870000146, 1.8356720020001376, 1.9667120379999687, 2.073026753000022, 2.188287430000173]",[1.59089,1.59089,13,1,2019_Jul_19_1349,FaceNameControl_Picture&Audio,3.0.4,85.0499395,
100,FacesBlock4.xlsx,Grace.mp4,Grace.JPG,Grace,54,videoFrameGrace.png,0,3,3,3,0,9,9,9,,,,,0,2,0.944617537,,,,,,,13,1,2019_Jul_19_1349,FaceNameControl_Picture&Audio,3.0.4,85.0499395,
120,FacesBlock4.xlsx,Grace.mp4,Grace.JPG,Grace,54,videoFrameGrace.png,0,3,3,3,,,,,0,14,14,9,,,,grace,"['g', 'r', 'a', 'c', 'e']",4,"[1.7783689829998366, 2.1546020739997402, 2.683536765000099, 3.2367541059998075, 3.448235722999925]",[1.77836,1.77836,13,1,2019_Jul_19_1349,FaceNameControl_Picture&Audio,3.0.4,85.0499395,
1,FacesBlock2.xlsx,Haley.mp4,Haley.JPG,Haley,20,videoFrameHaley.png,0,0,0,1,0,0,0,5,,,,,0,2,2.483465722,,,,,,,13,1,2019_Jul_19_1349,FaceNameControl_Picture&Audio,3.0.4,85.0499395,
27,FacesBlock2.xlsx,Haley.mp4,Haley.JPG,Haley,20,videoFrameHaley.png,0,0,0,1,,,,,0,11,11,5,,,,,None,1,,,,13,1,2019_Jul_19_1349,FaceNameControl_Picture&Audio,3.0.4,85.0499395,
71,FacesBlock1.xlsx,Hannah.mp4,Hannah.JPG,Hannah,6,videoFrameHannah.png,0,2,2,0,0,10,10,6,,,,,1,2,1.120684007,,,,,,,13,1,2019_Jul_19_1349,FaceNameControl_Picture&Audio,3.0.4,85.0499395,
79,FacesBlock1.xlsx,Hannah.mp4,Hannah.JPG,Hannah,6,videoFrameHannah.png,0,2,2,0,,,,,0,3,3,6,,,,,None,1,,,,13,1,2019_Jul_19_1349,FaceNameControl_Picture&Audio,3.0.4,85.0499395,
5,FacesBlock2.xlsx,Heather.mp4,Heather.JPG,Heather,21,videoFrameHeather.png,0,0,0,1,0,4,4,6,,,,,0,2,1.976420165,,,,,,,13,1,2019_Jul_19_1349,FaceNameControl_Picture&Audio,3.0.4,85.0499395,
17,FacesBlock2.xlsx,Heather.mp4,Heather.JPG,Heather,21,videoFrameHeather.png,0,0,0,1,,,,,0,1,1,6,,,,brittany,"['n', 'backspace', 'backspace', 'b', 't', 'backspace', 'r', 'i', 't', 't', 'a', 'n', 'y']",3,"[4.918767840999976, 5.764849735999974, 5.976939819999984, 6.741536729000018, 7.021678584000028, 7.387529438000001, 7.541601446000072, 8.070970528999965, 8.36472586299999, 8.564569263000067, 9.140868297999987, 9.458591964999982, 9.681577145999995]",[4.91876,4.91876,13,1,2019_Jul_19_1349,FaceNameControl_Picture&Audio,3.0.4,85.0499395,
38,FacesBlock3.xlsx,Jacob.mp4,Jacob.JPG,Jacob,32,videoFrameJacob.png,0,1,1,2,0,7,7,2,,,,,0,1,0.897031832,,,,,,,13,1,2019_Jul_19_1349,FaceNameControl_Picture&Audio,3.0.4,85.0499395,
52,FacesBlock3.xlsx,Jacob.mp4,Jacob.JPG,Jacob,32,videoFrameJacob.png,0,1,1,2,,,,,0,6,6,2,,,,jacob,"['j', 'a', 'c', 'o', 'b']",4,"[1.507827842000097, 1.7077625730000818, 2.225608921999992, 2.4133042910000313, 2.5425974480001514]",[1.50782,1.50782,13,1,2019_Jul_19_1349,FaceNameControl_Picture&Audio,3.0.4,85.0499395,
111,FacesBlock4.xlsx,Jason.mp4,Jason.JPG,Jason,55,videoFrameJason.png,0,3,3,3,,,,,0,5,5,10,,,,jason,"['j', 'a', 'o', 'backspace', 's', 'o', 'n']",4,"[1.861021979999805, 2.025800295999943, 2.3545575369998915, 2.7880529479998586, 3.001766109000073, 3.460779184999865, 3.636992405000001]",[1.86102,1.86102,13,1,2019_Jul_19_1349,FaceNameControl_Picture&Audio,3.0.4,85.0499395,
94,FacesBlock4.xlsx,Jason.mp4,Jason.JPG,Jason,55,videoFrameJason.png,0,3,3,3,0,3,3,10,,,,,0,1,3.107983002,,,,,,,13,1,2019_Jul_19_1349,FaceNameControl_Picture&Audio,3.0.4,85.0499395,
88,FacesBlock1.xlsx,Jenna.mp4,Jenna.JPG,Jenna,7,videoFrameJenna.png,0,2,2,0,,,,,0,12,12,7,,,,jenna,"['j', 'e', 'n', 'n', 'a']",3,"[1.9082685790001506, 2.131322806000071, 2.2955847460000314, 2.4704901430000064, 2.8601731470000686]",[1.90826,1.90826,13,1,2019_Jul_19_1349,FaceNameControl_Picture&Audio,3.0.4,85.0499395,
67,FacesBlock1.xlsx,Jenna.mp4,Jenna.JPG,Jenna,7,videoFrameJenna.png,0,2,2,0,0,6,6,7,,,,,0,2,6.035856721,,,,,,,13,1,2019_Jul_19_1349,FaceNameControl_Picture&Audio,3.0.4,85.0499395,
10,FacesBlock2.xlsx,Jeremy.mp4,Jeremy.JPG,Jeremy,22,videoFrameJeremy.png,0,0,0,1,0,9,9,7,,,,,0,1,0.590932178,,,,,,,13,1,2019_Jul_19_1349,FaceNameControl_Picture&Audio,3.0.4,85.0499395,
21,FacesBlock2.xlsx,Jeremy.mp4,Jeremy.JPG,Jeremy,22,videoFrameJeremy.png,0,0,0,1,,,,,0,5,5,7,,,,,None,1,,,,13,1,2019_Jul_19_1349,FaceNameControl_Picture&Audio,3.0.4,85.0499395,
68,FacesBlock1.xlsx,Jessica.mp4,Jessica.JPG,Jessica,8,videoFrameJessica.png,0,2,2,0,0,7,7,8,,,,,0,2,2.143863348,,,,,,,13,1,2019_Jul_19_1349,FaceNameControl_Picture&Audio,3.0.4,85.0499395,
84,FacesBlock1.xlsx,Jessica.mp4,Jessica.JPG,Jessica,8,videoFrameJessica.png,0,2,2,0,,,,,0,8,8,8,,,,jessica,"['j', 'e', 's', 's', 'i', 'c', 'a']",4,"[1.7315800219998891, 1.8957919819999915, 2.0257262149998496, 2.1994470249999267, 2.319404168999881, 2.437776987999996, 2.6725468899999214]",[1.73158,1.73158,13,1,2019_Jul_19_1349,FaceNameControl_Picture&Audio,3.0.4,85.0499395,
26,FacesBlock2.xlsx,Josh.mp4,Josh.JPG,Josh,23,videoFrameJosh.png,0,0,0,1,,,,,0,10,10,8,,,,josh,"['j', 'o', 's', 'h']",2,"[2.131682101000024, 2.482278511000004, 2.6825291169999446, 2.825577399999929]",[2.13168,2.13168,13,1,2019_Jul_19_1349,FaceNameControl_Picture&Audio,3.0.4,85.0499395,
6,FacesBlock2.xlsx,Josh.mp4,Josh.JPG,Josh,23,videoFrameJosh.png,0,0,0,1,0,5,5,8,,,,,1,1,0.685212925,,,,,,,13,1,2019_Jul_19_1349,FaceNameControl_Picture&Audio,3.0.4,85.0499395,
89,FacesBlock1.xlsx,Julia.mp4,Julia.JPG,Julia,9,videoFrameJulia.png,0,2,2,0,,,,,0,13,13,9,,,,,None,1,,,,13,1,2019_Jul_19_1349,FaceNameControl_Picture&Audio,3.0.4,85.0499395,
73,FacesBlock1.xlsx,Julia.mp4,Julia.JPG,Julia,9,videoFrameJulia.png,0,2,2,0,0,12,12,9,,,,,0,2,0.744375632,,,,,,,13,1,2019_Jul_19_1349,FaceNameControl_Picture&Audio,3.0.4,85.0499395,
29,FacesBlock2.xlsx,Justin.mp4,Justin.JPG,Justin,24,videoFrameJustin.png,0,0,0,1,,,,,0,13,13,9,,,,,None,1,,,,13,1,2019_Jul_19_1349,FaceNameControl_Picture&Audio,3.0.4,85.0499395,
14,FacesBlock2.xlsx,Justin.mp4,Justin.JPG,Justin,24,videoFrameJustin.png,0,0,0,1,0,13,13,9,,,,,0,1,1.143411589,,,,,,,13,1,2019_Jul_19_1349,FaceNameControl_Picture&Audio,3.0.4,85.0499395,
91,FacesBlock4.xlsx,Katie.mp4,Katie.JPG,Katie,56,videoFrameKatie.png,0,3,3,3,0,0,0,11,,,,,1,2,5.355632784,,,,,,,13,1,2019_Jul_19_1349,FaceNameControl_Picture&Audio,3.0.4,85.0499395,
108,FacesBlock4.xlsx,Katie.mp4,Katie.JPG,Katie,56,videoFrameKatie.png,0,3,3,3,,,,,0,2,2,11,,,,hannah,"['h', 'a', 'n', 'n', 'a', 'h']",3,"[2.7877374450004027, 2.9773137170000155, 3.107409638000263, 3.2599329040003795, 3.436456324000119, 3.5542240150002726]",[2.78773,2.78773,13,1,2019_Jul_19_1349,FaceNameControl_Picture&Audio,3.0.4,85.0499395,
47,FacesBlock3.xlsx,Kayla.mp4,Kayla.JPG,Kayla,33,videoFrameKayla.png,0,1,1,2,,,,,0,1,1,3,,,,kayla,"['k', 'a', 'y', 'l', 'a']",2,"[4.013211128999956, 4.295055057999889, 4.460124127999961, 5.589060711999991, 5.824758153999937]",[4.01321,4.01321,13,1,2019_Jul_19_1349,FaceNameControl_Picture&Audio,3.0.4,85.0499395,
39,FacesBlock3.xlsx,Kayla.mp4,Kayla.JPG,Kayla,33,videoFrameKayla.png,0,1,1,2,0,8,8,3,,,,,1,2,0.767152005,,,,,,,13,1,2019_Jul_19_1349,FaceNameControl_Picture&Audio,3.0.4,85.0499395,
74,FacesBlock1.xlsx,Kelsey.mp4,Kelsey.JPG,Kelsey,10,videoFrameKelsey.png,0,2,2,0,0,13,13,10,,,,,0,2,1.80265716,,,,,,,13,1,2019_Jul_19_1349,FaceNameControl_Picture&Audio,3.0.4,85.0499395,
77,FacesBlock1.xlsx,Kelsey.mp4,Kelsey.JPG,Kelsey,10,videoFrameKelsey.png,0,2,2,0,,,,,0,1,1,10,,,,jes,"['j', 'e', 's']",1,"[9.009553055999959, 9.352798651000057, 9.904873928999905]",[9.00955,9.00955,13,1,2019_Jul_19_1349,FaceNameControl_Picture&Audio,3.0.4,85.0499395,
42,FacesBlock3.xlsx,Kevin.mp4,Kevin.JPG,Kevin,34,videoFrameKevin.png,0,1,1,2,0,11,11,4,,,,,0,1,0.438389778,,,,,,,13,1,2019_Jul_19_1349,FaceNameControl_Picture&Audio,3.0.4,85.0499395,
55,FacesBlock3.xlsx,Kevin.mp4,Kevin.JPG,Kevin,34,videoFrameKevin.png,0,1,1,2,,,,,0,9,9,4,,,,,None,1,,,,13,1,2019_Jul_19_1349,FaceNameControl_Picture&Audio,3.0.4,85.0499395,
61,FacesBlock1.xlsx,Kyle.mp4,Kyle.JPG,Kyle,11,videoFrameKyle.png,0,2,2,0,0,0,0,11,,,,,1,1,2.367961067,,,,,,,13,1,2019_Jul_19_1349,FaceNameControl_Picture&Audio,3.0.4,85.0499395,
86,FacesBlock1.xlsx,Kyle.mp4,Kyle.JPG,Kyle,11,videoFrameKyle.png,0,2,2,0,,,,,0,10,10,11,,,,kyle,"['k', 'y', 'l', 'e']",2,"[8.951065381000035, 9.24576053099986, 9.774804730999904, 9.939526271999966]",[8.95106,8.95106,13,1,2019_Jul_19_1349,FaceNameControl_Picture&Audio,3.0.4,85.0499395,
45,FacesBlock3.xlsx,Lauren.mp4,Lauren.JPG,Lauren,35,videoFrameLauren.png,0,1,1,2,0,14,14,5,,,,,1,2,2.261374747,,,,,,,13,1,2019_Jul_19_1349,FaceNameControl_Picture&Audio,3.0.4,85.0499395,
56,FacesBlock3.xlsx,Lauren.mp4,Lauren.JPG,Lauren,35,videoFrameLauren.png,0,1,1,2,,,,,0,10,10,5,,,,nicole,"['n', 'i', 'c', 'o', 'l', 'e']",2,"[8.612376286999961, 8.706549284000175, 8.963158999000143, 9.235591709000118, 9.44748950600001, 9.588848053999982]",[8.61237,8.61237,13,1,2019_Jul_19_1349,FaceNameControl_Picture&Audio,3.0.4,85.0499395,
57,FacesBlock3.xlsx,Mark.mp4,Mark.JPG,Mark,36,videoFrameMark.png,0,1,1,2,,,,,0,11,11,6,,,,thomas,"['t', 'h', 'o', 'm', 'a', 's']",1,"[5.047994095000149, 5.3659490180000375, 5.6460295400002, 5.788679629000171, 6.142264406000095, 6.222723820000056]",[5.04799,5.04799,13,1,2019_Jul_19_1349,FaceNameControl_Picture&Audio,3.0.4,85.0499395,
44,FacesBlock3.xlsx,Mark.mp4,Mark.JPG,Mark,36,videoFrameMark.png,0,1,1,2,0,13,13,6,,,,,0,1,1.273613247,,,,,,,13,1,2019_Jul_19_1349,FaceNameControl_Picture&Audio,3.0.4,85.0499395,
66,FacesBlock1.xlsx,Matthew.mp4,Matthew.JPG,Matthew,12,videoFrameMatthew.png,0,2,2,0,0,5,5,12,,,,,1,1,0.922100476,,,,,,,13,1,2019_Jul_19_1349,FaceNameControl_Picture&Audio,3.0.4,85.0499395,
87,FacesBlock1.xlsx,Matthew.mp4,Matthew.JPG,Matthew,12,videoFrameMatthew.png,0,2,2,0,,,,,0,11,11,12,,,,matthew,"['a', 'm', 'backspace', 'backspace', 'a', 'backspace', 'm', 'a', 't', 't', 'h', 'e', 'w']",4,"[2.036922215000004, 2.0514193149999755, 2.565229254999849, 2.729871299000024, 3.130325870999968, 3.5642553169998337, 3.8472526359998938, 4.024260529000003, 4.130134538999982, 4.329823322000038, 4.553434768999978, 4.718019854999966, 4.824073417999898]",[2.03692,2.03692,13,1,2019_Jul_19_1349,FaceNameControl_Picture&Audio,3.0.4,85.0499395,
22,FacesBlock2.xlsx,Megan.mp4,Megan.JPG,Megan,25,videoFrameMegan.png,0,0,0,1,,,,,0,6,6,10,,,,megan,"['m', 'e', 'g', 'a', 'n']",4,"[1.7886444890000348, 1.8942186020000236, 2.1998093729999937, 2.5059423600000628, 2.6353162500000735]",[1.78864,1.78864,13,1,2019_Jul_19_1349,FaceNameControl_Picture&Audio,3.0.4,85.0499395,
12,FacesBlock2.xlsx,Megan.mp4,Megan.JPG,Megan,25,videoFrameMegan.png,0,0,0,1,0,11,11,10,,,,,0,2,0.285676703,,,,,,,13,1,2019_Jul_19_1349,FaceNameControl_Picture&Audio,3.0.4,85.0499395,
106,FacesBlock4.xlsx,Michael.mp4,Michael.JPG,Michael,57,videoFrameMichael.png,0,3,3,3,,,,,0,0,0,12,,,,,None,1,,,,13,1,2019_Jul_19_1349,FaceNameControl_Picture&Audio,3.0.4,85.0499395,
103,FacesBlock4.xlsx,Michael.mp4,Michael.JPG,Michael,57,videoFrameMichael.png,0,3,3,3,0,12,12,12,,,,,1,1,0.980151838,,,,,,,13,1,2019_Jul_19_1349,FaceNameControl_Picture&Audio,3.0.4,85.0499395,
104,FacesBlock4.xlsx,Michelle.mp4,Michelle.JPG,Michelle,58,videoFrameMichelle.png,0,3,3,3,0,13,13,13,,,,,0,2,1.42603508,,,,,,,13,1,2019_Jul_19_1349,FaceNameControl_Picture&Audio,3.0.4,85.0499395,
110,FacesBlock4.xlsx,Michelle.mp4,Michelle.JPG,Michelle,58,videoFrameMichelle.png,0,3,3,3,,,,,0,4,4,13,,,,michelle,"['m', 'i', 'c', 'h', 'e', 'l', 'l', 'e']",3,"[5.844928139000331, 5.976043548000234, 6.140666765000333, 6.329275661000338, 6.564361292000285, 6.729251726000257, 6.870307879000393, 7.270027604999996]",[5.84492,5.84492,13,1,2019_Jul_19_1349,FaceNameControl_Picture&Audio,3.0.4,85.0499395,
80,FacesBlock1.xlsx,Natalie.mp4,Natalie.JPG,Natalie,13,videoFrameNatalie.png,0,2,2,0,,,,,0,4,4,13,,,,emily,"['e', 'm', 'i', 'l', 'y']",2,"[7.823217404999923, 8.046961855000063, 8.17648237100002, 8.270513585999879, 8.552252322999948]",[7.82321,7.82321,13,1,2019_Jul_19_1349,FaceNameControl_Picture&Audio,3.0.4,85.0499395,
70,FacesBlock1.xlsx,Natalie.mp4,Natalie.JPG,Natalie,13,videoFrameNatalie.png,0,2,2,0,0,9,9,13,,,,,1,2,0.885027803,,,,,,,13,1,2019_Jul_19_1349,FaceNameControl_Picture&Audio,3.0.4,85.0499395,
58,FacesBlock3.xlsx,Nathan.mp4,Nathan.JPG,Nathan,37,videoFrameNathan.png,0,1,1,2,,,,,0,12,12,7,,,,noah,"['n', 'o', 'a', 'h']",2,"[2.0000672640001085, 2.1306720170000517, 2.2726043929999378, 2.401783712999986]",[2.00006,2.00006,13,1,2019_Jul_19_1349,FaceNameControl_Picture&Audio,3.0.4,85.0499395,
34,FacesBlock3.xlsx,Nathan.mp4,Nathan.JPG,Nathan,37,videoFrameNathan.png,0,1,1,2,0,3,3,7,,,,,1,1,2.211799734,,,,,,,13,1,2019_Jul_19_1349,FaceNameControl_Picture&Audio,3.0.4,85.0499395,
53,FacesBlock3.xlsx,Nicole.mp4,Nicole.JPG,Nicole,38,videoFrameNicole.png,0,1,1,2,,,,,0,7,7,8,,,,,None,1,,,,13,1,2019_Jul_19_1349,FaceNameControl_Picture&Audio,3.0.4,85.0499395,
36,FacesBlock3.xlsx,Nicole.mp4,Nicole.JPG,Nicole,38,videoFrameNicole.png,0,1,1,2,0,5,5,8,,,,,1,2,0.932140942,,,,,,,13,1,2019_Jul_19_1349,FaceNameControl_Picture&Audio,3.0.4,85.0499395,
46,FacesBlock3.xlsx,Noah.mp4,Noah.JPG,Noah,39,videoFrameNoah.png,0,1,1,2,,,,,0,0,0,9,,,,daniel,"['d', 'a', 'n', 'i', 'e', 'l']",2,"[3.36552262400005, 3.4482428300000265, 3.600393295999993, 3.694660524000028, 3.8226423430000978, 3.965855425999962]",[3.36552,3.36552,13,1,2019_Jul_19_1349,FaceNameControl_Picture&Audio,3.0.4,85.0499395,
43,FacesBlock3.xlsx,Noah.mp4,Noah.JPG,Noah,39,videoFrameNoah.png,0,1,1,2,0,12,12,9,,,,,0,1,1.732301108,,,,,,,13,1,2019_Jul_19_1349,FaceNameControl_Picture&Audio,3.0.4,85.0499395,
59,FacesBlock3.xlsx,Olivia.mp4,Olivia.JPG,Olivia,40,videoFrameOlivia.png,0,1,1,2,,,,,0,13,13,10,,,,olivia,"['o', 'i', 'v', 'backspace', 'backspace', 'l', 'i', 'v', 'i', 'a']",4,"[1.6377578320000339, 1.9905952939998315, 2.2021735609998814, 2.919142757999907, 3.2949811619998854, 3.931180621999829, 3.9446317379999982, 4.283477187000017, 4.448483347999854, 4.7074722719999045]",[1.63775,1.63775,13,1,2019_Jul_19_1349,FaceNameControl_Picture&Audio,3.0.4,85.0499395,
32,FacesBlock3.xlsx,Olivia.mp4,Olivia.JPG,Olivia,40,videoFrameOlivia.png,0,1,1,2,0,1,1,10,,,,,0,2,0.990865064,,,,,,,13,1,2019_Jul_19_1349,FaceNameControl_Picture&Audio,3.0.4,85.0499395,
18,FacesBlock2.xlsx,Rachel.mp4,Rachel.JPG,Rachel,26,videoFrameRachel.png,0,0,0,1,,,,,0,2,2,11,,,,rachel,"['r', 'a', 'c', 'h', 'e', 'l', 'return']",4,"[3.3172374609999906, 3.425364001999924, 3.7171425450000015, 3.907314786000029, 4.01295642499997, 4.9538321699999415, 7.117659913000011]",[3.31723,3.31723,13,1,2019_Jul_19_1349,FaceNameControl_Picture&Audio,3.0.4,85.0499395,
8,FacesBlock2.xlsx,Rachel.mp4,Rachel.JPG,Rachel,26,videoFrameRachel.png,0,0,0,1,0,7,7,11,,,,,0,2,0.720929569,,,,,,,13,1,2019_Jul_19_1349,FaceNameControl_Picture&Audio,3.0.4,85.0499395,
60,FacesBlock3.xlsx,Rebecca.mp4,Rebecca.JPG,Rebecca,41,videoFrameRebecca.png,0,1,1,2,,,,,0,14,14,11,,,,,None,1,,,,13,1,2019_Jul_19_1349,FaceNameControl_Picture&Audio,3.0.4,85.0499395,
35,FacesBlock3.xlsx,Rebecca.mp4,Rebecca.JPG,Rebecca,41,videoFrameRebecca.png,0,1,1,2,0,4,4,11,,,,,0,2,0.732215062,,,,,,,13,1,2019_Jul_19_1349,FaceNameControl_Picture&Audio,3.0.4,85.0499395,
40,FacesBlock3.xlsx,Sarah.mp4,Sarah.JPG,Sarah,42,videoFrameSarah.png,0,1,1,2,0,9,9,12,,,,,1,2,0.21488069,,,,,,,13,1,2019_Jul_19_1349,FaceNameControl_Picture&Audio,3.0.4,85.0499395,
49,FacesBlock3.xlsx,Sarah.mp4,Sarah.JPG,Sarah,42,videoFrameSarah.png,0,1,1,2,,,,,0,3,3,12,,,,sarah,"['s', 'a', 'r', 'a', 'h']",4,"[1.1422563960002208, 1.2725797960001728, 1.4135193540000728, 1.5644262940002136, 1.707894842000087]",[1.14225,1.14225,13,1,2019_Jul_19_1349,FaceNameControl_Picture&Audio,3.0.4,85.0499395,
41,FacesBlock3.xlsx,Shelby.mp4,Shelby.JPG,Shelby,43,videoFrameShelby.png,0,1,1,2,0,10,10,13,,,,,1,2,0.591452538,,,,,,,13,1,2019_Jul_19_1349,FaceNameControl_Picture&Audio,3.0.4,85.0499395,
54,FacesBlock3.xlsx,Shelby.mp4,Shelby.JPG,Shelby,43,videoFrameShelby.png,0,1,1,2,,,,,0,8,8,13,,,,shelby,"['s', 'h', 'e', 'l', 'b', 'y']",4,"[0.8493184009998913, 1.0138578230000803, 1.131332668999903, 1.2844539069999428, 1.437501893999979, 1.7764297720000286]",[0.84931,0.84931,13,1,2019_Jul_19_1349,FaceNameControl_Picture&Audio,3.0.4,85.0499395,
13,FacesBlock2.xlsx,Steven.mp4,Steven.JPG,Steven,27,videoFrameSteven.png,0,0,0,1,0,12,12,12,,,,,1,1,0.414593705,,,,,,,13,1,2019_Jul_19_1349,FaceNameControl_Picture&Audio,3.0.4,85.0499395,
28,FacesBlock2.xlsx,Steven.mp4,Steven.JPG,Steven,27,videoFrameSteven.png,0,0,0,1,,,,,0,12,12,12,,,,,None,1,,,,13,1,2019_Jul_19_1349,FaceNameControl_Picture&Audio,3.0.4,85.0499395,
97,FacesBlock4.xlsx,Taylor.mp4,Taylor.JPG,Taylor,59,videoFrameTaylor.png,0,3,3,3,0,6,6,14,,,,,0,2,0.391279796,,,,,,,13,1,2019_Jul_19_1349,FaceNameControl_Picture&Audio,3.0.4,85.0499395,
116,FacesBlock4.xlsx,Taylor.mp4,Taylor.JPG,Taylor,59,videoFrameTaylor.png,0,3,3,3,,,,,0,10,10,14,,,,,None,1,,,,13,1,2019_Jul_19_1349,FaceNameControl_Picture&Audio,3.0.4,85.0499395,
33,FacesBlock3.xlsx,Thomas.mp4,Thomas.JPG,Thomas,44,videoFrameThomas.png,0,1,1,2,0,2,2,14,,,,,1,1,1.461624218,,,,,,,13,1,2019_Jul_19_1349,FaceNameControl_Picture&Audio,3.0.4,85.0499395,
50,FacesBlock3.xlsx,Thomas.mp4,Thomas.JPG,Thomas,44,videoFrameThomas.png,0,1,1,2,,,,,0,4,4,14,,,,thomas,"['t', 'h', 'o', 'm', 'a', 's']",3,"[5.3538442959998065, 5.4942614059998505, 5.60098760599999, 5.789174478999939, 5.96527432899984, 6.010461078999924]",[5.35384,5.35384,13,1,2019_Jul_19_1349,FaceNameControl_Picture&Audio,3.0.4,85.0499395,
64,FacesBlock1.xlsx,Timothy.mp4,Timothy.JPG,Timothy,14,videoFrameTimothy.png,0,2,2,0,0,3,3,14,,,,,1,1,2.825045038,,,,,,,13,1,2019_Jul_19_1349,FaceNameControl_Picture&Audio,3.0.4,85.0499395,
78,FacesBlock1.xlsx,Timothy.mp4,Timothy.JPG,Timothy,14,videoFrameTimothy.png,0,2,2,0,,,,,0,2,2,14,,,,kyle,"['k', 'y', 'l', 'e']",3,"[1.6489306060000217, 1.8709779250000338, 2.084004289999939, 2.225818985999922]",[1.64893,1.64893,13,1,2019_Jul_19_1349,FaceNameControl_Picture&Audio,3.0.4,85.0499395,
3,FacesBlock2.xlsx,Trevor.mp4,Trevor.JPG,Trevor,28,videoFrameTrevor.png,0,0,0,1,0,2,2,13,,,,,0,1,0.556082966,,,,,,,13,1,2019_Jul_19_1349,FaceNameControl_Picture&Audio,3.0.4,85.0499395,
23,FacesBlock2.xlsx,Trevor.mp4,Trevor.JPG,Trevor,28,videoFrameTrevor.png,0,0,0,1,,,,,0,7,7,13,,,,,None,1,,,,13,1,2019_Jul_19_1349,FaceNameControl_Picture&Audio,3.0.4,85.0499395,
20,FacesBlock2.xlsx,Tyler.mp4,Tyler.JPG,Tyler,29,videoFrameTyler.png,0,0,0,1,,,,,0,4,4,14,,,,,None,1,,,,13,1,2019_Jul_19_1349,FaceNameControl_Picture&Audio,3.0.4,85.0499395,
4,FacesBlock2.xlsx,Tyler.mp4,Tyler.JPG,Tyler,29,videoFrameTyler.png,0,0,0,1,0,3,3,14,,,,,1,1,0.61178593,,,,,,,13,1,2019_Jul_19_1349,FaceNameControl_Picture&Audio,3.0.4,85.0499395,
0,,,,,,,,,,,,,,,,,,,,,,,,,,,,13,1,2019_Jul_19_1349,FaceNameControl_Picture&Audio,3.0.4,85.0499395,
121,,,,,,,,,,,,,,,,,,,,,,,,,,,,13,1,2019_Jul_19_1349,FaceNameControl_Picture&Audio,3.0.4,85.0499395,