﻿condsFile,Video,Photo,Name,Row,videoFrame,blocks.thisRepN,blocks.thisTrialN,blocks.thisN,blocks.thisIndex,presentations.thisRepN,presentations.thisTrialN,presentations.thisN,presentations.thisIndex,testing.thisRepN,testing.thisTrialN,testing.thisN,testing.thisIndex,currentCond,judgementResp.keys,judgementResp.rt,inputText,key_resp_3.keys,key_resp_3.rt,,key_resp3_fin,rating_resp.keys,participant,session,date,expName,psychopyVersion,frameRate
,,,,,,,,,,,,,,,,,,,,,,,,,,,15,1,2019_Jul_24_1258,FaceNameControl_Picture&Audio,3.0.4,60.02909477
FacesBlock2.xlsx,Aaron.mp4,Aaron.JPG,Aaron,15,videoFrameAaron.png,0,3,3,1,0,11,11,0,,,,,1,1,0.303370334,,,,,,,15,1,2019_Jul_24_1258,FaceNameControl_Picture&Audio,3.0.4,60.02909477
FacesBlock2.xlsx,Aaron.mp4,Aaron.JPG,Aaron,15,videoFrameAaron.png,0,3,3,1,,,,,0,2,2,0,,,,Aaron,"['lshift', 'a', 'a', 'r', 'o', 'n']","[1.0003965419600718, 1.1183583029778674, 1.3843273689853959, 1.6015719730057754, 1.634706146956887, 1.8015122169745155]",[1.00039,1.00039,4,15,1,2019_Jul_24_1258,FaceNameControl_Picture&Audio,3.0.4,60.02909477
FacesBlock1.xlsx,Adam.mp4,Adam.JPG,Adam,0,videoFrameAdam.png,0,0,0,0,0,3,3,0,,,,,0,1,0.502890424,,,,,,,15,1,2019_Jul_24_1258,FaceNameControl_Picture&Audio,3.0.4,60.02909477
FacesBlock1.xlsx,Adam.mp4,Adam.JPG,Adam,0,videoFrameAdam.png,0,0,0,0,,,,,0,0,0,0,,,,Kyle ,"['lshift', 'k', 'y', 'l', 'e', 'return', 'space']","[3.38361012598034, 3.5014468079898506, 3.6680370459798723, 3.784686225990299, 3.8512747189961374, 4.167749914980959, 4.850971483974718]",[3.38361,3.38361,2,15,1,2019_Jul_24_1258,FaceNameControl_Picture&Audio,3.0.4,60.02909477
FacesBlock4.xlsx,Alyssa.mp4,Alyssa.JPG,Alyssa,45,videoFrameAlyssa.png,0,1,1,3,0,14,14,0,,,,,0,2,0.236766112,,,,,,,15,1,2019_Jul_24_1258,FaceNameControl_Picture&Audio,3.0.4,60.02909477
FacesBlock4.xlsx,Alyssa.mp4,Alyssa.JPG,Alyssa,45,videoFrameAlyssa.png,0,1,1,3,,,,,0,12,12,0,,,,Jenna,"['lshift', 'j', 'e', 'n', 'n', 'a']","[1.5834047829848714, 2.851262590033002, 3.251120587985497, 3.350369238993153, 3.4990912600187585, 3.5343641160288826]",[1.58340,1.58340,2,15,1,2019_Jul_24_1258,FaceNameControl_Picture&Audio,3.0.4,60.02909477
FacesBlock1.xlsx,Amanda.mp4,Amanda.JPG,Amanda,1,videoFrameAmanda.png,0,0,0,0,0,0,0,1,,,,,1,2,1.535783214,,,,,,,15,1,2019_Jul_24_1258,FaceNameControl_Picture&Audio,3.0.4,60.02909477
FacesBlock1.xlsx,Amanda.mp4,Amanda.JPG,Amanda,1,videoFrameAmanda.png,0,0,0,0,,,,,0,4,4,1,,,,Amy,"['lshift', 'a', 'm', 'y']","[2.9994812189834192, 3.1521772269625217, 3.350732291000895, 3.468151825014502]",[2.99948,2.99948,2,15,1,2019_Jul_24_1258,FaceNameControl_Picture&Audio,3.0.4,60.02909477
FacesBlock4.xlsx,Andrew.mp4,Andrew.JPG,Andrew,46,videoFrameAndrew.png,0,1,1,3,0,2,2,1,,,,,0,1,1.35270906,,,,,,,15,1,2019_Jul_24_1258,FaceNameControl_Picture&Audio,3.0.4,60.02909477
FacesBlock4.xlsx,Andrew.mp4,Andrew.JPG,Andrew,46,videoFrameAndrew.png,0,1,1,3,,,,,0,5,5,1,,,,Jordan,"['lshift', 'lshift', 'j', 'o', 'r', 'd', 'a', 'n']","[2.5493532519903965, 3.532469699974172, 3.6011226989794523, 3.717494081996847, 3.7842197510180995, 3.9511668190243654, 4.050130149000324, 4.150831727019977]",[2.54935,2.54935,2,15,1,2019_Jul_24_1258,FaceNameControl_Picture&Audio,3.0.4,60.02909477
FacesBlock4.xlsx,Anna.mp4,Anna.JPG,Anna,47,videoFrameAnna.png,0,1,1,3,0,9,9,2,,,,,0,2,0.187179476,,,,,,,15,1,2019_Jul_24_1258,FaceNameControl_Picture&Audio,3.0.4,60.02909477
FacesBlock4.xlsx,Anna.mp4,Anna.JPG,Anna,47,videoFrameAnna.png,0,1,1,3,,,,,0,3,3,2,,,,Amanda,"['lshift', 'a', 'm', 'a', 'n', 'd', 'a']","[1.3002435590024106, 1.4178848170558922, 1.8182879750384018, 1.9676035770098679, 2.2177775320014916, 2.3182886780123226, 2.4176967770326883]",[1.30024,1.30024,3,15,1,2019_Jul_24_1258,FaceNameControl_Picture&Audio,3.0.4,60.02909477
FacesBlock2.xlsx,Ashley.mp4,Ashley.JPG,Ashley,16,videoFrameAshley.png,0,3,3,1,0,1,1,1,,,,,0,2,0.636578317,,,,,,,15,1,2019_Jul_24_1258,FaceNameControl_Picture&Audio,3.0.4,60.02909477
FacesBlock2.xlsx,Ashley.mp4,Ashley.JPG,Ashley,16,videoFrameAshley.png,0,3,3,1,,,,,0,4,4,1,,,,Rachel,"['lshift', 'r', 'a', 'c', 'h', 'e', 'l']","[3.1835497429710813, 3.2515959259471856, 3.418335100985132, 3.534402602992486, 3.615546730987262, 3.717165849986486, 4.200558384996839]",[3.18354,3.18354,4,15,1,2019_Jul_24_1258,FaceNameControl_Picture&Audio,3.0.4,60.02909477
FacesBlock1.xlsx,Bradley.mp4,Bradley.JPG,Bradley,2,videoFrameBradley.png,0,0,0,0,0,14,14,2,,,,,1,1,0.269226438,,,,,,,15,1,2019_Jul_24_1258,FaceNameControl_Picture&Audio,3.0.4,60.02909477
FacesBlock1.xlsx,Bradley.mp4,Bradley.JPG,Bradley,2,videoFrameBradley.png,0,0,0,0,,,,,0,10,10,2,,,,Bradley,"['lshift', 'b', 'r', 'a', 'd', 'l', 'e', 'y']","[0.8998164260410704, 1.0850608550244942, 1.1846479500527494, 1.3018733570352197, 1.4350785090355203, 1.6518044600379653, 1.8016905500553548, 1.9515108510386199]",[0.89981,0.89981,4,15,1,2019_Jul_24_1258,FaceNameControl_Picture&Audio,3.0.4,60.02909477
FacesBlock4.xlsx,Brandon.mp4,Brandon.JPG,Brandon,48,videoFrameBrandon.png,0,1,1,3,0,4,4,3,,,,,1,1,0.303141716,,,,,,,15,1,2019_Jul_24_1258,FaceNameControl_Picture&Audio,3.0.4,60.02909477
FacesBlock4.xlsx,Brandon.mp4,Brandon.JPG,Brandon,48,videoFrameBrandon.png,0,1,1,3,,,,,0,8,8,3,,,,Brandon,"['lshift', 'b', 'r', 'a', 'n', 'd', 'o', 'n']","[0.9504396569682285, 1.0694766250089742, 1.118864070973359, 1.2016065460047685, 1.2856452239793725, 1.3684135359944776, 1.48546425398672, 1.585750960977748]",[0.95043,0.95043,2,15,1,2019_Jul_24_1258,FaceNameControl_Picture&Audio,3.0.4,60.02909477
FacesBlock4.xlsx,Brian.mp4,Brian.JPG,Brian,49,videoFrameBrian.png,0,1,1,3,0,12,12,4,,,,,0,1,0.336077048,,,,,,,15,1,2019_Jul_24_1258,FaceNameControl_Picture&Audio,3.0.4,60.02909477
FacesBlock4.xlsx,Brian.mp4,Brian.JPG,Brian,49,videoFrameBrian.png,0,1,1,3,,,,,0,7,7,4,,,,Brian,"['lshift', 'b', 'r', 'a', 'n', 'd', 'o', 'n', 'backspace', 'backspace', 'backspace', 'backspace', 'backspace', 'backspace', 'i', 'r', 'backspace', 'backspace', 'r', 'i', 'a', 'n']","[2.399718474945985, 2.5511268349946477, 2.5856783359777182, 2.735046739981044, 2.7846461149747483, 2.851156207965687, 2.9846535549731925, 3.1844019959680736, 3.6158073149854317, 3.7338969749980606, 3.833437122986652, 3.950607107952237, 4.083044766972307, 4.200245514977723, 4.7336699509760365, 4.7553394379792735, 5.066907328960951, 5.16689861897612, 5.267220482986886, 5.383952141972259, 5.433831107977312, 5.550488184962887]",[2.39971,2.39971,2,15,1,2019_Jul_24_1258,FaceNameControl_Picture&Audio,3.0.4,60.02909477
FacesBlock4.xlsx,Brianna.mp4,Brianna.JPG,Brianna,50,videoFrameBrianna.png,0,1,1,3,0,6,6,5,,,,,1,2,0.503496021,,,,,,,15,1,2019_Jul_24_1258,FaceNameControl_Picture&Audio,3.0.4,60.02909477
FacesBlock4.xlsx,Brianna.mp4,Brianna.JPG,Brianna,50,videoFrameBrianna.png,0,1,1,3,,,,,0,2,2,5,,,,,"['lshift', 'j', 'backspace']","[3.832368531031534, 4.048641055007465, 5.033051737002097]",[3.83236,3.83236,1,15,1,2019_Jul_24_1258,FaceNameControl_Picture&Audio,3.0.4,60.02909477
FacesBlock2.xlsx,Brittany.mp4,Brittany.JPG,Brittany,17,videoFrameBrittany.png,0,3,3,1,0,10,10,2,,,,,1,2,0.368787102,,,,,,,15,1,2019_Jul_24_1258,FaceNameControl_Picture&Audio,3.0.4,60.02909477
FacesBlock2.xlsx,Brittany.mp4,Brittany.JPG,Brittany,17,videoFrameBrittany.png,0,3,3,1,,,,,0,13,13,2,,,,Brittany,"['lshift', 'b', 'r', 'i', 't', 't', 'a', 'n', 'y']","[1.850476378982421, 2.0185194190125912, 2.2017398370080628, 2.532701179967262, 2.6185989580117166, 2.7683353290194646, 2.884775723970961, 2.9682167409919202, 3.116096358979121]",[1.85047,1.85047,4,15,1,2019_Jul_24_1258,FaceNameControl_Picture&Audio,3.0.4,60.02909477
FacesBlock4.xlsx,Caleb.mp4,Caleb.JPG,Caleb,51,videoFrameCaleb.png,0,1,1,3,0,10,10,6,,,,,1,1,0.35288453,,,,,,,15,1,2019_Jul_24_1258,FaceNameControl_Picture&Audio,3.0.4,60.02909477
FacesBlock4.xlsx,Caleb.mp4,Caleb.JPG,Caleb,51,videoFrameCaleb.png,0,1,1,3,,,,,0,14,14,6,,,,Brian,"['lshift', 'lshift', 'b', 'a', 'r', 'backspace', 'backspace', 'backspace', 'lshift', 'b', 'r', 'a', 'backspace', 'i', 'a', 'n']","[2.332513285044115, 3.0995873720385134, 3.9507538540055975, 4.483794283005409, 4.550765604013577, 4.966628862021025, 5.082825125020463, 5.283077805011999, 5.882207830029074, 5.983208128018305, 6.116617418010719, 6.23264460003702, 6.565983424021397, 7.216239430999849, 7.466199721035082, 7.549544188019354]",[2.33251,2.33251,2,15,1,2019_Jul_24_1258,FaceNameControl_Picture&Audio,3.0.4,60.02909477
FacesBlock2.xlsx,Cody.mp4,Cody.JPG,Cody,18,videoFrameCody.png,0,3,3,1,0,9,9,3,,,,,1,1,0.452510141,,,,,,,15,1,2019_Jul_24_1258,FaceNameControl_Picture&Audio,3.0.4,60.02909477
FacesBlock2.xlsx,Cody.mp4,Cody.JPG,Cody,18,videoFrameCody.png,0,3,3,1,,,,,0,11,11,3,,,,Cody,"['lshift', 'c', 'o', 'd', 'y']","[1.1507142949849367, 1.6025376140023582, 1.7523244979674928, 1.8522364379605278, 1.9683645669720136]",[1.15071,1.15071,4,15,1,2019_Jul_24_1258,FaceNameControl_Picture&Audio,3.0.4,60.02909477
FacesBlock3.xlsx,Courtney.mp4,Courtney.JPG,Courtney,30,videoFrameCourtney.png,0,2,2,2,0,1,1,0,,,,,1,2,0.302770649,,,,,,,15,1,2019_Jul_24_1258,FaceNameControl_Picture&Audio,3.0.4,60.02909477
FacesBlock3.xlsx,Courtney.mp4,Courtney.JPG,Courtney,30,videoFrameCourtney.png,0,2,2,2,,,,,0,4,4,0,,,,Olivia,"['lshift', 'a', 'a', 'backspace', 'backspace', 'lshift', 'o', 'i', 'backspace', 'l', 'i', 'v', 'i', 'a']","[1.1667199679650366, 1.2350470519741066, 1.5014950869954191, 1.7507872409769334, 2.5500254119979218, 3.1829564649960957, 3.984213663963601, 4.750727568985894, 5.032490091980435, 5.266375467006583, 5.365479001950007, 5.4664451549761, 5.549914508999791, 5.633010502962861]",[1.16671,1.16671,2,15,1,2019_Jul_24_1258,FaceNameControl_Picture&Audio,3.0.4,60.02909477
FacesBlock3.xlsx,Daniel.mp4,Daniel.JPG,Daniel,31,videoFrameDaniel.png,0,2,2,2,0,9,9,1,,,,,0,1,0.436327086,,,,,,,15,1,2019_Jul_24_1258,FaceNameControl_Picture&Audio,3.0.4,60.02909477
FacesBlock3.xlsx,Daniel.mp4,Daniel.JPG,Daniel,31,videoFrameDaniel.png,0,2,2,2,,,,,0,6,6,1,,,,David,"['lshift', 'd', 'a', 'v', 'i', 'd']","[3.9502799439942464, 4.134572990005836, 4.3180876589613035, 4.651426228985656, 4.784661067009438, 5.067551194981206]",[3.95027,3.95027,1,15,1,2019_Jul_24_1258,FaceNameControl_Picture&Audio,3.0.4,60.02909477
FacesBlock1.xlsx,Danielle.mp4,Danielle.JPG,Danielle,3,videoFrameDanielle.png,0,0,0,0,0,4,4,3,,,,,1,2,0.321373035,,,,,,,15,1,2019_Jul_24_1258,FaceNameControl_Picture&Audio,3.0.4,60.02909477
FacesBlock1.xlsx,Danielle.mp4,Danielle.JPG,Danielle,3,videoFrameDanielle.png,0,0,0,0,,,,,0,13,13,3,,,,Jesi,"['lshift', 'j', 'a', 's', 'm', 'i', 'n', 'e', 'backspace', 'backspace', 'backspace', 'backspace', 'backspace', 'backspace', 'e', 'n', 'n', 'a', 'backspace', 'backspace', 'backspace', 'backspace', 'e', 's', 'i']","[3.632953047985211, 3.984437595005147, 4.16691761801485, 4.350844156986568, 4.434365427005105, 4.634193905978464, 4.750060387013946, 5.065239639021456, 5.849118247977458, 5.966486962977797, 6.099742843012791, 6.232802328013349, 6.3657446230063215, 6.482834009977523, 6.749475017015357, 6.864740964025259, 6.983105312974658, 7.083181118010543, 7.665909347007982, 7.815570859005675, 7.948753891978413, 8.08250155200949, 9.482499774021562, 9.665761483018287, 9.897001345991157]",[3.63295,3.63295,1,15,1,2019_Jul_24_1258,FaceNameControl_Picture&Audio,3.0.4,60.02909477
FacesBlock2.xlsx,David.mp4,David.JPG,David,19,videoFrameDavid.png,0,3,3,1,0,0,0,4,,,,,1,1,1.419191675,,,,,,,15,1,2019_Jul_24_1258,FaceNameControl_Picture&Audio,3.0.4,60.02909477
FacesBlock2.xlsx,David.mp4,David.JPG,David,19,videoFrameDavid.png,0,3,3,1,,,,,0,14,14,4,,,,Andrew,"['lshift', 'a', 'n', 'd', 'r', 'e', 'w']","[2.7829424220253713, 2.9178294009761885, 3.134505595022347, 3.8344315289868973, 4.034214934974443, 4.134202093991917, 4.217553224007133]",[2.78294,2.78294,1,15,1,2019_Jul_24_1258,FaceNameControl_Picture&Audio,3.0.4,60.02909477
FacesBlock4.xlsx,Dylan.mp4,Dylan.JPG,Dylan,52,videoFrameDylan.png,0,1,1,3,0,5,5,7,,,,,0,1,0.569606461,,,,,,,15,1,2019_Jul_24_1258,FaceNameControl_Picture&Audio,3.0.4,60.02909477
FacesBlock4.xlsx,Dylan.mp4,Dylan.JPG,Dylan,52,videoFrameDylan.png,0,1,1,3,,,,,0,13,13,7,,,,Michael,"['lshift', 'm', 'i', 'c', 'h', 'a', 'e', 'l']","[0.5177751840092242, 0.6189395030378364, 0.752734906040132, 1.2690701790270396, 1.3521106410189532, 1.4845950920134783, 1.6684857240179554, 1.7679414420272224]",[0.51777,0.51777,2,15,1,2019_Jul_24_1258,FaceNameControl_Picture&Audio,3.0.4,60.02909477
FacesBlock4.xlsx,Emily.mp4,Emily.JPG,Emily,53,videoFrameEmily.png,0,1,1,3,0,1,1,8,,,,,0,2,0.753144461,,,,,,,15,1,2019_Jul_24_1258,FaceNameControl_Picture&Audio,3.0.4,60.02909477
FacesBlock4.xlsx,Emily.mp4,Emily.JPG,Emily,53,videoFrameEmily.png,0,1,1,3,,,,,0,0,0,8,,,,,"['lshift', 'a', 'm', 'a', 'n', 'd', 'a', 'backspace', 'backspace', 'backspace', 'backspace', 'backspace', 'backspace', 'backspace', 'lshift']","[1.217132150020916, 1.3858454020228237, 1.5361297680065036, 1.6357734709745273, 1.7856022730120458, 1.902006177988369, 2.0189920180127956, 7.35002978699049, 7.599839828966651, 7.73312246700516, 7.866297252010554, 7.999588117003441, 8.115493592980783, 8.349434497999027, 9.365078786970116]",[1.21713,1.21713,1,15,1,2019_Jul_24_1258,FaceNameControl_Picture&Audio,3.0.4,60.02909477
FacesBlock1.xlsx,Eric.mp4,Eric.JPG,Eric,4,videoFrameEric.png,0,0,0,0,0,5,5,4,,,,,1,1,0.336354269,,,,,,,15,1,2019_Jul_24_1258,FaceNameControl_Picture&Audio,3.0.4,60.02909477
FacesBlock1.xlsx,Eric.mp4,Eric.JPG,Eric,4,videoFrameEric.png,0,0,0,0,,,,,0,12,12,4,,,,Kyle,"['lshift', 'lshift', 'k', 'y', 'l', 'e']","[2.3335289349779487, 2.7836579639697447, 2.9348232880001888, 3.0515403609606437, 3.1675517059629783, 3.234149669006001]",[2.33352,2.33352,2,15,1,2019_Jul_24_1258,FaceNameControl_Picture&Audio,3.0.4,60.02909477
FacesBlock1.xlsx,Ethan.mp4,Ethan.JPG,Ethan,5,videoFrameEthan.png,0,0,0,0,0,10,10,5,,,,,0,1,0.319065875,,,,,,,15,1,2019_Jul_24_1258,FaceNameControl_Picture&Audio,3.0.4,60.02909477
FacesBlock1.xlsx,Ethan.mp4,Ethan.JPG,Ethan,5,videoFrameEthan.png,0,0,0,0,,,,,0,9,9,5,,,,David,"['lshift', 'lshift', 'd', 'a', 'v', 'i', 'd']","[1.7501300189760514, 3.8162259089876898, 3.967734817008022, 5.033089931006543, 5.799862465006299, 5.967161142965779, 6.0494586149579845]",[1.75013,1.75013,2,15,1,2019_Jul_24_1258,FaceNameControl_Picture&Audio,3.0.4,60.02909477
FacesBlock4.xlsx,Grace.mp4,Grace.JPG,Grace,54,videoFrameGrace.png,0,1,1,3,0,3,3,9,,,,,1,2,0.70266259,,,,,,,15,1,2019_Jul_24_1258,FaceNameControl_Picture&Audio,3.0.4,60.02909477
FacesBlock4.xlsx,Grace.mp4,Grace.JPG,Grace,54,videoFrameGrace.png,0,1,1,3,,,,,0,4,4,9,,,,Grace,"['lshift', 'a', 'n', 'backspace', 'd', 'r', 'i', 'a', 'n', 'a', 'backspace', 'backspace', 'backspace', 'backspace', 'backspace', 'backspace', 'lshift', 'backspace', 'g', 'r', 'a', 'n', 'backspace', 'c', 'e']","[1.6510843689902686, 2.0519511740421876, 2.285493370029144, 2.8350629530032165, 3.7017733009997755, 4.301765119016636, 4.484966588031966, 4.634974842017982, 4.801344345032703, 4.884780986001715, 7.06548394303536, 7.182876617996953, 7.2994442990166135, 7.432729109015781, 7.549325627041981, 7.666038356022909, 7.732171137002297, 7.783304276992567, 7.967416686995421, 8.083792288030963, 8.216899698018096, 8.33355117100291, 8.68303456204012, 8.766805485007353, 8.834183049038984]",[1.65108,1.65108,3,15,1,2019_Jul_24_1258,FaceNameControl_Picture&Audio,3.0.4,60.02909477
FacesBlock2.xlsx,Haley.mp4,Haley.JPG,Haley,20,videoFrameHaley.png,0,3,3,1,0,12,12,5,,,,,1,2,0.219680777,,,,,,,15,1,2019_Jul_24_1258,FaceNameControl_Picture&Audio,3.0.4,60.02909477
FacesBlock2.xlsx,Haley.mp4,Haley.JPG,Haley,20,videoFrameHaley.png,0,3,3,1,,,,,0,10,10,5,,,,Olive,"['lshift', 'o', 'l', 'i', 'v', 'e']","[3.151023002981674, 3.3853291969862767, 3.7515280839870684, 3.8518642069539055, 4.018528732005507, 4.5664198529557325]",[3.15102,3.15102,2,15,1,2019_Jul_24_1258,FaceNameControl_Picture&Audio,3.0.4,60.02909477
FacesBlock1.xlsx,Hannah.mp4,Hannah.JPG,Hannah,6,videoFrameHannah.png,0,0,0,0,0,1,1,6,,,,,0,2,0.619666116,,,,,,,15,1,2019_Jul_24_1258,FaceNameControl_Picture&Audio,3.0.4,60.02909477
FacesBlock1.xlsx,Hannah.mp4,Hannah.JPG,Hannah,6,videoFrameHannah.png,0,0,0,0,,,,,0,3,3,6,,,,Hannah,"['lshift', 'h', 'a', 'n', 'n', 'a', 'h']","[1.4339710090425797, 1.8680345460306853, 2.0513441300136037, 2.1354199470370077, 2.2681523410137743, 2.351791705994401, 2.450852600042708]",[1.43397,1.43397,3,15,1,2019_Jul_24_1258,FaceNameControl_Picture&Audio,3.0.4,60.02909477
FacesBlock2.xlsx,Heather.mp4,Heather.JPG,Heather,21,videoFrameHeather.png,0,3,3,1,0,7,7,6,,,,,0,2,0.252998566,,,,,,,15,1,2019_Jul_24_1258,FaceNameControl_Picture&Audio,3.0.4,60.02909477
FacesBlock2.xlsx,Heather.mp4,Heather.JPG,Heather,21,videoFrameHeather.png,0,3,3,1,,,,,0,9,9,6,,,,Lauren,"['lshift', 'lshift', 'l', 'a', 'u', 'r', 'e', 'n']","[3.732837760995608, 6.514938566018827, 8.216181305004284, 8.382461060013156, 8.465905775025021, 8.582175340037793, 8.666094964020886, 8.76600295904791]",[3.73283,3.73283,1,15,1,2019_Jul_24_1258,FaceNameControl_Picture&Audio,3.0.4,60.02909477
FacesBlock3.xlsx,Jacob.mp4,Jacob.JPG,Jacob,32,videoFrameJacob.png,0,2,2,2,0,2,2,2,,,,,0,1,0.519501506,,,,,,,15,1,2019_Jul_24_1258,FaceNameControl_Picture&Audio,3.0.4,60.02909477
FacesBlock3.xlsx,Jacob.mp4,Jacob.JPG,Jacob,32,videoFrameJacob.png,0,2,2,2,,,,,0,12,12,2,,,,Ethan,"['lshift', 'n', 'a', 't', 'h', 'a', 'n', 'backspace', 'backspace', 'backspace', 'backspace', 'backspace', 'backspace', 'lshift', 'k', 'y', 'backspace', 'backspace', 'lshift', 'e', 't', 'i', 'a', 'h', 'n', 'backspace', 'backspace', 'backspace', 'backspace', 'h', 'a', 'n']","[1.1009527809801511, 2.269178271002602, 3.0019540489884093, 3.0685912409680896, 3.168165126000531, 3.2688873859588057, 3.3677970599965192, 4.58425834600348, 4.750696289993357, 4.883406518958509, 5.01734130596742, 5.150464757985901, 5.567047501972411, 5.732950298988726, 6.434121803962626, 6.717499846010469, 7.200024916965049, 7.316550233983435, 7.44851723901229, 7.515116269001737, 7.649940599978436, 7.73304935201304, 7.833625124010723, 8.099865266005509, 8.266969849995803, 8.66625829396071, 8.782940301985946, 8.91572972695576, 9.032218375999946, 9.216770594008267, 9.333338627009653, 9.399706811993383]",[1.10095,1.10095,2,15,1,2019_Jul_24_1258,FaceNameControl_Picture&Audio,3.0.4,60.02909477
FacesBlock4.xlsx,Jason.mp4,Jason.JPG,Jason,55,videoFrameJason.png,0,1,1,3,0,13,13,10,,,,,1,1,0.269460297,,,,,,,15,1,2019_Jul_24_1258,FaceNameControl_Picture&Audio,3.0.4,60.02909477
FacesBlock4.xlsx,Jason.mp4,Jason.JPG,Jason,55,videoFrameJason.png,0,1,1,3,,,,,0,1,1,10,,,,Jason,"['lshift', 'j', 'a', 's', 'o', 'n']","[1.4670943230157718, 1.5999038090230897, 1.7184863910079002, 1.8515710899955593, 1.9178712220164016, 2.0515721989795566]",[1.46709,1.46709,3,15,1,2019_Jul_24_1258,FaceNameControl_Picture&Audio,3.0.4,60.02909477
FacesBlock1.xlsx,Jenna.mp4,Jenna.JPG,Jenna,7,videoFrameJenna.png,0,0,0,0,0,6,6,7,,,,,0,2,0.386232949,,,,,,,15,1,2019_Jul_24_1258,FaceNameControl_Picture&Audio,3.0.4,60.02909477
FacesBlock1.xlsx,Jenna.mp4,Jenna.JPG,Jenna,7,videoFrameJenna.png,0,0,0,0,,,,,0,11,11,7,,,,Amanda,"['lshift', 'j', 'backspace', 'lshift', 'a', 'm', 'a', 'n', 'd', 'a']","[1.8842270209570415, 2.00221889995737, 3.55133929598378, 3.7172449079807848, 3.784225280978717, 4.667761368968058, 4.768418957013637, 4.900470238993876, 5.017771493992768, 5.184390106995124]",[1.88422,1.88422,2,15,1,2019_Jul_24_1258,FaceNameControl_Picture&Audio,3.0.4,60.02909477
FacesBlock2.xlsx,Jeremy.mp4,Jeremy.JPG,Jeremy,22,videoFrameJeremy.png,0,3,3,1,0,4,4,7,,,,,0,1,0.45252002,,,,,,,15,1,2019_Jul_24_1258,FaceNameControl_Picture&Audio,3.0.4,60.02909477
FacesBlock2.xlsx,Jeremy.mp4,Jeremy.JPG,Jeremy,22,videoFrameJeremy.png,0,3,3,1,,,,,0,5,5,7,,,,Jeremy,"['lshift', 'k', 'e', 'v', 'i', 'n', 'backspace', 'backspace', 'backspace', 'backspace', 'backspace', 'backspace', 'lshift', 'j', 'e', 'r', 'e', 'm', 'y']","[3.8668489739648066, 4.234899569011759, 4.401016053976491, 4.884342637960799, 5.400916867016349, 5.56758367898874, 5.932786203979049, 6.0836902859737165, 6.200095125997905, 6.316622184007429, 6.433132867969107, 6.566545492969453, 6.73206745396601, 6.899966194992885, 7.133430513960775, 7.216375246993266, 7.333646696002688, 7.816801414010115, 7.900089084985666]",[3.86684,3.86684,2,15,1,2019_Jul_24_1258,FaceNameControl_Picture&Audio,3.0.4,60.02909477
FacesBlock1.xlsx,Jessica.mp4,Jessica.JPG,Jessica,8,videoFrameJessica.png,0,0,0,0,0,13,13,8,,,,,0,2,0.236227739,,,,,,,15,1,2019_Jul_24_1258,FaceNameControl_Picture&Audio,3.0.4,60.02909477
FacesBlock1.xlsx,Jessica.mp4,Jessica.JPG,Jessica,8,videoFrameJessica.png,0,0,0,0,,,,,0,7,7,8,,,,Jessica,"['lshift', 'lshift', 'j', 'e', 's', 's', 'i', 'c', 'a']","[1.0342598910210654, 1.9173509320244193, 1.9859702860121615, 2.1024016609881073, 2.283430873998441, 2.402243343007285, 2.4855551660293713, 2.7853609480080195, 2.9165930800372735]",[1.03425,1.03425,4,15,1,2019_Jul_24_1258,FaceNameControl_Picture&Audio,3.0.4,60.02909477
FacesBlock2.xlsx,Josh.mp4,Josh.JPG,Josh,23,videoFrameJosh.png,0,3,3,1,0,13,13,8,,,,,0,1,0.618969711,,,,,,,15,1,2019_Jul_24_1258,FaceNameControl_Picture&Audio,3.0.4,60.02909477
FacesBlock2.xlsx,Josh.mp4,Josh.JPG,Josh,23,videoFrameJosh.png,0,3,3,1,,,,,0,12,12,8,,,,Josh,"['lshift', 'j', 'o', 's', 'h']","[1.316968282975722, 1.3689536440069787, 1.5185520839877427, 1.6016776210162789, 1.6856719009811059]",[1.31696,1.31696,4,15,1,2019_Jul_24_1258,FaceNameControl_Picture&Audio,3.0.4,60.02909477
FacesBlock1.xlsx,Julia.mp4,Julia.JPG,Julia,9,videoFrameJulia.png,0,0,0,0,0,11,11,9,,,,,1,2,0.269153343,,,,,,,15,1,2019_Jul_24_1258,FaceNameControl_Picture&Audio,3.0.4,60.02909477
FacesBlock1.xlsx,Julia.mp4,Julia.JPG,Julia,9,videoFrameJulia.png,0,0,0,0,,,,,0,6,6,9,,,,Anna,"['lshift', 'a', 'n', 'n', 'a']","[2.750361071957741, 2.852105127996765, 3.0163036810117774, 3.135597381973639, 3.218601022963412]",[2.75036,2.75036,2,15,1,2019_Jul_24_1258,FaceNameControl_Picture&Audio,3.0.4,60.02909477
FacesBlock2.xlsx,Justin.mp4,Justin.JPG,Justin,24,videoFrameJustin.png,0,3,3,1,0,3,3,9,,,,,1,1,0.753127322,,,,,,,15,1,2019_Jul_24_1258,FaceNameControl_Picture&Audio,3.0.4,60.02909477
FacesBlock2.xlsx,Justin.mp4,Justin.JPG,Justin,24,videoFrameJustin.png,0,3,3,1,,,,,0,0,0,9,,,,Trevor,"['lshift', 't', 'y', 'l', 'backspace', 'l', 'e', 'r', 'backspace', 'backspace', 'backspace', 'backspace', 'r', 'e', 'v', 'o', 'r']","[1.934197835973464, 3.6664738730178215, 3.901662905002013, 4.234741655993275, 4.6673531790147536, 5.151474252983462, 5.317287954967469, 5.417774426983669, 7.448990292963572, 7.565486008999869, 7.683098925976083, 7.816015182004776, 7.899838725978043, 7.982870934996754, 8.15002070198534, 8.316705139004625, 8.383360809006263]",[1.93419,1.93419,2,15,1,2019_Jul_24_1258,FaceNameControl_Picture&Audio,3.0.4,60.02909477
FacesBlock4.xlsx,Katie.mp4,Katie.JPG,Katie,56,videoFrameKatie.png,0,1,1,3,0,7,7,11,,,,,0,2,0.618783312,,,,,,,15,1,2019_Jul_24_1258,FaceNameControl_Picture&Audio,3.0.4,60.02909477
FacesBlock4.xlsx,Katie.mp4,Katie.JPG,Katie,56,videoFrameKatie.png,0,1,1,3,,,,,0,6,6,11,,,,Brianne,"['lshift', 'b', 'r', 'i', 'a', 'n', 'n', 'e']","[3.0834934189915657, 3.2184028680203483, 3.3846749769872986, 3.4681497600395232, 3.616181416029576, 3.751536899013445, 5.001133387035225, 5.022222138009965]",[3.08349,3.08349,2,15,1,2019_Jul_24_1258,FaceNameControl_Picture&Audio,3.0.4,60.02909477
FacesBlock3.xlsx,Kayla.mp4,Kayla.JPG,Kayla,33,videoFrameKayla.png,0,2,2,2,0,10,10,3,,,,,1,2,0.552402002,,,,,,,15,1,2019_Jul_24_1258,FaceNameControl_Picture&Audio,3.0.4,60.02909477
FacesBlock3.xlsx,Kayla.mp4,Kayla.JPG,Kayla,33,videoFrameKayla.png,0,2,2,2,,,,,0,7,7,3,,,,Kayla,"['lshift', 'k', 'a', 'y', 'l', 'a']","[1.7167521900264546, 1.81875537103042, 1.9683446650160477, 2.0851266990066506, 2.2516791820526123, 2.368165037012659]",[1.71675,1.71675,3,15,1,2019_Jul_24_1258,FaceNameControl_Picture&Audio,3.0.4,60.02909477
FacesBlock1.xlsx,Kelsey.mp4,Kelsey.JPG,Kelsey,10,videoFrameKelsey.png,0,0,0,0,0,2,2,10,,,,,0,2,0.536271405,,,,,,,15,1,2019_Jul_24_1258,FaceNameControl_Picture&Audio,3.0.4,60.02909477
FacesBlock1.xlsx,Kelsey.mp4,Kelsey.JPG,Kelsey,10,videoFrameKelsey.png,0,0,0,0,,,,,0,14,14,10,,,,Jaime,"['lshift', 'j', 'a', 'i', 'e', 'backspace', 'm', 'e']","[2.949450031039305, 3.235116279043723, 3.65136728604557, 3.734679886023514, 3.9841412770329043, 4.383781178039499, 4.584096019039862, 4.682703361031599]",[2.94945,2.94945,2,15,1,2019_Jul_24_1258,FaceNameControl_Picture&Audio,3.0.4,60.02909477
FacesBlock3.xlsx,Kevin.mp4,Kevin.JPG,Kevin,34,videoFrameKevin.png,0,2,2,2,0,5,5,4,,,,,1,1,0.252762561,,,,,,,15,1,2019_Jul_24_1258,FaceNameControl_Picture&Audio,3.0.4,60.02909477
FacesBlock3.xlsx,Kevin.mp4,Kevin.JPG,Kevin,34,videoFrameKevin.png,0,2,2,2,,,,,0,2,2,4,,,,Kevin,"['lshift', 'k', 'e', 'v', 'i', 'n']","[0.7343604509951547, 0.8526661099749617, 0.9359961219597608, 1.1017218439956196, 1.185105318960268, 1.2857106769806705]",[0.73436,0.73436,4,15,1,2019_Jul_24_1258,FaceNameControl_Picture&Audio,3.0.4,60.02909477
FacesBlock1.xlsx,Kyle.mp4,Kyle.JPG,Kyle,11,videoFrameKyle.png,0,0,0,0,0,7,7,11,,,,,1,1,0.285876041,,,,,,,15,1,2019_Jul_24_1258,FaceNameControl_Picture&Audio,3.0.4,60.02909477
FacesBlock1.xlsx,Kyle.mp4,Kyle.JPG,Kyle,11,videoFrameKyle.png,0,0,0,0,,,,,0,2,2,11,,,,Ethan,"['lshift', 'e', 't', 'h', 'a', 'n']","[1.1671216639806516, 1.2353740239632316, 1.401745018956717, 1.5183092399965972, 1.6684319289634004, 1.8678480879752897]",[1.16712,1.16712,2,15,1,2019_Jul_24_1258,FaceNameControl_Picture&Audio,3.0.4,60.02909477
FacesBlock3.xlsx,Lauren.mp4,Lauren.JPG,Lauren,35,videoFrameLauren.png,0,2,2,2,0,0,0,5,,,,,0,2,1.469003718,,,,,,,15,1,2019_Jul_24_1258,FaceNameControl_Picture&Audio,3.0.4,60.02909477
FacesBlock3.xlsx,Lauren.mp4,Lauren.JPG,Lauren,35,videoFrameLauren.png,0,2,2,2,,,,,0,8,8,5,,,,Jennifer,"['lshift', 'j', 'e', 'n', 'n', 'i', 'f', 'e', 'r']","[2.2172545620123856, 3.901483901019674, 4.1672214129939675, 5.467531200032681, 5.634195881022606, 5.784052545030136, 5.96727970498614, 6.167133366980124, 6.2505625690100715]",[2.21725,2.21725,1,15,1,2019_Jul_24_1258,FaceNameControl_Picture&Audio,3.0.4,60.02909477
FacesBlock3.xlsx,Mark.mp4,Mark.JPG,Mark,36,videoFrameMark.png,0,2,2,2,0,11,11,6,,,,,1,1,0.252808568,,,,,,,15,1,2019_Jul_24_1258,FaceNameControl_Picture&Audio,3.0.4,60.02909477
FacesBlock3.xlsx,Mark.mp4,Mark.JPG,Mark,36,videoFrameMark.png,0,2,2,2,,,,,0,9,9,6,,,,William,"['lshift', 'w', 'i', 'l', 'l', 'i', 'a', 'm']","[2.116890754958149, 2.801340096979402, 2.9348581460071728, 3.1847010150086135, 3.2818672619760036, 3.5844219329883344, 3.7011857249890454, 3.8824915509903803]",[2.11689,2.11689,3,15,1,2019_Jul_24_1258,FaceNameControl_Picture&Audio,3.0.4,60.02909477
FacesBlock1.xlsx,Matthew.mp4,Matthew.JPG,Matthew,12,videoFrameMatthew.png,0,0,0,0,0,9,9,12,,,,,1,1,0.302818041,,,,,,,15,1,2019_Jul_24_1258,FaceNameControl_Picture&Audio,3.0.4,60.02909477
FacesBlock1.xlsx,Matthew.mp4,Matthew.JPG,Matthew,12,videoFrameMatthew.png,0,0,0,0,,,,,0,1,1,12,,,,Zachary ,"['lshift', 'z', 'a', 'c', 'h', 'r', 'y', 'backspace', 'backspace', 'a', 'r', 'y', 'space']","[2.700549437024165, 2.8678118850220926, 3.168384856020566, 3.234980606008321, 3.3511661360389553, 3.5515824100002646, 3.6848351490334608, 3.983708886022214, 4.117735936015379, 4.2345364910434, 4.301250578020699, 4.384548841044307, 7.1668168940232135]",[2.70054,2.70054,1,15,1,2019_Jul_24_1258,FaceNameControl_Picture&Audio,3.0.4,60.02909477
FacesBlock2.xlsx,Megan.mp4,Megan.JPG,Megan,25,videoFrameMegan.png,0,3,3,1,0,2,2,10,,,,,0,2,0.736532596,,,,,,,15,1,2019_Jul_24_1258,FaceNameControl_Picture&Audio,3.0.4,60.02909477
FacesBlock2.xlsx,Megan.mp4,Megan.JPG,Megan,25,videoFrameMegan.png,0,3,3,1,,,,,0,7,7,10,,,,Meghan,"['lshift', 'm', 'e', 'g', 'h', 'a', 'n']","[3.4006114859948866, 3.4855620180023834, 3.6017151240375824, 3.951654292002786, 4.068434749031439, 4.168520884006284, 4.284403368015774]",[3.40061,3.40061,2,15,1,2019_Jul_24_1258,FaceNameControl_Picture&Audio,3.0.4,60.02909477
FacesBlock4.xlsx,Michael.mp4,Michael.JPG,Michael,57,videoFrameMichael.png,0,1,1,3,0,8,8,12,,,,,0,1,0.403114458,,,,,,,15,1,2019_Jul_24_1258,FaceNameControl_Picture&Audio,3.0.4,60.02909477
FacesBlock4.xlsx,Michael.mp4,Michael.JPG,Michael,57,videoFrameMichael.png,0,1,1,3,,,,,0,10,10,12,,,,,"['lshift', 'lshift', 'lshift', 'k', 'e', 'v', 'i', 'n', 'backspace', 'backspace', 'backspace', 'backspace', 'backspace', 'lshift', 'd', 'a', 'n', 'i', 'e', 'l', 'backspace', 'backspace', 'backspace', 'backspace', 'backspace', 'backspace']","[1.7846522770123556, 2.35080802597804, 3.5839444929733872, 3.9688138350029476, 4.7182183869881555, 4.884899040975142, 5.066615050018299, 5.168177742976695, 6.083834660006687, 6.23401156096952, 6.3500173689681105, 6.50049848400522, 6.616719219018705, 6.865565859014168, 6.917414034018293, 7.233899393992033, 7.681736162980087, 7.766748280962929, 8.083727142016869, 8.217350363964215, 9.314805032976437, 9.46626988297794, 9.582433928968385, 9.714983928017318, 9.832716588978656, 9.932513309991919]",[1.78465,1.78465,1,15,1,2019_Jul_24_1258,FaceNameControl_Picture&Audio,3.0.4,60.02909477
FacesBlock4.xlsx,Michelle.mp4,Michelle.JPG,Michelle,58,videoFrameMichelle.png,0,1,1,3,0,0,0,13,,,,,1,2,1.669145638,,,,,,,15,1,2019_Jul_24_1258,FaceNameControl_Picture&Audio,3.0.4,60.02909477
FacesBlock4.xlsx,Michelle.mp4,Michelle.JPG,Michelle,58,videoFrameMichelle.png,0,1,1,3,,,,,0,11,11,13,,,,Michelle,"['lshift', 'm', 'i', 'c', 'h', 'e', 'l', 'l', 'e']","[1.0667839469970204, 1.1689607329899445, 1.2519701640121639, 1.369040178018622, 1.4016811429755762, 1.4855450739851221, 1.5686084870249033, 1.6683088209829293, 1.735423232021276]",[1.06678,1.06678,4,15,1,2019_Jul_24_1258,FaceNameControl_Picture&Audio,3.0.4,60.02909477
FacesBlock1.xlsx,Natalie.mp4,Natalie.JPG,Natalie,13,videoFrameNatalie.png,0,0,0,0,0,8,8,13,,,,,1,2,0.236505069,,,,,,,15,1,2019_Jul_24_1258,FaceNameControl_Picture&Audio,3.0.4,60.02909477
FacesBlock1.xlsx,Natalie.mp4,Natalie.JPG,Natalie,13,videoFrameNatalie.png,0,0,0,0,,,,,0,8,8,13,,,,Jenna,"['lshift', 'j', 'e', 'n', 'n', 'a']","[1.4834270509891212, 1.618878951005172, 2.118908289994579, 2.2351981289684772, 2.367809720977675, 2.418347892991733]",[1.48342,1.48342,2,15,1,2019_Jul_24_1258,FaceNameControl_Picture&Audio,3.0.4,60.02909477
FacesBlock3.xlsx,Nathan.mp4,Nathan.JPG,Nathan,37,videoFrameNathan.png,0,2,2,2,0,6,6,7,,,,,1,1,0.286217432,,,,,,,15,1,2019_Jul_24_1258,FaceNameControl_Picture&Audio,3.0.4,60.02909477
FacesBlock3.xlsx,Nathan.mp4,Nathan.JPG,Nathan,37,videoFrameNathan.png,0,2,2,2,,,,,0,1,1,7,,,,Nathan,"['lshift', 'n', 'a', 't', 'h', 'a', 'n']","[0.768074568011798, 0.9851384630310349, 1.6519973720423877, 1.7189232269884087, 1.8669937209924683, 1.951729251013603, 2.0685137570253573]",[0.76807,0.76807,4,15,1,2019_Jul_24_1258,FaceNameControl_Picture&Audio,3.0.4,60.02909477
FacesBlock3.xlsx,Nicole.mp4,Nicole.JPG,Nicole,38,videoFrameNicole.png,0,2,2,2,0,7,7,8,,,,,1,2,0.819511095,,,,,,,15,1,2019_Jul_24_1258,FaceNameControl_Picture&Audio,3.0.4,60.02909477
FacesBlock3.xlsx,Nicole.mp4,Nicole.JPG,Nicole,38,videoFrameNicole.png,0,2,2,2,,,,,0,10,10,8,,,,Amana,"['lshift', 'a', 'm', 'a', 'n', 'a']","[4.4154493199894205, 6.466208644036669, 8.465900170034729, 9.132663961034268, 9.282106249011122, 9.497970280994195]",[4.41544,4.41544,1,15,1,2019_Jul_24_1258,FaceNameControl_Picture&Audio,3.0.4,60.02909477
FacesBlock3.xlsx,Noah.mp4,Noah.JPG,Noah,39,videoFrameNoah.png,0,2,2,2,0,12,12,9,,,,,0,1,0.469081106,,,,,,,15,1,2019_Jul_24_1258,FaceNameControl_Picture&Audio,3.0.4,60.02909477
FacesBlock3.xlsx,Noah.mp4,Noah.JPG,Noah,39,videoFrameNoah.png,0,2,2,2,,,,,0,13,13,9,,,,Ryan,"['lshift', 'r', 'y', 'a', 'n']","[3.6828314370359294, 3.7844220230472274, 3.8681985580478795, 4.000535649014637, 4.117173242033459]",[3.68283,3.68283,2,15,1,2019_Jul_24_1258,FaceNameControl_Picture&Audio,3.0.4,60.02909477
FacesBlock3.xlsx,Olivia.mp4,Olivia.JPG,Olivia,40,videoFrameOlivia.png,0,2,2,2,0,14,14,10,,,,,0,2,0.653184294,,,,,,,15,1,2019_Jul_24_1258,FaceNameControl_Picture&Audio,3.0.4,60.02909477
FacesBlock3.xlsx,Olivia.mp4,Olivia.JPG,Olivia,40,videoFrameOlivia.png,0,2,2,2,,,,,0,5,5,10,,,,Jenny,"['lshift', 'lshift', 'j', 'e', 'n', 'n', 'y']","[1.3503459070343524, 4.449092118011322, 4.717553416034207, 6.400069685012568, 6.599780393997207, 6.766457655001432, 7.3824576420011]",[1.35034,1.35034,1,15,1,2019_Jul_24_1258,FaceNameControl_Picture&Audio,3.0.4,60.02909477
FacesBlock2.xlsx,Rachel.mp4,Rachel.JPG,Rachel,26,videoFrameRachel.png,0,3,3,1,0,14,14,11,,,,,0,2,0.419892578,,,,,,,15,1,2019_Jul_24_1258,FaceNameControl_Picture&Audio,3.0.4,60.02909477
FacesBlock2.xlsx,Rachel.mp4,Rachel.JPG,Rachel,26,videoFrameRachel.png,0,3,3,1,,,,,0,8,8,11,,,,Rachel,"['lshift', 'r', 'a', 'h', 'e', 'backspace', 'backspace', 'c', 'h', 'e', 'l']","[2.867232601973228, 2.9847787219914608, 3.2176425629877485, 3.4015964869759046, 3.5180216259905137, 3.8842828779597767, 4.001040324976202, 4.118281279981602, 4.251657060987782, 4.334289962949697, 4.918036593997385]",[2.86723,2.86723,2,15,1,2019_Jul_24_1258,FaceNameControl_Picture&Audio,3.0.4,60.02909477
FacesBlock3.xlsx,Rebecca.mp4,Rebecca.JPG,Rebecca,41,videoFrameRebecca.png,0,2,2,2,0,8,8,11,,,,,1,2,0.352896652,,,,,,,15,1,2019_Jul_24_1258,FaceNameControl_Picture&Audio,3.0.4,60.02909477
FacesBlock3.xlsx,Rebecca.mp4,Rebecca.JPG,Rebecca,41,videoFrameRebecca.png,0,2,2,2,,,,,0,0,0,11,,,,Rebecca,"['lshift', 'r', 'e', 'b', 'e', 'c', 'c', 'a']","[1.767233487975318, 1.8851991739938967, 1.9851775339921005, 2.301417188020423, 2.4508751269895583, 2.6177798800054006, 2.768037847999949, 2.884242884989362]",[1.76723,1.76723,4,15,1,2019_Jul_24_1258,FaceNameControl_Picture&Audio,3.0.4,60.02909477
FacesBlock3.xlsx,Sarah.mp4,Sarah.JPG,Sarah,42,videoFrameSarah.png,0,2,2,2,0,13,13,12,,,,,0,2,0.203065706,,,,,,,15,1,2019_Jul_24_1258,FaceNameControl_Picture&Audio,3.0.4,60.02909477
FacesBlock3.xlsx,Sarah.mp4,Sarah.JPG,Sarah,42,videoFrameSarah.png,0,2,2,2,,,,,0,14,14,12,,,,Arienne,"['lshift', 'a', 'r', 'i', 'e', 'n', 'n', 'e']","[3.9992815000005066, 4.217878958967049, 4.801101962977555, 5.017217790009454, 5.083761012007017, 5.450576319009997, 5.583853742980864, 5.767526442010421]",[3.99928,3.99928,2,15,1,2019_Jul_24_1258,FaceNameControl_Picture&Audio,3.0.4,60.02909477
FacesBlock3.xlsx,Shelby.mp4,Shelby.JPG,Shelby,43,videoFrameShelby.png,0,2,2,2,0,3,3,13,,,,,0,2,0.553006581,,,,,,,15,1,2019_Jul_24_1258,FaceNameControl_Picture&Audio,3.0.4,60.02909477
FacesBlock3.xlsx,Shelby.mp4,Shelby.JPG,Shelby,43,videoFrameShelby.png,0,2,2,2,,,,,0,3,3,13,,,,Kary,"['lshift', 'o', 'l', 'i', 'backspace', 'backspace', 'backspace', 'lshift', 'k', 'a', 'r', 'y']","[3.750518646033015, 4.7849106040084735, 5.701284634007607, 5.90111016103765, 6.6002417230047286, 6.716729987994768, 6.833691167994402, 6.94944277300965, 7.066793835023418, 7.58375910500763, 9.6660948380013, 9.782511967001483]",[3.75051,3.75051,2,15,1,2019_Jul_24_1258,FaceNameControl_Picture&Audio,3.0.4,60.02909477
FacesBlock2.xlsx,Steven.mp4,Steven.JPG,Steven,27,videoFrameSteven.png,0,3,3,1,0,5,5,12,,,,,0,1,0.653219431,,,,,,,15,1,2019_Jul_24_1258,FaceNameControl_Picture&Audio,3.0.4,60.02909477
FacesBlock2.xlsx,Steven.mp4,Steven.JPG,Steven,27,videoFrameSteven.png,0,3,3,1,,,,,0,1,1,12,,,,Nathan,"['lshift', 'n', 'a', 't', 'h', 'a', 'n']","[3.1168847900116816, 3.300933752034325, 3.5178773240186274, 3.6012379309977405, 3.7181643880321644, 3.868196487019304, 3.967230793030467]",[3.11688,3.11688,2,15,1,2019_Jul_24_1258,FaceNameControl_Picture&Audio,3.0.4,60.02909477
FacesBlock4.xlsx,Taylor.mp4,Taylor.JPG,Taylor,59,videoFrameTaylor.png,0,1,1,3,0,11,11,14,,,,,1,2,0.220530521,,,,,,,15,1,2019_Jul_24_1258,FaceNameControl_Picture&Audio,3.0.4,60.02909477
FacesBlock4.xlsx,Taylor.mp4,Taylor.JPG,Taylor,59,videoFrameTaylor.png,0,1,1,3,,,,,0,9,9,14,,,,Taylor,"['lshift', 't', 'a', 'y', 'l', 'o', 'r']","[0.784708758990746, 0.9184319319901988, 1.0687201549881138, 1.46834389900323, 1.7188765960163437, 1.8688631280092523, 1.9357092999853194]",[0.78470,0.78470,4,15,1,2019_Jul_24_1258,FaceNameControl_Picture&Audio,3.0.4,60.02909477
FacesBlock3.xlsx,Thomas.mp4,Thomas.JPG,Thomas,44,videoFrameThomas.png,0,2,2,2,0,4,4,14,,,,,1,1,0.602788484,,,,,,,15,1,2019_Jul_24_1258,FaceNameControl_Picture&Audio,3.0.4,60.02909477
FacesBlock3.xlsx,Thomas.mp4,Thomas.JPG,Thomas,44,videoFrameThomas.png,0,2,2,2,,,,,0,11,11,14,,,,Trevor,"['lshift', 't', 'r', 'e', 'v', 'backspace', 'backspace', 'backspace', 'a', 'y', 'backspace', 'backspace', 'r', 'e', 'v', 'o', 'r']","[1.3335763639770448, 1.5026090589817613, 2.1354271689779125, 2.2688671849900857, 2.485342201020103, 2.9677309109829366, 3.1012082169763744, 3.2344547740067355, 4.250805218005553, 4.451536859967746, 4.734238510020077, 4.867123044969048, 5.050690433999989, 5.118002972973045, 5.301144999975804, 5.400663067994174, 5.534258129016962]",[1.33357,1.33357,2,15,1,2019_Jul_24_1258,FaceNameControl_Picture&Audio,3.0.4,60.02909477
FacesBlock1.xlsx,Timothy.mp4,Timothy.JPG,Timothy,14,videoFrameTimothy.png,0,0,0,0,0,12,12,14,,,,,0,1,0.303209667,,,,,,,15,1,2019_Jul_24_1258,FaceNameControl_Picture&Audio,3.0.4,60.02909477
FacesBlock1.xlsx,Timothy.mp4,Timothy.JPG,Timothy,14,videoFrameTimothy.png,0,0,0,0,,,,,0,5,5,14,,,,Tyler,"['lshift', 't', 'y', 'l', 'e', 'r']","[1.917712522961665, 2.0192713529686444, 2.1855119339888915, 2.3515606119763106, 2.452245819964446, 2.6681762529769912]",[1.91771,1.91771,2,15,1,2019_Jul_24_1258,FaceNameControl_Picture&Audio,3.0.4,60.02909477
FacesBlock2.xlsx,Trevor.mp4,Trevor.JPG,Trevor,28,videoFrameTrevor.png,0,3,3,1,0,6,6,13,,,,,1,1,0.968871481,,,,,,,15,1,2019_Jul_24_1258,FaceNameControl_Picture&Audio,3.0.4,60.02909477
FacesBlock2.xlsx,Trevor.mp4,Trevor.JPG,Trevor,28,videoFrameTrevor.png,0,3,3,1,,,,,0,6,6,13,,,,Steven,"['lshift', 's', 't', 'e', 'space', 'v', 'e', 'n', 'backspace', 'backspace', 'backspace', 'backspace', 'v', 'e', 'n']","[1.950090285972692, 2.035512166970875, 2.2023215270019136, 2.3182886129943654, 2.48585458798334, 2.8180452630040236, 2.9518011059844866, 3.0514152689720504, 3.36784230399644, 3.501129628974013, 3.617939564981498, 3.7176116739865392, 3.7845662079635076, 3.90180838201195, 4.035224428982474]",[1.95009,1.95009,2,15,1,2019_Jul_24_1258,FaceNameControl_Picture&Audio,3.0.4,60.02909477
FacesBlock2.xlsx,Tyler.mp4,Tyler.JPG,Tyler,29,videoFrameTyler.png,0,3,3,1,0,8,8,14,,,,,0,1,0.519734038,,,,,,,15,1,2019_Jul_24_1258,FaceNameControl_Picture&Audio,3.0.4,60.02909477
FacesBlock2.xlsx,Tyler.mp4,Tyler.JPG,Tyler,29,videoFrameTyler.png,0,3,3,1,,,,,0,3,3,14,,,,Tyler,"['lshift', 't', 'y', 'e', 'l', 'backspace', 'backspace', 'l', 'e', 'r']","[0.7005440799985081, 1.0183353699976578, 1.3845576839521527, 1.7518204459920526, 1.8184172379551455, 2.084313248982653, 2.200811928953044, 2.4011899429606274, 2.4678587039816193, 2.5510605079471134]",[0.70054,0.70054,4,15,1,2019_Jul_24_1258,FaceNameControl_Picture&Audio,3.0.4,60.02909477
,,,,,,,,,,,,,,,,,,,,,,,,,,,15,1,2019_Jul_24_1258,FaceNameControl_Picture&Audio,3.0.4,60.02909477