,condsFile,Video,Photo,Name,Row,videoFrame,blocks.thisRepN,blocks.thisTrialN,blocks.thisN,blocks.thisIndex,presentations.thisRepN,presentations.thisTrialN,presentations.thisN,presentations.thisIndex,testing.thisRepN,testing.thisTrialN,testing.thisN,testing.thisIndex,currentCond,judgementResp.keys,judgementResp.rt,inputText,key_resp_3.keys,key_resp_3.rt,,key_resp3_fin,rating_resp.keys,participant,session,date,expName,psychopyVersion,frameRate,Unnamed: 31
107,FacesBlock2.xlsx,Aaron.mp4,Aaron.JPG,Aaron,15,videoFrameAaron.png,0,3,3,1,,,,,0,1,1,0,,,,jake,"['j', 'a', 'k', 'e']","[6.016840123978909, 6.083274044969585, 6.200025051948614, 6.28300054295687]",[6.01684,6.01684,3,16,1,2019_Jul_24_1347,FaceNameControl_Picture&Audio,3.0.4,60.04041909,
91,FacesBlock2.xlsx,Aaron.mp4,Aaron.JPG,Aaron,15,videoFrameAaron.png,0,3,3,1,0,0,0,0,,,,,1,1,1.186486074,,,,,,,16,1,2019_Jul_24_1347,FaceNameControl_Picture&Audio,3.0.4,60.04041909,
83,FacesBlock1.xlsx,Adam.mp4,Adam.JPG,Adam,0,videoFrameAdam.png,0,2,2,0,,,,,0,7,7,0,,,,,None,,,,1,16,1,2019_Jul_24_1347,FaceNameControl_Picture&Audio,3.0.4,60.04041909,
70,FacesBlock1.xlsx,Adam.mp4,Adam.JPG,Adam,0,videoFrameAdam.png,0,2,2,0,0,9,9,0,,,,,0,1,1.019311234,,,,,,,16,1,2019_Jul_24_1347,FaceNameControl_Picture&Audio,3.0.4,60.04041909,
31,FacesBlock4.xlsx,Alyssa.mp4,Alyssa.JPG,Alyssa,45,videoFrameAlyssa.png,0,1,1,3,0,0,0,0,,,,,1,2,2.168294103,,,,,,,16,1,2019_Jul_24_1347,FaceNameControl_Picture&Audio,3.0.4,60.04041909,
58,FacesBlock4.xlsx,Alyssa.mp4,Alyssa.JPG,Alyssa,45,videoFrameAlyssa.png,0,1,1,3,,,,,0,12,12,0,,,,amanda,"['a', 'm', 'a', 'n', 'd', 'a', 'return']","[2.9506250230479054, 3.051073424052447, 3.1345359290135093, 3.23442413599696, 3.284277909027878, 3.417645737004932, 3.7839097210089676]",[2.95062,2.95062,3,16,1,2019_Jul_24_1347,FaceNameControl_Picture&Audio,3.0.4,60.04041909,
87,FacesBlock1.xlsx,Amanda.mp4,Amanda.JPG,Amanda,1,videoFrameAmanda.png,0,2,2,0,,,,,0,11,11,1,,,,,None,,,,1,16,1,2019_Jul_24_1347,FaceNameControl_Picture&Audio,3.0.4,60.04041909,
63,FacesBlock1.xlsx,Amanda.mp4,Amanda.JPG,Amanda,1,videoFrameAmanda.png,0,2,2,0,0,2,2,1,,,,,1,2,0.235745586,,,,,,,16,1,2019_Jul_24_1347,FaceNameControl_Picture&Audio,3.0.4,60.04041909,
43,FacesBlock4.xlsx,Andrew.mp4,Andrew.JPG,Andrew,46,videoFrameAndrew.png,0,1,1,3,0,12,12,1,,,,,0,1,0.552808942,,,,,,,16,1,2019_Jul_24_1347,FaceNameControl_Picture&Audio,3.0.4,60.04041909,
59,FacesBlock4.xlsx,Andrew.mp4,Andrew.JPG,Andrew,46,videoFrameAndrew.png,0,1,1,3,,,,,0,13,13,1,,,,john,"['j', 'o', 'h', 'n', 'return']","[2.7522434589918703, 2.9689518000232056, 3.0852431089733727, 3.183464638015721, 3.4505318520241417]",[2.75224,2.75224,3,16,1,2019_Jul_24_1347,FaceNameControl_Picture&Audio,3.0.4,60.04041909,
33,FacesBlock4.xlsx,Anna.mp4,Anna.JPG,Anna,47,videoFrameAnna.png,0,1,1,3,0,2,2,2,,,,,1,2,1.186115136,,,,,,,16,1,2019_Jul_24_1347,FaceNameControl_Picture&Audio,3.0.4,60.04041909,
46,FacesBlock4.xlsx,Anna.mp4,Anna.JPG,Anna,47,videoFrameAnna.png,0,1,1,3,,,,,0,0,0,2,,,,amanda,"['a', 'm', 'y', 'backspace', 'backspace', 'm', 'a', 'n', 'd', 'a']","[1.451978541968856, 1.5517797300126404, 1.768170393013861, 3.0668654320179485, 3.200678123976104, 3.7674772909958847, 3.8343334019882604, 3.934329940006137, 4.117665120982565, 4.283505582017824]",[1.45197,1.45197,3,16,1,2019_Jul_24_1347,FaceNameControl_Picture&Audio,3.0.4,60.04041909,
117,FacesBlock2.xlsx,Ashley.mp4,Ashley.JPG,Ashley,16,videoFrameAshley.png,0,3,3,1,,,,,0,11,11,1,,,,,None,,,,1,16,1,2019_Jul_24_1347,FaceNameControl_Picture&Audio,3.0.4,60.04041909,
92,FacesBlock2.xlsx,Ashley.mp4,Ashley.JPG,Ashley,16,videoFrameAshley.png,0,3,3,1,0,1,1,1,,,,,0,2,0.45339173,,,,,,,16,1,2019_Jul_24_1347,FaceNameControl_Picture&Audio,3.0.4,60.04041909,
65,FacesBlock1.xlsx,Bradley.mp4,Bradley.JPG,Bradley,2,videoFrameBradley.png,0,2,2,0,0,4,4,2,,,,,1,1,1.002997742,,,,,,,16,1,2019_Jul_24_1347,FaceNameControl_Picture&Audio,3.0.4,60.04041909,
90,FacesBlock1.xlsx,Bradley.mp4,Bradley.JPG,Bradley,2,videoFrameBradley.png,0,2,2,0,,,,,0,14,14,2,,,,,None,,,,1,16,1,2019_Jul_24_1347,FaceNameControl_Picture&Audio,3.0.4,60.04041909,
48,FacesBlock4.xlsx,Brandon.mp4,Brandon.JPG,Brandon,48,videoFrameBrandon.png,0,1,1,3,,,,,0,2,2,3,,,,caleb,"['d', 'y', 'l', 'a', 'n', 'backspace', 'backspace', 'backspace', 'backspace', 'backspace', 'backspace', 'c', 'a', 'l', 'e', 'b']","[3.4347105979686603, 3.6014252239838243, 3.851530136016663, 4.067793421971146, 4.284656305972021, 4.5174192219856195, 4.634092261025216, 4.7504111339803785, 4.867216889979318, 4.983798881992698, 5.0344296940020286, 5.184738953015767, 6.084448378998786, 6.917454266978893, 7.0163946250104345, 7.333876506017987]",[3.43471,3.43471,3,16,1,2019_Jul_24_1347,FaceNameControl_Picture&Audio,3.0.4,60.04041909,
45,FacesBlock4.xlsx,Brandon.mp4,Brandon.JPG,Brandon,48,videoFrameBrandon.png,0,1,1,3,0,14,14,3,,,,,1,1,0.669363146,,,,,,,16,1,2019_Jul_24_1347,FaceNameControl_Picture&Audio,3.0.4,60.04041909,
39,FacesBlock4.xlsx,Brian.mp4,Brian.JPG,Brian,49,videoFrameBrian.png,0,1,1,3,0,8,8,4,,,,,1,1,1.003655083,,,,,,,16,1,2019_Jul_24_1347,FaceNameControl_Picture&Audio,3.0.4,60.04041909,
60,FacesBlock4.xlsx,Brian.mp4,Brian.JPG,Brian,49,videoFrameBrian.png,0,1,1,3,,,,,0,14,14,4,,,,tony,"['t', 'o', 'n', 'y', 'return']","[3.1518329700338654, 3.334974707046058, 3.517927666020114, 3.618264419026673, 3.8007981220143847]",[3.15183,3.15183,3,16,1,2019_Jul_24_1347,FaceNameControl_Picture&Audio,3.0.4,60.04041909,
47,FacesBlock4.xlsx,Brianna.mp4,Brianna.JPG,Brianna,50,videoFrameBrianna.png,0,1,1,3,,,,,0,1,1,5,,,,,"['k', 'a', 't', 'i', 'e', 'space', 'backspace', 'backspace', 'backspace', 'backspace', 'backspace', 'backspace', 'backspace']","[1.5522838939796202, 1.60180131503148, 1.8350281509920023, 1.9181347970152274, 2.0515742169809528, 2.151728437980637, 7.965783060993999, 8.114501321979333, 8.26531469001202, 8.399062216980383, 8.548648253025021, 8.682383192004636, 8.83204658102477]",[1.55228,1.55228,1,16,1,2019_Jul_24_1347,FaceNameControl_Picture&Audio,3.0.4,60.04041909,
32,FacesBlock4.xlsx,Brianna.mp4,Brianna.JPG,Brianna,50,videoFrameBrianna.png,0,1,1,3,0,1,1,5,,,,,0,2,5.017853127,,,,,,,16,1,2019_Jul_24_1347,FaceNameControl_Picture&Audio,3.0.4,60.04041909,
103,FacesBlock2.xlsx,Brittany.mp4,Brittany.JPG,Brittany,17,videoFrameBrittany.png,0,3,3,1,0,12,12,2,,,,,1,2,0.269542304,,,,,,,16,1,2019_Jul_24_1347,FaceNameControl_Picture&Audio,3.0.4,60.04041909,
106,FacesBlock2.xlsx,Brittany.mp4,Brittany.JPG,Brittany,17,videoFrameBrittany.png,0,3,3,1,,,,,0,0,0,2,,,,amanda,"['a', 'm', 'a', 'n', 'd', 'a', 'return']","[4.367125310993288, 4.484010362008121, 4.54919809900457, 4.683773893979378, 4.7346746909897774, 4.8669318740139715, 4.999880236980971]",[4.36712,4.36712,2,16,1,2019_Jul_24_1347,FaceNameControl_Picture&Audio,3.0.4,60.04041909,
54,FacesBlock4.xlsx,Caleb.mp4,Caleb.JPG,Caleb,51,videoFrameCaleb.png,0,1,1,3,,,,,0,8,8,6,,,,john,"['j', 'o', 'h', 'n', 'return']","[4.449097694014199, 4.667356777004898, 4.784031276998576, 4.917676712037064, 5.183325028046966]",[4.44909,4.44909,3,16,1,2019_Jul_24_1347,FaceNameControl_Picture&Audio,3.0.4,60.04041909,
37,FacesBlock4.xlsx,Caleb.mp4,Caleb.JPG,Caleb,51,videoFrameCaleb.png,0,1,1,3,0,6,6,6,,,,,0,1,0.802834406,,,,,,,16,1,2019_Jul_24_1347,FaceNameControl_Picture&Audio,3.0.4,60.04041909,
98,FacesBlock2.xlsx,Cody.mp4,Cody.JPG,Cody,18,videoFrameCody.png,0,3,3,1,0,7,7,3,,,,,1,1,2.635701142,,,,,,,16,1,2019_Jul_24_1347,FaceNameControl_Picture&Audio,3.0.4,60.04041909,
118,FacesBlock2.xlsx,Cody.mp4,Cody.JPG,Cody,18,videoFrameCody.png,0,3,3,1,,,,,0,12,12,3,,,,,None,,,,1,16,1,2019_Jul_24_1347,FaceNameControl_Picture&Audio,3.0.4,60.04041909,
1,FacesBlock3.xlsx,Courtney.mp4,Courtney.JPG,Courtney,30,videoFrameCourtney.png,0,0,0,2,0,0,0,0,,,,,1,2,1.651481687,,,,,,,16,1,2019_Jul_24_1347,FaceNameControl_Picture&Audio,3.0.4,60.04041909,
25,FacesBlock3.xlsx,Courtney.mp4,Courtney.JPG,Courtney,30,videoFrameCourtney.png,0,0,0,2,,,,,0,9,9,0,,,,stephanie,"['s', 't', 'e', 'backspace', 'backspace', 'backspace', 'backspace', 's', 't', 'e', 'p', 'h', 'n', 'a', 'backspace', 'backspace', 'a', 'n', 'i', 'e']","[2.318598805984948, 2.434682275983505, 2.5851262530195527, 3.3835721209761687, 3.5336513799848035, 3.667657235986553, 3.800726087007206, 4.118306856020354, 4.234566767001525, 4.367980231996626, 5.300626220006961, 5.550023888004944, 5.734029885032214, 5.817398570012301, 6.099996952980291, 6.216133518028073, 6.816573089978192, 7.100195950013585, 7.300140985986218, 7.550341758003924]",[2.31859,2.31859,2,16,1,2019_Jul_24_1347,FaceNameControl_Picture&Audio,3.0.4,60.04041909,
2,FacesBlock3.xlsx,Daniel.mp4,Daniel.JPG,Daniel,31,videoFrameDaniel.png,0,0,0,2,0,1,1,1,,,,,0,1,0.569633248,,,,,,,16,1,2019_Jul_24_1347,FaceNameControl_Picture&Audio,3.0.4,60.04041909,
21,FacesBlock3.xlsx,Daniel.mp4,Daniel.JPG,Daniel,31,videoFrameDaniel.png,0,0,0,2,,,,,0,5,5,1,,,,,None,,,,1,16,1,2019_Jul_24_1347,FaceNameControl_Picture&Audio,3.0.4,60.04041909,
71,FacesBlock1.xlsx,Danielle.mp4,Danielle.JPG,Danielle,3,videoFrameDanielle.png,0,2,2,0,0,10,10,3,,,,,0,2,0.31985481,,,,,,,16,1,2019_Jul_24_1347,FaceNameControl_Picture&Audio,3.0.4,60.04041909,
86,FacesBlock1.xlsx,Danielle.mp4,Danielle.JPG,Danielle,3,videoFrameDanielle.png,0,2,2,0,,,,,0,10,10,3,,,,,None,,,,1,16,1,2019_Jul_24_1347,FaceNameControl_Picture&Audio,3.0.4,60.04041909,
112,FacesBlock2.xlsx,David.mp4,David.JPG,David,19,videoFrameDavid.png,0,3,3,1,,,,,0,6,6,4,,,,,None,,,,1,16,1,2019_Jul_24_1347,FaceNameControl_Picture&Audio,3.0.4,60.04041909,
96,FacesBlock2.xlsx,David.mp4,David.JPG,David,19,videoFrameDavid.png,0,3,3,1,0,5,5,4,,,,,0,2,3.768819948,,,,,,,16,1,2019_Jul_24_1347,FaceNameControl_Picture&Audio,3.0.4,60.04041909,
52,FacesBlock4.xlsx,Dylan.mp4,Dylan.JPG,Dylan,52,videoFrameDylan.png,0,1,1,3,,,,,0,6,6,7,,,,jake ,"['j', 'a', 'k', 'e', 'space', 'return']","[2.484812297974713, 2.5841469389852136, 2.66787734196987, 2.751278855954297, 2.8158328969730064, 2.9675714549957775]",[2.48481,2.48481,3,16,1,2019_Jul_24_1347,FaceNameControl_Picture&Audio,3.0.4,60.04041909,
42,FacesBlock4.xlsx,Dylan.mp4,Dylan.JPG,Dylan,52,videoFrameDylan.png,0,1,1,3,0,11,11,7,,,,,0,1,0.70244371,,,,,,,16,1,2019_Jul_24_1347,FaceNameControl_Picture&Audio,3.0.4,60.04041909,
51,FacesBlock4.xlsx,Emily.mp4,Emily.JPG,Emily,53,videoFrameEmily.png,0,1,1,3,,,,,0,5,5,8,,,,,"['2', 'backspace']","[8.566427386016585, 9.832079487037845]",[8.56642,8.56642,1,16,1,2019_Jul_24_1347,FaceNameControl_Picture&Audio,3.0.4,60.04041909,
41,FacesBlock4.xlsx,Emily.mp4,Emily.JPG,Emily,53,videoFrameEmily.png,0,1,1,3,0,10,10,8,,,,,1,2,0.652855516,,,,,,,16,1,2019_Jul_24_1347,FaceNameControl_Picture&Audio,3.0.4,60.04041909,
85,FacesBlock1.xlsx,Eric.mp4,Eric.JPG,Eric,4,videoFrameEric.png,0,2,2,0,,,,,0,9,9,4,,,,,None,,,,1,16,1,2019_Jul_24_1347,FaceNameControl_Picture&Audio,3.0.4,60.04041909,
68,FacesBlock1.xlsx,Eric.mp4,Eric.JPG,Eric,4,videoFrameEric.png,0,2,2,0,0,7,7,4,,,,,0,1,0.319695677,,,,,,,16,1,2019_Jul_24_1347,FaceNameControl_Picture&Audio,3.0.4,60.04041909,
62,FacesBlock1.xlsx,Ethan.mp4,Ethan.JPG,Ethan,5,videoFrameEthan.png,0,2,2,0,0,1,1,5,,,,,1,1,1.25190555,,,,,,,16,1,2019_Jul_24_1347,FaceNameControl_Picture&Audio,3.0.4,60.04041909,
78,FacesBlock1.xlsx,Ethan.mp4,Ethan.JPG,Ethan,5,videoFrameEthan.png,0,2,2,0,,,,,0,2,2,5,,,,tony,"['t', 'o', 'n', 'y']","[3.068381890945602, 3.5347153559559956, 3.718209463986568, 3.8012936119921505]",[3.06838,3.06838,3,16,1,2019_Jul_24_1347,FaceNameControl_Picture&Audio,3.0.4,60.04041909,
57,FacesBlock4.xlsx,Grace.mp4,Grace.JPG,Grace,54,videoFrameGrace.png,0,1,1,3,,,,,0,11,11,9,,,,da,"['d', 'a', 'n', 'i', 'l', 'e', 'backspace', 'backspace', 'e', 'l', 'l', 'e', 'space', 'backspace', 'backspace', 'backspace', 'backspace', 'backspace', 'backspace', 'backspace']","[5.317047465010546, 5.500670759007335, 5.583690439991187, 5.817099578969646, 6.083081597986165, 6.516614307009149, 6.865940137999132, 6.999406848975923, 7.099913222016767, 7.266492205963004, 7.432898135972209, 7.532944142993074, 7.599708142981399, 8.24845416698372, 9.314637753996067, 9.4817917990149, 9.61462401598692, 9.747947442985605, 9.865023543010466, 9.981975096976385]",[5.31704,5.31704,1,16,1,2019_Jul_24_1347,FaceNameControl_Picture&Audio,3.0.4,60.04041909,
36,FacesBlock4.xlsx,Grace.mp4,Grace.JPG,Grace,54,videoFrameGrace.png,0,1,1,3,0,5,5,9,,,,,0,2,0.336369366,,,,,,,16,1,2019_Jul_24_1347,FaceNameControl_Picture&Audio,3.0.4,60.04041909,
115,FacesBlock2.xlsx,Haley.mp4,Haley.JPG,Haley,20,videoFrameHaley.png,0,3,3,1,,,,,0,9,9,5,,,,,None,,,,1,16,1,2019_Jul_24_1347,FaceNameControl_Picture&Audio,3.0.4,60.04041909,
101,FacesBlock2.xlsx,Haley.mp4,Haley.JPG,Haley,20,videoFrameHaley.png,0,3,3,1,0,10,10,5,,,,,0,2,0.319822293,,,,,,,16,1,2019_Jul_24_1347,FaceNameControl_Picture&Audio,3.0.4,60.04041909,
84,FacesBlock1.xlsx,Hannah.mp4,Hannah.JPG,Hannah,6,videoFrameHannah.png,0,2,2,0,,,,,0,8,8,6,,,,,None,,,,1,16,1,2019_Jul_24_1347,FaceNameControl_Picture&Audio,3.0.4,60.04041909,
72,FacesBlock1.xlsx,Hannah.mp4,Hannah.JPG,Hannah,6,videoFrameHannah.png,0,2,2,0,0,11,11,6,,,,,0,2,1.118845538,,,,,,,16,1,2019_Jul_24_1347,FaceNameControl_Picture&Audio,3.0.4,60.04041909,
119,FacesBlock2.xlsx,Heather.mp4,Heather.JPG,Heather,21,videoFrameHeather.png,0,3,3,1,,,,,0,13,13,6,,,,,None,,,,1,16,1,2019_Jul_24_1347,FaceNameControl_Picture&Audio,3.0.4,60.04041909,
97,FacesBlock2.xlsx,Heather.mp4,Heather.JPG,Heather,21,videoFrameHeather.png,0,3,3,1,0,6,6,6,,,,,0,2,0.620045935,,,,,,,16,1,2019_Jul_24_1347,FaceNameControl_Picture&Audio,3.0.4,60.04041909,
14,FacesBlock3.xlsx,Jacob.mp4,Jacob.JPG,Jacob,32,videoFrameJacob.png,0,0,0,2,0,13,13,2,,,,,1,1,0.369692331,,,,,,,16,1,2019_Jul_24_1347,FaceNameControl_Picture&Audio,3.0.4,60.04041909,
24,FacesBlock3.xlsx,Jacob.mp4,Jacob.JPG,Jacob,32,videoFrameJacob.png,0,0,0,2,,,,,0,8,8,2,,,,jake,"['j', 'a', 'k', 'e']","[1.8675252849934623, 1.951451818982605, 2.0849781750002876, 2.151395709021017]",[1.86752,1.86752,3,16,1,2019_Jul_24_1347,FaceNameControl_Picture&Audio,3.0.4,60.04041909,
44,FacesBlock4.xlsx,Jason.mp4,Jason.JPG,Jason,55,videoFrameJason.png,0,1,1,3,0,13,13,10,,,,,1,1,0.319557825,,,,,,,16,1,2019_Jul_24_1347,FaceNameControl_Picture&Audio,3.0.4,60.04041909,
55,FacesBlock4.xlsx,Jason.mp4,Jason.JPG,Jason,55,videoFrameJason.png,0,1,1,3,,,,,0,9,9,10,,,,,"['d', 'y', 'l', 'a', 'n', 'backspace', 'backspace', 'backspace', 'backspace', 'backspace', 'backspace']","[5.633346575021278, 5.850109594990499, 5.949630132992752, 6.10001380299218, 6.183759336010553, 7.04783082701033, 7.1990144770243205, 7.282313406991307, 7.415471545013133, 7.548393829027191, 7.648783618002199]",[5.63334,5.63334,1,16,1,2019_Jul_24_1347,FaceNameControl_Picture&Audio,3.0.4,60.04041909,
82,FacesBlock1.xlsx,Jenna.mp4,Jenna.JPG,Jenna,7,videoFrameJenna.png,0,2,2,0,,,,,0,6,6,7,,,,,"['1', 'backspace']","[3.4517659679986537, 4.834359613014385]",[3.45176,3.45176,1,16,1,2019_Jul_24_1347,FaceNameControl_Picture&Audio,3.0.4,60.04041909,
69,FacesBlock1.xlsx,Jenna.mp4,Jenna.JPG,Jenna,7,videoFrameJenna.png,0,2,2,0,0,8,8,7,,,,,1,2,0.803206279,,,,,,,16,1,2019_Jul_24_1347,FaceNameControl_Picture&Audio,3.0.4,60.04041909,
95,FacesBlock2.xlsx,Jeremy.mp4,Jeremy.JPG,Jeremy,22,videoFrameJeremy.png,0,3,3,1,0,4,4,7,,,,,1,1,1.502230554,,,,,,,16,1,2019_Jul_24_1347,FaceNameControl_Picture&Audio,3.0.4,60.04041909,
114,FacesBlock2.xlsx,Jeremy.mp4,Jeremy.JPG,Jeremy,22,videoFrameJeremy.png,0,3,3,1,,,,,0,8,8,7,,,,,None,,,,1,16,1,2019_Jul_24_1347,FaceNameControl_Picture&Audio,3.0.4,60.04041909,
79,FacesBlock1.xlsx,Jessica.mp4,Jessica.JPG,Jessica,8,videoFrameJessica.png,0,2,2,0,,,,,0,3,3,8,,,,alyssa,"['a', 'l', 'y', 's', 's', 'a', 'return']","[2.468018868006766, 2.6332164490013383, 2.8850496770464815, 2.935622343036812, 3.0852054610149935, 3.217633669031784, 3.3509965700213797]",[2.46801,2.46801,3,16,1,2019_Jul_24_1347,FaceNameControl_Picture&Audio,3.0.4,60.04041909,
64,FacesBlock1.xlsx,Jessica.mp4,Jessica.JPG,Jessica,8,videoFrameJessica.png,0,2,2,0,0,3,3,8,,,,,1,2,0.502790817,,,,,,,16,1,2019_Jul_24_1347,FaceNameControl_Picture&Audio,3.0.4,60.04041909,
93,FacesBlock2.xlsx,Josh.mp4,Josh.JPG,Josh,23,videoFrameJosh.png,0,3,3,1,0,2,2,8,,,,,0,1,0.318386773,,,,,,,16,1,2019_Jul_24_1347,FaceNameControl_Picture&Audio,3.0.4,60.04041909,
110,FacesBlock2.xlsx,Josh.mp4,Josh.JPG,Josh,23,videoFrameJosh.png,0,3,3,1,,,,,0,4,4,8,,,,raj,"['r', 'a', 'j']","[5.201131308975164, 5.383724916959181, 5.500896819983609]",[5.20113,5.20113,3,16,1,2019_Jul_24_1347,FaceNameControl_Picture&Audio,3.0.4,60.04041909,
89,FacesBlock1.xlsx,Julia.mp4,Julia.JPG,Julia,9,videoFrameJulia.png,0,2,2,0,,,,,0,13,13,9,,,,,None,,,,1,16,1,2019_Jul_24_1347,FaceNameControl_Picture&Audio,3.0.4,60.04041909,
67,FacesBlock1.xlsx,Julia.mp4,Julia.JPG,Julia,9,videoFrameJulia.png,0,2,2,0,0,6,6,9,,,,,0,2,0.652335501,,,,,,,16,1,2019_Jul_24_1347,FaceNameControl_Picture&Audio,3.0.4,60.04041909,
105,FacesBlock2.xlsx,Justin.mp4,Justin.JPG,Justin,24,videoFrameJustin.png,0,3,3,1,0,14,14,9,,,,,0,1,0.436149464,,,,,,,16,1,2019_Jul_24_1347,FaceNameControl_Picture&Audio,3.0.4,60.04041909,
113,FacesBlock2.xlsx,Justin.mp4,Justin.JPG,Justin,24,videoFrameJustin.png,0,3,3,1,,,,,0,7,7,9,,,,,"['1', 'backspace']","[3.6181946040014736, 4.650503724988084]",[3.61819,3.61819,1,16,1,2019_Jul_24_1347,FaceNameControl_Picture&Audio,3.0.4,60.04041909,
34,FacesBlock4.xlsx,Katie.mp4,Katie.JPG,Katie,56,videoFrameKatie.png,0,1,1,3,0,3,3,11,,,,,1,2,1.119116115,,,,,,,16,1,2019_Jul_24_1347,FaceNameControl_Picture&Audio,3.0.4,60.04041909,
53,FacesBlock4.xlsx,Katie.mp4,Katie.JPG,Katie,56,videoFrameKatie.png,0,1,1,3,,,,,0,7,7,11,,,,katie ,"['k', 'a', 'i', 'backspace', 't', 'e', 'space', 'backspace', 'backspace', 'i', 'e', 'space', 'return']","[2.4349171489593573, 2.5683117769658566, 2.951308579999022, 3.35048022196861, 3.434817417000886, 3.634719742985908, 3.7350676269852556, 3.9838421769673005, 4.100578914978541, 4.301100617973134, 4.417823253956158, 4.483767085999716, 4.733864428009838]",[2.43491,2.43491,3,16,1,2019_Jul_24_1347,FaceNameControl_Picture&Audio,3.0.4,60.04041909,
5,FacesBlock3.xlsx,Kayla.mp4,Kayla.JPG,Kayla,33,videoFrameKayla.png,0,0,0,2,0,4,4,3,,,,,0,2,0.669332463,,,,,,,16,1,2019_Jul_24_1347,FaceNameControl_Picture&Audio,3.0.4,60.04041909,
23,FacesBlock3.xlsx,Kayla.mp4,Kayla.JPG,Kayla,33,videoFrameKayla.png,0,0,0,2,,,,,0,7,7,3,,,,zahra,"['z', 'a', 'h', 'r', 'a']","[8.615539309976157, 8.74880049697822, 8.998372268979438, 9.099532246997114, 9.81538001599256]",[8.61553,8.61553,2,16,1,2019_Jul_24_1347,FaceNameControl_Picture&Audio,3.0.4,60.04041909,
73,FacesBlock1.xlsx,Kelsey.mp4,Kelsey.JPG,Kelsey,10,videoFrameKelsey.png,0,2,2,0,0,12,12,10,,,,,1,2,0.653548001,,,,,,,16,1,2019_Jul_24_1347,FaceNameControl_Picture&Audio,3.0.4,60.04041909,
77,FacesBlock1.xlsx,Kelsey.mp4,Kelsey.JPG,Kelsey,10,videoFrameKelsey.png,0,2,2,0,,,,,0,1,1,10,,,,amanda,"['a', 'm', 'a', 'n', 'd', 'a']","[8.432944583997596, 8.582485013990663, 8.616825568024069, 8.733319221995771, 8.782680759031791, 8.91624327399768]",[8.43294,8.43294,3,16,1,2019_Jul_24_1347,FaceNameControl_Picture&Audio,3.0.4,60.04041909,
15,FacesBlock3.xlsx,Kevin.mp4,Kevin.JPG,Kevin,34,videoFrameKevin.png,0,0,0,2,0,14,14,4,,,,,1,1,0.319442252,,,,,,,16,1,2019_Jul_24_1347,FaceNameControl_Picture&Audio,3.0.4,60.04041909,
19,FacesBlock3.xlsx,Kevin.mp4,Kevin.JPG,Kevin,34,videoFrameKevin.png,0,0,0,2,,,,,0,3,3,4,,,,dylan,"['d', 'y', 'l', 'a', 'n']","[1.984953077044338, 2.3018732640193775, 2.418811176030431, 2.6011763870483264, 2.7180777360335924]",[1.98495,1.98495,2,16,1,2019_Jul_24_1347,FaceNameControl_Picture&Audio,3.0.4,60.04041909,
66,FacesBlock1.xlsx,Kyle.mp4,Kyle.JPG,Kyle,11,videoFrameKyle.png,0,2,2,0,0,5,5,11,,,,,0,1,0.470278439,,,,,,,16,1,2019_Jul_24_1347,FaceNameControl_Picture&Audio,3.0.4,60.04041909,
76,FacesBlock1.xlsx,Kyle.mp4,Kyle.JPG,Kyle,11,videoFrameKyle.png,0,2,2,0,,,,,0,0,0,11,,,,brandon,"['t', 'o', 'n', 'y', 'backspace', 'backspace', 'backspace', 'backspace', 'b', 'r', 'a', 'd', 'backspace', 'n', 'd', 'o', 'n']","[1.701372976996936, 1.7512756540090777, 1.9492254730430432, 2.0013946480466984, 2.5489149580243975, 2.683643430005759, 2.799795761005953, 3.0329056900227442, 3.5841966650332324, 4.233353371033445, 4.417131259047892, 4.6004235980217345, 4.91643305902835, 5.150272667990066, 5.249492192990147, 5.3508190989959985, 5.550145868037362]",[1.70137,1.70137,3,16,1,2019_Jul_24_1347,FaceNameControl_Picture&Audio,3.0.4,60.04041909,
3,FacesBlock3.xlsx,Lauren.mp4,Lauren.JPG,Lauren,35,videoFrameLauren.png,0,0,0,2,0,2,2,5,,,,,1,2,0.36970857,,,,,,,16,1,2019_Jul_24_1347,FaceNameControl_Picture&Audio,3.0.4,60.04041909,
26,FacesBlock3.xlsx,Lauren.mp4,Lauren.JPG,Lauren,35,videoFrameLauren.png,0,0,0,2,,,,,0,10,10,5,,,,,None,,,,1,16,1,2019_Jul_24_1347,FaceNameControl_Picture&Audio,3.0.4,60.04041909,
27,FacesBlock3.xlsx,Mark.mp4,Mark.JPG,Mark,36,videoFrameMark.png,0,0,0,2,,,,,0,11,11,6,,,,,None,,,,2,16,1,2019_Jul_24_1347,FaceNameControl_Picture&Audio,3.0.4,60.04041909,
8,FacesBlock3.xlsx,Mark.mp4,Mark.JPG,Mark,36,videoFrameMark.png,0,0,0,2,0,7,7,6,,,,,0,1,0.236249622,,,,,,,16,1,2019_Jul_24_1347,FaceNameControl_Picture&Audio,3.0.4,60.04041909,
80,FacesBlock1.xlsx,Matthew.mp4,Matthew.JPG,Matthew,12,videoFrameMatthew.png,0,2,2,0,,,,,0,4,4,12,,,,,None,,,,1,16,1,2019_Jul_24_1347,FaceNameControl_Picture&Audio,3.0.4,60.04041909,
61,FacesBlock1.xlsx,Matthew.mp4,Matthew.JPG,Matthew,12,videoFrameMatthew.png,0,2,2,0,0,0,0,12,,,,,0,1,1.253101969,,,,,,,16,1,2019_Jul_24_1347,FaceNameControl_Picture&Audio,3.0.4,60.04041909,
94,FacesBlock2.xlsx,Megan.mp4,Megan.JPG,Megan,25,videoFrameMegan.png,0,3,3,1,0,3,3,10,,,,,0,2,0.686643845,,,,,,,16,1,2019_Jul_24_1347,FaceNameControl_Picture&Audio,3.0.4,60.04041909,
116,FacesBlock2.xlsx,Megan.mp4,Megan.JPG,Megan,25,videoFrameMegan.png,0,3,3,1,,,,,0,10,10,10,,,,,None,,,,1,16,1,2019_Jul_24_1347,FaceNameControl_Picture&Audio,3.0.4,60.04041909,
49,FacesBlock4.xlsx,Michael.mp4,Michael.JPG,Michael,57,videoFrameMichael.png,0,1,1,3,,,,,0,3,3,12,,,,bryan,"['b', 'r', 'y', 'a', 'n']","[4.300641230016481, 5.317052419995889, 5.466970349021722, 5.665140857978258, 5.8661829920019954]",[4.30064,4.30064,2,16,1,2019_Jul_24_1347,FaceNameControl_Picture&Audio,3.0.4,60.04041909,
38,FacesBlock4.xlsx,Michael.mp4,Michael.JPG,Michael,57,videoFrameMichael.png,0,1,1,3,0,7,7,12,,,,,0,1,0.536383401,,,,,,,16,1,2019_Jul_24_1347,FaceNameControl_Picture&Audio,3.0.4,60.04041909,
56,FacesBlock4.xlsx,Michelle.mp4,Michelle.JPG,Michelle,58,videoFrameMichelle.png,0,1,1,3,,,,,0,10,10,13,,,,alyssa,"['a', 'l', 'y', 's', 's', 'a', 'return']","[6.083118820970412, 6.300260182004422, 6.583779966982547, 6.764734264987055, 6.900250820966903, 7.0332517579663545, 7.266018230991904]",[6.08311,6.08311,2,16,1,2019_Jul_24_1347,FaceNameControl_Picture&Audio,3.0.4,60.04041909,
40,FacesBlock4.xlsx,Michelle.mp4,Michelle.JPG,Michelle,58,videoFrameMichelle.png,0,1,1,3,0,9,9,13,,,,,0,2,0.702857192,,,,,,,16,1,2019_Jul_24_1347,FaceNameControl_Picture&Audio,3.0.4,60.04041909,
81,FacesBlock1.xlsx,Natalie.mp4,Natalie.JPG,Natalie,13,videoFrameNatalie.png,0,2,2,0,,,,,0,5,5,13,,,,,None,,,,1,16,1,2019_Jul_24_1347,FaceNameControl_Picture&Audio,3.0.4,60.04041909,
75,FacesBlock1.xlsx,Natalie.mp4,Natalie.JPG,Natalie,13,videoFrameNatalie.png,0,2,2,0,0,14,14,13,,,,,1,2,0.270159381,,,,,,,16,1,2019_Jul_24_1347,FaceNameControl_Picture&Audio,3.0.4,60.04041909,
20,FacesBlock3.xlsx,Nathan.mp4,Nathan.JPG,Nathan,37,videoFrameNathan.png,0,0,0,2,,,,,0,4,4,7,,,,zach,"['z', 'a', 'c', 'k', 'space', 'backspace', 'backspace', 'backspace', 'h', 'backspace', 'c', 'h']","[2.0347361239837483, 2.2019673329778016, 2.4679333079839125, 2.5506530799902976, 2.7015628900262527, 3.583420203998685, 3.7156448410241865, 4.016977199993562, 4.167816466011573, 4.700244779989589, 5.000664110004436, 5.284085693012457]",[2.03473,2.03473,3,16,1,2019_Jul_24_1347,FaceNameControl_Picture&Audio,3.0.4,60.04041909,
10,FacesBlock3.xlsx,Nathan.mp4,Nathan.JPG,Nathan,37,videoFrameNathan.png,0,0,0,2,0,9,9,7,,,,,1,1,0.253221364,,,,,,,16,1,2019_Jul_24_1347,FaceNameControl_Picture&Audio,3.0.4,60.04041909,
30,FacesBlock3.xlsx,Nicole.mp4,Nicole.JPG,Nicole,38,videoFrameNicole.png,0,0,0,2,,,,,0,14,14,8,,,,kaya,"['k', 'a', 'y', 'a']","[2.635229151987005, 2.8351328689604998, 2.9018368119723164, 3.0017474569613114]",[2.63522,2.63522,3,16,1,2019_Jul_24_1347,FaceNameControl_Picture&Audio,3.0.4,60.04041909,
13,FacesBlock3.xlsx,Nicole.mp4,Nicole.JPG,Nicole,38,videoFrameNicole.png,0,0,0,2,0,12,12,8,,,,,0,2,0.502575114,,,,,,,16,1,2019_Jul_24_1347,FaceNameControl_Picture&Audio,3.0.4,60.04041909,
18,FacesBlock3.xlsx,Noah.mp4,Noah.JPG,Noah,39,videoFrameNoah.png,0,0,0,2,,,,,0,2,2,9,,,,jake,"['j', 'a', 'k', 'e', 'return']","[1.9017109320266172, 1.9858237039879896, 2.1183259100071155, 2.2000312019954436, 2.867991889012046]",[1.90171,1.90171,2,16,1,2019_Jul_24_1347,FaceNameControl_Picture&Audio,3.0.4,60.04041909,
12,FacesBlock3.xlsx,Noah.mp4,Noah.JPG,Noah,39,videoFrameNoah.png,0,0,0,2,0,11,11,9,,,,,0,1,0.419134921,,,,,,,16,1,2019_Jul_24_1347,FaceNameControl_Picture&Audio,3.0.4,60.04041909,
28,FacesBlock3.xlsx,Olivia.mp4,Olivia.JPG,Olivia,40,videoFrameOlivia.png,0,0,0,2,,,,,0,12,12,10,,,,amanda,"['a', 'm', 'a', 'n', 'd', 'a', 'return']","[2.0015444469754584, 2.118199405958876, 2.202215459954459, 2.3678191369981505, 2.41775898297783, 2.568035445001442, 2.734464304987341]",[2.00154,2.00154,2,16,1,2019_Jul_24_1347,FaceNameControl_Picture&Audio,3.0.4,60.04041909,
9,FacesBlock3.xlsx,Olivia.mp4,Olivia.JPG,Olivia,40,videoFrameOlivia.png,0,0,0,2,0,8,8,10,,,,,0,2,0.9695851,,,,,,,16,1,2019_Jul_24_1347,FaceNameControl_Picture&Audio,3.0.4,60.04041909,
109,FacesBlock2.xlsx,Rachel.mp4,Rachel.JPG,Rachel,26,videoFrameRachel.png,0,3,3,1,,,,,0,3,3,11,,,,daisy,"['d', 'a', 'i', 's', 'y']","[6.133718896016944, 6.3665683820145205, 6.417219177994411, 6.55002206802601, 6.666655136970803]",[6.13371,6.13371,3,16,1,2019_Jul_24_1347,FaceNameControl_Picture&Audio,3.0.4,60.04041909,
100,FacesBlock2.xlsx,Rachel.mp4,Rachel.JPG,Rachel,26,videoFrameRachel.png,0,3,3,1,0,9,9,11,,,,,1,2,0.93598834,,,,,,,16,1,2019_Jul_24_1347,FaceNameControl_Picture&Audio,3.0.4,60.04041909,
29,FacesBlock3.xlsx,Rebecca.mp4,Rebecca.JPG,Rebecca,41,videoFrameRebecca.png,0,0,0,2,,,,,0,13,13,11,,,,jacky,"['j', 'a', 'c', 'k', 'y']","[6.033483508974314, 6.083407133992296, 6.2661249350057915, 6.348012154980097, 7.116437488002703]",[6.03348,6.03348,4,16,1,2019_Jul_24_1347,FaceNameControl_Picture&Audio,3.0.4,60.04041909,
7,FacesBlock3.xlsx,Rebecca.mp4,Rebecca.JPG,Rebecca,41,videoFrameRebecca.png,0,0,0,2,0,6,6,11,,,,,0,2,0.78628961,,,,,,,16,1,2019_Jul_24_1347,FaceNameControl_Picture&Audio,3.0.4,60.04041909,
17,FacesBlock3.xlsx,Sarah.mp4,Sarah.JPG,Sarah,42,videoFrameSarah.png,0,0,0,2,,,,,0,1,1,12,,,,  ,"['space', 'return', 'space']","[3.7843362470157444, 4.91672997304704, 5.41717813705327]",[3.78433,3.78433,1,16,1,2019_Jul_24_1347,FaceNameControl_Picture&Audio,3.0.4,60.04041909,
6,FacesBlock3.xlsx,Sarah.mp4,Sarah.JPG,Sarah,42,videoFrameSarah.png,0,0,0,2,0,5,5,12,,,,,1,2,0.302610321,,,,,,,16,1,2019_Jul_24_1347,FaceNameControl_Picture&Audio,3.0.4,60.04041909,
4,FacesBlock3.xlsx,Shelby.mp4,Shelby.JPG,Shelby,43,videoFrameShelby.png,0,0,0,2,0,3,3,13,,,,,1,2,1.152831826,,,,,,,16,1,2019_Jul_24_1347,FaceNameControl_Picture&Audio,3.0.4,60.04041909,
22,FacesBlock3.xlsx,Shelby.mp4,Shelby.JPG,Shelby,43,videoFrameShelby.png,0,0,0,2,,,,,0,6,6,13,,,,amy,"['a', 'm', 'y', 'return']","[1.7355322440271266, 1.9352451310260221, 2.1690306400414556, 3.0678304260363802]",[1.73553,1.73553,3,16,1,2019_Jul_24_1347,FaceNameControl_Picture&Audio,3.0.4,60.04041909,
104,FacesBlock2.xlsx,Steven.mp4,Steven.JPG,Steven,27,videoFrameSteven.png,0,3,3,1,0,13,13,12,,,,,1,1,0.269736167,,,,,,,16,1,2019_Jul_24_1347,FaceNameControl_Picture&Audio,3.0.4,60.04041909,
111,FacesBlock2.xlsx,Steven.mp4,Steven.JPG,Steven,27,videoFrameSteven.png,0,3,3,1,,,,,0,5,5,12,,,,,None,,,,3,16,1,2019_Jul_24_1347,FaceNameControl_Picture&Audio,3.0.4,60.04041909,
50,FacesBlock4.xlsx,Taylor.mp4,Taylor.JPG,Taylor,59,videoFrameTaylor.png,0,1,1,3,,,,,0,4,4,14,,,,,None,,,,3,16,1,2019_Jul_24_1347,FaceNameControl_Picture&Audio,3.0.4,60.04041909,
35,FacesBlock4.xlsx,Taylor.mp4,Taylor.JPG,Taylor,59,videoFrameTaylor.png,0,1,1,3,0,4,4,14,,,,,0,2,0.635892994,,,,,,,16,1,2019_Jul_24_1347,FaceNameControl_Picture&Audio,3.0.4,60.04041909,
11,FacesBlock3.xlsx,Thomas.mp4,Thomas.JPG,Thomas,44,videoFrameThomas.png,0,0,0,2,0,10,10,14,,,,,1,1,1.051903731,,,,,,,16,1,2019_Jul_24_1347,FaceNameControl_Picture&Audio,3.0.4,60.04041909,
16,FacesBlock3.xlsx,Thomas.mp4,Thomas.JPG,Thomas,44,videoFrameThomas.png,0,0,0,2,,,,,0,0,0,14,,,,thomas ,"['capslock', 'j', 'backspace', 'capslock', 't', 'h', 'o', 'm', 'a', 's', 'return', 'space']","[2.5950282780104317, 2.660209250054322, 3.5829548360197805, 4.50015603704378, 5.933219578000717, 6.166260822035838, 6.383137936005369, 6.599978863028809, 6.682873741025105, 6.799838570004795, 7.0163319450221024, 9.548577122041024]",[2.59502,2.59502,4,16,1,2019_Jul_24_1347,FaceNameControl_Picture&Audio,3.0.4,60.04041909,
88,FacesBlock1.xlsx,Timothy.mp4,Timothy.JPG,Timothy,14,videoFrameTimothy.png,0,2,2,0,,,,,0,12,12,14,,,,,"['1', 'backspace']","[5.733485365984961, 6.5659222529502586]",[5.73348,5.73348,1,16,1,2019_Jul_24_1347,FaceNameControl_Picture&Audio,3.0.4,60.04041909,
74,FacesBlock1.xlsx,Timothy.mp4,Timothy.JPG,Timothy,14,videoFrameTimothy.png,0,2,2,0,0,13,13,14,,,,,1,1,0.736234393,,,,,,,16,1,2019_Jul_24_1347,FaceNameControl_Picture&Audio,3.0.4,60.04041909,
120,FacesBlock2.xlsx,Trevor.mp4,Trevor.JPG,Trevor,28,videoFrameTrevor.png,0,3,3,1,,,,,0,14,14,13,,,,,None,,,,1,16,1,2019_Jul_24_1347,FaceNameControl_Picture&Audio,3.0.4,60.04041909,
102,FacesBlock2.xlsx,Trevor.mp4,Trevor.JPG,Trevor,28,videoFrameTrevor.png,0,3,3,1,0,11,11,13,,,,,0,1,0.319820544,,,,,,,16,1,2019_Jul_24_1347,FaceNameControl_Picture&Audio,3.0.4,60.04041909,
99,FacesBlock2.xlsx,Tyler.mp4,Tyler.JPG,Tyler,29,videoFrameTyler.png,0,3,3,1,0,8,8,14,,,,,1,1,0.38649406,,,,,,,16,1,2019_Jul_24_1347,FaceNameControl_Picture&Audio,3.0.4,60.04041909,
108,FacesBlock2.xlsx,Tyler.mp4,Tyler.JPG,Tyler,29,videoFrameTyler.png,0,3,3,1,,,,,0,2,2,14,,,,caleb,"['c', 'a', 'l', 'e', 'b']","[4.417334216996096, 4.55130554799689, 4.667730967979878, 4.750717504997738, 4.884090885985643]",[4.41733,4.41733,3,16,1,2019_Jul_24_1347,FaceNameControl_Picture&Audio,3.0.4,60.04041909,
0,,,,,,,,,,,,,,,,,,,,,,,,,,,,16,1,2019_Jul_24_1347,FaceNameControl_Picture&Audio,3.0.4,60.04041909,
121,,,,,,,,,,,,,,,,,,,,,,,,,,,,16,1,2019_Jul_24_1347,FaceNameControl_Picture&Audio,3.0.4,60.04041909,