,condsFile,Video,Photo,Name,Row,videoFrame,blocks.thisRepN,blocks.thisTrialN,blocks.thisN,blocks.thisIndex,presentations.thisRepN,presentations.thisTrialN,presentations.thisN,presentations.thisIndex,testing.thisRepN,testing.thisTrialN,testing.thisN,testing.thisIndex,currentCond,judgementResp.keys,judgementResp.rt,inputText,key_resp_3.keys,rating_resp.keys,key_resp_3.rt,,key_resp3_fin,participant,session,date,expName,psychopyVersion,frameRate,Unnamed: 31
4,FacesBlock2.xlsx,Aaron.mp4,Aaron.JPG,Aaron,15,videoFrameAaron.png,0,0,0,1,0,3,3,0,,,,,0,1,0.308779791,,,,,,,17,1,2019_Jul_26_1209,FaceNameControl_Picture&Audio,3.0.4,85.04681328,
20,FacesBlock2.xlsx,Aaron.mp4,Aaron.JPG,Aaron,15,videoFrameAaron.png,0,0,0,1,,,,,0,4,4,0,,,,,None,1,,,,17,1,2019_Jul_26_1209,FaceNameControl_Picture&Audio,3.0.4,85.04681328,
57,FacesBlock1.xlsx,Adam.mp4,Adam.JPG,Adam,0,videoFrameAdam.png,0,1,1,0,,,,,0,11,11,0,,,,,None,1,,,,17,1,2019_Jul_26_1209,FaceNameControl_Picture&Audio,3.0.4,85.04681328,
43,FacesBlock1.xlsx,Adam.mp4,Adam.JPG,Adam,0,videoFrameAdam.png,0,1,1,0,0,12,12,0,,,,,0,1,0.379562319,,,,,,,17,1,2019_Jul_26_1209,FaceNameControl_Picture&Audio,3.0.4,85.04681328,
66,FacesBlock4.xlsx,Alyssa.mp4,Alyssa.JPG,Alyssa,45,videoFrameAlyssa.png,0,2,2,3,0,5,5,0,,,,,0,2,1.332130338,,,,,,,17,1,2019_Jul_26_1209,FaceNameControl_Picture&Audio,3.0.4,85.04681328,
82,FacesBlock4.xlsx,Alyssa.mp4,Alyssa.JPG,Alyssa,45,videoFrameAlyssa.png,0,2,2,3,,,,,0,6,6,0,,,,,None,1,,,,17,1,2019_Jul_26_1209,FaceNameControl_Picture&Audio,3.0.4,85.04681328,
51,FacesBlock1.xlsx,Amanda.mp4,Amanda.JPG,Amanda,1,videoFrameAmanda.png,0,1,1,0,,,,,0,5,5,1,,,,emily,"['e', 'm', 'o', 'semicolon', 'backspace', 'i', 'l', 'y']",1,"[2.5539735579513945, 2.813111980969552, 4.165990788955241, 4.589185321005061, 5.011974126973655, 6.188691816991195, 6.435685518954415, 6.542001639958471]",[2.55397,2.55397,17,1,2019_Jul_26_1209,FaceNameControl_Picture&Audio,3.0.4,85.04681328,
38,FacesBlock1.xlsx,Amanda.mp4,Amanda.JPG,Amanda,1,videoFrameAmanda.png,0,1,1,0,0,7,7,1,,,,,0,2,0.332073679,,,,,,,17,1,2019_Jul_26_1209,FaceNameControl_Picture&Audio,3.0.4,85.04681328,
65,FacesBlock4.xlsx,Andrew.mp4,Andrew.JPG,Andrew,46,videoFrameAndrew.png,0,2,2,3,0,4,4,1,,,,,1,1,1.014745095,,,,,,,17,1,2019_Jul_26_1209,FaceNameControl_Picture&Audio,3.0.4,85.04681328,
81,FacesBlock4.xlsx,Andrew.mp4,Andrew.JPG,Andrew,46,videoFrameAndrew.png,0,2,2,3,,,,,0,5,5,1,,,,,None,1,,,,17,1,2019_Jul_26_1209,FaceNameControl_Picture&Audio,3.0.4,85.04681328,
73,FacesBlock4.xlsx,Anna.mp4,Anna.JPG,Anna,47,videoFrameAnna.png,0,2,2,3,0,12,12,2,,,,,0,2,1.025965277,,,,,,,17,1,2019_Jul_26_1209,FaceNameControl_Picture&Audio,3.0.4,85.04681328,
87,FacesBlock4.xlsx,Anna.mp4,Anna.JPG,Anna,47,videoFrameAnna.png,0,2,2,3,,,,,0,11,11,2,,,,,None,1,,,,17,1,2019_Jul_26_1209,FaceNameControl_Picture&Audio,3.0.4,85.04681328,
19,FacesBlock2.xlsx,Ashley.mp4,Ashley.JPG,Ashley,16,videoFrameAshley.png,0,0,0,1,,,,,0,3,3,1,,,,,None,1,,,,17,1,2019_Jul_26_1209,FaceNameControl_Picture&Audio,3.0.4,85.04681328,
2,FacesBlock2.xlsx,Ashley.mp4,Ashley.JPG,Ashley,16,videoFrameAshley.png,0,0,0,1,0,1,1,1,,,,,0,2,0.496455987,,,,,,,17,1,2019_Jul_26_1209,FaceNameControl_Picture&Audio,3.0.4,85.04681328,
31,FacesBlock1.xlsx,Bradley.mp4,Bradley.JPG,Bradley,2,videoFrameBradley.png,0,1,1,0,0,0,0,2,,,,,0,1,1.321073378,,,,,,,17,1,2019_Jul_26_1209,FaceNameControl_Picture&Audio,3.0.4,85.04681328,
55,FacesBlock1.xlsx,Bradley.mp4,Bradley.JPG,Bradley,2,videoFrameBradley.png,0,1,1,0,,,,,0,9,9,2,,,,,None,1,,,,17,1,2019_Jul_26_1209,FaceNameControl_Picture&Audio,3.0.4,85.04681328,
64,FacesBlock4.xlsx,Brandon.mp4,Brandon.JPG,Brandon,48,videoFrameBrandon.png,0,2,2,3,0,3,3,3,,,,,1,1,0.732218318,,,,,,,17,1,2019_Jul_26_1209,FaceNameControl_Picture&Audio,3.0.4,85.04681328,
85,FacesBlock4.xlsx,Brandon.mp4,Brandon.JPG,Brandon,48,videoFrameBrandon.png,0,2,2,3,,,,,0,9,9,3,,,,andrew,"['a', 'n', 'd', 'r', 'e', 'w']",1,"[4.413061177008785, 4.5893860179930925, 4.7663832969847135, 5.694911715982016, 6.012619036016986, 6.236473829019815]",[4.41306,4.41306,17,1,2019_Jul_26_1209,FaceNameControl_Picture&Audio,3.0.4,85.04681328,
68,FacesBlock4.xlsx,Brian.mp4,Brian.JPG,Brian,49,videoFrameBrian.png,0,2,2,3,0,7,7,4,,,,,1,1,0.884753192,,,,,,,17,1,2019_Jul_26_1209,FaceNameControl_Picture&Audio,3.0.4,85.04681328,
76,FacesBlock4.xlsx,Brian.mp4,Brian.JPG,Brian,49,videoFrameBrian.png,0,2,2,3,,,,,0,0,0,4,,,,,"['m', 'i', 'c', 'backspace', 'backspace', 'backspace']",1,"[4.375822635949589, 4.71954147395445, 4.919053851976059, 7.152554186992347, 8.247122151951771, 8.552724494948052]",[4.37582,4.37582,17,1,2019_Jul_26_1209,FaceNameControl_Picture&Audio,3.0.4,85.04681328,
90,FacesBlock4.xlsx,Brianna.mp4,Brianna.JPG,Brianna,50,videoFrameBrianna.png,0,2,2,3,,,,,0,14,14,5,,,,,None,1,,,,17,1,2019_Jul_26_1209,FaceNameControl_Picture&Audio,3.0.4,85.04681328,
72,FacesBlock4.xlsx,Brianna.mp4,Brianna.JPG,Brianna,50,videoFrameBrianna.png,0,2,2,3,0,11,11,5,,,,,0,2,0.767495112,,,,,,,17,1,2019_Jul_26_1209,FaceNameControl_Picture&Audio,3.0.4,85.04681328,
28,FacesBlock2.xlsx,Brittany.mp4,Brittany.JPG,Brittany,17,videoFrameBrittany.png,0,0,0,1,,,,,0,12,12,2,,,,brittany,"['b', 'r', 'i', 't', 't', 'a', 'n', 'y']",3,"[3.7539958269917406, 4.059765812009573, 4.636388035025448, 5.035817000025418, 6.023923922039103, 6.612230008991901, 7.152809897030238, 7.470341134991031]",[3.75399,3.75399,17,1,2019_Jul_26_1209,FaceNameControl_Picture&Audio,3.0.4,85.04681328,
5,FacesBlock2.xlsx,Brittany.mp4,Brittany.JPG,Brittany,17,videoFrameBrittany.png,0,0,0,1,0,4,4,2,,,,,1,2,0.426693671,,,,,,,17,1,2019_Jul_26_1209,FaceNameControl_Picture&Audio,3.0.4,85.04681328,
62,FacesBlock4.xlsx,Caleb.mp4,Caleb.JPG,Caleb,51,videoFrameCaleb.png,0,2,2,3,0,1,1,6,,,,,0,1,1.435098601,,,,,,,17,1,2019_Jul_26_1209,FaceNameControl_Picture&Audio,3.0.4,85.04681328,
80,FacesBlock4.xlsx,Caleb.mp4,Caleb.JPG,Caleb,51,videoFrameCaleb.png,0,2,2,3,,,,,0,4,4,6,,,,,None,1,,,,17,1,2019_Jul_26_1209,FaceNameControl_Picture&Audio,3.0.4,85.04681328,
9,FacesBlock2.xlsx,Cody.mp4,Cody.JPG,Cody,18,videoFrameCody.png,0,0,0,1,0,8,8,3,,,,,0,1,0.285636965,,,,,,,17,1,2019_Jul_26_1209,FaceNameControl_Picture&Audio,3.0.4,85.04681328,
24,FacesBlock2.xlsx,Cody.mp4,Cody.JPG,Cody,18,videoFrameCody.png,0,0,0,1,,,,,0,8,8,3,,,,,None,1,,,,17,1,2019_Jul_26_1209,FaceNameControl_Picture&Audio,3.0.4,85.04681328,
94,FacesBlock3.xlsx,Courtney.mp4,Courtney.JPG,Courtney,30,videoFrameCourtney.png,0,3,3,2,0,3,3,0,,,,,1,2,0.356024198,,,,,,,17,1,2019_Jul_26_1209,FaceNameControl_Picture&Audio,3.0.4,85.04681328,
114,FacesBlock3.xlsx,Courtney.mp4,Courtney.JPG,Courtney,30,videoFrameCourtney.png,0,3,3,2,,,,,0,8,8,0,,,,courtney,"['c', 'o', 'u', 'r', 't', 'n', 'e', 'y']",2,"[3.94255327002611, 4.224084743997082, 4.47087660303805, 4.670674710010644, 5.612180881027598, 5.788822552014608, 5.988827704044525, 6.188289944024291]",[3.94255,3.94255,17,1,2019_Jul_26_1209,FaceNameControl_Picture&Audio,3.0.4,85.04681328,
95,FacesBlock3.xlsx,Daniel.mp4,Daniel.JPG,Daniel,31,videoFrameDaniel.png,0,3,3,2,0,4,4,1,,,,,1,1,1.015079385,,,,,,,17,1,2019_Jul_26_1209,FaceNameControl_Picture&Audio,3.0.4,85.04681328,
112,FacesBlock3.xlsx,Daniel.mp4,Daniel.JPG,Daniel,31,videoFrameDaniel.png,0,3,3,2,,,,,0,6,6,1,,,,daniel,"['d', 'a', 'n', 'i', 'e', 'l']",4,"[1.3296127819921821, 2.001597655005753, 2.519324916007463, 2.7656278900103644, 2.9192523719975725, 3.166240961989388]",[1.32961,1.32961,17,1,2019_Jul_26_1209,FaceNameControl_Picture&Audio,3.0.4,85.04681328,
37,FacesBlock1.xlsx,Danielle.mp4,Danielle.JPG,Danielle,3,videoFrameDanielle.png,0,1,1,0,0,6,6,3,,,,,1,2,0.318019968,,,,,,,17,1,2019_Jul_26_1209,FaceNameControl_Picture&Audio,3.0.4,85.04681328,
59,FacesBlock1.xlsx,Danielle.mp4,Danielle.JPG,Danielle,3,videoFrameDanielle.png,0,1,1,0,,,,,0,13,13,3,,,,,None,1,,,,17,1,2019_Jul_26_1209,FaceNameControl_Picture&Audio,3.0.4,85.04681328,
22,FacesBlock2.xlsx,David.mp4,David.JPG,David,19,videoFrameDavid.png,0,0,0,1,,,,,0,6,6,4,,,,,None,1,,,,17,1,2019_Jul_26_1209,FaceNameControl_Picture&Audio,3.0.4,85.04681328,
7,FacesBlock2.xlsx,David.mp4,David.JPG,David,19,videoFrameDavid.png,0,0,0,1,0,6,6,4,,,,,0,1,0.332464075,,,,,,,17,1,2019_Jul_26_1209,FaceNameControl_Picture&Audio,3.0.4,85.04681328,
61,FacesBlock4.xlsx,Dylan.mp4,Dylan.JPG,Dylan,52,videoFrameDylan.png,0,2,2,3,0,0,0,7,,,,,0,1,1.638235106,,,,,,,17,1,2019_Jul_26_1209,FaceNameControl_Picture&Audio,3.0.4,85.04681328,
77,FacesBlock4.xlsx,Dylan.mp4,Dylan.JPG,Dylan,52,videoFrameDylan.png,0,2,2,3,,,,,0,1,1,7,,,,,None,1,,,,17,1,2019_Jul_26_1209,FaceNameControl_Picture&Audio,3.0.4,85.04681328,
86,FacesBlock4.xlsx,Emily.mp4,Emily.JPG,Emily,53,videoFrameEmily.png,0,2,2,3,,,,,0,10,10,8,,,,,None,1,,,,17,1,2019_Jul_26_1209,FaceNameControl_Picture&Audio,3.0.4,85.04681328,
69,FacesBlock4.xlsx,Emily.mp4,Emily.JPG,Emily,53,videoFrameEmily.png,0,2,2,3,0,8,8,8,,,,,1,2,0.908268468,,,,,,,17,1,2019_Jul_26_1209,FaceNameControl_Picture&Audio,3.0.4,85.04681328,
41,FacesBlock1.xlsx,Eric.mp4,Eric.JPG,Eric,4,videoFrameEric.png,0,1,1,0,0,10,10,4,,,,,1,1,0.744129569,,,,,,,17,1,2019_Jul_26_1209,FaceNameControl_Picture&Audio,3.0.4,85.04681328,
49,FacesBlock1.xlsx,Eric.mp4,Eric.JPG,Eric,4,videoFrameEric.png,0,1,1,0,,,,,0,3,3,4,,,,brad,"['b', 'r', 'a', 'd']",1,"[2.3655979040195234, 2.5654373060096987, 2.953567482996732, 3.435492944030557]",[2.36559,2.36559,17,1,2019_Jul_26_1209,FaceNameControl_Picture&Audio,3.0.4,85.04681328,
34,FacesBlock1.xlsx,Ethan.mp4,Ethan.JPG,Ethan,5,videoFrameEthan.png,0,1,1,0,0,3,3,5,,,,,1,1,0.788272468,,,,,,,17,1,2019_Jul_26_1209,FaceNameControl_Picture&Audio,3.0.4,85.04681328,
47,FacesBlock1.xlsx,Ethan.mp4,Ethan.JPG,Ethan,5,videoFrameEthan.png,0,1,1,0,,,,,0,1,1,5,,,,,None,1,,,,17,1,2019_Jul_26_1209,FaceNameControl_Picture&Audio,3.0.4,85.04681328,
75,FacesBlock4.xlsx,Grace.mp4,Grace.JPG,Grace,54,videoFrameGrace.png,0,2,2,3,0,14,14,9,,,,,1,2,0.872512519,,,,,,,17,1,2019_Jul_26_1209,FaceNameControl_Picture&Audio,3.0.4,85.04681328,
79,FacesBlock4.xlsx,Grace.mp4,Grace.JPG,Grace,54,videoFrameGrace.png,0,2,2,3,,,,,0,3,3,9,,,,,None,1,,,,17,1,2019_Jul_26_1209,FaceNameControl_Picture&Audio,3.0.4,85.04681328,
18,FacesBlock2.xlsx,Haley.mp4,Haley.JPG,Haley,20,videoFrameHaley.png,0,0,0,1,,,,,0,2,2,5,,,,hale,"['h', 'backspace', 'h', 'capslock', 'backspace', 'h', 'backspace', 'h', 'a', 'l', 'e']",2,"[3.095949308015406, 4.200605054036714, 4.766159331018571, 5.095348240050953, 5.50642378302291, 6.506872471014503, 7.588265222031623, 8.776306037034374, 8.929285209043883, 9.670173239021096, 9.903492112003732]",[3.09594,3.09594,17,1,2019_Jul_26_1209,FaceNameControl_Picture&Audio,3.0.4,85.04681328,
10,FacesBlock2.xlsx,Haley.mp4,Haley.JPG,Haley,20,videoFrameHaley.png,0,0,0,1,0,9,9,5,,,,,1,2,0.238506086,,,,,,,17,1,2019_Jul_26_1209,FaceNameControl_Picture&Audio,3.0.4,85.04681328,
33,FacesBlock1.xlsx,Hannah.mp4,Hannah.JPG,Hannah,6,videoFrameHannah.png,0,1,1,0,0,2,2,6,,,,,1,2,1.564313858,,,,,,,17,1,2019_Jul_26_1209,FaceNameControl_Picture&Audio,3.0.4,85.04681328,
50,FacesBlock1.xlsx,Hannah.mp4,Hannah.JPG,Hannah,6,videoFrameHannah.png,0,1,1,0,,,,,0,4,4,6,,,,natalie,"['n', 'a', 't', 'a', 'l', 'i', 'e', 'e', 'backspace']",1,"[1.8605675879516639, 2.0602430449798703, 2.8137654549791478, 3.4011512529687025, 3.646778573980555, 3.989852353988681, 4.8364879509899765, 5.012933881953359, 5.883017128973734]",[1.86056,1.86056,17,1,2019_Jul_26_1209,FaceNameControl_Picture&Audio,3.0.4,85.04681328,
21,FacesBlock2.xlsx,Heather.mp4,Heather.JPG,Heather,21,videoFrameHeather.png,0,0,0,1,,,,,0,5,5,6,,,,,None,1,,,,17,1,2019_Jul_26_1209,FaceNameControl_Picture&Audio,3.0.4,85.04681328,
1,FacesBlock2.xlsx,Heather.mp4,Heather.JPG,Heather,21,videoFrameHeather.png,0,0,0,1,0,0,0,6,,,,,1,2,1.485356975,,,,,,,17,1,2019_Jul_26_1209,FaceNameControl_Picture&Audio,3.0.4,85.04681328,
101,FacesBlock3.xlsx,Jacob.mp4,Jacob.JPG,Jacob,32,videoFrameJacob.png,0,3,3,2,0,10,10,2,,,,,1,1,0.274038463,,,,,,,17,1,2019_Jul_26_1209,FaceNameControl_Picture&Audio,3.0.4,85.04681328,
120,FacesBlock3.xlsx,Jacob.mp4,Jacob.JPG,Jacob,32,videoFrameJacob.png,0,3,3,2,,,,,0,14,14,2,,,,,None,1,,,,17,1,2019_Jul_26_1209,FaceNameControl_Picture&Audio,3.0.4,85.04681328,
70,FacesBlock4.xlsx,Jason.mp4,Jason.JPG,Jason,55,videoFrameJason.png,0,2,2,3,0,9,9,10,,,,,1,1,0.2619378,,,,,,,17,1,2019_Jul_26_1209,FaceNameControl_Picture&Audio,3.0.4,85.04681328,
89,FacesBlock4.xlsx,Jason.mp4,Jason.JPG,Jason,55,videoFrameJason.png,0,2,2,3,,,,,0,13,13,10,,,,caleb,"['c', 'a', 'l', 'e', 'b']",1,"[2.013544577988796, 2.6360318969818763, 3.3303642309620045, 3.482947186974343, 3.883499199000653]",[2.01354,2.01354,17,1,2019_Jul_26_1209,FaceNameControl_Picture&Audio,3.0.4,85.04681328,
54,FacesBlock1.xlsx,Jenna.mp4,Jenna.JPG,Jenna,7,videoFrameJenna.png,0,1,1,0,,,,,0,8,8,7,,,, ,['space'],1,[4.2835462290095165],[4.28354,4.28354,17,1,2019_Jul_26_1209,FaceNameControl_Picture&Audio,3.0.4,85.04681328,
32,FacesBlock1.xlsx,Jenna.mp4,Jenna.JPG,Jenna,7,videoFrameJenna.png,0,1,1,0,0,1,1,7,,,,,1,2,0.602820635,,,,,,,17,1,2019_Jul_26_1209,FaceNameControl_Picture&Audio,3.0.4,85.04681328,
23,FacesBlock2.xlsx,Jeremy.mp4,Jeremy.JPG,Jeremy,22,videoFrameJeremy.png,0,0,0,1,,,,,0,7,7,7,,,,,None,1,,,,17,1,2019_Jul_26_1209,FaceNameControl_Picture&Audio,3.0.4,85.04681328,
11,FacesBlock2.xlsx,Jeremy.mp4,Jeremy.JPG,Jeremy,22,videoFrameJeremy.png,0,0,0,1,0,10,10,7,,,,,1,1,0.332514948,,,,,,,17,1,2019_Jul_26_1209,FaceNameControl_Picture&Audio,3.0.4,85.04681328,
56,FacesBlock1.xlsx,Jessica.mp4,Jessica.JPG,Jessica,8,videoFrameJessica.png,0,1,1,0,,,,,0,10,10,8,,,,emily,"['m', 'i', 'backspace', 'backspace', 'backspace', 'e', 'm', 'i', 'l', 'y']",1,"[4.482333498017397, 4.822869687981438, 5.410805377992801, 5.526736002997495, 5.692881785973441, 6.234220250975341, 6.457131962990388, 6.669670024013612, 7.551527724019252, 7.8454319660086185]",[4.48233,4.48233,17,1,2019_Jul_26_1209,FaceNameControl_Picture&Audio,3.0.4,85.04681328,
39,FacesBlock1.xlsx,Jessica.mp4,Jessica.JPG,Jessica,8,videoFrameJessica.png,0,1,1,0,0,8,8,8,,,,,0,2,0.756364158,,,,,,,17,1,2019_Jul_26_1209,FaceNameControl_Picture&Audio,3.0.4,85.04681328,
16,FacesBlock2.xlsx,Josh.mp4,Josh.JPG,Josh,23,videoFrameJosh.png,0,0,0,1,,,,,0,0,0,8,,,,,None,1,,,,17,1,2019_Jul_26_1209,FaceNameControl_Picture&Audio,3.0.4,85.04681328,
13,FacesBlock2.xlsx,Josh.mp4,Josh.JPG,Josh,23,videoFrameJosh.png,0,0,0,1,0,12,12,8,,,,,0,1,0.355955889,,,,,,,17,1,2019_Jul_26_1209,FaceNameControl_Picture&Audio,3.0.4,85.04681328,
48,FacesBlock1.xlsx,Julia.mp4,Julia.JPG,Julia,9,videoFrameJulia.png,0,1,1,0,,,,,0,2,2,9,,,,julia,"['j', 'u', 'l', 'i', 'a']",4,"[1.3178025420056656, 1.5655902809812687, 2.1183904969948344, 2.541590870998334, 2.7645872149732895]",[1.31780,1.31780,17,1,2019_Jul_26_1209,FaceNameControl_Picture&Audio,3.0.4,85.04681328,
45,FacesBlock1.xlsx,Julia.mp4,Julia.JPG,Julia,9,videoFrameJulia.png,0,1,1,0,0,14,14,9,,,,,0,2,3.461254948,,,,,,,17,1,2019_Jul_26_1209,FaceNameControl_Picture&Audio,3.0.4,85.04681328,
29,FacesBlock2.xlsx,Justin.mp4,Justin.JPG,Justin,24,videoFrameJustin.png,0,0,0,1,,,,,0,13,13,9,,,,trevor,"['t', 'r', 'e', 'v', 'o', 'r']",2,"[2.6604439149959944, 3.0956004360341467, 3.4245439340011217, 4.248127003025729, 5.10624838800868, 5.741726593987551]",[2.66044,2.66044,17,1,2019_Jul_26_1209,FaceNameControl_Picture&Audio,3.0.4,85.04681328,
15,FacesBlock2.xlsx,Justin.mp4,Justin.JPG,Justin,24,videoFrameJustin.png,0,0,0,1,0,14,14,9,,,,,1,1,0.285440262,,,,,,,17,1,2019_Jul_26_1209,FaceNameControl_Picture&Audio,3.0.4,85.04681328,
74,FacesBlock4.xlsx,Katie.mp4,Katie.JPG,Katie,56,videoFrameKatie.png,0,2,2,3,0,13,13,11,,,,,0,2,0.988431231,,,,,,,17,1,2019_Jul_26_1209,FaceNameControl_Picture&Audio,3.0.4,85.04681328,
84,FacesBlock4.xlsx,Katie.mp4,Katie.JPG,Katie,56,videoFrameKatie.png,0,2,2,3,,,,,0,8,8,11,,,,michele,"['m', 'i', 'c', 'h', 'e', 'l', 'e']",1,"[4.918466984003317, 5.493933097983245, 5.647627589001786, 5.871286331966985, 6.021841589012183, 6.259120203962084, 6.365036053000949]",[4.91846,4.91846,17,1,2019_Jul_26_1209,FaceNameControl_Picture&Audio,3.0.4,85.04681328,
119,FacesBlock3.xlsx,Kayla.mp4,Kayla.JPG,Kayla,33,videoFrameKayla.png,0,3,3,2,,,,,0,13,13,3,,,,,None,1,,,,17,1,2019_Jul_26_1209,FaceNameControl_Picture&Audio,3.0.4,85.04681328,
92,FacesBlock3.xlsx,Kayla.mp4,Kayla.JPG,Kayla,33,videoFrameKayla.png,0,3,3,2,0,1,1,3,,,,,0,2,0.83772394,,,,,,,17,1,2019_Jul_26_1209,FaceNameControl_Picture&Audio,3.0.4,85.04681328,
58,FacesBlock1.xlsx,Kelsey.mp4,Kelsey.JPG,Kelsey,10,videoFrameKelsey.png,0,1,1,0,,,,,0,12,12,10,,,,,None,1,,,,17,1,2019_Jul_26_1209,FaceNameControl_Picture&Audio,3.0.4,85.04681328,
44,FacesBlock1.xlsx,Kelsey.mp4,Kelsey.JPG,Kelsey,10,videoFrameKelsey.png,0,1,1,0,0,13,13,10,,,,,1,2,0.156182752,,,,,,,17,1,2019_Jul_26_1209,FaceNameControl_Picture&Audio,3.0.4,85.04681328,
116,FacesBlock3.xlsx,Kevin.mp4,Kevin.JPG,Kevin,34,videoFrameKevin.png,0,3,3,2,,,,,0,10,10,4,,,,,None,1,,,,17,1,2019_Jul_26_1209,FaceNameControl_Picture&Audio,3.0.4,85.04681328,
96,FacesBlock3.xlsx,Kevin.mp4,Kevin.JPG,Kevin,34,videoFrameKevin.png,0,3,3,2,0,5,5,4,,,,,1,1,0.967355052,,,,,,,17,1,2019_Jul_26_1209,FaceNameControl_Picture&Audio,3.0.4,85.04681328,
53,FacesBlock1.xlsx,Kyle.mp4,Kyle.JPG,Kyle,11,videoFrameKyle.png,0,1,1,0,,,,,0,7,7,11,,,,,None,1,,,,17,1,2019_Jul_26_1209,FaceNameControl_Picture&Audio,3.0.4,85.04681328,
36,FacesBlock1.xlsx,Kyle.mp4,Kyle.JPG,Kyle,11,videoFrameKyle.png,0,1,1,0,0,5,5,11,,,,,0,1,2.155539785,,,,,,,17,1,2019_Jul_26_1209,FaceNameControl_Picture&Audio,3.0.4,85.04681328,
103,FacesBlock3.xlsx,Lauren.mp4,Lauren.JPG,Lauren,35,videoFrameLauren.png,0,3,3,2,0,12,12,5,,,,,0,2,0.343861907,,,,,,,17,1,2019_Jul_26_1209,FaceNameControl_Picture&Audio,3.0.4,85.04681328,
111,FacesBlock3.xlsx,Lauren.mp4,Lauren.JPG,Lauren,35,videoFrameLauren.png,0,3,3,2,,,,,0,5,5,5,,,,,None,1,,,,17,1,2019_Jul_26_1209,FaceNameControl_Picture&Audio,3.0.4,85.04681328,
117,FacesBlock3.xlsx,Mark.mp4,Mark.JPG,Mark,36,videoFrameMark.png,0,3,3,2,,,,,0,11,11,6,,,,,None,1,,,,17,1,2019_Jul_26_1209,FaceNameControl_Picture&Audio,3.0.4,85.04681328,
97,FacesBlock3.xlsx,Mark.mp4,Mark.JPG,Mark,36,videoFrameMark.png,0,3,3,2,0,6,6,6,,,,,1,1,0.344519465,,,,,,,17,1,2019_Jul_26_1209,FaceNameControl_Picture&Audio,3.0.4,85.04681328,
42,FacesBlock1.xlsx,Matthew.mp4,Matthew.JPG,Matthew,12,videoFrameMatthew.png,0,1,1,0,0,11,11,12,,,,,0,1,1.50820662,,,,,,,17,1,2019_Jul_26_1209,FaceNameControl_Picture&Audio,3.0.4,85.04681328,
46,FacesBlock1.xlsx,Matthew.mp4,Matthew.JPG,Matthew,12,videoFrameMatthew.png,0,1,1,0,,,,,0,0,0,12,,,,ethan,"['e', 't', 'h', 'a', 'n']",2,"[2.542716854950413, 2.8008185909711756, 3.0829909809981473, 3.765624913969077, 3.9538070549606346]",[2.54271,2.54271,17,1,2019_Jul_26_1209,FaceNameControl_Picture&Audio,3.0.4,85.04681328,
14,FacesBlock2.xlsx,Megan.mp4,Megan.JPG,Megan,25,videoFrameMegan.png,0,0,0,1,0,13,13,10,,,,,1,2,0.496204503,,,,,,,17,1,2019_Jul_26_1209,FaceNameControl_Picture&Audio,3.0.4,85.04681328,
26,FacesBlock2.xlsx,Megan.mp4,Megan.JPG,Megan,25,videoFrameMegan.png,0,0,0,1,,,,,0,10,10,10,,,,brittany,"['b', 'r', 'i', 't', 't', 'a', 'n', 'y']",3,"[1.9896594389574602, 2.260506158985663, 2.578430928988382, 2.8936552189989015, 3.024253029958345, 4.01252080994891, 4.542110350972507, 5.14174687495688]",[1.98965,1.98965,17,1,2019_Jul_26_1209,FaceNameControl_Picture&Audio,3.0.4,85.04681328,
83,FacesBlock4.xlsx,Michael.mp4,Michael.JPG,Michael,57,videoFrameMichael.png,0,2,2,3,,,,,0,7,7,12,,,,,None,1,,,,17,1,2019_Jul_26_1209,FaceNameControl_Picture&Audio,3.0.4,85.04681328,
71,FacesBlock4.xlsx,Michael.mp4,Michael.JPG,Michael,57,videoFrameMichael.png,0,2,2,3,0,10,10,12,,,,,0,1,0.635922475,,,,,,,17,1,2019_Jul_26_1209,FaceNameControl_Picture&Audio,3.0.4,85.04681328,
63,FacesBlock4.xlsx,Michelle.mp4,Michelle.JPG,Michelle,58,videoFrameMichelle.png,0,2,2,3,0,2,2,13,,,,,0,2,0.294510397,,,,,,,17,1,2019_Jul_26_1209,FaceNameControl_Picture&Audio,3.0.4,85.04681328,
78,FacesBlock4.xlsx,Michelle.mp4,Michelle.JPG,Michelle,58,videoFrameMichelle.png,0,2,2,3,,,,,0,2,2,13,,,,,None,1,,,,17,1,2019_Jul_26_1209,FaceNameControl_Picture&Audio,3.0.4,85.04681328,
40,FacesBlock1.xlsx,Natalie.mp4,Natalie.JPG,Natalie,13,videoFrameNatalie.png,0,1,1,0,0,9,9,13,,,,,1,2,1.178938772,,,,,,,17,1,2019_Jul_26_1209,FaceNameControl_Picture&Audio,3.0.4,85.04681328,
52,FacesBlock1.xlsx,Natalie.mp4,Natalie.JPG,Natalie,13,videoFrameNatalie.png,0,1,1,0,,,,,0,6,6,13,,,,hanah,"['h', 'a', 'n', 'a', 'h']",2,"[2.7542844400159083, 3.6105808290303685, 3.77771437400952, 3.9070258370484225, 4.235755553003401]",[2.75428,2.75428,17,1,2019_Jul_26_1209,FaceNameControl_Picture&Audio,3.0.4,85.04681328,
106,FacesBlock3.xlsx,Nathan.mp4,Nathan.JPG,Nathan,37,videoFrameNathan.png,0,3,3,2,,,,,0,0,0,7,,,,nathan,"['n', 'a', 't', 'h', 'a', 'n']",4,"[1.3201063469750807, 1.483939110999927, 1.7306343140080571, 1.8966625420143828, 2.7197584959794767, 2.9293924829689786]",[1.32010,1.32010,17,1,2019_Jul_26_1209,FaceNameControl_Picture&Audio,3.0.4,85.04681328,
91,FacesBlock3.xlsx,Nathan.mp4,Nathan.JPG,Nathan,37,videoFrameNathan.png,0,3,3,2,0,0,0,7,,,,,1,1,1.768447839,,,,,,,17,1,2019_Jul_26_1209,FaceNameControl_Picture&Audio,3.0.4,85.04681328,
113,FacesBlock3.xlsx,Nicole.mp4,Nicole.JPG,Nicole,38,videoFrameNicole.png,0,3,3,2,,,,,0,7,7,8,,,,courtney,"['c', 'o', 'u', 'r', 't', 'n', 'e', 'y']",2,"[2.8831973479827866, 3.107407149975188, 3.3894096849835478, 3.7537392849917524, 3.9776300989906304, 4.128789853944909, 4.271274678001646, 4.518628278980032]",[2.88319,2.88319,17,1,2019_Jul_26_1209,FaceNameControl_Picture&Audio,3.0.4,85.04681328,
104,FacesBlock3.xlsx,Nicole.mp4,Nicole.JPG,Nicole,38,videoFrameNicole.png,0,3,3,2,0,13,13,8,,,,,0,2,0.68554728,,,,,,,17,1,2019_Jul_26_1209,FaceNameControl_Picture&Audio,3.0.4,85.04681328,
99,FacesBlock3.xlsx,Noah.mp4,Noah.JPG,Noah,39,videoFrameNoah.png,0,3,3,2,0,8,8,9,,,,,0,1,0.78848629,,,,,,,17,1,2019_Jul_26_1209,FaceNameControl_Picture&Audio,3.0.4,85.04681328,
115,FacesBlock3.xlsx,Noah.mp4,Noah.JPG,Noah,39,videoFrameNoah.png,0,3,3,2,,,,,0,9,9,9,,,,,None,1,,,,17,1,2019_Jul_26_1209,FaceNameControl_Picture&Audio,3.0.4,85.04681328,
118,FacesBlock3.xlsx,Olivia.mp4,Olivia.JPG,Olivia,40,videoFrameOlivia.png,0,3,3,2,,,,,0,12,12,10,,,,,None,1,,,,17,1,2019_Jul_26_1209,FaceNameControl_Picture&Audio,3.0.4,85.04681328,
93,FacesBlock3.xlsx,Olivia.mp4,Olivia.JPG,Olivia,40,videoFrameOlivia.png,0,3,3,2,0,2,2,10,,,,,0,2,1.826641495,,,,,,,17,1,2019_Jul_26_1209,FaceNameControl_Picture&Audio,3.0.4,85.04681328,
6,FacesBlock2.xlsx,Rachel.mp4,Rachel.JPG,Rachel,26,videoFrameRachel.png,0,0,0,1,0,5,5,11,,,,,0,2,0.27374816,,,,,,,17,1,2019_Jul_26_1209,FaceNameControl_Picture&Audio,3.0.4,85.04681328,
25,FacesBlock2.xlsx,Rachel.mp4,Rachel.JPG,Rachel,26,videoFrameRachel.png,0,0,0,1,,,,,0,9,9,11,,,,,None,1,,,,17,1,2019_Jul_26_1209,FaceNameControl_Picture&Audio,3.0.4,85.04681328,
108,FacesBlock3.xlsx,Rebecca.mp4,Rebecca.JPG,Rebecca,41,videoFrameRebecca.png,0,3,3,2,,,,,0,2,2,11,,,,,None,1,,,,17,1,2019_Jul_26_1209,FaceNameControl_Picture&Audio,3.0.4,85.04681328,
98,FacesBlock3.xlsx,Rebecca.mp4,Rebecca.JPG,Rebecca,41,videoFrameRebecca.png,0,3,3,2,0,7,7,11,,,,,0,2,0.28498035,,,,,,,17,1,2019_Jul_26_1209,FaceNameControl_Picture&Audio,3.0.4,85.04681328,
105,FacesBlock3.xlsx,Sarah.mp4,Sarah.JPG,Sarah,42,videoFrameSarah.png,0,3,3,2,0,14,14,12,,,,,0,2,0.744111262,,,,,,,17,1,2019_Jul_26_1209,FaceNameControl_Picture&Audio,3.0.4,85.04681328,
109,FacesBlock3.xlsx,Sarah.mp4,Sarah.JPG,Sarah,42,videoFrameSarah.png,0,3,3,2,,,,,0,3,3,12,,,,,None,1,,,,17,1,2019_Jul_26_1209,FaceNameControl_Picture&Audio,3.0.4,85.04681328,
110,FacesBlock3.xlsx,Shelby.mp4,Shelby.JPG,Shelby,43,videoFrameShelby.png,0,3,3,2,,,,,0,4,4,13,,,,,None,1,,,,17,1,2019_Jul_26_1209,FaceNameControl_Picture&Audio,3.0.4,85.04681328,
102,FacesBlock3.xlsx,Shelby.mp4,Shelby.JPG,Shelby,43,videoFrameShelby.png,0,3,3,2,0,11,11,13,,,,,1,2,0.36771914,,,,,,,17,1,2019_Jul_26_1209,FaceNameControl_Picture&Audio,3.0.4,85.04681328,
30,FacesBlock2.xlsx,Steven.mp4,Steven.JPG,Steven,27,videoFrameSteven.png,0,0,0,1,,,,,0,14,14,12,,,,,None,1,,,,17,1,2019_Jul_26_1209,FaceNameControl_Picture&Audio,3.0.4,85.04681328,
3,FacesBlock2.xlsx,Steven.mp4,Steven.JPG,Steven,27,videoFrameSteven.png,0,0,0,1,0,2,2,12,,,,,0,1,0.367932215,,,,,,,17,1,2019_Jul_26_1209,FaceNameControl_Picture&Audio,3.0.4,85.04681328,
67,FacesBlock4.xlsx,Taylor.mp4,Taylor.JPG,Taylor,59,videoFrameTaylor.png,0,2,2,3,0,6,6,14,,,,,1,1,0.968284004,,,,,,,17,1,2019_Jul_26_1209,FaceNameControl_Picture&Audio,3.0.4,85.04681328,
88,FacesBlock4.xlsx,Taylor.mp4,Taylor.JPG,Taylor,59,videoFrameTaylor.png,0,2,2,3,,,,,0,12,12,14,,,,taylor,"['t', 'a', 'y', 'l', 'o', 'r']",4,"[1.3774295060429722, 1.5185813920106739, 1.6709968430222943, 2.4596593680325896, 2.741649019997567, 3.0363926379941404]",[1.37742,1.37742,17,1,2019_Jul_26_1209,FaceNameControl_Picture&Audio,3.0.4,85.04681328,
107,FacesBlock3.xlsx,Thomas.mp4,Thomas.JPG,Thomas,44,videoFrameThomas.png,0,3,3,2,,,,,0,1,1,14,,,,,None,1,,,,17,1,2019_Jul_26_1209,FaceNameControl_Picture&Audio,3.0.4,85.04681328,
100,FacesBlock3.xlsx,Thomas.mp4,Thomas.JPG,Thomas,44,videoFrameThomas.png,0,3,3,2,0,9,9,14,,,,,1,1,0.331860294,,,,,,,17,1,2019_Jul_26_1209,FaceNameControl_Picture&Audio,3.0.4,85.04681328,
60,FacesBlock1.xlsx,Timothy.mp4,Timothy.JPG,Timothy,14,videoFrameTimothy.png,0,1,1,0,,,,,0,14,14,14,,,,,None,1,,,,17,1,2019_Jul_26_1209,FaceNameControl_Picture&Audio,3.0.4,85.04681328,
35,FacesBlock1.xlsx,Timothy.mp4,Timothy.JPG,Timothy,14,videoFrameTimothy.png,0,1,1,0,0,4,4,14,,,,,1,1,0.967727149,,,,,,,17,1,2019_Jul_26_1209,FaceNameControl_Picture&Audio,3.0.4,85.04681328,
27,FacesBlock2.xlsx,Trevor.mp4,Trevor.JPG,Trevor,28,videoFrameTrevor.png,0,0,0,1,,,,,0,11,11,13,,,,,None,1,,,,17,1,2019_Jul_26_1209,FaceNameControl_Picture&Audio,3.0.4,85.04681328,
8,FacesBlock2.xlsx,Trevor.mp4,Trevor.JPG,Trevor,28,videoFrameTrevor.png,0,0,0,1,0,7,7,13,,,,,0,1,1.073522455,,,,,,,17,1,2019_Jul_26_1209,FaceNameControl_Picture&Audio,3.0.4,85.04681328,
12,FacesBlock2.xlsx,Tyler.mp4,Tyler.JPG,Tyler,29,videoFrameTyler.png,0,0,0,1,0,11,11,14,,,,,1,1,0.214807883,,,,,,,17,1,2019_Jul_26_1209,FaceNameControl_Picture&Audio,3.0.4,85.04681328,
17,FacesBlock2.xlsx,Tyler.mp4,Tyler.JPG,Tyler,29,videoFrameTyler.png,0,0,0,1,,,,,0,1,1,14,,,,,None,1,,,,17,1,2019_Jul_26_1209,FaceNameControl_Picture&Audio,3.0.4,85.04681328,
0,,,,,,,,,,,,,,,,,,,,,,,,,,,,17,1,2019_Jul_26_1209,FaceNameControl_Picture&Audio,3.0.4,85.04681328,
121,,,,,,,,,,,,,,,,,,,,,,,,,,,,17,1,2019_Jul_26_1209,FaceNameControl_Picture&Audio,3.0.4,85.04681328,