,condsFile,Video,Photo,Name,Row,videoFrame,blocks.thisRepN,blocks.thisTrialN,blocks.thisN,blocks.thisIndex,presentations.thisRepN,presentations.thisTrialN,presentations.thisN,presentations.thisIndex,testing.thisRepN,testing.thisTrialN,testing.thisN,testing.thisIndex,currentCond,judgementResp.keys,judgementResp.rt,inputText,key_resp_3.keys,key_resp_3.rt,,key_resp3_fin,rating_resp.keys,participant,session,date,expName,psychopyVersion,frameRate,Unnamed: 31
100,FacesBlock2.xlsx,Aaron.mp4,Aaron.JPG,Aaron,15,videoFrameAaron.png,0,3,3,1,0,9,9,0,,,,,0,1,0.436057663,,,,,,,1,1,2019_May_31_1003,FaceNameControl_Picture&Audio,3.0.4,59.90499283,
106,FacesBlock2.xlsx,Aaron.mp4,Aaron.JPG,Aaron,15,videoFrameAaron.png,0,3,3,1,,,,,0,0,0,0,,,,justin,"['j', 'u', 's', 't', 'i', 'n']","[4.083911161869764, 4.668042761739343, 4.884305949788541, 5.3673011576756835, 5.967261152807623, 6.099797578062862]",[4.08391,4.08391,2,1,1,2019_May_31_1003,FaceNameControl_Picture&Audio,3.0.4,59.90499283,
27,FacesBlock1.xlsx,Adam.mp4,Adam.JPG,Adam,0,videoFrameAdam.png,0,0,0,0,,,,,0,11,11,0,,,,mathew,"['m', 'a', 't', 'h', 'e', 'w']","[2.900351582095027, 3.0677253608591855, 3.467441416811198, 3.7338476981967688, 4.217503706924617, 4.40020522614941]",[2.90035,2.90035,1,1,1,2019_May_31_1003,FaceNameControl_Picture&Audio,3.0.4,59.90499283,
15,FacesBlock1.xlsx,Adam.mp4,Adam.JPG,Adam,0,videoFrameAdam.png,0,0,0,0,0,14,14,0,,,,,1,1,0.236393712,,,,,,,1,1,2019_May_31_1003,FaceNameControl_Picture&Audio,3.0.4,59.90499283,
36,FacesBlock4.xlsx,Alyssa.mp4,Alyssa.JPG,Alyssa,45,videoFrameAlyssa.png,0,1,1,3,0,5,5,0,,,,,0,2,0.419585516,,,,,,,1,1,2019_May_31_1003,FaceNameControl_Picture&Audio,3.0.4,59.90499283,
51,FacesBlock4.xlsx,Alyssa.mp4,Alyssa.JPG,Alyssa,45,videoFrameAlyssa.png,0,1,1,3,,,,,0,5,5,0,,,,taylor,"['t', 'a', 'y', 'l', 'o', 'r']","[3.0342024941928685, 3.201084121130407, 3.366985362023115, 3.7672985359095037, 4.05051874788478, 4.2004712340421975]",[3.03420,3.03420,3,1,1,2019_May_31_1003,FaceNameControl_Picture&Audio,3.0.4,59.90499283,
3,FacesBlock1.xlsx,Amanda.mp4,Amanda.JPG,Amanda,1,videoFrameAmanda.png,0,0,0,0,0,2,2,1,,,,,0,2,0.420348628,,,,,,,1,1,2019_May_31_1003,FaceNameControl_Picture&Audio,3.0.4,59.90499283,
28,FacesBlock1.xlsx,Amanda.mp4,Amanda.JPG,Amanda,1,videoFrameAmanda.png,0,0,0,0,,,,,0,12,12,1,,,,,None,,,,1,1,1,2019_May_31_1003,FaceNameControl_Picture&Audio,3.0.4,59.90499283,
33,FacesBlock4.xlsx,Andrew.mp4,Andrew.JPG,Andrew,46,videoFrameAndrew.png,0,1,1,3,0,2,2,1,,,,,1,1,0.386012315,,,,,,,1,1,2019_May_31_1003,FaceNameControl_Picture&Audio,3.0.4,59.90499283,
49,FacesBlock4.xlsx,Andrew.mp4,Andrew.JPG,Andrew,46,videoFrameAndrew.png,0,1,1,3,,,,,0,3,3,1,,,,michael,"['m', 'i', 'c', 'j', 'backspace', 'equal', 'h', 'a', 'e', 'l']","[3.034813587088138, 3.2680508019402623, 3.4348499812185764, 4.251238568220288, 4.766434474848211, 5.3508406220935285, 6.26712833205238, 6.533449091017246, 7.150036268867552, 7.300037217792124]",[3.03481,3.03481,2,1,1,2019_May_31_1003,FaceNameControl_Picture&Audio,3.0.4,59.90499283,
34,FacesBlock4.xlsx,Anna.mp4,Anna.JPG,Anna,47,videoFrameAnna.png,0,1,1,3,0,3,3,2,,,,,0,2,1.136281418,,,,,,,1,1,2019_May_31_1003,FaceNameControl_Picture&Audio,3.0.4,59.90499283,
52,FacesBlock4.xlsx,Anna.mp4,Anna.JPG,Anna,47,videoFrameAnna.png,0,1,1,3,,,,,0,6,6,2,,,,,None,,,,1,1,1,2019_May_31_1003,FaceNameControl_Picture&Audio,3.0.4,59.90499283,
104,FacesBlock2.xlsx,Ashley.mp4,Ashley.JPG,Ashley,16,videoFrameAshley.png,0,3,3,1,0,13,13,1,,,,,0,2,0.686496135,,,,,,,1,1,2019_May_31_1003,FaceNameControl_Picture&Audio,3.0.4,59.90499283,
110,FacesBlock2.xlsx,Ashley.mp4,Ashley.JPG,Ashley,16,videoFrameAshley.png,0,3,3,1,,,,,0,4,4,1,,,,haley,"['h', 'a', 'l', 'e', 'y']","[4.4344822079874575, 4.617011209949851, 4.750674725044519, 5.034094274975359, 5.150403369218111]",[4.43448,4.43448,2,1,1,2019_May_31_1003,FaceNameControl_Picture&Audio,3.0.4,59.90499283,
19,FacesBlock1.xlsx,Bradley.mp4,Bradley.JPG,Bradley,2,videoFrameBradley.png,0,0,0,0,,,,,0,3,3,2,,,,mathew,"['m', 'a', 't', 'h', 'e', 'w']","[4.301209614612162, 4.551036722026765, 4.916911480017006, 5.1175304357893765, 5.3672516397200525, 5.617131003644317]",[4.30120,4.30120,2,1,1,2019_May_31_1003,FaceNameControl_Picture&Audio,3.0.4,59.90499283,
9,FacesBlock1.xlsx,Bradley.mp4,Bradley.JPG,Bradley,2,videoFrameBradley.png,0,0,0,0,0,8,8,2,,,,,0,1,0.403006478,,,,,,,1,1,2019_May_31_1003,FaceNameControl_Picture&Audio,3.0.4,59.90499283,
45,FacesBlock4.xlsx,Brandon.mp4,Brandon.JPG,Brandon,48,videoFrameBrandon.png,0,1,1,3,0,14,14,3,,,,,1,1,0.219455938,,,,,,,1,1,2019_May_31_1003,FaceNameControl_Picture&Audio,3.0.4,59.90499283,
57,FacesBlock4.xlsx,Brandon.mp4,Brandon.JPG,Brandon,48,videoFrameBrandon.png,0,1,1,3,,,,,0,11,11,3,,,,caleb,"['c', 'a', 'l', 'w', 'b', 'backspace', 'backspace', 'e', 'b']","[2.051516154780984, 2.550611844751984, 2.767823222093284, 3.0657501411624253, 3.6654945677146316, 4.566069446969777, 4.7334237061440945, 4.800077649764717, 5.31717831781134]",[2.05151,2.05151,1,1,1,2019_May_31_1003,FaceNameControl_Picture&Audio,3.0.4,59.90499283,
53,FacesBlock4.xlsx,Brian.mp4,Brian.JPG,Brian,49,videoFrameBrian.png,0,1,1,3,,,,,0,7,7,4,,,,justin,"['j', 'u', 's', 't', 'i', 'n']","[4.818214477971196, 6.016809903085232, 6.184176029171795, 6.350680309347808, 7.2337651629932225, 7.434014440048486]",[4.81821,4.81821,1,1,1,2019_May_31_1003,FaceNameControl_Picture&Audio,3.0.4,59.90499283,
39,FacesBlock4.xlsx,Brian.mp4,Brian.JPG,Brian,49,videoFrameBrian.png,0,1,1,3,0,8,8,4,,,,,1,1,0.31971911,,,,,,,1,1,2019_May_31_1003,FaceNameControl_Picture&Audio,3.0.4,59.90499283,
37,FacesBlock4.xlsx,Brianna.mp4,Brianna.JPG,Brianna,50,videoFrameBrianna.png,0,1,1,3,0,6,6,5,,,,,0,2,0.818510943,,,,,,,1,1,2019_May_31_1003,FaceNameControl_Picture&Audio,3.0.4,59.90499283,
59,FacesBlock4.xlsx,Brianna.mp4,Brianna.JPG,Brianna,50,videoFrameBrianna.png,0,1,1,3,,,,,0,13,13,5,,,,anna,"['a', 'n', 'n', 'a']","[4.682010254822671, 4.833815372548997, 5.017449309583753, 5.167187028564513]",[4.68201,4.68201,2,1,1,2019_May_31_1003,FaceNameControl_Picture&Audio,3.0.4,59.90499283,
114,FacesBlock2.xlsx,Brittany.mp4,Brittany.JPG,Brittany,17,videoFrameBrittany.png,0,3,3,1,,,,,0,8,8,2,,,,jessica,"['j', 'e', 's', 's', 'i', 'c', 'a']","[5.5507138767279685, 5.6676605199463665, 5.867063289973885, 6.049873534124345, 6.133961645886302, 6.249990693759173, 6.483622525818646]",[5.55071,5.55071,2,1,1,2019_May_31_1003,FaceNameControl_Picture&Audio,3.0.4,59.90499283,
95,FacesBlock2.xlsx,Brittany.mp4,Brittany.JPG,Brittany,17,videoFrameBrittany.png,0,3,3,1,0,4,4,2,,,,,0,2,0.386314068,,,,,,,1,1,2019_May_31_1003,FaceNameControl_Picture&Audio,3.0.4,59.90499283,
40,FacesBlock4.xlsx,Caleb.mp4,Caleb.JPG,Caleb,51,videoFrameCaleb.png,0,1,1,3,0,9,9,6,,,,,1,1,0.419108907,,,,,,,1,1,2019_May_31_1003,FaceNameControl_Picture&Audio,3.0.4,59.90499283,
50,FacesBlock4.xlsx,Caleb.mp4,Caleb.JPG,Caleb,51,videoFrameCaleb.png,0,1,1,3,,,,,0,4,4,6,,,,jason,"['j', 'a', 's', 'o', 'n', 'm', 'backspace']","[1.667740989010781, 1.834446454886347, 2.067706422880292, 2.1850163438357413, 2.45318165095523, 3.0005818735808134]",[1.66774,1.66774,3,1,1,2019_May_31_1003,FaceNameControl_Picture&Audio,3.0.4,59.90499283,
109,FacesBlock2.xlsx,Cody.mp4,Cody.JPG,Cody,18,videoFrameCody.png,0,3,3,1,,,,,0,3,3,3,,,,,None,,,,1,1,1,2019_May_31_1003,FaceNameControl_Picture&Audio,3.0.4,59.90499283,
97,FacesBlock2.xlsx,Cody.mp4,Cody.JPG,Cody,18,videoFrameCody.png,0,3,3,1,0,6,6,3,,,,,1,1,0.269580119,,,,,,,1,1,2019_May_31_1003,FaceNameControl_Picture&Audio,3.0.4,59.90499283,
88,FacesBlock3.xlsx,Courtney.mp4,Courtney.JPG,Courtney,30,videoFrameCourtney.png,0,2,2,2,,,,,0,12,12,0,,,,sophia,"['s', 'o', 'p', 'h', 'i', 'a']","[4.901028859894723, 5.167045576032251, 5.417110113892704, 6.164262400940061, 6.2663808348588645, 6.399894181638956]",[4.90102,4.90102,2,1,1,2019_May_31_1003,FaceNameControl_Picture&Audio,3.0.4,59.90499283,
72,FacesBlock3.xlsx,Courtney.mp4,Courtney.JPG,Courtney,30,videoFrameCourtney.png,0,2,2,2,0,11,11,0,,,,,1,2,0.369173598,,,,,,,1,1,2019_May_31_1003,FaceNameControl_Picture&Audio,3.0.4,59.90499283,
71,FacesBlock3.xlsx,Daniel.mp4,Daniel.JPG,Daniel,31,videoFrameDaniel.png,0,2,2,2,0,10,10,1,,,,,0,1,0.469917233,,,,,,,1,1,2019_May_31_1003,FaceNameControl_Picture&Audio,3.0.4,59.90499283,
80,FacesBlock3.xlsx,Daniel.mp4,Daniel.JPG,Daniel,31,videoFrameDaniel.png,0,2,2,2,,,,,0,4,4,1,,,,mathew,"['m', 'a', 't', 'h', 'e', 'w']","[4.6172488373704255, 4.767109822016209, 5.133630249183625, 5.283793680369854, 5.4666006132029, 5.700363281182945]",[4.61724,4.61724,2,1,1,2019_May_31_1003,FaceNameControl_Picture&Audio,3.0.4,59.90499283,
24,FacesBlock1.xlsx,Danielle.mp4,Danielle.JPG,Danielle,3,videoFrameDanielle.png,0,0,0,0,,,,,0,8,8,3,,,,emily,"['e', 'm', 'i', 'l', 'y']","[3.135306214913726, 3.4852883480489254, 3.735204297117889, 4.03536135610193, 4.201664875727147]",[3.13530,3.13530,2,1,1,2019_May_31_1003,FaceNameControl_Picture&Audio,3.0.4,59.90499283,
4,FacesBlock1.xlsx,Danielle.mp4,Danielle.JPG,Danielle,3,videoFrameDanielle.png,0,0,0,0,0,3,3,3,,,,,1,2,0.735429233,,,,,,,1,1,2019_May_31_1003,FaceNameControl_Picture&Audio,3.0.4,59.90499283,
93,FacesBlock2.xlsx,David.mp4,David.JPG,David,19,videoFrameDavid.png,0,3,3,1,0,2,2,4,,,,,0,1,0.452967657,,,,,,,1,1,2019_May_31_1003,FaceNameControl_Picture&Audio,3.0.4,59.90499283,
111,FacesBlock2.xlsx,David.mp4,David.JPG,David,19,videoFrameDavid.png,0,3,3,1,,,,,0,5,5,4,,,,daniel,"['d', 'a', 'n', 'i', 'e', 'l']","[6.150587078183889, 6.416494385804981, 6.650214762892574, 6.850415803026408, 6.983922120183706, 7.13362471293658]",[6.15058,6.15058,1,1,1,2019_May_31_1003,FaceNameControl_Picture&Audio,3.0.4,59.90499283,
31,FacesBlock4.xlsx,Dylan.mp4,Dylan.JPG,Dylan,52,videoFrameDylan.png,0,1,1,3,0,0,0,7,,,,,0,1,1.818874918,,,,,,,1,1,2019_May_31_1003,FaceNameControl_Picture&Audio,3.0.4,59.90499283,
58,FacesBlock4.xlsx,Dylan.mp4,Dylan.JPG,Dylan,52,videoFrameDylan.png,0,1,1,3,,,,,0,12,12,7,,,,,None,,,,1,1,1,2019_May_31_1003,FaceNameControl_Picture&Audio,3.0.4,59.90499283,
32,FacesBlock4.xlsx,Emily.mp4,Emily.JPG,Emily,53,videoFrameEmily.png,0,1,1,3,0,1,1,8,,,,,0,2,0.452863748,,,,,,,1,1,2019_May_31_1003,FaceNameControl_Picture&Audio,3.0.4,59.90499283,
56,FacesBlock4.xlsx,Emily.mp4,Emily.JPG,Emily,53,videoFrameEmily.png,0,1,1,3,,,,,0,10,10,8,,,,jessica,"['j', 'e', 's', 's', 'i', 'c', 'a']","[6.683713720180094, 6.883390170056373, 7.150140174198896, 7.350064998026937, 7.516525308135897, 7.732945087831467, 8.016212535090744]",[6.68371,6.68371,2,1,1,2019_May_31_1003,FaceNameControl_Picture&Audio,3.0.4,59.90499283,
12,FacesBlock1.xlsx,Eric.mp4,Eric.JPG,Eric,4,videoFrameEric.png,0,0,0,0,0,11,11,4,,,,,1,1,0.286316756,,,,,,,1,1,2019_May_31_1003,FaceNameControl_Picture&Audio,3.0.4,59.90499283,
26,FacesBlock1.xlsx,Eric.mp4,Eric.JPG,Eric,4,videoFrameEric.png,0,0,0,0,,,,,0,10,10,4,,,,Ian,"['lshift', 'i', 'a', 'n']","[6.598333487287164, 6.7673577181994915, 7.033358886372298, 7.1834773500449955]",[6.59833,6.59833,1,1,1,2019_May_31_1003,FaceNameControl_Picture&Audio,3.0.4,59.90499283,
13,FacesBlock1.xlsx,Ethan.mp4,Ethan.JPG,Ethan,5,videoFrameEthan.png,0,0,0,0,0,12,12,5,,,,,1,1,0.270450996,,,,,,,1,1,2019_May_31_1003,FaceNameControl_Picture&Audio,3.0.4,59.90499283,
22,FacesBlock1.xlsx,Ethan.mp4,Ethan.JPG,Ethan,5,videoFrameEthan.png,0,0,0,0,,,,,0,6,6,5,,,,,None,,,,1,1,1,2019_May_31_1003,FaceNameControl_Picture&Audio,3.0.4,59.90499283,
60,FacesBlock4.xlsx,Grace.mp4,Grace.JPG,Grace,54,videoFrameGrace.png,0,1,1,3,,,,,0,14,14,9,,,,grace,"['g', 'r', 'a', 'c', 'e']","[1.6351054767146707, 1.8683191197924316, 2.2021104828454554, 2.8181751668453217, 2.96857378911227]",[1.63510,1.63510,2,1,1,2019_May_31_1003,FaceNameControl_Picture&Audio,3.0.4,59.90499283,
41,FacesBlock4.xlsx,Grace.mp4,Grace.JPG,Grace,54,videoFrameGrace.png,0,1,1,3,0,10,10,9,,,,,1,2,0.252807027,,,,,,,1,1,2019_May_31_1003,FaceNameControl_Picture&Audio,3.0.4,59.90499283,
91,FacesBlock2.xlsx,Haley.mp4,Haley.JPG,Haley,20,videoFrameHaley.png,0,3,3,1,0,0,0,5,,,,,1,2,1.2362458,,,,,,,1,1,2019_May_31_1003,FaceNameControl_Picture&Audio,3.0.4,59.90499283,
119,FacesBlock2.xlsx,Haley.mp4,Haley.JPG,Haley,20,videoFrameHaley.png,0,3,3,1,,,,,0,13,13,5,,,,noelle,"['n', 'o', 'e', 'l', 'l', 'e']","[6.350452260114253, 6.483767994679511, 6.650287263095379, 6.800180541817099, 6.966207923833281, 7.0003114878199995]",[6.35045,6.35045,1,1,1,2019_May_31_1003,FaceNameControl_Picture&Audio,3.0.4,59.90499283,
11,FacesBlock1.xlsx,Hannah.mp4,Hannah.JPG,Hannah,6,videoFrameHannah.png,0,0,0,0,0,10,10,6,,,,,0,2,0.41920363,,,,,,,1,1,2019_May_31_1003,FaceNameControl_Picture&Audio,3.0.4,59.90499283,
21,FacesBlock1.xlsx,Hannah.mp4,Hannah.JPG,Hannah,6,videoFrameHannah.png,0,0,0,0,,,,,0,5,5,6,,,,samantha,"['s', 's', 'backspace', 'a', 'm', 'a', 'n', 't', 'h', 'a']","[3.3180675986222923, 3.482788281980902, 4.533598138950765, 4.767649326939136, 5.650365788955241, 5.849796722643077, 6.982859250623733, 7.150100350845605, 7.383581128902733, 7.933126417919993]",[3.31806,3.31806,2,1,1,2019_May_31_1003,FaceNameControl_Picture&Audio,3.0.4,59.90499283,
94,FacesBlock2.xlsx,Heather.mp4,Heather.JPG,Heather,21,videoFrameHeather.png,0,3,3,1,0,3,3,6,,,,,0,2,0.269336054,,,,,,,1,1,2019_May_31_1003,FaceNameControl_Picture&Audio,3.0.4,59.90499283,
108,FacesBlock2.xlsx,Heather.mp4,Heather.JPG,Heather,21,videoFrameHeather.png,0,3,3,1,,,,,0,2,2,6,,,,mary,"['m', 'a', 'r', 'y']","[4.267865182831883, 4.434415850788355, 5.567456367891282, 5.667633491102606]",[4.26786,4.26786,1,1,1,2019_May_31_1003,FaceNameControl_Picture&Audio,3.0.4,59.90499283,
69,FacesBlock3.xlsx,Jacob.mp4,Jacob.JPG,Jacob,32,videoFrameJacob.png,0,2,2,2,0,8,8,2,,,,,0,1,0.435632923,,,,,,,1,1,2019_May_31_1003,FaceNameControl_Picture&Audio,3.0.4,59.90499283,
81,FacesBlock3.xlsx,Jacob.mp4,Jacob.JPG,Jacob,32,videoFrameJacob.png,0,2,2,2,,,,,0,5,5,2,,,,jacob,"['j', 'a', 'c', 'o', 'b']","[8.500696758273989, 8.650238777976483, 8.86696544708684, 9.100141337141395, 9.43368939915672]",[8.50069,8.50069,4,1,1,2019_May_31_1003,FaceNameControl_Picture&Audio,3.0.4,59.90499283,
43,FacesBlock4.xlsx,Jason.mp4,Jason.JPG,Jason,55,videoFrameJason.png,0,1,1,3,0,12,12,10,,,,,0,1,0.370371013,,,,,,,1,1,2019_May_31_1003,FaceNameControl_Picture&Audio,3.0.4,59.90499283,
55,FacesBlock4.xlsx,Jason.mp4,Jason.JPG,Jason,55,videoFrameJason.png,0,1,1,3,,,,,0,9,9,10,,,,jason,"['j', 'a', 's', 'o', 'n']","[9.149356351234019, 9.266734212171286, 9.482891587074846, 9.616345881018788, 9.832356485072523]",[9.14935,9.14935,1,1,1,2019_May_31_1003,FaceNameControl_Picture&Audio,3.0.4,59.90499283,
16,FacesBlock1.xlsx,Jenna.mp4,Jenna.JPG,Jenna,7,videoFrameJenna.png,0,0,0,0,,,,,0,0,0,7,,,,jessica ,"['j', 'e', 's', 's', 'i', 'c', 'a', 'space', 'return']","[2.9511747919023037, 3.151834450196475, 3.4675625041127205, 3.6682451642118394, 3.8846932873129845, 4.085050365887582, 4.549118106253445, 6.03378909593448, 7.633244236931205]",[2.95117,2.95117,3,1,1,2019_May_31_1003,FaceNameControl_Picture&Audio,3.0.4,59.90499283,
5,FacesBlock1.xlsx,Jenna.mp4,Jenna.JPG,Jenna,7,videoFrameJenna.png,0,0,0,0,0,4,4,7,,,,,0,2,0.352762189,,,,,,,1,1,2019_May_31_1003,FaceNameControl_Picture&Audio,3.0.4,59.90499283,
102,FacesBlock2.xlsx,Jeremy.mp4,Jeremy.JPG,Jeremy,22,videoFrameJeremy.png,0,3,3,1,0,11,11,7,,,,,1,1,0.668849668,,,,,,,1,1,2019_May_31_1003,FaceNameControl_Picture&Audio,3.0.4,59.90499283,
112,FacesBlock2.xlsx,Jeremy.mp4,Jeremy.JPG,Jeremy,22,videoFrameJeremy.png,0,3,3,1,,,,,0,6,6,7,,,,jacob,"['j', 'a', 'c', 'o', 'b', 'n', 'backspace']","[2.7182453041896224, 2.8354219431057572, 3.084997656289488, 3.2186249434016645, 3.4514393634162843, 3.472941441461444, 4.067574220243841]",[2.71824,2.71824,2,1,1,2019_May_31_1003,FaceNameControl_Picture&Audio,3.0.4,59.90499283,
6,FacesBlock1.xlsx,Jessica.mp4,Jessica.JPG,Jessica,8,videoFrameJessica.png,0,0,0,0,0,5,5,8,,,,,1,2,3.652036677,,,,,,,1,1,2019_May_31_1003,FaceNameControl_Picture&Audio,3.0.4,59.90499283,
30,FacesBlock1.xlsx,Jessica.mp4,Jessica.JPG,Jessica,8,videoFrameJessica.png,0,0,0,0,,,,,0,14,14,8,,,,Ashley,"['lshift', 'a', 's', 'h', 'l', 'e', 'y']","[7.865373420994729, 8.150401497725397, 8.683040842879564, 8.849739592056721, 9.449719166848809, 9.64888650784269, 9.832854548934847]",[7.86537,7.86537,2,1,1,2019_May_31_1003,FaceNameControl_Picture&Audio,3.0.4,59.90499283,
115,FacesBlock2.xlsx,Josh.mp4,Josh.JPG,Josh,23,videoFrameJosh.png,0,3,3,1,,,,,0,9,9,8,,,,kevin,"['k', 'e', 'v', 'i', 'n']","[4.001286318060011, 4.100965072866529, 4.382422417867929, 4.484089532867074, 4.684368357993662]",[4.00128,4.00128,3,1,1,2019_May_31_1003,FaceNameControl_Picture&Audio,3.0.4,59.90499283,
103,FacesBlock2.xlsx,Josh.mp4,Josh.JPG,Josh,23,videoFrameJosh.png,0,3,3,1,0,12,12,8,,,,,1,1,0.619466996,,,,,,,1,1,2019_May_31_1003,FaceNameControl_Picture&Audio,3.0.4,59.90499283,
1,FacesBlock1.xlsx,Julia.mp4,Julia.JPG,Julia,9,videoFrameJulia.png,0,0,0,0,0,0,0,9,,,,,0,2,2.602299729,,,,,,,1,1,2019_May_31_1003,FaceNameControl_Picture&Audio,3.0.4,59.90499283,
29,FacesBlock1.xlsx,Julia.mp4,Julia.JPG,Julia,9,videoFrameJulia.png,0,0,0,0,,,,,0,13,13,9,,,,,None,,,,1,1,1,2019_May_31_1003,FaceNameControl_Picture&Audio,3.0.4,59.90499283,
120,FacesBlock2.xlsx,Justin.mp4,Justin.JPG,Justin,24,videoFrameJustin.png,0,3,3,1,,,,,0,14,14,9,,,,justin,"['j', 'u', 's', 't', 'i', 'n']","[2.4853167766705155, 2.735495749861002, 2.885138229932636, 3.034963897895068, 3.3182500028051436, 3.5013846838846803]",[2.48531,2.48531,2,1,1,2019_May_31_1003,FaceNameControl_Picture&Audio,3.0.4,59.90499283,
96,FacesBlock2.xlsx,Justin.mp4,Justin.JPG,Justin,24,videoFrameJustin.png,0,3,3,1,0,5,5,9,,,,,0,1,0.302955257,,,,,,,1,1,2019_May_31_1003,FaceNameControl_Picture&Audio,3.0.4,59.90499283,
35,FacesBlock4.xlsx,Katie.mp4,Katie.JPG,Katie,56,videoFrameKatie.png,0,1,1,3,0,4,4,11,,,,,1,2,0.453159095,,,,,,,1,1,2019_May_31_1003,FaceNameControl_Picture&Audio,3.0.4,59.90499283,
46,FacesBlock4.xlsx,Katie.mp4,Katie.JPG,Katie,56,videoFrameKatie.png,0,1,1,3,,,,,0,0,0,11,,,,Jessica,"['lshift', 'j', 'e', 's', 's', 'i', 'c', 'a']","[3.2328766798600554, 3.667082096915692, 4.1675817160867155, 4.398998466785997, 4.5506902751512825, 4.750560485757887, 4.900440901052207, 5.181702503934503]",[3.23287,3.23287,3,1,1,2019_May_31_1003,FaceNameControl_Picture&Audio,3.0.4,59.90499283,
66,FacesBlock3.xlsx,Kayla.mp4,Kayla.JPG,Kayla,33,videoFrameKayla.png,0,2,2,2,0,5,5,3,,,,,0,2,0.402702787,,,,,,,1,1,2019_May_31_1003,FaceNameControl_Picture&Audio,3.0.4,59.90499283,
89,FacesBlock3.xlsx,Kayla.mp4,Kayla.JPG,Kayla,33,videoFrameKayla.png,0,2,2,2,,,,,0,13,13,3,,,,megan,"['m', 'e', 'g', 'a', 'n']","[4.218007088173181, 4.534661502111703, 4.7508062198758125, 4.933571262750775, 5.100946342106909]",[4.21800,4.21800,1,1,1,2019_May_31_1003,FaceNameControl_Picture&Audio,3.0.4,59.90499283,
7,FacesBlock1.xlsx,Kelsey.mp4,Kelsey.JPG,Kelsey,10,videoFrameKelsey.png,0,0,0,0,0,6,6,10,,,,,0,2,0.086753138,,,,,,,1,1,2019_May_31_1003,FaceNameControl_Picture&Audio,3.0.4,59.90499283,
17,FacesBlock1.xlsx,Kelsey.mp4,Kelsey.JPG,Kelsey,10,videoFrameKelsey.png,0,0,0,0,,,,,0,1,1,10,,,,,None,,,,1,1,1,2019_May_31_1003,FaceNameControl_Picture&Audio,3.0.4,59.90499283,
82,FacesBlock3.xlsx,Kevin.mp4,Kevin.JPG,Kevin,34,videoFrameKevin.png,0,2,2,2,,,,,0,6,6,4,,,,,None,,,,1,1,1,2019_May_31_1003,FaceNameControl_Picture&Audio,3.0.4,59.90499283,
65,FacesBlock3.xlsx,Kevin.mp4,Kevin.JPG,Kevin,34,videoFrameKevin.png,0,2,2,2,0,4,4,4,,,,,0,1,0.436362615,,,,,,,1,1,2019_May_31_1003,FaceNameControl_Picture&Audio,3.0.4,59.90499283,
2,FacesBlock1.xlsx,Kyle.mp4,Kyle.JPG,Kyle,11,videoFrameKyle.png,0,0,0,0,0,1,1,11,,,,,1,1,1.31850284,,,,,,,1,1,2019_May_31_1003,FaceNameControl_Picture&Audio,3.0.4,59.90499283,
25,FacesBlock1.xlsx,Kyle.mp4,Kyle.JPG,Kyle,11,videoFrameKyle.png,0,0,0,0,,,,,0,9,9,11,,,,brandon,"['b', 'r', 'a', 'n', 'd', 'o', 'n']","[3.234510696027428, 3.800809785258025, 4.167779736220837, 4.3675772291608155, 4.533473870251328, 4.650653242133558, 4.850557211320847]",[3.23451,3.23451,2,1,1,2019_May_31_1003,FaceNameControl_Picture&Audio,3.0.4,59.90499283,
75,FacesBlock3.xlsx,Lauren.mp4,Lauren.JPG,Lauren,35,videoFrameLauren.png,0,2,2,2,0,14,14,5,,,,,1,2,0.302187553,,,,,,,1,1,2019_May_31_1003,FaceNameControl_Picture&Audio,3.0.4,59.90499283,
78,FacesBlock3.xlsx,Lauren.mp4,Lauren.JPG,Lauren,35,videoFrameLauren.png,0,2,2,2,,,,,0,2,2,5,,,,cali,"['c', 'v', 'a', 'l', 'i', 'backspace', 'backspace', 'backspace', 'backspace', 'a', 'l', 'i']","[1.5713681639172137, 1.9023033929988742, 2.019023058936, 2.2852705172263086, 2.701646292116493, 2.8842988163232803, 3.0180054111406207, 3.1678021922707558, 3.43461702298373, 3.95112814521417, 4.216433814261109]",[1.57136,1.57136,2,1,1,2019_May_31_1003,FaceNameControl_Picture&Audio,3.0.4,59.90499283,
76,FacesBlock3.xlsx,Mark.mp4,Mark.JPG,Mark,36,videoFrameMark.png,0,2,2,2,,,,,0,0,0,6,,,,jacob,"['j', 'a', 'c', 'o', 'b']","[4.582723848987371, 4.749757236335427, 5.016301213297993, 5.232808973174542, 5.699082717299461]",[4.58272,4.58272,2,1,1,2019_May_31_1003,FaceNameControl_Picture&Audio,3.0.4,59.90499283,
74,FacesBlock3.xlsx,Mark.mp4,Mark.JPG,Mark,36,videoFrameMark.png,0,2,2,2,0,13,13,6,,,,,1,1,0.250341201,,,,,,,1,1,2019_May_31_1003,FaceNameControl_Picture&Audio,3.0.4,59.90499283,
14,FacesBlock1.xlsx,Matthew.mp4,Matthew.JPG,Matthew,12,videoFrameMatthew.png,0,0,0,0,0,13,13,12,,,,,1,1,0.403153365,,,,,,,1,1,2019_May_31_1003,FaceNameControl_Picture&Audio,3.0.4,59.90499283,
23,FacesBlock1.xlsx,Matthew.mp4,Matthew.JPG,Matthew,12,videoFrameMatthew.png,0,0,0,0,,,,,0,7,7,12,,,,,None,,,,1,1,1,2019_May_31_1003,FaceNameControl_Picture&Audio,3.0.4,59.90499283,
113,FacesBlock2.xlsx,Megan.mp4,Megan.JPG,Megan,25,videoFrameMegan.png,0,3,3,1,,,,,0,7,7,10,,,,sara,"['s', 'a', 'r', 'a']","[2.9514110619202256, 3.1842886391095817, 3.3007843769155443, 3.450555346906185]",[2.95141,2.95141,3,1,1,2019_May_31_1003,FaceNameControl_Picture&Audio,3.0.4,59.90499283,
92,FacesBlock2.xlsx,Megan.mp4,Megan.JPG,Megan,25,videoFrameMegan.png,0,3,3,1,0,1,1,10,,,,,0,2,0.486670469,,,,,,,1,1,2019_May_31_1003,FaceNameControl_Picture&Audio,3.0.4,59.90499283,
48,FacesBlock4.xlsx,Michael.mp4,Michael.JPG,Michael,57,videoFrameMichael.png,0,1,1,3,,,,,0,2,2,12,,,,brandon,"['b', 'r', 'a', 'n', 'd', 'o', 'n']","[1.7687724237330258, 1.91861294163391, 2.2010905239731073, 2.335153634659946, 2.535464159678668, 2.584864455740899, 2.784861140884459]",[1.76877,1.76877,1,1,1,2019_May_31_1003,FaceNameControl_Picture&Audio,3.0.4,59.90499283,
38,FacesBlock4.xlsx,Michael.mp4,Michael.JPG,Michael,57,videoFrameMichael.png,0,1,1,3,0,7,7,12,,,,,1,1,0.269226043,,,,,,,1,1,2019_May_31_1003,FaceNameControl_Picture&Audio,3.0.4,59.90499283,
47,FacesBlock4.xlsx,Michelle.mp4,Michelle.JPG,Michelle,58,videoFrameMichelle.png,0,1,1,3,,,,,0,1,1,13,,,,briana,"['a', 'n', 'n', 'a', 'backspace', 'backspace', 'backspace', 'backspace', 'b', 'r', 'i', 'a', 'n', 'a']","[2.6353023210540414, 2.8336126818321645, 2.9681793530471623, 3.1177497911266983, 5.0666649038903415, 5.283735390752554, 5.467040579766035, 5.650584880728275, 6.417548527941108, 6.633395806886256, 6.783231828827411, 7.000326584093273, 7.100533723831177, 7.267278173938394]",[2.63530,2.63530,1,1,1,2019_May_31_1003,FaceNameControl_Picture&Audio,3.0.4,59.90499283,
42,FacesBlock4.xlsx,Michelle.mp4,Michelle.JPG,Michelle,58,videoFrameMichelle.png,0,1,1,3,0,11,11,13,,,,,0,2,0.652781774,,,,,,,1,1,2019_May_31_1003,FaceNameControl_Picture&Audio,3.0.4,59.90499283,
8,FacesBlock1.xlsx,Natalie.mp4,Natalie.JPG,Natalie,13,videoFrameNatalie.png,0,0,0,0,0,7,7,13,,,,,1,2,0.60255111,,,,,,,1,1,2019_May_31_1003,FaceNameControl_Picture&Audio,3.0.4,59.90499283,
18,FacesBlock1.xlsx,Natalie.mp4,Natalie.JPG,Natalie,13,videoFrameNatalie.png,0,0,0,0,,,,,0,2,2,13,,,,,None,,,,1,1,1,2019_May_31_1003,FaceNameControl_Picture&Audio,3.0.4,59.90499283,
70,FacesBlock3.xlsx,Nathan.mp4,Nathan.JPG,Nathan,37,videoFrameNathan.png,0,2,2,2,0,9,9,7,,,,,0,1,0.586174809,,,,,,,1,1,2019_May_31_1003,FaceNameControl_Picture&Audio,3.0.4,59.90499283,
77,FacesBlock3.xlsx,Nathan.mp4,Nathan.JPG,Nathan,37,videoFrameNathan.png,0,2,2,2,,,,,0,1,1,7,,,,mathe,"['m', 'a', 't', 'h', 'e']","[7.416774539742619, 7.6835336880758405, 9.349378388840705, 9.549164943862706, 9.88220388488844]",[7.41677,7.41677,2,1,1,2019_May_31_1003,FaceNameControl_Picture&Audio,3.0.4,59.90499283,
62,FacesBlock3.xlsx,Nicole.mp4,Nicole.JPG,Nicole,38,videoFrameNicole.png,0,2,2,2,0,1,1,8,,,,,0,2,0.320555313,,,,,,,1,1,2019_May_31_1003,FaceNameControl_Picture&Audio,3.0.4,59.90499283,
84,FacesBlock3.xlsx,Nicole.mp4,Nicole.JPG,Nicole,38,videoFrameNicole.png,0,2,2,2,,,,,0,8,8,8,,,,meghan,"['m', 'e', 'g', 'h', 'a', 'n']","[2.9013889571651816, 3.0512899118475616, 3.4511230159550905, 3.667509149760008, 3.7841092138551176, 3.9178323801606894]",[2.90138,2.90138,1,1,1,2019_May_31_1003,FaceNameControl_Picture&Audio,3.0.4,59.90499283,
86,FacesBlock3.xlsx,Noah.mp4,Noah.JPG,Noah,39,videoFrameNoah.png,0,2,2,2,,,,,0,10,10,9,,,,ethan,"['e', 't', 'h', 'a', 'n']","[7.133859186898917, 7.366941699758172, 7.534107143059373, 7.717292576096952, 7.816904571838677]",[7.13385,7.13385,2,1,1,2019_May_31_1003,FaceNameControl_Picture&Audio,3.0.4,59.90499283,
67,FacesBlock3.xlsx,Noah.mp4,Noah.JPG,Noah,39,videoFrameNoah.png,0,2,2,2,0,6,6,9,,,,,1,1,0.369788779,,,,,,,1,1,2019_May_31_1003,FaceNameControl_Picture&Audio,3.0.4,59.90499283,
90,FacesBlock3.xlsx,Olivia.mp4,Olivia.JPG,Olivia,40,videoFrameOlivia.png,0,2,2,2,,,,,0,14,14,10,,,,,None,,,,1,1,1,2019_May_31_1003,FaceNameControl_Picture&Audio,3.0.4,59.90499283,
68,FacesBlock3.xlsx,Olivia.mp4,Olivia.JPG,Olivia,40,videoFrameOlivia.png,0,2,2,2,0,7,7,10,,,,,1,2,0.03677118,,,,,,,1,1,2019_May_31_1003,FaceNameControl_Picture&Audio,3.0.4,59.90499283,
107,FacesBlock2.xlsx,Rachel.mp4,Rachel.JPG,Rachel,26,videoFrameRachel.png,0,3,3,1,,,,,0,1,1,11,,,,,None,,,,1,1,1,2019_May_31_1003,FaceNameControl_Picture&Audio,3.0.4,59.90499283,
99,FacesBlock2.xlsx,Rachel.mp4,Rachel.JPG,Rachel,26,videoFrameRachel.png,0,3,3,1,0,8,8,11,,,,,0,2,0.536270535,,,,,,,1,1,2019_May_31_1003,FaceNameControl_Picture&Audio,3.0.4,59.90499283,
87,FacesBlock3.xlsx,Rebecca.mp4,Rebecca.JPG,Rebecca,41,videoFrameRebecca.png,0,2,2,2,,,,,0,11,11,11,,,,jessica,"['j', 'e', 's', 's', 'i', 'c', 'a']","[3.1343104508705437, 3.266175651922822, 3.484485268127173, 3.6512737520970404, 3.8010182050056756, 3.9008995122276247, 4.166723587084562]",[3.13431,3.13431,3,1,1,2019_May_31_1003,FaceNameControl_Picture&Audio,3.0.4,59.90499283,
64,FacesBlock3.xlsx,Rebecca.mp4,Rebecca.JPG,Rebecca,41,videoFrameRebecca.png,0,2,2,2,0,3,3,11,,,,,1,2,0.802607288,,,,,,,1,1,2019_May_31_1003,FaceNameControl_Picture&Audio,3.0.4,59.90499283,
73,FacesBlock3.xlsx,Sarah.mp4,Sarah.JPG,Sarah,42,videoFrameSarah.png,0,2,2,2,0,12,12,12,,,,,1,2,0.368890436,,,,,,,1,1,2019_May_31_1003,FaceNameControl_Picture&Audio,3.0.4,59.90499283,
83,FacesBlock3.xlsx,Sarah.mp4,Sarah.JPG,Sarah,42,videoFrameSarah.png,0,2,2,2,,,,,0,7,7,12,,,,sara,"['s', 'a', 'r', 'a']","[3.168431938160211, 3.3847805382683873, 3.532987544313073, 3.6680997922085226]",[3.16843,3.16843,2,1,1,2019_May_31_1003,FaceNameControl_Picture&Audio,3.0.4,59.90499283,
85,FacesBlock3.xlsx,Shelby.mp4,Shelby.JPG,Shelby,43,videoFrameShelby.png,0,2,2,2,,,,,0,9,9,13,,,,samantha,"['s', 'a', 'm', 'a', 'n', 't', 'h', 'a']","[5.58462608512491, 5.9843090190552175, 6.10110832285136, 6.35059446003288, 6.667375426739454, 6.950530415866524, 7.1331260348670185, 7.35058271093294]",[5.58462,5.58462,2,1,1,2019_May_31_1003,FaceNameControl_Picture&Audio,3.0.4,59.90499283,
61,FacesBlock3.xlsx,Shelby.mp4,Shelby.JPG,Shelby,43,videoFrameShelby.png,0,2,2,2,0,0,0,13,,,,,0,2,1.452544584,,,,,,,1,1,2019_May_31_1003,FaceNameControl_Picture&Audio,3.0.4,59.90499283,
98,FacesBlock2.xlsx,Steven.mp4,Steven.JPG,Steven,27,videoFrameSteven.png,0,3,3,1,0,7,7,12,,,,,1,1,0.535689404,,,,,,,1,1,2019_May_31_1003,FaceNameControl_Picture&Audio,3.0.4,59.90499283,
117,FacesBlock2.xlsx,Steven.mp4,Steven.JPG,Steven,27,videoFrameSteven.png,0,3,3,1,,,,,0,11,11,12,,,,daniel,"['d', 'a', 'n', 'i', 'e', 'k', 'backspace', 'l']","[4.00191882904619, 4.251063012052327, 4.484740610234439, 4.801373282913119, 5.0015535042621195, 5.150726286228746, 5.99978647287935, 6.267457954119891]",[4.00191,4.00191,1,1,1,2019_May_31_1003,FaceNameControl_Picture&Audio,3.0.4,59.90499283,
54,FacesBlock4.xlsx,Taylor.mp4,Taylor.JPG,Taylor,59,videoFrameTaylor.png,0,1,1,3,,,,,0,8,8,14,,,,,None,,,,1,1,1,2019_May_31_1003,FaceNameControl_Picture&Audio,3.0.4,59.90499283,
44,FacesBlock4.xlsx,Taylor.mp4,Taylor.JPG,Taylor,59,videoFrameTaylor.png,0,1,1,3,0,13,13,14,,,,,0,2,0.869190696,,,,,,,1,1,2019_May_31_1003,FaceNameControl_Picture&Audio,3.0.4,59.90499283,
63,FacesBlock3.xlsx,Thomas.mp4,Thomas.JPG,Thomas,44,videoFrameThomas.png,0,2,2,2,0,2,2,14,,,,,1,1,0.353004036,,,,,,,1,1,2019_May_31_1003,FaceNameControl_Picture&Audio,3.0.4,59.90499283,
79,FacesBlock3.xlsx,Thomas.mp4,Thomas.JPG,Thomas,44,videoFrameThomas.png,0,2,2,2,,,,,0,3,3,14,,,,daniel,"['d', 'a', 'n', 'i', 'e', 'l']","[3.8844887637533247, 4.117700994946063, 4.367416355758905, 4.5344100329093635, 4.715609455946833, 4.850240446161479]",[3.88448,3.88448,2,1,1,2019_May_31_1003,FaceNameControl_Picture&Audio,3.0.4,59.90499283,
20,FacesBlock1.xlsx,Timothy.mp4,Timothy.JPG,Timothy,14,videoFrameTimothy.png,0,0,0,0,,,,,0,4,4,14,,,,brian,"['b', 'r', 'i', 'a', 'n']","[4.252021912951022, 4.551709335763007, 4.768204534891993, 5.484930142760277, 5.767892325762659]",[4.25202,4.25202,2,1,1,2019_May_31_1003,FaceNameControl_Picture&Audio,3.0.4,59.90499283,
10,FacesBlock1.xlsx,Timothy.mp4,Timothy.JPG,Timothy,14,videoFrameTimothy.png,0,0,0,0,0,9,9,14,,,,,0,1,2.867571409,,,,,,,1,1,2019_May_31_1003,FaceNameControl_Picture&Audio,3.0.4,59.90499283,
116,FacesBlock2.xlsx,Trevor.mp4,Trevor.JPG,Trevor,28,videoFrameTrevor.png,0,3,3,1,,,,,0,10,10,13,,,,mathew,"['m', 'a', 't', 'h', 'e', 'w']","[4.0008507440797985, 4.25125730689615, 4.434635193087161, 4.650720654055476, 4.767885765992105, 4.950758583843708]",[4.00085,4.00085,2,1,1,2019_May_31_1003,FaceNameControl_Picture&Audio,3.0.4,59.90499283,
101,FacesBlock2.xlsx,Trevor.mp4,Trevor.JPG,Trevor,28,videoFrameTrevor.png,0,3,3,1,0,10,10,13,,,,,1,1,0.402812096,,,,,,,1,1,2019_May_31_1003,FaceNameControl_Picture&Audio,3.0.4,59.90499283,
118,FacesBlock2.xlsx,Tyler.mp4,Tyler.JPG,Tyler,29,videoFrameTyler.png,0,3,3,1,,,,,0,12,12,14,,,,,None,,,,1,1,1,2019_May_31_1003,FaceNameControl_Picture&Audio,3.0.4,59.90499283,
105,FacesBlock2.xlsx,Tyler.mp4,Tyler.JPG,Tyler,29,videoFrameTyler.png,0,3,3,1,0,14,14,14,,,,,1,1,0.570180779,,,,,,,1,1,2019_May_31_1003,FaceNameControl_Picture&Audio,3.0.4,59.90499283,
0,,,,,,,,,,,,,,,,,,,,,,,,,,,,1,1,2019_May_31_1003,FaceNameControl_Picture&Audio,3.0.4,59.90499283,
121,,,,,,,,,,,,,,,,,,,,,,,,,,,,1,1,2019_May_31_1003,FaceNameControl_Picture&Audio,3.0.4,59.90499283,