,condsFile,Video,Photo,Name,Row,videoFrame,blocks.thisRepN,blocks.thisTrialN,blocks.thisN,blocks.thisIndex,presentations.thisRepN,presentations.thisTrialN,presentations.thisN,presentations.thisIndex,testing.thisRepN,testing.thisTrialN,testing.thisN,testing.thisIndex,currentCond,judgementResp.keys,judgementResp.rt,inputText,key_resp_3.keys,key_resp_3.rt,,key_resp3_fin,rating_resp.keys,participant,session,date,expName,psychopyVersion,frameRate,Unnamed: 31
64,FacesBlock2.xlsx,Aaron.mp4,Aaron.JPG,Aaron,15,videoFrameAaron.png,0,2,2,1,0,3,3,0,,,,,0,1,0.649957,,,,,,,20,1,2019_Oct_01_1001,FaceNameControl_Picture&Audio,3.0.4,85.25649972,
83,FacesBlock2.xlsx,Aaron.mp4,Aaron.JPG,Aaron,15,videoFrameAaron.png,0,2,2,1,,,,,0,7,7,0,,,,,None,,,,1,20,1,2019_Oct_01_1001,FaceNameControl_Picture&Audio,3.0.4,85.25649972,
34,FacesBlock1.xlsx,Adam.mp4,Adam.JPG,Adam,0,videoFrameAdam.png,0,1,1,0,0,3,3,0,,,,,0,1,0.661120278,,,,,,,20,1,2019_Oct_01_1001,FaceNameControl_Picture&Audio,3.0.4,85.25649972,
57,FacesBlock1.xlsx,Adam.mp4,Adam.JPG,Adam,0,videoFrameAdam.png,0,1,1,0,,,,,0,11,11,0,,,,,None,,,,1,20,1,2019_Oct_01_1001,FaceNameControl_Picture&Audio,3.0.4,85.25649972,
103,FacesBlock4.xlsx,Alyssa.mp4,Alyssa.JPG,Alyssa,45,videoFrameAlyssa.png,0,3,3,3,0,12,12,0,,,,,0,2,1.650422965,,,,,,,20,1,2019_Oct_01_1001,FaceNameControl_Picture&Audio,3.0.4,85.25649972,
111,FacesBlock4.xlsx,Alyssa.mp4,Alyssa.JPG,Alyssa,45,videoFrameAlyssa.png,0,3,3,3,,,,,0,5,5,0,,,,,None,,,,1,20,1,2019_Oct_01_1001,FaceNameControl_Picture&Audio,3.0.4,85.25649972,
31,FacesBlock1.xlsx,Amanda.mp4,Amanda.JPG,Amanda,1,videoFrameAmanda.png,0,1,1,0,0,0,0,1,,,,,1,2,1.520661262,,,,,,,20,1,2019_Oct_01_1001,FaceNameControl_Picture&Audio,3.0.4,85.25649972,
48,FacesBlock1.xlsx,Amanda.mp4,Amanda.JPG,Amanda,1,videoFrameAmanda.png,0,1,1,0,,,,,0,2,2,1,,,,Jessica,"['lshift', 'lshift', 'lshift', 'j', 'e', 's', 's', 'i', 'n', 'a', 'backspace', 'backspace', 'c', 'a']","[4.352762065000206, 4.576345866000111, 6.211325565000152, 6.33018486900005, 6.977316728999995, 7.718132135000133, 7.8355163250000714, 8.233466934000035, 8.400232630000119, 8.553266349000069, 8.928523240000004, 9.11653531800016, 9.16322722200016, 9.211603545000116]",[4.35276,4.35276,2,20,1,2019_Oct_01_1001,FaceNameControl_Picture&Audio,3.0.4,85.25649972,
104,FacesBlock4.xlsx,Andrew.mp4,Andrew.JPG,Andrew,46,videoFrameAndrew.png,0,3,3,3,0,13,13,1,,,,,1,1,0.861739192,,,,,,,20,1,2019_Oct_01_1001,FaceNameControl_Picture&Audio,3.0.4,85.25649972,
106,FacesBlock4.xlsx,Andrew.mp4,Andrew.JPG,Andrew,46,videoFrameAndrew.png,0,3,3,3,,,,,0,0,0,1,,,,Tyler,"['lshift', 'lshift', 't', 'y', 'l', 'e', 'r']","[4.493342403000042, 5.740304746999755, 6.023861656000008, 6.635662509999747, 7.199453384999742, 7.447133413999836, 7.575618914999723]",[4.49334,4.49334,1,20,1,2019_Oct_01_1001,FaceNameControl_Picture&Audio,3.0.4,85.25649972,
92,FacesBlock4.xlsx,Anna.mp4,Anna.JPG,Anna,47,videoFrameAnna.png,0,3,3,3,0,1,1,2,,,,,0,2,0.626418726,,,,,,,20,1,2019_Oct_01_1001,FaceNameControl_Picture&Audio,3.0.4,85.25649972,
118,FacesBlock4.xlsx,Anna.mp4,Anna.JPG,Anna,47,videoFrameAnna.png,0,3,3,3,,,,,0,12,12,2,,,,,None,,,,1,20,1,2019_Oct_01_1001,FaceNameControl_Picture&Audio,3.0.4,85.25649972,
87,FacesBlock2.xlsx,Ashley.mp4,Ashley.JPG,Ashley,16,videoFrameAshley.png,0,2,2,1,,,,,0,11,11,1,,,,Ashley,"['lshift', 'a', 's', 'h', 'l', 'e', 'y']","[3.5064309079998566, 3.6483682539999336, 3.9658142649998354, 4.283889399999907, 4.494996036999964, 4.636415602999932, 4.789629157999798]",[3.50643,3.50643,2,20,1,2019_Oct_01_1001,FaceNameControl_Picture&Audio,3.0.4,85.25649972,
61,FacesBlock2.xlsx,Ashley.mp4,Ashley.JPG,Ashley,16,videoFrameAshley.png,0,2,2,1,0,0,0,1,,,,,1,2,1.579394899,,,,,,,20,1,2019_Oct_01_1001,FaceNameControl_Picture&Audio,3.0.4,85.25649972,
41,FacesBlock1.xlsx,Bradley.mp4,Bradley.JPG,Bradley,2,videoFrameBradley.png,0,1,1,0,0,10,10,2,,,,,0,1,0.614719898,,,,,,,20,1,2019_Oct_01_1001,FaceNameControl_Picture&Audio,3.0.4,85.25649972,
53,FacesBlock1.xlsx,Bradley.mp4,Bradley.JPG,Bradley,2,videoFrameBradley.png,0,1,1,0,,,,,0,7,7,2,,,,,None,,,,1,20,1,2019_Oct_01_1001,FaceNameControl_Picture&Audio,3.0.4,85.25649972,
95,FacesBlock4.xlsx,Brandon.mp4,Brandon.JPG,Brandon,48,videoFrameBrandon.png,0,3,3,3,0,4,4,3,,,,,1,1,1.320596376,,,,,,,20,1,2019_Oct_01_1001,FaceNameControl_Picture&Audio,3.0.4,85.25649972,
116,FacesBlock4.xlsx,Brandon.mp4,Brandon.JPG,Brandon,48,videoFrameBrandon.png,0,3,3,3,,,,,0,10,10,3,,,,B,"['lshift', 'b']","[9.738825762000033, 9.811041251000006]",[9.73882,9.73882,3,20,1,2019_Oct_01_1001,FaceNameControl_Picture&Audio,3.0.4,85.25649972,
105,FacesBlock4.xlsx,Brian.mp4,Brian.JPG,Brian,49,videoFrameBrian.png,0,3,3,3,0,14,14,4,,,,,1,1,1.109067602,,,,,,,20,1,2019_Oct_01_1001,FaceNameControl_Picture&Audio,3.0.4,85.25649972,
119,FacesBlock4.xlsx,Brian.mp4,Brian.JPG,Brian,49,videoFrameBrian.png,0,3,3,3,,,,,0,13,13,4,,,,,None,,,,1,20,1,2019_Oct_01_1001,FaceNameControl_Picture&Audio,3.0.4,85.25649972,
99,FacesBlock4.xlsx,Brianna.mp4,Brianna.JPG,Brianna,50,videoFrameBrianna.png,0,3,3,3,0,8,8,5,,,,,0,2,0.566836931,,,,,,,20,1,2019_Oct_01_1001,FaceNameControl_Picture&Audio,3.0.4,85.25649972,
109,FacesBlock4.xlsx,Brianna.mp4,Brianna.JPG,Brianna,50,videoFrameBrianna.png,0,3,3,3,,,,,0,3,3,5,,,,,None,,,,1,20,1,2019_Oct_01_1001,FaceNameControl_Picture&Audio,3.0.4,85.25649972,
65,FacesBlock2.xlsx,Brittany.mp4,Brittany.JPG,Brittany,17,videoFrameBrittany.png,0,2,2,1,0,4,4,2,,,,,1,2,0.885323188,,,,,,,20,1,2019_Oct_01_1001,FaceNameControl_Picture&Audio,3.0.4,85.25649972,
80,FacesBlock2.xlsx,Brittany.mp4,Brittany.JPG,Brittany,17,videoFrameBrittany.png,0,2,2,1,,,,,0,4,4,2,,,,Brittany,"['lshift', 'b', 'r', 'i', 't', 't', 'i', 'n', 'y', 'backspace', 'backspace', 'backspace', 'a', 'n', 'y']","[1.5184061159998237, 1.6732407469999089, 1.978105295999967, 2.190570383000022, 2.660536718000003, 3.331598680999832, 4.213091989999839, 4.494015352999895, 4.813652017999857, 6.200620110999807, 6.505725795999979, 6.671185137999828, 6.989311526999927, 7.212892480999926, 7.588967390999869]",[1.51840,1.51840,3,20,1,2019_Oct_01_1001,FaceNameControl_Picture&Audio,3.0.4,85.25649972,
115,FacesBlock4.xlsx,Caleb.mp4,Caleb.JPG,Caleb,51,videoFrameCaleb.png,0,3,3,3,,,,,0,9,9,6,,,,,None,,,,1,20,1,2019_Oct_01_1001,FaceNameControl_Picture&Audio,3.0.4,85.25649972,
94,FacesBlock4.xlsx,Caleb.mp4,Caleb.JPG,Caleb,51,videoFrameCaleb.png,0,3,3,3,0,3,3,6,,,,,0,1,0.450568826,,,,,,,20,1,2019_Oct_01_1001,FaceNameControl_Picture&Audio,3.0.4,85.25649972,
78,FacesBlock2.xlsx,Cody.mp4,Cody.JPG,Cody,18,videoFrameCody.png,0,2,2,1,,,,,0,2,2,3,,,,Cody,"['lshift', 'c', 'o', 'd', 'y']","[1.6238353110002208, 1.8136725900001238, 2.1074292290002177, 2.2956515930000023, 2.423210974000085]",[1.62383,1.62383,4,20,1,2019_Oct_01_1001,FaceNameControl_Picture&Audio,3.0.4,85.25649972,
69,FacesBlock2.xlsx,Cody.mp4,Cody.JPG,Cody,18,videoFrameCody.png,0,2,2,1,0,8,8,3,,,,,1,1,1.038872706,,,,,,,20,1,2019_Oct_01_1001,FaceNameControl_Picture&Audio,3.0.4,85.25649972,
9,FacesBlock3.xlsx,Courtney.mp4,Courtney.JPG,Courtney,30,videoFrameCourtney.png,0,0,0,2,0,8,8,0,,,,,1,2,0.685559749,,,,,,,20,1,2019_Oct_01_1001,FaceNameControl_Picture&Audio,3.0.4,85.25649972,
26,FacesBlock3.xlsx,Courtney.mp4,Courtney.JPG,Courtney,30,videoFrameCourtney.png,0,0,0,2,,,,,0,10,10,0,,,,Courtney,"['lshift', 'c', 'h', 'o', 'backspace', 'backspace', 'o', 'u', 'r', 't', 'n', 'e', 'y']","[2.0710854789999757, 2.1663180880000255, 2.51937942699999, 2.7782395570000062, 3.224702766000064, 3.412547408000023, 4.083711832000063, 4.154059059000019, 5.142561322000006, 5.400835764000021, 5.847433132999981, 6.024420577000001, 6.210259639000014]",[2.07108,2.07108,3,20,1,2019_Oct_01_1001,FaceNameControl_Picture&Audio,3.0.4,85.25649972,
4,FacesBlock3.xlsx,Daniel.mp4,Daniel.JPG,Daniel,31,videoFrameDaniel.png,0,0,0,2,0,3,3,1,,,,,0,1,0.519648394,,,,,,,20,1,2019_Oct_01_1001,FaceNameControl_Picture&Audio,3.0.4,85.25649972,
21,FacesBlock3.xlsx,Daniel.mp4,Daniel.JPG,Daniel,31,videoFrameDaniel.png,0,0,0,2,,,,,0,5,5,1,,,,Mike,"['lshift', 'm', 'i', 'c', 'backspace', 'k', 'e']","[4.776219403999903, 4.942005277999897, 5.541645801999948, 6.117897507999942, 7.293270742999994, 8.069626384999992, 8.258887616999914]",[4.77621,4.77621,1,20,1,2019_Oct_01_1001,FaceNameControl_Picture&Audio,3.0.4,85.25649972,
36,FacesBlock1.xlsx,Danielle.mp4,Danielle.JPG,Danielle,3,videoFrameDanielle.png,0,1,1,0,0,5,5,3,,,,,0,2,0.367959354,,,,,,,20,1,2019_Oct_01_1001,FaceNameControl_Picture&Audio,3.0.4,85.25649972,
52,FacesBlock1.xlsx,Danielle.mp4,Danielle.JPG,Danielle,3,videoFrameDanielle.png,0,1,1,0,,,,,0,6,6,3,,,,,None,,,,1,20,1,2019_Oct_01_1001,FaceNameControl_Picture&Audio,3.0.4,85.25649972,
90,FacesBlock2.xlsx,David.mp4,David.JPG,David,19,videoFrameDavid.png,0,2,2,1,,,,,0,14,14,4,,,,,None,,,,1,20,1,2019_Oct_01_1001,FaceNameControl_Picture&Audio,3.0.4,85.25649972,
70,FacesBlock2.xlsx,David.mp4,David.JPG,David,19,videoFrameDavid.png,0,2,2,1,0,9,9,4,,,,,0,1,0.626086779,,,,,,,20,1,2019_Oct_01_1001,FaceNameControl_Picture&Audio,3.0.4,85.25649972,
108,FacesBlock4.xlsx,Dylan.mp4,Dylan.JPG,Dylan,52,videoFrameDylan.png,0,3,3,3,,,,,0,2,2,7,,,,Trev,"['lshift', 'r', 'backspace', 'lshift', 't', 'r', 'e', 'v', 'p', 'r', 'backspace', 'backspace', 'r', 'backspace']","[5.927869741999984, 6.035478657000112, 6.493881682000392, 6.63394293500005, 6.753035153000383, 7.011411834000228, 7.258079228000042, 7.517040043000179, 8.246861256000102, 8.282107453000208, 8.716405928000313, 8.893044671000098, 9.22287518300027, 9.692823718999989]",[5.92786,5.92786,1,20,1,2019_Oct_01_1001,FaceNameControl_Picture&Audio,3.0.4,85.25649972,
96,FacesBlock4.xlsx,Dylan.mp4,Dylan.JPG,Dylan,52,videoFrameDylan.png,0,3,3,3,0,5,5,7,,,,,1,1,1.484961523,,,,,,,20,1,2019_Oct_01_1001,FaceNameControl_Picture&Audio,3.0.4,85.25649972,
110,FacesBlock4.xlsx,Emily.mp4,Emily.JPG,Emily,53,videoFrameEmily.png,0,3,3,3,,,,,0,4,4,8,,,,,None,,,,1,20,1,2019_Oct_01_1001,FaceNameControl_Picture&Audio,3.0.4,85.25649972,
98,FacesBlock4.xlsx,Emily.mp4,Emily.JPG,Emily,53,videoFrameEmily.png,0,3,3,3,0,7,7,8,,,,,0,2,0.320869495,,,,,,,20,1,2019_Oct_01_1001,FaceNameControl_Picture&Audio,3.0.4,85.25649972,
38,FacesBlock1.xlsx,Eric.mp4,Eric.JPG,Eric,4,videoFrameEric.png,0,1,1,0,0,7,7,4,,,,,1,1,0.529897805,,,,,,,20,1,2019_Oct_01_1001,FaceNameControl_Picture&Audio,3.0.4,85.25649972,
51,FacesBlock1.xlsx,Eric.mp4,Eric.JPG,Eric,4,videoFrameEric.png,0,1,1,0,,,,,0,5,5,4,,,,Eric,"['lshift', 'e', 'r', 'i', 'c']","[2.3063973880000503, 2.437468532000139, 3.048727195000083, 3.2138272910001433, 3.437220780999951]",[2.30639,2.30639,4,20,1,2019_Oct_01_1001,FaceNameControl_Picture&Audio,3.0.4,85.25649972,
43,FacesBlock1.xlsx,Ethan.mp4,Ethan.JPG,Ethan,5,videoFrameEthan.png,0,1,1,0,0,12,12,5,,,,,1,1,0.732755747,,,,,,,20,1,2019_Oct_01_1001,FaceNameControl_Picture&Audio,3.0.4,85.25649972,
50,FacesBlock1.xlsx,Ethan.mp4,Ethan.JPG,Ethan,5,videoFrameEthan.png,0,1,1,0,,,,,0,4,4,5,,,,Ethan,"['lshift', 'e', 't', 'h', 'a', 'n']","[1.4360380690000056, 1.6374858950000544, 1.9315327230001458, 2.093749839000111, 2.260695695000095, 2.413814278000018]",[1.43603,1.43603,4,20,1,2019_Oct_01_1001,FaceNameControl_Picture&Audio,3.0.4,85.25649972,
120,FacesBlock4.xlsx,Grace.mp4,Grace.JPG,Grace,54,videoFrameGrace.png,0,3,3,3,,,,,0,14,14,9,,,,Grace,"['lshift', 'g', 'r', 'a', 'c', 'e']","[5.117043128000205, 5.198839412000325, 5.375207747000331, 5.495293612000296, 5.765693354000177, 5.847824501000105]",[5.11704,5.11704,3,20,1,2019_Oct_01_1001,FaceNameControl_Picture&Audio,3.0.4,85.25649972,
91,FacesBlock4.xlsx,Grace.mp4,Grace.JPG,Grace,54,videoFrameGrace.png,0,3,3,3,0,0,0,9,,,,,0,2,1.155706979,,,,,,,20,1,2019_Oct_01_1001,FaceNameControl_Picture&Audio,3.0.4,85.25649972,
74,FacesBlock2.xlsx,Haley.mp4,Haley.JPG,Haley,20,videoFrameHaley.png,0,2,2,1,0,13,13,5,,,,,0,2,0.450541243,,,,,,,20,1,2019_Oct_01_1001,FaceNameControl_Picture&Audio,3.0.4,85.25649972,
89,FacesBlock2.xlsx,Haley.mp4,Haley.JPG,Haley,20,videoFrameHaley.png,0,2,2,1,,,,,0,13,13,5,,,,,None,,,,1,20,1,2019_Oct_01_1001,FaceNameControl_Picture&Audio,3.0.4,85.25649972,
35,FacesBlock1.xlsx,Hannah.mp4,Hannah.JPG,Hannah,6,videoFrameHannah.png,0,1,1,0,0,4,4,6,,,,,1,2,0.556039798,,,,,,,20,1,2019_Oct_01_1001,FaceNameControl_Picture&Audio,3.0.4,85.25649972,
46,FacesBlock1.xlsx,Hannah.mp4,Hannah.JPG,Hannah,6,videoFrameHannah.png,0,1,1,0,,,,,0,0,0,6,,,,Hanna,"['lshift', 'h', 'a', 'n', 'n', 'a']","[4.270365712000057, 4.401538896999909, 4.648201780999898, 4.766016980999893, 4.942524881000054, 5.119045121999989]",[4.27036,4.27036,3,20,1,2019_Oct_01_1001,FaceNameControl_Picture&Audio,3.0.4,85.25649972,
85,FacesBlock2.xlsx,Heather.mp4,Heather.JPG,Heather,21,videoFrameHeather.png,0,2,2,1,,,,,0,9,9,6,,,,Heather,"['lshift', 'h', 'e', 'a', 't', 'h', 'e', 'r']","[1.977214080000067, 2.143292359000043, 2.5429791359999854, 3.5068074610001077, 4.224518345999968, 4.366024706999951, 4.506698026000095, 4.589522242999919]",[1.97721,1.97721,4,20,1,2019_Oct_01_1001,FaceNameControl_Picture&Audio,3.0.4,85.25649972,
71,FacesBlock2.xlsx,Heather.mp4,Heather.JPG,Heather,21,videoFrameHeather.png,0,2,2,1,0,10,10,6,,,,,1,2,0.872959814,,,,,,,20,1,2019_Oct_01_1001,FaceNameControl_Picture&Audio,3.0.4,85.25649972,
11,FacesBlock3.xlsx,Jacob.mp4,Jacob.JPG,Jacob,32,videoFrameJacob.png,0,0,0,2,0,10,10,2,,,,,0,1,0.497019449,,,,,,,20,1,2019_Oct_01_1001,FaceNameControl_Picture&Audio,3.0.4,85.25649972,
27,FacesBlock3.xlsx,Jacob.mp4,Jacob.JPG,Jacob,32,videoFrameJacob.png,0,0,0,2,,,,,0,11,11,2,,,,Thmo,"['lshift', 't', 'h', 'm', 'o']","[9.070074758000032, 9.165428108000015, 9.412223883000024, 9.787947645000031, 9.953413251000029]",[9.07007,9.07007,1,20,1,2019_Oct_01_1001,FaceNameControl_Picture&Audio,3.0.4,85.25649972,
112,FacesBlock4.xlsx,Jason.mp4,Jason.JPG,Jason,55,videoFrameJason.png,0,3,3,3,,,,,0,6,6,10,,,,Jason,"['lshift', 'j', 'a', 's', 'o', 'n']","[2.236295321000398, 2.3197686020002948, 2.625854762000017, 2.872762146000241, 3.0021242830002848, 3.072609131000263]",[2.23629,2.23629,4,20,1,2019_Oct_01_1001,FaceNameControl_Picture&Audio,3.0.4,85.25649972,
101,FacesBlock4.xlsx,Jason.mp4,Jason.JPG,Jason,55,videoFrameJason.png,0,3,3,3,0,10,10,10,,,,,1,1,0.803195827,,,,,,,20,1,2019_Oct_01_1001,FaceNameControl_Picture&Audio,3.0.4,85.25649972,
44,FacesBlock1.xlsx,Jenna.mp4,Jenna.JPG,Jenna,7,videoFrameJenna.png,0,1,1,0,0,13,13,7,,,,,1,2,0.814383782,,,,,,,20,1,2019_Oct_01_1001,FaceNameControl_Picture&Audio,3.0.4,85.25649972,
47,FacesBlock1.xlsx,Jenna.mp4,Jenna.JPG,Jenna,7,videoFrameJenna.png,0,1,1,0,,,,,0,1,1,7,,,,Jenna,"['lshift', 'j', 'e', 'n', 'n', 'a']","[1.5310464560000128, 1.5912090889999035, 1.7792326650001087, 1.8967625830000543, 2.025820180999972, 2.449493527999948]",[1.53104,1.53104,3,20,1,2019_Oct_01_1001,FaceNameControl_Picture&Audio,3.0.4,85.25649972,
73,FacesBlock2.xlsx,Jeremy.mp4,Jeremy.JPG,Jeremy,22,videoFrameJeremy.png,0,2,2,1,0,12,12,7,,,,,1,1,0.862039369,,,,,,,20,1,2019_Oct_01_1001,FaceNameControl_Picture&Audio,3.0.4,85.25649972,
86,FacesBlock2.xlsx,Jeremy.mp4,Jeremy.JPG,Jeremy,22,videoFrameJeremy.png,0,2,2,1,,,,,0,10,10,7,,,,Trevor,"['lshift', 't', 'r', 'e', 'v', 'o', 'r']","[4.576510138999993, 4.729029631000003, 5.328789959000005, 5.671500003000119, 6.177555252000047, 6.295102505000159, 6.46006519499997]",[4.57651,4.57651,1,20,1,2019_Oct_01_1001,FaceNameControl_Picture&Audio,3.0.4,85.25649972,
59,FacesBlock1.xlsx,Jessica.mp4,Jessica.JPG,Jessica,8,videoFrameJessica.png,0,1,1,0,,,,,0,13,13,8,,,,Jessica,"['lshift', 'j', 'e', 's', 's', 'i', 'c', 'a']","[2.1876627780000035, 2.2955741620000936, 2.5307707120000487, 2.800613525000017, 2.966171585999973, 3.306874106000123, 3.622490851000066, 3.8829362240001046]",[2.18766,2.18766,3,20,1,2019_Oct_01_1001,FaceNameControl_Picture&Audio,3.0.4,85.25649972,
45,FacesBlock1.xlsx,Jessica.mp4,Jessica.JPG,Jessica,8,videoFrameJessica.png,0,1,1,0,0,14,14,8,,,,,0,2,0.696384469,,,,,,,20,1,2019_Oct_01_1001,FaceNameControl_Picture&Audio,3.0.4,85.25649972,
62,FacesBlock2.xlsx,Josh.mp4,Josh.JPG,Josh,23,videoFrameJosh.png,0,2,2,1,0,1,1,8,,,,,1,1,1.390441683,,,,,,,20,1,2019_Oct_01_1001,FaceNameControl_Picture&Audio,3.0.4,85.25649972,
82,FacesBlock2.xlsx,Josh.mp4,Josh.JPG,Josh,23,videoFrameJosh.png,0,2,2,1,,,,,0,6,6,8,,,,Josh,"['lshift', 'j', 'o', 's', 'h']","[1.459440801000028, 1.5312298979999923, 1.8017337189999125, 1.966554116999987, 2.0950302559999727]",[1.45944,1.45944,4,20,1,2019_Oct_01_1001,FaceNameControl_Picture&Audio,3.0.4,85.25649972,
39,FacesBlock1.xlsx,Julia.mp4,Julia.JPG,Julia,9,videoFrameJulia.png,0,1,1,0,0,8,8,9,,,,,1,2,0.567271615,,,,,,,20,1,2019_Oct_01_1001,FaceNameControl_Picture&Audio,3.0.4,85.25649972,
49,FacesBlock1.xlsx,Julia.mp4,Julia.JPG,Julia,9,videoFrameJulia.png,0,1,1,0,,,,,0,3,3,9,,,,Nateley,"['lshift', 'n', 'a', 't', 'e', 'l', 'e', 'y']","[5.75192760799996, 5.800857166000014, 6.224024083999893, 6.635932242000081, 6.718012216000034, 6.988654853000071, 7.92896752799993, 8.011937080000052]",[5.75192,5.75192,2,20,1,2019_Oct_01_1001,FaceNameControl_Picture&Audio,3.0.4,85.25649972,
68,FacesBlock2.xlsx,Justin.mp4,Justin.JPG,Justin,24,videoFrameJustin.png,0,2,2,1,0,7,7,9,,,,,0,1,0.732790147,,,,,,,20,1,2019_Oct_01_1001,FaceNameControl_Picture&Audio,3.0.4,85.25649972,
77,FacesBlock2.xlsx,Justin.mp4,Justin.JPG,Justin,24,videoFrameJustin.png,0,2,2,1,,,,,0,1,1,9,,,,,None,,,,1,20,1,2019_Oct_01_1001,FaceNameControl_Picture&Audio,3.0.4,85.25649972,
93,FacesBlock4.xlsx,Katie.mp4,Katie.JPG,Katie,56,videoFrameKatie.png,0,3,3,3,0,2,2,11,,,,,1,2,0.167947205,,,,,,,20,1,2019_Oct_01_1001,FaceNameControl_Picture&Audio,3.0.4,85.25649972,
114,FacesBlock4.xlsx,Katie.mp4,Katie.JPG,Katie,56,videoFrameKatie.png,0,3,3,3,,,,,0,8,8,11,,,,,None,,,,1,20,1,2019_Oct_01_1001,FaceNameControl_Picture&Audio,3.0.4,85.25649972,
3,FacesBlock3.xlsx,Kayla.mp4,Kayla.JPG,Kayla,33,videoFrameKayla.png,0,0,0,2,0,2,2,3,,,,,1,2,0.661674463,,,,,,,20,1,2019_Oct_01_1001,FaceNameControl_Picture&Audio,3.0.4,85.25649972,
29,FacesBlock3.xlsx,Kayla.mp4,Kayla.JPG,Kayla,33,videoFrameKayla.png,0,0,0,2,,,,,0,13,13,3,,,,,None,,,,1,20,1,2019_Oct_01_1001,FaceNameControl_Picture&Audio,3.0.4,85.25649972,
58,FacesBlock1.xlsx,Kelsey.mp4,Kelsey.JPG,Kelsey,10,videoFrameKelsey.png,0,1,1,0,,,,,0,12,12,10,,,,,None,,,,1,20,1,2019_Oct_01_1001,FaceNameControl_Picture&Audio,3.0.4,85.25649972,
33,FacesBlock1.xlsx,Kelsey.mp4,Kelsey.JPG,Kelsey,10,videoFrameKelsey.png,0,1,1,0,0,2,2,10,,,,,1,2,0.449685769,,,,,,,20,1,2019_Oct_01_1001,FaceNameControl_Picture&Audio,3.0.4,85.25649972,
1,FacesBlock3.xlsx,Kevin.mp4,Kevin.JPG,Kevin,34,videoFrameKevin.png,0,0,0,2,0,0,0,4,,,,,1,1,2.049300368,,,,,,,20,1,2019_Oct_01_1001,FaceNameControl_Picture&Audio,3.0.4,85.25649972,
22,FacesBlock3.xlsx,Kevin.mp4,Kevin.JPG,Kevin,34,videoFrameKevin.png,0,0,0,2,,,,,0,6,6,4,,,,,None,,,,1,20,1,2019_Oct_01_1001,FaceNameControl_Picture&Audio,3.0.4,85.25649972,
40,FacesBlock1.xlsx,Kyle.mp4,Kyle.JPG,Kyle,11,videoFrameKyle.png,0,1,1,0,0,9,9,11,,,,,1,1,0.273192103,,,,,,,20,1,2019_Oct_01_1001,FaceNameControl_Picture&Audio,3.0.4,85.25649972,
60,FacesBlock1.xlsx,Kyle.mp4,Kyle.JPG,Kyle,11,videoFrameKyle.png,0,1,1,0,,,,,0,14,14,11,,,,Matthew,"['lshift', 'm', 'a', 't', 'h', 'backspace', 't', 'h', 'e', 'w']","[4.010295430000042, 4.129535014000112, 4.470940979000034, 4.83583191799994, 4.987676931000124, 6.773841451999942, 7.150870796999925, 7.893758546000072, 8.869867714000065, 8.950223656999924]",[4.01029,4.01029,1,20,1,2019_Oct_01_1001,FaceNameControl_Picture&Audio,3.0.4,85.25649972,
24,FacesBlock3.xlsx,Lauren.mp4,Lauren.JPG,Lauren,35,videoFrameLauren.png,0,0,0,2,,,,,0,8,8,5,,,,Lauren,"['lshift', 'l', 'a', 'r', 'backspace', 'u', 'r', 'e', 'n']","[2.2236438959999987, 2.3072307359999513, 2.6249134909999157, 3.0484678849999227, 3.927832063999972, 4.327827911999975, 4.436262523999972, 4.565020795999999, 4.77731861299992]",[2.22364,2.22364,3,20,1,2019_Oct_01_1001,FaceNameControl_Picture&Audio,3.0.4,85.25649972,
12,FacesBlock3.xlsx,Lauren.mp4,Lauren.JPG,Lauren,35,videoFrameLauren.png,0,0,0,2,0,11,11,5,,,,,1,2,0.402803684,,,,,,,20,1,2019_Oct_01_1001,FaceNameControl_Picture&Audio,3.0.4,85.25649972,
2,FacesBlock3.xlsx,Mark.mp4,Mark.JPG,Mark,36,videoFrameMark.png,0,0,0,2,0,1,1,6,,,,,1,1,0.824212488,,,,,,,20,1,2019_Oct_01_1001,FaceNameControl_Picture&Audio,3.0.4,85.25649972,
28,FacesBlock3.xlsx,Mark.mp4,Mark.JPG,Mark,36,videoFrameMark.png,0,0,0,2,,,,,0,12,12,6,,,,Thomas,"['lshift', 't', 'h', 'o', 'm', 'a', 's']","[1.6591156769999316, 1.8135718820000193, 2.4131020879999596, 2.6839817609999272, 3.5891272789999675, 3.930751901000008, 4.706823106999991]",[1.65911,1.65911,1,20,1,2019_Oct_01_1001,FaceNameControl_Picture&Audio,3.0.4,85.25649972,
32,FacesBlock1.xlsx,Matthew.mp4,Matthew.JPG,Matthew,12,videoFrameMatthew.png,0,1,1,0,0,1,1,12,,,,,0,1,1.249355622,,,,,,,20,1,2019_Oct_01_1001,FaceNameControl_Picture&Audio,3.0.4,85.25649972,
54,FacesBlock1.xlsx,Matthew.mp4,Matthew.JPG,Matthew,12,videoFrameMatthew.png,0,1,1,0,,,,,0,8,8,12,,,,,None,,,,1,20,1,2019_Oct_01_1001,FaceNameControl_Picture&Audio,3.0.4,85.25649972,
72,FacesBlock2.xlsx,Megan.mp4,Megan.JPG,Megan,25,videoFrameMegan.png,0,2,2,1,0,11,11,10,,,,,0,2,0.779297735,,,,,,,20,1,2019_Oct_01_1001,FaceNameControl_Picture&Audio,3.0.4,85.25649972,
88,FacesBlock2.xlsx,Megan.mp4,Megan.JPG,Megan,25,videoFrameMegan.png,0,2,2,1,,,,,0,12,12,10,,,,,None,,,,1,20,1,2019_Oct_01_1001,FaceNameControl_Picture&Audio,3.0.4,85.25649972,
107,FacesBlock4.xlsx,Michael.mp4,Michael.JPG,Michael,57,videoFrameMichael.png,0,3,3,3,,,,,0,1,1,12,,,,Michael,"['lshift', 'm', 'i', 'c', 'h', 'a', 'e', 'l']","[4.868661492999763, 4.988278846999947, 5.646338090999961, 6.140512329000103, 6.305012334999901, 6.89317102799987, 6.9164422680000825, 7.093102246999933]",[4.86866,4.86866,3,20,1,2019_Oct_01_1001,FaceNameControl_Picture&Audio,3.0.4,85.25649972,
97,FacesBlock4.xlsx,Michael.mp4,Michael.JPG,Michael,57,videoFrameMichael.png,0,3,3,3,0,6,6,12,,,,,1,1,0.814547404,,,,,,,20,1,2019_Oct_01_1001,FaceNameControl_Picture&Audio,3.0.4,85.25649972,
113,FacesBlock4.xlsx,Michelle.mp4,Michelle.JPG,Michelle,58,videoFrameMichelle.png,0,3,3,3,,,,,0,7,7,13,,,,Michelle,"['lshift', 'm', 'i', 'c', 'h', 'e', 'l', 'l', 'e']","[1.3050352940003904, 1.3419576250003047, 1.601173936000123, 1.812542434000079, 1.9183707880001748, 2.165278447000219, 2.776867405000303, 2.917922500000259, 3.092494359000284]",[1.30503,1.30503,4,20,1,2019_Oct_01_1001,FaceNameControl_Picture&Audio,3.0.4,85.25649972,
100,FacesBlock4.xlsx,Michelle.mp4,Michelle.JPG,Michelle,58,videoFrameMichelle.png,0,3,3,3,0,9,9,13,,,,,0,2,0.907971959,,,,,,,20,1,2019_Oct_01_1001,FaceNameControl_Picture&Audio,3.0.4,85.25649972,
37,FacesBlock1.xlsx,Natalie.mp4,Natalie.JPG,Natalie,13,videoFrameNatalie.png,0,1,1,0,0,6,6,13,,,,,0,2,0.497057436,,,,,,,20,1,2019_Oct_01_1001,FaceNameControl_Picture&Audio,3.0.4,85.25649972,
56,FacesBlock1.xlsx,Natalie.mp4,Natalie.JPG,Natalie,13,videoFrameNatalie.png,0,1,1,0,,,,,0,10,10,13,,,,Jessica,"['lshift', 'j', 'e', 's', 's', 'i', 'c', 'a']","[4.6339059209999505, 4.706529762999935, 6.694744773999901, 6.917717393999965, 7.059387129000015, 7.235849819999885, 7.435780426999827, 7.62395122099997]",[4.63390,4.63390,1,20,1,2019_Oct_01_1001,FaceNameControl_Picture&Audio,3.0.4,85.25649972,
19,FacesBlock3.xlsx,Nathan.mp4,Nathan.JPG,Nathan,37,videoFrameNathan.png,0,0,0,2,,,,,0,3,3,7,,,,David,"['lshift', 'd', 'a', 'v', 'i', 'd']","[2.422623628999986, 2.871092413000042, 3.4707686689999946, 3.9530503759999647, 4.188355122999951, 4.423346244999948]",[2.42262,2.42262,1,20,1,2019_Oct_01_1001,FaceNameControl_Picture&Audio,3.0.4,85.25649972,
6,FacesBlock3.xlsx,Nathan.mp4,Nathan.JPG,Nathan,37,videoFrameNathan.png,0,0,0,2,0,5,5,7,,,,,1,1,0.614546246,,,,,,,20,1,2019_Oct_01_1001,FaceNameControl_Picture&Audio,3.0.4,85.25649972,
23,FacesBlock3.xlsx,Nicole.mp4,Nicole.JPG,Nicole,38,videoFrameNicole.png,0,0,0,2,,,,,0,7,7,8,,,,Shelby,"['lshift', 's', 'h', 'e', 'b', 'y', 'backspace', 'backspace', 'l', 'b', 'y']","[4.270743434999986, 4.50745523799992, 4.847769298999992, 7.188931311999909, 7.505895570999996, 8.246707199999946, 8.858440298000005, 9.070287641999926, 9.400028046999978, 9.65902955599995, 9.835328371999935]",[4.27074,4.27074,2,20,1,2019_Oct_01_1001,FaceNameControl_Picture&Audio,3.0.4,85.25649972,
8,FacesBlock3.xlsx,Nicole.mp4,Nicole.JPG,Nicole,38,videoFrameNicole.png,0,0,0,2,0,7,7,8,,,,,0,2,0.591844407,,,,,,,20,1,2019_Oct_01_1001,FaceNameControl_Picture&Audio,3.0.4,85.25649972,
5,FacesBlock3.xlsx,Noah.mp4,Noah.JPG,Noah,39,videoFrameNoah.png,0,0,0,2,0,4,4,9,,,,,0,1,0.376615484,,,,,,,20,1,2019_Oct_01_1001,FaceNameControl_Picture&Audio,3.0.4,85.25649972,
18,FacesBlock3.xlsx,Noah.mp4,Noah.JPG,Noah,39,videoFrameNoah.png,0,0,0,2,,,,,0,2,2,9,,,,Noah,"['lshift', 'n', 'o', 'a', 'h']","[4.068960256999958, 4.212273558999982, 5.046169127999974, 5.517094696999948, 5.682083225999918]",[4.06896,4.06896,2,20,1,2019_Oct_01_1001,FaceNameControl_Picture&Audio,3.0.4,85.25649972,
17,FacesBlock3.xlsx,Olivia.mp4,Olivia.JPG,Olivia,40,videoFrameOlivia.png,0,0,0,2,,,,,0,1,1,10,,,,Shelby,"['lshift', 's', 'h', 'e', 'l', 'b', 'y']","[5.917030918000023, 6.059660693000069, 6.553141094000011, 7.011763789000042, 7.21181363200003, 7.494169916000033, 7.847387248000018]",[5.91703,5.91703,2,20,1,2019_Oct_01_1001,FaceNameControl_Picture&Audio,3.0.4,85.25649972,
13,FacesBlock3.xlsx,Olivia.mp4,Olivia.JPG,Olivia,40,videoFrameOlivia.png,0,0,0,2,0,12,12,10,,,,,1,2,0.296882976,,,,,,,20,1,2019_Oct_01_1001,FaceNameControl_Picture&Audio,3.0.4,85.25649972,
75,FacesBlock2.xlsx,Rachel.mp4,Rachel.JPG,Rachel,26,videoFrameRachel.png,0,2,2,1,0,14,14,11,,,,,0,2,0.496833487,,,,,,,20,1,2019_Oct_01_1001,FaceNameControl_Picture&Audio,3.0.4,85.25649972,
84,FacesBlock2.xlsx,Rachel.mp4,Rachel.JPG,Rachel,26,videoFrameRachel.png,0,2,2,1,,,,,0,8,8,11,,,,J,"['lshift', 'j']","[9.692306613000028, 9.87076719400011]",[9.69230,9.69230,1,20,1,2019_Oct_01_1001,FaceNameControl_Picture&Audio,3.0.4,85.25649972,
16,FacesBlock3.xlsx,Rebecca.mp4,Rebecca.JPG,Rebecca,41,videoFrameRebecca.png,0,0,0,2,,,,,0,0,0,11,,,,Sarah ,"['lshift', 's', 'a', 'r', 'a', 'h', 'space']","[4.516759768000043, 4.659802991999982, 5.024360406000028, 5.388994180000054, 5.541085748, 5.812445533999949, 8.117769694000003]",[4.51675,4.51675,2,20,1,2019_Oct_01_1001,FaceNameControl_Picture&Audio,3.0.4,85.25649972,
14,FacesBlock3.xlsx,Rebecca.mp4,Rebecca.JPG,Rebecca,41,videoFrameRebecca.png,0,0,0,2,0,13,13,11,,,,,0,2,0.62663585,,,,,,,20,1,2019_Oct_01_1001,FaceNameControl_Picture&Audio,3.0.4,85.25649972,
7,FacesBlock3.xlsx,Sarah.mp4,Sarah.JPG,Sarah,42,videoFrameSarah.png,0,0,0,2,0,6,6,12,,,,,0,2,0.003086958,,,,,,,20,1,2019_Oct_01_1001,FaceNameControl_Picture&Audio,3.0.4,85.25649972,
25,FacesBlock3.xlsx,Sarah.mp4,Sarah.JPG,Sarah,42,videoFrameSarah.png,0,0,0,2,,,,,0,9,9,12,,,,Sarah,"['lshift', 's', 'lshift', 'a', 'r', 'a', 'h', 'backspace', 'backspace', 'backspace', 'backspace', 'a', 'r', 'a', 'h']","[2.941836516999956, 3.3071189069999036, 3.321820756999955, 3.9289263669999173, 4.2015560989999585, 4.295208026999944, 4.648610500999894, 5.364701326999921, 5.670768872999929, 5.8241462289998935, 5.9765610669999205, 6.248338834999913, 6.400990542999921, 6.4952747119999685, 7.118713034999928]",[2.94183,2.94183,2,20,1,2019_Oct_01_1001,FaceNameControl_Picture&Audio,3.0.4,85.25649972,
30,FacesBlock3.xlsx,Shelby.mp4,Shelby.JPG,Shelby,43,videoFrameShelby.png,0,0,0,2,,,,,0,14,14,13,,,,Sarah,"['lshift', 's', 'a', 'r', 'a', 'h']","[8.621799388, 8.77683518699996, 9.070355146999987, 9.303555561000053, 9.399636306000048, 9.587306280000007]",[8.62179,8.62179,1,20,1,2019_Oct_01_1001,FaceNameControl_Picture&Audio,3.0.4,85.25649972,
15,FacesBlock3.xlsx,Shelby.mp4,Shelby.JPG,Shelby,43,videoFrameShelby.png,0,0,0,2,0,14,14,13,,,,,1,2,0.732281823,,,,,,,20,1,2019_Oct_01_1001,FaceNameControl_Picture&Audio,3.0.4,85.25649972,
66,FacesBlock2.xlsx,Steven.mp4,Steven.JPG,Steven,27,videoFrameSteven.png,0,2,2,1,0,5,5,12,,,,,0,1,0.79061441,,,,,,,20,1,2019_Oct_01_1001,FaceNameControl_Picture&Audio,3.0.4,85.25649972,
76,FacesBlock2.xlsx,Steven.mp4,Steven.JPG,Steven,27,videoFrameSteven.png,0,2,2,1,,,,,0,0,0,12,,,,Matt,"['lshift', 'm', 'a', 't', 't']","[4.576102749000029, 4.7067381990000285, 5.010580431000108, 5.306626030000189, 6.012075890999995]",[4.57610,4.57610,1,20,1,2019_Oct_01_1001,FaceNameControl_Picture&Audio,3.0.4,85.25649972,
102,FacesBlock4.xlsx,Taylor.mp4,Taylor.JPG,Taylor,59,videoFrameTaylor.png,0,3,3,3,0,11,11,14,,,,,0,2,0.555207847,,,,,,,20,1,2019_Oct_01_1001,FaceNameControl_Picture&Audio,3.0.4,85.25649972,
117,FacesBlock4.xlsx,Taylor.mp4,Taylor.JPG,Taylor,59,videoFrameTaylor.png,0,3,3,3,,,,,0,11,11,14,,,,Taylor,"['lshift', 't', 'a', 'y', 'l', 'o', 'r']","[3.1646139099998436, 3.413104921000013, 3.8480504250001104, 4.071635380999851, 4.2950572210002065, 4.612125059999926, 4.765065347000018]",[3.16461,3.16461,3,20,1,2019_Oct_01_1001,FaceNameControl_Picture&Audio,3.0.4,85.25649972,
20,FacesBlock3.xlsx,Thomas.mp4,Thomas.JPG,Thomas,44,videoFrameThomas.png,0,0,0,2,,,,,0,4,4,14,,,,,None,,,,1,20,1,2019_Oct_01_1001,FaceNameControl_Picture&Audio,3.0.4,85.25649972,
10,FacesBlock3.xlsx,Thomas.mp4,Thomas.JPG,Thomas,44,videoFrameThomas.png,0,0,0,2,0,9,9,14,,,,,0,1,0.461569341,,,,,,,20,1,2019_Oct_01_1001,FaceNameControl_Picture&Audio,3.0.4,85.25649972,
42,FacesBlock1.xlsx,Timothy.mp4,Timothy.JPG,Timothy,14,videoFrameTimothy.png,0,1,1,0,0,11,11,14,,,,,0,1,0.4140649,,,,,,,20,1,2019_Oct_01_1001,FaceNameControl_Picture&Audio,3.0.4,85.25649972,
55,FacesBlock1.xlsx,Timothy.mp4,Timothy.JPG,Timothy,14,videoFrameTimothy.png,0,1,1,0,,,,,0,9,9,14,,,,,None,,,,1,20,1,2019_Oct_01_1001,FaceNameControl_Picture&Audio,3.0.4,85.25649972,
67,FacesBlock2.xlsx,Trevor.mp4,Trevor.JPG,Trevor,28,videoFrameTrevor.png,0,2,2,1,0,6,6,13,,,,,1,1,0.803414786,,,,,,,20,1,2019_Oct_01_1001,FaceNameControl_Picture&Audio,3.0.4,85.25649972,
79,FacesBlock2.xlsx,Trevor.mp4,Trevor.JPG,Trevor,28,videoFrameTrevor.png,0,2,2,1,,,,,0,3,3,13,,,,Trevor,"['lshift', 't', 'r', 'e', 'v', 'o', 'r']","[4.657535037000116, 4.823794680999981, 5.28267265400018, 5.623484350000126, 6.246610766000003, 6.776096838000058, 7.010666850999996]",[4.65753,4.65753,1,20,1,2019_Oct_01_1001,FaceNameControl_Picture&Audio,3.0.4,85.25649972,
63,FacesBlock2.xlsx,Tyler.mp4,Tyler.JPG,Tyler,29,videoFrameTyler.png,0,2,2,1,0,2,2,14,,,,,0,1,0.623645912,,,,,,,20,1,2019_Oct_01_1001,FaceNameControl_Picture&Audio,3.0.4,85.25649972,
81,FacesBlock2.xlsx,Tyler.mp4,Tyler.JPG,Tyler,29,videoFrameTyler.png,0,2,2,1,,,,,0,5,5,14,,,,Tyler,"['lshift', 'lshift', 't', 'y', 'l', 'e', 'r']","[4.694013814000073, 4.976311291000002, 4.98945142499997, 5.447768068999949, 5.683093749999898, 5.871267784999873, 5.97744249099992]",[4.69401,4.69401,2,20,1,2019_Oct_01_1001,FaceNameControl_Picture&Audio,3.0.4,85.25649972,
0,,,,,,,,,,,,,,,,,,,,,,,,,,,,20,1,2019_Oct_01_1001,FaceNameControl_Picture&Audio,3.0.4,85.25649972,
121,,,,,,,,,,,,,,,,,,,,,,,,,,,,20,1,2019_Oct_01_1001,FaceNameControl_Picture&Audio,3.0.4,85.25649972,