,condsFile,Video,Photo,Name,Row,videoFrame,blocks.thisRepN,blocks.thisTrialN,blocks.thisN,blocks.thisIndex,presentations.thisRepN,presentations.thisTrialN,presentations.thisN,presentations.thisIndex,testing.thisRepN,testing.thisTrialN,testing.thisN,testing.thisIndex,currentCond,judgementResp.keys,judgementResp.rt,inputText,key_resp_3.keys,key_resp_3.rt,,key_resp3_fin,rating_resp.keys,participant,session,date,expName,psychopyVersion,frameRate,Unnamed: 31
85,FacesBlock2.xlsx,Aaron.mp4,Aaron.JPG,Aaron,15,videoFrameAaron.png,0,2,2,1,,,,,0,9,9,0,,,,,None,,,,1,27,1,2019_Oct_02_0959,FaceNameControl_Picture&Audio,3.0.4,60.00896522,
71,FacesBlock2.xlsx,Aaron.mp4,Aaron.JPG,Aaron,15,videoFrameAaron.png,0,2,2,1,0,10,10,0,,,,,1,1,0.952366919,,,,,,,27,1,2019_Oct_02_0959,FaceNameControl_Picture&Audio,3.0.4,60.00896522,
49,FacesBlock1.xlsx,Adam.mp4,Adam.JPG,Adam,0,videoFrameAdam.png,0,1,1,0,,,,,0,3,3,0,,,,Adam,"['lshift', 'a', 'd', 'a', 'm']","[0.9838790329959011, 1.2516515589959454, 1.6675644630013267, 1.8177233140013414, 1.9343864539987408]",[0.98387,0.98387,4,27,1,2019_Oct_02_0959,FaceNameControl_Picture&Audio,3.0.4,60.00896522,
31,FacesBlock1.xlsx,Adam.mp4,Adam.JPG,Adam,0,videoFrameAdam.png,0,1,1,0,0,0,0,0,,,,,1,1,1.836066872,,,,,,,27,1,2019_Oct_02_0959,FaceNameControl_Picture&Audio,3.0.4,60.00896522,
1,FacesBlock4.xlsx,Alyssa.mp4,Alyssa.JPG,Alyssa,45,videoFrameAlyssa.png,0,0,0,3,0,0,0,0,,,,,0,2,4.317516534,,,,,,,27,1,2019_Oct_02_0959,FaceNameControl_Picture&Audio,3.0.4,60.00896522,
25,FacesBlock4.xlsx,Alyssa.mp4,Alyssa.JPG,Alyssa,45,videoFrameAlyssa.png,0,0,0,3,,,,,0,9,9,0,,,,,"['lshift', 'b', 'backspace']","[6.199411732988665, 6.448811821988784, 7.333420472990838]",[6.19941,6.19941,1,27,1,2019_Oct_02_0959,FaceNameControl_Picture&Audio,3.0.4,60.00896522,
32,FacesBlock1.xlsx,Amanda.mp4,Amanda.JPG,Amanda,1,videoFrameAmanda.png,0,1,1,0,0,1,1,1,,,,,1,2,0.853038598,,,,,,,27,1,2019_Oct_02_0959,FaceNameControl_Picture&Audio,3.0.4,60.00896522,
60,FacesBlock1.xlsx,Amanda.mp4,Amanda.JPG,Amanda,1,videoFrameAmanda.png,0,1,1,0,,,,,0,14,14,1,,,,Amanda,"['lshift', 'a', 'm', 'a', 'm', 'backspace', 'd', 'backspace', 'n', 'd', 'a']","[1.1504237430053763, 1.2691322960017715, 1.534783231007168, 1.6997339649969945, 1.8189194459991995, 2.4015870470029768, 2.53505571000278, 2.984486575005576, 4.218181923002703, 4.517686060004053, 4.634146038995823]",[1.15042,1.15042,4,27,1,2019_Oct_02_0959,FaceNameControl_Picture&Audio,3.0.4,60.00896522,
11,FacesBlock4.xlsx,Andrew.mp4,Andrew.JPG,Andrew,46,videoFrameAndrew.png,0,0,0,3,0,10,10,1,,,,,1,1,0.669666147,,,,,,,27,1,2019_Oct_02_0959,FaceNameControl_Picture&Audio,3.0.4,60.00896522,
17,FacesBlock4.xlsx,Andrew.mp4,Andrew.JPG,Andrew,46,videoFrameAndrew.png,0,0,0,3,,,,,0,1,1,1,,,,Caleb,"['lshift', 'b', 'r', 'n', 'backspace', 'a', 'n', 'd', 'o', 'n', 'backspace', 'backspace', 'backspace', 'backspace', 'backspace', 'backspace', 'backspace', 'lshift', 'c', 'a', 'l', 'e', 'b']","[1.2344838979915949, 1.6357317410001997, 2.068907829991076, 2.3686229849990923, 2.7510217829985777, 3.068075910996413, 3.201053167998907, 3.651606996994815, 3.7845853839971824, 3.9342129610013217, 5.100591918991995, 5.267336896999041, 5.449327123002149, 5.583818885992514, 5.717201539999223, 5.867121176997898, 6.016855128997122, 6.166133343998808, 6.281583000993123, 6.567463604995282, 6.667391166993184, 6.883598129003076, 7.017278040992096]",[1.23448,1.23448,2,27,1,2019_Oct_02_0959,FaceNameControl_Picture&Audio,3.0.4,60.00896522,
12,FacesBlock4.xlsx,Anna.mp4,Anna.JPG,Anna,47,videoFrameAnna.png,0,0,0,3,0,11,11,2,,,,,1,2,0.619441618,,,,,,,27,1,2019_Oct_02_0959,FaceNameControl_Picture&Audio,3.0.4,60.00896522,
24,FacesBlock4.xlsx,Anna.mp4,Anna.JPG,Anna,47,videoFrameAnna.png,0,0,0,3,,,,,0,8,8,2,,,,Anna,"['lshift', 'a', 'lshift', 'n', 'n', 'a', 'backspace', 'backspace', 'backspace', 'n', 'n', 'a']","[0.8336770780006191, 1.2015039990074001, 1.250368820008589, 1.6681494229997043, 1.8180625200038776, 1.9346674760017777, 2.3840781199978665, 2.5505088370118756, 2.7005405939999036, 2.9677442590036662, 3.117687232006574, 3.233937324999715]",[0.83367,0.83367,4,27,1,2019_Oct_02_0959,FaceNameControl_Picture&Audio,3.0.4,60.00896522,
64,FacesBlock2.xlsx,Ashley.mp4,Ashley.JPG,Ashley,16,videoFrameAshley.png,0,2,2,1,0,3,3,1,,,,,0,2,1.136153577,,,,,,,27,1,2019_Oct_02_0959,FaceNameControl_Picture&Audio,3.0.4,60.00896522,
78,FacesBlock2.xlsx,Ashley.mp4,Ashley.JPG,Ashley,16,videoFrameAshley.png,0,2,2,1,,,,,0,2,2,1,,,,Ashley,"['lshift', 'a', 's', 'h', 'l', 'e', 'y']","[1.3005638289905619, 1.618842980999034, 2.235221268987516, 2.368874235995463, 2.5851391639880603, 2.7679456999903778, 3.151099359994987]",[1.30056,1.30056,3,27,1,2019_Oct_02_0959,FaceNameControl_Picture&Audio,3.0.4,60.00896522,
40,FacesBlock1.xlsx,Bradley.mp4,Bradley.JPG,Bradley,2,videoFrameBradley.png,0,1,1,0,0,9,9,2,,,,,0,1,0.819593789,,,,,,,27,1,2019_Oct_02_0959,FaceNameControl_Picture&Audio,3.0.4,60.00896522,
52,FacesBlock1.xlsx,Bradley.mp4,Bradley.JPG,Bradley,2,videoFrameBradley.png,0,1,1,0,,,,,0,6,6,2,,,,Bradley,"['lshift', 'b', 'r', 'a', 'd', 'l', 'e', 'y']","[0.734059600988985, 1.0194233660004102, 1.368519887997536, 1.46908148098737, 1.6691331809997791, 1.7683954739914043, 1.9687158460001228, 2.135161762998905]",[0.73405,0.73405,4,27,1,2019_Oct_02_0959,FaceNameControl_Picture&Audio,3.0.4,60.00896522,
28,FacesBlock4.xlsx,Brandon.mp4,Brandon.JPG,Brandon,48,videoFrameBrandon.png,0,0,0,3,,,,,0,12,12,3,,,,Brandon,"['lshift', 'lshift', 'b', 'r', 'a', 'n', 'd', 'o', 'n']","[3.266446437992272, 6.6984738649916835, 6.966084471001523, 7.399976753004012, 7.516706428999896, 7.6498080129968, 7.816123951997724, 7.932215091001126, 8.08124693899299]",[3.26644,3.26644,4,27,1,2019_Oct_02_0959,FaceNameControl_Picture&Audio,3.0.4,60.00896522,
2,FacesBlock4.xlsx,Brandon.mp4,Brandon.JPG,Brandon,48,videoFrameBrandon.png,0,0,0,3,0,1,1,3,,,,,1,1,0.419163956,,,,,,,27,1,2019_Oct_02_0959,FaceNameControl_Picture&Audio,3.0.4,60.00896522,
10,FacesBlock4.xlsx,Brian.mp4,Brian.JPG,Brian,49,videoFrameBrian.png,0,0,0,3,0,9,9,4,,,,,0,1,0.686093357,,,,,,,27,1,2019_Oct_02_0959,FaceNameControl_Picture&Audio,3.0.4,60.00896522,
29,FacesBlock4.xlsx,Brian.mp4,Brian.JPG,Brian,49,videoFrameBrian.png,0,0,0,3,,,,,0,13,13,4,,,,Dylan,"['lshift', 'd', 'y', 'l', 'a', 'n']","[1.200751903001219, 1.3520630140119465, 1.6020235710020643, 1.7856011080002645, 1.8853149140049936, 2.0189855440112296]",[1.20075,1.20075,4,27,1,2019_Oct_02_0959,FaceNameControl_Picture&Audio,3.0.4,60.00896522,
6,FacesBlock4.xlsx,Brianna.mp4,Brianna.JPG,Brianna,50,videoFrameBrianna.png,0,0,0,3,0,5,5,5,,,,,0,2,0.935972969,,,,,,,27,1,2019_Oct_02_0959,FaceNameControl_Picture&Audio,3.0.4,60.00896522,
26,FacesBlock4.xlsx,Brianna.mp4,Brianna.JPG,Brianna,50,videoFrameBrianna.png,0,0,0,3,,,,,0,10,10,5,,,,,None,,,,1,27,1,2019_Oct_02_0959,FaceNameControl_Picture&Audio,3.0.4,60.00896522,
89,FacesBlock2.xlsx,Brittany.mp4,Brittany.JPG,Brittany,17,videoFrameBrittany.png,0,2,2,1,,,,,0,13,13,2,,,,Haley,"['lshift', 'h', 'a', 'l', 'e', 'y']","[2.9834828530001687, 3.1679596790054347, 3.501217680008267, 3.601017684006365, 3.7658030110032996, 3.884510511008557]",[2.98348,2.98348,2,27,1,2019_Oct_02_0959,FaceNameControl_Picture&Audio,3.0.4,60.00896522,
70,FacesBlock2.xlsx,Brittany.mp4,Brittany.JPG,Brittany,17,videoFrameBrittany.png,0,2,2,1,0,9,9,2,,,,,0,2,1.20238876,,,,,,,27,1,2019_Oct_02_0959,FaceNameControl_Picture&Audio,3.0.4,60.00896522,
23,FacesBlock4.xlsx,Caleb.mp4,Caleb.JPG,Caleb,51,videoFrameCaleb.png,0,0,0,3,,,,,0,7,7,6,,,,Brandon,"['lshift', 'b', 'r', 'a', 'n', 'd', 'o', 'm', 'backspace', 'n']","[2.199873022007523, 2.3683353400119813, 2.801235279010143, 2.934493499007658, 3.068057893004152, 3.21830052700534, 3.5846268130117096, 3.8827986500109546, 4.250240134002524, 4.901053254012368]",[2.19987,2.19987,2,27,1,2019_Oct_02_0959,FaceNameControl_Picture&Audio,3.0.4,60.00896522,
7,FacesBlock4.xlsx,Caleb.mp4,Caleb.JPG,Caleb,51,videoFrameCaleb.png,0,0,0,3,0,6,6,6,,,,,0,1,0.586665354,,,,,,,27,1,2019_Oct_02_0959,FaceNameControl_Picture&Audio,3.0.4,60.00896522,
68,FacesBlock2.xlsx,Cody.mp4,Cody.JPG,Cody,18,videoFrameCody.png,0,2,2,1,0,7,7,3,,,,,0,1,1.335063071,,,,,,,27,1,2019_Oct_02_0959,FaceNameControl_Picture&Audio,3.0.4,60.00896522,
77,FacesBlock2.xlsx,Cody.mp4,Cody.JPG,Cody,18,videoFrameCody.png,0,2,2,1,,,,,0,1,1,3,,,,Cody,"['lshift', 'c', 'o', 'd', 'y']","[2.966940350001096, 3.13536234300409, 3.3830547420075163, 3.4850216600025306, 3.667905410999083]",[2.96694,2.96694,2,27,1,2019_Oct_02_0959,FaceNameControl_Picture&Audio,3.0.4,60.00896522,
115,FacesBlock3.xlsx,Courtney.mp4,Courtney.JPG,Courtney,30,videoFrameCourtney.png,0,3,3,2,,,,,0,9,9,0,,,,Courtney,"['lshift', 'c', 'o', 'u', 'r', 't', 'n', 'e', 'y']","[0.6502054419979686, 0.9514787179941777, 1.2181188049871707, 1.2849834589869715, 1.4514935999904992, 1.6672369949956192, 2.301612833995023, 3.2173453389987117, 3.4673309969948605]",[0.65020,0.65020,4,27,1,2019_Oct_02_0959,FaceNameControl_Picture&Audio,3.0.4,60.00896522,
95,FacesBlock3.xlsx,Courtney.mp4,Courtney.JPG,Courtney,30,videoFrameCourtney.png,0,3,3,2,0,4,4,0,,,,,0,2,7.450765188,,,,,,,27,1,2019_Oct_02_0959,FaceNameControl_Picture&Audio,3.0.4,60.00896522,
107,FacesBlock3.xlsx,Daniel.mp4,Daniel.JPG,Daniel,31,videoFrameDaniel.png,0,3,3,2,,,,,0,1,1,1,,,,Daniel,"['lshift', 'd', 'a', 'n', 'i', 'e', 'l']","[1.7495773310074583, 2.0512101100030122, 2.31727843900444, 2.401425307005411, 2.8681328749953536, 2.9513567960093496, 3.0674193980084965]",[1.74957,1.74957,4,27,1,2019_Oct_02_0959,FaceNameControl_Picture&Audio,3.0.4,60.00896522,
99,FacesBlock3.xlsx,Daniel.mp4,Daniel.JPG,Daniel,31,videoFrameDaniel.png,0,3,3,2,0,8,8,1,,,,,0,1,3.735121238,,,,,,,27,1,2019_Oct_02_0959,FaceNameControl_Picture&Audio,3.0.4,60.00896522,
50,FacesBlock1.xlsx,Danielle.mp4,Danielle.JPG,Danielle,3,videoFrameDanielle.png,0,1,1,0,,,,,0,4,4,3,,,,Danielle,"['lshift', 'a', 'backspace', 'lshift', 'd', 'a', 'n', 'i', 'l', 'backspace', 'e', 'l', 'l', 'e']","[0.6677099320077104, 0.8853724179934943, 1.6842833840055391, 3.1665771870029857, 3.317980941996211, 3.6176518620050047, 3.6846126260061283, 3.851198574004229, 4.067745306994766, 4.3668872349953745, 4.50094734999584, 4.633785476005869, 4.750747710000724, 4.967194843004108]",[0.66770,0.66770,4,27,1,2019_Oct_02_0959,FaceNameControl_Picture&Audio,3.0.4,60.00896522,
33,FacesBlock1.xlsx,Danielle.mp4,Danielle.JPG,Danielle,3,videoFrameDanielle.png,0,1,1,0,0,2,2,3,,,,,1,2,0.652952648,,,,,,,27,1,2019_Oct_02_0959,FaceNameControl_Picture&Audio,3.0.4,60.00896522,
69,FacesBlock2.xlsx,David.mp4,David.JPG,David,19,videoFrameDavid.png,0,2,2,1,0,8,8,4,,,,,1,1,0.919403813,,,,,,,27,1,2019_Oct_02_0959,FaceNameControl_Picture&Audio,3.0.4,60.00896522,
88,FacesBlock2.xlsx,David.mp4,David.JPG,David,19,videoFrameDavid.png,0,2,2,1,,,,,0,12,12,4,,,,,None,,,,1,27,1,2019_Oct_02_0959,FaceNameControl_Picture&Audio,3.0.4,60.00896522,
15,FacesBlock4.xlsx,Dylan.mp4,Dylan.JPG,Dylan,52,videoFrameDylan.png,0,0,0,3,0,14,14,7,,,,,0,1,0.536211169,,,,,,,27,1,2019_Oct_02_0959,FaceNameControl_Picture&Audio,3.0.4,60.00896522,
18,FacesBlock4.xlsx,Dylan.mp4,Dylan.JPG,Dylan,52,videoFrameDylan.png,0,0,0,3,,,,,0,2,2,7,,,,,['lshift'],[1.6504703060054453],[1.65047,1.65047,1,27,1,2019_Oct_02_0959,FaceNameControl_Picture&Audio,3.0.4,60.00896522,
22,FacesBlock4.xlsx,Emily.mp4,Emily.JPG,Emily,53,videoFrameEmily.png,0,0,0,3,,,,,0,6,6,8,,,,Chelsea,"['lshift', 'lshift', 'c', 'h', 'e', 'l', 's', 'e', 'a']","[1.5496442739968188, 4.016154301003553, 6.250147526996443, 6.94776956399437, 7.065648805000819, 7.299607253997237, 7.816040580000845, 7.982659064000472, 8.132880969991675]",[1.54964,1.54964,1,27,1,2019_Oct_02_0959,FaceNameControl_Picture&Audio,3.0.4,60.00896522,
4,FacesBlock4.xlsx,Emily.mp4,Emily.JPG,Emily,53,videoFrameEmily.png,0,0,0,3,0,3,3,8,,,,,1,2,0.8864365,,,,,,,27,1,2019_Oct_02_0959,FaceNameControl_Picture&Audio,3.0.4,60.00896522,
57,FacesBlock1.xlsx,Eric.mp4,Eric.JPG,Eric,4,videoFrameEric.png,0,1,1,0,,,,,0,11,11,4,,,,,None,,,,1,27,1,2019_Oct_02_0959,FaceNameControl_Picture&Audio,3.0.4,60.00896522,
34,FacesBlock1.xlsx,Eric.mp4,Eric.JPG,Eric,4,videoFrameEric.png,0,1,1,0,0,3,3,4,,,,,0,1,0.985756422,,,,,,,27,1,2019_Oct_02_0959,FaceNameControl_Picture&Audio,3.0.4,60.00896522,
43,FacesBlock1.xlsx,Ethan.mp4,Ethan.JPG,Ethan,5,videoFrameEthan.png,0,1,1,0,0,12,12,5,,,,,0,1,0.753492858,,,,,,,27,1,2019_Oct_02_0959,FaceNameControl_Picture&Audio,3.0.4,60.00896522,
48,FacesBlock1.xlsx,Ethan.mp4,Ethan.JPG,Ethan,5,videoFrameEthan.png,0,1,1,0,,,,,0,2,2,5,,,,Ethan,"['lshift', 'e', 't', 'a', 'backspace', 'h', 'a', 'n']","[1.0342163569875993, 1.2689781159861013, 1.5516717599966796, 1.751955307991011, 2.1343135479983175, 2.518930421996629, 2.634811024996452, 2.784981742996024]",[1.03421,1.03421,4,27,1,2019_Oct_02_0959,FaceNameControl_Picture&Audio,3.0.4,60.00896522,
9,FacesBlock4.xlsx,Grace.mp4,Grace.JPG,Grace,54,videoFrameGrace.png,0,0,0,3,0,8,8,9,,,,,1,2,0.269770663,,,,,,,27,1,2019_Oct_02_0959,FaceNameControl_Picture&Audio,3.0.4,60.00896522,
30,FacesBlock4.xlsx,Grace.mp4,Grace.JPG,Grace,54,videoFrameGrace.png,0,0,0,3,,,,,0,14,14,9,,,,Grace,"['lshift', 'g', 'r', 'a', 'c', 'e']","[0.9671695629949681, 1.2690970769908745, 1.618534492998151, 1.75177410300239, 2.1356768219993683, 2.552005598001415]",[0.96716,0.96716,4,27,1,2019_Oct_02_0959,FaceNameControl_Picture&Audio,3.0.4,60.00896522,
76,FacesBlock2.xlsx,Haley.mp4,Haley.JPG,Haley,20,videoFrameHaley.png,0,2,2,1,,,,,0,0,0,5,,,,Megan,"['lshift', 'm', 'e', 'g', 'a', 'n']","[3.283068204007577, 3.43460886599496, 3.7506341120024445, 3.950590380001813, 4.084211813998991, 4.151202239008853]",[3.28306,3.28306,3,27,1,2019_Oct_02_0959,FaceNameControl_Picture&Audio,3.0.4,60.00896522,
65,FacesBlock2.xlsx,Haley.mp4,Haley.JPG,Haley,20,videoFrameHaley.png,0,2,2,1,0,4,4,5,,,,,1,2,0.683829884,,,,,,,27,1,2019_Oct_02_0959,FaceNameControl_Picture&Audio,3.0.4,60.00896522,
44,FacesBlock1.xlsx,Hannah.mp4,Hannah.JPG,Hannah,6,videoFrameHannah.png,0,1,1,0,0,13,13,6,,,,,1,2,0.552803495,,,,,,,27,1,2019_Oct_02_0959,FaceNameControl_Picture&Audio,3.0.4,60.00896522,
59,FacesBlock1.xlsx,Hannah.mp4,Hannah.JPG,Hannah,6,videoFrameHannah.png,0,1,1,0,,,,,0,13,13,6,,,,Hannah,"['lshift', 'h', 'a', 'n', 'n', 'a', 'h']","[0.8336113940022187, 0.9690097440034151, 1.3522139200067613, 1.4184903900022618, 1.5524973600113299, 1.6523293990030652, 1.7530112780077616]",[0.83361,0.83361,4,27,1,2019_Oct_02_0959,FaceNameControl_Picture&Audio,3.0.4,60.00896522,
79,FacesBlock2.xlsx,Heather.mp4,Heather.JPG,Heather,21,videoFrameHeather.png,0,2,2,1,,,,,0,3,3,6,,,,Heather,"['lshift', 'h', 'e', 'a', 't', 'h', 'e', 'r']","[1.1336250729946187, 1.301608515001135, 1.5676912069902755, 1.7680482709984062, 1.8514316009968752, 1.9177433900040342, 2.0348051890032366, 2.11781288999191]",[1.13362,1.13362,4,27,1,2019_Oct_02_0959,FaceNameControl_Picture&Audio,3.0.4,60.00896522,
72,FacesBlock2.xlsx,Heather.mp4,Heather.JPG,Heather,21,videoFrameHeather.png,0,2,2,1,0,11,11,6,,,,,0,2,0.836082174,,,,,,,27,1,2019_Oct_02_0959,FaceNameControl_Picture&Audio,3.0.4,60.00896522,
94,FacesBlock3.xlsx,Jacob.mp4,Jacob.JPG,Jacob,32,videoFrameJacob.png,0,3,3,2,0,3,3,2,,,,,1,1,4.78502809,,,,,,,27,1,2019_Oct_02_0959,FaceNameControl_Picture&Audio,3.0.4,60.00896522,
117,FacesBlock3.xlsx,Jacob.mp4,Jacob.JPG,Jacob,32,videoFrameJacob.png,0,3,3,2,,,,,0,11,11,2,,,,Jacob,"['lshift', 'lshift', 'j', 'a', 'c', 'o', 'n', 'backspace', 'b']","[0.7669349109928589, 2.216452804990695, 2.351174725990859, 2.5344215109944344, 3.0009164679941023, 3.1334303389885463, 3.3000292779906886, 4.182994222996058, 4.749612806990626]",[0.76693,0.76693,4,27,1,2019_Oct_02_0959,FaceNameControl_Picture&Audio,3.0.4,60.00896522,
13,FacesBlock4.xlsx,Jason.mp4,Jason.JPG,Jason,55,videoFrameJason.png,0,0,0,3,0,12,12,10,,,,,1,1,0.452038737,,,,,,,27,1,2019_Oct_02_0959,FaceNameControl_Picture&Audio,3.0.4,60.00896522,
27,FacesBlock4.xlsx,Jason.mp4,Jason.JPG,Jason,55,videoFrameJason.png,0,0,0,3,,,,,0,11,11,10,,,,Dylan,"['lshift', 'd', 'y', 'l', 'a', 'n']","[1.5672625110018998, 2.434337835002225, 2.901643335004337, 3.050903784998809, 3.2181000330019742, 3.317179468998802]",[1.56726,1.56726,2,27,1,2019_Oct_02_0959,FaceNameControl_Picture&Audio,3.0.4,60.00896522,
36,FacesBlock1.xlsx,Jenna.mp4,Jenna.JPG,Jenna,7,videoFrameJenna.png,0,1,1,0,0,5,5,7,,,,,1,2,1.219195094,,,,,,,27,1,2019_Oct_02_0959,FaceNameControl_Picture&Audio,3.0.4,60.00896522,
58,FacesBlock1.xlsx,Jenna.mp4,Jenna.JPG,Jenna,7,videoFrameJenna.png,0,1,1,0,,,,,0,12,12,7,,,,Jenna,"['lshift', 'j', 'e', 'n', 'n', 'a']","[0.9169898249965627, 2.751109645003453, 3.301254916994367, 3.6676481039903592, 3.8509826700028498, 4.033641012996668]",[0.91698,0.91698,3,27,1,2019_Oct_02_0959,FaceNameControl_Picture&Audio,3.0.4,60.00896522,
82,FacesBlock2.xlsx,Jeremy.mp4,Jeremy.JPG,Jeremy,22,videoFrameJeremy.png,0,2,2,1,,,,,0,6,6,7,,,,Justin,"['lshift', 'j', 'u', 's', 't', 'i', 'n']","[1.4674959700059844, 1.6187112070037983, 2.118602025002474, 2.466478507994907, 2.6516008360049454, 2.81841661100043, 2.9345816840068437]",[1.46749,1.46749,4,27,1,2019_Oct_02_0959,FaceNameControl_Picture&Audio,3.0.4,60.00896522,
73,FacesBlock2.xlsx,Jeremy.mp4,Jeremy.JPG,Jeremy,22,videoFrameJeremy.png,0,2,2,1,0,12,12,7,,,,,1,1,1.635785483,,,,,,,27,1,2019_Oct_02_0959,FaceNameControl_Picture&Audio,3.0.4,60.00896522,
55,FacesBlock1.xlsx,Jessica.mp4,Jessica.JPG,Jessica,8,videoFrameJessica.png,0,1,1,0,,,,,0,9,9,8,,,,,None,,,,1,27,1,2019_Oct_02_0959,FaceNameControl_Picture&Audio,3.0.4,60.00896522,
45,FacesBlock1.xlsx,Jessica.mp4,Jessica.JPG,Jessica,8,videoFrameJessica.png,0,1,1,0,0,14,14,8,,,,,1,2,1.452756312,,,,,,,27,1,2019_Oct_02_0959,FaceNameControl_Picture&Audio,3.0.4,60.00896522,
84,FacesBlock2.xlsx,Josh.mp4,Josh.JPG,Josh,23,videoFrameJosh.png,0,2,2,1,,,,,0,8,8,8,,,,Josh,"['lshift', 'j', 'o', 's', 'h']","[0.7673407069960376, 0.8685511750081787, 1.0518547120009316, 1.2011766210052883, 1.2678426659986144]",[0.76734,0.76734,4,27,1,2019_Oct_02_0959,FaceNameControl_Picture&Audio,3.0.4,60.00896522,
63,FacesBlock2.xlsx,Josh.mp4,Josh.JPG,Josh,23,videoFrameJosh.png,0,2,2,1,0,2,2,8,,,,,1,1,0.918893526,,,,,,,27,1,2019_Oct_02_0959,FaceNameControl_Picture&Audio,3.0.4,60.00896522,
53,FacesBlock1.xlsx,Julia.mp4,Julia.JPG,Julia,9,videoFrameJulia.png,0,1,1,0,,,,,0,7,7,9,,,,Jenna,"['lshift', 'lshift', 'lshift', 'j', 'e', 'n', 'n', 'a', 'backspace', 'backspace', 'backspace', 'n', 'n', 'a']","[0.6844726209965302, 0.8846952599997167, 4.449975812996854, 4.701664748994517, 5.1157947149913525, 5.23445047000132, 5.351071523997234, 5.467733796001994, 5.999903599004028, 6.166690611993545, 6.3156996149919, 7.033821388991782, 7.350379138995777, 7.517096789000789]",[0.68447,0.68447,2,27,1,2019_Oct_02_0959,FaceNameControl_Picture&Audio,3.0.4,60.00896522,
38,FacesBlock1.xlsx,Julia.mp4,Julia.JPG,Julia,9,videoFrameJulia.png,0,1,1,0,0,7,7,9,,,,,1,2,0.768587989,,,,,,,27,1,2019_Oct_02_0959,FaceNameControl_Picture&Audio,3.0.4,60.00896522,
83,FacesBlock2.xlsx,Justin.mp4,Justin.JPG,Justin,24,videoFrameJustin.png,0,2,2,1,,,,,0,7,7,9,,,,Nick,"['lshift', 'n', 'i', 'c', 'k']","[6.648441331999493, 6.78374681501009, 7.066663586010691, 7.217038446004153, 7.332939861007617]",[6.64844,6.64844,1,27,1,2019_Oct_02_0959,FaceNameControl_Picture&Audio,3.0.4,60.00896522,
67,FacesBlock2.xlsx,Justin.mp4,Justin.JPG,Justin,24,videoFrameJustin.png,0,2,2,1,0,6,6,9,,,,,0,1,1.069551651,,,,,,,27,1,2019_Oct_02_0959,FaceNameControl_Picture&Audio,3.0.4,60.00896522,
3,FacesBlock4.xlsx,Katie.mp4,Katie.JPG,Katie,56,videoFrameKatie.png,0,0,0,3,0,2,2,11,,,,,0,2,0.053628076,,,,,,,27,1,2019_Oct_02_0959,FaceNameControl_Picture&Audio,3.0.4,60.00896522,
16,FacesBlock4.xlsx,Katie.mp4,Katie.JPG,Katie,56,videoFrameKatie.png,0,0,0,3,,,,,0,0,0,11,,,,Brianna ,"['lshift', 'b', 'r', 'i', 'a', 'n', 'n', 'a', 'return', 'space']","[1.9834613369894214, 2.201170379994437, 2.9174453819869086, 3.001182168998639, 3.1510176379961194, 3.2675065049988916, 3.4000249189994065, 3.484005836988217, 5.3994853619951755, 6.816519255997264]",[1.98346,1.98346,3,27,1,2019_Oct_02_0959,FaceNameControl_Picture&Audio,3.0.4,60.00896522,
110,FacesBlock3.xlsx,Kayla.mp4,Kayla.JPG,Kayla,33,videoFrameKayla.png,0,3,3,2,,,,,0,4,4,3,,,,Kayla,"['lshift', 'k', 'a', 'y', 'l', 'a']","[0.8169402999919839, 0.9184820509981364, 1.135219978998066, 1.851849966988084, 1.9849918439867906, 2.067886462988099]",[0.81694,0.81694,4,27,1,2019_Oct_02_0959,FaceNameControl_Picture&Audio,3.0.4,60.00896522,
92,FacesBlock3.xlsx,Kayla.mp4,Kayla.JPG,Kayla,33,videoFrameKayla.png,0,3,3,2,0,1,1,3,,,,,1,2,6.550175054,,,,,,,27,1,2019_Oct_02_0959,FaceNameControl_Picture&Audio,3.0.4,60.00896522,
47,FacesBlock1.xlsx,Kelsey.mp4,Kelsey.JPG,Kelsey,10,videoFrameKelsey.png,0,1,1,0,,,,,0,1,1,10,,,,Kelsey,"['lshift', 'k', 'e', 'l', 's', 'e', 'y']","[0.8513293309952132, 0.9853261050011497, 1.2361559260025388, 1.3526483699970413, 1.4859873770037666, 1.8526647240068996, 2.051723331998801]",[0.85132,0.85132,4,27,1,2019_Oct_02_0959,FaceNameControl_Picture&Audio,3.0.4,60.00896522,
35,FacesBlock1.xlsx,Kelsey.mp4,Kelsey.JPG,Kelsey,10,videoFrameKelsey.png,0,1,1,0,0,4,4,10,,,,,0,2,1.652502033,,,,,,,27,1,2019_Oct_02_0959,FaceNameControl_Picture&Audio,3.0.4,60.00896522,
102,FacesBlock3.xlsx,Kevin.mp4,Kevin.JPG,Kevin,34,videoFrameKevin.png,0,3,3,2,0,11,11,4,,,,,1,1,5.134761704,,,,,,,27,1,2019_Oct_02_0959,FaceNameControl_Picture&Audio,3.0.4,60.00896522,
114,FacesBlock3.xlsx,Kevin.mp4,Kevin.JPG,Kevin,34,videoFrameKevin.png,0,3,3,2,,,,,0,8,8,4,,,,Kevin,"['lshift', 'k', 'e', 'v', 'i', 'n']","[0.9173164399981033, 1.1687572169903433, 1.4519117599993479, 1.7178202649956802, 1.8011131569946883, 1.9013446969911456]",[0.91731,0.91731,4,27,1,2019_Oct_02_0959,FaceNameControl_Picture&Audio,3.0.4,60.00896522,
51,FacesBlock1.xlsx,Kyle.mp4,Kyle.JPG,Kyle,11,videoFrameKyle.png,0,1,1,0,,,,,0,5,5,11,,,,,"['lshift', 'k', 'backspace', 'lshift', 'c', 'backspace']","[5.099275343993213, 5.784088587999577, 6.915668679997907, 9.131410203990526, 9.415396708995104, 9.8652294909989]",[5.09927,5.09927,1,27,1,2019_Oct_02_0959,FaceNameControl_Picture&Audio,3.0.4,60.00896522,
42,FacesBlock1.xlsx,Kyle.mp4,Kyle.JPG,Kyle,11,videoFrameKyle.png,0,1,1,0,0,11,11,11,,,,,0,1,1.119028155,,,,,,,27,1,2019_Oct_02_0959,FaceNameControl_Picture&Audio,3.0.4,60.00896522,
118,FacesBlock3.xlsx,Lauren.mp4,Lauren.JPG,Lauren,35,videoFrameLauren.png,0,3,3,2,,,,,0,12,12,5,,,,,None,,,,1,27,1,2019_Oct_02_0959,FaceNameControl_Picture&Audio,3.0.4,60.00896522,
96,FacesBlock3.xlsx,Lauren.mp4,Lauren.JPG,Lauren,35,videoFrameLauren.png,0,3,3,2,0,5,5,5,,,,,1,2,6.917102499,,,,,,,27,1,2019_Oct_02_0959,FaceNameControl_Picture&Audio,3.0.4,60.00896522,
105,FacesBlock3.xlsx,Mark.mp4,Mark.JPG,Mark,36,videoFrameMark.png,0,3,3,2,0,14,14,6,,,,,0,1,4.918209409,,,,,,,27,1,2019_Oct_02_0959,FaceNameControl_Picture&Audio,3.0.4,60.00896522,
120,FacesBlock3.xlsx,Mark.mp4,Mark.JPG,Mark,36,videoFrameMark.png,0,3,3,2,,,,,0,14,14,6,,,,Mark,"['lshift', 'm', 'a', 'r', 'k']","[0.8679278600029647, 1.8522632530075498, 2.15203546200064, 2.268611196006532, 2.3517660930083366]",[0.86792,0.86792,4,27,1,2019_Oct_02_0959,FaceNameControl_Picture&Audio,3.0.4,60.00896522,
46,FacesBlock1.xlsx,Matthew.mp4,Matthew.JPG,Matthew,12,videoFrameMatthew.png,0,1,1,0,,,,,0,0,0,12,,,,Braden,"['lshift', 'lshift', 'b', 'r', 'a', 'd', 'e', 'n']","[2.6665299979940755, 7.6984348190017045, 7.86600460599584, 8.13216043599823, 9.08244845000445, 9.21569948499382, 9.465643545991043, 9.549180848000105]",[2.66652,2.66652,2,27,1,2019_Oct_02_0959,FaceNameControl_Picture&Audio,3.0.4,60.00896522,
37,FacesBlock1.xlsx,Matthew.mp4,Matthew.JPG,Matthew,12,videoFrameMatthew.png,0,1,1,0,0,6,6,12,,,,,1,1,0.953399325,,,,,,,27,1,2019_Oct_02_0959,FaceNameControl_Picture&Audio,3.0.4,60.00896522,
61,FacesBlock2.xlsx,Megan.mp4,Megan.JPG,Megan,25,videoFrameMegan.png,0,2,2,1,0,0,0,10,,,,,1,2,1.985516089,,,,,,,27,1,2019_Oct_02_0959,FaceNameControl_Picture&Audio,3.0.4,60.00896522,
90,FacesBlock2.xlsx,Megan.mp4,Megan.JPG,Megan,25,videoFrameMegan.png,0,2,2,1,,,,,0,14,14,10,,,, ,['space'],[4.818118023991701],[4.81811,4.81811,1,27,1,2019_Oct_02_0959,FaceNameControl_Picture&Audio,3.0.4,60.00896522,
14,FacesBlock4.xlsx,Michael.mp4,Michael.JPG,Michael,57,videoFrameMichael.png,0,0,0,3,0,13,13,12,,,,,1,1,0.402452717,,,,,,,27,1,2019_Oct_02_0959,FaceNameControl_Picture&Audio,3.0.4,60.00896522,
20,FacesBlock4.xlsx,Michael.mp4,Michael.JPG,Michael,57,videoFrameMichael.png,0,0,0,3,,,,,0,4,4,12,,,,Matt,"['lshift', 'd', 'y', 'l', 'a', 'n', 'backspace', 'backspace', 'backspace', 'backspace', 'backspace', 'lshift', 'm', 'a', 't', 't']","[1.6176209960103733, 2.6851977100013755, 3.2682840040070005, 3.4349449040018953, 3.6009072300075786, 3.7509719579975354, 6.749899950998952, 6.932988829998067, 7.065157546996488, 7.166146514005959, 7.299744047006243, 7.798799637006596, 7.933466476009926, 8.166702397997142, 8.416488250004477, 8.599855658001616]",[1.61762,1.61762,2,27,1,2019_Oct_02_0959,FaceNameControl_Picture&Audio,3.0.4,60.00896522,
5,FacesBlock4.xlsx,Michelle.mp4,Michelle.JPG,Michelle,58,videoFrameMichelle.png,0,0,0,3,0,4,4,13,,,,,0,2,0.66920876,,,,,,,27,1,2019_Oct_02_0959,FaceNameControl_Picture&Audio,3.0.4,60.00896522,
19,FacesBlock4.xlsx,Michelle.mp4,Michelle.JPG,Michelle,58,videoFrameMichelle.png,0,0,0,3,,,,,0,3,3,13,,,,,['lshift'],[4.58370474500407],[4.58370,4.58370,1,27,1,2019_Oct_02_0959,FaceNameControl_Picture&Audio,3.0.4,60.00896522,
39,FacesBlock1.xlsx,Natalie.mp4,Natalie.JPG,Natalie,13,videoFrameNatalie.png,0,1,1,0,0,8,8,13,,,,,0,2,0.703443546,,,,,,,27,1,2019_Oct_02_0959,FaceNameControl_Picture&Audio,3.0.4,60.00896522,
54,FacesBlock1.xlsx,Natalie.mp4,Natalie.JPG,Natalie,13,videoFrameNatalie.png,0,1,1,0,,,,,0,8,8,13,,,,Natalie,"['lshift', 'n', 'a', 't', 'a', 'l', 'i', 'e']","[1.8335423210082809, 2.035052627004916, 2.318510694996803, 2.518538427000749, 2.6334798070020042, 2.8348577319993638, 2.9510292619961547, 3.1173767910077004]",[1.83354,1.83354,3,27,1,2019_Oct_02_0959,FaceNameControl_Picture&Audio,3.0.4,60.00896522,
108,FacesBlock3.xlsx,Nathan.mp4,Nathan.JPG,Nathan,37,videoFrameNathan.png,0,3,3,2,,,,,0,2,2,7,,,,Nathan,"['lshift', 'n', 'a', 't', 'h', 'a', 'n']","[0.800218820993905, 0.9852249229879817, 1.2344619689974934, 1.385228361992631, 1.485411481000483, 1.6183201859967085, 1.7014489430002868]",[0.80021,0.80021,4,27,1,2019_Oct_02_0959,FaceNameControl_Picture&Audio,3.0.4,60.00896522,
103,FacesBlock3.xlsx,Nathan.mp4,Nathan.JPG,Nathan,37,videoFrameNathan.png,0,3,3,2,0,12,12,7,,,,,0,1,3.41800735,,,,,,,27,1,2019_Oct_02_0959,FaceNameControl_Picture&Audio,3.0.4,60.00896522,
116,FacesBlock3.xlsx,Nicole.mp4,Nicole.JPG,Nicole,38,videoFrameNicole.png,0,3,3,2,,,,,0,10,10,8,,,,Nicole,"['lshift', 'n', 'i', 'c', 'o', 'l', 'e']","[0.8007860579964472, 0.9021329149982193, 1.134893741007545, 1.2190230859996518, 1.4187002959952224, 1.5687904350052122, 1.668812424002681]",[0.80078,0.80078,4,27,1,2019_Oct_02_0959,FaceNameControl_Picture&Audio,3.0.4,60.00896522,
93,FacesBlock3.xlsx,Nicole.mp4,Nicole.JPG,Nicole,38,videoFrameNicole.png,0,3,3,2,0,2,2,8,,,,,0,2,4.568074631,,,,,,,27,1,2019_Oct_02_0959,FaceNameControl_Picture&Audio,3.0.4,60.00896522,
113,FacesBlock3.xlsx,Noah.mp4,Noah.JPG,Noah,39,videoFrameNoah.png,0,3,3,2,,,,,0,7,7,9,,,,Noah,"['lshift', 'n', 'o', 'a', 'h']","[1.016978685001959, 1.201997622003546, 1.4850798670086078, 1.6014067829964915, 1.7018255000002682]",[1.01697,1.01697,4,27,1,2019_Oct_02_0959,FaceNameControl_Picture&Audio,3.0.4,60.00896522,
104,FacesBlock3.xlsx,Noah.mp4,Noah.JPG,Noah,39,videoFrameNoah.png,0,3,3,2,0,13,13,9,,,,,1,1,3.549173,,,,,,,27,1,2019_Oct_02_0959,FaceNameControl_Picture&Audio,3.0.4,60.00896522,
109,FacesBlock3.xlsx,Olivia.mp4,Olivia.JPG,Olivia,40,videoFrameOlivia.png,0,3,3,2,,,,,0,3,3,10,,,,Olivia,"['lshift', 'o', 'l', 'i', 'b', 'i', 'backspace', 'backspace', 'v', 'i', 'a']","[0.7507245760061778, 0.8852119389921427, 1.101668304996565, 1.201626951005892, 1.3681339879985899, 1.434829271005583, 1.883488623003359, 2.0672493419988314, 2.2679875470057596, 2.3681699430017034, 2.56562658000621]",[0.75072,0.75072,4,27,1,2019_Oct_02_0959,FaceNameControl_Picture&Audio,3.0.4,60.00896522,
97,FacesBlock3.xlsx,Olivia.mp4,Olivia.JPG,Olivia,40,videoFrameOlivia.png,0,3,3,2,0,6,6,10,,,,,1,2,4.867389898,,,,,,,27,1,2019_Oct_02_0959,FaceNameControl_Picture&Audio,3.0.4,60.00896522,
66,FacesBlock2.xlsx,Rachel.mp4,Rachel.JPG,Rachel,26,videoFrameRachel.png,0,2,2,1,0,5,5,11,,,,,0,2,1.802578365,,,,,,,27,1,2019_Oct_02_0959,FaceNameControl_Picture&Audio,3.0.4,60.00896522,
87,FacesBlock2.xlsx,Rachel.mp4,Rachel.JPG,Rachel,26,videoFrameRachel.png,0,2,2,1,,,,,0,11,11,11,,,,,['lshift'],[6.531569765007589],[6.53156,6.53156,1,27,1,2019_Oct_02_0959,FaceNameControl_Picture&Audio,3.0.4,60.00896522,
106,FacesBlock3.xlsx,Rebecca.mp4,Rebecca.JPG,Rebecca,41,videoFrameRebecca.png,0,3,3,2,,,,,0,0,0,11,,,,,['lshift'],[1.2171107309986837],[1.21711,1.21711,2,27,1,2019_Oct_02_0959,FaceNameControl_Picture&Audio,3.0.4,60.00896522,
101,FacesBlock3.xlsx,Rebecca.mp4,Rebecca.JPG,Rebecca,41,videoFrameRebecca.png,0,3,3,2,0,10,10,11,,,,,0,2,3.951393677,,,,,,,27,1,2019_Oct_02_0959,FaceNameControl_Picture&Audio,3.0.4,60.00896522,
98,FacesBlock3.xlsx,Sarah.mp4,Sarah.JPG,Sarah,42,videoFrameSarah.png,0,3,3,2,0,7,7,12,,,,,0,2,3.252224884,,,,,,,27,1,2019_Oct_02_0959,FaceNameControl_Picture&Audio,3.0.4,60.00896522,
112,FacesBlock3.xlsx,Sarah.mp4,Sarah.JPG,Sarah,42,videoFrameSarah.png,0,3,3,2,,,,,0,6,6,12,,,,Sarah,"['lshift', 's', 'a', 'r', 'a', 'h']","[3.115921909993631, 3.534560004991363, 3.8669319479959086, 4.017710856991471, 4.167831444996409, 4.267512998994789]",[3.11592,3.11592,3,27,1,2019_Oct_02_0959,FaceNameControl_Picture&Audio,3.0.4,60.00896522,
100,FacesBlock3.xlsx,Shelby.mp4,Shelby.JPG,Shelby,43,videoFrameShelby.png,0,3,3,2,0,9,9,13,,,,,1,2,4.335009186,,,,,,,27,1,2019_Oct_02_0959,FaceNameControl_Picture&Audio,3.0.4,60.00896522,
111,FacesBlock3.xlsx,Shelby.mp4,Shelby.JPG,Shelby,43,videoFrameShelby.png,0,3,3,2,,,,,0,5,5,13,,,,Shelby,"['lshift', 's', 'h', 'e', 'l', 'b', 'r', 'backspace', 'y']","[1.4003512149938615, 1.5184795139939524, 1.6522135379927931, 1.785193100993638, 1.9180178609967697, 2.168182629990042, 2.434956423996482, 2.9161291519994847, 3.201490826002555]",[1.40035,1.40035,4,27,1,2019_Oct_02_0959,FaceNameControl_Picture&Audio,3.0.4,60.00896522,
74,FacesBlock2.xlsx,Steven.mp4,Steven.JPG,Steven,27,videoFrameSteven.png,0,2,2,1,0,13,13,12,,,,,0,1,0.735667504,,,,,,,27,1,2019_Oct_02_0959,FaceNameControl_Picture&Audio,3.0.4,60.00896522,
80,FacesBlock2.xlsx,Steven.mp4,Steven.JPG,Steven,27,videoFrameSteven.png,0,2,2,1,,,,,0,4,4,12,,,,Steven,"['lshift', 's', 't', 'e', 'v', 'e', 'n']","[1.8334540319920052, 2.0685131279897178, 2.6012957179918885, 3.1676178759953473, 3.4510769809858175, 3.6009499409992713, 3.7182146409904817]",[1.83345,1.83345,4,27,1,2019_Oct_02_0959,FaceNameControl_Picture&Audio,3.0.4,60.00896522,
8,FacesBlock4.xlsx,Taylor.mp4,Taylor.JPG,Taylor,59,videoFrameTaylor.png,0,0,0,3,0,7,7,14,,,,,0,2,0.586265399,,,,,,,27,1,2019_Oct_02_0959,FaceNameControl_Picture&Audio,3.0.4,60.00896522,
21,FacesBlock4.xlsx,Taylor.mp4,Taylor.JPG,Taylor,59,videoFrameTaylor.png,0,0,0,3,,,,,0,5,5,14,,,,,None,,,,1,27,1,2019_Oct_02_0959,FaceNameControl_Picture&Audio,3.0.4,60.00896522,
119,FacesBlock3.xlsx,Thomas.mp4,Thomas.JPG,Thomas,44,videoFrameThomas.png,0,3,3,2,,,,,0,13,13,14,,,,Thomas,"['lshift', 't', 'h', 'o', 'm', 'a', 's']","[0.8672936479997588, 1.2685824560030596, 1.5187730339966947, 1.651913929003058, 1.7999445519963047, 1.901638476003427, 1.9851347590010846]",[0.86729,0.86729,4,27,1,2019_Oct_02_0959,FaceNameControl_Picture&Audio,3.0.4,60.00896522,
91,FacesBlock3.xlsx,Thomas.mp4,Thomas.JPG,Thomas,44,videoFrameThomas.png,0,3,3,2,0,0,0,14,,,,,1,1,6.184444054,,,,,,,27,1,2019_Oct_02_0959,FaceNameControl_Picture&Audio,3.0.4,60.00896522,
56,FacesBlock1.xlsx,Timothy.mp4,Timothy.JPG,Timothy,14,videoFrameTimothy.png,0,1,1,0,,,,,0,10,10,14,,,,Timothy,"['lshift', 't', 'i', 'm', 'o', 't', 'h', 'y']","[1.733039483995526, 3.2677493809896987, 3.834046859992668, 4.100593521987321, 4.3170848739973735, 4.483932862000074, 4.583389854000416, 4.8005124339979375]",[1.73303,1.73303,3,27,1,2019_Oct_02_0959,FaceNameControl_Picture&Audio,3.0.4,60.00896522,
41,FacesBlock1.xlsx,Timothy.mp4,Timothy.JPG,Timothy,14,videoFrameTimothy.png,0,1,1,0,0,10,10,14,,,,,0,1,0.935993164,,,,,,,27,1,2019_Oct_02_0959,FaceNameControl_Picture&Audio,3.0.4,60.00896522,
86,FacesBlock2.xlsx,Trevor.mp4,Trevor.JPG,Trevor,28,videoFrameTrevor.png,0,2,2,1,,,,,0,10,10,13,,,,Trevor,"['lshift', 't', 'r', 'e', 'v', 'o', 'r']","[1.0845248749974417, 1.2690624680108158, 1.585910326000885, 1.6689539729995886, 1.9527614719991107, 2.235553375998279, 2.3189097990107257]",[1.08452,1.08452,4,27,1,2019_Oct_02_0959,FaceNameControl_Picture&Audio,3.0.4,60.00896522,
62,FacesBlock2.xlsx,Trevor.mp4,Trevor.JPG,Trevor,28,videoFrameTrevor.png,0,2,2,1,0,1,1,13,,,,,1,1,0.653092123,,,,,,,27,1,2019_Oct_02_0959,FaceNameControl_Picture&Audio,3.0.4,60.00896522,
81,FacesBlock2.xlsx,Tyler.mp4,Tyler.JPG,Tyler,29,videoFrameTyler.png,0,2,2,1,,,,,0,5,5,14,,,,Tyler,"['lshift', 't', 'y', 'l', 'e', 'r']","[2.816910157998791, 3.000983106001513, 3.2679723910114262, 3.434542874005274, 3.534153348999098, 3.6178557380044367]",[2.81691,2.81691,2,27,1,2019_Oct_02_0959,FaceNameControl_Picture&Audio,3.0.4,60.00896522,
75,FacesBlock2.xlsx,Tyler.mp4,Tyler.JPG,Tyler,29,videoFrameTyler.png,0,2,2,1,0,14,14,14,,,,,0,1,0.901931625,,,,,,,27,1,2019_Oct_02_0959,FaceNameControl_Picture&Audio,3.0.4,60.00896522,
0,,,,,,,,,,,,,,,,,,,,,,,,,,,,27,1,2019_Oct_02_0959,FaceNameControl_Picture&Audio,3.0.4,60.00896522,
121,,,,,,,,,,,,,,,,,,,,,,,,,,,,27,1,2019_Oct_02_0959,FaceNameControl_Picture&Audio,3.0.4,60.00896522,