,condsFile,Video,Photo,Name,Row,videoFrame,blocks.thisRepN,blocks.thisTrialN,blocks.thisN,blocks.thisIndex,presentations.thisRepN,presentations.thisTrialN,presentations.thisN,presentations.thisIndex,testing.thisRepN,testing.thisTrialN,testing.thisN,testing.thisIndex,currentCond,judgementResp.keys,judgementResp.rt,inputText,key_resp_3.keys,key_resp_3.rt,,key_resp3_fin,rating_resp.keys,participant,session,date,expName,psychopyVersion,frameRate,Unnamed: 31
54,FacesBlock2.xlsx,Aaron.mp4,Aaron.JPG,Aaron,15,videoFrameAaron.png,0,1,1,1,,,,,0,8,8,0,,,,Mike,"['lshift', 'm', 'i', 'k', 'e']","[6.132237209996674, 6.3309909099916695, 7.066033764989697, 7.29939799499698, 7.3837199859990506]",[6.13223,6.13223,1,30,1,2019_Oct_02_1604,FaceNameControl_Picture&Audio,3.0.4,60.03206312,
35,FacesBlock2.xlsx,Aaron.mp4,Aaron.JPG,Aaron,15,videoFrameAaron.png,0,1,1,1,0,4,4,0,,,,,0,1,0.770453879,,,,,,,30,1,2019_Oct_02_1604,FaceNameControl_Picture&Audio,3.0.4,60.03206312,
107,FacesBlock1.xlsx,Adam.mp4,Adam.JPG,Adam,0,videoFrameAdam.png,0,3,3,0,,,,,0,1,1,0,,,,Jacob,"['lshift', 'j', 'a', 'c', 'o', 'n', 'backspace', 'b']","[2.76693657899159, 2.9186880810011644, 3.0850684769975487, 3.3350799979962176, 3.8515011179988505, 3.984721336993971, 4.867480013999739, 5.434333283992601]",[2.76693,2.76693,2,30,1,2019_Oct_02_1604,FaceNameControl_Picture&Audio,3.0.4,60.03206312,
96,FacesBlock1.xlsx,Adam.mp4,Adam.JPG,Adam,0,videoFrameAdam.png,0,3,3,0,0,5,5,0,,,,,1,1,0.66691649,,,,,,,30,1,2019_Oct_02_1604,FaceNameControl_Picture&Audio,3.0.4,60.03206312,
6,FacesBlock4.xlsx,Alyssa.mp4,Alyssa.JPG,Alyssa,45,videoFrameAlyssa.png,0,0,0,3,0,5,5,0,,,,,0,2,0.518627721,,,,,,,30,1,2019_Oct_02_1604,FaceNameControl_Picture&Audio,3.0.4,60.03206312,
22,FacesBlock4.xlsx,Alyssa.mp4,Alyssa.JPG,Alyssa,45,videoFrameAlyssa.png,0,0,0,3,,,,,0,6,6,0,,,,Monica,"['lshift', 'm', 'o', 'n', 'i', 'c', 'a']","[2.416965860989876, 2.751256317991647, 2.9515982199955033, 3.2512273239990463, 3.501434423000319, 4.084326292999322, 4.38381564199517]",[2.41696,2.41696,2,30,1,2019_Oct_02_1604,FaceNameControl_Picture&Audio,3.0.4,60.03206312,
110,FacesBlock1.xlsx,Amanda.mp4,Amanda.JPG,Amanda,1,videoFrameAmanda.png,0,3,3,0,,,,,0,4,4,1,,,,,None,,,,1,30,1,2019_Oct_02_1604,FaceNameControl_Picture&Audio,3.0.4,60.03206312,
100,FacesBlock1.xlsx,Amanda.mp4,Amanda.JPG,Amanda,1,videoFrameAmanda.png,0,3,3,0,0,9,9,1,,,,,1,2,1.719132657,,,,,,,30,1,2019_Oct_02_1604,FaceNameControl_Picture&Audio,3.0.4,60.03206312,
13,FacesBlock4.xlsx,Andrew.mp4,Andrew.JPG,Andrew,46,videoFrameAndrew.png,0,0,0,3,0,12,12,1,,,,,1,1,1.585692247,,,,,,,30,1,2019_Oct_02_1604,FaceNameControl_Picture&Audio,3.0.4,60.03206312,
18,FacesBlock4.xlsx,Andrew.mp4,Andrew.JPG,Andrew,46,videoFrameAndrew.png,0,0,0,3,,,,,0,2,2,1,,,,Nathan,"['lshift', 'lshift', 'n', 'a', 't', 'h', 'a', 'n', '1', 'backspace']","[3.4998169890022837, 4.832682494001347, 4.967335191991879, 5.0837673299974995, 5.38356417499017, 5.500831159995869, 5.699550089993863, 5.833398543996736, 6.4167764489975525, 7.265484521994949]",[3.49981,3.49981,1,30,1,2019_Oct_02_1604,FaceNameControl_Picture&Audio,3.0.4,60.03206312,
26,FacesBlock4.xlsx,Anna.mp4,Anna.JPG,Anna,47,videoFrameAnna.png,0,0,0,3,,,,,0,10,10,2,,,,,None,,,,1,30,1,2019_Oct_02_1604,FaceNameControl_Picture&Audio,3.0.4,60.03206312,
14,FacesBlock4.xlsx,Anna.mp4,Anna.JPG,Anna,47,videoFrameAnna.png,0,0,0,3,0,13,13,2,,,,,1,2,0.552906645,,,,,,,30,1,2019_Oct_02_1604,FaceNameControl_Picture&Audio,3.0.4,60.03206312,
52,FacesBlock2.xlsx,Ashley.mp4,Ashley.JPG,Ashley,16,videoFrameAshley.png,0,1,1,1,,,,,0,6,6,1,,,,Heather,"['lshift', 'h', 'e', 'a', 't', 'h', 'e', 'r']","[5.882429960009176, 6.099824596996768, 6.399881883000489, 6.616043914007605, 6.93137919100991, 7.14990164199844, 7.366886310002883, 7.499753352996777]",[5.88242,5.88242,1,30,1,2019_Oct_02_1604,FaceNameControl_Picture&Audio,3.0.4,60.03206312,
44,FacesBlock2.xlsx,Ashley.mp4,Ashley.JPG,Ashley,16,videoFrameAshley.png,0,1,1,1,0,13,13,1,,,,,1,2,0.402746959,,,,,,,30,1,2019_Oct_02_1604,FaceNameControl_Picture&Audio,3.0.4,60.03206312,
117,FacesBlock1.xlsx,Bradley.mp4,Bradley.JPG,Bradley,2,videoFrameBradley.png,0,3,3,0,,,,,0,11,11,2,,,, ,['space'],[9.499432543001603],[9.49943,9.49943,1,30,1,2019_Oct_02_1604,FaceNameControl_Picture&Audio,3.0.4,60.03206312,
101,FacesBlock1.xlsx,Bradley.mp4,Bradley.JPG,Bradley,2,videoFrameBradley.png,0,3,3,0,0,10,10,2,,,,,0,1,1.286212982,,,,,,,30,1,2019_Oct_02_1604,FaceNameControl_Picture&Audio,3.0.4,60.03206312,
21,FacesBlock4.xlsx,Brandon.mp4,Brandon.JPG,Brandon,48,videoFrameBrandon.png,0,0,0,3,,,,,0,5,5,3,,,,,None,,,,1,30,1,2019_Oct_02_1604,FaceNameControl_Picture&Audio,3.0.4,60.03206312,
12,FacesBlock4.xlsx,Brandon.mp4,Brandon.JPG,Brandon,48,videoFrameBrandon.png,0,0,0,3,0,11,11,3,,,,,1,1,0.502525031,,,,,,,30,1,2019_Oct_02_1604,FaceNameControl_Picture&Audio,3.0.4,60.03206312,
8,FacesBlock4.xlsx,Brian.mp4,Brian.JPG,Brian,49,videoFrameBrian.png,0,0,0,3,0,7,7,4,,,,,0,1,0.469496842,,,,,,,30,1,2019_Oct_02_1604,FaceNameControl_Picture&Audio,3.0.4,60.03206312,
17,FacesBlock4.xlsx,Brian.mp4,Brian.JPG,Brian,49,videoFrameBrian.png,0,0,0,3,,,,,0,1,1,4,,,,,None,,,,1,30,1,2019_Oct_02_1604,FaceNameControl_Picture&Audio,3.0.4,60.03206312,
3,FacesBlock4.xlsx,Brianna.mp4,Brianna.JPG,Brianna,50,videoFrameBrianna.png,0,0,0,3,0,2,2,5,,,,,0,2,0.818697139,,,,,,,30,1,2019_Oct_02_1604,FaceNameControl_Picture&Audio,3.0.4,60.03206312,
24,FacesBlock4.xlsx,Brianna.mp4,Brianna.JPG,Brianna,50,videoFrameBrianna.png,0,0,0,3,,,,,0,8,8,5,,,,,None,,,,1,30,1,2019_Oct_02_1604,FaceNameControl_Picture&Audio,3.0.4,60.03206312,
41,FacesBlock2.xlsx,Brittany.mp4,Brittany.JPG,Brittany,17,videoFrameBrittany.png,0,1,1,1,0,10,10,2,,,,,1,2,1.052100919,,,,,,,30,1,2019_Oct_02_1604,FaceNameControl_Picture&Audio,3.0.4,60.03206312,
57,FacesBlock2.xlsx,Brittany.mp4,Brittany.JPG,Brittany,17,videoFrameBrittany.png,0,1,1,1,,,,,0,11,11,2,,,,Heather,"['lshift', 'h', 'e', 'a', 't', 'h', 'e', 'r']","[1.6835793189966353, 1.9183671929931734, 2.2017702180019114, 2.417918457998894, 2.668004678998841, 2.834875535001629, 3.0011858889920404, 3.067284723991179]",[1.68357,1.68357,4,30,1,2019_Oct_02_1604,FaceNameControl_Picture&Audio,3.0.4,60.03206312,
25,FacesBlock4.xlsx,Caleb.mp4,Caleb.JPG,Caleb,51,videoFrameCaleb.png,0,0,0,3,,,,,0,9,9,6,,,,Matthew,"['lshift', 'm', 'a', 't', 't', 'backspace', 'h', 'backspace', 't', 'h', 'e', 'w']","[4.266284958997858, 4.400724197999807, 4.532290363989887, 4.750655575000565, 4.916951246996177, 5.649880245997338, 5.9670876629970735, 6.747577107002144, 7.432710562992725, 7.699395229996298, 7.966259467997588, 8.14938525800244]",[4.26628,4.26628,2,30,1,2019_Oct_02_1604,FaceNameControl_Picture&Audio,3.0.4,60.03206312,
4,FacesBlock4.xlsx,Caleb.mp4,Caleb.JPG,Caleb,51,videoFrameCaleb.png,0,0,0,3,0,3,3,6,,,,,0,1,0.386511488,,,,,,,30,1,2019_Oct_02_1604,FaceNameControl_Picture&Audio,3.0.4,60.03206312,
47,FacesBlock2.xlsx,Cody.mp4,Cody.JPG,Cody,18,videoFrameCody.png,0,1,1,1,,,,,0,1,1,3,,,,,"['lshift', 'm', 'backspace']","[3.349965711007826, 3.8005217620084295, 4.917134620001889]",[3.34996,3.34996,1,30,1,2019_Oct_02_1604,FaceNameControl_Picture&Audio,3.0.4,60.03206312,
40,FacesBlock2.xlsx,Cody.mp4,Cody.JPG,Cody,18,videoFrameCody.png,0,1,1,1,0,9,9,3,,,,,0,1,0.736182815,,,,,,,30,1,2019_Oct_02_1604,FaceNameControl_Picture&Audio,3.0.4,60.03206312,
79,FacesBlock3.xlsx,Courtney.mp4,Courtney.JPG,Courtney,30,videoFrameCourtney.png,0,2,2,2,,,,,0,3,3,0,,,,,None,,,,1,30,1,2019_Oct_02_1604,FaceNameControl_Picture&Audio,3.0.4,60.03206312,
71,FacesBlock3.xlsx,Courtney.mp4,Courtney.JPG,Courtney,30,videoFrameCourtney.png,0,2,2,2,0,10,10,0,,,,,1,2,0.552533114,,,,,,,30,1,2019_Oct_02_1604,FaceNameControl_Picture&Audio,3.0.4,60.03206312,
64,FacesBlock3.xlsx,Daniel.mp4,Daniel.JPG,Daniel,31,videoFrameDaniel.png,0,2,2,2,0,3,3,1,,,,,0,1,0.702777435,,,,,,,30,1,2019_Oct_02_1604,FaceNameControl_Picture&Audio,3.0.4,60.03206312,
80,FacesBlock3.xlsx,Daniel.mp4,Daniel.JPG,Daniel,31,videoFrameDaniel.png,0,2,2,2,,,,,0,4,4,1,,,,Jacob,"['lshift', 'j', 'a', 'c', 'o', 'b']","[5.166180739004631, 5.565852384999744, 5.734433899997384, 6.300858435002738, 6.384421663999092, 6.617860288999509]",[5.16618,5.16618,2,30,1,2019_Oct_02_1604,FaceNameControl_Picture&Audio,3.0.4,60.03206312,
112,FacesBlock1.xlsx,Danielle.mp4,Danielle.JPG,Danielle,3,videoFrameDanielle.png,0,3,3,0,,,,,0,6,6,3,,,,Sara,"['lshift', 's', 'a', 'r', 'a']","[2.0175608370045666, 2.1688667540001916, 2.4021199029957643, 2.6518207949993666, 2.834591470003943]",[2.01756,2.01756,1,30,1,2019_Oct_02_1604,FaceNameControl_Picture&Audio,3.0.4,60.03206312,
91,FacesBlock1.xlsx,Danielle.mp4,Danielle.JPG,Danielle,3,videoFrameDanielle.png,0,3,3,0,0,0,0,3,,,,,0,2,1.585599212,,,,,,,30,1,2019_Oct_02_1604,FaceNameControl_Picture&Audio,3.0.4,60.03206312,
31,FacesBlock2.xlsx,David.mp4,David.JPG,David,19,videoFrameDavid.png,0,1,1,1,0,0,0,4,,,,,0,1,2.935562433,,,,,,,30,1,2019_Oct_02_1604,FaceNameControl_Picture&Audio,3.0.4,60.03206312,
50,FacesBlock2.xlsx,David.mp4,David.JPG,David,19,videoFrameDavid.png,0,1,1,1,,,,,0,4,4,4,,,,Dave,"['lshift', 'd', 'a', 'c', 'backspace', 'v', 'e']","[5.632886974999565, 6.033826145998319, 6.41680377299781, 7.683266139996704, 8.382377822999842, 8.566505137991044, 8.699949368005036]",[5.63288,5.63288,2,30,1,2019_Oct_02_1604,FaceNameControl_Picture&Audio,3.0.4,60.03206312,
19,FacesBlock4.xlsx,Dylan.mp4,Dylan.JPG,Dylan,52,videoFrameDylan.png,0,0,0,3,,,,,0,3,3,7,,,,Dave,"['lshift', 'd', 'a', 'v', 'e']","[1.699617621008656, 1.9015316630102461, 2.084648598000058, 2.334196026000427, 2.4680028639995726]",[1.69961,1.69961,2,30,1,2019_Oct_02_1604,FaceNameControl_Picture&Audio,3.0.4,60.03206312,
15,FacesBlock4.xlsx,Dylan.mp4,Dylan.JPG,Dylan,52,videoFrameDylan.png,0,0,0,3,0,14,14,7,,,,,1,1,0.369648922,,,,,,,30,1,2019_Oct_02_1604,FaceNameControl_Picture&Audio,3.0.4,60.03206312,
29,FacesBlock4.xlsx,Emily.mp4,Emily.JPG,Emily,53,videoFrameEmily.png,0,0,0,3,,,,,0,13,13,8,,,,Jessica,"['lshift', 'j', 'e', 's', 's', 'i', 'c', 'a']","[4.81619108900486, 5.067798383999616, 5.265505967006902, 5.500849436997669, 5.6836456729943166, 5.817582453993964, 5.95067623599607, 6.167382728002849]",[4.81619,4.81619,2,30,1,2019_Oct_02_1604,FaceNameControl_Picture&Audio,3.0.4,60.03206312,
2,FacesBlock4.xlsx,Emily.mp4,Emily.JPG,Emily,53,videoFrameEmily.png,0,0,0,3,0,1,1,8,,,,,0,2,1.785859407,,,,,,,30,1,2019_Oct_02_1604,FaceNameControl_Picture&Audio,3.0.4,60.03206312,
102,FacesBlock1.xlsx,Eric.mp4,Eric.JPG,Eric,4,videoFrameEric.png,0,3,3,0,0,11,11,4,,,,,0,1,1.70271486,,,,,,,30,1,2019_Oct_02_1604,FaceNameControl_Picture&Audio,3.0.4,60.03206312,
106,FacesBlock1.xlsx,Eric.mp4,Eric.JPG,Eric,4,videoFrameEric.png,0,3,3,0,,,,,0,0,0,4,,,,Mathew,"['lshift', 'm', 'a', 't', 'h', 'e', 'w', 'left', 'left', 'left', 't', 'backspace']","[1.268037560992525, 1.8022868999978527, 2.0021494569955394, 2.451946750996285, 2.6348242459935136, 3.0015420639974764, 3.2345712880050996, 6.93293080800504, 7.6995935029990505, 8.08220935499412, 8.36634196799423, 9.2993925960036]",[1.26803,1.26803,4,30,1,2019_Oct_02_1604,FaceNameControl_Picture&Audio,3.0.4,60.03206312,
113,FacesBlock1.xlsx,Ethan.mp4,Ethan.JPG,Ethan,5,videoFrameEthan.png,0,3,3,0,,,,,0,7,7,5,,,,John,"['lshift', 'j', 'o', 'h', 'n']","[4.96555179200368, 5.200819593010237, 5.850574749012594, 6.200369253012468, 6.4835104680096265]",[4.96555,4.96555,2,30,1,2019_Oct_02_1604,FaceNameControl_Picture&Audio,3.0.4,60.03206312,
97,FacesBlock1.xlsx,Ethan.mp4,Ethan.JPG,Ethan,5,videoFrameEthan.png,0,3,3,0,0,6,6,5,,,,,0,1,0.536026713,,,,,,,30,1,2019_Oct_02_1604,FaceNameControl_Picture&Audio,3.0.4,60.03206312,
10,FacesBlock4.xlsx,Grace.mp4,Grace.JPG,Grace,54,videoFrameGrace.png,0,0,0,3,0,9,9,9,,,,,1,2,0.52004334,,,,,,,30,1,2019_Oct_02_1604,FaceNameControl_Picture&Audio,3.0.4,60.03206312,
23,FacesBlock4.xlsx,Grace.mp4,Grace.JPG,Grace,54,videoFrameGrace.png,0,0,0,3,,,,,0,7,7,9,,,,Ashley,"['lshift', 'a', 's', 'h', 'l', 'e', 'y']","[3.1175645290059038, 3.3512628699972993, 3.6014345529983984, 3.9988952690036967, 4.283731600997271, 4.501116502011428, 4.901044658006867]",[3.11756,3.11756,2,30,1,2019_Oct_02_1604,FaceNameControl_Picture&Audio,3.0.4,60.03206312,
45,FacesBlock2.xlsx,Haley.mp4,Haley.JPG,Haley,20,videoFrameHaley.png,0,1,1,1,0,14,14,5,,,,,0,1,0.619523425,,,,,,,30,1,2019_Oct_02_1604,FaceNameControl_Picture&Audio,3.0.4,60.03206312,
59,FacesBlock2.xlsx,Haley.mp4,Haley.JPG,Haley,20,videoFrameHaley.png,0,1,1,1,,,,,0,13,13,5,,,,,None,,,,1,30,1,2019_Oct_02_1604,FaceNameControl_Picture&Audio,3.0.4,60.03206312,
98,FacesBlock1.xlsx,Hannah.mp4,Hannah.JPG,Hannah,6,videoFrameHannah.png,0,3,3,0,0,7,7,6,,,,,1,2,2.652316977,,,,,,,30,1,2019_Oct_02_1604,FaceNameControl_Picture&Audio,3.0.4,60.03206312,
116,FacesBlock1.xlsx,Hannah.mp4,Hannah.JPG,Hannah,6,videoFrameHannah.png,0,3,3,0,,,,,0,10,10,6,,,,,None,,,,1,30,1,2019_Oct_02_1604,FaceNameControl_Picture&Audio,3.0.4,60.03206312,
48,FacesBlock2.xlsx,Heather.mp4,Heather.JPG,Heather,21,videoFrameHeather.png,0,1,1,1,,,,,0,2,2,6,,,,Ashley,"['lshift', 'a', 's', 'h', 'l', 'e', 'y']","[1.8008784200064838, 2.0523791820014594, 2.285848404004355, 2.7014575170032913, 2.935226468005567, 3.15167855200707, 3.301361922000069]",[1.80087,1.80087,1,30,1,2019_Oct_02_1604,FaceNameControl_Picture&Audio,3.0.4,60.03206312,
39,FacesBlock2.xlsx,Heather.mp4,Heather.JPG,Heather,21,videoFrameHeather.png,0,1,1,1,0,8,8,6,,,,,1,2,1.002752602,,,,,,,30,1,2019_Oct_02_1604,FaceNameControl_Picture&Audio,3.0.4,60.03206312,
89,FacesBlock3.xlsx,Jacob.mp4,Jacob.JPG,Jacob,32,videoFrameJacob.png,0,2,2,2,,,,,0,13,13,2,,,,,None,,,,1,30,1,2019_Oct_02_1604,FaceNameControl_Picture&Audio,3.0.4,60.03206312,
69,FacesBlock3.xlsx,Jacob.mp4,Jacob.JPG,Jacob,32,videoFrameJacob.png,0,2,2,2,0,8,8,2,,,,,1,1,1.00272863,,,,,,,30,1,2019_Oct_02_1604,FaceNameControl_Picture&Audio,3.0.4,60.03206312,
11,FacesBlock4.xlsx,Jason.mp4,Jason.JPG,Jason,55,videoFrameJason.png,0,0,0,3,0,10,10,10,,,,,1,1,1.020113743,,,,,,,30,1,2019_Oct_02_1604,FaceNameControl_Picture&Audio,3.0.4,60.03206312,
30,FacesBlock4.xlsx,Jason.mp4,Jason.JPG,Jason,55,videoFrameJason.png,0,0,0,3,,,,,0,14,14,10,,,,,None,,,,1,30,1,2019_Oct_02_1604,FaceNameControl_Picture&Audio,3.0.4,60.03206312,
108,FacesBlock1.xlsx,Jenna.mp4,Jenna.JPG,Jenna,7,videoFrameJenna.png,0,3,3,0,,,,,0,2,2,7,,,,And,"['lshift', 'a', 'n', 'd']","[8.9144368749985, 9.232037711990415, 9.498997358998167, 9.765638179989764]",[8.91443,8.91443,1,30,1,2019_Oct_02_1604,FaceNameControl_Picture&Audio,3.0.4,60.03206312,
103,FacesBlock1.xlsx,Jenna.mp4,Jenna.JPG,Jenna,7,videoFrameJenna.png,0,3,3,0,0,12,12,7,,,,,0,2,6.117255212,,,,,,,30,1,2019_Oct_02_1604,FaceNameControl_Picture&Audio,3.0.4,60.03206312,
33,FacesBlock2.xlsx,Jeremy.mp4,Jeremy.JPG,Jeremy,22,videoFrameJeremy.png,0,1,1,1,0,2,2,7,,,,,0,1,2.818782331,,,,,,,30,1,2019_Oct_02_1604,FaceNameControl_Picture&Audio,3.0.4,60.03206312,
56,FacesBlock2.xlsx,Jeremy.mp4,Jeremy.JPG,Jeremy,22,videoFrameJeremy.png,0,1,1,1,,,,,0,10,10,7,,,,,None,,,,1,30,1,2019_Oct_02_1604,FaceNameControl_Picture&Audio,3.0.4,60.03206312,
119,FacesBlock1.xlsx,Jessica.mp4,Jessica.JPG,Jessica,8,videoFrameJessica.png,0,3,3,0,,,,,0,13,13,8,,,,,None,,,,1,30,1,2019_Oct_02_1604,FaceNameControl_Picture&Audio,3.0.4,60.03206312,
95,FacesBlock1.xlsx,Jessica.mp4,Jessica.JPG,Jessica,8,videoFrameJessica.png,0,3,3,0,0,4,4,8,,,,,0,2,0.866519186,,,,,,,30,1,2019_Oct_02_1604,FaceNameControl_Picture&Audio,3.0.4,60.03206312,
55,FacesBlock2.xlsx,Josh.mp4,Josh.JPG,Josh,23,videoFrameJosh.png,0,1,1,1,,,,,0,9,9,8,,,,,None,,,,1,30,1,2019_Oct_02_1604,FaceNameControl_Picture&Audio,3.0.4,60.03206312,
36,FacesBlock2.xlsx,Josh.mp4,Josh.JPG,Josh,23,videoFrameJosh.png,0,1,1,1,0,5,5,8,,,,,0,1,1.152496022,,,,,,,30,1,2019_Oct_02_1604,FaceNameControl_Picture&Audio,3.0.4,60.03206312,
109,FacesBlock1.xlsx,Julia.mp4,Julia.JPG,Julia,9,videoFrameJulia.png,0,3,3,0,,,,,0,3,3,9,,,,,None,,,,1,30,1,2019_Oct_02_1604,FaceNameControl_Picture&Audio,3.0.4,60.03206312,
94,FacesBlock1.xlsx,Julia.mp4,Julia.JPG,Julia,9,videoFrameJulia.png,0,3,3,0,0,3,3,9,,,,,0,2,0.566626125,,,,,,,30,1,2019_Oct_02_1604,FaceNameControl_Picture&Audio,3.0.4,60.03206312,
58,FacesBlock2.xlsx,Justin.mp4,Justin.JPG,Justin,24,videoFrameJustin.png,0,1,1,1,,,,,0,12,12,9,,,,,None,,,,1,30,1,2019_Oct_02_1604,FaceNameControl_Picture&Audio,3.0.4,60.03206312,
38,FacesBlock2.xlsx,Justin.mp4,Justin.JPG,Justin,24,videoFrameJustin.png,0,1,1,1,0,7,7,9,,,,,1,1,0.63540321,,,,,,,30,1,2019_Oct_02_1604,FaceNameControl_Picture&Audio,3.0.4,60.03206312,
1,FacesBlock4.xlsx,Katie.mp4,Katie.JPG,Katie,56,videoFrameKatie.png,0,0,0,3,0,0,0,11,,,,,0,2,2.984931251,,,,,,,30,1,2019_Oct_02_1604,FaceNameControl_Picture&Audio,3.0.4,60.03206312,
16,FacesBlock4.xlsx,Katie.mp4,Katie.JPG,Katie,56,videoFrameKatie.png,0,0,0,3,,,,,0,0,0,11,,,,Natlie ,"['lshift', 'n', 'a', 't', 'l', 'i', 'e', 'return', 'space']","[2.7001636549975956, 2.868690634990344, 3.051082017002045, 3.7181182649947004, 3.9845793929998763, 4.101227323990315, 4.383768564002821, 4.850637668991112, 8.666292762994999]",[2.70016,2.70016,2,30,1,2019_Oct_02_1604,FaceNameControl_Picture&Audio,3.0.4,60.03206312,
62,FacesBlock3.xlsx,Kayla.mp4,Kayla.JPG,Kayla,33,videoFrameKayla.png,0,2,2,2,0,1,1,3,,,,,1,2,0.969497212,,,,,,,30,1,2019_Oct_02_1604,FaceNameControl_Picture&Audio,3.0.4,60.03206312,
77,FacesBlock3.xlsx,Kayla.mp4,Kayla.JPG,Kayla,33,videoFrameKayla.png,0,2,2,2,,,,,0,1,1,3,,,,,None,,,,1,30,1,2019_Oct_02_1604,FaceNameControl_Picture&Audio,3.0.4,60.03206312,
99,FacesBlock1.xlsx,Kelsey.mp4,Kelsey.JPG,Kelsey,10,videoFrameKelsey.png,0,3,3,0,0,8,8,10,,,,,1,2,4.600697435,,,,,,,30,1,2019_Oct_02_1604,FaceNameControl_Picture&Audio,3.0.4,60.03206312,
111,FacesBlock1.xlsx,Kelsey.mp4,Kelsey.JPG,Kelsey,10,videoFrameKelsey.png,0,3,3,0,,,,,0,5,5,10,,,,,None,,,,1,30,1,2019_Oct_02_1604,FaceNameControl_Picture&Audio,3.0.4,60.03206312,
73,FacesBlock3.xlsx,Kevin.mp4,Kevin.JPG,Kevin,34,videoFrameKevin.png,0,2,2,2,0,12,12,4,,,,,0,1,0.252650116,,,,,,,30,1,2019_Oct_02_1604,FaceNameControl_Picture&Audio,3.0.4,60.03206312,
84,FacesBlock3.xlsx,Kevin.mp4,Kevin.JPG,Kevin,34,videoFrameKevin.png,0,2,2,2,,,,,0,8,8,4,,,,Jacob,"['lshift', 'j', 'a', 'c', 'o', 'b']","[2.583077408009558, 3.0179729119990952, 3.9506642640044447, 4.367202502005966, 4.900469559011981, 5.466456713009393]",[2.58307,2.58307,2,30,1,2019_Oct_02_1604,FaceNameControl_Picture&Audio,3.0.4,60.03206312,
104,FacesBlock1.xlsx,Kyle.mp4,Kyle.JPG,Kyle,11,videoFrameKyle.png,0,3,3,0,0,13,13,11,,,,,1,1,6.884510543,,,,,,,30,1,2019_Oct_02_1604,FaceNameControl_Picture&Audio,3.0.4,60.03206312,
120,FacesBlock1.xlsx,Kyle.mp4,Kyle.JPG,Kyle,11,videoFrameKyle.png,0,3,3,0,,,,,0,14,14,11,,,,Tyler,"['lshift', 't', 'y', 'l', 'e', 'r']","[4.949422498000786, 5.084142396008247, 5.26731803099392, 5.5999261520046275, 5.699918019003235, 5.81742653400579]",[4.94942,4.94942,2,30,1,2019_Oct_02_1604,FaceNameControl_Picture&Audio,3.0.4,60.03206312,
65,FacesBlock3.xlsx,Lauren.mp4,Lauren.JPG,Lauren,35,videoFrameLauren.png,0,2,2,2,0,4,4,5,,,,,1,2,3.13552108,,,,,,,30,1,2019_Oct_02_1604,FaceNameControl_Picture&Audio,3.0.4,60.03206312,
86,FacesBlock3.xlsx,Lauren.mp4,Lauren.JPG,Lauren,35,videoFrameLauren.png,0,2,2,2,,,,,0,10,10,5,,,,Abigai,"['lshift', 'a', 'b', 'i', 'h', 'backspace', 'g', 'a', 'i', 'l', 'backspace']","[3.299854044991662, 3.568535375990905, 4.051296574994922, 4.467258942997432, 4.867718756999238, 5.666452563993516, 6.2499224350031, 6.766524056991329, 7.516855733992998, 7.867093934997683, 9.297674011002528]",[3.29985,3.29985,1,30,1,2019_Oct_02_1604,FaceNameControl_Picture&Audio,3.0.4,60.03206312,
76,FacesBlock3.xlsx,Mark.mp4,Mark.JPG,Mark,36,videoFrameMark.png,0,2,2,2,,,,,0,0,0,6,,,,,None,,,,1,30,1,2019_Oct_02_1604,FaceNameControl_Picture&Audio,3.0.4,60.03206312,
70,FacesBlock3.xlsx,Mark.mp4,Mark.JPG,Mark,36,videoFrameMark.png,0,2,2,2,0,9,9,6,,,,,0,1,1.319562614,,,,,,,30,1,2019_Oct_02_1604,FaceNameControl_Picture&Audio,3.0.4,60.03206312,
114,FacesBlock1.xlsx,Matthew.mp4,Matthew.JPG,Matthew,12,videoFrameMatthew.png,0,3,3,0,,,,,0,8,8,12,,,,Matthew,"['lshift', 'm', 'a', 't', 't', 'h', 'e', 'w']","[4.616780910000671, 4.884848836998572, 5.316960933996597, 5.850788926996756, 6.234044487006031, 6.516985363006825, 7.067010487997322, 7.283482557002571]",[4.61678,4.61678,1,30,1,2019_Oct_02_1604,FaceNameControl_Picture&Audio,3.0.4,60.03206312,
105,FacesBlock1.xlsx,Matthew.mp4,Matthew.JPG,Matthew,12,videoFrameMatthew.png,0,3,3,0,0,14,14,12,,,,,1,1,0.753051562,,,,,,,30,1,2019_Oct_02_1604,FaceNameControl_Picture&Audio,3.0.4,60.03206312,
42,FacesBlock2.xlsx,Megan.mp4,Megan.JPG,Megan,25,videoFrameMegan.png,0,1,1,1,0,11,11,10,,,,,1,2,1.435309683,,,,,,,30,1,2019_Oct_02_1604,FaceNameControl_Picture&Audio,3.0.4,60.03206312,
60,FacesBlock2.xlsx,Megan.mp4,Megan.JPG,Megan,25,videoFrameMegan.png,0,1,1,1,,,,,0,14,14,10,,,,N,"['lshift', 'n', 'a']","[9.54785608498787, 9.815591481994488, 9.999211564994766]",[9.54785,9.54785,1,30,1,2019_Oct_02_1604,FaceNameControl_Picture&Audio,3.0.4,60.03206312,
5,FacesBlock4.xlsx,Michael.mp4,Michael.JPG,Michael,57,videoFrameMichael.png,0,0,0,3,0,4,4,12,,,,,0,1,0.452646787,,,,,,,30,1,2019_Oct_02_1604,FaceNameControl_Picture&Audio,3.0.4,60.03206312,
20,FacesBlock4.xlsx,Michael.mp4,Michael.JPG,Michael,57,videoFrameMichael.png,0,0,0,3,,,,,0,4,4,12,,,,,None,,,,1,30,1,2019_Oct_02_1604,FaceNameControl_Picture&Audio,3.0.4,60.03206312,
7,FacesBlock4.xlsx,Michelle.mp4,Michelle.JPG,Michelle,58,videoFrameMichelle.png,0,0,0,3,0,6,6,13,,,,,1,2,0.902865912,,,,,,,30,1,2019_Oct_02_1604,FaceNameControl_Picture&Audio,3.0.4,60.03206312,
28,FacesBlock4.xlsx,Michelle.mp4,Michelle.JPG,Michelle,58,videoFrameMichelle.png,0,0,0,3,,,,,0,12,12,13,,,,,None,,,,1,30,1,2019_Oct_02_1604,FaceNameControl_Picture&Audio,3.0.4,60.03206312,
118,FacesBlock1.xlsx,Natalie.mp4,Natalie.JPG,Natalie,13,videoFrameNatalie.png,0,3,3,0,,,,,0,12,12,13,,,,Jessica,"['lshift', 'j', 'e', 's', 's', 'i', 'c', 'a']","[5.549114345994894, 5.700532905990258, 6.150194707995979, 6.550081052002497, 6.697961796002346, 7.000536952997209, 7.349728253990179, 7.799602261991822]",[5.54911,5.54911,3,30,1,2019_Oct_02_1604,FaceNameControl_Picture&Audio,3.0.4,60.03206312,
93,FacesBlock1.xlsx,Natalie.mp4,Natalie.JPG,Natalie,13,videoFrameNatalie.png,0,3,3,0,0,2,2,13,,,,,1,2,0.819428474,,,,,,,30,1,2019_Oct_02_1604,FaceNameControl_Picture&Audio,3.0.4,60.03206312,
72,FacesBlock3.xlsx,Nathan.mp4,Nathan.JPG,Nathan,37,videoFrameNathan.png,0,2,2,2,0,11,11,7,,,,,1,1,0.435966845,,,,,,,30,1,2019_Oct_02_1604,FaceNameControl_Picture&Audio,3.0.4,60.03206312,
90,FacesBlock3.xlsx,Nathan.mp4,Nathan.JPG,Nathan,37,videoFrameNathan.png,0,2,2,2,,,,,0,14,14,7,,,,Nathan,"['lshift', 'n', 'a', 't', 'h', 'a', 'n']","[0.8503519820078509, 1.0859601630072575, 1.2686660479957936, 1.5854417530063074, 1.735131020002882, 1.9852453030034667, 2.168929699997534]",[0.85035,0.85035,4,30,1,2019_Oct_02_1604,FaceNameControl_Picture&Audio,3.0.4,60.03206312,
81,FacesBlock3.xlsx,Nicole.mp4,Nicole.JPG,Nicole,38,videoFrameNicole.png,0,2,2,2,,,,,0,5,5,8,,,,,None,,,,1,30,1,2019_Oct_02_1604,FaceNameControl_Picture&Audio,3.0.4,60.03206312,
66,FacesBlock3.xlsx,Nicole.mp4,Nicole.JPG,Nicole,38,videoFrameNicole.png,0,2,2,2,0,5,5,8,,,,,0,2,1.251928904,,,,,,,30,1,2019_Oct_02_1604,FaceNameControl_Picture&Audio,3.0.4,60.03206312,
88,FacesBlock3.xlsx,Noah.mp4,Noah.JPG,Noah,39,videoFrameNoah.png,0,2,2,2,,,,,0,12,12,9,,,,,None,,,,1,30,1,2019_Oct_02_1604,FaceNameControl_Picture&Audio,3.0.4,60.03206312,
68,FacesBlock3.xlsx,Noah.mp4,Noah.JPG,Noah,39,videoFrameNoah.png,0,2,2,2,0,7,7,9,,,,,0,1,0.686258443,,,,,,,30,1,2019_Oct_02_1604,FaceNameControl_Picture&Audio,3.0.4,60.03206312,
85,FacesBlock3.xlsx,Olivia.mp4,Olivia.JPG,Olivia,40,videoFrameOlivia.png,0,2,2,2,,,,,0,9,9,10,,,,,None,,,,1,30,1,2019_Oct_02_1604,FaceNameControl_Picture&Audio,3.0.4,60.03206312,
63,FacesBlock3.xlsx,Olivia.mp4,Olivia.JPG,Olivia,40,videoFrameOlivia.png,0,2,2,2,0,2,2,10,,,,,0,2,1.98546224,,,,,,,30,1,2019_Oct_02_1604,FaceNameControl_Picture&Audio,3.0.4,60.03206312,
34,FacesBlock2.xlsx,Rachel.mp4,Rachel.JPG,Rachel,26,videoFrameRachel.png,0,1,1,1,0,3,3,11,,,,,0,2,0.869317062,,,,,,,30,1,2019_Oct_02_1604,FaceNameControl_Picture&Audio,3.0.4,60.03206312,
46,FacesBlock2.xlsx,Rachel.mp4,Rachel.JPG,Rachel,26,videoFrameRachel.png,0,1,1,1,,,,,0,0,0,11,,,,Ashley,"['lshift', 'a', 's', 'h', 'l', 'e', 'y', 'return']","[5.031864092001342, 5.266658061009366, 5.4167641630047, 6.416639508999651, 6.649086286008242, 7.049000494997017, 7.382767475995934, 7.7318059370009]",[5.03186,5.03186,2,30,1,2019_Oct_02_1604,FaceNameControl_Picture&Audio,3.0.4,60.03206312,
78,FacesBlock3.xlsx,Rebecca.mp4,Rebecca.JPG,Rebecca,41,videoFrameRebecca.png,0,2,2,2,,,,,0,2,2,11,,,,,None,,,,1,30,1,2019_Oct_02_1604,FaceNameControl_Picture&Audio,3.0.4,60.03206312,
67,FacesBlock3.xlsx,Rebecca.mp4,Rebecca.JPG,Rebecca,41,videoFrameRebecca.png,0,2,2,2,0,6,6,11,,,,,1,2,0.935477827,,,,,,,30,1,2019_Oct_02_1604,FaceNameControl_Picture&Audio,3.0.4,60.03206312,
61,FacesBlock3.xlsx,Sarah.mp4,Sarah.JPG,Sarah,42,videoFrameSarah.png,0,2,2,2,0,0,0,12,,,,,0,2,1.817497281,,,,,,,30,1,2019_Oct_02_1604,FaceNameControl_Picture&Audio,3.0.4,60.03206312,
83,FacesBlock3.xlsx,Sarah.mp4,Sarah.JPG,Sarah,42,videoFrameSarah.png,0,2,2,2,,,,,0,7,7,12,,,,Ashl,"['lshift', 'a', 's', 'h', 'l']","[8.647941304996493, 8.832730387002812, 9.097076657999423, 9.49845097999787, 9.882389257996692]",[8.64794,8.64794,1,30,1,2019_Oct_02_1604,FaceNameControl_Picture&Audio,3.0.4,60.03206312,
75,FacesBlock3.xlsx,Shelby.mp4,Shelby.JPG,Shelby,43,videoFrameShelby.png,0,2,2,2,0,14,14,13,,,,,1,2,0.78600363,,,,,,,30,1,2019_Oct_02_1604,FaceNameControl_Picture&Audio,3.0.4,60.03206312,
82,FacesBlock3.xlsx,Shelby.mp4,Shelby.JPG,Shelby,43,videoFrameShelby.png,0,2,2,2,,,,,0,6,6,13,,,,Sara,"['lshift', 's', 'a', 'r', 'a']","[1.1165980259975186, 1.4349289429956116, 1.5345828739955323, 1.8348497080005473, 2.051430102001177]",[1.11659,1.11659,4,30,1,2019_Oct_02_1604,FaceNameControl_Picture&Audio,3.0.4,60.03206312,
43,FacesBlock2.xlsx,Steven.mp4,Steven.JPG,Steven,27,videoFrameSteven.png,0,1,1,1,0,12,12,12,,,,,1,1,0.852797071,,,,,,,30,1,2019_Oct_02_1604,FaceNameControl_Picture&Audio,3.0.4,60.03206312,
49,FacesBlock2.xlsx,Steven.mp4,Steven.JPG,Steven,27,videoFrameSteven.png,0,1,1,1,,,,,0,3,3,12,,,,John,"['lshift', 'j', 'o', 'h', 'n']","[2.2010556559980614, 2.416932697989978, 2.6188887269963743, 2.8353711269883206, 2.969512596988352]",[2.20105,2.20105,2,30,1,2019_Oct_02_1604,FaceNameControl_Picture&Audio,3.0.4,60.03206312,
27,FacesBlock4.xlsx,Taylor.mp4,Taylor.JPG,Taylor,59,videoFrameTaylor.png,0,0,0,3,,,,,0,11,11,14,,,,,None,,,,1,30,1,2019_Oct_02_1604,FaceNameControl_Picture&Audio,3.0.4,60.03206312,
9,FacesBlock4.xlsx,Taylor.mp4,Taylor.JPG,Taylor,59,videoFrameTaylor.png,0,0,0,3,0,8,8,14,,,,,0,2,0.869357462,,,,,,,30,1,2019_Oct_02_1604,FaceNameControl_Picture&Audio,3.0.4,60.03206312,
74,FacesBlock3.xlsx,Thomas.mp4,Thomas.JPG,Thomas,44,videoFrameThomas.png,0,2,2,2,0,13,13,14,,,,,1,1,1.152973301,,,,,,,30,1,2019_Oct_02_1604,FaceNameControl_Picture&Audio,3.0.4,60.03206312,
87,FacesBlock3.xlsx,Thomas.mp4,Thomas.JPG,Thomas,44,videoFrameThomas.png,0,2,2,2,,,,,0,11,11,14,,,,,['lshift'],[6.932112969006994],[6.93211,6.93211,1,30,1,2019_Oct_02_1604,FaceNameControl_Picture&Audio,3.0.4,60.03206312,
115,FacesBlock1.xlsx,Timothy.mp4,Timothy.JPG,Timothy,14,videoFrameTimothy.png,0,3,3,0,,,,,0,9,9,14,,,,,None,,,,1,30,1,2019_Oct_02_1604,FaceNameControl_Picture&Audio,3.0.4,60.03206312,
92,FacesBlock1.xlsx,Timothy.mp4,Timothy.JPG,Timothy,14,videoFrameTimothy.png,0,3,3,0,0,1,1,14,,,,,1,1,3.235710308,,,,,,,30,1,2019_Oct_02_1604,FaceNameControl_Picture&Audio,3.0.4,60.03206312,
32,FacesBlock2.xlsx,Trevor.mp4,Trevor.JPG,Trevor,28,videoFrameTrevor.png,0,1,1,1,0,1,1,13,,,,,1,1,1.519149191,,,,,,,30,1,2019_Oct_02_1604,FaceNameControl_Picture&Audio,3.0.4,60.03206312,
51,FacesBlock2.xlsx,Trevor.mp4,Trevor.JPG,Trevor,28,videoFrameTrevor.png,0,1,1,1,,,,,0,5,5,13,,,,Bryan,"['lshift', 'b', 'r', 'y', 'a', 'n']","[2.3836560640047537, 2.5519276970007923, 2.7851107680035057, 3.25153646900435, 3.5176869409915525, 3.8515169250022154]",[2.38365,2.38365,2,30,1,2019_Oct_02_1604,FaceNameControl_Picture&Audio,3.0.4,60.03206312,
37,FacesBlock2.xlsx,Tyler.mp4,Tyler.JPG,Tyler,29,videoFrameTyler.png,0,1,1,1,0,6,6,14,,,,,0,1,0.619544836,,,,,,,30,1,2019_Oct_02_1604,FaceNameControl_Picture&Audio,3.0.4,60.03206312,
53,FacesBlock2.xlsx,Tyler.mp4,Tyler.JPG,Tyler,29,videoFrameTyler.png,0,1,1,1,,,,,0,7,7,14,,,,,None,,,,1,30,1,2019_Oct_02_1604,FaceNameControl_Picture&Audio,3.0.4,60.03206312,
0,,,,,,,,,,,,,,,,,,,,,,,,,,,,30,1,2019_Oct_02_1604,FaceNameControl_Picture&Audio,3.0.4,60.03206312,
121,,,,,,,,,,,,,,,,,,,,,,,,,,,,30,1,2019_Oct_02_1604,FaceNameControl_Picture&Audio,3.0.4,60.03206312,