,condsFile,Video,Photo,Name,Row,videoFrame,blocks.thisRepN,blocks.thisTrialN,blocks.thisN,blocks.thisIndex,presentations.thisRepN,presentations.thisTrialN,presentations.thisN,presentations.thisIndex,testing.thisRepN,testing.thisTrialN,testing.thisN,testing.thisIndex,currentCond,judgementResp.keys,judgementResp.rt,inputText,key_resp_3.keys,key_resp_3.rt,,key_resp3_fin,rating_resp.keys,participant,session,date,expName,psychopyVersion,frameRate,Unnamed: 31
1,FacesBlock2.xlsx,Aaron.mp4,Aaron.JPG,Aaron,15,videoFrameAaron.png,0,0,0,1,0,0,0,0,,,,,0,1,1.343890648,,,,,,,33,1,2019_Oct_10_1302,FaceNameControl_Picture&Audio,3.0.4,84.94432578,
23,FacesBlock2.xlsx,Aaron.mp4,Aaron.JPG,Aaron,15,videoFrameAaron.png,0,0,0,1,,,,,0,7,7,0,,,,Greg,"['rshift', 'g', 'r', 'e', 'g']","[5.201806850032881, 5.332591039012186, 5.531921144924127, 5.7085036429343745, 6.732302075019106]",[5.20180,5.2018,1,33,1,2019_Oct_10_1302,FaceNameControl_Picture&Audio,3.0.4,84.94432578,
80,FacesBlock1.xlsx,Adam.mp4,Adam.JPG,Adam,0,videoFrameAdam.png,0,2,2,0,,,,,0,4,4,0,,,,Kevin,"['rshift', 'k', 'e', 'v', 'i', 'n']","[7.04811047995463, 7.20288088300731, 7.249905028031208, 7.873258737032302, 7.978578649926931, 8.166784273926169]",[7.04811,7.04811,2,33,1,2019_Oct_10_1302,FaceNameControl_Picture&Audio,3.0.4,84.94432578,
69,FacesBlock1.xlsx,Adam.mp4,Adam.JPG,Adam,0,videoFrameAdam.png,0,2,2,0,0,8,8,0,,,,,0,1,0.627634138,,,,,,,33,1,2019_Oct_10_1302,FaceNameControl_Picture&Audio,3.0.4,84.94432578,
100,FacesBlock4.xlsx,Alyssa.mp4,Alyssa.JPG,Alyssa,45,videoFrameAlyssa.png,0,3,3,3,0,9,9,0,,,,,0,2,1.249889929,,,,,,,33,1,2019_Oct_10_1302,FaceNameControl_Picture&Audio,3.0.4,84.94432578,
106,FacesBlock4.xlsx,Alyssa.mp4,Alyssa.JPG,Alyssa,45,videoFrameAlyssa.png,0,3,3,3,,,,,0,0,0,0,,,,Alyssa,"['rshift', 'a', 'l', 'y', 's', 's', 'a']","[5.68412663997151, 5.815006228978746, 5.908430894021876, 6.144387078937143, 6.297450070036575, 6.461649972014129, 6.708487962023355]",[5.68412,5.68412,4,33,1,2019_Oct_10_1302,FaceNameControl_Picture&Audio,3.0.4,84.94432578,
63,FacesBlock1.xlsx,Amanda.mp4,Amanda.JPG,Amanda,1,videoFrameAmanda.png,0,2,2,0,0,2,2,1,,,,,1,2,0.685845758,,,,,,,33,1,2019_Oct_10_1302,FaceNameControl_Picture&Audio,3.0.4,84.94432578,
77,FacesBlock1.xlsx,Amanda.mp4,Amanda.JPG,Amanda,1,videoFrameAmanda.png,0,2,2,0,,,,,0,1,1,1,,,,Amanda,"['rshift', 'rshift', 'a', 'm', 'a', 'n', 'd', 'a']","[3.225219508050941, 4.2020316059933975, 4.321040848968551, 4.497404749970883, 4.591931727947667, 5.050584326963872, 5.202950017992407, 5.37907813093625]",[3.22521,3.22521,4,33,1,2019_Oct_10_1302,FaceNameControl_Picture&Audio,3.0.4,84.94432578,
98,FacesBlock4.xlsx,Andrew.mp4,Andrew.JPG,Andrew,46,videoFrameAndrew.png,0,3,3,3,0,7,7,1,,,,,1,1,0.379153563,,,,,,,33,1,2019_Oct_10_1302,FaceNameControl_Picture&Audio,3.0.4,84.94432578,
111,FacesBlock4.xlsx,Andrew.mp4,Andrew.JPG,Andrew,46,videoFrameAndrew.png,0,3,3,3,,,,,0,5,5,1,,,,,None,,,,1,33,1,2019_Oct_10_1302,FaceNameControl_Picture&Audio,3.0.4,84.94432578,
113,FacesBlock4.xlsx,Anna.mp4,Anna.JPG,Anna,47,videoFrameAnna.png,0,3,3,3,,,,,0,7,7,2,,,,Anna,"['rshift', 'a', 'n', 'a', 'backspace', 'n', 'a']","[2.2704620759468526, 2.3894234700128436, 2.613523795036599, 2.729383840924129, 3.0482538549695164, 3.2837655489565805, 3.3893452789634466]",[2.27046,2.27046,4,33,1,2019_Oct_10_1302,FaceNameControl_Picture&Audio,3.0.4,84.94432578,
103,FacesBlock4.xlsx,Anna.mp4,Anna.JPG,Anna,47,videoFrameAnna.png,0,3,3,3,0,12,12,2,,,,,0,2,1.862444811,,,,,,,33,1,2019_Oct_10_1302,FaceNameControl_Picture&Audio,3.0.4,84.94432578,
25,FacesBlock2.xlsx,Ashley.mp4,Ashley.JPG,Ashley,16,videoFrameAshley.png,0,0,0,1,,,,,0,9,9,1,,,,,None,,,,1,33,1,2019_Oct_10_1302,FaceNameControl_Picture&Audio,3.0.4,84.94432578,
6,FacesBlock2.xlsx,Ashley.mp4,Ashley.JPG,Ashley,16,videoFrameAshley.png,0,0,0,1,0,5,5,1,,,,,1,2,0.779431631,,,,,,,33,1,2019_Oct_10_1302,FaceNameControl_Picture&Audio,3.0.4,84.94432578,
61,FacesBlock1.xlsx,Bradley.mp4,Bradley.JPG,Bradley,2,videoFrameBradley.png,0,2,2,0,0,0,0,2,,,,,0,1,1.579654591,,,,,,,33,1,2019_Oct_10_1302,FaceNameControl_Picture&Audio,3.0.4,84.94432578,
78,FacesBlock1.xlsx,Bradley.mp4,Bradley.JPG,Bradley,2,videoFrameBradley.png,0,2,2,0,,,,,0,2,2,2,,,,Bradley,"['rshift', 'b', 'r', 'a', 'd', 'l', 'e', 'y']","[1.553611493902281, 1.7203373439842835, 3.049764822004363, 3.602810957003385, 3.8378946469165385, 3.9786305089946836, 4.143486229004338, 4.297083840006962]",[1.55361,1.55361,4,33,1,2019_Oct_10_1302,FaceNameControl_Picture&Audio,3.0.4,84.94432578,
110,FacesBlock4.xlsx,Brandon.mp4,Brandon.JPG,Brandon,48,videoFrameBrandon.png,0,3,3,3,,,,,0,4,4,3,,,,Brandon,"['rshift', 'b', 'r', 'a', 'n', 'd', 'o', 'n']","[1.460017021978274, 1.4967385519994423, 1.8850207789801061, 2.085317868972197, 2.1794966369634494, 2.2739085069624707, 2.449972594040446, 3.626464828965254]",[1.46001,1.46001,4,33,1,2019_Oct_10_1302,FaceNameControl_Picture&Audio,3.0.4,84.94432578,
94,FacesBlock4.xlsx,Brandon.mp4,Brandon.JPG,Brandon,48,videoFrameBrandon.png,0,3,3,3,0,3,3,3,,,,,1,1,1.191441559,,,,,,,33,1,2019_Oct_10_1302,FaceNameControl_Picture&Audio,3.0.4,84.94432578,
119,FacesBlock4.xlsx,Brian.mp4,Brian.JPG,Brian,49,videoFrameBrian.png,0,3,3,3,,,,,0,13,13,4,,,,Brian,"['rshift', 'b', 'r', 'i', 'a', 'n']","[1.0010329090291634, 1.1059589450014755, 1.3308573130052537, 1.519915673066862, 1.6258548400364816, 1.7547069450374693]",[1.00103,1.00103,4,33,1,2019_Oct_10_1302,FaceNameControl_Picture&Audio,3.0.4,84.94432578,
93,FacesBlock4.xlsx,Brian.mp4,Brian.JPG,Brian,49,videoFrameBrian.png,0,3,3,3,0,2,2,4,,,,,0,1,1.144948623,,,,,,,33,1,2019_Oct_10_1302,FaceNameControl_Picture&Audio,3.0.4,84.94432578,
99,FacesBlock4.xlsx,Brianna.mp4,Brianna.JPG,Brianna,50,videoFrameBrianna.png,0,3,3,3,0,8,8,5,,,,,0,2,1.085526991,,,,,,,33,1,2019_Oct_10_1302,FaceNameControl_Picture&Audio,3.0.4,84.94432578,
117,FacesBlock4.xlsx,Brianna.mp4,Brianna.JPG,Brianna,50,videoFrameBrianna.png,0,3,3,3,,,,,0,11,11,5,,,,Brianna,"['rshift', 'rshift', 'b', 'r', 'i', 'a', 'n', 'n', 'a']","[0.942815711023286, 1.8834129199385643, 2.0389731490286067, 2.2482446889625862, 2.3913996550254524, 2.4494402459822595, 2.9681147389346734, 3.096628646948375, 3.226723957923241]",[0.94281,0.94281,4,33,1,2019_Oct_10_1302,FaceNameControl_Picture&Audio,3.0.4,84.94432578,
29,FacesBlock2.xlsx,Brittany.mp4,Brittany.JPG,Brittany,17,videoFrameBrittany.png,0,0,0,1,,,,,0,13,13,2,,,,Brooke,"['rshift', 'b', 'r', 'o', 'o', 'k', 'e']","[6.329943237011321, 6.426118230912834, 6.62622025993187, 6.753615243942477, 6.8964106609346345, 7.0495158929843456, 7.144334195996635]",[6.32994,6.32994,1,33,1,2019_Oct_10_1302,FaceNameControl_Picture&Audio,3.0.4,84.94432578,
3,FacesBlock2.xlsx,Brittany.mp4,Brittany.JPG,Brittany,17,videoFrameBrittany.png,0,0,0,1,0,2,2,2,,,,,0,2,0.438407783,,,,,,,33,1,2019_Oct_10_1302,FaceNameControl_Picture&Audio,3.0.4,84.94432578,
91,FacesBlock4.xlsx,Caleb.mp4,Caleb.JPG,Caleb,51,videoFrameCaleb.png,0,3,3,3,0,0,0,6,,,,,1,1,2.741588185,,,,,,,33,1,2019_Oct_10_1302,FaceNameControl_Picture&Audio,3.0.4,84.94432578,
115,FacesBlock4.xlsx,Caleb.mp4,Caleb.JPG,Caleb,51,videoFrameCaleb.png,0,3,3,3,,,,,0,9,9,6,,,,Caleb,"['rshift', 'c', 'a', 'l', 'e', 'b']","[1.341789138969034, 1.4608238019281998, 2.3078577279811725, 2.496073607937433, 2.6249119779095054, 3.236630118917674]",[1.34178,1.34178,4,33,1,2019_Oct_10_1302,FaceNameControl_Picture&Audio,3.0.4,84.94432578,
22,FacesBlock2.xlsx,Cody.mp4,Cody.JPG,Cody,18,videoFrameCody.png,0,0,0,1,,,,,0,6,6,3,,,,Connor,"['rshift', 'c', 'o', 'n', 'n', 'o', 'r']","[2.9657310739858076, 3.109449720941484, 3.320458589005284, 3.556114893988706, 3.708718703011982, 3.9442605579970405, 4.636790040996857]",[2.96573,2.96573,1,33,1,2019_Oct_10_1302,FaceNameControl_Picture&Audio,3.0.4,84.94432578,
15,FacesBlock2.xlsx,Cody.mp4,Cody.JPG,Cody,18,videoFrameCody.png,0,0,0,1,0,14,14,3,,,,,1,1,0.214786793,,,,,,,33,1,2019_Oct_10_1302,FaceNameControl_Picture&Audio,3.0.4,84.94432578,
52,FacesBlock3.xlsx,Courtney.mp4,Courtney.JPG,Courtney,30,videoFrameCourtney.png,0,1,1,2,,,,,0,6,6,0,,,,Georgia,"['rshift', 'g', 'e', 'o', 'r', 'g', 'i', 'a']","[4.342472158954479, 4.367895221919753, 4.579120417009108, 4.660955216968432, 4.768164684996009, 5.367383966920897, 5.590734803932719, 6.156325879972428]",[4.34247,4.34247,1,33,1,2019_Oct_10_1302,FaceNameControl_Picture&Audio,3.0.4,84.94432578,
39,FacesBlock3.xlsx,Courtney.mp4,Courtney.JPG,Courtney,30,videoFrameCourtney.png,0,1,1,2,0,8,8,0,,,,,0,2,2.097561084,,,,,,,33,1,2019_Oct_10_1302,FaceNameControl_Picture&Audio,3.0.4,84.94432578,
42,FacesBlock3.xlsx,Daniel.mp4,Daniel.JPG,Daniel,31,videoFrameDaniel.png,0,1,1,2,0,11,11,1,,,,,0,1,0.531639045,,,,,,,33,1,2019_Oct_10_1302,FaceNameControl_Picture&Audio,3.0.4,84.94432578,
57,FacesBlock3.xlsx,Daniel.mp4,Daniel.JPG,Daniel,31,videoFrameDaniel.png,0,1,1,2,,,,,0,11,11,1,,,,Chris,"['rshift', 'c', 'r', 'h', 's', 'backspace', 'backspace', 'backspace', 'h', 'r', 'i', 's']","[2.5193503299960867, 2.5566231079865247, 2.744541347026825, 2.7917984490050003, 3.085618284996599, 3.4014762280276045, 3.5675973190227523, 3.6851095190504566, 4.4482470960356295, 4.568138874019496, 4.685412673978135, 4.768201568047516]",[2.51935,2.51935,1,33,1,2019_Oct_10_1302,FaceNameControl_Picture&Audio,3.0.4,84.94432578,
62,FacesBlock1.xlsx,Danielle.mp4,Danielle.JPG,Danielle,3,videoFrameDanielle.png,0,2,2,0,0,1,1,3,,,,,1,2,0.508835108,,,,,,,33,1,2019_Oct_10_1302,FaceNameControl_Picture&Audio,3.0.4,84.94432578,
84,FacesBlock1.xlsx,Danielle.mp4,Danielle.JPG,Danielle,3,videoFrameDanielle.png,0,2,2,0,,,,,0,8,8,3,,,,Danielle,"['rshift', 'd', 'a', 'n', 'i', 'l', 'e', 'e', 'backspace', 'backspace', 'backspace', 'e', 'l', 'l', 'e']","[3.8481842399341986, 4.038373850984499, 4.355086041963659, 4.473866682965308, 4.707899537985213, 4.906617925968021, 5.002975256997161, 5.178915516007692, 5.473343828925863, 5.625218175933696, 5.790210815961473, 5.93166216602549, 6.07344196701888, 6.425346510019153, 6.555698088021018]",[3.84818,3.84818,4,33,1,2019_Oct_10_1302,FaceNameControl_Picture&Audio,3.0.4,84.94432578,
13,FacesBlock2.xlsx,David.mp4,David.JPG,David,19,videoFrameDavid.png,0,0,0,1,0,12,12,4,,,,,0,1,0.720617957,,,,,,,33,1,2019_Oct_10_1302,FaceNameControl_Picture&Audio,3.0.4,84.94432578,
21,FacesBlock2.xlsx,David.mp4,David.JPG,David,19,videoFrameDavid.png,0,0,0,1,,,,,0,5,5,4,,,,,None,,,,1,33,1,2019_Oct_10_1302,FaceNameControl_Picture&Audio,3.0.4,84.94432578,
96,FacesBlock4.xlsx,Dylan.mp4,Dylan.JPG,Dylan,52,videoFrameDylan.png,0,3,3,3,0,5,5,7,,,,,1,1,0.344250303,,,,,,,33,1,2019_Oct_10_1302,FaceNameControl_Picture&Audio,3.0.4,84.94432578,
116,FacesBlock4.xlsx,Dylan.mp4,Dylan.JPG,Dylan,52,videoFrameDylan.png,0,3,3,3,,,,,0,10,10,7,,,,Dylan,"['rshift', 'rshift', 'd', 'y', 'l', 'a', 'n']","[1.5415933489566669, 6.777658373001032, 6.929749651928432, 7.167431275942363, 7.295867730979808, 7.426196331973188, 7.531940062996]",[1.54159,1.54159,4,33,1,2019_Oct_10_1302,FaceNameControl_Picture&Audio,3.0.4,84.94432578,
118,FacesBlock4.xlsx,Emily.mp4,Emily.JPG,Emily,53,videoFrameEmily.png,0,3,3,3,,,,,0,12,12,8,,,,Elizabeth,"['rshift', 'e', 'l', 'i', 'z', 'a', 'b', 'e', 't', 'h']","[2.165755473077297, 2.1792335220379755, 2.42559496301692, 2.6031093819765374, 2.685091502033174, 2.8724779289914295, 3.802883649012074, 3.861038436065428, 4.038333909003995, 4.096784756984562]",[2.16575,2.16575,2,33,1,2019_Oct_10_1302,FaceNameControl_Picture&Audio,3.0.4,84.94432578,
92,FacesBlock4.xlsx,Emily.mp4,Emily.JPG,Emily,53,videoFrameEmily.png,0,3,3,3,0,1,1,8,,,,,1,2,1.226760908,,,,,,,33,1,2019_Oct_10_1302,FaceNameControl_Picture&Audio,3.0.4,84.94432578,
81,FacesBlock1.xlsx,Eric.mp4,Eric.JPG,Eric,4,videoFrameEric.png,0,2,2,0,,,,,0,5,5,4,,,,Clay,"['rshift', 'c', 'l', 'a', 'y']","[8.637062430032529, 8.766070381039754, 9.108344488078728, 9.238497541984543, 9.36771093099378]",[8.63706,8.63706,1,33,1,2019_Oct_10_1302,FaceNameControl_Picture&Audio,3.0.4,84.94432578,
68,FacesBlock1.xlsx,Eric.mp4,Eric.JPG,Eric,4,videoFrameEric.png,0,2,2,0,0,7,7,4,,,,,1,1,0.915050086,,,,,,,33,1,2019_Oct_10_1302,FaceNameControl_Picture&Audio,3.0.4,84.94432578,
67,FacesBlock1.xlsx,Ethan.mp4,Ethan.JPG,Ethan,5,videoFrameEthan.png,0,2,2,0,0,6,6,5,,,,,1,1,0.732459864,,,,,,,33,1,2019_Oct_10_1302,FaceNameControl_Picture&Audio,3.0.4,84.94432578,
83,FacesBlock1.xlsx,Ethan.mp4,Ethan.JPG,Ethan,5,videoFrameEthan.png,0,2,2,0,,,,,0,7,7,5,,,,Ethan,"['rshift', 'e', 't', 'h', 'a', 'n']","[1.200980383087881, 1.2137803800869733, 1.4138077900279313, 1.5201073830248788, 1.6260295030660927, 2.4839954091003165]",[1.20098,1.20098,4,33,1,2019_Oct_10_1302,FaceNameControl_Picture&Audio,3.0.4,84.94432578,
101,FacesBlock4.xlsx,Grace.mp4,Grace.JPG,Grace,54,videoFrameGrace.png,0,3,3,3,0,10,10,9,,,,,1,2,0.873113428,,,,,,,33,1,2019_Oct_10_1302,FaceNameControl_Picture&Audio,3.0.4,84.94432578,
120,FacesBlock4.xlsx,Grace.mp4,Grace.JPG,Grace,54,videoFrameGrace.png,0,3,3,3,,,,,0,14,14,9,,,,Grace,"['rshift', 'g', 'r', 'a', 'c', 'e']","[2.189503033994697, 2.3310796540463343, 2.54398234304972, 2.7663669970352203, 2.884450313053094, 2.966500345035456]",[2.18950,2.1895,4,33,1,2019_Oct_10_1302,FaceNameControl_Picture&Audio,3.0.4,84.94432578,
20,FacesBlock2.xlsx,Haley.mp4,Haley.JPG,Haley,20,videoFrameHaley.png,0,0,0,1,,,,,0,4,4,5,,,,Michelle,"['rshift', 'm', 'i', 'c', 'h', 'e', 'l', 'l', 'e']","[2.5304377790307626, 2.8494410740677267, 3.1562521010637283, 3.308641867013648, 3.555302324006334, 3.6607661939924583, 4.496282099047676, 4.649184418958612, 4.731977476971224]",[2.53043,2.53043,1,33,1,2019_Oct_10_1302,FaceNameControl_Picture&Audio,3.0.4,84.94432578,
9,FacesBlock2.xlsx,Haley.mp4,Haley.JPG,Haley,20,videoFrameHaley.png,0,0,0,1,0,8,8,5,,,,,1,2,0.862323654,,,,,,,33,1,2019_Oct_10_1302,FaceNameControl_Picture&Audio,3.0.4,84.94432578,
72,FacesBlock1.xlsx,Hannah.mp4,Hannah.JPG,Hannah,6,videoFrameHannah.png,0,2,2,0,0,11,11,6,,,,,1,2,0.578842646,,,,,,,33,1,2019_Oct_10_1302,FaceNameControl_Picture&Audio,3.0.4,84.94432578,
88,FacesBlock1.xlsx,Hannah.mp4,Hannah.JPG,Hannah,6,videoFrameHannah.png,0,2,2,0,,,,,0,12,12,6,,,,Hannah,"['rshift', 'h', 'a', 'n', 'n', 'a', 'h']","[1.0353732500225306, 1.5075094720814377, 1.6368825670797378, 1.7782324140425771, 1.97677230311092, 2.177797786076553, 2.295745809096843]",[1.03537,1.03537,4,33,1,2019_Oct_10_1302,FaceNameControl_Picture&Audio,3.0.4,84.94432578,
28,FacesBlock2.xlsx,Heather.mp4,Heather.JPG,Heather,21,videoFrameHeather.png,0,0,0,1,,,,,0,12,12,6,,,,,None,,,,1,33,1,2019_Oct_10_1302,FaceNameControl_Picture&Audio,3.0.4,84.94432578,
8,FacesBlock2.xlsx,Heather.mp4,Heather.JPG,Heather,21,videoFrameHeather.png,0,0,0,1,0,7,7,6,,,,,1,2,4.04972503,,,,,,,33,1,2019_Oct_10_1302,FaceNameControl_Picture&Audio,3.0.4,84.94432578,
35,FacesBlock3.xlsx,Jacob.mp4,Jacob.JPG,Jacob,32,videoFrameJacob.png,0,1,1,2,0,4,4,2,,,,,0,1,1.168203345,,,,,,,33,1,2019_Oct_10_1302,FaceNameControl_Picture&Audio,3.0.4,84.94432578,
56,FacesBlock3.xlsx,Jacob.mp4,Jacob.JPG,Jacob,32,videoFrameJacob.png,0,1,1,2,,,,,0,10,10,2,,,,Jacob,"['rshift', 'j', 'a', 'c', 'o', 'b']","[3.2474596350220963, 3.368007650016807, 3.4379678909899667, 3.6972128819907084, 3.800839212955907, 4.024242545012385]",[3.24745,3.24745,4,33,1,2019_Oct_10_1302,FaceNameControl_Picture&Audio,3.0.4,84.94432578,
95,FacesBlock4.xlsx,Jason.mp4,Jason.JPG,Jason,55,videoFrameJason.png,0,3,3,3,0,4,4,10,,,,,0,1,1.285465959,,,,,,,33,1,2019_Oct_10_1302,FaceNameControl_Picture&Audio,3.0.4,84.94432578,
109,FacesBlock4.xlsx,Jason.mp4,Jason.JPG,Jason,55,videoFrameJason.png,0,3,3,3,,,,,0,3,3,10,,,,Jason,"['rshift', 'j', 'a', 's', 'n', 'backspace', 'o', 'n']","[2.8364370570052415, 3.026270523085259, 3.131742911064066, 3.307818292058073, 3.6141750440001488, 3.99017167405691, 4.202655235072598, 4.401946608093567]",[2.83643,2.83643,4,33,1,2019_Oct_10_1302,FaceNameControl_Picture&Audio,3.0.4,84.94432578,
90,FacesBlock1.xlsx,Jenna.mp4,Jenna.JPG,Jenna,7,videoFrameJenna.png,0,2,2,0,,,,,0,14,14,7,,,,,None,,,,1,33,1,2019_Oct_10_1302,FaceNameControl_Picture&Audio,3.0.4,84.94432578,
74,FacesBlock1.xlsx,Jenna.mp4,Jenna.JPG,Jenna,7,videoFrameJenna.png,0,2,2,0,0,13,13,7,,,,,0,2,0.602876491,,,,,,,33,1,2019_Oct_10_1302,FaceNameControl_Picture&Audio,3.0.4,84.94432578,
2,FacesBlock2.xlsx,Jeremy.mp4,Jeremy.JPG,Jeremy,22,videoFrameJeremy.png,0,0,0,1,0,1,1,7,,,,,0,1,0.779025153,,,,,,,33,1,2019_Oct_10_1302,FaceNameControl_Picture&Audio,3.0.4,84.94432578,
19,FacesBlock2.xlsx,Jeremy.mp4,Jeremy.JPG,Jeremy,22,videoFrameJeremy.png,0,0,0,1,,,,,0,3,3,7,,,,,None,,,,1,33,1,2019_Oct_10_1302,FaceNameControl_Picture&Audio,3.0.4,84.94432578,
73,FacesBlock1.xlsx,Jessica.mp4,Jessica.JPG,Jessica,8,videoFrameJessica.png,0,2,2,0,0,12,12,8,,,,,0,2,0.956196904,,,,,,,33,1,2019_Oct_10_1302,FaceNameControl_Picture&Audio,3.0.4,84.94432578,
76,FacesBlock1.xlsx,Jessica.mp4,Jessica.JPG,Jessica,8,videoFrameJessica.png,0,2,2,0,,,,,0,0,0,8,,,,Jessica,"['rshift', 'j', 'e', 's', 's', 'i', 'v', 'backspace', 'c', 'a', 'return']","[1.5425483230501413, 1.8272669970756397, 1.9561622691107914, 2.415244081057608, 2.5656384200556204, 2.6620916820829734, 2.838718817103654, 3.5445922750514, 3.7322321590036154, 3.9095244490308687, 4.142503692070022]",[1.54254,1.54254,3,33,1,2019_Oct_10_1302,FaceNameControl_Picture&Audio,3.0.4,84.94432578,
12,FacesBlock2.xlsx,Josh.mp4,Josh.JPG,Josh,23,videoFrameJosh.png,0,0,0,1,0,11,11,8,,,,,1,1,0.379596083,,,,,,,33,1,2019_Oct_10_1302,FaceNameControl_Picture&Audio,3.0.4,84.94432578,
16,FacesBlock2.xlsx,Josh.mp4,Josh.JPG,Josh,23,videoFrameJosh.png,0,0,0,1,,,,,0,0,0,8,,,,Josh,"['rshift', 'j', 'o', 's', 'h', 'return']","[1.5076429250184447, 1.685200734063983, 2.024751215009019, 2.7440788380336016, 2.9671577650588006, 5.224612412042916]",[1.50764,1.50764,2,33,1,2019_Oct_10_1302,FaceNameControl_Picture&Audio,3.0.4,84.94432578,
79,FacesBlock1.xlsx,Julia.mp4,Julia.JPG,Julia,9,videoFrameJulia.png,0,2,2,0,,,,,0,3,3,9,,,,Julia,"['rshift', 'j', 'u', 'l', 'i', 'a']","[1.36595856200438, 1.6851682900451124, 1.8619896919699386, 1.9551621089922264, 2.119709652964957, 2.2728506840066984]",[1.36595,1.36595,4,33,1,2019_Oct_10_1302,FaceNameControl_Picture&Audio,3.0.4,84.94432578,
70,FacesBlock1.xlsx,Julia.mp4,Julia.JPG,Julia,9,videoFrameJulia.png,0,2,2,0,0,9,9,9,,,,,1,2,0.543712202,,,,,,,33,1,2019_Oct_10_1302,FaceNameControl_Picture&Audio,3.0.4,84.94432578,
26,FacesBlock2.xlsx,Justin.mp4,Justin.JPG,Justin,24,videoFrameJustin.png,0,0,0,1,,,,,0,10,10,9,,,,Sam,"['rshift', 's', 'a', 'm']","[2.9062065340112895, 2.9199017920764163, 3.119615716044791, 3.271862971014343]",[2.90620,2.9062,1,33,1,2019_Oct_10_1302,FaceNameControl_Picture&Audio,3.0.4,84.94432578,
14,FacesBlock2.xlsx,Justin.mp4,Justin.JPG,Justin,24,videoFrameJustin.png,0,0,0,1,0,13,13,9,,,,,1,1,0.50886379,,,,,,,33,1,2019_Oct_10_1302,FaceNameControl_Picture&Audio,3.0.4,84.94432578,
104,FacesBlock4.xlsx,Katie.mp4,Katie.JPG,Katie,56,videoFrameKatie.png,0,3,3,3,0,13,13,11,,,,,0,2,0.696808176,,,,,,,33,1,2019_Oct_10_1302,FaceNameControl_Picture&Audio,3.0.4,84.94432578,
108,FacesBlock4.xlsx,Katie.mp4,Katie.JPG,Katie,56,videoFrameKatie.png,0,3,3,3,,,,,0,2,2,11,,,,Katie,"['rshift', 'k', 'a', 't', 'i', 'e']","[1.90746331110131, 2.002330551040359, 2.0377453700639307, 2.2969699520617723, 2.401947670034133, 2.5081947430735454]",[1.90746,1.90746,4,33,1,2019_Oct_10_1302,FaceNameControl_Picture&Audio,3.0.4,84.94432578,
51,FacesBlock3.xlsx,Kayla.mp4,Kayla.JPG,Kayla,33,videoFrameKayla.png,0,1,1,2,,,,,0,5,5,3,,,,Kayla,"['rshift', 'k', 'y', 'l', 'a', 'backspace', 'backspace', 'backspace', 'a', 'y', 'l', 'a']","[1.1293827700428665, 1.2019644459942356, 1.4485690090805292, 1.6704633920453489, 1.7549159560585395, 2.118405319051817, 2.2719243980245665, 2.4362691630376503, 2.7315434850752354, 2.8613182610133663, 3.095047581009567, 3.190124345012009]",[1.12938,1.12938,4,33,1,2019_Oct_10_1302,FaceNameControl_Picture&Audio,3.0.4,84.94432578,
44,FacesBlock3.xlsx,Kayla.mp4,Kayla.JPG,Kayla,33,videoFrameKayla.png,0,1,1,2,0,13,13,3,,,,,1,2,0.566993145,,,,,,,33,1,2019_Oct_10_1302,FaceNameControl_Picture&Audio,3.0.4,84.94432578,
89,FacesBlock1.xlsx,Kelsey.mp4,Kelsey.JPG,Kelsey,10,videoFrameKelsey.png,0,2,2,0,,,,,0,13,13,10,,,,,None,,,,1,33,1,2019_Oct_10_1302,FaceNameControl_Picture&Audio,3.0.4,84.94432578,
66,FacesBlock1.xlsx,Kelsey.mp4,Kelsey.JPG,Kelsey,10,videoFrameKelsey.png,0,2,2,0,0,5,5,10,,,,,0,2,1.262112297,,,,,,,33,1,2019_Oct_10_1302,FaceNameControl_Picture&Audio,3.0.4,84.94432578,
43,FacesBlock3.xlsx,Kevin.mp4,Kevin.JPG,Kevin,34,videoFrameKevin.png,0,1,1,2,0,12,12,4,,,,,1,1,0.744626189,,,,,,,33,1,2019_Oct_10_1302,FaceNameControl_Picture&Audio,3.0.4,84.94432578,
46,FacesBlock3.xlsx,Kevin.mp4,Kevin.JPG,Kevin,34,videoFrameKevin.png,0,1,1,2,,,,,0,0,0,4,,,,kevin,"['k', 'e', 'v', 'i', 'n']","[1.4377334929304197, 1.6498248489806429, 1.8966189989587292, 1.979399258038029, 2.1536447210237384]",[1.43773,1.43773,2,33,1,2019_Oct_10_1302,FaceNameControl_Picture&Audio,3.0.4,84.94432578,
87,FacesBlock1.xlsx,Kyle.mp4,Kyle.JPG,Kyle,11,videoFrameKyle.png,0,2,2,0,,,,,0,11,11,11,,,,Kyle,"['rshift', 'k', 'y', 'l', 'e']","[1.3186210199492052, 1.4380032699555159, 1.5792030870215967, 1.7070618380093947, 1.8029392309254035]",[1.31862,1.31862,4,33,1,2019_Oct_10_1302,FaceNameControl_Picture&Audio,3.0.4,84.94432578,
64,FacesBlock1.xlsx,Kyle.mp4,Kyle.JPG,Kyle,11,videoFrameKyle.png,0,2,2,0,0,3,3,11,,,,,0,1,0.860932035,,,,,,,33,1,2019_Oct_10_1302,FaceNameControl_Picture&Audio,3.0.4,84.94432578,
53,FacesBlock3.xlsx,Lauren.mp4,Lauren.JPG,Lauren,35,videoFrameLauren.png,0,1,1,2,,,,,0,7,7,5,,,,,None,,,,1,33,1,2019_Oct_10_1302,FaceNameControl_Picture&Audio,3.0.4,84.94432578,
32,FacesBlock3.xlsx,Lauren.mp4,Lauren.JPG,Lauren,35,videoFrameLauren.png,0,1,1,2,0,1,1,5,,,,,0,2,1.109240182,,,,,,,33,1,2019_Oct_10_1302,FaceNameControl_Picture&Audio,3.0.4,84.94432578,
55,FacesBlock3.xlsx,Mark.mp4,Mark.JPG,Mark,36,videoFrameMark.png,0,1,1,2,,,,,0,9,9,6,,,,Matt,"['rshift', 'm', 'a', 't', 't']","[1.6829452180536464, 1.8365021359641105, 2.332275236956775, 2.6261906099971384, 2.7554867470171303]",[1.68294,1.68294,2,33,1,2019_Oct_10_1302,FaceNameControl_Picture&Audio,3.0.4,84.94432578,
31,FacesBlock3.xlsx,Mark.mp4,Mark.JPG,Mark,36,videoFrameMark.png,0,1,1,2,0,0,0,6,,,,,1,1,1.438248952,,,,,,,33,1,2019_Oct_10_1302,FaceNameControl_Picture&Audio,3.0.4,84.94432578,
85,FacesBlock1.xlsx,Matthew.mp4,Matthew.JPG,Matthew,12,videoFrameMatthew.png,0,2,2,0,,,,,0,9,9,12,,,,,None,,,,1,33,1,2019_Oct_10_1302,FaceNameControl_Picture&Audio,3.0.4,84.94432578,
65,FacesBlock1.xlsx,Matthew.mp4,Matthew.JPG,Matthew,12,videoFrameMatthew.png,0,2,2,0,0,4,4,12,,,,,0,1,0.956017912,,,,,,,33,1,2019_Oct_10_1302,FaceNameControl_Picture&Audio,3.0.4,84.94432578,
27,FacesBlock2.xlsx,Megan.mp4,Megan.JPG,Megan,25,videoFrameMegan.png,0,0,0,1,,,,,0,11,11,10,,,,Megan,"['rshift', 'm', 'e', 'g', 'a', 'n']","[1.6479540539439768, 1.8143071749946102, 2.261653149034828, 2.790009100921452, 3.1673375599784777, 3.3554631599690765]",[1.64795,1.64795,4,33,1,2019_Oct_10_1302,FaceNameControl_Picture&Audio,3.0.4,84.94432578,
10,FacesBlock2.xlsx,Megan.mp4,Megan.JPG,Megan,25,videoFrameMegan.png,0,0,0,1,0,9,9,10,,,,,1,2,1.121181292,,,,,,,33,1,2019_Oct_10_1302,FaceNameControl_Picture&Audio,3.0.4,84.94432578,
112,FacesBlock4.xlsx,Michael.mp4,Michael.JPG,Michael,57,videoFrameMichael.png,0,3,3,3,,,,,0,6,6,12,,,,,None,,,,1,33,1,2019_Oct_10_1302,FaceNameControl_Picture&Audio,3.0.4,84.94432578,
102,FacesBlock4.xlsx,Michael.mp4,Michael.JPG,Michael,57,videoFrameMichael.png,0,3,3,3,0,11,11,12,,,,,0,1,0.721072513,,,,,,,33,1,2019_Oct_10_1302,FaceNameControl_Picture&Audio,3.0.4,84.94432578,
107,FacesBlock4.xlsx,Michelle.mp4,Michelle.JPG,Michelle,58,videoFrameMichelle.png,0,3,3,3,,,,,0,1,1,13,,,,Michelle,"['rshift', 'm', 'i', 'c', 'h', 'e', 'l', 'l', 'e']","[1.0834533120505512, 1.1790991120506078, 1.3672849480062723, 1.427676941966638, 1.5674588209949434, 1.6742753060534596, 1.7913247030228376, 1.9442377859959379, 2.036326910019852]",[1.08345,1.08345,4,33,1,2019_Oct_10_1302,FaceNameControl_Picture&Audio,3.0.4,84.94432578,
105,FacesBlock4.xlsx,Michelle.mp4,Michelle.JPG,Michelle,58,videoFrameMichelle.png,0,3,3,3,0,14,14,13,,,,,1,2,0.638307949,,,,,,,33,1,2019_Oct_10_1302,FaceNameControl_Picture&Audio,3.0.4,84.94432578,
75,FacesBlock1.xlsx,Natalie.mp4,Natalie.JPG,Natalie,13,videoFrameNatalie.png,0,2,2,0,0,14,14,13,,,,,1,2,0.426770298,,,,,,,33,1,2019_Oct_10_1302,FaceNameControl_Picture&Audio,3.0.4,84.94432578,
86,FacesBlock1.xlsx,Natalie.mp4,Natalie.JPG,Natalie,13,videoFrameNatalie.png,0,2,2,0,,,,,0,10,10,13,,,,,None,,,,1,33,1,2019_Oct_10_1302,FaceNameControl_Picture&Audio,3.0.4,84.94432578,
36,FacesBlock3.xlsx,Nathan.mp4,Nathan.JPG,Nathan,37,videoFrameNathan.png,0,1,1,2,0,5,5,7,,,,,0,1,1.403874241,,,,,,,33,1,2019_Oct_10_1302,FaceNameControl_Picture&Audio,3.0.4,84.94432578,
54,FacesBlock3.xlsx,Nathan.mp4,Nathan.JPG,Nathan,37,videoFrameNathan.png,0,1,1,2,,,,,0,8,8,7,,,,Nathan,"['rshift', 'n', 'a', 't', 'h', 'a', 'n']","[1.3420072209555656, 1.5787026149919257, 1.7320290820207447, 1.978789290995337, 2.085087980958633, 2.201891351956874, 2.2854934750357643]",[1.34200,1.342,4,33,1,2019_Oct_10_1302,FaceNameControl_Picture&Audio,3.0.4,84.94432578,
47,FacesBlock3.xlsx,Nicole.mp4,Nicole.JPG,Nicole,38,videoFrameNicole.png,0,1,1,2,,,,,0,1,1,8,,,,Nicole,"['rshift', 'n', 'i', 'c', 'o', 'l', 'e']","[2.6949786429759115, 2.7786390639375895, 2.955302595975809, 3.108232360915281, 3.249631132930517, 3.4257356439484283, 3.5434490129118785]",[2.69497,2.69497,4,33,1,2019_Oct_10_1302,FaceNameControl_Picture&Audio,3.0.4,84.94432578,
37,FacesBlock3.xlsx,Nicole.mp4,Nicole.JPG,Nicole,38,videoFrameNicole.png,0,1,1,2,0,6,6,8,,,,,1,2,1.285767593,,,,,,,33,1,2019_Oct_10_1302,FaceNameControl_Picture&Audio,3.0.4,84.94432578,
38,FacesBlock3.xlsx,Noah.mp4,Noah.JPG,Noah,39,videoFrameNoah.png,0,1,1,2,0,7,7,9,,,,,0,1,1.496934141,,,,,,,33,1,2019_Oct_10_1302,FaceNameControl_Picture&Audio,3.0.4,84.94432578,
58,FacesBlock3.xlsx,Noah.mp4,Noah.JPG,Noah,39,videoFrameNoah.png,0,1,1,2,,,,,0,12,12,9,,,,,None,,,,1,33,1,2019_Oct_10_1302,FaceNameControl_Picture&Audio,3.0.4,84.94432578,
40,FacesBlock3.xlsx,Olivia.mp4,Olivia.JPG,Olivia,40,videoFrameOlivia.png,0,1,1,2,0,9,9,10,,,,,1,2,0.450262893,,,,,,,33,1,2019_Oct_10_1302,FaceNameControl_Picture&Audio,3.0.4,84.94432578,
49,FacesBlock3.xlsx,Olivia.mp4,Olivia.JPG,Olivia,40,videoFrameOlivia.png,0,1,1,2,,,,,0,3,3,10,,,,Olivia,"['rshift', 'o', 'l', 'i', 'v', 'i', 'a']","[1.5414311080239713, 1.695795907988213, 1.8732937269378453, 2.071789677022025, 2.1892410189611837, 2.2839201519964263, 2.7195760159520432]",[1.54143,1.54143,4,33,1,2019_Oct_10_1302,FaceNameControl_Picture&Audio,3.0.4,84.94432578,
5,FacesBlock2.xlsx,Rachel.mp4,Rachel.JPG,Rachel,26,videoFrameRachel.png,0,0,0,1,0,4,4,11,,,,,0,2,0.508602299,,,,,,,33,1,2019_Oct_10_1302,FaceNameControl_Picture&Audio,3.0.4,84.94432578,
17,FacesBlock2.xlsx,Rachel.mp4,Rachel.JPG,Rachel,26,videoFrameRachel.png,0,0,0,1,,,,,0,1,1,11,,,,Ashley,"['rshift', 'a', 's', 'h', 'l', 'e', 'y']","[3.2710988350445405, 3.3435567889828235, 3.5553801889764145, 4.058907489059493, 4.214298684033565, 4.390685015008785, 4.578908181982115]",[3.27109,3.27109,1,33,1,2019_Oct_10_1302,FaceNameControl_Picture&Audio,3.0.4,84.94432578,
50,FacesBlock3.xlsx,Rebecca.mp4,Rebecca.JPG,Rebecca,41,videoFrameRebecca.png,0,1,1,2,,,,,0,4,4,11,,,,,None,,,,1,33,1,2019_Oct_10_1302,FaceNameControl_Picture&Audio,3.0.4,84.94432578,
41,FacesBlock3.xlsx,Rebecca.mp4,Rebecca.JPG,Rebecca,41,videoFrameRebecca.png,0,1,1,2,0,10,10,11,,,,,1,2,0.485521967,,,,,,,33,1,2019_Oct_10_1302,FaceNameControl_Picture&Audio,3.0.4,84.94432578,
48,FacesBlock3.xlsx,Sarah.mp4,Sarah.JPG,Sarah,42,videoFrameSarah.png,0,1,1,2,,,,,0,2,2,12,,,,Sarah,"['rshift', 's', 'a', 'r', 'a', 'h']","[2.165822849026881, 2.22487401496619, 2.402043338981457, 3.4729150340426713, 3.5324178299633786, 4.626437872997485]",[2.16582,2.16582,3,33,1,2019_Oct_10_1302,FaceNameControl_Picture&Audio,3.0.4,84.94432578,
34,FacesBlock3.xlsx,Sarah.mp4,Sarah.JPG,Sarah,42,videoFrameSarah.png,0,1,1,2,0,3,3,12,,,,,1,2,1.296543252,,,,,,,33,1,2019_Oct_10_1302,FaceNameControl_Picture&Audio,3.0.4,84.94432578,
60,FacesBlock3.xlsx,Shelby.mp4,Shelby.JPG,Shelby,43,videoFrameShelby.png,0,1,1,2,,,,,0,14,14,13,,,,Shelby,"['rshift', 'rshift', 's', 'd', 'backspace', 'backspace', 'rshift', 's', 'h', 'e', 'l', 'b', 'y']","[4.612821399001405, 6.602074885042384, 6.781513471039943, 7.179682411020622, 7.426518957014196, 7.660816857009195, 7.791413926985115, 8.027364957029931, 8.13266802194994, 8.262540869996883, 8.483616490033455, 8.638297774014063]",[4.61282,4.61282,2,33,1,2019_Oct_10_1302,FaceNameControl_Picture&Audio,3.0.4,84.94432578,
45,FacesBlock3.xlsx,Shelby.mp4,Shelby.JPG,Shelby,43,videoFrameShelby.png,0,1,1,2,0,14,14,13,,,,,0,2,0.814870978,,,,,,,33,1,2019_Oct_10_1302,FaceNameControl_Picture&Audio,3.0.4,84.94432578,
18,FacesBlock2.xlsx,Steven.mp4,Steven.JPG,Steven,27,videoFrameSteven.png,0,0,0,1,,,,,0,2,2,12,,,,,None,,,,1,33,1,2019_Oct_10_1302,FaceNameControl_Picture&Audio,3.0.4,84.94432578,
11,FacesBlock2.xlsx,Steven.mp4,Steven.JPG,Steven,27,videoFrameSteven.png,0,0,0,1,0,10,10,12,,,,,0,1,0.685356807,,,,,,,33,1,2019_Oct_10_1302,FaceNameControl_Picture&Audio,3.0.4,84.94432578,
97,FacesBlock4.xlsx,Taylor.mp4,Taylor.JPG,Taylor,59,videoFrameTaylor.png,0,3,3,3,0,6,6,14,,,,,0,2,1.003685077,,,,,,,33,1,2019_Oct_10_1302,FaceNameControl_Picture&Audio,3.0.4,84.94432578,
114,FacesBlock4.xlsx,Taylor.mp4,Taylor.JPG,Taylor,59,videoFrameTaylor.png,0,3,3,3,,,,,0,8,8,14,,,,Taylor,"['rshift', 't', 'a', 'y', 'l', 'o', 'r']","[0.9066190079320222, 1.0116591949481517, 1.2261575380107388, 1.5548824589932337, 1.6370888409437612, 1.8119293849449605, 1.884866497013718]",[0.90661,0.90661,4,33,1,2019_Oct_10_1302,FaceNameControl_Picture&Audio,3.0.4,84.94432578,
33,FacesBlock3.xlsx,Thomas.mp4,Thomas.JPG,Thomas,44,videoFrameThomas.png,0,1,1,2,0,2,2,14,,,,,1,1,0.991101496,,,,,,,33,1,2019_Oct_10_1302,FaceNameControl_Picture&Audio,3.0.4,84.94432578,
59,FacesBlock3.xlsx,Thomas.mp4,Thomas.JPG,Thomas,44,videoFrameThomas.png,0,1,1,2,,,,,0,13,13,14,,,,Thomas,"['rshift', 't', 'h', 'o', 'm', 'a', 's']","[1.23621008801274, 1.296137665049173, 1.5082133259857073, 1.7201237620320171, 2.4262763579608873, 2.5433191129704937, 2.696897587971762]",[1.23621,1.23621,3,33,1,2019_Oct_10_1302,FaceNameControl_Picture&Audio,3.0.4,84.94432578,
82,FacesBlock1.xlsx,Timothy.mp4,Timothy.JPG,Timothy,14,videoFrameTimothy.png,0,2,2,0,,,,,0,6,6,14,,,,Timothy,"['rshift', 't', 'i', 'm', 'o', 't', 'h', 'y']","[3.871011535055004, 3.9779176299925894, 4.155084897996858, 4.331876444979571, 4.637695431010798, 4.884692706051283, 5.014397126040421, 5.343538557994179]",[3.87101,3.87101,4,33,1,2019_Oct_10_1302,FaceNameControl_Picture&Audio,3.0.4,84.94432578,
71,FacesBlock1.xlsx,Timothy.mp4,Timothy.JPG,Timothy,14,videoFrameTimothy.png,0,2,2,0,0,10,10,14,,,,,1,1,0.579544561,,,,,,,33,1,2019_Oct_10_1302,FaceNameControl_Picture&Audio,3.0.4,84.94432578,
24,FacesBlock2.xlsx,Trevor.mp4,Trevor.JPG,Trevor,28,videoFrameTrevor.png,0,0,0,1,,,,,0,8,8,13,,,,,None,,,,1,33,1,2019_Oct_10_1302,FaceNameControl_Picture&Audio,3.0.4,84.94432578,
7,FacesBlock2.xlsx,Trevor.mp4,Trevor.JPG,Trevor,28,videoFrameTrevor.png,0,0,0,1,0,6,6,13,,,,,0,1,0.81502234,,,,,,,33,1,2019_Oct_10_1302,FaceNameControl_Picture&Audio,3.0.4,84.94432578,
4,FacesBlock2.xlsx,Tyler.mp4,Tyler.JPG,Tyler,29,videoFrameTyler.png,0,0,0,1,0,3,3,14,,,,,0,1,0.497314315,,,,,,,33,1,2019_Oct_10_1302,FaceNameControl_Picture&Audio,3.0.4,84.94432578,
30,FacesBlock2.xlsx,Tyler.mp4,Tyler.JPG,Tyler,29,videoFrameTyler.png,0,0,0,1,,,,,0,14,14,14,,,,,None,,,,1,33,1,2019_Oct_10_1302,FaceNameControl_Picture&Audio,3.0.4,84.94432578,
0,,,,,,,,,,,,,,,,,,,,,,,,,,,,33,1,2019_Oct_10_1302,FaceNameControl_Picture&Audio,3.0.4,84.94432578,
121,,,,,,,,,,,,,,,,,,,,,,,,,,,,33,1,2019_Oct_10_1302,FaceNameControl_Picture&Audio,3.0.4,84.94432578,