,condsFile,Video,Photo,Name,Row,videoFrame,blocks.thisRepN,blocks.thisTrialN,blocks.thisN,blocks.thisIndex,presentations.thisRepN,presentations.thisTrialN,presentations.thisN,presentations.thisIndex,testing.thisRepN,testing.thisTrialN,testing.thisN,testing.thisIndex,currentCond,judgementResp.keys,judgementResp.rt,inputText,key_resp_3.keys,key_resp_3.rt,,key_resp3_fin,rating_resp.keys,participant,session,date,expName,psychopyVersion,frameRate,Unnamed: 31
70,FacesBlock2.xlsx,Aaron.mp4,Aaron.JPG,Aaron,15,videoFrameAaron.png,0,2,2,1,0,9,9,0,,,,,1,1,0.250193562,,,,,,,34,1,2019_Oct_10_1358,FaceNameControl_Picture&Audio,3.0.4,84.98946284,
87,FacesBlock2.xlsx,Aaron.mp4,Aaron.JPG,Aaron,15,videoFrameAaron.png,0,2,2,1,,,,,0,11,11,0,,,,David,"['lshift', 'd', 'a', 'v', 'i', 'd']","[1.4956242949701846, 1.7199283669469878, 2.6729884520173073, 3.650183432037011, 3.9915060279890895, 4.297312421025708]",[1.49562,1.49562,2,34,1,2019_Oct_10_1358,FaceNameControl_Picture&Audio,3.0.4,84.98946284,
105,FacesBlock1.xlsx,Adam.mp4,Adam.JPG,Adam,0,videoFrameAdam.png,0,3,3,0,0,14,14,0,,,,,0,1,0.379828953,,,,,,,34,1,2019_Oct_10_1358,FaceNameControl_Picture&Audio,3.0.4,84.98946284,
112,FacesBlock1.xlsx,Adam.mp4,Adam.JPG,Adam,0,videoFrameAdam.png,0,3,3,0,,,,,0,6,6,0,,,,Kevin,"['lshift', 'k', 'e', 'v', 'i', 'n']","[4.035953073063865, 4.235937713994645, 4.555371058988385, 4.908447879017331, 5.049372685025446, 5.260663483059034]",[4.03595,4.03595,2,34,1,2019_Oct_10_1358,FaceNameControl_Picture&Audio,3.0.4,84.98946284,
43,FacesBlock4.xlsx,Alyssa.mp4,Alyssa.JPG,Alyssa,45,videoFrameAlyssa.png,0,1,1,3,0,12,12,0,,,,,1,2,0.309231502,,,,,,,34,1,2019_Oct_10_1358,FaceNameControl_Picture&Audio,3.0.4,84.98946284,
51,FacesBlock4.xlsx,Alyssa.mp4,Alyssa.JPG,Alyssa,45,videoFrameAlyssa.png,0,1,1,3,,,,,0,5,5,0,,,,Betty,"['lshift', 'b', 'e', 't', 't', 'y']","[3.4014908430399373, 3.6028948089806363, 3.779062994988635, 4.460313532035798, 4.684744511032477, 4.7909500889945775]",[3.40149,3.40149,1,34,1,2019_Oct_10_1358,FaceNameControl_Picture&Audio,3.0.4,84.98946284,
96,FacesBlock1.xlsx,Amanda.mp4,Amanda.JPG,Amanda,1,videoFrameAmanda.png,0,3,3,0,0,5,5,1,,,,,1,2,0.272866341,,,,,,,34,1,2019_Oct_10_1358,FaceNameControl_Picture&Audio,3.0.4,84.98946284,
119,FacesBlock1.xlsx,Amanda.mp4,Amanda.JPG,Amanda,1,videoFrameAmanda.png,0,3,3,0,,,,,0,13,13,1,,,,,None,,,,1,34,1,2019_Oct_10_1358,FaceNameControl_Picture&Audio,3.0.4,84.98946284,
59,FacesBlock4.xlsx,Andrew.mp4,Andrew.JPG,Andrew,46,videoFrameAndrew.png,0,1,1,3,,,,,0,13,13,1,,,,,None,,,,1,34,1,2019_Oct_10_1358,FaceNameControl_Picture&Audio,3.0.4,84.98946284,
42,FacesBlock4.xlsx,Andrew.mp4,Andrew.JPG,Andrew,46,videoFrameAndrew.png,0,1,1,3,0,11,11,1,,,,,0,1,0.591231642,,,,,,,34,1,2019_Oct_10_1358,FaceNameControl_Picture&Audio,3.0.4,84.98946284,
31,FacesBlock4.xlsx,Anna.mp4,Anna.JPG,Anna,47,videoFrameAnna.png,0,1,1,3,0,0,0,2,,,,,0,2,1.556153105,,,,,,,34,1,2019_Oct_10_1358,FaceNameControl_Picture&Audio,3.0.4,84.98946284,
49,FacesBlock4.xlsx,Anna.mp4,Anna.JPG,Anna,47,videoFrameAnna.png,0,1,1,3,,,,,0,3,3,2,,,,,None,,,,1,34,1,2019_Oct_10_1358,FaceNameControl_Picture&Audio,3.0.4,84.98946284,
85,FacesBlock2.xlsx,Ashley.mp4,Ashley.JPG,Ashley,16,videoFrameAshley.png,0,2,2,1,,,,,0,9,9,1,,,,Ashley,"['lshift', 'a', 's', 'h', 'l', 'e', 'y']","[4.8598756230203435, 5.02692176902201, 5.308647497091442, 5.5797215270577, 6.027264500036836, 6.203230409999378, 6.332077313098125]",[4.85987,4.85987,1,34,1,2019_Oct_10_1358,FaceNameControl_Picture&Audio,3.0.4,84.98946284,
72,FacesBlock2.xlsx,Ashley.mp4,Ashley.JPG,Ashley,16,videoFrameAshley.png,0,2,2,1,0,11,11,1,,,,,0,2,0.87295117,,,,,,,34,1,2019_Oct_10_1358,FaceNameControl_Picture&Audio,3.0.4,84.98946284,
97,FacesBlock1.xlsx,Bradley.mp4,Bradley.JPG,Bradley,2,videoFrameBradley.png,0,3,3,0,0,6,6,2,,,,,0,1,0.744077015,,,,,,,34,1,2019_Oct_10_1358,FaceNameControl_Picture&Audio,3.0.4,84.98946284,
117,FacesBlock1.xlsx,Bradley.mp4,Bradley.JPG,Bradley,2,videoFrameBradley.png,0,3,3,0,,,,,0,11,11,2,,,,,None,,,,1,34,1,2019_Oct_10_1358,FaceNameControl_Picture&Audio,3.0.4,84.98946284,
39,FacesBlock4.xlsx,Brandon.mp4,Brandon.JPG,Brandon,48,videoFrameBrandon.png,0,1,1,3,0,8,8,3,,,,,1,1,0.709626772,,,,,,,34,1,2019_Oct_10_1358,FaceNameControl_Picture&Audio,3.0.4,84.98946284,
47,FacesBlock4.xlsx,Brandon.mp4,Brandon.JPG,Brandon,48,videoFrameBrandon.png,0,1,1,3,,,,,0,1,1,3,,,,Michael,"['lshift', 'm', 'i', 'c', 'h', 'a', 'e', 'l']","[3.542580681038089, 3.7203596939798445, 4.096491530071944, 4.250313450000249, 4.473731421050616, 4.625875059980899, 4.814283594023436, 4.9678442110307515]",[3.54258,3.54258,3,34,1,2019_Oct_10_1358,FaceNameControl_Picture&Audio,3.0.4,84.98946284,
56,FacesBlock4.xlsx,Brian.mp4,Brian.JPG,Brian,49,videoFrameBrian.png,0,1,1,3,,,,,0,10,10,4,,,,,None,,,,1,34,1,2019_Oct_10_1358,FaceNameControl_Picture&Audio,3.0.4,84.98946284,
33,FacesBlock4.xlsx,Brian.mp4,Brian.JPG,Brian,49,videoFrameBrian.png,0,1,1,3,0,2,2,4,,,,,0,1,0.55565262,,,,,,,34,1,2019_Oct_10_1358,FaceNameControl_Picture&Audio,3.0.4,84.98946284,
40,FacesBlock4.xlsx,Brianna.mp4,Brianna.JPG,Brianna,50,videoFrameBrianna.png,0,1,1,3,0,9,9,5,,,,,1,2,0.898065009,,,,,,,34,1,2019_Oct_10_1358,FaceNameControl_Picture&Audio,3.0.4,84.98946284,
50,FacesBlock4.xlsx,Brianna.mp4,Brianna.JPG,Brianna,50,videoFrameBrianna.png,0,1,1,3,,,,,0,4,4,5,,,,Alyssa,"['lshift', 'a', 'l', 'y', 's', 's', 'a']","[1.43565914593637, 1.6031851780135185, 2.696495358948596, 3.36800651892554, 3.8611586149781942, 4.154976301942952, 4.484989852993749]",[1.43565,1.43565,2,34,1,2019_Oct_10_1358,FaceNameControl_Picture&Audio,3.0.4,84.98946284,
81,FacesBlock2.xlsx,Brittany.mp4,Brittany.JPG,Brittany,17,videoFrameBrittany.png,0,2,2,1,,,,,0,5,5,2,,,,Megan,"['lshift', 'm', 'e', 'g', 'a', 'n']","[1.3538503900635988, 1.56804571300745, 1.8149509039940313, 2.121207745047286, 2.309410013956949, 2.591591931064613]",[1.35385,1.35385,3,34,1,2019_Oct_10_1358,FaceNameControl_Picture&Audio,3.0.4,84.98946284,
74,FacesBlock2.xlsx,Brittany.mp4,Brittany.JPG,Brittany,17,videoFrameBrittany.png,0,2,2,1,0,13,13,2,,,,,1,2,0.4270164,,,,,,,34,1,2019_Oct_10_1358,FaceNameControl_Picture&Audio,3.0.4,84.98946284,
35,FacesBlock4.xlsx,Caleb.mp4,Caleb.JPG,Caleb,51,videoFrameCaleb.png,0,1,1,3,0,4,4,6,,,,,1,1,0.838442516,,,,,,,34,1,2019_Oct_10_1358,FaceNameControl_Picture&Audio,3.0.4,84.98946284,
55,FacesBlock4.xlsx,Caleb.mp4,Caleb.JPG,Caleb,51,videoFrameCaleb.png,0,1,1,3,,,,,0,9,9,6,,,,dylan,"['d', 'y', 'l', 'a', 'n']","[5.26112813106738, 5.908775549032725, 6.955501855001785, 7.226024570059963, 7.744107867009006]",[5.26112,5.26112,1,34,1,2019_Oct_10_1358,FaceNameControl_Picture&Audio,3.0.4,84.98946284,
84,FacesBlock2.xlsx,Cody.mp4,Cody.JPG,Cody,18,videoFrameCody.png,0,2,2,1,,,,,0,8,8,3,,,,,None,,,,1,34,1,2019_Oct_10_1358,FaceNameControl_Picture&Audio,3.0.4,84.98946284,
64,FacesBlock2.xlsx,Cody.mp4,Cody.JPG,Cody,18,videoFrameCody.png,0,2,2,1,0,3,3,3,,,,,0,1,0.47375739,,,,,,,34,1,2019_Oct_10_1358,FaceNameControl_Picture&Audio,3.0.4,84.98946284,
27,FacesBlock3.xlsx,Courtney.mp4,Courtney.JPG,Courtney,30,videoFrameCourtney.png,0,0,0,2,,,,,0,11,11,0,,,,Beth,"['lshift', 'b', 'e', 'e', 't', 'h', 'backspace', 'backspace', 'backspace', 't', 'h']","[3.7067336139734834, 3.9088251569774, 4.132494917022996, 4.272980393958278, 4.403166122036055, 4.565488256048411, 5.037636921973899, 5.213343141949736, 5.36592855094932, 5.579433267004788, 6.037970446050167]",[3.70673,3.70673,1,34,1,2019_Oct_10_1358,FaceNameControl_Picture&Audio,3.0.4,84.98946284,
3,FacesBlock3.xlsx,Courtney.mp4,Courtney.JPG,Courtney,30,videoFrameCourtney.png,0,0,0,2,0,2,2,0,,,,,0,2,0.379515599,,,,,,,34,1,2019_Oct_10_1358,FaceNameControl_Picture&Audio,3.0.4,84.98946284,
20,FacesBlock3.xlsx,Daniel.mp4,Daniel.JPG,Daniel,31,videoFrameDaniel.png,0,0,0,2,,,,,0,4,4,1,,,,Jonathan,"['lshift', 'j', 'o', 'n', 'a', 't', 'h', 'a', 'n', 'return']","[4.048585457960144, 4.285563454031944, 4.720191088970751, 5.073674411978573, 5.273551310994662, 5.5439204790163785, 5.673489467008039, 6.214983597048558, 6.4970581870293245, 7.509654463967308]",[4.04858,4.04858,1,34,1,2019_Oct_10_1358,FaceNameControl_Picture&Audio,3.0.4,84.98946284,
8,FacesBlock3.xlsx,Daniel.mp4,Daniel.JPG,Daniel,31,videoFrameDaniel.png,0,0,0,2,0,7,7,1,,,,,1,1,0.17832764,,,,,,,34,1,2019_Oct_10_1358,FaceNameControl_Picture&Audio,3.0.4,84.98946284,
101,FacesBlock1.xlsx,Danielle.mp4,Danielle.JPG,Danielle,3,videoFrameDanielle.png,0,3,3,0,0,10,10,3,,,,,0,2,0.215020778,,,,,,,34,1,2019_Oct_10_1358,FaceNameControl_Picture&Audio,3.0.4,84.98946284,
116,FacesBlock1.xlsx,Danielle.mp4,Danielle.JPG,Danielle,3,videoFrameDanielle.png,0,3,3,0,,,,,0,10,10,3,,,,,None,,,,1,34,1,2019_Oct_10_1358,FaceNameControl_Picture&Audio,3.0.4,84.98946284,
65,FacesBlock2.xlsx,David.mp4,David.JPG,David,19,videoFrameDavid.png,0,2,2,1,0,4,4,4,,,,,1,1,0.59151381,,,,,,,34,1,2019_Oct_10_1358,FaceNameControl_Picture&Audio,3.0.4,84.98946284,
89,FacesBlock2.xlsx,David.mp4,David.JPG,David,19,videoFrameDavid.png,0,2,2,1,,,,,0,13,13,4,,,,,None,,,,1,34,1,2019_Oct_10_1358,FaceNameControl_Picture&Audio,3.0.4,84.98946284,
45,FacesBlock4.xlsx,Dylan.mp4,Dylan.JPG,Dylan,52,videoFrameDylan.png,0,1,1,3,0,14,14,7,,,,,1,1,0.52067946,,,,,,,34,1,2019_Oct_10_1358,FaceNameControl_Picture&Audio,3.0.4,84.98946284,
60,FacesBlock4.xlsx,Dylan.mp4,Dylan.JPG,Dylan,52,videoFrameDylan.png,0,1,1,3,,,,,0,14,14,7,,,,Dylan,"['lshift', 'd', 'y', 'l', 'a', 'm', 'backspace', 'n']","[1.3531547640450299, 1.5205811560153961, 1.7439616209594533, 2.896289768978022, 3.120013428037055, 3.579305544961244, 3.9545467969728634, 4.320143340039067]",[1.35315,1.35315,3,34,1,2019_Oct_10_1358,FaceNameControl_Picture&Audio,3.0.4,84.98946284,
46,FacesBlock4.xlsx,Emily.mp4,Emily.JPG,Emily,53,videoFrameEmily.png,0,1,1,3,,,,,0,0,0,8,,,,Brianna,"['lshift', 'b', 'r', 'i', 'a', 'n', 'n', 'a', 'return']","[3.0479599100071937, 3.1427661849884316, 3.4022898209514096, 4.143024695920758, 4.495552671025507, 4.89596667594742, 5.190691536990926, 5.461548530030996, 6.237429742934182]",[3.04795,3.04795,3,34,1,2019_Oct_10_1358,FaceNameControl_Picture&Audio,3.0.4,84.98946284,
38,FacesBlock4.xlsx,Emily.mp4,Emily.JPG,Emily,53,videoFrameEmily.png,0,1,1,3,0,7,7,8,,,,,1,2,0.332353815,,,,,,,34,1,2019_Oct_10_1358,FaceNameControl_Picture&Audio,3.0.4,84.98946284,
93,FacesBlock1.xlsx,Eric.mp4,Eric.JPG,Eric,4,videoFrameEric.png,0,3,3,0,0,2,2,4,,,,,1,1,0.297310633,,,,,,,34,1,2019_Oct_10_1358,FaceNameControl_Picture&Audio,3.0.4,84.98946284,
107,FacesBlock1.xlsx,Eric.mp4,Eric.JPG,Eric,4,videoFrameEric.png,0,3,3,0,,,,,0,1,1,4,,,,,"['1', 'backspace']","[5.95571616909001, 7.060690249083564]",[5.95571,5.95571,1,34,1,2019_Oct_10_1358,FaceNameControl_Picture&Audio,3.0.4,84.98946284,
92,FacesBlock1.xlsx,Ethan.mp4,Ethan.JPG,Ethan,5,videoFrameEthan.png,0,3,3,0,0,1,1,5,,,,,1,1,0.296850645,,,,,,,34,1,2019_Oct_10_1358,FaceNameControl_Picture&Audio,3.0.4,84.98946284,
118,FacesBlock1.xlsx,Ethan.mp4,Ethan.JPG,Ethan,5,videoFrameEthan.png,0,3,3,0,,,,,0,12,12,5,,,,,None,,,,1,34,1,2019_Oct_10_1358,FaceNameControl_Picture&Audio,3.0.4,84.98946284,
58,FacesBlock4.xlsx,Grace.mp4,Grace.JPG,Grace,54,videoFrameGrace.png,0,1,1,3,,,,,0,12,12,9,,,,,None,,,,1,34,1,2019_Oct_10_1358,FaceNameControl_Picture&Audio,3.0.4,84.98946284,
37,FacesBlock4.xlsx,Grace.mp4,Grace.JPG,Grace,54,videoFrameGrace.png,0,1,1,3,0,6,6,9,,,,,1,2,0.791344122,,,,,,,34,1,2019_Oct_10_1358,FaceNameControl_Picture&Audio,3.0.4,84.98946284,
79,FacesBlock2.xlsx,Haley.mp4,Haley.JPG,Haley,20,videoFrameHaley.png,0,2,2,1,,,,,0,3,3,5,,,,Hatl,"['lshift', 'h', 'a', 't', 'backspace', 't', 'l', 'backspace']","[8.14175842597615, 8.249889523955062, 8.437589938985184, 8.578275345964357, 8.872615332016721, 9.30823603598401, 9.602738008950837, 9.990360853029415]",[8.14175,8.14175,1,34,1,2019_Oct_10_1358,FaceNameControl_Picture&Audio,3.0.4,84.98946284,
68,FacesBlock2.xlsx,Haley.mp4,Haley.JPG,Haley,20,videoFrameHaley.png,0,2,2,1,0,7,7,5,,,,,0,2,1.038677975,,,,,,,34,1,2019_Oct_10_1358,FaceNameControl_Picture&Audio,3.0.4,84.98946284,
104,FacesBlock1.xlsx,Hannah.mp4,Hannah.JPG,Hannah,6,videoFrameHannah.png,0,3,3,0,0,13,13,6,,,,,1,2,0.379475854,,,,,,,34,1,2019_Oct_10_1358,FaceNameControl_Picture&Audio,3.0.4,84.98946284,
113,FacesBlock1.xlsx,Hannah.mp4,Hannah.JPG,Hannah,6,videoFrameHannah.png,0,3,3,0,,,,,0,7,7,6,,,,Jessica,"['lshift', 'j', 'e', 's', 's', 'c', 'backspace', 'i', 'c', 'a']","[3.1190132920164615, 3.390784529969096, 3.6497737399768084, 3.8733448809944093, 4.085260852007195, 4.391505412058905, 4.906812477041967, 5.579739548033103, 5.803491682047024, 6.285233607981354]",[3.11901,3.11901,2,34,1,2019_Oct_10_1358,FaceNameControl_Picture&Audio,3.0.4,84.98946284,
86,FacesBlock2.xlsx,Heather.mp4,Heather.JPG,Heather,21,videoFrameHeather.png,0,2,2,1,,,,,0,10,10,6,,,,,None,,,,1,34,1,2019_Oct_10_1358,FaceNameControl_Picture&Audio,3.0.4,84.98946284,
75,FacesBlock2.xlsx,Heather.mp4,Heather.JPG,Heather,21,videoFrameHeather.png,0,2,2,1,0,14,14,6,,,,,0,2,0.249143684,,,,,,,34,1,2019_Oct_10_1358,FaceNameControl_Picture&Audio,3.0.4,84.98946284,
28,FacesBlock3.xlsx,Jacob.mp4,Jacob.JPG,Jacob,32,videoFrameJacob.png,0,0,0,2,,,,,0,12,12,2,,,,Noah,"['lshift', 'n', 'o', 'a', 'h']","[4.966191533021629, 5.108990321983583, 5.508236870053224, 5.991269993013702, 6.144366331980564]",[4.96619,4.96619,1,34,1,2019_Oct_10_1358,FaceNameControl_Picture&Audio,3.0.4,84.98946284,
7,FacesBlock3.xlsx,Jacob.mp4,Jacob.JPG,Jacob,32,videoFrameJacob.png,0,0,0,2,0,6,6,2,,,,,1,1,0.355610645,,,,,,,34,1,2019_Oct_10_1358,FaceNameControl_Picture&Audio,3.0.4,84.98946284,
34,FacesBlock4.xlsx,Jason.mp4,Jason.JPG,Jason,55,videoFrameJason.png,0,1,1,3,0,3,3,10,,,,,0,1,0.767967225,,,,,,,34,1,2019_Oct_10_1358,FaceNameControl_Picture&Audio,3.0.4,84.98946284,
53,FacesBlock4.xlsx,Jason.mp4,Jason.JPG,Jason,55,videoFrameJason.png,0,1,1,3,,,,,0,7,7,10,,,,James,"['lshift', 'j', 'a', 'm', 'e', 's']","[5.824364723986946, 6.002573871985078, 6.329358228016645, 6.767032171948813, 6.976647109026089, 7.072846813942306]",[5.82436,5.82436,1,34,1,2019_Oct_10_1358,FaceNameControl_Picture&Audio,3.0.4,84.98946284,
99,FacesBlock1.xlsx,Jenna.mp4,Jenna.JPG,Jenna,7,videoFrameJenna.png,0,3,3,0,0,8,8,7,,,,,0,2,0.274115307,,,,,,,34,1,2019_Oct_10_1358,FaceNameControl_Picture&Audio,3.0.4,84.98946284,
120,FacesBlock1.xlsx,Jenna.mp4,Jenna.JPG,Jenna,7,videoFrameJenna.png,0,3,3,0,,,,,0,14,14,7,,,,,None,,,,1,34,1,2019_Oct_10_1358,FaceNameControl_Picture&Audio,3.0.4,84.98946284,
80,FacesBlock2.xlsx,Jeremy.mp4,Jeremy.JPG,Jeremy,22,videoFrameJeremy.png,0,2,2,1,,,,,0,4,4,7,,,,,None,,,,1,34,1,2019_Oct_10_1358,FaceNameControl_Picture&Audio,3.0.4,84.98946284,
62,FacesBlock2.xlsx,Jeremy.mp4,Jeremy.JPG,Jeremy,22,videoFrameJeremy.png,0,2,2,1,0,1,1,7,,,,,1,1,0.248997414,,,,,,,34,1,2019_Oct_10_1358,FaceNameControl_Picture&Audio,3.0.4,84.98946284,
95,FacesBlock1.xlsx,Jessica.mp4,Jessica.JPG,Jessica,8,videoFrameJessica.png,0,3,3,0,0,4,4,8,,,,,1,2,0.297842173,,,,,,,34,1,2019_Oct_10_1358,FaceNameControl_Picture&Audio,3.0.4,84.98946284,
108,FacesBlock1.xlsx,Jessica.mp4,Jessica.JPG,Jessica,8,videoFrameJessica.png,0,3,3,0,,,,,0,2,2,8,,,,,None,,,,1,34,1,2019_Oct_10_1358,FaceNameControl_Picture&Audio,3.0.4,84.98946284,
88,FacesBlock2.xlsx,Josh.mp4,Josh.JPG,Josh,23,videoFrameJosh.png,0,2,2,1,,,,,0,12,12,8,,,,Josh,"['lshift', 'j', 'o', 's', 'h']","[1.3773870168952271, 1.47409567295108, 1.6730179409496486, 1.826747122919187, 1.9773157238960266]",[1.37738,1.37738,3,34,1,2019_Oct_10_1358,FaceNameControl_Picture&Audio,3.0.4,84.98946284,
63,FacesBlock2.xlsx,Josh.mp4,Josh.JPG,Josh,23,videoFrameJosh.png,0,2,2,1,0,2,2,8,,,,,1,1,0.426995311,,,,,,,34,1,2019_Oct_10_1358,FaceNameControl_Picture&Audio,3.0.4,84.98946284,
103,FacesBlock1.xlsx,Julia.mp4,Julia.JPG,Julia,9,videoFrameJulia.png,0,3,3,0,0,12,12,9,,,,,1,2,0.438197321,,,,,,,34,1,2019_Oct_10_1358,FaceNameControl_Picture&Audio,3.0.4,84.98946284,
115,FacesBlock1.xlsx,Julia.mp4,Julia.JPG,Julia,9,videoFrameJulia.png,0,3,3,0,,,,,0,9,9,9,,,,Emily,"['lshift', 'e', 'm', 'i', 'l', 'y']","[5.4481352309230715, 5.649592241970822, 5.943836621940136, 6.108213152969256, 6.285350286983885, 6.6022058529779315]",[5.44813,5.44813,1,34,1,2019_Oct_10_1358,FaceNameControl_Picture&Audio,3.0.4,84.98946284,
61,FacesBlock2.xlsx,Justin.mp4,Justin.JPG,Justin,24,videoFrameJustin.png,0,2,2,1,0,0,0,9,,,,,0,1,1.472904474,,,,,,,34,1,2019_Oct_10_1358,FaceNameControl_Picture&Audio,3.0.4,84.98946284,
82,FacesBlock2.xlsx,Justin.mp4,Justin.JPG,Justin,24,videoFrameJustin.png,0,2,2,1,,,,,0,6,6,9,,,,,None,,,,1,34,1,2019_Oct_10_1358,FaceNameControl_Picture&Audio,3.0.4,84.98946284,
48,FacesBlock4.xlsx,Katie.mp4,Katie.JPG,Katie,56,videoFrameKatie.png,0,1,1,3,,,,,0,2,2,11,,,,saraj,"['s', 'a', 'r', 'a', 'j']","[8.871798214968294, 9.14415393595118, 9.26192551094573, 9.415004980983213, 9.591058325953782]",[8.87179,8.87179,1,34,1,2019_Oct_10_1358,FaceNameControl_Picture&Audio,3.0.4,84.98946284,
32,FacesBlock4.xlsx,Katie.mp4,Katie.JPG,Katie,56,videoFrameKatie.png,0,1,1,3,0,1,1,11,,,,,0,2,0.767177027,,,,,,,34,1,2019_Oct_10_1358,FaceNameControl_Picture&Audio,3.0.4,84.98946284,
24,FacesBlock3.xlsx,Kayla.mp4,Kayla.JPG,Kayla,33,videoFrameKayla.png,0,0,0,2,,,,,0,8,8,3,,,,sarah,"['s', 'a', 'r', 'a', 'h', 'return']","[6.497854343033396, 6.686049357056618, 6.979640763020143, 7.085746368975379, 7.332449131994508, 7.850057651987299]",[6.49785,6.49785,1,34,1,2019_Oct_10_1358,FaceNameControl_Picture&Audio,3.0.4,84.98946284,
15,FacesBlock3.xlsx,Kayla.mp4,Kayla.JPG,Kayla,33,videoFrameKayla.png,0,0,0,2,0,14,14,3,,,,,0,2,0.344085856,,,,,,,34,1,2019_Oct_10_1358,FaceNameControl_Picture&Audio,3.0.4,84.98946284,
110,FacesBlock1.xlsx,Kelsey.mp4,Kelsey.JPG,Kelsey,10,videoFrameKelsey.png,0,3,3,0,,,,,0,4,4,10,,,,,None,,,,1,34,1,2019_Oct_10_1358,FaceNameControl_Picture&Audio,3.0.4,84.98946284,
98,FacesBlock1.xlsx,Kelsey.mp4,Kelsey.JPG,Kelsey,10,videoFrameKelsey.png,0,3,3,0,0,7,7,10,,,,,0,2,0.720602887,,,,,,,34,1,2019_Oct_10_1358,FaceNameControl_Picture&Audio,3.0.4,84.98946284,
18,FacesBlock3.xlsx,Kevin.mp4,Kevin.JPG,Kevin,34,videoFrameKevin.png,0,0,0,2,,,,,0,2,2,4,,,,james  ,"['j', 'm', 'backspace', 'a', 'm', 'e', 's', 'return', 'space', 'space']","[3.0736325629986823, 3.6152832199586555, 4.50846612395253, 4.8266853709938005, 5.415411593974568, 5.767760853981599, 6.109132512006909, 6.579349681967869, 7.038463087985292, 9.920856728916988]",[3.07363,3.07363,1,34,1,2019_Oct_10_1358,FaceNameControl_Picture&Audio,3.0.4,84.98946284,
14,FacesBlock3.xlsx,Kevin.mp4,Kevin.JPG,Kevin,34,videoFrameKevin.png,0,0,0,2,0,13,13,4,,,,,0,1,0.39094137,,,,,,,34,1,2019_Oct_10_1358,FaceNameControl_Picture&Audio,3.0.4,84.98946284,
111,FacesBlock1.xlsx,Kyle.mp4,Kyle.JPG,Kyle,11,videoFrameKyle.png,0,3,3,0,,,,,0,5,5,11,,,,Jeremy,"['lshift', 'j', 'e', 'r', 'e', 'm', 'y']","[3.0011097660753876, 3.507748274016194, 3.8255475740879774, 4.025831128004938, 4.202293982030824, 4.542982532060705, 4.884989879094064]",[3.00110,3.0011,1,34,1,2019_Oct_10_1358,FaceNameControl_Picture&Audio,3.0.4,84.98946284,
100,FacesBlock1.xlsx,Kyle.mp4,Kyle.JPG,Kyle,11,videoFrameKyle.png,0,3,3,0,0,9,9,11,,,,,0,1,0.226475062,,,,,,,34,1,2019_Oct_10_1358,FaceNameControl_Picture&Audio,3.0.4,84.98946284,
2,FacesBlock3.xlsx,Lauren.mp4,Lauren.JPG,Lauren,35,videoFrameLauren.png,0,0,0,2,0,1,1,5,,,,,1,2,0.36779386,,,,,,,34,1,2019_Oct_10_1358,FaceNameControl_Picture&Audio,3.0.4,84.98946284,
22,FacesBlock3.xlsx,Lauren.mp4,Lauren.JPG,Lauren,35,videoFrameLauren.png,0,0,0,2,,,,,0,6,6,5,,,,Betty,"['lshift', 'b', 'e', 't', 't', 'y', 'return']","[4.142583536100574, 4.414483481086791, 4.602717378060333, 6.202353821019642, 6.49673963803798, 6.637517772032879, 7.2828459470765665]",[4.14258,4.14258,1,34,1,2019_Oct_10_1358,FaceNameControl_Picture&Audio,3.0.4,84.98946284,
16,FacesBlock3.xlsx,Mark.mp4,Mark.JPG,Mark,36,videoFrameMark.png,0,0,0,2,,,,,0,0,0,6,,,, Nort,"['space', 'return', 'lshift', 'n', 'o', 'r', 't', 'h', 'e', 'n', 'backspace', 'backspace', 'backspace']","[4.014831873006187, 4.437685468001291, 5.225159993977286, 5.262055626022629, 8.215655113919638, 8.342236955999397, 8.638459026929922, 8.756279282970354, 8.874191139009781, 8.966074177995324, 9.591115113929845, 9.814717864966951, 9.967487941961735]",[4.01483,4.01483,2,34,1,2019_Oct_10_1358,FaceNameControl_Picture&Audio,3.0.4,84.98946284,
4,FacesBlock3.xlsx,Mark.mp4,Mark.JPG,Mark,36,videoFrameMark.png,0,0,0,2,0,3,3,6,,,,,0,1,0.308873428,,,,,,,34,1,2019_Oct_10_1358,FaceNameControl_Picture&Audio,3.0.4,84.98946284,
91,FacesBlock1.xlsx,Matthew.mp4,Matthew.JPG,Matthew,12,videoFrameMatthew.png,0,3,3,0,0,0,0,12,,,,,1,1,0.838970588,,,,,,,34,1,2019_Oct_10_1358,FaceNameControl_Picture&Audio,3.0.4,84.98946284,
114,FacesBlock1.xlsx,Matthew.mp4,Matthew.JPG,Matthew,12,videoFrameMatthew.png,0,3,3,0,,,,,0,8,8,12,,,,,None,,,,1,34,1,2019_Oct_10_1358,FaceNameControl_Picture&Audio,3.0.4,84.98946284,
90,FacesBlock2.xlsx,Megan.mp4,Megan.JPG,Megan,25,videoFrameMegan.png,0,2,2,1,,,,,0,14,14,10,,,,,None,,,,1,34,1,2019_Oct_10_1358,FaceNameControl_Picture&Audio,3.0.4,84.98946284,
73,FacesBlock2.xlsx,Megan.mp4,Megan.JPG,Megan,25,videoFrameMegan.png,0,2,2,1,0,12,12,10,,,,,0,2,0.23829484,,,,,,,34,1,2019_Oct_10_1358,FaceNameControl_Picture&Audio,3.0.4,84.98946284,
57,FacesBlock4.xlsx,Michael.mp4,Michael.JPG,Michael,57,videoFrameMichael.png,0,1,1,3,,,,,0,11,11,12,,,,michael,"['m', 'i', 'c', 'h', 'a', 'e', 'l']","[3.0497348100179806, 3.1551921600475907, 3.2145140430657193, 3.4265159310307354, 3.555563399102539, 3.9313533870736137, 4.096696947002783]",[3.04973,3.04973,2,34,1,2019_Oct_10_1358,FaceNameControl_Picture&Audio,3.0.4,84.98946284,
41,FacesBlock4.xlsx,Michael.mp4,Michael.JPG,Michael,57,videoFrameMichael.png,0,1,1,3,0,10,10,12,,,,,0,1,0.756401918,,,,,,,34,1,2019_Oct_10_1358,FaceNameControl_Picture&Audio,3.0.4,84.98946284,
54,FacesBlock4.xlsx,Michelle.mp4,Michelle.JPG,Michelle,58,videoFrameMichelle.png,0,1,1,3,,,,,0,8,8,13,,,,,None,,,,1,34,1,2019_Oct_10_1358,FaceNameControl_Picture&Audio,3.0.4,84.98946284,
36,FacesBlock4.xlsx,Michelle.mp4,Michelle.JPG,Michelle,58,videoFrameMichelle.png,0,1,1,3,0,5,5,13,,,,,0,2,1.233462256,,,,,,,34,1,2019_Oct_10_1358,FaceNameControl_Picture&Audio,3.0.4,84.98946284,
102,FacesBlock1.xlsx,Natalie.mp4,Natalie.JPG,Natalie,13,videoFrameNatalie.png,0,3,3,0,0,11,11,13,,,,,0,2,0.3441479,,,,,,,34,1,2019_Oct_10_1358,FaceNameControl_Picture&Audio,3.0.4,84.98946284,
109,FacesBlock1.xlsx,Natalie.mp4,Natalie.JPG,Natalie,13,videoFrameNatalie.png,0,3,3,0,,,,,0,3,3,13,,,,Hannah,"['lshift', 'h', 'a', 'n', 'n', 'a', 'h']","[3.4006170100765303, 3.6847827900201082, 3.8966533270431682, 4.036534858052619, 4.201933918055147, 4.354923721053638, 4.460314332041889]",[3.40061,3.40061,1,34,1,2019_Oct_10_1358,FaceNameControl_Picture&Audio,3.0.4,84.98946284,
6,FacesBlock3.xlsx,Nathan.mp4,Nathan.JPG,Nathan,37,videoFrameNathan.png,0,0,0,2,0,5,5,7,,,,,1,1,0.389739224,,,,,,,34,1,2019_Oct_10_1358,FaceNameControl_Picture&Audio,3.0.4,84.98946284,
21,FacesBlock3.xlsx,Nathan.mp4,Nathan.JPG,Nathan,37,videoFrameNathan.png,0,0,0,2,,,,,0,5,5,7,,,,Daniel,"['lshift', 'd', 'a', 'n', 'i', 'e', 'l', 'return']","[3.5067509229993448, 3.7309939640108496, 4.154540724004619, 4.496093503083102, 4.825780626037158, 4.978567043086514, 5.2256665820023045, 5.707692973082885]",[3.50675,3.50675,1,34,1,2019_Oct_10_1358,FaceNameControl_Picture&Audio,3.0.4,84.98946284,
26,FacesBlock3.xlsx,Nicole.mp4,Nicole.JPG,Nicole,38,videoFrameNicole.png,0,0,0,2,,,,,0,10,10,8,,,,,['lshift'],[3.0008291410049424],[3.00082,3.00082,1,34,1,2019_Oct_10_1358,FaceNameControl_Picture&Audio,3.0.4,84.98946284,
10,FacesBlock3.xlsx,Nicole.mp4,Nicole.JPG,Nicole,38,videoFrameNicole.png,0,0,0,2,0,9,9,8,,,,,0,2,0.354941937,,,,,,,34,1,2019_Oct_10_1358,FaceNameControl_Picture&Audio,3.0.4,84.98946284,
1,FacesBlock3.xlsx,Noah.mp4,Noah.JPG,Noah,39,videoFrameNoah.png,0,0,0,2,0,0,0,9,,,,,1,1,1.167391579,,,,,,,34,1,2019_Oct_10_1358,FaceNameControl_Picture&Audio,3.0.4,84.98946284,
29,FacesBlock3.xlsx,Noah.mp4,Noah.JPG,Noah,39,videoFrameNoah.png,0,0,0,2,,,,,0,13,13,9,,,,,None,,,,1,34,1,2019_Oct_10_1358,FaceNameControl_Picture&Audio,3.0.4,84.98946284,
5,FacesBlock3.xlsx,Olivia.mp4,Olivia.JPG,Olivia,40,videoFrameOlivia.png,0,0,0,2,0,4,4,10,,,,,1,2,0.284519188,,,,,,,34,1,2019_Oct_10_1358,FaceNameControl_Picture&Audio,3.0.4,84.98946284,
25,FacesBlock3.xlsx,Olivia.mp4,Olivia.JPG,Olivia,40,videoFrameOlivia.png,0,0,0,2,,,,,0,9,9,10,,,,,"['1', 'backspace']","[6.120140069979243, 6.79000343196094]",[6.12014,6.12014,1,34,1,2019_Oct_10_1358,FaceNameControl_Picture&Audio,3.0.4,84.98946284,
66,FacesBlock2.xlsx,Rachel.mp4,Rachel.JPG,Rachel,26,videoFrameRachel.png,0,2,2,1,0,5,5,11,,,,,1,2,0.426074009,,,,,,,34,1,2019_Oct_10_1358,FaceNameControl_Picture&Audio,3.0.4,84.98946284,
76,FacesBlock2.xlsx,Rachel.mp4,Rachel.JPG,Rachel,26,videoFrameRachel.png,0,2,2,1,,,,,0,0,0,11,,,,,None,,,,1,34,1,2019_Oct_10_1358,FaceNameControl_Picture&Audio,3.0.4,84.98946284,
9,FacesBlock3.xlsx,Rebecca.mp4,Rebecca.JPG,Rebecca,41,videoFrameRebecca.png,0,0,0,2,0,8,8,11,,,,,1,2,0.33181716,,,,,,,34,1,2019_Oct_10_1358,FaceNameControl_Picture&Audio,3.0.4,84.98946284,
17,FacesBlock3.xlsx,Rebecca.mp4,Rebecca.JPG,Rebecca,41,videoFrameRebecca.png,0,0,0,2,,,,,0,1,1,11,,,,rebecca,"['r', 'e', 'b', 'e', 'c', 'c', 'a', 'return', 'space', 'backspace']","[1.9206592170521617, 2.1784276199759915, 2.473011889960617, 4.403081269003451, 4.649886338971555, 4.920278175966814, 5.155415048007853, 5.802299052011222, 7.731551864068024, 9.39056921703741]",[1.92065,1.92065,4,34,1,2019_Oct_10_1358,FaceNameControl_Picture&Audio,3.0.4,84.98946284,
12,FacesBlock3.xlsx,Sarah.mp4,Sarah.JPG,Sarah,42,videoFrameSarah.png,0,0,0,2,0,11,11,12,,,,,0,2,0.274153613,,,,,,,34,1,2019_Oct_10_1358,FaceNameControl_Picture&Audio,3.0.4,84.98946284,
19,FacesBlock3.xlsx,Sarah.mp4,Sarah.JPG,Sarah,42,videoFrameSarah.png,0,0,0,2,,,,,0,3,3,12,,,,sarah,"['s', 'a', 'r', 'a', 'j', 'backspace', 'j', 'backspace', 'h', 'return']","[1.755764701985754, 2.014433323056437, 2.1909519410692155, 2.3435741640860215, 2.577470879070461, 3.44794039207045, 3.8617419250076637, 4.543547151028179, 5.449570986093022, 7.661611660034396]",[1.75576,1.75576,4,34,1,2019_Oct_10_1358,FaceNameControl_Picture&Audio,3.0.4,84.98946284,
13,FacesBlock3.xlsx,Shelby.mp4,Shelby.JPG,Shelby,43,videoFrameShelby.png,0,0,0,2,0,12,12,13,,,,,1,1,0.249188799,,,,,,,34,1,2019_Oct_10_1358,FaceNameControl_Picture&Audio,3.0.4,84.98946284,
23,FacesBlock3.xlsx,Shelby.mp4,Shelby.JPG,Shelby,43,videoFrameShelby.png,0,0,0,2,,,,,0,7,7,13,,,,,None,,,,1,34,1,2019_Oct_10_1358,FaceNameControl_Picture&Audio,3.0.4,84.98946284,
77,FacesBlock2.xlsx,Steven.mp4,Steven.JPG,Steven,27,videoFrameSteven.png,0,2,2,1,,,,,0,1,1,12,,,,Steven,"['lshift', 's', 't', 'e', 'v', 'e', 'n']","[4.708211409975775, 4.874105194001459, 5.1916093829786405, 5.343791689956561, 5.6146529000252485, 5.755981507012621, 5.97974396601785]",[4.70821,4.70821,4,34,1,2019_Oct_10_1358,FaceNameControl_Picture&Audio,3.0.4,84.98946284,
67,FacesBlock2.xlsx,Steven.mp4,Steven.JPG,Steven,27,videoFrameSteven.png,0,2,2,1,0,6,6,12,,,,,0,1,0.497161147,,,,,,,34,1,2019_Oct_10_1358,FaceNameControl_Picture&Audio,3.0.4,84.98946284,
44,FacesBlock4.xlsx,Taylor.mp4,Taylor.JPG,Taylor,59,videoFrameTaylor.png,0,1,1,3,0,13,13,14,,,,,0,2,0.449324116,,,,,,,34,1,2019_Oct_10_1358,FaceNameControl_Picture&Audio,3.0.4,84.98946284,
52,FacesBlock4.xlsx,Taylor.mp4,Taylor.JPG,Taylor,59,videoFrameTaylor.png,0,1,1,3,,,,,0,6,6,14,,,,,None,,,,1,34,1,2019_Oct_10_1358,FaceNameControl_Picture&Audio,3.0.4,84.98946284,
11,FacesBlock3.xlsx,Thomas.mp4,Thomas.JPG,Thomas,44,videoFrameThomas.png,0,0,0,2,0,10,10,14,,,,,0,1,0.600970885,,,,,,,34,1,2019_Oct_10_1358,FaceNameControl_Picture&Audio,3.0.4,84.98946284,
30,FacesBlock3.xlsx,Thomas.mp4,Thomas.JPG,Thomas,44,videoFrameThomas.png,0,0,0,2,,,,,0,14,14,14,,,,Ben,"['lshift', 'b', 'e', 'n']","[6.847525764023885, 7.049661191063933, 7.272187047987245, 7.378925589029677]",[6.84752,6.84752,1,34,1,2019_Oct_10_1358,FaceNameControl_Picture&Audio,3.0.4,84.98946284,
106,FacesBlock1.xlsx,Timothy.mp4,Timothy.JPG,Timothy,14,videoFrameTimothy.png,0,3,3,0,,,,,0,0,0,14,,,,,None,,,,1,34,1,2019_Oct_10_1358,FaceNameControl_Picture&Audio,3.0.4,84.98946284,
94,FacesBlock1.xlsx,Timothy.mp4,Timothy.JPG,Timothy,14,videoFrameTimothy.png,0,3,3,0,0,3,3,14,,,,,1,1,0.50819572,,,,,,,34,1,2019_Oct_10_1358,FaceNameControl_Picture&Audio,3.0.4,84.98946284,
71,FacesBlock2.xlsx,Trevor.mp4,Trevor.JPG,Trevor,28,videoFrameTrevor.png,0,2,2,1,0,10,10,13,,,,,0,1,0.520840242,,,,,,,34,1,2019_Oct_10_1358,FaceNameControl_Picture&Audio,3.0.4,84.98946284,
83,FacesBlock2.xlsx,Trevor.mp4,Trevor.JPG,Trevor,28,videoFrameTrevor.png,0,2,2,1,,,,,0,7,7,13,,,,Schriffer,"['lshift', 's', 'c', 'h', 'r', 'i', 'f', 'f', 'e', 'r']","[2.4824677869910374, 3.167363143991679, 3.790486059966497, 4.531491354922764, 4.955278888926841, 5.766498125973158, 6.249237641924992, 6.637791449902579, 7.167228501988575, 7.684488699887879]",[2.48246,2.48246,2,34,1,2019_Oct_10_1358,FaceNameControl_Picture&Audio,3.0.4,84.98946284,
78,FacesBlock2.xlsx,Tyler.mp4,Tyler.JPG,Tyler,29,videoFrameTyler.png,0,2,2,1,,,,,0,2,2,14,,,,,None,,,,1,34,1,2019_Oct_10_1358,FaceNameControl_Picture&Audio,3.0.4,84.98946284,
69,FacesBlock2.xlsx,Tyler.mp4,Tyler.JPG,Tyler,29,videoFrameTyler.png,0,2,2,1,0,8,8,14,,,,,1,1,0.256569032,,,,,,,34,1,2019_Oct_10_1358,FaceNameControl_Picture&Audio,3.0.4,84.98946284,
0,,,,,,,,,,,,,,,,,,,,,,,,,,,,34,1,2019_Oct_10_1358,FaceNameControl_Picture&Audio,3.0.4,84.98946284,
121,,,,,,,,,,,,,,,,,,,,,,,,,,,,34,1,2019_Oct_10_1358,FaceNameControl_Picture&Audio,3.0.4,84.98946284,