,condsFile,Video,Photo,Name,Row,videoFrame,blocks.thisRepN,blocks.thisTrialN,blocks.thisN,blocks.thisIndex,presentations.thisRepN,presentations.thisTrialN,presentations.thisN,presentations.thisIndex,testing.thisRepN,testing.thisTrialN,testing.thisN,testing.thisIndex,currentCond,judgementResp.keys,judgementResp.rt,inputText,key_resp_3.keys,key_resp_3.rt,,key_resp3_fin,rating_resp.keys,participant,session,date,expName,psychopyVersion,frameRate,Unnamed: 31
89,FacesBlock2.xlsx,Aaron.mp4,Aaron.JPG,Aaron,15,videoFrameAaron.png,0,2,2,1,,,,,0,13,13,0,,,,noah,"['n', 'o', 'a', 'h']","[3.0854667290113866, 3.5851291350554675, 4.101383090019226, 4.785156432073563]",[3.08546,3.08546,1,45,1,2019_Oct_18_1104,FaceNameControl_Picture&Audio,3.0.4,59.99296955,
61,FacesBlock2.xlsx,Aaron.mp4,Aaron.JPG,Aaron,15,videoFrameAaron.png,0,2,2,1,0,0,0,0,,,,,0,1,2.035884793,,,,,,,45,1,2019_Oct_18_1104,FaceNameControl_Picture&Audio,3.0.4,59.99296955,
29,FacesBlock1.xlsx,Adam.mp4,Adam.JPG,Adam,0,videoFrameAdam.png,0,0,0,0,,,,,0,13,13,0,,,,Eric,"['lshift', 'e', 'r', 'i', 'c']","[5.68266108003445, 5.865022343117744, 6.116731081157923, 6.299378756200895, 6.383389876224101]",[5.68266,5.68266,1,45,1,2019_Oct_18_1104,FaceNameControl_Picture&Audio,3.0.4,59.99296955,
7,FacesBlock1.xlsx,Adam.mp4,Adam.JPG,Adam,0,videoFrameAdam.png,0,0,0,0,0,6,6,0,,,,,0,1,0.336189279,,,,,,,45,1,2019_Oct_18_1104,FaceNameControl_Picture&Audio,3.0.4,59.99296955,
39,FacesBlock4.xlsx,Alyssa.mp4,Alyssa.JPG,Alyssa,45,videoFrameAlyssa.png,0,1,1,3,0,8,8,0,,,,,1,2,1.002620553,,,,,,,45,1,2019_Oct_18_1104,FaceNameControl_Picture&Audio,3.0.4,59.99296955,
56,FacesBlock4.xlsx,Alyssa.mp4,Alyssa.JPG,Alyssa,45,videoFrameAlyssa.png,0,1,1,3,,,,,0,10,10,0,,,,Sabrina,"['z', 'backspace', 'lshift', 's', 'a', 'b', 'r', 'o', 'm', 'a', 'backspace', 'backspace', 'backspace', 'backspace', 'r', 'i', 'n', 'a']","[2.5841649260837585, 3.6170922401361167, 3.9496985441073775, 4.050354108214378, 4.284114196198061, 4.63436160213314, 5.116403236053884, 5.267310509225354, 5.366737561998889, 5.467498009093106, 5.8321621681097895, 5.982783998129889, 6.0656253232154995, 6.1828589821234345, 6.666382493218407, 6.766675062011927, 6.850612301146612, 6.949496582150459]",[2.58416,2.58416,1,45,1,2019_Oct_18_1104,FaceNameControl_Picture&Audio,3.0.4,59.99296955,
20,FacesBlock1.xlsx,Amanda.mp4,Amanda.JPG,Amanda,1,videoFrameAmanda.png,0,0,0,0,,,,,0,4,4,1,,,,Ashley,"['lshift', 'a', 's', 'h', 'l', 'e', 'y']","[3.317081328947097, 3.484480222919956, 3.9346782679203898, 4.101566324010491, 4.301390761975199, 4.383883123053238, 4.501513884868473]",[3.31708,3.31708,1,45,1,2019_Oct_18_1104,FaceNameControl_Picture&Audio,3.0.4,59.99296955,
14,FacesBlock1.xlsx,Amanda.mp4,Amanda.JPG,Amanda,1,videoFrameAmanda.png,0,0,0,0,0,13,13,1,,,,,1,2,0.10304872,,,,,,,45,1,2019_Oct_18_1104,FaceNameControl_Picture&Audio,3.0.4,59.99296955,
37,FacesBlock4.xlsx,Andrew.mp4,Andrew.JPG,Andrew,46,videoFrameAndrew.png,0,1,1,3,0,6,6,1,,,,,1,1,0.902267977,,,,,,,45,1,2019_Oct_18_1104,FaceNameControl_Picture&Audio,3.0.4,59.99296955,
50,FacesBlock4.xlsx,Andrew.mp4,Andrew.JPG,Andrew,46,videoFrameAndrew.png,0,1,1,3,,,,,0,4,4,1,,,,Nathan,"['lshift', 'n', 'a', 't', 'h', 'a', 'n']","[2.966664863983169, 3.1844872469082475, 3.5175123079679906, 3.6006879219785333, 3.71765426103957, 3.850246927002445, 3.9182738868985325]",[2.96666,2.96666,1,45,1,2019_Oct_18_1104,FaceNameControl_Picture&Audio,3.0.4,59.99296955,
31,FacesBlock4.xlsx,Anna.mp4,Anna.JPG,Anna,47,videoFrameAnna.png,0,1,1,3,0,0,0,2,,,,,0,2,2.269028893,,,,,,,45,1,2019_Oct_18_1104,FaceNameControl_Picture&Audio,3.0.4,59.99296955,
60,FacesBlock4.xlsx,Anna.mp4,Anna.JPG,Anna,47,videoFrameAnna.png,0,1,1,3,,,,,0,14,14,2,,,,,None,,,,1,45,1,2019_Oct_18_1104,FaceNameControl_Picture&Audio,3.0.4,59.99296955,
86,FacesBlock2.xlsx,Ashley.mp4,Ashley.JPG,Ashley,16,videoFrameAshley.png,0,2,2,1,,,,,0,10,10,1,,,,,None,,,,1,45,1,2019_Oct_18_1104,FaceNameControl_Picture&Audio,3.0.4,59.99296955,
62,FacesBlock2.xlsx,Ashley.mp4,Ashley.JPG,Ashley,16,videoFrameAshley.png,0,2,2,1,0,1,1,1,,,,,0,2,3.535073779,,,,,,,45,1,2019_Oct_18_1104,FaceNameControl_Picture&Audio,3.0.4,59.99296955,
15,FacesBlock1.xlsx,Bradley.mp4,Bradley.JPG,Bradley,2,videoFrameBradley.png,0,0,0,0,0,14,14,2,,,,,1,1,0.500278514,,,,,,,45,1,2019_Oct_18_1104,FaceNameControl_Picture&Audio,3.0.4,59.99296955,
22,FacesBlock1.xlsx,Bradley.mp4,Bradley.JPG,Bradley,2,videoFrameBradley.png,0,0,0,0,,,,,0,6,6,2,,,,Jacob,"['lshift', 'j', 'a', 'c', 'o', 'b']","[2.3178662781137973, 2.4190646449569613, 2.5855731090996414, 2.719086871948093, 2.835510591045022, 3.2355258241295815]",[2.31786,2.31786,1,45,1,2019_Oct_18_1104,FaceNameControl_Picture&Audio,3.0.4,59.99296955,
47,FacesBlock4.xlsx,Brandon.mp4,Brandon.JPG,Brandon,48,videoFrameBrandon.png,0,1,1,3,,,,,0,1,1,3,,,,Andrew,"['lshift', 'a', 'n', 'd', 'r', 'e', 'w']","[2.782932901987806, 4.034205941017717, 4.217173713026568, 4.350642323959619, 4.450517358025536, 4.582159562967718, 4.617169214878231]",[2.78293,2.78293,1,45,1,2019_Oct_18_1104,FaceNameControl_Picture&Audio,3.0.4,59.99296955,
40,FacesBlock4.xlsx,Brandon.mp4,Brandon.JPG,Brandon,48,videoFrameBrandon.png,0,1,1,3,0,9,9,3,,,,,1,1,0.902222588,,,,,,,45,1,2019_Oct_18_1104,FaceNameControl_Picture&Audio,3.0.4,59.99296955,
53,FacesBlock4.xlsx,Brian.mp4,Brian.JPG,Brian,49,videoFrameBrian.png,0,1,1,3,,,,,0,7,7,4,,,,Brian,"['lshift', 'b', 'r', 'i', 'a', 'n']","[1.0000043660402298, 1.1348018408752978, 1.4509443880524486, 1.6181655060499907, 1.734094156883657, 1.8177727728616446]",[1.00000,1,4,45,1,2019_Oct_18_1104,FaceNameControl_Picture&Audio,3.0.4,59.99296955,
44,FacesBlock4.xlsx,Brian.mp4,Brian.JPG,Brian,49,videoFrameBrian.png,0,1,1,3,0,13,13,4,,,,,1,1,0.935969467,,,,,,,45,1,2019_Oct_18_1104,FaceNameControl_Picture&Audio,3.0.4,59.99296955,
45,FacesBlock4.xlsx,Brianna.mp4,Brianna.JPG,Brianna,50,videoFrameBrianna.png,0,1,1,3,0,14,14,5,,,,,0,2,1.218820796,,,,,,,45,1,2019_Oct_18_1104,FaceNameControl_Picture&Audio,3.0.4,59.99296955,
54,FacesBlock4.xlsx,Brianna.mp4,Brianna.JPG,Brianna,50,videoFrameBrianna.png,0,1,1,3,,,,,0,8,8,5,,,,Anna,"['lshift', 'a', 'n', 'n', 'a']","[6.498967252904549, 6.65032286895439, 7.283389858901501, 7.466772301821038, 7.599763994803652]",[6.49896,6.49896,1,45,1,2019_Oct_18_1104,FaceNameControl_Picture&Audio,3.0.4,59.99296955,
73,FacesBlock2.xlsx,Brittany.mp4,Brittany.JPG,Brittany,17,videoFrameBrittany.png,0,2,2,1,0,12,12,2,,,,,0,2,0.985564721,,,,,,,45,1,2019_Oct_18_1104,FaceNameControl_Picture&Audio,3.0.4,59.99296955,
81,FacesBlock2.xlsx,Brittany.mp4,Brittany.JPG,Brittany,17,videoFrameBrittany.png,0,2,2,1,,,,,0,5,5,2,,,,britney,"['b', 'r', 'i', 't', 'n', 'e', 'y']","[4.519170620013028, 4.9020619741640985, 5.385721408994868, 5.685106026940048, 6.084414744051173, 6.534080564044416, 6.867634207010269]",[4.51917,4.51917,1,45,1,2019_Oct_18_1104,FaceNameControl_Picture&Audio,3.0.4,59.99296955,
33,FacesBlock4.xlsx,Caleb.mp4,Caleb.JPG,Caleb,51,videoFrameCaleb.png,0,1,1,3,0,2,2,6,,,,,0,1,1.219669269,,,,,,,45,1,2019_Oct_18_1104,FaceNameControl_Picture&Audio,3.0.4,59.99296955,
55,FacesBlock4.xlsx,Caleb.mp4,Caleb.JPG,Caleb,51,videoFrameCaleb.png,0,1,1,3,,,,,0,9,9,6,,,,Alex,"['lshift', 'a', 'l', 'e', 'x']","[5.181451990036294, 5.300478755962104, 6.350216991035268, 7.282289286144078, 7.615971656981856]",[5.18145,5.18145,1,45,1,2019_Oct_18_1104,FaceNameControl_Picture&Audio,3.0.4,59.99296955,
87,FacesBlock2.xlsx,Cody.mp4,Cody.JPG,Cody,18,videoFrameCody.png,0,2,2,1,,,,,0,11,11,3,,,,kevin,"['k', 'e', 'v', 'i', 'n']","[4.701234434964135, 5.15162869496271, 5.750881345011294, 6.450907869962975, 6.6509892989415675]",[4.70123,4.70123,1,45,1,2019_Oct_18_1104,FaceNameControl_Picture&Audio,3.0.4,59.99296955,
63,FacesBlock2.xlsx,Cody.mp4,Cody.JPG,Cody,18,videoFrameCody.png,0,2,2,1,0,2,2,3,,,,,0,1,3.251776173,,,,,,,45,1,2019_Oct_18_1104,FaceNameControl_Picture&Audio,3.0.4,59.99296955,
104,FacesBlock3.xlsx,Courtney.mp4,Courtney.JPG,Courtney,30,videoFrameCourtney.png,0,3,3,2,0,13,13,0,,,,,1,2,0.819458603,,,,,,,45,1,2019_Oct_18_1104,FaceNameControl_Picture&Audio,3.0.4,59.99296955,
112,FacesBlock3.xlsx,Courtney.mp4,Courtney.JPG,Courtney,30,videoFrameCourtney.png,0,3,3,2,,,,,0,6,6,0,,,,,None,,,,1,45,1,2019_Oct_18_1104,FaceNameControl_Picture&Audio,3.0.4,59.99296955,
96,FacesBlock3.xlsx,Daniel.mp4,Daniel.JPG,Daniel,31,videoFrameDaniel.png,0,3,3,2,0,5,5,1,,,,,0,1,1.320512881,,,,,,,45,1,2019_Oct_18_1104,FaceNameControl_Picture&Audio,3.0.4,59.99296955,
119,FacesBlock3.xlsx,Daniel.mp4,Daniel.JPG,Daniel,31,videoFrameDaniel.png,0,3,3,2,,,,,0,13,13,1,,,,,"['1', 'backspace']","[4.201082963962108, 4.8005168861709535]",[4.20108,4.20108,1,45,1,2019_Oct_18_1104,FaceNameControl_Picture&Audio,3.0.4,59.99296955,
5,FacesBlock1.xlsx,Danielle.mp4,Danielle.JPG,Danielle,3,videoFrameDanielle.png,0,0,0,0,0,4,4,3,,,,,1,2,0.303625549,,,,,,,45,1,2019_Oct_18_1104,FaceNameControl_Picture&Audio,3.0.4,59.99296955,
23,FacesBlock1.xlsx,Danielle.mp4,Danielle.JPG,Danielle,3,videoFrameDanielle.png,0,0,0,0,,,,,0,7,7,3,,,,Jessica,"['lshift', 'j', 'e', 's', 's', 'i', 'c', 'a']","[3.9496513770427555, 4.035388688091189, 4.20154580892995, 4.284772899001837, 4.466187877114862, 4.55109751294367, 4.6497248550876975, 4.701359502971172]",[3.94965,3.94965,1,45,1,2019_Oct_18_1104,FaceNameControl_Picture&Audio,3.0.4,59.99296955,
64,FacesBlock2.xlsx,David.mp4,David.JPG,David,19,videoFrameDavid.png,0,2,2,1,0,3,3,4,,,,,1,1,1.319161585,,,,,,,45,1,2019_Oct_18_1104,FaceNameControl_Picture&Audio,3.0.4,59.99296955,
85,FacesBlock2.xlsx,David.mp4,David.JPG,David,19,videoFrameDavid.png,0,2,2,1,,,,,0,9,9,4,,,,,None,,,,1,45,1,2019_Oct_18_1104,FaceNameControl_Picture&Audio,3.0.4,59.99296955,
38,FacesBlock4.xlsx,Dylan.mp4,Dylan.JPG,Dylan,52,videoFrameDylan.png,0,1,1,3,0,7,7,7,,,,,1,1,0.922294419,,,,,,,45,1,2019_Oct_18_1104,FaceNameControl_Picture&Audio,3.0.4,59.99296955,
48,FacesBlock4.xlsx,Dylan.mp4,Dylan.JPG,Dylan,52,videoFrameDylan.png,0,1,1,3,,,,,0,2,2,7,,,,Matthew,"['lshift', 'm', 'a', 't', 't', 'h', 'e', 'w']","[2.1499328170903027, 2.267751835985109, 2.451679280027747, 2.5677432210650295, 2.7349171470850706, 2.834492781898007, 2.9678166389930993, 3.068031809059903]",[2.14993,2.14993,1,45,1,2019_Oct_18_1104,FaceNameControl_Picture&Audio,3.0.4,59.99296955,
34,FacesBlock4.xlsx,Emily.mp4,Emily.JPG,Emily,53,videoFrameEmily.png,0,1,1,3,0,3,3,8,,,,,0,2,2.586194533,,,,,,,45,1,2019_Oct_18_1104,FaceNameControl_Picture&Audio,3.0.4,59.99296955,
49,FacesBlock4.xlsx,Emily.mp4,Emily.JPG,Emily,53,videoFrameEmily.png,0,1,1,3,,,,,0,3,3,8,,,,,"['lshift', 'n', 'a', 't', 'a', 'l', 'i', 'e', 'lcommand', 'a', 'backspace', 'backspace', 'backspace', 'backspace', 'backspace', 'backspace', 'backspace', 'backspace', 'backspace']","[5.048967660870403, 5.167334191035479, 5.367272818926722, 5.4672366520389915, 5.633654330857098, 5.7336971999611706, 5.816399103961885, 5.9332325959112495, 6.665397540898994, 6.707518166862428, 7.231994530884549, 8.565106560941786, 9.098844280932099, 9.247397430008277, 9.381440262077376, 9.531681374879554, 9.664869145024568, 9.797714223852381, 9.914846410043538]",[5.04896,5.04896,1,45,1,2019_Oct_18_1104,FaceNameControl_Picture&Audio,3.0.4,59.99296955,
4,FacesBlock1.xlsx,Eric.mp4,Eric.JPG,Eric,4,videoFrameEric.png,0,0,0,0,0,3,3,4,,,,,1,1,0.267589187,,,,,,,45,1,2019_Oct_18_1104,FaceNameControl_Picture&Audio,3.0.4,59.99296955,
18,FacesBlock1.xlsx,Eric.mp4,Eric.JPG,Eric,4,videoFrameEric.png,0,0,0,0,,,,,0,2,2,4,,,,Nathan,"['lshift', 'n', 'a', 't', 'a', 'h', 'backspace', 'backspace', 'h', 'a', 'n']","[2.59979580482468, 2.734338718932122, 2.950940581969917, 3.051097164861858, 3.151486817980185, 3.2341052489355206, 3.7166290609166026, 3.81657419889234, 4.1339234069455415, 4.2171014728955925, 4.316944957943633]",[2.59979,2.59979,1,45,1,2019_Oct_18_1104,FaceNameControl_Picture&Audio,3.0.4,59.99296955,
25,FacesBlock1.xlsx,Ethan.mp4,Ethan.JPG,Ethan,5,videoFrameEthan.png,0,0,0,0,,,,,0,9,9,5,,,,Adam,"['lshift', 'a', 'd', 'a', 'm']","[3.4670501730870456, 3.602095594163984, 3.8183076300192624, 3.9676539429929107, 4.268221260048449]",[3.46705,3.46705,1,45,1,2019_Oct_18_1104,FaceNameControl_Picture&Audio,3.0.4,59.99296955,
2,FacesBlock1.xlsx,Ethan.mp4,Ethan.JPG,Ethan,5,videoFrameEthan.png,0,0,0,0,0,1,1,5,,,,,0,1,0.73649239,,,,,,,45,1,2019_Oct_18_1104,FaceNameControl_Picture&Audio,3.0.4,59.99296955,
32,FacesBlock4.xlsx,Grace.mp4,Grace.JPG,Grace,54,videoFrameGrace.png,0,1,1,3,0,1,1,9,,,,,0,2,1.652233106,,,,,,,45,1,2019_Oct_18_1104,FaceNameControl_Picture&Audio,3.0.4,59.99296955,
46,FacesBlock4.xlsx,Grace.mp4,Grace.JPG,Grace,54,videoFrameGrace.png,0,1,1,3,,,,,0,0,0,9,,,,Carol,"['lshift', 'c', 'a', 'r', 'p', 'semicolon', 'backspace', 'o', 'l', 'return']","[3.782558351987973, 3.9169433678034693, 4.134191381977871, 4.217326304875314, 4.71767003997229, 4.934009638847783, 5.499705594964325, 6.29947408195585, 6.516447687987238, 6.715989429969341]",[3.78255,3.78255,1,45,1,2019_Oct_18_1104,FaceNameControl_Picture&Audio,3.0.4,59.99296955,
84,FacesBlock2.xlsx,Haley.mp4,Haley.JPG,Haley,20,videoFrameHaley.png,0,2,2,1,,,,,0,8,8,5,,,,,None,,,,1,45,1,2019_Oct_18_1104,FaceNameControl_Picture&Audio,3.0.4,59.99296955,
67,FacesBlock2.xlsx,Haley.mp4,Haley.JPG,Haley,20,videoFrameHaley.png,0,2,2,1,0,6,6,5,,,,,0,2,1.40313304,,,,,,,45,1,2019_Oct_18_1104,FaceNameControl_Picture&Audio,3.0.4,59.99296955,
28,FacesBlock1.xlsx,Hannah.mp4,Hannah.JPG,Hannah,6,videoFrameHannah.png,0,0,0,0,,,,,0,12,12,6,,,,,None,,,,1,45,1,2019_Oct_18_1104,FaceNameControl_Picture&Audio,3.0.4,59.99296955,
11,FacesBlock1.xlsx,Hannah.mp4,Hannah.JPG,Hannah,6,videoFrameHannah.png,0,0,0,0,0,10,10,6,,,,,0,2,0.252960616,,,,,,,45,1,2019_Oct_18_1104,FaceNameControl_Picture&Audio,3.0.4,59.99296955,
66,FacesBlock2.xlsx,Heather.mp4,Heather.JPG,Heather,21,videoFrameHeather.png,0,2,2,1,0,5,5,6,,,,,1,2,1.785230336,,,,,,,45,1,2019_Oct_18_1104,FaceNameControl_Picture&Audio,3.0.4,59.99296955,
77,FacesBlock2.xlsx,Heather.mp4,Heather.JPG,Heather,21,videoFrameHeather.png,0,2,2,1,,,,,0,1,1,6,,,,hailey,"['z', 'backspace', 'h', 'a', 'i', 'l', 'e', 'y']","[1.8850753330625594, 3.7845748541876674, 4.435017857002094, 4.684780958108604, 4.868029747158289, 5.2679017670452595, 5.417962767183781, 5.517885588109493]",[1.88507,1.88507,1,45,1,2019_Oct_18_1104,FaceNameControl_Picture&Audio,3.0.4,59.99296955,
113,FacesBlock3.xlsx,Jacob.mp4,Jacob.JPG,Jacob,32,videoFrameJacob.png,0,3,3,2,,,,,0,7,7,2,,,,,None,,,,1,45,1,2019_Oct_18_1104,FaceNameControl_Picture&Audio,3.0.4,59.99296955,
101,FacesBlock3.xlsx,Jacob.mp4,Jacob.JPG,Jacob,32,videoFrameJacob.png,0,3,3,2,0,10,10,2,,,,,0,1,1.152137657,,,,,,,45,1,2019_Oct_18_1104,FaceNameControl_Picture&Audio,3.0.4,59.99296955,
51,FacesBlock4.xlsx,Jason.mp4,Jason.JPG,Jason,55,videoFrameJason.png,0,1,1,3,,,,,0,5,5,10,,,,An,"['lshift', 'n', 'a', 'backspace', 'backspace', 'lshift', 'a', 'n']","[8.465263322927058, 8.68287366302684, 8.703592204023153, 9.199156539049, 9.315361385932192, 9.334290377097204, 9.382297117030248, 9.96623324090615]",[8.46526,8.46526,1,45,1,2019_Oct_18_1104,FaceNameControl_Picture&Audio,3.0.4,59.99296955,
35,FacesBlock4.xlsx,Jason.mp4,Jason.JPG,Jason,55,videoFrameJason.png,0,1,1,3,0,4,4,10,,,,,1,1,1.62015143,,,,,,,45,1,2019_Oct_18_1104,FaceNameControl_Picture&Audio,3.0.4,59.99296955,
8,FacesBlock1.xlsx,Jenna.mp4,Jenna.JPG,Jenna,7,videoFrameJenna.png,0,0,0,0,0,7,7,7,,,,,0,2,0.517146688,,,,,,,45,1,2019_Oct_18_1104,FaceNameControl_Picture&Audio,3.0.4,59.99296955,
30,FacesBlock1.xlsx,Jenna.mp4,Jenna.JPG,Jenna,7,videoFrameJenna.png,0,0,0,0,,,,,0,14,14,7,,,,Natalie,"['lshift', 'n', 'a', 't', 'a', 'l', 'i', 'e']","[4.6159435550216585, 4.801280465209857, 5.083954212022945, 5.400897816056386, 5.5343964961357415, 5.633747481042519, 5.717385563999414, 5.783446750137955]",[4.61594,4.61594,1,45,1,2019_Oct_18_1104,FaceNameControl_Picture&Audio,3.0.4,59.99296955,
70,FacesBlock2.xlsx,Jeremy.mp4,Jeremy.JPG,Jeremy,22,videoFrameJeremy.png,0,2,2,1,0,9,9,7,,,,,1,1,1.035870434,,,,,,,45,1,2019_Oct_18_1104,FaceNameControl_Picture&Audio,3.0.4,59.99296955,
82,FacesBlock2.xlsx,Jeremy.mp4,Jeremy.JPG,Jeremy,22,videoFrameJeremy.png,0,2,2,1,,,,,0,6,6,7,,,,caleb,"['c', 'a', 'l', 'e', 'b']","[3.9682971539441496, 4.301417252980173, 4.7515879578422755, 5.217626720899716, 5.767069472000003]",[3.96829,3.96829,1,45,1,2019_Oct_18_1104,FaceNameControl_Picture&Audio,3.0.4,59.99296955,
9,FacesBlock1.xlsx,Jessica.mp4,Jessica.JPG,Jessica,8,videoFrameJessica.png,0,0,0,0,0,8,8,8,,,,,0,2,0.453051277,,,,,,,45,1,2019_Oct_18_1104,FaceNameControl_Picture&Audio,3.0.4,59.99296955,
16,FacesBlock1.xlsx,Jessica.mp4,Jessica.JPG,Jessica,8,videoFrameJessica.png,0,0,0,0,,,,,0,0,0,8,,,,Natalie,"['lshift', 'n', 't', 'backspace', 'a', 't', 'a', 'l', 'i', 'e', 'return']","[2.449846224859357, 2.5850365969818085, 2.900975866941735, 3.400493511930108, 3.500611905939877, 3.583240443840623, 3.7009232689160854, 3.784586119931191, 3.8673028850462288, 3.967710947850719, 4.100294417934492]",[2.44984,2.44984,1,45,1,2019_Oct_18_1104,FaceNameControl_Picture&Audio,3.0.4,59.99296955,
79,FacesBlock2.xlsx,Josh.mp4,Josh.JPG,Josh,23,videoFrameJosh.png,0,2,2,1,,,,,0,3,3,8,,,,Tre,"['lshift', 't', 'r', 'e']","[8.148877394851297, 8.95007535093464, 9.150155620882288, 9.449499596841633]",[8.14887,8.14887,1,45,1,2019_Oct_18_1104,FaceNameControl_Picture&Audio,3.0.4,59.99296955,
74,FacesBlock2.xlsx,Josh.mp4,Josh.JPG,Josh,23,videoFrameJosh.png,0,2,2,1,0,13,13,8,,,,,0,1,1.668888482,,,,,,,45,1,2019_Oct_18_1104,FaceNameControl_Picture&Audio,3.0.4,59.99296955,
1,FacesBlock1.xlsx,Julia.mp4,Julia.JPG,Julia,9,videoFrameJulia.png,0,0,0,0,0,0,0,9,,,,,0,2,1.985729061,,,,,,,45,1,2019_Oct_18_1104,FaceNameControl_Picture&Audio,3.0.4,59.99296955,
19,FacesBlock1.xlsx,Julia.mp4,Julia.JPG,Julia,9,videoFrameJulia.png,0,0,0,0,,,,,0,3,3,9,,,, ,['space'],[2.5852826840709895],[2.58528,2.58528,1,45,1,2019_Oct_18_1104,FaceNameControl_Picture&Audio,3.0.4,59.99296955,
68,FacesBlock2.xlsx,Justin.mp4,Justin.JPG,Justin,24,videoFrameJustin.png,0,2,2,1,0,7,7,9,,,,,1,1,0.702567014,,,,,,,45,1,2019_Oct_18_1104,FaceNameControl_Picture&Audio,3.0.4,59.99296955,
76,FacesBlock2.xlsx,Justin.mp4,Justin.JPG,Justin,24,videoFrameJustin.png,0,2,2,1,,,,,0,0,0,9,,,,,None,,,,1,45,1,2019_Oct_18_1104,FaceNameControl_Picture&Audio,3.0.4,59.99296955,
52,FacesBlock4.xlsx,Katie.mp4,Katie.JPG,Katie,56,videoFrameKatie.png,0,1,1,3,,,,,0,6,6,11,,,,Carol,"['lshift', 'c', 'a', 'r', 'o', 'l']","[5.182593890000135, 5.300814450951293, 5.500801743008196, 5.6009610870387405, 5.700757292099297, 5.883773145033047]",[5.18259,5.18259,1,45,1,2019_Oct_18_1104,FaceNameControl_Picture&Audio,3.0.4,59.99296955,
41,FacesBlock4.xlsx,Katie.mp4,Katie.JPG,Katie,56,videoFrameKatie.png,0,1,1,3,0,10,10,11,,,,,0,2,1.669199665,,,,,,,45,1,2019_Oct_18_1104,FaceNameControl_Picture&Audio,3.0.4,59.99296955,
115,FacesBlock3.xlsx,Kayla.mp4,Kayla.JPG,Kayla,33,videoFrameKayla.png,0,3,3,2,,,,,0,9,9,3,,,,,None,,,,1,45,1,2019_Oct_18_1104,FaceNameControl_Picture&Audio,3.0.4,59.99296955,
105,FacesBlock3.xlsx,Kayla.mp4,Kayla.JPG,Kayla,33,videoFrameKayla.png,0,3,3,2,0,14,14,3,,,,,1,2,1.152402286,,,,,,,45,1,2019_Oct_18_1104,FaceNameControl_Picture&Audio,3.0.4,59.99296955,
24,FacesBlock1.xlsx,Kelsey.mp4,Kelsey.JPG,Kelsey,10,videoFrameKelsey.png,0,0,0,0,,,,,0,8,8,10,,,,,None,,,,1,45,1,2019_Oct_18_1104,FaceNameControl_Picture&Audio,3.0.4,59.99296955,
12,FacesBlock1.xlsx,Kelsey.mp4,Kelsey.JPG,Kelsey,10,videoFrameKelsey.png,0,0,0,0,0,11,11,10,,,,,0,2,0.21871994,,,,,,,45,1,2019_Oct_18_1104,FaceNameControl_Picture&Audio,3.0.4,59.99296955,
117,FacesBlock3.xlsx,Kevin.mp4,Kevin.JPG,Kevin,34,videoFrameKevin.png,0,3,3,2,,,,,0,11,11,4,,,,Noah,"['lshift', 'n', 'o', 'a', 'h']","[2.1167372190393507, 2.2022271601017565, 2.4353700559586287, 2.617912417044863, 2.7018287270329893]",[2.11673,2.11673,1,45,1,2019_Oct_18_1104,FaceNameControl_Picture&Audio,3.0.4,59.99296955,
103,FacesBlock3.xlsx,Kevin.mp4,Kevin.JPG,Kevin,34,videoFrameKevin.png,0,3,3,2,0,12,12,4,,,,,0,1,1.336621612,,,,,,,45,1,2019_Oct_18_1104,FaceNameControl_Picture&Audio,3.0.4,59.99296955,
6,FacesBlock1.xlsx,Kyle.mp4,Kyle.JPG,Kyle,11,videoFrameKyle.png,0,0,0,0,0,5,5,11,,,,,1,1,0.369638799,,,,,,,45,1,2019_Oct_18_1104,FaceNameControl_Picture&Audio,3.0.4,59.99296955,
26,FacesBlock1.xlsx,Kyle.mp4,Kyle.JPG,Kyle,11,videoFrameKyle.png,0,0,0,0,,,,,0,10,10,11,,,,Eric,"['lshift', 'e', 'r', 'i', 'c']","[1.3006880818866193, 1.452205577865243, 1.68568071606569, 1.7854954949580133, 1.9186453730799258]",[1.30068,1.30068,1,45,1,2019_Oct_18_1104,FaceNameControl_Picture&Audio,3.0.4,59.99296955,
109,FacesBlock3.xlsx,Lauren.mp4,Lauren.JPG,Lauren,35,videoFrameLauren.png,0,3,3,2,,,,,0,3,3,5,,,,Lauren,"['lshift', 'l', 'a', 'u', 'r', 'e', 'n']","[3.3505863801110536, 3.518619805108756, 3.78440048918128, 4.034547582035884, 4.134910146007314, 4.218415230046958, 4.301560673164204]",[3.35058,3.35058,3,45,1,2019_Oct_18_1104,FaceNameControl_Picture&Audio,3.0.4,59.99296955,
94,FacesBlock3.xlsx,Lauren.mp4,Lauren.JPG,Lauren,35,videoFrameLauren.png,0,3,3,2,0,3,3,5,,,,,1,2,0.937970383,,,,,,,45,1,2019_Oct_18_1104,FaceNameControl_Picture&Audio,3.0.4,59.99296955,
120,FacesBlock3.xlsx,Mark.mp4,Mark.JPG,Mark,36,videoFrameMark.png,0,3,3,2,,,,,0,14,14,6,,,,,None,,,,1,45,1,2019_Oct_18_1104,FaceNameControl_Picture&Audio,3.0.4,59.99296955,
97,FacesBlock3.xlsx,Mark.mp4,Mark.JPG,Mark,36,videoFrameMark.png,0,3,3,2,0,6,6,6,,,,,1,1,0.904081807,,,,,,,45,1,2019_Oct_18_1104,FaceNameControl_Picture&Audio,3.0.4,59.99296955,
10,FacesBlock1.xlsx,Matthew.mp4,Matthew.JPG,Matthew,12,videoFrameMatthew.png,0,0,0,0,0,9,9,12,,,,,1,1,0.168908063,,,,,,,45,1,2019_Oct_18_1104,FaceNameControl_Picture&Audio,3.0.4,59.99296955,
27,FacesBlock1.xlsx,Matthew.mp4,Matthew.JPG,Matthew,12,videoFrameMatthew.png,0,0,0,0,,,,,0,11,11,12,,,,Matthew,"['lshift', 'm', 't', 't', 'backspace', 'backspace', 'a', 't', 'h', 'e', 'backspace', 'backspace', 't', 'h', 'e', 'w']","[3.1663453618530184, 3.301753493025899, 3.5681586270220578, 3.7182775950059295, 4.11746772704646, 4.26746565499343, 4.367701764917001, 4.617662284057587, 4.734139181906357, 4.951424743980169, 5.250272477976978, 5.3497483369428664, 5.501013983041048, 5.583309289067984, 5.684134365990758, 5.767501346068457]",[3.16634,3.16634,1,45,1,2019_Oct_18_1104,FaceNameControl_Picture&Audio,3.0.4,59.99296955,
72,FacesBlock2.xlsx,Megan.mp4,Megan.JPG,Megan,25,videoFrameMegan.png,0,2,2,1,0,11,11,10,,,,,1,2,0.869637734,,,,,,,45,1,2019_Oct_18_1104,FaceNameControl_Picture&Audio,3.0.4,59.99296955,
88,FacesBlock2.xlsx,Megan.mp4,Megan.JPG,Megan,25,videoFrameMegan.png,0,2,2,1,,,,,0,12,12,10,,,,ashley,"['a', 's', 'h', 'l', 'e', 'y']","[3.5193135992158204, 4.1351142302155495, 4.702134627150372, 5.501634867163375, 5.868249404011294, 6.101747507229447]",[3.51931,3.51931,1,45,1,2019_Oct_18_1104,FaceNameControl_Picture&Audio,3.0.4,59.99296955,
36,FacesBlock4.xlsx,Michael.mp4,Michael.JPG,Michael,57,videoFrameMichael.png,0,1,1,3,0,5,5,12,,,,,1,1,1.684092512,,,,,,,45,1,2019_Oct_18_1104,FaceNameControl_Picture&Audio,3.0.4,59.99296955,
58,FacesBlock4.xlsx,Michael.mp4,Michael.JPG,Michael,57,videoFrameMichael.png,0,1,1,3,,,,,0,12,12,12,,,,,None,,,,1,45,1,2019_Oct_18_1104,FaceNameControl_Picture&Audio,3.0.4,59.99296955,
59,FacesBlock4.xlsx,Michelle.mp4,Michelle.JPG,Michelle,58,videoFrameMichelle.png,0,1,1,3,,,,,0,13,13,13,,,,Anna,"['lshift', 'a', 'n', 'n', 'a']","[3.716545948991552, 3.868242461932823, 4.101568946847692, 4.801329870941117, 4.934145329985768]",[3.71654,3.71654,2,45,1,2019_Oct_18_1104,FaceNameControl_Picture&Audio,3.0.4,59.99296955,
43,FacesBlock4.xlsx,Michelle.mp4,Michelle.JPG,Michelle,58,videoFrameMichelle.png,0,1,1,3,0,12,12,13,,,,,0,2,1.336296207,,,,,,,45,1,2019_Oct_18_1104,FaceNameControl_Picture&Audio,3.0.4,59.99296955,
13,FacesBlock1.xlsx,Natalie.mp4,Natalie.JPG,Natalie,13,videoFrameNatalie.png,0,0,0,0,0,12,12,13,,,,,1,2,0.069720568,,,,,,,45,1,2019_Oct_18_1104,FaceNameControl_Picture&Audio,3.0.4,59.99296955,
17,FacesBlock1.xlsx,Natalie.mp4,Natalie.JPG,Natalie,13,videoFrameNatalie.png,0,0,0,0,,,,,0,1,1,13,,,,Sabrina,"['return', 'lshift', 's', 'a', 'b', 'r', 'i', 'n', 'a']","[2.8341369770932943, 4.066238733008504, 4.200853220187128, 4.4506166111677885, 4.665516826091334, 4.950652522034943, 5.050929605029523, 5.100348974112421, 5.183719675987959]",[2.83413,2.83413,1,45,1,2019_Oct_18_1104,FaceNameControl_Picture&Audio,3.0.4,59.99296955,
111,FacesBlock3.xlsx,Nathan.mp4,Nathan.JPG,Nathan,37,videoFrameNathan.png,0,3,3,2,,,,,0,5,5,7,,,,Nathan,"['lshift', 'n', 'a', 't', 'h', 'a', 'n']","[4.099312545033172, 4.3015693940687925, 4.484273367095739, 4.568188491044566, 4.634940277086571, 4.750705327140167, 4.800436347024515]",[4.09931,4.09931,1,45,1,2019_Oct_18_1104,FaceNameControl_Picture&Audio,3.0.4,59.99296955,
100,FacesBlock3.xlsx,Nathan.mp4,Nathan.JPG,Nathan,37,videoFrameNathan.png,0,3,3,2,0,9,9,7,,,,,0,1,1.319484575,,,,,,,45,1,2019_Oct_18_1104,FaceNameControl_Picture&Audio,3.0.4,59.99296955,
107,FacesBlock3.xlsx,Nicole.mp4,Nicole.JPG,Nicole,38,videoFrameNicole.png,0,3,3,2,,,,,0,1,1,8,,,,,None,,,,1,45,1,2019_Oct_18_1104,FaceNameControl_Picture&Audio,3.0.4,59.99296955,
99,FacesBlock3.xlsx,Nicole.mp4,Nicole.JPG,Nicole,38,videoFrameNicole.png,0,3,3,2,0,8,8,8,,,,,0,1,4.536761472,,,,,,,45,1,2019_Oct_18_1104,FaceNameControl_Picture&Audio,3.0.4,59.99296955,
93,FacesBlock3.xlsx,Noah.mp4,Noah.JPG,Noah,39,videoFrameNoah.png,0,3,3,2,0,2,2,9,,,,,1,1,1.804394767,,,,,,,45,1,2019_Oct_18_1104,FaceNameControl_Picture&Audio,3.0.4,59.99296955,
114,FacesBlock3.xlsx,Noah.mp4,Noah.JPG,Noah,39,videoFrameNoah.png,0,3,3,2,,,,,0,8,8,9,,,,,None,,,,1,45,1,2019_Oct_18_1104,FaceNameControl_Picture&Audio,3.0.4,59.99296955,
108,FacesBlock3.xlsx,Olivia.mp4,Olivia.JPG,Olivia,40,videoFrameOlivia.png,0,3,3,2,,,,,0,2,2,10,,,,,None,,,,1,45,1,2019_Oct_18_1104,FaceNameControl_Picture&Audio,3.0.4,59.99296955,
102,FacesBlock3.xlsx,Olivia.mp4,Olivia.JPG,Olivia,40,videoFrameOlivia.png,0,3,3,2,0,11,11,10,,,,,1,2,1.50266377,,,,,,,45,1,2019_Oct_18_1104,FaceNameControl_Picture&Audio,3.0.4,59.99296955,
75,FacesBlock2.xlsx,Rachel.mp4,Rachel.JPG,Rachel,26,videoFrameRachel.png,0,2,2,1,0,14,14,11,,,,,1,2,1.186060894,,,,,,,45,1,2019_Oct_18_1104,FaceNameControl_Picture&Audio,3.0.4,59.99296955,
83,FacesBlock2.xlsx,Rachel.mp4,Rachel.JPG,Rachel,26,videoFrameRachel.png,0,2,2,1,,,,,0,7,7,11,,,,,None,,,,1,45,1,2019_Oct_18_1104,FaceNameControl_Picture&Audio,3.0.4,59.99296955,
92,FacesBlock3.xlsx,Rebecca.mp4,Rebecca.JPG,Rebecca,41,videoFrameRebecca.png,0,3,3,2,0,1,1,11,,,,,1,2,1.004084139,,,,,,,45,1,2019_Oct_18_1104,FaceNameControl_Picture&Audio,3.0.4,59.99296955,
110,FacesBlock3.xlsx,Rebecca.mp4,Rebecca.JPG,Rebecca,41,videoFrameRebecca.png,0,3,3,2,,,,,0,4,4,11,,,,,None,,,,1,45,1,2019_Oct_18_1104,FaceNameControl_Picture&Audio,3.0.4,59.99296955,
118,FacesBlock3.xlsx,Sarah.mp4,Sarah.JPG,Sarah,42,videoFrameSarah.png,0,3,3,2,,,,,0,12,12,12,,,,,None,,,,1,45,1,2019_Oct_18_1104,FaceNameControl_Picture&Audio,3.0.4,59.99296955,
98,FacesBlock3.xlsx,Sarah.mp4,Sarah.JPG,Sarah,42,videoFrameSarah.png,0,3,3,2,0,7,7,12,,,,,0,2,1.004034266,,,,,,,45,1,2019_Oct_18_1104,FaceNameControl_Picture&Audio,3.0.4,59.99296955,
91,FacesBlock3.xlsx,Shelby.mp4,Shelby.JPG,Shelby,43,videoFrameShelby.png,0,3,3,2,0,0,0,13,,,,,0,2,1.937137475,,,,,,,45,1,2019_Oct_18_1104,FaceNameControl_Picture&Audio,3.0.4,59.99296955,
106,FacesBlock3.xlsx,Shelby.mp4,Shelby.JPG,Shelby,43,videoFrameShelby.png,0,3,3,2,,,,,0,0,0,13,,,,Shelby,"['lshift', 'h', 'e', 'l', 'backspace', 'backspace', 'backspace', 'lshift', 's', 'h', 'e', 'l', 'b', 'y']","[4.149820141959935, 4.484198788879439, 4.634193271864206, 4.768036853056401, 5.0998617450241, 5.233790043042973, 5.317088094074279, 5.465966366929933, 5.549153979867697, 5.883479859912768, 6.034240599954501, 6.151185438036919, 6.2836010958999395, 6.3661719569936395]",[4.14982,4.14982,1,45,1,2019_Oct_18_1104,FaceNameControl_Picture&Audio,3.0.4,59.99296955,
71,FacesBlock2.xlsx,Steven.mp4,Steven.JPG,Steven,27,videoFrameSteven.png,0,2,2,1,0,10,10,12,,,,,0,1,1.686009262,,,,,,,45,1,2019_Oct_18_1104,FaceNameControl_Picture&Audio,3.0.4,59.99296955,
78,FacesBlock2.xlsx,Steven.mp4,Steven.JPG,Steven,27,videoFrameSteven.png,0,2,2,1,,,,,0,2,2,12,,,,,None,,,,1,45,1,2019_Oct_18_1104,FaceNameControl_Picture&Audio,3.0.4,59.99296955,
42,FacesBlock4.xlsx,Taylor.mp4,Taylor.JPG,Taylor,59,videoFrameTaylor.png,0,1,1,3,0,11,11,14,,,,,0,2,1.036082418,,,,,,,45,1,2019_Oct_18_1104,FaceNameControl_Picture&Audio,3.0.4,59.99296955,
57,FacesBlock4.xlsx,Taylor.mp4,Taylor.JPG,Taylor,59,videoFrameTaylor.png,0,1,1,3,,,,,0,11,11,14,,,,Natasha,"['lshift', 'n', 'a', 't', 'a', 's', 'h', 'a']","[4.3835423910059035, 4.801427133148536, 5.017932076007128, 5.182410953100771, 5.284785475116223, 5.451354464981705, 5.584953237092122, 5.7824766780249774]",[4.38354,4.38354,1,45,1,2019_Oct_18_1104,FaceNameControl_Picture&Audio,3.0.4,59.99296955,
95,FacesBlock3.xlsx,Thomas.mp4,Thomas.JPG,Thomas,44,videoFrameThomas.png,0,3,3,2,0,4,4,14,,,,,1,1,1.333816987,,,,,,,45,1,2019_Oct_18_1104,FaceNameControl_Picture&Audio,3.0.4,59.99296955,
116,FacesBlock3.xlsx,Thomas.mp4,Thomas.JPG,Thomas,44,videoFrameThomas.png,0,3,3,2,,,,,0,10,10,14,,,, ,['space'],[4.084162978921086],[4.08416,4.08416,1,45,1,2019_Oct_18_1104,FaceNameControl_Picture&Audio,3.0.4,59.99296955,
21,FacesBlock1.xlsx,Timothy.mp4,Timothy.JPG,Timothy,14,videoFrameTimothy.png,0,0,0,0,,,,,0,5,5,14,,,,Matthew,"['lshift', 'n', 'a', 't', 'h', 'a', 'n', 'backspace', 'backspace', 'backspace', 'backspace', 'backspace', 'backspace', 'lshift', 'm', 'a', 't', 't', 'h', 't', 'backspace', 'backspace', 'h', 'e', 'w']","[1.3674845329951495, 1.535840034019202, 1.835386665072292, 1.9851421669591218, 2.151563931023702, 2.267886657966301, 2.3854088641237468, 3.1673958541359752, 3.3177091600373387, 3.4842874601017684, 3.6329654920846224, 3.850782164139673, 4.067611929029226, 5.299742277013138, 5.401454599108547, 5.550845989026129, 5.634735682979226, 5.766746323090047, 5.95082608400844, 6.0339884320273995, 6.433223371161148, 6.550302956951782, 6.83316585002467, 6.950386225944385, 7.065438425168395]",[1.36748,1.36748,1,45,1,2019_Oct_18_1104,FaceNameControl_Picture&Audio,3.0.4,59.99296955,
3,FacesBlock1.xlsx,Timothy.mp4,Timothy.JPG,Timothy,14,videoFrameTimothy.png,0,0,0,0,0,2,2,14,,,,,1,1,0.536099639,,,,,,,45,1,2019_Oct_18_1104,FaceNameControl_Picture&Audio,3.0.4,59.99296955,
80,FacesBlock2.xlsx,Trevor.mp4,Trevor.JPG,Trevor,28,videoFrameTrevor.png,0,2,2,1,,,,,0,4,4,13,,,,erin,"['e', 'r', 'o', 'n', 'backspace', 'backspace', 'o', 'n', 'backspace', 'backspace', 'i', 'n']","[4.468668963992968, 4.667832311941311, 5.184785409830511, 5.551365061895922, 6.433260660851374, 6.6172626309562474, 7.301215260056779, 7.86696091783233, 8.766502900980413, 8.916486800881103, 9.549753932049498, 9.91668145195581]",[4.46866,4.46866,4,45,1,2019_Oct_18_1104,FaceNameControl_Picture&Audio,3.0.4,59.99296955,
69,FacesBlock2.xlsx,Trevor.mp4,Trevor.JPG,Trevor,28,videoFrameTrevor.png,0,2,2,1,0,8,8,13,,,,,0,1,1.169398867,,,,,,,45,1,2019_Oct_18_1104,FaceNameControl_Picture&Audio,3.0.4,59.99296955,
65,FacesBlock2.xlsx,Tyler.mp4,Tyler.JPG,Tyler,29,videoFrameTyler.png,0,2,2,1,0,4,4,14,,,,,1,1,1.386594829,,,,,,,45,1,2019_Oct_18_1104,FaceNameControl_Picture&Audio,3.0.4,59.99296955,
90,FacesBlock2.xlsx,Tyler.mp4,Tyler.JPG,Tyler,29,videoFrameTyler.png,0,2,2,1,,,,,0,14,14,14,,,,andrew,"['a', 'n', 'd', 'r', 'e', 'w']","[5.6182525479234755, 6.250945405801758, 6.7681098519824445, 7.20091530890204, 7.31765960296616, 7.416946217883378]",[5.61825,5.61825,1,45,1,2019_Oct_18_1104,FaceNameControl_Picture&Audio,3.0.4,59.99296955,
0,,,,,,,,,,,,,,,,,,,,,,,,,,,,45,1,2019_Oct_18_1104,FaceNameControl_Picture&Audio,3.0.4,59.99296955,
121,,,,,,,,,,,,,,,,,,,,,,,,,,,,45,1,2019_Oct_18_1104,FaceNameControl_Picture&Audio,3.0.4,59.99296955,