,condsFile,Video,Photo,Name,Row,videoFrame,blocks.thisRepN,blocks.thisTrialN,blocks.thisN,blocks.thisIndex,presentations.thisRepN,presentations.thisTrialN,presentations.thisN,presentations.thisIndex,testing.thisRepN,testing.thisTrialN,testing.thisN,testing.thisIndex,currentCond,judgementResp.keys,judgementResp.rt,inputText,key_resp_3.keys,key_resp_3.rt,,key_resp3_fin,rating_resp.keys,participant,session,date,expName,psychopyVersion,frameRate,Unnamed: 31
62,FacesBlock2.xlsx,Aaron.mp4,Aaron.JPG,Aaron,15,videoFrameAaron.png,0,2,2,1,0,1,1,0,,,,,1,1,0.486203336,,,,,,,3,1,2019_May_31_1423,FaceNameControl_Picture&Audio,3.0.4,59.73270436,
82,FacesBlock2.xlsx,Aaron.mp4,Aaron.JPG,Aaron,15,videoFrameAaron.png,0,2,2,1,,,,,0,6,6,0,,,,,None,,,,1,3,1,2019_May_31_1423,FaceNameControl_Picture&Audio,3.0.4,59.73270436,
43,FacesBlock1.xlsx,Adam.mp4,Adam.JPG,Adam,0,videoFrameAdam.png,0,1,1,0,0,12,12,0,,,,,0,1,0.286574404,,,,,,,3,1,2019_May_31_1423,FaceNameControl_Picture&Audio,3.0.4,59.73270436,
56,FacesBlock1.xlsx,Adam.mp4,Adam.JPG,Adam,0,videoFrameAdam.png,0,1,1,0,,,,,0,10,10,0,,,,brian,"['b', 'r', 'i', 'a', 'n']","[2.002034632023424, 2.402263566851616, 2.551780169829726, 2.9000923451967537, 3.0513106831349432]",[2.00203,2.00203,1,3,1,2019_May_31_1423,FaceNameControl_Picture&Audio,3.0.4,59.73270436,
27,FacesBlock4.xlsx,Alyssa.mp4,Alyssa.JPG,Alyssa,45,videoFrameAlyssa.png,0,0,0,3,,,,,0,11,11,0,,,,hannah,"['h', 'a', 'n', 'n', 'a', 'h']","[1.7517554350197315, 1.9849753989838064, 2.2015895657241344, 2.3517249799333513, 2.4847435727715492, 2.567794696893543]",[1.75175,1.75175,2,3,1,2019_May_31_1423,FaceNameControl_Picture&Audio,3.0.4,59.73270436,
11,FacesBlock4.xlsx,Alyssa.mp4,Alyssa.JPG,Alyssa,45,videoFrameAlyssa.png,0,0,0,3,0,10,10,0,,,,,0,2,0.819408768,,,,,,,3,1,2019_May_31_1423,FaceNameControl_Picture&Audio,3.0.4,59.73270436,
33,FacesBlock1.xlsx,Amanda.mp4,Amanda.JPG,Amanda,1,videoFrameAmanda.png,0,1,1,0,0,2,2,1,,,,,0,2,1.0339582,,,,,,,3,1,2019_May_31_1423,FaceNameControl_Picture&Audio,3.0.4,59.73270436,
57,FacesBlock1.xlsx,Amanda.mp4,Amanda.JPG,Amanda,1,videoFrameAmanda.png,0,1,1,0,,,,,0,11,11,1,,,,sophia,"['s', 'o', 'p', 'h', 'i', 'a']","[4.6506755338050425, 4.900505497120321, 5.233413184992969, 5.400312913116068, 5.617009851150215, 6.000340600032359]",[4.65067,4.65067,1,3,1,2019_May_31_1423,FaceNameControl_Picture&Audio,3.0.4,59.73270436,
18,FacesBlock4.xlsx,Andrew.mp4,Andrew.JPG,Andrew,46,videoFrameAndrew.png,0,0,0,3,,,,,0,2,2,1,,,,brandon ,"['b', 'r', 'a', 'n', 'd', 'o', 'n', 'space']","[1.7023549117147923, 2.0187101429328322, 2.4689822858199477, 2.7853840366005898, 3.0690083289518952, 3.3181471647694707, 3.601658052764833, 4.417540419846773]",[1.70235,1.70235,2,3,1,2019_May_31_1423,FaceNameControl_Picture&Audio,3.0.4,59.73270436,
1,FacesBlock4.xlsx,Andrew.mp4,Andrew.JPG,Andrew,46,videoFrameAndrew.png,0,0,0,3,0,0,0,1,,,,,1,1,1.351957859,,,,,,,3,1,2019_May_31_1423,FaceNameControl_Picture&Audio,3.0.4,59.73270436,
2,FacesBlock4.xlsx,Anna.mp4,Anna.JPG,Anna,47,videoFrameAnna.png,0,0,0,3,0,1,1,2,,,,,1,2,0.453084973,,,,,,,3,1,2019_May_31_1423,FaceNameControl_Picture&Audio,3.0.4,59.73270436,
21,FacesBlock4.xlsx,Anna.mp4,Anna.JPG,Anna,47,videoFrameAnna.png,0,0,0,3,,,,,0,5,5,2,,,,amanda,"['a', 'm', 'a', 'n', 'd', 'a']","[6.067477104719728, 6.6669708071276546, 6.9334082580171525, 7.183066688012332, 7.383563241921365, 7.4999675480648875]",[6.06747,6.06747,1,3,1,2019_May_31_1423,FaceNameControl_Picture&Audio,3.0.4,59.73270436,
81,FacesBlock2.xlsx,Ashley.mp4,Ashley.JPG,Ashley,16,videoFrameAshley.png,0,2,2,1,,,,,0,5,5,1,,,,,None,,,,1,3,1,2019_May_31_1423,FaceNameControl_Picture&Audio,3.0.4,59.73270436,
63,FacesBlock2.xlsx,Ashley.mp4,Ashley.JPG,Ashley,16,videoFrameAshley.png,0,2,2,1,0,2,2,1,,,,,0,2,0.300567534,,,,,,,3,1,2019_May_31_1423,FaceNameControl_Picture&Audio,3.0.4,59.73270436,
41,FacesBlock1.xlsx,Bradley.mp4,Bradley.JPG,Bradley,2,videoFrameBradley.png,0,1,1,0,0,10,10,2,,,,,0,1,0.28597507,,,,,,,3,1,2019_May_31_1423,FaceNameControl_Picture&Audio,3.0.4,59.73270436,
53,FacesBlock1.xlsx,Bradley.mp4,Bradley.JPG,Bradley,2,videoFrameBradley.png,0,1,1,0,,,,,0,7,7,2,,,,,None,,,,1,3,1,2019_May_31_1423,FaceNameControl_Picture&Audio,3.0.4,59.73270436,
15,FacesBlock4.xlsx,Brandon.mp4,Brandon.JPG,Brandon,48,videoFrameBrandon.png,0,0,0,3,0,14,14,3,,,,,1,1,0.367119871,,,,,,,3,1,2019_May_31_1423,FaceNameControl_Picture&Audio,3.0.4,59.73270436,
19,FacesBlock4.xlsx,Brandon.mp4,Brandon.JPG,Brandon,48,videoFrameBrandon.png,0,0,0,3,,,,,0,3,3,3,,,,adam,"['a', 'd', 'a', 'm']","[3.717835013754666, 4.017264456953853, 4.284267706796527, 4.550726587884128]",[3.71783,3.71783,1,3,1,2019_May_31_1423,FaceNameControl_Picture&Audio,3.0.4,59.73270436,
14,FacesBlock4.xlsx,Brian.mp4,Brian.JPG,Brian,49,videoFrameBrian.png,0,0,0,3,0,13,13,4,,,,,0,1,0.352742487,,,,,,,3,1,2019_May_31_1423,FaceNameControl_Picture&Audio,3.0.4,59.73270436,
28,FacesBlock4.xlsx,Brian.mp4,Brian.JPG,Brian,49,videoFrameBrian.png,0,0,0,3,,,,,0,12,12,4,,,,isaac,"['i', 's', 's', 'backspace', 'a', 'a', 'c']","[1.6688227197155356, 1.8519150516949594, 2.1019426858983934, 2.834508034866303, 3.068117802031338, 3.251372467726469, 3.6180515796877444]",[1.66882,1.66882,1,3,1,2019_May_31_1423,FaceNameControl_Picture&Audio,3.0.4,59.73270436,
16,FacesBlock4.xlsx,Brianna.mp4,Brianna.JPG,Brianna,50,videoFrameBrianna.png,0,0,0,3,,,,,0,0,0,5,,,,gabrielle ,"['g', 'a', 'b', 'i', 'r', 'e', 'l', 'l', 'e', 'backspace', 'backspace', 'backspace', 'backspace', 'backspace', 'backspace', 'r', 'i', 'e', 'l', 'l', 'e', 'return', 'space']","[2.116593255661428, 2.4515739139169455, 2.6017687167041004, 2.834446639753878, 2.9682926000095904, 3.2517623747698963, 3.5347036509774625, 3.701330585870892, 3.8512741080485284, 4.266976191662252, 4.449769830796868, 4.583871119655669, 4.749244773760438, 4.884169687051326, 5.033871043939143, 5.867624817881733, 5.98395516583696, 6.150508163031191, 6.50043857563287, 6.700423633679748, 7.000291203614324, 7.6832343698479235, 9.249146429821849]",[2.11659,2.11659,2,3,1,2019_May_31_1423,FaceNameControl_Picture&Audio,3.0.4,59.73270436,
6,FacesBlock4.xlsx,Brianna.mp4,Brianna.JPG,Brianna,50,videoFrameBrianna.png,0,0,0,3,0,5,5,5,,,,,1,2,0.936164214,,,,,,,3,1,2019_May_31_1423,FaceNameControl_Picture&Audio,3.0.4,59.73270436,
65,FacesBlock2.xlsx,Brittany.mp4,Brittany.JPG,Brittany,17,videoFrameBrittany.png,0,2,2,1,0,4,4,2,,,,,0,2,0.32015358,,,,,,,3,1,2019_May_31_1423,FaceNameControl_Picture&Audio,3.0.4,59.73270436,
78,FacesBlock2.xlsx,Brittany.mp4,Brittany.JPG,Brittany,17,videoFrameBrittany.png,0,2,2,1,,,,,0,2,2,2,,,,brittany,"['b', 'r', 'i', 't', 't', 'a', 'n', 'y']","[2.018688090145588, 2.1685511148534715, 2.3516983850859106, 2.6180951190181077, 2.78467669012025, 3.401527857873589, 3.434766252990812, 3.8672798140905797]",[2.01868,2.01868,4,3,1,2019_May_31_1423,FaceNameControl_Picture&Audio,3.0.4,59.73270436,
10,FacesBlock4.xlsx,Caleb.mp4,Caleb.JPG,Caleb,51,videoFrameCaleb.png,0,0,0,3,0,9,9,6,,,,,0,1,0.502562592,,,,,,,3,1,2019_May_31_1423,FaceNameControl_Picture&Audio,3.0.4,59.73270436,
17,FacesBlock4.xlsx,Caleb.mp4,Caleb.JPG,Caleb,51,videoFrameCaleb.png,0,0,0,3,,,,,0,1,1,6,,,,brian ,"['b', 'r', 'i', 'a', 'n', 'space']","[1.90245664678514, 2.0348810707218945, 2.252157439943403, 2.4850235669873655, 2.6186369387432933, 6.517455299850553]",[1.90245,1.90245,3,3,1,2019_May_31_1423,FaceNameControl_Picture&Audio,3.0.4,59.73270436,
75,FacesBlock2.xlsx,Cody.mp4,Cody.JPG,Cody,18,videoFrameCody.png,0,2,2,1,0,14,14,3,,,,,1,1,0.236483453,,,,,,,3,1,2019_May_31_1423,FaceNameControl_Picture&Audio,3.0.4,59.73270436,
80,FacesBlock2.xlsx,Cody.mp4,Cody.JPG,Cody,18,videoFrameCody.png,0,2,2,1,,,,,0,4,4,3,,,,cody,"['c', 'o', 'd', 'y']","[1.6837660889141262, 1.7849749699234962, 2.052460429724306, 2.218802025076002]",[1.68376,1.68376,4,3,1,2019_May_31_1423,FaceNameControl_Picture&Audio,3.0.4,59.73270436,
94,FacesBlock3.xlsx,Courtney.mp4,Courtney.JPG,Courtney,30,videoFrameCourtney.png,0,3,3,2,0,3,3,0,,,,,0,2,0.235851595,,,,,,,3,1,2019_May_31_1423,FaceNameControl_Picture&Audio,3.0.4,59.73270436,
106,FacesBlock3.xlsx,Courtney.mp4,Courtney.JPG,Courtney,30,videoFrameCourtney.png,0,3,3,2,,,,,0,0,0,0,,,,hannah,"['h', 'a', 'n', 'n', 'a', 'h']","[5.56775726005435, 5.784979477990419, 5.9171995730139315, 6.0508458581753075, 6.183607465121895, 6.717295575886965]",[5.56775,5.56775,1,3,1,2019_May_31_1423,FaceNameControl_Picture&Audio,3.0.4,59.73270436,
112,FacesBlock3.xlsx,Daniel.mp4,Daniel.JPG,Daniel,31,videoFrameDaniel.png,0,3,3,2,,,,,0,6,6,1,,,,mark,"['m', 'a', 'r', 'k']","[2.5510284625925124, 2.7174037997610867, 3.051331202033907, 3.1826961976476014]",[2.55102,2.55102,1,3,1,2019_May_31_1423,FaceNameControl_Picture&Audio,3.0.4,59.73270436,
91,FacesBlock3.xlsx,Daniel.mp4,Daniel.JPG,Daniel,31,videoFrameDaniel.png,0,3,3,2,0,0,0,1,,,,,1,1,1.353058024,,,,,,,3,1,2019_May_31_1423,FaceNameControl_Picture&Audio,3.0.4,59.73270436,
37,FacesBlock1.xlsx,Danielle.mp4,Danielle.JPG,Danielle,3,videoFrameDanielle.png,0,1,1,0,0,6,6,3,,,,,1,2,0.319750211,,,,,,,3,1,2019_May_31_1423,FaceNameControl_Picture&Audio,3.0.4,59.73270436,
60,FacesBlock1.xlsx,Danielle.mp4,Danielle.JPG,Danielle,3,videoFrameDanielle.png,0,1,1,0,,,,,0,14,14,3,,,,,None,,,,1,3,1,2019_May_31_1423,FaceNameControl_Picture&Audio,3.0.4,59.73270436,
61,FacesBlock2.xlsx,David.mp4,David.JPG,David,19,videoFrameDavid.png,0,2,2,1,0,0,0,4,,,,,0,1,1.303002351,,,,,,,3,1,2019_May_31_1423,FaceNameControl_Picture&Audio,3.0.4,59.73270436,
83,FacesBlock2.xlsx,David.mp4,David.JPG,David,19,videoFrameDavid.png,0,2,2,1,,,,,0,7,7,4,,,,,"['1', 'backspace']","[7.384104899130762, 8.399548329878598]",[7.38410,7.38410,1,3,1,2019_May_31_1423,FaceNameControl_Picture&Audio,3.0.4,59.73270436,
5,FacesBlock4.xlsx,Dylan.mp4,Dylan.JPG,Dylan,52,videoFrameDylan.png,0,0,0,3,0,4,4,7,,,,,1,2,0.452481108,,,,,,,3,1,2019_May_31_1423,FaceNameControl_Picture&Audio,3.0.4,59.73270436,
20,FacesBlock4.xlsx,Dylan.mp4,Dylan.JPG,Dylan,52,videoFrameDylan.png,0,0,0,3,,,,,0,4,4,7,,,,daniel,"['d', 'a', 'n', 'i', 'e', 'l']","[1.9519235230982304, 4.284516272135079, 4.567927340045571, 4.815975462086499, 5.017881497275084, 5.2010228503495455]",[1.95192,1.95192,2,3,1,2019_May_31_1423,FaceNameControl_Picture&Audio,3.0.4,59.73270436,
30,FacesBlock4.xlsx,Emily.mp4,Emily.JPG,Emily,53,videoFrameEmily.png,0,0,0,3,,,,,0,14,14,8,,,,ana,"['a', 'n', 'a']","[2.5996148167178035, 2.8351452029310167, 2.9685697369277477]",[2.59961,2.59961,1,3,1,2019_May_31_1423,FaceNameControl_Picture&Audio,3.0.4,59.73270436,
13,FacesBlock4.xlsx,Emily.mp4,Emily.JPG,Emily,53,videoFrameEmily.png,0,0,0,3,0,12,12,8,,,,,1,2,0.302924417,,,,,,,3,1,2019_May_31_1423,FaceNameControl_Picture&Audio,3.0.4,59.73270436,
36,FacesBlock1.xlsx,Eric.mp4,Eric.JPG,Eric,4,videoFrameEric.png,0,1,1,0,0,5,5,4,,,,,1,1,0.436991527,,,,,,,3,1,2019_May_31_1423,FaceNameControl_Picture&Audio,3.0.4,59.73270436,
50,FacesBlock1.xlsx,Eric.mp4,Eric.JPG,Eric,4,videoFrameEric.png,0,1,1,0,,,,,0,4,4,4,,,,,None,,,,1,3,1,2019_May_31_1423,FaceNameControl_Picture&Audio,3.0.4,59.73270436,
47,FacesBlock1.xlsx,Ethan.mp4,Ethan.JPG,Ethan,5,videoFrameEthan.png,0,1,1,0,,,,,0,1,1,5,,,,adam,"['a', 'd', 'a', 'm']","[3.4681149451062083, 3.6016022711992264, 3.7678688699379563, 3.9180746651254594]",[3.46811,3.46811,3,3,1,2019_May_31_1423,FaceNameControl_Picture&Audio,3.0.4,59.73270436,
35,FacesBlock1.xlsx,Ethan.mp4,Ethan.JPG,Ethan,5,videoFrameEthan.png,0,1,1,0,0,4,4,5,,,,,0,1,0.836051914,,,,,,,3,1,2019_May_31_1423,FaceNameControl_Picture&Audio,3.0.4,59.73270436,
12,FacesBlock4.xlsx,Grace.mp4,Grace.JPG,Grace,54,videoFrameGrace.png,0,0,0,3,0,11,11,9,,,,,0,2,0.303023373,,,,,,,3,1,2019_May_31_1423,FaceNameControl_Picture&Audio,3.0.4,59.73270436,
22,FacesBlock4.xlsx,Grace.mp4,Grace.JPG,Grace,54,videoFrameGrace.png,0,0,0,3,,,,,0,6,6,9,,,,emily,"['e', 'm', 'i', 'l', 'y']","[1.068586495704949, 1.3013710328377783, 1.602196027059108, 1.8513256828300655, 2.116711223963648]",[1.06858,1.06858,4,3,1,2019_May_31_1423,FaceNameControl_Picture&Audio,3.0.4,59.73270436,
74,FacesBlock2.xlsx,Haley.mp4,Haley.JPG,Haley,20,videoFrameHaley.png,0,2,2,1,0,13,13,5,,,,,1,2,0.303212125,,,,,,,3,1,2019_May_31_1423,FaceNameControl_Picture&Audio,3.0.4,59.73270436,
88,FacesBlock2.xlsx,Haley.mp4,Haley.JPG,Haley,20,videoFrameHaley.png,0,2,2,1,,,,,0,12,12,5,,,,haley,"['h', 'a', 'l', 'e', 'y', 'y', 'backspace']","[2.035639002919197, 2.2682304461486638, 2.418729607015848, 2.7686692788265646, 2.918833180796355, 3.000111373141408, 3.6676580188795924]",[2.03563,2.03563,2,3,1,2019_May_31_1423,FaceNameControl_Picture&Audio,3.0.4,59.73270436,
42,FacesBlock1.xlsx,Hannah.mp4,Hannah.JPG,Hannah,6,videoFrameHannah.png,0,1,1,0,0,11,11,6,,,,,1,2,0.319167704,,,,,,,3,1,2019_May_31_1423,FaceNameControl_Picture&Audio,3.0.4,59.73270436,
55,FacesBlock1.xlsx,Hannah.mp4,Hannah.JPG,Hannah,6,videoFrameHannah.png,0,1,1,0,,,,,0,9,9,6,,,,emily,"['e', 'm', 'i', 'l', 'y']","[4.718025055713952, 4.867668136022985, 5.067205601837486, 5.184396348893642, 5.767112385015935]",[4.71802,4.71802,1,3,1,2019_May_31_1423,FaceNameControl_Picture&Audio,3.0.4,59.73270436,
69,FacesBlock2.xlsx,Heather.mp4,Heather.JPG,Heather,21,videoFrameHeather.png,0,2,2,1,0,8,8,6,,,,,0,2,0.302675105,,,,,,,3,1,2019_May_31_1423,FaceNameControl_Picture&Audio,3.0.4,59.73270436,
77,FacesBlock2.xlsx,Heather.mp4,Heather.JPG,Heather,21,videoFrameHeather.png,0,2,2,1,,,,,0,1,1,6,,,,heather,"['h', 'e', 'a', 't', 'h', 'e', 'r']","[1.6856543282046914, 1.918390872888267, 2.218594669830054, 2.435370477847755, 2.6684432891197503, 2.7853730469942093, 2.984903283882886]",[1.68565,1.68565,3,3,1,2019_May_31_1423,FaceNameControl_Picture&Audio,3.0.4,59.73270436,
100,FacesBlock3.xlsx,Jacob.mp4,Jacob.JPG,Jacob,32,videoFrameJacob.png,0,3,3,2,0,9,9,2,,,,,0,1,0.286445926,,,,,,,3,1,2019_May_31_1423,FaceNameControl_Picture&Audio,3.0.4,59.73270436,
118,FacesBlock3.xlsx,Jacob.mp4,Jacob.JPG,Jacob,32,videoFrameJacob.png,0,3,3,2,,,,,0,12,12,2,,,,marc,"['m', 'a', 'r', 'c']","[1.3502275277860463, 1.5683485316112638, 1.9179245778359473, 2.067773375660181]",[1.35022,1.35022,3,3,1,2019_May_31_1423,FaceNameControl_Picture&Audio,3.0.4,59.73270436,
4,FacesBlock4.xlsx,Jason.mp4,Jason.JPG,Jason,55,videoFrameJason.png,0,0,0,3,0,3,3,10,,,,,0,1,0.519740052,,,,,,,3,1,2019_May_31_1423,FaceNameControl_Picture&Audio,3.0.4,59.73270436,
26,FacesBlock4.xlsx,Jason.mp4,Jason.JPG,Jason,55,videoFrameJason.png,0,0,0,3,,,,,0,10,10,10,,,,mike,"['m', 'i', 'k', 'e']","[1.5181871857494116, 2.0341306598857045, 2.5181016107089818, 2.63451872067526]",[1.51818,1.51818,1,3,1,2019_May_31_1423,FaceNameControl_Picture&Audio,3.0.4,59.73270436,
54,FacesBlock1.xlsx,Jenna.mp4,Jenna.JPG,Jenna,7,videoFrameJenna.png,0,1,1,0,,,,,0,8,8,7,,,,sara,"['s', 'a', 'r', 'a']","[5.584153414703906, 6.216142760589719, 6.237571326550096, 6.883603951893747]",[5.58415,5.58415,1,3,1,2019_May_31_1423,FaceNameControl_Picture&Audio,3.0.4,59.73270436,
31,FacesBlock1.xlsx,Jenna.mp4,Jenna.JPG,Jenna,7,videoFrameJenna.png,0,1,1,0,0,0,0,7,,,,,1,2,1.869302217,,,,,,,3,1,2019_May_31_1423,FaceNameControl_Picture&Audio,3.0.4,59.73270436,
66,FacesBlock2.xlsx,Jeremy.mp4,Jeremy.JPG,Jeremy,22,videoFrameJeremy.png,0,2,2,1,0,5,5,7,,,,,1,1,0.30331668,,,,,,,3,1,2019_May_31_1423,FaceNameControl_Picture&Audio,3.0.4,59.73270436,
87,FacesBlock2.xlsx,Jeremy.mp4,Jeremy.JPG,Jeremy,22,videoFrameJeremy.png,0,2,2,1,,,,,0,11,11,7,,,,jeremy,"['j', 'e', 'r', 'e', 'm', 'y']","[1.8182540158741176, 2.01807729806751, 2.101571529638022, 2.251424948684871, 2.38634511269629, 2.534702946897596]",[1.81825,1.81825,2,3,1,2019_May_31_1423,FaceNameControl_Picture&Audio,3.0.4,59.73270436,
51,FacesBlock1.xlsx,Jessica.mp4,Jessica.JPG,Jessica,8,videoFrameJessica.png,0,1,1,0,,,,,0,5,5,8,,,,,None,,,,1,3,1,2019_May_31_1423,FaceNameControl_Picture&Audio,3.0.4,59.73270436,
32,FacesBlock1.xlsx,Jessica.mp4,Jessica.JPG,Jessica,8,videoFrameJessica.png,0,1,1,0,0,1,1,8,,,,,1,2,1.202628828,,,,,,,3,1,2019_May_31_1423,FaceNameControl_Picture&Audio,3.0.4,59.73270436,
73,FacesBlock2.xlsx,Josh.mp4,Josh.JPG,Josh,23,videoFrameJosh.png,0,2,2,1,0,12,12,8,,,,,0,2,0.302970786,,,,,,,3,1,2019_May_31_1423,FaceNameControl_Picture&Audio,3.0.4,59.73270436,
90,FacesBlock2.xlsx,Josh.mp4,Josh.JPG,Josh,23,videoFrameJosh.png,0,2,2,1,,,,,0,14,14,8,,,,josh,"['j', 'o', 's', 'h']","[0.9857066818512976, 1.268861040007323, 1.5349152428098023, 1.8021502210758626]",[0.98570,0.98570,4,3,1,2019_May_31_1423,FaceNameControl_Picture&Audio,3.0.4,59.73270436,
48,FacesBlock1.xlsx,Julia.mp4,Julia.JPG,Julia,9,videoFrameJulia.png,0,1,1,0,,,,,0,2,2,9,,,,emily,"['e', 'm', 'i', 'l', 'y']","[2.2846935498528183, 2.552341911010444, 2.835524702910334, 2.9021577308885753, 3.085038735996932]",[2.28469,2.28469,1,3,1,2019_May_31_1423,FaceNameControl_Picture&Audio,3.0.4,59.73270436,
40,FacesBlock1.xlsx,Julia.mp4,Julia.JPG,Julia,9,videoFrameJulia.png,0,1,1,0,0,9,9,9,,,,,1,2,0.253138741,,,,,,,3,1,2019_May_31_1423,FaceNameControl_Picture&Audio,3.0.4,59.73270436,
64,FacesBlock2.xlsx,Justin.mp4,Justin.JPG,Justin,24,videoFrameJustin.png,0,2,2,1,0,3,3,9,,,,,0,1,0.569166934,,,,,,,3,1,2019_May_31_1423,FaceNameControl_Picture&Audio,3.0.4,59.73270436,
79,FacesBlock2.xlsx,Justin.mp4,Justin.JPG,Justin,24,videoFrameJustin.png,0,2,2,1,,,,,0,3,3,9,,,,david,"['d', 'a', 'v', 'i', 'd']","[2.6348251490853727, 2.9348682491108775, 3.3510596100240946, 3.551394492853433, 3.8842868506908417]",[2.63482,2.63482,2,3,1,2019_May_31_1423,FaceNameControl_Picture&Audio,3.0.4,59.73270436,
24,FacesBlock4.xlsx,Katie.mp4,Katie.JPG,Katie,56,videoFrameKatie.png,0,0,0,3,,,,,0,8,8,11,,,,sara,"['s', 'a', 'r', 'a']","[2.434693360235542, 2.8011563871987164, 2.850687829311937, 3.251176080200821]",[2.43469,2.43469,1,3,1,2019_May_31_1423,FaceNameControl_Picture&Audio,3.0.4,59.73270436,
7,FacesBlock4.xlsx,Katie.mp4,Katie.JPG,Katie,56,videoFrameKatie.png,0,0,0,3,0,6,6,11,,,,,0,2,0.552354106,,,,,,,3,1,2019_May_31_1423,FaceNameControl_Picture&Audio,3.0.4,59.73270436,
104,FacesBlock3.xlsx,Kayla.mp4,Kayla.JPG,Kayla,33,videoFrameKayla.png,0,3,3,2,0,13,13,3,,,,,1,2,0.236550438,,,,,,,3,1,2019_May_31_1423,FaceNameControl_Picture&Audio,3.0.4,59.73270436,
115,FacesBlock3.xlsx,Kayla.mp4,Kayla.JPG,Kayla,33,videoFrameKayla.png,0,3,3,2,,,,,0,9,9,3,,,,samantha,"['s', 'a', 'm', 'a', 'n', 't', 'h', 'a']","[1.8184178681112826, 2.367960873991251, 2.534879478160292, 2.6677538491785526, 2.8155667898245156, 3.0159162641502917, 3.1183277969248593, 3.3177888649515808]",[1.81841,1.81841,1,3,1,2019_May_31_1423,FaceNameControl_Picture&Audio,3.0.4,59.73270436,
46,FacesBlock1.xlsx,Kelsey.mp4,Kelsey.JPG,Kelsey,10,videoFrameKelsey.png,0,1,1,0,,,,,0,0,0,10,,,,,None,,,,1,3,1,2019_May_31_1423,FaceNameControl_Picture&Audio,3.0.4,59.73270436,
44,FacesBlock1.xlsx,Kelsey.mp4,Kelsey.JPG,Kelsey,10,videoFrameKelsey.png,0,1,1,0,0,13,13,10,,,,,0,2,0.302334248,,,,,,,3,1,2019_May_31_1423,FaceNameControl_Picture&Audio,3.0.4,59.73270436,
96,FacesBlock3.xlsx,Kevin.mp4,Kevin.JPG,Kevin,34,videoFrameKevin.png,0,3,3,2,0,5,5,4,,,,,0,2,0.286293149,,,,,,,3,1,2019_May_31_1423,FaceNameControl_Picture&Audio,3.0.4,59.73270436,
110,FacesBlock3.xlsx,Kevin.mp4,Kevin.JPG,Kevin,34,videoFrameKevin.png,0,3,3,2,,,,,0,4,4,4,,,,toby,"['t', 'o', 'b', 'y']","[1.8017623159103096, 2.0514967828057706, 2.2850781539455056, 2.45232552010566]",[1.80176,1.80176,1,3,1,2019_May_31_1423,FaceNameControl_Picture&Audio,3.0.4,59.73270436,
45,FacesBlock1.xlsx,Kyle.mp4,Kyle.JPG,Kyle,11,videoFrameKyle.png,0,1,1,0,0,14,14,11,,,,,1,1,0.436397414,,,,,,,3,1,2019_May_31_1423,FaceNameControl_Picture&Audio,3.0.4,59.73270436,
58,FacesBlock1.xlsx,Kyle.mp4,Kyle.JPG,Kyle,11,videoFrameKyle.png,0,1,1,0,,,,,0,12,12,11,,,,kyle,"['k', 'y', 'l', 'e']","[1.2855578809976578, 1.6857069409452379, 2.251864230260253, 2.618552220053971]",[1.28555,1.28555,4,3,1,2019_May_31_1423,FaceNameControl_Picture&Audio,3.0.4,59.73270436,
109,FacesBlock3.xlsx,Lauren.mp4,Lauren.JPG,Lauren,35,videoFrameLauren.png,0,3,3,2,,,,,0,3,3,5,,,,lauren,"['l', 'a', 'u', 'r', 'e', 'n']","[3.5185014000162482, 3.7679929127916694, 3.918300849851221, 4.151534469798207, 4.218272913713008, 4.418133119121194]",[3.51850,3.51850,4,3,1,2019_May_31_1423,FaceNameControl_Picture&Audio,3.0.4,59.73270436,
101,FacesBlock3.xlsx,Lauren.mp4,Lauren.JPG,Lauren,35,videoFrameLauren.png,0,3,3,2,0,10,10,5,,,,,0,2,0.186196178,,,,,,,3,1,2019_May_31_1423,FaceNameControl_Picture&Audio,3.0.4,59.73270436,
102,FacesBlock3.xlsx,Mark.mp4,Mark.JPG,Mark,36,videoFrameMark.png,0,3,3,2,0,11,11,6,,,,,1,1,0.252903603,,,,,,,3,1,2019_May_31_1423,FaceNameControl_Picture&Audio,3.0.4,59.73270436,
120,FacesBlock3.xlsx,Mark.mp4,Mark.JPG,Mark,36,videoFrameMark.png,0,3,3,2,,,,,0,14,14,6,,,,mark,"['m', 'a', 'r', 'k']","[1.7016025772318244, 1.918875606264919, 2.1852257503196597, 2.5017824261449277]",[1.70160,1.70160,3,3,1,2019_May_31_1423,FaceNameControl_Picture&Audio,3.0.4,59.73270436,
39,FacesBlock1.xlsx,Matthew.mp4,Matthew.JPG,Matthew,12,videoFrameMatthew.png,0,1,1,0,0,8,8,12,,,,,0,1,0.335864291,,,,,,,3,1,2019_May_31_1423,FaceNameControl_Picture&Audio,3.0.4,59.73270436,
59,FacesBlock1.xlsx,Matthew.mp4,Matthew.JPG,Matthew,12,videoFrameMatthew.png,0,1,1,0,,,,,0,13,13,12,,,,greg,"['g', 'r', 'e', 'g']","[2.0522658498957753, 2.1520702578127384, 2.2847700007259846, 2.4515273137949407]",[2.05226,2.05226,1,3,1,2019_May_31_1423,FaceNameControl_Picture&Audio,3.0.4,59.73270436,
86,FacesBlock2.xlsx,Megan.mp4,Megan.JPG,Megan,25,videoFrameMegan.png,0,2,2,1,,,,,0,10,10,10,,,,bethany,"['b', 'e', 't', 'h', 'e', 'n', 'y', 'backspace', 'backspace', 'backspace', 'a', 'n', 'y']","[3.2848629662767053, 3.5520452461205423, 3.851653439924121, 3.968714576214552, 4.201184062287211, 4.2846234501339495, 4.568288037087768, 5.766705844085664, 5.950314939022064, 6.117347625084221, 6.884119003079832, 7.084173484239727, 7.334161382168531]",[3.28486,3.28486,1,3,1,2019_May_31_1423,FaceNameControl_Picture&Audio,3.0.4,59.73270436,
71,FacesBlock2.xlsx,Megan.mp4,Megan.JPG,Megan,25,videoFrameMegan.png,0,2,2,1,0,10,10,10,,,,,0,2,0.536319749,,,,,,,3,1,2019_May_31_1423,FaceNameControl_Picture&Audio,3.0.4,59.73270436,
29,FacesBlock4.xlsx,Michael.mp4,Michael.JPG,Michael,57,videoFrameMichael.png,0,0,0,3,,,,,0,13,13,12,,,,dylan,"['d', 'y', 'l', 'a', 'n']","[1.9021751647815108, 2.21883075684309, 2.552192096132785, 2.8356205229647458, 3.15143204620108]",[1.90217,1.90217,1,3,1,2019_May_31_1423,FaceNameControl_Picture&Audio,3.0.4,59.73270436,
8,FacesBlock4.xlsx,Michael.mp4,Michael.JPG,Michael,57,videoFrameMichael.png,0,0,0,3,0,7,7,12,,,,,0,1,0.568887013,,,,,,,3,1,2019_May_31_1423,FaceNameControl_Picture&Audio,3.0.4,59.73270436,
25,FacesBlock4.xlsx,Michelle.mp4,Michelle.JPG,Michelle,58,videoFrameMichelle.png,0,0,0,3,,,,,0,9,9,13,,,,,None,,,,1,3,1,2019_May_31_1423,FaceNameControl_Picture&Audio,3.0.4,59.73270436,
9,FacesBlock4.xlsx,Michelle.mp4,Michelle.JPG,Michelle,58,videoFrameMichelle.png,0,0,0,3,0,8,8,13,,,,,1,2,0.552358127,,,,,,,3,1,2019_May_31_1423,FaceNameControl_Picture&Audio,3.0.4,59.73270436,
52,FacesBlock1.xlsx,Natalie.mp4,Natalie.JPG,Natalie,13,videoFrameNatalie.png,0,1,1,0,,,,,0,6,6,13,,,,jessica,"['j', 'e', 's', 's', 'i', 'c', 'a']","[2.8690796429291368, 3.101692507043481, 3.5015267026610672, 3.6851217788644135, 3.901574500836432, 4.051488225813955, 4.234665633644909]",[2.86907,2.86907,2,3,1,2019_May_31_1423,FaceNameControl_Picture&Audio,3.0.4,59.73270436,
38,FacesBlock1.xlsx,Natalie.mp4,Natalie.JPG,Natalie,13,videoFrameNatalie.png,0,1,1,0,0,7,7,13,,,,,0,2,0.436716747,,,,,,,3,1,2019_May_31_1423,FaceNameControl_Picture&Audio,3.0.4,59.73270436,
103,FacesBlock3.xlsx,Nathan.mp4,Nathan.JPG,Nathan,37,videoFrameNathan.png,0,3,3,2,0,12,12,7,,,,,1,1,0.252641039,,,,,,,3,1,2019_May_31_1423,FaceNameControl_Picture&Audio,3.0.4,59.73270436,
107,FacesBlock3.xlsx,Nathan.mp4,Nathan.JPG,Nathan,37,videoFrameNathan.png,0,3,3,2,,,,,0,1,1,7,,,,mark,"['m', 's', 'backspace', 'r', 'backspace', 'a', 'r', 'k']","[1.5025870921090245, 1.6186467222869396, 2.384864889085293, 2.818744095042348, 3.3347417418845, 3.6182594639249146, 4.0330355311743915, 4.284674011170864]",[1.50258,1.50258,1,3,1,2019_May_31_1423,FaceNameControl_Picture&Audio,3.0.4,59.73270436,
97,FacesBlock3.xlsx,Nicole.mp4,Nicole.JPG,Nicole,38,videoFrameNicole.png,0,3,3,2,0,6,6,8,,,,,1,2,0.320030455,,,,,,,3,1,2019_May_31_1423,FaceNameControl_Picture&Audio,3.0.4,59.73270436,
111,FacesBlock3.xlsx,Nicole.mp4,Nicole.JPG,Nicole,38,videoFrameNicole.png,0,3,3,2,,,,,0,5,5,8,,,,nicole,"['n', 'i', 'c', 'o', 'l', 'e']","[2.1350763756781816, 2.934582873713225, 3.184658446814865, 3.5011166678741574, 3.733984502032399, 3.867810433730483]",[2.13507,2.13507,4,3,1,2019_May_31_1423,FaceNameControl_Picture&Audio,3.0.4,59.73270436,
95,FacesBlock3.xlsx,Noah.mp4,Noah.JPG,Noah,39,videoFrameNoah.png,0,3,3,2,0,4,4,9,,,,,0,1,0.386552976,,,,,,,3,1,2019_May_31_1423,FaceNameControl_Picture&Audio,3.0.4,59.73270436,
114,FacesBlock3.xlsx,Noah.mp4,Noah.JPG,Noah,39,videoFrameNoah.png,0,3,3,2,,,,,0,8,8,9,,,,trevor,"['t', 'r', 'e', 'v', 'o', 'r']","[1.6179173151031137, 1.718133209273219, 1.9180838130414486, 2.1681937421672046, 2.501296923030168, 2.618008818011731]",[1.61791,1.61791,1,3,1,2019_May_31_1423,FaceNameControl_Picture&Audio,3.0.4,59.73270436,
98,FacesBlock3.xlsx,Olivia.mp4,Olivia.JPG,Olivia,40,videoFrameOlivia.png,0,3,3,2,0,7,7,10,,,,,1,2,0.302829981,,,,,,,3,1,2019_May_31_1423,FaceNameControl_Picture&Audio,3.0.4,59.73270436,
113,FacesBlock3.xlsx,Olivia.mp4,Olivia.JPG,Olivia,40,videoFrameOlivia.png,0,3,3,2,,,,,0,7,7,10,,,,olivia,"['o', 'l', 'i', 'v', 'i', 'a']","[1.352234560996294, 1.5855223592370749, 1.834896834101528, 2.101703492924571, 2.3022361090406775, 2.7330235661938787]",[1.35223,1.35223,4,3,1,2019_May_31_1423,FaceNameControl_Picture&Audio,3.0.4,59.73270436,
76,FacesBlock2.xlsx,Rachel.mp4,Rachel.JPG,Rachel,26,videoFrameRachel.png,0,2,2,1,,,,,0,0,0,11,,,,brittany,"['b', 'r', 'i', 't', 't', 'a', 'n', 'y']","[3.4013811866752803, 3.5679391738958657, 3.800409753806889, 4.082206135615706, 4.300972044002265, 5.016548853833228, 5.117189587559551, 5.399945983663201]",[3.40138,3.40138,2,3,1,2019_May_31_1423,FaceNameControl_Picture&Audio,3.0.4,59.73270436,
68,FacesBlock2.xlsx,Rachel.mp4,Rachel.JPG,Rachel,26,videoFrameRachel.png,0,2,2,1,0,7,7,11,,,,,1,2,0.335816974,,,,,,,3,1,2019_May_31_1423,FaceNameControl_Picture&Audio,3.0.4,59.73270436,
93,FacesBlock3.xlsx,Rebecca.mp4,Rebecca.JPG,Rebecca,41,videoFrameRebecca.png,0,3,3,2,0,2,2,11,,,,,1,1,0.352869576,,,,,,,3,1,2019_May_31_1423,FaceNameControl_Picture&Audio,3.0.4,59.73270436,
108,FacesBlock3.xlsx,Rebecca.mp4,Rebecca.JPG,Rebecca,41,videoFrameRebecca.png,0,3,3,2,,,,,0,2,2,11,,,,emma,"['e', 'm', 'm', 'a']","[3.1511839693412185, 3.516892809420824, 3.7335283029824495, 3.850898740347475]",[3.15118,3.15118,1,3,1,2019_May_31_1423,FaceNameControl_Picture&Audio,3.0.4,59.73270436,
119,FacesBlock3.xlsx,Sarah.mp4,Sarah.JPG,Sarah,42,videoFrameSarah.png,0,3,3,2,,,,,0,13,13,12,,,,,None,,,,1,3,1,2019_May_31_1423,FaceNameControl_Picture&Audio,3.0.4,59.73270436,
92,FacesBlock3.xlsx,Sarah.mp4,Sarah.JPG,Sarah,42,videoFrameSarah.png,0,3,3,2,0,1,1,12,,,,,0,2,0.335866748,,,,,,,3,1,2019_May_31_1423,FaceNameControl_Picture&Audio,3.0.4,59.73270436,
105,FacesBlock3.xlsx,Shelby.mp4,Shelby.JPG,Shelby,43,videoFrameShelby.png,0,3,3,2,0,14,14,13,,,,,1,2,0.336213318,,,,,,,3,1,2019_May_31_1423,FaceNameControl_Picture&Audio,3.0.4,59.73270436,
117,FacesBlock3.xlsx,Shelby.mp4,Shelby.JPG,Shelby,43,videoFrameShelby.png,0,3,3,2,,,,,0,11,11,13,,,,shelby,"['s', 'h', 'e', 'l', 'b', 'y']","[0.9694118099287152, 1.1524148811586201, 1.4856174890883267, 1.652175819966942, 1.9689002870582044, 2.11873767292127]",[0.96941,0.96941,4,3,1,2019_May_31_1423,FaceNameControl_Picture&Audio,3.0.4,59.73270436,
84,FacesBlock2.xlsx,Steven.mp4,Steven.JPG,Steven,27,videoFrameSteven.png,0,2,2,1,,,,,0,8,8,12,,,,brandon,"['b', 'r', 'a', 'n', 'd', 'o', 'n']","[7.666573142167181, 7.8157841940410435, 8.26594573399052, 8.482082398142666, 8.715885503217578, 8.830764779821038, 8.9653764301911]",[7.66657,7.66657,1,3,1,2019_May_31_1423,FaceNameControl_Picture&Audio,3.0.4,59.73270436,
67,FacesBlock2.xlsx,Steven.mp4,Steven.JPG,Steven,27,videoFrameSteven.png,0,2,2,1,0,6,6,12,,,,,0,2,0.269149841,,,,,,,3,1,2019_May_31_1423,FaceNameControl_Picture&Audio,3.0.4,59.73270436,
23,FacesBlock4.xlsx,Taylor.mp4,Taylor.JPG,Taylor,59,videoFrameTaylor.png,0,0,0,3,,,,,0,7,7,14,,,,maria,"['m', 'a', 'r', 'i', 'e', 'backspace', 'a']","[3.6685594338923693, 3.86821528384462, 4.151198850944638, 4.451729771215469, 4.61841230513528, 5.566900946199894, 6.200202111154795]",[3.66855,3.66855,3,3,1,2019_May_31_1423,FaceNameControl_Picture&Audio,3.0.4,59.73270436,
3,FacesBlock4.xlsx,Taylor.mp4,Taylor.JPG,Taylor,59,videoFrameTaylor.png,0,0,0,3,0,2,2,14,,,,,0,2,0.502862583,,,,,,,3,1,2019_May_31_1423,FaceNameControl_Picture&Audio,3.0.4,59.73270436,
99,FacesBlock3.xlsx,Thomas.mp4,Thomas.JPG,Thomas,44,videoFrameThomas.png,0,3,3,2,0,8,8,14,,,,,0,1,0.16967982,,,,,,,3,1,2019_May_31_1423,FaceNameControl_Picture&Audio,3.0.4,59.73270436,
116,FacesBlock3.xlsx,Thomas.mp4,Thomas.JPG,Thomas,44,videoFrameThomas.png,0,3,3,2,,,,,0,10,10,14,,,,sam,"['d', 'a', 'backspace', 'backspace', 's', 'a', 'm']","[2.285333137959242, 2.568106162827462, 4.31703142169863, 4.884029974695295, 8.516650354955345, 8.766803559847176, 9.481365235056728]",[2.28533,2.28533,1,3,1,2019_May_31_1423,FaceNameControl_Picture&Audio,3.0.4,59.73270436,
49,FacesBlock1.xlsx,Timothy.mp4,Timothy.JPG,Timothy,14,videoFrameTimothy.png,0,1,1,0,,,,,0,3,3,14,,,,,None,,,,1,3,1,2019_May_31_1423,FaceNameControl_Picture&Audio,3.0.4,59.73270436,
34,FacesBlock1.xlsx,Timothy.mp4,Timothy.JPG,Timothy,14,videoFrameTimothy.png,0,1,1,0,0,3,3,14,,,,,1,1,0.702862128,,,,,,,3,1,2019_May_31_1423,FaceNameControl_Picture&Audio,3.0.4,59.73270436,
85,FacesBlock2.xlsx,Trevor.mp4,Trevor.JPG,Trevor,28,videoFrameTrevor.png,0,2,2,1,,,,,0,9,9,13,,,,trevor,"['t', 'r', 'e', 'v', 'o', 'r']","[1.6518928948789835, 1.8012704909779131, 2.118141801096499, 2.367849607951939, 2.5349488551728427, 2.6846721251495183]",[1.65189,1.65189,4,3,1,2019_May_31_1423,FaceNameControl_Picture&Audio,3.0.4,59.73270436,
72,FacesBlock2.xlsx,Trevor.mp4,Trevor.JPG,Trevor,28,videoFrameTrevor.png,0,2,2,1,0,11,11,13,,,,,1,1,0.252631433,,,,,,,3,1,2019_May_31_1423,FaceNameControl_Picture&Audio,3.0.4,59.73270436,
70,FacesBlock2.xlsx,Tyler.mp4,Tyler.JPG,Tyler,29,videoFrameTyler.png,0,2,2,1,0,9,9,14,,,,,1,1,0.269741529,,,,,,,3,1,2019_May_31_1423,FaceNameControl_Picture&Audio,3.0.4,59.73270436,
89,FacesBlock2.xlsx,Tyler.mp4,Tyler.JPG,Tyler,29,videoFrameTyler.png,0,2,2,1,,,,,0,13,13,14,,,,,None,,,,1,3,1,2019_May_31_1423,FaceNameControl_Picture&Audio,3.0.4,59.73270436,
0,,,,,,,,,,,,,,,,,,,,,,,,,,,,3,1,2019_May_31_1423,FaceNameControl_Picture&Audio,3.0.4,59.73270436,
121,,,,,,,,,,,,,,,,,,,,,,,,,,,,3,1,2019_May_31_1423,FaceNameControl_Picture&Audio,3.0.4,59.73270436,