,condsFile,Video,Photo,Name,Row,videoFrame,blocks.thisRepN,blocks.thisTrialN,blocks.thisN,blocks.thisIndex,presentations.thisRepN,presentations.thisTrialN,presentations.thisN,presentations.thisIndex,testing.thisRepN,testing.thisTrialN,testing.thisN,testing.thisIndex,currentCond,judgementResp.keys,judgementResp.rt,inputText,key_resp_3.keys,rating_resp.keys,key_resp_3.rt,,key_resp3_fin,participant,session,date,expName,psychopyVersion,frameRate,Unnamed: 31
118,FacesBlock2.xlsx,Aaron.mp4,Aaron.JPG,Aaron,15,videoFrameAaron.png,0,3,3,1,,,,,0,12,12,0,,,,Aaron,"['lshift', 'a', 'a', 'r', 'o', 'n']",4,"[1.7649395379703492, 1.9671359050553292, 2.473466415889561, 2.7432086130138487, 2.932005037087947, 3.16713502490893]",[1.76493,1.76493,40,1,2019_Oct_16_1600,FaceNameControl_Picture&Audio,3.0.4,84.97452937,
95,FacesBlock2.xlsx,Aaron.mp4,Aaron.JPG,Aaron,15,videoFrameAaron.png,0,3,3,1,0,4,4,0,,,,,1,1,0.555184029,,,,,,,40,1,2019_Oct_16_1600,FaceNameControl_Picture&Audio,3.0.4,84.97452937,
43,FacesBlock1.xlsx,Adam.mp4,Adam.JPG,Adam,0,videoFrameAdam.png,0,1,1,0,0,12,12,0,,,,,1,1,0.778757476,,,,,,,40,1,2019_Oct_16_1600,FaceNameControl_Picture&Audio,3.0.4,84.97452937,
46,FacesBlock1.xlsx,Adam.mp4,Adam.JPG,Adam,0,videoFrameAdam.png,0,1,1,0,,,,,0,0,0,0,,,,Adam,"['lshift', 'a', 'lshift', 'd', 'a', 'm', 'backspace', 'backspace', 'backspace', 'd', 'a', 'm']",4,"[2.4003032320179045, 2.648598999949172, 2.682129143970087, 3.22472406597808, 3.4485559870954603, 3.624909005127847, 4.224708039080724, 4.401076697045937, 4.5429864570032805, 5.213854467030615, 5.307350588031113, 5.495842488016933]",[2.40030,2.40030,40,1,2019_Oct_16_1600,FaceNameControl_Picture&Audio,3.0.4,84.97452937,
78,FacesBlock4.xlsx,Alyssa.mp4,Alyssa.JPG,Alyssa,45,videoFrameAlyssa.png,0,2,2,3,,,,,0,2,2,0,,,,,['lshift'],1,[9.91812871210277],[9.91812,9.91812,40,1,2019_Oct_16_1600,FaceNameControl_Picture&Audio,3.0.4,84.97452937,
75,FacesBlock4.xlsx,Alyssa.mp4,Alyssa.JPG,Alyssa,45,videoFrameAlyssa.png,0,2,2,3,0,14,14,0,,,,,1,2,1.356078082,,,,,,,40,1,2019_Oct_16_1600,FaceNameControl_Picture&Audio,3.0.4,84.97452937,
57,FacesBlock1.xlsx,Amanda.mp4,Amanda.JPG,Amanda,1,videoFrameAmanda.png,0,1,1,0,,,,,0,11,11,1,,,,,None,1,,,,40,1,2019_Oct_16_1600,FaceNameControl_Picture&Audio,3.0.4,84.97452937,
35,FacesBlock1.xlsx,Amanda.mp4,Amanda.JPG,Amanda,1,videoFrameAmanda.png,0,1,1,0,0,4,4,1,,,,,1,2,0.603190118,,,,,,,40,1,2019_Oct_16_1600,FaceNameControl_Picture&Audio,3.0.4,84.97452937,
81,FacesBlock4.xlsx,Andrew.mp4,Andrew.JPG,Andrew,46,videoFrameAndrew.png,0,2,2,3,,,,,0,5,5,1,,,,Andrew,"['lshift', 'a', 'n', 'd', 'r', 'e', 'w']",4,"[2.495170956943184, 2.6494353199377656, 2.872706144815311, 3.1561933299526572, 3.4021139468532056, 3.602397872833535, 3.849955014884472]",[2.49517,2.49517,40,1,2019_Oct_16_1600,FaceNameControl_Picture&Audio,3.0.4,84.97452937,
73,FacesBlock4.xlsx,Andrew.mp4,Andrew.JPG,Andrew,46,videoFrameAndrew.png,0,2,2,3,0,12,12,1,,,,,1,1,1.579081988,,,,,,,40,1,2019_Oct_16_1600,FaceNameControl_Picture&Audio,3.0.4,84.97452937,
69,FacesBlock4.xlsx,Anna.mp4,Anna.JPG,Anna,47,videoFrameAnna.png,0,2,2,3,0,8,8,2,,,,,0,2,1.556112405,,,,,,,40,1,2019_Oct_16_1600,FaceNameControl_Picture&Audio,3.0.4,84.97452937,
89,FacesBlock4.xlsx,Anna.mp4,Anna.JPG,Anna,47,videoFrameAnna.png,0,2,2,3,,,,,0,13,13,2,,,,,None,1,,,,40,1,2019_Oct_16_1600,FaceNameControl_Picture&Audio,3.0.4,84.97452937,
109,FacesBlock2.xlsx,Ashley.mp4,Ashley.JPG,Ashley,16,videoFrameAshley.png,0,3,3,1,,,,,0,3,3,1,,,,Emma,"['lshift', 'e', 'm', 'm', 'a']",2,"[7.176916339900345, 7.413968107895926, 7.884154191007838, 8.070805979892612, 8.190512561937794]",[7.17691,7.17691,40,1,2019_Oct_16_1600,FaceNameControl_Picture&Audio,3.0.4,84.97452937,
94,FacesBlock2.xlsx,Ashley.mp4,Ashley.JPG,Ashley,16,videoFrameAshley.png,0,3,3,1,0,3,3,1,,,,,0,2,1.320388145,,,,,,,40,1,2019_Oct_16_1600,FaceNameControl_Picture&Audio,3.0.4,84.97452937,
53,FacesBlock1.xlsx,Bradley.mp4,Bradley.JPG,Bradley,2,videoFrameBradley.png,0,1,1,0,,,,,0,7,7,2,,,,Bradley,"['lshift', 'b', 'r', 'a', 'd', 'l', 'e', 'y']",4,"[1.6132671020459384, 1.8028073841705918, 2.1087395171634853, 2.4124445361085236, 2.6257697690743953, 2.7884980379603803, 2.9205131460912526, 3.579552434151992]",[1.61326,1.61326,40,1,2019_Oct_16_1600,FaceNameControl_Picture&Audio,3.0.4,84.97452937,
31,FacesBlock1.xlsx,Bradley.mp4,Bradley.JPG,Bradley,2,videoFrameBradley.png,0,1,1,0,0,0,0,2,,,,,1,1,2.956395672,,,,,,,40,1,2019_Oct_16_1600,FaceNameControl_Picture&Audio,3.0.4,84.97452937,
85,FacesBlock4.xlsx,Brandon.mp4,Brandon.JPG,Brandon,48,videoFrameBrandon.png,0,2,2,3,,,,,0,9,9,3,,,,,None,1,,,,40,1,2019_Oct_16_1600,FaceNameControl_Picture&Audio,3.0.4,84.97452937,
62,FacesBlock4.xlsx,Brandon.mp4,Brandon.JPG,Brandon,48,videoFrameBrandon.png,0,2,2,3,0,1,1,3,,,,,1,1,1.697670626,,,,,,,40,1,2019_Oct_16_1600,FaceNameControl_Picture&Audio,3.0.4,84.97452937,
77,FacesBlock4.xlsx,Brian.mp4,Brian.JPG,Brian,49,videoFrameBrian.png,0,2,2,3,,,,,0,1,1,4,,,,Brian,"['lshift', 'b', 'r', 'i', 'a', 'n']",2,"[3.141779555939138, 3.2363450538832694, 4.884197994833812, 5.096335927955806, 5.8603254379704595, 6.283966775983572]",[3.14177,3.14177,40,1,2019_Oct_16_1600,FaceNameControl_Picture&Audio,3.0.4,84.97452937,
65,FacesBlock4.xlsx,Brian.mp4,Brian.JPG,Brian,49,videoFrameBrian.png,0,2,2,3,0,4,4,4,,,,,0,1,0.755815206,,,,,,,40,1,2019_Oct_16_1600,FaceNameControl_Picture&Audio,3.0.4,84.97452937,
72,FacesBlock4.xlsx,Brianna.mp4,Brianna.JPG,Brianna,50,videoFrameBrianna.png,0,2,2,3,0,11,11,5,,,,,0,2,0.685186909,,,,,,,40,1,2019_Oct_16_1600,FaceNameControl_Picture&Audio,3.0.4,84.97452937,
86,FacesBlock4.xlsx,Brianna.mp4,Brianna.JPG,Brianna,50,videoFrameBrianna.png,0,2,2,3,,,,,0,10,10,5,,,,Anna,"['lshift', 'a', 'n', 'n', 'a']",3,"[3.613352300832048, 3.802057574968785, 4.038112996844575, 4.2969119399785995, 4.450089374789968]",[3.61335,3.61335,40,1,2019_Oct_16_1600,FaceNameControl_Picture&Audio,3.0.4,84.97452937,
103,FacesBlock2.xlsx,Brittany.mp4,Brittany.JPG,Brittany,17,videoFrameBrittany.png,0,3,3,1,0,12,12,2,,,,,0,2,0.84946158,,,,,,,40,1,2019_Oct_16_1600,FaceNameControl_Picture&Audio,3.0.4,84.97452937,
114,FacesBlock2.xlsx,Brittany.mp4,Brittany.JPG,Brittany,17,videoFrameBrittany.png,0,3,3,1,,,,,0,8,8,2,,,,Rachel,"['lshift', 'r', 'a', 'c', 'h', 'e', 'l']",3,"[3.0715371989645064, 3.367441547801718, 3.5443445588462055, 3.7559780499432236, 3.88522847997956, 4.049456109991297, 4.296190230874345]",[3.07153,3.07153,40,1,2019_Oct_16_1600,FaceNameControl_Picture&Audio,3.0.4,84.97452937,
87,FacesBlock4.xlsx,Caleb.mp4,Caleb.JPG,Caleb,51,videoFrameCaleb.png,0,2,2,3,,,,,0,11,11,6,,,,,None,1,,,,40,1,2019_Oct_16_1600,FaceNameControl_Picture&Audio,3.0.4,84.97452937,
61,FacesBlock4.xlsx,Caleb.mp4,Caleb.JPG,Caleb,51,videoFrameCaleb.png,0,2,2,3,0,0,0,6,,,,,0,1,2.662111813,,,,,,,40,1,2019_Oct_16_1600,FaceNameControl_Picture&Audio,3.0.4,84.97452937,
98,FacesBlock2.xlsx,Cody.mp4,Cody.JPG,Cody,18,videoFrameCody.png,0,3,3,1,0,7,7,3,,,,,1,1,0.532472819,,,,,,,40,1,2019_Oct_16_1600,FaceNameControl_Picture&Audio,3.0.4,84.97452937,
112,FacesBlock2.xlsx,Cody.mp4,Cody.JPG,Cody,18,videoFrameCody.png,0,3,3,1,,,,,0,6,6,3,,,,Ryan,"['lshift', 'r', 'y', 'a', 'n']",2,"[5.671195530099794, 6.143672564998269, 6.8731075909454376, 7.167095470009372, 7.7670011629816145]",[5.67119,5.67119,40,1,2019_Oct_16_1600,FaceNameControl_Picture&Audio,3.0.4,84.97452937,
24,FacesBlock3.xlsx,Courtney.mp4,Courtney.JPG,Courtney,30,videoFrameCourtney.png,0,0,0,2,,,,,0,8,8,0,,,,Chloe,"['lshift', 'c', 'h', 'l', 'o', 'e']",2,"[5.070844665169716, 5.2606003920082, 5.613451797980815, 5.942097580060363, 6.142149863997474, 6.319340353133157]",[5.07084,5.07084,40,1,2019_Oct_16_1600,FaceNameControl_Picture&Audio,3.0.4,84.97452937,
4,FacesBlock3.xlsx,Courtney.mp4,Courtney.JPG,Courtney,30,videoFrameCourtney.png,0,0,0,2,0,3,3,0,,,,,1,2,0.955327274,,,,,,,40,1,2019_Oct_16_1600,FaceNameControl_Picture&Audio,3.0.4,84.97452937,
30,FacesBlock3.xlsx,Daniel.mp4,Daniel.JPG,Daniel,31,videoFrameDaniel.png,0,0,0,2,,,,,0,14,14,1,,,,Nathaniel,"['lshift', 'n', 'a', 't', 'h', 'a', 'n', 'i', 'e', 'l']",1,"[8.060484590940177, 8.202921845950186, 8.341545958071947, 8.50941363000311, 8.741753777023405, 8.83847017493099, 9.038163338089362, 9.261834295000881, 9.44923469494097, 9.614627700997517]",[8.06048,8.06048,40,1,2019_Oct_16_1600,FaceNameControl_Picture&Audio,3.0.4,84.97452937,
15,FacesBlock3.xlsx,Daniel.mp4,Daniel.JPG,Daniel,31,videoFrameDaniel.png,0,0,0,2,0,14,14,1,,,,,1,1,1.106194919,,,,,,,40,1,2019_Oct_16_1600,FaceNameControl_Picture&Audio,3.0.4,84.97452937,
44,FacesBlock1.xlsx,Danielle.mp4,Danielle.JPG,Danielle,3,videoFrameDanielle.png,0,1,1,0,0,13,13,3,,,,,0,2,0.611572785,,,,,,,40,1,2019_Oct_16_1600,FaceNameControl_Picture&Audio,3.0.4,84.97452937,
51,FacesBlock1.xlsx,Danielle.mp4,Danielle.JPG,Danielle,3,videoFrameDanielle.png,0,1,1,0,,,,,0,5,5,3,,,,Danielle,"['lshift', 'd', 'a', 'n', 'i', 'e', 'l', 'l', 'e']",4,"[4.3178031630814075, 4.507894634036347, 4.696449775015935, 4.813886923948303, 4.9903813758865, 5.178600094048306, 5.389558079885319, 5.5665107648819685, 5.694112330907956]",[4.31780,4.31780,40,1,2019_Oct_16_1600,FaceNameControl_Picture&Audio,3.0.4,84.97452937,
92,FacesBlock2.xlsx,David.mp4,David.JPG,David,19,videoFrameDavid.png,0,3,3,1,0,1,1,4,,,,,0,1,1.250028152,,,,,,,40,1,2019_Oct_16_1600,FaceNameControl_Picture&Audio,3.0.4,84.97452937,
117,FacesBlock2.xlsx,David.mp4,David.JPG,David,19,videoFrameDavid.png,0,3,3,1,,,,,0,11,11,4,,,,David,"['lshift', 'd', 'a', 'v', 'i', 'd']",3,"[5.507979675894603, 5.615263936808333, 5.779267804929987, 5.921070392942056, 6.214826691895723, 6.462088006781414]",[5.50797,5.50797,40,1,2019_Oct_16_1600,FaceNameControl_Picture&Audio,3.0.4,84.97452937,
79,FacesBlock4.xlsx,Dylan.mp4,Dylan.JPG,Dylan,52,videoFrameDylan.png,0,2,2,3,,,,,0,3,3,7,,,,Dylan,"['lshift', 'd', 'y', 'l', 'a', 'n']",3,"[2.9539696630090475, 3.6148398900404572, 3.9208734990097582, 4.225866416934878, 4.4144005249254405, 4.768106957897544]",[2.95396,2.95396,40,1,2019_Oct_16_1600,FaceNameControl_Picture&Audio,3.0.4,84.97452937,
71,FacesBlock4.xlsx,Dylan.mp4,Dylan.JPG,Dylan,52,videoFrameDylan.png,0,2,2,3,0,10,10,7,,,,,1,1,0.591100488,,,,,,,40,1,2019_Oct_16_1600,FaceNameControl_Picture&Audio,3.0.4,84.97452937,
63,FacesBlock4.xlsx,Emily.mp4,Emily.JPG,Emily,53,videoFrameEmily.png,0,2,2,3,0,2,2,8,,,,,0,2,1.391693025,,,,,,,40,1,2019_Oct_16_1600,FaceNameControl_Picture&Audio,3.0.4,84.97452937,
82,FacesBlock4.xlsx,Emily.mp4,Emily.JPG,Emily,53,videoFrameEmily.png,0,2,2,3,,,,,0,6,6,8,,,,Aly,"['lshift', 'a', 'l', 'y']",1,"[8.118332573911175, 8.51753972703591, 9.37856689398177, 9.894672472961247]",[8.11833,8.11833,40,1,2019_Oct_16_1600,FaceNameControl_Picture&Audio,3.0.4,84.97452937,
60,FacesBlock1.xlsx,Eric.mp4,Eric.JPG,Eric,4,videoFrameEric.png,0,1,1,0,,,,,0,14,14,4,,,,Eric,"['lshift', 'e', 'r', 'i', 'c']",3,"[3.719037947943434, 4.0027646399103105, 4.320426504826173, 4.6853110659867525, 7.237980306847021]",[3.71903,3.71903,40,1,2019_Oct_16_1600,FaceNameControl_Picture&Audio,3.0.4,84.97452937,
33,FacesBlock1.xlsx,Eric.mp4,Eric.JPG,Eric,4,videoFrameEric.png,0,1,1,0,0,2,2,4,,,,,1,1,0.555961141,,,,,,,40,1,2019_Oct_16_1600,FaceNameControl_Picture&Audio,3.0.4,84.97452937,
38,FacesBlock1.xlsx,Ethan.mp4,Ethan.JPG,Ethan,5,videoFrameEthan.png,0,1,1,0,0,7,7,5,,,,,0,1,0.921179779,,,,,,,40,1,2019_Oct_16_1600,FaceNameControl_Picture&Audio,3.0.4,84.97452937,
49,FacesBlock1.xlsx,Ethan.mp4,Ethan.JPG,Ethan,5,videoFrameEthan.png,0,1,1,0,,,,,0,3,3,5,,,,Matthew,"['lshift', 'm', 'a', 't', 't', 'h', 'e', 'w']",4,"[5.564813060918823, 5.707916314015165, 5.919364870991558, 6.283992629963905, 6.472459462005645, 6.636633749119937, 6.883526534074917, 7.131315865088254]",[5.56481,5.56481,40,1,2019_Oct_16_1600,FaceNameControl_Picture&Audio,3.0.4,84.97452937,
66,FacesBlock4.xlsx,Grace.mp4,Grace.JPG,Grace,54,videoFrameGrace.png,0,2,2,3,0,5,5,9,,,,,0,2,0.943991411,,,,,,,40,1,2019_Oct_16_1600,FaceNameControl_Picture&Audio,3.0.4,84.97452937,
88,FacesBlock4.xlsx,Grace.mp4,Grace.JPG,Grace,54,videoFrameGrace.png,0,2,2,3,,,,,0,12,12,9,,,,,None,1,,,,40,1,2019_Oct_16_1600,FaceNameControl_Picture&Audio,3.0.4,84.97452937,
105,FacesBlock2.xlsx,Haley.mp4,Haley.JPG,Haley,20,videoFrameHaley.png,0,3,3,1,0,14,14,5,,,,,0,2,1.332538803,,,,,,,40,1,2019_Oct_16_1600,FaceNameControl_Picture&Audio,3.0.4,84.97452937,
120,FacesBlock2.xlsx,Haley.mp4,Haley.JPG,Haley,20,videoFrameHaley.png,0,3,3,1,,,,,0,14,14,5,,,,,None,1,,,,40,1,2019_Oct_16_1600,FaceNameControl_Picture&Audio,3.0.4,84.97452937,
50,FacesBlock1.xlsx,Hannah.mp4,Hannah.JPG,Hannah,6,videoFrameHannah.png,0,1,1,0,,,,,0,4,4,6,,,,Hannah,"['lshift', 'h', 'a', 'n', 'n', 'a', 'h']",4,"[4.9296826659701765, 5.061035831924528, 5.24936970602721, 5.47270006290637, 5.614012461854145, 5.7544516150373966, 6.178032530937344]",[4.92968,4.92968,40,1,2019_Oct_16_1600,FaceNameControl_Picture&Audio,3.0.4,84.97452937,
32,FacesBlock1.xlsx,Hannah.mp4,Hannah.JPG,Hannah,6,videoFrameHannah.png,0,1,1,0,0,1,1,6,,,,,0,2,1.647904852,,,,,,,40,1,2019_Oct_16_1600,FaceNameControl_Picture&Audio,3.0.4,84.97452937,
91,FacesBlock2.xlsx,Heather.mp4,Heather.JPG,Heather,21,videoFrameHeather.png,0,3,3,1,0,0,0,6,,,,,1,2,1.792191173,,,,,,,40,1,2019_Oct_16_1600,FaceNameControl_Picture&Audio,3.0.4,84.97452937,
113,FacesBlock2.xlsx,Heather.mp4,Heather.JPG,Heather,21,videoFrameHeather.png,0,3,3,1,,,,,0,7,7,6,,,,Heather,"['lshift', 'h', 'e', 'a', 't', 'h', 'e', 'r']",4,"[3.2129059419967234, 3.3910063300281763, 3.614187370054424, 3.8376561130862683, 3.9194293420296162, 4.1192986080423, 4.24972486612387, 4.437539600068703]",[3.21290,3.21290,40,1,2019_Oct_16_1600,FaceNameControl_Picture&Audio,3.0.4,84.97452937,
7,FacesBlock3.xlsx,Jacob.mp4,Jacob.JPG,Jacob,32,videoFrameJacob.png,0,0,0,2,0,6,6,2,,,,,1,1,0.791097352,,,,,,,40,1,2019_Oct_16_1600,FaceNameControl_Picture&Audio,3.0.4,84.97452937,
20,FacesBlock3.xlsx,Jacob.mp4,Jacob.JPG,Jacob,32,videoFrameJacob.png,0,0,0,2,,,,,0,4,4,2,,,,jacob,"['j', 'a', 'c', 'o', 'b']",1,"[3.132212348980829, 3.3199895871803164, 3.648306949995458, 3.8620653750840575, 4.120875919004902]",[3.13221,3.13221,40,1,2019_Oct_16_1600,FaceNameControl_Picture&Audio,3.0.4,84.97452937,
80,FacesBlock4.xlsx,Jason.mp4,Jason.JPG,Jason,55,videoFrameJason.png,0,2,2,3,,,,,0,4,4,10,,,,,None,1,,,,40,1,2019_Oct_16_1600,FaceNameControl_Picture&Audio,3.0.4,84.97452937,
64,FacesBlock4.xlsx,Jason.mp4,Jason.JPG,Jason,55,videoFrameJason.png,0,2,2,3,0,3,3,10,,,,,0,1,0.66191365,,,,,,,40,1,2019_Oct_16_1600,FaceNameControl_Picture&Audio,3.0.4,84.97452937,
42,FacesBlock1.xlsx,Jenna.mp4,Jenna.JPG,Jenna,7,videoFrameJenna.png,0,1,1,0,0,11,11,7,,,,,1,2,1.532534375,,,,,,,40,1,2019_Oct_16_1600,FaceNameControl_Picture&Audio,3.0.4,84.97452937,
54,FacesBlock1.xlsx,Jenna.mp4,Jenna.JPG,Jenna,7,videoFrameJenna.png,0,1,1,0,,,,,0,8,8,7,,,,,None,1,,,,40,1,2019_Oct_16_1600,FaceNameControl_Picture&Audio,3.0.4,84.97452937,
96,FacesBlock2.xlsx,Jeremy.mp4,Jeremy.JPG,Jeremy,22,videoFrameJeremy.png,0,3,3,1,0,5,5,7,,,,,0,1,0.778742001,,,,,,,40,1,2019_Oct_16_1600,FaceNameControl_Picture&Audio,3.0.4,84.97452937,
110,FacesBlock2.xlsx,Jeremy.mp4,Jeremy.JPG,Jeremy,22,videoFrameJeremy.png,0,3,3,1,,,,,0,4,4,7,,,,Jeremy,"['lshift', 'j', 'e', 'r', 'e', 'm', 'y']",3,"[3.1191862190607935, 3.3680097649339586, 3.6383358160965145, 3.8380447619128972, 3.9790644419845194, 4.427092760102823, 4.64761040196754]",[3.11918,3.11918,40,1,2019_Oct_16_1600,FaceNameControl_Picture&Audio,3.0.4,84.97452937,
48,FacesBlock1.xlsx,Jessica.mp4,Jessica.JPG,Jessica,8,videoFrameJessica.png,0,1,1,0,,,,,0,2,2,8,,,,Hanna,"['lshift', 'h', 'a', 'n', 'n', 'a']",2,"[7.259882983984426, 7.5428332451265305, 7.7905770521610975, 8.037460127146915, 8.201888096984476, 8.319536527153105]",[7.25988,7.25988,40,1,2019_Oct_16_1600,FaceNameControl_Picture&Audio,3.0.4,84.97452937,
37,FacesBlock1.xlsx,Jessica.mp4,Jessica.JPG,Jessica,8,videoFrameJessica.png,0,1,1,0,0,6,6,8,,,,,1,2,0.44966791,,,,,,,40,1,2019_Oct_16_1600,FaceNameControl_Picture&Audio,3.0.4,84.97452937,
115,FacesBlock2.xlsx,Josh.mp4,Josh.JPG,Josh,23,videoFrameJosh.png,0,3,3,1,,,,,0,9,9,8,,,,Josh,"['lshift', 'j', 'o', 's', 'h']",4,"[2.1188117370475084, 2.308475360972807, 2.6618780200369656, 2.9556993199512362, 3.2377668579574674]",[2.11881,2.11881,40,1,2019_Oct_16_1600,FaceNameControl_Picture&Audio,3.0.4,84.97452937,
99,FacesBlock2.xlsx,Josh.mp4,Josh.JPG,Josh,23,videoFrameJosh.png,0,3,3,1,0,8,8,8,,,,,1,1,0.873796825,,,,,,,40,1,2019_Oct_16_1600,FaceNameControl_Picture&Audio,3.0.4,84.97452937,
36,FacesBlock1.xlsx,Julia.mp4,Julia.JPG,Julia,9,videoFrameJulia.png,0,1,1,0,0,5,5,9,,,,,0,2,1.02613725,,,,,,,40,1,2019_Oct_16_1600,FaceNameControl_Picture&Audio,3.0.4,84.97452937,
52,FacesBlock1.xlsx,Julia.mp4,Julia.JPG,Julia,9,videoFrameJulia.png,0,1,1,0,,,,,0,6,6,9,,,,Jenna,"['lshift', 'j', 'e', 'n', 'n', 'a']",4,"[2.188181651988998, 2.3430201560258865, 2.625878212042153, 2.8375259621534497, 3.0132175360340625, 3.189692263957113]",[2.18818,2.18818,40,1,2019_Oct_16_1600,FaceNameControl_Picture&Audio,3.0.4,84.97452937,
97,FacesBlock2.xlsx,Justin.mp4,Justin.JPG,Justin,24,videoFrameJustin.png,0,3,3,1,0,6,6,9,,,,,1,1,0.614037198,,,,,,,40,1,2019_Oct_16_1600,FaceNameControl_Picture&Audio,3.0.4,84.97452937,
107,FacesBlock2.xlsx,Justin.mp4,Justin.JPG,Justin,24,videoFrameJustin.png,0,3,3,1,,,,,0,1,1,9,,,,Mark,"['lshift', 'm', 'a', 'r', 'k']",1,"[3.578032693825662, 3.683195495977998, 3.883182874880731, 4.109053488820791, 4.3323658418376]",[3.57803,3.57803,40,1,2019_Oct_16_1600,FaceNameControl_Picture&Audio,3.0.4,84.97452937,
70,FacesBlock4.xlsx,Katie.mp4,Katie.JPG,Katie,56,videoFrameKatie.png,0,2,2,3,0,9,9,11,,,,,1,2,0.647518951,,,,,,,40,1,2019_Oct_16_1600,FaceNameControl_Picture&Audio,3.0.4,84.97452937,
90,FacesBlock4.xlsx,Katie.mp4,Katie.JPG,Katie,56,videoFrameKatie.png,0,2,2,3,,,,,0,14,14,11,,,,Katie,"['lshift', 'k', 'a', 't', 'i', 'e']",4,"[1.4840808380395174, 1.6742774520535022, 1.7426746559794992, 2.365609606029466, 2.591103846905753, 2.9657776199746877]",[1.48408,1.48408,40,1,2019_Oct_16_1600,FaceNameControl_Picture&Audio,3.0.4,84.97452937,
28,FacesBlock3.xlsx,Kayla.mp4,Kayla.JPG,Kayla,33,videoFrameKayla.png,0,0,0,2,,,,,0,12,12,3,,,,Caitlyn,"['lshift', 'c', 'a', 'i', 'r', 'backspace', 't', 'l', 'y', 'n']",3,"[3.0485496800392866, 3.226782565936446, 3.4142086738720536, 3.7321737590245903, 3.9913399040233344, 4.673104173969477, 5.297299628844485, 5.578973317053169, 5.968148109968752, 6.13209995185025]",[3.04854,3.04854,40,1,2019_Oct_16_1600,FaceNameControl_Picture&Audio,3.0.4,84.97452937,
14,FacesBlock3.xlsx,Kayla.mp4,Kayla.JPG,Kayla,33,videoFrameKayla.png,0,0,0,2,0,13,13,3,,,,,0,2,1.085589065,,,,,,,40,1,2019_Oct_16_1600,FaceNameControl_Picture&Audio,3.0.4,84.97452937,
58,FacesBlock1.xlsx,Kelsey.mp4,Kelsey.JPG,Kelsey,10,videoFrameKelsey.png,0,1,1,0,,,,,0,12,12,10,,,,Kelsey,"['lshift', 'k', 'e', 'l', 's', 'e', 'y']",4,"[1.8947428700048476, 2.01394522911869, 2.2490323120728135, 2.376450117910281, 2.578130865935236, 2.8019284401088953, 3.2022854269016534]",[1.89474,1.89474,40,1,2019_Oct_16_1600,FaceNameControl_Picture&Audio,3.0.4,84.97452937,
41,FacesBlock1.xlsx,Kelsey.mp4,Kelsey.JPG,Kelsey,10,videoFrameKelsey.png,0,1,1,0,0,10,10,10,,,,,1,2,0.67404745,,,,,,,40,1,2019_Oct_16_1600,FaceNameControl_Picture&Audio,3.0.4,84.97452937,
25,FacesBlock3.xlsx,Kevin.mp4,Kevin.JPG,Kevin,34,videoFrameKevin.png,0,0,0,2,,,,,0,9,9,4,,,,Jack,"['lshift', 'j', 'a', 'c', 'k']",1,"[5.648618400096893, 5.814919381169602, 6.026322283083573, 6.250140801072121, 6.403249083086848]",[5.64861,5.64861,40,1,2019_Oct_16_1600,FaceNameControl_Picture&Audio,3.0.4,84.97452937,
3,FacesBlock3.xlsx,Kevin.mp4,Kevin.JPG,Kevin,34,videoFrameKevin.png,0,0,0,2,0,2,2,4,,,,,0,1,1.108384775,,,,,,,40,1,2019_Oct_16_1600,FaceNameControl_Picture&Audio,3.0.4,84.97452937,
55,FacesBlock1.xlsx,Kyle.mp4,Kyle.JPG,Kyle,11,videoFrameKyle.png,0,1,1,0,,,,,0,9,9,11,,,,Kyle,"['lshift', 'k', 'y', 'l', 'e']",4,"[2.9896322791464627, 3.1316732850391418, 3.485177884111181, 4.061338796978816, 4.273070003138855]",[2.98963,2.98963,40,1,2019_Oct_16_1600,FaceNameControl_Picture&Audio,3.0.4,84.97452937,
45,FacesBlock1.xlsx,Kyle.mp4,Kyle.JPG,Kyle,11,videoFrameKyle.png,0,1,1,0,0,14,14,11,,,,,1,1,0.591392303,,,,,,,40,1,2019_Oct_16_1600,FaceNameControl_Picture&Audio,3.0.4,84.97452937,
8,FacesBlock3.xlsx,Lauren.mp4,Lauren.JPG,Lauren,35,videoFrameLauren.png,0,0,0,2,0,7,7,5,,,,,0,2,0.767957669,,,,,,,40,1,2019_Oct_16_1600,FaceNameControl_Picture&Audio,3.0.4,84.97452937,
29,FacesBlock3.xlsx,Lauren.mp4,Lauren.JPG,Lauren,35,videoFrameLauren.png,0,0,0,2,,,,,0,13,13,5,,,,,None,1,,,,40,1,2019_Oct_16_1600,FaceNameControl_Picture&Audio,3.0.4,84.97452937,
27,FacesBlock3.xlsx,Mark.mp4,Mark.JPG,Mark,36,videoFrameMark.png,0,0,0,2,,,,,0,11,11,6,,,,Mark,"['lshift', 'm', 'a', 'r', 'k']",2,"[6.435470730066299, 6.543262192048132, 8.143686966970563, 8.343945221975446, 8.53197660902515]",[6.43547,6.43547,40,1,2019_Oct_16_1600,FaceNameControl_Picture&Audio,3.0.4,84.97452937,
11,FacesBlock3.xlsx,Mark.mp4,Mark.JPG,Mark,36,videoFrameMark.png,0,0,0,2,0,10,10,6,,,,,1,1,1.025873492,,,,,,,40,1,2019_Oct_16_1600,FaceNameControl_Picture&Audio,3.0.4,84.97452937,
39,FacesBlock1.xlsx,Matthew.mp4,Matthew.JPG,Matthew,12,videoFrameMatthew.png,0,1,1,0,0,8,8,12,,,,,0,1,1.250685355,,,,,,,40,1,2019_Oct_16_1600,FaceNameControl_Picture&Audio,3.0.4,84.97452937,
47,FacesBlock1.xlsx,Matthew.mp4,Matthew.JPG,Matthew,12,videoFrameMatthew.png,0,1,1,0,,,,,0,1,1,12,,,,Matthew,"['lshift', 'm', 'a', 't', 't', 'h', 'e', 'w']",2,"[5.448928429046646, 5.5557032350916415, 5.7317897360771894, 6.096158429048955, 6.343517492990941, 6.579152110032737, 7.15548684517853, 7.379400216974318]",[5.44892,5.44892,40,1,2019_Oct_16_1600,FaceNameControl_Picture&Audio,3.0.4,84.97452937,
102,FacesBlock2.xlsx,Megan.mp4,Megan.JPG,Megan,25,videoFrameMegan.png,0,3,3,1,0,11,11,10,,,,,1,2,1.073764442,,,,,,,40,1,2019_Oct_16_1600,FaceNameControl_Picture&Audio,3.0.4,84.97452937,
116,FacesBlock2.xlsx,Megan.mp4,Megan.JPG,Megan,25,videoFrameMegan.png,0,3,3,1,,,,,0,10,10,10,,,,Claire,"['lshift', 'c', 'l', 'a', 'i', 'r', 'e']",2,"[3.5063488599844277, 3.9190662959590554, 4.930525379022583, 5.18999472912401, 5.424300386104733, 5.719196858117357, 5.942723707994446]",[3.50634,3.50634,40,1,2019_Oct_16_1600,FaceNameControl_Picture&Audio,3.0.4,84.97452937,
67,FacesBlock4.xlsx,Michael.mp4,Michael.JPG,Michael,57,videoFrameMichael.png,0,2,2,3,0,6,6,12,,,,,1,1,0.885242481,,,,,,,40,1,2019_Oct_16_1600,FaceNameControl_Picture&Audio,3.0.4,84.97452937,
83,FacesBlock4.xlsx,Michael.mp4,Michael.JPG,Michael,57,videoFrameMichael.png,0,2,2,3,,,,,0,7,7,12,,,,,None,1,,,,40,1,2019_Oct_16_1600,FaceNameControl_Picture&Audio,3.0.4,84.97452937,
84,FacesBlock4.xlsx,Michelle.mp4,Michelle.JPG,Michelle,58,videoFrameMichelle.png,0,2,2,3,,,,,0,8,8,13,,,,,"['lshift', 'a', 'n', 'backspace', 'backspace']",1,"[4.752949732821435, 5.037008833838627, 5.62563192890957, 7.048554062843323, 7.306891695829108]",[4.75294,4.75294,40,1,2019_Oct_16_1600,FaceNameControl_Picture&Audio,3.0.4,84.97452937,
68,FacesBlock4.xlsx,Michelle.mp4,Michelle.JPG,Michelle,58,videoFrameMichelle.png,0,2,2,3,0,7,7,13,,,,,1,2,0.80293844,,,,,,,40,1,2019_Oct_16_1600,FaceNameControl_Picture&Audio,3.0.4,84.97452937,
59,FacesBlock1.xlsx,Natalie.mp4,Natalie.JPG,Natalie,13,videoFrameNatalie.png,0,1,1,0,,,,,0,13,13,13,,,,Amanda,"['lshift', 'a', 'm', 'a', 'n', 'd', 'a']",2,"[6.518497772049159, 6.660524168983102, 6.848984305048361, 6.97863502195105, 7.120012379949912, 7.273022206034511, 7.531323486939073]",[6.51849,6.51849,40,1,2019_Oct_16_1600,FaceNameControl_Picture&Audio,3.0.4,84.97452937,
40,FacesBlock1.xlsx,Natalie.mp4,Natalie.JPG,Natalie,13,videoFrameNatalie.png,0,1,1,0,0,9,9,13,,,,,0,2,1.308834652,,,,,,,40,1,2019_Oct_16_1600,FaceNameControl_Picture&Audio,3.0.4,84.97452937,
26,FacesBlock3.xlsx,Nathan.mp4,Nathan.JPG,Nathan,37,videoFrameNathan.png,0,0,0,2,,,,,0,10,10,7,,,,,None,1,,,,40,1,2019_Oct_16_1600,FaceNameControl_Picture&Audio,3.0.4,84.97452937,
6,FacesBlock3.xlsx,Nathan.mp4,Nathan.JPG,Nathan,37,videoFrameNathan.png,0,0,0,2,0,5,5,7,,,,,1,1,0.708843655,,,,,,,40,1,2019_Oct_16_1600,FaceNameControl_Picture&Audio,3.0.4,84.97452937,
12,FacesBlock3.xlsx,Nicole.mp4,Nicole.JPG,Nicole,38,videoFrameNicole.png,0,0,0,2,0,11,11,8,,,,,0,2,1.214840358,,,,,,,40,1,2019_Oct_16_1600,FaceNameControl_Picture&Audio,3.0.4,84.97452937,
16,FacesBlock3.xlsx,Nicole.mp4,Nicole.JPG,Nicole,38,videoFrameNicole.png,0,0,0,2,,,,,0,0,0,8,,,,,None,1,,,,40,1,2019_Oct_16_1600,FaceNameControl_Picture&Audio,3.0.4,84.97452937,
19,FacesBlock3.xlsx,Noah.mp4,Noah.JPG,Noah,39,videoFrameNoah.png,0,0,0,2,,,,,0,3,3,9,,,,nathan,"['n', 'a', 't', 'h', 'a', 'n']",1,"[2.4495995191391557, 2.658794817980379, 2.8259204369969666, 3.085693761939183, 3.238296027062461, 3.4026731259655207]",[2.44959,2.44959,40,1,2019_Oct_16_1600,FaceNameControl_Picture&Audio,3.0.4,84.97452937,
10,FacesBlock3.xlsx,Noah.mp4,Noah.JPG,Noah,39,videoFrameNoah.png,0,0,0,2,0,9,9,9,,,,,0,1,0.884559602,,,,,,,40,1,2019_Oct_16_1600,FaceNameControl_Picture&Audio,3.0.4,84.97452937,
2,FacesBlock3.xlsx,Olivia.mp4,Olivia.JPG,Olivia,40,videoFrameOlivia.png,0,0,0,2,0,1,1,10,,,,,1,2,0.885335159,,,,,,,40,1,2019_Oct_16_1600,FaceNameControl_Picture&Audio,3.0.4,84.97452937,
17,FacesBlock3.xlsx,Olivia.mp4,Olivia.JPG,Olivia,40,videoFrameOlivia.png,0,0,0,2,,,,,0,1,1,10,,,,courtney,"['c', 'o', 'u', 'r', 't', 'n', 'e', 'y']",3,"[5.203052080934867, 5.367475396022201, 6.284556615864858, 6.508357882965356, 6.731750474078581, 6.861549834953621, 7.014710851944983, 7.155563788022846]",[5.20305,5.20305,40,1,2019_Oct_16_1600,FaceNameControl_Picture&Audio,3.0.4,84.97452937,
104,FacesBlock2.xlsx,Rachel.mp4,Rachel.JPG,Rachel,26,videoFrameRachel.png,0,3,3,1,0,13,13,11,,,,,1,2,0.497623557,,,,,,,40,1,2019_Oct_16_1600,FaceNameControl_Picture&Audio,3.0.4,84.97452937,
111,FacesBlock2.xlsx,Rachel.mp4,Rachel.JPG,Rachel,26,videoFrameRachel.png,0,3,3,1,,,,,0,5,5,11,,,,,None,1,,,,40,1,2019_Oct_16_1600,FaceNameControl_Picture&Audio,3.0.4,84.97452937,
18,FacesBlock3.xlsx,Rebecca.mp4,Rebecca.JPG,Rebecca,41,videoFrameRebecca.png,0,0,0,2,,,,,0,2,2,11,,,,cai,"['c', 'a', 'i']",1,"[9.223862864077091, 9.544030925026163, 9.559645167086273]",[9.22386,9.22386,40,1,2019_Oct_16_1600,FaceNameControl_Picture&Audio,3.0.4,84.97452937,
13,FacesBlock3.xlsx,Rebecca.mp4,Rebecca.JPG,Rebecca,41,videoFrameRebecca.png,0,0,0,2,0,12,12,11,,,,,1,2,0.729898092,,,,,,,40,1,2019_Oct_16_1600,FaceNameControl_Picture&Audio,3.0.4,84.97452937,
9,FacesBlock3.xlsx,Sarah.mp4,Sarah.JPG,Sarah,42,videoFrameSarah.png,0,0,0,2,0,8,8,12,,,,,0,2,0.41400014,,,,,,,40,1,2019_Oct_16_1600,FaceNameControl_Picture&Audio,3.0.4,84.97452937,
21,FacesBlock3.xlsx,Sarah.mp4,Sarah.JPG,Sarah,42,videoFrameSarah.png,0,0,0,2,,,,,0,5,5,12,,,,caitlyn,"['c', 'a', 'i', 't', 'l', 'y', 'n']",2,"[5.047822583001107, 5.178911810042337, 5.332046987954527, 5.567178613971919, 5.767214638879523, 5.896653790026903, 6.12043198896572]",[5.04782,5.04782,40,1,2019_Oct_16_1600,FaceNameControl_Picture&Audio,3.0.4,84.97452937,
23,FacesBlock3.xlsx,Shelby.mp4,Shelby.JPG,Shelby,43,videoFrameShelby.png,0,0,0,2,,,,,0,7,7,13,,,,Shelby,"['lshift', 's', 'h', 'e', 'l', 'b', 'y']",4,"[1.648303102934733, 1.7901476970873773, 1.8964346691500396, 2.4965888620354235, 2.6965072460006922, 2.979133397107944, 3.2142318300902843]",[1.64830,1.64830,40,1,2019_Oct_16_1600,FaceNameControl_Picture&Audio,3.0.4,84.97452937,
5,FacesBlock3.xlsx,Shelby.mp4,Shelby.JPG,Shelby,43,videoFrameShelby.png,0,0,0,2,0,4,4,13,,,,,1,2,0.77914205,,,,,,,40,1,2019_Oct_16_1600,FaceNameControl_Picture&Audio,3.0.4,84.97452937,
108,FacesBlock2.xlsx,Steven.mp4,Steven.JPG,Steven,27,videoFrameSteven.png,0,3,3,1,,,,,0,2,2,12,,,,,None,1,,,,40,1,2019_Oct_16_1600,FaceNameControl_Picture&Audio,3.0.4,84.97452937,
93,FacesBlock2.xlsx,Steven.mp4,Steven.JPG,Steven,27,videoFrameSteven.png,0,3,3,1,0,2,2,12,,,,,0,1,0.873464769,,,,,,,40,1,2019_Oct_16_1600,FaceNameControl_Picture&Audio,3.0.4,84.97452937,
76,FacesBlock4.xlsx,Taylor.mp4,Taylor.JPG,Taylor,59,videoFrameTaylor.png,0,2,2,3,,,,,0,0,0,14,,,,Taylor,"['lshift', 't', 'a', 'y', 'l', 'o', 'r']",4,"[2.9188020199071616, 3.0742437848821282, 3.20064731198363, 3.4255760479718447, 3.7773055599536747, 3.9911625189706683, 4.567465038970113]",[2.91880,2.91880,40,1,2019_Oct_16_1600,FaceNameControl_Picture&Audio,3.0.4,84.97452937,
74,FacesBlock4.xlsx,Taylor.mp4,Taylor.JPG,Taylor,59,videoFrameTaylor.png,0,2,2,3,0,13,13,14,,,,,0,2,0.485370637,,,,,,,40,1,2019_Oct_16_1600,FaceNameControl_Picture&Audio,3.0.4,84.97452937,
1,FacesBlock3.xlsx,Thomas.mp4,Thomas.JPG,Thomas,44,videoFrameThomas.png,0,0,0,2,0,0,0,14,,,,,0,1,4.579543408,,,,,,,40,1,2019_Oct_16_1600,FaceNameControl_Picture&Audio,3.0.4,84.97452937,
22,FacesBlock3.xlsx,Thomas.mp4,Thomas.JPG,Thomas,44,videoFrameThomas.png,0,0,0,2,,,,,0,6,6,14,,,,daniel,"['d', 'a', 'a', 'backspace', 'n', 'i', 'e', 'l']",3,"[6.517818368040025, 6.6490932470187545, 6.685102371964604, 7.4842127109877765, 8.037760352017358, 8.260695215081796, 8.413822380127385, 9.237570646917447]",[6.51781,6.51781,40,1,2019_Oct_16_1600,FaceNameControl_Picture&Audio,3.0.4,84.97452937,
56,FacesBlock1.xlsx,Timothy.mp4,Timothy.JPG,Timothy,14,videoFrameTimothy.png,0,1,1,0,,,,,0,10,10,14,,,,,None,1,,,,40,1,2019_Oct_16_1600,FaceNameControl_Picture&Audio,3.0.4,84.97452937,
34,FacesBlock1.xlsx,Timothy.mp4,Timothy.JPG,Timothy,14,videoFrameTimothy.png,0,1,1,0,0,3,3,14,,,,,0,1,1.402956405,,,,,,,40,1,2019_Oct_16_1600,FaceNameControl_Picture&Audio,3.0.4,84.97452937,
106,FacesBlock2.xlsx,Trevor.mp4,Trevor.JPG,Trevor,28,videoFrameTrevor.png,0,3,3,1,,,,,0,0,0,13,,,,,None,1,,,,40,1,2019_Oct_16_1600,FaceNameControl_Picture&Audio,3.0.4,84.97452937,
101,FacesBlock2.xlsx,Trevor.mp4,Trevor.JPG,Trevor,28,videoFrameTrevor.png,0,3,3,1,0,10,10,13,,,,,0,1,0.390762388,,,,,,,40,1,2019_Oct_16_1600,FaceNameControl_Picture&Audio,3.0.4,84.97452937,
100,FacesBlock2.xlsx,Tyler.mp4,Tyler.JPG,Tyler,29,videoFrameTyler.png,0,3,3,1,0,9,9,14,,,,,0,1,1.791894048,,,,,,,40,1,2019_Oct_16_1600,FaceNameControl_Picture&Audio,3.0.4,84.97452937,
119,FacesBlock2.xlsx,Tyler.mp4,Tyler.JPG,Tyler,29,videoFrameTyler.png,0,3,3,1,,,,,0,13,13,14,,,,,None,1,,,,40,1,2019_Oct_16_1600,FaceNameControl_Picture&Audio,3.0.4,84.97452937,
0,,,,,,,,,,,,,,,,,,,,,,,,,,,,40,1,2019_Oct_16_1600,FaceNameControl_Picture&Audio,3.0.4,84.97452937,
121,,,,,,,,,,,,,,,,,,,,,,,,,,,,40,1,2019_Oct_16_1600,FaceNameControl_Picture&Audio,3.0.4,84.97452937,