,condsFile,Video,Photo,Name,Row,videoFrame,blocks.thisRepN,blocks.thisTrialN,blocks.thisN,blocks.thisIndex,presentations.thisRepN,presentations.thisTrialN,presentations.thisN,presentations.thisIndex,testing.thisRepN,testing.thisTrialN,testing.thisN,testing.thisIndex,currentCond,judgementResp.keys,judgementResp.rt,inputText,key_resp_3.keys,key_resp_3.rt,,key_resp3_fin,rating_resp.keys,participant,session,date,expName,psychopyVersion,frameRate,Unnamed: 31
55,FacesBlock2.xlsx,Aaron.mp4,Aaron.JPG,Aaron,15,videoFrameAaron.png,0,1,1,1,,,,,0,9,9,0,,,,,None,,,,1,41,1,2019_Oct_17_1107,FaceNameControl_Picture&Audio,3.0.4,85.10469546,
39,FacesBlock2.xlsx,Aaron.mp4,Aaron.JPG,Aaron,15,videoFrameAaron.png,0,1,1,1,0,8,8,0,,,,,0,1,1.215159609,,,,,,,41,1,2019_Oct_17_1107,FaceNameControl_Picture&Audio,3.0.4,85.10469546,
4,FacesBlock1.xlsx,Adam.mp4,Adam.JPG,Adam,0,videoFrameAdam.png,0,0,0,0,0,3,3,0,,,,,1,1,1.379808361,,,,,,,41,1,2019_Oct_17_1107,FaceNameControl_Picture&Audio,3.0.4,85.10469546,
26,FacesBlock1.xlsx,Adam.mp4,Adam.JPG,Adam,0,videoFrameAdam.png,0,0,0,0,,,,,0,10,10,0,,,,,None,,,,1,41,1,2019_Oct_17_1107,FaceNameControl_Picture&Audio,3.0.4,85.10469546,
101,FacesBlock4.xlsx,Alyssa.mp4,Alyssa.JPG,Alyssa,45,videoFrameAlyssa.png,0,3,3,3,0,10,10,0,,,,,0,2,1.176776587,,,,,,,41,1,2019_Oct_17_1107,FaceNameControl_Picture&Audio,3.0.4,85.10469546,
114,FacesBlock4.xlsx,Alyssa.mp4,Alyssa.JPG,Alyssa,45,videoFrameAlyssa.png,0,3,3,3,,,,,0,8,8,0,,,,,None,,,,1,41,1,2019_Oct_17_1107,FaceNameControl_Picture&Audio,3.0.4,85.10469546,
3,FacesBlock1.xlsx,Amanda.mp4,Amanda.JPG,Amanda,1,videoFrameAmanda.png,0,0,0,0,0,2,2,1,,,,,0,2,1.308633265,,,,,,,41,1,2019_Oct_17_1107,FaceNameControl_Picture&Audio,3.0.4,85.10469546,
30,FacesBlock1.xlsx,Amanda.mp4,Amanda.JPG,Amanda,1,videoFrameAmanda.png,0,0,0,0,,,,,0,14,14,1,,,,,None,,,,1,41,1,2019_Oct_17_1107,FaceNameControl_Picture&Audio,3.0.4,85.10469546,
119,FacesBlock4.xlsx,Andrew.mp4,Andrew.JPG,Andrew,46,videoFrameAndrew.png,0,3,3,3,,,,,0,13,13,1,,,,,None,,,,1,41,1,2019_Oct_17_1107,FaceNameControl_Picture&Audio,3.0.4,85.10469546,
98,FacesBlock4.xlsx,Andrew.mp4,Andrew.JPG,Andrew,46,videoFrameAndrew.png,0,3,3,3,0,7,7,1,,,,,0,1,0.3090301,,,,,,,41,1,2019_Oct_17_1107,FaceNameControl_Picture&Audio,3.0.4,85.10469546,
113,FacesBlock4.xlsx,Anna.mp4,Anna.JPG,Anna,47,videoFrameAnna.png,0,3,3,3,,,,,0,7,7,2,,,,,None,,,,1,41,1,2019_Oct_17_1107,FaceNameControl_Picture&Audio,3.0.4,85.10469546,
94,FacesBlock4.xlsx,Anna.mp4,Anna.JPG,Anna,47,videoFrameAnna.png,0,3,3,3,0,3,3,2,,,,,1,2,0.709475069,,,,,,,41,1,2019_Oct_17_1107,FaceNameControl_Picture&Audio,3.0.4,85.10469546,
58,FacesBlock2.xlsx,Ashley.mp4,Ashley.JPG,Ashley,16,videoFrameAshley.png,0,1,1,1,,,,,0,12,12,1,,,,Ashley,"['lshift', 'a', 's', 'h', 'l', 'e', 'y']","[4.000418650917709, 4.214664940955117, 4.532219708897173, 4.56749518099241, 5.34379867487587, 5.543975579086691, 5.720342296874151]",[4.00041,4.00041,2,41,1,2019_Oct_17_1107,FaceNameControl_Picture&Audio,3.0.4,85.10469546,
44,FacesBlock2.xlsx,Ashley.mp4,Ashley.JPG,Ashley,16,videoFrameAshley.png,0,1,1,1,0,13,13,1,,,,,0,2,0.976921013,,,,,,,41,1,2019_Oct_17_1107,FaceNameControl_Picture&Audio,3.0.4,85.10469546,
6,FacesBlock1.xlsx,Bradley.mp4,Bradley.JPG,Bradley,2,videoFrameBradley.png,0,0,0,0,0,5,5,2,,,,,1,1,1.955987615,,,,,,,41,1,2019_Oct_17_1107,FaceNameControl_Picture&Audio,3.0.4,85.10469546,
24,FacesBlock1.xlsx,Bradley.mp4,Bradley.JPG,Bradley,2,videoFrameBradley.png,0,0,0,0,,,,,0,8,8,2,,,,Bradley,"['lshift', 'b', 'r', 'a', 'd', 'l', 'e', 'y']","[1.7071295471396297, 1.8018812160007656, 2.07250396697782, 2.2140891109593213, 2.484683593036607, 3.143548160092905, 3.260924463160336, 3.472755310125649]",[1.70712,1.70712,3,41,1,2019_Oct_17_1107,FaceNameControl_Picture&Audio,3.0.4,85.10469546,
116,FacesBlock4.xlsx,Brandon.mp4,Brandon.JPG,Brandon,48,videoFrameBrandon.png,0,3,3,3,,,,,0,10,10,3,,,,,None,,,,1,41,1,2019_Oct_17_1107,FaceNameControl_Picture&Audio,3.0.4,85.10469546,
100,FacesBlock4.xlsx,Brandon.mp4,Brandon.JPG,Brandon,48,videoFrameBrandon.png,0,3,3,3,0,9,9,3,,,,,0,1,0.44453956,,,,,,,41,1,2019_Oct_17_1107,FaceNameControl_Picture&Audio,3.0.4,85.10469546,
111,FacesBlock4.xlsx,Brian.mp4,Brian.JPG,Brian,49,videoFrameBrian.png,0,3,3,3,,,,,0,5,5,4,,,,,None,,,,1,41,1,2019_Oct_17_1107,FaceNameControl_Picture&Audio,3.0.4,85.10469546,
93,FacesBlock4.xlsx,Brian.mp4,Brian.JPG,Brian,49,videoFrameBrian.png,0,3,3,3,0,2,2,4,,,,,1,1,1.450701716,,,,,,,41,1,2019_Oct_17_1107,FaceNameControl_Picture&Audio,3.0.4,85.10469546,
95,FacesBlock4.xlsx,Brianna.mp4,Brianna.JPG,Brianna,50,videoFrameBrianna.png,0,3,3,3,0,4,4,5,,,,,1,2,0.779987339,,,,,,,41,1,2019_Oct_17_1107,FaceNameControl_Picture&Audio,3.0.4,85.10469546,
106,FacesBlock4.xlsx,Brianna.mp4,Brianna.JPG,Brianna,50,videoFrameBrianna.png,0,3,3,3,,,,,0,0,0,5,,,,,None,,,,1,41,1,2019_Oct_17_1107,FaceNameControl_Picture&Audio,3.0.4,85.10469546,
54,FacesBlock2.xlsx,Brittany.mp4,Brittany.JPG,Brittany,17,videoFrameBrittany.png,0,1,1,1,,,,,0,8,8,2,,,,,None,,,,1,41,1,2019_Oct_17_1107,FaceNameControl_Picture&Audio,3.0.4,85.10469546,
35,FacesBlock2.xlsx,Brittany.mp4,Brittany.JPG,Brittany,17,videoFrameBrittany.png,0,1,1,1,0,4,4,2,,,,,1,2,0.920868194,,,,,,,41,1,2019_Oct_17_1107,FaceNameControl_Picture&Audio,3.0.4,85.10469546,
112,FacesBlock4.xlsx,Caleb.mp4,Caleb.JPG,Caleb,51,videoFrameCaleb.png,0,3,3,3,,,,,0,6,6,6,,,,,None,,,,1,41,1,2019_Oct_17_1107,FaceNameControl_Picture&Audio,3.0.4,85.10469546,
104,FacesBlock4.xlsx,Caleb.mp4,Caleb.JPG,Caleb,51,videoFrameCaleb.png,0,3,3,3,0,13,13,6,,,,,0,1,0.802898875,,,,,,,41,1,2019_Oct_17_1107,FaceNameControl_Picture&Audio,3.0.4,85.10469546,
60,FacesBlock2.xlsx,Cody.mp4,Cody.JPG,Cody,18,videoFrameCody.png,0,1,1,1,,,,,0,14,14,3,,,,,None,,,,1,41,1,2019_Oct_17_1107,FaceNameControl_Picture&Audio,3.0.4,85.10469546,
40,FacesBlock2.xlsx,Cody.mp4,Cody.JPG,Cody,18,videoFrameCody.png,0,1,1,1,0,9,9,3,,,,,1,1,0.908217048,,,,,,,41,1,2019_Oct_17_1107,FaceNameControl_Picture&Audio,3.0.4,85.10469546,
72,FacesBlock3.xlsx,Courtney.mp4,Courtney.JPG,Courtney,30,videoFrameCourtney.png,0,2,2,2,0,11,11,0,,,,,1,2,0.202844906,,,,,,,41,1,2019_Oct_17_1107,FaceNameControl_Picture&Audio,3.0.4,85.10469546,
80,FacesBlock3.xlsx,Courtney.mp4,Courtney.JPG,Courtney,30,videoFrameCourtney.png,0,2,2,2,,,,,0,4,4,0,,,,,None,,,,1,41,1,2019_Oct_17_1107,FaceNameControl_Picture&Audio,3.0.4,85.10469546,
74,FacesBlock3.xlsx,Daniel.mp4,Daniel.JPG,Daniel,31,videoFrameDaniel.png,0,2,2,2,0,13,13,1,,,,,0,1,0.709358325,,,,,,,41,1,2019_Oct_17_1107,FaceNameControl_Picture&Audio,3.0.4,85.10469546,
83,FacesBlock3.xlsx,Daniel.mp4,Daniel.JPG,Daniel,31,videoFrameDaniel.png,0,2,2,2,,,,,0,7,7,1,,,,,None,,,,1,41,1,2019_Oct_17_1107,FaceNameControl_Picture&Audio,3.0.4,85.10469546,
13,FacesBlock1.xlsx,Danielle.mp4,Danielle.JPG,Danielle,3,videoFrameDanielle.png,0,0,0,0,0,12,12,3,,,,,0,2,1.12050076,,,,,,,41,1,2019_Oct_17_1107,FaceNameControl_Picture&Audio,3.0.4,85.10469546,
21,FacesBlock1.xlsx,Danielle.mp4,Danielle.JPG,Danielle,3,videoFrameDanielle.png,0,0,0,0,,,,,0,5,5,3,,,,,None,,,,1,41,1,2019_Oct_17_1107,FaceNameControl_Picture&Audio,3.0.4,85.10469546,
31,FacesBlock2.xlsx,David.mp4,David.JPG,David,19,videoFrameDavid.png,0,1,1,1,0,0,0,4,,,,,1,1,2.720969093,,,,,,,41,1,2019_Oct_17_1107,FaceNameControl_Picture&Audio,3.0.4,85.10469546,
56,FacesBlock2.xlsx,David.mp4,David.JPG,David,19,videoFrameDavid.png,0,1,1,1,,,,,0,10,10,4,,,,Aaron,"['lshift', 'a', 'a', 'a', 'backspace', 'r', 'o', 'n']","[3.8826997689902782, 4.073244777042419, 4.202623423887417, 4.354859428945929, 5.096022883895785, 5.367252632975578, 5.626096878899261, 6.226095546036959]",[3.88269,3.88269,1,41,1,2019_Oct_17_1107,FaceNameControl_Picture&Audio,3.0.4,85.10469546,
117,FacesBlock4.xlsx,Dylan.mp4,Dylan.JPG,Dylan,52,videoFrameDylan.png,0,3,3,3,,,,,0,11,11,7,,,,,None,,,,1,41,1,2019_Oct_17_1107,FaceNameControl_Picture&Audio,3.0.4,85.10469546,
105,FacesBlock4.xlsx,Dylan.mp4,Dylan.JPG,Dylan,52,videoFrameDylan.png,0,3,3,3,0,14,14,7,,,,,1,1,0.932684099,,,,,,,41,1,2019_Oct_17_1107,FaceNameControl_Picture&Audio,3.0.4,85.10469546,
107,FacesBlock4.xlsx,Emily.mp4,Emily.JPG,Emily,53,videoFrameEmily.png,0,3,3,3,,,,,0,1,1,8,,,,Rebecca,"['lshift', 'r', 'e', 'b', 'e', 'c', 'c', 'a']","[3.0705896189901978, 3.191402178024873, 3.343724776059389, 3.8476592779625207, 3.9673091990407556, 4.143893717089668, 4.285047224955633, 4.355978794163093]",[3.07058,3.07058,1,41,1,2019_Oct_17_1107,FaceNameControl_Picture&Audio,3.0.4,85.10469546,
99,FacesBlock4.xlsx,Emily.mp4,Emily.JPG,Emily,53,videoFrameEmily.png,0,3,3,3,0,8,8,8,,,,,1,2,0.837946569,,,,,,,41,1,2019_Oct_17_1107,FaceNameControl_Picture&Audio,3.0.4,85.10469546,
2,FacesBlock1.xlsx,Eric.mp4,Eric.JPG,Eric,4,videoFrameEric.png,0,0,0,0,0,1,1,4,,,,,0,1,1.638446655,,,,,,,41,1,2019_Oct_17_1107,FaceNameControl_Picture&Audio,3.0.4,85.10469546,
27,FacesBlock1.xlsx,Eric.mp4,Eric.JPG,Eric,4,videoFrameEric.png,0,0,0,0,,,,,0,11,11,4,,,,Ethan,"['lshift', 'e', 't', 'h', 'a', 'n']","[4.189464770024642, 4.320121384924278, 4.68467767490074, 4.895920234033838, 6.47126359003596, 6.591043017106131]",[4.18946,4.18946,1,41,1,2019_Oct_17_1107,FaceNameControl_Picture&Audio,3.0.4,85.10469546,
10,FacesBlock1.xlsx,Ethan.mp4,Ethan.JPG,Ethan,5,videoFrameEthan.png,0,0,0,0,0,9,9,5,,,,,1,1,0.803031724,,,,,,,41,1,2019_Oct_17_1107,FaceNameControl_Picture&Audio,3.0.4,85.10469546,
29,FacesBlock1.xlsx,Ethan.mp4,Ethan.JPG,Ethan,5,videoFrameEthan.png,0,0,0,0,,,,,0,13,13,5,,,,,None,,,,1,41,1,2019_Oct_17_1107,FaceNameControl_Picture&Audio,3.0.4,85.10469546,
91,FacesBlock4.xlsx,Grace.mp4,Grace.JPG,Grace,54,videoFrameGrace.png,0,3,3,3,0,0,0,9,,,,,0,2,1.944620384,,,,,,,41,1,2019_Oct_17_1107,FaceNameControl_Picture&Audio,3.0.4,85.10469546,
109,FacesBlock4.xlsx,Grace.mp4,Grace.JPG,Grace,54,videoFrameGrace.png,0,3,3,3,,,,,0,3,3,9,,,,,None,,,,1,41,1,2019_Oct_17_1107,FaceNameControl_Picture&Audio,3.0.4,85.10469546,
45,FacesBlock2.xlsx,Haley.mp4,Haley.JPG,Haley,20,videoFrameHaley.png,0,1,1,1,0,14,14,5,,,,,1,2,1.003068563,,,,,,,41,1,2019_Oct_17_1107,FaceNameControl_Picture&Audio,3.0.4,85.10469546,
47,FacesBlock2.xlsx,Haley.mp4,Haley.JPG,Haley,20,videoFrameHaley.png,0,1,1,1,,,,,0,1,1,5,,,,Haley,"['lshift', 'h', 'a', 'l', 'e', 'e', 'e', 'y', 'backspace', 'backspace', 'backspace', 'y', 'return']","[1.6604711490217596, 1.7675129799172282, 1.9909870829433203, 2.1670528049580753, 2.7085414689499885, 2.766755234915763, 2.802569805877283, 2.920581918908283, 3.8139360519126058, 3.9672827790491283, 4.131302786991, 4.9319699730258435, 5.295586630934849]",[1.66047,1.66047,4,41,1,2019_Oct_17_1107,FaceNameControl_Picture&Audio,3.0.4,85.10469546,
25,FacesBlock1.xlsx,Hannah.mp4,Hannah.JPG,Hannah,6,videoFrameHannah.png,0,0,0,0,,,,,0,9,9,6,,,,,None,,,,1,41,1,2019_Oct_17_1107,FaceNameControl_Picture&Audio,3.0.4,85.10469546,
8,FacesBlock1.xlsx,Hannah.mp4,Hannah.JPG,Hannah,6,videoFrameHannah.png,0,0,0,0,0,7,7,6,,,,,1,2,0.791450872,,,,,,,41,1,2019_Oct_17_1107,FaceNameControl_Picture&Audio,3.0.4,85.10469546,
57,FacesBlock2.xlsx,Heather.mp4,Heather.JPG,Heather,21,videoFrameHeather.png,0,1,1,1,,,,,0,11,11,6,,,,,None,,,,1,41,1,2019_Oct_17_1107,FaceNameControl_Picture&Audio,3.0.4,85.10469546,
42,FacesBlock2.xlsx,Heather.mp4,Heather.JPG,Heather,21,videoFrameHeather.png,0,1,1,1,0,11,11,6,,,,,1,2,1.108759014,,,,,,,41,1,2019_Oct_17_1107,FaceNameControl_Picture&Audio,3.0.4,85.10469546,
82,FacesBlock3.xlsx,Jacob.mp4,Jacob.JPG,Jacob,32,videoFrameJacob.png,0,2,2,2,,,,,0,6,6,2,,,,,None,,,,1,41,1,2019_Oct_17_1107,FaceNameControl_Picture&Audio,3.0.4,85.10469546,
63,FacesBlock3.xlsx,Jacob.mp4,Jacob.JPG,Jacob,32,videoFrameJacob.png,0,2,2,2,0,2,2,2,,,,,1,1,0.591634702,,,,,,,41,1,2019_Oct_17_1107,FaceNameControl_Picture&Audio,3.0.4,85.10469546,
97,FacesBlock4.xlsx,Jason.mp4,Jason.JPG,Jason,55,videoFrameJason.png,0,3,3,3,0,6,6,10,,,,,1,1,0.944090198,,,,,,,41,1,2019_Oct_17_1107,FaceNameControl_Picture&Audio,3.0.4,85.10469546,
120,FacesBlock4.xlsx,Jason.mp4,Jason.JPG,Jason,55,videoFrameJason.png,0,3,3,3,,,,,0,14,14,10,,,,,None,,,,1,41,1,2019_Oct_17_1107,FaceNameControl_Picture&Audio,3.0.4,85.10469546,
11,FacesBlock1.xlsx,Jenna.mp4,Jenna.JPG,Jenna,7,videoFrameJenna.png,0,0,0,0,0,10,10,7,,,,,1,2,1.861913897,,,,,,,41,1,2019_Oct_17_1107,FaceNameControl_Picture&Audio,3.0.4,85.10469546,
18,FacesBlock1.xlsx,Jenna.mp4,Jenna.JPG,Jenna,7,videoFrameJenna.png,0,0,0,0,,,,,0,2,2,7,,,,,None,,,,1,41,1,2019_Oct_17_1107,FaceNameControl_Picture&Audio,3.0.4,85.10469546,
36,FacesBlock2.xlsx,Jeremy.mp4,Jeremy.JPG,Jeremy,22,videoFrameJeremy.png,0,1,1,1,0,5,5,7,,,,,1,1,0.227448043,,,,,,,41,1,2019_Oct_17_1107,FaceNameControl_Picture&Audio,3.0.4,85.10469546,
48,FacesBlock2.xlsx,Jeremy.mp4,Jeremy.JPG,Jeremy,22,videoFrameJeremy.png,0,1,1,1,,,,,0,2,2,7,,,,,None,,,,1,41,1,2019_Oct_17_1107,FaceNameControl_Picture&Audio,3.0.4,85.10469546,
5,FacesBlock1.xlsx,Jessica.mp4,Jessica.JPG,Jessica,8,videoFrameJessica.png,0,0,0,0,0,4,4,8,,,,,0,2,1.214580663,,,,,,,41,1,2019_Oct_17_1107,FaceNameControl_Picture&Audio,3.0.4,85.10469546,
16,FacesBlock1.xlsx,Jessica.mp4,Jessica.JPG,Jessica,8,videoFrameJessica.png,0,0,0,0,,,,,0,0,0,8,,,,Jessica ,"['lshift', 'j', 'e', 's', 's', 'i', 'c', 'a', 'return', 'space']","[4.024496901081875, 4.226800275966525, 4.814888816094026, 5.073249238077551, 5.273355942917988, 6.037735542980954, 6.1678565558977425, 6.485572661040351, 6.990406048949808, 8.483751475112513]",[4.02449,4.02449,1,41,1,2019_Oct_17_1107,FaceNameControl_Picture&Audio,3.0.4,85.10469546,
52,FacesBlock2.xlsx,Josh.mp4,Josh.JPG,Josh,23,videoFrameJosh.png,0,1,1,1,,,,,0,6,6,8,,,,Jason,"['lshift', 'j', 'a', 'i', 'backspace', 's', 'o', 'n']","[4.213546148035675, 4.379559419117868, 4.579645133111626, 5.085904052015394, 5.80221254308708, 5.9212725011166185, 6.203325533075258, 6.754034982062876]",[4.21354,4.21354,1,41,1,2019_Oct_17_1107,FaceNameControl_Picture&Audio,3.0.4,85.10469546,
37,FacesBlock2.xlsx,Josh.mp4,Josh.JPG,Josh,23,videoFrameJosh.png,0,1,1,1,0,6,6,8,,,,,0,1,0.968112662,,,,,,,41,1,2019_Oct_17_1107,FaceNameControl_Picture&Audio,3.0.4,85.10469546,
22,FacesBlock1.xlsx,Julia.mp4,Julia.JPG,Julia,9,videoFrameJulia.png,0,0,0,0,,,,,0,6,6,9,,,,Julia,"['lshift', 'j', 'u', 'l', 'i', 'a']","[3.989807797828689, 4.13297586585395, 4.308795535936952, 4.520824974868447, 4.709105437854305, 4.814937293995172]",[3.98980,3.98980,1,41,1,2019_Oct_17_1107,FaceNameControl_Picture&Audio,3.0.4,85.10469546,
9,FacesBlock1.xlsx,Julia.mp4,Julia.JPG,Julia,9,videoFrameJulia.png,0,0,0,0,0,8,8,9,,,,,0,2,0.544407747,,,,,,,41,1,2019_Oct_17_1107,FaceNameControl_Picture&Audio,3.0.4,85.10469546,
32,FacesBlock2.xlsx,Justin.mp4,Justin.JPG,Justin,24,videoFrameJustin.png,0,1,1,1,0,1,1,9,,,,,0,1,1.06171593,,,,,,,41,1,2019_Oct_17_1107,FaceNameControl_Picture&Audio,3.0.4,85.10469546,
53,FacesBlock2.xlsx,Justin.mp4,Justin.JPG,Justin,24,videoFrameJustin.png,0,1,1,1,,,,,0,7,7,9,,,,,None,,,,1,41,1,2019_Oct_17_1107,FaceNameControl_Picture&Audio,3.0.4,85.10469546,
96,FacesBlock4.xlsx,Katie.mp4,Katie.JPG,Katie,56,videoFrameKatie.png,0,3,3,3,0,5,5,11,,,,,0,2,1.026696732,,,,,,,41,1,2019_Oct_17_1107,FaceNameControl_Picture&Audio,3.0.4,85.10469546,
115,FacesBlock4.xlsx,Katie.mp4,Katie.JPG,Katie,56,videoFrameKatie.png,0,3,3,3,,,,,0,9,9,11,,,,,None,,,,1,41,1,2019_Oct_17_1107,FaceNameControl_Picture&Audio,3.0.4,85.10469546,
68,FacesBlock3.xlsx,Kayla.mp4,Kayla.JPG,Kayla,33,videoFrameKayla.png,0,2,2,2,0,7,7,3,,,,,1,2,0.743595452,,,,,,,41,1,2019_Oct_17_1107,FaceNameControl_Picture&Audio,3.0.4,85.10469546,
89,FacesBlock3.xlsx,Kayla.mp4,Kayla.JPG,Kayla,33,videoFrameKayla.png,0,2,2,2,,,,,0,13,13,3,,,,Kayla,"['lshift', 'j', 'y', 'backspace', 'backspace', 'lshift', 'k', 'a', 'y', 'l', 'a']","[2.9777833190746605, 3.1084562819451094, 3.331447581993416, 4.2117617931216955, 4.355258352123201, 4.530694019980729, 4.720267964992672, 4.955872725928202, 5.084934639977291, 5.332065348979086, 5.485124489059672]",[2.97778,2.97778,4,41,1,2019_Oct_17_1107,FaceNameControl_Picture&Audio,3.0.4,85.10469546,
19,FacesBlock1.xlsx,Kelsey.mp4,Kelsey.JPG,Kelsey,10,videoFrameKelsey.png,0,0,0,0,,,,,0,3,3,10,,,,,None,,,,1,41,1,2019_Oct_17_1107,FaceNameControl_Picture&Audio,3.0.4,85.10469546,
1,FacesBlock1.xlsx,Kelsey.mp4,Kelsey.JPG,Kelsey,10,videoFrameKelsey.png,0,0,0,0,0,0,0,10,,,,,0,2,5.436460422,,,,,,,41,1,2019_Oct_17_1107,FaceNameControl_Picture&Audio,3.0.4,85.10469546,
88,FacesBlock3.xlsx,Kevin.mp4,Kevin.JPG,Kevin,34,videoFrameKevin.png,0,2,2,2,,,,,0,12,12,4,,,,,None,,,,1,41,1,2019_Oct_17_1107,FaceNameControl_Picture&Audio,3.0.4,85.10469546,
73,FacesBlock3.xlsx,Kevin.mp4,Kevin.JPG,Kevin,34,videoFrameKevin.png,0,2,2,2,0,12,12,4,,,,,1,1,0.402498549,,,,,,,41,1,2019_Oct_17_1107,FaceNameControl_Picture&Audio,3.0.4,85.10469546,
15,FacesBlock1.xlsx,Kyle.mp4,Kyle.JPG,Kyle,11,videoFrameKyle.png,0,0,0,0,0,14,14,11,,,,,0,1,0.956514253,,,,,,,41,1,2019_Oct_17_1107,FaceNameControl_Picture&Audio,3.0.4,85.10469546,
28,FacesBlock1.xlsx,Kyle.mp4,Kyle.JPG,Kyle,11,videoFrameKyle.png,0,0,0,0,,,,,0,12,12,11,,,,1,['1'],[6.296302253147587],[6.29630,6.29630,1,41,1,2019_Oct_17_1107,FaceNameControl_Picture&Audio,3.0.4,85.10469546,
78,FacesBlock3.xlsx,Lauren.mp4,Lauren.JPG,Lauren,35,videoFrameLauren.png,0,2,2,2,,,,,0,2,2,5,,,,Nicole,"['lshift', 'n', 'i', 'c', 'o', 'l', 'e']","[3.000516542000696, 3.143896406982094, 3.3672826290130615, 3.508727370062843, 3.6610755941364914, 3.8380176860373467, 3.9438467680010945]",[3.00051,3.00051,2,41,1,2019_Oct_17_1107,FaceNameControl_Picture&Audio,3.0.4,85.10469546,
71,FacesBlock3.xlsx,Lauren.mp4,Lauren.JPG,Lauren,35,videoFrameLauren.png,0,2,2,2,0,10,10,5,,,,,1,2,0.53271626,,,,,,,41,1,2019_Oct_17_1107,FaceNameControl_Picture&Audio,3.0.4,85.10469546,
67,FacesBlock3.xlsx,Mark.mp4,Mark.JPG,Mark,36,videoFrameMark.png,0,2,2,2,0,6,6,6,,,,,0,1,0.908961865,,,,,,,41,1,2019_Oct_17_1107,FaceNameControl_Picture&Audio,3.0.4,85.10469546,
84,FacesBlock3.xlsx,Mark.mp4,Mark.JPG,Mark,36,videoFrameMark.png,0,2,2,2,,,,,0,8,8,6,,,,,None,,,,1,41,1,2019_Oct_17_1107,FaceNameControl_Picture&Audio,3.0.4,85.10469546,
12,FacesBlock1.xlsx,Matthew.mp4,Matthew.JPG,Matthew,12,videoFrameMatthew.png,0,0,0,0,0,11,11,12,,,,,1,1,2.579458479,,,,,,,41,1,2019_Oct_17_1107,FaceNameControl_Picture&Audio,3.0.4,85.10469546,
23,FacesBlock1.xlsx,Matthew.mp4,Matthew.JPG,Matthew,12,videoFrameMatthew.png,0,0,0,0,,,,,0,7,7,12,,,,,None,,,,1,41,1,2019_Oct_17_1107,FaceNameControl_Picture&Audio,3.0.4,85.10469546,
59,FacesBlock2.xlsx,Megan.mp4,Megan.JPG,Megan,25,videoFrameMegan.png,0,1,1,1,,,,,0,13,13,10,,,,,None,,,,1,41,1,2019_Oct_17_1107,FaceNameControl_Picture&Audio,3.0.4,85.10469546,
33,FacesBlock2.xlsx,Megan.mp4,Megan.JPG,Megan,25,videoFrameMegan.png,0,1,1,1,0,2,2,10,,,,,0,2,1.084832602,,,,,,,41,1,2019_Oct_17_1107,FaceNameControl_Picture&Audio,3.0.4,85.10469546,
110,FacesBlock4.xlsx,Michael.mp4,Michael.JPG,Michael,57,videoFrameMichael.png,0,3,3,3,,,,,0,4,4,12,,,,,None,,,,1,41,1,2019_Oct_17_1107,FaceNameControl_Picture&Audio,3.0.4,85.10469546,
102,FacesBlock4.xlsx,Michael.mp4,Michael.JPG,Michael,57,videoFrameMichael.png,0,3,3,3,0,11,11,12,,,,,0,1,0.897145647,,,,,,,41,1,2019_Oct_17_1107,FaceNameControl_Picture&Audio,3.0.4,85.10469546,
92,FacesBlock4.xlsx,Michelle.mp4,Michelle.JPG,Michelle,58,videoFrameMichelle.png,0,3,3,3,0,1,1,13,,,,,0,2,1.285556782,,,,,,,41,1,2019_Oct_17_1107,FaceNameControl_Picture&Audio,3.0.4,85.10469546,
118,FacesBlock4.xlsx,Michelle.mp4,Michelle.JPG,Michelle,58,videoFrameMichelle.png,0,3,3,3,,,,,0,12,12,13,,,,,None,,,,1,41,1,2019_Oct_17_1107,FaceNameControl_Picture&Audio,3.0.4,85.10469546,
14,FacesBlock1.xlsx,Natalie.mp4,Natalie.JPG,Natalie,13,videoFrameNatalie.png,0,0,0,0,0,13,13,13,,,,,1,2,0.873445227,,,,,,,41,1,2019_Oct_17_1107,FaceNameControl_Picture&Audio,3.0.4,85.10469546,
17,FacesBlock1.xlsx,Natalie.mp4,Natalie.JPG,Natalie,13,videoFrameNatalie.png,0,0,0,0,,,,,0,1,1,13,,,,,None,,,,1,41,1,2019_Oct_17_1107,FaceNameControl_Picture&Audio,3.0.4,85.10469546,
75,FacesBlock3.xlsx,Nathan.mp4,Nathan.JPG,Nathan,37,videoFrameNathan.png,0,2,2,2,0,14,14,7,,,,,0,1,0.732476089,,,,,,,41,1,2019_Oct_17_1107,FaceNameControl_Picture&Audio,3.0.4,85.10469546,
85,FacesBlock3.xlsx,Nathan.mp4,Nathan.JPG,Nathan,37,videoFrameNathan.png,0,2,2,2,,,,,0,9,9,7,,,,Nathan,"['lshift', 'n', 'a', 't', 'h', 'a', 'n']","[3.5306486329063773, 3.6849543969146907, 3.8611344799865037, 3.9903796748258173, 4.1663272199220955, 4.272866906831041, 4.414067693985999]",[3.53064,3.53064,1,41,1,2019_Oct_17_1107,FaceNameControl_Picture&Audio,3.0.4,85.10469546,
62,FacesBlock3.xlsx,Nicole.mp4,Nicole.JPG,Nicole,38,videoFrameNicole.png,0,2,2,2,0,1,1,8,,,,,0,2,0.90854007,,,,,,,41,1,2019_Oct_17_1107,FaceNameControl_Picture&Audio,3.0.4,85.10469546,
90,FacesBlock3.xlsx,Nicole.mp4,Nicole.JPG,Nicole,38,videoFrameNicole.png,0,2,2,2,,,,,0,14,14,8,,,,,None,,,,1,41,1,2019_Oct_17_1107,FaceNameControl_Picture&Audio,3.0.4,85.10469546,
76,FacesBlock3.xlsx,Noah.mp4,Noah.JPG,Noah,39,videoFrameNoah.png,0,2,2,2,,,,,0,0,0,9,,,,Jeremy,"['lshift', 'j', 'e', 'r', 'e', 'm', 'y']","[3.9073123580310494, 4.214476416818798, 4.508794653927907, 4.720011398894712, 4.897160263964906, 5.003280414966866, 5.565485796891153]",[3.90731,3.90731,1,41,1,2019_Oct_17_1107,FaceNameControl_Picture&Audio,3.0.4,85.10469546,
61,FacesBlock3.xlsx,Noah.mp4,Noah.JPG,Noah,39,videoFrameNoah.png,0,2,2,2,0,0,0,9,,,,,1,1,1.485984182,,,,,,,41,1,2019_Oct_17_1107,FaceNameControl_Picture&Audio,3.0.4,85.10469546,
81,FacesBlock3.xlsx,Olivia.mp4,Olivia.JPG,Olivia,40,videoFrameOlivia.png,0,2,2,2,,,,,0,5,5,10,,,,,None,,,,1,41,1,2019_Oct_17_1107,FaceNameControl_Picture&Audio,3.0.4,85.10469546,
66,FacesBlock3.xlsx,Olivia.mp4,Olivia.JPG,Olivia,40,videoFrameOlivia.png,0,2,2,2,0,5,5,10,,,,,0,2,1.073711888,,,,,,,41,1,2019_Oct_17_1107,FaceNameControl_Picture&Audio,3.0.4,85.10469546,
34,FacesBlock2.xlsx,Rachel.mp4,Rachel.JPG,Rachel,26,videoFrameRachel.png,0,1,1,1,0,3,3,11,,,,,1,2,0.826849221,,,,,,,41,1,2019_Oct_17_1107,FaceNameControl_Picture&Audio,3.0.4,85.10469546,
51,FacesBlock2.xlsx,Rachel.mp4,Rachel.JPG,Rachel,26,videoFrameRachel.png,0,1,1,1,,,,,0,5,5,11,,,,,None,,,,1,41,1,2019_Oct_17_1107,FaceNameControl_Picture&Audio,3.0.4,85.10469546,
86,FacesBlock3.xlsx,Rebecca.mp4,Rebecca.JPG,Rebecca,41,videoFrameRebecca.png,0,2,2,2,,,,,0,10,10,11,,,,,None,,,,1,41,1,2019_Oct_17_1107,FaceNameControl_Picture&Audio,3.0.4,85.10469546,
70,FacesBlock3.xlsx,Rebecca.mp4,Rebecca.JPG,Rebecca,41,videoFrameRebecca.png,0,2,2,2,0,9,9,11,,,,,0,2,0.639020916,,,,,,,41,1,2019_Oct_17_1107,FaceNameControl_Picture&Audio,3.0.4,85.10469546,
65,FacesBlock3.xlsx,Sarah.mp4,Sarah.JPG,Sarah,42,videoFrameSarah.png,0,2,2,2,0,4,4,12,,,,,0,2,0.602408666,,,,,,,41,1,2019_Oct_17_1107,FaceNameControl_Picture&Audio,3.0.4,85.10469546,
79,FacesBlock3.xlsx,Sarah.mp4,Sarah.JPG,Sarah,42,videoFrameSarah.png,0,2,2,2,,,,,0,3,3,12,,,,,None,,,,1,41,1,2019_Oct_17_1107,FaceNameControl_Picture&Audio,3.0.4,85.10469546,
77,FacesBlock3.xlsx,Shelby.mp4,Shelby.JPG,Shelby,43,videoFrameShelby.png,0,2,2,2,,,,,0,1,1,13,,,,Shelby,"['lshift', 's', 'h', 'e', 'l', 'b', 'y']","[1.8835639918688685, 2.121012083021924, 2.4853588750120252, 2.68529196199961, 3.4258901909925044, 3.743508501909673, 3.990446569863707]",[1.88356,1.88356,4,41,1,2019_Oct_17_1107,FaceNameControl_Picture&Audio,3.0.4,85.10469546,
69,FacesBlock3.xlsx,Shelby.mp4,Shelby.JPG,Shelby,43,videoFrameShelby.png,0,2,2,2,0,8,8,13,,,,,1,2,0.509025826,,,,,,,41,1,2019_Oct_17_1107,FaceNameControl_Picture&Audio,3.0.4,85.10469546,
46,FacesBlock2.xlsx,Steven.mp4,Steven.JPG,Steven,27,videoFrameSteven.png,0,1,1,1,,,,,0,0,0,12,,,,Jere,"['lshift', 'j', 'e', 'e', 'backspace', 'r', 'e', 'comma', 'comma', 'comma', 'y', 'backspace']","[3.859059155918658, 4.119201410096139, 4.660165735054761, 5.1413010659161955, 5.930925437016413, 6.0845511860679835, 6.307217761874199, 6.460957522969693, 7.354588988004252, 7.872516463045031, 8.637570407008752, 9.483905715867877]",[3.85905,3.85905,1,41,1,2019_Oct_17_1107,FaceNameControl_Picture&Audio,3.0.4,85.10469546,
43,FacesBlock2.xlsx,Steven.mp4,Steven.JPG,Steven,27,videoFrameSteven.png,0,1,1,1,0,12,12,12,,,,,0,1,1.002929359,,,,,,,41,1,2019_Oct_17_1107,FaceNameControl_Picture&Audio,3.0.4,85.10469546,
103,FacesBlock4.xlsx,Taylor.mp4,Taylor.JPG,Taylor,59,videoFrameTaylor.png,0,3,3,3,0,12,12,14,,,,,1,2,0.285817594,,,,,,,41,1,2019_Oct_17_1107,FaceNameControl_Picture&Audio,3.0.4,85.10469546,
108,FacesBlock4.xlsx,Taylor.mp4,Taylor.JPG,Taylor,59,videoFrameTaylor.png,0,3,3,3,,,,,0,2,2,14,,,,Taylor,"['lshift', 't', 'a', 'y', 'l', 'o', 'r']","[1.4129415419884026, 1.7316140751354396, 1.8381120250560343, 1.9783052019774914, 2.7198643130250275, 2.896554711041972, 2.9124879671726376]",[1.41294,1.41294,4,41,1,2019_Oct_17_1107,FaceNameControl_Picture&Audio,3.0.4,85.10469546,
87,FacesBlock3.xlsx,Thomas.mp4,Thomas.JPG,Thomas,44,videoFrameThomas.png,0,2,2,2,,,,,0,11,11,14,,,,,None,,,,1,41,1,2019_Oct_17_1107,FaceNameControl_Picture&Audio,3.0.4,85.10469546,
64,FacesBlock3.xlsx,Thomas.mp4,Thomas.JPG,Thomas,44,videoFrameThomas.png,0,2,2,2,0,3,3,14,,,,,1,1,0.308691635,,,,,,,41,1,2019_Oct_17_1107,FaceNameControl_Picture&Audio,3.0.4,85.10469546,
7,FacesBlock1.xlsx,Timothy.mp4,Timothy.JPG,Timothy,14,videoFrameTimothy.png,0,0,0,0,0,6,6,14,,,,,1,1,1.061825125,,,,,,,41,1,2019_Oct_17_1107,FaceNameControl_Picture&Audio,3.0.4,85.10469546,
20,FacesBlock1.xlsx,Timothy.mp4,Timothy.JPG,Timothy,14,videoFrameTimothy.png,0,0,0,0,,,,,0,4,4,14,,,,Matthew,"['lshift', 'm', 'a', 't', 't', 'h', 'e', 'w', 'return']","[3.8484572048764676, 3.9915790378581733, 4.3327281379606575, 4.568089585984126, 4.708479810971767, 4.932512155966833, 5.472993767820299, 5.721016363007948, 5.967669341014698]",[3.84845,3.84845,1,41,1,2019_Oct_17_1107,FaceNameControl_Picture&Audio,3.0.4,85.10469546,
49,FacesBlock2.xlsx,Trevor.mp4,Trevor.JPG,Trevor,28,videoFrameTrevor.png,0,1,1,1,,,,,0,3,3,13,,,,Jason,"['lshift', 'j', 'a', 's', 'o', 'n']","[6.5903256388846785, 6.756374453892931, 6.885264860931784, 7.085659520002082, 7.143591380910948, 7.3671564038377255]",[6.59032,6.59032,1,41,1,2019_Oct_17_1107,FaceNameControl_Picture&Audio,3.0.4,85.10469546,
41,FacesBlock2.xlsx,Trevor.mp4,Trevor.JPG,Trevor,28,videoFrameTrevor.png,0,1,1,1,0,10,10,13,,,,,0,1,0.732783659,,,,,,,41,1,2019_Oct_17_1107,FaceNameControl_Picture&Audio,3.0.4,85.10469546,
50,FacesBlock2.xlsx,Tyler.mp4,Tyler.JPG,Tyler,29,videoFrameTyler.png,0,1,1,1,,,,,0,4,4,14,,,,,None,,,,1,41,1,2019_Oct_17_1107,FaceNameControl_Picture&Audio,3.0.4,85.10469546,
38,FacesBlock2.xlsx,Tyler.mp4,Tyler.JPG,Tyler,29,videoFrameTyler.png,0,1,1,1,0,7,7,14,,,,,0,1,1.12051662,,,,,,,41,1,2019_Oct_17_1107,FaceNameControl_Picture&Audio,3.0.4,85.10469546,
0,,,,,,,,,,,,,,,,,,,,,,,,,,,,41,1,2019_Oct_17_1107,FaceNameControl_Picture&Audio,3.0.4,85.10469546,
121,,,,,,,,,,,,,,,,,,,,,,,,,,,,41,1,2019_Oct_17_1107,FaceNameControl_Picture&Audio,3.0.4,85.10469546,