,condsFile,Video,Photo,Name,Row,videoFrame,blocks.thisRepN,blocks.thisTrialN,blocks.thisN,blocks.thisIndex,presentations.thisRepN,presentations.thisTrialN,presentations.thisN,presentations.thisIndex,testing.thisRepN,testing.thisTrialN,testing.thisN,testing.thisIndex,currentCond,judgementResp.keys,judgementResp.rt,inputText,key_resp_3.keys,key_resp_3.rt,,key_resp3_fin,rating_resp.keys,participant,session,date,expName,psychopyVersion,frameRate,Unnamed: 31
115,FacesBlock2.xlsx,Aaron.mp4,Aaron.JPG,Aaron,15,videoFrameAaron.png,0,3,3,1,,,,,0,9,9,0,,,,,None,,,,1,43,1,2019_Oct_17_1309,FaceNameControl_Picture&Audio,3.0.4,84.95591339,
96,FacesBlock2.xlsx,Aaron.mp4,Aaron.JPG,Aaron,15,videoFrameAaron.png,0,3,3,1,0,5,5,0,,,,,0,1,1.00280402,,,,,,,43,1,2019_Oct_17_1309,FaceNameControl_Picture&Audio,3.0.4,84.95591339,
81,FacesBlock1.xlsx,Adam.mp4,Adam.JPG,Adam,0,videoFrameAdam.png,0,2,2,0,,,,,0,5,5,0,,,,Adam,"['lshift', 'a', 'd', 'a', 'm']","[1.6369074520189315, 1.7319841119460762, 1.9535493908915669, 2.153423119802028, 2.213977310806513]",[1.63690,1.63690,4,43,1,2019_Oct_17_1309,FaceNameControl_Picture&Audio,3.0.4,84.95591339,
63,FacesBlock1.xlsx,Adam.mp4,Adam.JPG,Adam,0,videoFrameAdam.png,0,2,2,0,0,2,2,0,,,,,0,1,0.614901528,,,,,,,43,1,2019_Oct_17_1309,FaceNameControl_Picture&Audio,3.0.4,84.95591339,
46,FacesBlock4.xlsx,Alyssa.mp4,Alyssa.JPG,Alyssa,45,videoFrameAlyssa.png,0,1,1,3,,,,,0,0,0,0,,,,Michelle,"['lshift', 'm', 'i', 'h', 'backspace', 'c', 'e', 'backspace', 'h', 'e', 'l', 'l', 'l', 'e', 'backspace', 'backspace', 'e']","[1.248465612065047, 1.2966263461858034, 1.4852475100196898, 1.6853129400406033, 2.131876297062263, 2.309332518139854, 2.5327728770207614, 3.0730855821166188, 3.3673462229780853, 3.5086715321522206, 3.9445469779893756, 4.861202868167311, 4.932118100114167, 5.038394103059545, 5.437277628108859, 5.612769006052986, 5.756350951967761]",[1.24846,1.24846,4,43,1,2019_Oct_17_1309,FaceNameControl_Picture&Audio,3.0.4,84.95591339,
43,FacesBlock4.xlsx,Alyssa.mp4,Alyssa.JPG,Alyssa,45,videoFrameAlyssa.png,0,1,1,3,0,12,12,0,,,,,0,2,1.909149936,,,,,,,43,1,2019_Oct_17_1309,FaceNameControl_Picture&Audio,3.0.4,84.95591339,
64,FacesBlock1.xlsx,Amanda.mp4,Amanda.JPG,Amanda,1,videoFrameAmanda.png,0,2,2,0,0,3,3,1,,,,,1,2,1.544340288,,,,,,,43,1,2019_Oct_17_1309,FaceNameControl_Picture&Audio,3.0.4,84.95591339,
82,FacesBlock1.xlsx,Amanda.mp4,Amanda.JPG,Amanda,1,videoFrameAmanda.png,0,2,2,0,,,,,0,6,6,1,,,,Amanda,"['lshift', 'a', 'm', 'a', 'n', 'd', 'a']","[2.0122729619033635, 2.108014374040067, 2.237720716977492, 2.366940415930003, 2.531677099876106, 2.9194720678497106, 3.0375654429662973]",[2.01227,2.01227,4,43,1,2019_Oct_17_1309,FaceNameControl_Picture&Audio,3.0.4,84.95591339,
40,FacesBlock4.xlsx,Andrew.mp4,Andrew.JPG,Andrew,46,videoFrameAndrew.png,0,1,1,3,0,9,9,1,,,,,0,1,1.12028806,,,,,,,43,1,2019_Oct_17_1309,FaceNameControl_Picture&Audio,3.0.4,84.95591339,
56,FacesBlock4.xlsx,Andrew.mp4,Andrew.JPG,Andrew,46,videoFrameAndrew.png,0,1,1,3,,,,,0,10,10,1,,,,Caleb,"['lshift', 'c', 'a', 'l', 'e', 'b']","[1.7538461510557681, 1.8849342588800937, 2.1198059250600636, 2.2610581340268254, 2.590130412951112, 2.709169968031347]",[1.75384,1.75384,1,43,1,2019_Oct_17_1309,FaceNameControl_Picture&Audio,3.0.4,84.95591339,
49,FacesBlock4.xlsx,Anna.mp4,Anna.JPG,Anna,47,videoFrameAnna.png,0,1,1,3,,,,,0,3,3,2,,,, ,['space'],[3.6386523249093443],[3.63865,3.63865,1,43,1,2019_Oct_17_1309,FaceNameControl_Picture&Audio,3.0.4,84.95591339,
36,FacesBlock4.xlsx,Anna.mp4,Anna.JPG,Anna,47,videoFrameAnna.png,0,1,1,3,0,5,5,2,,,,,0,2,1.261508552,,,,,,,43,1,2019_Oct_17_1309,FaceNameControl_Picture&Audio,3.0.4,84.95591339,
103,FacesBlock2.xlsx,Ashley.mp4,Ashley.JPG,Ashley,16,videoFrameAshley.png,0,3,3,1,0,12,12,1,,,,,1,2,0.437926043,,,,,,,43,1,2019_Oct_17_1309,FaceNameControl_Picture&Audio,3.0.4,84.95591339,
106,FacesBlock2.xlsx,Ashley.mp4,Ashley.JPG,Ashley,16,videoFrameAshley.png,0,3,3,1,,,,,0,0,0,1,,,,,None,,,,1,43,1,2019_Oct_17_1309,FaceNameControl_Picture&Audio,3.0.4,84.95591339,
77,FacesBlock1.xlsx,Bradley.mp4,Bradley.JPG,Bradley,2,videoFrameBradley.png,0,2,2,0,,,,,0,1,1,2,,,,Bradley,"['lshift', 'b', 'r', 'd', 'backspace', 'a', 'd', 'l', 'e', 'y']","[1.236294041853398, 1.27285748696886, 1.4970668798778206, 2.472400560043752, 3.8138446169905365, 3.979709168896079, 4.167302238987759, 4.615348897874355, 4.744285346008837, 4.908762380015105]",[1.23629,1.23629,2,43,1,2019_Oct_17_1309,FaceNameControl_Picture&Audio,3.0.4,84.95591339,
73,FacesBlock1.xlsx,Bradley.mp4,Bradley.JPG,Bradley,2,videoFrameBradley.png,0,2,2,0,0,12,12,2,,,,,0,1,1.897365523,,,,,,,43,1,2019_Oct_17_1309,FaceNameControl_Picture&Audio,3.0.4,84.95591339,
48,FacesBlock4.xlsx,Brandon.mp4,Brandon.JPG,Brandon,48,videoFrameBrandon.png,0,1,1,3,,,,,0,2,2,3,,,,Tom,"['lshift', 't', 'o', 'm']","[2.2602872748393565, 2.3908963438589126, 3.3435642060358077, 3.4966053729876876]",[2.26028,2.26028,1,43,1,2019_Oct_17_1309,FaceNameControl_Picture&Audio,3.0.4,84.95591339,
39,FacesBlock4.xlsx,Brandon.mp4,Brandon.JPG,Brandon,48,videoFrameBrandon.png,0,1,1,3,0,8,8,3,,,,,1,1,0.344109471,,,,,,,43,1,2019_Oct_17_1309,FaceNameControl_Picture&Audio,3.0.4,84.95591339,
57,FacesBlock4.xlsx,Brian.mp4,Brian.JPG,Brian,49,videoFrameBrian.png,0,1,1,3,,,,,0,11,11,4,,,,Michael,"['lshift', 'm', 'i', 'c', 'h', 'a', 'e', 'l']","[2.6489590290002525, 2.696982110152021, 2.979496671119705, 3.54434160515666, 3.6152536140289158, 3.74421402416192, 4.697360025951639, 4.756075442070141]",[2.64895,2.64895,1,43,1,2019_Oct_17_1309,FaceNameControl_Picture&Audio,3.0.4,84.95591339,
44,FacesBlock4.xlsx,Brian.mp4,Brian.JPG,Brian,49,videoFrameBrian.png,0,1,1,3,0,13,13,4,,,,,1,1,0.402605986,,,,,,,43,1,2019_Oct_17_1309,FaceNameControl_Picture&Audio,3.0.4,84.95591339,
42,FacesBlock4.xlsx,Brianna.mp4,Brianna.JPG,Brianna,50,videoFrameBrianna.png,0,1,1,3,0,11,11,5,,,,,1,1,0.590882919,,,,,,,43,1,2019_Oct_17_1309,FaceNameControl_Picture&Audio,3.0.4,84.95591339,
54,FacesBlock4.xlsx,Brianna.mp4,Brianna.JPG,Brianna,50,videoFrameBrianna.png,0,1,1,3,,,,,0,8,8,5,,,,Breonna,"['b', 'capslock', 'backspace', 'lshift', 'b', 'e', 'w', 'backspace', 'backspace', 'r', 'e', 'o', 'n', 'n', 'a']","[6.626556983916089, 6.661148668034002, 7.3673101789318025, 7.695574671961367, 7.77942057303153, 8.297137025045231, 8.638527014059946, 8.837727101054043, 8.944505164865404, 9.014582572039217, 9.356302096974105, 9.69748675590381, 9.85007658903487, 9.920595542993397]",[6.62655,6.62655,1,43,1,2019_Oct_17_1309,FaceNameControl_Picture&Audio,3.0.4,84.95591339,
108,FacesBlock2.xlsx,Brittany.mp4,Brittany.JPG,Brittany,17,videoFrameBrittany.png,0,3,3,1,,,,,0,2,2,2,,,,Britney,"['lshift', 'b', 'i', 'r', 'backspace', 'backspace', 'r', 'i', 't', 'n', 'e', 'y']","[1.4255931649822742, 1.4985503209754825, 1.6749345120042562, 2.3100236989557743, 2.8028639920521528, 2.9539790030103177, 3.086991909891367, 3.201465457910672, 3.4275254199746996, 3.5570025318302214, 3.745709571056068, 3.827916844980791]",[1.42559,1.42559,1,43,1,2019_Oct_17_1309,FaceNameControl_Picture&Audio,3.0.4,84.95591339,
97,FacesBlock2.xlsx,Brittany.mp4,Brittany.JPG,Brittany,17,videoFrameBrittany.png,0,3,3,1,0,6,6,2,,,,,0,2,3.35623303,,,,,,,43,1,2019_Oct_17_1309,FaceNameControl_Picture&Audio,3.0.4,84.95591339,
38,FacesBlock4.xlsx,Caleb.mp4,Caleb.JPG,Caleb,51,videoFrameCaleb.png,0,1,1,3,0,7,7,6,,,,,0,1,1.615098789,,,,,,,43,1,2019_Oct_17_1309,FaceNameControl_Picture&Audio,3.0.4,84.95591339,
51,FacesBlock4.xlsx,Caleb.mp4,Caleb.JPG,Caleb,51,videoFrameCaleb.png,0,1,1,3,,,,,0,5,5,6,,,,Daniel,"['lshift', 'd', 'a', 'n', 'i', 'e', 'l']","[4.083132530096918, 4.402008376084268, 4.790242274058983, 4.979230113094673, 5.037257155170664, 5.214159993221983, 5.318062999052927]",[4.08313,4.08313,1,43,1,2019_Oct_17_1309,FaceNameControl_Picture&Audio,3.0.4,84.95591339,
117,FacesBlock2.xlsx,Cody.mp4,Cody.JPG,Cody,18,videoFrameCody.png,0,3,3,1,,,,,0,11,11,3,,,,,None,,,,1,43,1,2019_Oct_17_1309,FaceNameControl_Picture&Audio,3.0.4,84.95591339,
99,FacesBlock2.xlsx,Cody.mp4,Cody.JPG,Cody,18,videoFrameCody.png,0,3,3,1,0,8,8,3,,,,,1,1,0.650686632,,,,,,,43,1,2019_Oct_17_1309,FaceNameControl_Picture&Audio,3.0.4,84.95591339,
13,FacesBlock3.xlsx,Courtney.mp4,Courtney.JPG,Courtney,30,videoFrameCourtney.png,0,0,0,2,0,12,12,0,,,,,0,2,0.956280148,,,,,,,43,1,2019_Oct_17_1309,FaceNameControl_Picture&Audio,3.0.4,84.95591339,
22,FacesBlock3.xlsx,Courtney.mp4,Courtney.JPG,Courtney,30,videoFrameCourtney.png,0,0,0,2,,,,,0,6,6,0,,,,Courtney,"['lshift', 'c', 'o', 'u', 't', 'n', 'e', 'y', 'backspace', 'backspace', 'backspace', 'backspace', 'r', 't', 'n', 'e', 'y']","[1.0012411810457706, 1.2614604390691966, 3.1322907160501927, 3.6724520169664174, 4.2833041429985315, 4.50844490993768, 4.6498821440618485, 5.014789464883506, 6.272784061031416, 6.449458391871303, 6.625125160906464, 6.813970727846026, 7.450261160964146, 7.661437697941437, 7.743922407971695, 7.979588535847142, 8.23767741303891]",[1.00124,1.00124,4,43,1,2019_Oct_17_1309,FaceNameControl_Picture&Audio,3.0.4,84.95591339,
29,FacesBlock3.xlsx,Daniel.mp4,Daniel.JPG,Daniel,31,videoFrameDaniel.png,0,0,0,2,,,,,0,13,13,1,,,,Nathan,"['lshift', 'n', 'a', 't', 'h', 'a', 'n']","[3.1657423248980194, 3.390795246930793, 3.5668593239970505, 3.8229298361111432, 3.90739024290815, 4.072818478103727, 4.154206757899374]",[3.16574,3.16574,1,43,1,2019_Oct_17_1309,FaceNameControl_Picture&Audio,3.0.4,84.95591339,
14,FacesBlock3.xlsx,Daniel.mp4,Daniel.JPG,Daniel,31,videoFrameDaniel.png,0,0,0,2,0,13,13,1,,,,,1,1,0.379088942,,,,,,,43,1,2019_Oct_17_1309,FaceNameControl_Picture&Audio,3.0.4,84.95591339,
75,FacesBlock1.xlsx,Danielle.mp4,Danielle.JPG,Danielle,3,videoFrameDanielle.png,0,2,2,0,0,14,14,3,,,,,1,2,0.485519482,,,,,,,43,1,2019_Oct_17_1309,FaceNameControl_Picture&Audio,3.0.4,84.95591339,
78,FacesBlock1.xlsx,Danielle.mp4,Danielle.JPG,Danielle,3,videoFrameDanielle.png,0,2,2,0,,,,,0,2,2,3,,,,Danielle,"['lshift', 'd', 'a', 'n', 'i', 'e', 'l', 'l', 'e']","[1.130482807988301, 1.366733242990449, 2.0603585119824857, 2.202023349935189, 2.3433007940184325, 2.4961379268206656, 2.6254820928443223, 2.7668312969617546, 2.861051969928667]",[1.13048,1.13048,4,43,1,2019_Oct_17_1309,FaceNameControl_Picture&Audio,3.0.4,84.95591339,
102,FacesBlock2.xlsx,David.mp4,David.JPG,David,19,videoFrameDavid.png,0,3,3,1,0,11,11,4,,,,,0,1,0.414242437,,,,,,,43,1,2019_Oct_17_1309,FaceNameControl_Picture&Audio,3.0.4,84.95591339,
113,FacesBlock2.xlsx,David.mp4,David.JPG,David,19,videoFrameDavid.png,0,3,3,1,,,,,0,7,7,4,,,,David,"['lshift', 'd', 'a', 'v', 'd', 'backspace', 'i', 'd']","[2.2959406240843236, 2.450590374181047, 2.5678520400542766, 2.8626915980130434, 3.2740508390124887, 4.223962728166953, 4.674302532104775, 4.756636088015512]",[2.29594,2.29594,3,43,1,2019_Oct_17_1309,FaceNameControl_Picture&Audio,3.0.4,84.95591339,
55,FacesBlock4.xlsx,Dylan.mp4,Dylan.JPG,Dylan,52,videoFrameDylan.png,0,1,1,3,,,,,0,9,9,7,,,,,"['lshift', 'c', 'a', 'l', 'e', 'b', 'backspace', 'backspace', 'backspace', 'backspace', 'backspace']","[1.612747139064595, 1.8382652280852199, 2.567500853911042, 2.6943266899324954, 3.0023959688842297, 3.4142131889238954, 4.495688367867842, 4.67277765693143, 4.8365241340361536, 4.977995085995644, 5.119376685004681]",[1.61274,1.61274,1,43,1,2019_Oct_17_1309,FaceNameControl_Picture&Audio,3.0.4,84.95591339,
35,FacesBlock4.xlsx,Dylan.mp4,Dylan.JPG,Dylan,52,videoFrameDylan.png,0,1,1,3,0,4,4,7,,,,,0,1,1.40355072,,,,,,,43,1,2019_Oct_17_1309,FaceNameControl_Picture&Audio,3.0.4,84.95591339,
41,FacesBlock4.xlsx,Emily.mp4,Emily.JPG,Emily,53,videoFrameEmily.png,0,1,1,3,0,10,10,8,,,,,0,2,2.426562233,,,,,,,43,1,2019_Oct_17_1309,FaceNameControl_Picture&Audio,3.0.4,84.95591339,
58,FacesBlock4.xlsx,Emily.mp4,Emily.JPG,Emily,53,videoFrameEmily.png,0,1,1,3,,,,,0,12,12,8,,,,,None,,,,1,43,1,2019_Oct_17_1309,FaceNameControl_Picture&Audio,3.0.4,84.95591339,
74,FacesBlock1.xlsx,Eric.mp4,Eric.JPG,Eric,4,videoFrameEric.png,0,2,2,0,0,13,13,4,,,,,0,1,1.353529828,,,,,,,43,1,2019_Oct_17_1309,FaceNameControl_Picture&Audio,3.0.4,84.95591339,
86,FacesBlock1.xlsx,Eric.mp4,Eric.JPG,Eric,4,videoFrameEric.png,0,2,2,0,,,,,0,10,10,4,,,,Mathew,"['lshift', 'm', 'a', 't', 'h', 'e', 'w']","[2.9889952649828047, 3.074159024981782, 3.168000880861655, 3.4124986049719155, 3.4852485759183764, 3.590575662907213, 3.8381178909912705]",[2.98899,2.98899,1,43,1,2019_Oct_17_1309,FaceNameControl_Picture&Audio,3.0.4,84.95591339,
61,FacesBlock1.xlsx,Ethan.mp4,Ethan.JPG,Ethan,5,videoFrameEthan.png,0,2,2,0,0,0,0,5,,,,,0,1,2.072624661,,,,,,,43,1,2019_Oct_17_1309,FaceNameControl_Picture&Audio,3.0.4,84.95591339,
90,FacesBlock1.xlsx,Ethan.mp4,Ethan.JPG,Ethan,5,videoFrameEthan.png,0,2,2,0,,,,,0,14,14,5,,,,,None,,,,1,43,1,2019_Oct_17_1309,FaceNameControl_Picture&Audio,3.0.4,84.95591339,
45,FacesBlock4.xlsx,Grace.mp4,Grace.JPG,Grace,54,videoFrameGrace.png,0,1,1,3,0,14,14,9,,,,,1,2,1.014148719,,,,,,,43,1,2019_Oct_17_1309,FaceNameControl_Picture&Audio,3.0.4,84.95591339,
47,FacesBlock4.xlsx,Grace.mp4,Grace.JPG,Grace,54,videoFrameGrace.png,0,1,1,3,,,,,0,1,1,9,,,,An,"['lshift', 'a', 'n', 'n', 'a', 'return', 'backspace', 'backspace']","[1.2363439199980348, 1.3673281299415976, 1.4855990069918334, 1.637205849867314, 1.7202857388183475, 2.9905651318840683, 8.602259228937328, 9.801451158011332]",[1.23634,1.23634,1,43,1,2019_Oct_17_1309,FaceNameControl_Picture&Audio,3.0.4,84.95591339,
104,FacesBlock2.xlsx,Haley.mp4,Haley.JPG,Haley,20,videoFrameHaley.png,0,3,3,1,0,13,13,5,,,,,1,2,3.343726046,,,,,,,43,1,2019_Oct_17_1309,FaceNameControl_Picture&Audio,3.0.4,84.95591339,
109,FacesBlock2.xlsx,Haley.mp4,Haley.JPG,Haley,20,videoFrameHaley.png,0,3,3,1,,,,,0,3,3,5,,,,Hailey,"['lshift', 'h', 'a', 'i', 'l', 'e', 'y']","[1.1435387439560145, 1.2745551539119333, 1.4268072498962283, 1.521801674971357, 1.780897910008207, 1.8854647930711508, 2.0975062609650195]",[1.14353,1.14353,4,43,1,2019_Oct_17_1309,FaceNameControl_Picture&Audio,3.0.4,84.95591339,
67,FacesBlock1.xlsx,Hannah.mp4,Hannah.JPG,Hannah,6,videoFrameHannah.png,0,2,2,0,0,6,6,6,,,,,1,2,0.849330865,,,,,,,43,1,2019_Oct_17_1309,FaceNameControl_Picture&Audio,3.0.4,84.95591339,
88,FacesBlock1.xlsx,Hannah.mp4,Hannah.JPG,Hannah,6,videoFrameHannah.png,0,2,2,0,,,,,0,12,12,6,,,,,None,,,,1,43,1,2019_Oct_17_1309,FaceNameControl_Picture&Audio,3.0.4,84.95591339,
98,FacesBlock2.xlsx,Heather.mp4,Heather.JPG,Heather,21,videoFrameHeather.png,0,3,3,1,0,7,7,6,,,,,0,2,1.426275926,,,,,,,43,1,2019_Oct_17_1309,FaceNameControl_Picture&Audio,3.0.4,84.95591339,
110,FacesBlock2.xlsx,Heather.mp4,Heather.JPG,Heather,21,videoFrameHeather.png,0,3,3,1,,,,,0,4,4,6,,,,,None,,,,1,43,1,2019_Oct_17_1309,FaceNameControl_Picture&Audio,3.0.4,84.95591339,
9,FacesBlock3.xlsx,Jacob.mp4,Jacob.JPG,Jacob,32,videoFrameJacob.png,0,0,0,2,0,8,8,2,,,,,1,1,0.672872724,,,,,,,43,1,2019_Oct_17_1309,FaceNameControl_Picture&Audio,3.0.4,84.95591339,
21,FacesBlock3.xlsx,Jacob.mp4,Jacob.JPG,Jacob,32,videoFrameJacob.png,0,0,0,2,,,,,0,5,5,2,,,,,None,,,,1,43,1,2019_Oct_17_1309,FaceNameControl_Picture&Audio,3.0.4,84.95591339,
53,FacesBlock4.xlsx,Jason.mp4,Jason.JPG,Jason,55,videoFrameJason.png,0,1,1,3,,,,,0,7,7,10,,,,Brandon,"['lshift', 'c', 'backspace', 'lshift', 'lshift', 'b', 'r', 'a', 'n', 'd', 'o', 'n']","[2.895222651073709, 3.131379040889442, 3.860861595021561, 6.942925767973065, 7.519099771045148, 7.60266438103281, 7.767453033942729, 7.967492372030392, 8.026455685961992, 8.131657348945737, 8.873125764075667, 9.07363283704035]",[2.89522,2.89522,1,43,1,2019_Oct_17_1309,FaceNameControl_Picture&Audio,3.0.4,84.95591339,
34,FacesBlock4.xlsx,Jason.mp4,Jason.JPG,Jason,55,videoFrameJason.png,0,1,1,3,0,3,3,10,,,,,1,1,0.438654973,,,,,,,43,1,2019_Oct_17_1309,FaceNameControl_Picture&Audio,3.0.4,84.95591339,
79,FacesBlock1.xlsx,Jenna.mp4,Jenna.JPG,Jenna,7,videoFrameJenna.png,0,2,2,0,,,,,0,3,3,7,,,,,['lshift'],[5.8011466399766505],[5.80114,5.80114,1,43,1,2019_Oct_17_1309,FaceNameControl_Picture&Audio,3.0.4,84.95591339,
62,FacesBlock1.xlsx,Jenna.mp4,Jenna.JPG,Jenna,7,videoFrameJenna.png,0,2,2,0,0,1,1,7,,,,,1,2,1.59172913,,,,,,,43,1,2019_Oct_17_1309,FaceNameControl_Picture&Audio,3.0.4,84.95591339,
120,FacesBlock2.xlsx,Jeremy.mp4,Jeremy.JPG,Jeremy,22,videoFrameJeremy.png,0,3,3,1,,,,,0,14,14,7,,,,,None,,,,1,43,1,2019_Oct_17_1309,FaceNameControl_Picture&Audio,3.0.4,84.95591339,
100,FacesBlock2.xlsx,Jeremy.mp4,Jeremy.JPG,Jeremy,22,videoFrameJeremy.png,0,3,3,1,0,9,9,7,,,,,0,1,1.061313992,,,,,,,43,1,2019_Oct_17_1309,FaceNameControl_Picture&Audio,3.0.4,84.95591339,
83,FacesBlock1.xlsx,Jessica.mp4,Jessica.JPG,Jessica,8,videoFrameJessica.png,0,2,2,0,,,,,0,7,7,8,,,,Natalie,"['lshift', 'n', 'a', 't', 'a', 'l', 'i', 'e']","[2.6119836079888046, 2.7075311238877475, 2.8136560840066522, 3.1429048830177635, 3.4253756280522794, 3.83725042687729, 4.048400525934994, 4.130461055086926]",[2.61198,2.61198,2,43,1,2019_Oct_17_1309,FaceNameControl_Picture&Audio,3.0.4,84.95591339,
68,FacesBlock1.xlsx,Jessica.mp4,Jessica.JPG,Jessica,8,videoFrameJessica.png,0,2,2,0,0,7,7,8,,,,,1,2,0.83892217,,,,,,,43,1,2019_Oct_17_1309,FaceNameControl_Picture&Audio,3.0.4,84.95591339,
107,FacesBlock2.xlsx,Josh.mp4,Josh.JPG,Josh,23,videoFrameJosh.png,0,3,3,1,,,,,0,1,1,8,,,,,None,,,,1,43,1,2019_Oct_17_1309,FaceNameControl_Picture&Audio,3.0.4,84.95591339,
105,FacesBlock2.xlsx,Josh.mp4,Josh.JPG,Josh,23,videoFrameJosh.png,0,3,3,1,0,14,14,8,,,,,1,1,0.355657323,,,,,,,43,1,2019_Oct_17_1309,FaceNameControl_Picture&Audio,3.0.4,84.95591339,
80,FacesBlock1.xlsx,Julia.mp4,Julia.JPG,Julia,9,videoFrameJulia.png,0,2,2,0,,,,,0,4,4,9,,,,,None,,,,1,43,1,2019_Oct_17_1309,FaceNameControl_Picture&Audio,3.0.4,84.95591339,
69,FacesBlock1.xlsx,Julia.mp4,Julia.JPG,Julia,9,videoFrameJulia.png,0,2,2,0,0,8,8,9,,,,,1,2,0.744021747,,,,,,,43,1,2019_Oct_17_1309,FaceNameControl_Picture&Audio,3.0.4,84.95591339,
91,FacesBlock2.xlsx,Justin.mp4,Justin.JPG,Justin,24,videoFrameJustin.png,0,3,3,1,0,0,0,9,,,,,1,1,1.144321202,,,,,,,43,1,2019_Oct_17_1309,FaceNameControl_Picture&Audio,3.0.4,84.95591339,
116,FacesBlock2.xlsx,Justin.mp4,Justin.JPG,Justin,24,videoFrameJustin.png,0,3,3,1,,,,,0,10,10,9,,,,,None,,,,1,43,1,2019_Oct_17_1309,FaceNameControl_Picture&Audio,3.0.4,84.95591339,
59,FacesBlock4.xlsx,Katie.mp4,Katie.JPG,Katie,56,videoFrameKatie.png,0,1,1,3,,,,,0,13,13,11,,,,,None,,,,1,43,1,2019_Oct_17_1309,FaceNameControl_Picture&Audio,3.0.4,84.95591339,
32,FacesBlock4.xlsx,Katie.mp4,Katie.JPG,Katie,56,videoFrameKatie.png,0,1,1,3,0,1,1,11,,,,,0,2,2.67395107,,,,,,,43,1,2019_Oct_17_1309,FaceNameControl_Picture&Audio,3.0.4,84.95591339,
12,FacesBlock3.xlsx,Kayla.mp4,Kayla.JPG,Kayla,33,videoFrameKayla.png,0,0,0,2,0,11,11,3,,,,,1,1,0.33306011,,,,,,,43,1,2019_Oct_17_1309,FaceNameControl_Picture&Audio,3.0.4,84.95591339,
30,FacesBlock3.xlsx,Kayla.mp4,Kayla.JPG,Kayla,33,videoFrameKayla.png,0,0,0,2,,,,,0,14,14,3,,,,,None,,,,1,43,1,2019_Oct_17_1309,FaceNameControl_Picture&Audio,3.0.4,84.95591339,
72,FacesBlock1.xlsx,Kelsey.mp4,Kelsey.JPG,Kelsey,10,videoFrameKelsey.png,0,2,2,0,0,11,11,10,,,,,1,2,0.779108751,,,,,,,43,1,2019_Oct_17_1309,FaceNameControl_Picture&Audio,3.0.4,84.95591339,
76,FacesBlock1.xlsx,Kelsey.mp4,Kelsey.JPG,Kelsey,10,videoFrameKelsey.png,0,2,2,0,,,,,0,0,0,10,,,,Kelsey,"['lshift', 'k', 'e', 'l', 's', 'e', 'y']","[1.8017173390835524, 1.8737547879572958, 2.1439965579193085, 3.1682340840343386, 3.27335900394246, 3.61522325896658, 3.9209019420668483]",[1.80171,1.80171,4,43,1,2019_Oct_17_1309,FaceNameControl_Picture&Audio,3.0.4,84.95591339,
25,FacesBlock3.xlsx,Kevin.mp4,Kevin.JPG,Kevin,34,videoFrameKevin.png,0,0,0,2,,,,,0,9,9,4,,,,Nathan,"['lshift', 'n', 'a', 'h', 'backspace', 't', 'h', 'n', 'backspace', 'a', 'n', '1', 'backspace']","[1.6125710678752512, 1.7443294718395919, 1.944076457992196, 2.261619423981756, 2.6244556319434196, 2.791073218919337, 3.0970451289322227, 3.297073303023353, 3.648445694008842, 4.167986374814063, 4.226338603999466, 4.579696506028995, 5.096193850971758]",[1.61257,1.61257,2,43,1,2019_Oct_17_1309,FaceNameControl_Picture&Audio,3.0.4,84.95591339,
6,FacesBlock3.xlsx,Kevin.mp4,Kevin.JPG,Kevin,34,videoFrameKevin.png,0,0,0,2,0,5,5,4,,,,,1,1,0.233859233,,,,,,,43,1,2019_Oct_17_1309,FaceNameControl_Picture&Audio,3.0.4,84.95591339,
65,FacesBlock1.xlsx,Kyle.mp4,Kyle.JPG,Kyle,11,videoFrameKyle.png,0,2,2,0,0,4,4,11,,,,,0,1,0.614954432,,,,,,,43,1,2019_Oct_17_1309,FaceNameControl_Picture&Audio,3.0.4,84.95591339,
89,FacesBlock1.xlsx,Kyle.mp4,Kyle.JPG,Kyle,11,videoFrameKyle.png,0,2,2,0,,,,,0,13,13,11,,,,,None,,,,1,43,1,2019_Oct_17_1309,FaceNameControl_Picture&Audio,3.0.4,84.95591339,
2,FacesBlock3.xlsx,Lauren.mp4,Lauren.JPG,Lauren,35,videoFrameLauren.png,0,0,0,2,0,1,1,5,,,,,0,2,1.344135312,,,,,,,43,1,2019_Oct_17_1309,FaceNameControl_Picture&Audio,3.0.4,84.95591339,
28,FacesBlock3.xlsx,Lauren.mp4,Lauren.JPG,Lauren,35,videoFrameLauren.png,0,0,0,2,,,,,0,12,12,5,,,,,None,,,,1,43,1,2019_Oct_17_1309,FaceNameControl_Picture&Audio,3.0.4,84.95591339,
24,FacesBlock3.xlsx,Mark.mp4,Mark.JPG,Mark,36,videoFrameMark.png,0,0,0,2,,,,,0,8,8,6,,,,Nathan,"['lshift', 'n', 'a', 't', 'h', 'a', 'n']","[1.648214050102979, 1.7652727141976357, 1.9560195452068, 2.2021963000297546, 2.3089365041814744, 2.4852773670572788, 2.532588111003861]",[1.64821,1.64821,1,43,1,2019_Oct_17_1309,FaceNameControl_Picture&Audio,3.0.4,84.95591339,
8,FacesBlock3.xlsx,Mark.mp4,Mark.JPG,Mark,36,videoFrameMark.png,0,0,0,2,0,7,7,6,,,,,1,1,0.625997193,,,,,,,43,1,2019_Oct_17_1309,FaceNameControl_Picture&Audio,3.0.4,84.95591339,
71,FacesBlock1.xlsx,Matthew.mp4,Matthew.JPG,Matthew,12,videoFrameMatthew.png,0,2,2,0,0,10,10,12,,,,,1,1,0.967545153,,,,,,,43,1,2019_Oct_17_1309,FaceNameControl_Picture&Audio,3.0.4,84.95591339,
85,FacesBlock1.xlsx,Matthew.mp4,Matthew.JPG,Matthew,12,videoFrameMatthew.png,0,2,2,0,,,,,0,9,9,12,,,,Mathew,"['lshift', 'm', 'a', 't', 'h', 'e', 'w']","[1.6833971980959177, 1.8139945599250495, 1.9911754380445927, 2.2732366549316794, 3.1086028430145234, 3.379431681940332, 3.602441889932379]",[1.68339,1.68339,4,43,1,2019_Oct_17_1309,FaceNameControl_Picture&Audio,3.0.4,84.95591339,
93,FacesBlock2.xlsx,Megan.mp4,Megan.JPG,Megan,25,videoFrameMegan.png,0,3,3,1,0,2,2,10,,,,,1,2,1.544296572,,,,,,,43,1,2019_Oct_17_1309,FaceNameControl_Picture&Audio,3.0.4,84.95591339,
118,FacesBlock2.xlsx,Megan.mp4,Megan.JPG,Megan,25,videoFrameMegan.png,0,3,3,1,,,,,0,12,12,10,,,,Meagan,"['lshift', 'm', 'e', 'a', 'g', 'n', 'a', 'backspace', 'backspace', 'a', 'n']","[1.7076947041787207, 1.7563609001226723, 1.9565755191724747, 2.1090005931910127, 2.355855021160096, 2.6390147171914577, 3.262105317087844, 3.462118186056614, 3.92193799209781, 3.9567908491007984]",[1.70769,1.70769,4,43,1,2019_Oct_17_1309,FaceNameControl_Picture&Audio,3.0.4,84.95591339,
52,FacesBlock4.xlsx,Michael.mp4,Michael.JPG,Michael,57,videoFrameMichael.png,0,1,1,3,,,,,0,6,6,12,,,,,None,,,,1,43,1,2019_Oct_17_1309,FaceNameControl_Picture&Audio,3.0.4,84.95591339,
37,FacesBlock4.xlsx,Michael.mp4,Michael.JPG,Michael,57,videoFrameMichael.png,0,1,1,3,0,6,6,12,,,,,1,1,0.356507279,,,,,,,43,1,2019_Oct_17_1309,FaceNameControl_Picture&Audio,3.0.4,84.95591339,
60,FacesBlock4.xlsx,Michelle.mp4,Michelle.JPG,Michelle,58,videoFrameMichelle.png,0,1,1,3,,,,,0,14,14,13,,,,,None,,,,1,43,1,2019_Oct_17_1309,FaceNameControl_Picture&Audio,3.0.4,84.95591339,
31,FacesBlock4.xlsx,Michelle.mp4,Michelle.JPG,Michelle,58,videoFrameMichelle.png,0,1,1,3,0,0,0,13,,,,,1,2,2.038740912,,,,,,,43,1,2019_Oct_17_1309,FaceNameControl_Picture&Audio,3.0.4,84.95591339,
66,FacesBlock1.xlsx,Natalie.mp4,Natalie.JPG,Natalie,13,videoFrameNatalie.png,0,2,2,0,0,5,5,13,,,,,0,2,1.803077606,,,,,,,43,1,2019_Oct_17_1309,FaceNameControl_Picture&Audio,3.0.4,84.95591339,
87,FacesBlock1.xlsx,Natalie.mp4,Natalie.JPG,Natalie,13,videoFrameNatalie.png,0,2,2,0,,,,,0,11,11,13,,,,Natalie,"['lshift', 'n', 'a', 't', 'a', 'l', 'i', 'e']","[1.8471924918703735, 1.9195061968639493, 2.037351931910962, 2.318989624036476, 2.530891131842509, 2.590040215989575, 2.76688565290533, 2.813432689057663]",[1.84719,1.84719,4,43,1,2019_Oct_17_1309,FaceNameControl_Picture&Audio,3.0.4,84.95591339,
10,FacesBlock3.xlsx,Nathan.mp4,Nathan.JPG,Nathan,37,videoFrameNathan.png,0,0,0,2,0,9,9,7,,,,,0,1,0.591751113,,,,,,,43,1,2019_Oct_17_1309,FaceNameControl_Picture&Audio,3.0.4,84.95591339,
20,FacesBlock3.xlsx,Nathan.mp4,Nathan.JPG,Nathan,37,videoFrameNathan.png,0,0,0,2,,,,,0,4,4,7,,,,,None,,,,1,43,1,2019_Oct_17_1309,FaceNameControl_Picture&Audio,3.0.4,84.95591339,
5,FacesBlock3.xlsx,Nicole.mp4,Nicole.JPG,Nicole,38,videoFrameNicole.png,0,0,0,2,0,4,4,8,,,,,1,2,0.449830929,,,,,,,43,1,2019_Oct_17_1309,FaceNameControl_Picture&Audio,3.0.4,84.95591339,
16,FacesBlock3.xlsx,Nicole.mp4,Nicole.JPG,Nicole,38,videoFrameNicole.png,0,0,0,2,,,,,0,0,0,8,,,,   ,"['space', 'space', 'space']","[4.849593993043527, 7.638094475027174, 8.588532835943624]",[4.84959,4.84959,1,43,1,2019_Oct_17_1309,FaceNameControl_Picture&Audio,3.0.4,84.95591339,
19,FacesBlock3.xlsx,Noah.mp4,Noah.JPG,Noah,39,videoFrameNoah.png,0,0,0,2,,,,,0,3,3,9,,,,,None,,,,1,43,1,2019_Oct_17_1309,FaceNameControl_Picture&Audio,3.0.4,84.95591339,
3,FacesBlock3.xlsx,Noah.mp4,Noah.JPG,Noah,39,videoFrameNoah.png,0,0,0,2,0,2,2,9,,,,,1,1,0.19094817,,,,,,,43,1,2019_Oct_17_1309,FaceNameControl_Picture&Audio,3.0.4,84.95591339,
18,FacesBlock3.xlsx,Olivia.mp4,Olivia.JPG,Olivia,40,videoFrameOlivia.png,0,0,0,2,,,,,0,2,2,10,,,,Kay,"['lshift', 'k', 'a', 'y']","[5.954031670931727, 6.344235552009195, 6.6965904999524355, 9.696514138951898]",[5.95403,5.95403,1,43,1,2019_Oct_17_1309,FaceNameControl_Picture&Audio,3.0.4,84.95591339,
1,FacesBlock3.xlsx,Olivia.mp4,Olivia.JPG,Olivia,40,videoFrameOlivia.png,0,0,0,2,0,0,0,10,,,,,0,2,2.579651312,,,,,,,43,1,2019_Oct_17_1309,FaceNameControl_Picture&Audio,3.0.4,84.95591339,
92,FacesBlock2.xlsx,Rachel.mp4,Rachel.JPG,Rachel,26,videoFrameRachel.png,0,3,3,1,0,1,1,11,,,,,0,2,1.062305197,,,,,,,43,1,2019_Oct_17_1309,FaceNameControl_Picture&Audio,3.0.4,84.95591339,
112,FacesBlock2.xlsx,Rachel.mp4,Rachel.JPG,Rachel,26,videoFrameRachel.png,0,3,3,1,,,,,0,6,6,11,,,,,None,,,,1,43,1,2019_Oct_17_1309,FaceNameControl_Picture&Audio,3.0.4,84.95591339,
4,FacesBlock3.xlsx,Rebecca.mp4,Rebecca.JPG,Rebecca,41,videoFrameRebecca.png,0,0,0,2,0,3,3,11,,,,,0,2,0.273975899,,,,,,,43,1,2019_Oct_17_1309,FaceNameControl_Picture&Audio,3.0.4,84.95591339,
17,FacesBlock3.xlsx,Rebecca.mp4,Rebecca.JPG,Rebecca,41,videoFrameRebecca.png,0,0,0,2,,,,,0,1,1,11,,,, ,"['space', '1', 'backspace']","[2.4854202209971845, 7.9796026619151235, 9.120152322109789]",[2.48542,2.48542,1,43,1,2019_Oct_17_1309,FaceNameControl_Picture&Audio,3.0.4,84.95591339,
23,FacesBlock3.xlsx,Sarah.mp4,Sarah.JPG,Sarah,42,videoFrameSarah.png,0,0,0,2,,,,,0,7,7,12,,,,,None,,,,1,43,1,2019_Oct_17_1309,FaceNameControl_Picture&Audio,3.0.4,84.95591339,
7,FacesBlock3.xlsx,Sarah.mp4,Sarah.JPG,Sarah,42,videoFrameSarah.png,0,0,0,2,0,6,6,12,,,,,0,2,0.990961512,,,,,,,43,1,2019_Oct_17_1309,FaceNameControl_Picture&Audio,3.0.4,84.95591339,
11,FacesBlock3.xlsx,Shelby.mp4,Shelby.JPG,Shelby,43,videoFrameShelby.png,0,0,0,2,0,10,10,13,,,,,0,2,0.380056285,,,,,,,43,1,2019_Oct_17_1309,FaceNameControl_Picture&Audio,3.0.4,84.95591339,
27,FacesBlock3.xlsx,Shelby.mp4,Shelby.JPG,Shelby,43,videoFrameShelby.png,0,0,0,2,,,,,0,11,11,13,,,,,None,,,,1,43,1,2019_Oct_17_1309,FaceNameControl_Picture&Audio,3.0.4,84.95591339,
111,FacesBlock2.xlsx,Steven.mp4,Steven.JPG,Steven,27,videoFrameSteven.png,0,3,3,1,,,,,0,5,5,12,,,,,None,,,,1,43,1,2019_Oct_17_1309,FaceNameControl_Picture&Audio,3.0.4,84.95591339,
101,FacesBlock2.xlsx,Steven.mp4,Steven.JPG,Steven,27,videoFrameSteven.png,0,3,3,1,0,10,10,12,,,,,1,1,0.637426842,,,,,,,43,1,2019_Oct_17_1309,FaceNameControl_Picture&Audio,3.0.4,84.95591339,
50,FacesBlock4.xlsx,Taylor.mp4,Taylor.JPG,Taylor,59,videoFrameTaylor.png,0,1,1,3,,,,,0,4,4,14,,,,Ka,"['lshift', 'k', 'a']","[3.2605606629513204, 3.344673916930333, 3.791234028059989]",[3.26056,3.26056,1,43,1,2019_Oct_17_1309,FaceNameControl_Picture&Audio,3.0.4,84.95591339,
33,FacesBlock4.xlsx,Taylor.mp4,Taylor.JPG,Taylor,59,videoFrameTaylor.png,0,1,1,3,0,2,2,14,,,,,0,2,1.179437474,,,,,,,43,1,2019_Oct_17_1309,FaceNameControl_Picture&Audio,3.0.4,84.95591339,
26,FacesBlock3.xlsx,Thomas.mp4,Thomas.JPG,Thomas,44,videoFrameThomas.png,0,0,0,2,,,,,0,10,10,14,,,,Nathan,"['lshift', 'n', 'a', 't', 'h', 'a', 'n']","[3.34226819104515, 3.4625489600002766, 3.6856159390881658, 3.942231398075819, 4.049681568983942, 4.214937841985375, 4.285390932112932]",[3.34226,3.34226,1,43,1,2019_Oct_17_1309,FaceNameControl_Picture&Audio,3.0.4,84.95591339,
15,FacesBlock3.xlsx,Thomas.mp4,Thomas.JPG,Thomas,44,videoFrameThomas.png,0,0,0,2,0,14,14,14,,,,,1,1,0.343909453,,,,,,,43,1,2019_Oct_17_1309,FaceNameControl_Picture&Audio,3.0.4,84.95591339,
70,FacesBlock1.xlsx,Timothy.mp4,Timothy.JPG,Timothy,14,videoFrameTimothy.png,0,2,2,0,0,9,9,14,,,,,0,1,1.908687595,,,,,,,43,1,2019_Oct_17_1309,FaceNameControl_Picture&Audio,3.0.4,84.95591339,
84,FacesBlock1.xlsx,Timothy.mp4,Timothy.JPG,Timothy,14,videoFrameTimothy.png,0,2,2,0,,,,,0,8,8,14,,,,Ethan,"['lshift', 'e', 't', 'h', 'a', 'n']","[1.6127080160658807, 2.0377219640649855, 2.249226705171168, 2.2970584142021835, 2.4609656571410596, 2.508349374169484]",[1.61270,1.61270,1,43,1,2019_Oct_17_1309,FaceNameControl_Picture&Audio,3.0.4,84.95591339,
95,FacesBlock2.xlsx,Trevor.mp4,Trevor.JPG,Trevor,28,videoFrameTrevor.png,0,3,3,1,0,4,4,13,,,,,0,1,0.779012745,,,,,,,43,1,2019_Oct_17_1309,FaceNameControl_Picture&Audio,3.0.4,84.95591339,
114,FacesBlock2.xlsx,Trevor.mp4,Trevor.JPG,Trevor,28,videoFrameTrevor.png,0,3,3,1,,,,,0,8,8,13,,,,,None,,,,1,43,1,2019_Oct_17_1309,FaceNameControl_Picture&Audio,3.0.4,84.95591339,
119,FacesBlock2.xlsx,Tyler.mp4,Tyler.JPG,Tyler,29,videoFrameTyler.png,0,3,3,1,,,,,0,13,13,14,,,,Tylor,"['lshift', 't', 'y', 'l', 'o', 'r']","[2.7771939870435745, 2.8859053538180888, 4.250598731916398, 4.474421141901985, 4.521202655043453, 4.673706722911447]",[2.77719,2.77719,4,43,1,2019_Oct_17_1309,FaceNameControl_Picture&Audio,3.0.4,84.95591339,
94,FacesBlock2.xlsx,Tyler.mp4,Tyler.JPG,Tyler,29,videoFrameTyler.png,0,3,3,1,0,3,3,14,,,,,0,1,0.991540075,,,,,,,43,1,2019_Oct_17_1309,FaceNameControl_Picture&Audio,3.0.4,84.95591339,
0,,,,,,,,,,,,,,,,,,,,,,,,,,,,43,1,2019_Oct_17_1309,FaceNameControl_Picture&Audio,3.0.4,84.95591339,
121,,,,,,,,,,,,,,,,,,,,,,,,,,,,43,1,2019_Oct_17_1309,FaceNameControl_Picture&Audio,3.0.4,84.95591339,