,condsFile,Video,Photo,Name,Row,videoFrame,blocks.thisRepN,blocks.thisTrialN,blocks.thisN,blocks.thisIndex,presentations.thisRepN,presentations.thisTrialN,presentations.thisN,presentations.thisIndex,testing.thisRepN,testing.thisTrialN,testing.thisN,testing.thisIndex,currentCond,judgementResp.keys,judgementResp.rt,inputText,key_resp_3.keys,rating_resp.keys,key_resp_3.rt,,key_resp3_fin,participant,session,date,expName,psychopyVersion,frameRate,Unnamed: 31
85,FacesBlock2.xlsx,Aaron.mp4,Aaron.JPG,Aaron,15,videoFrameAaron.png,0,2,2,1,,,,,0,9,9,0,,,,,None,1,,,,5,1,2019_Jun_03_1459,FaceNameControl_Picture&Audio,3.0.4,60.06772827,
71,FacesBlock2.xlsx,Aaron.mp4,Aaron.JPG,Aaron,15,videoFrameAaron.png,0,2,2,1,0,10,10,0,,,,,1,1,0.469420057,,,,,,,5,1,2019_Jun_03_1459,FaceNameControl_Picture&Audio,3.0.4,60.06772827,
29,FacesBlock1.xlsx,Adam.mp4,Adam.JPG,Adam,0,videoFrameAdam.png,0,0,0,0,,,,,0,13,13,0,,,,,None,1,,,,5,1,2019_Jun_03_1459,FaceNameControl_Picture&Audio,3.0.4,60.06772827,
10,FacesBlock1.xlsx,Adam.mp4,Adam.JPG,Adam,0,videoFrameAdam.png,0,0,0,0,0,9,9,0,,,,,1,2,0.318725685,,,,,,,5,1,2019_Jun_03_1459,FaceNameControl_Picture&Audio,3.0.4,60.06772827,
47,FacesBlock4.xlsx,Alyssa.mp4,Alyssa.JPG,Alyssa,45,videoFrameAlyssa.png,0,1,1,3,,,,,0,1,1,0,,,,alyssa,"['a', 'l', 'y', 's', 's', 'a']",4,"[1.551040864083916, 1.7183351470157504, 2.034504837356508, 2.20147313317284, 2.401406016200781, 2.517916267272085]",[1.55104,1.55104,5,1,2019_Jun_03_1459,FaceNameControl_Picture&Audio,3.0.4,60.06772827,
41,FacesBlock4.xlsx,Alyssa.mp4,Alyssa.JPG,Alyssa,45,videoFrameAlyssa.png,0,1,1,3,0,10,10,0,,,,,0,2,1.002834343,,,,,,,5,1,2019_Jun_03_1459,FaceNameControl_Picture&Audio,3.0.4,60.06772827,
30,FacesBlock1.xlsx,Amanda.mp4,Amanda.JPG,Amanda,1,videoFrameAmanda.png,0,0,0,0,,,,,0,14,14,1,,,,,None,1,,,,5,1,2019_Jun_03_1459,FaceNameControl_Picture&Audio,3.0.4,60.06772827,
12,FacesBlock1.xlsx,Amanda.mp4,Amanda.JPG,Amanda,1,videoFrameAmanda.png,0,0,0,0,0,11,11,1,,,,,1,2,0.253060108,,,,,,,5,1,2019_Jun_03_1459,FaceNameControl_Picture&Audio,3.0.4,60.06772827,
51,FacesBlock4.xlsx,Andrew.mp4,Andrew.JPG,Andrew,46,videoFrameAndrew.png,0,1,1,3,,,,,0,5,5,1,,,,brandon,"['b', 'r', 'a', 'n', 'd', 'o', 'n']",2,"[2.0520237092860043, 2.268861873075366, 2.9518870851024985, 3.1350125512108207, 3.301009129267186, 3.6348283258266747, 3.7847439190372825]",[2.05202,2.05202,5,1,2019_Jun_03_1459,FaceNameControl_Picture&Audio,3.0.4,60.06772827,
39,FacesBlock4.xlsx,Andrew.mp4,Andrew.JPG,Andrew,46,videoFrameAndrew.png,0,1,1,3,0,8,8,1,,,,,1,1,0.902656583,,,,,,,5,1,2019_Jun_03_1459,FaceNameControl_Picture&Audio,3.0.4,60.06772827,
53,FacesBlock4.xlsx,Anna.mp4,Anna.JPG,Anna,47,videoFrameAnna.png,0,1,1,3,,,,,0,7,7,2,,,,b,"['b', 'r', 'i', 'a', 'n', 'n', 'a', 'backspace', 'backspace', 'backspace', 'backspace', 'backspace', 'backspace']",1,"[2.5519238160923123, 2.7681703749112785, 3.068374468013644, 3.251658102031797, 3.4181515211239457, 3.5680365771986544, 3.684984298888594, 7.966227249242365, 9.065800963900983, 9.315538534894586, 9.514981512911618, 9.71484485315159, 9.914884055964649]",[2.55192,2.55192,5,1,2019_Jun_03_1459,FaceNameControl_Picture&Audio,3.0.4,60.06772827,
42,FacesBlock4.xlsx,Anna.mp4,Anna.JPG,Anna,47,videoFrameAnna.png,0,1,1,3,0,11,11,2,,,,,1,2,0.936830856,,,,,,,5,1,2019_Jun_03_1459,FaceNameControl_Picture&Audio,3.0.4,60.06772827,
64,FacesBlock2.xlsx,Ashley.mp4,Ashley.JPG,Ashley,16,videoFrameAshley.png,0,2,2,1,0,3,3,1,,,,,0,2,0.669233154,,,,,,,5,1,2019_Jun_03_1459,FaceNameControl_Picture&Audio,3.0.4,60.06772827,
76,FacesBlock2.xlsx,Ashley.mp4,Ashley.JPG,Ashley,16,videoFrameAshley.png,0,2,2,1,,,,,0,0,0,1,,,,ashley,"['a', 's', 'h', 'l', 'e', 'y']",2,"[4.168017547111958, 4.318836158141494, 4.46811944199726, 4.8345956690609455, 4.968181381933391, 5.134187438059598]",[4.16801,4.16801,5,1,2019_Jun_03_1459,FaceNameControl_Picture&Audio,3.0.4,60.06772827,
11,FacesBlock1.xlsx,Bradley.mp4,Bradley.JPG,Bradley,2,videoFrameBradley.png,0,0,0,0,0,10,10,2,,,,,0,1,0.435879354,,,,,,,5,1,2019_Jun_03_1459,FaceNameControl_Picture&Audio,3.0.4,60.06772827,
23,FacesBlock1.xlsx,Bradley.mp4,Bradley.JPG,Bradley,2,videoFrameBradley.png,0,0,0,0,,,,,0,7,7,2,,,,bradley,"['b', 'r', 'a', 'd', 'l', 'e', 'y']",4,"[1.1521489727310836, 1.3187415045686066, 1.635414952877909, 1.8515533306635916, 2.1017696959897876, 2.2354291598312557, 2.4517276007682085]",[1.15214,1.15214,5,1,2019_Jun_03_1459,FaceNameControl_Picture&Audio,3.0.4,60.06772827,
32,FacesBlock4.xlsx,Brandon.mp4,Brandon.JPG,Brandon,48,videoFrameBrandon.png,0,1,1,3,0,1,1,3,,,,,1,1,1.218728397,,,,,,,5,1,2019_Jun_03_1459,FaceNameControl_Picture&Audio,3.0.4,60.06772827,
57,FacesBlock4.xlsx,Brandon.mp4,Brandon.JPG,Brandon,48,videoFrameBrandon.png,0,1,1,3,,,,,0,11,11,3,,,,,None,1,,,,5,1,2019_Jun_03_1459,FaceNameControl_Picture&Audio,3.0.4,60.06772827,
44,FacesBlock4.xlsx,Brian.mp4,Brian.JPG,Brian,49,videoFrameBrian.png,0,1,1,3,0,13,13,4,,,,,0,1,0.70313862,,,,,,,5,1,2019_Jun_03_1459,FaceNameControl_Picture&Audio,3.0.4,60.06772827,
48,FacesBlock4.xlsx,Brian.mp4,Brian.JPG,Brian,49,videoFrameBrian.png,0,1,1,3,,,,,0,2,2,4,,,,bryan,"['b', 'r', 'y', 'a', 'n']",4,"[1.8178766411729157, 1.918228155001998, 2.0996746672317386, 2.9180460940115154, 3.1007452942430973]",[1.81787,1.81787,5,1,2019_Jun_03_1459,FaceNameControl_Picture&Audio,3.0.4,60.06772827,
37,FacesBlock4.xlsx,Brianna.mp4,Brianna.JPG,Brianna,50,videoFrameBrianna.png,0,1,1,3,0,6,6,5,,,,,0,2,1.136653391,,,,,,,5,1,2019_Jun_03_1459,FaceNameControl_Picture&Audio,3.0.4,60.06772827,
58,FacesBlock4.xlsx,Brianna.mp4,Brianna.JPG,Brianna,50,videoFrameBrianna.png,0,1,1,3,,,,,0,12,12,5,,,,,None,1,,,,5,1,2019_Jun_03_1459,FaceNameControl_Picture&Audio,3.0.4,60.06772827,
83,FacesBlock2.xlsx,Brittany.mp4,Brittany.JPG,Brittany,17,videoFrameBrittany.png,0,2,2,1,,,,,0,7,7,2,,,,,None,1,,,,5,1,2019_Jun_03_1459,FaceNameControl_Picture&Audio,3.0.4,60.06772827,
61,FacesBlock2.xlsx,Brittany.mp4,Brittany.JPG,Brittany,17,videoFrameBrittany.png,0,2,2,1,0,0,0,2,,,,,0,2,2.302214625,,,,,,,5,1,2019_Jun_03_1459,FaceNameControl_Picture&Audio,3.0.4,60.06772827,
31,FacesBlock4.xlsx,Caleb.mp4,Caleb.JPG,Caleb,51,videoFrameCaleb.png,0,1,1,3,0,0,0,6,,,,,1,1,2.085965695,,,,,,,5,1,2019_Jun_03_1459,FaceNameControl_Picture&Audio,3.0.4,60.06772827,
46,FacesBlock4.xlsx,Caleb.mp4,Caleb.JPG,Caleb,51,videoFrameCaleb.png,0,1,1,3,,,,,0,0,0,6,,,,,None,1,,,,5,1,2019_Jun_03_1459,FaceNameControl_Picture&Audio,3.0.4,60.06772827,
70,FacesBlock2.xlsx,Cody.mp4,Cody.JPG,Cody,18,videoFrameCody.png,0,2,2,1,0,9,9,3,,,,,1,1,1.73515088,,,,,,,5,1,2019_Jun_03_1459,FaceNameControl_Picture&Audio,3.0.4,60.06772827,
77,FacesBlock2.xlsx,Cody.mp4,Cody.JPG,Cody,18,videoFrameCody.png,0,2,2,1,,,,,0,1,1,3,,,,cody,"['c', 'o', 'd', 'y']",1,"[3.9176754909567535, 4.117859472986311, 4.351203950121999, 4.66718170279637]",[3.91767,3.91767,5,1,2019_Jun_03_1459,FaceNameControl_Picture&Audio,3.0.4,60.06772827,
103,FacesBlock3.xlsx,Courtney.mp4,Courtney.JPG,Courtney,30,videoFrameCourtney.png,0,3,3,2,0,12,12,0,,,,,0,2,0.369478536,,,,,,,5,1,2019_Jun_03_1459,FaceNameControl_Picture&Audio,3.0.4,60.06772827,
116,FacesBlock3.xlsx,Courtney.mp4,Courtney.JPG,Courtney,30,videoFrameCourtney.png,0,3,3,2,,,,,0,10,10,0,,,,,None,1,,,,5,1,2019_Jun_03_1459,FaceNameControl_Picture&Audio,3.0.4,60.06772827,
94,FacesBlock3.xlsx,Daniel.mp4,Daniel.JPG,Daniel,31,videoFrameDaniel.png,0,3,3,2,0,3,3,1,,,,,1,1,0.686134005,,,,,,,5,1,2019_Jun_03_1459,FaceNameControl_Picture&Audio,3.0.4,60.06772827,
107,FacesBlock3.xlsx,Daniel.mp4,Daniel.JPG,Daniel,31,videoFrameDaniel.png,0,3,3,2,,,,,0,1,1,1,,,,,None,1,,,,5,1,2019_Jun_03_1459,FaceNameControl_Picture&Audio,3.0.4,60.06772827,
6,FacesBlock1.xlsx,Danielle.mp4,Danielle.JPG,Danielle,3,videoFrameDanielle.png,0,0,0,0,0,5,5,3,,,,,0,2,0.420263383,,,,,,,5,1,2019_Jun_03_1459,FaceNameControl_Picture&Audio,3.0.4,60.06772827,
22,FacesBlock1.xlsx,Danielle.mp4,Danielle.JPG,Danielle,3,videoFrameDanielle.png,0,0,0,0,,,,,0,6,6,3,,,,danielle,"['d', 'a', 'n', 'i', 'e', 'l', 'l', 'e']",4,"[1.2853116197511554, 1.5684966719709337, 1.8333051637746394, 3.2186073479242623, 3.3680738317780197, 3.701215765904635, 3.9011607957072556, 4.017936355900019]",[1.28531,1.28531,5,1,2019_Jun_03_1459,FaceNameControl_Picture&Audio,3.0.4,60.06772827,
72,FacesBlock2.xlsx,David.mp4,David.JPG,David,19,videoFrameDavid.png,0,2,2,1,0,11,11,4,,,,,1,1,0.302725756,,,,,,,5,1,2019_Jun_03_1459,FaceNameControl_Picture&Audio,3.0.4,60.06772827,
89,FacesBlock2.xlsx,David.mp4,David.JPG,David,19,videoFrameDavid.png,0,2,2,1,,,,,0,13,13,4,,,,,None,1,,,,5,1,2019_Jun_03_1459,FaceNameControl_Picture&Audio,3.0.4,60.06772827,
49,FacesBlock4.xlsx,Dylan.mp4,Dylan.JPG,Dylan,52,videoFrameDylan.png,0,1,1,3,,,,,0,3,3,7,,,,dylan,"['d', 'y', 'l', 'a', 'n']",4,"[2.0343944737687707, 2.2016569329425693, 2.684112840797752, 2.867597217205912, 3.0513843637891114]",[2.03439,2.03439,5,1,2019_Jun_03_1459,FaceNameControl_Picture&Audio,3.0.4,60.06772827,
45,FacesBlock4.xlsx,Dylan.mp4,Dylan.JPG,Dylan,52,videoFrameDylan.png,0,1,1,3,0,14,14,7,,,,,1,1,1.053091524,,,,,,,5,1,2019_Jun_03_1459,FaceNameControl_Picture&Audio,3.0.4,60.06772827,
56,FacesBlock4.xlsx,Emily.mp4,Emily.JPG,Emily,53,videoFrameEmily.png,0,1,1,3,,,,,0,10,10,8,,,,emily,"['e', 'm', 'i', 'l', 'y']",4,"[5.833953883033246, 5.933704065158963, 6.133745430037379, 6.450309778098017, 6.582996116951108]",[5.83395,5.83395,5,1,2019_Jun_03_1459,FaceNameControl_Picture&Audio,3.0.4,60.06772827,
34,FacesBlock4.xlsx,Emily.mp4,Emily.JPG,Emily,53,videoFrameEmily.png,0,1,1,3,0,3,3,8,,,,,1,2,1.052715526,,,,,,,5,1,2019_Jun_03_1459,FaceNameControl_Picture&Audio,3.0.4,60.06772827,
7,FacesBlock1.xlsx,Eric.mp4,Eric.JPG,Eric,4,videoFrameEric.png,0,0,0,0,0,6,6,4,,,,,1,1,0.336185692,,,,,,,5,1,2019_Jun_03_1459,FaceNameControl_Picture&Audio,3.0.4,60.06772827,
20,FacesBlock1.xlsx,Eric.mp4,Eric.JPG,Eric,4,videoFrameEric.png,0,0,0,0,,,,,0,4,4,4,,,,ricky,"['r', 'i', 'c', 'k', 'y']",1,"[8.400197048205882, 8.599250718019903, 8.849647662136704, 8.96546642202884, 9.332431458868086]",[8.40019,8.40019,5,1,2019_Jun_03_1459,FaceNameControl_Picture&Audio,3.0.4,60.06772827,
24,FacesBlock1.xlsx,Ethan.mp4,Ethan.JPG,Ethan,5,videoFrameEthan.png,0,0,0,0,,,,,0,8,8,5,,,,matt,"['m', 'a', 't', 't']",2,"[2.0853960728272796, 2.2846423308365047, 2.535092937760055, 2.7185167530551553]",[2.08539,2.08539,5,1,2019_Jun_03_1459,FaceNameControl_Picture&Audio,3.0.4,60.06772827,
5,FacesBlock1.xlsx,Ethan.mp4,Ethan.JPG,Ethan,5,videoFrameEthan.png,0,0,0,0,0,4,4,5,,,,,0,1,0.553543816,,,,,,,5,1,2019_Jun_03_1459,FaceNameControl_Picture&Audio,3.0.4,60.06772827,
35,FacesBlock4.xlsx,Grace.mp4,Grace.JPG,Grace,54,videoFrameGrace.png,0,1,1,3,0,4,4,9,,,,,0,2,0.653160279,,,,,,,5,1,2019_Jun_03_1459,FaceNameControl_Picture&Audio,3.0.4,60.06772827,
55,FacesBlock4.xlsx,Grace.mp4,Grace.JPG,Grace,54,videoFrameGrace.png,0,1,1,3,,,,,0,9,9,9,,,,grace,"['g', 'r', 'a', 'c', 'e']",4,"[2.7845250726677477, 3.050416796002537, 3.2010084590874612, 3.584192931652069, 3.717004975769669]",[2.78452,2.78452,5,1,2019_Jun_03_1459,FaceNameControl_Picture&Audio,3.0.4,60.06772827,
67,FacesBlock2.xlsx,Haley.mp4,Haley.JPG,Haley,20,videoFrameHaley.png,0,2,2,1,0,6,6,5,,,,,0,2,0.919085161,,,,,,,5,1,2019_Jun_03_1459,FaceNameControl_Picture&Audio,3.0.4,60.06772827,
86,FacesBlock2.xlsx,Haley.mp4,Haley.JPG,Haley,20,videoFrameHaley.png,0,2,2,1,,,,,0,10,10,5,,,,haley,"['h', 'a', 'l', 'e', 'y']",2,"[6.200262930709869, 6.36682086577639, 7.48335290979594, 7.683303897734731, 7.866384122055024]",[6.20026,6.20026,5,1,2019_Jun_03_1459,FaceNameControl_Picture&Audio,3.0.4,60.06772827,
4,FacesBlock1.xlsx,Hannah.mp4,Hannah.JPG,Hannah,6,videoFrameHannah.png,0,0,0,0,0,3,3,6,,,,,0,2,0.352795174,,,,,,,5,1,2019_Jun_03_1459,FaceNameControl_Picture&Audio,3.0.4,60.06772827,
21,FacesBlock1.xlsx,Hannah.mp4,Hannah.JPG,Hannah,6,videoFrameHannah.png,0,0,0,0,,,,,0,5,5,6,,,,,None,1,,,,5,1,2019_Jun_03_1459,FaceNameControl_Picture&Audio,3.0.4,60.06772827,
88,FacesBlock2.xlsx,Heather.mp4,Heather.JPG,Heather,21,videoFrameHeather.png,0,2,2,1,,,,,0,12,12,6,,,,,None,1,,,,5,1,2019_Jun_03_1459,FaceNameControl_Picture&Audio,3.0.4,60.06772827,
65,FacesBlock2.xlsx,Heather.mp4,Heather.JPG,Heather,21,videoFrameHeather.png,0,2,2,1,0,4,4,6,,,,,0,2,0.536586489,,,,,,,5,1,2019_Jun_03_1459,FaceNameControl_Picture&Audio,3.0.4,60.06772827,
111,FacesBlock3.xlsx,Jacob.mp4,Jacob.JPG,Jacob,32,videoFrameJacob.png,0,3,3,2,,,,,0,5,5,2,,,,jacob,"['j', 'a', 'c', 'o', 'b']",4,"[2.5679983058944345, 2.7015060619451106, 3.0344015122391284, 3.250974648166448, 3.517940682824701]",[2.56799,2.56799,5,1,2019_Jun_03_1459,FaceNameControl_Picture&Audio,3.0.4,60.06772827,
98,FacesBlock3.xlsx,Jacob.mp4,Jacob.JPG,Jacob,32,videoFrameJacob.png,0,3,3,2,0,7,7,2,,,,,0,1,0.752852394,,,,,,,5,1,2019_Jun_03_1459,FaceNameControl_Picture&Audio,3.0.4,60.06772827,
36,FacesBlock4.xlsx,Jason.mp4,Jason.JPG,Jason,55,videoFrameJason.png,0,1,1,3,0,5,5,10,,,,,1,1,1.036117448,,,,,,,5,1,2019_Jun_03_1459,FaceNameControl_Picture&Audio,3.0.4,60.06772827,
54,FacesBlock4.xlsx,Jason.mp4,Jason.JPG,Jason,55,videoFrameJason.png,0,1,1,3,,,,,0,8,8,10,,,,,None,1,,,,5,1,2019_Jun_03_1459,FaceNameControl_Picture&Audio,3.0.4,60.06772827,
25,FacesBlock1.xlsx,Jenna.mp4,Jenna.JPG,Jenna,7,videoFrameJenna.png,0,0,0,0,,,,,0,9,9,7,,,,,None,1,,,,5,1,2019_Jun_03_1459,FaceNameControl_Picture&Audio,3.0.4,60.06772827,
13,FacesBlock1.xlsx,Jenna.mp4,Jenna.JPG,Jenna,7,videoFrameJenna.png,0,0,0,0,0,12,12,7,,,,,0,2,0.386141843,,,,,,,5,1,2019_Jun_03_1459,FaceNameControl_Picture&Audio,3.0.4,60.06772827,
69,FacesBlock2.xlsx,Jeremy.mp4,Jeremy.JPG,Jeremy,22,videoFrameJeremy.png,0,2,2,1,0,8,8,7,,,,,1,1,0.436390995,,,,,,,5,1,2019_Jun_03_1459,FaceNameControl_Picture&Audio,3.0.4,60.06772827,
87,FacesBlock2.xlsx,Jeremy.mp4,Jeremy.JPG,Jeremy,22,videoFrameJeremy.png,0,2,2,1,,,,,0,11,11,7,,,,,None,1,,,,5,1,2019_Jun_03_1459,FaceNameControl_Picture&Audio,3.0.4,60.06772827,
18,FacesBlock1.xlsx,Jessica.mp4,Jessica.JPG,Jessica,8,videoFrameJessica.png,0,0,0,0,,,,,0,2,2,8,,,,jenna,"['j', 'e', 'n', 'n', 'a']",2,"[4.968352421652526, 5.267867656890303, 6.0175819168798625, 6.23405222594738, 6.3837070828303695]",[4.96835,4.96835,5,1,2019_Jun_03_1459,FaceNameControl_Picture&Audio,3.0.4,60.06772827,
2,FacesBlock1.xlsx,Jessica.mp4,Jessica.JPG,Jessica,8,videoFrameJessica.png,0,0,0,0,0,1,1,8,,,,,1,2,0.686823807,,,,,,,5,1,2019_Jun_03_1459,FaceNameControl_Picture&Audio,3.0.4,60.06772827,
81,FacesBlock2.xlsx,Josh.mp4,Josh.JPG,Josh,23,videoFrameJosh.png,0,2,2,1,,,,,0,5,5,8,,,,,None,1,,,,5,1,2019_Jun_03_1459,FaceNameControl_Picture&Audio,3.0.4,60.06772827,
62,FacesBlock2.xlsx,Josh.mp4,Josh.JPG,Josh,23,videoFrameJosh.png,0,2,2,1,0,1,1,8,,,,,0,1,0.986320917,,,,,,,5,1,2019_Jun_03_1459,FaceNameControl_Picture&Audio,3.0.4,60.06772827,
16,FacesBlock1.xlsx,Julia.mp4,Julia.JPG,Julia,9,videoFrameJulia.png,0,0,0,0,,,,,0,0,0,9,,,,,None,1,,,,5,1,2019_Jun_03_1459,FaceNameControl_Picture&Audio,3.0.4,60.06772827,
8,FacesBlock1.xlsx,Julia.mp4,Julia.JPG,Julia,9,videoFrameJulia.png,0,0,0,0,0,7,7,9,,,,,1,2,0.369661487,,,,,,,5,1,2019_Jun_03_1459,FaceNameControl_Picture&Audio,3.0.4,60.06772827,
82,FacesBlock2.xlsx,Justin.mp4,Justin.JPG,Justin,24,videoFrameJustin.png,0,2,2,1,,,,,0,6,6,9,,,,justin,"['j', 'u', 's', 't', 'i', 'n']",4,"[1.4688319638371468, 1.7178984968923032, 1.8519538259133697, 2.18512479076162, 2.3852785797789693, 2.55119119072333]",[1.46883,1.46883,5,1,2019_Jun_03_1459,FaceNameControl_Picture&Audio,3.0.4,60.06772827,
66,FacesBlock2.xlsx,Justin.mp4,Justin.JPG,Justin,24,videoFrameJustin.png,0,2,2,1,0,5,5,9,,,,,1,1,0.735596748,,,,,,,5,1,2019_Jun_03_1459,FaceNameControl_Picture&Audio,3.0.4,60.06772827,
38,FacesBlock4.xlsx,Katie.mp4,Katie.JPG,Katie,56,videoFrameKatie.png,0,1,1,3,0,7,7,11,,,,,0,2,1.269253808,,,,,,,5,1,2019_Jun_03_1459,FaceNameControl_Picture&Audio,3.0.4,60.06772827,
52,FacesBlock4.xlsx,Katie.mp4,Katie.JPG,Katie,56,videoFrameKatie.png,0,1,1,3,,,,,0,6,6,11,,,,katie,"['k', 'a', 't', 'i', 'e']",4,"[2.9017437347210944, 3.051633033901453, 3.884473954793066, 4.100994660053402, 4.318024388048798]",[2.90174,2.90174,5,1,2019_Jun_03_1459,FaceNameControl_Picture&Audio,3.0.4,60.06772827,
95,FacesBlock3.xlsx,Kayla.mp4,Kayla.JPG,Kayla,33,videoFrameKayla.png,0,3,3,2,0,4,4,3,,,,,1,2,0.752926129,,,,,,,5,1,2019_Jun_03_1459,FaceNameControl_Picture&Audio,3.0.4,60.06772827,
112,FacesBlock3.xlsx,Kayla.mp4,Kayla.JPG,Kayla,33,videoFrameKayla.png,0,3,3,2,,,,,0,6,6,3,,,,,None,1,,,,5,1,2019_Jun_03_1459,FaceNameControl_Picture&Audio,3.0.4,60.06772827,
27,FacesBlock1.xlsx,Kelsey.mp4,Kelsey.JPG,Kelsey,10,videoFrameKelsey.png,0,0,0,0,,,,,0,11,11,10,,,,,None,1,,,,5,1,2019_Jun_03_1459,FaceNameControl_Picture&Audio,3.0.4,60.06772827,
15,FacesBlock1.xlsx,Kelsey.mp4,Kelsey.JPG,Kelsey,10,videoFrameKelsey.png,0,0,0,0,0,14,14,10,,,,,1,2,0.303461146,,,,,,,5,1,2019_Jun_03_1459,FaceNameControl_Picture&Audio,3.0.4,60.06772827,
96,FacesBlock3.xlsx,Kevin.mp4,Kevin.JPG,Kevin,34,videoFrameKevin.png,0,3,3,2,0,5,5,4,,,,,1,1,0.585567745,,,,,,,5,1,2019_Jun_03_1459,FaceNameControl_Picture&Audio,3.0.4,60.06772827,
113,FacesBlock3.xlsx,Kevin.mp4,Kevin.JPG,Kevin,34,videoFrameKevin.png,0,3,3,2,,,,,0,7,7,4,,,,,None,1,,,,5,1,2019_Jun_03_1459,FaceNameControl_Picture&Audio,3.0.4,60.06772827,
26,FacesBlock1.xlsx,Kyle.mp4,Kyle.JPG,Kyle,11,videoFrameKyle.png,0,0,0,0,,,,,0,10,10,11,,,,eric,"['e', 'r', 'i', 'c']",2,"[7.616054915357381, 7.849419726990163, 8.016165166161954, 8.19729617703706]",[7.61605,7.61605,5,1,2019_Jun_03_1459,FaceNameControl_Picture&Audio,3.0.4,60.06772827,
3,FacesBlock1.xlsx,Kyle.mp4,Kyle.JPG,Kyle,11,videoFrameKyle.png,0,0,0,0,0,2,2,11,,,,,0,1,0.4188126,,,,,,,5,1,2019_Jun_03_1459,FaceNameControl_Picture&Audio,3.0.4,60.06772827,
117,FacesBlock3.xlsx,Lauren.mp4,Lauren.JPG,Lauren,35,videoFrameLauren.png,0,3,3,2,,,,,0,11,11,5,,,,sarah,"['s', 'a', 'r', 'a', 'h']",3,"[2.832461533136666, 2.950724715832621, 3.167754600290209, 3.333598400000483, 4.366877775173634]",[2.83246,2.83246,5,1,2019_Jun_03_1459,FaceNameControl_Picture&Audio,3.0.4,60.06772827,
102,FacesBlock3.xlsx,Lauren.mp4,Lauren.JPG,Lauren,35,videoFrameLauren.png,0,3,3,2,0,11,11,5,,,,,1,2,0.419887456,,,,,,,5,1,2019_Jun_03_1459,FaceNameControl_Picture&Audio,3.0.4,60.06772827,
100,FacesBlock3.xlsx,Mark.mp4,Mark.JPG,Mark,36,videoFrameMark.png,0,3,3,2,0,9,9,6,,,,,0,1,0.716406748,,,,,,,5,1,2019_Jun_03_1459,FaceNameControl_Picture&Audio,3.0.4,60.06772827,
109,FacesBlock3.xlsx,Mark.mp4,Mark.JPG,Mark,36,videoFrameMark.png,0,3,3,2,,,,,0,3,3,6,,,,,None,1,,,,5,1,2019_Jun_03_1459,FaceNameControl_Picture&Audio,3.0.4,60.06772827,
1,FacesBlock1.xlsx,Matthew.mp4,Matthew.JPG,Matthew,12,videoFrameMatthew.png,0,0,0,0,0,0,0,12,,,,,1,1,1.683289515,,,,,,,5,1,2019_Jun_03_1459,FaceNameControl_Picture&Audio,3.0.4,60.06772827,
19,FacesBlock1.xlsx,Matthew.mp4,Matthew.JPG,Matthew,12,videoFrameMatthew.png,0,0,0,0,,,,,0,3,3,12,,,,,None,1,,,,5,1,2019_Jun_03_1459,FaceNameControl_Picture&Audio,3.0.4,60.06772827,
75,FacesBlock2.xlsx,Megan.mp4,Megan.JPG,Megan,25,videoFrameMegan.png,0,2,2,1,0,14,14,10,,,,,0,2,0.369560237,,,,,,,5,1,2019_Jun_03_1459,FaceNameControl_Picture&Audio,3.0.4,60.06772827,
90,FacesBlock2.xlsx,Megan.mp4,Megan.JPG,Megan,25,videoFrameMegan.png,0,2,2,1,,,,,0,14,14,10,,,,megan,"['m', 'a', 'g', 'backspace', 'backspace', 'e', 'g', 'a', 'n']",4,"[1.6187978419475257, 1.8025485188700259, 2.1357227149419487, 3.11639970401302, 3.3683275189250708, 3.9019268951378763, 4.25189410103485, 4.451812629122287, 4.634585551917553]",[1.61879,1.61879,5,1,2019_Jun_03_1459,FaceNameControl_Picture&Audio,3.0.4,60.06772827,
59,FacesBlock4.xlsx,Michael.mp4,Michael.JPG,Michael,57,videoFrameMichael.png,0,1,1,3,,,,,0,13,13,12,,,,michael,"['m', 'i', 'c', 'h', 'a', 'e', 'l']",2,"[4.334217425901443, 4.617431767750531, 4.851048574782908, 6.450300083030015, 6.767298792023212, 6.933710116893053, 7.066848774906248]",[4.33421,4.33421,5,1,2019_Jun_03_1459,FaceNameControl_Picture&Audio,3.0.4,60.06772827,
43,FacesBlock4.xlsx,Michael.mp4,Michael.JPG,Michael,57,videoFrameMichael.png,0,1,1,3,0,12,12,12,,,,,0,1,1.083259186,,,,,,,5,1,2019_Jun_03_1459,FaceNameControl_Picture&Audio,3.0.4,60.06772827,
50,FacesBlock4.xlsx,Michelle.mp4,Michelle.JPG,Michelle,58,videoFrameMichelle.png,0,1,1,3,,,,,0,4,4,13,,,,michelle,"['m', 'i', 'c', 'h', 'e', 'l', 'l', 'e']",4,"[1.7524691908620298, 1.9172193678095937, 2.13386011403054, 2.3356868429109454, 2.6020591417327523, 2.885415107011795, 3.08457094989717, 3.2352632307447493]",[1.75246,1.75246,5,1,2019_Jun_03_1459,FaceNameControl_Picture&Audio,3.0.4,60.06772827,
40,FacesBlock4.xlsx,Michelle.mp4,Michelle.JPG,Michelle,58,videoFrameMichelle.png,0,1,1,3,0,9,9,13,,,,,0,2,0.870129095,,,,,,,5,1,2019_Jun_03_1459,FaceNameControl_Picture&Audio,3.0.4,60.06772827,
9,FacesBlock1.xlsx,Natalie.mp4,Natalie.JPG,Natalie,13,videoFrameNatalie.png,0,0,0,0,0,8,8,13,,,,,1,1,0.337033379,,,,,,,5,1,2019_Jun_03_1459,FaceNameControl_Picture&Audio,3.0.4,60.06772827,
17,FacesBlock1.xlsx,Natalie.mp4,Natalie.JPG,Natalie,13,videoFrameNatalie.png,0,0,0,0,,,,,0,1,1,13,,,,natalie,"['n', 'a', 't', 'a', 'l', 'i', 'e']",4,"[1.4504099050536752, 1.651999544352293, 1.8670706511475146, 2.0021682223305106, 2.866444122977555, 3.0186571469530463, 3.2016010130755603]",[1.45040,1.45040,5,1,2019_Jun_03_1459,FaceNameControl_Picture&Audio,3.0.4,60.06772827,
108,FacesBlock3.xlsx,Nathan.mp4,Nathan.JPG,Nathan,37,videoFrameNathan.png,0,3,3,2,,,,,0,2,2,7,,,,ethan,"['e', 't', 'h', 'a', 'n']",4,"[1.7018957952968776, 2.018587627913803, 2.2019540281035006, 2.368600101210177, 2.551426680292934]",[1.70189,1.70189,5,1,2019_Jun_03_1459,FaceNameControl_Picture&Audio,3.0.4,60.06772827,
92,FacesBlock3.xlsx,Nathan.mp4,Nathan.JPG,Nathan,37,videoFrameNathan.png,0,3,3,2,0,1,1,7,,,,,1,1,1.235786635,,,,,,,5,1,2019_Jun_03_1459,FaceNameControl_Picture&Audio,3.0.4,60.06772827,
104,FacesBlock3.xlsx,Nicole.mp4,Nicole.JPG,Nicole,38,videoFrameNicole.png,0,3,3,2,0,13,13,8,,,,,0,2,0.71938748,,,,,,,5,1,2019_Jun_03_1459,FaceNameControl_Picture&Audio,3.0.4,60.06772827,
114,FacesBlock3.xlsx,Nicole.mp4,Nicole.JPG,Nicole,38,videoFrameNicole.png,0,3,3,2,,,,,0,8,8,8,,,,,None,1,,,,5,1,2019_Jun_03_1459,FaceNameControl_Picture&Audio,3.0.4,60.06772827,
99,FacesBlock3.xlsx,Noah.mp4,Noah.JPG,Noah,39,videoFrameNoah.png,0,3,3,2,0,8,8,9,,,,,1,2,0.653597871,,,,,,,5,1,2019_Jun_03_1459,FaceNameControl_Picture&Audio,3.0.4,60.06772827,
110,FacesBlock3.xlsx,Noah.mp4,Noah.JPG,Noah,39,videoFrameNoah.png,0,3,3,2,,,,,0,4,4,9,,,,noah,"['n', 'o', 'a', 'h']",4,"[2.9346454651094973, 3.085245753172785, 3.251615824177861, 3.4183545783162117]",[2.93464,2.93464,5,1,2019_Jun_03_1459,FaceNameControl_Picture&Audio,3.0.4,60.06772827,
93,FacesBlock3.xlsx,Olivia.mp4,Olivia.JPG,Olivia,40,videoFrameOlivia.png,0,3,3,2,0,2,2,10,,,,,0,2,0.786577474,,,,,,,5,1,2019_Jun_03_1459,FaceNameControl_Picture&Audio,3.0.4,60.06772827,
119,FacesBlock3.xlsx,Olivia.mp4,Olivia.JPG,Olivia,40,videoFrameOlivia.png,0,3,3,2,,,,,0,13,13,10,,,,,None,1,,,,5,1,2019_Jun_03_1459,FaceNameControl_Picture&Audio,3.0.4,60.06772827,
68,FacesBlock2.xlsx,Rachel.mp4,Rachel.JPG,Rachel,26,videoFrameRachel.png,0,2,2,1,0,7,7,11,,,,,0,2,0.752102801,,,,,,,5,1,2019_Jun_03_1459,FaceNameControl_Picture&Audio,3.0.4,60.06772827,
80,FacesBlock2.xlsx,Rachel.mp4,Rachel.JPG,Rachel,26,videoFrameRachel.png,0,2,2,1,,,,,0,4,4,11,,,,,None,1,,,,5,1,2019_Jun_03_1459,FaceNameControl_Picture&Audio,3.0.4,60.06772827,
91,FacesBlock3.xlsx,Rebecca.mp4,Rebecca.JPG,Rebecca,41,videoFrameRebecca.png,0,3,3,2,0,0,0,11,,,,,0,2,0.852588172,,,,,,,5,1,2019_Jun_03_1459,FaceNameControl_Picture&Audio,3.0.4,60.06772827,
118,FacesBlock3.xlsx,Rebecca.mp4,Rebecca.JPG,Rebecca,41,videoFrameRebecca.png,0,3,3,2,,,,,0,12,12,11,,,,,None,1,,,,5,1,2019_Jun_03_1459,FaceNameControl_Picture&Audio,3.0.4,60.06772827,
120,FacesBlock3.xlsx,Sarah.mp4,Sarah.JPG,Sarah,42,videoFrameSarah.png,0,3,3,2,,,,,0,14,14,12,,,,sarah,"['s', 'a', 'r', 'a', 'h']",3,"[7.466963111888617, 7.600367845967412, 8.166936356108636, 8.383688424248248, 8.48364962497726]",[7.46696,7.46696,5,1,2019_Jun_03_1459,FaceNameControl_Picture&Audio,3.0.4,60.06772827,
97,FacesBlock3.xlsx,Sarah.mp4,Sarah.JPG,Sarah,42,videoFrameSarah.png,0,3,3,2,0,6,6,12,,,,,1,2,0.636311999,,,,,,,5,1,2019_Jun_03_1459,FaceNameControl_Picture&Audio,3.0.4,60.06772827,
106,FacesBlock3.xlsx,Shelby.mp4,Shelby.JPG,Shelby,43,videoFrameShelby.png,0,3,3,2,,,,,0,0,0,13,,,,sarah,"['s', 'a', 'r', 'a', 'h']",1,"[7.217611188068986, 7.367151873186231, 7.500486634206027, 7.633561035152525, 7.883373104967177]",[7.21761,7.21761,5,1,2019_Jun_03_1459,FaceNameControl_Picture&Audio,3.0.4,60.06772827,
105,FacesBlock3.xlsx,Shelby.mp4,Shelby.JPG,Shelby,43,videoFrameShelby.png,0,3,3,2,0,14,14,13,,,,,0,2,0.335906706,,,,,,,5,1,2019_Jun_03_1459,FaceNameControl_Picture&Audio,3.0.4,60.06772827,
79,FacesBlock2.xlsx,Steven.mp4,Steven.JPG,Steven,27,videoFrameSteven.png,0,2,2,1,,,,,0,3,3,12,,,,,None,1,,,,5,1,2019_Jun_03_1459,FaceNameControl_Picture&Audio,3.0.4,60.06772827,
74,FacesBlock2.xlsx,Steven.mp4,Steven.JPG,Steven,27,videoFrameSteven.png,0,2,2,1,0,13,13,12,,,,,1,1,1.086296546,,,,,,,5,1,2019_Jun_03_1459,FaceNameControl_Picture&Audio,3.0.4,60.06772827,
33,FacesBlock4.xlsx,Taylor.mp4,Taylor.JPG,Taylor,59,videoFrameTaylor.png,0,1,1,3,0,2,2,14,,,,,0,2,0.868946728,,,,,,,5,1,2019_Jun_03_1459,FaceNameControl_Picture&Audio,3.0.4,60.06772827,
60,FacesBlock4.xlsx,Taylor.mp4,Taylor.JPG,Taylor,59,videoFrameTaylor.png,0,1,1,3,,,,,0,14,14,14,,,,,None,1,,,,5,1,2019_Jun_03_1459,FaceNameControl_Picture&Audio,3.0.4,60.06772827,
101,FacesBlock3.xlsx,Thomas.mp4,Thomas.JPG,Thomas,44,videoFrameThomas.png,0,3,3,2,0,10,10,14,,,,,1,1,0.7529013,,,,,,,5,1,2019_Jun_03_1459,FaceNameControl_Picture&Audio,3.0.4,60.06772827,
115,FacesBlock3.xlsx,Thomas.mp4,Thomas.JPG,Thomas,44,videoFrameThomas.png,0,3,3,2,,,,,0,9,9,14,,,,,None,1,,,,5,1,2019_Jun_03_1459,FaceNameControl_Picture&Audio,3.0.4,60.06772827,
28,FacesBlock1.xlsx,Timothy.mp4,Timothy.JPG,Timothy,14,videoFrameTimothy.png,0,0,0,0,,,,,0,12,12,14,,,,eric,"['e', 'r', 'i', 'c']",3,"[2.8350920067168772, 2.968175384681672, 3.1849485728889704, 3.368032077793032]",[2.83509,2.83509,5,1,2019_Jun_03_1459,FaceNameControl_Picture&Audio,3.0.4,60.06772827,
14,FacesBlock1.xlsx,Timothy.mp4,Timothy.JPG,Timothy,14,videoFrameTimothy.png,0,0,0,0,0,13,13,14,,,,,0,1,0.319311176,,,,,,,5,1,2019_Jun_03_1459,FaceNameControl_Picture&Audio,3.0.4,60.06772827,
84,FacesBlock2.xlsx,Trevor.mp4,Trevor.JPG,Trevor,28,videoFrameTrevor.png,0,2,2,1,,,,,0,8,8,13,,,,,None,1,,,,5,1,2019_Jun_03_1459,FaceNameControl_Picture&Audio,3.0.4,60.06772827,
63,FacesBlock2.xlsx,Trevor.mp4,Trevor.JPG,Trevor,28,videoFrameTrevor.png,0,2,2,1,0,2,2,13,,,,,1,1,0.836395888,,,,,,,5,1,2019_Jun_03_1459,FaceNameControl_Picture&Audio,3.0.4,60.06772827,
78,FacesBlock2.xlsx,Tyler.mp4,Tyler.JPG,Tyler,29,videoFrameTyler.png,0,2,2,1,,,,,0,2,2,14,,,,,None,1,,,,5,1,2019_Jun_03_1459,FaceNameControl_Picture&Audio,3.0.4,60.06772827,
73,FacesBlock2.xlsx,Tyler.mp4,Tyler.JPG,Tyler,29,videoFrameTyler.png,0,2,2,1,0,12,12,14,,,,,0,1,0.553252802,,,,,,,5,1,2019_Jun_03_1459,FaceNameControl_Picture&Audio,3.0.4,60.06772827,
0,,,,,,,,,,,,,,,,,,,,,,,,,,,,5,1,2019_Jun_03_1459,FaceNameControl_Picture&Audio,3.0.4,60.06772827,
121,,,,,,,,,,,,,,,,,,,,,,,,,,,,5,1,2019_Jun_03_1459,FaceNameControl_Picture&Audio,3.0.4,60.06772827,