,condsFile,Video,Photo,Name,Row,videoFrame,blocks.thisRepN,blocks.thisTrialN,blocks.thisN,blocks.thisIndex,presentations.thisRepN,presentations.thisTrialN,presentations.thisN,presentations.thisIndex,testing.thisRepN,testing.thisTrialN,testing.thisN,testing.thisIndex,currentCond,judgementResp.keys,judgementResp.rt,inputText,key_resp_3.keys,key_resp_3.rt,,key_resp3_fin,rating_resp.keys,participant,session,date,expName,psychopyVersion,frameRate,Unnamed: 31
60,FacesBlock2.xlsx,Aaron.mp4,Aaron.JPG,Aaron,15,videoFrameAaron.png,0,1,1,1,,,,,0,14,14,0,,,,,None,,,,1,8,1,2019_Jun_05_1054,FaceNameControl_Picture&Audio,3.0.4,60.19920963,
41,FacesBlock2.xlsx,Aaron.mp4,Aaron.JPG,Aaron,15,videoFrameAaron.png,0,1,1,1,0,10,10,0,,,,,0,1,1.052098777,,,,,,,8,1,2019_Jun_05_1054,FaceNameControl_Picture&Audio,3.0.4,60.19920963,
77,FacesBlock1.xlsx,Adam.mp4,Adam.JPG,Adam,0,videoFrameAdam.png,0,2,2,0,,,,,0,1,1,0,,,,,None,,,,1,8,1,2019_Jun_05_1054,FaceNameControl_Picture&Audio,3.0.4,60.19920963,
68,FacesBlock1.xlsx,Adam.mp4,Adam.JPG,Adam,0,videoFrameAdam.png,0,2,2,0,0,7,7,0,,,,,0,1,0.650686917,,,,,,,8,1,2019_Jun_05_1054,FaceNameControl_Picture&Audio,3.0.4,60.19920963,
102,FacesBlock4.xlsx,Alyssa.mp4,Alyssa.JPG,Alyssa,45,videoFrameAlyssa.png,0,3,3,3,0,11,11,0,,,,,0,2,0.836185744,,,,,,,8,1,2019_Jun_05_1054,FaceNameControl_Picture&Audio,3.0.4,60.19920963,
119,FacesBlock4.xlsx,Alyssa.mp4,Alyssa.JPG,Alyssa,45,videoFrameAlyssa.png,0,3,3,3,,,,,0,13,13,0,,,,samantha,"['s', 'a', 'm', 'a', 'n', 't', 'h', 'a']","[3.568113342858851, 3.784701299853623, 3.951221796683967, 4.035115156788379, 4.650693536736071, 5.050846506841481, 5.200985294766724, 5.317824574653059]",[3.56811,3.56811,2,8,1,2019_Jun_05_1054,FaceNameControl_Picture&Audio,3.0.4,60.19920963,
79,FacesBlock1.xlsx,Amanda.mp4,Amanda.JPG,Amanda,1,videoFrameAmanda.png,0,2,2,0,,,,,0,3,3,1,,,,mckenzie,"['m', 'c', 'k', 'e', 'n', 's', 'backspace', 'z', 'i', 'e']","[4.134970333892852, 4.385413354728371, 4.63461620407179, 4.768126648850739, 4.95149486977607, 5.201275006867945, 5.783477135933936, 5.984148531686515, 6.115779477637261, 6.367692057043314]",[4.13497,4.13497,2,8,1,2019_Jun_05_1054,FaceNameControl_Picture&Audio,3.0.4,60.19920963,
66,FacesBlock1.xlsx,Amanda.mp4,Amanda.JPG,Amanda,1,videoFrameAmanda.png,0,2,2,0,0,5,5,1,,,,,0,2,0.435838317,,,,,,,8,1,2019_Jun_05_1054,FaceNameControl_Picture&Audio,3.0.4,60.19920963,
107,FacesBlock4.xlsx,Andrew.mp4,Andrew.JPG,Andrew,46,videoFrameAndrew.png,0,3,3,3,,,,,0,1,1,1,,,,jason,"['j', 'a', 'backspace', 'a', 's', 'o', 'n']","[6.333712415304035, 6.5171044752933085, 7.36632544407621, 7.866631572134793, 8.100135393906385, 8.249837219249457, 8.449657259043306]",[6.33371,6.33371,2,8,1,2019_Jun_05_1054,FaceNameControl_Picture&Audio,3.0.4,60.19920963,
103,FacesBlock4.xlsx,Andrew.mp4,Andrew.JPG,Andrew,46,videoFrameAndrew.png,0,3,3,3,0,12,12,1,,,,,1,1,0.286472009,,,,,,,8,1,2019_Jun_05_1054,FaceNameControl_Picture&Audio,3.0.4,60.19920963,
93,FacesBlock4.xlsx,Anna.mp4,Anna.JPG,Anna,47,videoFrameAnna.png,0,3,3,3,0,2,2,2,,,,,1,1,0.61909695,,,,,,,8,1,2019_Jun_05_1054,FaceNameControl_Picture&Audio,3.0.4,60.19920963,
120,FacesBlock4.xlsx,Anna.mp4,Anna.JPG,Anna,47,videoFrameAnna.png,0,3,3,3,,,,,0,14,14,2,,,,anna,"['a', 'n', 'n', 'a']","[1.2510340297594666, 1.4513772488571703, 1.5847066729329526, 1.7848112769424915]",[1.25103,1.25103,4,8,1,2019_Jun_05_1054,FaceNameControl_Picture&Audio,3.0.4,60.19920963,
57,FacesBlock2.xlsx,Ashley.mp4,Ashley.JPG,Ashley,16,videoFrameAshley.png,0,1,1,1,,,,,0,11,11,1,,,,megan,"['m', 'e', 'g', 'a', 'n']","[1.7016266989521682, 1.8514458648860455, 2.067887695040554, 2.267338910140097, 2.3841504021547735]",[1.70162,1.70162,3,8,1,2019_Jun_05_1054,FaceNameControl_Picture&Audio,3.0.4,60.19920963,
44,FacesBlock2.xlsx,Ashley.mp4,Ashley.JPG,Ashley,16,videoFrameAshley.png,0,1,1,1,0,13,13,1,,,,,1,2,0.469678372,,,,,,,8,1,2019_Jun_05_1054,FaceNameControl_Picture&Audio,3.0.4,60.19920963,
75,FacesBlock1.xlsx,Bradley.mp4,Bradley.JPG,Bradley,2,videoFrameBradley.png,0,2,2,0,0,14,14,2,,,,,0,1,0.402512996,,,,,,,8,1,2019_Jun_05_1054,FaceNameControl_Picture&Audio,3.0.4,60.19920963,
86,FacesBlock1.xlsx,Bradley.mp4,Bradley.JPG,Bradley,2,videoFrameBradley.png,0,2,2,0,,,,,0,10,10,2,,,,bradley,"['b', 'r', 'a', 'd', 'l', 'e', 'y']","[1.6018820381723344, 1.6691547981463373, 2.001568463165313, 2.1350627169013023, 2.5506920320913196, 2.7177049992606044, 3.2014784938655794]",[1.60188,1.60188,4,8,1,2019_Jun_05_1054,FaceNameControl_Picture&Audio,3.0.4,60.19920963,
118,FacesBlock4.xlsx,Brandon.mp4,Brandon.JPG,Brandon,48,videoFrameBrandon.png,0,3,3,3,,,,,0,12,12,3,,,,jason,"['j', 'a', 's', 'o', 'n']","[7.016555343288928, 7.100386722013354, 7.433135657105595, 7.499762804247439, 7.932684188243002]",[7.01655,7.01655,2,8,1,2019_Jun_05_1054,FaceNameControl_Picture&Audio,3.0.4,60.19920963,
97,FacesBlock4.xlsx,Brandon.mp4,Brandon.JPG,Brandon,48,videoFrameBrandon.png,0,3,3,3,0,6,6,3,,,,,1,1,0.619269271,,,,,,,8,1,2019_Jun_05_1054,FaceNameControl_Picture&Audio,3.0.4,60.19920963,
105,FacesBlock4.xlsx,Brian.mp4,Brian.JPG,Brian,49,videoFrameBrian.png,0,3,3,3,0,14,14,4,,,,,0,1,1.452705686,,,,,,,8,1,2019_Jun_05_1054,FaceNameControl_Picture&Audio,3.0.4,60.19920963,
106,FacesBlock4.xlsx,Brian.mp4,Brian.JPG,Brian,49,videoFrameBrian.png,0,3,3,3,,,,,0,0,0,4,,,,bryan,"['b', 'r', 'y', 'a', 'n']","[2.085262288339436, 2.4187698061577976, 2.5685982671566308, 2.7684870110824704, 2.9512668452225626]",[2.08526,2.08526,4,8,1,2019_Jun_05_1054,FaceNameControl_Picture&Audio,3.0.4,60.19920963,
115,FacesBlock4.xlsx,Brianna.mp4,Brianna.JPG,Brianna,50,videoFrameBrianna.png,0,3,3,3,,,,,0,9,9,5,,,,,None,,,,1,8,1,2019_Jun_05_1054,FaceNameControl_Picture&Audio,3.0.4,60.19920963,
91,FacesBlock4.xlsx,Brianna.mp4,Brianna.JPG,Brianna,50,videoFrameBrianna.png,0,3,3,3,0,0,0,5,,,,,1,2,1.62014018,,,,,,,8,1,2019_Jun_05_1054,FaceNameControl_Picture&Audio,3.0.4,60.19920963,
51,FacesBlock2.xlsx,Brittany.mp4,Brittany.JPG,Brittany,17,videoFrameBrittany.png,0,1,1,1,,,,,0,5,5,2,,,,britney,"['b', 'r', 'i', 't', 'n', 'e', 'y']","[2.1012145266868174, 2.2683869707398117, 2.4848006330430508, 2.651548496913165, 2.818017648998648, 2.9513978799805045, 3.3343562269583344]",[2.10121,2.10121,4,8,1,2019_Jun_05_1054,FaceNameControl_Picture&Audio,3.0.4,60.19920963,
45,FacesBlock2.xlsx,Brittany.mp4,Brittany.JPG,Brittany,17,videoFrameBrittany.png,0,1,1,1,0,14,14,2,,,,,0,2,1.236353845,,,,,,,8,1,2019_Jun_05_1054,FaceNameControl_Picture&Audio,3.0.4,60.19920963,
104,FacesBlock4.xlsx,Caleb.mp4,Caleb.JPG,Caleb,51,videoFrameCaleb.png,0,3,3,3,0,13,13,6,,,,,0,1,0.718842625,,,,,,,8,1,2019_Jun_05_1054,FaceNameControl_Picture&Audio,3.0.4,60.19920963,
114,FacesBlock4.xlsx,Caleb.mp4,Caleb.JPG,Caleb,51,videoFrameCaleb.png,0,3,3,3,,,,,0,8,8,6,,,,,None,,,,1,8,1,2019_Jun_05_1054,FaceNameControl_Picture&Audio,3.0.4,60.19920963,
56,FacesBlock2.xlsx,Cody.mp4,Cody.JPG,Cody,18,videoFrameCody.png,0,1,1,1,,,,,0,10,10,3,,,,aaron,"['a', 'a', 'r', 'o', 'n']","[1.2351311431266367, 1.6511095832102, 2.1348756179213524, 2.351428691763431, 2.61790514504537]",[1.23513,1.23513,4,8,1,2019_Jun_05_1054,FaceNameControl_Picture&Audio,3.0.4,60.19920963,
39,FacesBlock2.xlsx,Cody.mp4,Cody.JPG,Cody,18,videoFrameCody.png,0,1,1,1,0,8,8,3,,,,,1,1,1.352391399,,,,,,,8,1,2019_Jun_05_1054,FaceNameControl_Picture&Audio,3.0.4,60.19920963,
21,FacesBlock3.xlsx,Courtney.mp4,Courtney.JPG,Courtney,30,videoFrameCourtney.png,0,0,0,2,,,,,0,5,5,0,,,,jessica,"['j', 'e', 's', 's', 'i', 'c', 'a']","[6.984117770101875, 7.133363017812371, 7.367137488909066, 7.482990071177483, 7.6669786549173295, 7.816726009827107, 8.383271806873381]",[6.98411,6.98411,1,8,1,2019_Jun_05_1054,FaceNameControl_Picture&Audio,3.0.4,60.19920963,
6,FacesBlock3.xlsx,Courtney.mp4,Courtney.JPG,Courtney,30,videoFrameCourtney.png,0,0,0,2,0,5,5,0,,,,,0,2,0.369683591,,,,,,,8,1,2019_Jun_05_1054,FaceNameControl_Picture&Audio,3.0.4,60.19920963,
30,FacesBlock3.xlsx,Daniel.mp4,Daniel.JPG,Daniel,31,videoFrameDaniel.png,0,0,0,2,,,,,0,14,14,1,,,,,None,,,,1,8,1,2019_Jun_05_1054,FaceNameControl_Picture&Audio,3.0.4,60.19920963,
3,FacesBlock3.xlsx,Daniel.mp4,Daniel.JPG,Daniel,31,videoFrameDaniel.png,0,0,0,2,0,2,2,1,,,,,1,1,0.784982236,,,,,,,8,1,2019_Jun_05_1054,FaceNameControl_Picture&Audio,3.0.4,60.19920963,
84,FacesBlock1.xlsx,Danielle.mp4,Danielle.JPG,Danielle,3,videoFrameDanielle.png,0,2,2,0,,,,,0,8,8,3,,,,danielle,"['d', 'a', 'n', 'i', 'e', 'l', 'l', 'e']","[1.583003236912191, 1.8180652847513556, 2.001510675996542, 2.2179218879900873, 2.3514088857918978, 2.6505092969164252, 2.8012303397990763, 3.800978652667254]",[1.58300,1.58300,4,8,1,2019_Jun_05_1054,FaceNameControl_Picture&Audio,3.0.4,60.19920963,
74,FacesBlock1.xlsx,Danielle.mp4,Danielle.JPG,Danielle,3,videoFrameDanielle.png,0,2,2,0,0,13,13,3,,,,,1,2,0.285862232,,,,,,,8,1,2019_Jun_05_1054,FaceNameControl_Picture&Audio,3.0.4,60.19920963,
43,FacesBlock2.xlsx,David.mp4,David.JPG,David,19,videoFrameDavid.png,0,1,1,1,0,12,12,4,,,,,1,1,0.553066418,,,,,,,8,1,2019_Jun_05_1054,FaceNameControl_Picture&Audio,3.0.4,60.19920963,
52,FacesBlock2.xlsx,David.mp4,David.JPG,David,19,videoFrameDavid.png,0,1,1,1,,,,,0,6,6,4,,,,jac,"['a', 'a', 'r', 'o', 'backspace', 'backspace', 'backspace', 'backspace', 'j', 'a', 'c']","[2.0179482637904584, 2.2512355619110167, 2.984279029071331, 3.118216821923852, 3.567168429028243, 3.8172813928686082, 4.017195125110447, 4.2166801248677075, 9.232928252778947, 9.332573789171875, 9.949548479169607]",[2.01794,2.01794,2,8,1,2019_Jun_05_1054,FaceNameControl_Picture&Audio,3.0.4,60.19920963,
100,FacesBlock4.xlsx,Dylan.mp4,Dylan.JPG,Dylan,52,videoFrameDylan.png,0,3,3,3,0,9,9,7,,,,,0,1,0.786986656,,,,,,,8,1,2019_Jun_05_1054,FaceNameControl_Picture&Audio,3.0.4,60.19920963,
117,FacesBlock4.xlsx,Dylan.mp4,Dylan.JPG,Dylan,52,videoFrameDylan.png,0,3,3,3,,,,,0,11,11,7,,,,jacob,"['j', 'a', 'c', 'o', 'b']","[6.533577373251319, 6.733202750328928, 7.2998858680948615, 7.432314156088978, 8.082575215958059]",[6.53357,6.53357,2,8,1,2019_Jun_05_1054,FaceNameControl_Picture&Audio,3.0.4,60.19920963,
96,FacesBlock4.xlsx,Emily.mp4,Emily.JPG,Emily,53,videoFrameEmily.png,0,3,3,3,0,5,5,8,,,,,1,2,0.936137671,,,,,,,8,1,2019_Jun_05_1054,FaceNameControl_Picture&Audio,3.0.4,60.19920963,
109,FacesBlock4.xlsx,Emily.mp4,Emily.JPG,Emily,53,videoFrameEmily.png,0,3,3,3,,,,,0,3,3,8,,,,,None,,,,1,8,1,2019_Jun_05_1054,FaceNameControl_Picture&Audio,3.0.4,60.19920963,
67,FacesBlock1.xlsx,Eric.mp4,Eric.JPG,Eric,4,videoFrameEric.png,0,2,2,0,0,6,6,4,,,,,1,1,0.336748814,,,,,,,8,1,2019_Jun_05_1054,FaceNameControl_Picture&Audio,3.0.4,60.19920963,
85,FacesBlock1.xlsx,Eric.mp4,Eric.JPG,Eric,4,videoFrameEric.png,0,2,2,0,,,,,0,9,9,4,,,,eric,"['e', 'r', 'i', 'c']","[2.369079361204058, 2.568765324074775, 2.6853427849709988, 2.851502934936434]",[2.36907,2.36907,4,8,1,2019_Jun_05_1054,FaceNameControl_Picture&Audio,3.0.4,60.19920963,
76,FacesBlock1.xlsx,Ethan.mp4,Ethan.JPG,Ethan,5,videoFrameEthan.png,0,2,2,0,,,,,0,0,0,5,,,,matthew,"['m', 'a', 't', 't', 'h', 'e', 'w']","[1.7848880817182362, 1.9341848017647862, 2.284623212646693, 2.4679606296122074, 2.6347932126373053, 3.2323776087723672, 3.4668494947254658]",[1.78488,1.78488,2,8,1,2019_Jun_05_1054,FaceNameControl_Picture&Audio,3.0.4,60.19920963,
70,FacesBlock1.xlsx,Ethan.mp4,Ethan.JPG,Ethan,5,videoFrameEthan.png,0,2,2,0,0,9,9,5,,,,,0,1,0.452194463,,,,,,,8,1,2019_Jun_05_1054,FaceNameControl_Picture&Audio,3.0.4,60.19920963,
111,FacesBlock4.xlsx,Grace.mp4,Grace.JPG,Grace,54,videoFrameGrace.png,0,3,3,3,,,,,0,5,5,9,,,,grace,"['g', 'r', 'a', 'x', 'c', 'backspace', 'backspace', 'c', 'e']","[4.1012866189703345, 4.367522929795086, 4.534399459138513, 4.700666354037821, 4.71984172379598, 5.949913891963661, 6.1326447748579085, 6.700269150082022, 6.799824021756649]",[4.10128,4.10128,3,8,1,2019_Jun_05_1054,FaceNameControl_Picture&Audio,3.0.4,60.19920963,
92,FacesBlock4.xlsx,Grace.mp4,Grace.JPG,Grace,54,videoFrameGrace.png,0,3,3,3,0,1,1,9,,,,,0,2,0.852206532,,,,,,,8,1,2019_Jun_05_1054,FaceNameControl_Picture&Audio,3.0.4,60.19920963,
36,FacesBlock2.xlsx,Haley.mp4,Haley.JPG,Haley,20,videoFrameHaley.png,0,1,1,1,0,5,5,5,,,,,0,2,2.036258683,,,,,,,8,1,2019_Jun_05_1054,FaceNameControl_Picture&Audio,3.0.4,60.19920963,
49,FacesBlock2.xlsx,Haley.mp4,Haley.JPG,Haley,20,videoFrameHaley.png,0,1,1,1,,,,,0,3,3,5,,,,,"['b', 'backspace']","[5.434057442005724, 6.333011406008154]",[5.43405,5.43405,1,8,1,2019_Jun_05_1054,FaceNameControl_Picture&Audio,3.0.4,60.19920963,
64,FacesBlock1.xlsx,Hannah.mp4,Hannah.JPG,Hannah,6,videoFrameHannah.png,0,2,2,0,0,3,3,6,,,,,1,2,1.918854826,,,,,,,8,1,2019_Jun_05_1054,FaceNameControl_Picture&Audio,3.0.4,60.19920963,
83,FacesBlock1.xlsx,Hannah.mp4,Hannah.JPG,Hannah,6,videoFrameHannah.png,0,2,2,0,,,,,0,7,7,6,,,,hannah,"['h', 'a', 'n', 'n', 'a', 'h']","[1.7516703377477825, 1.9517382038757205, 2.4852213971316814, 2.6339871902018785, 2.9345267680473626, 3.0674614561721683]",[1.75167,1.75167,4,8,1,2019_Jun_05_1054,FaceNameControl_Picture&Audio,3.0.4,60.19920963,
33,FacesBlock2.xlsx,Heather.mp4,Heather.JPG,Heather,21,videoFrameHeather.png,0,1,1,1,0,2,2,6,,,,,0,2,1.102118952,,,,,,,8,1,2019_Jun_05_1054,FaceNameControl_Picture&Audio,3.0.4,60.19920963,
46,FacesBlock2.xlsx,Heather.mp4,Heather.JPG,Heather,21,videoFrameHeather.png,0,1,1,1,,,,,0,0,0,6,,,,heather,"['h', 'e', 'a', 't', 'h', 'e', 'r']","[2.1174538149498403, 2.3004823462106287, 2.548414767254144, 2.7167125269770622, 2.933589853346348, 3.0665393979288638, 3.3000889201648533]",[2.11745,2.11745,4,8,1,2019_Jun_05_1054,FaceNameControl_Picture&Audio,3.0.4,60.19920963,
23,FacesBlock3.xlsx,Jacob.mp4,Jacob.JPG,Jacob,32,videoFrameJacob.png,0,0,0,2,,,,,0,7,7,2,,,,nathan,"['n', 'a', 't', 'h', 'a', 'n']","[3.0353773860260844, 3.168237206991762, 3.45179375493899, 3.6343751028180122, 3.751928336918354, 4.001812202855945]",[3.03537,3.03537,3,8,1,2019_Jun_05_1054,FaceNameControl_Picture&Audio,3.0.4,60.19920963,
11,FacesBlock3.xlsx,Jacob.mp4,Jacob.JPG,Jacob,32,videoFrameJacob.png,0,0,0,2,0,10,10,2,,,,,0,1,0.619608522,,,,,,,8,1,2019_Jun_05_1054,FaceNameControl_Picture&Audio,3.0.4,60.19920963,
95,FacesBlock4.xlsx,Jason.mp4,Jason.JPG,Jason,55,videoFrameJason.png,0,3,3,3,0,4,4,10,,,,,0,1,0.586190419,,,,,,,8,1,2019_Jun_05_1054,FaceNameControl_Picture&Audio,3.0.4,60.19920963,
108,FacesBlock4.xlsx,Jason.mp4,Jason.JPG,Jason,55,videoFrameJason.png,0,3,3,3,,,,,0,2,2,10,,,,jason,"['j', 'a', 's', 'o', 'n']","[3.834311909042299, 3.9843349009752274, 4.167609780095518, 4.250844550319016, 4.451501662377268]",[3.83431,3.83431,3,8,1,2019_Jun_05_1054,FaceNameControl_Picture&Audio,3.0.4,60.19920963,
80,FacesBlock1.xlsx,Jenna.mp4,Jenna.JPG,Jenna,7,videoFrameJenna.png,0,2,2,0,,,,,0,4,4,7,,,,rachel,"['r', 'e', 'backspace', 'a', 'c', 'h', 'e', 'l']","[4.536030017770827, 5.20028804987669, 5.548815350979567, 5.833291591145098, 6.084046186879277, 6.18389151012525, 6.633962125983089]",[4.53603,4.53603,2,8,1,2019_Jun_05_1054,FaceNameControl_Picture&Audio,3.0.4,60.19920963,
62,FacesBlock1.xlsx,Jenna.mp4,Jenna.JPG,Jenna,7,videoFrameJenna.png,0,2,2,0,0,1,1,7,,,,,1,2,1.06923776,,,,,,,8,1,2019_Jun_05_1054,FaceNameControl_Picture&Audio,3.0.4,60.19920963,
32,FacesBlock2.xlsx,Jeremy.mp4,Jeremy.JPG,Jeremy,22,videoFrameJeremy.png,0,1,1,1,0,1,1,7,,,,,1,1,1.518811457,,,,,,,8,1,2019_Jun_05_1054,FaceNameControl_Picture&Audio,3.0.4,60.19920963,
47,FacesBlock2.xlsx,Jeremy.mp4,Jeremy.JPG,Jeremy,22,videoFrameJeremy.png,0,1,1,1,,,,,0,1,1,7,,,,josh,"['j', 'o', 's', 'h']","[5.516667068004608, 5.782979163341224, 5.983012625016272, 6.132648576050997]",[5.51666,5.51666,1,8,1,2019_Jun_05_1054,FaceNameControl_Picture&Audio,3.0.4,60.19920963,
63,FacesBlock1.xlsx,Jessica.mp4,Jessica.JPG,Jessica,8,videoFrameJessica.png,0,2,2,0,0,2,2,8,,,,,0,2,1.536040646,,,,,,,8,1,2019_Jun_05_1054,FaceNameControl_Picture&Audio,3.0.4,60.19920963,
78,FacesBlock1.xlsx,Jessica.mp4,Jessica.JPG,Jessica,8,videoFrameJessica.png,0,2,2,0,,,,,0,2,2,8,,,,,None,,,,1,8,1,2019_Jun_05_1054,FaceNameControl_Picture&Audio,3.0.4,60.19920963,
50,FacesBlock2.xlsx,Josh.mp4,Josh.JPG,Josh,23,videoFrameJosh.png,0,1,1,1,,,,,0,4,4,8,,,,justin,"['j', 'u', 's', 't', 'i', 'n']","[2.9180742260068655, 3.1178593379445374, 3.267988618928939, 3.5317588560283184, 3.650382834021002, 3.817133495118469]",[2.91807,2.91807,4,8,1,2019_Jun_05_1054,FaceNameControl_Picture&Audio,3.0.4,60.19920963,
37,FacesBlock2.xlsx,Josh.mp4,Josh.JPG,Josh,23,videoFrameJosh.png,0,1,1,1,0,6,6,8,,,,,1,1,0.669206872,,,,,,,8,1,2019_Jun_05_1054,FaceNameControl_Picture&Audio,3.0.4,60.19920963,
87,FacesBlock1.xlsx,Julia.mp4,Julia.JPG,Julia,9,videoFrameJulia.png,0,2,2,0,,,,,0,11,11,9,,,,,None,,,,1,8,1,2019_Jun_05_1054,FaceNameControl_Picture&Audio,3.0.4,60.19920963,
71,FacesBlock1.xlsx,Julia.mp4,Julia.JPG,Julia,9,videoFrameJulia.png,0,2,2,0,0,10,10,9,,,,,0,2,0.586452592,,,,,,,8,1,2019_Jun_05_1054,FaceNameControl_Picture&Audio,3.0.4,60.19920963,
38,FacesBlock2.xlsx,Justin.mp4,Justin.JPG,Justin,24,videoFrameJustin.png,0,1,1,1,0,7,7,9,,,,,0,1,0.569577633,,,,,,,8,1,2019_Jun_05_1054,FaceNameControl_Picture&Audio,3.0.4,60.19920963,
59,FacesBlock2.xlsx,Justin.mp4,Justin.JPG,Justin,24,videoFrameJustin.png,0,1,1,1,,,,,0,13,13,9,,,,,None,,,,1,8,1,2019_Jun_05_1054,FaceNameControl_Picture&Audio,3.0.4,60.19920963,
101,FacesBlock4.xlsx,Katie.mp4,Katie.JPG,Katie,56,videoFrameKatie.png,0,3,3,3,0,10,10,11,,,,,1,2,0.419529819,,,,,,,8,1,2019_Jun_05_1054,FaceNameControl_Picture&Audio,3.0.4,60.19920963,
116,FacesBlock4.xlsx,Katie.mp4,Katie.JPG,Katie,56,videoFrameKatie.png,0,3,3,3,,,,,0,10,10,11,,,,dary,"['d', 'a', 'r', 'y']","[6.866700117941946, 7.282913288101554, 7.89951527537778, 8.215764174237847]",[6.86670,6.86670,2,8,1,2019_Jun_05_1054,FaceNameControl_Picture&Audio,3.0.4,60.19920963,
15,FacesBlock3.xlsx,Kayla.mp4,Kayla.JPG,Kayla,33,videoFrameKayla.png,0,0,0,2,0,14,14,3,,,,,1,2,1.266723325,,,,,,,8,1,2019_Jun_05_1054,FaceNameControl_Picture&Audio,3.0.4,60.19920963,
22,FacesBlock3.xlsx,Kayla.mp4,Kayla.JPG,Kayla,33,videoFrameKayla.png,0,0,0,2,,,,,0,6,6,3,,,,,None,,,,1,8,1,2019_Jun_05_1054,FaceNameControl_Picture&Audio,3.0.4,60.19920963,
88,FacesBlock1.xlsx,Kelsey.mp4,Kelsey.JPG,Kelsey,10,videoFrameKelsey.png,0,2,2,0,,,,,0,12,12,10,,,,lindsey,"['l', 'i', 'n', 'd', 's', 'e', 'y']","[1.6693762727081776, 1.9016003017313778, 2.166250091046095, 2.4017150420695543, 2.6018376098945737, 2.801284523680806, 3.001116774044931]",[1.66937,1.66937,4,8,1,2019_Jun_05_1054,FaceNameControl_Picture&Audio,3.0.4,60.19920963,
72,FacesBlock1.xlsx,Kelsey.mp4,Kelsey.JPG,Kelsey,10,videoFrameKelsey.png,0,2,2,0,0,11,11,10,,,,,0,2,0.653568585,,,,,,,8,1,2019_Jun_05_1054,FaceNameControl_Picture&Audio,3.0.4,60.19920963,
9,FacesBlock3.xlsx,Kevin.mp4,Kevin.JPG,Kevin,34,videoFrameKevin.png,0,0,0,2,0,8,8,4,,,,,1,1,0.419284362,,,,,,,8,1,2019_Jun_05_1054,FaceNameControl_Picture&Audio,3.0.4,60.19920963,
24,FacesBlock3.xlsx,Kevin.mp4,Kevin.JPG,Kevin,34,videoFrameKevin.png,0,0,0,2,,,,,0,8,8,4,,,,nathan,"['n', 'a', 't', 'h', 'a', 'n']","[3.4689593981020153, 3.6520493049174547, 3.917969159781933, 4.118073961697519, 4.234665873926133, 4.368608752731234]",[3.46895,3.46895,3,8,1,2019_Jun_05_1054,FaceNameControl_Picture&Audio,3.0.4,60.19920963,
89,FacesBlock1.xlsx,Kyle.mp4,Kyle.JPG,Kyle,11,videoFrameKyle.png,0,2,2,0,,,,,0,13,13,11,,,,timothy,"['t', 'i', 'm', 'o', 't', 'h', 'y']","[2.117913816124201, 2.3513451600447297, 2.6012186058796942, 2.817503826227039, 3.067716132849455, 3.1842731279321015, 3.317617714870721]",[2.11791,2.11791,4,8,1,2019_Jun_05_1054,FaceNameControl_Picture&Audio,3.0.4,60.19920963,
61,FacesBlock1.xlsx,Kyle.mp4,Kyle.JPG,Kyle,11,videoFrameKyle.png,0,2,2,0,0,0,0,11,,,,,1,1,0.736685598,,,,,,,8,1,2019_Jun_05_1054,FaceNameControl_Picture&Audio,3.0.4,60.19920963,
2,FacesBlock3.xlsx,Lauren.mp4,Lauren.JPG,Lauren,35,videoFrameLauren.png,0,0,0,2,0,1,1,5,,,,,1,2,0.252638498,,,,,,,8,1,2019_Jun_05_1054,FaceNameControl_Picture&Audio,3.0.4,60.19920963,
27,FacesBlock3.xlsx,Lauren.mp4,Lauren.JPG,Lauren,35,videoFrameLauren.png,0,0,0,2,,,,,0,11,11,5,,,,,None,,,,1,8,1,2019_Jun_05_1054,FaceNameControl_Picture&Audio,3.0.4,60.19920963,
10,FacesBlock3.xlsx,Mark.mp4,Mark.JPG,Mark,36,videoFrameMark.png,0,0,0,2,0,9,9,6,,,,,0,1,0.436372551,,,,,,,8,1,2019_Jun_05_1054,FaceNameControl_Picture&Audio,3.0.4,60.19920963,
28,FacesBlock3.xlsx,Mark.mp4,Mark.JPG,Mark,36,videoFrameMark.png,0,0,0,2,,,,,0,12,12,6,,,,nick,"['n', 'i', 'c', 'k']","[2.667485801037401, 2.9178267340175807, 3.1342896101996303, 3.268201809376478]",[2.66748,2.66748,2,8,1,2019_Jun_05_1054,FaceNameControl_Picture&Audio,3.0.4,60.19920963,
82,FacesBlock1.xlsx,Matthew.mp4,Matthew.JPG,Matthew,12,videoFrameMatthew.png,0,2,2,0,,,,,0,6,6,12,,,,,None,,,,1,8,1,2019_Jun_05_1054,FaceNameControl_Picture&Audio,3.0.4,60.19920963,
69,FacesBlock1.xlsx,Matthew.mp4,Matthew.JPG,Matthew,12,videoFrameMatthew.png,0,2,2,0,0,8,8,12,,,,,1,1,0.369512881,,,,,,,8,1,2019_Jun_05_1054,FaceNameControl_Picture&Audio,3.0.4,60.19920963,
55,FacesBlock2.xlsx,Megan.mp4,Megan.JPG,Megan,25,videoFrameMegan.png,0,1,1,1,,,,,0,9,9,10,,,,jessica,"['j', 'e', 's', 's', 'c', 'backspace', 'i', 'c', 'a']","[6.60092436382547, 7.0165331698954105, 7.5505247241817415, 7.783979614265263, 8.266842355020344, 8.866012501064688, 9.39954502787441, 9.58345271088183, 9.948861493263394]",[6.60092,6.60092,2,8,1,2019_Jun_05_1054,FaceNameControl_Picture&Audio,3.0.4,60.19920963,
42,FacesBlock2.xlsx,Megan.mp4,Megan.JPG,Megan,25,videoFrameMegan.png,0,1,1,1,0,11,11,10,,,,,0,2,0.819862928,,,,,,,8,1,2019_Jun_05_1054,FaceNameControl_Picture&Audio,3.0.4,60.19920963,
94,FacesBlock4.xlsx,Michael.mp4,Michael.JPG,Michael,57,videoFrameMichael.png,0,3,3,3,0,3,3,12,,,,,0,1,0.919371492,,,,,,,8,1,2019_Jun_05_1054,FaceNameControl_Picture&Audio,3.0.4,60.19920963,
110,FacesBlock4.xlsx,Michael.mp4,Michael.JPG,Michael,57,videoFrameMichael.png,0,3,3,3,,,,,0,4,4,12,,,,michael,"['m', 'i', 'c', 'h', 'a', 'e', 'l']","[1.9355679070577025, 2.152382885105908, 2.285685346927494, 2.4186920132488012, 2.5353048890829086, 2.7513691070489585, 2.868538638111204]",[1.93556,1.93556,4,8,1,2019_Jun_05_1054,FaceNameControl_Picture&Audio,3.0.4,60.19920963,
112,FacesBlock4.xlsx,Michelle.mp4,Michelle.JPG,Michelle,58,videoFrameMichelle.png,0,3,3,3,,,,,0,6,6,13,,,,,None,,,,1,8,1,2019_Jun_05_1054,FaceNameControl_Picture&Audio,3.0.4,60.19920963,
99,FacesBlock4.xlsx,Michelle.mp4,Michelle.JPG,Michelle,58,videoFrameMichelle.png,0,3,3,3,0,8,8,13,,,,,0,2,0.73708306,,,,,,,8,1,2019_Jun_05_1054,FaceNameControl_Picture&Audio,3.0.4,60.19920963,
81,FacesBlock1.xlsx,Natalie.mp4,Natalie.JPG,Natalie,13,videoFrameNatalie.png,0,2,2,0,,,,,0,5,5,13,,,,,None,,,,1,8,1,2019_Jun_05_1054,FaceNameControl_Picture&Audio,3.0.4,60.19920963,
65,FacesBlock1.xlsx,Natalie.mp4,Natalie.JPG,Natalie,13,videoFrameNatalie.png,0,2,2,0,0,4,4,13,,,,,1,2,1.002858647,,,,,,,8,1,2019_Jun_05_1054,FaceNameControl_Picture&Audio,3.0.4,60.19920963,
7,FacesBlock3.xlsx,Nathan.mp4,Nathan.JPG,Nathan,37,videoFrameNathan.png,0,0,0,2,0,6,6,7,,,,,0,1,0.353028959,,,,,,,8,1,2019_Jun_05_1054,FaceNameControl_Picture&Audio,3.0.4,60.19920963,
19,FacesBlock3.xlsx,Nathan.mp4,Nathan.JPG,Nathan,37,videoFrameNathan.png,0,0,0,2,,,,,0,3,3,7,,,,nick,"['n', 'c', 'backspace', 'i', 'c', 'k']","[2.201748095918447, 2.6848038979806006, 3.6663873270154, 4.217705490998924, 4.350943232886493, 4.500173912849277]",[2.20174,2.20174,3,8,1,2019_Jun_05_1054,FaceNameControl_Picture&Audio,3.0.4,60.19920963,
13,FacesBlock3.xlsx,Nicole.mp4,Nicole.JPG,Nicole,38,videoFrameNicole.png,0,0,0,2,0,12,12,8,,,,,0,2,0.61633636,,,,,,,8,1,2019_Jun_05_1054,FaceNameControl_Picture&Audio,3.0.4,60.19920963,
16,FacesBlock3.xlsx,Nicole.mp4,Nicole.JPG,Nicole,38,videoFrameNicole.png,0,0,0,2,,,,,0,0,0,8,,,,,"['r', 'backspace', 'capslock', 'r', 'e', 'backspace', 'backspace', 'capslock', 'r', 'backspace', 'capslock']","[4.501944952644408, 5.617115624714643, 6.616125480737537, 6.834168076980859, 7.334103375673294, 7.799593902658671, 7.98321500280872, 8.349919792730361, 8.633285463787615, 9.36605838406831, 9.898758416995406]",[4.50194,4.50194,1,8,1,2019_Jun_05_1054,FaceNameControl_Picture&Audio,3.0.4,60.19920963,
1,FacesBlock3.xlsx,Noah.mp4,Noah.JPG,Noah,39,videoFrameNoah.png,0,0,0,2,0,0,0,9,,,,,1,1,1.416988174,,,,,,,8,1,2019_Jun_05_1054,FaceNameControl_Picture&Audio,3.0.4,60.19920963,
25,FacesBlock3.xlsx,Noah.mp4,Noah.JPG,Noah,39,videoFrameNoah.png,0,0,0,2,,,,,0,9,9,9,,,,josh,"['j', 'o', 's', 'h']","[5.750698070973158, 5.9835411799140275, 6.150560192763805, 6.300297517795116]",[5.75069,5.75069,1,8,1,2019_Jun_05_1054,FaceNameControl_Picture&Audio,3.0.4,60.19920963,
29,FacesBlock3.xlsx,Olivia.mp4,Olivia.JPG,Olivia,40,videoFrameOlivia.png,0,0,0,2,,,,,0,13,13,10,,,,angels,"['a', 'n', 'g', 'e', 'l', 's']","[8.031156297307462, 8.198993927333504, 8.449528445955366, 8.78306356491521, 9.030835445038974, 9.232916322071105]",[8.03115,8.03115,2,8,1,2019_Jun_05_1054,FaceNameControl_Picture&Audio,3.0.4,60.19920963,
5,FacesBlock3.xlsx,Olivia.mp4,Olivia.JPG,Olivia,40,videoFrameOlivia.png,0,0,0,2,0,4,4,10,,,,,1,2,0.369443226,,,,,,,8,1,2019_Jun_05_1054,FaceNameControl_Picture&Audio,3.0.4,60.19920963,
53,FacesBlock2.xlsx,Rachel.mp4,Rachel.JPG,Rachel,26,videoFrameRachel.png,0,1,1,1,,,,,0,7,7,11,,,,,None,,,,1,8,1,2019_Jun_05_1054,FaceNameControl_Picture&Audio,3.0.4,60.19920963,
35,FacesBlock2.xlsx,Rachel.mp4,Rachel.JPG,Rachel,26,videoFrameRachel.png,0,1,1,1,0,4,4,11,,,,,0,2,2.085245184,,,,,,,8,1,2019_Jun_05_1054,FaceNameControl_Picture&Audio,3.0.4,60.19920963,
17,FacesBlock3.xlsx,Rebecca.mp4,Rebecca.JPG,Rebecca,41,videoFrameRebecca.png,0,0,0,2,,,,,0,1,1,11,,,,rebecc,"['r', 'w', 'backspace', 'e', 'b', 'e', 'c', 'c']","[5.368152607232332, 6.367662801872939, 7.533452948089689, 8.149712912272662, 8.599546441808343, 8.783419147133827, 9.666663682088256, 9.83301096316427]",[5.36815,5.36815,2,8,1,2019_Jun_05_1054,FaceNameControl_Picture&Audio,3.0.4,60.19920963,
12,FacesBlock3.xlsx,Rebecca.mp4,Rebecca.JPG,Rebecca,41,videoFrameRebecca.png,0,0,0,2,0,11,11,11,,,,,0,1,0.40337078,,,,,,,8,1,2019_Jun_05_1054,FaceNameControl_Picture&Audio,3.0.4,60.19920963,
4,FacesBlock3.xlsx,Sarah.mp4,Sarah.JPG,Sarah,42,videoFrameSarah.png,0,0,0,2,0,3,3,12,,,,,1,2,0.402732849,,,,,,,8,1,2019_Jun_05_1054,FaceNameControl_Picture&Audio,3.0.4,60.19920963,
20,FacesBlock3.xlsx,Sarah.mp4,Sarah.JPG,Sarah,42,videoFrameSarah.png,0,0,0,2,,,,,0,4,4,12,,,,sarah,"['s', 'a', 'r', 'a', 'h', 'return']","[1.7686278731562197, 2.0350237330421805, 2.334559011273086, 2.884799368213862, 3.4515231079421937, 4.3833707850426435]",[1.76862,1.76862,2,8,1,2019_Jun_05_1054,FaceNameControl_Picture&Audio,3.0.4,60.19920963,
14,FacesBlock3.xlsx,Shelby.mp4,Shelby.JPG,Shelby,43,videoFrameShelby.png,0,0,0,2,0,13,13,13,,,,,0,2,0.453196018,,,,,,,8,1,2019_Jun_05_1054,FaceNameControl_Picture&Audio,3.0.4,60.19920963,
18,FacesBlock3.xlsx,Shelby.mp4,Shelby.JPG,Shelby,43,videoFrameShelby.png,0,0,0,2,,,,,0,2,2,13,,,,shelby,"['s', 'h', 'e', 'l', 'b', 'y', 'return']","[2.101876655127853, 3.1346954251639545, 3.3679334120824933, 3.7514678090810776, 4.15149304503575, 4.35140562010929, 5.5504864901304245]",[2.10187,2.10187,4,8,1,2019_Jun_05_1054,FaceNameControl_Picture&Audio,3.0.4,60.19920963,
34,FacesBlock2.xlsx,Steven.mp4,Steven.JPG,Steven,27,videoFrameSteven.png,0,1,1,1,0,3,3,12,,,,,1,1,2.035557694,,,,,,,8,1,2019_Jun_05_1054,FaceNameControl_Picture&Audio,3.0.4,60.19920963,
54,FacesBlock2.xlsx,Steven.mp4,Steven.JPG,Steven,27,videoFrameSteven.png,0,1,1,1,,,,,0,8,8,12,,,,,None,,,,1,8,1,2019_Jun_05_1054,FaceNameControl_Picture&Audio,3.0.4,60.19920963,
113,FacesBlock4.xlsx,Taylor.mp4,Taylor.JPG,Taylor,59,videoFrameTaylor.png,0,3,3,3,,,,,0,7,7,14,,,,taylor,"['t', 'a', 'y', 'l', 'o', 'r']","[4.08489917172119, 4.234613968990743, 4.418034786824137, 5.001115453895181, 5.200622471049428, 5.350542799104005]",[4.08489,4.08489,4,8,1,2019_Jun_05_1054,FaceNameControl_Picture&Audio,3.0.4,60.19920963,
98,FacesBlock4.xlsx,Taylor.mp4,Taylor.JPG,Taylor,59,videoFrameTaylor.png,0,3,3,3,0,7,7,14,,,,,1,2,0.450281097,,,,,,,8,1,2019_Jun_05_1054,FaceNameControl_Picture&Audio,3.0.4,60.19920963,
26,FacesBlock3.xlsx,Thomas.mp4,Thomas.JPG,Thomas,44,videoFrameThomas.png,0,0,0,2,,,,,0,10,10,14,,,,william,"['w', 'i', 'l', 'l', 'i', 'a', 'm']","[8.167245735879987, 8.483628087677062, 8.750075242016464, 8.900096077937633, 9.116812011692673, 9.266572090797126, 9.51582380803302]",[8.16724,8.16724,1,8,1,2019_Jun_05_1054,FaceNameControl_Picture&Audio,3.0.4,60.19920963,
8,FacesBlock3.xlsx,Thomas.mp4,Thomas.JPG,Thomas,44,videoFrameThomas.png,0,0,0,2,0,7,7,14,,,,,1,1,0.68545216,,,,,,,8,1,2019_Jun_05_1054,FaceNameControl_Picture&Audio,3.0.4,60.19920963,
73,FacesBlock1.xlsx,Timothy.mp4,Timothy.JPG,Timothy,14,videoFrameTimothy.png,0,2,2,0,0,12,12,14,,,,,1,1,0.236592239,,,,,,,8,1,2019_Jun_05_1054,FaceNameControl_Picture&Audio,3.0.4,60.19920963,
90,FacesBlock1.xlsx,Timothy.mp4,Timothy.JPG,Timothy,14,videoFrameTimothy.png,0,2,2,0,,,,,0,14,14,14,,,,josh,"['j', 'o', 's', 'h']","[4.83412894885987, 5.051169613841921, 5.183725253678858, 5.300377723760903]",[4.83412,4.83412,2,8,1,2019_Jun_05_1054,FaceNameControl_Picture&Audio,3.0.4,60.19920963,
40,FacesBlock2.xlsx,Trevor.mp4,Trevor.JPG,Trevor,28,videoFrameTrevor.png,0,1,1,1,0,9,9,13,,,,,0,1,0.616879529,,,,,,,8,1,2019_Jun_05_1054,FaceNameControl_Picture&Audio,3.0.4,60.19920963,
58,FacesBlock2.xlsx,Trevor.mp4,Trevor.JPG,Trevor,28,videoFrameTrevor.png,0,1,1,1,,,,,0,12,12,13,,,,tr,"['r', 'backspace', 'equal', 't', 'r']","[8.082664174959064, 9.081713386345655, 9.100593134295195, 9.732676123268902, 9.982658138964325]",[8.08266,8.08266,1,8,1,2019_Jun_05_1054,FaceNameControl_Picture&Audio,3.0.4,60.19920963,
48,FacesBlock2.xlsx,Tyler.mp4,Tyler.JPG,Tyler,29,videoFrameTyler.png,0,1,1,1,,,,,0,2,2,14,,,,trevor,"['t', 'r', 'e', 'v', 'o', 'r']","[2.1354512250982225, 2.368275871966034, 2.651409746147692, 2.7997445263899863, 3.134343424346298, 3.3341362993232906]",[2.13545,2.13545,3,8,1,2019_Jun_05_1054,FaceNameControl_Picture&Audio,3.0.4,60.19920963,
31,FacesBlock2.xlsx,Tyler.mp4,Tyler.JPG,Tyler,29,videoFrameTyler.png,0,1,1,1,0,0,0,14,,,,,1,1,1.917300573,,,,,,,8,1,2019_Jun_05_1054,FaceNameControl_Picture&Audio,3.0.4,60.19920963,
0,,,,,,,,,,,,,,,,,,,,,,,,,,,,8,1,2019_Jun_05_1054,FaceNameControl_Picture&Audio,3.0.4,60.19920963,
121,,,,,,,,,,,,,,,,,,,,,,,,,,,,8,1,2019_Jun_05_1054,FaceNameControl_Picture&Audio,3.0.4,60.19920963,