Video,Name,recallRating_AA,inputText,key_resp_3.keys
Aaron.mp4,Aaron,,,
Aaron.mp4,Aaron,0,josh,"['j', 'o', 's', 'h']"
Adam.mp4,Adam,,,
Adam.mp4,Adam,1,adam,"['a', 'd', 'a', 'm']"
Alyssa.mp4,Alyssa,,,
Alyssa.mp4,Alyssa,1,alyssa,"['a', 'l', 'y', 's', 's', 'a']"
Amanda.mp4,Amanda,,,
Amanda.mp4,Amanda,0,melissa,"['m', 'e', 'l', 'i', 's', 's', 'a']"
Andrew.mp4,Andrew,,,
Andrew.mp4,Andrew,1,andrew,"['a', 'n', 'd', 'r', 'e', 'w']"
Anna.mp4,Anna,,,
Anna.mp4,Anna,1,anna,"['a', 'n', 'n', 'a']"
Ashley.mp4,Ashley,,,
Ashley.mp4,Ashley,1,ashley,"['a', 's', 'h', 'l', 'e', 'y']"
Bradley.mp4,Bradley,,,
Bradley.mp4,Bradley,0,jason,"['j', 'a', 's', 'o', 'n']"
Brandon.mp4,Brandon,,,
Brandon.mp4,Brandon,0,,None
Brian.mp4,Brian,,,
Brian.mp4,Brian,0,bryce,"['b', 'r', 'y', 'c', 'e']"
Brianna.mp4,Brianna,,,
Brianna.mp4,Brianna,0,,None
Brittany.mp4,Brittany,,,
Brittany.mp4,Brittany,1,britney,"['b', 'r', 'i', 't', 'h', 'm', 'e', 'backspace', 'backspace', 'backspace', 'n', 'e', 'y']"
Caleb.mp4,Caleb,,,
Caleb.mp4,Caleb,0,,None
Cody.mp4,Cody,,,
Cody.mp4,Cody,1,cody,"['c', 'o', 'd', 'y']"
Courtney.mp4,Courtney,,,
Courtney.mp4,Courtney,1,corthey,"['c', 'o', 'r', 'h', 'backspace', 't', 'h', 'e', 'y']"
Daniel.mp4,Daniel,,,
Daniel.mp4,Daniel,0,,None
Danielle.mp4,Danielle,,,
Danielle.mp4,Danielle,0,,None
David.mp4,David,,,
David.mp4,David,0,,None
Dylan.mp4,Dylan,,,
Dylan.mp4,Dylan,0,,None
Emily.mp4,Emily,,,
Emily.mp4,Emily,0,,None
Eric.mp4,Eric,,,
Eric.mp4,Eric,0,,None
Ethan.mp4,Ethan,,,
Ethan.mp4,Ethan,0,,None
Grace.mp4,Grace,,,
Grace.mp4,Grace,1,grace,"['g', 'r', 'a', 'c', 'e']"
Haley.mp4,Haley,,,
Haley.mp4,Haley,1,haley,"['h', 'a', 'l', 'e', 'y']"
Hannah.mp4,Hannah,,,
Hannah.mp4,Hannah,0,,None
Heather.mp4,Heather,,,
Heather.mp4,Heather,1,heather,"['h', 'e', 'a', 't', 'h', 'e', 'r']"
Jacob.mp4,Jacob,,,
Jacob.mp4,Jacob,1,jacob,"['j', 'a', 'b', 'backspace', 'c', 'o', 'b']"
Jason.mp4,Jason,,,
Jason.mp4,Jason,0,,None
Jenna.mp4,Jenna,,,
Jenna.mp4,Jenna,0,,None
Jeremy.mp4,Jeremy,,,
Jeremy.mp4,Jeremy,0,,None
Jessica.mp4,Jessica,,,
Jessica.mp4,Jessica,0,natalie,"['n', 's', 'backspace', 'a', 't', 'a', 'l', 'i', 'e']"
Josh.mp4,Josh,,,
Josh.mp4,Josh,0,,None
Julia.mp4,Julia,,,
Julia.mp4,Julia,0,,None
Justin.mp4,Justin,,,
Justin.mp4,Justin,0,,None
Katie.mp4,Katie,,,
Katie.mp4,Katie,1,kathy,"['k', 'a', 't', 'h', 'y']"
Kayla.mp4,Kayla,,,
Kayla.mp4,Kayla,1,kyla,"['k', 'y', 'l', 'a']"
Kelsey.mp4,Kelsey,,,
Kelsey.mp4,Kelsey,0,jessica,"['j', 'e', 's', 's', 'i', 'c', 'a']"
Kevin.mp4,Kevin,,,
Kevin.mp4,Kevin,1,kevin,"['k', 'e', 'v', 'i', 'n']"
Kyle.mp4,Kyle,,,
Kyle.mp4,Kyle,0,,None
Lauren.mp4,Lauren,,,
Lauren.mp4,Lauren,1,lauren,"['l', 'a', 'u', 'r', 'e', 'n']"
Mark.mp4,Mark,,,
Mark.mp4,Mark,0,,None
Matthew.mp4,Matthew,,,
Matthew.mp4,Matthew,0,peter,"['p', 'e', 't', 'e', 'r']"
Megan.mp4,Megan,,,
Megan.mp4,Megan,0,rachel,"['r', 'a', 'c', 'h', 'e', 'l']"
Michael.mp4,Michael,,,
Michael.mp4,Michael,0,jason,"['j', 'a', 's', 'o', 'n']"
Michelle.mp4,Michelle,,,
Michelle.mp4,Michelle,0,,None
Natalie.mp4,Natalie,,,
Natalie.mp4,Natalie,0,amanda,"['a', 'm', 'a', 'n', 'd', 'a']"
Nathan.mp4,Nathan,,,
Nathan.mp4,Nathan,1,nathan,"['n', 'a', 't', 'h', 'a', 'n']"
Nicole.mp4,Nicole,,,
Nicole.mp4,Nicole,0,olivia,"['o', 'l', 'i', 'v', 'i', 'a']"
Noah.mp4,Noah,,,
Noah.mp4,Noah,1,noah,"['n', 'o', 'a', 'h']"
Olivia.mp4,Olivia,,,
Olivia.mp4,Olivia,0,shelbey,"['s', 'h', 'e', 'l', 'b', 'i', 'backspace', 'e', 'y']"
Rachel.mp4,Rachel,,,
Rachel.mp4,Rachel,1,rachel,"['r', 'a', 'c', 'h', 'e', 'l']"
Rebecca.mp4,Rebecca,,,
Rebecca.mp4,Rebecca,0,,None
Sarah.mp4,Sarah,,,
Sarah.mp4,Sarah,0,,None
Shelby.mp4,Shelby,,,
Shelby.mp4,Shelby,0,,None
Steven.mp4,Steven,,,
Steven.mp4,Steven,0,josh,"['j', 'o', 's', 'h']"
Taylor.mp4,Taylor,,,
Taylor.mp4,Taylor,0,,None
Thomas.mp4,Thomas,,,
Thomas.mp4,Thomas,0,,None
Timothy.mp4,Timothy,,,
Timothy.mp4,Timothy,0,,None
Trevor.mp4,Trevor,,,
Trevor.mp4,Trevor,1,trever,"['t', 'r', 'e', 'v', 'e', 'r']"
Tyler.mp4,Tyler,,,
Tyler.mp4,Tyler,0,,None