Video,Name,recallRating_AA,inputText,key_resp_3.keys
Aaron.mp4,Aaron,,,
Aaron.mp4,Aaron,0,,None
Adam.mp4,Adam,,,
Adam.mp4,Adam,0,,None
Alyssa.mp4,Alyssa,,,
Alyssa.mp4,Alyssa,1,alyessa,"['a', 'l', 'y', 'e', 's', 's', 'a']"
Amanda.mp4,Amanda,,,
Amanda.mp4,Amanda,0,,None
Andrew.mp4,Andrew,,,
Andrew.mp4,Andrew,0,,['space']
Anna.mp4,Anna,,,
Anna.mp4,Anna,0,,None
Ashley.mp4,Ashley,,,
Ashley.mp4,Ashley,1,ashley,"['a', 's', 'h', 'l', 'e', 'y']"
Bradley.mp4,Bradley,,,
Bradley.mp4,Bradley,0,,None
Brandon.mp4,Brandon,,,
Brandon.mp4,Brandon,0,,"['space', 'space']"
Brian.mp4,Brian,,,
Brian.mp4,Brian,1,bryan,"['b', 'y', 'r', 'a', 'n', 'backspace', 'backspace', 'backspace', 'r', 'backspace', 'backspace', 'r', 'y', 'a', 'n']"
Brianna.mp4,Brianna,,,
Brianna.mp4,Brianna,0,,None
Brittany.mp4,Brittany,,,
Brittany.mp4,Brittany,1,brittney,"['b', 'r', 'i', 't', 't', 'n', 'e', 'y']"
Caleb.mp4,Caleb,,,
Caleb.mp4,Caleb,1,caleb,"['c', 'a', 'l', 'e', 'b']"
Cody.mp4,Cody,,,
Cody.mp4,Cody,0,aaron,"['a', 'r', 'backspace', 'a', 'r', 'o', 'n']"
Courtney.mp4,Courtney,,,
Courtney.mp4,Courtney,0,,None
Daniel.mp4,Daniel,,,
Daniel.mp4,Daniel,0,jacob,"['j', 'a', 'c', 'o', 'b']"
Danielle.mp4,Danielle,,,
Danielle.mp4,Danielle,0,,None
David.mp4,David,,,
David.mp4,David,0,michael,"['m', 'i', 'c', 'h', 'a', 'l', 'backspace', 'e', 'l']"
Dylan.mp4,Dylan,,,
Dylan.mp4,Dylan,1,dylan,"['space', 'space', 'd', 'y', 'l', 'a', 'n']"
Emily.mp4,Emily,,,
Emily.mp4,Emily,1,emily,"['e', 'm', 'i', 'l', 'y', 'space']"
Eric.mp4,Eric,,,
Eric.mp4,Eric,0,,None
Ethan.mp4,Ethan,,,
Ethan.mp4,Ethan,0,,"['1', 'backspace']"
Grace.mp4,Grace,,,
Grace.mp4,Grace,0,,['space']
Haley.mp4,Haley,,,
Haley.mp4,Haley,0,rachel,"['r', 'a', 'c', 'h', 'e', 'l']"
Hannah.mp4,Hannah,,,
Hannah.mp4,Hannah,0,,None
Heather.mp4,Heather,,,
Heather.mp4,Heather,0,,None
Jacob.mp4,Jacob,,,
Jacob.mp4,Jacob,1,jacob,"['j', 'a', 'c', 'o', 'b']"
Jason.mp4,Jason,,,
Jason.mp4,Jason,1,jason,"['j', 'a', 's', 'o', 'n', 'space']"
Jenna.mp4,Jenna,,,
Jenna.mp4,Jenna,0,sarah,"['s', 'a', 'r', 'a', 'h']"
Jeremy.mp4,Jeremy,,,
Jeremy.mp4,Jeremy,1,jeremy,"['j', 'e', 'r', 'e', 'm', 'y']"
Jessica.mp4,Jessica,,,
Jessica.mp4,Jessica,0,,['space']
Josh.mp4,Josh,,,
Josh.mp4,Josh,1,josh,"['j', 'o', 's', 'h']"
Julia.mp4,Julia,,,
Julia.mp4,Julia,0,,None
Justin.mp4,Justin,,,
Justin.mp4,Justin,0,,None
Katie.mp4,Katie,,,
Katie.mp4,Katie,1,catty,"['c', 'a', 't', 'h', 'i', 'e', 'backspace', 'backspace', 'backspace', 'backspace', 'backspace', 'a', 't', 't', 'y']"
Kayla.mp4,Kayla,,,
Kayla.mp4,Kayla,1,kayla,"['k', 'a', 'y', 'l', 'a']"
Kelsey.mp4,Kelsey,,,
Kelsey.mp4,Kelsey,0,,None
Kevin.mp4,Kevin,,,
Kevin.mp4,Kevin,1,kevin,"['k', 'e', 'v', 'i', 'n']"
Kyle.mp4,Kyle,,,
Kyle.mp4,Kyle,0,,None
Lauren.mp4,Lauren,,,
Lauren.mp4,Lauren,0,,None
Mark.mp4,Mark,,,
Mark.mp4,Mark,0,,None
Matthew.mp4,Matthew,,,
Matthew.mp4,Matthew,0,,None
Megan.mp4,Megan,,,
Megan.mp4,Megan,0,ashley,"['a', 's', 'h', 'l', 'e', 'y']"
Michael.mp4,Michael,,,
Michael.mp4,Michael,1,michael,"['m', 'i', 'c', 'h', 'a', 'e', 'l']"
Michelle.mp4,Michelle,,,
Michelle.mp4,Michelle,0,,None
Natalie.mp4,Natalie,,,
Natalie.mp4,Natalie,0,,"['1', 'backspace']"
Nathan.mp4,Nathan,,,
Nathan.mp4,Nathan,1,nathan,"['n', 'a', 't', 'h', 'a', 'n']"
Nicole.mp4,Nicole,,,
Nicole.mp4,Nicole,1,nicola,"['n', 'i', 'c', 'o', 'l', 'a']"
Noah.mp4,Noah,,,
Noah.mp4,Noah,0,,None
Olivia.mp4,Olivia,,,
Olivia.mp4,Olivia,0,shelby,"['s', 'h', 'e', 'l', 'b', 'y']"
Rachel.mp4,Rachel,,,
Rachel.mp4,Rachel,0,,None
Rebecca.mp4,Rebecca,,,
Rebecca.mp4,Rebecca,1,rebbecca,"['r', 'e', 'b', 'b', 'e', 'c', 'c', 'a']"
Sarah.mp4,Sarah,,,
Sarah.mp4,Sarah,1,sarah,"['r', 'a', 'r', 'backspace', 'backspace', 'backspace', 's', 'r', 'backspace', 'a', 'r', 'a', 'h']"
Shelby.mp4,Shelby,,,
Shelby.mp4,Shelby,0,,None
Steven.mp4,Steven,,,
Steven.mp4,Steven,0,,['space']
Taylor.mp4,Taylor,,,
Taylor.mp4,Taylor,0,,None
Thomas.mp4,Thomas,,,
Thomas.mp4,Thomas,0,jason,"['j', 'a', 's', 'o', 'n']"
Timothy.mp4,Timothy,,,
Timothy.mp4,Timothy,1,timothe,"['t', 'i', 'm', 'o', 't', 'h', 'r', 'backspace', 'backspace', 'e', 'backspace', 'h', 'e']"
Trevor.mp4,Trevor,,,
Trevor.mp4,Trevor,1,trevor,"['t', 'r', 'v', 'o', 'r', 'backspace', 'backspace', 'backspace', 'e', 'v', 'o', 'r']"
Tyler.mp4,Tyler,,,
Tyler.mp4,Tyler,0,david,"['d', 'a', 'v', 'i', 'd']"