Video,Name,recallRating_AA,inputText,key_resp_3.keys
Aaron.mp4,Aaron,,,
Aaron.mp4,Aaron,0,,None
Adam.mp4,Adam,,,
Adam.mp4,Adam,0,,None
Alyssa.mp4,Alyssa,,,
Alyssa.mp4,Alyssa,0,,None
Amanda.mp4,Amanda,,,
Amanda.mp4,Amanda,0,,None
Andrew.mp4,Andrew,,,
Andrew.mp4,Andrew,0,,None
Anna.mp4,Anna,,,
Anna.mp4,Anna,0,,None
Ashley.mp4,Ashley,,,
Ashley.mp4,Ashley,0,,None
Bradley.mp4,Bradley,,,
Bradley.mp4,Bradley,0,,None
Brandon.mp4,Brandon,,,
Brandon.mp4,Brandon,0,,None
Brian.mp4,Brian,,,
Brian.mp4,Brian,0,,None
Brianna.mp4,Brianna,,,
Brianna.mp4,Brianna,0,,None
Brittany.mp4,Brittany,,,
Brittany.mp4,Brittany,0,,None
Caleb.mp4,Caleb,,,
Caleb.mp4,Caleb,1,Caleb,"['lshift', 'c', 'a', 'l', 'e', 'b']"
Cody.mp4,Cody,,,
Cody.mp4,Cody,0,Justin,"['lshift', 'j', 'u', 's', 't', 'i', 'n']"
Courtney.mp4,Courtney,,,
Courtney.mp4,Courtney,0,,None
Daniel.mp4,Daniel,,,
Daniel.mp4,Daniel,0,,None
Danielle.mp4,Danielle,,,
Danielle.mp4,Danielle,0,,None
David.mp4,David,,,
David.mp4,David,0,,None
Dylan.mp4,Dylan,,,
Dylan.mp4,Dylan,0,,None
Emily.mp4,Emily,,,
Emily.mp4,Emily,1,Emily,"['lshift', 'e', 'm', 'i', 'l', 'y']"
Eric.mp4,Eric,,,
Eric.mp4,Eric,1,Eric,"['lshift', 'e', 'r', 'i', 'c']"
Ethan.mp4,Ethan,,,
Ethan.mp4,Ethan,0,,None
Grace.mp4,Grace,,,
Grace.mp4,Grace,0,,None
Haley.mp4,Haley,,,
Haley.mp4,Haley,0,Ashley,"['lshift', 'a', 's', 'h', 'l', 'e', 'y']"
Hannah.mp4,Hannah,,,
Hannah.mp4,Hannah,1,Hannah,"['lshift', 'h', 'h', 'backspace', 'backspace', 'lshift', 'h', 'a', 'n', 'n', 'a', 'h']"
Heather.mp4,Heather,,,
Heather.mp4,Heather,0,,None
Jacob.mp4,Jacob,,,
Jacob.mp4,Jacob,0,,None
Jason.mp4,Jason,,,
Jason.mp4,Jason,0,,"['lshift', 'c', 'a', 'l', 'backspace', 'backspace', 'backspace']"
Jenna.mp4,Jenna,,,
Jenna.mp4,Jenna,0,,None
Jeremy.mp4,Jeremy,,,
Jeremy.mp4,Jeremy,0,,None
Jessica.mp4,Jessica,,,
Jessica.mp4,Jessica,0,,None
Josh.mp4,Josh,,,
Josh.mp4,Josh,0,,None
Julia.mp4,Julia,,,
Julia.mp4,Julia,1,Julia,"['lshift', 'j', 'u', 'l', 'i', 'a']"
Justin.mp4,Justin,,,
Justin.mp4,Justin,0,,None
Katie.mp4,Katie,,,
Katie.mp4,Katie,0,,None
Kayla.mp4,Kayla,,,
Kayla.mp4,Kayla,0,,None
Kelsey.mp4,Kelsey,,,
Kelsey.mp4,Kelsey,0,,None
Kevin.mp4,Kevin,,,
Kevin.mp4,Kevin,0,Noah,"['lshift', 'n', 'o', 'a', 'h']"
Kyle.mp4,Kyle,,,
Kyle.mp4,Kyle,0,,None
Lauren.mp4,Lauren,,,
Lauren.mp4,Lauren,0,,None
Mark.mp4,Mark,,,
Mark.mp4,Mark,0,,None
Matthew.mp4,Matthew,,,
Matthew.mp4,Matthew,0,,None
Megan.mp4,Megan,,,
Megan.mp4,Megan,0,,None
Michael.mp4,Michael,,,
Michael.mp4,Michael,0,,None
Michelle.mp4,Michelle,,,
Michelle.mp4,Michelle,1,Michelle,"['lshift', 'm', 'i', 'c', 'h', 'a', 'e', 'l', 'l', 'e', 'backspace', 'backspace', 'backspace', 'backspace', 'backspace', 'e', 'l', 'l', 'e']"
Natalie.mp4,Natalie,,,
Natalie.mp4,Natalie,0,,None
Nathan.mp4,Nathan,,,
Nathan.mp4,Nathan,0,Mark,"['lshift', 'm', 'a', 'r', 'k']"
Nicole.mp4,Nicole,,,
Nicole.mp4,Nicole,0,Olivia,"['lshift', 'o', 'b', 'backspace', 'l', 'i', 'v', 'i', 'a']"
Noah.mp4,Noah,,,
Noah.mp4,Noah,0,,None
Olivia.mp4,Olivia,,,
Olivia.mp4,Olivia,0,Shelby,"['lshift', 's', 'h', 'e', 'l', 'b', 'y']"
Rachel.mp4,Rachel,,,
Rachel.mp4,Rachel,1,Rac,"['lshift', 'r', 'a', 'c']"
Rebecca.mp4,Rebecca,,,
Rebecca.mp4,Rebecca,0,Olivia,"['lshift', 'o', 'l', 'i', 'v', 'i', 'a']"
Sarah.mp4,Sarah,,,
Sarah.mp4,Sarah,0,,None
Shelby.mp4,Shelby,,,
Shelby.mp4,Shelby,0,,['lshift']
Steven.mp4,Steven,,,
Steven.mp4,Steven,0,,None
Taylor.mp4,Taylor,,,
Taylor.mp4,Taylor,0,,None
Thomas.mp4,Thomas,,,
Thomas.mp4,Thomas,1,Tomas,"['lshift', 't', 'o', 'm', 'a', 's']"
Timothy.mp4,Timothy,,,
Timothy.mp4,Timothy,0,,None
Trevor.mp4,Trevor,,,
Trevor.mp4,Trevor,1,Travor,"['lshift', 't', 'r', 'a', 'v', 'o', 'r']"
Tyler.mp4,Tyler,,,
Tyler.mp4,Tyler,0,Josh,"['lshift', 'j', 'o', 's', 'h']"