Video,Name,recallRating_AA,inputText,key_resp_3.keys
Aaron.mp4,Aaron,,,
Aaron.mp4,Aaron,1,aron,"['a', 'r', 'o', 'n']"
Adam.mp4,Adam,,,
Adam.mp4,Adam,0,,"['k', 'j', 'backspace', 'backspace', 'j', 'a', 'backspace', 'backspace']"
Alyssa.mp4,Alyssa,,,
Alyssa.mp4,Alyssa,0,,None
Amanda.mp4,Amanda,,,
Amanda.mp4,Amanda,0,1,['1']
Andrew.mp4,Andrew,,,
Andrew.mp4,Andrew,0,,None
Anna.mp4,Anna,,,
Anna.mp4,Anna,0,,None
Ashley.mp4,Ashley,,,
Ashley.mp4,Ashley,1,ashley,"['a', 's', 'h', 'l', 'e', 'y']"
Bradley.mp4,Bradley,,,
Bradley.mp4,Bradley,0,,None
Brandon.mp4,Brandon,,,
Brandon.mp4,Brandon,0,jason,"['j', 'a', 's', 'o', 'n']"
Brian.mp4,Brian,,,
Brian.mp4,Brian,0,,['b']
Brianna.mp4,Brianna,,,
Brianna.mp4,Brianna,0,,None
Brittany.mp4,Brittany,,,
Brittany.mp4,Brittany,0,,None
Caleb.mp4,Caleb,,,
Caleb.mp4,Caleb,0,dylan,"['d', 'y', 'l', 'a', 'n']"
Cody.mp4,Cody,,,
Cody.mp4,Cody,1,cody,"['c', 'o', 'd', 'y']"
Courtney.mp4,Courtney,,,
Courtney.mp4,Courtney,0,,None
Daniel.mp4,Daniel,,,
Daniel.mp4,Daniel,0,,None
Danielle.mp4,Danielle,,,
Danielle.mp4,Danielle,0,,None
David.mp4,David,,,
David.mp4,David,0,,None
Dylan.mp4,Dylan,,,
Dylan.mp4,Dylan,0,,None
Emily.mp4,Emily,,,
Emily.mp4,Emily,0,,None
Eric.mp4,Eric,,,
Eric.mp4,Eric,0,julian,"['j', 'u', 'l', 'i', 'a', 'n']"
Ethan.mp4,Ethan,,,
Ethan.mp4,Ethan,0,jason,"['j', 'a', 's', 'o', 'n']"
Grace.mp4,Grace,,,
Grace.mp4,Grace,1,grace,"['g', 'r', 'a', 'c', 'e']"
Haley.mp4,Haley,,,
Haley.mp4,Haley,0,,None
Hannah.mp4,Hannah,,,
Hannah.mp4,Hannah,1,hannah,"['h', 'a', 'n', 'n', 'a', 'h']"
Heather.mp4,Heather,,,
Heather.mp4,Heather,0,,None
Jacob.mp4,Jacob,,,
Jacob.mp4,Jacob,1,jacob,"['j', 'a', 'c', 'o', 'b']"
Jason.mp4,Jason,,,
Jason.mp4,Jason,0,brandon,"['b', 'r', 'a', 'n', 's', 'o', 'n', 'backspace', 'backspace', 'backspace', 'd', 'o', 'n']"
Jenna.mp4,Jenna,,,
Jenna.mp4,Jenna,0,,None
Jeremy.mp4,Jeremy,,,
Jeremy.mp4,Jeremy,1,jeremy,"['j', 'e', 'r', 'e', 'm', 'y']"
Jessica.mp4,Jessica,,,
Jessica.mp4,Jessica,0,,None
Josh.mp4,Josh,,,
Josh.mp4,Josh,1,josh,"['j', 'o', 's', 'h']"
Julia.mp4,Julia,,,
Julia.mp4,Julia,0,,None
Justin.mp4,Justin,,,
Justin.mp4,Justin,0,,None
Katie.mp4,Katie,,,
Katie.mp4,Katie,0,,None
Kayla.mp4,Kayla,,,
Kayla.mp4,Kayla,1,kyla,"['k', 'y', 'l', 'a']"
Kelsey.mp4,Kelsey,,,
Kelsey.mp4,Kelsey,0,alisha,"['a', 'l', 'i', 's', 'h', 'a']"
Kevin.mp4,Kevin,,,
Kevin.mp4,Kevin,0,,None
Kyle.mp4,Kyle,,,
Kyle.mp4,Kyle,0,alex,"['a', 'l', 'e', 'x']"
Lauren.mp4,Lauren,,,
Lauren.mp4,Lauren,0,,None
Mark.mp4,Mark,,,
Mark.mp4,Mark,0,,None
Matthew.mp4,Matthew,,,
Matthew.mp4,Matthew,0,,None
Megan.mp4,Megan,,,
Megan.mp4,Megan,0,britney,"['b', 'r', 'i', 't', 'm', 'e', 'y', 'backspace', 'backspace', 'backspace', 'n', 'e', 'y']"
Michael.mp4,Michael,,,
Michael.mp4,Michael,1,michael,"['m', 'i', 'c', 'h', 'a', 'e', 'l']"
Michelle.mp4,Michelle,,,
Michelle.mp4,Michelle,0,,None
Natalie.mp4,Natalie,,,
Natalie.mp4,Natalie,0,,None
Nathan.mp4,Nathan,,,
Nathan.mp4,Nathan,1,nathan,"['n', 'a', 't', 'h', 'a', 'n']"
Nicole.mp4,Nicole,,,
Nicole.mp4,Nicole,0,,None
Noah.mp4,Noah,,,
Noah.mp4,Noah,0,,None
Olivia.mp4,Olivia,,,
Olivia.mp4,Olivia,1,olivia,"['o', 'l', 'i', 'v', 'i', 'a', '2', 'backspace']"
Rachel.mp4,Rachel,,,
Rachel.mp4,Rachel,1,rachel,"['r', 'a', 'c', 'h', 'e', 'l']"
Rebecca.mp4,Rebecca,,,
Rebecca.mp4,Rebecca,0,,None
Sarah.mp4,Sarah,,,
Sarah.mp4,Sarah,1,sarah,"['s', 'a', 'r', 'a', 'h']"
Shelby.mp4,Shelby,,,
Shelby.mp4,Shelby,1,shellby,"['s', 'h', 'e', 'l', 'l', 'b', 'y']"
Steven.mp4,Steven,,,
Steven.mp4,Steven,1,steven,"['s', 't', 'e', 'v', 'e', 'n']"
Taylor.mp4,Taylor,,,
Taylor.mp4,Taylor,0,,None
Thomas.mp4,Thomas,,,
Thomas.mp4,Thomas,1,thomas,"['t', 'h', 'o', 'm', 'a', 's']"
Timothy.mp4,Timothy,,,
Timothy.mp4,Timothy,0,,None
Trevor.mp4,Trevor,,,
Trevor.mp4,Trevor,0,,None
Tyler.mp4,Tyler,,,
Tyler.mp4,Tyler,1,tyler,"['t', 'y', 'l', 'e', 'r']"