Video,Name,recallRating_AA,inputText,key_resp_3.keys
Aaron.mp4,Aaron,,,
Aaron.mp4,Aaron,0,,None
Adam.mp4,Adam,,,
Adam.mp4,Adam,0,,"['s', 'backspace', 'lshift']"
Alyssa.mp4,Alyssa,,,
Alyssa.mp4,Alyssa,0,Courtney,"['lshift', 'c', 'o', 'u', 'r', 't', 'n', 'e', 'y']"
Amanda.mp4,Amanda,,,
Amanda.mp4,Amanda,1,Amanda,"['rshift', 'a', 'm', 'a', 'n', 'd', 'a', 'return']"
Andrew.mp4,Andrew,,,
Andrew.mp4,Andrew,0,,['lshift']
Anna.mp4,Anna,,,
Anna.mp4,Anna,0,Kacey1,"['lshift', 'k', 'a', 'c', 'e', 'y', '1']"
Ashley.mp4,Ashley,,,
Ashley.mp4,Ashley,1,Ashley,"['lshift', 'a', 's', 'h', 'l', 'e', 'y']"
Bradley.mp4,Bradley,,,
Bradley.mp4,Bradley,0,Daniel,"['lshift', 'd', 'n', 'a', 'backspace', 'backspace', 'a', 'n', 'i', 'e', 'l', 'return']"
Brandon.mp4,Brandon,,,
Brandon.mp4,Brandon,0,B,"['lshift', 'b', 'r']"
Brian.mp4,Brian,,,
Brian.mp4,Brian,1,Bryan,"['lshift', 'b', 'r', 'y', 'a', 'n']"
Brianna.mp4,Brianna,,,
Brianna.mp4,Brianna,1,Brianna,"['lshift', 'b', 'r', 'a', 'i', 'backspace', 'backspace', 'i', 'a', 'n', 'n', 'n', 'backspace', 'a']"
Brittany.mp4,Brittany,,,
Brittany.mp4,Brittany,0,Megan2,"['lshift', 'm', 'e', 'g', 'a', 'n', '2']"
Caleb.mp4,Caleb,,,
Caleb.mp4,Caleb,0,Ryan,"['lshift', 'r', 'y', 'a', 'n']"
Cody.mp4,Cody,,,
Cody.mp4,Cody,1,Cody,"['lshift', 'c', 'o', 'd', 'y']"
Courtney.mp4,Courtney,,,
Courtney.mp4,Courtney,0,Nicole,"['lshift', 'n', 'i', 'c', 'h', 'o', 'l', 'e', 'backspace', 'backspace', 'backspace', 'backspace', 'o', 'l', 'e']"
Daniel.mp4,Daniel,,,
Daniel.mp4,Daniel,1,Daniel,"['lshift', 'd', 'a', 'n', 'i', 'e', 'l']"
Danielle.mp4,Danielle,,,
Danielle.mp4,Danielle,0,Kelsey,"['lshift', 'k', 'e', 'l', 's', 'e', 'y']"
David.mp4,David,,,
David.mp4,David,0,Gorge,"['lshift', 'g', 'o', 'r', 'g', 'e']"
Dylan.mp4,Dylan,,,
Dylan.mp4,Dylan,0,,None
Emily.mp4,Emily,,,
Emily.mp4,Emily,1,Emily,"['lshift', 'e', 'm', 'i', 'l', 'y']"
Eric.mp4,Eric,,,
Eric.mp4,Eric,0,Ethan,"['lshift', 'e', 't', 'h', 'a', 'n', 'return', 'space']"
Ethan.mp4,Ethan,,,
Ethan.mp4,Ethan,1,Ethan,"['lshift', 'e', 't', 'h', 'a', 'n']"
Grace.mp4,Grace,,,
Grace.mp4,Grace,1,Grace,"['lshift', 'g', 'r', 'a', 'c', 'e']"
Haley.mp4,Haley,,,
Haley.mp4,Haley,1,Haley,"['lshift', 'h', 'a', 'l', 'e', 'y']"
Hannah.mp4,Hannah,,,
Hannah.mp4,Hannah,0,,"['lshift', 's', 'backspace']"
Heather.mp4,Heather,,,
Heather.mp4,Heather,0,Ashley,"['lshift', 'a', 's', 'h', 'l', 'e', 'y']"
Jacob.mp4,Jacob,,,
Jacob.mp4,Jacob,0,Wil,"['lshift', 'k', 'e', 'backspace', 'backspace', 'lshift', 'w', 'i', 'l']"
Jason.mp4,Jason,,,
Jason.mp4,Jason,0,Eric,"['lshift', 'e', 'r', 'i', 'c']"
Jenna.mp4,Jenna,,,
Jenna.mp4,Jenna,0,Julia,"['lshift', 'j', 'u', 'l', 'i', 'a']"
Jeremy.mp4,Jeremy,,,
Jeremy.mp4,Jeremy,0,,"['lshift', 't', 'backspace']"
Jessica.mp4,Jessica,,,
Jessica.mp4,Jessica,0,Amanda,"['lshift', 'lshift', 'a', 'm', 'a', 'n', 'd', 'a', 'return']"
Josh.mp4,Josh,,,
Josh.mp4,Josh,1,Josh,"['lshift', 'j', 'o', 's', 'h']"
Julia.mp4,Julia,,,
Julia.mp4,Julia,0,Lisa,"['lshift', 'l', 'i', 's', 'a', 'return']"
Justin.mp4,Justin,,,
Justin.mp4,Justin,1,Justin,"['lshift', 'j', 'o', 'backspace', 'u', 's', 't', 'i', 'n']"
Katie.mp4,Katie,,,
Katie.mp4,Katie,1,Katie,"['lshift', 'k', 'a', 't', 'i', 'e']"
Kayla.mp4,Kayla,,,
Kayla.mp4,Kayla,1,Kayla,"['lshift', 'k', 'a', 'y', 'l', 'a']"
Kelsey.mp4,Kelsey,,,
Kelsey.mp4,Kelsey,0,Li,"['lshift', 'l', 'i']"
Kevin.mp4,Kevin,,,
Kevin.mp4,Kevin,0,,None
Kyle.mp4,Kyle,,,
Kyle.mp4,Kyle,0,Patrick,"['lshift', 'p', 'a', 't', 'r', 'i', 'c', 'c', 'k', 'backspace', 'backspace', 'k']"
Lauren.mp4,Lauren,,,
Lauren.mp4,Lauren,0,Rebecca,"['lshift', 'lshift', 'r', 'e', 'b', 'e', 'c', 'c', 'a']"
Mark.mp4,Mark,,,
Mark.mp4,Mark,0,,['lshift']
Matthew.mp4,Matthew,,,
Matthew.mp4,Matthew,1,Matthew,"['lshift', 'm', 'a', 't', 'h', 'h', 'backspace', 'backspace', 't', 'h', 'e', 'w', 'return']"
Megan.mp4,Megan,,,
Megan.mp4,Megan,0,Rachel,"['lshift', 'r', 'a', 'c', 'h', 'e', 'l']"
Michael.mp4,Michael,,,
Michael.mp4,Michael,0,Tyler,"['lshift', 't', 'y', 'l', 'e', 'r']"
Michelle.mp4,Michelle,,,
Michelle.mp4,Michelle,0,Je,"['lshift', 'j', 'e']"
Natalie.mp4,Natalie,,,
Natalie.mp4,Natalie,0,Emma,"['lshift', 'e', 'comma', 'comma', 'comma', 'm', 'm', 'a', 'return', 'space']"
Nathan.mp4,Nathan,,,
Nathan.mp4,Nathan,0,Thomas,"['lshift', 't', 'h', 'o', 'm', 'a', 's']"
Nicole.mp4,Nicole,,,
Nicole.mp4,Nicole,0,Haley,"['lshift', 'h', 'a', 'l', 'e', 'y']"
Noah.mp4,Noah,,,
Noah.mp4,Noah,0,,['lshift']
Olivia.mp4,Olivia,,,
Olivia.mp4,Olivia,0,O,"['lshift', 'lshift', 'o']"
Rachel.mp4,Rachel,,,
Rachel.mp4,Rachel,0,Brittany,"['lshift', 'b', 'r', 'i', 't', 't', 'a', 'n', 'y']"
Rebecca.mp4,Rebecca,,,
Rebecca.mp4,Rebecca,0,Kayla,"['lshift', 'k', 'a', 'y', 'l', 'a']"
Sarah.mp4,Sarah,,,
Sarah.mp4,Sarah,1,Sarah,"['lshift', 's', 'a', 'r', 'a', 'h']"
Shelby.mp4,Shelby,,,
Shelby.mp4,Shelby,1,Shelby,"['lshift', 's', 'h', 'e', 'l', 'b', 'y']"
Steven.mp4,Steven,,,
Steven.mp4,Steven,1,Steven,"['lshift', 's', 't', 'e', 'v', 'e', 'n']"
Taylor.mp4,Taylor,,,
Taylor.mp4,Taylor,0,,['lshift']
Thomas.mp4,Thomas,,,
Thomas.mp4,Thomas,0,Noah,"['lshift', 'lshift', 'n', 'o', 'a', 'h']"
Timothy.mp4,Timothy,,,
Timothy.mp4,Timothy,0,J,"['lshift', 'j', 'lshift', 'a', 'backspace', 'capslock', 's', 'd', 'd', 'backspace', 'backspace', 'backspace']"
Trevor.mp4,Trevor,,,
Trevor.mp4,Trevor,0,Roger,"['lshift', 'r', 'o', 'g', 'e', 'r']"
Tyler.mp4,Tyler,,,
Tyler.mp4,Tyler,1,Tyler,"['lshift', 't', 'y', 'l', 'e', 'r']"