Video,Name,recallRating_AA,inputText,key_resp_3.keys
Aaron.mp4,Aaron,,,
Aaron.mp4,Aaron,0,steven,"['s', 't', 'e', 'v', 'e', 'n']"
Adam.mp4,Adam,,,
Adam.mp4,Adam,0,,None
Alyssa.mp4,Alyssa,,,
Alyssa.mp4,Alyssa,0,emmaly,"['e', 'm', 'm', 'a', 'l', 'i', 'backspace', 'y']"
Amanda.mp4,Amanda,,,
Amanda.mp4,Amanda,0,,None
Andrew.mp4,Andrew,,,
Andrew.mp4,Andrew,1,andrew,"['a', 'n', 'd', 'r', 'e', 'w']"
Anna.mp4,Anna,,,
Anna.mp4,Anna,0,t,['t']
Ashley.mp4,Ashley,,,
Ashley.mp4,Ashley,0,,None
Bradley.mp4,Bradley,,,
Bradley.mp4,Bradley,0,eric,"['e', 'r', 'i', 'c']"
Brandon.mp4,Brandon,,,
Brandon.mp4,Brandon,0,micheal,"['m', 'i', 'c', 'h', 'e', 'a', 'l']"
Brian.mp4,Brian,,,
Brian.mp4,Brian,1,brain,"['b', 'r', 'a', 'i', 'n']"
Brianna.mp4,Brianna,,,
Brianna.mp4,Brianna,0,brari,"['a', 'n', 'n', 'backspace', 'backspace', 'backspace', 'backspace', 'backspace', 'b', 'r', 'a', 'r', 'i']"
Brittany.mp4,Brittany,,,
Brittany.mp4,Brittany,0,,None
Caleb.mp4,Caleb,,,
Caleb.mp4,Caleb,0,,None
Cody.mp4,Cody,,,
Cody.mp4,Cody,1,cody,"['c', 'o', 'd', 'y']"
Courtney.mp4,Courtney,,,
Courtney.mp4,Courtney,0,lora,"['l', 'o', 'r', 'a']"
Daniel.mp4,Daniel,,,
Daniel.mp4,Daniel,0,noah,"['n', 'o', 'a', 'h']"
Danielle.mp4,Danielle,,,
Danielle.mp4,Danielle,0,,None
David.mp4,David,,,
David.mp4,David,0,travor,"['t', 'r', 'a', 'v', 'o', 'r']"
Dylan.mp4,Dylan,,,
Dylan.mp4,Dylan,0,m,['m']
Emily.mp4,Emily,,,
Emily.mp4,Emily,0,anna,"['k', 'backspace', 'k', 'a', 'l', 'backspace', 'backspace', 'backspace', 'a', 'n', 'e', 'n', 'backspace', 'backspace', 'n', 'a']"
Eric.mp4,Eric,,,
Eric.mp4,Eric,0,,None
Ethan.mp4,Ethan,,,
Ethan.mp4,Ethan,0,,None
Grace.mp4,Grace,,,
Grace.mp4,Grace,1,grace,"['g', 'r', 'a', 'c', 'e']"
Haley.mp4,Haley,,,
Haley.mp4,Haley,0,megan,"['m', 'e', 'g', 'a', 'n']"
Hannah.mp4,Hannah,,,
Hannah.mp4,Hannah,0,,None
Heather.mp4,Heather,,,
Heather.mp4,Heather,0,hali,"['h', 'a', 'l', 'i']"
Jacob.mp4,Jacob,,,
Jacob.mp4,Jacob,0,mathen,"['m', 'a', 't', 'h', 'e', 'n']"
Jason.mp4,Jason,,,
Jason.mp4,Jason,0,d,"['d', 'a', 'l', 'o', 'backspace', 'backspace', 'l', 'o', 'n', 'backspace', 'backspace', 'backspace', 'backspace']"
Jenna.mp4,Jenna,,,
Jenna.mp4,Jenna,0,,None
Jeremy.mp4,Jeremy,,,
Jeremy.mp4,Jeremy,0,justin,"['j', 'u', 's', 't', 'i', 'n']"
Jessica.mp4,Jessica,,,
Jessica.mp4,Jessica,1,jassica,"['j', 'a', 's', 's', 'i', 'c', 'a']"
Josh.mp4,Josh,,,
Josh.mp4,Josh,0,,None
Julia.mp4,Julia,,,
Julia.mp4,Julia,0,,None
Justin.mp4,Justin,,,
Justin.mp4,Justin,0,damon,"['m', 'a', 'n', 'backspace', 'backspace', 'backspace', 'backspace', 'd', 'a', 'm', 'o', 'n']"
Katie.mp4,Katie,,,
Katie.mp4,Katie,1,kaley,"['k', 'a', 'l', 'e', 'y']"
Kayla.mp4,Kayla,,,
Kayla.mp4,Kayla,0,lora,"['l', 'o', 'r', 'a']"
Kelsey.mp4,Kelsey,,,
Kelsey.mp4,Kelsey,0,,None
Kevin.mp4,Kevin,,,
Kevin.mp4,Kevin,1,kevin,"['k', 'e', 'v', 'i', 'n']"
Kyle.mp4,Kyle,,,
Kyle.mp4,Kyle,0,,None
Lauren.mp4,Lauren,,,
Lauren.mp4,Lauren,0,lora,"['l', 'o', 'e', 'backspace', 'r', 'a']"
Mark.mp4,Mark,,,
Mark.mp4,Mark,1,mark,"['m', 'a', 'r', 'k']"
Matthew.mp4,Matthew,,,
Matthew.mp4,Matthew,0,eric,"['e', 'i', 'backspace', 'r', 'i', 'c']"
Megan.mp4,Megan,,,
Megan.mp4,Megan,1,megan,"['m', 'e', 'g', 'a', 'n']"
Michael.mp4,Michael,,,
Michael.mp4,Michael,0,b,['b']
Michelle.mp4,Michelle,,,
Michelle.mp4,Michelle,0,,"['l', 'a', 's', 'a', 'backspace', 'backspace', 'backspace', 'backspace']"
Natalie.mp4,Natalie,,,
Natalie.mp4,Natalie,0,,None
Nathan.mp4,Nathan,,,
Nathan.mp4,Nathan,0,tomason,"['t', 'o', 'm', 'a', 's', 'i', 'n', 'equal', 'backspace', 'equal', 'backspace', 'o', 'n']"
Nicole.mp4,Nicole,,,
Nicole.mp4,Nicole,0,,None
Noah.mp4,Noah,,,
Noah.mp4,Noah,0,jacob,"['j', 'a', 'c', 'o', 'b']"
Olivia.mp4,Olivia,,,
Olivia.mp4,Olivia,0,luvia,"['l', 'u', 'v', 'i', 'a']"
Rachel.mp4,Rachel,,,
Rachel.mp4,Rachel,0,,None
Rebecca.mp4,Rebecca,,,
Rebecca.mp4,Rebecca,1,rebacca,"['r', 'e', 'b', 'a', 'c', 'c', 'a']"
Sarah.mp4,Sarah,,,
Sarah.mp4,Sarah,0,korney,"['k', 'o', 'r', 'n', 'e', 'y']"
Shelby.mp4,Shelby,,,
Shelby.mp4,Shelby,0,loa,"['l', 'o', 'a']"
Steven.mp4,Steven,,,
Steven.mp4,Steven,0,,None
Taylor.mp4,Taylor,,,
Taylor.mp4,Taylor,0,kaletalo,"['k', 'a', 'l', 'e', 'y', 'backspace', 't', 'a', 'l', 'o']"
Thomas.mp4,Thomas,,,
Thomas.mp4,Thomas,0,jacob,"['j', 'a', 'c', 'o', 'b']"
Timothy.mp4,Timothy,,,
Timothy.mp4,Timothy,0,,None
Trevor.mp4,Trevor,,,
Trevor.mp4,Trevor,0,justin,"['j', 'u', 's', 't', 'i', 'n']"
Tyler.mp4,Tyler,,,
Tyler.mp4,Tyler,1,talor,"['t', 'a', 'y', 'l', 'e', 'backspace', 'o', 'backspace', 'backspace', 'backspace', 'l', 'o', 'r']"