Video,Name,recallRating_AA,inputText,key_resp_3.keys
Aaron.mp4,Aaron,,,
Aaron.mp4,Aaron,0,,None
Adam.mp4,Adam,,,
Adam.mp4,Adam,0,Blake,"['lshift', 'b', 'l', 'a', 'k', 'e']"
Alyssa.mp4,Alyssa,,,
Alyssa.mp4,Alyssa,0,,None
Amanda.mp4,Amanda,,,
Amanda.mp4,Amanda,0,Kelsey,"['lshift', 'k', 'e', 'l', 's', 'e', 'y']"
Andrew.mp4,Andrew,,,
Andrew.mp4,Andrew,1,andrew,"['a', 'n', 'd', 'r', 'e', 'w']"
Anna.mp4,Anna,,,
Anna.mp4,Anna,1,anna,"['a', 'n', 'n', 'a']"
Ashley.mp4,Ashley,,,
Ashley.mp4,Ashley,0,michel,"['m', 'i', 'c', 'h', 'e', 'l']"
Bradley.mp4,Bradley,,,
Bradley.mp4,Bradley,0,Michael,"['lshift', 'm', 'i', 'c', 'h', 'a', 'e', 'l']"
Brandon.mp4,Brandon,,,
Brandon.mp4,Brandon,1,Brandon,"['lshift', 'b', 'r', 'a', 'n', 'd', 'o', 'n']"
Brian.mp4,Brian,,,
Brian.mp4,Brian,0,Kyle,"['lshift', 'k', 'y', 'l', 'e', 'backspace', 'e']"
Brianna.mp4,Brianna,,,
Brianna.mp4,Brianna,0,,None
Brittany.mp4,Brittany,,,
Brittany.mp4,Brittany,1,Brittney,"['lshift', 'b', 'r', 'i', 't', 't', 'n', 'e', 'y']"
Caleb.mp4,Caleb,,,
Caleb.mp4,Caleb,1,caleb,"['c', 'a', 'l', 'e', 'b']"
Cody.mp4,Cody,,,
Cody.mp4,Cody,1,cody,"['c', 'o', 'd', 'y', 'backspace', 'backspace', 'backspace', 'backspace', 'c', 'o', 'd', 'y']"
Courtney.mp4,Courtney,,,
Courtney.mp4,Courtney,1,courtney,"['c', 'o', 'u', 'r', 't', 'n', 'e', 'y']"
Daniel.mp4,Daniel,,,
Daniel.mp4,Daniel,0,,None
Danielle.mp4,Danielle,,,
Danielle.mp4,Danielle,0,,None
David.mp4,David,,,
David.mp4,David,0,Blake,"['lshift', 'b', 'l', 'a', 'k', 'e']"
Dylan.mp4,Dylan,,,
Dylan.mp4,Dylan,0,,None
Emily.mp4,Emily,,,
Emily.mp4,Emily,0,,None
Eric.mp4,Eric,,,
Eric.mp4,Eric,1,eric,"['e', 'r', 'i', 'c']"
Ethan.mp4,Ethan,,,
Ethan.mp4,Ethan,1,ethan,"['e', 't', 'h', 'a', 'n', 'backspace', 'backspace', 'backspace', 'backspace', 'backspace', 'e', 't', 'h', 'a', 'n']"
Grace.mp4,Grace,,,
Grace.mp4,Grace,1,grace,"['g', 'r', 'a', 'c', 'e']"
Haley.mp4,Haley,,,
Haley.mp4,Haley,0,,None
Hannah.mp4,Hannah,,,
Hannah.mp4,Hannah,1,Hannah,"['lshift', 'h', 'a', 'n', 'n', 'a', 'h']"
Heather.mp4,Heather,,,
Heather.mp4,Heather,1,Heather,"['lshift', 'h', 'e', 'a', 't', 'h', 'e', 'r']"
Jacob.mp4,Jacob,,,
Jacob.mp4,Jacob,1,Jacob,"['lshift', 'j', 'a', 'c', 'o', 'b']"
Jason.mp4,Jason,,,
Jason.mp4,Jason,1,Jason,"['lshift', 'j', 'a', 's', 'o', 'n']"
Jenna.mp4,Jenna,,,
Jenna.mp4,Jenna,0,,None
Jeremy.mp4,Jeremy,,,
Jeremy.mp4,Jeremy,1,Jeremy,"['lshift', 'j', 'e', 'r', 'e', 'm', 'y']"
Jessica.mp4,Jessica,,,
Jessica.mp4,Jessica,0,,None
Josh.mp4,Josh,,,
Josh.mp4,Josh,1,Josh,"['j', 'o', 's', 'backspace', 'backspace', 'backspace', 'lshift', 'j', 'o', 's', 'h']"
Julia.mp4,Julia,,,
Julia.mp4,Julia,0,anna,"['a', 'backspace', 'a', 'n', 'n', 'a']"
Justin.mp4,Justin,,,
Justin.mp4,Justin,0,Ja,"['lshift', 'j', 'a', 'c']"
Katie.mp4,Katie,,,
Katie.mp4,Katie,1,Katie,"['lshift', 'k', 'a', 't', 'i', 'e']"
Kayla.mp4,Kayla,,,
Kayla.mp4,Kayla,1,Kayla,"['lshift', 'k', 'a', 'y', 'l', 'a']"
Kelsey.mp4,Kelsey,,,
Kelsey.mp4,Kelsey,1,Kelsey,"['lshift', 'k', 'e', 'l', 's', 'e', 'y']"
Kevin.mp4,Kevin,,,
Kevin.mp4,Kevin,1,kevin,"['k', 'e', 'v', 'i', 'n']"
Kyle.mp4,Kyle,,,
Kyle.mp4,Kyle,0,,None
Lauren.mp4,Lauren,,,
Lauren.mp4,Lauren,1,Lauren,"['lshift', 'l', 'a', 'u', 'r', 'e', 'n']"
Mark.mp4,Mark,,,
Mark.mp4,Mark,1,Mark,"['m', 'a', 'r', 'a', 'k', 'backspace', 'equal', 'backspace', 'backspace', 'backspace', 'backspace', 'lshift', 'm', 'a', 'r', 'k']"
Matthew.mp4,Matthew,,,
Matthew.mp4,Matthew,0,eric,"['e', 'backspace', 'e', 'r', 'backspace', 'backspace', 'e', 'r', 'i', 'c']"
Megan.mp4,Megan,,,
Megan.mp4,Megan,0,rachel,"['r', 'a', 'c', 'h', 'e', 'l']"
Michael.mp4,Michael,,,
Michael.mp4,Michael,1,Michael,"['lshift', 'm', 'i', 'c', 'h', 'a', 'e', 'l']"
Michelle.mp4,Michelle,,,
Michelle.mp4,Michelle,0,Nicole,"['lshift', 'n', 'i', 'c', 'o', 'l', 'e']"
Natalie.mp4,Natalie,,,
Natalie.mp4,Natalie,0,a,['a']
Nathan.mp4,Nathan,,,
Nathan.mp4,Nathan,1,na,"['a', 'a', 'r', 'o', 'n', 'backspace', 'backspace', 'backspace', 'backspace', 'backspace', 'backspace', 'n', 'a']"
Nicole.mp4,Nicole,,,
Nicole.mp4,Nicole,1,Nicole,"['lshift', 'n', 'i', 'c', 'o', 'l', 'e']"
Noah.mp4,Noah,,,
Noah.mp4,Noah,1,Noah,"['lshift', 'lshift', 'n', 'o', 'a', 'h']"
Olivia.mp4,Olivia,,,
Olivia.mp4,Olivia,1,Olivia,"['lshift', 'o', 'l', 'i', 'v', 'i', 'a']"
Rachel.mp4,Rachel,,,
Rachel.mp4,Rachel,0,,None
Rebecca.mp4,Rebecca,,,
Rebecca.mp4,Rebecca,0,rachel,"['r', 'a', 'c', 'h', 'e', 'l']"
Sarah.mp4,Sarah,,,
Sarah.mp4,Sarah,1,sarah,"['s', 'a', 'r', 'a', 'h']"
Shelby.mp4,Shelby,,,
Shelby.mp4,Shelby,1,shelby,"['s', 'h', 'e', 'l', 'b', 'y']"
Steven.mp4,Steven,,,
Steven.mp4,Steven,0,justin,"['j', 'u', 's', 'i', 't', 'backspace', 'backspace', 'backspace', 's', 't', 'i', 'n']"
Taylor.mp4,Taylor,,,
Taylor.mp4,Taylor,1,taylor,"['t', 'a', 'y', 'l', 'o', 'r']"
Thomas.mp4,Thomas,,,
Thomas.mp4,Thomas,1,thomas,"['t', 'h', 'o', 'm', 'a', 's']"
Timothy.mp4,Timothy,,,
Timothy.mp4,Timothy,0,ethan,"['e', 'backspace', 'e', 't', 'h', 'a', 'n']"
Trevor.mp4,Trevor,,,
Trevor.mp4,Trevor,0,aaron,"['a', 'a', 'r', 'o', 'n']"
Tyler.mp4,Tyler,,,
Tyler.mp4,Tyler,0,,None