Video,Name,recallRating_AA,inputText,key_resp_3.keys
Aaron.mp4,Aaron,,,
Aaron.mp4,Aaron,0,kodcod,"['k', 'o', 'd', 'y', 'backspace', 'c', 'o', 'd', 'y', 'backspace']"
Adam.mp4,Adam,,,
Adam.mp4,Adam,0,,None
Alyssa.mp4,Alyssa,,,
Alyssa.mp4,Alyssa,1,lisa,"['l', 'i', 's', 'a']"
Amanda.mp4,Amanda,,,
Amanda.mp4,Amanda,1,amanda,"['a', 'm', 'a', 'n', 'd', 'a']"
Andrew.mp4,Andrew,,,
Andrew.mp4,Andrew,0,bryan,"['b', 'r', 'y', 'a', 'n']"
Anna.mp4,Anna,,,
Anna.mp4,Anna,0,,None
Ashley.mp4,Ashley,,,
Ashley.mp4,Ashley,0,natalie,"['n', 'a', 't', 'a', 'l', 'i', 'e']"
Bradley.mp4,Bradley,,,
Bradley.mp4,Bradley,0,,None
Brandon.mp4,Brandon,,,
Brandon.mp4,Brandon,0,,None
Brian.mp4,Brian,,,
Brian.mp4,Brian,0,,None
Brianna.mp4,Brianna,,,
Brianna.mp4,Brianna,0,,None
Brittany.mp4,Brittany,,,
Brittany.mp4,Brittany,1,britney,"['b', 'r', 'i', 't', 'n', 'e', 'y']"
Caleb.mp4,Caleb,,,
Caleb.mp4,Caleb,0,,None
Cody.mp4,Cody,,,
Cody.mp4,Cody,0,justin,"['j', 'u', 's', 't', 'i', 'n']"
Courtney.mp4,Courtney,,,
Courtney.mp4,Courtney,1,courtney,"['c', 'o', 'u', 'r', 't', 'n', 'e', 'y']"
Daniel.mp4,Daniel,,,
Daniel.mp4,Daniel,1,daniel,"['d', 'a', 'n', 'i', 'e', 'l']"
Danielle.mp4,Danielle,,,
Danielle.mp4,Danielle,0,natalie,"['n', 'a', 't', 'a', 'l', 'i', 'e']"
David.mp4,David,,,
David.mp4,David,0,aaron,"['a', 'a', 'r', 'o', 'n']"
Dylan.mp4,Dylan,,,
Dylan.mp4,Dylan,0,,None
Emily.mp4,Emily,,,
Emily.mp4,Emily,0,lisa,"['l', 'y', 's', 's', 'a', 'backspace', 'backspace', 'backspace', 'backspace', 'i', 's', 'a']"
Eric.mp4,Eric,,,
Eric.mp4,Eric,0,jason,"['j', 'a', 's', 'o', 'n']"
Ethan.mp4,Ethan,,,
Ethan.mp4,Ethan,0,,None
Grace.mp4,Grace,,,
Grace.mp4,Grace,0,,None
Haley.mp4,Haley,,,
Haley.mp4,Haley,1,haley,"['h', 'a', 'l', 'e', 'y']"
Hannah.mp4,Hannah,,,
Hannah.mp4,Hannah,0,jessica,"['j', 'e', 's', 's', 'i', 'c', 'a']"
Heather.mp4,Heather,,,
Heather.mp4,Heather,0,danielle,"['d', 'a', 'n', 'i', 'e', 'l', 'l', 'e']"
Jacob.mp4,Jacob,,,
Jacob.mp4,Jacob,1,jacob,"['j', 'a', 'c', 'o', 'b']"
Jason.mp4,Jason,,,
Jason.mp4,Jason,0,,None
Jenna.mp4,Jenna,,,
Jenna.mp4,Jenna,0,amanda,"['a', 'm', 'a', 'n', 'd', 'a']"
Jeremy.mp4,Jeremy,,,
Jeremy.mp4,Jeremy,0,,"['d', 'backspace']"
Jessica.mp4,Jessica,,,
Jessica.mp4,Jessica,0,,None
Josh.mp4,Josh,,,
Josh.mp4,Josh,1,josh,"['j', 'o', 's', 'h']"
Julia.mp4,Julia,,,
Julia.mp4,Julia,0,,None
Justin.mp4,Justin,,,
Justin.mp4,Justin,0,steven,"['s', 't', 'e', 'v', 'e', 'n']"
Katie.mp4,Katie,,,
Katie.mp4,Katie,0,,None
Kayla.mp4,Kayla,,,
Kayla.mp4,Kayla,0,,None
Kelsey.mp4,Kelsey,,,
Kelsey.mp4,Kelsey,0,jessica,"['j', 'e', 's', 's', 'i', 'c', 'a']"
Kevin.mp4,Kevin,,,
Kevin.mp4,Kevin,0,,None
Kyle.mp4,Kyle,,,
Kyle.mp4,Kyle,0,,None
Lauren.mp4,Lauren,,,
Lauren.mp4,Lauren,0,courtney,"['c', 'o', 'u', 'r', 't', 'n', 'e', 'y']"
Mark.mp4,Mark,,,
Mark.mp4,Mark,0,,None
Matthew.mp4,Matthew,,,
Matthew.mp4,Matthew,0,,None
Megan.mp4,Megan,,,
Megan.mp4,Megan,0,,None
Michael.mp4,Michael,,,
Michael.mp4,Michael,0,,None
Michelle.mp4,Michelle,,,
Michelle.mp4,Michelle,1,michelle,"['m', 'i', 'c', 'h', 'e', 'l', 'l', 'e']"
Natalie.mp4,Natalie,,,
Natalie.mp4,Natalie,0,,None
Nathan.mp4,Nathan,,,
Nathan.mp4,Nathan,1,nathan,"['n', 'a', 't', 'h', 'a', 'n']"
Nicole.mp4,Nicole,,,
Nicole.mp4,Nicole,0,kara,"['k', 'a', 'r', 'a']"
Noah.mp4,Noah,,,
Noah.mp4,Noah,0,,None
Olivia.mp4,Olivia,,,
Olivia.mp4,Olivia,0,,None
Rachel.mp4,Rachel,,,
Rachel.mp4,Rachel,0,,None
Rebecca.mp4,Rebecca,,,
Rebecca.mp4,Rebecca,1,rebecca,"['r', 'e', 'b', 'e', 'c', 'c', 'a']"
Sarah.mp4,Sarah,,,
Sarah.mp4,Sarah,0,,None
Shelby.mp4,Shelby,,,
Shelby.mp4,Shelby,0,,None
Steven.mp4,Steven,,,
Steven.mp4,Steven,0,,None
Taylor.mp4,Taylor,,,
Taylor.mp4,Taylor,0,,None
Thomas.mp4,Thomas,,,
Thomas.mp4,Thomas,0,,None
Timothy.mp4,Timothy,,,
Timothy.mp4,Timothy,0,,None
Trevor.mp4,Trevor,,,
Trevor.mp4,Trevor,0,justin,"['j', 'u', 's', 't', 'i', 'n']"
Tyler.mp4,Tyler,,,
Tyler.mp4,Tyler,0,kody,"['k', 'o', 'd', 'y']"