Video,Name,recallRating_AA,inputText,key_resp_3.keys
Aaron.mp4,Aaron,,,
Aaron.mp4,Aaron,1,Aaron,"['lshift', 's', 'backspace', 'lshift', 'a', 'a', 'r', 'o', 'y', 'backspace', 'n', 'space']"
Adam.mp4,Adam,,,
Adam.mp4,Adam,0,,None
Alyssa.mp4,Alyssa,,,
Alyssa.mp4,Alyssa,1,Alisa,"['lshift', 'a', 'l', 'l', 's', 'y', 'backspace', 'i', 'backspace', 'backspace', 'backspace', 'i', 's', 'a']"
Amanda.mp4,Amanda,,,
Amanda.mp4,Amanda,0,,['lshift']
Andrew.mp4,Andrew,,,
Andrew.mp4,Andrew,0,Aric,"['lshift', 'a', 'r', 'i', 'c', 'space']"
Anna.mp4,Anna,,,
Anna.mp4,Anna,1,Anna,"['lshift', 'a', 'n', 'n', 'a', 'space']"
Ashley.mp4,Ashley,,,
Ashley.mp4,Ashley,0,Rachel,"['lshift', 'r', 'e', 'backspace', 'a', 'c', 'h', 'e', 'l', 'space']"
Bradley.mp4,Bradley,,,
Bradley.mp4,Bradley,0,4,"['space', '4']"
Brandon.mp4,Brandon,,,
Brandon.mp4,Brandon,0,Jason,"['lshift', 'j', 'a', 's', 'o', 'n', 'space']"
Brian.mp4,Brian,,,
Brian.mp4,Brian,0,Brand,"['lshift', 'b', 'r', 'a', 'n', 'd', 'space']"
Brianna.mp4,Brianna,,,
Brianna.mp4,Brianna,0,Misky,"['lshift', 'm', 'i', 's', 'k', 'y', 'space', 'space']"
Brittany.mp4,Brittany,,,
Brittany.mp4,Brittany,0,Allensh,"['lshift', 'a', 'lshift', 'l', 'l', 'backspace', 'backspace', 'l', 'l', 'e', 'n', 's', 'h']"
Caleb.mp4,Caleb,,,
Caleb.mp4,Caleb,0,Jason,"['lshift', 'j', 'a', 's', 'o', 'n', 'space']"
Cody.mp4,Cody,,,
Cody.mp4,Cody,0,Justin,"['lshift', 'j', 'u', 's', 't', 'i', 'n', 'space']"
Courtney.mp4,Courtney,,,
Courtney.mp4,Courtney,0,Vincy,"['lshift', 'v', 'i', 'n', 'c', 'y', 'space']"
Daniel.mp4,Daniel,,,
Daniel.mp4,Daniel,0,Tommars,"['lshift', 't', 'o', 'm', 'm', 'a', 'r', 's', 'space']"
Danielle.mp4,Danielle,,,
Danielle.mp4,Danielle,0,Royv,"['lshift', 'r', 'o', 'y', 'v']"
David.mp4,David,,,
David.mp4,David,0,Kevin,"['lshift', 'k', 'e', 'v', 'i', 'n', 'space']"
Dylan.mp4,Dylan,,,
Dylan.mp4,Dylan,0,Eric,"['lshift', 'e', 'r', 'i', 'c', 'space']"
Emily.mp4,Emily,,,
Emily.mp4,Emily,0,Mency,"['lshift', 'm', 'e', 'n', 'c', 'y']"
Eric.mp4,Eric,,,
Eric.mp4,Eric,1,Eric,"['lshift', 'e', 'r', 'i', 'c', 'return']"
Ethan.mp4,Ethan,,,
Ethan.mp4,Ethan,0,,None
Grace.mp4,Grace,,,
Grace.mp4,Grace,0,Emily,"['lshift', 'e', 'm', 'i', 'l', 'y']"
Haley.mp4,Haley,,,
Haley.mp4,Haley,0,Nancy,"['lshift', 'n', 'a', 'n', 'c', 'y', 'space', 'space']"
Hannah.mp4,Hannah,,,
Hannah.mp4,Hannah,0,,['space']
Heather.mp4,Heather,,,
Heather.mp4,Heather,0,Anty,"['lshift', 'a', 'n', 't', 'y', 'space']"
Jacob.mp4,Jacob,,,
Jacob.mp4,Jacob,0,Mark,"['lshift', 'm', 'a', 'r', 'k', 'space']"
Jason.mp4,Jason,,,
Jason.mp4,Jason,0,Tommy,"['lshift', 't', 'o', 'm', 'm', 'y', 'space']"
Jenna.mp4,Jenna,,,
Jenna.mp4,Jenna,0,julia,"['j', 'j', 'u', 'l', 'backspace', 'backspace', 'backspace', 'u', 'l', 'i', 'a', 'space']"
Jeremy.mp4,Jeremy,,,
Jeremy.mp4,Jeremy,0,Frank,"['lshift', 'f', 'r', 'a', 'n', 'k', 'space']"
Jessica.mp4,Jessica,,,
Jessica.mp4,Jessica,0,Juliar,"['lshift', 'j', 'u', 'l', 'i', 'a', 'r', 'space', 'space']"
Josh.mp4,Josh,,,
Josh.mp4,Josh,0,Raush,"['lshift', 'lshift', 'r', 'a', 'u', 's', 'h', 'space']"
Julia.mp4,Julia,,,
Julia.mp4,Julia,1,Julia,"['lshift', 'j', 'u', 'l', 'i', 'a']"
Justin.mp4,Justin,,,
Justin.mp4,Justin,1,Justin,"['lshift', 'j', 'u', 's', 't', 'i', 'n', 'space']"
Katie.mp4,Katie,,,
Katie.mp4,Katie,0,Emily,"['lshift', 'e', 'm', 'i', 'l', 'y', 'space', 'space']"
Kayla.mp4,Kayla,,,
Kayla.mp4,Kayla,0,Rebeccar,"['lshift', 'r', 'e', 'b', 'e', 'c', 'c', 'a', 'r', 'space']"
Kelsey.mp4,Kelsey,,,
Kelsey.mp4,Kelsey,0,Amada,"['lshift', 'a', 'm', 'a', 'd', 'a', 'space']"
Kevin.mp4,Kevin,,,
Kevin.mp4,Kevin,1,Kevin,"['lshift', 'k', 'e', 'v', 'i', 'n', 'space']"
Kyle.mp4,Kyle,,,
Kyle.mp4,Kyle,0,Antony,"['lshift', 'a', 'n', 't', 'o', 'n', 'y', 'space']"
Lauren.mp4,Lauren,,,
Lauren.mp4,Lauren,0,,['space']
Mark.mp4,Mark,,,
Mark.mp4,Mark,1,Mark,"['lshift', 'm', 'a', 'r', 'k', 'space', 'space']"
Matthew.mp4,Matthew,,,
Matthew.mp4,Matthew,0,Antony,"['lshift', 'a', 'n', 't', 'o', 'n', 'y', 'return']"
Megan.mp4,Megan,,,
Megan.mp4,Megan,0,Alishe,"['lshift', 'a', 'l', 'i', 's', 'h', 'e', 'space', 'space']"
Michael.mp4,Michael,,,
Michael.mp4,Michael,0,Thomas,"['lshift', 't', 'h', 'o', 'm', 'a', 's']"
Michelle.mp4,Michelle,,,
Michelle.mp4,Michelle,1,Mechich,"['lshift', 'm', 'e', 'c', 'h', 'i', 'c', 'h']"
Natalie.mp4,Natalie,,,
Natalie.mp4,Natalie,0,Alice,"['lshift', 'a', 'l', 'i', 'c', 'e', 'space']"
Nathan.mp4,Nathan,,,
Nathan.mp4,Nathan,0,Tony,"['lshift', 'lshift', 't', 'o', 'n', 'y', 'space']"
Nicole.mp4,Nicole,,,
Nicole.mp4,Nicole,1,Nicole,"['lshift', 'n', 'i', 'c', 'o', 'l', 'e']"
Noah.mp4,Noah,,,
Noah.mp4,Noah,0,Tommy,"['lshift', 't', 'o', 'm', 'm', 'y', 'space']"
Olivia.mp4,Olivia,,,
Olivia.mp4,Olivia,0,Nancy,"['lshift', 'n', 'a', 'n', 'c', 'y', 'space']"
Rachel.mp4,Rachel,,,
Rachel.mp4,Rachel,1,Rechal,"['lshift', 'r', 'e', 'c', 'h', 'a', 'l', 'space']"
Rebecca.mp4,Rebecca,,,
Rebecca.mp4,Rebecca,1,Rebeccar,"['lshift', 'r', 'e', 'b', 'e', 'c', 'x', 'backspace', 'c', 'a', 'r']"
Sarah.mp4,Sarah,,,
Sarah.mp4,Sarah,1,Sarah,"['lshift', 's', 'a', 'r', 'a', 'h', 'space']"
Shelby.mp4,Shelby,,,
Shelby.mp4,Shelby,1,Shallwe,"['s', 'backspace', 'lshift', 's', 'h', 'a', 'l', 'l', 'w', 'e']"
Steven.mp4,Steven,,,
Steven.mp4,Steven,1,Steven,"['lshift', 's', 't', 'e', 'v', 'e', 'n', 'space']"
Taylor.mp4,Taylor,,,
Taylor.mp4,Taylor,0,Nancy,"['lshift', 'n', 'a', 'n', 'c', 'y', 'space']"
Thomas.mp4,Thomas,,,
Thomas.mp4,Thomas,0,,['space']
Timothy.mp4,Timothy,,,
Timothy.mp4,Timothy,0,T,"['t', 'backspace', 'lshift', 't', 't', 'backspace']"
Trevor.mp4,Trevor,,,
Trevor.mp4,Trevor,0,Justin,"['lshift', 'lshift', 'lshift', 'j', 'u', 's', 't', 'i', 'n']"
Tyler.mp4,Tyler,,,
Tyler.mp4,Tyler,1,Talor,"['lshift', 'lshift', 't', 'a', 'l', 'o', 'r', 'space']"