Video,Name,recallRating_AA,inputText,key_resp_3.keys
Aaron.mp4,Aaron,,,
Aaron.mp4,Aaron,0,,None
Adam.mp4,Adam,,,
Adam.mp4,Adam,0,Edwin,"['lshift', 'e', 'd', 'w', 'i', 'n']"
Alyssa.mp4,Alyssa,,,
Alyssa.mp4,Alyssa,0,,None
Amanda.mp4,Amanda,,,
Amanda.mp4,Amanda,0,Sarah,"['lshift', 's', 'a', 'r', 'a', 'h']"
Andrew.mp4,Andrew,,,
Andrew.mp4,Andrew,0,Michael,"['lshift', 'm', 'i', 'h', 'backspace', 'c', 'h', 'a', 'e', 'l']"
Anna.mp4,Anna,,,
Anna.mp4,Anna,0,Jennifer,"['lshift', 'j', 'e', 'n', 'n', 'i', 'f', 'e', 'r']"
Ashley.mp4,Ashley,,,
Ashley.mp4,Ashley,1,Ashley,"['lshift', 'a', 's', 'h', 'l', 'e', 't', 'backspace', 'y']"
Bradley.mp4,Bradley,,,
Bradley.mp4,Bradley,0,John,"['lshift', 'j', 'o', 'h', 'n']"
Brandon.mp4,Brandon,,,
Brandon.mp4,Brandon,0,,['lshift']
Brian.mp4,Brian,,,
Brian.mp4,Brian,0,,None
Brianna.mp4,Brianna,,,
Brianna.mp4,Brianna,0,Emily,"['lshift', 'e', 'm', 'i', 'l', 'y']"
Brittany.mp4,Brittany,,,
Brittany.mp4,Brittany,1,Bri,"['lshift', 'b', 'r', 'i']"
Caleb.mp4,Caleb,,,
Caleb.mp4,Caleb,0,Dylan,"['lshift', 'd', 'y', 'l', 'a', 'n']"
Cody.mp4,Cody,,,
Cody.mp4,Cody,1,Cody,"['lshift', 't', 'y', 'backspace', 'backspace', 'lshift', 'c', 'o', 'd', 'y']"
Courtney.mp4,Courtney,,,
Courtney.mp4,Courtney,0,Laurn,"['lshift', 'l', 'a', 'u', 'r', 'backspace', 'r', 'n']"
Daniel.mp4,Daniel,,,
Daniel.mp4,Daniel,0,Kevin,"['lshift', 'k', 'e', 'v', 'i', 'n']"
Danielle.mp4,Danielle,,,
Danielle.mp4,Danielle,0,Ashley,"['lshift', 'a', 's', 'h', 'l', 'e', 'y']"
David.mp4,David,,,
David.mp4,David,0,Cody,"['lshift', 'c', 'o', 'd', 'y']"
Dylan.mp4,Dylan,,,
Dylan.mp4,Dylan,0,,None
Emily.mp4,Emily,,,
Emily.mp4,Emily,1,Emily,"['lshift', 'e', 'm', 'i', 'l', 'y']"
Eric.mp4,Eric,,,
Eric.mp4,Eric,0,Brian,"['lshift', 'b', 'r', 'i', 'a', 'n']"
Ethan.mp4,Ethan,,,
Ethan.mp4,Ethan,0,David,"['lshift', 'd', 'a', 'v', 'i', 'd']"
Grace.mp4,Grace,,,
Grace.mp4,Grace,1,Grace,"['lshift', 'g', 'r', 'a', 'c', 'e']"
Haley.mp4,Haley,,,
Haley.mp4,Haley,0,,['lshift']
Hannah.mp4,Hannah,,,
Hannah.mp4,Hannah,0,Jessica,"['lshift', 'j', 'e', 's', 's', 'i', 'c', 'a']"
Heather.mp4,Heather,,,
Heather.mp4,Heather,1,Heather,"['lshift', 'h', 'e', 'a', 't', 'h', 'e', 'r']"
Jacob.mp4,Jacob,,,
Jacob.mp4,Jacob,0,Mark,"['lshift', 'm', 'lshift', 'a', 'r', 'k', 'backspace', 'backspace', 'backspace', 'a', 'r', 'k']"
Jason.mp4,Jason,,,
Jason.mp4,Jason,0,Brian,"['lshift', 'b', 'r', 'i', 'a', 'n']"
Jenna.mp4,Jenna,,,
Jenna.mp4,Jenna,0,Leslie,"['lshift', 'l', 'e', 's', 'l', 'i', 'e']"
Jeremy.mp4,Jeremy,,,
Jeremy.mp4,Jeremy,0,Trever,"['lshift', 't', 'r', 'e', 'v', 'e', 'r']"
Jessica.mp4,Jessica,,,
Jessica.mp4,Jessica,1,Jessica,"['lshift', 'j', 'e', 's', 's', 'i', 'c', 'a']"
Josh.mp4,Josh,,,
Josh.mp4,Josh,0,,None
Julia.mp4,Julia,,,
Julia.mp4,Julia,0,,None
Justin.mp4,Justin,,,
Justin.mp4,Justin,0,Michael,"['lshift', 'm', 'i', 'c', 'h', 'a', 'e', 'l']"
Katie.mp4,Katie,,,
Katie.mp4,Katie,0,Briana,"['lshift', 'b', 'r', 'i', 'a', 'n', 'a']"
Kayla.mp4,Kayla,,,
Kayla.mp4,Kayla,0,,None
Kelsey.mp4,Kelsey,,,
Kelsey.mp4,Kelsey,0,,None
Kevin.mp4,Kevin,,,
Kevin.mp4,Kevin,0,Jacob,"['lshift', 'j', 'a', 'c', 'o', 'b']"
Kyle.mp4,Kyle,,,
Kyle.mp4,Kyle,0,,None
Lauren.mp4,Lauren,,,
Lauren.mp4,Lauren,0,Coutrney,"['lshift', 'c', 'o', 'u', 't', 'r', 'n', 'y', 'backspace', 'e', 'y']"
Mark.mp4,Mark,,,
Mark.mp4,Mark,1,Mark,"['lshift', 'm', 'a', 'r', 'k']"
Matthew.mp4,Matthew,,,
Matthew.mp4,Matthew,0,Mark,"['lshift', 'm', 'a', 'r', 'k', '1', 'backspace']"
Megan.mp4,Megan,,,
Megan.mp4,Megan,0,,"['lshift', 'b', 'backspace']"
Michael.mp4,Michael,,,
Michael.mp4,Michael,0,Tr,"['lshift', 't', 'r']"
Michelle.mp4,Michelle,,,
Michelle.mp4,Michelle,0,Kimberly,"['lshift', 'k', 'i', 'm', 'b', 'e', 'r', 'l', 'y']"
Natalie.mp4,Natalie,,,
Natalie.mp4,Natalie,0,,None
Nathan.mp4,Nathan,,,
Nathan.mp4,Nathan,1,Nathan,"['lshift', 'n', 'a', 't', 'h', 'backspace', 'backspace', 'i', 't', 'h', 'a', 'backspace', 'backspace', 'backspace', 'backspace', 't', 'h', 'a', 'n']"
Nicole.mp4,Nicole,,,
Nicole.mp4,Nicole,0,Tonia,"['lshift', 't', 'o', 'n', 'i', 'a']"
Noah.mp4,Noah,,,
Noah.mp4,Noah,1,Noah,"['lshift', 'n', 'a', 'o', 'h', 'backspace', 'backspace', 'backspace', 'o', 'a', 'h']"
Olivia.mp4,Olivia,,,
Olivia.mp4,Olivia,0,,None
Rachel.mp4,Rachel,,,
Rachel.mp4,Rachel,0,Amanda,"['lshift', 'a', 'm', 'a', 'a', 'n', 'd', 'a', 'backspace', 'backspace', 'backspace', 'backspace', 'n', 'd', 'a']"
Rebecca.mp4,Rebecca,,,
Rebecca.mp4,Rebecca,0,Sar,"['lshift', 's', 'a', 'r', 'a']"
Sarah.mp4,Sarah,,,
Sarah.mp4,Sarah,1,Sarah,"['lshift', 's', 'a', 'r', 'a', 'h']"
Shelby.mp4,Shelby,,,
Shelby.mp4,Shelby,1,Shelby,"['lshift', 's', 'h', 'e', 'l', 'b', 'y']"
Steven.mp4,Steven,,,
Steven.mp4,Steven,0,,None
Taylor.mp4,Taylor,,,
Taylor.mp4,Taylor,1,Taylor,"['lshift', 'lshift', 't', 'a', 'y', 'l', 'o', 'r']"
Thomas.mp4,Thomas,,,
Thomas.mp4,Thomas,0,Steven,"['lshift', 's', 't', 'e', 'v', 'e', 'n']"
Timothy.mp4,Timothy,,,
Timothy.mp4,Timothy,0,Kyle,"['lshift', 'k', 'y', 'l', 'e']"
Trevor.mp4,Trevor,,,
Trevor.mp4,Trevor,0,Justin,"['lshift', 'j', 'u', 's', 't', 'i', 'n']"
Tyler.mp4,Tyler,,,
Tyler.mp4,Tyler,1,Tyler,"['lshift', 'lshift', 't', 'y', 'l', 'e', 'r']"