Video,Name,recallRating_AA,inputText,key_resp_3.keys
Aaron.mp4,Aaron,,,
Aaron.mp4,Aaron,0,erick,"['e', 'r', 'i', 's', 'k', 'backspace', 'backspace', 'c', 'k']"
Adam.mp4,Adam,,,
Adam.mp4,Adam,0,david,"['d', 'a', 'v', 'i', 'd']"
Alyssa.mp4,Alyssa,,,
Alyssa.mp4,Alyssa,1,alyssa,"['a', 'l', 'y', 's', 's', 'a']"
Amanda.mp4,Amanda,,,
Amanda.mp4,Amanda,0,maddie,"['m', 'a', 'd', 'd', 'i', 'e']"
Andrew.mp4,Andrew,,,
Andrew.mp4,Andrew,0,daniel,"['d', 'a', 'n', 'i', 'e', 'l']"
Anna.mp4,Anna,,,
Anna.mp4,Anna,0,ema,"['e', 'm', 'a']"
Ashley.mp4,Ashley,,,
Ashley.mp4,Ashley,1,ashel,"['a', 's', 'h', 'e', 'l']"
Bradley.mp4,Bradley,,,
Bradley.mp4,Bradley,0,,['space']
Brandon.mp4,Brandon,,,
Brandon.mp4,Brandon,0,kevin,"['k', 'e', 'v', 'i', 'n']"
Brian.mp4,Brian,,,
Brian.mp4,Brian,0,cody,"['c', 'o', 'd', 'y']"
Brianna.mp4,Brianna,,,
Brianna.mp4,Brianna,0,heathe,"['h', 'e', 'a', 't', 'e', 'backspace', 'h', 'e']"
Brittany.mp4,Brittany,,,
Brittany.mp4,Brittany,1,britney,"['b', 'r', 'i', 't', 'n', 'e', 'y']"
Caleb.mp4,Caleb,,,
Caleb.mp4,Caleb,0,jason,"['j', 'a', 's', 'o', 'n']"
Cody.mp4,Cody,,,
Cody.mp4,Cody,0,aaron,"['a', 'a', 'r', 'o', 'n']"
Courtney.mp4,Courtney,,,
Courtney.mp4,Courtney,1,courtney,"['c', 'o', 'u', 'r', 't', 'n', 'e', 'y']"
Daniel.mp4,Daniel,,,
Daniel.mp4,Daniel,0,erick,"['e', 'r', 'i', 'c', 'k']"
Danielle.mp4,Danielle,,,
Danielle.mp4,Danielle,0,,None
David.mp4,David,,,
David.mp4,David,0,josh,"['j', 'o', 's', 'h']"
Dylan.mp4,Dylan,,,
Dylan.mp4,Dylan,0,jake,"['j', 'a', 'c', 'backspace', 'k', 'e']"
Emily.mp4,Emily,,,
Emily.mp4,Emily,1,emily,"['e', 'm', 'i', 'l', 'y']"
Eric.mp4,Eric,,,
Eric.mp4,Eric,0,jake,"['j', 'a', 'k', 'e']"
Ethan.mp4,Ethan,,,
Ethan.mp4,Ethan,0,aron,"['a', 'r', 'o', 'n']"
Grace.mp4,Grace,,,
Grace.mp4,Grace,1,grace,"['g', 'r', 'a', 'c', 'e']"
Haley.mp4,Haley,,,
Haley.mp4,Haley,1,hailey,"['h', 'a', 'i', 'l', 'e', 'y']"
Hannah.mp4,Hannah,,,
Hannah.mp4,Hannah,1,hana,"['h', 'a', 'n', 'a', 'space']"
Heather.mp4,Heather,,,
Heather.mp4,Heather,0,juli,"['j', 'u', 'l', 'i']"
Jacob.mp4,Jacob,,,
Jacob.mp4,Jacob,0,kevin,"['k', 'e', 'v', 'i', 'n']"
Jason.mp4,Jason,,,
Jason.mp4,Jason,0,jake,"['j', 'a', 'k', 'e']"
Jenna.mp4,Jenna,,,
Jenna.mp4,Jenna,0,jessica,"['j', 'e', 's', 's', 'i', 'c', 'a']"
Jeremy.mp4,Jeremy,,,
Jeremy.mp4,Jeremy,0,tyler,"['t', 'y', 'l', 'e', 'r']"
Jessica.mp4,Jessica,,,
Jessica.mp4,Jessica,0,,None
Josh.mp4,Josh,,,
Josh.mp4,Josh,0,cody,"['c', 'o', 'd', 'y']"
Julia.mp4,Julia,,,
Julia.mp4,Julia,1,julia,"['j', 'u', 'l', 'i', 'a']"
Justin.mp4,Justin,,,
Justin.mp4,Justin,0,tyler,"['t', 'y', 'l', 'e', 'r']"
Katie.mp4,Katie,,,
Katie.mp4,Katie,0,,None
Kayla.mp4,Kayla,,,
Kayla.mp4,Kayla,0,,None
Kelsey.mp4,Kelsey,,,
Kelsey.mp4,Kelsey,1,chelsea,"['c', 'h', 'e', 'l', 's', 'e', 'a']"
Kevin.mp4,Kevin,,,
Kevin.mp4,Kevin,1,kevin,"['k', 'e', 'v', 'i', 'n']"
Kyle.mp4,Kyle,,,
Kyle.mp4,Kyle,0,tom,"['t', 'o', 'm']"
Lauren.mp4,Lauren,,,
Lauren.mp4,Lauren,1,lauren,"['l', 'a', 'u', 'r', 'e', 'n']"
Mark.mp4,Mark,,,
Mark.mp4,Mark,0,cody,"['c', 'o', 'd', 'y']"
Matthew.mp4,Matthew,,,
Matthew.mp4,Matthew,0,timothy,"['t', 'i', 'm', 'o', 't', 'h', 'y']"
Megan.mp4,Megan,,,
Megan.mp4,Megan,1,meagen,"['m', 'e', 'a', 'g', 'e', 'n']"
Michael.mp4,Michael,,,
Michael.mp4,Michael,0,jacob,"['j', 'a', 'c', 'o', 'b']"
Michelle.mp4,Michelle,,,
Michelle.mp4,Michelle,0,meagan,"['m', 'e', 'a', 'g', 'a', 'n']"
Natalie.mp4,Natalie,,,
Natalie.mp4,Natalie,0,,None
Nathan.mp4,Nathan,,,
Nathan.mp4,Nathan,1,nathan,"['n', 'a', 't', 'h', 'a', 'n']"
Nicole.mp4,Nicole,,,
Nicole.mp4,Nicole,0,ashley,"['a', 's', 'h', 'l', 'e', 'y']"
Noah.mp4,Noah,,,
Noah.mp4,Noah,0,tyler,"['j', 'backspace', 't', 'y', 'l', 'e', 'r']"
Olivia.mp4,Olivia,,,
Olivia.mp4,Olivia,0,jessica,"['j', 'e', 's', 's', 'i', 'c', 'a']"
Rachel.mp4,Rachel,,,
Rachel.mp4,Rachel,0,,None
Rebecca.mp4,Rebecca,,,
Rebecca.mp4,Rebecca,0,ei,"['e', 'comma', 'i']"
Sarah.mp4,Sarah,,,
Sarah.mp4,Sarah,0,olivia,"['o', 'l', 'i', 'v', 'i', 'a']"
Shelby.mp4,Shelby,,,
Shelby.mp4,Shelby,1,shelby,"['s', 'h', 'e', 'l', 'b', 'y']"
Steven.mp4,Steven,,,
Steven.mp4,Steven,1,stevan,"['s', 't', 'e', 'v', 'a', 'n']"
Taylor.mp4,Taylor,,,
Taylor.mp4,Taylor,1,taylor,"['t', 'a', 'y', 'l', 'o', 'r']"
Thomas.mp4,Thomas,,,
Thomas.mp4,Thomas,0,josh,"['j', 'o', 's', 'h']"
Timothy.mp4,Timothy,,,
Timothy.mp4,Timothy,1,timothy,"['t', 'o', 'm', 'o', 'backspace', 'backspace', 'backspace', 'i', 'm', 'o', 't', 'h', 'y']"
Trevor.mp4,Trevor,,,
Trevor.mp4,Trevor,1,trevor,"['t', 'r', 'e', 'v', 'o', 'r']"
Tyler.mp4,Tyler,,,
Tyler.mp4,Tyler,0,josh,"['j', 'o', 's', 'j', 'backspace', 'f13', 'h']"