Video,Name,recallRating_AA,inputText,key_resp_3.keys
Aaron.mp4,Aaron,,,
Aaron.mp4,Aaron,0,steven,"['s', 't', 'e', 'v', 'e', 'n']"
Adam.mp4,Adam,,,
Adam.mp4,Adam,0,martin,"['m', 'a', 'r', 't', 'i', 'n']"
Alyssa.mp4,Alyssa,,,
Alyssa.mp4,Alyssa,0,brittney,"['b', 'r', 'i', 't', 't', 'n', 'e', 'y']"
Amanda.mp4,Amanda,,,
Amanda.mp4,Amanda,0,nicole,"['n', 'i', 'c', 'o', 'l', 'e']"
Andrew.mp4,Andrew,,,
Andrew.mp4,Andrew,0,,None
Anna.mp4,Anna,,,
Anna.mp4,Anna,0,natalie,"['n', 'a', 't', 'a', 'l', 'i', 'e']"
Ashley.mp4,Ashley,,,
Ashley.mp4,Ashley,0,,None
Bradley.mp4,Bradley,,,
Bradley.mp4,Bradley,0,brandon,"['b', 'r', 'a', 'n', 'd', 'o', 'n']"
Brandon.mp4,Brandon,,,
Brandon.mp4,Brandon,0,brian,"['b', 'r', 'i', 'a', 'n']"
Brian.mp4,Brian,,,
Brian.mp4,Brian,0,,None
Brianna.mp4,Brianna,,,
Brianna.mp4,Brianna,0,alyssa,"['s', 'l', 'y', 'backspace', 'backspace', 'backspace', 'a', 'l', 'y', 's', 's', 'a']"
Brittany.mp4,Brittany,,,
Brittany.mp4,Brittany,1,brittney,"['h', 'a', 's', 'l', 'e', 'y', 'backspace', 'backspace', 'backspace', 'backspace', 'backspace', 'backspace', 'b', 'r', 'i', 't', 't', 'n', 'e', 'y']"
Caleb.mp4,Caleb,,,
Caleb.mp4,Caleb,0,calvin,"['c', 'a', 'l', 'l', 'u', 'm', 'backspace', 'backspace', 'backspace', 'v', 'i', 'n']"
Cody.mp4,Cody,,,
Cody.mp4,Cody,0,justin,"['d', 'a', 'v', 'i', 'd', 'backspace', 'backspace', 'backspace', 'backspace', 'backspace', 'backspace', 'j', 'u', 's', 't', 'i', 'n']"
Courtney.mp4,Courtney,,,
Courtney.mp4,Courtney,0,,None
Daniel.mp4,Daniel,,,
Daniel.mp4,Daniel,0,,None
Danielle.mp4,Danielle,,,
Danielle.mp4,Danielle,0,alice,"['a', 'l', 'i', 'c', 'e']"
David.mp4,David,,,
David.mp4,David,1,david,"['d', 'a', 'v', 'i', 'd']"
Dylan.mp4,Dylan,,,
Dylan.mp4,Dylan,0,michael,"['m', 'i', 'c', 'h', 'a', 'e', 'l']"
Emily.mp4,Emily,,,
Emily.mp4,Emily,0,brianna,"['b', 'r', 'i', 'a', 'n', 'n', 'a']"
Eric.mp4,Eric,,,
Eric.mp4,Eric,0,,None
Ethan.mp4,Ethan,,,
Ethan.mp4,Ethan,0,,None
Grace.mp4,Grace,,,
Grace.mp4,Grace,1,grace,"['g', 'r', 'a', 'c', 'e']"
Haley.mp4,Haley,,,
Haley.mp4,Haley,0,ashley,"['a', 's', 'h', 'l', 'e', 'y']"
Hannah.mp4,Hannah,,,
Hannah.mp4,Hannah,0,,None
Heather.mp4,Heather,,,
Heather.mp4,Heather,1,heather,"['h', 'e', 'a', 't', 'h', 'e', 'r']"
Jacob.mp4,Jacob,,,
Jacob.mp4,Jacob,0,david,"['d', 'a', 'v', 'i', 'd']"
Jason.mp4,Jason,,,
Jason.mp4,Jason,0,,None
Jenna.mp4,Jenna,,,
Jenna.mp4,Jenna,0,,None
Jeremy.mp4,Jeremy,,,
Jeremy.mp4,Jeremy,0,david,"['d', 'a', 'v', 'i', 'd']"
Jessica.mp4,Jessica,,,
Jessica.mp4,Jessica,0,,None
Josh.mp4,Josh,,,
Josh.mp4,Josh,1,josh,"['j', 'o', 's', 'backspace', 'd', 'h', 'backspace', 'backspace', 's', 'h']"
Julia.mp4,Julia,,,
Julia.mp4,Julia,0,jenn,"['n', 'a', 't', 'a', 'l', 'i', 'e', 'backspace', 'backspace', 'backspace', 'backspace', 'backspace', 'backspace', 'backspace', 'backspace', 'j', 'e', 'n', 'n']"
Justin.mp4,Justin,,,
Justin.mp4,Justin,0,cody,"['c', 'o', 'd', 'y']"
Katie.mp4,Katie,,,
Katie.mp4,Katie,1,katie,"['k', 'a', 't', 'i', 'e']"
Kayla.mp4,Kayla,,,
Kayla.mp4,Kayla,0,jackie,"['j', 'a', 'c', 'k', 'i', 'e']"
Kelsey.mp4,Kelsey,,,
Kelsey.mp4,Kelsey,0,,None
Kevin.mp4,Kevin,,,
Kevin.mp4,Kevin,0,nathan 1,"['n', 'a', 't', 'h', 'a', 'n', 'space', '1']"
Kyle.mp4,Kyle,,,
Kyle.mp4,Kyle,0,mathew,"['m', 'a', 't', 'h', 'e', 'w']"
Lauren.mp4,Lauren,,,
Lauren.mp4,Lauren,0,,None
Mark.mp4,Mark,,,
Mark.mp4,Mark,0,jacob,"['j', 'a', 'c', 'o', 'b']"
Matthew.mp4,Matthew,,,
Matthew.mp4,Matthew,0,,None
Megan.mp4,Megan,,,
Megan.mp4,Megan,0,,None
Michael.mp4,Michael,,,
Michael.mp4,Michael,0,brian,"['b', 'r', 'i', 'a', 'n']"
Michelle.mp4,Michelle,,,
Michelle.mp4,Michelle,0,cindy,"['c', 'i', 'n', 'd', 'y']"
Natalie.mp4,Natalie,,,
Natalie.mp4,Natalie,0,mackenzie,"['m', 'a', 'c', 'k', 'e', 'n', 'z', 'i', 'e']"
Nathan.mp4,Nathan,,,
Nathan.mp4,Nathan,0,,None
Nicole.mp4,Nicole,,,
Nicole.mp4,Nicole,0,,None
Noah.mp4,Noah,,,
Noah.mp4,Noah,0,jonsthan,"['j', 'o', 'n', 's', 't', 'h', 'a', 'n']"
Olivia.mp4,Olivia,,,
Olivia.mp4,Olivia,1,olivia,"['o', 'l', 'i', 'v', 'i', 'a']"
Rachel.mp4,Rachel,,,
Rachel.mp4,Rachel,0,hasley,"['h', 'a', 's', 'l', 'e', 'y']"
Rebecca.mp4,Rebecca,,,
Rebecca.mp4,Rebecca,0,casey,"['c', 'a', 's', 'e', 'y']"
Sarah.mp4,Sarah,,,
Sarah.mp4,Sarah,0,,None
Shelby.mp4,Shelby,,,
Shelby.mp4,Shelby,0,cid,"['c', 'i', 'n', 'e', 'y', 'backspace', 'backspace', 'backspace', 'd']"
Steven.mp4,Steven,,,
Steven.mp4,Steven,0,te,"['s', 't', 'e', 'v', 'e', 'n', 'backspace', 'backspace', 'backspace', 'backspace', 'backspace', 'backspace', 'backspace', 't', 'e', 'b', 'backspace', 'v']"
Taylor.mp4,Taylor,,,
Taylor.mp4,Taylor,0,brianna,"['b', 'r', 'i', 'a', 'n', 'n', 'a']"
Thomas.mp4,Thomas,,,
Thomas.mp4,Thomas,0,jacob,"['j', 'a', 'c', 'o', 'b']"
Timothy.mp4,Timothy,,,
Timothy.mp4,Timothy,0,james,"['j', 'a', 'm', 'e', 's']"
Trevor.mp4,Trevor,,,
Trevor.mp4,Trevor,1,trevor,"['t', 'r', 'e', 'v', 'o', 'r']"
Tyler.mp4,Tyler,,,
Tyler.mp4,Tyler,0,cody,"['c', 'o', 'd', 'y']"