Video,Name,recallRating_AA,inputText,key_resp_3.keys
Aaron.mp4,Aaron,,,
Aaron.mp4,Aaron,0,,None
Adam.mp4,Adam,,,
Adam.mp4,Adam,0,,None
Alyssa.mp4,Alyssa,,,
Alyssa.mp4,Alyssa,0,,None
Amanda.mp4,Amanda,,,
Amanda.mp4,Amanda,0,Hannah,"['rshift', 'h', 'a', 'n', 'n', 'a', 'h']"
Andrew.mp4,Andrew,,,
Andrew.mp4,Andrew,0,,None
Anna.mp4,Anna,,,
Anna.mp4,Anna,1,Anna,"['lshift', 'a', 'n', 'n', 'a']"
Ashley.mp4,Ashley,,,
Ashley.mp4,Ashley,1,Ashley,"['rshift', 'a', 's', 'h', 'l', 'e', 'y']"
Bradley.mp4,Bradley,,,
Bradley.mp4,Bradley,1,Bradley,"['rshift', 'b', 'r', 'a', 'd', 'l', 'e', 'y']"
Brandon.mp4,Brandon,,,
Brandon.mp4,Brandon,1,Brandon,"['rshift', 'b', 'r', 'a', 'n', 'd', 'o', 'n']"
Brian.mp4,Brian,,,
Brian.mp4,Brian,0,,None
Brianna.mp4,Brianna,,,
Brianna.mp4,Brianna,0,Katie,"['rshift', 'k', 'a', 't', 'i', 'e']"
Brittany.mp4,Brittany,,,
Brittany.mp4,Brittany,1,Brittany,"['rshift', 'b', 'r', 'i', 't', 't', 'a', 'n', 'y']"
Caleb.mp4,Caleb,,,
Caleb.mp4,Caleb,1,Caleb,"['rshift', 'c', 'a', 'l', 'e', 'b']"
Cody.mp4,Cody,,,
Cody.mp4,Cody,1,Cody,"['rshift', 'c', 'o', 'd', 'y']"
Courtney.mp4,Courtney,,,
Courtney.mp4,Courtney,0,,None
Daniel.mp4,Daniel,,,
Daniel.mp4,Daniel,0,,None
Danielle.mp4,Danielle,,,
Danielle.mp4,Danielle,0,,None
David.mp4,David,,,
David.mp4,David,0,,None
Dylan.mp4,Dylan,,,
Dylan.mp4,Dylan,0,,None
Emily.mp4,Emily,,,
Emily.mp4,Emily,0,,None
Eric.mp4,Eric,,,
Eric.mp4,Eric,0,,None
Ethan.mp4,Ethan,,,
Ethan.mp4,Ethan,0,,None
Grace.mp4,Grace,,,
Grace.mp4,Grace,0,Gina,"['rshift', 'g', 'i', 'n', 'a']"
Haley.mp4,Haley,,,
Haley.mp4,Haley,0,Megan,"['rshift', 'm', 'e', 'g', 'n', 'a', 'backspace', 'backspace', 'a', 'n']"
Hannah.mp4,Hannah,,,
Hannah.mp4,Hannah,0,,None
Heather.mp4,Heather,,,
Heather.mp4,Heather,0,,None
Jacob.mp4,Jacob,,,
Jacob.mp4,Jacob,0,,None
Jason.mp4,Jason,,,
Jason.mp4,Jason,0,,None
Jenna.mp4,Jenna,,,
Jenna.mp4,Jenna,0,,None
Jeremy.mp4,Jeremy,,,
Jeremy.mp4,Jeremy,0,,None
Jessica.mp4,Jessica,,,
Jessica.mp4,Jessica,0,,None
Josh.mp4,Josh,,,
Josh.mp4,Josh,1,Josh,"['rshift', 'j', 'o', 's', 'h']"
Julia.mp4,Julia,,,
Julia.mp4,Julia,0,Erica,"['rshift', 'e', 'r', 'i', 'c', 'a']"
Justin.mp4,Justin,,,
Justin.mp4,Justin,0,,None
Katie.mp4,Katie,,,
Katie.mp4,Katie,0,,None
Kayla.mp4,Kayla,,,
Kayla.mp4,Kayla,0,Rachel,"['rshift', 'r', 'a', 'c', 'h', 'e', 'l']"
Kelsey.mp4,Kelsey,,,
Kelsey.mp4,Kelsey,0,Hannah,"['rshift', 'h', 'a', 'n', 'n', 'a', 'h']"
Kevin.mp4,Kevin,,,
Kevin.mp4,Kevin,1,Kevin,"['rshift', 'k', 'e', 'v', 'i', 'n']"
Kyle.mp4,Kyle,,,
Kyle.mp4,Kyle,1,Kyle,"['rshift', 'k', 'y', 'l', 'e']"
Lauren.mp4,Lauren,,,
Lauren.mp4,Lauren,0,Olivia,"['rshift', 'o', 'l', 'i', 'v', 'i', 'a']"
Mark.mp4,Mark,,,
Mark.mp4,Mark,0,,None
Matthew.mp4,Matthew,,,
Matthew.mp4,Matthew,0,Eric,"['rshift', 'e', 'r', 'i', 'c']"
Megan.mp4,Megan,,,
Megan.mp4,Megan,0,Sarah,"['rshift', 's', 'a', 'r', 'a', 'h']"
Michael.mp4,Michael,,,
Michael.mp4,Michael,0,,None
Michelle.mp4,Michelle,,,
Michelle.mp4,Michelle,1,Michelle,"['rshift', 'm', 'i', 'c', 'h', 'e', 'l', 'l', 'e']"
Natalie.mp4,Natalie,,,
Natalie.mp4,Natalie,0,,None
Nathan.mp4,Nathan,,,
Nathan.mp4,Nathan,0,Tyler,"['rshift', 't', 'y', 'l', 'e', 'r']"
Nicole.mp4,Nicole,,,
Nicole.mp4,Nicole,1,Nicole,"['rshift', 'n', 'i', 'c', 'o', 'l', 'e']"
Noah.mp4,Noah,,,
Noah.mp4,Noah,0,Toby,"['rshift', 't', 'o', 'b', 'y']"
Olivia.mp4,Olivia,,,
Olivia.mp4,Olivia,0,,None
Rachel.mp4,Rachel,,,
Rachel.mp4,Rachel,0,,None
Rebecca.mp4,Rebecca,,,
Rebecca.mp4,Rebecca,0,,None
Sarah.mp4,Sarah,,,
Sarah.mp4,Sarah,0,Kelsey,"['rshift', 'k', 'e', 'l', 's', 'e', 'y']"
Shelby.mp4,Shelby,,,
Shelby.mp4,Shelby,0,,None
Steven.mp4,Steven,,,
Steven.mp4,Steven,0,,None
Taylor.mp4,Taylor,,,
Taylor.mp4,Taylor,0,,None
Thomas.mp4,Thomas,,,
Thomas.mp4,Thomas,0,,None
Timothy.mp4,Timothy,,,
Timothy.mp4,Timothy,1,Timothy,"['rshift', 't', 'i', 'm', 'o', 't', 'h', 'y']"
Trevor.mp4,Trevor,,,
Trevor.mp4,Trevor,0,,None
Tyler.mp4,Tyler,,,
Tyler.mp4,Tyler,0,,None