Video,Name,recallRating_AA,inputText,key_resp_3.keys
Aaron.mp4,Aaron,,,
Aaron.mp4,Aaron,1,aron,"['a', 'r', 'o', 'n']"
Adam.mp4,Adam,,,
Adam.mp4,Adam,0,,None
Alyssa.mp4,Alyssa,,,
Alyssa.mp4,Alyssa,0,,None
Amanda.mp4,Amanda,,,
Amanda.mp4,Amanda,0,elizabeth,"['e', 'l', 'i', 'z', 'a', 'b', 'e', 't', 'h']"
Andrew.mp4,Andrew,,,
Andrew.mp4,Andrew,0,william,"['w', 'i', 'l', 'l', 'i', 'a', 'm']"
Anna.mp4,Anna,,,
Anna.mp4,Anna,0,courtney,"['c', 'o', 'u', 'r', 't', 'n', 'e', 'y']"
Ashley.mp4,Ashley,,,
Ashley.mp4,Ashley,0,rachel,"['r', 'a', 'c', 'h', 'e', 'l']"
Bradley.mp4,Bradley,,,
Bradley.mp4,Bradley,0,john,"['j', 'o', 'h', 'n']"
Brandon.mp4,Brandon,,,
Brandon.mp4,Brandon,0,jason,"['j', 'a', 's', 'o', 'n']"
Brian.mp4,Brian,,,
Brian.mp4,Brian,0,logan,"['l', 'o', 'g', 'a', 'n']"
Brianna.mp4,Brianna,,,
Brianna.mp4,Brianna,0,sarah,"['s', 'a', 'r', 'a', 'h']"
Brittany.mp4,Brittany,,,
Brittany.mp4,Brittany,0,,None
Caleb.mp4,Caleb,,,
Caleb.mp4,Caleb,0,,None
Cody.mp4,Cody,,,
Cody.mp4,Cody,0,,None
Courtney.mp4,Courtney,,,
Courtney.mp4,Courtney,1,courtney,"['c', 'o', 'u', 'r', 't', 'n', 'e', 'y']"
Daniel.mp4,Daniel,,,
Daniel.mp4,Daniel,0,,None
Danielle.mp4,Danielle,,,
Danielle.mp4,Danielle,0,rachel,"['r', 'a', 'c', 'h', 'e', 'l']"
David.mp4,David,,,
David.mp4,David,0,paul,"['p', 'a', 'u', 'l']"
Dylan.mp4,Dylan,,,
Dylan.mp4,Dylan,0,paul,"['p', 'a', 'u', 'l']"
Emily.mp4,Emily,,,
Emily.mp4,Emily,0,maggie,"['m', 'a', 'g', 'g', 'i', 'e']"
Eric.mp4,Eric,,,
Eric.mp4,Eric,0,,None
Ethan.mp4,Ethan,,,
Ethan.mp4,Ethan,0,brian,"['b', 'r', 'i', 'a', 'n']"
Grace.mp4,Grace,,,
Grace.mp4,Grace,1,grace,"['g', 'r', 'a', 'c', 'e']"
Haley.mp4,Haley,,,
Haley.mp4,Haley,0,,None
Hannah.mp4,Hannah,,,
Hannah.mp4,Hannah,0,nathalie,"['n', 'a', 't', 'h', 'a', 'l', 'i', 'e']"
Heather.mp4,Heather,,,
Heather.mp4,Heather,0,,None
Jacob.mp4,Jacob,,,
Jacob.mp4,Jacob,1,jacob,"['j', 'a', 'c', 'o', 'b', 'space']"
Jason.mp4,Jason,,,
Jason.mp4,Jason,0,,None
Jenna.mp4,Jenna,,,
Jenna.mp4,Jenna,0,sarah,"['s', 'a', 'r', 'a', 'h']"
Jeremy.mp4,Jeremy,,,
Jeremy.mp4,Jeremy,0,,"['1', 'backspace']"
Jessica.mp4,Jessica,,,
Jessica.mp4,Jessica,0,,None
Josh.mp4,Josh,,,
Josh.mp4,Josh,0,,None
Julia.mp4,Julia,,,
Julia.mp4,Julia,0,jenna,"['j', 'e', 'n', 'n', 'a']"
Justin.mp4,Justin,,,
Justin.mp4,Justin,0,casey,"['c', 'a', 's', 'e', 'y']"
Katie.mp4,Katie,,,
Katie.mp4,Katie,0,,None
Kayla.mp4,Kayla,,,
Kayla.mp4,Kayla,1,kayla,"['k', 'a', 'y', 'l', 'a']"
Kelsey.mp4,Kelsey,,,
Kelsey.mp4,Kelsey,0,,None
Kevin.mp4,Kevin,,,
Kevin.mp4,Kevin,0,noah,"['n', 'o', 'a', 'h']"
Kyle.mp4,Kyle,,,
Kyle.mp4,Kyle,0,mathew,"['m', 'a', 't', 'h', 'e', 'r', 'backspace', 'w']"
Lauren.mp4,Lauren,,,
Lauren.mp4,Lauren,0,courtney,"['c', 'o', 'u', 'r', 't', 'n', 'e', 'y']"
Mark.mp4,Mark,,,
Mark.mp4,Mark,0,nathan,"['n', 'a', 't', 'h', 'a', 'n']"
Matthew.mp4,Matthew,,,
Matthew.mp4,Matthew,0,ryan,"['r', 'y', 'a', 'n']"
Megan.mp4,Megan,,,
Megan.mp4,Megan,1,meagan,"['m', 'e', 'g', 'backspace', 'a', 'g', 'n', 'backspace', 'a', 'n']"
Michael.mp4,Michael,,,
Michael.mp4,Michael,1,michea,"['m', 'i', 'c', 'h', 'e', 'a']"
Michelle.mp4,Michelle,,,
Michelle.mp4,Michelle,0,,None
Natalie.mp4,Natalie,,,
Natalie.mp4,Natalie,0,maddy,"['m', 'a', 'd', 'd', 'y']"
Nathan.mp4,Nathan,,,
Nathan.mp4,Nathan,0,ethan,"['e', 'h', 'a', 'backspace', 'backspace', 't', 'h', 'a', 'n']"
Nicole.mp4,Nicole,,,
Nicole.mp4,Nicole,0,courtney,"['c', 'o', 'u', 'r', 't', 'n', 'e', 'y']"
Noah.mp4,Noah,,,
Noah.mp4,Noah,0,,None
Olivia.mp4,Olivia,,,
Olivia.mp4,Olivia,0,,None
Rachel.mp4,Rachel,,,
Rachel.mp4,Rachel,0,ashley,"['a', 's', 'h', 'l', 'e', 'y']"
Rebecca.mp4,Rebecca,,,
Rebecca.mp4,Rebecca,0,,None
Sarah.mp4,Sarah,,,
Sarah.mp4,Sarah,0,,None
Shelby.mp4,Shelby,,,
Shelby.mp4,Shelby,0,,None
Steven.mp4,Steven,,,
Steven.mp4,Steven,0,aron,"['a', 'r', 'o', 'n']"
Taylor.mp4,Taylor,,,
Taylor.mp4,Taylor,1,taylor,"['t', 'a', 'y', 'l', 'o', 'r']"
Thomas.mp4,Thomas,,,
Thomas.mp4,Thomas,0,noah,"['n', 'o', 'a', 'h']"
Timothy.mp4,Timothy,,,
Timothy.mp4,Timothy,0,jason,"['j', 'a', 's', 'o', 'n']"
Trevor.mp4,Trevor,,,
Trevor.mp4,Trevor,0,,None
Tyler.mp4,Tyler,,,
Tyler.mp4,Tyler,0,jacob,"['j', 'a', 'c', 'o', 'b']"