Video,Name,recallRating_AA,inputText,key_resp_3.keys
Aaron.mp4,Aaron,,,
Aaron.mp4,Aaron,0,tyler,"['t', 'y', 'l', 'e', 'r']"
Adam.mp4,Adam,,,
Adam.mp4,Adam,0,,None
Alyssa.mp4,Alyssa,,,
Alyssa.mp4,Alyssa,0,eml,"['e', 'i', 'm', 'i', 'backspace', 'backspace', 'backspace', 'comma', 'i', 'l', 'y', 'backspace', 'backspace', 'backspace', 'm', 'l']"
Amanda.mp4,Amanda,,,
Amanda.mp4,Amanda,0,,None
Andrew.mp4,Andrew,,,
Andrew.mp4,Andrew,0,,None
Anna.mp4,Anna,,,
Anna.mp4,Anna,0,emily,"['e', 'm', 'i', 'l', 'y']"
Ashley.mp4,Ashley,,,
Ashley.mp4,Ashley,0,richal,"['r', 'i', 'c', 'h', 'e', 'a', 'l', 'backspace', 'backspace', 'backspace', 'a', 'l']"
Bradley.mp4,Bradley,,,
Bradley.mp4,Bradley,0,,None
Brandon.mp4,Brandon,,,
Brandon.mp4,Brandon,0,,None
Brian.mp4,Brian,,,
Brian.mp4,Brian,1,brain,"['b', 'r', 'a', 'i', 'n']"
Brianna.mp4,Brianna,,,
Brianna.mp4,Brianna,0,,None
Brittany.mp4,Brittany,,,
Brittany.mp4,Brittany,0,,None
Caleb.mp4,Caleb,,,
Caleb.mp4,Caleb,0,jason,"['j', 'a', 's', 'o', 'n']"
Cody.mp4,Cody,,,
Cody.mp4,Cody,0,david,"['d', 'a', 'v', 'i', 'd']"
Courtney.mp4,Courtney,,,
Courtney.mp4,Courtney,0,jessicia,"['j', 'e', 's', 's', 'i', 'c', 'i', 'a']"
Daniel.mp4,Daniel,,,
Daniel.mp4,Daniel,1,daniel,"['d', 'a', 'n', 'i', 'e', 'l']"
Danielle.mp4,Danielle,,,
Danielle.mp4,Danielle,0,,None
David.mp4,David,,,
David.mp4,David,0,,None
Dylan.mp4,Dylan,,,
Dylan.mp4,Dylan,0,,None
Emily.mp4,Emily,,,
Emily.mp4,Emily,0,,None
Eric.mp4,Eric,,,
Eric.mp4,Eric,0,,None
Ethan.mp4,Ethan,,,
Ethan.mp4,Ethan,0,,None
Grace.mp4,Grace,,,
Grace.mp4,Grace,0,emily,"['e', 'm', 'i', 'l', 'y']"
Haley.mp4,Haley,,,
Haley.mp4,Haley,1,hethy,"['h', 'e', 't', 'h', 'y']"
Hannah.mp4,Hannah,,,
Hannah.mp4,Hannah,0,,None
Heather.mp4,Heather,,,
Heather.mp4,Heather,0,,None
Jacob.mp4,Jacob,,,
Jacob.mp4,Jacob,0,,None
Jason.mp4,Jason,,,
Jason.mp4,Jason,0,,None
Jenna.mp4,Jenna,,,
Jenna.mp4,Jenna,0,,None
Jeremy.mp4,Jeremy,,,
Jeremy.mp4,Jeremy,1,jeremmy,"['j', 'e', 'r', 'e', 'm', 'm', 'y', 'space']"
Jessica.mp4,Jessica,,,
Jessica.mp4,Jessica,0,,None
Josh.mp4,Josh,,,
Josh.mp4,Josh,0,,None
Julia.mp4,Julia,,,
Julia.mp4,Julia,0,,None
Justin.mp4,Justin,,,
Justin.mp4,Justin,0,,None
Katie.mp4,Katie,,,
Katie.mp4,Katie,0,,None
Kayla.mp4,Kayla,,,
Kayla.mp4,Kayla,0,,None
Kelsey.mp4,Kelsey,,,
Kelsey.mp4,Kelsey,0,,None
Kevin.mp4,Kevin,,,
Kevin.mp4,Kevin,0,,None
Kyle.mp4,Kyle,,,
Kyle.mp4,Kyle,0,,None
Lauren.mp4,Lauren,,,
Lauren.mp4,Lauren,0,,None
Mark.mp4,Mark,,,
Mark.mp4,Mark,0,,None
Matthew.mp4,Matthew,,,
Matthew.mp4,Matthew,0,,None
Megan.mp4,Megan,,,
Megan.mp4,Megan,0,heley,"['h', 'e', 'l', 'e', 'y']"
Michael.mp4,Michael,,,
Michael.mp4,Michael,0,,None
Michelle.mp4,Michelle,,,
Michelle.mp4,Michelle,0,braina,"['b', 'r', 'a', 'i', 'n', 'a']"
Natalie.mp4,Natalie,,,
Natalie.mp4,Natalie,0,,None
Nathan.mp4,Nathan,,,
Nathan.mp4,Nathan,0,noah,"['n', 'o', 'a', 'h']"
Nicole.mp4,Nicole,,,
Nicole.mp4,Nicole,1,nichol,"['n', 'i', 'c', 'o', 'backspace', 'j', 'o', 'backspace', 'backspace', 'h', 'o', 'l']"
Noah.mp4,Noah,,,
Noah.mp4,Noah,0,,None
Olivia.mp4,Olivia,,,
Olivia.mp4,Olivia,0,,None
Rachel.mp4,Rachel,,,
Rachel.mp4,Rachel,0,morga,"['m', 'o', 'r', 'g', 'a', 'left']"
Rebecca.mp4,Rebecca,,,
Rebecca.mp4,Rebecca,0,,None
Sarah.mp4,Sarah,,,
Sarah.mp4,Sarah,0,,None
Shelby.mp4,Shelby,,,
Shelby.mp4,Shelby,0,,None
Steven.mp4,Steven,,,
Steven.mp4,Steven,0,david,"['d', 'a', 'v', 'i', 'd', 'space']"
Taylor.mp4,Taylor,,,
Taylor.mp4,Taylor,0,,None
Thomas.mp4,Thomas,,,
Thomas.mp4,Thomas,0,,None
Timothy.mp4,Timothy,,,
Timothy.mp4,Timothy,0,,None
Trevor.mp4,Trevor,,,
Trevor.mp4,Trevor,0,,None
Tyler.mp4,Tyler,,,
Tyler.mp4,Tyler,1,kyler,"['k', 'y', 'l', 'e', 'r']"