Video,Name,recallRating_AA,inputText,key_resp_3.keys
Aaron.mp4,Aaron,,,
Aaron.mp4,Aaron,0,Steven,"['rshift', 's', 't', 'e', 'v', 'e', 'n']"
Adam.mp4,Adam,,,
Adam.mp4,Adam,0,,None
Alyssa.mp4,Alyssa,,,
Alyssa.mp4,Alyssa,1,Alyssa,"['rshift', 'a', 'l', 'y', 's', 's', 'a']"
Amanda.mp4,Amanda,,,
Amanda.mp4,Amanda,1,Amanda,"['rshift', 'a', 'm', 'a', 'n', 'd', 'a']"
Andrew.mp4,Andrew,,,
Andrew.mp4,Andrew,0,,None
Anna.mp4,Anna,,,
Anna.mp4,Anna,1,Anna,"['rshift', 'a', 'n', 'n', 'a']"
Ashley.mp4,Ashley,,,
Ashley.mp4,Ashley,1,Ashley,"['rshift', 'a', 's', 'h', 'e', 'l', 'e', 'backspace', 'backspace', 'backspace', 'l', 'e', 'y']"
Bradley.mp4,Bradley,,,
Bradley.mp4,Bradley,1,Bradley,"['rshift', 'b', 'r', 'a', 'd', 'l', 'e', 'y', 'return']"
Brandon.mp4,Brandon,,,
Brandon.mp4,Brandon,0,,None
Brian.mp4,Brian,,,
Brian.mp4,Brian,1,Brian,"['rshift', 'b', 'r', 'i', 'a', 'n']"
Brianna.mp4,Brianna,,,
Brianna.mp4,Brianna,1,Brianna,"['rshift', 'b', 'r', 'i', 'a', 'n', 'n', 'a', 'backspace', 'a']"
Brittany.mp4,Brittany,,,
Brittany.mp4,Brittany,1,Britney,"['rshift', 'b', 'r', 'i', 't', 'n', 'e', 'y']"
Caleb.mp4,Caleb,,,
Caleb.mp4,Caleb,0,C,"['rshift', 'c', 'backspace', 'rshift', 'c']"
Cody.mp4,Cody,,,
Cody.mp4,Cody,1,Cody,"['rshift', 'c', 'o', 'd', 'y']"
Courtney.mp4,Courtney,,,
Courtney.mp4,Courtney,0,,None
Daniel.mp4,Daniel,,,
Daniel.mp4,Daniel,0,,None
Danielle.mp4,Danielle,,,
Danielle.mp4,Danielle,1,Danielle,"['rshift', 'd', 'a', 'n', 'i', 'e', 'l', 'l', 'e', 'return', 'space', 'space']"
David.mp4,David,,,
David.mp4,David,0,Steven,"['rshift', 's', 't', 'e', 'v', 'e', 'n']"
Dylan.mp4,Dylan,,,
Dylan.mp4,Dylan,0,Br,"['rshift', 'b', 'r', 'a', 'm', 'd', 'p', 'm', 'backspace', 'backspace', 'backspace', 'backspace', 'backspace', 'n', 'd', 'o', 'n', 'backspace', 'backspace', 'backspace', 'backspace', 'a']"
Emily.mp4,Emily,,,
Emily.mp4,Emily,0,,None
Eric.mp4,Eric,,,
Eric.mp4,Eric,1,Eric,"['rshift', 'e', 'r', 'i', 'c', 'return', 'space']"
Ethan.mp4,Ethan,,,
Ethan.mp4,Ethan,0,,None
Grace.mp4,Grace,,,
Grace.mp4,Grace,1,Grace,"['rshift', 'g', 'r', 'a', 'c', 'e']"
Haley.mp4,Haley,,,
Haley.mp4,Haley,0,,None
Hannah.mp4,Hannah,,,
Hannah.mp4,Hannah,0,A,"['rshift', 'a']"
Heather.mp4,Heather,,,
Heather.mp4,Heather,1,Heather,"['rshift', 'rshift', 'h', 'e', 'a', 't', 'h', 'e', 'r']"
Jacob.mp4,Jacob,,,
Jacob.mp4,Jacob,0,,None
Jason.mp4,Jason,,,
Jason.mp4,Jason,1,Jason,"['rshift', 'j', 's', 'backspace', 'a', 's', 'o', 'n', 'return']"
Jenna.mp4,Jenna,,,
Jenna.mp4,Jenna,0,,None
Jeremy.mp4,Jeremy,,,
Jeremy.mp4,Jeremy,0,,None
Jessica.mp4,Jessica,,,
Jessica.mp4,Jessica,0,,"['space', 'backspace']"
Josh.mp4,Josh,,,
Josh.mp4,Josh,1,Josh,"['rshift', 'j', 'o', 's', 'h']"
Julia.mp4,Julia,,,
Julia.mp4,Julia,0,Jenny,"['rshift', 'j', 'e', 'n', 'n', 'y']"
Justin.mp4,Justin,,,
Justin.mp4,Justin,0,,None
Katie.mp4,Katie,,,
Katie.mp4,Katie,0,,None
Kayla.mp4,Kayla,,,
Kayla.mp4,Kayla,0,,None
Kelsey.mp4,Kelsey,,,
Kelsey.mp4,Kelsey,0,Amanda,"['rshift', 'a', 'm', 'a', 'n', 'd', 'a']"
Kevin.mp4,Kevin,,,
Kevin.mp4,Kevin,0,,None
Kyle.mp4,Kyle,,,
Kyle.mp4,Kyle,0,,None
Lauren.mp4,Lauren,,,
Lauren.mp4,Lauren,1,Lauren,"['rshift', 'l', 'a', 'u', 'r', 'e', 'n']"
Mark.mp4,Mark,,,
Mark.mp4,Mark,0,Brad,"['rshift', 'b', 'r', 'a', 'd']"
Matthew.mp4,Matthew,,,
Matthew.mp4,Matthew,0,,"['1', 'backspace']"
Megan.mp4,Megan,,,
Megan.mp4,Megan,0,,None
Michael.mp4,Michael,,,
Michael.mp4,Michael,1,Michael,"['rshift', 'm', 'i', 'c', 'a', 'backspace', 'h', 'a', 'e', 'l']"
Michelle.mp4,Michelle,,,
Michelle.mp4,Michelle,0,,None
Natalie.mp4,Natalie,,,
Natalie.mp4,Natalie,0,,None
Nathan.mp4,Nathan,,,
Nathan.mp4,Nathan,1,Nathan,"['rshift', 'n', 'a', 't', 'h', 'a', 'n']"
Nicole.mp4,Nicole,,,
Nicole.mp4,Nicole,1,Nicole,"['rshift', 'n', 'i', 'v', 'o', 'l', 'backspace', 'backspace', 'backspace', 'c', 'o', 'l', 'e']"
Noah.mp4,Noah,,,
Noah.mp4,Noah,0,,None
Olivia.mp4,Olivia,,,
Olivia.mp4,Olivia,1,Olivia,"['rshift', 'o', 'l', 'i', 'v', 'i', 'a']"
Rachel.mp4,Rachel,,,
Rachel.mp4,Rachel,1,Rachel,"['rshift', 'r', 'a', 'c', 'h', 'e', 'l']"
Rebecca.mp4,Rebecca,,,
Rebecca.mp4,Rebecca,1,Rebecca,"['rshift', 'r', 'e', 'b', 'e', 'c', 'c', 'a']"
Sarah.mp4,Sarah,,,
Sarah.mp4,Sarah,0,Courtney,"['rshift', 'c', 'o', 'u', 'r', 't', 'n', 'e', 'y']"
Shelby.mp4,Shelby,,,
Shelby.mp4,Shelby,1,Shelby,"['rshift', 's', 'h', 'e', 'l', 'b', 'y']"
Steven.mp4,Steven,,,
Steven.mp4,Steven,0,,None
Taylor.mp4,Taylor,,,
Taylor.mp4,Taylor,1,Taylor,"['rshift', 'a', 'backspace', 'rshift', 't', 'a', 'y', 'l', 'o', 'r']"
Thomas.mp4,Thomas,,,
Thomas.mp4,Thomas,0,Brad,"['rshift', 'b', 'r', 'a', 'd', 'rshift', 'question']"
Timothy.mp4,Timothy,,,
Timothy.mp4,Timothy,0,,None
Trevor.mp4,Trevor,,,
Trevor.mp4,Trevor,0,,None
Tyler.mp4,Tyler,,,
Tyler.mp4,Tyler,1,Tyler,"['rshift', 't', 'y', 'l', 'e', 'r', 'return', 'space']"