Video,Name,recallRating_AA,inputText,key_resp_3.keys
Aaron.mp4,Aaron,,,
Aaron.mp4,Aaron,0,,None
Adam.mp4,Adam,,,
Adam.mp4,Adam,0,,None
Alyssa.mp4,Alyssa,,,
Alyssa.mp4,Alyssa,0,taylor,"['t', 'a', 'y', 'l', 'o', 'r']"
Amanda.mp4,Amanda,,,
Amanda.mp4,Amanda,0,mali,"['m', 'a', 'l', 'i', 'c', 'a', 'backspace', 'backspace']"
Andrew.mp4,Andrew,,,
Andrew.mp4,Andrew,1,andrew,"['a', 'n', 'd', 'r', 'e', 'w']"
Anna.mp4,Anna,,,
Anna.mp4,Anna,1,anna,"['a', 'n', 'n', 'a']"
Ashley.mp4,Ashley,,,
Ashley.mp4,Ashley,0,li,"['l', 'i']"
Bradley.mp4,Bradley,,,
Bradley.mp4,Bradley,0,adam,"['a', 'd', 'a', 'm', '1', 'backspace', 'space']"
Brandon.mp4,Brandon,,,
Brandon.mp4,Brandon,1,brandon,"['b', 'r', 'n', 'backspace', 'a', 'n', 'd', 'o', 'n']"
Brian.mp4,Brian,,,
Brian.mp4,Brian,1,brain,"['b', 'r', 'a', 'i', 'n']"
Brianna.mp4,Brianna,,,
Brianna.mp4,Brianna,0,florance,"['f', 'l', 'o', 'r', 'a', 'n', 'c', 'e']"
Brittany.mp4,Brittany,,,
Brittany.mp4,Brittany,0,as,"['a', 's']"
Caleb.mp4,Caleb,,,
Caleb.mp4,Caleb,0,n,['n']
Cody.mp4,Cody,,,
Cody.mp4,Cody,0,wi,"['w', 'i']"
Courtney.mp4,Courtney,,,
Courtney.mp4,Courtney,1,courtney,"['c', 'o', 'u', 'r', 't', 'n', 'e', 'y']"
Daniel.mp4,Daniel,,,
Daniel.mp4,Daniel,0,,None
Danielle.mp4,Danielle,,,
Danielle.mp4,Danielle,0,jessie,"['j', 'e', 's', 's', 'i', 'e']"
David.mp4,David,,,
David.mp4,David,0,aiv,"['a', 'i', 'v', 'd', 'backspace']"
Dylan.mp4,Dylan,,,
Dylan.mp4,Dylan,0,,None
Emily.mp4,Emily,,,
Emily.mp4,Emily,1,amiley,"['a', 'm', 'i', 'l', 'y', 'backspace', 'e', 'y']"
Eric.mp4,Eric,,,
Eric.mp4,Eric,0,david,"['d', 'a', 'v', 'i', 'd']"
Ethan.mp4,Ethan,,,
Ethan.mp4,Ethan,0,adam,"['a', 'd', 'a', 'm']"
Grace.mp4,Grace,,,
Grace.mp4,Grace,1,grace,"['a', 'm', 'i', 'backspace', 'backspace', 'backspace', 'g', 'r', 'a', 'c', 'e', 'return']"
Haley.mp4,Haley,,,
Haley.mp4,Haley,0,luck,"['l', 'u', 'v', 'backspace', 'c', 'k']"
Hannah.mp4,Hannah,,,
Hannah.mp4,Hannah,0,jucy,"['j', 'u', 'c', 'y']"
Heather.mp4,Heather,,,
Heather.mp4,Heather,1,Feather,"['lshift', 'f', 'a', 'backspace', 'e', 'a', 't', 'h', 'e', 'r']"
Jacob.mp4,Jacob,,,
Jacob.mp4,Jacob,0,,None
Jason.mp4,Jason,,,
Jason.mp4,Jason,1,jason,"['j', 'a', 's', 'o', 'n']"
Jenna.mp4,Jenna,,,
Jenna.mp4,Jenna,0,,None
Jeremy.mp4,Jeremy,,,
Jeremy.mp4,Jeremy,1,jemery,"['j', 'e', 'm', 'e', 'r', 'y']"
Jessica.mp4,Jessica,,,
Jessica.mp4,Jessica,0,alice,"['a', 'l', 'i', 'c', 'e']"
Josh.mp4,Josh,,,
Josh.mp4,Josh,1,josh,"['j', '0', 's', 'h', 'backspace', 'backspace', 'backspace', 'o', 's', 'h']"
Julia.mp4,Julia,,,
Julia.mp4,Julia,0,liy,"['l', 'i', 'y']"
Justin.mp4,Justin,,,
Justin.mp4,Justin,0,josh,"['j', 'o', 's', 'h']"
Katie.mp4,Katie,,,
Katie.mp4,Katie,1,katey,"['k', 'a', 'y', 'e', 't', 'backspace', 'y', 'backspace', 'backspace', 'backspace', 't', 'e', 'y']"
Kayla.mp4,Kayla,,,
Kayla.mp4,Kayla,1,kay,"['k', 'a', 'y']"
Kelsey.mp4,Kelsey,,,
Kelsey.mp4,Kelsey,0,julia,"['j', 'u', 'l', 'i', 'a', 'space']"
Kevin.mp4,Kevin,,,
Kevin.mp4,Kevin,1,kelvin,"['k', 'e', 'l', 'v', 'i', 'n']"
Kyle.mp4,Kyle,,,
Kyle.mp4,Kyle,0,,None
Lauren.mp4,Lauren,,,
Lauren.mp4,Lauren,0,angle,"['a', 'n', 'g', 'l', 'e']"
Mark.mp4,Mark,,,
Mark.mp4,Mark,0,nova,"['n', 'o', 'v', 'a']"
Matthew.mp4,Matthew,,,
Matthew.mp4,Matthew,0,,None
Megan.mp4,Megan,,,
Megan.mp4,Megan,0,ashely,"['a', 's', 'h', 'e', 'l', 'y']"
Michael.mp4,Michael,,,
Michael.mp4,Michael,1,machel,"['m', 'a', 'c', 'h', 'e', 'l']"
Michelle.mp4,Michelle,,,
Michelle.mp4,Michelle,1,machel,"['m', 'a', 'c', 'h', 'e', 'l']"
Natalie.mp4,Natalie,,,
Natalie.mp4,Natalie,0,anna,"['a', 'n', 'n', 'a']"
Nathan.mp4,Nathan,,,
Nathan.mp4,Nathan,0,kayley,"['k', 'a', 'y', 'l', 'e', 'y']"
Nicole.mp4,Nicole,,,
Nicole.mp4,Nicole,1,nic,"['k', 'i', 'n', 'backspace', 'backspace', 'backspace', 'n', 'i', 'c']"
Noah.mp4,Noah,,,
Noah.mp4,Noah,0,jaycob,"['j', 'a', 'y', 'c', 'o', 'b']"
Olivia.mp4,Olivia,,,
Olivia.mp4,Olivia,0,rebecca,"['r', 'e', 'b', 'e', 'c', 'c', 'a']"
Rachel.mp4,Rachel,,,
Rachel.mp4,Rachel,1,rachel,"['r', 'e', 'backspace', 'a', 'c', 'h', 'e', 'l']"
Rebecca.mp4,Rebecca,,,
Rebecca.mp4,Rebecca,1,rebecca,"['r', 'e', 'b', 'e', 'c', 'c', 'a']"
Sarah.mp4,Sarah,,,
Sarah.mp4,Sarah,0,courtney,"['c', 'o', 'u', 'r', 't', 'n', 'e', 'y']"
Shelby.mp4,Shelby,,,
Shelby.mp4,Shelby,1,shallby,"['s', 'h', 'a', 'l', 'l', 'b', 'y']"
Steven.mp4,Steven,,,
Steven.mp4,Steven,1,steven,"['s', 't', 'e', 'v', 'e', 'n', 'return']"
Taylor.mp4,Taylor,,,
Taylor.mp4,Taylor,1,taylor,"['t', 'a', 'y', 'l', 'o', 'r']"
Thomas.mp4,Thomas,,,
Thomas.mp4,Thomas,1,tomas,"['t', 'o', 'm', 'a', 's', 'space']"
Timothy.mp4,Timothy,,,
Timothy.mp4,Timothy,0,,None
Trevor.mp4,Trevor,,,
Trevor.mp4,Trevor,0,,"['g', 'backspace']"
Tyler.mp4,Tyler,,,
Tyler.mp4,Tyler,0,,None