Video,Name,recallRating_AA,inputText,key_resp_3.keys
Aaron.mp4,Aaron,,,
Aaron.mp4,Aaron,0,,None
Adam.mp4,Adam,,,
Adam.mp4,Adam,0,,None
Alyssa.mp4,Alyssa,,,
Alyssa.mp4,Alyssa,0,ash,"['a', 's', 'h']"
Amanda.mp4,Amanda,,,
Amanda.mp4,Amanda,0,jessica,"['j', 'e', 's', 's', 'i', 'c', 'a']"
Andrew.mp4,Andrew,,,
Andrew.mp4,Andrew,0,,"['d', 'backspace']"
Anna.mp4,Anna,,,
Anna.mp4,Anna,0,,None
Ashley.mp4,Ashley,,,
Ashley.mp4,Ashley,0,,None
Bradley.mp4,Bradley,,,
Bradley.mp4,Bradley,0,,"['1', 'backspace']"
Brandon.mp4,Brandon,,,
Brandon.mp4,Brandon,0,dylan,"['d', 'y', 'l', 'a', 'n']"
Brian.mp4,Brian,,,
Brian.mp4,Brian,1,brian,"['b', 'r', 'i', 'a', 'n']"
Brianna.mp4,Brianna,,,
Brianna.mp4,Brianna,0,,None
Brittany.mp4,Brittany,,,
Brittany.mp4,Brittany,0,racheal,"['r', 'a', 'c', 'h', 'e', 'a', 'l']"
Caleb.mp4,Caleb,,,
Caleb.mp4,Caleb,1,caleb,"['c', 'a', 'l', 'e', 'b']"
Cody.mp4,Cody,,,
Cody.mp4,Cody,0,aaro,"['a', 'a', 'r', 'o']"
Courtney.mp4,Courtney,,,
Courtney.mp4,Courtney,0,,None
Daniel.mp4,Daniel,,,
Daniel.mp4,Daniel,1,daniel,"['d', 'a', 'n', 'i', 'e', 'l']"
Danielle.mp4,Danielle,,,
Danielle.mp4,Danielle,0,,None
David.mp4,David,,,
David.mp4,David,0,aaron,"['a', 'a', 'r', 'o', 'n']"
Dylan.mp4,Dylan,,,
Dylan.mp4,Dylan,0,,"['1', 'backspace']"
Emily.mp4,Emily,,,
Emily.mp4,Emily,0,,None
Eric.mp4,Eric,,,
Eric.mp4,Eric,0,,None
Ethan.mp4,Ethan,,,
Ethan.mp4,Ethan,0,,None
Grace.mp4,Grace,,,
Grace.mp4,Grace,0,emily,"['m', 'i', 'backspace', 'backspace', 'e', 'comma', 'i', 'backspace', 'm', 'i', 'l', 'y']"
Haley.mp4,Haley,,,
Haley.mp4,Haley,1,hailey,"['h', 'a', 'i', 'l', 'e', 'z', 'backspace', 'y']"
Hannah.mp4,Hannah,,,
Hannah.mp4,Hannah,1,hannah,"['h', 'a', 'n', 'n', 'a', 'h']"
Heather.mp4,Heather,,,
Heather.mp4,Heather,0,ashley,"['a', 's', 'h', 'l', 'e', 'z', 'backspace', 'y']"
Jacob.mp4,Jacob,,,
Jacob.mp4,Jacob,0,thomathan,"['t', 'h', 'o', 'm', 'a', 't', 'h', 'a', 'n']"
Jason.mp4,Jason,,,
Jason.mp4,Jason,0,,None
Jenna.mp4,Jenna,,,
Jenna.mp4,Jenna,0,jessica,"['j', 'e', 's', 's', 'i', 'c', 'a']"
Jeremy.mp4,Jeremy,,,
Jeremy.mp4,Jeremy,0,,None
Jessica.mp4,Jessica,,,
Jessica.mp4,Jessica,1,jessica,"['j', 'e', 's', 's', 'i', 'c', 'a']"
Josh.mp4,Josh,,,
Josh.mp4,Josh,0,,None
Julia.mp4,Julia,,,
Julia.mp4,Julia,0,,None
Justin.mp4,Justin,,,
Justin.mp4,Justin,1,justin,"['j', 'u', 's', 't', 'i', 'n']"
Katie.mp4,Katie,,,
Katie.mp4,Katie,1,katie,"['k', 'a', 't', 'i', 'e']"
Kayla.mp4,Kayla,,,
Kayla.mp4,Kayla,0,nicole,"['n', 'i', 'c', 'o', 'l', 'e']"
Kelsey.mp4,Kelsey,,,
Kelsey.mp4,Kelsey,0,,None
Kevin.mp4,Kevin,,,
Kevin.mp4,Kevin,1,kevin,"['k', 'e', 'v', 'i', 'n']"
Kyle.mp4,Kyle,,,
Kyle.mp4,Kyle,0,,None
Lauren.mp4,Lauren,,,
Lauren.mp4,Lauren,0,,None
Mark.mp4,Mark,,,
Mark.mp4,Mark,0,,None
Matthew.mp4,Matthew,,,
Matthew.mp4,Matthew,0,,None
Megan.mp4,Megan,,,
Megan.mp4,Megan,0,britt,"['b', 'r', 'i', 't', 't', 'n', 'a', 'z', 'backspace', 'u', 'backspace', 'u', 'backspace', 'y', 'backspace', 'backspace', 'backspace']"
Michael.mp4,Michael,,,
Michael.mp4,Michael,0,,None
Michelle.mp4,Michelle,,,
Michelle.mp4,Michelle,0,brianna,"['b', 'r', 'i', 'a', 'n', 'n', 'a']"
Natalie.mp4,Natalie,,,
Natalie.mp4,Natalie,0,,None
Nathan.mp4,Nathan,,,
Nathan.mp4,Nathan,0,,None
Nicole.mp4,Nicole,,,
Nicole.mp4,Nicole,0,,None
Noah.mp4,Noah,,,
Noah.mp4,Noah,0,kevin,"['k', 'e', 'v', 'i', 'n']"
Olivia.mp4,Olivia,,,
Olivia.mp4,Olivia,1,olivia,"['o', 'l', 'i', 'v', 'i', 'a']"
Rachel.mp4,Rachel,,,
Rachel.mp4,Rachel,0,hather,"['h', 'a', 't', 'h', 'e', 'r']"
Rebecca.mp4,Rebecca,,,
Rebecca.mp4,Rebecca,0,,"['b', 'i', 'c', 'o', 'l', 'backspace', 'backspace', 'backspace', 'backspace', 'backspace', 'backspace']"
Sarah.mp4,Sarah,,,
Sarah.mp4,Sarah,0,,None
Shelby.mp4,Shelby,,,
Shelby.mp4,Shelby,0,chia bo,"['c', 'h', 'i', 'b', 'o', 'backspace', 'backspace', 'a', 'space', 'b', 'o']"
Steven.mp4,Steven,,,
Steven.mp4,Steven,0,trevor,"['t', 'r', 'e', 'backspace', 'e', 'v', 'o', 'r']"
Taylor.mp4,Taylor,,,
Taylor.mp4,Taylor,0,,None
Thomas.mp4,Thomas,,,
Thomas.mp4,Thomas,0,mark,"['m', 'a', 'r', 'k']"
Timothy.mp4,Timothy,,,
Timothy.mp4,Timothy,0,eric,"['e', 'r', 'i', 'c']"
Trevor.mp4,Trevor,,,
Trevor.mp4,Trevor,0,,None
Tyler.mp4,Tyler,,,
Tyler.mp4,Tyler,0,,None