Video,Name,recallRating_AA,inputText,key_resp_3.keys
Aaron.mp4,Aaron,,,
Aaron.mp4,Aaron,0,,None
Adam.mp4,Adam,,,
Adam.mp4,Adam,0,michelle,"['m', 'i', 'c', 'h', 'e', 'l', 'l', 'e', 'return']"
Alyssa.mp4,Alyssa,,,
Alyssa.mp4,Alyssa,0,,None
Amanda.mp4,Amanda,,,
Amanda.mp4,Amanda,,,None
Andrew.mp4,Andrew,,,
Andrew.mp4,Andrew,0,ryan,"['r', 'y', 'a', 'n']"
Anna.mp4,Anna,,,
Anna.mp4,Anna,0,michelle,"['m', 'i', 'c', 'h', 'e', 'l', 'l', 'e']"
Ashley.mp4,Ashley,,,
Ashley.mp4,Ashley,1,ashley,"['a', 's', 'h', 'l', 'e', 'y']"
Bradley.mp4,Bradley,,,
Bradley.mp4,Bradley,0,athen,"['a', 't', 'h', 'e', 'n']"
Brandon.mp4,Brandon,,,
Brandon.mp4,Brandon,0,caleb,"['c', 'a', 'l', 'e', 'b', 'v', 'backspace']"
Brian.mp4,Brian,,,
Brian.mp4,Brian,0,caleb,"['c', 'a', 'l', 'e', 'b']"
Brianna.mp4,Brianna,,,
Brianna.mp4,Brianna,0,bella,"['b', 'e', 'l', 'l', 'a']"
Brittany.mp4,Brittany,,,
Brittany.mp4,Brittany,0,meghan,"['m', 'e', 'g', 'h', 'n', 'backspace', 'a', 'n']"
Caleb.mp4,Caleb,,,
Caleb.mp4,Caleb,1,caleb,"['c', 'a', 'l', 'e', 'n', 'backspace', 'b']"
Cody.mp4,Cody,,,
Cody.mp4,Cody,0,john,"['j', 'o', 'n', 'backspace', 'h', 'n']"
Courtney.mp4,Courtney,,,
Courtney.mp4,Courtney,1,courtney,"['c', 'o', 'u', 'r', 't', 'n', 'e', 'y']"
Daniel.mp4,Daniel,,,
Daniel.mp4,Daniel,1,daniel,"['d', 'a', 'n', 'i', 'e', 'l']"
Danielle.mp4,Danielle,,,
Danielle.mp4,Danielle,0,lisa,"['l', 'i', 's', 'a']"
David.mp4,David,,,
David.mp4,David,1,david,"['d', 'a', 'v', 'i', 'd']"
Dylan.mp4,Dylan,,,
Dylan.mp4,Dylan,0,ryan,"['r', 'y', 'a', 'n']"
Emily.mp4,Emily,,,
Emily.mp4,Emily,0,natalie,"['n', 'a', 't', 'a', 'l', 'i', 'e']"
Eric.mp4,Eric,,,
Eric.mp4,Eric,0,athen,"['a', 't', 'h', 'e', 'n', 'return']"
Ethan.mp4,Ethan,,,
Ethan.mp4,Ethan,0,,None
Grace.mp4,Grace,,,
Grace.mp4,Grace,0,,"['o', 'l', 'i', 'backspace', 'backspace', 'backspace']"
Haley.mp4,Haley,,,
Haley.mp4,Haley,0,,None
Hannah.mp4,Hannah,,,
Hannah.mp4,Hannah,,,"['2', 'backspace']"
Heather.mp4,Heather,,,
Heather.mp4,Heather,0,megan,"['m', 'e', 'g', 'a', 'n', 'return']"
Jacob.mp4,Jacob,,,
Jacob.mp4,Jacob,1,jacob,"['j', 'a', 'c', 'o', 'b']"
Jason.mp4,Jason,,,
Jason.mp4,Jason,0,,None
Jenna.mp4,Jenna,,,
Jenna.mp4,Jenna,0,michelle,"['m', 'i', 'c', 'h', 'e', 'l', 'l', 'e', 'return']"
Jeremy.mp4,Jeremy,,,
Jeremy.mp4,Jeremy,0,justin,"['j', 'u', 's', 't', 'i', 'n']"
Jessica.mp4,Jessica,,,
Jessica.mp4,Jessica,0,,None
Josh.mp4,Josh,,,
Josh.mp4,Josh,0,ryan,"['r', 'y', 'a', 'n', 'return']"
Julia.mp4,Julia,,,
Julia.mp4,Julia,0,,None
Justin.mp4,Justin,,,
Justin.mp4,Justin,1,justin,"['j', 'u', 's', 't', 'i', 'n']"
Katie.mp4,Katie,,,
Katie.mp4,Katie,0,michelle,"['comma', 'backspace', 'm', 'i', 'c', 'e', 'l', 'l', 'backspace', 'backspace', 'backspace', 'h', 'e', 'l', 'l', 'e']"
Kayla.mp4,Kayla,,,
Kayla.mp4,Kayla,0,olivia,"['o', 'l', 'l', 'i', 'v', 'i', 'backspace', 'backspace', 'backspace', 'backspace', 'i', 'v', 'i', 'a']"
Kelsey.mp4,Kelsey,,,
Kelsey.mp4,Kelsey,0,,None
Kevin.mp4,Kevin,,,
Kevin.mp4,Kevin,0,daniel,"['d', 'a', 'n', 'i', 'e', 'l']"
Kyle.mp4,Kyle,,,
Kyle.mp4,Kyle,0,,None
Lauren.mp4,Lauren,,,
Lauren.mp4,Lauren,0,,None
Mark.mp4,Mark,,,
Mark.mp4,Mark,0,,None
Matthew.mp4,Matthew,,,
Matthew.mp4,Matthew,0,ethan,"['e', 't', 'h', 'a', 'n']"
Megan.mp4,Megan,,,
Megan.mp4,Megan,0,ashley,"['a', 's', 'h', 'l', 'e', 'y']"
Michael.mp4,Michael,,,
Michael.mp4,Michael,0,,None
Michelle.mp4,Michelle,,,
Michelle.mp4,Michelle,1,michelle,"['m', 'i', 'c', 'h', 'e', 'l', 'l', 'e']"
Natalie.mp4,Natalie,,,
Natalie.mp4,Natalie,0,julia,"['j', 'u', 'l', 'i', 'a', 'return']"
Nathan.mp4,Nathan,,,
Nathan.mp4,Nathan,0,,None
Nicole.mp4,Nicole,,,
Nicole.mp4,Nicole,0,,None
Noah.mp4,Noah,,,
Noah.mp4,Noah,0,mathew,"['m', 'a', 't', 'h', 'e', 'w']"
Olivia.mp4,Olivia,,,
Olivia.mp4,Olivia,1,olivia,"['o', 'l', 'i', 'v', 'i', 'a']"
Rachel.mp4,Rachel,,,
Rachel.mp4,Rachel,0,,None
Rebecca.mp4,Rebecca,,,
Rebecca.mp4,Rebecca,0,courtney,"['c', 'o', 'u', 'r', 't', 'n', 'e', 'y']"
Sarah.mp4,Sarah,,,
Sarah.mp4,Sarah,0,,None
Shelby.mp4,Shelby,,,
Shelby.mp4,Shelby,0,,None
Steven.mp4,Steven,,,
Steven.mp4,Steven,0,justin,"['j', 'u', 's', 't', 'i', 'n']"
Taylor.mp4,Taylor,,,
Taylor.mp4,Taylor,0,michelle,"['m', 'i', 'c', 'e', 'backspace', 'h', 'e', 'l', 'l', 'e']"
Thomas.mp4,Thomas,,,
Thomas.mp4,Thomas,0,,None
Timothy.mp4,Timothy,,,
Timothy.mp4,Timothy,0,,None
Trevor.mp4,Trevor,,,
Trevor.mp4,Trevor,0,,None
Tyler.mp4,Tyler,,,
Tyler.mp4,Tyler,0,,None