Video,Name,recallRating_AA,inputText,key_resp_3.keys
Aaron.mp4,Aaron,,,
Aaron.mp4,Aaron,0,tyler,"['t', 'y', 'l', 'e', 'r']"
Adam.mp4,Adam,,,
Adam.mp4,Adam,0,joseph1,"['j', 'o', 's', 'e', 'p', 'h', 'return', '1']"
Alyssa.mp4,Alyssa,,,
Alyssa.mp4,Alyssa,0,1,['1']
Amanda.mp4,Amanda,,,
Amanda.mp4,Amanda,0,maya,"['m', 'a', 'y', 'a', 'return', 'space']"
Andrew.mp4,Andrew,,,
Andrew.mp4,Andrew,0,joseph,"['j', 'l', 'backspace', 'o', 's', 'e', 'p', 'h']"
Anna.mp4,Anna,,,
Anna.mp4,Anna,0,,"['1', 'backspace']"
Ashley.mp4,Ashley,,,
Ashley.mp4,Ashley,0,,None
Bradley.mp4,Bradley,,,
Bradley.mp4,Bradley,0,,None
Brandon.mp4,Brandon,,,
Brandon.mp4,Brandon,0,,"['1', 'backspace']"
Brian.mp4,Brian,,,
Brian.mp4,Brian,0,matheww,"['space', 'm', 'a', 't', 'h', 'e', 'w', 'w']"
Brianna.mp4,Brianna,,,
Brianna.mp4,Brianna,0,,None
Brittany.mp4,Brittany,,,
Brittany.mp4,Brittany,1,britney,"['b', 'r', 'i', 't', 'n', 'e', 'y']"
Caleb.mp4,Caleb,,,
Caleb.mp4,Caleb,0,,None
Cody.mp4,Cody,,,
Cody.mp4,Cody,0,,None
Courtney.mp4,Courtney,,,
Courtney.mp4,Courtney,0,,None
Daniel.mp4,Daniel,,,
Daniel.mp4,Daniel,0,,None
Danielle.mp4,Danielle,,,
Danielle.mp4,Danielle,0,naomi,"['n', 'a', 'o', 'm', 'i', 'return']"
David.mp4,David,,,
David.mp4,David,0,tyler,"['t', 'y', 'l', 'e', 'r']"
Dylan.mp4,Dylan,,,
Dylan.mp4,Dylan,0,tyler,"['t', 'y', 'l', 'e', 'r', 'return', 'return']"
Emily.mp4,Emily,,,
Emily.mp4,Emily,0,,None
Eric.mp4,Eric,,,
Eric.mp4,Eric,0,brad,"['b', 'r', 'a', 'd', 'left']"
Ethan.mp4,Ethan,,,
Ethan.mp4,Ethan,0,frankk,"['f', 'r', 'a', 'n', 'k', 'k']"
Grace.mp4,Grace,,,
Grace.mp4,Grace,0,,None
Haley.mp4,Haley,,,
Haley.mp4,Haley,0,ve,"['v', 'e', 'r', 'e', 'n', 'a', 'backspace', 'backspace', 'backspace', 'backspace']"
Hannah.mp4,Hannah,,,
Hannah.mp4,Hannah,0,abigal,"['a', 'b', 'i', 'g', 'a', 'l', 'return', 'lcommand']"
Heather.mp4,Heather,,,
Heather.mp4,Heather,0,abigal,"['a', 'b', 'i', 'g', 'a', 'l']"
Jacob.mp4,Jacob,,,
Jacob.mp4,Jacob,0,,None
Jason.mp4,Jason,,,
Jason.mp4,Jason,0,,"['bracketright', 'bracketright', 'bracketright', 'bracketleft', 'period', 'period']"
Jenna.mp4,Jenna,,,
Jenna.mp4,Jenna,1,jenna,"['j', 'e', 'n', 'n', 'a', 'return']"
Jeremy.mp4,Jeremy,,,
Jeremy.mp4,Jeremy,0,,None
Jessica.mp4,Jessica,,,
Jessica.mp4,Jessica,0,skylar,"['s', 'k', 'y', 'l', 'a', 'r']"
Josh.mp4,Josh,,,
Josh.mp4,Josh,0,,None
Julia.mp4,Julia,,,
Julia.mp4,Julia,0,,None
Justin.mp4,Justin,,,
Justin.mp4,Justin,0,aaron,"['a', 'a', 'roption', 'r', 'o', 'n', 'return', 'return', 'space', 'm', 'backspace']"
Katie.mp4,Katie,,,
Katie.mp4,Katie,0,taylor,"['t', 'a', 'y', 'l', 'o', 'r']"
Kayla.mp4,Kayla,,,
Kayla.mp4,Kayla,0,ma,"['m', 'a']"
Kelsey.mp4,Kelsey,,,
Kelsey.mp4,Kelsey,0,,None
Kevin.mp4,Kevin,,,
Kevin.mp4,Kevin,0,noah,"['n', 'o', 'a', 'h']"
Kyle.mp4,Kyle,,,
Kyle.mp4,Kyle,0,jonathon,"['j', 'o', 'n', 'a', 't', 'h', 'o', 'n']"
Lauren.mp4,Lauren,,,
Lauren.mp4,Lauren,0,cortney,"['c', 'o', 'r', 't', 'n', 'e', 'e', 'backspace', 'y']"
Mark.mp4,Mark,,,
Mark.mp4,Mark,1,mark,"['m', 'a', 'r', 'k']"
Matthew.mp4,Matthew,,,
Matthew.mp4,Matthew,0,max,"['m', 'a', 'x', '2', 'backspace']"
Megan.mp4,Megan,,,
Megan.mp4,Megan,0,abigal2,"['a', 'b', 'i', 'g', 'a', 'l', '2']"
Michael.mp4,Michael,,,
Michael.mp4,Michael,0,mathew,"['m', 'a', 't', 'h', 'e', 'w']"
Michelle.mp4,Michelle,,,
Michelle.mp4,Michelle,0,,None
Natalie.mp4,Natalie,,,
Natalie.mp4,Natalie,1,natalie,"['n', 'a', 't', 'a', 'l', 'i', 'w', 'backspace', 'e']"
Nathan.mp4,Nathan,,,
Nathan.mp4,Nathan,0,and,"['a', 'n', 'd']"
Nicole.mp4,Nicole,,,
Nicole.mp4,Nicole,0,,"['2', '1', '1', 'backspace', '2', 'backspace', 'backspace', 'backspace', 'backspace']"
Noah.mp4,Noah,,,
Noah.mp4,Noah,1,noah,"['n', 'o', 'a', 'h']"
Olivia.mp4,Olivia,,,
Olivia.mp4,Olivia,0,stephanie,"['s', 't', 'e', 'p', 'h', 'a', 'n', 'i', 'e']"
Rachel.mp4,Rachel,,,
Rachel.mp4,Rachel,0,,None
Rebecca.mp4,Rebecca,,,
Rebecca.mp4,Rebecca,0,abigal,"['a', 'b', 'i', 'g', 'a', 'l']"
Sarah.mp4,Sarah,,,
Sarah.mp4,Sarah,0,courtney,"['c', 'o', 'u', 'r', 't', 'n', 'e', 'y', '3', 'backspace']"
Shelby.mp4,Shelby,,,
Shelby.mp4,Shelby,0,,None
Steven.mp4,Steven,,,
Steven.mp4,Steven,0,matt,"['m', 'a', 't', 't']"
Taylor.mp4,Taylor,,,
Taylor.mp4,Taylor,0,,None
Thomas.mp4,Thomas,,,
Thomas.mp4,Thomas,0,,"['c', 'backspace']"
Timothy.mp4,Timothy,,,
Timothy.mp4,Timothy,0,geogr,"['g', 'e', 'o', 'g', 'r']"
Trevor.mp4,Trevor,,,
Trevor.mp4,Trevor,0,aaron,"['a', 'a', 'r', 'o', 'n']"
Tyler.mp4,Tyler,,,
Tyler.mp4,Tyler,0,,None