Video,Name,recallRating_AA,inputText,key_resp_3.keys
Aaron.mp4,Aaron,,,
Aaron.mp4,Aaron,0,josh,"['j', 'o', 's', 'h']"
Adam.mp4,Adam,,,
Adam.mp4,Adam,0,ma,"['m', 'a']"
Alyssa.mp4,Alyssa,,,
Alyssa.mp4,Alyssa,0,britn,"['b', 'r', 'i', 't', 'n']"
Amanda.mp4,Amanda,,,
Amanda.mp4,Amanda,0,jordan,"['j', 'o', 'r', 'd', 'a', 'n']"
Andrew.mp4,Andrew,,,
Andrew.mp4,Andrew,0,michael,"['m', 'i', 'c', 'h', 'a', 'e', 'l']"
Anna.mp4,Anna,,,
Anna.mp4,Anna,1,anna,"['a', 'n', 'n', 'a']"
Ashley.mp4,Ashley,,,
Ashley.mp4,Ashley,1,ashley,"['a', 's', 'h', 'l', 'e', 'y']"
Bradley.mp4,Bradley,,,
Bradley.mp4,Bradley,0,matthew,"['m', 'a', 't', 't', 'h', 'e', 'w']"
Brandon.mp4,Brandon,,,
Brandon.mp4,Brandon,0,,None
Brian.mp4,Brian,,,
Brian.mp4,Brian,0,michael,"['m', 'i', 'c', 'h', 'a', 'e', 'l']"
Brianna.mp4,Brianna,,,
Brianna.mp4,Brianna,0,,None
Brittany.mp4,Brittany,,,
Brittany.mp4,Brittany,1,britney,"['b', 'r', 'i', 't', 'n', 'e', 'y']"
Caleb.mp4,Caleb,,,
Caleb.mp4,Caleb,0,zach,"['z', 'a', 'c', 'h']"
Cody.mp4,Cody,,,
Cody.mp4,Cody,0,ma,"['m', 'a', 't', 't', 'backspace', 'backspace']"
Courtney.mp4,Courtney,,,
Courtney.mp4,Courtney,0,jackie,"['j', 'a', 'c', 'k', 'u', 'i', 'backspace', 'backspace', 'i', 'e']"
Daniel.mp4,Daniel,,,
Daniel.mp4,Daniel,0,matthew,"['m', 'backspace', 'm', 'a', 't', 't', 'h', 'e', 'w']"
Danielle.mp4,Danielle,,,
Danielle.mp4,Danielle,0,jessica,"['j', 'e', 's', 's', 'i', 'c', 'a']"
David.mp4,David,,,
David.mp4,David,0,brett,"['b', 'r', 'e', 't', 't']"
Dylan.mp4,Dylan,,,
Dylan.mp4,Dylan,0,mike,"['m', 'i', 'k', 'e']"
Emily.mp4,Emily,,,
Emily.mp4,Emily,0,a,['a']
Eric.mp4,Eric,,,
Eric.mp4,Eric,0,kyle,"['m', 'a', 't', 't', 'backspace', 'backspace', 'backspace', 'backspace', 'k', 'y', 'l', 'e']"
Ethan.mp4,Ethan,,,
Ethan.mp4,Ethan,0,anthony,"['a', 'n', 't', 'h', 'o', 'n', 'y']"
Grace.mp4,Grace,,,
Grace.mp4,Grace,0,,None
Haley.mp4,Haley,,,
Haley.mp4,Haley,0,heather,"['h', 'e', 'a', 't', 'h', 'e', 'r']"
Hannah.mp4,Hannah,,,
Hannah.mp4,Hannah,0,jessica,"['j', 'e', 's', 's', 'i', 'c', 'a']"
Heather.mp4,Heather,,,
Heather.mp4,Heather,1,heather,"['h', 'e', 'a', 't', 'h', 'e', 'r']"
Jacob.mp4,Jacob,,,
Jacob.mp4,Jacob,1,jacob,"['j', 'a', 'c', 'o', 'b']"
Jason.mp4,Jason,,,
Jason.mp4,Jason,0,zach,"['z', 'a', 'c', 'h']"
Jenna.mp4,Jenna,,,
Jenna.mp4,Jenna,0,jessica,"['j', 'e', 's', 's', 'i', 'c', 'a']"
Jeremy.mp4,Jeremy,,,
Jeremy.mp4,Jeremy,0,,None
Jessica.mp4,Jessica,,,
Jessica.mp4,Jessica,1,jessica,"['j', 'e', 's', 's', 'i', 'c', 'a', 'f4']"
Josh.mp4,Josh,,,
Josh.mp4,Josh,1,josh,"['j', 'o', 's', 'h']"
Julia.mp4,Julia,,,
Julia.mp4,Julia,0,,None
Justin.mp4,Justin,,,
Justin.mp4,Justin,0,joshua,"['j', 'o', 'u', 'backspace', 's', 'h', 'u', 'a']"
Katie.mp4,Katie,,,
Katie.mp4,Katie,0,jess,"['j', 'e', 's', 's']"
Kayla.mp4,Kayla,,,
Kayla.mp4,Kayla,0,,"['j', 'e', 's', 's', 'backspace', 'backspace', 'backspace', 'backspace']"
Kelsey.mp4,Kelsey,,,
Kelsey.mp4,Kelsey,0,astrid,"['a', 's', 't', 'r', 'i', 'd', '1', 'backspace']"
Kevin.mp4,Kevin,,,
Kevin.mp4,Kevin,0,gab,"['g', 'a', 'b', 'e', 'backspace']"
Kyle.mp4,Kyle,,,
Kyle.mp4,Kyle,1,kyle,"['k', 'y', 'l', 'e']"
Lauren.mp4,Lauren,,,
Lauren.mp4,Lauren,0,jac,"['j', 'a', 'c']"
Mark.mp4,Mark,,,
Mark.mp4,Mark,0,max,"['m', 'a', 'x']"
Matthew.mp4,Matthew,,,
Matthew.mp4,Matthew,1,matthew,"['m', 'a', 't', 't', 'e', 'backspace', 'h', 'e', 'w']"
Megan.mp4,Megan,,,
Megan.mp4,Megan,0,heather,"['b', 'r', 'i', 't', 'n', 'backspace', 'backspace', 'backspace', 'backspace', 'backspace', 'h', 'e', 'a', 't', 'h', 'e', 'r']"
Michael.mp4,Michael,,,
Michael.mp4,Michael,1,michael,"['m', 'i', 'c', 'h', 'a', 'e', 'l']"
Michelle.mp4,Michelle,,,
Michelle.mp4,Michelle,1,michelle,"['m', 'i', 'c', 'h', 'e', 'l', 'l', 'w', 'backspace', 'e']"
Natalie.mp4,Natalie,,,
Natalie.mp4,Natalie,0,,None
Nathan.mp4,Nathan,,,
Nathan.mp4,Nathan,0,scott,"['s', 'c', 'o', 't', 't', '6', 'backspace']"
Nicole.mp4,Nicole,,,
Nicole.mp4,Nicole,0,a,['a']
Noah.mp4,Noah,,,
Noah.mp4,Noah,0,scott,"['c', 'backspace', 's', 'c', 'o', 't', 't']"
Olivia.mp4,Olivia,,,
Olivia.mp4,Olivia,0,ashley,"['a', 's', 'h', 'l', 'e', 'y']"
Rachel.mp4,Rachel,,,
Rachel.mp4,Rachel,0,britney,"['b', 'r', 'i', 't', 'n', 'e', 'y']"
Rebecca.mp4,Rebecca,,,
Rebecca.mp4,Rebecca,0,sara,"['s', 'a', 'r', 'a']"
Sarah.mp4,Sarah,,,
Sarah.mp4,Sarah,0,,None
Shelby.mp4,Shelby,,,
Shelby.mp4,Shelby,0,ashley,"['a', 's', 'h', 'l', 'e', 'y']"
Steven.mp4,Steven,,,
Steven.mp4,Steven,0,brett,"['b', 'r', 'a', 'backspace', 'e', 't', 't']"
Taylor.mp4,Taylor,,,
Taylor.mp4,Taylor,0,michelle,"['m', 'i', 'c', 'h', 'e', 'l', 'l', 'e']"
Thomas.mp4,Thomas,,,
Thomas.mp4,Thomas,0,josh,"['m', 'backspace', 'j', 'o', 's', 'h']"
Timothy.mp4,Timothy,,,
Timothy.mp4,Timothy,0,morgan,"['m', 'o', 'r', 'g', 'a', 'n']"
Trevor.mp4,Trevor,,,
Trevor.mp4,Trevor,0,cody,"['c', 'o', 'd', 'y']"
Tyler.mp4,Tyler,,,
Tyler.mp4,Tyler,0,brendan,"['b', 'e', 'n', 'd', 'backspace', 'backspace', 'backspace', 'r', 'e', 'n', 'd', 'a', 'n']"