Video,Name,recallRating_AA,inputText,key_resp_3.keys
Aaron.mp4,Aaron,,,
Aaron.mp4,Aaron,0,,None
Adam.mp4,Adam,,,
Adam.mp4,Adam,0,max,"['m', 'a', 'x', 'return']"
Alyssa.mp4,Alyssa,,,
Alyssa.mp4,Alyssa,1,alyssa,"['a', 'l', 'y', 's', 's', 'a']"
Amanda.mp4,Amanda,,,
Amanda.mp4,Amanda,0,,None
Andrew.mp4,Andrew,,,
Andrew.mp4,Andrew,0,,None
Anna.mp4,Anna,,,
Anna.mp4,Anna,1,anna,"['a', 'n', 'n', 'a']"
Ashley.mp4,Ashley,,,
Ashley.mp4,Ashley,1,ashley,"['a', 's', 'h', 'l', 'e', 'y']"
Bradley.mp4,Bradley,,,
Bradley.mp4,Bradley,1,bradley,"['b', 'r', 'a', 'd', 'l', 'e', 'y']"
Brandon.mp4,Brandon,,,
Brandon.mp4,Brandon,0,caleb,"['c', 'a', 'l', 'e', 'b']"
Brian.mp4,Brian,,,
Brian.mp4,Brian,0,,None
Brianna.mp4,Brianna,,,
Brianna.mp4,Brianna,1,brianna,"['b', 'r', 'i', 'a', 'n', 'n', 'a', 'j', 'backspace']"
Brittany.mp4,Brittany,,,
Brittany.mp4,Brittany,1,brittany,"['b', 'r', 'i', 't', 't', 'a', 'n', 'y']"
Caleb.mp4,Caleb,,,
Caleb.mp4,Caleb,1,caleb,"['c', 'a', 'l', 'e', 'b']"
Cody.mp4,Cody,,,
Cody.mp4,Cody,0,josh,"['j', 'o', 's', 'h']"
Courtney.mp4,Courtney,,,
Courtney.mp4,Courtney,0,,"['a', 'c', 'backspace', 'backspace']"
Daniel.mp4,Daniel,,,
Daniel.mp4,Daniel,0,,None
Danielle.mp4,Danielle,,,
Danielle.mp4,Danielle,0,sarah,"['s', 'a', 'r', 'a', 'h', 'return']"
David.mp4,David,,,
David.mp4,David,0,brandon,"['b', 'r', 'a', 'n', 'd', 'o', 'n']"
Dylan.mp4,Dylan,,,
Dylan.mp4,Dylan,0,,None
Emily.mp4,Emily,,,
Emily.mp4,Emily,0,brianna,"['b', 'r', 'i', 'a', 'n', 'n', 'a']"
Eric.mp4,Eric,,,
Eric.mp4,Eric,0,,None
Ethan.mp4,Ethan,,,
Ethan.mp4,Ethan,0,max,"['m', 'a', 'x']"
Grace.mp4,Grace,,,
Grace.mp4,Grace,0,michell,"['m', 'i', 'c', 'h', 'e', 'l', 'l', 'e', 'backspace']"
Haley.mp4,Haley,,,
Haley.mp4,Haley,0,,None
Hannah.mp4,Hannah,,,
Hannah.mp4,Hannah,0,,None
Heather.mp4,Heather,,,
Heather.mp4,Heather,0,,None
Jacob.mp4,Jacob,,,
Jacob.mp4,Jacob,0,josh,"['j', 'backspace', 'd', 'a', 'n', 'i', 'e', 'l', 'backspace', 'backspace', 'backspace', 'backspace', 'backspace', 'backspace', 'j', 'o', 'h', 'backspace', 's', 'h']"
Jason.mp4,Jason,,,
Jason.mp4,Jason,0,,None
Jenna.mp4,Jenna,,,
Jenna.mp4,Jenna,0,katie,"['k', 'a', 't', 'i', 'e']"
Jeremy.mp4,Jeremy,,,
Jeremy.mp4,Jeremy,0,,None
Jessica.mp4,Jessica,,,
Jessica.mp4,Jessica,0,,None
Josh.mp4,Josh,,,
Josh.mp4,Josh,1,josh,"['j', 'o', 's', 'h']"
Julia.mp4,Julia,,,
Julia.mp4,Julia,0,,None
Justin.mp4,Justin,,,
Justin.mp4,Justin,0,,None
Katie.mp4,Katie,,,
Katie.mp4,Katie,0,kayleigh,"['k', 'a', 'y', 'l', 'e', 'i', 'g', 'h']"
Kayla.mp4,Kayla,,,
Kayla.mp4,Kayla,0,hannah,"['h', 'a', 'n', 'n', 'a', 'h']"
Kelsey.mp4,Kelsey,,,
Kelsey.mp4,Kelsey,0,,None
Kevin.mp4,Kevin,,,
Kevin.mp4,Kevin,0,daniel,"['j', 'o', 's', 'h', 'backspace', 'backspace', 'backspace', 'backspace', 'd', 'a', 'n', 'i', 'e', 'l']"
Kyle.mp4,Kyle,,,
Kyle.mp4,Kyle,0,bradley,"['b', 'r', 'a', 'd', 'l', 'e', 'y']"
Lauren.mp4,Lauren,,,
Lauren.mp4,Lauren,0,rebecca,"['r', 'e', 'b', 'e', 'c', 'c', 'a']"
Mark.mp4,Mark,,,
Mark.mp4,Mark,0,,None
Matthew.mp4,Matthew,,,
Matthew.mp4,Matthew,0,,None
Megan.mp4,Megan,,,
Megan.mp4,Megan,0,brittany,"['b', 'r', 'i', 't', 't', 'a', 'n', 'y']"
Michael.mp4,Michael,,,
Michael.mp4,Michael,0,,None
Michelle.mp4,Michelle,,,
Michelle.mp4,Michelle,0,,None
Natalie.mp4,Natalie,,,
Natalie.mp4,Natalie,0,,None
Nathan.mp4,Nathan,,,
Nathan.mp4,Nathan,1,nathan,"['n', 'a', 'h', 'a', 'n', 'backspace', 'backspace', 'backspace', 't', 'h', 'a', 'n']"
Nicole.mp4,Nicole,,,
Nicole.mp4,Nicole,0,sarah,"['s', 'a', 'r', 'a', 'h']"
Noah.mp4,Noah,,,
Noah.mp4,Noah,1,noah,"['n', 'o', 'a', 'h']"
Olivia.mp4,Olivia,,,
Olivia.mp4,Olivia,0,,None
Rachel.mp4,Rachel,,,
Rachel.mp4,Rachel,0,hannah,"['h', 'a', 'n', 'n', 'a', 'h']"
Rebecca.mp4,Rebecca,,,
Rebecca.mp4,Rebecca,1,rebecca,"['r', 'e', 'b', 'e', 'c', 'c', 'a']"
Sarah.mp4,Sarah,,,
Sarah.mp4,Sarah,0,,None
Shelby.mp4,Shelby,,,
Shelby.mp4,Shelby,0,sarah,"['s', 'a', 'r', 'a', 'h']"
Steven.mp4,Steven,,,
Steven.mp4,Steven,1,steven,"['s', 't', 'e', 'v', 'e', 'n']"
Taylor.mp4,Taylor,,,
Taylor.mp4,Taylor,0,,None
Thomas.mp4,Thomas,,,
Thomas.mp4,Thomas,0,,None
Timothy.mp4,Timothy,,,
Timothy.mp4,Timothy,0,,None
Trevor.mp4,Trevor,,,
Trevor.mp4,Trevor,0,tyler,"['t', 'y', 'l', 'e', 'r']"
Tyler.mp4,Tyler,,,
Tyler.mp4,Tyler,1,tyler,"['t', 'y', 'p', 'backspace', 'l', 'e', 'r']"