Video,Name,recallRating_AA,inputText,key_resp_3.keys
Aaron.mp4,Aaron,,,
Aaron.mp4,Aaron,0,,None
Adam.mp4,Adam,,,
Adam.mp4,Adam,0,Kevin,"['lshift', 'k', 'e', 'v', 'i', 'n']"
Alyssa.mp4,Alyssa,,,
Alyssa.mp4,Alyssa,0,,None
Amanda.mp4,Amanda,,,
Amanda.mp4,Amanda,0,Sarah,"['lshift', 's', 'a', 's', 'h', 'a', 'backspace', 'backspace', 'backspace', 'r', 'a', 'h']"
Andrew.mp4,Andrew,,,
Andrew.mp4,Andrew,0,Mike,"['lshift', 'm', 'i', 'k', 'e']"
Anna.mp4,Anna,,,
Anna.mp4,Anna,0,kayl,"['k', 'a', 'y', 'l', 'semicolon', 'a', 'equal', 'backspace']"
Ashley.mp4,Ashley,,,
Ashley.mp4,Ashley,0,,['lshift']
Bradley.mp4,Bradley,,,
Bradley.mp4,Bradley,0,Micheal,"['lshift', 'm', 'i', 'c', 'h', 'e', 'a', 'l']"
Brandon.mp4,Brandon,,,
Brandon.mp4,Brandon,0,michael,"['m', 'i', 'c', 'h', 'a', 'e', 'l']"
Brian.mp4,Brian,,,
Brian.mp4,Brian,0,andrew,"['a', 'n', 'd', 'e', 'backspace', 'r', 'e', 'w']"
Brianna.mp4,Brianna,,,
Brianna.mp4,Brianna,0,,None
Brittany.mp4,Brittany,,,
Brittany.mp4,Brittany,0,,['lshift']
Caleb.mp4,Caleb,,,
Caleb.mp4,Caleb,1,caleb,"['c', 'a', 'l', 'e', 'b']"
Cody.mp4,Cody,,,
Cody.mp4,Cody,0,,None
Courtney.mp4,Courtney,,,
Courtney.mp4,Courtney,0,Shelby,"['lshift', 's', 'h', 'e', 'l', 'b', 'y']"
Daniel.mp4,Daniel,,,
Daniel.mp4,Daniel,0,,['lshift']
Danielle.mp4,Danielle,,,
Danielle.mp4,Danielle,0,Kathlyn,"['lshift', 'k', 'a', 't', 'h', 'l', 'y', 'n', 'space']"
David.mp4,David,,,
David.mp4,David,0,Justin,"['lshift', 'j', 'u', 's', 't', 'i', 'n', 'backspace', 'n']"
Dylan.mp4,Dylan,,,
Dylan.mp4,Dylan,0,,None
Emily.mp4,Emily,,,
Emily.mp4,Emily,0,,None
Eric.mp4,Eric,,,
Eric.mp4,Eric,0,Andrew,"['lshift', 'a', 'n', 'd', 'r', 'e', 'w']"
Ethan.mp4,Ethan,,,
Ethan.mp4,Ethan,0,Dennis,"['lshift', 'd', 'e', 'n', 'n', 'i', 's']"
Grace.mp4,Grace,,,
Grace.mp4,Grace,0,stacy,"['s', 't', 'a', 'c', 'y']"
Haley.mp4,Haley,,,
Haley.mp4,Haley,0,Lindsey,"['lshift', 'l', 'i', 'n', 'd', 's', 'e', 'y']"
Hannah.mp4,Hannah,,,
Hannah.mp4,Hannah,0,Mackenzie,"['lshift', 'm', 'a', 'c', 'k', 'e', 'n', 'z', 'i', 'e']"
Heather.mp4,Heather,,,
Heather.mp4,Heather,0,La,"['lshift', 'l', 'a', 'u', 'r', 'e', 'n', 'backspace', 'backspace', 'backspace', 'backspace', 'backspace', 'backspace', 'backspace', 'lshift', 'l', 'a']"
Jacob.mp4,Jacob,,,
Jacob.mp4,Jacob,0,,None
Jason.mp4,Jason,,,
Jason.mp4,Jason,0,jacob,"['d', 'e', 'n', 'n', 'i', 's', 'backspace', 'backspace', 'backspace', 'backspace', 'backspace', 'backspace', 'backspace', 'j', 'a', 'c', 'o', 'b']"
Jenna.mp4,Jenna,,,
Jenna.mp4,Jenna,0,Mika,"['lshift', 'm', 'i', 'c', 'h', 'a', 'e', 'l', 'backspace', 'backspace', 'backspace', 'e', 'backspace', 'backspace', 'backspace', 'k', 'a']"
Jeremy.mp4,Jeremy,,,
Jeremy.mp4,Jeremy,0,,"['lshift', 't', 'r', 'e', 'v', 'backspace', 'backspace', 'backspace', 'backspace']"
Jessica.mp4,Jessica,,,
Jessica.mp4,Jessica,0,Jennifer,"['lshift', 'j', 'e', 'n', 'n', 'i', 'f', 'e', 'e', 'r', 'backspace', 'backspace', 'r', 'space']"
Josh.mp4,Josh,,,
Josh.mp4,Josh,0,,"['lshift', 'm', 'i', 'c', 'h', 'a', 'e', 'l', 'backspace', 'backspace', 'backspace', 'backspace', 'backspace', 'backspace', 'backspace']"
Julia.mp4,Julia,,,
Julia.mp4,Julia,0,Sonya,"['lshift', 's', 'o', 'n', 'a', 'backspace', 'y', 'a']"
Justin.mp4,Justin,,,
Justin.mp4,Justin,1,Justin,"['lshift', 'j', 'u', 's', 't', 'i', 'n']"
Katie.mp4,Katie,,,
Katie.mp4,Katie,0,stacy,"['s', 't', 'a', 'c', 'y']"
Kayla.mp4,Kayla,,,
Kayla.mp4,Kayla,0,Nicole,"['lshift', 'n', 'c', 'i', 'backspace', 'backspace', 'i', 'c', 'o', 'e', 'l', 'l', 'backspace', 'backspace', 'backspace', 'l', 'e']"
Kelsey.mp4,Kelsey,,,
Kelsey.mp4,Kelsey,0,Mackenzie,"['lshift', 'k', 'backspace', 'lshift', 'm', 'a', 'c', 'k', 'e', 'n', 'z', 'i', 'e']"
Kevin.mp4,Kevin,,,
Kevin.mp4,Kevin,0,,None
Kyle.mp4,Kyle,,,
Kyle.mp4,Kyle,0,Matthew,"['lshift', 'm', 'a', 't', 't', 'h', 'e', 'w', 'space', 'return', 'space', 'space']"
Lauren.mp4,Lauren,,,
Lauren.mp4,Lauren,1,Lauren,"['lshift', 'l', 'a', 'u', 'r', 'e', 'n']"
Mark.mp4,Mark,,,
Mark.mp4,Mark,1,Mark,"['lshift', 'm', 'a', 'r', 'k']"
Matthew.mp4,Matthew,,,
Matthew.mp4,Matthew,0,Andrew,"['lshift', 'm', 'e', 'backspace', 'backspace', 'lshift', 'a', 'n', 'd', 'r', 'e', 'w']"
Megan.mp4,Megan,,,
Megan.mp4,Megan,0,Lauren,"['lshift', 'l', 'a', 'u', 'r', 'e', 'n']"
Michael.mp4,Michael,,,
Michael.mp4,Michael,0,dylan,"['d', 'y', 'l', 'a', 'n']"
Michelle.mp4,Michelle,,,
Michelle.mp4,Michelle,0,,None
Natalie.mp4,Natalie,,,
Natalie.mp4,Natalie,0,Jessica,"['lshift', 'j', 'backspace', 'lshift', 'j', 'e', 's', 's', 'i', 'c', 'a', 'return', 'space', 'space', 'return']"
Nathan.mp4,Nathan,,,
Nathan.mp4,Nathan,0,Kevi,"['lshift', 'k', 'e', 'i', 'n', 'backspace', 'backspace', 'v', 'i', 'n', 'backspace']"
Nicole.mp4,Nicole,,,
Nicole.mp4,Nicole,1,Nicole,"['lshift', 'n', 'i', 'c', 'o', 'l', 'e']"
Noah.mp4,Noah,,,
Noah.mp4,Noah,0,,None
Olivia.mp4,Olivia,,,
Olivia.mp4,Olivia,0,,None
Rachel.mp4,Rachel,,,
Rachel.mp4,Rachel,0,Lauren,"['lshift', 'lshift', 'l', 'a', 'u', 'r', 'e', 'n']"
Rebecca.mp4,Rebecca,,,
Rebecca.mp4,Rebecca,0,Olivia,"['lshift', 'o', 'l', 'i', 'v', 'i', 'a']"
Sarah.mp4,Sarah,,,
Sarah.mp4,Sarah,0,Lauren,"['lshift', 'l', 'a', 'u', 'r', 'e', 'n']"
Shelby.mp4,Shelby,,,
Shelby.mp4,Shelby,0,Lauren,"['lshift', 'l', 'a', 'u', 'r', 'e', 'n']"
Steven.mp4,Steven,,,
Steven.mp4,Steven,1,Steven,"['lshift', 's', 't', 'e', 'v', 'e', 'n']"
Taylor.mp4,Taylor,,,
Taylor.mp4,Taylor,0,,None
Thomas.mp4,Thomas,,,
Thomas.mp4,Thomas,0,Noah,"['lshift', 'n', 'o', 'h', 'backspace', 'a', 'h']"
Timothy.mp4,Timothy,,,
Timothy.mp4,Timothy,0,Ethan,"['lshift', 'e', 't', 'h', 'a', 'n', 'space']"
Trevor.mp4,Trevor,,,
Trevor.mp4,Trevor,1,Trevor,"['lshift', 't', 'r', 'e', 'v', 'o', 'r']"
Tyler.mp4,Tyler,,,
Tyler.mp4,Tyler,0,,None