Video,Name,recallRating_AA,inputText,key_resp_3.keys
Aaron.mp4,Aaron,,,
Aaron.mp4,Aaron,0,erin,"['e', 'r', 'i', 'n']"
Adam.mp4,Adam,,,
Adam.mp4,Adam,0,,None
Alyssa.mp4,Alyssa,,,
Alyssa.mp4,Alyssa,0,emily,"['e', 'm', 'i', 'l', 'y']"
Amanda.mp4,Amanda,,,
Amanda.mp4,Amanda,0,natalie,"['n', 'a', 't', 'a', 'l', 'i', 'e']"
Andrew.mp4,Andrew,,,
Andrew.mp4,Andrew,0,micheal,"['m', 'i', 'c', 'h', 'r', 'backspace', 'e', 'a', 'l']"
Anna.mp4,Anna,,,
Anna.mp4,Anna,1,anna,"['a', 'n', 'n', 'a']"
Ashley.mp4,Ashley,,,
Ashley.mp4,Ashley,1,ashley,"['a', 's', 'h', 'l', 'e', 'y']"
Bradley.mp4,Bradley,,,
Bradley.mp4,Bradley,0,n,"['e', 'r', 'i', 'n', 'backspace', 'backspace', 'backspace', 'backspace', 'backspace', 'n']"
Brandon.mp4,Brandon,,,
Brandon.mp4,Brandon,0,jason,"['j', 'a', 's', 'o', 'n']"
Brian.mp4,Brian,,,
Brian.mp4,Brian,0,mark,"['m', 'a', 'r', 'k']"
Brianna.mp4,Brianna,,,
Brianna.mp4,Brianna,0,emily,"['e', 'm', 'i', 'l', 'y']"
Brittany.mp4,Brittany,,,
Brittany.mp4,Brittany,1,brittany,"['b', 'r', 'i', 't', 't', 'a', 'n', 'y']"
Caleb.mp4,Caleb,,,
Caleb.mp4,Caleb,1,caleb,"['c', 'a', 'l', 'e', 'b']"
Cody.mp4,Cody,,,
Cody.mp4,Cody,0,erin,"['e', 'r', 'i', 'n']"
Courtney.mp4,Courtney,,,
Courtney.mp4,Courtney,1,courtney,"['c', 'o', 'u', 'r', 't', 'n', 'e', 'y']"
Daniel.mp4,Daniel,,,
Daniel.mp4,Daniel,0,jacob,"['j', 'a', 'c', 'o', 'b']"
Danielle.mp4,Danielle,,,
Danielle.mp4,Danielle,0,ericka,"['e', 'r', 'i', 'c', 'k', 'a']"
David.mp4,David,,,
David.mp4,David,0,mike,"['m', 'i', 'k', 'e']"
Dylan.mp4,Dylan,,,
Dylan.mp4,Dylan,0,,None
Emily.mp4,Emily,,,
Emily.mp4,Emily,0,hannah,"['h', 'a', 'n', 'n', 'a', 'h']"
Eric.mp4,Eric,,,
Eric.mp4,Eric,0,micheal,"['m', 'i', 'c', 'h', 'e', 'a', 'l']"
Ethan.mp4,Ethan,,,
Ethan.mp4,Ethan,0,erin,"['e', 'r', 'i', 'c', 'backspace', 'n']"
Grace.mp4,Grace,,,
Grace.mp4,Grace,1,grace,"['g', 'r', 'a', 'c', 'e']"
Haley.mp4,Haley,,,
Haley.mp4,Haley,0,joj,"['j', 'o', 'e', 'l', 'backspace', 'backspace', 'e', 'backspace', 'j']"
Hannah.mp4,Hannah,,,
Hannah.mp4,Hannah,0,,None
Heather.mp4,Heather,,,
Heather.mp4,Heather,1,heather,"['h', 'e', 'a', 't', 'h', 'e', 'r']"
Jacob.mp4,Jacob,,,
Jacob.mp4,Jacob,0,,None
Jason.mp4,Jason,,,
Jason.mp4,Jason,1,jason,"['c', 'backspace', 'j', 'a', 's', 'o', 'n']"
Jenna.mp4,Jenna,,,
Jenna.mp4,Jenna,0,janelle,"['j', 'a', 'n', 'e', 'l', 'l', 'e']"
Jeremy.mp4,Jeremy,,,
Jeremy.mp4,Jeremy,0,rick,"['r', 'i', 'c', 'k']"
Jessica.mp4,Jessica,,,
Jessica.mp4,Jessica,0,natalie,"['n', 'a', 't', 'a', 'l', 'i', 'e']"
Josh.mp4,Josh,,,
Josh.mp4,Josh,1,josh,"['j', 'o', 's', 'h']"
Julia.mp4,Julia,,,
Julia.mp4,Julia,0,,None
Justin.mp4,Justin,,,
Justin.mp4,Justin,0,paul,"['p', 'a', 'u', 'l']"
Katie.mp4,Katie,,,
Katie.mp4,Katie,0,nicole,"['n', 'i', 'c', 'o', 'l', 'e']"
Kayla.mp4,Kayla,,,
Kayla.mp4,Kayla,0,,None
Kelsey.mp4,Kelsey,,,
Kelsey.mp4,Kelsey,0,sara,"['s', 'a', 'r', 'a']"
Kevin.mp4,Kevin,,,
Kevin.mp4,Kevin,0,erin,"['e', 'r', 'i', 'n']"
Kyle.mp4,Kyle,,,
Kyle.mp4,Kyle,0,roger,"['r', 'o', 'g', 'e', 'r']"
Lauren.mp4,Lauren,,,
Lauren.mp4,Lauren,0,emily,"['e', 'm', 'i', 'l', 'y']"
Mark.mp4,Mark,,,
Mark.mp4,Mark,1,mark,"['m', 'a', 'r', 'k']"
Matthew.mp4,Matthew,,,
Matthew.mp4,Matthew,0,micheal,"['m', 'i', 'c', 'h', 'e', 'a', 'l']"
Megan.mp4,Megan,,,
Megan.mp4,Megan,0,julia,"['j', 'u', 'l', 'i', 'a']"
Michael.mp4,Michael,,,
Michael.mp4,Michael,0,,None
Michelle.mp4,Michelle,,,
Michelle.mp4,Michelle,1,michelle,"['m', 'i', 'c', 'h', 'e', 'l', 'l', 'e']"
Natalie.mp4,Natalie,,,
Natalie.mp4,Natalie,0,,None
Nathan.mp4,Nathan,,,
Nathan.mp4,Nathan,1,nathan,"['t', 'h', 'o', 'm', 'a', 's', 'backspace', 'backspace', 'backspace', 'backspace', 'backspace', 'backspace', 'n', 'a', 't', 'h', 'a', 'n']"
Nicole.mp4,Nicole,,,
Nicole.mp4,Nicole,0,,None
Noah.mp4,Noah,,,
Noah.mp4,Noah,0,,"['t', 'h', 'o', 'm', 'a', 's', 'backspace', 'backspace', 'backspace', 'backspace', 'backspace', 'backspace']"
Olivia.mp4,Olivia,,,
Olivia.mp4,Olivia,1,olivia,"['o', 'l', 'i', 'v', 'i', 'a']"
Rachel.mp4,Rachel,,,
Rachel.mp4,Rachel,0,sopho,"['s', 'o', 'p', 'h', 'backspace', 'backspace', 'p', 'h', 'o', 'i', 'a', 'backspace', 'backspace']"
Rebecca.mp4,Rebecca,,,
Rebecca.mp4,Rebecca,0,em,"['e', 'm', 'i', 'backspace', 'm', 'a', 'backspace', 'i', 'backspace', 'backspace']"
Sarah.mp4,Sarah,,,
Sarah.mp4,Sarah,0,anna,"['a', 'n', 'n', 'a']"
Shelby.mp4,Shelby,,,
Shelby.mp4,Shelby,1,shelby,"['s', 'h', 'e', 'l', 'b', 'y']"
Steven.mp4,Steven,,,
Steven.mp4,Steven,0,erin,"['e', 'r', 'i', 'n']"
Taylor.mp4,Taylor,,,
Taylor.mp4,Taylor,1,taylor,"['t', 'a', 'y', 'l', 'o', 'r']"
Thomas.mp4,Thomas,,,
Thomas.mp4,Thomas,1,thomas,"['t', 'h', 'o', 'm', 'a', 's']"
Timothy.mp4,Timothy,,,
Timothy.mp4,Timothy,0,erik,"['e', 'r', 'i', 'c', 'k', 'backspace', 'backspace', 'k']"
Trevor.mp4,Trevor,,,
Trevor.mp4,Trevor,0,simon,"['s', 'i', 'm', 'o', 'n']"
Tyler.mp4,Tyler,,,
Tyler.mp4,Tyler,0,paul,"['p', 'a', 'u', 'l']"