Video,Name,recallRating_AA,inputText,key_resp_3.keys
Aaron.mp4,Aaron,,,
Aaron.mp4,Aaron,0,,"['i', 'd', 'k', 'backspace', 'backspace', 'backspace']"
Adam.mp4,Adam,,,
Adam.mp4,Adam,0,,None
Alyssa.mp4,Alyssa,,,
Alyssa.mp4,Alyssa,0,,None
Amanda.mp4,Amanda,,,
Amanda.mp4,Amanda,0,,None
Andrew.mp4,Andrew,,,
Andrew.mp4,Andrew,0,,None
Anna.mp4,Anna,,,
Anna.mp4,Anna,0,,None
Ashley.mp4,Ashley,,,
Ashley.mp4,Ashley,0,,None
Bradley.mp4,Bradley,,,
Bradley.mp4,Bradley,0,,None
Brandon.mp4,Brandon,,,
Brandon.mp4,Brandon,0,Michael,"['lshift', 'm', 'i', 'c', 'h', 'a', 'e', 'l']"
Brian.mp4,Brian,,,
Brian.mp4,Brian,1,Brian,"['lshift', 'b', 'r', 'i', 'a', 'n']"
Brianna.mp4,Brianna,,,
Brianna.mp4,Brianna,0,,None
Brittany.mp4,Brittany,,,
Brittany.mp4,Brittany,0,Hailey,"['lshift', 'h', 'a', 'i', 'l', 'e', 'y']"
Caleb.mp4,Caleb,,,
Caleb.mp4,Caleb,0,,None
Cody.mp4,Cody,,,
Cody.mp4,Cody,0,,None
Courtney.mp4,Courtney,,,
Courtney.mp4,Courtney,0,Lauren,"['lshift', 'l', 'a', 'u', 'r', 'backspace', 'backspace', 'backspace', 'backspace', 'lshift', 's', 'h', 'e', 'l', 'v', 'backspace', 'b', 'backspace', 'backspace', 'backspace', 'backspace', 'backspace', 'lshift', 'l', 'a', 'u', 'r', 'e', 'n']"
Daniel.mp4,Daniel,,,
Daniel.mp4,Daniel,0,,None
Danielle.mp4,Danielle,,,
Danielle.mp4,Danielle,0,,None
David.mp4,David,,,
David.mp4,David,0,,None
Dylan.mp4,Dylan,,,
Dylan.mp4,Dylan,0,David,"['lshift', 'd', 'a', 'v', 'i', 'd']"
Emily.mp4,Emily,,,
Emily.mp4,Emily,0,,['lshift']
Eric.mp4,Eric,,,
Eric.mp4,Eric,0,,None
Ethan.mp4,Ethan,,,
Ethan.mp4,Ethan,0,,None
Grace.mp4,Grace,,,
Grace.mp4,Grace,1,Grace,"['lshift', 'g', 'r', 'a', 'c', 'e']"
Haley.mp4,Haley,,,
Haley.mp4,Haley,0,,None
Hannah.mp4,Hannah,,,
Hannah.mp4,Hannah,0,,None
Heather.mp4,Heather,,,
Heather.mp4,Heather,0,,"['lshift', 'r', 'a', 'c', 'h', 'e', 'l', 'backspace', 'backspace', 'backspace', 'backspace', 'backspace', 'backspace']"
Jacob.mp4,Jacob,,,
Jacob.mp4,Jacob,0,,['lshift']
Jason.mp4,Jason,,,
Jason.mp4,Jason,0,,None
Jenna.mp4,Jenna,,,
Jenna.mp4,Jenna,0,,None
Jeremy.mp4,Jeremy,,,
Jeremy.mp4,Jeremy,0,,None
Jessica.mp4,Jessica,,,
Jessica.mp4,Jessica,0,,None
Josh.mp4,Josh,,,
Josh.mp4,Josh,0,Aaron,"['lshift', 'a', 'a', 'r', 'o', 'n']"
Julia.mp4,Julia,,,
Julia.mp4,Julia,0,,None
Justin.mp4,Justin,,,
Justin.mp4,Justin,0,,None
Katie.mp4,Katie,,,
Katie.mp4,Katie,0,,None
Kayla.mp4,Kayla,,,
Kayla.mp4,Kayla,0,,None
Kelsey.mp4,Kelsey,,,
Kelsey.mp4,Kelsey,0,,None
Kevin.mp4,Kevin,,,
Kevin.mp4,Kevin,0,,"['lshift', 'd', 'backspace']"
Kyle.mp4,Kyle,,,
Kyle.mp4,Kyle,0,,None
Lauren.mp4,Lauren,,,
Lauren.mp4,Lauren,0,Shelby,"['lshift', 's', 'l', 'e', 'backspace', 'backspace', 'e', 'backspace', 'h', 'e', 'l', 'b', 'y']"
Mark.mp4,Mark,,,
Mark.mp4,Mark,0,,None
Matthew.mp4,Matthew,,,
Matthew.mp4,Matthew,0,,None
Megan.mp4,Megan,,,
Megan.mp4,Megan,0,,None
Michael.mp4,Michael,,,
Michael.mp4,Michael,0,,None
Michelle.mp4,Michelle,,,
Michelle.mp4,Michelle,1,Michelle,"['lshift', 'm', 'i', 'c', 'h', 'e', 'l', 'l', 'l', 'e', 'backspace', 'backspace', 'e']"
Natalie.mp4,Natalie,,,
Natalie.mp4,Natalie,0,,None
Nathan.mp4,Nathan,,,
Nathan.mp4,Nathan,0,,"['lshift', 'k', 'backspace']"
Nicole.mp4,Nicole,,,
Nicole.mp4,Nicole,0,Kayla,"['lshift', 'k', 'a', 'y', 'l', 'a']"
Noah.mp4,Noah,,,
Noah.mp4,Noah,0,,None
Olivia.mp4,Olivia,,,
Olivia.mp4,Olivia,1,Olivia,"['lshift', 'o', 'l', 'i', 'v', 'i', 'a']"
Rachel.mp4,Rachel,,,
Rachel.mp4,Rachel,1,Rachel,"['lshift', 'r', 'a', 'c', 'h', 'e', 'l']"
Rebecca.mp4,Rebecca,,,
Rebecca.mp4,Rebecca,0,,None
Sarah.mp4,Sarah,,,
Sarah.mp4,Sarah,0,,"['lshift', 's', 'h', 'e', 'l', 'backspace', 'backspace', 'backspace', 'backspace']"
Shelby.mp4,Shelby,,,
Shelby.mp4,Shelby,0,,None
Steven.mp4,Steven,,,
Steven.mp4,Steven,0,,None
Taylor.mp4,Taylor,,,
Taylor.mp4,Taylor,0,,"['1', 'backspace']"
Thomas.mp4,Thomas,,,
Thomas.mp4,Thomas,0,Mark,"['lshift', 'm', 'a', 'r', 'k']"
Timothy.mp4,Timothy,,,
Timothy.mp4,Timothy,0,,"['t', 'i', 'backspace', 'backspace', 'lshift']"
Trevor.mp4,Trevor,,,
Trevor.mp4,Trevor,1,Trevor,"['lshift', 't', 'r', 'e', 'v', 'o', 'r', 'return']"
Tyler.mp4,Tyler,,,
Tyler.mp4,Tyler,0,,None