Video,Name,recallRating_AA,inputText,key_resp_3.keys
Aaron.mp4,Aaron,,,
Aaron.mp4,Aaron,0,,None
Adam.mp4,Adam,,,
Adam.mp4,Adam,0,eric,"['e', 'r', 'i', 'c']"
Alyssa.mp4,Alyssa,,,
Alyssa.mp4,Alyssa,0,,None
Amanda.mp4,Amanda,,,
Amanda.mp4,Amanda,0,,None
Andrew.mp4,Andrew,,,
Andrew.mp4,Andrew,0,,None
Anna.mp4,Anna,,,
Anna.mp4,Anna,1,ana,"['a', 'n', 'a']"
Ashley.mp4,Ashley,,,
Ashley.mp4,Ashley,0,hailey,"['h', 'a', 'i', 'l', 'e', 'y']"
Bradley.mp4,Bradley,,,
Bradley.mp4,Bradley,1,bradley,"['b', 'r', 'a', 'd', 'l', 'e', 'y']"
Brandon.mp4,Brandon,,,
Brandon.mp4,Brandon,0,,None
Brian.mp4,Brian,,,
Brian.mp4,Brian,1,brian,"['b', 'r', 'i', 'a', 'n']"
Brianna.mp4,Brianna,,,
Brianna.mp4,Brianna,0,,None
Brittany.mp4,Brittany,,,
Brittany.mp4,Brittany,0,,None
Caleb.mp4,Caleb,,,
Caleb.mp4,Caleb,0,andrew,"['a', 'n', 'd', 'r', 'e', 'w']"
Cody.mp4,Cody,,,
Cody.mp4,Cody,0,trevor,"['t', 'r', 'e', 'v', 'o', 'r']"
Courtney.mp4,Courtney,,,
Courtney.mp4,Courtney,1,courtney,"['c', 'o', 'u', 'r', 't', 'n', 'e', 'y']"
Daniel.mp4,Daniel,,,
Daniel.mp4,Daniel,0,,None
Danielle.mp4,Danielle,,,
Danielle.mp4,Danielle,0,sarah,"['s', 'a', 'r', 'a', 'h']"
David.mp4,David,,,
David.mp4,David,1,david,"['d', 'a', 'v', 'i', 'd']"
Dylan.mp4,Dylan,,,
Dylan.mp4,Dylan,0,andrew,"['a', 'n', 'd', 'r', 'e', 'w']"
Emily.mp4,Emily,,,
Emily.mp4,Emily,0,michelle,"['m', 'i', 'c', 'h', 'e', 'l', 'l', 'e']"
Eric.mp4,Eric,,,
Eric.mp4,Eric,0,tom,"['t', 'o', 'm']"
Ethan.mp4,Ethan,,,
Ethan.mp4,Ethan,0,lucas,"['l', 'u', 'c', 'a', 's']"
Grace.mp4,Grace,,,
Grace.mp4,Grace,1,grace,"['g', 'r', 'a', 'c', 'e']"
Haley.mp4,Haley,,,
Haley.mp4,Haley,0,jessica,"['j', 'e', 's', 's', 'i', 'c', 'a']"
Hannah.mp4,Hannah,,,
Hannah.mp4,Hannah,0,sarah,"['s', 'a', 'r', 'a', 'h']"
Heather.mp4,Heather,,,
Heather.mp4,Heather,1,heather,"['h', 'e', 'a', 't', 'h', 'e', 'r']"
Jacob.mp4,Jacob,,,
Jacob.mp4,Jacob,1,jacob,"['j', 'a', 'c', 'o', 'b']"
Jason.mp4,Jason,,,
Jason.mp4,Jason,0,,None
Jenna.mp4,Jenna,,,
Jenna.mp4,Jenna,0,sarah,"['s', 'a', 'r', 'a', 'h']"
Jeremy.mp4,Jeremy,,,
Jeremy.mp4,Jeremy,0,tre,"['d', 'a', 'v', 'backspace', 'backspace', 'backspace', 't', 'r', 'e']"
Jessica.mp4,Jessica,,,
Jessica.mp4,Jessica,0,,None
Josh.mp4,Josh,,,
Josh.mp4,Josh,0,,None
Julia.mp4,Julia,,,
Julia.mp4,Julia,0,sarah,"['s', 'a', 'r', 'a', 'h', 'space']"
Justin.mp4,Justin,,,
Justin.mp4,Justin,0,,None
Katie.mp4,Katie,,,
Katie.mp4,Katie,1,katie,"['k', 'a', 't', 'i', 'e']"
Kayla.mp4,Kayla,,,
Kayla.mp4,Kayla,0,rebecca,"['r', 'e', 'b', 'e', 'c', 'c', 'a']"
Kelsey.mp4,Kelsey,,,
Kelsey.mp4,Kelsey,0,jessica,"['j', 'e', 's', 's', 'i', 'c', 'a', 'return']"
Kevin.mp4,Kevin,,,
Kevin.mp4,Kevin,0,nathan,"['n', 'a', 't', 'h', 'a', 'n']"
Kyle.mp4,Kyle,,,
Kyle.mp4,Kyle,0,james,"['j', 'a', 'm', 'e', 's']"
Lauren.mp4,Lauren,,,
Lauren.mp4,Lauren,1,lauren,"['l', 'a', 'u', 'r', 'e', 'n']"
Mark.mp4,Mark,,,
Mark.mp4,Mark,0,,None
Matthew.mp4,Matthew,,,
Matthew.mp4,Matthew,0,,None
Megan.mp4,Megan,,,
Megan.mp4,Megan,0,,None
Michael.mp4,Michael,,,
Michael.mp4,Michael,0,,None
Michelle.mp4,Michelle,,,
Michelle.mp4,Michelle,0,,None
Natalie.mp4,Natalie,,,
Natalie.mp4,Natalie,0,amy,"['a', 'm', 'y', 'return', 'space']"
Nathan.mp4,Nathan,,,
Nathan.mp4,Nathan,0,jason,"['j', 'a', 's', 'o', 'n']"
Nicole.mp4,Nicole,,,
Nicole.mp4,Nicole,0,,None
Noah.mp4,Noah,,,
Noah.mp4,Noah,1,noah,"['n', 'o', 'a', 'h']"
Olivia.mp4,Olivia,,,
Olivia.mp4,Olivia,0,,None
Rachel.mp4,Rachel,,,
Rachel.mp4,Rachel,0,,None
Rebecca.mp4,Rebecca,,,
Rebecca.mp4,Rebecca,0,jessica,"['e', 'backspace', 'j', 'e', 's', 's', 'i', 'c', 'a']"
Sarah.mp4,Sarah,,,
Sarah.mp4,Sarah,0,taylor,"['t', 'a', 'y', 'l', 'o', 'r']"
Shelby.mp4,Shelby,,,
Shelby.mp4,Shelby,0,,None
Steven.mp4,Steven,,,
Steven.mp4,Steven,0,,None
Taylor.mp4,Taylor,,,
Taylor.mp4,Taylor,0,,None
Thomas.mp4,Thomas,,,
Thomas.mp4,Thomas,1,thomas,"['t', 'h', 'o', 'm', 'a', 's']"
Timothy.mp4,Timothy,,,
Timothy.mp4,Timothy,0,luke,"['l', 'u', 'k', 'e']"
Trevor.mp4,Trevor,,,
Trevor.mp4,Trevor,0,noah,"['n', 'o', 'a', 'h']"
Tyler.mp4,Tyler,,,
Tyler.mp4,Tyler,0,,None