Video,Name,recallRating_AA,inputText,key_resp_3.keys
Aaron.mp4,Aaron,,,
Aaron.mp4,Aaron,0,dustin,"['d', 'u', 's', 't', 'i', 'm', 'backspace', 'n']"
Adam.mp4,Adam,,,
Adam.mp4,Adam,0,jim,"['j', 'i', 'm']"
Alyssa.mp4,Alyssa,,,
Alyssa.mp4,Alyssa,0,grace,"['g', 'r', 'a', 'e', 'backspace', 'c', 'e']"
Amanda.mp4,Amanda,,,
Amanda.mp4,Amanda,0,fatima,"['f', 'a', 't', 'i', 'm', 'a']"
Andrew.mp4,Andrew,,,
Andrew.mp4,Andrew,0,pete,"['m', 'i', 'backspace', 'backspace', 'p', 'e', 't', 'e']"
Anna.mp4,Anna,,,
Anna.mp4,Anna,0,jenny,"['j', 'e', 'n', 'n', 'y']"
Ashley.mp4,Ashley,,,
Ashley.mp4,Ashley,0,heather,"['h', 'e', 'a', 't', 'h', 'e', 'r']"
Bradley.mp4,Bradley,,,
Bradley.mp4,Bradley,0,,None
Brandon.mp4,Brandon,,,
Brandon.mp4,Brandon,0,aj,"['a', 'backspace', 'a', 'j']"
Brian.mp4,Brian,,,
Brian.mp4,Brian,0,andrew,"['a', 'n', 'd', 'r', 'e', 'w']"
Brianna.mp4,Brianna,,,
Brianna.mp4,Brianna,0,angela,"['a', 'n', 'g', 'e', 'l', 'a']"
Brittany.mp4,Brittany,,,
Brittany.mp4,Brittany,1,brittany,"['b', 'r', 'i', 't', 't', 'a', 'n', 'y']"
Caleb.mp4,Caleb,,,
Caleb.mp4,Caleb,0,dylan,"['d', 'l', 'a', 'n', 'backspace', 'backspace', 'backspace', 'y', 'l', 'a', 'n']"
Cody.mp4,Cody,,,
Cody.mp4,Cody,0,trent,"['t', 'r', 'e', 'n', 't']"
Courtney.mp4,Courtney,,,
Courtney.mp4,Courtney,0,jenn,"['j', 'e', 'n', 'n']"
Daniel.mp4,Daniel,,,
Daniel.mp4,Daniel,0,richard,"['r', 'i', 'c', 'h', 'a', 'r', 'd']"
Danielle.mp4,Danielle,,,
Danielle.mp4,Danielle,0,cynthia,"['c', 'y', 'n', 't', 'h', 'i', 'a']"
David.mp4,David,,,
David.mp4,David,1,david,"['d', 'a', 'v', 'i', 'd']"
Dylan.mp4,Dylan,,,
Dylan.mp4,Dylan,0,andy,"['a', 'n', 'd', 'y']"
Emily.mp4,Emily,,,
Emily.mp4,Emily,1,emily,"['e', 'm', 'i', 'l', 'y']"
Eric.mp4,Eric,,,
Eric.mp4,Eric,0,peter,"['p', 'e', 't', 'e', 'r']"
Ethan.mp4,Ethan,,,
Ethan.mp4,Ethan,0,bob,"['b', 'o', 'b']"
Grace.mp4,Grace,,,
Grace.mp4,Grace,1,grace,"['g', 'r', 'a', 'c', 'e']"
Haley.mp4,Haley,,,
Haley.mp4,Haley,1,hayley,"['h', 'a', 'l', 'e', 'y', 'backspace', 'backspace', 'backspace', 'y', 'l', 'e', 'y']"
Hannah.mp4,Hannah,,,
Hannah.mp4,Hannah,0,olivia,"['o', 'l', 'i', 'v', 'i', 'a']"
Heather.mp4,Heather,,,
Heather.mp4,Heather,0,leah,"['l', 'e', 'a', 'h']"
Jacob.mp4,Jacob,,,
Jacob.mp4,Jacob,0,david,"['d', 'a', 'v', 'i', 'd']"
Jason.mp4,Jason,,,
Jason.mp4,Jason,0,bryan,"['b', 'r', 'y', 'a', 'n']"
Jenna.mp4,Jenna,,,
Jenna.mp4,Jenna,0,anne,"['a', 'n', 'n', 'e']"
Jeremy.mp4,Jeremy,,,
Jeremy.mp4,Jeremy,0,matt,"['m', 'a', 't', 't', 'h', 'e', 'backspace', 'backspace']"
Jessica.mp4,Jessica,,,
Jessica.mp4,Jessica,0,amanda,"['a', 'm', 'a', 'n', 'd', 'a', 'return']"
Josh.mp4,Josh,,,
Josh.mp4,Josh,0,david,"['d', 'a', 'v', 'i', 'd']"
Julia.mp4,Julia,,,
Julia.mp4,Julia,0,dana,"['d', 'a', 'n', 'a']"
Justin.mp4,Justin,,,
Justin.mp4,Justin,0,trevor,"['t', 'r', 'e', 'v', 'o', 'r']"
Katie.mp4,Katie,,,
Katie.mp4,Katie,0,anna,"['a', 'n', 'n', 'a']"
Kayla.mp4,Kayla,,,
Kayla.mp4,Kayla,0,se,"['s', 'e']"
Kelsey.mp4,Kelsey,,,
Kelsey.mp4,Kelsey,0,alyssa,"['a', 'l', 'y', 's', 's', 'a']"
Kevin.mp4,Kevin,,,
Kevin.mp4,Kevin,0,tom,"['t', 'o', 'm']"
Kyle.mp4,Kyle,,,
Kyle.mp4,Kyle,0,andrew,"['a', 'n', 'd', 'r', 'e', 'w']"
Lauren.mp4,Lauren,,,
Lauren.mp4,Lauren,0,danica,"['d', 'a', 'n', 'i', 'c', 'a']"
Mark.mp4,Mark,,,
Mark.mp4,Mark,0,patrick,"['p', 'a', 't', 'r', 'i', 'c', 'k']"
Matthew.mp4,Matthew,,,
Matthew.mp4,Matthew,0,ethan,"['e', 't', 'h', 'a', 'n', 'return', 'space', '1', 'backspace', 'backspace']"
Megan.mp4,Megan,,,
Megan.mp4,Megan,0,jean,"['j', 'e', 'a', 'n']"
Michael.mp4,Michael,,,
Michael.mp4,Michael,1,michael,"['m', 'i', 'c', 'h', 'a', 'e', 'l']"
Michelle.mp4,Michelle,,,
Michelle.mp4,Michelle,0,kailey,"['k', 'a', 'i', 'l', 'e', 'y']"
Natalie.mp4,Natalie,,,
Natalie.mp4,Natalie,0,sam,"['s', 'a', 'm']"
Nathan.mp4,Nathan,,,
Nathan.mp4,Nathan,0,thomas,"['t', 'h', 'o', 'm', 'a', 's']"
Nicole.mp4,Nicole,,,
Nicole.mp4,Nicole,0,,None
Noah.mp4,Noah,,,
Noah.mp4,Noah,0,brett,"['b', 'r', 'e', 't', 't']"
Olivia.mp4,Olivia,,,
Olivia.mp4,Olivia,0,kayla,"['k', 'a', 'y', 'l', 'a']"
Rachel.mp4,Rachel,,,
Rachel.mp4,Rachel,0,jennifer,"['j', 'e', 'n', 'n', 'i', 'f', 'e', 'r']"
Rebecca.mp4,Rebecca,,,
Rebecca.mp4,Rebecca,0,samanatha,"['s', 'a', 'm', 'a', 'n', 'a', 't', 'h', 'a']"
Sarah.mp4,Sarah,,,
Sarah.mp4,Sarah,0,jan,"['j', 'a', 'n']"
Shelby.mp4,Shelby,,,
Shelby.mp4,Shelby,1,shelby,"['s', 'h', 'e', 'l', 'b', 'y']"
Steven.mp4,Steven,,,
Steven.mp4,Steven,0,austin,"['a', 'u', 's', 't', 'i', 'n']"
Taylor.mp4,Taylor,,,
Taylor.mp4,Taylor,1,taylor,"['t', 'a', 'y', 'l', 'o', 'r']"
Thomas.mp4,Thomas,,,
Thomas.mp4,Thomas,0,justin,"['j', 'u', 's', 't', 'i', 'n']"
Timothy.mp4,Timothy,,,
Timothy.mp4,Timothy,0,ethan,"['e', 't', 'h', 'a', 'n']"
Trevor.mp4,Trevor,,,
Trevor.mp4,Trevor,0,patrick,"['p', 'a', 't', 'r', 'i', 'c', 'k']"
Tyler.mp4,Tyler,,,
Tyler.mp4,Tyler,0,pete,"['p', 'e', 't', 'e']"