Video,Name,recallRating_AA,inputText,key_resp_3.keys
Aaron.mp4,Aaron,,,
Aaron.mp4,Aaron,0,,None
Adam.mp4,Adam,,,
Adam.mp4,Adam,0,,None
Alyssa.mp4,Alyssa,,,
Alyssa.mp4,Alyssa,0,,None
Amanda.mp4,Amanda,,,
Amanda.mp4,Amanda,0,,None
Andrew.mp4,Andrew,,,
Andrew.mp4,Andrew,0,eason,"['e', 'a', 's', 'o', 'n']"
Anna.mp4,Anna,,,
Anna.mp4,Anna,1,anna,"['a', 'n', 'n', 'a']"
Ashley.mp4,Ashley,,,
Ashley.mp4,Ashley,0,,None
Bradley.mp4,Bradley,,,
Bradley.mp4,Bradley,0,,None
Brandon.mp4,Brandon,,,
Brandon.mp4,Brandon,0,,None
Brian.mp4,Brian,,,
Brian.mp4,Brian,0,jason,"['j', 'a', 's', 'o', 'n']"
Brianna.mp4,Brianna,,,
Brianna.mp4,Brianna,0,,None
Brittany.mp4,Brittany,,,
Brittany.mp4,Brittany,0,,None
Caleb.mp4,Caleb,,,
Caleb.mp4,Caleb,0,,None
Cody.mp4,Cody,,,
Cody.mp4,Cody,0,,None
Courtney.mp4,Courtney,,,
Courtney.mp4,Courtney,0,,None
Daniel.mp4,Daniel,,,
Daniel.mp4,Daniel,0,,None
Danielle.mp4,Danielle,,,
Danielle.mp4,Danielle,0,sarah,"['s', 'a', 'r', 'a', 'h']"
David.mp4,David,,,
David.mp4,David,0,,None
Dylan.mp4,Dylan,,,
Dylan.mp4,Dylan,1,dylan,"['d', 'y', 'l', 'a', 'n']"
Emily.mp4,Emily,,,
Emily.mp4,Emily,1,emily,"['e', 'm', 'i', 'l', 'y']"
Eric.mp4,Eric,,,
Eric.mp4,Eric,0,ei,"['capslock', 'e', 'i', 'r', 'c', 'backspace', 'backspace', 'backspace']"
Ethan.mp4,Ethan,,,
Ethan.mp4,Ethan,0,tom,"['t', 'o', 'm']"
Grace.mp4,Grace,,,
Grace.mp4,Grace,1,grace,"['g', 'r', 'a', 'c', 'e', 'space']"
Haley.mp4,Haley,,,
Haley.mp4,Haley,1,haley,"['h', 'a', 'l', 'e', 'y']"
Hannah.mp4,Hannah,,,
Hannah.mp4,Hannah,0,,None
Heather.mp4,Heather,,,
Heather.mp4,Heather,0,,None
Jacob.mp4,Jacob,,,
Jacob.mp4,Jacob,1,jacob,"['j', 'a', 'c', 'o', 'b']"
Jason.mp4,Jason,,,
Jason.mp4,Jason,0,,None
Jenna.mp4,Jenna,,,
Jenna.mp4,Jenna,0,,None
Jeremy.mp4,Jeremy,,,
Jeremy.mp4,Jeremy,1,jeremy,"['j', 'e', 'r', 'm', 'e', 'backspace', 'y', 'backspace', 'backspace', 'backspace', 'r', 'e', 'r', 'backspace', 'm', 'y']"
Jessica.mp4,Jessica,,,
Jessica.mp4,Jessica,0,,None
Josh.mp4,Josh,,,
Josh.mp4,Josh,0,,None
Julia.mp4,Julia,,,
Julia.mp4,Julia,0,,None
Justin.mp4,Justin,,,
Justin.mp4,Justin,0,frank,"['f', 'r', 'a', 'n', 'k']"
Katie.mp4,Katie,,,
Katie.mp4,Katie,1,katie,"['k', 'a', 'i', 'e', 'backspace', 'backspace', 't', 'i', 'e']"
Kayla.mp4,Kayla,,,
Kayla.mp4,Kayla,0,cortne,"['c', 'o', 'r', 't', 'n', 'e']"
Kelsey.mp4,Kelsey,,,
Kelsey.mp4,Kelsey,0,danielle,"['d', 'a', 'n', 'i', 'e', 'e', 'l', 'e', 'backspace', 'backspace', 'backspace', 'l', 'l', 'e']"
Kevin.mp4,Kevin,,,
Kevin.mp4,Kevin,0,,None
Kyle.mp4,Kyle,,,
Kyle.mp4,Kyle,0,,None
Lauren.mp4,Lauren,,,
Lauren.mp4,Lauren,1,lauren,"['l', 'a', 'u', 'r', 'n', 'backspace', 'e', 'n']"
Mark.mp4,Mark,,,
Mark.mp4,Mark,1,mark,"['a', 'r', 'backspace', 'backspace', 'm', 'a', 'r', 'k']"
Matthew.mp4,Matthew,,,
Matthew.mp4,Matthew,0,,None
Megan.mp4,Megan,,,
Megan.mp4,Megan,0,,None
Michael.mp4,Michael,,,
Michael.mp4,Michael,0,jason,"['j', 'a', 's', 'o', 'n']"
Michelle.mp4,Michelle,,,
Michelle.mp4,Michelle,1,michelle,"['comma', 'i', 'backspace', 'm', 'i', 'c', 'h', 'e', 'e', 'backspace', 'l', 'l', 'e']"
Natalie.mp4,Natalie,,,
Natalie.mp4,Natalie,0,,None
Nathan.mp4,Nathan,,,
Nathan.mp4,Nathan,0,,None
Nicole.mp4,Nicole,,,
Nicole.mp4,Nicole,0,,None
Noah.mp4,Noah,,,
Noah.mp4,Noah,0,thomas,"['t', 'h', 'o', 'm', 'a', 's']"
Olivia.mp4,Olivia,,,
Olivia.mp4,Olivia,1,olivia,"['o', 'l', 'i', 'v', 'i', 'a']"
Rachel.mp4,Rachel,,,
Rachel.mp4,Rachel,0,,None
Rebecca.mp4,Rebecca,,,
Rebecca.mp4,Rebecca,0,,None
Sarah.mp4,Sarah,,,
Sarah.mp4,Sarah,0,,None
Shelby.mp4,Shelby,,,
Shelby.mp4,Shelby,0,nicol,"['n', 'i', 'c', 'o', 'l']"
Steven.mp4,Steven,,,
Steven.mp4,Steven,0,heather,"['h', 'e', 'a', 't', 'h', 'e', 'r']"
Taylor.mp4,Taylor,,,
Taylor.mp4,Taylor,0,,None
Thomas.mp4,Thomas,,,
Thomas.mp4,Thomas,0,mark,"['m', 'r', 'k', 'backspace', 'backspace', 'a', 'r', 'k']"
Timothy.mp4,Timothy,,,
Timothy.mp4,Timothy,0,,None
Trevor.mp4,Trevor,,,
Trevor.mp4,Trevor,0,,None
Tyler.mp4,Tyler,,,
Tyler.mp4,Tyler,0,heather,"['h', 'e', 'a', 't', 'h', 'e', 'r']"