Video,Name,recallRating_AA,inputText,key_resp_3.keys
Aaron.mp4,Aaron,,,
Aaron.mp4,Aaron,1,aaron,"['a', 'a', 'r', 'o', 'n', 'm', 'backspace']"
Adam.mp4,Adam,,,
Adam.mp4,Adam,0,,None
Alyssa.mp4,Alyssa,,,
Alyssa.mp4,Alyssa,0,,None
Amanda.mp4,Amanda,,,
Amanda.mp4,Amanda,0,,None
Andrew.mp4,Andrew,,,
Andrew.mp4,Andrew,0,,None
Anna.mp4,Anna,,,
Anna.mp4,Anna,0,,None
Ashley.mp4,Ashley,,,
Ashley.mp4,Ashley,0,,None
Bradley.mp4,Bradley,,,
Bradley.mp4,Bradley,0,joey,"['j', 'o', 'e', 'y']"
Brandon.mp4,Brandon,,,
Brandon.mp4,Brandon,0,,None
Brian.mp4,Brian,,,
Brian.mp4,Brian,0,,None
Brianna.mp4,Brianna,,,
Brianna.mp4,Brianna,0,,None
Brittany.mp4,Brittany,,,
Brittany.mp4,Brittany,0,rachel,"['r', 'a', 'c', 'h', 'e', 'l']"
Caleb.mp4,Caleb,,,
Caleb.mp4,Caleb,0,,None
Cody.mp4,Cody,,,
Cody.mp4,Cody,0,,None
Courtney.mp4,Courtney,,,
Courtney.mp4,Courtney,0,,None
Daniel.mp4,Daniel,,,
Daniel.mp4,Daniel,0,david,"['d', 'a', 'v', 'o', 'd', 'backspace', 'backspace', 'i', 'd']"
Danielle.mp4,Danielle,,,
Danielle.mp4,Danielle,0,laura,"['a', 'u', 'r', 'a', 'backspace', 'backspace', 'backspace', 'backspace', 'backspace', 'l', 'a', 'u', 'r', 'a']"
David.mp4,David,,,
David.mp4,David,0,,None
Dylan.mp4,Dylan,,,
Dylan.mp4,Dylan,0,,None
Emily.mp4,Emily,,,
Emily.mp4,Emily,0,,None
Eric.mp4,Eric,,,
Eric.mp4,Eric,0,ethan,"['e', 't', 'h', 'a', 'n', 'return', 'space']"
Ethan.mp4,Ethan,,,
Ethan.mp4,Ethan,1,ethan,"['e', 't', 'h', 'a', 'n']"
Grace.mp4,Grace,,,
Grace.mp4,Grace,0,,None
Haley.mp4,Haley,,,
Haley.mp4,Haley,0,,None
Hannah.mp4,Hannah,,,
Hannah.mp4,Hannah,0,,None
Heather.mp4,Heather,,,
Heather.mp4,Heather,0,,None
Jacob.mp4,Jacob,,,
Jacob.mp4,Jacob,0,,"['s', 'backspace']"
Jason.mp4,Jason,,,
Jason.mp4,Jason,0,,None
Jenna.mp4,Jenna,,,
Jenna.mp4,Jenna,0,,None
Jeremy.mp4,Jeremy,,,
Jeremy.mp4,Jeremy,0,,None
Jessica.mp4,Jessica,,,
Jessica.mp4,Jessica,0,taylor,"['t', 'a', 'y', 'l', 'o', 'r']"
Josh.mp4,Josh,,,
Josh.mp4,Josh,1,josh,"['j', 'o', 's', 'h']"
Julia.mp4,Julia,,,
Julia.mp4,Julia,0,,None
Justin.mp4,Justin,,,
Justin.mp4,Justin,0,aaron,"['a', 'a', 'r', 'o', 'n']"
Katie.mp4,Katie,,,
Katie.mp4,Katie,0,,None
Kayla.mp4,Kayla,,,
Kayla.mp4,Kayla,0,,None
Kelsey.mp4,Kelsey,,,
Kelsey.mp4,Kelsey,0,,None
Kevin.mp4,Kevin,,,
Kevin.mp4,Kevin,0,,None
Kyle.mp4,Kyle,,,
Kyle.mp4,Kyle,0,,None
Lauren.mp4,Lauren,,,
Lauren.mp4,Lauren,0,,None
Mark.mp4,Mark,,,
Mark.mp4,Mark,1,mark,"['m', 'a', 'r', 'k']"
Matthew.mp4,Matthew,,,
Matthew.mp4,Matthew,0,ethan,"['e', 't', 'h', 'a', 'n']"
Megan.mp4,Megan,,,
Megan.mp4,Megan,1,megan,"['m', 'e', 'g', 'a', 'n']"
Michael.mp4,Michael,,,
Michael.mp4,Michael,0,,None
Michelle.mp4,Michelle,,,
Michelle.mp4,Michelle,0,,None
Natalie.mp4,Natalie,,,
Natalie.mp4,Natalie,0,,None
Nathan.mp4,Nathan,,,
Nathan.mp4,Nathan,0,jake,"['j', 'a', 'k', 'e']"
Nicole.mp4,Nicole,,,
Nicole.mp4,Nicole,0,,None
Noah.mp4,Noah,,,
Noah.mp4,Noah,0,,None
Olivia.mp4,Olivia,,,
Olivia.mp4,Olivia,0,sarah,"['s', 'a', 'r', 'a', 'h']"
Rachel.mp4,Rachel,,,
Rachel.mp4,Rachel,0,,"['y', 'backspace']"
Rebecca.mp4,Rebecca,,,
Rebecca.mp4,Rebecca,0,court,"['s', 'h', 'e', 'backspace', 'backspace', 'backspace', 'c', 'o', 'u', 'r', 't']"
Sarah.mp4,Sarah,,,
Sarah.mp4,Sarah,0,,None
Shelby.mp4,Shelby,,,
Shelby.mp4,Shelby,0,,None
Steven.mp4,Steven,,,
Steven.mp4,Steven,0,,"['1', '2', '3', 'backspace', 'backspace', 'backspace']"
Taylor.mp4,Taylor,,,
Taylor.mp4,Taylor,0,,None
Thomas.mp4,Thomas,,,
Thomas.mp4,Thomas,0,jake,"['j', 'a', 'k', 'e']"
Timothy.mp4,Timothy,,,
Timothy.mp4,Timothy,1,timothy,"['t', 'i', 'm', 'o', 't', 'h', 'y']"
Trevor.mp4,Trevor,,,
Trevor.mp4,Trevor,0,,"['2', 'backspace']"
Tyler.mp4,Tyler,,,
Tyler.mp4,Tyler,0,,None