Video,Name,recallRating_AA,inputText,key_resp_3.keys
Aaron.mp4,Aaron,,,
Aaron.mp4,Aaron,1,aaron,"['a', 'a', 'r', 'o', 'n']"
Adam.mp4,Adam,,,
Adam.mp4,Adam,0,alex,"['a', 'l', 'e', 'x', 'return']"
Alyssa.mp4,Alyssa,,,
Alyssa.mp4,Alyssa,1,alyssa,"['a', 'l', 'y', 's', 's', 'a']"
Amanda.mp4,Amanda,,,
Amanda.mp4,Amanda,0,,None
Andrew.mp4,Andrew,,,
Andrew.mp4,Andrew,0,caleb,"['c', 'a', 'l', 'e', 'b']"
Anna.mp4,Anna,,,
Anna.mp4,Anna,0,,None
Ashley.mp4,Ashley,,,
Ashley.mp4,Ashley,1,ashley,"['a', 's', 'h', 'e', 'backspace', 'l', 'e', 'y']"
Bradley.mp4,Bradley,,,
Bradley.mp4,Bradley,0,,None
Brandon.mp4,Brandon,,,
Brandon.mp4,Brandon,0,,None
Brian.mp4,Brian,,,
Brian.mp4,Brian,0,justin,"['j', 'u', 's', 't', 'i', 'n']"
Brianna.mp4,Brianna,,,
Brianna.mp4,Brianna,0,claudia,"['c', 'l', 'a', 'u', 'd', 'i', 'a']"
Brittany.mp4,Brittany,,,
Brittany.mp4,Brittany,0,,None
Caleb.mp4,Caleb,,,
Caleb.mp4,Caleb,1,caleb,"['c', 'a', 'l', 'e', 'b']"
Cody.mp4,Cody,,,
Cody.mp4,Cody,0,tyler,"['t', 'backspace', 'y', 'backspace', 't', 'y', 'l', 'e', 'r']"
Courtney.mp4,Courtney,,,
Courtney.mp4,Courtney,0,shelby,"['s', 'h', 'e', 'l', 'b', 'y', 'y', 'backspace']"
Daniel.mp4,Daniel,,,
Daniel.mp4,Daniel,0,,None
Danielle.mp4,Danielle,,,
Danielle.mp4,Danielle,0,,None
David.mp4,David,,,
David.mp4,David,0,,None
Dylan.mp4,Dylan,,,
Dylan.mp4,Dylan,0,,None
Emily.mp4,Emily,,,
Emily.mp4,Emily,0,,None
Eric.mp4,Eric,,,
Eric.mp4,Eric,0,,None
Ethan.mp4,Ethan,,,
Ethan.mp4,Ethan,0,,None
Grace.mp4,Grace,,,
Grace.mp4,Grace,1,grace,"['g', 'r', 'a', 'c', 'e']"
Haley.mp4,Haley,,,
Haley.mp4,Haley,0,rachael,"['r', 'a', 'c', 'h', 'a', 'e', 'l']"
Hannah.mp4,Hannah,,,
Hannah.mp4,Hannah,1,hannah,"['h', 'a', 'n', 'n', 'a', 'h']"
Heather.mp4,Heather,,,
Heather.mp4,Heather,0,,None
Jacob.mp4,Jacob,,,
Jacob.mp4,Jacob,0,,None
Jason.mp4,Jason,,,
Jason.mp4,Jason,0,,None
Jenna.mp4,Jenna,,,
Jenna.mp4,Jenna,0,,"['g', 'e', 'o', 'r', 'backspace', 'backspace', 'backspace', 'backspace', 'backspace']"
Jeremy.mp4,Jeremy,,,
Jeremy.mp4,Jeremy,0,adam,"['a', 'd', 'a', 'm']"
Jessica.mp4,Jessica,,,
Jessica.mp4,Jessica,0,natalie,"['n', 'a', 't', 'a', 'l', 'i', 'e', 'return']"
Josh.mp4,Josh,,,
Josh.mp4,Josh,0,,None
Julia.mp4,Julia,,,
Julia.mp4,Julia,0,,None
Justin.mp4,Justin,,,
Justin.mp4,Justin,0,,None
Katie.mp4,Katie,,,
Katie.mp4,Katie,1,katie,"['k', 'a', 't', 'i', 'e']"
Kayla.mp4,Kayla,,,
Kayla.mp4,Kayla,0,,None
Kelsey.mp4,Kelsey,,,
Kelsey.mp4,Kelsey,0,,None
Kevin.mp4,Kevin,,,
Kevin.mp4,Kevin,0,,None
Kyle.mp4,Kyle,,,
Kyle.mp4,Kyle,0,,None
Lauren.mp4,Lauren,,,
Lauren.mp4,Lauren,0,oliv,"['o', 'l', 'i', 'v']"
Mark.mp4,Mark,,,
Mark.mp4,Mark,0,adam,"['a', 'd', 'a', 'm']"
Matthew.mp4,Matthew,,,
Matthew.mp4,Matthew,0,thomas,"['t', 'h', 'o', 'm', 'a', 's']"
Megan.mp4,Megan,,,
Megan.mp4,Megan,0,sarah,"['s', 'a', 'r', 'a', 'h']"
Michael.mp4,Michael,,,
Michael.mp4,Michael,1,michael,"['m', 'i', 'c', 'h', 'a', 'e', 'l']"
Michelle.mp4,Michelle,,,
Michelle.mp4,Michelle,0,anna,"['a', 'n', 'n', 'a']"
Natalie.mp4,Natalie,,,
Natalie.mp4,Natalie,0,,None
Nathan.mp4,Nathan,,,
Nathan.mp4,Nathan,0,ryan,"['r', 'y', 'a', 'm', 'backspace', 'n']"
Nicole.mp4,Nicole,,,
Nicole.mp4,Nicole,0,rachael,"['r', 'a', 'c', 'h', 'a', 'e', 'l']"
Noah.mp4,Noah,,,
Noah.mp4,Noah,0,,None
Olivia.mp4,Olivia,,,
Olivia.mp4,Olivia,0,hannah,"['h', 'a', 'n', 'n', 'a', 'h']"
Rachel.mp4,Rachel,,,
Rachel.mp4,Rachel,0,,None
Rebecca.mp4,Rebecca,,,
Rebecca.mp4,Rebecca,0,,None
Sarah.mp4,Sarah,,,
Sarah.mp4,Sarah,0,rebecca,"['r', 'e', 'b', 'e', 'c', 'c', 'a']"
Shelby.mp4,Shelby,,,
Shelby.mp4,Shelby,0,olivia,"['o', 'l', 'i', 'v', 'i', 'a']"
Steven.mp4,Steven,,,
Steven.mp4,Steven,0,,None
Taylor.mp4,Taylor,,,
Taylor.mp4,Taylor,0,,None
Thomas.mp4,Thomas,,,
Thomas.mp4,Thomas,1,thomas,"['t', 'h', 'o', 'm', 'a', 's', 'return']"
Timothy.mp4,Timothy,,,
Timothy.mp4,Timothy,0,,None
Trevor.mp4,Trevor,,,
Trevor.mp4,Trevor,0,michael,"['m', 'i', 'c', 'h', 'a', 'e', 'l']"
Tyler.mp4,Tyler,,,
Tyler.mp4,Tyler,0,thomas,"['t', 'h', 'o', 'm', 'a', 's']"