Video,Name,recallRating_AA,inputText,key_resp_3.keys
Aaron.mp4,Aaron,,,
Aaron.mp4,Aaron,0,,None
Adam.mp4,Adam,,,
Adam.mp4,Adam,0,,"['1', 'backspace', 'return']"
Alyssa.mp4,Alyssa,,,
Alyssa.mp4,Alyssa,0,,None
Amanda.mp4,Amanda,,,
Amanda.mp4,Amanda,0,,None
Andrew.mp4,Andrew,,,
Andrew.mp4,Andrew,0,,None
Anna.mp4,Anna,,,
Anna.mp4,Anna,0,,None
Ashley.mp4,Ashley,,,
Ashley.mp4,Ashley,0,,None
Bradley.mp4,Bradley,,,
Bradley.mp4,Bradley,0,,None
Brandon.mp4,Brandon,,,
Brandon.mp4,Brandon,0,,None
Brian.mp4,Brian,,,
Brian.mp4,Brian,0,,None
Brianna.mp4,Brianna,,,
Brianna.mp4,Brianna,0,,None
Brittany.mp4,Brittany,,,
Brittany.mp4,Brittany,0,recheal,"['r', 'e', 'c', 'h', 'e', 'a', 'l']"
Caleb.mp4,Caleb,,,
Caleb.mp4,Caleb,0,mich,"['comma', 'm', 'i', 'c', 'h']"
Cody.mp4,Cody,,,
Cody.mp4,Cody,0,,None
Courtney.mp4,Courtney,,,
Courtney.mp4,Courtney,0,,None
Daniel.mp4,Daniel,,,
Daniel.mp4,Daniel,0,,None
Danielle.mp4,Danielle,,,
Danielle.mp4,Danielle,0,,None
David.mp4,David,,,
David.mp4,David,1,david,"['capslock', 'd', 'a', 'v', 'i', 'd']"
Dylan.mp4,Dylan,,,
Dylan.mp4,Dylan,0,,None
Emily.mp4,Emily,,,
Emily.mp4,Emily,0,,"['n', 'backspace']"
Eric.mp4,Eric,,,
Eric.mp4,Eric,0,,None
Ethan.mp4,Ethan,,,
Ethan.mp4,Ethan,0,,None
Grace.mp4,Grace,,,
Grace.mp4,Grace,1,grace,"['g', 'r', 'a', 'c', 'e']"
Haley.mp4,Haley,,,
Haley.mp4,Haley,0,,None
Hannah.mp4,Hannah,,,
Hannah.mp4,Hannah,0,,None
Heather.mp4,Heather,,,
Heather.mp4,Heather,0,,None
Jacob.mp4,Jacob,,,
Jacob.mp4,Jacob,0,,None
Jason.mp4,Jason,,,
Jason.mp4,Jason,0,,None
Jenna.mp4,Jenna,,,
Jenna.mp4,Jenna,0,,None
Jeremy.mp4,Jeremy,,,
Jeremy.mp4,Jeremy,0,,None
Jessica.mp4,Jessica,,,
Jessica.mp4,Jessica,0,,None
Josh.mp4,Josh,,,
Josh.mp4,Josh,0,steven,"['s', 't', 'e', 'v', 'e', 'n']"
Julia.mp4,Julia,,,
Julia.mp4,Julia,0,k,"['k', 'a']"
Justin.mp4,Justin,,,
Justin.mp4,Justin,0,,None
Katie.mp4,Katie,,,
Katie.mp4,Katie,0,kile,"['k', 'i', 'l', 'e']"
Kayla.mp4,Kayla,,,
Kayla.mp4,Kayla,0,shabey,"['s', 'h', 'a', 'b', 'e', 'y']"
Kelsey.mp4,Kelsey,,,
Kelsey.mp4,Kelsey,0,,"['space', 'return']"
Kevin.mp4,Kevin,,,
Kevin.mp4,Kevin,0,,None
Kyle.mp4,Kyle,,,
Kyle.mp4,Kyle,0,,None
Lauren.mp4,Lauren,,,
Lauren.mp4,Lauren,1,laura,"['l', 'a', 'u', 'r', 'a']"
Mark.mp4,Mark,,,
Mark.mp4,Mark,1,mark,"['m', 'a', 'r', 'k']"
Matthew.mp4,Matthew,,,
Matthew.mp4,Matthew,0,,None
Megan.mp4,Megan,,,
Megan.mp4,Megan,0,rache,"['r', 'a', 'c', 'h', 'e']"
Michael.mp4,Michael,,,
Michael.mp4,Michael,0,,None
Michelle.mp4,Michelle,,,
Michelle.mp4,Michelle,0,,None
Natalie.mp4,Natalie,,,
Natalie.mp4,Natalie,0,,None
Nathan.mp4,Nathan,,,
Nathan.mp4,Nathan,0,nanson,"['n', 'a', 'n', 's', 'a', 'n', 'backspace', 'backspace', 'o', 'm', 'backspace', 'n']"
Nicole.mp4,Nicole,,,
Nicole.mp4,Nicole,0,noel,"['n', 'o', 'e', 'l']"
Noah.mp4,Noah,,,
Noah.mp4,Noah,0,,None
Olivia.mp4,Olivia,,,
Olivia.mp4,Olivia,1,olivia,"['o', 'l', 'i', 'v', 'a', 'backspace', 'i', 'a']"
Rachel.mp4,Rachel,,,
Rachel.mp4,Rachel,0,raley,"['r', 'a', 'l', 'e', 'y']"
Rebecca.mp4,Rebecca,,,
Rebecca.mp4,Rebecca,0,,None
Sarah.mp4,Sarah,,,
Sarah.mp4,Sarah,1,sarah,"['s', 'a', 'r', 'a', 'h']"
Shelby.mp4,Shelby,,,
Shelby.mp4,Shelby,1,shalbey,"['s', 'h', 'a', 'l', 'b', 'y', 'backspace', 'e', 'y']"
Steven.mp4,Steven,,,
Steven.mp4,Steven,1,steven,"['s', 't', 'e', 'v', 'e', 'n']"
Taylor.mp4,Taylor,,,
Taylor.mp4,Taylor,0,lisa,"['l', 'i', 's', 'a']"
Thomas.mp4,Thomas,,,
Thomas.mp4,Thomas,0,,None
Timothy.mp4,Timothy,,,
Timothy.mp4,Timothy,0,,None
Trevor.mp4,Trevor,,,
Trevor.mp4,Trevor,0,,None
Tyler.mp4,Tyler,,,
Tyler.mp4,Tyler,0,,None