Video,Name,recallRating_AA,inputText,key_resp_3.keys
Aaron.mp4,Aaron,,,
Aaron.mp4,Aaron,0,,None
Adam.mp4,Adam,,,
Adam.mp4,Adam,0,,None
Alyssa.mp4,Alyssa,,,
Alyssa.mp4,Alyssa,0,rachel,"['r', 'a', 'c', 'h', 'e', 'l']"
Amanda.mp4,Amanda,,,
Amanda.mp4,Amanda,0,,None
Andrew.mp4,Andrew,,,
Andrew.mp4,Andrew,0,david,"['d', 'a', 'v', 'i', 'd']"
Anna.mp4,Anna,,,
Anna.mp4,Anna,0,silvia,"['s', 'i', 'l', 'v', 'i', 'a']"
Ashley.mp4,Ashley,,,
Ashley.mp4,Ashley,0,,None
Bradley.mp4,Bradley,,,
Bradley.mp4,Bradley,0,,None
Brandon.mp4,Brandon,,,
Brandon.mp4,Brandon,0,josh,"['j', 'o', 's', 'h']"
Brian.mp4,Brian,,,
Brian.mp4,Brian,0,nathan,"['n', 'a', 't', 'h', 'a', 'n']"
Brianna.mp4,Brianna,,,
Brianna.mp4,Brianna,1,briana,"['b', 'r', 'i', 'a', 'n', 'a']"
Brittany.mp4,Brittany,,,
Brittany.mp4,Brittany,0,ashley,"['a', 's', 'h', 'l', 'e', 'y']"
Caleb.mp4,Caleb,,,
Caleb.mp4,Caleb,0,brandon,"['b', 'r', 'a', 'n', 'd', 'o', 'n']"
Cody.mp4,Cody,,,
Cody.mp4,Cody,0,,None
Courtney.mp4,Courtney,,,
Courtney.mp4,Courtney,0,shelby,"['s', 'h', 'e', 'l', 'b', 'y']"
Daniel.mp4,Daniel,,,
Daniel.mp4,Daniel,0,nathan,"['n', 'a', 't', 'h', 'n', 'backspace', 'a', 'n']"
Danielle.mp4,Danielle,,,
Danielle.mp4,Danielle,0,,None
David.mp4,David,,,
David.mp4,David,0,nate,"['n', 'a', 't', 'e']"
Dylan.mp4,Dylan,,,
Dylan.mp4,Dylan,0,,None
Emily.mp4,Emily,,,
Emily.mp4,Emily,0,,None
Eric.mp4,Eric,,,
Eric.mp4,Eric,0,james,"['j', 'a', 'm', 'e', 's']"
Ethan.mp4,Ethan,,,
Ethan.mp4,Ethan,0,,None
Grace.mp4,Grace,,,
Grace.mp4,Grace,0,,None
Haley.mp4,Haley,,,
Haley.mp4,Haley,0,,None
Hannah.mp4,Hannah,,,
Hannah.mp4,Hannah,0,amanda,"['a', 'm', 'a', 'n', 'd', 'a']"
Heather.mp4,Heather,,,
Heather.mp4,Heather,0,,None
Jacob.mp4,Jacob,,,
Jacob.mp4,Jacob,0,,None
Jason.mp4,Jason,,,
Jason.mp4,Jason,0,,None
Jenna.mp4,Jenna,,,
Jenna.mp4,Jenna,0,natalie,"['n', 'a', 't', 'a', 'l', 'i', 'e']"
Jeremy.mp4,Jeremy,,,
Jeremy.mp4,Jeremy,0,,None
Jessica.mp4,Jessica,,,
Jessica.mp4,Jessica,0,,None
Josh.mp4,Josh,,,
Josh.mp4,Josh,1,josh,"['j', 'o', 's', 'h']"
Julia.mp4,Julia,,,
Julia.mp4,Julia,0,,None
Justin.mp4,Justin,,,
Justin.mp4,Justin,0,david,"['d', 'a', 'v', 'i', 'd']"
Katie.mp4,Katie,,,
Katie.mp4,Katie,0,,None
Kayla.mp4,Kayla,,,
Kayla.mp4,Kayla,0,hailey,"['h', 'a', 'i', 'l', 'e', 'e', 'y', 'backspace', 'backspace', 'y']"
Kelsey.mp4,Kelsey,,,
Kelsey.mp4,Kelsey,0,,None
Kevin.mp4,Kevin,,,
Kevin.mp4,Kevin,0,,None
Kyle.mp4,Kyle,,,
Kyle.mp4,Kyle,0,,None
Lauren.mp4,Lauren,,,
Lauren.mp4,Lauren,0,,None
Mark.mp4,Mark,,,
Mark.mp4,Mark,0,,None
Matthew.mp4,Matthew,,,
Matthew.mp4,Matthew,0,josh,"['j', 'o', 's', 'h']"
Megan.mp4,Megan,,,
Megan.mp4,Megan,0,hailey,"['h', 'a', 'i', 'l', 'e', 'y']"
Michael.mp4,Michael,,,
Michael.mp4,Michael,0,,None
Michelle.mp4,Michelle,,,
Michelle.mp4,Michelle,0,laura,"['l', 'a', 'u', 'r', 'a']"
Natalie.mp4,Natalie,,,
Natalie.mp4,Natalie,0,,None
Nathan.mp4,Nathan,,,
Nathan.mp4,Nathan,0,thomas,"['t', 'h', 'o', 'm', 'a', 's']"
Nicole.mp4,Nicole,,,
Nicole.mp4,Nicole,1,nicole,"['n', 'i', 'c', 'o', 'l', 'e']"
Noah.mp4,Noah,,,
Noah.mp4,Noah,0,,None
Olivia.mp4,Olivia,,,
Olivia.mp4,Olivia,1,olivia,"['o', 'l', 'i', 'v', 'i', 'a']"
Rachel.mp4,Rachel,,,
Rachel.mp4,Rachel,0,aman,"['a', 'm', 'a', 'n']"
Rebecca.mp4,Rebecca,,,
Rebecca.mp4,Rebecca,0,olivia,"['o', 'l', 'i', 'v', 'i', 'a']"
Sarah.mp4,Sarah,,,
Sarah.mp4,Sarah,0,silvia,"['s', 'i', 'l', 'v', 'i', 'a']"
Shelby.mp4,Shelby,,,
Shelby.mp4,Shelby,0,,None
Steven.mp4,Steven,,,
Steven.mp4,Steven,0,,None
Taylor.mp4,Taylor,,,
Taylor.mp4,Taylor,0,ana,"['a', 'n', 'a']"
Thomas.mp4,Thomas,,,
Thomas.mp4,Thomas,0,,None
Timothy.mp4,Timothy,,,
Timothy.mp4,Timothy,0,,None
Trevor.mp4,Trevor,,,
Trevor.mp4,Trevor,1,trevor,"['t', 'r', 'e', 'v', 'o', 'r']"
Tyler.mp4,Tyler,,,
Tyler.mp4,Tyler,0,,None