Video,Name,recallRating_AA,inputText,key_resp_3.keys
Aaron.mp4,Aaron,,,
Aaron.mp4,Aaron,0,,None
Adam.mp4,Adam,,,
Adam.mp4,Adam,0,,None
Alyssa.mp4,Alyssa,,,
Alyssa.mp4,Alyssa,1,Lisa,"['lshift', 'l', 'i', 's', 'a']"
Amanda.mp4,Amanda,,,
Amanda.mp4,Amanda,0,,None
Andrew.mp4,Andrew,,,
Andrew.mp4,Andrew,0,Brian,"['lshift', 'b', 'r', 'i', 'a', 'n']"
Anna.mp4,Anna,,,
Anna.mp4,Anna,1,Anna,"['lshift', 'a', 'n', 'n', 'a']"
Ashley.mp4,Ashley,,,
Ashley.mp4,Ashley,1,Ashley,"['lshift', 'a', 's', 'h', 'l', 'e', 'y']"
Bradley.mp4,Bradley,,,
Bradley.mp4,Bradley,,,None
Brandon.mp4,Brandon,,,
Brandon.mp4,Brandon,1,Br,"['lshift', 'b', 'r']"
Brian.mp4,Brian,,,
Brian.mp4,Brian,0,,None
Brianna.mp4,Brianna,,,
Brianna.mp4,Brianna,0,Lisa,"['lshift', 'l', 'i', 's', 'a']"
Brittany.mp4,Brittany,,,
Brittany.mp4,Brittany,1,Betty,"['lshift', 'b', 'e', 't', 't', 'y']"
Caleb.mp4,Caleb,,,
Caleb.mp4,Caleb,0,Brian,"['lshift', 'b', 'r', 'i', 'a', 'n', 'space']"
Cody.mp4,Cody,,,
Cody.mp4,Cody,0,David,"['lshift', 'd', 'a', 'v', 'i', 'd']"
Courtney.mp4,Courtney,,,
Courtney.mp4,Courtney,0,Nicole,"['lshift', 'n', 'i', 'c', 'o', 'l', 'e']"
Daniel.mp4,Daniel,,,
Daniel.mp4,Daniel,0,N,"['lshift', 'n']"
Danielle.mp4,Danielle,,,
Danielle.mp4,Danielle,0,,None
David.mp4,David,,,
David.mp4,David,1,David,"['lshift', 'd', 'a', 'v', 'i', 'd']"
Dylan.mp4,Dylan,,,
Dylan.mp4,Dylan,0,,None
Emily.mp4,Emily,,,
Emily.mp4,Emily,0,Grace,"['lshift', 'g', 'r', 'a', 'c', 'e']"
Eric.mp4,Eric,,,
Eric.mp4,Eric,0,,None
Ethan.mp4,Ethan,,,
Ethan.mp4,Ethan,0,,None
Grace.mp4,Grace,,,
Grace.mp4,Grace,0,Lisa,"['lshift', 'l', 'i', 's', 'a', 'lshift', 'question']"
Haley.mp4,Haley,,,
Haley.mp4,Haley,0,S,"['lshift', 's']"
Hannah.mp4,Hannah,,,
Hannah.mp4,Hannah,0,Jessica,"['lshift', 'j', 'e', 's', 's', 'i', 'c', 'a']"
Heather.mp4,Heather,,,
Heather.mp4,Heather,0,Ashley,"['lshift', 'a', 's', 'h', 'l', 'e', 'y']"
Jacob.mp4,Jacob,,,
Jacob.mp4,Jacob,1,Jacob,"['lshift', 'j', 'a', 'c', 'o', 'b']"
Jason.mp4,Jason,,,
Jason.mp4,Jason,0,,None
Jenna.mp4,Jenna,,,
Jenna.mp4,Jenna,0,,None
Jeremy.mp4,Jeremy,,,
Jeremy.mp4,Jeremy,0,K,"['lshift', 'd', 'a', 'backspace', 'backspace', 'lshift', 'k']"
Jessica.mp4,Jessica,,,
Jessica.mp4,Jessica,1,Jessica,"['lshift', 'j', 'e', 's', 's', 'i', 'c', 'a']"
Josh.mp4,Josh,,,
Josh.mp4,Josh,0,Jeremy,"['lshift', 'j', 'e', 'r', 'e', 'y', 'backspace', 'm', 'y']"
Julia.mp4,Julia,,,
Julia.mp4,Julia,0,,None
Justin.mp4,Justin,,,
Justin.mp4,Justin,0,,None
Katie.mp4,Katie,,,
Katie.mp4,Katie,0,Sar,"['lshift', 's', 'a', 'e', 'backspace', 'r']"
Kayla.mp4,Kayla,,,
Kayla.mp4,Kayla,0,,None
Kelsey.mp4,Kelsey,,,
Kelsey.mp4,Kelsey,0,Jessica,"['lshift', 'j', 'e', 's', 's', 'i', 'c', 'a']"
Kevin.mp4,Kevin,,,
Kevin.mp4,Kevin,1,Kevin,"['lshift', 'k', 'e', 'v', 'i', 'n']"
Kyle.mp4,Kyle,,,
Kyle.mp4,Kyle,0,,None
Lauren.mp4,Lauren,,,
Lauren.mp4,Lauren,0,Sa,"['lshift', 's', 'a']"
Mark.mp4,Mark,,,
Mark.mp4,Mark,0,Nathan,"['lshift', 'n', 'a', 't', 'h', 'a', 'n']"
Matthew.mp4,Matthew,,,
Matthew.mp4,Matthew,0,J,"['lshift', 'j']"
Megan.mp4,Megan,,,
Megan.mp4,Megan,0,B,"['lshift', 'b']"
Michael.mp4,Michael,,,
Michael.mp4,Michael,0,,None
Michelle.mp4,Michelle,,,
Michelle.mp4,Michelle,1,Michelle,"['lshift', 'm', 'i', 'c', 'h', 'e', 'l', 'l', 'e']"
Natalie.mp4,Natalie,,,
Natalie.mp4,Natalie,0,Jessica,"['lshift', 'j', 'e', 's', 's', 'i', 'c', 'a']"
Nathan.mp4,Nathan,,,
Nathan.mp4,Nathan,0,,"['lshift', 'j', 'backspace']"
Nicole.mp4,Nicole,,,
Nicole.mp4,Nicole,0,,None
Noah.mp4,Noah,,,
Noah.mp4,Noah,0,,None
Olivia.mp4,Olivia,,,
Olivia.mp4,Olivia,0,Nicole,"['lshift', 'n', 'i', 'c', 'o', 'l', 'e']"
Rachel.mp4,Rachel,,,
Rachel.mp4,Rachel,0,Betty,"['lshift', 'b', 'e', 't', 't', 'y']"
Rebecca.mp4,Rebecca,,,
Rebecca.mp4,Rebecca,1,Reb,"['lshift', 's', 'a', 'r', 'a', 'h', 'backspace', 'backspace', 'backspace', 'backspace', 'backspace', 'backspace', 'lshift', 'r', 'e', 'b']"
Sarah.mp4,Sarah,,,
Sarah.mp4,Sarah,0,Tin,"['lshift', 't', 'i', 'n']"
Shelby.mp4,Shelby,,,
Shelby.mp4,Shelby,0,Sarah,"['lshift', 's', 'a', 'r', 'a', 'h']"
Steven.mp4,Steven,,,
Steven.mp4,Steven,0,Tylan,"['lshift', 't', 'y', 'l', 'a', 'n']"
Taylor.mp4,Taylor,,,
Taylor.mp4,Taylor,0,,None
Thomas.mp4,Thomas,,,
Thomas.mp4,Thomas,0,Jacob,"['lshift', 'j', 'a', 'c', 'o', 'b']"
Timothy.mp4,Timothy,,,
Timothy.mp4,Timothy,0,Alex,"['lshift', 'a', 'l', 'x', 'backspace', 'e', 'x']"
Trevor.mp4,Trevor,,,
Trevor.mp4,Trevor,0,T,"['lshift', 'd', 'backspace', 'lshift', 't']"
Tyler.mp4,Tyler,,,
Tyler.mp4,Tyler,0,,None