Video,Name,recallRating_AA,inputText,key_resp_3.keys
Aaron.mp4,Aaron,,,
Aaron.mp4,Aaron,0,mathew,"['m', 'a', 't', 'h', 'e', 'w']"
Adam.mp4,Adam,,,
Adam.mp4,Adam,0,kyle,"['k', 'y', 'l', 'backspace', 'backspace', 'backspace', 'k', 'y', 'l', 'e']"
Alyssa.mp4,Alyssa,,,
Alyssa.mp4,Alyssa,0,stephanie,"['s', 't', 'e', 'p', 'h', 'a', 'n', 'i', 'e']"
Amanda.mp4,Amanda,,,
Amanda.mp4,Amanda,0,,None
Andrew.mp4,Andrew,,,
Andrew.mp4,Andrew,0,cody,"['c', 'o', 'd', 'y']"
Anna.mp4,Anna,,,
Anna.mp4,Anna,1,ann,"['a', 'n', 'n']"
Ashley.mp4,Ashley,,,
Ashley.mp4,Ashley,0,amanda,"['a', 'm', 'n', 'backspace', 'a', 'n', 'd', 'a']"
Bradley.mp4,Bradley,,,
Bradley.mp4,Bradley,1,bradley,"['b', 'r', 'a', 'd', 'l', 'e', 'y']"
Brandon.mp4,Brandon,,,
Brandon.mp4,Brandon,1,brandon,"['b', 'r', 'a', 'n', 'd', 'o', 'n']"
Brian.mp4,Brian,,,
Brian.mp4,Brian,0,timothy,"['t', 'i', 'm', 'o', 't', 'h', 'y', 'h', 'backspace']"
Brianna.mp4,Brianna,,,
Brianna.mp4,Brianna,0,anna,"['a', 'n', 'n', 'a']"
Brittany.mp4,Brittany,,,
Brittany.mp4,Brittany,1,brittany,"['b', 'r', 'i', 't', 't', 'a', 'n', 'y']"
Caleb.mp4,Caleb,,,
Caleb.mp4,Caleb,0,,None
Cody.mp4,Cody,,,
Cody.mp4,Cody,0,,None
Courtney.mp4,Courtney,,,
Courtney.mp4,Courtney,1,courtney,"['c', 'o', 'u', 'r', 't', 'n', 'e', 'y']"
Daniel.mp4,Daniel,,,
Daniel.mp4,Daniel,0,trevor,"['t', 'r', 'e', 'v', 'o', 'r']"
Danielle.mp4,Danielle,,,
Danielle.mp4,Danielle,0,sara,"['s', 'a', 'r', 'a']"
David.mp4,David,,,
David.mp4,David,0,justin,"['j', 'u', 's', 't', 'i', 'n']"
Dylan.mp4,Dylan,,,
Dylan.mp4,Dylan,0,cayle,"['c', 'a', 'y', 'l', 'e', 'backspace', 'backspace', 'backspace', 'y', 'l', 'e']"
Emily.mp4,Emily,,,
Emily.mp4,Emily,1,emily,"['e', 'comma', 'i', 'l', 'y', 'backspace', 'backspace', 'backspace', 'm', 'i', 'l', 'y']"
Eric.mp4,Eric,,,
Eric.mp4,Eric,0,nathan,"['n', 'a', 't', 'h', 'a', 'n']"
Ethan.mp4,Ethan,,,
Ethan.mp4,Ethan,0,tyler,"['t', 'y', 'l', 'e', 'r']"
Grace.mp4,Grace,,,
Grace.mp4,Grace,0,tiffany,"['t', 'i', 'f', 'f', 'n', 'backspace', 'a', 'n', 'y']"
Haley.mp4,Haley,,,
Haley.mp4,Haley,0,ashley,"['a', 's', 'h', 'l', 'e', 'y']"
Hannah.mp4,Hannah,,,
Hannah.mp4,Hannah,0,jessica,"['j', 'e', 's', 's', 'i', 'c', 'a']"
Heather.mp4,Heather,,,
Heather.mp4,Heather,0,amy,"['a', 'm', 'y']"
Jacob.mp4,Jacob,,,
Jacob.mp4,Jacob,1,jacob,"['j', 'a', 'c', 'o', 'b']"
Jason.mp4,Jason,,,
Jason.mp4,Jason,0,michael,"['m', 'i', 'c', 'h', 'a', 'e', 'l']"
Jenna.mp4,Jenna,,,
Jenna.mp4,Jenna,1,jenna,"['j', 'e', 'n', 'n', 'a']"
Jeremy.mp4,Jeremy,,,
Jeremy.mp4,Jeremy,0,james,"['j', 'a', 'm', 'e', 's']"
Jessica.mp4,Jessica,,,
Jessica.mp4,Jessica,0,natalie,"['n', 'a', 't', 'a', 'l', 'i', 'e']"
Josh.mp4,Josh,,,
Josh.mp4,Josh,1,josh,"['j', 'o', 's', 'h']"
Julia.mp4,Julia,,,
Julia.mp4,Julia,0,emma,"['e', 'm', 'm', 'a']"
Justin.mp4,Justin,,,
Justin.mp4,Justin,0,jeremy,"['j', 'e', 'r', 'e', 'm', 'y']"
Katie.mp4,Katie,,,
Katie.mp4,Katie,1,katie,"['k', 'a', 't', 'i', 'e']"
Kayla.mp4,Kayla,,,
Kayla.mp4,Kayla,0,k,"['k', 'backspace', 'k']"
Kelsey.mp4,Kelsey,,,
Kelsey.mp4,Kelsey,0,lily,"['l', 'i', 'l', 'y']"
Kevin.mp4,Kevin,,,
Kevin.mp4,Kevin,0,,None
Kyle.mp4,Kyle,,,
Kyle.mp4,Kyle,0,,None
Lauren.mp4,Lauren,,,
Lauren.mp4,Lauren,1,laura,"['l', 'a', 'u', 'r', 'a']"
Mark.mp4,Mark,,,
Mark.mp4,Mark,0,justin,"['j', 'u', 's', 't', 'i', 'n']"
Matthew.mp4,Matthew,,,
Matthew.mp4,Matthew,0,,None
Megan.mp4,Megan,,,
Megan.mp4,Megan,0,madeleine,"['m', 'a', 'd', 'e', 'l', 'e', 'e', 'i', 'n', 'backspace', 'backspace', 'backspace', 'i', 'n', 'e']"
Michael.mp4,Michael,,,
Michael.mp4,Michael,0,justin,"['j', 'u', 's', 't', 'i', 'n']"
Michelle.mp4,Michelle,,,
Michelle.mp4,Michelle,1,michelle,"['m', 'i', 'c', 'h', 'e', 'l', 'l', 'e']"
Natalie.mp4,Natalie,,,
Natalie.mp4,Natalie,0,natasha,"['n', 'a', 'a', 'backspace', 't', 'h', 'backspace', 'a', 's', 'h', 'a']"
Nathan.mp4,Nathan,,,
Nathan.mp4,Nathan,0,tr,"['l', 'u', 'backspace', 'backspace', 't', 'r']"
Nicole.mp4,Nicole,,,
Nicole.mp4,Nicole,0,shelby,"['s', 'h', 'e', 'l', 'b', 'y']"
Noah.mp4,Noah,,,
Noah.mp4,Noah,1,noah,"['n', 'o', 'a', 'h']"
Olivia.mp4,Olivia,,,
Olivia.mp4,Olivia,0,,None
Rachel.mp4,Rachel,,,
Rachel.mp4,Rachel,0,megan,"['m', 'e', 'g', 'a', 'n']"
Rebecca.mp4,Rebecca,,,
Rebecca.mp4,Rebecca,1,rebecca,"['r', 'e', 'b', 'e', 'c', 'c', 'a']"
Sarah.mp4,Sarah,,,
Sarah.mp4,Sarah,0,ashley,"['a', 's', 'h', 'l', 'e', 'y']"
Shelby.mp4,Shelby,,,
Shelby.mp4,Shelby,0,melissa,"['m', 'e', 'l', 'i', 's', 's', 'a']"
Steven.mp4,Steven,,,
Steven.mp4,Steven,1,steven,"['s', 't', 'e', 'v', 'e', 'n']"
Taylor.mp4,Taylor,,,
Taylor.mp4,Taylor,1,taylor,"['t', 'a', 'y', 'l', 'o', 'r']"
Thomas.mp4,Thomas,,,
Thomas.mp4,Thomas,0,,None
Timothy.mp4,Timothy,,,
Timothy.mp4,Timothy,0,,None
Trevor.mp4,Trevor,,,
Trevor.mp4,Trevor,0,,"['c', 'o', 'backspace', 'backspace']"
Tyler.mp4,Tyler,,,
Tyler.mp4,Tyler,0,fred,"['f', 'r', 'e', 'd']"